2018.01.15 01:00:00.012,0.76588,0.76606,1.50,1.00
2018.01.15 01:00:01.356,0.76588,0.76606,1.00,1.00
2018.01.15 01:00:01.962,0.76589,0.76607,1.12,1.00
2018.01.15 01:00:02.559,0.76588,0.76608,1.50,1.12
2018.01.15 01:00:02.661,0.76589,0.76606,1.00,1.12
2018.01.15 01:00:02.824,0.76586,0.76606,1.50,1.87
2018.01.15 01:00:02.875,0.76586,0.76606,1.00,2.25
2018.01.15 01:00:03.613,0.76587,0.76605,1.00,1.50
2018.01.15 01:00:04.709,0.76587,0.76605,1.12,1.00
2018.01.15 01:00:05.740,0.76585,0.76604,1.75,1.00
2018.01.15 01:00:05.791,0.76585,0.76603,1.00,1.12
2018.01.15 01:00:06.377,0.76587,0.76605,1.00,1.00
2018.01.15 01:00:06.631,0.76588,0.76608,1.50,1.12
2018.01.15 01:00:06.783,0.76591,0.76611,1.12,3.75
2018.01.15 01:00:07.324,0.76592,0.7661,1.00,1.87
2018.01.15 01:00:07.753,0.7659,0.76608,1.50,1.00
2018.01.15 01:00:08.349,0.76591,0.76609,1.00,1.87
2018.01.15 01:00:08.713,0.76589,0.76607,1.50,1.00
2018.01.15 01:00:10.520,0.76592,0.7661,1.00,1.50
2018.01.15 01:00:10.622,0.76592,0.7661,1.00,1.00
2018.01.15 01:00:10.824,0.76594,0.76611,1.00,1.00
2018.01.15 01:00:11.646,0.76594,0.76612,1.50,1.50
2018.01.15 01:00:12.204,0.76594,0.76611,1.50,1.00
2018.01.15 01:00:12.945,0.76594,0.76612,1.50,1.50
2018.01.15 01:00:13.207,0.7659,0.76608,1.87,1.00
2018.01.15 01:00:13.360,0.76592,0.7661,1.00,1.50
2018.01.15 01:00:13.957,0.76592,0.7661,1.00,1.00
2018.01.15 01:00:14.810,0.76593,0.76612,1.00,1.00
2018.01.15 01:00:15.464,0.76594,0.76612,1.12,1.00
2018.01.15 01:00:20.350,0.76592,0.7661,1.00,1.00
2018.01.15 01:00:21.685,0.76592,0.7661,1.00,1.37
2018.01.15 01:00:21.736,0.7659,0.76609,1.87,1.12
2018.01.15 01:00:24.561,0.76592,0.7661,1.12,1.00
2018.01.15 01:00:30.082,0.7659,0.76609,1.00,1.00
2018.01.15 01:00:32.632,0.76589,0.76607,1.00,1.12
2018.01.15 01:00:32.836,0.7659,0.76609,1.00,1.00
2018.01.15 01:00:38.430,0.7659,0.7661,1.00,1.12
2018.01.15 01:00:38.991,0.7659,0.76609,1.00,1.00
2018.01.15 01:00:42.183,0.76589,0.7661,1.12,1.12
2018.01.15 01:00:42.694,0.7659,0.76609,1.00,1.00
2018.01.15 01:00:43.913,0.7659,0.76609,2.25,1.00
2018.01.15 01:00:44.503,0.76592,0.7661,1.12,1.00
2018.01.15 01:00:47.527,0.76591,0.76611,1.50,1.87
2018.01.15 01:00:50.170,0.76591,0.7661,1.50,1.00
2018.01.15 01:00:50.715,0.76596,0.76614,1.00,2.25
2018.01.15 01:00:50.817,0.76596,0.76614,1.00,1.00
2018.01.15 01:00:50.969,0.76594,0.76612,1.50,1.00
2018.01.15 01:00:51.071,0.76596,0.76614,1.12,1.00
2018.01.15 01:00:51.596,0.76596,0.76614,1.50,1.00
2018.01.15 01:00:52.920,0.76597,0.76616,1.12,1.12
2018.01.15 01:00:53.841,0.76598,0.76616,1.00,1.87
2018.01.15 01:00:54.356,0.76597,0.76615,1.12,1.50
2018.01.15 01:00:56.186,0.76595,0.76613,1.12,1.00
2018.01.15 01:00:57.939,0.76592,0.76612,1.75,1.00
2018.01.15 01:00:57.990,0.76593,0.76611,1.12,1.00
2018.01.15 01:00:58.309,0.76591,0.76609,1.75,1.00
2018.01.15 01:00:58.360,0.76591,0.76609,1.12,1.00
2018.01.15 01:00:58.513,0.76593,0.7661,1.00,1.12
2018.01.15 01:00:58.665,0.76589,0.76609,1.87,1.12
2018.01.15 01:00:58.969,0.76591,0.76611,1.37,1.12
2018.01.15 01:00:59.488,0.76592,0.7661,1.12,1.00
2018.01.15 01:00:59.795,0.7659,0.76608,1.87,1.00
2018.01.15 01:01:00.120,0.76594,0.76612,1.00,3.00
2018.01.15 01:01:00.531,0.76591,0.7661,1.50,1.50
2018.01.15 01:01:01.086,0.76591,0.76609,1.00,1.00
2018.01.15 01:01:02.399,0.76591,0.76609,1.00,1.50
2018.01.15 01:01:03.482,0.76593,0.7661,1.12,1.00
2018.01.15 01:01:03.584,0.76593,0.76612,1.12,1.87
2018.01.15 01:01:05.338,0.76595,0.76613,1.00,1.50
2018.01.15 01:01:05.887,0.76595,0.76613,1.12,1.00
2018.01.15 01:01:06.353,0.76598,0.76617,1.12,1.12
2018.01.15 01:01:06.597,0.76597,0.76616,1.00,1.50
2018.01.15 01:01:07.126,0.76596,0.76616,1.12,1.50
2018.01.15 01:01:07.655,0.76595,0.76614,2.25,1.00
2018.01.15 01:01:08.177,0.76595,0.76614,1.50,1.50
2018.01.15 01:01:08.722,0.76594,0.76614,1.00,1.00
2018.01.15 01:01:09.299,0.76595,0.76614,1.00,1.00
2018.01.15 01:01:09.815,0.76594,0.76614,1.00,1.00
2018.01.15 01:01:10.195,0.76594,0.76612,1.00,1.00
2018.01.15 01:01:11.875,0.76594,0.76612,1.37,1.00
2018.01.15 01:01:11.926,0.76596,0.76614,1.12,1.00
2018.01.15 01:01:12.804,0.76595,0.76615,1.50,1.87
2018.01.15 01:01:12.975,0.76598,0.76616,1.00,2.25
2018.01.15 01:01:13.235,0.766,0.76618,1.00,1.00
2018.01.15 01:01:13.336,0.76598,0.76616,1.50,1.00
2018.01.15 01:01:13.539,0.76593,0.76613,2.25,1.00
2018.01.15 01:01:14.081,0.76595,0.76613,1.00,1.00
2018.01.15 01:01:14.132,0.76597,0.76614,1.00,1.00
2018.01.15 01:01:14.642,0.76597,0.76615,1.00,1.50
2018.01.15 01:01:15.153,0.76596,0.76616,1.87,1.12
2018.01.15 01:01:15.663,0.76597,0.76615,1.00,1.50
2018.01.15 01:01:18.920,0.76596,0.76615,1.87,1.50
2018.01.15 01:01:20.555,0.76597,0.76615,1.00,1.00
2018.01.15 01:01:21.043,0.76599,0.76617,1.00,1.12
2018.01.15 01:01:21.431,0.76598,0.76614,1.00,1.00
2018.01.15 01:01:22.034,0.76598,0.76615,1.00,1.00
2018.01.15 01:01:22.180,0.76599,0.76617,1.00,1.00
2018.01.15 01:01:25.135,0.76598,0.76617,1.50,1.00
2018.01.15 01:01:25.741,0.76599,0.76617,1.00,1.00
2018.01.15 01:01:27.581,0.76598,0.76618,1.00,1.50
2018.01.15 01:01:29.202,0.76599,0.76617,1.00,1.00
2018.01.15 01:01:30.082,0.76597,0.76615,1.50,1.12
2018.01.15 01:01:34.410,0.76596,0.76614,1.12,1.00
2018.01.15 01:01:34.714,0.76595,0.76612,1.37,1.00
2018.01.15 01:01:34.816,0.76596,0.76614,1.87,1.00
2018.01.15 01:01:36.971,0.76599,0.76617,1.00,2.25
2018.01.15 01:01:37.022,0.76599,0.76617,1.00,1.50
2018.01.15 01:01:37.284,0.76598,0.76614,1.00,1.00
2018.01.15 01:01:37.700,0.76598,0.76617,1.12,1.12
2018.01.15 01:01:37.802,0.766,0.76618,1.12,1.00
2018.01.15 01:01:38.195,0.76598,0.76616,1.50,1.00
2018.01.15 01:01:39.086,0.76599,0.76616,1.50,1.00
2018.01.15 01:01:39.303,0.766,0.76618,1.87,1.00
2018.01.15 01:01:39.809,0.76601,0.76618,1.00,1.00
2018.01.15 01:01:40.362,0.766,0.76618,1.50,1.00
2018.01.15 01:01:40.594,0.76602,0.76618,1.00,1.00
2018.01.15 01:01:40.645,0.76602,0.7662,1.50,1.12
2018.01.15 01:01:41.834,0.76602,0.76619,1.00,1.00
2018.01.15 01:01:44.538,0.76604,0.76619,1.00,1.00
2018.01.15 01:01:44.690,0.76605,0.76623,1.50,1.50
2018.01.15 01:01:44.943,0.76607,0.76625,1.00,1.50
2018.01.15 01:01:45.428,0.76605,0.76623,1.12,1.00
2018.01.15 01:01:45.529,0.76607,0.76625,1.00,1.50
2018.01.15 01:01:45.732,0.76608,0.76627,1.00,1.37
2018.01.15 01:01:46.277,0.76608,0.76627,1.50,1.00
2018.01.15 01:01:47.424,0.76608,0.76628,1.50,1.12
2018.01.15 01:01:48.253,0.76608,0.76628,1.00,1.75
2018.01.15 01:01:48.917,0.76607,0.76625,1.12,1.00
2018.01.15 01:01:51.246,0.76605,0.76624,1.00,1.00
2018.01.15 01:01:51.348,0.76605,0.76622,1.00,1.12
2018.01.15 01:01:51.449,0.76602,0.76621,1.50,1.50
2018.01.15 01:01:53.573,0.766,0.76619,1.50,1.00
2018.01.15 01:01:54.218,0.76599,0.7662,1.75,1.50
2018.01.15 01:01:59.062,0.76602,0.76621,1.12,2.62
2018.01.15 01:01:59.366,0.76605,0.76623,1.12,1.00
2018.01.15 01:02:00.467,0.76607,0.76625,1.12,1.50
2018.01.15 01:02:01.650,0.76607,0.76624,1.12,1.00
2018.01.15 01:02:01.701,0.76604,0.76623,1.12,1.12
2018.01.15 01:02:01.752,0.76602,0.76621,1.12,1.12
2018.01.15 01:02:03.730,0.76604,0.76622,1.00,1.50
2018.01.15 01:02:04.258,0.76604,0.76622,1.00,1.00
2018.01.15 01:02:05.636,0.76605,0.76622,1.00,1.00
2018.01.15 01:02:07.710,0.76604,0.76622,1.00,1.00
2018.01.15 01:02:09.415,0.76605,0.76622,1.00,1.00
2018.01.15 01:02:09.718,0.76607,0.76625,1.00,2.25
2018.01.15 01:02:09.769,0.76605,0.76624,1.50,1.50
2018.01.15 01:02:10.083,0.7661,0.76628,1.00,2.25
2018.01.15 01:02:10.134,0.76608,0.76626,1.00,1.12
2018.01.15 01:02:10.408,0.76605,0.76624,1.75,1.00
2018.01.15 01:02:11.924,0.76605,0.76625,1.75,1.00
2018.01.15 01:02:19.167,0.76605,0.76624,1.12,1.12
2018.01.15 01:02:19.485,0.76607,0.76627,1.12,1.50
2018.01.15 01:02:19.911,0.7661,0.76626,1.00,1.12
2018.01.15 01:02:19.962,0.76608,0.76626,1.00,1.12
2018.01.15 01:02:21.036,0.76607,0.76627,1.12,1.50
2018.01.15 01:02:21.602,0.76608,0.76626,1.00,1.12
2018.01.15 01:02:26.494,0.76607,0.76627,1.50,1.00
2018.01.15 01:02:27.001,0.76608,0.76626,1.00,1.12
2018.01.15 01:02:28.318,0.76607,0.76627,1.12,1.50
2018.01.15 01:02:28.369,0.7661,0.76628,1.00,1.75
2018.01.15 01:02:28.420,0.7661,0.76629,1.12,1.12
2018.01.15 01:02:28.572,0.76612,0.7663,1.00,1.37
2018.01.15 01:02:30.043,0.7661,0.76628,1.12,1.00
2018.01.15 01:02:31.757,0.76609,0.76629,1.50,1.12
2018.01.15 01:02:31.929,0.76612,0.7663,1.00,2.25
2018.01.15 01:02:32.275,0.76609,0.76628,1.50,1.00
2018.01.15 01:02:32.579,0.76608,0.76629,1.12,1.75
2018.01.15 01:02:33.110,0.76606,0.76623,1.75,1.00
2018.01.15 01:02:33.161,0.76607,0.76625,1.50,1.00
2018.01.15 01:02:33.313,0.76605,0.76623,1.50,1.00
2018.01.15 01:02:33.640,0.76607,0.76625,1.12,1.00
2018.01.15 01:02:35.200,0.76605,0.76623,1.00,1.12
2018.01.15 01:02:36.179,0.76603,0.76621,1.50,1.00
2018.01.15 01:02:36.435,0.76607,0.76625,1.00,1.87
2018.01.15 01:02:37.124,0.76604,0.76622,1.00,1.00
2018.01.15 01:02:37.636,0.76606,0.76623,1.00,1.00
2018.01.15 01:02:38.136,0.76604,0.76622,1.00,1.12
2018.01.15 01:02:38.915,0.76605,0.76622,1.12,1.00
2018.01.15 01:02:38.966,0.76605,0.76625,1.87,2.25
2018.01.15 01:02:39.522,0.76606,0.76624,1.00,1.12
2018.01.15 01:02:39.901,0.76604,0.76622,1.50,1.00
2018.01.15 01:02:42.665,0.76606,0.76624,1.00,1.12
2018.01.15 01:02:43.416,0.76609,0.76625,1.00,1.50
2018.01.15 01:02:43.569,0.76607,0.76625,1.12,1.00
2018.01.15 01:02:43.670,0.76611,0.76629,1.00,1.00
2018.01.15 01:02:43.721,0.76612,0.76631,1.00,1.50
2018.01.15 01:02:44.245,0.76611,0.76631,1.00,1.00
2018.01.15 01:02:44.545,0.76611,0.76629,1.00,1.00
2018.01.15 01:02:45.772,0.76608,0.76627,1.12,1.12
2018.01.15 01:02:45.823,0.76607,0.76625,1.50,1.00
2018.01.15 01:02:45.925,0.76605,0.76624,1.12,1.12
2018.01.15 01:02:47.823,0.76606,0.76624,1.00,1.12
2018.01.15 01:02:48.405,0.76605,0.76621,1.00,1.12
2018.01.15 01:02:48.630,0.76605,0.76623,2.25,1.12
2018.01.15 01:02:48.681,0.76606,0.76626,1.12,1.50
2018.01.15 01:02:49.412,0.76607,0.76625,1.00,1.12
2018.01.15 01:02:50.108,0.76605,0.76623,1.00,1.00
2018.01.15 01:02:50.412,0.76601,0.76619,1.50,1.00
2018.01.15 01:02:50.691,0.76603,0.76621,1.00,1.12
2018.01.15 01:02:51.597,0.76602,0.76622,1.12,1.50
2018.01.15 01:02:52.111,0.76603,0.76621,1.00,1.12
2018.01.15 01:02:57.952,0.76605,0.76621,1.00,1.12
2018.01.15 01:02:58.005,0.76603,0.76621,1.00,1.12
2018.01.15 01:03:00.922,0.76601,0.76619,1.50,1.00
2018.01.15 01:03:01.448,0.76602,0.76621,1.12,1.12
2018.01.15 01:03:04.866,0.76603,0.76621,1.00,1.12
2018.01.15 01:03:06.804,0.76605,0.76622,1.00,1.00
2018.01.15 01:03:07.413,0.76604,0.76622,1.50,1.00
2018.01.15 01:03:16.627,0.76605,0.76622,1.00,1.00
2018.01.15 01:03:17.404,0.76604,0.76622,1.50,1.00
2018.01.15 01:03:18.611,0.76603,0.76621,1.00,1.00
2018.01.15 01:03:19.052,0.76605,0.76622,1.00,1.00
2018.01.15 01:03:19.712,0.76604,0.76622,1.00,1.00
2018.01.15 01:03:21.313,0.76605,0.76622,1.00,1.00
2018.01.15 01:03:22.024,0.76604,0.76622,1.00,1.00
2018.01.15 01:03:23.512,0.76605,0.76622,1.00,1.00
2018.01.15 01:03:25.212,0.76604,0.76622,1.00,1.00
2018.01.15 01:03:27.580,0.76607,0.76622,1.00,1.00
2018.01.15 01:03:27.633,0.76612,0.7663,1.00,2.25
2018.01.15 01:03:28.140,0.76612,0.7663,1.00,1.00
2018.01.15 01:03:28.243,0.76614,0.76632,1.00,1.00
2018.01.15 01:03:29.741,0.76613,0.76633,1.12,1.12
2018.01.15 01:03:30.299,0.76614,0.76632,1.00,1.00
2018.01.15 01:03:31.218,0.76613,0.76633,1.12,1.12
2018.01.15 01:03:35.064,0.76612,0.7663,1.00,1.00
2018.01.15 01:03:36.203,0.76611,0.76631,1.00,1.50
2018.01.15 01:03:36.850,0.76612,0.7663,1.00,1.00
2018.01.15 01:03:37.395,0.76611,0.76631,1.75,1.50
2018.01.15 01:03:40.905,0.76614,0.76631,1.00,1.00
2018.01.15 01:03:41.556,0.76612,0.76631,1.50,1.00
2018.01.15 01:03:42.111,0.76612,0.76631,1.00,1.37
2018.01.15 01:03:42.884,0.76611,0.76629,1.12,1.00
2018.01.15 01:03:44.188,0.76611,0.7663,1.12,1.12
2018.01.15 01:03:48.046,0.76612,0.76631,1.00,1.37
2018.01.15 01:03:51.096,0.7661,0.76628,1.37,1.00
2018.01.15 01:03:51.602,0.7661,0.76628,1.00,1.12
2018.01.15 01:03:52.935,0.7661,0.76628,1.50,1.00
2018.01.15 01:03:53.138,0.76613,0.76631,1.87,1.00
2018.01.15 01:03:53.240,0.76616,0.76634,1.00,2.25
2018.01.15 01:03:53.875,0.76616,0.76634,1.00,1.50
2018.01.15 01:03:54.282,0.76618,0.76636,1.12,1.00
2018.01.15 01:03:54.636,0.76615,0.76632,1.00,1.00
2018.01.15 01:03:54.789,0.76616,0.76634,1.12,1.00
2018.01.15 01:03:58.615,0.76618,0.76638,1.12,2.62
2018.01.15 01:03:58.767,0.7662,0.7664,1.00,1.75
2018.01.15 01:03:59.071,0.76617,0.76635,2.25,1.00
2018.01.15 01:03:59.676,0.76619,0.76635,1.00,1.00
2018.01.15 01:04:00.136,0.76617,0.76635,1.50,1.00
2018.01.15 01:04:03.025,0.7662,0.76638,1.00,1.75
2018.01.15 01:04:03.076,0.7662,0.76638,1.00,1.12
2018.01.15 01:04:04.550,0.76617,0.76637,1.12,1.12
2018.01.15 01:04:05.752,0.76617,0.76637,1.50,1.12
2018.01.15 01:04:06.283,0.76619,0.76639,1.12,2.25
2018.01.15 01:04:11.621,0.7662,0.76638,1.00,1.12
2018.01.15 01:04:15.865,0.7662,0.76638,2.25,1.00
2018.01.15 01:04:17.039,0.76623,0.76641,1.00,1.00
2018.01.15 01:04:17.140,0.76625,0.76643,1.00,1.50
2018.01.15 01:04:18.799,0.76622,0.7664,1.12,1.00
2018.01.15 01:04:24.614,0.76625,0.7664,1.00,1.00
2018.01.15 01:04:24.715,0.76623,0.76643,1.50,1.00
2018.01.15 01:04:24.969,0.76622,0.7664,1.75,1.00
2018.01.15 01:04:25.020,0.76621,0.7664,1.12,1.12
2018.01.15 01:04:26.268,0.76621,0.76639,1.87,1.00
2018.01.15 01:04:26.793,0.76622,0.76639,1.00,1.00
2018.01.15 01:04:26.844,0.76624,0.76643,1.00,2.25
2018.01.15 01:04:26.895,0.76624,0.76642,1.50,1.00
2018.01.15 01:04:26.946,0.76627,0.76643,1.00,1.00
2018.01.15 01:04:27.096,0.76627,0.76645,1.00,1.12
2018.01.15 01:04:29.460,0.76628,0.76647,1.87,1.12
2018.01.15 01:04:29.663,0.76627,0.76645,1.50,1.00
2018.01.15 01:04:30.211,0.76629,0.76647,1.00,1.00
2018.01.15 01:04:30.398,0.7663,0.7665,1.87,1.20
2018.01.15 01:04:30.449,0.76634,0.76652,1.00,1.00
2018.01.15 01:04:31.034,0.76634,0.76653,1.00,1.00
2018.01.15 01:04:31.436,0.76632,0.7665,1.87,1.00
2018.01.15 01:04:31.941,0.76633,0.7665,1.00,1.00
2018.01.15 01:04:32.043,0.76635,0.76653,1.12,1.00
2018.01.15 01:04:32.568,0.76634,0.76654,1.87,1.12
2018.01.15 01:04:33.175,0.76635,0.76653,1.12,1.00
2018.01.15 01:04:33.754,0.76636,0.76656,1.50,1.50
2018.01.15 01:04:33.805,0.76639,0.76657,1.00,1.12
2018.01.15 01:04:34.109,0.76635,0.76652,1.12,1.00
2018.01.15 01:04:34.968,0.76636,0.76654,1.50,1.12
2018.01.15 01:04:35.487,0.76636,0.76653,1.00,1.00
2018.01.15 01:04:36.058,0.76635,0.76653,1.87,1.00
2018.01.15 01:04:36.656,0.76635,0.76654,1.12,1.12
2018.01.15 01:04:37.188,0.76635,0.76653,1.87,1.00
2018.01.15 01:04:37.804,0.76636,0.76653,1.00,1.00
2018.01.15 01:04:38.236,0.76637,0.76655,1.00,1.12
2018.01.15 01:04:40.224,0.76638,0.76655,1.00,1.12
2018.01.15 01:04:40.278,0.76641,0.76659,1.50,1.75
2018.01.15 01:04:40.329,0.76644,0.76662,1.00,1.12
2018.01.15 01:04:40.834,0.76642,0.76661,1.00,1.12
2018.01.15 01:04:41.410,0.76643,0.7666,1.00,1.00
2018.01.15 01:04:41.511,0.76643,0.76663,1.87,1.12
2018.01.15 01:04:41.562,0.76642,0.76661,1.00,1.12
2018.01.15 01:04:42.085,0.76642,0.7666,1.50,1.00
2018.01.15 01:04:42.482,0.76637,0.76654,1.50,1.00
2018.01.15 01:04:42.585,0.76636,0.76654,1.00,1.12
2018.01.15 01:04:42.636,0.76635,0.76651,1.00,1.00
2018.01.15 01:04:42.966,0.76638,0.76654,1.00,1.00
2018.01.15 01:04:44.128,0.76637,0.76654,1.00,1.00
2018.01.15 01:04:44.444,0.76639,0.76656,1.00,1.00
2018.01.15 01:04:44.855,0.76635,0.76653,1.00,1.75
2018.01.15 01:04:47.169,0.76636,0.76654,1.50,1.50
2018.01.15 01:04:47.718,0.76635,0.76652,1.00,1.12
2018.01.15 01:04:49.789,0.76635,0.76653,1.87,1.00
2018.01.15 01:04:51.813,0.76636,0.76653,1.00,1.00
2018.01.15 01:04:52.017,0.76637,0.76655,3.00,1.00
2018.01.15 01:04:52.327,0.76635,0.76652,1.50,1.12
2018.01.15 01:04:52.635,0.76639,0.76656,1.00,1.37
2018.01.15 01:04:52.737,0.76639,0.76658,1.00,1.50
2018.01.15 01:04:53.304,0.7664,0.76657,1.00,1.12
2018.01.15 01:04:53.910,0.7664,0.76658,1.12,1.00
2018.01.15 01:04:54.665,0.76639,0.76657,2.25,1.00
2018.01.15 01:04:54.716,0.76637,0.76655,2.25,1.00
2018.01.15 01:04:54.767,0.76638,0.76658,1.00,2.25
2018.01.15 01:04:54.869,0.76639,0.76657,2.25,1.00
2018.01.15 01:04:55.616,0.76641,0.76657,1.00,1.00
2018.01.15 01:04:56.213,0.76636,0.76654,1.50,1.00
2018.01.15 01:04:58.673,0.76636,0.76654,2.25,1.00
2018.01.15 01:04:58.724,0.76637,0.76657,2.25,1.12
2018.01.15 01:04:59.336,0.76638,0.76656,1.12,1.00
2018.01.15 01:05:00.404,0.7664,0.7666,1.12,1.12
2018.01.15 01:05:00.635,0.76638,0.76657,1.12,1.12
2018.01.15 01:05:04.388,0.7664,0.76656,1.00,1.00
2018.01.15 01:05:04.489,0.76644,0.76662,1.87,1.00
2018.01.15 01:05:04.648,0.76645,0.76665,1.12,1.12
2018.01.15 01:05:04.913,0.76643,0.76663,1.50,1.87
2018.01.15 01:05:05.218,0.76639,0.76659,1.50,1.12
2018.01.15 01:05:06.196,0.7664,0.76658,1.12,1.00
2018.01.15 01:05:07.665,0.76641,0.76658,1.50,1.00
2018.01.15 01:05:07.766,0.76644,0.76662,2.25,1.00
2018.01.15 01:05:08.800,0.76645,0.76664,1.12,1.12
2018.01.15 01:05:09.004,0.76647,0.76665,1.00,2.25
2018.01.15 01:05:09.825,0.76644,0.7666,1.50,1.00
2018.01.15 01:05:09.876,0.76642,0.7666,1.87,1.50
2018.01.15 01:05:09.927,0.76644,0.76656,1.00,1.00
2018.01.15 01:05:10.078,0.76638,0.76656,3.00,1.00
2018.01.15 01:05:10.130,0.76636,0.76655,1.75,1.00
2018.01.15 01:05:10.181,0.76636,0.76655,1.12,1.12
2018.01.15 01:05:10.283,0.76638,0.76656,1.00,1.37
2018.01.15 01:05:10.334,0.76635,0.76655,1.87,1.12
2018.01.15 01:05:10.386,0.76634,0.76652,1.12,1.00
2018.01.15 01:05:10.807,0.76637,0.76656,1.00,1.75
2018.01.15 01:05:10.858,0.76637,0.76656,1.00,1.50
2018.01.15 01:05:11.013,0.76636,0.76653,1.12,1.00
2018.01.15 01:05:11.064,0.76636,0.76655,1.87,1.12
2018.01.15 01:05:11.295,0.76635,0.76652,1.00,1.00
2018.01.15 01:05:11.932,0.76635,0.76653,1.00,1.12
2018.01.15 01:05:12.994,0.76634,0.76653,3.75,1.00
2018.01.15 01:05:13.045,0.76634,0.76653,3.37,1.12
2018.01.15 01:05:13.630,0.76635,0.76653,1.00,1.12
2018.01.15 01:05:13.935,0.76637,0.76655,1.00,1.12
2018.01.15 01:05:14.443,0.76636,0.76656,1.12,1.50
2018.01.15 01:05:15.548,0.76637,0.76655,1.00,1.12
2018.01.15 01:05:16.093,0.76637,0.76655,2.25,1.00
2018.01.15 01:05:16.406,0.7664,0.76655,1.00,1.00
2018.01.15 01:05:16.457,0.76637,0.76655,2.25,1.00
2018.01.15 01:05:16.988,0.7664,0.76658,1.00,1.50
2018.01.15 01:05:17.313,0.76637,0.76657,1.50,1.12
2018.01.15 01:05:17.414,0.7664,0.76658,1.00,1.00
2018.01.15 01:05:17.541,0.76637,0.76656,1.50,1.00
2018.01.15 01:05:19.277,0.76636,0.76655,1.50,1.12
2018.01.15 01:05:19.622,0.76638,0.76657,1.00,1.75
2018.01.15 01:05:19.941,0.7664,0.76657,1.50,1.50
2018.01.15 01:05:20.094,0.76641,0.76659,1.00,1.00
2018.01.15 01:05:20.355,0.76643,0.76661,1.00,1.00
2018.01.15 01:05:20.405,0.76641,0.76661,1.00,1.50
2018.01.15 01:05:20.507,0.76641,0.76657,1.00,1.00
2018.01.15 01:05:20.710,0.76637,0.76656,2.62,1.00
2018.01.15 01:05:20.889,0.7664,0.76658,1.00,1.37
2018.01.15 01:05:20.990,0.76638,0.76656,1.12,1.00
2018.01.15 01:05:21.092,0.76641,0.7666,1.00,1.00
2018.01.15 01:05:21.193,0.7664,0.76658,3.00,1.00
2018.01.15 01:05:21.662,0.76644,0.76662,1.00,1.12
2018.01.15 01:05:22.133,0.76641,0.76661,1.12,1.50
2018.01.15 01:05:22.724,0.76642,0.7666,1.00,1.12
2018.01.15 01:05:22.777,0.76641,0.76659,1.00,1.50
2018.01.15 01:05:23.132,0.76639,0.76657,1.87,1.00
2018.01.15 01:05:23.710,0.7664,0.76658,1.00,1.12
2018.01.15 01:05:24.183,0.7664,0.7666,1.50,1.00
2018.01.15 01:05:24.289,0.76642,0.76661,1.00,1.50
2018.01.15 01:05:24.824,0.76641,0.76661,1.00,1.00
2018.01.15 01:05:25.361,0.76642,0.76661,1.00,1.50
2018.01.15 01:05:26.325,0.76641,0.76659,1.00,1.00
2018.01.15 01:05:26.686,0.76643,0.76661,1.00,1.12
2018.01.15 01:05:27.076,0.76645,0.76664,1.00,1.50
2018.01.15 01:05:28.288,0.76648,0.76666,1.00,2.25
2018.01.15 01:05:28.339,0.76646,0.76664,1.00,1.50
2018.01.15 01:05:28.391,0.76648,0.76666,1.00,1.12
2018.01.15 01:05:28.442,0.76646,0.76664,1.12,1.00
2018.01.15 01:05:28.696,0.76642,0.76662,1.87,1.50
2018.01.15 01:05:28.858,0.76644,0.76664,1.00,2.25
2018.01.15 01:05:29.371,0.76645,0.76664,1.00,3.00
2018.01.15 01:05:30.087,0.76644,0.76664,1.00,3.00
2018.01.15 01:05:30.138,0.76642,0.76662,1.12,1.50
2018.01.15 01:05:30.240,0.76645,0.76663,1.00,1.00
2018.01.15 01:05:30.544,0.76648,0.76666,1.00,1.50
2018.01.15 01:05:31.158,0.76645,0.76661,1.50,1.00
2018.01.15 01:05:31.209,0.76643,0.76661,1.00,1.00
2018.01.15 01:05:31.361,0.7664,0.7666,3.37,1.12
2018.01.15 01:05:31.463,0.76644,0.76663,1.00,1.75
2018.01.15 01:05:31.514,0.76644,0.76663,1.12,1.12
2018.01.15 01:05:34.236,0.76646,0.76664,1.00,1.00
2018.01.15 01:05:34.502,0.76647,0.76667,1.12,1.50
2018.01.15 01:05:34.746,0.76645,0.76662,1.00,1.00
2018.01.15 01:05:34.848,0.76646,0.76664,1.00,1.00
2018.01.15 01:05:35.220,0.76644,0.76663,1.12,1.12
2018.01.15 01:05:35.474,0.76648,0.76667,1.00,2.25
2018.01.15 01:05:35.525,0.76645,0.76665,2.25,1.00
2018.01.15 01:05:35.627,0.76645,0.76661,1.00,1.00
2018.01.15 01:05:36.031,0.76643,0.76661,1.00,1.12
2018.01.15 01:05:36.082,0.76645,0.76661,1.00,1.12
2018.01.15 01:05:38.361,0.76644,0.76661,1.00,1.12
2018.01.15 01:05:38.412,0.76645,0.76664,1.87,1.12
2018.01.15 01:05:38.465,0.76647,0.76665,1.00,1.50
2018.01.15 01:05:38.516,0.76648,0.76668,1.00,2.25
2018.01.15 01:05:38.618,0.7665,0.76668,1.00,1.75
2018.01.15 01:05:38.720,0.76651,0.76669,1.00,1.12
2018.01.15 01:05:38.821,0.76648,0.76668,1.12,1.50
2018.01.15 01:05:39.364,0.76649,0.76667,1.00,1.12
2018.01.15 01:05:39.669,0.76647,0.76665,2.25,1.00
2018.01.15 01:05:39.770,0.76645,0.76663,1.87,1.00
2018.01.15 01:05:40.799,0.76649,0.76665,1.00,1.50
2018.01.15 01:05:40.900,0.76648,0.76669,1.50,1.50
2018.01.15 01:05:41.081,0.76649,0.76668,1.00,2.25
2018.01.15 01:05:41.132,0.76647,0.76666,1.12,1.12
2018.01.15 01:05:41.436,0.7665,0.76666,1.00,1.12
2018.01.15 01:05:41.725,0.7665,0.76668,1.00,1.12
2018.01.15 01:05:42.361,0.76651,0.76669,1.00,1.00
2018.01.15 01:05:42.462,0.76649,0.76667,1.00,1.00
2018.01.15 01:05:43.180,0.7665,0.76667,1.00,1.00
2018.01.15 01:05:43.439,0.7665,0.7667,1.50,1.00
2018.01.15 01:05:44.047,0.7665,0.76669,1.87,1.12
2018.01.15 01:05:44.427,0.76652,0.76671,1.12,1.12
2018.01.15 01:05:44.943,0.76651,0.7667,1.12,1.12
2018.01.15 01:05:45.936,0.76648,0.76669,1.50,1.50
2018.01.15 01:05:46.421,0.76652,0.76671,1.00,1.00
2018.01.15 01:05:46.726,0.76654,0.76672,1.12,1.50
2018.01.15 01:05:46.828,0.7665,0.76669,1.87,1.12
2018.01.15 01:05:46.929,0.76652,0.76671,1.12,1.12
2018.01.15 01:05:47.671,0.76651,0.76669,1.37,1.00
2018.01.15 01:05:48.193,0.7665,0.7667,2.25,1.50
2018.01.15 01:05:48.244,0.76649,0.76668,2.25,1.00
2018.01.15 01:05:48.569,0.76648,0.76666,1.00,1.50
2018.01.15 01:05:49.157,0.76647,0.76664,1.00,1.00
2018.01.15 01:05:52.411,0.76647,0.76665,1.00,1.50
2018.01.15 01:05:52.817,0.7665,0.76667,1.00,1.00
2018.01.15 01:05:52.970,0.76648,0.76667,1.00,1.00
2018.01.15 01:05:53.021,0.7665,0.76667,1.00,1.00
2018.01.15 01:05:53.334,0.76647,0.76668,2.25,1.50
2018.01.15 01:05:53.553,0.76647,0.76665,1.00,1.37
2018.01.15 01:05:53.888,0.7665,0.76668,1.00,2.25
2018.01.15 01:05:54.040,0.76647,0.76668,2.25,1.50
2018.01.15 01:05:55.568,0.76647,0.76665,1.50,1.12
2018.01.15 01:05:56.651,0.7665,0.76665,1.00,1.12
2018.01.15 01:05:56.867,0.7665,0.76667,1.00,1.12
2018.01.15 01:05:57.737,0.76648,0.76668,1.12,1.37
2018.01.15 01:05:58.467,0.76649,0.76667,1.00,1.12
2018.01.15 01:05:58.838,0.76649,0.76664,1.00,1.00
2018.01.15 01:05:59.481,0.76648,0.76664,1.00,1.00
2018.01.15 01:06:00.266,0.76648,0.76665,1.00,1.50
2018.01.15 01:06:00.881,0.76647,0.76665,1.00,1.50
2018.01.15 01:06:01.594,0.76648,0.76665,1.00,1.50
2018.01.15 01:06:02.152,0.76648,0.76664,1.00,1.00
2018.01.15 01:06:03.985,0.76646,0.76664,1.50,1.00
2018.01.15 01:06:04.086,0.7665,0.76664,1.00,1.00
2018.01.15 01:06:04.763,0.76647,0.76664,1.00,1.00
2018.01.15 01:06:05.655,0.7665,0.76666,1.00,1.00
2018.01.15 01:06:06.222,0.76649,0.76666,1.50,1.00
2018.01.15 01:06:07.096,0.76651,0.76668,1.00,1.00
2018.01.15 01:06:07.565,0.76649,0.76667,1.00,1.00
2018.01.15 01:06:08.086,0.7665,0.76667,1.00,1.00
2018.01.15 01:06:08.712,0.76649,0.76667,1.50,1.00
2018.01.15 01:06:09.449,0.7665,0.76667,1.00,1.00
2018.01.15 01:06:10.063,0.7665,0.76668,1.00,1.12
2018.01.15 01:06:10.611,0.76649,0.76668,1.00,1.12
2018.01.15 01:06:11.139,0.76649,0.76667,1.00,1.50
2018.01.15 01:06:11.257,0.76645,0.76665,3.75,1.00
2018.01.15 01:06:11.412,0.76645,0.76663,1.00,1.12
2018.01.15 01:06:11.462,0.76645,0.76661,1.00,1.00
2018.01.15 01:06:11.513,0.76645,0.76663,1.00,1.12
2018.01.15 01:06:11.767,0.76645,0.7666,1.00,1.00
2018.01.15 01:06:11.947,0.76645,0.76662,1.00,1.00
2018.01.15 01:06:12.449,0.76645,0.76663,1.50,1.12
2018.01.15 01:06:12.959,0.76649,0.76665,1.00,1.00
2018.01.15 01:06:13.060,0.7665,0.7667,1.12,1.87
2018.01.15 01:06:13.162,0.7665,0.76667,1.12,1.00
2018.01.15 01:06:13.213,0.76651,0.76669,1.00,1.12
2018.01.15 01:06:13.568,0.76651,0.76669,1.00,3.75
2018.01.15 01:06:13.619,0.76647,0.76665,1.00,1.12
2018.01.15 01:06:14.159,0.76645,0.76663,1.50,1.00
2018.01.15 01:06:14.470,0.76644,0.76661,1.00,1.00
2018.01.15 01:06:14.736,0.76645,0.76663,1.87,1.50
2018.01.15 01:06:14.790,0.76643,0.76661,1.12,1.00
2018.01.15 01:06:15.588,0.76642,0.76662,1.00,2.25
2018.01.15 01:06:17.759,0.76643,0.76661,1.00,1.12
2018.01.15 01:06:20.074,0.76642,0.76662,1.75,1.00
2018.01.15 01:06:20.734,0.76645,0.76661,1.00,1.00
2018.01.15 01:06:21.212,0.76645,0.76663,2.25,1.12
2018.01.15 01:06:22.621,0.76647,0.76665,1.00,2.25
2018.01.15 01:06:22.672,0.76645,0.76663,2.25,1.12
2018.01.15 01:06:23.517,0.76647,0.76665,1.00,1.87
2018.01.15 01:06:24.823,0.76646,0.76666,1.12,1.50
2018.01.15 01:06:25.453,0.76647,0.76665,1.00,1.87
2018.01.15 01:06:27.320,0.76647,0.76664,1.00,1.00
2018.01.15 01:06:27.586,0.76645,0.76663,1.00,1.00
2018.01.15 01:06:28.414,0.76645,0.76663,1.00,1.37
2018.01.15 01:06:28.465,0.76643,0.76661,1.00,1.00
2018.01.15 01:06:28.923,0.76641,0.76659,1.00,1.00
2018.01.15 01:06:29.826,0.76645,0.76659,1.00,1.00
2018.01.15 01:06:31.380,0.76641,0.76659,1.00,1.00
2018.01.15 01:06:36.464,0.76642,0.76662,1.50,1.12
2018.01.15 01:06:36.827,0.76642,0.76662,1.00,2.25
2018.01.15 01:06:38.201,0.76645,0.76661,1.00,1.00
2018.01.15 01:06:38.465,0.76645,0.76665,2.62,2.25
2018.01.15 01:06:38.620,0.76647,0.76665,1.00,1.50
2018.01.15 01:06:39.285,0.76646,0.76665,1.00,1.50
2018.01.15 01:06:39.819,0.76647,0.76665,1.00,1.50
2018.01.15 01:06:40.267,0.76647,0.76666,1.87,1.87
2018.01.15 01:06:42.357,0.76649,0.76666,1.00,1.00
2018.01.15 01:06:42.950,0.76649,0.76667,1.00,1.00
2018.01.15 01:06:43.486,0.7665,0.76668,1.00,1.87
2018.01.15 01:06:44.673,0.76649,0.76668,1.00,1.87
2018.01.15 01:06:45.715,0.7665,0.76668,1.00,1.87
2018.01.15 01:06:46.241,0.7665,0.76667,1.00,1.00
2018.01.15 01:06:48.348,0.76649,0.76667,1.50,1.00
2018.01.15 01:06:48.504,0.7665,0.76669,1.87,1.12
2018.01.15 01:06:48.555,0.76652,0.7667,1.00,1.00
2018.01.15 01:06:49.065,0.7665,0.76668,1.00,1.12
2018.01.15 01:06:52.170,0.7665,0.76668,1.50,1.00
2018.01.15 01:06:53.404,0.76649,0.76669,2.25,1.00
2018.01.15 01:06:53.922,0.7665,0.76668,2.25,1.00
2018.01.15 01:06:54.301,0.76655,0.7667,1.00,1.12
2018.01.15 01:06:54.484,0.76652,0.7667,1.00,1.12
2018.01.15 01:06:54.586,0.76655,0.7667,1.00,1.87
2018.01.15 01:06:54.687,0.76652,0.7667,1.00,1.87
2018.01.15 01:06:58.508,0.76654,0.7667,1.00,1.12
2018.01.15 01:06:58.610,0.76652,0.7667,1.00,1.12
2018.01.15 01:06:58.762,0.76649,0.76668,2.25,1.00
2018.01.15 01:06:59.268,0.76651,0.76669,1.12,1.00
2018.01.15 01:07:01.186,0.7665,0.76667,1.50,1.00
2018.01.15 01:07:01.338,0.7665,0.76669,1.87,1.12
2018.01.15 01:07:03.082,0.7665,0.7667,1.50,1.75
2018.01.15 01:07:03.133,0.76652,0.76671,1.12,1.87
2018.01.15 01:07:03.184,0.76655,0.76671,1.00,1.12
2018.01.15 01:07:03.441,0.76651,0.76671,1.12,1.00
2018.01.15 01:07:03.976,0.76652,0.76671,1.00,1.00
2018.01.15 01:07:04.027,0.76654,0.76672,1.00,1.00
2018.01.15 01:07:04.364,0.76656,0.76674,1.00,1.12
2018.01.15 01:07:05.371,0.76655,0.76675,1.87,1.87
2018.01.15 01:07:05.726,0.76654,0.76672,1.00,1.87
2018.01.15 01:07:05.827,0.76655,0.76674,1.87,1.12
2018.01.15 01:07:06.558,0.76655,0.76672,1.00,1.12
2018.01.15 01:07:10.020,0.76655,0.76673,1.12,1.00
2018.01.15 01:07:10.557,0.76656,0.76674,1.00,1.12
2018.01.15 01:07:11.874,0.76654,0.76672,1.00,1.12
2018.01.15 01:07:13.111,0.76652,0.7667,1.00,1.00
2018.01.15 01:07:15.239,0.76651,0.76671,1.50,1.50
2018.01.15 01:07:15.808,0.76652,0.7667,1.00,1.00
2018.01.15 01:07:16.111,0.7665,0.76668,1.50,1.12
2018.01.15 01:07:18.830,0.76647,0.76665,1.00,1.00
2018.01.15 01:07:18.932,0.76645,0.76664,1.00,1.00
2018.01.15 01:07:19.347,0.76647,0.76665,1.00,1.00
2018.01.15 01:07:19.797,0.7665,0.76666,1.00,1.12
2018.01.15 01:07:20.459,0.7665,0.76667,1.00,1.12
2018.01.15 01:07:21.067,0.76649,0.76667,2.25,1.12
2018.01.15 01:07:21.392,0.76651,0.76669,1.50,1.50
2018.01.15 01:07:22.155,0.7665,0.76668,1.00,1.12
2018.01.15 01:07:23.162,0.76652,0.76671,1.00,1.00
2018.01.15 01:07:23.829,0.76651,0.76669,1.00,1.00
2018.01.15 01:07:29.305,0.7665,0.7667,1.87,1.12
2018.01.15 01:07:29.762,0.76654,0.76672,1.00,1.00
2018.01.15 01:07:30.263,0.76652,0.76669,1.00,1.00
2018.01.15 01:07:30.541,0.76654,0.76672,1.00,1.12
2018.01.15 01:07:30.643,0.76652,0.76671,1.00,1.00
2018.01.15 01:07:31.149,0.76652,0.76672,2.25,1.12
2018.01.15 01:07:31.832,0.7665,0.76668,3.00,1.00
2018.01.15 01:07:31.883,0.7665,0.76668,1.87,1.00
2018.01.15 01:07:32.745,0.76649,0.76665,1.00,1.00
2018.01.15 01:07:32.847,0.76645,0.76663,1.00,1.00
2018.01.15 01:07:33.449,0.76645,0.76662,1.00,1.00
2018.01.15 01:07:34.058,0.76646,0.76662,1.00,1.00
2018.01.15 01:07:34.390,0.76642,0.76659,1.00,1.00
2018.01.15 01:07:34.947,0.76641,0.76659,1.87,1.00
2018.01.15 01:07:35.670,0.76642,0.76659,1.00,1.00
2018.01.15 01:07:37.790,0.76641,0.76659,1.12,1.00
2018.01.15 01:07:37.841,0.7664,0.76655,1.50,1.00
2018.01.15 01:07:37.893,0.7664,0.76657,1.50,1.12
2018.01.15 01:07:38.134,0.76642,0.76657,1.00,1.00
2018.01.15 01:07:38.185,0.76646,0.76662,1.00,1.00
2018.01.15 01:07:38.490,0.76644,0.76662,1.87,1.00
2018.01.15 01:07:38.541,0.76646,0.76664,1.00,1.12
2018.01.15 01:07:39.074,0.76647,0.76666,1.00,1.50
2018.01.15 01:07:41.397,0.76648,0.76666,1.87,1.00
2018.01.15 01:07:43.373,0.7665,0.76668,1.50,1.50
2018.01.15 01:07:43.475,0.76648,0.76666,1.87,1.00
2018.01.15 01:07:43.526,0.76645,0.76665,2.62,1.12
2018.01.15 01:07:43.577,0.76647,0.76666,1.50,1.50
2018.01.15 01:07:43.882,0.76649,0.76667,1.00,1.37
2018.01.15 01:07:44.135,0.76647,0.76666,2.62,1.12
2018.01.15 01:07:46.392,0.76648,0.76666,1.00,1.12
2018.01.15 01:07:46.544,0.76649,0.76668,1.12,1.12
2018.01.15 01:07:46.873,0.76648,0.76666,1.00,1.00
2018.01.15 01:07:47.182,0.7665,0.76669,2.25,1.50
2018.01.15 01:07:47.284,0.76651,0.76671,1.00,1.50
2018.01.15 01:07:47.476,0.76654,0.76671,1.00,1.00
2018.01.15 01:07:47.578,0.76649,0.76669,3.00,1.00
2018.01.15 01:07:47.732,0.76653,0.7667,1.00,1.00
2018.01.15 01:07:47.884,0.76651,0.7667,1.12,1.50
2018.01.15 01:07:48.193,0.76647,0.76665,1.00,1.12
2018.01.15 01:07:48.537,0.7665,0.76668,1.00,1.75
2018.01.15 01:07:48.588,0.7665,0.76668,1.00,1.12
2018.01.15 01:07:48.740,0.76647,0.76665,2.25,1.00
2018.01.15 01:07:48.791,0.76647,0.76666,1.00,1.50
2018.01.15 01:07:49.211,0.7665,0.76668,1.50,1.12
2018.01.15 01:07:50.296,0.76648,0.76666,2.62,1.00
2018.01.15 01:07:50.838,0.76648,0.76666,1.50,1.12
2018.01.15 01:07:51.142,0.76651,0.76669,1.00,1.12
2018.01.15 01:07:51.487,0.76649,0.76667,1.00,1.12
2018.01.15 01:07:51.539,0.7665,0.7667,2.62,1.50
2018.01.15 01:07:51.643,0.76652,0.7667,1.00,1.50
2018.01.15 01:07:51.901,0.7665,0.7667,1.87,1.12
2018.01.15 01:07:51.952,0.7665,0.76668,1.00,1.12
2018.01.15 01:07:52.003,0.76648,0.76668,1.87,1.12
2018.01.15 01:07:52.522,0.76649,0.76667,1.00,1.00
2018.01.15 01:07:52.573,0.76647,0.76665,1.12,1.50
2018.01.15 01:07:52.899,0.76647,0.76667,1.87,1.12
2018.01.15 01:07:52.960,0.7665,0.76668,1.00,1.00
2018.01.15 01:07:53.283,0.76645,0.76665,3.00,1.00
2018.01.15 01:07:53.622,0.76642,0.7666,1.50,1.00
2018.01.15 01:07:53.928,0.76643,0.7666,2.25,1.00
2018.01.15 01:07:53.979,0.76643,0.7666,1.00,1.00
2018.01.15 01:07:54.425,0.76645,0.7666,1.00,1.00
2018.01.15 01:07:54.845,0.76646,0.76664,2.25,1.12
2018.01.15 01:07:54.946,0.76645,0.76662,1.00,1.12
2018.01.15 01:07:56.519,0.76647,0.76665,1.00,1.12
2018.01.15 01:07:57.048,0.76645,0.76663,1.00,1.12
2018.01.15 01:07:57.149,0.76642,0.76662,1.50,1.50
2018.01.15 01:07:57.251,0.76645,0.76662,1.00,1.50
2018.01.15 01:07:57.352,0.76646,0.76664,1.12,1.00
2018.01.15 01:07:57.454,0.76648,0.76666,1.00,1.50
2018.01.15 01:07:57.657,0.76645,0.76663,1.00,1.00
2018.01.15 01:07:57.858,0.76648,0.76668,1.12,1.50
2018.01.15 01:07:57.909,0.76646,0.76664,1.75,1.00
2018.01.15 01:07:57.960,0.76646,0.76664,1.00,1.12
2018.01.15 01:08:00.161,0.76648,0.76666,1.00,1.12
2018.01.15 01:08:00.824,0.76647,0.76667,1.12,1.50
2018.01.15 01:08:01.274,0.76649,0.76669,1.12,1.50
2018.01.15 01:08:01.804,0.7665,0.76668,1.00,1.12
2018.01.15 01:08:03.755,0.76648,0.76666,1.50,1.00
2018.01.15 01:08:03.856,0.76645,0.76666,2.25,1.50
2018.01.15 01:08:03.958,0.76643,0.76661,1.12,1.00
2018.01.15 01:08:04.366,0.7665,0.76665,1.00,1.00
2018.01.15 01:08:04.417,0.76652,0.76668,1.00,1.00
2018.01.15 01:08:04.469,0.76652,0.76672,1.87,1.12
2018.01.15 01:08:04.571,0.76657,0.76675,1.00,3.00
2018.01.15 01:08:04.623,0.76655,0.76673,1.00,1.50
2018.01.15 01:08:04.674,0.76657,0.76675,1.12,1.00
2018.01.15 01:08:05.022,0.76654,0.76673,2.25,1.00
2018.01.15 01:08:05.073,0.76653,0.76671,1.12,1.00
2018.01.15 01:08:05.277,0.76655,0.76675,2.25,1.00
2018.01.15 01:08:05.379,0.76653,0.76671,1.12,1.00
2018.01.15 01:08:06.468,0.76652,0.76672,1.50,1.12
2018.01.15 01:08:06.905,0.76653,0.7667,1.12,1.00
2018.01.15 01:08:06.956,0.76651,0.76669,1.00,1.00
2018.01.15 01:08:07.762,0.7665,0.76667,1.50,1.00
2018.01.15 01:08:07.864,0.76652,0.7667,1.00,1.50
2018.01.15 01:08:07.914,0.76654,0.76672,1.00,1.00
2018.01.15 01:08:08.495,0.76655,0.76673,1.50,1.12
2018.01.15 01:08:08.872,0.76657,0.76675,1.00,1.50
2018.01.15 01:08:08.974,0.76656,0.76676,1.50,1.00
2018.01.15 01:08:09.489,0.76657,0.76675,1.12,1.00
2018.01.15 01:08:09.540,0.76659,0.76677,1.00,1.12
2018.01.15 01:08:12.181,0.76661,0.76679,1.00,2.25
2018.01.15 01:08:12.282,0.76661,0.76679,1.12,1.00
2018.01.15 01:08:12.579,0.7666,0.76677,1.50,1.00
2018.01.15 01:08:13.180,0.7666,0.76678,1.50,1.12
2018.01.15 01:08:13.787,0.7666,0.76677,1.50,1.00
2018.01.15 01:08:14.449,0.7666,0.76677,1.00,1.50
2018.01.15 01:08:17.683,0.7666,0.76674,1.00,1.12
2018.01.15 01:08:19.504,0.76659,0.76674,1.00,1.12
2018.01.15 01:08:19.607,0.7666,0.76676,1.00,1.12
2018.01.15 01:08:20.158,0.76661,0.76676,1.00,1.12
2018.01.15 01:08:20.762,0.7666,0.76676,1.50,1.12
2018.01.15 01:08:20.937,0.7666,0.76674,1.00,1.12
2018.01.15 01:08:23.631,0.76657,0.76674,1.00,1.12
2018.01.15 01:08:23.733,0.7666,0.76674,1.00,1.12
2018.01.15 01:08:24.538,0.76659,0.76674,1.00,1.12
2018.01.15 01:08:25.490,0.7666,0.76674,1.00,1.12
2018.01.15 01:08:27.267,0.76657,0.76674,1.12,1.12
2018.01.15 01:08:27.318,0.76659,0.76675,1.00,1.50
2018.01.15 01:08:27.580,0.7666,0.76677,1.00,1.00
2018.01.15 01:08:27.786,0.7666,0.76675,1.00,1.00
2018.01.15 01:08:27.954,0.76657,0.76675,1.87,1.00
2018.01.15 01:08:28.391,0.76657,0.76673,1.00,1.00
2018.01.15 01:08:28.594,0.76655,0.76672,1.50,1.12
2018.01.15 01:08:28.914,0.76657,0.76675,1.00,1.12
2018.01.15 01:08:29.016,0.76655,0.76674,1.50,1.37
2018.01.15 01:08:29.357,0.76659,0.76676,1.00,1.50
2018.01.15 01:08:29.846,0.76657,0.76673,1.00,1.00
2018.01.15 01:08:31.248,0.7666,0.76673,1.00,1.00
2018.01.15 01:08:31.451,0.7666,0.76675,1.00,1.00
2018.01.15 01:08:31.502,0.76658,0.76676,1.50,1.00
2018.01.15 01:08:31.554,0.7666,0.76675,1.00,1.00
2018.01.15 01:08:31.874,0.76658,0.76673,1.00,1.00
2018.01.15 01:08:32.485,0.76659,0.76674,1.00,1.00
2018.01.15 01:08:32.637,0.7666,0.76677,1.50,1.12
2018.01.15 01:08:33.521,0.7666,0.76676,1.12,1.00
2018.01.15 01:08:33.772,0.7666,0.76673,1.00,1.00
2018.01.15 01:08:34.847,0.76658,0.76676,1.00,1.12
2018.01.15 01:08:36.068,0.76658,0.76675,1.00,1.00
2018.01.15 01:08:38.893,0.7666,0.76675,1.00,1.00
2018.01.15 01:08:40.793,0.7666,0.76676,1.00,1.12
2018.01.15 01:08:41.398,0.7666,0.76675,1.00,1.00
2018.01.15 01:08:41.733,0.7666,0.76671,1.00,1.00
2018.01.15 01:08:42.757,0.7666,0.76672,1.00,1.12
2018.01.15 01:08:43.112,0.76656,0.76672,2.25,1.12
2018.01.15 01:08:43.365,0.76659,0.76673,1.00,1.12
2018.01.15 01:08:43.416,0.76659,0.76675,1.00,1.00
2018.01.15 01:08:43.552,0.76657,0.76675,3.37,1.00
2018.01.15 01:08:43.603,0.76659,0.76676,1.00,1.12
2018.01.15 01:08:44.338,0.76658,0.76676,1.00,1.12
2018.01.15 01:08:44.948,0.76658,0.76673,1.50,1.12
2018.01.15 01:08:46.450,0.76658,0.76674,1.50,1.00
2018.01.15 01:08:47.789,0.76657,0.76674,1.50,1.12
2018.01.15 01:08:48.094,0.76655,0.7667,1.00,1.00
2018.01.15 01:08:48.770,0.76655,0.76671,1.00,1.12
2018.01.15 01:08:49.380,0.76655,0.7667,1.50,1.00
2018.01.15 01:08:50.684,0.76655,0.76671,1.50,1.12
2018.01.15 01:08:50.836,0.76655,0.76673,1.50,1.00
2018.01.15 01:08:51.047,0.76655,0.76671,1.50,1.00
2018.01.15 01:08:51.360,0.7666,0.76671,1.00,1.00
2018.01.15 01:08:51.581,0.7666,0.76673,1.00,1.00
2018.01.15 01:08:52.142,0.76656,0.76673,1.00,1.50
2018.01.15 01:08:52.193,0.76655,0.7667,1.00,1.00
2018.01.15 01:08:52.703,0.76654,0.7667,1.00,1.00
2018.01.15 01:08:53.248,0.76655,0.76671,1.00,1.12
2018.01.15 01:08:54.011,0.76654,0.76671,1.00,1.12
2018.01.15 01:08:54.690,0.76655,0.7667,1.00,1.00
2018.01.15 01:08:57.417,0.76654,0.7667,1.00,1.00
2018.01.15 01:09:00.329,0.76655,0.7667,1.00,1.00
2018.01.15 01:09:00.836,0.76654,0.7667,1.00,1.00
2018.01.15 01:09:01.467,0.76655,0.7667,1.00,1.00
2018.01.15 01:09:02.126,0.76655,0.76671,1.00,1.00
2018.01.15 01:09:02.921,0.76655,0.7667,1.50,1.00
2018.01.15 01:09:04.261,0.76657,0.76672,1.00,1.00
2018.01.15 01:09:04.566,0.7666,0.76672,1.00,1.00
2018.01.15 01:09:04.617,0.76655,0.76673,1.50,1.50
2018.01.15 01:09:05.702,0.76657,0.76674,1.00,1.00
2018.01.15 01:09:06.021,0.7666,0.76673,1.00,1.12
2018.01.15 01:09:07.393,0.76656,0.76671,1.00,1.00
2018.01.15 01:09:07.500,0.76654,0.7667,1.50,1.00
2018.01.15 01:09:07.652,0.76655,0.76669,1.00,1.50
2018.01.15 01:09:07.754,0.76652,0.76667,1.00,1.00
2018.01.15 01:09:08.006,0.76654,0.76669,1.00,1.12
2018.01.15 01:09:08.802,0.76653,0.76669,1.00,1.12
2018.01.15 01:09:09.466,0.76654,0.76669,1.00,1.12
2018.01.15 01:09:11.286,0.76654,0.76671,1.00,1.12
2018.01.15 01:09:11.967,0.76652,0.7667,2.62,1.00
2018.01.15 01:09:12.154,0.76652,0.7667,1.00,1.75
2018.01.15 01:09:12.205,0.7665,0.76667,1.87,1.00
2018.01.15 01:09:12.789,0.7665,0.76668,1.87,1.12
2018.01.15 01:09:13.504,0.76651,0.76667,1.12,1.00
2018.01.15 01:09:13.656,0.76651,0.76665,1.00,1.00
2018.01.15 01:09:14.001,0.76655,0.76667,1.00,1.00
2018.01.15 01:09:14.359,0.76655,0.76669,1.00,1.12
2018.01.15 01:09:14.613,0.76655,0.76667,1.00,1.00
2018.01.15 01:09:14.891,0.76651,0.76667,1.00,1.00
2018.01.15 01:09:14.942,0.76655,0.76667,1.00,1.00
2018.01.15 01:09:15.057,0.76651,0.76667,1.00,1.00
2018.01.15 01:09:15.108,0.76651,0.76665,1.00,1.00
2018.01.15 01:09:15.714,0.7665,0.76665,1.50,1.00
2018.01.15 01:09:16.249,0.76652,0.76666,1.00,1.12
2018.01.15 01:09:16.300,0.7665,0.76669,1.00,1.75
2018.01.15 01:09:16.352,0.7665,0.76668,1.50,1.12
2018.01.15 01:09:16.403,0.7665,0.76664,1.00,1.00
2018.01.15 01:09:16.454,0.76647,0.76663,1.00,1.00
2018.01.15 01:09:16.505,0.76644,0.76659,1.12,1.00
2018.01.15 01:09:16.695,0.76649,0.76665,1.00,1.00
2018.01.15 01:09:16.796,0.7665,0.76668,1.12,1.00
2018.01.15 01:09:16.847,0.76655,0.76671,1.00,1.75
2018.01.15 01:09:16.949,0.76655,0.76671,1.00,1.00
2018.01.15 01:09:17.101,0.76652,0.7667,1.00,1.00
2018.01.15 01:09:17.253,0.7665,0.76668,2.25,1.00
2018.01.15 01:09:17.457,0.76648,0.76667,1.87,1.12
2018.01.15 01:09:17.660,0.76648,0.76662,1.12,1.00
2018.01.15 01:09:17.823,0.76646,0.76665,1.37,1.00
2018.01.15 01:09:17.874,0.76651,0.76669,1.00,2.25
2018.01.15 01:09:18.178,0.7665,0.76667,1.00,1.00
2018.01.15 01:09:18.229,0.7665,0.7667,2.25,1.50
2018.01.15 01:09:18.280,0.76653,0.76671,1.00,1.50
2018.01.15 01:09:18.405,0.76651,0.76669,1.12,1.00
2018.01.15 01:09:18.457,0.76648,0.76666,1.50,1.12
2018.01.15 01:09:18.610,0.76649,0.76669,1.87,1.12
2018.01.15 01:09:18.762,0.76647,0.76665,1.00,1.00
2018.01.15 01:09:19.172,0.7665,0.76669,1.00,1.00
2018.01.15 01:09:19.274,0.76652,0.7667,1.00,1.00
2018.01.15 01:09:20.125,0.76653,0.76672,1.00,1.00
2018.01.15 01:09:20.227,0.76655,0.76672,1.00,1.00
2018.01.15 01:09:20.278,0.76653,0.76672,1.00,1.00
2018.01.15 01:09:20.430,0.76655,0.76672,1.00,1.00
2018.01.15 01:09:20.531,0.76653,0.76672,1.00,1.00
2018.01.15 01:09:20.633,0.76655,0.76672,1.00,1.00
2018.01.15 01:09:20.950,0.76652,0.7667,1.50,1.00
2018.01.15 01:09:22.384,0.76652,0.7667,1.00,1.37
2018.01.15 01:09:22.435,0.7665,0.76669,2.62,1.12
2018.01.15 01:09:24.329,0.7665,0.76668,3.00,1.00
2018.01.15 01:09:24.380,0.76654,0.76668,1.00,1.00
2018.01.15 01:09:24.431,0.7665,0.76668,2.62,1.00
2018.01.15 01:09:24.482,0.76655,0.76668,1.00,1.00
2018.01.15 01:09:24.579,0.7665,0.76668,2.62,1.00
2018.01.15 01:09:24.884,0.76654,0.7667,1.00,1.50
2018.01.15 01:09:24.935,0.76651,0.7667,1.00,1.50
2018.01.15 01:09:24.986,0.76655,0.7667,1.00,1.00
2018.01.15 01:09:25.193,0.76654,0.76672,1.50,1.00
2018.01.15 01:09:25.739,0.76655,0.76672,1.00,1.00
2018.01.15 01:09:25.942,0.76654,0.76672,1.00,1.75
2018.01.15 01:09:25.992,0.76652,0.7667,1.00,1.12
2018.01.15 01:09:26.045,0.76655,0.7667,1.00,1.12
2018.01.15 01:09:26.217,0.76654,0.76672,1.50,1.12
2018.01.15 01:09:26.521,0.7666,0.76674,1.00,1.12
2018.01.15 01:09:27.302,0.76656,0.76674,1.50,1.12
2018.01.15 01:09:28.181,0.76655,0.76672,1.00,1.12
2018.01.15 01:09:28.682,0.76656,0.76674,1.00,1.12
2018.01.15 01:09:28.903,0.76655,0.76672,1.00,1.00
2018.01.15 01:09:29.005,0.76655,0.76675,1.87,1.12
2018.01.15 01:09:29.208,0.76655,0.76671,1.00,1.00
2018.01.15 01:09:29.412,0.76656,0.76674,1.00,1.12
2018.01.15 01:09:29.806,0.76658,0.76676,1.00,1.00
2018.01.15 01:09:30.111,0.7666,0.76676,1.00,1.00
2018.01.15 01:09:32.325,0.76659,0.76676,1.50,1.00
2018.01.15 01:09:32.645,0.76662,0.7668,1.12,1.00
2018.01.15 01:09:32.952,0.76658,0.76676,2.25,1.00
2018.01.15 01:09:33.457,0.7666,0.76677,1.00,1.37
2018.01.15 01:09:35.103,0.76659,0.76679,2.25,2.25
2018.01.15 01:09:35.154,0.76659,0.76679,2.25,1.00
2018.01.15 01:09:35.723,0.7666,0.76678,1.00,1.00
2018.01.15 01:09:35.825,0.76665,0.76678,1.00,1.00
2018.01.15 01:09:35.876,0.76662,0.76681,1.12,1.12
2018.01.15 01:09:36.053,0.76665,0.76681,1.00,1.12
2018.01.15 01:09:36.609,0.76662,0.76681,1.12,1.12
2018.01.15 01:09:36.761,0.76665,0.76681,1.00,1.12
2018.01.15 01:09:37.635,0.76662,0.76681,1.87,1.12
2018.01.15 01:09:37.912,0.76662,0.76679,1.00,1.12
2018.01.15 01:09:38.216,0.76657,0.76675,1.12,1.00
2018.01.15 01:09:38.397,0.76656,0.76672,1.50,1.00
2018.01.15 01:09:38.448,0.76654,0.76672,1.00,1.50
2018.01.15 01:09:38.761,0.76654,0.76674,1.87,1.12
2018.01.15 01:09:38.862,0.7666,0.76673,1.00,1.00
2018.01.15 01:09:39.162,0.7666,0.76675,1.00,1.00
2018.01.15 01:09:39.492,0.76659,0.76677,1.50,1.12
2018.01.15 01:09:39.745,0.76661,0.76679,1.50,1.75
2018.01.15 01:09:39.797,0.76661,0.76679,1.50,1.00
2018.01.15 01:09:39.898,0.76663,0.76679,1.00,1.00
2018.01.15 01:09:40.033,0.76664,0.76682,1.00,1.37
2018.01.15 01:09:40.135,0.76662,0.7668,1.12,1.00
2018.01.15 01:09:40.246,0.7666,0.76678,1.87,1.00
2018.01.15 01:09:42.076,0.76659,0.76679,1.50,1.12
2018.01.15 01:09:42.405,0.76658,0.76676,1.12,1.00
2018.01.15 01:09:42.939,0.76657,0.76677,1.12,1.37
2018.01.15 01:09:43.713,0.76658,0.76676,1.00,1.12
2018.01.15 01:09:44.362,0.76659,0.76676,1.00,1.12
2018.01.15 01:09:44.413,0.76656,0.76675,1.87,1.00
2018.01.15 01:09:44.514,0.76656,0.76675,1.00,1.75
2018.01.15 01:09:47.093,0.76655,0.76673,2.25,1.12
2018.01.15 01:09:52.395,0.76657,0.76675,1.00,1.12
2018.01.15 01:09:52.740,0.76658,0.76677,1.00,1.00
2018.01.15 01:09:53.440,0.76657,0.76675,1.50,1.00
2018.01.15 01:09:53.955,0.76657,0.76676,1.00,1.50
2018.01.15 01:09:55.767,0.7666,0.76677,1.00,1.12
2018.01.15 01:09:56.025,0.76661,0.76679,1.00,1.00
2018.01.15 01:09:56.076,0.7666,0.76676,1.00,1.12
2018.01.15 01:09:57.303,0.76662,0.76679,1.00,1.75
2018.01.15 01:09:57.354,0.76662,0.7668,1.00,1.12
2018.01.15 01:09:59.156,0.76661,0.76681,1.12,1.50
2018.01.15 01:09:59.309,0.7666,0.76678,1.87,1.12
2018.01.15 01:10:00.118,0.76662,0.7668,1.00,1.75
2018.01.15 01:10:00.220,0.7666,0.76679,1.00,1.50
2018.01.15 01:10:00.948,0.7666,0.76676,1.00,1.12
2018.01.15 01:10:02.215,0.76658,0.76676,1.00,1.12
2018.01.15 01:10:02.266,0.76655,0.76675,2.62,1.37
2018.01.15 01:10:03.234,0.76655,0.76675,2.25,1.00
2018.01.15 01:10:03.855,0.76656,0.76674,1.50,1.00
2018.01.15 01:10:04.406,0.76655,0.76673,1.00,1.12
2018.01.15 01:10:05.512,0.76654,0.76674,1.12,1.50
2018.01.15 01:10:05.921,0.76656,0.76674,1.00,1.50
2018.01.15 01:10:06.926,0.76656,0.76674,1.00,1.00
2018.01.15 01:10:07.934,0.7666,0.76674,1.00,1.00
2018.01.15 01:10:08.062,0.76656,0.76674,1.00,1.00
2018.01.15 01:10:08.462,0.7666,0.76674,1.00,1.00
2018.01.15 01:10:10.020,0.76659,0.76674,1.00,1.00
2018.01.15 01:10:10.915,0.7666,0.76677,1.00,1.00
2018.01.15 01:10:11.016,0.7666,0.7668,1.12,1.50
2018.01.15 01:10:11.067,0.76663,0.76681,1.00,1.75
2018.01.15 01:10:11.118,0.76663,0.76681,1.12,1.00
2018.01.15 01:10:11.667,0.76663,0.76681,1.00,1.37
2018.01.15 01:10:11.819,0.76661,0.76679,1.12,1.00
2018.01.15 01:10:12.103,0.76659,0.76679,1.12,2.25
2018.01.15 01:10:12.154,0.76658,0.76676,1.00,1.00
2018.01.15 01:10:12.494,0.7666,0.76678,1.00,1.00
2018.01.15 01:10:12.918,0.76663,0.76681,1.00,1.12
2018.01.15 01:10:13.284,0.76661,0.76679,1.00,1.12
2018.01.15 01:10:14.392,0.7666,0.76677,1.00,1.50
2018.01.15 01:10:14.545,0.7666,0.76678,1.50,1.00
2018.01.15 01:10:14.950,0.7666,0.76676,1.00,1.00
2018.01.15 01:10:15.573,0.76658,0.76676,1.00,1.00
2018.01.15 01:10:15.625,0.76656,0.76674,1.00,1.00
2018.01.15 01:10:15.726,0.76657,0.76677,1.12,1.37
2018.01.15 01:10:15.777,0.7666,0.76677,1.00,1.37
2018.01.15 01:10:16.500,0.7666,0.76678,1.00,1.00
2018.01.15 01:10:17.769,0.76659,0.76678,1.00,1.00
2018.01.15 01:10:18.604,0.7666,0.76676,1.00,1.00
2018.01.15 01:10:18.655,0.7666,0.76678,1.50,1.00
2018.01.15 01:10:18.994,0.76657,0.76675,1.12,1.00
2018.01.15 01:10:19.437,0.7666,0.76676,1.00,1.12
2018.01.15 01:10:20.084,0.7666,0.76675,1.00,1.00
2018.01.15 01:10:23.052,0.7666,0.76678,1.00,1.12
2018.01.15 01:10:23.305,0.76661,0.76679,1.37,1.00
2018.01.15 01:10:29.046,0.76664,0.76679,1.00,1.00
2018.01.15 01:10:29.097,0.76663,0.76683,1.00,1.00
2018.01.15 01:10:29.249,0.76665,0.76684,1.12,1.12
2018.01.15 01:10:30.214,0.76663,0.76681,1.00,1.00
2018.01.15 01:10:30.417,0.76659,0.7668,1.12,1.37
2018.01.15 01:10:30.884,0.76662,0.7668,1.00,1.00
2018.01.15 01:10:31.910,0.76659,0.76677,1.50,1.00
2018.01.15 01:10:32.214,0.76663,0.76681,1.12,1.00
2018.01.15 01:10:32.661,0.76658,0.76676,1.12,1.00
2018.01.15 01:10:32.915,0.7666,0.7668,1.00,1.12
2018.01.15 01:10:32.966,0.76659,0.76677,1.12,1.00
2018.01.15 01:10:33.291,0.76662,0.76681,1.87,1.12
2018.01.15 01:10:33.393,0.76661,0.76679,1.00,1.12
2018.01.15 01:10:33.698,0.7666,0.76674,1.00,1.00
2018.01.15 01:10:33.861,0.7666,0.76677,1.00,1.00
2018.01.15 01:10:33.912,0.76657,0.76676,1.50,1.00
2018.01.15 01:10:34.431,0.76657,0.76676,1.00,1.50
2018.01.15 01:10:34.724,0.7666,0.76674,1.00,1.00
2018.01.15 01:10:34.774,0.7666,0.76678,1.87,1.00
2018.01.15 01:10:35.079,0.76661,0.7668,1.12,1.12
2018.01.15 01:10:35.232,0.7666,0.76678,2.25,1.00
2018.01.15 01:10:35.471,0.76658,0.76677,1.87,1.12
2018.01.15 01:10:37.367,0.76655,0.76674,1.50,1.00
2018.01.15 01:10:37.777,0.7666,0.76678,1.00,1.00
2018.01.15 01:10:37.828,0.76658,0.76677,1.00,1.00
2018.01.15 01:10:38.365,0.76657,0.76677,1.12,1.37
2018.01.15 01:10:43.537,0.7666,0.76677,1.00,1.37
2018.01.15 01:10:43.588,0.76655,0.76674,1.00,1.00
2018.01.15 01:10:43.690,0.76657,0.76675,1.00,1.50
2018.01.15 01:10:45.081,0.7666,0.76675,1.00,1.12
2018.01.15 01:10:45.368,0.7666,0.76677,1.00,1.12
2018.01.15 01:10:45.888,0.76659,0.76677,1.50,1.12
2018.01.15 01:10:45.940,0.76661,0.7668,1.12,1.12
2018.01.15 01:10:46.092,0.76663,0.76681,1.00,1.50
2018.01.15 01:10:46.417,0.76665,0.76681,1.00,1.50
2018.01.15 01:10:46.920,0.76665,0.76681,1.00,1.00
2018.01.15 01:10:51.136,0.76665,0.76682,1.00,1.00
2018.01.15 01:10:51.956,0.76665,0.76683,1.87,1.00
2018.01.15 01:10:54.478,0.7667,0.76683,1.00,1.00
2018.01.15 01:10:54.536,0.76665,0.76683,1.87,1.00
2018.01.15 01:10:56.508,0.76666,0.76686,1.00,1.75
2018.01.15 01:10:57.012,0.7667,0.76685,1.00,1.50
2018.01.15 01:10:57.307,0.76667,0.76685,1.00,1.00
2018.01.15 01:10:57.461,0.76665,0.76684,1.50,1.00
2018.01.15 01:10:57.889,0.7667,0.76684,1.00,1.12
2018.01.15 01:10:57.940,0.7667,0.76686,1.00,1.12
2018.01.15 01:10:57.991,0.76668,0.76686,1.00,1.12
2018.01.15 01:10:58.042,0.76665,0.76683,1.12,1.00
2018.01.15 01:10:58.760,0.76664,0.76684,2.25,1.12
2018.01.15 01:10:59.112,0.76664,0.76681,1.00,1.00
2018.01.15 01:10:59.662,0.76664,0.76682,1.00,1.12
2018.01.15 01:11:00.246,0.76664,0.76681,1.00,1.00
2018.01.15 01:11:00.906,0.76665,0.76681,1.00,1.00
2018.01.15 01:11:01.349,0.76666,0.76683,1.00,1.12
2018.01.15 01:11:01.401,0.7667,0.76687,1.00,2.25
2018.01.15 01:11:01.553,0.76666,0.76684,1.12,1.00
2018.01.15 01:11:01.859,0.76664,0.76683,2.62,1.12
2018.01.15 01:11:01.910,0.76664,0.76681,1.00,1.12
2018.01.15 01:11:02.525,0.76664,0.76682,1.00,2.25
2018.01.15 01:11:03.058,0.76664,0.76679,1.00,1.00
2018.01.15 01:11:03.736,0.76664,0.76681,1.00,1.00
2018.01.15 01:11:04.442,0.76665,0.76681,1.00,1.00
2018.01.15 01:11:05.861,0.76666,0.76684,1.00,1.00
2018.01.15 01:11:06.436,0.76665,0.76683,1.00,1.00
2018.01.15 01:11:06.939,0.76664,0.76682,1.00,1.12
2018.01.15 01:11:07.460,0.76663,0.76681,1.12,1.00
2018.01.15 01:11:07.764,0.76665,0.76681,1.00,1.00
2018.01.15 01:11:07.815,0.76663,0.76681,1.00,1.00
2018.01.15 01:11:07.866,0.76661,0.76679,1.50,1.00
2018.01.15 01:11:08.019,0.76662,0.76681,1.00,1.00
2018.01.15 01:11:08.070,0.7666,0.76679,1.50,1.00
2018.01.15 01:11:08.609,0.7666,0.76678,1.50,1.00
2018.01.15 01:11:09.405,0.76662,0.7668,1.00,1.00
2018.01.15 01:11:09.754,0.76664,0.76682,1.00,1.50
2018.01.15 01:11:10.064,0.7666,0.76679,1.00,1.00
2018.01.15 01:11:10.523,0.7666,0.76678,1.50,1.37
2018.01.15 01:11:10.574,0.76657,0.76675,1.00,1.00
2018.01.15 01:11:10.726,0.76658,0.76677,1.12,1.12
2018.01.15 01:11:10.777,0.7666,0.76677,1.00,1.12
2018.01.15 01:11:10.981,0.76658,0.76677,1.12,1.12
2018.01.15 01:11:11.032,0.7666,0.76677,1.00,1.12
2018.01.15 01:11:11.358,0.76657,0.76678,1.50,1.50
2018.01.15 01:11:11.459,0.7666,0.76678,1.00,1.50
2018.01.15 01:11:11.721,0.76657,0.76678,1.50,1.50
2018.01.15 01:11:11.924,0.7666,0.76677,1.00,1.12
2018.01.15 01:11:12.688,0.76658,0.76677,1.12,1.12
2018.01.15 01:11:12.739,0.76657,0.76675,1.00,1.12
2018.01.15 01:11:13.212,0.7666,0.76675,1.00,1.12
2018.01.15 01:11:14.042,0.76657,0.76675,1.00,1.12
2018.01.15 01:11:16.425,0.7666,0.76676,1.00,1.50
2018.01.15 01:11:16.527,0.76656,0.76676,1.12,1.50
2018.01.15 01:11:18.040,0.76657,0.76675,1.00,1.12
2018.01.15 01:11:21.957,0.76655,0.76673,1.50,1.00
2018.01.15 01:11:22.418,0.76655,0.7667,1.00,1.00
2018.01.15 01:11:22.677,0.76655,0.76672,1.00,1.00
2018.01.15 01:11:22.778,0.76657,0.76676,1.00,1.00
2018.01.15 01:11:22.880,0.76658,0.76678,1.37,1.12
2018.01.15 01:11:23.206,0.76658,0.76676,1.00,1.00
2018.01.15 01:11:25.259,0.7666,0.76676,1.00,1.00
2018.01.15 01:11:25.992,0.7666,0.76678,1.00,1.12
2018.01.15 01:11:29.021,0.76659,0.76679,1.12,1.37
2018.01.15 01:11:29.072,0.7666,0.7668,2.25,1.12
2018.01.15 01:11:30.753,0.76661,0.76679,1.12,1.00
2018.01.15 01:11:31.354,0.7666,0.76678,1.50,1.00
2018.01.15 01:11:32.016,0.76659,0.76679,2.25,1.00
2018.01.15 01:11:32.779,0.7666,0.76679,1.00,1.50
2018.01.15 01:11:33.083,0.7666,0.76677,1.00,1.50
2018.01.15 01:11:33.411,0.76656,0.76674,1.00,1.00
2018.01.15 01:11:33.513,0.7666,0.76674,1.00,1.00
2018.01.15 01:11:33.615,0.76656,0.76674,1.00,1.00
2018.01.15 01:11:33.720,0.7666,0.76675,1.00,1.50
2018.01.15 01:11:34.140,0.76656,0.76674,1.00,1.50
2018.01.15 01:11:34.669,0.76656,0.76674,1.00,2.25
2018.01.15 01:11:34.821,0.76658,0.76677,1.12,1.12
2018.01.15 01:11:35.157,0.76657,0.76675,1.00,1.00
2018.01.15 01:11:35.476,0.7666,0.76673,1.00,1.00
2018.01.15 01:11:35.780,0.76661,0.76679,1.00,1.50
2018.01.15 01:11:36.000,0.76659,0.76677,1.00,1.12
2018.01.15 01:11:36.102,0.7666,0.76675,1.00,1.00
2018.01.15 01:11:36.153,0.7666,0.76678,1.87,1.00
2018.01.15 01:11:36.628,0.7666,0.76675,1.12,1.00
2018.01.15 01:11:36.780,0.7666,0.76677,1.00,1.12
2018.01.15 01:11:37.674,0.7666,0.76678,1.00,1.00
2018.01.15 01:11:37.899,0.76664,0.76682,1.00,2.25
2018.01.15 01:11:37.950,0.76664,0.76682,1.00,1.00
2018.01.15 01:11:38.052,0.76661,0.76679,1.75,1.00
2018.01.15 01:11:38.348,0.76662,0.76682,1.75,1.00
2018.01.15 01:11:38.449,0.76661,0.76679,1.12,1.00
2018.01.15 01:11:38.913,0.7666,0.76677,1.50,1.00
2018.01.15 01:11:38.964,0.7666,0.76679,2.25,1.00
2018.01.15 01:11:39.496,0.7666,0.7668,1.50,1.12
2018.01.15 01:11:40.165,0.76662,0.76682,1.50,1.75
2018.01.15 01:11:40.755,0.76663,0.76681,1.00,1.00
2018.01.15 01:11:40.907,0.76661,0.76677,1.00,1.00
2018.01.15 01:11:41.455,0.76661,0.76679,1.00,1.12
2018.01.15 01:11:42.137,0.76661,0.76679,1.50,1.00
2018.01.15 01:11:42.493,0.7666,0.76676,1.00,1.00
2018.01.15 01:11:43.294,0.76659,0.76676,1.00,1.00
2018.01.15 01:11:44.737,0.7666,0.76676,1.00,1.00
2018.01.15 01:11:45.492,0.76659,0.76676,1.00,1.00
2018.01.15 01:11:45.820,0.76662,0.7668,1.00,1.50
2018.01.15 01:11:45.921,0.76659,0.76678,2.25,1.00
2018.01.15 01:11:46.946,0.7666,0.7668,1.87,1.50
2018.01.15 01:11:47.533,0.76659,0.76677,1.50,1.00
2018.01.15 01:11:47.836,0.76662,0.7668,1.00,1.50
2018.01.15 01:11:48.545,0.76662,0.7668,1.00,1.00
2018.01.15 01:11:49.067,0.76659,0.76679,1.87,1.12
2018.01.15 01:11:49.619,0.7666,0.76678,1.12,1.00
2018.01.15 01:11:52.385,0.76659,0.76679,1.37,1.12
2018.01.15 01:11:52.494,0.76658,0.76676,1.12,1.00
2018.01.15 01:11:53.082,0.7666,0.76676,1.00,1.00
2018.01.15 01:11:53.242,0.76662,0.7668,1.00,1.12
2018.01.15 01:11:53.293,0.7666,0.76678,1.00,1.12
2018.01.15 01:11:54.442,0.7666,0.76678,2.25,1.00
2018.01.15 01:11:54.956,0.7666,0.76678,1.00,2.25
2018.01.15 01:11:55.557,0.76659,0.76678,1.00,1.50
2018.01.15 01:11:56.175,0.76658,0.76676,1.12,1.00
2018.01.15 01:11:56.957,0.76656,0.76675,1.00,1.00
2018.01.15 01:11:57.997,0.76658,0.76676,1.00,1.00
2018.01.15 01:11:58.572,0.76659,0.76677,1.00,1.12
2018.01.15 01:11:59.972,0.76656,0.76674,1.75,1.00
2018.01.15 01:12:00.023,0.76656,0.76674,1.12,1.00
2018.01.15 01:12:01.660,0.76658,0.76676,1.00,1.50
2018.01.15 01:12:01.964,0.7666,0.76676,1.00,1.50
2018.01.15 01:12:02.184,0.7666,0.76677,1.00,1.00
2018.01.15 01:12:02.332,0.76657,0.76675,1.00,1.37
2018.01.15 01:12:02.536,0.76656,0.76676,1.37,1.00
2018.01.15 01:12:03.324,0.76657,0.76675,1.12,1.00
2018.01.15 01:12:05.301,0.76655,0.76673,1.50,1.00
2018.01.15 01:12:05.351,0.76655,0.76673,1.00,1.00
2018.01.15 01:12:06.441,0.76654,0.76671,1.00,1.00
2018.01.15 01:12:06.951,0.76655,0.76673,1.50,1.00
2018.01.15 01:12:07.264,0.76653,0.76671,1.12,1.00
2018.01.15 01:12:07.588,0.76655,0.76673,1.00,1.37
2018.01.15 01:12:07.740,0.76653,0.76671,1.12,1.00
2018.01.15 01:12:09.235,0.76655,0.76673,1.00,2.25
2018.01.15 01:12:10.156,0.76654,0.76673,1.00,1.50
2018.01.15 01:12:10.207,0.76652,0.76672,1.00,1.00
2018.01.15 01:12:10.309,0.76654,0.76672,1.00,1.00
2018.01.15 01:12:10.968,0.76655,0.76672,1.00,1.00
2018.01.15 01:12:11.424,0.76651,0.76669,1.00,1.00
2018.01.15 01:12:11.899,0.76655,0.76673,1.50,1.12
2018.01.15 01:12:11.950,0.76656,0.76675,1.12,1.12
2018.01.15 01:12:12.102,0.76655,0.76673,1.50,1.00
2018.01.15 01:12:12.621,0.76655,0.76673,1.00,1.12
2018.01.15 01:12:13.006,0.76655,0.76672,1.00,1.50
2018.01.15 01:12:13.246,0.76655,0.76673,1.87,1.00
2018.01.15 01:12:14.556,0.7665,0.76669,3.75,1.00
2018.01.15 01:12:15.260,0.76652,0.7667,1.37,1.00
2018.01.15 01:12:15.591,0.76655,0.76672,1.00,1.12
2018.01.15 01:12:15.693,0.76655,0.76674,1.87,1.12
2018.01.15 01:12:15.901,0.76657,0.76675,1.00,1.00
2018.01.15 01:12:16.209,0.76655,0.76673,1.50,1.00
2018.01.15 01:12:16.260,0.76656,0.76676,1.12,1.50
2018.01.15 01:12:16.473,0.76657,0.76675,1.50,1.00
2018.01.15 01:12:16.910,0.7666,0.76678,1.00,2.25
2018.01.15 01:12:17.293,0.76658,0.76676,1.12,1.00
2018.01.15 01:12:18.540,0.7666,0.76677,1.12,1.00
2018.01.15 01:12:18.644,0.7666,0.76679,1.87,1.12
2018.01.15 01:12:20.030,0.76663,0.76681,1.00,1.00
2018.01.15 01:12:20.639,0.76662,0.76682,1.12,1.12
2018.01.15 01:12:21.017,0.76665,0.76681,1.00,1.87
2018.01.15 01:12:21.118,0.76663,0.76681,1.12,1.00
2018.01.15 01:12:21.321,0.76665,0.76683,1.00,1.12
2018.01.15 01:12:21.961,0.76665,0.76682,1.00,1.00
2018.01.15 01:12:22.299,0.76663,0.76681,1.00,1.12
2018.01.15 01:12:23.577,0.76661,0.76679,1.50,1.00
2018.01.15 01:12:24.090,0.76661,0.76679,1.00,1.12
2018.01.15 01:12:24.644,0.7666,0.76678,1.12,1.00
2018.01.15 01:12:25.171,0.76661,0.76679,1.00,1.12
2018.01.15 01:12:25.972,0.76663,0.76681,1.00,1.00
2018.01.15 01:12:27.848,0.76663,0.76682,1.00,1.50
2018.01.15 01:12:28.169,0.76662,0.76679,1.00,1.00
2018.01.15 01:12:28.220,0.76663,0.76682,1.87,1.12
2018.01.15 01:12:28.862,0.76664,0.76682,1.00,1.00
2018.01.15 01:12:29.308,0.76664,0.7668,1.00,1.00
2018.01.15 01:12:30.207,0.76665,0.7668,1.00,1.00
2018.01.15 01:12:30.308,0.76664,0.76682,1.12,1.00
2018.01.15 01:12:31.379,0.76665,0.76682,1.00,1.00
2018.01.15 01:12:31.919,0.76665,0.76683,1.00,1.87
2018.01.15 01:12:32.815,0.76667,0.76685,1.00,1.00
2018.01.15 01:12:33.272,0.76665,0.76683,3.00,1.00
2018.01.15 01:12:33.795,0.76665,0.76683,1.87,1.00
2018.01.15 01:12:34.617,0.76666,0.76684,1.50,1.12
2018.01.15 01:12:35.023,0.76665,0.76682,1.12,1.00
2018.01.15 01:12:35.175,0.76666,0.76684,1.50,1.12
2018.01.15 01:12:36.368,0.76666,0.76683,1.00,1.00
2018.01.15 01:12:37.112,0.76666,0.76684,1.00,1.12
2018.01.15 01:12:41.574,0.76668,0.76686,1.00,1.87
2018.01.15 01:12:42.022,0.7667,0.76689,1.00,1.50
2018.01.15 01:12:42.326,0.76672,0.7669,1.00,2.62
2018.01.15 01:12:44.451,0.76671,0.7669,1.87,1.12
2018.01.15 01:12:44.902,0.7667,0.76688,1.00,1.50
2018.01.15 01:12:45.787,0.76671,0.76688,1.00,1.50
2018.01.15 01:12:46.311,0.76672,0.76688,1.00,1.00
2018.01.15 01:12:46.362,0.76672,0.7669,1.50,1.12
2018.01.15 01:12:50.517,0.76671,0.76689,1.00,1.50
2018.01.15 01:12:51.125,0.76671,0.76688,1.00,1.00
2018.01.15 01:12:52.495,0.76671,0.76689,1.00,1.50
2018.01.15 01:12:53.312,0.7667,0.76688,1.50,1.00
2018.01.15 01:12:54.573,0.76671,0.76688,1.00,1.00
2018.01.15 01:12:57.057,0.76673,0.76691,1.00,1.87
2018.01.15 01:12:57.263,0.76671,0.7669,1.00,1.50
2018.01.15 01:12:57.825,0.76671,0.76689,1.00,1.50
2018.01.15 01:13:00.681,0.76671,0.76687,1.00,1.00
2018.01.15 01:13:01.196,0.76671,0.76688,1.00,1.00
2018.01.15 01:13:01.626,0.76669,0.76688,1.87,1.87
2018.01.15 01:13:01.850,0.76668,0.76686,1.50,1.00
2018.01.15 01:13:02.157,0.7667,0.76687,1.50,1.12
2018.01.15 01:13:04.433,0.76668,0.76686,1.50,1.00
2018.01.15 01:13:04.978,0.76668,0.76685,1.50,1.00
2018.01.15 01:13:05.487,0.76669,0.76686,1.00,1.00
2018.01.15 01:13:08.374,0.76669,0.76688,1.12,1.87
2018.01.15 01:13:08.426,0.76668,0.76686,1.50,1.00
2018.01.15 01:13:08.763,0.76667,0.76684,1.00,1.12
2018.01.15 01:13:11.531,0.76668,0.76685,1.00,1.00
2018.01.15 01:13:12.068,0.76669,0.76686,1.00,1.00
2018.01.15 01:13:12.119,0.7667,0.76688,1.00,2.10
2018.01.15 01:13:12.322,0.76669,0.76686,1.00,1.00
2018.01.15 01:13:12.625,0.76671,0.76689,1.00,1.75
2018.01.15 01:13:13.132,0.7667,0.76688,1.50,1.50
2018.01.15 01:13:13.794,0.76671,0.76688,1.00,1.00
2018.01.15 01:13:14.168,0.76673,0.7669,1.00,1.00
2018.01.15 01:13:14.421,0.76674,0.76692,1.00,1.50
2018.01.15 01:13:14.574,0.76672,0.7669,1.50,1.00
2018.01.15 01:13:14.882,0.76671,0.76688,1.00,1.00
2018.01.15 01:13:15.085,0.76669,0.76687,1.00,1.12
2018.01.15 01:13:15.136,0.76668,0.76685,1.12,1.00
2018.01.15 01:13:15.682,0.76668,0.76686,1.12,1.00
2018.01.15 01:13:16.201,0.76669,0.76685,1.00,1.00
2018.01.15 01:13:16.732,0.7667,0.76686,1.00,1.12
2018.01.15 01:13:16.935,0.7667,0.76688,1.50,1.12
2018.01.15 01:13:16.986,0.76674,0.76687,1.00,1.00
2018.01.15 01:13:17.037,0.76672,0.76688,1.00,1.12
2018.01.15 01:13:17.203,0.76672,0.7669,1.50,1.00
2018.01.15 01:13:18.686,0.76672,0.7669,1.00,3.00
2018.01.15 01:13:20.204,0.76672,0.76687,1.00,1.12
2018.01.15 01:13:20.255,0.76668,0.76686,1.87,1.00
2018.01.15 01:13:20.471,0.7667,0.76687,1.50,1.12
2018.01.15 01:13:22.428,0.7667,0.76686,1.00,1.00
2018.01.15 01:13:22.480,0.76668,0.76686,1.87,1.00
2018.01.15 01:13:23.121,0.76668,0.76686,1.50,1.50
2018.01.15 01:13:24.608,0.76668,0.76684,1.00,1.00
2018.01.15 01:13:25.150,0.76665,0.7668,1.50,1.00
2018.01.15 01:13:25.770,0.76665,0.76681,1.50,1.12
2018.01.15 01:13:27.902,0.76665,0.76683,1.50,1.12
2018.01.15 01:13:28.183,0.76668,0.76683,1.00,1.12
2018.01.15 01:13:29.936,0.76668,0.76684,1.00,1.00
2018.01.15 01:13:30.622,0.7667,0.76687,1.00,1.12
2018.01.15 01:13:30.927,0.76671,0.76689,1.00,1.12
2018.01.15 01:13:31.464,0.7667,0.76689,2.62,1.12
2018.01.15 01:13:31.566,0.7667,0.76687,1.00,1.12
2018.01.15 01:13:32.108,0.7667,0.76689,2.62,1.87
2018.01.15 01:13:32.618,0.7667,0.76687,1.00,1.12
2018.01.15 01:13:33.011,0.76671,0.76689,1.12,1.50
2018.01.15 01:13:33.707,0.76671,0.76689,1.00,2.25
2018.01.15 01:13:35.555,0.76673,0.76691,1.50,1.50
2018.01.15 01:13:36.089,0.76674,0.76691,1.00,1.50
2018.01.15 01:13:40.273,0.76672,0.76691,1.50,1.50
2018.01.15 01:13:40.806,0.76675,0.7669,1.00,1.12
2018.01.15 01:13:40.908,0.76672,0.7669,1.50,1.12
2018.01.15 01:13:41.624,0.76673,0.76689,1.00,1.00
2018.01.15 01:13:43.267,0.76673,0.76687,1.00,1.00
2018.01.15 01:13:43.652,0.76675,0.76689,1.00,1.00
2018.01.15 01:13:49.312,0.76674,0.76689,1.00,1.00
2018.01.15 01:13:50.081,0.76674,0.76691,1.00,1.00
2018.01.15 01:13:50.242,0.7667,0.76686,1.00,1.12
2018.01.15 01:13:50.344,0.7667,0.76688,1.50,1.50
2018.01.15 01:13:50.547,0.76672,0.7669,1.12,1.00
2018.01.15 01:13:52.029,0.76674,0.76692,1.00,1.12
2018.01.15 01:13:52.612,0.76673,0.76693,1.00,1.50
2018.01.15 01:13:53.272,0.76674,0.76692,1.00,1.12
2018.01.15 01:14:00.562,0.76675,0.76692,1.00,1.12
2018.01.15 01:14:01.095,0.76674,0.76692,1.00,1.12
2018.01.15 01:14:06.938,0.76675,0.76694,1.00,1.50
2018.01.15 01:14:07.192,0.7668,0.767,1.37,1.87
2018.01.15 01:14:07.515,0.76679,0.76698,1.00,1.00
2018.01.15 01:14:11.017,0.76684,0.76702,1.12,1.00
2018.01.15 01:14:11.322,0.76682,0.76701,1.00,2.25
2018.01.15 01:14:11.534,0.76684,0.76702,1.00,1.00
2018.01.15 01:14:11.637,0.76682,0.76702,1.00,1.50
2018.01.15 01:14:11.789,0.76684,0.76703,1.12,1.12
2018.01.15 01:14:12.109,0.76683,0.76701,1.00,1.12
2018.01.15 01:14:12.261,0.76684,0.76703,1.00,1.50
2018.01.15 01:14:12.615,0.76687,0.76706,1.12,1.12
2018.01.15 01:14:12.994,0.76686,0.76704,1.12,1.00
2018.01.15 01:14:14.629,0.76686,0.76704,1.00,1.50
2018.01.15 01:14:14.933,0.76685,0.76705,2.25,1.12
2018.01.15 01:14:16.648,0.76686,0.76704,1.12,1.00
2018.01.15 01:14:17.388,0.76685,0.76702,1.00,1.00
2018.01.15 01:14:18.120,0.76684,0.76702,1.12,1.00
2018.01.15 01:14:19.363,0.76685,0.76702,1.00,1.00
2018.01.15 01:14:19.515,0.76682,0.767,1.50,1.50
2018.01.15 01:14:19.567,0.76682,0.76698,1.00,1.00
2018.01.15 01:14:19.618,0.7668,0.76698,1.87,1.00
2018.01.15 01:14:19.669,0.76684,0.76701,1.00,1.75
2018.01.15 01:14:19.720,0.76685,0.76701,1.00,1.12
2018.01.15 01:14:19.866,0.76685,0.76703,1.00,1.12
2018.01.15 01:14:20.561,0.76689,0.76707,1.00,1.00
2018.01.15 01:14:20.865,0.76687,0.76705,1.00,1.00
2018.01.15 01:14:21.397,0.7669,0.76708,1.50,1.00
2018.01.15 01:14:21.499,0.76691,0.76712,1.12,2.25
2018.01.15 01:14:22.083,0.76692,0.76711,1.00,1.50
2018.01.15 01:14:22.134,0.76689,0.76707,1.00,1.00
2018.01.15 01:14:22.737,0.7669,0.76708,1.50,1.00
2018.01.15 01:14:23.277,0.76689,0.76709,1.00,1.75
2018.01.15 01:14:23.602,0.76686,0.76704,1.75,1.00
2018.01.15 01:14:23.653,0.76686,0.76704,1.00,1.12
2018.01.15 01:14:25.055,0.7669,0.76704,1.00,1.00
2018.01.15 01:14:25.861,0.76689,0.76708,1.12,1.87
2018.01.15 01:14:26.013,0.76689,0.76706,1.00,1.12
2018.01.15 01:14:26.263,0.76686,0.76706,1.50,1.12
2018.01.15 01:14:26.315,0.76686,0.76706,1.00,1.75
2018.01.15 01:14:26.934,0.76684,0.76704,2.25,1.12
2018.01.15 01:14:27.463,0.76685,0.76703,1.87,1.00
2018.01.15 01:14:28.171,0.76685,0.76703,1.50,1.50
2018.01.15 01:14:29.134,0.76685,0.76703,1.87,1.00
2018.01.15 01:14:33.177,0.76687,0.76705,1.00,1.37
2018.01.15 01:14:33.279,0.7669,0.76708,1.00,1.12
2018.01.15 01:14:33.330,0.76691,0.7671,1.00,1.00
2018.01.15 01:14:33.547,0.7669,0.76706,1.00,1.00
2018.01.15 01:14:33.649,0.76686,0.76704,1.12,1.00
2018.01.15 01:14:34.068,0.7669,0.76704,1.00,1.00
2018.01.15 01:14:34.404,0.76686,0.76704,1.12,1.00
2018.01.15 01:14:35.005,0.76685,0.76702,1.00,1.00
2018.01.15 01:14:35.422,0.76686,0.76704,1.00,1.12
2018.01.15 01:14:36.599,0.76685,0.76702,1.00,1.00
2018.01.15 01:14:37.214,0.76684,0.76702,1.87,1.00
2018.01.15 01:14:37.765,0.76682,0.76701,1.00,1.50
2018.01.15 01:14:38.164,0.76685,0.76699,1.00,1.00
2018.01.15 01:14:38.215,0.76685,0.76702,1.00,1.12
2018.01.15 01:14:38.317,0.76681,0.76701,1.87,1.12
2018.01.15 01:14:38.368,0.76685,0.767,1.00,1.00
2018.01.15 01:14:38.419,0.76682,0.767,1.00,1.00
2018.01.15 01:14:40.401,0.76682,0.767,1.00,1.50
2018.01.15 01:14:40.502,0.7668,0.76698,1.87,1.00
2018.01.15 01:14:40.863,0.76682,0.767,1.12,1.00
2018.01.15 01:14:41.387,0.76685,0.767,1.00,1.00
2018.01.15 01:14:41.438,0.76685,0.76703,1.12,1.00
2018.01.15 01:14:42.086,0.76683,0.76702,1.12,1.12
2018.01.15 01:14:42.239,0.76681,0.76701,1.00,1.12
2018.01.15 01:14:42.424,0.76686,0.76704,1.12,1.00
2018.01.15 01:14:43.522,0.76685,0.76705,1.50,1.12
2018.01.15 01:14:43.827,0.76685,0.76704,2.25,1.00
2018.01.15 01:14:43.878,0.76685,0.76705,1.12,1.50
2018.01.15 01:14:45.429,0.76684,0.76705,1.12,1.50
2018.01.15 01:14:46.546,0.76683,0.76703,1.12,1.37
2018.01.15 01:14:47.660,0.76682,0.767,1.00,1.12
2018.01.15 01:14:48.171,0.76682,0.76703,1.37,1.87
2018.01.15 01:14:51.203,0.76685,0.76701,1.00,1.00
2018.01.15 01:14:51.641,0.76683,0.76703,1.12,1.00
2018.01.15 01:14:51.692,0.76685,0.76703,1.00,1.50
2018.01.15 01:14:51.949,0.76686,0.76706,1.00,1.50
2018.01.15 01:14:52.000,0.76683,0.76702,1.75,1.00
2018.01.15 01:14:52.152,0.76683,0.76701,1.12,1.00
2018.01.15 01:14:52.356,0.76685,0.76701,1.00,1.00
2018.01.15 01:14:52.408,0.76685,0.76703,1.50,1.00
2018.01.15 01:14:52.459,0.76687,0.76705,1.00,2.25
2018.01.15 01:14:52.803,0.76685,0.76703,1.50,1.00
2018.01.15 01:14:55.892,0.76685,0.76706,1.50,2.25
2018.01.15 01:14:56.210,0.76685,0.76706,1.12,2.25
2018.01.15 01:14:56.738,0.76684,0.76703,1.12,1.12
2018.01.15 01:14:57.073,0.76686,0.76705,1.12,1.12
2018.01.15 01:14:58.218,0.76685,0.76703,1.00,1.00
2018.01.15 01:14:58.539,0.76689,0.76707,1.00,1.00
2018.01.15 01:14:58.590,0.76685,0.76705,1.12,1.12
2018.01.15 01:14:58.641,0.76687,0.76706,1.00,1.00
2018.01.15 01:14:59.290,0.76689,0.76707,1.12,1.00
2018.01.15 01:15:00.073,0.76688,0.76708,1.50,1.87
2018.01.15 01:15:00.638,0.76686,0.76706,1.12,1.50
2018.01.15 01:15:00.943,0.76689,0.76708,1.12,1.12
2018.01.15 01:15:01.444,0.7669,0.76706,1.00,1.00
2018.01.15 01:15:01.646,0.7669,0.76708,1.00,1.00
2018.01.15 01:15:01.747,0.76692,0.7671,1.00,1.00
2018.01.15 01:15:02.064,0.76689,0.76707,1.12,1.00
2018.01.15 01:15:02.379,0.76694,0.76712,1.00,2.25
2018.01.15 01:15:02.531,0.76689,0.76707,1.00,1.00
2018.01.15 01:15:02.735,0.76691,0.76711,1.00,1.75
2018.01.15 01:15:02.837,0.76696,0.76714,1.00,1.50
2018.01.15 01:15:03.306,0.76691,0.76709,2.62,1.00
2018.01.15 01:15:03.409,0.7669,0.76708,1.00,1.50
2018.01.15 01:15:03.612,0.76688,0.76706,1.12,1.00
2018.01.15 01:15:03.957,0.7669,0.76708,1.00,1.50
2018.01.15 01:15:04.210,0.76689,0.76709,1.12,1.12
2018.01.15 01:15:04.262,0.76687,0.76707,1.12,1.00
2018.01.15 01:15:04.787,0.76686,0.76704,1.00,1.00
2018.01.15 01:15:05.093,0.76693,0.76711,1.00,1.12
2018.01.15 01:15:05.529,0.7669,0.76709,1.87,1.87
2018.01.15 01:15:05.581,0.76689,0.76707,1.50,1.00
2018.01.15 01:15:05.632,0.76691,0.76709,1.00,1.12
2018.01.15 01:15:06.170,0.76693,0.76711,1.00,1.00
2018.01.15 01:15:06.271,0.76694,0.76714,1.12,1.87
2018.01.15 01:15:06.475,0.76697,0.76715,1.00,1.00
2018.01.15 01:15:06.779,0.76694,0.76713,1.12,1.12
2018.01.15 01:15:07.157,0.76696,0.76714,1.00,1.00
2018.01.15 01:15:07.668,0.76696,0.76713,1.00,1.00
2018.01.15 01:15:07.719,0.76693,0.76711,1.00,1.00
2018.01.15 01:15:07.872,0.76694,0.76713,1.00,1.00
2018.01.15 01:15:07.973,0.76696,0.76715,1.00,1.00
2018.01.15 01:15:08.405,0.76695,0.76713,1.87,1.00
2018.01.15 01:15:08.709,0.76697,0.76715,1.00,1.00
2018.01.15 01:15:09.118,0.767,0.76715,1.00,1.00
2018.01.15 01:15:09.169,0.76697,0.76715,1.00,1.00
2018.01.15 01:15:09.361,0.76694,0.76707,1.00,1.00
2018.01.15 01:15:09.412,0.76689,0.76707,1.50,1.00
2018.01.15 01:15:09.463,0.7669,0.7671,2.25,1.12
2018.01.15 01:15:09.514,0.76695,0.76711,1.00,1.50
2018.01.15 01:15:09.565,0.76695,0.76712,1.00,1.12
2018.01.15 01:15:09.616,0.76693,0.76711,1.12,1.00
2018.01.15 01:15:09.819,0.76691,0.7671,1.12,1.12
2018.01.15 01:15:10.104,0.76693,0.76711,1.12,1.00
2018.01.15 01:15:10.460,0.76691,0.7671,1.50,1.00
2018.01.15 01:15:10.511,0.76694,0.76713,1.00,1.50
2018.01.15 01:15:11.028,0.76694,0.76712,1.00,1.00
2018.01.15 01:15:11.332,0.76696,0.76714,1.00,1.12
2018.01.15 01:15:11.383,0.76693,0.76713,1.50,1.00
2018.01.15 01:15:11.434,0.76696,0.76714,1.00,1.12
2018.01.15 01:15:13.270,0.76694,0.76712,1.00,1.50
2018.01.15 01:15:14.619,0.76694,0.76712,1.12,1.12
2018.01.15 01:15:17.418,0.76692,0.7671,2.25,1.00
2018.01.15 01:15:17.468,0.76692,0.7671,1.12,1.00
2018.01.15 01:15:18.336,0.7669,0.76708,1.00,1.00
2018.01.15 01:15:18.641,0.76688,0.76706,1.00,1.50
2018.01.15 01:15:20.000,0.7669,0.76706,1.00,1.50
2018.01.15 01:15:20.083,0.76688,0.76706,1.00,1.50
2018.01.15 01:15:20.611,0.76689,0.76706,1.00,1.00
2018.01.15 01:15:20.663,0.76691,0.76709,1.00,1.00
2018.01.15 01:15:21.260,0.76689,0.76707,1.12,1.00
2018.01.15 01:15:21.589,0.76695,0.7671,1.00,1.12
2018.01.15 01:15:21.640,0.76693,0.76711,1.00,1.50
2018.01.15 01:15:22.143,0.76691,0.7671,1.00,1.57
2018.01.15 01:15:22.194,0.7669,0.76705,1.00,1.12
2018.01.15 01:15:22.245,0.76687,0.76708,1.00,3.00
2018.01.15 01:15:22.762,0.76688,0.76707,1.87,1.12
2018.01.15 01:15:22.864,0.76692,0.7671,1.12,1.00
2018.01.15 01:15:26.583,0.76691,0.76711,1.37,1.87
2018.01.15 01:15:27.166,0.76692,0.7671,1.12,1.00
2018.01.15 01:15:27.902,0.76691,0.76711,1.37,1.12
2018.01.15 01:15:28.890,0.76689,0.76712,3.37,1.00
2018.01.15 01:15:30.545,0.76689,0.7671,2.62,1.00
2018.01.15 01:15:30.596,0.76689,0.76709,1.00,1.00
2018.01.15 01:15:30.647,0.76686,0.76709,1.20,1.50
2018.01.15 01:15:30.698,0.76688,0.76708,1.00,1.00
2018.01.15 01:15:30.749,0.76684,0.76707,1.95,1.00
2018.01.15 01:15:31.269,0.76685,0.76708,1.20,1.00
2018.01.15 01:15:32.259,0.76686,0.76708,1.12,1.00
2018.01.15 01:15:32.766,0.76686,0.76709,1.37,1.00
2018.01.15 01:15:32.890,0.76688,0.76712,1.87,1.00
2018.01.15 01:15:32.941,0.76688,0.76714,2.70,1.50
2018.01.15 01:15:33.400,0.76691,0.76714,1.00,1.00
2018.01.15 01:15:33.718,0.7669,0.76712,1.50,1.00
2018.01.15 01:15:34.000,0.76691,0.76714,1.00,1.00
2018.01.15 01:15:34.051,0.76691,0.76712,1.00,1.00
2018.01.15 01:15:34.364,0.76689,0.76711,1.00,1.00
2018.01.15 01:15:34.870,0.7669,0.7671,1.00,1.00
2018.01.15 01:15:35.370,0.7669,0.76713,1.00,1.00
2018.01.15 01:15:36.077,0.7669,0.76712,1.00,1.00
2018.01.15 01:15:36.898,0.7669,0.7671,1.00,1.00
2018.01.15 01:15:37.446,0.76685,0.76708,1.12,1.00
2018.01.15 01:15:37.649,0.7669,0.76708,1.00,1.00
2018.01.15 01:15:38.073,0.76694,0.76712,1.00,1.37
2018.01.15 01:15:38.229,0.76695,0.76717,1.00,1.00
2018.01.15 01:15:38.332,0.76692,0.76715,1.20,1.00
2018.01.15 01:15:38.383,0.76695,0.76716,1.00,1.00
2018.01.15 01:15:38.536,0.76694,0.76718,1.95,1.00
2018.01.15 01:15:38.588,0.76694,0.76718,3.82,1.00
2018.01.15 01:15:39.011,0.76694,0.76719,1.10,1.00
2018.01.15 01:15:39.164,0.76694,0.76715,3.07,1.00
2018.01.15 01:15:39.317,0.76695,0.76719,1.20,1.00
2018.01.15 01:15:39.419,0.76695,0.76717,1.10,1.50
2018.01.15 01:15:39.903,0.76695,0.76714,1.00,1.00
2018.01.15 01:15:39.955,0.76695,0.76718,1.00,1.50
2018.01.15 01:15:40.520,0.76695,0.76719,2.25,1.00
2018.01.15 01:15:40.571,0.76699,0.76719,1.00,1.00
2018.01.15 01:15:40.622,0.76695,0.76719,1.12,1.00
2018.01.15 01:15:40.825,0.76694,0.76717,1.20,1.00
2018.01.15 01:15:40.876,0.76694,0.76719,1.10,2.25
2018.01.15 01:15:40.977,0.767,0.76721,1.00,1.00
2018.01.15 01:15:41.132,0.76696,0.76721,1.00,1.00
2018.01.15 01:15:41.288,0.767,0.76721,1.00,1.00
2018.01.15 01:15:41.389,0.767,0.76723,1.00,1.00
2018.01.15 01:15:42.150,0.76705,0.76723,1.00,1.00
2018.01.15 01:15:42.201,0.767,0.76723,1.00,1.00
2018.01.15 01:15:42.822,0.76699,0.76723,1.50,1.00
2018.01.15 01:15:43.482,0.767,0.76723,1.00,1.00
2018.01.15 01:15:45.518,0.767,0.76721,1.00,1.00
2018.01.15 01:15:46.849,0.76697,0.76721,1.87,1.00
2018.01.15 01:15:46.900,0.767,0.76721,1.00,1.00
2018.01.15 01:15:50.107,0.76697,0.76718,1.87,1.00
2018.01.15 01:15:50.260,0.76695,0.76718,1.00,1.00
2018.01.15 01:15:50.311,0.76693,0.76718,1.00,1.00
2018.01.15 01:15:50.369,0.76695,0.76718,1.00,1.00
2018.01.15 01:15:50.530,0.76693,0.76718,1.00,1.00
2018.01.15 01:15:51.018,0.76699,0.76718,1.00,1.00
2018.01.15 01:15:51.953,0.76699,0.76717,1.00,1.00
2018.01.15 01:15:52.791,0.767,0.76717,1.00,1.00
2018.01.15 01:15:53.305,0.76695,0.76717,1.00,1.00
2018.01.15 01:15:53.698,0.76699,0.76717,1.00,1.00
2018.01.15 01:15:53.750,0.767,0.76721,1.50,1.00
2018.01.15 01:15:53.851,0.76696,0.7672,1.57,1.50
2018.01.15 01:15:53.902,0.76699,0.7672,1.00,1.00
2018.01.15 01:15:54.004,0.767,0.76723,1.00,1.00
2018.01.15 01:15:54.156,0.76699,0.7672,1.00,1.00
2018.01.15 01:15:54.365,0.76696,0.76722,1.12,1.50
2018.01.15 01:15:54.416,0.767,0.76722,1.00,1.50
2018.01.15 01:15:54.467,0.76696,0.76722,1.00,1.00
2018.01.15 01:15:56.159,0.76698,0.76722,1.00,1.00
2018.01.15 01:15:56.531,0.76698,0.76719,1.12,1.00
2018.01.15 01:15:56.633,0.76695,0.76718,1.20,1.00
2018.01.15 01:15:56.734,0.76699,0.76718,1.00,1.00
2018.01.15 01:15:56.785,0.76695,0.76719,1.12,1.00
2018.01.15 01:15:56.836,0.76695,0.76718,1.87,1.00
2018.01.15 01:15:56.887,0.76695,0.7672,2.70,1.00
2018.01.15 01:15:56.938,0.76695,0.7672,1.20,1.00
2018.01.15 01:15:56.989,0.76696,0.7672,1.37,1.00
2018.01.15 01:15:57.334,0.767,0.7672,1.00,1.00
2018.01.15 01:15:57.739,0.76696,0.7672,2.70,1.00
2018.01.15 01:15:58.407,0.76698,0.76722,1.37,1.00
2018.01.15 01:15:58.508,0.76696,0.7672,3.45,1.00
2018.01.15 01:15:58.949,0.767,0.76718,1.00,1.00
2018.01.15 01:15:59.102,0.76697,0.76718,1.00,1.00
2018.01.15 01:15:59.749,0.76695,0.76719,3.45,1.00
2018.01.15 01:15:59.859,0.767,0.76719,1.00,1.00
2018.01.15 01:16:00.115,0.76696,0.76718,1.00,1.00
2018.01.15 01:16:00.217,0.767,0.76717,1.00,1.00
2018.01.15 01:16:00.318,0.767,0.76719,1.00,1.00
2018.01.15 01:16:00.576,0.767,0.76721,1.00,1.00
2018.01.15 01:16:01.105,0.767,0.7672,1.00,1.00
2018.01.15 01:16:01.717,0.76696,0.7672,1.00,1.50
2018.01.15 01:16:02.296,0.767,0.76718,1.00,1.00
2018.01.15 01:16:02.348,0.767,0.7672,1.00,1.00
2018.01.15 01:16:02.399,0.76696,0.7672,1.10,1.00
2018.01.15 01:16:02.542,0.767,0.7672,1.00,1.00
2018.01.15 01:16:02.798,0.76697,0.76719,1.12,1.00
2018.01.15 01:16:03.311,0.76695,0.76719,1.00,1.00
2018.01.15 01:16:03.362,0.76695,0.76716,1.00,1.00
2018.01.15 01:16:03.874,0.76695,0.76718,1.00,1.50
2018.01.15 01:16:05.294,0.76695,0.76719,1.50,1.00
2018.01.15 01:16:05.702,0.76698,0.76719,1.00,1.00
2018.01.15 01:16:05.851,0.767,0.76722,1.00,1.20
2018.01.15 01:16:05.903,0.767,0.76724,1.50,1.12
2018.01.15 01:16:06.005,0.76702,0.76725,1.00,4.05
2018.01.15 01:16:06.056,0.767,0.76724,1.50,3.07
2018.01.15 01:16:06.159,0.767,0.76723,1.00,1.47
2018.01.15 01:16:06.509,0.76701,0.7672,1.00,1.00
2018.01.15 01:16:07.197,0.767,0.7672,1.50,1.00
2018.01.15 01:16:08.396,0.76701,0.7672,1.00,1.87
2018.01.15 01:16:08.881,0.76705,0.76722,1.00,1.00
2018.01.15 01:16:08.932,0.76701,0.76724,1.00,1.00
2018.01.15 01:16:09.034,0.76704,0.76725,1.00,2.62
2018.01.15 01:16:10.244,0.76707,0.76727,1.00,1.00
2018.01.15 01:16:10.295,0.76707,0.76729,1.00,1.57
2018.01.15 01:16:12.463,0.76707,0.76725,1.00,1.00
2018.01.15 01:16:12.514,0.76707,0.76729,1.00,1.00
2018.01.15 01:16:12.677,0.76705,0.76727,1.50,1.00
2018.01.15 01:16:13.008,0.76705,0.76723,1.00,1.00
2018.01.15 01:16:13.109,0.76704,0.76727,1.00,1.12
2018.01.15 01:16:13.160,0.76709,0.7673,1.00,2.32
2018.01.15 01:16:13.212,0.76707,0.7673,1.00,1.95
2018.01.15 01:16:13.482,0.76707,0.76727,1.00,1.00
2018.01.15 01:16:13.686,0.76705,0.76726,1.00,1.00
2018.01.15 01:16:13.844,0.76705,0.76728,1.00,1.12
2018.01.15 01:16:14.046,0.76705,0.76723,1.00,1.00
2018.01.15 01:16:14.760,0.76707,0.76728,1.00,1.00
2018.01.15 01:16:15.064,0.76708,0.7673,1.00,1.00
2018.01.15 01:16:15.600,0.76708,0.76731,1.00,4.12
2018.01.15 01:16:16.176,0.76709,0.7673,1.00,1.00
2018.01.15 01:16:17.488,0.76707,0.7673,1.00,2.25
2018.01.15 01:16:17.539,0.76706,0.76725,1.00,1.00
2018.01.15 01:16:17.590,0.76706,0.76727,1.00,1.00
2018.01.15 01:16:17.641,0.76705,0.76722,1.50,1.00
2018.01.15 01:16:18.314,0.76705,0.76721,1.00,1.00
2018.01.15 01:16:19.356,0.76704,0.76721,1.50,1.00
2018.01.15 01:16:19.407,0.76706,0.76728,1.00,1.50
2018.01.15 01:16:19.565,0.76706,0.76729,1.00,1.00
2018.01.15 01:16:19.768,0.76706,0.76725,1.00,1.00
2018.01.15 01:16:20.202,0.76704,0.76721,1.00,1.00
2018.01.15 01:16:20.720,0.76705,0.76721,1.00,1.00
2018.01.15 01:16:20.771,0.76705,0.76729,1.00,3.75
2018.01.15 01:16:20.822,0.76707,0.76729,1.00,2.25
2018.01.15 01:16:21.804,0.76706,0.76729,1.00,1.00
2018.01.15 01:16:23.245,0.76707,0.76729,1.00,1.00
2018.01.15 01:16:23.804,0.76709,0.76729,1.00,1.00
2018.01.15 01:16:24.416,0.7671,0.7673,1.00,1.00
2018.01.15 01:16:24.762,0.76705,0.76722,1.00,1.00
2018.01.15 01:16:25.301,0.76704,0.76722,1.00,1.00
2018.01.15 01:16:25.501,0.76702,0.76721,1.00,1.00
2018.01.15 01:16:25.980,0.767,0.76717,1.00,1.00
2018.01.15 01:16:26.363,0.76702,0.76717,1.00,1.00
2018.01.15 01:16:26.414,0.76705,0.76722,1.00,1.00
2018.01.15 01:16:26.465,0.76705,0.76725,1.50,1.35
2018.01.15 01:16:26.567,0.76706,0.76722,1.00,1.00
2018.01.15 01:16:27.577,0.76705,0.76722,1.50,1.00
2018.01.15 01:16:28.116,0.76705,0.76721,1.50,1.00
2018.01.15 01:16:28.631,0.76704,0.76721,1.00,1.00
2018.01.15 01:16:31.463,0.76705,0.76721,1.00,1.00
2018.01.15 01:16:31.885,0.76706,0.76726,1.00,1.00
2018.01.15 01:16:31.936,0.76706,0.76728,1.00,1.00
2018.01.15 01:16:32.190,0.76707,0.7673,1.00,1.50
2018.01.15 01:16:32.740,0.76707,0.76731,1.00,2.85
2018.01.15 01:16:33.596,0.76709,0.76732,1.00,1.87
2018.01.15 01:16:33.900,0.76706,0.76724,1.00,1.00
2018.01.15 01:16:34.217,0.76708,0.76726,1.00,1.00
2018.01.15 01:16:34.722,0.76708,0.76725,1.00,1.00
2018.01.15 01:16:35.233,0.76709,0.76725,1.00,1.00
2018.01.15 01:16:35.570,0.76707,0.76724,1.00,1.00
2018.01.15 01:16:36.117,0.76707,0.76729,1.00,1.35
2018.01.15 01:16:36.302,0.76707,0.76725,1.00,1.00
2018.01.15 01:16:36.404,0.76705,0.76727,1.00,1.00
2018.01.15 01:16:36.846,0.76708,0.76727,1.00,1.00
2018.01.15 01:16:37.101,0.76708,0.76729,1.00,1.00
2018.01.15 01:16:37.203,0.76708,0.76727,1.00,1.00
2018.01.15 01:16:37.704,0.76708,0.76728,1.00,1.00
2018.01.15 01:16:38.215,0.76708,0.76727,1.00,1.00
2018.01.15 01:16:39.488,0.76708,0.76726,1.00,1.00
2018.01.15 01:16:40.118,0.76708,0.76727,1.00,1.00
2018.01.15 01:16:40.692,0.76707,0.76726,1.00,1.00
2018.01.15 01:16:41.031,0.76706,0.76724,1.00,1.00
2018.01.15 01:16:41.742,0.76706,0.76723,1.00,1.00
2018.01.15 01:16:42.596,0.76705,0.76723,1.00,1.00
2018.01.15 01:16:44.452,0.76707,0.76723,1.00,1.00
2018.01.15 01:16:44.503,0.76705,0.76726,1.50,1.00
2018.01.15 01:16:45.367,0.76706,0.76726,1.00,1.00
2018.01.15 01:16:45.609,0.7671,0.76726,1.00,1.00
2018.01.15 01:16:46.154,0.76706,0.76726,1.00,1.00
2018.01.15 01:16:47.445,0.76705,0.76726,1.00,1.00
2018.01.15 01:16:47.496,0.76705,0.76728,1.00,1.35
2018.01.15 01:16:47.547,0.76707,0.76729,1.00,1.95
2018.01.15 01:16:48.432,0.76705,0.76728,1.50,1.00
2018.01.15 01:16:48.484,0.76705,0.76726,1.00,1.00
2018.01.15 01:16:49.108,0.76706,0.76726,1.00,1.00
2018.01.15 01:16:50.096,0.76707,0.76729,1.00,1.10
2018.01.15 01:16:50.620,0.76708,0.7673,1.00,2.25
2018.01.15 01:16:50.773,0.7671,0.7673,1.00,1.50
2018.01.15 01:16:50.824,0.76708,0.7673,1.00,1.50
2018.01.15 01:16:50.876,0.7671,0.7673,1.00,2.25
2018.01.15 01:16:50.977,0.76707,0.7673,1.00,3.00
2018.01.15 01:16:53.233,0.76708,0.7673,1.00,1.00
2018.01.15 01:16:53.284,0.76706,0.7673,1.00,3.00
2018.01.15 01:16:54.663,0.76708,0.7673,1.00,1.10
2018.01.15 01:16:54.764,0.76706,0.7673,1.00,3.00
2018.01.15 01:16:55.080,0.76708,0.76731,1.00,3.37
2018.01.15 01:16:55.492,0.76707,0.76729,1.00,1.00
2018.01.15 01:16:56.455,0.76709,0.76729,1.00,1.00
2018.01.15 01:16:59.598,0.76708,0.76729,1.00,1.00
2018.01.15 01:16:59.885,0.76706,0.76729,1.00,1.00
2018.01.15 01:17:00.408,0.76705,0.76729,1.50,1.50
2018.01.15 01:17:00.763,0.7671,0.7673,1.00,1.00
2018.01.15 01:17:01.066,0.76706,0.7673,1.50,1.50
2018.01.15 01:17:01.118,0.76705,0.76727,1.00,1.00
2018.01.15 01:17:01.451,0.76704,0.76721,1.00,1.00
2018.01.15 01:17:02.184,0.76705,0.76722,1.00,1.00
2018.01.15 01:17:02.780,0.76705,0.76721,1.00,1.00
2018.01.15 01:17:02.831,0.76702,0.76721,1.00,1.00
2018.01.15 01:17:02.882,0.767,0.76721,1.00,1.00
2018.01.15 01:17:03.211,0.76705,0.76722,1.00,1.00
2018.01.15 01:17:03.262,0.767,0.76722,1.00,1.00
2018.01.15 01:17:03.834,0.76699,0.76722,1.87,1.00
2018.01.15 01:17:04.544,0.76699,0.76722,2.32,1.00
2018.01.15 01:17:06.195,0.76699,0.76722,1.95,1.00
2018.01.15 01:17:06.448,0.76705,0.76722,1.00,1.00
2018.01.15 01:17:06.500,0.767,0.7672,1.00,1.00
2018.01.15 01:17:06.677,0.76698,0.7672,1.10,1.00
2018.01.15 01:17:06.778,0.76698,0.76722,1.10,1.50
2018.01.15 01:17:06.935,0.767,0.7672,1.00,1.00
2018.01.15 01:17:07.240,0.767,0.76725,1.57,1.50
2018.01.15 01:17:07.342,0.76703,0.76725,1.00,1.00
2018.01.15 01:17:07.670,0.76705,0.76725,1.00,1.00
2018.01.15 01:17:08.231,0.76705,0.76726,1.00,1.50
2018.01.15 01:17:08.282,0.76702,0.76725,1.20,1.00
2018.01.15 01:17:08.333,0.76704,0.76726,1.00,1.50
2018.01.15 01:17:08.388,0.76702,0.76725,1.20,1.00
2018.01.15 01:17:08.515,0.76705,0.76726,1.00,1.50
2018.01.15 01:17:08.718,0.76705,0.76728,1.12,1.00
2018.01.15 01:17:09.252,0.76704,0.76727,1.10,1.00
2018.01.15 01:17:09.766,0.76705,0.76727,1.00,1.00
2018.01.15 01:17:09.969,0.76704,0.76729,1.57,2.25
2018.01.15 01:17:10.644,0.76705,0.76729,1.20,1.00
2018.01.15 01:17:11.158,0.76707,0.7673,1.00,1.00
2018.01.15 01:17:11.626,0.76705,0.76726,1.95,1.00
2018.01.15 01:17:11.677,0.76704,0.76725,1.10,1.00
2018.01.15 01:17:11.981,0.76705,0.76728,1.50,1.00
2018.01.15 01:17:12.032,0.76707,0.7673,1.00,2.25
2018.01.15 01:17:12.083,0.76708,0.76731,1.00,1.00
2018.01.15 01:17:12.794,0.76707,0.76731,1.10,1.00
2018.01.15 01:17:13.569,0.76708,0.76732,1.00,3.37
2018.01.15 01:17:14.086,0.76711,0.76733,1.00,1.50
2018.01.15 01:17:14.430,0.76713,0.76734,1.00,1.00
2018.01.15 01:17:14.481,0.76713,0.76736,1.00,1.87
2018.01.15 01:17:16.054,0.76712,0.76736,1.00,3.00
2018.01.15 01:17:16.105,0.76712,0.76731,1.00,1.00
2018.01.15 01:17:16.543,0.76715,0.76736,1.00,1.12
2018.01.15 01:17:16.594,0.76717,0.76738,1.00,1.50
2018.01.15 01:17:16.904,0.76716,0.76733,1.00,1.00
2018.01.15 01:17:16.955,0.76718,0.76737,1.00,1.50
2018.01.15 01:17:17.167,0.76716,0.76735,1.00,1.00
2018.01.15 01:17:17.269,0.76714,0.76735,1.00,1.00
2018.01.15 01:17:17.588,0.76715,0.76737,1.00,1.87
2018.01.15 01:17:17.639,0.76717,0.76739,1.00,1.00
2018.01.15 01:17:18.032,0.76716,0.76737,1.00,1.00
2018.01.15 01:17:18.344,0.76715,0.76732,1.00,1.00
2018.01.15 01:17:18.699,0.76718,0.76733,1.00,1.00
2018.01.15 01:17:18.750,0.76718,0.7674,1.00,1.50
2018.01.15 01:17:21.656,0.76716,0.76731,1.00,1.00
2018.01.15 01:17:21.859,0.76717,0.7674,1.00,1.82
2018.01.15 01:17:22.062,0.76717,0.7674,1.00,1.00
2018.01.15 01:17:22.221,0.76714,0.76733,1.00,1.00
2018.01.15 01:17:23.136,0.76713,0.76733,1.00,1.50
2018.01.15 01:17:23.187,0.76711,0.76733,1.00,1.00
2018.01.15 01:17:23.773,0.76711,0.76732,1.00,1.00
2018.01.15 01:17:26.265,0.7671,0.76732,1.00,1.00
2018.01.15 01:17:26.316,0.76708,0.76727,1.00,1.00
2018.01.15 01:17:26.468,0.76709,0.76729,1.00,1.00
2018.01.15 01:17:27.165,0.76709,0.7673,1.00,2.25
2018.01.15 01:17:28.622,0.76709,0.76728,1.00,1.00
2018.01.15 01:17:28.781,0.76707,0.76727,1.00,1.00
2018.01.15 01:17:29.085,0.76709,0.76728,1.00,1.00
2018.01.15 01:17:29.136,0.76709,0.7673,1.00,2.62
2018.01.15 01:17:29.491,0.76711,0.76729,1.00,1.00
2018.01.15 01:17:31.486,0.76712,0.76729,1.00,1.00
2018.01.15 01:17:31.670,0.76713,0.76734,1.00,1.87
2018.01.15 01:17:32.175,0.76713,0.76735,1.00,3.75
2018.01.15 01:17:32.226,0.76713,0.76733,1.00,1.00
2018.01.15 01:17:32.763,0.76712,0.76732,1.00,1.00
2018.01.15 01:17:34.811,0.76712,0.76733,1.00,1.00
2018.01.15 01:17:36.365,0.76712,0.76732,1.00,1.00
2018.01.15 01:17:39.978,0.76711,0.76732,1.00,1.50
2018.01.15 01:17:40.633,0.7671,0.76732,1.00,1.12
2018.01.15 01:17:42.152,0.76711,0.76732,1.00,1.00
2018.01.15 01:17:44.485,0.7671,0.76732,1.50,1.00
2018.01.15 01:17:47.277,0.7671,0.76731,1.50,1.00
2018.01.15 01:17:47.480,0.7671,0.76733,1.00,1.00
2018.01.15 01:17:47.531,0.76711,0.76731,1.00,1.50
2018.01.15 01:17:48.124,0.76711,0.76728,1.00,1.00
2018.01.15 01:17:48.175,0.7671,0.7673,1.00,1.00
2018.01.15 01:17:48.226,0.7671,0.76733,1.50,1.37
2018.01.15 01:17:48.277,0.76713,0.76734,1.00,1.00
2018.01.15 01:17:48.532,0.76714,0.76736,1.00,1.50
2018.01.15 01:17:49.077,0.76715,0.76736,1.00,1.00
2018.01.15 01:17:49.837,0.76714,0.76736,1.00,1.50
2018.01.15 01:17:49.888,0.7671,0.76729,1.87,1.00
2018.01.15 01:17:49.939,0.76711,0.76732,1.00,1.00
2018.01.15 01:17:50.193,0.7671,0.76734,1.12,1.00
2018.01.15 01:17:50.294,0.76711,0.76736,1.00,1.50
2018.01.15 01:17:50.506,0.7671,0.76732,1.57,1.00
2018.01.15 01:17:50.658,0.76712,0.76735,1.00,1.50
2018.01.15 01:17:50.896,0.7671,0.76735,1.00,2.25
2018.01.15 01:17:51.633,0.76708,0.76734,2.70,1.00
2018.01.15 01:17:52.181,0.76708,0.76734,1.10,1.00
2018.01.15 01:17:52.921,0.76707,0.76731,1.20,1.00
2018.01.15 01:17:53.437,0.76706,0.7673,1.50,1.00
2018.01.15 01:17:53.750,0.76708,0.7673,1.00,1.00
2018.01.15 01:17:54.651,0.76708,0.76732,1.00,1.57
2018.01.15 01:17:54.853,0.76709,0.76735,1.50,2.55
2018.01.15 01:17:54.904,0.76712,0.76735,1.00,3.30
2018.01.15 01:17:55.093,0.7671,0.76734,1.12,1.00
2018.01.15 01:17:55.251,0.76708,0.76731,1.12,1.00
2018.01.15 01:17:55.847,0.76709,0.76734,1.00,1.57
2018.01.15 01:17:55.898,0.76711,0.76734,1.00,1.00
2018.01.15 01:17:56.243,0.76709,0.76734,1.87,1.00
2018.01.15 01:17:59.240,0.76709,0.76735,1.00,3.67
2018.01.15 01:17:59.897,0.76712,0.76734,1.00,1.00
2018.01.15 01:17:59.998,0.76715,0.76738,1.00,1.95
2018.01.15 01:18:00.727,0.76715,0.76738,1.87,1.00
2018.01.15 01:18:00.778,0.7672,0.76739,1.00,2.25
2018.01.15 01:18:00.880,0.7672,0.76741,1.00,1.10
2018.01.15 01:18:01.097,0.7672,0.76738,1.00,1.00
2018.01.15 01:18:01.528,0.76715,0.76738,1.50,1.00
2018.01.15 01:18:01.665,0.76715,0.76736,1.50,1.00
2018.01.15 01:18:02.191,0.76715,0.76737,1.50,1.00
2018.01.15 01:18:02.769,0.76714,0.76738,1.50,1.00
2018.01.15 01:18:03.864,0.76714,0.76737,1.50,1.00
2018.01.15 01:18:04.666,0.76715,0.76737,1.00,1.00
2018.01.15 01:18:04.926,0.76715,0.76739,1.50,1.00
2018.01.15 01:18:05.129,0.76714,0.76735,1.00,1.00
2018.01.15 01:18:05.471,0.7671,0.7673,1.00,1.00
2018.01.15 01:18:06.015,0.76712,0.7673,1.00,1.12
2018.01.15 01:18:06.499,0.76711,0.76728,1.00,1.00
2018.01.15 01:18:07.547,0.76712,0.7673,1.12,1.00
2018.01.15 01:18:07.598,0.76715,0.7673,1.00,1.00
2018.01.15 01:18:08.560,0.76711,0.76731,1.00,1.75
2018.01.15 01:18:08.814,0.7671,0.76727,1.12,1.00
2018.01.15 01:18:09.491,0.76709,0.76727,1.50,1.00
2018.01.15 01:18:10.203,0.7671,0.76727,1.00,1.00
2018.01.15 01:18:10.304,0.76712,0.7673,1.00,1.50
2018.01.15 01:18:10.585,0.76712,0.76728,1.00,1.00
2018.01.15 01:18:11.294,0.76712,0.76729,1.00,1.00
2018.01.15 01:18:11.819,0.7671,0.76728,1.50,1.50
2018.01.15 01:18:14.543,0.76715,0.76728,1.00,1.00
2018.01.15 01:18:16.639,0.76714,0.76728,1.00,1.00
2018.01.15 01:18:16.690,0.7671,0.76728,2.25,1.00
2018.01.15 01:18:16.842,0.76714,0.76728,1.00,1.00
2018.01.15 01:18:17.395,0.7671,0.76728,2.25,1.00
2018.01.15 01:18:17.446,0.76715,0.76728,1.00,1.00
2018.01.15 01:18:17.760,0.7671,0.76728,2.25,1.00
2018.01.15 01:18:19.024,0.76715,0.76728,1.00,1.00
2018.01.15 01:18:19.093,0.7671,0.76728,2.25,1.00
2018.01.15 01:18:21.361,0.76715,0.76733,1.00,1.50
2018.01.15 01:18:23.611,0.76714,0.76732,1.00,1.12
2018.01.15 01:18:23.963,0.76715,0.7673,1.00,1.00
2018.01.15 01:18:24.318,0.76715,0.76732,1.00,1.12
2018.01.15 01:18:25.212,0.76715,0.7673,1.00,1.00
2018.01.15 01:18:25.365,0.76715,0.76732,1.00,1.12
2018.01.15 01:18:26.067,0.76715,0.76731,1.00,1.00
2018.01.15 01:18:26.118,0.76714,0.76728,1.00,1.00
2018.01.15 01:18:26.220,0.7671,0.76728,1.87,1.00
2018.01.15 01:18:26.797,0.7671,0.76729,1.12,1.12
2018.01.15 01:18:27.457,0.7671,0.76728,1.12,1.00
2018.01.15 01:18:28.761,0.7671,0.76729,1.12,1.87
2018.01.15 01:18:28.863,0.7671,0.76726,1.00,1.00
2018.01.15 01:18:28.964,0.7671,0.76728,1.50,1.12
2018.01.15 01:18:29.817,0.76715,0.76728,1.00,1.12
2018.01.15 01:18:31.797,0.7671,0.76728,1.50,1.12
2018.01.15 01:18:32.663,0.76715,0.76727,1.00,1.00
2018.01.15 01:18:32.714,0.7671,0.76729,2.62,1.50
2018.01.15 01:18:33.347,0.7671,0.76727,1.00,1.12
2018.01.15 01:18:33.929,0.76709,0.76726,1.00,1.00
2018.01.15 01:18:34.302,0.76711,0.76728,1.00,1.37
2018.01.15 01:18:34.353,0.76711,0.76729,1.00,1.00
2018.01.15 01:18:34.455,0.76715,0.76729,1.00,1.00
2018.01.15 01:18:35.501,0.76711,0.76729,1.00,1.00
2018.01.15 01:18:36.214,0.76711,0.76728,1.00,1.50
2018.01.15 01:18:36.264,0.76711,0.76726,1.00,1.00
2018.01.15 01:18:36.315,0.76709,0.76726,1.50,1.00
2018.01.15 01:18:36.504,0.7671,0.76728,1.50,1.12
2018.01.15 01:18:36.758,0.76712,0.7673,1.00,1.12
2018.01.15 01:18:37.133,0.76712,0.76728,1.00,1.00
2018.01.15 01:18:37.235,0.76711,0.76731,1.00,2.25
2018.01.15 01:18:40.062,0.7671,0.7673,1.12,1.12
2018.01.15 01:18:40.163,0.76713,0.76731,1.00,1.00
2018.01.15 01:18:40.700,0.7671,0.76728,1.12,1.35
2018.01.15 01:18:41.256,0.76709,0.76727,1.00,1.12
2018.01.15 01:18:42.063,0.7671,0.76727,1.00,1.12
2018.01.15 01:18:42.542,0.76709,0.76724,1.00,1.87
2018.01.15 01:18:44.119,0.76706,0.76724,1.00,1.12
2018.01.15 01:18:48.762,0.76705,0.76722,1.12,1.00
2018.01.15 01:18:49.336,0.76705,0.76723,1.87,1.50
2018.01.15 01:18:49.863,0.76705,0.76723,1.50,2.25
2018.01.15 01:18:51.786,0.76701,0.76721,1.12,1.50
2018.01.15 01:18:51.948,0.76705,0.7672,1.00,1.50
2018.01.15 01:18:51.999,0.767,0.7672,2.25,1.50
2018.01.15 01:18:52.049,0.76703,0.76721,1.00,1.12
2018.01.15 01:18:52.372,0.76699,0.76719,1.87,2.25
2018.01.15 01:18:52.758,0.76705,0.76721,1.00,1.00
2018.01.15 01:18:53.010,0.76702,0.7672,1.00,1.50
2018.01.15 01:18:53.064,0.767,0.76718,1.87,1.00
2018.01.15 01:18:54.474,0.767,0.76719,1.12,1.87
2018.01.15 01:18:54.576,0.767,0.76719,1.00,2.25
2018.01.15 01:18:54.779,0.76701,0.76721,1.00,2.25
2018.01.15 01:18:54.830,0.767,0.76717,1.00,1.00
2018.01.15 01:18:57.289,0.76699,0.76717,2.25,1.00
2018.01.15 01:18:57.838,0.767,0.76717,1.00,1.00
2018.01.15 01:18:59.715,0.76703,0.7672,1.00,1.00
2018.01.15 01:18:59.766,0.76701,0.76719,1.00,1.00
2018.01.15 01:19:00.317,0.76701,0.76718,1.00,1.00
2018.01.15 01:19:00.369,0.76698,0.76716,1.50,1.00
2018.01.15 01:19:00.963,0.76698,0.76716,1.00,1.00
2018.01.15 01:19:03.779,0.76695,0.76715,3.00,1.00
2018.01.15 01:19:03.830,0.76695,0.76715,2.62,1.12
2018.01.15 01:19:04.749,0.76696,0.76714,1.00,1.00
2018.01.15 01:19:05.867,0.76695,0.76713,1.50,1.12
2018.01.15 01:19:06.460,0.76695,0.76712,1.50,1.50
2018.01.15 01:19:06.563,0.76692,0.7671,1.00,1.00
2018.01.15 01:19:06.716,0.76695,0.76711,1.00,1.12
2018.01.15 01:19:06.871,0.76692,0.7671,1.00,1.00
2018.01.15 01:19:06.922,0.76695,0.7671,1.00,1.00
2018.01.15 01:19:07.276,0.76691,0.76711,1.12,1.12
2018.01.15 01:19:07.444,0.76695,0.76712,1.00,1.12
2018.01.15 01:19:07.647,0.7669,0.76709,1.00,1.50
2018.01.15 01:19:07.926,0.76695,0.76709,1.00,1.50
2018.01.15 01:19:08.180,0.7669,0.76708,1.50,1.12
2018.01.15 01:19:09.273,0.76689,0.76706,1.12,1.00
2018.01.15 01:19:09.425,0.76686,0.76704,1.00,1.12
2018.01.15 01:19:09.476,0.76685,0.76701,1.12,1.00
2018.01.15 01:19:12.006,0.76689,0.76704,1.00,1.12
2018.01.15 01:19:12.525,0.7669,0.76704,1.00,1.12
2018.01.15 01:19:12.576,0.7669,0.76706,1.00,1.12
2018.01.15 01:19:14.029,0.76689,0.76706,1.00,1.12
2018.01.15 01:19:14.609,0.7669,0.76706,1.00,1.12
2018.01.15 01:19:14.991,0.76688,0.76706,1.00,1.12
2018.01.15 01:19:15.042,0.7669,0.76706,1.00,1.12
2018.01.15 01:19:15.687,0.76689,0.76706,1.00,1.12
2018.01.15 01:19:16.260,0.7669,0.76706,1.00,1.12
2018.01.15 01:19:16.692,0.76685,0.76704,2.25,1.00
2018.01.15 01:19:16.743,0.76685,0.76704,1.50,1.50
2018.01.15 01:19:17.667,0.76687,0.76705,1.00,1.12
2018.01.15 01:19:23.221,0.76686,0.76706,1.12,1.37
2018.01.15 01:19:23.605,0.7669,0.76706,1.00,1.37
2018.01.15 01:19:24.220,0.76686,0.76706,1.12,1.37
2018.01.15 01:19:24.409,0.7669,0.76705,1.00,1.12
2018.01.15 01:19:25.816,0.7669,0.76704,1.00,1.50
2018.01.15 01:19:25.867,0.76686,0.76704,1.00,1.50
2018.01.15 01:19:26.021,0.76689,0.76707,1.00,1.75
2018.01.15 01:19:26.072,0.76687,0.76705,1.00,1.87
2018.01.15 01:19:26.123,0.76684,0.76702,1.75,1.00
2018.01.15 01:19:26.225,0.76682,0.767,1.37,1.00
2018.01.15 01:19:26.326,0.76681,0.76701,1.12,1.50
2018.01.15 01:19:26.820,0.76684,0.76702,1.00,1.12
2018.01.15 01:19:27.608,0.76685,0.76702,1.12,1.12
2018.01.15 01:19:28.206,0.76685,0.76703,1.37,1.00
2018.01.15 01:19:28.257,0.76687,0.76705,1.00,1.00
2018.01.15 01:19:28.308,0.76685,0.76703,1.87,1.00
2018.01.15 01:19:28.631,0.76687,0.76705,1.00,1.50
2018.01.15 01:19:29.163,0.76687,0.76705,1.00,1.12
2018.01.15 01:19:29.467,0.76685,0.76703,1.00,2.25
2018.01.15 01:19:30.041,0.76682,0.76702,1.50,1.12
2018.01.15 01:19:30.641,0.76683,0.76701,1.12,1.00
2018.01.15 01:19:32.951,0.76681,0.76699,1.00,1.00
2018.01.15 01:19:33.560,0.7668,0.767,1.87,1.00
2018.01.15 01:19:34.398,0.76681,0.76699,1.00,1.00
2018.01.15 01:19:34.824,0.76684,0.76702,1.00,1.50
2018.01.15 01:19:35.372,0.76685,0.76701,1.00,1.12
2018.01.15 01:19:36.078,0.76685,0.76701,1.00,1.50
2018.01.15 01:19:36.863,0.76685,0.76699,1.00,1.00
2018.01.15 01:19:37.080,0.76685,0.76701,1.00,1.12
2018.01.15 01:19:38.928,0.76684,0.76701,1.00,1.12
2018.01.15 01:19:39.405,0.76684,0.76703,1.12,1.87
2018.01.15 01:19:40.615,0.76685,0.76703,1.00,1.87
2018.01.15 01:19:40.716,0.76686,0.76705,1.00,1.00
2018.01.15 01:19:41.021,0.76685,0.76702,1.12,1.00
2018.01.15 01:19:42.116,0.76684,0.76702,1.50,1.12
2018.01.15 01:19:42.477,0.76682,0.767,1.12,1.00
2018.01.15 01:19:42.824,0.7669,0.76708,1.50,1.50
2018.01.15 01:19:42.926,0.76688,0.76707,1.12,1.12
2018.01.15 01:19:43.473,0.76692,0.7671,1.00,1.12
2018.01.15 01:19:43.979,0.76692,0.7671,1.50,1.00
2018.01.15 01:19:44.505,0.76694,0.76712,1.12,1.00
2018.01.15 01:19:45.248,0.76695,0.76712,1.00,1.00
2018.01.15 01:19:46.011,0.76695,0.76713,1.00,1.00
2018.01.15 01:19:47.610,0.76693,0.76713,1.37,1.00
2018.01.15 01:19:47.812,0.76694,0.76711,1.00,1.00
2018.01.15 01:19:47.914,0.76691,0.76709,1.00,1.00
2018.01.15 01:19:48.463,0.76691,0.76709,1.50,1.00
2018.01.15 01:19:51.255,0.7669,0.7671,1.75,1.00
2018.01.15 01:19:51.874,0.76691,0.76709,1.50,1.00
2018.01.15 01:19:51.926,0.7669,0.7671,1.87,1.57
2018.01.15 01:19:53.566,0.76691,0.76709,1.00,1.12
2018.01.15 01:20:04.191,0.7669,0.76709,1.50,1.57
2018.01.15 01:20:06.576,0.76691,0.76709,1.00,2.25
2018.01.15 01:20:10.908,0.7669,0.76709,1.50,1.00
2018.01.15 01:20:11.160,0.7669,0.76707,1.00,1.00
2018.01.15 01:20:11.588,0.76694,0.76707,1.00,1.00
2018.01.15 01:20:11.639,0.7669,0.76707,1.00,1.00
2018.01.15 01:20:12.489,0.76689,0.76707,1.50,1.00
2018.01.15 01:20:14.474,0.7669,0.76707,1.00,1.00
2018.01.15 01:20:14.576,0.76687,0.76705,1.95,1.00
2018.01.15 01:20:16.047,0.76689,0.76707,1.00,1.00
2018.01.15 01:20:17.627,0.7669,0.76709,1.00,1.00
2018.01.15 01:20:19.779,0.76689,0.7671,1.50,1.57
2018.01.15 01:20:20.960,0.7669,0.76709,1.00,1.00
2018.01.15 01:20:22.064,0.76689,0.7671,1.50,1.57
2018.01.15 01:20:22.606,0.76689,0.76707,1.00,1.12
2018.01.15 01:20:26.047,0.76688,0.76708,1.87,1.50
2018.01.15 01:20:28.247,0.7669,0.76707,1.00,1.12
2018.01.15 01:20:31.466,0.76689,0.76708,1.00,2.32
2018.01.15 01:20:32.739,0.7669,0.76707,1.00,1.12
2018.01.15 01:20:37.934,0.76691,0.76708,1.00,1.50
2018.01.15 01:20:38.036,0.76695,0.76713,1.00,1.00
2018.01.15 01:20:38.209,0.76695,0.76712,1.00,1.57
2018.01.15 01:20:38.260,0.76691,0.76711,1.57,1.87
2018.01.15 01:20:38.419,0.7669,0.76708,1.00,1.00
2018.01.15 01:20:39.200,0.7669,0.76706,1.00,1.00
2018.01.15 01:20:39.706,0.76689,0.76708,1.50,1.57
2018.01.15 01:20:40.169,0.76691,0.76708,1.00,1.00
2018.01.15 01:20:40.675,0.76692,0.7671,1.00,2.32
2018.01.15 01:20:42.705,0.76695,0.7671,1.00,1.50
2018.01.15 01:20:42.918,0.76692,0.7671,1.00,1.00
2018.01.15 01:20:43.764,0.76691,0.76711,1.00,1.10
2018.01.15 01:20:44.344,0.76692,0.7671,1.00,1.00
2018.01.15 01:20:44.727,0.76695,0.7671,1.00,1.00
2018.01.15 01:20:44.938,0.76694,0.76712,1.12,1.00
2018.01.15 01:20:45.512,0.76695,0.76712,1.00,1.00
2018.01.15 01:20:46.920,0.76695,0.76713,1.00,1.12
2018.01.15 01:20:47.437,0.76696,0.76715,1.00,1.75
2018.01.15 01:20:47.488,0.76696,0.76715,1.12,1.12
2018.01.15 01:20:49.511,0.76695,0.76713,1.50,1.00
2018.01.15 01:20:49.815,0.76697,0.76715,1.00,1.00
2018.01.15 01:20:50.511,0.76696,0.76716,1.20,1.12
2018.01.15 01:20:51.016,0.76697,0.76715,1.10,1.00
2018.01.15 01:20:51.500,0.76699,0.76717,1.00,1.12
2018.01.15 01:20:51.882,0.76701,0.76719,1.00,2.70
2018.01.15 01:20:52.592,0.76701,0.76718,1.00,1.00
2018.01.15 01:20:53.228,0.76704,0.76722,1.00,1.00
2018.01.15 01:20:54.166,0.76705,0.76722,1.00,1.00
2018.01.15 01:20:54.813,0.76704,0.76722,1.00,1.10
2018.01.15 01:20:54.974,0.76702,0.7672,1.10,1.00
2018.01.15 01:20:55.423,0.76705,0.7672,1.00,1.00
2018.01.15 01:20:55.940,0.76705,0.76721,1.00,1.00
2018.01.15 01:20:56.554,0.76705,0.76722,1.00,1.50
2018.01.15 01:20:58.366,0.76705,0.76723,1.50,1.00
2018.01.15 01:20:58.873,0.76704,0.76722,1.87,1.00
2018.01.15 01:20:59.399,0.76705,0.76723,1.50,1.50
2018.01.15 01:21:00.064,0.76705,0.76722,2.25,1.00
2018.01.15 01:21:00.166,0.76707,0.76725,1.00,1.87
2018.01.15 01:21:00.371,0.76709,0.76726,1.00,1.50
2018.01.15 01:21:00.500,0.76706,0.76726,1.00,2.25
2018.01.15 01:21:01.310,0.76705,0.76725,1.12,1.50
2018.01.15 01:21:01.796,0.76705,0.76722,1.00,1.00
2018.01.15 01:21:02.558,0.76704,0.76722,1.00,1.00
2018.01.15 01:21:03.821,0.76704,0.7672,1.00,1.00
2018.01.15 01:21:03.872,0.76701,0.76721,1.50,1.87
2018.01.15 01:21:04.024,0.76704,0.76722,1.00,1.00
2018.01.15 01:21:04.352,0.76706,0.76723,1.00,1.00
2018.01.15 01:21:04.558,0.76703,0.76721,1.87,1.00
2018.01.15 01:21:07.120,0.76705,0.76721,1.00,1.00
2018.01.15 01:21:07.172,0.767,0.76718,3.45,1.00
2018.01.15 01:21:07.677,0.767,0.76719,1.57,1.00
2018.01.15 01:21:08.562,0.76701,0.76721,1.12,1.37
2018.01.15 01:21:08.664,0.76705,0.76721,1.00,1.00
2018.01.15 01:21:08.867,0.76702,0.7672,1.12,1.00
2018.01.15 01:21:09.521,0.76701,0.76721,1.50,1.95
2018.01.15 01:21:10.032,0.76702,0.7672,1.00,1.20
2018.01.15 01:21:12.184,0.76702,0.76719,1.00,1.00
2018.01.15 01:21:12.236,0.767,0.76718,1.00,1.00
2018.01.15 01:21:12.794,0.767,0.76717,1.00,1.00
2018.01.15 01:21:14.818,0.76697,0.76715,1.00,1.00
2018.01.15 01:21:16.253,0.767,0.76715,1.00,1.00
2018.01.15 01:21:17.605,0.76697,0.76715,1.00,1.00
2018.01.15 01:21:17.656,0.767,0.76715,1.00,1.00
2018.01.15 01:21:18.125,0.76697,0.76715,1.00,1.00
2018.01.15 01:21:18.734,0.76698,0.76716,1.00,1.12
2018.01.15 01:21:21.597,0.767,0.76716,1.50,1.12
2018.01.15 01:21:24.446,0.76701,0.76718,1.00,1.12
2018.01.15 01:21:24.822,0.767,0.76716,1.50,1.00
2018.01.15 01:21:26.753,0.76697,0.76717,1.95,1.12
2018.01.15 01:21:27.213,0.76699,0.76716,1.00,1.00
2018.01.15 01:21:40.661,0.767,0.76716,1.00,1.00
2018.01.15 01:21:41.163,0.767,0.76717,1.50,1.12
2018.01.15 01:21:41.637,0.76698,0.76715,1.12,1.00
2018.01.15 01:21:41.974,0.76696,0.76716,1.87,1.50
2018.01.15 01:21:42.126,0.76697,0.76715,1.00,1.75
2018.01.15 01:21:42.228,0.76697,0.76715,1.87,1.00
2018.01.15 01:21:42.330,0.76696,0.76713,1.10,1.00
2018.01.15 01:21:42.607,0.76697,0.76715,1.95,1.00
2018.01.15 01:21:42.659,0.76697,0.76712,1.10,1.00
2018.01.15 01:21:42.710,0.76698,0.76714,1.00,1.12
2018.01.15 01:21:42.863,0.76698,0.76716,1.50,1.12
2018.01.15 01:21:44.939,0.76699,0.76717,1.00,1.50
2018.01.15 01:21:46.082,0.767,0.76716,1.00,1.12
2018.01.15 01:21:58.198,0.76698,0.76715,1.00,1.00
2018.01.15 01:21:58.451,0.76701,0.76715,1.00,1.00
2018.01.15 01:21:58.553,0.76703,0.76719,1.00,1.00
2018.01.15 01:21:58.754,0.76701,0.76717,1.00,1.00
2018.01.15 01:21:59.080,0.76701,0.76715,1.00,1.00
2018.01.15 01:22:00.169,0.767,0.76715,1.00,1.00
2018.01.15 01:22:00.371,0.76698,0.76715,1.00,1.50
2018.01.15 01:22:00.422,0.76698,0.76713,1.00,1.00
2018.01.15 01:22:00.781,0.76698,0.76715,1.00,1.00
2018.01.15 01:22:01.366,0.76698,0.76716,1.00,1.12
2018.01.15 01:22:01.468,0.767,0.76717,1.00,1.00
2018.01.15 01:22:01.569,0.76701,0.76719,1.50,1.00
2018.01.15 01:22:02.076,0.76702,0.76719,1.00,1.00
2018.01.15 01:22:02.178,0.767,0.76718,1.00,1.12
2018.01.15 01:22:02.734,0.76701,0.76718,1.00,1.12
2018.01.15 01:22:03.365,0.767,0.76718,1.10,1.12
2018.01.15 01:22:03.416,0.767,0.76715,1.10,1.00
2018.01.15 01:22:03.958,0.76702,0.76718,1.10,1.00
2018.01.15 01:22:04.864,0.76702,0.7672,1.95,1.00
2018.01.15 01:22:05.401,0.76704,0.7672,1.00,1.00
2018.01.15 01:22:06.120,0.76705,0.7672,1.00,1.00
2018.01.15 01:22:06.328,0.76703,0.7672,1.00,1.00
2018.01.15 01:22:06.429,0.76702,0.76718,1.00,1.00
2018.01.15 01:22:06.683,0.76704,0.76721,1.00,1.00
2018.01.15 01:22:07.214,0.76703,0.76721,1.00,1.00
2018.01.15 01:22:08.786,0.76705,0.76722,1.00,1.87
2018.01.15 01:22:09.335,0.76705,0.76721,1.00,1.00
2018.01.15 01:22:09.879,0.76705,0.76722,1.00,1.00
2018.01.15 01:22:11.653,0.76706,0.76725,1.00,3.07
2018.01.15 01:22:11.960,0.76711,0.76727,1.00,1.00
2018.01.15 01:22:12.371,0.76709,0.76727,1.00,1.00
2018.01.15 01:22:12.422,0.76708,0.76725,1.00,1.12
2018.01.15 01:22:12.948,0.76707,0.76724,1.00,1.87
2018.01.15 01:22:17.114,0.76708,0.76724,1.00,1.00
2018.01.15 01:22:17.565,0.7671,0.76725,1.00,1.00
2018.01.15 01:22:18.362,0.76712,0.76728,1.00,1.00
2018.01.15 01:22:18.531,0.76713,0.7673,2.25,1.00
2018.01.15 01:22:19.033,0.76713,0.76731,2.25,1.00
2018.01.15 01:22:19.185,0.76713,0.76733,2.25,1.00
2018.01.15 01:22:19.484,0.76716,0.76734,1.12,1.00
2018.01.15 01:22:20.781,0.76715,0.76735,1.50,1.12
2018.01.15 01:22:21.428,0.76716,0.76734,1.12,1.00
2018.01.15 01:22:21.733,0.76712,0.76729,1.87,1.00
2018.01.15 01:22:22.264,0.76712,0.7673,1.87,1.00
2018.01.15 01:22:24.324,0.76713,0.7673,1.00,1.00
2018.01.15 01:22:24.375,0.76715,0.76733,1.00,1.50
2018.01.15 01:22:24.855,0.76712,0.76729,1.50,1.00
2018.01.15 01:22:25.386,0.76712,0.76731,1.00,1.50
2018.01.15 01:22:26.308,0.76712,0.7673,1.50,1.00
2018.01.15 01:22:27.956,0.76713,0.76731,1.00,1.00
2018.01.15 01:22:28.463,0.76713,0.7673,1.00,1.00
2018.01.15 01:22:29.380,0.76713,0.76731,1.00,1.50
2018.01.15 01:22:29.928,0.76713,0.7673,1.00,1.00
2018.01.15 01:22:32.784,0.76713,0.76731,1.00,1.50
2018.01.15 01:22:33.536,0.76713,0.7673,1.00,1.00
2018.01.15 01:22:35.055,0.76715,0.76732,1.00,1.00
2018.01.15 01:22:35.270,0.76716,0.76736,2.25,1.87
2018.01.15 01:22:35.916,0.76717,0.76735,1.12,1.50
2018.01.15 01:22:45.106,0.76717,0.76736,1.12,1.87
2018.01.15 01:22:47.146,0.76717,0.76735,1.87,1.00
2018.01.15 01:22:48.396,0.76719,0.76735,1.00,1.00
2018.01.15 01:22:49.516,0.7672,0.76735,1.00,1.00
2018.01.15 01:22:49.820,0.76722,0.76737,1.00,1.00
2018.01.15 01:22:56.106,0.76722,0.76738,1.00,1.12
2018.01.15 01:22:56.770,0.76722,0.76737,1.00,1.00
2018.01.15 01:22:59.027,0.76722,0.76739,1.00,1.00
2018.01.15 01:23:02.229,0.76723,0.7674,1.00,1.12
2018.01.15 01:23:02.280,0.76727,0.76742,1.00,1.75
2018.01.15 01:23:02.330,0.76729,0.76744,1.00,1.00
2018.01.15 01:23:02.432,0.76728,0.76746,1.50,1.00
2018.01.15 01:23:05.099,0.76728,0.76747,1.00,1.00
2018.01.15 01:23:06.477,0.76728,0.76745,1.00,1.00
2018.01.15 01:23:06.528,0.76726,0.76745,1.50,1.00
2018.01.15 01:23:06.781,0.76728,0.76745,1.00,1.00
2018.01.15 01:23:09.420,0.76729,0.76745,1.00,1.00
2018.01.15 01:23:09.792,0.76727,0.76745,1.00,1.00
2018.01.15 01:23:13.091,0.76726,0.76744,1.10,1.00
2018.01.15 01:23:13.244,0.76725,0.76741,1.00,1.12
2018.01.15 01:23:13.594,0.76734,0.76751,1.00,1.75
2018.01.15 01:23:13.645,0.76734,0.76751,1.00,1.12
2018.01.15 01:23:14.039,0.76736,0.76751,1.00,1.12
2018.01.15 01:23:15.407,0.76733,0.76751,1.50,1.12
2018.01.15 01:23:16.173,0.76735,0.76752,1.00,1.50
2018.01.15 01:23:16.615,0.76731,0.76747,1.00,1.00
2018.01.15 01:23:17.477,0.76732,0.76749,1.00,1.12
2018.01.15 01:23:17.580,0.76731,0.76746,1.00,1.00
2018.01.15 01:23:17.886,0.76733,0.76751,1.00,1.50
2018.01.15 01:23:18.545,0.76733,0.76751,1.50,1.12
2018.01.15 01:23:18.856,0.76735,0.76751,1.00,1.12
2018.01.15 01:23:18.906,0.76735,0.76753,1.50,1.12
2018.01.15 01:23:19.304,0.76733,0.76751,1.50,1.00
2018.01.15 01:23:19.612,0.76733,0.7675,1.00,1.50
2018.01.15 01:23:19.663,0.76733,0.76753,1.12,1.95
2018.01.15 01:23:19.815,0.76733,0.76749,1.12,1.00
2018.01.15 01:23:20.344,0.76732,0.76749,1.00,1.12
2018.01.15 01:23:21.439,0.76732,0.7675,1.87,1.00
2018.01.15 01:23:21.693,0.76734,0.76754,1.87,1.95
2018.01.15 01:23:21.997,0.76735,0.76751,1.00,1.00
2018.01.15 01:23:22.358,0.76735,0.76753,1.50,1.12
2018.01.15 01:23:22.860,0.76736,0.76754,1.87,1.00
2018.01.15 01:23:23.655,0.76736,0.76755,1.12,1.12
2018.01.15 01:23:24.269,0.76736,0.76754,1.87,1.00
2018.01.15 01:23:24.442,0.76738,0.76754,1.00,1.00
2018.01.15 01:23:25.533,0.76738,0.76755,1.00,1.12
2018.01.15 01:23:26.322,0.76736,0.76755,1.12,1.12
2018.01.15 01:23:26.908,0.76736,0.76754,1.12,1.00
2018.01.15 01:23:28.096,0.76738,0.76756,1.00,1.00
2018.01.15 01:23:28.407,0.7674,0.76756,1.00,1.00
2018.01.15 01:23:28.842,0.7674,0.76759,1.00,1.00
2018.01.15 01:23:29.987,0.76742,0.76761,1.00,1.95
2018.01.15 01:23:30.038,0.76743,0.76762,1.00,2.70
2018.01.15 01:23:30.142,0.76741,0.76762,1.50,2.70
2018.01.15 01:23:30.378,0.76744,0.76761,1.00,1.10
2018.01.15 01:23:30.927,0.76744,0.76762,1.00,1.50
2018.01.15 01:23:31.740,0.76744,0.76761,1.12,1.00
2018.01.15 01:23:32.513,0.76742,0.76761,1.12,1.12
2018.01.15 01:23:33.778,0.76744,0.76762,1.87,1.00
2018.01.15 01:23:34.189,0.76742,0.76761,1.12,1.12
2018.01.15 01:23:34.609,0.76741,0.76759,1.00,1.00
2018.01.15 01:23:39.690,0.76741,0.76759,1.07,1.00
2018.01.15 01:23:40.249,0.7674,0.7676,1.95,1.50
2018.01.15 01:23:40.910,0.76741,0.76759,1.07,1.00
2018.01.15 01:23:41.392,0.7674,0.76757,1.20,1.00
2018.01.15 01:23:41.901,0.7674,0.76758,1.10,1.12
2018.01.15 01:23:42.941,0.7674,0.76757,1.00,1.00
2018.01.15 01:23:43.514,0.7674,0.76758,1.00,1.12
2018.01.15 01:23:44.211,0.76739,0.76757,1.10,1.00
2018.01.15 01:23:44.780,0.7674,0.76757,1.00,1.00
2018.01.15 01:23:48.960,0.7674,0.76758,1.00,1.12
2018.01.15 01:23:50.208,0.7674,0.76757,1.10,1.00
2018.01.15 01:23:52.789,0.76739,0.76757,2.32,1.00
2018.01.15 01:23:53.554,0.76741,0.76759,1.00,1.50
2018.01.15 01:23:53.808,0.76743,0.76761,1.57,1.12
2018.01.15 01:23:53.859,0.76743,0.76758,1.00,1.00
2018.01.15 01:23:54.189,0.76745,0.76758,1.00,1.00
2018.01.15 01:23:55.341,0.7674,0.76758,3.07,1.00
2018.01.15 01:23:55.392,0.76743,0.76761,1.10,1.00
2018.01.15 01:23:55.493,0.76741,0.76759,2.32,1.00
2018.01.15 01:23:55.729,0.76743,0.76761,1.00,1.00
2018.01.15 01:23:55.994,0.76745,0.76761,1.00,1.00
2018.01.15 01:23:56.689,0.76745,0.76763,1.57,1.50
2018.01.15 01:23:57.491,0.76745,0.76763,1.57,1.00
2018.01.15 01:24:02.138,0.76745,0.76763,1.00,1.37
2018.01.15 01:24:02.391,0.76743,0.76763,1.20,1.50
2018.01.15 01:24:02.615,0.76742,0.7676,1.57,1.50
2018.01.15 01:24:03.226,0.76742,0.7676,1.10,1.12
2018.01.15 01:24:03.540,0.7674,0.7676,1.10,2.25
2018.01.15 01:24:04.046,0.7674,0.76759,1.95,1.50
2018.01.15 01:24:04.730,0.7674,0.76759,2.32,1.50
2018.01.15 01:24:05.249,0.76741,0.76761,1.20,1.50
2018.01.15 01:24:06.010,0.76741,0.76761,1.20,1.50
2018.01.15 01:24:06.329,0.76739,0.76757,1.00,1.12
2018.01.15 01:24:08.044,0.76736,0.76754,2.32,1.00
2018.01.15 01:24:09.360,0.76738,0.76757,2.32,1.12
2018.01.15 01:24:09.635,0.76741,0.76759,1.12,1.00
2018.01.15 01:24:10.071,0.76739,0.76759,1.00,2.25
2018.01.15 01:24:10.304,0.76738,0.76756,1.00,1.12
2018.01.15 01:24:10.832,0.7674,0.76758,1.00,1.12
2018.01.15 01:24:11.136,0.76742,0.7676,1.00,1.12
2018.01.15 01:24:14.230,0.76744,0.76762,1.00,1.87
2018.01.15 01:24:14.662,0.76747,0.76765,1.00,2.25
2018.01.15 01:24:14.896,0.76746,0.76766,1.12,1.12
2018.01.15 01:24:15.261,0.76744,0.76762,2.25,1.00
2018.01.15 01:24:15.312,0.76744,0.76762,1.12,1.00
2018.01.15 01:24:18.244,0.76743,0.76763,1.50,1.12
2018.01.15 01:24:18.867,0.76745,0.76765,1.00,2.25
2018.01.15 01:24:19.552,0.76746,0.76764,1.00,1.50
2018.01.15 01:24:23.725,0.76746,0.76764,1.12,1.00
2018.01.15 01:24:28.073,0.76745,0.76764,1.00,1.00
2018.01.15 01:24:28.919,0.76746,0.76764,1.00,1.50
2018.01.15 01:24:32.279,0.76747,0.76764,1.50,1.00
2018.01.15 01:24:32.330,0.76749,0.76768,1.12,1.87
2018.01.15 01:24:32.533,0.76747,0.76766,1.12,1.12
2018.01.15 01:24:32.886,0.7675,0.76768,1.00,2.25
2018.01.15 01:24:33.077,0.76751,0.7677,1.12,2.62
2018.01.15 01:24:34.062,0.76748,0.76767,1.12,1.12
2018.01.15 01:24:34.402,0.76751,0.76768,1.12,1.00
2018.01.15 01:24:37.046,0.76751,0.7677,1.12,1.12
2018.01.15 01:24:38.158,0.76749,0.76768,1.12,1.12
2018.01.15 01:24:38.906,0.76751,0.76769,1.12,1.00
2018.01.15 01:24:39.311,0.76748,0.76766,1.50,1.50
2018.01.15 01:24:39.362,0.76746,0.76764,1.00,1.12
2018.01.15 01:24:42.964,0.76745,0.76765,1.95,1.50
2018.01.15 01:24:43.723,0.76744,0.76762,1.00,1.00
2018.01.15 01:24:45.183,0.76745,0.76764,1.12,1.12
2018.01.15 01:24:47.536,0.76745,0.76764,2.70,1.12
2018.01.15 01:24:49.013,0.76745,0.76764,2.70,1.00
2018.01.15 01:24:49.064,0.76747,0.76767,1.37,1.12
2018.01.15 01:24:49.928,0.76748,0.76766,1.12,1.00
2018.01.15 01:24:51.803,0.76747,0.76767,1.37,1.12
2018.01.15 01:24:54.056,0.76748,0.76766,1.12,1.00
2018.01.15 01:24:55.201,0.76747,0.76767,1.37,1.12
2018.01.15 01:24:57.695,0.76747,0.76767,1.75,1.00
2018.01.15 01:24:58.110,0.76746,0.76764,1.00,1.50
2018.01.15 01:25:02.233,0.76746,0.76764,1.12,1.12
2018.01.15 01:25:02.832,0.76746,0.76764,1.00,1.50
2018.01.15 01:25:03.084,0.76744,0.76762,1.87,1.00
2018.01.15 01:25:03.981,0.76747,0.76764,1.00,1.00
2018.01.15 01:25:04.756,0.76747,0.76765,1.00,1.12
2018.01.15 01:25:05.346,0.76746,0.76764,1.00,1.00
2018.01.15 01:25:08.367,0.76748,0.76766,1.00,1.50
2018.01.15 01:25:08.418,0.76748,0.76767,1.50,1.00
2018.01.15 01:25:08.661,0.7675,0.7677,1.12,1.50
2018.01.15 01:25:08.712,0.76754,0.76772,1.00,2.25
2018.01.15 01:25:08.814,0.76756,0.76775,1.12,1.12
2018.01.15 01:25:12.847,0.76758,0.76777,1.00,1.75
2018.01.15 01:25:13.823,0.76758,0.76777,1.50,1.00
2018.01.15 01:25:14.928,0.76758,0.76777,1.00,1.50
2018.01.15 01:25:19.430,0.76756,0.76775,1.50,1.00
2018.01.15 01:25:19.860,0.76754,0.76772,1.00,1.12
2018.01.15 01:25:19.963,0.76751,0.76771,1.12,1.37
2018.01.15 01:25:20.065,0.76753,0.76773,1.00,1.75
2018.01.15 01:25:20.116,0.76753,0.76773,1.50,1.12
2018.01.15 01:25:20.218,0.76752,0.76772,1.00,1.12
2018.01.15 01:25:20.977,0.76753,0.76771,1.00,1.00
2018.01.15 01:25:22.487,0.76753,0.76771,1.50,1.00
2018.01.15 01:25:23.619,0.76755,0.76772,1.00,1.00
2018.01.15 01:25:23.896,0.76752,0.7677,2.25,1.00
2018.01.15 01:25:24.429,0.76752,0.7677,1.00,1.00
2018.01.15 01:25:25.981,0.7675,0.76768,1.50,1.00
2018.01.15 01:25:27.544,0.7675,0.76768,2.25,1.00
2018.01.15 01:25:27.596,0.76751,0.76771,1.50,1.87
2018.01.15 01:25:28.190,0.76752,0.7677,1.12,1.50
2018.01.15 01:25:28.501,0.7675,0.76769,1.87,1.12
2018.01.15 01:25:28.821,0.76753,0.7677,1.00,1.00
2018.01.15 01:25:29.570,0.76755,0.7677,1.00,1.00
2018.01.15 01:25:29.796,0.76753,0.7677,1.00,1.00
2018.01.15 01:25:30.649,0.76754,0.7677,1.00,1.00
2018.01.15 01:25:31.218,0.76754,0.76771,1.00,1.12
2018.01.15 01:25:32.005,0.76755,0.76771,1.00,1.12
2018.01.15 01:25:32.538,0.76754,0.76771,1.00,1.12
2018.01.15 01:25:33.281,0.76755,0.76771,1.00,1.12
2018.01.15 01:25:34.379,0.76754,0.76771,1.00,1.12
2018.01.15 01:25:35.614,0.76755,0.76771,1.00,1.12
2018.01.15 01:25:36.283,0.76754,0.76771,1.00,1.12
2018.01.15 01:25:37.739,0.76755,0.76771,1.00,1.12
2018.01.15 01:25:38.085,0.7675,0.76766,2.25,1.00
2018.01.15 01:25:38.136,0.76747,0.76766,1.50,1.50
2018.01.15 01:25:38.681,0.76746,0.76764,1.50,1.00
2018.01.15 01:25:40.356,0.76745,0.76765,3.00,1.00
2018.01.15 01:25:40.631,0.7675,0.76767,1.50,1.12
2018.01.15 01:25:40.834,0.76752,0.7677,1.87,1.00
2018.01.15 01:25:41.524,0.76753,0.7677,1.00,1.00
2018.01.15 01:25:42.229,0.76753,0.76771,1.00,1.12
2018.01.15 01:25:42.745,0.76753,0.7677,1.00,1.00
2018.01.15 01:25:43.109,0.76749,0.76766,2.25,1.00
2018.01.15 01:25:43.160,0.76747,0.76766,1.87,1.12
2018.01.15 01:25:43.414,0.76747,0.76765,1.00,1.50
2018.01.15 01:25:44.109,0.76746,0.76764,1.50,1.12
2018.01.15 01:25:45.070,0.76747,0.76765,1.00,1.50
2018.01.15 01:25:46.257,0.76746,0.76764,1.00,1.12
2018.01.15 01:25:46.565,0.76744,0.7676,1.00,1.00
2018.01.15 01:25:46.667,0.76744,0.76763,1.12,1.87
2018.01.15 01:25:47.214,0.76744,0.76762,1.87,1.00
2018.01.15 01:25:50.348,0.76746,0.76762,1.00,1.00
2018.01.15 01:25:50.858,0.76747,0.76765,1.00,3.00
2018.01.15 01:25:51.898,0.76746,0.76764,1.00,1.50
2018.01.15 01:25:52.101,0.76743,0.76761,1.00,1.12
2018.01.15 01:25:54.910,0.7674,0.76757,1.50,1.12
2018.01.15 01:25:55.113,0.76738,0.76756,1.12,1.00
2018.01.15 01:25:55.726,0.76739,0.76755,1.00,1.00
2018.01.15 01:25:58.484,0.76739,0.76757,1.50,1.12
2018.01.15 01:25:59.360,0.76739,0.76757,1.87,1.00
2018.01.15 01:25:59.412,0.76741,0.7676,1.12,1.12
2018.01.15 01:26:00.127,0.76741,0.76759,1.87,1.00
2018.01.15 01:26:00.845,0.76741,0.76759,1.00,1.50
2018.01.15 01:26:01.747,0.7674,0.7676,1.00,1.75
2018.01.15 01:26:02.310,0.76741,0.76759,1.00,1.50
2018.01.15 01:26:02.540,0.76739,0.76757,1.87,1.00
2018.01.15 01:26:02.743,0.76738,0.76755,1.00,1.00
2018.01.15 01:26:02.946,0.76732,0.7675,1.00,1.00
2018.01.15 01:26:03.266,0.76734,0.76753,1.00,1.12
2018.01.15 01:26:04.142,0.76734,0.76752,1.00,1.00
2018.01.15 01:26:04.243,0.76732,0.7675,1.00,1.00
2018.01.15 01:26:04.945,0.76731,0.76751,1.87,1.12
2018.01.15 01:26:05.329,0.76734,0.76752,1.00,1.00
2018.01.15 01:26:05.582,0.76735,0.76755,2.62,1.50
2018.01.15 01:26:06.212,0.76735,0.76753,1.87,1.00
2018.01.15 01:26:06.313,0.76735,0.76751,1.00,1.00
2018.01.15 01:26:07.639,0.76733,0.76751,1.50,1.50
2018.01.15 01:26:08.249,0.76732,0.76749,1.00,1.00
2018.01.15 01:26:08.300,0.76735,0.76749,1.00,1.00
2018.01.15 01:26:08.401,0.76733,0.76749,1.00,1.00
2018.01.15 01:26:08.503,0.76733,0.76751,1.00,1.12
2018.01.15 01:26:11.874,0.76735,0.76751,1.00,1.12
2018.01.15 01:26:12.078,0.76736,0.76753,1.00,1.00
2018.01.15 01:26:12.740,0.76736,0.76754,1.00,1.12
2018.01.15 01:26:13.342,0.76736,0.76753,1.00,1.00
2018.01.15 01:26:13.863,0.76736,0.76754,1.00,1.12
2018.01.15 01:26:15.479,0.76737,0.76754,1.00,1.12
2018.01.15 01:26:16.331,0.76737,0.76753,1.00,1.00
2018.01.15 01:26:19.231,0.76737,0.76756,1.00,1.12
2018.01.15 01:26:19.809,0.76737,0.76755,1.50,1.00
2018.01.15 01:26:21.980,0.76739,0.76755,1.00,1.00
2018.01.15 01:26:22.031,0.76741,0.76759,1.00,1.87
2018.01.15 01:26:22.133,0.76739,0.76757,1.50,1.12
2018.01.15 01:26:22.478,0.76739,0.76754,1.00,1.00
2018.01.15 01:26:23.465,0.76739,0.76752,1.00,1.00
2018.01.15 01:26:23.516,0.76737,0.76752,1.00,1.00
2018.01.15 01:26:23.567,0.76734,0.76752,2.62,1.00
2018.01.15 01:26:26.520,0.76734,0.76753,1.87,1.12
2018.01.15 01:26:28.864,0.76734,0.76752,2.62,1.00
2018.01.15 01:26:30.139,0.76735,0.76752,1.00,1.00
2018.01.15 01:26:32.265,0.76737,0.76752,1.00,1.00
2018.01.15 01:26:36.396,0.76737,0.76753,1.00,1.12
2018.01.15 01:26:36.900,0.76737,0.76752,1.00,1.00
2018.01.15 01:26:36.951,0.76735,0.76752,1.50,1.00
2018.01.15 01:26:38.414,0.76734,0.76752,1.87,1.00
2018.01.15 01:26:38.465,0.76734,0.76749,1.00,1.00
2018.01.15 01:26:39.157,0.76733,0.76749,1.00,1.00
2018.01.15 01:26:41.096,0.76733,0.76749,1.00,1.50
2018.01.15 01:26:41.148,0.76729,0.76745,1.87,1.00
2018.01.15 01:26:41.661,0.76728,0.76746,1.00,1.00
2018.01.15 01:26:42.248,0.76728,0.76745,1.00,1.00
2018.01.15 01:26:42.386,0.76726,0.76746,1.87,1.00
2018.01.15 01:26:42.437,0.76726,0.76744,1.50,1.12
2018.01.15 01:26:49.915,0.76727,0.76744,1.00,1.12
2018.01.15 01:26:50.070,0.76728,0.76746,1.12,1.50
2018.01.15 01:26:50.121,0.7673,0.76746,1.00,1.50
2018.01.15 01:26:50.172,0.76727,0.76746,1.87,1.00
2018.01.15 01:26:50.223,0.76726,0.76744,1.87,1.00
2018.01.15 01:26:52.231,0.76726,0.76745,1.12,1.12
2018.01.15 01:26:53.056,0.76726,0.76744,1.12,1.00
2018.01.15 01:26:55.216,0.76726,0.76744,1.00,1.37
2018.01.15 01:26:56.862,0.76725,0.76741,1.00,1.00
2018.01.15 01:27:06.238,0.76729,0.76747,1.00,2.25
2018.01.15 01:27:06.340,0.76731,0.76749,1.00,1.12
2018.01.15 01:27:06.915,0.76732,0.7675,1.00,1.50
2018.01.15 01:27:07.214,0.7673,0.76748,1.50,1.12
2018.01.15 01:27:08.116,0.7673,0.76748,1.87,1.00
2018.01.15 01:27:08.167,0.76731,0.7675,1.12,1.87
2018.01.15 01:27:12.402,0.76731,0.76749,1.12,1.00
2018.01.15 01:27:12.565,0.76726,0.76746,2.25,1.00
2018.01.15 01:27:12.667,0.76724,0.76744,2.25,1.87
2018.01.15 01:27:18.125,0.76725,0.76744,1.00,2.25
2018.01.15 01:27:18.634,0.76724,0.76742,1.50,1.12
2018.01.15 01:27:19.248,0.76725,0.76742,1.00,1.12
2018.01.15 01:27:23.331,0.7673,0.76746,1.00,1.50
2018.01.15 01:27:23.382,0.76727,0.76746,1.12,1.12
2018.01.15 01:27:23.535,0.76729,0.76747,1.00,2.25
2018.01.15 01:27:23.586,0.76726,0.76747,1.87,2.25
2018.01.15 01:27:24.106,0.76727,0.76745,1.12,1.00
2018.01.15 01:27:24.467,0.76724,0.76742,2.25,1.00
2018.01.15 01:27:24.518,0.76726,0.76744,1.00,1.12
2018.01.15 01:27:29.779,0.76725,0.76744,1.87,1.12
2018.01.15 01:27:30.330,0.76725,0.76743,1.12,1.00
2018.01.15 01:27:31.760,0.76725,0.76741,1.00,1.00
2018.01.15 01:27:32.489,0.76724,0.76741,1.00,1.00
2018.01.15 01:27:32.698,0.76725,0.76743,1.00,1.00
2018.01.15 01:27:33.234,0.76725,0.76744,1.12,1.12
2018.01.15 01:27:33.736,0.76725,0.76743,1.00,1.50
2018.01.15 01:27:34.256,0.76725,0.76741,1.00,1.00
2018.01.15 01:27:35.188,0.76724,0.76741,1.50,1.00
2018.01.15 01:27:37.903,0.76725,0.76741,1.60,1.00
2018.01.15 01:27:38.005,0.76728,0.76747,1.00,1.50
2018.01.15 01:27:38.260,0.7673,0.76747,1.00,1.00
2018.01.15 01:27:38.927,0.7673,0.76748,1.50,1.87
2018.01.15 01:27:39.234,0.7673,0.76746,1.00,1.12
2018.01.15 01:27:39.546,0.76729,0.76744,1.00,1.00
2018.01.15 01:27:40.764,0.76727,0.76744,1.00,1.00
2018.01.15 01:27:41.242,0.76725,0.76745,2.62,1.75
2018.01.15 01:27:41.984,0.76726,0.76744,1.12,1.12
2018.01.15 01:27:42.590,0.76726,0.76744,1.50,1.00
2018.01.15 01:27:42.641,0.7673,0.76747,1.50,1.12
2018.01.15 01:27:43.176,0.7673,0.76748,2.25,1.50
2018.01.15 01:27:43.359,0.76727,0.76747,1.87,1.87
2018.01.15 01:27:43.878,0.76728,0.76746,1.00,1.12
2018.01.15 01:27:43.929,0.76725,0.76744,2.25,1.12
2018.01.15 01:27:44.031,0.76727,0.76745,1.00,1.00
2018.01.15 01:27:44.500,0.7673,0.76746,1.00,1.00
2018.01.15 01:27:45.242,0.7673,0.76745,1.00,1.00
2018.01.15 01:27:45.293,0.7673,0.76747,1.00,1.50
2018.01.15 01:27:45.815,0.76729,0.76747,1.50,1.00
2018.01.15 01:27:46.346,0.76728,0.76747,1.00,1.50
2018.01.15 01:27:46.925,0.76729,0.76747,1.00,1.00
2018.01.15 01:27:47.822,0.76728,0.76748,1.87,1.12
2018.01.15 01:27:48.619,0.76729,0.76747,1.00,1.00
2018.01.15 01:27:50.057,0.76728,0.76748,1.87,1.12
2018.01.15 01:27:50.108,0.7673,0.76748,1.00,1.12
2018.01.15 01:27:50.649,0.7673,0.76747,1.00,1.00
2018.01.15 01:27:51.195,0.76726,0.76746,1.12,1.12
2018.01.15 01:27:51.246,0.7673,0.76745,1.00,1.00
2018.01.15 01:27:51.415,0.76727,0.76745,1.00,1.00
2018.01.15 01:27:51.924,0.7673,0.76746,1.00,1.12
2018.01.15 01:27:52.030,0.76726,0.76746,1.12,1.12
2018.01.15 01:27:52.226,0.7673,0.76746,1.00,1.12
2018.01.15 01:27:52.750,0.76729,0.76746,1.00,1.12
2018.01.15 01:27:53.162,0.76731,0.76748,1.00,1.00
2018.01.15 01:27:53.674,0.7673,0.76747,1.00,1.00
2018.01.15 01:27:54.281,0.76729,0.76747,1.50,1.00
2018.01.15 01:27:54.885,0.7673,0.76747,1.00,1.00
2018.01.15 01:27:55.190,0.76732,0.7675,1.00,2.25
2018.01.15 01:27:55.241,0.76732,0.7675,1.00,1.87
2018.01.15 01:27:56.658,0.76732,0.7675,1.00,2.25
2018.01.15 01:27:56.709,0.76729,0.76748,2.62,1.12
2018.01.15 01:27:57.394,0.7673,0.76748,1.00,1.12
2018.01.15 01:27:58.146,0.76729,0.76748,2.62,1.12
2018.01.15 01:27:58.527,0.76731,0.76749,1.00,1.50
2018.01.15 01:28:00.068,0.76731,0.76749,1.12,1.00
2018.01.15 01:28:00.833,0.7673,0.7675,2.25,1.12
2018.01.15 01:28:01.367,0.76731,0.76749,1.12,1.00
2018.01.15 01:28:01.929,0.7673,0.7675,2.25,1.12
2018.01.15 01:28:02.590,0.76731,0.76749,1.50,1.00
2018.01.15 01:28:07.009,0.76734,0.76752,1.00,1.12
2018.01.15 01:28:14.185,0.76735,0.76752,1.00,1.12
2018.01.15 01:28:14.884,0.76734,0.76752,1.00,1.12
2018.01.15 01:28:15.857,0.76735,0.76752,1.00,1.12
2018.01.15 01:28:16.535,0.76734,0.76752,1.87,1.00
2018.01.15 01:28:21.482,0.76735,0.76752,1.00,1.00
2018.01.15 01:28:21.752,0.76736,0.76754,1.00,1.12
2018.01.15 01:28:22.862,0.76736,0.76754,1.37,1.00
2018.01.15 01:28:22.913,0.76738,0.76756,1.00,1.12
2018.01.15 01:28:24.100,0.7674,0.76757,1.00,1.37
2018.01.15 01:28:24.151,0.76739,0.76759,1.50,1.12
2018.01.15 01:28:24.253,0.76742,0.7676,1.00,3.00
2018.01.15 01:28:24.825,0.76741,0.7676,1.00,2.25
2018.01.15 01:28:25.374,0.76742,0.76758,1.00,1.00
2018.01.15 01:28:25.526,0.7674,0.76757,1.00,1.00
2018.01.15 01:28:25.679,0.76738,0.76758,1.87,1.87
2018.01.15 01:28:26.251,0.76739,0.76757,1.00,1.00
2018.01.15 01:28:27.069,0.76738,0.76758,1.87,1.87
2018.01.15 01:28:28.122,0.76738,0.76758,1.50,2.25
2018.01.15 01:28:28.892,0.76737,0.76757,1.12,1.50
2018.01.15 01:28:29.526,0.76738,0.76756,1.00,1.12
2018.01.15 01:28:32.271,0.7674,0.76756,1.00,1.12
2018.01.15 01:28:32.424,0.76735,0.76755,1.87,1.12
2018.01.15 01:28:32.527,0.7674,0.76754,1.00,1.00
2018.01.15 01:28:32.670,0.76737,0.76754,1.37,1.00
2018.01.15 01:28:32.721,0.76739,0.76757,1.00,1.00
2018.01.15 01:28:35.156,0.76738,0.76758,1.00,1.00
2018.01.15 01:28:35.207,0.76736,0.76754,3.00,1.00
2018.01.15 01:28:35.748,0.76736,0.76754,1.50,1.00
2018.01.15 01:28:36.249,0.76735,0.76755,3.37,1.12
2018.01.15 01:28:36.786,0.76736,0.76754,1.00,1.00
2018.01.15 01:28:39.462,0.76736,0.76755,1.00,1.12
2018.01.15 01:28:39.970,0.76736,0.76754,1.87,1.00
2018.01.15 01:28:43.254,0.76738,0.76756,1.00,1.12
2018.01.15 01:28:44.307,0.7674,0.76757,1.00,1.37
2018.01.15 01:28:44.460,0.7674,0.76758,1.00,1.12
2018.01.15 01:28:44.713,0.76738,0.76755,1.00,1.00
2018.01.15 01:28:44.967,0.76733,0.76751,1.00,1.00
2018.01.15 01:28:45.018,0.76732,0.76748,1.00,1.00
2018.01.15 01:28:45.421,0.76733,0.76751,1.00,1.12
2018.01.15 01:28:46.923,0.76732,0.76752,1.87,1.50
2018.01.15 01:28:47.025,0.76735,0.76753,1.50,1.12
2018.01.15 01:28:47.608,0.76734,0.76754,1.87,1.37
2018.01.15 01:28:48.170,0.76735,0.76753,1.50,1.12
2018.01.15 01:28:48.849,0.76733,0.76751,1.37,1.00
2018.01.15 01:28:49.590,0.76733,0.76751,1.00,1.12
2018.01.15 01:28:52.003,0.76735,0.76751,1.00,1.12
2018.01.15 01:28:52.054,0.76737,0.76754,1.00,1.12
2018.01.15 01:28:52.267,0.76737,0.76756,2.25,1.00
2018.01.15 01:28:52.892,0.76737,0.76756,1.12,1.00
2018.01.15 01:28:53.896,0.76739,0.76757,1.00,1.12
2018.01.15 01:28:54.405,0.7674,0.76757,1.00,1.00
2018.01.15 01:28:54.951,0.76739,0.76757,1.87,1.00
2018.01.15 01:28:56.297,0.76736,0.76754,5.10,1.00
2018.01.15 01:28:56.348,0.76736,0.76754,2.85,1.12
2018.01.15 01:28:57.121,0.7674,0.76754,1.00,1.12
2018.01.15 01:28:57.225,0.7674,0.76756,1.00,1.00
2018.01.15 01:28:57.886,0.76739,0.76756,1.00,1.00
2018.01.15 01:28:58.495,0.7674,0.76756,1.00,1.00
2018.01.15 01:29:00.786,0.7674,0.76756,1.00,1.50
2018.01.15 01:29:01.517,0.76739,0.76757,1.00,1.75
2018.01.15 01:29:02.051,0.76739,0.76757,1.50,1.50
2018.01.15 01:29:02.625,0.76739,0.76757,1.50,1.12
2018.01.15 01:29:03.168,0.76739,0.76756,1.00,1.00
2018.01.15 01:29:03.828,0.7674,0.76756,1.00,1.00
2018.01.15 01:29:07.339,0.7674,0.7676,1.00,2.25
2018.01.15 01:29:08.187,0.7674,0.76759,1.50,1.00
2018.01.15 01:29:14.627,0.7674,0.7676,1.50,1.50
2018.01.15 01:29:14.917,0.76738,0.76756,1.12,1.00
2018.01.15 01:29:15.447,0.76739,0.76756,1.00,1.00
2018.01.15 01:29:16.934,0.7674,0.76756,1.00,1.00
2018.01.15 01:29:21.853,0.76741,0.76758,1.00,1.12
2018.01.15 01:29:22.376,0.76741,0.76759,1.00,1.00
2018.01.15 01:29:22.918,0.76741,0.76759,1.50,1.00
2018.01.15 01:29:25.121,0.76741,0.76759,1.12,1.12
2018.01.15 01:29:25.649,0.7674,0.7676,2.62,1.50
2018.01.15 01:29:25.751,0.76741,0.76759,1.50,1.00
2018.01.15 01:29:26.589,0.76745,0.76759,1.00,1.00
2018.01.15 01:29:26.640,0.76745,0.76762,1.00,1.50
2018.01.15 01:29:26.754,0.76747,0.76765,1.37,1.12
2018.01.15 01:29:26.805,0.76746,0.76765,1.12,1.12
2018.01.15 01:29:26.863,0.76747,0.76767,1.50,1.87
2018.01.15 01:29:27.207,0.76744,0.76762,1.12,1.00
2018.01.15 01:29:27.640,0.76747,0.76765,1.12,1.00
2018.01.15 01:29:27.983,0.76743,0.76762,1.12,1.12
2018.01.15 01:29:35.039,0.76741,0.76759,1.00,1.00
2018.01.15 01:29:35.544,0.76741,0.7676,1.12,1.12
2018.01.15 01:29:35.935,0.7674,0.76758,1.50,1.12
2018.01.15 01:29:52.809,0.7674,0.7676,1.00,1.50
2018.01.15 01:29:52.860,0.76744,0.7676,1.00,1.50
2018.01.15 01:29:52.912,0.76742,0.7676,1.50,1.00
2018.01.15 01:29:53.013,0.7674,0.76759,2.62,1.12
2018.01.15 01:29:53.071,0.76744,0.76762,1.00,1.75
2018.01.15 01:29:53.123,0.76743,0.76763,1.50,1.12
2018.01.15 01:29:53.638,0.76744,0.76762,1.12,1.00
2018.01.15 01:29:54.187,0.76744,0.76763,1.12,1.87
2018.01.15 01:29:55.989,0.76741,0.7676,1.12,1.87
2018.01.15 01:29:56.351,0.76743,0.76762,1.00,1.00
2018.01.15 01:29:56.698,0.76743,0.7676,1.00,1.00
2018.01.15 01:29:56.874,0.76739,0.76759,1.12,1.87
2018.01.15 01:29:57.316,0.76742,0.76761,1.12,1.12
2018.01.15 01:29:58.809,0.7674,0.76759,2.62,1.12
2018.01.15 01:30:04.076,0.76741,0.76762,1.50,1.50
2018.01.15 01:30:04.397,0.76745,0.76763,1.12,1.00
2018.01.15 01:30:15.362,0.76745,0.76762,1.00,1.00
2018.01.15 01:30:17.924,0.76744,0.76761,1.00,1.00
2018.01.15 01:30:19.864,0.76743,0.76761,1.50,1.00
2018.01.15 01:30:20.390,0.76743,0.7676,1.00,1.00
2018.01.15 01:30:21.162,0.76741,0.76758,1.00,1.00
2018.01.15 01:30:22.193,0.76741,0.76759,1.00,1.12
2018.01.15 01:30:22.596,0.76743,0.7676,1.00,1.50
2018.01.15 01:30:22.886,0.76741,0.76759,1.00,1.12
2018.01.15 01:30:23.482,0.76741,0.76759,1.00,1.50
2018.01.15 01:30:23.533,0.76739,0.76757,1.50,1.00
2018.01.15 01:30:24.185,0.76739,0.76758,1.00,1.50
2018.01.15 01:30:24.236,0.76738,0.76755,1.00,1.00
2018.01.15 01:30:24.926,0.76737,0.76755,1.00,1.12
2018.01.15 01:30:25.494,0.76737,0.76755,1.50,1.00
2018.01.15 01:30:26.902,0.7674,0.76755,1.00,1.00
2018.01.15 01:30:26.953,0.7674,0.76758,1.00,1.00
2018.01.15 01:30:27.055,0.76742,0.7676,1.00,1.00
2018.01.15 01:30:27.724,0.7674,0.76757,1.87,1.00
2018.01.15 01:30:33.104,0.7674,0.76756,1.00,1.00
2018.01.15 01:30:33.155,0.7674,0.76759,1.00,2.25
2018.01.15 01:30:33.566,0.76744,0.76759,1.00,1.00
2018.01.15 01:30:33.616,0.76741,0.76759,1.50,1.00
2018.01.15 01:30:34.221,0.76741,0.7676,1.00,1.00
2018.01.15 01:30:35.437,0.76743,0.76761,1.00,1.00
2018.01.15 01:30:35.640,0.76744,0.76763,1.00,1.00
2018.01.15 01:30:36.254,0.76745,0.76763,1.00,1.50
2018.01.15 01:30:36.521,0.76743,0.76761,1.00,1.00
2018.01.15 01:30:47.042,0.76742,0.76762,1.12,1.12
2018.01.15 01:30:48.580,0.76743,0.76761,1.00,1.00
2018.01.15 01:30:49.225,0.76741,0.76758,1.00,1.12
2018.01.15 01:30:51.175,0.7674,0.76758,2.25,1.12
2018.01.15 01:30:51.922,0.76741,0.76758,1.00,1.12
2018.01.15 01:30:53.795,0.7674,0.76758,2.25,1.12
2018.01.15 01:30:54.893,0.76741,0.76758,1.00,1.12
2018.01.15 01:30:55.770,0.76745,0.76761,1.00,1.12
2018.01.15 01:30:55.821,0.76747,0.76765,1.87,1.00
2018.01.15 01:30:55.872,0.76749,0.76766,1.00,1.00
2018.01.15 01:30:56.492,0.7675,0.76766,1.00,1.00
2018.01.15 01:30:56.785,0.76751,0.76769,1.00,1.50
2018.01.15 01:30:57.483,0.76751,0.76769,1.12,1.00
2018.01.15 01:30:58.592,0.76749,0.76766,1.00,1.00
2018.01.15 01:30:58.796,0.76751,0.76769,1.12,1.00
2018.01.15 01:30:58.948,0.76753,0.76771,1.00,1.50
2018.01.15 01:30:59.313,0.76751,0.76769,1.12,1.00
2018.01.15 01:31:05.519,0.76753,0.76771,1.00,1.12
2018.01.15 01:31:07.025,0.76751,0.76769,1.37,1.00
2018.01.15 01:31:08.848,0.76751,0.76769,1.00,1.12
2018.01.15 01:31:10.355,0.76751,0.76769,1.00,1.87
2018.01.15 01:31:10.406,0.76749,0.76767,1.00,1.12
2018.01.15 01:31:15.483,0.7675,0.76767,1.00,1.00
2018.01.15 01:31:19.193,0.76749,0.76767,2.62,1.00
2018.01.15 01:31:19.295,0.76755,0.76769,1.00,1.00
2018.01.15 01:31:19.396,0.76755,0.76773,1.12,1.00
2018.01.15 01:31:19.498,0.76753,0.76771,1.37,1.00
2018.01.15 01:31:19.689,0.76756,0.76774,1.12,1.00
2018.01.15 01:31:20.871,0.76755,0.76775,1.50,2.62
2018.01.15 01:31:21.197,0.76759,0.76776,1.00,1.00
2018.01.15 01:31:23.333,0.76758,0.76776,1.50,1.00
2018.01.15 01:31:26.373,0.76759,0.76776,1.00,1.00
2018.01.15 01:31:26.684,0.76757,0.76776,1.12,1.12
2018.01.15 01:31:33.240,0.76755,0.76774,1.87,1.12
2018.01.15 01:31:35.222,0.76755,0.76773,1.50,1.75
2018.01.15 01:31:35.273,0.76753,0.7677,1.00,1.00
2018.01.15 01:31:38.495,0.76752,0.7677,1.87,1.00
2018.01.15 01:31:39.365,0.76755,0.7677,1.00,1.00
2018.01.15 01:31:42.140,0.76754,0.7677,1.00,1.00
2018.01.15 01:31:42.191,0.76752,0.7677,1.12,1.00
2018.01.15 01:31:43.019,0.76751,0.76771,1.50,1.12
2018.01.15 01:31:44.368,0.76752,0.7677,1.12,1.00
2018.01.15 01:31:47.650,0.76755,0.76771,1.00,1.12
2018.01.15 01:31:47.701,0.76755,0.76774,1.12,1.12
2018.01.15 01:31:47.804,0.7676,0.76774,1.00,1.12
2018.01.15 01:31:47.905,0.76758,0.76776,1.00,1.00
2018.01.15 01:31:48.209,0.76755,0.76775,1.12,1.50
2018.01.15 01:31:48.929,0.76755,0.76773,1.12,1.00
2018.01.15 01:31:48.980,0.76753,0.76773,1.12,1.87
2018.01.15 01:31:49.725,0.76754,0.76772,1.00,1.00
2018.01.15 01:31:52.971,0.76754,0.76772,1.00,1.37
2018.01.15 01:31:53.022,0.76752,0.7677,1.87,1.00
2018.01.15 01:31:53.685,0.76752,0.76771,1.12,1.87
2018.01.15 01:31:54.223,0.76752,0.7677,1.87,1.00
2018.01.15 01:31:54.941,0.76751,0.76771,1.50,2.25
2018.01.15 01:31:54.992,0.76746,0.76765,1.87,1.12
2018.01.15 01:31:55.144,0.76748,0.76766,1.50,1.00
2018.01.15 01:31:55.296,0.76749,0.76769,1.12,1.50
2018.01.15 01:31:56.982,0.7675,0.76768,1.00,1.12
2018.01.15 01:31:58.583,0.7675,0.76768,1.37,1.00
2018.01.15 01:31:58.684,0.7675,0.7677,1.50,1.87
2018.01.15 01:32:02.040,0.76753,0.76771,1.00,1.00
2018.01.15 01:32:07.134,0.76755,0.76771,1.00,1.00
2018.01.15 01:32:07.185,0.76755,0.76773,1.12,1.50
2018.01.15 01:32:16.272,0.76756,0.76773,1.00,1.12
2018.01.15 01:32:18.693,0.76755,0.76771,1.00,1.00
2018.01.15 01:32:28.204,0.76753,0.76772,1.12,1.00
2018.01.15 01:32:28.307,0.76754,0.76769,1.00,1.00
2018.01.15 01:32:28.439,0.76754,0.76772,1.00,1.12
2018.01.15 01:32:30.294,0.76752,0.76768,1.37,1.00
2018.01.15 01:32:30.345,0.76751,0.76768,1.00,1.12
2018.01.15 01:32:30.731,0.76752,0.76771,1.12,1.12
2018.01.15 01:32:32.431,0.76753,0.76771,1.00,1.12
2018.01.15 01:32:34.006,0.76753,0.76772,1.12,1.00
2018.01.15 01:32:34.057,0.76755,0.76772,1.00,1.00
2018.01.15 01:32:34.568,0.76754,0.76772,2.25,1.00
2018.01.15 01:32:35.113,0.76755,0.76772,1.00,1.00
2018.01.15 01:32:37.592,0.76756,0.76774,1.00,1.12
2018.01.15 01:32:37.845,0.76754,0.76772,1.50,1.00
2018.01.15 01:32:38.407,0.76754,0.76772,1.00,1.00
2018.01.15 01:32:38.734,0.76756,0.76774,1.00,1.00
2018.01.15 01:32:42.022,0.76755,0.76773,1.00,1.12
2018.01.15 01:32:43.186,0.76755,0.76772,1.00,1.00
2018.01.15 01:32:45.189,0.76754,0.76772,1.50,1.00
2018.01.15 01:32:45.671,0.76754,0.7677,1.00,1.00
2018.01.15 01:32:47.471,0.76755,0.7677,1.00,1.00
2018.01.15 01:32:50.052,0.76755,0.76772,1.00,1.00
2018.01.15 01:32:55.130,0.76755,0.76773,1.00,1.12
2018.01.15 01:32:55.951,0.76755,0.76772,1.00,1.00
2018.01.15 01:32:56.913,0.76754,0.76772,1.50,1.00
2018.01.15 01:32:57.380,0.76755,0.76772,1.87,1.00
2018.01.15 01:32:57.532,0.76756,0.76775,1.12,1.12
2018.01.15 01:33:00.021,0.76755,0.76772,2.25,1.00
2018.01.15 01:33:00.275,0.76756,0.76774,1.87,1.00
2018.01.15 01:33:01.111,0.76757,0.76776,1.00,1.50
2018.01.15 01:33:01.612,0.76756,0.76774,1.87,1.00
2018.01.15 01:33:02.313,0.76756,0.76774,1.00,1.37
2018.01.15 01:33:02.913,0.76756,0.76774,1.12,1.00
2018.01.15 01:33:03.116,0.76757,0.76777,1.12,1.12
2018.01.15 01:33:03.270,0.76757,0.76777,1.00,1.50
2018.01.15 01:33:03.576,0.76759,0.76777,1.00,1.12
2018.01.15 01:33:03.941,0.76757,0.76775,1.00,1.00
2018.01.15 01:33:04.870,0.76756,0.76776,1.87,1.12
2018.01.15 01:33:05.420,0.76757,0.76775,1.00,1.00
2018.01.15 01:33:07.050,0.76755,0.76771,1.12,1.00
2018.01.15 01:33:07.608,0.76754,0.76771,1.50,1.00
2018.01.15 01:33:08.265,0.76755,0.76771,1.00,1.00
2018.01.15 01:33:09.510,0.76755,0.76772,1.50,1.12
2018.01.15 01:33:09.781,0.76758,0.76776,1.00,1.12
2018.01.15 01:33:09.832,0.76758,0.76774,1.00,1.00
2018.01.15 01:33:09.883,0.76758,0.76776,1.00,1.87
2018.01.15 01:33:09.935,0.76756,0.76774,1.50,1.00
2018.01.15 01:33:09.986,0.76755,0.76773,1.12,1.00
2018.01.15 01:33:10.037,0.76757,0.76775,1.00,1.37
2018.01.15 01:33:10.088,0.76754,0.76773,1.87,1.00
2018.01.15 01:33:12.771,0.76755,0.76773,1.00,1.50
2018.01.15 01:33:14.356,0.76754,0.76773,1.00,1.50
2018.01.15 01:33:14.870,0.76754,0.76771,1.00,1.00
2018.01.15 01:33:15.448,0.76755,0.76771,1.12,1.00
2018.01.15 01:33:15.499,0.76755,0.76773,1.87,1.00
2018.01.15 01:33:15.752,0.76757,0.76775,1.00,1.50
2018.01.15 01:33:16.994,0.76754,0.76774,3.75,1.12
2018.01.15 01:33:18.587,0.76757,0.76775,1.00,2.25
2018.01.15 01:33:21.441,0.76757,0.76775,1.00,1.00
2018.01.15 01:33:21.840,0.76756,0.76776,1.87,1.00
2018.01.15 01:33:22.659,0.76758,0.76776,1.00,1.00
2018.01.15 01:33:23.323,0.76757,0.76777,1.00,1.50
2018.01.15 01:33:23.725,0.7676,0.76777,1.00,1.50
2018.01.15 01:33:24.691,0.7676,0.76776,1.00,1.00
2018.01.15 01:33:25.004,0.76758,0.76776,1.00,1.00
2018.01.15 01:33:26.204,0.76758,0.76776,1.00,1.37
2018.01.15 01:33:26.255,0.76756,0.76774,1.00,1.00
2018.01.15 01:33:27.366,0.76755,0.76775,2.62,1.12
2018.01.15 01:33:27.519,0.76759,0.76775,1.00,1.12
2018.01.15 01:33:27.569,0.76755,0.76775,1.87,1.12
2018.01.15 01:33:28.154,0.76759,0.76775,1.00,1.12
2018.01.15 01:33:28.658,0.76756,0.76774,1.87,1.00
2018.01.15 01:33:33.258,0.76758,0.76777,1.00,1.50
2018.01.15 01:33:33.354,0.7676,0.76777,1.00,1.50
2018.01.15 01:33:33.888,0.7676,0.76776,1.00,1.12
2018.01.15 01:33:34.415,0.76759,0.76776,1.00,1.12
2018.01.15 01:33:34.981,0.76757,0.76776,1.12,1.12
2018.01.15 01:33:35.235,0.7676,0.76776,1.00,1.12
2018.01.15 01:33:35.969,0.76759,0.76776,1.00,1.12
2018.01.15 01:33:36.019,0.76757,0.76776,1.50,1.12
2018.01.15 01:33:37.608,0.7676,0.76776,1.00,1.12
2018.01.15 01:33:41.033,0.7676,0.76777,1.00,1.00
2018.01.15 01:33:41.392,0.7676,0.76775,1.00,1.00
2018.01.15 01:33:42.191,0.7676,0.76776,1.00,1.00
2018.01.15 01:33:42.808,0.76759,0.76776,1.00,1.00
2018.01.15 01:33:43.899,0.76759,0.76775,1.00,1.00
2018.01.15 01:33:44.406,0.7676,0.76775,1.00,1.00
2018.01.15 01:33:45.118,0.76759,0.76775,1.00,1.00
2018.01.15 01:33:47.016,0.7676,0.76775,1.00,1.00
2018.01.15 01:33:47.067,0.76757,0.76775,1.50,1.00
2018.01.15 01:33:47.118,0.7676,0.76775,1.00,1.00
2018.01.15 01:33:47.220,0.76757,0.76775,1.50,1.00
2018.01.15 01:33:47.892,0.7676,0.76775,1.00,1.00
2018.01.15 01:33:47.993,0.76757,0.76775,1.50,1.00
2018.01.15 01:33:53.001,0.76757,0.76776,1.00,1.00
2018.01.15 01:33:53.699,0.76757,0.76775,1.50,1.00
2018.01.15 01:33:55.712,0.76756,0.76776,1.00,1.00
2018.01.15 01:33:55.865,0.76755,0.76772,1.00,1.00
2018.01.15 01:33:56.391,0.76755,0.76773,1.00,1.12
2018.01.15 01:33:56.941,0.76755,0.76772,1.00,1.00
2018.01.15 01:34:00.618,0.76755,0.76773,1.00,1.12
2018.01.15 01:34:01.290,0.76755,0.76772,1.00,1.00
2018.01.15 01:34:03.025,0.76754,0.76772,1.87,1.00
2018.01.15 01:34:03.571,0.76754,0.76773,1.12,1.12
2018.01.15 01:34:04.213,0.76755,0.76773,1.00,1.12
2018.01.15 01:34:06.058,0.76756,0.76772,1.00,1.00
2018.01.15 01:34:06.362,0.76758,0.76775,1.00,1.12
2018.01.15 01:34:07.381,0.76759,0.76775,1.00,1.12
2018.01.15 01:34:09.138,0.7676,0.76775,1.00,1.12
2018.01.15 01:34:10.126,0.76761,0.76778,1.00,2.25
2018.01.15 01:34:10.177,0.76762,0.76778,1.00,1.00
2018.01.15 01:34:10.865,0.76762,0.76777,1.00,1.12
2018.01.15 01:34:11.018,0.7676,0.76778,1.00,1.50
2018.01.15 01:34:12.162,0.76758,0.76778,1.72,1.50
2018.01.15 01:34:12.736,0.7676,0.76778,1.00,1.50
2018.01.15 01:34:13.378,0.76761,0.76777,1.00,1.12
2018.01.15 01:34:14.160,0.76761,0.76779,1.50,1.00
2018.01.15 01:34:15.059,0.76765,0.76783,1.00,1.12
2018.01.15 01:34:15.667,0.76764,0.76782,1.00,1.50
2018.01.15 01:34:15.717,0.76761,0.76779,1.00,1.12
2018.01.15 01:34:31.650,0.7676,0.76778,1.00,1.00
2018.01.15 01:34:44.397,0.7676,0.76778,1.50,1.00
2018.01.15 01:34:44.763,0.76759,0.76779,1.87,1.12
2018.01.15 01:34:45.268,0.7676,0.76778,1.00,1.00
2018.01.15 01:34:48.526,0.76759,0.76776,1.00,1.00
2018.01.15 01:34:53.007,0.76758,0.76776,1.00,1.00
2018.01.15 01:34:53.315,0.76756,0.76774,1.00,1.12
2018.01.15 01:34:54.186,0.76755,0.76771,1.12,1.00
2018.01.15 01:34:54.288,0.76751,0.76769,1.00,1.12
2018.01.15 01:34:57.421,0.7675,0.76768,1.00,1.50
2018.01.15 01:34:57.472,0.76748,0.76768,1.00,1.50
2018.01.15 01:34:57.523,0.7675,0.76768,1.00,1.50
2018.01.15 01:34:58.229,0.7675,0.76767,1.00,1.00
2018.01.15 01:34:58.889,0.7675,0.76768,1.00,1.50
2018.01.15 01:34:59.487,0.76747,0.76765,1.00,1.12
2018.01.15 01:35:03.338,0.76746,0.76766,1.12,1.50
2018.01.15 01:35:03.946,0.76747,0.76765,1.00,1.12
2018.01.15 01:35:07.726,0.76747,0.76765,1.00,1.50
2018.01.15 01:35:07.827,0.76744,0.76762,1.00,1.12
2018.01.15 01:35:08.366,0.76743,0.76761,1.00,1.00
2018.01.15 01:35:08.465,0.76745,0.76761,1.00,1.00
2018.01.15 01:35:08.517,0.76745,0.76763,1.50,1.00
2018.01.15 01:35:08.670,0.76748,0.76766,1.00,1.75
2018.01.15 01:35:08.721,0.76748,0.76766,1.00,1.12
2018.01.15 01:35:17.175,0.76746,0.76765,1.37,1.00
2018.01.15 01:35:17.328,0.76743,0.76761,2.25,1.00
2018.01.15 01:35:17.379,0.76743,0.76761,1.00,1.00
2018.01.15 01:35:17.927,0.76744,0.76761,1.00,1.00
2018.01.15 01:35:18.514,0.76745,0.76761,1.00,1.00
2018.01.15 01:35:19.155,0.76747,0.76765,1.00,1.12
2018.01.15 01:35:19.206,0.76746,0.76763,1.00,1.00
2018.01.15 01:35:20.320,0.76746,0.76764,1.00,1.00
2018.01.15 01:35:20.829,0.76749,0.76767,1.00,1.50
2018.01.15 01:35:22.797,0.76747,0.76765,1.12,1.00
2018.01.15 01:35:22.953,0.76745,0.76765,1.87,1.37
2018.01.15 01:35:31.633,0.76745,0.76763,1.12,1.00
2018.01.15 01:35:39.521,0.76745,0.76764,1.50,1.00
2018.01.15 01:35:40.233,0.76746,0.76766,1.12,1.50
2018.01.15 01:35:40.284,0.76748,0.76767,1.12,1.12
2018.01.15 01:35:42.002,0.7675,0.76767,1.00,1.12
2018.01.15 01:35:43.359,0.76748,0.76767,1.87,1.12
2018.01.15 01:35:43.910,0.76749,0.76767,1.00,1.12
2018.01.15 01:35:50.945,0.76748,0.76767,1.87,1.12
2018.01.15 01:35:52.968,0.7675,0.76767,1.00,1.12
2018.01.15 01:35:53.500,0.7675,0.76768,1.12,1.00
2018.01.15 01:35:54.036,0.76751,0.76768,1.00,1.00
2018.01.15 01:35:54.291,0.76748,0.76766,1.00,1.12
2018.01.15 01:35:54.990,0.76749,0.76768,1.12,1.12
2018.01.15 01:35:55.266,0.76752,0.76769,1.00,1.50
2018.01.15 01:35:55.317,0.76752,0.7677,1.00,1.00
2018.01.15 01:35:55.368,0.76755,0.76772,1.00,1.50
2018.01.15 01:35:55.571,0.76753,0.76773,1.50,1.12
2018.01.15 01:35:57.647,0.76754,0.76772,1.87,1.00
2018.01.15 01:35:57.698,0.76756,0.76774,1.00,1.50
2018.01.15 01:35:59.792,0.76755,0.76772,1.00,1.00
2018.01.15 01:36:01.440,0.76756,0.76774,1.00,1.00
2018.01.15 01:36:03.827,0.76758,0.76776,1.12,1.00
2018.01.15 01:36:04.353,0.7676,0.76776,1.00,1.00
2018.01.15 01:36:04.405,0.76758,0.76776,1.12,1.00
2018.01.15 01:36:05.489,0.7676,0.76776,1.00,1.00
2018.01.15 01:36:05.714,0.76758,0.76776,1.12,1.00
2018.01.15 01:36:07.429,0.76756,0.76774,1.50,1.12
2018.01.15 01:36:07.957,0.76757,0.76775,1.50,1.00
2018.01.15 01:36:08.008,0.76759,0.76777,1.00,1.00
2018.01.15 01:36:09.140,0.7676,0.76777,1.00,1.00
2018.01.15 01:36:09.797,0.7676,0.76778,1.50,1.12
2018.01.15 01:36:17.443,0.76761,0.76779,1.00,1.12
2018.01.15 01:36:21.539,0.7676,0.7678,1.87,1.50
2018.01.15 01:36:22.053,0.76761,0.76779,1.00,1.12
2018.01.15 01:36:23.204,0.7676,0.7678,2.62,1.50
2018.01.15 01:36:23.707,0.76761,0.76779,1.00,1.12
2018.01.15 01:36:24.143,0.76763,0.76781,1.00,1.12
2018.01.15 01:36:24.692,0.76762,0.76782,1.00,3.00
2018.01.15 01:36:35.302,0.76761,0.76779,1.12,1.00
2018.01.15 01:36:35.454,0.76762,0.76782,1.00,1.50
2018.01.15 01:36:35.739,0.76762,0.76779,1.00,1.00
2018.01.15 01:36:35.944,0.76763,0.76781,1.00,1.12
2018.01.15 01:36:36.046,0.76763,0.76779,1.00,1.00
2018.01.15 01:36:36.097,0.76763,0.76781,1.00,1.12
2018.01.15 01:36:36.148,0.76765,0.7678,1.00,1.00
2018.01.15 01:36:36.249,0.76767,0.76786,1.12,1.87
2018.01.15 01:36:37.521,0.76766,0.76784,1.00,1.00
2018.01.15 01:36:38.579,0.76765,0.76785,1.12,1.12
2018.01.15 01:36:38.918,0.76767,0.76784,1.00,1.00
2018.01.15 01:36:41.371,0.76766,0.76784,1.50,1.00
2018.01.15 01:36:41.930,0.76767,0.76784,1.00,1.00
2018.01.15 01:36:42.487,0.76767,0.76784,1.00,1.37
2018.01.15 01:36:42.993,0.76767,0.76784,1.12,1.00
2018.01.15 01:36:44.717,0.7677,0.76784,1.00,1.00
2018.01.15 01:36:44.768,0.76767,0.76784,1.12,1.00
2018.01.15 01:36:45.220,0.7677,0.76784,1.00,1.00
2018.01.15 01:36:45.535,0.76766,0.76784,2.25,1.00
2018.01.15 01:36:49.598,0.76766,0.76784,1.00,1.12
2018.01.15 01:36:50.104,0.76764,0.76783,1.50,1.00
2018.01.15 01:36:50.286,0.76763,0.76784,1.12,1.75
2018.01.15 01:36:51.442,0.76763,0.76784,2.25,1.00
2018.01.15 01:36:51.875,0.76763,0.76783,1.12,1.50
2018.01.15 01:36:52.502,0.76765,0.76783,1.12,1.00
2018.01.15 01:36:53.549,0.76763,0.76784,3.00,1.87
2018.01.15 01:36:54.284,0.76764,0.76783,1.50,1.50
2018.01.15 01:36:54.803,0.76764,0.76782,1.50,1.00
2018.01.15 01:36:54.955,0.76762,0.7678,1.50,1.00
2018.01.15 01:36:55.158,0.76764,0.7678,1.00,1.00
2018.01.15 01:36:55.209,0.76763,0.76782,1.12,1.12
2018.01.15 01:36:55.713,0.76764,0.76781,1.00,1.00
2018.01.15 01:36:56.266,0.76764,0.7678,1.00,1.00
2018.01.15 01:36:59.285,0.76764,0.76782,1.00,1.87
2018.01.15 01:37:00.100,0.76764,0.7678,1.00,1.00
2018.01.15 01:37:00.417,0.76762,0.7678,1.00,1.00
2018.01.15 01:37:00.929,0.76762,0.76779,1.00,1.00
2018.01.15 01:37:01.191,0.76759,0.76779,1.12,2.25
2018.01.15 01:37:01.242,0.7676,0.76777,1.00,1.00
2018.01.15 01:37:01.293,0.76757,0.76775,1.00,1.00
2018.01.15 01:37:01.875,0.76756,0.76776,1.12,1.12
2018.01.15 01:37:08.539,0.76759,0.76775,1.00,1.00
2018.01.15 01:37:08.589,0.76757,0.76775,1.00,1.00
2018.01.15 01:37:09.271,0.76756,0.76776,1.12,1.12
2018.01.15 01:37:09.883,0.76758,0.76775,1.00,1.00
2018.01.15 01:37:09.985,0.76758,0.76777,1.50,1.00
2018.01.15 01:37:10.486,0.76758,0.76777,1.00,1.50
2018.01.15 01:37:11.546,0.76757,0.76775,1.87,1.00
2018.01.15 01:37:15.872,0.76757,0.76776,1.00,1.75
2018.01.15 01:37:15.974,0.76753,0.76771,1.50,1.12
2018.01.15 01:37:17.937,0.76754,0.76771,1.00,1.12
2018.01.15 01:37:18.227,0.76752,0.76769,1.12,1.00
2018.01.15 01:37:18.621,0.76755,0.76771,1.00,1.12
2018.01.15 01:37:18.672,0.76755,0.76773,1.00,1.00
2018.01.15 01:37:20.164,0.76755,0.76772,1.00,1.50
2018.01.15 01:37:21.317,0.76753,0.76772,1.00,1.50
2018.01.15 01:37:23.345,0.7675,0.76769,2.62,1.12
2018.01.15 01:37:26.349,0.76752,0.7677,1.00,1.00
2018.01.15 01:37:27.058,0.7675,0.76769,1.37,1.00
2018.01.15 01:37:27.413,0.76749,0.76769,1.87,1.50
2018.01.15 01:37:27.962,0.7675,0.76769,1.00,1.50
2018.01.15 01:37:28.479,0.76749,0.76767,1.12,1.50
2018.01.15 01:37:29.000,0.76749,0.76768,1.12,1.12
2018.01.15 01:37:29.513,0.76749,0.76767,1.12,1.00
2018.01.15 01:37:29.731,0.76747,0.76765,1.87,1.00
2018.01.15 01:37:30.422,0.76749,0.76767,1.00,1.50
2018.01.15 01:37:31.116,0.7675,0.76768,1.00,1.75
2018.01.15 01:37:31.167,0.76748,0.76768,1.00,1.75
2018.01.15 01:37:31.329,0.7675,0.76768,1.00,1.75
2018.01.15 01:37:31.379,0.76748,0.76768,1.00,1.75
2018.01.15 01:37:32.337,0.76747,0.76765,1.12,1.00
2018.01.15 01:37:32.692,0.76745,0.76764,1.12,1.12
2018.01.15 01:37:33.515,0.76745,0.76763,2.25,1.00
2018.01.15 01:37:38.563,0.76748,0.76766,1.50,1.75
2018.01.15 01:37:38.614,0.76749,0.76768,1.00,1.50
2018.01.15 01:37:38.766,0.76749,0.76766,1.00,1.00
2018.01.15 01:37:39.020,0.7675,0.76768,1.12,1.00
2018.01.15 01:37:39.223,0.76752,0.7677,1.00,1.50
2018.01.15 01:37:39.636,0.7675,0.76768,1.87,1.00
2018.01.15 01:37:40.636,0.7675,0.76768,1.00,2.25
2018.01.15 01:37:40.757,0.76748,0.76766,1.87,1.00
2018.01.15 01:37:41.103,0.7675,0.76768,1.00,2.25
2018.01.15 01:37:43.273,0.76747,0.76767,2.25,1.12
2018.01.15 01:37:46.869,0.76749,0.76769,2.25,1.87
2018.01.15 01:37:48.601,0.7675,0.76768,1.87,1.00
2018.01.15 01:37:49.113,0.7675,0.76768,1.00,1.50
2018.01.15 01:37:49.318,0.76748,0.76766,1.00,1.12
2018.01.15 01:37:49.623,0.76745,0.76763,1.00,1.00
2018.01.15 01:37:49.724,0.76741,0.76761,1.87,1.12
2018.01.15 01:37:51.689,0.7674,0.76758,1.87,1.00
2018.01.15 01:37:52.789,0.76738,0.76756,1.12,1.00
2018.01.15 01:37:54.069,0.76735,0.76753,1.12,1.50
2018.01.15 01:37:54.171,0.76732,0.76751,1.12,1.12
2018.01.15 01:37:54.323,0.7673,0.76746,1.75,1.00
2018.01.15 01:37:54.374,0.76728,0.76746,1.00,1.12
2018.01.15 01:37:54.425,0.76726,0.76744,1.50,1.12
2018.01.15 01:37:55.724,0.76726,0.76743,1.00,1.00
2018.01.15 01:37:56.072,0.76724,0.76741,1.00,1.12
2018.01.15 01:37:56.123,0.76722,0.7674,1.12,1.00
2018.01.15 01:38:00.867,0.76721,0.76741,1.37,1.12
2018.01.15 01:38:01.307,0.76724,0.76742,1.00,1.37
2018.01.15 01:38:01.358,0.76726,0.76744,1.00,1.12
2018.01.15 01:38:02.048,0.76722,0.7674,1.50,1.00
2018.01.15 01:38:02.796,0.76722,0.7674,1.00,1.12
2018.01.15 01:38:05.157,0.76721,0.76741,1.12,1.50
2018.01.15 01:38:05.765,0.76722,0.7674,1.00,1.12
2018.01.15 01:38:07.247,0.76722,0.76739,1.00,1.00
2018.01.15 01:38:07.299,0.7672,0.76738,1.00,1.00
2018.01.15 01:38:10.211,0.76721,0.76741,1.50,1.12
2018.01.15 01:38:10.668,0.7672,0.76739,2.25,1.00
2018.01.15 01:38:10.719,0.7672,0.76739,1.87,1.12
2018.01.15 01:38:11.140,0.76722,0.7674,1.00,1.00
2018.01.15 01:38:11.243,0.76723,0.76743,1.50,1.12
2018.01.15 01:38:11.964,0.7672,0.76739,2.25,1.00
2018.01.15 01:38:12.481,0.7672,0.76738,1.50,1.87
2018.01.15 01:38:12.834,0.7672,0.76736,1.00,1.50
2018.01.15 01:38:13.108,0.7672,0.76738,1.00,1.12
2018.01.15 01:38:13.311,0.76723,0.7674,1.00,1.50
2018.01.15 01:38:13.468,0.76721,0.76739,1.00,1.12
2018.01.15 01:38:13.520,0.7672,0.76737,1.12,1.00
2018.01.15 01:38:14.021,0.76722,0.7674,1.00,1.00
2018.01.15 01:38:14.072,0.76722,0.76742,1.00,1.00
2018.01.15 01:38:14.123,0.76724,0.76742,1.00,1.00
2018.01.15 01:38:14.666,0.76725,0.76741,1.00,1.50
2018.01.15 01:38:15.765,0.76726,0.76744,1.00,1.87
2018.01.15 01:38:16.071,0.76725,0.76742,1.12,1.00
2018.01.15 01:38:17.170,0.76724,0.76742,1.00,1.12
2018.01.15 01:38:17.475,0.76722,0.7674,1.00,1.00
2018.01.15 01:38:20.587,0.76722,0.76739,1.00,1.00
2018.01.15 01:38:20.638,0.7672,0.76739,1.00,1.87
2018.01.15 01:38:21.216,0.7672,0.76738,1.50,1.00
2018.01.15 01:38:21.754,0.7672,0.76739,1.00,1.87
2018.01.15 01:38:22.299,0.7672,0.76738,1.00,1.00
2018.01.15 01:38:22.847,0.7672,0.76738,1.50,1.50
2018.01.15 01:38:23.418,0.7672,0.76738,1.50,1.00
2018.01.15 01:38:25.200,0.76722,0.7674,1.12,1.00
2018.01.15 01:38:30.084,0.7672,0.76739,1.50,1.00
2018.01.15 01:38:31.731,0.76725,0.76739,1.00,1.00
2018.01.15 01:38:31.883,0.76726,0.76744,1.00,1.50
2018.01.15 01:38:31.934,0.76725,0.76742,1.00,1.00
2018.01.15 01:38:32.251,0.76726,0.76744,1.00,1.50
2018.01.15 01:38:32.689,0.76725,0.76742,1.00,1.00
2018.01.15 01:38:33.254,0.76724,0.76742,1.00,1.12
2018.01.15 01:38:33.785,0.76725,0.76742,1.00,1.12
2018.01.15 01:38:36.254,0.76726,0.76744,1.00,1.50
2018.01.15 01:38:36.305,0.76727,0.76746,1.00,3.00
2018.01.15 01:38:36.356,0.76727,0.76746,1.00,1.00
2018.01.15 01:38:36.551,0.76725,0.76743,1.12,1.00
2018.01.15 01:38:36.805,0.76725,0.76745,1.00,1.50
2018.01.15 01:38:37.339,0.76725,0.76744,1.00,1.00
2018.01.15 01:38:37.725,0.76725,0.76744,1.37,1.00
2018.01.15 01:38:37.963,0.76728,0.76746,1.00,1.00
2018.01.15 01:38:38.064,0.7673,0.76745,1.00,1.00
2018.01.15 01:38:38.115,0.76728,0.76746,1.00,1.50
2018.01.15 01:38:39.820,0.7673,0.76748,1.50,1.37
2018.01.15 01:38:40.505,0.7673,0.76748,1.50,1.00
2018.01.15 01:38:45.116,0.7673,0.76747,1.00,1.00
2018.01.15 01:38:45.268,0.76727,0.76746,1.12,1.87
2018.01.15 01:38:45.572,0.7673,0.76747,1.00,1.00
2018.01.15 01:38:50.084,0.76728,0.76747,1.12,1.00
2018.01.15 01:38:54.711,0.76728,0.76746,1.12,1.00
2018.01.15 01:38:54.762,0.76726,0.76743,1.75,1.50
2018.01.15 01:38:54.813,0.76724,0.76742,1.00,1.50
2018.01.15 01:38:55.361,0.76724,0.76741,1.12,1.00
2018.01.15 01:38:56.475,0.7673,0.76744,1.00,1.00
2018.01.15 01:38:56.576,0.7673,0.76746,1.00,1.50
2018.01.15 01:38:56.890,0.76726,0.76744,1.00,1.50
2018.01.15 01:38:58.884,0.7673,0.76745,1.00,1.12
2018.01.15 01:38:59.349,0.76725,0.76745,1.12,1.12
2018.01.15 01:38:59.499,0.76726,0.76743,1.00,1.00
2018.01.15 01:39:00.108,0.76726,0.76744,1.00,1.50
2018.01.15 01:39:00.966,0.76726,0.76743,1.00,1.00
2018.01.15 01:39:01.550,0.76725,0.76742,1.00,1.00
2018.01.15 01:39:02.544,0.76725,0.7674,1.00,1.00
2018.01.15 01:39:02.595,0.76722,0.7674,1.00,1.12
2018.01.15 01:39:02.848,0.7672,0.76738,1.87,1.00
2018.01.15 01:39:03.195,0.76722,0.7674,1.12,1.00
2018.01.15 01:39:03.297,0.76725,0.7674,1.00,1.00
2018.01.15 01:39:03.449,0.76722,0.7674,1.12,1.00
2018.01.15 01:39:03.500,0.76725,0.7674,1.00,1.00
2018.01.15 01:39:03.551,0.76722,0.7674,1.12,1.00
2018.01.15 01:39:03.894,0.76725,0.7674,1.00,1.00
2018.01.15 01:39:04.461,0.76723,0.7674,1.00,1.00
2018.01.15 01:39:04.562,0.76724,0.76742,1.12,1.50
2018.01.15 01:39:04.714,0.76721,0.76739,2.25,1.00
2018.01.15 01:39:04.765,0.7672,0.76737,1.00,1.00
2018.01.15 01:39:04.817,0.76721,0.76739,1.00,1.50
2018.01.15 01:39:04.868,0.76723,0.76741,1.00,1.50
2018.01.15 01:39:05.020,0.7672,0.7674,2.62,1.12
2018.01.15 01:39:05.824,0.76721,0.76739,1.12,1.00
2018.01.15 01:39:07.077,0.76723,0.76741,1.00,1.37
2018.01.15 01:39:07.802,0.76723,0.76741,1.12,1.00
2018.01.15 01:39:08.564,0.76723,0.76741,1.00,1.50
2018.01.15 01:39:08.666,0.76721,0.76739,1.12,1.00
2018.01.15 01:39:08.873,0.76719,0.76737,1.50,1.00
2018.01.15 01:39:10.556,0.76721,0.76739,1.00,1.00
2018.01.15 01:39:11.094,0.7672,0.7674,2.25,1.12
2018.01.15 01:39:12.024,0.76722,0.7674,1.00,1.12
2018.01.15 01:39:16.190,0.76722,0.7674,1.00,1.75
2018.01.15 01:39:16.241,0.7672,0.76738,1.00,1.12
2018.01.15 01:39:17.069,0.76725,0.7674,1.00,1.12
2018.01.15 01:39:17.171,0.76725,0.76744,2.25,1.00
2018.01.15 01:39:17.325,0.76724,0.76742,1.00,1.00
2018.01.15 01:39:18.055,0.76723,0.76742,1.00,1.00
2018.01.15 01:39:19.687,0.76722,0.76742,1.12,1.50
2018.01.15 01:39:20.416,0.76723,0.76741,1.00,1.12
2018.01.15 01:39:20.737,0.76721,0.76739,1.00,1.12
2018.01.15 01:39:24.401,0.7672,0.76737,1.12,1.00
2018.01.15 01:39:28.339,0.76718,0.76738,1.75,1.00
2018.01.15 01:39:30.438,0.76719,0.76737,1.50,1.00
2018.01.15 01:39:32.244,0.76721,0.76739,1.00,1.12
2018.01.15 01:39:32.295,0.76723,0.76741,1.00,1.00
2018.01.15 01:39:32.611,0.76725,0.76743,1.00,1.00
2018.01.15 01:39:33.944,0.76725,0.76743,1.00,1.87
2018.01.15 01:39:34.461,0.76725,0.76743,1.12,1.50
2018.01.15 01:39:34.772,0.76722,0.76738,1.00,1.00
2018.01.15 01:39:34.924,0.7672,0.76737,1.00,1.50
2018.01.15 01:39:35.026,0.76718,0.76735,1.50,1.00
2018.01.15 01:39:35.576,0.76718,0.76736,1.00,1.50
2018.01.15 01:39:36.253,0.76718,0.76735,1.00,1.00
2018.01.15 01:39:36.872,0.76718,0.76736,1.00,1.00
2018.01.15 01:39:38.445,0.76725,0.76736,1.00,1.00
2018.01.15 01:39:38.547,0.76731,0.76744,1.12,1.00
2018.01.15 01:39:38.599,0.76729,0.76747,2.25,1.00
2018.01.15 01:39:38.752,0.7673,0.76749,3.37,1.00
2018.01.15 01:39:38.870,0.76732,0.76751,1.00,1.00
2018.01.15 01:39:39.454,0.76733,0.76752,2.62,1.12
2018.01.15 01:39:39.754,0.76733,0.76752,3.00,1.00
2018.01.15 01:39:39.890,0.76734,0.76754,1.50,1.12
2018.01.15 01:39:40.425,0.76735,0.76753,1.12,1.00
2018.01.15 01:39:41.926,0.76732,0.7675,1.75,1.50
2018.01.15 01:39:41.977,0.76731,0.7675,1.50,1.00
2018.01.15 01:39:42.028,0.76729,0.76749,1.37,1.12
2018.01.15 01:39:42.079,0.76728,0.76746,1.50,1.00
2018.01.15 01:39:42.130,0.76728,0.76746,1.87,1.00
2018.01.15 01:39:42.181,0.7673,0.76748,1.00,1.87
2018.01.15 01:39:44.320,0.7673,0.76749,1.00,1.00
2018.01.15 01:39:44.649,0.76733,0.7675,1.00,1.00
2018.01.15 01:39:45.209,0.76733,0.76751,1.00,1.00
2018.01.15 01:39:45.972,0.76733,0.7675,1.00,1.00
2018.01.15 01:39:46.075,0.7673,0.76748,1.00,1.00
2018.01.15 01:39:46.563,0.76734,0.76752,1.00,1.50
2018.01.15 01:39:46.614,0.76734,0.76752,1.00,1.12
2018.01.15 01:39:47.192,0.76735,0.76755,1.00,1.50
2018.01.15 01:39:47.926,0.76736,0.76754,1.00,1.00
2018.01.15 01:39:49.066,0.76735,0.76755,1.00,2.25
2018.01.15 01:39:51.695,0.76736,0.76754,1.00,1.00
2018.01.15 01:39:51.746,0.76734,0.76752,1.50,1.00
2018.01.15 01:39:54.670,0.7673,0.76749,2.25,1.00
2018.01.15 01:39:54.721,0.7673,0.76749,1.50,1.50
2018.01.15 01:39:54.874,0.76731,0.76749,1.50,1.00
2018.01.15 01:39:55.489,0.76733,0.76751,1.12,1.50
2018.01.15 01:39:57.918,0.7673,0.76749,1.50,1.00
2018.01.15 01:39:58.125,0.76734,0.76752,1.00,1.00
2018.01.15 01:39:58.790,0.76734,0.76752,1.50,1.00
2018.01.15 01:39:59.758,0.76734,0.76752,1.00,1.12
2018.01.15 01:40:00.067,0.76732,0.7675,1.12,1.00
2018.01.15 01:40:00.351,0.7673,0.76749,1.50,1.00
2018.01.15 01:40:01.871,0.76732,0.7675,1.00,1.50
2018.01.15 01:40:01.972,0.76733,0.76752,1.12,1.12
2018.01.15 01:40:02.483,0.76734,0.76752,1.00,2.62
2018.01.15 01:40:07.778,0.76734,0.76752,1.00,3.00
2018.01.15 01:40:07.829,0.76731,0.76751,1.12,1.12
2018.01.15 01:40:10.008,0.76732,0.7675,1.50,1.00
2018.01.15 01:40:11.406,0.76735,0.76751,1.00,1.00
2018.01.15 01:40:11.457,0.76735,0.76753,1.50,1.00
2018.01.15 01:40:15.552,0.76734,0.76754,1.12,1.87
2018.01.15 01:40:16.067,0.76735,0.76753,1.00,1.00
2018.01.15 01:40:16.285,0.76732,0.76752,1.12,1.12
2018.01.15 01:40:17.627,0.76733,0.76751,1.00,1.00
2018.01.15 01:40:20.332,0.76733,0.76753,1.50,1.00
2018.01.15 01:40:20.986,0.76734,0.76753,1.00,1.00
2018.01.15 01:40:23.768,0.76735,0.76753,1.00,1.00
2018.01.15 01:40:24.287,0.76735,0.76754,1.00,1.50
2018.01.15 01:40:24.672,0.76733,0.76754,1.50,1.50
2018.01.15 01:40:24.846,0.76735,0.76754,1.00,1.50
2018.01.15 01:40:24.897,0.76733,0.76754,1.50,1.50
2018.01.15 01:40:25.438,0.76735,0.76753,1.00,1.00
2018.01.15 01:40:25.756,0.76733,0.76754,1.50,1.50
2018.01.15 01:40:26.587,0.76734,0.76753,1.00,1.00
2018.01.15 01:40:28.270,0.76733,0.76754,2.25,1.50
2018.01.15 01:40:28.451,0.76733,0.76754,1.00,1.50
2018.01.15 01:40:29.189,0.76733,0.76751,1.00,1.00
2018.01.15 01:40:29.498,0.76736,0.76752,1.00,1.00
2018.01.15 01:40:29.548,0.76736,0.76754,1.50,1.00
2018.01.15 01:40:29.832,0.76734,0.76753,1.12,1.12
2018.01.15 01:40:29.986,0.76734,0.76753,1.75,1.00
2018.01.15 01:40:30.037,0.76735,0.76756,2.25,2.25
2018.01.15 01:40:30.377,0.76732,0.7675,1.50,1.00
2018.01.15 01:40:30.479,0.76732,0.7675,1.00,1.12
2018.01.15 01:40:31.267,0.76731,0.76751,1.12,1.50
2018.01.15 01:40:31.469,0.76735,0.76753,1.00,1.12
2018.01.15 01:40:31.571,0.76736,0.76755,1.12,1.12
2018.01.15 01:40:31.622,0.76734,0.76753,1.50,1.00
2018.01.15 01:40:31.673,0.76733,0.76754,1.50,1.50
2018.01.15 01:40:31.775,0.76733,0.76751,1.00,1.12
2018.01.15 01:40:32.310,0.76732,0.76752,1.12,1.50
2018.01.15 01:40:32.861,0.76733,0.76751,1.00,1.87
2018.01.15 01:40:33.419,0.76732,0.76751,1.12,1.12
2018.01.15 01:40:34.610,0.76735,0.76751,1.00,1.12
2018.01.15 01:40:34.661,0.76732,0.76751,1.12,1.12
2018.01.15 01:40:38.315,0.76731,0.76749,1.00,1.00
2018.01.15 01:40:51.322,0.7673,0.76748,1.00,1.00
2018.01.15 01:40:51.639,0.76732,0.7675,1.87,1.00
2018.01.15 01:40:51.943,0.76727,0.76745,1.00,1.00
2018.01.15 01:40:55.123,0.7673,0.76747,1.50,1.12
2018.01.15 01:40:55.225,0.76731,0.76749,1.00,1.12
2018.01.15 01:40:55.562,0.76733,0.7675,1.00,1.00
2018.01.15 01:40:55.664,0.76729,0.76748,1.50,1.50
2018.01.15 01:40:56.167,0.76729,0.76748,1.00,1.50
2018.01.15 01:41:00.112,0.76729,0.76748,1.50,1.00
2018.01.15 01:41:00.162,0.76728,0.76746,1.75,1.00
2018.01.15 01:41:00.213,0.76728,0.76746,1.12,1.00
2018.01.15 01:41:00.380,0.7673,0.76748,1.00,1.12
2018.01.15 01:41:02.123,0.76735,0.76748,1.00,1.00
2018.01.15 01:41:02.253,0.76733,0.76751,1.00,1.37
2018.01.15 01:41:02.305,0.7673,0.76748,1.12,1.00
2018.01.15 01:41:03.440,0.76729,0.76749,1.50,1.12
2018.01.15 01:41:03.651,0.76727,0.76745,1.75,1.00
2018.01.15 01:41:03.702,0.76727,0.76745,1.00,1.00
2018.01.15 01:41:10.446,0.76725,0.76744,1.12,1.12
2018.01.15 01:41:12.758,0.76725,0.76743,1.00,1.12
2018.01.15 01:41:12.809,0.76723,0.76743,1.12,1.12
2018.01.15 01:41:12.860,0.76722,0.7674,1.50,1.00
2018.01.15 01:41:13.257,0.76725,0.76742,1.00,1.00
2018.01.15 01:41:13.484,0.76727,0.76745,1.00,1.12
2018.01.15 01:41:14.095,0.76725,0.76744,1.00,1.50
2018.01.15 01:41:14.404,0.76725,0.76741,1.00,1.00
2018.01.15 01:41:14.859,0.76725,0.76741,1.00,1.75
2018.01.15 01:41:14.961,0.7672,0.76739,1.87,1.12
2018.01.15 01:41:16.397,0.76722,0.7674,1.00,2.25
2018.01.15 01:41:16.943,0.76722,0.7674,1.00,1.50
2018.01.15 01:41:17.777,0.76721,0.76741,1.12,1.12
2018.01.15 01:41:18.305,0.7672,0.76736,1.00,1.00
2018.01.15 01:41:20.470,0.7672,0.76739,1.50,1.95
2018.01.15 01:41:20.673,0.76718,0.76736,1.50,1.00
2018.01.15 01:41:22.453,0.76718,0.76736,1.00,1.57
2018.01.15 01:41:23.601,0.7672,0.76734,1.00,1.50
2018.01.15 01:41:23.653,0.76717,0.76735,1.00,1.75
2018.01.15 01:41:23.704,0.7672,0.76735,1.00,1.75
2018.01.15 01:41:23.755,0.7672,0.76737,1.00,1.00
2018.01.15 01:41:23.958,0.7672,0.7674,1.87,1.12
2018.01.15 01:41:24.533,0.76721,0.76739,1.12,1.00
2018.01.15 01:41:25.068,0.76719,0.76737,1.00,1.00
2018.01.15 01:41:25.969,0.76719,0.76737,1.00,1.07
2018.01.15 01:41:26.020,0.76717,0.76735,1.00,1.00
2018.01.15 01:41:26.172,0.7672,0.76734,1.00,1.00
2018.01.15 01:41:26.274,0.7672,0.76737,1.00,1.00
2018.01.15 01:41:26.862,0.76721,0.76739,1.00,1.50
2018.01.15 01:41:27.120,0.76723,0.76741,1.00,1.00
2018.01.15 01:41:27.222,0.76721,0.7674,1.12,1.20
2018.01.15 01:41:27.735,0.76722,0.76742,1.87,1.12
2018.01.15 01:41:28.518,0.76723,0.76741,1.00,1.00
2018.01.15 01:41:29.110,0.76721,0.76739,1.50,1.00
2018.01.15 01:41:29.212,0.76719,0.76738,1.00,1.12
2018.01.15 01:41:29.828,0.7672,0.76738,1.00,1.12
2018.01.15 01:41:30.969,0.76725,0.76738,1.00,1.12
2018.01.15 01:41:31.263,0.7672,0.76737,1.00,1.00
2018.01.15 01:41:31.861,0.7672,0.76737,2.25,1.00
2018.01.15 01:41:31.912,0.7672,0.76741,3.00,1.50
2018.01.15 01:41:31.962,0.76725,0.7674,1.00,1.12
2018.01.15 01:41:32.293,0.76725,0.76742,1.00,1.00
2018.01.15 01:41:33.043,0.76725,0.76741,1.00,1.12
2018.01.15 01:41:33.094,0.7672,0.76738,3.00,1.00
2018.01.15 01:41:33.358,0.76725,0.76736,1.00,1.00
2018.01.15 01:41:33.459,0.76725,0.76741,1.00,1.00
2018.01.15 01:41:33.898,0.76722,0.7674,1.12,1.00
2018.01.15 01:41:34.128,0.7672,0.76738,2.25,1.00
2018.01.15 01:41:34.433,0.7672,0.76736,1.00,1.00
2018.01.15 01:41:34.841,0.7672,0.76734,1.00,1.00
2018.01.15 01:41:34.892,0.76716,0.76735,1.57,1.00
2018.01.15 01:41:35.060,0.76719,0.76735,1.00,1.00
2018.01.15 01:41:35.213,0.76716,0.76735,2.25,1.00
2018.01.15 01:41:36.007,0.76716,0.76735,1.00,1.50
2018.01.15 01:41:36.664,0.7672,0.76735,1.00,1.50
2018.01.15 01:41:36.768,0.7672,0.76736,1.00,1.12
2018.01.15 01:41:36.870,0.7672,0.76738,1.12,1.00
2018.01.15 01:41:37.377,0.7672,0.76741,1.12,1.75
2018.01.15 01:41:37.877,0.7672,0.76741,3.75,1.12
2018.01.15 01:41:38.199,0.7672,0.76738,1.12,1.00
2018.01.15 01:41:39.472,0.76722,0.7674,1.00,1.50
2018.01.15 01:41:40.001,0.76721,0.7674,1.00,1.50
2018.01.15 01:41:40.407,0.76722,0.76741,1.87,1.12
2018.01.15 01:41:40.520,0.76724,0.76741,1.00,1.12
2018.01.15 01:41:40.825,0.76721,0.76742,1.37,1.37
2018.01.15 01:41:41.883,0.76722,0.76741,1.00,1.37
2018.01.15 01:41:41.934,0.7672,0.7674,1.50,1.50
2018.01.15 01:41:42.607,0.76721,0.76739,1.00,1.00
2018.01.15 01:41:43.057,0.7672,0.76737,1.00,1.00
2018.01.15 01:41:43.653,0.76719,0.76738,2.62,1.12
2018.01.15 01:41:44.203,0.76717,0.76735,1.12,1.00
2018.01.15 01:41:44.507,0.7672,0.76735,1.00,1.00
2018.01.15 01:41:46.110,0.7672,0.76737,1.00,1.00
2018.01.15 01:41:46.623,0.7672,0.76738,1.00,1.00
2018.01.15 01:41:46.788,0.76718,0.76735,1.00,1.00
2018.01.15 01:41:48.549,0.76716,0.76736,1.50,1.12
2018.01.15 01:41:48.853,0.76715,0.76731,1.00,1.00
2018.01.15 01:41:49.497,0.76714,0.76731,1.00,1.00
2018.01.15 01:41:49.980,0.76716,0.76734,1.00,1.75
2018.01.15 01:41:50.031,0.76716,0.76734,1.00,1.00
2018.01.15 01:41:50.184,0.7672,0.76734,1.00,1.50
2018.01.15 01:41:50.485,0.76716,0.76734,1.12,1.00
2018.01.15 01:41:50.690,0.76719,0.76734,1.00,1.12
2018.01.15 01:41:50.791,0.76719,0.76737,1.12,1.00
2018.01.15 01:41:51.512,0.7672,0.76737,1.00,1.12
2018.01.15 01:41:51.715,0.76721,0.76739,1.00,1.12
2018.01.15 01:41:51.768,0.76718,0.76736,1.87,1.00
2018.01.15 01:41:52.588,0.76717,0.76737,2.25,1.12
2018.01.15 01:41:53.550,0.7672,0.76737,1.00,1.12
2018.01.15 01:41:54.884,0.76717,0.76737,1.00,1.75
2018.01.15 01:41:54.986,0.7672,0.76736,1.00,1.50
2018.01.15 01:41:55.087,0.76718,0.76736,1.00,1.50
2018.01.15 01:41:55.139,0.76715,0.76733,1.00,1.12
2018.01.15 01:41:55.641,0.7672,0.76735,1.00,1.50
2018.01.15 01:41:55.692,0.7672,0.76735,1.00,1.12
2018.01.15 01:41:55.928,0.76716,0.76735,1.12,1.12
2018.01.15 01:41:57.542,0.76716,0.76734,1.12,1.00
2018.01.15 01:41:57.593,0.76715,0.76732,1.00,1.12
2018.01.15 01:41:58.288,0.76715,0.76732,1.00,1.20
2018.01.15 01:41:58.706,0.76716,0.76734,1.00,1.12
2018.01.15 01:41:59.353,0.76718,0.76736,1.00,1.20
2018.01.15 01:41:59.835,0.7672,0.76736,1.00,1.10
2018.01.15 01:41:59.938,0.76718,0.76736,1.00,1.00
2018.01.15 01:42:00.040,0.7672,0.76736,1.00,1.00
2018.01.15 01:42:00.141,0.7672,0.76738,1.87,1.10
2018.01.15 01:42:00.525,0.76722,0.76738,1.00,1.10
2018.01.15 01:42:02.768,0.76722,0.7674,1.00,1.07
2018.01.15 01:42:03.082,0.76717,0.76735,1.00,1.20
2018.01.15 01:42:03.903,0.76716,0.76736,1.12,2.32
2018.01.15 01:42:04.558,0.76717,0.76735,1.00,1.95
2018.01.15 01:42:07.078,0.76717,0.76735,1.00,1.95
2018.01.15 01:42:07.605,0.76717,0.76735,1.00,1.87
2018.01.15 01:42:10.310,0.76717,0.76735,1.00,1.95
2018.01.15 01:42:10.747,0.76719,0.76737,1.50,1.20
2018.01.15 01:42:10.849,0.76721,0.76738,1.00,1.10
2018.01.15 01:42:11.780,0.76719,0.76737,1.00,1.12
2018.01.15 01:42:11.932,0.76717,0.76735,1.50,1.50
2018.01.15 01:42:12.374,0.76715,0.76732,1.00,1.12
2018.01.15 01:42:12.476,0.76716,0.76734,1.00,1.12
2018.01.15 01:42:13.157,0.76717,0.76736,1.00,2.25
2018.01.15 01:42:13.208,0.76716,0.76736,1.50,1.12
2018.01.15 01:42:13.347,0.76719,0.76737,1.00,2.25
2018.01.15 01:42:13.618,0.76716,0.76735,1.50,1.00
2018.01.15 01:42:14.947,0.76716,0.76736,1.50,1.12
2018.01.15 01:42:15.458,0.76717,0.76735,1.12,1.00
2018.01.15 01:42:16.396,0.76716,0.76736,1.50,1.12
2018.01.15 01:42:16.572,0.76718,0.76735,1.00,1.50
2018.01.15 01:42:17.020,0.76719,0.76737,1.00,1.87
2018.01.15 01:42:17.172,0.76716,0.76735,2.25,1.00
2018.01.15 01:42:17.716,0.7672,0.76736,1.00,1.50
2018.01.15 01:42:18.793,0.76718,0.76736,1.12,1.50
2018.01.15 01:42:18.895,0.76719,0.76734,1.00,1.00
2018.01.15 01:42:19.048,0.76717,0.76735,1.00,1.12
2018.01.15 01:42:19.360,0.7672,0.76735,1.00,1.00
2018.01.15 01:42:19.525,0.76717,0.76735,1.50,1.00
2018.01.15 01:42:20.062,0.76717,0.76735,1.00,1.87
2018.01.15 01:42:22.378,0.76717,0.76734,1.00,1.00
2018.01.15 01:42:22.673,0.76715,0.76732,1.00,1.00
2018.01.15 01:42:23.815,0.7672,0.76732,1.00,1.00
2018.01.15 01:42:23.866,0.76716,0.76732,1.00,1.00
2018.01.15 01:42:25.712,0.7672,0.76736,1.00,1.00
2018.01.15 01:42:25.814,0.76718,0.76735,1.00,1.00
2018.01.15 01:42:25.915,0.76716,0.76734,1.00,1.50
2018.01.15 01:42:26.068,0.76713,0.76731,2.25,1.50
2018.01.15 01:42:27.580,0.76713,0.76731,1.50,1.50
2018.01.15 01:42:27.901,0.76715,0.76731,1.00,1.50
2018.01.15 01:42:28.691,0.76713,0.7673,1.50,1.00
2018.01.15 01:42:28.742,0.76713,0.76727,1.00,1.00
2018.01.15 01:42:28.976,0.7671,0.76726,1.00,1.50
2018.01.15 01:42:29.498,0.76709,0.76726,1.12,1.00
2018.01.15 01:42:29.795,0.76711,0.76727,1.00,1.00
2018.01.15 01:42:30.372,0.76711,0.76729,1.00,2.25
2018.01.15 01:42:30.712,0.7671,0.76726,1.00,1.00
2018.01.15 01:42:35.095,0.7671,0.76724,1.00,1.00
2018.01.15 01:42:35.197,0.76707,0.76724,1.12,1.00
2018.01.15 01:42:35.582,0.76709,0.76726,1.12,1.00
2018.01.15 01:42:35.929,0.76705,0.76722,1.12,1.00
2018.01.15 01:42:36.926,0.76706,0.76722,1.00,1.00
2018.01.15 01:42:38.374,0.76705,0.76722,1.00,1.00
2018.01.15 01:42:38.879,0.76705,0.76722,1.50,1.07
2018.01.15 01:42:39.383,0.76707,0.76722,1.12,1.10
2018.01.15 01:42:39.839,0.76709,0.76723,1.00,1.00
2018.01.15 01:42:40.234,0.76707,0.76723,1.00,1.00
2018.01.15 01:42:40.437,0.76709,0.76724,1.00,1.00
2018.01.15 01:42:40.956,0.76708,0.76726,1.12,1.00
2018.01.15 01:42:41.917,0.76708,0.76727,1.12,1.12
2018.01.15 01:42:42.867,0.7671,0.76727,1.00,1.12
2018.01.15 01:42:43.996,0.76708,0.76727,1.12,1.20
2018.01.15 01:42:44.047,0.7671,0.76727,1.00,1.20
2018.01.15 01:42:44.749,0.7671,0.76726,1.50,1.10
2018.01.15 01:42:45.371,0.7671,0.76727,1.50,1.10
2018.01.15 01:42:51.000,0.76709,0.76727,1.00,1.12
2018.01.15 01:42:51.410,0.7671,0.76725,1.00,1.00
2018.01.15 01:42:51.709,0.7671,0.76727,1.00,1.12
2018.01.15 01:42:51.811,0.76708,0.76726,1.12,1.00
2018.01.15 01:42:52.267,0.7671,0.76725,1.00,1.50
2018.01.15 01:42:53.352,0.7671,0.76728,1.00,1.12
2018.01.15 01:42:53.403,0.76709,0.76726,1.00,1.00
2018.01.15 01:42:53.504,0.76707,0.76725,1.12,1.00
2018.01.15 01:42:54.276,0.76707,0.76724,1.00,1.00
2018.01.15 01:42:56.647,0.76707,0.76723,1.00,1.10
2018.01.15 01:42:56.812,0.76704,0.76723,1.12,2.32
2018.01.15 01:42:57.327,0.76706,0.76723,1.12,1.07
2018.01.15 01:42:57.669,0.76706,0.76724,1.87,1.10
2018.01.15 01:42:57.871,0.76708,0.76726,1.12,1.57
2018.01.15 01:42:58.414,0.76708,0.76726,1.12,1.57
2018.01.15 01:42:58.820,0.76708,0.76726,1.12,1.95
2018.01.15 01:42:59.469,0.76708,0.76726,1.12,1.57
2018.01.15 01:43:00.624,0.76708,0.76726,1.12,1.50
2018.01.15 01:43:00.987,0.76705,0.76724,1.50,1.00
2018.01.15 01:43:01.342,0.76705,0.76722,1.00,1.00
2018.01.15 01:43:01.876,0.76704,0.76722,1.50,1.00
2018.01.15 01:43:02.486,0.76705,0.76722,1.00,1.00
2018.01.15 01:43:03.146,0.76704,0.76722,1.50,1.00
2018.01.15 01:43:03.866,0.76705,0.76722,1.00,1.00
2018.01.15 01:43:04.477,0.76705,0.76723,1.00,1.00
2018.01.15 01:43:07.599,0.76705,0.76722,1.00,1.00
2018.01.15 01:43:08.821,0.76703,0.76719,1.00,1.00
2018.01.15 01:43:08.872,0.76701,0.76719,1.50,1.95
2018.01.15 01:43:08.974,0.76704,0.76718,1.00,1.00
2018.01.15 01:43:09.177,0.76702,0.7672,1.00,1.00
2018.01.15 01:43:09.380,0.76705,0.76719,1.00,1.00
2018.01.15 01:43:09.533,0.76705,0.76722,1.00,1.10
2018.01.15 01:43:09.634,0.76706,0.76724,1.50,1.00
2018.01.15 01:43:10.040,0.7671,0.76725,1.00,1.00
2018.01.15 01:43:10.761,0.7671,0.76726,1.00,1.10
2018.01.15 01:43:11.066,0.76707,0.76725,1.50,1.07
2018.01.15 01:43:11.396,0.76708,0.76727,1.12,1.12
2018.01.15 01:43:11.550,0.76709,0.76725,1.00,1.00
2018.01.15 01:43:12.057,0.76708,0.76725,1.12,1.07
2018.01.15 01:43:12.877,0.76708,0.76726,1.12,1.07
2018.01.15 01:43:13.220,0.76713,0.7673,1.00,1.57
2018.01.15 01:43:13.573,0.76711,0.76728,1.00,1.10
2018.01.15 01:43:13.686,0.7671,0.76727,1.12,1.20
2018.01.15 01:43:13.840,0.7671,0.76729,2.62,1.95
2018.01.15 01:43:14.042,0.76707,0.76728,1.37,1.45
2018.01.15 01:43:14.654,0.76707,0.76725,1.37,1.00
2018.01.15 01:43:15.795,0.76709,0.76725,1.00,1.10
2018.01.15 01:43:16.378,0.7671,0.76725,1.00,1.07
2018.01.15 01:43:16.923,0.7671,0.76725,1.00,1.10
2018.01.15 01:43:17.125,0.76707,0.76725,1.50,1.10
2018.01.15 01:43:17.865,0.76707,0.76725,1.50,1.07
2018.01.15 01:43:18.750,0.76707,0.76725,1.50,1.00
2018.01.15 01:43:19.915,0.76706,0.76726,1.75,1.57
2018.01.15 01:43:20.629,0.76706,0.76726,1.75,1.57
2018.01.15 01:43:21.287,0.76706,0.76726,1.75,1.10
2018.01.15 01:43:21.814,0.7671,0.76726,1.00,1.10
2018.01.15 01:43:21.940,0.7671,0.76728,1.00,1.57
2018.01.15 01:43:23.215,0.7671,0.76728,1.00,1.95
2018.01.15 01:43:23.927,0.7671,0.76728,1.00,1.95
2018.01.15 01:43:24.707,0.76709,0.76728,1.12,1.95
2018.01.15 01:43:25.303,0.7671,0.76728,1.00,1.95
2018.01.15 01:43:26.405,0.7671,0.76728,1.00,1.95
2018.01.15 01:43:26.707,0.76709,0.76726,1.00,1.07
2018.01.15 01:43:27.234,0.7671,0.76724,1.00,1.00
2018.01.15 01:43:27.687,0.76706,0.76724,1.12,1.00
2018.01.15 01:43:28.074,0.7671,0.76724,1.00,1.00
2018.01.15 01:43:28.176,0.7671,0.76726,1.00,1.10
2018.01.15 01:43:28.684,0.76711,0.7673,1.00,3.45
2018.01.15 01:43:28.735,0.76711,0.7673,1.50,1.07
2018.01.15 01:43:28.786,0.76713,0.76731,1.00,1.95
2018.01.15 01:43:28.972,0.76713,0.76731,1.00,1.10
2018.01.15 01:43:29.175,0.76716,0.76734,1.00,1.95
2018.01.15 01:43:29.277,0.76716,0.76734,1.12,1.10
2018.01.15 01:43:29.430,0.76716,0.76732,1.12,1.00
2018.01.15 01:43:29.959,0.76717,0.76733,1.12,1.00
2018.01.15 01:43:34.297,0.76715,0.76733,1.50,1.00
2018.01.15 01:43:35.925,0.76715,0.76734,1.50,1.57
2018.01.15 01:43:36.643,0.76717,0.76735,1.00,1.57
2018.01.15 01:43:39.103,0.76717,0.76735,1.00,1.57
2018.01.15 01:43:39.761,0.76716,0.76735,1.12,1.07
2018.01.15 01:43:41.202,0.76716,0.76735,1.12,1.10
2018.01.15 01:43:42.612,0.76717,0.76735,1.50,1.10
2018.01.15 01:43:43.118,0.76717,0.76735,1.00,1.10
2018.01.15 01:43:51.630,0.76717,0.76735,1.00,1.57
2018.01.15 01:43:52.834,0.76715,0.76733,1.87,1.00
2018.01.15 01:44:00.553,0.7672,0.76733,1.00,1.00
2018.01.15 01:44:00.604,0.76717,0.76735,1.00,1.57
2018.01.15 01:44:00.908,0.76719,0.76735,1.00,1.57
2018.01.15 01:44:01.998,0.76719,0.76735,1.00,1.57
2018.01.15 01:44:02.439,0.76717,0.76735,1.00,1.57
2018.01.15 01:44:03.577,0.76717,0.76735,1.00,1.95
2018.01.15 01:44:03.679,0.76717,0.76735,1.00,1.57
2018.01.15 01:44:03.831,0.7672,0.76735,1.00,1.10
2018.01.15 01:44:04.317,0.76717,0.76735,1.50,1.10
2018.01.15 01:44:05.027,0.76717,0.76735,1.00,1.10
2018.01.15 01:44:05.345,0.7672,0.76737,1.00,1.07
2018.01.15 01:44:05.447,0.76721,0.76739,1.00,1.57
2018.01.15 01:44:05.498,0.76723,0.76739,1.00,1.10
2018.01.15 01:44:06.036,0.76723,0.76741,1.00,2.32
2018.01.15 01:44:06.346,0.76725,0.76741,1.50,1.57
2018.01.15 01:44:07.646,0.76725,0.76742,1.50,1.00
2018.01.15 01:44:08.370,0.76725,0.76744,1.50,2.32
2018.01.15 01:44:08.958,0.76725,0.76742,1.50,1.00
2018.01.15 01:44:09.467,0.76726,0.76743,1.12,1.00
2018.01.15 01:44:11.442,0.76725,0.76743,1.50,1.50
2018.01.15 01:44:12.951,0.76727,0.76745,1.00,1.00
2018.01.15 01:44:13.618,0.76729,0.76744,1.00,1.00
2018.01.15 01:44:13.913,0.76731,0.76747,1.00,1.50
2018.01.15 01:44:14.014,0.76726,0.76744,1.50,1.00
2018.01.15 01:44:14.065,0.76726,0.76742,1.50,1.00
2018.01.15 01:44:14.116,0.76723,0.76741,1.50,1.00
2018.01.15 01:44:14.934,0.76723,0.76741,1.00,1.00
2018.01.15 01:44:20.796,0.76724,0.76742,1.00,1.50
2018.01.15 01:44:21.048,0.76726,0.76744,1.00,2.25
2018.01.15 01:44:24.964,0.76726,0.76743,1.00,1.00
2018.01.15 01:44:29.290,0.76726,0.76744,1.00,1.50
2018.01.15 01:44:30.426,0.76726,0.76743,1.00,1.00
2018.01.15 01:44:31.618,0.76723,0.76741,1.12,1.00
2018.01.15 01:44:31.771,0.76721,0.76739,1.12,1.00
2018.01.15 01:44:32.113,0.76718,0.76735,1.75,1.35
2018.01.15 01:44:32.164,0.76715,0.76734,2.62,1.87
2018.01.15 01:44:32.703,0.76715,0.76733,1.12,1.00
2018.01.15 01:44:35.536,0.76713,0.76731,1.50,1.00
2018.01.15 01:44:35.638,0.76713,0.7673,1.12,1.00
2018.01.15 01:44:36.399,0.76714,0.76729,1.00,1.00
2018.01.15 01:44:37.357,0.76712,0.76729,1.50,1.00
2018.01.15 01:44:42.992,0.76712,0.76731,1.50,1.00
2018.01.15 01:44:43.043,0.76715,0.76734,1.12,1.87
2018.01.15 01:44:43.146,0.76716,0.76733,1.75,1.00
2018.01.15 01:44:43.248,0.76714,0.76731,1.12,1.00
2018.01.15 01:44:47.538,0.76713,0.76731,1.00,1.50
2018.01.15 01:44:47.639,0.76717,0.76733,1.00,1.50
2018.01.15 01:44:48.804,0.76717,0.76732,1.00,1.00
2018.01.15 01:44:51.417,0.76715,0.76732,1.37,1.00
2018.01.15 01:44:52.241,0.76715,0.76732,1.00,1.00
2018.01.15 01:45:01.927,0.76715,0.7673,1.00,1.00
2018.01.15 01:45:04.084,0.76714,0.7673,1.12,1.00
2018.01.15 01:45:05.173,0.76715,0.76731,1.00,1.00
2018.01.15 01:45:05.275,0.76712,0.76731,1.12,1.87
2018.01.15 01:45:05.326,0.76712,0.76731,1.75,1.50
2018.01.15 01:45:06.264,0.76716,0.76731,1.12,1.00
2018.01.15 01:45:07.482,0.76718,0.76734,1.00,1.00
2018.01.15 01:45:07.533,0.7672,0.76737,1.50,1.50
2018.01.15 01:45:07.685,0.76718,0.76736,1.50,1.35
2018.01.15 01:45:07.788,0.76715,0.76734,2.25,1.00
2018.01.15 01:45:08.494,0.76719,0.76735,1.00,1.00
2018.01.15 01:45:10.097,0.76719,0.76736,1.50,1.00
2018.01.15 01:45:10.657,0.7672,0.76736,1.00,1.00
2018.01.15 01:45:15.434,0.76718,0.76735,1.12,1.00
2018.01.15 01:45:15.536,0.76715,0.76735,2.25,1.12
2018.01.15 01:45:17.733,0.76716,0.76734,1.12,1.00
2018.01.15 01:45:33.767,0.76717,0.76734,1.12,1.00
2018.01.15 01:45:33.919,0.76715,0.76731,1.00,1.00
2018.01.15 01:45:34.324,0.7672,0.76736,1.12,1.50
2018.01.15 01:45:36.161,0.7672,0.76735,1.00,1.00
2018.01.15 01:45:36.723,0.7672,0.76736,1.12,1.00
2018.01.15 01:45:38.588,0.7672,0.76733,1.00,1.00
2018.01.15 01:45:38.639,0.7672,0.76735,1.00,1.00
2018.01.15 01:45:38.842,0.76715,0.76735,3.75,1.50
2018.01.15 01:45:38.944,0.76715,0.76735,2.25,1.87
2018.01.15 01:45:39.730,0.76716,0.76734,1.12,1.00
2018.01.15 01:45:40.708,0.76718,0.76735,1.00,1.12
2018.01.15 01:45:41.084,0.76718,0.76733,1.00,1.00
2018.01.15 01:45:41.135,0.76715,0.76732,2.25,1.00
2018.01.15 01:45:41.711,0.76715,0.76732,1.87,1.00
2018.01.15 01:45:48.150,0.76715,0.76732,1.87,1.07
2018.01.15 01:45:54.985,0.76715,0.76732,1.87,1.10
2018.01.15 01:46:01.747,0.76715,0.76733,1.12,1.00
2018.01.15 01:46:01.798,0.76717,0.76733,1.12,1.00
2018.01.15 01:46:06.531,0.76717,0.76734,1.12,1.00
2018.01.15 01:46:06.854,0.76725,0.76739,1.12,2.10
2018.01.15 01:46:06.955,0.76723,0.76739,1.00,2.10
2018.01.15 01:46:08.658,0.76725,0.7674,1.00,1.00
2018.01.15 01:46:08.962,0.76727,0.76741,1.00,1.00
2018.01.15 01:46:09.765,0.76727,0.76742,1.00,1.50
2018.01.15 01:46:10.425,0.76727,0.76741,1.00,1.00
2018.01.15 01:46:15.037,0.76727,0.76743,1.00,1.00
2018.01.15 01:46:15.140,0.76727,0.76745,1.12,1.50
2018.01.15 01:46:28.487,0.76728,0.76742,1.00,1.00
2018.01.15 01:46:28.538,0.76726,0.76742,1.00,1.00
2018.01.15 01:46:29.174,0.76725,0.76742,1.87,1.00
2018.01.15 01:46:29.536,0.76725,0.7674,1.87,1.00
2018.01.15 01:46:30.239,0.76726,0.7674,1.00,1.00
2018.01.15 01:46:31.798,0.76728,0.76745,1.00,1.00
2018.01.15 01:46:32.051,0.76728,0.76746,1.50,1.50
2018.01.15 01:46:32.102,0.76731,0.76749,1.00,1.12
2018.01.15 01:46:34.693,0.76734,0.76752,1.00,1.50
2018.01.15 01:46:34.845,0.76736,0.76754,1.12,1.50
2018.01.15 01:46:34.901,0.76738,0.76757,1.00,3.75
2018.01.15 01:46:35.003,0.7674,0.76759,1.00,2.62
2018.01.15 01:46:35.339,0.76738,0.76754,1.00,1.00
2018.01.15 01:46:35.550,0.76735,0.76752,1.00,1.00
2018.01.15 01:46:37.310,0.76734,0.76752,1.12,1.00
2018.01.15 01:46:37.361,0.76732,0.76752,1.12,1.50
2018.01.15 01:46:38.164,0.76733,0.76751,1.00,1.00
2018.01.15 01:46:39.143,0.76731,0.7675,1.20,1.12
2018.01.15 01:46:39.295,0.76733,0.76751,1.00,1.50
2018.01.15 01:46:39.821,0.76733,0.76751,1.00,1.00
2018.01.15 01:46:41.200,0.76737,0.76751,1.00,1.00
2018.01.15 01:46:41.250,0.76737,0.76755,1.50,1.00
2018.01.15 01:46:41.352,0.76739,0.76757,1.00,3.75
2018.01.15 01:46:41.403,0.76737,0.76756,1.00,1.00
2018.01.15 01:46:41.454,0.76739,0.76757,1.00,2.25
2018.01.15 01:46:42.216,0.76739,0.76754,1.00,1.50
2018.01.15 01:46:42.267,0.76739,0.76756,1.00,1.00
2018.01.15 01:46:42.318,0.76737,0.76755,1.00,3.00
2018.01.15 01:46:42.441,0.76737,0.76753,1.00,1.00
2018.01.15 01:46:42.493,0.76735,0.76753,1.00,1.00
2018.01.15 01:46:43.423,0.76735,0.76751,1.00,1.00
2018.01.15 01:46:44.003,0.76733,0.76751,1.12,1.00
2018.01.15 01:46:48.713,0.76735,0.76751,1.00,1.00
2018.01.15 01:46:48.988,0.76731,0.7675,1.12,1.87
2018.01.15 01:46:58.704,0.7673,0.76748,1.50,1.12
2018.01.15 01:46:59.188,0.76732,0.76748,1.00,1.00
2018.01.15 01:47:02.712,0.76732,0.7675,1.00,1.50
2018.01.15 01:47:02.762,0.76735,0.76751,1.00,1.87
2018.01.15 01:47:03.523,0.76735,0.76752,1.50,1.00
2018.01.15 01:47:09.212,0.76735,0.76753,1.00,1.50
2018.01.15 01:47:10.033,0.76735,0.76753,1.37,1.50
2018.01.15 01:47:10.556,0.76737,0.76753,1.00,1.00
2018.01.15 01:47:12.339,0.76737,0.76755,1.00,1.50
2018.01.15 01:47:12.572,0.76735,0.76753,1.50,1.12
2018.01.15 01:47:26.885,0.7674,0.76755,1.00,1.00
2018.01.15 01:47:26.936,0.76737,0.76755,1.12,1.00
2018.01.15 01:47:27.068,0.76739,0.76757,1.00,2.25
2018.01.15 01:47:28.649,0.7674,0.76757,1.00,2.25
2018.01.15 01:47:29.391,0.76739,0.76757,1.00,2.25
2018.01.15 01:47:30.499,0.76739,0.76757,1.87,1.00
2018.01.15 01:47:31.013,0.7674,0.76757,1.00,1.00
2018.01.15 01:47:31.620,0.76739,0.76757,1.87,1.00
2018.01.15 01:47:32.282,0.76739,0.76758,1.12,1.87
2018.01.15 01:47:32.939,0.76739,0.76757,1.12,1.00
2018.01.15 01:47:33.982,0.76739,0.76758,1.12,1.87
2018.01.15 01:47:34.646,0.76741,0.76759,1.87,1.00
2018.01.15 01:47:34.952,0.76739,0.76753,1.00,1.12
2018.01.15 01:47:35.306,0.76739,0.76755,1.00,1.12
2018.01.15 01:47:35.562,0.76737,0.76755,1.00,1.12
2018.01.15 01:47:36.242,0.76737,0.76754,1.00,1.00
2018.01.15 01:47:37.284,0.76737,0.76755,1.00,1.12
2018.01.15 01:47:37.335,0.76742,0.76758,1.00,1.75
2018.01.15 01:47:37.386,0.76741,0.7676,1.50,1.00
2018.01.15 01:47:37.800,0.76742,0.76758,1.00,1.60
2018.01.15 01:47:37.851,0.76739,0.76756,1.50,1.00
2018.01.15 01:47:37.902,0.76737,0.76755,1.00,1.00
2018.01.15 01:47:38.004,0.7674,0.76755,1.00,1.00
2018.01.15 01:47:38.110,0.76737,0.76755,1.00,1.00
2018.01.15 01:47:38.813,0.76737,0.76755,1.00,1.50
2018.01.15 01:47:38.864,0.76735,0.76752,1.12,1.00
2018.01.15 01:47:40.260,0.76734,0.76752,1.50,1.00
2018.01.15 01:47:40.752,0.76738,0.76755,1.00,1.75
2018.01.15 01:47:40.803,0.76738,0.76756,1.00,1.12
2018.01.15 01:47:40.905,0.7674,0.76758,1.50,1.85
2018.01.15 01:47:40.956,0.7674,0.76758,1.50,1.20
2018.01.15 01:47:41.159,0.76738,0.76756,1.50,1.00
2018.01.15 01:47:41.412,0.76741,0.76759,1.12,1.00
2018.01.15 01:47:42.339,0.76743,0.76761,1.00,1.00
2018.01.15 01:47:42.981,0.76742,0.7676,1.00,1.12
2018.01.15 01:47:44.226,0.76741,0.76761,1.12,1.50
2018.01.15 01:47:44.922,0.76742,0.7676,1.00,1.12
2018.01.15 01:47:49.931,0.76745,0.7676,1.00,1.12
2018.01.15 01:47:49.985,0.76742,0.7676,1.00,1.12
2018.01.15 01:47:52.449,0.76741,0.76761,1.12,1.50
2018.01.15 01:47:52.602,0.76745,0.76761,1.00,1.50
2018.01.15 01:47:52.653,0.76741,0.76761,1.12,1.50
2018.01.15 01:47:53.390,0.76745,0.76761,1.00,1.50
2018.01.15 01:47:53.639,0.76741,0.76761,1.12,1.50
2018.01.15 01:47:56.695,0.76741,0.76761,1.75,1.00
2018.01.15 01:47:57.010,0.7674,0.76756,1.50,1.00
2018.01.15 01:47:57.361,0.76738,0.76756,1.00,1.50
2018.01.15 01:47:57.857,0.7674,0.76755,1.00,1.00
2018.01.15 01:47:58.492,0.7674,0.76756,1.00,1.50
2018.01.15 01:47:58.807,0.76738,0.76756,1.00,1.50
2018.01.15 01:47:59.322,0.7674,0.76758,2.25,1.00
2018.01.15 01:47:59.662,0.76742,0.7676,1.00,1.12
2018.01.15 01:48:00.118,0.76745,0.76763,1.12,1.10
2018.01.15 01:48:00.881,0.76745,0.76764,1.12,1.87
2018.01.15 01:48:01.186,0.76744,0.76761,1.00,1.00
2018.01.15 01:48:01.624,0.76744,0.7676,1.00,1.50
2018.01.15 01:48:01.675,0.76742,0.76759,1.00,1.12
2018.01.15 01:48:03.358,0.7674,0.76756,1.12,1.00
2018.01.15 01:48:03.409,0.76742,0.7676,1.00,2.25
2018.01.15 01:48:06.722,0.76742,0.7676,1.37,1.12
2018.01.15 01:48:06.773,0.76745,0.76763,1.00,1.00
2018.01.15 01:48:06.824,0.76745,0.76765,1.87,1.12
2018.01.15 01:48:07.027,0.76748,0.76766,1.00,1.00
2018.01.15 01:48:09.652,0.76745,0.76765,1.95,1.12
2018.01.15 01:48:09.754,0.76745,0.76763,1.87,1.00
2018.01.15 01:48:11.063,0.76745,0.76765,1.87,1.12
2018.01.15 01:48:11.114,0.76745,0.76765,2.25,1.00
2018.01.15 01:48:11.822,0.76748,0.76766,1.12,1.00
2018.01.15 01:48:12.267,0.7675,0.76768,1.87,1.00
2018.01.15 01:48:12.419,0.76753,0.76772,1.12,1.20
2018.01.15 01:48:13.144,0.76752,0.76771,1.50,1.00
2018.01.15 01:48:15.866,0.76752,0.76771,1.12,1.37
2018.01.15 01:48:18.357,0.76751,0.76769,1.12,1.00
2018.01.15 01:48:18.562,0.7675,0.76767,1.00,1.00
2018.01.15 01:48:26.468,0.76751,0.76768,1.00,1.00
2018.01.15 01:48:26.772,0.76749,0.76766,1.00,1.00
2018.01.15 01:48:28.135,0.7675,0.76768,1.00,1.50
2018.01.15 01:48:28.758,0.76751,0.76769,1.12,1.00
2018.01.15 01:48:29.301,0.76753,0.76771,1.00,1.00
2018.01.15 01:48:32.610,0.76755,0.76771,1.00,1.00
2018.01.15 01:48:32.769,0.76753,0.76771,1.00,1.00
2018.01.15 01:48:33.701,0.76756,0.76774,1.00,1.00
2018.01.15 01:48:34.217,0.76755,0.76775,1.12,1.20
2018.01.15 01:48:34.531,0.76756,0.76771,1.00,1.00
2018.01.15 01:48:34.736,0.76744,0.76762,1.00,1.50
2018.01.15 01:48:34.939,0.76742,0.76761,1.12,1.12
2018.01.15 01:48:43.543,0.76742,0.76759,1.12,1.00
2018.01.15 01:48:47.322,0.76738,0.76756,1.00,1.12
2018.01.15 01:48:47.841,0.76738,0.76755,1.00,1.10
2018.01.15 01:48:48.414,0.76738,0.76755,1.00,1.07
2018.01.15 01:48:49.422,0.76738,0.76755,1.00,1.10
2018.01.15 01:48:50.064,0.76738,0.76755,1.00,1.20
2018.01.15 01:48:55.505,0.7674,0.76756,1.00,3.07
2018.01.15 01:48:55.606,0.76738,0.76756,1.00,1.57
2018.01.15 01:48:55.657,0.7674,0.76756,1.00,1.07
2018.01.15 01:48:55.709,0.7674,0.76757,1.00,1.10
2018.01.15 01:48:57.870,0.76739,0.76757,1.00,1.10
2018.01.15 01:48:58.059,0.7674,0.76758,1.87,1.20
2018.01.15 01:48:58.110,0.76739,0.76759,2.25,1.57
2018.01.15 01:48:58.327,0.76738,0.76756,1.12,1.00
2018.01.15 01:48:58.631,0.76736,0.76754,1.12,1.00
2018.01.15 01:48:58.733,0.76734,0.76753,1.12,1.12
2018.01.15 01:48:59.735,0.76735,0.76753,1.00,1.12
2018.01.15 01:49:00.296,0.76736,0.76754,1.12,1.20
2018.01.15 01:49:01.535,0.76736,0.76754,1.12,1.20
2018.01.15 01:49:01.637,0.76738,0.76756,1.00,2.70
2018.01.15 01:49:01.789,0.76736,0.76754,1.12,2.32
2018.01.15 01:49:01.840,0.76735,0.76751,1.00,1.00
2018.01.15 01:49:01.942,0.76732,0.76752,1.87,1.20
2018.01.15 01:49:02.295,0.76735,0.76752,1.00,1.20
2018.01.15 01:49:02.942,0.76735,0.76751,1.00,1.00
2018.01.15 01:49:04.974,0.76735,0.76753,1.00,2.70
2018.01.15 01:49:05.700,0.76735,0.76753,1.00,1.50
2018.01.15 01:49:06.242,0.76734,0.76754,1.00,3.07
2018.01.15 01:49:07.076,0.76734,0.76753,1.00,1.00
2018.01.15 01:49:08.118,0.76735,0.76753,1.00,1.50
2018.01.15 01:49:08.883,0.76735,0.76753,1.50,1.00
2018.01.15 01:49:12.783,0.76737,0.76755,1.00,1.12
2018.01.15 01:49:14.953,0.7674,0.76755,1.00,1.00
2018.01.15 01:49:18.711,0.76737,0.76755,1.12,1.00
2018.01.15 01:49:19.221,0.76738,0.76758,1.00,1.75
2018.01.15 01:49:19.272,0.76739,0.76757,1.12,1.00
2018.01.15 01:49:19.374,0.76737,0.76755,1.75,1.00
2018.01.15 01:49:19.425,0.76739,0.76757,1.12,1.00
2018.01.15 01:49:24.347,0.76738,0.76758,1.50,2.70
2018.01.15 01:49:24.449,0.76738,0.76756,1.50,1.00
2018.01.15 01:49:25.364,0.7674,0.76756,1.00,1.00
2018.01.15 01:49:25.897,0.76738,0.76757,1.50,1.00
2018.01.15 01:49:28.484,0.76738,0.76756,1.50,1.00
2018.01.15 01:49:32.265,0.76739,0.76757,1.12,1.00
2018.01.15 01:49:35.515,0.76739,0.76756,1.12,1.00
2018.01.15 01:49:36.126,0.7674,0.76756,1.12,1.00
2018.01.15 01:49:36.811,0.7674,0.76758,1.12,1.00
2018.01.15 01:49:36.913,0.76743,0.7676,1.00,1.50
2018.01.15 01:49:36.964,0.76744,0.76762,1.00,1.00
2018.01.15 01:49:37.015,0.76743,0.76763,1.85,1.00
2018.01.15 01:49:37.066,0.76747,0.76765,1.00,2.25
2018.01.15 01:49:37.117,0.76745,0.76764,1.87,1.87
2018.01.15 01:49:37.862,0.76745,0.76763,1.12,1.00
2018.01.15 01:49:38.168,0.76747,0.76765,1.00,2.25
2018.01.15 01:49:38.677,0.76747,0.76765,1.00,1.00
2018.01.15 01:49:38.996,0.7675,0.76767,1.00,1.00
2018.01.15 01:49:40.522,0.76748,0.76768,1.57,1.12
2018.01.15 01:49:40.834,0.76748,0.76768,1.10,1.75
2018.01.15 01:49:44.712,0.76749,0.76768,1.00,1.75
2018.01.15 01:49:45.459,0.76748,0.76768,1.00,1.75
2018.01.15 01:49:46.882,0.76745,0.76763,1.82,1.00
2018.01.15 01:49:46.933,0.76744,0.76764,1.12,1.50
2018.01.15 01:49:47.136,0.76743,0.76761,1.00,1.12
2018.01.15 01:49:47.988,0.76745,0.76763,1.00,1.75
2018.01.15 01:49:48.039,0.76745,0.76764,1.12,1.87
2018.01.15 01:49:48.639,0.76746,0.76764,1.00,1.12
2018.01.15 01:49:48.741,0.76748,0.76767,1.00,1.75
2018.01.15 01:49:48.792,0.76749,0.76767,1.00,1.00
2018.01.15 01:49:48.844,0.76753,0.7677,1.00,1.00
2018.01.15 01:49:49.478,0.76753,0.76771,1.12,1.50
2018.01.15 01:49:50.124,0.76751,0.76768,1.50,1.00
2018.01.15 01:49:50.277,0.76743,0.76763,1.57,1.12
2018.01.15 01:49:50.429,0.76743,0.76761,1.50,1.00
2018.01.15 01:49:51.437,0.76744,0.76763,1.12,1.12
2018.01.15 01:49:51.640,0.76748,0.76766,1.00,1.95
2018.01.15 01:49:53.910,0.76748,0.76766,1.00,1.57
2018.01.15 01:49:54.346,0.76746,0.76764,1.12,1.00
2018.01.15 01:49:54.802,0.76749,0.76766,1.00,1.10
2018.01.15 01:50:00.347,0.7675,0.76767,1.12,1.00
2018.01.15 01:50:00.651,0.76755,0.7677,1.00,1.00
2018.01.15 01:50:00.997,0.76752,0.7677,1.12,1.00
2018.01.15 01:50:01.150,0.7675,0.76767,1.75,1.00
2018.01.15 01:50:01.201,0.7675,0.76767,1.00,1.00
2018.01.15 01:50:01.252,0.76747,0.76767,1.50,1.00
2018.01.15 01:50:01.303,0.7675,0.76767,1.00,1.00
2018.01.15 01:50:01.861,0.7675,0.76768,1.87,1.50
2018.01.15 01:50:16.017,0.76754,0.76768,1.00,1.00
2018.01.15 01:50:16.118,0.76755,0.76771,1.00,1.00
2018.01.15 01:50:16.169,0.76755,0.76774,1.00,2.25
2018.01.15 01:50:16.220,0.76754,0.76772,1.00,1.00
2018.01.15 01:50:16.524,0.76752,0.7677,1.00,1.12
2018.01.15 01:50:21.717,0.76755,0.7677,1.00,1.12
2018.01.15 01:50:21.819,0.76754,0.76773,1.12,1.87
2018.01.15 01:50:21.870,0.76756,0.76774,1.50,1.00
2018.01.15 01:50:22.117,0.76752,0.76773,1.50,2.25
2018.01.15 01:50:22.219,0.76755,0.76773,1.00,2.25
2018.01.15 01:50:22.270,0.76752,0.76773,1.50,2.25
2018.01.15 01:50:22.910,0.76755,0.76773,1.00,1.50
2018.01.15 01:50:24.384,0.76754,0.76773,1.00,1.50
2018.01.15 01:50:26.990,0.76755,0.76773,1.00,1.50
2018.01.15 01:50:27.778,0.76755,0.76773,1.12,1.00
2018.01.15 01:50:29.298,0.76757,0.76774,1.00,1.12
2018.01.15 01:50:34.039,0.76755,0.76772,1.00,1.00
2018.01.15 01:50:37.285,0.76756,0.76772,1.00,1.00
2018.01.15 01:50:37.387,0.76753,0.76771,1.12,1.50
2018.01.15 01:50:37.439,0.76755,0.7677,1.00,1.00
2018.01.15 01:50:37.490,0.76755,0.76772,1.00,1.87
2018.01.15 01:50:37.592,0.76752,0.76772,1.47,1.12
2018.01.15 01:50:39.328,0.76752,0.76771,1.37,1.00
2018.01.15 01:50:39.996,0.76753,0.7677,1.00,1.00
2018.01.15 01:50:40.564,0.76753,0.76771,1.12,1.00
2018.01.15 01:50:47.599,0.76755,0.76772,1.00,1.50
2018.01.15 01:50:52.486,0.76753,0.76771,1.12,1.00
2018.01.15 01:50:52.588,0.76751,0.76769,1.20,1.00
2018.01.15 01:50:58.154,0.7675,0.7677,2.25,1.12
2018.01.15 01:50:58.882,0.76751,0.76769,1.12,1.00
2018.01.15 01:51:01.006,0.7675,0.7677,2.25,1.12
2018.01.15 01:51:01.742,0.7675,0.76769,1.50,1.50
2018.01.15 01:51:02.128,0.76749,0.76766,1.00,1.12
2018.01.15 01:51:03.095,0.76748,0.76766,1.00,1.12
2018.01.15 01:51:06.734,0.76749,0.76766,1.00,1.12
2018.01.15 01:51:07.547,0.76746,0.76766,2.32,1.12
2018.01.15 01:51:07.649,0.76746,0.76764,1.00,1.12
2018.01.15 01:51:08.398,0.76746,0.76763,1.00,1.00
2018.01.15 01:51:08.830,0.76741,0.76758,1.20,1.00
2018.01.15 01:51:09.443,0.7674,0.76759,1.00,1.50
2018.01.15 01:51:13.179,0.7674,0.76759,1.00,1.50
2018.01.15 01:51:13.523,0.7674,0.76756,1.00,1.00
2018.01.15 01:51:14.815,0.76745,0.76758,1.00,1.00
2018.01.15 01:51:15.428,0.76745,0.76759,1.00,1.12
2018.01.15 01:51:16.198,0.76745,0.76758,1.00,1.00
2018.01.15 01:51:16.522,0.76745,0.7676,1.00,1.12
2018.01.15 01:51:16.624,0.76745,0.76762,1.00,1.12
2018.01.15 01:51:19.247,0.76744,0.76762,1.50,1.12
2018.01.15 01:51:19.298,0.76745,0.7676,1.00,1.00
2018.01.15 01:51:19.684,0.76744,0.76765,1.87,1.37
2018.01.15 01:51:31.475,0.7675,0.76765,1.00,1.87
2018.01.15 01:51:33.166,0.76745,0.76765,1.12,1.87
2018.01.15 01:51:40.732,0.76745,0.76765,1.12,2.32
2018.01.15 01:51:41.263,0.76745,0.76762,1.00,1.12
2018.01.15 01:51:42.073,0.76741,0.76758,1.12,1.00
2018.01.15 01:51:42.583,0.76741,0.76759,1.12,2.25
2018.01.15 01:51:43.816,0.76741,0.76758,1.12,1.00
2018.01.15 01:51:47.639,0.7674,0.76758,1.50,1.50
2018.01.15 01:51:48.169,0.7674,0.76757,1.00,1.10
2018.01.15 01:51:48.854,0.7674,0.76757,2.25,1.10
2018.01.15 01:51:51.620,0.76739,0.76759,2.32,1.50
2018.01.15 01:51:52.268,0.76742,0.76759,1.00,1.00
2018.01.15 01:51:52.773,0.76742,0.7676,1.00,1.87
2018.01.15 01:51:53.737,0.76744,0.7676,1.00,1.00
2018.01.15 01:51:53.936,0.76747,0.76765,1.00,1.50
2018.01.15 01:51:53.987,0.76744,0.76762,2.25,1.50
2018.01.15 01:51:54.038,0.76744,0.76761,1.00,1.00
2018.01.15 01:51:54.535,0.76741,0.76759,1.00,1.12
2018.01.15 01:51:54.687,0.76743,0.76762,1.12,3.45
2018.01.15 01:52:03.913,0.76742,0.7676,1.00,1.00
2018.01.15 01:52:04.918,0.76741,0.76761,1.00,1.50
2018.01.15 01:52:05.431,0.76743,0.76762,1.12,1.87
2018.01.15 01:52:18.865,0.76743,0.7676,1.12,1.00
2018.01.15 01:52:18.967,0.7674,0.76759,1.87,1.12
2018.01.15 01:52:22.818,0.76742,0.7676,1.50,2.25
2018.01.15 01:52:22.920,0.76741,0.76761,2.25,1.12
2018.01.15 01:52:23.021,0.76744,0.76762,1.00,1.50
2018.01.15 01:52:23.528,0.76742,0.7676,1.12,1.00
2018.01.15 01:52:23.629,0.76744,0.76761,1.00,1.12
2018.01.15 01:52:30.944,0.76745,0.76761,1.00,1.00
2018.01.15 01:52:31.859,0.76743,0.76761,1.37,1.00
2018.01.15 01:52:34.220,0.76745,0.76761,1.00,1.00
2018.01.15 01:52:45.155,0.76744,0.76761,1.12,1.00
2018.01.15 01:52:45.462,0.76745,0.76758,1.00,1.12
2018.01.15 01:52:45.571,0.76741,0.76758,1.12,1.00
2018.01.15 01:52:46.578,0.76742,0.7676,1.00,1.12
2018.01.15 01:52:51.411,0.76745,0.7676,1.00,1.00
2018.01.15 01:52:51.693,0.76743,0.76761,1.00,1.50
2018.01.15 01:52:52.111,0.76742,0.76759,1.12,1.00
2018.01.15 01:53:00.157,0.7674,0.76759,1.12,2.32
2018.01.15 01:53:03.687,0.76742,0.76759,1.00,1.50
2018.01.15 01:53:06.419,0.76742,0.7676,1.00,1.12
2018.01.15 01:53:06.621,0.76744,0.76763,2.25,1.00
2018.01.15 01:53:07.443,0.76745,0.76763,1.50,1.50
2018.01.15 01:53:17.592,0.76746,0.76763,1.50,1.00
2018.01.15 01:53:17.825,0.7675,0.76765,1.00,1.00
2018.01.15 01:53:18.317,0.76747,0.76763,1.00,1.00
2018.01.15 01:53:18.368,0.76744,0.7676,1.75,1.00
2018.01.15 01:53:18.419,0.76744,0.76763,1.00,1.87
2018.01.15 01:53:19.140,0.76745,0.76762,1.50,1.00
2018.01.15 01:53:21.187,0.76745,0.7676,1.00,1.00
2018.01.15 01:53:21.337,0.76742,0.7676,1.57,1.00
2018.01.15 01:53:21.388,0.76745,0.76762,1.50,1.00
2018.01.15 01:53:21.890,0.76745,0.76763,1.00,1.00
2018.01.15 01:53:25.350,0.76745,0.76761,1.00,1.12
2018.01.15 01:53:25.891,0.76743,0.7676,1.50,1.00
2018.01.15 01:53:26.512,0.76743,0.76761,1.00,1.50
2018.01.15 01:53:26.897,0.76745,0.76762,1.00,1.00
2018.01.15 01:53:30.980,0.76745,0.76761,1.00,1.00
2018.01.15 01:53:32.250,0.76743,0.76761,1.00,1.50
2018.01.15 01:53:34.161,0.76742,0.7676,1.00,1.00
2018.01.15 01:53:34.388,0.76744,0.76759,1.00,1.00
2018.01.15 01:53:34.522,0.76744,0.76762,1.50,1.00
2018.01.15 01:53:35.564,0.76744,0.76762,1.87,1.00
2018.01.15 01:53:35.615,0.76745,0.76764,1.12,1.12
2018.01.15 01:53:36.862,0.76745,0.76762,1.00,1.12
2018.01.15 01:53:39.132,0.76743,0.76762,1.12,1.12
2018.01.15 01:53:39.309,0.76741,0.76759,1.10,1.00
2018.01.15 01:53:46.446,0.7674,0.7676,2.32,1.12
2018.01.15 01:53:54.512,0.76745,0.76759,1.00,1.00
2018.01.15 01:53:54.563,0.76745,0.76764,1.12,1.95
2018.01.15 01:53:55.111,0.76746,0.76764,1.00,1.87
2018.01.15 01:53:55.162,0.7675,0.76765,1.00,1.50
2018.01.15 01:53:55.264,0.76751,0.76767,1.00,1.00
2018.01.15 01:53:55.821,0.7675,0.76767,1.00,1.00
2018.01.15 01:53:56.051,0.7675,0.76769,1.87,1.00
2018.01.15 01:53:56.890,0.7675,0.7677,1.87,1.87
2018.01.15 01:53:57.424,0.76751,0.76769,1.00,1.00
2018.01.15 01:54:00.701,0.7675,0.7677,1.50,2.32
2018.01.15 01:54:01.341,0.76749,0.76767,1.12,1.00
2018.01.15 01:54:03.996,0.76748,0.76768,1.37,1.95
2018.01.15 01:54:04.687,0.7675,0.76767,1.00,1.00
2018.01.15 01:54:04.788,0.76751,0.7677,1.12,1.12
2018.01.15 01:54:05.546,0.76751,0.76769,1.12,1.00
2018.01.15 01:54:05.973,0.76749,0.76767,1.00,1.50
2018.01.15 01:54:10.049,0.76749,0.76766,1.00,1.00
2018.01.15 01:54:10.372,0.76742,0.7676,1.50,1.00
2018.01.15 01:54:10.983,0.76744,0.76763,1.00,1.10
2018.01.15 01:54:11.136,0.76747,0.76765,1.00,1.57
2018.01.15 01:54:12.022,0.76747,0.76764,1.00,1.00
2018.01.15 01:54:12.300,0.76742,0.76762,2.25,1.50
2018.01.15 01:54:12.842,0.76745,0.76763,1.00,1.10
2018.01.15 01:54:12.999,0.76742,0.7676,1.00,1.00
2018.01.15 01:54:13.303,0.76744,0.76761,1.00,1.10
2018.01.15 01:54:13.666,0.76742,0.7676,1.00,1.12
2018.01.15 01:54:15.549,0.76742,0.76759,1.00,1.00
2018.01.15 01:54:16.097,0.7674,0.76759,3.00,1.00
2018.01.15 01:54:16.511,0.76739,0.76757,1.50,1.10
2018.01.15 01:54:18.145,0.7674,0.76757,1.00,1.10
2018.01.15 01:54:21.020,0.7674,0.76758,1.00,1.10
2018.01.15 01:54:21.386,0.76742,0.7676,1.00,1.12
2018.01.15 01:54:22.030,0.76739,0.76759,1.50,1.50
2018.01.15 01:54:22.945,0.76739,0.76758,2.25,1.00
2018.01.15 01:54:23.493,0.76743,0.76761,1.00,1.95
2018.01.15 01:54:26.927,0.76745,0.76763,1.00,1.75
2018.01.15 01:54:26.978,0.76745,0.76764,1.12,1.87
2018.01.15 01:54:28.627,0.76747,0.76765,1.00,1.00
2018.01.15 01:54:29.769,0.76747,0.76763,1.00,1.00
2018.01.15 01:54:30.028,0.76745,0.76763,1.50,1.50
2018.01.15 01:54:30.586,0.76747,0.76765,1.12,1.00
2018.01.15 01:54:31.106,0.76747,0.76765,1.00,1.87
2018.01.15 01:54:31.157,0.76745,0.76763,1.50,1.00
2018.01.15 01:54:39.188,0.76745,0.76763,2.70,1.00
2018.01.15 01:54:43.775,0.76745,0.76763,1.50,1.12
2018.01.15 01:54:47.805,0.76745,0.76762,1.50,1.00
2018.01.15 01:54:48.033,0.76746,0.76764,1.00,1.57
2018.01.15 01:54:48.085,0.76748,0.76766,1.00,1.87
2018.01.15 01:54:48.186,0.76746,0.76766,1.50,1.20
2018.01.15 01:54:48.237,0.76747,0.76764,1.00,1.00
2018.01.15 01:54:48.576,0.76746,0.76763,1.00,1.50
2018.01.15 01:54:49.124,0.76745,0.76762,1.00,1.00
2018.01.15 01:54:49.578,0.76746,0.76764,1.00,1.12
2018.01.15 01:54:50.155,0.76746,0.76764,1.50,1.00
2018.01.15 01:54:50.307,0.7675,0.76764,1.00,1.00
2018.01.15 01:54:50.440,0.7675,0.76766,1.00,1.12
2018.01.15 01:54:53.710,0.76749,0.76766,1.00,1.12
2018.01.15 01:54:54.289,0.7675,0.76766,1.00,1.12
2018.01.15 01:54:55.363,0.76749,0.76766,1.00,1.12
2018.01.15 01:54:56.585,0.7675,0.76766,1.00,1.12
2018.01.15 01:54:57.075,0.7675,0.76768,1.00,1.12
2018.01.15 01:55:00.256,0.76751,0.76768,1.00,1.12
2018.01.15 01:55:00.564,0.7675,0.76766,1.50,1.12
2018.01.15 01:55:01.093,0.76751,0.76766,1.00,1.12
2018.01.15 01:55:06.755,0.76753,0.76769,1.00,1.00
2018.01.15 01:55:06.857,0.76753,0.76771,1.50,1.00
2018.01.15 01:55:08.194,0.7675,0.76768,1.50,1.12
2018.01.15 01:55:09.014,0.7675,0.76767,1.00,1.50
2018.01.15 01:55:13.105,0.7675,0.76766,1.00,1.00
2018.01.15 01:55:13.512,0.7675,0.76768,1.00,1.20
2018.01.15 01:55:13.823,0.7675,0.76767,1.00,1.50
2018.01.15 01:55:16.760,0.76747,0.76767,1.12,1.57
2018.01.15 01:55:16.811,0.76749,0.76766,1.00,1.12
2018.01.15 01:55:17.189,0.7675,0.76768,1.00,1.95
2018.01.15 01:55:17.801,0.7675,0.76768,1.50,2.32
2018.01.15 01:55:19.896,0.76748,0.76766,1.37,1.00
2018.01.15 01:55:22.063,0.76746,0.76763,1.00,1.00
2018.01.15 01:55:22.427,0.7675,0.76765,1.00,1.00
2018.01.15 01:55:22.700,0.76747,0.76765,1.87,1.00
2018.01.15 01:55:23.362,0.7675,0.76766,1.00,1.85
2018.01.15 01:55:23.413,0.7675,0.76766,1.00,1.95
2018.01.15 01:55:23.530,0.76747,0.76766,1.12,1.95
2018.01.15 01:55:33.475,0.7675,0.76766,1.00,1.87
2018.01.15 01:55:38.035,0.76747,0.76766,1.87,1.20
2018.01.15 01:55:38.086,0.7675,0.76767,1.00,1.07
2018.01.15 01:55:38.415,0.76751,0.76768,1.00,1.00
2018.01.15 01:55:40.072,0.76751,0.76769,1.00,1.57
2018.01.15 01:55:40.441,0.7675,0.76765,1.00,1.50
2018.01.15 01:55:40.644,0.76746,0.76764,1.50,1.12
2018.01.15 01:55:40.745,0.76745,0.76762,1.12,1.00
2018.01.15 01:55:41.288,0.7675,0.76764,1.00,1.00
2018.01.15 01:55:41.389,0.76746,0.76764,1.00,1.00
2018.01.15 01:55:41.860,0.76744,0.76763,2.70,1.12
2018.01.15 01:55:42.471,0.76745,0.76763,1.00,1.12
2018.01.15 01:55:42.522,0.76745,0.76761,1.00,1.00
2018.01.15 01:55:42.674,0.76745,0.76765,1.87,1.50
2018.01.15 01:55:43.177,0.76745,0.76763,1.00,1.50
2018.01.15 01:55:47.011,0.76746,0.76764,1.00,1.87
2018.01.15 01:55:47.278,0.7675,0.76767,1.00,1.95
2018.01.15 01:55:47.584,0.76747,0.76765,2.25,1.10
2018.01.15 01:55:52.036,0.76746,0.76766,1.75,1.10
2018.01.15 01:55:52.087,0.76746,0.76766,1.00,1.57
2018.01.15 01:55:52.138,0.76745,0.76764,1.50,1.00
2018.01.15 01:55:52.678,0.76745,0.76763,1.50,1.00
2018.01.15 01:55:53.884,0.76745,0.76764,1.00,2.32
2018.01.15 01:55:54.317,0.76747,0.76765,1.00,1.95
2018.01.15 01:55:58.924,0.76745,0.76763,1.87,1.00
2018.01.15 01:55:59.576,0.76745,0.76762,1.00,1.12
2018.01.15 01:56:02.316,0.76745,0.76761,1.00,1.00
2018.01.15 01:56:02.367,0.76745,0.76764,1.00,1.50
2018.01.15 01:56:02.823,0.7675,0.76763,1.00,1.00
2018.01.15 01:56:02.875,0.76745,0.76763,2.32,1.00
2018.01.15 01:56:03.431,0.76745,0.76762,1.00,1.12
2018.01.15 01:56:03.955,0.76744,0.76761,1.00,1.00
2018.01.15 01:56:04.517,0.76745,0.76761,1.00,1.00
2018.01.15 01:56:12.977,0.76744,0.76761,1.00,1.00
2018.01.15 01:56:13.266,0.7675,0.76763,1.00,1.00
2018.01.15 01:56:13.418,0.76749,0.76766,1.00,1.00
2018.01.15 01:56:14.188,0.76749,0.76767,1.00,1.87
2018.01.15 01:56:14.850,0.76749,0.76766,1.00,1.00
2018.01.15 01:56:16.356,0.7675,0.76768,1.50,1.50
2018.01.15 01:56:16.710,0.7675,0.76766,1.00,1.00
2018.01.15 01:56:16.964,0.7675,0.7677,1.12,1.50
2018.01.15 01:56:17.512,0.7675,0.76768,1.00,1.37
2018.01.15 01:56:17.747,0.76749,0.7677,3.07,2.25
2018.01.15 01:56:18.268,0.76751,0.76769,1.00,1.87
2018.01.15 01:56:18.809,0.7675,0.76769,1.87,1.87
2018.01.15 01:56:19.548,0.76752,0.76769,1.00,1.87
2018.01.15 01:56:19.751,0.7675,0.76768,1.87,1.00
2018.01.15 01:56:20.055,0.76752,0.7677,1.00,1.50
2018.01.15 01:56:20.789,0.76752,0.7677,1.00,1.00
2018.01.15 01:56:22.371,0.7675,0.76768,1.00,1.12
2018.01.15 01:56:22.919,0.76751,0.76769,1.12,1.00
2018.01.15 01:56:26.437,0.7675,0.76768,1.00,1.12
2018.01.15 01:56:30.354,0.76749,0.76768,1.12,1.87
2018.01.15 01:56:31.388,0.76747,0.76765,1.12,1.00
2018.01.15 01:56:31.489,0.76745,0.76764,1.12,1.12
2018.01.15 01:56:31.628,0.76746,0.76766,1.10,1.00
2018.01.15 01:56:31.881,0.76745,0.76763,1.57,1.00
2018.01.15 01:56:31.983,0.76745,0.76765,1.95,1.87
2018.01.15 01:56:32.185,0.76745,0.76764,1.00,1.50
2018.01.15 01:56:33.009,0.76743,0.76762,1.50,1.00
2018.01.15 01:56:33.670,0.76745,0.76761,1.00,1.00
2018.01.15 01:56:34.336,0.76744,0.76761,1.00,1.00
2018.01.15 01:56:34.387,0.76745,0.76763,1.00,1.12
2018.01.15 01:56:35.063,0.76744,0.76764,1.87,2.25
2018.01.15 01:56:36.281,0.76745,0.76764,1.00,2.25
2018.01.15 01:56:36.549,0.76743,0.76761,1.00,1.00
2018.01.15 01:56:36.749,0.7674,0.76761,3.07,1.50
2018.01.15 01:56:37.378,0.76741,0.7676,1.00,1.00
2018.01.15 01:56:37.530,0.76743,0.76761,1.00,1.50
2018.01.15 01:56:44.615,0.76738,0.76756,2.25,1.00
2018.01.15 01:56:44.792,0.76738,0.76756,1.00,1.00
2018.01.15 01:56:44.897,0.7674,0.76756,1.00,1.00
2018.01.15 01:56:44.948,0.76738,0.76756,1.00,1.00
2018.01.15 01:56:45.626,0.76737,0.76757,1.12,1.20
2018.01.15 01:56:45.956,0.76739,0.76758,1.00,1.57
2018.01.15 01:56:46.260,0.76737,0.76755,1.00,1.00
2018.01.15 01:56:47.519,0.76734,0.76753,1.00,1.50
2018.01.15 01:56:47.570,0.76733,0.76751,1.00,1.00
2018.01.15 01:56:47.672,0.76731,0.7675,1.00,1.12
2018.01.15 01:56:47.723,0.76734,0.76752,1.00,3.00
2018.01.15 01:56:47.826,0.76734,0.76752,1.00,1.87
2018.01.15 01:56:52.401,0.76734,0.76751,1.00,1.00
2018.01.15 01:56:53.705,0.76734,0.76752,1.00,1.12
2018.01.15 01:56:54.221,0.76735,0.76752,1.00,1.12
2018.01.15 01:56:57.977,0.76734,0.76752,1.00,1.12
2018.01.15 01:56:59.969,0.76734,0.76751,1.00,1.00
2018.01.15 01:57:00.539,0.76735,0.76752,1.87,1.00
2018.01.15 01:57:04.697,0.76734,0.76752,1.00,1.95
2018.01.15 01:57:04.748,0.76732,0.7675,1.00,1.00
2018.01.15 01:57:11.552,0.76735,0.76751,1.00,1.10
2018.01.15 01:57:11.888,0.76732,0.76752,1.00,2.25
2018.01.15 01:57:12.424,0.76733,0.76751,1.00,1.00
2018.01.15 01:57:15.464,0.7673,0.76748,2.25,1.00
2018.01.15 01:57:16.085,0.76732,0.7675,1.00,1.00
2018.01.15 01:57:16.187,0.76733,0.76752,1.12,1.00
2018.01.15 01:57:16.444,0.76735,0.76752,1.00,1.00
2018.01.15 01:57:16.495,0.76731,0.76751,1.75,1.00
2018.01.15 01:57:17.074,0.76732,0.7675,1.00,1.00
2018.01.15 01:57:17.582,0.7673,0.7675,1.12,2.25
2018.01.15 01:57:17.786,0.76729,0.76747,1.00,2.25
2018.01.15 01:57:18.090,0.76727,0.76745,1.00,1.00
2018.01.15 01:57:18.473,0.76727,0.76742,1.00,1.00
2018.01.15 01:57:18.575,0.76723,0.76741,1.12,1.00
2018.01.15 01:57:18.843,0.7672,0.7674,1.50,1.12
2018.01.15 01:57:18.992,0.7672,0.76737,1.00,1.00
2018.01.15 01:57:19.838,0.7672,0.76736,1.00,1.00
2018.01.15 01:57:20.428,0.76718,0.76736,1.12,1.00
2018.01.15 01:57:20.586,0.7672,0.76736,1.00,1.00
2018.01.15 01:57:20.739,0.76721,0.76738,1.00,1.00
2018.01.15 01:57:20.790,0.76723,0.7674,1.00,1.50
2018.01.15 01:57:20.968,0.76718,0.76736,1.00,1.87
2018.01.15 01:57:22.067,0.76718,0.76735,1.00,1.00
2018.01.15 01:57:22.620,0.76718,0.76736,1.00,1.87
2018.01.15 01:57:23.145,0.76718,0.76735,1.00,1.00
2018.01.15 01:57:23.789,0.76718,0.76736,1.00,1.87
2018.01.15 01:57:24.725,0.76718,0.76735,1.00,1.00
2018.01.15 01:57:25.108,0.7672,0.76739,1.50,1.07
2018.01.15 01:57:25.364,0.76726,0.76744,1.00,1.12
2018.01.15 01:57:25.886,0.76727,0.76745,1.12,2.25
2018.01.15 01:57:26.862,0.76726,0.76746,1.50,1.12
2018.01.15 01:57:26.913,0.76729,0.76747,1.00,3.82
2018.01.15 01:57:29.246,0.76726,0.76746,1.50,1.12
2018.01.15 01:57:29.746,0.7673,0.76749,1.00,3.07
2018.01.15 01:57:29.797,0.76729,0.76749,1.37,1.95
2018.01.15 01:57:29.949,0.76728,0.76747,1.12,1.12
2018.01.15 01:57:32.365,0.76728,0.76746,1.12,1.00
2018.01.15 01:57:33.114,0.76725,0.76745,1.12,1.12
2018.01.15 01:57:33.625,0.76726,0.76744,1.00,1.00
2018.01.15 01:57:33.676,0.76727,0.76746,1.12,1.12
2018.01.15 01:57:33.965,0.7673,0.76746,1.00,1.12
2018.01.15 01:57:38.486,0.7673,0.76747,1.00,1.00
2018.01.15 01:57:39.145,0.76729,0.76747,1.12,1.00
2018.01.15 01:57:40.131,0.76729,0.76746,1.00,1.00
2018.01.15 01:57:40.836,0.7673,0.76746,1.00,1.00
2018.01.15 01:57:41.493,0.7673,0.76747,1.00,1.50
2018.01.15 01:57:42.036,0.7673,0.76746,1.00,1.00
2018.01.15 01:57:42.488,0.76728,0.76746,1.00,1.00
2018.01.15 01:57:42.590,0.76726,0.76744,1.57,1.00
2018.01.15 01:57:43.148,0.76726,0.76744,1.00,1.12
2018.01.15 01:57:45.349,0.76725,0.76745,1.87,1.50
2018.01.15 01:57:45.861,0.76726,0.76744,1.00,1.12
2018.01.15 01:57:55.097,0.76724,0.76742,1.57,1.00
2018.01.15 01:57:55.586,0.76727,0.76745,1.00,1.10
2018.01.15 01:57:58.915,0.76725,0.76743,1.57,1.00
2018.01.15 01:58:00.607,0.76725,0.76743,2.70,1.00
2018.01.15 01:58:01.888,0.76725,0.76743,2.70,1.00
2018.01.15 01:58:01.989,0.76725,0.76743,1.50,1.00
2018.01.15 01:58:02.040,0.76727,0.76744,1.00,1.00
2018.01.15 01:58:02.564,0.76726,0.76743,1.00,1.00
2018.01.15 01:58:02.941,0.76726,0.76741,1.00,1.00
2018.01.15 01:58:03.306,0.76726,0.76744,1.12,1.00
2018.01.15 01:58:05.363,0.76726,0.76745,1.20,1.87
2018.01.15 01:58:05.466,0.76729,0.76747,1.00,1.00
2018.01.15 01:58:05.772,0.76735,0.7675,1.00,1.00
2018.01.15 01:58:05.981,0.76732,0.7675,1.00,2.25
2018.01.15 01:58:06.633,0.76733,0.76749,1.12,1.00
2018.01.15 01:58:09.961,0.76737,0.76752,1.00,1.12
2018.01.15 01:58:10.019,0.76734,0.7675,1.00,1.00
2018.01.15 01:58:10.121,0.76731,0.7675,1.07,1.12
2018.01.15 01:58:10.223,0.76733,0.76752,1.57,1.12
2018.01.15 01:58:10.924,0.76734,0.76753,1.37,1.00
2018.01.15 01:58:11.458,0.76735,0.76754,1.12,1.87
2018.01.15 01:58:12.322,0.76732,0.7675,1.20,1.00
2018.01.15 01:58:12.959,0.76731,0.76751,1.20,1.00
2018.01.15 01:58:15.355,0.76731,0.76751,1.10,1.00
2018.01.15 01:58:15.663,0.76732,0.7675,1.10,1.37
2018.01.15 01:58:16.259,0.76731,0.76751,1.10,1.50
2018.01.15 01:58:16.760,0.76732,0.7675,1.10,1.37
2018.01.15 01:58:17.300,0.76731,0.7675,1.57,1.00
2018.01.15 01:58:17.627,0.76735,0.76752,1.00,1.50
2018.01.15 01:58:20.017,0.76735,0.76755,1.20,1.87
2018.01.15 01:58:20.622,0.76735,0.76754,2.32,1.12
2018.01.15 01:58:22.983,0.76735,0.76754,1.12,1.87
2018.01.15 01:58:25.234,0.76735,0.76754,2.32,1.12
2018.01.15 01:58:25.791,0.76738,0.76755,1.00,1.00
2018.01.15 01:58:26.090,0.76735,0.76754,1.95,1.12
2018.01.15 01:58:26.643,0.76735,0.76754,2.32,1.12
2018.01.15 01:58:26.961,0.76738,0.76755,1.12,1.00
2018.01.15 01:58:27.659,0.76738,0.76756,1.12,1.00
2018.01.15 01:58:28.328,0.76738,0.76755,1.12,1.00
2018.01.15 01:58:28.867,0.76735,0.76754,1.95,1.00
2018.01.15 01:58:30.167,0.76735,0.76754,1.57,1.00
2018.01.15 01:58:30.319,0.76735,0.76752,1.00,1.00
2018.01.15 01:58:30.864,0.76734,0.76752,1.00,1.00
2018.01.15 01:58:31.169,0.76732,0.7675,1.10,1.00
2018.01.15 01:58:33.180,0.76731,0.76751,1.20,1.00
2018.01.15 01:58:33.779,0.76732,0.7675,1.10,1.00
2018.01.15 01:58:35.187,0.76731,0.76751,1.57,1.50
2018.01.15 01:58:35.697,0.76732,0.7675,1.00,1.00
2018.01.15 01:58:36.013,0.76736,0.76754,1.10,1.00
2018.01.15 01:58:36.319,0.76732,0.7675,1.00,1.12
2018.01.15 01:58:36.663,0.7673,0.76746,1.12,1.00
2018.01.15 01:58:38.915,0.7673,0.76748,1.50,1.00
2018.01.15 01:58:39.169,0.76735,0.76749,1.00,1.12
2018.01.15 01:58:39.220,0.76732,0.7675,1.00,1.50
2018.01.15 01:58:39.271,0.76729,0.76749,1.57,1.12
2018.01.15 01:58:39.983,0.76729,0.76748,1.95,1.00
2018.01.15 01:58:41.023,0.76729,0.76748,2.32,1.00
2018.01.15 01:58:42.353,0.76729,0.76748,1.95,1.00
2018.01.15 01:58:43.795,0.76728,0.76749,1.57,1.12
2018.01.15 01:58:44.333,0.76729,0.76748,1.57,1.00
2018.01.15 01:58:44.991,0.76728,0.76749,1.95,1.87
2018.01.15 01:58:45.610,0.76729,0.76748,1.20,1.00
2018.01.15 01:58:45.954,0.76732,0.76749,1.00,1.12
2018.01.15 01:58:47.287,0.76732,0.7675,1.00,1.87
2018.01.15 01:58:48.034,0.76733,0.76751,1.00,1.00
2018.01.15 01:58:48.370,0.76736,0.76754,1.10,1.00
2018.01.15 01:58:48.914,0.76736,0.76754,1.57,1.00
2018.01.15 01:58:49.716,0.7674,0.76756,1.00,1.50
2018.01.15 01:58:49.941,0.7674,0.76758,1.12,1.00
2018.01.15 01:58:50.093,0.76739,0.76756,1.10,1.00
2018.01.15 01:58:51.416,0.76738,0.76757,1.07,1.12
2018.01.15 01:58:52.738,0.76737,0.76757,1.95,1.12
2018.01.15 01:58:57.807,0.76735,0.76755,1.57,1.00
2018.01.15 01:58:58.437,0.76736,0.76754,1.20,1.00
2018.01.15 01:58:59.371,0.76739,0.76757,1.00,1.50
2018.01.15 01:58:59.523,0.76737,0.76755,1.10,1.12
2018.01.15 01:59:00.318,0.76735,0.76752,1.20,1.00
2018.01.15 01:59:00.825,0.76735,0.76752,1.10,1.00
2018.01.15 01:59:01.564,0.76735,0.76754,1.57,1.37
2018.01.15 01:59:01.971,0.76735,0.76755,1.45,1.50
2018.01.15 01:59:03.184,0.76734,0.76755,2.32,1.50
2018.01.15 01:59:05.939,0.76737,0.76755,1.10,1.12
2018.01.15 01:59:05.990,0.76739,0.76757,1.12,1.50
2018.01.15 01:59:06.454,0.76739,0.76757,1.00,1.75
2018.01.15 01:59:06.653,0.76734,0.76751,1.10,1.12
2018.01.15 01:59:06.754,0.76735,0.76753,1.57,1.12
2018.01.15 01:59:07.420,0.76735,0.76753,2.70,1.12
2018.01.15 01:59:07.776,0.7674,0.76753,1.00,1.12
2018.01.15 01:59:07.826,0.76735,0.76753,2.70,1.12
2018.01.15 01:59:07.981,0.76735,0.76756,3.45,2.25
2018.01.15 01:59:08.133,0.76735,0.76752,1.10,1.12
2018.01.15 01:59:08.570,0.76735,0.7675,1.00,1.00
2018.01.15 01:59:09.269,0.76731,0.76749,1.20,1.12
2018.01.15 01:59:10.432,0.76731,0.76749,1.10,1.12
2018.01.15 01:59:11.492,0.76731,0.76749,1.20,1.12
2018.01.15 01:59:11.543,0.76735,0.76752,1.00,1.12
2018.01.15 01:59:12.164,0.76734,0.76752,1.12,1.00
2018.01.15 01:59:12.730,0.76734,0.76752,1.00,1.37
2018.01.15 01:59:15.719,0.76734,0.76752,1.95,1.50
2018.01.15 01:59:16.268,0.76734,0.76752,1.45,1.50
2018.01.15 01:59:17.452,0.76734,0.76752,1.57,1.00
2018.01.15 01:59:19.621,0.76734,0.76752,1.00,1.12
2018.01.15 01:59:20.337,0.76734,0.76753,1.20,1.12
2018.01.15 01:59:20.721,0.76735,0.76751,1.00,1.12
2018.01.15 01:59:21.587,0.76734,0.76751,1.00,1.12
2018.01.15 01:59:21.689,0.76732,0.76752,1.12,2.25
2018.01.15 01:59:21.740,0.76731,0.76749,1.57,1.00
2018.01.15 01:59:22.305,0.76731,0.76749,1.00,1.12
2018.01.15 01:59:23.461,0.76733,0.76751,1.00,1.12
2018.01.15 01:59:24.011,0.7673,0.76748,1.57,1.00
2018.01.15 01:59:24.546,0.76729,0.76749,2.32,1.12
2018.01.15 01:59:24.939,0.76734,0.76752,1.00,2.70
2018.01.15 01:59:25.302,0.76732,0.7675,1.00,1.00
2018.01.15 01:59:25.632,0.7673,0.76748,1.50,1.00
2018.01.15 01:59:26.930,0.7673,0.76749,1.00,1.12
2018.01.15 01:59:27.611,0.7673,0.76748,1.00,1.12
2018.01.15 01:59:31.072,0.76729,0.76749,1.12,1.50
2018.01.15 01:59:31.376,0.76732,0.7675,1.00,1.12
2018.01.15 01:59:31.848,0.7673,0.76748,1.50,1.00
2018.01.15 01:59:32.636,0.7673,0.76749,1.00,1.00
2018.01.15 01:59:33.184,0.7673,0.76748,1.50,1.00
2018.01.15 01:59:33.716,0.7673,0.76747,1.00,1.00
2018.01.15 01:59:39.117,0.76729,0.76747,1.00,1.00
2018.01.15 01:59:39.667,0.7673,0.76747,1.00,1.00
2018.01.15 01:59:39.768,0.76728,0.76747,1.00,1.00
2018.01.15 01:59:39.819,0.76727,0.76745,1.50,1.00
2018.01.15 01:59:40.142,0.76725,0.76744,1.00,1.57
2018.01.15 01:59:40.463,0.7673,0.76746,1.00,1.12
2018.01.15 01:59:46.205,0.76728,0.76746,1.00,1.12
2018.01.15 01:59:46.408,0.7673,0.76746,1.00,1.12
2018.01.15 01:59:46.572,0.7673,0.76749,1.00,1.50
2018.01.15 01:59:46.927,0.76729,0.76745,1.00,1.00
2018.01.15 01:59:47.493,0.76729,0.76745,1.00,1.50
2018.01.15 01:59:47.603,0.76729,0.76746,1.00,1.12
2018.01.15 01:59:47.833,0.7673,0.7675,1.50,1.50
2018.01.15 01:59:47.934,0.7673,0.76747,1.00,1.00
2018.01.15 01:59:48.611,0.76729,0.76748,1.00,3.00
2018.01.15 01:59:48.764,0.7673,0.76749,1.87,1.12
2018.01.15 01:59:48.865,0.76733,0.76751,1.12,1.50
2018.01.15 01:59:49.269,0.7673,0.7675,2.25,1.50
2018.01.15 01:59:49.371,0.76735,0.76749,1.00,1.00
2018.01.15 01:59:49.422,0.76735,0.76751,1.00,1.50
2018.01.15 01:59:49.792,0.76731,0.76749,1.75,1.00
2018.01.15 01:59:49.893,0.76731,0.7675,1.00,1.37
2018.01.15 01:59:50.412,0.76732,0.7675,1.00,1.37
2018.01.15 01:59:50.463,0.76731,0.76751,1.50,1.12
2018.01.15 01:59:50.565,0.76735,0.76751,1.00,1.12
2018.01.15 01:59:51.355,0.76735,0.76752,1.00,1.00
2018.01.15 01:59:52.275,0.76735,0.76753,1.00,1.12
2018.01.15 01:59:52.951,0.76735,0.76752,1.00,1.00
2018.01.15 01:59:54.180,0.76735,0.76752,1.00,1.50
2018.01.15 01:59:54.284,0.76735,0.76753,1.12,1.50
2018.01.15 01:59:54.588,0.76735,0.76751,1.12,1.00
2018.01.15 01:59:55.109,0.76735,0.76753,1.50,1.50
2018.01.15 01:59:56.686,0.76735,0.76751,1.00,1.00
