2014.09.15 12:00:00.128,0.8443,0.84444,1.00,1.17
2014.09.15 12:00:00.961,0.8443,0.84445,1.00,1.07
2014.09.15 12:00:01.314,0.84425,0.84445,1.10,1.07
2014.09.15 12:00:01.755,0.84429,0.84445,1.00,1.07
2014.09.15 12:00:01.897,0.84425,0.84446,1.10,1.17
2014.09.15 12:00:03.159,0.84425,0.84446,1.00,1.15
2014.09.15 12:00:03.638,0.84425,0.84446,1.00,1.17
2014.09.15 12:00:04.185,0.84425,0.84446,1.10,1.10
2014.09.15 12:00:04.875,0.84425,0.84446,1.47,1.00
2014.09.15 12:00:05.516,0.84424,0.84446,2.40,1.00
2014.09.15 12:00:06.326,0.84425,0.84446,1.47,1.00
2014.09.15 12:00:08.081,0.84425,0.84446,1.47,1.12
2014.09.15 12:00:08.389,0.84425,0.84445,1.37,1.27
2014.09.15 12:00:08.784,0.84425,0.84445,1.00,1.15
2014.09.15 12:00:09.030,0.8443,0.84445,1.00,1.17
2014.09.15 12:00:09.130,0.84425,0.84445,1.10,1.17
2014.09.15 12:00:09.970,0.84425,0.84445,1.00,1.15
2014.09.15 12:00:10.021,0.84423,0.84445,1.00,1.65
2014.09.15 12:00:10.373,0.84421,0.84443,1.12,1.15
2014.09.15 12:00:10.889,0.8442,0.84442,1.37,3.07
2014.09.15 12:00:13.101,0.8442,0.84442,1.37,3.45
2014.09.15 12:00:13.607,0.84424,0.84442,1.00,3.45
2014.09.15 12:00:18.659,0.84419,0.84441,1.37,1.15
2014.09.15 12:00:19.335,0.84419,0.84441,1.37,1.52
2014.09.15 12:00:19.386,0.84419,0.8444,1.37,3.45
2014.09.15 12:00:19.688,0.84419,0.84437,1.00,2.32
2014.09.15 12:00:20.224,0.84419,0.84434,1.00,1.15
2014.09.15 12:00:20.274,0.84415,0.84434,1.00,1.15
2014.09.15 12:00:20.890,0.84414,0.84433,1.00,1.17
2014.09.15 12:00:21.091,0.84414,0.84432,1.00,1.17
2014.09.15 12:00:21.426,0.84409,0.84432,1.47,3.07
2014.09.15 12:00:21.908,0.84407,0.84429,1.75,4.50
2014.09.15 12:00:21.958,0.84407,0.84429,1.37,4.87
2014.09.15 12:00:22.009,0.84405,0.84425,1.37,1.15
2014.09.15 12:00:22.059,0.84405,0.84425,1.37,1.15
2014.09.15 12:00:22.110,0.84404,0.84425,1.37,1.15
2014.09.15 12:00:22.211,0.84404,0.84422,1.37,1.00
2014.09.15 12:00:22.756,0.84404,0.84421,1.37,1.00
2014.09.15 12:00:23.158,0.84404,0.84421,1.75,1.00
2014.09.15 12:00:23.210,0.84405,0.84425,1.50,1.15
2014.09.15 12:00:23.715,0.84405,0.84425,1.65,1.00
2014.09.15 12:00:24.947,0.84405,0.84426,1.65,1.00
2014.09.15 12:00:25.537,0.84405,0.84426,1.90,1.00
2014.09.15 12:00:26.462,0.84405,0.84426,1.52,1.00
2014.09.15 12:00:26.975,0.84404,0.84426,1.15,1.00
2014.09.15 12:00:27.723,0.84405,0.84426,1.15,1.07
2014.09.15 12:00:27.773,0.84405,0.84426,1.55,1.27
2014.09.15 12:00:28.167,0.84405,0.84426,1.55,1.27
2014.09.15 12:00:28.268,0.84405,0.84426,1.55,1.17
2014.09.15 12:00:28.661,0.84405,0.84426,1.55,1.17
2014.09.15 12:00:29.917,0.84405,0.84426,1.55,1.17
2014.09.15 12:00:30.207,0.84405,0.84426,1.55,1.55
2014.09.15 12:00:30.939,0.84405,0.84426,1.55,1.27
2014.09.15 12:00:31.275,0.84405,0.84426,1.55,1.27
2014.09.15 12:00:32.422,0.84405,0.84426,1.55,1.27
2014.09.15 12:00:32.967,0.84405,0.84426,1.52,1.12
2014.09.15 12:00:37.687,0.84405,0.84426,1.52,1.00
2014.09.15 12:00:38.587,0.84405,0.84427,1.52,1.12
2014.09.15 12:00:38.889,0.84414,0.84427,1.00,1.00
2014.09.15 12:00:39.040,0.84414,0.84429,1.00,1.00
2014.09.15 12:00:39.191,0.8441,0.84429,1.17,1.00
2014.09.15 12:00:39.493,0.84415,0.84429,1.00,1.00
2014.09.15 12:00:40.166,0.8441,0.84429,1.17,1.00
2014.09.15 12:00:40.686,0.84415,0.84429,1.00,1.00
2014.09.15 12:00:40.846,0.8441,0.84429,1.17,1.00
2014.09.15 12:00:43.200,0.8441,0.84429,1.55,1.00
2014.09.15 12:00:43.429,0.84409,0.84429,1.55,1.00
2014.09.15 12:00:43.688,0.84409,0.84431,2.02,1.20
2014.09.15 12:00:44.328,0.8441,0.84431,1.52,1.00
2014.09.15 12:00:46.407,0.84415,0.84431,1.00,1.00
2014.09.15 12:00:46.745,0.8441,0.8443,1.52,1.00
2014.09.15 12:00:47.311,0.8441,0.8443,1.27,1.00
2014.09.15 12:00:47.714,0.84409,0.8443,1.17,1.10
2014.09.15 12:00:48.338,0.84409,0.8443,1.00,1.15
2014.09.15 12:00:48.977,0.8441,0.84427,1.00,1.10
2014.09.15 12:00:49.178,0.84405,0.84427,2.02,1.10
2014.09.15 12:00:49.279,0.8441,0.84427,1.00,1.10
2014.09.15 12:00:49.817,0.84409,0.84427,1.00,1.10
2014.09.15 12:00:50.180,0.84415,0.84428,1.00,1.10
2014.09.15 12:00:50.728,0.84415,0.84429,1.00,1.00
2014.09.15 12:00:50.829,0.84415,0.84431,1.00,1.10
2014.09.15 12:00:52.149,0.84415,0.84434,1.12,1.47
2014.09.15 12:00:52.250,0.8442,0.84434,1.00,1.20
2014.09.15 12:00:52.806,0.8442,0.84436,1.00,1.07
2014.09.15 12:00:53.247,0.84415,0.84436,1.07,1.07
2014.09.15 12:00:53.787,0.84415,0.84433,1.20,1.12
2014.09.15 12:00:54.089,0.84415,0.84429,1.00,1.00
2014.09.15 12:00:54.240,0.84415,0.84434,1.12,1.45
2014.09.15 12:00:54.441,0.84415,0.84431,1.20,1.00
2014.09.15 12:00:54.972,0.84415,0.84432,1.10,1.12
2014.09.15 12:00:55.328,0.8441,0.84432,2.02,1.37
2014.09.15 12:00:55.843,0.8441,0.84432,1.15,1.17
2014.09.15 12:00:56.688,0.84409,0.84432,3.07,1.00
2014.09.15 12:00:57.918,0.8441,0.84432,1.52,1.37
2014.09.15 12:00:58.796,0.8441,0.84433,1.52,1.47
2014.09.15 12:00:59.385,0.84415,0.84433,1.12,1.20
2014.09.15 12:01:00.416,0.8442,0.84435,1.00,1.52
2014.09.15 12:01:01.717,0.8442,0.84436,1.00,1.55
2014.09.15 12:01:02.145,0.84414,0.84436,1.47,1.55
2014.09.15 12:01:02.597,0.8442,0.84433,1.00,1.12
2014.09.15 12:01:03.995,0.8442,0.84435,1.00,1.10
2014.09.15 12:01:04.348,0.84415,0.84433,1.55,1.00
2014.09.15 12:01:04.398,0.84415,0.84433,1.17,1.00
2014.09.15 12:01:04.599,0.8442,0.84433,1.00,1.00
2014.09.15 12:01:04.656,0.8442,0.84436,1.00,1.47
2014.09.15 12:01:05.199,0.8442,0.84436,1.00,1.20
2014.09.15 12:01:06.536,0.84415,0.84436,1.55,1.20
2014.09.15 12:01:06.637,0.84415,0.84433,1.55,1.00
2014.09.15 12:01:06.939,0.8442,0.84433,1.00,1.00
2014.09.15 12:01:06.989,0.8442,0.84435,1.00,1.00
2014.09.15 12:01:07.685,0.84419,0.84435,1.00,1.00
2014.09.15 12:01:08.646,0.84415,0.84433,1.55,1.00
2014.09.15 12:01:10.609,0.84415,0.84433,1.55,1.00
2014.09.15 12:01:10.956,0.84415,0.84435,1.55,1.00
2014.09.15 12:01:11.511,0.84415,0.84435,1.17,1.00
2014.09.15 12:01:11.837,0.8442,0.84435,1.00,1.00
2014.09.15 12:01:12.385,0.8442,0.84436,1.00,1.00
2014.09.15 12:01:12.697,0.84425,0.84436,1.00,1.10
2014.09.15 12:01:12.850,0.8442,0.84436,1.00,1.10
2014.09.15 12:01:13.405,0.84419,0.84436,1.00,1.10
2014.09.15 12:01:14.128,0.84414,0.84434,1.15,1.00
2014.09.15 12:01:16.524,0.84415,0.84434,1.55,1.00
2014.09.15 12:01:17.861,0.84415,0.84434,1.55,1.00
2014.09.15 12:01:18.028,0.84415,0.84434,1.55,1.00
2014.09.15 12:01:18.956,0.84415,0.84434,1.55,1.00
2014.09.15 12:01:19.477,0.84415,0.84434,1.55,1.00
2014.09.15 12:01:20.055,0.84415,0.84437,1.55,1.55
2014.09.15 12:01:20.105,0.8442,0.84437,1.00,1.55
2014.09.15 12:01:21.816,0.8442,0.84435,1.00,1.00
2014.09.15 12:01:21.867,0.84415,0.84435,1.55,1.00
2014.09.15 12:01:24.055,0.84415,0.84435,1.55,1.00
2014.09.15 12:01:24.557,0.84415,0.84435,1.55,1.00
2014.09.15 12:01:28.092,0.84415,0.84435,1.55,1.00
2014.09.15 12:01:28.610,0.84419,0.84437,1.37,1.17
2014.09.15 12:01:30.395,0.84415,0.84436,1.55,1.10
2014.09.15 12:01:30.931,0.84415,0.84436,1.55,1.20
2014.09.15 12:01:36.102,0.84415,0.84436,1.65,1.00
2014.09.15 12:01:36.612,0.8442,0.84437,1.12,1.10
2014.09.15 12:01:37.820,0.8442,0.84439,1.12,1.47
2014.09.15 12:01:39.098,0.8442,0.84437,1.00,1.12
2014.09.15 12:01:40.073,0.84414,0.84436,3.82,1.00
2014.09.15 12:01:41.957,0.8442,0.84436,1.00,1.00
2014.09.15 12:01:42.275,0.8442,0.84436,1.47,1.00
2014.09.15 12:01:42.325,0.8442,0.84438,1.55,1.00
2014.09.15 12:01:43.044,0.8442,0.84439,1.52,1.00
2014.09.15 12:01:44.112,0.8442,0.84439,1.65,1.00
2014.09.15 12:01:44.163,0.84424,0.84441,1.37,1.00
2014.09.15 12:01:44.714,0.84424,0.84441,1.00,1.12
2014.09.15 12:01:44.865,0.84424,0.8444,1.00,1.17
2014.09.15 12:01:45.167,0.84425,0.84437,1.00,1.10
2014.09.15 12:01:46.605,0.84424,0.8444,1.00,1.17
2014.09.15 12:01:46.656,0.84424,0.8444,1.00,1.07
2014.09.15 12:01:46.807,0.8442,0.84442,1.57,1.10
2014.09.15 12:01:47.009,0.8442,0.8444,1.10,1.00
2014.09.15 12:01:50.738,0.8442,0.8444,1.37,1.47
2014.09.15 12:01:51.341,0.8442,0.8444,1.00,1.20
2014.09.15 12:01:51.650,0.84415,0.84437,1.52,1.20
2014.09.15 12:01:51.955,0.84415,0.84437,1.52,1.45
2014.09.15 12:01:52.285,0.8442,0.84437,1.12,1.17
2014.09.15 12:01:54.825,0.84415,0.84437,1.45,1.17
2014.09.15 12:01:56.096,0.84415,0.84437,1.45,1.55
2014.09.15 12:01:56.146,0.84419,0.84437,1.00,1.55
2014.09.15 12:01:58.605,0.8442,0.84437,1.00,1.27
2014.09.15 12:01:59.554,0.84419,0.84437,1.12,1.27
2014.09.15 12:02:00.144,0.84424,0.84437,1.00,1.27
2014.09.15 12:02:00.347,0.84424,0.84438,1.12,1.17
2014.09.15 12:02:00.398,0.84424,0.84438,1.37,1.07
2014.09.15 12:02:00.650,0.8443,0.84446,1.00,1.27
2014.09.15 12:02:05.494,0.84429,0.84447,1.00,1.52
2014.09.15 12:02:09.717,0.84429,0.84446,1.00,1.55
2014.09.15 12:02:10.245,0.8443,0.84446,1.00,1.55
2014.09.15 12:02:10.496,0.8443,0.84446,1.00,1.00
2014.09.15 12:02:10.597,0.84435,0.84446,1.00,1.00
2014.09.15 12:02:10.798,0.84435,0.84453,1.00,1.15
2014.09.15 12:02:10.903,0.8443,0.84452,1.50,2.32
2014.09.15 12:02:11.155,0.84435,0.84447,1.00,1.00
2014.09.15 12:02:11.256,0.84435,0.84453,1.00,1.15
2014.09.15 12:02:11.357,0.8443,0.84453,1.57,1.17
2014.09.15 12:02:11.586,0.84435,0.84453,1.00,1.17
2014.09.15 12:02:12.095,0.8444,0.84453,1.00,1.17
2014.09.15 12:02:12.247,0.84435,0.84453,1.00,1.17
2014.09.15 12:02:12.316,0.8444,0.84453,1.00,1.17
2014.09.15 12:02:13.316,0.8444,0.84453,1.00,1.10
2014.09.15 12:02:13.675,0.84435,0.84452,1.12,1.00
2014.09.15 12:02:13.876,0.84439,0.84452,1.00,1.00
2014.09.15 12:02:14.625,0.84435,0.84453,1.37,1.10
2014.09.15 12:02:15.539,0.84435,0.84453,1.37,1.10
2014.09.15 12:02:15.861,0.8444,0.84452,1.00,1.00
2014.09.15 12:02:16.385,0.84435,0.84453,1.00,1.10
2014.09.15 12:02:17.519,0.84435,0.84453,1.37,1.10
2014.09.15 12:02:18.025,0.8443,0.84453,1.65,1.10
2014.09.15 12:02:18.126,0.8443,0.84453,1.52,1.10
2014.09.15 12:02:19.740,0.8443,0.84453,1.90,1.10
2014.09.15 12:02:20.124,0.8443,0.84453,1.27,1.10
2014.09.15 12:02:20.594,0.84435,0.84453,1.00,1.10
2014.09.15 12:02:22.216,0.8444,0.84453,1.00,1.00
2014.09.15 12:02:27.749,0.84435,0.84453,1.37,1.10
2014.09.15 12:02:27.865,0.8444,0.84453,1.00,1.10
2014.09.15 12:02:28.396,0.84449,0.84462,1.00,1.65
2014.09.15 12:02:28.541,0.8445,0.84465,1.00,3.07
2014.09.15 12:02:28.592,0.8445,0.84465,1.00,1.15
2014.09.15 12:02:28.643,0.84455,0.84465,1.00,1.07
2014.09.15 12:02:28.744,0.84455,0.84471,1.00,2.32
2014.09.15 12:02:28.945,0.8445,0.84469,1.00,2.32
2014.09.15 12:02:30.457,0.8445,0.84466,1.00,1.55
2014.09.15 12:02:34.427,0.84445,0.84466,1.37,1.52
2014.09.15 12:02:34.578,0.8445,0.84466,1.00,1.57
2014.09.15 12:02:34.644,0.84444,0.84466,1.52,1.57
2014.09.15 12:02:35.380,0.84444,0.84467,1.52,1.52
2014.09.15 12:02:36.184,0.84444,0.84467,1.15,1.15
2014.09.15 12:02:36.624,0.8445,0.84467,1.00,1.15
2014.09.15 12:02:36.961,0.84445,0.84467,1.20,1.15
2014.09.15 12:02:37.890,0.84445,0.84467,1.57,1.52
2014.09.15 12:02:38.270,0.8445,0.84467,1.00,1.52
2014.09.15 12:02:41.086,0.8445,0.84467,1.00,1.12
2014.09.15 12:02:41.748,0.8445,0.84467,1.00,1.37
2014.09.15 12:02:51.959,0.8445,0.84467,1.37,1.00
2014.09.15 12:02:52.261,0.84449,0.84471,2.02,1.15
2014.09.15 12:02:52.312,0.84449,0.84471,2.02,1.10
2014.09.15 12:02:52.830,0.8445,0.84472,2.02,1.17
2014.09.15 12:02:53.016,0.84455,0.84472,1.00,1.17
2014.09.15 12:02:53.285,0.84455,0.84473,1.00,1.20
2014.09.15 12:02:57.125,0.84452,0.84474,1.45,1.45
2014.09.15 12:02:59.344,0.84452,0.84474,1.20,1.45
2014.09.15 12:02:59.395,0.84455,0.84473,1.00,1.47
2014.09.15 12:02:59.546,0.8445,0.84473,1.47,1.52
2014.09.15 12:03:00.065,0.84454,0.84472,1.12,1.20
2014.09.15 12:03:01.528,0.84454,0.84472,1.00,1.47
2014.09.15 12:03:01.864,0.84454,0.84472,1.00,1.57
2014.09.15 12:03:01.965,0.8445,0.84472,2.02,1.52
2014.09.15 12:03:02.066,0.84455,0.8447,1.00,1.17
2014.09.15 12:03:02.217,0.84454,0.84473,1.00,1.37
2014.09.15 12:03:02.542,0.8445,0.84472,1.55,1.47
2014.09.15 12:03:02.693,0.8445,0.8447,1.47,1.07
2014.09.15 12:03:02.996,0.8445,0.84465,1.37,1.00
2014.09.15 12:03:03.453,0.84445,0.84466,1.82,1.10
2014.09.15 12:03:03.531,0.84445,0.84466,1.57,1.10
2014.09.15 12:03:03.632,0.84445,0.84466,1.07,1.10
2014.09.15 12:03:04.698,0.84445,0.84466,1.07,1.00
2014.09.15 12:03:05.285,0.84445,0.84466,1.52,1.37
2014.09.15 12:03:06.045,0.84445,0.84466,1.52,1.12
2014.09.15 12:03:06.550,0.84445,0.84466,1.52,1.37
2014.09.15 12:03:07.095,0.8445,0.84466,1.00,1.37
2014.09.15 12:03:07.664,0.8445,0.84464,1.00,1.00
2014.09.15 12:03:10.441,0.84445,0.84464,1.55,1.00
2014.09.15 12:03:10.903,0.84445,0.84464,1.00,1.10
2014.09.15 12:03:11.408,0.84444,0.84464,1.10,1.10
2014.09.15 12:03:11.742,0.84449,0.84464,1.00,1.10
2014.09.15 12:03:13.004,0.84444,0.84465,1.47,1.45
2014.09.15 12:03:17.666,0.84445,0.84465,1.37,1.20
2014.09.15 12:03:18.244,0.84445,0.84465,1.37,1.45
2014.09.15 12:03:24.356,0.84445,0.84465,1.12,1.45
2014.09.15 12:03:26.874,0.84445,0.84465,1.37,1.07
2014.09.15 12:03:31.275,0.84445,0.84465,1.37,1.07
2014.09.15 12:03:31.587,0.8445,0.84465,1.00,1.07
2014.09.15 12:03:31.637,0.8445,0.84467,1.00,1.17
2014.09.15 12:03:31.788,0.84445,0.84467,1.55,1.17
2014.09.15 12:03:31.889,0.8445,0.84467,1.00,1.00
2014.09.15 12:03:32.040,0.84445,0.84467,1.52,1.10
2014.09.15 12:03:33.052,0.84446,0.84468,1.65,1.17
2014.09.15 12:03:33.584,0.84446,0.84468,1.52,1.17
2014.09.15 12:03:33.885,0.84446,0.84468,1.90,1.17
2014.09.15 12:03:34.434,0.84446,0.84468,3.82,1.00
2014.09.15 12:03:35.567,0.8445,0.84468,1.47,1.00
2014.09.15 12:03:36.709,0.8445,0.84467,1.47,1.00
2014.09.15 12:03:36.870,0.84445,0.84467,4.95,1.10
2014.09.15 12:03:36.971,0.84445,0.84467,2.02,1.47
2014.09.15 12:03:37.274,0.84444,0.84461,1.47,1.00
2014.09.15 12:03:37.873,0.84445,0.84461,1.12,1.00
2014.09.15 12:03:38.408,0.84445,0.84461,1.37,1.00
2014.09.15 12:03:41.592,0.8444,0.84461,1.55,1.00
2014.09.15 12:03:43.807,0.8444,0.84461,1.65,1.00
2014.09.15 12:03:49.395,0.84439,0.84461,1.65,1.00
2014.09.15 12:03:50.512,0.84445,0.84461,1.00,1.00
2014.09.15 12:03:52.117,0.84445,0.84459,1.00,1.00
2014.09.15 12:03:52.167,0.8444,0.84459,1.07,1.00
2014.09.15 12:03:52.319,0.8444,0.84456,1.47,1.00
2014.09.15 12:03:52.722,0.84445,0.84457,1.00,1.00
2014.09.15 12:03:52.874,0.8444,0.84459,1.52,1.00
2014.09.15 12:03:53.523,0.84445,0.84459,1.00,1.00
2014.09.15 12:03:54.423,0.84445,0.84459,1.37,1.00
2014.09.15 12:03:54.938,0.84445,0.84459,1.12,1.00
2014.09.15 12:03:55.090,0.84445,0.84457,1.00,1.00
2014.09.15 12:03:55.341,0.8444,0.84457,1.37,1.00
2014.09.15 12:03:55.392,0.8444,0.84455,1.37,1.00
2014.09.15 12:03:55.593,0.8444,0.84459,1.57,1.00
2014.09.15 12:03:56.172,0.8444,0.84459,1.57,1.00
2014.09.15 12:03:56.737,0.8444,0.84459,1.57,1.00
2014.09.15 12:03:57.441,0.8444,0.84459,1.57,1.00
2014.09.15 12:03:58.046,0.8444,0.84459,1.57,1.00
2014.09.15 12:03:58.382,0.8444,0.84457,1.37,1.00
2014.09.15 12:03:58.684,0.8444,0.84455,1.55,1.00
2014.09.15 12:03:58.785,0.8444,0.84457,1.55,1.00
2014.09.15 12:03:59.137,0.8444,0.84459,1.52,1.00
2014.09.15 12:03:59.288,0.84445,0.84459,1.17,1.00
2014.09.15 12:03:59.339,0.84445,0.84465,1.17,1.37
2014.09.15 12:03:59.390,0.84445,0.84465,3.07,1.37
2014.09.15 12:04:00.374,0.84445,0.84465,3.45,1.00
2014.09.15 12:04:03.595,0.84445,0.84465,3.82,1.00
2014.09.15 12:04:03.645,0.84445,0.84467,4.57,1.00
2014.09.15 12:04:04.265,0.84445,0.84467,4.20,1.12
2014.09.15 12:04:04.973,0.84445,0.84467,4.57,1.00
2014.09.15 12:04:05.689,0.84445,0.84467,4.20,1.12
2014.09.15 12:04:06.785,0.8445,0.84467,1.00,1.12
2014.09.15 12:04:09.802,0.8445,0.84465,1.00,1.00
2014.09.15 12:04:10.305,0.8445,0.84464,1.00,1.00
2014.09.15 12:04:10.356,0.8445,0.84467,1.10,1.12
2014.09.15 12:04:13.305,0.8445,0.84465,1.00,1.00
2014.09.15 12:04:13.622,0.84455,0.84463,1.00,1.00
2014.09.15 12:04:13.824,0.8445,0.84463,1.37,1.00
2014.09.15 12:04:13.925,0.8445,0.84468,1.12,1.12
2014.09.15 12:04:14.126,0.84455,0.84468,1.00,1.00
2014.09.15 12:04:14.673,0.84455,0.8447,1.00,1.17
2014.09.15 12:04:16.152,0.8445,0.8447,1.12,1.27
2014.09.15 12:04:16.454,0.84455,0.84472,1.00,1.27
2014.09.15 12:04:16.555,0.8445,0.84472,1.00,1.27
2014.09.15 12:04:16.792,0.84454,0.84472,1.00,1.27
2014.09.15 12:04:16.893,0.8445,0.84472,1.17,1.27
2014.09.15 12:04:17.203,0.84455,0.84472,1.00,1.27
2014.09.15 12:04:17.314,0.84449,0.84472,1.10,1.27
2014.09.15 12:04:17.452,0.84454,0.84472,1.00,1.27
2014.09.15 12:04:17.672,0.8445,0.84472,1.00,1.27
2014.09.15 12:04:18.228,0.8445,0.84472,1.37,1.52
2014.09.15 12:04:18.653,0.84454,0.84472,1.00,1.52
2014.09.15 12:04:18.879,0.8445,0.84472,1.37,1.52
2014.09.15 12:04:19.380,0.8445,0.84471,1.37,1.55
2014.09.15 12:04:19.637,0.8445,0.84471,1.12,1.55
2014.09.15 12:04:19.858,0.8445,0.84471,1.37,1.55
2014.09.15 12:04:20.752,0.8445,0.84471,1.37,1.27
2014.09.15 12:04:21.054,0.84455,0.84471,1.00,1.00
2014.09.15 12:04:21.565,0.84455,0.8447,1.00,1.00
2014.09.15 12:04:22.110,0.84455,0.84471,1.00,1.00
2014.09.15 12:04:22.842,0.84449,0.84471,1.15,1.00
2014.09.15 12:04:23.868,0.84449,0.84471,1.52,1.12
2014.09.15 12:04:24.369,0.84449,0.84471,1.52,1.12
2014.09.15 12:04:24.874,0.84449,0.84471,1.52,1.37
2014.09.15 12:04:25.920,0.84449,0.84471,1.52,1.12
2014.09.15 12:04:28.476,0.84449,0.84471,1.52,1.37
2014.09.15 12:04:30.380,0.84449,0.84471,1.52,1.37
2014.09.15 12:04:38.111,0.8445,0.84471,2.70,1.37
2014.09.15 12:04:40.132,0.8445,0.84471,2.70,1.00
2014.09.15 12:04:40.484,0.84455,0.84474,1.20,1.37
2014.09.15 12:04:40.635,0.84455,0.84474,1.15,1.00
2014.09.15 12:04:40.736,0.84455,0.84476,1.15,1.00
2014.09.15 12:04:40.786,0.84459,0.84476,1.00,1.00
2014.09.15 12:04:41.093,0.84455,0.84477,1.65,1.10
2014.09.15 12:04:41.246,0.84455,0.84475,1.15,1.00
2014.09.15 12:04:41.753,0.84455,0.84476,1.52,1.37
2014.09.15 12:04:42.363,0.84455,0.84475,1.47,1.47
2014.09.15 12:04:45.350,0.84455,0.84475,1.52,1.37
2014.09.15 12:04:46.719,0.84455,0.84475,1.27,1.37
2014.09.15 12:04:47.712,0.84455,0.84475,1.52,1.37
2014.09.15 12:04:48.014,0.84454,0.84475,1.65,1.00
2014.09.15 12:04:48.266,0.8446,0.84477,1.00,1.12
2014.09.15 12:04:48.568,0.84455,0.84478,2.02,1.45
2014.09.15 12:04:49.170,0.84455,0.84478,2.02,1.55
2014.09.15 12:04:50.008,0.84455,0.84478,2.02,1.55
2014.09.15 12:04:50.109,0.84455,0.84478,1.65,1.27
2014.09.15 12:04:50.159,0.84455,0.84475,1.00,1.37
2014.09.15 12:04:50.260,0.84455,0.84475,1.37,1.15
2014.09.15 12:04:50.462,0.84455,0.84474,1.47,1.00
2014.09.15 12:04:50.797,0.8446,0.84476,1.00,1.10
2014.09.15 12:04:51.303,0.8446,0.84477,1.00,1.10
2014.09.15 12:04:52.072,0.84459,0.84477,1.00,1.10
2014.09.15 12:04:52.622,0.8446,0.84477,1.00,1.00
2014.09.15 12:04:53.724,0.84459,0.84477,1.10,1.00
2014.09.15 12:04:54.264,0.8446,0.84477,1.00,1.00
2014.09.15 12:04:54.602,0.84455,0.84477,1.15,1.00
2014.09.15 12:04:54.762,0.8446,0.84477,1.00,1.00
2014.09.15 12:04:55.374,0.84455,0.84477,1.15,1.00
2014.09.15 12:04:55.593,0.8446,0.84477,1.00,1.00
2014.09.15 12:04:56.878,0.8446,0.84479,1.20,1.00
2014.09.15 12:04:57.235,0.8446,0.84479,1.17,1.00
2014.09.15 12:04:57.572,0.84465,0.84482,1.10,1.00
2014.09.15 12:04:58.107,0.84465,0.84483,1.10,1.00
2014.09.15 12:04:59.262,0.84464,0.84483,1.12,1.10
2014.09.15 12:04:59.464,0.84465,0.84483,1.00,1.47
2014.09.15 12:04:59.565,0.84461,0.84483,1.47,1.52
2014.09.15 12:04:59.918,0.84465,0.8448,1.00,1.00
2014.09.15 12:05:00.220,0.8446,0.8448,1.55,1.37
2014.09.15 12:05:00.371,0.84465,0.8448,1.00,1.00
2014.09.15 12:05:00.922,0.84464,0.84484,1.12,1.52
2014.09.15 12:05:03.321,0.84465,0.84484,1.00,1.52
2014.09.15 12:05:04.714,0.84465,0.84484,1.12,1.52
2014.09.15 12:05:05.305,0.84465,0.84484,1.20,1.47
2014.09.15 12:05:06.971,0.84465,0.84484,1.47,1.20
2014.09.15 12:05:07.715,0.84465,0.84484,1.20,1.47
2014.09.15 12:05:08.622,0.84465,0.84484,1.10,1.20
2014.09.15 12:05:09.013,0.84465,0.84484,1.10,1.47
2014.09.15 12:05:10.924,0.84465,0.84485,1.20,1.55
2014.09.15 12:05:15.291,0.84465,0.84485,1.10,1.55
2014.09.15 12:05:15.695,0.84464,0.84485,1.55,1.55
2014.09.15 12:05:16.595,0.84464,0.84485,1.55,1.55
2014.09.15 12:05:20.034,0.84464,0.84485,1.52,1.37
2014.09.15 12:05:20.487,0.8447,0.84488,1.00,1.57
2014.09.15 12:05:20.537,0.8447,0.84489,1.00,1.52
2014.09.15 12:05:23.202,0.84466,0.84489,1.57,1.52
2014.09.15 12:05:23.780,0.84466,0.84489,1.57,1.52
2014.09.15 12:05:24.309,0.84466,0.84489,1.57,1.52
2014.09.15 12:05:24.812,0.84466,0.84489,1.27,1.65
2014.09.15 12:05:24.862,0.8447,0.84489,1.00,1.65
2014.09.15 12:05:25.114,0.84465,0.84488,1.52,1.57
2014.09.15 12:05:25.635,0.84464,0.84485,1.55,1.47
2014.09.15 12:05:26.314,0.84464,0.84485,1.55,1.47
2014.09.15 12:05:26.415,0.84464,0.84485,1.55,1.10
2014.09.15 12:05:27.221,0.84465,0.84485,1.47,1.10
2014.09.15 12:05:29.363,0.8447,0.84485,1.00,1.10
2014.09.15 12:05:29.864,0.8447,0.84486,1.00,1.10
2014.09.15 12:05:30.367,0.8447,0.84488,1.00,1.47
2014.09.15 12:05:30.894,0.8447,0.84488,1.10,1.00
2014.09.15 12:05:31.336,0.8447,0.8449,1.17,1.00
2014.09.15 12:05:31.386,0.84474,0.8449,1.00,1.10
2014.09.15 12:05:32.052,0.84475,0.84489,1.00,1.00
2014.09.15 12:05:32.931,0.84466,0.84489,3.07,1.00
2014.09.15 12:05:33.434,0.8447,0.84489,1.47,1.12
2014.09.15 12:05:34.853,0.8447,0.84488,1.47,1.00
2014.09.15 12:05:35.461,0.8447,0.84489,1.47,1.12
2014.09.15 12:05:35.743,0.84475,0.84489,1.00,1.00
2014.09.15 12:05:36.009,0.8447,0.84489,1.47,1.00
2014.09.15 12:05:36.123,0.8447,0.84489,1.20,1.00
2014.09.15 12:05:36.593,0.8447,0.84488,1.10,1.37
2014.09.15 12:05:36.745,0.84465,0.84488,2.02,1.52
2014.09.15 12:05:37.249,0.84465,0.84484,1.15,1.00
2014.09.15 12:05:37.355,0.84465,0.84486,1.15,1.00
2014.09.15 12:05:37.607,0.84465,0.84484,1.15,1.00
2014.09.15 12:05:37.808,0.84465,0.84486,1.15,1.00
2014.09.15 12:05:38.163,0.84465,0.84486,1.52,1.00
2014.09.15 12:05:38.693,0.84465,0.84487,1.52,1.20
2014.09.15 12:05:39.198,0.8447,0.84488,1.12,1.27
2014.09.15 12:05:40.067,0.8447,0.84488,1.37,1.17
2014.09.15 12:05:40.903,0.8447,0.84487,1.00,1.10
2014.09.15 12:05:41.642,0.84465,0.84487,1.52,1.10
2014.09.15 12:05:41.952,0.8447,0.84487,1.37,1.00
2014.09.15 12:05:44.192,0.8447,0.84487,1.00,1.12
2014.09.15 12:05:44.702,0.8447,0.84487,1.17,1.12
2014.09.15 12:05:46.166,0.84467,0.84487,3.07,1.00
2014.09.15 12:05:46.621,0.8447,0.8449,1.52,1.00
2014.09.15 12:05:47.094,0.84471,0.84491,2.32,1.00
2014.09.15 12:05:47.245,0.84473,0.84496,2.32,1.10
2014.09.15 12:05:48.315,0.84473,0.84496,2.70,1.47
2014.09.15 12:05:48.517,0.84471,0.84493,1.52,1.37
2014.09.15 12:05:48.618,0.84475,0.84493,1.00,1.45
2014.09.15 12:05:48.970,0.84472,0.84494,1.10,1.55
2014.09.15 12:05:49.323,0.8447,0.8449,1.20,1.07
2014.09.15 12:05:49.424,0.8447,0.8449,1.00,1.17
2014.09.15 12:05:49.575,0.8447,0.84491,1.10,1.17
2014.09.15 12:05:49.626,0.8447,0.84491,1.07,1.20
2014.09.15 12:05:49.777,0.84473,0.84495,1.00,1.15
2014.09.15 12:05:50.318,0.8447,0.84494,1.65,1.20
2014.09.15 12:05:50.419,0.84474,0.84494,1.00,1.20
2014.09.15 12:05:50.926,0.84473,0.84495,1.00,1.15
2014.09.15 12:05:51.247,0.84472,0.84494,1.27,1.57
2014.09.15 12:05:51.615,0.84472,0.84494,1.27,1.57
2014.09.15 12:05:52.117,0.84472,0.84494,1.27,1.57
2014.09.15 12:05:52.652,0.84472,0.84494,1.27,1.57
2014.09.15 12:05:53.252,0.84472,0.84494,1.57,1.57
2014.09.15 12:05:53.589,0.84472,0.84494,1.52,1.37
2014.09.15 12:05:54.332,0.84471,0.84493,1.15,1.12
2014.09.15 12:05:54.383,0.84471,0.84493,1.15,1.12
2014.09.15 12:05:54.434,0.8447,0.84493,1.27,1.82
2014.09.15 12:05:54.635,0.8447,0.84488,1.20,1.37
2014.09.15 12:05:55.235,0.8447,0.84488,1.10,1.37
2014.09.15 12:05:55.663,0.84469,0.84488,1.52,1.12
2014.09.15 12:05:55.814,0.84469,0.84488,1.52,1.12
2014.09.15 12:05:56.116,0.8447,0.84489,5.62,1.00
2014.09.15 12:05:56.979,0.8447,0.84494,6.37,1.37
2014.09.15 12:05:57.372,0.84472,0.84494,2.70,1.00
2014.09.15 12:05:57.574,0.84473,0.84494,2.70,1.37
2014.09.15 12:05:57.675,0.84474,0.84496,1.52,1.00
2014.09.15 12:05:57.826,0.84475,0.84496,2.70,1.00
2014.09.15 12:05:58.405,0.8448,0.84496,1.00,1.00
2014.09.15 12:06:02.497,0.84479,0.84496,1.00,1.10
2014.09.15 12:06:03.042,0.8448,0.84496,1.00,1.00
2014.09.15 12:06:04.294,0.8448,0.84496,1.37,1.00
2014.09.15 12:06:13.141,0.8448,0.84497,1.37,1.10
2014.09.15 12:06:13.443,0.84484,0.84497,1.37,1.00
2014.09.15 12:06:13.493,0.84484,0.84503,1.37,1.00
2014.09.15 12:06:13.602,0.84484,0.84503,1.12,1.00
2014.09.15 12:06:14.151,0.84485,0.84503,1.00,1.10
2014.09.15 12:06:16.347,0.84485,0.845,1.00,1.00
2014.09.15 12:06:16.599,0.8448,0.845,1.12,1.15
2014.09.15 12:06:16.650,0.8448,0.845,1.10,1.10
2014.09.15 12:06:16.700,0.8448,0.84498,1.10,1.00
2014.09.15 12:06:16.902,0.84479,0.84502,1.65,1.10
2014.09.15 12:06:18.912,0.8448,0.84502,1.65,1.10
2014.09.15 12:06:21.332,0.84479,0.84502,2.40,1.10
2014.09.15 12:06:21.936,0.84484,0.84502,1.47,1.00
2014.09.15 12:06:22.238,0.84489,0.84503,1.00,1.00
2014.09.15 12:06:22.821,0.8449,0.84504,1.00,1.10
2014.09.15 12:06:23.861,0.84484,0.84504,1.47,1.10
2014.09.15 12:06:23.962,0.84484,0.84504,1.47,1.10
2014.09.15 12:06:24.063,0.84484,0.84504,1.57,1.10
2014.09.15 12:06:24.628,0.8449,0.84504,1.00,1.10
2014.09.15 12:06:26.121,0.8449,0.84503,1.00,1.00
2014.09.15 12:06:26.626,0.8449,0.84504,1.00,1.10
2014.09.15 12:06:28.133,0.84485,0.84504,1.37,1.10
2014.09.15 12:06:28.585,0.84485,0.84506,1.37,1.15
2014.09.15 12:06:28.686,0.84489,0.84506,1.00,1.15
2014.09.15 12:06:29.214,0.8449,0.84506,1.00,1.15
2014.09.15 12:06:30.081,0.84485,0.84506,1.00,1.15
2014.09.15 12:06:30.752,0.84485,0.84503,1.00,1.00
2014.09.15 12:06:30.945,0.84481,0.84503,1.52,1.07
2014.09.15 12:06:32.572,0.84482,0.84504,1.55,1.52
2014.09.15 12:06:33.120,0.84481,0.84503,1.52,1.27
2014.09.15 12:06:34.901,0.84481,0.84503,1.52,1.17
2014.09.15 12:06:35.202,0.84482,0.84504,1.55,1.52
2014.09.15 12:06:35.374,0.84482,0.84504,1.55,1.27
2014.09.15 12:06:35.653,0.84482,0.84504,1.55,1.52
2014.09.15 12:06:36.157,0.84482,0.84504,1.55,1.52
2014.09.15 12:06:44.972,0.84482,0.84504,1.55,1.27
2014.09.15 12:06:45.711,0.84482,0.84504,1.55,1.52
2014.09.15 12:06:46.092,0.8448,0.84502,2.02,1.47
2014.09.15 12:06:46.193,0.8448,0.84502,1.52,1.12
2014.09.15 12:06:47.392,0.84481,0.84505,1.15,1.15
2014.09.15 12:06:47.891,0.84481,0.84505,1.15,3.07
2014.09.15 12:06:48.193,0.8448,0.84502,1.50,1.15
2014.09.15 12:06:48.394,0.8448,0.84502,1.07,1.07
2014.09.15 12:06:48.797,0.8448,0.84503,1.15,1.00
2014.09.15 12:06:48.898,0.84484,0.84503,1.07,1.00
2014.09.15 12:06:49.431,0.84485,0.84504,1.10,1.00
2014.09.15 12:06:51.723,0.84485,0.84504,1.10,1.37
2014.09.15 12:06:52.288,0.84485,0.84504,1.10,1.37
2014.09.15 12:06:53.438,0.84485,0.84504,1.10,1.37
2014.09.15 12:06:53.745,0.8449,0.84505,1.00,1.37
2014.09.15 12:06:53.846,0.84485,0.84505,1.10,1.47
2014.09.15 12:06:54.396,0.84485,0.84505,1.10,1.47
2014.09.15 12:06:55.406,0.84483,0.84505,1.52,1.95
2014.09.15 12:06:55.658,0.84485,0.84505,1.00,1.45
2014.09.15 12:06:55.910,0.8448,0.84504,2.02,3.45
2014.09.15 12:06:56.312,0.8448,0.845,1.00,1.45
2014.09.15 12:06:57.357,0.8448,0.84498,1.00,1.20
2014.09.15 12:06:58.806,0.84479,0.84499,1.27,1.37
2014.09.15 12:07:00.112,0.84479,0.84499,1.27,1.00
2014.09.15 12:07:03.756,0.84479,0.84499,1.27,1.37
2014.09.15 12:07:05.420,0.84479,0.84499,1.57,1.12
2014.09.15 12:07:09.772,0.8448,0.84499,1.45,1.00
2014.09.15 12:07:10.317,0.8448,0.84503,2.02,1.57
2014.09.15 12:07:10.888,0.8448,0.84503,2.02,1.57
2014.09.15 12:07:15.637,0.8448,0.84503,1.52,1.57
2014.09.15 12:07:15.993,0.84485,0.84503,1.00,1.57
2014.09.15 12:07:20.847,0.84485,0.84503,1.00,1.57
2014.09.15 12:07:21.491,0.84485,0.84504,1.20,1.00
2014.09.15 12:07:21.592,0.84485,0.84504,1.27,1.00
2014.09.15 12:07:22.100,0.84485,0.84505,1.27,1.00
2014.09.15 12:07:22.603,0.84485,0.84507,2.02,1.47
2014.09.15 12:07:23.106,0.84485,0.84507,1.87,1.55
2014.09.15 12:07:23.844,0.84485,0.84507,1.95,1.45
2014.09.15 12:07:24.155,0.8449,0.84509,1.00,1.52
2014.09.15 12:07:25.007,0.8449,0.84509,1.00,1.47
2014.09.15 12:07:27.162,0.8449,0.84509,1.00,1.10
2014.09.15 12:07:33.587,0.8449,0.84509,1.00,1.47
2014.09.15 12:07:34.132,0.84485,0.84507,2.02,1.27
2014.09.15 12:07:34.911,0.84485,0.84506,1.55,1.47
2014.09.15 12:07:35.340,0.8449,0.84506,1.00,1.20
2014.09.15 12:07:41.610,0.8449,0.84506,1.00,1.37
2014.09.15 12:07:41.711,0.8449,0.84506,1.00,1.00
2014.09.15 12:07:41.812,0.84485,0.84506,1.15,1.00
2014.09.15 12:07:42.537,0.84484,0.84506,2.02,1.37
2014.09.15 12:07:42.689,0.8449,0.84506,1.00,1.00
2014.09.15 12:07:46.749,0.84485,0.84506,1.52,1.12
2014.09.15 12:07:49.879,0.84485,0.84506,1.52,1.00
2014.09.15 12:07:50.493,0.84485,0.84506,1.52,1.37
2014.09.15 12:07:52.931,0.84484,0.84507,5.62,1.37
2014.09.15 12:07:52.982,0.84486,0.84507,2.70,1.37
2014.09.15 12:07:53.133,0.84489,0.8451,1.52,1.45
2014.09.15 12:07:53.284,0.84489,0.8451,1.52,1.12
2014.09.15 12:07:53.929,0.8449,0.84511,1.55,1.47
2014.09.15 12:07:54.246,0.8449,0.84511,1.00,1.90
2014.09.15 12:07:54.347,0.84485,0.84505,1.52,1.37
2014.09.15 12:07:54.880,0.84485,0.84503,1.27,1.12
2014.09.15 12:07:54.986,0.84484,0.84503,1.55,1.12
2014.09.15 12:07:59.050,0.84485,0.84503,1.10,1.37
2014.09.15 12:08:01.361,0.84485,0.84503,1.10,1.00
2014.09.15 12:08:02.471,0.84484,0.84503,1.65,1.00
2014.09.15 12:08:02.521,0.84484,0.84506,1.65,1.17
2014.09.15 12:08:02.572,0.84484,0.84506,1.52,1.45
2014.09.15 12:08:02.622,0.8449,0.84506,1.00,1.45
2014.09.15 12:08:02.824,0.84485,0.84504,1.52,1.12
2014.09.15 12:08:03.075,0.84485,0.84506,1.07,1.10
2014.09.15 12:08:03.378,0.84489,0.84507,1.00,1.07
2014.09.15 12:08:03.580,0.8449,0.8451,1.10,1.07
2014.09.15 12:08:03.681,0.8449,0.8451,1.17,1.10
2014.09.15 12:08:04.349,0.8449,0.84508,1.17,1.00
2014.09.15 12:08:04.601,0.84486,0.84508,1.55,1.52
2014.09.15 12:08:04.904,0.84485,0.84504,1.20,1.37
2014.09.15 12:08:06.571,0.84485,0.84504,1.00,1.55
2014.09.15 12:08:06.799,0.84485,0.84504,1.00,1.55
2014.09.15 12:08:06.872,0.84485,0.84504,1.00,1.55
2014.09.15 12:08:07.174,0.84485,0.84504,1.00,1.55
2014.09.15 12:08:07.275,0.84485,0.84504,1.00,1.55
2014.09.15 12:08:09.277,0.84485,0.84504,1.00,1.55
2014.09.15 12:08:10.930,0.84485,0.84504,1.47,1.00
2014.09.15 12:08:11.082,0.8449,0.84506,1.00,1.00
2014.09.15 12:08:11.283,0.8449,0.84508,1.10,1.12
2014.09.15 12:08:12.910,0.8449,0.84509,1.10,1.10
2014.09.15 12:08:15.106,0.8449,0.84509,1.20,1.47
2014.09.15 12:08:15.607,0.84489,0.84509,1.27,1.20
2014.09.15 12:08:24.328,0.8449,0.84509,1.47,1.20
2014.09.15 12:08:28.369,0.84489,0.84509,1.65,1.10
2014.09.15 12:08:29.865,0.8449,0.84509,1.52,1.00
2014.09.15 12:08:30.089,0.84494,0.84509,1.00,1.00
2014.09.15 12:08:30.240,0.84494,0.84513,1.12,1.00
2014.09.15 12:08:30.766,0.84495,0.84513,1.00,1.00
2014.09.15 12:08:30.867,0.845,0.84513,1.00,1.00
2014.09.15 12:08:35.710,0.84495,0.84513,1.37,1.00
2014.09.15 12:08:36.348,0.84495,0.84513,1.12,1.12
2014.09.15 12:08:36.509,0.845,0.84513,1.00,1.12
2014.09.15 12:08:36.610,0.84495,0.84513,1.00,1.00
2014.09.15 12:08:40.357,0.84495,0.84513,1.00,1.37
2014.09.15 12:08:41.262,0.84495,0.84513,1.12,1.12
2014.09.15 12:08:41.859,0.845,0.84513,1.00,1.12
2014.09.15 12:08:46.038,0.84494,0.84513,1.55,1.00
2014.09.15 12:08:46.730,0.84494,0.84513,1.55,1.00
2014.09.15 12:08:47.482,0.84494,0.84513,1.55,1.00
2014.09.15 12:08:47.588,0.845,0.84515,1.00,1.00
2014.09.15 12:08:48.006,0.845,0.84516,1.37,1.00
2014.09.15 12:08:48.308,0.84505,0.84518,1.00,1.00
2014.09.15 12:08:48.359,0.84504,0.84522,1.20,1.00
2014.09.15 12:08:48.569,0.8451,0.84522,1.00,1.00
2014.09.15 12:08:48.821,0.8451,0.84524,1.00,1.00
2014.09.15 12:08:50.574,0.84509,0.84524,1.00,1.00
2014.09.15 12:08:51.137,0.8451,0.84525,1.00,1.00
2014.09.15 12:08:52.784,0.8451,0.84527,1.12,1.10
2014.09.15 12:08:53.018,0.8451,0.84527,1.37,1.10
2014.09.15 12:08:53.320,0.84515,0.84528,1.00,1.00
2014.09.15 12:08:53.673,0.8451,0.84528,1.00,1.10
2014.09.15 12:08:53.874,0.84509,0.84526,1.37,1.00
2014.09.15 12:08:54.327,0.8451,0.8453,1.20,1.45
2014.09.15 12:08:54.958,0.8451,0.84529,1.27,1.37
2014.09.15 12:08:56.903,0.8451,0.84529,1.27,1.00
2014.09.15 12:08:58.106,0.84509,0.84529,1.15,1.37
2014.09.15 12:08:58.307,0.84505,0.84527,1.52,1.37
2014.09.15 12:08:58.408,0.8451,0.84527,1.00,1.27
2014.09.15 12:08:58.710,0.84504,0.84524,1.55,1.00
2014.09.15 12:08:59.230,0.84504,0.84524,1.47,1.17
2014.09.15 12:09:02.539,0.8451,0.84524,1.00,1.17
2014.09.15 12:09:03.970,0.84505,0.84523,1.12,1.10
2014.09.15 12:09:04.569,0.84509,0.84523,1.00,1.10
2014.09.15 12:09:04.972,0.84505,0.84523,1.12,1.10
2014.09.15 12:09:05.438,0.84509,0.84523,1.12,1.10
2014.09.15 12:09:05.538,0.84509,0.84525,1.12,1.00
2014.09.15 12:09:05.840,0.84515,0.84526,1.00,1.10
2014.09.15 12:09:05.992,0.84515,0.84532,1.00,1.27
2014.09.15 12:09:06.432,0.8451,0.84531,1.55,1.17
2014.09.15 12:09:09.797,0.8451,0.84529,1.55,1.00
2014.09.15 12:09:11.772,0.8451,0.84529,1.17,1.00
2014.09.15 12:09:12.636,0.8451,0.84529,1.10,1.20
2014.09.15 12:09:13.347,0.84509,0.84529,1.10,1.17
2014.09.15 12:09:14.570,0.84509,0.84528,1.00,1.07
2014.09.15 12:09:14.772,0.84505,0.84526,1.45,1.07
2014.09.15 12:09:15.124,0.8451,0.84525,1.00,1.07
2014.09.15 12:09:15.225,0.8451,0.84528,1.00,1.07
2014.09.15 12:09:15.276,0.8451,0.84528,1.00,1.10
2014.09.15 12:09:15.957,0.84509,0.8453,1.10,1.15
2014.09.15 12:09:17.209,0.8451,0.8453,1.00,1.52
2014.09.15 12:09:19.520,0.84505,0.8453,4.20,1.15
2014.09.15 12:09:27.858,0.8451,0.84531,1.00,1.52
2014.09.15 12:09:28.009,0.8451,0.84531,1.37,1.27
2014.09.15 12:09:28.610,0.8451,0.84529,1.37,1.17
2014.09.15 12:09:28.912,0.8451,0.84527,1.00,1.15
2014.09.15 12:09:29.416,0.84505,0.84527,1.37,1.27
2014.09.15 12:09:29.517,0.84505,0.84525,1.07,1.00
2014.09.15 12:09:29.718,0.84505,0.84529,1.65,1.20
2014.09.15 12:09:30.239,0.84509,0.84529,1.00,1.20
2014.09.15 12:09:30.830,0.8451,0.84531,1.00,1.15
2014.09.15 12:09:30.881,0.8451,0.84531,1.37,1.15
2014.09.15 12:09:31.183,0.8451,0.84531,1.47,1.07
2014.09.15 12:09:33.208,0.8451,0.84531,1.57,1.07
2014.09.15 12:09:33.460,0.84514,0.84536,1.55,1.45
2014.09.15 12:09:33.611,0.84515,0.84536,1.00,1.07
2014.09.15 12:09:33.913,0.84515,0.8454,1.65,1.17
2014.09.15 12:09:33.964,0.84515,0.8454,1.65,1.20
2014.09.15 12:09:34.697,0.84516,0.84539,1.27,1.00
2014.09.15 12:09:34.801,0.84516,0.84539,1.65,1.37
2014.09.15 12:09:35.118,0.84516,0.84539,1.52,1.45
2014.09.15 12:09:35.604,0.84515,0.84538,2.40,1.20
2014.09.15 12:09:36.108,0.84517,0.8454,1.52,1.55
2014.09.15 12:09:37.148,0.84517,0.8454,1.52,1.27
2014.09.15 12:09:37.658,0.84517,0.8454,1.65,1.17
2014.09.15 12:09:38.013,0.84518,0.8454,1.90,1.10
2014.09.15 12:09:39.916,0.84518,0.8454,1.65,1.10
2014.09.15 12:09:42.847,0.84518,0.8454,1.90,1.10
2014.09.15 12:09:43.384,0.8452,0.8454,1.90,1.00
2014.09.15 12:09:43.586,0.84525,0.84545,1.37,1.15
2014.09.15 12:09:43.737,0.84523,0.84545,1.55,2.02
2014.09.15 12:09:44.415,0.84523,0.84545,1.47,3.45
2014.09.15 12:09:44.975,0.84519,0.84541,1.55,1.27
2014.09.15 12:09:52.749,0.8452,0.84541,1.47,1.55
2014.09.15 12:09:53.257,0.84517,0.84541,1.90,1.27
2014.09.15 12:09:53.795,0.84517,0.84541,1.65,1.55
2014.09.15 12:09:53.845,0.84517,0.84541,1.52,1.55
2014.09.15 12:09:53.946,0.84516,0.84539,1.52,1.27
2014.09.15 12:10:01.961,0.84515,0.84538,2.02,1.55
2014.09.15 12:10:02.462,0.84515,0.84538,2.02,1.55
2014.09.15 12:10:02.781,0.84519,0.84539,1.37,1.52
2014.09.15 12:10:03.116,0.84515,0.84537,1.27,1.47
2014.09.15 12:10:03.217,0.84515,0.84537,1.12,1.52
2014.09.15 12:10:03.621,0.8452,0.84537,1.00,1.20
2014.09.15 12:10:04.132,0.8452,0.84539,1.00,1.17
2014.09.15 12:10:05.028,0.8452,0.84539,1.10,1.00
2014.09.15 12:10:05.884,0.8452,0.84539,1.20,1.37
2014.09.15 12:10:10.478,0.8452,0.84539,1.47,1.12
2014.09.15 12:10:13.283,0.8452,0.84539,1.10,1.12
2014.09.15 12:10:15.579,0.84525,0.84539,1.00,1.12
2014.09.15 12:10:16.129,0.84524,0.84542,1.00,1.45
2014.09.15 12:10:16.713,0.84525,0.84542,1.00,1.45
2014.09.15 12:10:18.101,0.84525,0.84542,1.00,1.45
2014.09.15 12:10:18.636,0.84525,0.84542,1.00,1.37
2014.09.15 12:10:19.871,0.84525,0.8454,1.00,1.00
2014.09.15 12:10:19.922,0.84519,0.8454,1.00,1.27
2014.09.15 12:10:20.123,0.84519,0.8454,1.37,1.52
2014.09.15 12:10:20.426,0.84525,0.84541,1.00,1.20
2014.09.15 12:10:20.953,0.84525,0.84541,1.00,1.47
2014.09.15 12:10:25.469,0.84525,0.84541,1.00,1.47
2014.09.15 12:10:25.620,0.8452,0.84541,1.27,1.47
2014.09.15 12:10:26.428,0.8452,0.84541,1.55,1.10
2014.09.15 12:10:26.579,0.84525,0.84543,1.00,1.27
2014.09.15 12:10:27.083,0.84525,0.84547,1.20,1.52
2014.09.15 12:10:27.388,0.84523,0.84545,1.20,1.52
2014.09.15 12:10:27.639,0.84521,0.84544,1.52,1.27
2014.09.15 12:10:27.740,0.84525,0.84544,1.47,1.27
2014.09.15 12:10:28.061,0.8453,0.84547,1.00,1.37
2014.09.15 12:10:28.582,0.84529,0.84549,1.12,1.52
2014.09.15 12:10:29.118,0.8453,0.84549,1.00,1.52
2014.09.15 12:10:29.969,0.8453,0.84549,1.00,1.47
2014.09.15 12:10:30.562,0.84525,0.84549,2.02,1.45
2014.09.15 12:10:30.673,0.84525,0.84549,2.02,1.65
2014.09.15 12:10:30.774,0.8453,0.84549,1.00,1.65
2014.09.15 12:10:31.026,0.84525,0.84549,2.02,1.65
2014.09.15 12:10:31.077,0.84525,0.84549,2.02,1.52
2014.09.15 12:10:31.178,0.84525,0.84549,2.02,1.65
2014.09.15 12:10:31.482,0.8453,0.84549,1.00,1.65
2014.09.15 12:10:31.886,0.84525,0.84547,2.02,1.37
2014.09.15 12:10:32.685,0.84522,0.84544,3.45,1.37
2014.09.15 12:10:33.118,0.8453,0.84546,1.00,1.55
2014.09.15 12:10:33.623,0.8453,0.84546,1.00,1.37
2014.09.15 12:10:33.976,0.84525,0.84545,1.17,1.37
2014.09.15 12:10:34.488,0.84524,0.84546,1.17,1.55
2014.09.15 12:10:35.267,0.84524,0.84546,1.17,1.65
2014.09.15 12:10:35.809,0.84521,0.84545,3.45,1.57
2014.09.15 12:10:35.860,0.84521,0.84545,3.45,1.47
2014.09.15 12:10:35.962,0.84524,0.84545,1.55,1.10
2014.09.15 12:10:36.062,0.84524,0.84545,1.55,1.00
2014.09.15 12:10:36.399,0.84531,0.84553,1.10,1.55
2014.09.15 12:10:36.910,0.84532,0.84554,1.00,1.52
2014.09.15 12:10:37.263,0.84535,0.84554,1.00,1.55
2014.09.15 12:10:37.788,0.84534,0.84554,1.17,1.37
2014.09.15 12:10:37.891,0.84534,0.84554,1.17,1.12
2014.09.15 12:10:38.093,0.84535,0.84555,1.52,1.12
2014.09.15 12:10:38.398,0.84539,0.84555,1.10,1.12
2014.09.15 12:10:38.937,0.84539,0.84555,1.10,1.37
2014.09.15 12:10:39.478,0.8454,0.84555,1.00,1.00
2014.09.15 12:10:39.881,0.84535,0.84555,3.07,1.37
2014.09.15 12:10:39.982,0.84535,0.84555,1.15,1.37
2014.09.15 12:10:40.083,0.84535,0.84555,1.10,1.47
2014.09.15 12:10:40.134,0.84531,0.84551,2.70,1.00
2014.09.15 12:10:40.650,0.8453,0.84552,3.82,1.00
2014.09.15 12:10:40.700,0.8453,0.84552,1.65,1.00
2014.09.15 12:10:40.801,0.84535,0.84553,1.00,1.00
2014.09.15 12:10:41.003,0.8453,0.84553,1.15,1.20
2014.09.15 12:10:41.922,0.8453,0.84553,2.02,1.57
2014.09.15 12:10:45.590,0.8453,0.84553,2.02,1.52
2014.09.15 12:10:46.088,0.8453,0.84552,1.27,1.55
2014.09.15 12:10:46.753,0.8453,0.84551,1.07,1.47
2014.09.15 12:10:48.641,0.84529,0.8455,1.17,1.37
2014.09.15 12:10:48.691,0.84525,0.84548,1.00,1.52
2014.09.15 12:10:48.742,0.84525,0.84548,1.00,1.90
2014.09.15 12:10:48.943,0.8452,0.84542,1.65,1.10
2014.09.15 12:10:48.994,0.8452,0.84542,3.82,1.00
2014.09.15 12:10:49.148,0.84524,0.84547,1.15,1.17
2014.09.15 12:10:49.917,0.84525,0.84547,2.02,1.55
2014.09.15 12:10:50.740,0.84525,0.84547,2.02,1.55
2014.09.15 12:10:53.824,0.84525,0.84547,2.02,1.55
2014.09.15 12:10:54.226,0.8453,0.8455,1.00,1.52
2014.09.15 12:10:54.607,0.8453,0.8455,1.27,1.37
2014.09.15 12:10:55.369,0.8453,0.84552,1.17,1.65
2014.09.15 12:10:55.672,0.8453,0.84552,1.10,1.52
2014.09.15 12:10:56.174,0.8453,0.84552,1.47,1.52
2014.09.15 12:10:56.698,0.8453,0.84552,1.52,1.47
2014.09.15 12:10:57.318,0.8453,0.84552,1.52,1.47
2014.09.15 12:10:58.480,0.8453,0.84554,1.27,1.65
2014.09.15 12:10:58.631,0.84529,0.84554,1.57,1.65
2014.09.15 12:10:58.782,0.84529,0.84554,1.20,1.90
2014.09.15 12:10:59.084,0.8453,0.84548,1.17,1.37
2014.09.15 12:10:59.286,0.8453,0.8455,1.07,1.10
2014.09.15 12:10:59.951,0.8453,0.84548,1.07,1.00
2014.09.15 12:11:00.253,0.84525,0.84542,1.10,1.00
2014.09.15 12:11:00.504,0.84525,0.84547,1.65,1.07
2014.09.15 12:11:00.555,0.84525,0.84547,1.65,1.00
2014.09.15 12:11:00.932,0.84525,0.84549,1.65,1.20
2014.09.15 12:11:02.908,0.84525,0.84547,1.65,1.57
2014.09.15 12:11:03.059,0.84525,0.84547,1.50,3.82
2014.09.15 12:11:03.307,0.84524,0.84543,1.10,1.47
2014.09.15 12:11:03.640,0.8452,0.84542,4.20,1.12
2014.09.15 12:11:03.741,0.84525,0.84542,1.00,1.37
2014.09.15 12:11:03.943,0.84525,0.84544,1.00,1.17
2014.09.15 12:11:04.446,0.84525,0.84542,1.00,1.00
2014.09.15 12:11:08.377,0.84524,0.84542,1.10,1.00
2014.09.15 12:11:09.739,0.84524,0.84542,1.47,1.00
2014.09.15 12:11:10.297,0.84524,0.84542,1.20,1.12
2014.09.15 12:11:13.276,0.84524,0.84542,1.10,1.37
2014.09.15 12:11:14.277,0.84524,0.84542,1.20,1.12
2014.09.15 12:11:14.908,0.84524,0.84541,1.20,1.00
2014.09.15 12:11:15.442,0.84524,0.84542,1.20,1.12
2014.09.15 12:11:15.979,0.84525,0.84542,1.12,1.00
2014.09.15 12:11:19.710,0.84525,0.84545,1.37,1.07
2014.09.15 12:11:19.811,0.84525,0.84545,1.47,1.10
2014.09.15 12:11:19.862,0.8453,0.84545,1.00,1.10
2014.09.15 12:11:20.384,0.8453,0.84547,1.12,1.00
2014.09.15 12:11:20.636,0.8453,0.84549,1.27,1.00
2014.09.15 12:11:20.686,0.8453,0.84549,1.57,1.00
2014.09.15 12:11:20.837,0.8453,0.84551,1.52,1.00
2014.09.15 12:11:21.179,0.84535,0.84552,1.00,1.20
2014.09.15 12:11:21.907,0.84534,0.84552,1.00,1.20
2014.09.15 12:11:22.209,0.84535,0.84551,1.00,1.47
2014.09.15 12:11:22.360,0.8453,0.84551,1.52,1.37
2014.09.15 12:11:22.910,0.8453,0.84551,1.52,1.37
2014.09.15 12:11:23.483,0.8453,0.84551,1.52,1.12
2014.09.15 12:11:24.106,0.84535,0.84551,1.00,1.12
2014.09.15 12:11:24.608,0.84535,0.84551,1.00,1.37
2014.09.15 12:11:24.910,0.84535,0.84552,1.00,1.37
2014.09.15 12:11:25.117,0.84535,0.84553,1.00,1.20
2014.09.15 12:11:25.469,0.8453,0.84552,1.15,1.00
2014.09.15 12:11:25.570,0.84535,0.84552,1.00,1.00
2014.09.15 12:11:26.249,0.84535,0.84552,1.00,1.07
2014.09.15 12:11:27.088,0.84535,0.84552,1.00,1.52
2014.09.15 12:11:27.659,0.84527,0.84549,3.82,1.00
2014.09.15 12:11:27.810,0.84527,0.84549,3.45,1.00
2014.09.15 12:11:28.314,0.8453,0.84549,1.10,1.00
2014.09.15 12:11:28.859,0.8453,0.8455,1.10,1.10
2014.09.15 12:11:28.909,0.8453,0.8455,1.47,1.20
2014.09.15 12:11:29.212,0.84535,0.84552,1.00,1.37
2014.09.15 12:11:29.979,0.84535,0.84553,1.00,1.47
2014.09.15 12:11:30.529,0.84535,0.84553,1.00,1.20
2014.09.15 12:11:35.327,0.84535,0.84554,1.10,1.20
2014.09.15 12:11:36.614,0.84535,0.84554,1.10,1.47
2014.09.15 12:11:36.934,0.84535,0.84554,1.27,1.37
2014.09.15 12:11:37.476,0.84535,0.84554,1.52,1.12
2014.09.15 12:11:38.191,0.8454,0.84554,1.00,1.00
2014.09.15 12:11:38.450,0.8454,0.84556,1.37,1.10
2014.09.15 12:11:38.551,0.84545,0.84556,1.00,1.00
2014.09.15 12:11:38.652,0.84545,0.84561,1.00,1.20
2014.09.15 12:11:39.538,0.84545,0.84562,1.10,1.00
2014.09.15 12:11:40.755,0.84545,0.84563,1.10,1.12
2014.09.15 12:11:41.273,0.84545,0.84563,1.10,1.37
2014.09.15 12:11:42.536,0.84545,0.84563,1.10,1.37
2014.09.15 12:11:45.644,0.84545,0.84563,1.00,1.37
2014.09.15 12:11:48.158,0.84545,0.84563,1.00,1.12
2014.09.15 12:11:51.302,0.84544,0.84563,1.27,1.37
2014.09.15 12:11:51.828,0.84545,0.84563,1.10,1.12
2014.09.15 12:11:53.368,0.84544,0.84563,1.20,1.37
2014.09.15 12:11:54.277,0.84544,0.84565,1.45,1.47
2014.09.15 12:11:54.811,0.8455,0.84565,1.00,1.20
2014.09.15 12:11:55.314,0.8455,0.84566,1.00,1.00
2014.09.15 12:11:55.365,0.8455,0.8457,1.00,1.55
2014.09.15 12:11:56.725,0.8455,0.8457,1.20,1.45
2014.09.15 12:11:57.417,0.8455,0.84571,1.27,1.47
2014.09.15 12:11:58.921,0.8455,0.84571,1.27,1.47
2014.09.15 12:12:00.927,0.8455,0.84571,1.52,1.20
2014.09.15 12:12:00.978,0.84554,0.84573,1.00,1.52
2014.09.15 12:12:01.483,0.84555,0.84575,1.10,1.55
2014.09.15 12:12:02.943,0.84555,0.84575,1.00,1.65
2014.09.15 12:12:03.895,0.84555,0.84575,1.00,1.52
2014.09.15 12:12:04.399,0.84555,0.84575,1.10,1.55
2014.09.15 12:12:04.920,0.84555,0.84572,1.00,1.55
2014.09.15 12:12:05.556,0.84555,0.84572,1.00,1.52
2014.09.15 12:12:06.506,0.84555,0.84572,1.00,1.52
2014.09.15 12:12:06.708,0.8455,0.84572,1.12,3.45
2014.09.15 12:12:06.809,0.84555,0.84572,1.00,3.45
2014.09.15 12:12:06.910,0.8455,0.8457,1.12,1.52
2014.09.15 12:12:07.112,0.8455,0.8457,1.10,1.57
2014.09.15 12:12:07.325,0.84549,0.8457,1.00,1.17
2014.09.15 12:12:07.875,0.8455,0.8457,1.00,1.17
2014.09.15 12:12:08.358,0.8455,0.84568,1.00,1.47
2014.09.15 12:12:08.559,0.8455,0.84568,1.12,1.20
2014.09.15 12:12:09.317,0.8455,0.84569,1.00,1.45
2014.09.15 12:12:09.888,0.84554,0.84569,1.00,1.45
2014.09.15 12:12:12.529,0.84555,0.84572,1.00,3.82
2014.09.15 12:12:13.146,0.84555,0.84572,1.00,3.45
2014.09.15 12:12:13.529,0.8455,0.84572,1.00,3.45
2014.09.15 12:12:13.630,0.84555,0.84572,1.00,3.45
2014.09.15 12:12:15.380,0.8455,0.84572,1.00,3.45
2014.09.15 12:12:17.736,0.8455,0.8457,1.10,1.47
2014.09.15 12:12:18.460,0.84549,0.8457,1.12,1.52
2014.09.15 12:12:19.135,0.84549,0.8457,1.00,1.52
2014.09.15 12:12:19.661,0.84549,0.8457,1.37,1.52
2014.09.15 12:12:20.188,0.8455,0.84568,1.00,1.47
2014.09.15 12:12:22.241,0.8455,0.84568,1.00,1.47
2014.09.15 12:12:22.986,0.8455,0.84568,1.00,1.47
2014.09.15 12:12:25.262,0.8455,0.84568,1.00,1.55
2014.09.15 12:12:26.512,0.84549,0.84568,1.12,1.55
2014.09.15 12:12:27.804,0.8455,0.84568,1.00,1.55
2014.09.15 12:12:30.204,0.8455,0.84568,1.00,1.37
2014.09.15 12:12:30.879,0.8455,0.8457,1.12,1.37
2014.09.15 12:12:32.206,0.8455,0.84571,1.12,1.57
2014.09.15 12:12:32.307,0.84555,0.84571,1.00,1.57
2014.09.15 12:12:32.816,0.84555,0.84573,1.00,1.47
2014.09.15 12:12:33.118,0.8455,0.84571,1.50,2.32
2014.09.15 12:12:33.687,0.8455,0.8457,1.00,1.15
2014.09.15 12:12:34.407,0.84549,0.8457,1.10,1.15
2014.09.15 12:12:34.916,0.8455,0.8457,1.00,1.52
2014.09.15 12:12:35.117,0.8455,0.8457,1.12,1.52
2014.09.15 12:12:35.838,0.8455,0.84571,1.47,1.45
2014.09.15 12:12:36.522,0.8455,0.84569,1.20,1.37
2014.09.15 12:12:36.623,0.8455,0.84569,1.00,1.57
2014.09.15 12:12:37.166,0.8455,0.84567,1.00,1.12
2014.09.15 12:12:37.715,0.8455,0.8457,1.00,1.52
2014.09.15 12:12:39.516,0.8455,0.8457,1.00,1.52
2014.09.15 12:12:41.061,0.8455,0.84571,1.20,1.37
2014.09.15 12:12:41.660,0.8455,0.84571,1.57,1.37
2014.09.15 12:12:43.225,0.84549,0.84571,1.52,1.00
2014.09.15 12:12:43.782,0.84549,0.84571,1.52,1.12
2014.09.15 12:12:44.338,0.84555,0.84571,1.00,1.00
2014.09.15 12:12:44.873,0.84555,0.84572,1.00,1.20
2014.09.15 12:12:45.416,0.84555,0.84573,1.00,1.00
2014.09.15 12:12:46.236,0.84555,0.84573,1.00,1.37
2014.09.15 12:12:47.144,0.84555,0.84573,1.00,1.37
2014.09.15 12:12:47.548,0.84555,0.84573,1.12,1.12
2014.09.15 12:12:47.667,0.84555,0.84573,1.37,1.00
2014.09.15 12:12:47.969,0.84555,0.84578,1.65,1.17
2014.09.15 12:12:48.833,0.8456,0.84579,1.00,1.27
2014.09.15 12:12:49.348,0.84559,0.84579,1.55,1.00
2014.09.15 12:12:50.162,0.8456,0.8458,1.47,1.47
2014.09.15 12:12:50.711,0.8456,0.84579,1.20,1.37
2014.09.15 12:12:52.264,0.8456,0.84579,1.47,1.12
2014.09.15 12:12:53.370,0.8456,0.84579,1.20,1.12
2014.09.15 12:12:53.697,0.8456,0.84578,1.00,1.45
2014.09.15 12:12:54.000,0.8456,0.84574,1.00,1.20
2014.09.15 12:12:54.101,0.84555,0.84574,1.00,1.20
2014.09.15 12:12:55.300,0.84554,0.84573,1.20,1.10
2014.09.15 12:12:55.866,0.84555,0.84573,1.00,1.10
2014.09.15 12:12:57.568,0.84555,0.84573,1.37,1.10
2014.09.15 12:12:58.796,0.84554,0.84573,1.47,1.10
2014.09.15 12:12:58.998,0.84554,0.84574,1.10,1.17
2014.09.15 12:12:59.540,0.84555,0.84575,1.00,1.15
2014.09.15 12:13:00.865,0.84555,0.84573,1.00,1.45
2014.09.15 12:13:00.988,0.84549,0.84572,1.57,3.07
2014.09.15 12:13:01.139,0.84545,0.84567,1.57,1.07
2014.09.15 12:13:01.668,0.84544,0.84565,1.00,2.25
2014.09.15 12:13:02.716,0.84544,0.84563,1.00,1.55
2014.09.15 12:13:03.018,0.8454,0.84561,1.37,3.07
2014.09.15 12:13:03.270,0.84549,0.84568,1.00,1.52
2014.09.15 12:13:03.774,0.84546,0.84568,1.52,1.47
2014.09.15 12:13:04.126,0.84546,0.84568,1.27,1.47
2014.09.15 12:13:04.277,0.84545,0.84567,1.47,1.45
2014.09.15 12:13:04.936,0.84545,0.84567,1.55,1.27
2014.09.15 12:13:05.037,0.84545,0.84567,1.55,1.17
2014.09.15 12:13:05.540,0.84545,0.84566,1.17,1.10
2014.09.15 12:13:07.005,0.84545,0.84567,1.55,1.17
2014.09.15 12:13:07.747,0.84545,0.84565,1.55,1.00
2014.09.15 12:13:08.066,0.84545,0.84565,1.37,1.15
2014.09.15 12:13:08.267,0.84545,0.84565,1.47,1.10
2014.09.15 12:13:08.418,0.84545,0.84566,1.57,1.17
2014.09.15 12:13:09.126,0.84545,0.84568,2.40,1.20
2014.09.15 12:13:09.637,0.84545,0.84567,1.65,1.00
2014.09.15 12:13:11.227,0.84545,0.84567,1.52,1.00
2014.09.15 12:13:11.756,0.84545,0.84567,1.55,1.17
2014.09.15 12:13:13.935,0.84543,0.84566,1.90,1.10
2014.09.15 12:13:14.725,0.84543,0.84566,1.90,1.07
2014.09.15 12:13:17.975,0.84543,0.84566,1.52,1.27
2014.09.15 12:13:18.553,0.84545,0.84566,1.47,1.52
2014.09.15 12:13:20.063,0.84544,0.84566,1.55,1.15
2014.09.15 12:13:20.230,0.84545,0.84567,1.52,1.27
2014.09.15 12:13:22.075,0.84545,0.84567,1.52,1.17
2014.09.15 12:13:22.947,0.84545,0.84567,1.52,1.00
2014.09.15 12:13:24.485,0.84545,0.84567,1.52,1.00
2014.09.15 12:13:25.015,0.84544,0.84566,1.55,1.10
2014.09.15 12:13:25.436,0.84545,0.84566,1.57,1.10
2014.09.15 12:13:26.899,0.84545,0.84568,1.45,1.27
2014.09.15 12:13:27.070,0.84544,0.84568,1.65,1.12
2014.09.15 12:13:28.534,0.84545,0.84565,1.52,1.00
2014.09.15 12:13:28.635,0.84545,0.84565,1.17,1.00
2014.09.15 12:13:28.735,0.84545,0.84565,1.55,1.00
2014.09.15 12:13:29.245,0.84545,0.84566,1.52,1.00
2014.09.15 12:13:31.394,0.84545,0.84567,2.02,1.10
2014.09.15 12:13:32.298,0.84542,0.84565,1.90,1.00
2014.09.15 12:13:32.349,0.84542,0.84565,1.65,1.00
2014.09.15 12:13:32.904,0.84542,0.84565,1.52,1.00
2014.09.15 12:13:33.616,0.84545,0.84563,1.57,1.00
2014.09.15 12:13:33.918,0.8454,0.84563,1.55,1.17
2014.09.15 12:13:33.969,0.8454,0.84562,1.55,1.07
2014.09.15 12:13:34.270,0.84541,0.84564,1.55,1.07
2014.09.15 12:13:34.945,0.84545,0.84562,1.12,1.00
2014.09.15 12:13:35.459,0.8454,0.84562,1.52,1.00
2014.09.15 12:13:39.238,0.8454,0.84562,2.02,1.00
2014.09.15 12:13:40.343,0.8454,0.84562,2.02,1.00
2014.09.15 12:13:42.294,0.8454,0.84562,2.40,1.00
2014.09.15 12:13:42.851,0.84541,0.84563,1.55,1.20
2014.09.15 12:13:45.214,0.84545,0.84563,1.20,1.12
2014.09.15 12:13:47.213,0.84541,0.84563,3.45,1.10
2014.09.15 12:13:47.574,0.84542,0.84565,1.52,1.12
2014.09.15 12:13:48.098,0.84542,0.84565,1.65,1.12
2014.09.15 12:13:49.571,0.84544,0.84566,1.57,1.27
2014.09.15 12:13:49.674,0.84545,0.84566,1.75,1.20
2014.09.15 12:13:49.775,0.84545,0.84569,2.02,1.15
2014.09.15 12:13:49.876,0.84545,0.84569,2.02,1.00
2014.09.15 12:13:49.977,0.8455,0.84569,1.00,1.00
2014.09.15 12:13:50.863,0.8455,0.84568,1.00,1.00
2014.09.15 12:13:51.375,0.84546,0.84568,1.52,1.00
2014.09.15 12:13:52.083,0.84546,0.84568,1.65,1.00
2014.09.15 12:13:52.391,0.84549,0.8457,1.50,1.20
2014.09.15 12:13:52.593,0.84549,0.8457,1.52,1.00
2014.09.15 12:13:53.143,0.84549,0.8457,1.37,1.20
2014.09.15 12:13:54.090,0.8455,0.8457,1.55,1.47
2014.09.15 12:13:55.621,0.84549,0.84571,1.87,1.52
2014.09.15 12:13:56.202,0.8455,0.84569,1.00,1.27
2014.09.15 12:13:56.883,0.8455,0.84571,1.37,1.52
2014.09.15 12:13:57.844,0.8455,0.84569,1.37,1.17
2014.09.15 12:13:58.045,0.8455,0.84569,1.47,1.12
2014.09.15 12:13:58.548,0.8455,0.84569,1.37,1.27
2014.09.15 12:13:59.894,0.84555,0.8457,1.00,1.27
2014.09.15 12:14:00.145,0.84555,0.84571,1.00,1.45
2014.09.15 12:14:00.334,0.84555,0.84571,1.00,3.45
2014.09.15 12:14:00.687,0.84555,0.8457,1.00,1.15
2014.09.15 12:14:01.533,0.84554,0.8457,1.00,1.15
2014.09.15 12:14:01.935,0.8455,0.8457,1.37,1.52
2014.09.15 12:14:02.036,0.8455,0.84569,1.37,1.27
2014.09.15 12:14:02.544,0.8455,0.84568,1.37,1.07
2014.09.15 12:14:03.113,0.8455,0.84568,1.37,1.00
2014.09.15 12:14:03.644,0.8455,0.84568,1.12,1.00
2014.09.15 12:14:03.965,0.84555,0.8457,1.00,1.27
2014.09.15 12:14:04.543,0.84555,0.8457,1.00,1.00
2014.09.15 12:14:04.795,0.84549,0.8457,1.52,1.00
2014.09.15 12:14:04.846,0.84555,0.8457,1.00,1.10
2014.09.15 12:14:05.148,0.84555,0.8457,1.00,1.15
2014.09.15 12:14:05.724,0.8455,0.84569,1.00,1.17
2014.09.15 12:14:06.415,0.8455,0.84568,1.00,1.07
2014.09.15 12:14:06.936,0.8455,0.84568,1.12,1.17
2014.09.15 12:14:07.418,0.84545,0.84568,1.87,3.45
2014.09.15 12:14:07.570,0.84545,0.84567,1.37,1.52
2014.09.15 12:14:07.721,0.84544,0.84566,1.37,3.45
2014.09.15 12:14:07.771,0.84544,0.84566,1.37,3.45
2014.09.15 12:14:08.275,0.84545,0.84565,1.37,1.52
2014.09.15 12:14:09.474,0.84545,0.84566,1.37,3.07
2014.09.15 12:14:09.625,0.84545,0.84566,1.65,1.20
2014.09.15 12:14:10.294,0.84546,0.84568,1.55,1.27
2014.09.15 12:14:10.395,0.84545,0.84568,1.65,1.17
2014.09.15 12:14:11.169,0.84545,0.84568,2.02,1.27
2014.09.15 12:14:11.472,0.84544,0.84567,2.02,1.15
2014.09.15 12:14:11.774,0.84544,0.84566,1.47,1.15
2014.09.15 12:14:12.576,0.84545,0.84566,1.37,1.15
2014.09.15 12:14:12.677,0.84545,0.84568,1.57,1.52
2014.09.15 12:14:14.125,0.84545,0.84568,1.57,1.27
2014.09.15 12:14:14.796,0.84545,0.84568,1.65,1.15
2014.09.15 12:14:14.897,0.84545,0.84568,1.65,1.10
2014.09.15 12:14:15.553,0.84545,0.84568,1.15,1.07
2014.09.15 12:14:15.654,0.84545,0.84568,1.00,1.17
2014.09.15 12:14:15.755,0.84545,0.84566,1.00,2.32
2014.09.15 12:14:16.928,0.84545,0.84566,1.37,3.45
2014.09.15 12:14:17.599,0.84545,0.84565,1.37,1.27
2014.09.15 12:14:17.649,0.84545,0.84565,1.45,1.20
2014.09.15 12:14:18.151,0.84545,0.84566,1.37,1.52
2014.09.15 12:14:19.302,0.84545,0.84566,1.37,1.52
2014.09.15 12:14:20.029,0.84545,0.84566,1.37,1.52
2014.09.15 12:14:21.137,0.84545,0.84566,1.37,1.15
2014.09.15 12:14:21.676,0.84544,0.84566,1.47,1.27
2014.09.15 12:14:22.611,0.84544,0.84566,1.47,1.52
2014.09.15 12:14:22.712,0.84544,0.84565,1.47,1.52
2014.09.15 12:14:22.863,0.84545,0.84565,1.12,3.45
2014.09.15 12:14:23.115,0.8454,0.84564,1.55,1.52
2014.09.15 12:14:23.166,0.8454,0.84563,1.47,2.70
2014.09.15 12:14:24.055,0.8454,0.84563,1.45,1.52
2014.09.15 12:14:25.523,0.8454,0.84563,1.55,1.52
2014.09.15 12:14:25.924,0.8454,0.84563,1.55,1.52
2014.09.15 12:14:26.967,0.8454,0.84563,1.65,1.27
2014.09.15 12:14:28.444,0.8454,0.84563,1.55,1.52
2014.09.15 12:14:29.361,0.84544,0.84563,1.37,1.27
2014.09.15 12:14:29.864,0.8454,0.84562,1.50,1.15
2014.09.15 12:14:32.059,0.8454,0.84563,1.50,3.07
2014.09.15 12:14:32.210,0.84544,0.84563,1.00,3.07
2014.09.15 12:14:32.412,0.84538,0.8456,1.10,2.32
2014.09.15 12:14:32.462,0.84538,0.84558,1.00,2.32
2014.09.15 12:14:32.965,0.84539,0.84557,1.00,1.15
2014.09.15 12:14:33.275,0.84545,0.84557,1.00,1.15
2014.09.15 12:14:33.375,0.84545,0.84559,1.00,1.15
2014.09.15 12:14:33.426,0.8454,0.84559,1.00,1.15
2014.09.15 12:14:33.874,0.84545,0.84559,1.00,1.15
2014.09.15 12:14:33.994,0.84539,0.84559,1.00,1.15
2014.09.15 12:14:34.196,0.84539,0.84559,1.00,1.10
2014.09.15 12:14:34.447,0.84542,0.84564,1.00,3.45
2014.09.15 12:14:35.670,0.84542,0.84564,1.10,1.27
2014.09.15 12:14:36.014,0.84545,0.84565,1.00,1.52
2014.09.15 12:14:37.168,0.84544,0.84565,1.00,1.52
2014.09.15 12:14:37.841,0.84545,0.84565,1.00,1.52
2014.09.15 12:14:38.394,0.84546,0.84566,1.00,2.70
2014.09.15 12:14:38.810,0.8455,0.84566,1.00,1.20
2014.09.15 12:14:38.913,0.8455,0.84572,1.00,3.07
2014.09.15 12:14:39.075,0.84552,0.84572,1.00,2.32
2014.09.15 12:14:39.377,0.8455,0.84572,1.00,2.32
2014.09.15 12:14:39.886,0.84551,0.84572,1.00,2.32
2014.09.15 12:14:40.037,0.84548,0.8457,1.10,1.65
2014.09.15 12:14:40.239,0.84548,0.8457,1.00,3.82
2014.09.15 12:14:41.005,0.8455,0.8457,1.00,3.07
2014.09.15 12:14:41.533,0.84549,0.8457,1.00,3.07
2014.09.15 12:14:41.684,0.84545,0.84567,1.65,1.17
2014.09.15 12:14:41.999,0.84545,0.84567,1.00,1.15
2014.09.15 12:14:42.301,0.84549,0.84568,1.00,5.25
2014.09.15 12:14:43.111,0.84549,0.84568,1.00,1.52
2014.09.15 12:14:43.575,0.84546,0.84568,1.37,1.52
2014.09.15 12:14:43.773,0.8455,0.84568,1.00,1.52
2014.09.15 12:14:43.874,0.84546,0.84568,1.37,1.52
2014.09.15 12:14:44.131,0.84546,0.8457,1.00,6.37
2014.09.15 12:14:44.231,0.84544,0.84566,1.20,1.20
2014.09.15 12:14:44.756,0.84545,0.84569,1.50,1.15
2014.09.15 12:14:45.319,0.8455,0.84569,1.00,1.15
2014.09.15 12:14:45.957,0.84549,0.84569,1.00,1.15
2014.09.15 12:14:46.425,0.84545,0.84568,1.15,1.15
2014.09.15 12:14:46.526,0.84545,0.84567,1.57,1.17
2014.09.15 12:14:46.633,0.8455,0.84567,1.00,1.17
2014.09.15 12:14:47.095,0.84546,0.84568,1.07,1.15
2014.09.15 12:14:47.598,0.84546,0.84568,1.00,1.15
2014.09.15 12:14:48.123,0.84544,0.84567,1.17,1.15
2014.09.15 12:14:48.274,0.84544,0.84567,1.55,1.52
2014.09.15 12:14:48.777,0.84544,0.84566,1.00,1.52
2014.09.15 12:14:49.532,0.84543,0.84565,1.10,1.52
2014.09.15 12:14:50.262,0.84543,0.84565,1.10,1.52
2014.09.15 12:14:51.954,0.84543,0.84565,1.10,1.65
2014.09.15 12:14:52.356,0.84543,0.84565,1.10,1.52
2014.09.15 12:14:52.793,0.84543,0.84565,1.00,1.65
2014.09.15 12:14:54.481,0.84543,0.84565,1.00,1.90
2014.09.15 12:14:54.682,0.84543,0.84565,1.00,2.02
2014.09.15 12:14:54.783,0.84543,0.84563,1.00,2.70
2014.09.15 12:14:55.035,0.84541,0.84563,1.00,4.50
2014.09.15 12:14:55.562,0.8454,0.84563,1.50,5.25
2014.09.15 12:14:56.015,0.84542,0.84563,1.00,4.50
2014.09.15 12:14:56.993,0.84538,0.84561,1.10,2.70
2014.09.15 12:14:57.094,0.84538,0.84559,1.12,2.70
2014.09.15 12:14:57.194,0.84535,0.84555,1.12,1.17
2014.09.15 12:14:57.698,0.84536,0.84558,1.20,1.15
2014.09.15 12:14:58.032,0.84536,0.84558,1.47,1.27
2014.09.15 12:14:58.435,0.84535,0.84559,1.55,3.45
2014.09.15 12:14:58.737,0.84538,0.84559,1.00,2.70
2014.09.15 12:14:58.989,0.84538,0.8456,1.20,1.65
2014.09.15 12:14:59.089,0.8454,0.8456,1.00,1.17
2014.09.15 12:14:59.693,0.8454,0.8456,1.07,1.10
2014.09.15 12:15:00.003,0.84538,0.8456,1.17,2.02
2014.09.15 12:15:00.305,0.84538,0.8456,1.55,2.02
2014.09.15 12:15:01.043,0.84538,0.8456,1.52,1.95
2014.09.15 12:15:01.566,0.84538,0.8456,1.47,2.02
2014.09.15 12:15:02.220,0.84538,0.8456,1.52,1.55
2014.09.15 12:15:03.616,0.84537,0.84559,1.52,1.47
2014.09.15 12:15:04.120,0.84537,0.84559,1.55,1.27
2014.09.15 12:15:04.220,0.84539,0.84561,1.27,1.55
2014.09.15 12:15:04.767,0.84539,0.84561,1.17,1.17
2014.09.15 12:15:05.323,0.84538,0.84558,1.00,2.32
2014.09.15 12:15:05.676,0.84536,0.84558,1.00,3.07
2014.09.15 12:15:05.911,0.84536,0.84558,1.17,1.15
2014.09.15 12:15:06.011,0.84536,0.84558,1.15,1.10
2014.09.15 12:15:06.344,0.84536,0.84558,1.17,1.15
2014.09.15 12:15:07.030,0.84539,0.8456,1.10,1.52
2014.09.15 12:15:07.938,0.84539,0.8456,1.10,1.17
2014.09.15 12:15:09.289,0.84539,0.8456,1.10,1.55
2014.09.15 12:15:09.755,0.84539,0.8456,1.10,1.55
2014.09.15 12:15:09.866,0.84536,0.8456,1.52,1.55
2014.09.15 12:15:10.170,0.84536,0.84558,1.27,1.55
2014.09.15 12:15:10.845,0.84536,0.84558,1.52,1.55
2014.09.15 12:15:11.084,0.84536,0.84558,1.15,1.55
2014.09.15 12:15:11.661,0.84536,0.84558,1.52,1.55
2014.09.15 12:15:12.235,0.84536,0.84558,1.27,1.55
2014.09.15 12:15:13.258,0.84536,0.84558,1.52,1.55
2014.09.15 12:15:13.806,0.84536,0.84558,1.52,1.55
2014.09.15 12:15:15.060,0.84539,0.84561,1.10,1.65
2014.09.15 12:15:15.676,0.84539,0.84561,1.20,1.52
2014.09.15 12:15:16.388,0.84539,0.84561,1.10,1.65
2014.09.15 12:15:16.866,0.84538,0.8456,1.17,1.15
2014.09.15 12:15:17.269,0.84537,0.84559,1.10,1.15
2014.09.15 12:15:17.650,0.84537,0.84559,1.15,1.17
2014.09.15 12:15:17.956,0.84537,0.84559,1.10,1.15
2014.09.15 12:15:18.458,0.84537,0.84559,1.00,3.07
2014.09.15 12:15:18.858,0.8454,0.84559,1.00,3.07
2014.09.15 12:15:19.362,0.84538,0.84559,1.00,2.32
2014.09.15 12:15:19.462,0.84538,0.8456,1.17,1.15
2014.09.15 12:15:19.999,0.8454,0.8456,1.37,1.52
2014.09.15 12:15:20.250,0.8454,0.84562,1.87,1.52
2014.09.15 12:15:20.818,0.8454,0.84561,1.00,1.52
2014.09.15 12:15:21.183,0.8454,0.84561,1.00,1.65
2014.09.15 12:15:21.775,0.84539,0.8456,1.00,1.52
2014.09.15 12:15:22.077,0.84537,0.84559,1.20,1.52
2014.09.15 12:15:22.480,0.84538,0.8456,1.27,1.55
2014.09.15 12:15:22.983,0.84538,0.84563,1.55,3.82
2014.09.15 12:15:23.312,0.84537,0.84561,1.27,1.90
2014.09.15 12:15:23.564,0.84537,0.84559,1.20,1.52
2014.09.15 12:15:23.615,0.8454,0.84559,1.00,1.52
2014.09.15 12:15:23.715,0.8454,0.84561,1.00,3.45
2014.09.15 12:15:24.277,0.8454,0.8456,1.10,1.47
2014.09.15 12:15:24.512,0.8454,0.8456,1.00,1.52
2014.09.15 12:15:24.613,0.84536,0.84558,1.57,1.57
2014.09.15 12:15:25.187,0.84536,0.84558,1.27,1.57
2014.09.15 12:15:25.489,0.84538,0.84557,1.00,2.70
2014.09.15 12:15:25.691,0.8454,0.8456,1.00,1.17
2014.09.15 12:15:25.792,0.8454,0.8456,1.00,3.45
2014.09.15 12:15:25.892,0.84545,0.84566,1.00,1.15
2014.09.15 12:15:25.993,0.84545,0.84566,1.15,1.00
2014.09.15 12:15:26.044,0.84548,0.8457,1.07,1.15
2014.09.15 12:15:26.094,0.84548,0.8457,1.17,1.17
2014.09.15 12:15:26.346,0.84546,0.84569,1.17,1.07
2014.09.15 12:15:26.397,0.84546,0.84569,1.10,1.15
2014.09.15 12:15:26.900,0.84546,0.84569,1.00,3.07
2014.09.15 12:15:26.951,0.84546,0.84566,1.00,2.70
2014.09.15 12:15:27.102,0.8454,0.84563,1.17,1.15
2014.09.15 12:15:27.809,0.8454,0.84559,1.17,1.00
2014.09.15 12:15:28.111,0.84537,0.84559,1.52,1.55
2014.09.15 12:15:28.615,0.8454,0.84561,1.00,1.52
2014.09.15 12:15:28.917,0.8454,0.84561,1.37,1.15
2014.09.15 12:15:28.967,0.8454,0.84561,1.57,1.00
2014.09.15 12:15:29.068,0.84541,0.84563,1.65,1.00
2014.09.15 12:15:29.169,0.84541,0.84563,1.17,1.17
2014.09.15 12:15:29.270,0.84542,0.84564,1.17,1.00
2014.09.15 12:15:29.471,0.84544,0.84568,1.15,1.52
2014.09.15 12:15:30.157,0.84544,0.84568,1.15,1.90
2014.09.15 12:15:30.258,0.84544,0.84568,1.00,6.00
2014.09.15 12:15:30.459,0.8454,0.84562,2.02,1.57
2014.09.15 12:15:30.886,0.84537,0.84559,1.52,1.00
2014.09.15 12:15:30.986,0.84537,0.84559,1.52,1.45
2014.09.15 12:15:31.566,0.8454,0.84562,1.00,3.45
2014.09.15 12:15:31.868,0.84542,0.84564,1.37,3.45
2014.09.15 12:15:32.070,0.84542,0.84564,1.52,1.55
2014.09.15 12:15:32.577,0.84546,0.84567,1.12,2.32
2014.09.15 12:15:32.810,0.84546,0.84568,1.00,1.15
2014.09.15 12:15:34.054,0.84545,0.84567,1.95,1.52
2014.09.15 12:15:34.105,0.84545,0.84567,1.57,1.52
2014.09.15 12:15:34.407,0.8454,0.84561,1.52,1.12
2014.09.15 12:15:34.911,0.84541,0.84563,1.15,1.00
2014.09.15 12:15:35.450,0.84544,0.84566,1.10,1.55
2014.09.15 12:15:37.044,0.84544,0.84566,1.47,1.55
2014.09.15 12:15:39.124,0.84545,0.84566,1.00,1.55
2014.09.15 12:15:40.135,0.84542,0.84565,1.55,1.45
2014.09.15 12:15:40.645,0.84545,0.84566,1.00,1.55
2014.09.15 12:15:40.947,0.84543,0.84568,1.20,3.45
2014.09.15 12:15:40.998,0.84545,0.84568,1.07,1.52
2014.09.15 12:15:41.300,0.84545,0.84566,1.00,2.70
2014.09.15 12:15:41.602,0.84544,0.8456,1.00,1.10
2014.09.15 12:15:42.104,0.84537,0.84559,1.90,1.00
2014.09.15 12:15:42.255,0.84537,0.84559,1.52,1.17
2014.09.15 12:15:42.566,0.8454,0.84562,1.00,3.82
2014.09.15 12:15:43.334,0.84539,0.84562,1.10,3.82
2014.09.15 12:15:43.864,0.8454,0.84562,1.00,3.82
2014.09.15 12:15:44.406,0.84537,0.84559,1.15,1.55
2014.09.15 12:15:44.560,0.84537,0.84559,1.10,1.52
2014.09.15 12:15:44.661,0.84539,0.8456,1.50,2.70
2014.09.15 12:15:44.985,0.84537,0.84559,1.27,1.57
2014.09.15 12:15:45.740,0.84536,0.84558,1.20,1.52
2014.09.15 12:15:46.679,0.84536,0.84558,1.10,1.52
2014.09.15 12:15:47.586,0.84536,0.84558,1.10,1.52
2014.09.15 12:15:50.813,0.84536,0.84558,1.10,1.52
2014.09.15 12:15:52.516,0.84536,0.84558,1.10,1.52
2014.09.15 12:15:53.086,0.84534,0.84556,1.20,1.52
2014.09.15 12:15:53.237,0.84534,0.84556,1.20,1.52
2014.09.15 12:15:53.743,0.84535,0.84557,1.12,1.52
2014.09.15 12:15:55.265,0.84535,0.84557,1.37,1.15
2014.09.15 12:15:55.467,0.8454,0.84559,1.55,1.00
2014.09.15 12:15:55.827,0.84541,0.84564,1.47,3.45
2014.09.15 12:15:56.265,0.84541,0.84564,1.20,3.45
2014.09.15 12:15:56.668,0.8454,0.84561,1.55,1.17
2014.09.15 12:15:56.869,0.84542,0.84564,1.45,1.45
2014.09.15 12:15:57.245,0.84542,0.84564,1.45,1.45
2014.09.15 12:15:57.446,0.84545,0.84564,1.10,1.10
2014.09.15 12:15:59.964,0.84543,0.84566,1.52,1.52
2014.09.15 12:16:03.357,0.84543,0.84566,1.15,1.52
2014.09.15 12:16:03.962,0.84543,0.84566,1.10,3.07
2014.09.15 12:16:04.871,0.84543,0.84566,1.10,3.82
2014.09.15 12:16:05.703,0.84542,0.84565,1.12,3.45
2014.09.15 12:16:07.476,0.84542,0.84565,1.37,3.45
2014.09.15 12:16:08.478,0.84542,0.84565,1.37,3.45
2014.09.15 12:16:08.680,0.84545,0.84565,1.55,1.12
2014.09.15 12:16:11.211,0.84546,0.84568,1.27,1.45
2014.09.15 12:16:11.740,0.84546,0.84568,1.27,1.45
2014.09.15 12:16:12.065,0.84545,0.84567,1.15,1.47
2014.09.15 12:16:12.116,0.84545,0.84567,1.10,1.17
2014.09.15 12:16:12.216,0.84545,0.84565,1.00,1.15
2014.09.15 12:16:12.834,0.84543,0.84565,1.17,1.15
2014.09.15 12:16:13.712,0.84543,0.84565,1.27,1.52
2014.09.15 12:16:13.964,0.84542,0.84565,1.52,2.02
2014.09.15 12:16:14.166,0.84544,0.84566,1.17,1.65
2014.09.15 12:16:14.832,0.84541,0.84564,3.45,1.37
2014.09.15 12:16:15.315,0.84544,0.84565,2.70,1.37
2014.09.15 12:16:17.105,0.84545,0.84567,1.27,1.55
2014.09.15 12:16:17.156,0.84545,0.84567,1.17,1.92
2014.09.15 12:16:17.662,0.84545,0.84567,1.00,1.90
2014.09.15 12:16:17.763,0.84542,0.84565,1.27,1.52
2014.09.15 12:16:18.334,0.84542,0.84565,1.12,1.52
2014.09.15 12:16:18.996,0.84541,0.84563,1.57,1.57
2014.09.15 12:16:20.484,0.84541,0.84563,1.27,1.57
2014.09.15 12:16:20.894,0.84541,0.84563,1.57,1.57
2014.09.15 12:16:21.524,0.84541,0.84563,1.57,1.57
2014.09.15 12:16:22.379,0.84541,0.84563,1.55,1.55
2014.09.15 12:16:23.224,0.84541,0.84563,1.55,1.55
2014.09.15 12:16:24.538,0.84543,0.84565,1.52,1.37
2014.09.15 12:16:25.607,0.84543,0.84565,1.20,1.52
2014.09.15 12:16:26.084,0.84543,0.84565,1.20,1.52
2014.09.15 12:16:26.525,0.84543,0.84565,1.20,1.55
2014.09.15 12:16:27.134,0.84543,0.84565,1.52,1.47
2014.09.15 12:16:27.451,0.84543,0.84565,1.10,1.55
2014.09.15 12:16:27.965,0.84543,0.84565,1.10,1.55
2014.09.15 12:16:29.036,0.84543,0.84565,1.20,1.55
2014.09.15 12:16:30.704,0.84543,0.84565,1.10,1.55
2014.09.15 12:16:31.263,0.84543,0.84565,1.27,1.95
2014.09.15 12:16:31.314,0.84543,0.84565,1.27,1.95
2014.09.15 12:16:36.690,0.84546,0.84569,1.00,3.82
2014.09.15 12:16:39.055,0.84546,0.84569,1.07,3.82
2014.09.15 12:16:39.264,0.84547,0.8457,1.17,1.65
2014.09.15 12:16:39.415,0.8455,0.8457,1.00,1.90
2014.09.15 12:16:40.324,0.8455,0.8457,1.00,3.07
2014.09.15 12:16:40.649,0.84548,0.8457,1.00,3.82
2014.09.15 12:16:41.052,0.84548,0.8457,1.00,3.07
2014.09.15 12:16:41.225,0.84548,0.84568,1.00,3.07
2014.09.15 12:16:41.477,0.84548,0.8457,1.00,3.82
2014.09.15 12:16:41.727,0.84548,0.8457,1.00,3.82
2014.09.15 12:16:43.672,0.84548,0.8457,1.00,3.82
2014.09.15 12:16:44.435,0.84548,0.8457,1.00,3.82
2014.09.15 12:16:45.362,0.84548,0.84568,1.00,3.07
2014.09.15 12:16:45.774,0.84548,0.84568,1.00,3.07
2014.09.15 12:16:45.875,0.84548,0.84567,1.00,2.70
2014.09.15 12:16:46.128,0.84542,0.84565,1.10,2.02
2014.09.15 12:16:46.178,0.84542,0.84564,1.00,4.87
2014.09.15 12:16:46.691,0.84542,0.84562,1.00,2.70
2014.09.15 12:16:46.894,0.8454,0.8456,1.00,1.55
2014.09.15 12:16:47.403,0.8454,0.8456,1.00,1.55
2014.09.15 12:16:47.936,0.84539,0.84562,1.10,1.52
2014.09.15 12:16:48.377,0.84539,0.84562,1.17,1.55
2014.09.15 12:16:48.684,0.84539,0.84562,1.27,1.65
2014.09.15 12:16:49.242,0.84539,0.84562,1.55,1.55
2014.09.15 12:16:49.544,0.84539,0.84562,1.10,3.82
2014.09.15 12:16:49.595,0.84539,0.84562,1.10,3.45
2014.09.15 12:16:50.579,0.84539,0.84561,1.00,3.45
2014.09.15 12:16:52.564,0.84539,0.84561,1.00,3.82
2014.09.15 12:16:53.066,0.84539,0.84561,1.12,3.45
2014.09.15 12:16:53.414,0.84539,0.8456,1.00,1.90
2014.09.15 12:16:55.923,0.84538,0.8456,1.00,2.40
2014.09.15 12:16:56.801,0.84538,0.8456,1.00,2.40
2014.09.15 12:16:57.784,0.84538,0.8456,1.00,2.40
2014.09.15 12:16:57.885,0.84538,0.8456,1.00,2.40
2014.09.15 12:16:59.853,0.84536,0.84558,1.17,1.55
2014.09.15 12:17:00.206,0.84533,0.84556,1.55,1.52
2014.09.15 12:17:00.306,0.84534,0.84557,1.20,1.65
2014.09.15 12:17:00.988,0.84531,0.84556,1.52,1.52
2014.09.15 12:17:01.504,0.84531,0.84556,1.65,1.52
2014.09.15 12:17:02.009,0.84535,0.84556,1.37,1.52
2014.09.15 12:17:02.898,0.84535,0.84555,1.00,1.15
2014.09.15 12:17:03.501,0.84535,0.84555,1.37,1.27
2014.09.15 12:17:04.109,0.84535,0.84555,1.47,1.17
2014.09.15 12:17:04.617,0.84535,0.84559,2.02,1.52
2014.09.15 12:17:05.243,0.84535,0.84559,1.55,1.65
2014.09.15 12:17:05.873,0.84533,0.84557,1.52,1.55
2014.09.15 12:17:06.029,0.84533,0.84557,1.52,1.55
2014.09.15 12:17:06.130,0.84533,0.84557,1.52,1.55
2014.09.15 12:17:06.873,0.84533,0.84555,1.27,1.12
2014.09.15 12:17:07.340,0.84533,0.84555,1.55,1.27
2014.09.15 12:17:07.940,0.84533,0.84555,1.55,1.55
2014.09.15 12:17:08.395,0.84535,0.84557,1.52,1.37
2014.09.15 12:17:09.803,0.84535,0.84557,1.52,1.37
2014.09.15 12:17:09.904,0.84535,0.84557,1.27,1.37
2014.09.15 12:17:10.337,0.84535,0.84556,1.37,1.20
2014.09.15 12:17:10.489,0.84535,0.84556,1.15,1.00
2014.09.15 12:17:10.641,0.84535,0.84558,3.07,1.00
2014.09.15 12:17:11.669,0.84535,0.84558,3.45,1.37
2014.09.15 12:17:12.346,0.84535,0.84558,1.52,1.52
2014.09.15 12:17:18.383,0.84536,0.84558,1.55,1.47
2014.09.15 12:17:19.790,0.84536,0.84558,1.55,1.47
2014.09.15 12:17:36.027,0.84536,0.8456,1.52,1.65
2014.09.15 12:17:36.531,0.84535,0.84556,1.55,1.47
2014.09.15 12:17:37.084,0.84535,0.84556,1.47,1.52
2014.09.15 12:17:37.386,0.84533,0.84555,1.37,1.52
2014.09.15 12:17:37.487,0.8453,0.84552,2.02,1.10
2014.09.15 12:17:38.733,0.8453,0.84552,2.02,1.47
2014.09.15 12:17:40.360,0.8453,0.84555,2.02,1.90
2014.09.15 12:17:40.929,0.8453,0.84552,2.02,1.45
2014.09.15 12:17:41.439,0.8453,0.84552,2.02,1.47
2014.09.15 12:17:43.192,0.8453,0.84554,1.52,1.52
2014.09.15 12:17:43.663,0.84529,0.84553,2.02,1.65
2014.09.15 12:17:43.713,0.84529,0.84553,2.02,1.65
2014.09.15 12:17:43.864,0.84529,0.84553,1.17,1.15
2014.09.15 12:17:44.679,0.84529,0.84553,1.15,1.17
2014.09.15 12:17:44.801,0.84529,0.84553,1.15,1.17
2014.09.15 12:17:44.902,0.84531,0.84554,3.07,1.07
2014.09.15 12:17:44.952,0.84532,0.84554,2.32,1.00
2014.09.15 12:17:45.456,0.84536,0.84559,1.10,2.32
2014.09.15 12:17:45.557,0.84536,0.8456,1.15,1.15
2014.09.15 12:17:48.065,0.84535,0.84557,1.52,1.12
2014.09.15 12:17:48.166,0.84535,0.84557,1.20,1.37
2014.09.15 12:17:48.217,0.84535,0.84557,1.20,1.45
2014.09.15 12:17:48.519,0.84535,0.84557,1.20,1.45
2014.09.15 12:17:48.620,0.84533,0.84558,1.15,1.17
2014.09.15 12:17:48.721,0.84534,0.84558,2.32,1.17
2014.09.15 12:17:49.024,0.84533,0.84556,1.15,1.17
2014.09.15 12:17:50.373,0.84533,0.84556,3.07,1.07
2014.09.15 12:17:50.887,0.84534,0.84557,3.45,1.37
2014.09.15 12:17:52.593,0.84534,0.84557,3.45,1.37
2014.09.15 12:17:56.272,0.84535,0.84557,2.70,1.37
2014.09.15 12:17:56.323,0.84535,0.84558,3.45,1.10
2014.09.15 12:17:56.474,0.84537,0.84558,2.70,1.00
2014.09.15 12:17:56.934,0.84537,0.8456,1.52,1.57
2014.09.15 12:17:59.545,0.84537,0.8456,1.52,1.57
2014.09.15 12:18:00.188,0.84533,0.84558,3.82,1.52
2014.09.15 12:18:00.748,0.84533,0.84558,3.82,1.52
2014.09.15 12:18:01.313,0.84533,0.84558,3.45,1.52
2014.09.15 12:18:01.953,0.84533,0.84558,3.45,1.15
2014.09.15 12:18:02.663,0.84535,0.84558,1.15,1.52
2014.09.15 12:18:03.752,0.84536,0.84558,2.32,1.00
2014.09.15 12:18:04.257,0.84538,0.84561,1.12,3.45
2014.09.15 12:18:04.849,0.84538,0.84561,1.37,3.45
2014.09.15 12:18:05.074,0.8454,0.84561,1.12,1.52
2014.09.15 12:18:05.721,0.84538,0.84561,1.52,1.55
2014.09.15 12:18:07.092,0.84537,0.84559,1.57,1.57
2014.09.15 12:18:07.394,0.8454,0.84558,1.37,1.00
2014.09.15 12:18:07.546,0.8454,0.84562,1.55,1.55
2014.09.15 12:18:08.051,0.84539,0.84562,2.02,1.55
2014.09.15 12:18:08.960,0.8454,0.84564,1.52,1.45
2014.09.15 12:18:09.608,0.84539,0.84564,1.52,1.52
2014.09.15 12:18:10.409,0.84539,0.84564,1.52,1.57
2014.09.15 12:18:11.098,0.84541,0.84563,1.52,1.37
2014.09.15 12:18:11.662,0.84541,0.84563,1.52,1.37
2014.09.15 12:18:12.212,0.84541,0.84563,1.52,1.37
2014.09.15 12:18:12.976,0.84539,0.84562,1.52,1.12
2014.09.15 12:18:13.912,0.84539,0.84562,1.52,1.37
2014.09.15 12:18:17.590,0.84539,0.84562,1.65,1.12
2014.09.15 12:18:18.141,0.84539,0.84562,1.52,1.00
2014.09.15 12:18:19.194,0.84539,0.84562,1.52,1.37
2014.09.15 12:18:22.305,0.8454,0.84562,1.52,1.37
2014.09.15 12:18:22.820,0.84539,0.84562,1.57,1.52
2014.09.15 12:18:23.131,0.84539,0.84562,1.57,1.52
2014.09.15 12:18:25.918,0.84539,0.84562,1.57,1.52
2014.09.15 12:18:26.120,0.84539,0.84562,1.57,1.52
2014.09.15 12:18:26.422,0.84539,0.84562,1.57,1.52
2014.09.15 12:18:28.223,0.84539,0.84562,1.27,1.65
2014.09.15 12:18:29.425,0.84539,0.84562,1.57,1.52
2014.09.15 12:18:30.473,0.84539,0.84562,1.27,1.65
2014.09.15 12:18:32.576,0.84539,0.84562,1.57,1.52
2014.09.15 12:18:34.232,0.84539,0.84562,1.57,1.52
2014.09.15 12:18:39.374,0.84539,0.84562,1.57,1.52
2014.09.15 12:18:40.144,0.84539,0.84562,1.27,1.65
2014.09.15 12:18:40.681,0.84539,0.84562,1.57,1.52
2014.09.15 12:18:46.055,0.84539,0.84562,2.02,1.52
2014.09.15 12:18:47.202,0.8454,0.84562,1.45,1.55
2014.09.15 12:18:47.303,0.8454,0.84562,1.27,1.55
2014.09.15 12:18:47.783,0.8454,0.84563,1.52,1.47
2014.09.15 12:18:47.884,0.84542,0.84564,1.17,1.17
2014.09.15 12:18:47.985,0.84542,0.84564,1.15,1.10
2014.09.15 12:18:48.287,0.84536,0.8456,3.07,1.17
2014.09.15 12:18:48.681,0.8454,0.84561,1.10,1.12
2014.09.15 12:18:48.832,0.8454,0.84562,1.65,1.47
2014.09.15 12:18:49.617,0.8454,0.84562,2.02,1.37
2014.09.15 12:18:49.919,0.84542,0.84565,1.52,2.02
2014.09.15 12:18:51.789,0.84542,0.84565,1.52,1.55
2014.09.15 12:18:51.940,0.84545,0.84565,1.47,1.27
2014.09.15 12:18:52.192,0.84544,0.84566,1.52,1.12
2014.09.15 12:18:52.444,0.84545,0.84568,2.40,1.27
2014.09.15 12:18:52.969,0.84545,0.8457,2.40,2.02
2014.09.15 12:18:53.607,0.84545,0.8457,2.02,2.02
2014.09.15 12:18:54.111,0.84545,0.8457,2.40,2.02
2014.09.15 12:18:55.016,0.84545,0.8457,4.20,2.02
2014.09.15 12:18:55.574,0.84545,0.8457,4.20,2.02
2014.09.15 12:18:55.950,0.84545,0.8457,4.20,2.40
2014.09.15 12:18:56.101,0.84545,0.8457,2.02,2.40
2014.09.15 12:18:56.555,0.84545,0.84567,1.52,1.47
2014.09.15 12:18:58.227,0.84544,0.84567,2.02,1.47
2014.09.15 12:18:59.751,0.84545,0.84567,1.52,1.47
2014.09.15 12:19:00.134,0.84545,0.84567,1.27,1.47
2014.09.15 12:19:00.286,0.84544,0.84567,1.95,1.55
2014.09.15 12:19:01.844,0.84545,0.84566,1.47,1.45
2014.09.15 12:19:02.351,0.84544,0.84566,1.45,1.45
2014.09.15 12:19:02.401,0.84544,0.84566,1.45,1.45
2014.09.15 12:19:03.161,0.84544,0.84566,1.45,1.45
2014.09.15 12:19:05.303,0.84545,0.84566,1.47,1.45
2014.09.15 12:19:06.064,0.84545,0.84566,1.20,1.45
2014.09.15 12:19:06.407,0.84545,0.84569,1.52,1.55
2014.09.15 12:19:06.609,0.84545,0.84567,1.15,1.00
2014.09.15 12:19:06.660,0.84545,0.84567,1.17,1.17
2014.09.15 12:19:06.861,0.84544,0.84567,6.00,1.00
2014.09.15 12:19:06.912,0.84547,0.84569,1.15,1.20
2014.09.15 12:19:07.381,0.8455,0.84571,1.00,1.52
2014.09.15 12:19:07.907,0.8455,0.84571,1.17,1.55
2014.09.15 12:19:09.575,0.84549,0.84571,1.87,1.52
2014.09.15 12:19:09.877,0.8455,0.84569,1.12,1.37
2014.09.15 12:19:13.702,0.84549,0.84571,1.87,1.52
2014.09.15 12:19:14.222,0.84551,0.84573,1.55,1.47
2014.09.15 12:19:17.441,0.84551,0.84573,1.27,1.47
2014.09.15 12:19:19.728,0.84551,0.84573,1.55,1.47
2014.09.15 12:19:27.807,0.84551,0.84573,3.45,1.37
2014.09.15 12:19:28.469,0.84551,0.84573,3.45,1.37
2014.09.15 12:19:29.738,0.84551,0.84573,3.45,1.37
2014.09.15 12:19:30.455,0.84551,0.84573,3.45,1.37
2014.09.15 12:19:31.319,0.84551,0.84573,1.27,1.45
2014.09.15 12:19:31.929,0.84551,0.84573,1.27,1.55
2014.09.15 12:19:34.231,0.84551,0.8457,1.27,1.37
2014.09.15 12:19:34.534,0.84549,0.8457,1.07,1.45
2014.09.15 12:19:36.461,0.84549,0.8457,1.52,1.12
2014.09.15 12:19:36.562,0.84551,0.8457,1.52,1.12
2014.09.15 12:19:36.865,0.84553,0.84575,1.55,1.55
2014.09.15 12:19:36.966,0.84555,0.84577,1.15,1.57
2014.09.15 12:19:43.867,0.84554,0.84579,1.52,1.90
2014.09.15 12:19:43.970,0.84554,0.84579,1.52,1.52
2014.09.15 12:19:44.729,0.84555,0.8458,1.52,1.90
2014.09.15 12:19:46.573,0.84555,0.8458,1.52,1.52
2014.09.15 12:19:48.961,0.84556,0.8458,2.70,2.02
2014.09.15 12:19:49.112,0.84555,0.8458,1.52,2.02
2014.09.15 12:19:49.379,0.84555,0.8458,1.27,2.40
2014.09.15 12:19:54.200,0.84554,0.84575,1.52,1.37
2014.09.15 12:19:54.623,0.84554,0.84576,3.45,1.87
2014.09.15 12:19:55.009,0.84555,0.84578,1.27,1.57
2014.09.15 12:19:55.311,0.84555,0.84575,1.27,1.37
2014.09.15 12:19:55.412,0.84552,0.84575,5.62,1.37
2014.09.15 12:19:55.613,0.84552,0.8457,1.00,1.47
2014.09.15 12:19:55.664,0.84546,0.84569,3.45,1.37
2014.09.15 12:19:56.174,0.84546,0.84569,1.15,1.07
2014.09.15 12:19:57.710,0.84546,0.84569,1.52,1.45
2014.09.15 12:19:58.113,0.84546,0.84569,1.52,1.45
2014.09.15 12:19:58.672,0.84546,0.84569,1.52,1.45
2014.09.15 12:19:59.239,0.84546,0.84569,1.52,1.45
2014.09.15 12:19:59.357,0.84546,0.84569,1.52,1.45
2014.09.15 12:19:59.699,0.84545,0.84568,1.52,1.45
2014.09.15 12:19:59.750,0.84545,0.84568,1.15,1.65
2014.09.15 12:19:59.952,0.8454,0.84563,1.52,1.47
2014.09.15 12:20:00.304,0.84541,0.8456,3.07,1.00
2014.09.15 12:20:00.355,0.84541,0.84563,3.07,1.00
2014.09.15 12:20:00.886,0.84541,0.84564,2.32,1.10
2014.09.15 12:20:01.522,0.84541,0.84564,2.70,1.47
2014.09.15 12:20:03.038,0.84542,0.84564,4.87,1.37
2014.09.15 12:20:03.139,0.84543,0.84565,1.52,1.87
2014.09.15 12:20:03.528,0.84543,0.84565,1.52,1.87
2014.09.15 12:20:03.939,0.84543,0.84565,1.52,1.50
2014.09.15 12:20:05.141,0.84543,0.84565,1.17,1.65
2014.09.15 12:20:05.666,0.84543,0.84565,1.55,1.55
2014.09.15 12:20:06.476,0.84543,0.84565,1.52,1.47
2014.09.15 12:20:07.130,0.84543,0.84565,1.52,1.47
2014.09.15 12:20:07.447,0.84543,0.84565,1.55,1.55
2014.09.15 12:20:10.350,0.84543,0.84565,1.55,1.55
2014.09.15 12:20:11.681,0.84543,0.84565,1.55,1.55
2014.09.15 12:20:12.201,0.84543,0.84565,1.55,2.02
2014.09.15 12:20:12.781,0.84543,0.84565,1.27,2.02
2014.09.15 12:20:14.153,0.84543,0.84565,1.55,2.02
2014.09.15 12:20:15.691,0.84543,0.84565,1.55,2.02
2014.09.15 12:20:16.656,0.84543,0.84565,1.55,1.55
2014.09.15 12:20:17.158,0.84543,0.84565,1.55,1.55
2014.09.15 12:20:17.259,0.84543,0.84565,1.20,2.02
2014.09.15 12:20:17.691,0.84542,0.84564,3.07,1.37
2014.09.15 12:20:18.561,0.84545,0.84569,3.07,1.85
2014.09.15 12:20:18.611,0.84545,0.84569,3.07,1.10
2014.09.15 12:20:18.763,0.84546,0.84569,1.52,1.47
2014.09.15 12:20:19.266,0.84546,0.84568,1.15,1.55
2014.09.15 12:20:19.367,0.84546,0.84568,1.00,1.52
2014.09.15 12:20:19.870,0.84544,0.84566,1.27,1.55
2014.09.15 12:20:20.502,0.84544,0.84566,1.27,1.55
2014.09.15 12:20:21.968,0.84544,0.84566,1.17,2.40
2014.09.15 12:20:22.069,0.84542,0.84564,1.27,1.55
2014.09.15 12:20:22.270,0.84535,0.84557,2.40,1.00
2014.09.15 12:20:22.773,0.84536,0.84558,3.82,1.00
2014.09.15 12:20:23.272,0.84537,0.8456,1.52,1.20
2014.09.15 12:20:23.373,0.84538,0.8456,2.70,1.37
2014.09.15 12:20:23.893,0.84538,0.8456,2.32,1.00
2014.09.15 12:20:24.777,0.8454,0.84561,3.45,1.37
2014.09.15 12:20:24.978,0.84541,0.84564,1.20,1.65
2014.09.15 12:20:29.899,0.84542,0.8456,1.10,1.37
2014.09.15 12:20:30.421,0.84542,0.8456,1.10,1.37
2014.09.15 12:20:31.321,0.84542,0.84564,1.20,1.55
2014.09.15 12:20:34.052,0.84542,0.84565,1.57,1.45
2014.09.15 12:20:34.153,0.84542,0.84565,1.52,1.20
2014.09.15 12:20:34.304,0.84543,0.84565,2.70,1.12
2014.09.15 12:20:36.849,0.84545,0.84565,1.27,1.37
2014.09.15 12:20:36.950,0.84545,0.84566,1.27,1.37
2014.09.15 12:20:37.410,0.84545,0.84565,3.45,1.12
2014.09.15 12:20:37.512,0.84545,0.84565,1.27,1.12
2014.09.15 12:20:38.053,0.84546,0.8457,1.27,2.40
2014.09.15 12:20:39.729,0.84546,0.84566,1.12,1.57
2014.09.15 12:20:40.654,0.84546,0.84565,1.37,1.12
2014.09.15 12:20:41.166,0.84548,0.84565,1.00,1.12
2014.09.15 12:20:44.115,0.84548,0.84565,1.07,1.12
2014.09.15 12:20:45.222,0.84547,0.84569,1.10,1.65
2014.09.15 12:20:45.423,0.84543,0.84565,1.52,1.47
2014.09.15 12:20:45.625,0.84545,0.84565,1.45,1.00
2014.09.15 12:20:45.726,0.84545,0.84567,2.02,1.10
2014.09.15 12:20:46.039,0.84545,0.84567,4.20,1.00
2014.09.15 12:20:46.219,0.84545,0.84567,2.02,1.10
2014.09.15 12:20:46.710,0.8455,0.84568,1.00,1.00
2014.09.15 12:20:46.811,0.84547,0.84569,1.17,1.27
2014.09.15 12:20:47.163,0.84547,0.84569,1.00,5.62
2014.09.15 12:20:47.365,0.84545,0.84567,1.50,1.15
2014.09.15 12:20:48.553,0.84544,0.84566,1.65,1.15
2014.09.15 12:20:48.653,0.84545,0.84567,1.17,1.17
2014.09.15 12:20:49.770,0.84543,0.84565,1.10,1.15
2014.09.15 12:20:50.173,0.84545,0.84565,1.00,1.15
2014.09.15 12:20:50.750,0.84545,0.84565,1.00,1.52
2014.09.15 12:20:52.060,0.84543,0.84565,1.55,2.02
2014.09.15 12:20:52.480,0.84544,0.84565,1.55,1.47
2014.09.15 12:20:53.040,0.84544,0.84565,1.55,1.47
2014.09.15 12:20:53.169,0.84544,0.84566,2.02,1.55
2014.09.15 12:20:53.220,0.84544,0.84566,2.02,1.45
2014.09.15 12:20:53.647,0.84547,0.84569,1.15,1.47
2014.09.15 12:20:54.050,0.84547,0.84569,1.15,1.85
2014.09.15 12:20:54.254,0.84546,0.84565,1.10,1.37
2014.09.15 12:20:54.656,0.84545,0.84567,2.02,1.47
2014.09.15 12:20:54.757,0.84545,0.84567,3.82,1.37
2014.09.15 12:20:54.959,0.84546,0.84569,1.27,1.57
2014.09.15 12:20:55.952,0.84546,0.84569,1.27,1.65
2014.09.15 12:20:56.163,0.84546,0.84569,1.20,1.52
2014.09.15 12:20:56.264,0.84545,0.84567,1.65,1.37
2014.09.15 12:20:56.717,0.84545,0.84567,4.20,1.37
2014.09.15 12:20:56.969,0.84547,0.8457,3.45,1.47
2014.09.15 12:20:57.171,0.84549,0.8457,3.07,1.00
2014.09.15 12:20:57.271,0.8455,0.84573,1.15,1.10
2014.09.15 12:20:57.372,0.84552,0.84574,1.17,1.27
2014.09.15 12:20:57.882,0.84554,0.84575,1.15,1.37
2014.09.15 12:20:58.229,0.84554,0.8457,1.15,1.00
2014.09.15 12:20:58.340,0.84554,0.84575,1.15,1.37
2014.09.15 12:20:59.669,0.84554,0.84575,1.27,1.37
2014.09.15 12:21:00.788,0.84554,0.84576,1.27,1.95
2014.09.15 12:21:01.311,0.84554,0.84576,1.27,1.95
2014.09.15 12:21:02.474,0.84554,0.84575,1.52,1.37
2014.09.15 12:21:09.093,0.84554,0.84575,1.52,1.37
2014.09.15 12:21:10.897,0.84554,0.84575,1.52,1.12
2014.09.15 12:21:12.220,0.84554,0.84575,1.27,1.37
2014.09.15 12:21:13.008,0.84552,0.84575,3.07,1.37
2014.09.15 12:21:13.310,0.84552,0.84571,1.00,1.92
2014.09.15 12:21:13.411,0.84545,0.84567,1.52,1.47
2014.09.15 12:21:13.512,0.84545,0.84567,1.15,1.10
2014.09.15 12:21:15.059,0.84545,0.84567,1.52,1.47
2014.09.15 12:21:15.370,0.84546,0.84567,2.70,1.00
2014.09.15 12:21:15.679,0.84548,0.84569,2.70,1.37
2014.09.15 12:21:16.932,0.84547,0.84569,3.45,1.12
2014.09.15 12:21:17.460,0.84547,0.84569,2.70,1.37
2014.09.15 12:21:17.561,0.84546,0.84569,1.15,1.17
2014.09.15 12:21:18.249,0.84545,0.84568,1.52,1.47
2014.09.15 12:21:18.851,0.84545,0.84568,1.52,1.47
2014.09.15 12:21:19.354,0.84545,0.84568,1.52,1.47
2014.09.15 12:21:21.327,0.84545,0.84568,1.52,1.47
2014.09.15 12:21:21.590,0.84545,0.84569,3.45,1.12
2014.09.15 12:21:22.137,0.84546,0.84569,1.52,1.37
2014.09.15 12:21:22.730,0.84546,0.84569,1.52,1.37
2014.09.15 12:21:23.239,0.84545,0.84569,1.15,1.20
2014.09.15 12:21:23.390,0.84545,0.84567,1.15,1.00
2014.09.15 12:21:25.661,0.84545,0.84568,1.65,1.12
2014.09.15 12:21:25.964,0.8455,0.84568,3.45,1.00
2014.09.15 12:21:26.014,0.8455,0.84571,3.45,1.00
2014.09.15 12:21:26.668,0.8455,0.8457,2.70,1.00
2014.09.15 12:21:26.870,0.8455,0.84573,3.45,1.47
2014.09.15 12:21:27.809,0.8455,0.84573,2.70,1.47
2014.09.15 12:21:29.269,0.8455,0.8457,2.70,1.00
2014.09.15 12:21:29.474,0.84549,0.8457,1.52,1.12
2014.09.15 12:21:29.574,0.84548,0.84565,1.00,1.00
2014.09.15 12:21:29.876,0.8454,0.84563,1.65,1.00
2014.09.15 12:21:30.108,0.8454,0.8456,1.15,1.00
2014.09.15 12:21:30.259,0.8454,0.84563,1.65,1.00
2014.09.15 12:21:30.475,0.84541,0.84563,2.32,1.00
2014.09.15 12:21:30.780,0.84541,0.8456,2.32,1.00
2014.09.15 12:21:31.538,0.84541,0.84561,2.32,1.00
2014.09.15 12:21:31.979,0.8454,0.84562,1.15,1.00
2014.09.15 12:21:32.331,0.84539,0.8456,1.15,1.00
2014.09.15 12:21:32.971,0.84537,0.8456,1.27,1.17
2014.09.15 12:21:33.279,0.84537,0.84559,1.20,1.15
2014.09.15 12:21:33.782,0.84534,0.84556,1.15,1.50
2014.09.15 12:21:34.119,0.84536,0.8456,1.15,1.27
2014.09.15 12:21:35.000,0.84536,0.8456,1.52,1.52
2014.09.15 12:21:35.930,0.84536,0.8456,1.52,2.02
2014.09.15 12:21:36.798,0.84536,0.8456,1.52,2.02
2014.09.15 12:21:37.600,0.84536,0.8456,1.52,2.40
2014.09.15 12:21:37.851,0.84534,0.84556,1.27,1.95
2014.09.15 12:21:38.204,0.84533,0.84556,1.52,2.02
2014.09.15 12:21:38.691,0.84535,0.84555,1.07,1.37
2014.09.15 12:21:38.893,0.84536,0.84558,1.55,1.55
2014.09.15 12:21:39.144,0.8454,0.84558,1.00,1.10
2014.09.15 12:21:39.346,0.84541,0.84563,1.20,1.52
2014.09.15 12:21:39.870,0.84541,0.84563,1.27,1.55
2014.09.15 12:21:40.418,0.84539,0.84561,1.55,1.47
2014.09.15 12:21:40.950,0.84539,0.84561,1.57,1.57
2014.09.15 12:21:42.412,0.84539,0.84561,1.20,1.57
2014.09.15 12:21:43.014,0.84539,0.8456,1.57,1.37
2014.09.15 12:21:43.519,0.84537,0.8456,1.52,1.37
2014.09.15 12:21:43.721,0.84537,0.84559,1.57,1.57
2014.09.15 12:21:45.068,0.84538,0.8456,1.37,4.20
2014.09.15 12:21:45.169,0.84538,0.8456,1.47,2.02
2014.09.15 12:21:45.609,0.84536,0.84558,1.27,1.17
2014.09.15 12:21:45.860,0.84536,0.84558,1.00,1.27
2014.09.15 12:21:45.911,0.84532,0.84556,1.15,1.15
2014.09.15 12:21:45.962,0.84532,0.84556,1.00,1.15
2014.09.15 12:21:46.428,0.84532,0.84555,1.07,1.15
2014.09.15 12:21:46.961,0.8453,0.84552,3.45,1.00
2014.09.15 12:21:47.640,0.8453,0.84552,3.45,1.37
2014.09.15 12:21:48.166,0.8453,0.84552,3.45,1.12
2014.09.15 12:21:48.681,0.8453,0.84553,3.07,1.10
2014.09.15 12:21:49.059,0.84532,0.84554,2.32,1.00
2014.09.15 12:21:49.567,0.84532,0.84555,3.07,1.95
2014.09.15 12:21:50.284,0.84532,0.84555,3.45,1.95
2014.09.15 12:21:53.643,0.84534,0.84557,1.27,1.65
2014.09.15 12:21:54.745,0.84534,0.84557,1.52,1.52
2014.09.15 12:21:55.961,0.84534,0.84557,1.27,1.65
2014.09.15 12:21:57.657,0.84532,0.84555,2.70,1.47
2014.09.15 12:21:57.889,0.84531,0.84555,1.52,1.52
2014.09.15 12:21:59.413,0.84531,0.84556,1.52,1.52
2014.09.15 12:21:59.917,0.84532,0.84555,1.52,1.52
2014.09.15 12:22:00.427,0.84533,0.84555,1.52,1.47
2014.09.15 12:22:01.179,0.84534,0.84557,1.52,1.52
2014.09.15 12:22:01.708,0.84533,0.84555,1.52,1.47
2014.09.15 12:22:02.725,0.84533,0.84555,1.45,1.55
2014.09.15 12:22:02.825,0.84533,0.84555,1.10,1.52
2014.09.15 12:22:02.876,0.84531,0.84554,1.52,1.52
2014.09.15 12:22:03.078,0.8453,0.84552,1.52,1.20
2014.09.15 12:22:03.178,0.8453,0.84552,3.45,1.37
2014.09.15 12:22:03.279,0.84526,0.8455,1.52,1.37
2014.09.15 12:22:03.380,0.84526,0.8455,1.15,1.00
2014.09.15 12:22:03.531,0.84526,0.84548,1.15,1.00
2014.09.15 12:22:03.833,0.84528,0.8455,1.15,1.07
2014.09.15 12:22:04.088,0.84528,0.8455,1.17,1.17
2014.09.15 12:22:04.289,0.8453,0.84552,1.15,1.00
2014.09.15 12:22:04.591,0.8453,0.84552,1.10,1.15
2014.09.15 12:22:04.906,0.84526,0.84546,2.32,1.00
2014.09.15 12:22:05.801,0.84526,0.84546,3.07,1.00
2014.09.15 12:22:06.870,0.84526,0.84546,3.07,1.00
2014.09.15 12:22:07.771,0.84526,0.84546,2.70,1.00
2014.09.15 12:22:08.574,0.84526,0.84546,3.07,1.00
2014.09.15 12:22:09.394,0.84526,0.84546,3.07,1.00
2014.09.15 12:22:09.581,0.84526,0.84546,2.70,1.00
2014.09.15 12:22:10.084,0.84526,0.84547,2.32,1.00
2014.09.15 12:22:18.379,0.84527,0.84549,1.52,1.20
2014.09.15 12:22:18.530,0.84529,0.84549,2.70,1.00
2014.09.15 12:22:18.883,0.84527,0.8455,2.70,1.87
2014.09.15 12:22:19.135,0.84525,0.84547,3.82,1.00
2014.09.15 12:22:19.368,0.84526,0.8455,1.52,1.27
2014.09.15 12:22:20.001,0.84526,0.8455,1.52,1.17
2014.09.15 12:22:22.509,0.84526,0.8455,1.52,1.55
2014.09.15 12:22:23.042,0.84526,0.8455,1.52,1.27
2014.09.15 12:22:25.060,0.84526,0.8455,1.52,1.55
2014.09.15 12:22:26.728,0.84526,0.8455,1.52,1.55
2014.09.15 12:22:27.799,0.84526,0.8455,1.52,1.55
2014.09.15 12:22:28.802,0.84527,0.8455,2.70,1.57
2014.09.15 12:22:29.814,0.84527,0.84546,2.70,1.00
2014.09.15 12:22:30.324,0.84526,0.84546,2.70,1.37
2014.09.15 12:22:30.375,0.84524,0.84546,2.70,1.37
2014.09.15 12:22:30.647,0.84524,0.84546,2.70,1.37
2014.09.15 12:22:30.748,0.84523,0.84545,2.32,1.00
2014.09.15 12:22:30.899,0.84525,0.84547,1.15,1.10
2014.09.15 12:22:31.419,0.84525,0.84547,2.32,1.00
2014.09.15 12:22:31.934,0.84525,0.84547,2.70,1.37
2014.09.15 12:22:32.542,0.84525,0.84547,2.70,1.12
2014.09.15 12:22:33.143,0.84525,0.84547,2.70,1.37
2014.09.15 12:22:38.659,0.84524,0.84547,2.70,1.45
2014.09.15 12:22:38.709,0.84522,0.84545,3.45,1.47
2014.09.15 12:22:38.860,0.84525,0.84545,2.70,1.00
2014.09.15 12:22:39.174,0.84523,0.84545,4.50,1.00
2014.09.15 12:22:39.275,0.8452,0.84543,4.20,1.00
2014.09.15 12:22:39.376,0.8452,0.84543,2.02,1.17
2014.09.15 12:22:39.728,0.84521,0.84541,2.32,1.00
2014.09.15 12:22:39.829,0.84521,0.84546,3.07,1.00
2014.09.15 12:22:39.930,0.84524,0.84546,2.32,1.00
2014.09.15 12:22:40.498,0.84524,0.84547,2.32,1.10
2014.09.15 12:22:41.076,0.84524,0.84547,3.07,1.20
2014.09.15 12:22:42.013,0.84526,0.84547,2.70,1.12
2014.09.15 12:22:45.794,0.84526,0.84547,2.70,1.37
2014.09.15 12:22:46.133,0.84526,0.84547,2.70,1.37
2014.09.15 12:22:46.183,0.84524,0.84547,2.70,1.37
2014.09.15 12:22:46.234,0.84524,0.84547,2.32,1.37
2014.09.15 12:22:46.285,0.84522,0.84547,3.45,1.55
2014.09.15 12:22:46.436,0.84522,0.84545,3.45,1.37
2014.09.15 12:22:46.946,0.84522,0.84545,3.45,1.50
2014.09.15 12:22:47.497,0.84523,0.84546,5.62,1.37
2014.09.15 12:22:49.828,0.84523,0.84546,5.62,1.37
2014.09.15 12:22:50.475,0.84523,0.84546,5.62,1.37
2014.09.15 12:22:51.141,0.84523,0.84546,5.62,1.37
2014.09.15 12:22:51.843,0.84523,0.84546,5.62,1.12
2014.09.15 12:22:52.043,0.84523,0.84546,5.62,1.37
2014.09.15 12:22:54.047,0.84523,0.84546,5.62,1.37
2014.09.15 12:22:55.803,0.84526,0.84546,2.70,1.00
2014.09.15 12:22:56.004,0.84524,0.84546,3.45,1.00
2014.09.15 12:22:58.080,0.84523,0.84546,1.15,1.47
2014.09.15 12:22:58.181,0.84523,0.84546,1.15,1.10
2014.09.15 12:22:58.282,0.84522,0.84544,2.32,1.00
2014.09.15 12:22:58.638,0.84522,0.84546,2.32,1.10
2014.09.15 12:22:58.688,0.84524,0.84546,2.32,1.00
2014.09.15 12:22:58.991,0.84524,0.84544,2.32,1.00
2014.09.15 12:22:59.418,0.84521,0.84543,4.87,1.00
2014.09.15 12:23:00.184,0.84521,0.84543,4.87,1.37
2014.09.15 12:23:00.727,0.8452,0.84543,3.45,1.12
2014.09.15 12:23:01.227,0.8452,0.84543,3.45,1.37
2014.09.15 12:23:03.787,0.8452,0.84543,3.45,1.37
2014.09.15 12:23:11.117,0.8452,0.84542,2.70,1.37
2014.09.15 12:23:11.726,0.8452,0.8454,2.70,1.00
2014.09.15 12:23:13.018,0.84519,0.8454,2.70,1.12
2014.09.15 12:23:13.585,0.84519,0.8454,2.70,1.37
2014.09.15 12:23:19.354,0.84518,0.8454,3.45,1.37
2014.09.15 12:23:19.966,0.84518,0.8454,1.52,1.37
2014.09.15 12:23:22.639,0.84518,0.8454,1.52,1.12
2014.09.15 12:23:26.443,0.84518,0.8454,1.52,1.37
2014.09.15 12:23:26.746,0.84518,0.8454,1.52,1.87
2014.09.15 12:23:26.947,0.84515,0.84539,3.45,1.55
2014.09.15 12:23:27.149,0.84514,0.84536,1.52,1.47
2014.09.15 12:23:27.258,0.84514,0.84536,1.45,1.55
2014.09.15 12:23:27.560,0.84511,0.84534,1.55,1.45
2014.09.15 12:23:27.862,0.84511,0.84531,2.70,1.12
2014.09.15 12:23:28.114,0.84512,0.84536,4.87,1.45
2014.09.15 12:23:28.719,0.84517,0.84534,2.25,1.00
2014.09.15 12:23:28.769,0.84517,0.84536,4.50,1.50
2014.09.15 12:23:28.970,0.84516,0.84538,2.32,1.00
2014.09.15 12:23:29.071,0.84513,0.84538,3.07,1.17
2014.09.15 12:23:29.273,0.84515,0.84536,2.32,1.00
2014.09.15 12:23:30.377,0.84515,0.84536,6.00,1.00
2014.09.15 12:23:31.213,0.84515,0.84538,6.75,1.00
2014.09.15 12:23:31.313,0.84518,0.84538,4.87,1.00
2014.09.15 12:23:31.796,0.84518,0.8454,1.17,1.57
2014.09.15 12:23:31.947,0.84516,0.84537,2.32,1.00
2014.09.15 12:23:32.199,0.84518,0.8454,1.15,1.50
2014.09.15 12:23:32.400,0.84519,0.84538,2.32,1.00
2014.09.15 12:23:32.601,0.84519,0.8454,2.32,1.00
2014.09.15 12:23:33.305,0.8452,0.8454,2.32,1.00
2014.09.15 12:23:33.855,0.8452,0.84541,3.45,1.00
2014.09.15 12:23:34.476,0.8452,0.8454,2.70,1.00
2014.09.15 12:23:39.332,0.8452,0.8454,3.82,1.00
2014.09.15 12:23:39.533,0.84522,0.84541,3.07,1.00
2014.09.15 12:23:39.786,0.84524,0.84543,2.70,1.00
2014.09.15 12:23:39.888,0.84524,0.84545,2.70,1.00
2014.09.15 12:23:40.406,0.84525,0.84546,1.52,1.12
2014.09.15 12:23:40.982,0.84525,0.84546,3.45,1.12
2014.09.15 12:23:41.494,0.84525,0.84546,1.52,1.12
2014.09.15 12:23:42.696,0.84524,0.84545,2.70,1.00
2014.09.15 12:23:42.966,0.84521,0.84542,3.07,1.00
2014.09.15 12:23:49.601,0.84521,0.84542,3.07,1.00
2014.09.15 12:23:54.095,0.84523,0.84542,2.70,1.00
2014.09.15 12:23:54.671,0.84521,0.84542,5.25,1.00
2014.09.15 12:23:56.157,0.84521,0.84542,5.25,1.00
2014.09.15 12:23:57.435,0.84521,0.84542,5.25,1.00
2014.09.15 12:23:57.954,0.84521,0.84542,5.25,1.00
2014.09.15 12:23:58.817,0.84521,0.84542,5.25,1.00
2014.09.15 12:24:00.456,0.84521,0.84542,5.25,1.00
2014.09.15 12:24:00.657,0.84521,0.84542,4.87,1.00
2014.09.15 12:24:03.248,0.8452,0.84542,4.20,1.00
2014.09.15 12:24:05.932,0.8452,0.84542,4.57,1.00
2014.09.15 12:24:06.374,0.84518,0.84542,3.45,1.20
2014.09.15 12:24:06.474,0.84518,0.84542,1.55,1.55
2014.09.15 12:24:06.979,0.84518,0.8454,3.45,1.00
2014.09.15 12:24:07.938,0.84518,0.8454,3.82,1.00
2014.09.15 12:24:08.629,0.84518,0.8454,3.45,1.12
2014.09.15 12:24:12.355,0.84518,0.8454,3.82,1.00
2014.09.15 12:24:14.649,0.84518,0.8454,3.45,1.00
2014.09.15 12:24:15.550,0.84518,0.8454,3.82,1.00
2014.09.15 12:24:17.393,0.84518,0.8454,3.45,1.12
2014.09.15 12:24:18.256,0.84518,0.8454,3.82,1.00
2014.09.15 12:24:18.871,0.84518,0.8454,1.65,1.07
2014.09.15 12:24:22.400,0.84518,0.8454,1.65,1.00
2014.09.15 12:24:22.945,0.84518,0.8454,1.52,1.12
2014.09.15 12:24:23.567,0.84518,0.8454,1.65,1.00
2014.09.15 12:24:28.424,0.84518,0.8454,1.52,1.12
2014.09.15 12:24:28.945,0.84517,0.84539,1.65,1.10
2014.09.15 12:24:29.464,0.84515,0.84539,3.82,1.20
2014.09.15 12:24:29.785,0.84515,0.84537,3.82,1.00
2014.09.15 12:24:30.297,0.84516,0.84538,1.65,1.00
2014.09.15 12:24:33.514,0.84516,0.84538,1.90,1.00
2014.09.15 12:24:33.817,0.84517,0.84535,1.85,1.00
2014.09.15 12:24:34.835,0.84513,0.84535,3.82,1.50
2014.09.15 12:24:34.996,0.84513,0.84535,3.45,1.50
2014.09.15 12:24:35.596,0.84513,0.84535,3.82,1.50
2014.09.15 12:24:36.128,0.84516,0.84538,1.55,1.15
2014.09.15 12:24:36.638,0.84513,0.84535,3.82,1.00
2014.09.15 12:24:37.225,0.84515,0.84537,1.52,1.17
2014.09.15 12:24:37.909,0.84515,0.84537,1.52,1.27
2014.09.15 12:24:38.134,0.84515,0.84537,1.52,1.55
2014.09.15 12:24:38.654,0.84515,0.84537,1.52,1.55
2014.09.15 12:24:38.914,0.8452,0.84538,1.07,1.07
2014.09.15 12:24:38.964,0.8452,0.84539,1.27,1.00
2014.09.15 12:24:39.015,0.8452,0.84539,1.15,1.37
2014.09.15 12:24:39.166,0.84517,0.8454,1.52,1.47
2014.09.15 12:24:39.317,0.84517,0.84541,1.20,1.65
2014.09.15 12:24:39.367,0.84517,0.84539,1.20,1.52
2014.09.15 12:24:39.903,0.84517,0.84539,1.20,1.52
2014.09.15 12:24:40.125,0.84515,0.84537,2.02,1.10
2014.09.15 12:24:41.702,0.84515,0.84537,1.55,1.17
2014.09.15 12:24:42.224,0.84515,0.84537,1.55,1.52
2014.09.15 12:24:43.924,0.84515,0.84537,2.02,1.27
2014.09.15 12:24:45.126,0.84515,0.84537,2.02,1.52
2014.09.15 12:24:48.274,0.84513,0.84535,1.52,1.10
2014.09.15 12:24:48.787,0.84515,0.84536,1.55,1.55
2014.09.15 12:24:49.834,0.84515,0.84536,1.52,1.12
2014.09.15 12:24:50.335,0.84515,0.84536,1.52,1.37
2014.09.15 12:24:53.252,0.84515,0.84538,1.52,1.57
2014.09.15 12:24:53.439,0.84515,0.84538,1.52,1.57
2014.09.15 12:24:53.791,0.84511,0.84535,1.17,1.15
2014.09.15 12:24:53.892,0.84511,0.84535,1.15,1.20
2014.09.15 12:24:54.715,0.84512,0.84534,1.15,1.00
2014.09.15 12:24:54.855,0.84512,0.84534,1.65,1.00
2014.09.15 12:24:59.584,0.84513,0.84534,3.07,1.00
2014.09.15 12:25:00.117,0.84513,0.84535,3.82,1.00
2014.09.15 12:25:00.368,0.84513,0.84535,3.45,1.12
2014.09.15 12:25:00.905,0.84513,0.84535,3.82,1.00
2014.09.15 12:25:02.262,0.84511,0.84535,1.90,1.12
2014.09.15 12:25:04.568,0.84514,0.84535,1.27,1.37
2014.09.15 12:25:05.115,0.84512,0.84534,1.52,1.37
2014.09.15 12:25:05.671,0.84512,0.84534,1.52,1.12
2014.09.15 12:25:06.175,0.84512,0.84534,1.52,1.37
2014.09.15 12:25:06.711,0.84512,0.84534,1.52,1.00
2014.09.15 12:25:06.998,0.84512,0.84534,1.65,1.00
2014.09.15 12:25:07.605,0.84512,0.84534,1.52,1.12
2014.09.15 12:25:15.990,0.84515,0.84534,1.37,1.00
2014.09.15 12:25:16.631,0.84515,0.84534,1.37,1.12
2014.09.15 12:25:18.295,0.84515,0.84534,1.12,1.37
2014.09.15 12:25:18.835,0.84512,0.84534,1.52,1.37
2014.09.15 12:25:19.348,0.84512,0.84534,1.52,1.37
2014.09.15 12:25:20.420,0.84512,0.84534,1.52,1.37
2014.09.15 12:25:20.923,0.8451,0.84532,1.52,1.37
2014.09.15 12:25:21.496,0.8451,0.84531,1.55,1.27
2014.09.15 12:25:21.798,0.84511,0.84531,2.70,1.00
2014.09.15 12:25:21.849,0.84511,0.84534,1.52,1.45
2014.09.15 12:25:22.151,0.8451,0.84532,1.15,1.10
2014.09.15 12:25:22.366,0.8451,0.84532,3.07,1.00
2014.09.15 12:25:23.968,0.8451,0.84532,1.52,1.10
2014.09.15 12:25:26.843,0.8451,0.84533,4.20,1.12
2014.09.15 12:25:28.568,0.8451,0.84532,1.55,1.27
2014.09.15 12:25:29.126,0.84509,0.84531,1.52,1.20
2014.09.15 12:25:30.228,0.84509,0.84531,1.65,1.10
2014.09.15 12:25:30.766,0.84509,0.8453,1.52,1.00
2014.09.15 12:25:31.632,0.84509,0.8453,1.65,1.00
2014.09.15 12:25:32.234,0.84509,0.8453,1.52,1.00
2014.09.15 12:25:32.735,0.8451,0.8453,1.55,1.00
2014.09.15 12:25:33.737,0.8451,0.8453,1.92,1.00
2014.09.15 12:25:34.039,0.84509,0.84532,3.82,1.10
2014.09.15 12:25:37.066,0.8451,0.84532,1.52,1.47
2014.09.15 12:25:38.070,0.8451,0.84532,1.65,1.10
2014.09.15 12:25:38.173,0.8451,0.84532,1.52,1.47
2014.09.15 12:25:38.977,0.8451,0.84532,1.65,1.10
2014.09.15 12:25:39.647,0.8451,0.84532,1.52,1.20
2014.09.15 12:25:41.149,0.8451,0.84532,1.52,1.20
2014.09.15 12:25:41.651,0.8451,0.84532,6.00,1.00
2014.09.15 12:25:42.295,0.8451,0.84532,6.00,1.00
2014.09.15 12:25:44.906,0.84514,0.84532,1.57,1.00
2014.09.15 12:25:45.058,0.84514,0.84535,1.57,1.27
2014.09.15 12:25:48.389,0.84515,0.84535,1.37,1.57
2014.09.15 12:25:49.013,0.84515,0.84535,1.37,1.27
2014.09.15 12:25:49.990,0.84515,0.84535,1.37,1.27
2014.09.15 12:25:50.656,0.84515,0.84535,1.37,1.27
2014.09.15 12:25:52.396,0.84515,0.84535,1.37,1.27
2014.09.15 12:25:53.505,0.84515,0.84535,1.47,1.10
2014.09.15 12:25:54.516,0.84515,0.84535,1.57,1.12
2014.09.15 12:25:55.057,0.84515,0.84535,1.47,1.07
2014.09.15 12:25:56.608,0.84515,0.84535,1.47,1.20
2014.09.15 12:25:57.300,0.84515,0.84535,1.47,1.07
2014.09.15 12:25:57.602,0.84515,0.84535,1.47,1.45
2014.09.15 12:25:58.106,0.84515,0.84533,1.37,1.10
2014.09.15 12:25:58.207,0.8451,0.84533,4.20,1.10
2014.09.15 12:25:59.606,0.8451,0.84533,4.57,1.10
2014.09.15 12:26:00.121,0.84515,0.84533,1.00,1.20
2014.09.15 12:26:00.636,0.8451,0.84533,4.20,1.20
2014.09.15 12:26:02.715,0.8451,0.84533,4.20,1.47
2014.09.15 12:26:04.919,0.8451,0.84533,4.57,1.20
2014.09.15 12:26:06.622,0.8451,0.84533,4.20,1.47
2014.09.15 12:26:08.557,0.8451,0.84533,4.20,1.47
2014.09.15 12:26:08.658,0.8451,0.84533,1.95,1.65
2014.09.15 12:26:10.865,0.84509,0.8453,1.20,1.55
2014.09.15 12:26:11.016,0.84507,0.8453,1.12,3.45
2014.09.15 12:26:11.067,0.84507,0.8453,1.00,3.82
2014.09.15 12:26:11.570,0.84505,0.84524,1.37,1.27
2014.09.15 12:26:13.457,0.84505,0.84523,1.12,1.10
2014.09.15 12:26:14.264,0.845,0.84523,4.20,1.47
2014.09.15 12:26:15.986,0.84501,0.84524,1.52,1.27
2014.09.15 12:26:19.866,0.84505,0.84523,1.00,1.10
2014.09.15 12:26:20.370,0.845,0.84523,3.82,1.10
2014.09.15 12:26:20.706,0.845,0.84523,1.65,1.15
2014.09.15 12:26:21.372,0.845,0.84523,2.02,1.52
2014.09.15 12:26:21.886,0.845,0.84523,4.20,1.47
2014.09.15 12:26:22.592,0.84501,0.84524,2.70,1.37
2014.09.15 12:26:23.095,0.84501,0.84526,1.52,1.52
2014.09.15 12:26:24.114,0.84501,0.84523,1.52,1.47
2014.09.15 12:26:26.124,0.845,0.84522,2.02,1.55
2014.09.15 12:26:28.587,0.845,0.84522,2.02,1.27
2014.09.15 12:26:29.188,0.845,0.84522,2.02,1.55
2014.09.15 12:26:29.689,0.845,0.84522,2.02,1.55
2014.09.15 12:26:30.462,0.845,0.84522,2.02,1.55
2014.09.15 12:26:33.597,0.84499,0.84521,2.02,1.47
2014.09.15 12:26:34.126,0.84499,0.84521,3.45,1.12
2014.09.15 12:26:37.706,0.84499,0.84521,1.52,1.47
2014.09.15 12:26:38.813,0.845,0.84521,1.55,1.47
2014.09.15 12:26:41.819,0.845,0.84521,1.55,1.20
2014.09.15 12:26:42.322,0.845,0.84521,1.17,1.47
2014.09.15 12:26:42.624,0.84496,0.8452,1.52,2.02
2014.09.15 12:26:43.137,0.84495,0.84517,1.52,1.55
2014.09.15 12:26:43.658,0.84495,0.84517,1.52,1.55
2014.09.15 12:26:47.740,0.84495,0.84517,1.52,1.55
2014.09.15 12:26:49.187,0.84495,0.84517,1.55,1.55
2014.09.15 12:26:51.274,0.84495,0.84517,1.47,1.52
2014.09.15 12:26:51.482,0.84495,0.84516,1.45,1.20
2014.09.15 12:26:53.184,0.845,0.84517,1.00,1.37
2014.09.15 12:26:53.724,0.845,0.84518,1.00,1.47
2014.09.15 12:26:54.265,0.845,0.84518,1.12,1.20
2014.09.15 12:27:00.144,0.845,0.84518,1.47,1.00
2014.09.15 12:27:00.446,0.845,0.84521,1.65,1.00
2014.09.15 12:27:00.959,0.845,0.84521,1.52,1.00
2014.09.15 12:27:01.469,0.84505,0.84521,1.12,1.00
2014.09.15 12:27:02.714,0.84505,0.84523,1.20,1.12
2014.09.15 12:27:10.138,0.84505,0.84523,1.10,1.37
2014.09.15 12:27:10.606,0.845,0.84521,1.52,1.12
2014.09.15 12:27:12.904,0.845,0.84521,1.52,1.37
2014.09.15 12:27:15.784,0.845,0.84521,1.52,1.37
2014.09.15 12:27:16.886,0.845,0.84521,1.52,1.12
2014.09.15 12:27:20.965,0.845,0.84521,3.45,1.12
2014.09.15 12:27:21.016,0.845,0.84521,3.45,1.37
2014.09.15 12:27:21.066,0.845,0.84521,1.52,1.37
2014.09.15 12:27:21.117,0.845,0.84521,1.52,1.12
2014.09.15 12:27:21.568,0.84499,0.84524,4.20,1.37
2014.09.15 12:27:22.099,0.84499,0.84521,4.20,1.37
2014.09.15 12:27:22.741,0.845,0.84522,2.02,1.37
2014.09.15 12:27:23.254,0.845,0.84522,2.02,1.37
2014.09.15 12:27:23.684,0.84505,0.84522,1.00,1.37
2014.09.15 12:27:26.013,0.84505,0.84522,1.00,1.37
2014.09.15 12:27:26.544,0.84505,0.84522,1.00,1.37
2014.09.15 12:27:32.123,0.84504,0.84522,1.00,1.37
2014.09.15 12:27:33.626,0.84504,0.84522,1.00,1.37
2014.09.15 12:27:37.180,0.84504,0.84522,1.00,1.65
2014.09.15 12:27:37.230,0.845,0.84522,1.65,1.65
2014.09.15 12:27:37.784,0.845,0.84522,1.65,1.55
2014.09.15 12:27:38.537,0.845,0.84522,1.65,1.92
2014.09.15 12:27:41.455,0.845,0.84522,1.65,1.65
2014.09.15 12:27:42.245,0.845,0.84522,1.65,1.92
2014.09.15 12:27:43.211,0.845,0.84519,1.17,1.37
2014.09.15 12:27:43.999,0.845,0.84519,1.17,1.37
2014.09.15 12:27:44.736,0.845,0.84519,1.17,1.37
2014.09.15 12:27:50.658,0.845,0.84519,1.17,1.37
2014.09.15 12:27:51.396,0.845,0.84519,1.17,1.37
2014.09.15 12:27:57.387,0.845,0.84519,1.10,1.37
2014.09.15 12:27:57.676,0.845,0.84519,1.10,1.12
2014.09.15 12:27:58.463,0.845,0.84518,1.10,1.00
2014.09.15 12:27:58.715,0.845,0.84517,1.00,1.47
2014.09.15 12:27:59.732,0.84495,0.84517,4.20,1.37
2014.09.15 12:28:00.035,0.84495,0.84516,3.45,1.37
2014.09.15 12:28:00.237,0.84495,0.84514,1.17,1.00
2014.09.15 12:28:00.490,0.84495,0.84512,1.17,1.00
2014.09.15 12:28:00.993,0.84495,0.84512,1.00,1.00
2014.09.15 12:28:01.497,0.84494,0.84512,1.20,1.12
2014.09.15 12:28:02.283,0.84495,0.84512,1.00,1.12
2014.09.15 12:28:02.957,0.8449,0.84512,4.20,1.12
2014.09.15 12:28:05.016,0.8449,0.84512,3.82,1.00
2014.09.15 12:28:08.824,0.8449,0.84512,3.45,1.00
2014.09.15 12:28:09.791,0.8449,0.8451,3.45,1.00
2014.09.15 12:28:10.043,0.84488,0.8451,1.27,1.37
2014.09.15 12:28:10.144,0.84485,0.84505,1.52,1.00
2014.09.15 12:28:10.647,0.84482,0.84505,3.82,1.00
2014.09.15 12:28:11.150,0.84484,0.84504,2.70,1.00
2014.09.15 12:28:14.173,0.84484,0.84504,3.07,1.00
2014.09.15 12:28:14.751,0.84484,0.84505,3.07,1.00
2014.09.15 12:28:15.357,0.84486,0.84505,3.07,1.00
2014.09.15 12:28:15.659,0.84488,0.84509,2.70,1.00
2014.09.15 12:28:15.861,0.8449,0.84509,2.70,1.00
2014.09.15 12:28:16.163,0.84487,0.84509,5.62,1.00
2014.09.15 12:28:18.323,0.84487,0.84509,6.00,1.00
2014.09.15 12:28:20.083,0.84487,0.84509,5.62,1.12
2014.09.15 12:28:20.792,0.84487,0.84508,4.87,1.00
2014.09.15 12:28:21.528,0.84487,0.84508,5.25,1.00
2014.09.15 12:28:22.044,0.84489,0.84508,5.25,1.00
2014.09.15 12:28:22.145,0.84489,0.84512,5.25,1.12
2014.09.15 12:28:22.246,0.84489,0.84512,5.25,1.00
2014.09.15 12:28:22.347,0.84491,0.84516,3.45,1.55
2014.09.15 12:28:22.755,0.84493,0.84516,3.45,1.45
2014.09.15 12:28:23.266,0.84494,0.84516,2.32,1.00
2014.09.15 12:28:23.897,0.84494,0.84516,2.70,1.37
2014.09.15 12:28:24.405,0.84494,0.84516,2.70,1.12
2014.09.15 12:28:24.940,0.84493,0.84516,1.52,1.10
2014.09.15 12:28:27.312,0.84495,0.84516,1.55,1.47
2014.09.15 12:28:28.314,0.84495,0.84516,1.55,1.47
2014.09.15 12:28:29.922,0.84495,0.84512,1.55,1.00
2014.09.15 12:28:30.911,0.84495,0.84513,1.52,1.00
2014.09.15 12:28:32.566,0.84495,0.84513,1.52,1.00
2014.09.15 12:28:32.873,0.84495,0.84514,1.10,1.12
2014.09.15 12:28:33.388,0.84491,0.84513,3.82,1.00
2014.09.15 12:28:33.795,0.84495,0.84516,1.52,1.12
2014.09.15 12:28:34.311,0.84495,0.84516,5.62,1.12
2014.09.15 12:28:34.815,0.84495,0.84516,6.00,1.00
2014.09.15 12:28:35.765,0.84495,0.84516,5.62,1.00
2014.09.15 12:28:36.469,0.84495,0.84516,6.00,1.00
2014.09.15 12:28:36.772,0.84497,0.84519,2.70,1.00
2014.09.15 12:28:36.924,0.845,0.84519,2.25,1.00
2014.09.15 12:28:36.974,0.845,0.84521,2.25,1.00
2014.09.15 12:28:37.025,0.84499,0.84521,1.17,1.00
2014.09.15 12:28:37.481,0.84499,0.84521,1.17,1.17
2014.09.15 12:28:37.733,0.84496,0.84517,2.70,1.00
2014.09.15 12:28:37.884,0.84494,0.84517,1.52,1.07
2014.09.15 12:28:38.085,0.84496,0.84518,1.52,1.00
2014.09.15 12:28:38.987,0.84496,0.84518,1.65,1.00
2014.09.15 12:28:41.943,0.84496,0.84518,1.52,1.00
2014.09.15 12:28:42.897,0.84496,0.84518,1.65,1.00
2014.09.15 12:28:43.432,0.84496,0.84519,1.90,1.00
2014.09.15 12:28:43.583,0.84499,0.84521,1.52,1.00
2014.09.15 12:28:43.634,0.845,0.84521,1.52,1.00
2014.09.15 12:28:43.735,0.845,0.84521,1.15,1.00
2014.09.15 12:28:44.292,0.845,0.84522,1.65,1.00
2014.09.15 12:28:44.622,0.84505,0.84522,1.00,1.00
2014.09.15 12:28:45.059,0.845,0.84522,1.65,1.00
2014.09.15 12:28:45.613,0.84505,0.84522,1.00,1.00
2014.09.15 12:28:45.764,0.84505,0.84524,1.00,1.10
2014.09.15 12:28:45.815,0.84505,0.84524,1.45,1.00
2014.09.15 12:28:45.916,0.84508,0.84531,1.47,1.52
2014.09.15 12:28:46.152,0.84509,0.84531,1.37,1.52
2014.09.15 12:28:52.468,0.84509,0.84533,1.37,1.52
2014.09.15 12:28:52.841,0.84509,0.84533,1.37,1.52
2014.09.15 12:28:53.912,0.84508,0.84531,1.52,1.20
2014.09.15 12:28:53.963,0.84508,0.84531,1.52,1.47
2014.09.15 12:28:54.242,0.84505,0.84525,1.95,1.00
2014.09.15 12:28:54.695,0.84501,0.84522,2.32,1.00
2014.09.15 12:28:54.846,0.845,0.84522,1.27,1.10
2014.09.15 12:28:56.071,0.845,0.84522,2.02,1.47
2014.09.15 12:28:56.851,0.845,0.84522,1.52,1.20
2014.09.15 12:28:57.382,0.845,0.84522,2.02,1.20
2014.09.15 12:28:58.852,0.845,0.84522,1.52,1.20
2014.09.15 12:28:59.376,0.84501,0.84522,2.70,1.12
2014.09.15 12:28:59.843,0.84502,0.84524,1.65,1.00
2014.09.15 12:29:00.095,0.84505,0.84527,1.52,1.00
2014.09.15 12:29:00.145,0.84505,0.84527,1.52,1.12
2014.09.15 12:29:00.740,0.84506,0.84528,3.45,1.00
2014.09.15 12:29:01.467,0.84506,0.84528,3.45,1.37
2014.09.15 12:29:02.186,0.84507,0.8453,1.52,1.45
2014.09.15 12:29:02.689,0.84507,0.8453,1.52,1.45
2014.09.15 12:29:03.144,0.84508,0.84533,1.55,3.45
2014.09.15 12:29:04.648,0.8451,0.84532,1.47,1.52
2014.09.15 12:29:05.192,0.8451,0.84532,1.47,1.52
2014.09.15 12:29:07.254,0.8451,0.84532,1.47,1.52
2014.09.15 12:29:07.855,0.8451,0.84532,1.47,1.52
2014.09.15 12:29:08.592,0.8451,0.84532,1.52,1.57
2014.09.15 12:29:09.164,0.8451,0.84532,1.47,1.55
2014.09.15 12:29:09.713,0.84511,0.84533,1.37,1.52
2014.09.15 12:29:10.320,0.84512,0.84534,1.47,1.52
2014.09.15 12:29:11.182,0.8451,0.84532,1.55,1.45
2014.09.15 12:29:11.705,0.8451,0.84532,1.55,1.45
2014.09.15 12:29:12.467,0.84511,0.84533,1.20,1.55
2014.09.15 12:29:12.968,0.84511,0.84533,1.45,1.55
2014.09.15 12:29:13.514,0.8451,0.84532,1.47,1.52
2014.09.15 12:29:16.223,0.8451,0.84532,1.52,1.55
2014.09.15 12:29:16.793,0.8451,0.84532,1.52,1.00
2014.09.15 12:29:17.095,0.84515,0.84538,1.52,1.47
2014.09.15 12:29:17.622,0.84516,0.84539,1.52,1.55
2014.09.15 12:29:18.404,0.84519,0.84541,1.37,1.52
2014.09.15 12:29:18.705,0.8452,0.84542,1.55,1.52
2014.09.15 12:29:19.121,0.8452,0.84542,1.52,1.12
2014.09.15 12:29:19.272,0.84522,0.84544,1.55,1.55
2014.09.15 12:29:19.624,0.84524,0.84548,1.47,2.70
2014.09.15 12:29:20.153,0.84524,0.84549,1.52,1.52
2014.09.15 12:29:20.742,0.84524,0.84549,1.52,1.65
2014.09.15 12:29:23.197,0.84526,0.84549,1.00,1.90
2014.09.15 12:29:23.396,0.84526,0.84549,1.37,1.52
2014.09.15 12:29:24.022,0.84526,0.84549,1.12,1.52
2014.09.15 12:29:24.531,0.84526,0.84549,1.37,1.52
2014.09.15 12:29:25.145,0.84526,0.84549,1.00,1.52
2014.09.15 12:29:27.476,0.84527,0.8455,1.00,1.65
2014.09.15 12:29:27.931,0.84525,0.84548,1.20,1.90
2014.09.15 12:29:28.241,0.84523,0.84546,1.10,1.90
2014.09.15 12:29:28.493,0.84524,0.84546,1.00,2.70
2014.09.15 12:29:29.107,0.84524,0.84546,1.37,2.70
2014.09.15 12:29:29.208,0.84526,0.84549,1.00,3.82
2014.09.15 12:29:29.409,0.84526,0.84547,1.00,3.07
2014.09.15 12:29:29.611,0.84523,0.84545,1.00,3.45
2014.09.15 12:29:30.201,0.84523,0.84541,1.00,2.32
2014.09.15 12:29:30.741,0.84522,0.84541,1.00,2.70
2014.09.15 12:29:31.342,0.84513,0.84541,3.07,2.70
2014.09.15 12:29:31.443,0.84512,0.84538,3.07,2.70
2014.09.15 12:29:31.755,0.84519,0.84538,1.00,2.70
2014.09.15 12:29:32.112,0.84516,0.84538,1.37,2.70
2014.09.15 12:29:32.648,0.84516,0.84538,1.00,2.70
2014.09.15 12:29:33.002,0.84516,0.84538,1.10,1.52
2014.09.15 12:29:33.052,0.84516,0.84538,1.47,1.52
2014.09.15 12:29:33.153,0.84516,0.84538,1.20,1.27
2014.09.15 12:29:33.305,0.84518,0.8454,1.00,3.45
2014.09.15 12:29:34.326,0.84518,0.8454,1.37,3.45
2014.09.15 12:29:34.829,0.84518,0.84539,1.00,2.32
2014.09.15 12:29:35.135,0.84517,0.84539,1.10,1.15
2014.09.15 12:29:36.515,0.84516,0.84538,1.00,1.15
2014.09.15 12:29:38.339,0.84516,0.84538,1.12,1.52
2014.09.15 12:29:38.450,0.84516,0.84538,1.00,1.52
2014.09.15 12:29:38.551,0.84516,0.84538,1.37,1.52
2014.09.15 12:29:38.652,0.84516,0.84538,1.00,1.15
2014.09.15 12:29:38.753,0.84516,0.84538,1.00,3.07
2014.09.15 12:29:39.662,0.84516,0.84538,1.00,6.00
2014.09.15 12:29:40.260,0.84516,0.84538,1.12,5.62
2014.09.15 12:29:40.776,0.84516,0.84538,1.37,5.62
2014.09.15 12:29:41.429,0.84516,0.84538,1.37,5.62
2014.09.15 12:29:42.120,0.84509,0.84536,3.07,2.70
2014.09.15 12:29:42.221,0.8451,0.84538,3.07,4.87
2014.09.15 12:29:42.372,0.84511,0.84538,1.90,2.70
2014.09.15 12:29:42.951,0.84511,0.84537,1.92,2.70
2014.09.15 12:29:43.279,0.84511,0.84537,1.55,2.70
2014.09.15 12:29:43.380,0.84508,0.84537,3.07,2.70
2014.09.15 12:29:44.378,0.84508,0.84537,4.57,2.70
2014.09.15 12:29:44.479,0.84508,0.84537,4.57,2.70
2014.09.15 12:29:44.975,0.84511,0.84539,3.07,2.70
2014.09.15 12:29:46.110,0.84511,0.84539,2.70,2.70
2014.09.15 12:29:46.611,0.84511,0.84539,3.07,2.70
2014.09.15 12:29:46.662,0.84513,0.84541,2.70,2.70
2014.09.15 12:29:46.763,0.84511,0.84539,3.07,2.70
2014.09.15 12:29:46.914,0.84509,0.84537,2.32,2.32
2014.09.15 12:29:47.166,0.84508,0.84535,2.70,2.32
2014.09.15 12:29:47.584,0.84509,0.84537,2.32,2.32
2014.09.15 12:29:48.235,0.84509,0.84536,2.32,2.32
2014.09.15 12:29:48.820,0.84508,0.84535,3.07,2.32
2014.09.15 12:29:49.177,0.8451,0.84538,2.70,2.70
2014.09.15 12:29:51.345,0.8451,0.84537,2.32,2.32
2014.09.15 12:29:51.847,0.84509,0.84536,2.32,2.32
2014.09.15 12:29:53.090,0.84512,0.8454,2.32,2.32
2014.09.15 12:29:53.701,0.84513,0.84542,2.32,2.32
2014.09.15 12:29:53.752,0.84515,0.84542,2.32,2.32
2014.09.15 12:29:53.803,0.84516,0.84545,2.32,2.32
2014.09.15 12:29:53.853,0.84518,0.84545,2.32,2.32
2014.09.15 12:29:53.904,0.84519,0.84548,2.32,2.32
2014.09.15 12:29:54.058,0.84519,0.84546,2.32,2.32
2014.09.15 12:29:54.210,0.84516,0.84544,2.32,2.32
2014.09.15 12:29:54.311,0.84517,0.8455,2.32,3.82
2014.09.15 12:29:54.412,0.84519,0.8455,2.32,3.82
2014.09.15 12:29:54.715,0.84519,0.84548,2.32,2.32
2014.09.15 12:29:55.054,0.84518,0.84546,2.32,2.32
2014.09.15 12:29:55.205,0.84512,0.84551,1.50,1.50
2014.09.15 12:29:55.424,0.8451,0.84554,2.10,1.00
2014.09.15 12:29:55.941,0.84511,0.84554,1.05,1.00
2014.09.15 12:29:57.863,0.84516,0.84554,1.00,1.00
2014.09.15 12:29:57.964,0.84516,0.84559,1.00,1.00
2014.09.15 12:29:58.292,0.84511,0.84559,1.00,1.00
2014.09.15 12:29:58.801,0.8451,0.84559,1.50,1.00
2014.09.15 12:29:59.476,0.84511,0.84559,1.00,1.00
2014.09.15 12:29:59.981,0.84511,0.8456,1.00,2.25
2014.09.15 12:30:00.238,0.84511,0.84564,1.00,1.00
2014.09.15 12:30:00.289,0.84515,0.84565,1.00,1.00
2014.09.15 12:30:00.541,0.84523,0.8459,1.00,1.50
2014.09.15 12:30:00.591,0.84519,0.84586,1.00,1.00
2014.09.15 12:30:00.642,0.84515,0.84586,1.00,1.00
2014.09.15 12:30:00.847,0.84513,0.84586,1.00,1.00
2014.09.15 12:30:00.948,0.84512,0.84576,1.50,1.00
2014.09.15 12:30:01.250,0.84522,0.84576,1.00,1.00
2014.09.15 12:30:01.552,0.84522,0.84562,1.00,1.00
2014.09.15 12:30:01.605,0.84517,0.8456,1.00,1.00
2014.09.15 12:30:01.655,0.84517,0.8456,1.50,1.37
2014.09.15 12:30:02.748,0.84517,0.84559,1.37,1.00
2014.09.15 12:30:02.849,0.84517,0.84559,1.37,1.37
2014.09.15 12:30:03.374,0.8452,0.84559,1.00,1.37
2014.09.15 12:30:03.893,0.84518,0.84558,1.87,1.87
2014.09.15 12:30:04.396,0.84518,0.84558,1.12,1.87
2014.09.15 12:30:04.699,0.84517,0.84555,1.37,1.12
2014.09.15 12:30:05.051,0.84517,0.84557,1.37,1.00
2014.09.15 12:30:05.202,0.84515,0.84555,2.25,1.00
2014.09.15 12:30:05.705,0.84522,0.84558,1.00,1.87
2014.09.15 12:30:06.016,0.84518,0.84554,1.00,1.37
2014.09.15 12:30:06.192,0.84509,0.84552,2.25,1.12
2014.09.15 12:30:06.394,0.84508,0.84549,1.75,1.00
2014.09.15 12:30:06.747,0.84508,0.84548,1.50,1.37
2014.09.15 12:30:07.068,0.84516,0.84545,1.00,1.00
2014.09.15 12:30:07.203,0.84507,0.84547,1.87,1.87
2014.09.15 12:30:08.275,0.84508,0.84546,2.25,1.00
2014.09.15 12:30:08.526,0.84513,0.84549,2.25,1.00
2014.09.15 12:30:08.577,0.84513,0.84549,2.25,1.00
2014.09.15 12:30:09.081,0.84515,0.8455,1.75,1.00
2014.09.15 12:30:10.156,0.84514,0.84551,1.37,1.12
2014.09.15 12:30:10.358,0.84517,0.84545,2.70,2.32
2014.09.15 12:30:11.544,0.84515,0.84543,2.70,2.32
2014.09.15 12:30:12.069,0.84514,0.84542,2.32,2.32
2014.09.15 12:30:12.371,0.84518,0.84545,2.70,2.32
2014.09.15 12:30:12.472,0.84519,0.84547,2.70,2.32
2014.09.15 12:30:12.573,0.84521,0.84548,2.32,2.32
2014.09.15 12:30:12.674,0.84519,0.84547,2.70,2.32
2014.09.15 12:30:13.455,0.84518,0.84545,2.70,2.32
2014.09.15 12:30:14.854,0.84519,0.84545,2.70,2.25
2014.09.15 12:30:14.905,0.84521,0.84548,2.32,2.32
2014.09.15 12:30:15.091,0.84519,0.84547,2.70,2.32
2014.09.15 12:30:16.167,0.84519,0.84547,3.07,2.70
2014.09.15 12:30:16.623,0.84519,0.84547,2.70,2.32
2014.09.15 12:30:16.875,0.84518,0.84545,2.70,2.32
2014.09.15 12:30:17.314,0.84515,0.84543,3.07,2.32
2014.09.15 12:30:17.372,0.84515,0.84543,2.70,2.32
2014.09.15 12:30:17.702,0.84517,0.84545,2.32,2.32
2014.09.15 12:30:18.256,0.84517,0.84543,2.32,2.32
2014.09.15 12:30:18.307,0.84514,0.84542,2.70,2.32
2014.09.15 12:30:18.408,0.84512,0.84539,2.02,2.32
2014.09.15 12:30:18.810,0.84513,0.84541,2.70,2.32
2014.09.15 12:30:19.900,0.84515,0.84541,2.32,2.32
2014.09.15 12:30:19.950,0.84516,0.84544,2.32,2.32
2014.09.15 12:30:20.152,0.84519,0.84546,2.32,2.32
2014.09.15 12:30:20.509,0.84519,0.84549,4.50,4.50
2014.09.15 12:30:20.907,0.84522,0.84549,2.32,2.32
2014.09.15 12:30:21.008,0.8452,0.84548,2.32,2.32
2014.09.15 12:30:21.109,0.84518,0.84545,2.32,2.32
2014.09.15 12:30:21.210,0.84515,0.84544,4.50,4.50
2014.09.15 12:30:21.864,0.84515,0.84543,2.32,2.32
2014.09.15 12:30:21.914,0.84513,0.84541,2.70,2.32
2014.09.15 12:30:22.268,0.84513,0.84537,2.25,2.32
2014.09.15 12:30:22.319,0.84508,0.84536,4.57,2.32
2014.09.15 12:30:22.420,0.84513,0.84537,2.25,2.25
2014.09.15 12:30:22.470,0.84513,0.84542,4.50,4.50
2014.09.15 12:30:23.013,0.84513,0.84541,2.70,2.70
2014.09.15 12:30:23.114,0.84511,0.84541,2.70,2.70
2014.09.15 12:30:23.315,0.84515,0.84542,2.25,4.87
2014.09.15 12:30:23.645,0.84513,0.84541,2.70,2.70
2014.09.15 12:30:24.149,0.84507,0.84535,1.65,2.32
2014.09.15 12:30:24.452,0.84509,0.84536,2.70,2.32
2014.09.15 12:30:24.653,0.8451,0.84538,3.07,2.32
2014.09.15 12:30:24.854,0.84512,0.8454,2.32,2.70
2014.09.15 12:30:25.156,0.84511,0.84538,2.32,2.32
2014.09.15 12:30:26.442,0.84506,0.84532,1.17,2.32
2014.09.15 12:30:26.543,0.84506,0.84535,1.15,4.50
2014.09.15 12:30:26.644,0.84508,0.84535,2.32,2.32
2014.09.15 12:30:27.436,0.84505,0.84533,2.32,2.32
2014.09.15 12:30:27.537,0.84503,0.84529,1.65,2.32
2014.09.15 12:30:27.638,0.84501,0.84527,1.65,4.87
2014.09.15 12:30:27.739,0.84501,0.84528,1.65,4.87
2014.09.15 12:30:28.062,0.84498,0.84525,2.70,2.32
2014.09.15 12:30:28.264,0.845,0.84528,2.32,2.32
2014.09.15 12:30:29.683,0.84498,0.84525,2.32,2.32
2014.09.15 12:30:29.885,0.84498,0.84528,4.50,4.87
2014.09.15 12:30:29.986,0.84502,0.8453,2.32,2.32
2014.09.15 12:30:30.087,0.84503,0.84531,4.50,1.65
2014.09.15 12:30:30.389,0.84501,0.84528,2.70,2.32
2014.09.15 12:30:30.491,0.84498,0.84528,4.87,4.50
2014.09.15 12:30:30.591,0.84501,0.84528,2.70,2.32
2014.09.15 12:30:30.894,0.84502,0.8453,2.32,2.70
2014.09.15 12:30:31.196,0.84504,0.84526,1.10,1.15
2014.09.15 12:30:31.650,0.84503,0.84525,1.17,1.10
2014.09.15 12:30:31.750,0.84509,0.84531,1.10,3.07
2014.09.15 12:30:31.801,0.84509,0.84531,1.10,1.15
2014.09.15 12:30:32.746,0.84506,0.84531,1.52,1.52
2014.09.15 12:30:33.282,0.84509,0.84531,1.10,1.15
2014.09.15 12:30:34.744,0.84507,0.84531,1.17,3.45
2014.09.15 12:30:35.434,0.84507,0.8453,1.10,2.70
2014.09.15 12:30:35.847,0.84505,0.84528,1.27,3.45
2014.09.15 12:30:36.149,0.84507,0.84528,1.37,2.70
2014.09.15 12:30:36.200,0.84507,0.8453,1.00,3.45
2014.09.15 12:30:36.452,0.84506,0.84529,1.07,1.17
2014.09.15 12:30:36.966,0.84508,0.84532,1.17,1.15
2014.09.15 12:30:37.275,0.84508,0.84532,1.15,1.17
2014.09.15 12:30:37.326,0.84508,0.84532,1.15,1.15
2014.09.15 12:30:37.829,0.8451,0.84533,1.00,1.15
2014.09.15 12:30:38.212,0.84508,0.84532,1.17,2.32
2014.09.15 12:30:40.376,0.84507,0.8453,1.15,1.90
2014.09.15 12:30:40.477,0.84507,0.84529,1.00,2.70
2014.09.15 12:30:40.527,0.84507,0.84527,1.00,2.70
2014.09.15 12:30:40.679,0.84506,0.84529,1.00,2.32
2014.09.15 12:30:40.780,0.84506,0.8453,1.20,1.15
2014.09.15 12:30:40.881,0.84509,0.84531,1.00,2.32
2014.09.15 12:30:41.093,0.84508,0.84531,1.07,1.15
2014.09.15 12:30:41.395,0.8451,0.84533,1.07,1.15
2014.09.15 12:30:41.901,0.84512,0.84534,1.00,2.32
2014.09.15 12:30:43.814,0.8451,0.84533,1.20,1.52
2014.09.15 12:30:43.915,0.8451,0.84533,1.45,1.52
2014.09.15 12:30:44.281,0.8451,0.84533,1.27,1.52
2014.09.15 12:30:44.332,0.8451,0.84533,1.15,1.15
2014.09.15 12:30:46.200,0.8451,0.84533,1.15,1.52
2014.09.15 12:30:47.447,0.8451,0.84533,1.07,3.45
2014.09.15 12:30:47.961,0.8451,0.84533,1.00,3.45
2014.09.15 12:30:48.607,0.84508,0.84532,1.55,1.52
2014.09.15 12:30:48.924,0.84508,0.84531,1.47,2.70
2014.09.15 12:30:49.025,0.8451,0.84533,1.00,1.27
2014.09.15 12:30:49.342,0.8451,0.84533,1.15,1.27
2014.09.15 12:30:50.238,0.8451,0.84533,1.10,1.27
2014.09.15 12:30:50.625,0.8451,0.84533,1.47,1.52
2014.09.15 12:30:50.933,0.8451,0.84533,1.20,1.65
2014.09.15 12:30:51.421,0.84506,0.84529,1.12,2.70
2014.09.15 12:30:51.522,0.84506,0.84527,1.00,2.70
2014.09.15 12:30:51.573,0.84501,0.84525,1.52,1.52
2014.09.15 12:30:51.976,0.84499,0.84525,3.45,1.52
2014.09.15 12:30:52.493,0.84498,0.84521,1.65,1.20
2014.09.15 12:30:52.745,0.84499,0.84524,1.52,1.55
2014.09.15 12:30:53.936,0.84499,0.84524,1.52,1.55
2014.09.15 12:30:54.480,0.845,0.84524,1.57,1.52
2014.09.15 12:30:54.539,0.845,0.84524,1.20,1.15
2014.09.15 12:30:54.998,0.84502,0.84525,1.00,4.50
2014.09.15 12:30:55.300,0.84508,0.84531,1.00,3.07
2014.09.15 12:30:56.342,0.84508,0.84531,1.15,1.15
2014.09.15 12:30:56.748,0.84508,0.84531,1.15,1.52
2014.09.15 12:30:56.856,0.84509,0.84532,1.20,1.52
2014.09.15 12:30:56.957,0.84509,0.84532,1.15,1.55
2014.09.15 12:30:58.191,0.8451,0.84534,1.27,1.52
2014.09.15 12:30:59.082,0.84511,0.84535,1.17,3.07
2014.09.15 12:30:59.132,0.84511,0.84535,1.15,1.20
2014.09.15 12:30:59.183,0.84511,0.84535,1.65,1.57
2014.09.15 12:30:59.485,0.84514,0.84535,1.00,2.70
2014.09.15 12:30:59.888,0.84513,0.84537,1.47,1.52
2014.09.15 12:31:00.412,0.84514,0.84538,1.37,3.82
2014.09.15 12:31:01.202,0.84513,0.84536,1.47,1.52
2014.09.15 12:31:01.690,0.84513,0.84536,1.47,1.15
2014.09.15 12:31:01.791,0.84513,0.84536,1.47,1.52
2014.09.15 12:31:02.785,0.84513,0.84536,1.47,1.52
2014.09.15 12:31:03.305,0.84513,0.84536,1.47,1.52
2014.09.15 12:31:04.331,0.84513,0.84536,1.47,1.52
2014.09.15 12:31:05.721,0.84515,0.84536,1.37,1.27
2014.09.15 12:31:05.793,0.84515,0.84536,1.37,1.15
2014.09.15 12:31:06.295,0.84513,0.84536,1.47,1.27
2014.09.15 12:31:06.540,0.84513,0.84536,1.47,1.52
2014.09.15 12:31:06.711,0.84513,0.84536,1.10,1.15
2014.09.15 12:31:06.972,0.84513,0.84536,1.17,1.07
2014.09.15 12:31:07.503,0.84513,0.84536,1.55,1.45
2014.09.15 12:31:07.806,0.84512,0.84535,1.55,1.15
2014.09.15 12:31:08.283,0.8451,0.84531,1.00,1.20
2014.09.15 12:31:08.384,0.84508,0.84531,1.10,1.15
2014.09.15 12:31:09.570,0.84506,0.8453,1.52,1.52
2014.09.15 12:31:10.163,0.8451,0.8453,1.12,1.52
2014.09.15 12:31:10.481,0.84515,0.84533,1.00,1.52
2014.09.15 12:31:10.783,0.84519,0.84533,1.00,1.00
2014.09.15 12:31:10.884,0.8452,0.84541,1.00,1.15
2014.09.15 12:31:10.985,0.8452,0.84541,1.10,1.17
2014.09.15 12:31:11.035,0.84522,0.84544,1.00,2.32
2014.09.15 12:31:11.237,0.8452,0.84543,1.50,3.07
2014.09.15 12:31:11.899,0.8452,0.84541,1.50,4.50
2014.09.15 12:31:12.380,0.8452,0.84542,1.87,2.70
2014.09.15 12:31:13.066,0.8452,0.84543,1.95,1.55
2014.09.15 12:31:13.569,0.8452,0.84541,1.52,1.00
2014.09.15 12:31:13.771,0.84521,0.84545,1.55,1.27
2014.09.15 12:31:14.174,0.84522,0.84546,1.52,1.15
2014.09.15 12:31:14.376,0.84524,0.84548,1.10,3.07
2014.09.15 12:31:14.678,0.84525,0.84546,1.00,2.32
2014.09.15 12:31:14.879,0.84523,0.84546,1.00,2.32
2014.09.15 12:31:15.304,0.84521,0.84543,1.00,2.32
2014.09.15 12:31:16.173,0.84525,0.84545,1.00,2.70
2014.09.15 12:31:16.701,0.84524,0.84546,1.00,2.70
2014.09.15 12:31:17.065,0.84524,0.84544,1.00,2.32
2014.09.15 12:31:17.600,0.84525,0.84544,1.00,2.70
2014.09.15 12:31:17.701,0.8452,0.84542,1.50,3.07
2014.09.15 12:31:17.802,0.8452,0.84542,1.50,3.07
2014.09.15 12:31:17.953,0.84517,0.84539,1.00,2.32
2014.09.15 12:31:18.205,0.84515,0.84536,1.00,2.32
2014.09.15 12:31:18.490,0.84512,0.84536,1.10,2.70
2014.09.15 12:31:18.692,0.84512,0.84532,1.00,2.32
2014.09.15 12:31:18.893,0.8451,0.84531,1.00,1.15
2014.09.15 12:31:18.994,0.8451,0.84531,1.17,1.10
2014.09.15 12:31:19.262,0.84513,0.84534,1.00,4.50
2014.09.15 12:31:22.320,0.84513,0.84535,1.00,2.70
2014.09.15 12:31:22.842,0.84512,0.84535,1.20,2.70
2014.09.15 12:31:23.147,0.84515,0.84535,1.37,2.70
2014.09.15 12:31:23.197,0.84515,0.84538,1.10,2.70
2014.09.15 12:31:23.298,0.84515,0.84539,1.52,1.52
2014.09.15 12:31:23.609,0.8452,0.84541,1.17,1.57
2014.09.15 12:31:23.911,0.84517,0.8454,3.07,1.37
2014.09.15 12:31:24.013,0.84517,0.8454,1.10,1.52
2014.09.15 12:31:24.113,0.84514,0.84538,1.17,3.07
2014.09.15 12:31:24.431,0.84515,0.84537,1.17,1.17
2014.09.15 12:31:24.482,0.84515,0.84537,1.07,1.15
2014.09.15 12:31:24.784,0.84514,0.84536,1.00,5.25
2014.09.15 12:31:25.332,0.84515,0.84536,1.00,4.50
2014.09.15 12:31:25.634,0.84518,0.84539,1.00,2.32
2014.09.15 12:31:25.897,0.84515,0.84537,1.00,3.45
2014.09.15 12:31:26.437,0.84515,0.84536,1.00,4.87
2014.09.15 12:31:26.696,0.84515,0.84536,1.87,4.87
2014.09.15 12:31:26.798,0.84515,0.84538,1.95,2.70
2014.09.15 12:31:26.875,0.84515,0.84539,1.95,1.52
2014.09.15 12:31:27.029,0.84517,0.8454,1.00,3.82
2014.09.15 12:31:28.027,0.84517,0.8454,1.00,3.45
2014.09.15 12:31:28.077,0.8452,0.8454,1.00,3.45
2014.09.15 12:31:28.520,0.84517,0.8454,1.00,3.82
2014.09.15 12:31:29.056,0.84515,0.84538,1.47,3.45
2014.09.15 12:31:29.207,0.84515,0.84538,1.47,3.45
2014.09.15 12:31:29.308,0.84515,0.84539,1.95,2.32
2014.09.15 12:31:29.409,0.8452,0.84541,1.00,3.07
2014.09.15 12:31:29.930,0.8452,0.8454,1.00,1.15
2014.09.15 12:31:30.130,0.84517,0.8454,1.17,1.15
2014.09.15 12:31:30.330,0.84517,0.8454,1.17,1.15
2014.09.15 12:31:31.127,0.8452,0.8454,1.20,1.55
2014.09.15 12:31:32.151,0.8452,0.8454,1.37,1.55
2014.09.15 12:31:32.675,0.84517,0.8454,1.47,1.52
2014.09.15 12:31:33.594,0.84515,0.84539,1.55,1.52
2014.09.15 12:31:33.819,0.84515,0.84539,2.02,1.65
2014.09.15 12:31:33.920,0.84515,0.84539,2.02,1.27
2014.09.15 12:31:34.520,0.84515,0.84539,2.02,1.52
2014.09.15 12:31:35.142,0.84515,0.84539,2.02,1.90
2014.09.15 12:31:35.645,0.84515,0.84533,1.00,1.27
2014.09.15 12:31:36.191,0.84515,0.84533,1.00,1.55
2014.09.15 12:31:36.468,0.84515,0.84535,1.12,1.55
2014.09.15 12:31:36.871,0.8452,0.84538,1.00,1.65
2014.09.15 12:31:37.526,0.84519,0.8454,1.10,1.82
2014.09.15 12:31:37.649,0.84519,0.8454,1.10,1.57
2014.09.15 12:31:37.760,0.8452,0.8454,1.00,1.45
2014.09.15 12:31:38.309,0.84519,0.84541,1.10,1.17
2014.09.15 12:31:38.820,0.8452,0.84542,1.00,1.52
2014.09.15 12:31:39.460,0.8452,0.8454,1.37,1.20
2014.09.15 12:31:39.989,0.84519,0.84541,1.52,1.55
2014.09.15 12:31:40.195,0.84521,0.84546,1.27,4.57
2014.09.15 12:31:40.296,0.84521,0.84546,1.15,1.15
2014.09.15 12:31:40.599,0.84525,0.84546,1.00,6.00
2014.09.15 12:31:41.123,0.84525,0.84546,1.00,5.62
2014.09.15 12:31:41.593,0.84522,0.84543,1.00,2.70
2014.09.15 12:31:43.961,0.84522,0.84543,1.37,2.70
2014.09.15 12:31:44.479,0.84524,0.84543,1.00,2.70
2014.09.15 12:31:44.650,0.84522,0.84543,1.12,2.70
2014.09.15 12:31:45.299,0.8452,0.84543,1.95,3.45
2014.09.15 12:31:45.783,0.8452,0.84543,1.95,3.45
2014.09.15 12:31:45.884,0.84521,0.84544,1.47,1.52
2014.09.15 12:31:46.295,0.84521,0.84544,1.52,1.47
2014.09.15 12:31:46.345,0.84529,0.84545,1.00,1.55
2014.09.15 12:31:46.396,0.84529,0.84545,1.00,1.20
2014.09.15 12:31:46.899,0.84526,0.84548,3.07,1.37
2014.09.15 12:31:47.060,0.84526,0.84548,1.15,1.47
2014.09.15 12:31:47.561,0.84526,0.84548,1.15,1.47
2014.09.15 12:31:48.109,0.84526,0.84548,1.52,1.10
2014.09.15 12:31:48.420,0.84526,0.84548,1.55,1.15
2014.09.15 12:31:49.175,0.84526,0.84548,1.17,1.52
2014.09.15 12:31:49.276,0.84523,0.84548,1.17,3.45
2014.09.15 12:31:49.377,0.84523,0.84547,1.10,2.32
2014.09.15 12:31:49.478,0.84521,0.84544,1.10,2.32
2014.09.15 12:31:50.472,0.8452,0.84541,1.55,1.17
2014.09.15 12:31:50.774,0.8452,0.84541,1.37,1.17
2014.09.15 12:31:50.925,0.8452,0.84541,1.52,1.00
2014.09.15 12:31:51.176,0.8452,0.84541,1.20,1.20
2014.09.15 12:31:52.619,0.8452,0.84541,1.57,1.20
2014.09.15 12:31:52.721,0.8452,0.84541,1.57,1.57
2014.09.15 12:31:52.778,0.8452,0.84541,1.20,1.57
2014.09.15 12:31:53.331,0.84519,0.84541,1.12,1.52
2014.09.15 12:31:59.429,0.84518,0.84541,1.20,1.52
2014.09.15 12:31:59.932,0.84517,0.84539,1.45,1.27
2014.09.15 12:32:00.033,0.84518,0.84541,1.55,1.52
2014.09.15 12:32:00.436,0.84519,0.84541,1.15,1.00
2014.09.15 12:32:00.538,0.84522,0.84544,1.10,1.10
2014.09.15 12:32:00.639,0.84522,0.84544,1.00,3.07
2014.09.15 12:32:00.991,0.8452,0.84544,1.10,3.07
2014.09.15 12:32:01.042,0.8452,0.84542,1.00,2.32
2014.09.15 12:32:02.301,0.8452,0.84542,1.37,3.45
2014.09.15 12:32:02.452,0.84522,0.84544,1.20,1.52
2014.09.15 12:32:02.620,0.84524,0.84545,1.12,2.70
2014.09.15 12:32:02.721,0.84524,0.84545,1.00,1.15
2014.09.15 12:32:02.822,0.84527,0.84545,1.00,1.15
2014.09.15 12:32:03.124,0.8453,0.84549,1.00,1.10
2014.09.15 12:32:03.225,0.84526,0.8455,1.10,3.07
2014.09.15 12:32:03.427,0.8453,0.8455,1.00,3.07
2014.09.15 12:32:03.528,0.8453,0.8455,1.00,1.17
2014.09.15 12:32:03.729,0.8453,0.84553,1.65,1.52
2014.09.15 12:32:04.223,0.84529,0.84552,1.15,1.52
2014.09.15 12:32:04.425,0.84525,0.84547,2.02,1.12
2014.09.15 12:32:04.476,0.84525,0.84547,2.02,1.37
2014.09.15 12:32:04.627,0.84525,0.84547,1.47,1.52
2014.09.15 12:32:05.161,0.84525,0.84547,1.10,1.52
2014.09.15 12:32:05.431,0.84525,0.84546,1.00,2.70
2014.09.15 12:32:05.954,0.84524,0.84546,1.00,3.82
2014.09.15 12:32:07.070,0.84524,0.84545,1.00,1.65
2014.09.15 12:32:07.469,0.84523,0.84543,1.00,3.07
2014.09.15 12:32:07.772,0.84517,0.8454,1.12,4.20
2014.09.15 12:32:07.822,0.84519,0.8454,1.00,3.45
2014.09.15 12:32:07.923,0.84517,0.8454,1.00,3.07
2014.09.15 12:32:08.024,0.84519,0.84541,1.00,2.32
2014.09.15 12:32:08.226,0.8452,0.84543,1.57,1.52
2014.09.15 12:32:08.669,0.84522,0.84544,1.00,3.45
2014.09.15 12:32:09.182,0.84522,0.84544,1.00,3.82
2014.09.15 12:32:09.333,0.8452,0.84542,1.10,1.52
2014.09.15 12:32:09.836,0.84519,0.84541,1.17,1.55
2014.09.15 12:32:10.429,0.84519,0.84541,1.00,1.52
2014.09.15 12:32:11.978,0.84519,0.84541,1.27,1.52
2014.09.15 12:32:12.515,0.84519,0.84541,1.12,1.52
2014.09.15 12:32:13.158,0.84518,0.8454,1.10,1.17
2014.09.15 12:32:13.552,0.84519,0.84541,1.07,1.15
2014.09.15 12:32:13.854,0.84522,0.84543,1.00,2.32
2014.09.15 12:32:15.453,0.84522,0.84544,1.12,3.45
2014.09.15 12:32:15.755,0.84525,0.84544,1.00,5.62
2014.09.15 12:32:15.856,0.84522,0.84544,1.37,5.62
2014.09.15 12:32:17.784,0.84522,0.84544,1.12,5.62
2014.09.15 12:32:19.029,0.84524,0.84544,1.00,4.87
2014.09.15 12:32:19.642,0.84525,0.84545,1.00,3.82
2014.09.15 12:32:21.631,0.84525,0.84545,1.00,2.70
2014.09.15 12:32:22.319,0.84525,0.84545,1.00,3.82
2014.09.15 12:32:22.842,0.84524,0.84545,1.00,3.45
2014.09.15 12:32:23.604,0.84524,0.84545,1.00,3.82
2014.09.15 12:32:23.909,0.84524,0.84545,1.00,3.82
2014.09.15 12:32:23.960,0.84522,0.84544,1.00,3.82
2014.09.15 12:32:24.471,0.84521,0.84543,1.00,1.65
2014.09.15 12:32:25.022,0.84521,0.84543,1.00,1.52
2014.09.15 12:32:25.830,0.84521,0.84543,1.12,1.52
2014.09.15 12:32:26.418,0.84521,0.84543,1.47,1.55
2014.09.15 12:32:26.917,0.84521,0.84543,1.27,1.55
2014.09.15 12:32:27.497,0.84521,0.84543,1.17,1.55
2014.09.15 12:32:28.007,0.84521,0.84543,1.17,1.55
2014.09.15 12:32:28.879,0.84521,0.84543,1.10,1.52
2014.09.15 12:32:29.383,0.84517,0.8454,1.07,1.17
2014.09.15 12:32:29.484,0.8452,0.8454,1.00,1.17
2014.09.15 12:32:30.009,0.84517,0.8454,1.15,1.07
2014.09.15 12:32:30.111,0.84518,0.84541,1.10,1.15
2014.09.15 12:32:31.350,0.84517,0.8454,1.55,1.52
2014.09.15 12:32:31.891,0.8452,0.8454,1.00,1.52
2014.09.15 12:32:32.108,0.8452,0.84542,1.10,1.15
2014.09.15 12:32:32.510,0.8452,0.84541,1.15,1.00
2014.09.15 12:32:32.812,0.84529,0.8455,1.50,2.70
2014.09.15 12:32:33.114,0.84528,0.84548,1.00,2.32
2014.09.15 12:32:33.215,0.84525,0.84544,1.00,1.10
2014.09.15 12:32:33.859,0.84524,0.84544,1.10,1.10
2014.09.15 12:32:34.285,0.84525,0.84544,1.37,1.10
2014.09.15 12:32:34.655,0.8453,0.84546,1.00,1.17
2014.09.15 12:32:35.108,0.84526,0.84548,1.10,1.15
2014.09.15 12:32:36.089,0.84525,0.84547,1.55,1.52
2014.09.15 12:32:36.689,0.84525,0.84545,1.55,1.10
2014.09.15 12:32:36.891,0.84524,0.84545,1.52,1.10
2014.09.15 12:32:38.576,0.84524,0.84545,1.52,1.10
2014.09.15 12:32:39.119,0.84523,0.84545,1.52,1.10
2014.09.15 12:32:40.191,0.84523,0.84545,1.65,1.10
2014.09.15 12:32:40.729,0.84525,0.84545,1.55,1.10
2014.09.15 12:32:40.830,0.84525,0.84546,1.15,1.00
2014.09.15 12:32:40.982,0.84525,0.84546,3.07,1.00
2014.09.15 12:32:41.032,0.84528,0.8455,1.15,1.17
2014.09.15 12:32:41.711,0.84527,0.84549,1.27,1.47
2014.09.15 12:32:42.013,0.84529,0.8455,1.00,1.65
2014.09.15 12:32:42.530,0.8453,0.8455,1.00,1.52
2014.09.15 12:32:43.038,0.8453,0.8455,1.00,1.52
2014.09.15 12:32:43.541,0.8453,0.8455,1.00,1.52
2014.09.15 12:32:43.693,0.84525,0.84547,2.02,1.57
2014.09.15 12:32:44.323,0.84525,0.84545,1.00,1.15
2014.09.15 12:32:44.968,0.84524,0.84546,1.00,3.07
2014.09.15 12:32:45.629,0.84525,0.84546,1.00,3.07
2014.09.15 12:32:46.210,0.8453,0.84546,1.00,3.07
2014.09.15 12:32:46.447,0.84525,0.84546,1.37,3.45
2014.09.15 12:32:47.328,0.84525,0.84546,1.37,1.52
2014.09.15 12:32:49.059,0.84525,0.84546,1.37,1.52
2014.09.15 12:32:49.636,0.84524,0.84546,1.47,1.52
2014.09.15 12:32:50.180,0.84524,0.84546,1.47,1.52
2014.09.15 12:32:50.837,0.84524,0.84546,1.47,1.52
2014.09.15 12:32:51.440,0.84524,0.84546,1.10,1.15
2014.09.15 12:32:52.119,0.84525,0.84546,1.00,1.15
2014.09.15 12:32:53.298,0.84525,0.84546,1.07,1.07
2014.09.15 12:32:53.349,0.84525,0.84546,1.15,1.10
2014.09.15 12:32:53.848,0.84525,0.84546,5.25,1.00
2014.09.15 12:32:54.151,0.8453,0.8455,1.37,1.37
2014.09.15 12:32:55.389,0.84527,0.84551,1.52,1.57
2014.09.15 12:32:55.695,0.84527,0.84549,1.55,1.27
2014.09.15 12:32:56.653,0.84527,0.84549,1.55,1.55
2014.09.15 12:32:57.368,0.84527,0.84549,1.55,1.27
2014.09.15 12:32:58.356,0.84527,0.84549,1.55,1.55
2014.09.15 12:32:59.258,0.84527,0.84549,1.55,1.55
2014.09.15 12:33:00.600,0.84527,0.84549,1.55,1.55
2014.09.15 12:33:01.101,0.84528,0.84551,1.20,1.52
2014.09.15 12:33:01.315,0.84528,0.84551,1.47,1.52
2014.09.15 12:33:02.043,0.84528,0.84551,1.47,1.52
2014.09.15 12:33:02.608,0.84528,0.84551,1.20,1.65
2014.09.15 12:33:04.683,0.84528,0.84551,1.00,6.00
2014.09.15 12:33:05.694,0.84528,0.84551,1.00,6.00
2014.09.15 12:33:09.626,0.84527,0.84548,1.00,2.70
2014.09.15 12:33:12.187,0.84527,0.84548,1.37,2.70
2014.09.15 12:33:12.308,0.84527,0.84549,1.37,1.52
2014.09.15 12:33:14.199,0.84527,0.84549,1.37,1.52
2014.09.15 12:33:14.601,0.84527,0.84549,1.37,1.52
2014.09.15 12:33:15.131,0.8453,0.84549,1.00,1.15
2014.09.15 12:33:15.232,0.84527,0.84551,1.17,2.32
2014.09.15 12:33:16.132,0.84527,0.8455,1.00,2.32
2014.09.15 12:33:17.703,0.84527,0.8455,1.37,2.70
2014.09.15 12:33:17.904,0.8453,0.84552,1.00,1.52
2014.09.15 12:33:18.056,0.84527,0.8455,1.47,1.55
2014.09.15 12:33:18.157,0.8453,0.8455,1.00,1.27
2014.09.15 12:33:18.208,0.84525,0.84547,1.65,1.15
2014.09.15 12:33:18.308,0.84525,0.84545,1.00,1.15
2014.09.15 12:33:18.510,0.84522,0.84544,1.12,1.15
2014.09.15 12:33:18.661,0.84524,0.84544,1.00,1.15
2014.09.15 12:33:18.867,0.84521,0.84543,1.57,1.20
2014.09.15 12:33:19.019,0.84521,0.84543,1.37,3.07
2014.09.15 12:33:20.548,0.84525,0.84542,1.00,1.15
2014.09.15 12:33:20.850,0.8452,0.84542,1.52,1.17
2014.09.15 12:33:21.087,0.84525,0.84542,1.00,1.17
2014.09.15 12:33:21.418,0.84525,0.84544,1.10,1.10
2014.09.15 12:33:21.619,0.8453,0.84548,1.00,3.07
2014.09.15 12:33:21.720,0.8453,0.84548,1.00,1.15
2014.09.15 12:33:21.821,0.84526,0.84548,1.00,1.15
2014.09.15 12:33:21.933,0.84527,0.84548,1.00,2.32
2014.09.15 12:33:22.134,0.84524,0.84546,1.50,3.07
2014.09.15 12:33:22.619,0.84521,0.84543,1.55,1.17
2014.09.15 12:33:22.770,0.84521,0.84543,1.55,1.55
2014.09.15 12:33:23.230,0.8452,0.84542,1.55,1.27
2014.09.15 12:33:24.068,0.84519,0.84542,1.52,1.27
2014.09.15 12:33:25.634,0.84519,0.84541,2.40,1.17
2014.09.15 12:33:27.538,0.8452,0.84541,1.55,1.17
2014.09.15 12:33:28.940,0.8452,0.84541,1.55,1.17
2014.09.15 12:33:29.453,0.8452,0.84541,1.52,1.00
2014.09.15 12:33:31.332,0.84519,0.84541,1.55,1.20
2014.09.15 12:33:31.963,0.8452,0.84541,1.45,1.20
2014.09.15 12:33:32.477,0.8452,0.84541,1.45,1.07
2014.09.15 12:33:33.110,0.8452,0.84541,1.45,1.20
2014.09.15 12:33:33.653,0.8452,0.84541,1.45,1.07
2014.09.15 12:33:34.187,0.8452,0.84541,1.45,1.07
2014.09.15 12:33:34.590,0.84518,0.84541,1.27,1.15
2014.09.15 12:33:36.126,0.84519,0.84541,1.00,1.15
2014.09.15 12:33:37.161,0.84519,0.84541,1.37,1.52
2014.09.15 12:33:37.977,0.84519,0.84541,1.37,1.52
2014.09.15 12:33:38.537,0.84518,0.84541,1.65,1.27
2014.09.15 12:33:38.807,0.84518,0.84541,1.57,1.52
2014.09.15 12:33:41.887,0.8452,0.84541,1.37,1.27
2014.09.15 12:33:47.915,0.84518,0.84541,1.57,1.27
2014.09.15 12:33:48.116,0.84518,0.84541,1.65,1.27
2014.09.15 12:33:48.668,0.8452,0.84541,1.37,1.52
2014.09.15 12:33:49.149,0.8452,0.84541,1.27,1.20
2014.09.15 12:33:49.300,0.8452,0.84541,3.45,1.00
2014.09.15 12:33:49.502,0.84525,0.84546,1.00,1.15
2014.09.15 12:33:50.295,0.84524,0.84546,1.95,1.52
2014.09.15 12:33:50.867,0.8453,0.84548,1.00,3.45
2014.09.15 12:33:50.968,0.8453,0.84548,1.00,1.27
2014.09.15 12:33:51.270,0.84527,0.84549,1.00,1.52
2014.09.15 12:33:51.321,0.84529,0.84549,1.00,1.52
2014.09.15 12:33:51.472,0.84527,0.84549,1.00,1.15
2014.09.15 12:33:51.523,0.8453,0.84547,1.00,1.17
2014.09.15 12:33:51.675,0.84525,0.84546,1.00,2.32
2014.09.15 12:33:51.776,0.84525,0.84544,1.00,3.07
2014.09.15 12:33:52.655,0.8453,0.84544,1.00,2.32
2014.09.15 12:33:52.706,0.8453,0.84545,1.00,1.15
2014.09.15 12:33:52.857,0.84525,0.84545,1.00,1.15
2014.09.15 12:33:54.977,0.84525,0.84544,1.37,1.27
2014.09.15 12:33:55.179,0.84522,0.84544,1.47,1.52
2014.09.15 12:33:57.057,0.84522,0.84544,1.47,1.15
2014.09.15 12:33:57.108,0.84527,0.84546,1.00,2.32
2014.09.15 12:33:57.209,0.8453,0.84549,1.20,1.10
2014.09.15 12:33:57.310,0.8453,0.84549,1.00,1.15
2014.09.15 12:33:57.360,0.84528,0.8455,1.10,4.20
2014.09.15 12:33:57.461,0.84528,0.84547,1.00,2.32
2014.09.15 12:33:57.562,0.84525,0.84545,1.00,3.07
2014.09.15 12:33:57.663,0.84523,0.84544,1.00,2.32
2014.09.15 12:33:58.174,0.8452,0.84544,1.95,2.32
2014.09.15 12:33:59.969,0.8452,0.84544,1.95,2.70
2014.09.15 12:34:00.327,0.8453,0.84544,1.00,2.70
2014.09.15 12:34:00.428,0.84524,0.84544,1.37,2.32
2014.09.15 12:34:00.479,0.84524,0.84544,1.37,2.32
2014.09.15 12:34:00.529,0.84524,0.84545,1.37,1.15
2014.09.15 12:34:00.580,0.8453,0.84545,1.00,1.15
2014.09.15 12:34:00.903,0.84525,0.84546,1.37,1.15
2014.09.15 12:34:01.903,0.84525,0.84546,1.37,1.15
2014.09.15 12:34:02.108,0.8453,0.84546,1.12,1.00
2014.09.15 12:34:02.637,0.8453,0.8455,1.37,1.52
2014.09.15 12:34:02.847,0.84535,0.8455,1.00,1.52
2014.09.15 12:34:02.956,0.8453,0.8455,1.37,1.27
2014.09.15 12:34:03.505,0.8453,0.84551,1.37,1.52
2014.09.15 12:34:04.008,0.84531,0.84553,1.37,3.45
2014.09.15 12:34:04.058,0.84535,0.84551,1.00,1.20
2014.09.15 12:34:04.360,0.84535,0.84551,1.00,1.52
2014.09.15 12:34:04.936,0.84534,0.84551,1.00,1.52
2014.09.15 12:34:05.796,0.84535,0.84553,1.00,3.45
2014.09.15 12:34:05.848,0.8453,0.84553,1.87,3.45
2014.09.15 12:34:05.948,0.8453,0.84552,1.87,2.70
2014.09.15 12:34:06.487,0.8453,0.84552,1.12,5.62
2014.09.15 12:34:06.607,0.8453,0.84552,1.37,5.62
2014.09.15 12:34:07.010,0.8453,0.84551,1.00,2.32
2014.09.15 12:34:07.362,0.8453,0.84553,1.57,3.07
2014.09.15 12:34:07.463,0.8453,0.84551,1.00,3.07
2014.09.15 12:34:07.783,0.8453,0.84552,1.10,1.15
2014.09.15 12:34:07.835,0.84535,0.84552,1.00,1.15
2014.09.15 12:34:07.987,0.84535,0.84554,1.00,1.15
2014.09.15 12:34:08.483,0.8453,0.84554,1.65,1.15
2014.09.15 12:34:09.029,0.8453,0.84554,2.02,1.52
2014.09.15 12:34:09.331,0.84532,0.84554,1.45,1.55
2014.09.15 12:34:09.867,0.84532,0.84554,1.37,1.52
2014.09.15 12:34:10.399,0.84532,0.84554,1.57,1.52
2014.09.15 12:34:10.600,0.84534,0.84554,1.47,1.20
2014.09.15 12:34:11.079,0.84535,0.84558,1.45,1.52
2014.09.15 12:34:11.130,0.84539,0.84558,1.12,1.45
2014.09.15 12:34:12.460,0.84536,0.84558,1.45,1.45
2014.09.15 12:34:12.561,0.8454,0.84558,1.00,1.45
2014.09.15 12:34:14.398,0.84536,0.84558,1.45,1.45
2014.09.15 12:34:14.882,0.84537,0.84555,1.10,1.10
2014.09.15 12:34:15.185,0.84535,0.84553,1.00,1.52
2014.09.15 12:34:15.425,0.84529,0.84553,1.55,1.52
2014.09.15 12:34:15.526,0.84535,0.84553,1.00,1.52
2014.09.15 12:34:15.627,0.84531,0.84553,1.00,1.52
2014.09.15 12:34:15.728,0.84535,0.84554,1.00,2.32
2014.09.15 12:34:16.184,0.84531,0.84553,1.00,1.15
2014.09.15 12:34:16.703,0.84532,0.84554,1.00,3.45
2014.09.15 12:34:16.854,0.8453,0.84552,1.57,1.52
2014.09.15 12:34:17.006,0.8453,0.84552,1.50,3.45
2014.09.15 12:34:17.530,0.84529,0.84551,1.10,1.52
2014.09.15 12:34:18.558,0.84529,0.84551,1.10,1.65
2014.09.15 12:34:19.287,0.84529,0.84551,1.10,1.52
2014.09.15 12:34:20.560,0.84529,0.84551,1.47,1.52
2014.09.15 12:34:21.076,0.84529,0.84551,1.20,1.52
2014.09.15 12:34:22.764,0.84529,0.84551,1.10,1.52
2014.09.15 12:34:22.864,0.84529,0.84551,1.10,1.65
2014.09.15 12:34:23.480,0.84529,0.84551,1.20,1.52
2014.09.15 12:34:24.267,0.84529,0.84551,1.10,1.52
2014.09.15 12:34:24.897,0.84529,0.84551,1.10,1.52
2014.09.15 12:34:25.401,0.8453,0.84551,1.00,2.70
2014.09.15 12:34:25.502,0.84527,0.84549,1.10,1.17
2014.09.15 12:34:25.553,0.8453,0.84549,1.00,1.17
2014.09.15 12:34:25.603,0.8453,0.84549,1.00,1.20
2014.09.15 12:34:26.776,0.8453,0.8455,1.12,1.55
2014.09.15 12:34:27.282,0.8453,0.8455,1.00,1.55
2014.09.15 12:34:27.799,0.8453,0.84551,1.37,2.32
2014.09.15 12:34:27.901,0.8453,0.84553,1.55,1.52
2014.09.15 12:34:28.203,0.84532,0.84554,1.12,1.55
2014.09.15 12:34:28.983,0.84532,0.84554,1.00,1.27
2014.09.15 12:34:29.335,0.8453,0.84552,1.55,1.20
2014.09.15 12:34:29.623,0.8453,0.84552,1.95,1.20
2014.09.15 12:34:30.025,0.8453,0.84552,2.02,1.12
2014.09.15 12:34:30.808,0.8453,0.84552,2.02,1.12
2014.09.15 12:34:31.389,0.8453,0.84552,2.02,1.12
2014.09.15 12:34:31.934,0.8453,0.84552,2.02,1.37
2014.09.15 12:34:33.795,0.8453,0.84552,1.52,1.37
2014.09.15 12:34:33.896,0.8453,0.84553,1.10,2.32
2014.09.15 12:34:34.347,0.84535,0.8455,1.00,1.17
2014.09.15 12:34:35.069,0.84535,0.84553,1.00,1.52
2014.09.15 12:34:35.119,0.84535,0.84553,1.12,1.20
2014.09.15 12:34:37.245,0.84535,0.84556,1.37,2.70
2014.09.15 12:34:37.346,0.84535,0.84557,1.20,1.52
2014.09.15 12:34:37.397,0.8454,0.84557,1.00,1.55
2014.09.15 12:34:39.078,0.8454,0.84557,1.00,2.32
2014.09.15 12:34:40.947,0.84535,0.84555,1.12,2.70
2014.09.15 12:34:41.518,0.84534,0.84554,1.12,1.52
2014.09.15 12:34:42.227,0.84532,0.84554,1.37,1.52
2014.09.15 12:34:42.579,0.84531,0.84553,1.20,1.52
2014.09.15 12:34:45.956,0.8453,0.8455,1.55,1.00
2014.09.15 12:34:46.107,0.8453,0.8455,1.47,1.45
2014.09.15 12:34:46.309,0.84525,0.84548,1.15,1.45
2014.09.15 12:34:46.410,0.84525,0.84545,1.10,1.45
2014.09.15 12:34:46.612,0.8452,0.84539,1.10,1.07
2014.09.15 12:34:46.663,0.84525,0.84539,1.00,1.00
2014.09.15 12:34:46.764,0.84525,0.84544,1.00,1.15
2014.09.15 12:34:48.625,0.84525,0.84544,1.00,1.52
2014.09.15 12:34:50.879,0.84525,0.84544,1.00,1.52
2014.09.15 12:34:55.102,0.84524,0.84544,1.12,1.52
2014.09.15 12:34:56.026,0.84524,0.84544,1.12,1.52
2014.09.15 12:34:56.127,0.84529,0.84546,1.00,2.32
2014.09.15 12:34:56.227,0.84529,0.84548,1.37,1.07
2014.09.15 12:34:56.328,0.84527,0.84549,1.52,1.00
2014.09.15 12:34:56.630,0.84526,0.84549,1.17,1.07
2014.09.15 12:34:56.681,0.8453,0.84549,1.00,1.07
2014.09.15 12:34:57.117,0.8453,0.8455,1.00,1.20
2014.09.15 12:34:58.494,0.8453,0.8455,1.37,1.27
2014.09.15 12:34:59.596,0.8453,0.8455,1.37,1.57
2014.09.15 12:35:00.075,0.84535,0.84552,1.00,1.52
2014.09.15 12:35:00.277,0.84535,0.84552,1.00,1.55
2014.09.15 12:35:01.257,0.84535,0.84555,1.00,1.52
2014.09.15 12:35:01.806,0.84535,0.84555,1.12,1.52
2014.09.15 12:35:01.857,0.8454,0.84555,1.00,1.52
2014.09.15 12:35:02.071,0.84534,0.84557,1.87,2.70
2014.09.15 12:35:02.122,0.84534,0.84558,1.95,3.45
2014.09.15 12:35:02.631,0.84535,0.84558,1.55,1.52
2014.09.15 12:35:02.958,0.84545,0.84559,1.00,1.00
2014.09.15 12:35:03.109,0.84545,0.84564,1.00,1.15
2014.09.15 12:35:03.210,0.84539,0.84564,1.65,1.15
2014.09.15 12:35:03.362,0.84539,0.84558,1.17,1.00
2014.09.15 12:35:03.412,0.84539,0.84558,1.10,1.00
2014.09.15 12:35:03.929,0.84536,0.8456,1.17,1.15
2014.09.15 12:35:04.389,0.8454,0.84558,1.00,1.17
2014.09.15 12:35:04.819,0.8454,0.8456,1.10,1.10
2014.09.15 12:35:04.870,0.8454,0.8456,1.07,1.00
2014.09.15 12:35:04.977,0.8454,0.84564,1.15,1.15
2014.09.15 12:35:08.568,0.8454,0.84564,1.52,1.52
2014.09.15 12:35:09.077,0.84542,0.84564,1.17,1.15
2014.09.15 12:35:09.849,0.84542,0.84564,1.10,3.07
2014.09.15 12:35:09.950,0.8454,0.84564,1.57,3.07
2014.09.15 12:35:10.253,0.8454,0.84561,1.47,1.55
2014.09.15 12:35:10.902,0.8454,0.84561,1.47,1.55
2014.09.15 12:35:11.639,0.8454,0.84561,1.20,1.55
2014.09.15 12:35:13.873,0.8454,0.84561,1.20,1.55
2014.09.15 12:35:13.974,0.8454,0.84561,1.10,1.17
2014.09.15 12:35:15.097,0.84541,0.84563,1.00,1.15
2014.09.15 12:35:15.248,0.84541,0.84563,1.15,1.20
2014.09.15 12:35:15.349,0.84541,0.84563,3.07,1.00
2014.09.15 12:35:15.858,0.84543,0.84565,1.27,1.55
2014.09.15 12:35:16.377,0.84543,0.84565,1.15,1.92
2014.09.15 12:35:16.478,0.84541,0.84565,1.27,1.92
2014.09.15 12:35:16.579,0.84541,0.84564,1.12,3.07
2014.09.15 12:35:17.087,0.8454,0.84561,1.47,1.27
2014.09.15 12:35:17.358,0.84545,0.84561,1.00,1.55
2014.09.15 12:35:17.560,0.84539,0.84561,2.02,1.55
2014.09.15 12:35:18.187,0.8454,0.84562,1.57,1.15
2014.09.15 12:35:18.288,0.8454,0.84562,1.52,1.10
2014.09.15 12:35:18.339,0.84545,0.84562,1.00,1.10
2014.09.15 12:35:18.792,0.84545,0.84563,1.00,1.15
2014.09.15 12:35:19.158,0.84545,0.84563,1.00,1.10
2014.09.15 12:35:20.671,0.84545,0.84563,1.00,1.17
2014.09.15 12:35:21.196,0.84545,0.84564,1.12,1.20
2014.09.15 12:35:21.299,0.84545,0.84567,1.45,1.45
2014.09.15 12:35:22.679,0.84545,0.84568,2.02,1.57
2014.09.15 12:35:23.215,0.84545,0.84568,2.02,1.57
2014.09.15 12:35:23.806,0.84545,0.84568,2.02,1.57
2014.09.15 12:35:24.585,0.84545,0.84568,2.02,1.57
2014.09.15 12:35:29.159,0.84545,0.84568,2.02,1.57
2014.09.15 12:35:29.704,0.84545,0.84568,2.02,1.57
2014.09.15 12:35:30.457,0.84545,0.84568,2.02,1.57
2014.09.15 12:35:32.417,0.84545,0.84568,2.02,1.57
2014.09.15 12:35:33.626,0.8455,0.84566,1.00,1.12
2014.09.15 12:35:39.632,0.8455,0.84566,1.00,1.37
2014.09.15 12:35:40.306,0.8455,0.84566,1.00,1.00
2014.09.15 12:35:40.857,0.8455,0.84566,1.00,1.37
2014.09.15 12:35:41.395,0.8455,0.84568,1.00,1.57
2014.09.15 12:35:41.646,0.8455,0.84566,1.00,2.32
2014.09.15 12:35:41.747,0.8455,0.84569,1.00,1.15
2014.09.15 12:35:41.899,0.84546,0.84569,1.10,1.15
2014.09.15 12:35:41.949,0.84545,0.84565,1.00,1.15
2014.09.15 12:35:42.481,0.84544,0.84567,1.57,2.32
2014.09.15 12:35:43.378,0.84544,0.84565,1.47,1.15
2014.09.15 12:35:43.886,0.84544,0.84565,1.10,1.27
2014.09.15 12:35:44.692,0.84543,0.84565,1.55,1.52
2014.09.15 12:35:45.596,0.84545,0.84567,1.37,2.70
2014.09.15 12:35:45.898,0.8455,0.84567,1.00,2.70
2014.09.15 12:35:46.838,0.8455,0.84568,1.00,1.52
2014.09.15 12:35:47.341,0.84549,0.84568,1.12,1.20
2014.09.15 12:35:47.913,0.8455,0.84568,1.00,1.20
2014.09.15 12:35:48.706,0.8455,0.84568,1.00,1.47
2014.09.15 12:35:49.539,0.8455,0.84568,1.00,1.52
2014.09.15 12:35:49.809,0.84546,0.84568,1.47,1.52
2014.09.15 12:35:54.294,0.84546,0.84568,1.00,3.45
2014.09.15 12:35:54.596,0.84541,0.84564,1.37,3.07
2014.09.15 12:35:54.697,0.84541,0.84564,1.00,3.07
2014.09.15 12:35:54.848,0.84545,0.84563,1.00,1.15
2014.09.15 12:35:55.379,0.8454,0.84563,1.57,1.15
2014.09.15 12:35:55.687,0.8454,0.84563,1.95,1.27
2014.09.15 12:35:57.816,0.84541,0.84564,1.47,1.52
2014.09.15 12:35:59.790,0.84541,0.84564,1.27,1.52
2014.09.15 12:36:00.492,0.84541,0.84564,1.57,1.52
2014.09.15 12:36:01.313,0.8454,0.84562,1.47,1.52
2014.09.15 12:36:03.500,0.84539,0.84562,2.02,1.52
2014.09.15 12:36:05.421,0.84539,0.84562,2.02,1.52
2014.09.15 12:36:06.728,0.84539,0.84562,2.02,1.52
2014.09.15 12:36:07.049,0.84539,0.84561,1.00,1.52
2014.09.15 12:36:07.552,0.8454,0.84562,1.00,1.15
2014.09.15 12:36:07.754,0.8454,0.84563,1.65,1.15
2014.09.15 12:36:08.069,0.84545,0.84565,1.00,3.07
2014.09.15 12:36:08.727,0.84543,0.84565,1.00,3.82
2014.09.15 12:36:09.258,0.84541,0.84563,1.37,2.70
2014.09.15 12:36:09.717,0.8454,0.84563,1.87,3.45
2014.09.15 12:36:10.275,0.8454,0.84563,1.37,3.45
2014.09.15 12:36:12.305,0.84539,0.84558,1.47,1.00
2014.09.15 12:36:12.356,0.84536,0.84558,1.15,1.12
2014.09.15 12:36:12.456,0.84536,0.84558,1.00,1.27
2014.09.15 12:36:12.972,0.84535,0.84557,1.47,1.52
2014.09.15 12:36:15.328,0.84535,0.84557,1.57,1.65
2014.09.15 12:36:15.429,0.84533,0.84557,1.15,1.20
2014.09.15 12:36:15.530,0.84533,0.84556,1.17,2.32
2014.09.15 12:36:16.045,0.84531,0.84553,1.15,1.17
2014.09.15 12:36:16.531,0.84531,0.84553,1.52,1.55
2014.09.15 12:36:17.737,0.84531,0.84553,1.55,1.55
2014.09.15 12:36:25.836,0.84533,0.84555,1.00,3.82
2014.09.15 12:36:26.380,0.84531,0.84553,1.47,1.55
2014.09.15 12:36:27.904,0.8453,0.84552,1.95,1.45
2014.09.15 12:36:28.415,0.8453,0.84552,1.45,1.45
2014.09.15 12:36:28.718,0.84531,0.84553,1.47,1.17
2014.09.15 12:36:29.207,0.84531,0.84553,1.52,1.27
2014.09.15 12:36:29.886,0.84531,0.84553,1.47,1.27
2014.09.15 12:36:30.675,0.84531,0.84553,1.47,1.27
2014.09.15 12:36:31.078,0.84531,0.84553,1.10,1.15
2014.09.15 12:36:33.517,0.84531,0.84553,1.47,1.52
2014.09.15 12:36:34.324,0.84531,0.84553,1.47,1.27
2014.09.15 12:36:34.934,0.84531,0.84553,1.47,1.15
2014.09.15 12:36:35.539,0.84531,0.84553,1.47,1.27
2014.09.15 12:36:36.193,0.84531,0.84553,1.47,1.15
2014.09.15 12:36:36.714,0.84531,0.84553,1.47,1.15
2014.09.15 12:36:37.245,0.84531,0.84553,1.47,1.15
2014.09.15 12:36:38.598,0.84531,0.84553,1.47,1.15
2014.09.15 12:36:39.099,0.84531,0.84553,1.47,1.27
2014.09.15 12:36:39.701,0.84531,0.84553,1.47,1.15
2014.09.15 12:36:40.713,0.84531,0.84553,1.47,1.27
2014.09.15 12:36:43.335,0.84531,0.84553,1.47,1.15
2014.09.15 12:36:43.637,0.84531,0.84553,1.47,1.52
2014.09.15 12:36:44.039,0.84529,0.8455,1.10,1.17
2014.09.15 12:36:44.685,0.8453,0.84552,1.50,1.15
2014.09.15 12:36:45.305,0.84529,0.84551,1.57,1.15
2014.09.15 12:36:45.865,0.8453,0.84552,1.00,1.15
2014.09.15 12:36:47.029,0.8453,0.84552,1.87,1.27
2014.09.15 12:36:47.230,0.84528,0.8455,1.55,1.27
2014.09.15 12:36:47.331,0.84528,0.8455,1.52,1.12
2014.09.15 12:36:47.834,0.84529,0.84551,1.52,1.27
2014.09.15 12:36:48.369,0.8453,0.84551,1.55,1.17
2014.09.15 12:36:48.672,0.84525,0.84548,1.47,1.52
2014.09.15 12:36:49.382,0.84525,0.84548,1.10,1.15
2014.09.15 12:36:49.735,0.84525,0.8455,2.02,1.15
2014.09.15 12:36:50.045,0.8453,0.84552,1.10,1.15
2014.09.15 12:36:51.550,0.8453,0.84552,1.47,1.52
2014.09.15 12:36:53.650,0.8453,0.84552,1.47,1.27
2014.09.15 12:36:54.558,0.8453,0.84552,1.47,1.52
2014.09.15 12:36:54.860,0.8453,0.84552,4.20,1.37
2014.09.15 12:36:55.585,0.84531,0.84553,1.15,1.00
2014.09.15 12:36:55.685,0.84531,0.84553,1.10,1.90
2014.09.15 12:36:55.786,0.84531,0.84553,1.00,3.45
2014.09.15 12:36:55.837,0.84531,0.84553,1.07,1.27
2014.09.15 12:36:55.887,0.84535,0.8455,1.00,1.00
2014.09.15 12:36:56.089,0.84535,0.84555,1.00,1.55
2014.09.15 12:36:56.189,0.84531,0.84555,1.17,2.02
2014.09.15 12:36:56.240,0.84531,0.84554,1.20,2.70
2014.09.15 12:36:56.542,0.84533,0.84557,1.07,3.45
2014.09.15 12:36:57.053,0.84533,0.84555,1.17,1.55
2014.09.15 12:36:57.457,0.84535,0.84554,1.07,1.00
2014.09.15 12:36:57.786,0.8453,0.84551,1.15,1.00
2014.09.15 12:36:57.887,0.8453,0.84551,1.20,1.00
2014.09.15 12:36:58.375,0.84529,0.84551,3.82,1.00
2014.09.15 12:36:58.737,0.84533,0.84555,1.55,1.10
2014.09.15 12:36:59.721,0.84532,0.84554,1.52,1.00
2014.09.15 12:37:01.330,0.84532,0.84554,1.55,1.07
2014.09.15 12:37:01.431,0.84532,0.84554,1.20,1.52
2014.09.15 12:37:01.810,0.84531,0.84555,1.47,3.07
2014.09.15 12:37:01.961,0.84533,0.84555,2.70,1.00
2014.09.15 12:37:02.610,0.84535,0.84557,1.47,1.27
2014.09.15 12:37:02.812,0.8454,0.84557,1.00,1.15
2014.09.15 12:37:02.862,0.8454,0.84557,1.00,1.10
2014.09.15 12:37:03.164,0.84539,0.84558,1.55,1.00
2014.09.15 12:37:03.265,0.84539,0.8456,1.55,1.00
2014.09.15 12:37:03.466,0.84539,0.84563,4.20,1.47
2014.09.15 12:37:04.733,0.84539,0.84563,4.20,1.47
2014.09.15 12:37:04.966,0.8454,0.8456,1.10,1.47
2014.09.15 12:37:05.167,0.84535,0.84559,1.52,1.55
2014.09.15 12:37:05.369,0.8454,0.84559,1.00,1.55
2014.09.15 12:37:05.889,0.8454,0.84559,1.00,1.52
2014.09.15 12:37:06.403,0.8454,0.84559,1.00,1.52
2014.09.15 12:37:06.950,0.8454,0.84559,1.37,1.17
2014.09.15 12:37:07.226,0.8454,0.84562,2.02,1.52
2014.09.15 12:37:07.865,0.8454,0.84562,2.02,1.52
2014.09.15 12:37:10.806,0.8454,0.84562,1.65,1.65
2014.09.15 12:37:10.907,0.84538,0.8456,1.12,3.45
2014.09.15 12:37:12.395,0.84536,0.84558,1.52,1.47
2014.09.15 12:37:12.922,0.84536,0.84558,1.52,1.47
2014.09.15 12:37:13.553,0.84536,0.84558,1.27,1.47
2014.09.15 12:37:14.098,0.84537,0.84559,1.17,1.55
2014.09.15 12:37:16.287,0.84534,0.84556,3.45,1.37
2014.09.15 12:37:17.215,0.84534,0.84556,1.27,1.45
2014.09.15 12:37:31.550,0.84534,0.84556,1.17,1.45
2014.09.15 12:37:31.751,0.84534,0.84557,1.20,1.15
2014.09.15 12:37:31.852,0.84535,0.84557,1.27,1.52
2014.09.15 12:37:31.953,0.84535,0.84557,1.17,1.10
2014.09.15 12:37:32.256,0.84537,0.84559,1.17,1.10
2014.09.15 12:37:32.356,0.84537,0.8456,2.32,1.10
2014.09.15 12:37:32.457,0.84535,0.8456,1.65,1.10
2014.09.15 12:37:32.558,0.84537,0.8456,2.70,1.37
2014.09.15 12:37:35.523,0.84537,0.8456,2.70,1.37
2014.09.15 12:37:38.875,0.84537,0.8456,2.70,1.12
2014.09.15 12:37:39.170,0.8454,0.8456,1.17,1.37
2014.09.15 12:37:39.473,0.8454,0.8456,1.27,1.00
2014.09.15 12:37:40.396,0.8454,0.8456,1.27,1.00
2014.09.15 12:37:40.930,0.8454,0.84561,1.27,1.20
2014.09.15 12:37:42.070,0.8454,0.8456,1.15,1.00
2014.09.15 12:37:42.630,0.8454,0.8456,1.27,1.37
2014.09.15 12:37:43.136,0.8454,0.8456,1.15,1.12
2014.09.15 12:37:43.637,0.8454,0.8456,1.15,1.37
2014.09.15 12:37:43.789,0.84537,0.8456,1.52,1.52
2014.09.15 12:37:43.839,0.84537,0.8456,1.52,1.45
2014.09.15 12:37:44.492,0.84537,0.84562,1.52,1.52
2014.09.15 12:37:45.442,0.84537,0.84562,1.52,1.52
2014.09.15 12:37:48.148,0.84537,0.84562,1.52,1.52
2014.09.15 12:37:48.483,0.84539,0.84562,1.17,1.65
2014.09.15 12:37:48.800,0.84537,0.84562,1.27,3.82
2014.09.15 12:37:49.002,0.84537,0.84562,1.27,1.65
2014.09.15 12:37:50.172,0.84537,0.84562,1.27,1.52
2014.09.15 12:37:50.718,0.84537,0.84562,1.52,1.52
2014.09.15 12:37:51.025,0.84537,0.84562,1.52,1.65
2014.09.15 12:37:51.556,0.84537,0.84562,1.27,1.52
2014.09.15 12:37:52.273,0.84537,0.84562,1.52,1.52
2014.09.15 12:37:56.772,0.84537,0.84562,1.52,1.52
2014.09.15 12:37:58.134,0.84536,0.84559,3.82,1.00
2014.09.15 12:37:58.649,0.84535,0.84558,2.40,1.00
2014.09.15 12:38:01.104,0.84536,0.84558,2.70,1.00
2014.09.15 12:38:09.744,0.84537,0.84558,2.70,1.00
2014.09.15 12:38:10.003,0.84539,0.84561,1.52,1.55
2014.09.15 12:38:10.155,0.84539,0.84561,1.00,1.27
2014.09.15 12:38:10.493,0.84535,0.84558,1.15,1.15
2014.09.15 12:38:11.124,0.84534,0.84557,2.02,1.55
2014.09.15 12:38:11.919,0.84535,0.84557,1.00,1.52
2014.09.15 12:38:12.438,0.84531,0.84556,1.52,1.52
2014.09.15 12:38:13.797,0.84531,0.84556,1.52,1.65
2014.09.15 12:38:13.948,0.8453,0.84553,1.47,1.52
2014.09.15 12:38:14.231,0.84532,0.84555,1.20,1.52
2014.09.15 12:38:17.611,0.84532,0.84555,1.07,1.52
2014.09.15 12:38:17.712,0.8453,0.84555,1.65,1.90
2014.09.15 12:38:17.913,0.84531,0.84555,2.32,1.07
2014.09.15 12:38:17.964,0.84531,0.84554,4.50,1.00
2014.09.15 12:38:18.065,0.84535,0.84558,1.20,1.52
2014.09.15 12:38:18.115,0.84535,0.84558,1.17,1.55
2014.09.15 12:38:18.621,0.84537,0.84559,1.17,1.52
2014.09.15 12:38:19.909,0.84537,0.84559,1.17,1.52
2014.09.15 12:38:21.931,0.84537,0.84559,1.27,1.52
2014.09.15 12:38:27.443,0.84537,0.84559,1.55,1.52
2014.09.15 12:38:31.731,0.84537,0.84559,1.27,1.52
2014.09.15 12:38:33.838,0.84537,0.84559,1.27,1.27
2014.09.15 12:38:34.384,0.84537,0.84559,1.27,1.47
2014.09.15 12:38:54.395,0.84536,0.84559,1.15,1.55
2014.09.15 12:38:57.703,0.84536,0.84559,1.27,1.55
2014.09.15 12:38:59.902,0.84536,0.84559,1.15,1.65
2014.09.15 12:39:00.301,0.84536,0.84559,1.10,1.65
2014.09.15 12:39:00.605,0.84533,0.84556,1.57,1.52
2014.09.15 12:39:03.412,0.84532,0.84554,1.27,1.37
2014.09.15 12:39:03.614,0.84531,0.84553,1.00,1.52
2014.09.15 12:39:03.715,0.84529,0.84551,2.32,1.00
2014.09.15 12:39:04.018,0.84539,0.84559,1.00,1.92
2014.09.15 12:39:04.068,0.84537,0.84559,1.10,1.92
2014.09.15 12:39:04.270,0.8454,0.84559,1.00,1.92
2014.09.15 12:39:04.371,0.84536,0.84558,1.07,1.82
2014.09.15 12:39:04.915,0.84535,0.84556,1.17,1.00
2014.09.15 12:39:05.492,0.84535,0.84556,1.55,1.37
2014.09.15 12:39:06.213,0.84535,0.84556,1.55,1.37
2014.09.15 12:39:06.314,0.84535,0.84556,1.55,1.12
2014.09.15 12:39:06.617,0.84535,0.84558,3.45,1.47
2014.09.15 12:39:06.873,0.84535,0.84557,2.02,1.55
2014.09.15 12:39:07.130,0.84533,0.84555,1.20,1.10
2014.09.15 12:39:07.841,0.84533,0.84555,1.47,1.20
2014.09.15 12:39:08.943,0.84533,0.84555,1.47,1.47
2014.09.15 12:39:09.403,0.84533,0.84555,1.47,1.47
2014.09.15 12:39:09.505,0.84533,0.84555,1.10,1.47
2014.09.15 12:39:09.555,0.84532,0.84554,1.27,1.12
2014.09.15 12:39:09.857,0.84535,0.84557,1.20,1.65
2014.09.15 12:39:10.207,0.84535,0.84557,1.20,1.57
2014.09.15 12:39:10.708,0.84535,0.84557,1.20,1.65
2014.09.15 12:39:11.311,0.84535,0.84557,2.02,1.57
2014.09.15 12:39:19.373,0.84533,0.84555,1.10,1.65
2014.09.15 12:39:19.638,0.84534,0.84555,1.37,1.27
2014.09.15 12:39:19.689,0.84535,0.84556,1.27,1.55
2014.09.15 12:39:19.940,0.84535,0.84557,1.27,1.37
2014.09.15 12:39:24.073,0.84535,0.84557,1.50,3.82
2014.09.15 12:39:24.287,0.84531,0.84554,1.55,1.52
2014.09.15 12:39:24.794,0.84532,0.84555,1.52,1.52
2014.09.15 12:39:25.398,0.84535,0.84557,1.00,3.82
2014.09.15 12:39:31.344,0.84535,0.84557,1.00,3.45
2014.09.15 12:39:48.690,0.84535,0.84557,1.47,1.52
2014.09.15 12:39:51.171,0.84535,0.84557,1.20,1.52
2014.09.15 12:39:56.159,0.84535,0.84557,1.20,1.52
2014.09.15 12:39:56.210,0.84535,0.84557,1.55,1.45
2014.09.15 12:39:56.377,0.84535,0.84557,1.27,1.45
2014.09.15 12:39:56.479,0.84535,0.84557,1.20,1.45
2014.09.15 12:40:03.615,0.84535,0.84557,1.55,1.52
2014.09.15 12:40:03.917,0.84536,0.8456,1.52,1.52
2014.09.15 12:40:04.430,0.84536,0.8456,1.15,1.15
2014.09.15 12:40:05.153,0.84536,0.8456,1.52,1.52
2014.09.15 12:40:06.406,0.84536,0.8456,1.52,1.52
2014.09.15 12:40:07.324,0.84536,0.84561,1.65,1.52
2014.09.15 12:40:07.626,0.84539,0.84561,2.70,1.47
2014.09.15 12:40:08.169,0.8454,0.84564,1.52,1.52
2014.09.15 12:40:08.680,0.8454,0.84564,1.52,1.65
2014.09.15 12:40:09.323,0.84542,0.84564,1.00,1.65
2014.09.15 12:40:09.903,0.8454,0.84564,1.57,1.65
2014.09.15 12:40:20.283,0.84542,0.84564,1.00,1.65
2014.09.15 12:40:25.564,0.8454,0.84563,1.57,1.52
2014.09.15 12:40:29.845,0.84538,0.84562,1.45,1.52
2014.09.15 12:40:30.847,0.84538,0.84562,1.45,1.52
2014.09.15 12:40:32.450,0.84538,0.84562,1.52,1.55
2014.09.15 12:40:39.669,0.84538,0.8456,1.52,1.37
2014.09.15 12:40:41.182,0.84538,0.8456,1.52,1.37
2014.09.15 12:40:41.485,0.84539,0.84562,3.45,1.47
2014.09.15 12:40:42.111,0.84539,0.84563,3.45,1.55
2014.09.15 12:40:42.903,0.84539,0.84563,3.45,1.55
2014.09.15 12:40:43.211,0.84539,0.84562,1.55,1.52
2014.09.15 12:40:44.961,0.84539,0.84562,1.55,1.52
2014.09.15 12:40:45.062,0.84541,0.84563,2.62,1.07
2014.09.15 12:40:45.214,0.84546,0.84565,1.00,1.10
2014.09.15 12:40:45.465,0.84546,0.84565,1.00,1.17
2014.09.15 12:40:45.566,0.84543,0.84565,1.10,1.15
2014.09.15 12:40:45.981,0.84543,0.84565,1.47,1.52
2014.09.15 12:40:48.785,0.84543,0.84565,1.47,1.52
2014.09.15 12:40:51.590,0.84543,0.84565,1.20,1.52
2014.09.15 12:40:52.497,0.84543,0.84565,1.45,1.15
2014.09.15 12:40:52.799,0.84547,0.8457,1.47,1.52
2014.09.15 12:40:52.900,0.84547,0.84571,1.57,1.52
2014.09.15 12:40:53.593,0.84547,0.84571,1.57,1.52
2014.09.15 12:40:54.161,0.84549,0.84571,1.37,1.52
2014.09.15 12:40:54.821,0.84549,0.84571,1.37,1.52
2014.09.15 12:40:57.301,0.84549,0.84571,1.12,2.02
2014.09.15 12:40:57.603,0.84549,0.84571,1.55,1.27
2014.09.15 12:40:57.704,0.84549,0.84572,1.15,1.10
2014.09.15 12:40:57.906,0.84551,0.84574,1.15,1.00
2014.09.15 12:40:58.629,0.84551,0.84574,1.52,1.37
2014.09.15 12:40:58.905,0.84551,0.84574,1.52,1.12
2014.09.15 12:40:59.112,0.84551,0.84574,1.52,1.37
2014.09.15 12:40:59.845,0.84551,0.84574,1.52,1.37
2014.09.15 12:41:00.147,0.84553,0.84575,1.20,2.02
2014.09.15 12:41:00.248,0.84553,0.84575,1.20,2.40
2014.09.15 12:41:00.778,0.84552,0.84575,1.00,4.20
2014.09.15 12:41:02.143,0.84552,0.84575,1.37,4.20
2014.09.15 12:41:02.245,0.84552,0.84575,1.52,2.02
2014.09.15 12:41:04.459,0.84554,0.84576,1.55,1.55
2014.09.15 12:41:05.222,0.84554,0.84576,1.55,1.55
2014.09.15 12:41:05.952,0.84554,0.84576,1.55,1.55
2014.09.15 12:41:06.824,0.84554,0.84576,1.55,1.55
2014.09.15 12:41:07.252,0.84554,0.84576,1.55,1.55
2014.09.15 12:41:09.231,0.84553,0.84575,1.52,1.10
2014.09.15 12:41:09.483,0.84553,0.84575,3.45,1.37
2014.09.15 12:41:09.785,0.84556,0.84576,2.70,1.12
2014.09.15 12:41:10.338,0.84557,0.84579,1.52,1.55
2014.09.15 12:41:10.785,0.84556,0.84578,1.55,1.55
2014.09.15 12:41:11.540,0.84556,0.84578,1.17,1.65
2014.09.15 12:41:11.892,0.84553,0.84575,1.52,1.47
2014.09.15 12:41:12.353,0.84553,0.84575,1.15,1.57
2014.09.15 12:41:12.872,0.84552,0.84575,1.15,1.47
2014.09.15 12:41:12.974,0.84552,0.84575,1.17,1.52
2014.09.15 12:41:13.175,0.84555,0.84576,1.00,1.65
2014.09.15 12:41:13.427,0.8455,0.84572,1.65,1.00
2014.09.15 12:41:13.478,0.8455,0.84572,1.57,1.07
2014.09.15 12:41:13.529,0.8455,0.84572,1.50,1.15
2014.09.15 12:41:13.648,0.84555,0.84572,1.00,1.15
2014.09.15 12:41:13.853,0.84551,0.84574,1.00,3.45
2014.09.15 12:41:13.954,0.84551,0.84574,1.00,1.52
2014.09.15 12:41:14.672,0.84551,0.84574,1.12,1.65
2014.09.15 12:41:14.874,0.8455,0.84573,2.02,1.52
2014.09.15 12:41:14.975,0.8455,0.84575,2.02,2.02
2014.09.15 12:41:15.498,0.84553,0.84575,1.00,1.65
2014.09.15 12:41:16.261,0.84553,0.84576,1.12,6.75
2014.09.15 12:41:16.473,0.84551,0.84574,1.15,1.17
2014.09.15 12:41:18.082,0.84551,0.84576,1.27,1.52
2014.09.15 12:41:18.585,0.84551,0.84576,1.52,1.52
2014.09.15 12:41:19.903,0.84551,0.84574,1.15,1.92
2014.09.15 12:41:20.016,0.84551,0.84573,1.00,2.02
2014.09.15 12:41:20.117,0.84551,0.8456,1.00,1.00
2014.09.15 12:41:20.218,0.84541,0.8456,1.17,1.00
2014.09.15 12:41:20.421,0.84538,0.8456,1.52,1.10
2014.09.15 12:41:20.673,0.84542,0.84564,1.00,2.32
2014.09.15 12:41:20.724,0.84542,0.84566,1.17,3.45
2014.09.15 12:41:20.875,0.84539,0.84556,2.32,1.00
2014.09.15 12:41:20.925,0.84536,0.84556,4.50,1.00
2014.09.15 12:41:21.026,0.84535,0.84556,1.10,1.17
2014.09.15 12:41:21.581,0.84535,0.84554,1.10,1.00
2014.09.15 12:41:21.940,0.84536,0.84559,1.37,3.45
2014.09.15 12:41:22.041,0.84536,0.84559,1.52,1.52
2014.09.15 12:41:22.192,0.84536,0.84559,1.17,2.32
2014.09.15 12:41:22.822,0.84535,0.84558,1.45,1.52
2014.09.15 12:41:25.035,0.84536,0.84559,1.52,1.55
2014.09.15 12:41:25.542,0.84536,0.84559,1.52,1.55
2014.09.15 12:41:27.707,0.84536,0.8456,1.52,1.52
2014.09.15 12:41:28.308,0.84536,0.8456,1.52,1.65
2014.09.15 12:41:28.649,0.84536,0.8456,1.52,1.52
2014.09.15 12:41:28.750,0.84536,0.84559,1.27,1.65
2014.09.15 12:41:28.901,0.84533,0.84556,1.52,1.55
2014.09.15 12:41:28.952,0.84533,0.84555,1.00,2.70
2014.09.15 12:41:29.153,0.84533,0.84556,1.00,1.27
2014.09.15 12:41:29.464,0.84534,0.84557,1.17,1.52
2014.09.15 12:41:31.820,0.84534,0.84557,1.27,1.52
2014.09.15 12:41:32.172,0.84534,0.84555,1.00,2.70
2014.09.15 12:41:32.223,0.84532,0.84554,1.10,1.52
2014.09.15 12:41:33.725,0.84532,0.84554,1.10,1.52
2014.09.15 12:41:33.976,0.84532,0.84554,1.15,1.55
2014.09.15 12:41:35.229,0.84532,0.84554,1.15,1.55
2014.09.15 12:41:35.961,0.84533,0.84555,1.17,1.52
2014.09.15 12:41:42.176,0.84534,0.84555,1.10,1.52
2014.09.15 12:41:42.277,0.84535,0.84555,1.07,1.07
2014.09.15 12:41:42.328,0.84535,0.84557,1.65,1.10
2014.09.15 12:41:42.378,0.84535,0.84557,3.82,1.00
2014.09.15 12:41:42.529,0.84536,0.84558,1.00,1.15
2014.09.15 12:41:43.033,0.84534,0.84556,1.07,1.57
2014.09.15 12:41:44.453,0.84534,0.84556,1.07,2.32
2014.09.15 12:41:45.161,0.84534,0.84556,1.07,1.95
2014.09.15 12:41:49.420,0.84534,0.84556,1.07,1.57
2014.09.15 12:41:49.922,0.84533,0.84555,1.17,1.47
2014.09.15 12:41:50.240,0.84533,0.84555,1.17,1.57
2014.09.15 12:41:50.964,0.84533,0.84555,1.17,1.47
2014.09.15 12:41:51.481,0.84534,0.84556,1.20,1.65
2014.09.15 12:41:52.020,0.84534,0.84556,1.20,1.57
2014.09.15 12:41:52.895,0.84534,0.84556,1.20,1.65
2014.09.15 12:41:54.070,0.84536,0.84558,1.00,1.90
2014.09.15 12:41:54.121,0.84536,0.84558,1.00,1.65
2014.09.15 12:41:54.640,0.84537,0.8456,1.20,2.40
2014.09.15 12:41:54.842,0.84536,0.84558,1.00,1.90
2014.09.15 12:41:59.105,0.84536,0.84558,1.00,1.52
2014.09.15 12:41:59.929,0.84536,0.84558,1.00,1.65
2014.09.15 12:42:00.030,0.84535,0.84557,1.65,1.95
2014.09.15 12:42:00.131,0.84535,0.84557,2.02,1.57
2014.09.15 12:42:00.633,0.84535,0.84557,2.02,1.57
2014.09.15 12:42:01.175,0.84535,0.84557,2.02,1.57
2014.09.15 12:42:01.511,0.84535,0.84557,1.65,1.95
2014.09.15 12:42:03.850,0.84535,0.84557,1.65,1.65
2014.09.15 12:42:04.321,0.84535,0.84557,1.65,1.57
2014.09.15 12:42:07.124,0.84535,0.84557,2.02,1.37
2014.09.15 12:42:07.825,0.84535,0.84557,1.65,1.50
2014.09.15 12:42:08.426,0.84534,0.84556,3.07,1.50
2014.09.15 12:42:08.477,0.84534,0.84556,1.15,1.57
2014.09.15 12:42:09.332,0.84532,0.84556,1.52,1.57
2014.09.15 12:42:09.483,0.84531,0.84555,1.15,2.02
2014.09.15 12:42:09.685,0.84531,0.84553,1.52,1.47
2014.09.15 12:42:10.196,0.84532,0.84554,1.52,1.37
2014.09.15 12:42:10.759,0.84533,0.84555,1.15,1.47
2014.09.15 12:42:11.523,0.84533,0.84555,1.27,1.47
2014.09.15 12:42:12.391,0.84533,0.84555,1.27,1.47
2014.09.15 12:42:12.491,0.84533,0.84555,1.52,1.47
2014.09.15 12:42:13.946,0.84533,0.84555,1.52,1.47
2014.09.15 12:42:14.583,0.84533,0.84555,1.52,1.47
2014.09.15 12:42:15.352,0.84533,0.84555,1.52,1.47
2014.09.15 12:42:17.153,0.84532,0.84554,1.52,1.37
2014.09.15 12:42:18.058,0.84531,0.84553,3.45,1.00
2014.09.15 12:42:18.159,0.84531,0.84553,1.52,1.47
2014.09.15 12:42:18.757,0.8453,0.84552,4.20,1.00
2014.09.15 12:42:19.088,0.8454,0.84563,1.15,1.10
2014.09.15 12:42:19.189,0.8454,0.84563,1.07,1.15
2014.09.15 12:42:20.002,0.84539,0.8456,1.10,1.07
2014.09.15 12:42:20.103,0.84536,0.84559,1.27,1.47
2014.09.15 12:42:20.467,0.84534,0.84556,1.27,1.37
2014.09.15 12:42:20.671,0.84533,0.84555,1.52,1.87
2014.09.15 12:42:20.978,0.84533,0.84555,1.15,2.25
2014.09.15 12:42:21.593,0.84533,0.84555,1.27,1.37
2014.09.15 12:42:22.112,0.84533,0.84555,1.52,1.37
2014.09.15 12:42:22.651,0.84535,0.84557,1.65,1.95
2014.09.15 12:42:22.974,0.84535,0.84557,2.02,1.57
2014.09.15 12:42:23.175,0.84536,0.84559,3.45,1.65
2014.09.15 12:42:23.481,0.84533,0.84555,1.20,1.95
2014.09.15 12:42:23.984,0.8453,0.84551,1.52,1.37
2014.09.15 12:42:24.085,0.84532,0.84551,2.70,1.12
2014.09.15 12:42:24.387,0.84538,0.84557,2.32,1.50
2014.09.15 12:42:24.438,0.84537,0.84557,1.15,1.50
2014.09.15 12:42:24.940,0.84539,0.8456,1.17,1.55
2014.09.15 12:42:26.114,0.84539,0.84561,1.55,1.27
2014.09.15 12:42:26.218,0.84539,0.84561,1.52,1.37
2014.09.15 12:42:27.440,0.84539,0.84561,1.52,1.37
2014.09.15 12:42:28.431,0.84539,0.84561,1.52,1.37
2014.09.15 12:42:30.350,0.8454,0.84561,1.52,1.12
2014.09.15 12:42:30.855,0.84542,0.84564,1.10,1.52
2014.09.15 12:42:30.906,0.84542,0.84564,3.00,1.45
2014.09.15 12:42:31.157,0.84543,0.84566,1.27,1.55
2014.09.15 12:42:31.890,0.84542,0.84564,1.52,1.47
2014.09.15 12:42:33.624,0.84544,0.84567,1.95,1.52
2014.09.15 12:42:34.310,0.84544,0.84569,2.02,1.90
2014.09.15 12:42:38.879,0.84544,0.84566,1.52,1.37
2014.09.15 12:42:39.490,0.84544,0.84566,1.52,1.37
2014.09.15 12:42:39.742,0.84543,0.84566,1.27,1.55
2014.09.15 12:42:40.275,0.84543,0.84565,1.27,1.52
2014.09.15 12:42:41.339,0.84543,0.84565,1.27,1.47
2014.09.15 12:42:42.277,0.84543,0.84565,1.20,1.52
2014.09.15 12:42:42.478,0.84543,0.84565,1.20,1.52
2014.09.15 12:42:43.447,0.84542,0.84564,1.17,1.65
2014.09.15 12:42:43.750,0.84541,0.84561,1.00,1.65
2014.09.15 12:42:43.801,0.84538,0.8456,1.07,1.52
2014.09.15 12:42:44.330,0.84538,0.8456,1.10,1.15
2014.09.15 12:42:45.053,0.84538,0.8456,1.10,1.52
2014.09.15 12:42:45.554,0.84538,0.8456,1.10,1.52
2014.09.15 12:42:46.254,0.84538,0.8456,1.17,1.55
2014.09.15 12:42:47.449,0.84538,0.84555,1.17,1.00
2014.09.15 12:42:48.160,0.84538,0.8456,1.27,2.02
2014.09.15 12:42:48.839,0.84538,0.84555,1.17,1.12
2014.09.15 12:42:49.201,0.8454,0.84562,1.10,2.77
2014.09.15 12:42:49.302,0.8454,0.84562,1.45,1.20
2014.09.15 12:42:49.403,0.8454,0.84562,1.50,1.00
2014.09.15 12:42:49.907,0.84541,0.84565,1.15,1.15
2014.09.15 12:42:50.210,0.84545,0.84567,1.10,1.27
2014.09.15 12:42:52.582,0.84545,0.84567,1.10,1.65
2014.09.15 12:42:53.280,0.84545,0.84565,1.10,1.55
2014.09.15 12:42:53.978,0.84545,0.84565,1.10,1.55
2014.09.15 12:42:54.491,0.84546,0.84565,1.00,1.55
2014.09.15 12:42:55.231,0.84546,0.84565,1.10,1.20
2014.09.15 12:42:55.799,0.84547,0.84565,1.00,1.20
2014.09.15 12:42:58.129,0.84546,0.84565,1.20,1.10
2014.09.15 12:42:58.634,0.84547,0.84565,1.00,1.10
2014.09.15 12:42:59.102,0.84547,0.84565,1.37,1.10
2014.09.15 12:43:01.339,0.84547,0.8457,1.45,4.20
2014.09.15 12:43:01.390,0.84547,0.8457,1.52,2.02
2014.09.15 12:43:05.830,0.84547,0.84569,1.37,1.52
2014.09.15 12:43:08.440,0.84547,0.8457,1.45,2.02
2014.09.15 12:43:09.332,0.84547,0.8457,1.55,2.02
2014.09.15 12:43:09.858,0.84547,0.84566,1.47,1.10
2014.09.15 12:43:10.529,0.84547,0.84566,1.47,1.20
2014.09.15 12:43:15.380,0.84547,0.8457,1.47,3.45
2014.09.15 12:43:15.928,0.84547,0.8457,1.57,3.45
2014.09.15 12:43:15.979,0.84547,0.8457,1.55,2.02
2014.09.15 12:43:16.381,0.8455,0.84572,1.37,3.45
2014.09.15 12:43:17.260,0.8455,0.84572,1.12,3.45
2014.09.15 12:43:21.979,0.84547,0.8457,1.55,1.52
2014.09.15 12:43:22.181,0.84547,0.8457,1.47,3.45
2014.09.15 12:43:24.108,0.84547,0.84569,1.37,3.45
2014.09.15 12:43:25.889,0.84546,0.84568,1.55,1.52
2014.09.15 12:43:26.445,0.84546,0.84568,1.37,1.52
2014.09.15 12:43:27.468,0.8455,0.84568,1.00,1.52
2014.09.15 12:43:28.911,0.8455,0.84568,1.37,1.15
2014.09.15 12:43:29.012,0.8455,0.84569,1.37,1.15
2014.09.15 12:43:29.113,0.8455,0.84571,1.47,1.07
2014.09.15 12:43:29.373,0.8455,0.84571,1.37,1.15
2014.09.15 12:43:35.488,0.8455,0.84567,1.37,1.00
2014.09.15 12:43:39.089,0.8455,0.84567,1.12,1.00
2014.09.15 12:43:39.592,0.84544,0.84567,1.65,1.27
2014.09.15 12:43:40.208,0.84544,0.84567,1.52,1.55
2014.09.15 12:43:40.747,0.84544,0.84567,3.82,1.20
2014.09.15 12:43:41.830,0.84545,0.84567,3.07,1.00
2014.09.15 12:43:43.397,0.8455,0.84567,1.27,1.00
2014.09.15 12:43:43.859,0.84545,0.84566,1.55,1.10
2014.09.15 12:43:44.601,0.84545,0.84566,1.55,1.10
2014.09.15 12:43:55.619,0.84545,0.84566,1.90,1.00
2014.09.15 12:43:55.720,0.84545,0.84566,1.52,1.00
2014.09.15 12:43:55.770,0.84547,0.84566,2.70,1.00
2014.09.15 12:43:55.972,0.84549,0.84565,1.00,1.00
2014.09.15 12:43:56.409,0.84545,0.84565,1.52,1.00
2014.09.15 12:43:56.838,0.8455,0.84565,1.00,1.00
2014.09.15 12:44:03.879,0.84544,0.84565,1.65,1.00
2014.09.15 12:44:04.458,0.84544,0.84565,1.52,1.00
2014.09.15 12:44:09.344,0.84544,0.84565,1.90,1.00
2014.09.15 12:44:10.946,0.84544,0.84565,1.65,1.00
2014.09.15 12:44:12.398,0.84545,0.84565,1.52,1.00
2014.09.15 12:44:14.667,0.84545,0.84564,1.55,1.00
2014.09.15 12:44:14.853,0.84545,0.84564,1.55,1.00
2014.09.15 12:44:19.445,0.84545,0.84565,1.55,1.10
2014.09.15 12:44:27.171,0.84542,0.84565,3.82,1.95
2014.09.15 12:44:27.586,0.84542,0.84563,2.32,1.00
2014.09.15 12:44:27.738,0.84538,0.8456,1.52,1.00
2014.09.15 12:44:27.889,0.84537,0.84557,2.70,1.00
2014.09.15 12:44:28.449,0.84536,0.84558,1.65,1.10
2014.09.15 12:44:29.698,0.84536,0.84558,1.90,1.10
2014.09.15 12:44:29.849,0.84537,0.8456,1.90,1.00
2014.09.15 12:44:30.266,0.8454,0.84562,3.07,1.00
2014.09.15 12:44:32.419,0.84543,0.84565,2.70,1.07
2014.09.15 12:44:33.057,0.84544,0.84565,2.70,1.00
2014.09.15 12:44:40.806,0.84543,0.84565,1.52,1.00
2014.09.15 12:44:47.313,0.84543,0.84565,1.27,1.00
2014.09.15 12:44:47.852,0.84543,0.84565,1.52,1.12
2014.09.15 12:44:49.258,0.84543,0.84565,1.52,1.00
2014.09.15 12:44:49.577,0.8454,0.84562,3.07,1.00
2014.09.15 12:44:50.119,0.8454,0.84562,3.07,1.00
2014.09.15 12:44:50.428,0.8454,0.84562,2.70,1.00
2014.09.15 12:44:52.195,0.84541,0.84562,2.70,1.00
2014.09.15 12:44:52.467,0.84542,0.84562,3.07,1.00
2014.09.15 12:44:53.047,0.84542,0.84562,2.70,1.00
2014.09.15 12:44:53.589,0.84542,0.84562,3.07,1.00
2014.09.15 12:44:54.198,0.84542,0.84562,2.70,1.00
2014.09.15 12:44:54.900,0.84543,0.84562,2.70,1.00
2014.09.15 12:44:55.595,0.84542,0.84562,2.70,1.00
2014.09.15 12:44:58.242,0.84542,0.84563,2.70,1.00
2014.09.15 12:45:02.992,0.84542,0.84562,2.70,1.00
2014.09.15 12:45:03.193,0.8454,0.84561,3.45,1.00
2014.09.15 12:45:05.279,0.8454,0.84563,4.20,1.00
2014.09.15 12:45:05.382,0.84545,0.84563,1.37,1.00
2014.09.15 12:45:05.684,0.84545,0.84565,1.55,1.00
2014.09.15 12:45:06.104,0.84545,0.84565,1.52,1.00
2014.09.15 12:45:07.074,0.84545,0.84565,1.52,1.12
2014.09.15 12:45:07.577,0.84545,0.84565,1.52,1.12
2014.09.15 12:45:08.823,0.84543,0.84563,2.70,1.00
2014.09.15 12:45:09.175,0.84541,0.84562,2.70,1.00
2014.09.15 12:45:11.321,0.84541,0.84563,2.70,1.00
2014.09.15 12:45:12.260,0.84541,0.84564,3.45,1.00
2014.09.15 12:45:12.470,0.84543,0.84564,2.70,1.00
2014.09.15 12:45:14.172,0.84542,0.84564,2.70,1.00
2014.09.15 12:45:14.712,0.84542,0.84563,2.70,1.00
2014.09.15 12:45:14.763,0.8454,0.84562,2.70,1.00
2014.09.15 12:45:15.313,0.84541,0.84563,2.70,1.00
2014.09.15 12:45:15.821,0.8454,0.84563,1.52,1.20
2014.09.15 12:45:15.871,0.84538,0.84563,3.82,1.20
2014.09.15 12:45:16.073,0.84536,0.84558,1.52,1.00
2014.09.15 12:45:16.123,0.84536,0.84558,1.65,1.00
2014.09.15 12:45:16.479,0.84534,0.84556,2.40,1.00
2014.09.15 12:45:17.128,0.84535,0.84556,1.65,1.00
2014.09.15 12:45:17.730,0.84536,0.84555,2.70,1.00
2014.09.15 12:45:18.814,0.84536,0.84557,2.70,1.00
2014.09.15 12:45:19.630,0.8454,0.84558,1.20,1.12
2014.09.15 12:45:20.120,0.84536,0.84556,2.70,1.00
2014.09.15 12:45:20.621,0.84535,0.84555,1.52,1.00
2014.09.15 12:45:21.124,0.84535,0.84554,1.55,1.00
2014.09.15 12:45:21.657,0.84532,0.84553,3.07,1.00
2014.09.15 12:45:22.830,0.8453,0.84553,6.75,1.00
2014.09.15 12:45:23.438,0.84534,0.84554,1.57,1.00
2014.09.15 12:45:25.171,0.8453,0.84554,6.37,1.00
2014.09.15 12:45:25.271,0.8453,0.84554,6.00,1.00
2014.09.15 12:45:25.643,0.8453,0.84552,6.00,1.00
2014.09.15 12:45:26.006,0.84535,0.84552,1.37,1.00
2014.09.15 12:45:26.394,0.8453,0.84552,6.00,1.00
2014.09.15 12:45:26.447,0.8453,0.84552,6.00,1.00
2014.09.15 12:45:26.749,0.8453,0.84552,5.62,1.00
2014.09.15 12:45:28.480,0.84531,0.84552,2.70,1.00
2014.09.15 12:45:28.854,0.84531,0.84552,5.25,1.00
2014.09.15 12:45:29.428,0.84531,0.84552,5.25,1.00
2014.09.15 12:45:31.380,0.84531,0.84552,5.25,1.00
2014.09.15 12:45:31.930,0.84535,0.84553,1.57,1.00
2014.09.15 12:45:33.002,0.84535,0.84554,1.57,1.00
2014.09.15 12:45:35.121,0.84531,0.84554,4.87,1.00
2014.09.15 12:45:36.777,0.84531,0.84554,5.25,1.00
2014.09.15 12:45:38.190,0.84531,0.84553,6.00,1.00
2014.09.15 12:45:38.391,0.84535,0.84555,1.57,1.00
2014.09.15 12:45:38.939,0.84534,0.84555,2.70,1.00
2014.09.15 12:45:39.467,0.84534,0.84555,1.52,1.00
2014.09.15 12:45:40.826,0.84534,0.84555,1.65,1.00
2014.09.15 12:45:41.365,0.84534,0.84554,1.52,1.00
2014.09.15 12:45:41.415,0.84534,0.84554,1.52,1.00
2014.09.15 12:45:41.937,0.84532,0.84554,3.07,1.00
2014.09.15 12:45:45.904,0.84531,0.84552,3.07,1.00
2014.09.15 12:45:46.004,0.84531,0.84552,2.70,1.00
2014.09.15 12:45:47.012,0.8453,0.84551,1.52,1.00
2014.09.15 12:45:48.107,0.84529,0.84551,1.52,1.00
2014.09.15 12:45:48.309,0.8453,0.84549,1.52,1.00
2014.09.15 12:45:49.109,0.8453,0.84549,1.52,1.00
2014.09.15 12:45:51.469,0.8453,0.84551,1.52,1.00
2014.09.15 12:45:51.570,0.8453,0.84551,1.52,1.00
2014.09.15 12:45:51.925,0.84535,0.8455,1.00,1.10
2014.09.15 12:45:53.365,0.84535,0.84552,1.00,1.12
2014.09.15 12:45:53.567,0.84535,0.8455,1.00,1.00
2014.09.15 12:45:53.668,0.84529,0.8455,1.52,1.00
2014.09.15 12:45:54.578,0.84535,0.8455,1.00,1.00
2014.09.15 12:46:02.631,0.8453,0.8455,1.57,1.00
2014.09.15 12:46:07.217,0.84535,0.84549,1.00,1.00
2014.09.15 12:46:07.318,0.8453,0.84549,1.57,1.00
2014.09.15 12:46:11.947,0.8453,0.84549,1.37,1.10
2014.09.15 12:46:12.450,0.84535,0.84551,1.12,1.17
2014.09.15 12:46:12.602,0.84535,0.84552,1.12,1.00
2014.09.15 12:46:13.800,0.84535,0.84552,1.37,1.00
2014.09.15 12:46:14.002,0.84534,0.84555,1.55,1.10
2014.09.15 12:46:18.166,0.84534,0.84556,3.45,1.00
2014.09.15 12:46:20.077,0.84534,0.84556,3.45,1.37
2014.09.15 12:46:20.228,0.84534,0.84556,1.55,1.55
2014.09.15 12:46:20.581,0.84535,0.84556,1.00,1.55
2014.09.15 12:46:25.449,0.84534,0.84554,1.12,1.55
2014.09.15 12:46:27.689,0.84534,0.84553,1.37,1.10
2014.09.15 12:46:29.904,0.84534,0.84553,1.12,1.20
2014.09.15 12:46:30.322,0.8453,0.84553,2.02,1.52
2014.09.15 12:46:31.449,0.8453,0.84553,2.02,1.27
2014.09.15 12:46:36.107,0.8453,0.84553,2.02,1.52
2014.09.15 12:46:37.103,0.8453,0.84552,1.52,1.12
2014.09.15 12:46:41.517,0.84531,0.84554,1.52,1.27
2014.09.15 12:46:41.819,0.84535,0.84554,3.00,1.00
2014.09.15 12:46:41.870,0.84539,0.8456,1.47,1.52
2014.09.15 12:46:42.379,0.8454,0.8456,1.37,1.37
2014.09.15 12:46:43.220,0.8454,0.8456,1.37,1.12
2014.09.15 12:46:43.732,0.8454,0.84561,1.37,1.20
2014.09.15 12:46:45.029,0.8454,0.84561,1.37,1.20
2014.09.15 12:46:48.270,0.8454,0.84562,2.02,1.00
2014.09.15 12:46:48.849,0.8454,0.84562,2.02,1.00
2014.09.15 12:46:49.159,0.84545,0.84562,1.00,1.12
2014.09.15 12:46:49.260,0.8454,0.84562,2.02,1.12
2014.09.15 12:46:49.360,0.8454,0.84562,2.02,1.45
2014.09.15 12:46:49.864,0.84539,0.84561,1.47,1.52
2014.09.15 12:46:50.633,0.84539,0.84561,2.02,1.47
2014.09.15 12:46:51.299,0.84539,0.84561,1.65,1.10
2014.09.15 12:46:56.028,0.84539,0.8456,1.52,1.00
2014.09.15 12:46:56.532,0.8454,0.8456,1.00,1.27
2014.09.15 12:46:56.834,0.84531,0.84554,3.45,1.00
2014.09.15 12:46:57.784,0.84531,0.84554,3.45,1.37
2014.09.15 12:46:58.168,0.84531,0.84554,3.82,1.00
2014.09.15 12:46:58.469,0.84536,0.8456,1.52,1.15
2014.09.15 12:46:58.671,0.8454,0.8456,1.12,1.20
2014.09.15 12:46:59.390,0.8454,0.84561,1.27,1.10
2014.09.15 12:46:59.661,0.8454,0.84561,1.17,1.47
2014.09.15 12:46:59.763,0.8454,0.84561,1.27,1.20
2014.09.15 12:46:59.864,0.8454,0.84561,1.55,1.20
2014.09.15 12:47:00.429,0.8454,0.84561,1.55,1.20
2014.09.15 12:47:02.468,0.84539,0.84562,1.52,1.55
2014.09.15 12:47:03.990,0.84539,0.84562,1.52,1.55
2014.09.15 12:47:07.921,0.84539,0.84562,1.65,1.27
2014.09.15 12:47:08.426,0.84545,0.84567,1.20,1.65
2014.09.15 12:47:09.181,0.84544,0.84565,1.52,1.00
2014.09.15 12:47:09.382,0.84545,0.84567,1.57,1.27
2014.09.15 12:47:10.792,0.84545,0.84567,1.57,1.57
2014.09.15 12:47:12.616,0.84545,0.84567,1.57,1.57
2014.09.15 12:47:14.687,0.84545,0.84567,2.02,1.57
2014.09.15 12:47:15.227,0.84545,0.84567,2.02,1.57
2014.09.15 12:47:15.792,0.84545,0.84567,2.02,1.27
2014.09.15 12:47:16.697,0.84545,0.84567,1.65,1.57
2014.09.15 12:47:16.798,0.84545,0.84567,1.00,3.07
2014.09.15 12:47:16.949,0.8454,0.8456,1.15,1.00
2014.09.15 12:47:17.101,0.8454,0.8456,1.10,1.10
2014.09.15 12:47:17.599,0.8454,0.84559,1.15,1.00
2014.09.15 12:47:18.083,0.8454,0.84559,3.07,1.00
2014.09.15 12:47:18.899,0.8454,0.84559,1.57,1.00
2014.09.15 12:47:21.718,0.8454,0.84559,1.52,1.00
2014.09.15 12:47:21.869,0.84543,0.84559,2.32,1.00
2014.09.15 12:47:21.920,0.84545,0.84563,1.52,1.00
2014.09.15 12:47:22.122,0.84544,0.84567,3.45,1.37
2014.09.15 12:47:22.627,0.84544,0.84567,3.45,1.00
2014.09.15 12:47:23.143,0.84544,0.84567,3.45,1.37
2014.09.15 12:47:23.712,0.84544,0.84567,3.45,1.12
2014.09.15 12:47:25.217,0.84544,0.84567,3.45,1.37
2014.09.15 12:47:25.318,0.84544,0.84567,1.52,1.52
2014.09.15 12:47:26.024,0.84542,0.84567,1.52,1.52
2014.09.15 12:47:27.240,0.84542,0.84567,1.52,1.52
2014.09.15 12:47:27.888,0.84542,0.84567,1.52,1.52
2014.09.15 12:47:28.329,0.84542,0.84567,1.52,1.52
2014.09.15 12:47:28.832,0.84541,0.84566,1.17,3.07
2014.09.15 12:47:29.147,0.84538,0.8456,1.20,1.20
2014.09.15 12:47:30.492,0.8454,0.8456,1.00,1.20
2014.09.15 12:47:32.079,0.8454,0.84561,1.75,1.15
2014.09.15 12:47:32.179,0.8454,0.84561,1.52,1.00
2014.09.15 12:47:32.493,0.84545,0.84564,1.00,1.27
2014.09.15 12:47:35.489,0.84545,0.84564,1.57,1.07
2014.09.15 12:47:35.640,0.8455,0.8457,1.20,1.27
2014.09.15 12:47:35.691,0.8455,0.8457,1.47,1.17
2014.09.15 12:47:36.043,0.84552,0.8457,2.70,1.00
2014.09.15 12:47:36.551,0.84552,0.84571,2.32,1.00
2014.09.15 12:47:37.639,0.84552,0.8457,2.70,1.00
2014.09.15 12:47:37.847,0.84552,0.84572,2.70,1.12
2014.09.15 12:47:38.359,0.84552,0.84571,2.70,1.12
2014.09.15 12:47:39.398,0.84552,0.8457,2.70,1.00
2014.09.15 12:47:39.550,0.8455,0.8457,2.70,1.00
2014.09.15 12:47:43.592,0.8455,0.84571,2.70,1.00
2014.09.15 12:47:43.643,0.84552,0.84571,2.70,1.00
2014.09.15 12:47:44.177,0.84552,0.84572,2.70,1.12
2014.09.15 12:47:45.331,0.84552,0.84575,2.70,1.37
2014.09.15 12:47:45.877,0.84553,0.84575,2.70,1.37
2014.09.15 12:47:48.286,0.84553,0.84575,2.32,1.37
2014.09.15 12:47:48.488,0.84551,0.84573,1.15,1.57
2014.09.15 12:47:48.589,0.84551,0.84573,1.15,1.20
2014.09.15 12:47:48.640,0.84548,0.84569,4.50,1.00
2014.09.15 12:47:48.857,0.84548,0.84572,5.25,1.00
2014.09.15 12:47:49.390,0.84548,0.84572,5.62,1.37
2014.09.15 12:47:50.893,0.84548,0.84572,5.62,1.37
2014.09.15 12:47:53.608,0.84548,0.84572,5.62,1.37
2014.09.15 12:47:54.500,0.84548,0.84572,5.62,1.37
2014.09.15 12:47:55.918,0.84548,0.84572,5.62,1.37
2014.09.15 12:47:57.206,0.8455,0.84569,1.15,1.37
2014.09.15 12:47:58.338,0.84548,0.84569,4.87,1.37
2014.09.15 12:47:59.010,0.84549,0.84569,1.27,1.37
2014.09.15 12:48:00.556,0.84549,0.84571,4.20,1.00
2014.09.15 12:48:00.657,0.8455,0.84571,6.00,1.00
2014.09.15 12:48:00.758,0.84553,0.84576,1.52,1.47
2014.09.15 12:48:00.809,0.84553,0.84576,3.45,1.37
2014.09.15 12:48:02.537,0.84553,0.84576,3.45,1.37
2014.09.15 12:48:02.839,0.84555,0.84578,3.45,1.37
2014.09.15 12:48:03.386,0.84555,0.84577,2.70,1.37
2014.09.15 12:48:03.713,0.84555,0.84576,2.70,1.37
2014.09.15 12:48:04.250,0.84555,0.84576,2.70,1.37
2014.09.15 12:48:04.787,0.84555,0.84577,2.70,1.37
2014.09.15 12:48:05.173,0.84555,0.84579,2.70,1.47
2014.09.15 12:48:05.224,0.84557,0.84579,2.70,1.37
2014.09.15 12:48:06.227,0.84557,0.84579,2.70,1.37
2014.09.15 12:48:09.636,0.84557,0.84579,2.70,1.37
2014.09.15 12:48:11.361,0.84557,0.8458,2.70,1.47
2014.09.15 12:48:13.697,0.84558,0.8458,2.70,1.37
2014.09.15 12:48:13.748,0.84558,0.84581,3.45,1.57
2014.09.15 12:48:13.798,0.84564,0.84581,1.10,1.00
2014.09.15 12:48:14.050,0.84565,0.84587,1.00,1.07
2014.09.15 12:48:14.201,0.84565,0.84586,1.00,2.62
2014.09.15 12:48:14.304,0.8456,0.84581,1.15,1.00
2014.09.15 12:48:14.827,0.84558,0.84582,2.32,1.10
2014.09.15 12:48:15.651,0.84558,0.84582,2.70,1.47
2014.09.15 12:48:16.191,0.84557,0.84582,3.45,1.52
2014.09.15 12:48:16.357,0.84559,0.84581,1.52,1.17
2014.09.15 12:48:16.458,0.84559,0.84581,1.65,1.00
2014.09.15 12:48:16.711,0.84561,0.84583,1.15,1.00
2014.09.15 12:48:16.912,0.84563,0.84585,1.15,1.00
2014.09.15 12:48:18.887,0.84565,0.84588,1.37,1.52
2014.09.15 12:48:19.426,0.84566,0.84588,1.52,1.47
2014.09.15 12:48:20.181,0.8457,0.84588,1.00,1.10
2014.09.15 12:48:20.485,0.84565,0.84586,1.52,1.00
2014.09.15 12:48:20.836,0.8457,0.84587,1.00,1.00
2014.09.15 12:48:21.459,0.8457,0.84589,1.00,1.17
2014.09.15 12:48:22.078,0.84566,0.84588,1.15,1.10
2014.09.15 12:48:23.059,0.84567,0.84588,2.32,1.00
2014.09.15 12:48:23.560,0.84567,0.84589,3.07,1.00
2014.09.15 12:48:29.090,0.84567,0.84589,3.82,1.00
2014.09.15 12:48:29.628,0.84567,0.84589,3.45,1.00
2014.09.15 12:48:30.501,0.84567,0.84589,3.82,1.00
2014.09.15 12:48:31.474,0.84567,0.84589,3.45,1.00
2014.09.15 12:48:31.986,0.8457,0.84589,1.55,1.00
2014.09.15 12:48:32.600,0.84567,0.84589,3.45,1.12
2014.09.15 12:48:33.294,0.84567,0.84589,3.82,1.00
2014.09.15 12:48:33.830,0.84567,0.84589,3.45,1.12
2014.09.15 12:48:39.405,0.84567,0.84589,3.82,1.00
2014.09.15 12:48:40.252,0.84568,0.8459,3.82,1.50
2014.09.15 12:48:42.748,0.8457,0.8459,1.52,1.00
2014.09.15 12:48:46.458,0.8457,0.8459,1.52,1.00
2014.09.15 12:48:51.240,0.84568,0.8459,3.82,1.00
2014.09.15 12:48:53.847,0.84568,0.8459,3.82,1.00
2014.09.15 12:48:54.476,0.84567,0.84589,1.65,1.10
2014.09.15 12:48:55.454,0.84567,0.84589,1.52,1.10
2014.09.15 12:48:56.013,0.84567,0.84589,1.55,1.17
2014.09.15 12:48:56.256,0.84567,0.84589,1.92,1.15
2014.09.15 12:48:56.457,0.8457,0.8459,1.82,1.10
2014.09.15 12:48:56.964,0.8457,0.84591,1.90,1.00
2014.09.15 12:48:58.263,0.8457,0.84591,1.52,1.12
2014.09.15 12:48:58.366,0.8457,0.8459,1.90,1.10
2014.09.15 12:48:58.878,0.8457,0.84591,1.57,1.00
2014.09.15 12:48:59.391,0.8457,0.8459,1.52,1.00
2014.09.15 12:48:59.916,0.8457,0.8459,1.55,1.10
2014.09.15 12:49:04.205,0.8457,0.84591,1.55,1.17
2014.09.15 12:49:05.086,0.8457,0.84591,1.55,1.17
2014.09.15 12:49:05.886,0.8457,0.84591,1.52,1.00
2014.09.15 12:49:06.288,0.84571,0.84592,2.70,1.00
2014.09.15 12:49:06.828,0.84571,0.84593,2.70,1.12
2014.09.15 12:49:07.332,0.8457,0.84594,4.20,1.07
2014.09.15 12:49:07.634,0.84575,0.84599,1.65,1.17
2014.09.15 12:49:08.204,0.84575,0.84597,1.65,1.00
2014.09.15 12:49:08.355,0.84575,0.84597,1.15,1.20
2014.09.15 12:49:08.506,0.84575,0.84597,1.15,1.10
2014.09.15 12:49:08.707,0.84575,0.84597,1.15,1.07
2014.09.15 12:49:09.502,0.84575,0.84597,1.55,1.27
2014.09.15 12:49:10.795,0.84575,0.84597,1.55,1.55
2014.09.15 12:49:11.785,0.84573,0.84595,1.65,1.00
2014.09.15 12:49:12.309,0.84575,0.84595,1.90,1.00
2014.09.15 12:49:12.359,0.84576,0.84598,1.65,1.17
2014.09.15 12:49:13.016,0.84577,0.84599,1.55,1.52
2014.09.15 12:49:13.318,0.84579,0.84599,1.37,2.70
2014.09.15 12:49:14.050,0.84577,0.84599,1.37,3.45
2014.09.15 12:49:14.555,0.84577,0.84599,1.37,2.70
2014.09.15 12:49:15.227,0.84576,0.84598,1.47,1.52
2014.09.15 12:49:15.428,0.84576,0.84598,1.10,1.52
2014.09.15 12:49:16.351,0.84573,0.84595,1.52,1.20
2014.09.15 12:49:16.917,0.84573,0.84595,3.45,1.37
2014.09.15 12:49:17.838,0.84576,0.846,1.15,1.65
2014.09.15 12:49:18.090,0.84575,0.84597,3.07,1.00
2014.09.15 12:49:18.297,0.84576,0.846,1.15,1.65
2014.09.15 12:49:20.048,0.84579,0.84601,1.47,1.52
2014.09.15 12:49:22.876,0.84579,0.84601,1.47,2.02
2014.09.15 12:49:23.662,0.84579,0.84601,1.47,1.27
2014.09.15 12:49:24.194,0.84579,0.84601,1.47,1.52
2014.09.15 12:49:34.587,0.84579,0.84602,1.47,1.52
2014.09.15 12:49:35.102,0.84579,0.84602,1.47,1.52
2014.09.15 12:49:35.353,0.84578,0.84601,1.27,1.52
2014.09.15 12:49:36.636,0.84576,0.84598,2.77,1.45
2014.09.15 12:49:36.947,0.84576,0.846,1.65,2.02
2014.09.15 12:49:37.001,0.84576,0.846,1.55,2.02
2014.09.15 12:49:37.102,0.84578,0.846,1.50,1.65
2014.09.15 12:49:37.153,0.84578,0.846,1.65,1.57
2014.09.15 12:49:37.723,0.84581,0.84604,1.37,3.45
2014.09.15 12:49:38.005,0.84581,0.84604,1.37,3.45
2014.09.15 12:49:39.115,0.84579,0.84604,1.27,3.45
2014.09.15 12:49:39.165,0.84579,0.84601,1.27,1.00
2014.09.15 12:49:39.669,0.84581,0.84604,1.47,3.45
2014.09.15 12:49:43.184,0.84582,0.84605,1.55,2.02
2014.09.15 12:49:44.928,0.84582,0.84605,1.55,2.02
2014.09.15 12:49:45.430,0.84582,0.84605,1.55,2.02
2014.09.15 12:49:45.975,0.84582,0.84605,1.55,2.02
2014.09.15 12:49:46.956,0.84582,0.84605,1.52,1.37
2014.09.15 12:49:47.405,0.84585,0.84605,2.70,1.37
2014.09.15 12:49:47.909,0.84586,0.84605,1.52,1.12
2014.09.15 12:49:50.055,0.84586,0.8461,1.15,2.02
2014.09.15 12:49:52.193,0.84586,0.8461,1.52,2.40
2014.09.15 12:49:53.675,0.84586,0.8461,1.27,2.02
2014.09.15 12:49:54.200,0.84585,0.84608,3.45,1.37
2014.09.15 12:49:54.609,0.84585,0.84608,3.45,1.37
2014.09.15 12:49:55.014,0.84585,0.84608,3.45,1.37
2014.09.15 12:50:00.953,0.84585,0.84606,3.45,1.00
2014.09.15 12:50:01.546,0.84585,0.84605,2.70,1.00
2014.09.15 12:50:03.096,0.84585,0.84606,3.45,1.12
2014.09.15 12:50:07.411,0.84585,0.84606,3.45,1.37
2014.09.15 12:50:08.112,0.84585,0.84606,3.45,1.12
2014.09.15 12:50:08.884,0.84585,0.84606,1.52,1.12
2014.09.15 12:50:09.636,0.84585,0.84606,1.52,1.37
2014.09.15 12:50:10.316,0.84585,0.84606,1.52,1.00
2014.09.15 12:50:12.635,0.8459,0.84606,1.00,1.00
2014.09.15 12:50:13.455,0.84585,0.84606,1.52,1.12
2014.09.15 12:50:14.055,0.84586,0.84608,1.52,1.20
2014.09.15 12:50:14.766,0.84589,0.84609,1.27,1.12
2014.09.15 12:50:16.235,0.84587,0.84609,1.52,1.37
2014.09.15 12:50:18.667,0.84587,0.84609,1.52,1.37
2014.09.15 12:50:18.869,0.84587,0.84609,1.52,1.37
2014.09.15 12:50:18.970,0.84587,0.84609,1.52,1.37
2014.09.15 12:50:20.467,0.84587,0.84609,1.52,1.37
2014.09.15 12:50:22.759,0.84587,0.84609,1.52,1.37
2014.09.15 12:50:24.665,0.84588,0.8461,1.27,2.02
2014.09.15 12:50:25.210,0.84587,0.84605,1.52,1.00
2014.09.15 12:50:26.375,0.84587,0.84605,1.52,1.00
2014.09.15 12:50:26.891,0.84587,0.84609,1.52,1.37
2014.09.15 12:50:29.515,0.84587,0.84609,1.52,1.37
2014.09.15 12:50:29.785,0.8459,0.84608,1.37,1.00
2014.09.15 12:50:30.138,0.84591,0.84613,1.52,1.55
2014.09.15 12:50:30.189,0.84591,0.84613,1.45,3.45
2014.09.15 12:50:30.491,0.8459,0.84607,1.37,1.00
2014.09.15 12:50:30.592,0.8459,0.8461,1.37,1.17
2014.09.15 12:50:31.318,0.8459,0.8461,1.00,1.17
2014.09.15 12:50:31.586,0.8459,0.8461,1.37,1.27
2014.09.15 12:50:32.908,0.84587,0.84609,2.70,1.00
2014.09.15 12:50:35.004,0.84586,0.84609,1.52,1.00
2014.09.15 12:50:35.835,0.84587,0.8461,1.65,1.27
2014.09.15 12:50:37.804,0.8459,0.84609,1.55,1.00
2014.09.15 12:50:38.106,0.84585,0.84607,1.00,3.07
2014.09.15 12:50:38.644,0.84584,0.84602,1.12,1.12
2014.09.15 12:50:39.185,0.84585,0.84604,1.12,1.55
2014.09.15 12:50:39.955,0.84585,0.84604,1.37,1.17
2014.09.15 12:50:40.056,0.84585,0.84605,1.47,1.10
2014.09.15 12:50:40.157,0.84585,0.84605,1.90,1.00
2014.09.15 12:50:40.258,0.84586,0.8461,1.65,1.52
2014.09.15 12:50:40.765,0.84586,0.84609,1.55,1.55
2014.09.15 12:50:41.291,0.84585,0.84608,2.02,1.45
2014.09.15 12:50:43.153,0.84585,0.84608,2.40,1.20
2014.09.15 12:50:43.970,0.84585,0.84608,2.02,1.45
2014.09.15 12:50:45.075,0.84585,0.84607,1.15,1.10
2014.09.15 12:50:45.126,0.84585,0.84607,1.17,1.07
2014.09.15 12:50:45.428,0.8459,0.84607,1.00,1.27
2014.09.15 12:50:45.529,0.8459,0.84607,1.12,1.10
2014.09.15 12:50:45.781,0.84586,0.84609,1.15,1.15
2014.09.15 12:50:47.243,0.84585,0.84608,2.40,1.17
2014.09.15 12:50:47.912,0.84585,0.84608,2.02,1.27
2014.09.15 12:50:50.098,0.84585,0.84608,2.40,1.17
2014.09.15 12:50:52.358,0.8459,0.84609,1.37,1.07
2014.09.15 12:50:52.943,0.8459,0.84609,1.37,1.00
2014.09.15 12:50:54.746,0.84585,0.84608,3.82,1.00
2014.09.15 12:50:55.183,0.84589,0.84611,1.47,1.55
2014.09.15 12:50:56.330,0.84586,0.84609,1.90,1.00
2014.09.15 12:50:56.430,0.84586,0.84609,1.52,1.00
2014.09.15 12:50:57.013,0.84585,0.84608,4.57,1.00
2014.09.15 12:50:57.605,0.84585,0.84608,4.20,1.12
2014.09.15 12:50:58.145,0.84585,0.84608,2.02,1.12
2014.09.15 12:50:58.196,0.84585,0.84608,2.40,1.12
2014.09.15 12:50:58.813,0.84585,0.84606,1.52,1.00
2014.09.15 12:51:00.679,0.84585,0.84606,1.90,1.00
2014.09.15 12:51:00.830,0.84585,0.84608,2.40,1.00
2014.09.15 12:51:03.113,0.84585,0.84608,2.40,1.00
2014.09.15 12:51:03.385,0.8459,0.84608,1.12,1.00
2014.09.15 12:51:03.586,0.84585,0.84609,1.90,1.10
2014.09.15 12:51:03.888,0.84585,0.84607,1.90,1.00
2014.09.15 12:51:04.104,0.84585,0.84607,1.90,1.00
2014.09.15 12:51:04.409,0.84585,0.84607,1.90,1.00
2014.09.15 12:51:04.590,0.84585,0.84606,1.52,1.00
2014.09.15 12:51:04.741,0.84585,0.84606,1.92,1.17
2014.09.15 12:51:05.974,0.84585,0.84608,1.90,1.17
2014.09.15 12:51:06.644,0.84585,0.84608,1.90,1.17
2014.09.15 12:51:07.522,0.84585,0.84606,1.52,1.00
2014.09.15 12:51:07.623,0.84584,0.84606,1.92,1.17
2014.09.15 12:51:07.824,0.84584,0.84606,1.90,1.00
2014.09.15 12:51:08.309,0.84584,0.84606,1.90,1.00
2014.09.15 12:51:09.111,0.84584,0.84606,1.90,1.00
2014.09.15 12:51:10.614,0.84584,0.84606,1.90,1.00
2014.09.15 12:51:11.116,0.84584,0.84607,2.40,1.10
2014.09.15 12:51:11.167,0.8459,0.84607,1.37,1.10
2014.09.15 12:51:14.836,0.8459,0.84608,1.37,1.17
2014.09.15 12:51:15.138,0.84595,0.84613,1.37,1.10
2014.09.15 12:51:15.239,0.84595,0.84613,1.50,1.10
2014.09.15 12:51:15.340,0.846,0.84616,1.00,1.17
2014.09.15 12:51:16.146,0.84605,0.84616,1.00,1.17
2014.09.15 12:51:16.246,0.84605,0.84617,1.00,1.00
2014.09.15 12:51:16.371,0.846,0.84617,1.00,1.00
2014.09.15 12:51:16.541,0.846,0.84618,1.37,1.10
2014.09.15 12:51:16.754,0.846,0.84618,1.12,1.10
2014.09.15 12:51:19.893,0.846,0.84618,1.37,1.10
2014.09.15 12:51:22.353,0.846,0.84618,1.37,1.17
2014.09.15 12:51:22.891,0.846,0.84618,1.00,1.15
2014.09.15 12:51:23.406,0.846,0.84618,1.37,1.15
2014.09.15 12:51:24.667,0.846,0.84617,1.12,1.17
2014.09.15 12:51:25.216,0.846,0.84617,1.12,1.15
2014.09.15 12:51:25.763,0.846,0.84617,1.37,1.15
2014.09.15 12:51:26.274,0.846,0.84617,1.00,1.15
2014.09.15 12:51:28.655,0.846,0.84617,1.00,1.15
2014.09.15 12:51:29.269,0.846,0.84617,1.00,3.07
2014.09.15 12:51:29.572,0.846,0.84617,1.00,1.15
2014.09.15 12:51:31.255,0.846,0.84616,1.00,3.45
2014.09.15 12:51:31.406,0.84594,0.84615,1.50,2.70
2014.09.15 12:51:31.507,0.8459,0.84614,1.17,1.15
2014.09.15 12:51:31.608,0.8459,0.84613,1.00,2.32
2014.09.15 12:51:32.134,0.84589,0.84611,1.00,1.15
2014.09.15 12:51:32.436,0.84589,0.84611,1.50,1.15
2014.09.15 12:51:32.588,0.84589,0.84611,1.65,1.10
2014.09.15 12:51:32.638,0.8459,0.84611,1.90,1.10
2014.09.15 12:51:32.689,0.84593,0.84615,1.47,1.27
2014.09.15 12:51:33.262,0.84593,0.84615,1.47,1.27
2014.09.15 12:51:33.786,0.84595,0.84617,1.37,3.45
2014.09.15 12:51:33.937,0.84593,0.84617,1.20,3.82
2014.09.15 12:51:34.463,0.84591,0.84614,1.37,3.45
2014.09.15 12:51:35.234,0.84591,0.84614,1.00,3.07
2014.09.15 12:51:35.573,0.84595,0.84614,1.00,3.45
2014.09.15 12:51:35.724,0.84595,0.84616,1.37,5.62
2014.09.15 12:51:35.825,0.84594,0.84615,1.00,1.15
2014.09.15 12:51:35.976,0.84592,0.84614,1.00,1.15
2014.09.15 12:51:36.077,0.84592,0.84613,1.00,2.32
2014.09.15 12:51:36.228,0.8459,0.84612,1.50,2.32
2014.09.15 12:51:36.329,0.8459,0.84613,1.65,1.15
2014.09.15 12:51:36.430,0.84593,0.84615,1.00,3.07
2014.09.15 12:51:36.666,0.84591,0.84614,1.10,3.07
2014.09.15 12:51:37.122,0.84595,0.84614,1.00,1.15
2014.09.15 12:51:37.435,0.8459,0.84612,1.15,1.00
2014.09.15 12:51:37.536,0.8459,0.84612,1.17,1.17
2014.09.15 12:51:37.637,0.84589,0.84612,4.42,1.00
2014.09.15 12:51:38.154,0.84592,0.84616,1.17,1.15
2014.09.15 12:51:38.483,0.84595,0.84617,1.37,3.45
2014.09.15 12:51:39.203,0.846,0.84617,1.00,3.45
2014.09.15 12:51:40.125,0.84595,0.84617,1.87,3.45
2014.09.15 12:51:41.429,0.84595,0.84617,1.87,3.45
2014.09.15 12:51:41.530,0.84595,0.84617,2.02,1.45
2014.09.15 12:51:42.076,0.84599,0.84619,1.00,1.52
2014.09.15 12:51:42.444,0.84595,0.84619,2.02,1.52
2014.09.15 12:51:42.545,0.84597,0.84619,1.47,1.52
2014.09.15 12:51:42.964,0.84597,0.84619,1.10,1.15
2014.09.15 12:51:43.934,0.846,0.84619,1.00,1.15
2014.09.15 12:51:45.215,0.846,0.84618,1.00,1.17
2014.09.15 12:51:46.419,0.846,0.84618,1.00,1.15
2014.09.15 12:51:46.952,0.84596,0.84618,1.52,1.55
2014.09.15 12:51:47.573,0.84596,0.84618,1.52,1.55
2014.09.15 12:51:48.334,0.846,0.84618,1.00,1.55
2014.09.15 12:51:48.384,0.846,0.84618,1.00,1.55
2014.09.15 12:51:48.926,0.846,0.84618,1.00,1.52
2014.09.15 12:51:49.704,0.846,0.84618,1.00,1.52
2014.09.15 12:51:52.010,0.84596,0.84618,1.20,1.52
2014.09.15 12:51:52.522,0.84594,0.84616,1.47,1.52
2014.09.15 12:51:54.095,0.84591,0.84614,1.52,1.45
2014.09.15 12:51:54.296,0.84591,0.84614,1.52,1.45
2014.09.15 12:51:54.397,0.8459,0.84615,1.65,4.20
2014.09.15 12:51:54.599,0.8459,0.84612,1.57,1.15
2014.09.15 12:51:55.675,0.84589,0.8461,1.55,1.55
2014.09.15 12:51:59.316,0.84589,0.8461,1.55,1.27
2014.09.15 12:52:00.082,0.84589,0.8461,1.55,1.55
2014.09.15 12:52:01.594,0.84588,0.8461,1.47,2.02
2014.09.15 12:52:02.234,0.84588,0.8461,1.10,2.02
2014.09.15 12:52:02.536,0.84581,0.84604,1.45,1.55
2014.09.15 12:52:03.003,0.84579,0.84604,2.02,3.45
2014.09.15 12:52:03.526,0.84579,0.84602,2.02,1.55
2014.09.15 12:52:04.073,0.84578,0.84601,1.27,1.45
2014.09.15 12:52:04.902,0.84577,0.846,3.45,1.20
2014.09.15 12:52:05.333,0.84577,0.846,3.45,1.47
2014.09.15 12:52:05.635,0.8458,0.84601,1.07,1.57
2014.09.15 12:52:05.736,0.84578,0.846,1.00,2.32
2014.09.15 12:52:06.240,0.84575,0.84597,1.15,1.17
2014.09.15 12:52:06.807,0.84575,0.84598,2.02,1.52
2014.09.15 12:52:08.215,0.84575,0.84598,2.02,1.52
2014.09.15 12:52:08.316,0.84574,0.84593,1.20,1.00
2014.09.15 12:52:08.619,0.84575,0.84593,1.17,1.00
2014.09.15 12:52:08.870,0.84574,0.84596,1.20,1.52
2014.09.15 12:52:09.051,0.84574,0.84596,1.12,3.45
2014.09.15 12:52:09.623,0.84573,0.84595,1.47,1.52
2014.09.15 12:52:09.724,0.84573,0.84595,1.17,1.17
2014.09.15 12:52:10.232,0.84573,0.84595,1.55,1.55
2014.09.15 12:52:10.842,0.84573,0.84595,1.55,1.17
2014.09.15 12:52:10.943,0.84575,0.84596,1.55,1.00
2014.09.15 12:52:11.295,0.84576,0.84599,1.00,1.15
2014.09.15 12:52:11.822,0.84575,0.84599,1.65,1.15
2014.09.15 12:52:11.873,0.84575,0.84599,1.10,3.07
2014.09.15 12:52:12.253,0.84573,0.84595,1.10,1.15
2014.09.15 12:52:15.562,0.84573,0.84595,1.47,1.52
2014.09.15 12:52:15.764,0.8457,0.84594,2.02,1.55
2014.09.15 12:52:15.966,0.8457,0.84594,2.40,1.52
2014.09.15 12:52:16.272,0.84571,0.84593,1.10,1.15
2014.09.15 12:52:17.114,0.8457,0.84592,1.65,1.07
2014.09.15 12:52:17.624,0.8457,0.84592,1.95,1.45
2014.09.15 12:52:18.211,0.8457,0.84592,1.95,1.45
2014.09.15 12:52:18.473,0.84575,0.84592,1.00,1.45
2014.09.15 12:52:19.448,0.84575,0.84593,1.00,2.70
2014.09.15 12:52:19.599,0.8457,0.84592,1.95,1.27
2014.09.15 12:52:20.975,0.8457,0.84592,2.02,1.27
2014.09.15 12:52:21.539,0.8457,0.84592,2.02,1.55
2014.09.15 12:52:21.840,0.8457,0.84592,1.55,1.27
2014.09.15 12:52:22.372,0.8457,0.84592,1.87,1.52
2014.09.15 12:52:22.942,0.8457,0.84592,2.02,1.55
2014.09.15 12:52:23.464,0.8457,0.84593,1.55,1.52
2014.09.15 12:52:23.963,0.84571,0.84593,1.47,1.52
2014.09.15 12:52:24.164,0.84571,0.84593,1.52,1.20
2014.09.15 12:52:24.693,0.84573,0.84595,1.20,2.02
2014.09.15 12:52:25.095,0.84573,0.84595,1.27,1.55
2014.09.15 12:52:25.498,0.84572,0.84594,1.47,1.52
2014.09.15 12:52:26.081,0.84572,0.84594,1.47,1.52
2014.09.15 12:52:26.892,0.84571,0.84593,1.55,1.52
2014.09.15 12:52:27.196,0.84579,0.84594,1.35,1.00
2014.09.15 12:52:27.246,0.84581,0.84601,1.00,2.25
2014.09.15 12:52:27.297,0.84581,0.84603,1.10,1.15
2014.09.15 12:52:28.404,0.8458,0.84603,1.55,1.52
2014.09.15 12:52:28.969,0.8458,0.84603,2.02,1.47
2014.09.15 12:52:30.277,0.8458,0.84603,2.02,1.10
2014.09.15 12:52:30.327,0.84583,0.84605,3.07,1.57
2014.09.15 12:52:30.378,0.84584,0.84605,2.32,1.50
2014.09.15 12:52:30.580,0.84585,0.84609,1.52,1.27
2014.09.15 12:52:30.782,0.84586,0.84609,2.70,1.10
2014.09.15 12:52:31.322,0.8459,0.84611,1.47,1.55
2014.09.15 12:52:31.726,0.84589,0.84611,2.02,1.55
2014.09.15 12:52:32.229,0.84587,0.84609,1.47,1.27
2014.09.15 12:52:32.613,0.84587,0.84609,1.10,1.52
2014.09.15 12:52:32.714,0.84586,0.84608,1.10,1.55
2014.09.15 12:52:33.223,0.84586,0.84608,1.00,5.62
2014.09.15 12:52:33.848,0.84587,0.84605,1.12,1.15
2014.09.15 12:52:34.363,0.84586,0.84608,1.12,3.45
2014.09.15 12:52:34.885,0.84585,0.84607,1.57,2.32
2014.09.15 12:52:35.420,0.84585,0.84608,1.10,3.07
2014.09.15 12:52:35.923,0.84587,0.84608,1.00,2.32
2014.09.15 12:52:36.302,0.8459,0.84608,1.00,3.07
2014.09.15 12:52:36.403,0.8459,0.84608,1.00,1.15
2014.09.15 12:52:36.841,0.84587,0.84609,1.37,1.52
2014.09.15 12:52:37.455,0.84585,0.84609,2.02,1.52
2014.09.15 12:52:37.981,0.84588,0.8461,1.12,4.20
2014.09.15 12:52:38.381,0.8459,0.8461,1.00,3.45
2014.09.15 12:52:41.902,0.84589,0.8461,1.00,2.70
2014.09.15 12:52:42.405,0.8459,0.84612,1.00,3.07
2014.09.15 12:52:44.256,0.8459,0.84612,1.37,2.70
2014.09.15 12:52:46.354,0.8459,0.84613,1.65,1.52
2014.09.15 12:52:46.857,0.8459,0.84613,1.27,1.52
2014.09.15 12:52:47.159,0.8459,0.84612,1.27,1.47
2014.09.15 12:52:47.462,0.84595,0.84615,1.00,1.65
2014.09.15 12:52:48.071,0.84595,0.84615,1.00,1.90
2014.09.15 12:52:48.284,0.84595,0.84615,1.00,1.52
2014.09.15 12:52:48.956,0.84595,0.84615,1.00,1.65
2014.09.15 12:52:49.054,0.84592,0.84615,1.17,2.40
2014.09.15 12:52:49.562,0.84592,0.84615,1.15,2.40
2014.09.15 12:52:50.144,0.84592,0.84615,1.15,2.40
2014.09.15 12:52:50.411,0.84591,0.84614,1.15,1.65
2014.09.15 12:52:50.461,0.84591,0.84614,1.15,1.65
2014.09.15 12:52:51.363,0.84594,0.84615,1.10,1.55
2014.09.15 12:52:51.899,0.84595,0.84615,1.00,1.55
2014.09.15 12:52:52.467,0.84595,0.84615,1.00,1.65
2014.09.15 12:52:52.719,0.84592,0.84615,1.10,2.40
2014.09.15 12:52:54.601,0.84592,0.84615,1.10,2.40
2014.09.15 12:52:54.803,0.84591,0.84614,1.17,1.90
2014.09.15 12:52:54.904,0.8459,0.8461,1.00,1.52
2014.09.15 12:52:57.478,0.84589,0.8461,1.17,1.47
2014.09.15 12:52:57.582,0.84589,0.8461,1.27,1.37
2014.09.15 12:52:58.401,0.84595,0.84614,1.00,1.95
2014.09.15 12:52:59.062,0.84591,0.84614,1.15,1.95
2014.09.15 12:52:59.566,0.84589,0.84611,2.02,1.45
2014.09.15 12:52:59.666,0.84589,0.84611,2.02,1.55
2014.09.15 12:53:00.332,0.84589,0.84611,2.02,1.55
2014.09.15 12:53:00.602,0.84589,0.84611,2.02,1.55
2014.09.15 12:53:01.101,0.8459,0.8461,1.10,1.47
2014.09.15 12:53:01.931,0.8459,0.84608,1.10,1.37
2014.09.15 12:53:02.384,0.84588,0.8461,1.10,2.02
2014.09.15 12:53:02.847,0.84589,0.8461,1.17,1.47
2014.09.15 12:53:02.898,0.84589,0.8461,1.17,1.10
2014.09.15 12:53:03.050,0.84589,0.8461,1.15,1.00
2014.09.15 12:53:03.352,0.84589,0.84614,1.65,3.45
2014.09.15 12:53:04.242,0.84587,0.84609,1.27,1.47
2014.09.15 12:53:04.293,0.84587,0.84609,1.27,1.55
2014.09.15 12:53:04.823,0.84587,0.8461,1.55,1.52
2014.09.15 12:53:07.027,0.8459,0.84611,1.00,1.52
2014.09.15 12:53:07.570,0.8459,0.84611,1.17,1.47
2014.09.15 12:53:11.500,0.8459,0.84611,1.00,1.52
2014.09.15 12:53:12.013,0.8459,0.84611,1.00,1.52
2014.09.15 12:53:12.315,0.84588,0.8461,1.00,1.52
2014.09.15 12:53:14.790,0.8459,0.84611,1.00,3.45
2014.09.15 12:53:18.710,0.8459,0.8461,1.00,1.55
2014.09.15 12:53:18.760,0.8459,0.8461,1.00,1.27
2014.09.15 12:53:18.811,0.8459,0.8461,1.00,3.45
2014.09.15 12:53:18.912,0.8459,0.84609,1.00,1.00
2014.09.15 12:53:19.455,0.8459,0.84613,1.65,1.15
2014.09.15 12:53:21.672,0.8459,0.84612,1.27,1.52
2014.09.15 12:53:21.974,0.8459,0.84614,1.15,1.15
2014.09.15 12:53:22.654,0.8459,0.84614,1.27,1.65
2014.09.15 12:53:22.956,0.84589,0.8461,1.15,1.47
2014.09.15 12:53:23.258,0.8459,0.84613,1.12,2.70
2014.09.15 12:53:24.559,0.84589,0.84613,1.57,2.70
2014.09.15 12:53:24.898,0.84589,0.84614,1.95,1.65
2014.09.15 12:53:25.447,0.8459,0.84614,1.55,1.52
2014.09.15 12:53:25.844,0.84589,0.8461,1.20,1.17
2014.09.15 12:53:26.216,0.84589,0.8461,1.07,1.10
2014.09.15 12:53:26.518,0.84587,0.84612,1.27,1.90
2014.09.15 12:53:29.574,0.84586,0.84609,2.70,1.20
2014.09.15 12:53:30.248,0.84589,0.84612,1.55,1.52
2014.09.15 12:53:31.022,0.84589,0.84612,1.55,1.15
2014.09.15 12:53:32.480,0.84589,0.84612,1.55,1.15
2014.09.15 12:53:32.943,0.84589,0.84612,3.45,1.00
2014.09.15 12:53:33.408,0.8459,0.84613,1.07,1.52
2014.09.15 12:53:33.459,0.84587,0.84612,1.52,1.55
2014.09.15 12:53:33.661,0.84588,0.84612,2.70,1.47
2014.09.15 12:53:33.963,0.84593,0.84615,1.17,2.40
2014.09.15 12:53:34.792,0.84593,0.84615,1.17,2.02
2014.09.15 12:53:34.931,0.84593,0.84615,1.17,1.65
2014.09.15 12:53:35.490,0.84593,0.84615,1.55,1.55
2014.09.15 12:53:36.593,0.84593,0.84615,1.55,1.55
2014.09.15 12:53:37.274,0.84593,0.84615,1.55,1.55
2014.09.15 12:53:37.831,0.84593,0.84615,1.55,1.55
2014.09.15 12:53:38.098,0.84592,0.84614,1.20,1.15
2014.09.15 12:53:38.250,0.84592,0.84614,1.10,3.07
2014.09.15 12:53:38.401,0.84587,0.8461,1.27,1.57
2014.09.15 12:53:38.451,0.84587,0.8461,1.27,1.57
2014.09.15 12:53:38.754,0.84586,0.84608,1.45,1.17
2014.09.15 12:53:39.642,0.84585,0.84607,1.87,1.52
2014.09.15 12:53:40.651,0.8459,0.84608,1.00,1.45
2014.09.15 12:53:41.081,0.84586,0.84608,1.45,1.45
2014.09.15 12:53:41.531,0.84586,0.84608,1.20,1.45
2014.09.15 12:53:42.046,0.84585,0.84607,1.47,1.52
2014.09.15 12:53:42.717,0.84585,0.84607,1.47,1.52
2014.09.15 12:53:43.219,0.84585,0.84607,1.47,1.52
2014.09.15 12:53:44.341,0.84585,0.84604,1.10,1.00
2014.09.15 12:53:44.643,0.84585,0.84599,1.00,1.00
2014.09.15 12:53:44.794,0.84585,0.84606,1.00,1.52
2014.09.15 12:53:46.371,0.84582,0.84604,1.37,1.15
2014.09.15 12:53:46.573,0.84578,0.846,3.45,1.00
2014.09.15 12:53:46.673,0.8458,0.846,3.07,1.00
2014.09.15 12:53:46.774,0.84583,0.84605,1.17,1.65
2014.09.15 12:53:47.309,0.84585,0.84605,1.00,1.15
2014.09.15 12:53:53.389,0.84585,0.84605,1.00,2.32
2014.09.15 12:53:53.440,0.84582,0.84605,1.10,3.82
2014.09.15 12:53:53.641,0.84579,0.84601,1.20,1.45
2014.09.15 12:53:54.196,0.84579,0.846,1.20,1.52
2014.09.15 12:53:54.949,0.84577,0.846,1.52,1.65
2014.09.15 12:53:55.000,0.84577,0.846,1.52,1.50
2014.09.15 12:53:55.050,0.84577,0.846,1.65,1.50
2014.09.15 12:53:55.679,0.8458,0.84602,1.87,1.15
2014.09.15 12:53:56.029,0.84585,0.84602,1.00,1.15
2014.09.15 12:53:56.080,0.8458,0.84602,1.87,1.15
2014.09.15 12:53:56.270,0.8458,0.846,1.00,1.12
2014.09.15 12:53:56.797,0.8458,0.846,1.00,1.37
2014.09.15 12:54:00.121,0.84577,0.846,1.52,1.87
2014.09.15 12:54:01.554,0.84577,0.846,1.55,2.02
2014.09.15 12:54:03.590,0.84578,0.846,1.47,2.02
2014.09.15 12:54:04.185,0.84578,0.846,1.57,2.02
2014.09.15 12:54:05.180,0.84578,0.846,1.27,2.02
2014.09.15 12:54:06.369,0.84578,0.846,1.57,2.02
2014.09.15 12:54:06.720,0.84582,0.84605,1.17,1.52
2014.09.15 12:54:07.550,0.84582,0.846,1.17,1.00
2014.09.15 12:54:08.465,0.84582,0.84604,1.17,1.55
2014.09.15 12:54:09.130,0.84582,0.846,1.17,1.00
2014.09.15 12:54:09.693,0.84582,0.84604,1.27,1.55
2014.09.15 12:54:12.078,0.84582,0.84604,1.55,1.55
2014.09.15 12:54:13.930,0.84584,0.84605,1.37,1.15
2014.09.15 12:54:14.081,0.84584,0.84605,1.52,1.10
2014.09.15 12:54:14.132,0.84584,0.84605,1.90,1.10
2014.09.15 12:54:14.241,0.84586,0.84611,1.52,1.52
2014.09.15 12:54:14.492,0.84588,0.84611,1.15,1.10
2014.09.15 12:54:15.800,0.84588,0.84611,1.52,1.10
2014.09.15 12:54:16.052,0.8459,0.84614,3.45,1.47
2014.09.15 12:54:16.303,0.8459,0.84614,3.45,1.47
2014.09.15 12:54:16.887,0.84595,0.84614,1.00,1.47
2014.09.15 12:54:17.744,0.84595,0.84613,1.00,1.37
2014.09.15 12:54:17.996,0.84589,0.84611,1.52,1.37
2014.09.15 12:54:21.921,0.84588,0.84612,2.32,1.85
2014.09.15 12:54:22.072,0.84587,0.8461,1.10,1.90
2014.09.15 12:54:22.630,0.84585,0.84605,1.52,1.12
2014.09.15 12:54:23.220,0.84585,0.84605,1.27,1.37
2014.09.15 12:54:23.761,0.84584,0.84607,2.02,1.47
2014.09.15 12:54:24.353,0.84585,0.84605,1.52,1.12
2014.09.15 12:54:24.655,0.84585,0.84607,1.27,1.47
2014.09.15 12:54:26.742,0.84585,0.84607,1.15,1.57
2014.09.15 12:54:28.733,0.84585,0.8461,1.65,1.90
2014.09.15 12:54:29.280,0.84585,0.8461,1.65,1.90
2014.09.15 12:54:29.829,0.84585,0.8461,1.65,1.90
2014.09.15 12:54:32.380,0.84585,0.8461,2.02,2.40
2014.09.15 12:54:32.894,0.84584,0.84605,1.15,1.00
2014.09.15 12:54:33.301,0.84586,0.84605,1.07,1.00
2014.09.15 12:54:33.402,0.84589,0.84609,1.20,1.00
2014.09.15 12:54:33.503,0.84589,0.84609,1.17,1.00
2014.09.15 12:54:33.554,0.84592,0.84614,1.20,1.15
2014.09.15 12:54:33.705,0.84592,0.84614,1.17,1.17
2014.09.15 12:54:34.326,0.84591,0.84613,1.17,1.07
2014.09.15 12:54:35.789,0.8459,0.84612,1.27,1.47
2014.09.15 12:54:35.890,0.8459,0.84612,1.52,1.47
2014.09.15 12:54:36.969,0.84592,0.84614,1.45,1.55
2014.09.15 12:54:37.471,0.84592,0.84614,1.52,1.47
2014.09.15 12:54:37.623,0.84593,0.84615,1.52,1.47
2014.09.15 12:54:37.874,0.84594,0.84616,1.27,1.55
2014.09.15 12:54:38.349,0.84598,0.8462,1.00,1.65
2014.09.15 12:54:38.400,0.84598,0.8462,1.12,1.52
2014.09.15 12:54:38.914,0.84599,0.84621,1.00,3.45
2014.09.15 12:54:38.975,0.84599,0.84621,1.00,3.82
2014.09.15 12:54:39.255,0.84596,0.84619,1.10,3.45
2014.09.15 12:54:39.407,0.84596,0.84615,1.10,1.47
2014.09.15 12:54:39.712,0.84598,0.8462,1.10,1.90
2014.09.15 12:54:40.280,0.84596,0.84619,1.17,1.55
2014.09.15 12:54:40.431,0.84595,0.84615,1.10,1.10
2014.09.15 12:54:40.783,0.84597,0.84619,1.12,2.70
2014.09.15 12:54:40.834,0.84597,0.8462,1.27,2.02
2014.09.15 12:54:40.935,0.84597,0.8462,1.15,1.65
2014.09.15 12:54:41.269,0.84596,0.84619,1.17,1.17
2014.09.15 12:54:41.751,0.84595,0.84618,1.10,3.07
2014.09.15 12:54:42.053,0.84591,0.84613,1.17,1.10
2014.09.15 12:54:42.568,0.84591,0.84613,1.55,1.20
2014.09.15 12:54:43.533,0.84591,0.84613,1.55,1.47
2014.09.15 12:54:43.634,0.84592,0.84614,1.07,1.37
2014.09.15 12:54:43.785,0.84592,0.84614,1.15,1.57
2014.09.15 12:54:44.341,0.84592,0.84614,1.15,1.55
2014.09.15 12:54:44.599,0.84592,0.84614,1.15,1.92
2014.09.15 12:54:44.996,0.84592,0.84614,1.15,1.55
2014.09.15 12:54:45.940,0.8459,0.84611,2.32,1.37
2014.09.15 12:54:46.041,0.84589,0.84611,1.15,1.47
2014.09.15 12:54:46.242,0.84589,0.84611,1.00,4.20
2014.09.15 12:54:46.545,0.84585,0.84607,1.37,1.15
2014.09.15 12:54:47.228,0.84585,0.84607,1.12,1.52
2014.09.15 12:54:47.733,0.84582,0.84606,1.27,1.52
2014.09.15 12:54:47.844,0.84582,0.84606,1.15,1.15
2014.09.15 12:54:48.146,0.84584,0.84607,1.07,1.15
2014.09.15 12:54:48.660,0.84585,0.84605,1.10,1.17
2014.09.15 12:54:49.185,0.84585,0.84605,1.00,1.17
2014.09.15 12:54:50.561,0.84585,0.84602,1.00,1.00
2014.09.15 12:54:50.712,0.8458,0.84602,1.65,1.07
2014.09.15 12:54:50.864,0.8458,0.84602,1.50,1.15
2014.09.15 12:54:51.387,0.84581,0.846,1.00,1.20
2014.09.15 12:54:51.768,0.84579,0.846,1.00,1.20
2014.09.15 12:54:51.942,0.84579,0.846,1.00,1.95
2014.09.15 12:54:52.250,0.84576,0.84599,1.17,1.90
2014.09.15 12:54:52.767,0.84576,0.84599,1.15,1.90
2014.09.15 12:54:53.622,0.84576,0.84599,1.27,1.65
2014.09.15 12:54:54.159,0.84576,0.84599,1.17,1.92
2014.09.15 12:54:54.431,0.84576,0.84599,1.17,1.92
2014.09.15 12:54:54.582,0.84575,0.84595,1.10,1.45
2014.09.15 12:54:54.633,0.84575,0.84595,1.10,1.82
2014.09.15 12:54:54.734,0.84575,0.84595,1.00,1.52
2014.09.15 12:54:54.785,0.84571,0.84595,1.17,2.02
2014.09.15 12:54:55.333,0.84571,0.84594,1.07,2.70
2014.09.15 12:54:55.838,0.84571,0.84593,1.00,2.32
2014.09.15 12:54:56.140,0.84571,0.84593,1.00,3.07
2014.09.15 12:54:56.716,0.8457,0.84592,1.57,1.90
2014.09.15 12:54:57.936,0.8457,0.84592,1.57,1.90
2014.09.15 12:54:58.336,0.8457,0.84592,1.57,1.65
2014.09.15 12:54:59.967,0.8457,0.84591,1.10,1.65
2014.09.15 12:55:00.370,0.8457,0.8459,1.10,1.90
2014.09.15 12:55:00.723,0.84565,0.84588,1.07,1.65
2014.09.15 12:55:00.823,0.84565,0.84587,1.07,1.45
2014.09.15 12:55:01.391,0.84565,0.84587,1.57,1.57
2014.09.15 12:55:02.050,0.84566,0.84589,1.10,1.90
2014.09.15 12:55:02.150,0.84566,0.84589,1.20,1.52
2014.09.15 12:55:02.379,0.8457,0.8459,1.00,3.07
2014.09.15 12:55:02.599,0.84565,0.84588,1.95,1.55
2014.09.15 12:55:02.649,0.84565,0.84588,1.57,1.92
2014.09.15 12:55:02.801,0.84563,0.84585,1.20,2.02
2014.09.15 12:55:02.852,0.84563,0.84585,1.07,2.02
2014.09.15 12:55:03.355,0.84565,0.84586,1.12,1.52
2014.09.15 12:55:03.910,0.84566,0.84587,1.12,2.70
2014.09.15 12:55:04.393,0.84564,0.84587,1.20,3.07
2014.09.15 12:55:04.661,0.84566,0.84587,1.12,2.70
2014.09.15 12:55:05.212,0.84566,0.84589,1.12,1.65
2014.09.15 12:55:06.059,0.84566,0.84589,1.00,1.90
2014.09.15 12:55:06.562,0.84564,0.84587,1.52,1.52
2014.09.15 12:55:07.262,0.84564,0.84587,1.52,1.52
2014.09.15 12:55:07.864,0.84564,0.84587,1.52,1.52
2014.09.15 12:55:08.366,0.84564,0.84587,1.52,1.45
2014.09.15 12:55:08.467,0.84566,0.84589,1.52,1.52
2014.09.15 12:55:09.069,0.84567,0.8459,1.27,2.02
2014.09.15 12:55:09.399,0.84567,0.8459,1.27,2.02
2014.09.15 12:55:09.890,0.84565,0.84588,1.52,1.57
2014.09.15 12:55:11.170,0.84567,0.84585,1.47,1.00
2014.09.15 12:55:11.220,0.84567,0.84585,1.10,1.00
2014.09.15 12:55:11.321,0.84567,0.84585,1.47,1.00
2014.09.15 12:55:11.372,0.84567,0.8459,1.47,2.02
2014.09.15 12:55:11.689,0.84565,0.84588,1.52,1.55
2014.09.15 12:55:12.254,0.84564,0.84587,1.52,1.52
2014.09.15 12:55:12.567,0.84564,0.84585,1.12,1.52
2014.09.15 12:55:13.073,0.84565,0.84585,1.00,1.15
2014.09.15 12:55:13.680,0.84565,0.84587,1.50,3.07
2014.09.15 12:55:14.331,0.84564,0.84585,1.20,1.45
2014.09.15 12:55:14.881,0.84564,0.84586,1.47,1.55
2014.09.15 12:55:15.221,0.84563,0.84585,1.12,1.52
2014.09.15 12:55:16.521,0.84563,0.84585,1.57,1.52
2014.09.15 12:55:16.622,0.84563,0.84585,1.55,1.20
2014.09.15 12:55:16.824,0.84565,0.84586,1.57,1.37
2014.09.15 12:55:17.025,0.84564,0.84585,1.27,1.45
2014.09.15 12:55:18.109,0.84564,0.84587,1.17,1.52
2014.09.15 12:55:18.210,0.84564,0.84585,1.17,1.55
2014.09.15 12:55:20.012,0.84564,0.84585,1.17,1.65
2014.09.15 12:55:20.113,0.84563,0.84585,1.12,2.02
2014.09.15 12:55:20.163,0.84563,0.84584,1.12,2.70
2014.09.15 12:55:20.667,0.84564,0.84585,1.00,1.52
2014.09.15 12:55:22.951,0.84564,0.84585,1.12,1.52
2014.09.15 12:55:23.479,0.84562,0.84585,1.20,1.52
2014.09.15 12:55:24.549,0.84564,0.84585,1.00,1.52
2014.09.15 12:55:25.121,0.84564,0.84586,1.10,1.95
2014.09.15 12:55:25.324,0.84564,0.84586,1.47,1.95
2014.09.15 12:55:26.139,0.84563,0.84585,1.27,1.87
2014.09.15 12:55:27.155,0.84563,0.84585,1.07,1.57
2014.09.15 12:55:27.307,0.84561,0.84583,1.45,1.52
2014.09.15 12:55:27.659,0.84561,0.84582,1.37,2.70
2014.09.15 12:55:28.442,0.84558,0.8458,1.47,1.52
2014.09.15 12:55:28.647,0.84558,0.8458,1.20,1.52
2014.09.15 12:55:29.212,0.84558,0.8458,1.10,1.65
2014.09.15 12:55:30.021,0.84558,0.8458,1.10,1.90
2014.09.15 12:55:30.424,0.8455,0.84574,1.92,1.27
2014.09.15 12:55:30.927,0.84552,0.84574,3.45,1.12
2014.09.15 12:55:31.129,0.84556,0.84579,5.62,1.50
2014.09.15 12:55:31.469,0.84556,0.84579,5.25,1.75
2014.09.15 12:55:31.670,0.84556,0.84579,5.25,1.00
2014.09.15 12:55:32.231,0.84556,0.84579,5.62,1.37
2014.09.15 12:55:32.682,0.8456,0.84581,1.57,1.27
2014.09.15 12:55:32.959,0.8456,0.84581,1.57,1.27
2014.09.15 12:55:33.535,0.8456,0.84581,1.20,1.57
2014.09.15 12:55:33.585,0.84556,0.84578,4.87,1.00
2014.09.15 12:55:35.171,0.84556,0.84581,5.62,1.57
2014.09.15 12:55:35.480,0.84559,0.84581,2.02,1.12
2014.09.15 12:55:36.010,0.84559,0.84581,2.02,1.37
2014.09.15 12:55:36.330,0.84558,0.84581,2.70,1.37
2014.09.15 12:55:36.587,0.84559,0.8458,1.27,1.55
2014.09.15 12:55:36.889,0.84558,0.8458,1.20,1.52
2014.09.15 12:55:36.940,0.8456,0.84581,1.00,3.07
2014.09.15 12:55:37.042,0.84558,0.8458,1.20,1.52
2014.09.15 12:55:37.591,0.84555,0.84575,1.07,1.00
2014.09.15 12:55:37.642,0.84555,0.84575,1.10,1.10
2014.09.15 12:55:37.944,0.84559,0.84578,1.00,1.15
2014.09.15 12:55:38.045,0.84555,0.84578,3.07,1.10
2014.09.15 12:55:38.893,0.84557,0.8458,1.27,1.07
2014.09.15 12:55:38.994,0.84557,0.8458,1.27,1.00
2014.09.15 12:55:39.162,0.84559,0.8458,3.07,1.00
2014.09.15 12:55:39.364,0.8456,0.8458,1.00,1.00
2014.09.15 12:55:39.465,0.8456,0.8458,1.15,1.00
2014.09.15 12:55:39.767,0.84562,0.84584,1.17,1.17
2014.09.15 12:55:40.387,0.84562,0.84585,1.55,1.52
2014.09.15 12:55:40.790,0.8456,0.84582,1.55,1.27
2014.09.15 12:55:40.891,0.84561,0.84583,1.55,1.07
2014.09.15 12:55:40.992,0.84561,0.84583,1.52,1.10
2014.09.15 12:55:42.088,0.84562,0.84586,1.52,1.52
2014.09.15 12:55:42.290,0.84561,0.84583,1.55,1.47
2014.09.15 12:55:42.391,0.84565,0.84583,1.37,1.10
2014.09.15 12:55:42.894,0.84565,0.84585,1.37,1.57
2014.09.15 12:55:45.767,0.84564,0.84585,1.20,1.57
2014.09.15 12:55:45.818,0.84564,0.84582,1.20,1.00
2014.09.15 12:55:46.120,0.84559,0.8458,1.55,1.37
2014.09.15 12:55:46.422,0.84561,0.84583,1.47,1.55
2014.09.15 12:55:46.925,0.8456,0.84583,1.37,1.52
2014.09.15 12:55:50.201,0.8456,0.84583,1.37,1.52
2014.09.15 12:55:50.722,0.8456,0.84583,1.55,1.52
2014.09.15 12:55:51.030,0.8456,0.84583,1.90,1.17
2014.09.15 12:55:51.282,0.84565,0.84586,1.47,1.10
2014.09.15 12:55:51.832,0.84565,0.84589,1.52,1.52
2014.09.15 12:55:55.059,0.84564,0.84585,1.52,1.00
2014.09.15 12:55:55.389,0.84565,0.84589,1.52,1.52
2014.09.15 12:55:56.190,0.84565,0.84589,1.52,1.52
2014.09.15 12:55:56.492,0.84564,0.84585,1.37,1.27
2014.09.15 12:55:56.794,0.8456,0.84582,1.85,1.15
2014.09.15 12:55:57.510,0.8456,0.8458,1.57,1.10
2014.09.15 12:55:57.629,0.8456,0.8458,1.47,1.20
2014.09.15 12:55:58.337,0.8456,0.8458,1.47,1.47
2014.09.15 12:55:58.840,0.8456,0.84582,1.95,1.27
2014.09.15 12:55:59.441,0.8456,0.84582,1.52,1.55
2014.09.15 12:56:00.115,0.8456,0.84582,1.52,1.27
2014.09.15 12:56:00.531,0.84561,0.84585,1.65,2.02
2014.09.15 12:56:00.933,0.84564,0.84585,1.12,1.52
2014.09.15 12:56:01.469,0.84561,0.84585,1.52,2.02
2014.09.15 12:56:01.520,0.84561,0.84585,1.65,2.02
2014.09.15 12:56:01.823,0.84565,0.84585,1.52,1.00
2014.09.15 12:56:02.024,0.84565,0.84586,1.47,1.27
2014.09.15 12:56:02.532,0.84563,0.84585,1.47,2.02
2014.09.15 12:56:03.081,0.84563,0.84585,1.52,2.02
2014.09.15 12:56:03.232,0.84563,0.84585,1.52,2.02
2014.09.15 12:56:03.333,0.84562,0.84584,1.00,1.52
2014.09.15 12:56:03.434,0.84562,0.84584,1.00,1.65
2014.09.15 12:56:03.635,0.84557,0.84581,1.55,1.15
2014.09.15 12:56:04.381,0.8456,0.8458,1.00,1.17
2014.09.15 12:56:05.849,0.8456,0.84581,1.37,1.52
2014.09.15 12:56:05.909,0.8456,0.84581,1.47,1.52
2014.09.15 12:56:06.489,0.8456,0.84581,1.10,1.17
2014.09.15 12:56:07.313,0.8456,0.84583,1.07,1.15
2014.09.15 12:56:07.834,0.8456,0.84583,1.15,1.27
2014.09.15 12:56:08.136,0.8456,0.84581,1.07,1.17
2014.09.15 12:56:08.337,0.84557,0.8458,1.20,1.65
2014.09.15 12:56:09.751,0.84555,0.84578,1.52,1.55
2014.09.15 12:56:10.518,0.84555,0.84578,1.52,1.55
2014.09.15 12:56:11.937,0.84555,0.84578,1.52,1.55
2014.09.15 12:56:12.563,0.84555,0.84578,1.52,1.55
2014.09.15 12:56:13.089,0.84555,0.84578,1.52,1.55
2014.09.15 12:56:13.677,0.84555,0.84578,1.52,1.55
2014.09.15 12:56:14.236,0.84555,0.84578,1.52,1.55
2014.09.15 12:56:14.852,0.84555,0.84578,1.52,1.55
2014.09.15 12:56:15.667,0.84556,0.84579,1.65,1.45
2014.09.15 12:56:16.188,0.84557,0.8458,1.27,1.47
2014.09.15 12:56:16.706,0.84557,0.8458,1.52,1.47
2014.09.15 12:56:16.757,0.84557,0.8458,1.52,1.10
2014.09.15 12:56:21.883,0.84557,0.8458,1.52,1.47
2014.09.15 12:56:22.398,0.84557,0.8458,1.52,1.10
2014.09.15 12:56:22.908,0.84557,0.8458,1.65,1.20
2014.09.15 12:56:25.200,0.84557,0.8458,1.52,1.47
2014.09.15 12:56:25.866,0.84557,0.8458,1.65,1.20
2014.09.15 12:56:26.367,0.84557,0.8458,1.52,1.47
2014.09.15 12:56:26.868,0.84557,0.8458,1.52,1.20
2014.09.15 12:56:27.369,0.84557,0.8458,1.65,1.20
2014.09.15 12:56:27.700,0.84559,0.8458,3.07,1.00
2014.09.15 12:56:27.801,0.8456,0.84582,1.90,1.12
2014.09.15 12:56:30.800,0.8456,0.84584,1.52,1.45
2014.09.15 12:56:31.728,0.84561,0.84584,1.55,1.20
2014.09.15 12:56:32.108,0.84563,0.84585,1.45,2.02
2014.09.15 12:56:32.882,0.84564,0.84585,1.52,1.47
2014.09.15 12:56:33.083,0.84564,0.84585,1.52,1.20
2014.09.15 12:56:36.704,0.84564,0.84586,1.52,1.27
2014.09.15 12:56:37.229,0.84564,0.84586,1.52,1.12
2014.09.15 12:56:37.994,0.84564,0.84586,1.52,1.00
2014.09.15 12:56:38.507,0.84564,0.84586,1.52,1.37
2014.09.15 12:56:40.437,0.84564,0.84586,1.52,1.27
2014.09.15 12:56:40.539,0.84564,0.84586,1.52,1.27
2014.09.15 12:56:40.640,0.84564,0.84586,1.52,1.27
2014.09.15 12:56:40.949,0.84562,0.8458,1.27,1.00
2014.09.15 12:56:41.251,0.84565,0.84585,1.37,1.07
2014.09.15 12:56:41.786,0.84565,0.84585,1.52,1.00
2014.09.15 12:56:42.318,0.84565,0.84585,1.52,1.00
2014.09.15 12:56:42.839,0.84565,0.84585,1.47,1.27
2014.09.15 12:56:43.398,0.84565,0.84585,1.47,1.55
2014.09.15 12:56:48.052,0.84565,0.84585,1.55,1.12
2014.09.15 12:56:50.758,0.84565,0.84586,1.55,1.10
2014.09.15 12:56:51.061,0.84565,0.84587,2.02,1.20
2014.09.15 12:56:53.067,0.84565,0.8459,3.37,2.02
2014.09.15 12:56:53.599,0.84567,0.8459,1.55,2.02
2014.09.15 12:56:54.140,0.84565,0.84589,1.90,1.52
2014.09.15 12:56:54.782,0.84565,0.84589,3.45,1.47
2014.09.15 12:56:55.135,0.84566,0.84591,1.90,1.15
2014.09.15 12:56:55.185,0.84568,0.84591,3.07,1.00
2014.09.15 12:56:55.286,0.84571,0.84592,2.70,1.00
2014.09.15 12:56:55.835,0.84571,0.84595,4.20,1.47
2014.09.15 12:56:56.369,0.84571,0.84595,2.02,1.52
2014.09.15 12:57:00.067,0.84571,0.84591,1.27,1.10
2014.09.15 12:57:00.118,0.84571,0.84591,1.10,1.10
2014.09.15 12:57:00.379,0.84571,0.84593,1.47,1.52
2014.09.15 12:57:00.580,0.84573,0.84595,1.55,2.02
2014.09.15 12:57:01.189,0.84573,0.84595,1.52,1.12
2014.09.15 12:57:01.390,0.84573,0.84595,1.52,1.87
2014.09.15 12:57:02.224,0.84572,0.84594,1.52,1.37
2014.09.15 12:57:03.028,0.84571,0.84593,1.52,1.37
2014.09.15 12:57:03.964,0.84571,0.84593,1.52,1.37
2014.09.15 12:57:05.168,0.84571,0.84593,1.52,1.37
2014.09.15 12:57:06.708,0.84571,0.84593,1.27,1.55
2014.09.15 12:57:06.808,0.84569,0.84592,1.52,1.57
2014.09.15 12:57:06.909,0.84569,0.84592,1.47,3.45
2014.09.15 12:57:07.982,0.84566,0.8459,2.02,1.52
2014.09.15 12:57:08.527,0.84566,0.8459,1.52,1.52
2014.09.15 12:57:08.628,0.84566,0.8459,1.17,3.45
2014.09.15 12:57:08.880,0.8457,0.84589,1.37,1.07
2014.09.15 12:57:08.930,0.8457,0.84589,1.37,1.07
2014.09.15 12:57:09.082,0.8457,0.84591,1.47,1.45
2014.09.15 12:57:09.722,0.8457,0.84592,1.52,1.55
2014.09.15 12:57:11.286,0.8457,0.84592,1.52,1.55
2014.09.15 12:57:11.387,0.84569,0.84591,1.52,1.47
2014.09.15 12:57:11.538,0.84569,0.8459,1.20,1.47
2014.09.15 12:57:14.111,0.84568,0.8459,1.27,1.47
2014.09.15 12:57:15.028,0.84567,0.84586,1.27,1.37
2014.09.15 12:57:15.230,0.84566,0.84588,1.52,1.47
2014.09.15 12:57:15.733,0.84564,0.84585,1.55,1.12
2014.09.15 12:57:16.249,0.84565,0.84586,1.45,1.37
2014.09.15 12:57:17.453,0.84564,0.84586,1.52,1.95
2014.09.15 12:57:17.604,0.84564,0.84586,1.20,2.02
2014.09.15 12:57:17.906,0.84562,0.84585,1.20,1.52
2014.09.15 12:57:18.057,0.84562,0.84584,1.12,2.70
2014.09.15 12:57:20.608,0.84562,0.84584,1.37,2.70
2014.09.15 12:57:20.949,0.8456,0.84583,1.37,3.45
2014.09.15 12:57:21.461,0.84559,0.84582,1.52,1.52
2014.09.15 12:57:22.233,0.8456,0.84582,2.70,1.45
2014.09.15 12:57:22.806,0.84561,0.84582,2.70,1.37
2014.09.15 12:57:23.339,0.84563,0.84582,2.32,1.37
2014.09.15 12:57:24.087,0.84563,0.8458,2.32,1.00
2014.09.15 12:57:24.188,0.8456,0.8458,2.32,1.00
2014.09.15 12:57:24.241,0.84562,0.8458,2.32,1.00
2014.09.15 12:57:24.342,0.8456,0.8458,2.70,1.37
2014.09.15 12:57:24.676,0.84561,0.84583,2.70,1.37
2014.09.15 12:57:25.179,0.84561,0.84584,5.62,1.37
2014.09.15 12:57:25.705,0.84561,0.84584,5.62,1.37
2014.09.15 12:57:26.221,0.84561,0.84584,5.62,1.37
2014.09.15 12:57:28.464,0.84562,0.84585,1.52,1.87
2014.09.15 12:57:28.752,0.84562,0.84585,1.52,1.87
2014.09.15 12:57:29.384,0.84563,0.84585,1.55,2.02
2014.09.15 12:57:30.751,0.84564,0.84585,1.20,1.55
2014.09.15 12:57:30.801,0.84564,0.84585,1.20,1.57
2014.09.15 12:57:31.104,0.84565,0.84585,1.52,1.12
2014.09.15 12:57:31.969,0.84565,0.84587,4.20,1.37
2014.09.15 12:57:32.617,0.84565,0.84587,4.57,1.00
2014.09.15 12:57:33.134,0.84565,0.84587,4.57,1.00
2014.09.15 12:57:33.742,0.84566,0.84588,1.65,1.00
2014.09.15 12:57:34.808,0.84566,0.8459,1.65,1.95
2014.09.15 12:57:35.111,0.84573,0.84594,2.70,1.37
2014.09.15 12:57:35.617,0.84573,0.84596,3.45,1.47
2014.09.15 12:57:35.850,0.84571,0.84593,1.52,1.47
2014.09.15 12:57:35.901,0.84571,0.84593,1.55,1.45
2014.09.15 12:57:36.957,0.8457,0.84592,1.45,1.55
2014.09.15 12:57:37.042,0.8457,0.84592,1.07,1.17
2014.09.15 12:57:37.244,0.8457,0.84592,1.20,1.55
2014.09.15 12:57:37.804,0.8457,0.84592,1.12,1.52
2014.09.15 12:57:41.051,0.84569,0.8459,1.47,1.45
2014.09.15 12:57:42.826,0.84573,0.84593,1.00,2.70
2014.09.15 12:57:43.356,0.84572,0.84594,1.37,2.70
2014.09.15 12:57:43.858,0.84573,0.84594,1.12,2.70
2014.09.15 12:57:49.168,0.84573,0.84594,1.00,3.07
2014.09.15 12:57:51.076,0.84573,0.8459,1.00,1.10
2014.09.15 12:57:51.378,0.8457,0.84592,1.87,1.52
2014.09.15 12:57:51.545,0.84574,0.84593,1.00,2.70
2014.09.15 12:57:52.945,0.84573,0.84593,1.00,2.70
2014.09.15 12:57:54.127,0.84573,0.84595,1.00,1.52
2014.09.15 12:57:56.684,0.84573,0.84595,1.00,1.65
2014.09.15 12:58:00.966,0.84573,0.84596,1.12,1.52
2014.09.15 12:58:01.506,0.84573,0.84591,1.12,1.00
2014.09.15 12:58:03.177,0.84575,0.84595,1.00,1.52
2014.09.15 12:58:03.649,0.84575,0.84595,1.00,1.57
2014.09.15 12:58:04.249,0.84575,0.84595,1.17,1.37
2014.09.15 12:58:04.808,0.84575,0.84595,1.00,1.55
2014.09.15 12:58:05.412,0.84575,0.84595,1.12,1.55
2014.09.15 12:58:06.017,0.84575,0.84595,1.27,1.47
2014.09.15 12:58:06.538,0.84575,0.84595,1.17,1.10
2014.09.15 12:58:07.522,0.84576,0.84595,1.57,1.00
2014.09.15 12:58:07.674,0.84576,0.84599,1.57,1.52
2014.09.15 12:58:07.862,0.84577,0.84595,1.12,1.00
2014.09.15 12:58:11.596,0.84577,0.846,1.12,1.52
2014.09.15 12:58:11.891,0.84578,0.846,1.37,1.15
2014.09.15 12:58:12.196,0.84581,0.84603,1.27,1.55
2014.09.15 12:58:13.049,0.84581,0.84603,1.52,1.55
2014.09.15 12:58:17.396,0.8458,0.84602,1.55,1.07
2014.09.15 12:58:17.597,0.8458,0.84601,1.20,1.17
2014.09.15 12:58:18.111,0.84581,0.84603,1.27,1.52
2014.09.15 12:58:22.895,0.8458,0.84604,2.70,1.55
2014.09.15 12:58:23.468,0.84579,0.84604,2.70,1.55
2014.09.15 12:58:25.773,0.84579,0.84604,3.07,1.55
2014.09.15 12:58:29.283,0.84579,0.84604,2.70,1.17
2014.09.15 12:58:29.586,0.84578,0.84601,1.92,1.07
2014.09.15 12:58:29.686,0.84584,0.84606,1.00,3.07
2014.09.15 12:58:29.787,0.84584,0.84606,1.00,1.15
2014.09.15 12:58:29.939,0.84582,0.84605,3.45,1.10
2014.09.15 12:58:30.241,0.84584,0.84606,3.07,1.00
2014.09.15 12:58:30.745,0.84585,0.84608,1.15,1.17
2014.09.15 12:58:30.946,0.84584,0.84606,1.17,1.10
2014.09.15 12:58:31.097,0.84584,0.84607,1.55,1.07
2014.09.15 12:58:31.399,0.84583,0.84605,1.27,1.55
2014.09.15 12:58:31.701,0.84581,0.84603,3.45,1.37
2014.09.15 12:58:32.402,0.84581,0.84603,3.45,1.37
2014.09.15 12:58:32.827,0.84581,0.846,3.45,1.00
2014.09.15 12:58:33.129,0.84583,0.84605,1.52,2.02
2014.09.15 12:58:33.607,0.84583,0.84605,1.52,2.02
2014.09.15 12:58:33.758,0.84584,0.84605,1.52,1.12
2014.09.15 12:58:34.356,0.84586,0.84609,1.47,1.52
2014.09.15 12:58:35.536,0.84587,0.8461,1.37,3.45
2014.09.15 12:58:35.737,0.8459,0.84611,1.12,1.52
2014.09.15 12:58:36.039,0.8459,0.84612,1.27,1.47
2014.09.15 12:58:36.818,0.84589,0.8461,1.15,1.37
2014.09.15 12:58:36.919,0.84589,0.8461,1.15,1.00
2014.09.15 12:58:37.586,0.84589,0.84613,1.52,1.55
2014.09.15 12:58:39.729,0.84591,0.84613,1.27,1.55
2014.09.15 12:58:39.830,0.8459,0.84612,1.87,1.52
2014.09.15 12:58:40.031,0.8459,0.8461,1.00,2.70
2014.09.15 12:58:42.053,0.84587,0.8461,1.85,2.32
2014.09.15 12:58:42.154,0.84591,0.84613,1.37,1.52
2014.09.15 12:58:42.355,0.84591,0.84613,1.52,1.27
2014.09.15 12:58:42.670,0.84592,0.84614,1.00,3.07
2014.09.15 12:58:43.373,0.84592,0.84613,1.00,2.32
2014.09.15 12:58:44.204,0.84591,0.84613,1.00,3.07
2014.09.15 12:58:44.341,0.84591,0.84613,1.37,3.45
2014.09.15 12:58:44.981,0.84591,0.84613,1.47,1.27
2014.09.15 12:58:45.082,0.84591,0.84613,1.65,1.00
2014.09.15 12:58:45.597,0.84593,0.84615,1.37,1.52
2014.09.15 12:58:45.762,0.84593,0.84615,1.00,1.27
2014.09.15 12:58:45.863,0.84592,0.84614,1.37,1.52
2014.09.15 12:58:46.367,0.84592,0.84614,1.37,1.52
2014.09.15 12:58:47.054,0.84592,0.84614,1.12,1.52
2014.09.15 12:58:47.595,0.84592,0.84614,1.37,1.52
2014.09.15 12:58:48.276,0.8459,0.84612,1.57,1.20
2014.09.15 12:58:48.454,0.8459,0.84612,2.02,1.57
2014.09.15 12:58:48.956,0.8459,0.84612,1.57,1.57
2014.09.15 12:58:49.056,0.8459,0.84612,1.57,1.57
2014.09.15 12:58:49.573,0.8459,0.84612,1.37,3.45
2014.09.15 12:58:50.082,0.8459,0.84612,1.37,3.45
2014.09.15 12:58:50.406,0.8459,0.84612,1.87,1.52
2014.09.15 12:58:51.562,0.8459,0.84612,1.95,1.27
2014.09.15 12:58:51.970,0.84591,0.84613,1.45,1.52
2014.09.15 12:58:52.272,0.8459,0.8461,1.37,1.27
2014.09.15 12:58:52.844,0.84589,0.8461,1.37,1.55
2014.09.15 12:58:53.346,0.84589,0.8461,1.37,1.55
2014.09.15 12:58:53.695,0.84589,0.8461,1.37,1.27
2014.09.15 12:58:54.226,0.8459,0.84612,1.87,3.45
2014.09.15 12:58:54.679,0.8459,0.84612,1.95,1.55
2014.09.15 12:58:55.071,0.84591,0.84613,1.00,1.65
2014.09.15 12:58:55.474,0.84589,0.8461,1.37,1.15
2014.09.15 12:58:56.037,0.84589,0.8461,1.37,1.15
2014.09.15 12:58:56.575,0.84589,0.8461,1.37,1.15
2014.09.15 12:58:57.157,0.8459,0.84611,1.47,1.27
2014.09.15 12:59:00.590,0.8459,0.84611,1.37,1.27
2014.09.15 12:59:01.125,0.8459,0.84611,1.37,1.52
2014.09.15 12:59:01.495,0.8459,0.84611,1.47,1.27
2014.09.15 12:59:01.827,0.8459,0.84611,1.37,1.52
2014.09.15 12:59:03.087,0.8459,0.84611,1.37,1.15
2014.09.15 12:59:03.338,0.8459,0.84611,1.65,1.17
2014.09.15 12:59:03.590,0.8459,0.84612,2.02,1.27
2014.09.15 12:59:04.096,0.8459,0.84612,1.95,1.52
2014.09.15 12:59:04.974,0.8459,0.84612,1.87,1.52
2014.09.15 12:59:06.096,0.8459,0.84612,1.87,1.27
2014.09.15 12:59:06.348,0.8459,0.84612,2.40,1.10
2014.09.15 12:59:06.506,0.8459,0.84612,2.02,1.10
2014.09.15 12:59:07.700,0.8459,0.84612,2.02,1.47
2014.09.15 12:59:09.126,0.8459,0.84612,2.02,1.20
2014.09.15 12:59:09.635,0.8459,0.84612,2.02,1.47
2014.09.15 12:59:09.735,0.8459,0.8461,1.37,1.20
2014.09.15 12:59:09.937,0.84588,0.8461,1.07,1.07
2014.09.15 12:59:09.988,0.84588,0.8461,1.07,1.15
2014.09.15 12:59:10.189,0.84585,0.84606,1.27,1.07
2014.09.15 12:59:10.240,0.84585,0.84606,1.27,1.10
2014.09.15 12:59:10.391,0.84585,0.84607,1.27,1.07
2014.09.15 12:59:11.024,0.84585,0.84607,4.20,1.00
2014.09.15 12:59:11.326,0.8459,0.84609,1.47,1.00
2014.09.15 12:59:12.014,0.84587,0.84611,1.90,1.65
2014.09.15 12:59:12.486,0.84586,0.84608,3.82,1.00
2014.09.15 12:59:12.637,0.84586,0.84608,1.65,1.00
2014.09.15 12:59:13.355,0.8459,0.84608,1.37,1.00
2014.09.15 12:59:13.556,0.8459,0.8461,1.12,1.27
2014.09.15 12:59:13.607,0.8459,0.8461,1.12,3.45
2014.09.15 12:59:13.658,0.84588,0.84609,1.00,2.32
2014.09.15 12:59:13.809,0.84584,0.84604,1.17,1.00
2014.09.15 12:59:13.960,0.84581,0.84604,1.15,1.20
2014.09.15 12:59:14.496,0.84582,0.84605,1.55,1.07
2014.09.15 12:59:14.798,0.84585,0.84607,3.82,1.00
2014.09.15 12:59:15.335,0.84586,0.84606,2.32,1.00
2014.09.15 12:59:15.685,0.84586,0.84608,3.82,1.00
2014.09.15 12:59:16.763,0.84586,0.84608,3.82,1.00
2014.09.15 12:59:16.937,0.84586,0.84608,3.82,1.00
2014.09.15 12:59:19.141,0.84586,0.84608,3.82,1.00
2014.09.15 12:59:20.145,0.84586,0.84608,3.82,1.00
2014.09.15 12:59:20.246,0.84586,0.84608,3.82,1.00
2014.09.15 12:59:21.590,0.84586,0.84608,3.82,1.00
2014.09.15 12:59:21.691,0.84589,0.8461,1.55,1.17
2014.09.15 12:59:22.381,0.84586,0.84608,3.82,1.00
2014.09.15 12:59:22.846,0.8459,0.8461,3.45,1.00
2014.09.15 12:59:23.163,0.8459,0.8461,3.82,1.00
2014.09.15 12:59:23.414,0.84594,0.84611,1.47,1.00
2014.09.15 12:59:23.515,0.84593,0.84615,1.52,1.37
2014.09.15 12:59:24.279,0.84591,0.84613,1.52,1.00
2014.09.15 12:59:25.703,0.84591,0.84613,1.65,1.00
2014.09.15 12:59:26.493,0.8459,0.84613,3.45,1.37
2014.09.15 12:59:26.545,0.8459,0.84613,1.52,1.37
2014.09.15 12:59:27.008,0.8459,0.84611,1.55,1.00
2014.09.15 12:59:27.539,0.84591,0.84612,2.32,1.00
2014.09.15 12:59:28.042,0.84595,0.84613,1.10,1.00
2014.09.15 12:59:28.193,0.84591,0.84613,1.15,1.10
2014.09.15 12:59:28.294,0.84595,0.84612,1.10,1.00
2014.09.15 12:59:28.445,0.84595,0.84617,1.65,1.17
2014.09.15 12:59:30.097,0.84595,0.84617,2.02,1.55
2014.09.15 12:59:31.680,0.84595,0.84617,2.70,1.45
2014.09.15 12:59:31.731,0.84596,0.84619,2.70,1.12
2014.09.15 12:59:31.832,0.84598,0.84619,2.70,1.00
2014.09.15 12:59:32.134,0.846,0.8462,3.45,1.00
2014.09.15 12:59:32.185,0.846,0.84623,3.45,1.47
2014.09.15 12:59:33.227,0.846,0.84623,3.07,1.47
2014.09.15 12:59:33.328,0.846,0.84621,1.17,1.37
2014.09.15 12:59:33.429,0.846,0.84621,1.00,1.52
2014.09.15 12:59:33.630,0.84595,0.84615,1.17,1.00
2014.09.15 12:59:33.731,0.84595,0.84618,3.82,1.10
2014.09.15 12:59:34.308,0.84596,0.84618,1.52,1.47
2014.09.15 12:59:34.416,0.84596,0.84618,3.45,1.00
2014.09.15 12:59:34.516,0.84598,0.84619,2.70,1.12
2014.09.15 12:59:34.926,0.84599,0.84621,1.45,1.45
2014.09.15 12:59:35.328,0.84597,0.84619,1.27,1.55
2014.09.15 12:59:35.734,0.84597,0.84619,1.15,1.10
2014.09.15 12:59:35.834,0.84598,0.84619,2.32,1.00
2014.09.15 12:59:36.051,0.84601,0.84623,1.17,1.17
2014.09.15 12:59:37.034,0.84601,0.84623,1.55,1.55
2014.09.15 12:59:37.745,0.84601,0.84623,3.82,1.12
2014.09.15 12:59:38.258,0.84605,0.84624,1.47,1.00
2014.09.15 12:59:38.776,0.84605,0.84624,1.10,1.37
2014.09.15 12:59:39.285,0.84605,0.84624,1.00,1.45
2014.09.15 12:59:39.587,0.846,0.8462,2.70,1.00
2014.09.15 12:59:39.789,0.84605,0.84623,1.12,1.10
2014.09.15 12:59:40.324,0.84605,0.84623,1.27,1.00
2014.09.15 12:59:40.838,0.84605,0.84625,1.27,1.37
2014.09.15 12:59:41.371,0.84605,0.84625,1.15,1.12
2014.09.15 12:59:43.984,0.84604,0.84627,2.02,1.45
2014.09.15 12:59:44.842,0.84605,0.84627,1.27,1.52
2014.09.15 12:59:45.551,0.84605,0.84626,1.17,1.55
2014.09.15 12:59:45.753,0.84605,0.84625,1.00,2.70
2014.09.15 12:59:47.858,0.84605,0.84623,1.00,1.07
2014.09.15 12:59:48.009,0.84605,0.84625,1.07,1.55
2014.09.15 12:59:49.366,0.84605,0.84625,1.45,1.20
2014.09.15 12:59:50.262,0.84605,0.84625,1.20,1.47
2014.09.15 12:59:51.367,0.84604,0.84625,1.55,1.10
2014.09.15 12:59:51.898,0.84604,0.84625,1.55,1.47
2014.09.15 12:59:52.423,0.84603,0.84625,1.47,2.02
2014.09.15 12:59:52.474,0.84603,0.84625,1.10,1.65
2014.09.15 12:59:53.264,0.84602,0.84624,1.00,1.15
2014.09.15 12:59:53.408,0.84597,0.84619,1.52,1.10
2014.09.15 12:59:53.660,0.846,0.84621,1.15,1.00
2014.09.15 12:59:55.004,0.84599,0.84621,1.52,1.00
2014.09.15 12:59:56.402,0.84598,0.8462,1.52,1.47
2014.09.15 12:59:56.910,0.84595,0.84618,1.65,1.20
2014.09.15 12:59:57.453,0.84595,0.84618,2.40,1.10
2014.09.15 12:59:57.805,0.84595,0.84618,2.40,1.10
2014.09.15 12:59:58.813,0.84595,0.84618,2.40,1.10
