2018.03.21 02:00:00.348,0.73535,0.73556,1.50,1.00
2018.03.21 02:00:00.619,0.73535,0.73553,1.00,1.00
2018.03.21 02:00:00.670,0.73531,0.73554,2.32,1.75
2018.03.21 02:00:01.124,0.7353,0.73553,1.20,1.85
2018.03.21 02:00:01.452,0.73532,0.73553,1.75,1.20
2018.03.21 02:00:11.780,0.73532,0.73555,1.85,2.17
2018.03.21 02:00:11.932,0.73532,0.73556,2.32,2.32
2018.03.21 02:00:13.291,0.73529,0.73553,2.32,1.82
2018.03.21 02:00:13.392,0.73529,0.7355,1.00,1.00
2018.03.21 02:00:14.864,0.73529,0.73552,1.85,1.95
2018.03.21 02:00:38.633,0.73529,0.73553,2.32,2.32
2018.03.21 02:00:49.391,0.73531,0.73553,1.07,1.75
2018.03.21 02:00:49.895,0.7353,0.73553,2.92,1.85
2018.03.21 02:00:55.699,0.73529,0.73552,1.57,2.10
2018.03.21 02:01:26.790,0.73527,0.7355,1.85,2.92
2018.03.21 02:01:27.197,0.73525,0.73548,2.70,2.10
2018.03.21 02:01:27.739,0.73525,0.73547,2.70,1.30
2018.03.21 02:01:40.768,0.73524,0.73547,1.95,2.10
2018.03.21 02:02:01.050,0.73523,0.73548,4.05,1.42
2018.03.21 02:02:18.632,0.73527,0.73547,1.00,1.80
2018.03.21 02:03:58.632,0.73525,0.73546,1.67,1.67
2018.03.21 02:04:18.683,0.73524,0.73547,1.37,3.67
2018.03.21 02:04:22.089,0.73524,0.73546,1.37,1.10
2018.03.21 02:04:35.533,0.73526,0.73549,1.85,2.92
2018.03.21 02:04:54.197,0.73526,0.73548,1.85,1.72
2018.03.21 02:05:00.892,0.73527,0.73549,1.35,2.17
2018.03.21 02:05:01.224,0.73532,0.73553,1.75,1.30
2018.03.21 02:05:01.727,0.73533,0.73554,2.25,1.10
2018.03.21 02:05:03.168,0.73533,0.73556,2.25,2.55
2018.03.21 02:05:09.753,0.73533,0.73556,2.25,2.92
2018.03.21 02:05:10.828,0.73533,0.73556,2.25,2.55
2018.03.21 02:05:18.663,0.73532,0.73556,2.32,3.67
2018.03.21 02:05:26.354,0.73531,0.73554,1.82,2.10
2018.03.21 02:05:44.210,0.7353,0.73554,2.17,2.32
2018.03.21 02:05:44.312,0.73527,0.7355,1.37,2.85
2018.03.21 02:05:44.414,0.73524,0.73545,2.32,1.00
2018.03.21 02:05:45.086,0.73524,0.73545,2.25,1.00
2018.03.21 02:06:00.800,0.73523,0.73547,2.92,2.85
2018.03.21 02:06:12.559,0.73526,0.73549,1.00,1.42
2018.03.21 02:06:12.610,0.73527,0.73549,1.12,2.32
2018.03.21 02:06:12.713,0.73527,0.73551,1.85,1.82
2018.03.21 02:06:14.148,0.73527,0.7355,1.45,1.75
2018.03.21 02:06:15.335,0.73527,0.7355,2.25,1.95
2018.03.21 02:06:15.436,0.73527,0.73548,2.25,1.00
2018.03.21 02:06:36.849,0.73526,0.73549,1.57,2.17
2018.03.21 02:06:37.614,0.73526,0.73547,1.57,1.00
2018.03.21 02:06:47.238,0.73523,0.73545,2.92,2.25
2018.03.21 02:06:47.289,0.73522,0.73545,1.50,1.75
2018.03.21 02:06:47.443,0.73519,0.73543,2.17,2.25
2018.03.21 02:06:53.099,0.73521,0.73544,1.20,1.75
2018.03.21 02:06:55.829,0.73521,0.73543,1.20,1.75
2018.03.21 02:06:57.198,0.73522,0.73543,1.10,1.00
2018.03.21 02:07:00.604,0.73524,0.73546,1.57,1.75
2018.03.21 02:07:01.008,0.73525,0.73549,2.32,2.32
2018.03.21 02:07:03.768,0.73523,0.73547,2.55,2.25
2018.03.21 02:07:03.819,0.73523,0.73546,2.17,1.85
2018.03.21 02:07:05.563,0.73523,0.73546,2.10,1.87
2018.03.21 02:07:05.892,0.73526,0.73549,2.32,1.47
2018.03.21 02:07:13.933,0.73526,0.73547,1.00,1.00
2018.03.21 02:07:13.984,0.73523,0.73546,2.55,1.50
2018.03.21 02:07:21.543,0.73523,0.73546,2.17,1.12
2018.03.21 02:07:21.644,0.73526,0.73549,1.75,1.95
2018.03.21 02:07:22.397,0.73526,0.73549,2.32,1.12
2018.03.21 02:07:38.632,0.73527,0.7355,1.42,2.17
2018.03.21 02:07:52.738,0.7353,0.73551,1.50,1.12
2018.03.21 02:08:08.410,0.73533,0.73557,2.10,2.70
2018.03.21 02:08:08.728,0.73538,0.73561,1.75,2.17
2018.03.21 02:08:10.941,0.73538,0.73558,1.75,1.35
2018.03.21 02:08:11.043,0.73534,0.73556,2.32,1.30
2018.03.21 02:08:13.687,0.73534,0.73555,1.75,1.35
2018.03.21 02:08:14.761,0.73534,0.73555,1.75,1.70
2018.03.21 02:08:15.176,0.73531,0.73555,2.32,2.92
2018.03.21 02:08:16.012,0.73534,0.73555,1.75,1.10
2018.03.21 02:08:18.420,0.73534,0.73556,2.25,1.12
2018.03.21 02:08:45.881,0.73535,0.73558,2.25,1.30
2018.03.21 02:08:49.588,0.7354,0.73562,1.00,1.85
2018.03.21 02:08:49.639,0.73539,0.73563,2.32,1.75
2018.03.21 02:08:50.583,0.73542,0.73563,1.75,1.30
2018.03.21 02:08:55.827,0.73542,0.73564,1.75,1.72
2018.03.21 02:09:10.378,0.73545,0.73566,1.00,1.57
2018.03.21 02:09:10.530,0.73546,0.73568,1.75,1.80
2018.03.21 02:09:35.949,0.73547,0.73568,1.75,1.05
2018.03.21 02:09:38.683,0.73547,0.73568,1.00,1.67
2018.03.21 02:09:39.242,0.73547,0.73568,1.00,1.42
2018.03.21 02:09:47.017,0.73544,0.73568,2.25,3.30
2018.03.21 02:09:59.776,0.73544,0.73565,1.12,2.10
2018.03.21 02:10:01.186,0.7354,0.73564,2.17,1.75
2018.03.21 02:10:02.250,0.73538,0.73562,2.32,2.17
2018.03.21 02:10:02.452,0.73541,0.73563,2.25,1.20
2018.03.21 02:10:03.249,0.73541,0.73563,2.25,1.80
2018.03.21 02:10:03.808,0.73539,0.73563,2.32,3.67
2018.03.21 02:10:07.818,0.73537,0.73561,2.92,1.57
2018.03.21 02:10:09.790,0.73541,0.73563,1.75,1.05
2018.03.21 02:10:11.317,0.73542,0.73564,1.57,1.50
2018.03.21 02:10:11.930,0.73539,0.73562,3.07,1.75
2018.03.21 02:10:12.284,0.73542,0.73565,2.32,1.20
2018.03.21 02:10:12.435,0.73542,0.73564,1.75,1.70
2018.03.21 02:10:13.031,0.7354,0.73564,2.25,2.17
2018.03.21 02:10:14.129,0.7354,0.73561,1.00,1.00
2018.03.21 02:10:14.331,0.73538,0.73561,1.57,2.17
2018.03.21 02:10:19.373,0.73538,0.73562,2.25,2.92
2018.03.21 02:10:32.045,0.7354,0.73564,1.85,2.32
2018.03.21 02:10:38.632,0.73541,0.73566,1.85,3.30
2018.03.21 02:10:44.582,0.73542,0.73565,1.12,2.17
2018.03.21 02:10:45.410,0.73542,0.73565,2.25,2.17
2018.03.21 02:10:58.267,0.73544,0.73566,1.75,1.80
2018.03.21 02:10:59.795,0.73543,0.73566,2.25,1.37
2018.03.21 02:11:01.199,0.73541,0.73565,2.32,1.57
2018.03.21 02:11:03.282,0.73541,0.73564,1.57,1.85
2018.03.21 02:11:09.135,0.73539,0.7356,2.32,1.00
2018.03.21 02:11:13.038,0.73539,0.7356,1.57,1.00
2018.03.21 02:11:14.405,0.73542,0.73563,1.00,1.57
2018.03.21 02:11:17.708,0.73539,0.73563,2.32,1.85
2018.03.21 02:11:19.327,0.73539,0.73563,2.32,1.85
2018.03.21 02:11:19.968,0.7354,0.73564,1.85,1.82
2018.03.21 02:11:20.749,0.7354,0.73564,1.85,1.82
2018.03.21 02:11:21.286,0.73539,0.73563,1.82,1.85
2018.03.21 02:11:23.545,0.73541,0.73565,1.57,2.92
2018.03.21 02:11:26.142,0.73541,0.73565,1.57,2.92
2018.03.21 02:11:28.555,0.73542,0.73563,1.00,1.50
2018.03.21 02:11:32.112,0.73539,0.73562,1.82,1.35
2018.03.21 02:11:32.365,0.73542,0.73563,1.50,1.00
2018.03.21 02:11:32.466,0.73543,0.73565,1.00,1.57
2018.03.21 02:11:32.675,0.73543,0.73565,1.00,2.55
2018.03.21 02:11:33.022,0.73537,0.73561,2.25,1.57
2018.03.21 02:11:37.802,0.73541,0.73563,2.25,1.42
2018.03.21 02:11:37.914,0.73541,0.73564,1.50,1.82
2018.03.21 02:11:38.015,0.73541,0.73565,2.25,2.55
2018.03.21 02:11:38.866,0.73541,0.73563,1.12,1.45
2018.03.21 02:11:38.917,0.73539,0.7356,1.50,1.00
2018.03.21 02:11:39.155,0.73536,0.7356,1.57,2.32
2018.03.21 02:11:40.022,0.73535,0.7356,2.32,1.57
2018.03.21 02:11:40.878,0.73536,0.7356,1.75,2.32
2018.03.21 02:11:40.979,0.73535,0.73556,1.00,1.00
2018.03.21 02:11:42.578,0.73537,0.73558,1.00,1.10
2018.03.21 02:11:42.978,0.73538,0.73562,1.75,2.70
2018.03.21 02:11:43.030,0.73541,0.73562,1.00,2.32
2018.03.21 02:11:53.633,0.73541,0.73562,1.00,1.07
2018.03.21 02:11:53.974,0.73544,0.73565,1.00,2.32
2018.03.21 02:11:54.448,0.73539,0.73564,3.07,1.82
2018.03.21 02:12:03.388,0.73543,0.73564,1.00,1.00
2018.03.21 02:12:03.633,0.73542,0.73564,1.57,1.75
2018.03.21 02:12:04.320,0.73541,0.73563,1.45,1.75
2018.03.21 02:12:04.828,0.73542,0.73562,1.07,1.50
2018.03.21 02:12:05.871,0.73541,0.73562,1.45,1.50
2018.03.21 02:12:12.476,0.73542,0.73565,1.57,1.75
2018.03.21 02:12:12.578,0.73541,0.73565,2.70,3.00
2018.03.21 02:12:15.212,0.73541,0.73565,3.45,3.00
2018.03.21 02:12:18.944,0.73541,0.73565,1.45,2.32
2018.03.21 02:12:19.308,0.73538,0.73562,2.70,1.50
2018.03.21 02:12:19.548,0.73537,0.7356,1.82,2.25
2018.03.21 02:12:31.154,0.73537,0.7356,1.95,1.12
2018.03.21 02:12:38.587,0.73539,0.73558,1.75,2.10
2018.03.21 02:12:38.641,0.73536,0.73558,2.25,2.55
2018.03.21 02:12:38.746,0.73534,0.73555,1.00,1.00
2018.03.21 02:12:39.067,0.7353,0.73554,2.70,1.75
2018.03.21 02:12:58.682,0.73531,0.73555,1.75,2.92
2018.03.21 02:13:00.553,0.73534,0.73555,1.50,1.20
2018.03.21 02:13:00.857,0.73534,0.73555,1.50,1.57
2018.03.21 02:13:05.539,0.73534,0.73555,1.50,1.20
2018.03.21 02:13:12.566,0.73534,0.73557,1.50,1.80
2018.03.21 02:13:17.421,0.73538,0.73559,1.00,1.80
2018.03.21 02:13:24.581,0.73538,0.73559,1.00,1.80
2018.03.21 02:13:25.230,0.73535,0.73558,1.37,1.95
2018.03.21 02:13:25.528,0.73533,0.73554,1.00,1.00
2018.03.21 02:13:40.750,0.73532,0.73554,1.85,1.00
2018.03.21 02:13:45.364,0.73532,0.73554,2.25,1.05
2018.03.21 02:13:45.516,0.73529,0.73551,1.12,1.82
2018.03.21 02:13:45.618,0.73526,0.73549,1.12,1.82
2018.03.21 02:13:45.940,0.73527,0.7355,1.57,2.17
2018.03.21 02:13:48.590,0.73525,0.73548,1.57,1.85
2018.03.21 02:13:49.730,0.73525,0.73548,1.85,1.57
2018.03.21 02:13:49.781,0.73527,0.73548,1.50,1.50
2018.03.21 02:13:49.832,0.73527,0.7355,2.32,1.30
2018.03.21 02:14:08.160,0.73527,0.7355,1.75,1.75
2018.03.21 02:14:09.648,0.73527,0.7355,1.42,1.50
2018.03.21 02:14:09.699,0.73529,0.7355,1.00,1.00
2018.03.21 02:14:31.652,0.73528,0.7355,1.85,1.00
2018.03.21 02:14:57.889,0.73529,0.73553,1.75,1.95
2018.03.21 02:14:57.940,0.73533,0.73556,1.85,1.85
2018.03.21 02:14:57.991,0.73534,0.73557,1.75,1.75
2018.03.21 02:14:58.294,0.73536,0.73558,2.25,1.05
2018.03.21 02:14:58.942,0.73538,0.7356,2.25,1.05
2018.03.21 02:14:59.357,0.73538,0.73562,1.75,2.55
2018.03.21 02:14:59.459,0.73541,0.73563,1.75,1.45
2018.03.21 02:15:00.028,0.73541,0.73563,2.25,1.57
2018.03.21 02:15:03.796,0.73544,0.73566,1.00,2.55
2018.03.21 02:15:03.847,0.73544,0.73566,1.75,1.42
2018.03.21 02:15:04.050,0.73548,0.73569,1.00,1.70
2018.03.21 02:15:05.565,0.73546,0.73569,2.32,1.05
2018.03.21 02:15:06.066,0.73548,0.7357,2.25,4.05
2018.03.21 02:15:07.183,0.73548,0.7357,1.75,2.55
2018.03.21 02:15:07.634,0.73547,0.73569,1.50,1.20
2018.03.21 02:15:07.747,0.73545,0.73569,2.32,2.32
2018.03.21 02:15:08.584,0.73545,0.73566,1.50,1.50
2018.03.21 02:15:16.902,0.73541,0.73566,3.67,2.70
2018.03.21 02:15:18.651,0.73542,0.73564,1.75,1.45
2018.03.21 02:15:20.021,0.73542,0.73566,1.75,3.07
2018.03.21 02:15:20.576,0.73541,0.73563,1.05,1.75
2018.03.21 02:15:22.380,0.73537,0.73561,1.75,1.95
2018.03.21 02:15:24.255,0.73537,0.73561,2.25,2.32
2018.03.21 02:15:38.632,0.73537,0.73561,1.75,1.85
2018.03.21 02:15:48.138,0.73538,0.73558,1.10,1.00
2018.03.21 02:15:48.189,0.7354,0.73558,1.00,1.00
2018.03.21 02:15:48.807,0.73538,0.73561,1.82,1.75
2018.03.21 02:15:55.628,0.7354,0.73563,1.85,1.85
2018.03.21 02:15:58.938,0.73541,0.73564,1.75,1.05
2018.03.21 02:16:13.858,0.73544,0.73567,1.50,1.95
2018.03.21 02:16:13.960,0.73546,0.7357,1.75,1.95
2018.03.21 02:16:25.843,0.73546,0.7357,1.85,1.57
2018.03.21 02:16:26.346,0.73544,0.73568,3.07,2.32
2018.03.21 02:16:26.670,0.73541,0.73564,3.00,1.47
2018.03.21 02:16:27.254,0.73541,0.73562,2.25,1.00
2018.03.21 02:16:29.519,0.7354,0.73563,2.25,1.12
2018.03.21 02:16:30.225,0.73542,0.73562,1.50,1.00
2018.03.21 02:16:32.027,0.73542,0.73564,1.50,1.47
2018.03.21 02:16:33.906,0.7354,0.73563,1.50,1.57
2018.03.21 02:16:34.247,0.73536,0.7356,3.45,2.25
2018.03.21 02:16:34.550,0.73534,0.73558,1.75,1.82
2018.03.21 02:16:45.262,0.73533,0.73559,2.85,1.95
2018.03.21 02:16:50.608,0.73533,0.73556,1.35,2.70
2018.03.21 02:16:51.356,0.73533,0.73556,1.35,2.32
2018.03.21 02:17:00.749,0.73533,0.73556,1.67,2.32
2018.03.21 02:17:20.140,0.73531,0.73552,2.25,1.00
2018.03.21 02:17:20.192,0.73531,0.73551,1.50,2.92
2018.03.21 02:17:20.242,0.73529,0.73549,1.50,1.30
2018.03.21 02:17:20.465,0.73525,0.73547,1.10,1.75
2018.03.21 02:17:21.069,0.73522,0.73546,1.35,1.85
2018.03.21 02:17:27.751,0.73523,0.73548,1.85,2.70
2018.03.21 02:18:19.318,0.73523,0.73544,2.25,1.00
2018.03.21 02:18:30.709,0.73523,0.73547,2.92,1.82
2018.03.21 02:18:30.811,0.73521,0.73542,1.70,1.00
2018.03.21 02:18:30.913,0.73522,0.73546,2.92,1.82
2018.03.21 02:18:32.667,0.73523,0.73546,2.17,1.57
2018.03.21 02:18:32.769,0.73528,0.73548,1.00,1.10
2018.03.21 02:18:33.329,0.73528,0.73549,1.50,1.10
2018.03.21 02:18:53.346,0.73527,0.73549,2.25,1.42
2018.03.21 02:18:53.602,0.73526,0.73548,1.42,1.00
2018.03.21 02:18:55.426,0.73529,0.7355,1.00,1.10
2018.03.21 02:19:00.917,0.73528,0.73551,1.12,1.82
2018.03.21 02:19:02.514,0.73526,0.73549,1.05,1.85
2018.03.21 02:19:03.079,0.73525,0.73548,2.17,1.85
2018.03.21 02:19:07.505,0.73526,0.7355,1.42,2.32
2018.03.21 02:19:14.788,0.73528,0.73551,1.85,1.85
2018.03.21 02:19:27.065,0.73527,0.7355,1.35,1.95
2018.03.21 02:19:30.019,0.73527,0.7355,1.35,1.57
2018.03.21 02:19:38.683,0.73527,0.7355,1.35,1.82
2018.03.21 02:19:49.114,0.73526,0.73549,1.37,1.75
2018.03.21 02:19:49.165,0.73524,0.73546,1.42,2.10
2018.03.21 02:19:49.317,0.73522,0.73543,1.50,1.67
2018.03.21 02:20:09.807,0.73521,0.73544,1.42,2.32
2018.03.21 02:20:35.036,0.73522,0.73545,1.57,1.57
2018.03.21 02:20:50.696,0.73522,0.73546,1.50,2.32
2018.03.21 02:21:11.121,0.73518,0.73541,2.92,1.67
2018.03.21 02:21:11.223,0.73516,0.73538,2.17,1.12
2018.03.21 02:21:11.324,0.73513,0.73536,2.70,1.37
2018.03.21 02:21:11.632,0.73513,0.73534,1.30,1.75
2018.03.21 02:21:13.003,0.73514,0.73535,1.35,1.75
2018.03.21 02:21:13.054,0.73515,0.73537,1.05,1.75
2018.03.21 02:21:13.155,0.73515,0.73537,1.42,1.50
2018.03.21 02:21:19.004,0.73514,0.73537,2.32,1.85
2018.03.21 02:21:22.552,0.73512,0.73535,1.42,2.32
2018.03.21 02:21:26.266,0.73513,0.73537,1.85,2.32
2018.03.21 02:21:35.106,0.73513,0.73535,2.17,1.75
2018.03.21 02:21:35.207,0.73513,0.73535,1.80,1.75
2018.03.21 02:21:37.039,0.73513,0.73535,1.37,1.75
2018.03.21 02:21:37.792,0.73512,0.73535,1.57,1.75
2018.03.21 02:21:38.587,0.73512,0.73535,1.95,1.75
2018.03.21 02:21:38.772,0.73515,0.73537,1.05,1.75
2018.03.21 02:21:38.924,0.73515,0.73538,1.67,2.25
2018.03.21 02:21:39.027,0.73516,0.73538,1.67,1.75
2018.03.21 02:21:39.335,0.73511,0.73533,1.05,2.25
2018.03.21 02:21:39.436,0.7351,0.73531,1.05,1.87
2018.03.21 02:21:39.538,0.73509,0.73531,1.05,1.75
2018.03.21 02:21:50.511,0.73508,0.73531,2.17,1.75
2018.03.21 02:21:51.165,0.73508,0.73531,2.17,1.57
2018.03.21 02:21:55.424,0.7351,0.73533,2.10,1.20
2018.03.21 02:21:55.961,0.7351,0.73533,2.17,1.20
2018.03.21 02:21:56.156,0.7351,0.73533,1.80,1.85
2018.03.21 02:22:00.343,0.73509,0.73531,1.80,2.25
2018.03.21 02:22:18.683,0.73509,0.7353,1.67,1.00
2018.03.21 02:22:29.646,0.73509,0.7353,1.42,1.00
2018.03.21 02:22:30.148,0.73509,0.7353,2.17,1.00
2018.03.21 02:22:33.854,0.73509,0.7353,2.55,1.00
2018.03.21 02:22:34.769,0.73509,0.7353,2.17,1.00
2018.03.21 02:22:38.669,0.73509,0.73532,2.17,2.25
2018.03.21 02:22:41.503,0.73513,0.73532,2.17,1.75
2018.03.21 02:22:41.604,0.73514,0.73536,1.05,2.25
2018.03.21 02:22:42.629,0.73515,0.73536,1.42,1.00
2018.03.21 02:22:43.144,0.73515,0.73536,2.55,1.00
2018.03.21 02:22:43.707,0.73515,0.73536,2.17,1.00
2018.03.21 02:22:44.248,0.73515,0.73536,2.55,1.00
2018.03.21 02:22:51.453,0.73515,0.73536,2.17,1.00
2018.03.21 02:22:52.979,0.73515,0.73536,1.42,1.00
2018.03.21 02:22:53.030,0.73515,0.73534,1.10,1.00
2018.03.21 02:22:53.336,0.73509,0.73531,2.17,1.75
2018.03.21 02:22:57.480,0.73509,0.73531,2.92,1.12
2018.03.21 02:23:18.632,0.73511,0.73534,1.80,1.85
2018.03.21 02:23:25.978,0.73507,0.7353,2.55,1.50
2018.03.21 02:23:37.224,0.73511,0.73532,1.00,1.42
2018.03.21 02:23:39.419,0.73512,0.73532,1.00,1.00
2018.03.21 02:23:39.470,0.73511,0.73536,3.67,2.55
2018.03.21 02:23:58.634,0.73512,0.73533,1.50,1.00
2018.03.21 02:24:18.632,0.73511,0.73536,1.85,2.17
2018.03.21 02:24:38.650,0.73511,0.73535,2.32,2.92
2018.03.21 02:24:52.797,0.73512,0.7353,1.00,1.00
2018.03.21 02:24:52.950,0.7351,0.7353,1.00,1.00
2018.03.21 02:24:53.051,0.7351,0.7353,1.00,1.75
2018.03.21 02:24:53.271,0.7351,0.73528,1.00,1.50
2018.03.21 02:24:57.766,0.73508,0.73528,1.20,1.50
2018.03.21 02:25:41.960,0.73505,0.73528,1.50,1.82
2018.03.21 02:25:43.496,0.73504,0.73526,1.72,2.32
2018.03.21 02:25:49.650,0.73505,0.73526,1.00,2.25
2018.03.21 02:25:58.680,0.73505,0.73526,1.00,1.75
2018.03.21 02:26:00.750,0.73505,0.73526,1.57,1.50
2018.03.21 02:26:11.598,0.73507,0.73526,1.00,1.00
2018.03.21 02:26:12.168,0.73507,0.73529,1.37,1.57
2018.03.21 02:26:18.060,0.73509,0.7353,1.00,2.25
2018.03.21 02:26:22.453,0.73507,0.73528,1.37,1.37
2018.03.21 02:26:24.841,0.73507,0.73528,1.00,2.32
2018.03.21 02:26:26.165,0.73507,0.73528,1.60,1.85
2018.03.21 02:26:35.812,0.73507,0.73528,1.10,1.75
2018.03.21 02:26:38.592,0.73506,0.73528,1.12,1.75
2018.03.21 02:26:40.800,0.73506,0.73526,1.00,1.00
2018.03.21 02:26:42.688,0.73505,0.73526,1.00,1.00
2018.03.21 02:26:43.246,0.73501,0.73521,1.12,1.50
2018.03.21 02:26:43.783,0.73501,0.73523,1.95,1.75
2018.03.21 02:26:43.834,0.73503,0.73524,1.12,1.35
2018.03.21 02:26:52.265,0.73505,0.73525,1.00,1.75
2018.03.21 02:26:52.325,0.73507,0.73526,1.00,1.00
2018.03.21 02:26:52.583,0.73505,0.73526,2.25,1.00
2018.03.21 02:26:52.767,0.73504,0.73525,1.12,2.32
2018.03.21 02:26:53.075,0.73504,0.73525,1.50,1.30
2018.03.21 02:26:55.163,0.73505,0.73527,1.00,3.07
2018.03.21 02:27:02.163,0.73503,0.73527,1.50,3.30
2018.03.21 02:27:07.124,0.73505,0.73527,1.00,2.17
2018.03.21 02:27:15.832,0.73503,0.73526,1.57,1.85
2018.03.21 02:27:18.633,0.73503,0.73526,1.75,1.82
2018.03.21 02:27:44.721,0.73505,0.73528,1.75,2.17
2018.03.21 02:27:45.185,0.73504,0.73527,1.50,1.42
2018.03.21 02:27:46.796,0.73506,0.73526,1.00,1.75
2018.03.21 02:27:50.810,0.73508,0.73527,1.00,1.75
2018.03.21 02:27:53.071,0.73506,0.73527,1.00,1.75
2018.03.21 02:27:53.681,0.73507,0.73527,1.00,1.75
2018.03.21 02:27:56.535,0.73507,0.73527,1.12,1.50
2018.03.21 02:28:00.073,0.73509,0.73529,1.00,1.85
2018.03.21 02:28:00.177,0.73509,0.73529,1.12,1.47
2018.03.21 02:28:00.380,0.73511,0.73531,1.10,1.00
2018.03.21 02:28:00.550,0.73514,0.73536,1.37,2.10
2018.03.21 02:28:00.959,0.73514,0.73536,3.00,1.72
2018.03.21 02:28:01.653,0.73514,0.73536,2.62,2.10
2018.03.21 02:28:03.864,0.73516,0.73538,1.00,3.67
2018.03.21 02:28:05.652,0.73516,0.73536,1.37,1.00
2018.03.21 02:28:06.996,0.73515,0.73537,1.12,1.35
2018.03.21 02:28:12.602,0.73515,0.73538,1.07,3.60
2018.03.21 02:28:14.768,0.73516,0.73537,1.20,1.75
2018.03.21 02:28:14.920,0.73516,0.73538,1.57,1.75
2018.03.21 02:28:15.348,0.73517,0.7354,1.57,2.25
2018.03.21 02:28:20.574,0.73518,0.7354,1.00,1.75
2018.03.21 02:28:21.227,0.73518,0.7354,1.20,1.75
2018.03.21 02:28:22.028,0.73518,0.7354,1.10,1.75
2018.03.21 02:28:27.398,0.73518,0.7354,1.07,2.25
2018.03.21 02:28:28.012,0.73518,0.7354,1.00,2.32
2018.03.21 02:28:29.759,0.73517,0.73538,1.12,1.75
2018.03.21 02:28:32.006,0.73517,0.73538,1.00,2.25
2018.03.21 02:28:48.245,0.73517,0.73538,1.00,2.25
2018.03.21 02:28:49.598,0.73516,0.73537,1.00,2.25
2018.03.21 02:28:53.665,0.73516,0.73538,1.50,1.75
2018.03.21 02:29:13.252,0.73516,0.73537,1.12,1.50
2018.03.21 02:29:13.353,0.73512,0.73533,1.75,1.50
2018.03.21 02:29:13.403,0.73509,0.73533,2.70,3.00
2018.03.21 02:29:25.763,0.73512,0.73536,1.00,2.32
2018.03.21 02:29:25.814,0.73512,0.73536,1.50,3.07
2018.03.21 02:29:40.451,0.73514,0.73535,1.00,1.75
2018.03.21 02:29:40.502,0.73515,0.73535,1.00,1.12
2018.03.21 02:29:42.335,0.73515,0.73537,1.42,1.75
2018.03.21 02:29:45.361,0.73516,0.73538,1.57,1.75
2018.03.21 02:29:45.987,0.73516,0.73536,1.10,1.00
2018.03.21 02:29:48.859,0.73516,0.73538,1.57,1.75
2018.03.21 02:29:48.963,0.73514,0.73537,2.32,2.10
2018.03.21 02:29:49.267,0.73513,0.73535,1.20,1.75
2018.03.21 02:29:49.584,0.73514,0.73536,1.50,1.75
2018.03.21 02:29:54.073,0.73514,0.73532,1.10,1.00
2018.03.21 02:29:54.124,0.73511,0.73532,1.60,1.00
2018.03.21 02:29:54.175,0.73509,0.7353,1.57,1.00
2018.03.21 02:29:54.569,0.73508,0.73528,2.17,1.00
2018.03.21 02:29:55.079,0.73508,0.73528,2.17,1.00
2018.03.21 02:30:05.036,0.73507,0.73528,1.10,1.00
2018.03.21 02:30:36.718,0.73507,0.73528,1.07,1.00
2018.03.21 02:30:37.176,0.73506,0.73529,1.95,1.75
2018.03.21 02:30:38.071,0.73506,0.7353,1.57,2.32
2018.03.21 02:30:38.578,0.73508,0.73529,1.00,1.75
2018.03.21 02:30:39.094,0.73505,0.73529,2.70,1.75
2018.03.21 02:30:57.698,0.73506,0.73529,1.20,2.25
2018.03.21 02:31:00.403,0.73506,0.73529,2.17,2.25
2018.03.21 02:31:00.745,0.73511,0.73535,2.32,2.32
2018.03.21 02:31:02.177,0.73511,0.73535,2.70,2.25
2018.03.21 02:31:02.228,0.73513,0.73536,1.85,1.42
2018.03.21 02:31:07.555,0.7351,0.73534,1.85,1.82
2018.03.21 02:31:07.858,0.73506,0.73526,1.00,1.00
2018.03.21 02:31:14.318,0.73505,0.73526,1.10,1.00
2018.03.21 02:31:14.476,0.73501,0.73524,1.50,1.50
2018.03.21 02:31:14.789,0.73501,0.73523,1.50,1.50
2018.03.21 02:31:14.844,0.73502,0.73525,2.32,1.75
2018.03.21 02:31:14.896,0.73505,0.73526,1.00,1.57
2018.03.21 02:31:18.125,0.73501,0.73524,2.10,1.82
2018.03.21 02:31:18.560,0.73499,0.73522,2.32,1.85
2018.03.21 02:31:38.684,0.735,0.73523,1.50,2.32
2018.03.21 02:31:40.113,0.73502,0.73523,1.57,1.00
2018.03.21 02:31:40.214,0.73503,0.73526,1.85,1.85
2018.03.21 02:31:40.822,0.73503,0.73527,1.10,1.00
2018.03.21 02:31:40.873,0.73503,0.73526,1.85,1.20
2018.03.21 02:31:41.203,0.73503,0.73525,1.00,1.85
2018.03.21 02:31:41.713,0.73503,0.73527,1.85,2.17
2018.03.21 02:31:53.675,0.73502,0.73525,2.32,2.32
2018.03.21 02:31:54.177,0.73502,0.73523,1.10,1.75
2018.03.21 02:31:54.559,0.73502,0.73523,1.95,1.75
2018.03.21 02:31:54.661,0.73505,0.73527,1.45,2.10
2018.03.21 02:31:58.438,0.73503,0.73525,1.57,2.25
2018.03.21 02:31:58.489,0.73501,0.73521,1.95,1.00
2018.03.21 02:32:02.708,0.73499,0.73521,2.32,2.25
2018.03.21 02:32:09.602,0.73499,0.73521,1.07,2.25
2018.03.21 02:32:24.809,0.73499,0.73521,3.07,2.25
2018.03.21 02:32:24.911,0.735,0.73521,2.70,1.00
2018.03.21 02:32:31.962,0.735,0.73521,1.95,1.00
2018.03.21 02:32:36.673,0.735,0.73521,2.70,1.00
2018.03.21 02:32:38.653,0.73502,0.73523,1.57,1.50
2018.03.21 02:32:44.796,0.735,0.73524,2.55,2.25
2018.03.21 02:32:53.090,0.73501,0.73524,1.07,3.00
2018.03.21 02:33:00.749,0.735,0.73524,2.55,2.25
2018.03.21 02:33:01.467,0.73501,0.73524,1.20,3.00
2018.03.21 02:33:01.977,0.73503,0.73524,1.07,1.75
2018.03.21 02:33:04.395,0.73503,0.73527,3.30,2.25
2018.03.21 02:33:07.605,0.73505,0.73527,1.37,2.25
2018.03.21 02:33:07.907,0.73506,0.73529,2.70,2.25
2018.03.21 02:33:20.720,0.73508,0.73529,1.07,1.50
2018.03.21 02:33:21.269,0.73506,0.73529,1.95,1.57
2018.03.21 02:33:27.234,0.73506,0.73529,1.75,2.17
2018.03.21 02:33:27.551,0.73506,0.73528,1.45,1.75
2018.03.21 02:33:27.869,0.73504,0.73527,1.95,1.75
2018.03.21 02:33:29.395,0.73504,0.73528,2.70,1.57
2018.03.21 02:33:42.918,0.73506,0.73529,2.32,1.67
2018.03.21 02:33:48.973,0.73507,0.73528,1.07,1.50
2018.03.21 02:34:03.391,0.73507,0.73529,1.10,1.75
2018.03.21 02:34:04.638,0.73505,0.73527,1.10,2.25
2018.03.21 02:34:05.250,0.73505,0.73527,1.07,2.25
2018.03.21 02:34:05.896,0.73505,0.73527,1.10,1.75
2018.03.21 02:34:06.464,0.73505,0.73527,1.07,2.25
2018.03.21 02:34:07.003,0.73504,0.73527,1.95,2.25
2018.03.21 02:34:07.612,0.73505,0.73527,1.07,1.75
2018.03.21 02:34:08.224,0.73505,0.73527,1.10,1.75
2018.03.21 02:34:15.799,0.73504,0.73527,1.95,1.50
2018.03.21 02:34:15.850,0.73505,0.73529,1.95,2.32
2018.03.21 02:34:16.002,0.73507,0.73531,1.57,2.10
2018.03.21 02:34:20.552,0.73509,0.73531,1.07,2.25
2018.03.21 02:34:27.604,0.73509,0.7353,1.10,1.50
2018.03.21 02:34:28.161,0.73509,0.7353,1.07,1.50
2018.03.21 02:34:29.925,0.73507,0.7353,2.70,1.50
2018.03.21 02:34:33.548,0.73509,0.73529,1.07,1.37
2018.03.21 02:34:34.145,0.73509,0.73529,1.10,1.37
2018.03.21 02:34:35.359,0.73509,0.73529,1.07,1.37
2018.03.21 02:34:38.660,0.73508,0.73529,1.57,1.50
2018.03.21 02:34:38.773,0.73508,0.73531,1.45,1.50
2018.03.21 02:35:08.229,0.7351,0.73531,1.07,1.75
2018.03.21 02:35:10.084,0.73511,0.73532,1.07,1.72
2018.03.21 02:35:34.686,0.7351,0.73532,2.32,1.30
2018.03.21 02:35:38.196,0.73511,0.73533,1.20,2.85
2018.03.21 02:35:38.247,0.73511,0.73533,1.95,2.25
2018.03.21 02:35:38.555,0.73514,0.73534,1.45,1.00
2018.03.21 02:35:39.063,0.73514,0.73534,1.45,1.00
2018.03.21 02:35:39.895,0.73513,0.73534,1.95,1.00
2018.03.21 02:35:40.559,0.73515,0.73537,1.47,2.10
2018.03.21 02:35:44.633,0.73516,0.73537,1.07,1.35
2018.03.21 02:35:49.639,0.73516,0.73537,1.10,1.35
2018.03.21 02:35:51.838,0.73517,0.73538,1.00,1.00
2018.03.21 02:35:52.417,0.73517,0.73538,1.20,1.00
2018.03.21 02:35:54.412,0.73517,0.73539,1.95,1.30
2018.03.21 02:36:00.369,0.7352,0.73542,2.17,1.75
2018.03.21 02:36:00.420,0.73521,0.73542,1.57,1.12
2018.03.21 02:36:00.521,0.73522,0.73544,1.20,1.50
2018.03.21 02:36:07.090,0.73522,0.73543,1.07,1.75
2018.03.21 02:36:14.998,0.73522,0.73543,1.57,1.75
2018.03.21 02:36:15.583,0.73521,0.73543,2.70,1.75
2018.03.21 02:36:16.525,0.73522,0.73543,1.57,1.75
2018.03.21 02:36:17.070,0.73522,0.73543,1.10,1.75
2018.03.21 02:36:17.587,0.73522,0.73543,1.07,1.75
2018.03.21 02:36:19.538,0.73522,0.73543,1.20,1.12
2018.03.21 02:36:21.207,0.73524,0.73545,1.07,2.25
2018.03.21 02:36:21.898,0.73524,0.73547,1.57,2.25
2018.03.21 02:36:24.238,0.73526,0.73549,1.45,3.00
2018.03.21 02:36:29.997,0.73527,0.73549,1.07,3.00
2018.03.21 02:36:31.540,0.73527,0.73549,1.10,2.25
2018.03.21 02:36:39.260,0.73526,0.73549,1.45,1.50
2018.03.21 02:36:40.331,0.73525,0.73546,1.95,1.00
2018.03.21 02:36:48.951,0.73525,0.73546,1.95,2.25
2018.03.21 02:36:51.158,0.73525,0.73546,2.32,1.75
2018.03.21 02:36:52.237,0.73526,0.73546,1.45,1.75
2018.03.21 02:36:58.190,0.73525,0.73546,2.47,1.75
2018.03.21 02:37:09.514,0.73525,0.73548,3.60,1.45
2018.03.21 02:37:10.632,0.73527,0.7355,2.47,2.25
2018.03.21 02:37:10.683,0.73529,0.73551,1.75,1.20
2018.03.21 02:37:11.324,0.73531,0.73554,3.00,1.45
2018.03.21 02:37:15.677,0.73532,0.73554,1.12,1.85
2018.03.21 02:37:17.396,0.73531,0.73554,1.75,1.45
2018.03.21 02:37:19.896,0.73531,0.73555,1.85,2.17
2018.03.21 02:37:21.386,0.73535,0.73555,1.50,1.37
2018.03.21 02:37:22.128,0.73535,0.73555,1.50,1.37
2018.03.21 02:37:24.598,0.73535,0.73555,1.50,1.05
2018.03.21 02:37:24.649,0.73535,0.73556,1.50,1.05
2018.03.21 02:37:24.751,0.73535,0.73558,1.75,1.20
2018.03.21 02:37:24.801,0.73538,0.7356,2.25,1.37
2018.03.21 02:37:24.853,0.73538,0.7356,1.12,1.42
2018.03.21 02:37:25.394,0.73535,0.73559,2.25,1.45
2018.03.21 02:37:28.020,0.73535,0.73559,1.75,1.95
2018.03.21 02:37:35.702,0.73536,0.73559,2.25,1.67
2018.03.21 02:37:42.607,0.73534,0.73558,3.07,1.82
2018.03.21 02:37:49.284,0.73533,0.73557,2.32,1.82
2018.03.21 02:38:20.257,0.73532,0.73554,1.75,1.37
2018.03.21 02:38:20.308,0.73531,0.73554,1.75,1.42
2018.03.21 02:38:20.695,0.73534,0.73555,1.50,1.42
2018.03.21 02:38:20.746,0.73536,0.73557,1.00,1.10
2018.03.21 02:38:25.710,0.73536,0.73557,1.00,1.60
2018.03.21 02:38:25.761,0.73534,0.73556,1.12,2.17
2018.03.21 02:38:30.814,0.73536,0.73557,1.00,1.10
2018.03.21 02:38:47.258,0.73534,0.73558,3.82,1.50
2018.03.21 02:38:59.340,0.73534,0.73557,1.47,1.42
2018.03.21 02:39:03.972,0.73535,0.73558,2.25,1.67
2018.03.21 02:39:04.225,0.73535,0.73554,1.00,1.75
2018.03.21 02:39:04.276,0.7353,0.73554,2.92,2.32
2018.03.21 02:39:04.327,0.7353,0.73552,2.17,1.75
2018.03.21 02:39:13.812,0.73527,0.73551,2.92,1.75
2018.03.21 02:39:14.016,0.73524,0.73547,1.57,1.75
2018.03.21 02:39:14.219,0.73522,0.73545,1.57,1.75
2018.03.21 02:39:16.052,0.7352,0.73543,1.42,1.75
2018.03.21 02:39:26.851,0.73518,0.73541,2.07,2.32
2018.03.21 02:39:27.411,0.73518,0.73541,1.37,2.70
2018.03.21 02:39:30.967,0.73515,0.73538,2.25,1.75
2018.03.21 02:39:31.069,0.73513,0.73537,2.32,2.32
2018.03.21 02:39:43.971,0.73516,0.73537,1.00,1.00
2018.03.21 02:39:44.186,0.73516,0.7354,2.32,1.82
2018.03.21 02:40:00.852,0.73518,0.73538,1.00,1.00
2018.03.21 02:40:01.358,0.73517,0.73538,1.00,1.00
2018.03.21 02:40:02.461,0.73514,0.73538,1.57,1.85
2018.03.21 02:40:18.631,0.73515,0.7354,1.20,1.42
2018.03.21 02:40:28.091,0.73514,0.73538,2.70,1.12
2018.03.21 02:40:31.437,0.73519,0.73544,1.42,1.95
2018.03.21 02:40:31.972,0.7352,0.73545,1.82,1.82
2018.03.21 02:40:42.237,0.73522,0.73546,2.32,1.85
2018.03.21 02:40:43.207,0.73522,0.73544,1.12,1.85
2018.03.21 02:40:43.332,0.73523,0.73544,1.00,1.00
2018.03.21 02:40:58.671,0.73523,0.73547,1.75,2.55
2018.03.21 02:40:58.773,0.73522,0.73543,1.00,1.10
2018.03.21 02:40:58.880,0.73518,0.73542,3.67,2.25
2018.03.21 02:41:00.421,0.73519,0.73542,1.80,2.32
2018.03.21 02:41:07.421,0.73521,0.73542,1.10,1.00
2018.03.21 02:41:07.774,0.73512,0.73536,2.32,1.75
2018.03.21 02:41:09.068,0.73511,0.73532,1.10,1.00
2018.03.21 02:41:09.396,0.73512,0.73532,1.07,1.00
2018.03.21 02:41:09.759,0.73512,0.73536,3.07,2.92
2018.03.21 02:41:18.103,0.73513,0.73536,1.75,1.57
2018.03.21 02:41:18.496,0.73513,0.73536,3.00,1.20
2018.03.21 02:41:19.067,0.73513,0.73534,1.75,1.57
2018.03.21 02:41:19.434,0.73513,0.73535,1.75,1.45
2018.03.21 02:41:20.117,0.73513,0.73534,2.25,1.07
2018.03.21 02:41:20.691,0.73513,0.73536,3.75,1.20
2018.03.21 02:41:21.349,0.73515,0.73539,3.00,1.95
2018.03.21 02:41:22.858,0.73518,0.73539,1.37,1.20
2018.03.21 02:41:23.792,0.73518,0.73539,1.75,1.07
2018.03.21 02:41:24.346,0.73516,0.73539,3.00,1.07
2018.03.21 02:41:24.447,0.73517,0.73539,1.75,1.07
2018.03.21 02:41:24.627,0.73517,0.73539,1.37,1.45
2018.03.21 02:41:25.189,0.73516,0.73539,3.00,1.20
2018.03.21 02:41:25.950,0.73516,0.73539,2.25,1.45
2018.03.21 02:41:26.001,0.73519,0.73541,1.75,1.20
2018.03.21 02:41:26.102,0.73518,0.73539,1.00,1.20
2018.03.21 02:41:26.316,0.73519,0.73542,3.00,1.20
2018.03.21 02:41:26.367,0.73521,0.73541,1.50,1.07
2018.03.21 02:41:26.620,0.73521,0.73543,2.25,1.07
2018.03.21 02:41:27.762,0.73521,0.73544,2.25,1.45
2018.03.21 02:41:28.802,0.73521,0.73542,1.50,1.45
2018.03.21 02:41:29.639,0.73519,0.73542,3.00,1.45
2018.03.21 02:41:29.740,0.73517,0.73541,2.25,2.70
2018.03.21 02:41:29.903,0.73513,0.73537,3.07,1.45
2018.03.21 02:41:30.426,0.73514,0.73537,1.57,1.75
2018.03.21 02:41:30.731,0.73516,0.73537,1.10,1.00
2018.03.21 02:41:30.833,0.73516,0.7354,2.32,2.32
2018.03.21 02:41:34.575,0.73516,0.7354,2.32,1.95
2018.03.21 02:41:37.057,0.73516,0.7354,1.82,2.32
2018.03.21 02:41:52.979,0.73518,0.73541,1.20,1.75
2018.03.21 02:41:53.494,0.73518,0.7354,1.10,1.50
2018.03.21 02:41:54.127,0.73518,0.7354,1.07,1.50
2018.03.21 02:41:56.135,0.73518,0.73541,1.57,1.50
2018.03.21 02:42:01.808,0.73519,0.73543,2.25,2.32
2018.03.21 02:42:02.184,0.73519,0.73543,1.50,2.32
2018.03.21 02:42:09.621,0.73517,0.7354,1.57,1.75
2018.03.21 02:42:10.307,0.73518,0.73541,1.85,1.85
2018.03.21 02:42:15.381,0.73515,0.7354,3.45,1.85
2018.03.21 02:42:25.174,0.73519,0.7354,1.00,1.10
2018.03.21 02:42:26.364,0.7352,0.7354,1.00,1.00
2018.03.21 02:42:26.414,0.7352,0.73542,2.25,1.05
2018.03.21 02:42:32.207,0.73517,0.73541,1.85,2.92
2018.03.21 02:42:32.309,0.73515,0.73539,3.00,2.32
2018.03.21 02:42:33.132,0.73516,0.73539,1.75,1.57
2018.03.21 02:42:33.234,0.7352,0.73541,1.50,1.07
2018.03.21 02:42:33.657,0.73518,0.73539,2.25,1.00
2018.03.21 02:42:35.829,0.73518,0.73539,1.00,1.57
2018.03.21 02:42:35.880,0.73514,0.73539,2.25,2.32
2018.03.21 02:42:36.147,0.73519,0.7354,1.00,1.10
2018.03.21 02:42:37.204,0.73519,0.7354,1.00,1.07
2018.03.21 02:42:37.256,0.73514,0.73539,1.75,2.32
2018.03.21 02:42:42.731,0.73517,0.73539,1.75,1.20
2018.03.21 02:42:43.972,0.73517,0.73541,2.25,1.95
2018.03.21 02:42:44.177,0.73517,0.73538,1.10,1.00
2018.03.21 02:42:53.842,0.73517,0.73538,1.00,1.57
2018.03.21 02:42:54.618,0.73517,0.73538,1.00,1.07
2018.03.21 02:42:57.261,0.73517,0.73538,1.00,1.07
2018.03.21 02:43:00.749,0.73516,0.73539,1.12,2.70
2018.03.21 02:43:10.235,0.73517,0.73539,3.00,1.57
2018.03.21 02:43:10.438,0.73515,0.73539,2.25,2.32
2018.03.21 02:43:19.119,0.73515,0.73538,1.12,2.92
2018.03.21 02:43:20.770,0.73515,0.73538,1.75,2.17
2018.03.21 02:43:22.838,0.73514,0.73537,1.37,2.32
2018.03.21 02:43:27.923,0.73516,0.73536,1.00,1.57
2018.03.21 02:43:28.289,0.73517,0.73538,1.75,1.80
2018.03.21 02:43:29.059,0.73517,0.73538,1.75,2.17
2018.03.21 02:43:30.525,0.73517,0.73537,1.75,1.07
2018.03.21 02:43:32.170,0.73517,0.73537,1.75,1.07
2018.03.21 02:43:33.814,0.73517,0.73535,1.75,1.00
2018.03.21 02:43:35.896,0.73515,0.73535,1.75,1.00
2018.03.21 02:43:36.656,0.73514,0.73535,2.25,1.07
2018.03.21 02:43:37.221,0.73515,0.73535,1.75,1.00
2018.03.21 02:43:39.288,0.73515,0.73536,1.75,1.20
2018.03.21 02:43:41.179,0.73515,0.73536,1.75,1.20
2018.03.21 02:43:41.969,0.73515,0.73536,1.75,1.57
2018.03.21 02:43:45.766,0.73515,0.73536,1.75,1.20
2018.03.21 02:43:46.311,0.73515,0.73536,1.75,1.57
2018.03.21 02:43:54.253,0.73512,0.73535,1.75,1.07
2018.03.21 02:44:03.466,0.73512,0.73535,1.75,1.10
2018.03.21 02:44:05.360,0.73512,0.73535,1.75,1.07
2018.03.21 02:44:05.870,0.73511,0.73533,1.75,1.57
2018.03.21 02:44:18.381,0.73514,0.73536,1.00,1.20
2018.03.21 02:44:18.540,0.73514,0.73537,1.75,1.20
2018.03.21 02:44:20.688,0.73513,0.73536,2.25,1.82
2018.03.21 02:44:28.038,0.73515,0.73536,1.00,3.30
2018.03.21 02:44:28.697,0.73515,0.73536,1.50,1.42
2018.03.21 02:44:31.260,0.73515,0.73536,1.50,1.42
2018.03.21 02:44:32.298,0.73515,0.73536,1.00,1.80
2018.03.21 02:44:32.990,0.73515,0.73536,1.00,1.42
2018.03.21 02:44:49.811,0.73515,0.73536,1.00,1.20
2018.03.21 02:44:49.862,0.73513,0.73535,1.12,2.32
2018.03.21 02:45:00.702,0.73511,0.73533,1.50,1.85
2018.03.21 02:45:02.388,0.73512,0.73533,1.50,1.12
2018.03.21 02:45:02.490,0.73514,0.73537,1.72,2.70
2018.03.21 02:45:03.033,0.73515,0.73539,2.32,1.42
2018.03.21 02:45:18.631,0.73517,0.73538,1.50,1.07
2018.03.21 02:45:21.053,0.73517,0.73539,2.25,1.42
2018.03.21 02:45:52.628,0.73517,0.73538,1.50,1.20
2018.03.21 02:45:52.729,0.73516,0.73538,1.12,2.32
2018.03.21 02:45:52.830,0.73517,0.7354,1.67,2.32
2018.03.21 02:45:53.164,0.73518,0.73541,1.75,1.57
2018.03.21 02:45:56.263,0.73518,0.73541,3.00,1.45
2018.03.21 02:45:56.698,0.73516,0.7354,2.32,1.82
2018.03.21 02:46:00.016,0.73516,0.73538,3.00,1.45
2018.03.21 02:46:01.351,0.73516,0.73538,3.00,1.45
2018.03.21 02:46:01.881,0.73516,0.73538,3.00,1.45
2018.03.21 02:46:03.893,0.73516,0.7354,3.00,2.32
2018.03.21 02:46:04.097,0.73515,0.73538,1.50,1.75
2018.03.21 02:46:04.354,0.73519,0.7354,1.00,1.00
2018.03.21 02:46:04.470,0.73518,0.73538,2.10,1.00
2018.03.21 02:46:04.872,0.73516,0.73536,1.00,1.00
2018.03.21 02:46:06.238,0.73519,0.7354,1.12,1.75
2018.03.21 02:46:07.278,0.73516,0.7354,3.00,3.67
2018.03.21 02:46:07.406,0.73514,0.73538,3.67,1.82
2018.03.21 02:46:15.825,0.73517,0.73538,1.50,1.12
2018.03.21 02:46:16.131,0.73521,0.73543,1.50,1.05
2018.03.21 02:46:17.298,0.73519,0.73543,3.00,1.82
2018.03.21 02:46:17.349,0.73519,0.73541,1.00,1.42
2018.03.21 02:46:17.452,0.73516,0.7354,3.07,2.32
2018.03.21 02:46:18.084,0.73517,0.73539,1.75,1.45
2018.03.21 02:46:18.761,0.73517,0.7354,1.75,1.20
2018.03.21 02:46:22.070,0.73518,0.73538,1.50,1.07
2018.03.21 02:46:22.529,0.73516,0.73538,1.87,1.45
2018.03.21 02:46:26.719,0.73516,0.73539,2.25,2.70
2018.03.21 02:46:29.919,0.73516,0.73538,3.00,1.07
2018.03.21 02:46:31.253,0.73516,0.73538,3.00,1.07
2018.03.21 02:46:32.590,0.73516,0.73538,2.25,1.07
2018.03.21 02:46:33.199,0.73516,0.73538,3.00,1.07
2018.03.21 02:46:35.169,0.73516,0.73538,2.25,1.07
2018.03.21 02:46:36.012,0.73516,0.73538,2.25,1.07
2018.03.21 02:46:36.643,0.73516,0.73539,3.00,1.95
2018.03.21 02:46:38.812,0.73514,0.73534,1.37,1.07
2018.03.21 02:46:38.864,0.73511,0.73533,1.75,1.45
2018.03.21 02:46:39.454,0.7351,0.73533,2.85,1.20
2018.03.21 02:46:39.961,0.7351,0.73533,2.85,1.20
2018.03.21 02:46:41.460,0.7351,0.73532,3.60,1.07
2018.03.21 02:46:43.895,0.7351,0.73532,3.60,1.07
2018.03.21 02:46:44.454,0.73511,0.73533,1.50,1.20
2018.03.21 02:46:48.959,0.73513,0.73533,1.50,1.07
2018.03.21 02:46:49.509,0.73513,0.73534,1.50,1.45
2018.03.21 02:46:57.140,0.73513,0.73534,1.50,1.45
2018.03.21 02:46:57.980,0.73513,0.73534,1.50,1.45
2018.03.21 02:46:59.306,0.73513,0.73533,1.50,1.07
2018.03.21 02:47:00.018,0.73513,0.73535,1.50,1.95
2018.03.21 02:47:07.707,0.73513,0.73535,1.75,1.45
2018.03.21 02:47:27.337,0.73513,0.73536,1.75,1.42
2018.03.21 02:47:30.016,0.73513,0.73535,1.75,1.45
2018.03.21 02:47:31.864,0.73512,0.73534,2.25,1.07
2018.03.21 02:47:33.515,0.73512,0.73534,1.12,1.20
2018.03.21 02:47:38.888,0.73512,0.73534,1.72,2.25
2018.03.21 02:47:38.989,0.73512,0.73535,2.10,1.57
2018.03.21 02:47:47.868,0.73511,0.73535,1.75,2.12
2018.03.21 02:47:47.983,0.73511,0.73532,2.25,1.45
2018.03.21 02:47:48.288,0.73511,0.73533,2.25,1.07
2018.03.21 02:47:48.963,0.73511,0.73534,2.25,1.45
2018.03.21 02:47:49.852,0.73511,0.73534,2.25,1.45
2018.03.21 02:47:49.964,0.73512,0.73534,1.12,1.95
2018.03.21 02:47:50.388,0.7351,0.73532,1.12,2.32
2018.03.21 02:47:54.737,0.73511,0.73533,1.50,1.82
2018.03.21 02:47:54.936,0.73514,0.73536,3.00,1.20
2018.03.21 02:47:57.516,0.73514,0.73536,2.25,1.20
2018.03.21 02:47:58.021,0.73514,0.73536,1.75,1.12
2018.03.21 02:47:58.552,0.73515,0.73537,1.75,1.37
2018.03.21 02:48:01.248,0.73515,0.73539,1.75,3.30
2018.03.21 02:48:05.849,0.73514,0.73538,2.25,2.92
2018.03.21 02:48:06.729,0.73516,0.73537,1.75,1.30
2018.03.21 02:48:07.074,0.73515,0.73537,1.50,1.67
2018.03.21 02:48:11.204,0.73518,0.73538,1.00,2.17
2018.03.21 02:48:11.255,0.73518,0.73538,1.50,1.05
2018.03.21 02:48:11.854,0.73516,0.7354,1.87,3.30
2018.03.21 02:48:15.862,0.73517,0.7354,1.85,1.85
2018.03.21 02:48:16.192,0.73518,0.73542,2.32,2.32
2018.03.21 02:48:17.624,0.73516,0.73537,1.50,1.00
2018.03.21 02:48:18.005,0.73516,0.73539,2.17,1.57
2018.03.21 02:48:18.448,0.73516,0.7354,2.92,1.82
2018.03.21 02:48:18.734,0.73519,0.7354,1.50,1.57
2018.03.21 02:48:19.743,0.73517,0.73539,1.37,1.20
2018.03.21 02:48:22.944,0.73519,0.7354,1.00,1.20
2018.03.21 02:48:23.250,0.73519,0.73541,1.75,1.45
2018.03.21 02:48:26.273,0.73519,0.7354,1.75,1.07
2018.03.21 02:48:28.261,0.73519,0.73541,1.75,1.45
2018.03.21 02:48:28.838,0.73519,0.73541,1.75,1.45
2018.03.21 02:48:31.370,0.73519,0.73541,1.75,1.45
2018.03.21 02:48:31.577,0.73518,0.73541,1.75,1.95
2018.03.21 02:48:31.839,0.73517,0.73539,1.75,1.45
2018.03.21 02:48:31.941,0.73516,0.73538,1.87,1.45
2018.03.21 02:48:32.965,0.73516,0.73538,1.37,1.95
2018.03.21 02:48:44.050,0.73514,0.73536,2.85,1.07
2018.03.21 02:48:45.563,0.73514,0.73536,2.85,1.20
2018.03.21 02:48:46.337,0.73512,0.73535,3.00,1.45
2018.03.21 02:48:47.371,0.73512,0.73536,3.00,1.20
2018.03.21 02:48:47.885,0.73512,0.73535,3.00,1.45
2018.03.21 02:48:48.429,0.73513,0.73536,1.75,1.20
2018.03.21 02:48:49.329,0.7351,0.73533,2.10,2.70
2018.03.21 02:48:55.363,0.73512,0.73533,2.10,1.10
2018.03.21 02:48:55.414,0.73514,0.73536,1.37,1.57
2018.03.21 02:48:55.464,0.73515,0.73536,1.00,1.07
2018.03.21 02:48:56.045,0.73515,0.73536,1.00,1.10
2018.03.21 02:48:56.703,0.73515,0.73536,1.00,1.07
2018.03.21 02:48:57.366,0.73515,0.73536,1.00,1.10
2018.03.21 02:49:18.686,0.73515,0.73539,1.85,3.07
2018.03.21 02:49:20.464,0.73515,0.73535,1.75,2.10
2018.03.21 02:49:20.515,0.73513,0.73535,1.85,3.60
2018.03.21 02:49:20.668,0.73511,0.73531,2.25,1.30
2018.03.21 02:49:38.632,0.73511,0.73533,1.00,1.85
2018.03.21 02:49:39.662,0.73513,0.73533,1.00,2.32
2018.03.21 02:49:39.969,0.73515,0.73534,1.00,1.75
2018.03.21 02:49:58.974,0.73516,0.73534,1.00,1.20
2018.03.21 02:49:59.209,0.73517,0.73537,1.00,1.95
2018.03.21 02:49:59.521,0.73519,0.73538,1.00,1.95
2018.03.21 02:50:14.894,0.73516,0.73537,1.12,1.45
2018.03.21 02:50:18.683,0.73515,0.73537,1.12,1.45
2018.03.21 02:50:25.673,0.73513,0.73534,1.57,1.00
2018.03.21 02:50:26.402,0.73512,0.73535,1.37,1.20
2018.03.21 02:50:26.951,0.73512,0.73533,1.12,1.20
2018.03.21 02:50:42.524,0.7351,0.73532,3.60,1.07
2018.03.21 02:50:42.577,0.73513,0.73534,1.75,1.10
2018.03.21 02:50:43.405,0.73513,0.73534,1.75,1.07
2018.03.21 02:50:44.106,0.73513,0.73535,1.75,1.45
2018.03.21 02:50:45.654,0.73513,0.73534,1.75,1.07
2018.03.21 02:50:46.374,0.73513,0.73534,1.75,1.10
2018.03.21 02:50:47.701,0.73512,0.73533,1.00,1.20
2018.03.21 02:50:48.224,0.73512,0.73533,1.00,1.20
2018.03.21 02:50:51.808,0.73511,0.73532,1.12,1.95
2018.03.21 02:50:53.576,0.73509,0.7353,1.50,1.07
2018.03.21 02:50:55.699,0.73508,0.7353,1.50,1.95
2018.03.21 02:51:18.673,0.73508,0.73529,1.00,1.00
2018.03.21 02:51:19.714,0.73508,0.73529,1.00,1.20
2018.03.21 02:51:24.757,0.73506,0.73529,2.25,1.47
2018.03.21 02:51:24.858,0.73506,0.73528,1.50,1.20
2018.03.21 02:51:26.014,0.73504,0.73526,2.10,1.75
2018.03.21 02:51:39.911,0.73504,0.73525,1.12,1.45
2018.03.21 02:51:39.961,0.73502,0.73523,1.50,1.10
2018.03.21 02:51:40.642,0.73502,0.73523,1.00,1.95
2018.03.21 02:51:41.426,0.73502,0.73523,1.00,2.70
2018.03.21 02:51:43.701,0.735,0.73521,1.50,1.10
2018.03.21 02:51:44.127,0.735,0.73522,1.00,1.20
2018.03.21 02:51:45.419,0.73499,0.73521,1.12,1.20
2018.03.21 02:51:52.028,0.73499,0.73521,2.10,2.32
2018.03.21 02:51:52.738,0.73499,0.73521,3.60,1.10
2018.03.21 02:51:54.710,0.73502,0.73524,1.87,1.45
2018.03.21 02:51:55.378,0.73502,0.73525,2.25,1.95
2018.03.21 02:51:58.459,0.735,0.73523,1.67,2.32
2018.03.21 02:52:07.130,0.73502,0.73523,1.00,2.70
2018.03.21 02:52:07.300,0.73501,0.73521,1.00,1.85
2018.03.21 02:52:09.345,0.735,0.73522,1.37,1.80
2018.03.21 02:52:17.903,0.73502,0.73523,1.00,1.95
2018.03.21 02:52:22.148,0.73502,0.73523,1.00,2.70
2018.03.21 02:52:34.759,0.73502,0.73523,1.00,1.95
2018.03.21 02:52:35.598,0.73501,0.73523,1.12,1.95
2018.03.21 02:52:36.831,0.73501,0.73522,1.75,1.07
2018.03.21 02:52:37.045,0.73499,0.73521,1.50,1.85
2018.03.21 02:52:42.620,0.735,0.73522,3.00,1.07
2018.03.21 02:52:42.729,0.735,0.73522,1.87,1.45
2018.03.21 02:52:44.651,0.735,0.73521,1.87,1.07
2018.03.21 02:52:45.720,0.735,0.73522,1.87,1.45
2018.03.21 02:52:52.412,0.73499,0.73521,2.25,1.07
2018.03.21 02:52:52.463,0.73498,0.73521,1.50,1.95
2018.03.21 02:52:52.809,0.73497,0.73519,1.12,1.95
2018.03.21 02:52:58.588,0.73497,0.7352,1.50,1.20
2018.03.21 02:53:02.516,0.73498,0.7352,2.85,1.07
2018.03.21 02:53:02.822,0.735,0.73522,2.25,1.07
2018.03.21 02:53:02.924,0.735,0.73521,1.00,1.10
2018.03.21 02:53:09.064,0.735,0.73521,1.00,1.45
2018.03.21 02:53:13.194,0.735,0.73521,1.00,1.20
2018.03.21 02:53:18.683,0.73499,0.73521,1.75,1.45
2018.03.21 02:53:35.254,0.73499,0.73521,1.12,1.95
2018.03.21 02:53:35.564,0.735,0.73521,1.00,2.70
2018.03.21 02:53:36.223,0.735,0.7352,1.00,1.37
2018.03.21 02:53:40.351,0.73497,0.73519,2.25,1.42
2018.03.21 02:53:40.655,0.73493,0.73514,1.12,1.45
2018.03.21 02:53:41.089,0.73493,0.73514,1.75,2.17
2018.03.21 02:53:41.602,0.73493,0.73514,1.75,1.80
2018.03.21 02:53:50.027,0.73493,0.73515,1.75,1.95
2018.03.21 02:53:51.752,0.73493,0.73515,1.75,1.95
2018.03.21 02:53:53.153,0.73493,0.73515,1.12,1.95
2018.03.21 02:53:58.312,0.73493,0.73515,1.75,1.57
2018.03.21 02:53:58.853,0.73494,0.73517,1.75,1.42
2018.03.21 02:54:06.713,0.73494,0.73517,1.12,1.42
2018.03.21 02:54:07.041,0.73496,0.73517,1.75,1.30
2018.03.21 02:54:13.211,0.73498,0.7352,1.50,1.80
2018.03.21 02:54:20.661,0.73495,0.73519,2.32,2.92
2018.03.21 02:54:38.632,0.73496,0.73517,1.00,1.00
2018.03.21 02:54:45.136,0.73497,0.73517,1.00,1.00
2018.03.21 02:54:45.701,0.73499,0.73521,1.57,2.10
2018.03.21 02:54:52.787,0.735,0.73523,1.75,1.42
2018.03.21 02:54:55.872,0.735,0.73522,1.12,2.92
2018.03.21 02:55:16.077,0.73499,0.7352,1.50,1.00
2018.03.21 02:55:20.180,0.73497,0.7352,1.05,3.07
2018.03.21 02:55:21.542,0.73495,0.73518,1.85,2.32
2018.03.21 02:55:22.582,0.73494,0.73514,1.85,1.00
2018.03.21 02:55:22.633,0.73493,0.73514,1.30,1.75
2018.03.21 02:55:23.145,0.73495,0.73517,1.50,2.32
2018.03.21 02:55:23.832,0.73495,0.73517,1.00,2.25
2018.03.21 02:55:24.229,0.73495,0.73516,1.00,1.00
2018.03.21 02:55:24.658,0.73493,0.73515,1.50,1.95
2018.03.21 02:55:24.709,0.7349,0.73513,2.17,1.57
2018.03.21 02:55:26.219,0.73491,0.73515,1.20,2.32
2018.03.21 02:55:27.444,0.73491,0.73515,1.20,2.32
2018.03.21 02:55:31.172,0.73493,0.73515,1.00,3.00
2018.03.21 02:55:37.840,0.73492,0.73515,1.00,2.32
2018.03.21 02:55:38.156,0.73493,0.73515,1.37,1.57
2018.03.21 02:55:43.739,0.73494,0.73519,3.07,3.30
2018.03.21 02:55:50.287,0.73494,0.73516,1.37,1.57
2018.03.21 02:55:50.338,0.73493,0.73515,1.12,2.32
2018.03.21 02:55:50.495,0.7349,0.73513,1.95,1.85
2018.03.21 02:55:53.246,0.73492,0.73513,1.00,2.32
2018.03.21 02:55:53.957,0.73493,0.73513,1.00,2.32
2018.03.21 02:55:54.906,0.73491,0.73513,1.12,2.70
2018.03.21 02:56:03.582,0.73492,0.73513,1.00,1.95
2018.03.21 02:56:05.115,0.7349,0.73511,1.37,1.47
2018.03.21 02:56:34.917,0.73491,0.73514,1.57,1.50
2018.03.21 02:56:45.613,0.73493,0.73513,1.00,2.25
2018.03.21 02:56:46.132,0.73492,0.73513,1.35,2.25
2018.03.21 02:56:54.609,0.73491,0.73511,1.20,1.50
2018.03.21 02:56:54.912,0.7349,0.73511,1.00,3.67
2018.03.21 02:56:55.217,0.73489,0.73508,1.00,1.75
2018.03.21 02:56:55.437,0.73487,0.73508,1.12,1.75
2018.03.21 02:56:55.538,0.73486,0.73505,1.00,1.50
2018.03.21 02:56:55.589,0.73484,0.73505,1.12,2.25
2018.03.21 02:56:55.859,0.73484,0.73503,1.00,1.75
2018.03.21 02:56:56.185,0.73482,0.73503,1.12,1.75
2018.03.21 02:56:59.962,0.73483,0.73504,1.00,1.10
2018.03.21 02:57:00.593,0.73484,0.73504,1.00,1.00
2018.03.21 02:57:01.993,0.73484,0.73507,1.35,1.85
2018.03.21 02:57:02.044,0.73484,0.73504,1.00,1.00
2018.03.21 02:57:02.677,0.73483,0.73504,1.50,1.00
2018.03.21 02:57:03.776,0.73484,0.73504,1.35,1.10
2018.03.21 02:57:03.827,0.73484,0.73508,2.10,2.70
2018.03.21 02:57:04.007,0.73483,0.73504,2.10,1.00
2018.03.21 02:57:05.333,0.73486,0.73506,1.00,1.00
2018.03.21 02:57:05.797,0.73484,0.73505,1.30,1.75
2018.03.21 02:57:06.689,0.73485,0.73505,1.00,1.75
2018.03.21 02:57:06.791,0.73486,0.73508,1.50,1.82
2018.03.21 02:57:06.893,0.73484,0.73505,1.35,2.32
2018.03.21 02:57:29.138,0.73484,0.73504,1.00,2.25
2018.03.21 02:57:58.631,0.73482,0.73503,2.32,1.00
2018.03.21 02:58:12.218,0.73485,0.73507,1.42,1.50
2018.03.21 02:58:12.269,0.73487,0.73509,1.75,1.50
2018.03.21 02:58:12.831,0.7349,0.7351,1.00,1.00
2018.03.21 02:58:13.353,0.7349,0.73511,1.20,1.50
2018.03.21 02:58:18.260,0.7349,0.73511,1.95,1.50
2018.03.21 02:58:20.503,0.7349,0.73511,1.45,1.00
2018.03.21 02:58:20.554,0.73489,0.73511,2.17,2.25
2018.03.21 02:58:22.570,0.73489,0.73511,2.17,2.25
2018.03.21 02:58:22.997,0.73489,0.73508,1.35,2.25
2018.03.21 02:58:23.521,0.73489,0.73508,1.80,2.25
2018.03.21 02:58:25.198,0.73489,0.73508,1.80,2.25
2018.03.21 02:58:26.937,0.73489,0.73508,1.80,2.25
2018.03.21 02:58:27.460,0.73489,0.73509,1.35,2.25
2018.03.21 02:58:28.451,0.73489,0.73508,1.80,2.25
2018.03.21 02:58:30.118,0.73489,0.73508,1.42,2.25
2018.03.21 02:58:30.169,0.73486,0.73508,1.20,2.25
2018.03.21 02:58:30.321,0.73485,0.73504,1.42,1.75
2018.03.21 02:58:30.735,0.73483,0.73503,1.42,1.75
2018.03.21 02:58:31.086,0.7348,0.73502,2.32,1.75
2018.03.21 02:58:31.187,0.7348,0.73502,1.42,1.75
2018.03.21 02:58:31.710,0.73479,0.735,1.00,1.75
2018.03.21 02:58:33.019,0.7348,0.735,1.00,1.75
2018.03.21 02:58:33.120,0.7348,0.73502,1.20,1.75
2018.03.21 02:58:35.802,0.7348,0.73502,1.80,1.75
2018.03.21 02:58:35.903,0.73482,0.73502,1.12,1.50
2018.03.21 02:58:39.493,0.7348,0.73502,1.80,1.75
2018.03.21 02:58:42.057,0.73481,0.73505,2.17,1.85
2018.03.21 02:58:42.108,0.73483,0.73507,1.75,1.95
2018.03.21 02:58:42.842,0.73483,0.73503,1.85,1.00
2018.03.21 02:58:42.893,0.73481,0.73503,1.42,2.25
2018.03.21 02:58:45.074,0.73481,0.73503,1.42,2.25
2018.03.21 02:58:45.790,0.73481,0.73503,1.42,2.25
2018.03.21 02:58:46.454,0.73481,0.73503,2.55,1.50
2018.03.21 02:58:54.356,0.73483,0.73506,1.57,1.95
2018.03.21 02:58:54.410,0.73484,0.73508,2.17,1.82
2018.03.21 02:59:04.887,0.73485,0.73508,1.42,2.32
2018.03.21 02:59:05.687,0.73485,0.73507,1.30,2.32
2018.03.21 02:59:15.682,0.73486,0.73507,1.00,1.75
2018.03.21 02:59:16.195,0.73487,0.73508,1.12,1.75
2018.03.21 02:59:22.773,0.73487,0.73508,1.57,1.37
2018.03.21 02:59:22.824,0.73487,0.73509,1.85,1.50
2018.03.21 02:59:36.602,0.73487,0.7351,1.00,2.32
2018.03.21 02:59:36.862,0.73484,0.73505,1.12,1.85
2018.03.21 02:59:36.912,0.73482,0.73505,1.20,1.85
2018.03.21 02:59:37.417,0.7348,0.73502,1.80,2.25
2018.03.21 02:59:37.957,0.73482,0.73502,1.00,2.25
2018.03.21 02:59:42.309,0.73479,0.73502,1.45,1.75
2018.03.21 02:59:42.410,0.73477,0.73497,1.10,1.12
2018.03.21 02:59:42.916,0.73477,0.73497,1.70,1.12
2018.03.21 02:59:43.421,0.73477,0.73498,1.42,1.50
2018.03.21 02:59:43.722,0.73479,0.73501,1.37,1.50
2018.03.21 02:59:44.027,0.73482,0.73501,1.00,1.50
2018.03.21 02:59:44.128,0.73482,0.73503,1.12,1.50
2018.03.21 02:59:44.705,0.73481,0.735,1.00,1.00
2018.03.21 02:59:49.031,0.7348,0.735,1.00,1.00
2018.03.21 02:59:50.836,0.7348,0.73502,1.00,3.45
2018.03.21 02:59:51.409,0.73479,0.73501,1.00,1.95
2018.03.21 02:59:51.966,0.73478,0.73497,1.00,1.50
2018.03.21 02:59:54.398,0.73478,0.73495,1.00,1.00
2018.03.21 02:59:54.934,0.73477,0.73495,1.00,1.00
