2013.11.28 12:00:01.441,0.82745,0.82759,3.08,1.50
2013.11.28 12:00:01.542,0.82748,0.8276,2.33,1.50
2013.11.28 12:00:01.859,0.82756,0.82771,5.25,1.88
2013.11.28 12:00:01.960,0.82756,0.8277,5.25,1.13
2013.11.28 12:00:02.070,0.82756,0.82773,5.25,1.13
2013.11.28 12:00:02.222,0.82756,0.8277,5.25,1.13
2013.11.28 12:00:02.741,0.82756,0.8277,3.45,1.13
2013.11.28 12:00:03.936,0.82756,0.82774,3.08,1.88
2013.11.28 12:00:04.926,0.82756,0.82774,3.08,1.50
2013.11.28 12:00:05.770,0.82756,0.82774,3.08,1.50
2013.11.28 12:00:06.090,0.82753,0.82774,5.63,1.50
2013.11.28 12:00:09.658,0.82753,0.82774,5.63,1.50
2013.11.28 12:00:11.745,0.82753,0.82769,4.88,1.50
2013.11.28 12:00:12.350,0.82752,0.82769,3.08,1.50
2013.11.28 12:00:15.483,0.82754,0.82773,1.28,1.58
2013.11.28 12:00:15.534,0.82754,0.82773,1.28,1.58
2013.11.28 12:00:15.636,0.82753,0.8277,2.70,1.50
2013.11.28 12:00:15.806,0.82755,0.82773,1.28,1.50
2013.11.28 12:00:15.856,0.82756,0.82773,3.08,1.50
2013.11.28 12:00:16.442,0.82756,0.82773,3.08,1.50
2013.11.28 12:00:17.688,0.82756,0.82774,3.45,1.50
2013.11.28 12:00:18.010,0.82758,0.82774,4.50,1.50
2013.11.28 12:00:19.051,0.82758,0.82774,4.50,1.50
2013.11.28 12:00:20.299,0.82757,0.82774,2.33,1.50
2013.11.28 12:00:20.739,0.82755,0.82774,3.08,1.50
2013.11.28 12:00:21.457,0.82755,0.82774,3.08,1.50
2013.11.28 12:00:21.659,0.82753,0.82772,2.33,1.50
2013.11.28 12:00:22.162,0.82753,0.82769,2.33,1.50
2013.11.28 12:00:22.548,0.82751,0.82769,2.40,1.50
2013.11.28 12:00:23.654,0.8275,0.82769,4.95,1.50
2013.11.28 12:00:23.870,0.82746,0.82769,3.45,1.65
2013.11.28 12:00:24.072,0.82744,0.82765,3.08,1.58
2013.11.28 12:00:24.322,0.82744,0.82764,3.08,1.50
2013.11.28 12:00:24.703,0.82742,0.82764,1.28,1.65
2013.11.28 12:00:25.752,0.82742,0.82764,3.45,1.65
2013.11.28 12:00:29.014,0.82742,0.82764,3.45,2.03
2013.11.28 12:00:29.717,0.82742,0.82761,1.28,1.58
2013.11.28 12:00:30.079,0.82742,0.82762,3.45,1.13
2013.11.28 12:00:30.181,0.82742,0.82764,3.45,1.58
2013.11.28 12:00:30.616,0.82743,0.82766,3.83,1.20
2013.11.28 12:00:34.592,0.82747,0.82767,3.08,1.13
2013.11.28 12:00:34.692,0.82744,0.82764,4.58,1.50
2013.11.28 12:00:34.793,0.82744,0.82763,2.40,1.13
2013.11.28 12:00:35.307,0.82744,0.82764,3.08,1.50
2013.11.28 12:00:35.358,0.82744,0.82765,3.08,1.88
2013.11.28 12:00:43.664,0.82744,0.82765,1.28,1.58
2013.11.28 12:00:43.948,0.82743,0.82765,2.70,1.95
2013.11.28 12:00:43.999,0.82742,0.82765,1.28,2.03
2013.11.28 12:00:50.965,0.82743,0.82763,2.70,1.88
2013.11.28 12:00:51.184,0.82744,0.82763,1.28,1.88
2013.11.28 12:00:51.827,0.82743,0.82763,2.70,1.88
2013.11.28 12:00:53.804,0.82744,0.82763,1.28,1.50
2013.11.28 12:00:54.185,0.82743,0.82761,2.33,1.50
2013.11.28 12:00:54.349,0.82741,0.82761,3.83,1.50
2013.11.28 12:00:55.673,0.82741,0.82763,3.45,2.03
2013.11.28 12:00:55.785,0.82741,0.8276,3.45,1.50
2013.11.28 12:01:02.885,0.82745,0.82764,2.25,1.50
2013.11.28 12:01:05.387,0.82744,0.82762,2.33,1.50
2013.11.28 12:01:05.438,0.82742,0.82762,4.50,1.50
2013.11.28 12:01:05.539,0.82741,0.82762,2.03,1.50
2013.11.28 12:01:13.155,0.8274,0.82764,3.08,2.33
2013.11.28 12:01:20.303,0.82741,0.82762,1.28,1.50
2013.11.28 12:01:24.212,0.8274,0.82763,3.45,1.58
2013.11.28 12:01:24.316,0.8274,0.82762,3.08,1.95
2013.11.28 12:01:24.642,0.82738,0.8276,3.45,1.58
2013.11.28 12:01:33.244,0.82739,0.82762,3.45,1.28
2013.11.28 12:01:33.752,0.82743,0.82764,3.08,1.88
2013.11.28 12:01:34.416,0.82742,0.82761,5.25,1.13
2013.11.28 12:01:49.842,0.82742,0.82765,5.25,1.13
2013.11.28 12:01:50.511,0.82745,0.82765,3.08,1.13
2013.11.28 12:01:51.662,0.82745,0.82764,3.08,1.50
2013.11.28 12:01:51.763,0.82743,0.82764,1.28,1.50
2013.11.28 12:01:52.158,0.82744,0.82764,3.08,1.50
2013.11.28 12:01:52.208,0.82744,0.82764,3.45,1.50
2013.11.28 12:01:52.259,0.82747,0.82764,2.33,1.50
2013.11.28 12:01:52.410,0.82747,0.82769,3.45,1.95
2013.11.28 12:01:52.833,0.8275,0.82769,3.08,1.50
2013.11.28 12:01:53.183,0.82752,0.82775,2.70,2.03
2013.11.28 12:01:53.548,0.82751,0.82775,1.28,2.40
2013.11.28 12:01:53.649,0.8275,0.82771,1.28,1.65
2013.11.28 12:01:53.699,0.8275,0.82771,1.28,3.83
2013.11.28 12:01:54.675,0.8275,0.82771,1.20,1.65
2013.11.28 12:01:54.776,0.8275,0.82771,1.20,1.58
2013.11.28 12:01:56.073,0.82747,0.8277,1.28,1.28
2013.11.28 12:01:56.325,0.8275,0.8277,1.13,1.28
2013.11.28 12:01:56.614,0.82747,0.8277,1.28,1.28
2013.11.28 12:01:56.766,0.8275,0.82768,1.13,1.58
2013.11.28 12:01:58.152,0.8275,0.82769,1.20,1.20
2013.11.28 12:01:58.323,0.8275,0.82772,1.20,1.28
2013.11.28 12:02:04.030,0.82748,0.82771,1.28,1.28
2013.11.28 12:02:04.136,0.82747,0.82772,2.03,3.15
2013.11.28 12:02:04.489,0.82752,0.82773,1.28,1.28
2013.11.28 12:02:05.852,0.82752,0.82772,1.28,1.13
2013.11.28 12:02:06.104,0.8275,0.82769,1.28,1.65
2013.11.28 12:02:06.616,0.82745,0.82769,3.45,2.03
2013.11.28 12:02:07.180,0.82746,0.82769,1.28,2.40
2013.11.28 12:02:11.012,0.82744,0.82766,1.65,2.25
2013.11.28 12:02:11.315,0.8274,0.82763,1.65,1.28
2013.11.28 12:02:21.918,0.82737,0.82757,1.28,1.13
2013.11.28 12:02:23.220,0.82738,0.82757,1.20,1.13
2013.11.28 12:02:26.861,0.82738,0.82757,1.20,1.13
2013.11.28 12:02:43.251,0.82739,0.82757,1.13,3.45
2013.11.28 12:02:43.402,0.8274,0.82758,1.13,1.28
2013.11.28 12:02:43.806,0.82733,0.82755,1.28,1.20
2013.11.28 12:02:43.917,0.82733,0.82754,1.28,1.13
2013.11.28 12:02:44.525,0.82733,0.82752,1.28,1.13
2013.11.28 12:02:48.372,0.82733,0.82754,1.20,1.28
2013.11.28 12:02:49.010,0.82732,0.82754,1.58,1.28
2013.11.28 12:02:49.792,0.82732,0.82754,1.65,1.28
2013.11.28 12:02:54.771,0.8273,0.82753,3.08,1.28
2013.11.28 12:02:54.923,0.82731,0.82753,1.28,2.03
2013.11.28 12:02:55.079,0.82729,0.82753,1.28,4.20
2013.11.28 12:03:05.038,0.82729,0.82753,3.45,1.28
2013.11.28 12:03:05.141,0.8273,0.82753,1.28,1.28
2013.11.28 12:03:09.220,0.8273,0.82753,1.28,3.45
2013.11.28 12:03:09.575,0.82728,0.8275,4.20,1.20
2013.11.28 12:03:09.968,0.82725,0.82748,1.28,1.65
2013.11.28 12:03:17.652,0.82725,0.82748,1.20,4.20
2013.11.28 12:03:18.207,0.82725,0.82747,1.20,2.70
2013.11.28 12:03:31.090,0.82725,0.82747,1.20,2.70
2013.11.28 12:03:31.242,0.82727,0.82748,1.95,2.33
2013.11.28 12:03:31.394,0.82727,0.82749,1.95,1.28
2013.11.28 12:03:31.791,0.82727,0.8275,2.03,1.28
2013.11.28 12:03:32.311,0.82731,0.82753,1.13,4.88
2013.11.28 12:03:52.281,0.82731,0.82751,1.13,2.70
2013.11.28 12:04:02.880,0.8273,0.82753,1.20,2.70
2013.11.28 12:04:06.450,0.82731,0.82754,1.13,4.20
2013.11.28 12:04:18.891,0.82731,0.82754,1.28,2.03
2013.11.28 12:04:21.149,0.82731,0.82751,1.28,1.20
2013.11.28 12:04:21.200,0.82731,0.82752,1.28,1.28
2013.11.28 12:04:35.801,0.8273,0.82752,1.28,1.28
2013.11.28 12:04:36.153,0.82727,0.8275,2.33,3.08
2013.11.28 12:04:36.752,0.82727,0.82747,1.50,1.65
2013.11.28 12:04:37.318,0.82727,0.8275,1.65,5.33
2013.11.28 12:04:37.580,0.82727,0.8275,1.65,3.08
2013.11.28 12:04:37.681,0.82727,0.82751,1.65,1.65
2013.11.28 12:04:38.200,0.8273,0.82751,1.13,1.65
2013.11.28 12:04:38.643,0.8273,0.82749,1.13,1.65
2013.11.28 12:04:38.993,0.82726,0.82748,1.65,1.65
2013.11.28 12:04:48.479,0.82726,0.82747,1.28,3.08
2013.11.28 12:04:49.300,0.82726,0.82747,1.20,3.08
2013.11.28 12:04:50.426,0.82725,0.82747,1.20,3.08
2013.11.28 12:04:56.521,0.82723,0.82747,1.65,3.08
2013.11.28 12:05:00.373,0.82723,0.82748,3.83,2.40
2013.11.28 12:05:01.014,0.82723,0.82747,1.28,3.08
2013.11.28 12:05:01.683,0.82723,0.82747,1.28,3.45
2013.11.28 12:05:01.834,0.82722,0.82744,1.28,1.65
2013.11.28 12:05:02.473,0.82718,0.82742,3.45,1.65
2013.11.28 12:05:15.809,0.82718,0.82741,1.28,1.65
2013.11.28 12:05:17.226,0.82714,0.82738,1.28,5.25
2013.11.28 12:05:17.427,0.82711,0.82733,1.65,1.13
2013.11.28 12:05:18.148,0.82711,0.82733,1.65,1.28
2013.11.28 12:05:19.367,0.82713,0.82733,1.50,1.28
2013.11.28 12:05:19.468,0.82713,0.82733,1.65,1.28
2013.11.28 12:05:20.991,0.82715,0.82733,1.65,1.13
2013.11.28 12:05:26.391,0.82716,0.82739,3.08,1.28
2013.11.28 12:05:26.593,0.82721,0.82742,3.08,1.58
2013.11.28 12:05:27.069,0.82721,0.82742,1.65,1.65
2013.11.28 12:05:27.351,0.82721,0.82744,4.20,2.78
2013.11.28 12:05:30.724,0.82722,0.82744,2.03,1.28
2013.11.28 12:05:33.606,0.82721,0.82744,3.83,1.28
2013.11.28 12:05:34.416,0.82721,0.82744,1.65,3.83
2013.11.28 12:05:35.030,0.82719,0.82743,2.40,3.08
2013.11.28 12:05:35.131,0.82719,0.82741,1.65,3.08
2013.11.28 12:05:45.693,0.82716,0.82733,3.08,1.50
2013.11.28 12:05:45.744,0.82716,0.82733,1.28,1.50
2013.11.28 12:05:45.845,0.82716,0.82733,3.45,1.50
2013.11.28 12:05:47.233,0.82716,0.82737,1.28,1.50
2013.11.28 12:05:49.114,0.82713,0.82733,3.00,1.28
2013.11.28 12:05:49.164,0.82713,0.82733,3.00,1.28
2013.11.28 12:05:49.215,0.82713,0.82732,2.25,3.45
2013.11.28 12:05:49.735,0.82713,0.82733,1.58,3.83
2013.11.28 12:05:50.282,0.82712,0.82732,1.13,3.08
2013.11.28 12:05:50.870,0.82711,0.82734,2.03,3.08
2013.11.28 12:05:53.460,0.82712,0.82734,1.58,3.45
2013.11.28 12:05:53.510,0.82712,0.8273,1.50,3.00
2013.11.28 12:05:53.813,0.82708,0.82729,2.03,1.58
2013.11.28 12:05:53.913,0.82708,0.82728,1.50,3.08
2013.11.28 12:05:54.451,0.82707,0.82726,2.25,1.28
2013.11.28 12:05:54.961,0.82709,0.82727,2.25,1.28
2013.11.28 12:05:55.684,0.82704,0.82725,1.20,1.28
2013.11.28 12:05:56.032,0.82704,0.82726,4.20,1.28
2013.11.28 12:05:56.545,0.82706,0.82728,3.08,2.03
2013.11.28 12:05:56.847,0.82711,0.82731,1.13,1.28
2013.11.28 12:05:58.452,0.82711,0.82728,1.13,1.20
2013.11.28 12:05:58.653,0.82711,0.82726,1.13,1.20
2013.11.28 12:06:03.203,0.82706,0.82724,1.20,1.20
2013.11.28 12:06:03.739,0.82706,0.82727,1.28,1.28
2013.11.28 12:06:04.721,0.82706,0.82727,2.03,1.20
2013.11.28 12:06:05.263,0.82706,0.82727,1.28,1.95
2013.11.28 12:06:05.414,0.82706,0.82723,1.20,1.13
2013.11.28 12:06:05.716,0.82699,0.82719,1.65,1.95
2013.11.28 12:06:05.917,0.82699,0.82719,1.58,2.03
2013.11.28 12:06:09.251,0.82697,0.82719,2.03,1.65
2013.11.28 12:06:09.452,0.82697,0.82719,2.03,1.20
2013.11.28 12:06:09.620,0.82698,0.82722,6.00,3.15
2013.11.28 12:06:09.671,0.82698,0.82721,6.00,1.28
2013.11.28 12:06:09.822,0.827,0.82721,6.38,1.13
2013.11.28 12:06:10.271,0.82699,0.82719,2.03,1.13
2013.11.28 12:06:11.752,0.82698,0.82718,5.63,1.13
2013.11.28 12:06:11.904,0.82699,0.8272,1.65,1.13
2013.11.28 12:06:13.293,0.82701,0.82721,1.28,1.20
2013.11.28 12:06:19.779,0.827,0.82721,1.28,1.28
2013.11.28 12:06:24.086,0.827,0.82721,1.65,1.20
2013.11.28 12:06:26.709,0.827,0.8272,1.65,1.20
2013.11.28 12:06:26.810,0.82698,0.8272,1.65,2.03
2013.11.28 12:06:27.926,0.82698,0.8272,5.33,1.88
2013.11.28 12:06:28.675,0.82698,0.8272,3.15,1.95
2013.11.28 12:06:29.184,0.82698,0.8272,3.83,1.95
2013.11.28 12:06:33.819,0.82698,0.8272,1.65,1.65
2013.11.28 12:06:33.870,0.82698,0.8272,1.65,1.65
2013.11.28 12:06:36.419,0.82697,0.8272,1.65,1.65
2013.11.28 12:06:39.453,0.82697,0.8272,3.83,1.65
2013.11.28 12:06:41.758,0.82697,0.8272,1.65,1.65
2013.11.28 12:06:43.382,0.82697,0.8272,3.83,1.58
2013.11.28 12:06:43.711,0.82697,0.8272,1.65,1.65
2013.11.28 12:06:45.019,0.82697,0.8272,3.83,1.65
2013.11.28 12:06:45.677,0.82697,0.8272,1.65,1.65
2013.11.28 12:06:46.121,0.82697,0.8272,1.65,1.65
2013.11.28 12:06:48.893,0.82696,0.82718,1.28,1.28
2013.11.28 12:06:48.994,0.82697,0.82719,2.33,2.03
2013.11.28 12:06:52.886,0.82697,0.82721,3.08,2.40
2013.11.28 12:06:53.483,0.82697,0.82721,3.83,2.40
2013.11.28 12:06:56.908,0.82699,0.82721,3.08,2.33
2013.11.28 12:07:00.208,0.82701,0.82721,1.28,1.13
2013.11.28 12:07:00.309,0.82701,0.8272,1.20,1.20
2013.11.28 12:07:00.360,0.82701,0.82719,1.20,1.13
2013.11.28 12:07:00.662,0.82689,0.82709,1.50,1.28
2013.11.28 12:07:00.914,0.82685,0.82706,1.13,1.28
2013.11.28 12:07:01.427,0.82681,0.82703,1.65,1.28
2013.11.28 12:07:01.629,0.82681,0.82701,2.03,1.13
2013.11.28 12:07:02.099,0.82683,0.82703,1.13,2.70
2013.11.28 12:07:02.452,0.82685,0.82704,1.58,3.38
2013.11.28 12:07:02.502,0.82685,0.82704,1.65,1.13
2013.11.28 12:07:03.336,0.82685,0.82704,1.65,1.20
2013.11.28 12:07:05.062,0.82682,0.82702,3.45,1.50
2013.11.28 12:07:05.364,0.82686,0.827,1.50,2.33
2013.11.28 12:07:05.767,0.82684,0.82703,1.50,3.08
2013.11.28 12:07:09.949,0.82684,0.82704,1.50,1.65
2013.11.28 12:07:10.488,0.82684,0.82704,1.58,1.65
2013.11.28 12:07:13.734,0.82684,0.82704,1.50,1.58
2013.11.28 12:07:14.351,0.82684,0.82704,1.65,1.65
2013.11.28 12:07:14.897,0.82684,0.82704,1.58,1.65
2013.11.28 12:07:17.887,0.82681,0.82699,1.65,1.13
2013.11.28 12:07:18.689,0.8268,0.82704,4.20,2.03
2013.11.28 12:07:19.016,0.8269,0.82705,1.13,2.70
2013.11.28 12:07:19.168,0.8269,0.82707,1.13,2.33
2013.11.28 12:07:19.269,0.82693,0.82709,2.25,3.00
2013.11.28 12:07:19.370,0.82693,0.8271,2.33,1.50
2013.11.28 12:07:19.472,0.82694,0.82714,2.33,1.88
2013.11.28 12:07:19.674,0.82694,0.82718,3.83,2.03
2013.11.28 12:07:19.956,0.82694,0.82718,3.83,1.95
2013.11.28 12:07:20.499,0.82694,0.82717,3.08,1.50
2013.11.28 12:07:20.650,0.82693,0.82716,3.90,1.28
2013.11.28 12:07:20.701,0.82693,0.82713,3.15,1.95
2013.11.28 12:07:21.902,0.82693,0.82712,3.15,1.20
2013.11.28 12:07:25.836,0.82691,0.82712,3.08,1.13
2013.11.28 12:07:25.987,0.82691,0.82716,3.08,1.28
2013.11.28 12:07:26.572,0.82692,0.82716,1.65,1.28
2013.11.28 12:07:27.146,0.8269,0.82714,2.03,1.65
2013.11.28 12:07:27.603,0.8269,0.82714,2.03,3.83
2013.11.28 12:07:37.949,0.8269,0.82712,1.65,1.20
2013.11.28 12:07:38.610,0.8269,0.82712,1.65,1.28
2013.11.28 12:07:46.636,0.8269,0.82712,3.83,1.20
2013.11.28 12:07:47.319,0.8269,0.82712,1.65,1.20
2013.11.28 12:07:49.895,0.8269,0.82712,1.65,1.95
2013.11.28 12:08:01.425,0.82692,0.82712,3.08,1.88
2013.11.28 12:08:02.660,0.82692,0.82714,3.45,1.58
2013.11.28 12:08:02.711,0.82694,0.82715,3.83,1.20
2013.11.28 12:08:03.457,0.82694,0.82715,3.08,1.20
2013.11.28 12:08:03.867,0.82694,0.82715,3.83,1.20
2013.11.28 12:08:07.169,0.82694,0.82716,3.45,1.20
2013.11.28 12:08:08.048,0.82694,0.82716,4.20,1.20
2013.11.28 12:08:08.340,0.82694,0.82716,2.03,1.28
2013.11.28 12:08:09.288,0.82694,0.82716,1.28,1.28
2013.11.28 12:08:10.261,0.82694,0.82715,1.28,1.20
2013.11.28 12:08:11.236,0.82692,0.82715,2.03,1.20
2013.11.28 12:08:17.751,0.82692,0.82711,2.03,1.13
2013.11.28 12:08:18.053,0.82685,0.82708,4.58,1.13
2013.11.28 12:08:18.155,0.82686,0.82708,1.65,1.13
2013.11.28 12:08:18.673,0.82686,0.82709,1.65,1.28
2013.11.28 12:08:21.991,0.82685,0.82704,2.03,1.13
2013.11.28 12:08:22.344,0.82685,0.82704,1.20,1.13
2013.11.28 12:08:23.287,0.82683,0.82703,1.20,1.20
2013.11.28 12:08:24.316,0.82683,0.82704,1.20,1.28
2013.11.28 12:08:24.476,0.8268,0.827,2.03,1.13
2013.11.28 12:08:25.042,0.8268,0.827,1.95,1.20
2013.11.28 12:08:35.267,0.8268,0.827,2.03,1.13
2013.11.28 12:08:36.271,0.8268,0.827,2.03,1.28
2013.11.28 12:08:47.979,0.8268,0.827,1.20,1.28
2013.11.28 12:08:48.231,0.82678,0.82696,1.13,1.13
2013.11.28 12:08:50.055,0.82678,0.82695,1.13,1.13
2013.11.28 12:09:01.354,0.82674,0.82694,1.28,1.20
2013.11.28 12:09:11.861,0.82675,0.82695,1.28,1.20
2013.11.28 12:09:12.167,0.82676,0.82697,1.65,2.78
2013.11.28 12:09:15.464,0.82676,0.82698,1.28,1.28
2013.11.28 12:09:15.828,0.82675,0.82698,3.45,1.28
2013.11.28 12:09:18.343,0.82675,0.82698,1.28,2.78
2013.11.28 12:09:19.302,0.82675,0.82698,1.28,2.78
2013.11.28 12:09:20.606,0.82677,0.82699,1.20,2.40
2013.11.28 12:09:20.909,0.82677,0.82699,3.45,1.58
2013.11.28 12:09:25.376,0.82681,0.82701,1.13,1.28
2013.11.28 12:09:32.635,0.8268,0.82701,1.28,1.28
2013.11.28 12:09:32.736,0.82677,0.827,1.28,1.28
2013.11.28 12:09:38.903,0.82675,0.82696,3.45,1.13
2013.11.28 12:09:39.004,0.82677,0.82698,3.45,1.13
2013.11.28 12:09:39.308,0.82674,0.82695,3.08,1.20
2013.11.28 12:09:39.560,0.82674,0.82694,3.08,1.13
2013.11.28 12:09:40.852,0.82673,0.82694,2.78,1.20
2013.11.28 12:10:01.386,0.82673,0.82695,4.58,1.13
2013.11.28 12:10:13.878,0.82673,0.82693,5.33,1.13
2013.11.28 12:10:13.979,0.82674,0.82694,1.65,1.13
2013.11.28 12:10:14.327,0.82673,0.82694,4.58,1.13
2013.11.28 12:10:14.937,0.82672,0.82695,5.70,1.28
2013.11.28 12:10:22.555,0.82674,0.82693,1.65,1.13
2013.11.28 12:10:23.326,0.82673,0.82694,1.28,1.20
2013.11.28 12:10:24.869,0.82674,0.82694,1.65,1.20
2013.11.28 12:10:32.048,0.82673,0.82695,3.53,2.03
2013.11.28 12:10:32.358,0.82673,0.82693,2.78,1.13
2013.11.28 12:10:32.758,0.82676,0.82697,3.08,1.50
2013.11.28 12:10:33.863,0.82675,0.82695,3.08,1.13
2013.11.28 12:10:33.914,0.82674,0.82695,2.40,1.13
2013.11.28 12:10:33.964,0.82675,0.82695,3.08,1.13
2013.11.28 12:10:34.015,0.82676,0.82695,1.65,1.13
2013.11.28 12:10:34.230,0.82676,0.82695,1.58,1.13
2013.11.28 12:10:41.586,0.82673,0.82694,2.40,1.13
2013.11.28 12:10:43.497,0.82672,0.82692,2.78,1.20
2013.11.28 12:10:50.241,0.82672,0.82694,4.95,1.20
2013.11.28 12:10:51.395,0.82675,0.82694,1.65,1.28
2013.11.28 12:10:51.506,0.82675,0.82696,1.65,1.20
2013.11.28 12:10:51.835,0.82673,0.82694,2.40,1.20
2013.11.28 12:10:52.821,0.82672,0.82691,2.78,1.13
2013.11.28 12:10:54.344,0.82671,0.82692,1.20,1.28
2013.11.28 12:10:55.330,0.8267,0.82692,1.65,1.28
2013.11.28 12:10:59.515,0.82668,0.82689,1.28,1.20
2013.11.28 12:11:00.325,0.82668,0.82689,3.45,1.13
2013.11.28 12:11:05.801,0.82671,0.82689,1.65,1.13
2013.11.28 12:11:06.144,0.82672,0.82692,1.65,1.13
2013.11.28 12:11:06.747,0.82672,0.82693,1.65,1.50
2013.11.28 12:11:07.246,0.82672,0.82692,1.65,1.20
2013.11.28 12:11:08.146,0.82672,0.82693,1.65,1.65
2013.11.28 12:11:08.724,0.82673,0.82693,1.28,1.50
2013.11.28 12:11:20.635,0.82672,0.82692,2.40,1.13
2013.11.28 12:11:21.746,0.82672,0.82692,2.40,1.20
2013.11.28 12:11:23.825,0.82671,0.82692,1.65,1.20
2013.11.28 12:11:24.704,0.8267,0.82692,1.65,1.20
2013.11.28 12:11:25.214,0.82672,0.82692,3.08,1.13
2013.11.28 12:11:26.248,0.82672,0.82692,3.08,1.13
2013.11.28 12:11:27.454,0.82672,0.82692,3.08,1.13
2013.11.28 12:11:27.786,0.82672,0.82692,3.83,1.13
2013.11.28 12:11:28.664,0.82673,0.82694,1.65,1.20
2013.11.28 12:11:29.654,0.82672,0.82692,3.45,1.13
2013.11.28 12:11:34.451,0.82672,0.82692,1.28,1.13
2013.11.28 12:11:40.283,0.82673,0.82693,1.65,1.28
2013.11.28 12:11:45.095,0.82672,0.82692,2.40,1.13
2013.11.28 12:11:45.565,0.82673,0.82694,1.65,1.28
2013.11.28 12:11:45.899,0.82672,0.82692,1.28,1.20
2013.11.28 12:11:46.201,0.8267,0.82689,2.33,1.13
2013.11.28 12:11:46.252,0.82668,0.82688,4.50,1.50
2013.11.28 12:11:47.986,0.82667,0.82686,2.33,1.13
2013.11.28 12:11:52.436,0.82669,0.82686,2.33,1.13
2013.11.28 12:11:56.664,0.82667,0.82686,2.33,1.13
2013.11.28 12:11:59.503,0.82665,0.82686,4.95,1.13
2013.11.28 12:12:05.116,0.82665,0.82684,2.70,1.13
2013.11.28 12:12:10.535,0.82667,0.82684,2.33,1.13
2013.11.28 12:12:10.834,0.82667,0.82684,2.33,1.13
2013.11.28 12:12:11.833,0.82665,0.82684,5.63,1.13
2013.11.28 12:12:11.984,0.82665,0.82684,4.88,1.13
2013.11.28 12:12:12.736,0.82664,0.82683,4.95,1.13
2013.11.28 12:12:14.815,0.82665,0.82684,2.78,1.13
2013.11.28 12:12:18.581,0.82664,0.82684,1.50,1.20
2013.11.28 12:12:18.632,0.82664,0.82684,1.50,1.28
2013.11.28 12:12:19.134,0.82664,0.82684,1.50,3.45
2013.11.28 12:12:20.323,0.82662,0.82683,1.88,1.28
2013.11.28 12:12:35.253,0.82664,0.82684,1.50,1.28
2013.11.28 12:12:47.373,0.82662,0.82684,1.28,1.28
2013.11.28 12:12:53.711,0.82665,0.82684,1.58,1.20
2013.11.28 12:12:54.217,0.82665,0.82687,1.95,1.28
2013.11.28 12:12:54.905,0.82666,0.82687,1.95,1.28
2013.11.28 12:12:55.005,0.82666,0.82687,1.65,1.20
2013.11.28 12:12:55.308,0.82665,0.82688,1.65,3.08
2013.11.28 12:12:56.223,0.82665,0.82687,1.65,1.28
2013.11.28 12:13:04.681,0.82666,0.82687,3.08,1.20
2013.11.28 12:13:09.504,0.82668,0.82689,3.08,1.95
2013.11.28 12:13:09.755,0.8267,0.82689,1.20,1.50
2013.11.28 12:13:10.276,0.82669,0.82691,1.65,2.33
2013.11.28 12:13:27.751,0.8267,0.82693,1.65,2.78
2013.11.28 12:13:48.168,0.82669,0.82691,1.65,1.65
2013.11.28 12:13:48.672,0.82669,0.82691,1.65,3.53
2013.11.28 12:13:49.335,0.82669,0.82691,4.20,1.65
2013.11.28 12:13:55.430,0.82669,0.82691,3.08,1.28
2013.11.28 12:13:58.932,0.82669,0.82691,3.08,1.28
2013.11.28 12:13:58.983,0.82667,0.82691,2.78,3.45
2013.11.28 12:14:00.803,0.82667,0.82691,4.95,1.28
2013.11.28 12:14:16.350,0.82667,0.8269,3.83,1.28
2013.11.28 12:14:21.539,0.82667,0.8269,3.08,1.28
2013.11.28 12:14:21.640,0.82667,0.82688,3.08,1.13
2013.11.28 12:14:21.791,0.82666,0.82689,1.65,1.28
2013.11.28 12:14:21.892,0.82668,0.8269,3.08,1.58
2013.11.28 12:14:22.194,0.82665,0.82688,5.63,1.28
2013.11.28 12:14:23.084,0.82665,0.82688,3.45,1.28
2013.11.28 12:14:26.580,0.82667,0.82688,1.65,1.28
2013.11.28 12:14:27.114,0.82667,0.82688,1.50,1.28
2013.11.28 12:14:27.265,0.82665,0.82688,1.28,1.28
2013.11.28 12:14:29.890,0.82662,0.82684,3.08,1.28
2013.11.28 12:14:30.088,0.82662,0.82683,2.40,1.20
2013.11.28 12:14:30.797,0.82661,0.82683,2.40,1.28
2013.11.28 12:14:33.668,0.82662,0.82683,1.58,1.28
2013.11.28 12:14:34.085,0.82659,0.82682,2.78,3.08
2013.11.28 12:14:34.609,0.82662,0.82682,1.50,3.08
2013.11.28 12:14:35.159,0.82659,0.82682,1.28,3.08
2013.11.28 12:14:35.929,0.82662,0.82682,1.50,3.08
2013.11.28 12:14:36.637,0.82662,0.82681,1.50,3.08
2013.11.28 12:14:36.738,0.82655,0.82676,1.28,1.28
2013.11.28 12:14:36.940,0.82652,0.82674,3.45,1.28
2013.11.28 12:14:37.250,0.82651,0.82672,1.13,3.45
2013.11.28 12:14:44.308,0.8265,0.82671,1.20,3.08
2013.11.28 12:14:48.630,0.82649,0.82671,1.28,1.65
2013.11.28 12:14:51.920,0.82649,0.82671,1.28,1.65
2013.11.28 12:14:52.933,0.82649,0.8267,1.20,3.08
2013.11.28 12:14:53.241,0.82649,0.82669,1.13,6.38
2013.11.28 12:14:53.546,0.82649,0.82665,1.13,2.70
2013.11.28 12:14:55.803,0.82649,0.82667,1.13,3.08
2013.11.28 12:14:56.360,0.82649,0.82666,1.13,3.45
2013.11.28 12:14:56.831,0.82647,0.82666,1.13,4.20
2013.11.28 12:14:57.599,0.82649,0.82666,1.13,3.45
2013.11.28 12:14:58.609,0.82646,0.82666,1.13,3.83
2013.11.28 12:15:00.835,0.82641,0.82663,3.15,1.58
2013.11.28 12:15:00.885,0.8264,0.82661,2.40,1.20
2013.11.28 12:15:01.402,0.82638,0.82661,1.65,1.28
2013.11.28 12:15:02.353,0.82639,0.82662,1.65,1.28
2013.11.28 12:15:05.670,0.82639,0.82661,2.03,1.28
2013.11.28 12:15:09.279,0.8264,0.82662,1.13,3.45
2013.11.28 12:15:09.723,0.8264,0.82662,1.13,3.45
2013.11.28 12:15:09.874,0.82641,0.82664,2.03,5.25
2013.11.28 12:15:10.125,0.82641,0.82665,2.40,3.08
2013.11.28 12:15:10.541,0.82643,0.82665,1.20,3.08
2013.11.28 12:15:10.609,0.82642,0.82665,1.28,3.08
2013.11.28 12:15:12.472,0.82643,0.82665,1.20,2.33
2013.11.28 12:15:13.131,0.82643,0.82665,1.20,3.83
2013.11.28 12:15:13.572,0.82643,0.82665,1.95,3.08
2013.11.28 12:15:14.341,0.82643,0.82665,1.20,3.83
2013.11.28 12:15:14.672,0.82643,0.82665,1.20,3.83
2013.11.28 12:15:14.980,0.82637,0.82661,2.40,3.83
2013.11.28 12:15:15.131,0.82636,0.82659,2.03,6.00
2013.11.28 12:15:16.127,0.82636,0.82659,1.28,6.00
2013.11.28 12:15:17.041,0.82635,0.82659,1.65,6.00
2013.11.28 12:15:17.881,0.82636,0.82659,1.28,6.00
2013.11.28 12:15:18.465,0.82635,0.82656,1.58,3.08
2013.11.28 12:15:19.153,0.82634,0.82656,1.65,3.08
2013.11.28 12:15:19.889,0.82634,0.82656,1.65,3.08
2013.11.28 12:15:20.634,0.82634,0.82656,1.65,3.08
2013.11.28 12:15:23.483,0.82635,0.82656,1.20,3.08
2013.11.28 12:15:24.425,0.82635,0.82653,1.13,3.08
2013.11.28 12:15:24.627,0.82628,0.8265,2.78,1.28
2013.11.28 12:15:24.828,0.82627,0.82648,1.88,5.25
2013.11.28 12:15:29.755,0.82628,0.82648,1.50,2.33
2013.11.28 12:15:29.856,0.82628,0.8265,1.50,3.45
2013.11.28 12:15:31.886,0.82627,0.8265,1.20,3.45
2013.11.28 12:15:33.321,0.82627,0.82647,1.13,3.08
2013.11.28 12:15:34.811,0.82626,0.82649,1.73,5.25
2013.11.28 12:15:35.457,0.82627,0.82647,1.13,5.25
2013.11.28 12:15:35.933,0.82626,0.82646,1.13,5.25
2013.11.28 12:15:35.984,0.82624,0.82646,2.63,5.25
2013.11.28 12:15:36.834,0.82624,0.82646,1.13,5.25
2013.11.28 12:15:42.331,0.82622,0.82645,2.03,2.03
2013.11.28 12:15:46.412,0.82622,0.82645,2.03,1.28
2013.11.28 12:15:46.766,0.82623,0.82645,2.25,1.65
2013.11.28 12:15:47.599,0.82621,0.82643,2.03,1.65
2013.11.28 12:15:47.650,0.82621,0.82645,2.03,1.65
2013.11.28 12:15:48.053,0.82621,0.82643,2.03,1.65
2013.11.28 12:15:48.368,0.82621,0.82643,1.28,1.65
2013.11.28 12:15:53.070,0.82621,0.82643,2.03,1.65
2013.11.28 12:15:53.400,0.82621,0.82643,1.28,1.65
2013.11.28 12:15:56.297,0.82621,0.82643,1.28,1.65
2013.11.28 12:15:56.822,0.82621,0.82643,1.58,1.65
2013.11.28 12:15:56.874,0.82621,0.82642,1.58,3.08
2013.11.28 12:15:57.065,0.82618,0.8264,2.40,1.65
2013.11.28 12:15:57.116,0.82618,0.8264,2.40,1.65
2013.11.28 12:15:57.419,0.82614,0.82638,1.65,1.65
2013.11.28 12:16:04.630,0.82613,0.82638,3.83,2.03
2013.11.28 12:16:05.620,0.82614,0.82638,1.65,2.03
2013.11.28 12:16:06.612,0.82613,0.8263,3.08,1.13
2013.11.28 12:16:06.663,0.82611,0.8263,3.08,1.50
2013.11.28 12:16:06.764,0.82608,0.8263,2.40,1.28
2013.11.28 12:16:06.815,0.82608,0.82629,1.65,1.58
2013.11.28 12:16:06.865,0.82608,0.82629,4.20,1.50
2013.11.28 12:16:07.193,0.8261,0.82629,4.50,1.50
2013.11.28 12:16:08.069,0.82611,0.8263,1.28,1.13
2013.11.28 12:16:08.385,0.82612,0.82633,1.28,1.65
2013.11.28 12:16:09.010,0.82613,0.82633,4.50,1.50
2013.11.28 12:16:11.132,0.82613,0.82634,5.25,1.88
2013.11.28 12:16:11.346,0.82612,0.82632,5.33,1.50
2013.11.28 12:16:12.129,0.82613,0.82632,1.65,1.50
2013.11.28 12:16:12.230,0.82613,0.82632,1.65,1.50
2013.11.28 12:16:12.857,0.82613,0.82632,1.65,1.50
2013.11.28 12:16:13.443,0.82612,0.82632,1.28,1.50
2013.11.28 12:16:14.737,0.82612,0.82632,1.28,1.50
2013.11.28 12:16:19.300,0.82612,0.82632,1.28,1.50
2013.11.28 12:16:19.644,0.82613,0.82633,2.33,1.50
2013.11.28 12:16:21.660,0.82613,0.82634,3.08,1.50
2013.11.28 12:16:21.930,0.82613,0.82632,2.33,1.50
2013.11.28 12:16:22.039,0.82612,0.82632,1.28,1.50
2013.11.28 12:16:36.100,0.8261,0.82627,5.25,1.35
2013.11.28 12:16:36.201,0.82606,0.8262,1.88,1.88
2013.11.28 12:16:36.302,0.82597,0.82619,2.03,1.50
2013.11.28 12:16:36.404,0.82599,0.82619,1.28,1.50
2013.11.28 12:16:39.920,0.82596,0.82618,3.83,1.13
2013.11.28 12:16:40.872,0.82596,0.82618,1.65,1.28
2013.11.28 12:16:42.250,0.82595,0.82617,2.03,1.65
2013.11.28 12:16:42.350,0.82594,0.82612,1.20,1.20
2013.11.28 12:16:42.401,0.82594,0.82612,1.13,1.88
2013.11.28 12:16:42.452,0.82592,0.82608,1.65,1.13
2013.11.28 12:16:42.754,0.82586,0.82603,1.13,1.65
2013.11.28 12:16:43.095,0.82586,0.82603,1.50,1.65
2013.11.28 12:16:43.664,0.82586,0.82603,1.50,1.65
2013.11.28 12:16:44.174,0.82586,0.82602,1.13,1.28
2013.11.28 12:16:47.596,0.82579,0.82603,3.15,1.65
2013.11.28 12:16:47.697,0.82578,0.826,1.28,1.65
2013.11.28 12:16:47.848,0.82578,0.82599,1.28,1.65
2013.11.28 12:16:48.385,0.8257,0.82594,3.08,1.28
2013.11.28 12:16:48.435,0.8257,0.82593,3.08,1.65
2013.11.28 12:16:48.943,0.8257,0.82593,1.28,2.03
2013.11.28 12:16:55.690,0.82576,0.82594,1.20,3.00
2013.11.28 12:16:55.742,0.82577,0.82597,3.08,2.25
2013.11.28 12:16:56.160,0.82578,0.82598,1.28,1.50
2013.11.28 12:16:57.116,0.82577,0.82601,5.63,2.40
2013.11.28 12:16:57.166,0.82579,0.82601,3.08,2.33
2013.11.28 12:16:57.890,0.82584,0.82601,1.28,2.25
2013.11.28 12:16:58.558,0.82584,0.82602,1.28,1.50
2013.11.28 12:16:58.760,0.82585,0.82606,3.08,2.33
2013.11.28 12:16:58.911,0.82588,0.82607,1.28,2.25
2013.11.28 12:17:00.305,0.82589,0.82608,3.08,1.50
2013.11.28 12:17:00.407,0.82592,0.82613,1.28,2.33
2013.11.28 12:17:00.720,0.82595,0.82618,3.08,3.53
2013.11.28 12:17:01.059,0.82601,0.82623,3.08,1.95
2013.11.28 12:17:01.112,0.82601,0.82623,3.08,1.95
2013.11.28 12:17:01.163,0.82601,0.8262,3.08,1.50
2013.11.28 12:17:01.874,0.82602,0.82623,3.08,1.95
2013.11.28 12:17:02.349,0.82602,0.82623,3.08,1.95
2013.11.28 12:17:02.500,0.82598,0.82619,3.45,1.50
2013.11.28 12:17:02.652,0.82598,0.8262,3.45,1.58
2013.11.28 12:17:03.070,0.82598,0.82619,3.45,1.50
2013.11.28 12:17:03.851,0.82598,0.8262,3.45,1.58
2013.11.28 12:17:04.562,0.82598,0.82621,3.83,2.40
2013.11.28 12:17:04.920,0.82602,0.82623,3.08,2.03
2013.11.28 12:17:06.204,0.82603,0.82623,2.33,1.88
2013.11.28 12:17:06.368,0.82603,0.82623,2.33,1.13
2013.11.28 12:17:07.180,0.82602,0.82623,3.83,1.20
2013.11.28 12:17:09.085,0.82599,0.82623,1.28,2.03
2013.11.28 12:17:09.266,0.826,0.82623,3.08,2.03
2013.11.28 12:17:12.708,0.82602,0.82623,3.08,1.50
2013.11.28 12:17:21.100,0.82602,0.82628,4.58,4.20
2013.11.28 12:17:21.496,0.82605,0.82628,5.25,1.88
2013.11.28 12:17:21.697,0.82605,0.82628,5.25,1.88
2013.11.28 12:17:21.851,0.82607,0.82629,1.28,1.65
2013.11.28 12:17:22.000,0.82607,0.82629,1.28,1.65
2013.11.28 12:17:22.050,0.82609,0.82629,3.08,1.50
2013.11.28 12:17:22.479,0.82609,0.82629,3.08,1.50
2013.11.28 12:17:24.078,0.82609,0.82629,3.08,1.50
2013.11.28 12:17:29.101,0.82616,0.82634,1.13,3.08
2013.11.28 12:17:29.225,0.82616,0.82635,1.28,1.50
2013.11.28 12:17:29.798,0.82616,0.82636,1.20,1.65
2013.11.28 12:17:30.000,0.82615,0.82635,1.28,1.50
2013.11.28 12:17:30.536,0.82615,0.82637,1.28,1.28
2013.11.28 12:17:31.068,0.82614,0.82636,3.45,1.58
2013.11.28 12:17:35.358,0.82614,0.82633,3.08,1.50
2013.11.28 12:17:42.530,0.82616,0.82633,3.08,1.50
2013.11.28 12:17:43.297,0.82616,0.82633,2.33,1.50
2013.11.28 12:17:44.177,0.82616,0.82634,3.08,1.50
2013.11.28 12:17:45.717,0.82616,0.82633,2.33,1.50
2013.11.28 12:17:47.206,0.82615,0.82633,4.50,1.50
2013.11.28 12:17:47.357,0.82615,0.82633,3.08,1.50
2013.11.28 12:17:48.337,0.82616,0.82633,3.08,1.50
2013.11.28 12:17:51.861,0.82615,0.82633,5.25,1.50
2013.11.28 12:17:51.962,0.82613,0.82633,3.08,1.50
2013.11.28 12:17:52.271,0.82612,0.82631,2.70,1.50
2013.11.28 12:17:53.818,0.82612,0.82634,2.70,1.50
2013.11.28 12:17:53.869,0.82612,0.82634,2.70,1.50
2013.11.28 12:17:54.401,0.82616,0.82637,1.58,1.28
2013.11.28 12:17:54.503,0.82616,0.82637,1.65,1.20
2013.11.28 12:17:54.806,0.82617,0.82637,3.83,1.13
2013.11.28 12:17:54.856,0.82617,0.82642,1.28,2.40
2013.11.28 12:17:55.696,0.82617,0.82638,1.35,1.50
2013.11.28 12:17:56.138,0.82617,0.82638,1.28,1.50
2013.11.28 12:17:56.678,0.82617,0.82638,1.28,1.65
2013.11.28 12:17:56.955,0.82617,0.82638,1.28,1.65
2013.11.28 12:17:59.076,0.82615,0.82637,1.28,1.13
2013.11.28 12:17:59.126,0.82615,0.82633,1.28,1.50
2013.11.28 12:17:59.669,0.82612,0.82633,3.00,1.65
2013.11.28 12:17:59.770,0.82611,0.82633,1.65,1.65
2013.11.28 12:18:00.344,0.82614,0.82633,3.08,1.50
2013.11.28 12:18:01.166,0.82613,0.82634,3.08,1.58
2013.11.28 12:18:04.757,0.82611,0.82636,3.83,3.45
2013.11.28 12:18:05.204,0.82611,0.82636,6.00,1.28
2013.11.28 12:18:09.228,0.82612,0.82634,1.65,1.50
2013.11.28 12:18:09.378,0.82611,0.82633,5.63,1.50
2013.11.28 12:18:09.479,0.82611,0.82631,1.28,1.13
2013.11.28 12:18:09.580,0.8261,0.82627,1.88,1.50
2013.11.28 12:18:09.832,0.82607,0.82627,1.65,1.58
2013.11.28 12:18:09.983,0.82607,0.82624,1.65,1.13
2013.11.28 12:18:12.307,0.82605,0.82627,1.65,1.28
2013.11.28 12:18:12.747,0.82605,0.82627,1.65,1.65
2013.11.28 12:18:14.089,0.82606,0.82628,1.65,2.78
2013.11.28 12:18:14.619,0.82606,0.82628,3.83,2.40
2013.11.28 12:18:18.094,0.82612,0.8263,1.13,2.03
2013.11.28 12:18:18.422,0.82611,0.8263,1.28,1.13
2013.11.28 12:18:24.626,0.82607,0.8263,3.83,1.20
2013.11.28 12:18:33.447,0.8261,0.8263,3.08,1.13
2013.11.28 12:18:34.862,0.8261,0.8263,1.28,1.50
2013.11.28 12:18:35.388,0.8261,0.8263,1.28,1.65
2013.11.28 12:18:37.345,0.8261,0.8263,1.20,1.65
2013.11.28 12:18:42.295,0.8261,0.82628,1.13,1.28
2013.11.28 12:18:42.397,0.82604,0.82624,5.63,1.50
2013.11.28 12:18:42.550,0.82602,0.82624,6.45,1.58
2013.11.28 12:18:42.651,0.82602,0.82624,3.15,1.65
2013.11.28 12:18:49.912,0.82601,0.82624,5.25,1.50
2013.11.28 12:18:51.433,0.82601,0.82622,5.25,1.50
2013.11.28 12:18:53.112,0.826,0.82622,1.28,2.03
2013.11.28 12:18:53.213,0.82601,0.82622,3.08,1.88
2013.11.28 12:19:02.057,0.82603,0.82622,1.28,1.13
2013.11.28 12:19:02.488,0.82604,0.82624,3.08,1.88
2013.11.28 12:19:02.539,0.82604,0.82624,3.08,1.88
2013.11.28 12:19:03.247,0.82607,0.82626,2.33,1.13
2013.11.28 12:19:04.447,0.82606,0.82628,2.03,2.40
2013.11.28 12:19:04.548,0.82607,0.82628,2.33,2.33
2013.11.28 12:19:05.138,0.82608,0.82628,2.33,1.88
2013.11.28 12:19:06.238,0.82606,0.82628,2.03,2.03
2013.11.28 12:19:07.184,0.82605,0.82624,2.25,1.58
2013.11.28 12:19:07.385,0.82604,0.82623,2.25,1.28
2013.11.28 12:19:07.897,0.82603,0.82624,1.13,4.20
2013.11.28 12:19:08.202,0.82602,0.82622,1.13,1.65
2013.11.28 12:19:13.100,0.82601,0.82621,1.13,3.83
2013.11.28 12:19:13.648,0.82596,0.82618,1.65,1.65
2013.11.28 12:19:16.266,0.826,0.8262,1.13,1.65
2013.11.28 12:19:16.786,0.82602,0.8262,1.20,1.58
2013.11.28 12:19:18.145,0.82607,0.82624,1.13,3.83
2013.11.28 12:19:18.196,0.82607,0.82624,1.13,1.65
2013.11.28 12:19:18.296,0.82608,0.82627,1.20,2.40
2013.11.28 12:19:18.397,0.8261,0.82629,1.50,2.03
2013.11.28 12:19:18.448,0.8261,0.8263,1.50,1.28
2013.11.28 12:19:19.053,0.82615,0.82632,1.13,1.28
2013.11.28 12:19:19.636,0.82616,0.82632,1.13,1.28
2013.11.28 12:19:20.175,0.82615,0.82634,1.13,4.20
2013.11.28 12:19:23.208,0.82614,0.82634,1.13,1.28
2013.11.28 12:19:23.309,0.82616,0.82636,1.20,5.70
2013.11.28 12:19:23.359,0.82618,0.82636,1.13,1.28
2013.11.28 12:19:25.131,0.82617,0.82637,1.13,2.70
2013.11.28 12:19:25.182,0.82617,0.82634,1.13,1.28
2013.11.28 12:19:27.885,0.82617,0.82639,2.40,2.78
2013.11.28 12:19:27.936,0.82619,0.82642,1.58,4.95
2013.11.28 12:19:28.955,0.82622,0.82644,1.88,4.58
2013.11.28 12:19:29.506,0.82622,0.82644,1.50,4.58
2013.11.28 12:19:29.665,0.82623,0.82644,1.13,3.08
2013.11.28 12:19:29.985,0.82624,0.82645,1.50,3.45
2013.11.28 12:19:34.726,0.82621,0.82645,2.03,3.08
2013.11.28 12:19:35.785,0.82622,0.82645,1.20,3.08
2013.11.28 12:19:36.255,0.82622,0.82645,1.95,3.08
2013.11.28 12:19:38.834,0.82622,0.82646,6.38,1.28
2013.11.28 12:19:38.935,0.82627,0.82648,1.13,1.28
2013.11.28 12:19:39.666,0.82628,0.82651,2.03,3.45
2013.11.28 12:19:41.237,0.82628,0.82648,1.28,1.28
2013.11.28 12:19:42.174,0.82628,0.82648,1.13,1.28
2013.11.28 12:19:42.326,0.82627,0.82647,1.13,1.28
2013.11.28 12:19:43.196,0.82624,0.82646,1.58,3.08
2013.11.28 12:19:45.580,0.82623,0.82646,3.15,1.28
2013.11.28 12:19:46.834,0.82626,0.82648,1.50,2.40
2013.11.28 12:19:47.188,0.82631,0.82649,1.50,4.20
2013.11.28 12:19:47.405,0.82632,0.82649,1.28,1.50
2013.11.28 12:19:47.606,0.82632,0.82653,1.28,1.65
2013.11.28 12:19:52.064,0.82632,0.82654,1.65,3.45
2013.11.28 12:19:52.115,0.82634,0.82654,1.50,3.45
2013.11.28 12:19:52.165,0.82634,0.82656,1.50,1.28
2013.11.28 12:19:53.855,0.82631,0.82653,2.03,1.20
2013.11.28 12:19:54.225,0.82631,0.82651,1.88,3.08
2013.11.28 12:19:55.395,0.82631,0.82649,1.20,1.20
2013.11.28 12:19:55.936,0.82631,0.82653,1.95,3.83
2013.11.28 12:19:58.826,0.82632,0.82653,1.50,2.33
2013.11.28 12:19:58.927,0.82634,0.82655,3.83,2.33
2013.11.28 12:19:59.175,0.82634,0.82655,3.08,2.33
2013.11.28 12:19:59.226,0.82632,0.82655,3.83,2.33
2013.11.28 12:20:02.150,0.82636,0.82656,1.50,3.08
2013.11.28 12:20:04.097,0.82633,0.82655,1.28,1.28
2013.11.28 12:20:05.699,0.82632,0.82655,2.03,1.28
2013.11.28 12:20:08.834,0.82632,0.82655,1.65,1.28
2013.11.28 12:20:09.367,0.82632,0.82655,1.65,1.28
2013.11.28 12:20:16.398,0.8263,0.82653,2.03,1.28
2013.11.28 12:20:17.059,0.8263,0.82653,1.28,1.28
2013.11.28 12:20:17.239,0.8263,0.82651,1.28,3.00
2013.11.28 12:20:17.797,0.82626,0.82651,3.83,3.08
2013.11.28 12:20:18.099,0.82625,0.82646,1.28,1.13
2013.11.28 12:20:19.617,0.82625,0.82646,1.13,1.28
2013.11.28 12:20:21.599,0.82625,0.82646,1.13,1.28
2013.11.28 12:20:26.536,0.82625,0.82646,1.88,1.28
2013.11.28 12:20:31.367,0.82625,0.82646,1.50,3.83
2013.11.28 12:20:31.590,0.82625,0.82646,1.65,1.65
2013.11.28 12:20:32.410,0.82625,0.82646,1.58,1.65
2013.11.28 12:20:32.460,0.82625,0.82645,1.50,3.08
2013.11.28 12:20:32.561,0.82625,0.82646,1.58,1.65
2013.11.28 12:20:33.580,0.82622,0.82646,3.08,1.58
2013.11.28 12:20:34.217,0.82621,0.82645,1.65,3.38
2013.11.28 12:20:35.786,0.82621,0.82644,1.65,1.28
2013.11.28 12:20:40.090,0.82621,0.82645,1.65,5.63
2013.11.28 12:20:40.442,0.82618,0.82638,3.08,1.20
2013.11.28 12:20:41.387,0.82612,0.82636,2.03,3.08
2013.11.28 12:20:42.276,0.82612,0.82636,1.65,3.08
2013.11.28 12:20:42.488,0.82616,0.82636,1.50,3.08
2013.11.28 12:20:42.817,0.82612,0.82636,1.65,3.08
2013.11.28 12:20:43.828,0.82612,0.82633,1.50,3.08
2013.11.28 12:20:43.929,0.82608,0.82629,2.40,1.20
2013.11.28 12:20:44.586,0.82607,0.82629,1.65,1.28
2013.11.28 12:20:54.368,0.82604,0.82629,4.58,3.45
2013.11.28 12:20:55.050,0.82606,0.82629,1.65,3.45
2013.11.28 12:20:55.576,0.82607,0.82629,6.38,1.13
2013.11.28 12:20:56.488,0.82608,0.82629,1.28,1.13
2013.11.28 12:20:58.217,0.82611,0.82633,1.65,1.65
2013.11.28 12:20:58.584,0.82611,0.8263,1.65,1.13
2013.11.28 12:20:58.685,0.82611,0.82629,1.65,1.13
2013.11.28 12:20:58.987,0.8261,0.82629,1.65,1.50
2013.11.28 12:20:59.293,0.82609,0.82624,3.00,1.13
2013.11.28 12:20:59.344,0.82607,0.82624,1.58,1.13
2013.11.28 12:21:00.563,0.82607,0.82624,1.58,1.13
2013.11.28 12:21:01.103,0.82607,0.82624,1.58,1.13
2013.11.28 12:21:03.331,0.82611,0.82629,1.50,1.28
2013.11.28 12:21:03.481,0.82611,0.8263,1.50,3.08
2013.11.28 12:21:03.683,0.82611,0.82631,1.50,1.28
2013.11.28 12:21:03.885,0.82611,0.82631,1.50,1.28
2013.11.28 12:21:06.392,0.82611,0.82632,1.50,5.25
2013.11.28 12:21:06.934,0.82611,0.82634,1.65,3.08
2013.11.28 12:21:10.154,0.82616,0.82634,1.50,3.08
2013.11.28 12:21:10.847,0.82611,0.82634,1.65,3.08
2013.11.28 12:21:12.526,0.82611,0.82634,1.65,3.08
2013.11.28 12:21:12.748,0.82616,0.82635,1.50,1.28
2013.11.28 12:21:13.000,0.82616,0.82635,1.58,1.20
2013.11.28 12:21:13.403,0.82622,0.82642,1.50,4.58
2013.11.28 12:21:17.178,0.82622,0.82641,1.50,3.08
2013.11.28 12:21:17.790,0.82622,0.8264,1.50,3.08
2013.11.28 12:21:17.866,0.82619,0.8264,1.13,3.08
2013.11.28 12:21:17.917,0.82619,0.8264,1.13,3.08
2013.11.28 12:21:18.305,0.82621,0.8264,1.50,3.08
2013.11.28 12:21:18.356,0.82621,0.8264,1.50,3.08
2013.11.28 12:21:18.642,0.82621,0.82642,1.50,1.28
2013.11.28 12:21:23.996,0.82621,0.82642,1.58,3.08
2013.11.28 12:21:28.894,0.82617,0.82642,2.03,6.38
2013.11.28 12:21:29.352,0.82621,0.82639,1.50,3.08
2013.11.28 12:21:29.453,0.82621,0.82639,1.50,3.08
2013.11.28 12:21:29.760,0.82617,0.82639,1.28,3.08
2013.11.28 12:21:29.911,0.82621,0.8264,1.50,3.08
2013.11.28 12:21:29.989,0.82621,0.82638,1.50,2.33
2013.11.28 12:21:30.096,0.82621,0.8264,1.50,3.08
2013.11.28 12:21:30.243,0.82617,0.8264,1.20,3.08
2013.11.28 12:21:30.746,0.82617,0.82637,1.13,3.08
2013.11.28 12:21:31.185,0.82617,0.82637,1.13,3.08
2013.11.28 12:21:31.845,0.82617,0.82637,1.13,3.08
2013.11.28 12:21:32.436,0.82617,0.82637,1.13,3.08
2013.11.28 12:21:33.496,0.82617,0.82637,1.88,3.08
2013.11.28 12:21:34.205,0.82617,0.82637,1.13,3.08
2013.11.28 12:21:34.991,0.82617,0.82637,1.88,3.08
2013.11.28 12:21:35.586,0.82617,0.82637,1.13,5.25
2013.11.28 12:21:36.697,0.82617,0.82637,1.13,5.25
2013.11.28 12:21:41.414,0.82617,0.82637,1.13,5.25
2013.11.28 12:21:42.185,0.82617,0.82637,1.13,5.25
2013.11.28 12:21:45.158,0.82616,0.82637,1.50,5.63
2013.11.28 12:21:48.567,0.82612,0.82637,1.28,5.63
2013.11.28 12:21:50.544,0.82612,0.82637,1.28,5.63
2013.11.28 12:21:55.284,0.82611,0.82631,1.50,1.28
2013.11.28 12:21:55.636,0.82611,0.8263,1.58,3.08
2013.11.28 12:21:56.139,0.82611,0.8263,1.50,5.25
2013.11.28 12:21:57.867,0.82611,0.82629,1.50,3.08
2013.11.28 12:21:58.426,0.82611,0.82631,1.50,3.45
2013.11.28 12:21:59.033,0.82611,0.82631,1.58,1.28
2013.11.28 12:22:08.587,0.82614,0.82633,1.50,3.45
2013.11.28 12:22:09.687,0.82611,0.82631,1.50,1.28
2013.11.28 12:22:10.007,0.82611,0.82631,1.50,5.63
2013.11.28 12:22:14.253,0.82611,0.82631,1.50,1.28
2013.11.28 12:22:48.704,0.82614,0.82633,1.50,4.88
2013.11.28 12:22:49.025,0.82615,0.82634,1.50,2.78
2013.11.28 12:22:50.367,0.82616,0.82635,1.50,3.08
2013.11.28 12:22:50.877,0.82616,0.82636,1.58,3.08
2013.11.28 12:22:50.927,0.82616,0.82637,1.58,1.28
2013.11.28 12:22:52.988,0.82616,0.82637,1.50,3.45
2013.11.28 12:22:56.453,0.82616,0.82637,1.58,1.28
2013.11.28 12:23:15.106,0.82616,0.82637,1.58,1.28
2013.11.28 12:23:18.059,0.82616,0.82637,2.03,1.20
2013.11.28 12:23:18.211,0.82622,0.82641,1.50,2.70
2013.11.28 12:23:22.626,0.82622,0.82642,1.50,2.70
2013.11.28 12:23:30.103,0.82622,0.82643,1.50,1.28
2013.11.28 12:23:31.113,0.82622,0.82643,1.50,1.28
2013.11.28 12:23:31.622,0.82622,0.82643,1.65,1.28
2013.11.28 12:23:31.993,0.82622,0.82643,1.65,1.28
2013.11.28 12:23:32.395,0.82627,0.82648,1.50,1.28
2013.11.28 12:23:32.496,0.82628,0.82648,1.65,1.28
2013.11.28 12:23:38.033,0.82628,0.82648,1.65,1.20
2013.11.28 12:23:38.600,0.82628,0.82648,1.65,1.28
2013.11.28 12:23:38.962,0.82626,0.82648,1.65,1.28
2013.11.28 12:23:49.779,0.82628,0.82649,1.65,1.28
2013.11.28 12:23:50.854,0.82626,0.82648,1.65,1.28
2013.11.28 12:23:53.073,0.82628,0.82649,1.65,1.28
2013.11.28 12:23:58.965,0.82628,0.82649,1.65,1.65
2013.11.28 12:23:59.622,0.82628,0.82649,1.65,1.65
2013.11.28 12:24:00.873,0.82628,0.82651,1.65,2.40
2013.11.28 12:24:01.453,0.82628,0.82651,1.65,2.40
2013.11.28 12:24:07.101,0.82628,0.82652,1.65,1.65
2013.11.28 12:24:07.788,0.82628,0.82649,1.65,1.28
2013.11.28 12:24:07.889,0.82626,0.82649,5.25,1.28
2013.11.28 12:24:08.253,0.82626,0.82649,3.00,3.45
2013.11.28 12:24:08.787,0.82625,0.82646,1.95,2.70
2013.11.28 12:24:24.082,0.82627,0.82647,1.58,4.58
2013.11.28 12:24:24.132,0.82627,0.82647,1.58,2.40
2013.11.28 12:24:24.672,0.82627,0.82649,1.65,3.15
2013.11.28 12:24:34.499,0.8263,0.82649,3.00,1.13
2013.11.28 12:24:34.549,0.8263,0.8265,3.08,1.13
2013.11.28 12:24:34.654,0.82634,0.82652,1.58,2.25
2013.11.28 12:24:34.956,0.82635,0.82652,3.83,1.88
2013.11.28 12:24:35.007,0.82635,0.82652,3.83,1.50
2013.11.28 12:24:35.158,0.82635,0.82658,3.83,1.58
2013.11.28 12:24:35.212,0.82637,0.82658,1.28,1.20
2013.11.28 12:24:35.328,0.82637,0.82658,1.28,1.20
2013.11.28 12:24:36.384,0.82637,0.8266,2.03,4.58
2013.11.28 12:24:36.781,0.8264,0.82662,1.20,4.58
2013.11.28 12:24:40.162,0.8264,0.82664,1.65,3.15
2013.11.28 12:24:40.576,0.8264,0.82664,2.03,2.78
2013.11.28 12:24:40.677,0.82643,0.82662,2.33,1.13
2013.11.28 12:24:41.017,0.8264,0.82663,1.65,1.28
2013.11.28 12:24:42.544,0.8264,0.82664,3.08,1.28
2013.11.28 12:24:42.695,0.82642,0.82666,1.65,1.65
2013.11.28 12:24:47.552,0.82642,0.82664,1.20,2.03
2013.11.28 12:24:47.653,0.82641,0.82664,1.20,3.83
2013.11.28 12:24:47.804,0.82645,0.82666,1.50,1.28
2013.11.28 12:24:47.854,0.82645,0.82665,1.50,3.08
2013.11.28 12:24:48.382,0.82645,0.82664,1.50,3.08
2013.11.28 12:24:48.842,0.82645,0.82666,1.50,3.45
2013.11.28 12:24:48.943,0.82645,0.82666,1.88,2.70
2013.11.28 12:24:51.780,0.82645,0.82666,1.88,3.45
2013.11.28 12:24:52.336,0.82646,0.82666,1.13,3.08
2013.11.28 12:24:52.538,0.82647,0.82666,1.13,3.08
2013.11.28 12:24:52.689,0.82651,0.8267,2.03,1.13
2013.11.28 12:24:53.093,0.82648,0.8267,1.58,3.45
2013.11.28 12:25:00.952,0.82647,0.8267,2.03,3.45
2013.11.28 12:25:07.992,0.82647,0.8267,3.83,1.28
2013.11.28 12:25:21.483,0.82648,0.8267,2.03,1.28
2013.11.28 12:25:33.175,0.82647,0.82668,3.45,1.88
2013.11.28 12:25:33.275,0.82647,0.82668,1.28,2.03
2013.11.28 12:25:39.745,0.82645,0.82668,1.65,2.03
2013.11.28 12:25:40.733,0.82645,0.82668,1.65,2.03
2013.11.28 12:25:44.143,0.82645,0.82667,1.65,1.20
2013.11.28 12:25:48.057,0.82645,0.82667,1.65,1.20
2013.11.28 12:25:48.363,0.82643,0.82666,1.28,1.28
2013.11.28 12:25:52.834,0.82645,0.82666,1.65,1.28
2013.11.28 12:26:00.202,0.82643,0.82666,1.28,1.28
2013.11.28 12:26:02.242,0.82643,0.82666,1.28,1.28
2013.11.28 12:26:21.387,0.82641,0.82662,1.28,1.20
2013.11.28 12:26:21.899,0.82641,0.82661,1.28,1.28
2013.11.28 12:26:22.768,0.82639,0.82659,1.65,1.13
2013.11.28 12:26:47.694,0.82639,0.82659,1.65,1.13
2013.11.28 12:26:48.319,0.82637,0.82659,1.28,1.28
2013.11.28 12:27:04.703,0.82636,0.82658,1.65,1.20
2013.11.28 12:27:04.753,0.82636,0.82658,1.65,1.20
2013.11.28 12:27:05.055,0.82635,0.82656,1.50,5.63
2013.11.28 12:27:08.646,0.82632,0.82655,2.03,1.28
2013.11.28 12:27:08.762,0.82632,0.82653,1.65,1.28
2013.11.28 12:27:09.315,0.82631,0.82649,1.50,1.28
2013.11.28 12:27:14.111,0.82628,0.82648,1.13,1.28
2013.11.28 12:27:20.590,0.82628,0.82649,1.13,1.28
2013.11.28 12:27:34.010,0.82628,0.8265,1.13,1.28
2013.11.28 12:27:35.880,0.82628,0.82649,1.13,1.28
2013.11.28 12:27:37.237,0.82628,0.8265,1.13,1.28
2013.11.28 12:27:38.352,0.82627,0.8265,1.20,1.28
2013.11.28 12:27:38.616,0.82628,0.82651,3.00,2.78
2013.11.28 12:27:38.667,0.82628,0.82651,3.83,1.28
2013.11.28 12:27:39.020,0.82631,0.82651,3.83,1.20
2013.11.28 12:27:39.388,0.82631,0.82651,2.33,1.50
2013.11.28 12:27:39.615,0.82628,0.82651,1.28,1.28
2013.11.28 12:27:39.939,0.82629,0.82651,1.20,1.28
2013.11.28 12:27:40.329,0.82629,0.82651,1.20,1.65
2013.11.28 12:27:40.380,0.82629,0.82651,1.20,1.65
2013.11.28 12:27:40.431,0.82631,0.82651,1.50,1.65
2013.11.28 12:27:40.482,0.82631,0.82651,1.58,1.28
2013.11.28 12:27:41.421,0.82631,0.82651,1.65,1.20
2013.11.28 12:27:41.985,0.82631,0.82651,1.58,1.58
2013.11.28 12:27:50.329,0.82628,0.82651,1.28,1.28
2013.11.28 12:27:50.490,0.82626,0.8265,3.53,3.08
2013.11.28 12:27:50.660,0.82626,0.82649,2.03,5.63
2013.11.28 12:27:51.086,0.82624,0.82649,1.28,6.38
2013.11.28 12:27:51.288,0.82621,0.82645,3.15,3.45
2013.11.28 12:27:51.836,0.82621,0.82645,2.03,3.45
2013.11.28 12:27:56.605,0.82625,0.82645,1.50,3.45
2013.11.28 12:27:56.967,0.82624,0.82645,1.65,1.28
2013.11.28 12:27:58.348,0.82625,0.82644,1.50,3.08
2013.11.28 12:27:58.678,0.82622,0.82643,1.50,3.08
2013.11.28 12:28:00.385,0.82619,0.82638,2.40,1.13
2013.11.28 12:28:00.485,0.82619,0.82638,2.33,1.20
2013.11.28 12:28:00.586,0.82615,0.82638,2.03,1.28
2013.11.28 12:28:00.791,0.82612,0.82634,1.65,3.45
2013.11.28 12:28:00.892,0.82611,0.82634,1.28,3.45
2013.11.28 12:28:01.395,0.82612,0.82634,1.58,5.25
2013.11.28 12:28:07.054,0.82612,0.82636,1.65,3.45
2013.11.28 12:28:12.327,0.82612,0.82634,1.65,1.28
2013.11.28 12:28:14.751,0.82613,0.82634,1.58,1.28
2013.11.28 12:28:42.355,0.82613,0.82634,1.50,3.45
2013.11.28 12:28:44.672,0.82613,0.82632,1.50,2.33
2013.11.28 12:28:45.115,0.82611,0.82632,1.95,3.08
2013.11.28 12:28:45.328,0.82611,0.82632,1.20,3.08
2013.11.28 12:28:45.865,0.82608,0.8263,1.13,1.28
2013.11.28 12:28:45.916,0.82607,0.82625,1.20,1.13
2013.11.28 12:28:45.966,0.82606,0.82625,1.65,1.13
2013.11.28 12:28:46.377,0.82602,0.82625,1.13,1.28
2013.11.28 12:28:46.893,0.82602,0.82624,1.13,1.28
2013.11.28 12:28:56.215,0.82601,0.82625,1.88,1.65
2013.11.28 12:28:59.736,0.82602,0.82625,1.13,1.65
2013.11.28 12:29:05.937,0.82601,0.82625,1.50,2.03
2013.11.28 12:29:06.936,0.82602,0.82625,1.50,1.28
2013.11.28 12:29:21.786,0.82601,0.82625,1.50,1.28
2013.11.28 12:29:36.087,0.82602,0.82624,1.88,1.88
2013.11.28 12:29:37.005,0.82602,0.82624,1.88,1.88
2013.11.28 12:29:37.461,0.82602,0.82623,1.88,1.13
2013.11.28 12:29:38.278,0.82602,0.82623,1.88,1.13
2013.11.28 12:29:41.257,0.82606,0.82626,1.13,1.13
2013.11.28 12:29:41.408,0.82611,0.8263,1.13,1.50
2013.11.28 12:29:41.710,0.82613,0.82632,1.13,1.13
2013.11.28 12:29:43.509,0.82615,0.82636,1.13,1.50
2013.11.28 12:29:43.560,0.82615,0.82638,1.13,1.13
2013.11.28 12:29:43.611,0.82615,0.82639,1.88,2.33
2013.11.28 12:29:45.372,0.82618,0.82639,1.95,1.20
2013.11.28 12:29:46.982,0.82621,0.82641,1.50,3.08
2013.11.28 12:29:47.083,0.82621,0.82642,1.58,1.28
2013.11.28 12:29:47.133,0.82621,0.82642,3.75,1.20
2013.11.28 12:29:47.476,0.82623,0.82644,2.03,1.28
2013.11.28 12:29:47.706,0.82623,0.82646,6.38,1.13
2013.11.28 12:29:47.757,0.82628,0.82649,1.13,1.65
2013.11.28 12:29:47.807,0.82626,0.82648,4.20,1.28
2013.11.28 12:29:47.909,0.82629,0.82648,3.08,1.20
2013.11.28 12:29:49.099,0.82631,0.82654,1.65,1.65
2013.11.28 12:29:49.620,0.82632,0.82654,1.28,1.65
2013.11.28 12:29:50.318,0.82631,0.82654,2.03,1.65
2013.11.28 12:29:51.777,0.82631,0.82654,1.65,1.65
2013.11.28 12:29:52.365,0.82631,0.82653,6.00,1.13
2013.11.28 12:29:54.255,0.82631,0.82653,6.00,1.13
2013.11.28 12:29:54.967,0.82636,0.82658,1.58,3.45
2013.11.28 12:29:55.068,0.82638,0.82659,3.45,1.58
2013.11.28 12:29:55.574,0.82638,0.82659,3.08,1.58
2013.11.28 12:29:56.114,0.82638,0.82659,1.28,1.50
2013.11.28 12:29:57.805,0.82639,0.82661,1.65,1.28
2013.11.28 12:29:58.195,0.82642,0.82663,1.28,3.00
2013.11.28 12:29:58.715,0.82642,0.82663,5.63,1.58
2013.11.28 12:29:59.088,0.82641,0.82663,4.58,1.65
2013.11.28 12:29:59.139,0.82641,0.82659,4.13,1.50
2013.11.28 12:29:59.391,0.82643,0.82661,3.08,1.13
2013.11.28 12:29:59.442,0.82643,0.82662,3.08,1.13
2013.11.28 12:29:59.845,0.82643,0.82664,3.45,1.50
2013.11.28 12:30:00.354,0.82644,0.82667,1.28,1.65
2013.11.28 12:30:02.771,0.82642,0.82664,3.45,1.58
2013.11.28 12:30:03.274,0.82642,0.82663,1.28,1.58
2013.11.28 12:30:08.483,0.82642,0.82662,1.20,1.20
2013.11.28 12:30:09.114,0.82642,0.82661,1.20,1.13
2013.11.28 12:30:09.219,0.82642,0.82664,1.20,1.28
2013.11.28 12:30:09.399,0.82643,0.82666,3.45,1.20
2013.11.28 12:30:09.510,0.82643,0.82663,3.08,1.13
2013.11.28 12:30:09.690,0.82643,0.82663,2.33,1.13
2013.11.28 12:30:09.791,0.82643,0.82664,3.08,1.88
2013.11.28 12:30:11.988,0.82644,0.82664,3.08,1.88
2013.11.28 12:30:12.799,0.82644,0.82664,5.25,1.88
2013.11.28 12:30:13.130,0.82644,0.82664,5.25,1.88
2013.11.28 12:30:14.338,0.82644,0.82664,5.25,1.88
2013.11.28 12:30:14.888,0.82644,0.82664,5.25,1.88
2013.11.28 12:30:15.399,0.82643,0.82663,2.40,1.13
2013.11.28 12:30:15.589,0.82644,0.82663,3.08,1.13
2013.11.28 12:30:17.334,0.82644,0.82664,1.28,1.95
2013.11.28 12:30:22.152,0.82642,0.82664,1.65,2.03
2013.11.28 12:30:22.677,0.82642,0.82664,1.65,2.03
2013.11.28 12:30:23.061,0.82642,0.82664,1.65,2.03
2013.11.28 12:30:24.067,0.82642,0.82663,1.65,1.50
2013.11.28 12:30:26.514,0.82642,0.82663,1.65,1.65
2013.11.28 12:30:28.909,0.82642,0.82663,1.28,2.03
2013.11.28 12:30:29.060,0.82643,0.82664,1.28,1.65
2013.11.28 12:30:29.281,0.82645,0.82665,1.13,1.28
2013.11.28 12:30:30.158,0.82642,0.82664,1.65,2.03
2013.11.28 12:30:30.905,0.82642,0.82662,1.28,1.65
2013.11.28 12:30:31.439,0.82642,0.82663,1.28,1.28
2013.11.28 12:30:31.742,0.82653,0.82666,1.13,2.25
2013.11.28 12:30:31.943,0.82656,0.82672,1.13,2.33
2013.11.28 12:30:31.994,0.82656,0.82674,1.13,3.45
2013.11.28 12:30:32.377,0.82656,0.82677,1.50,1.28
2013.11.28 12:30:32.478,0.82655,0.82677,1.58,2.70
2013.11.28 12:30:32.540,0.82655,0.82676,1.58,1.28
2013.11.28 12:30:33.131,0.82656,0.82679,1.28,2.40
2013.11.28 12:30:33.539,0.82654,0.82679,1.65,6.75
2013.11.28 12:30:33.640,0.82654,0.82678,1.65,1.65
2013.11.28 12:30:36.448,0.82654,0.82677,1.65,5.63
2013.11.28 12:30:36.895,0.82655,0.82675,1.50,1.28
2013.11.28 12:30:37.478,0.82658,0.82677,1.20,2.33
2013.11.28 12:30:37.529,0.82658,0.82679,1.95,1.28
2013.11.28 12:30:37.730,0.82661,0.82679,1.13,1.13
2013.11.28 12:30:37.831,0.82658,0.82679,1.65,1.28
2013.11.28 12:30:38.479,0.82657,0.82679,1.20,2.03
2013.11.28 12:30:41.996,0.82653,0.82675,6.75,1.50
2013.11.28 12:30:42.097,0.82652,0.82671,1.65,1.50
2013.11.28 12:30:42.601,0.82649,0.82669,1.28,1.58
2013.11.28 12:30:44.649,0.82649,0.82669,3.08,1.50
2013.11.28 12:30:45.349,0.82649,0.8267,2.33,1.50
2013.11.28 12:30:45.501,0.82647,0.82666,3.08,1.13
2013.11.28 12:30:45.602,0.82643,0.82666,3.90,2.03
2013.11.28 12:30:45.853,0.8264,0.82664,1.28,2.03
2013.11.28 12:30:45.904,0.82643,0.82664,1.13,2.03
2013.11.28 12:30:46.248,0.82643,0.82663,1.13,2.03
2013.11.28 12:30:47.788,0.82642,0.8266,3.45,1.50
2013.11.28 12:30:48.013,0.82642,0.82659,1.28,1.13
2013.11.28 12:30:48.765,0.82643,0.8266,1.20,1.13
2013.11.28 12:30:49.270,0.82643,0.82663,1.28,1.58
2013.11.28 12:30:49.580,0.82643,0.82665,1.28,1.20
2013.11.28 12:30:49.630,0.82646,0.82668,1.20,1.28
2013.11.28 12:30:49.681,0.82646,0.82663,1.20,1.50
2013.11.28 12:30:49.832,0.82645,0.82667,3.08,1.28
2013.11.28 12:30:50.135,0.82645,0.82667,3.08,1.20
2013.11.28 12:30:50.185,0.82645,0.82668,3.08,1.65
2013.11.28 12:30:50.236,0.82645,0.82668,3.08,1.65
2013.11.28 12:30:50.668,0.82647,0.82668,3.08,1.13
2013.11.28 12:30:53.708,0.82647,0.82668,3.08,1.13
2013.11.28 12:30:54.623,0.82648,0.82668,1.28,1.13
2013.11.28 12:30:54.917,0.82647,0.82668,3.83,1.88
2013.11.28 12:30:55.069,0.82645,0.82667,2.40,1.20
2013.11.28 12:30:55.660,0.82644,0.82668,2.40,4.20
2013.11.28 12:30:56.178,0.82643,0.82664,3.45,1.58
2013.11.28 12:30:57.921,0.82643,0.82668,3.45,4.58
2013.11.28 12:30:58.510,0.82643,0.82667,3.45,1.28
2013.11.28 12:30:58.560,0.82643,0.82664,3.83,1.50
2013.11.28 12:30:59.145,0.82643,0.82665,1.65,1.50
2013.11.28 12:31:00.328,0.82645,0.82665,3.08,1.50
2013.11.28 12:31:01.868,0.82644,0.82665,2.40,1.65
2013.11.28 12:31:02.581,0.82644,0.82665,4.58,1.50
2013.11.28 12:31:03.178,0.82645,0.82667,1.65,1.58
2013.11.28 12:31:03.279,0.82645,0.82668,2.40,2.03
2013.11.28 12:31:03.829,0.82645,0.82668,2.40,1.28
2013.11.28 12:31:06.137,0.82644,0.82668,5.33,1.28
2013.11.28 12:31:10.803,0.82644,0.82668,5.33,1.65
2013.11.28 12:31:11.632,0.82643,0.82664,3.45,1.58
2013.11.28 12:31:12.013,0.82641,0.82664,2.78,1.65
2013.11.28 12:31:12.988,0.82641,0.82664,1.28,1.65
2013.11.28 12:31:13.290,0.82637,0.82663,4.95,3.83
2013.11.28 12:31:13.946,0.82637,0.82661,3.83,1.28
2013.11.28 12:31:14.910,0.8264,0.82663,1.20,3.08
2013.11.28 12:31:15.061,0.8264,0.82664,1.28,1.28
2013.11.28 12:31:15.631,0.82641,0.82664,3.08,1.13
2013.11.28 12:31:16.516,0.82641,0.82664,3.83,1.13
2013.11.28 12:31:17.868,0.82643,0.82664,3.08,1.13
2013.11.28 12:31:17.919,0.8265,0.82668,1.13,1.95
2013.11.28 12:31:18.070,0.8265,0.82668,1.13,1.58
2013.11.28 12:31:18.221,0.82646,0.82668,1.65,2.78
2013.11.28 12:31:18.524,0.82651,0.82671,1.13,6.75
2013.11.28 12:31:18.862,0.82651,0.82669,1.13,4.50
2013.11.28 12:31:19.063,0.82651,0.82669,1.13,6.00
2013.11.28 12:31:19.215,0.82645,0.82667,1.50,5.63
2013.11.28 12:31:19.422,0.82642,0.82663,1.20,2.33
2013.11.28 12:31:19.950,0.8264,0.82658,1.13,1.28
2013.11.28 12:31:20.253,0.8264,0.82658,1.13,4.20
2013.11.28 12:31:23.123,0.82637,0.82658,1.50,4.58
2013.11.28 12:31:23.572,0.82637,0.82659,1.50,4.20
2013.11.28 12:31:24.330,0.82638,0.82659,1.58,1.20
2013.11.28 12:31:25.982,0.82638,0.8266,1.65,1.88
2013.11.28 12:31:26.133,0.82638,0.8266,2.03,1.50
2013.11.28 12:31:26.284,0.82639,0.82663,1.65,3.15
2013.11.28 12:31:26.933,0.82641,0.82664,3.00,1.65
2013.11.28 12:31:27.458,0.82644,0.82665,3.83,1.13
2013.11.28 12:31:28.762,0.82645,0.82665,3.08,1.13
2013.11.28 12:31:29.077,0.82648,0.82668,3.08,2.25
2013.11.28 12:31:32.137,0.82644,0.82665,5.63,1.13
2013.11.28 12:31:32.288,0.82645,0.82665,1.28,1.13
2013.11.28 12:31:32.339,0.82645,0.82665,3.45,1.13
2013.11.28 12:31:32.593,0.82644,0.82665,2.03,1.28
2013.11.28 12:31:32.694,0.82644,0.82668,2.03,4.58
2013.11.28 12:31:34.300,0.82647,0.82668,1.20,2.03
2013.11.28 12:31:35.167,0.82649,0.82668,1.20,1.65
2013.11.28 12:31:35.369,0.82648,0.8267,2.03,1.65
2013.11.28 12:31:36.092,0.82649,0.82671,1.65,2.78
2013.11.28 12:31:36.796,0.82649,0.82671,1.65,1.28
2013.11.28 12:31:42.362,0.82649,0.8267,1.65,3.08
2013.11.28 12:31:49.185,0.82648,0.82669,1.58,3.08
2013.11.28 12:31:49.437,0.82646,0.82664,1.50,1.65
2013.11.28 12:31:49.488,0.82646,0.82664,1.50,3.83
2013.11.28 12:31:49.794,0.82641,0.82662,1.50,2.70
2013.11.28 12:31:53.699,0.82639,0.82661,1.65,1.28
2013.11.28 12:31:53.750,0.82639,0.82659,1.65,1.28
2013.11.28 12:31:54.443,0.82639,0.8266,1.95,2.70
2013.11.28 12:31:56.445,0.82639,0.82659,1.95,1.28
2013.11.28 12:31:57.165,0.82639,0.82659,1.58,1.28
2013.11.28 12:31:57.586,0.82641,0.82661,1.50,2.70
2013.11.28 12:31:57.636,0.82641,0.82663,1.58,4.20
2013.11.28 12:31:58.140,0.82643,0.82663,1.58,1.28
2013.11.28 12:31:58.655,0.82643,0.82663,1.58,1.28
2013.11.28 12:31:58.806,0.82643,0.82665,1.65,1.65
2013.11.28 12:31:58.857,0.82643,0.82665,1.65,1.28
2013.11.28 12:31:59.369,0.82645,0.82667,1.65,1.28
2013.11.28 12:31:59.645,0.82645,0.82666,1.65,1.28
2013.11.28 12:32:00.288,0.82645,0.82666,1.58,1.28
2013.11.28 12:32:02.677,0.82645,0.82664,1.58,1.20
2013.11.28 12:32:05.008,0.82642,0.82664,1.95,1.28
2013.11.28 12:32:14.854,0.82641,0.8266,1.50,1.20
2013.11.28 12:32:16.311,0.82641,0.82659,1.50,1.28
2013.11.28 12:32:17.738,0.82641,0.82662,1.58,3.45
2013.11.28 12:32:18.464,0.82641,0.82662,1.58,2.70
2013.11.28 12:32:18.616,0.82641,0.82662,1.58,3.45
2013.11.28 12:32:18.817,0.82641,0.82663,1.20,3.45
2013.11.28 12:32:19.069,0.82642,0.82664,1.28,1.65
2013.11.28 12:32:19.584,0.82642,0.82665,3.45,1.65
2013.11.28 12:32:21.045,0.82647,0.82668,1.13,1.65
2013.11.28 12:32:21.146,0.82647,0.8267,2.03,1.65
2013.11.28 12:32:23.528,0.82649,0.8267,3.45,1.13
2013.11.28 12:32:24.517,0.82652,0.82674,2.03,2.40
2013.11.28 12:32:24.568,0.82654,0.82674,1.50,2.40
2013.11.28 12:32:24.669,0.82652,0.82674,3.08,2.25
2013.11.28 12:32:24.820,0.82654,0.82675,3.08,1.50
2013.11.28 12:32:25.798,0.82655,0.82677,2.03,1.65
2013.11.28 12:32:28.212,0.82655,0.82675,1.20,1.65
2013.11.28 12:32:30.190,0.82655,0.82675,1.20,1.58
2013.11.28 12:32:31.005,0.82656,0.82675,1.20,1.58
2013.11.28 12:32:34.755,0.82656,0.82675,1.20,1.58
2013.11.28 12:32:35.386,0.82654,0.82674,1.13,1.65
2013.11.28 12:32:35.745,0.82651,0.82673,1.28,1.28
2013.11.28 12:32:44.024,0.8265,0.82671,1.65,1.20
2013.11.28 12:32:44.326,0.82648,0.82666,1.50,1.28
2013.11.28 12:32:44.643,0.82645,0.82662,1.13,4.88
2013.11.28 12:32:44.895,0.82644,0.82659,2.63,1.28
2013.11.28 12:32:46.294,0.82645,0.82662,1.13,4.88
2013.11.28 12:32:46.546,0.8264,0.82659,2.03,1.13
2013.11.28 12:32:46.647,0.8264,0.82663,2.40,1.28
2013.11.28 12:32:47.425,0.8264,0.82663,3.53,3.45
2013.11.28 12:32:47.992,0.82641,0.82663,2.40,1.28
2013.11.28 12:32:49.883,0.82641,0.82663,1.50,3.45
2013.11.28 12:32:53.639,0.82642,0.82663,1.20,1.65
2013.11.28 12:32:53.742,0.82643,0.82663,1.28,1.28
2013.11.28 12:32:54.044,0.82643,0.82663,1.28,1.28
2013.11.28 12:32:54.145,0.82643,0.82664,1.20,2.70
2013.11.28 12:32:54.346,0.82642,0.82664,1.58,1.28
2013.11.28 12:32:54.574,0.82641,0.82661,1.28,1.20
2013.11.28 12:32:57.554,0.82639,0.82659,1.50,1.28
2013.11.28 12:32:57.857,0.82636,0.82658,1.28,1.28
2013.11.28 12:33:00.203,0.82635,0.82657,1.95,3.08
2013.11.28 12:33:00.304,0.82635,0.82658,1.95,1.28
2013.11.28 12:33:00.405,0.82635,0.82658,2.03,2.03
2013.11.28 12:33:01.408,0.82636,0.82657,1.28,1.13
2013.11.28 12:33:02.528,0.82636,0.82659,1.28,2.03
2013.11.28 12:33:03.274,0.82636,0.82658,1.28,1.50
2013.11.28 12:33:03.526,0.82637,0.8266,1.20,4.95
2013.11.28 12:33:03.964,0.82637,0.8266,2.78,2.78
2013.11.28 12:33:20.218,0.82638,0.8266,3.08,1.58
2013.11.28 12:33:21.893,0.82639,0.8266,1.28,1.58
2013.11.28 12:33:24.935,0.82639,0.8266,1.28,1.58
2013.11.28 12:33:28.235,0.82639,0.8266,1.28,1.58
2013.11.28 12:33:28.511,0.82641,0.8266,3.45,1.13
2013.11.28 12:33:28.612,0.82641,0.8266,1.28,1.88
2013.11.28 12:33:29.120,0.82641,0.8266,1.28,1.13
2013.11.28 12:33:29.621,0.82642,0.82663,3.08,1.65
2013.11.28 12:33:30.631,0.82641,0.82663,1.28,1.58
2013.11.28 12:33:31.404,0.8264,0.82663,6.08,1.58
2013.11.28 12:33:32.414,0.8264,0.82653,4.20,1.50
2013.11.28 12:33:32.465,0.8264,0.82653,1.58,1.50
2013.11.28 12:33:32.616,0.82635,0.82658,1.65,1.28
2013.11.28 12:33:32.717,0.82635,0.82658,1.28,1.65
2013.11.28 12:33:32.767,0.82635,0.82654,1.28,1.13
2013.11.28 12:33:32.969,0.82635,0.82653,1.28,1.13
2013.11.28 12:33:33.134,0.82635,0.82657,1.28,1.28
2013.11.28 12:33:33.185,0.82635,0.82656,3.45,1.58
2013.11.28 12:33:33.336,0.82635,0.82656,1.28,1.20
2013.11.28 12:33:33.438,0.82636,0.82658,3.45,1.28
2013.11.28 12:33:33.589,0.82635,0.82656,1.20,1.28
2013.11.28 12:33:42.290,0.82636,0.82655,3.00,1.58
2013.11.28 12:33:42.592,0.82641,0.82659,1.28,1.13
2013.11.28 12:33:42.744,0.82641,0.82663,1.28,1.58
2013.11.28 12:33:44.684,0.82642,0.82665,1.28,1.65
2013.11.28 12:33:45.188,0.82643,0.82664,3.08,1.50
2013.11.28 12:33:46.854,0.82641,0.82663,3.45,1.50
2013.11.28 12:33:47.056,0.82639,0.82661,2.03,1.20
2013.11.28 12:33:51.654,0.82638,0.82659,1.28,1.13
2013.11.28 12:33:52.770,0.82638,0.82659,1.28,1.20
2013.11.28 12:33:57.712,0.82639,0.82661,1.65,1.28
2013.11.28 12:33:58.009,0.8264,0.82663,1.28,1.65
2013.11.28 12:33:58.060,0.82643,0.82664,1.95,1.65
2013.11.28 12:33:58.161,0.82643,0.82664,1.20,1.65
2013.11.28 12:33:58.211,0.82642,0.82664,1.65,1.20
2013.11.28 12:33:58.961,0.82643,0.82664,1.28,1.88
2013.11.28 12:33:59.998,0.82643,0.82664,1.28,1.95
2013.11.28 12:34:00.283,0.82642,0.82664,1.28,2.03
2013.11.28 12:34:04.166,0.82642,0.82664,2.03,2.03
2013.11.28 12:34:04.753,0.82642,0.82664,2.03,1.95
2013.11.28 12:34:06.059,0.82642,0.82664,4.20,1.95
2013.11.28 12:34:06.615,0.82643,0.82664,1.28,1.13
2013.11.28 12:34:08.908,0.82643,0.82664,1.28,1.28
2013.11.28 12:34:08.958,0.82641,0.82664,2.03,2.03
2013.11.28 12:34:09.059,0.82641,0.82662,1.65,1.13
2013.11.28 12:34:09.892,0.82641,0.82664,2.03,2.03
2013.11.28 12:34:29.389,0.82642,0.82664,1.65,1.65
2013.11.28 12:34:33.380,0.82643,0.82666,3.08,1.28
2013.11.28 12:34:35.540,0.82647,0.82668,3.08,3.08
2013.11.28 12:34:38.292,0.82645,0.82667,3.45,1.20
2013.11.28 12:34:40.093,0.82645,0.82667,3.08,1.20
2013.11.28 12:34:40.593,0.82644,0.82666,1.28,1.28
2013.11.28 12:34:41.416,0.82644,0.82665,3.45,1.20
2013.11.28 12:34:44.797,0.82645,0.82667,1.28,1.28
2013.11.28 12:34:45.093,0.82645,0.82667,1.28,2.03
2013.11.28 12:34:45.414,0.82642,0.82665,3.08,1.28
2013.11.28 12:34:46.194,0.82643,0.82665,2.33,1.20
2013.11.28 12:34:46.680,0.82644,0.82666,1.28,1.65
2013.11.28 12:34:46.781,0.82643,0.82665,2.33,1.20
2013.11.28 12:34:48.179,0.82643,0.82666,3.08,1.65
2013.11.28 12:34:48.311,0.82643,0.82665,2.33,1.20
2013.11.28 12:34:49.104,0.82641,0.82665,4.20,1.28
2013.11.28 12:34:55.901,0.82641,0.82664,4.20,1.28
2013.11.28 12:34:55.952,0.82641,0.82664,2.03,1.28
2013.11.28 12:34:56.002,0.82641,0.82664,1.95,1.28
2013.11.28 12:34:56.053,0.82641,0.82664,1.95,3.45
2013.11.28 12:34:56.239,0.82637,0.8266,4.20,1.58
2013.11.28 12:34:57.695,0.82639,0.82662,1.28,1.95
2013.11.28 12:34:58.311,0.82639,0.82662,1.28,2.03
2013.11.28 12:34:59.671,0.82639,0.82661,1.28,1.28
2013.11.28 12:35:05.034,0.82638,0.82659,1.28,1.20
2013.11.28 12:35:11.862,0.82637,0.82659,3.45,1.20
2013.11.28 12:35:12.882,0.82637,0.82659,1.28,1.20
2013.11.28 12:35:12.983,0.82638,0.82659,2.70,1.13
2013.11.28 12:35:13.391,0.82635,0.82656,3.08,1.13
2013.11.28 12:35:13.643,0.82632,0.82655,3.83,1.28
2013.11.28 12:35:14.192,0.82633,0.82655,5.25,1.13
2013.11.28 12:35:14.722,0.82632,0.82655,3.83,1.20
2013.11.28 12:35:15.272,0.82633,0.82655,3.08,1.13
2013.11.28 12:35:15.788,0.82632,0.82654,1.65,1.20
2013.11.28 12:35:15.889,0.82631,0.82653,1.28,1.28
2013.11.28 12:35:15.939,0.8263,0.82653,1.28,1.28
2013.11.28 12:35:16.913,0.82631,0.82648,1.28,1.13
2013.11.28 12:35:18.938,0.82631,0.82648,1.20,1.13
2013.11.28 12:35:19.700,0.82631,0.82648,1.28,1.13
2013.11.28 12:35:24.706,0.82629,0.82648,2.70,1.13
2013.11.28 12:35:25.592,0.82629,0.82648,2.70,1.13
2013.11.28 12:35:25.643,0.82627,0.82648,4.50,1.58
2013.11.28 12:35:25.821,0.82627,0.82648,2.33,1.58
2013.11.28 12:35:26.023,0.82625,0.82644,1.65,1.13
2013.11.28 12:35:26.079,0.82629,0.82644,2.25,1.13
2013.11.28 12:35:34.696,0.82628,0.82648,2.33,1.58
2013.11.28 12:35:34.746,0.82625,0.82648,5.33,1.58
2013.11.28 12:35:34.797,0.82627,0.82648,3.08,1.58
2013.11.28 12:35:35.185,0.82626,0.82648,2.40,1.65
2013.11.28 12:35:35.620,0.82626,0.82648,4.58,1.58
2013.11.28 12:35:36.647,0.82627,0.82648,3.08,1.58
2013.11.28 12:35:36.749,0.82625,0.82648,3.83,1.58
2013.11.28 12:35:40.945,0.82625,0.82648,3.83,1.20
2013.11.28 12:35:50.359,0.82626,0.82648,3.83,1.13
2013.11.28 12:35:52.534,0.82627,0.82649,1.28,1.20
2013.11.28 12:35:53.328,0.82628,0.82649,3.83,1.13
2013.11.28 12:35:57.400,0.82628,0.82649,2.03,1.20
2013.11.28 12:35:57.949,0.82628,0.82649,4.20,1.13
2013.11.28 12:36:05.076,0.82628,0.82649,3.83,1.13
2013.11.28 12:36:09.738,0.82628,0.82649,1.65,1.28
2013.11.28 12:36:10.243,0.82625,0.82649,5.25,1.28
2013.11.28 12:36:10.293,0.82625,0.82644,3.08,1.20
2013.11.28 12:36:10.344,0.82625,0.82644,3.08,1.20
2013.11.28 12:36:10.596,0.82622,0.82644,3.53,1.28
2013.11.28 12:36:10.750,0.82622,0.82638,1.28,1.13
2013.11.28 12:36:16.203,0.82621,0.82644,1.65,1.28
2013.11.28 12:36:16.863,0.82621,0.82639,3.83,1.13
2013.11.28 12:36:20.644,0.82623,0.82643,1.65,1.20
2013.11.28 12:36:23.037,0.82623,0.82643,1.65,1.20
2013.11.28 12:36:23.140,0.82622,0.82639,1.65,1.13
2013.11.28 12:36:23.481,0.82623,0.82643,1.65,1.20
2013.11.28 12:36:29.404,0.82622,0.8264,1.65,1.13
2013.11.28 12:36:46.307,0.82622,0.82638,1.65,1.13
2013.11.28 12:36:47.750,0.82622,0.82638,1.65,1.13
2013.11.28 12:37:04.794,0.82622,0.82638,3.83,1.13
2013.11.28 12:37:15.656,0.82622,0.82638,1.65,1.13
2013.11.28 12:37:18.693,0.82622,0.82638,1.65,1.13
2013.11.28 12:37:19.257,0.82624,0.82638,3.08,1.13
2013.11.28 12:37:21.074,0.82624,0.82638,3.08,1.13
2013.11.28 12:37:21.377,0.82618,0.82634,1.28,1.13
2013.11.28 12:37:25.300,0.82618,0.82634,1.28,1.05
2013.11.28 12:37:25.663,0.82614,0.82631,3.08,1.05
2013.11.28 12:37:25.979,0.82611,0.82629,1.65,1.13
2013.11.28 12:37:26.291,0.82609,0.82624,2.40,1.13
2013.11.28 12:37:26.440,0.82609,0.82624,2.40,1.13
2013.11.28 12:37:26.643,0.82607,0.82624,1.28,1.13
2013.11.28 12:37:31.211,0.82607,0.82624,1.28,1.13
2013.11.28 12:37:31.721,0.82609,0.82628,1.58,1.28
2013.11.28 12:37:31.940,0.82609,0.82628,1.65,1.13
2013.11.28 12:37:32.686,0.82609,0.82628,1.65,1.05
2013.11.28 12:37:33.420,0.82608,0.82623,2.70,1.13
2013.11.28 12:37:33.571,0.82607,0.82623,2.03,1.13
2013.11.28 12:37:35.761,0.82607,0.82623,2.03,1.13
2013.11.28 12:37:36.480,0.82607,0.82623,2.03,1.13
2013.11.28 12:37:37.191,0.82607,0.82623,2.03,1.13
2013.11.28 12:37:40.536,0.82605,0.82619,5.25,1.13
2013.11.28 12:37:41.088,0.82603,0.8262,3.08,1.13
2013.11.28 12:37:41.139,0.82607,0.8262,3.08,1.13
2013.11.28 12:37:43.819,0.82607,0.82623,6.00,1.13
2013.11.28 12:37:50.541,0.82607,0.82623,1.65,1.13
2013.11.28 12:37:50.941,0.82607,0.82623,1.65,1.13
2013.11.28 12:37:54.571,0.82607,0.82623,1.65,1.13
2013.11.28 12:37:57.251,0.82607,0.82623,1.50,1.13
2013.11.28 12:37:57.453,0.82607,0.82623,1.65,1.13
2013.11.28 12:37:58.231,0.82607,0.82623,1.65,1.13
2013.11.28 12:37:58.603,0.82605,0.82622,3.08,1.13
2013.11.28 12:37:58.911,0.82606,0.82624,1.65,1.13
2013.11.28 12:37:59.213,0.82606,0.82624,6.00,1.13
2013.11.28 12:37:59.670,0.82609,0.82626,3.08,1.13
2013.11.28 12:38:00.342,0.82609,0.82626,2.33,1.13
2013.11.28 12:38:00.401,0.82606,0.82626,5.33,1.13
2013.11.28 12:38:01.278,0.82603,0.82623,1.28,1.13
2013.11.28 12:38:03.528,0.82603,0.82623,1.28,1.13
2013.11.28 12:38:03.737,0.82602,0.82622,2.40,1.13
2013.11.28 12:38:04.289,0.82601,0.82621,3.83,1.13
2013.11.28 12:38:07.225,0.82601,0.82619,3.83,1.13
2013.11.28 12:38:07.579,0.82601,0.82618,3.08,1.13
2013.11.28 12:38:07.781,0.82599,0.82617,3.08,1.13
2013.11.28 12:38:09.036,0.82597,0.82617,4.20,1.13
2013.11.28 12:38:09.798,0.82597,0.82615,1.20,1.13
2013.11.28 12:38:09.900,0.82595,0.82614,2.40,1.13
2013.11.28 12:38:09.951,0.82595,0.82613,2.40,1.20
2013.11.28 12:38:10.152,0.82596,0.82614,1.95,1.20
2013.11.28 12:38:10.455,0.82598,0.82613,1.13,1.13
2013.11.28 12:38:11.076,0.82598,0.82613,1.13,1.13
2013.11.28 12:38:11.880,0.82598,0.82613,1.13,1.13
2013.11.28 12:38:19.094,0.82597,0.82615,1.58,1.20
2013.11.28 12:38:19.396,0.82595,0.82614,1.20,1.20
2013.11.28 12:38:20.504,0.82595,0.82614,1.13,1.28
2013.11.28 12:38:21.113,0.82596,0.82614,1.50,1.28
2013.11.28 12:38:21.973,0.82597,0.82614,1.50,1.28
2013.11.28 12:38:26.829,0.82592,0.82613,1.28,1.28
2013.11.28 12:38:27.650,0.82597,0.82614,1.50,1.28
2013.11.28 12:38:27.700,0.82598,0.82616,3.00,3.00
2013.11.28 12:38:27.851,0.826,0.82618,1.65,1.13
2013.11.28 12:38:28.399,0.82602,0.82618,1.65,1.13
2013.11.28 12:38:28.955,0.82602,0.82619,1.65,1.13
2013.11.28 12:38:31.340,0.82603,0.82624,1.65,1.65
2013.11.28 12:38:31.542,0.82606,0.82624,1.58,1.50
2013.11.28 12:38:32.392,0.82607,0.82628,1.28,1.20
2013.11.28 12:38:32.706,0.82606,0.82624,3.15,1.13
2013.11.28 12:38:33.008,0.82606,0.82624,3.08,1.20
2013.11.28 12:38:33.526,0.82606,0.82624,1.58,1.20
2013.11.28 12:38:34.859,0.82606,0.82624,1.58,1.20
2013.11.28 12:38:35.212,0.82606,0.82624,1.50,1.28
2013.11.28 12:38:38.979,0.82606,0.82624,1.50,1.28
2013.11.28 12:38:42.469,0.82601,0.82619,2.03,1.13
2013.11.28 12:38:52.279,0.82601,0.82619,1.58,1.20
2013.11.28 12:39:01.011,0.82602,0.82624,1.13,3.45
2013.11.28 12:39:01.062,0.82602,0.82624,1.13,1.28
2013.11.28 12:39:01.776,0.82606,0.82624,1.50,1.28
2013.11.28 12:39:02.439,0.82606,0.82624,1.58,1.13
2013.11.28 12:39:09.527,0.82606,0.82624,1.65,1.13
2013.11.28 12:39:14.557,0.82607,0.82627,3.08,1.20
2013.11.28 12:39:14.658,0.82611,0.8263,1.65,1.13
2013.11.28 12:39:14.737,0.82611,0.82632,3.83,1.20
2013.11.28 12:39:14.888,0.82616,0.82633,1.50,1.13
2013.11.28 12:39:15.578,0.82617,0.82635,1.58,1.35
2013.11.28 12:39:16.108,0.82617,0.82635,1.65,1.13
2013.11.28 12:39:18.378,0.82615,0.82631,2.33,1.13
2013.11.28 12:39:18.429,0.82613,0.82631,6.75,1.13
2013.11.28 12:39:18.532,0.82613,0.82631,2.40,1.13
2013.11.28 12:39:19.080,0.82612,0.82631,1.58,1.20
2013.11.28 12:39:19.349,0.82612,0.82632,1.58,1.20
2013.11.28 12:39:19.500,0.82615,0.82634,1.88,1.28
2013.11.28 12:39:19.724,0.82616,0.82634,1.50,1.28
2013.11.28 12:39:20.434,0.82613,0.82634,1.50,5.63
2013.11.28 12:39:21.346,0.82611,0.82631,2.03,1.28
2013.11.28 12:39:24.012,0.82611,0.82631,1.13,3.45
2013.11.28 12:39:24.327,0.82608,0.82627,1.20,1.20
2013.11.28 12:39:28.349,0.82607,0.82627,1.65,1.58
2013.11.28 12:39:28.903,0.82606,0.82626,1.65,1.28
2013.11.28 12:39:31.995,0.82606,0.82625,1.50,1.28
2013.11.28 12:39:32.501,0.82606,0.82625,1.58,1.28
2013.11.28 12:39:34.876,0.82606,0.82627,1.58,3.08
2013.11.28 12:39:35.226,0.82606,0.82626,1.58,1.28
2013.11.28 12:39:35.886,0.82607,0.82627,1.50,3.45
2013.11.28 12:39:37.376,0.82609,0.82627,1.50,2.70
2013.11.28 12:39:37.476,0.82609,0.82629,1.50,3.45
2013.11.28 12:39:40.668,0.82611,0.82629,1.50,3.45
2013.11.28 12:39:40.769,0.82612,0.82629,1.50,2.33
2013.11.28 12:39:40.898,0.82612,0.82629,1.88,3.08
2013.11.28 12:39:41.158,0.82612,0.82633,1.50,3.08
2013.11.28 12:39:41.674,0.82612,0.82633,1.88,3.45
2013.11.28 12:39:44.114,0.82612,0.82633,1.95,3.45
2013.11.28 12:39:44.488,0.82613,0.82633,1.20,1.28
2013.11.28 12:39:48.707,0.82614,0.82634,2.03,1.28
2013.11.28 12:39:48.908,0.82615,0.82637,1.65,2.70
2013.11.28 12:39:49.059,0.82616,0.82637,1.65,2.63
2013.11.28 12:39:50.161,0.82621,0.82639,1.50,1.28
2013.11.28 12:39:50.211,0.82616,0.82637,1.65,1.13
2013.11.28 12:39:51.418,0.82622,0.82638,1.50,1.28
2013.11.28 12:39:52.886,0.82617,0.82638,1.65,1.28
2013.11.28 12:40:09.368,0.82619,0.82639,1.50,1.28
2013.11.28 12:40:12.231,0.82618,0.8264,1.58,1.65
2013.11.28 12:40:16.189,0.8262,0.82642,1.88,3.08
2013.11.28 12:40:16.341,0.82624,0.82643,1.13,1.28
2013.11.28 12:40:16.442,0.82624,0.82646,1.20,2.70
2013.11.28 12:40:16.543,0.82626,0.82648,1.50,1.28
2013.11.28 12:40:18.389,0.82627,0.8265,2.03,3.08
2013.11.28 12:40:20.798,0.82628,0.82651,1.28,3.83
2013.11.28 12:40:20.849,0.82628,0.82651,1.28,1.65
2013.11.28 12:40:41.410,0.8263,0.82651,1.28,1.28
2013.11.28 12:40:43.868,0.8263,0.8265,1.28,2.03
2013.11.28 12:40:44.171,0.82629,0.82649,1.13,2.03
2013.11.28 12:40:46.109,0.82629,0.82649,1.13,2.03
2013.11.28 12:40:49.632,0.82627,0.82649,1.65,2.03
2013.11.28 12:40:50.181,0.82627,0.82649,1.65,2.03
2013.11.28 12:40:53.866,0.82626,0.82644,1.50,1.28
2013.11.28 12:40:54.643,0.82623,0.82644,2.03,1.28
2013.11.28 12:41:03.294,0.82623,0.82644,1.95,3.45
2013.11.28 12:41:11.364,0.82628,0.82646,1.50,2.70
2013.11.28 12:41:11.415,0.82628,0.82648,1.50,2.70
2013.11.28 12:41:11.465,0.8263,0.82648,1.13,2.33
2013.11.28 12:41:11.566,0.82628,0.8265,1.95,4.20
2013.11.28 12:41:11.617,0.82631,0.8265,1.50,1.28
2013.11.28 12:41:11.823,0.82631,0.8265,1.50,3.08
2013.11.28 12:41:12.354,0.82629,0.8265,1.50,1.28
2013.11.28 12:41:12.979,0.82629,0.8265,1.58,1.28
2013.11.28 12:41:16.053,0.82628,0.82652,1.28,1.65
2013.11.28 12:41:16.626,0.82631,0.82652,1.50,1.65
2013.11.28 12:41:17.176,0.82631,0.82651,1.50,3.08
2013.11.28 12:41:19.300,0.82631,0.8265,1.50,3.08
2013.11.28 12:41:19.861,0.82631,0.82649,1.50,3.08
2013.11.28 12:41:20.334,0.82631,0.82652,1.50,5.63
2013.11.28 12:41:20.434,0.8263,0.82649,1.50,3.08
2013.11.28 12:41:21.048,0.82627,0.82649,1.95,3.08
2013.11.28 12:41:22.871,0.8263,0.82651,1.58,3.08
2013.11.28 12:41:23.762,0.8263,0.82651,1.95,2.33
2013.11.28 12:41:25.502,0.8263,0.82653,1.58,3.45
2013.11.28 12:41:25.603,0.8263,0.82653,1.65,1.28
2013.11.28 12:41:25.720,0.82631,0.82652,1.28,1.28
2013.11.28 12:41:26.289,0.82631,0.82652,1.28,1.28
2013.11.28 12:41:26.426,0.82631,0.82653,1.28,1.28
2013.11.28 12:41:28.138,0.82631,0.82654,1.28,1.65
2013.11.28 12:41:29.463,0.82631,0.82654,1.28,1.65
2013.11.28 12:41:31.549,0.82631,0.82654,1.28,1.65
2013.11.28 12:41:32.418,0.82631,0.82654,2.03,1.65
2013.11.28 12:41:37.586,0.82631,0.82653,2.03,1.65
2013.11.28 12:41:37.686,0.82631,0.82651,1.88,3.08
2013.11.28 12:41:41.229,0.82631,0.82651,1.88,2.33
2013.11.28 12:41:43.647,0.82631,0.82651,1.50,3.08
2013.11.28 12:41:53.090,0.8263,0.82649,1.50,3.08
2013.11.28 12:41:53.241,0.82628,0.82648,1.13,3.08
2013.11.28 12:41:53.342,0.82625,0.82646,1.20,1.28
2013.11.28 12:41:55.939,0.82624,0.82644,1.13,3.83
2013.11.28 12:41:56.291,0.82623,0.82642,1.13,3.08
2013.11.28 12:41:57.098,0.8262,0.82638,1.20,1.65
2013.11.28 12:41:57.199,0.82618,0.8264,1.28,3.45
2013.11.28 12:41:57.350,0.8262,0.82641,1.28,2.03
2013.11.28 12:41:58.070,0.82619,0.82641,2.03,2.03
2013.11.28 12:41:58.322,0.82617,0.82641,3.08,1.65
2013.11.28 12:41:58.825,0.82618,0.82641,2.03,3.45
2013.11.28 12:41:59.163,0.82621,0.82641,3.08,1.13
2013.11.28 12:41:59.489,0.82619,0.82641,3.45,1.28
2013.11.28 12:41:59.741,0.82618,0.82641,1.28,3.45
2013.11.28 12:41:59.842,0.82623,0.82641,1.20,1.20
2013.11.28 12:41:59.896,0.82623,0.82641,1.20,1.20
2013.11.28 12:42:00.405,0.82625,0.82646,1.28,2.40
2013.11.28 12:42:00.769,0.82624,0.82645,5.25,1.50
2013.11.28 12:42:04.818,0.82627,0.82644,1.28,1.50
2013.11.28 12:42:04.868,0.82629,0.82646,1.13,1.13
2013.11.28 12:42:04.936,0.82626,0.82644,1.28,1.50
2013.11.28 12:42:04.987,0.82626,0.82644,1.28,1.50
2013.11.28 12:42:05.215,0.82629,0.82647,1.13,1.28
2013.11.28 12:42:06.368,0.82629,0.82647,1.20,1.13
2013.11.28 12:42:06.519,0.82634,0.82652,1.13,2.78
2013.11.28 12:42:06.771,0.82635,0.82652,1.13,1.28
2013.11.28 12:42:07.093,0.82635,0.82652,1.13,1.28
2013.11.28 12:42:07.144,0.82635,0.82652,1.13,1.28
2013.11.28 12:42:07.832,0.82636,0.82652,1.20,1.13
2013.11.28 12:42:07.883,0.82632,0.82652,1.28,1.20
2013.11.28 12:42:09.536,0.82631,0.82651,1.20,1.28
2013.11.28 12:42:09.838,0.82633,0.82652,1.20,1.13
2013.11.28 12:42:09.889,0.82632,0.82652,1.28,1.13
2013.11.28 12:42:10.118,0.82632,0.82652,1.28,1.13
2013.11.28 12:42:10.219,0.82631,0.82652,1.28,1.13
2013.11.28 12:42:10.582,0.82628,0.82648,1.28,1.50
2013.11.28 12:42:12.765,0.82632,0.82652,1.13,1.65
2013.11.28 12:42:13.078,0.82631,0.82652,1.20,1.28
2013.11.28 12:42:13.655,0.82629,0.82649,3.45,1.50
2013.11.28 12:42:14.967,0.82632,0.82652,1.28,1.65
2013.11.28 12:42:15.645,0.82631,0.82652,1.28,1.13
2013.11.28 12:42:17.806,0.82631,0.82649,1.28,1.50
2013.11.28 12:42:19.272,0.82629,0.82649,1.28,1.50
2013.11.28 12:42:22.874,0.8263,0.82649,3.08,1.13
2013.11.28 12:42:30.578,0.82635,0.82654,1.13,1.65
2013.11.28 12:42:30.765,0.82635,0.82653,1.13,1.28
2013.11.28 12:42:32.765,0.82635,0.82654,1.13,1.28
2013.11.28 12:42:33.317,0.82635,0.82653,1.20,1.50
2013.11.28 12:42:42.344,0.82635,0.82654,1.13,1.28
2013.11.28 12:42:42.787,0.82635,0.82655,1.13,1.28
2013.11.28 12:42:50.365,0.82633,0.82654,1.20,2.03
2013.11.28 12:43:08.874,0.82634,0.82655,1.28,1.28
2013.11.28 12:43:08.976,0.82637,0.82657,1.28,1.58
2013.11.28 12:43:09.512,0.8264,0.82657,1.20,1.13
2013.11.28 12:43:10.165,0.8264,0.82657,1.20,1.13
2013.11.28 12:43:12.895,0.8264,0.8266,1.20,1.20
2013.11.28 12:43:13.377,0.82645,0.82663,1.28,1.13
2013.11.28 12:43:14.032,0.82646,0.82669,1.28,2.03
2013.11.28 12:43:17.115,0.82646,0.82669,1.28,2.03
2013.11.28 12:43:26.120,0.82654,0.82672,1.13,3.08
2013.11.28 12:43:26.373,0.82654,0.82672,1.20,1.58
2013.11.28 12:43:27.475,0.82654,0.82673,1.65,1.50
2013.11.28 12:43:28.657,0.82653,0.82674,3.08,1.50
2013.11.28 12:43:28.867,0.8265,0.8267,1.28,1.13
2013.11.28 12:43:29.018,0.82649,0.82672,3.83,1.20
2013.11.28 12:43:30.535,0.82649,0.82671,1.28,1.28
2013.11.28 12:43:32.522,0.82649,0.82669,1.20,1.65
2013.11.28 12:43:33.090,0.82646,0.82668,1.20,3.08
2013.11.28 12:43:33.592,0.82644,0.82666,1.65,1.28
2013.11.28 12:43:33.643,0.82644,0.82666,1.65,1.28
2013.11.28 12:43:34.152,0.82644,0.82669,1.65,2.40
2013.11.28 12:43:34.203,0.82644,0.82669,1.28,2.40
2013.11.28 12:43:37.564,0.82644,0.82663,1.28,1.65
2013.11.28 12:43:37.715,0.82644,0.82661,1.20,1.20
2013.11.28 12:43:38.018,0.82644,0.82662,1.13,3.08
2013.11.28 12:43:39.318,0.82642,0.82658,1.20,1.50
2013.11.28 12:43:40.908,0.82638,0.82658,3.08,1.50
2013.11.28 12:43:43.376,0.82637,0.82655,1.28,1.50
2013.11.28 12:43:43.607,0.82637,0.82658,1.28,1.65
2013.11.28 12:43:44.477,0.82637,0.82655,1.28,1.50
2013.11.28 12:43:44.915,0.82637,0.82658,1.28,1.65
2013.11.28 12:43:45.496,0.82636,0.82655,1.28,1.50
2013.11.28 12:43:45.905,0.82637,0.82658,1.28,1.65
2013.11.28 12:43:52.475,0.82637,0.82658,1.28,1.65
2013.11.28 12:43:53.373,0.82637,0.82658,1.28,1.65
2013.11.28 12:44:00.210,0.82637,0.82662,1.28,5.25
2013.11.28 12:44:01.545,0.82637,0.82659,1.28,1.65
2013.11.28 12:44:02.484,0.82637,0.82659,1.13,1.65
2013.11.28 12:44:07.138,0.82634,0.82657,1.28,1.28
2013.11.28 12:44:07.239,0.82632,0.82654,3.45,1.50
2013.11.28 12:44:07.896,0.82631,0.82656,3.83,3.45
2013.11.28 12:44:09.863,0.82633,0.8265,1.28,1.13
2013.11.28 12:44:09.914,0.82633,0.8265,1.28,1.13
2013.11.28 12:44:10.329,0.82632,0.82654,1.28,2.03
2013.11.28 12:44:10.686,0.82632,0.82654,1.28,1.28
2013.11.28 12:44:11.544,0.82633,0.82654,1.28,1.65
2013.11.28 12:44:11.645,0.8263,0.8265,1.20,1.28
2013.11.28 12:44:11.846,0.82631,0.82653,3.45,1.28
2013.11.28 12:44:11.997,0.82632,0.82654,1.28,1.28
2013.11.28 12:44:13.602,0.82632,0.82655,5.63,1.65
2013.11.28 12:44:14.779,0.82634,0.82653,1.28,1.65
2013.11.28 12:44:21.134,0.82636,0.82656,3.08,1.20
2013.11.28 12:44:21.334,0.82636,0.82657,3.08,1.13
2013.11.28 12:44:26.842,0.82638,0.82658,3.08,1.50
2013.11.28 12:45:00.930,0.82638,0.82659,3.08,1.13
2013.11.28 12:45:01.798,0.82643,0.82659,3.08,1.13
2013.11.28 12:45:01.950,0.82643,0.82664,3.08,1.20
2013.11.28 12:45:02.051,0.82644,0.82664,3.08,1.13
2013.11.28 12:45:02.169,0.82644,0.82668,3.08,2.40
2013.11.28 12:45:03.151,0.82644,0.82668,3.08,1.65
2013.11.28 12:45:03.403,0.82644,0.82661,3.08,1.13
2013.11.28 12:45:03.951,0.82641,0.82661,3.08,1.13
2013.11.28 12:45:13.694,0.82641,0.82663,1.65,1.28
2013.11.28 12:45:18.563,0.82641,0.82663,1.65,1.28
2013.11.28 12:45:28.313,0.82641,0.82663,1.65,1.28
2013.11.28 12:45:28.970,0.8264,0.82663,1.65,1.65
2013.11.28 12:45:29.071,0.8264,0.82663,3.83,1.65
2013.11.28 12:45:31.446,0.82642,0.82664,1.65,1.95
2013.11.28 12:45:31.837,0.82642,0.82665,1.65,1.28
2013.11.28 12:45:32.372,0.82646,0.82669,3.83,2.03
2013.11.28 12:45:34.852,0.82648,0.8267,1.65,1.65
2013.11.28 12:45:35.385,0.82651,0.82673,1.28,2.03
2013.11.28 12:45:35.935,0.82652,0.82673,3.08,1.50
2013.11.28 12:46:01.796,0.8265,0.82672,6.00,1.13
2013.11.28 12:46:01.997,0.8265,0.82668,3.08,1.13
2013.11.28 12:46:02.048,0.82649,0.82668,3.15,1.13
2013.11.28 12:46:03.316,0.82655,0.82674,1.13,3.45
2013.11.28 12:46:03.417,0.82655,0.82675,3.38,2.33
2013.11.28 12:46:03.971,0.82655,0.82674,1.28,1.13
2013.11.28 12:46:04.483,0.82655,0.82674,1.28,1.13
2013.11.28 12:46:05.855,0.82655,0.82674,1.28,1.13
2013.11.28 12:46:08.699,0.82655,0.82674,1.28,1.20
2013.11.28 12:46:12.290,0.82651,0.82674,2.03,1.20
2013.11.28 12:46:12.876,0.82648,0.82671,3.08,1.65
2013.11.28 12:46:13.375,0.82647,0.82671,1.65,3.83
2013.11.28 12:46:13.802,0.82647,0.82671,6.00,1.28
2013.11.28 12:46:16.205,0.82651,0.82674,4.20,1.13
2013.11.28 12:46:18.039,0.82651,0.82674,3.45,1.88
2013.11.28 12:46:18.089,0.82651,0.82673,3.45,1.50
2013.11.28 12:46:18.347,0.82651,0.82673,1.28,1.65
2013.11.28 12:46:19.915,0.82651,0.82673,1.28,1.65
2013.11.28 12:46:28.847,0.82647,0.82669,5.63,1.58
2013.11.28 12:46:29.115,0.82648,0.82669,2.40,1.95
2013.11.28 12:46:30.344,0.82647,0.82669,3.45,1.58
2013.11.28 12:46:31.086,0.82647,0.82669,3.45,1.50
2013.11.28 12:46:32.344,0.82647,0.82672,3.45,1.65
2013.11.28 12:46:37.298,0.82647,0.82667,3.08,1.13
2013.11.28 12:46:38.174,0.82644,0.82666,1.65,1.65
2013.11.28 12:46:38.985,0.82644,0.82666,1.65,1.65
2013.11.28 12:46:39.844,0.82643,0.82666,3.08,1.28
2013.11.28 12:46:40.412,0.82643,0.82666,3.08,1.28
2013.11.28 12:46:41.163,0.82641,0.82666,3.83,1.28
2013.11.28 12:46:52.734,0.82642,0.82665,5.25,1.28
2013.11.28 12:46:54.353,0.82643,0.82665,3.08,1.20
2013.11.28 12:46:54.981,0.82645,0.82668,4.58,1.28
2013.11.28 12:47:02.039,0.82648,0.82672,3.08,1.28
2013.11.28 12:47:02.613,0.82648,0.82672,3.08,1.28
2013.11.28 12:47:02.815,0.8265,0.82672,3.08,1.58
2013.11.28 12:47:06.916,0.8265,0.82672,3.08,1.20
2013.11.28 12:47:09.442,0.8265,0.82673,3.08,1.28
2013.11.28 12:47:14.912,0.8265,0.82673,3.08,2.40
2013.11.28 12:47:21.273,0.8265,0.82673,1.28,2.03
2013.11.28 12:47:21.822,0.8265,0.82673,1.28,2.03
2013.11.28 12:47:22.326,0.8265,0.82673,1.28,2.03
2013.11.28 12:47:24.452,0.8265,0.82673,1.28,4.20
2013.11.28 12:47:24.782,0.8265,0.82671,1.13,3.08
2013.11.28 12:47:32.790,0.82646,0.8267,2.40,1.65
2013.11.28 12:47:32.841,0.82646,0.82668,2.40,1.20
2013.11.28 12:47:33.711,0.82644,0.82667,1.65,1.28
2013.11.28 12:47:48.800,0.82643,0.82666,3.15,1.28
2013.11.28 12:47:49.435,0.82643,0.82667,1.65,1.65
2013.11.28 12:47:53.322,0.82643,0.82667,1.65,1.65
2013.11.28 12:47:55.300,0.82643,0.82667,1.65,3.83
2013.11.28 12:48:27.603,0.82643,0.82666,1.65,1.28
2013.11.28 12:48:29.911,0.82643,0.82667,1.65,3.83
2013.11.28 12:48:33.074,0.82643,0.82667,3.83,1.28
2013.11.28 12:48:33.541,0.82643,0.82665,3.83,1.20
2013.11.28 12:48:36.089,0.82643,0.82668,3.08,2.78
2013.11.28 12:48:52.759,0.82643,0.82665,3.08,1.58
2013.11.28 12:48:52.810,0.82643,0.82663,3.08,1.13
2013.11.28 12:49:06.305,0.82641,0.82663,1.65,1.20
2013.11.28 12:49:13.373,0.82641,0.82662,3.83,1.13
2013.11.28 12:49:18.366,0.82641,0.82662,1.65,1.20
2013.11.28 12:49:19.801,0.82641,0.82662,1.58,1.28
2013.11.28 12:49:20.054,0.82637,0.8266,1.20,1.65
2013.11.28 12:49:21.182,0.82637,0.8266,1.20,1.28
2013.11.28 12:49:21.233,0.82637,0.8266,3.45,1.28
2013.11.28 12:49:21.754,0.82639,0.82661,3.08,1.20
2013.11.28 12:49:22.267,0.82639,0.82661,3.08,1.20
2013.11.28 12:49:24.360,0.82641,0.82661,3.08,1.50
2013.11.28 12:49:26.909,0.82643,0.82662,1.28,1.20
2013.11.28 12:49:27.322,0.82645,0.82663,3.08,1.13
2013.11.28 12:49:29.738,0.82644,0.82663,1.28,1.13
2013.11.28 12:49:34.828,0.82642,0.82662,2.33,1.13
2013.11.28 12:49:35.080,0.82641,0.82662,1.28,1.20
2013.11.28 12:49:35.851,0.82639,0.82661,3.83,1.20
2013.11.28 12:49:41.851,0.82639,0.82662,3.83,1.58
2013.11.28 12:49:48.378,0.82642,0.82662,1.28,1.50
2013.11.28 12:49:59.610,0.82641,0.82662,3.08,1.20
2013.11.28 12:50:05.503,0.82639,0.82659,3.45,1.13
2013.11.28 12:50:05.883,0.82639,0.82663,1.28,2.03
2013.11.28 12:50:06.362,0.82639,0.82659,1.28,1.13
2013.11.28 12:50:06.973,0.82637,0.82659,1.65,1.58
2013.11.28 12:50:07.981,0.82636,0.82659,1.65,2.33
2013.11.28 12:50:12.398,0.82636,0.82659,1.65,2.33
2013.11.28 12:50:13.199,0.82636,0.82658,1.65,1.13
2013.11.28 12:50:15.841,0.82636,0.82658,1.65,1.13
2013.11.28 12:50:16.610,0.82636,0.82658,1.65,1.13
2013.11.28 12:50:17.112,0.82636,0.82658,1.65,1.13
2013.11.28 12:50:19.002,0.82636,0.82658,1.65,3.38
2013.11.28 12:50:19.154,0.82636,0.82655,1.65,1.28
2013.11.28 12:50:19.717,0.82634,0.82653,1.28,1.13
2013.11.28 12:50:22.358,0.82632,0.82654,1.28,2.03
2013.11.28 12:50:23.209,0.82631,0.82653,1.65,1.13
2013.11.28 12:50:23.852,0.82631,0.82653,1.65,1.13
2013.11.28 12:50:28.205,0.82635,0.82653,3.08,1.13
2013.11.28 12:50:28.306,0.82635,0.82654,3.08,1.88
2013.11.28 12:50:29.162,0.82635,0.82654,2.33,1.88
2013.11.28 12:50:29.313,0.82632,0.82653,2.33,1.58
2013.11.28 12:50:29.901,0.82632,0.82654,3.83,1.95
2013.11.28 12:50:30.560,0.82633,0.82654,5.25,1.88
2013.11.28 12:50:32.066,0.82634,0.82654,3.08,1.88
2013.11.28 12:50:34.336,0.82633,0.82654,5.25,1.88
2013.11.28 12:50:35.228,0.82633,0.82654,3.08,1.13
2013.11.28 12:50:36.066,0.82636,0.82655,1.28,1.20
2013.11.28 12:50:36.946,0.82635,0.82655,2.03,1.28
2013.11.28 12:50:41.281,0.82633,0.82654,1.28,1.28
2013.11.28 12:51:03.987,0.82634,0.82654,1.28,1.58
2013.11.28 12:51:12.317,0.82635,0.82654,1.58,1.50
2013.11.28 12:51:16.742,0.82635,0.82654,2.03,1.20
2013.11.28 12:51:20.045,0.82635,0.82654,1.65,1.20
2013.11.28 12:51:20.146,0.82639,0.82656,1.20,1.20
2013.11.28 12:51:20.247,0.82642,0.82662,1.50,1.28
2013.11.28 12:51:20.297,0.82642,0.82662,1.58,1.20
2013.11.28 12:51:20.651,0.82645,0.82664,1.50,1.65
2013.11.28 12:51:20.852,0.82645,0.82667,1.65,1.65
2013.11.28 12:51:20.903,0.82649,0.82669,1.50,1.28
2013.11.28 12:51:21.004,0.82649,0.82669,1.65,1.28
2013.11.28 12:51:21.441,0.8265,0.82671,3.83,1.58
2013.11.28 12:51:21.744,0.82654,0.82674,1.28,1.50
2013.11.28 12:51:22.289,0.82655,0.82674,3.08,2.25
2013.11.28 12:51:22.642,0.82655,0.82676,3.08,1.50
2013.11.28 12:51:22.961,0.82655,0.82676,3.08,1.50
2013.11.28 12:51:23.579,0.82654,0.82674,1.13,1.28
2013.11.28 12:51:23.630,0.82654,0.82672,1.13,1.13
2013.11.28 12:51:23.738,0.82654,0.82672,1.13,1.20
2013.11.28 12:51:23.839,0.82652,0.82671,1.20,1.58
2013.11.28 12:51:23.990,0.82647,0.82671,1.65,2.03
2013.11.28 12:51:26.366,0.82646,0.82668,6.75,1.50
2013.11.28 12:51:26.568,0.82646,0.82668,2.40,3.83
2013.11.28 12:51:26.669,0.82646,0.82668,1.20,4.20
2013.11.28 12:51:26.742,0.82645,0.82668,1.65,2.03
2013.11.28 12:51:27.459,0.82649,0.8267,1.65,1.28
2013.11.28 12:51:27.908,0.82647,0.82669,1.28,1.65
2013.11.28 12:51:28.127,0.82649,0.8267,1.65,1.28
2013.11.28 12:51:31.249,0.82649,0.82671,3.83,1.58
2013.11.28 12:51:34.499,0.82648,0.8267,2.03,1.58
2013.11.28 12:51:35.149,0.8265,0.82672,1.65,2.40
2013.11.28 12:51:35.719,0.8265,0.82672,1.65,1.28
2013.11.28 12:51:41.012,0.8265,0.82672,1.65,1.50
2013.11.28 12:51:42.150,0.8265,0.82672,1.65,1.65
2013.11.28 12:51:44.336,0.8265,0.82672,1.65,2.03
2013.11.28 12:51:48.816,0.8265,0.82672,1.65,1.65
2013.11.28 12:51:49.476,0.8265,0.82672,1.65,2.03
2013.11.28 12:51:55.146,0.82651,0.82672,1.58,3.08
2013.11.28 12:51:55.297,0.82651,0.82669,1.50,1.28
2013.11.28 12:51:55.600,0.82647,0.82671,3.38,3.45
2013.11.28 12:51:58.827,0.82651,0.8267,1.65,1.13
2013.11.28 12:52:00.145,0.82652,0.82673,1.50,1.28
2013.11.28 12:52:05.295,0.82652,0.82673,1.65,1.13
2013.11.28 12:52:10.775,0.82654,0.82673,1.65,1.13
2013.11.28 12:52:11.129,0.82657,0.82674,1.50,1.28
2013.11.28 12:52:11.230,0.82661,0.82677,1.50,1.50
2013.11.28 12:52:11.280,0.82659,0.82677,1.13,2.25
2013.11.28 12:52:11.381,0.82661,0.82678,1.50,1.28
2013.11.28 12:52:11.467,0.82661,0.82678,1.50,1.28
2013.11.28 12:52:11.974,0.82658,0.82681,1.65,2.70
2013.11.28 12:52:15.217,0.82658,0.82681,1.65,2.70
2013.11.28 12:52:15.691,0.82658,0.82685,1.65,2.70
2013.11.28 12:52:16.678,0.82658,0.82683,1.65,2.55
2013.11.28 12:52:25.697,0.82658,0.82683,1.65,2.55
2013.11.28 12:52:26.226,0.82658,0.82683,1.65,2.40
2013.11.28 12:52:26.770,0.82658,0.82682,1.65,2.40
2013.11.28 12:52:27.456,0.82658,0.82683,1.65,2.40
2013.11.28 12:52:27.866,0.82665,0.82688,3.00,3.15
2013.11.28 12:52:27.916,0.82665,0.82688,3.08,2.78
2013.11.28 12:52:28.221,0.8267,0.82688,1.65,1.13
2013.11.28 12:52:28.423,0.82673,0.82691,1.50,2.40
2013.11.28 12:52:28.970,0.82673,0.82693,1.50,1.65
2013.11.28 12:52:32.356,0.82673,0.82693,1.50,1.65
2013.11.28 12:52:33.676,0.82673,0.82693,1.50,1.65
2013.11.28 12:52:34.224,0.82673,0.82693,1.50,1.65
2013.11.28 12:52:34.886,0.82673,0.82693,1.50,1.65
2013.11.28 12:52:35.681,0.82673,0.82693,1.50,1.65
2013.11.28 12:52:36.205,0.82673,0.82693,1.50,1.65
2013.11.28 12:52:36.756,0.82671,0.82689,1.65,1.13
2013.11.28 12:52:37.635,0.82671,0.82689,1.65,1.13
2013.11.28 12:52:37.856,0.82671,0.82689,1.65,1.13
2013.11.28 12:52:38.327,0.82669,0.82689,1.65,1.28
2013.11.28 12:52:40.056,0.82666,0.82686,3.83,1.13
2013.11.28 12:52:40.571,0.82666,0.82686,1.65,1.20
2013.11.28 12:52:40.915,0.82669,0.82688,1.58,1.20
2013.11.28 12:53:01.617,0.82667,0.82686,1.65,1.13
2013.11.28 12:53:04.572,0.82668,0.82687,3.08,1.13
2013.11.28 12:53:04.623,0.82669,0.82689,1.65,1.58
2013.11.28 12:53:05.157,0.82671,0.82689,1.58,1.20
2013.11.28 12:53:05.724,0.82671,0.82689,1.58,1.50
2013.11.28 12:53:06.985,0.82671,0.82689,1.65,1.13
2013.11.28 12:53:07.427,0.82671,0.82689,1.65,1.13
2013.11.28 12:53:07.757,0.82671,0.82689,1.65,1.13
2013.11.28 12:53:07.858,0.8267,0.82689,1.58,1.20
2013.11.28 12:53:07.908,0.82668,0.82685,1.28,1.13
2013.11.28 12:53:08.210,0.82669,0.82688,1.65,1.13
2013.11.28 12:53:08.742,0.8267,0.82688,1.65,1.13
2013.11.28 12:53:09.979,0.8267,0.82688,1.65,1.13
2013.11.28 12:53:11.495,0.8267,0.82688,1.65,1.13
2013.11.28 12:53:12.453,0.8267,0.82688,1.65,1.13
2013.11.28 12:53:13.283,0.8267,0.82688,1.65,1.13
2013.11.28 12:53:13.616,0.82669,0.82688,3.08,1.13
2013.11.28 12:53:25.874,0.82671,0.82689,1.65,1.13
2013.11.28 12:53:25.990,0.82671,0.82689,1.65,1.13
2013.11.28 12:53:28.656,0.82669,0.82688,3.08,1.13
2013.11.28 12:53:43.651,0.82667,0.82687,3.83,1.13
2013.11.28 12:53:44.266,0.82667,0.82687,1.65,1.13
2013.11.28 12:53:50.169,0.82668,0.82687,3.08,1.13
2013.11.28 12:54:00.742,0.82668,0.82687,5.25,1.13
2013.11.28 12:54:04.378,0.82666,0.82686,1.28,1.28
2013.11.28 12:54:04.596,0.82661,0.82683,3.83,1.20
2013.11.28 12:54:08.455,0.82661,0.82683,1.65,1.28
2013.11.28 12:54:08.553,0.82658,0.82683,3.45,1.28
2013.11.28 12:54:09.089,0.82657,0.8268,2.03,1.28
2013.11.28 12:54:11.272,0.8266,0.8268,3.08,1.13
2013.11.28 12:54:11.323,0.82662,0.8268,1.65,1.13
2013.11.28 12:54:12.077,0.82662,0.82681,1.65,2.63
2013.11.28 12:54:12.606,0.82662,0.82678,1.65,1.13
2013.11.28 12:54:31.330,0.82662,0.82678,1.50,1.20
2013.11.28 12:54:33.347,0.82662,0.8268,1.58,1.20
2013.11.28 12:54:33.691,0.82661,0.82684,1.95,1.65
2013.11.28 12:54:34.049,0.82662,0.82684,3.45,1.65
2013.11.28 12:54:34.241,0.82662,0.82684,1.28,1.65
2013.11.28 12:54:35.103,0.82666,0.82684,1.88,1.28
2013.11.28 12:54:35.154,0.82666,0.82684,1.88,1.13
2013.11.28 12:54:35.305,0.82666,0.82686,2.03,1.20
2013.11.28 12:54:35.777,0.82666,0.82684,1.88,1.20
2013.11.28 12:54:35.878,0.82666,0.82684,1.88,1.28
2013.11.28 12:54:36.209,0.82666,0.82684,1.95,1.28
2013.11.28 12:54:36.612,0.82667,0.82687,1.50,2.70
2013.11.28 12:54:43.591,0.82667,0.82689,1.58,1.28
2013.11.28 12:54:44.540,0.82667,0.82689,1.58,1.28
2013.11.28 12:54:45.663,0.82667,0.82689,1.58,1.28
2013.11.28 12:54:54.356,0.82667,0.82689,1.65,1.20
2013.11.28 12:54:55.216,0.82668,0.82689,3.08,1.13
2013.11.28 12:55:09.439,0.82669,0.82689,1.65,1.20
2013.11.28 12:55:10.947,0.82671,0.82692,1.58,2.33
2013.11.28 12:55:11.270,0.82675,0.82693,1.50,1.65
2013.11.28 12:55:11.370,0.82675,0.82693,1.50,1.58
2013.11.28 12:55:13.489,0.82675,0.82693,1.65,1.13
2013.11.28 12:55:17.316,0.82678,0.82699,1.58,3.83
2013.11.28 12:55:19.016,0.82678,0.82699,1.65,1.58
2013.11.28 12:55:23.927,0.82678,0.82698,3.15,1.20
2013.11.28 12:55:24.028,0.82678,0.82695,3.15,1.13
2013.11.28 12:55:24.558,0.82676,0.82695,3.15,1.13
2013.11.28 12:55:34.519,0.82678,0.82698,1.65,1.28
2013.11.28 12:55:35.269,0.82677,0.82698,3.15,1.13
2013.11.28 12:55:36.151,0.82678,0.82698,3.15,1.20
2013.11.28 12:55:36.772,0.82677,0.82698,3.15,1.20
2013.11.28 12:55:49.394,0.82678,0.82699,1.20,1.28
2013.11.28 12:55:49.736,0.82682,0.82699,1.13,1.28
2013.11.28 12:55:50.339,0.82682,0.82702,1.58,1.20
2013.11.28 12:55:50.389,0.82682,0.82704,1.58,1.28
2013.11.28 12:55:51.601,0.82682,0.82702,6.00,1.13
2013.11.28 12:56:08.463,0.82682,0.82703,5.25,1.13
2013.11.28 12:56:15.834,0.82683,0.82702,2.40,1.13
2013.11.28 12:56:22.756,0.82684,0.82699,1.65,1.13
2013.11.28 12:56:22.857,0.82684,0.82699,1.50,1.13
2013.11.28 12:56:23.310,0.82682,0.82704,1.58,1.28
2013.11.28 12:56:23.518,0.82682,0.82704,1.65,1.28
2013.11.28 12:56:23.669,0.82681,0.82702,3.08,1.28
2013.11.28 12:56:24.419,0.8268,0.82701,1.28,1.13
2013.11.28 12:56:25.603,0.8268,0.82701,1.28,1.13
2013.11.28 12:56:28.718,0.82679,0.82698,1.28,1.13
2013.11.28 12:56:28.819,0.82679,0.82698,1.28,1.13
2013.11.28 12:56:30.773,0.82679,0.82699,1.28,1.28
2013.11.28 12:56:32.426,0.82679,0.82699,1.13,3.45
2013.11.28 12:56:32.477,0.82679,0.82699,1.13,3.08
2013.11.28 12:56:35.474,0.82676,0.82695,1.58,1.28
2013.11.28 12:56:36.163,0.82676,0.82695,1.58,1.28
2013.11.28 12:56:36.755,0.82676,0.82697,1.58,1.28
2013.11.28 12:56:39.353,0.82676,0.82697,1.65,1.65
2013.11.28 12:56:40.203,0.82676,0.82695,1.50,1.28
2013.11.28 12:56:40.867,0.82676,0.82695,1.50,1.28
2013.11.28 12:56:40.918,0.82672,0.82695,2.03,1.28
2013.11.28 12:56:42.654,0.82672,0.82689,1.88,1.28
2013.11.28 12:56:53.322,0.82672,0.8269,1.50,1.28
2013.11.28 12:56:53.872,0.82671,0.82688,1.58,1.20
2013.11.28 12:56:53.923,0.82668,0.82687,1.28,1.13
2013.11.28 12:56:54.904,0.82663,0.82685,2.40,1.28
2013.11.28 12:56:55.303,0.82663,0.8268,2.40,1.13
2013.11.28 12:56:56.785,0.82665,0.82684,1.50,1.28
2013.11.28 12:57:00.222,0.82661,0.8268,1.65,1.13
2013.11.28 12:57:00.472,0.82661,0.82681,1.65,1.20
2013.11.28 12:57:04.873,0.82661,0.82679,1.65,1.13
2013.11.28 12:57:06.632,0.82661,0.82683,4.20,1.20
2013.11.28 12:57:09.293,0.82661,0.8268,1.65,1.13
2013.11.28 12:57:10.685,0.82663,0.82686,1.28,1.28
2013.11.28 12:57:12.337,0.82666,0.82686,1.28,1.13
2013.11.28 12:57:16.323,0.82669,0.82687,1.13,1.28
2013.11.28 12:57:16.504,0.82668,0.82691,1.28,5.63
2013.11.28 12:57:17.182,0.82669,0.82691,1.28,1.28
2013.11.28 12:57:17.533,0.82669,0.82691,1.28,1.28
2013.11.28 12:57:17.792,0.82669,0.82691,1.28,1.20
2013.11.28 12:57:17.893,0.82671,0.82691,1.58,1.20
2013.11.28 12:57:18.146,0.82671,0.82691,1.65,1.13
2013.11.28 12:57:20.042,0.82669,0.82691,6.38,1.13
2013.11.28 12:57:21.076,0.82669,0.82691,7.50,1.13
2013.11.28 12:57:23.296,0.82669,0.82689,5.63,1.13
2013.11.28 12:57:23.643,0.82669,0.82689,1.28,1.13
2013.11.28 12:57:24.346,0.82671,0.82692,1.58,1.65
2013.11.28 12:57:24.547,0.82671,0.82692,2.03,1.65
2013.11.28 12:57:25.104,0.82671,0.82692,1.28,1.65
2013.11.28 12:57:25.260,0.82671,0.82692,1.65,1.65
2013.11.28 12:57:26.845,0.82671,0.82692,2.03,1.28
2013.11.28 12:57:27.148,0.82671,0.82689,1.95,1.20
2013.11.28 12:57:28.349,0.82669,0.82689,1.28,1.20
2013.11.28 12:57:29.546,0.82671,0.82689,1.58,1.20
2013.11.28 12:57:29.596,0.82671,0.82689,1.58,1.20
2013.11.28 12:57:29.915,0.82668,0.82683,3.08,1.13
2013.11.28 12:57:30.037,0.82667,0.82683,1.65,1.13
2013.11.28 12:57:31.427,0.82668,0.82688,1.58,1.28
2013.11.28 12:57:31.784,0.82669,0.8269,3.08,1.20
2013.11.28 12:57:32.356,0.82666,0.82692,3.53,1.28
2013.11.28 12:57:32.457,0.82668,0.82693,3.08,3.83
2013.11.28 12:57:33.003,0.82669,0.82693,6.00,1.28
2013.11.28 12:57:36.582,0.82673,0.82693,1.28,1.28
2013.11.28 12:57:37.224,0.82671,0.82694,1.65,1.65
2013.11.28 12:57:41.685,0.82669,0.82693,5.63,1.65
2013.11.28 12:57:42.239,0.82669,0.82686,1.20,1.13
2013.11.28 12:57:48.591,0.82667,0.82686,1.65,1.13
2013.11.28 12:58:00.531,0.82667,0.82684,1.65,1.13
2013.11.28 12:58:01.135,0.82667,0.82686,1.50,1.20
2013.11.28 12:58:01.717,0.82667,0.82683,1.50,1.13
2013.11.28 12:58:04.833,0.82665,0.82683,1.28,1.13
2013.11.28 12:58:07.790,0.82665,0.82685,1.28,1.13
2013.11.28 12:58:08.066,0.82665,0.82685,3.45,1.13
2013.11.28 12:58:08.368,0.82665,0.82683,1.28,1.13
2013.11.28 12:58:14.221,0.82664,0.82684,1.28,1.28
2013.11.28 12:58:14.523,0.82664,0.82685,2.78,1.13
2013.11.28 12:58:15.060,0.82664,0.82683,2.78,1.13
2013.11.28 12:58:15.212,0.82664,0.82683,2.78,1.13
2013.11.28 12:58:15.414,0.82664,0.82683,2.78,1.13
2013.11.28 12:58:15.666,0.82663,0.82679,2.40,1.13
2013.11.28 12:58:15.969,0.82659,0.82678,3.08,1.13
2013.11.28 12:58:16.603,0.82657,0.82678,5.70,1.13
2013.11.28 12:58:17.922,0.82657,0.82678,5.70,1.13
2013.11.28 12:58:18.174,0.82659,0.82681,3.08,1.28
2013.11.28 12:58:18.790,0.82659,0.82681,3.08,1.20
2013.11.28 12:58:19.904,0.82659,0.82678,3.08,1.13
2013.11.28 12:58:22.295,0.82658,0.82677,2.40,1.13
2013.11.28 12:58:22.346,0.82658,0.82674,2.40,1.13
2013.11.28 12:58:23.653,0.82657,0.82679,1.28,1.28
2013.11.28 12:58:25.522,0.82657,0.82679,1.28,1.28
2013.11.28 12:58:31.972,0.82656,0.82678,1.95,2.70
2013.11.28 12:58:32.129,0.82656,0.82674,1.13,1.28
2013.11.28 12:58:32.430,0.82656,0.82674,1.13,1.28
2013.11.28 12:58:33.114,0.82656,0.82678,1.88,4.88
2013.11.28 12:58:33.715,0.82656,0.82679,2.03,3.45
2013.11.28 12:58:34.300,0.82656,0.82679,2.03,3.45
2013.11.28 12:58:36.407,0.82656,0.82679,2.03,1.28
2013.11.28 12:58:36.637,0.82658,0.82679,3.08,1.20
2013.11.28 12:58:36.962,0.82658,0.82679,3.08,1.13
2013.11.28 12:58:37.516,0.82658,0.82679,3.08,1.20
2013.11.28 12:58:37.821,0.82658,0.82681,5.25,1.13
2013.11.28 12:58:38.818,0.82663,0.8268,1.28,1.13
2013.11.28 12:58:40.062,0.82663,0.82681,1.28,1.13
2013.11.28 12:58:40.882,0.82663,0.82684,1.28,1.28
2013.11.28 12:58:41.651,0.82663,0.82682,1.28,1.13
2013.11.28 12:58:45.876,0.82663,0.82682,1.28,1.13
2013.11.28 12:58:50.152,0.82663,0.8268,1.28,1.13
2013.11.28 12:58:52.807,0.82663,0.82683,1.28,1.20
2013.11.28 12:58:55.826,0.82662,0.82683,1.65,1.20
2013.11.28 12:58:55.977,0.82662,0.82683,1.65,1.28
2013.11.28 12:58:56.483,0.82661,0.82679,1.28,1.13
2013.11.28 12:58:59.826,0.82661,0.82684,4.20,1.20
2013.11.28 12:58:59.931,0.82661,0.82684,4.20,1.20
2013.11.28 12:59:00.121,0.82661,0.82684,4.20,1.20
2013.11.28 12:59:00.423,0.82661,0.82686,3.45,1.65
2013.11.28 12:59:00.575,0.82661,0.82688,5.70,3.08
2013.11.28 12:59:01.111,0.82666,0.82689,1.28,1.28
2013.11.28 12:59:01.659,0.82666,0.82689,1.28,1.28
2013.11.28 12:59:02.376,0.82666,0.82689,1.28,1.28
2013.11.28 12:59:05.681,0.82666,0.82692,1.28,2.70
2013.11.28 12:59:06.295,0.82666,0.82692,1.28,2.70
2013.11.28 12:59:06.621,0.82676,0.82694,1.13,2.70
2013.11.28 12:59:06.722,0.82676,0.82696,1.13,3.83
2013.11.28 12:59:06.824,0.82676,0.82697,1.20,1.65
2013.11.28 12:59:06.874,0.82676,0.82697,1.20,1.65
2013.11.28 12:59:07.025,0.82676,0.82697,1.28,1.95
2013.11.28 12:59:07.076,0.82676,0.82697,1.28,1.95
2013.11.28 12:59:07.127,0.82676,0.82697,1.28,1.95
2013.11.28 12:59:07.429,0.82676,0.82694,1.28,1.13
2013.11.28 12:59:07.973,0.82676,0.82693,1.13,1.20
2013.11.28 12:59:08.525,0.82676,0.82693,1.13,1.28
2013.11.28 12:59:09.460,0.82676,0.82693,1.13,1.28
2013.11.28 12:59:09.612,0.82676,0.82696,1.13,2.70
2013.11.28 12:59:09.763,0.82676,0.82698,1.13,1.28
2013.11.28 12:59:10.689,0.82676,0.82697,1.13,2.70
2013.11.28 12:59:12.360,0.82671,0.82692,2.40,1.13
2013.11.28 12:59:12.996,0.82668,0.82692,1.65,3.83
2013.11.28 12:59:15.273,0.82666,0.82692,4.58,1.65
2013.11.28 12:59:15.575,0.8267,0.82693,3.08,1.28
2013.11.28 12:59:16.133,0.8267,0.82693,5.25,1.13
2013.11.28 12:59:17.622,0.82671,0.82692,1.65,1.13
2013.11.28 12:59:17.723,0.8267,0.82693,5.25,1.13
2013.11.28 12:59:17.875,0.82674,0.82693,3.08,1.13
2013.11.28 12:59:18.568,0.82672,0.82693,5.25,1.13
2013.11.28 12:59:27.472,0.8267,0.82695,4.95,1.20
2013.11.28 12:59:27.994,0.8267,0.82695,4.95,1.28
2013.11.28 12:59:28.629,0.8267,0.82695,4.95,1.28
2013.11.28 12:59:34.605,0.8267,0.82695,3.45,1.20
2013.11.28 12:59:35.627,0.8267,0.82695,4.95,1.20
2013.11.28 12:59:36.028,0.82673,0.82695,3.08,1.28
2013.11.28 12:59:37.311,0.82674,0.82699,3.08,1.65
2013.11.28 12:59:37.362,0.82675,0.82699,3.45,1.20
2013.11.28 12:59:37.731,0.82675,0.82699,3.45,1.20
2013.11.28 12:59:38.257,0.82675,0.82699,3.45,1.20
2013.11.28 12:59:41.861,0.82675,0.82699,5.70,1.20
2013.11.28 12:59:42.207,0.82675,0.82699,1.28,1.28
2013.11.28 12:59:42.759,0.82678,0.82699,5.25,1.13
2013.11.28 12:59:42.810,0.82678,0.82703,5.25,2.40
2013.11.28 12:59:42.910,0.82678,0.827,5.25,1.13
2013.11.28 12:59:43.239,0.82679,0.82699,1.65,1.13
2013.11.28 12:59:43.340,0.82679,0.82699,1.58,1.28
2013.11.28 12:59:44.325,0.82675,0.82699,1.28,1.28
2013.11.28 12:59:44.527,0.82676,0.827,3.08,1.28
2013.11.28 12:59:44.628,0.82678,0.82703,3.08,1.65
2013.11.28 12:59:45.174,0.82678,0.82703,3.08,3.83
2013.11.28 12:59:45.734,0.82675,0.82701,3.45,2.70
2013.11.28 12:59:46.469,0.82677,0.82703,3.08,1.28
2013.11.28 12:59:46.721,0.82675,0.82703,3.45,3.45
2013.11.28 12:59:47.225,0.82681,0.82703,1.11,3.08
2013.11.28 12:59:47.275,0.82681,0.82706,1.26,3.44
2013.11.28 12:59:47.477,0.82681,0.82702,1.19,2.25
2013.11.28 12:59:48.464,0.82677,0.82702,3.08,2.69
2013.11.28 12:59:50.428,0.82676,0.827,3.08,2.33
2013.11.28 12:59:50.764,0.82675,0.82698,1.11,4.50
2013.11.28 12:59:54.146,0.82672,0.82699,3.08,2.33
2013.11.28 12:59:58.776,0.82672,0.82699,3.08,3.08
2013.11.28 12:59:58.936,0.82675,0.82702,2.33,4.17
2013.11.28 12:59:59.489,0.8267,0.82699,4.50,5.25
2013.11.28 12:59:59.695,0.82673,0.827,2.33,3.08
