2013.11.26 13:00:00.009,0.82864,0.82884,3.08,2.25
2013.11.26 13:00:00.312,0.82866,0.82885,1.50,1.28
2013.11.26 13:00:00.413,0.82866,0.82884,1.50,1.20
2013.11.26 13:00:01.106,0.82865,0.82884,1.58,1.20
2013.11.26 13:00:01.811,0.82865,0.82884,1.58,1.28
2013.11.26 13:00:01.862,0.82865,0.82884,1.50,3.83
2013.11.26 13:00:02.170,0.8286,0.82879,3.83,1.13
2013.11.26 13:00:02.271,0.8286,0.82882,1.65,1.28
2013.11.26 13:00:02.371,0.8286,0.82882,1.65,1.95
2013.11.26 13:00:04.696,0.82859,0.82879,1.65,1.50
2013.11.26 13:00:05.049,0.82856,0.82877,1.58,3.08
2013.11.26 13:00:05.277,0.82856,0.82876,1.58,1.28
2013.11.26 13:00:06.060,0.82856,0.82877,1.65,3.08
2013.11.26 13:00:06.111,0.82855,0.82877,1.65,1.65
2013.11.26 13:00:06.362,0.82855,0.82875,1.65,1.13
2013.11.26 13:00:06.953,0.82857,0.82877,1.50,1.65
2013.11.26 13:00:07.754,0.82856,0.82876,1.50,1.65
2013.11.26 13:00:07.905,0.82853,0.82874,1.65,1.58
2013.11.26 13:00:08.358,0.82855,0.82877,1.58,3.15
2013.11.26 13:00:08.509,0.82858,0.82878,1.65,2.78
2013.11.26 13:00:08.790,0.82856,0.82876,1.65,1.28
2013.11.26 13:00:09.298,0.82856,0.82875,1.65,1.58
2013.11.26 13:00:09.550,0.82856,0.82876,1.65,1.28
2013.11.26 13:00:09.989,0.82856,0.82876,1.65,2.03
2013.11.26 13:00:11.127,0.82856,0.82876,1.50,2.03
2013.11.26 13:00:14.338,0.82856,0.82876,1.50,4.20
2013.11.26 13:00:17.620,0.82856,0.82875,1.50,2.33
2013.11.26 13:00:17.771,0.82854,0.82876,2.03,3.90
2013.11.26 13:00:17.871,0.82854,0.82875,1.88,3.08
2013.11.26 13:00:18.372,0.82854,0.82874,1.13,1.65
2013.11.26 13:00:23.624,0.82853,0.82873,1.13,3.15
2013.11.26 13:00:24.178,0.82853,0.82873,1.13,3.15
2013.11.26 13:00:27.430,0.82854,0.82874,1.58,1.65
2013.11.26 13:00:27.682,0.82855,0.82873,1.13,1.20
2013.11.26 13:00:28.090,0.82855,0.82874,1.13,1.28
2013.11.26 13:00:30.018,0.82856,0.82878,1.20,3.15
2013.11.26 13:00:30.329,0.82857,0.82879,1.88,3.83
2013.11.26 13:00:30.430,0.82862,0.82881,1.50,3.83
2013.11.26 13:00:30.531,0.82862,0.82882,1.88,1.65
2013.11.26 13:00:31.068,0.82866,0.82885,1.50,3.08
2013.11.26 13:00:31.581,0.82865,0.82883,1.13,1.65
2013.11.26 13:00:32.145,0.82865,0.82885,1.88,2.70
2013.11.26 13:00:33.009,0.82865,0.82884,1.50,3.08
2013.11.26 13:00:33.060,0.82861,0.8288,1.20,1.65
2013.11.26 13:00:33.412,0.82861,0.82882,1.50,3.08
2013.11.26 13:00:33.614,0.82858,0.82878,1.65,1.58
2013.11.26 13:00:34.067,0.82862,0.82882,1.50,1.65
2013.11.26 13:00:34.369,0.82866,0.82883,1.50,1.65
2013.11.26 13:00:34.470,0.82866,0.82883,1.50,1.65
2013.11.26 13:00:35.430,0.82866,0.82883,1.50,1.65
2013.11.26 13:00:37.189,0.82866,0.82882,1.50,2.70
2013.11.26 13:00:38.447,0.8286,0.82882,1.58,3.83
2013.11.26 13:00:38.548,0.8286,0.82878,1.58,1.28
2013.11.26 13:00:39.189,0.8286,0.82878,1.50,1.28
2013.11.26 13:00:39.355,0.82856,0.82874,3.08,1.50
2013.11.26 13:00:39.456,0.82855,0.82873,1.50,5.25
2013.11.26 13:00:40.232,0.82851,0.82871,1.88,3.45
2013.11.26 13:00:40.449,0.82851,0.82869,1.50,2.78
2013.11.26 13:00:40.751,0.82849,0.82868,1.50,3.08
2013.11.26 13:00:41.169,0.82849,0.82866,1.50,2.70
2013.11.26 13:00:42.513,0.82849,0.82868,1.50,3.08
2013.11.26 13:00:42.614,0.82847,0.82865,1.13,1.28
2013.11.26 13:00:42.664,0.82847,0.82863,1.13,1.28
2013.11.26 13:00:44.191,0.82847,0.82865,1.50,2.40
2013.11.26 13:00:45.443,0.82848,0.82865,1.50,2.03
2013.11.26 13:00:49.158,0.8285,0.82867,1.50,5.25
2013.11.26 13:00:49.410,0.82851,0.82869,1.50,3.15
2013.11.26 13:00:51.897,0.82851,0.82869,1.50,1.65
2013.11.26 13:00:52.452,0.82846,0.82864,1.50,1.28
2013.11.26 13:00:52.603,0.82846,0.82864,1.50,1.28
2013.11.26 13:00:53.382,0.82846,0.82864,1.50,1.28
2013.11.26 13:00:55.031,0.82846,0.82862,1.50,2.70
2013.11.26 13:00:55.132,0.82844,0.82862,1.50,3.30
2013.11.26 13:00:55.284,0.82844,0.8286,1.50,2.70
2013.11.26 13:00:55.334,0.82838,0.82858,1.58,2.40
2013.11.26 13:00:55.486,0.82838,0.82857,1.50,2.70
2013.11.26 13:00:56.017,0.82838,0.82856,1.50,4.88
2013.11.26 13:00:56.268,0.8284,0.82858,1.50,1.28
2013.11.26 13:00:57.775,0.8284,0.82857,1.50,2.03
2013.11.26 13:00:58.279,0.82839,0.82859,1.50,5.33
2013.11.26 13:00:58.434,0.82839,0.82859,1.50,6.08
2013.11.26 13:00:59.748,0.82839,0.82856,1.50,2.70
2013.11.26 13:01:00.229,0.82837,0.82853,1.50,1.28
2013.11.26 13:01:00.849,0.82839,0.82856,1.50,2.33
2013.11.26 13:01:02.830,0.82839,0.82856,1.50,2.33
2013.11.26 13:01:02.982,0.82842,0.82858,1.50,2.33
2013.11.26 13:01:03.619,0.82842,0.82859,1.50,4.88
2013.11.26 13:01:09.657,0.82846,0.82859,1.50,2.33
2013.11.26 13:01:09.758,0.82846,0.82862,1.50,1.65
2013.11.26 13:01:09.859,0.82846,0.82864,1.50,2.03
2013.11.26 13:01:10.061,0.82846,0.82865,1.50,1.28
2013.11.26 13:01:11.349,0.82846,0.82865,1.50,1.28
2013.11.26 13:01:12.027,0.82844,0.82863,1.13,1.28
2013.11.26 13:01:12.178,0.82841,0.82858,1.20,1.13
2013.11.26 13:01:12.380,0.82842,0.82858,1.50,1.88
2013.11.26 13:01:24.156,0.82846,0.82863,1.50,2.03
2013.11.26 13:01:26.666,0.82847,0.82863,1.50,1.28
2013.11.26 13:01:27.551,0.82846,0.82865,1.50,2.40
2013.11.26 13:01:28.160,0.82845,0.82864,1.50,3.08
2013.11.26 13:01:28.476,0.82845,0.82862,1.50,4.20
2013.11.26 13:01:28.577,0.82842,0.82861,1.50,1.28
2013.11.26 13:01:28.835,0.82842,0.82858,1.50,1.13
2013.11.26 13:01:28.885,0.82837,0.82853,1.20,1.13
2013.11.26 13:01:29.238,0.82837,0.82853,1.13,1.20
2013.11.26 13:01:31.826,0.82837,0.82853,1.50,1.88
2013.11.26 13:01:31.876,0.82838,0.82855,1.50,4.20
2013.11.26 13:01:32.082,0.82832,0.82852,1.65,1.13
2013.11.26 13:01:32.182,0.82837,0.8285,1.50,4.50
2013.11.26 13:01:32.435,0.82833,0.82852,1.13,4.58
2013.11.26 13:01:32.536,0.82833,0.8285,1.13,2.33
2013.11.26 13:01:32.637,0.82832,0.82851,1.88,2.40
2013.11.26 13:01:32.737,0.82834,0.8285,1.50,2.33
2013.11.26 13:01:33.040,0.82834,0.82853,1.88,2.78
2013.11.26 13:01:33.424,0.82836,0.82854,1.50,1.28
2013.11.26 13:01:33.818,0.82834,0.82855,1.50,3.15
2013.11.26 13:01:38.400,0.82835,0.82855,1.13,2.78
2013.11.26 13:01:39.355,0.82835,0.82854,1.88,1.28
2013.11.26 13:01:39.406,0.82835,0.82853,1.88,1.28
2013.11.26 13:01:39.607,0.82834,0.82853,1.20,1.28
2013.11.26 13:01:39.758,0.82837,0.82855,1.13,1.28
2013.11.26 13:01:41.047,0.82836,0.82854,1.13,1.20
2013.11.26 13:01:41.098,0.82833,0.82853,1.28,1.50
2013.11.26 13:01:41.411,0.82834,0.82853,1.50,1.65
2013.11.26 13:01:41.718,0.82835,0.82855,1.20,1.28
2013.11.26 13:01:42.136,0.82837,0.82853,1.13,1.13
2013.11.26 13:01:42.905,0.82837,0.82854,1.13,1.20
2013.11.26 13:01:44.349,0.82835,0.82857,1.20,3.15
2013.11.26 13:01:45.622,0.82842,0.82857,1.50,1.65
2013.11.26 13:01:45.923,0.82844,0.82864,1.50,1.65
2013.11.26 13:01:46.359,0.82839,0.82859,2.03,1.88
2013.11.26 13:01:46.871,0.8284,0.82859,1.20,1.95
2013.11.26 13:01:47.022,0.82839,0.82859,1.50,2.03
2013.11.26 13:01:47.548,0.82839,0.82859,1.58,2.03
2013.11.26 13:01:47.878,0.82839,0.82859,1.58,2.03
2013.11.26 13:01:48.869,0.82839,0.82858,1.58,1.20
2013.11.26 13:01:49.876,0.82839,0.82859,1.58,1.28
2013.11.26 13:01:50.519,0.82841,0.82858,1.13,1.20
2013.11.26 13:01:56.066,0.82837,0.82853,1.20,1.13
2013.11.26 13:01:56.117,0.82836,0.82849,2.70,1.13
2013.11.26 13:01:56.268,0.82834,0.82849,1.88,1.13
2013.11.26 13:01:56.654,0.82835,0.82854,1.58,1.58
2013.11.26 13:01:57.546,0.82835,0.82853,1.65,1.13
2013.11.26 13:01:57.597,0.82835,0.82856,1.65,1.58
2013.11.26 13:01:59.955,0.82836,0.82856,1.65,1.58
2013.11.26 13:02:00.751,0.82836,0.82856,1.65,1.58
2013.11.26 13:02:05.074,0.82839,0.82859,1.58,1.65
2013.11.26 13:02:05.225,0.82838,0.82857,1.13,1.20
2013.11.26 13:02:05.276,0.82838,0.82857,1.13,1.20
2013.11.26 13:02:05.587,0.82842,0.82861,1.50,3.83
2013.11.26 13:02:05.979,0.82843,0.82863,1.58,1.65
2013.11.26 13:02:08.254,0.82841,0.82862,1.65,1.65
2013.11.26 13:02:08.409,0.82839,0.82861,1.58,1.65
2013.11.26 13:02:08.460,0.82839,0.82859,1.58,1.58
2013.11.26 13:02:08.562,0.82839,0.82859,1.95,1.20
2013.11.26 13:02:09.501,0.82839,0.82861,1.88,5.33
2013.11.26 13:02:09.651,0.82839,0.8286,2.03,2.40
2013.11.26 13:02:12.245,0.82838,0.8286,1.58,2.78
2013.11.26 13:02:12.397,0.82838,0.82859,1.88,5.33
2013.11.26 13:02:13.110,0.82838,0.82859,1.65,1.65
2013.11.26 13:02:25.565,0.82838,0.82858,1.58,3.45
2013.11.26 13:02:28.367,0.82837,0.82855,1.50,1.28
2013.11.26 13:02:28.890,0.82837,0.82855,1.50,1.28
2013.11.26 13:02:30.566,0.82837,0.82857,1.50,3.53
2013.11.26 13:02:31.539,0.82837,0.82857,1.50,2.78
2013.11.26 13:02:31.634,0.82836,0.82857,1.58,3.53
2013.11.26 13:02:32.126,0.82836,0.82854,1.50,1.28
2013.11.26 13:02:32.437,0.82837,0.82855,1.50,2.03
2013.11.26 13:02:34.195,0.82837,0.82857,1.50,4.95
2013.11.26 13:02:36.962,0.82836,0.82858,1.65,2.03
2013.11.26 13:02:37.324,0.82836,0.82857,1.50,4.20
2013.11.26 13:02:37.871,0.82836,0.82856,1.50,4.20
2013.11.26 13:02:40.364,0.82836,0.82857,1.58,4.20
2013.11.26 13:02:40.465,0.82841,0.82857,1.50,2.03
2013.11.26 13:02:42.095,0.82836,0.82856,1.58,1.20
2013.11.26 13:02:42.145,0.82836,0.82856,1.58,1.95
2013.11.26 13:02:42.196,0.82836,0.82856,1.50,3.45
2013.11.26 13:02:42.981,0.82837,0.82858,1.50,4.95
2013.11.26 13:02:43.082,0.82837,0.82858,1.58,1.28
2013.11.26 13:02:43.669,0.82836,0.82857,1.65,1.28
2013.11.26 13:02:44.248,0.82836,0.82856,1.65,1.13
2013.11.26 13:02:44.856,0.82836,0.82856,1.58,1.28
2013.11.26 13:02:45.374,0.82835,0.82855,1.50,2.78
2013.11.26 13:02:49.312,0.82835,0.82856,1.50,2.03
2013.11.26 13:02:49.653,0.82835,0.82854,1.50,1.28
2013.11.26 13:02:49.879,0.82835,0.82855,1.50,2.03
2013.11.26 13:02:50.081,0.82835,0.82855,1.65,1.88
2013.11.26 13:02:50.181,0.82835,0.82855,1.58,2.03
2013.11.26 13:02:50.625,0.82836,0.82856,1.58,1.28
2013.11.26 13:02:50.887,0.82836,0.82856,1.58,1.95
2013.11.26 13:02:50.988,0.82836,0.82857,1.58,1.28
2013.11.26 13:02:51.464,0.82836,0.82856,1.58,1.58
2013.11.26 13:02:51.515,0.82832,0.82848,3.00,1.95
2013.11.26 13:02:51.767,0.82833,0.82853,1.65,1.28
2013.11.26 13:03:03.597,0.82834,0.82855,1.58,3.83
2013.11.26 13:03:03.852,0.82838,0.82857,1.50,2.70
2013.11.26 13:03:03.953,0.82838,0.82858,1.58,1.28
2013.11.26 13:03:11.000,0.82841,0.82859,1.50,1.20
2013.11.26 13:03:11.050,0.82841,0.82859,1.58,1.20
2013.11.26 13:03:11.627,0.8284,0.82862,1.28,1.58
2013.11.26 13:03:12.987,0.82843,0.82862,1.50,1.65
2013.11.26 13:03:13.964,0.82844,0.82863,1.65,2.33
2013.11.26 13:03:14.466,0.82844,0.82863,1.65,2.33
2013.11.26 13:03:14.840,0.82842,0.82859,2.33,1.88
2013.11.26 13:03:14.940,0.8284,0.82859,2.33,1.95
2013.11.26 13:03:17.366,0.82841,0.82859,1.65,1.50
2013.11.26 13:03:20.173,0.82843,0.82862,1.50,1.65
2013.11.26 13:03:20.223,0.82843,0.82862,1.50,1.65
2013.11.26 13:03:21.822,0.82843,0.82862,1.65,1.13
2013.11.26 13:03:22.595,0.82843,0.82862,1.28,1.88
2013.11.26 13:03:22.746,0.82843,0.82862,1.88,1.28
2013.11.26 13:03:22.947,0.82841,0.82861,1.28,1.65
2013.11.26 13:03:23.048,0.82841,0.82862,1.28,1.28
2013.11.26 13:03:23.199,0.82842,0.82862,1.95,2.03
2013.11.26 13:03:23.843,0.82843,0.82863,1.20,1.28
2013.11.26 13:03:30.601,0.82844,0.82862,1.13,1.28
2013.11.26 13:03:44.893,0.82841,0.82863,1.28,1.88
2013.11.26 13:03:50.479,0.82844,0.82864,1.50,5.63
2013.11.26 13:03:50.530,0.82844,0.82865,1.50,2.40
2013.11.26 13:03:54.005,0.82845,0.82865,1.28,2.40
2013.11.26 13:03:55.531,0.82845,0.82864,1.28,1.58
2013.11.26 13:03:55.983,0.82845,0.82864,2.03,1.50
2013.11.26 13:03:56.316,0.82845,0.8286,1.28,1.35
2013.11.26 13:03:56.417,0.82841,0.82857,1.13,1.13
2013.11.26 13:03:56.468,0.82841,0.82857,1.20,1.13
2013.11.26 13:03:56.619,0.82842,0.82861,1.88,2.40
2013.11.26 13:03:56.720,0.82842,0.82863,1.50,1.88
2013.11.26 13:03:57.076,0.82844,0.82864,1.50,1.28
2013.11.26 13:03:57.201,0.82844,0.82864,1.50,1.28
2013.11.26 13:03:59.142,0.82845,0.82865,1.50,1.13
2013.11.26 13:03:59.675,0.82848,0.82868,1.50,2.78
2013.11.26 13:03:59.846,0.82851,0.82868,1.50,2.40
2013.11.26 13:04:02.050,0.82851,0.82871,1.50,2.03
2013.11.26 13:04:02.592,0.82852,0.82872,1.58,2.03
2013.11.26 13:04:03.619,0.8285,0.8287,1.58,1.65
2013.11.26 13:04:12.531,0.82852,0.82872,1.65,1.50
2013.11.26 13:04:14.321,0.82853,0.82872,1.58,1.88
2013.11.26 13:04:16.237,0.82851,0.8287,1.20,1.58
2013.11.26 13:04:20.373,0.82852,0.8287,1.20,1.58
2013.11.26 13:04:37.568,0.82853,0.82873,1.28,1.88
2013.11.26 13:04:37.668,0.82857,0.82874,1.50,1.20
2013.11.26 13:04:38.171,0.82856,0.82874,1.50,1.28
2013.11.26 13:04:38.867,0.82855,0.82874,2.03,1.28
2013.11.26 13:04:39.069,0.82855,0.82874,1.88,3.45
2013.11.26 13:04:40.909,0.82857,0.82874,1.50,4.95
2013.11.26 13:04:42.413,0.82855,0.82873,1.50,1.28
2013.11.26 13:04:49.250,0.82855,0.82873,1.50,3.45
2013.11.26 13:04:54.141,0.82853,0.82871,1.13,2.40
2013.11.26 13:04:57.265,0.82851,0.82871,1.88,3.45
2013.11.26 13:04:57.572,0.82848,0.82866,1.13,4.58
2013.11.26 13:04:58.633,0.82847,0.82864,1.13,2.25
2013.11.26 13:05:02.817,0.82849,0.82869,1.88,4.13
2013.11.26 13:05:04.704,0.82849,0.82866,1.13,1.20
2013.11.26 13:05:07.214,0.82849,0.82868,1.88,2.03
2013.11.26 13:05:07.426,0.82847,0.82866,1.50,2.70
2013.11.26 13:05:07.477,0.82847,0.82865,1.50,1.28
2013.11.26 13:05:07.991,0.82847,0.82863,1.50,1.28
2013.11.26 13:05:09.927,0.82847,0.82864,1.50,1.28
2013.11.26 13:05:10.517,0.82847,0.82865,1.50,1.65
2013.11.26 13:05:15.809,0.82847,0.82865,1.50,1.28
2013.11.26 13:05:19.562,0.82847,0.82865,1.50,1.28
2013.11.26 13:05:19.809,0.82847,0.82863,1.50,3.08
2013.11.26 13:05:20.713,0.82847,0.82863,1.50,3.08
2013.11.26 13:05:23.490,0.82843,0.82861,1.50,2.33
2013.11.26 13:05:28.487,0.82841,0.82861,1.88,3.08
2013.11.26 13:05:28.995,0.82841,0.82862,1.95,2.78
2013.11.26 13:05:31.644,0.82841,0.82859,1.88,5.25
2013.11.26 13:05:31.994,0.82841,0.8286,1.88,6.00
2013.11.26 13:05:32.223,0.82841,0.8286,1.88,6.75
2013.11.26 13:05:35.773,0.82841,0.82854,1.13,1.13
2013.11.26 13:05:36.076,0.82836,0.82852,1.50,2.70
2013.11.26 13:05:36.825,0.82836,0.82853,1.50,1.28
2013.11.26 13:05:37.534,0.82836,0.82852,1.50,2.33
2013.11.26 13:05:38.037,0.8283,0.82851,2.33,3.08
2013.11.26 13:05:40.357,0.8283,0.82852,1.95,1.28
2013.11.26 13:05:40.863,0.82832,0.82852,1.88,1.28
2013.11.26 13:05:41.548,0.82832,0.82854,1.88,3.45
2013.11.26 13:05:45.740,0.82835,0.82855,1.13,5.25
2013.11.26 13:05:54.918,0.82834,0.82854,1.65,1.28
2013.11.26 13:06:00.166,0.82835,0.82855,1.13,3.45
2013.11.26 13:06:02.242,0.82834,0.82856,1.95,4.95
2013.11.26 13:06:02.597,0.82834,0.82854,1.88,3.08
2013.11.26 13:06:08.196,0.82834,0.82854,1.95,1.28
2013.11.26 13:06:22.860,0.82838,0.82856,1.13,3.08
2013.11.26 13:06:22.961,0.82838,0.82857,1.13,1.28
2013.11.26 13:06:27.185,0.82837,0.82858,1.20,1.65
2013.11.26 13:06:27.236,0.82837,0.82858,1.20,1.65
2013.11.26 13:06:27.487,0.82839,0.82859,1.13,3.83
2013.11.26 13:06:31.373,0.82838,0.82859,1.13,3.08
2013.11.26 13:06:38.411,0.82838,0.82858,1.13,1.65
2013.11.26 13:06:39.731,0.8284,0.82859,1.13,3.08
2013.11.26 13:06:40.292,0.82841,0.82861,1.13,2.78
2013.11.26 13:06:40.597,0.82842,0.82862,1.13,3.08
2013.11.26 13:06:41.102,0.82845,0.82863,1.13,3.45
2013.11.26 13:06:41.354,0.82843,0.82863,1.28,1.28
2013.11.26 13:06:42.330,0.82844,0.82863,1.13,1.28
2013.11.26 13:06:49.412,0.82845,0.82864,1.13,1.28
2013.11.26 13:06:52.341,0.82845,0.82863,1.13,1.28
2013.11.26 13:06:57.223,0.82846,0.82863,1.13,1.13
2013.11.26 13:07:03.602,0.82848,0.82866,1.13,1.20
2013.11.26 13:07:03.904,0.82849,0.82869,1.13,1.28
2013.11.26 13:07:03.955,0.82849,0.82869,1.13,2.03
2013.11.26 13:07:04.257,0.82848,0.82868,1.13,2.78
2013.11.26 13:07:10.390,0.82847,0.82867,1.13,1.20
2013.11.26 13:07:10.939,0.82847,0.82867,1.13,1.28
2013.11.26 13:07:11.090,0.82847,0.82868,1.13,4.58
2013.11.26 13:07:11.891,0.82846,0.82863,1.13,1.50
2013.11.26 13:07:14.550,0.82845,0.82867,1.13,2.78
2013.11.26 13:07:14.601,0.82845,0.82867,1.13,2.78
2013.11.26 13:07:15.358,0.82847,0.82868,1.13,4.58
2013.11.26 13:07:15.536,0.82847,0.82868,1.13,3.08
2013.11.26 13:07:15.981,0.82847,0.82868,1.13,5.33
2013.11.26 13:07:18.401,0.82847,0.82868,1.13,5.33
2013.11.26 13:07:18.502,0.82847,0.82868,1.20,1.65
2013.11.26 13:07:19.005,0.8285,0.82867,1.20,1.20
2013.11.26 13:07:21.581,0.82851,0.82867,1.13,1.20
2013.11.26 13:07:22.208,0.82851,0.8287,1.28,1.13
2013.11.26 13:07:23.277,0.82851,0.82872,1.28,1.28
2013.11.26 13:07:35.369,0.82856,0.82872,1.13,1.28
2013.11.26 13:07:37.409,0.82855,0.82873,1.13,1.28
2013.11.26 13:07:38.465,0.82856,0.82873,1.13,1.28
2013.11.26 13:07:38.969,0.82855,0.82875,1.88,4.88
2013.11.26 13:07:39.509,0.82855,0.82876,1.58,1.28
2013.11.26 13:07:40.839,0.82857,0.82876,1.20,1.20
2013.11.26 13:07:40.890,0.82859,0.82879,1.50,1.28
2013.11.26 13:07:40.992,0.82859,0.82881,3.15,1.28
2013.11.26 13:07:43.975,0.8286,0.82881,2.40,1.65
2013.11.26 13:07:44.339,0.8286,0.82881,2.40,1.65
2013.11.26 13:07:44.642,0.82865,0.82886,1.28,1.28
2013.11.26 13:07:45.916,0.82865,0.82883,1.28,1.50
2013.11.26 13:07:46.134,0.82863,0.82883,5.63,1.50
2013.11.26 13:07:46.667,0.82866,0.82883,1.28,1.50
2013.11.26 13:07:49.055,0.82865,0.82883,1.20,1.50
2013.11.26 13:07:49.156,0.82865,0.82883,1.20,1.50
2013.11.26 13:07:49.730,0.82861,0.82882,1.65,1.28
2013.11.26 13:07:50.619,0.82861,0.82882,1.58,1.28
2013.11.26 13:07:50.871,0.82861,0.82881,1.50,3.45
2013.11.26 13:07:51.766,0.82859,0.8288,1.28,1.28
2013.11.26 13:07:53.888,0.8286,0.82881,1.20,2.40
2013.11.26 13:07:54.339,0.82859,0.82881,1.13,3.08
2013.11.26 13:07:55.011,0.82859,0.82879,1.13,3.15
2013.11.26 13:08:00.604,0.82859,0.82878,1.13,4.58
2013.11.26 13:08:22.357,0.82859,0.82878,1.13,1.28
2013.11.26 13:08:22.900,0.8286,0.82878,1.13,2.03
2013.11.26 13:08:23.626,0.82857,0.82877,1.13,3.45
2013.11.26 13:08:26.452,0.82857,0.82874,1.13,2.33
2013.11.26 13:08:26.603,0.82859,0.82876,1.13,1.20
2013.11.26 13:08:26.805,0.82859,0.82876,1.28,1.13
2013.11.26 13:08:27.290,0.82858,0.82877,1.28,1.13
2013.11.26 13:08:27.441,0.82858,0.82876,1.20,1.13
2013.11.26 13:08:27.492,0.82858,0.82876,1.20,1.13
2013.11.26 13:08:28.068,0.82858,0.82876,1.20,1.13
2013.11.26 13:08:28.600,0.82858,0.82876,1.20,1.13
2013.11.26 13:08:37.579,0.82857,0.82876,1.20,1.20
2013.11.26 13:08:37.909,0.82857,0.82876,1.13,1.28
2013.11.26 13:08:50.775,0.82855,0.82878,1.28,1.65
2013.11.26 13:08:51.178,0.82855,0.82873,1.13,1.65
2013.11.26 13:08:51.329,0.82855,0.82873,1.20,1.58
2013.11.26 13:08:51.480,0.82855,0.82874,1.20,1.28
2013.11.26 13:08:55.461,0.8286,0.82876,1.13,3.08
2013.11.26 13:08:55.726,0.82861,0.82878,1.13,2.40
2013.11.26 13:08:57.420,0.82858,0.82879,1.20,2.40
2013.11.26 13:09:05.221,0.82858,0.82879,1.13,4.58
2013.11.26 13:09:06.440,0.82859,0.82879,1.13,1.28
2013.11.26 13:09:06.991,0.8286,0.82879,1.13,2.40
2013.11.26 13:09:09.189,0.82861,0.82881,1.13,4.50
2013.11.26 13:09:09.436,0.82861,0.82884,1.13,3.45
2013.11.26 13:09:09.599,0.82864,0.82884,1.13,1.28
2013.11.26 13:09:10.291,0.82863,0.82884,1.13,1.28
2013.11.26 13:09:10.953,0.82863,0.82884,1.20,1.28
2013.11.26 13:09:14.499,0.82863,0.82884,1.20,1.65
2013.11.26 13:09:14.549,0.82864,0.82883,1.20,1.65
2013.11.26 13:09:17.210,0.82864,0.82883,1.13,3.83
2013.11.26 13:09:17.713,0.82859,0.82879,1.13,1.28
2013.11.26 13:09:17.853,0.82859,0.82879,1.13,1.28
2013.11.26 13:09:19.273,0.82859,0.82879,1.58,1.28
2013.11.26 13:09:19.374,0.8286,0.8288,1.13,2.78
2013.11.26 13:09:20.393,0.82858,0.82881,1.65,2.78
2013.11.26 13:09:20.695,0.82865,0.82883,1.13,5.25
2013.11.26 13:09:20.901,0.82864,0.8288,1.13,2.33
2013.11.26 13:09:21.001,0.82863,0.82882,1.20,3.00
2013.11.26 13:09:21.052,0.82865,0.82884,1.13,1.28
2013.11.26 13:09:21.352,0.82866,0.82887,1.65,1.28
2013.11.26 13:09:21.454,0.82866,0.82887,1.58,3.45
2013.11.26 13:09:21.606,0.82867,0.82887,1.13,1.28
2013.11.26 13:09:22.154,0.82865,0.82885,1.13,3.08
2013.11.26 13:09:23.483,0.82864,0.82883,1.13,1.28
2013.11.26 13:09:23.685,0.82864,0.82884,1.13,2.03
2013.11.26 13:09:23.901,0.82864,0.82885,1.13,3.45
2013.11.26 13:09:26.165,0.82863,0.82883,1.88,3.08
2013.11.26 13:09:26.316,0.82861,0.82879,1.58,2.25
2013.11.26 13:09:26.643,0.8286,0.8288,1.13,4.95
2013.11.26 13:09:26.952,0.82857,0.82878,1.50,3.08
2013.11.26 13:09:27.266,0.82858,0.82879,1.88,3.08
2013.11.26 13:09:27.427,0.82859,0.82879,1.13,3.08
2013.11.26 13:09:27.527,0.8286,0.82879,1.13,3.08
2013.11.26 13:09:27.628,0.8286,0.8288,1.13,3.08
2013.11.26 13:09:28.072,0.82859,0.82879,1.13,3.45
2013.11.26 13:09:29.706,0.82857,0.82877,2.33,1.20
2013.11.26 13:09:30.016,0.82857,0.82877,2.33,1.28
2013.11.26 13:09:38.380,0.82858,0.82879,1.13,3.08
2013.11.26 13:09:38.732,0.8286,0.82879,1.13,2.40
2013.11.26 13:09:38.976,0.82858,0.82879,1.20,2.78
2013.11.26 13:09:39.027,0.82858,0.82878,1.20,3.08
2013.11.26 13:09:43.314,0.82857,0.82878,1.28,2.78
2013.11.26 13:09:43.636,0.82856,0.82877,1.28,3.45
2013.11.26 13:09:46.312,0.82856,0.82877,1.13,7.13
2013.11.26 13:09:46.865,0.82852,0.82872,2.03,1.13
2013.11.26 13:09:47.066,0.82852,0.82872,1.88,1.28
2013.11.26 13:09:47.117,0.82848,0.82868,2.78,1.13
2013.11.26 13:09:47.878,0.82848,0.82869,3.15,1.20
2013.11.26 13:09:48.182,0.82849,0.82871,1.65,1.65
2013.11.26 13:09:48.386,0.82848,0.8287,2.78,1.28
2013.11.26 13:09:48.694,0.82846,0.82868,1.65,1.20
2013.11.26 13:09:48.866,0.82846,0.82868,1.65,1.20
2013.11.26 13:09:49.876,0.82846,0.82868,1.65,1.20
2013.11.26 13:09:50.217,0.82849,0.82869,1.50,1.28
2013.11.26 13:09:50.267,0.82849,0.82869,1.58,1.28
2013.11.26 13:09:50.418,0.82845,0.82867,3.83,1.13
2013.11.26 13:09:51.466,0.82845,0.82867,1.65,1.28
2013.11.26 13:09:53.688,0.82845,0.82866,1.65,2.70
2013.11.26 13:09:53.990,0.82847,0.82864,1.13,3.45
2013.11.26 13:09:55.136,0.82844,0.82862,1.50,2.70
2013.11.26 13:09:57.507,0.82844,0.82864,1.50,2.70
2013.11.26 13:09:57.608,0.82844,0.82862,1.50,2.70
2013.11.26 13:10:05.290,0.82843,0.82864,1.58,3.45
2013.11.26 13:10:06.598,0.82842,0.82861,1.50,1.28
2013.11.26 13:10:11.088,0.82841,0.82862,1.20,1.28
2013.11.26 13:10:12.155,0.8284,0.82861,1.58,3.45
2013.11.26 13:10:12.717,0.8284,0.82858,1.50,2.33
2013.11.26 13:10:13.968,0.8284,0.8286,1.50,1.65
2013.11.26 13:10:14.069,0.8284,0.82859,1.50,2.33
2013.11.26 13:10:16.410,0.8284,0.8286,1.50,1.28
2013.11.26 13:10:16.952,0.82838,0.82858,1.50,4.88
2013.11.26 13:10:17.003,0.82838,0.82857,1.50,2.03
2013.11.26 13:10:17.533,0.82834,0.82854,1.28,1.28
2013.11.26 13:10:17.630,0.82834,0.82854,1.28,1.28
2013.11.26 13:10:17.739,0.82834,0.82854,1.28,1.28
2013.11.26 13:10:17.890,0.82834,0.82854,1.20,1.28
2013.11.26 13:10:18.421,0.82834,0.82855,1.58,2.40
2013.11.26 13:10:18.623,0.82841,0.82858,1.13,3.15
2013.11.26 13:10:18.673,0.82841,0.82859,1.13,4.95
2013.11.26 13:10:18.925,0.82841,0.82861,1.88,5.63
2013.11.26 13:10:19.479,0.82837,0.82858,1.28,1.28
2013.11.26 13:10:19.831,0.82836,0.82858,1.58,3.45
2013.11.26 13:10:22.351,0.82837,0.82857,1.28,1.20
2013.11.26 13:10:24.778,0.82837,0.82859,2.78,1.28
2013.11.26 13:10:25.499,0.82839,0.82861,1.58,3.45
2013.11.26 13:10:26.002,0.8284,0.8286,1.50,2.33
2013.11.26 13:10:26.102,0.8284,0.8286,1.50,3.08
2013.11.26 13:10:26.645,0.82839,0.82857,1.13,1.28
2013.11.26 13:10:27.775,0.82839,0.82858,1.13,1.28
2013.11.26 13:10:27.875,0.82839,0.82858,1.13,1.28
2013.11.26 13:10:35.453,0.82837,0.82857,1.58,1.28
2013.11.26 13:10:35.906,0.8284,0.8286,1.50,1.65
2013.11.26 13:10:36.420,0.8284,0.8286,1.50,1.65
2013.11.26 13:10:38.572,0.82837,0.82859,1.65,2.40
2013.11.26 13:10:38.622,0.82837,0.82859,1.58,4.58
2013.11.26 13:10:39.155,0.82837,0.82858,1.58,2.70
2013.11.26 13:10:39.306,0.82837,0.82859,1.65,4.65
2013.11.26 13:10:40.246,0.82838,0.82858,1.50,1.28
2013.11.26 13:10:40.297,0.82838,0.82858,1.50,1.28
2013.11.26 13:10:40.510,0.82838,0.82858,1.50,1.28
2013.11.26 13:10:40.611,0.82838,0.82858,1.50,3.45
2013.11.26 13:10:41.186,0.82838,0.82858,1.58,1.28
2013.11.26 13:10:41.286,0.82838,0.82858,1.65,1.28
2013.11.26 13:10:41.807,0.82838,0.82858,1.65,1.28
2013.11.26 13:10:42.162,0.82838,0.82858,1.65,1.28
2013.11.26 13:10:42.561,0.82838,0.82858,1.58,4.95
2013.11.26 13:10:44.128,0.82836,0.82856,1.50,3.45
2013.11.26 13:10:51.593,0.82834,0.82853,1.88,2.70
2013.11.26 13:10:53.169,0.82837,0.82853,1.50,2.63
2013.11.26 13:10:53.220,0.82837,0.82855,1.50,2.70
2013.11.26 13:10:53.522,0.82835,0.82854,1.58,1.28
2013.11.26 13:10:53.824,0.82836,0.82858,1.50,3.45
2013.11.26 13:10:54.360,0.82834,0.82856,1.88,1.28
2013.11.26 13:10:57.287,0.82835,0.82854,1.50,2.70
2013.11.26 13:11:01.088,0.82835,0.82855,1.95,1.28
2013.11.26 13:11:01.646,0.82836,0.82858,1.58,3.83
2013.11.26 13:11:02.783,0.82835,0.82856,1.65,1.28
2013.11.26 13:11:04.975,0.82835,0.82855,1.65,1.13
2013.11.26 13:11:05.559,0.82835,0.82855,1.65,1.13
2013.11.26 13:11:05.770,0.82835,0.82855,1.65,1.13
2013.11.26 13:11:06.323,0.82838,0.82858,1.50,1.65
2013.11.26 13:11:07.566,0.82834,0.82856,1.65,1.28
2013.11.26 13:11:09.618,0.82834,0.82856,2.03,1.28
2013.11.26 13:11:10.063,0.82834,0.82856,2.03,1.28
2013.11.26 13:11:12.615,0.82834,0.82856,2.03,1.28
2013.11.26 13:11:12.716,0.82834,0.82856,2.03,1.28
2013.11.26 13:11:13.434,0.82834,0.82856,2.03,1.28
2013.11.26 13:11:15.558,0.82834,0.82854,2.40,1.28
2013.11.26 13:11:23.092,0.82834,0.82853,1.58,1.95
2013.11.26 13:11:31.398,0.82832,0.82852,1.28,2.03
2013.11.26 13:11:52.877,0.82836,0.82855,1.20,2.03
2013.11.26 13:11:56.008,0.82837,0.82856,1.65,1.28
2013.11.26 13:12:01.838,0.82836,0.82854,1.28,1.50
2013.11.26 13:12:02.346,0.82832,0.82853,2.03,1.95
2013.11.26 13:12:02.447,0.82832,0.82853,2.03,2.03
2013.11.26 13:12:02.982,0.82831,0.82852,1.58,1.28
2013.11.26 13:12:04.936,0.82831,0.82851,1.95,1.28
2013.11.26 13:12:05.445,0.82831,0.82853,1.50,3.53
2013.11.26 13:12:08.748,0.82831,0.82853,1.65,3.53
2013.11.26 13:12:14.262,0.82831,0.82853,1.58,2.03
2013.11.26 13:12:14.627,0.82833,0.82853,1.50,1.28
2013.11.26 13:12:14.829,0.82835,0.82854,1.13,6.00
2013.11.26 13:12:15.031,0.82836,0.82854,1.13,1.65
2013.11.26 13:12:16.206,0.82834,0.82854,1.20,1.65
2013.11.26 13:12:18.812,0.82834,0.82853,1.20,1.58
2013.11.26 13:12:22.025,0.82834,0.82853,1.20,1.58
2013.11.26 13:12:22.965,0.82834,0.82854,1.20,2.03
2013.11.26 13:12:24.811,0.82834,0.82854,1.50,2.03
2013.11.26 13:12:27.199,0.82834,0.82854,1.58,2.03
2013.11.26 13:12:42.424,0.82831,0.82853,2.40,1.20
2013.11.26 13:12:47.934,0.82831,0.82852,2.40,1.13
2013.11.26 13:12:48.195,0.82831,0.82853,1.20,3.38
2013.11.26 13:12:49.416,0.82831,0.82852,1.13,2.03
2013.11.26 13:12:49.964,0.82831,0.82849,1.13,2.03
2013.11.26 13:12:50.115,0.82827,0.82846,3.08,1.43
2013.11.26 13:12:50.166,0.82827,0.82845,3.08,1.43
2013.11.26 13:12:50.856,0.82824,0.82845,2.03,2.25
2013.11.26 13:12:52.162,0.82825,0.82847,1.65,3.15
2013.11.26 13:12:53.104,0.8283,0.82848,1.20,1.13
2013.11.26 13:12:55.169,0.8283,0.82848,3.45,1.13
2013.11.26 13:12:56.056,0.8283,0.82849,3.45,1.50
2013.11.26 13:13:02.437,0.8283,0.82851,3.45,1.13
2013.11.26 13:13:02.867,0.8283,0.82849,3.45,1.50
2013.11.26 13:13:04.839,0.8283,0.82849,1.28,1.50
2013.11.26 13:13:08.998,0.82831,0.82849,1.28,1.50
2013.11.26 13:13:09.099,0.82831,0.82849,1.28,1.50
2013.11.26 13:13:09.508,0.82831,0.82849,1.28,1.50
2013.11.26 13:13:10.021,0.82831,0.82849,1.28,1.50
2013.11.26 13:13:10.638,0.82831,0.82849,1.28,1.50
2013.11.26 13:13:11.040,0.82829,0.82849,2.03,1.50
2013.11.26 13:13:13.894,0.82831,0.82853,2.40,1.28
2013.11.26 13:13:14.096,0.82833,0.82853,1.28,1.20
2013.11.26 13:13:14.398,0.82835,0.82851,2.33,1.50
2013.11.26 13:13:14.449,0.82832,0.82852,2.70,1.50
2013.11.26 13:13:14.549,0.82837,0.82852,2.25,1.50
2013.11.26 13:13:14.673,0.82832,0.82852,2.70,1.50
2013.11.26 13:13:16.194,0.82831,0.82852,7.50,1.50
2013.11.26 13:13:23.255,0.82834,0.82852,2.33,1.50
2013.11.26 13:13:23.986,0.82833,0.82852,6.38,1.50
2013.11.26 13:13:27.772,0.82836,0.82854,1.65,1.50
2013.11.26 13:13:28.474,0.82836,0.82854,1.65,1.50
2013.11.26 13:13:30.465,0.82832,0.82851,4.95,1.50
2013.11.26 13:13:33.386,0.82834,0.82854,1.28,1.95
2013.11.26 13:13:33.764,0.82834,0.82854,3.45,1.88
2013.11.26 13:13:35.237,0.82835,0.82854,2.40,1.50
2013.11.26 13:13:36.575,0.82835,0.82854,1.65,1.50
2013.11.26 13:13:38.115,0.82835,0.82854,2.40,1.50
2013.11.26 13:13:39.764,0.82835,0.82854,1.65,1.50
2013.11.26 13:13:41.856,0.82835,0.82854,2.40,1.50
2013.11.26 13:13:42.805,0.82834,0.82854,4.95,1.50
2013.11.26 13:13:43.057,0.82833,0.82854,1.28,1.58
2013.11.26 13:13:44.922,0.82835,0.82854,3.15,1.50
2013.11.26 13:13:47.754,0.82835,0.82854,2.40,1.50
2013.11.26 13:13:48.067,0.82834,0.82854,4.58,1.50
2013.11.26 13:13:48.642,0.82835,0.82854,2.78,1.58
2013.11.26 13:13:49.655,0.82835,0.82855,2.78,1.65
2013.11.26 13:13:50.293,0.82835,0.82855,2.78,1.50
2013.11.26 13:14:02.373,0.82836,0.82855,2.40,1.50
2013.11.26 13:14:05.322,0.82836,0.82855,2.40,1.50
2013.11.26 13:14:08.054,0.82834,0.82853,1.28,1.20
2013.11.26 13:14:08.105,0.82834,0.82853,1.28,1.95
2013.11.26 13:14:08.407,0.82832,0.82851,1.95,1.50
2013.11.26 13:14:10.636,0.82834,0.82853,1.20,1.20
2013.11.26 13:14:10.887,0.82836,0.82856,1.50,1.65
2013.11.26 13:14:11.422,0.82836,0.82856,1.65,1.50
2013.11.26 13:14:14.796,0.82836,0.82856,1.65,1.65
2013.11.26 13:14:15.106,0.82836,0.82857,1.65,1.28
2013.11.26 13:14:15.207,0.82836,0.82856,2.40,1.65
2013.11.26 13:14:15.715,0.82836,0.82856,2.03,1.95
2013.11.26 13:14:17.330,0.82836,0.82856,1.58,1.65
2013.11.26 13:14:20.453,0.82836,0.82856,1.58,1.65
2013.11.26 13:14:24.463,0.82837,0.82858,1.28,1.28
2013.11.26 13:14:24.851,0.82835,0.82856,1.28,1.88
2013.11.26 13:14:25.119,0.82836,0.82856,1.65,1.88
2013.11.26 13:14:28.642,0.82838,0.82859,1.20,1.65
2013.11.26 13:14:28.963,0.82836,0.82856,2.03,1.50
2013.11.26 13:14:32.584,0.82836,0.82856,1.95,1.58
2013.11.26 13:14:42.006,0.82836,0.82856,1.95,1.58
2013.11.26 13:14:42.997,0.82836,0.82856,2.03,1.58
2013.11.26 13:14:43.436,0.82836,0.82856,2.03,1.65
2013.11.26 13:14:45.287,0.82836,0.82856,2.03,1.58
2013.11.26 13:14:49.463,0.82836,0.82856,1.95,1.65
2013.11.26 13:14:51.299,0.82836,0.82856,2.03,1.65
2013.11.26 13:14:52.029,0.82836,0.82856,2.03,1.65
2013.11.26 13:14:54.719,0.82836,0.82856,1.95,1.65
2013.11.26 13:14:55.223,0.82836,0.82856,1.88,1.65
2013.11.26 13:14:55.988,0.82836,0.82856,2.03,1.65
2013.11.26 13:14:58.716,0.82836,0.82854,1.20,1.58
2013.11.26 13:14:59.380,0.82835,0.82854,1.95,1.58
2013.11.26 13:14:59.682,0.82835,0.82854,1.28,1.50
2013.11.26 13:14:59.833,0.82835,0.82854,2.03,1.50
2013.11.26 13:15:00.380,0.82835,0.82854,1.95,1.58
2013.11.26 13:15:00.729,0.82837,0.82857,1.13,3.83
2013.11.26 13:15:01.045,0.82839,0.82857,1.13,3.08
2013.11.26 13:15:01.347,0.82844,0.82857,1.13,3.00
2013.11.26 13:15:01.766,0.82844,0.82863,1.13,1.95
2013.11.26 13:15:03.721,0.82843,0.82863,3.45,1.13
2013.11.26 13:15:07.679,0.82842,0.82863,3.90,1.58
2013.11.26 13:15:08.217,0.82842,0.82861,1.58,1.58
2013.11.26 13:15:08.500,0.82841,0.82861,1.58,1.65
2013.11.26 13:15:08.551,0.82838,0.82861,1.20,4.20
2013.11.26 13:15:08.602,0.82837,0.82856,2.03,1.50
2013.11.26 13:15:09.115,0.82836,0.82856,3.90,1.50
2013.11.26 13:15:09.401,0.8284,0.82859,1.13,1.65
2013.11.26 13:15:09.452,0.8284,0.82859,1.13,1.65
2013.11.26 13:15:10.027,0.8284,0.82859,1.28,1.50
2013.11.26 13:15:10.129,0.82841,0.8286,3.45,1.50
2013.11.26 13:15:10.665,0.82844,0.82863,1.28,1.58
2013.11.26 13:15:10.716,0.82844,0.82864,2.03,1.65
2013.11.26 13:15:11.006,0.82844,0.82863,1.28,1.58
2013.11.26 13:15:11.934,0.82844,0.82863,1.20,1.65
2013.11.26 13:15:12.250,0.82842,0.82858,1.20,1.50
2013.11.26 13:15:12.401,0.82842,0.82858,1.20,1.50
2013.11.26 13:15:12.552,0.8284,0.82858,2.40,1.50
2013.11.26 13:15:13.850,0.82838,0.82857,2.03,1.50
2013.11.26 13:15:14.101,0.82838,0.82857,2.03,1.50
2013.11.26 13:15:16.504,0.82841,0.82859,1.13,1.50
2013.11.26 13:15:16.656,0.82841,0.82859,1.28,1.50
2013.11.26 13:15:16.706,0.82841,0.82859,1.28,1.50
2013.11.26 13:15:16.758,0.82838,0.82856,3.08,1.50
2013.11.26 13:15:16.859,0.82836,0.82856,3.83,1.50
2013.11.26 13:15:17.365,0.82842,0.82858,1.13,1.58
2013.11.26 13:15:19.593,0.82837,0.82853,1.65,1.50
2013.11.26 13:15:20.117,0.82841,0.82858,1.13,1.50
2013.11.26 13:15:20.168,0.82841,0.82858,1.13,1.50
2013.11.26 13:15:20.369,0.82838,0.82857,2.40,1.50
2013.11.26 13:15:20.737,0.82839,0.82859,3.08,1.50
2013.11.26 13:15:20.938,0.82837,0.82857,6.08,1.50
2013.11.26 13:15:21.622,0.82838,0.82857,3.08,1.50
2013.11.26 13:15:21.673,0.82841,0.82858,1.28,1.50
2013.11.26 13:15:21.925,0.82839,0.82859,1.65,1.50
2013.11.26 13:15:22.366,0.82842,0.82858,1.13,1.58
2013.11.26 13:15:22.870,0.82842,0.82859,1.28,1.50
2013.11.26 13:15:23.391,0.82842,0.82859,1.28,1.50
2013.11.26 13:15:23.626,0.82842,0.82859,1.13,1.50
2013.11.26 13:15:26.107,0.82841,0.82858,1.28,1.50
2013.11.26 13:15:26.207,0.82838,0.82857,2.40,1.50
2013.11.26 13:15:26.578,0.82839,0.82859,6.00,1.50
2013.11.26 13:15:27.412,0.82841,0.82859,1.65,1.50
2013.11.26 13:15:27.737,0.8284,0.82859,2.33,1.50
2013.11.26 13:15:27.888,0.82838,0.82857,2.40,1.50
2013.11.26 13:15:28.558,0.82838,0.8286,3.15,1.65
2013.11.26 13:15:28.804,0.82839,0.8286,1.20,1.65
2013.11.26 13:15:29.106,0.82842,0.82863,1.65,1.28
2013.11.26 13:15:29.157,0.82845,0.82864,1.50,2.78
2013.11.26 13:15:29.409,0.82846,0.82866,2.03,3.53
2013.11.26 13:15:30.034,0.82845,0.82869,1.65,5.33
2013.11.26 13:15:30.588,0.82847,0.82869,1.58,3.83
2013.11.26 13:15:31.471,0.82846,0.82867,1.28,1.58
2013.11.26 13:15:31.824,0.82847,0.82867,3.45,1.50
2013.11.26 13:15:32.060,0.82847,0.82869,3.45,1.58
2013.11.26 13:15:32.235,0.82847,0.82867,3.45,1.50
2013.11.26 13:15:32.386,0.82848,0.82869,2.03,1.58
2013.11.26 13:15:35.606,0.82848,0.82868,1.28,1.50
2013.11.26 13:15:35.814,0.82848,0.82869,2.03,1.58
2013.11.26 13:15:40.324,0.82851,0.8287,1.20,1.65
2013.11.26 13:15:40.626,0.82851,0.8287,1.13,3.83
2013.11.26 13:15:42.295,0.82851,0.8287,1.13,1.65
2013.11.26 13:15:45.634,0.82851,0.8287,1.13,1.65
2013.11.26 13:15:45.685,0.82851,0.8287,1.13,3.83
2013.11.26 13:15:46.015,0.82846,0.82868,3.90,1.65
2013.11.26 13:15:46.065,0.82846,0.82868,3.90,1.65
2013.11.26 13:15:46.742,0.82846,0.82868,3.90,1.65
2013.11.26 13:15:46.983,0.82847,0.82868,2.70,1.65
2013.11.26 13:15:47.515,0.82848,0.82868,2.70,1.50
2013.11.26 13:15:48.154,0.8285,0.82868,1.28,1.50
2013.11.26 13:15:48.204,0.8285,0.82868,3.45,1.50
2013.11.26 13:15:48.305,0.82851,0.82869,1.13,1.50
2013.11.26 13:15:50.696,0.82852,0.82869,1.13,1.65
2013.11.26 13:15:51.205,0.82852,0.82871,1.50,1.65
2013.11.26 13:15:51.545,0.82852,0.82873,1.50,2.03
2013.11.26 13:15:54.128,0.82851,0.82872,1.20,1.65
2013.11.26 13:15:54.855,0.82851,0.82872,1.20,1.65
2013.11.26 13:15:56.306,0.82851,0.82872,1.28,1.58
2013.11.26 13:15:58.036,0.82853,0.82873,1.20,1.95
2013.11.26 13:16:02.524,0.82854,0.82873,1.13,1.58
2013.11.26 13:16:11.356,0.82857,0.82877,1.13,4.20
2013.11.26 13:16:11.685,0.82864,0.82877,1.13,1.20
2013.11.26 13:16:13.852,0.82861,0.82875,1.13,1.50
2013.11.26 13:16:23.348,0.82855,0.82874,1.50,1.65
2013.11.26 13:16:23.449,0.82855,0.82873,1.50,1.58
2013.11.26 13:16:24.445,0.82855,0.82873,1.20,1.58
2013.11.26 13:16:24.748,0.82852,0.82871,1.65,1.50
2013.11.26 13:16:27.354,0.82855,0.82873,1.20,2.33
2013.11.26 13:16:28.808,0.82851,0.82872,2.40,1.65
2013.11.26 13:16:28.909,0.8285,0.82872,1.65,1.65
2013.11.26 13:16:29.161,0.82849,0.82869,1.28,1.58
2013.11.26 13:16:30.457,0.82849,0.82869,1.20,1.65
2013.11.26 13:16:40.902,0.82846,0.82867,1.65,1.65
2013.11.26 13:16:42.118,0.82844,0.82865,3.15,1.65
2013.11.26 13:16:42.218,0.82844,0.82864,1.50,3.08
2013.11.26 13:16:42.319,0.82841,0.82864,2.33,3.08
2013.11.26 13:17:08.773,0.82842,0.82864,1.20,3.08
2013.11.26 13:17:08.824,0.82846,0.82865,1.13,1.65
2013.11.26 13:17:08.875,0.82847,0.82866,1.50,1.65
2013.11.26 13:17:09.127,0.82851,0.82871,1.50,6.38
2013.11.26 13:17:09.784,0.82851,0.82868,1.50,1.20
2013.11.26 13:17:09.886,0.82843,0.82861,1.13,1.13
2013.11.26 13:17:10.092,0.82842,0.82861,1.13,1.28
2013.11.26 13:17:11.632,0.82844,0.82861,1.13,1.28
2013.11.26 13:17:24.061,0.82844,0.82862,1.50,3.08
2013.11.26 13:17:28.271,0.82844,0.82863,1.13,3.83
2013.11.26 13:17:28.837,0.82842,0.82863,1.50,1.65
2013.11.26 13:17:30.688,0.82847,0.82864,1.50,1.28
2013.11.26 13:17:30.738,0.82847,0.82867,1.50,6.08
2013.11.26 13:17:30.889,0.82848,0.82867,1.50,3.08
2013.11.26 13:17:31.393,0.82846,0.82866,1.50,3.08
2013.11.26 13:17:31.684,0.82845,0.82865,1.20,1.65
2013.11.26 13:17:34.720,0.82846,0.82865,1.50,2.78
2013.11.26 13:17:35.250,0.82845,0.82865,1.95,2.78
2013.11.26 13:17:36.845,0.82845,0.82864,1.50,1.28
2013.11.26 13:17:43.310,0.82844,0.82864,1.13,1.28
2013.11.26 13:17:43.629,0.82842,0.82861,1.28,1.65
2013.11.26 13:17:43.881,0.82842,0.82861,1.13,1.65
2013.11.26 13:17:44.483,0.82837,0.8286,2.03,2.40
2013.11.26 13:17:44.533,0.82837,0.82857,1.28,1.50
2013.11.26 13:17:44.584,0.82836,0.82856,1.58,1.28
2013.11.26 13:17:45.359,0.82837,0.82856,1.50,1.28
2013.11.26 13:17:48.811,0.82836,0.82855,1.20,1.20
2013.11.26 13:17:48.945,0.82835,0.82855,1.20,1.20
2013.11.26 13:17:52.670,0.82836,0.82854,1.13,1.28
2013.11.26 13:17:53.270,0.82836,0.82857,1.65,1.88
2013.11.26 13:17:54.362,0.82836,0.82856,1.28,1.50
2013.11.26 13:17:58.220,0.82836,0.82856,2.40,1.50
2013.11.26 13:18:04.051,0.82836,0.82857,2.40,1.20
2013.11.26 13:18:04.477,0.8284,0.82859,1.20,2.33
2013.11.26 13:18:04.845,0.82838,0.82859,1.28,1.28
2013.11.26 13:18:05.370,0.82838,0.82859,1.28,2.40
2013.11.26 13:18:05.728,0.82838,0.82858,1.20,3.00
2013.11.26 13:18:06.328,0.82836,0.82858,2.33,3.45
2013.11.26 13:18:06.876,0.82837,0.82857,1.13,4.58
2013.11.26 13:18:09.199,0.82836,0.82856,1.88,2.03
2013.11.26 13:18:09.772,0.82836,0.82857,2.25,4.20
2013.11.26 13:18:11.838,0.82837,0.82857,1.50,3.08
2013.11.26 13:18:17.165,0.82837,0.82858,1.95,2.03
2013.11.26 13:18:17.266,0.82837,0.82857,1.65,1.13
2013.11.26 13:18:17.829,0.82836,0.82858,1.20,2.03
2013.11.26 13:18:19.471,0.82837,0.82856,1.50,2.25
2013.11.26 13:18:25.105,0.82837,0.82856,1.50,3.45
2013.11.26 13:18:25.206,0.82836,0.82855,1.13,1.65
2013.11.26 13:18:40.346,0.82837,0.82855,1.50,3.45
2013.11.26 13:18:52.698,0.82832,0.82853,1.28,1.28
2013.11.26 13:18:53.649,0.82832,0.8285,1.13,3.08
2013.11.26 13:18:53.699,0.82831,0.8285,1.13,4.58
2013.11.26 13:18:54.215,0.82828,0.82848,1.50,1.28
2013.11.26 13:18:55.219,0.82827,0.82847,1.50,1.28
2013.11.26 13:18:55.321,0.82826,0.82846,1.50,3.08
2013.11.26 13:18:55.371,0.82824,0.82844,1.50,3.45
2013.11.26 13:18:55.674,0.82822,0.82842,1.28,1.65
2013.11.26 13:18:55.927,0.82823,0.82842,1.28,1.58
2013.11.26 13:18:56.179,0.82828,0.82846,1.13,1.28
2013.11.26 13:18:56.280,0.82829,0.82847,1.50,2.70
2013.11.26 13:18:56.389,0.82827,0.82846,1.13,1.28
2013.11.26 13:18:56.641,0.82826,0.82846,1.20,1.28
2013.11.26 13:18:56.814,0.82823,0.82843,1.13,3.08
2013.11.26 13:18:57.117,0.82824,0.82846,1.28,6.08
2013.11.26 13:18:57.167,0.82826,0.82846,1.13,4.58
2013.11.26 13:18:57.283,0.82824,0.82846,1.28,4.58
2013.11.26 13:18:57.795,0.82824,0.82846,1.28,2.78
2013.11.26 13:18:58.210,0.82825,0.82846,1.28,1.28
2013.11.26 13:18:58.261,0.82827,0.82846,1.50,1.28
2013.11.26 13:19:01.182,0.82829,0.82846,1.20,1.20
2013.11.26 13:19:01.484,0.82833,0.82852,1.13,1.28
2013.11.26 13:19:01.869,0.82834,0.82852,1.13,1.28
2013.11.26 13:19:02.073,0.82835,0.82852,1.13,1.20
2013.11.26 13:19:02.570,0.82835,0.82852,1.13,1.20
2013.11.26 13:19:04.228,0.82836,0.82854,1.13,2.03
2013.11.26 13:19:05.388,0.82835,0.82852,1.13,1.20
2013.11.26 13:19:05.547,0.82833,0.82852,1.20,1.20
2013.11.26 13:19:07.739,0.82835,0.82852,1.13,1.20
2013.11.26 13:19:09.328,0.82835,0.82854,1.13,1.65
2013.11.26 13:19:11.327,0.82836,0.82854,1.13,1.65
2013.11.26 13:19:11.523,0.82836,0.82855,1.88,4.58
2013.11.26 13:19:11.574,0.82836,0.82856,1.88,2.40
2013.11.26 13:19:12.925,0.82836,0.82857,2.03,2.78
2013.11.26 13:19:13.092,0.82838,0.82857,1.28,1.13
2013.11.26 13:19:13.243,0.82842,0.82861,1.13,3.15
2013.11.26 13:19:15.488,0.82842,0.82861,1.13,1.65
2013.11.26 13:19:15.740,0.82842,0.82861,1.20,1.58
2013.11.26 13:19:16.416,0.82842,0.82861,1.28,1.50
2013.11.26 13:19:17.115,0.82842,0.82862,2.03,1.20
2013.11.26 13:19:17.517,0.82842,0.82861,1.65,1.50
2013.11.26 13:19:17.568,0.82842,0.82861,1.50,1.65
2013.11.26 13:19:20.317,0.82841,0.82861,2.03,1.65
2013.11.26 13:19:20.844,0.8284,0.8286,2.03,1.50
2013.11.26 13:19:22.984,0.82841,0.8286,1.28,1.50
2013.11.26 13:19:25.126,0.82841,0.8286,1.28,1.50
2013.11.26 13:19:32.065,0.82841,0.8286,1.13,3.83
2013.11.26 13:19:32.648,0.82839,0.82858,1.13,3.83
2013.11.26 13:19:41.794,0.82835,0.82854,1.65,1.50
2013.11.26 13:19:41.895,0.82834,0.82852,2.03,1.50
2013.11.26 13:19:42.046,0.82831,0.82851,2.03,1.20
2013.11.26 13:19:45.117,0.82831,0.82852,1.65,2.03
2013.11.26 13:19:51.360,0.82832,0.82848,1.58,1.13
2013.11.26 13:19:51.891,0.8283,0.8285,1.13,2.03
2013.11.26 13:20:00.730,0.82826,0.82846,1.28,1.28
2013.11.26 13:20:00.831,0.82826,0.82844,1.88,1.20
2013.11.26 13:20:01.133,0.82825,0.82842,1.13,1.13
2013.11.26 13:20:03.131,0.82826,0.82846,1.50,2.78
2013.11.26 13:20:03.433,0.82827,0.82848,3.45,1.50
2013.11.26 13:20:03.769,0.82827,0.82848,1.20,3.83
2013.11.26 13:20:03.820,0.82827,0.82848,1.20,1.65
2013.11.26 13:20:04.340,0.82828,0.82848,1.20,1.58
2013.11.26 13:20:05.310,0.82829,0.82849,1.28,1.58
2013.11.26 13:20:06.030,0.8283,0.82851,1.28,1.88
2013.11.26 13:20:06.630,0.8283,0.82851,1.28,1.88
2013.11.26 13:20:11.299,0.82833,0.82851,2.25,1.13
2013.11.26 13:20:11.606,0.82836,0.82852,1.80,1.13
2013.11.26 13:20:11.707,0.82837,0.82855,1.88,2.25
2013.11.26 13:20:12.008,0.82836,0.82856,1.28,1.50
2013.11.26 13:20:12.059,0.82835,0.82854,2.03,1.58
2013.11.26 13:20:12.692,0.82832,0.82852,2.70,1.50
2013.11.26 13:20:12.843,0.82831,0.82852,2.03,1.50
2013.11.26 13:20:13.110,0.82831,0.82852,4.20,1.50
2013.11.26 13:20:13.621,0.82832,0.82852,2.70,1.50
2013.11.26 13:20:13.968,0.82835,0.82853,2.03,1.13
2013.11.26 13:20:17.219,0.82832,0.82852,3.08,1.50
2013.11.26 13:20:17.631,0.8283,0.8285,2.40,1.50
2013.11.26 13:20:17.731,0.8283,0.8285,2.40,1.65
2013.11.26 13:20:18.083,0.82831,0.82851,1.28,1.50
2013.11.26 13:20:18.390,0.82833,0.82851,2.70,1.50
2013.11.26 13:20:20.351,0.82831,0.82851,1.28,1.65
2013.11.26 13:20:20.889,0.82831,0.82851,4.20,1.58
2013.11.26 13:20:28.783,0.82833,0.82853,2.70,1.50
2013.11.26 13:20:29.185,0.82836,0.82854,1.13,1.50
2013.11.26 13:20:31.707,0.82835,0.82854,1.28,1.50
2013.11.26 13:20:32.236,0.82835,0.82854,1.13,1.65
2013.11.26 13:20:32.905,0.82835,0.82854,2.03,1.58
2013.11.26 13:20:33.980,0.82834,0.82854,1.28,1.50
2013.11.26 13:20:34.090,0.82835,0.82854,1.65,1.50
2013.11.26 13:20:36.122,0.82836,0.82854,1.28,1.50
2013.11.26 13:20:37.250,0.82835,0.82856,1.65,1.65
2013.11.26 13:20:38.719,0.82835,0.82856,1.28,2.03
2013.11.26 13:20:39.248,0.82836,0.82854,1.20,1.50
2013.11.26 13:20:39.718,0.82837,0.82856,1.28,1.50
2013.11.26 13:20:40.384,0.82837,0.82856,1.28,1.50
2013.11.26 13:20:42.447,0.82837,0.82856,1.13,1.65
2013.11.26 13:20:42.598,0.82835,0.82855,1.28,1.65
2013.11.26 13:20:50.366,0.82837,0.82856,1.28,1.50
2013.11.26 13:20:50.694,0.82836,0.82856,1.28,1.50
2013.11.26 13:20:54.632,0.82837,0.82856,1.28,1.50
2013.11.26 13:20:55.035,0.82836,0.82853,1.28,1.50
2013.11.26 13:20:55.700,0.82834,0.82855,3.83,1.65
2013.11.26 13:20:55.851,0.82834,0.82855,3.45,1.58
2013.11.26 13:20:56.560,0.82835,0.82855,2.70,1.50
2013.11.26 13:20:59.176,0.82836,0.82855,1.28,1.50
2013.11.26 13:21:00.301,0.82835,0.82855,1.28,1.50
2013.11.26 13:21:00.603,0.82834,0.82853,2.78,1.50
2013.11.26 13:21:01.581,0.82834,0.82853,2.03,1.50
2013.11.26 13:21:03.143,0.82834,0.82855,1.88,1.65
2013.11.26 13:21:03.561,0.82834,0.82855,1.13,1.65
2013.11.26 13:21:07.364,0.82832,0.82852,1.13,4.20
2013.11.26 13:21:07.883,0.8283,0.8285,1.88,2.78
2013.11.26 13:21:08.986,0.8283,0.82849,1.13,2.40
2013.11.26 13:21:09.238,0.82826,0.82847,2.03,1.65
2013.11.26 13:21:09.289,0.82826,0.82847,1.28,1.65
2013.11.26 13:21:10.014,0.82822,0.82842,4.13,1.95
2013.11.26 13:21:10.064,0.82823,0.82842,1.58,1.20
2013.11.26 13:21:10.474,0.82823,0.82842,1.50,2.33
2013.11.26 13:21:11.646,0.82826,0.82844,1.50,3.08
2013.11.26 13:21:11.747,0.82826,0.82844,1.50,1.28
2013.11.26 13:21:12.338,0.82827,0.82847,1.28,1.28
2013.11.26 13:21:13.066,0.82827,0.82847,1.28,1.20
2013.11.26 13:21:13.428,0.82827,0.82847,1.28,1.28
2013.11.26 13:21:17.940,0.82826,0.82847,1.58,1.28
2013.11.26 13:21:19.790,0.82826,0.82848,1.95,1.28
2013.11.26 13:21:20.342,0.82825,0.82847,1.28,1.28
2013.11.26 13:21:21.676,0.82827,0.82847,1.13,1.28
2013.11.26 13:21:22.180,0.82826,0.82847,1.95,1.28
2013.11.26 13:21:24.739,0.82829,0.82849,1.50,6.75
2013.11.26 13:21:25.000,0.8283,0.82849,1.13,1.65
2013.11.26 13:21:25.621,0.82831,0.82849,1.13,1.65
2013.11.26 13:21:26.944,0.82829,0.82849,1.88,1.65
2013.11.26 13:21:27.519,0.82831,0.82849,1.13,1.65
2013.11.26 13:21:28.644,0.82831,0.82849,1.13,1.65
2013.11.26 13:21:29.304,0.82831,0.82849,1.13,1.65
2013.11.26 13:21:29.679,0.82831,0.8285,1.13,1.65
2013.11.26 13:21:29.939,0.82831,0.82848,1.13,1.65
2013.11.26 13:21:30.739,0.82831,0.8285,1.20,1.65
2013.11.26 13:21:31.261,0.82831,0.82847,1.13,1.50
2013.11.26 13:21:52.437,0.82826,0.82844,1.58,1.58
2013.11.26 13:21:54.139,0.82826,0.82843,1.58,1.50
2013.11.26 13:21:54.676,0.82826,0.82843,1.50,1.65
2013.11.26 13:22:01.165,0.82824,0.82843,1.28,1.50
2013.11.26 13:22:01.267,0.82826,0.82843,1.20,1.50
2013.11.26 13:22:01.368,0.82826,0.82843,1.20,1.50
2013.11.26 13:22:01.894,0.82826,0.82843,1.20,1.50
2013.11.26 13:22:02.655,0.82826,0.82844,1.20,1.50
2013.11.26 13:22:03.262,0.82826,0.82847,1.20,1.65
2013.11.26 13:22:03.923,0.82826,0.82847,1.20,1.65
2013.11.26 13:22:04.432,0.82826,0.82847,1.20,1.65
2013.11.26 13:22:13.577,0.82825,0.82845,1.28,1.65
2013.11.26 13:22:20.549,0.82832,0.82848,1.13,1.65
2013.11.26 13:22:20.852,0.82833,0.82849,1.13,1.50
2013.11.26 13:22:21.473,0.82831,0.82852,1.20,3.15
2013.11.26 13:22:22.163,0.82831,0.82852,1.13,1.65
2013.11.26 13:22:22.616,0.8283,0.8285,2.25,1.65
2013.11.26 13:22:22.717,0.8283,0.8285,2.25,1.65
2013.11.26 13:22:23.679,0.82831,0.8285,1.13,1.65
2013.11.26 13:22:23.891,0.82831,0.8285,1.13,1.65
2013.11.26 13:22:25.658,0.82826,0.82845,1.65,1.50
2013.11.26 13:22:25.816,0.82831,0.82845,1.13,1.50
2013.11.26 13:22:26.347,0.82832,0.82845,1.13,1.50
2013.11.26 13:22:34.076,0.82832,0.8285,1.13,1.58
2013.11.26 13:22:36.098,0.82832,0.8285,1.13,1.58
2013.11.26 13:22:36.631,0.82833,0.82851,1.50,3.08
2013.11.26 13:22:36.832,0.82833,0.82852,1.50,1.65
2013.11.26 13:22:37.046,0.8283,0.82852,1.28,2.03
2013.11.26 13:22:37.197,0.82828,0.82848,2.03,1.20
2013.11.26 13:22:37.248,0.82828,0.82848,1.95,1.28
2013.11.26 13:22:37.399,0.82829,0.82848,1.13,2.78
2013.11.26 13:22:38.057,0.8283,0.82848,1.20,1.20
2013.11.26 13:22:40.785,0.82826,0.82846,2.03,1.50
2013.11.26 13:22:40.836,0.8283,0.82848,1.13,1.28
2013.11.26 13:22:40.987,0.82831,0.82848,1.20,1.20
2013.11.26 13:22:41.037,0.82828,0.82848,1.28,1.88
2013.11.26 13:22:41.339,0.8283,0.82848,2.70,1.88
2013.11.26 13:22:41.390,0.82831,0.82848,1.28,1.88
2013.11.26 13:22:42.096,0.82831,0.82852,4.20,1.58
2013.11.26 13:22:42.760,0.82834,0.82853,1.28,1.50
2013.11.26 13:22:43.270,0.82834,0.82853,1.28,1.50
2013.11.26 13:22:43.881,0.82834,0.82853,1.28,1.58
2013.11.26 13:22:44.345,0.82837,0.82853,1.50,1.58
2013.11.26 13:22:44.547,0.8284,0.82858,1.13,2.03
2013.11.26 13:22:44.798,0.82836,0.82857,1.65,1.65
2013.11.26 13:22:45.308,0.8284,0.82859,1.13,3.83
2013.11.26 13:22:46.211,0.8284,0.82859,1.13,1.65
2013.11.26 13:22:46.341,0.82841,0.82859,1.13,1.65
2013.11.26 13:22:46.609,0.82841,0.82859,1.13,1.65
2013.11.26 13:22:46.937,0.8284,0.82856,1.20,1.50
2013.11.26 13:22:47.420,0.82837,0.82854,1.50,1.50
2013.11.26 13:22:48.621,0.8284,0.82854,1.13,1.50
2013.11.26 13:22:49.385,0.82836,0.82854,1.65,1.50
2013.11.26 13:22:53.285,0.8284,0.82855,1.13,1.50
2013.11.26 13:22:54.605,0.82836,0.82855,1.65,1.50
2013.11.26 13:22:55.304,0.82836,0.82855,1.28,1.50
2013.11.26 13:22:55.857,0.82836,0.82858,1.95,3.45
2013.11.26 13:22:57.255,0.82837,0.82858,1.13,3.45
2013.11.26 13:22:58.566,0.82838,0.82858,1.13,3.45
2013.11.26 13:22:59.481,0.82837,0.82858,1.50,3.08
2013.11.26 13:23:04.525,0.82837,0.82859,2.03,2.03
2013.11.26 13:23:04.627,0.82837,0.82859,2.03,2.03
2013.11.26 13:23:10.895,0.82837,0.82859,2.03,1.65
2013.11.26 13:23:12.363,0.82839,0.82859,2.03,1.65
2013.11.26 13:23:13.551,0.82836,0.82855,1.28,1.88
2013.11.26 13:23:14.292,0.82836,0.82855,1.28,1.95
2013.11.26 13:23:16.470,0.82836,0.82853,1.20,1.50
2013.11.26 13:23:17.262,0.82836,0.82853,1.13,1.50
2013.11.26 13:23:19.625,0.82836,0.82857,1.50,3.15
2013.11.26 13:23:24.582,0.82836,0.82858,1.88,2.03
2013.11.26 13:23:29.196,0.82838,0.82856,1.13,1.65
2013.11.26 13:23:32.497,0.82836,0.82856,2.25,1.65
2013.11.26 13:23:36.885,0.82837,0.82857,1.88,3.15
2013.11.26 13:23:41.230,0.82837,0.82855,1.50,1.65
2013.11.26 13:23:41.762,0.82838,0.82854,1.13,1.58
2013.11.26 13:23:42.485,0.82838,0.82855,1.58,1.58
2013.11.26 13:23:45.918,0.82836,0.82857,1.28,1.58
2013.11.26 13:23:46.018,0.82838,0.82859,3.08,1.95
2013.11.26 13:23:46.119,0.8284,0.8286,2.03,1.50
2013.11.26 13:23:46.227,0.82841,0.82861,1.28,2.63
2013.11.26 13:23:46.429,0.82841,0.82863,2.03,1.58
2013.11.26 13:23:46.535,0.82844,0.82864,1.50,2.03
2013.11.26 13:23:46.890,0.82842,0.82863,2.03,1.58
2013.11.26 13:23:47.192,0.8284,0.82862,1.20,1.65
2013.11.26 13:23:47.715,0.82836,0.8286,2.03,4.20
2013.11.26 13:23:47.898,0.82836,0.8286,2.03,3.45
2013.11.26 13:23:48.760,0.82836,0.8286,3.15,3.45
2013.11.26 13:23:49.284,0.82836,0.8286,3.83,1.28
2013.11.26 13:23:54.916,0.82836,0.8286,3.15,3.45
2013.11.26 13:23:55.167,0.82836,0.82858,1.65,1.28
2013.11.26 13:23:56.345,0.82836,0.82858,1.65,2.40
2013.11.26 13:23:57.645,0.82836,0.82859,1.65,1.20
2013.11.26 13:23:57.873,0.8284,0.8286,1.50,3.15
2013.11.26 13:23:58.025,0.82841,0.8286,1.58,1.28
2013.11.26 13:23:58.326,0.82841,0.8286,1.65,1.28
2013.11.26 13:24:01.105,0.82841,0.8286,1.65,1.28
2013.11.26 13:24:01.824,0.82842,0.82864,5.25,1.13
2013.11.26 13:24:03.896,0.82841,0.82865,4.20,1.58
2013.11.26 13:24:04.449,0.82841,0.82864,1.65,1.20
2013.11.26 13:24:05.478,0.82841,0.82864,1.65,1.20
2013.11.26 13:24:05.810,0.82841,0.82862,1.65,1.13
2013.11.26 13:24:09.466,0.82844,0.82865,3.08,1.50
2013.11.26 13:24:09.617,0.82847,0.82865,1.58,1.13
2013.11.26 13:24:09.668,0.82847,0.82865,3.83,1.13
2013.11.26 13:24:09.939,0.82849,0.82869,1.65,1.88
2013.11.26 13:24:10.252,0.82851,0.8287,1.95,1.20
2013.11.26 13:24:12.426,0.82851,0.8287,1.58,1.13
2013.11.26 13:24:18.594,0.82851,0.8287,1.58,1.20
2013.11.26 13:24:25.863,0.82851,0.8287,1.58,1.20
2013.11.26 13:24:26.374,0.82851,0.82871,1.65,1.13
2013.11.26 13:24:28.092,0.82855,0.82874,1.88,1.28
2013.11.26 13:24:29.755,0.82855,0.82873,1.58,1.13
2013.11.26 13:24:33.894,0.82855,0.82873,1.58,1.13
2013.11.26 13:24:42.468,0.82857,0.82874,1.50,1.58
2013.11.26 13:24:42.629,0.82857,0.82874,1.50,1.65
2013.11.26 13:24:43.408,0.82856,0.82876,1.58,2.78
2013.11.26 13:24:47.266,0.82857,0.82877,1.50,2.70
2013.11.26 13:24:47.418,0.82859,0.82879,1.28,2.40
2013.11.26 13:24:47.519,0.82857,0.82879,2.03,2.40
2013.11.26 13:24:48.395,0.82857,0.82878,1.88,2.40
2013.11.26 13:24:49.102,0.82856,0.82876,1.50,3.15
2013.11.26 13:24:49.354,0.82856,0.82876,1.50,2.40
2013.11.26 13:24:49.880,0.82856,0.82875,1.50,2.40
2013.11.26 13:24:51.293,0.82857,0.82875,1.50,1.65
2013.11.26 13:24:56.574,0.8286,0.82878,1.50,4.88
2013.11.26 13:24:57.017,0.82863,0.8288,1.88,1.58
2013.11.26 13:24:57.117,0.82866,0.82883,1.50,1.95
2013.11.26 13:25:02.427,0.82866,0.82884,1.50,1.28
2013.11.26 13:25:02.528,0.82866,0.82883,1.50,2.70
2013.11.26 13:25:02.647,0.82865,0.82884,1.50,2.03
2013.11.26 13:25:02.748,0.82865,0.82883,1.88,2.70
2013.11.26 13:25:03.051,0.82863,0.82883,1.13,1.65
2013.11.26 13:25:03.202,0.82863,0.82882,1.13,2.40
2013.11.26 13:25:04.147,0.82864,0.82883,1.50,2.40
2013.11.26 13:25:05.026,0.82863,0.82883,1.13,3.15
2013.11.26 13:25:06.567,0.82864,0.82883,1.50,3.15
2013.11.26 13:25:07.697,0.82862,0.82883,1.13,2.78
2013.11.26 13:25:08.000,0.82862,0.82882,1.20,1.28
2013.11.26 13:25:08.151,0.82861,0.8288,1.50,1.28
2013.11.26 13:25:08.252,0.8286,0.8288,1.50,1.65
2013.11.26 13:25:08.435,0.82858,0.8288,1.20,1.65
2013.11.26 13:25:09.015,0.82858,0.82879,1.20,3.15
2013.11.26 13:25:09.116,0.82859,0.82879,1.50,3.15
2013.11.26 13:25:09.217,0.82859,0.82878,1.50,4.95
2013.11.26 13:25:11.411,0.82857,0.82877,1.20,1.28
2013.11.26 13:25:12.396,0.82857,0.82878,1.20,3.08
2013.11.26 13:25:13.173,0.82861,0.82878,1.50,4.58
2013.11.26 13:25:19.550,0.82856,0.82878,2.40,4.95
2013.11.26 13:25:22.515,0.82856,0.82878,2.25,5.63
2013.11.26 13:25:32.135,0.82856,0.82876,1.13,2.03
2013.11.26 13:25:38.048,0.82852,0.82873,1.65,1.58
2013.11.26 13:25:38.099,0.82852,0.82873,1.65,1.65
2013.11.26 13:25:40.554,0.82854,0.82874,1.88,3.08
2013.11.26 13:25:47.044,0.82856,0.82874,1.13,2.33
2013.11.26 13:25:48.838,0.82856,0.82873,1.13,1.65
2013.11.26 13:25:49.241,0.82855,0.82872,3.08,1.50
2013.11.26 13:25:49.291,0.82855,0.82873,3.08,1.50
2013.11.26 13:25:49.826,0.82857,0.82877,1.65,1.50
2013.11.26 13:25:50.996,0.82858,0.82878,3.45,1.88
2013.11.26 13:25:51.147,0.82861,0.82881,1.95,1.58
2013.11.26 13:25:51.198,0.82861,0.82881,2.03,1.58
2013.11.26 13:25:53.064,0.82862,0.82883,1.65,2.03
2013.11.26 13:25:53.734,0.82862,0.82883,1.58,2.03
2013.11.26 13:25:54.394,0.82862,0.82883,1.95,1.65
2013.11.26 13:25:54.702,0.82866,0.82886,2.33,1.88
2013.11.26 13:25:56.364,0.82866,0.82886,6.00,1.13
2013.11.26 13:25:56.464,0.82866,0.82886,1.65,1.13
2013.11.26 13:25:57.670,0.82868,0.8289,1.28,1.65
2013.11.26 13:26:00.645,0.82867,0.82887,2.03,1.50
2013.11.26 13:26:01.101,0.82868,0.82887,1.28,1.50
2013.11.26 13:26:04.606,0.82867,0.82887,1.95,2.03
2013.11.26 13:26:09.569,0.82867,0.82887,1.65,1.88
2013.11.26 13:26:09.770,0.82868,0.82889,1.65,1.28
2013.11.26 13:26:12.533,0.82867,0.82888,4.58,1.95
2013.11.26 13:26:19.994,0.82868,0.82889,1.65,1.28
2013.11.26 13:26:21.415,0.82872,0.82889,1.58,1.20
2013.11.26 13:26:21.574,0.82874,0.82889,1.50,1.20
2013.11.26 13:26:22.087,0.82874,0.82893,1.50,2.03
2013.11.26 13:26:24.322,0.82871,0.82893,1.65,1.65
2013.11.26 13:26:24.826,0.82871,0.82891,1.65,1.28
2013.11.26 13:26:26.149,0.8287,0.82894,1.28,3.08
2013.11.26 13:26:28.573,0.82872,0.82894,1.65,1.28
2013.11.26 13:26:28.674,0.82872,0.82894,3.83,1.20
2013.11.26 13:26:29.183,0.82872,0.82894,1.65,1.65
2013.11.26 13:26:30.127,0.82877,0.82896,1.13,3.08
2013.11.26 13:26:30.378,0.82872,0.82893,1.65,1.65
2013.11.26 13:26:30.903,0.82872,0.82893,1.65,1.65
2013.11.26 13:26:32.653,0.8287,0.82893,3.45,1.65
2013.11.26 13:26:33.307,0.82869,0.82889,1.20,1.58
2013.11.26 13:26:33.814,0.82869,0.82889,1.13,2.03
2013.11.26 13:26:33.870,0.82869,0.82889,1.13,2.03
2013.11.26 13:26:34.443,0.82869,0.82888,1.13,6.75
2013.11.26 13:26:37.852,0.82869,0.82887,1.13,2.78
2013.11.26 13:26:44.292,0.82869,0.82887,1.13,1.28
2013.11.26 13:26:45.884,0.82867,0.82887,1.58,1.28
2013.11.26 13:26:46.406,0.82867,0.82888,1.58,2.03
2013.11.26 13:26:46.968,0.82867,0.82887,1.65,1.13
2013.11.26 13:26:48.144,0.82865,0.82888,3.08,1.20
2013.11.26 13:26:48.497,0.82864,0.82885,1.28,1.20
2013.11.26 13:26:54.963,0.82866,0.82885,1.58,2.78
2013.11.26 13:26:56.392,0.82864,0.82884,1.28,2.40
2013.11.26 13:27:04.643,0.82866,0.82885,1.58,2.78
2013.11.26 13:27:07.172,0.82863,0.82885,1.28,2.78
2013.11.26 13:27:09.045,0.82866,0.82884,1.58,2.40
2013.11.26 13:27:10.804,0.82863,0.82885,1.28,2.78
2013.11.26 13:27:22.132,0.82866,0.82884,1.58,1.28
2013.11.26 13:27:29.182,0.82862,0.82885,3.45,2.78
2013.11.26 13:27:32.279,0.82866,0.82885,1.50,3.45
2013.11.26 13:27:32.330,0.82866,0.82886,1.50,3.53
2013.11.26 13:27:32.380,0.82867,0.82886,1.50,2.03
2013.11.26 13:27:33.497,0.82871,0.82888,1.50,3.08
2013.11.26 13:27:33.799,0.82872,0.8289,1.50,3.08
2013.11.26 13:27:34.220,0.82869,0.8289,1.20,3.08
2013.11.26 13:27:34.321,0.82872,0.8289,1.50,3.45
2013.11.26 13:27:34.838,0.82871,0.8289,1.50,3.45
2013.11.26 13:27:35.146,0.82873,0.82892,1.13,3.45
2013.11.26 13:27:35.674,0.82875,0.82895,1.13,1.28
2013.11.26 13:27:36.676,0.82876,0.82897,1.20,1.28
2013.11.26 13:27:37.391,0.82877,0.82899,3.83,1.20
2013.11.26 13:27:39.199,0.82876,0.82899,5.63,1.13
2013.11.26 13:27:39.824,0.82877,0.82899,1.65,1.28
2013.11.26 13:27:41.466,0.82876,0.829,1.28,5.33
2013.11.26 13:27:42.531,0.82875,0.82899,1.28,3.45
2013.11.26 13:27:44.890,0.8288,0.82899,1.50,3.45
2013.11.26 13:27:45.400,0.8288,0.82899,1.50,1.28
2013.11.26 13:27:45.780,0.82879,0.82899,1.13,1.28
2013.11.26 13:27:47.431,0.82879,0.82899,1.13,1.28
2013.11.26 13:27:47.961,0.82876,0.82898,1.28,2.78
2013.11.26 13:27:54.615,0.82876,0.82896,1.13,1.28
2013.11.26 13:27:55.300,0.82876,0.82897,1.13,2.78
2013.11.26 13:27:55.590,0.82876,0.82897,1.13,2.78
2013.11.26 13:27:55.641,0.8288,0.82897,1.13,2.40
2013.11.26 13:27:59.382,0.82881,0.82902,1.88,7.13
2013.11.26 13:27:59.829,0.82881,0.82902,1.95,1.28
2013.11.26 13:28:00.450,0.82885,0.82904,1.88,1.65
2013.11.26 13:28:01.362,0.82885,0.82904,1.50,2.03
2013.11.26 13:28:03.642,0.82884,0.82904,1.13,2.03
2013.11.26 13:28:04.920,0.82884,0.82905,1.20,1.28
2013.11.26 13:28:06.390,0.82884,0.82904,2.70,1.58
2013.11.26 13:28:08.060,0.82884,0.82905,2.70,1.28
2013.11.26 13:28:11.251,0.82886,0.82907,1.13,1.28
2013.11.26 13:28:12.161,0.82885,0.82904,1.13,1.95
2013.11.26 13:28:12.442,0.82885,0.82904,1.13,1.95
2013.11.26 13:28:12.779,0.82885,0.82904,1.13,2.03
2013.11.26 13:28:15.061,0.82882,0.82904,2.78,2.03
2013.11.26 13:28:15.774,0.82882,0.82904,2.40,2.03
2013.11.26 13:28:16.334,0.82882,0.82904,2.40,1.28
2013.11.26 13:28:16.801,0.82884,0.82906,1.28,1.20
2013.11.26 13:28:17.531,0.82886,0.82908,1.20,2.03
2013.11.26 13:28:20.714,0.82886,0.82908,1.20,2.78
2013.11.26 13:28:21.384,0.82888,0.82908,1.28,1.28
2013.11.26 13:28:24.594,0.82886,0.82908,2.78,1.28
2013.11.26 13:28:27.334,0.82886,0.82908,1.28,1.28
2013.11.26 13:28:30.100,0.82887,0.82907,1.28,1.28
2013.11.26 13:28:30.352,0.82884,0.82905,2.78,1.65
2013.11.26 13:28:30.453,0.82884,0.82905,1.20,3.83
2013.11.26 13:28:31.092,0.82881,0.82903,1.28,1.65
2013.11.26 13:28:31.344,0.82879,0.82902,3.15,2.25
2013.11.26 13:28:31.541,0.82881,0.82902,1.58,1.50
2013.11.26 13:28:31.742,0.82881,0.82902,1.50,1.50
2013.11.26 13:28:33.380,0.82881,0.82902,1.58,1.50
2013.11.26 13:28:33.939,0.82881,0.82902,1.65,1.50
2013.11.26 13:28:38.912,0.82881,0.82902,1.28,1.50
2013.11.26 13:28:40.592,0.82878,0.82899,3.08,4.35
2013.11.26 13:28:40.643,0.82878,0.82898,2.25,1.28
2013.11.26 13:28:40.851,0.82877,0.82898,1.50,1.65
2013.11.26 13:28:41.104,0.82882,0.82902,1.28,3.15
2013.11.26 13:28:41.415,0.82878,0.82899,3.15,1.20
2013.11.26 13:28:41.566,0.82879,0.82901,1.28,1.28
2013.11.26 13:28:41.913,0.82879,0.82901,1.28,1.28
2013.11.26 13:28:46.940,0.82878,0.82899,1.50,1.28
2013.11.26 13:28:50.875,0.82875,0.82894,2.40,1.13
2013.11.26 13:28:51.435,0.82873,0.82893,4.95,1.13
2013.11.26 13:29:08.927,0.82873,0.82893,1.28,1.20
2013.11.26 13:29:09.491,0.82873,0.82895,1.28,1.28
2013.11.26 13:29:10.181,0.82875,0.82895,1.20,1.28
2013.11.26 13:29:10.383,0.82874,0.82897,1.28,3.83
2013.11.26 13:29:11.819,0.82874,0.82897,1.28,3.08
2013.11.26 13:29:12.563,0.82874,0.82897,1.28,3.08
2013.11.26 13:29:15.131,0.82874,0.82897,1.28,3.08
2013.11.26 13:29:18.098,0.82875,0.82898,1.28,5.25
2013.11.26 13:29:18.308,0.82874,0.82898,1.28,5.25
2013.11.26 13:29:19.297,0.82873,0.82898,1.28,5.25
2013.11.26 13:29:19.349,0.82873,0.82896,1.28,2.70
2013.11.26 13:29:19.910,0.82874,0.82896,1.13,2.70
2013.11.26 13:29:19.961,0.82874,0.82896,1.13,2.70
2013.11.26 13:29:20.638,0.82872,0.82895,1.58,2.70
2013.11.26 13:29:21.149,0.82875,0.82894,1.13,2.70
2013.11.26 13:29:22.492,0.82875,0.82893,1.13,2.70
2013.11.26 13:29:24.059,0.82875,0.82897,1.13,5.63
2013.11.26 13:29:24.610,0.82875,0.82896,1.20,2.70
2013.11.26 13:29:25.592,0.82875,0.82896,1.20,2.70
2013.11.26 13:29:25.794,0.82877,0.82899,1.20,2.70
2013.11.26 13:29:26.330,0.82876,0.82898,1.13,2.33
2013.11.26 13:29:26.812,0.82877,0.82898,1.13,2.70
2013.11.26 13:29:26.979,0.82879,0.82898,1.13,2.70
2013.11.26 13:29:27.448,0.82879,0.82899,1.13,2.03
2013.11.26 13:29:29.937,0.82879,0.82898,1.13,2.40
2013.11.26 13:29:30.471,0.82877,0.82897,1.20,4.20
2013.11.26 13:29:30.723,0.82878,0.82898,1.20,2.25
2013.11.26 13:29:31.635,0.82878,0.82897,1.13,1.50
2013.11.26 13:29:32.198,0.82878,0.82899,1.13,2.25
2013.11.26 13:29:32.719,0.82878,0.82898,1.13,1.13
2013.11.26 13:29:32.870,0.82878,0.82898,1.28,1.13
2013.11.26 13:29:33.222,0.82881,0.82898,1.13,1.50
2013.11.26 13:29:33.272,0.82881,0.82901,1.13,1.50
2013.11.26 13:29:33.577,0.82881,0.82901,1.50,1.50
2013.11.26 13:29:33.917,0.82881,0.82901,1.13,1.50
2013.11.26 13:29:34.427,0.82881,0.829,1.20,1.50
2013.11.26 13:29:35.127,0.82881,0.82901,1.20,1.50
2013.11.26 13:29:36.762,0.82881,0.829,1.20,1.50
2013.11.26 13:29:36.863,0.82881,0.82898,1.20,1.50
2013.11.26 13:29:36.964,0.82881,0.829,1.28,1.50
2013.11.26 13:29:37.065,0.82879,0.82902,2.70,2.25
2013.11.26 13:29:37.367,0.82882,0.82906,3.45,1.65
2013.11.26 13:29:37.878,0.82883,0.82905,5.25,1.13
2013.11.26 13:29:38.381,0.82881,0.82905,5.25,1.13
2013.11.26 13:29:38.957,0.82879,0.82905,5.25,1.13
2013.11.26 13:29:39.248,0.82879,0.82906,5.25,1.88
2013.11.26 13:29:40.452,0.8288,0.82905,3.08,1.88
2013.11.26 13:29:40.503,0.82882,0.82905,3.08,1.88
2013.11.26 13:29:40.842,0.82882,0.82905,3.08,2.63
2013.11.26 13:29:40.942,0.82882,0.82906,3.08,1.88
2013.11.26 13:29:41.346,0.82879,0.82903,3.08,1.13
2013.11.26 13:29:41.448,0.82879,0.82903,3.08,1.50
2013.11.26 13:29:41.650,0.82879,0.82906,3.08,2.33
2013.11.26 13:29:45.087,0.82879,0.82903,3.00,2.63
2013.11.26 13:29:45.137,0.82874,0.82902,3.08,2.70
2013.11.26 13:29:45.942,0.82874,0.82902,3.08,2.70
2013.11.26 13:29:46.460,0.82877,0.82904,3.08,2.78
2013.11.26 13:29:46.964,0.82873,0.82904,3.08,2.33
2013.11.26 13:29:47.015,0.82872,0.82902,4.20,2.33
2013.11.26 13:29:47.116,0.82875,0.82906,5.25,6.00
2013.11.26 13:29:47.267,0.82871,0.82905,4.20,3.08
2013.11.26 13:29:47.975,0.82874,0.82904,3.83,3.08
2013.11.26 13:29:48.085,0.82875,0.82906,3.08,3.08
2013.11.26 13:29:50.014,0.82875,0.82904,3.08,3.08
2013.11.26 13:29:50.242,0.82874,0.82904,3.08,3.08
2013.11.26 13:29:50.443,0.82872,0.82906,5.25,6.75
2013.11.26 13:29:50.795,0.82872,0.82904,6.00,1.65
2013.11.26 13:29:51.097,0.82876,0.82906,3.08,2.33
2013.11.26 13:29:51.198,0.82878,0.82907,3.08,2.33
2013.11.26 13:29:52.059,0.82878,0.82908,3.08,2.33
2013.11.26 13:29:53.001,0.82877,0.82906,3.08,2.33
2013.11.26 13:29:53.354,0.82878,0.82903,3.08,2.33
2013.11.26 13:29:53.707,0.82879,0.8291,3.08,2.33
2013.11.26 13:29:54.473,0.82878,0.82909,5.25,4.50
2013.11.26 13:29:55.092,0.82878,0.82909,5.25,4.50
2013.11.26 13:29:55.294,0.82878,0.82909,5.25,4.50
2013.11.26 13:29:55.598,0.82871,0.82915,1.13,1.50
2013.11.26 13:29:55.699,0.82867,0.82925,1.13,1.88
2013.11.26 13:29:56.403,0.82866,0.82927,1.13,1.50
2013.11.26 13:29:56.503,0.82866,0.82927,1.13,2.25
2013.11.26 13:29:56.912,0.82866,0.82926,1.13,2.25
2013.11.26 13:29:59.025,0.82865,0.82926,1.13,2.25
2013.11.26 13:29:59.126,0.82865,0.82923,1.13,1.13
2013.11.26 13:29:59.768,0.82866,0.8292,1.13,1.13
2013.11.26 13:29:59.818,0.82866,0.8292,1.88,1.13
2013.11.26 13:30:00.329,0.82866,0.8292,1.13,1.13
2013.11.26 13:30:00.427,0.82866,0.8292,1.13,1.13
2013.11.26 13:30:00.869,0.82866,0.8292,1.13,1.13
2013.11.26 13:30:00.919,0.82867,0.8292,1.13,1.13
2013.11.26 13:30:03.040,0.82867,0.82918,1.13,1.50
2013.11.26 13:30:03.241,0.82867,0.8292,1.13,1.13
2013.11.26 13:30:03.744,0.82871,0.8292,1.13,1.13
2013.11.26 13:30:03.971,0.82871,0.82918,1.13,1.50
2013.11.26 13:30:04.786,0.82871,0.82918,1.13,1.88
2013.11.26 13:30:05.098,0.82871,0.82917,1.13,1.50
2013.11.26 13:30:05.516,0.82869,0.82914,1.13,1.13
2013.11.26 13:30:05.667,0.82869,0.82915,1.13,1.50
2013.11.26 13:30:06.162,0.82869,0.82915,1.13,1.50
2013.11.26 13:30:06.464,0.82869,0.82914,1.13,1.50
2013.11.26 13:30:06.514,0.82869,0.82914,1.13,1.50
2013.11.26 13:30:06.565,0.82866,0.82913,1.13,1.50
2013.11.26 13:30:06.866,0.82862,0.82904,1.13,1.13
2013.11.26 13:30:07.199,0.82862,0.82904,1.13,1.13
2013.11.26 13:30:07.724,0.82864,0.82903,1.88,1.88
2013.11.26 13:30:08.248,0.82865,0.82902,1.88,1.50
2013.11.26 13:30:08.473,0.82865,0.82902,1.88,1.88
2013.11.26 13:30:08.574,0.82862,0.82898,1.88,1.50
2013.11.26 13:30:08.876,0.82853,0.8289,1.80,1.88
2013.11.26 13:30:09.143,0.82861,0.82897,1.05,1.88
2013.11.26 13:30:09.294,0.82861,0.82897,1.05,1.50
2013.11.26 13:30:09.708,0.82861,0.82896,1.80,1.50
2013.11.26 13:30:10.148,0.82861,0.82898,3.38,1.50
2013.11.26 13:30:10.632,0.82867,0.82898,1.13,1.50
2013.11.26 13:30:10.682,0.82867,0.829,1.88,1.50
2013.11.26 13:30:10.733,0.82875,0.829,1.13,1.50
2013.11.26 13:30:10.783,0.82875,0.82902,1.13,1.50
2013.11.26 13:30:10.934,0.82875,0.82901,1.13,1.88
2013.11.26 13:30:11.288,0.82871,0.82901,1.13,1.50
2013.11.26 13:30:11.339,0.82871,0.82903,1.13,2.25
2013.11.26 13:30:11.842,0.82871,0.82904,1.13,2.25
2013.11.26 13:30:12.340,0.82872,0.82902,1.13,1.13
2013.11.26 13:30:12.806,0.82872,0.82902,1.13,4.13
2013.11.26 13:30:13.007,0.82873,0.82905,1.13,2.25
2013.11.26 13:30:13.358,0.82872,0.82903,1.13,1.13
2013.11.26 13:30:13.409,0.82872,0.82902,1.13,2.63
2013.11.26 13:30:13.610,0.82872,0.82902,1.13,2.63
2013.11.26 13:30:14.310,0.82872,0.82899,1.13,1.50
2013.11.26 13:30:14.818,0.82872,0.829,1.13,1.13
2013.11.26 13:30:16.101,0.8287,0.82899,1.13,1.13
2013.11.26 13:30:16.352,0.8287,0.82903,1.13,2.63
2013.11.26 13:30:16.403,0.82871,0.82903,1.13,2.63
2013.11.26 13:30:16.973,0.82869,0.82896,2.63,1.50
2013.11.26 13:30:17.328,0.82869,0.82896,2.63,1.50
2013.11.26 13:30:17.836,0.82873,0.82897,1.13,1.50
2013.11.26 13:30:18.063,0.82872,0.82897,1.13,1.88
2013.11.26 13:30:18.623,0.82872,0.82896,1.13,1.50
2013.11.26 13:30:19.178,0.82875,0.82896,1.13,1.50
2013.11.26 13:30:19.261,0.82875,0.82902,1.13,1.13
2013.11.26 13:30:19.362,0.82875,0.82901,1.13,1.13
2013.11.26 13:30:19.463,0.82874,0.82903,1.13,1.13
2013.11.26 13:30:20.053,0.82874,0.82905,1.13,1.13
2013.11.26 13:30:20.653,0.82875,0.82901,2.25,1.50
2013.11.26 13:30:21.092,0.82875,0.82901,2.63,1.88
2013.11.26 13:30:21.343,0.82875,0.829,1.13,1.50
2013.11.26 13:30:21.704,0.82875,0.82899,1.13,1.50
2013.11.26 13:30:22.239,0.82875,0.829,1.13,1.50
2013.11.26 13:30:22.541,0.82878,0.82901,1.13,1.50
2013.11.26 13:30:23.064,0.82878,0.829,1.13,1.50
2013.11.26 13:30:23.293,0.82878,0.829,1.13,1.50
2013.11.26 13:30:24.491,0.82874,0.82901,1.13,1.50
2013.11.26 13:30:24.591,0.82873,0.82896,1.13,1.50
2013.11.26 13:30:24.642,0.82872,0.82896,1.13,1.50
2013.11.26 13:30:25.102,0.8287,0.82895,1.13,1.50
2013.11.26 13:30:25.203,0.82868,0.82892,1.13,1.50
2013.11.26 13:30:25.885,0.82867,0.82892,1.13,1.50
2013.11.26 13:30:26.262,0.82868,0.82895,1.13,1.88
2013.11.26 13:30:26.493,0.82868,0.82895,1.13,1.88
2013.11.26 13:30:26.794,0.82875,0.82898,1.13,2.25
2013.11.26 13:30:27.046,0.82874,0.82899,1.13,2.25
2013.11.26 13:30:27.198,0.82875,0.82897,1.13,1.50
2013.11.26 13:30:27.721,0.82872,0.82897,1.13,1.50
2013.11.26 13:30:28.306,0.82872,0.82898,1.13,1.50
2013.11.26 13:30:28.608,0.8287,0.82896,1.13,1.50
2013.11.26 13:30:29.074,0.82871,0.82903,1.13,1.88
2013.11.26 13:30:29.124,0.82871,0.82903,1.13,1.88
2013.11.26 13:30:29.577,0.82873,0.82903,1.13,1.13
2013.11.26 13:30:29.996,0.82875,0.82902,1.13,1.50
2013.11.26 13:30:30.046,0.82874,0.82898,1.13,1.13
2013.11.26 13:30:30.147,0.82875,0.82901,1.13,1.88
2013.11.26 13:30:30.450,0.82878,0.829,1.13,3.08
2013.11.26 13:30:30.601,0.82876,0.829,1.28,2.33
2013.11.26 13:30:30.853,0.82878,0.82902,3.08,2.33
2013.11.26 13:30:30.954,0.82879,0.82904,3.08,3.08
2013.11.26 13:30:31.155,0.82882,0.82904,1.28,3.08
2013.11.26 13:30:31.428,0.82881,0.82908,5.63,5.25
2013.11.26 13:30:31.780,0.82885,0.82909,1.28,4.58
2013.11.26 13:30:31.831,0.82885,0.82909,1.28,4.58
2013.11.26 13:30:32.183,0.82887,0.82912,3.08,2.33
2013.11.26 13:30:32.334,0.82889,0.82912,3.08,1.65
2013.11.26 13:30:32.385,0.8289,0.82914,1.28,3.08
2013.11.26 13:30:32.698,0.82893,0.82914,2.33,3.08
2013.11.26 13:30:32.849,0.82894,0.82919,3.08,3.83
2013.11.26 13:30:33.169,0.82892,0.82917,4.95,5.25
2013.11.26 13:30:34.073,0.82891,0.82916,2.33,3.83
2013.11.26 13:30:34.123,0.82891,0.82916,2.33,4.58
2013.11.26 13:30:34.333,0.82889,0.82912,1.28,1.65
2013.11.26 13:30:34.437,0.82889,0.82913,1.28,3.15
2013.11.26 13:30:34.807,0.82889,0.82911,1.20,3.08
2013.11.26 13:30:34.908,0.82891,0.82911,3.75,2.25
2013.11.26 13:30:35.009,0.82892,0.82915,2.40,1.28
2013.11.26 13:30:35.532,0.82894,0.82914,2.33,1.13
2013.11.26 13:30:35.633,0.82894,0.82911,2.25,3.38
2013.11.26 13:30:35.683,0.82891,0.82909,1.50,1.28
2013.11.26 13:30:35.784,0.82885,0.82909,2.03,1.28
2013.11.26 13:30:35.885,0.82887,0.82913,3.08,3.45
2013.11.26 13:30:36.255,0.82887,0.82912,3.08,5.25
2013.11.26 13:30:36.306,0.82893,0.82912,1.50,5.25
2013.11.26 13:30:36.629,0.82897,0.82914,1.50,5.86
2013.11.26 13:30:36.679,0.82915,0.82946,2.25,3.00
2013.11.26 13:30:36.831,0.82917,0.82924,2.18,1.35
2013.11.26 13:30:37.183,0.82919,0.82935,2.33,1.50
2013.11.26 13:30:37.284,0.82911,0.82935,4.50,1.65
2013.11.26 13:30:37.385,0.82915,0.82936,2.33,1.58
2013.11.26 13:30:37.540,0.82915,0.82939,2.33,1.65
2013.11.26 13:30:37.893,0.82915,0.82939,2.33,1.65
2013.11.26 13:30:38.245,0.82913,0.82935,2.33,1.65
2013.11.26 13:30:38.598,0.82913,0.82934,1.65,1.65
2013.11.26 13:30:38.648,0.82911,0.8293,1.65,1.50
2013.11.26 13:30:38.800,0.82907,0.8293,1.65,1.65
2013.11.26 13:30:38.901,0.82907,0.82928,2.33,1.58
2013.11.26 13:30:39.554,0.82907,0.82928,6.00,1.50
2013.11.26 13:30:40.264,0.82906,0.82928,2.33,1.58
2013.11.26 13:30:40.314,0.82904,0.82928,1.65,1.65
2013.11.26 13:30:40.865,0.82904,0.82928,2.40,1.65
2013.11.26 13:30:41.427,0.82905,0.8293,2.40,1.65
2013.11.26 13:30:41.958,0.82903,0.82925,2.40,1.58
2013.11.26 13:30:42.263,0.82903,0.82925,1.28,3.08
2013.11.26 13:30:43.847,0.829,0.82923,4.58,1.65
2013.11.26 13:30:43.898,0.829,0.82923,2.40,1.65
2013.11.26 13:30:43.999,0.829,0.82921,2.33,3.08
2013.11.26 13:30:44.100,0.82897,0.82923,4.58,3.83
2013.11.26 13:30:44.201,0.82898,0.82921,2.40,3.08
2013.11.26 13:30:44.461,0.82898,0.82923,2.40,3.83
2013.11.26 13:30:44.522,0.82898,0.82921,2.40,3.08
2013.11.26 13:30:44.631,0.82898,0.82923,2.40,3.83
2013.11.26 13:30:45.134,0.82897,0.82923,6.75,1.65
2013.11.26 13:30:48.371,0.82898,0.82923,2.40,1.65
2013.11.26 13:30:48.901,0.82897,0.82924,6.75,6.38
2013.11.26 13:30:49.052,0.82898,0.82921,2.40,2.33
2013.11.26 13:30:50.038,0.82897,0.82922,2.40,2.40
2013.11.26 13:30:50.630,0.82898,0.82922,1.28,1.65
2013.11.26 13:30:51.071,0.82898,0.82923,1.28,2.40
2013.11.26 13:30:51.952,0.82898,0.82923,4.05,1.65
2013.11.26 13:30:52.610,0.829,0.82923,1.28,3.15
2013.11.26 13:30:53.217,0.82899,0.82921,1.28,1.65
2013.11.26 13:30:54.092,0.82902,0.82922,1.13,1.28
2013.11.26 13:30:54.594,0.82902,0.82923,1.88,1.28
2013.11.26 13:30:55.512,0.82902,0.82922,1.13,3.45
2013.11.26 13:30:56.427,0.82902,0.82923,1.20,3.53
2013.11.26 13:30:57.150,0.82902,0.82923,1.58,1.65
2013.11.26 13:30:58.277,0.82902,0.82924,2.33,3.83
2013.11.26 13:30:58.378,0.82902,0.82924,2.40,1.65
2013.11.26 13:30:58.891,0.82902,0.82924,2.40,1.65
2013.11.26 13:30:59.470,0.82902,0.82923,1.65,1.58
2013.11.26 13:31:00.204,0.82903,0.82926,1.28,3.08
2013.11.26 13:31:00.305,0.82901,0.82923,4.20,1.58
2013.11.26 13:31:00.355,0.829,0.82923,2.78,1.65
2013.11.26 13:31:00.682,0.82902,0.82924,1.20,3.08
2013.11.26 13:31:01.418,0.82902,0.82924,1.20,3.08
2013.11.26 13:31:02.338,0.82903,0.82924,1.13,3.83
2013.11.26 13:31:03.403,0.82903,0.82924,1.13,3.83
2013.11.26 13:31:03.663,0.82903,0.82927,3.15,3.08
2013.11.26 13:31:04.487,0.82907,0.82928,1.65,2.03
2013.11.26 13:31:04.990,0.82911,0.82928,1.65,1.13
2013.11.26 13:31:06.570,0.82911,0.82931,1.28,1.58
2013.11.26 13:31:07.344,0.82909,0.82931,3.08,1.58
2013.11.26 13:31:07.754,0.82907,0.82927,4.95,1.20
2013.11.26 13:31:07.855,0.82907,0.82927,1.28,1.20
2013.11.26 13:31:07.956,0.82907,0.82927,2.03,1.20
2013.11.26 13:31:08.183,0.82907,0.82928,2.03,1.20
2013.11.26 13:31:08.485,0.82906,0.82927,3.08,1.88
2013.11.26 13:31:09.002,0.82907,0.82927,5.25,1.88
2013.11.26 13:31:11.082,0.82907,0.82927,3.08,1.13
2013.11.26 13:31:11.551,0.82907,0.82928,4.58,1.50
2013.11.26 13:31:12.069,0.82907,0.82928,4.58,1.50
2013.11.26 13:31:12.619,0.82907,0.82929,3.08,1.20
2013.11.26 13:31:13.059,0.82907,0.82929,3.83,1.95
2013.11.26 13:31:13.659,0.82907,0.82929,3.08,1.95
2013.11.26 13:31:13.961,0.82913,0.82929,2.33,1.13
2013.11.26 13:31:14.573,0.82911,0.82929,2.33,1.13
2013.11.26 13:31:15.379,0.82911,0.82929,3.08,1.13
2013.11.26 13:31:15.430,0.82913,0.82931,2.33,1.50
2013.11.26 13:31:15.732,0.82909,0.82927,2.78,1.50
2013.11.26 13:31:16.235,0.82907,0.82927,2.03,1.50
2013.11.26 13:31:17.068,0.82909,0.82924,1.28,1.13
2013.11.26 13:31:17.370,0.82906,0.82922,3.08,1.13
2013.11.26 13:31:17.672,0.82908,0.82925,4.50,1.50
2013.11.26 13:31:18.950,0.82908,0.82925,5.63,1.50
2013.11.26 13:31:19.103,0.82908,0.82925,4.88,1.50
2013.11.26 13:31:19.398,0.82911,0.82925,1.28,1.50
2013.11.26 13:31:20.526,0.82912,0.82929,2.78,1.50
2013.11.26 13:31:20.880,0.82913,0.82931,2.03,1.88
2013.11.26 13:31:21.728,0.82912,0.82931,2.78,1.88
2013.11.26 13:31:30.219,0.82912,0.82931,4.58,1.88
2013.11.26 13:31:30.319,0.82911,0.82931,3.53,1.88
2013.11.26 13:31:30.870,0.82914,0.82931,1.65,1.88
2013.11.26 13:31:30.972,0.82915,0.82931,1.28,1.50
2013.11.26 13:31:31.223,0.82916,0.82931,3.08,1.50
2013.11.26 13:31:31.324,0.82915,0.82931,1.28,1.50
2013.11.26 13:31:31.820,0.82914,0.82931,2.03,1.50
2013.11.26 13:31:34.180,0.82914,0.82931,1.65,1.50
2013.11.26 13:31:34.894,0.82913,0.82931,2.03,1.50
2013.11.26 13:31:41.255,0.82911,0.82928,1.28,1.50
2013.11.26 13:31:47.931,0.8291,0.82928,2.33,1.50
2013.11.26 13:31:48.511,0.82907,0.82925,3.83,1.50
2013.11.26 13:31:49.507,0.82907,0.82925,1.65,1.50
2013.11.26 13:31:52.209,0.82909,0.82925,1.28,1.50
2013.11.26 13:31:52.360,0.8291,0.82925,1.28,1.50
2013.11.26 13:31:55.601,0.82909,0.82925,1.28,1.50
2013.11.26 13:31:56.600,0.82907,0.82925,1.28,1.50
2013.11.26 13:31:57.716,0.82907,0.82925,1.28,1.95
2013.11.26 13:31:58.578,0.82909,0.82925,1.13,1.58
2013.11.26 13:32:00.422,0.82906,0.82925,2.03,1.58
2013.11.26 13:32:00.624,0.82905,0.82922,1.58,1.13
2013.11.26 13:32:12.292,0.829,0.82919,1.58,1.13
2013.11.26 13:32:12.868,0.82899,0.82918,1.28,1.13
2013.11.26 13:32:13.929,0.82899,0.82918,1.28,1.13
2013.11.26 13:32:14.857,0.82899,0.82916,1.28,1.13
2013.11.26 13:32:15.384,0.82899,0.82914,1.13,1.50
2013.11.26 13:32:19.292,0.82895,0.82914,1.13,1.65
2013.11.26 13:32:19.343,0.82899,0.82916,1.13,3.45
2013.11.26 13:32:19.594,0.82904,0.82921,1.13,1.58
2013.11.26 13:32:19.896,0.82904,0.82924,1.20,1.65
2013.11.26 13:32:20.147,0.82904,0.82924,1.20,1.65
2013.11.26 13:32:21.476,0.82905,0.82924,1.13,1.65
2013.11.26 13:32:21.988,0.82901,0.82924,1.28,6.38
2013.11.26 13:32:22.750,0.829,0.82918,1.20,1.58
2013.11.26 13:32:22.901,0.82899,0.82918,1.50,1.65
2013.11.26 13:32:23.542,0.82899,0.82919,1.20,1.28
2013.11.26 13:32:23.960,0.82897,0.82918,1.28,1.65
2013.11.26 13:32:24.363,0.82897,0.82918,1.28,1.65
2013.11.26 13:32:24.515,0.82899,0.82919,3.75,1.58
2013.11.26 13:32:24.616,0.82899,0.8292,3.83,1.20
2013.11.26 13:32:24.717,0.82899,0.82919,3.83,1.50
2013.11.26 13:32:24.818,0.82899,0.82919,3.00,1.58
2013.11.26 13:32:24.973,0.82897,0.82919,3.08,1.65
2013.11.26 13:32:25.024,0.82897,0.82919,3.08,1.65
2013.11.26 13:32:25.074,0.82896,0.8292,1.28,1.28
2013.11.26 13:32:25.627,0.82895,0.82916,2.03,1.58
2013.11.26 13:32:25.954,0.82895,0.82918,2.40,3.83
2013.11.26 13:32:26.480,0.82895,0.82914,2.03,1.50
2013.11.26 13:32:27.010,0.82895,0.82914,1.28,1.50
2013.11.26 13:32:27.481,0.82894,0.82912,2.70,1.50
2013.11.26 13:32:27.885,0.82891,0.82913,1.28,1.65
2013.11.26 13:32:32.608,0.82894,0.82913,3.08,1.50
2013.11.26 13:32:33.069,0.82894,0.82912,4.50,1.50
2013.11.26 13:32:33.372,0.82896,0.82915,3.08,1.13
2013.11.26 13:32:33.422,0.82897,0.82915,1.65,1.13
2013.11.26 13:32:33.574,0.82897,0.82915,3.83,1.13
2013.11.26 13:32:35.802,0.82899,0.82915,2.33,1.13
2013.11.26 13:32:36.313,0.82898,0.82915,5.25,1.13
2013.11.26 13:32:36.615,0.829,0.8292,3.08,1.88
2013.11.26 13:32:37.166,0.829,0.82919,2.33,1.50
2013.11.26 13:32:38.129,0.829,0.82918,3.08,1.50
2013.11.26 13:32:38.256,0.829,0.82917,2.33,1.50
2013.11.26 13:32:39.418,0.82897,0.82917,5.70,1.50
2013.11.26 13:32:40.343,0.82897,0.82917,3.45,1.50
2013.11.26 13:32:40.936,0.82897,0.82917,1.28,1.58
2013.11.26 13:32:43.270,0.82897,0.82916,2.70,1.50
2013.11.26 13:32:43.561,0.82897,0.82916,4.88,1.50
2013.11.26 13:32:44.239,0.82899,0.82919,1.28,1.50
2013.11.26 13:32:49.392,0.82901,0.82919,1.28,1.50
2013.11.26 13:32:55.757,0.82896,0.82916,2.40,1.50
2013.11.26 13:32:55.858,0.82896,0.82916,2.40,1.50
2013.11.26 13:32:56.526,0.82896,0.82913,1.58,1.50
2013.11.26 13:32:59.256,0.82895,0.82914,1.13,1.65
2013.11.26 13:32:59.694,0.82892,0.82911,1.65,1.50
2013.11.26 13:33:00.184,0.82895,0.82913,1.13,1.58
2013.11.26 13:33:10.064,0.82891,0.8291,3.15,1.50
2013.11.26 13:33:10.318,0.82891,0.8291,1.20,1.58
2013.11.26 13:33:10.371,0.82891,0.82909,1.13,1.58
2013.11.26 13:33:10.751,0.82891,0.82909,1.13,3.83
2013.11.26 13:33:11.053,0.82887,0.82907,1.13,1.65
2013.11.26 13:33:11.157,0.82884,0.82904,1.28,1.50
2013.11.26 13:33:11.207,0.82884,0.82904,1.28,1.58
2013.11.26 13:33:15.277,0.82884,0.82904,1.13,3.83
2013.11.26 13:33:16.266,0.82884,0.82904,1.20,1.65
2013.11.26 13:33:16.920,0.82882,0.82901,1.28,1.58
2013.11.26 13:33:17.122,0.82881,0.82899,1.58,1.20
2013.11.26 13:33:17.899,0.82878,0.82899,1.13,2.03
2013.11.26 13:33:20.396,0.8288,0.829,1.13,1.28
2013.11.26 13:33:24.355,0.8288,0.82899,1.13,1.65
2013.11.26 13:33:26.598,0.8288,0.829,1.13,2.03
2013.11.26 13:33:30.067,0.82881,0.829,1.13,1.65
2013.11.26 13:33:31.055,0.82881,0.829,1.13,1.65
2013.11.26 13:33:33.933,0.82881,0.829,1.13,1.65
2013.11.26 13:33:34.236,0.82883,0.82902,2.03,1.88
2013.11.26 13:33:34.387,0.82886,0.82906,1.13,1.28
2013.11.26 13:33:34.438,0.82886,0.82907,1.13,1.65
2013.11.26 13:33:34.740,0.82889,0.82908,1.20,3.08
2013.11.26 13:33:34.841,0.82891,0.82909,1.88,1.28
2013.11.26 13:33:34.891,0.82891,0.82909,1.13,1.28
2013.11.26 13:33:35.042,0.82887,0.82906,1.20,1.65
2013.11.26 13:33:35.622,0.82887,0.82906,1.20,1.65
2013.11.26 13:33:36.173,0.82887,0.82906,1.20,1.65
2013.11.26 13:33:36.425,0.82886,0.82906,1.20,1.65
2013.11.26 13:33:37.199,0.82886,0.82905,1.13,4.58
2013.11.26 13:33:40.444,0.82886,0.82905,1.13,3.83
2013.11.26 13:33:40.985,0.82886,0.82905,1.13,5.33
2013.11.26 13:33:41.734,0.82887,0.82905,1.13,3.83
2013.11.26 13:33:41.785,0.82887,0.82903,1.13,5.25
2013.11.26 13:33:41.936,0.82887,0.82905,1.13,1.65
2013.11.26 13:33:42.137,0.82887,0.82904,1.13,3.08
2013.11.26 13:33:42.238,0.8289,0.82908,1.13,3.08
2013.11.26 13:33:42.389,0.82892,0.82909,1.13,1.28
2013.11.26 13:33:42.440,0.82892,0.82909,1.13,1.28
2013.11.26 13:33:43.006,0.82895,0.82914,1.13,2.03
2013.11.26 13:33:47.527,0.82895,0.82914,1.13,2.03
2013.11.26 13:33:47.779,0.82893,0.82914,1.13,1.28
2013.11.26 13:33:50.810,0.82893,0.82914,1.13,1.28
2013.11.26 13:33:52.787,0.82893,0.82914,1.13,1.28
2013.11.26 13:33:53.114,0.82893,0.82914,1.13,1.28
2013.11.26 13:33:53.625,0.82893,0.82912,1.13,3.08
2013.11.26 13:33:54.615,0.82893,0.82912,1.13,3.08
2013.11.26 13:33:54.801,0.82893,0.82912,1.13,3.08
2013.11.26 13:33:55.350,0.8289,0.82912,1.20,3.83
2013.11.26 13:33:55.425,0.8289,0.82912,1.20,4.20
2013.11.26 13:33:55.975,0.8289,0.82912,1.20,3.83
2013.11.26 13:33:56.525,0.82891,0.82912,1.13,3.83
2013.11.26 13:33:56.638,0.82893,0.82912,1.13,3.08
2013.11.26 13:33:57.515,0.82891,0.82912,1.13,4.58
2013.11.26 13:33:57.782,0.82892,0.82912,1.50,4.58
2013.11.26 13:33:58.297,0.82892,0.82912,1.13,5.33
2013.11.26 13:33:59.045,0.82892,0.82912,1.88,3.08
2013.11.26 13:33:59.608,0.82892,0.82912,1.13,3.08
2013.11.26 13:34:00.314,0.82892,0.82912,1.20,3.00
2013.11.26 13:34:00.364,0.82893,0.82913,1.28,2.33
2013.11.26 13:34:03.537,0.82893,0.82913,1.20,2.03
2013.11.26 13:34:04.336,0.82893,0.82913,1.95,2.03
2013.11.26 13:34:06.107,0.82895,0.82914,1.13,1.28
2013.11.26 13:34:06.409,0.82892,0.82914,1.28,2.03
2013.11.26 13:34:06.606,0.82892,0.82913,1.20,3.08
2013.11.26 13:34:07.162,0.82892,0.82913,1.20,3.08
2013.11.26 13:34:07.304,0.82895,0.82913,1.13,3.08
2013.11.26 13:34:08.970,0.82892,0.82913,1.20,3.08
2013.11.26 13:34:09.511,0.82892,0.82913,1.20,3.08
2013.11.26 13:34:10.941,0.82891,0.82912,1.20,3.83
2013.11.26 13:34:12.227,0.82891,0.82906,1.13,1.50
2013.11.26 13:34:12.692,0.8289,0.8291,3.08,1.13
2013.11.26 13:34:13.385,0.82889,0.82908,3.08,1.50
2013.11.26 13:34:13.574,0.82891,0.82909,1.28,1.50
2013.11.26 13:34:15.115,0.8289,0.82913,1.28,1.65
2013.11.26 13:34:15.217,0.82891,0.82913,1.28,1.65
2013.11.26 13:34:15.722,0.82895,0.82913,1.20,1.50
2013.11.26 13:34:18.392,0.82896,0.82913,1.13,1.58
2013.11.26 13:34:18.645,0.82891,0.82911,1.28,1.58
2013.11.26 13:34:20.229,0.82891,0.82911,1.28,1.50
2013.11.26 13:34:21.945,0.82891,0.82911,1.28,1.50
2013.11.26 13:34:22.097,0.82892,0.82911,1.20,1.65
2013.11.26 13:34:22.399,0.82887,0.82907,2.40,1.50
2013.11.26 13:34:22.604,0.82891,0.82909,1.13,1.65
2013.11.26 13:34:22.655,0.82891,0.82909,1.13,1.65
2013.11.26 13:34:22.706,0.82891,0.8291,1.13,1.58
2013.11.26 13:34:23.292,0.82888,0.8291,3.83,1.58
2013.11.26 13:34:24.740,0.82888,0.8291,3.83,1.58
2013.11.26 13:34:25.574,0.82892,0.8291,1.20,1.58
2013.11.26 13:34:27.683,0.82891,0.8291,1.20,1.58
2013.11.26 13:34:27.986,0.82889,0.82907,2.33,1.58
2013.11.26 13:34:28.036,0.82888,0.82908,1.65,1.65
2013.11.26 13:34:28.137,0.82888,0.82908,1.65,1.65
2013.11.26 13:34:28.338,0.82891,0.82909,1.20,1.58
2013.11.26 13:34:28.439,0.82891,0.82909,1.20,1.58
2013.11.26 13:34:28.926,0.8289,0.82909,1.13,1.65
2013.11.26 13:34:29.228,0.82887,0.82903,1.13,1.58
2013.11.26 13:34:29.544,0.82889,0.82904,1.13,1.65
2013.11.26 13:34:29.696,0.82889,0.82905,1.13,1.50
2013.11.26 13:34:33.650,0.82885,0.82904,4.58,1.50
2013.11.26 13:34:34.053,0.82886,0.82904,1.58,1.65
2013.11.26 13:34:34.823,0.82882,0.82904,5.33,1.65
2013.11.26 13:34:36.805,0.82887,0.82904,1.50,1.65
2013.11.26 13:34:38.563,0.82889,0.82904,1.13,1.65
2013.11.26 13:34:38.916,0.82892,0.82909,1.13,1.58
2013.11.26 13:34:39.017,0.82892,0.82909,1.13,1.58
2013.11.26 13:34:39.334,0.8289,0.82909,1.20,1.58
2013.11.26 13:34:39.586,0.82893,0.82912,1.13,3.08
2013.11.26 13:34:39.789,0.82893,0.82913,1.13,1.65
2013.11.26 13:34:41.818,0.8289,0.8291,2.40,1.20
2013.11.26 13:34:41.869,0.8289,0.82907,2.40,1.50
2013.11.26 13:34:43.624,0.82888,0.82909,1.28,1.65
2013.11.26 13:34:43.725,0.82888,0.8291,3.53,2.03
2013.11.26 13:34:43.876,0.8289,0.82906,1.13,1.50
2013.11.26 13:34:45.345,0.82891,0.8291,1.50,1.28
2013.11.26 13:34:45.550,0.82891,0.82911,1.95,1.65
2013.11.26 13:34:45.852,0.82892,0.82912,1.28,1.58
2013.11.26 13:34:49.887,0.82892,0.82914,3.45,1.58
2013.11.26 13:34:55.822,0.82891,0.8291,1.28,1.50
2013.11.26 13:34:55.925,0.82891,0.8291,1.65,1.65
2013.11.26 13:34:55.976,0.82891,0.82909,1.58,1.58
2013.11.26 13:34:56.597,0.82891,0.82909,1.13,1.58
2013.11.26 13:34:59.206,0.82891,0.82909,1.13,3.75
2013.11.26 13:34:59.649,0.82887,0.82906,3.15,1.50
2013.11.26 13:35:00.181,0.82887,0.82904,1.13,1.50
2013.11.26 13:35:00.232,0.82887,0.82904,1.13,1.50
2013.11.26 13:35:03.837,0.82888,0.82905,1.13,1.65
2013.11.26 13:35:04.202,0.82887,0.82905,1.20,1.50
2013.11.26 13:35:05.416,0.82887,0.82909,2.03,1.65
2013.11.26 13:35:05.931,0.82887,0.82909,2.03,1.65
2013.11.26 13:35:07.780,0.82887,0.82908,1.95,3.08
2013.11.26 13:35:18.960,0.82887,0.82909,1.65,1.65
2013.11.26 13:35:21.810,0.82887,0.82909,1.65,3.83
2013.11.26 13:35:22.384,0.82887,0.82909,1.65,1.65
2013.11.26 13:35:39.120,0.82888,0.82906,3.08,1.50
2013.11.26 13:35:39.648,0.82891,0.8291,1.58,1.58
2013.11.26 13:35:39.900,0.82893,0.82913,1.88,3.08
2013.11.26 13:35:40.435,0.82891,0.82913,2.33,3.83
2013.11.26 13:35:44.618,0.82891,0.82913,1.20,3.83
2013.11.26 13:35:47.368,0.82892,0.82913,1.58,5.70
2013.11.26 13:35:48.183,0.82891,0.82913,1.20,5.70
2013.11.26 13:35:48.536,0.82888,0.82907,2.40,1.65
2013.11.26 13:35:49.997,0.82889,0.82907,1.95,1.65
2013.11.26 13:35:52.475,0.82889,0.82909,1.13,6.38
2013.11.26 13:35:52.576,0.82889,0.82909,1.13,2.03
2013.11.26 13:35:53.097,0.82887,0.82909,2.03,2.03
2013.11.26 13:35:53.632,0.82887,0.82908,1.88,1.28
2013.11.26 13:35:56.084,0.82886,0.82906,3.08,1.65
2013.11.26 13:35:56.135,0.82886,0.82906,3.08,1.65
2013.11.26 13:35:56.407,0.82885,0.82904,1.28,1.58
2013.11.26 13:35:56.914,0.82883,0.82904,1.28,1.65
2013.11.26 13:35:57.429,0.82883,0.82904,1.20,1.65
2013.11.26 13:36:00.257,0.82883,0.82904,1.13,3.83
2013.11.26 13:36:11.897,0.82881,0.82903,1.88,2.03
2013.11.26 13:36:12.229,0.82881,0.82903,1.88,1.28
2013.11.26 13:36:12.432,0.82886,0.82905,1.50,1.28
2013.11.26 13:36:12.533,0.82886,0.82906,1.88,1.65
2013.11.26 13:36:12.942,0.82889,0.82911,1.28,2.40
2013.11.26 13:36:13.177,0.82889,0.82911,2.03,2.40
2013.11.26 13:36:13.278,0.82888,0.8291,1.28,1.28
2013.11.26 13:36:13.429,0.82887,0.82909,1.28,1.28
2013.11.26 13:36:14.354,0.82887,0.82909,1.28,2.03
2013.11.26 13:36:14.873,0.82887,0.82909,1.13,2.03
2013.11.26 13:36:17.105,0.82886,0.82906,2.03,1.28
2013.11.26 13:36:23.179,0.82886,0.82907,2.03,1.28
2013.11.26 13:36:23.788,0.82886,0.82906,2.03,1.28
2013.11.26 13:36:32.895,0.82886,0.82908,2.03,1.65
2013.11.26 13:36:33.594,0.82888,0.82908,1.50,1.65
2013.11.26 13:36:36.710,0.82887,0.82908,1.65,1.65
2013.11.26 13:36:41.086,0.82886,0.82905,1.28,1.65
2013.11.26 13:36:47.075,0.82886,0.82906,1.65,1.65
2013.11.26 13:36:51.350,0.82886,0.82903,1.58,2.63
2013.11.26 13:36:51.552,0.82878,0.829,1.28,1.28
2013.11.26 13:36:51.652,0.82881,0.829,1.50,1.28
2013.11.26 13:36:52.172,0.82881,0.829,1.58,1.28
2013.11.26 13:36:53.948,0.82881,0.829,1.65,1.13
2013.11.26 13:36:54.049,0.82881,0.829,1.58,1.20
2013.11.26 13:36:55.594,0.8288,0.82899,1.28,1.50
2013.11.26 13:36:55.695,0.82879,0.82898,1.65,1.58
2013.11.26 13:36:55.896,0.82877,0.82897,1.95,1.58
2013.11.26 13:36:56.404,0.82877,0.82897,1.50,3.83
2013.11.26 13:36:57.555,0.82877,0.82897,1.65,1.65
2013.11.26 13:36:58.863,0.82877,0.82897,1.50,1.65
2013.11.26 13:37:03.811,0.82873,0.82895,1.65,1.65
2013.11.26 13:37:04.063,0.82871,0.82894,2.03,3.45
2013.11.26 13:37:04.598,0.8287,0.82893,2.78,1.65
2013.11.26 13:37:07.592,0.82871,0.82893,1.13,3.83
2013.11.26 13:37:12.602,0.82871,0.82893,1.50,5.33
2013.11.26 13:37:15.050,0.82872,0.8289,1.13,3.08
2013.11.26 13:37:15.711,0.82872,0.82892,1.13,2.40
2013.11.26 13:37:18.122,0.82872,0.82893,1.13,3.08
2013.11.26 13:37:23.442,0.82871,0.82893,1.65,3.83
2013.11.26 13:37:23.946,0.82871,0.82892,1.50,5.25
2013.11.26 13:37:24.458,0.82871,0.82891,1.50,5.25
2013.11.26 13:37:26.484,0.82871,0.82891,1.50,4.50
2013.11.26 13:37:26.808,0.82872,0.82888,1.13,2.33
2013.11.26 13:37:27.160,0.8287,0.82889,1.50,1.65
2013.11.26 13:37:29.253,0.8287,0.82889,1.28,1.65
2013.11.26 13:37:29.777,0.82871,0.82889,1.13,1.65
2013.11.26 13:37:30.325,0.82871,0.82889,1.13,1.65
2013.11.26 13:37:31.076,0.82871,0.82889,1.13,2.55
2013.11.26 13:37:31.177,0.82866,0.82884,3.08,1.88
2013.11.26 13:37:31.228,0.82864,0.82884,2.40,1.88
2013.11.26 13:37:31.329,0.82863,0.82884,1.28,3.38
2013.11.26 13:37:32.134,0.82866,0.82882,1.13,1.50
2013.11.26 13:37:32.695,0.82864,0.82883,1.13,1.65
2013.11.26 13:37:36.135,0.82866,0.82882,1.20,1.50
2013.11.26 13:37:36.473,0.82871,0.8289,1.13,3.83
2013.11.26 13:37:36.775,0.82873,0.82894,1.13,4.20
2013.11.26 13:37:37.034,0.82872,0.82888,1.50,1.13
2013.11.26 13:37:37.084,0.8287,0.82888,1.20,1.13
2013.11.26 13:37:37.286,0.82867,0.82887,1.88,3.08
2013.11.26 13:37:40.983,0.82866,0.82884,1.20,1.50
2013.11.26 13:37:41.335,0.82868,0.82888,1.50,1.65
2013.11.26 13:37:41.923,0.8287,0.82889,1.88,2.40
2013.11.26 13:37:42.426,0.8287,0.82891,2.25,4.58
2013.11.26 13:37:42.477,0.8287,0.82891,2.25,2.40
2013.11.26 13:37:43.449,0.8287,0.82891,1.50,2.40
2013.11.26 13:37:43.670,0.8287,0.82889,1.50,1.65
2013.11.26 13:37:43.771,0.82871,0.82889,1.13,6.00
2013.11.26 13:37:44.198,0.82871,0.82889,1.13,5.25
2013.11.26 13:37:44.548,0.82871,0.82891,1.13,1.65
2013.11.26 13:37:45.071,0.82874,0.82894,1.13,1.65
2013.11.26 13:37:45.646,0.82874,0.82894,1.13,1.65
2013.11.26 13:37:48.508,0.82871,0.82891,1.95,1.65
2013.11.26 13:37:49.011,0.82871,0.82891,2.03,1.65
2013.11.26 13:37:49.113,0.82874,0.82894,1.13,5.33
2013.11.26 13:37:49.798,0.82871,0.82891,1.88,1.65
2013.11.26 13:37:50.865,0.82871,0.82891,1.88,1.65
2013.11.26 13:37:50.965,0.82871,0.82889,1.13,1.58
2013.11.26 13:37:51.267,0.82867,0.82888,1.13,3.45
2013.11.26 13:37:54.073,0.82867,0.82888,1.13,4.58
2013.11.26 13:37:54.574,0.82868,0.82889,1.13,7.13
2013.11.26 13:37:54.827,0.8287,0.82888,1.13,1.65
2013.11.26 13:37:55.079,0.82871,0.8289,1.13,2.33
2013.11.26 13:37:55.180,0.82873,0.82892,1.13,2.78
2013.11.26 13:37:55.744,0.82873,0.82891,1.13,2.03
2013.11.26 13:37:59.082,0.82874,0.82893,1.13,7.50
2013.11.26 13:38:01.169,0.82875,0.82893,1.13,1.65
2013.11.26 13:38:01.721,0.82876,0.82893,1.13,1.50
2013.11.26 13:38:02.085,0.82876,0.82893,1.13,1.50
2013.11.26 13:38:06.339,0.82877,0.82892,1.13,1.20
2013.11.26 13:38:06.390,0.82873,0.82891,1.20,1.58
2013.11.26 13:38:06.591,0.82873,0.82892,1.13,1.28
2013.11.26 13:38:06.743,0.82876,0.82893,1.13,1.13
2013.11.26 13:38:13.819,0.82876,0.82894,1.13,1.65
2013.11.26 13:38:13.870,0.82876,0.82894,1.13,1.65
2013.11.26 13:38:17.130,0.82874,0.82894,1.58,1.65
2013.11.26 13:38:17.432,0.82874,0.82892,1.13,2.33
2013.11.26 13:38:21.413,0.82877,0.82893,1.13,3.83
2013.11.26 13:38:21.464,0.82877,0.82893,1.13,1.65
2013.11.26 13:38:22.031,0.82877,0.82892,1.13,1.50
2013.11.26 13:38:23.828,0.82877,0.82896,1.88,1.28
2013.11.26 13:38:23.879,0.82878,0.82898,1.50,3.08
2013.11.26 13:38:23.980,0.82881,0.82899,1.20,1.20
2013.11.26 13:38:24.131,0.82884,0.82904,1.20,1.65
2013.11.26 13:38:24.181,0.82884,0.82904,2.03,1.65
2013.11.26 13:38:24.332,0.82884,0.82904,2.03,1.65
2013.11.26 13:38:24.634,0.82888,0.82903,1.50,3.08
2013.11.26 13:38:25.137,0.82887,0.82904,1.20,3.08
2013.11.26 13:38:25.288,0.82887,0.82906,1.20,1.28
2013.11.26 13:38:28.016,0.82884,0.82907,2.03,3.83
2013.11.26 13:38:28.482,0.82884,0.82904,1.95,1.65
2013.11.26 13:38:30.597,0.82884,0.82904,1.88,1.65
2013.11.26 13:38:31.705,0.82884,0.82904,2.03,1.65
2013.11.26 13:38:33.312,0.82884,0.82903,1.28,1.65
2013.11.26 13:38:34.196,0.82883,0.82903,1.28,1.65
2013.11.26 13:38:37.610,0.82882,0.82903,2.40,1.65
2013.11.26 13:38:38.151,0.82882,0.82903,1.65,1.65
2013.11.26 13:38:38.805,0.82882,0.82903,1.28,1.65
2013.11.26 13:38:40.908,0.82883,0.82903,1.28,1.65
2013.11.26 13:38:41.311,0.82885,0.82903,1.20,1.58
2013.11.26 13:38:41.630,0.82885,0.82903,1.13,1.65
2013.11.26 13:38:43.550,0.82882,0.82901,1.65,1.50
2013.11.26 13:38:44.351,0.82883,0.82903,1.28,1.50
2013.11.26 13:38:44.452,0.82886,0.82903,1.13,1.50
2013.11.26 13:38:44.982,0.82887,0.82906,1.13,1.65
2013.11.26 13:38:45.513,0.82887,0.82906,1.13,1.65
2013.11.26 13:38:56.089,0.82887,0.82908,1.88,6.75
2013.11.26 13:38:56.395,0.82892,0.82912,1.58,1.65
2013.11.26 13:38:59.972,0.82895,0.82913,1.13,3.08
2013.11.26 13:39:02.430,0.82895,0.82913,1.13,3.08
2013.11.26 13:39:09.115,0.82895,0.82913,1.13,3.08
2013.11.26 13:39:16.835,0.82892,0.82914,1.20,1.65
2013.11.26 13:39:17.339,0.82893,0.82914,1.13,3.83
2013.11.26 13:39:19.432,0.82891,0.82914,2.25,5.33
2013.11.26 13:39:19.767,0.82891,0.82914,1.88,3.83
2013.11.26 13:39:20.292,0.82891,0.82909,1.13,3.75
2013.11.26 13:39:25.399,0.82891,0.82908,1.50,1.65
2013.11.26 13:39:25.619,0.82891,0.82909,1.50,3.83
2013.11.26 13:39:26.560,0.82887,0.82909,1.58,3.83
2013.11.26 13:39:28.931,0.82887,0.82909,1.58,3.83
2013.11.26 13:39:31.680,0.82887,0.82909,1.58,3.83
2013.11.26 13:39:32.350,0.82887,0.82909,1.58,3.83
2013.11.26 13:39:33.990,0.82887,0.82909,1.58,3.83
2013.11.26 13:39:40.821,0.82887,0.82909,1.65,1.58
2013.11.26 13:39:40.972,0.82891,0.8291,1.28,1.58
2013.11.26 13:39:41.593,0.82891,0.8291,1.28,1.58
2013.11.26 13:39:45.660,0.82891,0.8291,1.28,1.58
2013.11.26 13:39:46.245,0.82895,0.82913,1.20,1.20
2013.11.26 13:39:46.598,0.82894,0.82913,1.20,1.20
2013.11.26 13:39:49.655,0.82891,0.8291,3.45,1.50
2013.11.26 13:39:50.666,0.82891,0.82908,1.28,1.50
2013.11.26 13:39:50.918,0.82891,0.82908,1.13,1.58
2013.11.26 13:39:51.321,0.82888,0.82908,1.20,1.65
2013.11.26 13:39:51.423,0.82884,0.829,2.33,1.50
2013.11.26 13:39:51.861,0.82885,0.82903,1.28,1.50
2013.11.26 13:39:53.985,0.82885,0.82903,1.28,1.50
2013.11.26 13:39:54.491,0.82883,0.82902,2.70,1.50
2013.11.26 13:39:55.850,0.82885,0.82905,1.28,1.65
2013.11.26 13:39:57.722,0.82886,0.82905,1.28,1.50
2013.11.26 13:39:58.052,0.82888,0.82906,2.70,1.50
2013.11.26 13:39:58.204,0.8289,0.82908,3.08,1.50
2013.11.26 13:39:58.304,0.82889,0.82908,1.28,1.50
2013.11.26 13:39:59.654,0.82888,0.82907,2.70,1.50
2013.11.26 13:40:00.250,0.82887,0.82907,2.70,1.50
2013.11.26 13:40:00.577,0.82886,0.82907,1.65,1.58
2013.11.26 13:40:04.380,0.82885,0.82906,3.83,1.50
2013.11.26 13:40:04.682,0.82885,0.82903,2.25,1.58
2013.11.26 13:40:04.733,0.82879,0.829,4.95,1.58
2013.11.26 13:40:04.784,0.82879,0.829,2.78,1.65
2013.11.26 13:40:05.565,0.82879,0.82898,2.25,1.65
2013.11.26 13:40:05.917,0.82878,0.82897,1.20,1.58
2013.11.26 13:40:06.102,0.82878,0.82899,1.20,1.65
2013.11.26 13:40:18.092,0.82876,0.82897,1.65,1.58
2013.11.26 13:40:19.301,0.82878,0.82899,1.20,1.65
2013.11.26 13:40:21.847,0.82876,0.82892,2.40,1.13
2013.11.26 13:40:22.007,0.82876,0.8289,2.25,1.50
2013.11.26 13:40:22.535,0.82871,0.82889,4.58,1.50
2013.11.26 13:40:23.049,0.82871,0.82892,4.58,1.20
2013.11.26 13:40:28.349,0.82871,0.82888,4.58,1.50
2013.11.26 13:40:33.734,0.82874,0.82894,1.28,2.03
2013.11.26 13:40:34.618,0.82871,0.82889,3.45,1.50
2013.11.26 13:40:36.594,0.82869,0.82889,1.28,1.50
2013.11.26 13:40:37.112,0.82869,0.82889,1.28,1.65
2013.11.26 13:40:37.414,0.82869,0.82888,1.28,1.58
2013.11.26 13:40:40.415,0.82867,0.82883,3.45,1.50
2013.11.26 13:40:41.341,0.82867,0.82883,3.45,1.50
2013.11.26 13:40:41.442,0.82867,0.82883,1.28,1.50
2013.11.26 13:40:51.577,0.82864,0.82883,1.13,1.65
2013.11.26 13:40:51.677,0.82862,0.8288,1.13,1.58
2013.11.26 13:40:51.839,0.82862,0.8288,1.13,1.58
2013.11.26 13:41:04.379,0.82859,0.82876,2.70,1.50
2013.11.26 13:41:06.329,0.82857,0.82876,2.70,1.50
2013.11.26 13:41:06.379,0.82857,0.82876,3.08,1.50
2013.11.26 13:41:06.430,0.82856,0.82876,1.28,1.58
2013.11.26 13:41:06.531,0.82856,0.82871,1.28,1.50
2013.11.26 13:41:08.051,0.82856,0.82874,1.20,1.50
2013.11.26 13:41:09.270,0.82856,0.82874,1.28,1.58
2013.11.26 13:41:12.537,0.82856,0.82873,1.28,1.50
2013.11.26 13:41:20.862,0.82856,0.82876,1.13,1.65
2013.11.26 13:41:21.373,0.82852,0.82869,2.78,1.50
2013.11.26 13:41:21.574,0.82851,0.82869,1.20,1.58
2013.11.26 13:41:25.191,0.82851,0.82869,1.13,1.65
2013.11.26 13:41:26.247,0.82851,0.82869,1.13,1.65
2013.11.26 13:41:28.674,0.82851,0.82867,1.13,1.65
2013.11.26 13:41:30.038,0.82851,0.82864,1.13,1.50
2013.11.26 13:41:30.089,0.82844,0.82863,7.13,1.50
2013.11.26 13:41:30.392,0.82843,0.82858,1.28,1.50
2013.11.26 13:41:30.844,0.82842,0.82856,1.28,1.50
2013.11.26 13:41:31.103,0.82842,0.82856,1.13,1.50
2013.11.26 13:41:36.598,0.82836,0.82858,1.28,1.65
2013.11.26 13:41:37.101,0.82839,0.82858,2.40,1.50
2013.11.26 13:41:37.604,0.82839,0.82858,4.58,1.50
2013.11.26 13:41:38.620,0.82842,0.82858,1.28,1.50
2013.11.26 13:41:38.671,0.82842,0.82863,1.28,1.65
2013.11.26 13:41:39.325,0.82842,0.82863,1.28,1.65
2013.11.26 13:41:39.608,0.82842,0.82863,2.78,1.65
2013.11.26 13:41:39.860,0.82842,0.82863,1.28,1.65
2013.11.26 13:41:40.824,0.82842,0.82863,1.28,1.65
2013.11.26 13:41:41.353,0.82842,0.82859,1.28,1.50
2013.11.26 13:41:41.630,0.82842,0.82858,1.28,1.50
2013.11.26 13:41:42.511,0.82838,0.82858,3.83,1.50
2013.11.26 13:41:42.612,0.82837,0.82858,1.20,1.65
2013.11.26 13:41:42.865,0.82836,0.82855,1.20,1.65
2013.11.26 13:41:43.039,0.82837,0.82857,1.13,3.08
2013.11.26 13:41:43.190,0.82842,0.82859,1.13,1.65
2013.11.26 13:41:43.391,0.82842,0.82859,1.13,1.65
2013.11.26 13:41:43.593,0.82836,0.82852,2.40,1.50
2013.11.26 13:41:43.845,0.82834,0.82854,4.58,1.50
2013.11.26 13:41:44.389,0.82834,0.82853,2.78,1.50
2013.11.26 13:41:44.811,0.82834,0.82853,2.40,1.50
2013.11.26 13:41:45.115,0.82833,0.82858,3.15,2.03
2013.11.26 13:41:45.372,0.82833,0.82853,2.78,1.50
2013.11.26 13:41:46.462,0.82833,0.82858,1.28,1.28
2013.11.26 13:41:46.563,0.82835,0.82858,1.28,2.40
2013.11.26 13:41:47.900,0.82835,0.82859,1.28,1.65
2013.11.26 13:41:48.403,0.8284,0.82863,1.28,4.95
2013.11.26 13:41:48.453,0.8284,0.82863,1.28,3.45
2013.11.26 13:41:48.605,0.82841,0.82859,1.28,1.50
2013.11.26 13:41:49.220,0.8284,0.82859,6.00,1.50
2013.11.26 13:41:52.538,0.8284,0.82859,1.28,1.50
2013.11.26 13:41:55.870,0.8284,0.82859,1.20,1.58
2013.11.26 13:41:57.811,0.82841,0.82859,1.35,1.65
2013.11.26 13:41:57.861,0.82846,0.82864,1.13,2.03
2013.11.26 13:41:58.163,0.82852,0.82873,3.08,2.25
2013.11.26 13:41:58.471,0.82857,0.82873,1.13,1.50
2013.11.26 13:41:59.054,0.82851,0.82869,1.28,1.50
2013.11.26 13:41:59.155,0.82851,0.82869,1.28,1.50
2013.11.26 13:41:59.306,0.82851,0.82869,1.28,1.50
2013.11.26 13:41:59.911,0.82851,0.8287,1.13,1.28
2013.11.26 13:42:00.012,0.82851,0.82872,1.50,3.08
2013.11.26 13:42:00.113,0.82851,0.8287,1.58,1.65
2013.11.26 13:42:00.163,0.82851,0.8287,1.58,1.58
2013.11.26 13:42:00.673,0.82851,0.82868,1.13,1.50
2013.11.26 13:42:00.929,0.82851,0.82869,1.13,1.65
2013.11.26 13:42:01.754,0.82851,0.82869,1.20,1.65
2013.11.26 13:42:02.006,0.82851,0.82873,1.28,1.65
2013.11.26 13:42:02.308,0.82851,0.82869,1.20,1.58
2013.11.26 13:42:02.358,0.8285,0.82864,1.65,1.50
2013.11.26 13:42:02.861,0.82845,0.82864,2.78,1.50
2013.11.26 13:42:04.028,0.82845,0.82864,2.78,1.50
2013.11.26 13:42:07.129,0.82845,0.82864,1.13,1.65
2013.11.26 13:42:07.648,0.82845,0.82861,1.13,1.28
2013.11.26 13:42:12.463,0.82845,0.82863,1.13,1.28
2013.11.26 13:42:18.319,0.82844,0.82864,1.28,1.58
2013.11.26 13:42:21.739,0.82844,0.82864,1.28,1.58
2013.11.26 13:42:26.429,0.82844,0.82863,1.20,1.20
2013.11.26 13:42:26.930,0.82842,0.82858,1.28,1.50
2013.11.26 13:42:30.667,0.82844,0.82862,1.20,1.20
2013.11.26 13:42:31.020,0.82842,0.82858,1.28,1.50
2013.11.26 13:42:33.512,0.82844,0.82866,1.58,3.08
2013.11.26 13:42:34.011,0.82846,0.82869,3.08,3.90
2013.11.26 13:42:34.063,0.82851,0.82868,1.13,1.65
2013.11.26 13:42:34.214,0.82851,0.82868,1.28,1.50
2013.11.26 13:42:34.416,0.82851,0.82868,1.20,1.50
2013.11.26 13:42:34.567,0.82851,0.82868,1.13,1.50
2013.11.26 13:42:35.854,0.82845,0.82859,1.58,1.50
2013.11.26 13:42:39.449,0.82845,0.82863,1.13,1.65
2013.11.26 13:42:43.044,0.82842,0.82863,1.65,1.65
2013.11.26 13:42:43.203,0.82842,0.8286,1.58,1.50
2013.11.26 13:42:45.801,0.82841,0.82863,1.50,1.28
2013.11.26 13:42:49.096,0.82842,0.8286,1.28,1.50
2013.11.26 13:42:51.852,0.82842,0.82864,1.28,1.65
2013.11.26 13:42:52.296,0.82842,0.82863,1.28,1.65
2013.11.26 13:42:52.497,0.82848,0.82864,1.13,1.58
2013.11.26 13:42:53.010,0.82848,0.82863,1.13,1.50
2013.11.26 13:42:54.599,0.82846,0.82864,1.20,1.65
2013.11.26 13:42:57.540,0.82846,0.82864,1.20,1.50
2013.11.26 13:43:01.839,0.82848,0.82867,1.20,1.20
2013.11.26 13:43:04.401,0.82844,0.82864,3.08,1.50
2013.11.26 13:43:04.960,0.82843,0.82864,2.78,1.50
2013.11.26 13:43:06.811,0.82843,0.82864,1.28,1.50
2013.11.26 13:43:06.912,0.82843,0.82859,1.28,1.50
2013.11.26 13:43:12.398,0.82843,0.82865,1.58,3.08
2013.11.26 13:43:12.925,0.82843,0.82866,2.78,1.20
2013.11.26 13:43:19.315,0.82846,0.82868,1.20,1.28
2013.11.26 13:43:19.820,0.8285,0.82869,1.13,1.65
2013.11.26 13:43:20.457,0.82847,0.82865,2.03,1.50
2013.11.26 13:43:21.318,0.8285,0.82868,1.20,1.58
2013.11.26 13:43:22.535,0.8285,0.82868,1.28,1.50
2013.11.26 13:43:23.856,0.82855,0.82872,1.13,1.28
2013.11.26 13:43:24.407,0.82852,0.82868,1.20,1.50
2013.11.26 13:43:24.960,0.82852,0.82868,1.13,1.65
2013.11.26 13:43:25.304,0.82852,0.82868,1.13,1.50
2013.11.26 13:43:28.156,0.82855,0.8287,1.13,1.28
2013.11.26 13:43:28.369,0.82851,0.82869,1.13,1.65
2013.11.26 13:43:30.570,0.82851,0.82869,1.13,1.65
2013.11.26 13:43:30.771,0.82851,0.82873,1.28,3.53
2013.11.26 13:43:31.542,0.82851,0.82873,1.28,2.40
2013.11.26 13:43:31.894,0.82852,0.82868,1.28,1.50
2013.11.26 13:43:32.407,0.82853,0.82869,4.88,1.50
2013.11.26 13:43:32.508,0.82851,0.82869,3.45,1.50
2013.11.26 13:43:33.045,0.82851,0.82869,3.45,1.50
2013.11.26 13:43:34.550,0.82851,0.82869,1.28,1.50
2013.11.26 13:43:35.073,0.82851,0.82869,1.28,1.50
2013.11.26 13:43:36.540,0.82852,0.82869,2.70,1.50
2013.11.26 13:43:37.254,0.82852,0.82869,2.70,1.50
2013.11.26 13:43:38.598,0.82853,0.82873,1.28,1.58
2013.11.26 13:43:39.816,0.82854,0.82873,3.08,1.50
2013.11.26 13:43:41.785,0.82853,0.82873,1.28,1.50
2013.11.26 13:43:50.567,0.82854,0.82869,2.03,1.50
2013.11.26 13:43:51.123,0.82852,0.82873,3.08,1.13
2013.11.26 13:43:51.374,0.8285,0.82868,1.28,1.50
2013.11.26 13:43:51.576,0.8285,0.82868,1.20,1.58
2013.11.26 13:43:52.325,0.8285,0.82868,1.20,1.58
2013.11.26 13:43:52.985,0.8285,0.82868,1.20,1.58
2013.11.26 13:43:53.511,0.8285,0.82868,1.28,1.50
2013.11.26 13:43:54.551,0.8285,0.82868,1.20,1.58
2013.11.26 13:43:55.404,0.8285,0.82869,1.20,1.95
2013.11.26 13:43:55.455,0.8285,0.82869,1.20,1.95
2013.11.26 13:43:55.556,0.8285,0.82869,1.20,1.58
2013.11.26 13:43:56.068,0.82855,0.82873,1.20,1.58
2013.11.26 13:43:56.715,0.82852,0.82869,3.45,1.50
2013.11.26 13:43:57.044,0.82852,0.82869,2.70,1.50
2013.11.26 13:43:57.145,0.8285,0.82864,1.50,1.50
2013.11.26 13:43:57.548,0.82846,0.82864,1.28,1.50
2013.11.26 13:43:57.598,0.82846,0.82868,1.28,3.53
2013.11.26 13:43:57.649,0.82846,0.82868,1.28,3.53
2013.11.26 13:43:58.257,0.82847,0.82865,1.65,1.50
2013.11.26 13:43:59.171,0.82848,0.82869,1.28,1.65
2013.11.26 13:43:59.391,0.82847,0.82867,1.28,1.50
2013.11.26 13:44:00.826,0.82848,0.82869,1.28,1.95
2013.11.26 13:44:01.362,0.82847,0.82867,4.20,1.50
2013.11.26 13:44:01.874,0.82846,0.82867,5.33,1.58
2013.11.26 13:44:05.207,0.82846,0.82864,1.28,1.50
2013.11.26 13:44:05.308,0.82849,0.82868,5.25,1.50
2013.11.26 13:44:05.358,0.8285,0.82868,1.50,1.50
2013.11.26 13:44:05.509,0.82852,0.82868,3.08,1.50
2013.11.26 13:44:05.660,0.82856,0.82873,1.20,1.58
2013.11.26 13:44:05.862,0.82856,0.82873,3.45,1.50
2013.11.26 13:44:06.164,0.82857,0.82875,1.28,1.50
2013.11.26 13:44:06.315,0.82862,0.82878,1.13,1.58
2013.11.26 13:44:06.566,0.82862,0.82878,1.13,1.88
2013.11.26 13:44:07.375,0.82862,0.82878,1.13,1.50
2013.11.26 13:44:08.845,0.82862,0.82878,1.13,1.50
2013.11.26 13:44:09.361,0.82857,0.82876,2.78,1.50
2013.11.26 13:44:17.579,0.82856,0.82875,2.40,1.50
2013.11.26 13:44:20.026,0.82855,0.82875,1.28,1.50
2013.11.26 13:44:25.681,0.82855,0.82873,1.28,1.50
2013.11.26 13:44:25.832,0.82851,0.82871,2.40,1.88
2013.11.26 13:44:26.235,0.82852,0.82872,2.70,1.50
2013.11.26 13:44:26.336,0.82856,0.82874,1.20,1.50
2013.11.26 13:44:26.386,0.82856,0.82874,1.28,1.50
2013.11.26 13:44:26.793,0.82853,0.82874,2.78,1.50
2013.11.26 13:44:26.894,0.82852,0.82871,4.20,1.50
2013.11.26 13:44:27.864,0.82852,0.82874,3.83,1.88
2013.11.26 13:44:28.016,0.82854,0.82874,4.58,1.50
2013.11.26 13:44:28.868,0.82854,0.82874,4.58,1.50
2013.11.26 13:44:34.596,0.82853,0.82871,4.58,1.50
2013.11.26 13:44:34.748,0.82851,0.82871,3.53,1.50
2013.11.26 13:44:35.807,0.8285,0.82871,6.38,1.50
2013.11.26 13:44:36.310,0.82849,0.82868,2.70,1.50
2013.11.26 13:44:36.695,0.82851,0.82869,1.28,1.50
2013.11.26 13:44:37.398,0.82851,0.82869,1.20,1.50
2013.11.26 13:44:43.822,0.82851,0.82869,1.28,1.50
2013.11.26 13:44:44.140,0.82851,0.82871,1.28,1.50
2013.11.26 13:44:47.141,0.82852,0.82868,1.65,1.50
2013.11.26 13:44:53.815,0.82851,0.82868,2.70,1.50
2013.11.26 13:44:54.016,0.8285,0.82866,2.03,1.50
2013.11.26 13:44:54.434,0.82848,0.82866,2.03,1.50
2013.11.26 13:44:54.804,0.82848,0.82866,2.03,1.50
2013.11.26 13:44:55.106,0.82847,0.82865,1.65,1.13
2013.11.26 13:44:55.618,0.82843,0.82863,7.13,1.50
2013.11.26 13:44:56.082,0.82843,0.82863,1.28,1.58
2013.11.26 13:45:00.709,0.82842,0.82862,3.45,1.50
2013.11.26 13:45:01.215,0.82843,0.82862,2.70,1.50
2013.11.26 13:45:01.892,0.82845,0.82863,1.28,1.50
2013.11.26 13:45:02.541,0.82843,0.82862,1.28,1.50
2013.11.26 13:45:02.645,0.82845,0.82863,1.20,1.58
2013.11.26 13:45:03.148,0.82845,0.82865,3.45,1.50
2013.11.26 13:45:03.678,0.82846,0.82865,3.08,1.50
2013.11.26 13:45:11.103,0.82847,0.82868,2.40,1.58
2013.11.26 13:45:14.619,0.82846,0.82864,3.45,1.50
2013.11.26 13:45:15.102,0.82848,0.82867,2.33,1.50
2013.11.26 13:45:15.555,0.8285,0.8287,1.65,1.50
2013.11.26 13:45:15.756,0.82851,0.8287,3.45,1.50
2013.11.26 13:45:20.071,0.82851,0.82871,2.40,1.50
2013.11.26 13:45:20.386,0.82854,0.82876,6.00,1.50
2013.11.26 13:45:24.992,0.82853,0.82875,3.83,1.58
2013.11.26 13:45:26.178,0.82853,0.82874,1.28,1.20
2013.11.26 13:45:26.430,0.82851,0.82869,1.28,1.50
2013.11.26 13:45:26.531,0.82848,0.82869,4.20,1.50
2013.11.26 13:45:27.854,0.82847,0.82869,1.28,1.65
2013.11.26 13:45:28.006,0.82847,0.82869,1.28,5.70
2013.11.26 13:45:28.106,0.82847,0.82869,1.28,5.70
2013.11.26 13:45:28.258,0.82846,0.82866,1.65,1.65
2013.11.26 13:45:28.839,0.82846,0.82866,1.58,1.65
2013.11.26 13:45:29.141,0.82866,0.82886,1.20,1.20
2013.11.26 13:45:29.644,0.82867,0.82887,3.00,1.58
2013.11.26 13:45:30.417,0.82872,0.82892,2.63,1.65
2013.11.26 13:45:32.158,0.82871,0.82891,1.28,1.50
2013.11.26 13:45:32.259,0.82871,0.82891,1.28,1.50
2013.11.26 13:45:32.788,0.82867,0.82888,3.15,1.65
2013.11.26 13:45:33.140,0.82866,0.82888,3.15,1.58
2013.11.26 13:45:33.895,0.82865,0.82884,1.28,1.50
2013.11.26 13:45:33.996,0.82861,0.82881,3.15,1.50
2013.11.26 13:45:34.508,0.82861,0.82879,1.65,1.50
2013.11.26 13:45:35.317,0.82859,0.82879,3.83,1.50
2013.11.26 13:45:35.836,0.82859,0.82879,3.83,1.50
2013.11.26 13:45:41.752,0.82861,0.82879,3.08,1.50
2013.11.26 13:45:41.853,0.82862,0.82879,1.65,1.50
2013.11.26 13:45:44.359,0.82862,0.82882,3.83,1.50
2013.11.26 13:45:44.907,0.82862,0.82882,5.25,1.50
2013.11.26 13:45:46.286,0.8286,0.82882,3.08,1.58
2013.11.26 13:45:47.869,0.82862,0.82882,3.08,1.50
2013.11.26 13:45:48.121,0.82864,0.82883,3.08,1.50
2013.11.26 13:45:48.922,0.82864,0.82883,5.25,1.50
2013.11.26 13:45:54.599,0.82864,0.82885,5.25,1.50
2013.11.26 13:46:01.905,0.82864,0.82883,5.25,1.50
2013.11.26 13:46:03.230,0.82867,0.82883,1.28,1.50
2013.11.26 13:46:04.058,0.82868,0.82888,2.70,1.50
2013.11.26 13:46:04.159,0.82867,0.82888,1.65,3.00
2013.11.26 13:46:07.066,0.82866,0.82888,3.83,1.50
2013.11.26 13:46:13.387,0.82866,0.82888,3.83,1.50
2013.11.26 13:46:14.447,0.82866,0.82888,1.65,1.65
2013.11.26 13:46:14.997,0.82866,0.82885,1.50,3.15
2013.11.26 13:46:16.858,0.82866,0.82885,1.50,3.15
2013.11.26 13:46:17.606,0.82866,0.82885,1.50,1.65
2013.11.26 13:46:17.835,0.82866,0.82885,1.50,1.65
2013.11.26 13:46:18.046,0.82866,0.82885,1.50,1.65
2013.11.26 13:46:18.417,0.82866,0.82885,1.50,3.15
2013.11.26 13:46:18.518,0.82866,0.82885,1.50,3.15
2013.11.26 13:46:19.061,0.82866,0.82885,1.13,1.65
2013.11.26 13:46:19.212,0.82864,0.82884,1.50,2.40
2013.11.26 13:46:19.716,0.82862,0.82883,1.65,3.15
2013.11.26 13:46:19.969,0.82862,0.82883,1.28,3.15
2013.11.26 13:46:20.020,0.82862,0.82879,1.13,1.65
2013.11.26 13:46:20.645,0.82862,0.82877,1.13,2.40
2013.11.26 13:46:21.176,0.82862,0.82878,1.13,3.15
2013.11.26 13:46:21.612,0.82856,0.82875,1.65,1.50
2013.11.26 13:46:22.145,0.82856,0.82874,1.58,1.58
2013.11.26 13:46:24.616,0.8286,0.82875,1.50,1.58
2013.11.26 13:46:25.583,0.82857,0.82876,1.50,3.15
2013.11.26 13:46:25.785,0.82855,0.82873,1.13,1.65
2013.11.26 13:46:26.087,0.82853,0.82872,1.13,3.08
2013.11.26 13:46:28.888,0.82853,0.8287,1.13,2.40
2013.11.26 13:46:29.668,0.82851,0.82869,1.50,3.15
2013.11.26 13:46:29.819,0.82851,0.82869,1.50,5.33
2013.11.26 13:46:30.540,0.82852,0.82869,1.50,2.40
2013.11.26 13:46:30.793,0.82854,0.82871,1.13,2.40
2013.11.26 13:46:32.515,0.82854,0.82871,1.13,2.40
2013.11.26 13:46:33.734,0.82854,0.82873,1.13,2.40
2013.11.26 13:46:34.289,0.82854,0.82873,1.13,2.40
2013.11.26 13:46:34.882,0.82854,0.82874,1.13,5.33
2013.11.26 13:46:34.932,0.82856,0.82874,1.13,3.15
2013.11.26 13:46:35.234,0.82856,0.82874,3.45,1.50
2013.11.26 13:46:35.712,0.82856,0.82874,3.83,1.50
2013.11.26 13:46:35.763,0.82856,0.82876,3.83,1.50
2013.11.26 13:46:35.964,0.82862,0.82878,1.13,1.58
2013.11.26 13:46:39.347,0.82857,0.82877,3.08,1.50
2013.11.26 13:46:40.621,0.82857,0.82877,3.08,1.50
2013.11.26 13:46:40.671,0.82862,0.82878,1.13,1.50
2013.11.26 13:46:44.577,0.82862,0.82878,1.13,1.50
2013.11.26 13:46:45.387,0.82862,0.82878,1.13,1.50
2013.11.26 13:46:47.915,0.82862,0.82878,1.13,1.50
2013.11.26 13:46:51.505,0.82862,0.82878,1.13,1.50
2013.11.26 13:46:52.116,0.82862,0.82878,1.13,1.50
2013.11.26 13:46:53.415,0.8286,0.82878,1.28,1.50
2013.11.26 13:46:53.816,0.8286,0.82878,1.28,1.50
2013.11.26 13:46:54.326,0.8286,0.82874,1.28,1.50
2013.11.26 13:46:56.439,0.82861,0.82878,1.13,1.58
2013.11.26 13:46:56.836,0.82858,0.82881,1.20,1.65
2013.11.26 13:47:00.355,0.8286,0.82879,1.13,1.58
2013.11.26 13:47:01.464,0.82859,0.82879,1.58,1.58
2013.11.26 13:47:01.766,0.82858,0.82878,1.28,1.58
2013.11.26 13:47:03.616,0.82857,0.82878,1.13,3.83
2013.11.26 13:47:03.667,0.82857,0.82875,1.13,1.65
2013.11.26 13:47:04.240,0.82857,0.82878,2.25,3.08
2013.11.26 13:47:04.442,0.82858,0.82879,1.20,1.65
2013.11.26 13:47:06.637,0.82859,0.82879,2.63,1.50
2013.11.26 13:47:06.888,0.8286,0.82881,2.03,1.65
2013.11.26 13:47:06.989,0.8286,0.82881,2.03,1.58
2013.11.26 13:47:09.166,0.82862,0.82881,2.33,1.50
2013.11.26 13:47:09.519,0.82862,0.82881,1.65,1.50
2013.11.26 13:47:09.994,0.82858,0.82875,2.33,1.50
2013.11.26 13:47:10.367,0.82856,0.82878,3.83,1.50
2013.11.26 13:47:10.934,0.82857,0.82878,1.28,1.50
2013.11.26 13:47:14.354,0.82857,0.82877,2.40,1.50
2013.11.26 13:47:16.335,0.82859,0.82879,1.28,1.65
2013.11.26 13:47:17.043,0.82859,0.82879,1.28,1.65
2013.11.26 13:47:17.104,0.82859,0.82876,1.28,1.50
2013.11.26 13:47:21.355,0.82861,0.82877,1.13,1.50
2013.11.26 13:47:22.370,0.82861,0.82877,1.13,1.50
2013.11.26 13:47:22.421,0.82861,0.82878,1.13,1.50
2013.11.26 13:47:22.959,0.82859,0.82877,1.20,1.65
2013.11.26 13:47:24.196,0.82856,0.82872,2.70,1.50
2013.11.26 13:47:24.398,0.82854,0.82873,1.50,1.88
2013.11.26 13:47:24.499,0.82852,0.82873,1.50,2.25
2013.11.26 13:47:25.354,0.8285,0.82868,1.20,1.58
2013.11.26 13:47:29.518,0.82848,0.82868,1.28,1.58
2013.11.26 13:47:29.721,0.82846,0.82866,2.78,1.50
2013.11.26 13:47:30.196,0.82848,0.82869,1.13,1.65
2013.11.26 13:47:37.923,0.82848,0.82867,1.13,1.65
2013.11.26 13:47:40.895,0.82845,0.82867,1.28,1.65
2013.11.26 13:47:41.411,0.82844,0.82865,1.13,1.65
2013.11.26 13:47:42.013,0.82842,0.82865,2.40,1.65
2013.11.26 13:47:42.406,0.82844,0.82865,1.13,1.65
2013.11.26 13:47:44.171,0.82844,0.82863,3.45,1.50
2013.11.26 13:47:44.322,0.82846,0.82863,1.13,1.58
2013.11.26 13:47:44.624,0.82841,0.82861,3.08,1.50
2013.11.26 13:47:44.974,0.8284,0.82859,1.28,1.88
2013.11.26 13:47:46.068,0.8284,0.82859,1.20,1.58
2013.11.26 13:47:46.583,0.82834,0.82856,2.40,2.40
2013.11.26 13:47:46.936,0.82835,0.82855,1.13,6.00
2013.11.26 13:47:47.389,0.82835,0.82855,1.28,1.65
2013.11.26 13:47:49.412,0.82835,0.82855,1.28,1.65
2013.11.26 13:47:54.547,0.82836,0.82857,1.88,3.83
2013.11.26 13:47:54.849,0.82841,0.82858,1.13,3.83
2013.11.26 13:47:55.553,0.82841,0.82858,1.20,1.50
2013.11.26 13:48:00.330,0.82841,0.82858,1.13,1.58
2013.11.26 13:48:02.393,0.82836,0.82858,2.40,1.58
2013.11.26 13:48:06.552,0.82837,0.82858,2.40,1.58
2013.11.26 13:48:07.805,0.82836,0.82853,2.40,1.50
2013.11.26 13:48:07.910,0.82834,0.82851,2.03,1.50
2013.11.26 13:48:08.115,0.82832,0.82851,2.25,1.65
2013.11.26 13:48:08.329,0.82831,0.82849,1.20,1.58
2013.11.26 13:48:08.429,0.82831,0.82849,1.28,1.58
2013.11.26 13:48:08.732,0.82832,0.82851,4.20,1.50
2013.11.26 13:48:13.623,0.82835,0.82857,1.28,4.58
2013.11.26 13:48:14.384,0.82835,0.82854,1.28,1.65
2013.11.26 13:48:14.702,0.82832,0.82852,3.08,1.50
2013.11.26 13:48:15.240,0.82831,0.82852,1.58,1.65
2013.11.26 13:48:19.070,0.82831,0.82852,1.20,1.65
2013.11.26 13:48:20.015,0.82831,0.82849,1.20,1.50
2013.11.26 13:48:20.084,0.82831,0.82849,1.20,1.50
2013.11.26 13:48:20.336,0.82831,0.82851,1.20,1.58
2013.11.26 13:48:20.845,0.82831,0.82853,1.28,1.65
2013.11.26 13:48:22.392,0.82832,0.82854,2.40,1.65
2013.11.26 13:48:23.619,0.82836,0.82854,1.13,1.65
2013.11.26 13:48:24.211,0.82836,0.82856,1.20,1.65
2013.11.26 13:48:24.945,0.82838,0.82857,1.13,2.33
2013.11.26 13:48:25.046,0.82838,0.82858,1.20,1.65
2013.11.26 13:48:25.146,0.82839,0.82858,1.13,1.65
2013.11.26 13:48:25.247,0.82839,0.82858,1.13,1.65
2013.11.26 13:48:29.947,0.82839,0.82858,1.20,1.65
2013.11.26 13:48:30.099,0.82839,0.82858,3.45,1.50
2013.11.26 13:48:30.317,0.82842,0.82858,1.65,1.50
2013.11.26 13:48:30.641,0.82851,0.82868,1.13,2.40
2013.11.26 13:48:30.816,0.82851,0.82869,1.13,6.00
2013.11.26 13:48:33.611,0.82851,0.82865,1.13,1.50
2013.11.26 13:48:33.850,0.82851,0.82868,1.13,1.50
2013.11.26 13:48:33.951,0.82851,0.82868,1.13,1.50
2013.11.26 13:48:36.161,0.82851,0.82868,1.13,1.50
2013.11.26 13:48:57.082,0.82847,0.82868,1.28,1.65
2013.11.26 13:48:57.882,0.82847,0.82864,1.20,1.58
2013.11.26 13:49:03.644,0.82846,0.82864,1.20,1.58
2013.11.26 13:49:04.153,0.8284,0.82859,1.28,1.50
2013.11.26 13:49:04.204,0.8284,0.82859,1.28,1.58
2013.11.26 13:49:11.109,0.82839,0.82859,1.28,1.65
2013.11.26 13:49:11.363,0.82838,0.82863,1.65,6.00
2013.11.26 13:49:11.868,0.8284,0.82863,3.45,1.65
2013.11.26 13:49:11.969,0.8284,0.82863,3.08,1.65
2013.11.26 13:49:12.341,0.8284,0.8286,3.08,1.50
2013.11.26 13:49:14.071,0.8284,0.82864,3.08,2.03
2013.11.26 13:49:17.300,0.8284,0.82864,5.33,2.03
2013.11.26 13:49:20.661,0.82842,0.82861,1.28,1.58
2013.11.26 13:49:21.297,0.82842,0.82861,1.28,1.58
2013.11.26 13:49:23.152,0.82842,0.82861,1.58,1.58
2013.11.26 13:49:24.398,0.82842,0.82861,1.58,1.58
2013.11.26 13:49:27.193,0.82842,0.82858,1.20,1.50
2013.11.26 13:49:28.459,0.82842,0.82857,1.13,1.50
2013.11.26 13:49:39.389,0.82837,0.82857,1.28,1.50
2013.11.26 13:49:42.172,0.82837,0.82857,1.28,1.50
2013.11.26 13:49:44.892,0.8284,0.82859,1.13,2.03
2013.11.26 13:49:44.992,0.8284,0.82859,1.13,1.65
2013.11.26 13:49:46.030,0.82841,0.82859,1.13,1.65
2013.11.26 13:49:46.360,0.82841,0.82857,1.13,1.50
2013.11.26 13:50:09.126,0.82841,0.82858,1.13,1.65
2013.11.26 13:50:10.116,0.82841,0.82858,1.13,1.65
2013.11.26 13:50:13.024,0.82839,0.82856,1.13,3.08
2013.11.26 13:50:13.125,0.82836,0.82856,1.50,3.83
2013.11.26 13:50:13.433,0.82836,0.82853,1.50,1.65
2013.11.26 13:50:13.685,0.82836,0.8285,1.50,1.50
2013.11.26 13:50:14.189,0.82836,0.82852,1.13,1.65
2013.11.26 13:50:17.825,0.82836,0.82855,1.50,1.28
2013.11.26 13:50:18.128,0.8283,0.82849,1.28,1.20
2013.11.26 13:50:18.704,0.82829,0.82848,1.50,3.83
2013.11.26 13:50:19.579,0.82831,0.82849,1.50,1.65
2013.11.26 13:50:20.453,0.82826,0.82847,1.65,1.28
2013.11.26 13:50:20.604,0.82826,0.82845,1.65,1.13
2013.11.26 13:50:20.654,0.82827,0.82845,1.58,1.13
2013.11.26 13:50:21.869,0.82823,0.82843,2.40,1.28
2013.11.26 13:50:23.139,0.82821,0.82844,3.15,1.28
2013.11.26 13:50:23.240,0.82824,0.82843,1.50,1.28
2013.11.26 13:50:24.254,0.82827,0.82843,1.50,1.28
2013.11.26 13:50:24.556,0.82827,0.82847,1.65,1.28
2013.11.26 13:50:25.645,0.82824,0.82846,3.45,1.28
2013.11.26 13:50:29.446,0.82827,0.82846,1.65,1.28
2013.11.26 13:50:29.597,0.82824,0.82846,3.45,1.28
2013.11.26 13:50:30.298,0.82826,0.82845,2.40,1.13
2013.11.26 13:50:30.602,0.82831,0.82849,1.50,1.28
2013.11.26 13:50:30.803,0.82831,0.82852,1.50,5.63
2013.11.26 13:50:32.384,0.82828,0.82852,2.78,5.63
2013.11.26 13:50:32.905,0.82828,0.82848,1.28,1.28
2013.11.26 13:50:33.795,0.82829,0.82851,1.28,1.28
2013.11.26 13:50:34.332,0.82831,0.82852,1.50,5.25
2013.11.26 13:50:36.544,0.82831,0.82852,1.88,5.25
2013.11.26 13:50:36.645,0.82836,0.82852,1.50,5.25
2013.11.26 13:50:37.254,0.82836,0.82854,1.50,3.08
2013.11.26 13:50:37.635,0.82835,0.82854,1.13,3.08
2013.11.26 13:50:38.126,0.82833,0.82853,1.13,1.28
2013.11.26 13:50:39.886,0.82833,0.82853,1.13,1.28
2013.11.26 13:50:40.383,0.82836,0.82853,1.50,1.28
2013.11.26 13:50:46.773,0.82836,0.82855,1.88,1.28
2013.11.26 13:50:47.488,0.82836,0.82855,1.88,1.28
2013.11.26 13:50:48.869,0.82831,0.82851,1.95,1.28
2013.11.26 13:50:49.120,0.82829,0.82848,1.50,1.28
2013.11.26 13:50:49.221,0.82828,0.82845,1.20,1.13
2013.11.26 13:50:49.674,0.82832,0.82847,1.50,4.88
2013.11.26 13:50:50.177,0.82832,0.82851,1.50,2.03
2013.11.26 13:50:50.754,0.82832,0.8285,1.50,1.28
2013.11.26 13:50:51.448,0.82832,0.8285,1.50,1.28
2013.11.26 13:50:51.828,0.82828,0.82847,1.13,1.28
2013.11.26 13:50:51.879,0.82827,0.82843,1.95,1.13
2013.11.26 13:50:53.630,0.82827,0.82843,1.50,1.20
2013.11.26 13:50:53.932,0.82826,0.82843,1.50,1.28
2013.11.26 13:50:54.083,0.82826,0.82843,1.50,1.28
2013.11.26 13:50:57.162,0.82825,0.82841,1.50,3.00
2013.11.26 13:50:57.313,0.82825,0.82843,1.50,3.15
2013.11.26 13:51:09.904,0.82826,0.82844,1.50,3.83
2013.11.26 13:51:14.174,0.82822,0.82843,1.88,1.28
2013.11.26 13:51:15.162,0.82827,0.82842,1.50,1.13
2013.11.26 13:51:15.516,0.82825,0.82842,1.58,1.20
2013.11.26 13:51:15.566,0.82822,0.82842,1.58,1.20
2013.11.26 13:51:15.667,0.82822,0.82842,1.20,1.28
2013.11.26 13:51:17.129,0.82821,0.82841,1.13,3.45
2013.11.26 13:51:17.179,0.8282,0.8284,1.13,1.28
2013.11.26 13:51:20.388,0.82821,0.82838,1.50,2.78
2013.11.26 13:51:21.154,0.82817,0.82838,1.28,2.78
2013.11.26 13:51:22.433,0.82817,0.82838,1.28,2.78
2013.11.26 13:51:27.093,0.82817,0.82838,1.28,2.78
2013.11.26 13:51:32.204,0.82816,0.82835,1.88,1.28
2013.11.26 13:51:32.254,0.82816,0.82835,1.50,1.28
2013.11.26 13:51:35.086,0.82814,0.82833,1.50,3.08
2013.11.26 13:51:35.137,0.82814,0.82833,1.13,5.25
2013.11.26 13:51:35.340,0.8281,0.82829,1.13,3.08
2013.11.26 13:51:36.044,0.8281,0.82827,1.13,3.08
2013.11.26 13:51:36.962,0.8281,0.82827,1.13,3.08
2013.11.26 13:51:37.114,0.8281,0.82831,1.50,5.63
2013.11.26 13:51:37.871,0.8281,0.82831,1.50,5.63
2013.11.26 13:51:42.122,0.8281,0.82831,1.58,1.28
2013.11.26 13:51:46.862,0.82813,0.82832,1.13,4.95
2013.11.26 13:51:46.913,0.82813,0.82832,1.13,1.28
2013.11.26 13:51:48.525,0.82813,0.82832,1.20,1.28
2013.11.26 13:51:48.626,0.82817,0.82832,1.13,1.28
2013.11.26 13:51:48.914,0.82818,0.82833,1.13,1.28
2013.11.26 13:51:51.184,0.82817,0.82832,1.13,1.20
2013.11.26 13:51:55.339,0.82816,0.82832,1.13,1.13
2013.11.26 13:51:56.534,0.82815,0.82836,1.50,7.88
2013.11.26 13:51:56.585,0.82814,0.82836,1.13,7.88
2013.11.26 13:51:57.223,0.82811,0.82833,2.40,1.28
2013.11.26 13:51:57.726,0.82812,0.82832,1.88,2.78
2013.11.26 13:51:58.689,0.82808,0.82828,1.20,1.20
2013.11.26 13:51:59.094,0.82807,0.82827,1.20,1.28
2013.11.26 13:51:59.145,0.82806,0.82827,2.03,1.28
2013.11.26 13:51:59.809,0.82806,0.82825,1.50,3.45
2013.11.26 13:52:01.991,0.82801,0.82822,2.03,1.28
2013.11.26 13:52:02.293,0.82801,0.82821,1.50,1.28
2013.11.26 13:52:02.394,0.82801,0.82822,1.88,1.28
2013.11.26 13:52:02.911,0.82801,0.82822,2.03,1.28
2013.11.26 13:52:04.150,0.82801,0.82822,1.88,5.63
2013.11.26 13:52:04.200,0.82801,0.82822,1.88,5.63
2013.11.26 13:52:04.605,0.82801,0.82821,1.88,1.28
2013.11.26 13:52:05.028,0.82803,0.82822,1.28,1.13
2013.11.26 13:52:05.341,0.82806,0.82822,1.50,1.50
2013.11.26 13:52:05.905,0.82806,0.82821,1.50,1.13
2013.11.26 13:52:06.211,0.82806,0.82819,1.50,1.28
2013.11.26 13:52:06.261,0.82801,0.82821,1.50,6.00
2013.11.26 13:52:06.474,0.82801,0.8282,1.50,1.28
2013.11.26 13:52:06.784,0.82801,0.82819,1.50,1.28
2013.11.26 13:52:06.935,0.82801,0.8282,1.50,1.28
2013.11.26 13:52:08.685,0.82801,0.8282,1.58,1.28
2013.11.26 13:52:11.452,0.82801,0.8282,1.58,1.20
2013.11.26 13:52:14.803,0.82803,0.82823,1.50,1.65
2013.11.26 13:52:16.533,0.82803,0.82823,1.88,1.28
2013.11.26 13:52:17.356,0.82803,0.82822,1.13,1.28
2013.11.26 13:52:17.881,0.82803,0.82824,1.88,1.28
2013.11.26 13:52:18.872,0.82803,0.82824,1.13,1.28
2013.11.26 13:52:19.174,0.82803,0.82821,1.20,1.13
2013.11.26 13:52:20.197,0.82805,0.82827,1.28,1.28
2013.11.26 13:52:20.348,0.82806,0.82828,2.03,1.65
2013.11.26 13:52:20.522,0.82806,0.82828,1.28,1.65
2013.11.26 13:52:21.073,0.82807,0.82828,1.28,1.28
2013.11.26 13:52:21.513,0.8281,0.82828,1.58,1.28
2013.11.26 13:52:22.016,0.82811,0.82829,1.50,1.28
2013.11.26 13:52:31.970,0.82811,0.82827,1.50,1.13
2013.11.26 13:52:32.071,0.82807,0.82827,2.03,1.13
2013.11.26 13:52:32.323,0.82807,0.82821,1.50,1.13
2013.11.26 13:52:32.826,0.82807,0.82817,1.50,1.50
2013.11.26 13:52:34.061,0.82807,0.82817,1.50,1.50
2013.11.26 13:52:34.806,0.82802,0.8282,1.88,2.40
2013.11.26 13:52:40.519,0.82802,0.82821,1.50,3.45
2013.11.26 13:52:40.570,0.82802,0.8282,1.50,3.08
2013.11.26 13:52:40.620,0.82798,0.82819,1.13,1.28
2013.11.26 13:52:41.163,0.82797,0.82816,1.50,2.25
2013.11.26 13:52:41.666,0.82797,0.82817,1.13,2.40
2013.11.26 13:52:45.014,0.82797,0.82817,1.13,3.08
2013.11.26 13:52:47.345,0.82796,0.82816,1.50,3.08
2013.11.26 13:52:53.541,0.82796,0.82816,1.50,3.08
2013.11.26 13:52:55.116,0.82796,0.82817,1.65,1.20
2013.11.26 13:52:55.648,0.82796,0.82817,1.50,5.63
2013.11.26 13:52:55.790,0.82795,0.82817,1.13,5.63
2013.11.26 13:52:57.050,0.82795,0.82817,1.13,5.63
2013.11.26 13:52:57.151,0.82801,0.82817,1.50,3.08
2013.11.26 13:52:57.410,0.82801,0.8282,1.50,3.83
2013.11.26 13:52:57.930,0.82801,0.82816,1.50,1.28
2013.11.26 13:52:58.500,0.82797,0.82816,1.50,1.28
2013.11.26 13:53:04.474,0.82794,0.82815,1.28,1.28
2013.11.26 13:53:06.011,0.82792,0.82811,1.20,1.28
2013.11.26 13:53:11.082,0.82792,0.82811,1.20,1.28
2013.11.26 13:53:11.183,0.82792,0.82811,1.13,1.28
2013.11.26 13:53:11.334,0.82792,0.8281,1.13,1.28
2013.11.26 13:53:11.620,0.82792,0.8281,1.13,2.78
2013.11.26 13:53:12.854,0.82789,0.82804,1.50,1.13
2013.11.26 13:53:12.955,0.82785,0.82804,1.28,1.13
2013.11.26 13:53:13.156,0.82785,0.82804,1.28,2.63
2013.11.26 13:53:13.408,0.82785,0.82803,1.13,2.40
2013.11.26 13:53:13.509,0.82784,0.82804,1.13,2.78
2013.11.26 13:53:14.810,0.82783,0.82801,1.13,5.25
2013.11.26 13:53:15.340,0.82782,0.82801,1.13,5.25
2013.11.26 13:53:15.581,0.8278,0.82801,1.13,5.25
2013.11.26 13:53:15.782,0.8278,0.828,1.13,1.28
2013.11.26 13:53:17.366,0.82779,0.82799,1.13,4.95
2013.11.26 13:53:17.669,0.82779,0.82799,1.13,5.63
2013.11.26 13:53:18.211,0.82779,0.82796,1.13,3.08
2013.11.26 13:53:18.513,0.82779,0.82797,1.13,1.28
2013.11.26 13:53:18.871,0.82779,0.82798,1.13,2.40
2013.11.26 13:53:20.400,0.82779,0.82799,1.13,2.78
2013.11.26 13:53:20.762,0.82779,0.82799,1.13,3.53
2013.11.26 13:53:21.977,0.82779,0.82796,1.13,5.25
2013.11.26 13:53:22.330,0.82779,0.82798,1.13,1.28
2013.11.26 13:53:23.005,0.82779,0.828,1.50,1.28
2013.11.26 13:53:28.558,0.82779,0.828,1.13,1.28
2013.11.26 13:53:29.134,0.82779,0.82801,3.38,1.65
2013.11.26 13:53:30.360,0.82779,0.82801,1.88,1.65
2013.11.26 13:53:32.158,0.82781,0.82801,1.13,3.08
2013.11.26 13:53:32.359,0.8278,0.828,1.20,1.65
2013.11.26 13:53:32.622,0.82786,0.828,1.20,1.58
2013.11.26 13:53:32.673,0.82786,0.82804,2.40,2.25
2013.11.26 13:53:32.824,0.82786,0.82806,2.40,1.65
2013.11.26 13:53:33.349,0.82788,0.82808,1.28,1.50
2013.11.26 13:53:34.917,0.82789,0.82809,1.28,1.58
2013.11.26 13:53:36.442,0.8279,0.82812,1.20,1.65
2013.11.26 13:53:38.622,0.8279,0.82812,1.20,1.65
2013.11.26 13:53:39.663,0.8279,0.82812,1.20,1.65
2013.11.26 13:53:39.771,0.8279,0.82812,1.20,1.65
2013.11.26 13:53:40.531,0.82792,0.82812,1.13,1.65
2013.11.26 13:53:40.788,0.82792,0.82813,1.88,3.45
2013.11.26 13:53:41.129,0.82794,0.82813,1.13,3.45
2013.11.26 13:53:41.551,0.82794,0.82813,1.13,3.45
2013.11.26 13:53:41.652,0.82794,0.82813,1.13,3.45
2013.11.26 13:53:42.654,0.82795,0.82813,1.28,1.13
2013.11.26 13:53:43.391,0.82798,0.8282,1.20,5.70
2013.11.26 13:53:43.721,0.82798,0.8282,1.28,1.65
2013.11.26 13:53:45.096,0.82799,0.8282,3.23,1.65
2013.11.26 13:53:45.197,0.82803,0.82822,1.20,1.20
2013.11.26 13:53:45.779,0.82805,0.82822,1.13,1.28
2013.11.26 13:53:47.400,0.82806,0.82826,1.20,3.08
2013.11.26 13:53:47.733,0.82808,0.8283,1.13,7.88
2013.11.26 13:53:48.058,0.82805,0.82827,2.25,1.65
2013.11.26 13:53:48.158,0.82805,0.82827,1.28,1.65
2013.11.26 13:53:48.712,0.82801,0.82823,4.35,1.50
2013.11.26 13:53:49.014,0.82798,0.82819,1.28,1.65
2013.11.26 13:53:51.101,0.82794,0.82817,1.28,1.65
2013.11.26 13:53:51.723,0.82793,0.82814,1.28,1.65
2013.11.26 13:53:52.103,0.82793,0.82814,1.28,1.65
2013.11.26 13:53:52.958,0.82793,0.82814,1.28,1.65
2013.11.26 13:53:54.498,0.82793,0.82814,1.28,1.65
2013.11.26 13:53:55.709,0.82793,0.82814,1.20,3.83
2013.11.26 13:53:55.928,0.82793,0.82814,1.20,3.83
2013.11.26 13:53:58.383,0.82794,0.82814,1.13,3.83
2013.11.26 13:53:58.898,0.82796,0.82814,2.25,3.08
2013.11.26 13:53:59.150,0.82796,0.82814,1.28,1.50
2013.11.26 13:54:03.099,0.82796,0.82817,1.20,1.28
2013.11.26 13:54:08.081,0.82796,0.82814,1.20,1.65
2013.11.26 13:54:08.232,0.82791,0.82811,2.78,1.50
2013.11.26 13:54:08.333,0.82791,0.8281,2.63,1.65
2013.11.26 13:54:08.434,0.82789,0.82809,1.13,3.08
2013.11.26 13:54:09.268,0.82787,0.82809,1.65,3.45
2013.11.26 13:54:09.929,0.82791,0.82809,1.13,3.08
2013.11.26 13:54:11.348,0.8279,0.82809,1.13,3.08
2013.11.26 13:54:11.449,0.82792,0.82811,1.65,2.40
2013.11.26 13:54:11.600,0.82792,0.82811,1.28,1.50
2013.11.26 13:54:11.736,0.8279,0.82811,2.40,1.65
2013.11.26 13:54:14.536,0.82788,0.82809,4.20,1.50
2013.11.26 13:54:15.006,0.82787,0.82809,1.65,1.65
2013.11.26 13:54:17.087,0.82787,0.82811,2.03,4.95
2013.11.26 13:54:18.890,0.82787,0.82804,1.65,1.13
2013.11.26 13:54:24.637,0.82786,0.82804,3.08,1.13
2013.11.26 13:54:24.739,0.82784,0.82804,3.45,1.13
2013.11.26 13:54:26.029,0.82784,0.82804,1.28,1.13
2013.11.26 13:54:26.230,0.82785,0.82804,1.13,1.20
2013.11.26 13:54:27.812,0.82784,0.82803,1.20,2.33
2013.11.26 13:54:28.256,0.82781,0.82801,1.58,3.08
2013.11.26 13:54:28.558,0.82782,0.82802,1.13,1.28
2013.11.26 13:54:29.053,0.82786,0.82803,1.50,1.65
2013.11.26 13:54:29.632,0.82786,0.82804,1.50,1.28
2013.11.26 13:54:32.841,0.82786,0.82805,1.58,2.78
2013.11.26 13:54:32.892,0.82788,0.82805,1.50,2.78
2013.11.26 13:54:34.228,0.82787,0.82805,1.50,5.33
2013.11.26 13:54:42.397,0.82785,0.82803,1.50,1.28
2013.11.26 13:54:44.486,0.82787,0.82803,1.50,1.28
2013.11.26 13:54:44.850,0.82786,0.82804,1.50,1.28
2013.11.26 13:54:45.406,0.82782,0.82805,1.65,3.45
2013.11.26 13:54:54.200,0.82782,0.82803,1.50,3.08
2013.11.26 13:54:54.301,0.82781,0.82806,3.08,2.78
2013.11.26 13:54:54.603,0.82784,0.82807,1.28,1.28
2013.11.26 13:54:54.654,0.82784,0.82807,1.28,1.28
2013.11.26 13:54:54.967,0.82785,0.82807,1.28,1.28
2013.11.26 13:54:55.571,0.82784,0.82807,1.65,1.13
2013.11.26 13:54:55.622,0.82784,0.82805,2.03,1.13
2013.11.26 13:54:56.137,0.82781,0.82805,4.20,1.13
2013.11.26 13:54:57.017,0.82785,0.82806,3.08,1.13
2013.11.26 13:54:57.470,0.82785,0.82807,3.08,1.13
2013.11.26 13:54:59.083,0.82788,0.82807,3.08,1.13
2013.11.26 13:54:59.134,0.82788,0.82807,3.08,1.13
2013.11.26 13:54:59.436,0.82791,0.82812,3.08,1.13
2013.11.26 13:54:59.928,0.82793,0.82813,3.08,1.50
2013.11.26 13:55:00.314,0.82791,0.82812,4.20,1.13
2013.11.26 13:55:00.365,0.82791,0.82812,5.70,1.13
2013.11.26 13:55:01.833,0.82788,0.82813,3.08,3.15
2013.11.26 13:55:02.138,0.82793,0.82811,1.28,2.63
2013.11.26 13:55:02.290,0.82793,0.82811,1.28,1.13
2013.11.26 13:55:02.542,0.82792,0.82809,1.65,1.13
2013.11.26 13:55:02.592,0.82791,0.82809,3.83,1.13
2013.11.26 13:55:02.894,0.82787,0.82809,1.28,1.28
2013.11.26 13:55:03.092,0.82784,0.82803,6.75,1.13
2013.11.26 13:55:04.289,0.82787,0.82804,3.08,1.13
2013.11.26 13:55:04.620,0.82787,0.82803,3.08,1.13
2013.11.26 13:55:08.248,0.82784,0.82803,3.45,1.13
2013.11.26 13:55:08.349,0.82786,0.82803,1.20,1.13
2013.11.26 13:55:08.450,0.82783,0.82803,1.28,1.13
2013.11.26 13:55:08.501,0.82785,0.82803,1.13,1.13
2013.11.26 13:55:08.702,0.82784,0.82803,1.28,1.13
2013.11.26 13:55:09.021,0.82785,0.82803,1.28,1.13
2013.11.26 13:55:15.391,0.82783,0.82803,5.63,1.13
2013.11.26 13:55:15.593,0.82786,0.82803,1.28,1.13
2013.11.26 13:55:15.643,0.82786,0.82803,1.28,1.13
2013.11.26 13:55:15.801,0.82787,0.82809,2.03,1.28
2013.11.26 13:55:15.852,0.82787,0.82809,2.03,1.28
2013.11.26 13:55:16.171,0.82789,0.82809,1.28,1.13
2013.11.26 13:55:16.823,0.8279,0.82809,3.08,1.13
2013.11.26 13:55:16.873,0.8279,0.8281,3.08,1.13
2013.11.26 13:55:19.062,0.82784,0.82807,2.78,1.28
2013.11.26 13:55:20.130,0.82783,0.82807,2.40,1.28
2013.11.26 13:55:22.327,0.82783,0.82806,2.40,3.08
2013.11.26 13:55:28.729,0.82784,0.82805,5.25,1.13
2013.11.26 13:55:29.183,0.82782,0.82805,4.20,1.13
2013.11.26 13:55:31.127,0.82789,0.82805,1.13,1.13
2013.11.26 13:55:31.379,0.82784,0.82805,3.08,1.13
2013.11.26 13:55:33.328,0.82788,0.82807,1.13,4.95
2013.11.26 13:55:33.831,0.82788,0.8281,1.65,1.13
2013.11.26 13:55:34.133,0.82788,0.82812,1.28,2.63
2013.11.26 13:55:34.677,0.82789,0.82814,3.45,2.78
2013.11.26 13:55:35.219,0.8279,0.82813,3.08,2.33
2013.11.26 13:55:38.088,0.8279,0.82814,3.08,1.28
2013.11.26 13:55:39.849,0.82792,0.82814,1.65,2.40
2013.11.26 13:55:45.528,0.82794,0.82814,1.20,1.65
2013.11.26 13:55:45.680,0.82794,0.82814,1.20,1.65
2013.11.26 13:55:47.110,0.82794,0.82813,1.20,1.20
2013.11.26 13:55:48.877,0.82794,0.82813,1.20,1.20
2013.11.26 13:55:52.179,0.82794,0.82812,1.28,1.13
2013.11.26 13:55:54.919,0.82794,0.82813,1.28,1.13
2013.11.26 13:55:55.970,0.8279,0.82813,3.08,1.20
2013.11.26 13:55:57.296,0.8279,0.82813,3.45,1.20
2013.11.26 13:55:57.347,0.82792,0.82813,1.65,1.20
2013.11.26 13:55:58.428,0.82796,0.82815,1.50,1.28
2013.11.26 13:55:58.529,0.82796,0.82817,1.65,1.20
2013.11.26 13:55:58.982,0.82795,0.82817,1.65,1.20
2013.11.26 13:55:59.599,0.82796,0.82817,3.08,1.13
2013.11.26 13:56:01.043,0.82797,0.82817,3.08,1.13
2013.11.26 13:56:01.195,0.82797,0.82819,6.00,1.50
2013.11.26 13:56:02.854,0.82797,0.82819,5.25,1.50
2013.11.26 13:56:03.164,0.82797,0.8282,5.25,1.65
2013.11.26 13:56:03.215,0.82799,0.8282,5.25,1.50
2013.11.26 13:56:03.823,0.82799,0.8282,5.25,1.50
2013.11.26 13:56:04.176,0.82796,0.82815,1.65,1.13
2013.11.26 13:56:04.709,0.82796,0.82815,1.65,1.13
2013.11.26 13:56:08.530,0.82795,0.82816,1.28,1.13
2013.11.26 13:56:08.682,0.82795,0.82814,1.28,1.13
2013.11.26 13:56:09.043,0.82791,0.82812,3.45,3.83
2013.11.26 13:56:09.576,0.82791,0.82811,1.58,1.28
2013.11.26 13:56:10.097,0.82791,0.82812,1.65,1.28
2013.11.26 13:56:11.752,0.82791,0.82812,2.03,1.28
2013.11.26 13:56:12.834,0.82791,0.82814,1.28,1.28
2013.11.26 13:56:13.083,0.82789,0.82808,2.40,1.13
2013.11.26 13:56:13.590,0.82788,0.82811,1.65,1.28
2013.11.26 13:56:14.626,0.82788,0.82812,3.15,1.65
2013.11.26 13:56:14.733,0.8279,0.82812,5.63,1.50
2013.11.26 13:56:15.268,0.82791,0.82814,1.65,1.28
2013.11.26 13:56:21.713,0.82791,0.82814,2.03,1.28
2013.11.26 13:56:23.403,0.82791,0.82811,1.65,1.58
2013.11.26 13:56:27.991,0.82788,0.82811,1.65,1.58
2013.11.26 13:56:28.889,0.82787,0.82804,2.03,1.13
2013.11.26 13:56:29.090,0.82787,0.82806,1.13,2.03
2013.11.26 13:56:29.141,0.82787,0.82808,2.25,4.58
2013.11.26 13:56:29.863,0.82788,0.8281,1.28,1.65
2013.11.26 13:56:30.195,0.8279,0.8281,1.65,1.65
2013.11.26 13:56:31.428,0.82787,0.8281,2.40,1.65
2013.11.26 13:56:33.398,0.82788,0.8281,1.65,1.65
2013.11.26 13:56:33.600,0.82785,0.82793,1.58,1.13
2013.11.26 13:56:33.853,0.82774,0.82793,3.08,2.25
2013.11.26 13:56:33.953,0.82774,0.82793,2.33,1.88
2013.11.26 13:56:34.206,0.8277,0.8279,1.65,1.88
2013.11.26 13:56:34.357,0.82768,0.8279,2.40,1.95
2013.11.26 13:56:34.940,0.82772,0.8279,1.50,1.28
2013.11.26 13:56:35.446,0.82772,0.82792,1.65,1.28
2013.11.26 13:56:35.752,0.82774,0.82793,3.08,1.13
2013.11.26 13:56:36.780,0.82775,0.82794,1.65,1.88
2013.11.26 13:56:37.582,0.82774,0.82794,2.40,1.13
2013.11.26 13:56:37.884,0.82772,0.82792,3.08,1.20
2013.11.26 13:56:38.136,0.8277,0.82792,3.83,1.65
2013.11.26 13:56:41.370,0.8277,0.82792,1.65,1.65
2013.11.26 13:56:41.858,0.82768,0.82792,5.33,1.65
2013.11.26 13:56:45.061,0.82768,0.82792,1.28,2.03
2013.11.26 13:56:45.162,0.82768,0.82788,1.28,1.50
2013.11.26 13:56:45.363,0.82768,0.82789,2.03,3.45
2013.11.26 13:56:45.619,0.82768,0.82788,1.20,1.28
2013.11.26 13:56:46.239,0.82768,0.82789,1.20,3.08
2013.11.26 13:56:46.977,0.82768,0.82788,1.95,1.28
2013.11.26 13:56:47.856,0.82768,0.82788,1.20,2.03
2013.11.26 13:56:48.869,0.82768,0.82788,1.58,2.40
2013.11.26 13:56:49.327,0.82767,0.82788,1.95,2.03
2013.11.26 13:56:49.869,0.82761,0.82788,4.95,2.40
2013.11.26 13:56:52.710,0.82768,0.82788,1.20,2.03
2013.11.26 13:56:53.146,0.82766,0.82784,5.63,1.50
2013.11.26 13:56:53.398,0.82769,0.82784,1.13,1.58
2013.11.26 13:56:53.600,0.82766,0.82788,2.40,1.65
2013.11.26 13:56:56.501,0.82766,0.82788,2.40,3.15
2013.11.26 13:56:57.325,0.82767,0.82785,1.13,1.65
2013.11.26 13:56:57.828,0.82764,0.82783,1.13,1.28
2013.11.26 13:56:58.177,0.82763,0.82783,1.20,1.28
2013.11.26 13:56:58.228,0.82763,0.82783,2.03,2.78
2013.11.26 13:57:04.686,0.82764,0.82783,1.28,1.20
2013.11.26 13:57:04.888,0.82763,0.82783,1.20,2.03
2013.11.26 13:57:05.777,0.82762,0.82783,2.03,2.03
2013.11.26 13:57:10.989,0.82761,0.82783,1.65,1.88
2013.11.26 13:57:11.090,0.82765,0.82783,2.33,1.13
2013.11.26 13:57:11.241,0.82762,0.82783,1.65,1.20
2013.11.26 13:57:11.397,0.82764,0.82783,1.95,1.20
2013.11.26 13:57:11.599,0.82768,0.82788,1.13,1.28
2013.11.26 13:57:11.649,0.82769,0.82789,1.50,3.15
2013.11.26 13:57:11.952,0.82768,0.8279,1.28,2.03
2013.11.26 13:57:12.423,0.82767,0.82786,1.20,1.20
2013.11.26 13:57:12.725,0.82763,0.82784,1.28,1.58
2013.11.26 13:57:14.403,0.82764,0.82784,2.03,1.58
2013.11.26 13:57:14.621,0.82766,0.82786,1.20,1.65
2013.11.26 13:57:15.215,0.82764,0.82786,1.28,1.65
2013.11.26 13:57:16.975,0.82766,0.82786,1.20,1.65
2013.11.26 13:57:19.284,0.82767,0.82786,1.20,1.65
2013.11.26 13:57:21.198,0.82765,0.82785,3.45,1.50
2013.11.26 13:57:21.966,0.82765,0.82787,1.28,2.03
2013.11.26 13:57:23.136,0.82765,0.82787,2.03,2.03
2013.11.26 13:57:24.069,0.82766,0.82787,1.65,1.28
2013.11.26 13:57:24.417,0.82767,0.82787,1.13,1.28
2013.11.26 13:57:28.242,0.82768,0.82788,1.88,1.65
2013.11.26 13:57:34.444,0.82771,0.82789,1.13,1.65
2013.11.26 13:57:35.245,0.82769,0.82789,1.95,2.03
2013.11.26 13:57:42.304,0.82768,0.82788,1.28,1.20
2013.11.26 13:57:42.611,0.82767,0.82787,1.28,1.58
2013.11.26 13:57:43.138,0.82767,0.82787,1.28,2.03
2013.11.26 13:57:53.954,0.82766,0.82786,1.58,1.65
2013.11.26 13:57:56.889,0.82766,0.82786,1.65,1.58
2013.11.26 13:57:57.397,0.82766,0.82786,1.65,1.50
2013.11.26 13:57:58.249,0.82766,0.82786,1.65,1.65
2013.11.26 13:57:59.658,0.82766,0.82784,1.50,1.28
2013.11.26 13:58:00.417,0.82766,0.82786,1.58,1.95
2013.11.26 13:58:00.932,0.82766,0.82786,1.58,2.03
2013.11.26 13:58:00.983,0.82766,0.82786,1.58,2.03
2013.11.26 13:58:03.453,0.82766,0.82786,3.83,1.88
2013.11.26 13:58:12.103,0.82766,0.82785,1.28,1.50
2013.11.26 13:58:12.154,0.82766,0.82785,1.20,1.50
2013.11.26 13:58:18.341,0.82764,0.82785,3.45,1.50
2013.11.26 13:58:19.903,0.82765,0.82785,1.28,1.50
2013.11.26 13:58:20.393,0.82768,0.82788,1.20,3.53
2013.11.26 13:58:22.596,0.8277,0.82788,1.28,1.13
2013.11.26 13:58:23.106,0.82769,0.82788,7.88,1.13
2013.11.26 13:58:23.457,0.8277,0.82789,2.40,1.13
2013.11.26 13:58:27.662,0.8277,0.82789,1.28,1.88
2013.11.26 13:58:29.900,0.8277,0.82789,1.28,1.50
2013.11.26 13:58:35.926,0.82773,0.82791,1.28,1.50
2013.11.26 13:58:37.026,0.82777,0.82797,1.65,1.28
2013.11.26 13:58:37.127,0.82779,0.82799,1.20,1.65
2013.11.26 13:58:37.973,0.82781,0.828,1.13,3.08
2013.11.26 13:58:38.484,0.82776,0.82796,2.78,1.58
2013.11.26 13:58:38.638,0.82774,0.82796,3.15,1.65
2013.11.26 13:58:38.891,0.82773,0.82793,1.50,1.65
2013.11.26 13:58:43.144,0.82775,0.82794,1.58,1.58
2013.11.26 13:58:49.093,0.82772,0.82793,1.28,1.50
2013.11.26 13:58:51.834,0.82775,0.82792,1.05,1.13
2013.11.26 13:58:51.885,0.82781,0.82794,1.13,1.13
2013.11.26 13:58:51.985,0.82781,0.828,1.13,2.78
2013.11.26 13:58:52.086,0.82781,0.828,1.20,1.20
2013.11.26 13:58:52.395,0.82782,0.82805,1.50,7.88
2013.11.26 13:58:52.848,0.82781,0.82805,1.28,6.00
2013.11.26 13:58:53.199,0.8278,0.828,1.28,1.50
2013.11.26 13:58:55.828,0.8278,0.82798,1.13,1.13
2013.11.26 13:58:59.882,0.82776,0.82798,1.65,2.03
2013.11.26 13:58:59.972,0.82774,0.82798,1.28,2.03
2013.11.26 13:59:06.031,0.82774,0.82797,3.45,1.13
2013.11.26 13:59:06.352,0.82777,0.82797,1.65,1.13
2013.11.26 13:59:07.032,0.82777,0.82798,1.65,1.20
2013.11.26 13:59:07.133,0.8278,0.82801,1.58,1.28
2013.11.26 13:59:07.234,0.8278,0.82801,3.75,1.28
2013.11.26 13:59:08.012,0.82777,0.828,3.83,1.20
2013.11.26 13:59:11.730,0.82777,0.82795,1.50,1.20
2013.11.26 13:59:12.275,0.82777,0.82798,3.83,1.20
2013.11.26 13:59:12.577,0.82791,0.82804,1.50,1.13
2013.11.26 13:59:12.881,0.82785,0.82804,1.58,1.20
2013.11.26 13:59:13.409,0.82785,0.82804,1.50,1.28
2013.11.26 13:59:15.093,0.82781,0.82804,1.65,1.28
2013.11.26 13:59:15.911,0.82779,0.82802,2.78,3.08
2013.11.26 13:59:16.852,0.82781,0.82801,1.50,5.25
2013.11.26 13:59:17.675,0.82781,0.82802,1.50,3.08
2013.11.26 13:59:18.212,0.82779,0.82802,1.20,3.08
2013.11.26 13:59:18.841,0.82779,0.82803,1.28,3.08
2013.11.26 13:59:19.322,0.82788,0.82803,1.13,3.08
2013.11.26 13:59:19.423,0.82788,0.82803,1.13,3.00
2013.11.26 13:59:19.629,0.82782,0.82806,4.58,1.28
2013.11.26 13:59:20.173,0.82781,0.82806,4.58,5.63
2013.11.26 13:59:20.274,0.82781,0.82805,2.40,3.08
2013.11.26 13:59:21.742,0.82779,0.82803,1.28,3.08
2013.11.26 13:59:22.243,0.82779,0.82805,4.95,3.08
2013.11.26 13:59:27.347,0.82781,0.82806,3.08,7.13
2013.11.26 13:59:29.290,0.82782,0.82806,1.65,4.95
2013.11.26 13:59:32.143,0.82781,0.82806,3.08,4.20
2013.11.26 13:59:33.131,0.82782,0.82806,1.65,4.20
2013.11.26 13:59:33.996,0.82782,0.82806,3.83,2.03
2013.11.26 13:59:35.156,0.82783,0.82803,1.13,3.08
2013.11.26 13:59:37.899,0.82783,0.82803,1.13,3.08
2013.11.26 13:59:38.416,0.82783,0.82806,1.28,2.40
2013.11.26 13:59:38.847,0.82783,0.82806,1.28,2.40
2013.11.26 13:59:38.897,0.82789,0.82807,1.20,2.40
2013.11.26 13:59:39.400,0.82783,0.82806,3.08,1.13
2013.11.26 13:59:41.745,0.82782,0.82806,6.00,1.28
2013.11.26 13:59:42.631,0.82786,0.82808,1.28,2.40
2013.11.26 13:59:43.150,0.82786,0.82806,3.08,1.13
2013.11.26 13:59:43.662,0.82785,0.82806,2.33,1.20
2013.11.26 13:59:45.882,0.82785,0.82811,3.08,2.40
2013.11.26 13:59:46.131,0.82787,0.82811,1.65,3.08
2013.11.26 13:59:46.634,0.82788,0.82813,3.08,1.65
2013.11.26 13:59:46.888,0.82788,0.82811,2.33,1.65
2013.11.26 13:59:46.989,0.82784,0.8281,3.08,3.08
2013.11.26 13:59:47.090,0.82782,0.82809,1.65,3.08
2013.11.26 13:59:47.542,0.82781,0.82809,3.08,3.08
2013.11.26 13:59:47.861,0.82781,0.82809,3.08,3.08
2013.11.26 13:59:48.482,0.82781,0.82809,3.83,3.08
2013.11.26 13:59:54.018,0.82781,0.82806,1.65,3.08
2013.11.26 13:59:54.311,0.82781,0.82806,1.65,3.08
2013.11.26 13:59:55.175,0.82781,0.82805,2.25,3.08
2013.11.26 13:59:55.478,0.8278,0.82805,3.08,3.08
2013.11.26 13:59:55.629,0.82777,0.82802,3.83,3.08
2013.11.26 13:59:57.617,0.82781,0.82805,1.65,5.25
2013.11.26 13:59:58.082,0.82781,0.82807,3.83,3.08
2013.11.26 13:59:58.759,0.82781,0.82807,1.65,3.08
2013.11.26 13:59:59.543,0.82781,0.82805,1.65,3.08
