2010.09.09 05:00:00.531,0.93135,0.93155,1.00,1.60
2010.09.09 05:00:00.701,0.93135,0.93155,1.00,1.60
2010.09.09 05:00:01.421,0.93135,0.93155,1.20,1.60
2010.09.09 05:00:03.412,0.93135,0.93155,1.00,1.60
2010.09.09 05:00:04.101,0.9313,0.93155,1.00,1.60
2010.09.09 05:00:10.851,0.9313,0.9316,1.00,4.00
2010.09.09 05:00:11.262,0.9313,0.93165,1.00,5.60
2010.09.09 05:00:12.039,0.9313,0.9316,1.00,6.40
2010.09.09 05:00:12.512,0.9313,0.9316,1.00,10.40
2010.09.09 05:00:13.521,0.9313,0.9316,1.20,10.40
2010.09.09 05:00:19.431,0.93135,0.9316,1.20,2.40
2010.09.09 05:00:21.601,0.93135,0.93165,1.20,9.60
2010.09.09 05:00:21.640,0.93135,0.93165,1.20,8.00
2010.09.09 05:00:21.802,0.93135,0.93165,1.20,4.00
2010.09.09 05:00:28.641,0.93135,0.9317,1.20,10.60
2010.09.09 05:00:29.694,0.93135,0.9317,1.20,10.40
2010.09.09 05:00:29.894,0.93135,0.9317,1.20,8.00
2010.09.09 05:00:29.991,0.93135,0.9317,1.20,4.00
2010.09.09 05:00:30.754,0.93145,0.93175,1.00,4.00
2010.09.09 05:00:30.992,0.93145,0.93175,1.20,4.00
2010.09.09 05:00:32.544,0.93145,0.93175,1.00,5.60
2010.09.09 05:00:32.781,0.93135,0.9317,1.00,4.00
2010.09.09 05:00:33.441,0.9314,0.9317,1.00,4.00
2010.09.09 05:00:33.581,0.9314,0.93175,1.00,4.00
2010.09.09 05:00:33.721,0.9314,0.9318,4.40,4.00
2010.09.09 05:00:35.920,0.9314,0.9318,6.00,4.00
2010.09.09 05:00:36.031,0.9314,0.93185,10.00,9.60
2010.09.09 05:00:36.140,0.9314,0.93185,10.80,9.60
2010.09.09 05:00:36.250,0.93145,0.93185,1.00,9.60
2010.09.09 05:00:38.042,0.93145,0.9318,1.00,10.40
2010.09.09 05:00:40.711,0.9314,0.9318,1.00,10.40
2010.09.09 05:00:54.331,0.9314,0.93175,1.00,1.60
2010.09.09 05:00:54.482,0.9314,0.93175,1.00,9.60
2010.09.09 05:00:54.641,0.9314,0.93175,1.00,5.60
2010.09.09 05:00:54.791,0.9314,0.9318,1.00,10.40
2010.09.09 05:00:56.682,0.9314,0.9318,8.40,2.40
2010.09.09 05:00:56.891,0.9314,0.9318,1.00,10.40
2010.09.09 05:00:59.092,0.9314,0.9318,8.40,2.40
2010.09.09 05:00:59.833,0.9314,0.9318,1.00,10.40
2010.09.09 05:01:01.076,0.9315,0.9318,2.40,8.00
2010.09.09 05:01:01.201,0.9315,0.9319,10.40,1.60
2010.09.09 05:01:01.321,0.9315,0.9319,10.80,1.60
2010.09.09 05:01:01.964,0.9316,0.9319,4.00,1.60
2010.09.09 05:01:02.161,0.9316,0.9319,4.40,1.60
2010.09.09 05:01:02.361,0.9316,0.9319,4.50,1.60
2010.09.09 05:01:03.125,0.93165,0.9319,1.00,1.60
2010.09.09 05:01:03.681,0.9317,0.9319,1.00,1.60
2010.09.09 05:01:04.241,0.9316,0.9319,1.00,1.60
2010.09.09 05:01:05.091,0.9317,0.9319,1.00,1.60
2010.09.09 05:01:06.764,0.93165,0.9319,1.00,1.60
2010.09.09 05:01:11.451,0.93165,0.93185,1.00,1.60
2010.09.09 05:01:12.323,0.93165,0.9319,1.00,1.60
2010.09.09 05:01:13.551,0.93165,0.93185,1.00,1.60
2010.09.09 05:01:14.236,0.93165,0.9319,1.00,1.60
2010.09.09 05:01:14.771,0.9317,0.9319,1.00,1.60
2010.09.09 05:01:14.972,0.9317,0.9319,1.00,1.60
2010.09.09 05:01:15.171,0.93165,0.93195,1.00,1.60
2010.09.09 05:01:16.150,0.9317,0.9319,1.00,1.60
2010.09.09 05:01:16.923,0.93165,0.9319,1.00,1.60
2010.09.09 05:01:17.192,0.9317,0.9319,1.00,1.60
2010.09.09 05:01:18.061,0.93165,0.9319,1.00,1.60
2010.09.09 05:01:18.501,0.9317,0.9319,1.00,1.60
2010.09.09 05:01:18.952,0.9316,0.93185,4.40,1.60
2010.09.09 05:01:19.639,0.93165,0.93185,1.00,1.60
2010.09.09 05:01:20.091,0.93165,0.93185,1.00,1.60
2010.09.09 05:01:22.361,0.9316,0.93185,1.00,1.60
2010.09.09 05:01:23.453,0.93165,0.93185,1.00,1.60
2010.09.09 05:01:23.712,0.93165,0.93185,1.00,1.60
2010.09.09 05:01:25.303,0.9316,0.93185,1.00,1.60
2010.09.09 05:01:26.094,0.93165,0.932,1.00,9.60
2010.09.09 05:01:26.311,0.93165,0.932,1.00,5.60
2010.09.09 05:01:27.361,0.9316,0.932,7.10,5.60
2010.09.09 05:01:27.440,0.9316,0.932,4.70,8.00
2010.09.09 05:01:27.510,0.9316,0.932,4.70,5.60
2010.09.09 05:01:27.720,0.9316,0.932,1.00,5.60
2010.09.09 05:01:27.791,0.9316,0.932,1.00,9.60
2010.09.09 05:01:28.482,0.93165,0.932,1.00,9.60
2010.09.09 05:01:29.002,0.9316,0.932,1.00,9.60
2010.09.09 05:01:31.431,0.93165,0.932,1.00,9.60
2010.09.09 05:01:31.462,0.93165,0.932,1.00,5.60
2010.09.09 05:01:31.490,0.93165,0.932,1.00,1.60
2010.09.09 05:01:32.042,0.93165,0.93205,2.20,9.60
2010.09.09 05:01:32.573,0.93165,0.932,2.20,1.60
2010.09.09 05:01:33.931,0.93165,0.932,2.20,1.60
2010.09.09 05:01:34.722,0.93165,0.93195,2.20,1.00
2010.09.09 05:01:34.901,0.93165,0.932,2.20,1.60
2010.09.09 05:01:35.128,0.93165,0.932,2.20,1.60
2010.09.09 05:01:35.872,0.93165,0.93205,2.20,9.60
2010.09.09 05:01:37.181,0.9316,0.932,1.70,9.60
2010.09.09 05:01:38.021,0.9316,0.932,4.10,5.60
2010.09.09 05:01:38.792,0.9316,0.932,4.10,9.60
2010.09.09 05:01:38.930,0.9316,0.932,1.00,9.60
2010.09.09 05:01:39.031,0.93165,0.932,1.00,9.60
2010.09.09 05:01:40.104,0.9316,0.932,1.00,9.60
2010.09.09 05:01:53.574,0.93165,0.932,1.00,9.60
2010.09.09 05:01:54.035,0.9316,0.932,1.00,9.60
2010.09.09 05:01:54.180,0.93155,0.932,8.40,9.60
2010.09.09 05:01:54.321,0.93155,0.93195,4.40,4.00
2010.09.09 05:01:54.690,0.93155,0.93195,4.40,4.00
2010.09.09 05:01:55.170,0.93155,0.93195,4.50,4.00
2010.09.09 05:01:55.994,0.93155,0.93195,4.40,4.00
2010.09.09 05:01:56.241,0.93155,0.93195,4.40,4.10
2010.09.09 05:01:58.721,0.93155,0.93195,4.50,4.00
2010.09.09 05:02:00.264,0.93155,0.93195,4.40,4.00
2010.09.09 05:02:00.492,0.93155,0.93185,1.00,1.60
2010.09.09 05:02:00.721,0.93155,0.93185,1.00,1.60
2010.09.09 05:02:01.783,0.9316,0.9319,4.00,1.60
2010.09.09 05:02:01.952,0.93155,0.9319,4.80,1.60
2010.09.09 05:02:02.121,0.93155,0.9319,4.00,1.60
2010.09.09 05:02:03.073,0.9316,0.9319,1.00,1.60
2010.09.09 05:02:03.551,0.9316,0.93195,1.00,5.60
2010.09.09 05:02:04.033,0.9316,0.932,2.50,8.00
2010.09.09 05:02:04.261,0.9316,0.932,6.50,5.60
2010.09.09 05:02:04.810,0.93165,0.932,4.00,1.60
2010.09.09 05:02:06.795,0.9317,0.932,1.00,1.60
2010.09.09 05:02:06.983,0.9317,0.93205,1.00,6.00
2010.09.09 05:02:09.010,0.9317,0.932,1.00,1.60
2010.09.09 05:02:17.976,0.93165,0.932,4.20,1.60
2010.09.09 05:02:18.121,0.93165,0.932,4.00,4.00
2010.09.09 05:02:18.262,0.93165,0.93195,1.00,1.60
2010.09.09 05:02:19.913,0.9317,0.93195,1.00,1.60
2010.09.09 05:02:20.362,0.93165,0.932,1.00,8.00
2010.09.09 05:02:21.933,0.93165,0.932,1.00,8.00
2010.09.09 05:02:23.122,0.9316,0.93195,1.00,4.00
2010.09.09 05:02:23.384,0.9316,0.93195,1.00,5.60
2010.09.09 05:02:23.551,0.9316,0.93195,1.00,5.60
2010.09.09 05:02:23.711,0.9316,0.93195,1.00,9.60
2010.09.09 05:02:24.511,0.93155,0.93195,1.80,9.60
2010.09.09 05:02:25.227,0.93155,0.9319,1.00,12.40
2010.09.09 05:02:25.514,0.9316,0.9319,1.00,1.60
2010.09.09 05:02:26.083,0.9316,0.9319,1.00,1.60
2010.09.09 05:02:26.212,0.9316,0.9319,1.00,1.60
2010.09.09 05:02:27.408,0.93155,0.9319,1.00,5.60
2010.09.09 05:02:30.015,0.9315,0.9319,4.20,5.60
2010.09.09 05:02:31.962,0.9315,0.9319,6.60,5.60
2010.09.09 05:02:32.061,0.9315,0.9319,10.60,5.60
2010.09.09 05:02:32.213,0.93155,0.9319,4.00,1.60
2010.09.09 05:02:32.363,0.93155,0.9319,4.00,1.60
2010.09.09 05:02:33.862,0.9316,0.9319,1.00,1.60
2010.09.09 05:02:34.052,0.9316,0.9319,4.30,1.60
2010.09.09 05:02:34.893,0.9316,0.93195,4.30,1.60
2010.09.09 05:02:35.531,0.9316,0.93195,4.10,1.60
2010.09.09 05:02:35.854,0.9316,0.9319,1.00,1.60
2010.09.09 05:02:36.824,0.93155,0.93185,1.00,1.60
2010.09.09 05:02:36.973,0.93155,0.9318,1.00,1.60
2010.09.09 05:02:37.122,0.9315,0.9318,4.00,1.60
2010.09.09 05:02:37.422,0.9315,0.9318,1.00,1.60
2010.09.09 05:02:38.375,0.9315,0.9318,1.00,1.60
2010.09.09 05:02:40.571,0.93145,0.9318,4.00,1.60
2010.09.09 05:02:41.140,0.9315,0.9318,1.00,1.60
2010.09.09 05:02:46.370,0.93145,0.9318,4.10,1.60
2010.09.09 05:02:47.534,0.9315,0.9318,1.00,1.60
2010.09.09 05:02:48.454,0.9315,0.9318,1.00,1.60
2010.09.09 05:02:53.241,0.93155,0.9318,1.00,1.60
2010.09.09 05:02:55.321,0.9315,0.9318,1.00,1.60
2010.09.09 05:02:58.953,0.9315,0.9318,1.00,1.60
2010.09.09 05:02:59.161,0.9315,0.93185,4.30,1.60
2010.09.09 05:02:59.571,0.9315,0.93185,4.20,1.60
2010.09.09 05:02:59.672,0.9315,0.93185,4.00,1.60
2010.09.09 05:03:00.397,0.9315,0.9318,1.00,1.60
2010.09.09 05:03:09.653,0.93145,0.9318,8.30,1.60
2010.09.09 05:03:09.857,0.93145,0.9318,8.20,1.60
2010.09.09 05:03:14.886,0.9315,0.9318,1.00,1.60
2010.09.09 05:03:17.001,0.93145,0.9318,8.30,1.60
2010.09.09 05:03:22.286,0.9315,0.9318,4.00,1.60
2010.09.09 05:03:22.343,0.9315,0.93185,9.60,1.60
2010.09.09 05:03:23.217,0.9315,0.93185,8.00,1.60
2010.09.09 05:03:23.271,0.9315,0.9318,8.00,1.60
2010.09.09 05:03:23.490,0.93145,0.9318,8.20,1.60
2010.09.09 05:03:29.905,0.9315,0.9318,1.00,1.60
2010.09.09 05:03:30.804,0.93145,0.9318,8.20,1.60
2010.09.09 05:03:31.094,0.93145,0.9318,1.00,1.60
2010.09.09 05:03:31.462,0.93145,0.9318,1.00,1.60
2010.09.09 05:03:32.355,0.93145,0.9318,1.90,1.60
2010.09.09 05:03:32.523,0.93145,0.9318,9.90,1.60
2010.09.09 05:03:34.007,0.93145,0.9318,4.00,4.00
2010.09.09 05:03:34.293,0.9314,0.9318,6.30,4.00
2010.09.09 05:03:34.584,0.93145,0.9318,1.00,4.00
2010.09.09 05:03:34.914,0.93145,0.93185,9.80,3.60
2010.09.09 05:03:35.761,0.93145,0.93185,10.20,1.60
2010.09.09 05:03:36.321,0.93145,0.93185,10.00,1.80
2010.09.09 05:03:38.488,0.9315,0.93185,1.00,1.80
2010.09.09 05:03:39.152,0.93145,0.93185,10.10,1.80
2010.09.09 05:03:42.030,0.93145,0.93185,10.00,1.80
2010.09.09 05:03:42.221,0.93145,0.93185,10.00,1.60
2010.09.09 05:03:43.423,0.9315,0.93185,1.00,1.60
2010.09.09 05:03:44.511,0.9315,0.93185,1.00,2.00
2010.09.09 05:03:45.283,0.93145,0.93185,9.60,1.80
2010.09.09 05:03:48.105,0.93145,0.9317,4.00,5.80
2010.09.09 05:03:48.432,0.9314,0.93155,8.00,1.00
2010.09.09 05:03:49.379,0.9314,0.93155,4.00,5.80
2010.09.09 05:03:49.602,0.9312,0.93155,1.60,9.80
2010.09.09 05:03:49.897,0.93115,0.9315,1.70,1.60
2010.09.09 05:03:50.973,0.9312,0.9315,1.00,1.60
2010.09.09 05:03:51.251,0.9312,0.9316,1.00,11.80
2010.09.09 05:03:51.991,0.93125,0.9316,1.00,11.80
2010.09.09 05:03:52.864,0.93115,0.9315,4.20,1.60
2010.09.09 05:03:53.251,0.93115,0.9315,4.30,1.60
2010.09.09 05:03:53.915,0.93115,0.9315,4.20,1.60
2010.09.09 05:03:54.044,0.93115,0.9315,4.30,1.60
2010.09.09 05:03:54.592,0.93115,0.9314,4.00,1.60
2010.09.09 05:03:55.647,0.93115,0.93145,2.00,4.00
2010.09.09 05:03:55.903,0.9312,0.93145,4.00,1.60
2010.09.09 05:03:56.163,0.93115,0.9315,1.00,5.60
2010.09.09 05:03:56.716,0.93115,0.9315,4.20,1.60
2010.09.09 05:03:56.987,0.93115,0.9314,1.00,1.60
2010.09.09 05:03:57.256,0.93105,0.9314,8.00,1.60
2010.09.09 05:03:57.524,0.9311,0.93135,1.00,1.60
2010.09.09 05:03:58.336,0.93105,0.93135,1.00,1.60
2010.09.09 05:04:00.552,0.9311,0.9314,1.00,2.40
2010.09.09 05:04:01.346,0.93105,0.9314,8.70,1.60
2010.09.09 05:04:01.915,0.9311,0.9314,1.00,1.60
2010.09.09 05:04:02.636,0.93105,0.9314,8.70,1.60
2010.09.09 05:04:02.802,0.93105,0.9314,8.60,1.60
2010.09.09 05:04:02.972,0.9311,0.93145,1.00,1.60
2010.09.09 05:04:03.142,0.9311,0.9315,4.30,7.20
2010.09.09 05:04:03.313,0.9313,0.9315,1.00,1.60
2010.09.09 05:04:04.003,0.9314,0.93175,1.00,9.60
2010.09.09 05:04:04.292,0.9314,0.93175,1.00,1.60
2010.09.09 05:04:04.585,0.93145,0.93175,1.00,1.60
2010.09.09 05:04:05.892,0.9314,0.93165,8.00,1.60
2010.09.09 05:04:06.163,0.9314,0.9317,1.00,8.00
2010.09.09 05:04:06.433,0.93135,0.9317,4.70,5.60
2010.09.09 05:04:06.965,0.93135,0.9317,1.00,1.60
2010.09.09 05:04:07.214,0.93135,0.9317,1.00,1.60
2010.09.09 05:04:07.463,0.9313,0.93165,11.00,1.60
2010.09.09 05:04:07.655,0.9313,0.93165,4.60,1.60
2010.09.09 05:04:07.842,0.9313,0.93165,1.00,1.60
2010.09.09 05:04:08.033,0.9313,0.9316,1.00,1.60
2010.09.09 05:04:08.768,0.9312,0.9315,4.00,1.60
2010.09.09 05:04:08.941,0.93115,0.9315,1.00,1.60
2010.09.09 05:04:10.934,0.93115,0.9315,1.00,1.60
2010.09.09 05:04:12.594,0.93115,0.9315,1.00,1.60
2010.09.09 05:04:13.219,0.93115,0.93155,2.30,9.60
2010.09.09 05:04:13.317,0.9312,0.93155,1.00,1.60
2010.09.09 05:04:14.691,0.93115,0.93155,10.30,1.60
2010.09.09 05:04:15.032,0.93115,0.9315,8.70,1.60
2010.09.09 05:04:15.373,0.93115,0.93155,1.00,8.00
2010.09.09 05:04:16.042,0.93115,0.9315,4.70,1.60
2010.09.09 05:04:16.347,0.93115,0.9315,1.00,1.60
2010.09.09 05:04:16.972,0.93115,0.9315,1.00,1.60
2010.09.09 05:04:18.291,0.93115,0.9315,4.40,1.60
2010.09.09 05:04:18.461,0.93115,0.9315,8.40,1.60
2010.09.09 05:04:20.125,0.93115,0.9315,8.50,1.60
2010.09.09 05:04:20.971,0.9312,0.9315,1.00,1.60
2010.09.09 05:04:22.011,0.93115,0.9315,8.50,1.60
2010.09.09 05:04:23.331,0.93115,0.9315,4.50,1.60
2010.09.09 05:04:24.318,0.93115,0.9315,1.00,1.60
2010.09.09 05:04:24.401,0.9312,0.9315,1.00,1.60
2010.09.09 05:04:25.391,0.93115,0.9315,8.40,1.60
2010.09.09 05:04:27.880,0.93115,0.9315,4.40,1.60
2010.09.09 05:04:34.241,0.93115,0.9315,1.00,1.60
2010.09.09 05:04:39.491,0.93115,0.9315,1.00,5.60
2010.09.09 05:04:39.551,0.93115,0.9315,1.00,9.60
2010.09.09 05:04:40.232,0.9311,0.9315,1.00,9.60
2010.09.09 05:04:43.353,0.9311,0.93145,1.00,1.60
2010.09.09 05:04:45.241,0.9311,0.93145,1.00,1.60
2010.09.09 05:04:46.141,0.9311,0.93145,1.00,1.60
2010.09.09 05:04:47.033,0.9311,0.93145,1.00,9.60
2010.09.09 05:04:47.200,0.9311,0.9314,1.00,1.60
2010.09.09 05:04:48.011,0.93105,0.9314,2.00,1.60
2010.09.09 05:04:49.373,0.93105,0.9314,2.00,4.10
2010.09.09 05:04:49.653,0.93105,0.9314,1.60,12.00
2010.09.09 05:04:50.859,0.93105,0.9314,1.70,5.60
2010.09.09 05:04:51.009,0.93105,0.9314,1.00,1.60
2010.09.09 05:04:51.749,0.93105,0.9314,1.00,1.60
2010.09.09 05:04:52.911,0.931,0.9314,8.30,1.60
2010.09.09 05:04:53.381,0.931,0.9314,8.20,1.60
2010.09.09 05:04:53.511,0.931,0.9314,8.00,1.60
2010.09.09 05:04:53.641,0.931,0.9314,8.20,1.60
2010.09.09 05:04:54.631,0.93105,0.9314,1.00,1.60
2010.09.09 05:04:54.973,0.931,0.9314,8.30,1.60
2010.09.09 05:04:55.711,0.931,0.9314,8.20,1.60
2010.09.09 05:04:56.271,0.93105,0.9314,1.00,1.60
2010.09.09 05:04:57.047,0.931,0.9314,8.20,1.60
2010.09.09 05:04:57.157,0.931,0.9314,8.30,1.60
2010.09.09 05:04:58.304,0.93105,0.9314,4.00,1.60
2010.09.09 05:04:58.623,0.93105,0.93145,9.00,2.00
2010.09.09 05:04:59.263,0.93105,0.9314,8.10,1.60
2010.09.09 05:04:59.392,0.93105,0.9314,1.00,1.60
2010.09.09 05:05:05.411,0.931,0.9314,10.20,1.60
2010.09.09 05:05:06.553,0.931,0.9314,10.00,1.60
2010.09.09 05:05:07.371,0.931,0.9314,10.10,1.60
2010.09.09 05:05:11.281,0.931,0.9314,8.60,1.60
2010.09.09 05:05:11.502,0.931,0.9314,8.50,1.60
2010.09.09 05:05:11.971,0.931,0.9314,8.70,1.60
2010.09.09 05:05:12.451,0.93105,0.9314,1.00,1.60
2010.09.09 05:05:13.255,0.931,0.9314,8.60,1.60
2010.09.09 05:05:15.783,0.931,0.9314,8.40,1.60
2010.09.09 05:05:17.771,0.931,0.9314,8.40,2.50
2010.09.09 05:05:17.931,0.931,0.9314,4.40,4.90
2010.09.09 05:05:18.012,0.931,0.9314,4.00,4.90
2010.09.09 05:05:18.102,0.931,0.9314,4.00,8.90
2010.09.09 05:05:18.192,0.93095,0.9314,8.10,12.90
2010.09.09 05:05:19.032,0.931,0.9314,1.00,12.80
2010.09.09 05:05:20.705,0.93105,0.9314,1.00,12.80
2010.09.09 05:05:20.974,0.931,0.9314,4.00,7.00
2010.09.09 05:05:22.071,0.93095,0.9314,8.50,11.10
2010.09.09 05:05:22.471,0.931,0.9314,1.00,11.10
2010.09.09 05:05:23.662,0.93105,0.9314,1.00,11.00
2010.09.09 05:05:24.221,0.931,0.9314,1.00,11.10
2010.09.09 05:05:25.109,0.93095,0.9313,1.00,8.00
2010.09.09 05:05:25.633,0.9309,0.9313,1.00,8.40
2010.09.09 05:05:26.541,0.93095,0.9313,1.00,8.40
2010.09.09 05:05:26.871,0.93095,0.9313,1.00,8.40
2010.09.09 05:05:28.051,0.93085,0.9313,8.40,8.40
2010.09.09 05:05:28.343,0.9309,0.93125,1.00,1.80
2010.09.09 05:05:29.105,0.9309,0.93125,1.00,9.60
2010.09.09 05:05:29.343,0.9309,0.9313,10.40,4.40
2010.09.09 05:05:29.562,0.9309,0.9313,10.40,1.00
2010.09.09 05:05:30.633,0.93095,0.9313,1.00,1.00
2010.09.09 05:05:30.973,0.93095,0.9313,1.00,1.00
2010.09.09 05:05:31.315,0.931,0.93135,8.50,4.00
2010.09.09 05:05:31.851,0.9311,0.93145,2.40,8.40
2010.09.09 05:05:32.144,0.93105,0.93145,8.00,1.60
2010.09.09 05:05:32.418,0.93105,0.93145,8.10,1.60
2010.09.09 05:05:33.278,0.93105,0.93135,4.10,1.60
2010.09.09 05:05:34.032,0.93105,0.93135,8.00,1.60
2010.09.09 05:05:34.832,0.93095,0.93135,8.10,1.60
2010.09.09 05:05:35.033,0.931,0.93135,1.00,1.60
2010.09.09 05:05:36.772,0.93095,0.93135,8.00,1.60
2010.09.09 05:05:37.191,0.93095,0.93135,8.00,1.60
2010.09.09 05:05:38.211,0.9309,0.93135,8.10,10.00
2010.09.09 05:05:42.953,0.93095,0.93135,1.00,10.00
2010.09.09 05:05:43.945,0.9309,0.93135,8.10,10.10
2010.09.09 05:05:44.901,0.93095,0.93135,1.00,10.00
2010.09.09 05:05:45.101,0.93095,0.93135,1.00,10.20
2010.09.09 05:05:45.348,0.9309,0.93135,8.00,10.20
2010.09.09 05:05:47.203,0.9309,0.9313,4.00,4.00
2010.09.09 05:05:47.331,0.93085,0.9313,9.70,8.00
2010.09.09 05:05:47.461,0.9309,0.9313,1.00,8.00
2010.09.09 05:05:47.590,0.93085,0.9313,9.60,8.00
2010.09.09 05:05:49.530,0.93085,0.9313,11.20,8.00
2010.09.09 05:05:49.570,0.93085,0.9313,11.60,8.00
2010.09.09 05:05:50.398,0.93085,0.9313,11.20,8.00
2010.09.09 05:05:50.642,0.93085,0.9313,11.30,8.00
2010.09.09 05:05:50.881,0.93085,0.9313,9.70,8.00
2010.09.09 05:05:51.812,0.9309,0.93125,1.00,8.00
2010.09.09 05:05:51.961,0.93085,0.93125,1.60,8.00
2010.09.09 05:05:53.241,0.9309,0.93125,1.00,8.00
2010.09.09 05:05:53.430,0.9309,0.93125,1.00,8.00
2010.09.09 05:05:55.271,0.9309,0.9313,1.00,8.00
2010.09.09 05:05:56.592,0.93085,0.9313,9.60,8.00
2010.09.09 05:05:56.697,0.93085,0.9313,9.70,8.00
2010.09.09 05:05:56.743,0.9309,0.9313,1.60,8.00
2010.09.09 05:05:57.325,0.9309,0.9313,1.70,8.00
2010.09.09 05:05:58.081,0.9309,0.9313,1.60,8.00
2010.09.09 05:05:58.421,0.9309,0.9313,1.70,8.00
2010.09.09 05:05:59.583,0.93095,0.9313,1.00,8.00
2010.09.09 05:05:59.812,0.93095,0.9313,1.00,4.00
2010.09.09 05:05:59.851,0.93095,0.93135,1.00,10.00
2010.09.09 05:06:00.082,0.9309,0.93135,9.60,9.60
2010.09.09 05:06:00.957,0.9309,0.93135,10.00,10.00
2010.09.09 05:06:02.242,0.9309,0.9313,2.00,8.00
2010.09.09 05:06:04.862,0.9309,0.9313,2.00,8.00
2010.09.09 05:06:04.952,0.9309,0.9313,1.60,8.00
2010.09.09 05:06:05.548,0.9309,0.9313,1.60,10.50
2010.09.09 05:06:05.633,0.93085,0.9313,8.20,12.00
2010.09.09 05:06:05.944,0.9308,0.93125,8.40,9.60
2010.09.09 05:06:06.252,0.9308,0.93125,4.40,9.60
2010.09.09 05:06:06.851,0.93085,0.93125,1.00,9.60
2010.09.09 05:06:07.331,0.9308,0.93125,4.50,9.70
2010.09.09 05:06:08.069,0.93085,0.93125,1.00,9.60
2010.09.09 05:06:09.721,0.93085,0.93125,1.00,9.60
2010.09.09 05:06:10.611,0.93085,0.93125,1.00,9.60
2010.09.09 05:06:18.672,0.93085,0.93125,1.00,10.60
2010.09.09 05:06:18.752,0.9308,0.93125,8.00,10.70
2010.09.09 05:06:18.834,0.9308,0.9312,8.00,1.00
2010.09.09 05:06:19.395,0.9308,0.93115,8.00,1.60
2010.09.09 05:06:19.563,0.93075,0.93115,4.00,4.00
2010.09.09 05:06:21.831,0.9308,0.93115,1.00,4.00
2010.09.09 05:06:22.366,0.93075,0.93115,4.00,4.00
2010.09.09 05:06:22.981,0.93075,0.93115,8.00,4.00
2010.09.09 05:06:23.102,0.93075,0.9312,8.00,14.00
2010.09.09 05:06:23.332,0.9308,0.9312,8.00,3.60
2010.09.09 05:06:23.562,0.9308,0.93115,4.00,1.60
2010.09.09 05:06:23.795,0.9308,0.9312,6.50,6.00
2010.09.09 05:06:24.022,0.9308,0.93115,1.00,1.60
2010.09.09 05:06:25.262,0.9308,0.9312,2.40,9.60
2010.09.09 05:06:25.411,0.9308,0.9312,2.50,9.60
2010.09.09 05:06:25.551,0.9308,0.9312,6.50,4.00
2010.09.09 05:06:25.691,0.9308,0.93125,10.50,9.80
2010.09.09 05:06:25.973,0.93085,0.93125,1.00,9.80
2010.09.09 05:06:27.291,0.93085,0.93125,1.00,9.80
2010.09.09 05:06:27.428,0.9309,0.93125,1.00,9.80
2010.09.09 05:06:27.555,0.93085,0.93125,1.00,9.80
2010.09.09 05:06:28.134,0.9308,0.93115,1.00,5.60
2010.09.09 05:06:28.231,0.9308,0.93115,1.00,9.60
2010.09.09 05:06:29.792,0.9308,0.93115,1.00,9.60
2010.09.09 05:06:30.024,0.93075,0.93115,1.00,9.60
2010.09.09 05:06:33.713,0.9308,0.93115,1.00,9.60
2010.09.09 05:06:35.361,0.9308,0.93115,1.00,9.60
2010.09.09 05:06:35.812,0.93085,0.93115,1.00,9.60
2010.09.09 05:06:36.032,0.93085,0.93115,1.00,1.60
2010.09.09 05:06:37.262,0.93085,0.93115,1.00,1.60
2010.09.09 05:06:37.714,0.9308,0.93115,1.00,1.60
2010.09.09 05:06:38.558,0.9308,0.93115,1.00,9.60
2010.09.09 05:06:38.752,0.9308,0.93115,1.00,10.00
2010.09.09 05:06:40.015,0.9308,0.93115,1.00,10.00
2010.09.09 05:06:40.837,0.93075,0.93115,1.00,10.00
2010.09.09 05:06:41.823,0.93075,0.93115,1.00,10.00
2010.09.09 05:06:41.994,0.9307,0.9311,6.80,4.00
2010.09.09 05:06:42.649,0.93075,0.9311,1.00,4.00
2010.09.09 05:06:42.814,0.9307,0.9311,6.80,4.00
2010.09.09 05:06:43.034,0.9307,0.9311,6.50,4.40
2010.09.09 05:06:43.253,0.9307,0.9311,2.50,8.40
2010.09.09 05:06:43.891,0.93075,0.9311,1.00,8.40
2010.09.09 05:06:44.991,0.9307,0.9311,2.50,8.40
2010.09.09 05:06:45.231,0.9307,0.9311,2.40,8.40
2010.09.09 05:06:47.063,0.9307,0.9311,2.40,8.40
2010.09.09 05:06:47.663,0.93065,0.93105,1.00,8.00
2010.09.09 05:06:47.954,0.9307,0.93105,1.00,8.00
2010.09.09 05:06:49.473,0.9307,0.93105,2.50,8.00
2010.09.09 05:06:49.541,0.9307,0.9311,2.50,8.00
2010.09.09 05:06:49.611,0.93075,0.9311,1.00,8.00
2010.09.09 05:06:49.821,0.9307,0.9311,2.50,8.00
2010.09.09 05:06:49.999,0.9307,0.9311,2.40,8.00
2010.09.09 05:06:51.511,0.9307,0.9311,2.50,8.00
2010.09.09 05:06:51.912,0.93075,0.9311,1.00,8.00
2010.09.09 05:06:52.881,0.9307,0.9311,2.40,8.00
2010.09.09 05:06:53.034,0.93075,0.9311,1.00,8.00
2010.09.09 05:06:53.639,0.9307,0.93105,1.00,9.60
2010.09.09 05:06:54.717,0.93075,0.93105,1.00,1.60
2010.09.09 05:06:57.981,0.93065,0.93105,8.00,1.60
2010.09.09 05:06:59.010,0.93065,0.93105,8.00,1.60
2010.09.09 05:06:59.162,0.93075,0.93105,1.00,1.60
2010.09.09 05:06:59.483,0.9307,0.93105,4.10,1.60
2010.09.09 05:06:59.632,0.93075,0.93105,1.00,1.60
2010.09.09 05:07:02.045,0.93075,0.9311,1.80,8.00
2010.09.09 05:07:02.122,0.93075,0.9311,1.80,4.00
2010.09.09 05:07:02.362,0.93075,0.9311,1.80,4.00
2010.09.09 05:07:02.442,0.93075,0.9311,1.80,5.30
2010.09.09 05:07:02.521,0.9307,0.93105,5.70,1.60
2010.09.09 05:07:02.601,0.9307,0.93105,1.70,1.60
2010.09.09 05:07:02.681,0.9307,0.93105,4.10,1.60
2010.09.09 05:07:02.922,0.9307,0.93105,4.00,1.60
2010.09.09 05:07:03.702,0.9307,0.93105,1.00,5.60
2010.09.09 05:07:04.541,0.9307,0.93105,2.40,5.60
2010.09.09 05:07:04.723,0.9308,0.93105,1.00,1.60
2010.09.09 05:07:04.864,0.9308,0.9311,2.40,9.60
2010.09.09 05:07:05.004,0.9308,0.93115,1.00,1.60
2010.09.09 05:07:05.661,0.9308,0.9312,4.20,5.60
2010.09.09 05:07:05.993,0.93085,0.9312,1.00,4.00
2010.09.09 05:07:06.332,0.93085,0.93125,8.30,1.60
2010.09.09 05:07:07.002,0.9309,0.93125,1.00,1.60
2010.09.09 05:07:07.863,0.93085,0.93125,8.60,1.60
2010.09.09 05:07:08.003,0.9309,0.93125,1.00,1.60
2010.09.09 05:07:09.938,0.9309,0.9312,1.00,4.00
2010.09.09 05:07:11.091,0.93085,0.9312,1.00,4.00
2010.09.09 05:07:12.911,0.93085,0.9312,1.00,4.00
2010.09.09 05:07:13.428,0.9308,0.93115,6.40,1.60
2010.09.09 05:07:13.454,0.93085,0.93125,8.60,1.60
2010.09.09 05:07:13.744,0.93085,0.93125,8.50,1.60
2010.09.09 05:07:14.001,0.93085,0.9312,4.50,4.00
2010.09.09 05:07:14.132,0.93085,0.9312,1.00,4.00
2010.09.09 05:07:15.047,0.93085,0.9312,1.00,4.00
2010.09.09 05:07:17.253,0.9309,0.93125,1.00,8.00
2010.09.09 05:07:17.391,0.9309,0.93125,1.00,8.00
2010.09.09 05:07:17.462,0.93095,0.93125,1.00,4.00
2010.09.09 05:07:17.532,0.93095,0.9313,1.00,4.00
2010.09.09 05:07:17.752,0.93095,0.93135,1.00,8.00
2010.09.09 05:07:17.982,0.93095,0.9314,4.00,10.40
2010.09.09 05:07:18.649,0.93095,0.9314,8.00,10.40
2010.09.09 05:07:18.772,0.931,0.9314,1.00,10.40
2010.09.09 05:07:19.991,0.93105,0.9314,1.00,10.40
2010.09.09 05:07:20.234,0.931,0.9314,1.00,10.40
2010.09.09 05:07:23.633,0.931,0.9314,1.00,4.00
2010.09.09 05:07:23.761,0.931,0.93145,4.00,12.40
2010.09.09 05:07:33.003,0.931,0.9314,4.00,1.00
2010.09.09 05:07:33.052,0.931,0.9314,4.00,1.00
2010.09.09 05:07:33.160,0.931,0.9314,4.00,3.20
2010.09.09 05:07:33.667,0.93095,0.93135,8.40,4.00
2010.09.09 05:07:33.761,0.93095,0.93135,4.00,6.00
2010.09.09 05:07:34.423,0.93095,0.93135,4.00,6.00
2010.09.09 05:07:35.007,0.931,0.93135,1.00,6.00
2010.09.09 05:07:35.639,0.93095,0.93135,4.00,6.00
2010.09.09 05:07:37.875,0.93095,0.93135,4.10,6.10
2010.09.09 05:07:44.358,0.93095,0.93135,4.10,5.70
2010.09.09 05:08:17.551,0.931,0.93135,1.00,5.60
2010.09.09 05:08:17.951,0.93095,0.93135,4.00,5.60
2010.09.09 05:08:18.651,0.93095,0.93135,1.00,9.60
2010.09.09 05:08:21.556,0.9309,0.9313,8.30,1.00
2010.09.09 05:08:24.597,0.9309,0.9313,8.70,1.00
2010.09.09 05:08:29.130,0.9309,0.9313,11.10,1.00
2010.09.09 05:08:31.932,0.9309,0.9313,10.50,1.00
2010.09.09 05:08:32.173,0.9309,0.93125,1.00,1.60
2010.09.09 05:08:33.902,0.9309,0.9313,1.00,10.50
2010.09.09 05:08:33.961,0.9309,0.9313,2.50,8.90
2010.09.09 05:08:34.021,0.9309,0.9313,6.90,4.90
2010.09.09 05:08:34.082,0.9309,0.9313,10.80,1.00
2010.09.09 05:08:34.141,0.9309,0.93125,6.80,4.00
2010.09.09 05:08:34.202,0.9309,0.93125,4.40,4.00
2010.09.09 05:08:34.452,0.9309,0.93125,4.00,1.00
2010.09.09 05:08:35.193,0.93085,0.93125,8.60,1.00
2010.09.09 05:08:35.991,0.93085,0.9313,8.60,10.40
2010.09.09 05:08:44.453,0.93085,0.9313,8.20,10.40
2010.09.09 05:08:52.512,0.9309,0.9313,5.80,4.00
2010.09.09 05:08:52.563,0.9309,0.9313,9.80,1.00
2010.09.09 05:08:53.782,0.9309,0.93135,9.90,11.70
2010.09.09 05:08:54.662,0.9309,0.93135,9.90,9.70
2010.09.09 05:08:55.008,0.93095,0.93135,1.00,9.60
2010.09.09 05:08:55.744,0.93095,0.93135,4.00,5.60
2010.09.09 05:08:55.831,0.93095,0.93135,8.40,1.60
2010.09.09 05:08:56.101,0.93095,0.93135,8.50,1.60
2010.09.09 05:08:59.081,0.93095,0.93135,8.40,1.70
2010.09.09 05:08:59.206,0.93095,0.9313,8.40,1.00
2010.09.09 05:08:59.571,0.93095,0.9313,1.00,1.00
2010.09.09 05:09:05.270,0.93095,0.93135,8.40,1.60
2010.09.09 05:09:10.074,0.93095,0.9313,8.40,1.00
2010.09.09 05:09:10.162,0.93095,0.9313,8.00,1.00
2010.09.09 05:09:10.221,0.93095,0.9313,4.00,2.40
2010.09.09 05:09:10.371,0.9309,0.9313,10.60,2.40
2010.09.09 05:09:10.401,0.9309,0.9313,9.00,6.40
2010.09.09 05:09:10.432,0.9309,0.9313,5.00,6.40
2010.09.09 05:09:10.461,0.9309,0.9313,4.20,6.40
2010.09.09 05:09:12.453,0.9309,0.93125,4.00,1.00
2010.09.09 05:09:12.592,0.93085,0.93125,4.00,5.70
2010.09.09 05:09:12.733,0.9308,0.93125,11.00,9.70
2010.09.09 05:09:12.872,0.9308,0.9312,9.40,2.40
2010.09.09 05:09:13.514,0.9308,0.9312,4.20,6.50
2010.09.09 05:09:15.822,0.9308,0.9312,4.20,6.40
2010.09.09 05:09:16.042,0.9308,0.9312,4.20,4.00
2010.09.09 05:09:16.646,0.9308,0.9312,4.20,4.00
2010.09.09 05:09:16.802,0.9308,0.9312,8.20,1.00
2010.09.09 05:09:19.045,0.93085,0.93125,1.00,9.70
2010.09.09 05:09:20.002,0.93085,0.93125,4.00,5.70
2010.09.09 05:09:20.182,0.9309,0.93125,4.00,1.70
2010.09.09 05:09:21.619,0.9308,0.9312,4.60,1.00
2010.09.09 05:09:21.789,0.9308,0.9312,4.60,1.00
2010.09.09 05:09:31.941,0.9308,0.9312,4.40,1.00
2010.09.09 05:09:32.456,0.9308,0.9312,1.00,4.00
2010.09.09 05:09:32.613,0.93075,0.93115,1.00,9.60
2010.09.09 05:09:32.773,0.93075,0.93115,1.00,9.60
2010.09.09 05:09:33.911,0.93075,0.93115,1.00,8.80
2010.09.09 05:09:34.172,0.9307,0.93105,10.60,1.60
2010.09.09 05:09:34.720,0.9307,0.93105,9.80,1.60
2010.09.09 05:09:34.800,0.93075,0.9312,8.10,10.50
2010.09.09 05:09:34.871,0.93075,0.9312,8.10,8.10
2010.09.09 05:09:34.941,0.9308,0.9312,4.00,4.10
2010.09.09 05:09:35.281,0.9308,0.9312,4.00,1.00
2010.09.09 05:09:35.822,0.9308,0.9312,4.20,1.00
2010.09.09 05:09:36.102,0.9308,0.9312,8.60,1.00
2010.09.09 05:09:37.018,0.9308,0.9312,8.60,1.00
2010.09.09 05:09:38.004,0.9308,0.9312,8.60,1.00
2010.09.09 05:09:41.171,0.9308,0.9312,4.60,1.00
2010.09.09 05:09:41.431,0.9308,0.9312,4.60,4.00
2010.09.09 05:09:44.561,0.9308,0.9312,4.20,4.00
2010.09.09 05:09:49.228,0.9308,0.93115,4.20,1.00
2010.09.09 05:09:49.261,0.9308,0.93115,4.00,1.00
2010.09.09 05:09:49.502,0.93075,0.93115,4.00,4.00
2010.09.09 05:09:49.817,0.93075,0.93115,4.00,4.00
2010.09.09 05:09:51.173,0.93075,0.93115,4.00,4.00
2010.09.09 05:09:52.545,0.93075,0.9311,4.00,4.00
2010.09.09 05:09:52.644,0.93075,0.9311,4.00,1.60
2010.09.09 05:09:52.783,0.93075,0.93115,4.00,4.00
2010.09.09 05:09:52.853,0.93075,0.93115,4.00,4.10
2010.09.09 05:09:52.921,0.93075,0.9311,4.00,4.00
2010.09.09 05:09:52.992,0.93075,0.93115,4.00,4.10
2010.09.09 05:09:53.204,0.93075,0.9311,4.00,1.00
2010.09.09 05:09:53.773,0.9308,0.93115,4.00,1.00
2010.09.09 05:09:54.985,0.9308,0.93115,4.00,1.00
2010.09.09 05:09:55.975,0.9308,0.93115,4.00,1.00
2010.09.09 05:09:58.326,0.9307,0.93105,1.00,5.60
2010.09.09 05:09:58.362,0.93065,0.93105,5.60,5.60
2010.09.09 05:09:58.402,0.9307,0.93105,1.60,8.00
2010.09.09 05:09:58.533,0.9307,0.93105,1.60,4.00
2010.09.09 05:09:58.613,0.93065,0.9311,8.00,10.50
2010.09.09 05:10:00.954,0.93065,0.93105,8.00,1.00
2010.09.09 05:10:01.142,0.93065,0.9311,8.00,10.40
2010.09.09 05:10:01.331,0.93065,0.93105,8.00,1.60
2010.09.09 05:10:01.521,0.93065,0.93105,4.00,5.60
2010.09.09 05:10:01.711,0.9306,0.93105,10.00,9.60
2010.09.09 05:10:02.091,0.9306,0.931,10.00,1.00
2010.09.09 05:10:02.846,0.93065,0.93105,8.20,1.00
2010.09.09 05:10:03.053,0.93065,0.93105,4.20,1.00
2010.09.09 05:10:03.312,0.9306,0.93105,4.40,8.10
2010.09.09 05:10:03.813,0.93055,0.9309,2.40,4.00
2010.09.09 05:10:04.453,0.9305,0.93095,8.40,8.00
2010.09.09 05:10:04.572,0.93055,0.93095,4.00,4.00
2010.09.09 05:10:04.912,0.9305,0.9309,4.40,4.00
2010.09.09 05:10:06.092,0.9305,0.9309,4.40,4.00
2010.09.09 05:10:08.416,0.9305,0.93095,11.60,9.60
2010.09.09 05:10:08.582,0.93055,0.93095,8.00,1.60
2010.09.09 05:10:10.100,0.93055,0.93095,8.00,1.70
2010.09.09 05:10:10.276,0.9305,0.93095,10.80,9.60
2010.09.09 05:10:10.952,0.9305,0.93095,10.80,8.00
2010.09.09 05:10:11.497,0.93055,0.93095,4.00,5.60
2010.09.09 05:10:11.612,0.93055,0.93095,8.00,1.60
2010.09.09 05:10:11.932,0.93055,0.9309,8.00,1.00
2010.09.09 05:10:14.667,0.93055,0.9309,8.40,1.00
2010.09.09 05:10:18.324,0.93055,0.93095,8.40,1.60
2010.09.09 05:10:18.478,0.93055,0.93095,8.40,1.00
2010.09.09 05:10:19.093,0.93055,0.93095,1.00,9.60
2010.09.09 05:10:19.114,0.93055,0.93095,1.00,8.00
2010.09.09 05:10:19.241,0.93055,0.93095,4.40,4.00
2010.09.09 05:10:19.254,0.93055,0.93095,8.40,1.00
2010.09.09 05:10:19.319,0.93055,0.93095,8.40,1.60
2010.09.09 05:10:19.563,0.93055,0.93095,8.40,1.00
2010.09.09 05:10:19.815,0.93055,0.931,8.60,8.10
2010.09.09 05:10:20.064,0.93065,0.931,1.20,8.00
2010.09.09 05:10:20.934,0.9307,0.93105,1.00,1.00
2010.09.09 05:10:21.391,0.9307,0.93105,1.00,4.10
2010.09.09 05:10:21.541,0.93065,0.93105,4.00,4.10
2010.09.09 05:10:21.841,0.93065,0.93105,8.00,1.00
2010.09.09 05:10:25.321,0.93065,0.93105,8.40,1.00
2010.09.09 05:10:25.541,0.93065,0.93105,4.40,5.70
2010.09.09 05:10:25.761,0.93065,0.93105,1.00,8.10
2010.09.09 05:10:27.414,0.93065,0.931,1.00,1.00
2010.09.09 05:10:27.445,0.93065,0.93095,1.00,1.00
2010.09.09 05:10:28.224,0.93065,0.931,1.00,2.40
2010.09.09 05:10:28.362,0.93065,0.931,1.00,1.00
2010.09.09 05:10:28.734,0.93065,0.931,8.40,1.00
2010.09.09 05:10:29.802,0.93065,0.931,8.40,1.00
2010.09.09 05:10:30.401,0.93065,0.931,8.40,1.00
2010.09.09 05:10:31.283,0.93065,0.931,8.40,1.00
2010.09.09 05:10:31.612,0.93065,0.93095,8.40,1.00
2010.09.09 05:10:33.533,0.93065,0.931,8.40,1.00
2010.09.09 05:10:33.613,0.93065,0.931,4.40,4.00
2010.09.09 05:10:33.673,0.93065,0.931,1.00,8.10
2010.09.09 05:10:33.791,0.93065,0.931,1.00,10.50
2010.09.09 05:10:33.852,0.93065,0.93095,1.00,4.00
2010.09.09 05:10:33.912,0.93065,0.93095,1.00,8.00
2010.09.09 05:10:34.523,0.9306,0.93095,1.00,8.00
2010.09.09 05:10:34.818,0.9304,0.9308,1.00,8.00
2010.09.09 05:10:36.712,0.9304,0.9308,1.00,8.10
2010.09.09 05:10:37.981,0.9304,0.9308,1.00,8.00
2010.09.09 05:10:39.771,0.93045,0.9308,4.00,4.00
2010.09.09 05:10:39.823,0.93045,0.9308,4.00,4.00
2010.09.09 05:10:39.932,0.93045,0.93085,8.00,1.00
2010.09.09 05:10:40.812,0.93045,0.93085,9.60,1.00
2010.09.09 05:10:43.301,0.9305,0.9309,8.00,1.00
2010.09.09 05:10:44.971,0.9305,0.9309,8.10,1.00
2010.09.09 05:10:47.304,0.93055,0.9309,4.00,1.00
2010.09.09 05:10:47.592,0.93055,0.9309,8.00,1.00
2010.09.09 05:10:48.308,0.9305,0.9309,8.00,1.00
2010.09.09 05:10:48.526,0.93045,0.9309,9.20,8.00
2010.09.09 05:10:48.744,0.93055,0.9309,8.00,1.00
2010.09.09 05:10:49.084,0.93045,0.9308,8.00,1.60
2010.09.09 05:10:49.943,0.93035,0.93075,8.00,1.00
2010.09.09 05:10:50.483,0.93035,0.93075,8.00,1.00
2010.09.09 05:10:51.479,0.9303,0.93075,10.00,8.40
2010.09.09 05:10:51.793,0.9303,0.9307,10.00,1.00
2010.09.09 05:10:51.922,0.9303,0.9307,1.60,8.40
2010.09.09 05:10:52.592,0.9303,0.9307,5.60,4.40
2010.09.09 05:10:52.721,0.9303,0.9307,10.00,1.00
2010.09.09 05:10:53.606,0.9303,0.9307,2.00,8.00
2010.09.09 05:10:53.962,0.9303,0.93065,2.00,1.00
2010.09.09 05:10:54.412,0.9303,0.9307,2.00,8.00
2010.09.09 05:10:55.204,0.9303,0.9307,10.00,1.00
2010.09.09 05:10:55.975,0.9303,0.9307,10.00,1.00
2010.09.09 05:10:56.871,0.93035,0.93075,4.00,8.50
2010.09.09 05:10:57.488,0.93035,0.93075,4.00,1.00
2010.09.09 05:10:57.664,0.93035,0.93075,8.00,1.00
2010.09.09 05:10:58.134,0.9303,0.9307,8.40,4.00
2010.09.09 05:10:58.282,0.93025,0.9307,8.80,10.00
2010.09.09 05:10:58.434,0.93035,0.9307,4.00,5.60
2010.09.09 05:10:58.582,0.93035,0.93075,8.00,1.00
2010.09.09 05:10:59.274,0.9303,0.9307,8.00,1.00
2010.09.09 05:10:59.662,0.9303,0.9307,8.00,1.00
2010.09.09 05:11:00.042,0.9303,0.9307,8.00,1.00
2010.09.09 05:11:00.232,0.93035,0.93075,4.00,4.40
2010.09.09 05:11:00.828,0.93035,0.93075,8.00,1.00
2010.09.09 05:11:01.872,0.93035,0.93075,8.00,2.00
2010.09.09 05:11:02.112,0.93035,0.93075,8.10,2.00
2010.09.09 05:11:03.017,0.93035,0.93065,8.00,1.60
2010.09.09 05:11:03.252,0.93025,0.93065,9.70,1.60
2010.09.09 05:11:03.492,0.9303,0.9307,8.00,4.40
2010.09.09 05:11:03.734,0.93035,0.93075,4.00,7.70
2010.09.09 05:11:04.492,0.9303,0.93065,4.10,1.60
2010.09.09 05:11:05.752,0.9303,0.93065,4.00,1.60
2010.09.09 05:11:06.192,0.93035,0.93065,1.00,1.60
2010.09.09 05:11:07.163,0.9303,0.93065,1.00,1.60
2010.09.09 05:11:08.441,0.93035,0.93065,1.00,1.60
2010.09.09 05:11:09.901,0.93035,0.93065,1.00,1.60
2010.09.09 05:11:11.031,0.9303,0.93065,4.00,1.60
2010.09.09 05:11:12.001,0.93035,0.93065,1.00,1.60
2010.09.09 05:11:12.514,0.93025,0.93065,8.10,1.60
2010.09.09 05:11:12.553,0.93025,0.93065,8.00,2.00
2010.09.09 05:11:13.791,0.93025,0.93065,8.00,2.00
2010.09.09 05:11:14.123,0.93025,0.93065,8.00,6.00
2010.09.09 05:11:14.221,0.93025,0.93065,4.00,6.00
2010.09.09 05:11:15.033,0.93025,0.93065,8.10,2.00
2010.09.09 05:11:15.192,0.9303,0.93065,1.00,2.00
2010.09.09 05:11:15.342,0.9303,0.93065,1.00,2.00
2010.09.09 05:11:15.543,0.93035,0.93065,1.00,2.00
2010.09.09 05:11:15.703,0.9303,0.93065,1.00,2.00
2010.09.09 05:11:16.022,0.9303,0.93065,4.00,2.00
2010.09.09 05:11:17.362,0.93035,0.93065,1.00,2.00
2010.09.09 05:11:17.562,0.9303,0.93065,4.00,2.00
2010.09.09 05:11:17.762,0.9303,0.93065,1.00,2.00
2010.09.09 05:11:17.961,0.9303,0.93065,1.00,2.00
2010.09.09 05:11:18.545,0.9303,0.93065,1.00,2.00
2010.09.09 05:11:19.319,0.93025,0.93065,8.00,2.00
2010.09.09 05:11:19.523,0.93025,0.93065,8.00,2.00
2010.09.09 05:11:20.003,0.93025,0.93065,8.00,2.00
2010.09.09 05:11:21.442,0.93025,0.93065,8.10,2.00
2010.09.09 05:11:21.653,0.93025,0.93065,8.10,2.10
2010.09.09 05:11:22.583,0.9303,0.93065,2.40,1.60
2010.09.09 05:11:22.756,0.9303,0.93065,4.00,1.60
2010.09.09 05:11:22.922,0.9303,0.93065,1.60,1.60
2010.09.09 05:11:23.193,0.9303,0.93065,1.00,1.60
2010.09.09 05:11:23.983,0.9303,0.93065,4.00,1.60
2010.09.09 05:11:24.232,0.9303,0.93065,4.00,1.60
2010.09.09 05:11:24.472,0.93025,0.93065,8.00,1.60
2010.09.09 05:11:25.303,0.93025,0.93065,8.10,1.60
2010.09.09 05:11:26.942,0.93025,0.93065,8.00,1.60
2010.09.09 05:11:27.843,0.93025,0.93065,8.00,1.60
2010.09.09 05:11:27.981,0.93025,0.93065,4.00,5.60
2010.09.09 05:11:28.292,0.9302,0.93065,14.00,9.60
2010.09.09 05:11:28.602,0.93025,0.93065,8.00,1.70
2010.09.09 05:11:29.944,0.93025,0.93065,8.00,1.60
2010.09.09 05:11:30.092,0.93025,0.93065,8.00,1.70
2010.09.09 05:11:30.804,0.9302,0.93065,14.00,9.60
2010.09.09 05:11:31.002,0.9302,0.93065,14.10,9.60
2010.09.09 05:11:31.202,0.93025,0.93065,8.00,1.60
2010.09.09 05:11:32.195,0.9303,0.93065,12.00,1.60
2010.09.09 05:11:32.483,0.9303,0.93065,12.10,1.60
2010.09.09 05:11:32.772,0.9303,0.9307,12.10,3.60
2010.09.09 05:11:33.051,0.9303,0.9307,12.10,1.60
2010.09.09 05:11:33.921,0.93035,0.9307,8.00,1.60
2010.09.09 05:11:34.046,0.93035,0.9307,8.00,1.70
2010.09.09 05:11:34.164,0.93035,0.9307,8.10,1.60
2010.09.09 05:11:34.912,0.93035,0.9307,8.00,1.60
2010.09.09 05:11:35.153,0.93035,0.9307,8.10,1.60
2010.09.09 05:11:35.554,0.93035,0.9307,8.00,1.60
2010.09.09 05:11:36.280,0.9303,0.9307,12.20,1.60
2010.09.09 05:11:36.938,0.93035,0.9307,1.00,1.60
2010.09.09 05:11:37.832,0.93035,0.9307,8.10,1.60
2010.09.09 05:11:38.082,0.9304,0.9307,1.00,1.60
2010.09.09 05:11:38.734,0.93045,0.9307,1.00,1.60
2010.09.09 05:11:39.426,0.93035,0.9307,8.00,1.60
2010.09.09 05:11:39.592,0.9303,0.9307,12.30,1.60
2010.09.09 05:11:40.512,0.9303,0.9307,12.20,1.70
2010.09.09 05:11:40.732,0.9303,0.9307,12.30,1.60
2010.09.09 05:11:41.462,0.93035,0.9307,4.00,1.60
2010.09.09 05:11:41.682,0.93035,0.9307,8.10,1.60
2010.09.09 05:11:42.091,0.93035,0.9307,8.00,1.60
2010.09.09 05:11:43.211,0.93045,0.9307,1.00,1.60
2010.09.09 05:11:43.351,0.93045,0.93075,1.00,2.00
2010.09.09 05:11:43.944,0.93045,0.93075,1.00,1.00
2010.09.09 05:11:44.012,0.93045,0.9308,1.00,1.00
2010.09.09 05:11:44.432,0.93045,0.9308,1.00,1.00
2010.09.09 05:11:44.702,0.93045,0.9308,1.00,1.00
2010.09.09 05:11:45.484,0.93045,0.9308,1.00,8.00
2010.09.09 05:11:45.643,0.93045,0.93075,1.00,1.00
2010.09.09 05:11:45.802,0.93045,0.9308,1.00,8.50
2010.09.09 05:11:45.964,0.93045,0.93075,1.00,4.10
2010.09.09 05:11:46.536,0.93045,0.93075,1.00,4.00
2010.09.09 05:11:46.693,0.93045,0.93075,1.00,1.00
2010.09.09 05:11:47.032,0.93045,0.9308,1.00,8.40
2010.09.09 05:11:48.932,0.93045,0.9308,1.00,4.40
2010.09.09 05:11:48.991,0.93045,0.9308,1.00,1.00
2010.09.09 05:11:49.594,0.93045,0.9308,1.00,1.00
2010.09.09 05:11:51.992,0.93045,0.9308,1.00,1.00
2010.09.09 05:11:52.331,0.93045,0.93075,1.00,1.00
2010.09.09 05:11:53.212,0.93045,0.9308,1.00,1.00
2010.09.09 05:11:53.422,0.93045,0.9308,8.20,1.00
2010.09.09 05:11:53.633,0.93055,0.93085,1.00,1.00
2010.09.09 05:11:54.386,0.93045,0.9308,1.00,8.10
2010.09.09 05:11:54.872,0.93045,0.9308,1.00,1.00
2010.09.09 05:11:55.744,0.93045,0.9308,4.20,1.00
2010.09.09 05:11:56.012,0.93045,0.9308,1.00,4.10
2010.09.09 05:11:56.283,0.93045,0.9308,1.00,1.00
2010.09.09 05:11:56.858,0.93045,0.93075,1.00,1.00
2010.09.09 05:11:57.176,0.93045,0.93075,1.00,1.00
2010.09.09 05:11:57.989,0.93045,0.9308,1.00,8.00
2010.09.09 05:11:58.303,0.93045,0.93075,1.00,1.00
2010.09.09 05:11:58.812,0.93035,0.9307,8.20,1.00
2010.09.09 05:11:59.785,0.93035,0.9307,4.20,1.00
2010.09.09 05:11:59.997,0.93035,0.9307,1.00,1.00
2010.09.09 05:12:00.484,0.93035,0.9307,1.00,1.00
2010.09.09 05:12:02.333,0.9304,0.9307,1.60,1.00
2010.09.09 05:12:02.553,0.93035,0.9307,9.00,1.00
2010.09.09 05:12:03.304,0.93035,0.93075,5.00,5.70
2010.09.09 05:12:03.772,0.93035,0.93075,1.00,9.70
2010.09.09 05:12:04.770,0.9303,0.93075,14.10,9.70
2010.09.09 05:12:04.885,0.9303,0.9307,8.40,4.00
2010.09.09 05:12:04.992,0.9303,0.9307,12.40,1.00
2010.09.09 05:12:05.732,0.9303,0.93075,12.50,8.10
2010.09.09 05:12:05.841,0.9303,0.93075,12.40,8.00
2010.09.09 05:12:08.398,0.9303,0.9307,8.40,4.10
2010.09.09 05:12:08.702,0.9303,0.9307,4.40,8.10
2010.09.09 05:12:08.812,0.9303,0.9307,8.40,4.10
2010.09.09 05:12:09.171,0.9303,0.9307,4.40,8.10
2010.09.09 05:12:09.934,0.9304,0.93075,2.40,1.00
2010.09.09 05:12:10.452,0.9304,0.9308,2.40,8.50
2010.09.09 05:12:11.000,0.93035,0.9308,9.00,10.90
2010.09.09 05:12:11.122,0.93035,0.93075,9.00,1.70
2010.09.09 05:12:11.443,0.93035,0.9307,1.00,1.00
2010.09.09 05:12:13.156,0.93035,0.9307,5.00,1.00
2010.09.09 05:12:13.255,0.93035,0.9307,1.00,1.00
2010.09.09 05:12:14.643,0.93035,0.9307,1.40,1.00
2010.09.09 05:12:14.934,0.93035,0.93075,1.40,9.60
2010.09.09 05:12:15.224,0.93035,0.93075,9.40,1.00
2010.09.09 05:12:15.914,0.93035,0.93075,5.40,4.00
2010.09.09 05:12:16.218,0.93045,0.93085,1.10,8.00
2010.09.09 05:12:17.997,0.9305,0.93085,1.00,8.00
2010.09.09 05:12:18.640,0.93045,0.93085,1.00,8.00
2010.09.09 05:12:25.086,0.93045,0.93085,1.10,8.00
2010.09.09 05:12:25.685,0.93045,0.9309,9.10,10.00
2010.09.09 05:12:28.192,0.93055,0.9309,1.00,8.40
2010.09.09 05:12:28.786,0.9305,0.93095,10.80,10.00
2010.09.09 05:12:28.805,0.9305,0.93095,10.80,10.10
2010.09.09 05:12:28.886,0.9305,0.9309,10.80,1.00
2010.09.09 05:12:28.901,0.9305,0.9309,6.80,4.10
2010.09.09 05:12:28.923,0.93045,0.93085,7.40,4.00
2010.09.09 05:12:29.402,0.93045,0.93085,1.00,8.00
2010.09.09 05:12:31.302,0.93045,0.9308,1.00,1.00
2010.09.09 05:12:33.102,0.93045,0.93085,1.00,8.00
2010.09.09 05:12:33.224,0.9305,0.93085,2.40,8.00
2010.09.09 05:12:33.683,0.9305,0.9309,2.40,10.00
2010.09.09 05:12:34.752,0.9305,0.9309,2.40,8.40
2010.09.09 05:12:34.937,0.9305,0.9309,2.40,8.50
2010.09.09 05:12:35.591,0.9305,0.9309,2.40,8.10
2010.09.09 05:12:36.192,0.93055,0.9309,1.00,8.00
2010.09.09 05:12:36.992,0.9306,0.93095,1.00,8.10
2010.09.09 05:12:37.992,0.9306,0.93095,1.00,8.00
2010.09.09 05:12:39.544,0.9306,0.9309,1.00,1.00
2010.09.09 05:12:44.422,0.9306,0.93095,1.00,8.00
2010.09.09 05:12:44.715,0.9306,0.9309,1.00,1.00
2010.09.09 05:12:45.592,0.9306,0.93095,1.00,8.00
2010.09.09 05:12:47.302,0.9306,0.93095,1.00,9.60
2010.09.09 05:12:47.392,0.9306,0.9309,1.00,1.00
2010.09.09 05:12:47.481,0.9306,0.9309,1.20,1.00
2010.09.09 05:12:47.962,0.9306,0.9309,1.20,1.00
2010.09.09 05:12:50.492,0.9306,0.93095,1.20,9.60
2010.09.09 05:12:50.583,0.9306,0.93095,3.60,9.60
2010.09.09 05:12:50.611,0.9306,0.93095,3.60,8.00
2010.09.09 05:12:50.856,0.9306,0.93095,5.20,8.00
2010.09.09 05:12:50.882,0.93065,0.93095,1.00,8.00
2010.09.09 05:12:50.911,0.93065,0.93095,1.00,4.00
2010.09.09 05:12:50.932,0.93065,0.93095,1.00,1.00
2010.09.09 05:12:52.564,0.93065,0.931,1.00,8.10
2010.09.09 05:13:03.424,0.93065,0.931,1.00,8.10
2010.09.09 05:13:06.016,0.93065,0.931,1.00,8.10
2010.09.09 05:13:08.322,0.9306,0.93095,1.00,1.00
2010.09.09 05:13:14.673,0.93055,0.93095,11.00,1.00
2010.09.09 05:13:14.802,0.93055,0.93095,10.60,1.00
2010.09.09 05:13:15.062,0.93055,0.93095,9.80,1.00
2010.09.09 05:13:29.921,0.93055,0.93095,8.20,1.00
2010.09.09 05:13:29.991,0.93055,0.93095,4.20,4.00
2010.09.09 05:13:30.061,0.93055,0.9309,1.00,4.00
2010.09.09 05:13:32.726,0.93055,0.9309,4.20,4.00
2010.09.09 05:13:32.901,0.93055,0.93095,8.20,1.00
2010.09.09 05:13:35.027,0.93055,0.931,8.30,8.10
2010.09.09 05:13:35.347,0.93055,0.931,8.20,8.00
2010.09.09 05:13:36.213,0.93065,0.93105,1.00,10.00
2010.09.09 05:13:38.454,0.9306,0.93105,8.00,11.60
2010.09.09 05:13:38.591,0.9306,0.93105,8.10,11.60
2010.09.09 05:13:38.654,0.9306,0.93105,4.10,11.60
2010.09.09 05:13:39.633,0.9306,0.93105,4.00,11.60
2010.09.09 05:13:39.993,0.93065,0.93105,1.00,11.60
2010.09.09 05:13:40.173,0.93065,0.93105,8.40,2.00
2010.09.09 05:13:40.352,0.93065,0.931,4.00,1.00
2010.09.09 05:13:40.532,0.93065,0.931,1.00,1.00
2010.09.09 05:13:41.146,0.9306,0.931,4.40,1.00
2010.09.09 05:13:50.811,0.9306,0.931,1.00,8.40
2010.09.09 05:13:51.982,0.93065,0.931,1.00,8.40
2010.09.09 05:13:53.152,0.93065,0.931,1.00,1.00
2010.09.09 05:13:53.939,0.93065,0.931,1.00,1.00
2010.09.09 05:13:54.832,0.93065,0.93105,1.00,11.60
2010.09.09 05:14:00.431,0.9306,0.93105,4.00,12.40
2010.09.09 05:14:00.551,0.9306,0.931,4.00,2.40
2010.09.09 05:14:00.672,0.9306,0.931,1.00,10.40
2010.09.09 05:14:00.732,0.9306,0.93095,1.00,1.60
2010.09.09 05:14:01.839,0.9306,0.93095,1.00,1.60
2010.09.09 05:14:02.096,0.9306,0.93105,4.10,11.60
2010.09.09 05:14:02.951,0.9306,0.93105,4.10,11.70
2010.09.09 05:14:03.801,0.9306,0.931,4.10,4.00
2010.09.09 05:14:04.621,0.9306,0.931,4.10,4.40
2010.09.09 05:14:06.264,0.93065,0.931,1.00,4.40
2010.09.09 05:14:06.312,0.93065,0.931,1.00,4.00
2010.09.09 05:14:10.002,0.93065,0.931,1.00,4.40
2010.09.09 05:14:10.133,0.93065,0.93095,1.00,1.60
2010.09.09 05:14:10.263,0.9306,0.93095,1.00,5.60
2010.09.09 05:14:10.393,0.93055,0.93095,4.40,5.60
2010.09.09 05:14:11.893,0.93055,0.93095,4.50,5.60
2010.09.09 05:14:12.323,0.9306,0.93095,1.00,5.60
2010.09.09 05:14:13.051,0.9306,0.931,4.40,4.00
2010.09.09 05:14:13.224,0.9306,0.931,1.00,8.00
2010.09.09 05:14:13.392,0.93055,0.931,8.10,8.40
2010.09.09 05:14:13.692,0.9306,0.931,4.00,4.40
2010.09.09 05:14:14.082,0.93055,0.931,8.10,8.40
2010.09.09 05:14:14.341,0.93055,0.93095,4.10,4.00
2010.09.09 05:14:15.763,0.9306,0.93095,1.00,4.00
2010.09.09 05:14:16.581,0.9306,0.931,1.00,8.40
2010.09.09 05:14:18.662,0.93055,0.931,8.30,8.40
2010.09.09 05:14:19.297,0.9306,0.931,4.00,4.40
2010.09.09 05:14:19.416,0.93055,0.931,8.20,8.40
2010.09.09 05:14:19.533,0.93055,0.931,8.20,8.40
2010.09.09 05:14:20.830,0.9305,0.93095,8.10,10.00
2010.09.09 05:14:21.372,0.9305,0.93095,8.10,8.40
2010.09.09 05:14:21.432,0.93055,0.93095,4.00,4.40
2010.09.09 05:14:21.493,0.93055,0.93095,8.00,1.00
2010.09.09 05:14:29.843,0.9305,0.9309,4.30,4.00
2010.09.09 05:14:30.026,0.93045,0.9309,11.70,8.00
2010.09.09 05:14:30.621,0.9305,0.9309,4.00,4.00
2010.09.09 05:14:30.772,0.9305,0.93095,8.00,10.00
2010.09.09 05:14:32.422,0.9305,0.93095,8.00,10.00
2010.09.09 05:14:35.088,0.9305,0.93085,8.00,2.00
2010.09.09 05:14:35.293,0.9305,0.93085,4.00,2.00
2010.09.09 05:14:35.394,0.93045,0.93085,4.00,6.00
2010.09.09 05:14:35.492,0.9304,0.93085,10.30,9.60
2010.09.09 05:14:35.592,0.93045,0.93085,4.00,4.00
2010.09.09 05:14:36.233,0.93045,0.9309,8.00,8.00
2010.09.09 05:14:37.091,0.93045,0.9309,8.00,8.00
2010.09.09 05:14:38.612,0.93045,0.9309,8.00,8.80
2010.09.09 05:14:38.742,0.93045,0.9309,8.00,8.80
2010.09.09 05:14:38.872,0.93045,0.93085,8.00,1.60
2010.09.09 05:14:39.002,0.93045,0.93085,8.40,1.60
2010.09.09 05:14:39.545,0.9305,0.93085,1.60,1.60
2010.09.09 05:14:39.876,0.93045,0.93085,1.00,9.60
2010.09.09 05:14:41.002,0.93045,0.93085,1.00,9.60
2010.09.09 05:14:43.224,0.93045,0.93085,1.00,9.60
2010.09.09 05:14:43.917,0.9304,0.93085,12.60,11.60
2010.09.09 05:14:44.082,0.9304,0.93085,13.40,11.60
2010.09.09 05:14:44.252,0.93045,0.93085,1.00,11.60
2010.09.09 05:14:44.916,0.93045,0.93085,1.70,11.60
2010.09.09 05:14:44.928,0.93045,0.93085,1.60,11.60
2010.09.09 05:14:45.092,0.93045,0.93085,1.60,11.70
2010.09.09 05:14:45.651,0.9304,0.93085,13.50,11.70
2010.09.09 05:14:45.932,0.93045,0.93085,1.00,11.60
2010.09.09 05:14:46.482,0.9304,0.93085,10.30,11.70
2010.09.09 05:14:46.754,0.9304,0.9308,2.00,9.60
2010.09.09 05:14:47.032,0.93035,0.93075,11.30,1.60
2010.09.09 05:14:47.713,0.93035,0.93075,1.70,9.60
2010.09.09 05:14:48.042,0.93035,0.93075,1.60,9.60
2010.09.09 05:14:50.316,0.9304,0.93075,8.00,1.60
2010.09.09 05:14:51.462,0.93045,0.93075,1.00,1.60
2010.09.09 05:14:53.016,0.9304,0.93075,8.10,1.60
2010.09.09 05:14:55.102,0.9304,0.9308,8.10,1.00
2010.09.09 05:14:55.165,0.93045,0.9308,4.40,4.00
2010.09.09 05:14:55.303,0.93045,0.93085,8.40,2.00
2010.09.09 05:14:56.224,0.93045,0.93085,4.40,6.00
2010.09.09 05:14:56.563,0.93045,0.93085,4.40,6.80
2010.09.09 05:14:56.904,0.9304,0.93075,8.00,1.60
2010.09.09 05:14:57.493,0.9304,0.93075,4.00,1.60
2010.09.09 05:14:57.743,0.93035,0.93075,8.10,1.60
2010.09.09 05:14:57.989,0.93035,0.93075,8.00,5.60
2010.09.09 05:14:58.235,0.93035,0.93075,4.00,5.60
2010.09.09 05:14:58.983,0.93035,0.93075,4.10,5.70
2010.09.09 05:14:59.552,0.93035,0.93075,4.00,5.60
2010.09.09 05:14:59.832,0.93035,0.93075,8.00,1.60
2010.09.09 05:15:00.756,0.93035,0.93075,9.60,1.60
2010.09.09 05:15:01.073,0.93035,0.93075,8.00,1.60
2010.09.09 05:15:01.252,0.93035,0.93075,8.10,1.60
2010.09.09 05:15:01.592,0.93035,0.93075,8.10,1.70
2010.09.09 05:15:02.504,0.93035,0.93065,8.00,1.60
2010.09.09 05:15:02.872,0.9303,0.93075,10.80,9.60
2010.09.09 05:15:03.063,0.93035,0.93075,8.00,1.60
2010.09.09 05:15:03.932,0.93035,0.93075,8.00,1.60
2010.09.09 05:15:04.143,0.93035,0.93075,8.10,1.70
2010.09.09 05:15:04.642,0.93035,0.93075,8.10,1.60
2010.09.09 05:15:06.352,0.93035,0.93075,8.00,1.60
2010.09.09 05:15:06.534,0.93035,0.93075,8.00,1.60
2010.09.09 05:15:06.831,0.93035,0.93075,8.00,2.40
2010.09.09 05:15:06.933,0.9303,0.93065,10.80,1.60
2010.09.09 05:15:07.583,0.93035,0.93075,8.40,1.60
2010.09.09 05:15:08.212,0.93035,0.93075,8.50,1.60
2010.09.09 05:15:09.063,0.9304,0.93075,2.40,1.60
2010.09.09 05:15:09.404,0.9304,0.93075,2.40,1.60
2010.09.09 05:15:10.033,0.9304,0.93075,2.50,1.60
2010.09.09 05:15:11.052,0.9304,0.93075,2.40,1.60
2010.09.09 05:15:12.056,0.93035,0.93075,10.10,1.60
2010.09.09 05:15:12.226,0.93035,0.93075,10.00,2.40
2010.09.09 05:15:12.444,0.93035,0.93065,4.40,1.60
2010.09.09 05:15:12.663,0.9303,0.9307,6.40,1.00
2010.09.09 05:15:12.882,0.93035,0.93075,8.40,1.60
2010.09.09 05:15:13.102,0.93035,0.93075,8.40,1.70
2010.09.09 05:15:14.014,0.9303,0.93065,4.00,1.60
2010.09.09 05:15:14.632,0.93035,0.93065,1.00,1.60
2010.09.09 05:15:14.782,0.93035,0.9307,1.00,1.00
2010.09.09 05:15:14.922,0.93035,0.9307,8.40,1.00
2010.09.09 05:15:20.542,0.93035,0.9307,4.40,4.00
2010.09.09 05:15:20.783,0.93035,0.93065,1.00,1.60
2010.09.09 05:15:21.022,0.9303,0.93065,1.00,1.60
2010.09.09 05:15:22.193,0.9303,0.93065,1.00,1.60
2010.09.09 05:15:22.874,0.9303,0.93065,4.00,1.60
2010.09.09 05:15:23.070,0.9303,0.93065,4.00,1.70
2010.09.09 05:15:24.120,0.9302,0.9306,4.00,4.40
2010.09.09 05:15:24.272,0.9302,0.9306,4.00,7.60
2010.09.09 05:15:25.533,0.9302,0.9306,4.00,7.60
2010.09.09 05:15:26.822,0.9302,0.9306,4.00,10.10
2010.09.09 05:15:27.052,0.9302,0.9306,4.00,10.00
2010.09.09 05:15:27.794,0.93025,0.93065,4.00,4.50
2010.09.09 05:15:27.932,0.93025,0.93065,4.00,4.40
2010.09.09 05:15:29.111,0.93025,0.93065,4.00,4.50
2010.09.09 05:15:29.216,0.93025,0.93065,4.00,5.30
2010.09.09 05:15:29.807,0.9302,0.9306,4.00,6.00
2010.09.09 05:15:29.914,0.9302,0.9306,4.00,10.00
2010.09.09 05:15:30.922,0.9302,0.9306,4.00,10.00
2010.09.09 05:15:31.302,0.9302,0.9306,4.00,10.00
2010.09.09 05:15:33.112,0.9302,0.9306,4.00,10.00
2010.09.09 05:15:33.163,0.93015,0.93055,8.00,1.60
2010.09.09 05:15:33.222,0.93015,0.93055,8.00,2.00
2010.09.09 05:15:33.322,0.93015,0.9305,8.00,1.60
2010.09.09 05:15:33.783,0.9301,0.9305,8.10,3.20
2010.09.09 05:15:34.023,0.9301,0.9305,8.00,1.70
2010.09.09 05:15:34.803,0.93005,0.9305,12.40,12.10
2010.09.09 05:15:36.053,0.93005,0.9305,12.40,12.00
2010.09.09 05:15:36.383,0.93005,0.9304,12.40,1.60
2010.09.09 05:15:36.493,0.93005,0.9304,1.60,1.60
2010.09.09 05:15:37.184,0.93005,0.93045,5.60,5.70
2010.09.09 05:15:37.362,0.93005,0.93045,9.60,1.70
2010.09.09 05:15:37.542,0.93005,0.93045,9.60,1.00
2010.09.09 05:15:37.722,0.93005,0.93045,9.60,1.00
2010.09.09 05:15:39.348,0.93005,0.93045,10.00,1.00
2010.09.09 05:15:40.304,0.93005,0.9305,10.10,14.10
2010.09.09 05:15:40.392,0.93005,0.9305,10.30,14.10
2010.09.09 05:15:40.851,0.9301,0.9305,4.00,10.10
2010.09.09 05:15:41.947,0.9301,0.93045,4.00,1.00
2010.09.09 05:15:44.044,0.9301,0.9305,4.00,10.00
2010.09.09 05:15:44.712,0.93005,0.9305,10.20,10.00
2010.09.09 05:15:44.823,0.93005,0.9305,10.20,14.00
2010.09.09 05:15:46.628,0.93005,0.93045,10.20,1.00
2010.09.09 05:15:53.971,0.93005,0.93045,9.80,1.00
2010.09.09 05:15:54.112,0.93005,0.93045,9.80,1.00
2010.09.09 05:15:54.251,0.93005,0.93045,10.20,1.00
2010.09.09 05:15:54.531,0.9301,0.93045,4.00,1.00
2010.09.09 05:15:56.774,0.9301,0.9305,4.00,8.40
2010.09.09 05:15:57.641,0.9301,0.9305,4.00,4.40
2010.09.09 05:16:03.982,0.9301,0.9305,4.00,4.50
2010.09.09 05:16:04.322,0.93005,0.9305,10.20,8.50
2010.09.09 05:16:04.362,0.93005,0.9305,10.20,12.50
2010.09.09 05:16:05.113,0.93005,0.9305,8.60,12.50
2010.09.09 05:16:05.563,0.93005,0.93045,8.60,1.00
2010.09.09 05:16:06.872,0.93005,0.9305,8.70,12.50
2010.09.09 05:16:07.613,0.9301,0.9305,1.00,12.40
2010.09.09 05:16:07.767,0.9301,0.9304,1.00,1.60
2010.09.09 05:16:11.414,0.93,0.9304,8.40,1.60
2010.09.09 05:16:11.582,0.93,0.9304,8.50,1.60
2010.09.09 05:16:11.752,0.93,0.9304,4.50,5.70
2010.09.09 05:16:11.922,0.93,0.9304,1.00,5.60
2010.09.09 05:16:12.091,0.93,0.9304,1.00,9.60
2010.09.09 05:16:13.562,0.93,0.9304,1.00,9.60
2010.09.09 05:16:13.802,0.93005,0.9304,1.00,9.60
2010.09.09 05:16:14.899,0.93005,0.9304,1.00,8.00
2010.09.09 05:16:17.892,0.93,0.9304,1.00,8.00
2010.09.09 05:16:18.052,0.93,0.93035,1.00,8.00
2010.09.09 05:16:18.828,0.9299,0.9303,1.00,8.00
2010.09.09 05:16:18.965,0.9299,0.93025,1.00,4.00
2010.09.09 05:16:19.103,0.9299,0.93025,1.00,8.00
2010.09.09 05:16:22.309,0.9299,0.93025,1.00,8.00
2010.09.09 05:16:22.604,0.92995,0.93035,1.00,8.00
2010.09.09 05:16:24.122,0.93,0.93035,1.00,8.00
2010.09.09 05:16:24.924,0.93,0.93035,1.00,8.00
2010.09.09 05:16:26.347,0.92995,0.9303,1.00,5.60
2010.09.09 05:16:26.461,0.92995,0.9303,1.00,9.60
2010.09.09 05:16:26.574,0.92995,0.9303,1.00,9.60
2010.09.09 05:16:27.132,0.92995,0.9302,1.00,1.60
2010.09.09 05:16:27.553,0.92995,0.93025,1.00,1.00
2010.09.09 05:16:28.372,0.9299,0.93025,2.50,1.00
2010.09.09 05:16:29.163,0.9299,0.93015,2.40,1.00
2010.09.09 05:16:29.335,0.92985,0.93015,4.10,1.00
2010.09.09 05:16:29.967,0.92985,0.93015,1.00,1.00
2010.09.09 05:16:30.254,0.9299,0.93015,1.00,1.00
2010.09.09 05:16:30.682,0.92985,0.93015,1.00,1.00
2010.09.09 05:16:33.882,0.92985,0.93015,1.00,1.00
2010.09.09 05:16:33.922,0.92985,0.93015,4.30,1.00
2010.09.09 05:16:33.974,0.92985,0.93015,8.30,1.00
2010.09.09 05:16:34.013,0.9299,0.93025,2.40,1.00
2010.09.09 05:16:34.053,0.9299,0.93025,2.50,1.00
2010.09.09 05:16:34.604,0.9299,0.9302,1.00,1.00
2010.09.09 05:16:35.523,0.9299,0.9302,1.00,1.00
2010.09.09 05:16:36.312,0.92985,0.9302,1.00,1.00
2010.09.09 05:16:37.103,0.92985,0.9302,1.00,2.00
2010.09.09 05:16:37.322,0.92985,0.9302,1.00,8.40
2010.09.09 05:16:37.543,0.92985,0.9302,1.00,1.00
2010.09.09 05:16:38.946,0.9299,0.9302,1.00,1.00
2010.09.09 05:16:40.682,0.9299,0.9302,1.00,1.00
2010.09.09 05:16:40.779,0.92985,0.9302,1.00,1.00
2010.09.09 05:16:40.992,0.92985,0.9302,1.00,10.00
2010.09.09 05:16:42.497,0.92985,0.9302,1.00,10.00
2010.09.09 05:16:42.722,0.92985,0.9302,1.00,10.10
2010.09.09 05:16:44.006,0.92985,0.9302,1.00,10.00
2010.09.09 05:16:44.621,0.92985,0.9302,1.00,11.60
2010.09.09 05:16:45.473,0.92985,0.9302,1.00,11.60
2010.09.09 05:16:48.868,0.92985,0.9302,4.00,6.00
2010.09.09 05:16:48.903,0.9299,0.93025,1.00,4.00
2010.09.09 05:16:48.953,0.9299,0.9303,1.00,10.80
2010.09.09 05:16:48.992,0.92985,0.9303,4.20,10.80
2010.09.09 05:16:49.032,0.92985,0.9303,8.20,8.40
2010.09.09 05:16:49.151,0.92985,0.9303,9.80,8.40
2010.09.09 05:16:49.484,0.92995,0.93035,1.00,8.40
2010.09.09 05:16:50.063,0.9299,0.9303,4.50,4.00
2010.09.09 05:16:50.353,0.9299,0.9303,4.10,4.40
2010.09.09 05:16:50.923,0.9299,0.9303,4.10,6.00
2010.09.09 05:16:52.393,0.92995,0.9303,1.00,6.00
2010.09.09 05:16:53.143,0.92995,0.9303,1.00,5.60
2010.09.09 05:16:53.286,0.92995,0.93035,4.00,6.00
2010.09.09 05:16:53.421,0.92995,0.93035,8.00,2.00
2010.09.09 05:16:54.092,0.92995,0.93035,8.00,2.00
2010.09.09 05:16:55.143,0.92995,0.93035,8.00,2.00
2010.09.09 05:16:55.357,0.9299,0.93035,4.00,10.00
2010.09.09 05:16:55.993,0.9299,0.9303,4.10,2.40
2010.09.09 05:16:56.112,0.9299,0.93035,4.10,10.00
2010.09.09 05:16:56.223,0.92995,0.9303,1.00,8.00
2010.09.09 05:16:56.506,0.9299,0.9303,1.00,8.00
2010.09.09 05:16:57.341,0.9299,0.9303,1.00,8.10
2010.09.09 05:16:58.370,0.9299,0.9303,1.00,10.10
2010.09.09 05:16:58.643,0.9299,0.9303,1.00,10.00
2010.09.09 05:16:59.174,0.9299,0.9303,1.00,8.40
2010.09.09 05:16:59.332,0.9299,0.9303,2.50,8.40
2010.09.09 05:16:59.595,0.9299,0.9303,10.50,1.00
2010.09.09 05:17:00.356,0.92995,0.9303,1.00,1.00
2010.09.09 05:17:01.158,0.92995,0.9303,1.00,1.00
2010.09.09 05:17:01.263,0.93,0.93035,4.00,1.00
2010.09.09 05:17:03.343,0.93,0.9304,4.40,4.40
2010.09.09 05:17:03.452,0.93005,0.9304,1.00,4.40
2010.09.09 05:17:03.563,0.93,0.9304,4.50,4.40
2010.09.09 05:17:03.673,0.93,0.9304,6.80,4.40
2010.09.09 05:17:03.894,0.93,0.9304,1.00,10.00
2010.09.09 05:17:05.091,0.93,0.93035,1.00,8.00
2010.09.09 05:17:05.252,0.93,0.93035,1.00,9.60
2010.09.09 05:17:05.412,0.92995,0.93035,1.00,10.00
2010.09.09 05:17:05.573,0.92995,0.93035,4.20,6.00
2010.09.09 05:17:08.332,0.92995,0.93035,1.00,10.00
2010.09.09 05:17:08.984,0.92995,0.93035,1.00,6.00
2010.09.09 05:17:09.044,0.92995,0.93035,4.20,6.00
2010.09.09 05:17:13.911,0.92995,0.93035,4.20,6.00
2010.09.09 05:17:14.402,0.92995,0.93035,8.20,2.00
2010.09.09 05:17:14.562,0.93,0.93035,4.00,2.00
2010.09.09 05:17:14.753,0.93,0.93035,4.00,2.00
2010.09.09 05:17:15.649,0.93005,0.93035,4.00,2.00
2010.09.09 05:17:15.814,0.93005,0.9304,4.00,1.00
2010.09.09 05:17:16.262,0.93,0.9304,4.00,4.40
2010.09.09 05:17:17.484,0.93,0.9304,4.00,6.80
2010.09.09 05:17:17.705,0.93,0.9303,1.00,1.60
2010.09.09 05:17:18.583,0.93,0.9303,1.00,1.60
2010.09.09 05:17:22.873,0.92995,0.9303,1.00,1.60
2010.09.09 05:17:28.716,0.92995,0.9303,4.00,1.60
2010.09.09 05:17:28.763,0.92995,0.9303,4.40,1.60
2010.09.09 05:17:28.813,0.93,0.9303,1.00,1.60
2010.09.09 05:17:28.862,0.93,0.93035,1.00,4.00
2010.09.09 05:17:29.152,0.93,0.9304,1.00,13.20
2010.09.09 05:17:29.917,0.93,0.9304,2.80,9.60
2010.09.09 05:17:30.166,0.93005,0.93045,1.00,8.40
2010.09.09 05:17:31.572,0.9301,0.93045,1.00,8.40
2010.09.09 05:17:31.984,0.93005,0.93045,1.00,8.40
2010.09.09 05:17:33.763,0.93005,0.93045,1.00,8.60
2010.09.09 05:17:34.122,0.93005,0.93045,4.00,4.60
2010.09.09 05:17:35.402,0.93005,0.93045,8.00,1.00
2010.09.09 05:17:37.139,0.93005,0.93045,8.00,1.00
2010.09.09 05:17:37.227,0.93005,0.9305,8.50,10.40
2010.09.09 05:17:37.314,0.9301,0.9305,4.00,2.40
2010.09.09 05:17:37.403,0.9301,0.9305,8.00,2.40
2010.09.09 05:17:37.494,0.9301,0.93055,8.00,11.70
2010.09.09 05:17:37.741,0.9301,0.93055,8.00,10.10
2010.09.09 05:17:39.004,0.9301,0.93055,8.00,10.00
2010.09.09 05:17:39.283,0.9301,0.93055,8.40,9.60
2010.09.09 05:17:40.944,0.9301,0.93055,8.40,9.60
2010.09.09 05:17:41.131,0.93015,0.93055,1.00,9.60
2010.09.09 05:17:41.353,0.9301,0.93055,8.50,9.70
2010.09.09 05:17:42.271,0.93015,0.93055,1.00,9.60
2010.09.09 05:17:42.571,0.9301,0.93055,8.40,9.60
2010.09.09 05:17:42.873,0.93015,0.93055,8.00,1.60
2010.09.09 05:17:45.492,0.93015,0.93055,8.00,2.00
2010.09.09 05:17:45.752,0.93015,0.93055,4.00,6.00
2010.09.09 05:17:45.882,0.93015,0.93055,4.00,6.00
2010.09.09 05:17:46.525,0.93015,0.93055,8.00,2.10
2010.09.09 05:17:47.015,0.93015,0.93055,8.10,2.10
2010.09.09 05:17:47.133,0.93015,0.93055,8.00,2.10
2010.09.09 05:17:47.346,0.93015,0.93055,8.00,2.00
2010.09.09 05:17:48.993,0.93015,0.93055,1.00,10.10
2010.09.09 05:17:49.042,0.9301,0.93055,8.10,10.10
2010.09.09 05:17:49.182,0.93015,0.93055,4.00,10.10
2010.09.09 05:17:49.224,0.93015,0.93055,4.00,6.10
2010.09.09 05:17:49.757,0.93015,0.93055,4.00,6.00
2010.09.09 05:17:51.665,0.93015,0.93055,4.10,6.00
2010.09.09 05:17:53.022,0.93015,0.93055,4.00,7.70
2010.09.09 05:17:53.403,0.93015,0.93055,4.40,7.30
2010.09.09 05:17:53.573,0.93015,0.9306,8.40,10.60
2010.09.09 05:17:53.753,0.9302,0.93065,4.00,10.10
2010.09.09 05:17:53.932,0.9302,0.93065,8.00,10.00
2010.09.09 05:17:55.942,0.9302,0.93065,8.10,10.00
2010.09.09 05:17:56.114,0.9302,0.93065,8.00,10.00
2010.09.09 05:17:57.411,0.9302,0.93065,8.00,10.00
2010.09.09 05:17:58.254,0.9302,0.9306,8.00,1.00
2010.09.09 05:17:58.995,0.93025,0.93065,8.00,1.00
2010.09.09 05:17:59.072,0.93025,0.93065,8.00,1.00
2010.09.09 05:17:59.156,0.93025,0.93065,9.70,1.00
2010.09.09 05:17:59.233,0.9303,0.93065,1.00,1.00
2010.09.09 05:17:59.472,0.9303,0.93065,4.10,1.00
2010.09.09 05:18:00.297,0.9303,0.93075,10.80,8.40
2010.09.09 05:18:00.573,0.93035,0.93075,1.00,8.40
2010.09.09 05:18:00.854,0.9304,0.93075,1.00,8.40
2010.09.09 05:18:01.133,0.9304,0.93075,1.00,1.00
2010.09.09 05:18:01.947,0.9304,0.93075,1.00,1.00
2010.09.09 05:18:02.222,0.9304,0.93075,2.50,1.00
2010.09.09 05:18:02.506,0.93045,0.93085,8.00,2.00
2010.09.09 05:18:03.228,0.93045,0.93085,9.60,2.00
2010.09.09 05:18:03.443,0.93045,0.93085,9.60,2.10
2010.09.09 05:18:04.312,0.93045,0.93085,9.60,3.70
2010.09.09 05:18:05.592,0.93045,0.93085,9.70,3.60
2010.09.09 05:18:06.445,0.93045,0.93085,10.10,3.20
2010.09.09 05:18:06.753,0.9305,0.9309,8.00,2.90
2010.09.09 05:18:07.053,0.9305,0.9309,8.10,2.80
2010.09.09 05:18:08.056,0.9305,0.9309,8.00,2.80
2010.09.09 05:18:08.398,0.93055,0.9309,1.60,1.00
2010.09.09 05:18:08.744,0.93055,0.9309,9.60,1.00
2010.09.09 05:18:09.992,0.93055,0.9309,9.60,1.00
2010.09.09 05:18:12.751,0.93055,0.9309,8.00,1.00
2010.09.09 05:18:13.935,0.93055,0.9309,8.10,1.00
2010.09.09 05:18:14.602,0.9306,0.9309,1.00,1.00
2010.09.09 05:18:14.912,0.93055,0.93095,8.10,3.60
2010.09.09 05:18:15.552,0.93055,0.93095,9.70,3.60
2010.09.09 05:18:16.182,0.93055,0.93095,8.10,3.60
2010.09.09 05:18:16.453,0.93055,0.93095,8.00,3.60
2010.09.09 05:18:17.504,0.9305,0.9309,1.00,10.80
2010.09.09 05:18:17.592,0.9305,0.9309,4.00,6.80
2010.09.09 05:18:17.672,0.9305,0.9309,8.00,2.80
2010.09.09 05:18:18.400,0.9305,0.9309,8.00,2.80
2010.09.09 05:18:19.012,0.9305,0.9309,8.10,2.80
2010.09.09 05:18:20.244,0.9305,0.9309,8.00,2.80
2010.09.09 05:18:20.415,0.93055,0.9309,1.00,2.80
2010.09.09 05:18:20.452,0.9305,0.9309,8.00,2.80
2010.09.09 05:18:20.984,0.93055,0.9309,1.00,2.80
2010.09.09 05:18:21.222,0.9305,0.9309,8.00,2.80
2010.09.09 05:18:21.320,0.9305,0.93085,8.00,1.00
2010.09.09 05:18:22.176,0.9305,0.93085,1.00,2.00
2010.09.09 05:18:22.962,0.93045,0.93085,8.00,2.00
2010.09.09 05:18:23.952,0.9305,0.93085,1.00,2.00
2010.09.09 05:18:24.072,0.93045,0.93085,8.00,2.00
2010.09.09 05:18:29.885,0.93045,0.93085,8.00,2.00
2010.09.09 05:18:30.985,0.93045,0.93085,8.00,2.00
2010.09.09 05:18:40.226,0.93045,0.93085,8.00,2.00
2010.09.09 05:18:42.958,0.9305,0.93085,1.00,2.00
2010.09.09 05:18:44.138,0.93045,0.93085,8.00,2.00
2010.09.09 05:18:44.294,0.93055,0.93095,8.00,3.60
2010.09.09 05:18:44.452,0.93055,0.93095,9.60,3.60
2010.09.09 05:18:46.172,0.93055,0.93095,9.60,3.60
2010.09.09 05:18:47.943,0.9306,0.93095,1.00,3.60
2010.09.09 05:18:49.002,0.93055,0.93095,9.60,3.60
2010.09.09 05:18:51.253,0.93055,0.9309,9.60,1.60
2010.09.09 05:18:51.315,0.93055,0.9309,5.60,1.60
2010.09.09 05:18:51.353,0.93055,0.9309,1.60,1.60
2010.09.09 05:18:51.592,0.93055,0.9309,1.70,1.60
2010.09.09 05:18:51.632,0.93055,0.93095,1.70,11.60
2010.09.09 05:18:52.193,0.93055,0.93095,9.60,3.60
2010.09.09 05:18:52.532,0.93055,0.93095,9.60,3.70
2010.09.09 05:18:54.679,0.93055,0.93095,9.60,2.10
2010.09.09 05:18:56.333,0.93055,0.9309,9.60,1.60
2010.09.09 05:18:56.452,0.93055,0.9309,5.60,1.60
2010.09.09 05:18:56.473,0.93055,0.9309,1.60,1.60
2010.09.09 05:18:56.649,0.93055,0.9309,1.60,2.00
2010.09.09 05:18:58.988,0.93055,0.9309,1.60,2.00
2010.09.09 05:19:02.244,0.93055,0.9309,1.60,2.20
2010.09.09 05:19:02.402,0.93055,0.9309,1.60,5.40
2010.09.09 05:19:02.482,0.9305,0.93085,4.40,1.60
2010.09.09 05:19:02.562,0.9305,0.93085,4.00,2.00
2010.09.09 05:19:13.143,0.9305,0.93085,4.00,2.00
2010.09.09 05:19:14.250,0.9305,0.93085,4.00,2.00
2010.09.09 05:19:16.633,0.9305,0.93085,4.00,2.00
2010.09.09 05:19:16.832,0.9305,0.93085,4.00,2.00
2010.09.09 05:19:18.484,0.9305,0.93085,4.00,1.00
2010.09.09 05:19:18.623,0.93055,0.9309,1.00,8.40
2010.09.09 05:19:19.203,0.93055,0.9309,8.00,1.00
2010.09.09 05:19:19.354,0.9306,0.9309,4.00,1.00
2010.09.09 05:19:21.063,0.9306,0.9309,4.00,1.00
2010.09.09 05:19:21.732,0.9306,0.9309,4.10,1.00
2010.09.09 05:19:22.323,0.9306,0.9309,6.50,1.00
2010.09.09 05:19:22.515,0.93065,0.931,4.00,1.00
2010.09.09 05:19:22.979,0.93065,0.931,4.00,1.00
2010.09.09 05:19:23.493,0.93065,0.931,4.00,1.00
2010.09.09 05:19:23.652,0.93065,0.93095,4.00,1.60
2010.09.09 05:19:24.614,0.9306,0.93095,4.00,1.60
2010.09.09 05:19:33.308,0.9306,0.93095,4.00,2.00
2010.09.09 05:19:35.346,0.93055,0.93095,9.60,2.00
2010.09.09 05:19:35.934,0.93055,0.93095,9.60,2.00
2010.09.09 05:19:38.586,0.9305,0.9309,4.00,4.10
2010.09.09 05:19:38.682,0.9305,0.93095,4.00,12.60
2010.09.09 05:19:39.023,0.93045,0.9309,8.40,12.10
2010.09.09 05:19:39.283,0.93045,0.9309,8.40,8.10
2010.09.09 05:19:40.425,0.93045,0.9309,8.40,8.00
2010.09.09 05:19:44.582,0.93045,0.93085,8.40,1.00
2010.09.09 05:19:45.132,0.93045,0.93085,8.40,1.00
2010.09.09 05:19:45.671,0.93045,0.9309,8.50,8.10
2010.09.09 05:19:46.612,0.93045,0.93085,8.40,1.00
2010.09.09 05:19:48.042,0.93045,0.9309,8.50,8.10
2010.09.09 05:19:49.552,0.93045,0.93085,8.40,1.00
2010.09.09 05:19:50.092,0.93045,0.9309,8.40,8.00
2010.09.09 05:19:56.721,0.93045,0.93085,8.40,1.00
2010.09.09 05:20:02.063,0.93055,0.93085,8.00,1.00
2010.09.09 05:20:02.282,0.93055,0.93085,4.00,1.00
2010.09.09 05:20:04.404,0.93055,0.9309,4.00,1.00
2010.09.09 05:20:06.188,0.93055,0.9309,4.00,4.10
2010.09.09 05:20:06.291,0.93045,0.9309,8.10,8.10
2010.09.09 05:20:06.702,0.93055,0.93085,4.00,1.00
2010.09.09 05:20:08.138,0.93055,0.9308,4.00,2.40
2010.09.09 05:20:08.236,0.93045,0.9308,8.00,4.00
2010.09.09 05:20:08.366,0.93045,0.9308,8.00,4.10
2010.09.09 05:20:09.893,0.9304,0.9308,8.10,4.00
2010.09.09 05:20:10.456,0.9304,0.9308,8.00,4.10
2010.09.09 05:20:11.543,0.9304,0.9308,8.00,4.00
2010.09.09 05:20:11.994,0.9304,0.9308,8.00,4.00
2010.09.09 05:20:12.152,0.9304,0.9308,8.10,4.00
2010.09.09 05:20:12.582,0.93045,0.9308,8.00,4.00
2010.09.09 05:20:13.363,0.93045,0.9308,8.00,4.10
2010.09.09 05:20:14.383,0.9304,0.9308,8.00,4.00
2010.09.09 05:20:14.438,0.9304,0.9308,8.00,4.80
2010.09.09 05:20:14.461,0.9304,0.9308,4.00,4.80
2010.09.09 05:20:14.482,0.9304,0.93075,4.00,1.00
2010.09.09 05:20:14.502,0.9304,0.93075,4.00,1.80
2010.09.09 05:20:14.672,0.9304,0.93075,4.00,2.20
2010.09.09 05:20:15.115,0.9304,0.9307,4.00,1.00
2010.09.09 05:20:15.246,0.9304,0.93065,4.00,1.00
2010.09.09 05:20:16.046,0.93035,0.9306,4.00,1.60
2010.09.09 05:20:17.393,0.9303,0.9306,8.10,1.60
2010.09.09 05:20:18.708,0.93025,0.9306,1.60,9.60
2010.09.09 05:20:18.803,0.9303,0.9306,1.00,1.60
2010.09.09 05:20:18.902,0.9303,0.93065,1.00,10.00
2010.09.09 05:20:18.993,0.9303,0.93065,1.00,10.00
2010.09.09 05:20:19.182,0.93035,0.93065,1.60,5.60
2010.09.09 05:20:19.274,0.93035,0.9307,1.60,8.00
2010.09.09 05:20:19.372,0.93035,0.9307,1.60,8.00
2010.09.09 05:20:19.462,0.93035,0.93075,1.60,10.20
2010.09.09 05:20:20.062,0.9303,0.93075,4.00,10.20
2010.09.09 05:20:20.812,0.93035,0.93075,1.00,10.20
2010.09.09 05:20:21.062,0.93035,0.93075,1.00,10.20
2010.09.09 05:20:25.294,0.93035,0.93075,4.00,10.20
2010.09.09 05:20:25.374,0.93035,0.93075,4.00,6.20
2010.09.09 05:20:29.597,0.93035,0.93075,4.00,4.60
2010.09.09 05:20:29.892,0.93035,0.93075,4.00,5.40
2010.09.09 05:20:30.401,0.93035,0.93075,4.00,5.20
2010.09.09 05:20:30.614,0.9303,0.93075,4.50,8.40
2010.09.09 05:20:30.832,0.9303,0.93075,8.50,8.40
2010.09.09 05:20:30.913,0.93035,0.93075,4.00,8.40
2010.09.09 05:20:30.993,0.93035,0.93075,1.00,4.40
2010.09.09 05:20:31.082,0.93035,0.93075,1.00,8.40
2010.09.09 05:20:31.202,0.93035,0.93075,4.00,8.40
2010.09.09 05:20:31.294,0.93035,0.93075,4.00,4.40
2010.09.09 05:20:32.087,0.93035,0.93075,4.00,4.40
2010.09.09 05:20:32.839,0.93035,0.9307,8.10,1.00
2010.09.09 05:20:33.202,0.93035,0.93065,8.10,1.60
2010.09.09 05:20:33.682,0.93035,0.93065,1.00,1.60
2010.09.09 05:20:35.233,0.93035,0.93065,1.00,1.60
2010.09.09 05:20:43.306,0.9303,0.93065,10.50,1.60
2010.09.09 05:20:43.932,0.9303,0.93065,6.50,1.60
2010.09.09 05:20:46.058,0.93035,0.93065,1.00,1.60
2010.09.09 05:20:51.063,0.9303,0.93065,6.50,1.60
2010.09.09 05:20:54.792,0.9303,0.93065,6.50,2.00
2010.09.09 05:20:55.333,0.9303,0.93065,6.50,1.60
2010.09.09 05:20:55.502,0.9303,0.9307,6.50,3.60
2010.09.09 05:20:57.242,0.93035,0.9307,1.00,3.60
2010.09.09 05:21:04.648,0.93035,0.9307,1.00,2.00
2010.09.09 05:21:06.694,0.9303,0.9307,4.10,2.00
2010.09.09 05:21:07.002,0.9303,0.9307,4.10,6.00
2010.09.09 05:21:10.892,0.9303,0.9307,4.10,6.10
2010.09.09 05:21:11.612,0.9303,0.9307,4.10,6.00
2010.09.09 05:21:15.272,0.9303,0.9306,4.10,1.60
2010.09.09 05:21:15.612,0.9303,0.9306,1.00,1.60
2010.09.09 05:21:16.666,0.9303,0.9306,1.00,1.60
2010.09.09 05:21:16.804,0.93035,0.9307,1.60,3.20
2010.09.09 05:21:17.312,0.93035,0.9307,1.60,3.20
2010.09.09 05:21:17.515,0.93035,0.9307,8.10,2.00
2010.09.09 05:21:17.713,0.93035,0.9307,1.00,2.00
2010.09.09 05:21:18.113,0.9303,0.9307,6.40,6.00
2010.09.09 05:21:18.312,0.9303,0.9307,4.00,6.00
2010.09.09 05:21:18.512,0.9303,0.9307,4.10,6.00
2010.09.09 05:21:19.894,0.9303,0.9307,4.10,2.00
2010.09.09 05:21:20.542,0.9303,0.9307,6.50,2.00
2010.09.09 05:21:20.782,0.9303,0.9307,10.50,2.00
2010.09.09 05:21:20.902,0.93035,0.9307,1.60,2.00
2010.09.09 05:21:21.032,0.93035,0.9307,1.60,2.00
2010.09.09 05:21:22.156,0.93035,0.9307,1.60,10.00
2010.09.09 05:21:24.115,0.93035,0.9307,1.70,10.00
2010.09.09 05:21:24.437,0.93045,0.9308,1.60,12.40
2010.09.09 05:21:24.723,0.93045,0.93075,1.60,1.00
2010.09.09 05:21:25.242,0.93035,0.9307,7.60,1.60
2010.09.09 05:21:25.473,0.93035,0.9307,7.70,1.60
2010.09.09 05:21:27.382,0.93035,0.9307,7.30,2.00
2010.09.09 05:21:28.025,0.93035,0.9307,1.70,10.00
2010.09.09 05:21:28.513,0.93035,0.9307,1.70,8.40
2010.09.09 05:21:28.633,0.9304,0.9307,1.00,8.40
2010.09.09 05:21:29.405,0.93045,0.9307,1.60,8.00
2010.09.09 05:21:29.524,0.93045,0.9308,1.60,12.60
2010.09.09 05:21:30.782,0.93045,0.9308,1.60,12.70
2010.09.09 05:21:31.872,0.93045,0.9308,1.70,12.60
2010.09.09 05:21:32.035,0.93045,0.9308,1.60,12.60
2010.09.09 05:21:33.444,0.93045,0.9308,5.60,4.60
2010.09.09 05:21:34.123,0.93045,0.9308,5.60,4.60
2010.09.09 05:21:34.797,0.93045,0.9308,5.70,4.60
2010.09.09 05:21:35.040,0.93045,0.9308,9.60,4.60
2010.09.09 05:21:37.375,0.93045,0.9308,1.60,4.60
2010.09.09 05:21:38.092,0.93045,0.9308,1.60,4.60
2010.09.09 05:21:38.273,0.93045,0.93075,1.60,1.00
2010.09.09 05:21:38.879,0.9304,0.93075,8.10,1.80
2010.09.09 05:21:39.135,0.9304,0.9307,1.00,1.60
2010.09.09 05:21:40.142,0.93035,0.9307,9.60,1.60
2010.09.09 05:21:41.082,0.93035,0.9307,9.70,1.60
2010.09.09 05:21:42.396,0.93035,0.9307,1.70,9.60
2010.09.09 05:21:42.604,0.93035,0.9307,1.70,1.60
2010.09.09 05:21:43.113,0.9304,0.9307,1.00,1.60
2010.09.09 05:21:43.681,0.93035,0.9307,1.60,1.60
2010.09.09 05:21:43.955,0.9304,0.93075,1.00,8.40
2010.09.09 05:21:45.042,0.9304,0.93075,1.00,8.40
2010.09.09 05:21:46.034,0.9304,0.9307,1.00,1.60
2010.09.09 05:21:46.993,0.93035,0.9307,1.70,1.60
2010.09.09 05:21:47.333,0.93035,0.9307,1.60,1.60
2010.09.09 05:21:47.462,0.93035,0.9307,1.60,9.60
2010.09.09 05:21:48.904,0.93035,0.9307,1.70,9.60
2010.09.09 05:21:49.422,0.9304,0.9307,1.00,9.60
2010.09.09 05:21:49.613,0.9304,0.93075,1.00,6.00
2010.09.09 05:21:49.762,0.9304,0.93075,1.00,5.60
2010.09.09 05:21:49.832,0.93045,0.93075,1.60,4.00
2010.09.09 05:21:49.976,0.93045,0.93075,1.60,4.00
2010.09.09 05:21:50.052,0.93045,0.9308,1.60,12.60
2010.09.09 05:21:50.663,0.93045,0.9308,1.60,12.60
2010.09.09 05:21:52.007,0.93045,0.9308,1.60,12.60
2010.09.09 05:21:53.547,0.93045,0.9308,1.60,12.70
2010.09.09 05:21:54.363,0.93045,0.9308,1.70,12.60
2010.09.09 05:21:54.566,0.93045,0.9308,1.60,12.70
2010.09.09 05:22:08.456,0.93045,0.9308,1.70,12.60
2010.09.09 05:22:09.474,0.93045,0.9308,5.70,4.60
2010.09.09 05:22:09.986,0.93045,0.9308,5.60,4.70
2010.09.09 05:22:12.112,0.93045,0.9308,1.60,12.70
2010.09.09 05:22:13.373,0.93045,0.9308,1.60,12.60
2010.09.09 05:22:14.177,0.93045,0.9308,1.60,12.60
2010.09.09 05:22:21.256,0.93045,0.9308,1.60,12.40
2010.09.09 05:22:21.364,0.93045,0.9308,1.60,10.00
2010.09.09 05:22:21.472,0.93045,0.9308,1.60,6.00
2010.09.09 05:22:21.583,0.93045,0.9308,1.60,2.00
2010.09.09 05:22:22.082,0.93045,0.9308,1.60,1.60
2010.09.09 05:22:22.854,0.93045,0.9308,1.60,1.80
2010.09.09 05:22:23.680,0.93045,0.93075,1.60,4.00
2010.09.09 05:22:24.002,0.93045,0.9308,1.60,6.00
2010.09.09 05:22:24.072,0.93045,0.9308,1.60,5.60
2010.09.09 05:22:25.223,0.93045,0.9308,1.70,5.60
2010.09.09 05:22:25.894,0.93045,0.9308,1.70,1.60
2010.09.09 05:22:26.839,0.9304,0.9307,10.10,1.60
2010.09.09 05:22:27.048,0.93045,0.9308,1.60,1.60
2010.09.09 05:22:28.905,0.93045,0.9308,1.60,1.80
2010.09.09 05:22:28.975,0.93045,0.9308,1.60,5.80
2010.09.09 05:22:29.043,0.93045,0.9308,1.60,9.80
2010.09.09 05:22:29.112,0.93045,0.9308,1.60,10.20
2010.09.09 05:22:29.252,0.93045,0.9308,1.60,11.80
2010.09.09 05:22:32.370,0.93045,0.9308,1.00,11.80
2010.09.09 05:22:35.851,0.93045,0.9308,1.60,11.80
2010.09.09 05:22:35.912,0.93045,0.9308,1.60,7.80
2010.09.09 05:22:35.972,0.93045,0.9308,1.60,3.80
2010.09.09 05:22:38.313,0.93045,0.93075,1.60,1.00
2010.09.09 05:22:44.889,0.93045,0.93075,1.60,1.00
2010.09.09 05:22:49.994,0.9304,0.93075,9.60,2.20
2010.09.09 05:22:50.142,0.9304,0.9307,9.60,1.00
2010.09.09 05:22:50.293,0.93035,0.9307,1.70,10.20
2010.09.09 05:22:50.981,0.93035,0.9307,1.70,10.00
2010.09.09 05:22:51.098,0.93035,0.93075,2.00,10.20
2010.09.09 05:22:52.219,0.9304,0.93075,1.00,10.20
2010.09.09 05:22:52.852,0.9304,0.93075,1.00,10.20
2010.09.09 05:22:53.089,0.9304,0.93075,1.00,10.00
2010.09.09 05:22:53.324,0.93045,0.93075,1.60,1.00
2010.09.09 05:22:53.986,0.93045,0.93075,1.70,1.00
2010.09.09 05:22:57.382,0.93045,0.93075,1.60,1.00
2010.09.09 05:22:57.492,0.9304,0.9307,1.00,1.60
2010.09.09 05:22:59.692,0.93045,0.9307,1.00,1.60
2010.09.09 05:22:59.972,0.93045,0.93075,1.60,1.00
2010.09.09 05:23:00.043,0.93045,0.93075,1.60,1.00
2010.09.09 05:23:00.214,0.9304,0.93075,5.70,2.00
2010.09.09 05:23:00.352,0.9304,0.93075,1.70,2.00
2010.09.09 05:23:00.923,0.9304,0.93075,1.00,2.00
2010.09.09 05:23:01.163,0.9304,0.93075,1.00,2.00
2010.09.09 05:23:01.633,0.93045,0.93075,1.00,2.00
2010.09.09 05:23:01.874,0.93045,0.93075,1.00,1.00
2010.09.09 05:23:03.803,0.93045,0.93075,1.00,1.00
2010.09.09 05:23:03.963,0.93045,0.93075,1.00,1.00
2010.09.09 05:23:04.124,0.93045,0.93075,7.50,1.00
2010.09.09 05:23:04.223,0.9305,0.93085,2.40,4.80
2010.09.09 05:23:04.313,0.9305,0.9309,6.40,4.00
2010.09.09 05:23:04.414,0.9305,0.93095,10.40,10.00
2010.09.09 05:23:04.514,0.9305,0.93095,12.90,8.40
2010.09.09 05:23:05.276,0.93055,0.93095,1.00,8.40
2010.09.09 05:23:05.524,0.93055,0.93085,4.10,1.60
2010.09.09 05:23:05.775,0.9305,0.93085,1.00,4.00
2010.09.09 05:23:06.025,0.93055,0.93085,1.00,4.00
2010.09.09 05:23:06.222,0.93055,0.93095,4.00,6.00
2010.09.09 05:23:07.418,0.9306,0.93095,1.00,6.00
2010.09.09 05:23:07.973,0.93055,0.93095,4.10,6.00
2010.09.09 05:23:08.622,0.93055,0.93095,4.10,6.20
2010.09.09 05:23:08.802,0.93055,0.9309,4.10,1.60
2010.09.09 05:23:08.925,0.93055,0.9309,1.00,5.60
2010.09.09 05:23:09.812,0.93055,0.9309,1.00,5.60
2010.09.09 05:23:10.112,0.9305,0.9309,4.40,5.60
2010.09.09 05:23:10.262,0.9305,0.9309,4.40,8.00
2010.09.09 05:23:10.562,0.9305,0.93085,1.00,4.00
2010.09.09 05:23:12.303,0.9305,0.93085,1.00,4.00
2010.09.09 05:23:12.404,0.93045,0.93085,6.50,4.40
2010.09.09 05:23:12.946,0.93045,0.9308,6.50,1.60
2010.09.09 05:23:13.044,0.93045,0.9308,1.00,9.60
2010.09.09 05:23:14.639,0.93045,0.9308,1.00,9.60
2010.09.09 05:23:14.836,0.9305,0.93075,1.60,1.60
2010.09.09 05:23:15.036,0.9305,0.9308,1.60,4.00
2010.09.09 05:23:15.293,0.93045,0.9308,1.00,9.60
2010.09.09 05:23:15.952,0.93045,0.9308,1.00,9.60
2010.09.09 05:23:17.743,0.93045,0.93075,1.00,1.00
2010.09.09 05:23:17.853,0.9304,0.9307,4.00,1.00
2010.09.09 05:23:17.963,0.9305,0.9307,1.60,1.00
2010.09.09 05:23:18.073,0.9305,0.9308,1.60,8.00
2010.09.09 05:23:18.182,0.93045,0.9308,1.00,9.60
2010.09.09 05:23:18.845,0.93045,0.93085,4.00,6.00
2010.09.09 05:23:19.113,0.93045,0.93085,8.00,2.00
2010.09.09 05:23:19.576,0.9305,0.93085,1.00,2.00
2010.09.09 05:23:19.972,0.9305,0.93085,1.00,6.00
2010.09.09 05:23:20.996,0.9305,0.93085,1.00,6.00
2010.09.09 05:23:25.263,0.9305,0.93085,1.00,4.00
2010.09.09 05:23:27.845,0.9305,0.93085,1.00,4.00
2010.09.09 05:23:28.127,0.9305,0.93085,1.00,4.00
2010.09.09 05:23:32.004,0.93045,0.93085,4.40,4.80
2010.09.09 05:23:32.606,0.93045,0.93075,1.00,1.60
2010.09.09 05:23:32.715,0.9305,0.93085,1.00,8.40
2010.09.09 05:23:33.167,0.9305,0.93085,1.00,4.00
2010.09.09 05:23:33.833,0.9305,0.93085,1.00,4.00
2010.09.09 05:23:36.892,0.93045,0.93085,4.50,4.00
2010.09.09 05:23:42.343,0.93045,0.93085,4.40,4.00
2010.09.09 05:23:42.551,0.93045,0.93085,4.00,4.40
2010.09.09 05:23:42.872,0.93045,0.93085,1.00,8.00
2010.09.09 05:23:43.033,0.93045,0.93085,1.00,8.10
2010.09.09 05:23:44.332,0.93045,0.93085,1.00,8.00
2010.09.09 05:23:45.012,0.9305,0.93085,1.00,8.00
2010.09.09 05:24:01.966,0.9305,0.93085,1.00,8.00
2010.09.09 05:24:03.645,0.9305,0.9308,1.00,1.60
2010.09.09 05:24:03.854,0.93055,0.9308,1.00,1.60
2010.09.09 05:24:05.934,0.9305,0.9308,1.00,1.60
2010.09.09 05:24:11.215,0.93055,0.9308,1.00,1.60
2010.09.09 05:24:13.279,0.93055,0.93085,1.00,1.60
2010.09.09 05:24:13.312,0.93055,0.9308,1.00,1.60
2010.09.09 05:24:14.643,0.93055,0.9308,1.00,1.60
2010.09.09 05:24:14.674,0.93055,0.9308,1.00,1.60
2010.09.09 05:24:14.714,0.93055,0.9309,1.00,12.00
2010.09.09 05:24:15.258,0.93055,0.9309,4.50,8.00
2010.09.09 05:24:15.302,0.9306,0.931,10.80,1.60
2010.09.09 05:24:15.342,0.93065,0.931,1.00,1.60
2010.09.09 05:24:16.654,0.93065,0.931,1.00,1.60
2010.09.09 05:24:16.852,0.93065,0.931,1.00,5.60
2010.09.09 05:24:16.952,0.93065,0.931,1.00,1.60
2010.09.09 05:24:17.054,0.9306,0.931,4.40,1.60
2010.09.09 05:24:17.152,0.9306,0.931,4.40,1.80
2010.09.09 05:24:17.252,0.9306,0.9309,4.40,1.60
2010.09.09 05:24:17.941,0.9306,0.9309,1.00,1.60
2010.09.09 05:24:18.043,0.9306,0.9309,1.00,1.60
2010.09.09 05:24:18.883,0.93055,0.9309,10.10,1.60
2010.09.09 05:24:19.153,0.93055,0.9309,1.00,1.60
2010.09.09 05:24:19.333,0.93055,0.9309,1.00,2.00
2010.09.09 05:24:22.282,0.9305,0.9309,4.00,2.00
2010.09.09 05:24:23.033,0.9306,0.9309,4.00,1.00
2010.09.09 05:24:23.294,0.93055,0.9309,11.70,1.60
2010.09.09 05:24:23.845,0.9306,0.9309,1.00,1.60
2010.09.09 05:24:23.963,0.9306,0.931,4.10,2.00
2010.09.09 05:24:24.714,0.9306,0.931,4.40,1.60
2010.09.09 05:24:25.351,0.93065,0.931,1.00,1.60
2010.09.09 05:24:25.539,0.93065,0.931,1.00,2.00
2010.09.09 05:24:25.903,0.93065,0.931,1.00,2.00
2010.09.09 05:24:26.443,0.93065,0.931,1.00,10.00
2010.09.09 05:24:26.622,0.93065,0.931,1.00,2.00
2010.09.09 05:24:28.303,0.93065,0.931,5.60,1.60
2010.09.09 05:24:28.443,0.93065,0.931,9.60,1.60
2010.09.09 05:24:29.945,0.9307,0.931,1.00,1.60
2010.09.09 05:24:30.053,0.9307,0.931,1.00,1.60
2010.09.09 05:24:32.694,0.93065,0.931,8.10,1.60
2010.09.09 05:24:32.953,0.93065,0.931,4.10,2.00
2010.09.09 05:24:33.715,0.93065,0.931,1.00,2.00
2010.09.09 05:24:37.133,0.93065,0.931,1.00,2.00
2010.09.09 05:24:40.543,0.93065,0.931,1.00,2.00
2010.09.09 05:24:40.757,0.9306,0.931,8.10,2.00
2010.09.09 05:24:41.332,0.93065,0.931,1.00,2.00
2010.09.09 05:24:41.995,0.9306,0.931,8.10,2.20
2010.09.09 05:24:42.133,0.9306,0.9309,8.10,1.60
2010.09.09 05:24:42.272,0.9306,0.9309,1.00,1.60
2010.09.09 05:24:42.910,0.9306,0.9309,1.00,1.60
2010.09.09 05:24:43.894,0.9306,0.9309,1.00,1.60
2010.09.09 05:24:44.082,0.9306,0.9309,1.00,1.60
2010.09.09 05:24:44.542,0.9306,0.931,1.00,12.40
2010.09.09 05:24:44.642,0.9306,0.931,1.00,10.00
2010.09.09 05:24:45.885,0.93065,0.931,1.00,10.20
2010.09.09 05:24:46.013,0.93065,0.931,1.00,12.40
2010.09.09 05:24:46.144,0.93065,0.931,1.60,9.60
2010.09.09 05:24:46.283,0.93065,0.9309,8.00,1.60
2010.09.09 05:24:46.554,0.93065,0.9309,1.00,1.60
2010.09.09 05:24:47.606,0.9306,0.9309,1.00,1.60
2010.09.09 05:24:48.243,0.93055,0.9309,4.10,1.60
2010.09.09 05:24:48.454,0.9306,0.9309,1.00,1.60
2010.09.09 05:24:48.872,0.93055,0.9309,4.00,1.60
2010.09.09 05:24:50.013,0.9306,0.9309,1.00,1.60
2010.09.09 05:24:50.110,0.9306,0.9309,1.00,1.60
2010.09.09 05:24:50.963,0.9306,0.9309,1.00,1.60
2010.09.09 05:24:51.817,0.93065,0.9309,1.00,1.60
2010.09.09 05:24:53.530,0.9306,0.9309,1.00,1.60
2010.09.09 05:24:53.983,0.93065,0.9309,1.00,1.60
2010.09.09 05:24:54.212,0.9306,0.9309,1.00,1.60
2010.09.09 05:24:55.215,0.9306,0.9309,1.00,4.00
2010.09.09 05:25:02.407,0.9306,0.9309,1.00,1.60
2010.09.09 05:25:03.092,0.9306,0.9309,1.00,4.00
2010.09.09 05:25:03.943,0.9306,0.9309,1.00,2.40
2010.09.09 05:25:04.092,0.9306,0.93095,2.50,4.40
2010.09.09 05:25:04.690,0.93065,0.93095,1.00,4.40
2010.09.09 05:25:04.834,0.93065,0.93095,1.00,1.00
2010.09.09 05:25:05.374,0.9306,0.93095,10.50,1.00
2010.09.09 05:25:05.924,0.93065,0.93095,1.00,1.00
2010.09.09 05:25:06.103,0.93065,0.9309,1.00,1.60
2010.09.09 05:25:13.212,0.9306,0.9309,1.00,1.60
2010.09.09 05:25:15.093,0.93065,0.9309,1.00,1.60
2010.09.09 05:25:17.485,0.9306,0.9309,1.00,1.60
2010.09.09 05:25:17.632,0.9306,0.9309,1.00,4.00
2010.09.09 05:25:19.082,0.9306,0.9309,1.00,4.00
2010.09.09 05:25:23.353,0.93065,0.9309,1.00,4.00
2010.09.09 05:25:23.593,0.93065,0.93095,1.60,4.00
2010.09.09 05:25:23.673,0.93065,0.931,5.60,7.40
2010.09.09 05:25:23.764,0.93065,0.9309,4.00,1.60
2010.09.09 05:25:23.855,0.93065,0.9309,1.00,1.60
2010.09.09 05:25:23.943,0.93065,0.93095,1.00,1.00
2010.09.09 05:25:24.114,0.93065,0.93095,1.00,1.00
2010.09.09 05:25:25.203,0.93065,0.93095,1.00,1.00
2010.09.09 05:25:30.393,0.9306,0.931,6.80,6.00
2010.09.09 05:25:30.873,0.93065,0.931,1.00,4.40
2010.09.09 05:25:32.974,0.9307,0.931,1.00,4.40
2010.09.09 05:25:33.720,0.9307,0.931,1.00,4.40
2010.09.09 05:25:33.977,0.93065,0.931,1.00,4.40
2010.09.09 05:25:34.224,0.93065,0.931,1.70,4.40
2010.09.09 05:25:34.863,0.93065,0.931,5.70,2.00
2010.09.09 05:25:34.996,0.9307,0.931,1.00,1.60
2010.09.09 05:25:36.214,0.9307,0.931,1.00,1.60
2010.09.09 05:25:36.753,0.93075,0.931,1.00,1.60
2010.09.09 05:25:36.973,0.93075,0.931,1.00,1.60
2010.09.09 05:25:37.857,0.9307,0.931,1.00,1.60
2010.09.09 05:25:38.083,0.93075,0.931,1.00,1.60
2010.09.09 05:25:39.563,0.93075,0.931,1.00,1.60
2010.09.09 05:25:40.795,0.9308,0.931,1.00,1.60
2010.09.09 05:25:41.053,0.93075,0.9311,1.60,12.00
2010.09.09 05:25:41.274,0.93075,0.9311,1.60,4.00
2010.09.09 05:25:41.493,0.93075,0.9311,1.00,4.40
2010.09.09 05:25:42.363,0.9308,0.9311,1.00,4.40
2010.09.09 05:25:42.923,0.9308,0.9311,1.00,1.60
2010.09.09 05:25:45.107,0.93085,0.9311,1.00,1.60
2010.09.09 05:25:45.301,0.93085,0.9311,1.00,1.60
2010.09.09 05:25:45.500,0.93085,0.9312,5.70,2.40
2010.09.09 05:25:46.334,0.93085,0.9312,9.70,1.60
2010.09.09 05:25:46.674,0.93085,0.9312,9.60,1.60
2010.09.09 05:25:47.182,0.93085,0.9312,8.00,1.60
2010.09.09 05:25:48.036,0.9309,0.9312,1.00,1.60
2010.09.09 05:25:48.305,0.93085,0.9312,9.60,4.00
2010.09.09 05:25:48.576,0.9309,0.93115,1.00,1.60
2010.09.09 05:25:49.765,0.93085,0.9312,1.60,4.00
2010.09.09 05:25:50.383,0.93085,0.9312,1.70,4.00
2010.09.09 05:25:51.380,0.93085,0.93115,1.00,1.60
2010.09.09 05:25:51.653,0.9309,0.93115,1.00,1.60
2010.09.09 05:25:51.842,0.9309,0.9312,1.00,4.00
2010.09.09 05:25:53.405,0.93085,0.93115,1.00,1.60
2010.09.09 05:25:54.663,0.93085,0.93115,1.00,1.60
2010.09.09 05:25:55.132,0.9308,0.93115,4.10,1.60
2010.09.09 05:25:55.334,0.9308,0.93115,1.00,1.60
2010.09.09 05:25:55.745,0.9308,0.9311,1.00,2.80
2010.09.09 05:25:56.944,0.9308,0.9311,1.00,2.80
2010.09.09 05:25:57.203,0.9308,0.9311,1.00,1.00
2010.09.09 05:25:57.995,0.9308,0.93115,1.00,1.60
2010.09.09 05:25:58.203,0.9308,0.9311,1.00,1.60
2010.09.09 05:25:58.976,0.93085,0.9311,1.00,1.60
2010.09.09 05:25:59.188,0.9308,0.9311,1.00,4.40
2010.09.09 05:25:59.515,0.9308,0.9311,1.00,4.40
2010.09.09 05:25:59.843,0.9308,0.9311,1.00,4.40
2010.09.09 05:26:01.174,0.9308,0.9311,1.00,1.00
2010.09.09 05:26:02.614,0.9308,0.9311,1.00,2.00
2010.09.09 05:26:02.956,0.9309,0.93115,1.00,1.60
2010.09.09 05:26:04.125,0.9309,0.9312,1.00,1.60
2010.09.09 05:26:04.386,0.9309,0.9312,4.10,1.60
2010.09.09 05:26:05.627,0.93085,0.9311,8.10,1.60
2010.09.09 05:26:05.907,0.9309,0.9311,1.00,1.60
2010.09.09 05:26:07.275,0.9309,0.9312,1.00,4.40
2010.09.09 05:26:07.613,0.93085,0.9312,8.00,4.40
2010.09.09 05:26:08.093,0.93085,0.9312,8.10,4.40
2010.09.09 05:26:08.703,0.93085,0.9311,8.10,1.60
2010.09.09 05:26:08.803,0.93085,0.9311,1.00,1.60
2010.09.09 05:26:09.735,0.9308,0.9312,10.60,8.40
2010.09.09 05:26:09.812,0.9308,0.9312,10.60,4.40
2010.09.09 05:26:10.546,0.93085,0.9312,1.00,4.40
2010.09.09 05:26:10.843,0.9309,0.9312,1.00,4.40
2010.09.09 05:26:10.952,0.93085,0.9312,1.00,4.40
2010.09.09 05:26:11.616,0.9308,0.9312,4.20,8.40
2010.09.09 05:26:11.713,0.93085,0.9312,1.00,8.40
2010.09.09 05:26:11.812,0.93085,0.9312,1.00,4.40
2010.09.09 05:26:13.051,0.93085,0.9311,1.00,1.60
2010.09.09 05:26:13.163,0.9308,0.9311,4.00,1.60
2010.09.09 05:26:13.623,0.93085,0.9311,1.00,1.60
2010.09.09 05:26:13.733,0.93085,0.9312,1.60,8.40
2010.09.09 05:26:13.843,0.93085,0.9312,5.60,4.40
2010.09.09 05:26:13.953,0.93085,0.9311,4.00,1.60
2010.09.09 05:26:14.063,0.9308,0.9311,4.00,1.60
2010.09.09 05:26:14.172,0.9308,0.93115,4.00,1.00
2010.09.09 05:26:14.363,0.93085,0.93115,1.00,1.00
2010.09.09 05:26:15.437,0.93085,0.9311,1.00,4.00
2010.09.09 05:26:15.525,0.9308,0.9311,1.00,4.00
2010.09.09 05:26:15.903,0.93075,0.9311,5.60,4.00
2010.09.09 05:26:16.064,0.93075,0.9311,1.60,4.00
2010.09.09 05:26:17.008,0.9308,0.9311,1.00,4.00
2010.09.09 05:26:17.287,0.93075,0.93115,9.80,1.00
2010.09.09 05:26:17.565,0.93085,0.93115,4.00,1.00
2010.09.09 05:26:17.773,0.9308,0.9312,4.70,8.00
2010.09.09 05:26:18.515,0.93085,0.9312,4.00,8.00
2010.09.09 05:26:18.728,0.9308,0.9312,4.60,8.00
2010.09.09 05:26:18.961,0.9308,0.93115,4.60,1.00
2010.09.09 05:26:19.195,0.9308,0.9312,4.60,8.00
2010.09.09 05:26:19.423,0.9308,0.93115,4.30,1.00
2010.09.09 05:26:19.944,0.9308,0.93115,4.20,1.00
2010.09.09 05:26:20.122,0.9308,0.93115,4.20,1.00
2010.09.09 05:26:20.304,0.9308,0.9312,4.60,4.10
2010.09.09 05:26:20.482,0.9308,0.9312,4.60,4.00
2010.09.09 05:26:20.854,0.9308,0.9312,1.00,12.00
2010.09.09 05:26:21.033,0.93085,0.9312,1.00,12.00
2010.09.09 05:26:21.213,0.93085,0.9312,1.80,10.40
2010.09.09 05:26:21.304,0.93085,0.9312,2.20,2.40
2010.09.09 05:26:21.393,0.93085,0.9312,2.00,2.40
2010.09.09 05:26:21.483,0.93085,0.9312,1.00,10.40
2010.09.09 05:26:22.284,0.93085,0.9312,2.20,4.00
2010.09.09 05:26:23.093,0.93085,0.9312,2.00,4.00
2010.09.09 05:26:23.253,0.93085,0.9312,1.60,4.40
2010.09.09 05:26:23.503,0.9308,0.9312,1.40,12.40
2010.09.09 05:26:24.245,0.9308,0.9312,1.00,12.40
2010.09.09 05:26:25.094,0.9308,0.93115,1.00,1.60
2010.09.09 05:26:26.153,0.9308,0.93115,1.00,2.00
2010.09.09 05:26:26.703,0.9308,0.93115,1.00,6.00
2010.09.09 05:26:26.953,0.93075,0.93115,9.70,2.00
2010.09.09 05:26:27.203,0.93075,0.9311,8.10,4.40
2010.09.09 05:26:27.453,0.93075,0.9311,1.00,8.40
2010.09.09 05:26:29.092,0.93075,0.9311,1.00,8.40
2010.09.09 05:26:30.283,0.93075,0.9311,1.00,4.40
2010.09.09 05:26:30.864,0.93075,0.9311,1.00,8.40
2010.09.09 05:26:31.303,0.93075,0.9311,1.00,4.40
2010.09.09 05:26:32.014,0.9307,0.9311,4.20,4.40
2010.09.09 05:26:32.213,0.9307,0.9311,4.20,2.80
2010.09.09 05:26:32.843,0.93075,0.9311,1.00,2.40
2010.09.09 05:26:33.168,0.9308,0.9311,1.60,2.40
2010.09.09 05:26:34.466,0.9308,0.9311,1.60,2.40
2010.09.09 05:26:34.642,0.9308,0.93115,1.60,8.40
2010.09.09 05:26:34.823,0.9308,0.93115,1.60,8.40
2010.09.09 05:26:34.913,0.93085,0.93115,1.00,8.40
2010.09.09 05:26:35.003,0.93085,0.93115,1.00,8.00
2010.09.09 05:26:35.093,0.93085,0.9312,1.60,12.40
2010.09.09 05:26:35.674,0.93085,0.9312,1.60,10.80
2010.09.09 05:26:35.685,0.93085,0.93115,1.60,8.00
2010.09.09 05:26:35.773,0.9308,0.93115,2.20,8.00
2010.09.09 05:26:36.213,0.9308,0.9311,2.20,2.40
2010.09.09 05:26:36.433,0.9308,0.9311,2.20,2.40
2010.09.09 05:26:39.613,0.93085,0.9311,1.00,2.40
2010.09.09 05:26:40.266,0.93085,0.9312,1.00,10.80
2010.09.09 05:26:40.963,0.93085,0.9312,1.00,10.90
2010.09.09 05:26:42.535,0.93085,0.9312,1.00,10.50
2010.09.09 05:26:43.405,0.93085,0.9312,1.00,10.90
2010.09.09 05:26:43.744,0.93085,0.9312,1.00,10.50
2010.09.09 05:26:44.084,0.93085,0.9312,1.00,2.50
2010.09.09 05:26:44.423,0.93085,0.9312,1.00,10.50
2010.09.09 05:26:44.922,0.93085,0.9312,1.00,10.40
2010.09.09 05:26:45.986,0.93085,0.9312,1.00,10.40
2010.09.09 05:26:48.845,0.93085,0.9312,1.00,10.40
2010.09.09 05:26:48.994,0.93085,0.9312,1.00,8.10
2010.09.09 05:26:49.143,0.93075,0.93115,1.30,8.00
2010.09.09 05:26:49.293,0.93075,0.9311,2.10,2.40
2010.09.09 05:26:49.434,0.93075,0.9311,1.00,2.40
2010.09.09 05:26:49.583,0.93075,0.9311,1.00,6.40
2010.09.09 05:26:49.723,0.93075,0.9311,1.00,6.80
2010.09.09 05:26:51.025,0.9307,0.9311,4.30,6.80
2010.09.09 05:26:51.913,0.9307,0.9311,4.30,6.90
2010.09.09 05:26:52.679,0.93075,0.9311,1.00,6.50
2010.09.09 05:26:53.884,0.93075,0.9311,1.00,2.50
2010.09.09 05:26:54.313,0.93075,0.9311,1.00,6.50
2010.09.09 05:26:54.414,0.93075,0.9311,1.00,6.40
2010.09.09 05:26:54.514,0.93075,0.93105,1.00,1.00
2010.09.09 05:26:55.388,0.93075,0.9311,1.00,6.40
2010.09.09 05:26:55.616,0.93075,0.9311,1.00,10.40
2010.09.09 05:26:56.737,0.93075,0.9311,1.00,10.40
2010.09.09 05:26:57.074,0.93075,0.9311,1.00,8.00
2010.09.09 05:26:57.703,0.93075,0.93115,1.00,8.10
2010.09.09 05:26:57.839,0.9308,0.93115,1.00,8.00
2010.09.09 05:26:57.974,0.9308,0.9312,1.00,12.10
2010.09.09 05:26:58.104,0.93075,0.9311,10.50,4.00
2010.09.09 05:26:58.244,0.93075,0.931,8.00,1.60
2010.09.09 05:26:58.930,0.93075,0.931,4.00,1.60
2010.09.09 05:26:59.066,0.9307,0.9311,6.80,8.00
2010.09.09 05:26:59.404,0.93075,0.9311,1.00,8.00
2010.09.09 05:27:00.506,0.93075,0.9311,1.00,4.00
2010.09.09 05:27:01.743,0.93075,0.9311,1.00,8.00
2010.09.09 05:27:01.984,0.93075,0.9311,1.70,1.60
2010.09.09 05:27:02.143,0.93075,0.9311,1.00,1.60
2010.09.09 05:27:02.724,0.9308,0.9311,1.00,1.60
2010.09.09 05:27:02.817,0.93075,0.9311,1.00,1.60
2010.09.09 05:27:03.273,0.93075,0.9311,1.00,1.60
2010.09.09 05:27:03.543,0.93075,0.9311,1.00,8.00
2010.09.09 05:27:05.005,0.93075,0.9311,1.00,4.00
2010.09.09 05:27:12.734,0.93075,0.9311,1.00,4.40
2010.09.09 05:27:13.074,0.93075,0.9311,1.00,4.40
2010.09.09 05:27:13.952,0.93075,0.9311,1.00,4.40
2010.09.09 05:27:14.715,0.93075,0.9311,1.00,4.40
2010.09.09 05:27:16.503,0.9307,0.9311,6.80,4.40
2010.09.09 05:27:17.173,0.9308,0.9311,1.00,4.40
2010.09.09 05:27:17.724,0.9308,0.9311,1.00,4.40
2010.09.09 05:27:17.809,0.93085,0.93115,5.60,1.00
2010.09.09 05:27:17.884,0.93085,0.93115,1.60,4.40
2010.09.09 05:27:18.036,0.93085,0.9312,1.70,14.40
2010.09.09 05:27:18.183,0.93085,0.9312,1.70,10.40
2010.09.09 05:27:18.750,0.93085,0.9312,1.60,9.60
2010.09.09 05:27:19.284,0.93085,0.93115,1.60,1.00
2010.09.09 05:27:19.626,0.93085,0.9311,4.00,1.60
2010.09.09 05:27:19.695,0.9308,0.9311,1.00,4.00
2010.09.09 05:27:19.763,0.93085,0.9311,1.00,4.00
2010.09.09 05:27:20.336,0.9308,0.9311,2.60,4.00
2010.09.09 05:27:20.955,0.93075,0.9311,7.80,1.60
2010.09.09 05:27:21.263,0.93075,0.9311,7.90,1.60
2010.09.09 05:27:21.733,0.9308,0.9311,1.00,1.60
2010.09.09 05:27:22.414,0.93075,0.93115,6.30,4.00
2010.09.09 05:27:22.553,0.93075,0.93115,2.30,8.00
2010.09.09 05:27:22.953,0.93075,0.93115,1.00,9.60
2010.09.09 05:27:23.082,0.93075,0.93115,1.00,10.00
2010.09.09 05:27:23.983,0.93075,0.93115,1.00,10.00
2010.09.09 05:27:24.932,0.93075,0.93115,1.00,8.40
2010.09.09 05:27:26.142,0.93075,0.93115,1.80,8.40
2010.09.09 05:27:26.323,0.9308,0.93115,2.60,8.40
2010.09.09 05:27:27.168,0.93085,0.9312,1.60,5.60
2010.09.09 05:27:27.283,0.93085,0.9312,4.00,4.00
2010.09.09 05:27:27.393,0.9308,0.9312,6.70,8.40
2010.09.09 05:27:27.613,0.9308,0.9312,6.40,8.40
2010.09.09 05:27:27.722,0.9308,0.9312,4.00,8.40
2010.09.09 05:27:27.834,0.9308,0.9311,4.00,1.60
2010.09.09 05:27:27.955,0.9308,0.9311,1.00,1.60
2010.09.09 05:27:28.575,0.9308,0.9311,1.00,1.60
2010.09.09 05:27:28.794,0.93075,0.9311,7.90,1.60
2010.09.09 05:27:29.454,0.9308,0.9311,1.00,1.60
2010.09.09 05:27:30.854,0.9308,0.93115,2.40,4.00
2010.09.09 05:27:30.915,0.9308,0.9312,2.40,12.40
2010.09.09 05:27:31.563,0.9308,0.9312,2.40,12.40
2010.09.09 05:27:31.813,0.93075,0.9311,11.80,1.60
2010.09.09 05:27:32.564,0.9308,0.9311,1.00,1.60
2010.09.09 05:27:33.464,0.93075,0.9311,7.90,1.60
2010.09.09 05:27:33.793,0.9308,0.9311,1.00,1.60
2010.09.09 05:27:34.940,0.93075,0.9311,7.90,1.60
2010.09.09 05:27:35.543,0.93075,0.9311,7.80,1.60
2010.09.09 05:27:35.564,0.93075,0.9311,7.60,1.60
2010.09.09 05:27:35.621,0.93075,0.9311,6.00,3.20
2010.09.09 05:27:35.724,0.93075,0.9311,6.00,5.60
2010.09.09 05:27:35.753,0.93075,0.9311,5.60,6.00
2010.09.09 05:27:35.775,0.93075,0.9311,5.80,6.00
2010.09.09 05:27:35.963,0.93075,0.9311,6.20,3.20
2010.09.09 05:27:36.243,0.93075,0.9311,6.20,1.60
2010.09.09 05:27:37.291,0.93075,0.9311,6.20,1.60
2010.09.09 05:27:37.947,0.93075,0.9311,6.30,1.60
2010.09.09 05:27:38.610,0.9308,0.9311,1.00,1.60
2010.09.09 05:27:38.744,0.93075,0.9311,6.30,1.60
2010.09.09 05:27:39.482,0.9308,0.9311,1.00,1.60
2010.09.09 05:27:40.584,0.93075,0.9311,6.30,1.60
2010.09.09 05:27:42.565,0.93075,0.9311,6.20,1.60
2010.09.09 05:27:42.613,0.93075,0.9311,6.00,1.60
2010.09.09 05:27:42.653,0.93075,0.9311,6.00,4.00
2010.09.09 05:27:43.274,0.93075,0.9311,6.20,1.60
2010.09.09 05:27:44.183,0.9308,0.9311,1.00,1.60
2010.09.09 05:27:45.044,0.93075,0.9311,6.30,1.60
2010.09.09 05:27:45.741,0.9308,0.9311,1.00,1.60
2010.09.09 05:27:48.533,0.93085,0.9312,1.60,14.00
2010.09.09 05:27:50.007,0.93085,0.9312,1.60,14.00
2010.09.09 05:27:50.432,0.93085,0.9312,1.80,14.00
2010.09.09 05:27:51.044,0.9309,0.9312,1.00,11.60
2010.09.09 05:27:51.143,0.9309,0.9312,1.00,3.60
2010.09.09 05:27:52.267,0.9309,0.9312,1.00,3.20
2010.09.09 05:27:52.354,0.9309,0.9312,1.00,3.20
2010.09.09 05:27:52.883,0.9309,0.9312,1.00,1.60
2010.09.09 05:27:53.066,0.9309,0.93125,1.00,8.40
2010.09.09 05:27:53.433,0.9309,0.93125,1.00,8.40
2010.09.09 05:27:58.772,0.9309,0.93125,1.00,8.40
2010.09.09 05:27:59.153,0.9309,0.9312,1.00,1.00
2010.09.09 05:28:00.143,0.93085,0.9312,1.00,1.00
2010.09.09 05:28:00.413,0.93085,0.93125,1.00,9.20
2010.09.09 05:28:00.453,0.93085,0.93125,1.00,8.40
2010.09.09 05:28:01.036,0.93085,0.9312,1.00,1.00
2010.09.09 05:28:02.023,0.9309,0.9312,1.00,1.00
2010.09.09 05:28:02.145,0.9309,0.93125,1.00,8.40
2010.09.09 05:28:02.273,0.93085,0.93115,1.60,1.00
2010.09.09 05:28:02.836,0.93085,0.93115,1.80,1.00
2010.09.09 05:28:02.947,0.93085,0.93115,1.00,1.00
2010.09.09 05:28:03.474,0.93085,0.93125,1.00,8.50
2010.09.09 05:28:04.325,0.93085,0.93125,1.00,8.40
2010.09.09 05:28:04.553,0.93085,0.93125,1.00,8.40
2010.09.09 05:28:08.398,0.93085,0.93125,1.00,8.40
2010.09.09 05:28:08.497,0.9308,0.93125,4.40,8.40
2010.09.09 05:28:08.594,0.9308,0.9312,1.00,8.40
2010.09.09 05:28:08.693,0.9308,0.9312,1.00,10.00
2010.09.09 05:28:09.417,0.93085,0.9312,1.00,8.00
2010.09.09 05:28:11.003,0.9308,0.9312,1.00,8.00
2010.09.09 05:28:12.033,0.93085,0.9312,1.00,8.00
2010.09.09 05:28:14.979,0.9308,0.9312,1.00,9.60
2010.09.09 05:28:15.435,0.93085,0.9312,1.00,9.60
2010.09.09 05:28:16.573,0.9308,0.9312,1.00,9.60
2010.09.09 05:28:17.013,0.93085,0.9312,1.00,9.60
2010.09.09 05:28:17.434,0.9308,0.9312,1.00,9.60
2010.09.09 05:28:17.793,0.93085,0.9312,1.00,9.60
2010.09.09 05:28:19.955,0.9308,0.9312,1.00,9.60
2010.09.09 05:28:21.114,0.93085,0.9312,1.00,9.60
2010.09.09 05:28:21.724,0.9308,0.9312,1.00,9.70
2010.09.09 05:28:21.923,0.9308,0.9312,1.00,11.30
2010.09.09 05:28:22.023,0.93075,0.9312,8.10,14.10
2010.09.09 05:28:22.123,0.9308,0.9312,1.00,14.00
2010.09.09 05:28:22.224,0.9308,0.9312,1.00,10.00
2010.09.09 05:28:22.423,0.9308,0.9312,1.00,12.40
2010.09.09 05:28:23.035,0.9308,0.9312,1.00,10.00
2010.09.09 05:28:24.134,0.93075,0.9312,9.60,10.00
2010.09.09 05:28:24.254,0.9308,0.9312,1.00,14.00
2010.09.09 05:28:24.856,0.9308,0.9312,1.00,14.00
2010.09.09 05:28:24.974,0.9308,0.9312,1.00,10.00
2010.09.09 05:28:26.083,0.93085,0.9312,1.00,10.00
2010.09.09 05:28:27.013,0.9308,0.9312,1.00,10.00
2010.09.09 05:28:27.583,0.93085,0.9312,1.00,10.00
2010.09.09 05:28:28.321,0.9308,0.9312,1.00,10.00
2010.09.09 05:28:28.743,0.9308,0.9312,1.00,10.00
2010.09.09 05:28:28.884,0.93075,0.93115,9.70,1.00
2010.09.09 05:28:29.023,0.9308,0.93115,1.00,1.00
2010.09.09 05:28:29.586,0.9308,0.93115,1.00,8.40
2010.09.09 05:28:29.786,0.9308,0.9312,1.00,10.00
2010.09.09 05:28:29.983,0.9308,0.9312,1.00,13.20
2010.09.09 05:28:30.174,0.9308,0.9311,1.00,4.40
2010.09.09 05:28:30.373,0.9307,0.9311,1.00,10.00
2010.09.09 05:28:31.436,0.9307,0.931,1.00,1.60
2010.09.09 05:28:32.784,0.93075,0.93105,1.60,8.40
2010.09.09 05:28:33.514,0.93075,0.93105,1.60,4.40
2010.09.09 05:28:34.103,0.9307,0.93105,1.60,4.40
2010.09.09 05:28:34.194,0.93075,0.931,1.60,4.00
2010.09.09 05:28:34.848,0.9307,0.931,2.70,1.60
2010.09.09 05:28:34.937,0.93075,0.93105,1.00,1.00
2010.09.09 05:28:35.894,0.9307,0.93105,1.00,1.00
2010.09.09 05:28:36.103,0.9307,0.93105,1.00,1.00
2010.09.09 05:28:37.034,0.93075,0.93105,1.00,1.00
2010.09.09 05:28:41.725,0.9307,0.931,1.00,1.60
2010.09.09 05:28:51.309,0.9307,0.93105,1.00,10.00
2010.09.09 05:28:51.426,0.9307,0.93105,1.00,1.60
2010.09.09 05:28:51.573,0.9307,0.9311,1.00,12.40
2010.09.09 05:28:52.462,0.93075,0.9311,1.00,12.40
2010.09.09 05:29:00.839,0.93075,0.9311,1.00,12.40
2010.09.09 05:29:02.226,0.93075,0.9311,1.00,13.20
2010.09.09 05:29:04.853,0.9307,0.9311,1.00,13.20
2010.09.09 05:29:04.944,0.9307,0.93105,1.00,1.00
2010.09.09 05:29:05.034,0.93075,0.93105,1.00,1.00
2010.09.09 05:29:05.313,0.93075,0.93105,1.00,1.00
2010.09.09 05:29:25.564,0.93075,0.9311,1.00,14.00
2010.09.09 05:29:29.033,0.9307,0.9311,1.00,14.00
2010.09.09 05:29:29.586,0.93075,0.9311,1.00,12.40
2010.09.09 05:29:29.620,0.9307,0.9311,1.00,12.40
2010.09.09 05:29:30.835,0.93075,0.9311,1.00,12.40
2010.09.09 05:29:30.973,0.93075,0.9311,1.00,12.40
2010.09.09 05:29:31.813,0.93075,0.9311,1.00,12.40
2010.09.09 05:29:31.943,0.93075,0.9311,1.00,12.00
2010.09.09 05:29:32.073,0.93075,0.9311,1.90,4.00
2010.09.09 05:29:32.203,0.93075,0.9311,1.90,1.60
2010.09.09 05:29:33.063,0.9308,0.9311,1.00,1.60
2010.09.09 05:29:33.573,0.93075,0.9311,1.90,1.60
2010.09.09 05:29:34.343,0.9308,0.9311,1.00,1.60
2010.09.09 05:29:34.924,0.93075,0.9311,1.90,1.60
2010.09.09 05:29:36.103,0.9308,0.9311,1.00,1.60
2010.09.09 05:29:38.503,0.9308,0.9311,1.00,1.60
2010.09.09 05:29:43.617,0.93075,0.9311,1.70,2.00
2010.09.09 05:29:43.795,0.93075,0.93105,1.00,1.60
2010.09.09 05:29:44.723,0.9307,0.931,1.00,1.60
2010.09.09 05:29:45.484,0.9307,0.931,1.00,1.60
2010.09.09 05:29:49.906,0.93065,0.931,3.90,1.60
2010.09.09 05:29:50.423,0.9307,0.931,1.00,1.60
2010.09.09 05:29:53.096,0.9307,0.931,1.00,1.60
2010.09.09 05:29:53.884,0.9307,0.931,1.00,1.60
2010.09.09 05:30:02.146,0.93065,0.931,1.70,1.60
2010.09.09 05:30:02.273,0.93065,0.931,1.70,12.00
2010.09.09 05:30:02.403,0.93065,0.93095,1.00,1.00
2010.09.09 05:30:05.635,0.9307,0.93095,1.00,1.00
2010.09.09 05:30:06.113,0.93065,0.93095,1.00,1.00
2010.09.09 05:30:06.973,0.9306,0.93095,2.60,1.00
2010.09.09 05:30:07.248,0.93065,0.93095,1.00,1.00
2010.09.09 05:30:08.423,0.9306,0.93095,2.60,1.00
2010.09.09 05:30:09.043,0.93065,0.93095,1.00,1.00
2010.09.09 05:30:09.954,0.9306,0.93095,2.60,1.00
2010.09.09 05:30:10.674,0.93065,0.931,1.00,14.40
2010.09.09 05:30:11.304,0.9306,0.931,3.00,12.00
2010.09.09 05:30:12.926,0.93065,0.931,1.00,12.00
2010.09.09 05:30:13.079,0.93065,0.931,1.00,12.00
2010.09.09 05:30:26.832,0.93065,0.931,1.00,8.00
2010.09.09 05:30:26.867,0.9307,0.931,1.00,1.60
2010.09.09 05:30:26.945,0.93065,0.931,1.80,1.60
2010.09.09 05:30:28.017,0.9307,0.931,1.00,1.60
2010.09.09 05:30:33.360,0.93065,0.931,1.90,1.60
2010.09.09 05:30:34.128,0.93075,0.93105,1.00,1.60
2010.09.09 05:30:34.214,0.93075,0.9311,1.00,12.40
2010.09.09 05:30:34.463,0.93075,0.9311,1.60,12.40
2010.09.09 05:30:34.612,0.93075,0.9311,1.00,12.40
2010.09.09 05:30:35.122,0.93075,0.9311,1.60,12.40
2010.09.09 05:30:36.145,0.9307,0.9311,1.80,12.40
2010.09.09 05:30:36.678,0.93075,0.9311,1.00,12.40
2010.09.09 05:30:39.003,0.9307,0.9311,1.80,12.40
2010.09.09 05:30:39.965,0.9308,0.9311,1.00,12.40
2010.09.09 05:30:41.182,0.93075,0.9311,1.00,12.40
2010.09.09 05:30:42.104,0.93075,0.9311,1.00,8.40
2010.09.09 05:30:42.266,0.93075,0.9311,1.00,12.40
2010.09.09 05:30:42.372,0.9308,0.9311,1.00,12.40
2010.09.09 05:30:42.574,0.93075,0.9311,1.00,12.40
2010.09.09 05:30:43.534,0.93075,0.9311,1.00,12.40
2010.09.09 05:30:43.874,0.9308,0.9311,1.00,1.00
2010.09.09 05:30:44.213,0.93075,0.9311,1.90,1.00
2010.09.09 05:30:45.005,0.9308,0.9311,1.00,1.00
2010.09.09 05:30:45.181,0.93085,0.9312,1.00,12.00
2010.09.09 05:30:45.354,0.9308,0.9312,1.00,12.00
2010.09.09 05:30:47.182,0.93085,0.9312,1.00,12.00
2010.09.09 05:30:48.105,0.9308,0.9312,1.00,12.00
2010.09.09 05:30:48.812,0.93085,0.9312,1.00,12.00
2010.09.09 05:30:51.262,0.93085,0.9312,1.00,12.00
2010.09.09 05:30:51.342,0.93085,0.9312,1.00,5.60
2010.09.09 05:30:51.422,0.93085,0.9312,1.00,5.60
2010.09.09 05:30:52.066,0.93085,0.9312,1.00,8.00
2010.09.09 05:30:52.236,0.93085,0.9312,1.00,10.40
2010.09.09 05:30:52.404,0.93085,0.93115,1.00,1.00
2010.09.09 05:30:54.645,0.9308,0.9311,1.00,4.00
2010.09.09 05:30:55.454,0.93085,0.9311,1.00,4.00
2010.09.09 05:30:56.358,0.9308,0.9311,1.00,4.00
2010.09.09 05:30:56.454,0.9308,0.9311,1.00,4.00
2010.09.09 05:30:57.306,0.9308,0.9311,1.00,4.00
2010.09.09 05:30:57.404,0.9308,0.9311,1.00,4.00
2010.09.09 05:30:57.564,0.9308,0.93115,1.00,1.00
2010.09.09 05:30:58.104,0.9308,0.9311,1.00,2.40
2010.09.09 05:30:58.265,0.9308,0.93115,1.00,1.00
2010.09.09 05:30:59.053,0.93085,0.93115,1.00,1.00
2010.09.09 05:31:05.428,0.9309,0.93115,1.00,1.00
2010.09.09 05:31:06.543,0.93085,0.93115,1.00,1.00
2010.09.09 05:31:09.893,0.9309,0.93115,1.00,1.00
2010.09.09 05:31:10.839,0.93085,0.93115,1.00,1.00
2010.09.09 05:31:11.014,0.93085,0.93115,1.00,1.00
2010.09.09 05:31:14.612,0.93085,0.93115,1.00,1.00
2010.09.09 05:31:14.882,0.93085,0.9312,1.00,14.00
2010.09.09 05:31:15.152,0.93085,0.9312,1.00,12.40
2010.09.09 05:31:22.152,0.93085,0.9312,8.10,4.40
2010.09.09 05:31:23.299,0.93085,0.9312,8.00,4.40
2010.09.09 05:31:24.694,0.9309,0.9312,8.00,2.80
2010.09.09 05:31:25.023,0.9309,0.9312,8.00,2.40
2010.09.09 05:31:26.269,0.93095,0.9312,1.00,2.40
2010.09.09 05:31:26.497,0.93095,0.9313,4.20,2.40
2010.09.09 05:31:26.726,0.931,0.9313,8.00,1.60
2010.09.09 05:31:27.027,0.931,0.9314,8.20,4.40
2010.09.09 05:31:27.994,0.931,0.9314,8.20,4.40
2010.09.09 05:31:28.163,0.931,0.9314,4.20,8.40
2010.09.09 05:31:28.333,0.931,0.9314,1.00,12.40
2010.09.09 05:31:28.503,0.931,0.9314,1.00,12.40
2010.09.09 05:31:29.151,0.931,0.93135,1.00,4.00
2010.09.09 05:31:29.404,0.931,0.93135,1.00,4.00
2010.09.09 05:31:29.654,0.931,0.93135,1.00,8.00
2010.09.09 05:31:30.805,0.931,0.93135,1.00,8.00
2010.09.09 05:31:31.594,0.931,0.93135,1.00,8.00
2010.09.09 05:31:31.715,0.931,0.9313,1.00,4.00
2010.09.09 05:31:32.574,0.93095,0.9312,3.50,8.00
2010.09.09 05:31:33.318,0.931,0.9313,1.00,6.00
2010.09.09 05:31:33.535,0.931,0.9313,1.00,4.00
2010.09.09 05:31:34.342,0.93095,0.9313,1.80,4.00
2010.09.09 05:31:34.763,0.93095,0.9313,1.80,4.00
2010.09.09 05:31:34.824,0.9309,0.93125,8.40,1.60
2010.09.09 05:31:35.402,0.9309,0.93125,1.00,1.00
2010.09.09 05:31:35.936,0.93095,0.93125,1.00,1.00
2010.09.09 05:31:37.393,0.9309,0.93125,1.80,1.00
2010.09.09 05:31:38.843,0.9309,0.93125,1.70,1.00
2010.09.09 05:31:38.974,0.9309,0.9312,1.70,2.40
2010.09.09 05:31:39.503,0.9309,0.9312,1.60,2.40
2010.09.09 05:31:40.530,0.9309,0.9312,1.90,2.40
2010.09.09 05:31:40.774,0.93095,0.93125,1.60,8.00
2010.09.09 05:31:40.893,0.93095,0.9313,1.60,12.40
2010.09.09 05:31:41.303,0.93095,0.9313,1.60,12.40
2010.09.09 05:31:41.543,0.93095,0.9313,1.90,12.40
2010.09.09 05:31:41.794,0.93095,0.9313,1.80,12.40
2010.09.09 05:31:42.805,0.93095,0.9313,1.80,13.20
2010.09.09 05:31:42.883,0.93095,0.9313,1.60,13.20
2010.09.09 05:31:42.964,0.93095,0.9312,1.60,4.40
2010.09.09 05:31:43.470,0.93095,0.9312,1.00,4.40
2010.09.09 05:31:43.567,0.93085,0.9312,1.70,14.00
2010.09.09 05:31:44.983,0.93085,0.93115,1.70,1.00
2010.09.09 05:31:45.044,0.93085,0.93115,1.60,1.00
2010.09.09 05:31:46.603,0.93085,0.93115,1.80,1.00
2010.09.09 05:31:47.298,0.9309,0.9312,1.00,8.00
2010.09.09 05:31:47.557,0.9309,0.93125,1.00,10.00
2010.09.09 05:31:48.063,0.9309,0.93125,1.00,10.00
2010.09.09 05:31:48.715,0.9309,0.9312,1.00,2.40
2010.09.09 05:31:49.705,0.93085,0.9312,1.60,12.00
2010.09.09 05:31:51.913,0.93085,0.9312,1.60,12.00
2010.09.09 05:31:52.029,0.93085,0.9312,1.60,12.10
2010.09.09 05:31:53.993,0.93085,0.9312,1.60,12.00
2010.09.09 05:31:54.343,0.93085,0.9312,1.60,12.00
2010.09.09 05:31:54.537,0.93085,0.9312,1.60,12.00
2010.09.09 05:31:55.963,0.93085,0.9312,1.60,12.00
2010.09.09 05:31:56.318,0.93085,0.9312,1.70,12.00
2010.09.09 05:31:58.046,0.93075,0.9311,7.30,2.80
2010.09.09 05:31:58.164,0.93075,0.9311,5.70,2.80
2010.09.09 05:31:58.264,0.93075,0.9311,1.70,2.80
2010.09.09 05:31:58.528,0.93075,0.9311,1.60,2.80
2010.09.09 05:32:02.227,0.9308,0.9311,1.00,2.80
2010.09.09 05:32:02.285,0.9308,0.9311,1.00,2.80
2010.09.09 05:32:06.235,0.9308,0.9311,1.00,1.00
2010.09.09 05:32:06.256,0.9308,0.9311,1.00,1.00
2010.09.09 05:32:06.874,0.9308,0.93115,1.00,4.00
2010.09.09 05:32:07.025,0.93085,0.93115,1.60,2.40
2010.09.09 05:32:07.471,0.93085,0.93115,1.60,1.00
2010.09.09 05:32:08.066,0.93085,0.9312,1.70,4.00
2010.09.09 05:32:08.243,0.9309,0.9312,1.60,2.40
2010.09.09 05:32:09.364,0.9309,0.93125,1.60,8.40
2010.09.09 05:32:10.130,0.93085,0.9311,1.60,8.00
2010.09.09 05:32:10.315,0.93075,0.9311,11.20,2.40
2010.09.09 05:32:10.494,0.93075,0.9311,9.60,4.00
2010.09.09 05:32:10.674,0.9308,0.9311,1.00,4.00
2010.09.09 05:32:11.214,0.9309,0.93115,1.60,1.80
2010.09.09 05:32:11.469,0.93095,0.9312,1.60,1.00
2010.09.09 05:32:11.715,0.93085,0.9312,3.20,1.80
2010.09.09 05:32:11.965,0.93085,0.9312,1.70,1.00
2010.09.09 05:32:12.873,0.93085,0.9312,1.60,1.00
2010.09.09 05:32:13.156,0.9309,0.9312,1.00,1.00
2010.09.09 05:32:13.654,0.9309,0.93115,1.00,1.00
2010.09.09 05:32:14.538,0.93085,0.93115,1.60,1.00
2010.09.09 05:32:15.194,0.93085,0.9312,1.70,12.20
2010.09.09 05:32:15.404,0.93085,0.9312,1.70,8.20
2010.09.09 05:32:15.596,0.93085,0.9312,1.70,8.00
2010.09.09 05:32:16.542,0.93085,0.93125,1.90,11.60
2010.09.09 05:32:16.565,0.93095,0.93125,1.60,2.00
2010.09.09 05:32:16.646,0.93095,0.9313,1.60,12.00
2010.09.09 05:32:17.743,0.93095,0.9313,1.60,12.00
2010.09.09 05:32:18.653,0.93095,0.9313,1.60,12.00
2010.09.09 05:32:19.373,0.93095,0.9313,1.60,12.00
2010.09.09 05:32:20.289,0.93095,0.9313,1.60,9.60
2010.09.09 05:32:20.427,0.93095,0.9313,1.60,4.00
2010.09.09 05:32:21.183,0.931,0.9313,1.00,4.00
2010.09.09 05:32:21.630,0.931,0.9313,1.00,5.60
2010.09.09 05:32:22.476,0.931,0.9313,1.00,5.60
2010.09.09 05:32:22.690,0.931,0.9313,1.00,4.00
2010.09.09 05:32:23.110,0.931,0.9313,1.00,5.60
2010.09.09 05:32:25.104,0.931,0.9313,1.00,6.00
2010.09.09 05:32:25.316,0.931,0.9313,1.00,5.60
2010.09.09 05:32:25.614,0.931,0.9313,1.00,1.60
2010.09.09 05:32:32.353,0.931,0.9313,1.00,2.00
2010.09.09 05:32:35.168,0.93095,0.9313,1.60,2.00
2010.09.09 05:32:36.483,0.93095,0.9313,1.60,1.60
2010.09.09 05:32:36.723,0.93095,0.9313,1.60,6.00
2010.09.09 05:32:36.963,0.931,0.9313,1.00,6.00
2010.09.09 05:32:37.083,0.931,0.9313,1.00,4.40
2010.09.09 05:32:38.274,0.93095,0.9313,1.70,4.40
2010.09.09 05:32:39.025,0.93095,0.9313,1.60,4.40
2010.09.09 05:32:39.653,0.93095,0.9313,1.00,4.40
2010.09.09 05:32:39.745,0.93095,0.9313,1.00,6.80
2010.09.09 05:32:39.834,0.93095,0.9313,1.00,8.40
2010.09.09 05:32:40.016,0.93095,0.93125,1.00,1.00
2010.09.09 05:32:40.133,0.9309,0.93125,1.00,2.00
2010.09.09 05:32:40.254,0.93095,0.93125,1.00,2.00
2010.09.09 05:32:40.877,0.93095,0.93125,1.00,10.00
2010.09.09 05:32:41.007,0.93095,0.9313,1.00,12.00
2010.09.09 05:32:42.154,0.93095,0.9312,1.00,1.00
2010.09.09 05:32:42.313,0.93095,0.9313,1.00,12.20
2010.09.09 05:32:46.603,0.93095,0.9313,1.00,12.60
2010.09.09 05:32:49.013,0.93095,0.9313,1.00,12.20
2010.09.09 05:32:51.364,0.9309,0.93125,2.80,1.00
2010.09.09 05:32:51.565,0.9309,0.9312,1.00,1.60
2010.09.09 05:32:51.765,0.9309,0.93115,1.00,4.20
2010.09.09 05:32:51.964,0.9309,0.93115,1.00,5.80
2010.09.09 05:32:52.766,0.93075,0.9311,1.00,4.00
2010.09.09 05:32:53.065,0.93075,0.9311,1.00,8.00
2010.09.09 05:32:53.364,0.93075,0.93115,1.00,8.40
2010.09.09 05:32:54.346,0.9307,0.93115,12.50,8.40
2010.09.09 05:32:54.560,0.9307,0.9311,10.80,4.00
2010.09.09 05:32:54.964,0.9307,0.9311,10.90,4.00
2010.09.09 05:32:56.886,0.9307,0.9311,10.50,6.00
2010.09.09 05:32:58.024,0.93075,0.9311,1.00,6.00
2010.09.09 05:33:00.026,0.93075,0.93105,1.00,1.00
2010.09.09 05:33:01.446,0.93075,0.9311,1.70,2.20
2010.09.09 05:33:01.594,0.93075,0.9311,1.60,2.00
2010.09.09 05:33:01.734,0.93085,0.9311,1.60,1.00
2010.09.09 05:33:01.885,0.93085,0.93115,1.60,1.00
2010.09.09 05:33:02.033,0.93085,0.9312,1.60,12.60
2010.09.09 05:33:03.218,0.9308,0.9311,1.00,1.60
2010.09.09 05:33:03.534,0.9307,0.9311,10.10,1.60
2010.09.09 05:33:03.854,0.9307,0.9311,1.70,10.00
2010.09.09 05:33:04.213,0.9307,0.9311,1.70,11.60
2010.09.09 05:33:04.393,0.9307,0.9311,1.70,12.60
2010.09.09 05:33:04.573,0.9307,0.93105,1.70,1.60
2010.09.09 05:33:05.426,0.9307,0.93105,1.70,4.00
2010.09.09 05:33:05.533,0.9307,0.9311,1.70,12.60
2010.09.09 05:33:08.853,0.9307,0.9311,1.60,11.60
2010.09.09 05:33:08.953,0.9307,0.9311,4.00,10.00
2010.09.09 05:33:09.064,0.9307,0.9311,4.10,10.00
2010.09.09 05:33:09.393,0.9307,0.9311,8.10,10.00
2010.09.09 05:33:09.503,0.9307,0.9311,8.10,6.00
2010.09.09 05:33:10.155,0.9307,0.9311,9.30,6.00
2010.09.09 05:33:10.275,0.9307,0.9311,9.30,5.60
2010.09.09 05:33:10.384,0.93075,0.9311,1.60,5.60
2010.09.09 05:33:10.495,0.9308,0.93115,2.40,1.00
2010.09.09 05:33:13.316,0.9308,0.93115,2.40,1.00
2010.09.09 05:33:13.584,0.9308,0.93115,2.40,1.00
2010.09.09 05:33:18.058,0.9308,0.93115,2.40,4.40
2010.09.09 05:33:18.194,0.93075,0.9311,1.00,1.60
2010.09.09 05:33:18.753,0.93075,0.9311,1.00,1.80
2010.09.09 05:33:18.894,0.9307,0.9311,10.00,1.80
2010.09.09 05:33:19.034,0.93075,0.9311,1.00,1.80
2010.09.09 05:33:19.614,0.93075,0.9311,1.00,5.80
2010.09.09 05:33:19.903,0.93075,0.9311,1.00,9.80
2010.09.09 05:33:20.580,0.9307,0.9311,1.60,12.60
2010.09.09 05:33:20.668,0.9307,0.931,1.00,1.60
2010.09.09 05:33:21.824,0.93065,0.931,8.40,1.60
2010.09.09 05:33:22.675,0.93065,0.931,1.00,4.00
2010.09.09 05:33:24.033,0.93065,0.931,1.00,4.00
2010.09.09 05:33:34.200,0.93065,0.931,1.00,4.00
2010.09.09 05:33:38.504,0.93065,0.931,1.00,4.00
2010.09.09 05:33:38.593,0.93065,0.931,1.60,2.40
2010.09.09 05:33:38.683,0.93065,0.931,9.60,2.40
2010.09.09 05:33:38.773,0.93065,0.93105,9.60,2.20
2010.09.09 05:33:40.008,0.9307,0.93105,1.00,2.20
2010.09.09 05:33:51.926,0.9307,0.93105,1.00,1.00
2010.09.09 05:33:52.024,0.9307,0.93105,2.40,1.00
2010.09.09 05:33:52.206,0.9307,0.93105,4.00,1.00
2010.09.09 05:33:52.383,0.9307,0.93105,1.00,1.00
2010.09.09 05:33:52.929,0.9307,0.93105,6.40,1.00
2010.09.09 05:33:53.543,0.9307,0.93105,6.40,1.00
2010.09.09 05:33:56.655,0.9307,0.93105,6.90,1.00
2010.09.09 05:33:56.923,0.9307,0.9311,6.90,4.00
2010.09.09 05:33:57.464,0.93075,0.9311,1.60,4.00
2010.09.09 05:33:58.796,0.93075,0.93115,10.00,1.60
2010.09.09 05:33:59.433,0.9308,0.93115,1.00,1.60
2010.09.09 05:34:00.726,0.93075,0.9311,10.00,4.00
2010.09.09 05:34:00.914,0.93075,0.9311,10.10,4.00
2010.09.09 05:34:01.084,0.93075,0.9311,8.50,4.00
2010.09.09 05:34:01.424,0.93075,0.9311,1.00,4.00
2010.09.09 05:34:05.144,0.93075,0.9311,1.00,4.00
2010.09.09 05:34:05.353,0.93075,0.93115,1.00,9.60
2010.09.09 05:34:05.564,0.93075,0.9311,1.00,4.00
2010.09.09 05:34:06.779,0.93075,0.9311,1.00,2.40
2010.09.09 05:34:06.854,0.93075,0.93115,8.40,1.80
2010.09.09 05:34:06.995,0.93075,0.9311,8.40,1.60
2010.09.09 05:34:07.063,0.93075,0.9311,8.40,4.00
2010.09.09 05:34:07.135,0.93075,0.9311,1.00,4.00
2010.09.09 05:34:09.575,0.93075,0.9311,1.00,4.00
2010.09.09 05:34:15.074,0.9308,0.9311,1.60,2.40
2010.09.09 05:34:15.134,0.9308,0.93115,1.60,9.70
2010.09.09 05:34:15.807,0.93085,0.9312,1.60,14.00
2010.09.09 05:34:16.128,0.93085,0.9312,1.80,11.20
2010.09.09 05:34:16.445,0.9309,0.93125,1.60,10.00
2010.09.09 05:34:17.284,0.9309,0.93125,1.60,10.10
2010.09.09 05:34:19.659,0.9309,0.93125,1.60,10.00
2010.09.09 05:34:19.824,0.93085,0.9312,1.00,4.00
2010.09.09 05:34:19.995,0.9309,0.9312,1.00,4.00
2010.09.09 05:34:21.125,0.93085,0.9312,1.00,4.00
2010.09.09 05:34:21.955,0.9309,0.9312,1.00,4.00
2010.09.09 05:34:22.614,0.93085,0.9312,1.00,4.00
2010.09.09 05:34:24.835,0.9308,0.9312,14.10,4.00
2010.09.09 05:34:25.696,0.9309,0.9313,10.90,4.40
2010.09.09 05:34:25.834,0.9309,0.9313,12.50,4.40
2010.09.09 05:34:26.680,0.93095,0.9313,1.00,4.40
2010.09.09 05:34:32.103,0.9309,0.9313,8.50,4.40
2010.09.09 05:34:32.343,0.93095,0.9313,1.00,4.40
2010.09.09 05:34:33.095,0.9309,0.9313,8.40,4.40
2010.09.09 05:34:33.264,0.93095,0.9313,1.00,4.40
2010.09.09 05:34:36.403,0.93095,0.9313,1.00,4.00
2010.09.09 05:34:37.286,0.9309,0.9313,8.50,4.10
2010.09.09 05:34:38.049,0.9309,0.9313,6.00,4.00
2010.09.09 05:34:38.254,0.9309,0.9313,8.40,4.00
2010.09.09 05:34:38.445,0.9309,0.9313,8.40,4.00
2010.09.09 05:34:38.776,0.93095,0.9313,1.00,4.00
2010.09.09 05:34:39.347,0.9309,0.9313,8.50,4.00
2010.09.09 05:34:39.690,0.93095,0.9313,1.00,4.00
2010.09.09 05:34:40.155,0.9309,0.9313,6.80,4.00
2010.09.09 05:34:41.173,0.93095,0.9313,1.00,4.00
2010.09.09 05:34:41.384,0.9309,0.9313,6.80,4.20
2010.09.09 05:34:41.594,0.9309,0.93125,4.00,1.60
2010.09.09 05:34:41.805,0.9309,0.93125,1.00,1.80
2010.09.09 05:34:42.015,0.9309,0.9313,6.50,8.40
2010.09.09 05:34:42.631,0.9309,0.93125,6.50,1.00
2010.09.09 05:34:42.886,0.9309,0.9313,6.50,4.40
2010.09.09 05:34:43.136,0.9309,0.93125,6.50,1.00
2010.09.09 05:34:43.557,0.9309,0.93125,6.40,1.00
2010.09.09 05:34:43.765,0.9309,0.93125,4.00,1.60
2010.09.09 05:34:44.379,0.9309,0.93125,1.00,1.60
2010.09.09 05:34:45.996,0.93085,0.93125,11.90,1.60
2010.09.09 05:34:46.274,0.93095,0.93125,1.00,1.60
2010.09.09 05:34:46.554,0.9309,0.9313,10.40,4.40
2010.09.09 05:34:48.185,0.93095,0.9313,1.00,4.40
2010.09.09 05:34:49.471,0.9309,0.93125,1.00,1.60
2010.09.09 05:34:51.120,0.9309,0.93125,1.00,1.60
2010.09.09 05:34:51.704,0.9309,0.93125,1.00,1.60
2010.09.09 05:34:52.155,0.9309,0.93125,1.00,1.60
2010.09.09 05:34:52.923,0.9309,0.93125,1.00,1.60
2010.09.09 05:34:56.355,0.93085,0.93125,11.70,1.60
2010.09.09 05:34:57.235,0.9309,0.93125,1.00,1.60
2010.09.09 05:34:58.283,0.93085,0.93125,11.70,1.70
2010.09.09 05:34:59.206,0.93085,0.93125,2.10,9.60
2010.09.09 05:34:59.545,0.9309,0.93125,1.00,9.60
2010.09.09 05:34:59.734,0.9309,0.93125,1.00,1.60
2010.09.09 05:34:59.926,0.93095,0.93125,1.00,1.60
2010.09.09 05:35:00.640,0.93095,0.9313,1.00,12.40
2010.09.09 05:35:00.973,0.9309,0.9313,4.50,12.40
2010.09.09 05:35:02.494,0.9309,0.9313,4.40,12.40
2010.09.09 05:35:06.535,0.9309,0.9313,4.40,12.60
2010.09.09 05:35:06.674,0.9309,0.9313,4.50,12.60
2010.09.09 05:35:06.794,0.9309,0.93125,2.10,1.60
2010.09.09 05:35:07.155,0.9309,0.93125,2.00,1.60
2010.09.09 05:35:07.404,0.9309,0.93125,1.00,1.60
2010.09.09 05:35:09.154,0.9309,0.93125,1.00,1.70
2010.09.09 05:35:10.475,0.9309,0.93125,1.00,1.80
2010.09.09 05:35:10.514,0.9309,0.9312,1.00,2.40
2010.09.09 05:35:10.551,0.9309,0.9312,1.00,4.00
2010.09.09 05:35:10.583,0.93085,0.9312,8.10,4.00
2010.09.09 05:35:11.225,0.93085,0.9312,4.10,4.00
2010.09.09 05:35:11.265,0.93085,0.9312,1.00,4.00
2010.09.09 05:35:12.444,0.93085,0.9312,1.00,4.00
2010.09.09 05:35:23.585,0.93085,0.9312,1.00,4.20
2010.09.09 05:35:23.617,0.9308,0.9312,10.10,4.20
2010.09.09 05:35:23.696,0.9308,0.9312,7.70,4.20
2010.09.09 05:35:23.841,0.9308,0.93115,7.70,1.60
2010.09.09 05:35:23.872,0.9308,0.93115,7.30,1.60
2010.09.09 05:35:23.914,0.9308,0.93115,5.70,1.60
2010.09.09 05:35:24.455,0.9308,0.93115,1.70,1.60
2010.09.09 05:35:24.715,0.9308,0.9311,1.00,1.00
2010.09.09 05:35:25.676,0.9308,0.93115,1.00,1.80
2010.09.09 05:35:25.927,0.9308,0.93115,1.00,1.80
2010.09.09 05:35:30.656,0.9308,0.93115,1.00,5.80
2010.09.09 05:35:34.153,0.9308,0.93115,1.00,5.80
2010.09.09 05:35:34.253,0.9308,0.93115,1.00,5.60
2010.09.09 05:35:34.454,0.9308,0.9312,8.50,8.20
2010.09.09 05:35:36.024,0.93085,0.9312,1.00,8.20
2010.09.09 05:35:37.830,0.93085,0.9312,1.00,8.20
2010.09.09 05:35:38.323,0.93085,0.9312,1.00,8.20
2010.09.09 05:35:38.686,0.93085,0.9312,1.00,8.00
2010.09.09 05:35:41.377,0.93085,0.9312,1.00,8.00
2010.09.09 05:35:41.494,0.93085,0.9312,1.00,8.00
2010.09.09 05:35:42.095,0.93085,0.93125,5.60,6.00
2010.09.09 05:35:42.500,0.9309,0.93125,1.60,6.00
2010.09.09 05:35:43.003,0.9309,0.93125,1.70,6.00
2010.09.09 05:35:43.535,0.9309,0.93125,1.60,6.00
2010.09.09 05:35:43.783,0.93085,0.93125,5.60,6.00
2010.09.09 05:35:43.985,0.93085,0.93125,5.70,6.10
2010.09.09 05:35:45.066,0.93085,0.93125,5.90,6.10
2010.09.09 05:35:45.203,0.9309,0.93125,1.60,6.10
2010.09.09 05:35:46.335,0.9309,0.93125,1.70,6.00
2010.09.09 05:35:47.319,0.9309,0.93125,1.60,6.10
2010.09.09 05:35:49.161,0.93085,0.93125,5.70,6.10
2010.09.09 05:35:49.582,0.9309,0.93125,1.60,6.10
2010.09.09 05:35:51.125,0.93085,0.93125,5.70,6.10
2010.09.09 05:35:52.434,0.93095,0.93125,1.60,4.50
2010.09.09 05:35:52.543,0.93095,0.93125,1.60,4.10
2010.09.09 05:35:52.654,0.93095,0.93125,1.60,1.00
2010.09.09 05:35:52.984,0.93095,0.9313,1.60,4.10
2010.09.09 05:35:53.966,0.93095,0.9313,1.60,4.00
2010.09.09 05:35:56.716,0.93095,0.93125,1.60,1.00
2010.09.09 05:35:57.054,0.9309,0.93125,1.00,1.60
2010.09.09 05:35:57.875,0.9309,0.93125,1.00,1.00
2010.09.09 05:35:58.713,0.9309,0.93125,1.00,4.00
2010.09.09 05:35:58.858,0.93085,0.9312,2.60,1.00
2010.09.09 05:35:58.994,0.9309,0.93125,1.00,11.20
2010.09.09 05:35:59.164,0.9309,0.93125,1.00,1.60
2010.09.09 05:35:59.515,0.9309,0.9313,1.00,12.30
2010.09.09 05:35:59.695,0.9309,0.9312,1.00,2.40
2010.09.09 05:36:15.003,0.93085,0.9312,2.90,2.40
2010.09.09 05:36:15.795,0.93085,0.9312,2.10,2.40
2010.09.09 05:36:16.585,0.93085,0.9312,1.00,4.00
2010.09.09 05:36:27.140,0.93085,0.9312,1.00,4.00
2010.09.09 05:36:27.234,0.93085,0.9312,1.00,1.60
2010.09.09 05:36:27.899,0.93085,0.9312,1.00,4.00
2010.09.09 05:36:28.195,0.93085,0.93115,1.00,1.00
2010.09.09 05:36:28.695,0.93085,0.93115,1.00,1.00
2010.09.09 05:36:28.844,0.93085,0.9312,1.00,4.00
2010.09.09 05:36:32.327,0.93085,0.9312,1.00,5.00
2010.09.09 05:36:32.454,0.9308,0.9312,14.10,5.00
2010.09.09 05:36:32.714,0.9308,0.93115,9.70,1.60
2010.09.09 05:36:32.844,0.9308,0.93115,1.70,1.60
2010.09.09 05:36:33.875,0.9308,0.93115,1.60,1.60
2010.09.09 05:36:33.994,0.9308,0.93115,1.60,5.60
2010.09.09 05:36:34.103,0.9308,0.93115,1.60,9.60
2010.09.09 05:36:34.875,0.9308,0.93115,1.70,9.60
2010.09.09 05:36:35.657,0.9308,0.93115,1.00,9.60
2010.09.09 05:36:35.778,0.9308,0.93115,1.70,1.60
2010.09.09 05:36:36.443,0.93085,0.9312,1.60,3.90
2010.09.09 05:36:39.296,0.9309,0.9312,2.40,1.00
2010.09.09 05:36:39.584,0.9309,0.93125,2.80,12.00
2010.09.09 05:36:39.864,0.9309,0.93125,2.80,5.60
2010.09.09 05:36:40.144,0.9309,0.93125,2.80,1.60
2010.09.09 05:36:40.374,0.9309,0.93125,2.80,1.60
2010.09.09 05:36:41.384,0.93095,0.93125,1.00,1.60
2010.09.09 05:36:41.775,0.9309,0.93125,1.00,1.80
2010.09.09 05:36:43.545,0.9309,0.93125,1.00,1.60
2010.09.09 05:36:45.568,0.93085,0.93125,9.60,2.20
2010.09.09 05:36:45.694,0.93085,0.9312,9.60,1.00
2010.09.09 05:36:45.754,0.93085,0.9312,5.60,1.00
2010.09.09 05:36:45.814,0.93085,0.9312,1.60,1.00
2010.09.09 05:36:45.874,0.93085,0.9312,1.60,1.00
2010.09.09 05:36:45.934,0.93085,0.9312,1.60,2.60
2010.09.09 05:36:46.885,0.93085,0.9312,1.60,2.60
2010.09.09 05:36:47.134,0.93085,0.9312,1.60,2.70
2010.09.09 05:36:47.388,0.93085,0.9312,1.70,2.60
2010.09.09 05:36:48.685,0.93085,0.9312,1.60,4.00
2010.09.09 05:36:48.954,0.93085,0.9312,1.60,2.40
2010.09.09 05:36:49.164,0.93085,0.9312,1.60,2.40
2010.09.09 05:36:49.375,0.93085,0.9312,1.60,2.60
2010.09.09 05:36:49.584,0.9308,0.93115,11.70,1.80
2010.09.09 05:36:50.307,0.93085,0.9312,9.70,2.40
2010.09.09 05:36:51.884,0.93085,0.9312,9.60,2.40
2010.09.09 05:36:52.164,0.9309,0.9312,4.00,2.40
2010.09.09 05:36:52.444,0.93085,0.9312,9.60,2.40
2010.09.09 05:36:53.434,0.93085,0.9312,1.60,2.40
2010.09.09 05:36:54.423,0.93085,0.9312,1.00,4.00
2010.09.09 05:36:55.584,0.93085,0.9312,1.00,4.00
2010.09.09 05:36:57.538,0.93085,0.9312,1.00,4.00
2010.09.09 05:36:57.977,0.93085,0.93125,1.60,10.00
2010.09.09 05:36:58.046,0.93085,0.9312,1.60,1.00
2010.09.09 05:36:58.117,0.93085,0.9312,1.60,1.00
2010.09.09 05:36:58.696,0.93085,0.93115,4.00,1.60
2010.09.09 05:36:58.780,0.93085,0.9312,4.00,4.00
2010.09.09 05:36:59.465,0.9309,0.9312,4.00,2.40
2010.09.09 05:37:00.777,0.9309,0.93125,4.00,2.00
2010.09.09 05:37:01.304,0.9309,0.93125,4.10,2.00
2010.09.09 05:37:01.494,0.9309,0.93125,6.50,1.00
2010.09.09 05:37:02.038,0.9309,0.9313,6.90,8.40
2010.09.09 05:37:02.239,0.93095,0.9313,4.00,4.40
2010.09.09 05:37:03.915,0.93095,0.9313,4.00,4.40
2010.09.09 05:37:05.503,0.93095,0.9313,4.00,4.40
2010.09.09 05:37:06.138,0.93095,0.93125,4.00,1.60
2010.09.09 05:37:06.306,0.9309,0.93125,4.40,1.60
2010.09.09 05:37:10.533,0.9309,0.93125,6.00,1.60
2010.09.09 05:37:10.733,0.9309,0.93125,4.40,1.60
2010.09.09 05:37:17.637,0.9309,0.93125,4.40,1.80
2010.09.09 05:37:17.676,0.9309,0.93125,4.50,1.80
2010.09.09 05:37:17.735,0.9309,0.9312,4.50,2.40
2010.09.09 05:37:17.754,0.9309,0.9312,4.10,2.40
2010.09.09 05:37:17.965,0.9309,0.9312,1.00,2.40
2010.09.09 05:37:19.084,0.93085,0.9312,5.60,2.40
2010.09.09 05:37:20.123,0.9309,0.9312,1.00,2.40
2010.09.09 05:37:21.166,0.9309,0.9312,1.00,2.60
2010.09.09 05:37:23.664,0.9309,0.9312,1.00,1.00
2010.09.09 05:37:28.887,0.93085,0.9312,5.60,2.40
2010.09.09 05:37:28.994,0.93085,0.93125,5.60,8.60
2010.09.09 05:37:29.305,0.93095,0.93125,1.60,7.00
2010.09.09 05:37:29.866,0.93095,0.93125,1.60,3.00
2010.09.09 05:37:30.178,0.9309,0.9312,1.00,3.40
2010.09.09 05:37:30.406,0.9309,0.93125,4.00,4.60
2010.09.09 05:37:31.615,0.9309,0.93125,4.00,4.60
2010.09.09 05:37:31.874,0.9309,0.93125,5.60,4.60
2010.09.09 05:37:32.126,0.9309,0.9312,4.00,1.00
2010.09.09 05:37:32.386,0.93085,0.9312,5.70,3.40
2010.09.09 05:37:35.735,0.9309,0.9312,1.00,3.40
2010.09.09 05:37:36.985,0.9309,0.9312,1.00,2.40
2010.09.09 05:37:37.124,0.9309,0.93125,1.00,8.60
2010.09.09 05:37:37.775,0.9309,0.93125,5.60,4.60
2010.09.09 05:37:38.494,0.9309,0.93125,5.70,4.60
2010.09.09 05:37:39.113,0.9309,0.93125,4.10,4.60
2010.09.09 05:37:39.354,0.9309,0.93125,5.70,4.60
2010.09.09 05:37:40.666,0.9309,0.93125,4.10,3.00
2010.09.09 05:37:40.777,0.9309,0.93125,1.00,6.00
2010.09.09 05:37:40.985,0.93085,0.93125,5.70,6.00
2010.09.09 05:37:41.214,0.93085,0.9312,5.70,2.40
2010.09.09 05:37:42.587,0.93085,0.9312,5.60,2.40
2010.09.09 05:37:42.758,0.93085,0.9312,5.70,2.40
2010.09.09 05:37:43.084,0.93085,0.9312,5.60,2.40
2010.09.09 05:37:44.445,0.93085,0.9312,5.70,2.40
2010.09.09 05:37:49.646,0.9309,0.9312,1.00,2.40
2010.09.09 05:37:50.394,0.93085,0.9312,5.60,2.40
2010.09.09 05:37:50.544,0.9309,0.9312,1.00,2.40
2010.09.09 05:37:51.668,0.93085,0.9312,5.70,2.40
2010.09.09 05:37:55.726,0.93085,0.93115,5.70,1.00
2010.09.09 05:37:55.793,0.93085,0.93115,5.60,1.00
2010.09.09 05:37:55.913,0.93085,0.9311,4.00,2.40
2010.09.09 05:37:55.976,0.9308,0.9311,6.10,2.40
2010.09.09 05:37:56.103,0.93085,0.9311,1.60,2.40
2010.09.09 05:37:56.664,0.93085,0.93115,1.60,6.00
2010.09.09 05:37:56.886,0.93085,0.9312,1.60,7.80
2010.09.09 05:37:57.104,0.93085,0.9312,1.60,7.00
2010.09.09 05:37:57.936,0.93085,0.9312,1.70,7.00
2010.09.09 05:37:58.044,0.93085,0.9312,1.70,6.80
2010.09.09 05:37:58.154,0.93085,0.9312,1.70,8.40
2010.09.09 05:37:58.373,0.93085,0.9312,1.70,6.80
2010.09.09 05:37:58.483,0.93085,0.9312,5.70,2.80
2010.09.09 05:38:00.073,0.9309,0.9312,1.00,2.80
2010.09.09 05:38:00.219,0.93085,0.9312,5.70,2.80
2010.09.09 05:38:02.784,0.93085,0.9312,5.60,2.80
2010.09.09 05:38:06.153,0.9309,0.9312,1.00,2.80
2010.09.09 05:38:06.393,0.93085,0.9312,5.60,2.80
2010.09.09 05:38:07.023,0.93085,0.9312,5.70,2.80
2010.09.09 05:38:07.423,0.9309,0.9312,1.00,2.80
2010.09.09 05:38:08.100,0.9309,0.9312,1.00,2.80
2010.09.09 05:38:08.293,0.93085,0.9312,5.70,2.80
2010.09.09 05:38:08.626,0.9309,0.9312,1.00,2.80
2010.09.09 05:38:08.893,0.93085,0.9312,5.60,2.80
2010.09.09 05:38:09.048,0.9309,0.9312,1.00,2.80
2010.09.09 05:38:10.333,0.93085,0.9312,5.70,2.80
2010.09.09 05:38:10.383,0.93085,0.9312,5.60,2.80
2010.09.09 05:38:11.476,0.9309,0.9312,1.00,2.80
2010.09.09 05:38:11.856,0.93085,0.9312,5.60,2.80
2010.09.09 05:38:13.113,0.9309,0.9312,1.00,2.80
2010.09.09 05:38:13.810,0.9309,0.9312,1.00,2.80
2010.09.09 05:38:15.514,0.9309,0.9312,1.00,2.40
2010.09.09 05:38:15.906,0.93085,0.9312,5.70,2.40
2010.09.09 05:38:18.354,0.93085,0.9312,5.60,2.40
2010.09.09 05:38:18.734,0.9309,0.9312,1.00,2.40
2010.09.09 05:38:19.844,0.93085,0.9312,5.60,2.40
2010.09.09 05:38:20.428,0.9309,0.9312,1.00,2.40
2010.09.09 05:38:20.566,0.9309,0.9312,1.00,2.40
2010.09.09 05:38:22.765,0.93085,0.9312,5.70,2.40
2010.09.09 05:38:22.898,0.9309,0.9312,1.00,2.40
2010.09.09 05:38:23.556,0.93085,0.9312,5.60,2.40
2010.09.09 05:38:24.400,0.9309,0.9312,1.00,2.40
2010.09.09 05:38:26.173,0.93085,0.9312,5.60,2.40
2010.09.09 05:38:26.264,0.93085,0.93125,5.60,7.60
2010.09.09 05:38:27.969,0.9309,0.93125,1.00,7.60
2010.09.09 05:38:29.825,0.9309,0.93125,1.00,7.80
2010.09.09 05:38:30.510,0.93085,0.93125,5.70,7.80
2010.09.09 05:38:30.535,0.93085,0.9312,5.70,2.40
2010.09.09 05:38:31.020,0.93085,0.9312,5.70,4.00
2010.09.09 05:38:31.053,0.93085,0.9312,5.70,2.40
2010.09.09 05:38:32.665,0.93085,0.9312,1.60,7.00
2010.09.09 05:38:33.297,0.93085,0.9312,1.70,7.00
2010.09.09 05:38:33.454,0.93085,0.9312,1.60,7.00
2010.09.09 05:38:35.607,0.93085,0.9312,5.60,2.80
2010.09.09 05:38:35.953,0.93085,0.9312,5.60,4.40
2010.09.09 05:38:37.043,0.9309,0.9312,1.00,4.40
2010.09.09 05:38:38.425,0.93085,0.9312,5.60,4.40
2010.09.09 05:38:38.488,0.93085,0.9312,5.70,4.40
2010.09.09 05:38:42.717,0.9309,0.9312,1.00,4.40
2010.09.09 05:38:42.773,0.9309,0.9312,1.00,2.80
2010.09.09 05:38:42.805,0.93085,0.9312,5.60,2.80
2010.09.09 05:38:44.273,0.9309,0.9312,1.00,2.80
2010.09.09 05:38:44.463,0.93085,0.9312,5.60,2.80
2010.09.09 05:38:44.653,0.9309,0.9312,1.00,2.80
2010.09.09 05:38:44.843,0.9309,0.93115,1.00,1.00
2010.09.09 05:38:45.684,0.93085,0.9312,5.60,3.00
2010.09.09 05:38:46.243,0.9309,0.9312,1.00,3.00
2010.09.09 05:38:49.604,0.93085,0.9312,5.70,3.00
2010.09.09 05:38:54.763,0.93085,0.93115,5.70,1.00
2010.09.09 05:38:55.544,0.93085,0.93115,1.70,1.00
2010.09.09 05:38:57.489,0.93085,0.93115,1.00,1.00
2010.09.09 05:38:57.694,0.93085,0.93115,1.00,1.80
2010.09.09 05:38:57.793,0.9308,0.93115,5.60,1.80
2010.09.09 05:38:58.357,0.93085,0.93115,1.00,1.80
2010.09.09 05:39:01.975,0.9308,0.93115,5.70,1.80
2010.09.09 05:39:02.164,0.9308,0.93115,4.10,1.80
2010.09.09 05:39:02.851,0.93085,0.93115,1.00,1.60
2010.09.09 05:39:03.141,0.93075,0.93115,10.00,3.40
2010.09.09 05:39:03.424,0.93075,0.93115,11.60,1.80
2010.09.09 05:39:03.983,0.9308,0.93115,1.00,1.80
2010.09.09 05:39:04.295,0.93085,0.93115,1.00,1.60
2010.09.09 05:39:05.113,0.93085,0.9312,1.00,4.20
2010.09.09 05:39:07.383,0.93085,0.9312,8.10,4.20
2010.09.09 05:39:07.563,0.93085,0.9312,4.10,4.20
2010.09.09 05:39:10.254,0.93085,0.9312,1.00,4.20
2010.09.09 05:39:10.944,0.9308,0.9312,12.40,4.20
2010.09.09 05:39:11.423,0.93085,0.9312,1.00,4.20
2010.09.09 05:39:12.614,0.93085,0.9312,1.00,4.00
2010.09.09 05:39:12.844,0.93085,0.9312,1.00,1.80
2010.09.09 05:39:13.073,0.93085,0.9312,1.00,4.20
2010.09.09 05:39:13.763,0.93085,0.9312,1.00,4.00
2010.09.09 05:39:13.923,0.93085,0.9312,4.00,4.00
2010.09.09 05:39:14.501,0.93085,0.93125,9.60,2.20
2010.09.09 05:39:15.143,0.93085,0.93125,10.10,1.80
2010.09.09 05:39:15.463,0.9309,0.93125,1.00,1.80
2010.09.09 05:39:15.623,0.93085,0.93125,10.10,1.80
2010.09.09 05:39:16.123,0.9309,0.93125,1.00,1.80
2010.09.09 05:39:17.064,0.9309,0.93125,1.00,1.80
2010.09.09 05:39:23.067,0.93085,0.93125,10.00,1.80
2010.09.09 05:39:23.417,0.9309,0.93125,1.00,1.80
2010.09.09 05:39:23.563,0.93085,0.93125,10.00,1.80
2010.09.09 05:39:24.373,0.9309,0.93125,1.00,1.80
2010.09.09 05:39:24.973,0.93085,0.93125,10.10,1.90
2010.09.09 05:39:27.083,0.9309,0.93125,1.00,1.80
2010.09.09 05:39:30.683,0.93085,0.93125,10.00,1.80
2010.09.09 05:39:31.576,0.9309,0.93125,1.00,1.80
2010.09.09 05:39:33.393,0.93085,0.93125,10.10,1.90
2010.09.09 05:39:36.076,0.9309,0.93125,1.00,1.80
2010.09.09 05:39:36.193,0.93085,0.93125,10.00,1.80
2010.09.09 05:39:36.669,0.9309,0.93125,1.00,1.80
2010.09.09 05:39:37.996,0.93085,0.93125,10.00,1.80
2010.09.09 05:39:38.330,0.93085,0.93125,10.10,1.80
2010.09.09 05:39:38.643,0.9309,0.93125,1.00,1.80
2010.09.09 05:39:39.393,0.93085,0.93125,10.10,1.90
2010.09.09 05:39:41.153,0.9309,0.93125,1.00,1.80
2010.09.09 05:39:42.313,0.93085,0.93125,10.00,1.80
2010.09.09 05:39:43.967,0.9309,0.93125,1.00,1.80
2010.09.09 05:39:44.517,0.93085,0.93125,10.10,1.90
2010.09.09 05:39:44.734,0.9309,0.93125,1.00,1.80
2010.09.09 05:39:45.033,0.93085,0.93125,10.10,1.80
2010.09.09 05:39:46.133,0.9309,0.93125,1.00,1.80
2010.09.09 05:39:47.128,0.93085,0.93125,10.10,1.90
2010.09.09 05:39:47.397,0.9309,0.93125,1.00,1.80
2010.09.09 05:39:48.626,0.93085,0.93125,10.00,1.80
2010.09.09 05:39:49.347,0.9309,0.93125,1.00,1.80
2010.09.09 05:39:52.525,0.9309,0.9312,1.00,1.00
2010.09.09 05:39:52.647,0.93085,0.9312,4.50,4.20
2010.09.09 05:39:55.012,0.93085,0.9312,4.10,4.20
2010.09.09 05:39:55.333,0.93085,0.9312,8.10,4.20
2010.09.09 05:39:55.493,0.9309,0.9312,1.00,4.20
2010.09.09 05:39:55.947,0.93085,0.9312,8.10,4.20
2010.09.09 05:39:56.799,0.9309,0.93125,1.00,2.20
2010.09.09 05:39:57.653,0.9309,0.93125,1.00,2.20
2010.09.09 05:39:58.925,0.9309,0.93125,1.00,2.20
2010.09.09 05:40:05.476,0.9309,0.9312,1.00,1.00
2010.09.09 05:40:05.753,0.93085,0.9312,8.50,4.20
2010.09.09 05:40:06.034,0.93085,0.9312,1.00,4.20
2010.09.09 05:40:08.273,0.93085,0.9312,1.00,4.20
2010.09.09 05:40:09.836,0.93085,0.93115,1.00,1.80
2010.09.09 05:40:10.013,0.9308,0.93115,8.50,1.80
2010.09.09 05:40:10.763,0.9308,0.93115,1.00,1.80
2010.09.09 05:40:12.606,0.9308,0.93115,1.00,1.80
2010.09.09 05:40:12.867,0.93085,0.9312,2.00,8.00
2010.09.09 05:40:12.988,0.93085,0.93125,10.00,1.80
2010.09.09 05:40:13.956,0.93085,0.93125,10.10,1.80
2010.09.09 05:40:14.975,0.93085,0.9312,10.00,4.20
2010.09.09 05:40:15.134,0.93085,0.9312,2.00,4.20
2010.09.09 05:40:16.646,0.93085,0.9312,1.00,4.20
2010.09.09 05:40:17.775,0.93085,0.9312,1.00,4.20
2010.09.09 05:40:18.307,0.93085,0.9312,1.00,4.00
2010.09.09 05:40:19.133,0.93085,0.9312,1.00,4.00
2010.09.09 05:40:20.448,0.93085,0.9312,1.00,4.00
2010.09.09 05:40:21.864,0.93085,0.93115,1.00,1.00
2010.09.09 05:40:22.323,0.93085,0.9312,1.00,4.20
2010.09.09 05:40:22.883,0.93085,0.93115,1.00,1.00
2010.09.09 05:40:22.993,0.93085,0.9312,1.00,4.00
2010.09.09 05:40:25.714,0.93085,0.9312,1.00,4.00
2010.09.09 05:40:25.834,0.93085,0.9312,1.00,4.00
2010.09.09 05:40:26.556,0.93085,0.93115,8.00,1.60
2010.09.09 05:40:26.684,0.93085,0.93115,4.00,1.60
2010.09.09 05:40:27.387,0.9308,0.93115,1.00,1.60
2010.09.09 05:40:27.724,0.9308,0.93115,1.00,1.60
2010.09.09 05:40:28.343,0.9308,0.93115,1.00,1.60
2010.09.09 05:40:28.624,0.93075,0.93115,10.10,1.80
2010.09.09 05:40:28.764,0.93075,0.9311,8.10,4.40
2010.09.09 05:40:28.984,0.93075,0.93115,2.10,11.20
2010.09.09 05:40:29.567,0.93075,0.93115,6.10,5.60
2010.09.09 05:40:29.788,0.9307,0.93105,1.00,1.60
2010.09.09 05:40:29.954,0.93065,0.9311,8.40,14.20
2010.09.09 05:40:30.125,0.93065,0.931,10.10,1.60
2010.09.09 05:40:30.294,0.93065,0.931,2.10,4.00
2010.09.09 05:40:30.463,0.93065,0.931,1.00,4.00
2010.09.09 05:40:31.643,0.93065,0.931,1.00,4.00
2010.09.09 05:40:32.867,0.93065,0.931,1.00,4.00
2010.09.09 05:40:33.544,0.93065,0.931,1.00,4.00
2010.09.09 05:40:33.664,0.93065,0.931,1.00,4.00
2010.09.09 05:40:34.673,0.93065,0.931,1.00,4.00
2010.09.09 05:40:34.853,0.93065,0.93105,1.70,11.60
2010.09.09 05:40:35.034,0.93065,0.93105,8.00,2.00
2010.09.09 05:40:35.213,0.93065,0.931,8.00,1.60
2010.09.09 05:40:35.889,0.93065,0.931,8.10,1.60
2010.09.09 05:40:36.229,0.9307,0.9311,10.40,6.00
2010.09.09 05:40:37.525,0.9307,0.9311,10.40,6.00
2010.09.09 05:40:37.954,0.93075,0.9311,1.00,6.00
2010.09.09 05:40:38.063,0.93075,0.9311,1.00,6.00
2010.09.09 05:40:39.243,0.93075,0.9311,1.00,3.60
2010.09.09 05:40:39.323,0.93075,0.9311,1.00,3.20
2010.09.09 05:40:39.364,0.93075,0.9311,6.10,1.60
2010.09.09 05:40:39.404,0.93075,0.9311,10.00,1.60
2010.09.09 05:40:39.998,0.93075,0.93105,8.00,1.00
2010.09.09 05:40:40.299,0.93065,0.931,1.00,4.00
2010.09.09 05:40:45.543,0.93065,0.93095,1.00,1.60
2010.09.09 05:40:45.593,0.9306,0.93095,12.40,1.60
2010.09.09 05:40:45.714,0.9306,0.93095,12.00,1.60
2010.09.09 05:40:46.356,0.9306,0.93095,1.00,1.60
2010.09.09 05:40:46.534,0.93065,0.93095,1.00,1.60
2010.09.09 05:40:46.714,0.93065,0.93105,10.00,4.00
2010.09.09 05:40:47.411,0.93065,0.93105,10.00,1.60
2010.09.09 05:40:48.774,0.93065,0.93105,10.00,1.80
2010.09.09 05:40:49.492,0.93065,0.931,1.00,4.00
2010.09.09 05:40:49.715,0.93065,0.93105,9.60,2.00
2010.09.09 05:40:50.043,0.9307,0.93105,1.00,2.00
2010.09.09 05:40:51.094,0.93065,0.93105,9.60,2.00
2010.09.09 05:40:52.587,0.9307,0.93105,1.00,2.00
2010.09.09 05:40:55.466,0.9307,0.9311,10.80,4.40
2010.09.09 05:40:56.353,0.93075,0.9311,1.00,4.40
2010.09.09 05:40:58.861,0.9307,0.9311,10.80,4.40
2010.09.09 05:41:01.023,0.93075,0.9311,1.00,4.40
2010.09.09 05:41:15.173,0.93075,0.9311,1.00,4.00
2010.09.09 05:41:16.284,0.93075,0.93105,1.00,1.60
2010.09.09 05:41:16.376,0.9307,0.93105,1.00,1.60
2010.09.09 05:41:16.464,0.9307,0.93105,1.00,1.60
2010.09.09 05:41:18.234,0.9307,0.9311,6.80,8.00
2010.09.09 05:41:18.765,0.9307,0.9311,10.80,4.00
2010.09.09 05:41:19.345,0.9308,0.9311,1.00,1.60
2010.09.09 05:41:19.584,0.93075,0.93115,9.60,3.80
2010.09.09 05:41:19.824,0.9307,0.9311,10.80,4.00
2010.09.09 05:41:20.775,0.93075,0.9311,1.00,4.00
2010.09.09 05:41:43.738,0.93075,0.9311,1.00,4.00
2010.09.09 05:41:46.770,0.93075,0.93115,1.70,10.00
2010.09.09 05:41:46.956,0.93075,0.93115,9.60,2.00
2010.09.09 05:41:47.334,0.93075,0.93115,9.60,2.00
2010.09.09 05:41:47.988,0.93075,0.93115,9.70,2.10
2010.09.09 05:41:48.323,0.9308,0.93115,1.00,2.00
2010.09.09 05:41:49.204,0.9308,0.93115,1.00,2.00
2010.09.09 05:42:08.435,0.93075,0.9311,1.00,4.40
2010.09.09 05:42:10.683,0.93075,0.9311,1.00,4.40
2010.09.09 05:42:31.805,0.9307,0.9311,12.50,4.40
2010.09.09 05:42:32.338,0.9307,0.9311,12.50,4.60
2010.09.09 05:42:32.365,0.9307,0.93105,2.10,1.60
2010.09.09 05:42:33.018,0.9307,0.93105,2.00,1.60
2010.09.09 05:42:35.996,0.9307,0.931,2.00,1.00
2010.09.09 05:42:36.175,0.9307,0.931,2.00,1.00
2010.09.09 05:42:36.222,0.9307,0.931,1.00,1.80
2010.09.09 05:42:36.284,0.93065,0.931,9.60,4.60
2010.09.09 05:42:36.309,0.93065,0.931,9.60,4.60
2010.09.09 05:42:36.335,0.93065,0.931,5.60,4.60
2010.09.09 05:42:36.363,0.93065,0.931,1.60,4.60
2010.09.09 05:42:36.383,0.93065,0.931,1.60,2.20
2010.09.09 05:42:36.403,0.93065,0.931,5.60,2.20
2010.09.09 05:42:36.445,0.93065,0.931,5.60,1.00
2010.09.09 05:42:36.464,0.93065,0.931,5.60,1.00
2010.09.09 05:42:36.487,0.93065,0.93105,6.00,6.40
2010.09.09 05:42:37.003,0.93065,0.93105,6.10,5.60
2010.09.09 05:42:37.274,0.93065,0.931,9.70,4.00
2010.09.09 05:42:38.354,0.93065,0.931,1.70,4.00
2010.09.09 05:42:38.796,0.93065,0.931,1.60,4.00
2010.09.09 05:42:39.183,0.93065,0.931,5.60,4.00
2010.09.09 05:42:55.155,0.93065,0.931,5.60,4.00
2010.09.09 05:42:55.684,0.93065,0.931,5.60,1.60
2010.09.09 05:42:55.944,0.9307,0.93105,1.60,2.00
2010.09.09 05:42:56.855,0.9307,0.93105,1.60,2.10
2010.09.09 05:43:01.053,0.9307,0.93105,1.60,2.00
2010.09.09 05:43:02.184,0.9307,0.93105,1.60,2.20
2010.09.09 05:43:02.273,0.9307,0.93105,1.60,2.30
2010.09.09 05:43:02.363,0.93065,0.931,9.60,1.60
2010.09.09 05:43:03.183,0.93065,0.931,9.60,4.00
2010.09.09 05:43:03.564,0.93065,0.931,9.70,4.00
2010.09.09 05:43:03.754,0.93065,0.931,9.60,4.20
2010.09.09 05:43:03.945,0.93065,0.931,1.60,8.20
2010.09.09 05:43:04.134,0.93065,0.93105,9.60,3.60
2010.09.09 05:43:04.344,0.93065,0.931,9.60,4.00
2010.09.09 05:43:04.554,0.93065,0.931,5.60,4.00
2010.09.09 05:43:05.454,0.93065,0.931,5.60,4.20
2010.09.09 05:43:05.614,0.93065,0.931,1.60,8.20
2010.09.09 05:43:05.776,0.93065,0.931,1.60,8.00
2010.09.09 05:43:05.946,0.93065,0.93105,9.60,3.80
2010.09.09 05:43:06.114,0.93065,0.931,9.60,2.40
2010.09.09 05:43:06.284,0.93065,0.931,1.60,4.00
2010.09.09 05:43:07.064,0.93065,0.931,1.70,4.00
2010.09.09 05:43:08.433,0.93065,0.931,1.60,4.00
2010.09.09 05:43:08.473,0.93065,0.931,1.60,4.20
2010.09.09 05:43:08.633,0.93065,0.931,1.60,8.20
2010.09.09 05:43:08.674,0.93065,0.931,1.70,8.20
2010.09.09 05:43:08.713,0.93065,0.931,1.70,8.00
2010.09.09 05:43:08.853,0.93065,0.931,1.70,4.00
2010.09.09 05:43:08.894,0.93065,0.931,1.60,4.00
2010.09.09 05:43:08.934,0.93065,0.931,5.60,4.00
2010.09.09 05:43:09.304,0.93065,0.931,9.60,4.00
2010.09.09 05:43:10.044,0.93065,0.931,1.60,4.00
2010.09.09 05:43:10.164,0.93065,0.931,1.70,4.00
2010.09.09 05:43:15.423,0.93065,0.931,2.10,4.00
2010.09.09 05:43:15.933,0.9307,0.93105,1.60,9.70
2010.09.09 05:43:16.164,0.9307,0.93105,1.60,1.70
2010.09.09 05:43:18.012,0.9307,0.93105,1.60,1.90
2010.09.09 05:43:18.074,0.93065,0.931,2.10,4.00
2010.09.09 05:43:18.174,0.93065,0.931,1.60,4.40
2010.09.09 05:43:18.474,0.93065,0.931,1.70,4.00
2010.09.09 05:43:43.401,0.93065,0.931,1.70,2.40
2010.09.09 05:43:47.531,0.93065,0.931,1.70,4.00
2010.09.09 05:43:51.275,0.93065,0.931,2.10,4.00
2010.09.09 05:43:51.584,0.93065,0.93105,6.10,7.20
2010.09.09 05:43:51.693,0.93065,0.93105,10.10,3.20
2010.09.09 05:43:51.913,0.93065,0.93105,10.10,1.60
2010.09.09 05:43:52.955,0.9307,0.93105,1.00,1.60
2010.09.09 05:43:56.653,0.9307,0.9311,1.00,14.20
2010.09.09 05:44:00.794,0.9307,0.93105,1.00,1.60
2010.09.09 05:44:16.998,0.9307,0.9311,1.00,14.20
2010.09.09 05:44:17.644,0.9307,0.9311,1.00,14.20
2010.09.09 05:44:18.244,0.9307,0.93105,1.00,1.60
2010.09.09 05:44:19.494,0.9307,0.93105,1.00,1.60
2010.09.09 05:44:29.104,0.93065,0.93105,10.00,1.60
2010.09.09 05:44:29.726,0.93065,0.93105,10.10,1.60
2010.09.09 05:44:30.364,0.9307,0.93105,1.00,1.60
2010.09.09 05:44:31.564,0.9307,0.93105,1.00,1.60
2010.09.09 05:44:31.903,0.9307,0.93105,1.00,1.60
2010.09.09 05:44:32.024,0.93075,0.9311,1.60,12.50
2010.09.09 05:44:32.819,0.93085,0.9311,1.60,12.40
2010.09.09 05:44:33.014,0.93085,0.9311,1.60,8.00
2010.09.09 05:44:33.828,0.93085,0.9312,1.60,12.50
2010.09.09 05:44:35.668,0.93085,0.9312,1.60,12.40
2010.09.09 05:44:36.284,0.93085,0.9312,1.60,12.50
2010.09.09 05:44:38.395,0.93085,0.9312,1.60,10.90
2010.09.09 05:44:39.554,0.93085,0.9312,1.60,11.00
2010.09.09 05:44:39.673,0.93075,0.93115,11.60,1.60
2010.09.09 05:44:39.796,0.93075,0.93115,1.60,11.60
2010.09.09 05:44:42.007,0.93075,0.93115,1.70,11.70
2010.09.09 05:44:42.857,0.93075,0.93115,1.70,11.90
2010.09.09 05:44:42.974,0.93075,0.93105,1.00,1.60
2010.09.09 05:44:43.756,0.9307,0.93105,10.80,1.60
2010.09.09 05:44:43.934,0.9307,0.93105,6.80,1.60
2010.09.09 05:44:44.063,0.9307,0.93105,4.40,1.60
2010.09.09 05:44:44.194,0.9307,0.93105,1.00,1.60
2010.09.09 05:44:44.323,0.9307,0.93105,1.00,1.60
2010.09.09 05:44:48.257,0.93065,0.93105,10.00,1.60
2010.09.09 05:44:48.773,0.93065,0.93105,2.00,9.60
2010.09.09 05:44:48.937,0.93065,0.931,1.60,2.80
2010.09.09 05:44:49.415,0.93065,0.931,9.60,4.40
2010.09.09 05:44:49.574,0.93065,0.931,1.60,12.40
2010.09.09 05:44:49.895,0.93065,0.931,9.60,4.60
2010.09.09 05:44:50.053,0.93065,0.931,1.60,4.60
2010.09.09 05:44:51.325,0.93065,0.931,1.60,4.70
2010.09.09 05:44:51.925,0.93065,0.931,1.60,4.60
2010.09.09 05:44:52.054,0.93065,0.931,6.00,4.00
2010.09.09 05:44:52.184,0.93065,0.931,6.00,1.60
2010.09.09 05:44:52.314,0.93065,0.93105,6.00,1.60
2010.09.09 05:44:52.614,0.93065,0.93105,10.00,1.60
2010.09.09 05:44:53.465,0.93065,0.93105,10.00,1.60
2010.09.09 05:44:53.864,0.9307,0.93105,1.00,1.60
2010.09.09 05:44:54.065,0.9307,0.93105,6.70,1.60
2010.09.09 05:44:54.165,0.93075,0.9311,1.00,5.60
2010.09.09 05:44:54.264,0.93075,0.9311,4.40,3.20
2010.09.09 05:44:54.365,0.93075,0.93115,10.00,2.60
2010.09.09 05:44:54.990,0.93075,0.9311,6.00,2.40
2010.09.09 05:44:55.267,0.9307,0.9311,10.90,4.00
2010.09.09 05:44:57.175,0.93075,0.9311,1.00,4.00
2010.09.09 05:45:01.044,0.9307,0.9311,10.80,4.20
2010.09.09 05:45:01.365,0.9307,0.9311,10.80,4.00
2010.09.09 05:45:01.896,0.9307,0.9311,10.80,4.00
2010.09.09 05:45:02.008,0.93075,0.9311,8.40,1.60
2010.09.09 05:45:02.475,0.93075,0.9311,8.00,4.40
2010.09.09 05:45:02.704,0.93075,0.9311,1.00,4.40
2010.09.09 05:45:13.185,0.9307,0.9311,12.50,4.50
2010.09.09 05:45:14.494,0.93075,0.9311,1.00,1.60
2010.09.09 05:45:14.565,0.93075,0.93115,2.00,11.20
2010.09.09 05:45:14.704,0.93075,0.93115,6.00,5.60
2010.09.09 05:45:15.304,0.93075,0.93115,10.00,1.60
2010.09.09 05:45:15.377,0.93075,0.93115,10.80,1.60
2010.09.09 05:45:15.445,0.93085,0.9312,1.60,12.40
2010.09.09 05:45:15.786,0.93085,0.9312,6.00,1.60
2010.09.09 05:45:16.645,0.93085,0.93125,10.00,1.60
2010.09.09 05:45:16.914,0.93085,0.93125,10.00,1.60
2010.09.09 05:45:17.713,0.93085,0.93125,10.10,1.60
2010.09.09 05:45:17.983,0.9309,0.93125,1.00,1.60
2010.09.09 05:45:18.163,0.93085,0.93125,10.00,1.60
2010.09.09 05:45:18.564,0.9309,0.93125,1.00,1.60
2010.09.09 05:45:20.053,0.9309,0.93125,1.00,1.60
2010.09.09 05:45:22.019,0.93085,0.9312,10.00,2.40
2010.09.09 05:45:22.066,0.93085,0.9312,1.00,4.40
2010.09.09 05:45:22.214,0.9308,0.9312,10.80,4.50
2010.09.09 05:45:22.263,0.9308,0.9312,10.80,4.70
2010.09.09 05:45:22.374,0.9308,0.9312,8.40,4.60
2010.09.09 05:45:22.919,0.9308,0.9312,8.40,4.60
2010.09.09 05:45:22.965,0.9308,0.9312,10.80,4.40
2010.09.09 05:45:24.574,0.9308,0.9312,10.80,4.40
2010.09.09 05:45:24.813,0.9308,0.9312,10.90,4.50
2010.09.09 05:45:25.055,0.9308,0.9312,8.40,4.60
2010.09.09 05:45:25.294,0.9308,0.9312,1.00,12.60
2010.09.09 05:45:25.534,0.93075,0.93115,8.00,1.00
2010.09.09 05:45:25.774,0.93075,0.93115,8.00,2.00
2010.09.09 05:45:27.127,0.9308,0.9312,2.80,14.80
2010.09.09 05:45:27.274,0.9308,0.9312,10.80,6.00
2010.09.09 05:45:27.413,0.9308,0.9312,10.80,4.40
2010.09.09 05:45:27.902,0.9308,0.9312,10.80,4.40
2010.09.09 05:45:28.927,0.93085,0.9312,1.00,4.40
2010.09.09 05:45:34.447,0.9308,0.9312,10.90,4.40
2010.09.09 05:45:34.501,0.9308,0.9312,12.50,4.40
2010.09.09 05:45:34.534,0.93085,0.9312,1.00,4.40
2010.09.09 05:45:34.850,0.9308,0.9312,10.90,4.40
2010.09.09 05:45:34.921,0.9308,0.9312,12.50,4.40
2010.09.09 05:45:36.235,0.93085,0.9312,1.00,4.40
2010.09.09 05:45:40.603,0.93085,0.9312,1.00,4.60
2010.09.09 05:45:40.803,0.9308,0.9312,12.40,4.60
2010.09.09 05:45:41.026,0.9308,0.93115,4.40,1.60
2010.09.09 05:45:41.184,0.9308,0.9312,6.80,8.40
2010.09.09 05:45:41.334,0.9308,0.9312,10.80,4.40
2010.09.09 05:45:42.673,0.93085,0.9312,1.00,4.40
2010.09.09 05:45:43.343,0.93085,0.9312,1.00,4.60
2010.09.09 05:45:43.433,0.9308,0.9312,10.80,4.60
2010.09.09 05:45:43.615,0.9308,0.9312,10.80,4.70
2010.09.09 05:45:43.704,0.9308,0.9312,1.00,15.10
2010.09.09 05:45:44.299,0.93075,0.93115,9.70,2.00
2010.09.09 05:45:44.475,0.93075,0.93115,9.60,2.00
2010.09.09 05:45:44.957,0.93075,0.93115,9.60,2.00
2010.09.09 05:45:48.216,0.93075,0.93115,9.70,2.00
2010.09.09 05:45:48.299,0.9308,0.93115,1.00,2.00
2010.09.09 05:45:48.717,0.93075,0.93115,9.60,2.00
2010.09.09 05:45:49.245,0.93075,0.93115,9.70,2.00
2010.09.09 05:45:49.875,0.93075,0.93115,9.60,2.00
2010.09.09 05:45:50.803,0.93075,0.93115,9.70,2.10
2010.09.09 05:45:51.548,0.93075,0.93115,9.60,2.30
2010.09.09 05:45:51.672,0.93075,0.9311,1.00,4.00
2010.09.09 05:45:53.273,0.9307,0.9311,14.00,4.00
2010.09.09 05:45:53.423,0.93075,0.9311,1.00,4.00
2010.09.09 05:45:55.273,0.93075,0.9311,1.00,4.00
2010.09.09 05:45:56.293,0.93075,0.9311,1.00,4.00
2010.09.09 05:45:56.386,0.93075,0.9311,1.00,4.00
2010.09.09 05:45:57.905,0.93075,0.9311,1.00,4.00
2010.09.09 05:46:00.996,0.93075,0.9311,1.00,4.00
2010.09.09 05:46:01.525,0.93075,0.9311,1.00,4.00
2010.09.09 05:46:05.363,0.9307,0.9311,10.00,4.00
2010.09.09 05:46:09.349,0.93075,0.9311,1.00,4.00
2010.09.09 05:46:10.354,0.9307,0.9311,10.00,4.00
2010.09.09 05:46:10.485,0.93075,0.9311,1.00,4.00
2010.09.09 05:46:11.335,0.9307,0.9311,4.40,8.20
2010.09.09 05:46:11.675,0.9307,0.9311,1.00,12.20
2010.09.09 05:46:12.015,0.9307,0.9311,1.00,12.20
2010.09.09 05:46:14.215,0.9307,0.9311,1.00,12.30
2010.09.09 05:46:14.275,0.9307,0.9311,4.40,4.00
2010.09.09 05:46:14.972,0.93075,0.9311,1.00,4.00
2010.09.09 05:46:15.504,0.9307,0.9311,4.40,4.00
2010.09.09 05:46:16.876,0.93075,0.9311,1.00,4.00
2010.09.09 05:46:20.174,0.93075,0.93105,1.00,1.60
2010.09.09 05:46:20.425,0.9307,0.93105,4.40,1.60
2010.09.09 05:46:20.673,0.9307,0.9311,4.40,8.00
2010.09.09 05:46:21.658,0.9307,0.9311,8.40,8.00
2010.09.09 05:46:21.804,0.9307,0.9311,10.00,4.00
2010.09.09 05:46:21.954,0.93075,0.9311,1.00,4.00
2010.09.09 05:46:29.936,0.9307,0.9311,10.00,4.00
2010.09.09 05:46:30.134,0.93075,0.9311,1.00,4.00
2010.09.09 05:46:32.285,0.9307,0.93105,2.00,1.60
2010.09.09 05:46:32.526,0.93075,0.93105,1.00,1.60
2010.09.09 05:46:33.304,0.93075,0.93115,5.70,7.60
2010.09.09 05:46:34.125,0.93075,0.93115,5.60,7.60
2010.09.09 05:46:35.004,0.9308,0.93115,1.00,7.60
2010.09.09 05:46:36.304,0.9308,0.93115,1.00,7.60
2010.09.09 05:46:36.463,0.9308,0.93115,1.00,3.60
2010.09.09 05:46:36.808,0.93075,0.93115,9.70,3.70
2010.09.09 05:46:37.584,0.9308,0.93115,1.00,3.60
2010.09.09 05:46:37.923,0.9308,0.93115,1.00,3.60
2010.09.09 05:46:40.373,0.9308,0.93115,1.00,3.20
2010.09.09 05:46:40.466,0.9308,0.93115,1.00,1.60
2010.09.09 05:46:41.194,0.9308,0.93115,2.50,1.60
2010.09.09 05:46:41.414,0.9308,0.93115,2.40,1.60
2010.09.09 05:46:42.733,0.93085,0.93115,1.00,1.60
2010.09.09 05:46:43.173,0.9308,0.93115,2.50,1.60
2010.09.09 05:46:43.276,0.9308,0.93115,2.40,1.60
2010.09.09 05:46:46.376,0.93085,0.93115,1.00,1.60
2010.09.09 05:46:46.605,0.9308,0.93115,2.40,1.60
2010.09.09 05:46:46.715,0.9308,0.93115,8.00,1.60
2010.09.09 05:46:47.468,0.93085,0.93115,1.00,1.60
2010.09.09 05:46:48.284,0.93085,0.93115,1.00,1.60
2010.09.09 05:46:48.565,0.93085,0.93115,1.00,1.60
2010.09.09 05:46:49.148,0.93085,0.9312,1.00,1.60
2010.09.09 05:46:49.396,0.93085,0.9312,8.50,1.60
2010.09.09 05:46:49.826,0.9309,0.9312,1.00,1.60
2010.09.09 05:46:50.365,0.93085,0.9312,1.00,1.60
2010.09.09 05:46:51.111,0.93085,0.9312,1.00,4.00
2010.09.09 05:46:51.286,0.93085,0.9312,1.00,4.00
2010.09.09 05:46:52.335,0.93085,0.9312,1.00,4.20
2010.09.09 05:46:52.645,0.9308,0.9312,8.00,4.60
2010.09.09 05:46:53.720,0.9308,0.9312,4.00,8.60
2010.09.09 05:46:55.713,0.9308,0.9312,4.10,8.70
2010.09.09 05:46:55.935,0.9308,0.9312,4.10,8.40
2010.09.09 05:46:56.224,0.9308,0.9312,4.10,4.40
2010.09.09 05:46:57.473,0.9308,0.9312,6.50,2.00
2010.09.09 05:46:57.709,0.93085,0.93125,8.40,2.00
2010.09.09 05:46:57.946,0.93085,0.93125,4.40,6.00
2010.09.09 05:46:58.167,0.9308,0.93125,8.00,11.70
2010.09.09 05:46:58.384,0.93085,0.93125,8.00,3.70
2010.09.09 05:46:59.863,0.93085,0.93125,8.00,2.10
2010.09.09 05:46:59.964,0.93085,0.93125,8.00,3.70
2010.09.09 05:47:00.107,0.93085,0.93125,8.00,3.60
2010.09.09 05:47:00.635,0.93085,0.93125,8.00,3.70
2010.09.09 05:47:00.785,0.93085,0.9312,4.00,2.40
2010.09.09 05:47:00.935,0.9308,0.9312,4.00,10.40
2010.09.09 05:47:01.084,0.93075,0.9312,8.40,12.00
2010.09.09 05:47:01.865,0.93075,0.9312,8.10,14.10
2010.09.09 05:47:02.800,0.93075,0.9311,4.10,4.00
2010.09.09 05:47:02.904,0.93075,0.9311,1.00,8.00
2010.09.09 05:47:03.834,0.93085,0.9311,1.60,8.00
2010.09.09 05:47:03.969,0.9308,0.93115,1.00,8.00
2010.09.09 05:47:04.096,0.9308,0.9311,1.00,4.00
2010.09.09 05:47:04.225,0.93075,0.93105,1.70,1.00
2010.09.09 05:47:04.536,0.9307,0.93105,4.10,1.00
2010.09.09 05:47:04.845,0.93075,0.93105,1.00,1.00
2010.09.09 05:47:05.705,0.9308,0.93105,1.00,1.00
2010.09.09 05:47:06.385,0.93075,0.93105,1.00,1.00
2010.09.09 05:47:06.655,0.93075,0.93105,1.00,8.40
2010.09.09 05:47:07.396,0.9307,0.93105,1.60,8.40
2010.09.09 05:47:07.543,0.93075,0.93105,1.00,8.40
2010.09.09 05:47:08.977,0.9307,0.93105,1.00,8.40
2010.09.09 05:47:09.172,0.93075,0.93105,8.00,1.00
2010.09.09 05:47:09.634,0.9308,0.93105,1.60,1.00
2010.09.09 05:47:09.734,0.9308,0.93105,1.60,1.00
2010.09.09 05:47:09.846,0.9308,0.93105,5.60,1.00
2010.09.09 05:47:09.954,0.9308,0.93105,9.60,1.00
2010.09.09 05:47:11.107,0.9308,0.93105,9.60,1.00
2010.09.09 05:47:11.387,0.9308,0.9311,1.60,1.00
2010.09.09 05:47:11.666,0.9308,0.9311,1.60,1.00
2010.09.09 05:47:11.936,0.9308,0.9312,10.00,2.80
2010.09.09 05:47:12.726,0.93085,0.9312,1.00,2.00
2010.09.09 05:47:12.834,0.9308,0.9312,10.00,2.00
2010.09.09 05:47:13.703,0.9308,0.9312,10.00,1.60
2010.09.09 05:47:14.293,0.9308,0.9312,10.00,4.00
2010.09.09 05:47:14.552,0.9308,0.9312,10.00,1.60
2010.09.09 05:47:14.806,0.9308,0.9312,10.00,4.00
2010.09.09 05:47:15.087,0.9308,0.9312,6.00,4.00
2010.09.09 05:47:15.895,0.9308,0.9312,6.00,1.60
2010.09.09 05:47:16.165,0.9308,0.9312,10.00,1.60
2010.09.09 05:47:16.375,0.9308,0.9312,10.10,4.00
2010.09.09 05:47:17.814,0.9308,0.9312,10.00,4.00
2010.09.09 05:47:18.024,0.9308,0.9312,10.10,4.10
2010.09.09 05:47:18.624,0.9308,0.9312,10.00,4.10
2010.09.09 05:47:19.103,0.9308,0.9312,10.00,4.00
2010.09.09 05:47:20.351,0.9308,0.9312,10.00,4.00
2010.09.09 05:47:21.791,0.9308,0.9312,10.00,4.10
2010.09.09 05:47:22.874,0.9308,0.9312,10.00,4.00
2010.09.09 05:47:23.654,0.9308,0.9312,10.10,4.10
2010.09.09 05:47:23.924,0.9308,0.9312,10.00,4.10
2010.09.09 05:47:26.724,0.9308,0.9312,10.00,4.00
2010.09.09 05:47:27.576,0.9309,0.9312,1.60,2.50
2010.09.09 05:47:27.794,0.9309,0.9312,1.60,2.40
2010.09.09 05:47:28.006,0.9309,0.9312,1.60,2.40
2010.09.09 05:47:28.125,0.9309,0.93125,1.60,11.70
2010.09.09 05:47:29.540,0.9309,0.9312,1.60,1.00
2010.09.09 05:47:29.884,0.9309,0.93125,1.60,11.60
2010.09.09 05:47:30.054,0.9309,0.93125,1.60,11.70
2010.09.09 05:47:32.022,0.9309,0.93125,1.60,7.70
2010.09.09 05:47:32.134,0.9309,0.93125,1.60,3.70
2010.09.09 05:47:32.357,0.9309,0.93125,5.60,3.70
2010.09.09 05:47:34.378,0.9309,0.93125,5.60,3.60
2010.09.09 05:47:34.595,0.93095,0.93125,4.00,1.60
2010.09.09 05:47:34.674,0.93095,0.9313,8.00,1.60
2010.09.09 05:47:34.756,0.93095,0.93125,8.00,1.60
2010.09.09 05:47:34.844,0.93095,0.93125,8.00,2.00
2010.09.09 05:47:34.925,0.93095,0.93125,4.00,2.00
2010.09.09 05:47:35.015,0.93095,0.93125,4.00,1.60
2010.09.09 05:47:35.758,0.9309,0.93125,1.60,8.00
2010.09.09 05:47:36.055,0.9309,0.93125,1.70,5.60
2010.09.09 05:47:36.355,0.93095,0.9313,1.60,8.40
2010.09.09 05:47:37.096,0.93095,0.9313,1.60,4.40
2010.09.09 05:47:37.395,0.9309,0.9313,5.60,4.40
2010.09.09 05:47:37.634,0.9309,0.9313,5.60,4.40
2010.09.09 05:47:37.876,0.9309,0.9313,8.00,2.00
2010.09.09 05:47:38.126,0.93095,0.93135,6.00,8.00
2010.09.09 05:47:38.284,0.93095,0.93135,7.60,1.60
2010.09.09 05:47:38.445,0.93095,0.93135,11.60,1.60
2010.09.09 05:47:39.286,0.93095,0.93135,7.60,5.60
2010.09.09 05:47:40.025,0.93095,0.93135,7.60,5.60
2010.09.09 05:47:41.312,0.93095,0.93135,7.70,5.60
2010.09.09 05:47:41.430,0.931,0.93135,1.00,5.60
2010.09.09 05:47:42.114,0.93095,0.93135,7.20,6.20
2010.09.09 05:47:42.156,0.93095,0.93135,4.50,8.20
2010.09.09 05:47:42.186,0.93095,0.93135,1.00,8.20
2010.09.09 05:47:42.228,0.93095,0.93135,1.00,8.20
2010.09.09 05:47:42.286,0.93095,0.93135,1.00,8.00
2010.09.09 05:47:42.991,0.931,0.93135,4.40,8.00
2010.09.09 05:47:43.330,0.931,0.9314,1.00,12.00
2010.09.09 05:47:43.485,0.931,0.9314,1.00,9.60
2010.09.09 05:47:43.795,0.931,0.9314,1.00,9.80
2010.09.09 05:47:43.945,0.931,0.9314,4.00,8.20
2010.09.09 05:47:44.094,0.931,0.9314,4.00,4.20
2010.09.09 05:47:44.245,0.931,0.9314,1.00,12.20
2010.09.09 05:47:45.289,0.931,0.9314,1.60,12.20
2010.09.09 05:47:45.550,0.931,0.9314,1.60,12.20
2010.09.09 05:47:45.805,0.93095,0.93135,10.00,1.60
2010.09.09 05:47:45.936,0.93095,0.93135,2.00,8.00
2010.09.09 05:47:46.215,0.93095,0.9314,10.00,12.20
2010.09.09 05:47:48.016,0.931,0.9314,1.00,12.20
2010.09.09 05:47:48.267,0.931,0.9314,1.00,12.20
2010.09.09 05:47:49.785,0.93095,0.9314,10.00,12.20
2010.09.09 05:47:51.039,0.93095,0.9314,10.80,12.20
2010.09.09 05:47:51.236,0.93105,0.9314,1.60,9.60
2010.09.09 05:47:51.624,0.93105,0.9314,1.60,1.60
2010.09.09 05:47:51.815,0.93105,0.9314,1.60,4.00
2010.09.09 05:47:52.004,0.931,0.9314,8.10,4.00
2010.09.09 05:47:52.195,0.931,0.9314,1.00,12.00
2010.09.09 05:47:52.535,0.931,0.9314,1.00,12.10
2010.09.09 05:47:52.695,0.931,0.9314,1.00,12.50
2010.09.09 05:47:53.384,0.93095,0.9314,10.00,12.40
2010.09.09 05:47:53.645,0.931,0.9314,1.00,12.40
2010.09.09 05:47:53.790,0.931,0.9314,1.00,12.40
2010.09.09 05:47:54.297,0.93095,0.9314,10.00,8.60
2010.09.09 05:47:54.823,0.931,0.9314,4.00,8.60
2010.09.09 05:47:55.127,0.931,0.93135,4.00,1.60
2010.09.09 05:47:55.675,0.931,0.93135,4.00,2.00
2010.09.09 05:48:00.726,0.931,0.9313,4.00,4.20
2010.09.09 05:48:01.438,0.93085,0.93125,3.60,8.00
2010.09.09 05:48:09.715,0.93085,0.93125,3.20,8.00
2010.09.09 05:48:12.925,0.93085,0.93125,3.20,8.00
2010.09.09 05:48:13.176,0.93085,0.93125,3.20,9.60
2010.09.09 05:48:14.095,0.93085,0.93125,11.20,1.60
2010.09.09 05:48:14.415,0.93085,0.93125,11.30,1.60
2010.09.09 05:48:14.736,0.93085,0.93125,11.30,1.70
2010.09.09 05:48:16.135,0.93085,0.93125,11.30,1.60
2010.09.09 05:48:16.794,0.93085,0.9312,3.30,8.00
2010.09.09 05:48:17.396,0.93085,0.9312,3.20,8.00
2010.09.09 05:48:18.127,0.93085,0.9312,3.30,8.00
2010.09.09 05:48:18.645,0.93085,0.93125,7.30,5.60
2010.09.09 05:48:18.984,0.93085,0.93125,5.70,5.60
2010.09.09 05:48:19.155,0.93085,0.93125,1.70,9.60
2010.09.09 05:48:19.955,0.93085,0.93125,1.60,9.60
2010.09.09 05:48:20.848,0.93085,0.93125,1.60,9.60
2010.09.09 05:48:20.975,0.93085,0.93125,2.70,9.60
2010.09.09 05:48:21.095,0.93095,0.93125,1.60,8.00
2010.09.09 05:48:21.335,0.93095,0.9313,1.60,1.60
2010.09.09 05:48:21.555,0.9309,0.93125,4.50,1.60
2010.09.09 05:48:22.108,0.9309,0.93125,4.10,1.60
2010.09.09 05:48:22.227,0.9309,0.93125,1.00,5.60
2010.09.09 05:48:22.902,0.93085,0.93125,6.10,5.60
2010.09.09 05:48:23.466,0.93085,0.93125,6.00,5.60
2010.09.09 05:48:28.385,0.9309,0.93125,1.00,5.60
2010.09.09 05:48:28.487,0.9309,0.93125,2.40,5.60
2010.09.09 05:48:28.516,0.9309,0.93125,2.80,5.60
2010.09.09 05:48:28.645,0.93095,0.93125,1.60,4.00
2010.09.09 05:48:28.737,0.93095,0.9313,1.60,1.60
2010.09.09 05:48:29.875,0.9309,0.93125,4.00,1.60
2010.09.09 05:48:30.125,0.9309,0.93125,1.00,1.60
2010.09.09 05:48:30.375,0.93085,0.93125,10.00,1.60
2010.09.09 05:48:30.875,0.93085,0.93125,2.00,9.60
2010.09.09 05:48:32.507,0.93085,0.93125,2.00,9.60
2010.09.09 05:48:32.557,0.93085,0.93125,2.10,9.60
2010.09.09 05:48:32.655,0.9309,0.93125,1.00,9.60
2010.09.09 05:48:33.286,0.93085,0.93125,2.00,9.60
2010.09.09 05:48:35.475,0.93085,0.93125,2.00,9.60
2010.09.09 05:48:39.706,0.93085,0.93125,2.00,9.60
2010.09.09 05:48:40.764,0.93085,0.93125,2.80,9.60
2010.09.09 05:48:40.884,0.93085,0.93125,4.40,9.60
2010.09.09 05:48:41.124,0.93085,0.93125,8.40,9.60
2010.09.09 05:48:41.244,0.93085,0.93125,8.40,5.60
2010.09.09 05:48:42.445,0.93085,0.93125,7.60,5.60
2010.09.09 05:48:42.566,0.93085,0.93125,2.00,9.60
2010.09.09 05:48:44.975,0.93085,0.93125,2.00,9.70
2010.09.09 05:48:48.955,0.93085,0.93125,2.00,9.60
2010.09.09 05:48:49.175,0.93085,0.93125,2.00,5.60
2010.09.09 05:48:49.225,0.93085,0.93125,6.00,5.60
2010.09.09 05:48:49.709,0.9309,0.93125,1.00,5.60
2010.09.09 05:48:51.345,0.93085,0.93125,6.00,5.60
2010.09.09 05:48:56.195,0.9309,0.93125,1.00,5.60
2010.09.09 05:48:56.357,0.9309,0.93125,1.00,5.60
2010.09.09 05:48:56.486,0.93095,0.93125,1.00,5.60
2010.09.09 05:48:57.146,0.9309,0.9312,1.00,1.60
2010.09.09 05:48:58.146,0.93085,0.9312,2.10,1.60
2010.09.09 05:48:59.206,0.93085,0.9312,2.00,1.60
2010.09.09 05:49:00.005,0.9309,0.9312,1.00,1.60
2010.09.09 05:49:00.685,0.93085,0.9312,2.10,1.60
2010.09.09 05:49:01.272,0.93085,0.9312,1.00,5.60
2010.09.09 05:49:01.399,0.9308,0.9312,2.40,10.00
2010.09.09 05:49:01.596,0.93085,0.9312,1.00,10.00
2010.09.09 05:49:01.795,0.9308,0.9312,2.50,10.00
2010.09.09 05:49:01.996,0.93085,0.9312,1.00,10.00
2010.09.09 05:49:05.153,0.93085,0.9312,1.00,9.60
2010.09.09 05:49:07.295,0.93085,0.9312,1.00,9.60
2010.09.09 05:49:07.545,0.93085,0.9312,1.60,9.60
2010.09.09 05:49:07.755,0.93085,0.9312,1.60,5.60
2010.09.09 05:49:07.835,0.93085,0.9312,1.60,1.60
2010.09.09 05:49:08.643,0.93085,0.9312,2.00,1.60
2010.09.09 05:49:08.829,0.9309,0.93125,2.40,1.60
2010.09.09 05:49:08.996,0.9309,0.93125,2.40,1.60
2010.09.09 05:49:09.167,0.9309,0.93125,2.40,9.60
2010.09.09 05:49:09.868,0.9309,0.93125,1.00,1.60
2010.09.09 05:49:11.075,0.9309,0.93125,1.00,1.60
2010.09.09 05:49:11.296,0.9309,0.93125,1.00,1.60
2010.09.09 05:49:11.515,0.93085,0.9312,12.10,1.60
2010.09.09 05:49:12.065,0.93085,0.9312,3.30,1.60
2010.09.09 05:49:12.166,0.93085,0.9312,1.60,1.60
2010.09.09 05:49:13.806,0.93085,0.9312,1.70,1.60
2010.09.09 05:49:13.995,0.93085,0.93125,1.70,5.60
2010.09.09 05:49:14.085,0.93085,0.93125,5.70,5.60
2010.09.09 05:49:14.666,0.93085,0.93125,9.70,5.60
2010.09.09 05:49:14.766,0.93085,0.93125,5.70,5.60
2010.09.09 05:49:14.865,0.9309,0.93125,1.00,5.60
2010.09.09 05:49:15.225,0.93085,0.93125,5.70,5.60
2010.09.09 05:49:15.345,0.93085,0.93125,6.10,6.00
2010.09.09 05:49:16.292,0.9309,0.93125,1.00,6.00
2010.09.09 05:49:16.640,0.93085,0.93125,6.00,6.00
2010.09.09 05:49:18.185,0.9309,0.93125,1.00,6.00
2010.09.09 05:49:18.905,0.9309,0.93125,1.00,2.00
2010.09.09 05:49:19.306,0.9309,0.93125,8.10,2.00
2010.09.09 05:49:19.902,0.9309,0.93125,8.50,1.60
2010.09.09 05:49:20.128,0.93095,0.93125,1.00,1.60
2010.09.09 05:49:20.377,0.93095,0.93125,4.00,1.60
2010.09.09 05:49:20.625,0.93095,0.93125,4.10,1.60
2010.09.09 05:49:21.456,0.93095,0.93125,4.00,1.60
2010.09.09 05:49:22.036,0.93095,0.93125,4.00,1.60
2010.09.09 05:49:23.022,0.93095,0.93125,4.00,1.60
2010.09.09 05:49:23.325,0.93095,0.93125,4.00,1.60
2010.09.09 05:49:24.815,0.93095,0.9312,4.00,1.60
2010.09.09 05:49:24.915,0.9309,0.9312,4.40,1.60
2010.09.09 05:49:25.074,0.9309,0.9312,1.00,1.60
2010.09.09 05:49:25.454,0.93085,0.9312,2.10,1.60
2010.09.09 05:49:26.487,0.93095,0.9313,5.60,1.60
2010.09.09 05:49:27.066,0.93095,0.9313,5.60,1.60
2010.09.09 05:49:33.979,0.931,0.9313,1.00,1.60
2010.09.09 05:49:34.097,0.93095,0.9313,5.60,1.60
2010.09.09 05:49:34.787,0.93095,0.9313,1.60,5.60
2010.09.09 05:49:34.817,0.93095,0.9313,1.60,6.00
2010.09.09 05:49:34.846,0.93095,0.9313,1.60,8.40
2010.09.09 05:49:34.875,0.93095,0.93125,1.00,1.60
2010.09.09 05:49:35.386,0.9309,0.93125,4.10,1.60
2010.09.09 05:49:39.767,0.93095,0.93125,1.00,1.60
2010.09.09 05:49:40.598,0.9309,0.93125,1.00,1.60
2010.09.09 05:49:40.731,0.93085,0.93125,10.10,1.60
2010.09.09 05:49:42.047,0.9309,0.93125,1.00,1.60
2010.09.09 05:49:55.226,0.9309,0.93125,1.00,1.60
2010.09.09 05:49:55.765,0.9309,0.93125,1.00,1.80
2010.09.09 05:49:55.946,0.93085,0.9312,1.70,4.40
2010.09.09 05:49:56.126,0.9308,0.9312,1.00,12.40
2010.09.09 05:49:57.707,0.9308,0.9312,1.00,12.40
2010.09.09 05:49:57.788,0.9308,0.9312,1.00,12.50
2010.09.09 05:49:58.269,0.93085,0.9312,1.00,12.40
2010.09.09 05:50:00.650,0.9308,0.9312,1.00,12.40
2010.09.09 05:50:00.805,0.9308,0.9312,1.00,12.40
2010.09.09 05:50:00.965,0.9308,0.9312,1.00,8.40
2010.09.09 05:50:01.709,0.9308,0.9312,8.40,1.00
2010.09.09 05:50:02.155,0.93085,0.9312,1.00,1.00
2010.09.09 05:50:04.125,0.93085,0.93125,1.00,11.20
2010.09.09 05:50:04.425,0.93085,0.93125,1.00,9.60
2010.09.09 05:50:08.505,0.93085,0.93125,4.40,5.60
2010.09.09 05:50:08.554,0.93085,0.93125,8.40,1.60
2010.09.09 05:50:11.087,0.9309,0.93125,1.00,1.60
2010.09.09 05:50:17.427,0.93085,0.93125,8.40,1.60
2010.09.09 05:50:17.561,0.93085,0.93125,4.40,5.60
2010.09.09 05:50:17.645,0.93085,0.93125,1.00,9.60
2010.09.09 05:50:18.197,0.93085,0.93125,1.00,9.70
2010.09.09 05:50:18.445,0.93085,0.93125,1.00,9.60
2010.09.09 05:50:24.069,0.93085,0.93125,1.00,9.70
2010.09.09 05:50:24.096,0.93085,0.93125,1.00,9.90
2010.09.09 05:50:24.185,0.93085,0.93125,1.00,11.50
2010.09.09 05:50:24.727,0.9308,0.9312,1.00,12.40
2010.09.09 05:50:25.943,0.9308,0.9312,1.00,12.40
2010.09.09 05:50:26.977,0.93085,0.9312,1.00,12.40
2010.09.09 05:50:28.277,0.9308,0.9312,1.00,12.50
2010.09.09 05:50:28.418,0.93085,0.9312,1.00,12.40
2010.09.09 05:50:31.939,0.9308,0.9312,1.00,12.40
2010.09.09 05:50:33.909,0.9308,0.9312,1.00,12.40
2010.09.09 05:50:34.605,0.9308,0.9312,1.00,12.50
2010.09.09 05:50:34.736,0.93095,0.9312,1.60,8.40
2010.09.09 05:50:34.865,0.93095,0.9312,1.60,4.40
2010.09.09 05:50:34.995,0.93095,0.9312,1.60,4.00
2010.09.09 05:50:35.155,0.93095,0.93125,1.60,10.00
2010.09.09 05:50:36.277,0.93095,0.93125,1.60,10.10
2010.09.09 05:50:36.696,0.93095,0.93125,1.60,9.60
2010.09.09 05:50:36.906,0.93095,0.93125,1.60,5.60
2010.09.09 05:50:37.115,0.93095,0.9313,1.60,1.60
2010.09.09 05:50:37.325,0.93095,0.9313,1.60,1.60
2010.09.09 05:50:38.168,0.93095,0.9313,1.60,4.00
2010.09.09 05:50:38.326,0.93095,0.9313,1.60,12.00
2010.09.09 05:50:38.886,0.93095,0.9313,1.60,12.00
2010.09.09 05:50:40.275,0.93095,0.93125,1.60,1.00
2010.09.09 05:50:44.657,0.93095,0.93125,1.70,1.00
2010.09.09 05:50:44.876,0.93095,0.9313,1.70,11.20
2010.09.09 05:50:44.925,0.93095,0.9313,1.70,9.60
2010.09.09 05:50:45.146,0.93095,0.9313,1.70,5.60
2010.09.09 05:50:45.698,0.93095,0.9313,1.70,1.60
2010.09.09 05:50:46.075,0.93095,0.9313,1.60,1.60
2010.09.09 05:50:46.738,0.93095,0.9313,1.60,1.60
2010.09.09 05:51:01.915,0.93095,0.9313,1.60,2.60
2010.09.09 05:51:02.085,0.93095,0.9313,1.60,1.60
2010.09.09 05:51:10.547,0.93095,0.9313,1.70,1.60
2010.09.09 05:51:11.196,0.93105,0.93135,1.60,8.40
2010.09.09 05:51:11.366,0.93105,0.93135,1.60,4.00
2010.09.09 05:51:11.911,0.93105,0.93135,1.70,4.00
2010.09.09 05:51:12.226,0.93105,0.9314,9.70,1.00
2010.09.09 05:51:12.538,0.93105,0.93145,10.10,1.00
2010.09.09 05:51:12.997,0.93105,0.93145,10.00,1.00
2010.09.09 05:51:13.475,0.9311,0.93145,1.00,1.00
2010.09.09 05:51:15.663,0.9311,0.93145,1.00,1.80
2010.09.09 05:51:15.774,0.9311,0.93145,1.00,1.00
2010.09.09 05:51:16.197,0.9311,0.9315,1.00,14.20
2010.09.09 05:51:16.337,0.93105,0.93145,10.10,1.00
2010.09.09 05:51:16.557,0.93105,0.93145,10.00,1.00
2010.09.09 05:51:17.215,0.931,0.9314,2.40,6.00
2010.09.09 05:51:17.355,0.931,0.9314,2.40,10.00
2010.09.09 05:51:17.496,0.93105,0.9314,1.00,10.00
2010.09.09 05:51:18.036,0.93105,0.9314,1.00,11.60
2010.09.09 05:51:18.177,0.931,0.9314,2.50,11.80
2010.09.09 05:51:18.518,0.93105,0.9314,1.00,11.80
2010.09.09 05:51:20.348,0.931,0.9314,2.50,11.80
2010.09.09 05:51:23.486,0.931,0.9314,6.50,7.80
2010.09.09 05:51:23.536,0.931,0.9314,6.50,3.80
2010.09.09 05:51:23.787,0.931,0.9314,6.50,3.60
2010.09.09 05:51:23.835,0.93105,0.9314,1.00,3.60
2010.09.09 05:51:24.011,0.93105,0.9314,1.60,3.60
2010.09.09 05:51:24.116,0.93105,0.9314,1.60,3.60
2010.09.09 05:51:25.644,0.93105,0.9314,1.60,3.60
2010.09.09 05:51:25.772,0.93105,0.9314,1.60,2.00
2010.09.09 05:51:26.885,0.93105,0.9314,1.60,1.60
2010.09.09 05:51:27.864,0.9311,0.93135,1.00,1.00
2010.09.09 05:51:27.949,0.93105,0.93135,1.60,1.00
2010.09.09 05:51:30.366,0.93105,0.9314,1.60,14.00
2010.09.09 05:51:30.888,0.93105,0.9314,1.60,11.80
2010.09.09 05:51:31.516,0.93105,0.9314,1.60,10.20
2010.09.09 05:51:31.767,0.93105,0.9314,1.60,10.00
2010.09.09 05:51:32.017,0.93105,0.9314,1.60,10.00
2010.09.09 05:51:32.236,0.93105,0.9314,1.60,6.00
2010.09.09 05:51:33.617,0.93105,0.9314,1.60,14.00
2010.09.09 05:51:33.886,0.93105,0.9314,1.60,6.00
2010.09.09 05:51:34.156,0.93105,0.9314,9.60,2.00
2010.09.09 05:51:34.606,0.93105,0.9314,9.60,1.60
2010.09.09 05:51:34.755,0.93105,0.93145,9.60,1.00
2010.09.09 05:51:35.472,0.93105,0.93145,9.70,1.00
2010.09.09 05:51:36.126,0.93105,0.93145,5.70,4.40
2010.09.09 05:51:36.387,0.93105,0.93145,5.60,4.50
2010.09.09 05:51:37.195,0.93105,0.9314,5.60,1.60
2010.09.09 05:51:37.510,0.93105,0.93135,1.60,5.60
2010.09.09 05:51:38.321,0.93105,0.9314,1.60,12.40
2010.09.09 05:51:38.487,0.93105,0.93135,1.60,4.00
2010.09.09 05:51:39.728,0.93105,0.9313,1.60,8.00
2010.09.09 05:51:40.186,0.93105,0.93135,1.60,8.00
2010.09.09 05:51:40.936,0.93105,0.93135,1.60,8.00
2010.09.09 05:51:41.275,0.93095,0.93135,2.00,8.00
2010.09.09 05:51:43.245,0.93095,0.93135,2.00,8.00
2010.09.09 05:51:46.176,0.93095,0.93135,2.00,8.00
2010.09.09 05:51:46.425,0.93095,0.93135,1.60,11.60
2010.09.09 05:51:46.665,0.93095,0.9313,1.60,8.00
2010.09.09 05:51:48.005,0.93095,0.9313,1.60,8.00
2010.09.09 05:51:48.637,0.93095,0.9313,2.00,8.00
2010.09.09 05:51:48.905,0.93095,0.9313,2.00,8.00
2010.09.09 05:51:48.995,0.93095,0.93135,2.00,8.00
2010.09.09 05:51:49.827,0.93095,0.93135,2.00,8.00
2010.09.09 05:51:51.325,0.93095,0.93135,2.00,8.00
2010.09.09 05:51:51.791,0.93095,0.93135,2.10,8.10
2010.09.09 05:51:51.937,0.93095,0.93135,2.10,8.00
2010.09.09 05:51:52.857,0.931,0.9314,2.40,11.60
2010.09.09 05:51:53.057,0.93095,0.93135,10.00,1.60
2010.09.09 05:51:53.256,0.93095,0.93135,9.70,3.60
2010.09.09 05:51:53.457,0.93095,0.93135,1.70,11.60
2010.09.09 05:51:54.167,0.93095,0.9313,1.60,12.00
2010.09.09 05:51:54.446,0.93095,0.93125,1.60,1.00
2010.09.09 05:51:54.716,0.93095,0.93125,1.60,10.00
2010.09.09 05:51:55.538,0.93095,0.9312,1.60,8.40
2010.09.09 05:51:57.657,0.93095,0.9312,1.60,8.40
2010.09.09 05:52:00.126,0.93085,0.9312,1.60,10.00
2010.09.09 05:52:00.677,0.93085,0.9312,1.60,12.50
2010.09.09 05:52:01.185,0.9308,0.9312,1.00,12.50
2010.09.09 05:52:01.883,0.93085,0.93115,1.60,10.20
2010.09.09 05:52:02.166,0.93075,0.93115,1.60,11.80
2010.09.09 05:52:02.445,0.9308,0.93115,1.60,11.90
2010.09.09 05:52:02.726,0.9308,0.9311,1.60,8.00
2010.09.09 05:52:03.016,0.9308,0.9311,1.60,8.10
2010.09.09 05:52:03.317,0.9308,0.9311,1.60,8.00
2010.09.09 05:52:03.468,0.93075,0.9311,1.60,8.00
2010.09.09 05:52:04.276,0.93075,0.9311,1.60,8.00
2010.09.09 05:52:05.304,0.93075,0.9311,1.80,8.00
2010.09.09 05:52:05.520,0.93085,0.9312,1.60,9.70
2010.09.09 05:52:06.155,0.93085,0.9312,1.60,8.10
2010.09.09 05:52:06.365,0.93085,0.9312,1.60,8.00
2010.09.09 05:52:07.945,0.93085,0.9312,1.60,9.60
2010.09.09 05:52:08.095,0.93085,0.9312,1.60,8.00
2010.09.09 05:52:08.245,0.93085,0.9312,1.60,10.40
2010.09.09 05:52:08.395,0.93085,0.9312,1.60,10.80
2010.09.09 05:52:08.547,0.93085,0.9312,1.60,8.40
2010.09.09 05:52:09.260,0.93085,0.9312,1.60,1.00
2010.09.09 05:52:09.836,0.93085,0.9312,1.90,1.00
2010.09.09 05:52:10.026,0.93085,0.9312,1.80,1.00
2010.09.09 05:52:10.630,0.93085,0.9312,5.80,1.00
2010.09.09 05:52:10.803,0.93095,0.93125,1.60,4.00
2010.09.09 05:52:10.980,0.93095,0.9313,1.60,7.60
2010.09.09 05:52:11.868,0.931,0.9313,1.60,1.00
2010.09.09 05:52:12.207,0.931,0.93135,1.60,8.40
2010.09.09 05:52:12.968,0.931,0.93135,4.00,8.00
2010.09.09 05:52:13.280,0.93105,0.9314,1.60,6.00
2010.09.09 05:52:13.587,0.93105,0.9314,1.60,6.00
2010.09.09 05:52:14.355,0.93105,0.9314,1.60,6.00
2010.09.09 05:52:14.528,0.93105,0.9314,1.60,6.00
2010.09.09 05:52:15.211,0.931,0.9314,5.60,8.40
2010.09.09 05:52:15.386,0.931,0.93135,5.60,1.00
2010.09.09 05:52:15.565,0.931,0.93135,1.60,4.20
2010.09.09 05:52:16.225,0.93095,0.93135,7.60,4.20
2010.09.09 05:52:16.405,0.931,0.93135,1.60,4.20
2010.09.09 05:52:17.074,0.931,0.93135,1.60,4.20
2010.09.09 05:52:17.337,0.931,0.93135,1.60,4.60
2010.09.09 05:52:24.418,0.931,0.93135,1.60,4.60
2010.09.09 05:52:24.987,0.931,0.93135,1.60,4.60
2010.09.09 05:52:26.474,0.931,0.93135,1.60,6.20
2010.09.09 05:52:29.430,0.931,0.93135,1.60,6.00
2010.09.09 05:52:29.516,0.93105,0.9314,1.60,6.20
2010.09.09 05:52:30.005,0.93105,0.9314,1.60,6.20
2010.09.09 05:52:31.267,0.93105,0.9314,1.60,6.00
2010.09.09 05:52:31.417,0.93115,0.9314,1.60,4.40
2010.09.09 05:52:32.010,0.93115,0.9314,1.60,4.00
2010.09.09 05:52:32.108,0.93115,0.93145,1.60,8.70
2010.09.09 05:52:33.559,0.93115,0.93145,1.60,8.60
2010.09.09 05:52:34.134,0.93115,0.93135,1.60,1.00
2010.09.09 05:52:34.287,0.9311,0.93135,1.60,8.20
2010.09.09 05:52:34.447,0.93105,0.93135,1.60,8.20
2010.09.09 05:52:34.766,0.93105,0.93135,1.60,4.20
2010.09.09 05:52:36.606,0.93105,0.93135,1.60,4.30
2010.09.09 05:52:36.825,0.93105,0.93135,1.60,8.30
2010.09.09 05:52:39.059,0.93105,0.93135,1.60,8.10
2010.09.09 05:52:39.255,0.93105,0.93135,1.60,4.10
2010.09.09 05:52:40.538,0.93105,0.93135,1.60,1.00
2010.09.09 05:52:41.017,0.93105,0.93135,1.60,1.00
2010.09.09 05:52:43.623,0.93105,0.9314,1.60,12.70
2010.09.09 05:52:44.647,0.9311,0.9314,1.60,8.40
2010.09.09 05:52:45.646,0.9311,0.9314,1.60,1.00
2010.09.09 05:52:45.966,0.9311,0.9314,1.60,4.50
2010.09.09 05:52:51.367,0.9311,0.93135,1.60,1.00
2010.09.09 05:52:51.495,0.93105,0.93135,1.60,1.00
2010.09.09 05:52:51.616,0.93105,0.9314,1.60,4.40
2010.09.09 05:52:51.866,0.931,0.9314,6.40,4.40
2010.09.09 05:52:52.411,0.931,0.9314,6.40,8.40
2010.09.09 05:52:52.548,0.93095,0.93135,7.60,4.00
2010.09.09 05:52:53.555,0.93095,0.9313,7.60,1.00
2010.09.09 05:52:53.738,0.93095,0.9313,7.20,1.70
2010.09.09 05:52:54.429,0.93105,0.9313,1.60,1.00
2010.09.09 05:52:54.618,0.931,0.9313,1.00,1.00
2010.09.09 05:52:54.977,0.931,0.9313,2.00,1.00
2010.09.09 05:52:55.156,0.931,0.9313,1.00,1.00
2010.09.09 05:52:55.717,0.931,0.9313,1.00,4.10
2010.09.09 05:52:55.962,0.9309,0.93125,2.80,1.00
2010.09.09 05:52:56.186,0.9309,0.93125,1.00,1.00
2010.09.09 05:52:56.626,0.9309,0.9313,1.00,8.50
2010.09.09 05:52:56.846,0.93095,0.9313,1.60,8.40
2010.09.09 05:52:57.086,0.93095,0.9313,1.60,1.00
2010.09.09 05:52:58.066,0.93095,0.9313,1.60,1.00
2010.09.09 05:52:59.329,0.93095,0.9313,1.80,1.00
2010.09.09 05:52:59.493,0.93095,0.93135,10.20,1.00
2010.09.09 05:53:01.175,0.93095,0.93135,8.60,1.00
2010.09.09 05:53:01.447,0.93095,0.93135,2.20,8.00
2010.09.09 05:53:01.726,0.93095,0.93135,10.20,1.00
2010.09.09 05:53:02.125,0.93095,0.93135,10.30,1.00
2010.09.09 05:53:03.945,0.93105,0.93135,1.60,1.00
2010.09.09 05:53:04.606,0.931,0.93135,1.60,2.60
2010.09.09 05:53:05.166,0.931,0.93125,1.60,1.00
2010.09.09 05:53:05.274,0.9309,0.9313,8.00,2.80
2010.09.09 05:53:05.379,0.93085,0.9313,11.90,10.80
2010.09.09 05:53:05.489,0.9309,0.93125,1.60,1.00
2010.09.09 05:53:05.596,0.9309,0.93125,1.60,1.00
2010.09.09 05:53:06.149,0.93085,0.93125,11.80,1.00
2010.09.09 05:53:07.096,0.93085,0.9312,11.80,1.00
2010.09.09 05:53:07.636,0.93085,0.93125,11.80,1.00
2010.09.09 05:53:08.368,0.93085,0.93125,11.80,1.00
2010.09.09 05:53:11.318,0.93085,0.93125,11.80,1.00
2010.09.09 05:53:12.169,0.93095,0.93125,1.60,1.00
2010.09.09 05:53:12.300,0.93095,0.9313,1.60,4.50
2010.09.09 05:53:12.427,0.93095,0.9313,1.60,1.00
2010.09.09 05:53:12.985,0.93095,0.9313,1.60,1.00
2010.09.09 05:53:13.257,0.93095,0.9313,1.60,1.00
2010.09.09 05:53:13.526,0.93095,0.9313,1.60,1.00
2010.09.09 05:53:13.797,0.93095,0.9313,1.60,1.00
2010.09.09 05:53:15.874,0.9309,0.9313,10.40,1.00
2010.09.09 05:53:16.037,0.9309,0.9313,8.00,2.80
2010.09.09 05:53:16.065,0.9309,0.9313,4.00,6.80
2010.09.09 05:53:16.128,0.9309,0.9313,4.00,6.90
2010.09.09 05:53:16.155,0.93085,0.9313,11.60,10.90
2010.09.09 05:53:16.250,0.93085,0.93125,11.60,1.00
2010.09.09 05:53:17.120,0.93085,0.93125,11.60,1.00
2010.09.09 05:53:17.402,0.93085,0.93125,11.60,1.00
2010.09.09 05:53:18.746,0.93085,0.93125,3.60,8.00
2010.09.09 05:53:19.046,0.93085,0.93125,7.60,4.00
2010.09.09 05:53:19.345,0.93085,0.93125,3.60,8.00
2010.09.09 05:53:20.345,0.93085,0.9312,3.60,1.00
2010.09.09 05:53:20.555,0.93085,0.93125,3.60,8.10
2010.09.09 05:53:20.976,0.93085,0.9312,11.60,1.00
2010.09.09 05:53:23.025,0.93085,0.9312,11.60,1.00
2010.09.09 05:53:23.727,0.93085,0.9312,3.60,4.00
2010.09.09 05:53:24.490,0.93085,0.9312,3.60,1.00
2010.09.09 05:53:24.965,0.93085,0.93125,3.60,8.10
2010.09.09 05:53:25.175,0.93085,0.93125,3.60,8.00
2010.09.09 05:53:25.889,0.93095,0.93125,1.60,8.00
2010.09.09 05:53:26.097,0.93085,0.93125,5.60,4.40
2010.09.09 05:53:26.235,0.93085,0.93125,9.60,1.00
2010.09.09 05:53:27.035,0.93085,0.93125,9.60,1.00
2010.09.09 05:53:28.366,0.93085,0.93125,9.60,1.00
2010.09.09 05:53:37.055,0.93085,0.93125,9.60,1.00
2010.09.09 05:53:45.565,0.9309,0.93125,1.60,1.00
2010.09.09 05:53:46.226,0.9309,0.9312,1.60,1.00
2010.09.09 05:53:47.537,0.9309,0.93125,1.60,1.00
2010.09.09 05:53:48.025,0.9309,0.93125,1.60,1.00
2010.09.09 05:53:48.525,0.93095,0.93125,1.60,1.00
2010.09.09 05:53:48.626,0.93095,0.9313,5.60,4.10
2010.09.09 05:53:49.210,0.93095,0.9313,9.60,1.00
2010.09.09 05:53:50.055,0.93095,0.9313,9.60,1.00
2010.09.09 05:53:50.355,0.93095,0.9313,1.60,1.00
2010.09.09 05:53:51.016,0.93095,0.9313,1.60,1.60
2010.09.09 05:53:51.847,0.93095,0.93125,1.60,1.00
2010.09.09 05:54:00.379,0.93095,0.9313,1.60,1.60
2010.09.09 05:54:00.417,0.93095,0.93125,1.60,1.00
2010.09.09 05:54:00.467,0.93095,0.9313,1.80,1.00
2010.09.09 05:54:00.509,0.93105,0.9313,1.60,1.00
2010.09.09 05:54:01.113,0.931,0.93125,1.00,1.00
2010.09.09 05:54:01.459,0.931,0.9313,2.00,1.00
2010.09.09 05:54:03.357,0.931,0.9313,2.00,1.00
2010.09.09 05:54:10.125,0.931,0.9313,1.60,1.00
2010.09.09 05:54:11.719,0.931,0.93125,1.60,1.00
2010.09.09 05:54:11.906,0.931,0.93125,1.60,1.00
2010.09.09 05:54:14.912,0.93095,0.93125,5.60,1.00
2010.09.09 05:54:15.124,0.931,0.93125,1.60,1.00
2010.09.09 05:54:17.296,0.9309,0.93125,7.60,1.00
2010.09.09 05:54:17.425,0.93095,0.93125,1.60,1.00
2010.09.09 05:54:18.539,0.93095,0.93125,5.60,1.00
2010.09.09 05:54:19.276,0.93095,0.93135,5.80,4.10
2010.09.09 05:54:19.406,0.93105,0.93135,3.60,4.00
2010.09.09 05:54:20.227,0.93105,0.9315,10.00,12.40
2010.09.09 05:54:21.006,0.9311,0.9315,1.00,12.40
2010.09.09 05:54:21.225,0.93105,0.9315,10.00,12.40
2010.09.09 05:54:22.137,0.9311,0.9315,1.00,12.40
2010.09.09 05:54:23.464,0.93105,0.9315,10.00,12.40
2010.09.09 05:54:23.666,0.93105,0.93145,2.00,8.00
2010.09.09 05:54:24.355,0.93105,0.93145,2.10,8.00
2010.09.09 05:54:24.928,0.93105,0.93145,1.00,8.00
2010.09.09 05:54:25.147,0.93105,0.93145,1.00,8.40
2010.09.09 05:54:28.113,0.931,0.93145,12.50,8.50
2010.09.09 05:54:29.488,0.931,0.93145,12.40,8.40
2010.09.09 05:54:29.651,0.93105,0.93145,1.00,8.40
2010.09.09 05:54:30.695,0.93105,0.93145,1.70,8.40
2010.09.09 05:54:31.585,0.93105,0.93145,1.60,8.40
2010.09.09 05:54:32.090,0.93105,0.93145,1.70,8.40
2010.09.09 05:54:32.536,0.93105,0.93145,1.60,8.40
2010.09.09 05:54:32.696,0.93105,0.93145,1.60,8.40
2010.09.09 05:54:34.055,0.93105,0.93145,9.60,1.00
2010.09.09 05:54:34.672,0.93105,0.93145,1.60,8.40
2010.09.09 05:54:35.725,0.93105,0.93145,1.70,8.40
2010.09.09 05:54:35.905,0.93105,0.93145,1.60,8.40
2010.09.09 05:54:36.946,0.93105,0.93145,9.60,1.00
2010.09.09 05:54:37.545,0.93105,0.93145,1.60,8.40
2010.09.09 05:54:38.435,0.93105,0.93145,5.60,4.40
2010.09.09 05:54:38.915,0.93105,0.93145,9.60,4.40
2010.09.09 05:54:39.609,0.93105,0.93145,5.60,4.40
2010.09.09 05:54:40.465,0.93105,0.93145,9.60,4.40
2010.09.09 05:54:40.515,0.93105,0.93145,5.60,1.00
2010.09.09 05:54:40.566,0.93105,0.93145,5.60,4.40
2010.09.09 05:54:42.665,0.93105,0.93145,9.60,1.00
2010.09.09 05:54:43.236,0.93105,0.93145,1.70,8.40
2010.09.09 05:54:43.486,0.93105,0.93145,5.70,4.40
2010.09.09 05:54:45.725,0.93105,0.93145,6.10,4.00
2010.09.09 05:54:48.916,0.9311,0.9315,4.00,6.10
2010.09.09 05:54:49.016,0.9311,0.9315,4.00,4.50
2010.09.09 05:54:49.115,0.9311,0.9315,4.00,4.40
2010.09.09 05:54:49.216,0.93105,0.93145,6.00,4.00
2010.09.09 05:54:49.415,0.93105,0.9315,10.00,8.40
2010.09.09 05:54:55.491,0.93105,0.9315,10.00,8.00
2010.09.09 05:54:56.902,0.93115,0.9315,1.60,8.00
2010.09.09 05:54:56.978,0.93105,0.9315,10.00,8.00
2010.09.09 05:54:57.946,0.93105,0.9315,10.00,8.00
2010.09.09 05:54:58.146,0.9311,0.93155,4.00,8.40
2010.09.09 05:54:58.345,0.93105,0.9315,10.00,8.00
2010.09.09 05:54:59.343,0.9311,0.9315,1.00,8.00
2010.09.09 05:54:59.396,0.9311,0.9315,1.00,8.00
2010.09.09 05:54:59.457,0.9311,0.9315,3.30,8.00
2010.09.09 05:54:59.506,0.9311,0.9315,3.50,8.00
2010.09.09 05:54:59.556,0.9312,0.9315,1.00,8.00
2010.09.09 05:54:59.606,0.9312,0.93155,1.00,4.00
2010.09.09 05:54:59.656,0.9312,0.9316,1.00,9.20
2010.09.09 05:54:59.758,0.93115,0.9315,7.20,1.00
2010.09.09 05:54:59.806,0.93115,0.9315,5.60,1.00
2010.09.09 05:55:00.318,0.93115,0.9315,1.60,1.00
2010.09.09 05:55:00.368,0.93115,0.9315,8.00,1.00
2010.09.09 05:55:00.697,0.93115,0.93155,4.00,6.40
2010.09.09 05:55:01.026,0.93115,0.93155,4.00,4.00
2010.09.09 05:55:11.088,0.93115,0.93155,4.00,8.00
2010.09.09 05:55:11.217,0.93115,0.93155,4.00,5.60
2010.09.09 05:55:11.347,0.9311,0.93155,8.40,9.60
2010.09.09 05:55:11.476,0.9311,0.9315,4.40,4.00
2010.09.09 05:55:12.158,0.9311,0.93155,4.40,8.00
2010.09.09 05:55:18.797,0.9311,0.93155,10.80,8.00
2010.09.09 05:55:20.053,0.93115,0.9316,10.00,8.00
2010.09.09 05:55:20.400,0.93125,0.93165,4.00,4.00
2010.09.09 05:55:20.739,0.93125,0.9317,8.00,10.00
2010.09.09 05:55:21.463,0.9312,0.93165,10.40,8.00
2010.09.09 05:55:21.802,0.9312,0.9316,4.00,4.00
2010.09.09 05:55:22.145,0.93115,0.9316,10.00,8.00
2010.09.09 05:55:24.988,0.93115,0.9316,10.00,8.00
2010.09.09 05:55:25.246,0.93115,0.9316,8.40,8.00
2010.09.09 05:55:25.376,0.93115,0.9316,8.40,8.00
2010.09.09 05:55:26.230,0.9312,0.9316,4.00,4.00
2010.09.09 05:55:29.586,0.93115,0.9316,8.40,8.00
2010.09.09 05:55:29.975,0.93115,0.9316,8.00,8.00
2010.09.09 05:55:30.236,0.93115,0.9316,8.10,8.00
2010.09.09 05:55:30.368,0.93115,0.9316,8.00,8.00
2010.09.09 05:55:31.139,0.93115,0.9316,8.10,8.00
2010.09.09 05:55:31.486,0.93115,0.9316,8.00,8.00
2010.09.09 05:55:31.986,0.93115,0.9316,8.00,8.00
2010.09.09 05:55:32.486,0.9312,0.9316,4.00,4.00
2010.09.09 05:55:33.023,0.9312,0.93165,4.00,10.00
2010.09.09 05:55:33.193,0.9312,0.9315,2.60,4.40
2010.09.09 05:55:33.360,0.9312,0.93155,3.00,8.00
2010.09.09 05:55:33.519,0.9312,0.93165,8.60,10.00
2010.09.09 05:55:33.797,0.9312,0.93165,7.00,10.00
2010.09.09 05:55:34.563,0.93125,0.93165,4.00,6.00
2010.09.09 05:55:34.688,0.9312,0.9316,4.60,4.00
2010.09.09 05:55:37.018,0.9312,0.9316,4.20,4.00
2010.09.09 05:55:44.606,0.9312,0.9316,4.00,4.00
2010.09.09 05:55:44.746,0.93115,0.9316,8.00,8.00
2010.09.09 05:55:47.277,0.93115,0.93155,4.00,4.00
2010.09.09 05:55:47.548,0.93115,0.9316,8.00,8.40
2010.09.09 05:55:47.707,0.93115,0.93155,4.00,4.00
2010.09.09 05:55:47.866,0.9311,0.93155,11.00,8.00
2010.09.09 05:55:48.016,0.93115,0.9316,8.00,8.40
2010.09.09 05:55:48.316,0.9311,0.93155,11.00,8.00
2010.09.09 05:55:48.939,0.93115,0.93155,4.00,4.00
2010.09.09 05:55:49.110,0.93115,0.9316,8.20,8.40
2010.09.09 05:55:53.486,0.93115,0.9316,8.30,8.40
2010.09.09 05:55:55.596,0.93115,0.9316,11.90,8.00
2010.09.09 05:55:55.836,0.9312,0.9316,4.00,8.00
2010.09.09 05:55:56.719,0.93115,0.9316,10.30,8.00
2010.09.09 05:55:57.026,0.93115,0.9316,10.20,8.00
2010.09.09 05:55:58.906,0.93115,0.9316,10.20,8.00
2010.09.09 05:55:59.185,0.93115,0.9316,10.20,8.00
2010.09.09 05:56:02.065,0.93115,0.9316,10.20,8.00
2010.09.09 05:56:02.235,0.93115,0.9316,10.20,8.00
2010.09.09 05:56:02.406,0.93115,0.9316,8.60,9.60
2010.09.09 05:56:02.576,0.93115,0.9316,8.20,10.00
2010.09.09 05:56:04.708,0.93115,0.93155,4.00,4.40
2010.09.09 05:56:04.957,0.93105,0.9315,8.20,4.00
2010.09.09 05:56:05.206,0.93105,0.9315,8.20,8.00
2010.09.09 05:56:05.457,0.93105,0.9315,8.20,8.00
2010.09.09 05:56:05.706,0.93105,0.9315,8.20,8.00
2010.09.09 05:56:08.778,0.93105,0.9315,8.20,8.00
2010.09.09 05:56:10.855,0.93105,0.9315,8.30,8.00
2010.09.09 05:56:10.966,0.93105,0.9315,8.20,8.00
2010.09.09 05:56:12.098,0.93105,0.9315,8.20,8.00
2010.09.09 05:56:12.248,0.9311,0.9315,4.00,4.00
2010.09.09 05:56:12.398,0.93105,0.9315,8.30,8.00
2010.09.09 05:56:12.546,0.93105,0.9315,8.20,8.00
2010.09.09 05:56:12.696,0.93105,0.9315,8.20,8.00
2010.09.09 05:56:14.356,0.93105,0.9315,8.30,9.60
2010.09.09 05:56:15.157,0.93105,0.93145,8.20,1.60
2010.09.09 05:56:17.217,0.93105,0.9315,8.20,8.00
2010.09.09 05:56:17.518,0.93105,0.9315,8.20,10.00
2010.09.09 05:56:19.307,0.93105,0.9315,8.20,10.00
2010.09.09 05:56:21.446,0.9311,0.9315,4.00,4.00
2010.09.09 05:56:22.026,0.9311,0.93155,4.00,11.60
2010.09.09 05:56:22.366,0.9311,0.93155,8.00,10.00
2010.09.09 05:56:23.947,0.9311,0.93155,8.00,11.60
2010.09.09 05:56:24.967,0.9311,0.9315,4.00,4.00
2010.09.09 05:56:26.556,0.9311,0.9315,4.00,8.00
2010.09.09 05:56:26.666,0.93105,0.9315,8.20,8.00
2010.09.09 05:56:26.776,0.9311,0.93155,4.00,11.60
2010.09.09 05:56:26.997,0.93105,0.9315,8.20,8.00
2010.09.09 05:56:27.325,0.9311,0.9315,4.00,4.00
2010.09.09 05:56:27.735,0.9311,0.9315,4.00,8.00
2010.09.09 05:56:27.785,0.93105,0.9315,8.20,8.00
2010.09.09 05:56:28.303,0.9311,0.93155,8.00,11.60
2010.09.09 05:56:29.981,0.9311,0.93145,8.00,1.60
2010.09.09 05:56:30.205,0.93105,0.93145,8.20,1.60
2010.09.09 05:56:31.655,0.93105,0.93145,8.30,1.60
2010.09.09 05:56:31.847,0.93105,0.93145,8.20,1.60
2010.09.09 05:56:32.728,0.93105,0.93145,8.00,1.60
2010.09.09 05:56:33.076,0.931,0.9314,8.10,4.00
2010.09.09 05:56:33.756,0.93105,0.9314,1.00,4.00
2010.09.09 05:56:34.578,0.931,0.9314,8.00,4.00
2010.09.09 05:56:36.176,0.931,0.9314,4.00,4.00
2010.09.09 05:56:36.646,0.931,0.9314,4.00,8.00
2010.09.09 05:56:38.292,0.931,0.9314,6.40,4.00
2010.09.09 05:56:38.468,0.93105,0.93145,8.20,3.60
2010.09.09 05:56:41.169,0.93105,0.93145,4.20,7.60
2010.09.09 05:56:42.966,0.93105,0.93145,4.20,5.60
2010.09.09 05:56:44.018,0.93105,0.93145,8.20,1.60
2010.09.09 05:56:45.046,0.93105,0.93145,4.20,5.60
2010.09.09 05:56:45.115,0.93105,0.93145,1.00,9.60
2010.09.09 05:56:45.328,0.93105,0.93145,4.20,5.60
2010.09.09 05:56:45.406,0.93105,0.93145,8.20,1.60
2010.09.09 05:56:47.043,0.93105,0.93145,9.80,1.60
2010.09.09 05:56:47.222,0.93105,0.93145,8.20,1.60
2010.09.09 05:56:48.319,0.93105,0.93145,4.20,5.60
2010.09.09 05:56:54.253,0.93105,0.9314,4.20,1.60
2010.09.09 05:56:54.893,0.93105,0.93145,4.20,5.60
2010.09.09 05:56:54.925,0.93105,0.93145,4.20,9.60
2010.09.09 05:56:55.076,0.93105,0.93145,1.00,9.60
2010.09.09 05:56:55.226,0.93105,0.93145,4.20,9.60
2010.09.09 05:56:55.375,0.93105,0.93145,4.20,5.60
2010.09.09 05:56:58.196,0.93105,0.9314,4.20,1.60
2010.09.09 05:56:58.888,0.93105,0.93145,1.00,9.60
2010.09.09 05:57:00.371,0.93105,0.93145,4.20,9.60
2010.09.09 05:57:00.508,0.93105,0.93145,4.20,5.60
2010.09.09 05:57:02.956,0.93105,0.93145,1.00,9.60
2010.09.09 05:57:02.968,0.931,0.93145,10.50,9.60
2010.09.09 05:57:03.176,0.931,0.93145,10.50,5.60
2010.09.09 05:57:03.188,0.93105,0.93145,4.00,5.60
2010.09.09 05:57:06.887,0.931,0.9314,10.50,1.60
2010.09.09 05:57:07.156,0.93105,0.9314,4.00,1.60
2010.09.09 05:57:08.042,0.9311,0.9314,2.40,1.60
2010.09.09 05:57:08.510,0.93105,0.93145,8.00,1.60
2010.09.09 05:57:08.739,0.93105,0.9314,4.00,1.60
2010.09.09 05:57:09.187,0.93105,0.9314,4.00,4.00
2010.09.09 05:57:09.446,0.93095,0.93135,4.40,4.00
2010.09.09 05:57:12.815,0.93095,0.9314,8.40,12.00
2010.09.09 05:57:12.935,0.93095,0.9314,8.40,12.00
2010.09.09 05:57:15.292,0.93095,0.9314,8.00,12.00
2010.09.09 05:57:20.119,0.93095,0.9314,8.00,12.80
2010.09.09 05:57:20.346,0.93095,0.9313,4.00,2.40
2010.09.09 05:57:21.049,0.93085,0.9313,11.60,8.00
2010.09.09 05:57:21.171,0.93085,0.9313,10.00,12.00
2010.09.09 05:57:21.286,0.93085,0.9313,11.60,12.00
2010.09.09 05:57:21.505,0.93085,0.9313,10.00,12.00
2010.09.09 05:57:22.406,0.93085,0.9313,10.00,12.00
2010.09.09 05:57:23.334,0.93085,0.9313,11.60,12.00
2010.09.09 05:57:24.327,0.93085,0.9313,10.00,12.80
2010.09.09 05:57:24.407,0.93085,0.9312,1.60,4.00
2010.09.09 05:57:24.566,0.9308,0.9312,10.50,1.60
2010.09.09 05:57:24.646,0.9308,0.93125,10.50,10.00
2010.09.09 05:57:24.726,0.93085,0.9312,8.00,2.40
2010.09.09 05:57:24.806,0.93085,0.9312,8.00,4.00
2010.09.09 05:57:24.967,0.9308,0.9312,8.10,4.00
2010.09.09 05:57:25.692,0.93085,0.9313,8.00,14.80
2010.09.09 05:57:25.966,0.93085,0.9313,8.00,12.40
2010.09.09 05:57:26.106,0.93085,0.9313,8.00,12.40
2010.09.09 05:57:26.625,0.93085,0.9313,8.10,12.40
2010.09.09 05:57:26.886,0.93085,0.9313,8.00,12.40
2010.09.09 05:57:27.946,0.93085,0.9313,8.00,12.40
2010.09.09 05:57:28.455,0.93085,0.9313,8.00,12.40
2010.09.09 05:57:28.815,0.93085,0.9313,8.00,12.40
2010.09.09 05:57:29.006,0.93085,0.9313,8.10,12.40
2010.09.09 05:57:29.195,0.93085,0.9313,8.00,12.40
2010.09.09 05:57:29.898,0.93085,0.9313,8.10,12.40
2010.09.09 05:57:35.134,0.93085,0.9313,9.70,12.40
2010.09.09 05:57:35.155,0.93085,0.9313,8.10,12.40
2010.09.09 05:57:35.259,0.93085,0.9313,9.70,12.40
2010.09.09 05:57:35.286,0.93085,0.9313,8.10,12.40
2010.09.09 05:57:35.687,0.93085,0.9313,9.70,12.40
2010.09.09 05:57:36.225,0.93085,0.9313,8.10,12.40
2010.09.09 05:57:36.407,0.93085,0.9313,9.70,12.40
2010.09.09 05:57:36.956,0.93085,0.9313,8.10,12.40
2010.09.09 05:57:38.095,0.93085,0.9313,9.70,12.40
2010.09.09 05:57:38.245,0.93085,0.9313,8.10,12.40
2010.09.09 05:57:38.414,0.93085,0.9313,9.70,12.40
2010.09.09 05:57:38.565,0.93085,0.9313,8.10,12.40
2010.09.09 05:57:39.466,0.93085,0.9313,9.70,12.40
2010.09.09 05:57:39.876,0.93085,0.9313,8.10,12.40
2010.09.09 05:57:39.985,0.93085,0.9313,9.70,12.40
2010.09.09 05:57:40.205,0.93085,0.9313,8.10,12.40
2010.09.09 05:57:40.426,0.93085,0.9313,9.70,12.40
2010.09.09 05:57:40.745,0.93085,0.9313,8.10,12.40
2010.09.09 05:57:42.515,0.93085,0.9313,9.70,12.40
2010.09.09 05:57:42.866,0.93085,0.9313,8.10,12.40
2010.09.09 05:57:43.074,0.93085,0.9313,9.70,12.40
2010.09.09 05:57:43.115,0.93085,0.9313,8.10,12.40
2010.09.09 05:57:43.396,0.93085,0.9313,8.00,12.40
2010.09.09 05:57:44.202,0.93085,0.9313,9.70,8.40
2010.09.09 05:57:44.369,0.9309,0.9313,4.00,8.40
2010.09.09 05:57:45.428,0.9309,0.9313,4.00,8.40
2010.09.09 05:57:45.538,0.93095,0.9313,1.60,12.00
2010.09.09 05:57:46.144,0.93095,0.9313,1.60,4.00
2010.09.09 05:57:46.308,0.93095,0.93135,1.60,8.00
2010.09.09 05:57:46.477,0.93095,0.93135,1.60,4.00
2010.09.09 05:57:46.805,0.93095,0.93135,5.60,4.00
2010.09.09 05:57:47.661,0.93095,0.93135,5.60,4.00
2010.09.09 05:57:48.106,0.93095,0.9314,9.60,12.40
2010.09.09 05:57:48.258,0.93105,0.9314,1.60,8.00
2010.09.09 05:57:48.407,0.93105,0.9314,1.60,1.00
2010.09.09 05:57:49.076,0.93105,0.9314,9.60,1.00
2010.09.09 05:57:49.685,0.9311,0.9314,1.60,1.00
2010.09.09 05:57:49.883,0.93105,0.9314,9.60,1.00
2010.09.09 05:57:49.976,0.93105,0.93145,9.60,1.00
2010.09.09 05:57:50.057,0.93105,0.93145,8.00,1.00
2010.09.09 05:57:50.217,0.93105,0.9314,4.00,1.00
2010.09.09 05:57:50.296,0.931,0.9314,5.60,1.00
2010.09.09 05:57:50.996,0.931,0.9314,4.00,4.10
2010.09.09 05:57:52.016,0.93095,0.9314,11.70,8.10
2010.09.09 05:57:52.357,0.931,0.9314,1.60,8.10
2010.09.09 05:57:53.206,0.93095,0.9314,11.70,8.10
2010.09.09 05:57:53.375,0.931,0.9314,1.60,8.10
2010.09.09 05:57:53.505,0.93095,0.9314,11.70,8.10
2010.09.09 05:57:53.635,0.931,0.9314,1.60,8.10
2010.09.09 05:57:54.156,0.93095,0.9314,11.70,8.10
2010.09.09 05:57:54.963,0.931,0.9314,1.60,8.10
2010.09.09 05:57:55.257,0.93095,0.9314,11.70,8.10
2010.09.09 05:57:55.695,0.93095,0.9314,10.10,8.10
2010.09.09 05:57:59.826,0.93095,0.93135,10.00,1.00
2010.09.09 05:58:00.057,0.93095,0.9314,8.40,12.80
2010.09.09 05:58:00.217,0.93095,0.9314,11.60,12.00
2010.09.09 05:58:00.810,0.931,0.9314,2.40,9.60
2010.09.09 05:58:00.984,0.93105,0.9314,1.60,1.60
2010.09.09 05:58:01.327,0.93105,0.93135,1.60,1.00
2010.09.09 05:58:01.666,0.93105,0.9314,1.60,1.60
2010.09.09 05:58:02.926,0.93105,0.93135,1.60,1.00
2010.09.09 05:58:07.386,0.93105,0.9314,1.60,1.60
2010.09.09 05:58:10.777,0.93105,0.9314,1.60,2.00
2010.09.09 05:58:10.925,0.931,0.9314,12.00,2.00
2010.09.09 05:58:11.067,0.931,0.93135,1.00,1.60
2010.09.09 05:58:11.767,0.931,0.9313,1.00,1.60
2010.09.09 05:58:14.787,0.93095,0.9313,1.60,1.60
2010.09.09 05:58:15.010,0.93095,0.9313,1.60,4.00
2010.09.09 05:58:17.597,0.93095,0.93125,1.60,1.00
2010.09.09 05:58:18.906,0.93095,0.93125,1.60,1.00
2010.09.09 05:58:19.147,0.93095,0.9313,1.60,6.70
2010.09.09 05:58:19.396,0.93095,0.9313,1.60,4.20
2010.09.09 05:58:20.131,0.93095,0.93135,9.60,1.60
2010.09.09 05:58:21.123,0.93095,0.93135,9.70,1.80
2010.09.09 05:58:23.196,0.93095,0.93135,9.70,1.90
2010.09.09 05:58:24.506,0.93095,0.93135,9.60,1.90
2010.09.09 05:58:25.226,0.93095,0.93135,9.60,1.80
2010.09.09 05:58:25.696,0.93095,0.93135,9.60,1.80
2010.09.09 05:58:25.795,0.93095,0.93135,8.00,1.80
2010.09.09 05:58:27.186,0.93095,0.93135,8.00,1.80
2010.09.09 05:58:27.559,0.93095,0.93135,8.00,1.80
2010.09.09 05:58:28.087,0.93095,0.93135,8.00,1.80
2010.09.09 05:58:29.036,0.93095,0.93135,8.00,1.80
2010.09.09 05:58:29.947,0.93095,0.93135,8.00,1.90
2010.09.09 05:58:30.584,0.93095,0.93135,8.00,1.80
2010.09.09 05:58:30.840,0.93095,0.9313,1.60,1.60
2010.09.09 05:58:31.329,0.93095,0.93135,5.60,6.20
2010.09.09 05:58:31.568,0.93095,0.93135,1.60,10.20
2010.09.09 05:58:31.809,0.93095,0.9313,1.60,8.00
2010.09.09 05:58:32.838,0.93095,0.93125,1.60,1.00
2010.09.09 05:58:33.009,0.93075,0.9311,3.20,8.00
2010.09.09 05:58:33.348,0.93075,0.9311,1.60,8.00
2010.09.09 05:58:34.101,0.93075,0.93115,1.60,10.00
2010.09.09 05:58:34.466,0.93075,0.93115,1.60,8.40
2010.09.09 05:58:35.106,0.93075,0.93115,1.60,10.00
2010.09.09 05:58:35.788,0.93075,0.93115,1.70,10.00
2010.09.09 05:58:36.012,0.93075,0.93115,1.90,10.00
2010.09.09 05:58:36.655,0.9308,0.93115,6.60,1.00
2010.09.09 05:58:36.769,0.9308,0.93115,4.20,1.00
2010.09.09 05:58:37.970,0.93075,0.93115,9.80,6.00
2010.09.09 05:58:38.201,0.9308,0.93115,4.00,1.00
2010.09.09 05:58:38.429,0.93075,0.93115,9.70,6.00
2010.09.09 05:58:38.659,0.93075,0.93115,5.70,6.00
2010.09.09 05:58:39.906,0.9308,0.93115,1.00,6.00
2010.09.09 05:58:40.867,0.9308,0.93115,1.00,6.00
2010.09.09 05:58:41.607,0.93075,0.93115,5.70,6.00
2010.09.09 05:58:42.047,0.93075,0.9311,5.60,1.00
2010.09.09 05:58:42.267,0.93075,0.9311,1.60,10.00
2010.09.09 05:58:43.002,0.9307,0.93105,1.00,1.60
2010.09.09 05:58:43.200,0.9307,0.9311,12.10,2.00
2010.09.09 05:58:43.396,0.9307,0.9311,10.50,2.00
2010.09.09 05:58:44.036,0.93075,0.9311,1.00,2.00
2010.09.09 05:58:44.636,0.9307,0.9311,10.40,2.00
2010.09.09 05:58:45.498,0.9307,0.93105,1.00,1.60
2010.09.09 05:58:45.616,0.9307,0.9311,2.40,10.00
2010.09.09 05:58:45.726,0.9307,0.9311,10.60,2.00
2010.09.09 05:58:46.058,0.93075,0.9311,1.60,2.00
2010.09.09 05:58:46.176,0.93075,0.9311,5.60,2.00
2010.09.09 05:58:46.705,0.9307,0.9311,10.50,2.00
2010.09.09 05:58:46.816,0.9307,0.9311,10.40,2.00
2010.09.09 05:58:47.106,0.9307,0.9311,8.00,2.00
2010.09.09 05:58:47.396,0.9307,0.9311,10.50,2.00
2010.09.09 05:58:48.657,0.9307,0.9311,10.40,2.00
2010.09.09 05:58:48.899,0.93075,0.9311,1.00,2.00
2010.09.09 05:58:49.077,0.9308,0.93115,4.00,1.00
2010.09.09 05:58:49.246,0.9308,0.9312,4.00,4.50
2010.09.09 05:58:49.586,0.9308,0.9312,6.40,1.00
2010.09.09 05:58:50.160,0.9308,0.9311,4.00,2.40
2010.09.09 05:58:50.320,0.9308,0.93105,4.00,2.00
2010.09.09 05:58:50.479,0.9308,0.93105,6.40,1.60
2010.09.09 05:58:50.637,0.9308,0.9311,6.40,1.00
2010.09.09 05:58:50.798,0.9308,0.9311,4.00,1.00
2010.09.09 05:58:50.957,0.9308,0.9312,4.00,4.70
2010.09.09 05:58:51.768,0.9308,0.9311,4.00,1.00
2010.09.09 05:58:52.077,0.93065,0.93105,9.70,2.00
2010.09.09 05:58:53.567,0.93065,0.93105,9.70,1.00
2010.09.09 05:58:55.199,0.9307,0.93105,1.00,1.00
2010.09.09 05:58:55.537,0.9307,0.93105,1.00,1.00
2010.09.09 05:58:55.707,0.9307,0.9311,1.00,13.50
2010.09.09 05:58:56.408,0.93075,0.9311,2.00,2.40
2010.09.09 05:58:56.691,0.9308,0.93115,6.00,1.80
2010.09.09 05:58:57.933,0.9308,0.93115,2.00,5.80
2010.09.09 05:58:58.285,0.93075,0.9311,4.00,2.40
2010.09.09 05:58:58.627,0.93075,0.9311,4.00,2.40
2010.09.09 05:58:59.186,0.93075,0.9311,4.00,2.40
2010.09.09 05:59:00.147,0.93075,0.93115,8.00,3.80
2010.09.09 05:59:00.457,0.93075,0.93115,8.40,3.40
2010.09.09 05:59:00.568,0.93075,0.93115,9.20,1.60
2010.09.09 05:59:00.678,0.9309,0.93115,1.60,1.60
2010.09.09 05:59:01.211,0.9309,0.9312,1.60,8.80
2010.09.09 05:59:01.490,0.9309,0.9313,9.60,4.50
2010.09.09 05:59:02.747,0.9309,0.9313,5.60,4.50
2010.09.09 05:59:03.089,0.931,0.9313,2.40,4.00
2010.09.09 05:59:03.428,0.931,0.93135,1.60,1.60
2010.09.09 05:59:04.247,0.931,0.9314,8.00,1.00
2010.09.09 05:59:04.543,0.931,0.93135,8.00,1.00
2010.09.09 05:59:04.700,0.931,0.9313,8.00,2.40
2010.09.09 05:59:04.859,0.9309,0.93125,5.60,1.60
2010.09.09 05:59:05.019,0.9309,0.93125,6.50,1.60
2010.09.09 05:59:05.694,0.931,0.9313,4.00,4.00
2010.09.09 05:59:05.942,0.931,0.93135,8.00,1.60
2010.09.09 05:59:07.247,0.931,0.93135,8.00,1.60
2010.09.09 05:59:08.054,0.931,0.93125,4.00,1.60
2010.09.09 05:59:08.209,0.93095,0.93135,8.00,1.60
2010.09.09 05:59:08.367,0.93095,0.93135,8.00,1.60
2010.09.09 05:59:09.014,0.931,0.93135,9.60,1.60
2010.09.09 05:59:09.358,0.931,0.93135,1.60,1.60
2010.09.09 05:59:09.699,0.931,0.9313,1.60,2.40
2010.09.09 05:59:10.037,0.9309,0.9313,9.70,2.40
2010.09.09 05:59:10.914,0.9309,0.93125,4.00,1.60
2010.09.09 05:59:12.897,0.9309,0.93125,4.00,1.60
2010.09.09 05:59:13.546,0.9309,0.93125,4.00,1.60
2010.09.09 05:59:14.607,0.9309,0.93125,4.00,1.70
2010.09.09 05:59:15.276,0.9309,0.93125,4.00,1.60
2010.09.09 05:59:18.337,0.93085,0.93125,1.00,9.60
2010.09.09 05:59:19.828,0.9309,0.93135,8.00,9.60
2010.09.09 05:59:20.708,0.9309,0.9313,8.00,1.00
2010.09.09 05:59:21.577,0.9309,0.93135,8.10,9.70
2010.09.09 05:59:23.906,0.9309,0.93135,8.10,10.50
2010.09.09 05:59:23.996,0.9309,0.93125,8.00,1.60
2010.09.09 05:59:24.589,0.93085,0.93125,9.60,1.60
2010.09.09 05:59:27.517,0.93085,0.9313,9.60,10.40
2010.09.09 05:59:28.169,0.93085,0.9313,9.60,10.40
2010.09.09 05:59:28.348,0.93085,0.9313,9.70,10.50
2010.09.09 05:59:28.527,0.93085,0.9313,9.70,10.40
2010.09.09 05:59:28.697,0.93085,0.9313,10.70,10.40
2010.09.09 05:59:29.340,0.9309,0.93135,8.00,8.00
2010.09.09 05:59:29.679,0.93095,0.93125,4.00,1.60
2010.09.09 05:59:30.020,0.93095,0.9313,1.60,8.00
2010.09.09 05:59:30.873,0.931,0.9314,4.00,6.40
2010.09.09 05:59:31.138,0.931,0.93145,8.00,9.90
2010.09.09 05:59:31.407,0.931,0.93145,8.00,9.80
2010.09.09 05:59:32.570,0.931,0.93145,8.00,9.90
2010.09.09 05:59:32.687,0.931,0.9314,8.00,1.00
2010.09.09 05:59:33.801,0.931,0.93145,8.10,9.90
2010.09.09 05:59:34.086,0.931,0.93145,8.00,9.80
2010.09.09 05:59:35.937,0.931,0.9314,8.00,2.40
2010.09.09 05:59:36.187,0.93095,0.9314,8.00,10.50
2010.09.09 05:59:37.138,0.9309,0.93135,8.10,9.60
2010.09.09 05:59:37.976,0.9309,0.93135,8.00,9.60
2010.09.09 05:59:39.167,0.9309,0.93135,8.10,9.60
2010.09.09 05:59:39.996,0.9309,0.93135,8.00,9.60
2010.09.09 05:59:43.987,0.9309,0.9313,8.00,1.00
2010.09.09 05:59:44.739,0.9309,0.93135,8.10,9.70
2010.09.09 05:59:44.915,0.9309,0.93135,8.00,9.60
2010.09.09 05:59:45.217,0.9309,0.93135,12.00,9.60
2010.09.09 05:59:45.829,0.93095,0.93135,8.00,1.60
2010.09.09 05:59:46.397,0.93095,0.93135,8.00,1.60
2010.09.09 05:59:46.688,0.93095,0.93135,8.00,1.60
2010.09.09 05:59:47.378,0.9309,0.93135,9.60,9.60
2010.09.09 05:59:47.694,0.93095,0.9314,8.00,10.50
2010.09.09 05:59:50.173,0.93095,0.9314,8.00,8.10
2010.09.09 05:59:50.299,0.931,0.9314,8.00,1.00
2010.09.09 05:59:50.957,0.931,0.9314,8.00,1.00
2010.09.09 05:59:52.022,0.931,0.9314,9.60,1.00
2010.09.09 05:59:52.147,0.931,0.93145,8.00,9.90
2010.09.09 05:59:52.696,0.931,0.93145,8.10,9.90
2010.09.09 05:59:54.508,0.931,0.93145,9.70,9.90
2010.09.09 05:59:54.648,0.931,0.93145,8.10,9.90
2010.09.09 05:59:55.507,0.931,0.9314,8.10,1.00
2010.09.09 05:59:56.226,0.931,0.93145,8.00,9.80
2010.09.09 05:59:57.956,0.931,0.9314,8.10,1.00
2010.09.09 05:59:59.027,0.931,0.93145,8.00,9.80
2010.09.09 05:59:59.317,0.931,0.93145,9.60,9.80
2010.09.09 05:59:59.595,0.931,0.93145,8.00,9.80
