2010.09.28 01:00:02.193,0.94545,0.9458,4.00,1.00
2010.09.28 01:00:04.754,0.94545,0.9458,8.00,1.00
2010.09.28 01:00:05.053,0.94545,0.9458,8.00,1.00
2010.09.28 01:00:05.655,0.94545,0.94585,8.00,1.00
2010.09.28 01:00:05.943,0.94545,0.9458,8.00,1.00
2010.09.28 01:00:06.773,0.94545,0.94585,8.00,1.00
2010.09.28 01:00:07.442,0.94545,0.94585,4.00,4.20
2010.09.28 01:00:08.004,0.94545,0.94585,4.00,8.20
2010.09.28 01:00:08.274,0.94545,0.94585,4.10,8.30
2010.09.28 01:00:08.542,0.94545,0.94585,4.10,4.30
2010.09.28 01:00:10.702,0.94545,0.9458,4.00,1.00
2010.09.28 01:00:11.972,0.94545,0.94585,4.00,4.20
2010.09.28 01:00:15.791,0.94545,0.94585,4.00,1.00
2010.09.28 01:00:16.095,0.94545,0.94585,4.00,4.20
2010.09.28 01:00:16.393,0.94545,0.94585,8.00,1.00
2010.09.28 01:00:18.236,0.94545,0.94585,8.10,1.00
2010.09.28 01:00:19.374,0.94545,0.94585,8.00,1.00
2010.09.28 01:00:19.715,0.94545,0.94585,8.00,1.00
2010.09.28 01:00:20.061,0.94545,0.94585,8.10,1.00
2010.09.28 01:00:20.234,0.9455,0.94585,4.00,1.00
2010.09.28 01:00:20.413,0.9455,0.94585,8.00,1.00
2010.09.28 01:00:20.922,0.9455,0.9459,8.00,1.60
2010.09.28 01:00:22.243,0.9455,0.94585,8.00,1.00
2010.09.28 01:00:22.812,0.9455,0.9459,8.00,1.60
2010.09.28 01:00:23.584,0.9455,0.94585,8.00,1.00
2010.09.28 01:00:24.119,0.9455,0.94585,8.00,1.00
2010.09.28 01:00:24.353,0.9455,0.9459,8.10,1.70
2010.09.28 01:00:24.575,0.9455,0.9459,4.10,1.70
2010.09.28 01:00:24.686,0.9455,0.94585,4.00,1.00
2010.09.28 01:00:24.793,0.9455,0.9459,4.00,1.60
2010.09.28 01:00:25.214,0.9455,0.9459,8.00,1.60
2010.09.28 01:00:25.555,0.9455,0.94585,4.00,1.00
2010.09.28 01:00:25.893,0.94555,0.9459,1.00,8.10
2010.09.28 01:00:26.233,0.94555,0.9459,1.00,12.10
2010.09.28 01:00:26.822,0.9455,0.9459,1.00,12.10
2010.09.28 01:00:30.294,0.9455,0.9459,1.00,12.00
2010.09.28 01:00:30.967,0.9455,0.9459,1.00,10.40
2010.09.28 01:00:31.094,0.9455,0.9459,1.00,8.00
2010.09.28 01:00:31.213,0.9455,0.9459,4.00,4.00
2010.09.28 01:00:31.619,0.9455,0.9459,8.00,1.00
2010.09.28 01:00:31.971,0.9455,0.9459,8.10,1.00
2010.09.28 01:00:32.318,0.94545,0.94585,10.40,1.00
2010.09.28 01:00:32.832,0.9455,0.94585,8.00,1.00
2010.09.28 01:00:33.685,0.9455,0.9459,8.10,1.00
2010.09.28 01:00:33.844,0.9455,0.9459,8.00,1.00
2010.09.28 01:00:34.004,0.9455,0.9459,8.00,1.00
2010.09.28 01:00:34.164,0.9455,0.9459,8.00,4.10
2010.09.28 01:00:34.323,0.94545,0.9459,9.70,12.10
2010.09.28 01:00:34.633,0.9455,0.94585,1.00,1.00
2010.09.28 01:00:35.515,0.94545,0.94585,9.70,1.00
2010.09.28 01:00:36.103,0.94545,0.9458,9.70,1.00
2010.09.28 01:00:37.424,0.94555,0.9458,1.00,1.00
2010.09.28 01:00:37.763,0.94555,0.94585,1.00,1.00
2010.09.28 01:00:38.431,0.94555,0.94585,1.00,1.00
2010.09.28 01:00:39.113,0.94555,0.9458,1.00,1.00
2010.09.28 01:00:39.335,0.94555,0.94585,1.00,1.00
2010.09.28 01:00:39.992,0.94555,0.9459,1.00,12.10
2010.09.28 01:00:41.052,0.94555,0.9459,1.00,8.10
2010.09.28 01:00:41.242,0.94555,0.9459,1.00,4.10
2010.09.28 01:00:45.346,0.94555,0.94585,1.00,1.00
2010.09.28 01:00:45.760,0.94555,0.94585,1.00,1.00
2010.09.28 01:00:48.014,0.94555,0.9459,2.00,5.70
2010.09.28 01:00:48.193,0.94555,0.9459,2.00,1.70
2010.09.28 01:00:48.734,0.94555,0.9459,2.00,1.60
2010.09.28 01:00:53.398,0.94555,0.9459,1.00,1.60
2010.09.28 01:00:53.434,0.94555,0.9459,1.00,1.70
2010.09.28 01:00:53.777,0.94555,0.9459,1.00,8.10
2010.09.28 01:00:54.118,0.94555,0.9459,2.00,5.60
2010.09.28 01:00:54.456,0.94555,0.9459,6.00,1.60
2010.09.28 01:00:55.353,0.94555,0.9459,6.10,1.70
2010.09.28 01:00:59.324,0.94555,0.9459,6.10,4.10
2010.09.28 01:00:59.414,0.94555,0.94585,6.00,1.00
2010.09.28 01:00:59.462,0.94555,0.94585,4.40,1.00
2010.09.28 01:00:59.502,0.94555,0.94585,1.00,1.00
2010.09.28 01:01:07.094,0.94555,0.9459,1.00,8.10
2010.09.28 01:01:07.294,0.94555,0.94585,1.00,1.00
2010.09.28 01:01:08.044,0.94555,0.9459,1.00,8.00
2010.09.28 01:01:08.843,0.94555,0.9459,1.00,4.00
2010.09.28 01:01:09.244,0.94555,0.9459,1.00,8.00
2010.09.28 01:01:09.813,0.94555,0.94585,1.00,1.00
2010.09.28 01:01:36.392,0.94555,0.9459,1.00,8.10
2010.09.28 01:01:38.402,0.94555,0.9459,1.00,8.00
2010.09.28 01:01:39.652,0.94555,0.94585,1.00,1.00
2010.09.28 01:01:42.482,0.94555,0.9459,1.00,8.00
2010.09.28 01:01:42.812,0.94555,0.9459,1.00,5.60
2010.09.28 01:01:42.963,0.94555,0.9459,1.00,4.00
2010.09.28 01:01:43.263,0.94555,0.9459,1.00,1.00
2010.09.28 01:01:43.423,0.94555,0.9459,4.40,1.00
2010.09.28 01:01:43.583,0.94555,0.9459,4.40,2.40
2010.09.28 01:01:44.036,0.94555,0.9459,4.40,4.00
2010.09.28 01:01:44.195,0.94555,0.9459,1.00,8.00
2010.09.28 01:01:45.063,0.94555,0.9459,1.00,8.10
2010.09.28 01:01:45.252,0.94555,0.9459,1.00,4.10
2010.09.28 01:01:45.433,0.94555,0.9459,4.40,1.00
2010.09.28 01:01:47.902,0.94555,0.9459,1.00,1.00
2010.09.28 01:01:54.252,0.94555,0.9459,8.40,1.00
2010.09.28 01:01:54.392,0.94555,0.9459,9.20,1.00
2010.09.28 01:01:58.184,0.9457,0.946,1.00,9.70
2010.09.28 01:01:58.314,0.9457,0.946,1.00,5.60
2010.09.28 01:01:58.883,0.9457,0.946,1.00,1.60
2010.09.28 01:01:59.194,0.94565,0.94595,2.40,1.00
2010.09.28 01:01:59.333,0.9456,0.94595,1.20,1.00
2010.09.28 01:01:59.732,0.9456,0.94595,1.20,8.10
2010.09.28 01:02:01.344,0.9456,0.9459,1.20,1.00
2010.09.28 01:02:01.443,0.9456,0.9459,1.20,1.00
2010.09.28 01:02:05.912,0.9456,0.94595,1.20,8.10
2010.09.28 01:02:06.475,0.9456,0.94595,1.20,1.00
2010.09.28 01:02:07.342,0.9456,0.94595,1.20,1.00
2010.09.28 01:02:09.376,0.9456,0.94595,1.40,1.00
2010.09.28 01:02:09.683,0.94565,0.94595,1.00,1.00
2010.09.28 01:02:11.383,0.94565,0.9459,1.00,1.00
2010.09.28 01:02:11.834,0.94565,0.9459,1.00,1.00
2010.09.28 01:02:15.557,0.94565,0.9459,1.00,2.50
2010.09.28 01:02:15.606,0.94555,0.9459,1.20,6.50
2010.09.28 01:02:16.684,0.94555,0.94585,1.20,1.00
2010.09.28 01:02:17.586,0.94555,0.94585,1.20,4.00
2010.09.28 01:02:17.784,0.94555,0.94585,1.20,4.10
2010.09.28 01:02:18.185,0.94555,0.94585,1.20,1.00
2010.09.28 01:02:23.332,0.94555,0.9459,1.20,4.00
2010.09.28 01:02:24.303,0.94555,0.94585,1.20,1.00
2010.09.28 01:02:26.312,0.94555,0.9459,1.20,1.00
2010.09.28 01:02:28.193,0.94565,0.9459,1.00,1.00
2010.09.28 01:02:28.373,0.94565,0.9459,1.00,1.00
2010.09.28 01:02:29.323,0.94565,0.94585,1.00,1.00
2010.09.28 01:02:31.383,0.94565,0.9459,1.00,1.00
2010.09.28 01:02:33.292,0.94565,0.94595,1.00,1.00
2010.09.28 01:02:33.403,0.9457,0.94595,1.00,1.00
2010.09.28 01:02:34.493,0.9457,0.94595,1.00,1.00
2010.09.28 01:02:35.135,0.9457,0.9459,1.00,1.00
2010.09.28 01:02:40.695,0.9457,0.94595,1.00,1.00
2010.09.28 01:02:41.206,0.94565,0.94595,1.00,1.00
2010.09.28 01:02:41.449,0.94565,0.9459,1.00,1.00
2010.09.28 01:02:42.476,0.94565,0.94595,1.00,1.00
2010.09.28 01:02:49.013,0.9456,0.94595,4.40,1.00
2010.09.28 01:02:49.053,0.9456,0.94595,1.00,1.00
2010.09.28 01:02:50.256,0.9456,0.9459,1.00,1.00
2010.09.28 01:02:51.333,0.9456,0.94595,1.00,1.00
2010.09.28 01:02:54.053,0.9456,0.9459,1.00,1.00
2010.09.28 01:03:14.676,0.9456,0.94595,1.00,1.00
2010.09.28 01:03:16.566,0.9456,0.9459,1.00,1.00
2010.09.28 01:03:17.376,0.9456,0.9459,4.40,1.00
2010.09.28 01:03:17.525,0.9456,0.9459,1.00,1.00
2010.09.28 01:03:22.373,0.9456,0.9459,1.00,1.00
2010.09.28 01:03:40.085,0.9456,0.94595,1.00,1.00
2010.09.28 01:03:40.396,0.94565,0.94595,1.00,1.00
2010.09.28 01:03:40.705,0.94565,0.94595,1.00,1.00
2010.09.28 01:03:42.474,0.94565,0.94595,1.00,1.00
2010.09.28 01:03:48.203,0.94565,0.946,1.00,1.00
2010.09.28 01:03:48.283,0.94565,0.946,8.40,1.00
2010.09.28 01:03:48.363,0.94565,0.946,4.40,2.50
2010.09.28 01:03:48.444,0.94565,0.94595,1.00,1.00
2010.09.28 01:03:48.953,0.94565,0.946,1.00,1.00
2010.09.28 01:03:49.105,0.94565,0.946,4.40,1.00
2010.09.28 01:03:49.313,0.94565,0.94595,8.40,1.00
2010.09.28 01:03:51.948,0.94565,0.946,8.40,1.00
2010.09.28 01:03:52.262,0.94565,0.946,9.20,1.00
2010.09.28 01:03:55.196,0.94565,0.94595,9.20,1.00
2010.09.28 01:03:58.396,0.9457,0.946,1.00,1.70
2010.09.28 01:03:58.563,0.9457,0.946,1.00,4.10
2010.09.28 01:03:59.573,0.9457,0.94595,1.00,1.00
2010.09.28 01:04:00.236,0.9456,0.9459,1.00,1.60
2010.09.28 01:04:03.612,0.9456,0.94595,1.00,1.00
2010.09.28 01:04:04.157,0.9456,0.94595,1.00,1.00
2010.09.28 01:04:09.464,0.9456,0.94595,1.00,1.00
2010.09.28 01:04:09.523,0.9456,0.946,1.00,12.00
2010.09.28 01:04:09.880,0.94565,0.946,1.00,8.00
2010.09.28 01:04:09.936,0.9457,0.946,1.00,1.60
2010.09.28 01:04:10.224,0.9457,0.94605,1.00,1.00
2010.09.28 01:04:11.546,0.9457,0.946,1.00,1.00
2010.09.28 01:04:12.424,0.9457,0.946,1.00,1.00
2010.09.28 01:04:13.903,0.9457,0.946,1.00,1.60
2010.09.28 01:04:14.048,0.9457,0.94605,1.00,1.00
2010.09.28 01:04:14.193,0.9457,0.946,1.00,1.00
2010.09.28 01:04:18.009,0.9457,0.94605,1.00,1.00
2010.09.28 01:04:18.054,0.9457,0.94605,1.00,4.10
2010.09.28 01:04:18.102,0.9457,0.94605,1.00,8.10
2010.09.28 01:04:18.593,0.9457,0.946,1.00,1.00
2010.09.28 01:04:19.103,0.9457,0.946,1.00,1.00
2010.09.28 01:04:22.762,0.9457,0.946,1.00,1.00
2010.09.28 01:04:22.985,0.9457,0.946,1.00,1.00
2010.09.28 01:04:23.095,0.9457,0.946,1.00,1.60
2010.09.28 01:04:24.058,0.9457,0.946,1.00,1.60
2010.09.28 01:04:24.690,0.9457,0.946,1.00,1.70
2010.09.28 01:04:25.039,0.9457,0.946,1.00,1.60
2010.09.28 01:04:26.989,0.9457,0.946,1.00,1.60
2010.09.28 01:04:28.907,0.94565,0.946,10.00,1.60
2010.09.28 01:04:28.984,0.94565,0.94595,10.00,1.00
2010.09.28 01:04:29.928,0.94565,0.946,10.00,1.60
2010.09.28 01:04:30.668,0.94565,0.946,6.10,1.70
2010.09.28 01:04:30.904,0.94565,0.946,6.10,1.90
2010.09.28 01:04:31.145,0.94565,0.946,1.00,5.80
2010.09.28 01:04:31.895,0.94565,0.946,1.00,1.80
2010.09.28 01:04:32.473,0.94565,0.94595,1.00,1.00
2010.09.28 01:04:36.864,0.94565,0.9459,1.00,1.00
2010.09.28 01:04:39.704,0.94565,0.9459,1.00,1.60
2010.09.28 01:04:39.874,0.94565,0.94595,2.00,8.00
2010.09.28 01:04:40.044,0.94565,0.94595,2.00,1.00
2010.09.28 01:04:40.479,0.94565,0.9459,1.00,1.60
2010.09.28 01:04:40.637,0.94565,0.94595,2.00,1.00
2010.09.28 01:04:41.083,0.94565,0.94595,2.00,1.00
2010.09.28 01:04:41.236,0.94555,0.9459,2.00,1.60
2010.09.28 01:04:41.574,0.94565,0.94595,1.60,8.00
2010.09.28 01:04:42.086,0.94555,0.9459,10.60,1.00
2010.09.28 01:04:43.273,0.94555,0.9459,10.60,1.00
2010.09.28 01:04:43.800,0.94555,0.9459,10.00,1.00
2010.09.28 01:04:44.004,0.9455,0.9459,8.40,1.80
2010.09.28 01:04:44.214,0.9455,0.94585,8.40,1.00
2010.09.28 01:04:44.475,0.9454,0.94585,10.80,8.80
2010.09.28 01:04:44.810,0.9454,0.94585,8.40,8.80
2010.09.28 01:04:45.065,0.9454,0.9458,4.40,9.60
2010.09.28 01:04:45.324,0.9454,0.9458,4.40,5.80
2010.09.28 01:04:46.493,0.9454,0.9458,4.50,5.90
2010.09.28 01:04:48.437,0.9454,0.94575,4.40,1.00
2010.09.28 01:04:48.763,0.9454,0.9458,4.40,5.80
2010.09.28 01:04:50.343,0.9454,0.94575,4.40,1.00
2010.09.28 01:04:50.453,0.9454,0.94575,4.40,1.00
2010.09.28 01:04:52.987,0.9455,0.9459,4.40,5.90
2010.09.28 01:04:54.313,0.9455,0.9459,4.50,5.90
2010.09.28 01:04:54.933,0.9455,0.94585,4.50,1.00
2010.09.28 01:04:55.328,0.9455,0.9458,4.40,1.60
2010.09.28 01:04:55.395,0.9454,0.9458,4.40,5.60
2010.09.28 01:04:56.745,0.94545,0.9458,1.00,5.60
2010.09.28 01:04:57.196,0.94545,0.9458,1.00,1.60
2010.09.28 01:05:00.699,0.9454,0.9458,8.40,1.60
2010.09.28 01:05:03.143,0.94545,0.9458,1.00,1.60
2010.09.28 01:05:03.745,0.9454,0.9458,10.90,1.70
2010.09.28 01:05:05.115,0.94545,0.9458,1.00,1.60
2010.09.28 01:05:05.766,0.94545,0.94585,1.60,9.60
2010.09.28 01:05:06.278,0.9455,0.94585,1.00,8.00
2010.09.28 01:05:06.506,0.9455,0.9459,1.00,12.30
2010.09.28 01:05:06.765,0.9455,0.9459,1.00,9.90
2010.09.28 01:05:07.273,0.9455,0.9459,1.00,5.90
2010.09.28 01:05:07.524,0.9455,0.9459,4.40,5.90
2010.09.28 01:05:08.234,0.9455,0.9459,1.00,9.90
2010.09.28 01:05:08.574,0.9455,0.9459,4.50,9.90
2010.09.28 01:05:08.693,0.9455,0.9459,4.50,5.90
2010.09.28 01:05:09.973,0.9455,0.9459,1.00,5.90
2010.09.28 01:05:10.153,0.9455,0.9459,1.00,9.90
2010.09.28 01:05:14.253,0.94555,0.9459,1.00,9.80
2010.09.28 01:05:14.343,0.94555,0.9459,1.00,9.60
2010.09.28 01:05:14.402,0.94555,0.9459,1.00,5.60
2010.09.28 01:05:14.434,0.94555,0.9459,1.60,1.60
2010.09.28 01:05:14.463,0.94555,0.9459,2.00,1.60
2010.09.28 01:05:16.287,0.9456,0.9459,1.00,1.60
2010.09.28 01:05:18.309,0.9456,0.94595,1.00,8.00
2010.09.28 01:05:18.518,0.94565,0.946,1.00,12.30
2010.09.28 01:05:18.725,0.94565,0.94595,1.00,1.00
2010.09.28 01:05:20.983,0.94565,0.946,1.00,9.90
2010.09.28 01:05:21.103,0.94565,0.946,1.00,12.30
2010.09.28 01:05:23.464,0.94565,0.946,1.00,12.10
2010.09.28 01:05:23.718,0.9457,0.946,1.00,8.00
2010.09.28 01:05:23.834,0.9457,0.946,1.00,4.00
2010.09.28 01:05:24.095,0.9457,0.946,1.00,1.00
2010.09.28 01:05:24.784,0.9457,0.94605,1.00,8.10
2010.09.28 01:05:25.305,0.9457,0.94605,1.00,1.00
2010.09.28 01:05:25.593,0.9457,0.94605,1.00,1.00
2010.09.28 01:05:25.743,0.9457,0.94605,1.00,1.00
2010.09.28 01:05:26.437,0.94565,0.946,1.00,5.60
2010.09.28 01:05:26.774,0.94565,0.946,2.00,1.60
2010.09.28 01:05:27.094,0.94565,0.946,10.00,1.60
2010.09.28 01:05:27.414,0.94565,0.946,10.00,1.70
2010.09.28 01:05:28.654,0.94565,0.946,8.40,1.60
2010.09.28 01:05:28.804,0.94565,0.946,1.00,1.60
2010.09.28 01:05:30.485,0.94565,0.94595,1.00,1.00
2010.09.28 01:05:32.574,0.94565,0.94595,1.00,1.00
2010.09.28 01:05:32.763,0.9456,0.94595,4.40,1.80
2010.09.28 01:05:33.254,0.9456,0.94595,1.00,1.80
2010.09.28 01:05:33.444,0.9456,0.94595,1.00,1.90
2010.09.28 01:05:33.575,0.9456,0.94595,1.00,1.70
2010.09.28 01:05:33.703,0.9456,0.94595,1.00,1.00
2010.09.28 01:05:40.210,0.9456,0.9459,1.00,1.00
2010.09.28 01:05:40.721,0.9456,0.94595,1.00,1.00
2010.09.28 01:05:41.545,0.9456,0.94595,1.00,1.00
2010.09.28 01:05:52.043,0.9456,0.94595,1.00,1.00
2010.09.28 01:05:54.212,0.9456,0.94595,1.00,1.00
2010.09.28 01:05:54.867,0.9456,0.94595,1.00,1.00
2010.09.28 01:05:56.662,0.9456,0.946,1.00,12.10
2010.09.28 01:05:59.533,0.9456,0.94595,1.00,1.00
2010.09.28 01:05:59.923,0.9456,0.94595,1.00,1.00
2010.09.28 01:06:02.271,0.9456,0.94595,1.00,1.00
2010.09.28 01:06:07.638,0.9456,0.94595,1.00,1.00
2010.09.28 01:06:10.337,0.9456,0.94595,1.00,1.00
2010.09.28 01:06:10.556,0.9456,0.9459,1.00,1.00
2010.09.28 01:06:11.131,0.9456,0.94595,1.00,1.00
2010.09.28 01:06:11.823,0.9456,0.94595,1.00,1.00
2010.09.28 01:06:12.503,0.9456,0.946,1.00,12.10
2010.09.28 01:06:14.254,0.9456,0.94595,1.00,1.00
2010.09.28 01:06:18.432,0.9456,0.94595,1.00,1.00
2010.09.28 01:06:19.924,0.9456,0.94595,1.00,1.00
2010.09.28 01:06:25.393,0.9456,0.94595,1.00,1.00
2010.09.28 01:06:36.946,0.9456,0.9459,1.00,1.00
2010.09.28 01:06:38.713,0.94555,0.9459,2.00,1.00
2010.09.28 01:06:40.163,0.94555,0.9459,10.00,1.00
2010.09.28 01:06:42.336,0.94555,0.94595,10.00,1.00
2010.09.28 01:06:43.731,0.9456,0.94595,1.00,1.00
2010.09.28 01:06:44.513,0.94555,0.9459,10.00,1.00
2010.09.28 01:06:45.554,0.94555,0.94595,10.10,1.00
2010.09.28 01:06:45.774,0.94555,0.9459,10.10,1.60
2010.09.28 01:06:45.993,0.94555,0.9459,6.10,1.60
2010.09.28 01:06:47.135,0.94555,0.94595,11.10,1.00
2010.09.28 01:06:47.950,0.9456,0.94595,1.00,1.00
2010.09.28 01:06:48.074,0.9456,0.94595,1.00,1.00
2010.09.28 01:06:48.284,0.9456,0.94595,4.40,1.00
2010.09.28 01:06:48.494,0.94565,0.94595,1.00,1.00
2010.09.28 01:06:49.343,0.94565,0.946,1.00,4.00
2010.09.28 01:06:49.457,0.94565,0.946,1.00,4.10
2010.09.28 01:06:50.624,0.94565,0.946,1.00,4.10
2010.09.28 01:06:50.965,0.94565,0.946,1.00,4.00
2010.09.28 01:06:51.305,0.9456,0.946,4.40,8.00
2010.09.28 01:06:51.644,0.9456,0.946,1.00,12.00
2010.09.28 01:06:52.455,0.9456,0.94595,1.00,1.00
2010.09.28 01:06:52.755,0.9456,0.9459,1.00,1.00
2010.09.28 01:06:56.290,0.9456,0.94595,1.00,1.00
2010.09.28 01:06:58.362,0.9456,0.94595,1.00,1.00
2010.09.28 01:07:00.136,0.9456,0.9459,1.00,1.00
2010.09.28 01:07:00.203,0.9456,0.9459,1.00,1.70
2010.09.28 01:07:00.713,0.9456,0.9459,1.00,1.60
2010.09.28 01:07:00.863,0.9456,0.94595,1.00,8.10
2010.09.28 01:07:01.365,0.9456,0.9459,1.00,1.00
2010.09.28 01:07:02.572,0.9456,0.94595,1.00,1.00
2010.09.28 01:07:04.793,0.9456,0.94595,1.00,1.00
2010.09.28 01:07:10.325,0.94555,0.94595,1.00,8.00
2010.09.28 01:07:10.344,0.94555,0.94595,1.00,8.00
2010.09.28 01:07:10.399,0.94555,0.9459,1.00,1.00
2010.09.28 01:07:10.693,0.94555,0.94595,1.00,8.10
2010.09.28 01:07:12.543,0.94555,0.9459,1.00,1.00
2010.09.28 01:07:20.976,0.94555,0.94595,1.00,8.00
2010.09.28 01:07:21.625,0.94555,0.9459,1.00,1.00
2010.09.28 01:07:22.262,0.94555,0.9459,1.00,1.00
2010.09.28 01:07:22.763,0.94555,0.94585,1.00,1.00
2010.09.28 01:07:23.479,0.94555,0.94585,2.00,1.00
2010.09.28 01:07:23.754,0.94555,0.9459,2.00,1.00
2010.09.28 01:07:24.026,0.9456,0.94595,1.00,4.00
2010.09.28 01:07:24.203,0.9456,0.94595,1.20,4.00
2010.09.28 01:07:24.373,0.9456,0.94595,5.20,1.00
2010.09.28 01:07:26.323,0.9456,0.946,1.20,12.00
2010.09.28 01:07:26.523,0.9456,0.946,1.20,12.10
2010.09.28 01:07:27.212,0.9456,0.94595,1.20,1.00
2010.09.28 01:07:27.413,0.9456,0.9459,1.20,1.00
2010.09.28 01:07:28.383,0.9456,0.9459,1.00,1.00
2010.09.28 01:07:28.683,0.94555,0.9459,9.80,1.00
2010.09.28 01:07:30.533,0.94555,0.94595,9.80,1.00
2010.09.28 01:07:34.848,0.94555,0.9459,9.80,1.00
2010.09.28 01:07:37.309,0.94555,0.94595,9.80,1.00
2010.09.28 01:07:38.722,0.94555,0.94595,9.60,1.00
2010.09.28 01:07:38.824,0.94555,0.94595,4.00,4.00
2010.09.28 01:07:38.933,0.94555,0.94595,1.00,8.00
2010.09.28 01:07:40.563,0.9455,0.9459,4.10,1.00
2010.09.28 01:07:42.179,0.9455,0.94585,4.10,1.00
2010.09.28 01:07:42.519,0.9455,0.94585,4.00,1.00
2010.09.28 01:07:42.613,0.94545,0.94585,9.90,1.00
2010.09.28 01:07:42.634,0.94545,0.94585,9.80,1.00
2010.09.28 01:07:42.724,0.94545,0.94585,5.80,4.10
2010.09.28 01:07:42.762,0.94545,0.94585,1.80,8.10
2010.09.28 01:07:44.342,0.94545,0.94585,1.90,8.10
2010.09.28 01:07:45.376,0.94545,0.9458,1.90,1.00
2010.09.28 01:07:49.099,0.9454,0.94575,8.00,1.00
2010.09.28 01:07:49.134,0.94535,0.94575,8.00,1.00
2010.09.28 01:07:49.375,0.94535,0.94575,4.00,4.20
2010.09.28 01:07:49.404,0.94535,0.9457,4.00,1.00
2010.09.28 01:07:49.463,0.94535,0.9457,4.00,2.50
2010.09.28 01:07:49.976,0.9453,0.9457,8.30,1.00
2010.09.28 01:07:50.615,0.9454,0.9457,1.20,1.00
2010.09.28 01:07:51.567,0.9454,0.94575,1.20,8.30
2010.09.28 01:07:51.844,0.9454,0.94575,1.20,8.10
2010.09.28 01:07:53.326,0.9454,0.94575,1.20,8.00
2010.09.28 01:07:55.771,0.9454,0.9457,1.20,1.00
2010.09.28 01:07:58.894,0.9454,0.94575,1.20,1.00
2010.09.28 01:07:59.194,0.94545,0.94575,1.00,1.00
2010.09.28 01:07:59.528,0.94545,0.94575,1.20,1.00
2010.09.28 01:08:02.054,0.94545,0.9458,9.20,1.00
2010.09.28 01:08:03.484,0.94545,0.9458,9.20,1.00
2010.09.28 01:08:10.667,0.9455,0.9458,1.00,1.00
2010.09.28 01:08:12.435,0.9455,0.94585,1.00,1.00
2010.09.28 01:08:25.860,0.9455,0.94585,1.20,4.10
2010.09.28 01:08:26.184,0.9455,0.94585,1.20,8.10
2010.09.28 01:08:30.562,0.9455,0.9458,1.20,1.00
2010.09.28 01:08:31.225,0.9455,0.94585,1.20,8.00
2010.09.28 01:08:34.078,0.9455,0.94585,1.20,1.00
2010.09.28 01:08:34.637,0.9455,0.9459,1.30,12.10
2010.09.28 01:08:36.985,0.9455,0.94585,1.20,1.00
2010.09.28 01:08:37.024,0.94555,0.94585,1.00,1.00
2010.09.28 01:08:38.443,0.94555,0.9459,1.00,5.60
2010.09.28 01:08:39.856,0.94555,0.94585,1.00,1.00
2010.09.28 01:08:40.514,0.94555,0.94585,1.00,1.00
2010.09.28 01:08:40.844,0.94555,0.9459,1.00,12.10
2010.09.28 01:08:41.493,0.94555,0.94585,1.00,1.00
2010.09.28 01:08:41.703,0.94555,0.9459,1.00,12.10
2010.09.28 01:08:42.433,0.94555,0.94585,1.00,1.00
2010.09.28 01:08:44.487,0.94555,0.9459,1.00,12.00
2010.09.28 01:08:45.523,0.94555,0.9459,1.00,4.00
2010.09.28 01:08:46.528,0.94555,0.94585,1.20,1.00
2010.09.28 01:08:46.660,0.9456,0.94585,1.00,1.00
2010.09.28 01:08:48.623,0.9456,0.9459,1.00,4.00
2010.09.28 01:08:57.674,0.9456,0.9459,1.00,4.00
2010.09.28 01:08:58.006,0.9456,0.9459,1.00,4.10
2010.09.28 01:08:58.167,0.9456,0.9459,1.00,2.50
2010.09.28 01:08:58.326,0.9456,0.9459,1.00,1.00
2010.09.28 01:08:58.586,0.94565,0.9459,1.00,1.00
2010.09.28 01:08:59.433,0.94565,0.94595,1.00,4.10
2010.09.28 01:09:01.894,0.94565,0.9459,1.00,1.00
2010.09.28 01:09:02.154,0.94565,0.94595,1.00,4.10
2010.09.28 01:09:02.414,0.94565,0.94595,1.00,4.00
2010.09.28 01:09:02.673,0.9456,0.9459,1.00,1.00
2010.09.28 01:09:02.873,0.94555,0.9459,4.00,1.00
2010.09.28 01:09:05.844,0.9455,0.9459,8.00,1.00
2010.09.28 01:09:06.964,0.9455,0.94585,8.00,1.00
2010.09.28 01:09:07.084,0.94555,0.9459,1.00,1.00
2010.09.28 01:09:07.524,0.9455,0.94585,8.10,1.00
2010.09.28 01:09:08.415,0.94555,0.9459,1.00,1.00
2010.09.28 01:09:09.503,0.94555,0.9459,1.00,2.40
2010.09.28 01:09:09.684,0.94555,0.9459,1.00,6.40
2010.09.28 01:09:09.974,0.94555,0.9459,1.00,10.40
2010.09.28 01:09:10.564,0.94555,0.9459,1.00,1.00
2010.09.28 01:09:12.316,0.94555,0.9459,8.00,2.40
2010.09.28 01:09:12.444,0.9455,0.9459,8.00,4.00
2010.09.28 01:09:12.684,0.9455,0.9459,4.00,8.00
2010.09.28 01:09:13.524,0.9455,0.94585,1.00,1.00
2010.09.28 01:09:17.904,0.9455,0.9459,1.00,12.10
2010.09.28 01:09:18.323,0.9455,0.9459,1.00,12.00
2010.09.28 01:09:19.356,0.9455,0.9459,1.00,12.00
2010.09.28 01:09:19.605,0.9455,0.9459,4.10,6.40
2010.09.28 01:09:20.010,0.9455,0.9459,8.00,4.10
2010.09.28 01:09:20.253,0.9455,0.9459,4.00,8.10
2010.09.28 01:09:20.373,0.94545,0.9459,10.30,12.10
2010.09.28 01:09:20.493,0.9455,0.9459,1.00,12.10
2010.09.28 01:09:21.503,0.9455,0.94585,1.00,1.00
2010.09.28 01:09:26.196,0.9455,0.9459,1.00,12.00
2010.09.28 01:09:26.220,0.9455,0.9459,1.00,12.00
2010.09.28 01:09:26.528,0.94555,0.9459,1.60,10.40
2010.09.28 01:09:26.548,0.94555,0.9459,9.60,1.00
2010.09.28 01:09:26.645,0.94555,0.9459,9.60,1.00
2010.09.28 01:09:27.645,0.94555,0.9459,9.60,1.00
2010.09.28 01:09:33.234,0.94555,0.9459,9.60,1.00
2010.09.28 01:09:36.542,0.94555,0.94595,9.60,2.30
2010.09.28 01:09:36.635,0.94555,0.9459,8.00,1.60
2010.09.28 01:09:36.914,0.9455,0.9459,8.10,1.60
2010.09.28 01:09:37.393,0.94555,0.9459,1.00,1.60
2010.09.28 01:09:37.584,0.9455,0.9459,8.10,1.70
2010.09.28 01:09:37.790,0.9455,0.94585,8.00,1.00
2010.09.28 01:09:38.875,0.9455,0.94585,8.10,1.00
2010.09.28 01:09:39.947,0.9455,0.9459,8.00,1.60
2010.09.28 01:09:40.085,0.9455,0.9459,8.30,1.70
2010.09.28 01:09:40.226,0.94555,0.9459,1.00,1.00
2010.09.28 01:09:40.676,0.94555,0.9459,8.00,1.00
2010.09.28 01:09:40.875,0.94555,0.9459,8.00,4.10
2010.09.28 01:09:41.075,0.94555,0.9459,8.00,1.00
2010.09.28 01:09:41.275,0.94555,0.9459,4.00,1.00
2010.09.28 01:09:41.666,0.94555,0.9459,8.00,1.00
2010.09.28 01:09:42.011,0.94555,0.9459,8.00,1.70
2010.09.28 01:09:42.355,0.9455,0.9459,8.10,1.70
2010.09.28 01:09:44.240,0.9455,0.94585,8.10,1.00
2010.09.28 01:09:45.770,0.9455,0.9459,8.20,1.60
2010.09.28 01:09:45.974,0.94555,0.9459,1.60,1.00
2010.09.28 01:09:46.184,0.94555,0.9459,5.60,1.00
2010.09.28 01:09:46.384,0.94555,0.9459,9.60,1.00
2010.09.28 01:09:47.379,0.94555,0.9459,9.70,1.00
2010.09.28 01:09:48.365,0.94555,0.94585,9.60,1.00
2010.09.28 01:09:49.688,0.94555,0.9459,9.60,1.00
2010.09.28 01:09:49.825,0.94555,0.9459,9.60,1.00
2010.09.28 01:09:49.965,0.94555,0.9459,8.00,1.90
2010.09.28 01:09:50.104,0.94555,0.9459,4.00,1.90
2010.09.28 01:09:50.574,0.9455,0.94585,8.00,1.00
2010.09.28 01:09:52.465,0.94555,0.9459,1.00,1.60
2010.09.28 01:09:52.624,0.94555,0.9459,1.80,1.00
2010.09.28 01:09:52.774,0.94555,0.9459,9.80,1.00
2010.09.28 01:09:53.515,0.94555,0.94585,9.80,1.00
2010.09.28 01:09:55.967,0.94555,0.9459,9.80,1.00
2010.09.28 01:09:56.203,0.94555,0.94585,9.80,1.00
2010.09.28 01:09:56.543,0.94555,0.94585,9.80,1.00
2010.09.28 01:09:56.884,0.94555,0.9459,9.80,1.00
2010.09.28 01:09:59.165,0.94555,0.94585,11.00,1.00
2010.09.28 01:09:59.591,0.9456,0.9459,1.00,1.00
2010.09.28 01:09:59.827,0.94565,0.9459,1.60,1.00
2010.09.28 01:10:04.694,0.94565,0.9459,1.80,1.00
2010.09.28 01:10:04.906,0.94565,0.9459,2.20,1.00
2010.09.28 01:10:04.944,0.94565,0.94595,2.20,1.00
2010.09.28 01:10:05.204,0.94565,0.94595,6.20,1.00
2010.09.28 01:10:05.809,0.9457,0.9461,4.00,1.90
2010.09.28 01:10:06.114,0.94565,0.9461,10.20,12.30
2010.09.28 01:10:07.284,0.94565,0.94595,10.20,1.00
2010.09.28 01:10:09.503,0.94565,0.946,10.30,1.00
2010.09.28 01:10:10.166,0.94565,0.946,10.20,1.00
2010.09.28 01:10:11.919,0.9457,0.94605,1.00,1.00
2010.09.28 01:10:12.204,0.94565,0.946,10.20,1.00
2010.09.28 01:10:12.494,0.94565,0.94605,11.10,1.00
2010.09.28 01:10:12.815,0.9457,0.94605,1.00,1.00
2010.09.28 01:10:13.049,0.94575,0.94605,2.00,1.00
2010.09.28 01:10:14.629,0.94575,0.94605,2.00,1.00
2010.09.28 01:10:16.857,0.94575,0.9461,1.00,4.50
2010.09.28 01:10:17.125,0.94575,0.9461,1.00,12.50
2010.09.28 01:10:17.185,0.94575,0.94605,1.00,1.00
2010.09.28 01:10:17.879,0.94575,0.94605,2.00,1.00
2010.09.28 01:10:18.556,0.94575,0.94605,2.00,1.00
2010.09.28 01:10:18.717,0.94575,0.946,2.00,1.00
2010.09.28 01:10:18.874,0.94575,0.946,1.60,2.60
2010.09.28 01:10:19.035,0.9457,0.946,1.60,2.60
2010.09.28 01:10:19.773,0.94565,0.946,2.90,2.60
2010.09.28 01:10:21.343,0.94565,0.946,2.80,2.60
2010.09.28 01:10:21.475,0.94565,0.946,2.80,2.50
2010.09.28 01:10:21.603,0.94565,0.946,2.80,1.00
2010.09.28 01:10:22.011,0.9457,0.946,1.00,1.00
2010.09.28 01:10:22.125,0.9457,0.946,1.20,1.00
2010.09.28 01:10:23.934,0.9457,0.94605,1.30,9.90
2010.09.28 01:10:25.193,0.9457,0.946,1.20,1.00
2010.09.28 01:10:28.373,0.9457,0.946,1.20,1.00
2010.09.28 01:10:28.876,0.9457,0.946,1.20,4.30
2010.09.28 01:10:29.264,0.9457,0.94595,1.20,1.00
2010.09.28 01:10:30.925,0.9457,0.946,1.20,4.30
2010.09.28 01:10:30.986,0.9457,0.946,1.20,4.10
2010.09.28 01:10:31.456,0.9457,0.946,1.20,1.00
2010.09.28 01:10:32.875,0.9457,0.946,1.20,1.00
2010.09.28 01:10:34.364,0.9457,0.946,5.20,1.00
2010.09.28 01:10:34.925,0.9457,0.946,1.20,1.00
2010.09.28 01:10:36.926,0.9457,0.946,1.20,2.40
2010.09.28 01:10:37.900,0.94575,0.94605,1.20,1.00
2010.09.28 01:10:38.925,0.94575,0.94605,1.20,1.00
2010.09.28 01:10:39.674,0.94575,0.94605,1.20,1.60
2010.09.28 01:10:40.772,0.94575,0.94605,1.20,1.60
2010.09.28 01:10:40.924,0.94575,0.94605,1.20,1.70
2010.09.28 01:10:42.370,0.9458,0.94605,1.00,1.70
2010.09.28 01:10:42.474,0.94585,0.94605,1.00,1.70
2010.09.28 01:10:44.314,0.9458,0.94605,1.00,1.70
2010.09.28 01:10:50.133,0.9458,0.94605,1.00,1.00
2010.09.28 01:10:57.426,0.9458,0.94605,1.00,1.00
2010.09.28 01:10:57.505,0.9458,0.94605,1.00,1.00
2010.09.28 01:10:57.664,0.94575,0.946,1.00,2.40
2010.09.28 01:11:01.677,0.94575,0.946,1.00,2.50
2010.09.28 01:11:04.943,0.94575,0.9459,1.00,2.40
2010.09.28 01:11:05.398,0.94565,0.9459,6.00,2.40
2010.09.28 01:11:05.474,0.94565,0.9459,2.00,2.40
2010.09.28 01:11:05.634,0.94565,0.9459,1.00,2.40
2010.09.28 01:11:07.449,0.94565,0.9459,1.00,2.50
2010.09.28 01:11:12.044,0.94565,0.9459,1.00,2.70
2010.09.28 01:11:12.316,0.94565,0.9459,1.00,2.50
2010.09.28 01:11:16.406,0.9456,0.9459,1.20,2.50
2010.09.28 01:11:16.665,0.9456,0.9459,1.20,1.00
2010.09.28 01:11:16.996,0.9456,0.9459,1.20,2.50
2010.09.28 01:11:24.504,0.9456,0.9459,1.20,1.00
2010.09.28 01:11:34.687,0.9456,0.94595,1.20,1.80
2010.09.28 01:11:34.803,0.9456,0.9459,1.20,2.60
2010.09.28 01:11:35.331,0.9456,0.94585,1.00,1.00
2010.09.28 01:11:35.798,0.94555,0.9459,1.00,4.30
2010.09.28 01:11:37.384,0.94555,0.9459,1.00,4.30
2010.09.28 01:11:39.114,0.94555,0.94585,1.00,1.00
2010.09.28 01:11:39.244,0.94555,0.94585,1.00,1.80
2010.09.28 01:11:39.774,0.94555,0.94585,1.00,1.90
2010.09.28 01:11:47.245,0.94555,0.9458,1.00,2.40
2010.09.28 01:11:47.891,0.94555,0.94585,1.00,5.90
2010.09.28 01:11:48.234,0.94555,0.94585,1.00,1.90
2010.09.28 01:11:51.985,0.94555,0.9458,1.00,2.40
2010.09.28 01:11:52.654,0.94555,0.9458,1.00,2.40
2010.09.28 01:11:53.857,0.94555,0.9458,1.00,2.40
2010.09.28 01:11:55.506,0.94555,0.9458,1.00,2.50
2010.09.28 01:12:00.425,0.94555,0.9458,1.00,2.70
2010.09.28 01:12:00.624,0.94545,0.9458,2.90,2.70
2010.09.28 01:12:06.665,0.94545,0.9458,2.90,1.00
2010.09.28 01:12:06.975,0.94545,0.9458,2.80,1.00
2010.09.28 01:12:07.065,0.94545,0.94575,2.40,1.00
2010.09.28 01:12:07.154,0.94545,0.94575,1.00,1.80
2010.09.28 01:12:07.539,0.94545,0.94575,1.00,1.80
2010.09.28 01:12:07.629,0.94545,0.94575,1.00,1.80
2010.09.28 01:12:09.407,0.94545,0.94575,1.00,1.80
2010.09.28 01:12:11.317,0.9454,0.94575,1.70,1.90
2010.09.28 01:12:13.785,0.94545,0.94575,1.00,1.80
2010.09.28 01:12:14.993,0.9454,0.94575,1.60,1.80
2010.09.28 01:12:15.293,0.9454,0.94575,1.60,9.80
2010.09.28 01:12:16.094,0.94545,0.94575,1.00,9.80
2010.09.28 01:12:16.474,0.94545,0.94575,1.00,1.80
2010.09.28 01:12:25.878,0.9454,0.94575,1.90,1.60
2010.09.28 01:12:26.262,0.9455,0.94575,1.00,1.60
2010.09.28 01:12:26.613,0.94555,0.9459,1.60,2.70
2010.09.28 01:12:30.174,0.94555,0.9459,1.70,2.70
2010.09.28 01:12:36.701,0.9456,0.9459,1.00,2.60
2010.09.28 01:12:38.859,0.94555,0.9459,1.70,2.60
2010.09.28 01:12:39.564,0.94555,0.9459,5.70,2.60
2010.09.28 01:12:39.904,0.94555,0.9459,9.70,2.60
2010.09.28 01:12:40.244,0.94555,0.9459,9.70,2.70
2010.09.28 01:12:41.755,0.94555,0.9459,9.60,2.70
2010.09.28 01:12:43.454,0.94555,0.9459,9.70,2.60
2010.09.28 01:12:44.857,0.94555,0.9459,9.90,2.40
2010.09.28 01:12:44.895,0.9456,0.9459,1.00,2.40
2010.09.28 01:12:44.934,0.9456,0.94595,1.00,1.00
2010.09.28 01:12:44.974,0.9456,0.946,1.00,12.20
2010.09.28 01:12:45.015,0.9456,0.946,4.00,8.20
2010.09.28 01:12:45.115,0.9456,0.946,8.00,4.20
2010.09.28 01:12:45.276,0.9456,0.946,4.00,4.20
2010.09.28 01:12:45.545,0.9456,0.946,8.00,4.20
2010.09.28 01:12:46.746,0.9456,0.946,8.10,4.20
2010.09.28 01:12:47.834,0.9456,0.946,8.10,4.00
2010.09.28 01:12:47.915,0.9456,0.946,8.00,4.00
2010.09.28 01:12:47.995,0.9456,0.946,8.00,4.10
2010.09.28 01:12:49.065,0.9456,0.946,8.10,4.00
2010.09.28 01:12:50.450,0.9456,0.946,8.00,4.00
2010.09.28 01:12:50.674,0.9456,0.946,8.00,4.00
2010.09.28 01:12:51.346,0.9456,0.946,8.00,4.00
2010.09.28 01:12:51.554,0.9456,0.946,8.00,4.00
2010.09.28 01:12:52.019,0.9456,0.946,8.10,4.00
2010.09.28 01:12:52.326,0.94565,0.946,4.00,4.00
2010.09.28 01:12:52.635,0.94565,0.946,4.00,4.00
2010.09.28 01:12:52.814,0.9456,0.946,8.00,4.00
2010.09.28 01:12:55.374,0.9456,0.946,8.00,1.60
2010.09.28 01:12:55.465,0.94565,0.946,1.00,1.60
2010.09.28 01:12:55.555,0.9456,0.946,8.10,1.60
2010.09.28 01:12:55.645,0.94565,0.94605,1.60,9.70
2010.09.28 01:12:55.995,0.94565,0.94605,1.60,9.60
2010.09.28 01:12:56.090,0.94565,0.9461,8.10,12.30
2010.09.28 01:12:57.336,0.94565,0.94605,8.00,1.00
2010.09.28 01:12:57.774,0.94565,0.9461,8.00,12.20
2010.09.28 01:12:58.567,0.94565,0.946,8.00,1.60
2010.09.28 01:12:59.047,0.94565,0.946,8.00,4.00
2010.09.28 01:13:03.693,0.94565,0.946,8.00,4.00
2010.09.28 01:13:04.253,0.94565,0.946,8.00,4.00
2010.09.28 01:13:07.714,0.94565,0.946,8.00,4.00
2010.09.28 01:13:08.325,0.94565,0.946,8.10,4.00
2010.09.28 01:13:13.222,0.94565,0.946,8.00,4.00
2010.09.28 01:13:13.454,0.94565,0.946,8.00,4.00
2010.09.28 01:13:13.684,0.94565,0.946,8.00,4.00
2010.09.28 01:13:15.584,0.94565,0.946,8.00,4.00
2010.09.28 01:13:16.129,0.94565,0.946,8.00,4.10
2010.09.28 01:13:16.796,0.94565,0.946,8.10,4.00
2010.09.28 01:13:17.275,0.94565,0.946,4.10,4.00
2010.09.28 01:13:19.335,0.94565,0.946,4.00,4.00
2010.09.28 01:13:20.211,0.94565,0.946,4.10,4.00
2010.09.28 01:13:20.684,0.94565,0.946,4.00,4.00
2010.09.28 01:13:21.443,0.94565,0.946,4.00,4.00
2010.09.28 01:13:22.581,0.94565,0.946,8.10,2.40
2010.09.28 01:13:22.855,0.94565,0.946,4.10,4.00
2010.09.28 01:13:22.954,0.94565,0.946,4.00,4.00
2010.09.28 01:13:23.366,0.9456,0.946,8.10,2.50
2010.09.28 01:13:23.465,0.94565,0.946,1.00,2.50
2010.09.28 01:13:24.275,0.94565,0.946,1.00,2.40
2010.09.28 01:13:24.616,0.94565,0.946,4.10,2.40
2010.09.28 01:13:25.104,0.94565,0.946,4.00,2.50
2010.09.28 01:13:25.406,0.94565,0.946,4.00,4.10
2010.09.28 01:13:25.557,0.9456,0.946,8.10,4.10
2010.09.28 01:13:26.747,0.9456,0.946,8.00,4.00
2010.09.28 01:13:27.988,0.9457,0.946,1.00,4.00
2010.09.28 01:13:28.265,0.94565,0.946,1.00,1.60
2010.09.28 01:13:28.726,0.94565,0.946,4.10,1.60
2010.09.28 01:13:28.865,0.94565,0.946,4.00,4.00
2010.09.28 01:13:29.205,0.94565,0.946,1.00,4.00
2010.09.28 01:13:31.783,0.9456,0.946,8.00,4.00
2010.09.28 01:13:31.913,0.94565,0.946,1.00,4.00
2010.09.28 01:13:35.278,0.94565,0.946,4.00,4.00
2010.09.28 01:13:35.354,0.94565,0.946,4.10,4.00
2010.09.28 01:13:35.936,0.94565,0.946,8.00,4.00
2010.09.28 01:13:36.995,0.9457,0.946,1.00,4.00
2010.09.28 01:13:37.125,0.9457,0.946,1.00,1.60
2010.09.28 01:13:38.584,0.9457,0.946,1.00,1.60
2010.09.28 01:13:42.754,0.94565,0.946,8.10,1.60
2010.09.28 01:13:44.224,0.9457,0.946,1.00,1.60
2010.09.28 01:13:44.724,0.9457,0.94605,1.00,1.60
2010.09.28 01:13:46.798,0.94565,0.94605,9.70,1.70
2010.09.28 01:13:47.396,0.94565,0.946,9.60,1.00
2010.09.28 01:13:47.692,0.94565,0.94605,9.60,1.60
2010.09.28 01:13:49.910,0.94565,0.94605,9.60,1.60
2010.09.28 01:13:49.975,0.94565,0.94595,9.60,1.00
2010.09.28 01:13:50.035,0.94565,0.94595,8.00,1.80
2010.09.28 01:13:50.220,0.94565,0.94595,4.00,1.80
2010.09.28 01:13:50.606,0.94555,0.94595,9.60,1.80
2010.09.28 01:13:51.216,0.9456,0.94595,1.00,1.80
2010.09.28 01:13:51.563,0.9456,0.94595,1.00,1.00
2010.09.28 01:13:52.435,0.9456,0.94595,1.00,1.00
2010.09.28 01:13:53.264,0.9456,0.946,1.00,12.10
2010.09.28 01:13:53.384,0.9456,0.946,1.00,9.70
2010.09.28 01:13:53.505,0.9456,0.946,1.00,8.10
2010.09.28 01:13:53.634,0.9456,0.946,4.10,4.10
2010.09.28 01:13:53.754,0.9456,0.946,8.10,1.00
2010.09.28 01:13:55.104,0.94565,0.94605,1.00,8.30
2010.09.28 01:13:55.425,0.94565,0.94605,1.00,8.20
2010.09.28 01:13:56.409,0.94565,0.946,1.00,2.40
2010.09.28 01:13:57.741,0.9456,0.946,8.10,2.50
2010.09.28 01:13:58.144,0.9456,0.946,4.10,6.50
2010.09.28 01:13:59.384,0.94565,0.946,1.60,6.50
2010.09.28 01:14:02.388,0.9456,0.94595,4.00,1.00
2010.09.28 01:14:02.574,0.9456,0.946,4.10,2.50
2010.09.28 01:14:04.305,0.9456,0.946,8.10,2.50
2010.09.28 01:14:04.504,0.9456,0.946,4.10,2.50
2010.09.28 01:14:07.073,0.9456,0.946,4.50,2.50
2010.09.28 01:14:08.664,0.94565,0.946,1.60,1.00
2010.09.28 01:14:10.344,0.94565,0.94605,1.70,8.10
2010.09.28 01:14:10.847,0.94565,0.946,1.60,1.00
2010.09.28 01:14:11.224,0.94565,0.94605,1.60,8.00
2010.09.28 01:14:11.794,0.94565,0.94605,1.60,8.20
2010.09.28 01:14:12.074,0.94565,0.946,1.60,2.40
2010.09.28 01:14:17.306,0.94575,0.946,1.60,2.40
2010.09.28 01:14:17.374,0.94565,0.946,1.60,2.40
2010.09.28 01:14:17.446,0.94565,0.946,5.60,2.70
2010.09.28 01:14:17.515,0.94565,0.946,9.60,2.70
2010.09.28 01:14:17.656,0.94565,0.946,4.00,4.30
2010.09.28 01:14:17.999,0.9456,0.94595,8.00,1.00
2010.09.28 01:14:18.339,0.9456,0.94595,8.00,1.00
2010.09.28 01:14:18.676,0.9456,0.94595,4.00,1.00
2010.09.28 01:14:19.505,0.9456,0.94595,4.00,1.00
2010.09.28 01:14:20.558,0.9456,0.946,4.00,8.30
2010.09.28 01:14:20.616,0.9456,0.946,4.00,8.20
2010.09.28 01:14:21.445,0.9456,0.946,4.00,9.00
2010.09.28 01:14:21.615,0.9456,0.9459,4.00,2.40
2010.09.28 01:14:21.954,0.94555,0.9459,9.60,2.40
2010.09.28 01:14:24.539,0.94555,0.94595,9.60,1.80
2010.09.28 01:14:25.897,0.94555,0.9459,8.00,4.00
2010.09.28 01:14:28.565,0.94555,0.9459,8.00,4.00
2010.09.28 01:14:30.008,0.94555,0.9459,8.10,4.00
2010.09.28 01:14:30.504,0.94555,0.94585,8.10,1.60
2010.09.28 01:14:30.704,0.94555,0.94585,1.00,1.60
2010.09.28 01:14:31.331,0.94555,0.94585,1.00,1.60
2010.09.28 01:14:32.305,0.9455,0.9459,8.00,4.00
2010.09.28 01:14:32.565,0.94555,0.9459,8.00,4.00
2010.09.28 01:14:33.305,0.94555,0.9459,8.00,2.40
2010.09.28 01:14:33.464,0.9456,0.946,1.00,12.30
2010.09.28 01:14:33.855,0.9456,0.946,4.10,12.30
2010.09.28 01:14:34.106,0.9456,0.946,4.10,8.30
2010.09.28 01:14:34.854,0.9456,0.946,4.00,8.20
2010.09.28 01:14:35.744,0.9456,0.946,4.00,8.20
2010.09.28 01:14:39.495,0.9456,0.946,1.00,12.20
2010.09.28 01:14:43.323,0.94555,0.946,9.70,12.30
2010.09.28 01:14:45.058,0.94555,0.94595,9.70,1.00
2010.09.28 01:14:45.908,0.9456,0.946,1.00,12.20
2010.09.28 01:14:48.376,0.94555,0.94595,9.60,1.00
2010.09.28 01:14:48.875,0.9456,0.946,1.00,12.30
2010.09.28 01:14:49.125,0.94555,0.946,9.70,12.30
2010.09.28 01:14:49.374,0.94555,0.94595,9.70,1.00
2010.09.28 01:14:50.556,0.94555,0.94595,9.60,1.00
2010.09.28 01:14:50.895,0.94555,0.9459,9.60,4.00
2010.09.28 01:14:51.234,0.94555,0.9459,5.60,4.00
2010.09.28 01:14:51.424,0.94555,0.9459,5.60,4.00
2010.09.28 01:14:51.956,0.94555,0.9459,5.70,4.10
2010.09.28 01:14:52.145,0.94555,0.9459,5.60,4.10
2010.09.28 01:14:52.909,0.94555,0.9459,5.60,4.00
2010.09.28 01:14:53.115,0.94545,0.9458,8.00,4.00
2010.09.28 01:14:53.459,0.94545,0.9458,8.00,4.00
2010.09.28 01:14:55.064,0.94545,0.9458,8.00,4.00
2010.09.28 01:14:55.375,0.94545,0.9458,8.00,4.00
2010.09.28 01:14:56.248,0.9454,0.94575,8.00,1.00
2010.09.28 01:14:56.419,0.94535,0.94575,9.60,1.00
2010.09.28 01:14:56.914,0.9454,0.94575,4.00,1.00
2010.09.28 01:14:57.866,0.9454,0.9457,4.00,4.00
2010.09.28 01:14:58.178,0.94535,0.9457,9.60,4.00
2010.09.28 01:14:59.077,0.9454,0.9457,1.20,4.00
2010.09.28 01:15:00.580,0.9454,0.9458,1.20,12.30
2010.09.28 01:15:00.687,0.9455,0.9458,1.00,8.10
2010.09.28 01:15:00.786,0.9455,0.9458,1.00,4.10
2010.09.28 01:15:01.415,0.9454,0.9457,4.40,4.00
2010.09.28 01:15:01.614,0.9454,0.9457,1.00,4.00
2010.09.28 01:15:02.395,0.9454,0.94575,4.40,1.00
2010.09.28 01:15:02.980,0.9454,0.94575,4.40,1.00
2010.09.28 01:15:03.169,0.9454,0.94575,4.50,1.00
2010.09.28 01:15:03.360,0.9455,0.9458,1.00,4.00
2010.09.28 01:15:03.549,0.9455,0.9458,1.00,4.10
2010.09.28 01:15:04.147,0.94555,0.9458,1.00,1.00
2010.09.28 01:15:04.485,0.94555,0.9459,1.00,2.50
2010.09.28 01:15:05.256,0.9456,0.94585,1.20,1.00
2010.09.28 01:15:07.414,0.9456,0.9459,1.20,6.40
2010.09.28 01:15:07.804,0.9456,0.9459,1.20,1.00
2010.09.28 01:15:07.946,0.9456,0.9459,1.20,2.40
2010.09.28 01:15:08.693,0.9456,0.9459,1.20,6.40
2010.09.28 01:15:09.378,0.9456,0.94585,1.20,1.00
2010.09.28 01:15:09.915,0.9456,0.94585,1.20,1.00
2010.09.28 01:15:10.460,0.9456,0.9459,1.20,2.50
2010.09.28 01:15:11.355,0.9456,0.9459,1.20,2.40
2010.09.28 01:15:13.195,0.9456,0.94585,1.20,1.00
2010.09.28 01:15:14.373,0.9456,0.94585,1.20,1.00
2010.09.28 01:15:14.854,0.9456,0.9459,1.20,2.50
2010.09.28 01:15:21.472,0.9456,0.94585,1.20,1.00
2010.09.28 01:15:23.837,0.9456,0.9459,1.20,2.40
2010.09.28 01:15:24.435,0.9456,0.9459,1.20,2.50
2010.09.28 01:15:27.506,0.9456,0.9459,1.20,2.40
2010.09.28 01:15:37.215,0.9456,0.94585,1.20,1.00
2010.09.28 01:15:37.926,0.9456,0.9459,1.20,2.50
2010.09.28 01:15:38.445,0.9456,0.9459,1.20,1.00
2010.09.28 01:15:39.735,0.9456,0.9459,1.20,1.00
2010.09.28 01:15:40.464,0.9456,0.94595,1.20,1.00
2010.09.28 01:15:40.754,0.94565,0.94595,1.20,1.00
2010.09.28 01:15:42.360,0.94565,0.9459,1.20,1.00
2010.09.28 01:15:44.376,0.94565,0.94595,1.20,1.00
2010.09.28 01:15:50.357,0.94565,0.94595,1.20,1.00
2010.09.28 01:15:51.454,0.94565,0.9459,1.20,1.00
2010.09.28 01:15:51.907,0.94565,0.94595,1.20,1.00
2010.09.28 01:15:52.715,0.94565,0.946,1.20,4.10
2010.09.28 01:15:53.090,0.94565,0.94595,1.20,4.00
2010.09.28 01:15:53.369,0.94565,0.9459,1.20,2.40
2010.09.28 01:15:55.415,0.94565,0.9459,1.20,2.50
2010.09.28 01:15:57.164,0.9456,0.9459,1.20,2.50
2010.09.28 01:15:59.292,0.9456,0.94585,1.20,1.00
2010.09.28 01:16:08.654,0.94565,0.94585,1.00,1.00
2010.09.28 01:16:15.475,0.94565,0.9459,1.00,2.40
2010.09.28 01:16:18.665,0.94565,0.94585,1.00,1.00
2010.09.28 01:16:19.437,0.94565,0.9459,1.00,2.50
2010.09.28 01:16:26.144,0.94565,0.94585,1.00,1.00
2010.09.28 01:16:26.616,0.94565,0.9459,1.00,1.00
2010.09.28 01:16:33.396,0.94565,0.94585,1.00,1.00
2010.09.28 01:16:34.855,0.94565,0.9459,1.00,1.00
2010.09.28 01:16:37.264,0.94565,0.9459,1.00,2.50
2010.09.28 01:16:38.406,0.94565,0.94595,1.00,1.00
2010.09.28 01:16:38.586,0.94565,0.9459,1.00,1.00
2010.09.28 01:16:40.117,0.94565,0.94595,1.00,1.00
2010.09.28 01:16:41.115,0.9457,0.94595,1.20,1.00
2010.09.28 01:16:46.638,0.9457,0.9459,1.20,1.00
2010.09.28 01:16:48.157,0.9457,0.9459,1.20,1.00
2010.09.28 01:16:49.562,0.9457,0.94595,1.20,1.00
2010.09.28 01:16:51.394,0.9457,0.9459,1.20,1.00
2010.09.28 01:16:51.665,0.94565,0.9459,1.20,1.00
2010.09.28 01:16:52.141,0.94565,0.94595,1.20,1.00
2010.09.28 01:16:52.365,0.94565,0.94595,1.00,1.00
2010.09.28 01:16:52.483,0.9456,0.94595,4.40,1.00
2010.09.28 01:16:53.347,0.9456,0.94595,4.40,1.00
2010.09.28 01:16:54.286,0.9456,0.9459,4.40,1.00
2010.09.28 01:16:56.251,0.9456,0.94595,4.40,1.00
2010.09.28 01:16:57.156,0.9456,0.9459,4.40,1.00
2010.09.28 01:16:58.531,0.9456,0.94595,4.40,1.00
2010.09.28 01:16:58.739,0.9456,0.9459,4.40,1.00
2010.09.28 01:17:00.194,0.9456,0.94595,4.40,1.00
2010.09.28 01:17:09.961,0.9456,0.946,4.50,5.70
2010.09.28 01:17:10.446,0.94565,0.946,4.00,1.70
2010.09.28 01:17:10.915,0.94565,0.946,8.00,1.60
2010.09.28 01:17:10.974,0.94565,0.946,8.00,1.60
2010.09.28 01:17:11.285,0.94565,0.94595,8.00,1.00
2010.09.28 01:17:12.179,0.94565,0.946,8.00,1.70
2010.09.28 01:17:12.855,0.94565,0.946,8.10,1.60
2010.09.28 01:17:12.974,0.94565,0.946,8.00,1.60
2010.09.28 01:17:13.034,0.94565,0.94605,8.00,1.60
2010.09.28 01:17:13.096,0.94565,0.94605,8.40,1.60
2010.09.28 01:17:13.216,0.94565,0.946,8.40,1.00
2010.09.28 01:17:13.625,0.94565,0.946,10.00,1.00
2010.09.28 01:17:13.974,0.94565,0.94605,4.50,5.70
2010.09.28 01:17:36.353,0.94565,0.94605,4.50,4.10
2010.09.28 01:17:39.954,0.94565,0.946,4.40,1.00
2010.09.28 01:17:42.188,0.94565,0.94605,4.50,4.10
2010.09.28 01:17:47.205,0.94565,0.946,4.40,1.00
2010.09.28 01:17:47.865,0.94565,0.94605,4.40,4.00
2010.09.28 01:17:47.924,0.94565,0.94605,6.00,4.00
2010.09.28 01:17:48.348,0.9457,0.94605,4.00,1.00
2010.09.28 01:17:49.835,0.9457,0.94605,4.00,1.00
2010.09.28 01:17:51.876,0.9457,0.94605,4.00,1.00
2010.09.28 01:17:52.174,0.94565,0.94605,4.40,1.00
2010.09.28 01:17:52.214,0.94565,0.94605,4.40,4.20
2010.09.28 01:17:55.237,0.9457,0.94605,1.60,4.20
2010.09.28 01:17:57.505,0.9457,0.94605,1.60,1.00
2010.09.28 01:17:58.004,0.9457,0.94605,1.60,1.00
2010.09.28 01:18:01.574,0.94565,0.94605,10.00,1.00
2010.09.28 01:18:02.027,0.94565,0.946,10.00,1.00
2010.09.28 01:18:02.226,0.94565,0.946,2.00,1.00
2010.09.28 01:18:03.315,0.94565,0.946,2.00,1.00
2010.09.28 01:18:03.596,0.9456,0.946,4.50,2.50
2010.09.28 01:18:11.964,0.9456,0.946,4.50,4.10
2010.09.28 01:18:12.435,0.9456,0.946,4.50,8.10
2010.09.28 01:18:13.545,0.9456,0.946,4.10,8.10
2010.09.28 01:18:14.045,0.9456,0.94595,4.00,1.00
2010.09.28 01:18:14.496,0.9456,0.946,4.00,8.00
2010.09.28 01:18:15.494,0.9456,0.946,4.00,6.40
2010.09.28 01:18:15.735,0.9456,0.946,4.40,2.40
2010.09.28 01:18:15.984,0.9456,0.946,1.00,10.40
2010.09.28 01:18:16.716,0.9456,0.94595,8.40,1.00
2010.09.28 01:18:17.031,0.9457,0.946,1.00,1.00
2010.09.28 01:18:17.585,0.9457,0.94595,1.00,1.00
2010.09.28 01:18:18.085,0.9457,0.94595,1.00,1.00
2010.09.28 01:18:22.477,0.9457,0.946,1.00,1.70
2010.09.28 01:18:22.728,0.9457,0.946,1.00,4.10
2010.09.28 01:18:23.500,0.94575,0.94605,1.20,8.00
2010.09.28 01:18:23.837,0.9457,0.946,1.00,1.00
2010.09.28 01:18:24.176,0.9457,0.946,1.00,1.00
2010.09.28 01:18:24.860,0.9457,0.94605,1.00,1.00
2010.09.28 01:18:25.806,0.9457,0.946,1.00,1.00
2010.09.28 01:18:26.576,0.9457,0.94605,1.00,1.00
2010.09.28 01:18:27.816,0.9457,0.946,1.00,1.00
2010.09.28 01:18:28.096,0.9457,0.94605,1.00,1.00
2010.09.28 01:18:28.647,0.94575,0.94605,1.00,1.00
2010.09.28 01:18:29.129,0.94575,0.94605,1.20,1.00
2010.09.28 01:18:29.845,0.94575,0.94605,5.20,1.00
2010.09.28 01:18:30.187,0.94575,0.94615,5.20,4.20
2010.09.28 01:18:30.526,0.9458,0.94615,1.20,4.20
2010.09.28 01:18:31.015,0.9458,0.9461,1.20,1.00
2010.09.28 01:18:34.345,0.9458,0.9461,1.20,1.00
2010.09.28 01:18:35.455,0.9458,0.94615,1.20,1.00
2010.09.28 01:18:36.625,0.9458,0.94615,1.20,4.00
2010.09.28 01:18:37.750,0.9458,0.9461,1.20,1.00
2010.09.28 01:18:41.949,0.94585,0.9461,1.00,1.00
2010.09.28 01:18:42.007,0.94585,0.9462,1.00,12.00
2010.09.28 01:18:42.337,0.94585,0.9462,2.40,10.40
2010.09.28 01:18:42.398,0.9459,0.9462,4.00,4.10
2010.09.28 01:18:42.514,0.94585,0.9462,1.00,8.10
2010.09.28 01:18:42.696,0.94585,0.94615,1.00,1.00
2010.09.28 01:18:43.527,0.94585,0.94615,1.00,1.00
2010.09.28 01:18:49.908,0.94585,0.9461,1.00,1.00
2010.09.28 01:18:50.167,0.94575,0.9461,4.40,4.60
2010.09.28 01:18:50.297,0.94575,0.9461,1.00,8.70
2010.09.28 01:18:50.660,0.94575,0.9461,1.00,8.30
2010.09.28 01:18:50.908,0.9458,0.9461,1.00,8.30
2010.09.28 01:18:51.906,0.94585,0.9461,1.00,5.60
2010.09.28 01:18:52.428,0.94585,0.94615,1.00,1.00
2010.09.28 01:18:52.865,0.94585,0.9461,1.00,1.00
2010.09.28 01:18:58.783,0.94585,0.94615,1.00,1.00
2010.09.28 01:18:59.465,0.94585,0.9461,1.00,1.00
2010.09.28 01:19:02.021,0.94585,0.94615,1.00,1.00
2010.09.28 01:19:04.197,0.94585,0.94615,1.20,1.00
2010.09.28 01:19:05.937,0.94595,0.9462,1.20,1.00
2010.09.28 01:19:06.066,0.94595,0.9462,1.20,1.60
2010.09.28 01:19:06.195,0.9459,0.9462,1.00,4.00
2010.09.28 01:19:06.698,0.94595,0.94615,1.00,1.00
2010.09.28 01:19:08.186,0.94595,0.9462,1.00,1.00
2010.09.28 01:19:10.097,0.94595,0.94625,1.00,4.10
2010.09.28 01:19:10.297,0.94595,0.9463,1.00,8.00
2010.09.28 01:19:10.808,0.94595,0.9463,1.00,5.60
2010.09.28 01:19:11.039,0.946,0.9463,1.00,1.00
2010.09.28 01:19:12.277,0.946,0.94635,1.00,8.10
2010.09.28 01:19:13.160,0.946,0.9463,1.00,1.00
2010.09.28 01:19:14.557,0.946,0.94625,1.00,1.00
2010.09.28 01:19:15.005,0.946,0.9463,1.00,1.00
2010.09.28 01:19:15.363,0.94605,0.9463,1.00,1.00
2010.09.28 01:19:15.521,0.94605,0.94635,1.20,1.00
2010.09.28 01:19:15.869,0.94605,0.94635,5.20,1.00
2010.09.28 01:19:16.207,0.94605,0.9464,5.20,1.70
2010.09.28 01:19:16.546,0.94605,0.9464,1.20,1.70
2010.09.28 01:19:17.505,0.94605,0.9464,1.20,1.60
2010.09.28 01:19:18.391,0.94605,0.9464,1.20,1.60
2010.09.28 01:19:18.595,0.9461,0.9464,1.00,1.00
2010.09.28 01:19:18.700,0.94615,0.94645,1.00,8.20
2010.09.28 01:19:19.191,0.94615,0.9464,1.00,4.00
2010.09.28 01:19:19.401,0.94605,0.9464,1.00,8.00
2010.09.28 01:19:19.805,0.94605,0.9464,1.00,8.00
2010.09.28 01:19:20.395,0.94605,0.9464,1.00,4.00
2010.09.28 01:19:20.917,0.94605,0.94635,1.00,1.00
2010.09.28 01:19:22.396,0.94605,0.9463,1.00,2.50
2010.09.28 01:19:22.743,0.946,0.9463,1.00,2.50
2010.09.28 01:19:22.996,0.946,0.94635,1.00,1.00
2010.09.28 01:19:24.485,0.946,0.9463,1.00,1.00
2010.09.28 01:19:27.034,0.9461,0.94635,1.00,1.00
2010.09.28 01:19:28.762,0.9461,0.94635,1.00,1.00
2010.09.28 01:19:29.345,0.9461,0.9463,1.00,1.00
2010.09.28 01:19:34.244,0.9461,0.94635,1.00,1.00
2010.09.28 01:19:35.219,0.9461,0.9463,1.00,1.00
2010.09.28 01:19:36.466,0.9461,0.94635,1.00,1.00
2010.09.28 01:19:37.124,0.94605,0.94635,1.00,1.00
2010.09.28 01:19:37.731,0.94605,0.9463,1.00,1.00
2010.09.28 01:19:37.956,0.94605,0.9463,1.00,1.00
2010.09.28 01:19:40.295,0.94605,0.94635,1.00,1.00
2010.09.28 01:19:42.095,0.94605,0.9463,1.00,2.40
2010.09.28 01:19:42.266,0.946,0.94635,1.20,1.00
2010.09.28 01:19:42.436,0.946,0.94635,1.00,1.00
2010.09.28 01:19:42.605,0.946,0.9464,1.00,12.00
2010.09.28 01:19:42.937,0.946,0.9464,1.20,12.00
2010.09.28 01:19:43.279,0.94605,0.9464,1.00,12.10
2010.09.28 01:19:45.027,0.94605,0.94635,1.00,1.00
2010.09.28 01:19:48.135,0.94605,0.9464,1.00,12.00
2010.09.28 01:19:48.669,0.94605,0.9464,1.00,8.00
2010.09.28 01:19:49.685,0.94605,0.9464,1.00,8.10
2010.09.28 01:19:50.467,0.94605,0.9463,1.00,1.00
2010.09.28 01:19:51.967,0.94605,0.94635,1.00,1.00
2010.09.28 01:19:54.869,0.94605,0.9463,1.00,1.00
2010.09.28 01:19:55.077,0.946,0.9463,5.20,4.00
2010.09.28 01:19:55.287,0.946,0.9463,1.00,4.00
2010.09.28 01:19:57.617,0.946,0.9463,1.00,4.00
2010.09.28 01:20:03.960,0.946,0.9463,1.00,4.00
2010.09.28 01:20:09.466,0.946,0.9463,1.00,4.10
2010.09.28 01:20:10.805,0.946,0.9463,1.00,4.00
2010.09.28 01:20:11.485,0.94605,0.9463,1.00,2.40
2010.09.28 01:20:11.840,0.94605,0.94635,1.00,8.30
2010.09.28 01:20:12.148,0.94605,0.94635,1.00,1.00
2010.09.28 01:20:13.076,0.94605,0.94635,1.00,4.20
2010.09.28 01:20:13.555,0.94605,0.94635,1.00,4.30
2010.09.28 01:20:14.944,0.94605,0.94635,1.00,4.20
2010.09.28 01:20:17.585,0.946,0.94635,1.20,4.20
2010.09.28 01:20:17.726,0.946,0.9463,1.00,4.00
2010.09.28 01:20:17.875,0.946,0.94635,1.00,4.30
2010.09.28 01:20:18.398,0.94605,0.94635,1.00,1.00
2010.09.28 01:20:26.945,0.94605,0.94635,1.00,1.00
2010.09.28 01:20:49.075,0.94605,0.94635,1.00,1.00
2010.09.28 01:20:55.256,0.94605,0.94635,1.00,1.00
2010.09.28 01:20:56.715,0.94605,0.9463,1.00,1.00
2010.09.28 01:20:57.285,0.94605,0.94635,1.00,1.00
2010.09.28 01:20:57.494,0.94605,0.94635,1.00,4.00
2010.09.28 01:20:57.544,0.94605,0.94635,1.00,1.00
2010.09.28 01:21:02.090,0.94605,0.9463,1.00,1.00
2010.09.28 01:21:03.014,0.94605,0.94635,1.00,1.00
2010.09.28 01:21:03.357,0.94605,0.94635,1.00,1.00
2010.09.28 01:21:11.406,0.94605,0.9464,1.00,4.10
2010.09.28 01:21:11.715,0.94605,0.9464,1.00,8.10
2010.09.28 01:21:11.789,0.94605,0.94635,1.00,1.00
2010.09.28 01:21:11.855,0.9461,0.94635,1.00,1.00
2010.09.28 01:21:11.995,0.9461,0.9464,1.00,1.00
2010.09.28 01:21:12.066,0.94605,0.9464,1.00,4.00
2010.09.28 01:21:12.135,0.94605,0.9464,1.00,8.00
2010.09.28 01:21:12.206,0.9461,0.9464,1.00,8.00
2010.09.28 01:21:12.603,0.9461,0.9464,1.00,5.60
2010.09.28 01:21:12.917,0.9461,0.94645,1.00,4.30
2010.09.28 01:21:16.475,0.9461,0.94645,1.00,1.00
2010.09.28 01:21:26.015,0.94615,0.94645,1.00,1.00
2010.09.28 01:21:28.732,0.94615,0.94645,1.00,1.00
2010.09.28 01:21:30.526,0.94615,0.94645,1.00,1.00
2010.09.28 01:21:32.144,0.94615,0.94645,1.00,1.00
2010.09.28 01:21:34.121,0.94615,0.94645,1.00,1.00
2010.09.28 01:21:35.655,0.94615,0.94645,1.00,4.20
2010.09.28 01:21:36.968,0.9461,0.94645,1.00,4.20
2010.09.28 01:21:37.135,0.94605,0.94645,4.40,4.20
2010.09.28 01:21:37.645,0.94605,0.94645,4.40,4.20
2010.09.28 01:21:37.805,0.94605,0.94645,8.40,1.00
2010.09.28 01:21:38.075,0.94605,0.94645,8.40,4.20
2010.09.28 01:21:38.387,0.94605,0.94645,4.40,4.20
2010.09.28 01:21:42.575,0.94605,0.94645,4.40,8.20
2010.09.28 01:21:42.624,0.94605,0.94645,1.00,8.20
2010.09.28 01:21:44.125,0.94605,0.94645,4.40,4.20
2010.09.28 01:21:48.897,0.94605,0.94645,4.00,4.20
2010.09.28 01:21:52.025,0.94605,0.94645,4.00,4.20
2010.09.28 01:21:52.605,0.94605,0.94645,8.00,1.00
2010.09.28 01:21:54.616,0.94605,0.94645,8.10,1.00
2010.09.28 01:21:56.195,0.94605,0.94645,8.00,1.00
2010.09.28 01:21:56.864,0.94605,0.94645,8.00,1.00
2010.09.28 01:21:57.509,0.94605,0.94645,8.00,1.00
2010.09.28 01:21:58.894,0.94605,0.94645,8.40,1.00
2010.09.28 01:22:02.876,0.94605,0.94645,8.50,1.00
2010.09.28 01:22:03.348,0.94605,0.94645,8.00,1.00
2010.09.28 01:22:03.475,0.94605,0.94645,1.00,8.10
2010.09.28 01:22:03.815,0.94605,0.94645,4.40,4.10
2010.09.28 01:22:04.745,0.94605,0.94645,4.40,4.00
2010.09.28 01:22:05.925,0.94605,0.94645,4.50,4.00
2010.09.28 01:22:06.045,0.94605,0.94645,4.40,4.00
2010.09.28 01:22:06.483,0.94605,0.94645,10.00,4.00
2010.09.28 01:22:06.706,0.9461,0.9465,4.00,4.00
2010.09.28 01:22:07.376,0.9461,0.9465,4.40,1.00
2010.09.28 01:22:07.907,0.94615,0.94655,4.00,4.30
2010.09.28 01:22:10.147,0.94615,0.9465,4.00,2.40
2010.09.28 01:22:11.236,0.94615,0.9465,8.00,2.40
2010.09.28 01:22:14.795,0.94615,0.9465,8.00,2.40
2010.09.28 01:22:19.408,0.94615,0.9465,8.20,2.40
2010.09.28 01:22:19.515,0.94615,0.9465,9.00,2.40
2010.09.28 01:22:19.624,0.94615,0.9466,9.00,12.10
2010.09.28 01:22:19.736,0.9462,0.9466,8.00,2.50
2010.09.28 01:22:20.196,0.9462,0.9466,8.10,2.40
2010.09.28 01:22:21.205,0.9462,0.9466,8.00,2.40
2010.09.28 01:22:22.076,0.9463,0.94665,1.00,8.00
2010.09.28 01:22:22.226,0.9463,0.94665,1.00,8.00
2010.09.28 01:22:22.377,0.9463,0.9467,2.80,8.00
2010.09.28 01:22:22.869,0.9463,0.9467,2.80,4.00
2010.09.28 01:22:23.208,0.9463,0.94675,10.80,8.00
2010.09.28 01:22:23.547,0.9463,0.9467,4.00,5.60
2010.09.28 01:22:24.786,0.9463,0.9467,4.10,5.60
2010.09.28 01:22:26.819,0.94635,0.9467,1.00,5.60
2010.09.28 01:22:27.265,0.9463,0.9467,4.10,5.60
2010.09.28 01:22:27.375,0.94635,0.9467,1.00,1.60
2010.09.28 01:22:27.795,0.9463,0.9467,4.10,5.60
2010.09.28 01:22:31.335,0.94635,0.9467,1.00,5.60
2010.09.28 01:22:31.808,0.94635,0.9466,1.00,1.60
2010.09.28 01:22:31.942,0.9463,0.9466,4.00,1.60
2010.09.28 01:22:32.066,0.94625,0.9466,1.60,1.60
2010.09.28 01:22:32.196,0.94625,0.94665,1.60,8.20
2010.09.28 01:22:32.396,0.94625,0.94665,5.60,4.20
2010.09.28 01:22:32.979,0.94625,0.94665,5.60,4.20
2010.09.28 01:22:33.181,0.9462,0.9466,4.40,5.60
2010.09.28 01:22:34.596,0.94625,0.9466,1.00,5.60
2010.09.28 01:22:35.197,0.9462,0.9466,8.40,1.60
2010.09.28 01:22:35.467,0.94625,0.9466,1.70,1.60
2010.09.28 01:22:35.757,0.94635,0.9467,4.00,4.20
2010.09.28 01:22:36.468,0.94635,0.9467,8.00,4.20
2010.09.28 01:22:36.698,0.94635,0.9467,9.60,1.60
2010.09.28 01:22:36.926,0.9464,0.9467,8.00,1.60
2010.09.28 01:22:37.155,0.94635,0.9467,1.60,1.60
2010.09.28 01:22:38.175,0.94635,0.9467,1.60,1.60
2010.09.28 01:22:39.125,0.94635,0.9467,1.70,1.60
2010.09.28 01:22:39.675,0.94635,0.94665,1.70,4.00
2010.09.28 01:22:39.905,0.94635,0.94665,1.70,8.00
2010.09.28 01:22:40.649,0.9464,0.94665,1.00,8.00
2010.09.28 01:22:41.270,0.94635,0.94665,1.70,8.00
2010.09.28 01:22:42.956,0.9464,0.94665,1.00,8.00
2010.09.28 01:22:44.419,0.9464,0.94665,1.00,8.00
2010.09.28 01:22:44.805,0.94635,0.94665,1.60,8.00
2010.09.28 01:22:46.306,0.9464,0.94665,1.00,8.00
2010.09.28 01:22:47.385,0.94635,0.94665,1.70,8.00
2010.09.28 01:22:50.660,0.94635,0.9467,1.60,1.60
2010.09.28 01:22:50.786,0.9464,0.9467,1.00,1.60
2010.09.28 01:22:51.188,0.9464,0.9467,4.00,1.60
2010.09.28 01:22:51.636,0.9464,0.9467,8.00,1.60
2010.09.28 01:22:52.656,0.94635,0.9468,9.80,12.20
2010.09.28 01:22:52.875,0.9464,0.9468,1.00,12.20
2010.09.28 01:22:53.636,0.94645,0.9468,1.00,12.20
2010.09.28 01:22:54.896,0.94645,0.9468,1.00,9.80
2010.09.28 01:22:55.106,0.9464,0.9468,1.00,9.80
2010.09.28 01:22:55.316,0.94635,0.9468,9.70,9.60
2010.09.28 01:22:55.526,0.94635,0.9468,9.70,12.00
2010.09.28 01:22:56.177,0.94635,0.9468,9.60,12.00
2010.09.28 01:22:57.198,0.9464,0.9468,1.00,12.00
2010.09.28 01:22:57.346,0.9464,0.9468,1.00,9.60
2010.09.28 01:22:58.415,0.9464,0.9468,1.00,9.60
2010.09.28 01:22:58.555,0.9464,0.9468,2.50,8.00
2010.09.28 01:22:58.696,0.9464,0.9468,2.40,8.00
2010.09.28 01:22:58.837,0.9464,0.9468,3.60,8.00
2010.09.28 01:22:59.494,0.94645,0.9468,1.00,8.00
2010.09.28 01:22:59.837,0.9465,0.9468,2.50,8.00
2010.09.28 01:23:00.175,0.9465,0.94695,6.50,9.60
2010.09.28 01:23:03.955,0.9465,0.9469,6.50,4.00
2010.09.28 01:23:07.805,0.9465,0.94695,6.50,9.60
2010.09.28 01:23:12.859,0.9465,0.9469,6.50,1.00
2010.09.28 01:23:13.009,0.94635,0.9468,8.00,10.60
2010.09.28 01:23:13.137,0.94635,0.9468,10.40,8.20
2010.09.28 01:23:13.267,0.9464,0.94675,2.60,4.00
2010.09.28 01:23:13.396,0.94645,0.9468,4.00,4.00
2010.09.28 01:23:13.526,0.94645,0.94685,4.00,4.20
2010.09.28 01:23:14.127,0.9464,0.94685,8.00,8.00
2010.09.28 01:23:15.295,0.9464,0.94685,8.00,8.10
2010.09.28 01:23:17.736,0.9464,0.94685,8.00,8.00
2010.09.28 01:23:18.805,0.9464,0.94685,8.10,8.00
2010.09.28 01:23:19.027,0.94645,0.94685,4.00,4.00
2010.09.28 01:23:19.711,0.9464,0.94685,8.10,8.00
2010.09.28 01:23:22.397,0.9464,0.94685,8.00,8.00
2010.09.28 01:23:25.265,0.9464,0.94685,8.00,8.00
2010.09.28 01:23:26.075,0.9464,0.94685,8.00,8.00
2010.09.28 01:23:26.817,0.94645,0.9469,8.00,12.00
2010.09.28 01:23:30.268,0.94645,0.94685,4.00,4.00
2010.09.28 01:23:30.436,0.94645,0.94685,1.00,8.00
2010.09.28 01:23:30.608,0.9464,0.94685,8.10,8.00
2010.09.28 01:23:30.779,0.94645,0.94685,1.00,8.00
2010.09.28 01:23:31.106,0.94645,0.9469,4.00,12.00
2010.09.28 01:23:31.496,0.94645,0.94685,4.00,4.00
2010.09.28 01:23:31.838,0.94645,0.9469,8.00,12.00
2010.09.28 01:23:33.242,0.94645,0.9468,4.00,1.60
2010.09.28 01:23:33.431,0.94645,0.9468,1.00,1.60
2010.09.28 01:23:33.608,0.9465,0.9468,1.00,1.60
2010.09.28 01:23:34.608,0.9464,0.9468,8.10,1.60
2010.09.28 01:23:35.285,0.9464,0.9468,4.10,5.60
2010.09.28 01:23:35.632,0.9464,0.9468,1.00,5.60
2010.09.28 01:23:35.880,0.9464,0.9468,1.00,9.60
2010.09.28 01:23:36.668,0.94645,0.9468,1.60,8.00
2010.09.28 01:23:37.010,0.9465,0.9469,4.00,8.20
2010.09.28 01:23:38.200,0.9465,0.9469,4.00,5.80
2010.09.28 01:23:38.978,0.9465,0.9469,4.10,5.80
2010.09.28 01:23:39.236,0.9465,0.9469,4.00,5.80
2010.09.28 01:23:39.845,0.9465,0.9469,4.10,5.80
2010.09.28 01:23:41.428,0.9465,0.9469,4.00,5.80
2010.09.28 01:23:41.530,0.9465,0.94685,1.00,4.00
2010.09.28 01:23:41.642,0.94645,0.94685,4.00,4.00
2010.09.28 01:23:43.266,0.9465,0.9469,1.00,8.20
2010.09.28 01:23:46.210,0.9465,0.9469,1.00,9.80
2010.09.28 01:23:53.144,0.9465,0.9469,1.00,8.20
2010.09.28 01:23:55.715,0.9465,0.9469,1.00,8.00
2010.09.28 01:23:55.976,0.94645,0.9469,8.00,9.60
2010.09.28 01:23:56.225,0.94645,0.9469,8.00,8.00
2010.09.28 01:23:56.685,0.94645,0.9469,8.00,9.60
2010.09.28 01:23:58.369,0.94645,0.9469,8.10,9.60
2010.09.28 01:23:58.915,0.94645,0.9469,9.70,9.60
2010.09.28 01:23:59.505,0.9465,0.9469,1.00,9.60
2010.09.28 01:23:59.726,0.9465,0.9469,2.40,9.60
2010.09.28 01:24:00.175,0.94645,0.9469,9.60,9.60
2010.09.28 01:24:00.856,0.9465,0.9469,2.40,9.60
2010.09.28 01:24:01.296,0.94645,0.9469,9.60,9.60
2010.09.28 01:24:02.235,0.9465,0.9469,1.00,9.60
2010.09.28 01:24:02.336,0.9465,0.9469,2.40,9.60
2010.09.28 01:24:02.830,0.9465,0.9469,2.40,9.60
2010.09.28 01:24:02.937,0.94645,0.94685,1.00,8.00
2010.09.28 01:24:03.345,0.9464,0.94685,10.50,8.00
2010.09.28 01:24:03.545,0.9464,0.94685,10.40,8.00
2010.09.28 01:24:04.147,0.94645,0.94685,1.00,8.00
2010.09.28 01:24:04.385,0.9464,0.94685,12.10,8.00
2010.09.28 01:24:04.625,0.94645,0.94685,1.00,8.00
2010.09.28 01:24:05.208,0.94655,0.9469,1.00,4.00
2010.09.28 01:24:05.316,0.94655,0.947,8.20,10.40
2010.09.28 01:24:05.524,0.94655,0.947,8.00,10.40
2010.09.28 01:24:05.625,0.94655,0.947,8.00,10.40
2010.09.28 01:24:05.725,0.94655,0.94695,4.00,4.00
2010.09.28 01:24:05.825,0.9465,0.94695,11.20,8.00
2010.09.28 01:24:06.135,0.94655,0.94695,1.00,8.00
2010.09.28 01:24:06.798,0.94645,0.9469,8.00,8.00
2010.09.28 01:24:07.050,0.94645,0.94685,4.00,4.00
2010.09.28 01:24:07.518,0.94645,0.9469,8.00,8.00
2010.09.28 01:24:07.737,0.94645,0.9469,8.10,8.00
2010.09.28 01:24:08.387,0.94645,0.9469,8.00,8.00
2010.09.28 01:24:09.275,0.94645,0.9469,8.00,8.00
2010.09.28 01:24:10.156,0.94645,0.9469,8.00,8.10
2010.09.28 01:24:10.385,0.94645,0.9469,8.10,8.00
2010.09.28 01:24:11.184,0.94645,0.9469,8.00,8.00
2010.09.28 01:24:11.469,0.9464,0.94685,11.30,4.00
2010.09.28 01:24:11.748,0.94645,0.94685,4.00,4.00
2010.09.28 01:24:12.028,0.94645,0.94685,4.00,4.00
2010.09.28 01:24:13.628,0.94645,0.94685,4.00,4.00
2010.09.28 01:24:13.758,0.9464,0.94685,8.00,8.00
2010.09.28 01:24:14.007,0.9464,0.94685,8.10,8.00
2010.09.28 01:24:14.573,0.9464,0.94685,8.00,8.10
2010.09.28 01:24:14.696,0.94645,0.94685,8.00,1.00
2010.09.28 01:24:15.036,0.94645,0.9469,8.00,12.10
2010.09.28 01:24:15.857,0.94645,0.94685,8.00,1.00
2010.09.28 01:24:17.438,0.94645,0.9469,8.00,12.10
2010.09.28 01:24:18.105,0.94645,0.94685,4.00,4.00
2010.09.28 01:24:20.016,0.94645,0.9469,8.00,8.10
2010.09.28 01:24:20.530,0.94645,0.9469,8.00,8.00
2010.09.28 01:24:21.225,0.94645,0.9469,8.00,12.00
2010.09.28 01:24:21.586,0.9464,0.94685,10.40,8.00
2010.09.28 01:24:21.955,0.9464,0.94685,10.40,8.00
2010.09.28 01:24:22.145,0.9464,0.94685,8.00,8.20
2010.09.28 01:24:22.452,0.94645,0.94685,4.00,4.20
2010.09.28 01:24:22.647,0.94645,0.9468,8.00,1.60
2010.09.28 01:24:24.881,0.94645,0.9468,8.00,1.60
2010.09.28 01:24:26.817,0.9464,0.9468,4.00,1.60
2010.09.28 01:24:27.005,0.94645,0.9468,8.00,1.60
2010.09.28 01:24:27.195,0.94645,0.9468,8.00,1.60
2010.09.28 01:24:27.536,0.9465,0.9468,4.00,1.60
2010.09.28 01:24:29.095,0.94645,0.9468,4.00,1.60
2010.09.28 01:24:29.606,0.9464,0.9468,4.00,1.60
2010.09.28 01:24:31.000,0.9464,0.9468,4.00,1.60
2010.09.28 01:24:31.579,0.9464,0.9468,4.00,1.60
2010.09.28 01:24:31.670,0.9464,0.9468,4.00,1.60
2010.09.28 01:24:32.006,0.9464,0.9468,4.00,1.60
2010.09.28 01:24:32.345,0.9464,0.9468,4.10,1.60
2010.09.28 01:24:34.045,0.9464,0.9468,4.00,1.60
2010.09.28 01:24:36.639,0.9464,0.9468,4.00,1.60
2010.09.28 01:24:37.707,0.9464,0.9468,8.00,1.60
2010.09.28 01:24:38.405,0.9464,0.9468,4.00,1.60
2010.09.28 01:24:41.341,0.9464,0.9468,4.00,4.20
2010.09.28 01:24:41.438,0.94635,0.9468,8.00,12.20
2010.09.28 01:24:42.901,0.94635,0.9468,8.00,12.20
2010.09.28 01:24:43.065,0.94635,0.9468,8.00,9.80
2010.09.28 01:24:43.145,0.94635,0.9468,9.60,5.80
2010.09.28 01:24:43.528,0.9464,0.9468,4.00,1.80
2010.09.28 01:24:45.936,0.94635,0.9468,9.60,12.20
2010.09.28 01:24:46.075,0.94635,0.9468,8.00,12.20
2010.09.28 01:24:46.497,0.94635,0.9468,8.00,12.20
2010.09.28 01:24:47.035,0.94635,0.9468,8.00,12.20
2010.09.28 01:24:48.167,0.94635,0.9468,8.00,12.20
2010.09.28 01:24:48.935,0.94635,0.9468,8.00,12.20
2010.09.28 01:24:49.785,0.94635,0.9468,8.00,13.00
2010.09.28 01:24:50.025,0.94635,0.9467,4.00,4.00
2010.09.28 01:24:50.145,0.9463,0.9467,4.00,8.00
2010.09.28 01:24:50.820,0.94635,0.94675,4.00,4.00
2010.09.28 01:24:52.365,0.94635,0.94675,1.00,8.00
2010.09.28 01:24:58.365,0.9463,0.94675,10.40,8.00
2010.09.28 01:24:59.421,0.94635,0.94675,1.00,8.00
2010.09.28 01:25:00.410,0.9463,0.94675,10.50,8.00
2010.09.28 01:25:05.837,0.94635,0.94675,1.00,8.00
2010.09.28 01:25:06.198,0.94635,0.94675,1.00,8.00
2010.09.28 01:25:06.221,0.94635,0.9468,8.00,12.20
2010.09.28 01:25:06.267,0.94635,0.9468,8.10,12.20
2010.09.28 01:25:06.797,0.94635,0.9468,8.00,12.20
2010.09.28 01:25:07.426,0.94635,0.9468,8.00,12.30
2010.09.28 01:25:09.776,0.94635,0.9467,8.00,1.00
2010.09.28 01:25:09.916,0.94635,0.9467,4.00,1.00
2010.09.28 01:25:10.371,0.94625,0.94665,4.00,4.00
2010.09.28 01:25:10.658,0.94625,0.94665,8.00,4.00
2010.09.28 01:25:11.147,0.94625,0.9467,8.00,4.20
2010.09.28 01:25:11.478,0.9463,0.9467,4.00,4.00
2010.09.28 01:25:14.867,0.9463,0.94675,4.00,8.20
2010.09.28 01:25:15.826,0.9463,0.94675,4.10,8.20
2010.09.28 01:25:16.510,0.9463,0.94675,4.00,8.30
2010.09.28 01:25:16.862,0.9463,0.9467,4.00,2.40
2010.09.28 01:25:17.125,0.9463,0.9467,4.00,2.40
2010.09.28 01:25:17.267,0.9463,0.9467,6.40,4.00
2010.09.28 01:25:17.957,0.94625,0.9467,8.10,12.80
2010.09.28 01:25:18.297,0.9462,0.94665,4.10,8.00
2010.09.28 01:25:18.984,0.94625,0.9467,8.00,9.60
2010.09.28 01:25:19.666,0.94625,0.9467,8.10,9.60
2010.09.28 01:25:20.005,0.94625,0.9467,8.00,9.60
2010.09.28 01:25:20.515,0.94625,0.9467,8.10,9.60
2010.09.28 01:25:21.385,0.94625,0.9467,8.00,9.60
2010.09.28 01:25:22.857,0.94625,0.9467,8.00,12.00
2010.09.28 01:25:23.366,0.94625,0.9467,8.00,12.00
2010.09.28 01:25:24.536,0.94625,0.9467,8.00,12.00
2010.09.28 01:25:24.725,0.94625,0.9467,8.00,12.00
2010.09.28 01:25:24.905,0.94625,0.9467,8.00,12.00
2010.09.28 01:25:25.506,0.94625,0.9467,8.00,12.00
2010.09.28 01:25:26.605,0.94625,0.9467,8.00,12.00
2010.09.28 01:25:27.255,0.9463,0.9467,1.00,12.00
2010.09.28 01:25:27.437,0.9463,0.9467,1.00,9.60
2010.09.28 01:25:28.146,0.94625,0.94665,1.00,8.00
2010.09.28 01:25:28.425,0.9462,0.94665,8.10,8.00
2010.09.28 01:25:28.705,0.9462,0.94665,8.00,8.00
2010.09.28 01:25:30.306,0.9462,0.94665,8.10,8.00
2010.09.28 01:25:30.546,0.94625,0.9467,8.00,9.60
2010.09.28 01:25:30.996,0.94625,0.9467,8.00,10.50
2010.09.28 01:25:31.530,0.94625,0.9466,1.00,1.60
2010.09.28 01:25:31.986,0.9462,0.9466,10.50,1.60
2010.09.28 01:25:32.486,0.94625,0.9466,4.00,1.60
2010.09.28 01:25:33.968,0.94625,0.9466,4.00,1.60
2010.09.28 01:25:34.295,0.94625,0.9466,4.00,1.60
2010.09.28 01:25:36.275,0.9462,0.9466,8.10,1.60
2010.09.28 01:25:38.107,0.94625,0.9466,1.60,1.60
2010.09.28 01:25:38.285,0.94625,0.9466,9.60,1.60
2010.09.28 01:25:40.045,0.9463,0.9466,1.00,1.60
2010.09.28 01:25:40.550,0.94625,0.9466,9.60,1.60
2010.09.28 01:25:40.726,0.94625,0.9466,8.00,1.60
2010.09.28 01:25:40.908,0.94625,0.9466,8.00,1.60
2010.09.28 01:25:41.086,0.94625,0.9466,8.10,1.60
2010.09.28 01:25:41.266,0.9462,0.9466,9.70,1.60
2010.09.28 01:25:42.219,0.9462,0.9466,8.10,1.60
2010.09.28 01:25:42.506,0.9462,0.9466,9.70,1.60
2010.09.28 01:25:44.445,0.94625,0.9466,1.00,1.60
2010.09.28 01:25:44.986,0.9462,0.9466,9.60,1.60
2010.09.28 01:25:49.655,0.94625,0.9466,4.00,1.60
2010.09.28 01:25:50.766,0.94625,0.9466,1.00,1.60
2010.09.28 01:25:52.328,0.9462,0.9466,9.70,1.60
2010.09.28 01:25:52.465,0.94625,0.9466,1.00,1.60
2010.09.28 01:25:52.949,0.94625,0.9466,4.10,1.60
2010.09.28 01:25:54.326,0.94625,0.9466,4.00,1.60
2010.09.28 01:25:54.426,0.9462,0.9466,9.60,1.60
2010.09.28 01:25:54.499,0.9462,0.9466,9.70,1.60
2010.09.28 01:25:54.978,0.94625,0.9466,4.00,1.60
2010.09.28 01:25:55.997,0.94625,0.9466,1.00,1.60
2010.09.28 01:25:56.336,0.94625,0.9466,4.10,1.60
2010.09.28 01:25:57.099,0.9463,0.9466,1.00,1.60
2010.09.28 01:25:58.365,0.94625,0.9466,4.00,1.60
2010.09.28 01:25:59.018,0.94625,0.9466,1.00,1.60
2010.09.28 01:26:02.346,0.9462,0.9466,9.70,1.60
2010.09.28 01:26:02.606,0.94625,0.9466,1.00,1.60
2010.09.28 01:26:03.435,0.9462,0.9466,9.60,1.60
2010.09.28 01:26:03.839,0.9462,0.9466,5.60,1.60
2010.09.28 01:26:04.027,0.94625,0.9466,1.00,1.60
2010.09.28 01:26:08.029,0.9463,0.9466,1.00,1.60
2010.09.28 01:26:08.468,0.9462,0.9466,4.00,1.60
2010.09.28 01:26:08.540,0.9462,0.9466,8.00,1.60
2010.09.28 01:26:08.606,0.9462,0.9466,8.00,1.60
2010.09.28 01:26:09.848,0.9462,0.9466,8.00,1.60
2010.09.28 01:26:11.445,0.9462,0.9466,8.10,1.60
2010.09.28 01:26:11.701,0.9462,0.9466,8.00,1.60
2010.09.28 01:26:12.115,0.9462,0.9466,8.10,1.60
2010.09.28 01:26:12.269,0.9462,0.9466,8.00,1.60
2010.09.28 01:26:12.617,0.9462,0.9466,8.00,1.60
2010.09.28 01:26:12.746,0.9462,0.9466,8.00,1.60
2010.09.28 01:26:14.277,0.9462,0.9466,4.10,1.60
2010.09.28 01:26:14.505,0.9462,0.9466,4.00,1.60
2010.09.28 01:26:14.960,0.94625,0.9466,1.00,1.60
2010.09.28 01:26:15.459,0.9462,0.9466,8.10,1.60
2010.09.28 01:26:15.726,0.94625,0.9466,1.00,1.60
2010.09.28 01:26:16.256,0.94625,0.9466,1.00,1.60
2010.09.28 01:26:17.336,0.9462,0.9466,8.00,1.60
2010.09.28 01:26:17.596,0.94625,0.9466,1.00,1.60
2010.09.28 01:26:19.050,0.94625,0.9466,1.70,1.60
2010.09.28 01:26:19.128,0.94625,0.9466,9.70,1.60
2010.09.28 01:26:20.386,0.94625,0.9466,9.60,1.60
2010.09.28 01:26:21.022,0.94625,0.9466,9.60,1.60
2010.09.28 01:26:21.088,0.94625,0.9466,5.70,1.60
2010.09.28 01:26:21.255,0.94625,0.9466,9.70,1.60
2010.09.28 01:26:21.326,0.94625,0.9466,9.60,1.60
2010.09.28 01:26:21.527,0.94625,0.9466,5.60,1.60
2010.09.28 01:26:24.135,0.94625,0.9466,1.60,1.60
2010.09.28 01:26:25.631,0.94625,0.9466,1.60,1.60
2010.09.28 01:26:26.945,0.94625,0.9466,5.60,1.60
2010.09.28 01:26:27.822,0.94625,0.9466,5.60,1.60
2010.09.28 01:26:30.335,0.94625,0.9466,5.60,1.60
2010.09.28 01:26:30.880,0.94625,0.9466,9.70,1.60
2010.09.28 01:26:33.166,0.94625,0.9466,1.00,1.80
2010.09.28 01:26:35.489,0.9462,0.9466,8.10,1.80
2010.09.28 01:26:35.674,0.94625,0.9466,1.00,1.80
2010.09.28 01:26:35.850,0.9462,0.9466,4.10,1.80
2010.09.28 01:26:36.026,0.9462,0.9466,4.00,1.80
2010.09.28 01:26:36.405,0.9462,0.9466,8.00,1.80
2010.09.28 01:26:36.577,0.9462,0.9466,4.00,5.80
2010.09.28 01:26:38.800,0.9462,0.9466,4.00,1.80
2010.09.28 01:26:38.889,0.9462,0.9466,8.00,1.80
2010.09.28 01:26:38.976,0.9462,0.9466,8.00,4.20
2010.09.28 01:26:42.277,0.9462,0.9466,8.00,4.20
2010.09.28 01:26:42.709,0.94625,0.9466,1.00,4.20
2010.09.28 01:26:42.857,0.9462,0.9466,8.00,4.20
2010.09.28 01:26:42.937,0.9462,0.9466,8.10,4.20
2010.09.28 01:26:43.276,0.9462,0.9466,8.00,4.20
2010.09.28 01:26:44.188,0.9462,0.9466,8.00,4.20
2010.09.28 01:26:46.577,0.9462,0.9466,8.00,1.80
2010.09.28 01:26:46.755,0.9462,0.9466,8.00,4.20
2010.09.28 01:26:46.926,0.9462,0.9466,8.00,4.20
2010.09.28 01:26:47.796,0.9462,0.9466,4.10,8.20
2010.09.28 01:26:48.795,0.94625,0.9466,1.00,8.20
2010.09.28 01:26:49.687,0.94625,0.9466,1.00,4.20
2010.09.28 01:26:50.394,0.9462,0.9466,8.00,4.20
2010.09.28 01:26:51.149,0.94625,0.9466,1.00,4.20
2010.09.28 01:26:51.487,0.9463,0.9466,1.00,4.20
2010.09.28 01:26:52.455,0.94625,0.9466,1.00,4.20
2010.09.28 01:26:54.145,0.9462,0.9466,8.00,4.20
2010.09.28 01:26:54.566,0.9462,0.9466,8.00,1.80
2010.09.28 01:26:56.551,0.9462,0.9466,8.00,4.20
2010.09.28 01:26:58.455,0.9462,0.9466,8.00,1.80
2010.09.28 01:27:01.368,0.94615,0.94655,9.60,1.00
2010.09.28 01:27:01.557,0.94615,0.9466,9.80,9.80
2010.09.28 01:27:01.747,0.9462,0.9466,8.00,1.80
2010.09.28 01:27:01.936,0.9462,0.9466,8.00,4.20
2010.09.28 01:27:03.499,0.9462,0.9466,8.00,4.20
2010.09.28 01:27:04.407,0.9462,0.9466,8.00,4.20
2010.09.28 01:27:12.056,0.9462,0.9466,4.00,4.20
2010.09.28 01:27:12.175,0.9462,0.9466,4.00,8.20
2010.09.28 01:27:12.285,0.9462,0.9466,4.00,5.80
2010.09.28 01:27:12.976,0.9462,0.9466,4.00,1.80
2010.09.28 01:27:25.458,0.9462,0.94655,4.00,1.00
2010.09.28 01:27:25.847,0.9462,0.94655,4.00,1.80
2010.09.28 01:27:25.930,0.94615,0.9465,9.60,1.80
2010.09.28 01:27:26.036,0.94615,0.9465,5.60,1.80
2010.09.28 01:27:26.098,0.94615,0.9465,1.60,5.80
2010.09.28 01:27:26.467,0.94615,0.94645,1.60,1.00
2010.09.28 01:27:26.811,0.94615,0.9465,1.60,5.80
2010.09.28 01:27:30.339,0.94615,0.9465,1.60,5.80
2010.09.28 01:27:31.646,0.94615,0.9465,1.70,5.80
2010.09.28 01:27:31.816,0.94615,0.94645,1.60,1.00
2010.09.28 01:27:31.988,0.94615,0.9464,1.00,1.60
2010.09.28 01:27:32.156,0.94615,0.94645,1.00,4.00
2010.09.28 01:27:32.326,0.94615,0.9465,1.00,9.80
2010.09.28 01:27:32.797,0.94615,0.9465,1.00,9.60
2010.09.28 01:27:33.011,0.9461,0.9465,1.00,9.80
2010.09.28 01:27:33.439,0.9461,0.9465,1.00,9.80
2010.09.28 01:27:33.800,0.9461,0.94645,1.00,1.00
2010.09.28 01:27:34.140,0.9461,0.9465,2.70,8.00
2010.09.28 01:27:34.478,0.9461,0.9465,6.40,1.00
2010.09.28 01:27:34.818,0.9461,0.9465,1.00,8.00
2010.09.28 01:27:35.216,0.9461,0.9465,2.60,8.00
2010.09.28 01:27:35.552,0.9461,0.94655,6.60,8.20
2010.09.28 01:27:37.076,0.9461,0.94655,6.70,8.20
2010.09.28 01:27:37.366,0.9461,0.9465,6.50,4.00
2010.09.28 01:27:38.229,0.9461,0.9465,6.40,4.00
2010.09.28 01:27:40.317,0.9461,0.9465,6.40,4.00
2010.09.28 01:27:40.485,0.9461,0.9465,6.50,4.00
2010.09.28 01:27:41.146,0.9461,0.94655,6.50,8.00
2010.09.28 01:27:41.315,0.9461,0.94655,10.50,8.00
2010.09.28 01:27:42.955,0.94615,0.94655,1.00,8.00
2010.09.28 01:27:43.767,0.9461,0.94655,10.40,8.00
2010.09.28 01:27:44.446,0.9461,0.94655,10.50,8.00
2010.09.28 01:27:46.965,0.9461,0.94655,10.40,8.00
2010.09.28 01:27:47.975,0.9461,0.94655,10.40,8.00
2010.09.28 01:28:03.855,0.94615,0.94655,1.00,8.00
2010.09.28 01:28:04.767,0.9461,0.94655,10.40,8.00
2010.09.28 01:28:05.836,0.9461,0.94655,10.40,8.00
2010.09.28 01:28:06.331,0.94615,0.9466,8.00,9.80
2010.09.28 01:28:06.620,0.9462,0.94655,4.00,1.00
2010.09.28 01:28:06.908,0.94615,0.9465,4.00,1.60
2010.09.28 01:28:07.550,0.94615,0.9465,8.00,1.60
2010.09.28 01:28:10.098,0.9462,0.94655,4.00,1.00
2010.09.28 01:28:12.720,0.9462,0.94655,4.00,1.00
2010.09.28 01:28:12.887,0.9462,0.94655,1.00,1.00
2010.09.28 01:28:13.527,0.94615,0.94655,8.00,1.00
2010.09.28 01:28:16.287,0.94615,0.94655,8.00,1.00
2010.09.28 01:28:16.326,0.94615,0.94655,8.00,1.00
2010.09.28 01:28:16.801,0.94615,0.94655,8.10,1.00
2010.09.28 01:28:17.066,0.94615,0.94655,8.10,4.20
2010.09.28 01:28:17.336,0.94615,0.94655,4.00,8.20
2010.09.28 01:28:17.605,0.9461,0.94655,10.50,8.20
2010.09.28 01:28:18.619,0.94615,0.94655,1.00,8.20
2010.09.28 01:28:18.766,0.94615,0.94655,4.00,8.20
2010.09.28 01:28:18.915,0.94615,0.94655,4.00,4.20
2010.09.28 01:28:19.136,0.94615,0.94655,4.10,4.20
2010.09.28 01:28:20.786,0.94615,0.9465,4.00,1.60
2010.09.28 01:28:20.935,0.9461,0.9465,8.00,1.60
2010.09.28 01:28:21.086,0.94615,0.9465,1.00,1.60
2010.09.28 01:28:21.236,0.9461,0.9465,4.00,1.60
2010.09.28 01:28:21.405,0.9461,0.9465,8.00,1.60
2010.09.28 01:28:31.946,0.94605,0.9465,9.60,9.60
2010.09.28 01:28:35.948,0.9461,0.9465,6.60,4.00
2010.09.28 01:28:36.126,0.9461,0.94655,6.60,8.20
2010.09.28 01:28:37.116,0.9461,0.94655,6.60,8.20
2010.09.28 01:28:39.806,0.9461,0.94655,6.40,8.00
2010.09.28 01:28:47.796,0.9461,0.94655,6.40,8.00
2010.09.28 01:28:47.985,0.9461,0.94655,4.00,8.00
2010.09.28 01:28:48.166,0.9461,0.9465,4.00,1.80
2010.09.28 01:28:48.655,0.94605,0.9465,9.80,9.80
2010.09.28 01:28:49.275,0.9461,0.9465,1.00,9.80
2010.09.28 01:28:50.306,0.94605,0.9465,9.80,9.80
2010.09.28 01:29:04.162,0.9461,0.9465,1.00,9.80
2010.09.28 01:29:04.206,0.9461,0.9465,1.00,9.60
2010.09.28 01:29:04.226,0.9461,0.9465,2.60,9.60
2010.09.28 01:29:04.306,0.9461,0.9465,2.70,9.60
2010.09.28 01:29:04.661,0.94615,0.9465,1.60,1.60
2010.09.28 01:29:05.656,0.94615,0.9465,1.60,1.60
2010.09.28 01:29:07.357,0.94615,0.9465,1.60,1.60
2010.09.28 01:29:10.466,0.94615,0.9465,1.60,1.80
2010.09.28 01:29:10.926,0.9461,0.9465,5.60,1.80
2010.09.28 01:29:11.293,0.9461,0.9465,5.60,5.80
2010.09.28 01:29:11.447,0.9461,0.9465,1.60,9.80
2010.09.28 01:29:12.295,0.9461,0.9465,1.70,9.80
2010.09.28 01:29:12.456,0.9461,0.9465,1.60,9.80
2010.09.28 01:29:17.935,0.9461,0.9465,1.00,9.80
2010.09.28 01:29:18.065,0.9461,0.9465,1.60,9.80
2010.09.28 01:29:29.922,0.9461,0.9465,1.60,9.80
2010.09.28 01:29:35.405,0.9461,0.9465,1.70,9.80
2010.09.28 01:29:50.458,0.9461,0.9465,1.60,9.80
2010.09.28 01:29:54.593,0.9461,0.9465,1.70,9.80
2010.09.28 01:29:55.480,0.9461,0.9465,1.60,9.80
2010.09.28 01:29:59.749,0.9461,0.9465,1.60,9.80
2010.09.28 01:30:02.308,0.9461,0.9465,1.60,9.80
2010.09.28 01:30:04.067,0.9461,0.9465,1.70,9.80
2010.09.28 01:30:04.846,0.9461,0.9465,1.60,9.80
2010.09.28 01:30:05.835,0.94605,0.9465,9.80,9.80
2010.09.28 01:30:10.458,0.9461,0.9465,1.00,9.60
2010.09.28 01:30:11.092,0.9461,0.9465,1.00,5.60
2010.09.28 01:30:11.427,0.94605,0.9465,1.60,1.60
2010.09.28 01:30:11.770,0.94605,0.94635,1.60,1.00
2010.09.28 01:30:12.019,0.94605,0.9464,1.60,12.20
2010.09.28 01:30:12.269,0.94595,0.9464,9.90,9.80
2010.09.28 01:30:12.577,0.946,0.9464,4.00,9.80
2010.09.28 01:30:12.832,0.94605,0.9464,1.00,5.60
2010.09.28 01:30:13.078,0.94605,0.9464,1.00,9.60
2010.09.28 01:30:13.827,0.946,0.9464,1.60,9.60
2010.09.28 01:30:14.529,0.946,0.9464,1.00,9.60
2010.09.28 01:30:14.857,0.946,0.9464,1.60,9.60
2010.09.28 01:30:26.707,0.946,0.9464,1.70,9.60
2010.09.28 01:30:26.757,0.946,0.9464,1.90,9.60
2010.09.28 01:30:26.808,0.946,0.9464,9.90,1.60
2010.09.28 01:30:27.188,0.94605,0.94645,1.00,9.60
2010.09.28 01:30:27.286,0.94605,0.94645,8.30,1.60
2010.09.28 01:30:27.386,0.94605,0.9465,9.90,9.80
2010.09.28 01:30:27.778,0.94605,0.9465,9.80,9.80
2010.09.28 01:30:29.120,0.9461,0.9464,1.00,1.60
2010.09.28 01:30:30.275,0.94605,0.9464,1.90,1.60
2010.09.28 01:30:31.885,0.94605,0.94645,1.90,8.00
2010.09.28 01:30:32.189,0.94605,0.94645,5.90,4.00
2010.09.28 01:30:32.299,0.94605,0.9465,9.90,9.80
2010.09.28 01:30:35.231,0.9461,0.9465,1.00,9.80
2010.09.28 01:30:36.366,0.94605,0.9465,9.90,9.80
2010.09.28 01:30:37.976,0.9461,0.9465,1.00,9.80
2010.09.28 01:30:44.546,0.94605,0.9465,9.80,9.80
2010.09.28 01:30:44.729,0.9461,0.9465,1.00,9.80
2010.09.28 01:30:45.269,0.94605,0.9465,9.90,9.80
2010.09.28 01:30:49.267,0.9461,0.9465,1.00,9.80
2010.09.28 01:30:53.317,0.94605,0.9464,1.60,1.60
2010.09.28 01:30:54.399,0.94605,0.9464,1.70,1.60
2010.09.28 01:30:55.049,0.94605,0.9464,1.60,1.60
2010.09.28 01:30:56.357,0.94605,0.9464,1.60,1.80
2010.09.28 01:30:56.457,0.94605,0.9464,1.60,1.80
2010.09.28 01:30:56.660,0.946,0.9464,5.70,1.80
2010.09.28 01:30:57.007,0.946,0.9464,5.70,5.80
2010.09.28 01:30:57.167,0.946,0.9464,5.60,5.80
2010.09.28 01:30:57.806,0.946,0.9464,5.70,5.80
2010.09.28 01:31:01.451,0.94605,0.9464,1.00,5.80
2010.09.28 01:31:03.005,0.946,0.9464,5.70,5.80
2010.09.28 01:31:04.164,0.94605,0.9464,1.00,5.80
2010.09.28 01:31:21.558,0.946,0.9464,5.60,5.80
2010.09.28 01:31:21.898,0.94605,0.9464,1.00,5.80
2010.09.28 01:31:33.386,0.94605,0.9464,1.00,1.80
2010.09.28 01:31:38.138,0.946,0.9464,9.60,1.80
2010.09.28 01:31:38.198,0.946,0.9464,9.70,1.80
2010.09.28 01:31:38.686,0.946,0.9464,5.70,5.80
2010.09.28 01:31:51.706,0.946,0.94635,5.70,1.00
2010.09.28 01:31:51.846,0.946,0.94635,5.60,1.00
2010.09.28 01:31:51.926,0.94595,0.9463,9.70,1.60
2010.09.28 01:31:52.006,0.94595,0.9463,5.70,1.60
2010.09.28 01:31:52.145,0.94595,0.94635,5.70,5.80
2010.09.28 01:31:53.319,0.946,0.94635,1.00,5.80
2010.09.28 01:31:53.776,0.94595,0.94635,5.90,4.00
2010.09.28 01:31:53.987,0.946,0.9464,4.00,5.80
2010.09.28 01:31:55.286,0.946,0.9464,4.10,5.80
2010.09.28 01:32:02.486,0.946,0.94635,4.00,1.00
2010.09.28 01:32:02.676,0.946,0.94635,4.00,1.80
2010.09.28 01:32:02.776,0.94595,0.94635,5.70,5.80
2010.09.28 01:32:03.166,0.94595,0.9463,5.70,1.60
2010.09.28 01:32:03.506,0.94595,0.9463,5.90,1.60
2010.09.28 01:32:03.626,0.94595,0.9463,9.90,1.60
2010.09.28 01:32:04.052,0.946,0.9464,4.00,5.80
2010.09.28 01:32:04.416,0.946,0.9464,4.00,1.80
2010.09.28 01:32:05.536,0.946,0.9464,4.00,1.80
2010.09.28 01:32:29.946,0.94605,0.9464,1.00,1.80
2010.09.28 01:32:30.359,0.946,0.9464,4.10,1.80
2010.09.28 01:32:30.697,0.946,0.9464,4.00,1.80
2010.09.28 01:32:31.087,0.946,0.9464,4.20,1.60
2010.09.28 01:32:31.428,0.94605,0.9464,5.60,1.60
2010.09.28 01:32:31.767,0.9461,0.9464,1.00,9.60
2010.09.28 01:32:32.107,0.9461,0.9464,1.00,1.60
2010.09.28 01:32:32.448,0.94605,0.9464,5.60,1.60
2010.09.28 01:32:33.799,0.94605,0.9464,1.60,1.60
2010.09.28 01:32:34.920,0.946,0.9464,1.00,9.80
2010.09.28 01:32:35.187,0.946,0.9464,4.10,5.80
2010.09.28 01:32:44.972,0.946,0.94635,4.10,1.00
2010.09.28 01:32:44.997,0.946,0.94635,1.00,4.20
2010.09.28 01:32:45.026,0.946,0.94635,1.00,5.80
2010.09.28 01:32:47.366,0.946,0.94635,1.00,5.80
2010.09.28 01:32:47.706,0.94595,0.94635,5.70,5.80
2010.09.28 01:32:49.925,0.94595,0.94635,5.60,5.80
2010.09.28 01:32:51.510,0.946,0.94635,1.00,5.80
2010.09.28 01:32:52.916,0.946,0.9463,1.00,1.60
2010.09.28 01:32:53.456,0.94595,0.9463,5.70,1.60
2010.09.28 01:32:53.629,0.94595,0.9463,5.90,1.60
2010.09.28 01:32:53.778,0.946,0.9464,4.00,5.80
2010.09.28 01:32:58.016,0.946,0.9464,4.00,5.80
2010.09.28 01:32:58.725,0.94605,0.9464,4.00,1.80
2010.09.28 01:33:03.473,0.94605,0.94635,4.00,1.00
2010.09.28 01:33:03.578,0.94605,0.94635,4.00,1.80
2010.09.28 01:33:03.676,0.946,0.94635,8.00,1.80
2010.09.28 01:33:03.776,0.946,0.94635,4.00,1.80
2010.09.28 01:33:03.978,0.946,0.9463,4.00,1.60
2010.09.28 01:33:04.710,0.94595,0.94635,9.60,5.80
2010.09.28 01:33:05.046,0.94595,0.94635,5.60,5.80
2010.09.28 01:33:05.387,0.94595,0.94635,5.70,5.80
2010.09.28 01:33:05.586,0.946,0.94635,1.00,5.80
2010.09.28 01:33:06.658,0.94595,0.94635,5.80,4.00
2010.09.28 01:33:06.957,0.946,0.9464,4.00,5.80
2010.09.28 01:33:09.037,0.946,0.94635,4.00,1.00
2010.09.28 01:33:09.196,0.946,0.94635,4.00,1.80
2010.09.28 01:33:09.356,0.94595,0.94635,5.70,5.80
2010.09.28 01:33:11.007,0.946,0.9463,1.00,1.60
2010.09.28 01:33:11.267,0.94595,0.9463,5.60,1.60
2010.09.28 01:33:11.526,0.94595,0.94635,5.60,5.80
2010.09.28 01:33:11.849,0.94595,0.94635,5.80,5.60
2010.09.28 01:33:12.060,0.94595,0.9464,9.80,9.80
2010.09.28 01:33:12.466,0.94595,0.9464,9.90,9.80
2010.09.28 01:33:13.396,0.946,0.9464,1.00,9.80
2010.09.28 01:33:13.666,0.94595,0.9464,9.90,9.80
2010.09.28 01:33:14.399,0.94595,0.94635,9.70,1.00
2010.09.28 01:33:14.587,0.94595,0.94635,5.70,5.80
2010.09.28 01:33:14.956,0.946,0.94635,1.00,5.80
2010.09.28 01:33:15.148,0.946,0.94635,6.60,1.60
2010.09.28 01:33:15.338,0.94605,0.94635,1.60,1.00
2010.09.28 01:33:15.681,0.94605,0.94635,1.60,4.20
2010.09.28 01:33:15.972,0.94595,0.9464,9.80,9.80
2010.09.28 01:33:17.377,0.946,0.9464,1.00,9.80
2010.09.28 01:33:18.388,0.94595,0.9464,9.80,9.80
2010.09.28 01:33:19.373,0.946,0.9464,1.00,9.80
2010.09.28 01:33:19.719,0.94605,0.9464,1.00,9.80
2010.09.28 01:33:20.397,0.946,0.9464,1.00,9.80
2010.09.28 01:33:20.744,0.94605,0.9464,1.60,9.60
2010.09.28 01:33:21.087,0.94605,0.9464,1.60,1.60
2010.09.28 01:33:21.699,0.94605,0.9464,1.60,1.60
2010.09.28 01:33:22.527,0.94605,0.9464,1.70,1.60
2010.09.28 01:33:27.286,0.94605,0.9464,1.60,1.60
2010.09.28 01:33:31.487,0.94605,0.9464,1.80,1.60
2010.09.28 01:33:31.666,0.94605,0.94645,1.80,8.00
2010.09.28 01:33:31.787,0.94605,0.9465,9.80,9.80
2010.09.28 01:33:32.232,0.94605,0.9465,9.90,9.80
2010.09.28 01:33:32.640,0.94605,0.9465,9.80,9.80
2010.09.28 01:33:33.282,0.94605,0.9465,9.90,9.80
2010.09.28 01:33:33.627,0.9461,0.9465,1.00,9.80
2010.09.28 01:33:34.646,0.94615,0.9465,1.00,9.80
2010.09.28 01:33:36.816,0.94615,0.9465,1.00,9.60
2010.09.28 01:33:36.896,0.94615,0.9465,1.60,9.60
2010.09.28 01:33:37.056,0.94615,0.9465,1.60,1.60
2010.09.28 01:33:38.647,0.9462,0.9465,1.00,1.60
2010.09.28 01:33:46.913,0.94615,0.9465,1.60,1.60
2010.09.28 01:33:47.127,0.94615,0.94645,1.00,1.80
2010.09.28 01:33:47.338,0.9461,0.9464,1.00,1.60
2010.09.28 01:33:49.788,0.9461,0.9465,4.10,5.80
2010.09.28 01:33:50.466,0.94615,0.9465,1.00,5.80
2010.09.28 01:33:50.808,0.9461,0.94645,4.10,1.00
2010.09.28 01:33:51.037,0.9461,0.9464,1.00,1.60
2010.09.28 01:33:51.809,0.9461,0.9465,4.10,5.80
2010.09.28 01:33:52.033,0.94615,0.9465,1.00,5.80
2010.09.28 01:33:52.172,0.94615,0.9465,1.00,1.80
2010.09.28 01:33:53.878,0.94615,0.9465,1.00,4.20
2010.09.28 01:33:54.018,0.9462,0.9465,1.00,4.20
2010.09.28 01:33:54.337,0.94615,0.9465,1.00,4.20
2010.09.28 01:33:54.469,0.9461,0.9465,1.00,12.20
2010.09.28 01:33:54.606,0.9461,0.9465,1.00,9.80
2010.09.28 01:33:54.748,0.94615,0.9465,1.00,5.80
2010.09.28 01:33:56.047,0.94615,0.9465,1.00,1.80
2010.09.28 01:33:57.706,0.94615,0.9465,1.00,5.80
2010.09.28 01:33:58.420,0.9461,0.9465,1.00,9.80
2010.09.28 01:33:58.707,0.9461,0.94645,1.00,4.00
2010.09.28 01:33:59.499,0.94605,0.94645,5.90,9.60
2010.09.28 01:33:59.837,0.94605,0.94645,5.90,4.00
2010.09.28 01:34:00.176,0.9461,0.94645,1.00,4.00
2010.09.28 01:34:01.387,0.94615,0.94645,1.00,4.00
2010.09.28 01:34:01.728,0.94615,0.94645,1.00,4.20
2010.09.28 01:34:01.887,0.9461,0.94645,1.00,5.80
2010.09.28 01:34:02.207,0.9461,0.9464,1.00,4.00
2010.09.28 01:34:03.031,0.9461,0.9464,1.00,4.00
2010.09.28 01:34:03.277,0.9461,0.9464,1.00,4.00
2010.09.28 01:34:05.057,0.94605,0.9464,1.90,4.00
2010.09.28 01:34:05.366,0.94605,0.94645,5.90,4.00
2010.09.28 01:34:06.066,0.94605,0.9465,9.90,9.80
2010.09.28 01:34:06.969,0.9461,0.9465,1.00,9.80
2010.09.28 01:34:07.227,0.9461,0.9464,1.00,1.60
2010.09.28 01:34:08.653,0.9461,0.9464,1.00,1.60
2010.09.28 01:34:08.977,0.9461,0.9464,1.00,1.60
2010.09.28 01:34:09.216,0.9461,0.9465,1.00,9.80
2010.09.28 01:34:09.577,0.9461,0.94645,1.00,4.00
2010.09.28 01:34:10.217,0.9461,0.9464,1.00,4.00
2010.09.28 01:34:10.386,0.9461,0.94635,1.00,4.00
2010.09.28 01:34:10.856,0.9461,0.94645,1.00,4.00
2010.09.28 01:34:11.235,0.94605,0.94645,5.90,4.00
2010.09.28 01:34:11.926,0.9461,0.94645,1.00,4.00
2010.09.28 01:34:12.552,0.94605,0.9464,1.60,9.80
2010.09.28 01:34:12.741,0.94605,0.94635,1.00,9.60
2010.09.28 01:34:12.930,0.946,0.94635,1.70,9.60
2010.09.28 01:34:13.357,0.946,0.9463,1.00,1.60
2010.09.28 01:34:13.543,0.946,0.9463,1.00,4.00
2010.09.28 01:34:13.890,0.946,0.9464,1.00,9.80
2010.09.28 01:34:15.587,0.94605,0.9464,1.00,9.80
2010.09.28 01:34:16.716,0.9461,0.9464,1.00,9.80
2010.09.28 01:34:17.057,0.94605,0.9464,1.00,9.60
2010.09.28 01:34:17.597,0.94605,0.9464,1.60,1.60
2010.09.28 01:34:18.449,0.9461,0.9464,1.00,1.60
2010.09.28 01:34:18.826,0.9461,0.9464,1.00,4.00
2010.09.28 01:34:20.817,0.94605,0.9464,1.70,4.20
2010.09.28 01:34:20.977,0.94605,0.9464,1.00,12.20
2010.09.28 01:34:21.499,0.946,0.9464,1.00,12.20
2010.09.28 01:34:21.808,0.946,0.9463,1.00,4.00
2010.09.28 01:34:22.959,0.94595,0.9463,9.70,4.00
2010.09.28 01:34:23.638,0.94595,0.9463,9.90,1.60
2010.09.28 01:34:23.718,0.94595,0.9463,9.70,1.60
2010.09.28 01:34:23.798,0.946,0.9463,1.00,1.60
2010.09.28 01:34:23.878,0.946,0.9463,1.00,2.40
2010.09.28 01:34:23.959,0.94595,0.9463,9.90,2.40
2010.09.28 01:34:24.106,0.94595,0.94635,9.90,1.60
2010.09.28 01:34:24.177,0.946,0.94635,4.00,1.60
2010.09.28 01:34:24.258,0.946,0.94635,4.00,1.80
2010.09.28 01:34:24.588,0.946,0.9463,4.00,4.00
2010.09.28 01:34:24.808,0.94595,0.9463,8.10,4.00
2010.09.28 01:34:25.035,0.946,0.9463,1.00,4.00
2010.09.28 01:34:25.256,0.946,0.9463,1.00,1.60
2010.09.28 01:34:26.380,0.94605,0.9464,1.60,12.00
2010.09.28 01:34:26.723,0.946,0.9463,1.00,4.00
2010.09.28 01:34:26.958,0.94605,0.94635,1.00,1.60
2010.09.28 01:34:27.499,0.946,0.94635,1.00,1.80
2010.09.28 01:34:27.729,0.946,0.9463,4.10,4.00
2010.09.28 01:34:27.968,0.946,0.9463,1.00,1.60
2010.09.28 01:34:28.207,0.946,0.94635,1.00,1.60
2010.09.28 01:34:28.447,0.946,0.94635,4.00,1.60
2010.09.28 01:34:29.524,0.94605,0.9463,1.00,4.00
2010.09.28 01:34:31.436,0.946,0.9463,1.00,4.00
2010.09.28 01:34:31.519,0.94605,0.9463,1.00,4.00
2010.09.28 01:34:32.329,0.946,0.9463,1.00,4.00
2010.09.28 01:34:34.543,0.94605,0.9463,1.00,4.00
2010.09.28 01:34:34.711,0.946,0.9463,1.00,4.00
2010.09.28 01:34:35.092,0.946,0.9463,1.00,1.60
2010.09.28 01:34:35.263,0.94605,0.9463,1.00,1.60
2010.09.28 01:34:35.540,0.946,0.9463,1.00,1.60
2010.09.28 01:34:35.818,0.94605,0.9463,1.00,1.60
2010.09.28 01:34:36.818,0.94595,0.94635,1.80,9.60
2010.09.28 01:34:37.228,0.94595,0.94635,1.80,10.40
2010.09.28 01:34:37.423,0.94595,0.94625,1.60,8.00
2010.09.28 01:34:37.611,0.946,0.94625,1.00,4.00
2010.09.28 01:34:37.790,0.94595,0.9463,1.00,4.00
2010.09.28 01:34:37.967,0.94595,0.9463,1.00,5.60
2010.09.28 01:34:38.146,0.94595,0.9463,1.70,1.60
2010.09.28 01:34:38.526,0.94595,0.9463,1.70,5.60
2010.09.28 01:34:38.818,0.94595,0.9463,1.70,1.60
2010.09.28 01:34:39.397,0.94595,0.9463,1.60,1.60
2010.09.28 01:34:39.827,0.946,0.9463,1.00,1.60
2010.09.28 01:34:39.968,0.946,0.94635,1.00,9.60
2010.09.28 01:34:40.110,0.946,0.94635,1.00,9.80
2010.09.28 01:34:40.426,0.946,0.94635,1.00,1.80
2010.09.28 01:34:40.579,0.9459,0.9462,8.10,1.60
2010.09.28 01:34:40.719,0.9459,0.9462,1.00,1.60
2010.09.28 01:34:41.059,0.94595,0.9462,1.00,1.60
2010.09.28 01:34:41.397,0.94595,0.9462,1.00,1.60
2010.09.28 01:34:42.045,0.94595,0.94625,1.70,4.00
2010.09.28 01:34:42.182,0.94595,0.94625,1.60,4.00
2010.09.28 01:34:42.318,0.946,0.94625,1.00,4.00
2010.09.28 01:34:42.456,0.946,0.9463,1.00,4.20
2010.09.28 01:34:42.728,0.946,0.9463,1.00,8.20
2010.09.28 01:34:43.069,0.94595,0.9463,1.00,8.20
2010.09.28 01:34:43.407,0.9459,0.9463,4.00,8.20
2010.09.28 01:34:43.747,0.94595,0.9463,1.00,8.20
2010.09.28 01:34:44.359,0.94595,0.9463,1.00,8.20
2010.09.28 01:34:53.580,0.946,0.9463,1.00,8.20
2010.09.28 01:34:53.909,0.94595,0.9463,1.00,8.20
2010.09.28 01:34:54.239,0.94595,0.9463,1.00,8.20
2010.09.28 01:34:54.825,0.946,0.9463,1.00,4.20
2010.09.28 01:34:55.907,0.946,0.9463,1.00,4.20
2010.09.28 01:35:01.407,0.9459,0.9463,4.10,8.20
2010.09.28 01:35:01.746,0.9459,0.9463,4.00,8.20
2010.09.28 01:35:03.421,0.9459,0.9463,1.00,12.20
2010.09.28 01:35:04.120,0.94595,0.9463,1.00,12.20
2010.09.28 01:35:07.336,0.94595,0.9463,1.00,12.20
2010.09.28 01:35:09.837,0.9459,0.9463,1.00,12.20
2010.09.28 01:35:11.766,0.94595,0.9463,1.00,12.20
2010.09.28 01:35:14.986,0.94595,0.94625,1.00,1.00
2010.09.28 01:35:15.195,0.94595,0.9462,1.00,1.60
2010.09.28 01:35:16.987,0.94595,0.9462,1.00,1.60
2010.09.28 01:35:18.696,0.9459,0.9462,1.00,1.60
2010.09.28 01:35:18.862,0.94595,0.9462,1.00,1.60
2010.09.28 01:35:19.468,0.9459,0.9462,1.00,1.60
2010.09.28 01:35:20.047,0.9459,0.94625,4.10,1.60
2010.09.28 01:35:20.625,0.9459,0.9463,4.10,8.20
2010.09.28 01:35:22.279,0.94595,0.9463,1.00,8.20
2010.09.28 01:35:25.003,0.94595,0.9463,9.60,1.60
2010.09.28 01:35:25.815,0.946,0.9463,1.00,1.60
2010.09.28 01:35:27.076,0.94605,0.9463,1.00,1.60
2010.09.28 01:35:27.396,0.946,0.9463,1.00,1.60
2010.09.28 01:35:29.755,0.94605,0.9463,1.00,1.60
2010.09.28 01:35:30.396,0.946,0.9463,1.00,1.60
2010.09.28 01:35:30.597,0.94605,0.9463,1.00,1.60
2010.09.28 01:35:31.226,0.946,0.9463,1.00,1.60
2010.09.28 01:35:39.015,0.94605,0.9463,1.00,1.60
2010.09.28 01:35:39.365,0.946,0.9463,1.00,1.60
2010.09.28 01:35:57.215,0.94595,0.9463,9.60,1.80
2010.09.28 01:35:57.396,0.94595,0.9463,9.60,4.20
2010.09.28 01:35:57.487,0.94595,0.9463,8.00,4.20
2010.09.28 01:35:57.588,0.94595,0.9463,4.00,4.20
2010.09.28 01:35:57.960,0.94595,0.9463,1.00,4.20
2010.09.28 01:35:58.266,0.9459,0.94625,8.10,1.00
2010.09.28 01:35:58.476,0.9459,0.9462,4.10,1.60
2010.09.28 01:35:58.686,0.9459,0.9462,1.00,1.60
2010.09.28 01:36:00.176,0.9459,0.9462,1.00,1.60
2010.09.28 01:36:04.115,0.94585,0.9462,9.60,1.60
2010.09.28 01:36:04.506,0.9459,0.9462,1.00,1.60
2010.09.28 01:36:04.717,0.94585,0.9462,1.70,1.60
2010.09.28 01:36:06.740,0.9458,0.94615,8.10,1.00
2010.09.28 01:36:06.907,0.9458,0.94615,1.00,1.80
2010.09.28 01:36:07.499,0.94585,0.94615,1.00,1.80
2010.09.28 01:36:07.844,0.9458,0.9461,1.00,2.60
2010.09.28 01:36:08.193,0.94575,0.9461,1.60,2.60
2010.09.28 01:36:09.095,0.94575,0.94615,1.60,9.80
2010.09.28 01:36:09.370,0.94575,0.94615,9.60,1.80
2010.09.28 01:36:09.658,0.94575,0.94615,9.70,1.80
2010.09.28 01:36:11.349,0.9458,0.94615,1.00,1.80
2010.09.28 01:36:14.838,0.9458,0.94615,1.00,1.60
2010.09.28 01:36:14.978,0.9458,0.9462,4.10,4.20
2010.09.28 01:36:15.249,0.9458,0.9462,4.00,4.20
2010.09.28 01:36:16.575,0.94585,0.9462,1.00,1.80
2010.09.28 01:36:16.777,0.9458,0.9462,8.10,1.80
2010.09.28 01:36:17.377,0.94585,0.9462,1.00,1.80
2010.09.28 01:36:18.487,0.94585,0.9462,1.00,4.20
2010.09.28 01:36:37.150,0.94585,0.9462,1.00,1.80
2010.09.28 01:36:38.836,0.9459,0.94615,1.00,1.60
2010.09.28 01:36:39.620,0.94585,0.94615,1.00,1.60
2010.09.28 01:36:40.878,0.94585,0.9462,1.00,1.80
2010.09.28 01:36:43.899,0.9459,0.9462,1.00,1.80
2010.09.28 01:36:47.436,0.94585,0.9462,1.00,1.80
2010.09.28 01:36:48.163,0.9459,0.9462,1.00,1.80
2010.09.28 01:36:48.503,0.94585,0.9462,1.00,1.80
2010.09.28 01:36:49.756,0.9459,0.9462,1.00,1.80
2010.09.28 01:36:49.967,0.94585,0.9462,1.00,1.80
2010.09.28 01:37:00.068,0.9458,0.9462,8.00,1.80
2010.09.28 01:37:00.489,0.9458,0.9462,4.00,4.20
2010.09.28 01:37:01.828,0.9458,0.9462,4.00,4.20
2010.09.28 01:37:02.397,0.9458,0.9462,4.00,4.20
2010.09.28 01:37:03.432,0.9458,0.9462,4.10,4.20
2010.09.28 01:37:06.277,0.9458,0.9462,4.00,4.30
2010.09.28 01:37:06.618,0.9458,0.9462,4.10,4.20
2010.09.28 01:37:10.430,0.9458,0.9462,4.00,4.20
2010.09.28 01:37:10.796,0.9458,0.9462,4.00,4.20
2010.09.28 01:37:14.987,0.9458,0.9462,4.00,4.00
2010.09.28 01:37:15.177,0.9458,0.9462,4.00,8.00
2010.09.28 01:37:16.416,0.9458,0.9462,4.10,8.00
2010.09.28 01:37:20.326,0.9458,0.9462,4.10,4.00
2010.09.28 01:37:21.447,0.9458,0.9462,4.10,8.00
2010.09.28 01:37:22.021,0.9458,0.9462,4.00,8.00
2010.09.28 01:37:23.609,0.9458,0.9462,4.00,8.00
2010.09.28 01:37:25.474,0.9458,0.94615,4.00,1.00
2010.09.28 01:37:31.173,0.9458,0.94615,4.00,1.00
2010.09.28 01:37:31.335,0.9458,0.94615,4.00,1.00
2010.09.28 01:37:31.627,0.9458,0.94615,4.00,1.00
2010.09.28 01:37:32.738,0.9458,0.94615,4.00,1.00
2010.09.28 01:37:33.897,0.9458,0.94615,4.10,1.00
2010.09.28 01:37:36.296,0.9458,0.94615,4.00,1.00
2010.09.28 01:37:37.059,0.9458,0.94615,4.10,1.00
2010.09.28 01:37:37.168,0.9458,0.94615,4.10,1.00
2010.09.28 01:37:37.277,0.9458,0.94615,4.00,1.00
2010.09.28 01:37:37.389,0.94575,0.94615,9.70,1.80
2010.09.28 01:37:37.879,0.94575,0.94615,9.70,1.90
2010.09.28 01:37:38.448,0.94575,0.9461,9.60,1.00
2010.09.28 01:37:38.788,0.94575,0.94615,9.60,1.80
2010.09.28 01:37:39.467,0.94575,0.94615,9.70,1.80
2010.09.28 01:37:40.382,0.94575,0.9461,9.60,1.00
2010.09.28 01:37:41.516,0.94575,0.94615,9.60,1.80
2010.09.28 01:37:41.856,0.9458,0.94615,1.00,1.90
2010.09.28 01:37:42.536,0.94575,0.9461,9.60,1.00
2010.09.28 01:37:43.120,0.9458,0.94615,1.00,1.80
2010.09.28 01:37:43.349,0.94575,0.94615,9.70,1.90
2010.09.28 01:37:49.766,0.94575,0.9461,9.70,1.00
2010.09.28 01:37:49.986,0.9458,0.94615,1.00,1.80
2010.09.28 01:37:50.661,0.94575,0.9461,9.60,1.00
2010.09.28 01:37:50.878,0.9458,0.94615,1.00,1.90
2010.09.28 01:37:52.627,0.94575,0.9461,5.60,1.00
2010.09.28 01:37:53.967,0.94575,0.9461,5.70,1.00
2010.09.28 01:37:54.266,0.94575,0.94615,5.70,5.90
2010.09.28 01:37:54.850,0.94575,0.94615,9.60,1.80
2010.09.28 01:37:54.960,0.94575,0.9461,5.60,1.00
2010.09.28 01:37:55.079,0.94575,0.9461,5.60,1.00
2010.09.28 01:37:55.717,0.94575,0.9461,5.60,1.00
2010.09.28 01:37:56.057,0.94575,0.9461,5.70,1.00
2010.09.28 01:37:56.396,0.94575,0.9461,5.60,1.00
2010.09.28 01:37:57.386,0.94575,0.94615,5.60,5.80
2010.09.28 01:37:58.189,0.94575,0.9461,5.60,1.00
2010.09.28 01:38:00.467,0.94575,0.9461,5.60,1.00
2010.09.28 01:38:01.506,0.94575,0.9461,5.70,1.00
2010.09.28 01:38:02.538,0.94575,0.9461,5.60,1.00
2010.09.28 01:38:02.758,0.94575,0.94605,5.60,1.00
2010.09.28 01:38:02.978,0.94575,0.94605,4.00,1.80
2010.09.28 01:38:03.847,0.94565,0.94605,5.60,5.80
2010.09.28 01:38:04.498,0.94565,0.94605,5.60,5.80
2010.09.28 01:38:05.267,0.94565,0.946,5.70,1.00
2010.09.28 01:38:06.038,0.94565,0.94605,5.70,5.90
2010.09.28 01:38:09.877,0.94565,0.946,9.70,1.00
2010.09.28 01:38:10.338,0.94565,0.94605,9.60,1.80
2010.09.28 01:38:10.778,0.94565,0.946,9.70,1.00
2010.09.28 01:38:12.426,0.94565,0.946,9.60,1.00
2010.09.28 01:38:12.993,0.94565,0.946,5.60,1.00
2010.09.28 01:38:13.054,0.94565,0.946,1.60,2.60
2010.09.28 01:38:13.921,0.94565,0.946,1.60,1.00
2010.09.28 01:38:15.677,0.94565,0.94595,1.60,1.00
2010.09.28 01:38:16.766,0.94565,0.946,1.60,1.00
2010.09.28 01:38:17.007,0.94565,0.946,1.60,4.30
2010.09.28 01:38:17.517,0.94565,0.94595,1.60,1.00
2010.09.28 01:38:18.686,0.9456,0.94595,4.00,1.00
2010.09.28 01:38:18.987,0.9456,0.946,4.00,1.80
2010.09.28 01:38:19.298,0.94555,0.94595,8.00,1.00
2010.09.28 01:38:19.609,0.94555,0.9459,8.00,1.80
2010.09.28 01:38:20.091,0.9455,0.9459,8.00,1.80
2010.09.28 01:38:20.717,0.94555,0.9459,1.00,1.80
2010.09.28 01:38:22.216,0.94555,0.9459,1.00,1.80
2010.09.28 01:38:23.677,0.9455,0.9459,4.10,1.90
2010.09.28 01:38:25.177,0.9455,0.9459,4.00,1.80
2010.09.28 01:38:26.667,0.94555,0.9459,1.00,1.80
2010.09.28 01:38:27.257,0.9455,0.94585,8.00,1.00
2010.09.28 01:38:28.418,0.94555,0.9459,1.00,1.90
2010.09.28 01:38:29.081,0.9455,0.9459,4.10,1.90
2010.09.28 01:38:29.643,0.94555,0.9459,1.00,1.90
2010.09.28 01:38:31.306,0.9455,0.9459,4.10,1.90
2010.09.28 01:38:31.847,0.94555,0.9459,1.00,1.90
2010.09.28 01:38:32.007,0.94555,0.9459,1.00,1.80
2010.09.28 01:38:33.580,0.9456,0.9459,1.00,1.80
2010.09.28 01:38:36.777,0.9456,0.9459,1.00,1.60
2010.09.28 01:38:37.120,0.9456,0.94595,1.00,1.80
2010.09.28 01:38:38.318,0.94565,0.94595,1.00,1.80
2010.09.28 01:38:42.169,0.9456,0.94595,1.00,1.80
2010.09.28 01:38:43.101,0.94555,0.9459,5.70,1.00
2010.09.28 01:38:43.228,0.94555,0.94595,5.70,5.90
2010.09.28 01:38:43.727,0.94555,0.9459,5.60,1.00
2010.09.28 01:38:44.266,0.94555,0.94595,5.60,5.80
2010.09.28 01:38:44.447,0.94555,0.94595,5.70,5.90
2010.09.28 01:38:45.247,0.94555,0.94595,9.70,1.90
2010.09.28 01:38:45.461,0.9456,0.94595,1.00,1.80
2010.09.28 01:38:46.272,0.94555,0.94595,9.70,1.90
2010.09.28 01:38:46.527,0.94555,0.94595,10.20,1.60
2010.09.28 01:38:46.788,0.9456,0.94595,4.10,1.60
2010.09.28 01:38:47.358,0.9456,0.94595,1.00,1.60
2010.09.28 01:38:47.963,0.94565,0.94595,1.00,1.60
2010.09.28 01:38:48.308,0.9456,0.94595,1.00,1.60
2010.09.28 01:38:48.857,0.9456,0.94595,4.10,1.60
2010.09.28 01:38:49.576,0.94565,0.94595,1.00,1.60
2010.09.28 01:38:50.396,0.94565,0.94595,1.00,1.60
2010.09.28 01:38:51.876,0.9456,0.94595,4.00,1.60
2010.09.28 01:38:52.217,0.94565,0.94595,1.00,1.60
2010.09.28 01:38:54.393,0.9456,0.94595,4.00,1.60
2010.09.28 01:38:54.846,0.94565,0.946,1.00,5.80
2010.09.28 01:38:55.298,0.9456,0.946,4.10,9.90
2010.09.28 01:38:55.350,0.9456,0.946,1.00,9.90
2010.09.28 01:38:55.688,0.94565,0.94595,1.00,1.60
2010.09.28 01:38:56.027,0.94565,0.94595,1.00,1.60
2010.09.28 01:38:57.189,0.9456,0.94595,1.00,1.60
2010.09.28 01:38:57.428,0.94565,0.94595,1.00,1.60
2010.09.28 01:38:57.700,0.9456,0.94595,1.00,1.80
2010.09.28 01:38:57.971,0.94555,0.94595,5.70,1.80
2010.09.28 01:38:58.523,0.94555,0.946,10.30,9.90
2010.09.28 01:38:58.711,0.9456,0.94595,4.00,1.00
2010.09.28 01:38:58.888,0.9456,0.946,4.00,5.80
2010.09.28 01:38:59.158,0.9456,0.946,4.00,5.80
2010.09.28 01:38:59.518,0.9456,0.946,4.00,9.60
2010.09.28 01:38:59.696,0.94555,0.946,9.80,9.60
2010.09.28 01:39:00.249,0.9456,0.946,4.00,5.60
2010.09.28 01:39:00.519,0.9456,0.946,4.10,5.70
2010.09.28 01:39:01.366,0.94565,0.946,1.00,5.70
2010.09.28 01:39:02.746,0.9457,0.946,1.00,5.60
2010.09.28 01:39:07.288,0.94565,0.94605,5.60,5.80
2010.09.28 01:39:07.347,0.94565,0.94605,5.70,5.90
2010.09.28 01:39:07.466,0.94565,0.94605,5.60,1.80
2010.09.28 01:39:07.527,0.94565,0.94605,9.60,1.80
2010.09.28 01:39:08.251,0.94575,0.94605,1.00,1.80
2010.09.28 01:39:08.812,0.9457,0.94605,1.00,1.80
2010.09.28 01:39:09.047,0.94575,0.94605,1.00,1.80
2010.09.28 01:39:09.506,0.9457,0.94605,1.00,1.80
2010.09.28 01:39:11.366,0.94575,0.94605,1.00,1.80
2010.09.28 01:39:11.490,0.9457,0.94605,1.00,1.80
2010.09.28 01:39:13.016,0.94575,0.94605,1.00,1.80
2010.09.28 01:39:15.358,0.9457,0.94605,1.00,1.80
2010.09.28 01:39:15.710,0.94575,0.94605,1.00,1.80
2010.09.28 01:39:16.448,0.9457,0.94605,1.00,1.80
2010.09.28 01:39:16.646,0.94575,0.94605,1.00,1.80
2010.09.28 01:39:18.528,0.9457,0.94605,1.00,1.80
2010.09.28 01:39:18.647,0.9457,0.94605,1.00,5.80
2010.09.28 01:39:18.887,0.9457,0.94605,1.00,5.80
2010.09.28 01:39:19.355,0.94575,0.94605,1.00,5.80
2010.09.28 01:39:19.816,0.9457,0.94605,1.00,5.90
2010.09.28 01:39:20.078,0.94565,0.946,4.00,1.80
2010.09.28 01:39:20.347,0.94565,0.946,1.00,1.80
2010.09.28 01:39:22.497,0.94565,0.946,1.00,1.80
2010.09.28 01:39:24.369,0.94565,0.946,1.00,1.80
2010.09.28 01:39:25.378,0.9456,0.946,4.00,1.80
2010.09.28 01:39:25.781,0.9456,0.946,1.00,12.20
2010.09.28 01:39:27.237,0.94565,0.946,1.00,12.20
2010.09.28 01:39:27.316,0.94565,0.946,1.00,12.00
2010.09.28 01:39:27.949,0.94565,0.946,1.00,1.60
2010.09.28 01:39:28.176,0.94565,0.946,1.00,1.60
2010.09.28 01:39:29.809,0.94565,0.946,1.00,1.80
2010.09.28 01:39:30.087,0.94565,0.946,1.00,5.80
2010.09.28 01:39:30.227,0.94565,0.946,1.00,1.80
2010.09.28 01:39:31.248,0.94565,0.946,1.00,1.80
2010.09.28 01:39:31.750,0.94565,0.946,1.00,1.80
2010.09.28 01:39:31.920,0.94565,0.94605,1.00,8.20
2010.09.28 01:39:32.599,0.94565,0.94605,4.00,4.20
2010.09.28 01:39:33.157,0.94565,0.94605,4.00,5.80
2010.09.28 01:39:33.439,0.94565,0.946,4.00,1.60
2010.09.28 01:39:34.148,0.94555,0.94595,1.00,8.00
2010.09.28 01:39:36.011,0.94555,0.94595,1.00,8.10
2010.09.28 01:39:37.297,0.94555,0.94595,1.00,9.70
2010.09.28 01:39:38.507,0.94555,0.94595,1.00,9.60
2010.09.28 01:39:38.617,0.94555,0.94595,1.60,9.60
2010.09.28 01:39:38.816,0.94555,0.94595,9.60,1.60
2010.09.28 01:39:40.327,0.94555,0.94595,9.60,1.60
2010.09.28 01:39:40.567,0.94555,0.94595,9.80,1.60
2010.09.28 01:39:41.086,0.94555,0.94595,9.90,1.00
2010.09.28 01:39:41.272,0.9456,0.946,4.00,8.60
2010.09.28 01:39:41.449,0.9456,0.946,4.00,12.60
2010.09.28 01:39:42.079,0.9456,0.946,1.00,12.60
2010.09.28 01:39:42.424,0.94565,0.946,1.00,1.60
2010.09.28 01:39:42.771,0.94565,0.946,1.00,1.60
2010.09.28 01:39:45.877,0.94565,0.946,1.00,1.70
2010.09.28 01:39:46.337,0.9456,0.946,4.10,1.70
2010.09.28 01:39:47.370,0.9456,0.946,4.00,1.60
2010.09.28 01:39:52.157,0.94565,0.946,1.00,1.60
2010.09.28 01:39:53.351,0.9456,0.946,4.00,1.60
2010.09.28 01:39:53.547,0.94565,0.946,1.00,1.60
2010.09.28 01:39:53.747,0.94565,0.94605,1.00,8.20
2010.09.28 01:39:55.436,0.94565,0.94605,4.00,4.20
2010.09.28 01:40:00.706,0.94565,0.94605,4.00,4.00
2010.09.28 01:40:04.509,0.94565,0.94605,4.10,4.00
2010.09.28 01:40:04.888,0.9457,0.9461,4.00,9.90
2010.09.28 01:40:05.196,0.9457,0.9461,4.00,5.90
2010.09.28 01:40:05.410,0.9457,0.9461,4.10,5.90
2010.09.28 01:40:11.784,0.9457,0.9461,4.00,5.80
2010.09.28 01:40:12.300,0.94565,0.94605,8.00,4.00
2010.09.28 01:40:12.591,0.94565,0.94605,8.00,1.00
2010.09.28 01:40:13.437,0.94565,0.946,8.00,1.00
2010.09.28 01:40:15.245,0.94565,0.94605,8.10,1.00
2010.09.28 01:40:19.108,0.94565,0.946,8.00,1.00
2010.09.28 01:40:19.485,0.94565,0.94605,8.00,1.00
2010.09.28 01:40:20.058,0.94565,0.94605,4.00,1.00
2010.09.28 01:40:20.356,0.94565,0.94605,4.00,4.00
2010.09.28 01:40:30.873,0.9457,0.94605,1.00,4.00
2010.09.28 01:40:31.178,0.94565,0.94605,4.10,1.00
2010.09.28 01:40:31.237,0.94565,0.94605,8.10,1.00
2010.09.28 01:40:31.918,0.94565,0.94605,4.10,4.10
2010.09.28 01:40:53.649,0.94565,0.946,1.00,1.60
2010.09.28 01:40:54.500,0.94565,0.946,1.00,2.20
2010.09.28 01:40:54.699,0.94565,0.946,1.00,4.60
2010.09.28 01:40:55.198,0.94565,0.946,1.00,12.60
2010.09.28 01:40:56.607,0.9456,0.946,1.00,12.70
2010.09.28 01:40:57.985,0.94565,0.946,1.00,12.70
2010.09.28 01:40:59.487,0.9456,0.946,1.00,12.70
2010.09.28 01:41:00.198,0.9456,0.946,4.10,8.70
2010.09.28 01:41:00.317,0.94565,0.946,1.00,8.60
2010.09.28 01:41:00.537,0.94565,0.946,1.00,4.60
2010.09.28 01:41:00.706,0.94565,0.946,1.00,4.70
2010.09.28 01:41:01.080,0.9457,0.946,1.00,4.60
2010.09.28 01:41:01.748,0.94565,0.946,4.00,1.60
2010.09.28 01:41:01.912,0.94565,0.946,4.00,1.60
2010.09.28 01:41:02.561,0.9457,0.94605,1.00,4.00
2010.09.28 01:41:02.723,0.9457,0.9461,8.00,1.60
2010.09.28 01:41:03.702,0.94575,0.9461,1.00,1.60
2010.09.28 01:41:03.937,0.94575,0.9461,8.10,1.60
2010.09.28 01:41:04.417,0.94575,0.9461,8.00,1.60
2010.09.28 01:41:05.450,0.94575,0.94615,4.00,5.60
2010.09.28 01:41:07.328,0.94575,0.94615,4.00,4.00
2010.09.28 01:41:07.588,0.94575,0.9462,8.00,8.00
2010.09.28 01:41:08.398,0.9458,0.9462,1.00,8.10
2010.09.28 01:41:12.309,0.94575,0.94615,8.10,1.00
2010.09.28 01:41:14.115,0.94575,0.9462,8.00,8.00
2010.09.28 01:41:14.259,0.9458,0.9462,4.00,1.00
2010.09.28 01:41:15.423,0.9458,0.9462,4.00,1.00
2010.09.28 01:41:17.970,0.94575,0.9462,8.00,12.00
2010.09.28 01:41:18.519,0.94575,0.94615,8.00,1.00
2010.09.28 01:41:18.828,0.9458,0.94615,4.00,1.00
2010.09.28 01:41:19.433,0.9458,0.9462,4.00,1.00
2010.09.28 01:41:20.396,0.9458,0.9462,4.10,1.00
2010.09.28 01:41:20.637,0.9458,0.9462,4.00,1.00
2010.09.28 01:41:22.638,0.9458,0.9462,4.00,8.00
2010.09.28 01:41:22.857,0.94575,0.9462,8.00,12.00
2010.09.28 01:41:23.868,0.94575,0.94615,8.10,1.00
2010.09.28 01:41:26.286,0.94575,0.9462,8.10,12.10
2010.09.28 01:41:26.477,0.94575,0.9462,8.10,8.10
2010.09.28 01:41:26.677,0.9458,0.9462,4.00,1.00
2010.09.28 01:41:28.037,0.9458,0.9462,4.00,4.00
2010.09.28 01:41:28.596,0.9458,0.9462,4.00,8.00
2010.09.28 01:41:28.728,0.9458,0.9462,4.00,4.00
2010.09.28 01:41:34.861,0.9458,0.9462,8.00,4.00
2010.09.28 01:41:35.207,0.9458,0.9462,4.00,4.00
2010.09.28 01:41:37.197,0.9458,0.9462,8.00,4.00
2010.09.28 01:41:40.400,0.9458,0.94615,8.10,1.00
2010.09.28 01:41:41.587,0.9458,0.9462,8.00,4.00
2010.09.28 01:41:43.600,0.9458,0.9462,4.10,8.10
2010.09.28 01:41:45.977,0.9458,0.9462,4.10,4.10
2010.09.28 01:41:46.068,0.9458,0.9462,8.10,4.10
2010.09.28 01:42:03.776,0.9458,0.94615,8.00,1.00
2010.09.28 01:42:04.373,0.9458,0.9462,8.10,4.10
2010.09.28 01:42:04.678,0.9458,0.94615,8.10,1.00
2010.09.28 01:42:07.506,0.9458,0.9462,8.10,4.10
2010.09.28 01:42:08.041,0.9458,0.9462,8.00,4.00
2010.09.28 01:42:08.358,0.9458,0.9462,4.00,4.00
2010.09.28 01:42:08.557,0.9458,0.9462,1.00,12.00
2010.09.28 01:42:08.747,0.9458,0.9462,4.00,4.00
2010.09.28 01:42:09.268,0.9458,0.9462,4.00,8.00
2010.09.28 01:42:10.697,0.9458,0.94615,4.10,1.00
2010.09.28 01:42:11.095,0.9458,0.9462,4.10,8.10
2010.09.28 01:42:20.937,0.9458,0.9462,4.10,4.10
2010.09.28 01:42:21.207,0.9458,0.9462,4.10,8.10
2010.09.28 01:42:21.728,0.9458,0.9462,4.00,5.60
2010.09.28 01:42:21.968,0.94585,0.9462,4.00,1.60
2010.09.28 01:42:22.437,0.94585,0.9462,8.00,1.60
2010.09.28 01:42:24.719,0.94585,0.9462,4.00,1.60
2010.09.28 01:42:25.178,0.94585,0.9462,4.00,1.60
2010.09.28 01:42:25.327,0.94585,0.9462,4.10,1.60
2010.09.28 01:42:29.499,0.94585,0.9462,8.10,1.60
2010.09.28 01:42:31.158,0.94585,0.9462,4.10,1.60
2010.09.28 01:42:31.467,0.94585,0.9462,8.10,1.60
2010.09.28 01:42:33.116,0.94585,0.9462,8.10,1.70
2010.09.28 01:42:33.377,0.94585,0.9462,4.10,1.60
2010.09.28 01:42:47.307,0.94585,0.94625,8.10,1.00
2010.09.28 01:43:06.757,0.94585,0.9462,8.00,1.00
2010.09.28 01:43:07.197,0.94585,0.94625,8.10,1.00
2010.09.28 01:43:07.279,0.94585,0.9462,8.00,1.00
2010.09.28 01:43:07.558,0.94585,0.94625,8.10,1.00
2010.09.28 01:43:08.729,0.94585,0.94625,8.00,1.00
2010.09.28 01:43:15.727,0.94585,0.9462,8.00,1.00
2010.09.28 01:43:16.066,0.94585,0.94625,8.00,1.00
2010.09.28 01:43:18.348,0.9459,0.9463,1.00,12.10
2010.09.28 01:43:18.548,0.94605,0.9463,1.60,8.00
2010.09.28 01:43:19.034,0.94605,0.94635,1.60,1.00
2010.09.28 01:43:19.260,0.946,0.9464,8.00,5.60
2010.09.28 01:43:19.470,0.946,0.9464,8.00,1.60
2010.09.28 01:43:19.771,0.946,0.9464,4.00,1.60
2010.09.28 01:43:20.369,0.946,0.94635,8.00,1.00
2010.09.28 01:43:20.679,0.9459,0.9463,8.10,1.60
2010.09.28 01:43:21.138,0.94595,0.9463,8.00,1.60
2010.09.28 01:43:22.745,0.94595,0.9463,8.00,1.60
2010.09.28 01:43:22.958,0.94595,0.9463,8.00,1.60
2010.09.28 01:43:23.198,0.94595,0.9463,8.00,1.60
2010.09.28 01:43:24.548,0.94595,0.9463,8.00,1.70
2010.09.28 01:43:30.447,0.94595,0.9463,8.00,1.90
2010.09.28 01:43:30.821,0.94595,0.9463,8.00,1.80
2010.09.28 01:43:30.989,0.9459,0.9463,8.00,4.20
2010.09.28 01:43:31.152,0.9459,0.9463,8.00,4.30
2010.09.28 01:43:32.379,0.9459,0.94625,8.00,1.00
2010.09.28 01:43:36.167,0.9459,0.9463,8.00,4.20
2010.09.28 01:43:37.048,0.9459,0.9463,8.10,4.30
2010.09.28 01:43:37.283,0.9459,0.9463,8.00,4.20
2010.09.28 01:43:37.629,0.94595,0.9463,4.00,4.20
2010.09.28 01:43:38.053,0.94595,0.9463,4.00,1.80
2010.09.28 01:43:38.405,0.9459,0.9463,8.00,1.80
2010.09.28 01:43:39.328,0.9459,0.94625,8.10,1.00
2010.09.28 01:43:41.389,0.9459,0.9463,8.10,1.90
2010.09.28 01:43:42.382,0.9459,0.94625,8.00,1.00
2010.09.28 01:43:42.477,0.9459,0.9463,8.00,1.80
2010.09.28 01:43:44.588,0.9459,0.94625,8.00,1.00
2010.09.28 01:43:44.807,0.9459,0.9463,8.00,1.80
2010.09.28 01:43:45.227,0.9459,0.94625,8.00,1.00
2010.09.28 01:43:46.974,0.9459,0.94625,8.10,1.00
2010.09.28 01:43:48.637,0.9459,0.9463,9.70,1.90
2010.09.28 01:43:50.797,0.9459,0.9463,8.10,1.90
2010.09.28 01:43:51.300,0.9459,0.9463,8.00,1.80
2010.09.28 01:43:52.958,0.946,0.9463,2.60,1.60
2010.09.28 01:43:53.139,0.946,0.9464,6.60,5.70
2010.09.28 01:43:53.319,0.946,0.94635,2.60,4.00
2010.09.28 01:43:53.799,0.946,0.94645,6.60,8.20
2010.09.28 01:43:53.978,0.946,0.94645,10.60,8.20
2010.09.28 01:43:54.771,0.94605,0.94645,1.00,8.30
2010.09.28 01:43:56.337,0.946,0.9464,10.60,1.00
2010.09.28 01:43:56.457,0.946,0.9464,10.40,1.00
2010.09.28 01:43:57.978,0.94605,0.94645,1.00,8.00
2010.09.28 01:43:58.147,0.94605,0.94645,1.00,4.00
2010.09.28 01:43:58.308,0.9461,0.94645,1.00,4.00
2010.09.28 01:43:58.479,0.94615,0.9465,1.00,8.00
2010.09.28 01:43:58.947,0.9461,0.9465,6.40,4.00
2010.09.28 01:43:59.149,0.94615,0.94655,1.00,8.00
2010.09.28 01:44:01.031,0.9461,0.94655,10.50,8.10
2010.09.28 01:44:01.281,0.9461,0.94655,10.40,8.00
2010.09.28 01:44:10.748,0.94615,0.94655,1.00,8.00
2010.09.28 01:44:11.147,0.9461,0.9465,10.40,1.00
2010.09.28 01:44:12.427,0.94615,0.94655,1.00,8.00
2010.09.28 01:44:13.507,0.9461,0.94655,10.40,8.00
2010.09.28 01:44:17.097,0.9461,0.9465,10.40,1.00
2010.09.28 01:44:17.207,0.94615,0.94655,1.00,8.00
2010.09.28 01:44:17.367,0.9461,0.9465,10.40,1.00
2010.09.28 01:44:18.158,0.94615,0.94655,1.00,8.00
2010.09.28 01:44:19.378,0.9461,0.94655,10.40,8.00
2010.09.28 01:44:19.761,0.9461,0.9465,10.40,1.00
2010.09.28 01:44:20.202,0.9461,0.94655,10.40,8.00
2010.09.28 01:44:21.207,0.94615,0.94655,1.00,8.00
2010.09.28 01:44:21.687,0.9461,0.94655,10.50,8.10
2010.09.28 01:44:22.797,0.9461,0.94655,10.40,8.00
2010.09.28 01:44:23.138,0.9461,0.9465,10.40,1.00
2010.09.28 01:44:23.780,0.94615,0.94655,1.00,8.00
2010.09.28 01:44:24.628,0.9461,0.94655,10.40,8.00
2010.09.28 01:44:25.648,0.9461,0.94655,8.00,8.10
2010.09.28 01:44:25.959,0.9461,0.9465,10.40,4.00
2010.09.28 01:44:26.268,0.9461,0.9465,10.40,1.00
2010.09.28 01:44:27.619,0.9461,0.9465,10.50,1.00
2010.09.28 01:44:28.268,0.9461,0.94655,10.40,8.00
2010.09.28 01:44:28.761,0.9461,0.9465,10.50,1.00
2010.09.28 01:44:29.389,0.9461,0.9465,10.40,1.00
2010.09.28 01:44:30.309,0.9461,0.9465,10.40,1.00
2010.09.28 01:44:33.022,0.9461,0.9465,10.40,1.00
2010.09.28 01:44:33.598,0.9461,0.9465,10.40,1.00
2010.09.28 01:44:34.689,0.9461,0.94655,10.50,8.10
2010.09.28 01:44:35.269,0.94615,0.94655,1.00,8.00
2010.09.28 01:44:35.940,0.9461,0.94655,10.40,8.00
2010.09.28 01:44:36.468,0.94615,0.94655,1.00,8.10
2010.09.28 01:44:36.859,0.9461,0.94655,10.50,8.10
2010.09.28 01:44:41.258,0.9461,0.94655,8.10,8.10
2010.09.28 01:44:41.812,0.94615,0.94655,1.00,8.10
2010.09.28 01:44:42.267,0.9461,0.94655,10.40,8.00
2010.09.28 01:44:43.184,0.94615,0.94655,1.00,8.00
2010.09.28 01:44:43.531,0.9461,0.94655,8.00,8.10
2010.09.28 01:44:43.868,0.9461,0.9465,4.00,4.00
2010.09.28 01:44:44.119,0.94605,0.9465,8.20,8.00
2010.09.28 01:44:45.950,0.94605,0.9465,8.00,8.00
2010.09.28 01:44:51.260,0.94605,0.9465,8.00,8.00
2010.09.28 01:44:51.898,0.94605,0.9465,8.00,8.00
2010.09.28 01:44:54.607,0.94605,0.9465,8.10,8.10
2010.09.28 01:44:55.120,0.9461,0.9465,10.40,1.00
2010.09.28 01:44:57.073,0.9461,0.94655,10.50,8.10
2010.09.28 01:44:57.618,0.9461,0.94655,10.40,8.00
2010.09.28 01:44:58.717,0.94615,0.94655,1.00,8.00
2010.09.28 01:44:59.419,0.94605,0.9465,8.00,8.00
2010.09.28 01:44:59.639,0.94605,0.9465,8.10,8.00
2010.09.28 01:44:59.859,0.94605,0.9465,8.00,8.00
2010.09.28 01:45:00.427,0.94605,0.9465,8.00,8.00
2010.09.28 01:45:01.667,0.94605,0.9465,8.00,8.00
2010.09.28 01:45:02.417,0.94605,0.9465,9.60,8.00
2010.09.28 01:45:02.689,0.9461,0.94655,6.40,8.00
2010.09.28 01:45:03.368,0.9461,0.94655,10.40,8.00
2010.09.28 01:45:03.998,0.9461,0.9465,8.00,2.50
2010.09.28 01:45:04.077,0.9461,0.9465,8.00,2.40
2010.09.28 01:45:04.158,0.9461,0.9465,8.00,2.60
2010.09.28 01:45:04.238,0.94605,0.9465,8.00,12.20
2010.09.28 01:45:04.659,0.946,0.94645,8.00,8.00
2010.09.28 01:45:04.939,0.946,0.94645,8.00,8.00
2010.09.28 01:45:06.072,0.94605,0.9465,9.60,12.00
2010.09.28 01:45:06.577,0.9461,0.9465,1.00,12.00
2010.09.28 01:45:06.827,0.94605,0.9465,9.60,12.00
2010.09.28 01:45:07.077,0.9461,0.9465,1.00,12.00
2010.09.28 01:45:08.381,0.94605,0.9465,9.70,12.10
2010.09.28 01:45:08.928,0.94605,0.94645,9.60,1.00
2010.09.28 01:45:08.987,0.94605,0.9465,9.60,12.10
2010.09.28 01:45:09.047,0.94605,0.9465,9.60,12.30
2010.09.28 01:45:09.107,0.94605,0.9465,8.00,12.30
2010.09.28 01:45:09.469,0.946,0.94645,8.00,8.00
2010.09.28 01:45:10.270,0.946,0.9464,8.00,2.60
2010.09.28 01:45:10.468,0.94595,0.94635,1.60,8.00
2010.09.28 01:45:11.718,0.94595,0.9464,9.60,8.20
2010.09.28 01:45:11.980,0.94605,0.94635,1.60,4.00
2010.09.28 01:45:12.384,0.94605,0.9464,1.60,12.00
2010.09.28 01:45:13.568,0.94605,0.9464,1.60,9.60
2010.09.28 01:45:13.677,0.94605,0.9464,1.60,8.00
2010.09.28 01:45:13.779,0.94605,0.94645,1.60,8.20
2010.09.28 01:45:14.877,0.94605,0.94645,1.60,8.20
2010.09.28 01:45:16.184,0.94605,0.94645,1.60,8.00
2010.09.28 01:45:16.823,0.94605,0.94645,1.60,8.10
2010.09.28 01:45:17.368,0.94605,0.9464,1.60,1.00
2010.09.28 01:45:17.578,0.94605,0.94645,1.60,8.00
2010.09.28 01:45:18.051,0.94605,0.9464,1.60,1.60
2010.09.28 01:45:18.374,0.94605,0.9464,5.60,1.60
2010.09.28 01:45:18.987,0.94605,0.94645,5.90,4.00
2010.09.28 01:45:19.349,0.94605,0.9465,9.90,12.30
2010.09.28 01:45:20.498,0.94605,0.94645,9.80,1.00
2010.09.28 01:45:20.898,0.94605,0.9465,9.90,12.30
2010.09.28 01:45:23.259,0.9461,0.9465,1.00,12.30
2010.09.28 01:45:23.688,0.94605,0.94645,9.80,1.00
2010.09.28 01:45:24.133,0.9461,0.9465,1.00,12.20
2010.09.28 01:45:25.568,0.94605,0.9465,9.80,12.20
2010.09.28 01:45:25.671,0.94605,0.94645,9.80,1.00
2010.09.28 01:45:26.087,0.94605,0.9465,9.80,12.20
2010.09.28 01:45:27.497,0.94605,0.94645,9.90,1.00
2010.09.28 01:45:27.938,0.94605,0.9465,9.90,12.30
2010.09.28 01:45:31.013,0.94605,0.94645,9.90,1.00
2010.09.28 01:45:31.437,0.94605,0.9465,9.90,12.30
2010.09.28 01:45:31.665,0.94605,0.9465,9.70,12.30
2010.09.28 01:45:31.891,0.94605,0.94645,5.70,4.00
2010.09.28 01:45:32.439,0.94605,0.94645,5.60,4.00
2010.09.28 01:45:32.777,0.94605,0.94645,5.60,4.00
2010.09.28 01:45:34.598,0.94605,0.94645,5.70,4.00
2010.09.28 01:45:35.288,0.94605,0.94645,5.60,4.10
2010.09.28 01:45:35.374,0.94605,0.94645,5.60,4.00
2010.09.28 01:45:35.710,0.94605,0.94645,5.70,4.10
2010.09.28 01:45:36.769,0.94605,0.94645,5.70,4.00
2010.09.28 01:45:37.210,0.94605,0.9465,9.70,12.30
2010.09.28 01:45:38.287,0.9461,0.9465,1.00,12.20
2010.09.28 01:45:41.487,0.94605,0.94645,9.70,1.00
2010.09.28 01:45:41.918,0.9461,0.9465,1.00,12.30
2010.09.28 01:45:42.407,0.9461,0.9465,1.00,12.20
2010.09.28 01:45:42.567,0.9461,0.9465,1.00,12.20
2010.09.28 01:45:43.557,0.94605,0.9465,9.70,12.30
2010.09.28 01:45:44.487,0.94615,0.9465,1.00,12.20
2010.09.28 01:45:44.647,0.9461,0.9465,1.00,12.20
2010.09.28 01:45:44.708,0.9461,0.9465,1.00,12.00
2010.09.28 01:45:44.897,0.9461,0.9465,2.40,9.60
2010.09.28 01:45:45.669,0.9461,0.94655,10.40,8.00
2010.09.28 01:45:46.297,0.94615,0.94655,1.00,8.00
2010.09.28 01:45:47.440,0.9461,0.94655,10.40,8.00
2010.09.28 01:45:51.171,0.94615,0.94655,1.00,8.00
2010.09.28 01:45:51.554,0.94615,0.94655,4.10,4.00
2010.09.28 01:45:51.608,0.94615,0.9466,8.10,12.30
2010.09.28 01:45:53.901,0.94615,0.9466,9.70,12.30
2010.09.28 01:45:54.849,0.94615,0.94655,9.60,1.00
2010.09.28 01:45:57.577,0.9462,0.9466,1.00,12.20
2010.09.28 01:45:58.129,0.94615,0.94655,9.70,1.00
2010.09.28 01:45:58.528,0.94615,0.9466,9.60,12.20
2010.09.28 01:45:59.738,0.9462,0.9466,1.00,12.30
2010.09.28 01:46:00.628,0.94615,0.94655,9.60,1.00
2010.09.28 01:46:20.471,0.9462,0.9466,1.00,12.20
2010.09.28 01:46:21.869,0.94615,0.94655,9.60,1.00
2010.09.28 01:46:23.267,0.9462,0.9466,1.00,12.20
2010.09.28 01:46:24.341,0.94615,0.94655,9.60,1.00
2010.09.28 01:46:25.678,0.9462,0.9466,1.00,12.20
2010.09.28 01:46:26.707,0.94615,0.9466,9.60,12.20
2010.09.28 01:46:27.157,0.94615,0.94655,9.60,1.00
2010.09.28 01:46:27.347,0.9462,0.9466,1.00,12.20
2010.09.28 01:46:35.474,0.9462,0.9466,1.00,12.30
2010.09.28 01:46:35.737,0.94615,0.9466,9.60,12.20
2010.09.28 01:46:36.091,0.9462,0.9466,1.00,12.20
2010.09.28 01:46:37.227,0.9462,0.9466,1.00,12.20
2010.09.28 01:46:38.474,0.9462,0.9466,1.00,12.30
2010.09.28 01:46:40.508,0.9462,0.9466,1.00,12.20
2010.09.28 01:46:42.158,0.9462,0.9466,1.00,12.30
2010.09.28 01:46:42.298,0.9462,0.9466,1.00,12.20
2010.09.28 01:46:43.387,0.94615,0.94655,9.60,1.00
2010.09.28 01:46:43.957,0.9462,0.9466,1.00,12.20
2010.09.28 01:46:44.817,0.9462,0.9466,1.00,12.00
2010.09.28 01:46:44.898,0.9462,0.9466,1.00,12.00
2010.09.28 01:46:46.390,0.94615,0.9466,9.70,12.10
2010.09.28 01:46:49.109,0.9462,0.9466,1.00,12.00
2010.09.28 01:46:51.682,0.94615,0.9466,9.70,12.10
2010.09.28 01:46:55.069,0.9462,0.9466,1.00,12.00
2010.09.28 01:46:56.918,0.9462,0.9466,1.00,12.00
2010.09.28 01:46:57.018,0.9462,0.9466,2.40,9.60
2010.09.28 01:46:57.107,0.9462,0.9466,2.40,8.00
2010.09.28 01:46:57.608,0.9462,0.9466,6.40,4.00
2010.09.28 01:46:57.697,0.9462,0.94665,6.40,9.60
2010.09.28 01:46:57.911,0.94625,0.94665,1.00,9.60
2010.09.28 01:46:58.109,0.94625,0.94665,1.60,8.00
2010.09.28 01:46:58.309,0.94625,0.9467,8.00,12.20
2010.09.28 01:47:00.652,0.9463,0.9467,1.00,12.20
2010.09.28 01:47:03.901,0.9463,0.9467,1.00,12.20
2010.09.28 01:47:05.937,0.9463,0.9467,1.00,13.00
2010.09.28 01:47:06.027,0.94625,0.9467,9.60,13.10
2010.09.28 01:47:06.449,0.94625,0.9466,4.00,8.00
2010.09.28 01:47:06.668,0.9462,0.9466,1.00,12.00
2010.09.28 01:47:07.547,0.9462,0.9466,1.00,12.00
2010.09.28 01:47:08.577,0.9462,0.9466,1.00,12.00
2010.09.28 01:47:10.939,0.9462,0.9466,1.00,9.60
2010.09.28 01:47:16.834,0.9462,0.9466,1.00,9.70
2010.09.28 01:47:17.319,0.94615,0.9466,9.90,9.60
2010.09.28 01:47:17.567,0.9462,0.9466,1.00,9.60
2010.09.28 01:47:17.687,0.94615,0.9466,9.90,9.60
2010.09.28 01:47:19.645,0.9462,0.9466,1.00,9.60
2010.09.28 01:47:22.594,0.9462,0.9466,1.00,9.60
2010.09.28 01:47:22.867,0.9462,0.9466,1.00,9.60
2010.09.28 01:47:24.297,0.9462,0.9466,1.00,9.60
2010.09.28 01:47:34.490,0.9462,0.9466,1.00,9.60
2010.09.28 01:47:34.960,0.9462,0.9466,1.00,9.60
2010.09.28 01:47:35.051,0.9462,0.9466,1.00,9.70
2010.09.28 01:47:35.728,0.9462,0.9466,1.00,9.60
2010.09.28 01:47:36.558,0.9462,0.9466,1.00,9.60
2010.09.28 01:47:36.968,0.9462,0.9466,1.00,9.70
2010.09.28 01:47:38.308,0.94615,0.9466,9.80,9.60
2010.09.28 01:47:38.458,0.9462,0.9466,1.00,9.60
2010.09.28 01:47:38.817,0.94615,0.9466,9.80,9.60
2010.09.28 01:47:38.959,0.9462,0.9466,1.00,9.60
2010.09.28 01:47:43.689,0.9462,0.9466,1.00,9.70
2010.09.28 01:47:43.897,0.9462,0.9466,1.00,9.60
2010.09.28 01:47:44.251,0.9462,0.9466,1.00,9.70
2010.09.28 01:47:47.400,0.94615,0.9466,9.90,9.70
2010.09.28 01:47:48.427,0.9462,0.9466,1.00,9.70
2010.09.28 01:47:54.000,0.94615,0.9466,9.90,9.70
2010.09.28 01:47:55.467,0.9462,0.9466,1.00,9.60
2010.09.28 01:47:56.308,0.94615,0.9466,9.80,9.60
2010.09.28 01:47:57.139,0.94615,0.9466,9.60,9.60
2010.09.28 01:47:57.338,0.9462,0.9466,1.00,9.70
2010.09.28 01:48:00.099,0.9462,0.9466,1.00,9.60
2010.09.28 01:48:00.239,0.9462,0.9466,1.00,9.70
2010.09.28 01:48:03.249,0.9462,0.9466,1.00,9.60
2010.09.28 01:48:03.439,0.9462,0.9466,1.00,9.70
2010.09.28 01:48:03.968,0.9463,0.9467,2.40,8.10
2010.09.28 01:48:04.152,0.9463,0.9467,6.40,1.00
2010.09.28 01:48:04.339,0.9463,0.94675,7.20,8.00
2010.09.28 01:48:04.683,0.94635,0.9468,8.00,9.60
2010.09.28 01:48:05.030,0.94635,0.9468,8.80,9.70
2010.09.28 01:48:05.371,0.9464,0.9468,10.40,1.70
2010.09.28 01:48:05.671,0.9464,0.9468,10.40,1.60
2010.09.28 01:48:07.029,0.9464,0.9468,8.00,1.60
2010.09.28 01:48:07.269,0.9464,0.9468,4.00,5.60
2010.09.28 01:48:07.390,0.94635,0.9468,8.10,9.60
2010.09.28 01:48:08.042,0.94635,0.94675,8.00,1.60
2010.09.28 01:48:08.350,0.94625,0.9467,8.00,8.00
2010.09.28 01:48:08.662,0.9463,0.9467,1.00,8.00
2010.09.28 01:48:09.311,0.94625,0.9467,8.00,8.00
2010.09.28 01:48:09.928,0.94625,0.9467,8.10,8.00
2010.09.28 01:48:10.680,0.94625,0.94665,4.10,4.00
2010.09.28 01:48:11.561,0.94625,0.94665,4.00,4.00
2010.09.28 01:48:11.729,0.94625,0.94665,4.00,4.00
2010.09.28 01:48:11.899,0.94625,0.94665,8.00,4.00
2010.09.28 01:48:12.069,0.94625,0.94665,8.00,4.00
2010.09.28 01:48:12.438,0.9463,0.9467,1.00,8.00
2010.09.28 01:48:12.778,0.94625,0.9467,8.00,8.00
2010.09.28 01:48:13.461,0.9463,0.9467,1.00,8.00
2010.09.28 01:48:14.180,0.94625,0.9467,8.10,8.10
2010.09.28 01:48:14.389,0.9463,0.9467,1.00,8.00
2010.09.28 01:48:16.477,0.9463,0.94665,1.00,4.00
2010.09.28 01:48:16.958,0.94625,0.94665,4.00,4.00
2010.09.28 01:48:18.508,0.94625,0.94665,4.10,4.00
2010.09.28 01:48:28.449,0.94625,0.94665,1.00,8.00
2010.09.28 01:48:30.621,0.9462,0.94665,11.40,8.00
2010.09.28 01:48:32.610,0.94625,0.94665,1.00,8.00
2010.09.28 01:48:33.507,0.94625,0.9466,1.00,1.00
2010.09.28 01:48:34.497,0.94625,0.94665,1.00,8.10
2010.09.28 01:48:35.397,0.94625,0.94665,1.00,8.00
2010.09.28 01:48:35.927,0.9462,0.94665,11.50,8.00
2010.09.28 01:48:36.057,0.9462,0.94665,7.50,8.00
2010.09.28 01:48:36.317,0.9462,0.94665,7.40,8.10
2010.09.28 01:48:37.385,0.9462,0.94665,7.50,8.00
2010.09.28 01:48:38.939,0.94625,0.94665,1.00,8.00
2010.09.28 01:48:39.330,0.94625,0.94665,1.00,8.00
2010.09.28 01:48:39.440,0.94625,0.9467,10.60,8.00
2010.09.28 01:48:39.548,0.94625,0.9467,10.70,8.10
2010.09.28 01:48:39.799,0.9463,0.9467,4.00,4.10
2010.09.28 01:48:41.302,0.9463,0.9467,4.00,4.00
2010.09.28 01:48:42.051,0.9463,0.9467,4.00,1.00
2010.09.28 01:48:43.327,0.9463,0.9467,4.10,1.00
2010.09.28 01:48:43.637,0.9463,0.94675,4.10,9.70
2010.09.28 01:48:43.737,0.9463,0.9467,4.00,1.00
2010.09.28 01:48:43.937,0.9463,0.9467,8.00,1.00
2010.09.28 01:48:44.748,0.9463,0.9467,8.00,1.00
2010.09.28 01:48:44.861,0.9463,0.9467,8.00,1.00
2010.09.28 01:48:45.649,0.9463,0.9467,8.00,1.00
2010.09.28 01:48:45.989,0.9463,0.9467,8.00,1.00
2010.09.28 01:48:46.628,0.9463,0.94675,8.00,9.60
2010.09.28 01:48:46.924,0.94625,0.9467,10.60,8.00
2010.09.28 01:48:47.208,0.9463,0.9467,1.00,8.00
2010.09.28 01:48:48.437,0.9463,0.9467,1.00,8.00
2010.09.28 01:48:51.353,0.94625,0.9467,9.70,8.10
2010.09.28 01:48:51.417,0.94625,0.9467,9.70,12.10
2010.09.28 01:48:52.457,0.9463,0.9467,1.00,12.00
2010.09.28 01:48:52.888,0.94625,0.9467,9.60,12.00
2010.09.28 01:48:53.449,0.94625,0.9467,8.00,12.00
2010.09.28 01:48:53.701,0.94625,0.94665,1.00,8.00
2010.09.28 01:48:54.319,0.9462,0.94665,10.70,8.10
2010.09.28 01:48:54.727,0.9462,0.94665,10.60,8.00
2010.09.28 01:48:54.947,0.9462,0.94665,6.60,8.00
2010.09.28 01:48:55.748,0.9462,0.94665,10.60,8.00
2010.09.28 01:48:55.959,0.9462,0.94665,4.20,8.00
2010.09.28 01:48:56.168,0.9462,0.9466,6.60,1.00
2010.09.28 01:48:56.513,0.94625,0.9466,1.00,4.00
2010.09.28 01:48:56.719,0.9462,0.94665,6.70,8.10
2010.09.28 01:48:58.619,0.9462,0.9466,6.60,1.00
2010.09.28 01:48:58.805,0.94625,0.94665,1.00,8.00
2010.09.28 01:48:59.143,0.9462,0.9466,6.70,1.00
2010.09.28 01:48:59.716,0.94625,0.94665,1.00,8.00
2010.09.28 01:49:00.428,0.9462,0.94665,6.60,8.00
2010.09.28 01:49:01.500,0.94625,0.9466,1.00,4.00
2010.09.28 01:49:01.681,0.94625,0.94665,1.00,8.00
2010.09.28 01:49:01.859,0.94625,0.94665,1.00,8.10
2010.09.28 01:49:03.068,0.94625,0.94665,1.00,8.00
2010.09.28 01:49:03.628,0.9462,0.94665,6.60,8.00
2010.09.28 01:49:04.188,0.94625,0.94665,1.00,8.00
2010.09.28 01:49:04.667,0.9462,0.94665,6.70,8.10
2010.09.28 01:49:05.092,0.94625,0.94665,1.00,8.00
2010.09.28 01:49:08.290,0.9462,0.94665,6.60,8.00
2010.09.28 01:49:10.112,0.9462,0.9466,6.60,4.00
2010.09.28 01:49:10.290,0.9462,0.94665,6.70,8.10
2010.09.28 01:49:10.667,0.94625,0.94665,1.00,8.00
2010.09.28 01:49:12.450,0.9462,0.94665,6.70,8.10
2010.09.28 01:49:12.639,0.9462,0.94665,6.60,8.00
2010.09.28 01:49:12.829,0.94625,0.94665,1.00,8.00
2010.09.28 01:49:17.537,0.9462,0.94665,6.60,8.00
2010.09.28 01:49:17.989,0.94625,0.94665,9.60,1.00
2010.09.28 01:49:18.118,0.94625,0.94665,9.60,1.00
2010.09.28 01:49:18.806,0.94625,0.94665,9.60,1.00
2010.09.28 01:49:19.550,0.94625,0.94665,1.00,8.00
2010.09.28 01:49:19.890,0.9462,0.94665,6.60,8.00
2010.09.28 01:49:20.461,0.9462,0.94665,10.60,8.00
2010.09.28 01:49:22.660,0.9462,0.9466,10.60,1.00
2010.09.28 01:49:23.319,0.9462,0.94665,10.60,8.00
2010.09.28 01:49:24.711,0.9462,0.9466,10.60,1.00
2010.09.28 01:49:25.098,0.94625,0.94665,1.00,8.10
2010.09.28 01:49:25.297,0.9462,0.94665,10.70,8.10
2010.09.28 01:49:25.640,0.94625,0.94665,1.00,8.00
2010.09.28 01:49:26.318,0.94625,0.94665,1.00,8.10
2010.09.28 01:49:27.397,0.9462,0.94665,10.60,8.00
2010.09.28 01:49:29.295,0.94625,0.94665,1.00,8.00
2010.09.28 01:49:29.625,0.9462,0.94665,10.70,8.10
2010.09.28 01:49:30.179,0.9462,0.9466,10.70,1.00
2010.09.28 01:49:30.969,0.9462,0.94665,10.70,8.10
2010.09.28 01:49:31.220,0.9462,0.94665,10.60,8.00
2010.09.28 01:49:31.468,0.9462,0.9466,10.60,1.00
2010.09.28 01:49:33.107,0.9462,0.94665,10.60,8.00
2010.09.28 01:49:34.088,0.9462,0.9466,10.60,1.00
2010.09.28 01:49:34.922,0.9462,0.94665,10.60,8.00
2010.09.28 01:49:39.088,0.9462,0.94665,10.40,8.20
2010.09.28 01:49:39.543,0.9462,0.9466,1.00,12.00
2010.09.28 01:49:40.398,0.94615,0.9466,9.70,12.10
2010.09.28 01:49:40.797,0.9462,0.9466,1.00,12.10
2010.09.28 01:49:41.393,0.9462,0.9466,1.00,12.00
2010.09.28 01:49:41.762,0.94615,0.9466,9.60,12.00
2010.09.28 01:49:42.216,0.9462,0.9466,1.00,12.00
2010.09.28 01:49:42.377,0.94615,0.9466,9.60,12.00
2010.09.28 01:49:42.537,0.9462,0.9466,1.00,12.00
2010.09.28 01:49:42.697,0.94615,0.9466,9.60,12.00
2010.09.28 01:49:43.698,0.9462,0.9466,1.00,12.00
2010.09.28 01:49:43.838,0.9462,0.9466,1.00,12.00
2010.09.28 01:49:44.245,0.94615,0.9466,9.70,12.10
2010.09.28 01:49:44.380,0.94615,0.94655,1.00,8.00
2010.09.28 01:49:44.518,0.9462,0.94655,1.00,8.00
2010.09.28 01:49:44.859,0.9462,0.94665,4.00,9.90
2010.09.28 01:49:45.199,0.94615,0.9466,8.00,8.00
2010.09.28 01:49:46.020,0.9462,0.94665,10.40,8.00
2010.09.28 01:49:46.378,0.9462,0.94665,10.40,8.00
2010.09.28 01:49:46.849,0.9462,0.9466,8.00,4.00
2010.09.28 01:49:47.442,0.94615,0.9466,9.70,12.00
2010.09.28 01:49:47.742,0.94615,0.9466,9.60,12.00
2010.09.28 01:49:49.077,0.94615,0.94655,9.70,1.00
2010.09.28 01:49:50.162,0.9462,0.9466,1.00,12.00
2010.09.28 01:49:50.358,0.94615,0.9466,9.70,12.10
2010.09.28 01:50:04.367,0.9462,0.9466,1.00,12.10
2010.09.28 01:50:05.198,0.9462,0.9466,1.00,12.00
2010.09.28 01:50:11.936,0.9462,0.9466,1.00,12.00
2010.09.28 01:50:12.099,0.9462,0.9466,2.40,9.60
2010.09.28 01:50:14.458,0.94625,0.9466,1.00,9.60
2010.09.28 01:50:15.188,0.9462,0.9466,2.40,9.60
2010.09.28 01:50:16.539,0.9462,0.9466,2.40,8.00
2010.09.28 01:50:16.969,0.9462,0.94665,6.40,8.00
2010.09.28 01:50:19.226,0.94625,0.94665,1.00,8.10
2010.09.28 01:50:20.096,0.9462,0.9466,10.50,1.00
2010.09.28 01:50:21.348,0.9462,0.9466,10.40,1.00
2010.09.28 01:50:22.368,0.9462,0.94665,10.50,8.10
2010.09.28 01:50:22.669,0.94625,0.94665,1.00,8.00
2010.09.28 01:50:24.288,0.9462,0.94665,10.50,8.10
2010.09.28 01:50:24.682,0.9462,0.9466,10.40,1.00
2010.09.28 01:50:25.088,0.9462,0.94665,10.50,8.10
2010.09.28 01:50:26.207,0.9462,0.94665,10.40,8.00
2010.09.28 01:50:26.538,0.9462,0.94665,10.50,8.10
2010.09.28 01:50:28.049,0.9462,0.9466,10.40,1.00
2010.09.28 01:50:28.181,0.9462,0.9466,10.40,1.00
2010.09.28 01:50:29.360,0.9462,0.9466,10.40,1.00
2010.09.28 01:50:29.528,0.9462,0.9466,6.40,1.00
2010.09.28 01:50:30.009,0.9462,0.94665,6.40,8.00
2010.09.28 01:50:30.248,0.9462,0.9466,6.40,1.00
2010.09.28 01:50:30.489,0.9462,0.94665,6.40,8.00
2010.09.28 01:50:31.158,0.9462,0.9466,6.40,1.00
2010.09.28 01:50:31.769,0.9462,0.94665,6.40,8.00
2010.09.28 01:50:33.587,0.9462,0.9466,6.40,1.00
2010.09.28 01:50:34.249,0.9462,0.9466,6.40,1.00
2010.09.28 01:50:35.519,0.9462,0.94665,6.40,8.00
2010.09.28 01:50:35.710,0.9462,0.9466,6.40,1.00
2010.09.28 01:50:35.828,0.9462,0.94665,6.40,8.00
2010.09.28 01:50:36.227,0.9462,0.9466,6.40,1.00
2010.09.28 01:50:39.378,0.9462,0.94665,6.40,8.00
2010.09.28 01:50:39.718,0.9462,0.9466,6.40,1.00
2010.09.28 01:50:41.209,0.9462,0.9465,4.00,1.60
2010.09.28 01:50:41.279,0.94615,0.9465,9.80,1.60
2010.09.28 01:50:41.349,0.94615,0.9465,9.60,1.60
2010.09.28 01:50:41.789,0.9462,0.9465,1.00,1.60
2010.09.28 01:50:42.070,0.94615,0.9465,9.60,1.60
2010.09.28 01:50:43.744,0.94615,0.9465,9.60,1.70
2010.09.28 01:50:43.893,0.9462,0.9465,1.00,1.60
2010.09.28 01:50:44.009,0.94615,0.9465,9.60,1.60
2010.09.28 01:50:44.187,0.94615,0.9465,9.60,1.60
2010.09.28 01:50:45.473,0.94615,0.94655,10.40,1.00
2010.09.28 01:50:45.640,0.9462,0.9466,6.60,4.00
2010.09.28 01:50:45.799,0.9462,0.94665,6.60,8.60
2010.09.28 01:50:46.117,0.9462,0.94665,10.60,8.60
2010.09.28 01:50:47.057,0.9462,0.9466,10.60,1.00
2010.09.28 01:50:47.357,0.9462,0.9466,10.40,1.00
2010.09.28 01:50:47.789,0.9462,0.94665,6.40,8.20
2010.09.28 01:50:49.308,0.94625,0.94665,1.00,8.20
2010.09.28 01:50:50.359,0.9462,0.94665,6.40,8.20
2010.09.28 01:50:51.010,0.94625,0.94665,1.00,8.30
2010.09.28 01:50:51.230,0.9462,0.94665,6.50,8.30
2010.09.28 01:50:52.059,0.94625,0.94665,1.00,8.20
2010.09.28 01:50:52.398,0.9462,0.94665,6.50,8.30
2010.09.28 01:50:53.391,0.94625,0.94665,1.00,8.30
2010.09.28 01:50:54.441,0.94625,0.94665,1.00,8.20
2010.09.28 01:50:54.659,0.9462,0.94665,6.40,8.20
2010.09.28 01:50:56.352,0.94625,0.94665,1.00,8.30
2010.09.28 01:50:56.429,0.94625,0.94665,1.00,8.20
2010.09.28 01:50:56.929,0.9463,0.94665,1.00,8.20
2010.09.28 01:50:57.148,0.94625,0.94665,1.00,8.20
2010.09.28 01:50:57.358,0.9463,0.94665,1.00,8.20
2010.09.28 01:50:58.107,0.9463,0.94665,1.00,9.00
2010.09.28 01:50:58.528,0.9462,0.9466,6.40,1.00
2010.09.28 01:50:58.818,0.94625,0.94665,1.00,8.00
2010.09.28 01:50:59.100,0.94625,0.9466,1.00,4.00
2010.09.28 01:50:59.389,0.94625,0.94665,1.00,8.00
2010.09.28 01:50:59.989,0.94625,0.94665,1.00,8.00
2010.09.28 01:51:01.219,0.94625,0.94665,1.00,8.00
2010.09.28 01:51:01.839,0.94625,0.94665,1.00,8.00
2010.09.28 01:51:02.823,0.9462,0.94665,10.50,8.10
2010.09.28 01:51:02.999,0.9462,0.9466,10.50,1.80
2010.09.28 01:51:03.659,0.94625,0.9466,1.00,8.20
2010.09.28 01:51:05.244,0.94625,0.9466,1.00,8.00
2010.09.28 01:51:05.536,0.94625,0.9466,5.60,1.70
2010.09.28 01:51:06.188,0.94625,0.9466,5.70,1.70
2010.09.28 01:51:07.414,0.94625,0.9466,5.60,1.60
2010.09.28 01:51:07.583,0.94625,0.9466,5.60,4.20
2010.09.28 01:51:07.781,0.94625,0.9466,1.00,8.20
2010.09.28 01:51:08.181,0.9462,0.9466,4.10,8.30
2010.09.28 01:51:09.448,0.9462,0.94655,4.00,1.00
2010.09.28 01:51:11.108,0.9462,0.9466,4.00,8.20
2010.09.28 01:51:11.273,0.9462,0.9466,4.10,8.30
2010.09.28 01:51:11.539,0.9462,0.9466,4.10,8.20
2010.09.28 01:51:11.679,0.9462,0.9466,4.20,8.00
2010.09.28 01:51:11.901,0.9462,0.9466,6.60,4.00
2010.09.28 01:51:12.418,0.9462,0.94665,10.60,8.30
2010.09.28 01:51:12.644,0.9462,0.94665,10.70,8.30
2010.09.28 01:51:12.860,0.9462,0.94665,10.60,8.30
2010.09.28 01:51:13.070,0.9462,0.94665,10.60,8.20
2010.09.28 01:51:14.228,0.9462,0.94665,10.60,8.30
2010.09.28 01:51:15.317,0.9462,0.94665,10.70,8.30
2010.09.28 01:51:15.438,0.9462,0.9466,2.70,9.60
2010.09.28 01:51:16.609,0.9462,0.9466,2.40,9.60
2010.09.28 01:51:17.020,0.9462,0.9466,2.40,9.80
2010.09.28 01:51:17.100,0.9462,0.9466,2.40,9.60
2010.09.28 01:51:18.719,0.9462,0.9466,2.40,9.60
2010.09.28 01:51:19.268,0.9462,0.9466,2.50,9.60
2010.09.28 01:51:19.715,0.9462,0.9466,2.40,9.60
2010.09.28 01:51:20.740,0.9462,0.9466,2.40,9.60
2010.09.28 01:51:21.128,0.9462,0.9466,2.40,9.60
2010.09.28 01:51:21.317,0.94625,0.9466,1.00,9.60
2010.09.28 01:51:22.704,0.9462,0.9466,2.40,9.60
2010.09.28 01:51:22.892,0.9462,0.9466,2.50,9.70
2010.09.28 01:51:24.378,0.9462,0.9466,2.40,9.60
2010.09.28 01:51:25.678,0.9462,0.9466,2.40,9.60
2010.09.28 01:51:27.507,0.9462,0.9466,2.50,9.60
2010.09.28 01:51:28.747,0.94625,0.9466,1.00,9.60
2010.09.28 01:51:29.101,0.9462,0.9466,2.40,9.60
2010.09.28 01:51:30.367,0.9462,0.9466,2.50,9.60
2010.09.28 01:51:30.447,0.9462,0.9466,2.40,8.00
2010.09.28 01:51:30.607,0.9462,0.9466,6.40,1.00
2010.09.28 01:51:31.121,0.9462,0.94665,6.40,8.00
2010.09.28 01:51:31.580,0.9462,0.9466,6.50,1.00
2010.09.28 01:51:33.271,0.9462,0.94665,6.40,8.00
2010.09.28 01:51:35.687,0.9462,0.94665,10.40,8.00
2010.09.28 01:51:41.268,0.94625,0.94665,1.00,8.00
2010.09.28 01:51:50.158,0.9462,0.94665,10.40,8.00
2010.09.28 01:51:50.198,0.9462,0.9466,10.40,1.60
2010.09.28 01:51:50.411,0.9462,0.9466,8.00,4.00
2010.09.28 01:51:50.448,0.9462,0.9466,4.00,8.00
2010.09.28 01:51:50.529,0.9462,0.9466,1.00,12.00
2010.09.28 01:51:51.598,0.94625,0.9466,1.00,12.00
2010.09.28 01:51:54.479,0.94625,0.9466,1.00,9.60
2010.09.28 01:51:55.081,0.9462,0.9466,1.00,8.00
2010.09.28 01:51:55.130,0.9462,0.9466,4.10,4.00
2010.09.28 01:51:55.178,0.9462,0.94665,10.50,8.10
2010.09.28 01:51:56.345,0.94625,0.94665,1.00,8.10
2010.09.28 01:52:10.389,0.94625,0.94665,1.00,8.00
2010.09.28 01:52:10.668,0.94625,0.9466,1.00,9.60
2010.09.28 01:52:12.697,0.94625,0.9466,1.00,9.60
2010.09.28 01:52:12.754,0.9463,0.9466,1.00,4.00
2010.09.28 01:52:12.850,0.9463,0.9466,1.00,4.00
2010.09.28 01:52:12.939,0.94625,0.94665,5.60,4.00
2010.09.28 01:52:13.327,0.94625,0.9467,9.60,9.80
2010.09.28 01:52:15.513,0.94625,0.94665,9.60,1.00
2010.09.28 01:52:16.468,0.94625,0.9467,9.60,9.80
2010.09.28 01:52:17.148,0.9463,0.9467,1.00,9.60
2010.09.28 01:52:17.278,0.9463,0.9467,1.00,9.70
2010.09.28 01:52:17.859,0.94625,0.9467,9.60,9.60
2010.09.28 01:52:18.200,0.9463,0.9467,1.00,9.60
2010.09.28 01:52:19.440,0.94625,0.9467,9.60,9.60
2010.09.28 01:52:20.105,0.9463,0.9467,1.00,9.60
2010.09.28 01:52:20.790,0.94625,0.9466,5.60,1.60
2010.09.28 01:52:21.089,0.94625,0.9466,1.70,1.60
2010.09.28 01:52:22.000,0.94625,0.9466,1.60,1.60
2010.09.28 01:52:22.288,0.94625,0.9466,1.70,1.70
2010.09.28 01:52:24.840,0.94625,0.9466,1.60,1.70
2010.09.28 01:52:25.289,0.94625,0.9466,1.70,1.70
2010.09.28 01:52:25.402,0.94625,0.9466,1.60,1.70
2010.09.28 01:52:27.341,0.94625,0.9466,1.70,1.70
2010.09.28 01:52:28.118,0.94625,0.9466,1.70,1.60
2010.09.28 01:52:28.764,0.9462,0.9466,9.60,4.20
2010.09.28 01:52:28.910,0.94625,0.9466,1.00,12.20
2010.09.28 01:52:29.269,0.9462,0.9466,1.70,12.30
2010.09.28 01:52:29.409,0.9462,0.9466,1.60,12.20
2010.09.28 01:52:30.329,0.94625,0.9466,1.00,12.20
2010.09.28 01:52:30.642,0.9462,0.94655,1.60,1.00
2010.09.28 01:52:31.250,0.9462,0.9466,1.70,12.30
2010.09.28 01:52:31.498,0.9462,0.9466,1.90,12.10
2010.09.28 01:52:31.902,0.9462,0.9466,1.80,9.60
2010.09.28 01:52:32.034,0.94625,0.9466,8.00,1.60
2010.09.28 01:52:32.167,0.94625,0.9466,8.00,1.60
2010.09.28 01:52:32.439,0.94625,0.9466,8.10,1.60
2010.09.28 01:52:33.520,0.94625,0.9466,8.00,1.70
2010.09.28 01:52:34.134,0.94615,0.9465,1.60,1.60
2010.09.28 01:52:34.331,0.94615,0.9465,1.70,4.00
2010.09.28 01:52:34.562,0.94615,0.9465,1.60,4.00
2010.09.28 01:52:34.789,0.94615,0.9465,1.60,12.00
2010.09.28 01:52:35.600,0.94615,0.9465,1.60,5.60
2010.09.28 01:52:35.988,0.94615,0.9465,1.60,1.60
2010.09.28 01:52:36.558,0.94615,0.9465,1.80,1.60
2010.09.28 01:52:36.819,0.94615,0.94655,5.80,4.10
2010.09.28 01:52:37.389,0.94615,0.94655,9.80,1.00
2010.09.28 01:52:38.124,0.94615,0.94655,9.90,1.00
2010.09.28 01:52:38.547,0.94615,0.94655,9.80,1.00
2010.09.28 01:52:38.799,0.94615,0.94655,9.80,1.00
2010.09.28 01:52:40.430,0.94615,0.9466,9.80,12.20
2010.09.28 01:52:40.711,0.94615,0.94655,9.60,1.00
2010.09.28 01:52:40.921,0.94615,0.94655,9.80,1.00
2010.09.28 01:52:41.629,0.94615,0.9466,9.80,12.30
2010.09.28 01:52:41.838,0.94615,0.9466,9.90,12.30
2010.09.28 01:52:42.398,0.94615,0.9466,9.80,12.20
2010.09.28 01:52:43.399,0.94615,0.9466,9.80,12.20
2010.09.28 01:52:43.691,0.9462,0.9466,1.00,12.20
2010.09.28 01:52:44.448,0.94615,0.94655,8.10,1.00
2010.09.28 01:52:46.181,0.9462,0.94655,1.00,1.00
2010.09.28 01:52:47.528,0.94615,0.94655,8.10,1.00
2010.09.28 01:52:47.660,0.9462,0.94655,1.00,1.00
2010.09.28 01:52:49.408,0.94615,0.94655,8.00,1.00
2010.09.28 01:52:52.159,0.94615,0.94655,8.00,1.00
2010.09.28 01:52:52.179,0.94615,0.9466,8.00,12.00
2010.09.28 01:52:52.241,0.94615,0.9466,8.10,12.10
2010.09.28 01:52:52.261,0.94615,0.9466,8.10,9.70
2010.09.28 01:52:52.356,0.94615,0.9466,9.70,9.70
2010.09.28 01:52:52.715,0.9462,0.9466,10.40,1.60
2010.09.28 01:52:53.212,0.9462,0.9466,6.40,1.60
2010.09.28 01:52:53.550,0.9462,0.9466,2.40,9.60
2010.09.28 01:52:54.228,0.94625,0.9466,1.00,9.60
2010.09.28 01:52:54.738,0.9462,0.9466,2.40,9.60
2010.09.28 01:52:55.805,0.94625,0.9466,1.00,9.60
2010.09.28 01:52:56.031,0.9462,0.9466,2.40,9.60
2010.09.28 01:52:57.077,0.94625,0.9466,1.00,9.60
2010.09.28 01:52:57.579,0.9462,0.9466,2.50,9.70
2010.09.28 01:52:57.859,0.9462,0.9466,6.50,5.70
2010.09.28 01:52:58.000,0.94625,0.9466,1.00,5.60
2010.09.28 01:52:58.681,0.9462,0.9466,10.40,1.60
2010.09.28 01:52:59.019,0.9462,0.9466,6.40,1.60
2010.09.28 01:53:01.434,0.9462,0.9466,6.50,1.70
2010.09.28 01:53:01.699,0.9462,0.9466,10.50,1.70
2010.09.28 01:53:01.970,0.9462,0.9466,6.50,1.70
2010.09.28 01:53:08.191,0.9462,0.9466,6.40,1.60
2010.09.28 01:53:08.432,0.9462,0.9466,4.00,4.00
2010.09.28 01:53:08.787,0.9462,0.9466,1.00,12.00
2010.09.28 01:53:09.408,0.9462,0.9466,1.00,12.00
2010.09.28 01:53:10.497,0.9462,0.9466,1.00,12.00
2010.09.28 01:53:11.009,0.9462,0.9466,6.40,1.60
2010.09.28 01:53:11.760,0.94625,0.9466,1.00,1.60
2010.09.28 01:53:14.148,0.9462,0.9466,6.50,1.70
2010.09.28 01:53:18.148,0.9462,0.9466,6.40,1.60
2010.09.28 01:53:18.260,0.9462,0.9466,6.40,1.60
2010.09.28 01:53:18.487,0.9462,0.9466,6.40,1.60
2010.09.28 01:53:21.047,0.9462,0.9466,6.40,1.70
2010.09.28 01:53:21.127,0.9462,0.9466,4.00,4.10
2010.09.28 01:53:21.207,0.9462,0.9466,4.00,8.10
2010.09.28 01:53:21.287,0.94615,0.9466,9.90,12.10
2010.09.28 01:53:21.967,0.9462,0.9466,1.00,12.00
2010.09.28 01:53:22.633,0.94615,0.94655,9.80,1.00
2010.09.28 01:53:22.891,0.9462,0.9466,1.00,12.00
2010.09.28 01:53:23.151,0.94615,0.94655,9.80,1.00
2010.09.28 01:53:23.447,0.94615,0.9466,9.80,12.00
2010.09.28 01:53:23.748,0.94615,0.9466,8.00,12.20
2010.09.28 01:53:24.048,0.94615,0.94655,1.00,8.00
2010.09.28 01:53:24.964,0.94615,0.94655,1.00,8.00
2010.09.28 01:53:25.227,0.9461,0.94655,10.40,8.00
2010.09.28 01:53:26.119,0.94615,0.94655,1.00,8.00
2010.09.28 01:53:26.322,0.9462,0.94655,1.00,8.00
2010.09.28 01:53:26.618,0.94615,0.94655,1.00,8.00
2010.09.28 01:53:26.919,0.94615,0.94655,1.00,8.00
2010.09.28 01:53:27.549,0.94615,0.94655,4.00,4.00
2010.09.28 01:53:27.890,0.94615,0.9465,4.00,1.60
2010.09.28 01:53:28.569,0.94615,0.9465,4.10,1.80
2010.09.28 01:53:29.190,0.94615,0.94655,4.30,4.10
2010.09.28 01:53:29.480,0.9462,0.9466,4.00,4.20
2010.09.28 01:53:29.918,0.94625,0.9466,1.00,4.20
2010.09.28 01:53:30.138,0.94625,0.9466,1.00,1.00
2010.09.28 01:53:30.857,0.9462,0.9466,4.10,1.00
2010.09.28 01:53:31.517,0.9462,0.9466,4.00,1.00
2010.09.28 01:53:37.207,0.9462,0.9466,4.00,1.00
2010.09.28 01:53:37.566,0.9462,0.9466,4.00,1.00
2010.09.28 01:53:43.938,0.9462,0.94665,4.00,8.00
2010.09.28 01:53:47.484,0.9462,0.9466,4.00,1.00
2010.09.28 01:53:47.890,0.9462,0.94665,4.00,8.00
2010.09.28 01:53:51.728,0.9462,0.9466,4.00,4.00
2010.09.28 01:53:52.785,0.9462,0.94665,4.00,8.00
2010.09.28 01:53:53.727,0.9462,0.94665,4.10,8.10
2010.09.28 01:53:54.168,0.9462,0.94665,4.00,8.00
2010.09.28 01:53:55.647,0.9462,0.94665,4.00,8.00
2010.09.28 01:54:00.922,0.9462,0.94665,4.00,8.00
2010.09.28 01:54:01.340,0.9462,0.9466,4.00,4.00
2010.09.28 01:54:05.360,0.9462,0.9466,4.00,4.00
2010.09.28 01:54:05.389,0.9462,0.94665,4.00,8.00
2010.09.28 01:54:05.417,0.9462,0.9466,4.10,1.00
2010.09.28 01:54:05.909,0.9462,0.94665,4.00,8.10
2010.09.28 01:54:06.648,0.9462,0.9466,4.10,1.00
2010.09.28 01:54:06.988,0.94625,0.94665,1.00,8.00
2010.09.28 01:54:07.198,0.9462,0.94665,4.10,8.00
2010.09.28 01:54:07.538,0.9462,0.94665,4.00,8.00
2010.09.28 01:54:08.218,0.9462,0.94665,4.00,8.10
2010.09.28 01:54:08.917,0.9462,0.94665,4.10,8.00
2010.09.28 01:54:09.496,0.9462,0.9466,4.00,4.00
2010.09.28 01:54:11.758,0.9462,0.9466,4.00,8.00
2010.09.28 01:54:11.940,0.9462,0.9466,1.00,8.00
2010.09.28 01:54:12.432,0.9462,0.9466,4.10,4.00
2010.09.28 01:54:12.699,0.9462,0.94665,4.10,8.00
2010.09.28 01:54:14.139,0.9462,0.9466,1.00,8.00
2010.09.28 01:54:14.480,0.94615,0.9466,8.00,8.00
2010.09.28 01:54:14.690,0.9462,0.94665,4.00,8.00
2010.09.28 01:54:16.248,0.9462,0.94655,4.00,1.00
2010.09.28 01:54:16.590,0.94615,0.9466,9.70,12.30
2010.09.28 01:54:16.748,0.9462,0.9466,1.00,12.20
2010.09.28 01:54:16.898,0.9462,0.9466,1.00,8.20
2010.09.28 01:54:17.322,0.9462,0.9466,1.00,4.20
2010.09.28 01:54:17.481,0.9462,0.9466,4.00,4.00
2010.09.28 01:54:17.868,0.9462,0.9466,4.00,4.00
2010.09.28 01:54:18.328,0.9462,0.94665,4.00,8.30
2010.09.28 01:54:22.427,0.9462,0.94665,4.00,8.10
2010.09.28 01:54:22.547,0.9462,0.94665,8.00,4.10
2010.09.28 01:54:22.882,0.94625,0.94665,4.00,4.10
2010.09.28 01:54:23.513,0.94625,0.94665,4.10,4.10
2010.09.28 01:54:24.182,0.94625,0.94665,4.00,4.00
2010.09.28 01:54:24.621,0.94625,0.94665,4.00,4.10
2010.09.28 01:54:25.479,0.94625,0.94665,4.00,4.00
2010.09.28 01:54:27.067,0.94625,0.94665,4.00,4.10
2010.09.28 01:54:27.377,0.94625,0.94665,4.00,8.10
2010.09.28 01:54:27.697,0.9462,0.94665,8.00,8.10
2010.09.28 01:54:28.369,0.9462,0.94665,8.00,8.00
2010.09.28 01:54:31.147,0.9462,0.94665,8.00,8.10
2010.09.28 01:54:35.207,0.9462,0.94665,8.00,8.00
2010.09.28 01:54:36.717,0.9462,0.94665,8.00,8.00
2010.09.28 01:54:37.227,0.9462,0.94665,8.00,8.10
2010.09.28 01:54:39.899,0.9462,0.94665,8.00,8.00
2010.09.28 01:54:40.087,0.94615,0.9466,8.00,8.00
2010.09.28 01:54:41.936,0.94615,0.9466,8.10,8.00
2010.09.28 01:54:42.637,0.94615,0.9466,8.00,8.00
2010.09.28 01:54:43.778,0.94615,0.9466,8.00,9.80
2010.09.28 01:54:44.078,0.94615,0.9466,8.00,12.20
2010.09.28 01:54:45.641,0.94615,0.94655,8.00,1.00
2010.09.28 01:54:45.749,0.94615,0.9466,8.10,12.30
2010.09.28 01:54:45.958,0.94615,0.94655,8.00,1.00
2010.09.28 01:54:46.190,0.9462,0.9466,1.00,12.20
2010.09.28 01:54:46.630,0.94615,0.94655,8.00,1.00
2010.09.28 01:54:46.968,0.9462,0.9466,1.00,12.20
2010.09.28 01:54:48.517,0.94615,0.9466,8.00,12.20
2010.09.28 01:54:55.010,0.94615,0.94655,8.00,1.00
2010.09.28 01:54:55.348,0.9462,0.9466,1.00,12.30
2010.09.28 01:54:56.707,0.94615,0.94655,8.10,1.00
2010.09.28 01:54:56.907,0.9462,0.9466,1.00,12.30
2010.09.28 01:54:58.068,0.94615,0.94655,8.20,1.00
2010.09.28 01:54:58.279,0.94615,0.94655,1.80,8.10
2010.09.28 01:54:58.591,0.94615,0.94655,1.60,8.30
2010.09.28 01:54:58.802,0.9461,0.94645,4.00,1.00
2010.09.28 01:54:59.019,0.9461,0.94645,1.00,4.20
2010.09.28 01:54:59.239,0.94605,0.94645,4.00,8.20
2010.09.28 01:54:59.459,0.94605,0.94645,1.00,8.20
2010.09.28 01:55:00.559,0.9461,0.94645,1.00,8.20
2010.09.28 01:55:01.164,0.94605,0.94645,1.00,8.20
2010.09.28 01:55:01.679,0.9461,0.94645,1.00,8.20
2010.09.28 01:55:04.739,0.94605,0.94645,1.00,8.20
2010.09.28 01:55:05.246,0.9461,0.94645,1.00,8.20
2010.09.28 01:55:05.590,0.9461,0.94645,1.00,8.20
2010.09.28 01:55:07.922,0.94605,0.94645,1.00,8.20
2010.09.28 01:55:09.379,0.94605,0.94645,1.00,8.30
2010.09.28 01:55:09.569,0.9461,0.94645,1.00,8.20
2010.09.28 01:55:10.989,0.94605,0.94645,1.00,8.00
2010.09.28 01:55:11.259,0.94605,0.9465,9.60,12.00
2010.09.28 01:55:11.997,0.9461,0.9465,1.00,9.60
2010.09.28 01:55:14.009,0.9461,0.9465,1.00,12.00
2010.09.28 01:55:15.940,0.9461,0.9465,1.00,12.00
2010.09.28 01:55:16.558,0.9461,0.9465,1.00,12.10
2010.09.28 01:55:17.273,0.94605,0.9465,9.70,12.10
2010.09.28 01:55:17.444,0.94605,0.9464,5.70,1.60
2010.09.28 01:55:17.781,0.94605,0.9464,1.70,1.60
2010.09.28 01:55:18.120,0.94605,0.9464,1.60,1.60
2010.09.28 01:55:18.463,0.94605,0.9464,1.70,1.70
2010.09.28 01:55:20.178,0.94605,0.9464,1.70,1.60
2010.09.28 01:55:24.508,0.9461,0.9464,1.00,1.60
2010.09.28 01:55:27.370,0.94605,0.9464,1.60,1.60
2010.09.28 01:55:31.140,0.9461,0.9464,1.00,1.60
2010.09.28 01:55:31.299,0.9461,0.94645,1.00,8.20
2010.09.28 01:55:31.458,0.9461,0.94645,1.00,8.00
2010.09.28 01:55:32.038,0.9461,0.94645,1.00,4.00
2010.09.28 01:55:32.380,0.9461,0.9465,1.00,12.00
2010.09.28 01:55:35.320,0.9461,0.9465,1.00,12.80
2010.09.28 01:55:35.489,0.94605,0.94645,9.70,1.00
2010.09.28 01:55:35.569,0.94605,0.9464,1.70,5.60
2010.09.28 01:55:35.745,0.94605,0.9464,1.60,5.60
2010.09.28 01:55:37.131,0.94605,0.9464,1.80,4.00
2010.09.28 01:55:37.300,0.9461,0.94645,1.00,4.00
2010.09.28 01:55:37.959,0.9461,0.9465,1.00,12.20
2010.09.28 01:55:42.639,0.9461,0.9465,1.00,12.30
2010.09.28 01:55:44.868,0.9461,0.9465,1.00,12.20
2010.09.28 01:55:45.008,0.9461,0.9465,1.00,12.30
2010.09.28 01:55:45.958,0.9461,0.9465,1.00,12.20
2010.09.28 01:55:46.518,0.9461,0.9465,1.00,12.20
2010.09.28 01:55:46.849,0.9461,0.9465,1.00,12.20
2010.09.28 01:55:46.990,0.9461,0.9465,1.00,12.30
2010.09.28 01:55:56.246,0.94605,0.9465,9.90,12.30
2010.09.28 01:55:56.473,0.9461,0.9465,1.00,12.20
2010.09.28 01:56:05.759,0.94605,0.9465,9.90,12.30
2010.09.28 01:56:06.381,0.9461,0.9465,1.00,12.20
2010.09.28 01:56:06.951,0.9461,0.9465,1.00,9.80
2010.09.28 01:56:07.610,0.9461,0.9465,1.00,9.80
2010.09.28 01:56:18.868,0.9461,0.9465,1.00,9.80
2010.09.28 01:56:20.259,0.9461,0.9465,1.00,9.90
2010.09.28 01:56:24.131,0.9461,0.9465,1.00,12.20
2010.09.28 01:56:24.399,0.9461,0.9465,1.00,12.30
2010.09.28 01:56:24.938,0.9461,0.9465,1.00,12.20
2010.09.28 01:56:26.612,0.9461,0.9465,1.00,12.30
2010.09.28 01:56:27.778,0.9461,0.9465,1.00,9.90
2010.09.28 01:56:37.561,0.9461,0.9465,1.00,9.70
2010.09.28 01:56:41.848,0.94605,0.94645,9.70,1.00
2010.09.28 01:56:42.198,0.94605,0.94645,9.70,4.10
2010.09.28 01:56:42.268,0.94605,0.94645,5.70,4.10
2010.09.28 01:56:46.029,0.9461,0.94645,1.00,4.00
2010.09.28 01:56:46.358,0.9461,0.9465,1.00,9.70
2010.09.28 01:56:53.673,0.9461,0.9465,1.00,12.00
2010.09.28 01:56:54.345,0.9461,0.9465,1.00,12.00
2010.09.28 01:56:57.208,0.9461,0.9465,1.00,12.10
2010.09.28 01:56:57.419,0.94605,0.94645,9.60,1.00
2010.09.28 01:56:57.713,0.94605,0.94645,5.60,4.00
2010.09.28 01:56:58.307,0.9461,0.94645,1.00,4.00
2010.09.28 01:56:58.601,0.9461,0.94645,1.00,4.00
2010.09.28 01:57:01.179,0.9461,0.94645,1.00,4.20
2010.09.28 01:57:01.230,0.94605,0.94645,5.60,4.20
2010.09.28 01:57:01.330,0.94605,0.9464,1.00,5.60
2010.09.28 01:57:01.719,0.946,0.94635,2.40,4.00
2010.09.28 01:57:01.772,0.946,0.9464,6.40,8.00
2010.09.28 01:57:01.818,0.946,0.9464,6.40,4.00
2010.09.28 01:57:03.613,0.94605,0.9464,1.00,4.00
2010.09.28 01:57:05.925,0.946,0.9464,6.70,4.00
2010.09.28 01:57:06.110,0.94605,0.9464,1.60,4.00
2010.09.28 01:57:06.301,0.94605,0.94645,5.60,4.10
2010.09.28 01:57:07.323,0.94605,0.9464,1.00,4.00
2010.09.28 01:57:08.254,0.94605,0.94645,5.60,4.00
2010.09.28 01:57:08.421,0.94605,0.9465,9.60,9.60
2010.09.28 01:57:09.078,0.94605,0.9465,8.00,9.60
2010.09.28 01:57:09.400,0.94605,0.94645,1.00,8.00
2010.09.28 01:57:10.369,0.94605,0.94645,1.00,8.10
2010.09.28 01:57:10.552,0.94605,0.94645,1.00,8.00
2010.09.28 01:57:10.779,0.94605,0.94645,1.00,8.00
2010.09.28 01:57:11.239,0.94605,0.94645,1.00,8.00
2010.09.28 01:57:11.718,0.94605,0.94645,5.70,4.00
2010.09.28 01:57:11.870,0.94605,0.9465,9.70,9.70
2010.09.28 01:57:12.329,0.94605,0.9465,9.60,9.60
2010.09.28 01:57:13.502,0.9461,0.9465,1.00,9.60
2010.09.28 01:57:24.908,0.9461,0.9465,1.00,12.00
2010.09.28 01:57:30.011,0.9461,0.94645,1.00,4.00
2010.09.28 01:57:30.227,0.9461,0.94645,1.00,8.00
2010.09.28 01:57:32.480,0.9461,0.94645,1.00,4.00
2010.09.28 01:57:32.608,0.9461,0.9464,1.00,4.00
2010.09.28 01:57:32.738,0.9461,0.9464,1.00,8.00
2010.09.28 01:57:35.210,0.9461,0.9464,1.00,4.00
2010.09.28 01:57:36.041,0.94605,0.94645,1.00,8.00
2010.09.28 01:57:37.389,0.94605,0.94645,1.00,8.10
2010.09.28 01:57:37.779,0.94605,0.94645,1.00,8.00
2010.09.28 01:57:38.113,0.94605,0.94645,1.60,8.00
2010.09.28 01:57:38.209,0.94605,0.9465,9.60,12.00
2010.09.28 01:57:39.468,0.9461,0.9465,1.00,12.10
2010.09.28 01:57:41.958,0.9461,0.9465,1.00,12.00
2010.09.28 01:57:42.258,0.94605,0.9465,9.60,12.00
2010.09.28 01:57:45.368,0.94605,0.94645,9.60,1.00
2010.09.28 01:57:45.428,0.94605,0.94645,9.60,1.00
2010.09.28 01:57:45.489,0.94605,0.9464,9.60,1.60
2010.09.28 01:57:45.549,0.94605,0.9464,5.60,1.60
2010.09.28 01:57:45.608,0.94605,0.9464,1.60,5.60
2010.09.28 01:57:46.729,0.94605,0.9464,1.60,5.70
2010.09.28 01:57:47.414,0.94605,0.94645,5.70,4.00
2010.09.28 01:57:47.809,0.94605,0.9465,5.70,12.30
2010.09.28 01:57:47.912,0.94605,0.9465,9.60,12.20
2010.09.28 01:57:48.708,0.94615,0.9465,1.60,12.20
2010.09.28 01:57:51.470,0.94615,0.9465,1.60,12.20
2010.09.28 01:57:51.700,0.94615,0.9465,1.60,12.20
2010.09.28 01:57:52.629,0.94615,0.9465,1.60,12.20
2010.09.28 01:57:54.517,0.94615,0.9465,1.60,12.20
2010.09.28 01:57:55.180,0.94615,0.9465,1.60,12.20
2010.09.28 01:57:57.361,0.94615,0.9465,1.60,12.20
2010.09.28 01:57:59.197,0.94615,0.9465,1.60,12.20
2010.09.28 01:57:59.934,0.94615,0.9465,1.60,12.30
2010.09.28 01:58:01.519,0.94615,0.9465,1.60,12.20
2010.09.28 01:58:02.409,0.9461,0.9465,1.00,12.20
2010.09.28 01:58:04.479,0.9461,0.9465,1.00,12.20
2010.09.28 01:58:04.508,0.9461,0.9465,1.00,12.00
2010.09.28 01:58:04.900,0.94615,0.9465,9.60,1.60
2010.09.28 01:58:06.820,0.94615,0.9465,1.00,1.60
2010.09.28 01:58:07.191,0.9461,0.9465,10.50,1.60
2010.09.28 01:58:09.460,0.9461,0.9465,6.50,1.60
2010.09.28 01:58:10.058,0.9461,0.9465,6.40,1.60
2010.09.28 01:58:10.229,0.9461,0.9465,6.50,1.70
2010.09.28 01:58:11.388,0.9461,0.9465,6.50,1.60
2010.09.28 01:58:14.478,0.9461,0.9465,10.50,1.60
2010.09.28 01:58:15.670,0.9461,0.9465,10.50,1.70
2010.09.28 01:58:15.969,0.9461,0.9465,10.50,1.60
2010.09.28 01:58:16.989,0.9461,0.9465,2.50,9.60
2010.09.28 01:58:18.390,0.9461,0.9465,2.50,9.70
2010.09.28 01:58:22.591,0.9461,0.9465,2.50,9.60
2010.09.28 01:58:23.228,0.9461,0.9465,2.40,9.60
2010.09.28 01:58:23.898,0.9461,0.9465,2.40,9.60
2010.09.28 01:58:25.462,0.9461,0.9465,2.40,9.60
2010.09.28 01:58:26.912,0.9461,0.9465,2.40,9.60
2010.09.28 01:58:28.569,0.9461,0.9465,2.40,9.60
2010.09.28 01:58:28.889,0.9461,0.9465,2.50,9.60
2010.09.28 01:58:29.549,0.9461,0.9465,2.40,9.60
2010.09.28 01:58:29.718,0.9461,0.9465,2.40,9.60
2010.09.28 01:58:31.241,0.9461,0.9465,2.40,9.60
2010.09.28 01:58:32.360,0.9461,0.9465,2.40,9.60
2010.09.28 01:58:32.408,0.9461,0.9465,1.00,12.00
2010.09.28 01:58:33.002,0.94605,0.9465,9.90,12.10
2010.09.28 01:58:33.249,0.94605,0.9465,9.80,12.00
2010.09.28 01:58:34.559,0.9461,0.9465,1.00,12.10
2010.09.28 01:58:35.169,0.94605,0.9465,9.90,12.10
2010.09.28 01:58:40.098,0.9461,0.9465,1.00,12.10
2010.09.28 01:58:40.263,0.94605,0.9465,9.80,12.00
2010.09.28 01:58:40.528,0.9461,0.9465,1.00,12.00
2010.09.28 01:58:40.977,0.9461,0.9465,1.00,12.10
2010.09.28 01:58:41.140,0.94605,0.9465,9.90,12.10
2010.09.28 01:58:42.648,0.9461,0.9465,1.00,12.00
2010.09.28 01:58:43.350,0.94605,0.9465,9.90,12.10
2010.09.28 01:58:45.552,0.9461,0.9465,1.00,12.00
2010.09.28 01:58:46.060,0.94615,0.9465,1.60,9.60
2010.09.28 01:58:46.334,0.94615,0.9465,1.00,9.60
2010.09.28 01:58:47.320,0.9461,0.9465,2.40,9.60
2010.09.28 01:58:47.810,0.94615,0.9465,1.00,9.60
2010.09.28 01:58:49.319,0.9461,0.9465,2.50,9.60
2010.09.28 01:58:52.996,0.94615,0.9465,1.00,9.60
2010.09.28 01:58:53.052,0.9461,0.9465,2.40,9.60
2010.09.28 01:58:54.330,0.9461,0.9465,2.50,9.70
2010.09.28 01:58:55.508,0.9461,0.9465,2.50,9.60
2010.09.28 01:58:56.150,0.94615,0.9465,1.00,9.60
2010.09.28 01:58:56.400,0.9461,0.9465,2.40,9.60
2010.09.28 01:58:56.629,0.94615,0.9465,1.00,9.60
2010.09.28 01:58:56.859,0.9461,0.9465,2.50,9.60
2010.09.28 01:58:57.091,0.9461,0.9465,1.00,12.00
2010.09.28 01:58:57.945,0.9461,0.9465,1.00,9.60
2010.09.28 01:58:58.300,0.9461,0.9465,1.00,9.60
2010.09.28 01:59:00.269,0.9461,0.9465,1.00,9.60
2010.09.28 01:59:01.110,0.9461,0.9465,1.00,9.60
2010.09.28 01:59:01.310,0.9461,0.9465,1.00,9.60
2010.09.28 01:59:01.869,0.94615,0.9465,1.00,9.60
2010.09.28 01:59:02.409,0.9461,0.9465,1.00,12.00
2010.09.28 01:59:02.759,0.94615,0.9465,1.00,12.00
2010.09.28 01:59:03.101,0.94615,0.9465,1.00,9.60
2010.09.28 01:59:03.418,0.9461,0.9465,1.00,9.70
2010.09.28 01:59:08.262,0.9461,0.9465,1.00,9.60
2010.09.28 01:59:08.389,0.9461,0.9465,1.00,12.00
2010.09.28 01:59:08.519,0.94605,0.9465,9.70,12.10
2010.09.28 01:59:08.859,0.9461,0.9465,1.00,12.10
2010.09.28 01:59:09.200,0.9461,0.9465,1.00,12.00
2010.09.28 01:59:09.760,0.9461,0.9465,2.40,9.60
2010.09.28 01:59:09.902,0.9461,0.9465,2.40,8.00
2010.09.28 01:59:10.460,0.9461,0.9465,2.50,8.00
2010.09.28 01:59:10.629,0.9461,0.9465,4.10,8.00
2010.09.28 01:59:10.979,0.9461,0.9465,2.50,8.00
2010.09.28 01:59:11.148,0.9461,0.9465,4.10,8.00
2010.09.28 01:59:12.214,0.9461,0.9465,8.00,4.00
2010.09.28 01:59:12.309,0.94615,0.94655,1.00,8.40
2010.09.28 01:59:12.438,0.94615,0.94655,1.00,8.50
2010.09.28 01:59:14.568,0.9461,0.94655,8.10,8.50
2010.09.28 01:59:17.730,0.9461,0.94655,8.00,8.40
2010.09.28 01:59:17.798,0.9461,0.9465,8.00,4.00
2010.09.28 01:59:22.010,0.94615,0.9465,1.00,4.00
2010.09.28 01:59:27.709,0.9461,0.9465,6.50,4.00
2010.09.28 01:59:27.909,0.9461,0.9465,6.40,4.00
2010.09.28 01:59:28.838,0.9461,0.9465,2.40,4.00
2010.09.28 01:59:29.172,0.94605,0.9465,9.60,12.00
2010.09.28 01:59:29.501,0.9461,0.9465,1.00,10.40
2010.09.28 01:59:30.191,0.9461,0.9465,2.40,8.00
2010.09.28 01:59:31.209,0.9461,0.9465,2.50,8.00
2010.09.28 01:59:33.037,0.9461,0.9465,2.40,8.00
2010.09.28 01:59:39.100,0.9461,0.9465,1.00,10.40
2010.09.28 01:59:39.583,0.9461,0.9465,1.00,12.00
2010.09.28 01:59:39.851,0.9461,0.9465,1.00,9.60
2010.09.28 01:59:40.446,0.9461,0.9465,1.00,5.60
2010.09.28 01:59:40.723,0.9461,0.9465,1.00,9.60
2010.09.28 01:59:41.060,0.94605,0.9465,9.60,9.60
2010.09.28 01:59:41.401,0.94605,0.94645,9.70,1.00
2010.09.28 01:59:42.491,0.94605,0.9465,9.70,9.70
2010.09.28 01:59:44.269,0.94615,0.9465,1.00,9.60
2010.09.28 01:59:44.529,0.9461,0.9465,1.00,9.60
2010.09.28 01:59:44.661,0.9461,0.9465,4.00,1.60
2010.09.28 01:59:45.059,0.9461,0.9465,4.00,4.30
2010.09.28 01:59:45.404,0.94605,0.94645,5.60,4.00
2010.09.28 01:59:45.741,0.94605,0.94645,1.60,8.00
2010.09.28 01:59:46.760,0.94605,0.9465,9.60,9.80
2010.09.28 01:59:47.439,0.9461,0.9465,1.00,9.80
2010.09.28 01:59:51.446,0.9462,0.9465,1.00,8.00
2010.09.28 01:59:51.502,0.9462,0.9465,1.00,8.00
2010.09.28 01:59:51.610,0.9462,0.9466,1.00,9.80
2010.09.28 01:59:52.033,0.9462,0.9466,1.00,9.80
2010.09.28 01:59:52.159,0.9462,0.9466,4.00,5.80
2010.09.28 01:59:52.209,0.9462,0.9466,4.00,1.80
2010.09.28 01:59:52.370,0.9462,0.9466,8.00,1.80
2010.09.28 01:59:53.077,0.9462,0.94655,8.00,1.00
2010.09.28 01:59:53.423,0.9463,0.9466,4.00,1.80
2010.09.28 01:59:53.570,0.9462,0.9466,1.00,9.80
2010.09.28 01:59:53.721,0.9462,0.94655,1.00,1.00
2010.09.28 01:59:53.869,0.94615,0.94655,9.70,1.00
2010.09.28 01:59:54.278,0.9462,0.94655,1.00,1.00
2010.09.28 01:59:54.433,0.94615,0.94655,9.70,1.00
2010.09.28 01:59:54.771,0.94615,0.9465,1.00,1.80
2010.09.28 01:59:55.672,0.9461,0.94655,10.40,8.20
2010.09.28 01:59:55.896,0.94615,0.9465,9.60,1.00
2010.09.28 01:59:56.272,0.94615,0.94645,5.60,1.00
2010.09.28 01:59:56.507,0.94615,0.9465,8.00,1.80
2010.09.28 01:59:57.170,0.94615,0.9465,4.10,1.80
2010.09.28 01:59:57.519,0.9462,0.9465,4.00,4.20
2010.09.28 01:59:57.863,0.94615,0.9465,8.00,4.20
2010.09.28 01:59:58.199,0.94605,0.9465,9.80,12.20
2010.09.28 01:59:58.543,0.94605,0.9465,9.80,13.00
2010.09.28 01:59:58.830,0.94605,0.9464,9.60,2.40
2010.09.28 01:59:59.113,0.946,0.9463,4.00,1.60
2010.09.28 01:59:59.653,0.946,0.94635,4.00,1.00
2010.09.28 01:59:59.992,0.946,0.9464,1.00,12.00
