2016.04.06 13:00:00.300,0.72315,0.72331,1.75,1.00
2016.04.06 13:00:00.618,0.7231,0.72333,3.75,1.12
2016.04.06 13:00:00.719,0.72311,0.72334,1.75,1.75
2016.04.06 13:00:00.820,0.72311,0.72333,1.00,2.25
2016.04.06 13:00:00.871,0.72304,0.72327,2.25,1.50
2016.04.06 13:00:01.123,0.72305,0.72325,1.75,1.75
2016.04.06 13:00:02.007,0.72304,0.72325,1.75,1.50
2016.04.06 13:00:02.443,0.72302,0.72325,1.75,1.75
2016.04.06 13:00:02.745,0.72301,0.72325,1.75,1.50
2016.04.06 13:00:02.847,0.72306,0.72324,1.00,1.00
2016.04.06 13:00:02.948,0.72305,0.72327,1.75,1.75
2016.04.06 13:00:03.553,0.72305,0.72327,1.50,1.75
2016.04.06 13:00:03.859,0.723,0.72322,1.75,1.75
2016.04.06 13:00:04.644,0.72303,0.72327,1.75,3.75
2016.04.06 13:00:04.698,0.72305,0.72328,1.75,1.75
2016.04.06 13:00:04.850,0.72305,0.72324,1.12,1.75
2016.04.06 13:00:05.155,0.72304,0.72327,1.75,1.75
2016.04.06 13:00:06.122,0.72306,0.72327,1.00,1.75
2016.04.06 13:00:06.274,0.723,0.72318,2.25,1.00
2016.04.06 13:00:11.090,0.723,0.72317,1.00,1.00
2016.04.06 13:00:13.837,0.723,0.72313,1.50,1.00
2016.04.06 13:00:13.989,0.72298,0.72313,1.00,1.00
2016.04.06 13:00:14.090,0.72298,0.72315,1.00,1.00
2016.04.06 13:00:15.283,0.72298,0.72316,1.00,1.00
2016.04.06 13:00:16.370,0.72295,0.72315,1.50,1.37
2016.04.06 13:00:16.421,0.72295,0.72315,1.50,1.75
2016.04.06 13:00:17.382,0.72297,0.72319,1.00,3.00
2016.04.06 13:00:17.652,0.72296,0.72318,1.75,1.75
2016.04.06 13:00:17.947,0.723,0.72319,1.00,1.75
2016.04.06 13:00:18.844,0.72297,0.72319,1.50,1.75
2016.04.06 13:00:19.186,0.723,0.7232,1.00,1.75
2016.04.06 13:00:19.287,0.723,0.72322,2.25,1.75
2016.04.06 13:00:19.790,0.72299,0.72322,2.25,1.75
2016.04.06 13:00:20.507,0.723,0.72324,1.75,1.50
2016.04.06 13:00:21.337,0.72301,0.72324,1.75,1.50
2016.04.06 13:00:21.388,0.723,0.72323,1.75,1.50
2016.04.06 13:00:21.489,0.723,0.72323,1.50,1.75
2016.04.06 13:00:22.011,0.723,0.72323,1.75,1.75
2016.04.06 13:00:22.563,0.723,0.72323,1.75,1.75
2016.04.06 13:00:22.613,0.723,0.72323,1.75,1.12
2016.04.06 13:00:22.917,0.72305,0.72323,1.00,1.00
2016.04.06 13:00:22.967,0.72302,0.72323,1.50,1.50
2016.04.06 13:00:23.018,0.72302,0.7232,1.50,1.00
2016.04.06 13:00:23.170,0.723,0.72321,1.75,1.50
2016.04.06 13:00:23.568,0.72302,0.72326,1.75,1.75
2016.04.06 13:00:23.620,0.72307,0.72325,1.00,1.00
2016.04.06 13:00:23.878,0.72306,0.72329,2.10,1.75
2016.04.06 13:00:24.180,0.7231,0.72333,2.25,1.50
2016.04.06 13:00:24.671,0.72307,0.72332,3.00,1.50
2016.04.06 13:00:25.428,0.7231,0.72335,1.75,1.75
2016.04.06 13:00:26.988,0.7231,0.72335,1.75,1.75
2016.04.06 13:00:27.401,0.72309,0.72331,4.50,1.12
2016.04.06 13:00:27.451,0.72309,0.72331,1.75,1.50
2016.04.06 13:00:28.407,0.72307,0.72331,1.50,3.00
2016.04.06 13:00:29.809,0.72305,0.72327,2.25,1.75
2016.04.06 13:00:32.008,0.72305,0.72327,2.25,1.75
2016.04.06 13:00:32.059,0.72307,0.72325,1.00,1.00
2016.04.06 13:00:32.110,0.72305,0.72329,2.85,1.75
2016.04.06 13:00:32.412,0.72308,0.7233,1.75,1.75
2016.04.06 13:00:32.940,0.7231,0.72333,1.75,1.75
2016.04.06 13:00:33.991,0.72308,0.72331,2.10,1.75
2016.04.06 13:00:34.041,0.72308,0.72331,2.10,1.75
2016.04.06 13:00:34.557,0.72313,0.72329,1.00,1.00
2016.04.06 13:00:35.148,0.72313,0.72335,1.00,2.25
2016.04.06 13:00:37.508,0.72311,0.72334,1.50,1.75
2016.04.06 13:00:37.846,0.72308,0.7233,1.12,1.75
2016.04.06 13:00:38.581,0.72305,0.72327,1.97,1.75
2016.04.06 13:00:39.254,0.72308,0.7233,1.00,2.25
2016.04.06 13:00:39.907,0.72309,0.72322,1.00,1.00
2016.04.06 13:00:40.222,0.72308,0.72327,1.00,2.25
2016.04.06 13:00:40.570,0.72307,0.72326,1.00,2.25
2016.04.06 13:00:40.778,0.72306,0.72327,1.00,2.25
2016.04.06 13:00:41.370,0.72306,0.72327,1.00,3.75
2016.04.06 13:00:41.882,0.72307,0.72326,1.00,2.25
2016.04.06 13:00:42.587,0.72307,0.72324,1.00,2.25
2016.04.06 13:00:43.007,0.72305,0.72324,1.00,2.25
2016.04.06 13:00:43.127,0.72307,0.72324,1.00,2.25
2016.04.06 13:00:43.483,0.72308,0.7232,1.00,1.00
2016.04.06 13:00:43.773,0.72309,0.72331,1.00,3.00
2016.04.06 13:00:43.974,0.72306,0.72325,1.12,1.75
2016.04.06 13:00:44.076,0.72306,0.72325,1.00,1.75
2016.04.06 13:00:44.378,0.72303,0.72325,1.00,3.00
2016.04.06 13:00:44.718,0.72305,0.72327,1.12,1.75
2016.04.06 13:00:44.768,0.72305,0.72327,1.50,1.75
2016.04.06 13:00:47.458,0.72305,0.72329,1.37,6.00
2016.04.06 13:00:47.518,0.72304,0.72328,1.12,4.50
2016.04.06 13:00:48.049,0.72303,0.72326,1.50,2.25
2016.04.06 13:00:48.150,0.72306,0.72328,1.00,2.25
2016.04.06 13:00:51.159,0.72307,0.72328,1.00,2.25
2016.04.06 13:00:51.310,0.72307,0.7233,1.50,2.25
2016.04.06 13:00:51.411,0.72309,0.7233,1.00,2.25
2016.04.06 13:00:51.765,0.72309,0.72331,1.00,3.00
2016.04.06 13:00:51.866,0.72309,0.72328,1.00,2.25
2016.04.06 13:00:52.117,0.72301,0.72318,1.00,1.00
2016.04.06 13:00:52.218,0.72301,0.72323,1.00,3.00
2016.04.06 13:00:54.289,0.72301,0.72323,1.12,1.75
2016.04.06 13:00:54.608,0.72293,0.72317,1.75,1.75
2016.04.06 13:00:54.934,0.72293,0.72315,1.50,1.75
2016.04.06 13:00:55.773,0.72295,0.72314,1.00,1.75
2016.04.06 13:00:55.823,0.72295,0.72314,1.37,1.50
2016.04.06 13:00:55.874,0.72303,0.72314,1.00,1.00
2016.04.06 13:00:55.975,0.72301,0.72323,1.50,2.10
2016.04.06 13:00:57.651,0.72301,0.72317,1.00,1.00
2016.04.06 13:00:58.376,0.72299,0.72317,1.50,1.00
2016.04.06 13:00:58.648,0.723,0.72323,1.00,3.00
2016.04.06 13:00:59.236,0.723,0.72323,1.00,3.00
2016.04.06 13:00:59.735,0.72301,0.72319,1.12,1.00
2016.04.06 13:00:59.836,0.72303,0.7232,1.37,1.00
2016.04.06 13:01:00.591,0.72305,0.72326,1.00,1.75
2016.04.06 13:01:02.673,0.72302,0.72324,1.12,1.75
2016.04.06 13:01:03.097,0.72303,0.72325,1.50,1.75
2016.04.06 13:01:03.399,0.72301,0.72323,1.50,1.75
2016.04.06 13:01:03.929,0.72302,0.72324,1.50,1.75
2016.04.06 13:01:04.475,0.72303,0.72325,1.12,1.75
2016.04.06 13:01:04.683,0.72302,0.72324,1.75,1.75
2016.04.06 13:01:05.182,0.72302,0.72324,1.75,1.75
2016.04.06 13:01:05.783,0.72305,0.72327,1.75,1.75
2016.04.06 13:01:06.307,0.72304,0.72326,1.75,1.75
2016.04.06 13:01:07.722,0.72305,0.72323,1.00,1.00
2016.04.06 13:01:07.887,0.72304,0.72325,1.75,1.75
2016.04.06 13:01:08.481,0.72306,0.72328,1.75,1.75
2016.04.06 13:01:14.226,0.72306,0.72331,1.75,1.75
2016.04.06 13:01:14.937,0.72306,0.72329,1.50,1.75
2016.04.06 13:01:16.635,0.72308,0.7233,1.50,1.75
2016.04.06 13:01:17.056,0.72306,0.72331,1.75,1.75
2016.04.06 13:01:17.157,0.7231,0.72331,1.75,1.75
2016.04.06 13:01:17.416,0.72315,0.72336,1.00,3.00
2016.04.06 13:01:17.957,0.72312,0.72336,1.35,3.00
2016.04.06 13:01:21.205,0.72314,0.72336,1.50,3.00
2016.04.06 13:01:21.256,0.72315,0.72337,1.75,1.75
2016.04.06 13:01:23.819,0.72315,0.72337,1.37,1.75
2016.04.06 13:01:23.870,0.72315,0.72332,1.00,1.00
2016.04.06 13:01:24.879,0.72314,0.72332,1.50,1.00
2016.04.06 13:01:25.564,0.72313,0.72336,1.75,1.75
2016.04.06 13:01:29.935,0.72314,0.72336,1.75,1.75
2016.04.06 13:01:29.986,0.72315,0.72337,1.75,1.75
2016.04.06 13:01:30.188,0.72318,0.72336,1.00,1.00
2016.04.06 13:01:30.888,0.72317,0.7234,1.75,2.25
2016.04.06 13:01:31.403,0.72314,0.72336,1.75,1.75
2016.04.06 13:01:33.900,0.72316,0.72339,1.75,1.75
2016.04.06 13:01:34.202,0.72319,0.72342,1.75,1.75
2016.04.06 13:01:35.004,0.7232,0.72343,1.12,4.50
2016.04.06 13:01:35.407,0.72321,0.72339,1.00,1.50
2016.04.06 13:01:35.558,0.72318,0.7234,1.75,1.75
2016.04.06 13:01:36.091,0.72316,0.72338,1.35,1.75
2016.04.06 13:01:36.410,0.72316,0.72338,1.35,1.50
2016.04.06 13:01:37.052,0.7232,0.72338,1.00,1.00
2016.04.06 13:01:38.566,0.7232,0.72344,2.25,1.75
2016.04.06 13:01:39.120,0.72322,0.72344,1.12,1.75
2016.04.06 13:01:40.015,0.72321,0.72344,1.00,3.00
2016.04.06 13:01:40.117,0.72319,0.72343,1.75,1.75
2016.04.06 13:01:40.522,0.72323,0.72343,1.00,2.25
2016.04.06 13:01:42.419,0.72322,0.72343,1.00,2.25
2016.04.06 13:01:44.623,0.72321,0.72344,1.50,1.75
2016.04.06 13:01:44.828,0.72315,0.72337,2.85,1.37
2016.04.06 13:01:45.143,0.72315,0.72338,1.35,1.75
2016.04.06 13:01:46.261,0.72319,0.7234,1.12,1.75
2016.04.06 13:01:46.362,0.72322,0.7234,1.50,1.00
2016.04.06 13:01:46.413,0.72322,0.72345,1.50,1.75
2016.04.06 13:01:46.827,0.72325,0.72348,1.50,1.75
2016.04.06 13:01:48.951,0.72325,0.72347,1.12,1.75
2016.04.06 13:01:49.317,0.72327,0.72349,1.00,3.00
2016.04.06 13:01:49.998,0.72325,0.72347,1.87,1.75
2016.04.06 13:01:52.605,0.72326,0.72348,1.00,2.25
2016.04.06 13:01:52.864,0.72327,0.72351,1.72,3.00
2016.04.06 13:01:52.915,0.72327,0.72351,2.10,3.00
2016.04.06 13:01:52.965,0.7233,0.72353,1.50,2.25
2016.04.06 13:01:53.066,0.72332,0.72349,1.00,1.00
2016.04.06 13:01:53.167,0.72332,0.72358,1.50,2.25
2016.04.06 13:01:55.203,0.72332,0.72357,1.75,2.25
2016.04.06 13:01:55.304,0.7233,0.72351,1.75,1.75
2016.04.06 13:01:56.164,0.72331,0.72354,1.12,3.75
2016.04.06 13:01:58.562,0.72332,0.72354,1.00,2.25
2016.04.06 13:02:00.966,0.72331,0.72354,1.12,3.00
2016.04.06 13:02:01.605,0.7233,0.72348,1.00,1.00
2016.04.06 13:02:01.976,0.72326,0.72351,1.75,1.75
2016.04.06 13:02:02.279,0.72323,0.72347,1.35,1.75
2016.04.06 13:02:02.871,0.72326,0.72348,1.00,2.25
2016.04.06 13:02:03.844,0.72324,0.72348,1.50,3.00
2016.04.06 13:02:04.257,0.72324,0.72348,1.75,1.75
2016.04.06 13:02:04.827,0.72323,0.72347,1.75,1.75
2016.04.06 13:02:04.934,0.72325,0.72351,1.75,4.50
2016.04.06 13:02:05.036,0.72325,0.72345,1.75,1.00
2016.04.06 13:02:06.696,0.72326,0.72352,1.75,2.25
2016.04.06 13:02:08.324,0.72329,0.72352,1.00,3.75
2016.04.06 13:02:11.681,0.72328,0.72345,1.00,1.00
2016.04.06 13:02:13.476,0.7233,0.72345,1.00,1.00
2016.04.06 13:02:15.296,0.7233,0.72353,1.12,4.50
2016.04.06 13:02:15.862,0.72328,0.72349,1.00,2.25
2016.04.06 13:02:15.965,0.72326,0.72348,1.00,2.25
2016.04.06 13:02:16.448,0.72326,0.72343,1.37,1.00
2016.04.06 13:02:20.430,0.72328,0.7235,1.00,3.75
2016.04.06 13:02:21.102,0.72327,0.7235,1.50,1.75
2016.04.06 13:02:22.762,0.72328,0.7235,1.00,2.25
2016.04.06 13:02:23.103,0.72327,0.7235,1.37,1.75
2016.04.06 13:02:23.154,0.72327,0.7235,1.37,1.75
2016.04.06 13:02:23.548,0.72331,0.72355,1.50,3.00
2016.04.06 13:02:24.750,0.72331,0.72354,1.00,1.75
2016.04.06 13:02:24.851,0.72328,0.72352,1.75,3.00
2016.04.06 13:02:25.206,0.72328,0.72346,1.50,1.00
2016.04.06 13:02:26.734,0.7233,0.72346,1.00,1.00
2016.04.06 13:02:27.157,0.72331,0.72355,1.37,2.25
2016.04.06 13:02:27.993,0.72332,0.72349,1.37,1.00
2016.04.06 13:02:28.774,0.72333,0.72356,1.37,1.75
2016.04.06 13:02:28.950,0.72336,0.72352,1.12,1.00
2016.04.06 13:02:29.051,0.72336,0.72357,1.00,1.75
2016.04.06 13:02:29.466,0.72331,0.72354,1.12,3.00
2016.04.06 13:02:29.567,0.72331,0.72354,1.37,1.75
2016.04.06 13:02:29.618,0.72331,0.72354,1.75,1.75
2016.04.06 13:02:29.777,0.72335,0.72358,1.37,1.75
2016.04.06 13:02:30.315,0.72335,0.72358,1.75,1.75
2016.04.06 13:02:30.641,0.72329,0.72351,1.87,1.37
2016.04.06 13:02:30.692,0.72327,0.7235,1.35,2.25
2016.04.06 13:02:31.361,0.72327,0.7235,1.30,3.00
2016.04.06 13:02:32.611,0.72326,0.72344,1.35,1.00
2016.04.06 13:02:34.669,0.72325,0.72344,2.25,1.00
2016.04.06 13:02:35.253,0.72326,0.72349,1.75,2.25
2016.04.06 13:02:35.828,0.72326,0.72349,1.75,1.75
2016.04.06 13:02:36.720,0.72323,0.72345,1.35,1.75
2016.04.06 13:02:36.821,0.72323,0.72345,1.30,2.25
2016.04.06 13:02:37.396,0.72325,0.72342,1.37,1.00
2016.04.06 13:02:37.732,0.72325,0.72348,2.25,1.50
2016.04.06 13:02:38.388,0.72327,0.7235,1.50,3.00
2016.04.06 13:02:38.439,0.72327,0.72349,1.12,1.75
2016.04.06 13:02:38.490,0.72327,0.72348,1.00,3.00
2016.04.06 13:02:38.592,0.72323,0.72346,1.75,1.75
2016.04.06 13:02:38.693,0.72323,0.72345,1.37,2.25
2016.04.06 13:02:38.744,0.72321,0.72343,1.72,1.75
2016.04.06 13:02:39.862,0.7232,0.72341,1.60,1.75
2016.04.06 13:02:40.426,0.72318,0.7234,1.50,1.75
2016.04.06 13:02:44.434,0.72316,0.72338,1.30,1.75
2016.04.06 13:02:45.186,0.72317,0.72339,1.00,2.25
2016.04.06 13:02:45.688,0.72319,0.72339,1.50,1.75
2016.04.06 13:02:45.739,0.72322,0.72345,1.50,2.25
2016.04.06 13:02:46.277,0.72324,0.72346,1.00,2.25
2016.04.06 13:02:46.840,0.72322,0.72344,1.75,1.75
2016.04.06 13:02:47.115,0.7232,0.72338,1.50,1.00
2016.04.06 13:02:47.303,0.7232,0.72343,1.12,3.00
2016.04.06 13:02:47.606,0.7232,0.72345,1.75,6.00
2016.04.06 13:02:47.859,0.72323,0.72341,1.60,1.00
2016.04.06 13:02:47.909,0.72323,0.72345,2.85,1.37
2016.04.06 13:02:47.960,0.72324,0.72345,2.10,1.00
2016.04.06 13:02:48.011,0.72325,0.72345,3.75,1.00
2016.04.06 13:02:48.286,0.72328,0.72353,1.75,1.75
2016.04.06 13:02:48.337,0.72329,0.72353,1.35,1.75
2016.04.06 13:02:48.648,0.7233,0.72353,1.75,1.75
2016.04.06 13:02:49.194,0.7233,0.7235,1.75,1.50
2016.04.06 13:02:49.496,0.7233,0.7235,1.50,1.75
2016.04.06 13:02:53.632,0.72328,0.72352,1.50,2.25
2016.04.06 13:02:55.177,0.72328,0.72346,1.50,1.00
2016.04.06 13:02:57.056,0.72329,0.72346,1.00,1.00
2016.04.06 13:02:57.937,0.72328,0.72346,1.50,1.00
2016.04.06 13:02:58.250,0.72328,0.72352,1.50,2.25
2016.04.06 13:02:59.023,0.72328,0.72351,1.75,1.75
2016.04.06 13:03:00.196,0.72329,0.72348,1.75,1.00
2016.04.06 13:03:00.698,0.7233,0.72353,1.75,1.75
2016.04.06 13:03:01.232,0.7233,0.7235,2.25,1.00
2016.04.06 13:03:01.440,0.72331,0.72354,1.75,1.75
2016.04.06 13:03:03.763,0.72334,0.72356,1.75,1.75
2016.04.06 13:03:04.081,0.72336,0.72356,1.00,1.75
2016.04.06 13:03:05.906,0.72336,0.72354,1.00,1.00
2016.04.06 13:03:06.745,0.72337,0.72354,1.00,1.00
2016.04.06 13:03:07.274,0.72337,0.72355,1.00,1.00
2016.04.06 13:03:08.972,0.72334,0.72357,1.50,2.25
2016.04.06 13:03:09.982,0.72334,0.72356,1.75,1.75
2016.04.06 13:03:12.295,0.72336,0.72359,1.75,1.75
2016.04.06 13:03:12.597,0.72336,0.72359,1.75,1.75
2016.04.06 13:03:13.000,0.72336,0.72359,1.75,1.50
2016.04.06 13:03:14.028,0.72336,0.72359,1.75,1.75
2016.04.06 13:03:18.219,0.72338,0.72364,1.75,1.75
2016.04.06 13:03:19.524,0.72336,0.72365,1.75,3.75
2016.04.06 13:03:19.778,0.72338,0.72363,1.50,3.75
2016.04.06 13:03:20.105,0.72339,0.72365,1.75,1.75
2016.04.06 13:03:24.708,0.72338,0.72365,1.75,1.75
2016.04.06 13:03:27.907,0.72338,0.72365,1.75,1.75
2016.04.06 13:03:28.535,0.7234,0.72365,1.37,3.00
2016.04.06 13:03:33.514,0.72338,0.72363,1.50,3.75
2016.04.06 13:03:33.564,0.72339,0.72362,1.12,3.75
2016.04.06 13:03:33.665,0.72341,0.72358,1.00,1.00
2016.04.06 13:03:33.767,0.72344,0.72365,1.00,3.75
2016.04.06 13:03:33.918,0.72338,0.72364,1.75,3.00
2016.04.06 13:03:34.019,0.72338,0.72361,1.12,2.25
2016.04.06 13:03:34.135,0.72339,0.72357,1.00,1.00
2016.04.06 13:03:35.768,0.72338,0.72363,1.75,3.75
2016.04.06 13:03:36.827,0.72338,0.72361,1.12,2.25
2016.04.06 13:03:37.128,0.72339,0.72357,1.00,1.00
2016.04.06 13:03:37.329,0.7234,0.72366,1.50,5.25
2016.04.06 13:03:37.867,0.7234,0.72364,1.50,2.25
2016.04.06 13:03:43.045,0.7234,0.72365,1.75,2.25
2016.04.06 13:03:44.005,0.7234,0.72366,2.25,3.75
2016.04.06 13:03:44.337,0.72337,0.72356,2.10,1.00
2016.04.06 13:03:44.946,0.72337,0.72363,2.10,2.25
2016.04.06 13:03:47.106,0.72341,0.7236,2.10,1.75
2016.04.06 13:03:47.157,0.72341,0.7236,2.47,1.75
2016.04.06 13:03:47.208,0.72345,0.72365,1.00,4.50
2016.04.06 13:03:47.258,0.72345,0.72365,1.50,1.75
2016.04.06 13:03:47.359,0.72345,0.72365,1.12,1.75
2016.04.06 13:03:47.625,0.72342,0.72365,2.10,1.75
2016.04.06 13:03:47.777,0.72345,0.72365,1.00,1.75
2016.04.06 13:03:50.203,0.72345,0.72365,1.00,3.00
2016.04.06 13:03:50.304,0.7234,0.72365,2.85,3.00
2016.04.06 13:03:50.376,0.72345,0.72365,1.00,2.25
2016.04.06 13:03:51.066,0.7234,0.72365,2.85,3.00
2016.04.06 13:03:53.668,0.7234,0.72361,1.00,2.25
2016.04.06 13:03:53.720,0.72338,0.7236,1.30,1.75
2016.04.06 13:03:54.323,0.72336,0.7236,3.60,3.75
2016.04.06 13:03:54.374,0.7234,0.7236,1.00,3.75
2016.04.06 13:03:57.680,0.7234,0.72354,1.00,1.00
2016.04.06 13:03:58.229,0.7234,0.72361,1.00,2.25
2016.04.06 13:04:00.292,0.7235,0.72363,1.00,2.25
2016.04.06 13:04:00.343,0.7235,0.72368,1.00,2.25
2016.04.06 13:04:00.444,0.7235,0.72369,1.00,2.25
2016.04.06 13:04:00.545,0.72345,0.7237,2.25,3.00
2016.04.06 13:04:00.596,0.72345,0.7237,2.25,1.75
2016.04.06 13:04:00.898,0.72345,0.72368,1.87,3.75
2016.04.06 13:04:03.044,0.7235,0.72368,1.00,3.75
2016.04.06 13:04:03.195,0.7235,0.72372,1.00,2.25
2016.04.06 13:04:03.599,0.72346,0.7237,2.10,1.75
2016.04.06 13:04:03.899,0.72346,0.7237,1.12,4.50
2016.04.06 13:04:04.225,0.72345,0.72367,1.00,3.75
2016.04.06 13:04:04.326,0.72347,0.72364,1.00,1.00
2016.04.06 13:04:04.478,0.7235,0.72371,1.00,2.25
2016.04.06 13:04:05.018,0.72349,0.7237,1.12,1.75
2016.04.06 13:04:06.233,0.7235,0.72373,1.00,2.25
2016.04.06 13:04:06.335,0.7235,0.72373,1.50,1.75
2016.04.06 13:04:06.726,0.72351,0.72369,1.00,1.00
2016.04.06 13:04:06.827,0.7235,0.7237,1.50,1.75
2016.04.06 13:04:08.202,0.7235,0.72374,1.37,5.25
2016.04.06 13:04:08.525,0.72349,0.7237,1.12,1.75
2016.04.06 13:04:09.239,0.72346,0.72368,2.10,1.75
2016.04.06 13:04:09.289,0.72346,0.72363,1.35,1.00
2016.04.06 13:04:09.340,0.72346,0.72363,1.00,1.00
2016.04.06 13:04:09.441,0.72344,0.72363,2.10,1.75
2016.04.06 13:04:09.952,0.72345,0.72364,1.50,1.75
2016.04.06 13:04:10.585,0.72345,0.72364,1.50,1.37
2016.04.06 13:04:11.117,0.72346,0.72364,1.00,1.00
2016.04.06 13:04:11.657,0.72345,0.72364,1.50,1.75
2016.04.06 13:04:12.023,0.72345,0.72361,1.00,1.50
2016.04.06 13:04:12.370,0.72347,0.7237,1.00,2.25
2016.04.06 13:04:12.472,0.72347,0.72372,1.75,2.25
2016.04.06 13:04:13.201,0.7235,0.72374,1.87,2.25
2016.04.06 13:04:13.863,0.7235,0.72374,2.25,2.25
2016.04.06 13:04:14.412,0.7235,0.72374,1.87,3.75
2016.04.06 13:04:15.009,0.7235,0.72373,1.00,2.25
2016.04.06 13:04:15.469,0.7235,0.72374,2.25,2.25
2016.04.06 13:04:17.661,0.72355,0.72374,1.00,2.25
2016.04.06 13:04:18.745,0.7235,0.72375,2.25,1.75
2016.04.06 13:04:19.922,0.72351,0.72375,1.50,1.75
2016.04.06 13:04:19.973,0.72351,0.72375,1.50,2.25
2016.04.06 13:04:20.568,0.72352,0.72375,1.75,1.75
2016.04.06 13:04:21.486,0.72352,0.72375,1.37,1.75
2016.04.06 13:04:23.157,0.7235,0.72375,2.10,1.75
2016.04.06 13:04:23.691,0.72352,0.72375,1.50,1.75
2016.04.06 13:04:24.016,0.72352,0.72375,1.00,3.00
2016.04.06 13:04:26.702,0.7235,0.72375,2.25,3.00
2016.04.06 13:04:28.572,0.72355,0.72375,1.00,3.00
2016.04.06 13:04:32.369,0.7235,0.72367,1.50,1.00
2016.04.06 13:04:35.929,0.72349,0.72367,1.00,1.00
2016.04.06 13:04:37.077,0.72349,0.72374,1.50,3.00
2016.04.06 13:04:37.626,0.72349,0.72374,1.75,4.50
2016.04.06 13:04:40.121,0.7235,0.72367,1.00,1.00
2016.04.06 13:04:40.982,0.72349,0.72367,2.25,1.00
2016.04.06 13:04:42.511,0.72349,0.72366,1.00,1.00
2016.04.06 13:04:43.062,0.72348,0.72366,2.10,1.00
2016.04.06 13:04:46.857,0.72342,0.72358,1.00,1.00
2016.04.06 13:04:47.166,0.72339,0.72363,2.10,2.25
2016.04.06 13:04:49.266,0.72341,0.72357,1.30,1.00
2016.04.06 13:04:49.773,0.7234,0.72365,1.35,3.00
2016.04.06 13:04:57.394,0.72341,0.72364,1.72,2.25
2016.04.06 13:04:58.687,0.72339,0.72361,1.50,1.75
2016.04.06 13:04:59.975,0.72339,0.7236,1.12,1.75
2016.04.06 13:05:00.661,0.72338,0.7236,1.12,1.75
2016.04.06 13:05:01.067,0.72338,0.72359,1.00,3.00
2016.04.06 13:05:01.117,0.72336,0.72359,1.12,2.25
2016.04.06 13:05:01.168,0.72336,0.72357,1.00,2.25
2016.04.06 13:05:01.326,0.72333,0.72357,1.50,2.25
2016.04.06 13:05:02.791,0.72333,0.72356,1.00,6.00
2016.04.06 13:05:06.383,0.72334,0.7235,1.12,1.00
2016.04.06 13:05:07.059,0.72333,0.72356,1.12,6.00
2016.04.06 13:05:08.182,0.72332,0.72356,1.00,2.25
2016.04.06 13:05:08.283,0.72331,0.72351,1.12,2.25
2016.04.06 13:05:08.384,0.72327,0.72344,1.35,1.00
2016.04.06 13:05:10.800,0.72325,0.72348,1.50,1.75
2016.04.06 13:05:11.051,0.72327,0.72348,1.12,1.75
2016.04.06 13:05:13.009,0.72327,0.72348,1.00,3.00
2016.04.06 13:05:13.767,0.72326,0.72348,1.00,3.00
2016.04.06 13:05:14.842,0.72328,0.72348,1.00,2.25
2016.04.06 13:05:16.211,0.72328,0.72349,1.00,3.00
2016.04.06 13:05:16.386,0.72329,0.72344,1.00,1.00
2016.04.06 13:05:16.587,0.72329,0.72352,1.75,3.00
2016.04.06 13:05:17.133,0.72332,0.72354,1.00,2.25
2016.04.06 13:05:17.308,0.72329,0.72354,1.50,2.25
2016.04.06 13:05:17.833,0.72329,0.72352,1.12,2.25
2016.04.06 13:05:18.343,0.72329,0.72353,1.50,1.75
2016.04.06 13:05:20.753,0.7233,0.72353,1.37,1.75
2016.04.06 13:05:21.272,0.7233,0.72353,1.75,1.75
2016.04.06 13:05:22.473,0.72334,0.72355,1.00,2.25
2016.04.06 13:05:23.152,0.72332,0.72356,1.75,4.50
2016.04.06 13:05:27.901,0.72333,0.72356,1.50,6.00
2016.04.06 13:05:29.905,0.72333,0.7235,1.37,1.00
2016.04.06 13:05:30.344,0.72334,0.72357,1.87,3.00
2016.04.06 13:05:30.596,0.72336,0.72359,1.75,3.00
2016.04.06 13:05:30.864,0.72339,0.72357,1.00,1.00
2016.04.06 13:05:31.124,0.7234,0.72359,1.00,3.00
2016.04.06 13:05:31.672,0.72338,0.72361,1.50,1.75
2016.04.06 13:05:33.650,0.7234,0.72361,1.00,1.75
2016.04.06 13:05:35.934,0.72339,0.72361,1.12,1.75
2016.04.06 13:05:36.236,0.72332,0.72356,2.10,3.75
2016.04.06 13:05:36.437,0.72338,0.7236,1.67,1.75
2016.04.06 13:05:36.538,0.72339,0.7236,1.75,1.75
2016.04.06 13:05:42.581,0.72341,0.72361,1.00,1.75
2016.04.06 13:05:42.683,0.72334,0.72357,1.12,2.25
2016.04.06 13:05:43.649,0.72334,0.72357,1.75,1.75
2016.04.06 13:05:43.953,0.7234,0.72361,1.50,3.75
2016.04.06 13:05:44.466,0.7234,0.72364,1.75,3.00
2016.04.06 13:05:45.796,0.7234,0.72364,1.75,3.00
2016.04.06 13:05:46.211,0.72342,0.72365,1.00,5.25
2016.04.06 13:05:46.712,0.72338,0.72365,1.75,5.25
2016.04.06 13:05:47.265,0.72339,0.72361,1.12,3.00
2016.04.06 13:05:48.174,0.72339,0.72361,1.12,3.00
2016.04.06 13:05:50.628,0.7234,0.72361,1.00,3.00
2016.04.06 13:05:50.679,0.7234,0.72361,1.12,3.00
2016.04.06 13:05:50.729,0.72342,0.72361,1.00,3.00
2016.04.06 13:05:53.250,0.7234,0.72363,1.12,3.00
2016.04.06 13:05:55.397,0.7234,0.72364,1.50,3.00
2016.04.06 13:05:57.796,0.7234,0.72365,1.75,3.00
2016.04.06 13:05:58.374,0.72342,0.72365,1.50,4.50
2016.04.06 13:05:58.903,0.72336,0.7236,1.50,2.25
2016.04.06 13:05:59.789,0.72337,0.72358,1.50,3.00
2016.04.06 13:06:00.108,0.7234,0.72357,1.00,1.00
2016.04.06 13:06:01.673,0.72339,0.72361,1.37,3.00
2016.04.06 13:06:02.527,0.72339,0.72361,1.12,3.00
2016.04.06 13:06:03.286,0.72335,0.72358,1.12,3.75
2016.04.06 13:06:03.589,0.7233,0.72353,1.87,2.25
2016.04.06 13:06:07.908,0.72328,0.72353,1.50,2.25
2016.04.06 13:06:10.313,0.72328,0.72351,1.12,2.25
2016.04.06 13:06:10.616,0.72319,0.72333,2.10,1.00
2016.04.06 13:06:10.716,0.72316,0.72335,1.12,1.75
2016.04.06 13:06:10.817,0.72309,0.72329,1.37,2.25
2016.04.06 13:06:10.969,0.72303,0.72326,1.50,2.25
2016.04.06 13:06:11.229,0.72303,0.72327,1.12,2.25
2016.04.06 13:06:11.632,0.72305,0.72329,1.37,2.25
2016.04.06 13:06:11.935,0.7231,0.7233,1.00,1.75
2016.04.06 13:06:12.352,0.72311,0.7233,1.12,1.75
2016.04.06 13:06:12.403,0.72314,0.7233,1.00,1.75
2016.04.06 13:06:12.554,0.72315,0.72335,1.00,3.75
2016.04.06 13:06:12.828,0.72315,0.72339,1.50,2.25
2016.04.06 13:06:14.452,0.72316,0.72335,1.50,1.75
2016.04.06 13:06:15.012,0.72317,0.72335,1.50,1.50
2016.04.06 13:06:15.552,0.72316,0.72335,1.12,1.50
2016.04.06 13:06:15.602,0.72317,0.72335,1.00,1.75
2016.04.06 13:06:15.914,0.72316,0.7233,1.00,1.00
2016.04.06 13:06:16.253,0.72312,0.72329,1.00,1.00
2016.04.06 13:06:16.354,0.72312,0.72327,1.00,1.00
2016.04.06 13:06:17.494,0.7231,0.7233,1.00,1.75
2016.04.06 13:06:17.548,0.72307,0.72324,1.00,1.00
2016.04.06 13:06:17.850,0.72307,0.7233,1.00,2.25
2016.04.06 13:06:18.572,0.72308,0.7233,1.00,3.00
2016.04.06 13:06:19.083,0.72308,0.7233,1.12,1.75
2016.04.06 13:06:20.418,0.72305,0.72325,2.25,1.75
2016.04.06 13:06:20.518,0.72301,0.72326,1.75,1.75
2016.04.06 13:06:20.670,0.72303,0.72321,1.00,1.00
2016.04.06 13:06:20.771,0.72301,0.72325,1.12,2.25
2016.04.06 13:06:21.091,0.72298,0.72324,1.50,2.25
2016.04.06 13:06:21.796,0.72298,0.72324,1.75,2.25
2016.04.06 13:06:22.098,0.72303,0.72318,1.00,1.00
2016.04.06 13:06:22.499,0.72303,0.72325,1.50,1.75
2016.04.06 13:06:23.929,0.723,0.72324,2.25,1.75
2016.04.06 13:06:23.980,0.723,0.72324,2.25,1.75
2016.04.06 13:06:24.081,0.723,0.72318,2.25,1.00
2016.04.06 13:06:24.353,0.723,0.72324,1.50,1.75
2016.04.06 13:06:25.779,0.723,0.7232,1.87,1.75
2016.04.06 13:06:26.082,0.723,0.7232,1.75,1.75
2016.04.06 13:06:28.241,0.723,0.72324,1.75,1.75
2016.04.06 13:06:28.292,0.723,0.72321,1.75,1.50
2016.04.06 13:06:28.618,0.72302,0.72324,1.12,1.75
2016.04.06 13:06:29.129,0.723,0.72325,1.75,3.00
2016.04.06 13:06:29.432,0.72298,0.72316,1.37,1.75
2016.04.06 13:06:30.102,0.72298,0.72317,1.00,2.25
2016.04.06 13:06:30.321,0.72291,0.72317,1.75,2.25
2016.04.06 13:06:32.114,0.72292,0.72315,1.50,1.75
2016.04.06 13:06:32.215,0.72292,0.72312,1.75,1.00
2016.04.06 13:06:32.730,0.72297,0.7232,1.00,3.00
2016.04.06 13:06:33.329,0.72295,0.7232,1.50,3.00
2016.04.06 13:06:34.323,0.72297,0.7232,1.00,3.00
2016.04.06 13:06:35.030,0.72295,0.7232,1.50,3.00
2016.04.06 13:06:35.131,0.72295,0.72315,1.50,1.75
2016.04.06 13:06:35.434,0.72279,0.72299,1.00,4.50
2016.04.06 13:06:35.679,0.72275,0.72292,1.00,1.00
2016.04.06 13:06:36.334,0.72275,0.72292,1.37,1.00
2016.04.06 13:06:38.945,0.72278,0.723,1.00,2.25
2016.04.06 13:06:38.996,0.72279,0.72304,1.50,3.00
2016.04.06 13:06:39.594,0.72279,0.72304,1.50,4.50
2016.04.06 13:06:40.562,0.72279,0.72296,1.00,1.00
2016.04.06 13:06:40.663,0.72279,0.72292,1.00,2.25
2016.04.06 13:06:40.764,0.72271,0.72294,1.30,3.75
2016.04.06 13:06:40.865,0.72271,0.72295,1.35,2.25
2016.04.06 13:06:41.512,0.72272,0.72289,1.00,1.00
2016.04.06 13:06:41.814,0.72269,0.72289,1.35,1.75
2016.04.06 13:06:41.865,0.72267,0.72289,1.50,1.75
2016.04.06 13:06:41.966,0.72265,0.72287,2.25,1.50
2016.04.06 13:06:43.840,0.72267,0.72289,1.37,1.37
2016.04.06 13:06:43.891,0.72267,0.72289,1.00,1.00
2016.04.06 13:06:44.498,0.72265,0.7229,1.50,1.50
2016.04.06 13:06:45.923,0.72267,0.7229,1.00,2.25
2016.04.06 13:06:48.343,0.72268,0.72291,1.00,3.75
2016.04.06 13:06:49.570,0.72268,0.7229,1.00,1.75
2016.04.06 13:06:50.109,0.72269,0.72291,1.00,3.00
2016.04.06 13:06:50.210,0.72269,0.72291,1.75,1.00
2016.04.06 13:06:50.261,0.72273,0.72296,1.00,1.87
2016.04.06 13:06:50.362,0.72275,0.72298,1.00,1.75
2016.04.06 13:06:50.413,0.72275,0.72298,1.12,1.00
2016.04.06 13:06:50.969,0.72274,0.72297,1.37,1.00
2016.04.06 13:06:51.122,0.72272,0.72295,1.50,1.00
2016.04.06 13:06:51.326,0.72268,0.72291,1.00,1.00
2016.04.06 13:06:53.298,0.72269,0.72291,1.00,1.00
2016.04.06 13:06:53.872,0.72269,0.72291,1.00,1.37
2016.04.06 13:06:54.430,0.72268,0.72291,1.00,1.75
2016.04.06 13:06:54.810,0.72268,0.7229,1.75,1.75
2016.04.06 13:06:55.129,0.72269,0.72292,2.25,1.50
2016.04.06 13:06:56.991,0.72272,0.72295,1.12,1.75
2016.04.06 13:06:57.495,0.72273,0.72295,1.00,2.25
2016.04.06 13:06:58.370,0.72271,0.72294,1.50,1.75
2016.04.06 13:06:59.132,0.72272,0.72294,1.37,1.75
2016.04.06 13:07:00.431,0.7227,0.72295,1.75,1.75
2016.04.06 13:07:01.388,0.7227,0.72295,1.75,1.75
2016.04.06 13:07:01.438,0.72272,0.7229,1.00,1.00
2016.04.06 13:07:01.804,0.72275,0.72292,1.00,1.00
2016.04.06 13:07:02.106,0.72274,0.72296,1.12,1.75
2016.04.06 13:07:02.438,0.72276,0.72298,1.00,4.50
2016.04.06 13:07:03.039,0.72276,0.72297,1.00,2.25
2016.04.06 13:07:03.824,0.72277,0.72298,1.00,3.75
2016.04.06 13:07:04.026,0.72284,0.723,1.00,1.00
2016.04.06 13:07:04.227,0.72286,0.72308,1.00,3.00
2016.04.06 13:07:04.912,0.72289,0.72309,1.00,1.75
2016.04.06 13:07:05.215,0.72296,0.72309,1.00,1.00
2016.04.06 13:07:05.549,0.72296,0.72314,1.00,1.00
2016.04.06 13:07:09.124,0.72295,0.72317,1.00,1.00
2016.04.06 13:07:10.470,0.72293,0.72316,1.00,1.00
2016.04.06 13:07:10.621,0.72293,0.72311,1.00,1.00
2016.04.06 13:07:11.110,0.72293,0.72315,1.50,1.75
2016.04.06 13:07:11.161,0.72295,0.72313,1.00,1.00
2016.04.06 13:07:11.411,0.72295,0.72315,1.00,1.75
2016.04.06 13:07:12.722,0.7229,0.72312,1.75,1.75
2016.04.06 13:07:13.025,0.72287,0.72309,1.50,1.75
2016.04.06 13:07:13.327,0.72285,0.72307,1.75,1.12
2016.04.06 13:07:13.746,0.7229,0.72312,1.75,1.75
2016.04.06 13:07:14.360,0.72295,0.72316,1.12,3.00
2016.04.06 13:07:14.562,0.72297,0.72319,1.00,3.75
2016.04.06 13:07:14.765,0.72298,0.72316,1.00,1.00
2016.04.06 13:07:15.323,0.72299,0.72316,1.00,1.00
2016.04.06 13:07:15.868,0.72298,0.72316,1.00,1.00
2016.04.06 13:07:16.713,0.72299,0.72317,1.00,1.00
2016.04.06 13:07:17.223,0.723,0.72317,1.50,1.00
2016.04.06 13:07:17.913,0.72301,0.72317,1.00,1.00
2016.04.06 13:07:18.745,0.723,0.72317,1.50,1.00
2016.04.06 13:07:18.946,0.72296,0.7232,1.75,2.25
2016.04.06 13:07:19.256,0.72294,0.72316,1.75,1.75
2016.04.06 13:07:19.775,0.72295,0.72317,2.25,1.50
2016.04.06 13:07:19.876,0.72295,0.72317,2.25,1.12
2016.04.06 13:07:22.186,0.723,0.72322,1.50,1.75
2016.04.06 13:07:22.717,0.723,0.72322,1.75,1.75
2016.04.06 13:07:23.398,0.72302,0.72324,1.75,1.75
2016.04.06 13:07:28.990,0.72299,0.72321,1.75,1.50
2016.04.06 13:07:29.630,0.72295,0.72318,1.50,1.75
2016.04.06 13:07:29.683,0.72294,0.72318,1.75,1.75
2016.04.06 13:07:29.983,0.72294,0.72314,1.50,1.00
2016.04.06 13:07:30.322,0.72294,0.72318,1.75,1.75
2016.04.06 13:07:30.373,0.72295,0.72318,1.75,1.50
2016.04.06 13:07:30.678,0.72293,0.72319,1.75,3.00
2016.04.06 13:07:31.003,0.72295,0.72318,1.50,1.75
2016.04.06 13:07:31.054,0.72298,0.72319,1.37,1.75
2016.04.06 13:07:31.571,0.72298,0.72321,1.75,1.75
2016.04.06 13:07:31.974,0.723,0.72318,1.00,1.00
2016.04.06 13:07:34.221,0.72295,0.72321,1.75,2.25
2016.04.06 13:07:34.512,0.7229,0.72314,1.75,1.75
2016.04.06 13:07:34.998,0.72303,0.72314,1.87,1.37
2016.04.06 13:07:35.300,0.72304,0.72315,2.25,1.00
2016.04.06 13:07:35.351,0.72307,0.72332,1.75,1.75
2016.04.06 13:07:44.227,0.72307,0.72329,1.75,1.75
2016.04.06 13:07:44.782,0.72307,0.72329,1.75,1.50
2016.04.06 13:07:44.937,0.72307,0.72329,1.75,1.75
2016.04.06 13:07:45.543,0.72308,0.72325,1.00,1.00
2016.04.06 13:07:45.931,0.72304,0.72327,1.75,1.75
2016.04.06 13:07:51.616,0.72305,0.72327,1.12,1.75
2016.04.06 13:07:53.131,0.72306,0.72324,1.00,1.00
2016.04.06 13:07:53.820,0.72307,0.72329,1.37,6.00
2016.04.06 13:07:53.871,0.72307,0.72329,1.75,3.00
2016.04.06 13:07:53.972,0.72309,0.72327,1.00,1.00
2016.04.06 13:07:55.549,0.72307,0.7233,1.75,2.25
2016.04.06 13:07:55.650,0.72308,0.72326,1.00,1.00
2016.04.06 13:07:57.623,0.72308,0.72332,1.50,1.75
2016.04.06 13:07:57.674,0.72312,0.72334,1.75,1.75
2016.04.06 13:07:57.878,0.72312,0.72334,1.75,1.75
2016.04.06 13:07:58.202,0.72314,0.72336,1.75,1.75
2016.04.06 13:08:07.543,0.72317,0.72339,1.37,2.25
2016.04.06 13:08:07.694,0.72315,0.72339,1.12,4.50
2016.04.06 13:08:08.030,0.72317,0.72339,1.37,4.50
2016.04.06 13:08:08.081,0.72317,0.72339,1.75,1.50
2016.04.06 13:08:08.131,0.72316,0.72338,1.50,1.75
2016.04.06 13:08:08.182,0.72316,0.72338,1.50,1.75
2016.04.06 13:08:08.740,0.72316,0.72338,1.37,1.75
2016.04.06 13:08:09.284,0.72314,0.72336,1.50,1.75
2016.04.06 13:08:09.760,0.72311,0.72333,1.75,1.75
2016.04.06 13:08:09.811,0.72312,0.7233,1.00,1.00
2016.04.06 13:08:09.912,0.72311,0.72333,1.75,1.75
2016.04.06 13:08:10.298,0.7231,0.72331,1.00,1.75
2016.04.06 13:08:10.944,0.72309,0.72333,1.75,3.00
2016.04.06 13:08:10.994,0.72309,0.72333,2.25,1.75
2016.04.06 13:08:11.045,0.72309,0.72333,2.25,1.50
2016.04.06 13:08:11.096,0.7231,0.72335,1.75,2.25
2016.04.06 13:08:11.714,0.7231,0.72335,1.75,2.25
2016.04.06 13:08:11.916,0.72309,0.72332,2.25,1.75
2016.04.06 13:08:12.218,0.72312,0.72334,1.75,1.50
2016.04.06 13:08:13.380,0.72312,0.72334,1.75,1.75
2016.04.06 13:08:13.982,0.72315,0.72333,1.00,1.00
2016.04.06 13:08:15.283,0.72314,0.72335,1.75,1.75
2016.04.06 13:08:16.705,0.72315,0.72337,1.75,1.75
2016.04.06 13:08:18.190,0.72314,0.72337,1.50,1.75
2016.04.06 13:08:19.590,0.72315,0.72338,1.75,1.75
2016.04.06 13:08:19.641,0.72315,0.72338,1.75,1.75
2016.04.06 13:08:19.691,0.72319,0.72336,1.00,1.00
2016.04.06 13:08:19.893,0.72318,0.7234,1.75,1.75
2016.04.06 13:08:20.467,0.72318,0.7234,1.75,1.75
2016.04.06 13:08:21.061,0.72319,0.72337,1.00,1.00
2016.04.06 13:08:21.327,0.72317,0.7234,1.75,1.75
2016.04.06 13:08:21.688,0.72318,0.72341,1.37,3.75
2016.04.06 13:08:21.907,0.72318,0.72341,1.75,2.25
2016.04.06 13:08:21.958,0.72318,0.72341,1.37,2.25
2016.04.06 13:08:22.009,0.72317,0.72339,1.50,3.00
2016.04.06 13:08:22.110,0.72312,0.72336,1.75,1.75
2016.04.06 13:08:23.914,0.72313,0.72334,1.75,3.00
2016.04.06 13:08:25.185,0.7231,0.72334,1.75,3.75
2016.04.06 13:08:25.236,0.72309,0.72334,2.25,5.25
2016.04.06 13:08:27.612,0.72309,0.72333,2.25,1.75
2016.04.06 13:08:27.913,0.72309,0.72333,2.25,1.75
2016.04.06 13:08:28.244,0.72316,0.72334,1.00,1.00
2016.04.06 13:08:28.720,0.72311,0.72336,2.25,1.75
2016.04.06 13:08:29.669,0.72315,0.72333,1.00,1.00
2016.04.06 13:08:29.970,0.72312,0.72334,1.75,1.37
2016.04.06 13:08:30.021,0.72315,0.72333,1.00,1.00
2016.04.06 13:08:30.596,0.72314,0.72335,1.75,1.50
2016.04.06 13:08:31.121,0.72314,0.72336,1.75,1.75
2016.04.06 13:08:35.456,0.72315,0.72335,1.75,1.75
2016.04.06 13:08:39.132,0.7231,0.72331,2.25,1.00
2016.04.06 13:08:39.585,0.72308,0.72331,2.85,1.37
2016.04.06 13:08:39.636,0.72309,0.72327,1.00,1.00
2016.04.06 13:08:40.438,0.72306,0.72328,1.75,1.12
2016.04.06 13:08:43.407,0.7231,0.72331,1.75,1.50
2016.04.06 13:08:43.458,0.72313,0.72331,1.00,1.50
2016.04.06 13:08:43.508,0.7231,0.72331,1.75,1.12
2016.04.06 13:08:43.710,0.72314,0.72336,1.75,2.25
2016.04.06 13:08:44.552,0.72312,0.7233,1.75,1.00
2016.04.06 13:08:44.770,0.72314,0.72336,1.75,2.25
2016.04.06 13:08:45.422,0.72314,0.7233,1.12,1.50
2016.04.06 13:08:45.472,0.72312,0.7233,1.00,1.50
2016.04.06 13:08:45.523,0.72309,0.7233,1.75,1.12
2016.04.06 13:08:46.029,0.7231,0.7233,1.75,1.50
2016.04.06 13:08:46.624,0.72313,0.72335,1.75,1.75
2016.04.06 13:08:46.977,0.72313,0.72335,1.50,3.00
2016.04.06 13:08:47.078,0.72312,0.72334,1.75,1.75
2016.04.06 13:08:47.629,0.7231,0.72334,1.75,1.75
2016.04.06 13:08:49.852,0.72314,0.72329,1.00,1.00
2016.04.06 13:08:49.953,0.72311,0.72329,1.00,1.50
2016.04.06 13:08:50.175,0.72311,0.72329,1.00,1.50
2016.04.06 13:08:51.288,0.72311,0.72334,1.37,1.75
2016.04.06 13:08:51.389,0.72311,0.72335,1.75,3.00
2016.04.06 13:08:51.588,0.72311,0.72332,1.75,1.00
2016.04.06 13:08:54.800,0.72309,0.72331,1.75,1.00
2016.04.06 13:08:55.344,0.7231,0.72332,1.75,1.12
2016.04.06 13:08:56.179,0.7231,0.72332,1.75,1.37
2016.04.06 13:08:56.229,0.72313,0.7233,1.00,1.00
2016.04.06 13:08:59.004,0.7231,0.7233,2.25,1.12
2016.04.06 13:08:59.312,0.72306,0.72326,1.75,1.00
2016.04.06 13:08:59.413,0.72306,0.72326,1.75,1.12
2016.04.06 13:08:59.791,0.72307,0.72328,1.75,1.00
2016.04.06 13:09:00.093,0.72316,0.72336,1.00,1.75
2016.04.06 13:09:00.994,0.72313,0.72335,1.75,1.75
2016.04.06 13:09:01.557,0.72312,0.72334,1.50,1.75
2016.04.06 13:09:01.980,0.72312,0.72336,1.50,3.00
2016.04.06 13:09:02.510,0.72313,0.72335,1.75,1.50
2016.04.06 13:09:03.147,0.7231,0.72331,2.25,1.00
2016.04.06 13:09:03.198,0.72311,0.72333,1.75,1.12
2016.04.06 13:09:09.327,0.72315,0.72334,1.75,1.00
2016.04.06 13:09:09.857,0.72315,0.72337,1.75,1.75
2016.04.06 13:09:10.306,0.72318,0.7234,1.75,1.75
2016.04.06 13:09:10.860,0.72315,0.72337,1.75,1.37
2016.04.06 13:09:12.999,0.72314,0.72337,3.00,1.00
2016.04.06 13:09:13.302,0.7232,0.72343,1.75,1.75
2016.04.06 13:09:14.482,0.72322,0.7234,1.75,1.00
2016.04.06 13:09:14.583,0.72323,0.7234,1.00,1.00
2016.04.06 13:09:14.634,0.7232,0.7234,2.25,1.37
2016.04.06 13:09:15.239,0.72321,0.7234,1.00,1.75
2016.04.06 13:09:15.294,0.72319,0.72341,1.75,1.50
2016.04.06 13:09:18.811,0.7232,0.72342,1.37,1.75
2016.04.06 13:09:20.019,0.72324,0.7234,1.00,1.00
2016.04.06 13:09:20.520,0.72321,0.7234,1.75,1.00
2016.04.06 13:09:20.621,0.72322,0.7234,1.00,1.00
2016.04.06 13:09:20.671,0.72322,0.72338,1.00,1.00
2016.04.06 13:09:21.088,0.72313,0.72336,1.75,1.75
2016.04.06 13:09:21.823,0.7231,0.72334,1.75,1.75
2016.04.06 13:09:22.772,0.72311,0.72334,1.75,1.75
2016.04.06 13:09:23.284,0.7231,0.72331,1.75,1.00
2016.04.06 13:09:23.786,0.72309,0.7233,1.75,1.00
2016.04.06 13:09:24.334,0.72309,0.72333,1.75,1.75
2016.04.06 13:09:24.735,0.72309,0.72333,1.75,1.75
2016.04.06 13:09:25.487,0.72315,0.72333,1.00,1.00
2016.04.06 13:09:26.853,0.72313,0.72335,1.75,1.75
2016.04.06 13:09:27.361,0.72313,0.72335,1.75,1.50
2016.04.06 13:09:27.663,0.72319,0.72341,1.75,4.50
2016.04.06 13:09:28.537,0.72319,0.72341,1.75,3.00
2016.04.06 13:09:28.587,0.72317,0.7234,3.00,1.12
2016.04.06 13:09:28.689,0.72317,0.7234,1.75,1.75
2016.04.06 13:09:32.245,0.7232,0.72342,1.75,3.75
2016.04.06 13:09:32.296,0.7232,0.72341,1.75,3.00
2016.04.06 13:09:32.599,0.72324,0.72342,1.00,1.00
2016.04.06 13:09:32.862,0.72321,0.72343,1.75,1.75
2016.04.06 13:09:33.216,0.7232,0.72337,1.50,1.00
2016.04.06 13:09:33.267,0.7232,0.72337,1.50,1.00
2016.04.06 13:09:33.670,0.7232,0.72339,1.75,1.00
2016.04.06 13:09:34.017,0.72317,0.72335,3.00,1.00
2016.04.06 13:09:34.664,0.7232,0.7234,1.75,1.37
2016.04.06 13:09:34.715,0.72325,0.7234,1.00,1.00
2016.04.06 13:09:34.866,0.7232,0.7234,4.50,1.00
2016.04.06 13:09:35.378,0.72321,0.7234,1.75,1.00
2016.04.06 13:09:35.653,0.72324,0.72346,1.75,1.75
2016.04.06 13:09:35.915,0.72324,0.72346,1.75,1.50
2016.04.06 13:09:36.217,0.7233,0.72346,1.75,1.00
2016.04.06 13:09:36.520,0.7233,0.72349,3.00,1.00
2016.04.06 13:09:37.027,0.72329,0.7235,2.25,1.00
2016.04.06 13:09:37.380,0.72327,0.7235,2.25,1.12
2016.04.06 13:09:37.430,0.72327,0.7235,2.25,2.25
2016.04.06 13:09:37.481,0.7233,0.72348,1.00,1.50
2016.04.06 13:09:38.025,0.72325,0.72348,1.75,1.50
2016.04.06 13:09:38.551,0.72323,0.72343,1.75,1.00
2016.04.06 13:09:39.203,0.72323,0.72344,1.75,1.00
2016.04.06 13:09:39.858,0.72325,0.72345,1.75,1.50
2016.04.06 13:09:40.175,0.72325,0.72345,1.75,1.75
2016.04.06 13:09:42.317,0.72325,0.72345,1.75,2.25
2016.04.06 13:09:47.044,0.72328,0.72345,1.00,1.00
2016.04.06 13:09:47.842,0.72325,0.72345,2.25,1.00
2016.04.06 13:09:47.893,0.7233,0.72349,1.75,1.37
2016.04.06 13:09:47.944,0.72326,0.72345,2.25,1.00
2016.04.06 13:09:48.142,0.72325,0.72345,2.25,1.00
2016.04.06 13:09:48.530,0.72323,0.72346,1.75,1.50
2016.04.06 13:09:48.732,0.7232,0.72342,1.75,1.00
2016.04.06 13:09:49.033,0.72324,0.72342,1.00,1.50
2016.04.06 13:09:49.088,0.7232,0.72342,2.25,1.00
2016.04.06 13:09:49.239,0.72326,0.72344,1.00,1.00
2016.04.06 13:09:49.290,0.72323,0.72345,1.75,1.75
2016.04.06 13:09:49.832,0.72323,0.72346,1.75,1.75
2016.04.06 13:09:50.324,0.72329,0.72349,1.75,1.50
2016.04.06 13:09:50.425,0.72329,0.72346,1.00,1.50
2016.04.06 13:09:51.663,0.72329,0.72346,1.00,1.50
2016.04.06 13:09:52.187,0.72325,0.72345,1.75,1.50
2016.04.06 13:09:58.988,0.72326,0.72345,1.75,1.37
2016.04.06 13:09:59.239,0.72334,0.72355,1.75,1.50
2016.04.06 13:09:59.340,0.72335,0.72354,1.75,1.00
2016.04.06 13:09:59.491,0.72335,0.72353,1.50,1.50
2016.04.06 13:09:59.891,0.7233,0.7235,2.25,1.00
2016.04.06 13:10:00.569,0.7233,0.7235,1.75,1.87
2016.04.06 13:10:01.826,0.72333,0.7235,1.00,1.00
2016.04.06 13:10:04.825,0.72335,0.72351,1.00,1.50
2016.04.06 13:10:05.966,0.72335,0.7235,1.00,1.00
2016.04.06 13:10:07.097,0.72333,0.7235,1.00,1.50
2016.04.06 13:10:07.615,0.72333,0.72351,1.00,2.25
2016.04.06 13:10:08.138,0.72333,0.7235,1.00,1.00
2016.04.06 13:10:10.077,0.72333,0.72351,1.00,1.00
2016.04.06 13:10:10.738,0.7233,0.7235,1.75,1.12
2016.04.06 13:10:13.621,0.7233,0.7235,1.75,1.00
2016.04.06 13:10:15.188,0.72333,0.7235,1.00,1.00
2016.04.06 13:10:15.497,0.7233,0.7235,1.75,1.00
2016.04.06 13:10:21.078,0.72329,0.72351,1.75,1.12
2016.04.06 13:10:21.445,0.7233,0.7235,3.75,1.00
2016.04.06 13:10:21.747,0.72335,0.72352,1.75,1.00
2016.04.06 13:10:21.957,0.72331,0.7235,2.25,1.00
2016.04.06 13:10:22.915,0.7233,0.7235,2.25,1.00
2016.04.06 13:10:23.706,0.72336,0.7235,1.00,1.00
2016.04.06 13:10:24.445,0.72331,0.7235,2.25,1.00
2016.04.06 13:10:25.107,0.72337,0.7235,1.00,1.00
2016.04.06 13:10:25.158,0.72337,0.72352,1.00,1.00
2016.04.06 13:10:25.259,0.72338,0.72355,1.00,1.00
2016.04.06 13:10:25.309,0.72335,0.72355,1.75,1.00
2016.04.06 13:10:25.874,0.72335,0.72354,1.75,1.00
2016.04.06 13:10:27.086,0.72335,0.72355,1.75,1.50
2016.04.06 13:10:27.619,0.72334,0.72356,2.25,1.87
2016.04.06 13:10:28.558,0.72334,0.7235,1.75,1.00
2016.04.06 13:10:28.659,0.72338,0.7235,1.00,1.00
2016.04.06 13:10:29.570,0.72331,0.7235,1.75,1.00
2016.04.06 13:10:30.163,0.72332,0.72351,1.75,1.00
2016.04.06 13:10:30.668,0.72332,0.72351,1.75,1.00
2016.04.06 13:10:31.315,0.72332,0.7235,1.75,1.00
2016.04.06 13:10:31.867,0.7233,0.7235,1.75,1.00
2016.04.06 13:10:32.026,0.7233,0.7235,1.75,1.37
2016.04.06 13:10:32.568,0.72329,0.72351,1.75,2.25
2016.04.06 13:10:37.319,0.7233,0.7235,1.75,1.00
2016.04.06 13:10:39.288,0.72333,0.7235,1.00,1.00
2016.04.06 13:10:39.482,0.7233,0.7235,2.25,1.00
2016.04.06 13:10:39.583,0.72335,0.72354,1.75,1.50
2016.04.06 13:10:40.107,0.72335,0.72354,1.75,1.12
2016.04.06 13:10:40.355,0.7233,0.7235,5.25,1.00
2016.04.06 13:10:40.406,0.72332,0.7235,1.00,1.00
2016.04.06 13:10:40.456,0.7233,0.7235,1.37,1.50
2016.04.06 13:10:40.507,0.7233,0.7235,1.00,1.75
2016.04.06 13:10:40.558,0.72322,0.72345,1.75,1.37
2016.04.06 13:10:40.659,0.72326,0.72345,1.00,1.87
2016.04.06 13:10:41.112,0.72321,0.72344,1.75,1.12
2016.04.06 13:10:42.466,0.72324,0.72346,1.75,1.50
2016.04.06 13:10:42.798,0.72326,0.72348,1.75,1.75
2016.04.06 13:10:44.235,0.72329,0.72351,1.37,1.75
2016.04.06 13:10:44.285,0.72328,0.7235,1.75,1.75
2016.04.06 13:10:45.601,0.72325,0.72347,3.00,1.50
2016.04.06 13:10:45.702,0.72327,0.72345,1.00,1.00
2016.04.06 13:10:48.398,0.72325,0.72346,1.75,1.75
2016.04.06 13:10:49.405,0.72324,0.72346,1.75,1.50
2016.04.06 13:10:50.811,0.72325,0.72349,4.50,1.50
2016.04.06 13:10:51.012,0.72327,0.72345,1.00,1.00
2016.04.06 13:10:51.214,0.72327,0.72349,1.75,1.75
2016.04.06 13:10:51.764,0.72327,0.72349,1.75,1.75
2016.04.06 13:10:52.116,0.72326,0.72348,1.50,1.75
2016.04.06 13:10:52.816,0.72326,0.72348,1.75,1.75
2016.04.06 13:10:54.999,0.72328,0.72348,1.00,1.75
2016.04.06 13:10:55.530,0.72324,0.72347,2.25,1.75
2016.04.06 13:10:57.920,0.72326,0.72343,1.00,1.00
2016.04.06 13:10:58.252,0.72326,0.72348,1.75,1.75
2016.04.06 13:10:59.876,0.72331,0.72352,1.00,2.25
2016.04.06 13:10:59.927,0.72332,0.7235,1.00,1.00
2016.04.06 13:11:00.246,0.72334,0.72356,1.50,1.75
2016.04.06 13:11:00.548,0.72333,0.72356,1.12,1.75
2016.04.06 13:11:03.051,0.72333,0.72357,1.75,1.75
2016.04.06 13:11:03.666,0.72335,0.72352,1.00,1.00
2016.04.06 13:11:04.003,0.72333,0.72356,1.50,1.75
2016.04.06 13:11:04.053,0.72333,0.72356,1.50,1.75
2016.04.06 13:11:04.224,0.72333,0.72356,1.75,1.75
2016.04.06 13:11:04.887,0.72336,0.72353,1.00,1.00
2016.04.06 13:11:05.450,0.72335,0.72355,1.75,1.12
2016.04.06 13:11:05.977,0.7234,0.72358,1.00,1.75
2016.04.06 13:11:07.052,0.72339,0.72355,1.00,1.12
2016.04.06 13:11:08.795,0.72335,0.72355,3.00,1.00
2016.04.06 13:11:08.896,0.7234,0.72359,1.12,1.50
2016.04.06 13:11:09.140,0.72339,0.72358,1.00,1.37
2016.04.06 13:11:10.584,0.72332,0.72353,2.25,1.00
2016.04.06 13:11:10.685,0.7233,0.72353,3.00,1.12
2016.04.06 13:11:10.786,0.72332,0.7235,1.00,1.00
2016.04.06 13:11:10.886,0.72328,0.72353,1.75,1.75
2016.04.06 13:11:12.978,0.72329,0.72352,2.25,1.75
2016.04.06 13:11:13.356,0.72329,0.72352,1.75,1.12
2016.04.06 13:11:13.955,0.72328,0.72351,3.00,1.00
2016.04.06 13:11:15.301,0.72328,0.72351,3.00,1.12
2016.04.06 13:11:17.091,0.72331,0.72354,1.75,1.75
2016.04.06 13:11:17.517,0.72331,0.72354,1.75,1.75
2016.04.06 13:11:18.109,0.72331,0.72354,1.37,1.75
2016.04.06 13:11:18.411,0.72329,0.7235,1.37,1.75
2016.04.06 13:11:18.960,0.72328,0.72352,1.75,1.75
2016.04.06 13:11:19.468,0.72327,0.72352,1.75,1.75
2016.04.06 13:11:19.988,0.72331,0.72353,1.37,1.75
2016.04.06 13:11:20.038,0.72331,0.72353,1.75,1.75
2016.04.06 13:11:20.378,0.7233,0.72352,1.75,1.75
2016.04.06 13:11:20.429,0.7233,0.72352,1.75,1.75
2016.04.06 13:11:20.952,0.72328,0.7235,1.75,2.25
2016.04.06 13:11:22.443,0.72328,0.7235,4.50,1.50
2016.04.06 13:11:22.554,0.7233,0.72353,3.00,1.12
2016.04.06 13:11:22.605,0.7233,0.72353,3.00,1.50
2016.04.06 13:11:22.655,0.7233,0.72353,1.75,1.75
2016.04.06 13:11:23.174,0.72331,0.72355,1.75,2.25
2016.04.06 13:11:23.700,0.72329,0.72352,1.75,1.75
2016.04.06 13:11:25.123,0.72329,0.72352,1.75,1.75
2016.04.06 13:11:25.174,0.72329,0.72352,1.75,1.75
2016.04.06 13:11:25.780,0.7233,0.72353,1.75,1.75
2016.04.06 13:11:26.775,0.72333,0.72356,1.37,1.75
2016.04.06 13:11:26.826,0.72336,0.72354,1.00,1.00
2016.04.06 13:11:27.367,0.72332,0.72354,2.25,1.00
2016.04.06 13:11:28.808,0.72333,0.72355,1.75,1.12
2016.04.06 13:11:29.428,0.72333,0.72355,1.75,1.12
2016.04.06 13:11:30.086,0.72336,0.72358,1.75,1.50
2016.04.06 13:11:30.136,0.7234,0.72358,1.00,1.50
2016.04.06 13:11:33.582,0.72336,0.72358,1.75,1.50
2016.04.06 13:11:34.190,0.72334,0.72356,1.75,1.50
2016.04.06 13:11:34.240,0.72335,0.72353,1.00,1.00
2016.04.06 13:11:36.066,0.72335,0.72354,1.00,1.75
2016.04.06 13:11:36.268,0.72335,0.72353,1.00,1.00
2016.04.06 13:11:37.171,0.72332,0.72356,1.75,1.75
2016.04.06 13:11:37.905,0.72333,0.72355,1.50,1.75
2016.04.06 13:11:41.054,0.72333,0.72355,1.75,1.75
2016.04.06 13:11:48.809,0.72336,0.72357,1.37,1.37
2016.04.06 13:11:48.859,0.72336,0.72357,1.75,1.00
2016.04.06 13:11:49.061,0.72337,0.72359,1.75,1.75
2016.04.06 13:11:49.212,0.72338,0.72359,1.00,1.75
2016.04.06 13:11:50.129,0.72337,0.72359,1.50,1.75
2016.04.06 13:11:50.905,0.72337,0.72359,1.37,1.75
2016.04.06 13:11:50.956,0.72338,0.72356,1.50,1.00
2016.04.06 13:11:51.006,0.72338,0.7236,1.50,2.25
2016.04.06 13:11:51.057,0.72338,0.7236,1.75,2.25
2016.04.06 13:11:51.572,0.72335,0.72357,1.75,1.12
2016.04.06 13:11:55.226,0.72336,0.72357,1.75,1.00
2016.04.06 13:11:55.847,0.72336,0.72358,2.25,1.12
2016.04.06 13:11:57.449,0.72335,0.72359,1.75,1.50
2016.04.06 13:11:57.701,0.72333,0.72358,2.25,1.75
2016.04.06 13:11:59.062,0.72333,0.72353,1.75,1.00
2016.04.06 13:11:59.214,0.72337,0.72355,1.00,1.00
2016.04.06 13:11:59.265,0.72335,0.72357,1.75,1.50
2016.04.06 13:11:59.536,0.72339,0.72357,1.00,1.50
2016.04.06 13:12:01.070,0.72336,0.72358,1.75,1.75
2016.04.06 13:12:02.651,0.72336,0.72358,1.75,1.75
2016.04.06 13:12:03.239,0.72336,0.72358,1.50,1.75
2016.04.06 13:12:03.581,0.72334,0.72356,1.75,1.75
2016.04.06 13:12:03.983,0.72334,0.72356,1.75,1.75
2016.04.06 13:12:06.286,0.72336,0.72358,1.75,1.75
2016.04.06 13:12:07.851,0.72334,0.72358,2.25,1.75
2016.04.06 13:12:08.183,0.72334,0.72357,2.25,1.50
2016.04.06 13:12:08.750,0.72335,0.72355,1.75,1.75
2016.04.06 13:12:10.898,0.72338,0.72356,1.00,1.00
2016.04.06 13:12:11.189,0.72336,0.72357,1.75,1.00
2016.04.06 13:12:11.722,0.72335,0.72357,1.75,1.50
2016.04.06 13:12:13.134,0.72337,0.72359,2.25,1.50
2016.04.06 13:12:13.730,0.72336,0.72358,2.25,1.37
2016.04.06 13:12:15.513,0.72342,0.7236,1.00,1.00
2016.04.06 13:12:16.536,0.72342,0.72359,1.00,1.00
2016.04.06 13:12:17.337,0.72342,0.7236,1.00,2.25
2016.04.06 13:12:17.388,0.72337,0.7236,1.75,1.75
2016.04.06 13:12:18.041,0.72342,0.7236,1.00,1.00
2016.04.06 13:12:18.452,0.7234,0.7236,1.75,1.12
2016.04.06 13:12:21.466,0.72341,0.7236,1.75,1.00
2016.04.06 13:12:29.667,0.72338,0.72359,2.25,1.00
2016.04.06 13:12:29.768,0.72337,0.72359,1.75,1.12
2016.04.06 13:12:44.928,0.72341,0.7236,1.50,1.75
2016.04.06 13:12:44.979,0.72345,0.7236,1.00,1.37
2016.04.06 13:12:45.029,0.72345,0.7236,1.00,1.12
2016.04.06 13:12:45.574,0.72343,0.7236,1.12,1.50
2016.04.06 13:12:46.131,0.72341,0.7236,1.50,1.75
2016.04.06 13:12:47.631,0.72341,0.7236,1.12,1.75
2016.04.06 13:12:48.154,0.72341,0.7236,1.50,1.75
2016.04.06 13:12:48.727,0.72341,0.72355,1.00,1.50
2016.04.06 13:12:48.778,0.72335,0.72356,1.75,1.75
2016.04.06 13:12:49.556,0.72335,0.72356,1.75,1.37
2016.04.06 13:12:49.657,0.7234,0.72357,1.12,1.50
2016.04.06 13:12:51.186,0.7234,0.72359,1.12,1.75
2016.04.06 13:12:53.769,0.7234,0.72359,1.00,1.75
2016.04.06 13:12:54.179,0.7234,0.72359,1.12,1.75
2016.04.06 13:12:54.727,0.7234,0.7236,1.00,2.25
2016.04.06 13:12:55.166,0.7234,0.72357,1.00,1.00
2016.04.06 13:12:56.862,0.7234,0.7236,1.75,2.25
2016.04.06 13:12:57.196,0.72341,0.7236,1.75,1.12
2016.04.06 13:12:57.506,0.72339,0.72361,1.75,2.25
2016.04.06 13:12:57.722,0.72343,0.72361,1.00,1.50
2016.04.06 13:12:58.336,0.72343,0.7236,1.00,1.00
2016.04.06 13:12:58.699,0.72345,0.72361,1.00,1.00
2016.04.06 13:12:58.918,0.72346,0.72364,1.00,1.00
2016.04.06 13:12:59.178,0.72345,0.72361,1.00,1.75
2016.04.06 13:12:59.231,0.72339,0.72361,1.75,1.75
2016.04.06 13:12:59.282,0.72337,0.72359,1.75,1.75
2016.04.06 13:12:59.383,0.72337,0.72353,1.00,1.00
2016.04.06 13:12:59.484,0.72335,0.72353,1.00,1.00
2016.04.06 13:13:00.104,0.72335,0.72358,1.75,1.75
2016.04.06 13:13:02.163,0.72335,0.72357,1.37,1.75
2016.04.06 13:13:04.220,0.72334,0.72359,1.75,1.75
2016.04.06 13:13:05.128,0.72334,0.72355,1.50,1.75
2016.04.06 13:13:05.387,0.72329,0.72353,1.75,1.75
2016.04.06 13:13:07.931,0.72331,0.72353,1.12,1.75
2016.04.06 13:13:08.949,0.72332,0.72354,1.00,3.00
2016.04.06 13:13:09.222,0.72329,0.72353,2.25,1.75
2016.04.06 13:13:09.323,0.72333,0.72355,1.75,1.75
2016.04.06 13:13:09.626,0.72342,0.7236,1.00,1.00
2016.04.06 13:13:10.618,0.72343,0.7236,1.00,1.00
2016.04.06 13:13:11.233,0.72343,0.72365,1.75,2.25
2016.04.06 13:13:13.590,0.72344,0.72365,1.12,1.75
2016.04.06 13:13:14.053,0.72346,0.72364,1.00,1.00
2016.04.06 13:13:14.799,0.72347,0.72364,1.00,1.00
2016.04.06 13:13:15.238,0.72345,0.72366,1.75,1.50
2016.04.06 13:13:17.458,0.72344,0.72365,1.75,1.00
2016.04.06 13:13:17.959,0.72344,0.72366,1.75,1.12
2016.04.06 13:13:19.716,0.72346,0.72365,1.75,1.00
2016.04.06 13:13:20.331,0.72348,0.72365,1.12,1.50
2016.04.06 13:13:20.432,0.72345,0.72365,1.00,1.75
2016.04.06 13:13:20.970,0.72341,0.72361,1.75,1.50
2016.04.06 13:13:21.866,0.72345,0.72364,1.00,1.75
2016.04.06 13:13:22.071,0.72337,0.72359,1.75,1.50
2016.04.06 13:13:22.526,0.72337,0.72359,1.75,1.75
2016.04.06 13:13:23.330,0.72337,0.72359,1.75,1.75
2016.04.06 13:13:27.497,0.72334,0.72358,1.75,1.75
2016.04.06 13:13:27.978,0.72336,0.72355,1.50,1.75
2016.04.06 13:13:28.281,0.72336,0.72355,1.75,1.12
2016.04.06 13:13:28.600,0.72337,0.72355,1.12,1.75
2016.04.06 13:13:30.338,0.72335,0.72357,1.75,1.75
2016.04.06 13:13:30.389,0.72335,0.72357,1.75,1.75
2016.04.06 13:13:31.362,0.72335,0.72357,1.75,1.50
2016.04.06 13:13:31.664,0.72336,0.72358,4.50,1.00
2016.04.06 13:13:31.715,0.72338,0.72361,1.75,1.37
2016.04.06 13:13:32.265,0.7234,0.72362,1.75,1.75
2016.04.06 13:13:32.773,0.72344,0.72365,1.00,1.75
2016.04.06 13:13:33.436,0.72343,0.72365,1.12,2.25
2016.04.06 13:13:35.177,0.7234,0.72362,1.75,1.75
2016.04.06 13:13:35.280,0.72339,0.72361,1.75,1.75
2016.04.06 13:13:35.482,0.72336,0.72358,1.75,1.75
2016.04.06 13:13:35.684,0.72334,0.72356,1.50,1.75
2016.04.06 13:13:35.956,0.72335,0.72354,1.75,1.00
2016.04.06 13:13:36.683,0.72335,0.72359,1.75,1.75
2016.04.06 13:13:37.087,0.72337,0.72354,1.37,1.00
2016.04.06 13:13:37.732,0.72337,0.72355,1.50,1.00
2016.04.06 13:13:37.785,0.72337,0.72359,1.00,1.75
2016.04.06 13:13:38.090,0.72335,0.72357,1.75,1.75
2016.04.06 13:13:38.293,0.72337,0.72355,1.00,1.00
2016.04.06 13:13:39.988,0.72339,0.72356,1.12,1.50
2016.04.06 13:13:40.867,0.72337,0.72355,1.75,1.12
2016.04.06 13:13:41.289,0.72336,0.72358,1.75,1.50
2016.04.06 13:13:41.390,0.72336,0.72355,1.75,1.00
2016.04.06 13:13:41.706,0.72335,0.7235,1.75,1.00
2016.04.06 13:13:41.808,0.72335,0.72358,1.75,1.75
2016.04.06 13:13:41.909,0.72336,0.72354,1.00,1.00
2016.04.06 13:13:42.010,0.72335,0.72354,1.75,1.00
2016.04.06 13:13:43.010,0.72336,0.72355,1.50,1.75
2016.04.06 13:13:43.210,0.72336,0.72355,1.00,1.75
2016.04.06 13:13:44.016,0.72335,0.72355,1.87,1.75
2016.04.06 13:13:44.070,0.72335,0.72353,2.25,1.00
2016.04.06 13:13:44.566,0.72335,0.72351,1.50,1.00
2016.04.06 13:13:44.667,0.72335,0.72353,1.00,1.00
2016.04.06 13:13:44.819,0.72333,0.72356,1.75,2.25
2016.04.06 13:13:45.167,0.72339,0.7236,1.00,2.25
2016.04.06 13:13:45.218,0.72339,0.7236,1.12,1.75
2016.04.06 13:13:46.910,0.72335,0.72357,1.75,1.75
2016.04.06 13:13:47.395,0.72336,0.72355,1.75,1.12
2016.04.06 13:13:47.738,0.72339,0.7236,1.75,1.50
2016.04.06 13:13:48.207,0.72337,0.72359,1.75,1.75
2016.04.06 13:13:48.605,0.72337,0.72355,1.12,1.75
2016.04.06 13:13:49.438,0.72337,0.72355,1.00,1.00
2016.04.06 13:13:49.786,0.72334,0.72358,1.75,1.75
2016.04.06 13:13:50.410,0.72335,0.72353,1.50,1.00
2016.04.06 13:13:50.651,0.72339,0.7236,1.50,1.75
2016.04.06 13:13:50.973,0.7234,0.72364,1.75,1.75
2016.04.06 13:13:51.445,0.7234,0.72358,1.00,1.00
2016.04.06 13:13:51.547,0.72337,0.7236,1.75,1.75
2016.04.06 13:13:52.200,0.7234,0.7236,1.75,1.75
2016.04.06 13:13:52.503,0.72344,0.72365,1.75,1.75
2016.04.06 13:13:52.818,0.72342,0.72365,1.75,1.75
2016.04.06 13:13:53.956,0.72345,0.72365,1.50,1.75
2016.04.06 13:13:54.287,0.72343,0.72365,1.75,1.50
2016.04.06 13:13:54.956,0.72343,0.72365,1.75,1.12
2016.04.06 13:13:55.381,0.72351,0.7237,1.12,1.75
2016.04.06 13:13:55.993,0.7235,0.7237,1.75,1.75
2016.04.06 13:13:59.288,0.72351,0.72373,1.75,1.75
2016.04.06 13:13:59.339,0.72355,0.72373,1.00,1.00
2016.04.06 13:13:59.440,0.72355,0.72375,1.75,1.00
2016.04.06 13:14:00.846,0.72357,0.72375,1.50,1.50
2016.04.06 13:14:00.947,0.7236,0.72378,1.00,1.00
2016.04.06 13:14:02.264,0.7236,0.72375,1.00,1.00
2016.04.06 13:14:02.815,0.7236,0.72378,1.00,1.00
2016.04.06 13:14:03.055,0.72356,0.7238,1.75,2.25
2016.04.06 13:14:03.382,0.72359,0.72381,1.75,1.75
2016.04.06 13:14:03.973,0.72355,0.72381,1.75,2.25
2016.04.06 13:14:04.549,0.72355,0.72381,1.75,2.25
2016.04.06 13:14:04.853,0.72354,0.72378,1.75,1.75
2016.04.06 13:14:05.940,0.72354,0.72375,1.75,1.37
2016.04.06 13:14:06.158,0.72352,0.72375,2.25,1.75
2016.04.06 13:14:06.259,0.72352,0.72371,1.75,1.12
2016.04.06 13:14:06.561,0.72351,0.7237,1.00,1.75
2016.04.06 13:14:07.294,0.72349,0.7237,1.50,1.75
2016.04.06 13:14:07.982,0.72348,0.7237,1.75,1.75
2016.04.06 13:14:08.309,0.72348,0.7237,1.12,1.75
2016.04.06 13:14:08.960,0.72347,0.72365,1.75,1.00
2016.04.06 13:14:09.175,0.72347,0.7237,1.75,1.50
2016.04.06 13:14:09.276,0.72347,0.7237,1.75,1.75
2016.04.06 13:14:10.367,0.72349,0.7237,1.12,1.75
2016.04.06 13:14:10.879,0.72349,0.7237,1.50,1.75
2016.04.06 13:14:11.297,0.7235,0.7237,1.75,1.75
2016.04.06 13:14:11.623,0.7235,0.72371,1.00,1.75
2016.04.06 13:14:12.054,0.72346,0.72369,2.25,1.37
2016.04.06 13:14:12.231,0.72349,0.7237,1.75,1.50
2016.04.06 13:14:12.282,0.72349,0.7237,1.75,1.00
2016.04.06 13:14:12.383,0.72352,0.72375,1.75,2.25
2016.04.06 13:14:12.484,0.72352,0.72375,1.75,2.25
2016.04.06 13:14:14.096,0.72349,0.7237,1.75,1.50
2016.04.06 13:14:15.299,0.72351,0.7237,3.00,1.00
2016.04.06 13:14:15.501,0.72354,0.72376,1.75,1.75
2016.04.06 13:14:15.602,0.72354,0.7237,1.75,1.00
2016.04.06 13:14:15.702,0.72356,0.7237,1.00,1.00
2016.04.06 13:14:15.753,0.72356,0.72374,1.00,1.00
2016.04.06 13:14:15.855,0.72356,0.7237,1.00,1.00
2016.04.06 13:14:16.082,0.72356,0.72374,1.00,1.00
2016.04.06 13:14:20.002,0.72354,0.72376,1.75,1.50
2016.04.06 13:14:20.306,0.72356,0.72374,1.00,1.00
2016.04.06 13:14:21.162,0.72355,0.72375,3.00,1.37
2016.04.06 13:14:21.213,0.72356,0.72379,2.25,1.00
2016.04.06 13:14:21.716,0.7236,0.72383,1.75,1.75
2016.04.06 13:14:22.912,0.72359,0.7238,1.75,1.00
2016.04.06 13:14:23.013,0.72361,0.72384,1.75,1.75
2016.04.06 13:14:26.188,0.72362,0.72384,1.75,1.37
2016.04.06 13:14:26.239,0.72362,0.72384,1.75,1.12
2016.04.06 13:14:26.390,0.72363,0.72385,1.75,2.25
2016.04.06 13:14:26.441,0.72363,0.72385,1.75,2.25
2016.04.06 13:14:26.725,0.72362,0.72385,1.75,1.37
2016.04.06 13:14:27.721,0.72361,0.72383,1.75,1.00
2016.04.06 13:14:28.307,0.72361,0.72383,1.75,1.12
2016.04.06 13:14:30.334,0.72362,0.72384,1.75,1.12
2016.04.06 13:14:32.195,0.72361,0.72383,1.75,1.00
2016.04.06 13:14:32.723,0.72364,0.72385,1.75,1.50
2016.04.06 13:14:34.436,0.7236,0.7238,2.25,1.00
2016.04.06 13:14:34.487,0.7236,0.7238,1.75,1.12
2016.04.06 13:14:34.995,0.72365,0.72385,1.00,1.75
2016.04.06 13:14:35.147,0.72362,0.72385,1.75,1.75
2016.04.06 13:14:35.782,0.72366,0.72384,1.00,1.00
2016.04.06 13:14:36.112,0.72362,0.72384,1.75,1.75
2016.04.06 13:14:36.724,0.72362,0.72384,1.75,1.75
2016.04.06 13:14:37.298,0.72358,0.72382,1.75,1.75
2016.04.06 13:14:37.351,0.72358,0.72382,1.75,1.75
2016.04.06 13:14:37.877,0.72361,0.72379,1.00,1.00
2016.04.06 13:14:37.928,0.72357,0.72379,1.75,1.75
2016.04.06 13:14:38.595,0.72355,0.72374,1.75,1.00
2016.04.06 13:14:38.646,0.72352,0.72374,1.75,1.75
2016.04.06 13:14:38.747,0.72352,0.7237,1.50,1.00
2016.04.06 13:14:39.049,0.7235,0.72374,2.25,1.75
2016.04.06 13:14:39.568,0.72351,0.72373,1.75,1.75
2016.04.06 13:14:39.676,0.72353,0.72371,1.00,1.00
2016.04.06 13:14:39.728,0.72351,0.72373,1.75,1.50
2016.04.06 13:14:40.165,0.72352,0.72376,1.75,1.75
2016.04.06 13:14:40.672,0.72351,0.72373,1.75,1.50
2016.04.06 13:14:40.985,0.72352,0.72375,3.00,1.12
2016.04.06 13:14:42.044,0.72355,0.72375,1.75,1.37
2016.04.06 13:14:42.145,0.72354,0.72376,1.75,1.75
2016.04.06 13:14:42.944,0.72354,0.72376,1.00,1.75
2016.04.06 13:14:43.247,0.72351,0.7237,1.75,1.00
2016.04.06 13:14:43.449,0.72357,0.72373,1.00,1.12
2016.04.06 13:14:43.965,0.72351,0.72373,1.75,1.37
2016.04.06 13:14:44.280,0.72351,0.72373,1.75,1.75
2016.04.06 13:14:45.350,0.72351,0.72371,1.00,1.50
2016.04.06 13:14:45.885,0.72347,0.7237,1.75,2.25
2016.04.06 13:14:46.887,0.72347,0.72369,1.75,1.00
2016.04.06 13:14:47.404,0.72347,0.7237,1.75,2.25
2016.04.06 13:14:48.100,0.72349,0.72372,1.75,1.50
2016.04.06 13:14:48.694,0.7235,0.72373,1.75,1.50
2016.04.06 13:14:49.232,0.72352,0.72373,1.75,1.00
2016.04.06 13:14:49.652,0.72352,0.72375,1.75,1.12
2016.04.06 13:14:49.703,0.72357,0.72375,1.00,1.12
2016.04.06 13:14:49.863,0.72352,0.72375,1.75,1.50
2016.04.06 13:14:50.413,0.72352,0.72375,1.75,2.25
2016.04.06 13:14:51.184,0.72352,0.72375,1.75,2.25
2016.04.06 13:14:51.847,0.72352,0.72375,1.75,2.25
2016.04.06 13:14:52.972,0.72355,0.72375,1.00,2.25
2016.04.06 13:14:53.474,0.72351,0.72375,3.75,2.25
2016.04.06 13:14:53.977,0.72354,0.72375,1.75,1.75
2016.04.06 13:14:56.005,0.72355,0.72375,1.75,1.50
2016.04.06 13:14:56.455,0.72355,0.72378,1.12,1.75
2016.04.06 13:14:59.141,0.72354,0.72375,1.00,2.25
2016.04.06 13:14:59.723,0.72349,0.72371,1.75,1.75
2016.04.06 13:15:00.515,0.72348,0.7237,3.00,1.12
2016.04.06 13:15:01.049,0.72347,0.72369,1.75,1.00
2016.04.06 13:15:01.602,0.72348,0.7237,2.25,1.50
2016.04.06 13:15:02.805,0.7235,0.72372,1.75,1.37
2016.04.06 13:15:03.205,0.72353,0.72373,1.00,1.50
2016.04.06 13:15:05.243,0.72352,0.7237,1.00,1.50
2016.04.06 13:15:06.565,0.72351,0.7237,1.00,2.25
2016.04.06 13:15:07.114,0.72347,0.72369,1.75,1.50
2016.04.06 13:15:08.941,0.72348,0.7236,1.75,1.00
2016.04.06 13:15:09.445,0.72345,0.72365,2.25,1.00
2016.04.06 13:15:09.496,0.72349,0.72365,1.00,1.00
2016.04.06 13:15:09.546,0.72344,0.7236,1.75,1.00
2016.04.06 13:15:09.647,0.72339,0.72362,5.25,1.37
2016.04.06 13:15:09.698,0.72339,0.72362,1.75,1.75
2016.04.06 13:15:09.946,0.72336,0.72359,2.25,1.75
2016.04.06 13:15:10.258,0.72337,0.72359,1.75,1.50
2016.04.06 13:15:10.975,0.72337,0.72359,1.75,1.75
2016.04.06 13:15:11.278,0.72337,0.72359,1.75,1.75
2016.04.06 13:15:11.958,0.72336,0.72358,1.75,1.12
2016.04.06 13:15:12.984,0.72336,0.72358,1.75,1.37
2016.04.06 13:15:13.135,0.7234,0.72358,1.00,1.50
2016.04.06 13:15:13.186,0.72336,0.72358,1.75,1.12
2016.04.06 13:15:13.703,0.72339,0.7236,1.75,1.50
2016.04.06 13:15:14.387,0.72338,0.7236,1.75,1.00
2016.04.06 13:15:14.438,0.7234,0.72363,1.75,1.50
2016.04.06 13:15:14.949,0.7234,0.72363,1.75,1.75
2016.04.06 13:15:15.469,0.7234,0.72362,1.75,1.50
2016.04.06 13:15:15.520,0.72342,0.7236,1.00,1.00
2016.04.06 13:15:15.691,0.72339,0.72361,1.75,1.37
2016.04.06 13:15:16.721,0.72344,0.72362,1.00,1.00
2016.04.06 13:15:17.394,0.72344,0.7236,1.00,1.00
2016.04.06 13:15:18.461,0.7234,0.7236,1.75,1.37
2016.04.06 13:15:18.969,0.72341,0.7236,1.75,1.00
2016.04.06 13:15:19.983,0.72343,0.7236,1.00,1.37
2016.04.06 13:15:20.985,0.72337,0.7236,2.25,1.50
2016.04.06 13:15:21.654,0.72337,0.7236,2.25,1.75
2016.04.06 13:15:22.177,0.72339,0.72355,1.75,1.00
2016.04.06 13:15:22.546,0.72341,0.72359,1.00,1.00
2016.04.06 13:15:22.597,0.72339,0.72359,1.75,1.00
2016.04.06 13:15:24.007,0.72338,0.7236,1.75,2.25
2016.04.06 13:15:24.556,0.72338,0.7236,1.75,2.25
2016.04.06 13:15:25.380,0.72339,0.72361,1.50,1.75
2016.04.06 13:15:25.686,0.72339,0.72363,1.75,1.50
2016.04.06 13:15:28.164,0.72344,0.72363,1.00,1.50
2016.04.06 13:15:28.678,0.7234,0.72362,1.75,1.75
2016.04.06 13:15:29.318,0.72342,0.72361,1.00,1.75
2016.04.06 13:15:30.135,0.72339,0.72359,1.75,1.00
2016.04.06 13:15:31.240,0.72341,0.7236,1.75,1.00
2016.04.06 13:15:31.441,0.72341,0.72365,1.75,1.75
2016.04.06 13:15:32.078,0.72341,0.72365,1.75,1.75
2016.04.06 13:15:33.438,0.72343,0.72365,1.75,1.75
2016.04.06 13:15:33.959,0.72347,0.72369,1.50,1.75
2016.04.06 13:15:34.531,0.72347,0.72368,1.00,1.75
2016.04.06 13:15:34.783,0.72339,0.72357,1.00,1.00
2016.04.06 13:15:35.312,0.72337,0.72359,1.75,1.75
2016.04.06 13:15:37.747,0.72339,0.72361,2.25,1.75
2016.04.06 13:15:37.797,0.72339,0.72361,2.25,1.75
2016.04.06 13:15:37.848,0.7234,0.7236,2.25,1.12
2016.04.06 13:15:38.102,0.72345,0.72368,1.75,1.75
2016.04.06 13:15:38.304,0.72345,0.7236,1.75,1.00
2016.04.06 13:15:38.405,0.72345,0.72367,1.75,1.75
2016.04.06 13:15:38.953,0.72341,0.72363,1.75,1.37
2016.04.06 13:15:45.646,0.72343,0.72365,1.75,2.25
2016.04.06 13:15:46.273,0.7234,0.72363,1.75,1.50
2016.04.06 13:15:47.251,0.72341,0.72364,1.75,1.75
2016.04.06 13:15:47.804,0.72344,0.72362,1.00,1.00
2016.04.06 13:15:48.045,0.72337,0.72361,1.75,2.25
2016.04.06 13:15:48.653,0.72337,0.7236,1.75,1.75
2016.04.06 13:15:53.156,0.7234,0.72362,1.75,1.75
2016.04.06 13:15:53.527,0.72345,0.72362,1.00,1.00
2016.04.06 13:15:53.733,0.72342,0.72364,1.75,1.12
2016.04.06 13:15:54.580,0.72341,0.72365,1.75,1.50
2016.04.06 13:15:55.133,0.7234,0.72362,1.75,1.50
2016.04.06 13:15:59.052,0.72348,0.7237,1.37,3.00
2016.04.06 13:15:59.102,0.72347,0.7237,1.75,1.75
2016.04.06 13:15:59.292,0.72347,0.72371,1.75,1.75
2016.04.06 13:15:59.796,0.72348,0.72366,1.50,1.12
2016.04.06 13:16:00.314,0.72348,0.72365,1.75,1.00
2016.04.06 13:16:00.705,0.7235,0.72373,1.75,1.75
2016.04.06 13:16:11.698,0.72343,0.72365,2.25,1.50
2016.04.06 13:16:11.799,0.72342,0.72365,2.10,2.25
2016.04.06 13:16:12.523,0.72348,0.72365,1.12,1.37
2016.04.06 13:16:12.624,0.72348,0.7237,1.50,1.75
2016.04.06 13:16:13.238,0.72348,0.7237,1.75,1.75
2016.04.06 13:16:13.796,0.72347,0.72365,1.75,1.00
2016.04.06 13:16:15.233,0.72345,0.72368,1.75,1.75
2016.04.06 13:16:16.647,0.72348,0.7237,1.75,2.25
2016.04.06 13:16:17.194,0.72347,0.72369,1.75,1.75
2016.04.06 13:16:17.955,0.72349,0.72369,1.00,1.50
2016.04.06 13:16:18.596,0.72347,0.72368,1.75,1.00
2016.04.06 13:16:18.848,0.72347,0.72366,1.50,1.37
2016.04.06 13:16:19.351,0.72347,0.7237,1.50,2.25
2016.04.06 13:16:19.668,0.72351,0.7237,1.37,1.37
2016.04.06 13:16:19.719,0.72351,0.7237,1.75,1.00
2016.04.06 13:16:20.228,0.72349,0.72365,1.75,1.00
2016.04.06 13:16:20.629,0.72349,0.72365,1.75,1.00
2016.04.06 13:16:21.120,0.7235,0.7237,1.75,2.25
2016.04.06 13:16:22.229,0.7235,0.7237,1.75,2.25
2016.04.06 13:16:22.703,0.7235,0.72369,1.12,1.75
2016.04.06 13:16:23.282,0.72347,0.72365,1.75,1.00
2016.04.06 13:16:23.772,0.72347,0.72365,1.50,1.12
2016.04.06 13:16:24.295,0.72347,0.72365,1.00,1.50
2016.04.06 13:16:24.840,0.72346,0.72366,1.50,1.50
2016.04.06 13:16:25.278,0.72349,0.72367,1.00,1.00
2016.04.06 13:16:25.491,0.72349,0.72365,1.00,1.00
2016.04.06 13:16:26.263,0.72349,0.72366,1.00,1.00
2016.04.06 13:16:27.149,0.72349,0.72367,1.00,1.00
2016.04.06 13:16:27.468,0.72349,0.72365,1.50,1.00
2016.04.06 13:16:27.785,0.72346,0.72366,2.10,1.00
2016.04.06 13:16:28.172,0.72347,0.72366,1.75,1.37
2016.04.06 13:16:28.273,0.72348,0.72366,1.00,1.50
2016.04.06 13:16:29.253,0.72347,0.72366,1.50,1.50
2016.04.06 13:16:30.348,0.72346,0.7236,1.00,1.00
2016.04.06 13:16:30.550,0.72342,0.7236,1.35,1.12
2016.04.06 13:16:31.146,0.72342,0.72361,1.35,1.00
2016.04.06 13:16:31.197,0.72344,0.72365,1.75,1.37
2016.04.06 13:16:31.248,0.72342,0.72364,1.75,1.37
2016.04.06 13:16:31.808,0.7234,0.72363,3.00,1.00
2016.04.06 13:16:32.481,0.7234,0.72364,3.00,1.50
2016.04.06 13:16:33.057,0.72346,0.72364,1.00,1.50
2016.04.06 13:16:33.460,0.72341,0.72364,3.00,1.12
2016.04.06 13:16:33.906,0.72341,0.72364,1.75,1.75
2016.04.06 13:16:36.022,0.7234,0.72362,4.50,1.00
2016.04.06 13:16:36.275,0.72345,0.72363,1.00,1.00
2016.04.06 13:16:36.589,0.72341,0.72365,1.75,2.25
2016.04.06 13:16:36.741,0.7234,0.7236,1.75,1.50
2016.04.06 13:16:36.943,0.72344,0.72362,1.00,1.00
2016.04.06 13:16:37.181,0.72344,0.7236,1.00,1.00
2016.04.06 13:16:37.842,0.72338,0.7236,2.10,1.50
2016.04.06 13:16:38.162,0.72338,0.7236,1.75,2.25
2016.04.06 13:16:38.402,0.72338,0.72356,1.00,1.00
2016.04.06 13:16:38.503,0.72334,0.72356,1.75,1.75
2016.04.06 13:16:39.102,0.72334,0.72356,1.75,1.75
2016.04.06 13:16:39.671,0.72332,0.72355,1.75,1.75
2016.04.06 13:16:39.994,0.72331,0.7235,1.75,1.50
2016.04.06 13:16:40.296,0.72332,0.72355,1.75,2.25
2016.04.06 13:16:40.691,0.72332,0.72355,1.75,1.75
2016.04.06 13:16:41.315,0.72334,0.72356,1.75,1.75
2016.04.06 13:16:43.032,0.72333,0.72355,1.75,2.25
2016.04.06 13:16:43.653,0.72335,0.72353,1.00,1.50
2016.04.06 13:16:47.941,0.72331,0.72352,1.75,1.00
2016.04.06 13:16:48.608,0.72332,0.72353,1.75,1.00
2016.04.06 13:16:48.950,0.72335,0.72358,1.75,1.75
2016.04.06 13:16:49.599,0.72334,0.72356,1.75,1.75
2016.04.06 13:16:53.535,0.72334,0.72357,1.50,1.75
2016.04.06 13:16:53.902,0.72334,0.72357,1.75,1.75
2016.04.06 13:16:55.238,0.72336,0.72354,1.00,1.00
2016.04.06 13:16:56.357,0.72335,0.72354,1.75,1.00
2016.04.06 13:16:56.872,0.72335,0.72358,1.75,1.75
2016.04.06 13:16:57.605,0.72338,0.72356,1.00,1.00
2016.04.06 13:16:58.545,0.72336,0.72359,3.00,1.50
2016.04.06 13:16:58.595,0.72336,0.72359,3.00,1.12
2016.04.06 13:16:58.646,0.7234,0.72355,1.75,1.00
2016.04.06 13:16:58.998,0.72337,0.72359,1.75,1.50
2016.04.06 13:16:59.533,0.72336,0.72356,1.75,1.00
2016.04.06 13:17:00.047,0.72339,0.7236,1.50,1.75
2016.04.06 13:17:02.601,0.72336,0.72355,1.75,1.00
2016.04.06 13:17:03.130,0.72335,0.72355,2.25,1.00
2016.04.06 13:17:03.282,0.72336,0.72358,1.75,1.12
2016.04.06 13:17:03.333,0.72337,0.72359,3.00,1.12
2016.04.06 13:17:03.983,0.72337,0.72359,1.75,1.50
2016.04.06 13:17:04.034,0.72337,0.72355,1.75,1.00
2016.04.06 13:17:04.166,0.72337,0.72359,1.75,1.75
2016.04.06 13:17:04.774,0.7234,0.72358,1.00,1.00
2016.04.06 13:17:07.452,0.72338,0.7236,1.75,2.25
2016.04.06 13:17:07.611,0.72341,0.72359,1.00,1.00
2016.04.06 13:17:07.661,0.72336,0.72359,3.00,1.00
2016.04.06 13:17:08.241,0.72336,0.7236,1.75,1.50
2016.04.06 13:17:10.685,0.72338,0.7236,1.75,1.50
2016.04.06 13:17:10.987,0.72334,0.72355,1.75,1.12
2016.04.06 13:17:11.777,0.72338,0.72355,1.00,1.87
2016.04.06 13:17:13.306,0.72331,0.72355,1.75,2.25
2016.04.06 13:17:13.836,0.72331,0.72355,1.75,1.75
2016.04.06 13:17:14.188,0.72331,0.72355,3.00,1.50
2016.04.06 13:17:15.336,0.72333,0.72355,1.75,1.75
2016.04.06 13:17:16.114,0.72333,0.72355,1.75,1.75
2016.04.06 13:17:16.413,0.72335,0.72357,1.75,1.75
2016.04.06 13:17:17.195,0.72338,0.72355,1.00,1.00
2016.04.06 13:17:17.269,0.72335,0.72355,1.75,1.37
2016.04.06 13:17:17.801,0.72334,0.72355,1.75,1.75
2016.04.06 13:17:18.109,0.72333,0.72355,1.75,1.87
2016.04.06 13:17:18.793,0.72334,0.72355,1.75,1.50
2016.04.06 13:17:19.103,0.72334,0.72355,1.50,1.50
2016.04.06 13:17:19.154,0.72334,0.72352,1.50,1.00
2016.04.06 13:17:20.259,0.72333,0.72355,1.50,1.75
2016.04.06 13:17:20.665,0.72329,0.7235,2.25,1.50
2016.04.06 13:17:20.716,0.72328,0.7235,1.75,2.25
2016.04.06 13:17:20.817,0.72329,0.72347,1.50,1.00
2016.04.06 13:17:21.075,0.72329,0.72352,1.50,1.75
2016.04.06 13:17:21.284,0.72334,0.72355,1.75,1.75
2016.04.06 13:17:21.514,0.72334,0.72352,1.00,1.00
2016.04.06 13:17:21.565,0.7233,0.72354,1.75,1.75
2016.04.06 13:17:21.615,0.72331,0.72349,1.00,1.00
2016.04.06 13:17:26.622,0.72334,0.72349,1.00,1.00
2016.04.06 13:17:27.106,0.72331,0.72353,1.75,1.75
2016.04.06 13:17:28.879,0.72331,0.72353,1.37,1.75
2016.04.06 13:17:28.930,0.7233,0.7235,2.25,1.50
2016.04.06 13:17:29.564,0.7233,0.72345,1.50,1.00
2016.04.06 13:17:32.312,0.7233,0.7235,1.50,2.25
2016.04.06 13:17:32.542,0.72326,0.72345,2.85,1.00
2016.04.06 13:17:32.972,0.7233,0.7235,1.50,2.25
2016.04.06 13:17:33.455,0.7233,0.7235,1.12,2.25
2016.04.06 13:17:35.066,0.7233,0.72349,1.50,1.75
2016.04.06 13:17:35.718,0.72325,0.72346,1.35,1.00
2016.04.06 13:17:36.021,0.7233,0.72349,1.75,1.12
2016.04.06 13:17:36.434,0.7233,0.7235,2.10,1.00
2016.04.06 13:17:36.536,0.7233,0.7235,2.10,1.12
2016.04.06 13:17:37.284,0.7233,0.72349,2.10,1.00
2016.04.06 13:17:37.423,0.7233,0.72349,2.10,1.75
2016.04.06 13:17:38.320,0.7233,0.7235,1.75,2.25
2016.04.06 13:17:39.286,0.72325,0.72345,5.25,1.00
2016.04.06 13:17:39.387,0.72332,0.7235,1.00,2.25
2016.04.06 13:17:41.041,0.72332,0.7235,1.00,1.50
2016.04.06 13:17:41.322,0.7233,0.7235,1.75,1.00
2016.04.06 13:17:41.830,0.72329,0.72351,1.75,1.12
2016.04.06 13:17:42.331,0.7233,0.7235,1.75,1.00
2016.04.06 13:17:48.407,0.72328,0.7234,2.25,1.00
2016.04.06 13:17:48.458,0.72324,0.7234,2.25,1.00
2016.04.06 13:17:48.509,0.72324,0.7235,2.25,2.25
2016.04.06 13:17:48.761,0.72325,0.72349,3.75,1.50
2016.04.06 13:17:48.967,0.72332,0.7235,1.00,2.25
2016.04.06 13:17:49.494,0.72332,0.72349,1.00,1.00
2016.04.06 13:17:50.251,0.72325,0.72349,1.75,1.50
2016.04.06 13:17:50.637,0.72325,0.72351,3.75,1.50
2016.04.06 13:17:51.349,0.72325,0.7235,4.50,2.25
2016.04.06 13:17:53.334,0.72326,0.72345,2.25,1.00
2016.04.06 13:17:53.435,0.72327,0.72348,2.25,1.00
2016.04.06 13:17:54.042,0.72326,0.72349,3.75,1.12
2016.04.06 13:17:55.140,0.72326,0.72349,3.75,1.50
2016.04.06 13:17:55.191,0.72324,0.72349,3.00,1.75
2016.04.06 13:17:55.758,0.72324,0.72349,1.75,1.75
2016.04.06 13:17:56.340,0.72324,0.72348,1.75,1.75
2016.04.06 13:17:56.860,0.72324,0.72346,1.75,1.00
2016.04.06 13:17:56.962,0.72324,0.72348,1.75,1.75
2016.04.06 13:17:59.149,0.72321,0.72346,2.25,1.50
2016.04.06 13:17:59.200,0.72326,0.72344,1.00,1.00
2016.04.06 13:18:00.162,0.72321,0.72346,2.25,1.75
2016.04.06 13:18:03.213,0.7232,0.72346,3.75,1.75
2016.04.06 13:18:03.773,0.72321,0.72345,2.25,1.50
2016.04.06 13:18:03.975,0.7232,0.72344,2.25,1.12
2016.04.06 13:18:05.253,0.7232,0.72346,3.75,1.75
2016.04.06 13:18:05.784,0.72321,0.72345,2.25,1.50
2016.04.06 13:18:06.492,0.72321,0.72345,2.25,1.12
2016.04.06 13:18:09.808,0.72323,0.72345,2.25,1.00
2016.04.06 13:18:10.364,0.72321,0.72345,2.25,1.12
2016.04.06 13:18:12.760,0.7232,0.72345,2.25,1.75
2016.04.06 13:18:13.062,0.72327,0.72347,1.75,1.37
2016.04.06 13:18:13.113,0.72327,0.72347,1.75,1.00
2016.04.06 13:18:13.382,0.7233,0.72352,1.75,1.75
2016.04.06 13:18:14.040,0.72326,0.72351,2.25,1.75
2016.04.06 13:18:15.102,0.7233,0.72352,1.75,1.50
2016.04.06 13:18:15.414,0.72331,0.72354,1.75,1.37
2016.04.06 13:18:16.012,0.72331,0.72354,3.00,1.12
2016.04.06 13:18:16.314,0.72333,0.72355,2.25,1.00
2016.04.06 13:18:16.970,0.72339,0.72355,1.00,1.00
2016.04.06 13:18:18.767,0.72331,0.72355,3.00,1.37
2016.04.06 13:18:18.918,0.7233,0.72353,2.25,1.50
2016.04.06 13:18:20.420,0.72332,0.72355,2.25,1.50
2016.04.06 13:18:20.993,0.72331,0.72355,3.00,1.12
2016.04.06 13:18:21.942,0.72332,0.72355,1.75,1.37
2016.04.06 13:18:26.015,0.72335,0.72356,1.75,1.50
2016.04.06 13:18:26.234,0.72338,0.72358,1.00,2.25
2016.04.06 13:18:26.764,0.7233,0.72354,2.85,1.50
2016.04.06 13:18:28.605,0.72332,0.72356,2.25,1.12
2016.04.06 13:18:28.908,0.72335,0.72355,3.00,1.00
2016.04.06 13:18:29.009,0.7234,0.7236,1.75,2.25
2016.04.06 13:18:29.110,0.72335,0.72355,3.00,1.00
2016.04.06 13:18:29.432,0.72335,0.72355,1.75,1.00
2016.04.06 13:18:30.438,0.72335,0.72355,2.85,1.00
2016.04.06 13:18:31.075,0.72336,0.72355,2.25,1.00
2016.04.06 13:18:31.125,0.7234,0.7236,1.75,2.25
2016.04.06 13:18:31.441,0.72336,0.72355,2.85,1.00
2016.04.06 13:18:31.743,0.72335,0.72354,1.75,1.00
2016.04.06 13:18:32.395,0.72335,0.72355,1.75,1.50
2016.04.06 13:18:32.942,0.72333,0.72354,2.25,1.00
2016.04.06 13:18:33.146,0.72329,0.72347,1.00,1.00
2016.04.06 13:18:33.593,0.72327,0.72353,1.75,1.75
2016.04.06 13:18:34.144,0.72333,0.72348,1.00,1.00
2016.04.06 13:18:34.886,0.72323,0.72348,3.00,1.50
2016.04.06 13:18:36.595,0.7233,0.72348,1.00,1.50
2016.04.06 13:18:36.797,0.72325,0.72348,2.25,1.12
2016.04.06 13:18:37.319,0.72325,0.72348,2.25,1.00
2016.04.06 13:18:38.179,0.72332,0.72348,1.00,1.12
2016.04.06 13:18:39.101,0.72325,0.72347,2.25,1.00
2016.04.06 13:18:40.001,0.72327,0.72347,2.25,1.00
2016.04.06 13:18:40.303,0.72331,0.72347,3.00,1.00
2016.04.06 13:18:40.759,0.72331,0.72353,3.75,1.00
2016.04.06 13:18:40.860,0.72335,0.72353,1.00,1.50
2016.04.06 13:18:40.911,0.72335,0.72351,1.00,1.12
2016.04.06 13:18:41.213,0.72326,0.72347,2.25,1.00
2016.04.06 13:18:43.111,0.72326,0.72347,2.85,1.00
2016.04.06 13:18:43.313,0.72326,0.72349,2.85,1.00
2016.04.06 13:18:43.911,0.72326,0.7235,2.85,1.12
2016.04.06 13:18:46.787,0.72325,0.7235,2.25,1.37
2016.04.06 13:18:46.888,0.72329,0.72348,1.00,2.25
2016.04.06 13:18:47.241,0.72321,0.7234,2.25,1.00
2016.04.06 13:18:47.292,0.72315,0.7234,2.85,1.50
2016.04.06 13:18:47.393,0.72318,0.7234,2.25,1.37
2016.04.06 13:18:47.595,0.72318,0.72342,2.25,1.50
2016.04.06 13:18:47.796,0.72316,0.7234,1.75,1.12
2016.04.06 13:18:47.997,0.72317,0.72341,2.25,1.50
2016.04.06 13:18:48.585,0.72319,0.72343,2.25,1.50
2016.04.06 13:18:48.686,0.72319,0.72343,2.25,1.12
2016.04.06 13:18:50.448,0.72319,0.72342,2.25,1.00
2016.04.06 13:18:50.699,0.7232,0.72339,2.25,1.12
2016.04.06 13:18:50.800,0.72317,0.72339,1.75,1.12
2016.04.06 13:18:54.820,0.72317,0.7234,2.25,1.12
2016.04.06 13:18:55.179,0.72326,0.72346,2.25,1.00
2016.04.06 13:18:55.688,0.72326,0.72345,2.25,1.00
2016.04.06 13:18:55.863,0.72327,0.72349,2.25,1.00
2016.04.06 13:18:55.964,0.72326,0.72349,2.25,1.37
2016.04.06 13:18:56.015,0.72324,0.72349,3.75,1.75
2016.04.06 13:18:56.449,0.72322,0.72344,2.25,1.00
2016.04.06 13:18:56.499,0.7232,0.72344,3.00,1.00
2016.04.06 13:18:57.035,0.7232,0.72345,2.25,1.12
2016.04.06 13:18:57.638,0.72323,0.72348,2.25,1.75
2016.04.06 13:18:58.084,0.72323,0.72348,3.60,1.12
2016.04.06 13:18:58.134,0.72326,0.72349,2.25,1.00
2016.04.06 13:18:58.495,0.72328,0.72351,2.25,1.12
2016.04.06 13:18:59.156,0.72328,0.72348,2.25,1.00
2016.04.06 13:18:59.308,0.72325,0.72348,2.25,1.12
2016.04.06 13:18:59.849,0.72326,0.72348,2.25,1.00
2016.04.06 13:19:00.647,0.72325,0.72348,3.75,1.12
2016.04.06 13:19:01.148,0.72325,0.72348,2.25,1.12
2016.04.06 13:19:02.650,0.72326,0.72349,3.75,1.50
2016.04.06 13:19:03.405,0.72329,0.72352,2.25,1.12
2016.04.06 13:19:03.966,0.72328,0.72352,3.75,1.50
2016.04.06 13:19:05.198,0.7233,0.72352,2.25,1.00
2016.04.06 13:19:05.723,0.7233,0.72351,2.25,1.00
2016.04.06 13:19:06.258,0.7233,0.72352,2.25,1.00
2016.04.06 13:19:06.580,0.72329,0.72352,2.25,1.37
2016.04.06 13:19:06.631,0.72326,0.7235,2.25,1.12
2016.04.06 13:19:06.783,0.72328,0.72349,2.25,1.00
2016.04.06 13:19:06.834,0.72328,0.72352,2.25,1.12
2016.04.06 13:19:07.036,0.72333,0.72351,1.00,1.50
2016.04.06 13:19:07.088,0.72328,0.72351,1.35,1.50
2016.04.06 13:19:07.480,0.7233,0.72352,2.25,1.00
2016.04.06 13:19:07.951,0.72328,0.72352,1.35,1.37
2016.04.06 13:19:08.204,0.72329,0.72352,2.25,1.00
2016.04.06 13:19:08.305,0.7233,0.72353,2.25,1.12
2016.04.06 13:19:08.836,0.72329,0.72354,3.00,1.75
2016.04.06 13:19:11.222,0.72328,0.72352,1.35,1.75
2016.04.06 13:19:11.552,0.72335,0.72352,1.00,1.00
2016.04.06 13:19:12.075,0.7233,0.72352,2.25,1.12
2016.04.06 13:19:12.581,0.72329,0.72352,3.75,1.12
2016.04.06 13:19:13.110,0.72328,0.72352,5.10,1.37
2016.04.06 13:19:13.262,0.7233,0.72352,2.25,1.12
2016.04.06 13:19:13.793,0.7233,0.72351,2.25,1.00
2016.04.06 13:19:14.064,0.72328,0.7235,1.35,1.12
2016.04.06 13:19:14.215,0.72328,0.7235,2.85,1.00
2016.04.06 13:19:14.734,0.72328,0.72352,2.85,1.50
2016.04.06 13:19:15.330,0.7233,0.72352,3.75,1.00
2016.04.06 13:19:15.583,0.7233,0.72354,4.50,1.12
2016.04.06 13:19:15.684,0.72332,0.72354,2.25,1.00
2016.04.06 13:19:15.887,0.72333,0.72356,3.75,1.00
2016.04.06 13:19:16.039,0.72334,0.72357,2.25,1.37
2016.04.06 13:19:17.891,0.72342,0.72355,1.00,1.00
2016.04.06 13:19:18.188,0.72331,0.72354,3.75,1.12
2016.04.06 13:19:18.739,0.72332,0.72355,2.25,1.50
2016.04.06 13:19:20.004,0.72332,0.72354,2.25,1.00
2016.04.06 13:19:20.834,0.72338,0.72354,1.00,1.00
2016.04.06 13:19:20.935,0.72333,0.72354,2.25,1.00
2016.04.06 13:19:21.724,0.72331,0.72354,4.35,1.00
2016.04.06 13:19:21.942,0.72331,0.72354,2.10,1.50
2016.04.06 13:19:22.142,0.72331,0.72354,3.60,1.37
2016.04.06 13:19:22.792,0.72339,0.72354,1.00,1.00
2016.04.06 13:19:23.312,0.72333,0.72355,1.75,2.25
2016.04.06 13:19:23.711,0.72335,0.72353,1.00,1.50
2016.04.06 13:19:23.812,0.72331,0.72353,2.85,1.12
2016.04.06 13:19:24.598,0.72332,0.72354,1.75,1.37
2016.04.06 13:19:24.648,0.72332,0.72354,1.75,1.12
2016.04.06 13:19:25.452,0.72332,0.72354,1.75,1.00
2016.04.06 13:19:26.015,0.72332,0.72354,1.75,1.12
2016.04.06 13:19:27.950,0.72331,0.72353,3.60,1.00
2016.04.06 13:19:28.051,0.72334,0.72352,1.00,1.00
2016.04.06 13:19:28.101,0.72331,0.72355,1.75,1.75
2016.04.06 13:19:28.612,0.72331,0.72356,1.75,1.75
2016.04.06 13:19:28.978,0.72334,0.72356,1.75,1.37
2016.04.06 13:19:29.029,0.72336,0.72358,1.75,1.75
2016.04.06 13:19:36.176,0.7234,0.72354,1.00,1.00
2016.04.06 13:19:36.378,0.72333,0.72353,1.35,1.00
2016.04.06 13:19:37.261,0.72329,0.72352,2.10,1.87
2016.04.06 13:19:37.361,0.72329,0.72352,2.10,1.75
2016.04.06 13:19:37.883,0.72329,0.72354,4.50,1.50
2016.04.06 13:19:37.984,0.72332,0.72355,1.75,1.87
2016.04.06 13:19:38.398,0.72332,0.72353,2.25,1.00
2016.04.06 13:19:38.851,0.72331,0.72353,1.75,1.00
2016.04.06 13:19:39.132,0.72333,0.72355,2.85,1.00
2016.04.06 13:19:39.233,0.72333,0.72357,2.10,1.12
2016.04.06 13:19:39.283,0.72334,0.72357,2.25,1.37
2016.04.06 13:19:39.813,0.72334,0.72355,2.25,1.00
2016.04.06 13:19:40.120,0.72332,0.72355,4.50,1.12
2016.04.06 13:19:40.222,0.72332,0.72355,1.75,1.12
2016.04.06 13:19:40.272,0.72332,0.72355,1.75,1.37
2016.04.06 13:19:40.959,0.7233,0.72352,3.00,1.00
2016.04.06 13:19:41.796,0.7233,0.72353,3.00,1.12
2016.04.06 13:19:42.707,0.7233,0.72353,1.75,1.75
2016.04.06 13:19:43.000,0.72331,0.72353,1.75,1.12
2016.04.06 13:19:43.202,0.72332,0.72354,1.75,1.12
2016.04.06 13:19:43.548,0.72334,0.72352,1.00,1.50
2016.04.06 13:19:44.852,0.7234,0.7236,1.75,1.50
2016.04.06 13:19:45.181,0.7234,0.72364,1.75,1.75
2016.04.06 13:19:50.623,0.72342,0.72364,1.75,1.50
2016.04.06 13:19:51.128,0.72342,0.72364,1.75,1.12
2016.04.06 13:19:51.805,0.72341,0.72365,1.75,1.50
2016.04.06 13:19:52.108,0.72343,0.72365,1.75,1.37
2016.04.06 13:19:52.426,0.72341,0.72364,1.75,1.75
2016.04.06 13:19:53.208,0.72343,0.72365,1.50,1.75
2016.04.06 13:19:53.259,0.72343,0.72366,1.75,1.75
2016.04.06 13:19:53.535,0.72341,0.72363,1.75,1.12
2016.04.06 13:19:53.597,0.72341,0.72363,1.75,1.37
2016.04.06 13:19:57.462,0.72339,0.7236,1.75,1.50
2016.04.06 13:19:57.513,0.72339,0.7236,1.75,1.50
2016.04.06 13:19:57.916,0.72336,0.72358,1.75,1.37
2016.04.06 13:19:57.967,0.72334,0.72356,1.75,1.75
2016.04.06 13:19:59.233,0.72332,0.72357,1.75,1.75
2016.04.06 13:19:59.334,0.72332,0.72357,1.75,1.50
2016.04.06 13:20:00.032,0.72337,0.72359,1.75,1.37
2016.04.06 13:20:00.135,0.72335,0.72359,2.25,1.37
2016.04.06 13:20:00.236,0.72335,0.72359,1.75,1.50
2016.04.06 13:20:00.763,0.72337,0.72359,1.75,1.75
2016.04.06 13:20:01.135,0.72337,0.72359,1.75,1.75
2016.04.06 13:20:01.665,0.72335,0.72358,1.75,1.75
2016.04.06 13:20:02.309,0.72334,0.72357,1.75,1.75
2016.04.06 13:20:03.533,0.72333,0.72354,1.75,1.00
2016.04.06 13:20:05.044,0.72333,0.72355,1.75,1.12
2016.04.06 13:20:05.594,0.72334,0.72356,1.75,1.12
2016.04.06 13:20:06.145,0.72333,0.72355,1.75,1.00
2016.04.06 13:20:06.779,0.72332,0.72353,2.25,1.00
2016.04.06 13:20:07.849,0.72331,0.72353,3.00,1.00
2016.04.06 13:20:08.089,0.72331,0.72353,1.75,1.00
2016.04.06 13:20:10.161,0.72332,0.72353,2.25,1.00
2016.04.06 13:20:10.979,0.72332,0.72354,3.00,1.00
2016.04.06 13:20:11.517,0.72332,0.72353,2.25,1.00
2016.04.06 13:20:11.809,0.72331,0.72353,1.75,1.12
2016.04.06 13:20:16.877,0.72332,0.72356,1.75,1.75
2016.04.06 13:20:16.978,0.72333,0.72356,2.25,1.12
2016.04.06 13:20:17.309,0.72335,0.72357,1.75,1.75
2016.04.06 13:20:17.919,0.72335,0.72357,1.50,1.75
2016.04.06 13:20:18.469,0.72333,0.72358,1.75,1.75
2016.04.06 13:20:19.397,0.72335,0.72358,1.75,1.75
2016.04.06 13:20:20.201,0.72335,0.72358,1.75,1.75
2016.04.06 13:20:20.503,0.72334,0.72356,1.75,1.75
2016.04.06 13:20:20.609,0.72334,0.72356,1.75,1.12
2016.04.06 13:20:20.710,0.72337,0.72356,1.35,1.00
2016.04.06 13:20:21.127,0.72341,0.72356,2.25,1.00
2016.04.06 13:20:21.465,0.7235,0.72356,1.00,1.00
2016.04.06 13:20:21.516,0.7235,0.72368,1.00,1.00
2016.04.06 13:20:23.428,0.72348,0.7237,1.75,2.25
2016.04.06 13:20:24.128,0.72349,0.72367,1.00,1.00
2016.04.06 13:20:24.925,0.72345,0.72368,2.25,1.50
2016.04.06 13:20:25.375,0.72351,0.72369,1.00,1.50
2016.04.06 13:20:25.829,0.72348,0.72369,1.75,1.00
2016.04.06 13:20:28.475,0.72349,0.72371,1.75,1.50
2016.04.06 13:20:28.797,0.7235,0.72371,1.75,1.00
2016.04.06 13:20:30.378,0.72349,0.72372,2.25,1.12
2016.04.06 13:20:33.025,0.72349,0.72373,3.00,1.12
2016.04.06 13:20:34.557,0.7235,0.72372,1.75,1.00
2016.04.06 13:20:35.077,0.72355,0.72373,1.50,1.50
2016.04.06 13:20:35.379,0.72356,0.72378,1.75,1.50
2016.04.06 13:20:37.681,0.72356,0.72378,1.75,1.75
2016.04.06 13:20:37.731,0.72356,0.72378,1.75,1.75
2016.04.06 13:20:39.421,0.72353,0.72375,1.75,1.50
2016.04.06 13:20:39.472,0.72353,0.72375,1.75,1.75
2016.04.06 13:20:39.993,0.72351,0.72373,1.75,1.50
2016.04.06 13:20:40.424,0.72356,0.72378,1.50,1.37
2016.04.06 13:20:40.476,0.72356,0.72378,1.75,1.37
2016.04.06 13:20:40.678,0.72355,0.72378,1.75,1.75
2016.04.06 13:20:41.004,0.72355,0.72378,1.50,1.75
2016.04.06 13:20:41.869,0.72353,0.72371,1.75,1.00
2016.04.06 13:20:41.970,0.72347,0.72371,3.00,2.25
2016.04.06 13:20:43.096,0.72347,0.72369,2.25,1.00
2016.04.06 13:20:43.197,0.72346,0.72369,1.75,1.50
2016.04.06 13:20:43.713,0.72349,0.72371,1.75,2.25
2016.04.06 13:20:44.462,0.7235,0.72371,1.75,1.12
2016.04.06 13:20:46.324,0.72354,0.72375,1.75,1.75
2016.04.06 13:20:46.872,0.72356,0.72374,1.00,1.00
2016.04.06 13:20:48.626,0.72354,0.72376,1.75,1.75
2016.04.06 13:20:49.297,0.72355,0.72377,1.75,1.75
2016.04.06 13:20:49.685,0.72355,0.72375,1.37,1.75
2016.04.06 13:20:50.188,0.72352,0.72375,1.75,1.75
2016.04.06 13:20:51.298,0.72353,0.72375,2.25,1.12
2016.04.06 13:20:51.600,0.72356,0.72378,1.75,1.37
2016.04.06 13:20:51.920,0.72358,0.7238,1.75,2.25
2016.04.06 13:20:52.960,0.72355,0.72378,3.00,1.00
2016.04.06 13:20:53.011,0.72355,0.72378,1.75,1.37
2016.04.06 13:20:53.313,0.72359,0.72377,1.00,1.00
2016.04.06 13:20:53.364,0.72355,0.72378,2.25,1.75
2016.04.06 13:20:53.726,0.72354,0.72376,3.00,1.00
2016.04.06 13:20:55.067,0.72356,0.72378,1.75,1.37
2016.04.06 13:20:55.606,0.72356,0.72378,1.75,1.12
2016.04.06 13:20:55.923,0.72359,0.72379,2.25,1.00
2016.04.06 13:20:56.125,0.72357,0.72379,3.75,1.00
2016.04.06 13:20:56.685,0.72358,0.72381,1.75,1.37
2016.04.06 13:20:57.226,0.72357,0.72379,4.50,1.00
2016.04.06 13:20:58.427,0.72358,0.7238,1.75,1.12
2016.04.06 13:20:59.785,0.7236,0.72382,1.75,1.37
2016.04.06 13:20:59.835,0.7236,0.72382,3.00,1.00
2016.04.06 13:21:01.679,0.7236,0.72382,3.00,1.37
2016.04.06 13:21:01.729,0.72358,0.72381,1.75,1.50
2016.04.06 13:21:04.375,0.7236,0.72382,1.75,1.37
2016.04.06 13:21:04.476,0.7236,0.72382,1.75,1.12
2016.04.06 13:21:05.036,0.72358,0.7238,1.75,1.12
2016.04.06 13:21:05.346,0.72358,0.72375,1.75,1.00
2016.04.06 13:21:06.031,0.72356,0.72375,1.75,1.00
2016.04.06 13:21:06.832,0.72355,0.72375,3.75,1.00
2016.04.06 13:21:06.933,0.72355,0.72375,1.75,1.12
2016.04.06 13:21:06.984,0.72355,0.72375,1.37,1.50
2016.04.06 13:21:07.035,0.72352,0.7237,1.75,1.00
2016.04.06 13:21:07.136,0.7235,0.72372,1.75,1.12
2016.04.06 13:21:07.722,0.72355,0.72373,1.00,1.50
2016.04.06 13:21:08.971,0.72351,0.72373,1.75,1.50
2016.04.06 13:21:09.505,0.72349,0.72371,1.75,1.12
2016.04.06 13:21:09.874,0.72347,0.72369,3.00,1.00
2016.04.06 13:21:10.400,0.72347,0.72368,2.25,1.00
2016.04.06 13:21:10.790,0.72347,0.72365,2.25,1.00
2016.04.06 13:21:10.840,0.72345,0.72365,2.25,1.00
2016.04.06 13:21:10.891,0.72345,0.72367,2.25,1.12
2016.04.06 13:21:10.992,0.72345,0.72365,2.25,1.00
2016.04.06 13:21:11.536,0.72345,0.72365,3.75,1.00
2016.04.06 13:21:12.973,0.7235,0.7237,1.50,2.25
2016.04.06 13:21:13.177,0.72348,0.72365,1.75,1.00
2016.04.06 13:21:14.067,0.72349,0.72371,1.75,1.75
2016.04.06 13:21:16.081,0.72349,0.72371,1.75,1.75
2016.04.06 13:21:16.486,0.72347,0.72365,4.50,1.00
2016.04.06 13:21:16.688,0.72348,0.72365,1.75,1.00
2016.04.06 13:21:16.789,0.72348,0.7237,1.75,1.50
2016.04.06 13:21:18.197,0.7235,0.7237,1.75,1.00
2016.04.06 13:21:18.298,0.7235,0.7237,2.25,1.00
2016.04.06 13:21:18.399,0.72356,0.72377,1.00,1.75
2016.04.06 13:21:18.846,0.72358,0.72383,1.75,1.75
2016.04.06 13:21:18.946,0.72361,0.72383,1.12,1.75
2016.04.06 13:21:22.407,0.72358,0.72381,1.75,1.50
2016.04.06 13:21:22.918,0.72358,0.72381,1.75,1.50
2016.04.06 13:21:24.118,0.72362,0.72384,1.75,1.37
2016.04.06 13:21:24.219,0.72366,0.72388,1.75,1.50
2016.04.06 13:21:24.320,0.7237,0.72388,1.00,1.50
2016.04.06 13:21:25.976,0.7237,0.72386,1.00,1.00
2016.04.06 13:21:26.633,0.72363,0.72386,3.00,1.37
2016.04.06 13:21:26.734,0.72362,0.72385,1.75,1.50
2016.04.06 13:21:28.732,0.72361,0.72384,2.25,1.50
2016.04.06 13:21:29.265,0.72359,0.72382,2.25,1.12
2016.04.06 13:21:29.795,0.72363,0.72381,1.00,1.50
2016.04.06 13:21:30.136,0.72357,0.72375,1.75,1.00
2016.04.06 13:21:30.338,0.72349,0.72371,1.75,1.00
2016.04.06 13:21:30.601,0.72349,0.72366,1.75,1.00
2016.04.06 13:21:30.651,0.7234,0.7236,1.75,1.00
2016.04.06 13:21:30.702,0.72342,0.7236,1.00,1.00
2016.04.06 13:21:31.340,0.7234,0.72363,1.75,1.75
2016.04.06 13:21:31.699,0.72343,0.72368,1.75,1.75
2016.04.06 13:21:33.508,0.72345,0.72363,1.00,1.00
2016.04.06 13:21:41.877,0.72345,0.72368,1.12,3.00
2016.04.06 13:21:42.198,0.72338,0.72363,1.75,1.75
2016.04.06 13:21:43.535,0.72338,0.72363,1.75,3.00
2016.04.06 13:21:45.302,0.72335,0.72359,2.25,1.75
2016.04.06 13:21:45.353,0.72335,0.72353,1.50,1.00
2016.04.06 13:21:45.504,0.72331,0.72355,1.75,1.75
2016.04.06 13:21:45.837,0.7233,0.72355,2.25,2.25
2016.04.06 13:21:47.387,0.72332,0.7235,1.00,1.00
2016.04.06 13:21:52.688,0.72331,0.72354,1.75,1.75
2016.04.06 13:21:53.191,0.72336,0.72355,1.00,2.25
2016.04.06 13:21:53.498,0.72336,0.7236,1.75,1.75
2016.04.06 13:21:53.827,0.7234,0.7236,1.50,1.50
2016.04.06 13:21:53.878,0.72342,0.7236,1.00,1.50
2016.04.06 13:21:54.080,0.72341,0.7236,1.75,1.12
2016.04.06 13:21:54.181,0.72345,0.72365,2.25,1.75
2016.04.06 13:21:54.701,0.72343,0.7236,1.75,1.00
2016.04.06 13:21:54.909,0.72343,0.72361,1.75,1.12
2016.04.06 13:21:55.756,0.72343,0.7236,1.75,1.00
2016.04.06 13:21:56.537,0.72345,0.72365,1.12,1.75
2016.04.06 13:21:57.053,0.72343,0.7236,1.75,1.00
2016.04.06 13:21:57.747,0.72345,0.72365,1.12,1.75
2016.04.06 13:21:58.182,0.72347,0.72368,1.00,2.25
2016.04.06 13:21:58.709,0.72345,0.7237,1.75,5.25
2016.04.06 13:21:59.716,0.72345,0.72368,1.12,3.00
2016.04.06 13:22:00.417,0.72341,0.7236,1.75,1.12
2016.04.06 13:22:02.588,0.72343,0.7236,1.00,1.37
2016.04.06 13:22:03.628,0.72341,0.72359,1.00,1.00
2016.04.06 13:22:03.839,0.7234,0.7236,1.50,1.75
2016.04.06 13:22:03.940,0.7234,0.7236,2.25,1.75
2016.04.06 13:22:04.332,0.72341,0.72363,1.75,1.75
2016.04.06 13:22:05.830,0.72339,0.72364,1.75,1.75
2016.04.06 13:22:06.032,0.72338,0.7236,1.00,1.75
2016.04.06 13:22:06.816,0.72335,0.72357,1.75,1.75
2016.04.06 13:22:07.234,0.72333,0.72358,1.75,1.75
2016.04.06 13:22:07.341,0.72333,0.72351,1.50,1.00
2016.04.06 13:22:09.504,0.72335,0.72351,1.00,1.00
2016.04.06 13:22:09.853,0.72333,0.7235,1.00,1.00
2016.04.06 13:22:11.107,0.7233,0.7235,1.87,1.75
2016.04.06 13:22:11.610,0.72331,0.7235,1.00,1.75
2016.04.06 13:22:12.146,0.7233,0.7235,1.12,2.25
2016.04.06 13:22:12.385,0.72328,0.72345,1.00,1.50
2016.04.06 13:22:12.436,0.72328,0.72345,1.50,1.00
2016.04.06 13:22:12.805,0.7233,0.7235,1.50,2.25
2016.04.06 13:22:12.887,0.72327,0.72345,1.75,1.00
2016.04.06 13:22:13.218,0.7233,0.7235,1.50,2.25
2016.04.06 13:22:13.927,0.72329,0.72346,1.00,1.00
2016.04.06 13:22:14.028,0.72329,0.7235,1.75,1.75
2016.04.06 13:22:14.434,0.7233,0.7235,1.75,2.25
2016.04.06 13:22:14.945,0.72341,0.72359,1.00,1.00
2016.04.06 13:22:15.427,0.72337,0.72361,1.75,1.75
2016.04.06 13:22:15.767,0.72337,0.7236,1.50,1.75
2016.04.06 13:22:18.139,0.72336,0.7236,1.75,1.75
2016.04.06 13:22:18.674,0.72336,0.72361,1.75,1.75
2016.04.06 13:22:19.194,0.72335,0.7236,1.75,2.25
2016.04.06 13:22:20.359,0.72337,0.7236,1.75,2.25
2016.04.06 13:22:20.932,0.72337,0.72357,1.75,1.00
2016.04.06 13:22:21.756,0.72338,0.7236,1.75,1.50
2016.04.06 13:22:22.411,0.72339,0.72362,1.50,1.75
2016.04.06 13:22:22.952,0.72338,0.72362,1.50,3.75
2016.04.06 13:22:23.740,0.72338,0.72362,1.50,1.75
2016.04.06 13:22:24.255,0.72338,0.72364,1.75,3.00
2016.04.06 13:22:24.989,0.72338,0.72364,1.75,1.75
2016.04.06 13:22:25.291,0.72345,0.72368,1.75,1.75
2016.04.06 13:22:25.635,0.72337,0.72362,1.75,1.75
2016.04.06 13:22:25.786,0.72338,0.72356,1.50,1.00
2016.04.06 13:22:26.110,0.7234,0.72356,1.00,1.00
2016.04.06 13:22:26.537,0.72338,0.72356,1.50,1.00
2016.04.06 13:22:30.302,0.7234,0.72356,1.00,1.00
2016.04.06 13:22:30.608,0.72341,0.72364,1.50,1.75
2016.04.06 13:22:32.279,0.72339,0.72362,1.50,2.25
2016.04.06 13:22:32.717,0.72338,0.72362,1.75,1.75
2016.04.06 13:22:33.078,0.72339,0.72364,1.75,1.75
2016.04.06 13:22:34.278,0.72341,0.7236,1.75,1.00
2016.04.06 13:22:35.015,0.72342,0.72367,1.75,1.75
2016.04.06 13:22:35.556,0.72341,0.72364,1.75,1.75
2016.04.06 13:22:36.377,0.72341,0.72364,1.75,1.75
2016.04.06 13:22:36.923,0.72342,0.72366,1.75,1.75
2016.04.06 13:22:37.418,0.72342,0.72365,1.50,1.75
2016.04.06 13:22:37.804,0.72342,0.72364,1.75,1.00
2016.04.06 13:22:38.328,0.72346,0.7237,1.50,3.00
2016.04.06 13:22:39.015,0.72348,0.7237,1.00,2.25
2016.04.06 13:22:39.066,0.72349,0.72367,1.00,1.00
2016.04.06 13:22:39.117,0.72348,0.7237,1.75,1.75
2016.04.06 13:22:40.385,0.72349,0.72367,1.00,1.00
2016.04.06 13:22:41.931,0.72347,0.7237,2.25,1.75
2016.04.06 13:22:42.239,0.72349,0.7237,1.75,1.00
2016.04.06 13:22:42.290,0.72353,0.72378,1.12,2.25
2016.04.06 13:22:43.057,0.72352,0.7237,1.00,1.00
2016.04.06 13:22:43.597,0.7235,0.72373,1.75,1.75
2016.04.06 13:22:44.363,0.7235,0.72373,1.75,1.75
2016.04.06 13:22:44.565,0.7235,0.72373,1.12,1.75
2016.04.06 13:22:44.737,0.72347,0.72372,1.75,1.75
2016.04.06 13:22:45.302,0.72349,0.72373,1.75,1.75
2016.04.06 13:22:47.294,0.72349,0.72373,1.50,3.00
2016.04.06 13:22:47.906,0.72349,0.72372,1.75,1.75
2016.04.06 13:22:49.622,0.72349,0.72371,1.12,3.00
2016.04.06 13:22:49.773,0.72347,0.7237,1.75,1.75
2016.04.06 13:22:50.349,0.72347,0.7237,1.75,1.75
2016.04.06 13:22:50.881,0.72348,0.72373,1.75,1.75
2016.04.06 13:22:51.846,0.72349,0.72367,1.50,1.00
2016.04.06 13:22:51.897,0.7235,0.72373,1.50,1.75
2016.04.06 13:22:52.499,0.7235,0.72373,1.12,3.00
2016.04.06 13:22:54.869,0.7235,0.72373,1.50,3.00
2016.04.06 13:22:55.087,0.7235,0.72373,1.75,1.75
2016.04.06 13:22:55.629,0.7235,0.72373,1.50,3.75
2016.04.06 13:22:55.679,0.7235,0.72373,1.12,3.75
2016.04.06 13:22:57.998,0.7235,0.72374,1.75,1.75
2016.04.06 13:22:58.300,0.72353,0.7237,1.00,1.00
2016.04.06 13:22:59.628,0.7235,0.72368,1.50,1.00
2016.04.06 13:23:00.181,0.7235,0.7237,1.37,2.25
2016.04.06 13:23:00.584,0.72347,0.72365,1.75,1.00
2016.04.06 13:23:01.247,0.72347,0.7237,1.75,1.75
2016.04.06 13:23:02.909,0.7235,0.7237,2.25,1.50
2016.04.06 13:23:02.960,0.7235,0.7237,2.25,1.50
2016.04.06 13:23:03.011,0.7235,0.72365,1.37,1.00
2016.04.06 13:23:03.061,0.72348,0.72365,1.75,1.00
2016.04.06 13:23:03.112,0.72348,0.72374,1.75,1.75
2016.04.06 13:23:03.163,0.72348,0.72374,1.75,1.75
2016.04.06 13:23:05.524,0.72348,0.7237,1.75,1.75
2016.04.06 13:23:06.033,0.72347,0.7237,1.75,2.25
2016.04.06 13:23:06.571,0.72345,0.7237,1.75,2.25
2016.04.06 13:23:08.402,0.72347,0.72365,1.00,1.00
2016.04.06 13:23:10.144,0.72346,0.72369,1.75,1.75
2016.04.06 13:23:11.650,0.72349,0.7237,1.00,1.75
2016.04.06 13:23:12.407,0.72346,0.7237,1.75,1.75
2016.04.06 13:23:14.166,0.72346,0.7237,1.75,1.75
2016.04.06 13:23:14.588,0.72349,0.7236,1.00,1.00
2016.04.06 13:23:14.863,0.72343,0.7236,1.75,1.00
2016.04.06 13:23:14.964,0.72345,0.7236,1.75,1.00
2016.04.06 13:23:15.015,0.72345,0.72365,2.25,1.75
2016.04.06 13:23:15.166,0.72348,0.72365,1.00,1.00
2016.04.06 13:23:15.469,0.72347,0.7237,1.12,3.75
2016.04.06 13:23:16.285,0.72346,0.72364,1.50,1.00
2016.04.06 13:23:16.871,0.72346,0.7237,1.50,1.75
2016.04.06 13:23:21.501,0.72347,0.7237,1.50,2.25
2016.04.06 13:23:22.110,0.72347,0.7237,1.50,2.25
2016.04.06 13:23:26.429,0.72347,0.7237,1.12,3.75
2016.04.06 13:23:26.950,0.72345,0.72363,1.50,1.00
2016.04.06 13:23:27.001,0.72345,0.72368,2.25,1.75
2016.04.06 13:23:27.304,0.72347,0.7237,1.75,2.25
2016.04.06 13:23:27.405,0.72347,0.72364,1.00,1.00
2016.04.06 13:23:27.938,0.72346,0.72364,1.00,1.00
2016.04.06 13:23:27.988,0.72345,0.72368,1.37,1.75
2016.04.06 13:23:28.292,0.72342,0.72365,1.75,2.25
2016.04.06 13:23:28.343,0.72342,0.72365,1.75,1.75
2016.04.06 13:23:28.533,0.72343,0.72369,1.75,1.75
2016.04.06 13:23:29.019,0.72343,0.72365,1.75,1.75
2016.04.06 13:23:29.400,0.72342,0.72365,1.75,2.25
2016.04.06 13:23:29.450,0.72342,0.72365,1.75,2.25
2016.04.06 13:23:30.324,0.72341,0.72364,1.75,1.75
2016.04.06 13:23:30.540,0.72341,0.72364,1.12,3.00
2016.04.06 13:23:32.428,0.72339,0.72362,1.12,4.50
2016.04.06 13:23:32.948,0.72336,0.7235,1.75,1.00
2016.04.06 13:23:33.049,0.72336,0.72355,1.75,1.12
2016.04.06 13:23:34.370,0.72336,0.7235,1.75,1.00
2016.04.06 13:23:34.477,0.72336,0.72359,1.75,1.75
2016.04.06 13:23:35.017,0.72338,0.7236,1.75,1.75
2016.04.06 13:23:36.373,0.7234,0.7236,1.00,1.75
2016.04.06 13:23:37.714,0.72337,0.7236,1.75,1.75
2016.04.06 13:23:38.358,0.72334,0.72355,1.50,1.75
2016.04.06 13:23:38.865,0.72332,0.72351,1.75,1.00
2016.04.06 13:23:38.965,0.7233,0.72351,1.75,1.50
2016.04.06 13:23:39.262,0.72334,0.72352,1.00,1.00
2016.04.06 13:23:39.370,0.72335,0.72355,1.75,1.75
2016.04.06 13:23:39.716,0.7233,0.7235,1.75,1.12
2016.04.06 13:23:39.867,0.72327,0.7235,1.50,2.25
2016.04.06 13:23:40.091,0.72327,0.7235,1.75,2.25
2016.04.06 13:23:40.148,0.7233,0.72348,1.00,1.00
2016.04.06 13:23:40.720,0.7233,0.72347,1.00,1.00
2016.04.06 13:23:41.348,0.72329,0.72347,1.00,1.00
2016.04.06 13:23:41.449,0.72328,0.7235,1.50,1.75
2016.04.06 13:23:41.590,0.72329,0.72347,1.50,1.00
2016.04.06 13:23:41.791,0.72329,0.7235,1.12,1.75
2016.04.06 13:23:42.388,0.72328,0.72351,1.75,1.75
2016.04.06 13:23:42.783,0.72328,0.72351,1.37,1.75
2016.04.06 13:23:43.145,0.72327,0.7235,1.37,1.75
2016.04.06 13:23:43.394,0.72328,0.72346,1.50,1.00
2016.04.06 13:23:44.775,0.72332,0.7235,1.00,1.00
2016.04.06 13:23:45.317,0.7233,0.72353,1.75,1.75
2016.04.06 13:23:45.848,0.7233,0.72353,1.75,1.75
2016.04.06 13:23:46.373,0.7233,0.72353,1.75,1.75
2016.04.06 13:23:47.213,0.72331,0.72355,1.75,1.75
2016.04.06 13:23:47.514,0.72334,0.72352,1.00,1.00
2016.04.06 13:23:47.776,0.7233,0.72353,1.75,1.75
2016.04.06 13:23:48.203,0.72329,0.72347,1.00,1.00
2016.04.06 13:23:48.405,0.72329,0.72352,1.75,1.75
2016.04.06 13:23:49.104,0.72331,0.72354,1.75,1.75
2016.04.06 13:23:49.610,0.72332,0.72355,1.37,2.25
2016.04.06 13:23:49.661,0.72332,0.72355,1.12,5.25
2016.04.06 13:23:49.913,0.72335,0.72353,1.00,1.00
2016.04.06 13:23:50.014,0.72329,0.72352,1.75,1.75
2016.04.06 13:23:50.348,0.72333,0.72355,1.50,1.75
2016.04.06 13:23:51.217,0.72335,0.72356,1.00,2.25
2016.04.06 13:23:51.268,0.72333,0.72355,1.12,1.75
2016.04.06 13:23:51.819,0.72328,0.72353,2.25,1.75
2016.04.06 13:23:52.032,0.72329,0.72352,1.75,1.50
2016.04.06 13:23:52.785,0.72337,0.72353,1.00,1.00
2016.04.06 13:23:52.999,0.72335,0.72353,1.50,1.00
2016.04.06 13:23:54.117,0.72336,0.72353,1.00,1.00
2016.04.06 13:23:54.635,0.72335,0.72353,1.00,1.00
2016.04.06 13:23:55.323,0.72333,0.72358,1.75,1.75
2016.04.06 13:23:55.850,0.72331,0.72355,1.75,2.25
2016.04.06 13:23:56.051,0.72333,0.72351,1.00,1.00
2016.04.06 13:23:56.413,0.72331,0.72355,1.75,2.25
2016.04.06 13:23:56.715,0.72327,0.72353,1.75,3.00
2016.04.06 13:23:57.118,0.72329,0.7235,1.00,1.75
2016.04.06 13:23:57.675,0.72325,0.72346,1.75,1.37
2016.04.06 13:23:57.726,0.72325,0.72346,1.75,1.00
2016.04.06 13:23:58.248,0.72328,0.72353,1.75,1.75
2016.04.06 13:23:58.788,0.72328,0.72352,1.75,1.75
2016.04.06 13:23:59.255,0.72325,0.72343,1.00,1.00
2016.04.06 13:23:59.657,0.72324,0.72348,1.75,1.75
2016.04.06 13:23:59.970,0.72324,0.72345,1.12,1.75
2016.04.06 13:24:00.506,0.72322,0.72345,1.75,1.75
2016.04.06 13:24:00.809,0.72324,0.72338,1.00,1.00
2016.04.06 13:24:00.910,0.7232,0.72338,1.50,1.00
2016.04.06 13:24:01.210,0.72333,0.72348,1.75,1.00
2016.04.06 13:24:01.261,0.72333,0.7235,1.00,1.50
2016.04.06 13:24:01.492,0.72333,0.72353,1.75,1.35
2016.04.06 13:24:02.199,0.72331,0.72355,1.75,1.75
2016.04.06 13:24:04.224,0.72332,0.72355,1.12,2.25
2016.04.06 13:24:04.275,0.72333,0.72351,1.00,1.00
2016.04.06 13:24:04.476,0.72332,0.72355,1.12,2.25
2016.04.06 13:24:04.884,0.7233,0.72353,1.12,3.00
2016.04.06 13:24:05.837,0.72332,0.72354,1.00,2.25
2016.04.06 13:24:05.888,0.72332,0.72356,1.75,1.75
2016.04.06 13:24:05.989,0.72332,0.72358,1.75,1.75
2016.04.06 13:24:06.306,0.72334,0.72358,1.75,1.75
2016.04.06 13:24:06.646,0.72328,0.72351,1.75,1.75
2016.04.06 13:24:07.190,0.72327,0.7235,1.75,1.75
2016.04.06 13:24:07.693,0.72327,0.7235,1.75,2.25
2016.04.06 13:24:08.201,0.72325,0.72345,1.75,1.50
2016.04.06 13:24:08.681,0.72322,0.72345,1.35,1.75
2016.04.06 13:24:09.035,0.72322,0.72347,2.10,1.75
2016.04.06 13:24:09.337,0.7232,0.72343,1.75,1.75
2016.04.06 13:24:09.975,0.72323,0.72346,1.75,1.75
2016.04.06 13:24:11.099,0.72327,0.72345,1.00,1.00
2016.04.06 13:24:11.200,0.72325,0.72347,3.00,1.00
2016.04.06 13:24:11.484,0.72327,0.7235,1.75,1.75
2016.04.06 13:24:11.788,0.72331,0.72349,1.00,1.00
2016.04.06 13:24:12.298,0.72332,0.7235,1.00,1.00
2016.04.06 13:24:12.399,0.7233,0.72353,1.75,1.75
2016.04.06 13:24:13.149,0.7233,0.72353,3.00,1.12
2016.04.06 13:24:13.452,0.7233,0.72353,2.25,1.75
2016.04.06 13:24:13.755,0.72328,0.72353,2.25,2.25
2016.04.06 13:24:13.805,0.72331,0.72349,1.00,1.00
2016.04.06 13:24:14.071,0.72332,0.72355,1.37,1.75
2016.04.06 13:24:14.376,0.72332,0.72355,1.75,2.25
2016.04.06 13:24:16.706,0.72334,0.72357,1.75,1.75
2016.04.06 13:24:17.291,0.72334,0.72357,1.75,1.75
2016.04.06 13:24:18.024,0.72334,0.72355,1.50,1.75
2016.04.06 13:24:18.125,0.72334,0.72355,1.00,1.75
2016.04.06 13:24:18.277,0.72326,0.72351,2.10,1.75
2016.04.06 13:24:18.395,0.72333,0.72351,1.00,1.50
2016.04.06 13:24:18.496,0.72331,0.72349,1.00,1.00
2016.04.06 13:24:18.900,0.7233,0.72353,1.75,1.75
2016.04.06 13:24:19.635,0.72329,0.72352,1.75,1.75
2016.04.06 13:24:20.236,0.72329,0.72351,1.75,1.50
2016.04.06 13:24:20.539,0.72328,0.72351,1.75,1.75
2016.04.06 13:24:20.841,0.72329,0.72352,1.75,1.75
2016.04.06 13:24:21.143,0.72326,0.72351,1.35,1.75
2016.04.06 13:24:21.660,0.72327,0.72351,1.75,2.25
2016.04.06 13:24:22.460,0.72327,0.72351,1.50,2.25
2016.04.06 13:24:22.966,0.72327,0.72351,1.50,3.75
2016.04.06 13:24:23.280,0.72321,0.72344,1.75,1.75
2016.04.06 13:24:23.728,0.72326,0.72349,1.50,1.75
2016.04.06 13:24:24.233,0.72327,0.72345,1.00,1.00
2016.04.06 13:24:24.553,0.72329,0.72347,1.00,1.00
2016.04.06 13:24:25.336,0.72323,0.72347,1.75,1.75
2016.04.06 13:24:26.035,0.72324,0.72348,1.75,1.75
2016.04.06 13:24:26.337,0.7232,0.72345,1.75,1.75
2016.04.06 13:24:26.438,0.7232,0.72345,1.75,1.75
2016.04.06 13:24:26.967,0.72322,0.72345,1.75,2.25
2016.04.06 13:24:27.068,0.72326,0.72344,1.00,1.00
2016.04.06 13:24:27.119,0.72323,0.72347,2.25,1.50
2016.04.06 13:24:27.169,0.72323,0.72347,2.25,1.50
2016.04.06 13:24:27.435,0.72324,0.72347,2.25,1.12
2016.04.06 13:24:27.944,0.72323,0.72347,3.75,1.12
2016.04.06 13:24:28.475,0.72323,0.72347,4.50,1.37
2016.04.06 13:24:28.777,0.72323,0.72341,1.00,1.00
2016.04.06 13:24:32.947,0.72321,0.72344,1.75,1.75
2016.04.06 13:24:33.454,0.72326,0.72346,1.00,1.75
2016.04.06 13:24:33.756,0.72323,0.72347,1.75,1.75
2016.04.06 13:24:34.707,0.72325,0.72348,1.75,1.75
2016.04.06 13:24:35.038,0.72325,0.72348,1.75,1.50
2016.04.06 13:24:35.831,0.72325,0.72349,1.75,1.75
2016.04.06 13:24:36.494,0.72324,0.72347,3.00,1.12
2016.04.06 13:24:37.147,0.72325,0.72348,1.75,1.75
2016.04.06 13:24:37.198,0.72325,0.72349,1.75,1.75
2016.04.06 13:24:37.756,0.72328,0.72345,1.00,1.00
2016.04.06 13:24:38.848,0.72326,0.72349,1.75,1.75
2016.04.06 13:24:39.415,0.72327,0.72351,1.75,2.25
2016.04.06 13:24:39.868,0.72329,0.72352,1.75,1.75
2016.04.06 13:24:39.919,0.72329,0.72352,1.75,1.75
2016.04.06 13:24:40.020,0.72329,0.72352,1.75,1.75
2016.04.06 13:24:41.877,0.72329,0.72351,1.75,1.37
2016.04.06 13:24:41.928,0.72331,0.72354,1.75,1.75
2016.04.06 13:24:41.978,0.72331,0.7235,1.37,1.50
2016.04.06 13:24:42.029,0.72327,0.7235,1.75,1.75
2016.04.06 13:24:42.130,0.72328,0.7235,1.12,1.75
2016.04.06 13:24:42.180,0.72328,0.7235,1.12,1.75
2016.04.06 13:24:42.483,0.7233,0.7235,1.12,1.75
2016.04.06 13:24:43.106,0.72331,0.72353,1.37,1.75
2016.04.06 13:24:43.160,0.72333,0.72357,1.75,1.75
2016.04.06 13:24:43.412,0.72335,0.72359,1.75,1.75
2016.04.06 13:24:43.514,0.72336,0.72359,1.75,1.75
2016.04.06 13:24:45.110,0.72337,0.72361,1.75,1.75
2016.04.06 13:24:45.261,0.72338,0.72356,1.00,1.00
2016.04.06 13:24:46.689,0.72337,0.72361,1.75,1.75
2016.04.06 13:24:47.239,0.72337,0.72361,1.75,1.75
2016.04.06 13:24:47.754,0.72337,0.72362,1.75,1.75
2016.04.06 13:24:47.855,0.7234,0.72358,1.00,1.00
2016.04.06 13:24:48.542,0.72341,0.72358,1.00,1.00
2016.04.06 13:24:48.643,0.72341,0.72364,1.50,1.75
2016.04.06 13:24:48.945,0.72339,0.72362,1.75,1.50
2016.04.06 13:24:49.304,0.72339,0.7236,1.75,1.50
2016.04.06 13:24:50.763,0.72335,0.72359,4.50,1.50
2016.04.06 13:24:50.814,0.72335,0.72359,2.25,1.75
2016.04.06 13:24:51.628,0.72335,0.72358,1.50,1.75
2016.04.06 13:24:51.679,0.72335,0.72358,1.50,1.75
2016.04.06 13:24:51.944,0.72335,0.7236,1.75,3.75
2016.04.06 13:24:52.045,0.72335,0.72353,1.50,1.00
2016.04.06 13:24:52.452,0.72334,0.72357,1.75,1.75
2016.04.06 13:24:53.119,0.72334,0.72356,1.50,1.75
2016.04.06 13:24:53.170,0.72334,0.72351,1.50,1.00
2016.04.06 13:24:53.704,0.72329,0.72353,1.75,1.75
2016.04.06 13:24:54.336,0.72329,0.72353,1.50,1.75
2016.04.06 13:24:54.386,0.72329,0.72353,1.00,1.50
2016.04.06 13:24:54.588,0.72327,0.72352,1.12,1.37
2016.04.06 13:24:54.689,0.72329,0.72353,1.00,1.50
2016.04.06 13:24:55.119,0.72327,0.7235,1.12,1.37
2016.04.06 13:24:55.638,0.72328,0.72349,1.00,1.00
2016.04.06 13:24:56.245,0.72325,0.72349,1.50,1.00
2016.04.06 13:24:56.621,0.72327,0.7235,1.00,4.50
2016.04.06 13:24:56.961,0.72326,0.72349,1.75,1.75
2016.04.06 13:24:57.263,0.72327,0.72351,1.12,3.00
2016.04.06 13:24:57.858,0.72327,0.7235,1.12,3.00
2016.04.06 13:24:58.766,0.72326,0.72349,1.75,1.75
2016.04.06 13:25:02.773,0.72326,0.72344,1.50,1.00
2016.04.06 13:25:04.785,0.72326,0.72348,1.00,1.75
2016.04.06 13:25:05.088,0.72326,0.7235,1.75,1.75
2016.04.06 13:25:06.361,0.72325,0.72348,3.00,1.37
2016.04.06 13:25:06.694,0.72327,0.7235,2.25,1.37
2016.04.06 13:25:07.887,0.72331,0.72353,1.00,1.75
2016.04.06 13:25:09.168,0.72327,0.72352,1.75,1.75
2016.04.06 13:25:09.502,0.72327,0.72351,1.75,1.75
2016.04.06 13:25:09.792,0.7233,0.7235,1.75,1.00
2016.04.06 13:25:10.442,0.72329,0.7235,1.75,1.75
2016.04.06 13:25:10.492,0.72329,0.7235,1.75,1.75
2016.04.06 13:25:10.697,0.72327,0.72351,1.75,1.50
2016.04.06 13:25:11.629,0.72328,0.72351,2.25,1.00
2016.04.06 13:25:11.952,0.72328,0.72352,2.25,1.75
2016.04.06 13:25:13.949,0.72329,0.72351,1.75,1.50
2016.04.06 13:25:14.101,0.72325,0.72347,1.75,1.12
2016.04.06 13:25:14.857,0.72329,0.72352,1.75,1.75
2016.04.06 13:25:14.958,0.72329,0.72349,1.75,1.00
2016.04.06 13:25:16.319,0.72328,0.72351,1.75,1.75
2016.04.06 13:25:16.752,0.72327,0.7235,1.75,1.75
2016.04.06 13:25:18.040,0.72326,0.72352,1.75,1.75
2016.04.06 13:25:20.334,0.72328,0.72352,1.75,1.75
2016.04.06 13:25:20.384,0.72328,0.72352,1.50,1.75
2016.04.06 13:25:20.691,0.72328,0.72345,1.37,1.37
2016.04.06 13:25:20.742,0.72326,0.72345,1.12,1.75
2016.04.06 13:25:20.943,0.72321,0.72344,1.75,1.50
2016.04.06 13:25:21.867,0.72322,0.72348,1.75,1.75
2016.04.06 13:25:22.122,0.72324,0.72348,1.75,1.75
2016.04.06 13:25:22.374,0.72327,0.72347,1.00,1.50
2016.04.06 13:25:23.513,0.72319,0.72338,1.87,1.37
2016.04.06 13:25:23.572,0.72315,0.72338,2.25,1.75
2016.04.06 13:25:23.724,0.72315,0.72338,1.50,1.75
2016.04.06 13:25:23.775,0.72315,0.72338,1.50,1.75
2016.04.06 13:25:24.027,0.72316,0.72334,1.00,1.00
2016.04.06 13:25:24.077,0.72314,0.72334,1.75,1.00
2016.04.06 13:25:24.178,0.72317,0.72336,1.50,1.00
2016.04.06 13:25:24.965,0.72317,0.7234,1.50,1.75
2016.04.06 13:25:25.625,0.72316,0.72339,1.75,1.75
2016.04.06 13:25:26.151,0.72317,0.7234,1.75,1.75
2016.04.06 13:25:27.480,0.72318,0.72342,1.75,1.75
2016.04.06 13:25:28.066,0.72318,0.72342,1.75,1.75
2016.04.06 13:25:29.665,0.72317,0.72341,1.75,1.75
2016.04.06 13:25:30.194,0.7232,0.72341,1.00,1.75
2016.04.06 13:25:31.489,0.72316,0.72339,2.25,1.50
2016.04.06 13:25:31.996,0.7232,0.72343,1.75,1.75
2016.04.06 13:25:33.659,0.72318,0.7234,1.75,1.00
2016.04.06 13:25:34.377,0.7232,0.72345,1.75,1.75
2016.04.06 13:25:34.915,0.72325,0.72342,1.00,1.50
2016.04.06 13:25:35.498,0.7232,0.72343,3.00,1.37
2016.04.06 13:25:35.599,0.72321,0.72345,1.75,1.50
2016.04.06 13:25:36.572,0.72325,0.7235,1.75,2.25
2016.04.06 13:25:36.773,0.72328,0.7235,1.50,1.75
2016.04.06 13:25:36.874,0.7233,0.72348,1.00,1.00
2016.04.06 13:25:38.468,0.72326,0.72349,1.75,1.75
2016.04.06 13:25:38.997,0.72326,0.72349,1.75,1.75
2016.04.06 13:25:39.550,0.72326,0.72349,1.75,1.75
2016.04.06 13:25:40.119,0.72329,0.72349,1.00,1.75
2016.04.06 13:25:42.225,0.72329,0.7235,1.37,1.75
2016.04.06 13:25:42.494,0.7233,0.72347,1.37,1.00
2016.04.06 13:25:43.025,0.7233,0.72348,1.00,1.00
2016.04.06 13:25:44.931,0.7233,0.72349,1.12,1.75
2016.04.06 13:25:45.473,0.72326,0.72349,1.75,1.75
2016.04.06 13:25:46.683,0.7233,0.72349,1.00,1.75
2016.04.06 13:25:46.885,0.72326,0.72349,1.75,1.50
2016.04.06 13:25:47.036,0.72327,0.72349,2.25,1.00
2016.04.06 13:25:47.580,0.72335,0.72353,1.00,1.00
2016.04.06 13:25:48.038,0.72332,0.72353,1.75,1.00
2016.04.06 13:25:48.411,0.72333,0.72355,1.75,1.00
2016.04.06 13:25:48.877,0.72333,0.72358,1.75,1.75
2016.04.06 13:25:49.492,0.72334,0.72358,1.75,1.75
2016.04.06 13:25:50.089,0.72334,0.72357,2.25,1.50
2016.04.06 13:25:50.995,0.72335,0.72359,1.75,1.75
2016.04.06 13:25:51.439,0.72335,0.72357,1.50,1.75
2016.04.06 13:25:51.765,0.72334,0.72357,2.25,1.75
2016.04.06 13:25:52.492,0.72334,0.72357,1.75,1.50
2016.04.06 13:25:52.543,0.72334,0.72357,1.75,1.50
2016.04.06 13:25:53.919,0.72335,0.72357,1.75,1.75
2016.04.06 13:25:54.803,0.72336,0.72359,1.75,1.75
2016.04.06 13:25:55.402,0.72336,0.72361,1.75,1.75
2016.04.06 13:25:55.805,0.72336,0.72361,1.75,1.75
2016.04.06 13:25:56.107,0.72339,0.72362,2.25,1.75
2016.04.06 13:25:57.041,0.72336,0.72358,2.25,1.00
2016.04.06 13:25:57.305,0.72335,0.72358,2.25,1.12
2016.04.06 13:25:57.859,0.72336,0.72359,1.75,1.75
2016.04.06 13:25:59.142,0.72335,0.72358,3.00,1.50
2016.04.06 13:25:59.722,0.72335,0.72359,2.25,1.75
2016.04.06 13:26:00.251,0.72336,0.7236,2.25,1.75
2016.04.06 13:26:00.352,0.72339,0.72358,1.00,1.75
2016.04.06 13:26:03.243,0.72335,0.7236,1.37,3.00
2016.04.06 13:26:04.934,0.72335,0.72358,2.25,1.75
2016.04.06 13:26:05.531,0.7233,0.72351,1.75,1.75
2016.04.06 13:26:06.144,0.72329,0.72351,1.75,1.75
2016.04.06 13:26:06.659,0.72332,0.72351,1.00,1.75
2016.04.06 13:26:07.270,0.7233,0.72351,1.75,1.75
2016.04.06 13:26:07.939,0.72328,0.72351,1.75,1.75
2016.04.06 13:26:08.242,0.72332,0.72351,1.75,1.00
2016.04.06 13:26:08.755,0.72333,0.72351,1.75,1.00
2016.04.06 13:26:08.806,0.72335,0.72359,1.75,1.75
2016.04.06 13:26:10.066,0.72336,0.7236,1.75,1.75
2016.04.06 13:26:10.167,0.72336,0.7236,1.75,1.75
2016.04.06 13:26:11.785,0.72337,0.7236,1.75,1.75
2016.04.06 13:26:11.886,0.72337,0.7236,1.75,1.50
2016.04.06 13:26:12.520,0.72335,0.72358,1.75,1.00
2016.04.06 13:26:12.962,0.7234,0.72358,1.00,1.50
2016.04.06 13:26:13.869,0.72336,0.72359,1.75,1.75
2016.04.06 13:26:14.891,0.72335,0.7236,1.75,1.75
2016.04.06 13:26:15.400,0.72334,0.7236,5.25,1.75
2016.04.06 13:26:15.946,0.72335,0.7236,1.75,1.75
2016.04.06 13:26:17.985,0.72334,0.72358,1.75,1.75
2016.04.06 13:26:19.064,0.72335,0.72358,1.75,1.75
2016.04.06 13:26:20.006,0.72332,0.72355,1.75,1.75
2016.04.06 13:26:20.461,0.72334,0.72356,1.75,1.12
2016.04.06 13:26:21.011,0.72335,0.72357,1.75,1.75
2016.04.06 13:26:21.864,0.72334,0.72357,2.25,1.75
2016.04.06 13:26:25.060,0.72331,0.72352,2.25,1.00
2016.04.06 13:26:26.118,0.7233,0.72353,3.75,1.37
2016.04.06 13:26:26.622,0.7233,0.72353,2.25,1.50
2016.04.06 13:26:28.616,0.72331,0.72353,1.75,1.00
2016.04.06 13:26:29.993,0.72333,0.72357,1.75,3.00
2016.04.06 13:26:30.094,0.7233,0.72354,2.25,1.75
2016.04.06 13:26:34.342,0.72328,0.72353,1.75,1.75
2016.04.06 13:26:34.906,0.7233,0.72351,1.75,1.75
2016.04.06 13:26:35.944,0.72329,0.7235,1.75,1.00
2016.04.06 13:26:37.730,0.72333,0.72355,1.00,1.75
2016.04.06 13:26:38.243,0.72328,0.72353,1.75,1.75
2016.04.06 13:26:38.635,0.72328,0.72353,1.75,1.75
2016.04.06 13:26:40.141,0.72327,0.72352,5.25,1.50
2016.04.06 13:26:41.958,0.7233,0.72351,1.75,1.00
2016.04.06 13:26:42.059,0.7233,0.72351,1.75,1.50
2016.04.06 13:26:42.160,0.7233,0.72352,1.75,1.12
2016.04.06 13:26:42.635,0.7233,0.72353,2.25,1.75
2016.04.06 13:26:42.950,0.72325,0.72348,1.75,1.50
2016.04.06 13:26:43.279,0.72338,0.72348,1.00,1.00
2016.04.06 13:26:43.581,0.72364,0.72371,1.12,1.00
2016.04.06 13:26:43.632,0.72364,0.72386,1.50,1.75
2016.04.06 13:26:43.850,0.72365,0.72383,1.00,1.75
2016.04.06 13:26:43.901,0.7236,0.7238,2.25,1.75
2016.04.06 13:26:43.952,0.7236,0.7238,1.75,1.50
2016.04.06 13:26:44.053,0.72361,0.7238,1.75,1.00
2016.04.06 13:26:44.254,0.72365,0.72382,1.00,1.75
2016.04.06 13:26:44.355,0.72356,0.72378,2.25,1.37
2016.04.06 13:26:44.456,0.72355,0.72378,1.75,1.75
2016.04.06 13:26:44.557,0.72354,0.72378,2.25,1.75
2016.04.06 13:26:45.013,0.72354,0.72377,1.75,1.75
2016.04.06 13:26:45.766,0.72355,0.72375,1.50,2.25
2016.04.06 13:26:46.318,0.72355,0.72375,1.12,2.25
2016.04.06 13:26:50.078,0.72354,0.72374,1.12,2.25
2016.04.06 13:26:50.230,0.72348,0.72369,1.35,1.75
2016.04.06 13:26:50.280,0.72346,0.72369,3.22,3.00
2016.04.06 13:26:50.562,0.72342,0.72365,1.37,1.75
2016.04.06 13:26:51.102,0.72345,0.72365,1.12,1.75
2016.04.06 13:26:51.155,0.72346,0.72369,1.75,1.50
2016.04.06 13:26:51.461,0.72349,0.72371,2.25,1.00
2016.04.06 13:26:51.982,0.7235,0.72374,1.75,1.75
2016.04.06 13:26:52.639,0.7235,0.72374,1.75,1.75
2016.04.06 13:26:53.146,0.72348,0.72371,1.75,1.75
2016.04.06 13:26:55.659,0.7235,0.72371,1.12,1.75
2016.04.06 13:26:55.709,0.72353,0.72371,1.00,2.25
2016.04.06 13:26:55.861,0.72352,0.72375,2.25,1.12
2016.04.06 13:26:55.911,0.72351,0.72375,3.00,1.37
2016.04.06 13:26:55.962,0.72351,0.72375,1.75,1.75
2016.04.06 13:26:56.276,0.7235,0.72375,2.25,2.25
2016.04.06 13:26:56.808,0.7235,0.72374,1.75,1.75
2016.04.06 13:26:58.517,0.72352,0.72374,1.00,1.75
2016.04.06 13:26:58.838,0.72349,0.72373,1.75,1.75
2016.04.06 13:26:59.353,0.7235,0.7237,1.75,1.50
2016.04.06 13:26:59.903,0.7235,0.72371,1.50,1.75
2016.04.06 13:27:02.332,0.7235,0.72372,1.50,1.75
2016.04.06 13:27:02.834,0.72347,0.7237,1.35,1.50
2016.04.06 13:27:02.935,0.72349,0.7237,1.00,1.75
2016.04.06 13:27:03.463,0.72347,0.72368,1.67,1.75
2016.04.06 13:27:03.853,0.7235,0.72367,1.00,1.75
2016.04.06 13:27:07.288,0.72344,0.72366,1.75,2.25
2016.04.06 13:27:08.154,0.7235,0.72366,1.00,1.75
2016.04.06 13:27:08.335,0.72345,0.72365,1.75,1.75
2016.04.06 13:27:09.359,0.7235,0.72367,1.00,1.75
2016.04.06 13:27:09.543,0.72345,0.72365,1.75,1.75
2016.04.06 13:27:10.413,0.72346,0.72365,1.00,1.75
2016.04.06 13:27:11.634,0.7235,0.72367,1.00,1.75
2016.04.06 13:27:15.122,0.7235,0.72367,1.00,1.75
2016.04.06 13:27:15.284,0.72346,0.72364,1.00,1.00
2016.04.06 13:27:15.395,0.7235,0.72364,1.00,1.00
2016.04.06 13:27:16.297,0.72346,0.72364,1.00,1.00
2016.04.06 13:27:17.764,0.72345,0.72365,1.50,1.50
2016.04.06 13:27:22.542,0.72344,0.72366,2.25,1.50
2016.04.06 13:27:22.643,0.7235,0.72367,1.37,1.00
2016.04.06 13:27:23.148,0.72349,0.7237,1.00,2.10
2016.04.06 13:27:23.497,0.72348,0.72359,1.00,1.00
2016.04.06 13:27:23.734,0.72342,0.72359,1.00,1.00
2016.04.06 13:27:24.153,0.72341,0.72364,1.75,1.75
2016.04.06 13:27:24.944,0.72341,0.72364,1.75,1.75
2016.04.06 13:27:26.003,0.72341,0.72364,1.75,1.75
2016.04.06 13:27:26.054,0.72344,0.72367,1.75,1.50
2016.04.06 13:27:26.154,0.72349,0.72367,1.00,1.00
2016.04.06 13:27:26.255,0.72349,0.7237,1.00,1.75
2016.04.06 13:27:26.594,0.72348,0.72372,1.75,1.75
2016.04.06 13:27:28.033,0.72345,0.72366,1.75,1.37
2016.04.06 13:27:28.084,0.72343,0.72364,1.75,1.00
2016.04.06 13:27:28.335,0.72343,0.72365,1.75,1.75
2016.04.06 13:27:28.437,0.72347,0.72365,1.00,1.00
2016.04.06 13:27:29.393,0.72347,0.72364,1.00,1.00
2016.04.06 13:27:29.783,0.72347,0.72361,1.00,1.00
2016.04.06 13:27:29.934,0.7234,0.72361,1.75,1.12
2016.04.06 13:27:30.086,0.72338,0.72361,1.75,1.50
2016.04.06 13:27:30.238,0.72338,0.72361,1.75,1.37
2016.04.06 13:27:30.745,0.7234,0.72364,1.75,1.75
2016.04.06 13:27:32.313,0.72339,0.72362,1.75,1.50
2016.04.06 13:27:32.364,0.72342,0.7236,1.00,1.00
2016.04.06 13:27:32.893,0.72342,0.7236,1.00,1.50
2016.04.06 13:27:33.239,0.72338,0.7236,1.35,1.50
2016.04.06 13:27:33.290,0.72338,0.7236,1.35,1.12
2016.04.06 13:27:33.853,0.72341,0.72365,1.75,1.75
2016.04.06 13:27:34.214,0.72343,0.72366,1.75,1.75
2016.04.06 13:27:34.844,0.72341,0.72367,1.75,1.75
2016.04.06 13:27:36.371,0.7234,0.72363,2.25,1.50
2016.04.06 13:27:36.422,0.7234,0.72363,2.25,1.75
2016.04.06 13:27:37.499,0.7234,0.72363,1.75,1.50
2016.04.06 13:27:38.002,0.7234,0.72363,3.00,1.12
2016.04.06 13:27:38.971,0.72345,0.72363,1.00,1.00
2016.04.06 13:27:39.591,0.72341,0.72367,1.75,3.00
2016.04.06 13:27:40.458,0.72342,0.72366,1.75,1.75
2016.04.06 13:27:40.511,0.72341,0.72359,1.00,1.00
2016.04.06 13:27:40.612,0.72336,0.72359,1.75,1.75
2016.04.06 13:27:40.914,0.72335,0.72358,2.25,1.75
2016.04.06 13:27:41.562,0.72338,0.7236,1.00,3.00
2016.04.06 13:27:41.613,0.72338,0.72363,1.75,1.75
2016.04.06 13:27:41.766,0.72336,0.7236,1.75,1.75
2016.04.06 13:27:41.817,0.72335,0.72359,1.75,1.75
2016.04.06 13:27:42.977,0.72335,0.7236,1.75,1.75
2016.04.06 13:27:43.027,0.72335,0.7236,3.00,1.75
2016.04.06 13:27:43.229,0.72343,0.72361,1.00,1.00
2016.04.06 13:27:43.420,0.72339,0.72362,1.75,1.50
2016.04.06 13:27:43.964,0.72339,0.72363,1.75,1.75
2016.04.06 13:27:44.521,0.7234,0.72363,1.75,1.75
2016.04.06 13:27:44.824,0.72338,0.72361,1.50,1.75
2016.04.06 13:27:45.446,0.72337,0.7236,1.75,1.75
2016.04.06 13:27:46.026,0.72336,0.72359,1.50,1.75
2016.04.06 13:27:46.127,0.72337,0.7236,1.75,1.75
2016.04.06 13:27:46.890,0.72338,0.72356,1.50,1.00
2016.04.06 13:27:47.205,0.72339,0.72362,1.75,1.75
2016.04.06 13:27:47.255,0.72339,0.72362,1.75,1.75
2016.04.06 13:27:47.918,0.7234,0.72363,1.75,1.75
2016.04.06 13:27:50.540,0.72341,0.72365,1.75,1.75
2016.04.06 13:27:51.041,0.7234,0.72362,1.75,1.75
2016.04.06 13:27:52.359,0.7234,0.72362,1.50,1.75
2016.04.06 13:27:54.144,0.7234,0.72361,1.12,1.75
2016.04.06 13:27:54.245,0.72337,0.72355,1.50,1.00
2016.04.06 13:27:54.506,0.72338,0.72362,1.37,1.75
2016.04.06 13:27:54.557,0.72339,0.72357,1.00,1.00
2016.04.06 13:27:55.193,0.72335,0.7236,1.75,1.75
2016.04.06 13:27:55.725,0.7234,0.72358,1.00,1.00
2016.04.06 13:27:58.510,0.72336,0.7236,1.75,1.75
2016.04.06 13:27:58.661,0.72336,0.7236,2.25,1.50
2016.04.06 13:27:59.899,0.72341,0.72364,1.37,1.75
2016.04.06 13:27:59.949,0.72338,0.72361,1.75,1.75
2016.04.06 13:28:00.050,0.72335,0.72357,1.75,1.50
2016.04.06 13:28:00.352,0.72337,0.7236,1.00,3.00
2016.04.06 13:28:00.453,0.72334,0.72357,1.12,1.75
2016.04.06 13:28:00.554,0.72335,0.72352,1.00,1.00
2016.04.06 13:28:02.438,0.72335,0.72357,1.75,1.75
2016.04.06 13:28:02.762,0.72335,0.72357,1.50,1.75
2016.04.06 13:28:05.368,0.72332,0.72355,1.75,1.75
2016.04.06 13:28:05.469,0.72332,0.72356,1.75,1.75
2016.04.06 13:28:05.801,0.72334,0.72359,1.75,2.25
2016.04.06 13:28:07.221,0.72333,0.72356,1.75,1.75
2016.04.06 13:28:07.674,0.72332,0.72355,1.75,1.75
2016.04.06 13:28:07.977,0.72336,0.72356,1.00,1.75
2016.04.06 13:28:08.481,0.7233,0.72353,5.25,1.37
2016.04.06 13:28:08.532,0.72337,0.72353,1.00,1.00
2016.04.06 13:28:08.582,0.72335,0.72353,1.75,1.00
2016.04.06 13:28:08.784,0.72335,0.72356,1.75,1.50
2016.04.06 13:28:10.810,0.72338,0.72358,1.00,1.75
2016.04.06 13:28:11.666,0.72337,0.72358,1.00,1.75
2016.04.06 13:28:11.966,0.72335,0.72358,1.75,1.75
2016.04.06 13:28:12.785,0.72335,0.72358,1.75,1.75
2016.04.06 13:28:20.923,0.72335,0.72359,1.75,1.75
2016.04.06 13:28:20.974,0.72336,0.72354,1.00,1.00
2016.04.06 13:28:21.969,0.72337,0.72355,1.00,1.00
2016.04.06 13:28:22.021,0.72335,0.72355,1.75,1.00
2016.04.06 13:28:22.576,0.72336,0.72359,1.75,1.75
2016.04.06 13:28:23.304,0.72335,0.72358,2.25,1.75
2016.04.06 13:28:25.624,0.72335,0.72358,1.75,1.75
2016.04.06 13:28:25.674,0.72335,0.72358,1.50,1.75
2016.04.06 13:28:26.429,0.72332,0.72357,2.10,1.75
2016.04.06 13:28:29.854,0.72332,0.7235,1.00,1.00
2016.04.06 13:28:33.347,0.7233,0.72353,1.75,1.75
2016.04.06 13:28:33.448,0.72329,0.72352,1.50,3.00
2016.04.06 13:28:33.987,0.7233,0.72348,1.00,1.00
2016.04.06 13:28:35.864,0.7233,0.72352,1.50,1.75
2016.04.06 13:28:35.915,0.72332,0.7235,1.00,1.00
2016.04.06 13:28:36.343,0.7233,0.72353,1.75,1.75
2016.04.06 13:28:36.444,0.7233,0.72348,1.00,1.50
2016.04.06 13:28:37.126,0.72335,0.72351,1.00,1.00
2016.04.06 13:28:37.488,0.72332,0.72357,1.75,1.75
2016.04.06 13:28:37.790,0.72335,0.72358,1.75,1.75
2016.04.06 13:28:38.242,0.72333,0.72358,1.75,1.75
2016.04.06 13:28:38.293,0.72333,0.72358,1.75,1.75
2016.04.06 13:28:39.144,0.72333,0.72358,1.75,1.75
2016.04.06 13:28:39.195,0.72339,0.72357,1.00,1.00
2016.04.06 13:28:40.930,0.72339,0.72355,1.00,1.00
2016.04.06 13:28:41.261,0.72335,0.72358,1.37,2.25
2016.04.06 13:28:41.412,0.72335,0.72359,1.75,1.75
2016.04.06 13:28:41.642,0.72331,0.72356,3.00,1.75
2016.04.06 13:28:41.693,0.72331,0.72356,1.75,1.75
2016.04.06 13:28:41.896,0.72331,0.72349,1.50,1.00
2016.04.06 13:28:42.098,0.7233,0.72353,1.75,1.75
2016.04.06 13:28:42.199,0.7233,0.72353,1.75,1.75
2016.04.06 13:28:42.969,0.7233,0.72352,2.25,1.37
2016.04.06 13:28:43.070,0.72333,0.72358,1.75,1.75
2016.04.06 13:28:43.847,0.72337,0.72358,1.00,1.75
2016.04.06 13:28:44.210,0.72333,0.72358,1.75,1.75
2016.04.06 13:28:44.515,0.72333,0.72358,1.75,1.75
2016.04.06 13:28:45.074,0.72332,0.72355,1.75,1.50
2016.04.06 13:28:45.225,0.72327,0.72351,1.75,1.75
2016.04.06 13:28:45.376,0.72323,0.72344,3.75,1.12
2016.04.06 13:28:45.427,0.72321,0.72344,3.00,1.12
2016.04.06 13:28:45.478,0.72326,0.72344,1.00,1.37
2016.04.06 13:28:45.993,0.72325,0.72347,1.12,1.75
2016.04.06 13:28:46.296,0.7233,0.72351,1.75,1.75
2016.04.06 13:28:46.622,0.72334,0.72357,1.75,1.75
2016.04.06 13:28:47.016,0.72333,0.72356,1.75,1.75
2016.04.06 13:28:47.806,0.72336,0.72359,1.50,1.75
2016.04.06 13:28:48.421,0.72332,0.72356,1.75,1.75
2016.04.06 13:28:48.484,0.72332,0.72356,1.75,1.75
2016.04.06 13:28:49.110,0.72334,0.72352,1.00,1.00
2016.04.06 13:28:49.625,0.72332,0.72356,1.75,1.75
2016.04.06 13:28:49.827,0.72337,0.72355,1.00,1.00
2016.04.06 13:28:50.138,0.72335,0.72357,1.50,1.75
2016.04.06 13:28:50.494,0.72335,0.72357,1.75,1.50
2016.04.06 13:28:50.897,0.72337,0.72357,1.00,1.50
2016.04.06 13:28:51.434,0.72335,0.72357,1.75,1.37
2016.04.06 13:28:51.484,0.72337,0.7236,1.75,1.75
2016.04.06 13:28:54.225,0.72341,0.72359,1.00,1.00
2016.04.06 13:28:54.623,0.7234,0.72363,1.75,1.75
2016.04.06 13:28:55.953,0.72341,0.72365,1.75,1.75
2016.04.06 13:28:56.255,0.72341,0.72365,1.75,1.75
2016.04.06 13:28:56.603,0.72346,0.72369,1.75,1.75
2016.04.06 13:28:58.351,0.72344,0.72367,1.50,3.00
2016.04.06 13:28:58.452,0.72344,0.72367,1.50,1.75
2016.04.06 13:28:58.553,0.72345,0.72371,2.25,1.75
2016.04.06 13:28:58.754,0.72345,0.72371,1.75,2.25
2016.04.06 13:28:59.216,0.72345,0.72371,2.25,1.75
2016.04.06 13:29:00.261,0.72346,0.72369,1.75,1.50
2016.04.06 13:29:00.573,0.72348,0.72371,1.75,1.75
2016.04.06 13:29:00.876,0.72346,0.72369,1.75,1.75
2016.04.06 13:29:01.062,0.7235,0.72368,1.00,1.00
2016.04.06 13:29:01.756,0.72347,0.72369,2.25,1.00
2016.04.06 13:29:02.280,0.7235,0.7237,1.50,1.75
2016.04.06 13:29:02.523,0.72351,0.72374,1.75,1.50
2016.04.06 13:29:02.574,0.72356,0.72374,1.00,1.50
2016.04.06 13:29:03.094,0.72356,0.72373,1.00,1.00
2016.04.06 13:29:03.736,0.7235,0.72373,2.25,1.00
2016.04.06 13:29:04.336,0.72356,0.72379,1.75,1.75
2016.04.06 13:29:04.437,0.72358,0.72376,1.00,1.00
2016.04.06 13:29:04.540,0.72355,0.72379,2.25,1.75
2016.04.06 13:29:05.093,0.72355,0.72378,1.75,1.75
2016.04.06 13:29:05.438,0.72359,0.72379,1.00,1.75
2016.04.06 13:29:05.945,0.72356,0.7238,1.75,1.75
2016.04.06 13:29:06.664,0.7236,0.7238,1.75,1.75
2016.04.06 13:29:07.516,0.72357,0.7238,1.75,1.50
2016.04.06 13:29:07.814,0.7236,0.72378,1.00,1.00
2016.04.06 13:29:07.965,0.72359,0.72381,1.75,1.75
2016.04.06 13:29:08.267,0.72359,0.72383,2.25,1.50
2016.04.06 13:29:08.570,0.72359,0.72383,1.75,1.75
2016.04.06 13:29:09.116,0.72359,0.72383,2.25,1.75
2016.04.06 13:29:09.679,0.72361,0.72385,1.75,1.75
2016.04.06 13:29:10.224,0.72362,0.72386,1.75,1.75
2016.04.06 13:29:11.895,0.72362,0.72386,3.00,1.12
2016.04.06 13:29:11.996,0.72367,0.72391,1.75,2.25
2016.04.06 13:29:12.535,0.7237,0.72391,1.75,1.12
2016.04.06 13:29:12.842,0.72368,0.72391,1.75,1.37
2016.04.06 13:29:12.892,0.72372,0.72389,1.00,1.37
2016.04.06 13:29:13.296,0.7237,0.72388,1.00,1.50
2016.04.06 13:29:14.649,0.7237,0.72386,1.00,1.00
2016.04.06 13:29:15.100,0.72363,0.72386,1.75,1.00
2016.04.06 13:29:15.711,0.72364,0.72387,1.75,1.00
2016.04.06 13:29:16.280,0.72363,0.72386,1.75,1.00
2016.04.06 13:29:16.656,0.72365,0.72388,1.50,1.00
2016.04.06 13:29:17.172,0.72362,0.72387,1.75,1.00
2016.04.06 13:29:17.650,0.7236,0.72383,1.75,1.00
2016.04.06 13:29:17.751,0.72365,0.72385,1.12,1.00
2016.04.06 13:29:17.953,0.72362,0.72387,1.50,1.00
2016.04.06 13:29:18.154,0.72361,0.72385,1.75,1.00
2016.04.06 13:29:18.457,0.72365,0.72389,2.25,1.00
2016.04.06 13:29:18.766,0.72365,0.72389,1.75,1.00
2016.04.06 13:29:18.867,0.72365,0.72389,1.75,1.75
2016.04.06 13:29:18.968,0.72366,0.72383,1.00,1.00
2016.04.06 13:29:19.964,0.72364,0.72387,1.75,1.75
2016.04.06 13:29:20.014,0.72366,0.72389,1.75,1.75
2016.04.06 13:29:20.065,0.72366,0.72389,1.75,1.50
2016.04.06 13:29:20.116,0.72366,0.72389,1.75,1.12
2016.04.06 13:29:20.464,0.72364,0.72385,2.25,1.00
2016.04.06 13:29:20.616,0.72362,0.72385,1.75,1.75
2016.04.06 13:29:21.831,0.72362,0.72386,1.75,1.75
2016.04.06 13:29:21.882,0.72362,0.72386,1.75,1.37
2016.04.06 13:29:22.679,0.72365,0.72388,1.75,1.75
2016.04.06 13:29:22.780,0.72365,0.72388,1.75,1.12
2016.04.06 13:29:23.084,0.72367,0.7239,1.75,1.12
2016.04.06 13:29:23.387,0.7236,0.72384,3.75,1.50
2016.04.06 13:29:23.860,0.72366,0.72384,2.25,1.00
2016.04.06 13:29:23.911,0.72367,0.7239,1.75,1.50
2016.04.06 13:29:24.331,0.72366,0.72387,2.25,1.00
2016.04.06 13:29:24.644,0.72365,0.72385,3.00,1.00
2016.04.06 13:29:24.696,0.72363,0.72385,3.75,1.00
2016.04.06 13:29:24.849,0.72365,0.72386,2.25,1.00
2016.04.06 13:29:25.383,0.72365,0.72387,3.00,1.00
2016.04.06 13:29:25.707,0.72363,0.72386,2.25,1.12
2016.04.06 13:29:25.758,0.72363,0.72384,2.25,1.00
2016.04.06 13:29:25.962,0.72363,0.72386,2.25,1.12
2016.04.06 13:29:27.283,0.72363,0.72385,2.25,1.00
2016.04.06 13:29:29.851,0.72363,0.72384,2.25,1.00
2016.04.06 13:29:30.123,0.72367,0.72384,1.00,1.00
2016.04.06 13:29:30.597,0.72363,0.72385,2.25,1.12
2016.04.06 13:29:30.749,0.72366,0.72389,1.75,1.12
2016.04.06 13:29:30.901,0.72371,0.7239,1.00,1.37
2016.04.06 13:29:31.684,0.72368,0.72391,3.00,1.50
2016.04.06 13:29:31.735,0.72368,0.72391,3.00,1.12
2016.04.06 13:29:32.784,0.7237,0.72393,1.75,1.12
2016.04.06 13:29:33.595,0.72369,0.72393,5.25,1.37
2016.04.06 13:29:33.645,0.7237,0.72393,1.75,1.50
2016.04.06 13:29:33.696,0.7237,0.72393,1.75,1.50
2016.04.06 13:29:35.986,0.72371,0.72396,1.75,1.75
2016.04.06 13:29:36.086,0.72371,0.72394,3.00,1.50
2016.04.06 13:29:36.288,0.72373,0.72396,1.75,1.75
2016.04.06 13:29:36.389,0.72372,0.72395,1.75,1.75
2016.04.06 13:29:36.950,0.7237,0.72393,2.25,1.50
2016.04.06 13:29:38.605,0.72373,0.72394,1.00,1.75
2016.04.06 13:29:39.189,0.72378,0.72395,1.37,1.37
2016.04.06 13:29:39.242,0.72378,0.72404,1.50,3.00
2016.04.06 13:29:42.678,0.7238,0.72402,1.00,1.75
2016.04.06 13:29:42.729,0.7238,0.72403,1.37,1.75
2016.04.06 13:29:42.779,0.7238,0.72403,1.75,1.75
2016.04.06 13:29:42.830,0.7238,0.72403,1.75,1.75
2016.04.06 13:29:42.931,0.7238,0.72403,3.75,1.00
2016.04.06 13:29:45.236,0.72384,0.72405,1.50,1.75
2016.04.06 13:29:45.287,0.72384,0.72401,1.50,1.00
2016.04.06 13:29:45.733,0.72389,0.72409,1.00,3.60
2016.04.06 13:29:46.480,0.72384,0.72409,1.50,3.00
2016.04.06 13:29:47.512,0.72384,0.72408,1.75,1.75
2016.04.06 13:29:48.047,0.7239,0.72414,1.50,1.75
2016.04.06 13:29:48.198,0.72391,0.72409,1.00,1.00
2016.04.06 13:29:49.276,0.72388,0.72412,1.75,1.75
2016.04.06 13:29:49.516,0.72388,0.72411,1.00,2.25
2016.04.06 13:29:50.019,0.72386,0.7241,1.50,1.75
2016.04.06 13:29:50.428,0.72387,0.72411,1.75,1.75
2016.04.06 13:29:51.327,0.72387,0.72405,1.50,1.00
2016.04.06 13:29:53.020,0.72387,0.72411,1.50,1.75
2016.04.06 13:29:53.827,0.72388,0.72412,1.75,1.75
2016.04.06 13:29:54.522,0.72389,0.72413,1.75,1.75
2016.04.06 13:29:55.252,0.7239,0.72414,2.25,1.75
2016.04.06 13:29:55.454,0.72394,0.72412,1.00,1.00
2016.04.06 13:29:55.643,0.72391,0.72414,1.75,1.75
2016.04.06 13:29:56.225,0.7239,0.72413,1.75,1.75
2016.04.06 13:29:56.546,0.72395,0.72414,1.00,1.75
2016.04.06 13:29:57.149,0.72395,0.72415,1.12,1.75
2016.04.06 13:29:57.250,0.72395,0.72416,1.75,1.50
2016.04.06 13:29:57.480,0.72396,0.72413,1.00,1.00
2016.04.06 13:29:58.045,0.72396,0.72415,1.00,1.75
2016.04.06 13:29:58.146,0.72396,0.72415,1.50,1.75
2016.04.06 13:29:58.247,0.72396,0.7242,1.75,1.75
2016.04.06 13:29:58.545,0.72402,0.7242,1.00,1.00
2016.04.06 13:29:59.059,0.724,0.72424,1.75,1.75
2016.04.06 13:29:59.570,0.72401,0.72425,1.75,1.75
2016.04.06 13:29:59.880,0.72403,0.72427,1.75,1.75
2016.04.06 13:30:00.082,0.72408,0.72426,1.00,1.00
2016.04.06 13:30:00.877,0.7241,0.7243,1.12,1.75
2016.04.06 13:30:01.179,0.72413,0.7243,1.75,1.00
2016.04.06 13:30:01.237,0.72415,0.72435,1.50,1.75
2016.04.06 13:30:01.439,0.72411,0.7243,1.75,1.00
2016.04.06 13:30:02.273,0.7241,0.7243,1.75,2.25
2016.04.06 13:30:04.178,0.72413,0.72431,1.00,1.50
2016.04.06 13:30:04.279,0.7241,0.72431,1.75,1.75
2016.04.06 13:30:05.688,0.72414,0.72431,1.00,1.00
2016.04.06 13:30:05.941,0.72414,0.72436,1.00,3.75
2016.04.06 13:30:06.595,0.7241,0.72431,1.75,1.50
2016.04.06 13:30:06.915,0.72415,0.72435,1.00,2.25
2016.04.06 13:30:07.276,0.72411,0.7243,1.12,1.75
2016.04.06 13:30:07.378,0.7241,0.7243,1.00,2.25
2016.04.06 13:30:07.680,0.72406,0.7243,1.75,1.75
2016.04.06 13:30:08.349,0.72404,0.72427,1.75,1.75
2016.04.06 13:30:08.702,0.72404,0.72427,2.25,1.37
2016.04.06 13:30:09.300,0.72406,0.72424,1.00,1.00
2016.04.06 13:30:10.207,0.7241,0.72425,1.00,1.00
2016.04.06 13:30:11.108,0.7241,0.7243,1.37,1.75
2016.04.06 13:30:11.159,0.7241,0.7243,1.50,1.75
2016.04.06 13:30:12.182,0.72407,0.7243,1.75,1.75
2016.04.06 13:30:12.233,0.72408,0.72426,1.00,1.00
2016.04.06 13:30:12.478,0.7241,0.72426,1.00,1.00
2016.04.06 13:30:13.275,0.72408,0.72426,1.00,1.00
2016.04.06 13:30:13.580,0.7241,0.72426,1.00,1.00
2016.04.06 13:30:13.817,0.72408,0.72426,1.00,1.00
2016.04.06 13:30:14.021,0.7241,0.72426,1.00,1.00
2016.04.06 13:30:14.328,0.72408,0.72426,1.00,1.00
2016.04.06 13:30:15.011,0.72409,0.72426,1.00,1.00
2016.04.06 13:30:15.325,0.7241,0.7243,1.75,1.00
2016.04.06 13:30:15.376,0.72415,0.72435,1.50,2.25
2016.04.06 13:30:15.427,0.72415,0.72435,1.00,2.25
2016.04.06 13:30:15.528,0.72415,0.72435,1.50,1.75
2016.04.06 13:30:16.091,0.72415,0.72434,1.12,1.75
2016.04.06 13:30:16.488,0.7241,0.72433,3.75,1.50
2016.04.06 13:30:16.989,0.7241,0.72433,2.25,1.50
2016.04.06 13:30:17.422,0.7241,0.72434,2.25,1.75
2016.04.06 13:30:17.623,0.7241,0.72433,1.75,1.50
2016.04.06 13:30:18.149,0.72409,0.72431,1.75,1.00
2016.04.06 13:30:18.200,0.72409,0.72431,1.75,1.00
2016.04.06 13:30:18.521,0.7241,0.72433,1.75,1.75
2016.04.06 13:30:18.791,0.7241,0.72432,1.75,1.75
2016.04.06 13:30:19.499,0.7241,0.72432,1.37,1.75
2016.04.06 13:30:19.555,0.72413,0.72431,1.00,1.00
2016.04.06 13:30:20.003,0.72413,0.72431,1.00,1.50
2016.04.06 13:30:20.306,0.7241,0.72429,1.12,1.75
2016.04.06 13:30:20.855,0.72404,0.72428,1.75,1.75
2016.04.06 13:30:22.052,0.7241,0.7243,1.00,2.25
2016.04.06 13:30:22.262,0.7241,0.7243,1.12,2.25
2016.04.06 13:30:22.313,0.72408,0.72431,1.75,1.75
2016.04.06 13:30:22.620,0.7241,0.72434,1.87,3.00
2016.04.06 13:30:22.671,0.7241,0.72434,2.25,1.75
2016.04.06 13:30:22.873,0.7241,0.72434,2.85,1.75
2016.04.06 13:30:23.126,0.72417,0.72435,1.00,1.00
2016.04.06 13:30:23.431,0.7242,0.72441,1.37,1.75
2016.04.06 13:30:23.482,0.7242,0.72441,1.75,1.75
2016.04.06 13:30:23.784,0.7242,0.72438,1.00,1.00
2016.04.06 13:30:23.935,0.72418,0.72443,1.75,3.00
2016.04.06 13:30:24.265,0.72418,0.7244,1.00,2.85
2016.04.06 13:30:24.366,0.72418,0.72441,1.50,1.75
2016.04.06 13:30:24.721,0.72416,0.72439,1.75,1.75
2016.04.06 13:30:25.007,0.72415,0.72438,1.37,1.75
2016.04.06 13:30:25.058,0.72413,0.72431,1.00,1.00
2016.04.06 13:30:25.540,0.72412,0.72436,1.75,1.75
2016.04.06 13:30:25.691,0.72413,0.72438,1.75,3.00
2016.04.06 13:30:26.623,0.7241,0.72434,1.75,1.75
2016.04.06 13:30:26.883,0.7241,0.72435,2.25,1.75
2016.04.06 13:30:27.185,0.72412,0.72436,1.75,1.75
2016.04.06 13:30:27.337,0.72413,0.72434,1.00,1.75
2016.04.06 13:30:27.880,0.72411,0.72434,1.37,1.75
2016.04.06 13:30:28.532,0.72411,0.72434,1.37,1.75
2016.04.06 13:30:29.051,0.72411,0.72434,1.50,1.75
2016.04.06 13:30:29.422,0.72411,0.72434,1.50,1.75
2016.04.06 13:30:29.945,0.72411,0.72434,1.75,1.75
2016.04.06 13:30:30.480,0.72412,0.72435,1.75,1.75
2016.04.06 13:30:30.934,0.72414,0.72438,1.75,1.75
2016.04.06 13:30:31.236,0.7242,0.72442,1.75,1.75
2016.04.06 13:30:32.491,0.72422,0.72445,1.75,2.25
2016.04.06 13:30:32.541,0.72422,0.72445,1.75,2.25
2016.04.06 13:30:32.765,0.72429,0.7245,1.37,2.25
2016.04.06 13:30:32.817,0.72429,0.72452,1.37,1.75
2016.04.06 13:30:32.918,0.72426,0.72449,1.50,1.75
2016.04.06 13:30:32.969,0.72426,0.72449,1.50,1.75
2016.04.06 13:30:33.501,0.72425,0.72448,1.75,1.75
2016.04.06 13:30:34.068,0.72425,0.72448,1.50,1.75
2016.04.06 13:30:34.119,0.72422,0.72446,1.37,3.00
2016.04.06 13:30:34.170,0.72422,0.72445,1.00,3.00
2016.04.06 13:30:34.272,0.72422,0.72443,1.00,2.25
2016.04.06 13:30:34.373,0.72422,0.72444,1.00,2.25
2016.04.06 13:30:34.423,0.72424,0.72444,1.12,2.25
2016.04.06 13:30:34.474,0.72424,0.72442,1.50,1.00
2016.04.06 13:30:34.827,0.72425,0.72438,1.00,1.00
2016.04.06 13:30:35.023,0.72425,0.72442,1.00,1.00
2016.04.06 13:30:35.248,0.72425,0.72443,1.00,1.75
2016.04.06 13:30:35.349,0.72425,0.72444,1.50,1.75
2016.04.06 13:30:35.890,0.72425,0.72443,1.12,1.75
2016.04.06 13:30:35.941,0.72423,0.7244,1.00,1.00
2016.04.06 13:30:36.748,0.7242,0.7244,1.75,1.12
2016.04.06 13:30:37.527,0.7242,0.7244,1.75,1.37
2016.04.06 13:30:38.050,0.7242,0.72441,1.75,1.37
2016.04.06 13:30:38.705,0.72419,0.7244,1.75,1.50
2016.04.06 13:30:38.756,0.72419,0.7244,1.75,1.75
2016.04.06 13:30:39.259,0.7242,0.7244,1.00,2.25
2016.04.06 13:30:40.268,0.7242,0.72438,1.00,1.75
2016.04.06 13:30:40.491,0.7242,0.72438,1.00,1.75
2016.04.06 13:30:41.171,0.7242,0.7244,1.00,2.25
2016.04.06 13:30:41.222,0.7242,0.7244,1.00,3.75
2016.04.06 13:30:41.750,0.72419,0.72438,1.00,1.75
2016.04.06 13:30:42.759,0.72415,0.72435,1.50,1.50
2016.04.06 13:30:43.275,0.72415,0.72438,3.60,1.50
2016.04.06 13:30:43.376,0.72425,0.72439,1.00,1.00
2016.04.06 13:30:43.477,0.72425,0.72442,1.00,1.75
2016.04.06 13:30:43.528,0.72419,0.72438,1.75,1.50
2016.04.06 13:30:44.964,0.72417,0.72438,1.75,1.50
2016.04.06 13:30:47.793,0.72421,0.7244,1.00,1.75
2016.04.06 13:30:48.341,0.72415,0.72439,3.00,1.50
2016.04.06 13:30:48.592,0.72415,0.72438,1.75,1.37
2016.04.06 13:30:51.387,0.72416,0.72441,1.75,1.75
2016.04.06 13:30:51.630,0.72415,0.72438,1.75,1.75
2016.04.06 13:30:52.032,0.72416,0.72439,1.75,1.75
2016.04.06 13:30:53.220,0.7241,0.72436,2.25,1.75
2016.04.06 13:30:53.614,0.72412,0.72435,1.37,3.75
2016.04.06 13:30:53.665,0.72408,0.72433,1.75,1.75
2016.04.06 13:30:54.168,0.7241,0.72433,1.12,3.00
2016.04.06 13:30:54.219,0.72408,0.7243,1.00,2.25
2016.04.06 13:30:54.533,0.72408,0.72427,1.00,2.25
2016.04.06 13:30:54.635,0.72408,0.72428,1.00,2.25
2016.04.06 13:30:54.736,0.72406,0.72421,1.00,1.00
2016.04.06 13:30:54.887,0.72402,0.72418,1.00,1.00
2016.04.06 13:30:54.938,0.72398,0.72416,1.00,1.00
2016.04.06 13:30:55.567,0.72396,0.72419,1.75,1.75
2016.04.06 13:30:55.871,0.724,0.72421,1.12,1.75
2016.04.06 13:30:55.922,0.724,0.72421,1.87,1.37
2016.04.06 13:30:55.973,0.72406,0.72424,1.00,1.00
2016.04.06 13:30:56.124,0.72405,0.72425,1.12,1.75
2016.04.06 13:30:56.637,0.72404,0.72421,1.00,1.00
2016.04.06 13:30:56.944,0.724,0.7242,1.00,3.75
2016.04.06 13:30:57.045,0.724,0.7242,2.25,1.75
2016.04.06 13:30:57.097,0.724,0.7242,2.25,1.75
2016.04.06 13:30:57.631,0.724,0.72418,1.50,1.00
2016.04.06 13:30:57.733,0.724,0.72422,1.00,1.75
2016.04.06 13:30:58.405,0.72396,0.72422,2.10,4.50
2016.04.06 13:30:58.808,0.72395,0.72421,2.25,2.25
2016.04.06 13:30:59.216,0.72396,0.7242,1.00,2.25
2016.04.06 13:30:59.470,0.72395,0.72418,1.00,2.25
2016.04.06 13:30:59.944,0.72395,0.72415,1.00,1.50
2016.04.06 13:30:59.995,0.72395,0.72415,1.00,1.12
2016.04.06 13:31:00.046,0.72395,0.72417,1.50,1.00
2016.04.06 13:31:00.147,0.72397,0.72422,1.00,1.75
2016.04.06 13:31:00.248,0.72394,0.72418,1.75,1.00
2016.04.06 13:31:00.349,0.72394,0.72418,1.00,1.50
2016.04.06 13:31:00.601,0.72393,0.72419,1.75,1.12
2016.04.06 13:31:01.416,0.72405,0.72419,1.00,1.12
2016.04.06 13:31:01.517,0.72397,0.72421,1.37,1.37
2016.04.06 13:31:01.618,0.72405,0.72421,1.00,1.37
2016.04.06 13:31:01.870,0.72405,0.72421,1.00,1.75
2016.04.06 13:31:01.971,0.724,0.7242,1.75,1.75
2016.04.06 13:31:02.549,0.72405,0.72421,1.00,1.75
2016.04.06 13:31:03.050,0.72405,0.72423,1.00,1.75
2016.04.06 13:31:03.597,0.72405,0.7242,1.00,1.00
2016.04.06 13:31:03.749,0.72405,0.72421,1.00,1.75
2016.04.06 13:31:04.001,0.72405,0.7242,1.00,1.00
2016.04.06 13:31:04.153,0.724,0.7242,1.75,1.50
2016.04.06 13:31:04.533,0.72405,0.72421,1.00,1.75
2016.04.06 13:31:04.583,0.724,0.72421,1.00,1.75
2016.04.06 13:31:04.684,0.724,0.72421,1.50,1.75
2016.04.06 13:31:04.936,0.724,0.72419,1.75,1.00
2016.04.06 13:31:06.124,0.72401,0.72426,1.75,1.75
2016.04.06 13:31:06.640,0.72405,0.72425,1.00,1.75
2016.04.06 13:31:07.147,0.72405,0.72426,1.12,1.75
2016.04.06 13:31:07.862,0.72405,0.72423,1.37,1.00
2016.04.06 13:31:08.164,0.7241,0.72429,1.00,3.00
2016.04.06 13:31:08.215,0.72406,0.72429,1.12,3.00
2016.04.06 13:31:08.266,0.72406,0.72428,1.00,3.75
2016.04.06 13:31:08.417,0.72401,0.72424,1.87,1.75
2016.04.06 13:31:09.250,0.72405,0.72424,1.12,1.75
2016.04.06 13:31:09.502,0.72405,0.72424,1.75,1.12
2016.04.06 13:31:09.553,0.72401,0.72424,1.50,1.37
2016.04.06 13:31:09.603,0.72402,0.72425,1.00,4.50
2016.04.06 13:31:10.075,0.724,0.72419,1.37,1.75
2016.04.06 13:31:10.126,0.72395,0.72419,2.10,3.00
2016.04.06 13:31:10.227,0.724,0.72419,1.00,3.00
2016.04.06 13:31:10.631,0.72395,0.72416,1.50,1.75
2016.04.06 13:31:11.249,0.72395,0.72418,2.25,1.75
2016.04.06 13:31:11.551,0.724,0.72415,1.00,1.00
2016.04.06 13:31:11.854,0.72399,0.72418,1.37,1.00
2016.04.06 13:31:12.166,0.72397,0.72422,2.25,1.75
2016.04.06 13:31:12.269,0.724,0.72418,1.37,1.00
2016.04.06 13:31:12.572,0.72405,0.72428,1.50,3.00
2016.04.06 13:31:12.774,0.72404,0.7242,1.00,1.12
2016.04.06 13:31:13.040,0.72399,0.72421,1.12,2.25
2016.04.06 13:31:13.343,0.72401,0.72422,1.00,2.25
2016.04.06 13:31:13.444,0.724,0.72423,1.50,1.75
2016.04.06 13:31:13.881,0.724,0.72423,2.25,1.75
2016.04.06 13:31:14.235,0.724,0.72423,1.75,1.75
2016.04.06 13:31:14.541,0.724,0.72423,1.87,1.75
2016.04.06 13:31:14.592,0.724,0.72417,1.50,1.00
2016.04.06 13:31:14.693,0.724,0.72423,1.87,1.75
2016.04.06 13:31:14.743,0.72405,0.72423,1.12,1.75
2016.04.06 13:31:14.895,0.72402,0.72423,1.75,1.50
2016.04.06 13:31:15.406,0.72403,0.72426,1.75,1.75
2016.04.06 13:31:15.952,0.72403,0.72427,1.75,1.75
2016.04.06 13:31:16.340,0.72403,0.72427,3.75,1.37
2016.04.06 13:31:16.395,0.72405,0.72427,2.25,1.12
2016.04.06 13:31:17.467,0.72411,0.72435,1.50,3.00
2016.04.06 13:31:17.518,0.72415,0.72433,1.00,1.00
2016.04.06 13:31:17.568,0.72411,0.72436,2.25,1.75
2016.04.06 13:31:17.871,0.72414,0.72436,1.50,1.75
2016.04.06 13:31:18.339,0.72406,0.72429,1.37,1.75
2016.04.06 13:31:18.391,0.72406,0.72422,1.00,1.00
2016.04.06 13:31:18.594,0.72403,0.72429,2.25,1.75
2016.04.06 13:31:18.645,0.72403,0.72429,2.25,1.75
2016.04.06 13:31:19.202,0.72407,0.72431,1.50,3.00
2016.04.06 13:31:19.404,0.72407,0.72431,1.75,1.75
2016.04.06 13:31:19.505,0.72407,0.72428,1.75,1.00
2016.04.06 13:31:19.909,0.72409,0.72431,1.50,1.75
2016.04.06 13:31:20.765,0.7241,0.7243,1.37,1.75
2016.04.06 13:31:21.280,0.72409,0.72431,1.00,1.75
2016.04.06 13:31:21.618,0.72415,0.72433,1.00,4.50
2016.04.06 13:31:21.921,0.7241,0.72431,1.00,1.75
2016.04.06 13:31:22.206,0.7241,0.72429,1.00,2.25
2016.04.06 13:31:22.257,0.72408,0.72429,1.00,2.25
2016.04.06 13:31:22.371,0.72406,0.72429,1.12,3.00
2016.04.06 13:31:22.472,0.7241,0.72429,1.00,3.00
2016.04.06 13:31:23.108,0.7241,0.72429,1.00,1.75
2016.04.06 13:31:23.159,0.72405,0.72429,2.25,1.75
2016.04.06 13:31:23.647,0.7241,0.72428,1.00,1.00
2016.04.06 13:31:24.382,0.7241,0.72427,1.50,1.00
2016.04.06 13:31:24.433,0.7241,0.7243,1.50,1.75
2016.04.06 13:31:24.786,0.72407,0.72425,1.12,1.50
2016.04.06 13:31:24.887,0.72401,0.72424,1.75,1.75
2016.04.06 13:31:25.408,0.72399,0.7242,1.75,1.87
2016.04.06 13:31:25.711,0.72401,0.72419,1.00,1.00
2016.04.06 13:31:26.118,0.724,0.72423,1.75,1.75
2016.04.06 13:31:26.572,0.72401,0.72424,1.37,1.75
2016.04.06 13:31:26.623,0.72401,0.72424,1.12,3.00
2016.04.06 13:31:26.724,0.72399,0.72422,1.12,2.25
2016.04.06 13:31:27.640,0.72399,0.7242,1.50,1.75
2016.04.06 13:31:27.691,0.72399,0.7242,1.75,1.75
2016.04.06 13:31:28.225,0.724,0.7242,1.00,3.00
2016.04.06 13:31:28.770,0.72401,0.7242,1.00,1.75
2016.04.06 13:31:28.821,0.72401,0.7242,1.00,1.75
2016.04.06 13:31:29.551,0.72401,0.7242,1.00,1.75
2016.04.06 13:31:30.216,0.72401,0.72415,1.00,1.00
2016.04.06 13:31:30.270,0.72401,0.72415,1.00,1.75
2016.04.06 13:31:30.373,0.72399,0.7241,1.00,1.12
2016.04.06 13:31:30.525,0.72395,0.72411,1.00,1.00
2016.04.06 13:31:30.626,0.72393,0.7241,1.00,1.00
2016.04.06 13:31:30.831,0.72395,0.72415,1.00,2.25
2016.04.06 13:31:31.471,0.72391,0.72411,1.75,1.12
2016.04.06 13:31:31.806,0.72392,0.7241,1.50,1.50
2016.04.06 13:31:32.719,0.72395,0.72415,1.50,1.75
2016.04.06 13:31:32.820,0.72395,0.72415,1.87,1.75
2016.04.06 13:31:33.328,0.72394,0.72412,3.00,1.00
2016.04.06 13:31:33.379,0.72397,0.72419,1.00,2.25
2016.04.06 13:31:33.885,0.72397,0.7242,1.12,3.00
2016.04.06 13:31:34.402,0.72397,0.7242,1.37,1.75
2016.04.06 13:31:35.019,0.72399,0.7242,1.12,1.75
2016.04.06 13:31:35.321,0.72399,0.72425,1.50,5.25
2016.04.06 13:31:35.723,0.72399,0.72416,1.00,1.00
2016.04.06 13:31:35.959,0.72401,0.72424,1.12,3.75
2016.04.06 13:31:36.161,0.72399,0.72417,1.50,1.00
2016.04.06 13:31:36.262,0.72401,0.72417,1.00,1.00
2016.04.06 13:31:36.909,0.724,0.72424,1.50,1.75
2016.04.06 13:31:38.414,0.724,0.72424,1.75,1.75
2016.04.06 13:31:38.465,0.72403,0.72429,1.75,4.50
2016.04.06 13:31:39.327,0.72405,0.72426,1.00,2.25
2016.04.06 13:31:39.651,0.72401,0.72424,1.50,1.75
2016.04.06 13:31:40.452,0.72401,0.72427,1.75,3.00
2016.04.06 13:31:40.654,0.72404,0.72422,1.50,1.00
2016.04.06 13:31:40.755,0.72404,0.72427,1.75,1.75
2016.04.06 13:31:41.151,0.72402,0.72426,1.37,2.25
2016.04.06 13:31:41.707,0.72403,0.72426,1.37,1.75
2016.04.06 13:31:42.370,0.724,0.72425,2.25,4.50
2016.04.06 13:31:42.873,0.72399,0.72422,2.25,1.75
2016.04.06 13:31:43.024,0.72403,0.72427,1.75,2.10
2016.04.06 13:31:43.321,0.72403,0.72421,1.00,1.00
2016.04.06 13:31:43.575,0.72403,0.72424,1.00,1.75
2016.04.06 13:31:44.183,0.72401,0.72418,1.00,1.00
2016.04.06 13:31:44.700,0.724,0.72418,1.50,1.00
2016.04.06 13:31:44.751,0.724,0.72422,1.50,2.25
2016.04.06 13:31:46.056,0.72397,0.7242,1.75,1.75
2016.04.06 13:31:46.107,0.72397,0.7242,1.75,1.50
2016.04.06 13:31:46.669,0.72396,0.72419,1.75,1.37
2016.04.06 13:31:47.882,0.72397,0.7242,1.75,1.75
2016.04.06 13:31:47.983,0.72398,0.72419,1.00,1.75
2016.04.06 13:31:48.437,0.72396,0.7242,1.75,1.75
2016.04.06 13:31:49.687,0.72395,0.72419,2.25,1.50
2016.04.06 13:31:49.888,0.72395,0.72418,2.25,1.75
2016.04.06 13:31:49.939,0.72395,0.72413,2.25,1.00
2016.04.06 13:31:50.192,0.72395,0.72417,1.50,1.75
2016.04.06 13:31:50.615,0.72395,0.72416,1.75,1.75
2016.04.06 13:31:50.716,0.72395,0.72413,1.00,1.00
2016.04.06 13:31:50.969,0.72392,0.72413,1.75,1.00
2016.04.06 13:31:51.357,0.72392,0.72415,1.75,1.75
2016.04.06 13:31:53.179,0.72395,0.72412,1.37,1.00
2016.04.06 13:31:53.489,0.72391,0.72414,1.75,1.75
2016.04.06 13:31:53.641,0.72394,0.72412,1.00,1.00
2016.04.06 13:31:53.998,0.72395,0.72412,1.37,1.00
2016.04.06 13:31:55.211,0.72394,0.72413,2.25,1.35
2016.04.06 13:31:57.120,0.72394,0.72414,1.00,1.35
2016.04.06 13:31:57.653,0.72395,0.72413,1.00,1.75
2016.04.06 13:31:57.754,0.72395,0.72413,1.50,1.50
2016.04.06 13:31:58.545,0.72395,0.72414,1.75,1.30
2016.04.06 13:31:58.901,0.72395,0.72416,1.87,2.25
2016.04.06 13:31:59.052,0.72395,0.72411,1.00,1.00
2016.04.06 13:31:59.212,0.72395,0.72415,1.00,1.75
2016.04.06 13:31:59.582,0.7239,0.72414,2.25,3.00
2016.04.06 13:31:59.633,0.7239,0.72414,2.25,1.75
2016.04.06 13:31:59.935,0.72392,0.72415,1.75,2.25
2016.04.06 13:32:01.128,0.72392,0.72415,1.75,2.25
2016.04.06 13:32:01.790,0.72392,0.72411,1.75,1.00
2016.04.06 13:32:02.099,0.72392,0.72415,1.75,1.75
2016.04.06 13:32:02.338,0.72391,0.72414,1.75,1.75
2016.04.06 13:32:02.540,0.72386,0.7241,1.75,1.75
2016.04.06 13:32:03.859,0.72385,0.72409,1.75,2.10
2016.04.06 13:32:04.202,0.72385,0.72409,1.50,2.10
2016.04.06 13:32:04.371,0.72385,0.72409,1.50,3.60
2016.04.06 13:32:04.648,0.72385,0.72409,1.75,1.75
2016.04.06 13:32:04.749,0.72385,0.72409,2.25,1.75
2016.04.06 13:32:04.850,0.72385,0.72409,1.75,1.75
2016.04.06 13:32:05.447,0.72385,0.7241,1.75,1.75
2016.04.06 13:32:05.548,0.72388,0.72412,1.50,1.75
2016.04.06 13:32:06.061,0.72388,0.72412,1.75,1.75
2016.04.06 13:32:06.542,0.72396,0.72414,1.00,1.00
2016.04.06 13:32:06.643,0.72389,0.72413,1.75,1.75
2016.04.06 13:32:06.946,0.72385,0.72409,2.25,1.75
2016.04.06 13:32:07.562,0.72385,0.72409,3.00,1.50
2016.04.06 13:32:07.663,0.7239,0.72411,1.75,1.12
2016.04.06 13:32:07.765,0.72392,0.72415,1.75,2.25
2016.04.06 13:32:08.148,0.72392,0.72415,1.75,2.25
2016.04.06 13:32:08.705,0.72395,0.72413,1.00,1.00
2016.04.06 13:32:08.868,0.7239,0.72415,3.00,2.25
2016.04.06 13:32:09.681,0.7239,0.72415,2.25,2.25
2016.04.06 13:32:10.874,0.72391,0.72414,1.75,1.75
2016.04.06 13:32:11.870,0.72389,0.72413,1.75,1.75
2016.04.06 13:32:12.388,0.72388,0.72411,1.75,1.75
2016.04.06 13:32:13.251,0.7239,0.72413,2.25,1.75
2016.04.06 13:32:13.778,0.7239,0.7241,1.37,1.75
2016.04.06 13:32:14.089,0.7239,0.7241,1.75,1.37
2016.04.06 13:32:14.424,0.72387,0.72407,1.75,1.30
2016.04.06 13:32:14.726,0.72381,0.72405,1.75,1.75
2016.04.06 13:32:15.296,0.72381,0.72405,1.75,1.75
2016.04.06 13:32:15.855,0.72385,0.72402,1.37,1.00
2016.04.06 13:32:16.387,0.72383,0.72407,1.75,2.10
2016.04.06 13:32:16.488,0.72384,0.72402,1.00,1.00
2016.04.06 13:32:17.433,0.72385,0.72402,1.00,1.00
2016.04.06 13:32:17.810,0.72385,0.72407,1.75,2.10
2016.04.06 13:32:18.504,0.72385,0.72407,1.75,1.35
2016.04.06 13:32:19.190,0.7239,0.72408,1.50,1.60
2016.04.06 13:32:19.392,0.7239,0.72409,1.75,1.72
2016.04.06 13:32:19.672,0.7239,0.72409,1.75,1.72
2016.04.06 13:32:19.783,0.72395,0.72413,1.00,1.00
2016.04.06 13:32:19.885,0.72392,0.72415,1.75,2.10
2016.04.06 13:32:20.406,0.72391,0.72414,1.75,1.75
2016.04.06 13:32:20.990,0.72397,0.72415,1.00,2.10
2016.04.06 13:32:21.091,0.72394,0.72412,1.00,1.00
2016.04.06 13:32:21.394,0.72391,0.72409,1.00,1.00
2016.04.06 13:32:21.752,0.72389,0.72415,2.25,2.10
2016.04.06 13:32:22.599,0.72396,0.72414,1.00,1.00
2016.04.06 13:32:23.400,0.72395,0.72415,1.75,1.30
2016.04.06 13:32:24.268,0.72395,0.72415,1.75,1.75
2016.04.06 13:32:25.013,0.72395,0.72415,1.75,1.50
2016.04.06 13:32:26.917,0.72395,0.72415,1.50,1.75
2016.04.06 13:32:27.938,0.72394,0.72415,1.75,1.75
2016.04.06 13:32:30.198,0.72395,0.72416,1.75,1.75
2016.04.06 13:32:30.500,0.72395,0.72419,2.25,2.10
2016.04.06 13:32:31.789,0.724,0.72418,1.50,1.50
2016.04.06 13:32:32.046,0.72398,0.72416,1.00,1.00
2016.04.06 13:32:33.048,0.72395,0.72417,1.75,1.37
2016.04.06 13:32:33.613,0.72395,0.72418,1.75,1.50
2016.04.06 13:32:34.029,0.72395,0.72415,1.37,1.75
2016.04.06 13:32:34.332,0.72395,0.72412,1.00,2.25
2016.04.06 13:32:34.768,0.72391,0.7241,1.00,2.10
2016.04.06 13:32:35.036,0.72385,0.72407,2.25,1.35
2016.04.06 13:32:35.315,0.7239,0.72404,1.00,1.67
2016.04.06 13:32:35.366,0.72385,0.72404,1.75,1.67
2016.04.06 13:32:35.417,0.72385,0.72404,1.00,1.35
2016.04.06 13:32:35.589,0.7238,0.72404,2.25,1.35
2016.04.06 13:32:35.640,0.7238,0.72404,1.87,3.60
2016.04.06 13:32:36.174,0.72375,0.724,2.25,1.75
2016.04.06 13:32:36.480,0.7238,0.724,1.50,1.75
2016.04.06 13:32:37.223,0.7238,0.72401,1.75,1.75
2016.04.06 13:32:39.361,0.72382,0.724,1.00,1.00
2016.04.06 13:32:39.911,0.7238,0.72401,1.50,1.75
2016.04.06 13:32:40.233,0.7238,0.72396,1.00,1.35
2016.04.06 13:32:40.435,0.7238,0.72394,1.00,1.00
2016.04.06 13:32:40.536,0.7238,0.72398,1.00,1.00
2016.04.06 13:32:41.154,0.72378,0.72396,1.00,1.00
2016.04.06 13:32:41.509,0.72374,0.72397,1.75,1.50
2016.04.06 13:32:42.160,0.72375,0.72398,1.75,1.75
2016.04.06 13:32:42.261,0.72375,0.72398,1.75,1.75
2016.04.06 13:32:43.519,0.72379,0.72397,1.37,1.37
2016.04.06 13:32:43.570,0.7238,0.72404,2.25,1.50
2016.04.06 13:32:43.671,0.7238,0.72404,1.75,1.75
2016.04.06 13:32:45.470,0.7238,0.724,1.37,1.37
2016.04.06 13:32:45.571,0.7238,0.72399,1.00,1.75
2016.04.06 13:32:46.073,0.72375,0.72399,1.75,1.75
2016.04.06 13:32:46.845,0.72378,0.72396,1.00,1.00
2016.04.06 13:32:47.388,0.7238,0.724,1.12,2.10
2016.04.06 13:32:47.713,0.72379,0.72402,1.75,2.10
2016.04.06 13:32:48.572,0.72379,0.72402,1.75,1.75
2016.04.06 13:32:49.076,0.7238,0.72402,1.50,1.75
2016.04.06 13:32:49.431,0.72385,0.72401,1.00,1.75
2016.04.06 13:32:49.821,0.72379,0.72401,1.75,1.75
2016.04.06 13:32:49.922,0.72385,0.72401,1.00,1.75
2016.04.06 13:32:49.998,0.7238,0.72401,1.50,1.75
2016.04.06 13:32:50.150,0.72385,0.72401,1.00,1.75
2016.04.06 13:32:50.440,0.7238,0.72401,1.50,1.75
2016.04.06 13:32:55.624,0.72385,0.72401,1.00,1.00
2016.04.06 13:32:55.947,0.72385,0.72403,1.00,2.10
2016.04.06 13:32:56.277,0.7238,0.724,1.75,1.50
2016.04.06 13:32:56.797,0.72384,0.72403,1.00,2.10
2016.04.06 13:32:57.299,0.7238,0.72398,1.75,2.47
2016.04.06 13:32:57.602,0.7238,0.72395,1.00,1.30
2016.04.06 13:32:58.385,0.7238,0.72396,1.12,1.72
2016.04.06 13:32:59.463,0.72384,0.72399,1.00,1.75
2016.04.06 13:32:59.614,0.72375,0.72399,1.75,1.37
2016.04.06 13:32:59.815,0.7238,0.72399,1.00,1.75
2016.04.06 13:33:00.018,0.72374,0.72398,1.75,1.75
2016.04.06 13:33:00.251,0.72375,0.72398,1.75,1.75
2016.04.06 13:33:00.302,0.72375,0.72397,1.75,1.75
2016.04.06 13:33:00.831,0.72374,0.72399,1.75,1.75
2016.04.06 13:33:01.760,0.72374,0.72399,2.25,1.75
2016.04.06 13:33:01.861,0.72375,0.72399,1.75,1.75
2016.04.06 13:33:03.984,0.72382,0.72399,1.00,1.37
2016.04.06 13:33:04.039,0.7238,0.72401,1.75,1.75
2016.04.06 13:33:04.570,0.7238,0.72401,1.75,1.50
2016.04.06 13:33:05.017,0.7238,0.72403,1.75,2.10
2016.04.06 13:33:05.524,0.7238,0.72403,1.75,2.10
2016.04.06 13:33:05.625,0.7238,0.72398,1.50,1.00
2016.04.06 13:33:06.171,0.72385,0.72404,1.00,4.50
2016.04.06 13:33:06.551,0.72385,0.72399,1.00,1.00
2016.04.06 13:33:06.753,0.72381,0.72406,1.50,5.10
2016.04.06 13:33:06.830,0.72385,0.72406,1.00,5.10
2016.04.06 13:33:07.379,0.72385,0.72404,1.00,1.75
2016.04.06 13:33:07.889,0.72384,0.72402,1.12,1.75
2016.04.06 13:33:07.940,0.72381,0.72399,1.00,1.00
2016.04.06 13:33:08.041,0.72379,0.72402,1.50,1.75
2016.04.06 13:33:09.070,0.72385,0.72402,1.00,1.75
2016.04.06 13:33:09.470,0.7238,0.72402,1.37,1.75
2016.04.06 13:33:09.933,0.72385,0.72399,1.00,1.00
2016.04.06 13:33:10.369,0.72381,0.72405,2.25,1.75
2016.04.06 13:33:10.424,0.7238,0.72403,1.75,1.75
2016.04.06 13:33:10.526,0.72384,0.72402,1.00,1.00
2016.04.06 13:33:11.039,0.72383,0.72401,1.00,1.00
2016.04.06 13:33:11.437,0.7238,0.72402,1.75,1.75
2016.04.06 13:33:12.530,0.72382,0.724,1.00,1.00
2016.04.06 13:33:12.755,0.7238,0.72402,1.75,1.50
2016.04.06 13:33:12.806,0.72385,0.72402,1.00,1.50
2016.04.06 13:33:13.110,0.72385,0.72402,1.00,2.25
2016.04.06 13:33:13.412,0.7238,0.72392,1.00,1.00
2016.04.06 13:33:13.921,0.7238,0.724,1.00,1.75
2016.04.06 13:33:14.007,0.7238,0.72399,1.00,2.25
2016.04.06 13:33:14.670,0.72379,0.72398,1.00,1.75
2016.04.06 13:33:15.071,0.72379,0.72397,1.00,2.25
2016.04.06 13:33:15.222,0.72379,0.72395,1.00,1.75
2016.04.06 13:33:15.424,0.7238,0.72395,1.00,1.75
2016.04.06 13:33:15.474,0.72375,0.72395,1.50,1.75
2016.04.06 13:33:16.017,0.72375,0.72392,1.37,1.00
2016.04.06 13:33:17.322,0.72375,0.72395,1.50,1.75
2016.04.06 13:33:17.802,0.7238,0.72397,1.00,1.75
2016.04.06 13:33:18.629,0.72375,0.72397,1.12,1.75
2016.04.06 13:33:18.779,0.72379,0.72397,1.00,1.75
2016.04.06 13:33:19.033,0.7238,0.72395,1.00,1.00
2016.04.06 13:33:19.244,0.7238,0.72401,1.12,1.35
2016.04.06 13:33:19.845,0.7238,0.72398,1.50,1.00
2016.04.06 13:33:20.434,0.7238,0.724,1.12,1.75
2016.04.06 13:33:22.102,0.7238,0.72401,1.50,2.10
2016.04.06 13:33:22.153,0.7238,0.72401,1.75,2.10
2016.04.06 13:33:22.484,0.7238,0.72404,3.00,1.50
2016.04.06 13:33:22.535,0.72385,0.72404,1.75,1.12
2016.04.06 13:33:23.081,0.72384,0.72404,1.75,1.00
2016.04.06 13:33:23.658,0.72385,0.72404,1.37,1.37
2016.04.06 13:33:24.064,0.72385,0.72405,1.75,1.50
2016.04.06 13:33:25.065,0.72384,0.72407,1.75,1.35
2016.04.06 13:33:26.459,0.72385,0.72403,1.00,1.75
2016.04.06 13:33:27.022,0.72385,0.72406,1.37,1.75
2016.04.06 13:33:27.072,0.72385,0.72406,1.75,1.75
2016.04.06 13:33:27.739,0.72385,0.72405,1.12,1.75
2016.04.06 13:33:28.060,0.72381,0.72399,1.00,1.00
2016.04.06 13:33:28.266,0.7238,0.72403,1.75,1.75
2016.04.06 13:33:28.454,0.7238,0.72403,1.75,1.50
2016.04.06 13:33:28.960,0.72385,0.72403,1.00,1.00
2016.04.06 13:33:29.011,0.72385,0.72406,1.75,1.12
2016.04.06 13:33:29.459,0.72385,0.72406,1.75,1.12
2016.04.06 13:33:29.963,0.72385,0.72405,1.75,1.00
2016.04.06 13:33:30.491,0.72384,0.72407,1.75,2.10
2016.04.06 13:33:32.397,0.72384,0.72407,3.75,1.30
2016.04.06 13:33:32.498,0.72385,0.7241,1.75,1.50
2016.04.06 13:33:32.548,0.72385,0.7241,1.75,1.75
2016.04.06 13:33:33.532,0.72385,0.72407,1.75,1.50
2016.04.06 13:33:33.583,0.72385,0.72407,1.75,1.75
2016.04.06 13:33:33.684,0.72385,0.72407,1.75,1.75
2016.04.06 13:33:33.986,0.72385,0.72403,1.50,1.00
2016.04.06 13:33:35.036,0.72384,0.72405,1.75,1.50
2016.04.06 13:33:35.339,0.72385,0.72408,2.25,1.75
2016.04.06 13:33:35.581,0.7239,0.72408,1.50,1.50
2016.04.06 13:33:37.873,0.72388,0.72406,1.00,1.00
2016.04.06 13:33:38.262,0.72384,0.72408,3.00,1.50
2016.04.06 13:33:39.653,0.72384,0.72408,1.75,1.75
2016.04.06 13:33:41.232,0.72385,0.72405,1.50,1.75
2016.04.06 13:33:41.585,0.72385,0.72404,1.00,1.75
2016.04.06 13:33:41.636,0.7238,0.72401,1.75,1.75
2016.04.06 13:33:41.686,0.7238,0.72401,1.12,1.75
2016.04.06 13:33:42.450,0.72383,0.72403,1.37,2.62
2016.04.06 13:33:42.501,0.72384,0.72403,1.75,1.00
2016.04.06 13:33:42.703,0.7239,0.72409,1.00,1.75
2016.04.06 13:33:43.606,0.72394,0.72407,1.00,1.00
2016.04.06 13:33:43.707,0.7239,0.72407,1.00,1.00
2016.04.06 13:33:43.758,0.7239,0.72413,1.37,1.75
2016.04.06 13:33:43.809,0.72394,0.72413,1.50,1.75
2016.04.06 13:33:43.860,0.72394,0.72414,1.37,1.75
2016.04.06 13:33:44.012,0.72394,0.72416,1.75,1.75
2016.04.06 13:33:44.113,0.72395,0.72416,1.50,1.75
2016.04.06 13:33:44.530,0.72395,0.72416,1.75,1.75
2016.04.06 13:33:44.953,0.72395,0.72417,1.37,1.75
2016.04.06 13:33:45.003,0.72395,0.72417,1.00,3.00
2016.04.06 13:33:45.054,0.72394,0.72414,1.12,1.75
2016.04.06 13:33:45.155,0.72389,0.72412,1.37,1.75
2016.04.06 13:33:45.389,0.7239,0.72411,1.00,2.25
2016.04.06 13:33:45.890,0.72385,0.72409,2.25,1.75
2016.04.06 13:33:46.211,0.72385,0.72409,2.25,1.75
2016.04.06 13:33:46.746,0.72385,0.72405,1.12,1.75
2016.04.06 13:33:48.616,0.72385,0.72407,1.50,1.75
2016.04.06 13:33:49.017,0.7239,0.72408,1.00,1.75
2016.04.06 13:33:49.574,0.7239,0.72406,1.00,1.00
2016.04.06 13:33:50.787,0.72395,0.72412,1.00,2.85
2016.04.06 13:33:50.838,0.72395,0.72415,1.12,2.10
2016.04.06 13:33:50.889,0.724,0.72415,1.00,1.35
2016.04.06 13:33:50.990,0.72394,0.72411,1.37,1.00
2016.04.06 13:33:51.091,0.724,0.72413,1.00,1.75
2016.04.06 13:33:51.192,0.72394,0.72413,1.12,1.75
2016.04.06 13:33:51.880,0.72395,0.72415,1.12,2.10
2016.04.06 13:33:51.931,0.724,0.72415,1.00,2.10
2016.04.06 13:33:52.174,0.72395,0.72415,1.50,2.10
2016.04.06 13:33:52.799,0.72395,0.72414,1.12,1.75
2016.04.06 13:33:54.657,0.72396,0.72416,1.12,1.35
2016.04.06 13:33:54.708,0.724,0.72416,1.12,1.67
2016.04.06 13:33:55.315,0.724,0.7242,1.00,2.85
2016.04.06 13:33:55.797,0.72395,0.72418,1.75,1.75
2016.04.06 13:33:56.343,0.72395,0.72415,1.50,1.75
2016.04.06 13:33:56.890,0.72391,0.72415,1.75,1.75
2016.04.06 13:33:57.709,0.72395,0.72416,1.75,1.00
2016.04.06 13:33:58.038,0.72395,0.72417,1.75,1.75
2016.04.06 13:33:58.744,0.72395,0.72417,1.75,1.75
2016.04.06 13:33:59.208,0.72395,0.72417,1.75,1.12
2016.04.06 13:33:59.611,0.72405,0.72421,1.00,1.35
2016.04.06 13:34:00.169,0.724,0.72423,1.75,1.35
2016.04.06 13:34:01.047,0.72403,0.72424,1.00,1.75
2016.04.06 13:34:01.364,0.72399,0.7242,1.75,1.75
2016.04.06 13:34:01.818,0.72399,0.72421,1.12,1.75
2016.04.06 13:34:02.339,0.72395,0.72421,2.25,1.75
2016.04.06 13:34:02.703,0.72401,0.72419,1.00,1.00
2016.04.06 13:34:03.619,0.724,0.7242,1.37,1.75
2016.04.06 13:34:03.720,0.72398,0.72416,1.00,1.00
2016.04.06 13:34:04.384,0.724,0.72416,1.00,1.00
2016.04.06 13:34:04.890,0.724,0.72419,1.50,1.75
2016.04.06 13:34:05.230,0.72395,0.72418,1.75,1.75
2016.04.06 13:34:06.170,0.72395,0.72418,1.75,1.75
2016.04.06 13:34:06.271,0.72394,0.72418,1.75,1.75
2016.04.06 13:34:06.473,0.72394,0.72418,1.75,1.75
2016.04.06 13:34:06.523,0.72398,0.72416,1.00,1.00
2016.04.06 13:34:06.574,0.72398,0.72418,1.00,1.75
2016.04.06 13:34:07.001,0.72394,0.72415,1.37,1.50
2016.04.06 13:34:07.052,0.72394,0.72415,1.00,1.75
2016.04.06 13:34:07.566,0.7239,0.72413,1.75,1.75
2016.04.06 13:34:08.124,0.72395,0.72415,1.37,1.75
2016.04.06 13:34:08.366,0.72395,0.72413,1.37,1.00
2016.04.06 13:34:08.833,0.72395,0.72413,1.00,1.00
2016.04.06 13:34:10.386,0.7239,0.72413,1.75,1.50
2016.04.06 13:34:10.716,0.7239,0.72408,1.50,1.00
2016.04.06 13:34:11.240,0.72389,0.72407,1.00,1.00
2016.04.06 13:34:11.391,0.72389,0.7241,1.50,1.75
2016.04.06 13:34:11.869,0.72385,0.72409,1.75,1.50
2016.04.06 13:34:12.094,0.7239,0.72411,1.12,3.00
2016.04.06 13:34:12.488,0.72385,0.72408,1.75,1.75
2016.04.06 13:34:13.357,0.72385,0.72408,1.50,1.75
2016.04.06 13:34:15.459,0.7239,0.72407,1.00,1.75
2016.04.06 13:34:16.888,0.7239,0.72408,1.00,1.75
2016.04.06 13:34:17.451,0.72384,0.7241,2.25,1.75
2016.04.06 13:34:18.042,0.7239,0.7241,1.00,1.75
2016.04.06 13:34:18.243,0.7239,0.72411,1.50,1.75
2016.04.06 13:34:18.713,0.7239,0.7241,1.12,1.75
2016.04.06 13:34:20.078,0.7239,0.72409,1.00,1.75
2016.04.06 13:34:20.800,0.7239,0.72407,1.00,1.75
2016.04.06 13:34:21.583,0.72384,0.72402,1.50,1.00
2016.04.06 13:34:22.116,0.72385,0.72408,1.37,1.75
2016.04.06 13:34:22.419,0.7239,0.72404,1.00,1.50
2016.04.06 13:34:22.767,0.7239,0.72413,1.75,1.75
2016.04.06 13:34:23.575,0.72395,0.72411,1.00,1.50
2016.04.06 13:34:24.099,0.7239,0.72411,1.75,1.50
2016.04.06 13:34:24.419,0.72392,0.72411,1.00,1.75
2016.04.06 13:34:24.805,0.72385,0.72408,1.37,2.25
2016.04.06 13:34:25.308,0.72385,0.72404,1.00,1.75
2016.04.06 13:34:27.653,0.72384,0.72403,1.50,1.75
2016.04.06 13:34:30.488,0.72375,0.72399,1.75,1.75
2016.04.06 13:34:30.998,0.72374,0.72398,1.75,1.75
2016.04.06 13:34:31.149,0.7238,0.72398,1.00,1.00
2016.04.06 13:34:31.250,0.72379,0.72401,1.75,1.75
2016.04.06 13:34:31.574,0.72383,0.72401,1.00,1.00
2016.04.06 13:34:32.056,0.72379,0.72405,1.75,3.00
2016.04.06 13:34:32.362,0.72375,0.724,1.75,1.75
2016.04.06 13:34:32.891,0.72375,0.72398,1.75,1.75
2016.04.06 13:34:33.560,0.7238,0.72399,1.00,1.75
2016.04.06 13:34:34.138,0.72375,0.72399,1.75,1.75
2016.04.06 13:34:34.664,0.7238,0.72399,1.00,1.75
2016.04.06 13:34:35.449,0.72379,0.72401,1.37,1.75
2016.04.06 13:34:35.504,0.72379,0.72401,1.75,1.50
2016.04.06 13:34:36.057,0.72383,0.72401,1.00,1.00
2016.04.06 13:34:36.108,0.72385,0.72401,1.00,1.00
2016.04.06 13:34:36.665,0.72385,0.72404,1.37,1.50
2016.04.06 13:34:37.195,0.72385,0.72404,1.75,1.50
2016.04.06 13:34:37.519,0.72385,0.72406,1.75,1.50
2016.04.06 13:34:39.342,0.72388,0.72406,1.00,1.00
2016.04.06 13:34:40.072,0.7239,0.72406,1.00,1.50
2016.04.06 13:34:40.589,0.72385,0.72406,1.75,1.50
2016.04.06 13:34:41.284,0.72385,0.72408,1.75,1.75
2016.04.06 13:34:41.814,0.72385,0.72407,1.50,1.75
2016.04.06 13:34:42.552,0.72385,0.72406,1.50,1.75
2016.04.06 13:34:42.602,0.7239,0.72406,1.00,1.50
2016.04.06 13:34:42.653,0.7239,0.72413,1.37,3.75
2016.04.06 13:34:42.704,0.7239,0.72413,1.75,1.50
2016.04.06 13:34:42.855,0.72396,0.72414,1.00,1.50
2016.04.06 13:34:43.568,0.72395,0.72416,1.37,1.75
2016.04.06 13:34:43.870,0.72395,0.72416,1.00,1.75
2016.04.06 13:34:44.459,0.72387,0.72411,1.75,1.50
2016.04.06 13:34:44.509,0.72387,0.72412,1.75,3.00
2016.04.06 13:34:44.770,0.72384,0.72408,1.75,1.75
2016.04.06 13:34:45.936,0.7239,0.72415,1.75,1.75
2016.04.06 13:34:46.239,0.7239,0.72415,1.75,1.75
2016.04.06 13:34:46.890,0.72405,0.72419,1.00,1.50
2016.04.06 13:34:47.345,0.724,0.72422,1.75,1.75
2016.04.06 13:34:48.194,0.724,0.72422,1.12,1.75
2016.04.06 13:34:48.496,0.72405,0.72422,1.00,1.00
2016.04.06 13:34:49.195,0.72405,0.72423,1.00,1.00
2016.04.06 13:34:49.590,0.72405,0.72425,1.75,1.75
2016.04.06 13:34:49.892,0.7241,0.72426,1.00,1.75
2016.04.06 13:34:50.094,0.72405,0.72426,1.75,1.75
2016.04.06 13:34:51.018,0.7241,0.72428,1.00,1.75
2016.04.06 13:34:51.119,0.7241,0.72428,1.00,1.75
2016.04.06 13:34:52.138,0.72405,0.72429,1.75,1.75
2016.04.06 13:34:52.674,0.7241,0.72431,1.00,2.10
2016.04.06 13:34:53.221,0.72407,0.72425,1.00,1.00
2016.04.06 13:34:53.322,0.72409,0.72431,1.75,1.75
2016.04.06 13:34:53.630,0.72409,0.7243,1.75,1.75
2016.04.06 13:34:54.189,0.7241,0.72434,2.25,1.75
2016.04.06 13:34:54.693,0.7241,0.72435,1.75,2.25
2016.04.06 13:34:55.347,0.7241,0.72426,1.00,1.00
2016.04.06 13:34:58.348,0.7241,0.7243,1.00,1.75
2016.04.06 13:34:58.449,0.72409,0.7243,1.75,1.75
2016.04.06 13:34:58.668,0.72411,0.72435,1.75,1.75
2016.04.06 13:34:58.970,0.72414,0.72436,1.75,1.50
2016.04.06 13:34:59.506,0.72416,0.72434,1.00,1.50
2016.04.06 13:35:00.520,0.72415,0.72435,1.37,1.75
2016.04.06 13:35:00.877,0.7241,0.72431,1.50,1.75
2016.04.06 13:35:01.181,0.7241,0.72434,1.75,1.50
2016.04.06 13:35:02.202,0.7241,0.72435,3.75,1.75
2016.04.06 13:35:02.909,0.7241,0.72435,3.75,1.75
2016.04.06 13:35:02.960,0.72413,0.72431,1.00,1.00
2016.04.06 13:35:04.219,0.7241,0.72435,2.25,1.75
2016.04.06 13:35:04.270,0.72415,0.72433,1.00,1.00
2016.04.06 13:35:04.529,0.72412,0.72437,1.75,1.75
2016.04.06 13:35:04.880,0.72412,0.72437,1.75,1.75
2016.04.06 13:35:04.931,0.72412,0.72437,1.75,1.75
2016.04.06 13:35:05.564,0.72412,0.72437,1.75,1.75
2016.04.06 13:35:08.937,0.7241,0.72434,1.75,1.50
2016.04.06 13:35:08.987,0.7241,0.72434,1.75,1.50
2016.04.06 13:35:09.517,0.7241,0.72434,1.75,1.50
2016.04.06 13:35:10.020,0.7241,0.72433,1.75,1.75
2016.04.06 13:35:10.272,0.72411,0.72429,1.00,1.00
2016.04.06 13:35:10.859,0.72407,0.72432,3.75,1.75
2016.04.06 13:35:12.232,0.72409,0.72432,1.75,1.50
2016.04.06 13:35:12.677,0.72415,0.72433,1.00,1.00
2016.04.06 13:35:13.278,0.7241,0.72434,1.75,1.75
2016.04.06 13:35:14.638,0.72415,0.72436,1.00,1.75
2016.04.06 13:35:15.033,0.72415,0.72434,1.00,1.35
2016.04.06 13:35:15.084,0.7241,0.72434,2.25,1.35
2016.04.06 13:35:15.185,0.72415,0.7243,1.00,1.75
2016.04.06 13:35:15.288,0.7241,0.72424,1.00,1.00
2016.04.06 13:35:16.037,0.7241,0.7243,1.00,3.60
2016.04.06 13:35:16.188,0.72409,0.72429,1.00,1.75
2016.04.06 13:35:16.391,0.72406,0.7243,1.50,1.75
2016.04.06 13:35:16.492,0.72409,0.7243,1.12,1.75
2016.04.06 13:35:16.951,0.72415,0.72432,1.00,1.75
2016.04.06 13:35:17.102,0.7242,0.72438,1.00,1.75
2016.04.06 13:35:17.153,0.72414,0.72438,2.25,1.75
2016.04.06 13:35:17.405,0.7242,0.72438,1.00,1.75
2016.04.06 13:35:17.506,0.72414,0.72435,1.75,1.37
2016.04.06 13:35:18.266,0.72415,0.72437,1.75,1.50
2016.04.06 13:35:18.779,0.72415,0.72437,1.75,1.00
2016.04.06 13:35:19.380,0.72415,0.72437,1.75,1.50
2016.04.06 13:35:19.943,0.72414,0.72436,3.00,1.00
2016.04.06 13:35:20.605,0.7242,0.72439,1.75,1.50
2016.04.06 13:35:21.149,0.72419,0.72441,1.75,1.75
2016.04.06 13:35:21.315,0.72425,0.72442,1.00,1.75
2016.04.06 13:35:22.004,0.7242,0.72441,1.75,1.75
2016.04.06 13:35:22.104,0.72425,0.72442,1.37,1.37
2016.04.06 13:35:22.155,0.72425,0.72442,1.75,1.00
2016.04.06 13:35:22.206,0.72425,0.72448,1.75,2.10
2016.04.06 13:35:22.754,0.72425,0.72446,1.75,1.30
2016.04.06 13:35:22.855,0.72425,0.72446,1.75,1.35
2016.04.06 13:35:23.359,0.72425,0.72448,1.75,1.75
2016.04.06 13:35:24.029,0.72425,0.72448,1.75,1.50
2016.04.06 13:35:24.080,0.72431,0.72448,1.00,1.50
2016.04.06 13:35:24.615,0.72426,0.7245,1.75,1.75
2016.04.06 13:35:24.716,0.72426,0.7245,4.50,1.50
2016.04.06 13:35:24.973,0.72429,0.7245,1.75,1.12
2016.04.06 13:35:25.519,0.72429,0.72453,1.75,1.75
2016.04.06 13:35:26.272,0.7243,0.7245,1.75,1.37
2016.04.06 13:35:26.495,0.72431,0.72449,1.00,1.12
2016.04.06 13:35:26.615,0.7243,0.72449,1.50,1.37
2016.04.06 13:35:27.208,0.7243,0.72448,1.50,1.00
2016.04.06 13:35:27.895,0.7243,0.72451,1.75,2.10
2016.04.06 13:35:28.657,0.72425,0.72448,1.75,1.75
2016.04.06 13:35:28.920,0.72432,0.7245,1.00,1.00
2016.04.06 13:35:30.362,0.72435,0.7245,1.00,1.00
2016.04.06 13:35:31.249,0.72432,0.7245,1.00,1.00
2016.04.06 13:35:32.791,0.72435,0.7245,1.00,1.00
2016.04.06 13:35:33.017,0.72432,0.7245,1.00,1.50
2016.04.06 13:35:34.158,0.72425,0.72445,2.47,1.37
2016.04.06 13:35:34.210,0.72421,0.72445,1.75,1.75
2016.04.06 13:35:34.462,0.72425,0.72446,1.00,1.75
2016.04.06 13:35:34.563,0.72422,0.72446,1.75,1.75
2016.04.06 13:35:36.528,0.72423,0.72446,1.75,1.35
2016.04.06 13:35:37.497,0.72421,0.72445,1.75,1.75
2016.04.06 13:35:38.023,0.7242,0.72444,2.25,1.50
2016.04.06 13:35:39.159,0.72424,0.72442,1.00,1.00
2016.04.06 13:35:39.725,0.7242,0.72443,1.75,1.37
2016.04.06 13:35:40.227,0.72425,0.72443,2.25,1.00
2016.04.06 13:35:40.278,0.7243,0.72453,2.25,1.50
2016.04.06 13:35:40.939,0.72429,0.72451,1.75,1.37
2016.04.06 13:35:43.606,0.72431,0.72454,1.75,1.50
2016.04.06 13:35:43.657,0.72431,0.72454,1.75,1.50
2016.04.06 13:35:44.476,0.72432,0.72456,1.75,1.75
2016.04.06 13:35:44.647,0.7243,0.72454,2.25,1.75
2016.04.06 13:35:45.327,0.7243,0.72454,1.75,1.75
2016.04.06 13:35:45.385,0.7243,0.72454,1.75,1.75
2016.04.06 13:35:46.062,0.72429,0.72451,2.25,1.00
2016.04.06 13:35:46.112,0.72429,0.72451,2.25,1.37
2016.04.06 13:35:46.163,0.72429,0.72446,1.00,1.00
2016.04.06 13:35:46.447,0.72422,0.72446,3.00,1.37
2016.04.06 13:35:46.499,0.7242,0.72444,1.75,1.50
2016.04.06 13:35:47.148,0.72425,0.72445,1.75,1.37
2016.04.06 13:35:47.199,0.72421,0.72445,2.25,1.12
2016.04.06 13:35:47.250,0.72421,0.72443,2.25,1.00
2016.04.06 13:35:47.300,0.7242,0.72443,3.00,1.12
2016.04.06 13:35:47.761,0.72424,0.72442,1.00,1.00
2016.04.06 13:35:48.134,0.7242,0.72443,1.75,1.37
2016.04.06 13:35:48.969,0.72424,0.72448,1.75,1.75
2016.04.06 13:35:49.479,0.72425,0.72447,1.12,1.75
2016.04.06 13:35:49.580,0.72425,0.72443,1.50,1.00
2016.04.06 13:35:51.039,0.72425,0.72446,1.12,1.75
2016.04.06 13:35:51.477,0.7242,0.7244,1.37,1.75
2016.04.06 13:35:52.047,0.7242,0.7244,1.00,1.75
2016.04.06 13:35:52.955,0.72415,0.72438,1.75,1.75
2016.04.06 13:35:53.434,0.7242,0.7244,1.50,1.37
2016.04.06 13:35:53.485,0.72423,0.7244,1.00,1.00
2016.04.06 13:35:53.535,0.72419,0.72443,1.75,1.50
2016.04.06 13:35:54.234,0.72425,0.72446,1.50,1.75
2016.04.06 13:35:54.486,0.7242,0.72438,1.00,1.00
2016.04.06 13:35:54.587,0.72415,0.7244,1.75,1.75
2016.04.06 13:35:54.889,0.7241,0.72435,2.25,3.00
2016.04.06 13:35:55.383,0.72404,0.72431,2.25,1.75
2016.04.06 13:35:55.694,0.72405,0.72424,1.50,1.37
2016.04.06 13:35:56.019,0.7241,0.72433,1.75,1.75
2016.04.06 13:35:56.974,0.7241,0.72432,1.50,1.75
2016.04.06 13:35:57.025,0.7241,0.72432,1.50,1.75
2016.04.06 13:35:57.340,0.72409,0.7243,1.75,1.37
2016.04.06 13:35:57.391,0.7241,0.7243,1.75,1.00
2016.04.06 13:35:57.914,0.7241,0.72434,1.75,1.75
2016.04.06 13:35:58.731,0.72414,0.72433,1.37,1.00
2016.04.06 13:36:01.748,0.72414,0.72434,1.75,1.00
2016.04.06 13:36:02.072,0.72415,0.7244,1.75,1.75
2016.04.06 13:36:02.375,0.72415,0.7244,3.00,1.50
2016.04.06 13:36:02.707,0.72415,0.72437,1.75,1.75
2016.04.06 13:36:03.083,0.7242,0.72437,1.00,1.00
2016.04.06 13:36:03.134,0.72419,0.7244,1.50,1.50
2016.04.06 13:36:03.185,0.72422,0.7244,1.00,1.50
2016.04.06 13:36:03.437,0.72414,0.72433,4.50,1.00
2016.04.06 13:36:03.589,0.72414,0.72433,1.37,1.50
2016.04.06 13:36:03.740,0.7241,0.72433,1.75,2.25
2016.04.06 13:36:03.841,0.7241,0.72433,1.50,5.25
2016.04.06 13:36:04.344,0.72415,0.72427,1.00,1.37
2016.04.06 13:36:04.395,0.7241,0.72427,1.37,1.37
2016.04.06 13:36:04.664,0.72409,0.72427,1.12,1.75
2016.04.06 13:36:05.439,0.7241,0.72427,1.00,1.75
2016.04.06 13:36:06.018,0.7241,0.72427,1.00,1.50
2016.04.06 13:36:06.069,0.72415,0.72427,1.00,1.50
2016.04.06 13:36:06.490,0.7242,0.72437,1.12,1.97
2016.04.06 13:36:06.591,0.7242,0.72436,1.00,1.00
2016.04.06 13:36:06.844,0.72425,0.72439,1.00,1.75
2016.04.06 13:36:06.945,0.7242,0.7244,1.50,1.75
2016.04.06 13:36:07.198,0.72425,0.7244,1.00,1.75
2016.04.06 13:36:08.034,0.72419,0.7244,1.75,1.75
2016.04.06 13:36:09.038,0.72415,0.72438,1.75,1.50
2016.04.06 13:36:09.092,0.72415,0.72438,1.75,1.75
2016.04.06 13:36:09.194,0.72418,0.72436,1.00,1.00
2016.04.06 13:36:09.496,0.72418,0.72434,1.00,1.00
2016.04.06 13:36:10.240,0.72424,0.72434,1.00,1.12
2016.04.06 13:36:10.544,0.72425,0.72436,1.75,1.00
2016.04.06 13:36:10.645,0.72421,0.72434,2.25,1.00
2016.04.06 13:36:10.696,0.72425,0.72435,1.12,1.00
2016.04.06 13:36:10.747,0.72425,0.72436,1.37,1.00
2016.04.06 13:36:11.079,0.72435,0.72441,1.00,1.00
2016.04.06 13:36:11.130,0.7243,0.72436,1.00,1.00
2016.04.06 13:36:11.231,0.72425,0.72434,1.12,1.00
2016.04.06 13:36:11.332,0.72425,0.72446,1.12,1.75
2016.04.06 13:36:11.584,0.72425,0.72447,1.37,1.75
2016.04.06 13:36:11.635,0.72427,0.72445,1.00,1.00
2016.04.06 13:36:11.686,0.7243,0.7245,1.37,1.75
2016.04.06 13:36:11.736,0.7243,0.7245,1.37,1.75
2016.04.06 13:36:11.787,0.7243,0.72451,1.75,1.35
2016.04.06 13:36:12.301,0.72431,0.72449,1.00,1.00
2016.04.06 13:36:13.446,0.7243,0.72451,1.12,1.75
2016.04.06 13:36:15.147,0.7243,0.72451,1.37,2.10
2016.04.06 13:36:15.511,0.72431,0.72449,1.00,1.00
2016.04.06 13:36:15.663,0.7243,0.72451,1.75,2.10
2016.04.06 13:36:16.212,0.7243,0.72451,1.75,1.75
2016.04.06 13:36:16.262,0.72435,0.72451,1.37,1.37
2016.04.06 13:36:16.313,0.72435,0.72456,1.75,1.67
2016.04.06 13:36:16.816,0.72435,0.72457,1.75,2.10
2016.04.06 13:36:17.807,0.72435,0.72458,1.75,1.75
2016.04.06 13:36:17.908,0.72439,0.72457,1.00,1.00
2016.04.06 13:36:17.958,0.72439,0.72454,1.00,1.00
2016.04.06 13:36:18.404,0.72439,0.72457,1.00,1.50
2016.04.06 13:36:19.728,0.72434,0.72457,1.75,1.50
2016.04.06 13:36:19.779,0.72431,0.72455,3.00,1.37
2016.04.06 13:36:20.108,0.72431,0.7245,1.75,1.00
2016.04.06 13:36:20.410,0.72431,0.72453,1.37,1.35
2016.04.06 13:36:20.770,0.72431,0.72452,1.12,2.25
2016.04.06 13:36:20.821,0.72431,0.72455,1.75,2.10
2016.04.06 13:36:20.973,0.72431,0.72454,3.00,1.00
2016.04.06 13:36:21.276,0.72432,0.72455,2.25,1.97
2016.04.06 13:36:21.327,0.72431,0.72451,1.75,1.35
2016.04.06 13:36:21.377,0.72429,0.7245,1.75,1.50
2016.04.06 13:36:21.778,0.7243,0.7245,1.75,1.50
2016.04.06 13:36:22.021,0.72431,0.72449,1.00,1.00
2016.04.06 13:36:22.323,0.72429,0.7245,1.50,1.75
2016.04.06 13:36:23.020,0.72426,0.7245,1.75,1.75
2016.04.06 13:36:24.734,0.72429,0.72447,1.00,1.00
2016.04.06 13:36:24.835,0.72423,0.72446,1.75,1.50
2016.04.06 13:36:25.138,0.7243,0.72446,1.50,1.00
2016.04.06 13:36:25.685,0.7243,0.7245,1.50,1.75
2016.04.06 13:36:25.938,0.72428,0.72446,1.00,1.00
2016.04.06 13:36:26.038,0.72425,0.72449,1.75,1.75
2016.04.06 13:36:26.508,0.72425,0.72443,1.50,1.50
2016.04.06 13:36:27.540,0.72425,0.72442,1.50,1.00
2016.04.06 13:36:28.077,0.7243,0.72443,1.00,1.50
2016.04.06 13:36:28.278,0.7243,0.72447,1.00,1.75
2016.04.06 13:36:28.801,0.7243,0.72447,1.00,1.75
2016.04.06 13:36:29.938,0.7243,0.72447,1.00,1.75
2016.04.06 13:36:30.342,0.72425,0.72445,1.75,1.75
2016.04.06 13:36:30.909,0.72425,0.72444,1.75,1.50
2016.04.06 13:36:31.011,0.7243,0.72444,1.00,1.00
2016.04.06 13:36:31.112,0.72428,0.72444,1.00,1.00
2016.04.06 13:36:31.294,0.7243,0.72444,1.00,1.12
2016.04.06 13:36:31.544,0.72425,0.72445,1.75,1.75
2016.04.06 13:36:31.840,0.72425,0.72448,1.75,1.75
2016.04.06 13:36:32.448,0.72425,0.72446,1.75,1.37
2016.04.06 13:36:32.768,0.72425,0.72446,1.75,1.75
2016.04.06 13:36:33.101,0.72425,0.72447,1.75,1.75
2016.04.06 13:36:33.252,0.72431,0.72449,1.00,1.50
2016.04.06 13:36:33.353,0.72425,0.72445,1.50,1.75
2016.04.06 13:36:33.655,0.7242,0.72443,1.75,1.75
2016.04.06 13:36:34.163,0.72423,0.72446,1.75,1.75
2016.04.06 13:36:34.525,0.72425,0.72445,1.50,1.00
2016.04.06 13:36:34.828,0.7243,0.72446,1.37,1.37
2016.04.06 13:36:35.413,0.7243,0.72446,1.37,1.00
2016.04.06 13:36:35.716,0.72432,0.72446,3.00,1.00
2016.04.06 13:36:35.767,0.72437,0.72446,1.00,1.00
2016.04.06 13:36:35.969,0.72433,0.72455,1.12,1.35
2016.04.06 13:36:36.550,0.72428,0.72451,1.75,1.50
2016.04.06 13:36:36.751,0.72429,0.72451,2.25,1.00
2016.04.06 13:36:36.902,0.72433,0.72451,1.00,1.00
2016.04.06 13:36:36.953,0.7243,0.72454,1.75,1.75
2016.04.06 13:36:37.004,0.72431,0.72454,1.75,1.50
2016.04.06 13:36:37.054,0.72445,0.72454,1.00,1.12
2016.04.06 13:36:37.105,0.72445,0.72458,1.00,1.75
2016.04.06 13:36:37.427,0.72444,0.7246,1.50,1.00
2016.04.06 13:36:37.529,0.72444,0.72458,1.00,1.00
2016.04.06 13:36:38.051,0.7244,0.7246,1.75,1.50
2016.04.06 13:36:38.398,0.7244,0.72462,1.75,1.12
2016.04.06 13:36:38.705,0.72455,0.72473,1.50,1.00
2016.04.06 13:36:38.755,0.72455,0.72475,1.12,1.75
2016.04.06 13:36:39.059,0.7245,0.72473,1.75,1.75
2016.04.06 13:36:39.601,0.72449,0.72471,1.75,1.75
2016.04.06 13:36:39.752,0.72451,0.72469,1.00,1.00
2016.04.06 13:36:40.478,0.72455,0.72469,1.00,1.00
2016.04.06 13:36:41.007,0.72449,0.72471,2.25,1.75
2016.04.06 13:36:41.259,0.7245,0.7247,1.75,1.50
2016.04.06 13:36:41.592,0.72455,0.72471,1.12,1.50
2016.04.06 13:36:41.693,0.7245,0.7247,2.25,1.75
2016.04.06 13:36:42.815,0.72454,0.72474,1.00,1.75
2016.04.06 13:36:42.868,0.72455,0.72474,1.00,1.75
2016.04.06 13:36:42.919,0.72455,0.72472,1.87,1.37
2016.04.06 13:36:42.970,0.72455,0.72472,2.25,1.00
2016.04.06 13:36:43.071,0.72455,0.72472,2.25,1.12
2016.04.06 13:36:43.224,0.72457,0.72475,1.00,1.50
2016.04.06 13:36:43.325,0.72459,0.72475,1.00,1.50
2016.04.06 13:36:43.437,0.72457,0.72475,1.00,1.50
2016.04.06 13:36:43.488,0.72455,0.72474,1.50,1.37
2016.04.06 13:36:43.820,0.72455,0.72472,1.00,1.75
2016.04.06 13:36:43.871,0.7245,0.72472,1.75,1.75
2016.04.06 13:36:44.195,0.7245,0.72469,1.12,1.75
2016.04.06 13:36:44.887,0.7245,0.72467,1.50,1.12
2016.04.06 13:36:45.306,0.72446,0.72467,1.50,1.37
2016.04.06 13:36:45.407,0.72449,0.72464,1.00,1.00
2016.04.06 13:36:45.919,0.72446,0.72468,1.75,1.75
2016.04.06 13:36:45.970,0.72454,0.72468,1.00,1.75
2016.04.06 13:36:46.399,0.72455,0.72467,1.00,1.00
2016.04.06 13:36:46.500,0.7245,0.72467,1.00,1.00
2016.04.06 13:36:46.702,0.72444,0.72467,2.25,1.50
2016.04.06 13:36:47.113,0.72454,0.72471,1.00,1.75
2016.04.06 13:36:47.264,0.72455,0.72471,1.00,1.50
2016.04.06 13:36:47.315,0.72455,0.72474,1.00,1.75
2016.04.06 13:36:47.516,0.72455,0.72477,1.75,1.75
2016.04.06 13:36:48.280,0.72455,0.72477,1.50,1.75
2016.04.06 13:36:48.383,0.7245,0.72473,2.62,2.25
2016.04.06 13:36:48.889,0.7245,0.72471,1.50,1.75
2016.04.06 13:36:49.346,0.72449,0.72471,1.75,1.12
2016.04.06 13:36:49.397,0.7245,0.72471,1.75,1.37
2016.04.06 13:36:49.979,0.72452,0.72472,1.00,1.75
2016.04.06 13:36:50.322,0.7245,0.72472,1.75,1.50
2016.04.06 13:36:50.823,0.72465,0.72472,1.12,1.00
2016.04.06 13:36:51.132,0.7246,0.72472,1.75,1.00
2016.04.06 13:36:51.283,0.7246,0.72482,1.75,1.75
2016.04.06 13:36:52.096,0.7246,0.72482,1.50,1.75
2016.04.06 13:36:52.147,0.72459,0.72482,1.50,1.75
2016.04.06 13:36:52.250,0.72464,0.7248,1.00,1.75
2016.04.06 13:36:52.452,0.72464,0.72482,1.00,1.75
2016.04.06 13:36:52.553,0.72465,0.72482,1.12,1.50
2016.04.06 13:36:52.604,0.72469,0.72484,1.00,1.75
2016.04.06 13:36:53.138,0.72465,0.72484,1.12,1.75
2016.04.06 13:36:53.371,0.7247,0.72484,1.00,1.75
2016.04.06 13:36:53.473,0.72465,0.72483,1.12,1.75
2016.04.06 13:36:53.625,0.72465,0.7248,1.00,1.75
2016.04.06 13:36:54.102,0.72474,0.72488,1.00,2.25
2016.04.06 13:36:54.419,0.72475,0.72488,1.00,1.75
2016.04.06 13:36:54.520,0.72469,0.72488,1.00,1.75
2016.04.06 13:36:54.993,0.7247,0.72488,1.37,1.37
2016.04.06 13:36:55.043,0.72474,0.72488,1.00,1.00
2016.04.06 13:36:55.298,0.72467,0.72488,4.35,1.37
2016.04.06 13:36:55.350,0.72466,0.72488,1.35,1.75
2016.04.06 13:36:55.425,0.7247,0.72488,1.00,1.75
2016.04.06 13:36:56.201,0.72466,0.72488,2.10,1.75
2016.04.06 13:36:56.480,0.72465,0.72484,1.87,1.75
2016.04.06 13:36:56.531,0.72463,0.72479,1.00,1.00
2016.04.06 13:36:56.855,0.72465,0.72484,1.00,1.75
2016.04.06 13:36:57.619,0.72465,0.72486,1.00,3.00
2016.04.06 13:36:57.993,0.72462,0.72479,1.50,1.00
2016.04.06 13:36:58.215,0.72465,0.72484,1.12,1.75
2016.04.06 13:36:58.266,0.72465,0.72484,1.12,1.75
2016.04.06 13:36:58.985,0.72465,0.72483,1.00,1.75
2016.04.06 13:36:59.196,0.7246,0.72483,2.25,1.75
2016.04.06 13:36:59.348,0.72461,0.72479,1.00,1.00
2016.04.06 13:36:59.399,0.72461,0.72476,1.00,1.00
2016.04.06 13:36:59.703,0.72455,0.72472,1.50,1.00
2016.04.06 13:37:00.025,0.72454,0.72475,2.10,1.75
2016.04.06 13:37:00.551,0.72455,0.72475,1.75,1.75
2016.04.06 13:37:01.045,0.72445,0.72466,3.00,1.37
2016.04.06 13:37:01.099,0.72445,0.72466,1.50,1.75
2016.04.06 13:37:01.617,0.72445,0.72468,1.75,1.75
2016.04.06 13:37:02.128,0.72446,0.72466,1.00,1.75
2016.04.06 13:37:02.827,0.72445,0.72466,1.12,1.75
2016.04.06 13:37:03.047,0.72444,0.72462,1.50,1.00
2016.04.06 13:37:03.314,0.72445,0.72459,1.00,1.00
2016.04.06 13:37:03.851,0.72445,0.72464,1.00,1.75
2016.04.06 13:37:04.308,0.72439,0.72462,1.75,1.75
2016.04.06 13:37:04.459,0.72445,0.72467,1.12,1.75
2016.04.06 13:37:05.318,0.72442,0.72462,1.75,1.00
2016.04.06 13:37:05.668,0.72445,0.72466,1.00,2.25
2016.04.06 13:37:05.769,0.72442,0.72466,1.50,2.25
2016.04.06 13:37:05.880,0.72445,0.72466,1.00,2.25
2016.04.06 13:37:06.031,0.72442,0.72465,1.50,1.75
2016.04.06 13:37:06.327,0.72445,0.72464,1.00,1.75
2016.04.06 13:37:06.629,0.7244,0.72464,2.25,1.75
2016.04.06 13:37:06.881,0.7244,0.72463,1.75,1.75
2016.04.06 13:37:07.771,0.72445,0.72465,1.00,1.75
2016.04.06 13:37:07.872,0.72445,0.72463,1.50,1.00
2016.04.06 13:37:07.973,0.72445,0.72465,1.00,3.00
2016.04.06 13:37:08.124,0.7244,0.72463,1.75,1.75
2016.04.06 13:37:08.506,0.72445,0.72466,1.00,1.75
2016.04.06 13:37:08.737,0.72445,0.72465,1.50,1.75
2016.04.06 13:37:08.838,0.72441,0.72465,1.75,1.75
2016.04.06 13:37:08.889,0.72441,0.72464,1.75,1.75
2016.04.06 13:37:09.040,0.72441,0.72462,1.37,2.25
2016.04.06 13:37:09.192,0.72435,0.72456,1.75,1.75
2016.04.06 13:37:09.763,0.72435,0.72456,1.75,1.75
2016.04.06 13:37:10.036,0.72434,0.72458,1.75,2.25
2016.04.06 13:37:10.288,0.72437,0.72455,1.00,1.00
2016.04.06 13:37:10.338,0.7244,0.72458,1.00,1.35
2016.04.06 13:37:10.620,0.7244,0.72456,1.00,1.00
2016.04.06 13:37:10.671,0.72438,0.72456,1.00,1.00
2016.04.06 13:37:11.275,0.72436,0.72456,1.75,1.00
2016.04.06 13:37:11.622,0.72435,0.72458,1.75,1.75
2016.04.06 13:37:11.982,0.72436,0.72459,1.75,1.75
2016.04.06 13:37:12.901,0.72439,0.72457,1.00,1.50
2016.04.06 13:37:13.203,0.72437,0.72459,1.00,1.75
2016.04.06 13:37:13.556,0.7243,0.72454,1.75,1.75
2016.04.06 13:37:15.637,0.72435,0.72453,1.50,1.37
2016.04.06 13:37:15.688,0.72435,0.72453,1.75,1.12
2016.04.06 13:37:15.844,0.7243,0.72453,1.75,1.75
2016.04.06 13:37:18.892,0.72435,0.72453,1.50,1.50
2016.04.06 13:37:19.357,0.72435,0.72458,1.75,1.75
2016.04.06 13:37:20.065,0.72435,0.72459,1.75,1.75
2016.04.06 13:37:20.837,0.72434,0.72457,1.75,1.75
2016.04.06 13:37:21.874,0.72429,0.72444,1.87,1.00
2016.04.06 13:37:21.932,0.72425,0.72444,1.00,1.00
2016.04.06 13:37:22.184,0.7242,0.72444,1.50,1.12
2016.04.06 13:37:23.057,0.7242,0.72444,1.75,1.12
2016.04.06 13:37:23.108,0.72425,0.72444,1.00,1.00
2016.04.06 13:37:23.506,0.7242,0.72444,1.75,1.00
2016.04.06 13:37:24.069,0.7242,0.72443,1.75,1.00
2016.04.06 13:37:24.466,0.7242,0.72443,1.37,1.00
2016.04.06 13:37:25.002,0.7242,0.72444,1.37,1.00
2016.04.06 13:37:26.365,0.7242,0.72445,1.37,1.12
2016.04.06 13:37:26.676,0.7242,0.72444,1.00,1.50
2016.04.06 13:37:27.276,0.72419,0.72444,1.12,2.10
2016.04.06 13:37:27.579,0.7241,0.72437,2.25,1.50
2016.04.06 13:37:27.680,0.7241,0.72437,1.87,1.75
2016.04.06 13:37:28.182,0.72414,0.72437,1.00,1.75
2016.04.06 13:37:28.688,0.72415,0.72437,1.00,1.50
2016.04.06 13:37:29.254,0.72415,0.72437,1.12,1.00
2016.04.06 13:37:29.841,0.7242,0.72437,1.00,1.00
2016.04.06 13:37:29.992,0.7242,0.7244,1.00,1.00
2016.04.06 13:37:30.463,0.72416,0.7244,1.50,1.00
2016.04.06 13:37:30.745,0.7242,0.72439,1.00,1.00
2016.04.06 13:37:30.854,0.7242,0.72442,1.00,1.50
2016.04.06 13:37:31.106,0.72421,0.72445,1.00,1.00
2016.04.06 13:37:31.684,0.7242,0.72443,1.50,1.00
2016.04.06 13:37:31.994,0.7242,0.72441,1.12,1.00
2016.04.06 13:37:32.397,0.7242,0.72439,1.00,1.00
2016.04.06 13:37:32.498,0.72416,0.72439,1.50,1.00
2016.04.06 13:37:33.025,0.72419,0.7244,1.00,1.00
2016.04.06 13:37:33.388,0.72419,0.72442,1.00,1.00
2016.04.06 13:37:33.714,0.72419,0.7244,1.00,1.00
2016.04.06 13:37:34.116,0.7242,0.7244,1.50,1.50
2016.04.06 13:37:35.555,0.72422,0.7244,1.00,1.50
2016.04.06 13:37:38.318,0.7242,0.7244,1.75,1.00
2016.04.06 13:37:38.420,0.7242,0.7244,1.75,1.50
2016.04.06 13:37:38.622,0.72415,0.7244,1.75,1.75
2016.04.06 13:37:39.430,0.72415,0.72436,1.50,1.75
2016.04.06 13:37:39.632,0.72416,0.72434,1.00,1.00
2016.04.06 13:37:40.776,0.72415,0.72436,1.50,1.75
2016.04.06 13:37:41.099,0.72414,0.72435,1.12,1.75
2016.04.06 13:37:41.596,0.72415,0.72437,1.37,3.00
2016.04.06 13:37:41.868,0.72415,0.72437,1.75,1.75
2016.04.06 13:37:42.506,0.72415,0.72437,1.50,1.75
2016.04.06 13:37:43.584,0.72415,0.72436,1.75,1.50
2016.04.06 13:37:43.635,0.72418,0.72436,1.00,1.50
2016.04.06 13:37:43.888,0.72415,0.72437,1.75,1.75
2016.04.06 13:37:44.813,0.7242,0.72438,1.12,1.75
2016.04.06 13:37:44.914,0.72416,0.7244,1.75,1.75
2016.04.06 13:37:45.132,0.72418,0.72441,1.50,1.75
2016.04.06 13:37:45.697,0.7242,0.72435,1.00,1.00
2016.04.06 13:37:46.242,0.72415,0.72435,1.50,1.50
2016.04.06 13:37:46.343,0.72415,0.72435,1.12,1.75
2016.04.06 13:37:46.871,0.72414,0.72434,1.12,1.75
2016.04.06 13:37:47.400,0.72415,0.72434,1.00,1.75
2016.04.06 13:37:48.026,0.7242,0.72435,1.00,1.75
2016.04.06 13:37:48.466,0.7242,0.72434,1.00,1.75
2016.04.06 13:37:49.360,0.72415,0.72434,1.00,1.75
2016.04.06 13:37:50.295,0.7242,0.72434,1.00,1.75
2016.04.06 13:37:51.955,0.72415,0.72433,1.00,1.75
2016.04.06 13:37:52.757,0.72415,0.7243,1.00,1.50
2016.04.06 13:37:53.059,0.72405,0.72425,1.00,1.75
2016.04.06 13:37:53.480,0.72405,0.72424,1.00,1.75
2016.04.06 13:37:54.228,0.72405,0.72425,1.00,1.75
2016.04.06 13:37:54.279,0.72405,0.72422,1.00,1.00
2016.04.06 13:37:54.890,0.72404,0.72422,1.00,1.00
2016.04.06 13:37:54.941,0.72404,0.72427,1.00,3.00
2016.04.06 13:37:55.243,0.72402,0.7242,1.00,1.00
2016.04.06 13:37:55.553,0.724,0.72424,2.25,1.75
2016.04.06 13:37:55.855,0.72403,0.72424,2.25,1.00
2016.04.06 13:37:56.471,0.72405,0.72429,1.75,1.75
2016.04.06 13:37:56.944,0.7241,0.72428,1.50,1.00
2016.04.06 13:37:56.995,0.72405,0.72429,1.75,1.75
2016.04.06 13:37:57.045,0.72405,0.72426,1.75,1.75
2016.04.06 13:37:57.096,0.72405,0.72426,1.50,1.75
2016.04.06 13:37:57.147,0.72405,0.72426,1.12,1.75
2016.04.06 13:37:57.449,0.72402,0.72425,1.12,2.25
2016.04.06 13:37:57.751,0.724,0.72422,1.12,1.75
2016.04.06 13:37:58.283,0.724,0.72422,1.00,4.50
2016.04.06 13:37:58.808,0.724,0.72422,1.12,1.75
2016.04.06 13:37:59.187,0.72399,0.72421,1.75,1.75
2016.04.06 13:37:59.238,0.72399,0.72421,1.75,1.50
2016.04.06 13:37:59.389,0.72401,0.72421,1.00,1.50
2016.04.06 13:37:59.893,0.724,0.72419,1.00,1.75
2016.04.06 13:38:00.094,0.72398,0.7242,1.00,1.75
2016.04.06 13:38:00.195,0.724,0.7242,1.00,1.75
2016.04.06 13:38:00.347,0.72399,0.7242,1.50,1.75
2016.04.06 13:38:00.750,0.724,0.7242,1.12,1.75
2016.04.06 13:38:01.002,0.72396,0.7242,1.75,1.75
2016.04.06 13:38:01.104,0.72399,0.72419,1.00,2.25
2016.04.06 13:38:01.255,0.72399,0.72419,1.00,1.75
2016.04.06 13:38:01.407,0.724,0.72418,1.00,1.75
2016.04.06 13:38:01.803,0.724,0.72414,1.00,1.00
2016.04.06 13:38:02.346,0.724,0.72419,1.00,1.75
2016.04.06 13:38:02.868,0.72399,0.72419,1.00,1.75
2016.04.06 13:38:03.105,0.72399,0.72418,1.00,3.00
2016.04.06 13:38:03.206,0.72395,0.72418,1.12,3.00
2016.04.06 13:38:03.508,0.72395,0.72415,1.00,2.25
2016.04.06 13:38:03.609,0.72393,0.72415,1.00,3.00
2016.04.06 13:38:03.871,0.7238,0.72403,2.25,1.75
2016.04.06 13:38:04.024,0.72382,0.72402,1.00,1.50
2016.04.06 13:38:04.364,0.72385,0.72401,1.00,1.75
2016.04.06 13:38:04.589,0.7238,0.72397,1.00,1.00
2016.04.06 13:38:05.129,0.72379,0.72402,1.50,1.75
2016.04.06 13:38:06.137,0.7238,0.72402,1.00,4.50
2016.04.06 13:38:06.188,0.7238,0.72396,1.00,1.00
2016.04.06 13:38:07.079,0.7238,0.72403,2.25,1.75
2016.04.06 13:38:07.592,0.7238,0.72401,1.12,1.75
2016.04.06 13:38:08.042,0.72384,0.72406,1.50,1.75
2016.04.06 13:38:08.197,0.72385,0.72403,1.00,1.00
2016.04.06 13:38:08.399,0.72385,0.72404,1.75,1.12
2016.04.06 13:38:08.731,0.72385,0.72406,1.12,1.75
2016.04.06 13:38:09.045,0.72385,0.72407,1.75,1.75
2016.04.06 13:38:09.651,0.72385,0.72408,2.25,1.75
2016.04.06 13:38:10.068,0.72385,0.72401,1.37,1.37
2016.04.06 13:38:10.118,0.72388,0.72405,1.00,1.00
2016.04.06 13:38:10.372,0.7239,0.72408,1.00,1.75
2016.04.06 13:38:10.674,0.7239,0.72408,1.75,1.12
2016.04.06 13:38:11.237,0.72385,0.72408,2.25,1.00
2016.04.06 13:38:11.985,0.7239,0.7241,1.50,1.50
2016.04.06 13:38:12.297,0.72394,0.72414,1.75,1.00
2016.04.06 13:38:12.449,0.72395,0.72416,1.75,1.12
2016.04.06 13:38:13.401,0.72395,0.72417,1.75,1.75
2016.04.06 13:38:14.642,0.72395,0.72414,1.75,1.00
2016.04.06 13:38:14.894,0.72405,0.7242,1.00,1.75
2016.04.06 13:38:14.945,0.72405,0.7242,1.00,1.75
2016.04.06 13:38:15.197,0.724,0.7242,1.00,1.75
2016.04.06 13:38:15.861,0.72398,0.7242,1.50,1.75
2016.04.06 13:38:16.063,0.72398,0.72421,1.75,1.75
2016.04.06 13:38:16.404,0.72396,0.72419,1.75,1.75
2016.04.06 13:38:17.307,0.72393,0.72416,4.50,2.25
2016.04.06 13:38:17.358,0.72393,0.72416,1.75,2.25
2016.04.06 13:38:17.408,0.72393,0.72416,1.37,2.25
2016.04.06 13:38:17.459,0.72393,0.72416,1.12,2.25
2016.04.06 13:38:17.974,0.72392,0.72415,1.35,2.25
2016.04.06 13:38:18.511,0.7239,0.72413,1.75,1.75
2016.04.06 13:38:18.815,0.72391,0.72409,1.00,1.50
2016.04.06 13:38:19.417,0.7239,0.72409,1.75,1.00
2016.04.06 13:38:20.169,0.7239,0.72411,1.75,1.75
2016.04.06 13:38:20.466,0.72389,0.72411,1.75,1.50
2016.04.06 13:38:20.848,0.72389,0.72411,1.75,1.00
2016.04.06 13:38:21.555,0.72389,0.72413,2.25,1.75
2016.04.06 13:38:22.270,0.72389,0.7241,1.75,1.50
2016.04.06 13:38:22.746,0.7239,0.7241,1.75,1.00
2016.04.06 13:38:23.048,0.72391,0.72416,1.50,3.00
2016.04.06 13:38:23.367,0.7239,0.72408,1.00,1.00
2016.04.06 13:38:23.564,0.72386,0.72406,3.75,1.00
2016.04.06 13:38:23.826,0.72385,0.72403,1.50,1.50
2016.04.06 13:38:23.928,0.72385,0.72404,1.75,1.37
2016.04.06 13:38:23.978,0.72386,0.72404,1.35,1.00
2016.04.06 13:38:24.029,0.72387,0.7241,1.75,1.75
2016.04.06 13:38:24.080,0.72387,0.7241,1.75,1.75
2016.04.06 13:38:24.130,0.7239,0.7241,1.75,1.50
2016.04.06 13:38:24.858,0.7239,0.72411,1.75,1.37
2016.04.06 13:38:24.959,0.7239,0.72411,1.75,1.12
2016.04.06 13:38:25.060,0.7239,0.72411,1.75,1.37
2016.04.06 13:38:25.639,0.72394,0.7241,1.00,1.12
2016.04.06 13:38:26.166,0.7239,0.72411,1.75,1.00
2016.04.06 13:38:26.317,0.7239,0.72411,1.75,1.50
2016.04.06 13:38:26.368,0.72394,0.72417,1.37,1.75
2016.04.06 13:38:27.189,0.72395,0.72416,1.50,1.75
2016.04.06 13:38:27.492,0.7239,0.7241,1.75,1.00
2016.04.06 13:38:27.871,0.7239,0.72412,1.75,1.50
2016.04.06 13:38:28.322,0.7239,0.72413,1.75,1.75
2016.04.06 13:38:28.777,0.72389,0.72409,1.50,1.50
2016.04.06 13:38:28.828,0.72389,0.72409,1.12,1.75
2016.04.06 13:38:29.474,0.72389,0.72409,1.75,1.75
2016.04.06 13:38:29.885,0.72385,0.72404,1.75,1.00
2016.04.06 13:38:30.040,0.72384,0.72403,1.75,1.00
2016.04.06 13:38:30.141,0.72386,0.72403,1.00,1.00
2016.04.06 13:38:30.798,0.72386,0.72404,1.00,1.00
2016.04.06 13:38:30.850,0.72385,0.72405,1.75,1.12
2016.04.06 13:38:31.372,0.7239,0.72405,1.12,1.00
2016.04.06 13:38:31.711,0.7239,0.72407,1.37,1.12
2016.04.06 13:38:32.476,0.72389,0.72408,1.75,1.00
2016.04.06 13:38:32.628,0.72393,0.72411,1.00,1.00
2016.04.06 13:38:32.845,0.72395,0.72415,1.12,1.75
2016.04.06 13:38:33.184,0.72395,0.72416,1.37,1.75
2016.04.06 13:38:33.385,0.72396,0.7242,1.75,1.12
2016.04.06 13:38:33.587,0.72398,0.72421,2.25,1.50
2016.04.06 13:38:34.002,0.72403,0.72422,1.00,1.37
2016.04.06 13:38:34.306,0.72401,0.72426,1.75,2.25
2016.04.06 13:38:38.381,0.72399,0.72422,2.25,1.50
2016.04.06 13:38:38.960,0.72405,0.72425,1.50,1.75
2016.04.06 13:38:39.010,0.72404,0.72425,1.75,1.75
2016.04.06 13:38:39.562,0.724,0.72421,3.00,1.00
2016.04.06 13:38:39.613,0.724,0.72421,1.75,1.12
2016.04.06 13:38:39.715,0.724,0.72421,1.75,1.75
2016.04.06 13:38:40.119,0.72394,0.72417,2.25,1.37
2016.04.06 13:38:40.432,0.72399,0.72419,1.75,1.50
2016.04.06 13:38:40.793,0.724,0.72419,1.75,1.00
2016.04.06 13:38:41.444,0.72405,0.72423,1.00,1.50
2016.04.06 13:38:41.817,0.724,0.72421,1.75,1.75
2016.04.06 13:38:41.918,0.72401,0.72419,1.00,1.00
2016.04.06 13:38:41.968,0.724,0.7242,1.37,1.75
2016.04.06 13:38:42.799,0.724,0.72419,1.12,1.75
2016.04.06 13:38:43.129,0.724,0.72419,1.00,1.75
2016.04.06 13:38:44.284,0.72395,0.72418,1.75,1.75
2016.04.06 13:38:44.600,0.72399,0.72418,1.50,1.75
2016.04.06 13:38:45.236,0.724,0.72417,1.00,1.50
2016.04.06 13:38:45.438,0.724,0.72418,1.50,1.50
2016.04.06 13:38:47.364,0.724,0.7242,1.12,1.75
2016.04.06 13:38:47.880,0.724,0.72419,1.00,1.75
2016.04.06 13:38:48.314,0.724,0.72421,1.75,1.75
2016.04.06 13:38:48.415,0.724,0.72423,2.25,1.75
2016.04.06 13:38:48.817,0.72402,0.7242,1.00,1.00
2016.04.06 13:38:50.286,0.72399,0.72425,2.25,1.75
2016.04.06 13:38:50.792,0.72399,0.72425,2.25,1.75
2016.04.06 13:38:51.045,0.72401,0.72419,1.00,1.00
2016.04.06 13:38:51.095,0.724,0.7242,1.37,1.75
2016.04.06 13:38:51.448,0.724,0.72422,1.75,1.75
2016.04.06 13:38:51.604,0.724,0.72422,1.37,1.75
2016.04.06 13:38:51.913,0.72403,0.72421,1.00,1.00
2016.04.06 13:38:52.874,0.724,0.72423,2.25,1.50
2016.04.06 13:38:53.224,0.72405,0.7242,1.00,1.75
2016.04.06 13:38:53.480,0.724,0.72418,1.50,1.50
2016.04.06 13:38:53.796,0.72405,0.72419,1.00,1.75
2016.04.06 13:38:54.107,0.72397,0.7242,1.75,1.75
2016.04.06 13:38:54.613,0.72403,0.72421,1.00,1.50
2016.04.06 13:38:55.204,0.72398,0.72421,1.75,1.50
2016.04.06 13:38:55.528,0.724,0.72419,1.50,1.75
2016.04.06 13:38:57.018,0.724,0.72418,1.75,1.12
2016.04.06 13:38:57.335,0.724,0.72422,1.75,1.50
2016.04.06 13:38:57.436,0.724,0.72422,1.75,1.75
2016.04.06 13:38:57.486,0.724,0.72423,2.25,1.75
2016.04.06 13:38:57.537,0.724,0.72423,2.25,1.75
2016.04.06 13:38:57.587,0.724,0.72419,1.75,1.12
2016.04.06 13:38:58.072,0.72397,0.7242,1.75,1.75
2016.04.06 13:38:58.280,0.72401,0.72419,1.00,1.00
2016.04.06 13:38:58.331,0.724,0.72421,1.75,1.37
2016.04.06 13:38:58.432,0.724,0.72421,1.75,1.00
2016.04.06 13:38:59.054,0.724,0.72424,1.75,1.75
2016.04.06 13:38:59.765,0.72405,0.72423,1.00,1.50
2016.04.06 13:39:00.019,0.724,0.72422,1.75,1.50
2016.04.06 13:39:00.121,0.724,0.72418,1.75,1.12
2016.04.06 13:39:00.655,0.72395,0.72418,2.25,1.75
2016.04.06 13:39:01.036,0.72395,0.72418,3.75,1.12
2016.04.06 13:39:01.406,0.72395,0.72418,2.25,1.50
2016.04.06 13:39:01.557,0.72395,0.72416,1.75,1.37
2016.04.06 13:39:01.876,0.72395,0.72414,1.12,1.75
2016.04.06 13:39:02.338,0.72391,0.72414,2.10,3.75
2016.04.06 13:39:02.744,0.7239,0.72407,1.37,1.00
2016.04.06 13:39:03.330,0.7239,0.72405,1.37,1.00
2016.04.06 13:39:03.917,0.7239,0.72406,1.50,1.12
2016.04.06 13:39:05.953,0.7239,0.72406,1.50,1.00
2016.04.06 13:39:06.485,0.7239,0.7241,1.12,1.75
2016.04.06 13:39:07.007,0.72391,0.7241,1.00,1.75
2016.04.06 13:39:07.159,0.7239,0.7241,1.00,1.75
2016.04.06 13:39:07.654,0.72385,0.72404,1.75,1.00
2016.04.06 13:39:07.989,0.7239,0.72407,1.00,1.75
2016.04.06 13:39:08.263,0.7239,0.72408,1.00,1.75
2016.04.06 13:39:09.016,0.72389,0.7241,1.75,1.75
2016.04.06 13:39:09.369,0.7239,0.72412,1.75,1.75
2016.04.06 13:39:09.571,0.7239,0.72411,1.37,1.75
2016.04.06 13:39:10.108,0.7239,0.72407,1.12,1.50
2016.04.06 13:39:10.392,0.72385,0.72407,1.75,1.75
2016.04.06 13:39:11.265,0.72385,0.72407,1.75,1.50
2016.04.06 13:39:11.606,0.7239,0.72404,1.00,1.75
2016.04.06 13:39:11.656,0.72385,0.72404,1.12,1.75
2016.04.06 13:39:12.013,0.7239,0.72404,1.00,1.75
2016.04.06 13:39:12.473,0.7239,0.72405,1.00,1.50
2016.04.06 13:39:13.042,0.7239,0.72405,1.00,1.00
2016.04.06 13:39:13.295,0.7239,0.72407,1.50,1.00
2016.04.06 13:39:13.736,0.7239,0.72412,1.50,2.10
2016.04.06 13:39:13.787,0.72392,0.7241,1.00,1.00
2016.04.06 13:39:13.989,0.7239,0.72409,1.37,1.50
2016.04.06 13:39:15.043,0.7239,0.72409,1.75,1.37
2016.04.06 13:39:15.093,0.72395,0.72411,1.50,1.00
2016.04.06 13:39:15.245,0.72395,0.72411,1.75,1.00
2016.04.06 13:39:15.547,0.72395,0.72415,2.25,1.50
2016.04.06 13:39:15.981,0.72395,0.72415,1.87,1.75
2016.04.06 13:39:16.292,0.72395,0.72413,1.37,1.50
2016.04.06 13:39:16.842,0.724,0.72415,1.00,1.50
2016.04.06 13:39:17.253,0.724,0.72414,1.00,1.75
2016.04.06 13:39:17.404,0.7239,0.72412,1.75,1.75
2016.04.06 13:39:17.505,0.7239,0.72412,1.75,1.75
2016.04.06 13:39:17.806,0.7239,0.72413,1.75,2.10
2016.04.06 13:39:18.131,0.72386,0.72405,1.75,1.00
2016.04.06 13:39:18.283,0.7239,0.7241,1.12,2.10
2016.04.06 13:39:18.388,0.7239,0.7241,1.75,2.10
2016.04.06 13:39:18.702,0.7239,0.72408,1.50,1.00
2016.04.06 13:39:18.803,0.7239,0.7241,1.75,2.10
2016.04.06 13:39:19.115,0.72394,0.7241,1.00,1.35
2016.04.06 13:39:19.454,0.7239,0.7241,1.75,2.10
2016.04.06 13:39:21.902,0.7239,0.72411,1.75,1.75
2016.04.06 13:39:22.506,0.7239,0.72412,1.75,1.75
2016.04.06 13:39:22.991,0.7239,0.72412,1.75,1.75
2016.04.06 13:39:23.297,0.7239,0.7241,1.75,1.00
2016.04.06 13:39:23.499,0.72391,0.72409,1.00,1.00
2016.04.06 13:39:23.730,0.7239,0.72409,1.50,1.75
2016.04.06 13:39:24.495,0.7239,0.72407,1.00,1.67
2016.04.06 13:39:24.596,0.72385,0.72401,1.00,1.00
2016.04.06 13:39:24.697,0.72381,0.72401,2.25,1.00
2016.04.06 13:39:24.747,0.72381,0.72404,2.25,1.50
2016.04.06 13:39:24.798,0.7238,0.72404,1.75,1.50
2016.04.06 13:39:25.572,0.72381,0.72405,1.75,1.75
2016.04.06 13:39:26.003,0.72381,0.72405,3.75,1.50
2016.04.06 13:39:26.310,0.72385,0.7241,1.75,1.75
2016.04.06 13:39:27.261,0.72385,0.72408,1.75,1.37
2016.04.06 13:39:27.311,0.7239,0.72409,1.75,1.50
2016.04.06 13:39:27.362,0.7239,0.72409,1.75,1.37
2016.04.06 13:39:27.513,0.72392,0.72415,1.75,1.75
2016.04.06 13:39:28.231,0.72391,0.72415,1.75,1.50
2016.04.06 13:39:30.430,0.72391,0.72414,1.75,1.75
2016.04.06 13:39:30.846,0.72389,0.72413,1.75,1.75
2016.04.06 13:39:31.471,0.7239,0.72408,1.00,1.00
2016.04.06 13:39:32.305,0.72393,0.72411,1.00,1.50
2016.04.06 13:39:32.607,0.72391,0.72417,1.75,1.75
2016.04.06 13:39:36.610,0.7239,0.72414,2.25,1.75
2016.04.06 13:39:37.335,0.72391,0.72415,1.75,1.75
2016.04.06 13:39:37.728,0.72393,0.72411,1.00,1.00
2016.04.06 13:39:37.908,0.72391,0.72415,1.75,1.75
2016.04.06 13:39:39.533,0.7239,0.72413,1.75,1.75
2016.04.06 13:39:40.102,0.72389,0.72412,2.25,1.75
2016.04.06 13:39:40.153,0.72389,0.72412,1.75,1.75
2016.04.06 13:39:40.486,0.72389,0.72411,1.75,1.75
2016.04.06 13:39:40.542,0.72389,0.72411,1.75,1.75
2016.04.06 13:39:42.104,0.7239,0.72408,1.75,1.12
2016.04.06 13:39:42.155,0.7239,0.72413,1.75,1.75
2016.04.06 13:39:42.306,0.72393,0.72415,1.75,1.75
2016.04.06 13:39:42.357,0.72396,0.72414,1.00,1.00
2016.04.06 13:39:42.609,0.72395,0.72415,1.37,1.75
2016.04.06 13:39:42.661,0.72395,0.72415,1.12,1.75
2016.04.06 13:39:43.151,0.7239,0.72412,1.75,1.75
2016.04.06 13:39:43.678,0.7239,0.72414,2.25,1.75
2016.04.06 13:39:44.739,0.7239,0.72414,1.75,1.75
2016.04.06 13:39:47.824,0.72395,0.72417,1.00,2.25
2016.04.06 13:39:48.548,0.72394,0.72416,1.12,1.75
2016.04.06 13:39:48.982,0.72394,0.72416,1.75,1.75
2016.04.06 13:39:49.277,0.72403,0.72421,1.00,1.00
2016.04.06 13:39:50.037,0.724,0.72422,1.37,1.75
2016.04.06 13:39:51.583,0.72395,0.72419,3.75,1.50
2016.04.06 13:39:51.887,0.72395,0.72419,1.75,2.25
2016.04.06 13:39:51.938,0.72397,0.72415,1.00,1.00
2016.04.06 13:39:53.080,0.72395,0.72419,1.75,2.85
2016.04.06 13:39:55.442,0.72393,0.72416,1.75,1.75
2016.04.06 13:39:55.493,0.72393,0.72416,1.75,1.75
2016.04.06 13:39:55.845,0.72395,0.72418,1.50,2.25
2016.04.06 13:39:55.896,0.72395,0.72418,1.75,2.25
2016.04.06 13:39:58.958,0.72396,0.7242,1.75,1.75
2016.04.06 13:40:00.526,0.72395,0.72419,1.75,1.75
2016.04.06 13:40:00.779,0.72394,0.72416,2.25,1.00
2016.04.06 13:40:01.172,0.72398,0.72416,1.00,1.50
2016.04.06 13:40:01.782,0.72392,0.72416,3.75,1.50
2016.04.06 13:40:02.965,0.72394,0.72418,1.75,1.75
2016.04.06 13:40:05.125,0.72394,0.72418,4.50,1.12
2016.04.06 13:40:07.169,0.72396,0.7242,3.00,2.25
2016.04.06 13:40:07.482,0.72396,0.72417,2.25,1.00
2016.04.06 13:40:07.734,0.724,0.7242,1.50,2.85
2016.04.06 13:40:08.569,0.72398,0.72422,1.75,2.10
2016.04.06 13:40:08.620,0.72398,0.72422,1.75,2.10
2016.04.06 13:40:10.705,0.72398,0.72422,1.75,2.10
2016.04.06 13:40:11.204,0.72398,0.72422,1.75,2.10
2016.04.06 13:40:11.392,0.72401,0.72419,1.00,1.00
2016.04.06 13:40:11.951,0.72396,0.7242,1.75,1.75
2016.04.06 13:40:12.606,0.72397,0.72421,1.75,1.75
2016.04.06 13:40:12.927,0.72396,0.7242,1.75,2.25
2016.04.06 13:40:13.330,0.72396,0.72422,1.75,3.60
2016.04.06 13:40:13.638,0.72396,0.72422,1.75,2.10
2016.04.06 13:40:13.938,0.72398,0.72422,1.75,2.10
2016.04.06 13:40:14.231,0.724,0.72423,1.75,1.75
2016.04.06 13:40:14.533,0.724,0.72424,2.25,2.10
2016.04.06 13:40:15.049,0.724,0.7242,1.75,1.35
2016.04.06 13:40:15.100,0.72399,0.7242,2.25,1.67
2016.04.06 13:40:15.201,0.72399,0.7242,1.50,1.35
2016.04.06 13:40:15.503,0.72396,0.72415,1.75,1.00
2016.04.06 13:40:15.655,0.72402,0.7242,1.00,2.85
2016.04.06 13:40:16.373,0.724,0.7242,1.75,2.47
2016.04.06 13:40:16.695,0.72397,0.72415,2.25,1.00
2016.04.06 13:40:16.746,0.724,0.72419,1.50,1.75
2016.04.06 13:40:16.859,0.72396,0.72415,1.75,1.00
2016.04.06 13:40:17.571,0.72399,0.72417,1.00,1.00
2016.04.06 13:40:17.622,0.72394,0.72417,1.75,1.75
2016.04.06 13:40:18.930,0.72393,0.72415,1.75,1.75
2016.04.06 13:40:19.437,0.72391,0.72414,1.75,1.35
2016.04.06 13:40:19.616,0.72391,0.72409,1.00,1.00
2016.04.06 13:40:19.721,0.7239,0.72412,1.50,2.10
2016.04.06 13:40:20.121,0.72387,0.72411,1.50,1.75
2016.04.06 13:40:20.725,0.72385,0.72405,1.75,1.50
2016.04.06 13:40:21.406,0.72382,0.724,1.75,1.00
2016.04.06 13:40:21.457,0.72382,0.724,1.75,1.00
2016.04.06 13:40:21.508,0.72383,0.724,1.75,1.00
2016.04.06 13:40:21.609,0.72385,0.72405,1.75,1.50
2016.04.06 13:40:22.210,0.72384,0.724,1.75,1.00
2016.04.06 13:40:22.261,0.72385,0.72405,1.50,1.50
2016.04.06 13:40:22.407,0.72384,0.724,1.75,1.00
2016.04.06 13:40:22.690,0.72385,0.72405,1.50,1.50
2016.04.06 13:40:25.247,0.72387,0.72405,1.00,1.00
2016.04.06 13:40:26.570,0.7239,0.72405,1.00,1.00
2016.04.06 13:40:28.071,0.72387,0.72405,1.00,1.50
2016.04.06 13:40:28.671,0.72387,0.72405,1.00,1.50
2016.04.06 13:40:29.004,0.7239,0.7241,1.37,4.35
2016.04.06 13:40:29.055,0.72393,0.7241,1.00,4.35
2016.04.06 13:40:29.156,0.72395,0.7241,1.00,2.85
2016.04.06 13:40:29.480,0.7239,0.72408,1.75,1.30
2016.04.06 13:40:29.581,0.7239,0.7241,1.37,1.75
2016.04.06 13:40:30.125,0.7239,0.72408,1.00,1.00
2016.04.06 13:40:33.983,0.72389,0.72408,1.75,1.00
2016.04.06 13:40:34.310,0.72395,0.72415,1.00,3.00
2016.04.06 13:40:35.184,0.72395,0.72411,1.00,1.00
2016.04.06 13:40:36.086,0.72395,0.72413,1.00,1.75
2016.04.06 13:40:36.187,0.72389,0.72411,2.25,1.75
2016.04.06 13:40:36.825,0.72391,0.7241,1.00,2.25
2016.04.06 13:40:38.579,0.72389,0.72409,1.75,1.50
2016.04.06 13:40:38.881,0.72395,0.72411,1.00,1.75
2016.04.06 13:40:38.931,0.7239,0.7241,1.75,1.50
2016.04.06 13:40:39.482,0.7239,0.7241,1.50,1.75
2016.04.06 13:40:39.777,0.7239,0.7241,1.00,3.00
2016.04.06 13:40:40.182,0.7239,0.72407,1.50,1.00
2016.04.06 13:40:41.799,0.7239,0.7241,1.50,1.75
2016.04.06 13:40:41.951,0.7239,0.72411,1.75,1.50
2016.04.06 13:40:42.102,0.72395,0.72412,1.37,1.67
2016.04.06 13:40:42.574,0.724,0.72415,1.12,2.10
2016.04.06 13:40:42.625,0.724,0.72419,1.12,1.50
2016.04.06 13:40:43.995,0.724,0.7242,1.12,2.25
2016.04.06 13:40:46.966,0.724,0.72418,1.37,1.37
2016.04.06 13:40:47.067,0.72402,0.72419,1.00,1.50
2016.04.06 13:40:47.854,0.72404,0.7242,1.00,1.12
2016.04.06 13:40:48.171,0.724,0.72419,1.75,1.50
2016.04.06 13:40:48.884,0.724,0.7242,1.75,2.25
2016.04.06 13:40:49.766,0.724,0.72419,1.50,1.75
2016.04.06 13:40:50.290,0.724,0.7242,1.75,2.25
2016.04.06 13:40:51.418,0.724,0.7242,1.75,2.25
2016.04.06 13:40:51.520,0.72405,0.72422,1.37,1.00
2016.04.06 13:40:51.948,0.724,0.72421,1.75,1.60
2016.04.06 13:40:52.252,0.724,0.72417,1.50,1.00
2016.04.06 13:40:52.302,0.724,0.7242,1.75,2.47
2016.04.06 13:40:53.542,0.72405,0.72423,1.12,1.75
2016.04.06 13:40:53.945,0.72404,0.72425,1.50,1.67
2016.04.06 13:40:53.996,0.72407,0.72425,1.00,2.10
2016.04.06 13:40:54.147,0.72404,0.72425,1.75,2.10
2016.04.06 13:40:54.550,0.72404,0.72426,1.75,2.25
2016.04.06 13:40:54.921,0.72407,0.7243,1.50,1.75
2016.04.06 13:40:54.972,0.72411,0.72429,1.00,1.00
2016.04.06 13:40:55.124,0.72411,0.7243,1.00,1.75
2016.04.06 13:40:55.521,0.72404,0.72426,1.75,2.85
2016.04.06 13:40:56.024,0.72405,0.72426,1.75,1.12
2016.04.06 13:40:56.748,0.72405,0.72425,2.25,1.00
2016.04.06 13:40:57.105,0.72405,0.7242,1.75,1.00
2016.04.06 13:40:57.206,0.72405,0.7242,1.37,1.00
2016.04.06 13:40:57.716,0.724,0.72421,1.75,1.00
2016.04.06 13:40:57.918,0.72405,0.72423,1.50,1.00
2016.04.06 13:40:58.019,0.72405,0.72424,1.50,1.35
2016.04.06 13:40:58.322,0.724,0.7242,1.12,3.00
2016.04.06 13:40:58.524,0.72405,0.72417,1.00,1.00
2016.04.06 13:40:58.835,0.72399,0.7242,1.75,2.85
2016.04.06 13:40:59.138,0.724,0.7242,1.50,2.85
2016.04.06 13:40:59.441,0.724,0.7242,1.75,1.35
2016.04.06 13:41:00.644,0.724,0.7242,1.75,1.37
2016.04.06 13:41:01.182,0.724,0.7242,1.75,1.00
2016.04.06 13:41:01.524,0.72397,0.72421,1.75,1.75
2016.04.06 13:41:02.142,0.72398,0.72418,1.50,1.00
2016.04.06 13:41:02.444,0.72396,0.72418,1.00,1.75
2016.04.06 13:41:04.771,0.72395,0.72415,1.00,2.25
2016.04.06 13:41:05.228,0.72391,0.72414,1.75,2.10
2016.04.06 13:41:05.548,0.72391,0.72412,1.50,1.75
2016.04.06 13:41:06.075,0.72389,0.72412,1.75,2.25
2016.04.06 13:41:06.378,0.72387,0.72411,1.75,2.25
2016.04.06 13:41:06.881,0.7239,0.72409,1.12,1.75
2016.04.06 13:41:06.932,0.72392,0.72409,1.00,1.00
2016.04.06 13:41:07.237,0.7239,0.7241,2.25,1.75
2016.04.06 13:41:07.743,0.72389,0.7241,1.75,1.50
2016.04.06 13:41:08.152,0.72389,0.7241,1.75,1.50
2016.04.06 13:41:08.252,0.72387,0.7241,1.75,1.75
2016.04.06 13:41:09.274,0.72385,0.72409,1.75,1.75
2016.04.06 13:41:09.609,0.72384,0.72406,1.75,1.50
2016.04.06 13:41:09.760,0.72382,0.72406,1.75,1.75
2016.04.06 13:41:09.961,0.7238,0.72405,1.75,1.75
2016.04.06 13:41:10.062,0.72382,0.724,1.00,1.00
2016.04.06 13:41:10.840,0.72378,0.72402,3.00,1.75
2016.04.06 13:41:10.952,0.72383,0.72401,1.00,1.00
2016.04.06 13:41:12.073,0.7238,0.72402,1.75,1.50
2016.04.06 13:41:12.609,0.7238,0.72403,2.25,1.37
2016.04.06 13:41:13.209,0.7238,0.72403,1.75,1.75
2016.04.06 13:41:14.376,0.72379,0.72403,3.75,1.50
2016.04.06 13:41:14.578,0.72392,0.7241,1.00,1.00
2016.04.06 13:41:15.149,0.72388,0.72414,1.75,2.25
2016.04.06 13:41:15.672,0.72391,0.72415,1.75,2.25
2016.04.06 13:41:15.974,0.72392,0.72416,1.75,1.75
2016.04.06 13:41:16.310,0.72391,0.72414,1.75,1.75
2016.04.06 13:41:16.827,0.7239,0.72414,2.25,1.75
2016.04.06 13:41:17.079,0.72396,0.72414,1.00,1.50
2016.04.06 13:41:17.180,0.72391,0.72414,3.75,1.12
2016.04.06 13:41:17.487,0.72395,0.72415,1.00,2.10
2016.04.06 13:41:17.538,0.72387,0.7241,1.75,1.50
2016.04.06 13:41:19.293,0.7239,0.72411,1.37,1.35
2016.04.06 13:41:19.345,0.72385,0.72408,1.75,1.75
2016.04.06 13:41:19.396,0.72385,0.72408,1.50,1.75
2016.04.06 13:41:19.756,0.72384,0.72408,1.75,1.75
2016.04.06 13:41:20.345,0.72385,0.7241,2.25,2.25
2016.04.06 13:41:20.900,0.72386,0.72409,1.75,1.50
2016.04.06 13:41:21.414,0.72386,0.72409,1.75,1.75
2016.04.06 13:41:21.734,0.72386,0.72409,1.50,1.75
2016.04.06 13:41:24.403,0.72386,0.7241,1.75,2.25
2016.04.06 13:41:24.911,0.72386,0.7241,1.37,1.75
2016.04.06 13:41:25.447,0.72386,0.7241,1.75,1.75
2016.04.06 13:41:25.761,0.72386,0.7241,1.12,3.00
2016.04.06 13:41:26.090,0.72388,0.72411,1.12,3.00
2016.04.06 13:41:26.407,0.72385,0.7241,1.50,3.00
2016.04.06 13:41:26.963,0.72389,0.72412,1.12,1.75
2016.04.06 13:41:27.467,0.72388,0.72406,1.00,1.00
2016.04.06 13:41:27.800,0.72385,0.72406,1.50,1.75
2016.04.06 13:41:28.386,0.72387,0.72405,1.00,1.00
2016.04.06 13:41:28.487,0.72385,0.72408,1.75,1.75
2016.04.06 13:41:28.688,0.72385,0.72408,1.75,1.75
2016.04.06 13:41:28.913,0.7239,0.72408,1.00,1.75
2016.04.06 13:41:29.385,0.72385,0.72407,1.75,1.75
2016.04.06 13:41:29.714,0.7239,0.72403,1.00,1.00
2016.04.06 13:41:30.728,0.72391,0.72411,1.00,2.25
2016.04.06 13:41:30.929,0.72391,0.72412,1.37,1.35
2016.04.06 13:41:30.980,0.72394,0.72412,1.00,1.35
2016.04.06 13:41:31.031,0.72394,0.72414,1.37,1.35
2016.04.06 13:41:31.081,0.72396,0.72414,1.00,1.60
2016.04.06 13:41:31.232,0.72395,0.72414,1.75,1.60
2016.04.06 13:41:31.654,0.724,0.72415,1.00,2.47
2016.04.06 13:41:31.710,0.724,0.72419,1.00,1.75
2016.04.06 13:41:31.912,0.72396,0.72419,1.75,1.75
2016.04.06 13:41:32.079,0.72396,0.72419,1.12,1.75
2016.04.06 13:41:32.130,0.72396,0.72419,1.00,3.00
2016.04.06 13:41:32.760,0.72395,0.72412,1.50,1.00
2016.04.06 13:41:33.293,0.72395,0.72415,1.12,1.75
2016.04.06 13:41:34.230,0.72393,0.72419,1.75,1.75
2016.04.06 13:41:34.841,0.72396,0.72419,1.00,1.75
2016.04.06 13:41:35.100,0.72396,0.72417,1.00,1.75
2016.04.06 13:41:35.621,0.72391,0.72415,1.75,1.75
2016.04.06 13:41:36.143,0.72396,0.72414,1.00,1.00
2016.04.06 13:41:36.612,0.72392,0.72416,1.75,1.50
2016.04.06 13:41:37.470,0.72391,0.72412,2.25,1.00
2016.04.06 13:41:37.869,0.72395,0.72415,1.00,4.50
2016.04.06 13:41:37.922,0.72395,0.72418,1.75,1.75
2016.04.06 13:41:38.425,0.72395,0.72418,1.75,1.75
2016.04.06 13:41:39.040,0.72398,0.72421,1.50,2.10
2016.04.06 13:41:39.548,0.72396,0.72419,1.75,1.75
2016.04.06 13:41:44.152,0.72391,0.72414,1.35,1.75
2016.04.06 13:41:44.253,0.72392,0.7241,1.00,1.00
2016.04.06 13:41:44.849,0.7239,0.72411,1.12,1.75
2016.04.06 13:41:45.390,0.72389,0.72412,1.12,1.75
2016.04.06 13:41:46.026,0.7239,0.72412,1.00,2.25
2016.04.06 13:41:46.177,0.7239,0.72416,2.25,3.00
2016.04.06 13:41:46.430,0.7239,0.72414,2.25,1.75
2016.04.06 13:41:46.480,0.72391,0.72415,1.75,1.75
2016.04.06 13:41:46.790,0.724,0.72417,1.00,1.75
2016.04.06 13:41:46.891,0.72394,0.72416,1.50,1.75
2016.04.06 13:41:47.363,0.72395,0.72415,1.00,2.25
2016.04.06 13:41:47.464,0.72395,0.72411,1.00,1.00
2016.04.06 13:41:47.871,0.72394,0.72416,1.75,1.75
2016.04.06 13:41:48.214,0.724,0.72417,1.00,1.75
2016.04.06 13:41:48.264,0.724,0.72417,1.00,1.75
2016.04.06 13:41:48.518,0.72395,0.72413,1.00,1.00
2016.04.06 13:41:48.770,0.724,0.72418,1.00,1.75
2016.04.06 13:41:49.258,0.72396,0.72417,1.00,1.75
2016.04.06 13:41:49.359,0.72392,0.7241,1.00,1.00
2016.04.06 13:41:49.511,0.72395,0.7241,1.00,1.00
2016.04.06 13:41:49.813,0.72397,0.7242,1.00,3.75
2016.04.06 13:41:49.864,0.72397,0.72422,1.75,1.75
2016.04.06 13:41:50.129,0.72405,0.72425,1.50,2.85
2016.04.06 13:41:50.180,0.72405,0.72425,1.50,1.75
2016.04.06 13:41:50.282,0.72409,0.72426,1.00,1.75
2016.04.06 13:41:50.383,0.72402,0.72426,1.75,1.75
2016.04.06 13:41:50.485,0.72402,0.72426,1.75,1.75
2016.04.06 13:41:50.934,0.72405,0.72425,1.37,1.75
2016.04.06 13:41:51.450,0.72405,0.7242,1.00,1.00
2016.04.06 13:41:51.996,0.72405,0.72425,1.00,1.75
2016.04.06 13:41:52.097,0.72405,0.72425,1.12,1.75
2016.04.06 13:41:52.241,0.7241,0.72426,1.00,2.10
2016.04.06 13:41:53.891,0.72405,0.72425,1.12,1.75
2016.04.06 13:41:54.279,0.72408,0.72425,1.00,1.00
2016.04.06 13:41:54.542,0.72405,0.72425,1.75,1.37
2016.04.06 13:41:54.594,0.724,0.72426,2.25,2.10
2016.04.06 13:41:54.796,0.724,0.72424,2.25,1.75
2016.04.06 13:41:55.499,0.72401,0.72419,1.00,1.00
2016.04.06 13:41:55.953,0.724,0.72424,1.87,1.75
2016.04.06 13:41:56.291,0.72401,0.72425,1.75,1.75
2016.04.06 13:41:56.859,0.72401,0.72427,1.75,3.00
2016.04.06 13:41:56.910,0.72401,0.72427,1.75,1.75
2016.04.06 13:41:56.960,0.72401,0.72427,3.75,1.50
2016.04.06 13:41:57.011,0.72402,0.72427,2.25,1.50
2016.04.06 13:41:58.341,0.72408,0.72433,1.75,2.25
2016.04.06 13:41:58.442,0.72408,0.72434,1.75,2.25
2016.04.06 13:42:00.995,0.72404,0.72428,3.00,1.50
2016.04.06 13:42:01.046,0.72404,0.72428,1.75,1.75
2016.04.06 13:42:01.147,0.72408,0.72426,1.00,1.00
2016.04.06 13:42:01.197,0.72406,0.72429,1.50,1.75
2016.04.06 13:42:01.718,0.72406,0.72429,1.50,3.00
2016.04.06 13:42:02.092,0.72406,0.72429,1.75,1.75
2016.04.06 13:42:02.649,0.72407,0.72429,1.00,3.00
2016.04.06 13:42:03.055,0.72406,0.72429,1.75,1.75
2016.04.06 13:42:03.256,0.72405,0.72429,1.75,2.25
2016.04.06 13:42:03.844,0.72405,0.72428,1.50,3.00
2016.04.06 13:42:04.625,0.7241,0.72425,1.00,1.75
2016.04.06 13:42:04.737,0.724,0.72423,2.25,1.50
2016.04.06 13:42:06.358,0.72405,0.72423,1.50,1.00
2016.04.06 13:42:06.902,0.72404,0.72427,1.75,1.75
2016.04.06 13:42:07.428,0.72405,0.72427,1.75,1.75
2016.04.06 13:42:08.781,0.724,0.72423,2.25,1.37
2016.04.06 13:42:09.303,0.72402,0.72426,1.75,1.75
2016.04.06 13:42:09.608,0.72405,0.72426,1.00,1.75
2016.04.06 13:42:10.114,0.72405,0.72426,1.50,1.75
2016.04.06 13:42:11.170,0.72403,0.72427,1.75,1.75
2016.04.06 13:42:11.271,0.72403,0.72427,1.75,1.75
2016.04.06 13:42:11.573,0.72406,0.72424,1.00,1.00
2016.04.06 13:42:12.063,0.72407,0.72426,2.25,1.00
2016.04.06 13:42:12.530,0.72407,0.72431,4.50,1.12
2016.04.06 13:42:12.782,0.72409,0.72433,2.25,1.12
2016.04.06 13:42:13.379,0.7241,0.72435,1.75,2.25
2016.04.06 13:42:13.450,0.7241,0.72435,1.75,2.25
2016.04.06 13:42:13.551,0.72416,0.72434,1.00,1.00
2016.04.06 13:42:13.602,0.7241,0.72435,1.75,2.25
2016.04.06 13:42:14.357,0.7241,0.72435,1.75,2.25
2016.04.06 13:42:14.778,0.7241,0.72435,1.75,2.25
2016.04.06 13:42:15.380,0.72408,0.72433,1.75,1.75
2016.04.06 13:42:15.455,0.72414,0.72432,1.00,1.00
2016.04.06 13:42:16.127,0.72407,0.72432,3.00,2.10
2016.04.06 13:42:16.178,0.72404,0.72428,3.00,1.50
2016.04.06 13:42:16.228,0.72404,0.72428,3.00,1.75
2016.04.06 13:42:16.279,0.72404,0.72428,1.75,1.75
2016.04.06 13:42:17.180,0.72404,0.72428,1.75,2.25
2016.04.06 13:42:17.231,0.72405,0.72427,1.75,1.75
2016.04.06 13:42:17.382,0.72407,0.72425,1.00,1.00
2016.04.06 13:42:17.483,0.72404,0.72427,1.75,1.75
2016.04.06 13:42:18.280,0.72404,0.72424,1.37,1.75
2016.04.06 13:42:18.638,0.72401,0.7242,1.75,1.00
2016.04.06 13:42:18.689,0.72404,0.72425,1.75,1.75
2016.04.06 13:42:19.591,0.72405,0.72425,1.75,1.12
2016.04.06 13:42:20.051,0.72405,0.72425,1.75,2.25
2016.04.06 13:42:20.568,0.72405,0.72425,1.75,2.25
2016.04.06 13:42:21.402,0.72405,0.72425,1.75,1.00
2016.04.06 13:42:21.923,0.72405,0.72425,1.37,1.50
2016.04.06 13:42:21.973,0.72405,0.72424,1.37,1.67
2016.04.06 13:42:22.125,0.72404,0.72424,1.37,1.35
2016.04.06 13:42:22.175,0.72404,0.7242,1.00,1.00
2016.04.06 13:42:22.226,0.72398,0.72422,2.25,1.75
2016.04.06 13:42:22.482,0.72401,0.72422,1.00,1.75
2016.04.06 13:42:23.283,0.72398,0.72421,1.75,1.75
2016.04.06 13:42:23.671,0.724,0.72424,1.75,1.75
2016.04.06 13:42:24.452,0.72402,0.72426,1.75,2.25
2016.04.06 13:42:24.502,0.72402,0.72426,1.75,2.25
2016.04.06 13:42:24.653,0.72403,0.72427,1.75,1.35
2016.04.06 13:42:24.704,0.72403,0.72427,1.75,1.35
2016.04.06 13:42:25.316,0.72403,0.72427,1.75,1.35
2016.04.06 13:42:26.299,0.724,0.7242,1.75,1.00
2016.04.06 13:42:26.350,0.724,0.7242,1.75,1.00
2016.04.06 13:42:26.400,0.72396,0.7242,1.75,1.37
2016.04.06 13:42:26.451,0.72396,0.7242,1.75,1.75
2016.04.06 13:42:26.502,0.72398,0.72422,1.37,3.00
2016.04.06 13:42:26.803,0.724,0.72422,1.37,1.75
2016.04.06 13:42:26.854,0.72398,0.72422,1.75,1.75
2016.04.06 13:42:27.005,0.724,0.72422,1.75,1.75
2016.04.06 13:42:27.106,0.724,0.72422,1.00,1.75
2016.04.06 13:42:27.207,0.72398,0.72422,1.75,1.75
2016.04.06 13:42:27.663,0.72399,0.72423,1.50,2.85
2016.04.06 13:42:28.801,0.72398,0.7242,1.37,2.25
2016.04.06 13:42:29.019,0.72396,0.72419,1.50,1.75
2016.04.06 13:42:29.220,0.72397,0.72416,1.75,1.50
2016.04.06 13:42:29.826,0.724,0.72418,1.00,1.75
2016.04.06 13:42:30.394,0.724,0.7242,1.12,2.25
2016.04.06 13:42:30.747,0.724,0.72419,1.12,1.50
2016.04.06 13:42:31.133,0.72396,0.72416,1.75,1.50
2016.04.06 13:42:31.579,0.72391,0.72414,1.35,1.50
2016.04.06 13:42:31.890,0.72391,0.72412,1.30,1.75
2016.04.06 13:42:32.191,0.7239,0.72411,1.60,2.25
2016.04.06 13:42:32.694,0.72386,0.72403,2.10,1.00
2016.04.06 13:42:32.744,0.72385,0.72403,2.25,1.00
2016.04.06 13:42:33.230,0.72388,0.72406,1.00,1.00
2016.04.06 13:42:33.776,0.72389,0.72413,1.75,2.85
2016.04.06 13:42:34.230,0.72389,0.72415,2.25,1.75
2016.04.06 13:42:34.280,0.72389,0.72415,2.25,1.75
2016.04.06 13:42:34.331,0.7239,0.72415,1.75,1.75
2016.04.06 13:42:35.239,0.72391,0.72415,1.75,1.75
2016.04.06 13:42:35.561,0.7239,0.72414,2.25,1.75
2016.04.06 13:42:36.552,0.72389,0.72413,2.25,1.75
2016.04.06 13:42:37.080,0.72389,0.72413,1.75,1.75
2016.04.06 13:42:37.426,0.72391,0.72415,1.75,1.75
2016.04.06 13:42:37.476,0.72391,0.72415,1.75,1.50
2016.04.06 13:42:39.066,0.7239,0.72414,1.75,1.50
2016.04.06 13:42:39.385,0.72393,0.72417,1.75,1.75
2016.04.06 13:42:39.486,0.72393,0.72417,1.75,1.50
2016.04.06 13:42:39.737,0.72393,0.72416,1.75,1.50
2016.04.06 13:42:39.788,0.72396,0.72414,1.00,1.00
2016.04.06 13:42:40.068,0.72391,0.72414,1.75,1.75
2016.04.06 13:42:40.417,0.72391,0.72417,1.75,1.75
2016.04.06 13:42:40.868,0.7239,0.72415,2.25,1.75
2016.04.06 13:42:41.254,0.7239,0.72415,2.25,1.75
2016.04.06 13:42:41.812,0.72392,0.72416,1.75,1.75
2016.04.06 13:42:42.758,0.7239,0.72415,1.75,1.75
2016.04.06 13:42:42.809,0.72392,0.72415,1.75,1.75
2016.04.06 13:42:43.067,0.72392,0.72415,1.75,1.75
2016.04.06 13:42:43.372,0.72393,0.72417,1.75,1.75
2016.04.06 13:42:43.865,0.72389,0.72413,1.75,1.75
2016.04.06 13:42:44.172,0.72389,0.72413,1.75,1.12
2016.04.06 13:42:44.372,0.7239,0.72415,1.75,1.75
2016.04.06 13:42:44.875,0.7239,0.72413,1.75,1.75
2016.04.06 13:42:47.152,0.7239,0.72414,1.75,1.75
2016.04.06 13:42:47.455,0.72393,0.72417,1.75,1.75
2016.04.06 13:42:47.960,0.72396,0.72414,1.00,1.00
2016.04.06 13:42:48.291,0.72395,0.72419,1.75,1.75
2016.04.06 13:42:48.786,0.72397,0.72415,1.50,1.00
2016.04.06 13:42:49.008,0.72397,0.7242,1.12,2.25
2016.04.06 13:42:49.550,0.72395,0.72419,2.25,1.75
2016.04.06 13:42:50.053,0.72396,0.7242,1.75,1.75
2016.04.06 13:42:50.500,0.72393,0.72417,1.75,1.75
2016.04.06 13:42:50.551,0.72393,0.72417,1.75,1.75
2016.04.06 13:42:50.703,0.72391,0.72415,1.75,1.75
2016.04.06 13:42:51.206,0.72391,0.72415,1.75,1.75
2016.04.06 13:42:51.470,0.7239,0.72414,2.25,1.50
2016.04.06 13:42:51.675,0.7239,0.72414,2.25,1.50
2016.04.06 13:42:51.776,0.72394,0.72414,1.00,1.75
2016.04.06 13:42:52.004,0.7239,0.72414,2.25,1.75
2016.04.06 13:42:52.881,0.7239,0.72414,1.75,1.75
2016.04.06 13:42:53.460,0.72388,0.72413,1.75,1.75
2016.04.06 13:42:54.086,0.72391,0.72413,1.00,1.75
2016.04.06 13:42:54.501,0.72389,0.72413,1.75,1.75
2016.04.06 13:42:55.072,0.7239,0.72411,2.25,1.00
2016.04.06 13:42:55.874,0.7239,0.72413,2.25,1.75
2016.04.06 13:42:56.576,0.72388,0.72411,3.00,1.12
2016.04.06 13:42:56.627,0.72388,0.7241,1.00,2.25
2016.04.06 13:42:57.228,0.72385,0.72408,1.75,1.75
2016.04.06 13:43:00.085,0.7239,0.7241,1.00,3.00
2016.04.06 13:43:00.346,0.7239,0.72407,1.00,1.00
2016.04.06 13:43:00.497,0.72389,0.72411,1.50,1.35
2016.04.06 13:43:01.014,0.72385,0.72409,1.75,1.75
2016.04.06 13:43:01.266,0.72395,0.72413,1.00,1.00
2016.04.06 13:43:02.143,0.72391,0.72414,1.75,1.50
2016.04.06 13:43:02.757,0.72392,0.72416,1.75,1.75
2016.04.06 13:43:07.094,0.72395,0.72413,1.00,1.00
2016.04.06 13:43:07.662,0.72392,0.72415,1.75,1.75
2016.04.06 13:43:08.230,0.72393,0.72417,1.75,1.75
2016.04.06 13:43:08.580,0.72392,0.72414,1.75,1.35
2016.04.06 13:43:08.885,0.7239,0.72411,1.50,1.75
2016.04.06 13:43:09.941,0.72392,0.72412,1.50,1.35
2016.04.06 13:43:10.297,0.7239,0.72412,2.25,1.35
2016.04.06 13:43:11.706,0.72392,0.72414,1.00,2.25
2016.04.06 13:43:11.857,0.72392,0.72415,1.50,1.75
2016.04.06 13:43:12.472,0.72397,0.72421,1.75,2.10
2016.04.06 13:43:13.166,0.72394,0.72418,1.75,1.75
2016.04.06 13:43:13.690,0.72394,0.72417,1.75,1.75
2016.04.06 13:43:14.066,0.72395,0.72417,1.75,1.35
2016.04.06 13:43:14.370,0.72393,0.72417,1.75,2.10
2016.04.06 13:43:15.173,0.7239,0.72414,2.25,1.75
2016.04.06 13:43:15.869,0.7239,0.72414,2.25,1.75
2016.04.06 13:43:16.397,0.72389,0.72412,2.25,1.12
2016.04.06 13:43:16.448,0.72389,0.72406,1.50,1.00
2016.04.06 13:43:16.499,0.72389,0.72412,1.50,3.00
2016.04.06 13:43:16.600,0.7239,0.72414,1.75,2.10
2016.04.06 13:43:16.701,0.7239,0.72414,1.75,2.10
2016.04.06 13:43:17.782,0.72389,0.72413,1.75,1.75
2016.04.06 13:43:18.109,0.72395,0.72414,1.50,1.35
2016.04.06 13:43:18.496,0.72397,0.7242,1.37,1.75
2016.04.06 13:43:18.798,0.72402,0.72428,1.75,2.10
2016.04.06 13:43:19.302,0.72402,0.72428,1.75,1.75
2016.04.06 13:43:20.781,0.724,0.72426,2.25,1.75
2016.04.06 13:43:21.283,0.72396,0.72419,2.25,1.12
2016.04.06 13:43:21.718,0.72395,0.72419,1.75,1.75
2016.04.06 13:43:22.521,0.724,0.72422,1.00,3.75
2016.04.06 13:43:22.622,0.72402,0.7242,1.00,1.00
2016.04.06 13:43:23.129,0.72399,0.72423,1.75,1.75
2016.04.06 13:43:23.179,0.72399,0.72423,1.75,1.50
2016.04.06 13:43:23.494,0.724,0.72424,1.75,1.75
2016.04.06 13:43:24.300,0.72402,0.72419,1.00,1.00
2016.04.06 13:43:24.401,0.72398,0.72421,1.50,1.35
2016.04.06 13:43:24.502,0.72397,0.72415,1.00,1.00
2016.04.06 13:43:24.830,0.72399,0.72416,1.00,1.00
2016.04.06 13:43:25.133,0.72395,0.72415,1.00,1.75
2016.04.06 13:43:25.451,0.724,0.72418,1.00,1.35
2016.04.06 13:43:25.768,0.72395,0.72415,1.50,1.50
2016.04.06 13:43:26.417,0.72395,0.72415,1.37,1.75
2016.04.06 13:43:26.823,0.72397,0.72415,1.00,1.00
2016.04.06 13:43:27.350,0.72399,0.72417,1.12,1.75
2016.04.06 13:43:27.823,0.72399,0.72417,1.00,1.75
2016.04.06 13:43:27.874,0.72399,0.72419,1.00,2.10
2016.04.06 13:43:27.925,0.72399,0.72419,1.00,2.10
2016.04.06 13:43:28.331,0.72395,0.72413,1.00,1.75
2016.04.06 13:43:28.749,0.72395,0.72414,1.00,1.75
2016.04.06 13:43:29.002,0.72395,0.72413,1.00,1.75
2016.04.06 13:43:29.504,0.72394,0.72413,1.00,1.75
2016.04.06 13:43:30.509,0.72398,0.72415,1.75,1.00
2016.04.06 13:43:30.822,0.72404,0.72421,1.00,1.75
2016.04.06 13:43:31.036,0.72404,0.72419,1.00,1.00
2016.04.06 13:43:31.441,0.72405,0.72425,1.75,2.85
2016.04.06 13:43:31.492,0.72409,0.72425,1.00,1.35
2016.04.06 13:43:32.032,0.7241,0.72425,1.00,1.35
2016.04.06 13:43:32.284,0.72405,0.72424,1.12,1.75
2016.04.06 13:43:32.560,0.72405,0.72424,1.00,1.75
2016.04.06 13:43:32.662,0.72405,0.72422,1.00,1.75
2016.04.06 13:43:33.171,0.72405,0.72425,1.12,1.75
2016.04.06 13:43:33.271,0.7241,0.72426,1.00,1.75
2016.04.06 13:43:33.372,0.7241,0.72426,1.00,1.50
2016.04.06 13:43:33.963,0.7241,0.72425,1.00,1.00
2016.04.06 13:43:35.561,0.72409,0.72425,1.00,1.00
2016.04.06 13:43:35.763,0.7241,0.72427,1.00,1.35
2016.04.06 13:43:35.814,0.72405,0.72422,1.50,1.12
2016.04.06 13:43:36.130,0.72405,0.72428,1.87,3.60
2016.04.06 13:43:36.181,0.72405,0.72427,2.25,1.30
2016.04.06 13:43:36.332,0.72404,0.72426,3.00,1.37
2016.04.06 13:43:36.383,0.72405,0.72423,1.00,1.00
2016.04.06 13:43:36.433,0.72404,0.7243,1.75,1.75
2016.04.06 13:43:36.484,0.72406,0.7243,1.75,1.75
2016.04.06 13:43:36.585,0.72406,0.7243,1.75,1.75
2016.04.06 13:43:37.044,0.72406,0.72429,1.50,1.35
2016.04.06 13:43:37.095,0.72406,0.72427,1.50,1.75
2016.04.06 13:43:37.296,0.72406,0.72428,1.12,1.75
2016.04.06 13:43:37.881,0.72404,0.72422,1.00,1.00
2016.04.06 13:43:38.927,0.724,0.72425,2.25,1.75
2016.04.06 13:43:39.455,0.72404,0.72427,1.00,3.00
2016.04.06 13:43:39.556,0.72405,0.72428,1.50,3.00
2016.04.06 13:43:39.818,0.72408,0.72425,1.00,1.00
2016.04.06 13:43:40.231,0.72404,0.72427,1.75,1.75
2016.04.06 13:43:40.629,0.72401,0.72424,1.75,1.75
2016.04.06 13:43:42.644,0.72405,0.72425,1.75,2.10
2016.04.06 13:43:43.092,0.7241,0.72429,1.00,2.10
2016.04.06 13:43:45.955,0.72409,0.72428,1.00,1.75
2016.04.06 13:43:46.696,0.72404,0.72427,1.75,1.75
2016.04.06 13:43:47.953,0.72404,0.72427,1.75,1.75
2016.04.06 13:43:49.375,0.72406,0.72429,1.75,1.75
2016.04.06 13:43:49.679,0.72413,0.72431,1.00,1.60
2016.04.06 13:43:49.868,0.72408,0.72429,1.00,2.25
2016.04.06 13:43:49.919,0.72403,0.72424,1.75,1.35
2016.04.06 13:43:49.969,0.72403,0.72424,1.12,1.35
2016.04.06 13:43:50.554,0.724,0.72422,1.50,1.75
2016.04.06 13:43:50.876,0.7241,0.7243,1.75,2.25
2016.04.06 13:43:51.463,0.7241,0.7243,1.75,1.50
2016.04.06 13:43:51.853,0.72415,0.72432,1.00,2.10
2016.04.06 13:43:51.965,0.72415,0.72434,1.37,2.85
2016.04.06 13:43:52.483,0.72415,0.72431,1.00,1.35
2016.04.06 13:43:53.120,0.72405,0.72428,3.00,1.00
2016.04.06 13:43:53.171,0.72405,0.72429,2.25,1.50
2016.04.06 13:43:53.690,0.7241,0.72428,1.00,1.00
2016.04.06 13:43:54.602,0.7241,0.72432,1.75,1.35
2016.04.06 13:43:54.923,0.72411,0.72432,1.75,1.30
2016.04.06 13:43:57.510,0.72411,0.72432,1.75,1.35
2016.04.06 13:43:57.873,0.72404,0.72427,1.75,1.75
2016.04.06 13:43:58.423,0.72405,0.72428,2.25,1.35
2016.04.06 13:43:59.314,0.72407,0.7243,1.75,1.75
2016.04.06 13:44:00.879,0.72408,0.72432,1.75,2.10
2016.04.06 13:44:00.930,0.72412,0.7243,1.00,1.00
2016.04.06 13:44:01.182,0.72412,0.72434,2.25,1.37
2016.04.06 13:44:01.233,0.72413,0.72434,2.25,1.00
2016.04.06 13:44:01.334,0.72413,0.72439,3.00,2.10
2016.04.06 13:44:01.435,0.72414,0.72438,3.00,1.12
2016.04.06 13:44:02.676,0.72417,0.72441,1.75,1.75
2016.04.06 13:44:03.012,0.72418,0.72436,1.00,1.00
2016.04.06 13:44:04.422,0.72413,0.72439,1.75,1.75
2016.04.06 13:44:04.950,0.72414,0.72437,1.75,1.75
2016.04.06 13:44:05.900,0.72412,0.72438,1.75,1.75
2016.04.06 13:44:05.950,0.72411,0.72435,1.75,1.75
2016.04.06 13:44:07.154,0.72407,0.72431,1.75,1.50
2016.04.06 13:44:07.204,0.72407,0.72431,1.75,1.75
2016.04.06 13:44:07.305,0.72412,0.7243,1.00,1.00
2016.04.06 13:44:07.356,0.7241,0.72433,1.75,1.75
2016.04.06 13:44:07.507,0.72414,0.72437,1.75,2.10
2016.04.06 13:44:08.253,0.72413,0.72437,1.75,2.10
2016.04.06 13:44:08.454,0.72414,0.72434,1.00,1.75
2016.04.06 13:44:09.364,0.72412,0.72433,1.00,1.75
2016.04.06 13:44:09.952,0.7241,0.72433,1.50,1.75
2016.04.06 13:44:10.448,0.72413,0.72431,1.00,1.00
2016.04.06 13:44:10.563,0.72412,0.72438,1.75,3.60
2016.04.06 13:44:10.614,0.72416,0.72434,1.00,1.00
2016.04.06 13:44:11.864,0.72413,0.72437,1.75,1.75
2016.04.06 13:44:12.475,0.72415,0.72436,1.12,1.75
2016.04.06 13:44:12.779,0.72414,0.72436,1.50,1.75
2016.04.06 13:44:13.282,0.72416,0.72437,1.00,1.75
2016.04.06 13:44:13.952,0.7241,0.72436,2.25,1.75
2016.04.06 13:44:14.466,0.72412,0.72436,1.75,1.75
2016.04.06 13:44:14.768,0.7241,0.72433,1.12,3.60
2016.04.06 13:44:15.284,0.72411,0.72433,1.37,1.35
2016.04.06 13:44:15.831,0.72408,0.72431,1.75,2.10
2016.04.06 13:44:16.133,0.72405,0.72429,2.25,1.75
2016.04.06 13:44:17.071,0.72405,0.72428,1.75,1.75
2016.04.06 13:44:17.373,0.72408,0.72431,1.75,1.75
2016.04.06 13:44:17.617,0.72414,0.72436,1.50,1.35
2016.04.06 13:44:17.819,0.72415,0.72436,1.37,1.35
2016.04.06 13:44:17.920,0.72415,0.72436,1.75,1.35
2016.04.06 13:44:18.230,0.72413,0.72436,1.75,1.35
2016.04.06 13:44:18.381,0.72408,0.72432,1.75,2.10
2016.04.06 13:44:18.930,0.72409,0.72427,1.00,1.00
2016.04.06 13:44:20.193,0.72406,0.72432,1.75,2.10
2016.04.06 13:44:20.395,0.72406,0.72428,1.75,1.00
2016.04.06 13:44:22.880,0.72409,0.72431,1.50,1.75
2016.04.06 13:44:22.931,0.72409,0.72431,1.50,1.75
2016.04.06 13:44:24.444,0.7241,0.72433,1.75,2.10
2016.04.06 13:44:25.606,0.7241,0.72433,1.75,1.75
2016.04.06 13:44:25.757,0.72414,0.72432,1.50,1.00
2016.04.06 13:44:25.808,0.72414,0.72437,1.50,2.10
2016.04.06 13:44:25.859,0.72414,0.72437,1.75,1.35
2016.04.06 13:44:26.240,0.72417,0.72437,1.37,1.67
2016.04.06 13:44:26.903,0.72413,0.72437,1.75,2.10
2016.04.06 13:44:27.632,0.72413,0.72437,1.75,2.10
2016.04.06 13:44:28.154,0.72413,0.72437,1.75,2.10
2016.04.06 13:44:28.464,0.7241,0.72436,5.25,1.50
2016.04.06 13:44:28.946,0.72413,0.72436,3.00,1.00
2016.04.06 13:44:29.660,0.72416,0.72437,1.75,1.30
2016.04.06 13:44:30.109,0.72415,0.72437,1.75,1.35
2016.04.06 13:44:31.508,0.72414,0.7243,1.75,1.00
2016.04.06 13:44:33.046,0.72413,0.72435,1.75,1.50
2016.04.06 13:44:33.275,0.7241,0.72435,2.25,2.25
2016.04.06 13:44:34.042,0.72412,0.72432,1.75,1.00
2016.04.06 13:44:34.579,0.72412,0.7243,1.75,1.00
2016.04.06 13:44:35.200,0.72415,0.72433,1.00,1.00
2016.04.06 13:44:35.351,0.72412,0.72435,1.75,2.10
2016.04.06 13:44:35.927,0.7241,0.72434,1.75,1.35
2016.04.06 13:44:36.396,0.72409,0.72433,3.00,3.60
2016.04.06 13:44:36.497,0.72408,0.72432,1.75,2.10
2016.04.06 13:44:36.749,0.7241,0.7243,1.75,1.30
2016.04.06 13:44:36.850,0.7241,0.72432,1.75,1.00
2016.04.06 13:44:37.469,0.72413,0.72434,1.75,1.67
2016.04.06 13:44:39.894,0.72416,0.72434,1.00,1.00
2016.04.06 13:44:41.162,0.72414,0.72436,2.25,2.10
2016.04.06 13:44:41.263,0.72419,0.72436,1.00,1.35
2016.04.06 13:44:41.364,0.72415,0.72435,2.25,1.50
2016.04.06 13:44:42.972,0.72413,0.72435,1.75,1.75
2016.04.06 13:44:43.195,0.72414,0.72432,1.00,1.00
2016.04.06 13:44:43.296,0.72411,0.72434,1.75,1.75
2016.04.06 13:44:44.277,0.72414,0.72438,1.75,1.75
2016.04.06 13:44:44.327,0.72417,0.72435,1.00,1.00
2016.04.06 13:44:44.843,0.72414,0.72438,1.75,1.75
2016.04.06 13:44:45.116,0.72416,0.72439,1.75,2.10
2016.04.06 13:44:45.167,0.72416,0.72439,1.75,2.10
2016.04.06 13:44:46.407,0.72416,0.72439,1.75,2.10
2016.04.06 13:44:46.508,0.72416,0.72439,1.75,2.10
2016.04.06 13:44:46.972,0.72414,0.72438,1.75,1.75
2016.04.06 13:44:47.508,0.72415,0.72439,1.75,2.10
2016.04.06 13:44:47.811,0.72415,0.72439,1.75,1.75
2016.04.06 13:44:48.179,0.72416,0.7244,4.50,1.87
2016.04.06 13:44:48.399,0.72421,0.7244,1.00,1.87
2016.04.06 13:44:49.081,0.72418,0.7244,1.75,1.50
2016.04.06 13:44:49.701,0.72422,0.7244,1.00,2.25
2016.04.06 13:44:51.961,0.72422,0.72435,1.00,1.00
2016.04.06 13:44:52.166,0.72419,0.72441,1.75,1.75
2016.04.06 13:44:52.723,0.72419,0.72441,1.75,1.75
2016.04.06 13:44:53.099,0.72419,0.72441,1.75,1.75
2016.04.06 13:44:53.251,0.72422,0.7244,1.00,1.00
2016.04.06 13:44:53.409,0.7242,0.7244,1.75,1.50
2016.04.06 13:44:54.398,0.7242,0.7244,1.75,1.37
2016.04.06 13:44:54.550,0.7242,0.72439,1.12,1.75
2016.04.06 13:44:54.600,0.7242,0.72438,1.00,1.35
2016.04.06 13:44:54.702,0.72415,0.72435,2.25,1.37
2016.04.06 13:44:55.208,0.72415,0.72431,1.12,1.00
2016.04.06 13:44:55.360,0.72412,0.7243,1.50,1.50
2016.04.06 13:44:55.975,0.72412,0.72429,1.00,1.00
2016.04.06 13:44:58.025,0.72412,0.7243,1.00,1.75
2016.04.06 13:44:58.327,0.72415,0.72433,1.00,1.35
2016.04.06 13:44:58.428,0.72415,0.72435,1.12,1.75
2016.04.06 13:44:58.479,0.72415,0.72435,1.12,1.75
2016.04.06 13:44:59.033,0.72415,0.72435,1.00,1.75
2016.04.06 13:44:59.135,0.72415,0.72435,1.12,1.75
2016.04.06 13:44:59.520,0.72412,0.7243,1.00,1.00
2016.04.06 13:44:59.956,0.7241,0.72433,2.25,1.35
2016.04.06 13:45:00.847,0.72408,0.7243,1.50,1.75
2016.04.06 13:45:00.898,0.72408,0.7243,1.50,1.75
2016.04.06 13:45:00.949,0.7241,0.72428,1.50,1.00
2016.04.06 13:45:01.463,0.72408,0.72431,1.37,1.75
2016.04.06 13:45:01.960,0.72404,0.72426,2.25,1.75
2016.04.06 13:45:02.260,0.72405,0.72423,1.50,1.00
2016.04.06 13:45:02.361,0.72405,0.72426,1.75,1.75
2016.04.06 13:45:02.663,0.72408,0.72425,1.50,1.12
2016.04.06 13:45:03.664,0.72407,0.72425,1.37,1.37
2016.04.06 13:45:03.996,0.72404,0.72428,1.75,2.10
2016.04.06 13:45:04.435,0.724,0.7242,2.25,1.00
2016.04.06 13:45:04.738,0.72402,0.72425,1.12,2.85
2016.04.06 13:45:05.969,0.724,0.72423,1.75,1.75
2016.04.06 13:45:06.271,0.72402,0.72425,1.12,3.60
2016.04.06 13:45:06.894,0.72402,0.7242,1.00,1.00
2016.04.06 13:45:07.495,0.72401,0.72425,1.75,1.35
2016.04.06 13:45:07.646,0.72403,0.72426,1.37,1.75
2016.04.06 13:45:08.217,0.72406,0.72428,1.75,1.35
2016.04.06 13:45:11.080,0.72402,0.72425,1.75,1.75
2016.04.06 13:45:11.181,0.72404,0.72422,1.00,1.00
2016.04.06 13:45:12.056,0.724,0.72425,1.75,2.10
2016.04.06 13:45:12.605,0.72399,0.72423,1.75,1.75
2016.04.06 13:45:15.061,0.72401,0.7242,1.75,1.00
2016.04.06 13:45:15.414,0.724,0.72421,1.75,1.75
2016.04.06 13:45:16.286,0.724,0.72421,1.75,1.50
2016.04.06 13:45:16.338,0.724,0.7242,1.75,1.00
2016.04.06 13:45:16.490,0.72401,0.72424,1.75,1.67
2016.04.06 13:45:16.692,0.72402,0.72425,3.00,1.72
2016.04.06 13:45:17.226,0.72404,0.72425,1.75,1.12
2016.04.06 13:45:17.551,0.72403,0.7242,1.75,1.00
2016.04.06 13:45:17.602,0.72403,0.72426,1.75,2.85
2016.04.06 13:45:19.777,0.72403,0.72425,1.75,1.50
2016.04.06 13:45:21.086,0.724,0.72425,1.75,2.85
2016.04.06 13:45:21.237,0.724,0.72424,1.75,1.75
2016.04.06 13:45:21.288,0.72399,0.72422,1.75,1.75
2016.04.06 13:45:22.890,0.72397,0.7242,1.75,1.75
2016.04.06 13:45:23.396,0.72398,0.72423,1.75,1.75
2016.04.06 13:45:23.998,0.72398,0.72423,1.75,1.75
2016.04.06 13:45:24.396,0.724,0.72423,1.75,1.75
2016.04.06 13:45:24.956,0.72404,0.72425,1.37,1.67
2016.04.06 13:45:25.009,0.72404,0.72428,1.75,1.75
2016.04.06 13:45:26.133,0.72406,0.7243,1.75,2.10
2016.04.06 13:45:26.649,0.7241,0.72428,1.00,1.00
2016.04.06 13:45:27.011,0.72404,0.7243,1.75,2.10
2016.04.06 13:45:27.062,0.72408,0.72426,1.00,1.00
2016.04.06 13:45:27.438,0.72402,0.72428,1.75,2.10
2016.04.06 13:45:27.741,0.72402,0.72425,1.50,2.10
2016.04.06 13:45:27.846,0.72403,0.72421,1.00,1.00
2016.04.06 13:45:28.310,0.72402,0.72425,1.75,1.35
2016.04.06 13:45:28.361,0.72408,0.72426,1.00,1.50
2016.04.06 13:45:28.523,0.72403,0.72426,4.50,1.12
2016.04.06 13:45:28.574,0.72408,0.72426,1.00,1.50
2016.04.06 13:45:28.625,0.72403,0.72426,1.75,1.12
2016.04.06 13:45:29.130,0.72403,0.72427,1.75,2.10
2016.04.06 13:45:29.948,0.72405,0.72428,1.75,1.35
2016.04.06 13:45:30.001,0.72405,0.72427,1.75,1.30
2016.04.06 13:45:31.186,0.72403,0.72426,3.00,1.00
2016.04.06 13:45:31.287,0.72402,0.72424,2.25,1.37
2016.04.06 13:45:31.337,0.72401,0.72424,1.75,1.75
2016.04.06 13:45:31.807,0.72398,0.72421,1.75,1.75
2016.04.06 13:45:32.615,0.72399,0.72422,2.25,2.10
2016.04.06 13:45:33.147,0.72399,0.72422,2.25,2.10
2016.04.06 13:45:35.269,0.72401,0.72422,1.75,1.35
2016.04.06 13:45:35.319,0.72401,0.72422,1.75,1.35
2016.04.06 13:45:35.421,0.72397,0.7242,1.75,1.75
2016.04.06 13:45:35.958,0.72395,0.7242,1.75,1.75
2016.04.06 13:45:36.493,0.72395,0.72418,2.25,1.75
2016.04.06 13:45:36.544,0.72397,0.72415,1.00,1.00
2016.04.06 13:45:40.583,0.72394,0.72418,1.75,1.75
2016.04.06 13:45:41.115,0.72396,0.72415,1.00,2.25
2016.04.06 13:45:41.596,0.72395,0.72414,1.00,1.75
2016.04.06 13:45:42.069,0.72395,0.72413,1.50,1.50
2016.04.06 13:45:42.272,0.72394,0.72416,2.25,1.75
2016.04.06 13:45:42.789,0.72394,0.72416,2.25,1.75
2016.04.06 13:45:43.954,0.72393,0.7241,1.75,1.00
2016.04.06 13:45:44.146,0.72395,0.72415,1.75,1.50
2016.04.06 13:45:44.348,0.72393,0.7241,1.75,1.00
2016.04.06 13:45:44.455,0.72395,0.72415,1.75,1.50
2016.04.06 13:45:45.729,0.72395,0.72415,1.75,1.37
2016.04.06 13:45:45.931,0.72396,0.7242,1.75,2.25
2016.04.06 13:45:46.499,0.724,0.72422,1.37,1.35
2016.04.06 13:45:46.550,0.724,0.72424,1.75,1.35
2016.04.06 13:45:47.165,0.72399,0.72422,1.75,1.50
2016.04.06 13:45:47.737,0.724,0.72423,1.75,1.50
2016.04.06 13:45:48.146,0.72403,0.72421,1.00,1.00
2016.04.06 13:45:48.612,0.72401,0.72424,1.75,2.10
2016.04.06 13:45:48.663,0.72406,0.72424,1.00,2.10
2016.04.06 13:45:49.179,0.72406,0.72423,1.00,1.00
2016.04.06 13:45:49.280,0.72399,0.72423,1.75,1.75
2016.04.06 13:45:49.636,0.72399,0.72425,3.00,2.25
2016.04.06 13:45:50.845,0.72402,0.72426,4.50,1.37
2016.04.06 13:45:50.896,0.72404,0.72427,1.75,1.50
2016.04.06 13:45:50.947,0.72406,0.72427,3.75,1.37
2016.04.06 13:45:50.998,0.72407,0.7243,3.75,1.00
2016.04.06 13:45:51.481,0.72412,0.72435,1.75,1.12
2016.04.06 13:45:51.682,0.72412,0.72435,1.75,1.75
2016.04.06 13:45:53.174,0.72412,0.7243,1.75,1.00
2016.04.06 13:45:53.275,0.72412,0.7243,1.75,1.00
2016.04.06 13:45:54.475,0.72415,0.72434,1.12,1.75
2016.04.06 13:45:55.137,0.7241,0.7243,2.25,1.00
2016.04.06 13:45:55.290,0.72413,0.7243,1.00,1.00
2016.04.06 13:45:55.808,0.72415,0.7243,1.00,1.00
2016.04.06 13:45:56.262,0.7241,0.7243,1.50,1.50
2016.04.06 13:45:57.239,0.72407,0.72425,1.75,1.00
2016.04.06 13:45:57.567,0.72407,0.72425,1.75,1.00
2016.04.06 13:45:59.254,0.7241,0.7243,1.75,1.12
2016.04.06 13:45:59.869,0.7241,0.7243,1.75,2.25
2016.04.06 13:46:00.288,0.7241,0.7243,1.12,2.25
2016.04.06 13:46:00.887,0.72405,0.72425,1.75,1.00
2016.04.06 13:46:01.413,0.72407,0.72425,1.00,1.00
2016.04.06 13:46:03.181,0.72404,0.72428,1.75,1.75
2016.04.06 13:46:03.724,0.72401,0.72421,1.75,1.00
2016.04.06 13:46:03.976,0.72405,0.72423,1.50,1.00
2016.04.06 13:46:04.606,0.72404,0.72428,1.75,1.75
2016.04.06 13:46:05.225,0.72404,0.72428,1.75,1.75
2016.04.06 13:46:05.327,0.72406,0.72429,1.75,1.75
2016.04.06 13:46:05.428,0.72409,0.72432,1.75,2.10
2016.04.06 13:46:05.934,0.72411,0.72429,1.00,1.00
2016.04.06 13:46:06.702,0.7241,0.72428,1.00,1.00
2016.04.06 13:46:07.796,0.72406,0.72429,1.75,1.75
2016.04.06 13:46:07.847,0.72406,0.72429,1.75,1.75
2016.04.06 13:46:07.898,0.72406,0.72429,1.75,1.75
2016.04.06 13:46:08.049,0.72407,0.72431,1.75,1.75
2016.04.06 13:46:09.607,0.72407,0.72431,1.75,1.75
2016.04.06 13:46:10.906,0.7241,0.7243,1.75,1.00
2016.04.06 13:46:12.307,0.72413,0.72435,4.50,2.47
2016.04.06 13:46:12.458,0.72415,0.72438,1.75,1.67
2016.04.06 13:46:12.861,0.7242,0.7244,1.50,2.10
2016.04.06 13:46:15.228,0.7242,0.7244,1.50,1.12
2016.04.06 13:46:15.530,0.72425,0.72442,1.00,1.75
2016.04.06 13:46:15.631,0.7242,0.7244,2.25,1.50
2016.04.06 13:46:16.638,0.72425,0.72442,1.00,1.75
2016.04.06 13:46:19.586,0.7242,0.7244,1.75,1.12
2016.04.06 13:46:20.327,0.7242,0.7244,1.75,1.37
2016.04.06 13:46:21.258,0.7242,0.7244,2.25,1.12
2016.04.06 13:46:21.798,0.7242,0.7244,2.25,1.00
2016.04.06 13:46:22.326,0.72423,0.72441,1.00,2.10
2016.04.06 13:46:23.074,0.72419,0.72441,1.75,1.35
2016.04.06 13:46:24.170,0.72417,0.72435,1.00,1.00
2016.04.06 13:46:24.372,0.72414,0.72435,1.75,1.75
2016.04.06 13:46:24.674,0.72409,0.72433,1.75,1.75
2016.04.06 13:46:25.271,0.72409,0.72432,1.75,2.10
2016.04.06 13:46:25.573,0.72412,0.72436,2.25,1.75
2016.04.06 13:46:25.876,0.72419,0.72437,1.00,1.00
2016.04.06 13:46:25.976,0.72417,0.72435,1.00,1.00
2016.04.06 13:46:26.524,0.72414,0.72438,1.75,1.75
2016.04.06 13:46:27.046,0.72415,0.72438,1.50,1.75
2016.04.06 13:46:27.202,0.72416,0.72434,1.00,1.00
2016.04.06 13:46:27.353,0.72413,0.72434,1.75,1.35
2016.04.06 13:46:27.753,0.72411,0.7243,1.00,1.75
2016.04.06 13:46:28.400,0.72407,0.7243,1.75,1.75
2016.04.06 13:46:29.075,0.72407,0.72431,1.75,1.75
2016.04.06 13:46:30.763,0.7241,0.72431,1.00,1.75
2016.04.06 13:46:32.973,0.72405,0.72428,2.25,1.75
2016.04.06 13:46:33.877,0.7241,0.72431,1.00,1.75
2016.04.06 13:46:34.013,0.7241,0.72432,1.50,1.75
2016.04.06 13:46:34.736,0.72409,0.72433,2.25,1.75
2016.04.06 13:46:35.218,0.7241,0.72434,2.25,1.75
2016.04.06 13:46:35.521,0.72411,0.72434,1.50,1.75
2016.04.06 13:46:35.916,0.7241,0.72433,1.75,1.75
2016.04.06 13:46:37.312,0.7241,0.72434,2.25,1.75
2016.04.06 13:46:37.629,0.7241,0.72434,2.25,1.75
2016.04.06 13:46:37.931,0.72413,0.72431,1.00,1.00
2016.04.06 13:46:38.033,0.72411,0.72434,1.75,1.75
2016.04.06 13:46:38.580,0.72414,0.72432,1.00,1.00
2016.04.06 13:46:38.882,0.72421,0.72439,1.00,1.60
2016.04.06 13:46:39.387,0.72421,0.72439,1.00,1.00
2016.04.06 13:46:40.062,0.72415,0.72439,1.75,1.75
2016.04.06 13:46:40.163,0.72419,0.72437,1.00,1.00
2016.04.06 13:46:40.264,0.72416,0.7244,1.75,1.75
2016.04.06 13:46:40.806,0.72416,0.7244,1.75,1.75
2016.04.06 13:46:42.066,0.72416,0.7244,1.75,2.25
2016.04.06 13:46:42.381,0.72416,0.7244,1.75,1.50
2016.04.06 13:46:42.683,0.72413,0.72431,1.00,1.00
2016.04.06 13:46:42.785,0.7241,0.72433,1.75,1.75
2016.04.06 13:46:43.284,0.72409,0.72433,1.50,1.75
2016.04.06 13:46:44.367,0.72409,0.72433,1.75,1.75
2016.04.06 13:46:44.481,0.7241,0.72428,1.00,1.00
2016.04.06 13:46:45.016,0.72409,0.72433,1.50,1.75
2016.04.06 13:46:46.525,0.72409,0.72432,1.75,1.75
2016.04.06 13:46:48.770,0.72406,0.7243,1.75,1.75
2016.04.06 13:46:49.325,0.72407,0.72433,1.75,1.75
2016.04.06 13:46:50.190,0.7241,0.72433,1.75,1.75
2016.04.06 13:46:50.699,0.7241,0.72435,2.25,3.60
2016.04.06 13:46:51.293,0.7241,0.72433,1.50,1.75
2016.04.06 13:46:51.822,0.7241,0.72428,1.50,1.00
2016.04.06 13:46:53.188,0.72414,0.72435,1.12,2.10
2016.04.06 13:46:53.238,0.72411,0.72435,1.75,2.85
2016.04.06 13:46:53.742,0.72413,0.72431,1.00,1.00
2016.04.06 13:46:54.654,0.72413,0.72431,1.00,1.60
2016.04.06 13:46:54.755,0.72411,0.72431,1.37,1.35
2016.04.06 13:46:54.806,0.72409,0.7243,1.50,1.35
2016.04.06 13:46:55.009,0.72409,0.7243,1.75,1.35
2016.04.06 13:46:55.485,0.7241,0.72433,1.75,1.50
2016.04.06 13:46:55.542,0.72412,0.72434,1.75,1.35
2016.04.06 13:46:57.536,0.72415,0.72432,1.12,1.50
2016.04.06 13:46:58.296,0.72416,0.72434,1.00,1.67
2016.04.06 13:46:58.807,0.72414,0.72434,1.75,1.67
2016.04.06 13:46:58.919,0.72414,0.72434,1.50,1.35
2016.04.06 13:46:59.750,0.72415,0.72434,1.50,1.35
2016.04.06 13:47:00.226,0.72415,0.72436,1.75,2.10
2016.04.06 13:47:02.058,0.72415,0.72438,1.75,2.10
2016.04.06 13:47:02.361,0.72415,0.72433,1.50,1.00
2016.04.06 13:47:03.262,0.7242,0.72436,1.00,1.35
2016.04.06 13:47:03.935,0.72414,0.72436,1.75,1.67
2016.04.06 13:47:04.715,0.72414,0.72439,2.25,2.10
2016.04.06 13:47:06.329,0.7242,0.7244,1.75,1.12
2016.04.06 13:47:06.845,0.7242,0.72444,2.25,1.75
2016.04.06 13:47:07.930,0.72419,0.72442,2.25,1.12
2016.04.06 13:47:08.445,0.72419,0.72442,2.25,1.50
2016.04.06 13:47:10.065,0.72425,0.72443,1.00,1.00
2016.04.06 13:47:10.485,0.7242,0.72441,1.75,2.10
2016.04.06 13:47:10.636,0.72419,0.72437,1.00,1.00
2016.04.06 13:47:11.157,0.72415,0.72439,1.75,1.75
2016.04.06 13:47:12.584,0.72419,0.72436,1.00,1.00
2016.04.06 13:47:13.557,0.7242,0.72441,1.12,2.10
2016.04.06 13:47:13.658,0.7242,0.72441,1.75,2.10
2016.04.06 13:47:16.578,0.72415,0.72439,2.25,1.75
2016.04.06 13:47:18.901,0.72415,0.72439,1.75,1.75
2016.04.06 13:47:18.952,0.72415,0.72439,3.00,1.50
2016.04.06 13:47:19.053,0.72419,0.72437,1.00,1.00
2016.04.06 13:47:19.154,0.72416,0.72439,1.50,2.10
2016.04.06 13:47:19.818,0.72419,0.72436,1.00,1.50
2016.04.06 13:47:20.485,0.72424,0.72436,1.00,1.50
2016.04.06 13:47:20.586,0.72424,0.72438,1.00,1.60
2016.04.06 13:47:20.893,0.72419,0.72436,1.00,1.00
2016.04.06 13:47:21.356,0.72417,0.72435,1.00,1.00
2016.04.06 13:47:21.573,0.72415,0.72436,1.50,1.75
2016.04.06 13:47:22.079,0.72415,0.72433,1.00,1.75
2016.04.06 13:47:22.179,0.72415,0.72434,1.75,1.30
2016.04.06 13:47:22.606,0.72415,0.72433,1.50,1.00
2016.04.06 13:47:22.766,0.72412,0.72434,1.50,1.35
2016.04.06 13:47:23.312,0.72415,0.72434,1.12,1.35
2016.04.06 13:47:23.639,0.72415,0.72436,1.75,2.10
2016.04.06 13:47:23.961,0.7242,0.72436,1.00,1.67
2016.04.06 13:47:24.475,0.72415,0.72436,1.75,1.67
2016.04.06 13:47:24.824,0.7241,0.72434,5.25,1.50
2016.04.06 13:47:25.359,0.72415,0.72436,1.50,1.35
2016.04.06 13:47:26.016,0.72418,0.72437,1.87,1.37
2016.04.06 13:47:26.067,0.72425,0.72442,1.50,1.72
2016.04.06 13:47:26.168,0.72422,0.7244,1.00,1.50
2016.04.06 13:47:26.679,0.7242,0.72438,1.50,1.00
2016.04.06 13:47:27.088,0.7242,0.72439,1.12,2.10
2016.04.06 13:47:27.595,0.72419,0.72438,1.12,1.75
2016.04.06 13:47:28.230,0.72419,0.72437,1.00,1.75
2016.04.06 13:47:28.331,0.72414,0.72437,2.25,1.75
2016.04.06 13:47:29.271,0.72416,0.72439,1.75,1.75
2016.04.06 13:47:29.637,0.7242,0.72442,1.75,1.75
2016.04.06 13:47:29.688,0.7242,0.72444,2.25,1.75
2016.04.06 13:47:29.738,0.7242,0.72444,2.25,1.75
2016.04.06 13:47:30.238,0.72421,0.72445,1.75,1.75
2016.04.06 13:47:30.762,0.72421,0.72445,1.75,1.75
2016.04.06 13:47:31.092,0.72421,0.72445,2.25,1.37
2016.04.06 13:47:31.395,0.7242,0.72442,1.75,1.50
2016.04.06 13:47:32.500,0.72425,0.72444,1.50,1.72
2016.04.06 13:47:32.551,0.72425,0.72444,1.75,1.72
2016.04.06 13:47:33.447,0.7243,0.72445,1.00,1.50
2016.04.06 13:47:34.027,0.72425,0.72447,2.25,1.35
2016.04.06 13:47:34.179,0.7243,0.72447,1.00,1.35
2016.04.06 13:47:34.679,0.7243,0.7245,1.37,1.50
2016.04.06 13:47:34.729,0.7243,0.72451,1.75,1.12
2016.04.06 13:47:35.314,0.7243,0.72451,1.75,1.50
2016.04.06 13:47:35.853,0.7243,0.72451,1.12,1.75
2016.04.06 13:47:36.390,0.72426,0.72449,1.75,1.75
2016.04.06 13:47:36.729,0.72425,0.7244,1.00,1.00
2016.04.06 13:47:37.714,0.72425,0.72442,1.00,1.75
2016.04.06 13:47:38.995,0.72421,0.72439,1.00,1.00
2016.04.06 13:47:39.528,0.7242,0.72443,1.50,1.75
2016.04.06 13:47:39.679,0.7242,0.72443,1.75,1.75
2016.04.06 13:47:39.780,0.72421,0.72439,1.00,1.00
2016.04.06 13:47:40.298,0.72424,0.72439,1.00,1.00
2016.04.06 13:47:41.110,0.72425,0.72443,1.00,1.75
2016.04.06 13:47:41.740,0.72424,0.72444,1.00,2.10
2016.04.06 13:47:42.662,0.72424,0.72444,1.12,2.10
2016.04.06 13:47:42.920,0.72429,0.72444,1.00,1.75
2016.04.06 13:47:42.973,0.72425,0.72441,1.00,2.10
2016.04.06 13:47:43.074,0.72425,0.72441,1.00,2.10
2016.04.06 13:47:43.486,0.72425,0.72442,1.00,1.35
2016.04.06 13:47:44.525,0.7243,0.72445,1.00,1.35
2016.04.06 13:47:44.576,0.7243,0.72442,1.00,1.30
2016.04.06 13:47:44.677,0.72429,0.72444,1.00,1.75
2016.04.06 13:47:44.728,0.72425,0.72445,1.00,4.35
2016.04.06 13:47:45.077,0.7243,0.72442,1.00,1.00
2016.04.06 13:47:45.484,0.72424,0.72445,1.50,1.35
2016.04.06 13:47:46.006,0.72425,0.72444,1.00,1.75
2016.04.06 13:47:47.562,0.72425,0.72445,1.12,1.75
2016.04.06 13:47:47.663,0.72425,0.72445,1.75,1.75
2016.04.06 13:47:48.055,0.7243,0.72446,1.00,1.35
2016.04.06 13:47:48.936,0.72429,0.72446,1.00,1.35
2016.04.06 13:47:49.467,0.7243,0.72446,1.00,1.35
2016.04.06 13:47:50.742,0.7243,0.72446,1.00,1.67
2016.04.06 13:47:51.248,0.72435,0.72446,1.00,1.30
2016.04.06 13:47:51.400,0.72435,0.72451,1.00,2.10
2016.04.06 13:47:51.693,0.7243,0.7245,1.75,1.75
2016.04.06 13:47:51.997,0.7243,0.7245,1.12,1.75
2016.04.06 13:47:52.340,0.7243,0.72449,1.00,1.75
2016.04.06 13:47:53.499,0.7243,0.72448,1.00,1.35
2016.04.06 13:47:54.047,0.72429,0.72448,1.12,1.35
2016.04.06 13:47:54.549,0.7243,0.72448,1.12,1.67
2016.04.06 13:47:55.064,0.7243,0.72448,1.00,1.35
2016.04.06 13:47:55.606,0.7243,0.72448,1.00,1.35
2016.04.06 13:47:55.952,0.72435,0.72448,1.00,1.35
2016.04.06 13:47:56.003,0.72435,0.7245,1.00,1.35
2016.04.06 13:47:56.558,0.72435,0.72449,1.00,1.35
2016.04.06 13:47:57.147,0.72435,0.72452,1.00,1.35
2016.04.06 13:47:57.349,0.72435,0.72455,1.00,2.10
2016.04.06 13:47:57.852,0.7244,0.72455,1.00,1.67
2016.04.06 13:47:58.215,0.7244,0.72457,1.12,1.67
2016.04.06 13:47:58.367,0.72445,0.72459,1.00,2.85
2016.04.06 13:47:58.468,0.7244,0.72459,1.12,2.85
2016.04.06 13:47:58.518,0.7244,0.72459,1.50,2.47
2016.04.06 13:47:58.961,0.72445,0.72464,1.12,1.75
2016.04.06 13:47:59.113,0.72445,0.72464,1.75,1.12
2016.04.06 13:47:59.472,0.72455,0.72471,1.00,3.75
2016.04.06 13:47:59.523,0.72455,0.72473,1.00,1.75
2016.04.06 13:47:59.625,0.72455,0.72477,1.75,1.35
2016.04.06 13:47:59.727,0.7246,0.72477,1.00,1.00
2016.04.06 13:48:00.257,0.7246,0.72484,1.50,2.25
2016.04.06 13:48:00.461,0.7246,0.72485,1.75,1.75
2016.04.06 13:48:00.764,0.72457,0.7248,1.75,1.75
2016.04.06 13:48:01.431,0.72455,0.72476,1.75,1.00
2016.04.06 13:48:02.075,0.72456,0.7248,1.75,1.75
2016.04.06 13:48:03.885,0.7246,0.72477,1.00,1.35
2016.04.06 13:48:04.199,0.7246,0.72477,1.00,1.35
2016.04.06 13:48:04.539,0.72455,0.72475,2.25,1.75
2016.04.06 13:48:07.044,0.7246,0.72476,1.00,1.75
2016.04.06 13:48:08.040,0.72455,0.72474,1.50,1.35
2016.04.06 13:48:08.141,0.72455,0.72474,1.00,1.35
2016.04.06 13:48:08.293,0.7245,0.7247,1.50,1.00
2016.04.06 13:48:08.837,0.7245,0.72472,1.00,1.50
2016.04.06 13:48:08.941,0.7245,0.72472,1.75,1.75
2016.04.06 13:48:09.460,0.72452,0.7247,1.00,1.00
2016.04.06 13:48:09.981,0.72451,0.72473,1.75,1.35
2016.04.06 13:48:11.714,0.7245,0.72473,2.25,1.67
2016.04.06 13:48:11.764,0.72451,0.72473,1.75,1.67
2016.04.06 13:48:12.783,0.7245,0.72473,2.25,1.35
2016.04.06 13:48:12.884,0.7245,0.72473,2.25,1.30
2016.04.06 13:48:13.087,0.72455,0.72473,1.00,1.35
2016.04.06 13:48:14.854,0.72453,0.72471,1.00,1.00
2016.04.06 13:48:15.169,0.72451,0.72473,1.75,1.35
2016.04.06 13:48:15.786,0.72451,0.72473,1.37,1.35
2016.04.06 13:48:16.089,0.72451,0.72473,1.75,1.35
2016.04.06 13:48:16.529,0.7246,0.72473,1.00,1.50
2016.04.06 13:48:16.762,0.72455,0.72473,1.12,1.75
2016.04.06 13:48:17.261,0.72455,0.72477,1.37,1.35
2016.04.06 13:48:17.326,0.72457,0.72475,1.00,1.00
2016.04.06 13:48:17.427,0.7246,0.72475,1.00,1.00
2016.04.06 13:48:17.528,0.72457,0.72475,1.00,1.00
2016.04.06 13:48:18.058,0.72459,0.72477,1.00,1.35
2016.04.06 13:48:18.260,0.72459,0.72477,1.00,1.35
2016.04.06 13:48:18.784,0.7246,0.72477,1.00,1.35
2016.04.06 13:48:19.982,0.72455,0.72476,1.50,1.75
2016.04.06 13:48:20.201,0.72455,0.72475,1.12,1.50
2016.04.06 13:48:21.478,0.7246,0.72472,1.00,1.00
2016.04.06 13:48:21.780,0.7246,0.72477,1.00,1.35
2016.04.06 13:48:22.510,0.72459,0.72479,1.87,1.35
2016.04.06 13:48:22.861,0.72459,0.72477,2.25,1.00
2016.04.06 13:48:22.911,0.72459,0.72479,2.25,1.35
2016.04.06 13:48:23.163,0.72459,0.72477,1.00,1.00
2016.04.06 13:48:23.652,0.72457,0.72479,1.75,1.35
2016.04.06 13:48:23.995,0.7246,0.72483,1.50,1.35
2016.04.06 13:48:24.299,0.72465,0.72483,1.00,1.35
2016.04.06 13:48:24.501,0.72466,0.72485,1.12,1.75
2016.04.06 13:48:24.552,0.72466,0.72484,1.50,1.00
2016.04.06 13:48:25.071,0.72466,0.72485,1.50,1.75
2016.04.06 13:48:25.223,0.7247,0.72486,1.00,1.35
2016.04.06 13:48:25.441,0.72465,0.72485,2.25,1.75
2016.04.06 13:48:25.794,0.7247,0.72486,1.00,1.35
2016.04.06 13:48:27.551,0.72466,0.72484,1.00,1.00
2016.04.06 13:48:28.084,0.7247,0.72485,1.00,1.35
2016.04.06 13:48:28.235,0.72465,0.72485,1.00,3.60
2016.04.06 13:48:28.286,0.72465,0.72482,1.00,2.25
2016.04.06 13:48:28.337,0.7246,0.72481,1.37,2.10
2016.04.06 13:48:28.639,0.72456,0.72479,1.75,1.75
2016.04.06 13:48:29.144,0.72459,0.7248,1.00,1.35
2016.04.06 13:48:30.924,0.72459,0.72476,1.00,1.35
2016.04.06 13:48:30.975,0.72455,0.72475,1.75,1.75
2016.04.06 13:48:31.025,0.72455,0.72475,1.37,1.75
2016.04.06 13:48:31.177,0.7245,0.72476,2.25,2.10
2016.04.06 13:48:31.227,0.7245,0.72473,1.75,1.75
2016.04.06 13:48:31.774,0.72448,0.72472,1.75,1.75
2016.04.06 13:48:33.983,0.72447,0.72471,1.75,1.75
2016.04.06 13:48:34.034,0.7245,0.72471,1.00,1.75
2016.04.06 13:48:34.616,0.7245,0.72466,1.12,1.00
2016.04.06 13:48:34.785,0.7245,0.72472,1.50,1.75
2016.04.06 13:48:34.836,0.7245,0.72472,1.75,1.75
2016.04.06 13:48:35.078,0.7245,0.7247,1.37,1.35
2016.04.06 13:48:35.128,0.7245,0.7247,1.12,1.35
2016.04.06 13:48:40.514,0.7245,0.7247,1.75,1.35
2016.04.06 13:48:41.108,0.72452,0.7247,1.00,1.35
2016.04.06 13:48:41.607,0.7245,0.72472,1.75,1.75
2016.04.06 13:48:41.969,0.7245,0.72471,1.12,1.75
2016.04.06 13:48:43.110,0.72445,0.7247,1.75,2.10
2016.04.06 13:48:43.261,0.72446,0.72464,1.00,1.00
2016.04.06 13:48:43.312,0.72452,0.7247,1.00,1.50
2016.04.06 13:48:43.708,0.7245,0.72471,1.75,1.12
2016.04.06 13:48:43.911,0.7245,0.72471,1.75,1.12
2016.04.06 13:48:44.113,0.7245,0.72471,1.75,1.12
2016.04.06 13:48:44.550,0.72455,0.72473,1.50,1.50
2016.04.06 13:48:44.651,0.72455,0.72474,1.75,1.67
2016.04.06 13:48:45.001,0.72452,0.72476,3.00,1.50
2016.04.06 13:48:45.562,0.72455,0.72476,1.75,1.75
2016.04.06 13:48:47.095,0.72455,0.72477,1.75,1.37
2016.04.06 13:48:47.146,0.72455,0.72479,1.75,2.10
2016.04.06 13:48:47.448,0.72458,0.72476,1.00,1.00
2016.04.06 13:48:47.499,0.72455,0.72476,1.75,1.50
2016.04.06 13:48:48.146,0.72455,0.72476,1.75,1.75
2016.04.06 13:48:48.689,0.72455,0.72473,1.37,1.75
2016.04.06 13:48:49.339,0.7245,0.72472,1.75,1.75
2016.04.06 13:48:49.874,0.7245,0.72472,1.75,1.50
2016.04.06 13:48:50.525,0.7245,0.72472,1.75,1.12
2016.04.06 13:48:50.938,0.72455,0.72477,1.75,3.60
2016.04.06 13:48:51.455,0.72455,0.72477,1.75,2.85
2016.04.06 13:48:52.042,0.72455,0.72475,1.75,1.12
2016.04.06 13:48:52.555,0.72455,0.72476,1.75,1.75
2016.04.06 13:48:52.976,0.72456,0.72474,1.00,1.00
2016.04.06 13:48:53.408,0.72455,0.72477,1.75,2.10
2016.04.06 13:48:53.458,0.72455,0.72477,1.75,2.10
2016.04.06 13:48:53.945,0.72458,0.72476,1.00,1.00
2016.04.06 13:48:55.131,0.72455,0.72477,1.75,1.35
2016.04.06 13:48:55.636,0.72455,0.72477,1.75,1.35
2016.04.06 13:48:56.303,0.7246,0.72476,1.00,1.35
2016.04.06 13:48:56.354,0.7246,0.72477,1.00,2.10
2016.04.06 13:48:57.057,0.72459,0.72477,1.12,1.67
2016.04.06 13:48:57.761,0.7246,0.72477,1.12,1.67
2016.04.06 13:48:57.812,0.72455,0.72471,1.12,1.00
2016.04.06 13:48:58.165,0.72455,0.72478,1.75,2.10
2016.04.06 13:48:58.317,0.72455,0.72478,1.75,2.10
2016.04.06 13:48:58.892,0.72452,0.72478,3.00,2.10
2016.04.06 13:49:00.375,0.72455,0.72478,2.25,2.10
2016.04.06 13:49:00.972,0.72454,0.72477,1.75,1.37
2016.04.06 13:49:01.022,0.72454,0.72477,1.50,1.75
2016.04.06 13:49:01.628,0.7245,0.72472,1.75,1.75
2016.04.06 13:49:01.730,0.7245,0.72467,1.00,1.00
2016.04.06 13:49:01.781,0.72444,0.72467,1.75,1.37
2016.04.06 13:49:01.831,0.72444,0.72467,1.75,1.75
2016.04.06 13:49:01.882,0.72449,0.72467,1.37,1.75
2016.04.06 13:49:02.400,0.7245,0.72466,1.12,1.12
2016.04.06 13:49:02.796,0.72452,0.72472,1.00,1.75
2016.04.06 13:49:03.105,0.72449,0.72473,2.25,1.75
2016.04.06 13:49:03.606,0.72454,0.72473,1.00,1.75
2016.04.06 13:49:04.136,0.72449,0.72473,2.25,1.75
2016.04.06 13:49:04.857,0.72455,0.72474,1.00,1.75
2016.04.06 13:49:05.168,0.72455,0.72475,1.37,1.75
2016.04.06 13:49:05.695,0.72455,0.72475,1.75,1.75
2016.04.06 13:49:06.404,0.72455,0.72477,1.75,1.75
2016.04.06 13:49:06.924,0.72457,0.72475,1.00,1.00
2016.04.06 13:49:07.863,0.72455,0.72477,1.75,1.75
2016.04.06 13:49:08.168,0.72455,0.72474,1.00,1.50
2016.04.06 13:49:08.677,0.72454,0.72469,1.00,1.00
2016.04.06 13:49:08.728,0.72451,0.72469,1.00,1.00
2016.04.06 13:49:09.307,0.72449,0.72474,1.75,1.75
2016.04.06 13:49:09.357,0.72455,0.72474,1.00,1.75
2016.04.06 13:49:09.785,0.7245,0.72474,1.75,1.75
2016.04.06 13:49:10.166,0.7245,0.72473,1.75,1.75
2016.04.06 13:49:10.471,0.7245,0.72475,1.75,1.75
2016.04.06 13:49:11.877,0.72454,0.72471,1.00,1.00
2016.04.06 13:49:12.431,0.72455,0.72471,1.00,1.00
2016.04.06 13:49:13.476,0.72455,0.7247,1.00,1.00
2016.04.06 13:49:13.988,0.72454,0.7247,1.00,1.00
2016.04.06 13:49:15.118,0.72454,0.72472,1.50,1.00
2016.04.06 13:49:15.420,0.72455,0.72474,1.00,1.75
2016.04.06 13:49:15.835,0.72452,0.7247,1.50,1.00
2016.04.06 13:49:15.987,0.72455,0.7247,1.00,1.00
2016.04.06 13:49:16.591,0.72455,0.72472,1.00,1.00
2016.04.06 13:49:18.467,0.72455,0.72475,1.00,1.35
2016.04.06 13:49:19.129,0.72455,0.72475,1.00,1.35
2016.04.06 13:49:19.921,0.7246,0.72475,1.00,1.35
2016.04.06 13:49:20.195,0.72465,0.7248,1.00,1.35
2016.04.06 13:49:20.790,0.72465,0.72484,1.00,2.25
2016.04.06 13:49:20.913,0.72465,0.72478,1.00,1.00
2016.04.06 13:49:21.014,0.72465,0.72484,1.00,2.25
2016.04.06 13:49:21.115,0.72465,0.72479,1.00,1.00
2016.04.06 13:49:21.595,0.72464,0.72484,1.00,2.25
2016.04.06 13:49:22.106,0.72465,0.72485,1.00,3.00
2016.04.06 13:49:22.324,0.72461,0.72485,1.37,3.00
2016.04.06 13:49:22.544,0.72465,0.72485,1.00,3.00
2016.04.06 13:49:22.595,0.72465,0.72481,1.00,1.00
2016.04.06 13:49:23.101,0.72465,0.72488,2.25,1.75
2016.04.06 13:49:23.664,0.72465,0.72483,1.50,1.00
2016.04.06 13:49:24.187,0.72465,0.72482,1.00,1.00
2016.04.06 13:49:25.049,0.72465,0.72488,1.37,1.75
2016.04.06 13:49:25.370,0.7247,0.72489,1.00,2.10
2016.04.06 13:49:25.421,0.72466,0.72489,1.50,2.10
2016.04.06 13:49:25.543,0.7247,0.72489,1.00,2.10
2016.04.06 13:49:25.627,0.72466,0.72489,1.50,2.10
2016.04.06 13:49:25.929,0.72465,0.72489,2.25,2.10
2016.04.06 13:49:27.220,0.72465,0.72489,2.25,2.10
2016.04.06 13:49:27.756,0.72465,0.72489,1.75,2.10
2016.04.06 13:49:29.609,0.72469,0.72487,1.00,1.75
2016.04.06 13:49:30.261,0.72469,0.72489,2.25,1.35
2016.04.06 13:49:30.463,0.7247,0.72495,1.75,3.00
2016.04.06 13:49:30.789,0.7247,0.7249,1.00,1.75
2016.04.06 13:49:31.297,0.72469,0.72489,1.12,1.75
2016.04.06 13:49:31.825,0.72465,0.72488,1.12,3.00
2016.04.06 13:49:32.392,0.72465,0.72489,2.25,2.25
2016.04.06 13:49:32.922,0.72467,0.72485,1.00,1.00
2016.04.06 13:49:34.526,0.72465,0.72489,2.25,1.75
2016.04.06 13:49:34.576,0.72469,0.72487,1.00,1.00
2016.04.06 13:49:34.730,0.72465,0.72489,2.25,1.75
2016.04.06 13:49:35.266,0.72465,0.72488,1.50,2.25
2016.04.06 13:49:35.867,0.72465,0.72486,1.75,1.75
2016.04.06 13:49:36.685,0.72466,0.72486,1.00,1.75
2016.04.06 13:49:37.088,0.7247,0.72484,1.00,1.75
2016.04.06 13:49:37.239,0.7247,0.72485,1.00,1.00
2016.04.06 13:49:37.441,0.7247,0.72486,1.00,1.35
2016.04.06 13:49:37.959,0.72475,0.72488,1.00,1.50
2016.04.06 13:49:38.497,0.72475,0.72491,1.00,1.35
2016.04.06 13:49:38.548,0.72475,0.72491,1.00,1.35
2016.04.06 13:49:38.858,0.7247,0.7249,1.75,1.75
2016.04.06 13:49:39.077,0.72475,0.72491,1.00,1.35
2016.04.06 13:49:39.584,0.72474,0.72491,1.00,1.35
2016.04.06 13:49:40.344,0.72474,0.72486,1.00,1.37
2016.04.06 13:49:40.395,0.7247,0.72486,1.00,2.10
2016.04.06 13:49:40.904,0.72469,0.72482,1.00,1.00
2016.04.06 13:49:41.055,0.7247,0.72485,1.00,1.50
2016.04.06 13:49:41.404,0.72465,0.72489,1.75,1.75
2016.04.06 13:49:41.505,0.7247,0.72489,1.00,1.75
2016.04.06 13:49:41.684,0.72465,0.72489,2.25,2.25
2016.04.06 13:49:42.083,0.72466,0.72489,1.00,3.75
2016.04.06 13:49:42.454,0.72469,0.72489,1.00,3.00
2016.04.06 13:49:42.915,0.72465,0.72489,1.87,3.00
2016.04.06 13:49:43.178,0.7246,0.72482,1.75,1.75
2016.04.06 13:49:43.498,0.7246,0.7248,1.00,1.75
2016.04.06 13:49:44.026,0.72456,0.72479,1.50,1.75
2016.04.06 13:49:45.410,0.72459,0.72476,1.00,1.00
2016.04.06 13:49:45.952,0.7246,0.72476,1.00,1.00
2016.04.06 13:49:47.356,0.7246,0.72476,1.00,1.50
2016.04.06 13:49:47.407,0.72456,0.72474,1.00,1.00
2016.04.06 13:49:47.458,0.7245,0.72473,2.25,1.37
2016.04.06 13:49:47.508,0.7245,0.72473,2.25,1.75
2016.04.06 13:49:47.659,0.72455,0.72473,1.00,1.75
2016.04.06 13:49:48.182,0.72455,0.72469,1.00,1.00
2016.04.06 13:49:49.204,0.72455,0.72474,1.00,1.75
2016.04.06 13:49:49.826,0.7245,0.72474,1.75,1.75
2016.04.06 13:49:51.708,0.7245,0.72471,1.75,1.75
2016.04.06 13:49:52.015,0.7245,0.72472,1.12,1.75
2016.04.06 13:49:55.820,0.7245,0.7247,1.00,1.75
2016.04.06 13:49:56.907,0.7245,0.72468,1.12,1.50
2016.04.06 13:49:57.259,0.7245,0.72468,1.00,1.75
2016.04.06 13:49:57.828,0.7245,0.72469,1.12,1.75
2016.04.06 13:50:02.363,0.72449,0.72469,1.50,1.75
2016.04.06 13:50:02.907,0.72449,0.72467,1.50,1.00
2016.04.06 13:50:04.499,0.7245,0.72467,1.00,1.00
2016.04.06 13:50:05.022,0.72449,0.72467,1.00,1.00
2016.04.06 13:50:05.700,0.7245,0.72471,1.50,2.25
2016.04.06 13:50:06.501,0.7245,0.72471,1.75,1.75
2016.04.06 13:50:06.552,0.7245,0.72471,1.75,1.75
2016.04.06 13:50:06.755,0.7245,0.72472,1.50,1.75
2016.04.06 13:50:07.176,0.7245,0.72472,1.75,1.75
2016.04.06 13:50:07.958,0.7245,0.72473,1.75,1.75
2016.04.06 13:50:08.303,0.72454,0.72475,1.37,1.75
2016.04.06 13:50:08.811,0.72455,0.72476,2.25,2.10
2016.04.06 13:50:09.133,0.7246,0.72478,1.00,2.85
2016.04.06 13:50:09.267,0.72455,0.72478,1.50,2.85
2016.04.06 13:50:09.782,0.72455,0.72476,1.75,1.75
2016.04.06 13:50:12.087,0.72455,0.72474,1.12,1.75
2016.04.06 13:50:13.493,0.72455,0.72472,1.00,1.00
2016.04.06 13:50:14.021,0.72455,0.72476,1.50,1.75
2016.04.06 13:50:15.703,0.72455,0.72477,1.50,2.10
2016.04.06 13:50:16.033,0.72455,0.72476,1.75,1.75
2016.04.06 13:50:16.536,0.7246,0.72478,1.00,1.75
2016.04.06 13:50:16.688,0.7246,0.72481,1.50,1.75
2016.04.06 13:50:16.738,0.72465,0.72481,1.00,1.75
2016.04.06 13:50:16.789,0.72465,0.72481,1.00,1.75
2016.04.06 13:50:16.941,0.72461,0.72484,1.75,1.75
2016.04.06 13:50:17.042,0.72465,0.72484,1.00,1.75
2016.04.06 13:50:17.335,0.72461,0.72484,1.75,1.75
2016.04.06 13:50:18.201,0.72459,0.72482,1.75,1.50
2016.04.06 13:50:18.781,0.72461,0.72479,1.00,1.00
2016.04.06 13:50:19.132,0.72463,0.72481,1.00,1.00
2016.04.06 13:50:19.679,0.72459,0.72485,2.25,2.25
2016.04.06 13:50:20.553,0.72465,0.72485,1.00,1.75
2016.04.06 13:50:20.704,0.7246,0.72484,2.25,1.50
2016.04.06 13:50:21.005,0.72462,0.72487,1.75,1.35
2016.04.06 13:50:22.335,0.7247,0.7249,1.00,2.10
2016.04.06 13:50:22.436,0.7247,0.7249,1.75,2.10
2016.04.06 13:50:22.993,0.72467,0.7249,1.75,1.35
2016.04.06 13:50:23.831,0.7247,0.7249,1.75,1.35
2016.04.06 13:50:24.237,0.72465,0.72488,1.75,1.75
2016.04.06 13:50:24.338,0.72468,0.72486,1.00,1.00
2016.04.06 13:50:24.848,0.72465,0.72486,1.75,1.12
2016.04.06 13:50:25.423,0.72465,0.72487,1.75,1.75
2016.04.06 13:50:26.193,0.7247,0.72488,1.12,1.75
2016.04.06 13:50:31.770,0.72465,0.72488,1.75,1.75
2016.04.06 13:50:31.871,0.72465,0.72487,1.50,1.75
2016.04.06 13:50:32.123,0.72465,0.72489,1.37,3.60
2016.04.06 13:50:32.174,0.72465,0.72488,1.00,2.25
2016.04.06 13:50:32.698,0.72462,0.72485,1.75,1.75
2016.04.06 13:50:33.235,0.7246,0.72484,2.25,1.50
2016.04.06 13:50:33.796,0.72465,0.72487,1.75,1.50
2016.04.06 13:50:33.851,0.72465,0.72487,1.75,1.12
2016.04.06 13:50:34.339,0.72468,0.72486,1.00,1.00
2016.04.06 13:50:34.741,0.72469,0.72487,1.50,1.50
2016.04.06 13:50:35.072,0.72465,0.72482,1.00,1.00
2016.04.06 13:50:35.173,0.72463,0.72481,1.00,1.00
2016.04.06 13:50:35.274,0.7246,0.72483,1.75,1.75
2016.04.06 13:50:35.576,0.72461,0.72479,1.00,1.00
2016.04.06 13:50:35.887,0.72459,0.72482,3.00,1.12
2016.04.06 13:50:36.240,0.72459,0.72482,1.50,1.50
2016.04.06 13:50:36.292,0.72459,0.7248,1.50,2.10
2016.04.06 13:50:36.393,0.72455,0.7248,1.75,2.10
2016.04.06 13:50:37.237,0.72458,0.72476,1.00,1.00
2016.04.06 13:50:37.552,0.72455,0.72476,1.75,1.75
2016.04.06 13:50:37.856,0.72455,0.72475,1.37,1.75
2016.04.06 13:50:38.211,0.72455,0.72476,1.75,1.50
2016.04.06 13:50:39.903,0.72455,0.72476,1.75,1.75
2016.04.06 13:50:41.068,0.72455,0.72476,1.37,1.75
2016.04.06 13:50:42.112,0.72454,0.72472,1.00,1.00
2016.04.06 13:50:42.792,0.72455,0.72472,1.00,1.00
2016.04.06 13:50:44.393,0.72454,0.72472,1.00,1.00
2016.04.06 13:50:46.443,0.72455,0.72472,1.00,1.00
2016.04.06 13:50:48.016,0.72455,0.72472,1.37,1.00
2016.04.06 13:50:48.514,0.72465,0.72483,1.00,2.25
2016.04.06 13:50:48.665,0.7247,0.72488,1.00,1.75
2016.04.06 13:50:48.766,0.72469,0.72491,1.50,2.10
2016.04.06 13:50:49.305,0.72466,0.72491,1.75,1.75
2016.04.06 13:50:50.031,0.72466,0.72491,1.75,1.75
2016.04.06 13:50:50.333,0.72467,0.72482,1.00,1.00
2016.04.06 13:50:50.384,0.72465,0.72482,1.00,1.00
2016.04.06 13:50:50.485,0.72466,0.72484,1.00,1.50
2016.04.06 13:50:51.131,0.72461,0.72484,1.75,1.50
2016.04.06 13:50:51.182,0.72464,0.72484,1.12,1.75
2016.04.06 13:50:51.921,0.7246,0.72482,1.75,1.75
2016.04.06 13:50:52.423,0.7246,0.72482,1.75,1.75
2016.04.06 13:50:55.900,0.72464,0.72483,1.50,1.50
2016.04.06 13:50:55.951,0.72464,0.72483,1.75,1.50
2016.04.06 13:50:56.535,0.72464,0.72486,1.75,1.75
2016.04.06 13:50:56.943,0.72465,0.72486,1.12,1.75
2016.04.06 13:50:57.245,0.72469,0.72486,1.00,1.75
2016.04.06 13:50:57.509,0.72472,0.7249,1.00,1.00
2016.04.06 13:50:58.099,0.72469,0.72491,1.50,1.75
2016.04.06 13:50:58.150,0.7247,0.72491,1.37,1.75
2016.04.06 13:50:58.479,0.72465,0.72488,2.25,1.75
2016.04.06 13:50:58.782,0.72465,0.72488,1.87,1.75
2016.04.06 13:50:59.323,0.7246,0.72484,2.25,1.75
2016.04.06 13:51:00.237,0.7246,0.72482,1.75,1.75
2016.04.06 13:51:00.541,0.7246,0.72481,1.37,1.75
2016.04.06 13:51:01.207,0.7246,0.72479,1.37,1.75
2016.04.06 13:51:01.684,0.72456,0.72479,1.75,1.75
2016.04.06 13:51:01.936,0.7246,0.72478,1.50,1.50
2016.04.06 13:51:02.238,0.7246,0.72477,1.00,1.75
2016.04.06 13:51:02.393,0.72455,0.72475,1.50,1.75
2016.04.06 13:51:02.599,0.72455,0.72475,1.37,1.75
2016.04.06 13:51:03.187,0.72455,0.72473,1.00,2.10
2016.04.06 13:51:03.792,0.72455,0.72471,1.00,1.75
2016.04.06 13:51:04.293,0.72454,0.72471,1.00,1.75
2016.04.06 13:51:04.343,0.72454,0.7247,1.00,1.00
2016.04.06 13:51:04.946,0.72455,0.72471,1.00,1.00
2016.04.06 13:51:05.612,0.72455,0.72472,1.00,1.00
2016.04.06 13:51:06.484,0.72454,0.72472,1.50,1.00
2016.04.06 13:51:08.388,0.72455,0.72472,1.00,1.00
2016.04.06 13:51:08.489,0.72455,0.72472,1.00,1.75
2016.04.06 13:51:08.861,0.72455,0.7247,1.00,1.75
2016.04.06 13:51:09.217,0.72447,0.72468,1.37,1.37
2016.04.06 13:51:09.277,0.72445,0.72466,1.37,1.75
2016.04.06 13:51:09.378,0.72445,0.72464,1.00,1.75
2016.04.06 13:51:10.784,0.72445,0.72461,1.00,1.75
2016.04.06 13:51:10.885,0.7244,0.72461,1.50,1.75
2016.04.06 13:51:11.396,0.7244,0.72458,1.00,1.75
2016.04.06 13:51:11.912,0.7244,0.72462,1.50,1.75
2016.04.06 13:51:12.422,0.7244,0.7246,1.75,1.75
2016.04.06 13:51:12.928,0.7244,0.72459,1.50,1.75
2016.04.06 13:51:14.078,0.7244,0.72458,1.12,1.50
2016.04.06 13:51:14.631,0.7244,0.72459,1.00,1.75
2016.04.06 13:51:14.973,0.72437,0.72455,1.00,1.00
2016.04.06 13:51:15.087,0.7244,0.72455,1.00,1.00
2016.04.06 13:51:15.389,0.7245,0.72459,1.00,1.00
2016.04.06 13:51:15.971,0.72449,0.72459,1.00,1.00
2016.04.06 13:51:16.323,0.7245,0.72457,1.00,1.00
2016.04.06 13:51:16.393,0.7245,0.72464,1.00,1.75
2016.04.06 13:51:16.796,0.7245,0.72466,1.00,1.75
2016.04.06 13:51:17.397,0.72445,0.72466,1.75,1.50
2016.04.06 13:51:17.649,0.7245,0.72468,1.00,1.50
2016.04.06 13:51:18.501,0.72449,0.72471,1.75,1.35
2016.04.06 13:51:19.023,0.72454,0.72474,1.00,2.10
2016.04.06 13:51:19.773,0.72455,0.72468,1.00,1.00
2016.04.06 13:51:20.127,0.7245,0.72468,1.50,1.67
2016.04.06 13:51:20.177,0.7245,0.72468,1.00,1.35
2016.04.06 13:51:20.825,0.72449,0.72465,1.00,1.35
2016.04.06 13:51:21.139,0.72441,0.72464,1.12,2.25
2016.04.06 13:51:21.240,0.72444,0.72461,1.00,1.75
2016.04.06 13:51:21.600,0.72439,0.72463,2.25,1.75
2016.04.06 13:51:22.092,0.72439,0.72462,1.50,1.75
2016.04.06 13:51:22.755,0.7244,0.72462,1.50,1.75
2016.04.06 13:51:23.422,0.7244,0.72462,1.75,1.75
2016.04.06 13:51:24.081,0.7244,0.72462,1.75,1.75
2016.04.06 13:51:24.458,0.72445,0.72465,1.00,2.10
2016.04.06 13:51:24.964,0.72445,0.72463,1.00,1.75
2016.04.06 13:51:26.629,0.72444,0.72463,1.00,1.75
2016.04.06 13:51:26.730,0.72442,0.7246,1.00,1.00
2016.04.06 13:51:27.051,0.72445,0.7246,1.00,1.00
2016.04.06 13:51:27.484,0.72439,0.72454,1.00,1.00
2016.04.06 13:51:27.916,0.72439,0.72455,1.00,1.75
2016.04.06 13:51:28.675,0.72435,0.72453,1.12,1.50
2016.04.06 13:51:28.958,0.7244,0.72454,1.00,1.75
2016.04.06 13:51:29.009,0.7244,0.72454,1.00,1.50
2016.04.06 13:51:29.515,0.7244,0.72456,1.00,1.50
2016.04.06 13:51:30.173,0.72435,0.72456,1.75,1.50
2016.04.06 13:51:30.224,0.72435,0.72456,1.50,1.75
2016.04.06 13:51:30.554,0.7244,0.72456,1.00,1.75
2016.04.06 13:51:31.186,0.72445,0.72458,1.00,1.67
2016.04.06 13:51:31.795,0.72445,0.72465,1.00,2.10
2016.04.06 13:51:33.221,0.72445,0.72458,1.00,1.00
2016.04.06 13:51:34.570,0.7244,0.72462,1.75,1.75
2016.04.06 13:51:35.148,0.7244,0.72462,1.75,1.75
2016.04.06 13:51:35.349,0.72442,0.72459,1.00,1.00
2016.04.06 13:51:35.599,0.72445,0.72459,1.00,1.00
2016.04.06 13:51:35.743,0.72442,0.72459,1.00,1.00
2016.04.06 13:51:35.952,0.72443,0.72461,1.00,1.00
2016.04.06 13:51:36.002,0.72445,0.72461,1.00,1.00
2016.04.06 13:51:37.088,0.72444,0.72461,1.00,1.00
2016.04.06 13:51:37.555,0.72444,0.72462,1.00,1.75
2016.04.06 13:51:38.190,0.72444,0.72461,1.00,1.75
2016.04.06 13:51:38.886,0.7244,0.72461,1.75,1.75
2016.04.06 13:51:39.548,0.7244,0.72461,1.50,1.75
2016.04.06 13:51:40.200,0.7244,0.72462,1.75,1.75
2016.04.06 13:51:40.559,0.72445,0.72462,1.00,1.75
2016.04.06 13:51:40.710,0.7244,0.72462,1.50,1.75
2016.04.06 13:51:40.811,0.7244,0.72462,1.37,1.75
2016.04.06 13:51:41.160,0.7244,0.7246,1.75,1.12
2016.04.06 13:51:41.677,0.72445,0.7246,1.00,1.12
2016.04.06 13:51:44.315,0.72445,0.72462,1.00,1.75
2016.04.06 13:51:44.366,0.7244,0.72458,1.50,1.00
2016.04.06 13:51:44.416,0.7244,0.72462,1.12,1.75
2016.04.06 13:51:44.736,0.72445,0.7246,1.00,1.35
2016.04.06 13:51:44.787,0.7244,0.72458,1.50,1.12
2016.04.06 13:51:44.837,0.7244,0.72457,1.00,1.35
2016.04.06 13:51:44.989,0.72435,0.72456,2.25,1.35
2016.04.06 13:51:45.040,0.72435,0.72451,1.50,1.00
2016.04.06 13:51:45.540,0.72433,0.72451,1.00,1.00
2016.04.06 13:51:46.048,0.7243,0.72452,1.75,1.75
2016.04.06 13:51:46.607,0.72435,0.72452,1.00,1.75
2016.04.06 13:51:46.760,0.72435,0.72453,1.00,1.75
2016.04.06 13:51:46.861,0.72435,0.72453,1.00,1.75
2016.04.06 13:51:46.962,0.72435,0.72453,1.00,1.75
2016.04.06 13:51:47.012,0.7243,0.72453,1.75,1.75
2016.04.06 13:51:47.063,0.7243,0.72452,1.12,1.35
2016.04.06 13:51:47.368,0.72425,0.72444,1.75,1.50
2016.04.06 13:51:47.670,0.72425,0.72444,1.12,1.75
2016.04.06 13:51:47.972,0.7243,0.72447,1.00,3.00
2016.04.06 13:51:48.073,0.72425,0.72447,1.50,1.75
2016.04.06 13:51:48.714,0.72425,0.72445,1.50,1.75
2016.04.06 13:51:50.429,0.72425,0.72443,1.50,1.00
2016.04.06 13:51:52.065,0.72429,0.7245,1.12,1.75
2016.04.06 13:51:52.578,0.72426,0.72449,1.75,1.75
2016.04.06 13:51:52.910,0.7243,0.72449,1.00,1.75
2016.04.06 13:51:53.721,0.7243,0.72449,1.00,1.75
2016.04.06 13:51:55.657,0.72425,0.7245,2.25,1.75
2016.04.06 13:51:57.412,0.7243,0.7245,1.00,1.75
2016.04.06 13:51:57.983,0.72425,0.7245,1.75,1.75
2016.04.06 13:51:58.518,0.7243,0.72446,1.00,1.00
2016.04.06 13:52:00.968,0.7243,0.72446,1.37,1.00
2016.04.06 13:52:02.259,0.72435,0.7245,1.00,1.75
2016.04.06 13:52:02.382,0.7243,0.7245,1.50,1.75
2016.04.06 13:52:03.078,0.7243,0.72447,1.50,1.00
2016.04.06 13:52:03.779,0.7243,0.7245,1.50,1.37
2016.04.06 13:52:03.830,0.72434,0.72452,1.50,2.10
2016.04.06 13:52:03.880,0.72434,0.72452,1.12,2.10
2016.04.06 13:52:03.931,0.7243,0.72451,1.75,2.10
2016.04.06 13:52:03.982,0.7243,0.72451,1.50,2.10
2016.04.06 13:52:04.523,0.7243,0.72451,1.50,1.75
2016.04.06 13:52:08.140,0.72424,0.72448,2.25,1.75
2016.04.06 13:52:08.643,0.72426,0.72449,1.75,1.75
2016.04.06 13:52:08.845,0.72427,0.72445,1.00,1.50
2016.04.06 13:52:09.040,0.72424,0.72445,1.75,1.75
2016.04.06 13:52:09.403,0.72425,0.72442,1.12,1.37
2016.04.06 13:52:09.554,0.72425,0.72443,1.50,1.50
2016.04.06 13:52:10.453,0.72423,0.72441,1.00,1.00
2016.04.06 13:52:10.991,0.7242,0.72444,1.75,1.75
2016.04.06 13:52:11.761,0.7242,0.72444,2.25,1.75
2016.04.06 13:52:13.934,0.72424,0.72444,1.75,1.75
2016.04.06 13:52:14.035,0.72424,0.72443,1.12,1.75
2016.04.06 13:52:14.691,0.72425,0.72443,1.00,1.75
2016.04.06 13:52:15.046,0.72425,0.72442,1.00,1.00
2016.04.06 13:52:15.622,0.72425,0.72444,1.12,1.75
2016.04.06 13:52:16.765,0.72425,0.72446,1.75,1.75
2016.04.06 13:52:16.866,0.72427,0.72445,1.00,1.00
2016.04.06 13:52:17.018,0.7243,0.72448,1.00,1.75
2016.04.06 13:52:17.366,0.7243,0.72446,1.00,1.00
2016.04.06 13:52:17.638,0.7243,0.72448,1.00,1.75
2016.04.06 13:52:18.260,0.7243,0.72445,1.00,1.00
2016.04.06 13:52:18.361,0.72425,0.72446,1.75,1.75
2016.04.06 13:52:18.462,0.7243,0.72444,1.00,1.50
2016.04.06 13:52:18.663,0.72425,0.72446,1.75,1.75
2016.04.06 13:52:19.004,0.72435,0.72451,1.00,3.75
2016.04.06 13:52:19.058,0.72435,0.72453,1.12,1.75
2016.04.06 13:52:19.466,0.72435,0.72452,1.00,1.50
2016.04.06 13:52:19.981,0.72435,0.72452,1.00,1.50
2016.04.06 13:52:20.311,0.7244,0.72452,1.00,1.50
2016.04.06 13:52:20.362,0.72435,0.72452,1.12,1.50
2016.04.06 13:52:21.225,0.72435,0.7245,1.12,1.00
2016.04.06 13:52:24.182,0.7243,0.72453,1.75,2.10
2016.04.06 13:52:24.695,0.7243,0.72449,1.37,1.50
2016.04.06 13:52:25.234,0.7243,0.72448,1.12,1.75
2016.04.06 13:52:27.208,0.7243,0.72448,1.50,1.00
2016.04.06 13:52:27.359,0.72426,0.72449,1.75,1.75
2016.04.06 13:52:27.907,0.72426,0.72449,1.75,1.75
2016.04.06 13:52:31.375,0.7243,0.7245,1.75,1.75
2016.04.06 13:52:31.701,0.7243,0.72451,1.75,1.50
2016.04.06 13:52:32.158,0.72434,0.72451,1.00,1.75
2016.04.06 13:52:32.259,0.72434,0.72452,1.00,1.00
2016.04.06 13:52:32.309,0.7244,0.72452,1.00,1.00
2016.04.06 13:52:32.360,0.7244,0.72455,1.12,1.00
2016.04.06 13:52:33.103,0.72435,0.72456,1.75,1.12
2016.04.06 13:52:33.163,0.72432,0.72453,2.25,1.00
2016.04.06 13:52:33.264,0.72429,0.7245,2.25,1.12
2016.04.06 13:52:33.315,0.72429,0.72448,2.25,1.00
2016.04.06 13:52:33.820,0.7243,0.72448,1.75,1.12
2016.04.06 13:52:34.094,0.7243,0.72451,1.75,1.12
2016.04.06 13:52:34.621,0.7243,0.72451,1.75,1.50
2016.04.06 13:52:34.820,0.7243,0.72448,1.75,1.00
2016.04.06 13:52:35.473,0.72425,0.72448,3.00,1.12
2016.04.06 13:52:39.558,0.72425,0.72447,3.75,1.00
2016.04.06 13:52:40.092,0.72429,0.72448,1.75,1.12
2016.04.06 13:52:40.770,0.72425,0.72448,3.75,1.50
2016.04.06 13:52:40.821,0.72425,0.72448,2.25,1.75
2016.04.06 13:52:41.600,0.7243,0.72449,1.75,1.12
2016.04.06 13:52:42.180,0.72433,0.7245,2.62,1.12
2016.04.06 13:52:42.230,0.72435,0.72454,1.75,1.00
2016.04.06 13:52:42.503,0.72435,0.72456,1.75,1.50
2016.04.06 13:52:42.859,0.72431,0.72448,2.25,1.00
2016.04.06 13:52:42.910,0.7243,0.72448,1.75,1.00
2016.04.06 13:52:43.316,0.72431,0.72451,2.25,1.00
2016.04.06 13:52:43.744,0.72429,0.72448,1.75,1.00
2016.04.06 13:52:43.946,0.72425,0.72448,3.00,1.12
2016.04.06 13:52:44.504,0.72425,0.72449,1.75,1.75
2016.04.06 13:52:45.582,0.72425,0.72449,2.25,1.37
2016.04.06 13:52:45.783,0.72429,0.72449,1.75,1.37
2016.04.06 13:52:46.078,0.72435,0.72452,1.00,1.37
2016.04.06 13:52:46.179,0.72429,0.72448,3.75,1.00
2016.04.06 13:52:46.230,0.72429,0.72448,2.25,1.00
2016.04.06 13:52:46.405,0.72429,0.7245,2.25,1.12
2016.04.06 13:52:46.785,0.72429,0.72449,1.75,1.37
2016.04.06 13:52:46.835,0.72429,0.72449,1.75,1.75
2016.04.06 13:52:47.340,0.72426,0.72446,1.75,1.00
2016.04.06 13:52:47.882,0.72425,0.72446,1.75,1.00
2016.04.06 13:52:48.418,0.72424,0.72448,3.75,1.37
2016.04.06 13:52:48.963,0.72425,0.72448,1.75,1.12
2016.04.06 13:52:49.128,0.72427,0.72448,2.25,1.00
2016.04.06 13:52:49.369,0.72435,0.72453,1.00,1.35
2016.04.06 13:52:49.529,0.72435,0.72453,1.50,1.67
2016.04.06 13:52:50.379,0.7243,0.7245,1.75,1.37
2016.04.06 13:52:50.681,0.7243,0.72449,1.50,1.35
2016.04.06 13:52:50.832,0.72431,0.72449,1.00,1.00
2016.04.06 13:52:50.883,0.72434,0.72449,1.00,1.00
2016.04.06 13:52:51.390,0.72434,0.7245,1.00,1.00
2016.04.06 13:52:51.896,0.72435,0.7245,1.00,1.00
2016.04.06 13:52:52.297,0.72435,0.72452,1.00,1.75
2016.04.06 13:52:52.347,0.72429,0.72452,1.75,1.75
2016.04.06 13:52:52.655,0.72435,0.72449,1.00,1.75
2016.04.06 13:52:52.757,0.7243,0.7245,1.50,2.25
2016.04.06 13:52:54.357,0.72435,0.72451,1.00,1.75
2016.04.06 13:52:54.458,0.72435,0.72451,1.00,1.75
2016.04.06 13:52:54.853,0.72429,0.72449,1.75,1.75
2016.04.06 13:52:55.061,0.72435,0.72449,1.00,1.75
2016.04.06 13:52:55.313,0.72429,0.72446,1.12,1.75
2016.04.06 13:52:55.878,0.7243,0.72443,1.00,1.12
2016.04.06 13:52:56.080,0.72425,0.72447,1.75,1.75
2016.04.06 13:52:56.436,0.72426,0.72447,1.75,1.37
2016.04.06 13:52:56.487,0.7243,0.72447,1.75,1.00
2016.04.06 13:52:56.740,0.7243,0.72453,2.25,1.35
2016.04.06 13:52:57.262,0.72431,0.72453,1.75,1.50
2016.04.06 13:52:57.363,0.72431,0.72453,1.75,1.50
2016.04.06 13:52:58.058,0.7243,0.72453,1.75,1.75
2016.04.06 13:52:58.362,0.72426,0.7245,1.75,1.75
2016.04.06 13:52:58.866,0.7243,0.72449,1.75,1.12
2016.04.06 13:52:59.663,0.72431,0.72449,1.00,1.50
2016.04.06 13:52:59.764,0.72425,0.72449,1.75,1.75
2016.04.06 13:53:00.355,0.72425,0.72449,1.75,1.50
2016.04.06 13:53:00.881,0.7243,0.7245,1.75,1.37
2016.04.06 13:53:00.982,0.7243,0.72452,1.75,1.12
2016.04.06 13:53:01.319,0.7243,0.72452,1.75,1.12
2016.04.06 13:53:02.212,0.72428,0.72447,2.25,1.00
2016.04.06 13:53:02.262,0.72426,0.72447,1.75,1.00
2016.04.06 13:53:02.772,0.72426,0.72448,1.75,1.00
2016.04.06 13:53:02.873,0.72429,0.72452,1.75,1.75
2016.04.06 13:53:02.923,0.72429,0.72452,1.75,1.37
2016.04.06 13:53:03.398,0.72428,0.72456,4.50,1.75
2016.04.06 13:53:03.946,0.7243,0.72456,1.75,1.75
2016.04.06 13:53:03.997,0.72433,0.72451,1.00,1.00
2016.04.06 13:53:04.628,0.72434,0.72457,1.75,1.35
2016.04.06 13:53:04.930,0.72435,0.72457,1.75,1.30
2016.04.06 13:53:07.793,0.72435,0.72455,1.75,1.00
2016.04.06 13:53:07.894,0.72438,0.72455,1.00,1.00
2016.04.06 13:53:08.196,0.7244,0.72461,1.12,1.35
2016.04.06 13:53:08.426,0.7244,0.72461,1.75,1.30
2016.04.06 13:53:08.836,0.72437,0.72459,2.25,1.00
2016.04.06 13:53:08.887,0.72435,0.72459,3.00,1.37
2016.04.06 13:53:09.287,0.7244,0.72459,1.00,1.37
2016.04.06 13:53:10.025,0.7244,0.72464,1.50,2.25
2016.04.06 13:53:10.126,0.72443,0.72461,1.00,1.00
2016.04.06 13:53:10.176,0.72443,0.72458,1.00,1.00
2016.04.06 13:53:10.431,0.72434,0.72458,1.75,1.50
2016.04.06 13:53:10.736,0.72438,0.72456,1.00,1.00
2016.04.06 13:53:10.921,0.7243,0.72457,3.75,2.10
2016.04.06 13:53:11.072,0.72431,0.72449,1.00,1.00
2016.04.06 13:53:11.643,0.72425,0.7245,1.75,1.75
2016.04.06 13:53:11.945,0.72425,0.72449,1.75,1.75
2016.04.06 13:53:12.493,0.72425,0.72449,1.75,1.75
2016.04.06 13:53:13.043,0.72425,0.72451,1.75,1.75
2016.04.06 13:53:14.940,0.72426,0.7245,3.00,1.50
2016.04.06 13:53:17.653,0.72428,0.7245,1.75,1.75
2016.04.06 13:53:20.762,0.72429,0.72451,1.75,1.50
2016.04.06 13:53:21.493,0.7243,0.72454,1.75,2.10
2016.04.06 13:53:22.816,0.72431,0.72456,1.75,1.75
2016.04.06 13:53:23.124,0.72435,0.72458,1.75,2.10
2016.04.06 13:53:23.940,0.7243,0.72457,5.25,1.75
2016.04.06 13:53:24.192,0.7243,0.72456,1.75,1.75
2016.04.06 13:53:24.344,0.72432,0.72454,1.00,1.75
2016.04.06 13:53:24.646,0.72429,0.72455,1.75,2.10
2016.04.06 13:53:25.258,0.72435,0.72455,1.37,1.35
2016.04.06 13:53:25.309,0.72436,0.72454,1.00,1.00
2016.04.06 13:53:25.561,0.72436,0.72456,1.00,1.75
2016.04.06 13:53:25.873,0.72429,0.72455,1.75,1.35
2016.04.06 13:53:26.202,0.7243,0.72448,1.50,1.00
2016.04.06 13:53:26.353,0.72429,0.72448,1.75,1.00
2016.04.06 13:53:27.325,0.72429,0.72453,1.75,1.75
2016.04.06 13:53:28.936,0.72425,0.7245,1.75,1.50
2016.04.06 13:53:29.482,0.72431,0.72449,1.00,1.00
2016.04.06 13:53:29.583,0.7243,0.72452,1.75,2.10
2016.04.06 13:53:29.684,0.72431,0.72449,1.00,1.00
2016.04.06 13:53:29.853,0.7243,0.72452,1.75,2.10
2016.04.06 13:53:29.904,0.72433,0.72451,1.00,1.00
2016.04.06 13:53:30.456,0.7243,0.72451,1.75,1.00
2016.04.06 13:53:30.759,0.72425,0.72452,2.25,2.10
2016.04.06 13:53:30.810,0.7243,0.7245,1.12,1.75
2016.04.06 13:53:30.860,0.7243,0.7245,1.00,1.75
2016.04.06 13:53:30.911,0.72425,0.7245,1.75,1.75
2016.04.06 13:53:31.669,0.72425,0.72446,1.75,1.35
2016.04.06 13:53:32.761,0.7243,0.72446,1.00,1.35
2016.04.06 13:53:33.092,0.72429,0.72448,1.75,1.12
2016.04.06 13:53:33.786,0.72425,0.72446,1.75,1.37
2016.04.06 13:53:33.837,0.72425,0.72446,1.75,1.75
2016.04.06 13:53:34.071,0.72425,0.72446,1.75,1.75
2016.04.06 13:53:34.748,0.72425,0.72445,1.37,1.75
2016.04.06 13:53:36.353,0.72424,0.72446,1.50,1.75
2016.04.06 13:53:37.010,0.72424,0.72446,1.50,1.75
2016.04.06 13:53:37.549,0.72425,0.72446,1.12,1.75
2016.04.06 13:53:39.240,0.72425,0.72446,1.50,1.75
2016.04.06 13:53:39.608,0.72425,0.72446,1.75,1.75
2016.04.06 13:53:40.582,0.7243,0.72445,1.12,1.00
2016.04.06 13:53:41.177,0.72425,0.72446,1.75,1.12
2016.04.06 13:53:41.634,0.72421,0.72445,1.75,1.37
2016.04.06 13:53:45.273,0.72422,0.72447,1.75,1.50
2016.04.06 13:53:46.490,0.72425,0.72448,1.75,1.75
2016.04.06 13:53:47.029,0.72425,0.72447,1.75,1.75
2016.04.06 13:53:47.080,0.72426,0.72444,1.00,1.00
2016.04.06 13:53:49.836,0.7243,0.72447,1.00,1.75
2016.04.06 13:53:49.886,0.7243,0.72446,1.00,1.50
2016.04.06 13:53:49.937,0.72428,0.72446,1.00,1.12
2016.04.06 13:53:50.486,0.72425,0.72448,1.75,1.50
2016.04.06 13:53:51.010,0.72428,0.72446,1.00,1.50
2016.04.06 13:53:51.438,0.72425,0.72446,1.75,1.12
2016.04.06 13:53:51.791,0.72425,0.72447,1.75,1.00
2016.04.06 13:53:52.300,0.72424,0.72448,1.75,1.37
2016.04.06 13:53:52.884,0.72424,0.72446,1.75,1.12
2016.04.06 13:53:53.391,0.72425,0.72445,1.75,1.12
2016.04.06 13:53:58.851,0.72424,0.72445,1.75,1.75
2016.04.06 13:53:59.505,0.72427,0.72444,1.00,1.00
2016.04.06 13:53:59.934,0.72421,0.72444,3.00,1.00
2016.04.06 13:54:00.630,0.72428,0.72444,1.00,1.12
2016.04.06 13:54:01.175,0.72426,0.7245,2.25,2.85
2016.04.06 13:54:01.707,0.72425,0.72448,3.00,1.37
2016.04.06 13:54:02.267,0.72425,0.72446,1.75,1.00
2016.04.06 13:54:02.608,0.72424,0.72443,3.00,1.00
2016.04.06 13:54:03.013,0.72429,0.72443,1.00,1.00
2016.04.06 13:54:04.013,0.72424,0.72443,1.75,1.00
2016.04.06 13:54:04.472,0.72424,0.72446,1.75,1.00
2016.04.06 13:54:06.150,0.72425,0.72446,3.00,1.00
2016.04.06 13:54:06.351,0.72426,0.72448,2.25,1.00
2016.04.06 13:54:06.828,0.72425,0.72446,1.75,1.00
2016.04.06 13:54:07.182,0.72425,0.72446,1.75,1.12
2016.04.06 13:54:07.233,0.72425,0.72446,1.75,1.00
2016.04.06 13:54:07.487,0.72425,0.72446,1.75,1.12
2016.04.06 13:54:07.784,0.72423,0.72444,2.25,1.00
2016.04.06 13:54:08.100,0.72423,0.72447,2.25,1.50
2016.04.06 13:54:08.621,0.72425,0.72446,3.00,1.00
2016.04.06 13:54:09.380,0.7243,0.72446,1.75,1.00
2016.04.06 13:54:09.912,0.7243,0.72446,1.37,1.00
2016.04.06 13:54:10.324,0.72426,0.72446,2.25,1.00
2016.04.06 13:54:10.721,0.7243,0.72449,1.75,1.00
2016.04.06 13:54:10.822,0.7243,0.72449,1.75,1.50
2016.04.06 13:54:11.566,0.72425,0.72449,2.25,1.12
2016.04.06 13:54:11.667,0.72427,0.72449,3.75,1.00
2016.04.06 13:54:12.128,0.72433,0.72446,1.00,1.00
2016.04.06 13:54:12.178,0.7243,0.72449,1.75,1.00
2016.04.06 13:54:12.640,0.72432,0.72448,1.00,1.00
2016.04.06 13:54:13.174,0.7243,0.72447,1.75,1.00
2016.04.06 13:54:14.809,0.72425,0.72449,3.00,1.50
2016.04.06 13:54:15.029,0.72432,0.7245,1.00,1.50
2016.04.06 13:54:15.457,0.72426,0.7245,2.25,1.50
2016.04.06 13:54:15.609,0.72426,0.7245,2.25,1.50
2016.04.06 13:54:16.240,0.72425,0.7245,3.00,1.50
2016.04.06 13:54:16.341,0.72426,0.72449,2.25,1.00
2016.04.06 13:54:16.875,0.7243,0.7245,1.75,1.12
2016.04.06 13:54:17.393,0.7243,0.72449,1.75,1.00
2016.04.06 13:54:18.301,0.7243,0.72449,1.75,1.12
2016.04.06 13:54:19.949,0.7243,0.72449,1.75,1.00
2016.04.06 13:54:20.450,0.7243,0.72449,1.75,1.12
2016.04.06 13:54:21.531,0.72427,0.72448,2.25,1.00
2016.04.06 13:54:21.629,0.72427,0.72446,2.25,1.00
2016.04.06 13:54:22.147,0.72427,0.72447,2.25,1.00
2016.04.06 13:54:22.404,0.72427,0.7245,2.25,1.50
2016.04.06 13:54:22.505,0.7243,0.7245,1.75,1.37
2016.04.06 13:54:22.743,0.72436,0.72451,1.00,1.00
2016.04.06 13:54:22.844,0.72429,0.72447,2.25,1.00
2016.04.06 13:54:22.995,0.72427,0.72449,3.75,1.00
2016.04.06 13:54:23.556,0.7243,0.72448,1.75,1.00
2016.04.06 13:54:24.081,0.72427,0.72449,3.75,1.00
2016.04.06 13:54:25.191,0.72429,0.7245,1.75,1.12
2016.04.06 13:54:25.643,0.72435,0.72452,1.00,1.00
2016.04.06 13:54:26.203,0.7243,0.72454,1.75,1.37
2016.04.06 13:54:26.513,0.72435,0.72454,1.75,1.12
2016.04.06 13:54:27.094,0.7244,0.72458,1.00,1.50
2016.04.06 13:54:27.664,0.72435,0.72458,1.75,1.75
2016.04.06 13:54:28.285,0.7243,0.72455,2.25,1.75
2016.04.06 13:54:28.588,0.72432,0.72455,3.00,1.50
2016.04.06 13:54:28.790,0.72435,0.72458,1.75,1.50
2016.04.06 13:54:29.327,0.7244,0.72459,1.75,1.37
2016.04.06 13:54:29.378,0.72443,0.72461,1.00,1.50
2016.04.06 13:54:30.209,0.72443,0.7246,1.00,1.00
2016.04.06 13:54:30.408,0.72436,0.72456,2.25,1.00
2016.04.06 13:54:30.908,0.72435,0.72455,2.25,1.00
2016.04.06 13:54:31.115,0.72435,0.72455,3.75,1.00
2016.04.06 13:54:31.753,0.72435,0.72457,3.00,1.00
2016.04.06 13:54:32.300,0.72435,0.72454,3.75,1.00
2016.04.06 13:54:32.401,0.72435,0.72454,2.25,1.00
2016.04.06 13:54:33.519,0.72435,0.72457,1.75,1.37
2016.04.06 13:54:34.037,0.72441,0.72457,1.00,1.00
2016.04.06 13:54:36.641,0.72435,0.72457,1.75,1.00
2016.04.06 13:54:36.692,0.72436,0.72457,2.25,1.00
2016.04.06 13:54:36.844,0.72438,0.72461,2.25,1.12
2016.04.06 13:54:37.046,0.72438,0.72456,2.25,1.00
2016.04.06 13:54:37.097,0.72434,0.72456,2.25,1.12
2016.04.06 13:54:37.198,0.72438,0.72456,1.00,1.50
2016.04.06 13:54:37.432,0.72435,0.72454,1.75,1.12
2016.04.06 13:54:37.634,0.72432,0.72454,1.75,1.12
2016.04.06 13:54:39.221,0.72431,0.72454,1.75,1.50
2016.04.06 13:54:40.683,0.7243,0.72452,3.00,1.00
2016.04.06 13:54:41.409,0.72431,0.72452,2.25,1.00
2016.04.06 13:54:41.553,0.72431,0.72455,2.25,1.50
2016.04.06 13:54:42.309,0.72434,0.72455,1.75,1.12
2016.04.06 13:54:43.111,0.72431,0.72455,3.00,1.12
2016.04.06 13:54:43.162,0.72437,0.72455,1.00,1.50
2016.04.06 13:54:43.213,0.72431,0.72455,4.50,1.50
2016.04.06 13:54:43.556,0.72433,0.72455,2.25,1.00
2016.04.06 13:54:43.657,0.72434,0.72455,1.75,1.12
2016.04.06 13:54:43.758,0.72433,0.72455,2.25,1.00
2016.04.06 13:54:44.371,0.72432,0.72456,3.00,1.12
2016.04.06 13:54:44.839,0.72433,0.72454,2.25,1.00
2016.04.06 13:54:45.349,0.72433,0.72455,2.25,1.00
2016.04.06 13:54:45.870,0.72435,0.72456,1.75,1.12
2016.04.06 13:54:46.323,0.72439,0.72456,1.00,1.37
2016.04.06 13:54:46.827,0.72435,0.72455,1.75,1.00
2016.04.06 13:54:47.346,0.72435,0.72456,1.75,1.00
2016.04.06 13:54:47.882,0.72433,0.72455,2.25,1.00
2016.04.06 13:54:48.462,0.72434,0.72454,3.00,1.00
2016.04.06 13:54:49.509,0.72434,0.72453,2.25,1.00
2016.04.06 13:54:50.890,0.72434,0.72454,2.25,1.00
2016.04.06 13:54:51.573,0.72435,0.72455,1.75,1.00
2016.04.06 13:54:54.983,0.72435,0.72456,3.00,1.00
2016.04.06 13:54:55.289,0.72435,0.72454,3.00,1.00
2016.04.06 13:54:55.576,0.72438,0.72454,1.00,1.00
2016.04.06 13:54:55.946,0.72433,0.72454,2.25,1.00
2016.04.06 13:54:56.447,0.72432,0.72454,4.50,1.00
2016.04.06 13:54:57.490,0.7244,0.72455,1.00,1.00
2016.04.06 13:54:57.870,0.72435,0.72455,3.75,1.00
2016.04.06 13:54:58.373,0.72435,0.72453,2.25,1.00
2016.04.06 13:54:58.757,0.7244,0.72453,1.00,1.00
2016.04.06 13:54:59.283,0.72438,0.72459,2.25,1.37
2016.04.06 13:54:59.838,0.72438,0.72459,2.25,1.00
2016.04.06 13:55:00.381,0.72438,0.7246,2.25,1.00
2016.04.06 13:55:00.915,0.72437,0.72458,2.25,1.00
2016.04.06 13:55:01.448,0.72443,0.72458,1.00,1.00
2016.04.06 13:55:01.982,0.72437,0.72459,2.25,1.00
2016.04.06 13:55:02.522,0.72437,0.72458,2.25,1.00
2016.04.06 13:55:03.169,0.72443,0.72458,1.00,1.00
2016.04.06 13:55:03.542,0.72436,0.72456,3.00,1.00
2016.04.06 13:55:03.923,0.72436,0.72455,1.75,1.00
2016.04.06 13:55:04.597,0.72435,0.72456,2.25,1.00
2016.04.06 13:55:04.698,0.72436,0.72458,2.25,1.12
2016.04.06 13:55:05.207,0.72436,0.72455,2.25,1.00
2016.04.06 13:55:05.309,0.72439,0.72455,1.00,1.00
2016.04.06 13:55:05.866,0.72432,0.72454,2.25,1.00
2016.04.06 13:55:07.480,0.72435,0.72455,1.75,1.12
2016.04.06 13:55:08.012,0.72435,0.72455,1.75,1.00
2016.04.06 13:55:08.539,0.72435,0.72457,1.75,1.50
2016.04.06 13:55:09.213,0.7244,0.72461,1.50,1.50
2016.04.06 13:55:09.263,0.7244,0.72458,1.75,1.00
2016.04.06 13:55:09.713,0.72434,0.72457,2.25,1.37
2016.04.06 13:55:09.763,0.72433,0.72457,2.25,1.50
2016.04.06 13:55:09.814,0.72431,0.72453,1.75,1.00
2016.04.06 13:55:10.336,0.72431,0.72452,1.75,1.12
2016.04.06 13:55:10.668,0.72434,0.72452,1.75,1.00
2016.04.06 13:55:11.179,0.72431,0.72452,1.75,1.00
2016.04.06 13:55:11.720,0.72431,0.72451,1.75,1.00
2016.04.06 13:55:12.829,0.72431,0.72452,1.75,1.00
2016.04.06 13:55:13.247,0.72439,0.72448,1.00,1.00
2016.04.06 13:55:13.348,0.7243,0.72448,1.75,1.00
2016.04.06 13:55:13.449,0.7243,0.72446,1.75,1.00
2016.04.06 13:55:13.500,0.7243,0.72446,1.50,1.12
2016.04.06 13:55:13.601,0.72425,0.72444,2.25,1.00
2016.04.06 13:55:14.154,0.72425,0.72445,1.75,1.00
2016.04.06 13:55:14.468,0.72424,0.72445,2.25,1.00
2016.04.06 13:55:14.923,0.72425,0.72447,1.75,1.12
2016.04.06 13:55:15.024,0.72431,0.72445,1.00,1.00
2016.04.06 13:55:15.550,0.72425,0.72448,1.75,1.50
2016.04.06 13:55:15.651,0.7243,0.72448,1.00,1.50
2016.04.06 13:55:15.807,0.72425,0.72448,3.00,1.50
2016.04.06 13:55:16.109,0.7243,0.7245,1.75,1.00
2016.04.06 13:55:16.920,0.7243,0.7245,1.75,1.12
2016.04.06 13:55:17.560,0.72429,0.72452,1.75,1.12
2016.04.06 13:55:18.061,0.7243,0.72452,1.75,1.50
2016.04.06 13:55:18.722,0.7243,0.72455,3.75,1.67
2016.04.06 13:55:18.773,0.72437,0.72455,1.00,1.35
2016.04.06 13:55:18.823,0.72437,0.72455,1.00,1.67
2016.04.06 13:55:19.234,0.72431,0.72455,2.25,1.72
2016.04.06 13:55:19.284,0.7243,0.72455,1.75,2.10
2016.04.06 13:55:19.335,0.7243,0.72455,1.75,2.10
2016.04.06 13:55:19.561,0.72436,0.72454,1.00,1.00
2016.04.06 13:55:19.762,0.72432,0.72455,2.25,1.72
2016.04.06 13:55:20.417,0.7243,0.72454,3.75,1.12
2016.04.06 13:55:20.468,0.72436,0.72453,1.00,1.00
2016.04.06 13:55:21.124,0.72431,0.72453,3.00,1.00
2016.04.06 13:55:21.667,0.72431,0.72454,3.00,1.12
2016.04.06 13:55:22.241,0.7243,0.72454,5.25,1.50
2016.04.06 13:55:24.647,0.72435,0.72455,1.75,1.37
2016.04.06 13:55:24.698,0.72435,0.72457,2.25,1.12
2016.04.06 13:55:24.749,0.72437,0.72457,2.25,1.00
2016.04.06 13:55:24.799,0.72437,0.72462,3.00,1.75
2016.04.06 13:55:25.335,0.72437,0.72462,1.75,1.75
2016.04.06 13:55:25.668,0.72435,0.7246,3.00,1.50
2016.04.06 13:55:26.079,0.72435,0.7246,2.25,1.75
2016.04.06 13:55:26.997,0.72435,0.72457,2.25,1.00
2016.04.06 13:55:27.543,0.72434,0.72459,4.50,1.37
2016.04.06 13:55:28.107,0.72434,0.72459,3.00,1.75
2016.04.06 13:55:28.844,0.72434,0.72456,2.25,1.00
2016.04.06 13:55:29.196,0.72439,0.72455,1.00,1.00
2016.04.06 13:55:30.489,0.72439,0.72457,1.00,1.00
2016.04.06 13:55:30.590,0.72435,0.72458,1.75,1.50
2016.04.06 13:55:31.108,0.7244,0.72458,1.00,1.50
2016.04.06 13:55:31.723,0.7244,0.72457,1.00,1.00
2016.04.06 13:55:32.416,0.7244,0.72455,1.00,1.00
2016.04.06 13:55:32.921,0.72435,0.72455,1.75,1.12
2016.04.06 13:55:35.487,0.72434,0.72455,1.75,1.00
2016.04.06 13:55:35.743,0.72431,0.72456,4.50,1.75
2016.04.06 13:55:36.684,0.72432,0.72453,2.25,1.00
2016.04.06 13:55:37.036,0.72437,0.72454,1.00,1.00
2016.04.06 13:55:37.087,0.7243,0.72454,1.75,1.37
2016.04.06 13:55:37.238,0.7243,0.72454,2.25,1.12
2016.04.06 13:55:37.779,0.72429,0.72454,5.25,1.50
2016.04.06 13:55:38.379,0.72436,0.72454,1.00,1.50
2016.04.06 13:55:39.499,0.7243,0.72452,1.75,1.37
2016.04.06 13:55:39.650,0.72425,0.72449,3.00,1.50
2016.04.06 13:55:39.701,0.72425,0.72449,1.75,1.50
2016.04.06 13:55:40.330,0.72424,0.72447,1.75,1.75
2016.04.06 13:55:40.711,0.7243,0.72449,1.37,1.50
2016.04.06 13:55:40.762,0.72431,0.72449,1.00,1.50
2016.04.06 13:55:40.812,0.7243,0.72449,1.75,1.12
2016.04.06 13:55:41.065,0.72425,0.7245,4.50,1.50
2016.04.06 13:55:41.666,0.72434,0.7245,1.00,1.00
2016.04.06 13:55:41.797,0.72434,0.72448,1.00,1.00
2016.04.06 13:55:41.859,0.72434,0.72452,1.00,1.00
2016.04.06 13:55:42.539,0.72429,0.72452,1.75,1.50
2016.04.06 13:55:43.119,0.7243,0.72451,1.75,1.37
2016.04.06 13:55:43.170,0.7243,0.72451,1.75,1.75
2016.04.06 13:55:46.289,0.72425,0.72448,1.75,1.75
2016.04.06 13:55:46.793,0.72429,0.72445,1.00,1.12
2016.04.06 13:55:47.096,0.72425,0.72441,1.12,1.12
2016.04.06 13:55:47.727,0.72425,0.72443,1.50,1.50
2016.04.06 13:55:48.544,0.72425,0.72446,1.50,1.35
2016.04.06 13:55:48.595,0.72425,0.72446,1.75,1.67
2016.04.06 13:55:48.896,0.72425,0.72446,1.75,1.35
2016.04.06 13:55:53.756,0.7242,0.72445,3.00,1.50
2016.04.06 13:55:54.271,0.72421,0.72446,3.00,1.75
2016.04.06 13:55:57.573,0.72426,0.72448,2.25,1.37
2016.04.06 13:55:57.625,0.72426,0.72448,2.25,1.00
2016.04.06 13:55:58.136,0.72425,0.72448,1.75,1.50
2016.04.06 13:55:59.014,0.72425,0.72447,1.75,1.50
2016.04.06 13:55:59.065,0.72426,0.72444,1.00,1.00
2016.04.06 13:55:59.389,0.72425,0.7244,1.75,1.00
2016.04.06 13:55:59.440,0.72425,0.7244,1.00,1.00
2016.04.06 13:55:59.646,0.72425,0.7244,1.00,1.75
2016.04.06 13:55:59.697,0.7242,0.72438,1.50,1.50
2016.04.06 13:55:59.857,0.72415,0.72438,1.75,1.75
2016.04.06 13:56:00.537,0.7242,0.72439,1.50,1.75
2016.04.06 13:56:00.879,0.7242,0.7244,1.75,1.50
2016.04.06 13:56:02.076,0.72415,0.7244,5.25,1.75
2016.04.06 13:56:02.934,0.7242,0.72442,1.75,1.75
2016.04.06 13:56:03.150,0.7242,0.72442,1.75,1.75
2016.04.06 13:56:08.381,0.72421,0.72441,3.75,1.00
2016.04.06 13:56:08.482,0.7243,0.72445,1.00,1.60
2016.04.06 13:56:09.056,0.72424,0.72447,3.00,2.47
2016.04.06 13:56:09.649,0.72425,0.72447,3.00,2.10
2016.04.06 13:56:10.159,0.72425,0.7245,3.00,1.75
2016.04.06 13:56:10.961,0.72425,0.7245,6.00,1.37
2016.04.06 13:56:11.012,0.72426,0.7245,3.75,1.12
2016.04.06 13:56:11.514,0.72426,0.72449,2.25,1.12
2016.04.06 13:56:12.268,0.72426,0.7245,6.00,1.37
2016.04.06 13:56:12.369,0.7243,0.7245,1.75,1.00
2016.04.06 13:56:12.671,0.7243,0.72452,2.25,1.00
2016.04.06 13:56:12.772,0.72428,0.72448,2.25,1.00
2016.04.06 13:56:13.024,0.72427,0.7245,3.75,1.00
2016.04.06 13:56:13.549,0.72427,0.72449,2.25,1.00
2016.04.06 13:56:14.072,0.72427,0.7245,3.75,1.00
2016.04.06 13:56:14.467,0.72426,0.72449,2.25,1.12
2016.04.06 13:56:14.799,0.72427,0.72449,3.75,1.00
2016.04.06 13:56:15.404,0.72433,0.72449,1.00,1.12
2016.04.06 13:56:15.920,0.72425,0.72449,2.25,1.37
2016.04.06 13:56:16.222,0.72424,0.72448,1.75,1.75
2016.04.06 13:56:16.900,0.72431,0.72448,1.00,1.00
2016.04.06 13:56:17.123,0.72426,0.72448,2.25,1.00
2016.04.06 13:56:17.652,0.72427,0.72449,2.25,1.00
2016.04.06 13:56:18.160,0.72427,0.7245,2.25,1.12
2016.04.06 13:56:18.723,0.72425,0.72449,3.00,1.12
2016.04.06 13:56:20.688,0.72425,0.72448,2.25,1.00
2016.04.06 13:56:21.234,0.72425,0.72448,1.75,1.12
2016.04.06 13:56:22.257,0.72423,0.72448,4.50,1.75
2016.04.06 13:56:22.778,0.72424,0.72448,1.75,1.37
2016.04.06 13:56:23.017,0.72425,0.72449,3.00,1.50
2016.04.06 13:56:23.820,0.72427,0.72452,1.75,1.75
2016.04.06 13:56:24.345,0.72427,0.72452,1.75,1.75
2016.04.06 13:56:24.858,0.72432,0.72449,1.00,1.00
2016.04.06 13:56:25.541,0.72427,0.72451,2.25,1.50
2016.04.06 13:56:25.843,0.72432,0.7245,1.00,1.00
2016.04.06 13:56:25.944,0.72425,0.7245,1.75,1.75
2016.04.06 13:56:26.561,0.7243,0.7245,1.75,1.50
2016.04.06 13:56:27.297,0.7243,0.72448,1.75,1.00
2016.04.06 13:56:27.813,0.72424,0.7244,1.50,1.75
2016.04.06 13:56:27.864,0.7242,0.72439,1.75,1.50
2016.04.06 13:56:28.116,0.72425,0.72441,1.12,1.12
2016.04.06 13:56:28.419,0.7242,0.72439,1.75,1.00
2016.04.06 13:56:28.521,0.72414,0.72438,2.25,1.75
2016.04.06 13:56:28.571,0.72415,0.72438,1.75,1.75
2016.04.06 13:56:28.622,0.72415,0.72434,1.75,1.50
2016.04.06 13:56:29.647,0.72415,0.72436,1.75,1.75
2016.04.06 13:56:29.820,0.72415,0.72436,1.75,1.50
2016.04.06 13:56:30.368,0.72414,0.72435,1.75,1.12
2016.04.06 13:56:30.789,0.72415,0.72434,1.37,1.50
2016.04.06 13:56:30.840,0.72415,0.72432,1.12,1.37
2016.04.06 13:56:31.661,0.72409,0.72432,1.75,1.50
2016.04.06 13:56:31.967,0.72414,0.72434,1.75,1.50
2016.04.06 13:56:32.375,0.72414,0.72434,1.50,1.75
2016.04.06 13:56:32.920,0.72414,0.72432,1.50,1.00
2016.04.06 13:56:33.430,0.72414,0.72433,1.37,1.50
2016.04.06 13:56:33.951,0.72415,0.72432,1.00,1.00
2016.04.06 13:56:34.497,0.72415,0.72433,1.50,1.50
2016.04.06 13:56:34.799,0.72415,0.72433,1.75,1.12
2016.04.06 13:56:35.987,0.7241,0.72433,1.75,1.75
2016.04.06 13:56:36.174,0.7241,0.72433,1.75,1.50
2016.04.06 13:56:36.577,0.7241,0.72433,1.75,1.75
2016.04.06 13:56:37.125,0.72413,0.72431,1.00,1.50
2016.04.06 13:56:37.381,0.72412,0.72437,1.75,1.75
2016.04.06 13:56:37.942,0.7241,0.72436,1.75,1.75
2016.04.06 13:56:40.064,0.7241,0.72436,3.75,1.75
2016.04.06 13:56:40.579,0.7241,0.72436,3.75,1.75
2016.04.06 13:56:41.664,0.7241,0.72436,2.25,1.75
2016.04.06 13:56:41.714,0.7241,0.72436,2.25,1.75
2016.04.06 13:56:42.422,0.7241,0.72434,1.75,1.75
2016.04.06 13:56:42.923,0.72414,0.72432,1.00,1.00
2016.04.06 13:56:43.075,0.72414,0.72435,1.00,1.75
2016.04.06 13:56:44.073,0.72414,0.72432,1.00,1.00
2016.04.06 13:56:44.498,0.7241,0.72433,1.75,1.75
2016.04.06 13:56:44.813,0.7241,0.72436,2.25,2.25
2016.04.06 13:56:45.345,0.7241,0.72436,2.25,2.25
2016.04.06 13:56:45.885,0.7241,0.72436,2.25,1.75
2016.04.06 13:56:47.103,0.72417,0.72435,1.00,1.00
2016.04.06 13:56:48.018,0.72412,0.72437,1.75,1.75
2016.04.06 13:56:48.608,0.72411,0.72436,1.75,1.75
2016.04.06 13:56:48.947,0.72409,0.72434,1.75,1.75
2016.04.06 13:56:49.148,0.72413,0.72431,1.00,1.00
2016.04.06 13:56:49.199,0.72409,0.72431,1.75,1.00
2016.04.06 13:56:49.505,0.7241,0.72434,1.75,1.50
2016.04.06 13:56:49.727,0.7241,0.72434,1.75,1.75
2016.04.06 13:56:52.419,0.72413,0.72434,1.00,1.75
2016.04.06 13:56:56.148,0.72411,0.72433,2.85,1.75
2016.04.06 13:56:56.249,0.72413,0.72431,1.60,1.00
2016.04.06 13:56:56.458,0.72415,0.72437,1.37,1.50
2016.04.06 13:56:56.509,0.72419,0.72437,1.50,1.50
2016.04.06 13:57:01.084,0.72415,0.72435,1.35,1.00
2016.04.06 13:57:01.186,0.72417,0.72435,1.00,1.50
2016.04.06 13:57:01.565,0.72415,0.72437,2.10,1.12
2016.04.06 13:57:03.641,0.72415,0.72437,2.10,1.12
2016.04.06 13:57:04.388,0.72417,0.72441,1.35,1.50
2016.04.06 13:57:04.564,0.7242,0.72442,1.75,1.50
2016.04.06 13:57:05.089,0.7242,0.72443,1.75,1.75
2016.04.06 13:57:05.391,0.72428,0.72451,1.50,1.75
2016.04.06 13:57:05.797,0.72432,0.7245,1.00,1.00
2016.04.06 13:57:09.597,0.7243,0.72453,1.75,1.75
2016.04.06 13:57:13.705,0.7243,0.72453,1.50,1.75
2016.04.06 13:57:16.110,0.72426,0.7245,1.75,1.75
2016.04.06 13:57:17.229,0.72426,0.7245,1.75,1.75
2016.04.06 13:57:17.532,0.72428,0.72452,1.75,1.75
2016.04.06 13:57:17.733,0.72434,0.72452,1.00,1.00
2016.04.06 13:57:18.579,0.7243,0.72453,1.75,1.50
2016.04.06 13:57:18.882,0.72425,0.72448,1.75,1.75
2016.04.06 13:57:19.416,0.72424,0.72448,2.25,1.75
2016.04.06 13:57:19.945,0.72424,0.72448,2.25,1.75
2016.04.06 13:57:20.450,0.72424,0.72448,2.25,1.75
2016.04.06 13:57:21.156,0.72425,0.72448,1.75,1.75
2016.04.06 13:57:24.204,0.72425,0.72445,1.75,1.12
2016.04.06 13:57:24.305,0.72425,0.72445,1.75,1.50
2016.04.06 13:57:25.577,0.72425,0.72445,1.75,1.00
2016.04.06 13:57:26.288,0.72425,0.72446,1.50,1.50
2016.04.06 13:57:26.800,0.72423,0.72446,1.50,1.75
2016.04.06 13:57:27.203,0.72422,0.72446,3.00,1.12
2016.04.06 13:57:30.063,0.72431,0.72449,1.00,1.00
2016.04.06 13:57:30.114,0.72425,0.72448,1.75,1.75
2016.04.06 13:57:30.417,0.72425,0.72449,2.25,1.75
2016.04.06 13:57:30.862,0.72426,0.7245,1.50,3.00
2016.04.06 13:57:31.203,0.72423,0.72447,1.75,1.75
2016.04.06 13:57:32.247,0.72423,0.72447,1.75,1.75
2016.04.06 13:57:33.764,0.72425,0.72447,1.50,1.75
2016.04.06 13:57:34.066,0.72421,0.72445,1.50,1.75
2016.04.06 13:57:36.558,0.72421,0.72439,1.00,1.00
2016.04.06 13:57:36.760,0.7242,0.72443,2.25,1.75
2016.04.06 13:57:38.120,0.72423,0.72441,1.00,1.00
2016.04.06 13:57:38.272,0.72424,0.72445,1.50,1.75
2016.04.06 13:57:39.872,0.72425,0.72447,1.50,1.75
2016.04.06 13:57:42.115,0.72425,0.72448,1.87,3.00
2016.04.06 13:57:42.655,0.72425,0.72448,2.25,1.75
2016.04.06 13:57:44.575,0.72425,0.72447,1.37,1.75
2016.04.06 13:57:45.278,0.72425,0.72446,1.00,1.75
2016.04.06 13:57:45.805,0.72421,0.72445,1.75,1.75
2016.04.06 13:57:46.321,0.72421,0.72445,1.75,1.75
2016.04.06 13:57:47.086,0.72424,0.72445,1.00,1.75
2016.04.06 13:57:47.929,0.72424,0.72446,1.12,1.75
2016.04.06 13:57:48.266,0.72424,0.72447,1.50,1.75
2016.04.06 13:57:48.734,0.72426,0.7245,1.87,1.75
2016.04.06 13:57:48.787,0.72435,0.7245,1.00,1.75
2016.04.06 13:57:48.989,0.7243,0.72454,2.25,1.75
2016.04.06 13:57:49.090,0.72432,0.7245,1.00,1.00
2016.04.06 13:57:50.429,0.72432,0.72456,1.50,1.75
2016.04.06 13:57:52.801,0.7243,0.72453,1.75,1.75
2016.04.06 13:57:52.853,0.7243,0.72454,2.25,1.75
2016.04.06 13:57:53.211,0.72435,0.72457,1.00,2.25
2016.04.06 13:57:53.794,0.72435,0.72457,1.00,2.25
2016.04.06 13:57:54.299,0.72429,0.7245,1.75,1.50
2016.04.06 13:57:54.350,0.72429,0.7245,1.75,1.75
2016.04.06 13:57:55.754,0.7243,0.72454,1.75,1.75
2016.04.06 13:57:56.473,0.72429,0.72452,2.25,1.75
2016.04.06 13:57:56.615,0.7243,0.72448,1.00,1.00
2016.04.06 13:57:57.074,0.7243,0.72454,1.50,2.25
2016.04.06 13:57:57.225,0.72428,0.72446,1.00,1.00
2016.04.06 13:57:57.376,0.72423,0.72447,1.75,1.75
2016.04.06 13:57:57.427,0.72423,0.72447,1.75,1.75
2016.04.06 13:57:57.950,0.72425,0.72448,1.00,3.00
2016.04.06 13:57:58.486,0.72422,0.72448,1.75,3.00
2016.04.06 13:57:59.043,0.72425,0.72446,1.12,1.75
2016.04.06 13:57:59.785,0.72425,0.72446,1.00,1.75
2016.04.06 13:58:00.419,0.72423,0.7244,1.00,1.00
2016.04.06 13:58:00.529,0.72425,0.7244,1.00,1.00
2016.04.06 13:58:01.644,0.72424,0.72447,1.50,1.75
2016.04.06 13:58:01.947,0.72427,0.72445,1.00,1.00
2016.04.06 13:58:02.098,0.72425,0.72448,1.75,1.75
2016.04.06 13:58:02.651,0.72422,0.72446,1.75,1.75
2016.04.06 13:58:04.266,0.72421,0.72443,1.35,1.50
2016.04.06 13:58:08.178,0.72419,0.72444,1.75,1.75
2016.04.06 13:58:08.279,0.72419,0.72444,1.75,1.75
2016.04.06 13:58:09.139,0.72422,0.7244,1.00,1.00
2016.04.06 13:58:09.681,0.7242,0.72443,1.75,1.75
2016.04.06 13:58:11.545,0.72419,0.72442,1.75,1.75
2016.04.06 13:58:12.373,0.7242,0.7244,2.25,1.00
2016.04.06 13:58:13.032,0.7242,0.72442,1.75,1.50
2016.04.06 13:58:14.594,0.72423,0.72447,1.75,1.75
2016.04.06 13:58:15.047,0.72421,0.72445,1.75,1.75
2016.04.06 13:58:15.818,0.72421,0.72445,1.75,1.75
2016.04.06 13:58:16.880,0.7242,0.72441,1.75,1.00
2016.04.06 13:58:21.259,0.7242,0.72442,1.75,1.12
2016.04.06 13:58:22.567,0.7242,0.72442,1.75,1.37
2016.04.06 13:58:23.113,0.7242,0.72442,1.75,1.37
2016.04.06 13:58:26.772,0.72424,0.72442,1.00,1.50
2016.04.06 13:58:27.672,0.72417,0.72441,1.75,1.50
2016.04.06 13:58:27.722,0.72417,0.72441,1.75,1.75
2016.04.06 13:58:28.300,0.72416,0.72438,1.75,1.00
2016.04.06 13:58:28.635,0.72415,0.72439,2.25,1.75
2016.04.06 13:58:29.095,0.72417,0.72436,1.00,1.37
2016.04.06 13:58:30.564,0.72415,0.7244,1.75,1.75
2016.04.06 13:58:31.204,0.72416,0.72439,1.75,1.75
2016.04.06 13:58:31.514,0.72416,0.72439,1.75,1.75
2016.04.06 13:58:32.057,0.72415,0.72437,1.75,1.12
2016.04.06 13:58:32.703,0.7242,0.7244,1.00,1.75
2016.04.06 13:58:33.284,0.72419,0.7244,1.00,1.75
2016.04.06 13:58:33.963,0.72418,0.72436,1.00,1.00
2016.04.06 13:58:34.516,0.72415,0.72436,1.75,1.50
2016.04.06 13:58:35.581,0.7241,0.72434,3.75,1.50
2016.04.06 13:58:37.594,0.72413,0.72433,2.25,1.00
2016.04.06 13:58:37.965,0.72413,0.72436,3.00,1.50
2016.04.06 13:58:38.518,0.72415,0.72437,1.75,1.75
2016.04.06 13:58:38.619,0.72415,0.72437,1.75,1.50
2016.04.06 13:58:39.254,0.72415,0.72439,2.25,1.75
2016.04.06 13:58:39.969,0.72415,0.72435,1.75,1.00
2016.04.06 13:58:40.523,0.72412,0.72435,2.25,1.37
2016.04.06 13:58:40.925,0.7241,0.72434,3.00,1.37
2016.04.06 13:58:47.358,0.7241,0.72434,6.75,1.37
2016.04.06 13:58:48.009,0.72411,0.72431,2.25,1.00
2016.04.06 13:58:48.060,0.72409,0.72431,1.75,1.00
2016.04.06 13:58:48.362,0.72409,0.72432,1.75,1.75
2016.04.06 13:58:50.282,0.72407,0.7243,3.00,1.50
2016.04.06 13:58:50.333,0.72407,0.7243,1.75,1.75
2016.04.06 13:58:52.528,0.72411,0.72429,1.00,1.00
2016.04.06 13:58:52.579,0.7241,0.72433,1.75,1.75
2016.04.06 13:58:52.629,0.7241,0.72433,1.75,1.75
2016.04.06 13:58:53.739,0.7241,0.72433,1.75,1.50
2016.04.06 13:58:58.584,0.7241,0.72434,3.75,1.37
2016.04.06 13:58:58.836,0.72411,0.72434,3.75,1.00
2016.04.06 13:58:59.068,0.7241,0.72432,3.00,1.00
2016.04.06 13:58:59.604,0.7241,0.72432,6.00,1.00
2016.04.06 13:59:00.483,0.72411,0.72434,3.75,1.37
2016.04.06 13:59:00.534,0.7241,0.72434,2.25,1.75
2016.04.06 13:59:03.457,0.7241,0.72433,2.25,1.50
2016.04.06 13:59:03.770,0.7241,0.72433,2.25,1.50
2016.04.06 13:59:04.565,0.72415,0.72431,1.00,1.12
2016.04.06 13:59:04.759,0.7241,0.72431,1.50,1.37
2016.04.06 13:59:04.810,0.72407,0.72431,1.75,1.75
2016.04.06 13:59:04.976,0.72407,0.72431,1.75,1.75
2016.04.06 13:59:05.027,0.72407,0.72431,1.75,1.75
2016.04.06 13:59:06.099,0.72406,0.7243,2.10,1.00
2016.04.06 13:59:06.200,0.72406,0.72428,1.35,1.12
2016.04.06 13:59:06.540,0.72405,0.72428,1.75,1.75
2016.04.06 13:59:07.795,0.72404,0.72426,2.10,1.37
2016.04.06 13:59:08.379,0.72404,0.72427,2.10,1.75
2016.04.06 13:59:10.655,0.72407,0.72425,1.00,1.00
2016.04.06 13:59:13.665,0.72407,0.72427,1.00,1.75
2016.04.06 13:59:14.207,0.72405,0.72427,1.75,1.75
2016.04.06 13:59:18.695,0.72405,0.72427,1.75,1.75
2016.04.06 13:59:18.947,0.72405,0.72429,1.75,2.10
2016.04.06 13:59:19.199,0.724,0.72424,3.00,1.37
2016.04.06 13:59:19.300,0.72405,0.72424,1.00,1.75
2016.04.06 13:59:20.063,0.724,0.72422,1.75,1.75
2016.04.06 13:59:20.220,0.72399,0.72422,1.75,1.75
2016.04.06 13:59:20.727,0.72399,0.72422,1.75,1.75
2016.04.06 13:59:21.179,0.724,0.72422,1.00,1.75
2016.04.06 13:59:21.280,0.72399,0.72418,1.75,1.00
2016.04.06 13:59:21.593,0.724,0.72422,1.75,1.75
2016.04.06 13:59:21.731,0.72401,0.72419,1.00,1.00
2016.04.06 13:59:24.789,0.72398,0.72422,1.75,1.75
2016.04.06 13:59:25.340,0.724,0.72422,1.75,1.50
2016.04.06 13:59:26.234,0.72398,0.72422,1.75,1.75
2016.04.06 13:59:28.692,0.724,0.7242,1.75,1.00
2016.04.06 13:59:29.828,0.724,0.72424,1.75,1.75
2016.04.06 13:59:30.347,0.724,0.72423,1.75,1.75
2016.04.06 13:59:32.119,0.724,0.72421,1.75,1.75
2016.04.06 13:59:38.377,0.72401,0.7242,1.35,1.37
2016.04.06 13:59:38.623,0.72404,0.72424,1.35,1.00
2016.04.06 13:59:39.119,0.72404,0.72427,1.35,1.75
2016.04.06 13:59:39.220,0.72407,0.72425,1.00,1.00
2016.04.06 13:59:39.320,0.72404,0.72427,1.35,1.75
2016.04.06 13:59:39.889,0.72404,0.72427,1.67,1.75
2016.04.06 13:59:40.327,0.72404,0.72423,1.67,1.75
2016.04.06 13:59:40.886,0.72403,0.72423,1.35,1.50
2016.04.06 13:59:41.399,0.72404,0.72425,1.30,1.75
2016.04.06 13:59:41.917,0.72399,0.72425,1.75,3.75
2016.04.06 13:59:42.220,0.72398,0.72416,1.00,1.00
2016.04.06 13:59:43.168,0.72396,0.72417,1.35,1.75
2016.04.06 13:59:43.564,0.72395,0.72415,1.35,1.00
2016.04.06 13:59:43.665,0.72396,0.72418,1.30,1.75
2016.04.06 13:59:45.742,0.72396,0.72419,1.72,1.75
2016.04.06 13:59:46.086,0.724,0.72421,1.67,1.75
2016.04.06 13:59:47.346,0.72402,0.72424,1.37,3.75
2016.04.06 13:59:47.396,0.72405,0.72425,1.75,1.87
2016.04.06 13:59:47.550,0.72406,0.72425,1.00,1.37
2016.04.06 13:59:47.883,0.72401,0.72425,1.75,1.75
2016.04.06 13:59:48.235,0.724,0.72425,1.35,1.75
2016.04.06 13:59:48.286,0.724,0.72425,1.35,1.50
2016.04.06 13:59:48.529,0.724,0.72422,1.35,1.12
2016.04.06 13:59:48.836,0.724,0.72421,1.35,1.75
2016.04.06 13:59:49.138,0.72403,0.72426,1.75,1.75
2016.04.06 13:59:49.289,0.72406,0.72424,1.00,1.00
2016.04.06 13:59:49.837,0.72401,0.72427,2.10,1.75
2016.04.06 13:59:50.549,0.72406,0.72425,1.00,2.25
2016.04.06 13:59:51.174,0.72405,0.72425,1.75,1.75
2016.04.06 13:59:51.709,0.72405,0.72425,1.50,1.75
2016.04.06 13:59:52.317,0.7241,0.7243,1.12,2.25
2016.04.06 13:59:53.496,0.72409,0.72431,1.75,2.25
2016.04.06 13:59:53.806,0.7241,0.72428,1.50,1.00
2016.04.06 13:59:54.158,0.7241,0.72431,1.00,2.25
2016.04.06 13:59:54.584,0.72408,0.72425,1.30,1.37
2016.04.06 13:59:54.836,0.72408,0.7243,1.67,2.25
2016.04.06 13:59:54.886,0.72408,0.7243,1.67,2.25
2016.04.06 13:59:55.198,0.72406,0.7243,2.85,1.00
2016.04.06 13:59:55.531,0.72408,0.72429,2.10,1.00
2016.04.06 13:59:55.582,0.7241,0.72433,1.60,1.50
2016.04.06 13:59:55.733,0.7241,0.72434,1.60,1.00
2016.04.06 13:59:56.786,0.72411,0.72435,1.60,1.50
2016.04.06 13:59:57.138,0.7241,0.72433,1.60,1.00
2016.04.06 13:59:57.240,0.72413,0.72435,1.00,1.00
2016.04.06 13:59:57.508,0.72411,0.72435,1.00,1.50
2016.04.06 13:59:57.660,0.72413,0.72435,1.00,1.00
2016.04.06 13:59:58.883,0.72411,0.72435,1.00,1.50
2016.04.06 13:59:59.968,0.72413,0.72435,1.00,1.00
