2016.04.25 18:00:01.762,0.75192,0.75216,1.00,2.25
2016.04.25 18:00:01.813,0.75192,0.75218,1.12,3.00
2016.04.25 18:00:01.863,0.75193,0.75218,1.37,3.00
2016.04.25 18:00:01.914,0.75195,0.75218,1.12,1.75
2016.04.25 18:00:02.322,0.75192,0.75218,1.50,1.75
2016.04.25 18:00:02.976,0.75191,0.75218,1.75,1.75
2016.04.25 18:00:03.027,0.75194,0.75214,1.00,1.00
2016.04.25 18:00:03.078,0.7519,0.75216,1.75,1.75
2016.04.25 18:00:03.401,0.75188,0.75211,1.75,1.75
2016.04.25 18:00:04.488,0.75189,0.75213,1.75,1.50
2016.04.25 18:00:04.589,0.75189,0.75215,1.75,2.25
2016.04.25 18:00:04.905,0.7519,0.75215,1.75,2.25
2016.04.25 18:00:13.005,0.75191,0.75218,1.75,1.75
2016.04.25 18:00:14.634,0.75193,0.75218,1.75,1.75
2016.04.25 18:00:28.060,0.75191,0.75217,1.75,1.75
2016.04.25 18:00:28.161,0.7519,0.75217,2.25,1.75
2016.04.25 18:00:28.650,0.75193,0.7522,1.75,2.25
2016.04.25 18:00:29.464,0.75192,0.75219,1.50,1.75
2016.04.25 18:00:30.682,0.75195,0.7522,1.37,1.75
2016.04.25 18:00:31.007,0.75197,0.75222,1.50,1.75
2016.04.25 18:00:37.791,0.75195,0.75221,1.50,1.75
2016.04.25 18:00:37.892,0.75194,0.75214,1.00,1.00
2016.04.25 18:00:38.403,0.75193,0.75214,1.50,1.00
2016.04.25 18:00:41.695,0.75193,0.75221,2.25,3.00
2016.04.25 18:00:41.904,0.75197,0.75217,1.00,1.00
2016.04.25 18:00:43.719,0.75195,0.75222,1.75,1.75
2016.04.25 18:00:44.111,0.75195,0.75219,1.75,1.75
2016.04.25 18:00:46.598,0.75195,0.75222,2.25,2.25
2016.04.25 18:00:46.699,0.75195,0.75222,2.25,1.75
2016.04.25 18:00:50.235,0.752,0.75225,1.00,3.00
2016.04.25 18:00:50.386,0.75199,0.75225,2.25,1.75
2016.04.25 18:00:55.139,0.75199,0.75224,1.75,1.75
2016.04.25 18:00:55.290,0.752,0.7522,1.00,1.00
2016.04.25 18:00:57.714,0.75199,0.75224,1.75,1.75
2016.04.25 18:00:57.786,0.75199,0.75224,1.75,1.75
2016.04.25 18:01:11.320,0.75205,0.75227,1.00,1.75
2016.04.25 18:01:16.221,0.75205,0.75228,1.00,2.25
2016.04.25 18:01:16.867,0.75199,0.75226,2.25,1.75
2016.04.25 18:01:18.230,0.75205,0.75228,1.00,2.25
2016.04.25 18:01:18.483,0.75208,0.7523,1.75,1.12
2016.04.25 18:01:24.173,0.75208,0.75234,1.75,1.75
2016.04.25 18:01:24.481,0.75206,0.7523,1.75,1.75
2016.04.25 18:01:27.544,0.75208,0.75235,1.37,3.00
2016.04.25 18:01:27.595,0.75208,0.75235,1.50,1.75
2016.04.25 18:01:30.252,0.75207,0.75235,1.75,2.25
2016.04.25 18:01:31.010,0.75211,0.75232,1.00,1.00
2016.04.25 18:01:32.481,0.75213,0.75239,1.12,3.00
2016.04.25 18:01:32.532,0.75213,0.75239,1.12,1.75
2016.04.25 18:01:32.583,0.75215,0.75235,1.37,1.00
2016.04.25 18:01:32.910,0.75215,0.75241,2.25,1.75
2016.04.25 18:01:40.879,0.7522,0.75243,1.00,1.75
2016.04.25 18:01:41.231,0.7522,0.75243,1.00,1.75
2016.04.25 18:01:44.727,0.75218,0.75242,1.50,1.75
2016.04.25 18:01:44.918,0.75215,0.75242,2.25,1.75
2016.04.25 18:01:52.061,0.7522,0.75242,1.00,1.75
2016.04.25 18:01:52.607,0.7522,0.75239,1.00,1.00
2016.04.25 18:01:53.862,0.7522,0.7524,1.50,1.00
2016.04.25 18:01:57.338,0.75225,0.7524,1.00,1.00
2016.04.25 18:01:57.984,0.75225,0.75247,1.00,1.75
2016.04.25 18:01:58.122,0.75222,0.75245,1.50,1.75
2016.04.25 18:01:58.638,0.75219,0.75242,1.87,1.75
2016.04.25 18:01:58.809,0.75222,0.75243,1.00,1.75
2016.04.25 18:01:59.125,0.75224,0.75244,1.00,1.75
2016.04.25 18:01:59.459,0.75226,0.75245,1.00,1.75
2016.04.25 18:01:59.510,0.75226,0.75245,1.37,1.50
2016.04.25 18:02:00.027,0.75226,0.75252,1.50,3.00
2016.04.25 18:02:01.839,0.75225,0.75251,1.75,1.75
2016.04.25 18:02:02.413,0.75225,0.75251,1.75,1.75
2016.04.25 18:02:06.242,0.75225,0.75248,1.37,1.37
2016.04.25 18:02:06.293,0.75225,0.75249,1.00,1.75
2016.04.25 18:02:06.494,0.7523,0.7525,1.00,3.00
2016.04.25 18:02:06.545,0.7523,0.75244,1.00,1.00
2016.04.25 18:02:08.258,0.75223,0.7525,2.25,2.25
2016.04.25 18:02:08.978,0.75225,0.75243,1.00,1.00
2016.04.25 18:02:09.478,0.75223,0.75243,1.50,1.00
2016.04.25 18:02:10.207,0.75225,0.75243,1.00,1.00
2016.04.25 18:02:10.445,0.75223,0.75243,1.00,1.00
2016.04.25 18:02:11.258,0.7522,0.75246,2.25,2.25
2016.04.25 18:02:11.560,0.7522,0.75243,1.37,1.75
2016.04.25 18:02:11.661,0.75219,0.75242,1.00,1.75
2016.04.25 18:02:12.187,0.75217,0.75242,1.75,1.75
2016.04.25 18:02:12.729,0.7522,0.75242,1.00,1.75
2016.04.25 18:02:14.388,0.75218,0.75243,1.50,2.25
2016.04.25 18:02:15.048,0.7522,0.75243,1.00,2.25
2016.04.25 18:02:16.918,0.75218,0.75243,1.50,2.25
2016.04.25 18:02:17.094,0.75214,0.75241,3.00,2.25
2016.04.25 18:02:17.195,0.75215,0.75236,1.00,1.00
2016.04.25 18:02:19.448,0.7522,0.75236,1.00,1.00
2016.04.25 18:02:20.147,0.75215,0.75236,1.50,1.00
2016.04.25 18:02:25.393,0.7522,0.75236,1.00,1.00
2016.04.25 18:02:25.728,0.75215,0.75236,3.00,1.00
2016.04.25 18:02:27.046,0.75216,0.75236,1.00,1.00
2016.04.25 18:02:27.197,0.7522,0.75236,1.00,1.00
2016.04.25 18:02:27.298,0.7522,0.75243,1.00,1.75
2016.04.25 18:02:27.399,0.7522,0.75243,1.37,1.75
2016.04.25 18:02:27.450,0.7522,0.75244,1.75,1.75
2016.04.25 18:02:27.522,0.7522,0.75244,1.37,3.75
2016.04.25 18:02:27.623,0.7522,0.75241,1.00,1.75
2016.04.25 18:02:27.674,0.75217,0.75241,1.12,1.75
2016.04.25 18:02:27.776,0.75215,0.75241,1.12,3.75
2016.04.25 18:02:32.396,0.75215,0.75238,2.25,1.50
2016.04.25 18:02:33.047,0.75215,0.75239,1.37,1.75
2016.04.25 18:02:33.818,0.75215,0.75239,1.12,1.75
2016.04.25 18:02:35.020,0.75215,0.7524,1.50,1.75
2016.04.25 18:02:37.724,0.75215,0.7524,2.25,1.75
2016.04.25 18:02:38.320,0.75215,0.7524,1.50,2.25
2016.04.25 18:02:39.382,0.75217,0.7524,1.00,1.75
2016.04.25 18:02:39.533,0.75217,0.75244,1.75,2.25
2016.04.25 18:02:40.735,0.75217,0.75244,2.25,2.25
2016.04.25 18:02:40.836,0.75217,0.75243,1.50,1.75
2016.04.25 18:02:41.217,0.75215,0.7524,2.25,1.75
2016.04.25 18:02:41.537,0.75211,0.75235,1.75,1.75
2016.04.25 18:02:43.449,0.7521,0.75235,2.25,1.75
2016.04.25 18:02:43.550,0.7521,0.75235,2.25,1.75
2016.04.25 18:02:44.029,0.75208,0.75234,1.87,3.00
2016.04.25 18:02:44.281,0.7521,0.75234,1.00,2.25
2016.04.25 18:02:44.331,0.7521,0.75236,1.12,2.25
2016.04.25 18:02:44.645,0.7521,0.75236,1.75,1.75
2016.04.25 18:02:46.177,0.75215,0.75238,1.00,2.25
2016.04.25 18:02:46.415,0.75215,0.75238,1.00,1.75
2016.04.25 18:02:50.136,0.75214,0.75238,1.12,2.25
2016.04.25 18:02:51.560,0.75215,0.75238,1.00,1.75
2016.04.25 18:02:55.864,0.75212,0.75238,1.75,1.75
2016.04.25 18:03:01.424,0.7521,0.75234,1.50,1.75
2016.04.25 18:03:01.475,0.75207,0.75234,1.75,2.25
2016.04.25 18:03:01.576,0.75205,0.75231,2.25,2.25
2016.04.25 18:03:01.676,0.75205,0.75231,2.25,1.75
2016.04.25 18:03:02.294,0.75205,0.75232,3.00,1.75
2016.04.25 18:03:02.697,0.7521,0.75231,1.50,1.00
2016.04.25 18:03:06.739,0.75206,0.75233,2.25,1.75
2016.04.25 18:03:06.789,0.75206,0.75232,2.25,1.75
2016.04.25 18:03:07.365,0.75206,0.7523,1.12,1.75
2016.04.25 18:03:09.928,0.7521,0.75229,1.00,1.75
2016.04.25 18:03:10.435,0.7521,0.75233,1.00,2.25
2016.04.25 18:03:13.226,0.75206,0.75233,1.12,2.25
2016.04.25 18:03:14.135,0.75206,0.75233,1.12,4.50
2016.04.25 18:03:14.804,0.75204,0.75231,2.25,1.75
2016.04.25 18:03:20.224,0.75205,0.7523,1.75,2.25
2016.04.25 18:03:20.287,0.75205,0.7523,1.75,2.25
2016.04.25 18:03:25.434,0.75205,0.75229,1.75,1.75
2016.04.25 18:03:25.535,0.75205,0.75229,1.37,1.75
2016.04.25 18:03:26.358,0.752,0.75227,3.00,1.75
2016.04.25 18:03:42.269,0.75205,0.75225,1.00,1.00
2016.04.25 18:03:56.134,0.7521,0.75225,1.00,1.00
2016.04.25 18:03:56.335,0.75205,0.75225,1.50,1.00
2016.04.25 18:03:57.778,0.75205,0.75227,1.50,1.75
2016.04.25 18:03:58.971,0.75205,0.75227,1.50,1.75
2016.04.25 18:03:59.123,0.752,0.75227,2.25,1.75
2016.04.25 18:03:59.576,0.75204,0.75225,1.00,1.37
2016.04.25 18:03:59.881,0.752,0.75225,1.75,1.50
2016.04.25 18:04:00.408,0.752,0.75225,1.75,1.75
2016.04.25 18:04:00.510,0.75205,0.75225,1.00,1.50
2016.04.25 18:04:16.198,0.75204,0.75229,1.75,2.25
2016.04.25 18:04:16.807,0.752,0.75227,2.25,2.25
2016.04.25 18:04:16.858,0.75203,0.75223,1.00,1.00
2016.04.25 18:04:26.857,0.75197,0.75223,1.75,1.75
2016.04.25 18:04:27.231,0.75195,0.7522,1.75,1.75
2016.04.25 18:04:34.727,0.75195,0.75219,2.25,1.50
2016.04.25 18:04:35.426,0.75195,0.75218,1.75,1.50
2016.04.25 18:04:36.243,0.75195,0.75218,2.25,1.00
2016.04.25 18:04:36.657,0.75196,0.75223,1.75,1.75
2016.04.25 18:04:37.164,0.75199,0.75219,1.00,1.00
2016.04.25 18:04:37.774,0.75197,0.75218,1.00,1.00
2016.04.25 18:04:41.766,0.75199,0.7522,1.00,1.50
2016.04.25 18:04:42.274,0.752,0.7522,1.00,1.00
2016.04.25 18:04:43.104,0.75199,0.7522,1.00,1.00
2016.04.25 18:04:43.428,0.75195,0.75222,1.75,2.25
2016.04.25 18:04:48.406,0.75193,0.75219,1.75,1.75
2016.04.25 18:04:48.457,0.75193,0.7522,1.75,3.00
2016.04.25 18:04:49.187,0.7519,0.75217,3.00,1.75
2016.04.25 18:04:52.751,0.75195,0.75216,1.00,1.75
2016.04.25 18:04:52.902,0.75195,0.75216,1.50,1.50
2016.04.25 18:04:56.811,0.75192,0.75217,1.75,1.75
2016.04.25 18:05:04.107,0.75191,0.75216,1.75,1.50
2016.04.25 18:05:04.208,0.75193,0.75216,1.75,1.12
2016.04.25 18:05:09.507,0.75195,0.75218,1.37,1.75
2016.04.25 18:05:09.816,0.75189,0.75214,1.50,2.25
2016.04.25 18:05:16.707,0.75191,0.75215,1.00,1.75
2016.04.25 18:05:16.757,0.75191,0.75215,1.75,1.12
2016.04.25 18:05:17.542,0.75194,0.75217,1.50,1.75
2016.04.25 18:05:18.834,0.75195,0.75217,1.75,1.75
2016.04.25 18:05:22.906,0.752,0.7522,1.00,1.75
2016.04.25 18:05:22.956,0.752,0.75218,1.00,1.00
2016.04.25 18:05:23.058,0.752,0.75222,1.50,1.75
2016.04.25 18:05:24.556,0.75205,0.75224,1.00,1.00
2016.04.25 18:05:24.858,0.75203,0.75223,1.00,1.00
2016.04.25 18:05:24.959,0.752,0.75225,1.75,2.25
2016.04.25 18:05:25.161,0.752,0.75225,2.25,1.75
2016.04.25 18:05:25.362,0.752,0.75224,1.75,1.75
2016.04.25 18:05:25.463,0.752,0.75224,1.75,1.75
2016.04.25 18:05:25.564,0.752,0.75224,1.75,1.12
2016.04.25 18:05:27.205,0.752,0.75223,1.75,1.00
2016.04.25 18:05:27.256,0.752,0.75223,1.75,1.12
2016.04.25 18:05:27.975,0.752,0.75225,1.75,1.75
2016.04.25 18:05:31.670,0.75206,0.75226,1.00,1.00
2016.04.25 18:05:31.784,0.75204,0.7523,1.75,1.75
2016.04.25 18:05:35.566,0.7521,0.75228,1.12,1.00
2016.04.25 18:05:35.894,0.7521,0.75234,1.75,1.75
2016.04.25 18:05:36.297,0.7521,0.75233,1.12,1.75
2016.04.25 18:05:39.192,0.75205,0.75231,1.75,2.25
2016.04.25 18:05:40.725,0.75205,0.75225,1.50,1.00
2016.04.25 18:05:41.282,0.752,0.75228,2.25,1.75
2016.04.25 18:05:43.081,0.752,0.75225,1.50,1.75
2016.04.25 18:05:43.131,0.752,0.7522,1.50,1.00
2016.04.25 18:05:43.612,0.75201,0.75222,1.00,1.00
2016.04.25 18:05:43.714,0.752,0.75226,2.25,1.75
2016.04.25 18:05:44.591,0.752,0.75225,1.75,2.25
2016.04.25 18:05:45.527,0.752,0.75225,1.75,1.75
2016.04.25 18:05:46.519,0.752,0.75226,2.25,1.75
2016.04.25 18:05:47.939,0.75199,0.75224,1.50,1.75
2016.04.25 18:05:47.990,0.75199,0.75224,1.50,1.75
2016.04.25 18:05:49.926,0.75195,0.75221,1.75,1.75
2016.04.25 18:05:50.080,0.75195,0.7522,1.50,1.75
2016.04.25 18:05:50.589,0.75195,0.75219,1.75,1.75
2016.04.25 18:05:51.330,0.75195,0.75217,1.37,1.75
2016.04.25 18:05:51.788,0.75195,0.75218,1.00,1.75
2016.04.25 18:05:57.501,0.75195,0.7522,1.12,2.25
2016.04.25 18:05:57.552,0.75195,0.75216,1.50,1.00
2016.04.25 18:05:57.894,0.75195,0.7522,1.50,1.75
2016.04.25 18:05:58.096,0.752,0.75222,1.12,1.75
2016.04.25 18:05:58.729,0.752,0.75222,1.12,2.25
2016.04.25 18:06:00.014,0.752,0.75222,1.75,2.25
2016.04.25 18:06:00.371,0.752,0.75226,2.25,1.50
2016.04.25 18:06:00.924,0.752,0.75225,1.75,3.00
2016.04.25 18:06:01.317,0.752,0.75221,1.50,1.00
2016.04.25 18:06:06.144,0.75202,0.75222,1.00,1.00
2016.04.25 18:06:06.547,0.752,0.75226,1.37,2.25
2016.04.25 18:06:06.748,0.75199,0.75219,1.50,1.00
2016.04.25 18:06:07.050,0.75195,0.75219,1.75,1.75
2016.04.25 18:06:07.253,0.75196,0.75224,1.75,1.75
2016.04.25 18:06:07.562,0.75196,0.75224,1.75,1.75
2016.04.25 18:06:08.157,0.75197,0.75224,2.25,1.75
2016.04.25 18:06:08.258,0.75202,0.75223,1.00,1.00
2016.04.25 18:06:08.459,0.752,0.75226,1.75,1.50
2016.04.25 18:06:08.826,0.752,0.75225,1.75,1.75
2016.04.25 18:06:09.337,0.75201,0.75228,1.75,1.75
2016.04.25 18:06:12.521,0.75203,0.75224,1.00,1.37
2016.04.25 18:06:12.873,0.75202,0.75226,1.75,1.75
2016.04.25 18:06:12.924,0.75202,0.75226,1.75,1.75
2016.04.25 18:06:13.586,0.75202,0.75226,1.75,1.50
2016.04.25 18:06:15.948,0.752,0.75226,1.75,1.75
2016.04.25 18:06:16.049,0.75196,0.75223,1.75,1.75
2016.04.25 18:06:16.468,0.75195,0.75219,1.75,1.75
2016.04.25 18:06:17.238,0.75195,0.75221,1.75,2.25
2016.04.25 18:06:17.854,0.75195,0.7522,1.50,1.75
2016.04.25 18:06:23.867,0.75195,0.75214,1.00,1.00
2016.04.25 18:06:24.376,0.75192,0.75219,1.75,1.75
2016.04.25 18:06:24.879,0.75192,0.75219,1.75,1.75
2016.04.25 18:06:28.586,0.75192,0.75218,1.50,1.75
2016.04.25 18:06:32.504,0.75189,0.75214,1.75,1.75
2016.04.25 18:06:32.605,0.75189,0.75214,1.75,1.75
2016.04.25 18:06:36.025,0.75189,0.75215,1.75,2.25
2016.04.25 18:06:37.611,0.75188,0.75215,2.25,2.25
2016.04.25 18:06:56.244,0.75188,0.75215,1.75,2.25
2016.04.25 18:06:59.220,0.75186,0.75213,1.75,1.75
2016.04.25 18:07:00.919,0.7519,0.75213,1.75,1.75
2016.04.25 18:07:05.889,0.75187,0.75213,1.75,1.75
2016.04.25 18:07:05.940,0.75187,0.75213,1.75,1.75
2016.04.25 18:07:10.025,0.75191,0.75212,1.00,1.00
2016.04.25 18:07:10.628,0.75191,0.75211,1.00,1.00
2016.04.25 18:07:11.131,0.75191,0.75212,1.00,1.50
2016.04.25 18:07:11.366,0.7519,0.75216,1.75,2.25
2016.04.25 18:07:11.769,0.75195,0.75218,1.12,1.75
2016.04.25 18:07:11.890,0.75195,0.75218,1.50,1.75
2016.04.25 18:07:14.262,0.75191,0.75218,1.75,1.75
2016.04.25 18:07:14.796,0.75191,0.75218,1.75,1.75
2016.04.25 18:07:16.965,0.75191,0.75218,2.25,1.75
2016.04.25 18:07:17.649,0.75191,0.75218,2.25,1.75
2016.04.25 18:07:19.686,0.75195,0.75219,1.75,1.75
2016.04.25 18:07:29.774,0.75196,0.7522,1.00,1.75
2016.04.25 18:07:43.505,0.75191,0.75217,1.75,1.50
2016.04.25 18:07:51.623,0.7519,0.75216,1.75,1.75
2016.04.25 18:07:51.674,0.75192,0.75212,1.00,1.00
2016.04.25 18:07:52.219,0.75186,0.75213,1.75,1.75
2016.04.25 18:07:52.270,0.7519,0.7521,1.00,1.00
2016.04.25 18:07:52.753,0.75185,0.75212,2.25,1.75
2016.04.25 18:07:57.244,0.75186,0.75213,2.25,1.75
2016.04.25 18:07:58.743,0.75188,0.75208,1.00,1.00
2016.04.25 18:07:59.155,0.75187,0.75213,1.75,1.75
2016.04.25 18:08:02.254,0.75188,0.75213,1.75,1.75
2016.04.25 18:08:10.068,0.75189,0.75209,1.00,1.00
2016.04.25 18:08:21.991,0.75187,0.75215,1.75,2.25
2016.04.25 18:08:24.245,0.75195,0.75215,1.00,1.75
2016.04.25 18:08:24.522,0.75193,0.7522,1.75,3.00
2016.04.25 18:08:24.673,0.75193,0.75219,1.75,1.75
2016.04.25 18:08:24.724,0.75193,0.75219,1.75,1.75
2016.04.25 18:08:25.362,0.75193,0.75219,1.75,1.75
2016.04.25 18:08:25.906,0.75193,0.75218,1.75,1.75
2016.04.25 18:08:27.776,0.75192,0.75215,1.75,1.37
2016.04.25 18:08:28.279,0.7519,0.75214,2.25,1.75
2016.04.25 18:08:31.002,0.75195,0.75215,1.50,1.00
2016.04.25 18:08:31.103,0.75195,0.75215,1.75,1.00
2016.04.25 18:08:31.154,0.75195,0.75221,1.75,1.75
2016.04.25 18:08:31.205,0.75195,0.75221,3.00,1.50
2016.04.25 18:08:33.034,0.75194,0.7522,2.25,1.50
2016.04.25 18:08:33.084,0.75194,0.75219,1.75,1.37
2016.04.25 18:08:33.487,0.75191,0.75216,1.75,1.37
2016.04.25 18:08:33.538,0.75191,0.75216,1.75,1.75
2016.04.25 18:08:34.042,0.7519,0.75213,1.75,1.00
2016.04.25 18:08:34.497,0.75191,0.75216,1.75,1.50
2016.04.25 18:08:34.649,0.7519,0.75216,1.75,1.75
2016.04.25 18:08:35.223,0.75191,0.75216,1.75,1.12
2016.04.25 18:08:36.840,0.75191,0.75215,1.75,1.00
2016.04.25 18:08:37.895,0.75191,0.75215,1.75,1.37
2016.04.25 18:08:38.412,0.75191,0.75215,1.75,1.50
2016.04.25 18:08:40.753,0.75193,0.75219,1.75,1.75
2016.04.25 18:08:43.004,0.7519,0.75214,2.25,1.00
2016.04.25 18:08:43.155,0.75192,0.75213,1.00,1.00
2016.04.25 18:08:55.951,0.75191,0.75215,1.75,1.12
2016.04.25 18:09:04.395,0.75195,0.75218,1.00,2.25
2016.04.25 18:09:04.446,0.7519,0.75213,1.75,1.50
2016.04.25 18:09:09.965,0.7519,0.75217,2.25,1.75
2016.04.25 18:09:10.066,0.7519,0.75219,3.00,2.25
2016.04.25 18:09:11.200,0.7519,0.75216,1.75,1.75
2016.04.25 18:09:31.142,0.75195,0.75215,1.00,1.00
2016.04.25 18:09:46.582,0.75195,0.75218,1.75,1.50
2016.04.25 18:09:46.897,0.752,0.75224,1.75,1.75
2016.04.25 18:09:47.851,0.75196,0.75223,1.75,1.75
2016.04.25 18:09:47.902,0.75196,0.75221,1.75,1.75
2016.04.25 18:09:54.557,0.752,0.7522,1.37,1.00
2016.04.25 18:09:59.176,0.752,0.75223,1.12,1.75
2016.04.25 18:09:59.567,0.752,0.75222,1.75,1.75
2016.04.25 18:10:07.771,0.752,0.75226,1.75,1.75
2016.04.25 18:10:08.465,0.752,0.75225,1.75,1.75
2016.04.25 18:10:17.223,0.752,0.75221,1.00,1.00
2016.04.25 18:10:17.336,0.75197,0.75224,1.75,2.25
2016.04.25 18:10:17.684,0.75195,0.7522,1.75,1.75
2016.04.25 18:10:20.406,0.75195,0.75223,1.75,1.75
2016.04.25 18:10:20.457,0.75199,0.75219,1.00,1.00
2016.04.25 18:10:25.915,0.75195,0.7522,1.75,1.75
2016.04.25 18:10:26.067,0.75195,0.75216,1.50,1.75
2016.04.25 18:10:38.478,0.75195,0.75221,2.25,1.75
2016.04.25 18:10:38.529,0.75195,0.75221,2.25,1.75
2016.04.25 18:10:38.764,0.75196,0.75221,1.75,1.50
2016.04.25 18:10:40.696,0.75197,0.75224,1.75,1.75
2016.04.25 18:10:40.797,0.75197,0.75224,1.75,1.75
2016.04.25 18:10:46.419,0.75198,0.75222,1.75,1.75
2016.04.25 18:10:46.470,0.75195,0.75222,2.25,1.75
2016.04.25 18:10:48.942,0.75195,0.7522,1.75,2.25
2016.04.25 18:10:49.278,0.75194,0.7522,1.75,1.75
2016.04.25 18:10:51.084,0.75193,0.7522,1.75,2.25
2016.04.25 18:10:51.185,0.75199,0.7522,1.00,1.50
2016.04.25 18:10:51.286,0.75195,0.75221,2.25,1.75
2016.04.25 18:10:52.491,0.75196,0.75223,1.75,1.75
2016.04.25 18:10:53.039,0.75196,0.75223,1.75,1.75
2016.04.25 18:10:59.139,0.75193,0.7522,1.75,1.75
2016.04.25 18:10:59.239,0.7519,0.75215,1.75,1.50
2016.04.25 18:10:59.290,0.7519,0.75215,1.75,1.75
2016.04.25 18:11:04.914,0.75192,0.75219,2.25,1.75
2016.04.25 18:11:05.015,0.75197,0.75221,1.00,1.75
2016.04.25 18:11:05.085,0.75195,0.75221,1.75,1.75
2016.04.25 18:11:05.136,0.75195,0.75221,1.75,1.37
2016.04.25 18:11:05.187,0.75195,0.75221,1.75,1.37
2016.04.25 18:11:11.243,0.75202,0.75226,1.50,1.50
2016.04.25 18:11:11.294,0.75204,0.75226,1.75,1.50
2016.04.25 18:11:11.395,0.75204,0.7523,1.75,1.75
2016.04.25 18:11:36.223,0.75204,0.7523,1.75,1.50
2016.04.25 18:11:38.003,0.75208,0.75235,1.75,1.75
2016.04.25 18:11:38.104,0.75208,0.75235,1.75,1.75
2016.04.25 18:11:40.284,0.75208,0.75235,1.75,3.00
2016.04.25 18:11:40.334,0.75206,0.75232,1.75,1.75
2016.04.25 18:11:40.874,0.75206,0.75232,1.75,1.75
2016.04.25 18:11:41.390,0.75206,0.7523,1.75,1.12
2016.04.25 18:11:48.878,0.75205,0.75229,2.25,1.00
2016.04.25 18:11:49.648,0.75205,0.75231,1.75,1.87
2016.04.25 18:11:53.590,0.75205,0.75231,2.25,1.75
2016.04.25 18:11:53.724,0.75205,0.75231,2.25,1.75
2016.04.25 18:12:08.615,0.75204,0.7523,1.75,1.75
2016.04.25 18:12:08.666,0.75207,0.75228,1.00,1.00
2016.04.25 18:12:08.716,0.75203,0.7523,1.75,1.75
2016.04.25 18:12:08.767,0.75205,0.75226,1.50,1.00
2016.04.25 18:12:08.818,0.75205,0.75227,1.50,1.75
2016.04.25 18:12:09.120,0.75205,0.75229,1.37,1.75
2016.04.25 18:12:09.650,0.75205,0.75231,1.75,1.75
2016.04.25 18:12:12.013,0.75203,0.7523,1.75,2.25
2016.04.25 18:12:12.415,0.752,0.75226,2.25,1.75
2016.04.25 18:12:13.145,0.752,0.75226,1.75,1.75
2016.04.25 18:12:14.621,0.75201,0.75228,2.25,1.75
2016.04.25 18:12:15.052,0.752,0.75227,3.00,1.75
2016.04.25 18:12:26.248,0.752,0.75224,2.25,1.00
2016.04.25 18:12:26.700,0.75202,0.75228,1.75,1.75
2016.04.25 18:12:27.071,0.75201,0.75228,1.75,2.25
2016.04.25 18:12:34.171,0.75199,0.75225,1.75,1.50
2016.04.25 18:12:34.222,0.75202,0.75223,1.00,1.00
2016.04.25 18:12:34.272,0.75197,0.75225,1.75,2.25
2016.04.25 18:12:34.922,0.75196,0.75225,2.25,3.00
2016.04.25 18:12:35.296,0.75198,0.75225,1.75,3.00
2016.04.25 18:12:35.870,0.752,0.75223,1.75,2.25
2016.04.25 18:12:36.022,0.75196,0.75221,1.75,1.75
2016.04.25 18:12:38.316,0.752,0.75223,1.00,2.25
2016.04.25 18:12:39.587,0.75196,0.7522,1.37,1.75
2016.04.25 18:12:41.818,0.75195,0.7522,1.75,1.50
2016.04.25 18:12:42.942,0.752,0.75221,1.00,1.75
2016.04.25 18:12:44.177,0.75194,0.75221,2.25,2.25
2016.04.25 18:12:51.301,0.75194,0.7522,1.75,1.75
2016.04.25 18:12:52.129,0.75194,0.7522,1.75,1.75
2016.04.25 18:12:52.810,0.75194,0.7522,1.75,1.75
2016.04.25 18:12:53.116,0.75194,0.75221,2.25,1.75
2016.04.25 18:12:56.582,0.752,0.75222,1.00,1.75
2016.04.25 18:12:57.241,0.75195,0.7522,1.75,1.75
2016.04.25 18:13:02.179,0.75195,0.7522,1.37,1.75
2016.04.25 18:13:12.577,0.75195,0.7522,1.75,2.25
2016.04.25 18:13:13.775,0.752,0.75222,1.50,1.75
2016.04.25 18:13:14.176,0.752,0.75223,1.75,1.50
2016.04.25 18:13:14.277,0.75201,0.75221,1.00,1.00
2016.04.25 18:13:16.871,0.75199,0.75218,1.00,1.00
2016.04.25 18:13:25.012,0.75199,0.75221,1.75,1.75
2016.04.25 18:13:27.615,0.752,0.75222,1.00,1.75
2016.04.25 18:13:27.924,0.75205,0.75228,1.00,1.75
2016.04.25 18:13:27.975,0.75202,0.75225,1.50,1.75
2016.04.25 18:13:28.026,0.75202,0.75225,1.75,1.50
2016.04.25 18:13:43.130,0.75204,0.7523,1.50,2.25
2016.04.25 18:13:44.382,0.7521,0.7523,1.00,2.25
2016.04.25 18:13:44.483,0.75204,0.7523,1.50,2.25
2016.04.25 18:13:47.921,0.75205,0.75227,1.37,1.00
2016.04.25 18:13:48.885,0.7521,0.7523,1.00,1.75
2016.04.25 18:13:49.756,0.75205,0.7523,1.75,2.25
2016.04.25 18:13:57.060,0.75205,0.75227,1.00,1.75
2016.04.25 18:13:57.384,0.75205,0.75224,1.00,1.00
2016.04.25 18:13:58.039,0.75205,0.75225,1.00,1.00
2016.04.25 18:14:05.652,0.75205,0.75224,1.00,1.00
2016.04.25 18:14:05.702,0.752,0.75224,1.75,1.75
2016.04.25 18:14:06.057,0.75195,0.75221,2.25,1.75
2016.04.25 18:14:11.017,0.75199,0.75224,1.75,1.75
2016.04.25 18:14:12.020,0.75199,0.75227,1.75,2.25
2016.04.25 18:14:13.209,0.75202,0.75228,1.75,1.75
2016.04.25 18:14:16.309,0.752,0.75224,1.75,1.75
2016.04.25 18:14:16.620,0.75195,0.75222,2.25,1.75
2016.04.25 18:14:36.125,0.752,0.75223,1.00,2.25
2016.04.25 18:14:37.265,0.75194,0.75223,3.00,2.25
2016.04.25 18:14:37.417,0.752,0.75221,1.00,1.75
2016.04.25 18:14:37.477,0.752,0.75221,1.75,1.50
2016.04.25 18:14:37.578,0.75202,0.75223,1.00,1.00
2016.04.25 18:14:40.358,0.752,0.75227,1.75,1.75
2016.04.25 18:14:41.128,0.75204,0.75224,1.00,1.00
2016.04.25 18:14:41.630,0.75205,0.75224,1.00,1.00
2016.04.25 18:14:45.749,0.75204,0.75224,1.50,1.00
2016.04.25 18:14:46.052,0.75205,0.7523,1.50,1.75
2016.04.25 18:14:46.753,0.75205,0.75229,1.12,1.75
2016.04.25 18:14:56.391,0.752,0.75226,1.75,1.75
2016.04.25 18:14:56.693,0.75195,0.75221,2.25,1.75
2016.04.25 18:14:59.796,0.75195,0.75221,1.75,1.75
2016.04.25 18:14:59.897,0.75195,0.75219,1.50,1.75
2016.04.25 18:15:00.199,0.7519,0.75214,2.25,1.50
2016.04.25 18:15:00.300,0.7519,0.75217,3.00,1.75
2016.04.25 18:15:00.400,0.75193,0.75213,1.00,1.00
2016.04.25 18:15:04.465,0.75195,0.75213,1.00,1.00
2016.04.25 18:15:04.992,0.75195,0.75217,1.50,1.75
2016.04.25 18:15:05.752,0.75192,0.75217,1.75,1.50
2016.04.25 18:15:06.248,0.7519,0.75216,1.75,1.75
2016.04.25 18:15:09.487,0.75192,0.75218,1.75,1.75
2016.04.25 18:15:10.038,0.75194,0.7522,1.75,1.75
2016.04.25 18:15:13.825,0.752,0.75218,1.00,1.75
2016.04.25 18:15:15.768,0.75195,0.7522,2.25,1.75
2016.04.25 18:15:15.878,0.752,0.75222,1.00,2.25
2016.04.25 18:15:16.494,0.752,0.7522,1.00,1.75
2016.04.25 18:15:17.307,0.75195,0.7522,1.75,2.25
2016.04.25 18:15:17.815,0.752,0.7522,1.00,1.75
2016.04.25 18:15:18.350,0.75193,0.7522,1.75,1.75
2016.04.25 18:15:18.652,0.75192,0.75218,1.75,1.75
2016.04.25 18:15:35.736,0.75192,0.75219,1.75,1.75
2016.04.25 18:15:36.285,0.7519,0.75219,2.25,2.25
2016.04.25 18:15:50.787,0.75191,0.75212,1.00,1.00
2016.04.25 18:15:51.397,0.75189,0.75212,1.37,1.75
2016.04.25 18:16:05.925,0.75186,0.75213,1.75,1.75
2016.04.25 18:16:06.905,0.7519,0.75212,1.00,1.75
2016.04.25 18:16:07.166,0.7519,0.75213,1.50,1.75
2016.04.25 18:16:07.217,0.75191,0.75213,1.37,1.37
2016.04.25 18:16:07.267,0.75191,0.75213,1.75,1.00
2016.04.25 18:16:07.318,0.75191,0.75216,1.75,1.50
2016.04.25 18:16:07.419,0.75191,0.75216,1.75,1.37
2016.04.25 18:16:16.111,0.75192,0.75217,1.75,1.75
2016.04.25 18:16:16.162,0.75193,0.75213,1.00,1.00
2016.04.25 18:16:17.730,0.75195,0.75213,1.00,1.00
2016.04.25 18:16:18.291,0.75195,0.75218,1.50,1.75
2016.04.25 18:16:19.671,0.75195,0.75221,1.50,1.75
2016.04.25 18:16:19.873,0.75195,0.7522,1.75,1.50
2016.04.25 18:16:20.945,0.752,0.75225,1.37,1.75
2016.04.25 18:16:20.996,0.752,0.75227,1.75,1.75
2016.04.25 18:16:22.761,0.75197,0.75223,1.75,1.37
2016.04.25 18:16:22.812,0.75197,0.75223,1.75,1.75
2016.04.25 18:16:30.456,0.75196,0.75222,1.75,1.75
2016.04.25 18:16:30.752,0.75196,0.75219,1.50,1.50
2016.04.25 18:16:31.089,0.75195,0.75222,1.75,1.75
2016.04.25 18:16:33.953,0.75194,0.7522,1.75,1.75
2016.04.25 18:16:34.003,0.75195,0.75219,1.50,1.75
2016.04.25 18:16:34.054,0.75195,0.75217,1.12,1.75
2016.04.25 18:16:34.795,0.75192,0.75219,1.75,2.25
2016.04.25 18:16:35.302,0.75195,0.75219,1.00,2.25
2016.04.25 18:16:37.659,0.75195,0.75219,1.12,1.75
2016.04.25 18:16:37.709,0.75195,0.75219,1.12,1.75
2016.04.25 18:16:40.306,0.75195,0.75219,1.37,1.50
2016.04.25 18:16:40.357,0.75195,0.75223,1.75,1.75
2016.04.25 18:16:42.109,0.75196,0.75223,1.75,2.25
2016.04.25 18:16:42.160,0.75198,0.75219,1.00,1.00
2016.04.25 18:16:46.083,0.752,0.75223,1.37,2.25
2016.04.25 18:16:46.390,0.7521,0.75227,1.00,1.00
2016.04.25 18:16:46.491,0.7521,0.7523,1.00,1.00
2016.04.25 18:16:47.166,0.75209,0.7523,1.00,1.00
2016.04.25 18:16:47.267,0.75204,0.75231,2.25,3.00
2016.04.25 18:16:47.318,0.75204,0.75231,2.25,3.00
2016.04.25 18:16:47.737,0.7521,0.75231,1.00,1.75
2016.04.25 18:16:48.790,0.7521,0.75231,1.00,1.75
2016.04.25 18:16:48.841,0.7521,0.75231,1.00,1.75
2016.04.25 18:16:57.761,0.75209,0.75232,1.12,1.75
2016.04.25 18:16:58.562,0.7521,0.75232,1.00,1.75
2016.04.25 18:17:01.920,0.7521,0.75229,1.37,1.00
2016.04.25 18:17:02.244,0.7521,0.75231,1.37,1.00
2016.04.25 18:17:03.125,0.75215,0.75238,1.00,2.25
2016.04.25 18:17:12.490,0.7521,0.75235,3.00,1.75
2016.04.25 18:17:13.812,0.75215,0.75237,1.00,1.75
2016.04.25 18:17:13.943,0.7521,0.75235,3.00,1.75
2016.04.25 18:17:14.801,0.75215,0.75235,1.00,1.75
2016.04.25 18:17:17.645,0.75215,0.75232,1.00,1.00
2016.04.25 18:17:19.013,0.7521,0.75235,2.25,1.75
2016.04.25 18:17:19.548,0.7521,0.75233,2.25,1.00
2016.04.25 18:17:19.911,0.75215,0.7524,1.75,1.75
2016.04.25 18:17:30.525,0.75213,0.75238,1.75,1.75
2016.04.25 18:17:30.576,0.75215,0.75235,1.00,1.00
2016.04.25 18:17:31.040,0.75213,0.75238,1.75,1.75
2016.04.25 18:17:31.557,0.75213,0.75238,1.75,1.75
2016.04.25 18:17:31.708,0.75213,0.75239,1.75,1.75
2016.04.25 18:17:38.593,0.75213,0.7524,1.50,2.25
2016.04.25 18:17:38.917,0.75215,0.75235,1.00,1.75
2016.04.25 18:17:39.126,0.75215,0.75239,1.75,1.75
2016.04.25 18:17:51.204,0.75215,0.7524,1.75,1.75
2016.04.25 18:17:51.289,0.75215,0.7524,1.75,1.75
2016.04.25 18:17:51.442,0.75215,0.75241,1.75,1.75
2016.04.25 18:17:52.312,0.7522,0.75245,1.75,2.25
2016.04.25 18:17:52.400,0.7522,0.75245,1.75,2.25
2016.04.25 18:17:52.752,0.75223,0.75249,1.50,1.75
2016.04.25 18:17:53.004,0.75227,0.75251,1.00,1.75
2016.04.25 18:17:53.156,0.75225,0.75252,1.75,1.75
2016.04.25 18:17:53.257,0.75225,0.75251,1.75,1.75
2016.04.25 18:17:53.358,0.75225,0.75245,1.00,1.00
2016.04.25 18:17:53.408,0.75225,0.75248,1.00,1.75
2016.04.25 18:17:53.752,0.75218,0.75245,2.25,2.25
2016.04.25 18:17:54.256,0.75217,0.75243,1.75,1.75
2016.04.25 18:17:54.537,0.7522,0.7524,1.50,1.00
2016.04.25 18:17:59.601,0.7522,0.75246,1.50,2.25
2016.04.25 18:17:59.651,0.75222,0.75242,1.00,1.00
2016.04.25 18:18:04.629,0.7522,0.75245,1.50,1.75
2016.04.25 18:18:05.329,0.7522,0.75245,1.50,1.75
2016.04.25 18:18:11.215,0.7522,0.75246,1.75,1.75
2016.04.25 18:18:11.615,0.75224,0.75248,1.37,1.75
2016.04.25 18:18:11.716,0.75224,0.75248,1.75,1.75
2016.04.25 18:18:12.198,0.7523,0.7525,1.00,1.75
2016.04.25 18:18:12.349,0.75224,0.7525,1.75,1.75
2016.04.25 18:18:17.816,0.75222,0.75251,2.25,3.00
2016.04.25 18:18:20.671,0.75222,0.7525,1.75,1.75
2016.04.25 18:18:25.318,0.75225,0.7525,1.75,1.75
2016.04.25 18:18:28.262,0.75226,0.75253,1.50,2.25
2016.04.25 18:18:28.312,0.75226,0.75253,1.50,3.75
2016.04.25 18:18:30.530,0.75226,0.7525,1.75,1.75
2016.04.25 18:18:31.283,0.75225,0.75249,1.50,1.75
2016.04.25 18:18:31.333,0.75225,0.75249,1.50,1.75
2016.04.25 18:18:36.726,0.75225,0.75252,2.25,3.00
2016.04.25 18:18:36.776,0.75225,0.75252,2.25,1.75
2016.04.25 18:18:37.722,0.75225,0.75252,2.25,1.75
2016.04.25 18:18:37.773,0.75226,0.75247,1.00,1.00
2016.04.25 18:18:38.992,0.75228,0.75247,1.00,1.00
2016.04.25 18:18:39.448,0.75226,0.75247,1.50,1.00
2016.04.25 18:18:56.202,0.75224,0.75251,2.25,2.25
2016.04.25 18:18:58.444,0.75229,0.75251,1.00,1.75
2016.04.25 18:18:58.696,0.7523,0.75253,1.12,1.75
2016.04.25 18:18:59.103,0.7523,0.75251,1.00,1.75
2016.04.25 18:18:59.187,0.75226,0.75251,1.50,1.75
2016.04.25 18:19:04.574,0.75229,0.75251,1.00,1.75
2016.04.25 18:19:05.111,0.75225,0.75251,2.25,1.50
2016.04.25 18:19:07.799,0.75225,0.75252,1.75,1.75
2016.04.25 18:19:08.545,0.75228,0.75248,1.00,1.00
2016.04.25 18:19:23.733,0.7523,0.75248,1.00,1.00
2016.04.25 18:19:24.241,0.7523,0.75252,1.50,1.75
2016.04.25 18:19:36.267,0.75225,0.75252,1.75,2.25
2016.04.25 18:19:36.419,0.75226,0.75254,1.75,4.50
2016.04.25 18:19:36.620,0.7523,0.75254,1.00,3.75
2016.04.25 18:19:36.721,0.7523,0.75255,1.12,1.75
2016.04.25 18:19:36.772,0.7523,0.7525,1.37,1.00
2016.04.25 18:19:37.075,0.75237,0.75258,1.00,1.00
2016.04.25 18:19:46.772,0.7524,0.75258,1.00,1.00
2016.04.25 18:19:47.950,0.75237,0.75258,1.00,1.00
2016.04.25 18:19:50.053,0.75239,0.75258,1.00,1.00
2016.04.25 18:19:52.057,0.75237,0.75258,1.00,1.50
2016.04.25 18:19:53.894,0.7524,0.75258,1.00,1.00
2016.04.25 18:19:53.995,0.75237,0.75258,1.00,1.00
2016.04.25 18:19:56.156,0.75235,0.75259,1.75,1.75
2016.04.25 18:19:56.525,0.75232,0.75254,1.75,1.00
2016.04.25 18:19:56.626,0.75232,0.75251,1.00,1.00
2016.04.25 18:19:57.187,0.75231,0.75251,1.00,1.00
2016.04.25 18:20:16.148,0.75227,0.75254,2.25,1.75
2016.04.25 18:20:16.665,0.75227,0.75254,2.25,1.75
2016.04.25 18:20:24.696,0.7523,0.75248,1.00,1.00
2016.04.25 18:20:24.797,0.75227,0.75241,1.00,1.00
2016.04.25 18:20:24.847,0.75221,0.75241,1.00,1.00
2016.04.25 18:20:25.053,0.7522,0.75244,1.12,1.75
2016.04.25 18:20:25.355,0.75222,0.75243,1.50,1.75
2016.04.25 18:20:28.302,0.7522,0.75245,1.50,1.75
2016.04.25 18:20:28.833,0.75218,0.75245,1.50,2.25
2016.04.25 18:20:29.638,0.7522,0.75245,1.00,1.75
2016.04.25 18:20:33.463,0.75221,0.75243,1.00,1.75
2016.04.25 18:20:33.514,0.75221,0.75241,1.50,1.00
2016.04.25 18:20:43.573,0.75221,0.7524,1.00,1.00
2016.04.25 18:20:48.192,0.75221,0.75241,1.00,1.50
2016.04.25 18:20:48.344,0.75216,0.7524,1.75,1.75
2016.04.25 18:20:48.649,0.75216,0.7524,1.50,1.75
2016.04.25 18:20:51.956,0.75215,0.75239,1.50,1.75
2016.04.25 18:20:55.073,0.7522,0.75242,1.00,3.00
2016.04.25 18:20:55.123,0.7522,0.75238,1.00,1.00
2016.04.25 18:20:58.983,0.75218,0.75238,1.00,1.00
2016.04.25 18:21:04.873,0.75211,0.75238,2.25,1.75
2016.04.25 18:21:05.185,0.7521,0.75234,1.75,1.75
2016.04.25 18:21:30.302,0.7521,0.75234,1.00,1.75
2016.04.25 18:21:30.830,0.75205,0.75232,3.00,1.75
2016.04.25 18:21:32.905,0.75205,0.75231,2.25,1.75
2016.04.25 18:21:41.727,0.75205,0.75229,1.00,1.75
2016.04.25 18:21:41.828,0.752,0.75225,1.75,1.75
2016.04.25 18:21:41.929,0.752,0.75221,1.00,1.75
2016.04.25 18:21:42.030,0.75194,0.75219,1.75,1.75
2016.04.25 18:21:50.563,0.752,0.75222,1.00,2.25
2016.04.25 18:21:50.771,0.75195,0.75222,2.25,2.25
2016.04.25 18:21:51.872,0.752,0.75222,1.00,2.25
2016.04.25 18:21:52.534,0.75195,0.75222,2.25,2.25
2016.04.25 18:21:53.736,0.75195,0.75219,1.75,1.75
2016.04.25 18:21:53.988,0.752,0.75222,1.75,1.12
2016.04.25 18:21:54.732,0.75204,0.75227,1.00,1.75
2016.04.25 18:21:55.279,0.75205,0.75228,1.00,1.75
2016.04.25 18:21:55.430,0.752,0.75226,1.75,1.75
2016.04.25 18:21:56.113,0.752,0.75226,1.75,1.75
2016.04.25 18:21:56.214,0.75204,0.75225,1.00,1.00
2016.04.25 18:21:56.751,0.75197,0.75222,3.00,1.37
2016.04.25 18:21:56.852,0.75195,0.7522,1.75,1.75
2016.04.25 18:22:00.461,0.75195,0.7522,1.75,1.75
2016.04.25 18:22:00.571,0.75195,0.75219,1.50,1.75
2016.04.25 18:22:03.189,0.75195,0.75217,1.12,1.75
2016.04.25 18:22:03.341,0.7519,0.75211,1.50,1.75
2016.04.25 18:22:03.392,0.75185,0.7521,1.75,1.50
2016.04.25 18:22:03.442,0.75185,0.7521,1.75,2.25
2016.04.25 18:22:03.845,0.75185,0.75204,1.00,1.00
2016.04.25 18:22:11.121,0.75185,0.75209,1.37,1.37
2016.04.25 18:22:11.172,0.7519,0.75209,1.50,1.00
2016.04.25 18:22:11.424,0.7519,0.75211,1.12,1.75
2016.04.25 18:22:11.575,0.75187,0.75207,1.00,1.00
2016.04.25 18:22:13.870,0.7519,0.75207,1.00,1.00
2016.04.25 18:22:13.971,0.7519,0.75211,1.50,1.75
2016.04.25 18:22:14.223,0.75185,0.7521,1.75,2.25
2016.04.25 18:22:14.274,0.75185,0.75208,1.75,1.75
2016.04.25 18:22:14.887,0.7519,0.75211,1.00,1.75
2016.04.25 18:22:14.988,0.7519,0.75209,1.37,1.00
2016.04.25 18:22:18.411,0.7519,0.7521,1.37,1.00
2016.04.25 18:22:20.519,0.7519,0.75213,1.50,1.50
2016.04.25 18:22:20.712,0.7519,0.75213,1.50,1.50
2016.04.25 18:22:34.466,0.7519,0.75212,1.12,1.75
2016.04.25 18:22:34.617,0.75185,0.75206,1.00,1.00
2016.04.25 18:22:34.668,0.75183,0.75207,1.75,1.75
2016.04.25 18:22:36.464,0.75185,0.75208,1.12,2.25
2016.04.25 18:22:37.011,0.75185,0.75208,1.12,2.25
2016.04.25 18:22:45.551,0.75185,0.75207,1.00,1.75
2016.04.25 18:22:58.799,0.75184,0.75205,1.12,1.75
2016.04.25 18:22:59.101,0.7519,0.75209,1.12,1.75
2016.04.25 18:22:59.252,0.75185,0.75208,1.75,1.50
2016.04.25 18:22:59.353,0.75185,0.75205,1.50,1.00
2016.04.25 18:22:59.508,0.75185,0.75206,1.50,1.37
2016.04.25 18:22:59.814,0.75185,0.75208,1.00,1.75
2016.04.25 18:23:00.399,0.7518,0.75205,2.25,1.75
2016.04.25 18:23:00.730,0.75179,0.75205,2.25,1.75
2016.04.25 18:23:01.136,0.75176,0.752,1.75,1.50
2016.04.25 18:23:03.520,0.75185,0.75202,1.00,1.75
2016.04.25 18:23:03.631,0.75179,0.75206,1.37,3.75
2016.04.25 18:23:03.731,0.75179,0.75206,1.75,2.25
2016.04.25 18:23:04.041,0.75185,0.75205,1.00,1.75
2016.04.25 18:23:06.601,0.75184,0.75205,1.00,1.75
2016.04.25 18:23:06.971,0.75184,0.75203,1.12,1.50
2016.04.25 18:23:13.605,0.75185,0.75207,1.00,1.75
2016.04.25 18:23:13.656,0.75185,0.75207,1.75,1.50
2016.04.25 18:23:14.871,0.75185,0.75205,1.50,1.00
2016.04.25 18:23:17.133,0.7518,0.75205,1.75,1.50
2016.04.25 18:23:17.184,0.75182,0.75202,1.00,1.00
2016.04.25 18:23:21.950,0.75185,0.75202,1.00,1.00
2016.04.25 18:23:22.062,0.75182,0.75202,1.00,1.00
2016.04.25 18:23:25.053,0.75176,0.75205,1.75,2.25
2016.04.25 18:23:25.355,0.75175,0.752,1.75,2.25
2016.04.25 18:23:25.456,0.75174,0.75195,1.00,1.50
2016.04.25 18:23:25.557,0.7517,0.75195,1.75,1.75
2016.04.25 18:23:31.080,0.75175,0.75198,1.50,2.25
2016.04.25 18:23:31.382,0.75175,0.75198,1.75,1.50
2016.04.25 18:23:31.707,0.7517,0.75196,1.75,1.87
2016.04.25 18:23:31.808,0.7517,0.75196,1.75,2.25
2016.04.25 18:23:39.450,0.75175,0.75198,1.00,2.25
2016.04.25 18:23:39.738,0.7517,0.75198,1.75,2.25
2016.04.25 18:23:40.399,0.75174,0.75198,1.00,2.25
2016.04.25 18:23:47.559,0.75175,0.75198,1.00,2.25
2016.04.25 18:23:47.694,0.7517,0.75198,1.75,2.25
2016.04.25 18:23:48.338,0.75175,0.75197,1.00,1.75
2016.04.25 18:23:48.964,0.7517,0.75197,1.75,1.75
2016.04.25 18:23:55.419,0.7517,0.75197,1.75,1.75
2016.04.25 18:24:02.822,0.75175,0.75199,1.75,1.75
2016.04.25 18:24:03.146,0.75175,0.75199,1.12,1.75
2016.04.25 18:24:16.882,0.75175,0.75202,2.25,1.75
2016.04.25 18:24:17.185,0.7518,0.75202,1.50,1.50
2016.04.25 18:24:18.908,0.75185,0.75205,1.00,1.75
2016.04.25 18:24:19.159,0.7518,0.75204,1.50,1.75
2016.04.25 18:24:19.361,0.75177,0.75204,1.75,1.75
2016.04.25 18:24:21.568,0.75175,0.75201,2.25,1.75
2016.04.25 18:24:25.252,0.75175,0.75198,1.75,1.75
2016.04.25 18:24:25.944,0.75175,0.75198,1.50,1.75
2016.04.25 18:24:30.600,0.75175,0.75199,1.75,1.75
2016.04.25 18:24:30.930,0.7518,0.75202,1.00,1.75
2016.04.25 18:24:31.213,0.7518,0.75203,1.12,1.75
2016.04.25 18:24:34.646,0.75185,0.75203,1.00,1.75
2016.04.25 18:24:34.807,0.75185,0.75206,1.00,2.25
2016.04.25 18:24:35.377,0.75184,0.75205,1.00,1.75
2016.04.25 18:24:35.632,0.75179,0.75201,1.75,1.12
2016.04.25 18:24:35.682,0.75179,0.75201,1.50,1.75
2016.04.25 18:24:38.602,0.75179,0.75198,1.00,1.00
2016.04.25 18:24:38.989,0.75175,0.75198,1.50,1.75
2016.04.25 18:24:40.315,0.75175,0.75198,1.00,1.75
2016.04.25 18:24:40.803,0.75174,0.75198,1.50,2.25
2016.04.25 18:24:40.904,0.75174,0.75198,1.50,2.25
2016.04.25 18:24:43.915,0.7517,0.75196,1.75,1.50
2016.04.25 18:24:45.918,0.75169,0.75196,3.00,1.75
2016.04.25 18:24:46.019,0.75174,0.75194,1.00,1.50
2016.04.25 18:24:46.422,0.75174,0.75192,1.00,1.00
2016.04.25 18:24:46.627,0.75174,0.75194,1.00,1.00
2016.04.25 18:24:46.829,0.7517,0.75195,1.75,1.75
2016.04.25 18:24:47.878,0.75175,0.75194,1.00,1.75
2016.04.25 18:24:52.637,0.75175,0.75195,1.50,1.00
2016.04.25 18:24:56.289,0.75175,0.75198,1.00,1.75
2016.04.25 18:24:57.155,0.75171,0.75197,1.75,1.75
2016.04.25 18:24:57.457,0.7517,0.75192,1.50,1.37
2016.04.25 18:24:57.919,0.75174,0.75196,1.00,2.25
2016.04.25 18:24:58.020,0.75174,0.75196,1.12,1.75
2016.04.25 18:24:59.427,0.75175,0.75197,1.00,2.25
2016.04.25 18:25:00.011,0.7517,0.75197,2.25,1.75
2016.04.25 18:25:06.283,0.75175,0.75198,1.00,1.75
2016.04.25 18:25:06.737,0.75175,0.75199,1.75,1.75
2016.04.25 18:25:06.787,0.75178,0.75198,1.00,1.00
2016.04.25 18:25:06.938,0.75175,0.75199,1.75,1.75
2016.04.25 18:25:07.090,0.75175,0.75194,1.00,1.00
2016.04.25 18:25:09.788,0.75174,0.75194,1.00,1.00
2016.04.25 18:25:11.577,0.7517,0.75195,1.12,1.75
2016.04.25 18:25:12.992,0.7517,0.75195,1.75,2.25
2016.04.25 18:25:14.065,0.75175,0.75196,1.00,1.75
2016.04.25 18:25:17.850,0.75174,0.75198,1.12,1.75
2016.04.25 18:25:19.925,0.75169,0.75192,1.75,1.00
2016.04.25 18:25:20.531,0.7517,0.75194,1.75,1.50
2016.04.25 18:25:21.032,0.75175,0.75197,1.00,1.75
2016.04.25 18:25:22.429,0.75174,0.75197,1.12,1.75
2016.04.25 18:25:31.601,0.75175,0.75196,1.00,1.75
2016.04.25 18:25:32.221,0.7517,0.75193,1.75,1.12
2016.04.25 18:25:44.868,0.75175,0.75194,1.00,1.50
2016.04.25 18:25:51.155,0.75175,0.75192,1.00,1.00
2016.04.25 18:25:52.357,0.75172,0.75192,1.00,1.00
2016.04.25 18:25:54.768,0.75175,0.75192,1.00,1.00
2016.04.25 18:25:56.168,0.75175,0.75196,1.00,1.75
2016.04.25 18:25:57.121,0.75174,0.75196,1.12,1.75
2016.04.25 18:25:57.424,0.75175,0.75199,1.50,1.75
2016.04.25 18:25:57.750,0.7518,0.75199,1.00,1.75
2016.04.25 18:25:57.851,0.75175,0.75199,1.50,1.75
2016.04.25 18:26:01.005,0.75171,0.752,2.25,4.50
2016.04.25 18:26:02.477,0.75171,0.75199,1.75,1.75
2016.04.25 18:26:04.225,0.75175,0.752,1.75,1.75
2016.04.25 18:26:05.109,0.75179,0.75199,1.00,1.75
2016.04.25 18:26:07.308,0.75179,0.75202,1.50,1.75
2016.04.25 18:26:15.368,0.7518,0.75201,1.00,1.75
2016.04.25 18:26:15.468,0.75175,0.75201,1.75,1.75
2016.04.25 18:26:15.930,0.7518,0.75201,1.00,1.75
2016.04.25 18:26:16.433,0.75175,0.752,1.75,1.75
2016.04.25 18:26:16.534,0.75175,0.75199,1.12,1.75
2016.04.25 18:26:17.258,0.75175,0.752,1.50,1.75
2016.04.25 18:26:17.358,0.75176,0.75197,1.00,1.00
2016.04.25 18:26:22.113,0.75178,0.75204,1.37,2.25
2016.04.25 18:26:22.264,0.75178,0.75205,2.25,1.75
2016.04.25 18:26:25.289,0.75185,0.75206,1.00,1.75
2016.04.25 18:26:25.510,0.75185,0.75205,1.00,1.00
2016.04.25 18:26:29.341,0.75184,0.75205,1.00,1.50
2016.04.25 18:26:34.284,0.75185,0.75205,1.00,1.00
2016.04.25 18:26:35.085,0.75185,0.75207,1.00,1.75
2016.04.25 18:26:35.659,0.7518,0.75205,1.75,1.75
2016.04.25 18:26:40.891,0.75185,0.75207,1.00,1.75
2016.04.25 18:26:44.878,0.75187,0.75208,1.00,1.75
2016.04.25 18:26:44.979,0.7519,0.75216,1.75,2.25
2016.04.25 18:26:47.497,0.75195,0.75217,1.00,2.25
2016.04.25 18:26:48.157,0.7519,0.75216,1.75,1.75
2016.04.25 18:26:51.601,0.75186,0.75212,1.75,1.50
2016.04.25 18:26:51.658,0.75186,0.75212,1.37,1.75
2016.04.25 18:26:52.120,0.75185,0.75212,1.75,2.25
2016.04.25 18:26:52.435,0.75185,0.75212,2.25,2.25
2016.04.25 18:26:52.537,0.75189,0.75209,1.00,1.00
2016.04.25 18:26:53.539,0.75184,0.7521,1.75,1.75
2016.04.25 18:26:54.385,0.75185,0.75214,2.25,2.25
2016.04.25 18:27:00.212,0.7519,0.75214,1.50,1.37
2016.04.25 18:27:00.263,0.75195,0.75214,1.50,1.00
2016.04.25 18:27:00.814,0.75195,0.75219,1.50,1.75
2016.04.25 18:27:05.755,0.75193,0.75214,1.50,1.00
2016.04.25 18:27:05.908,0.75187,0.75211,1.50,1.75
2016.04.25 18:27:08.031,0.75184,0.7521,1.75,1.75
2016.04.25 18:27:08.537,0.75186,0.75206,1.00,1.00
2016.04.25 18:27:17.768,0.7519,0.7521,1.00,1.00
2016.04.25 18:27:26.067,0.75188,0.75215,1.75,2.25
2016.04.25 18:27:26.118,0.7519,0.75215,1.75,2.25
2016.04.25 18:27:26.169,0.7519,0.75215,1.75,2.25
2016.04.25 18:27:26.316,0.75187,0.75213,1.75,1.75
2016.04.25 18:27:31.195,0.75185,0.7521,1.75,1.75
2016.04.25 18:27:32.685,0.75185,0.7521,1.75,1.75
2016.04.25 18:27:33.193,0.75185,0.7521,1.75,1.75
2016.04.25 18:27:35.976,0.75185,0.7521,1.75,1.75
2016.04.25 18:27:36.646,0.75184,0.7521,1.75,1.75
2016.04.25 18:27:37.179,0.75185,0.75209,1.75,1.50
2016.04.25 18:27:37.882,0.75184,0.75209,1.75,1.75
2016.04.25 18:27:40.584,0.75186,0.75209,1.00,1.75
2016.04.25 18:27:46.438,0.75179,0.75198,1.75,1.00
2016.04.25 18:27:46.631,0.75171,0.75191,1.37,1.50
2016.04.25 18:27:46.732,0.75164,0.7519,1.75,1.75
2016.04.25 18:27:47.041,0.75165,0.75189,1.75,1.75
2016.04.25 18:27:48.342,0.75164,0.75188,1.50,1.75
2016.04.25 18:27:48.442,0.75164,0.75188,1.50,1.75
2016.04.25 18:27:49.049,0.75164,0.75189,1.75,2.25
2016.04.25 18:27:49.351,0.7517,0.75189,1.00,1.75
2016.04.25 18:27:49.718,0.75165,0.7519,1.50,3.00
2016.04.25 18:27:52.555,0.7516,0.75185,2.25,1.75
2016.04.25 18:27:52.863,0.75152,0.75178,1.75,1.75
2016.04.25 18:27:55.743,0.75156,0.75179,1.00,1.75
2016.04.25 18:28:08.040,0.75152,0.75179,1.75,2.25
2016.04.25 18:28:09.626,0.75155,0.75179,1.00,2.25
2016.04.25 18:28:10.745,0.75152,0.75179,1.75,2.25
2016.04.25 18:28:11.262,0.75153,0.75179,1.50,1.75
2016.04.25 18:28:11.769,0.75155,0.75179,1.50,1.75
2016.04.25 18:28:28.102,0.75155,0.75176,1.50,1.00
2016.04.25 18:28:33.522,0.75159,0.75184,1.12,2.25
2016.04.25 18:28:33.824,0.7516,0.75185,1.75,2.25
2016.04.25 18:28:35.074,0.75165,0.75186,1.00,1.75
2016.04.25 18:28:35.125,0.75165,0.75186,1.12,1.75
2016.04.25 18:28:36.955,0.7516,0.75184,2.25,1.75
2016.04.25 18:28:37.056,0.75159,0.7518,1.50,1.00
2016.04.25 18:28:37.972,0.7516,0.7518,1.00,1.00
2016.04.25 18:28:38.023,0.7516,0.75184,1.75,1.75
2016.04.25 18:28:41.037,0.75158,0.75183,1.75,1.75
2016.04.25 18:28:41.768,0.75156,0.75183,1.75,1.75
2016.04.25 18:28:43.474,0.7516,0.75184,1.75,1.75
2016.04.25 18:28:46.316,0.75165,0.75185,1.00,1.75
2016.04.25 18:28:46.366,0.75165,0.75185,1.00,1.75
2016.04.25 18:28:48.624,0.7516,0.75186,2.25,2.25
2016.04.25 18:28:53.026,0.75165,0.75186,1.00,2.25
2016.04.25 18:28:55.066,0.75165,0.75186,1.12,1.75
2016.04.25 18:28:55.769,0.75165,0.75189,1.75,2.25
2016.04.25 18:28:56.401,0.75169,0.75189,1.00,1.75
2016.04.25 18:28:57.166,0.75165,0.75188,1.75,1.50
2016.04.25 18:28:57.469,0.7517,0.75188,1.00,1.50
2016.04.25 18:28:57.570,0.75165,0.75188,1.75,1.50
2016.04.25 18:28:57.873,0.75164,0.75189,1.75,1.75
2016.04.25 18:28:58.176,0.75162,0.75187,1.75,1.75
2016.04.25 18:28:58.518,0.75162,0.75188,1.75,1.75
2016.04.25 18:28:58.972,0.75162,0.75187,1.75,1.75
2016.04.25 18:29:01.303,0.75165,0.75186,1.00,1.00
2016.04.25 18:29:01.780,0.75162,0.75185,1.50,1.75
2016.04.25 18:29:03.103,0.75161,0.75186,1.75,1.75
2016.04.25 18:29:04.429,0.75166,0.75187,1.00,1.50
2016.04.25 18:29:04.483,0.75161,0.75187,1.75,1.75
2016.04.25 18:29:06.326,0.75161,0.75185,1.75,1.12
2016.04.25 18:29:08.198,0.75162,0.75186,1.75,1.75
2016.04.25 18:29:09.306,0.7516,0.75184,1.75,1.75
2016.04.25 18:29:09.832,0.7516,0.7518,1.00,1.00
2016.04.25 18:29:12.014,0.75157,0.75183,1.75,1.75
2016.04.25 18:29:12.577,0.7516,0.75183,1.00,2.25
2016.04.25 18:29:13.869,0.75158,0.75183,1.50,2.25
2016.04.25 18:29:14.421,0.7516,0.75183,1.00,2.25
2016.04.25 18:29:14.937,0.7516,0.75183,1.50,1.75
2016.04.25 18:29:15.268,0.7516,0.75183,1.75,1.75
2016.04.25 18:29:21.816,0.75164,0.75184,1.50,1.50
2016.04.25 18:29:22.017,0.75168,0.75187,1.00,1.00
2016.04.25 18:29:22.553,0.75168,0.75188,1.00,1.00
2016.04.25 18:29:24.262,0.75168,0.75187,1.00,1.00
2016.04.25 18:29:24.313,0.75164,0.75187,1.75,1.75
2016.04.25 18:29:24.716,0.7516,0.75184,1.75,1.75
2016.04.25 18:29:25.443,0.7516,0.75186,2.25,1.75
2016.04.25 18:29:28.134,0.75167,0.75187,1.00,1.00
2016.04.25 18:29:28.235,0.75166,0.75191,1.75,1.75
2016.04.25 18:29:31.994,0.75168,0.75188,1.00,1.00
2016.04.25 18:29:32.045,0.75168,0.75193,1.75,1.75
2016.04.25 18:29:34.131,0.75166,0.7519,1.75,1.50
2016.04.25 18:29:34.182,0.75166,0.7519,1.75,1.75
2016.04.25 18:29:35.661,0.75165,0.75189,1.75,1.75
2016.04.25 18:29:37.744,0.75162,0.75187,1.75,1.75
2016.04.25 18:29:39.552,0.75165,0.75189,1.75,1.75
2016.04.25 18:29:46.678,0.75165,0.75192,3.00,1.75
2016.04.25 18:29:52.799,0.75164,0.7519,1.75,2.25
2016.04.25 18:29:53.779,0.75165,0.75191,2.25,1.75
2016.04.25 18:29:54.103,0.75165,0.75189,1.50,1.75
2016.04.25 18:29:58.323,0.7517,0.75189,1.00,1.75
2016.04.25 18:29:58.525,0.75165,0.7519,2.25,1.75
2016.04.25 18:29:59.423,0.75169,0.7519,1.00,1.75
2016.04.25 18:30:02.355,0.75164,0.75188,2.25,1.75
2016.04.25 18:30:03.476,0.7517,0.75188,1.00,1.37
2016.04.25 18:30:03.527,0.7517,0.75189,1.00,1.50
2016.04.25 18:30:03.578,0.7517,0.75189,1.87,1.37
2016.04.25 18:30:03.831,0.7517,0.75189,2.25,1.00
2016.04.25 18:30:03.882,0.7517,0.75195,2.25,1.75
2016.04.25 18:30:03.932,0.75175,0.75195,1.00,1.75
2016.04.25 18:30:04.033,0.7517,0.75195,1.75,1.75
2016.04.25 18:30:04.235,0.75171,0.75199,2.25,1.75
2016.04.25 18:30:04.536,0.75175,0.75199,1.50,1.75
2016.04.25 18:30:10.827,0.75173,0.75193,1.00,1.00
2016.04.25 18:30:16.791,0.7517,0.75195,1.37,1.75
2016.04.25 18:30:16.843,0.7517,0.75194,1.12,1.75
2016.04.25 18:30:16.894,0.7517,0.75194,1.12,1.75
2016.04.25 18:30:17.206,0.7517,0.7519,1.00,1.75
2016.04.25 18:30:18.052,0.7517,0.7519,1.00,1.75
2016.04.25 18:30:18.576,0.75165,0.75191,1.75,1.75
2016.04.25 18:30:18.627,0.75165,0.7519,1.50,1.75
2016.04.25 18:30:21.416,0.75165,0.75192,1.75,1.75
2016.04.25 18:30:21.466,0.75165,0.75192,1.75,1.75
2016.04.25 18:30:24.306,0.75165,0.75189,2.25,1.75
2016.04.25 18:30:24.357,0.75165,0.75189,2.25,1.75
2016.04.25 18:30:28.636,0.75165,0.75189,1.75,1.75
2016.04.25 18:30:29.344,0.7517,0.75191,1.00,1.75
2016.04.25 18:30:29.446,0.7517,0.75191,1.37,1.50
2016.04.25 18:30:29.547,0.7517,0.75194,1.00,1.75
2016.04.25 18:30:29.748,0.75165,0.75189,1.75,1.75
2016.04.25 18:30:31.352,0.75165,0.75192,3.00,1.75
2016.04.25 18:30:35.037,0.75166,0.75192,1.75,1.75
2016.04.25 18:30:35.440,0.75169,0.7519,1.50,1.00
2016.04.25 18:30:36.744,0.7517,0.7519,1.00,1.00
2016.04.25 18:30:42.359,0.7517,0.75194,1.37,1.75
2016.04.25 18:30:42.895,0.7517,0.75196,1.75,1.75
2016.04.25 18:30:44.093,0.7517,0.75192,1.75,1.00
2016.04.25 18:30:46.854,0.7517,0.75196,1.75,1.75
2016.04.25 18:30:47.498,0.7517,0.75194,1.75,1.75
2016.04.25 18:30:47.867,0.7517,0.75194,1.50,1.75
2016.04.25 18:30:48.170,0.7517,0.75191,1.00,1.75
2016.04.25 18:30:48.321,0.75167,0.75186,1.00,1.00
2016.04.25 18:30:48.853,0.75166,0.75186,1.00,1.00
2016.04.25 18:30:54.592,0.7517,0.75193,1.00,1.75
2016.04.25 18:30:55.103,0.7517,0.75193,1.00,1.75
2016.04.25 18:30:57.683,0.75165,0.75192,3.00,1.75
2016.04.25 18:30:57.784,0.75166,0.75187,1.00,1.00
2016.04.25 18:30:58.003,0.75165,0.75191,2.62,2.25
2016.04.25 18:31:00.298,0.75165,0.75192,1.75,1.75
2016.04.25 18:31:00.965,0.75169,0.7519,1.12,1.50
2016.04.25 18:31:01.016,0.75169,0.7519,2.25,1.50
2016.04.25 18:31:01.117,0.75171,0.75191,1.00,1.00
2016.04.25 18:31:01.273,0.75165,0.7519,3.00,1.37
2016.04.25 18:31:01.585,0.75165,0.75192,3.00,1.75
2016.04.25 18:31:02.924,0.7517,0.75193,1.00,1.75
2016.04.25 18:31:03.128,0.7517,0.75193,1.50,1.75
2016.04.25 18:31:04.619,0.7517,0.75193,1.00,1.75
2016.04.25 18:31:05.222,0.75166,0.75191,1.75,1.75
2016.04.25 18:31:10.511,0.75167,0.75187,1.00,1.00
2016.04.25 18:31:18.426,0.75167,0.7519,1.75,1.50
2016.04.25 18:31:30.734,0.7517,0.75194,1.00,1.75
2016.04.25 18:31:31.036,0.75165,0.75189,1.75,1.75
2016.04.25 18:31:31.954,0.75169,0.75189,1.00,1.00
2016.04.25 18:31:33.554,0.75165,0.75191,1.75,1.75
2016.04.25 18:31:40.751,0.75165,0.7519,1.50,2.25
2016.04.25 18:31:52.951,0.7516,0.75185,1.75,1.75
2016.04.25 18:31:53.002,0.7516,0.75185,1.75,1.75
2016.04.25 18:31:57.684,0.7516,0.75183,1.75,1.00
2016.04.25 18:31:59.002,0.7516,0.75187,2.25,2.25
2016.04.25 18:31:59.669,0.7516,0.75184,1.75,1.75
2016.04.25 18:32:05.448,0.7516,0.75183,2.25,1.00
2016.04.25 18:32:07.453,0.7516,0.75185,3.00,1.00
2016.04.25 18:32:08.108,0.75164,0.75188,1.50,1.75
2016.04.25 18:32:08.698,0.7516,0.75187,2.25,2.25
2016.04.25 18:32:23.209,0.7516,0.75186,1.75,1.37
2016.04.25 18:32:23.260,0.75165,0.75186,1.75,1.12
2016.04.25 18:32:33.851,0.75165,0.75189,1.75,1.75
2016.04.25 18:32:34.426,0.75165,0.7519,1.75,2.25
2016.04.25 18:32:46.984,0.75165,0.75187,1.37,1.50
2016.04.25 18:32:47.034,0.75165,0.75186,1.00,1.75
2016.04.25 18:32:47.616,0.7516,0.75186,1.75,1.75
2016.04.25 18:33:33.263,0.7516,0.75186,1.75,2.25
2016.04.25 18:33:34.000,0.7516,0.75186,1.75,2.25
2016.04.25 18:33:37.102,0.75165,0.75186,1.00,1.75
2016.04.25 18:33:37.253,0.7516,0.75186,1.75,1.75
2016.04.25 18:33:50.737,0.75162,0.75186,1.00,1.75
2016.04.25 18:33:52.192,0.75157,0.75182,1.75,1.75
2016.04.25 18:33:52.743,0.75157,0.75182,1.75,1.75
2016.04.25 18:33:53.093,0.75161,0.75181,1.00,1.00
2016.04.25 18:33:54.591,0.75165,0.75181,1.00,1.00
2016.04.25 18:34:00.875,0.75164,0.75181,1.00,1.00
2016.04.25 18:34:03.207,0.75164,0.75186,1.37,1.75
2016.04.25 18:34:03.324,0.75164,0.75186,1.50,1.75
2016.04.25 18:34:18.942,0.75164,0.75184,1.50,1.00
2016.04.25 18:34:56.176,0.75161,0.75188,1.75,1.75
2016.04.25 18:34:59.929,0.75165,0.75191,1.37,2.25
2016.04.25 18:34:59.980,0.75166,0.75186,1.00,1.00
2016.04.25 18:35:00.030,0.75165,0.75191,1.75,1.75
2016.04.25 18:35:00.566,0.75165,0.75191,1.75,1.75
2016.04.25 18:35:02.020,0.75165,0.75192,2.25,1.75
2016.04.25 18:35:02.540,0.75168,0.75194,1.75,1.75
2016.04.25 18:35:17.126,0.7517,0.75196,1.75,1.75
2016.04.25 18:35:33.330,0.75168,0.75194,1.75,1.75
2016.04.25 18:35:33.381,0.75169,0.75189,1.00,1.00
2016.04.25 18:35:33.432,0.75168,0.75194,1.37,1.75
2016.04.25 18:35:34.080,0.75165,0.7519,1.75,1.75
2016.04.25 18:35:36.174,0.75165,0.75189,1.50,1.75
2016.04.25 18:35:37.670,0.75162,0.75186,1.75,1.50
2016.04.25 18:35:37.737,0.75163,0.75184,1.00,1.00
2016.04.25 18:35:49.765,0.75164,0.75184,1.00,1.00
2016.04.25 18:35:50.216,0.75163,0.7519,1.50,1.75
2016.04.25 18:35:50.867,0.75163,0.7519,1.75,1.75
2016.04.25 18:35:53.728,0.75162,0.75188,1.75,1.75
2016.04.25 18:35:54.287,0.75162,0.75188,1.50,1.75
2016.04.25 18:35:56.588,0.75165,0.75188,1.00,1.75
2016.04.25 18:36:01.951,0.75165,0.75185,1.37,1.00
2016.04.25 18:36:03.227,0.75165,0.75187,1.50,1.50
2016.04.25 18:36:03.903,0.75166,0.7519,1.50,1.75
2016.04.25 18:36:04.431,0.75167,0.75189,1.37,1.00
2016.04.25 18:36:06.699,0.7517,0.75189,1.00,1.00
2016.04.25 18:36:10.091,0.75169,0.75189,1.00,1.00
2016.04.25 18:36:16.360,0.7517,0.75189,1.00,1.00
2016.04.25 18:36:18.359,0.75169,0.75189,1.00,1.00
2016.04.25 18:36:24.758,0.75168,0.75192,1.75,1.75
2016.04.25 18:36:25.377,0.75168,0.75192,1.75,1.75
2016.04.25 18:36:40.915,0.75166,0.75193,2.25,1.75
2016.04.25 18:36:50.028,0.75166,0.75193,1.75,1.75
2016.04.25 18:36:51.638,0.75165,0.75192,3.00,1.75
2016.04.25 18:36:57.754,0.75165,0.75191,2.25,1.75
2016.04.25 18:36:59.149,0.75165,0.7519,1.37,1.75
2016.04.25 18:36:59.655,0.7516,0.75186,1.75,1.75
2016.04.25 18:37:15.013,0.75165,0.7519,1.37,3.00
2016.04.25 18:37:15.064,0.75165,0.7519,2.25,1.75
2016.04.25 18:37:15.165,0.75166,0.75193,1.75,1.75
2016.04.25 18:37:15.505,0.75166,0.75193,1.75,1.75
2016.04.25 18:37:36.190,0.75169,0.75189,1.00,1.00
2016.04.25 18:37:45.034,0.75164,0.7519,1.75,1.75
2016.04.25 18:37:45.085,0.75164,0.7519,1.75,1.75
2016.04.25 18:37:45.136,0.75164,0.75189,1.50,1.75
2016.04.25 18:37:45.438,0.75161,0.75188,1.75,1.75
2016.04.25 18:37:45.841,0.75161,0.75188,1.75,1.75
2016.04.25 18:37:49.030,0.7516,0.75187,2.25,1.75
2016.04.25 18:37:49.544,0.7516,0.75186,1.75,1.75
2016.04.25 18:37:55.927,0.75165,0.75186,1.00,1.75
2016.04.25 18:37:56.469,0.75159,0.75186,3.00,1.75
2016.04.25 18:38:12.197,0.75165,0.75186,1.00,1.75
2016.04.25 18:38:12.452,0.7516,0.75186,1.75,1.75
2016.04.25 18:38:26.842,0.75167,0.75186,2.25,1.37
2016.04.25 18:38:26.892,0.75167,0.75186,2.25,1.00
2016.04.25 18:38:27.396,0.75166,0.75188,1.12,1.50
2016.04.25 18:38:32.153,0.75165,0.75187,1.87,1.50
2016.04.25 18:38:32.884,0.75165,0.75186,1.50,1.75
2016.04.25 18:38:33.566,0.75165,0.75186,1.87,1.37
2016.04.25 18:38:33.616,0.75166,0.75187,1.00,1.00
2016.04.25 18:38:34.557,0.7517,0.75188,1.00,1.37
2016.04.25 18:38:36.244,0.7517,0.75188,1.37,1.00
2016.04.25 18:38:36.775,0.7517,0.75194,1.00,1.75
2016.04.25 18:38:37.002,0.7517,0.7519,1.50,1.00
2016.04.25 18:38:55.105,0.75175,0.7519,1.00,1.00
2016.04.25 18:38:59.882,0.7517,0.75195,1.75,3.00
2016.04.25 18:39:01.096,0.75171,0.75197,1.75,1.75
2016.04.25 18:39:01.197,0.7517,0.75195,1.75,1.75
2016.04.25 18:39:05.018,0.75174,0.75193,1.00,1.00
2016.04.25 18:39:07.449,0.75172,0.75193,1.50,1.00
2016.04.25 18:39:13.944,0.75175,0.75193,1.00,1.00
2016.04.25 18:39:15.395,0.75172,0.75193,1.50,1.00
2016.04.25 18:39:15.569,0.75172,0.75198,1.50,2.25
2016.04.25 18:39:16.102,0.75172,0.75198,1.75,2.25
2016.04.25 18:39:29.946,0.75172,0.75198,1.75,2.25
2016.04.25 18:39:32.450,0.75172,0.75197,1.37,1.75
2016.04.25 18:39:32.702,0.75167,0.7519,1.75,1.75
2016.04.25 18:39:32.753,0.75167,0.7519,1.50,1.75
2016.04.25 18:39:56.241,0.75165,0.7519,2.25,1.75
2016.04.25 18:39:59.009,0.75169,0.75188,1.50,1.37
2016.04.25 18:39:59.214,0.75173,0.75193,1.00,1.00
2016.04.25 18:40:00.323,0.7517,0.75193,1.37,1.50
2016.04.25 18:40:00.373,0.75167,0.75193,1.75,1.75
2016.04.25 18:40:00.525,0.75164,0.75188,1.75,1.50
2016.04.25 18:40:00.575,0.75164,0.75188,1.75,1.75
2016.04.25 18:40:15.608,0.75165,0.75188,1.50,1.75
2016.04.25 18:40:15.709,0.75165,0.75188,1.75,1.50
2016.04.25 18:40:34.248,0.75165,0.75191,1.75,1.75
2016.04.25 18:40:49.682,0.7517,0.75192,1.00,1.75
2016.04.25 18:40:53.635,0.7517,0.75192,1.00,1.75
2016.04.25 18:40:53.686,0.7517,0.75189,1.00,1.00
2016.04.25 18:40:53.837,0.7517,0.75191,1.50,1.50
2016.04.25 18:40:54.256,0.7517,0.75192,2.25,1.00
2016.04.25 18:41:10.967,0.75171,0.75196,1.75,1.75
2016.04.25 18:41:21.482,0.75173,0.75196,1.00,1.75
2016.04.25 18:41:25.276,0.75175,0.75196,1.00,1.75
2016.04.25 18:41:34.463,0.75171,0.75196,1.75,1.75
2016.04.25 18:41:34.564,0.75175,0.75196,1.00,1.75
2016.04.25 18:41:35.150,0.75175,0.75194,1.00,1.00
2016.04.25 18:41:37.433,0.75174,0.75198,1.75,1.50
2016.04.25 18:41:37.735,0.75175,0.75199,1.75,1.50
2016.04.25 18:41:38.403,0.7518,0.75199,1.50,1.00
2016.04.25 18:41:40.302,0.7518,0.75203,1.50,2.25
2016.04.25 18:41:56.143,0.7518,0.75203,1.50,1.75
2016.04.25 18:42:02.593,0.7518,0.75205,1.75,1.75
2016.04.25 18:42:03.604,0.75185,0.75206,1.00,1.75
2016.04.25 18:42:21.628,0.75184,0.75207,1.12,1.75
2016.04.25 18:42:23.299,0.75185,0.75206,1.00,1.75
2016.04.25 18:42:37.921,0.75184,0.75208,1.12,2.25
2016.04.25 18:42:41.882,0.75185,0.75208,1.00,2.25
2016.04.25 18:42:47.652,0.75184,0.75208,1.12,2.25
2016.04.25 18:42:48.043,0.75185,0.75206,1.00,2.25
2016.04.25 18:42:52.552,0.75185,0.75202,1.00,1.00
2016.04.25 18:42:53.652,0.75182,0.75202,1.00,1.00
2016.04.25 18:42:54.679,0.75185,0.75202,1.00,1.00
2016.04.25 18:42:54.780,0.75182,0.75202,1.00,1.00
2016.04.25 18:42:55.334,0.75185,0.75202,1.00,1.00
2016.04.25 18:43:13.684,0.75185,0.75207,1.00,1.75
2016.04.25 18:43:17.796,0.75184,0.75207,1.00,2.25
2016.04.25 18:43:25.319,0.75184,0.75207,1.12,1.75
2016.04.25 18:43:35.362,0.75185,0.75207,1.00,1.75
2016.04.25 18:43:37.239,0.75184,0.75208,1.12,1.75
2016.04.25 18:43:43.172,0.7519,0.75208,1.00,1.75
2016.04.25 18:43:43.273,0.7519,0.75209,1.00,1.75
2016.04.25 18:43:43.576,0.7519,0.75211,1.00,1.75
2016.04.25 18:43:43.877,0.7519,0.75211,1.12,1.75
2016.04.25 18:43:55.960,0.75195,0.75213,1.00,1.75
2016.04.25 18:43:56.484,0.7519,0.75216,1.87,3.00
2016.04.25 18:43:56.788,0.7519,0.75216,1.75,2.25
2016.04.25 18:44:02.628,0.75192,0.75218,1.50,3.00
2016.04.25 18:44:02.678,0.75192,0.75218,1.75,1.75
2016.04.25 18:44:02.779,0.75191,0.75218,1.75,1.75
2016.04.25 18:44:03.081,0.75189,0.75215,1.75,1.75
2016.04.25 18:44:05.220,0.7519,0.75215,1.12,1.75
2016.04.25 18:44:05.532,0.75195,0.75215,1.00,2.25
2016.04.25 18:44:05.583,0.75195,0.75217,1.00,2.25
2016.04.25 18:44:05.684,0.75195,0.75218,1.00,1.75
2016.04.25 18:44:05.785,0.75193,0.75212,1.00,1.00
2016.04.25 18:44:05.936,0.75192,0.75211,1.12,1.37
2016.04.25 18:44:06.439,0.75192,0.75213,1.00,1.75
2016.04.25 18:44:06.540,0.7519,0.75213,1.00,2.25
2016.04.25 18:44:08.691,0.75185,0.7521,1.75,1.75
2016.04.25 18:44:09.196,0.7519,0.75211,1.00,1.75
2016.04.25 18:44:09.498,0.7519,0.7521,1.50,1.00
2016.04.25 18:44:10.047,0.7519,0.75212,1.12,1.75
2016.04.25 18:44:10.452,0.75185,0.7521,1.75,1.75
2016.04.25 18:44:10.565,0.7519,0.75212,1.00,1.75
2016.04.25 18:44:10.615,0.7519,0.75212,1.12,1.75
2016.04.25 18:44:11.251,0.75185,0.7521,1.75,1.75
2016.04.25 18:44:11.302,0.75185,0.7521,1.75,1.75
2016.04.25 18:44:11.352,0.75189,0.75213,1.37,3.00
2016.04.25 18:44:11.403,0.75189,0.75213,1.75,1.75
2016.04.25 18:44:11.504,0.75189,0.75214,1.75,1.50
2016.04.25 18:44:12.473,0.75195,0.75216,1.00,1.75
2016.04.25 18:44:13.009,0.75191,0.75217,1.75,1.75
2016.04.25 18:44:13.658,0.75195,0.75217,1.00,1.75
2016.04.25 18:44:15.621,0.75191,0.75217,1.75,1.75
2016.04.25 18:44:23.033,0.7519,0.75217,2.25,1.50
2016.04.25 18:44:27.197,0.75191,0.75218,1.75,2.25
2016.04.25 18:44:27.550,0.75194,0.75212,1.00,1.37
2016.04.25 18:44:27.661,0.75189,0.7521,1.12,2.25
2016.04.25 18:44:28.612,0.75189,0.75211,1.75,1.50
2016.04.25 18:44:35.520,0.75189,0.75214,2.25,1.75
2016.04.25 18:44:35.649,0.75189,0.75211,1.37,1.37
2016.04.25 18:44:35.701,0.75189,0.75211,1.12,1.75
2016.04.25 18:44:37.223,0.7519,0.75213,1.12,1.75
2016.04.25 18:44:45.623,0.75185,0.75209,2.25,1.37
2016.04.25 18:44:45.925,0.75185,0.75209,2.25,1.75
2016.04.25 18:44:53.418,0.75185,0.75211,1.75,1.75
2016.04.25 18:44:53.469,0.75184,0.75211,1.75,1.75
2016.04.25 18:44:53.877,0.75185,0.75214,1.75,2.25
2016.04.25 18:44:54.092,0.75187,0.75208,1.00,1.00
2016.04.25 18:44:54.143,0.7518,0.75206,3.00,1.37
2016.04.25 18:44:54.194,0.7518,0.75206,1.75,1.75
2016.04.25 18:44:54.390,0.75179,0.75202,1.75,1.50
2016.04.25 18:44:54.491,0.75179,0.75201,1.50,1.75
2016.04.25 18:44:54.542,0.75179,0.75201,1.37,1.75
2016.04.25 18:44:54.592,0.75175,0.75201,1.75,1.75
2016.04.25 18:44:56.115,0.75175,0.75201,1.75,1.75
2016.04.25 18:44:56.631,0.75175,0.752,1.75,1.75
2016.04.25 18:45:02.572,0.75175,0.75203,2.25,1.75
2016.04.25 18:45:03.107,0.7518,0.75205,1.75,1.75
2016.04.25 18:45:05.557,0.75179,0.75205,1.50,2.25
2016.04.25 18:45:05.608,0.7518,0.75205,1.12,2.25
2016.04.25 18:45:05.681,0.7518,0.75205,1.75,2.25
2016.04.25 18:45:07.268,0.7518,0.75204,1.37,1.75
2016.04.25 18:45:07.319,0.7518,0.75204,1.12,1.75
2016.04.25 18:45:09.424,0.7518,0.75201,1.37,1.75
2016.04.25 18:45:09.975,0.7518,0.75205,1.75,1.75
2016.04.25 18:45:11.430,0.75185,0.75207,1.00,1.75
2016.04.25 18:45:11.781,0.75185,0.75204,1.00,1.00
2016.04.25 18:45:13.085,0.75184,0.75204,1.00,1.00
2016.04.25 18:45:13.136,0.7518,0.75207,1.75,2.25
2016.04.25 18:45:13.665,0.75179,0.75206,2.25,1.75
2016.04.25 18:45:14.799,0.7518,0.75207,1.75,1.75
2016.04.25 18:45:15.000,0.75182,0.75209,2.25,1.75
2016.04.25 18:45:18.013,0.75185,0.75213,2.25,1.75
2016.04.25 18:45:18.516,0.75185,0.75213,2.25,1.75
2016.04.25 18:45:35.745,0.75185,0.75208,1.75,3.00
2016.04.25 18:45:35.796,0.75185,0.75208,1.50,3.00
2016.04.25 18:45:35.947,0.75185,0.75208,1.12,3.00
2016.04.25 18:45:46.311,0.75181,0.75206,1.75,1.75
2016.04.25 18:45:47.438,0.75185,0.75206,1.00,1.75
2016.04.25 18:45:52.810,0.75181,0.75206,1.75,1.75
2016.04.25 18:45:56.188,0.75181,0.75203,1.75,1.00
2016.04.25 18:45:57.147,0.75185,0.75206,1.00,1.75
2016.04.25 18:45:57.248,0.75185,0.75207,2.25,1.50
2016.04.25 18:45:57.299,0.75187,0.75207,1.37,1.50
2016.04.25 18:45:57.450,0.75187,0.75213,1.75,1.75
2016.04.25 18:46:05.656,0.75185,0.7521,1.75,1.75
2016.04.25 18:46:08.530,0.7519,0.75211,1.00,1.75
2016.04.25 18:46:09.012,0.75184,0.75211,3.00,1.75
2016.04.25 18:46:09.410,0.7519,0.75211,1.00,1.75
2016.04.25 18:46:09.864,0.7519,0.75211,1.12,1.75
2016.04.25 18:46:17.748,0.75184,0.75211,3.00,1.75
2016.04.25 18:46:18.349,0.75184,0.75211,3.00,1.75
2016.04.25 18:46:21.502,0.75186,0.75213,1.75,2.25
2016.04.25 18:46:23.758,0.75185,0.75209,1.75,3.37
2016.04.25 18:46:23.808,0.75185,0.75209,1.75,3.75
2016.04.25 18:46:23.859,0.75185,0.75208,1.50,3.00
2016.04.25 18:46:24.111,0.75186,0.75206,1.00,1.00
2016.04.25 18:46:24.162,0.75185,0.75208,1.50,3.00
2016.04.25 18:46:24.711,0.75184,0.75208,1.50,3.00
2016.04.25 18:46:29.517,0.75181,0.75206,1.75,2.25
2016.04.25 18:46:29.568,0.75182,0.75203,1.00,1.00
2016.04.25 18:46:31.882,0.75182,0.75203,1.00,1.50
2016.04.25 18:46:32.212,0.75175,0.75201,2.25,1.75
2016.04.25 18:46:33.886,0.75175,0.75199,1.75,1.50
2016.04.25 18:46:34.188,0.75174,0.752,1.75,1.75
2016.04.25 18:46:35.189,0.75175,0.752,1.37,3.75
2016.04.25 18:46:35.693,0.75175,0.75199,1.00,1.75
2016.04.25 18:46:36.292,0.75174,0.75197,1.12,1.75
2016.04.25 18:46:36.940,0.75175,0.75197,1.00,2.25
2016.04.25 18:46:39.299,0.75171,0.75197,1.75,1.75
2016.04.25 18:46:39.899,0.75175,0.75197,1.00,1.75
2016.04.25 18:46:44.208,0.75171,0.75196,1.75,1.75
2016.04.25 18:46:44.914,0.75175,0.75198,1.00,1.75
2016.04.25 18:46:56.221,0.75175,0.75197,1.37,1.75
2016.04.25 18:47:02.037,0.75175,0.75197,1.12,1.75
2016.04.25 18:47:02.138,0.7517,0.75193,1.75,1.00
2016.04.25 18:47:02.348,0.7517,0.75193,1.75,1.75
2016.04.25 18:47:04.139,0.7517,0.75195,1.75,1.75
2016.04.25 18:47:04.753,0.75171,0.75196,1.75,1.75
2016.04.25 18:47:11.295,0.75175,0.75197,1.00,1.75
2016.04.25 18:47:12.450,0.75175,0.75198,1.00,2.25
2016.04.25 18:47:17.754,0.75175,0.75197,1.37,1.75
2016.04.25 18:47:18.306,0.75175,0.75197,1.50,1.75
2016.04.25 18:47:30.016,0.7518,0.75198,1.00,1.75
2016.04.25 18:47:37.579,0.75175,0.75198,1.50,1.75
2016.04.25 18:47:40.549,0.7518,0.75198,1.00,1.75
2016.04.25 18:47:41.143,0.75175,0.75198,1.50,1.75
2016.04.25 18:47:41.539,0.7518,0.75198,1.00,1.75
2016.04.25 18:47:42.290,0.7518,0.752,1.00,2.25
2016.04.25 18:47:42.341,0.7518,0.752,1.00,2.25
2016.04.25 18:47:43.101,0.75179,0.752,1.00,2.25
2016.04.25 18:47:44.518,0.7518,0.752,1.00,2.25
2016.04.25 18:47:44.848,0.7518,0.75199,1.00,1.75
2016.04.25 18:47:46.626,0.75175,0.75194,1.00,1.00
2016.04.25 18:47:46.727,0.75179,0.75199,1.00,1.75
2016.04.25 18:47:46.828,0.75175,0.752,1.12,1.75
2016.04.25 18:47:46.929,0.75174,0.75198,1.00,2.25
2016.04.25 18:47:47.810,0.7517,0.75197,1.75,1.75
2016.04.25 18:47:54.958,0.7517,0.7519,1.50,1.00
2016.04.25 18:48:11.665,0.75169,0.75194,1.75,1.75
2016.04.25 18:48:19.381,0.75169,0.75194,1.50,1.75
2016.04.25 18:48:24.544,0.7517,0.75192,1.37,1.00
2016.04.25 18:48:25.787,0.7517,0.75194,1.50,1.75
2016.04.25 18:48:28.062,0.7517,0.75194,1.50,1.75
2016.04.25 18:48:28.814,0.7517,0.75196,1.75,1.75
2016.04.25 18:48:34.227,0.75175,0.75196,1.00,1.75
2016.04.25 18:48:36.538,0.7517,0.75196,1.75,1.75
2016.04.25 18:48:41.474,0.7517,0.75193,1.75,1.00
2016.04.25 18:48:49.501,0.7517,0.75196,1.75,1.75
2016.04.25 18:48:50.250,0.7517,0.75196,1.75,1.75
2016.04.25 18:49:00.614,0.7517,0.75196,1.75,2.25
2016.04.25 18:49:01.004,0.7517,0.75196,1.75,2.25
2016.04.25 18:49:01.554,0.7517,0.75196,1.75,2.25
2016.04.25 18:49:16.136,0.7517,0.75192,2.25,1.00
2016.04.25 18:49:23.516,0.75175,0.75196,1.00,1.75
2016.04.25 18:49:23.667,0.7517,0.75196,2.25,1.75
2016.04.25 18:49:30.010,0.75175,0.75196,1.00,1.75
2016.04.25 18:49:31.061,0.75175,0.75196,1.00,1.75
2016.04.25 18:49:32.586,0.75175,0.75196,1.00,1.75
2016.04.25 18:49:32.637,0.75175,0.75196,1.00,1.75
2016.04.25 18:49:33.973,0.75171,0.75198,1.50,3.00
2016.04.25 18:49:34.074,0.75171,0.75197,1.50,2.25
2016.04.25 18:49:40.383,0.7517,0.75191,1.50,1.00
2016.04.25 18:49:47.912,0.7517,0.7519,1.12,1.50
2016.04.25 18:49:48.246,0.75163,0.75188,1.75,1.75
2016.04.25 18:49:48.548,0.75159,0.75186,1.75,1.75
2016.04.25 18:49:48.649,0.75162,0.75182,1.00,1.00
2016.04.25 18:49:56.218,0.7516,0.75185,1.75,1.75
2016.04.25 18:49:56.729,0.7516,0.75185,1.50,1.75
2016.04.25 18:50:36.217,0.75159,0.7518,1.50,1.00
2016.04.25 18:50:42.123,0.75155,0.75182,3.00,1.75
2016.04.25 18:50:44.274,0.75161,0.75184,1.00,3.00
2016.04.25 18:50:44.993,0.7516,0.75184,1.00,3.00
2016.04.25 18:50:56.309,0.7516,0.75182,1.00,1.75
2016.04.25 18:50:59.935,0.75159,0.75181,1.00,1.75
2016.04.25 18:51:00.472,0.7516,0.75182,1.00,1.75
2016.04.25 18:51:02.135,0.7516,0.75183,1.00,3.75
2016.04.25 18:51:02.236,0.75156,0.75181,1.12,1.75
2016.04.25 18:51:03.388,0.75155,0.75181,1.12,3.75
2016.04.25 18:51:10.150,0.75155,0.75177,1.12,1.75
2016.04.25 18:51:10.788,0.75155,0.75177,1.00,1.75
2016.04.25 18:51:11.235,0.7515,0.75177,2.25,1.75
2016.04.25 18:51:14.253,0.75155,0.75175,1.00,1.75
2016.04.25 18:51:16.411,0.7515,0.75177,1.75,2.25
2016.04.25 18:51:17.441,0.75155,0.75177,1.00,2.25
2016.04.25 18:51:17.592,0.75155,0.75178,1.00,1.75
2016.04.25 18:51:17.692,0.75155,0.75179,1.75,1.75
2016.04.25 18:51:17.994,0.75159,0.75181,1.00,1.75
2016.04.25 18:51:18.495,0.75155,0.75181,1.75,1.75
2016.04.25 18:51:23.050,0.75159,0.75179,1.00,1.75
2016.04.25 18:51:24.777,0.75154,0.75178,1.75,1.75
2016.04.25 18:51:24.828,0.75155,0.75175,1.00,1.00
2016.04.25 18:51:41.525,0.7516,0.75175,1.00,1.00
2016.04.25 18:51:41.861,0.75155,0.75175,1.50,1.00
2016.04.25 18:51:56.238,0.75155,0.75179,1.50,2.25
2016.04.25 18:52:11.445,0.75155,0.75179,1.37,2.25
2016.04.25 18:52:11.597,0.75154,0.75178,1.12,2.25
2016.04.25 18:52:12.336,0.75155,0.75178,1.00,2.25
2016.04.25 18:52:17.960,0.75154,0.75178,1.12,2.25
2016.04.25 18:52:32.539,0.75154,0.75176,1.12,1.75
2016.04.25 18:52:33.148,0.75154,0.75176,1.00,1.75
2016.04.25 18:52:40.516,0.7515,0.75177,1.75,2.25
2016.04.25 18:52:45.141,0.75155,0.75176,1.00,1.75
2016.04.25 18:52:48.474,0.75155,0.75175,1.00,3.00
2016.04.25 18:52:57.401,0.75155,0.75176,1.00,2.25
2016.04.25 18:52:57.653,0.7515,0.75176,1.50,2.25
2016.04.25 18:53:00.509,0.75155,0.75175,1.00,2.25
2016.04.25 18:53:01.163,0.7515,0.75176,1.50,2.25
2016.04.25 18:53:02.393,0.75155,0.75176,1.00,1.75
2016.04.25 18:53:03.368,0.75154,0.75177,1.00,3.00
2016.04.25 18:53:18.554,0.75155,0.75178,1.00,3.75
2016.04.25 18:53:20.344,0.75154,0.75178,1.00,3.75
2016.04.25 18:53:21.465,0.7516,0.7518,1.00,1.75
2016.04.25 18:53:21.666,0.7516,0.75185,1.12,1.75
2016.04.25 18:53:21.722,0.7516,0.75185,1.37,1.75
2016.04.25 18:53:37.077,0.75165,0.75185,1.00,1.75
2016.04.25 18:53:37.765,0.75165,0.75185,1.00,3.00
2016.04.25 18:53:40.506,0.75165,0.75186,1.00,1.75
2016.04.25 18:53:40.607,0.75165,0.75187,1.37,1.75
2016.04.25 18:53:40.657,0.75165,0.75189,2.25,1.75
2016.04.25 18:53:41.193,0.75168,0.75193,1.00,3.00
2016.04.25 18:53:41.654,0.7517,0.75193,1.00,3.00
2016.04.25 18:53:48.032,0.7517,0.75193,1.00,2.25
2016.04.25 18:53:52.219,0.7517,0.75192,1.00,2.25
2016.04.25 18:53:59.532,0.7517,0.75186,1.00,1.00
2016.04.25 18:54:00.599,0.75175,0.75193,1.00,1.75
2016.04.25 18:54:03.772,0.75169,0.75193,1.00,1.75
2016.04.25 18:54:04.556,0.7517,0.75192,1.00,2.25
2016.04.25 18:54:10.685,0.7517,0.75188,1.00,1.75
2016.04.25 18:54:10.736,0.75166,0.75188,1.00,1.75
2016.04.25 18:54:10.786,0.75165,0.75186,1.00,2.25
2016.04.25 18:54:10.937,0.75165,0.75182,1.00,1.00
2016.04.25 18:54:11.463,0.75164,0.75182,1.00,1.00
2016.04.25 18:54:17.180,0.75164,0.75185,1.00,2.25
2016.04.25 18:54:18.292,0.7516,0.75179,1.00,1.00
2016.04.25 18:54:18.682,0.7516,0.75186,1.37,1.75
2016.04.25 18:54:19.014,0.75165,0.75186,1.00,1.75
2016.04.25 18:54:19.614,0.7516,0.75186,1.75,1.75
2016.04.25 18:54:19.833,0.75165,0.75186,1.00,1.75
2016.04.25 18:54:30.172,0.7516,0.75186,1.75,1.75
2016.04.25 18:54:32.641,0.75165,0.75186,1.00,1.75
2016.04.25 18:54:37.542,0.7516,0.75186,1.12,1.75
2016.04.25 18:54:38.421,0.75165,0.75186,1.00,1.75
2016.04.25 18:54:39.837,0.75165,0.75182,1.00,1.00
2016.04.25 18:54:43.071,0.75165,0.75187,1.37,1.75
2016.04.25 18:54:43.121,0.75165,0.75187,1.50,1.75
2016.04.25 18:54:43.751,0.75169,0.7519,1.00,1.75
2016.04.25 18:54:44.276,0.75165,0.75191,1.75,1.75
2016.04.25 18:54:44.696,0.75169,0.75189,1.00,1.00
2016.04.25 18:54:47.893,0.7517,0.75189,1.00,1.00
2016.04.25 18:54:49.138,0.75169,0.75189,1.50,1.00
2016.04.25 18:54:49.689,0.7517,0.75189,1.00,1.00
2016.04.25 18:54:49.912,0.75166,0.75192,1.75,1.75
2016.04.25 18:54:51.172,0.75165,0.75189,1.37,1.75
2016.04.25 18:54:51.222,0.75165,0.75189,1.00,1.75
2016.04.25 18:54:51.335,0.75162,0.75189,1.12,1.75
2016.04.25 18:54:54.875,0.75162,0.75189,1.37,1.75
2016.04.25 18:54:55.177,0.7517,0.75187,1.12,1.00
2016.04.25 18:54:55.752,0.7517,0.7519,1.12,1.75
2016.04.25 18:54:59.422,0.7517,0.75192,1.00,1.75
2016.04.25 18:55:00.692,0.75169,0.75191,1.00,1.75
2016.04.25 18:55:01.288,0.75169,0.75193,1.37,1.75
2016.04.25 18:55:18.224,0.75169,0.75191,1.12,1.75
2016.04.25 18:55:18.726,0.7517,0.7519,1.12,1.50
2016.04.25 18:55:18.777,0.7517,0.75192,1.87,1.75
2016.04.25 18:55:18.827,0.75175,0.75192,1.12,1.37
2016.04.25 18:55:18.979,0.75175,0.75195,1.50,1.00
2016.04.25 18:55:21.580,0.75174,0.75199,1.12,1.50
2016.04.25 18:55:22.089,0.75174,0.75199,1.00,1.00
2016.04.25 18:55:23.424,0.75175,0.75199,1.00,1.00
2016.04.25 18:55:25.800,0.75177,0.75199,1.00,1.00
2016.04.25 18:55:26.103,0.7518,0.75199,1.00,1.00
2016.04.25 18:55:26.154,0.7518,0.75203,1.00,1.12
2016.04.25 18:55:29.006,0.7518,0.75202,1.00,1.00
2016.04.25 18:55:29.412,0.75175,0.75201,1.00,1.50
2016.04.25 18:55:29.914,0.75175,0.752,1.00,1.00
2016.04.25 18:55:31.417,0.75175,0.75201,1.50,1.00
2016.04.25 18:55:32.814,0.75179,0.75202,1.00,1.00
2016.04.25 18:55:33.213,0.75175,0.752,2.25,1.00
2016.04.25 18:55:33.348,0.7518,0.75202,1.00,1.00
2016.04.25 18:55:33.924,0.7518,0.75203,1.00,1.12
2016.04.25 18:55:34.464,0.7518,0.75202,1.00,1.00
2016.04.25 18:55:35.029,0.7518,0.75203,1.00,1.12
2016.04.25 18:55:35.281,0.7518,0.75205,1.00,1.87
2016.04.25 18:55:36.584,0.7518,0.75203,1.00,1.00
2016.04.25 18:55:36.786,0.7518,0.75205,1.00,1.12
2016.04.25 18:55:37.437,0.75179,0.75206,1.00,2.25
2016.04.25 18:55:37.944,0.7518,0.75206,1.00,1.50
2016.04.25 18:55:39.436,0.7518,0.75203,1.00,1.00
2016.04.25 18:55:41.619,0.75185,0.75203,1.00,1.12
2016.04.25 18:55:41.799,0.75185,0.75206,1.00,1.00
2016.04.25 18:55:43.772,0.7518,0.75206,1.50,1.00
2016.04.25 18:55:45.948,0.7518,0.75207,1.50,1.00
2016.04.25 18:55:50.012,0.7518,0.75206,1.50,1.00
2016.04.25 18:55:50.063,0.7518,0.75204,1.00,1.00
2016.04.25 18:55:50.114,0.75176,0.75204,1.00,1.37
2016.04.25 18:55:50.638,0.75175,0.75202,1.50,1.50
2016.04.25 18:55:51.177,0.75175,0.752,1.00,1.00
2016.04.25 18:55:53.031,0.75174,0.752,1.50,1.00
2016.04.25 18:55:53.829,0.75175,0.752,1.00,1.00
2016.04.25 18:55:54.370,0.75174,0.752,1.50,1.00
2016.04.25 18:55:58.145,0.75174,0.75201,1.50,1.12
2016.04.25 18:56:00.951,0.7518,0.75201,1.00,1.12
2016.04.25 18:56:01.406,0.7518,0.75203,1.00,1.00
2016.04.25 18:56:02.552,0.7518,0.75204,1.00,1.00
2016.04.25 18:56:02.804,0.75181,0.75206,1.00,1.12
2016.04.25 18:56:02.904,0.75182,0.75209,1.00,1.00
2016.04.25 18:56:02.955,0.75184,0.75209,1.00,1.00
2016.04.25 18:56:03.310,0.7519,0.75209,1.00,1.00
2016.04.25 18:56:03.418,0.75185,0.75209,1.00,1.00
2016.04.25 18:56:03.570,0.75185,0.75211,1.00,1.50
2016.04.25 18:56:04.112,0.75185,0.7521,1.00,1.87
2016.04.25 18:56:04.932,0.7519,0.7521,1.00,1.12
2016.04.25 18:56:08.217,0.75185,0.7521,1.00,1.87
2016.04.25 18:56:08.318,0.7519,0.7521,1.00,1.87
2016.04.25 18:56:08.472,0.75185,0.75208,1.00,1.00
2016.04.25 18:56:10.881,0.75185,0.75209,1.00,1.00
2016.04.25 18:56:11.234,0.75185,0.75212,1.50,1.87
2016.04.25 18:56:11.431,0.75186,0.75214,1.00,1.00
2016.04.25 18:56:13.921,0.7519,0.75214,1.00,1.00
2016.04.25 18:56:14.519,0.75186,0.75213,1.00,1.00
2016.04.25 18:56:17.041,0.75187,0.75214,1.00,1.50
2016.04.25 18:56:17.160,0.7519,0.75214,1.00,1.50
2016.04.25 18:56:19.497,0.7519,0.75213,1.00,1.00
2016.04.25 18:56:20.697,0.75194,0.75213,1.00,1.00
2016.04.25 18:56:21.451,0.75194,0.75214,1.00,1.00
2016.04.25 18:56:21.953,0.75195,0.75215,1.00,1.00
2016.04.25 18:56:26.074,0.75195,0.75214,1.00,1.00
2016.04.25 18:56:26.571,0.7519,0.75214,1.00,1.00
2016.04.25 18:56:27.123,0.75195,0.75214,1.00,1.00
2016.04.25 18:56:28.882,0.7519,0.75214,1.00,1.00
2016.04.25 18:56:29.018,0.75186,0.75214,1.50,1.00
2016.04.25 18:56:29.069,0.75186,0.75212,1.00,1.00
2016.04.25 18:56:29.569,0.7519,0.75212,1.00,1.00
2016.04.25 18:56:29.620,0.7519,0.75214,1.00,1.50
2016.04.25 18:56:30.170,0.75189,0.75213,1.12,1.00
2016.04.25 18:56:30.671,0.7519,0.75213,1.00,1.00
2016.04.25 18:56:31.692,0.7519,0.75215,1.00,1.00
2016.04.25 18:56:34.641,0.7519,0.75216,1.50,1.00
2016.04.25 18:56:34.742,0.75194,0.75216,1.00,1.00
2016.04.25 18:56:35.310,0.75194,0.75217,1.00,1.12
2016.04.25 18:56:37.298,0.75195,0.75216,1.00,1.00
2016.04.25 18:56:38.302,0.75195,0.75217,1.00,1.12
2016.04.25 18:56:38.649,0.752,0.7522,1.00,1.50
2016.04.25 18:56:38.851,0.75199,0.75222,1.00,1.00
2016.04.25 18:56:39.462,0.752,0.75223,1.00,1.87
2016.04.25 18:56:39.622,0.752,0.75221,1.00,1.00
2016.04.25 18:56:40.053,0.75195,0.7522,1.00,1.00
2016.04.25 18:56:40.154,0.75195,0.75216,1.00,1.00
2016.04.25 18:56:40.562,0.7519,0.75215,1.00,1.00
2016.04.25 18:56:41.283,0.75189,0.75215,1.12,1.00
2016.04.25 18:56:41.556,0.75195,0.75215,1.00,1.00
2016.04.25 18:56:42.541,0.7519,0.75215,1.00,1.50
2016.04.25 18:56:43.202,0.75195,0.75217,1.00,1.00
2016.04.25 18:56:43.881,0.75195,0.75216,1.00,1.00
2016.04.25 18:56:45.409,0.7519,0.75216,1.00,1.00
2016.04.25 18:56:45.460,0.75192,0.75217,1.00,1.00
2016.04.25 18:56:45.765,0.75194,0.75218,1.00,1.00
2016.04.25 18:56:46.306,0.75195,0.75218,1.00,1.00
2016.04.25 18:56:46.617,0.75193,0.75219,1.00,1.00
2016.04.25 18:56:46.667,0.7519,0.75216,1.00,1.00
2016.04.25 18:56:47.260,0.7519,0.75217,1.50,1.00
2016.04.25 18:56:48.151,0.75195,0.75217,1.00,1.00
2016.04.25 18:56:48.305,0.7519,0.75217,1.00,1.00
2016.04.25 18:56:48.508,0.75195,0.75217,1.00,1.00
2016.04.25 18:56:48.857,0.75191,0.75218,1.00,1.12
2016.04.25 18:56:49.072,0.75194,0.75218,1.00,1.12
2016.04.25 18:56:49.924,0.75191,0.75218,1.00,1.12
2016.04.25 18:56:50.174,0.7519,0.75215,1.00,1.00
2016.04.25 18:56:50.467,0.7519,0.75217,1.00,1.00
2016.04.25 18:56:51.628,0.75191,0.75218,1.00,1.87
2016.04.25 18:56:52.111,0.75195,0.75218,1.00,1.87
2016.04.25 18:56:52.262,0.75195,0.75221,1.00,1.50
2016.04.25 18:56:52.481,0.75196,0.75223,1.00,1.87
2016.04.25 18:56:52.783,0.752,0.75223,1.00,1.12
2016.04.25 18:56:57.612,0.75196,0.75223,1.00,1.12
2016.04.25 18:56:57.944,0.75199,0.75222,1.00,1.00
2016.04.25 18:56:59.298,0.75194,0.75222,1.87,1.00
2016.04.25 18:56:59.731,0.752,0.75222,1.00,1.50
2016.04.25 18:56:59.941,0.75195,0.75222,1.87,1.00
2016.04.25 18:57:00.470,0.75195,0.75223,1.12,1.00
2016.04.25 18:57:00.521,0.752,0.75223,1.00,1.00
2016.04.25 18:57:01.130,0.752,0.75224,1.00,1.00
2016.04.25 18:57:01.499,0.75204,0.75224,1.00,1.00
2016.04.25 18:57:01.713,0.752,0.75226,1.00,1.87
2016.04.25 18:57:05.774,0.75205,0.75225,1.00,1.00
2016.04.25 18:57:05.825,0.75205,0.75227,1.00,1.00
2016.04.25 18:57:06.027,0.75207,0.75231,1.00,1.00
2016.04.25 18:57:06.233,0.75205,0.75229,1.00,1.00
2016.04.25 18:57:06.670,0.75205,0.75227,1.00,1.00
2016.04.25 18:57:07.073,0.75202,0.75227,1.00,1.00
2016.04.25 18:57:07.347,0.752,0.75226,1.12,1.00
2016.04.25 18:57:07.876,0.75201,0.75226,1.00,1.00
2016.04.25 18:57:08.001,0.75201,0.75224,1.00,1.00
2016.04.25 18:57:08.407,0.75197,0.75224,1.50,1.00
2016.04.25 18:57:08.458,0.75197,0.7522,1.00,1.00
2016.04.25 18:57:08.559,0.752,0.75224,1.00,1.00
2016.04.25 18:57:09.074,0.75205,0.75224,1.00,1.00
2016.04.25 18:57:09.124,0.75205,0.75229,1.00,1.00
2016.04.25 18:57:09.225,0.75205,0.75232,1.50,1.12
2016.04.25 18:57:09.276,0.7521,0.75232,1.00,1.00
2016.04.25 18:57:09.535,0.7521,0.75235,1.00,2.62
2016.04.25 18:57:10.053,0.7521,0.75234,1.00,1.00
2016.04.25 18:57:10.261,0.75215,0.75234,1.00,1.50
2016.04.25 18:57:10.482,0.75209,0.75234,1.00,1.50
2016.04.25 18:57:10.788,0.7521,0.75231,1.00,1.00
2016.04.25 18:57:11.108,0.7521,0.75228,1.00,1.00
2016.04.25 18:57:11.158,0.75205,0.75228,1.00,1.00
2016.04.25 18:57:11.690,0.75205,0.75229,1.00,1.00
2016.04.25 18:57:11.841,0.75205,0.75226,1.00,1.00
2016.04.25 18:57:12.375,0.75205,0.75224,1.00,1.00
2016.04.25 18:57:12.627,0.75205,0.75226,1.00,1.00
2016.04.25 18:57:12.732,0.75205,0.75229,1.00,1.00
2016.04.25 18:57:13.159,0.7521,0.7523,1.00,1.50
2016.04.25 18:57:13.739,0.7521,0.75233,1.00,1.12
2016.04.25 18:57:13.789,0.75215,0.75233,1.00,1.00
2016.04.25 18:57:14.371,0.75214,0.75232,1.00,1.00
2016.04.25 18:57:14.471,0.7521,0.75232,1.00,1.00
2016.04.25 18:57:15.431,0.75215,0.75232,1.00,1.00
2016.04.25 18:57:16.035,0.75215,0.75235,1.00,1.00
2016.04.25 18:57:16.434,0.75219,0.75235,1.00,1.00
2016.04.25 18:57:16.485,0.75219,0.75237,1.00,1.00
2016.04.25 18:57:16.585,0.75214,0.75236,1.00,1.00
2016.04.25 18:57:16.837,0.75215,0.75234,1.00,1.00
2016.04.25 18:57:17.403,0.75215,0.75235,1.00,1.00
2016.04.25 18:57:19.441,0.75215,0.75234,1.00,1.00
2016.04.25 18:57:22.262,0.75214,0.75234,1.00,1.00
2016.04.25 18:57:22.515,0.7522,0.75242,1.00,1.00
2016.04.25 18:57:22.666,0.7522,0.75244,1.00,2.62
2016.04.25 18:57:23.903,0.75219,0.75244,1.00,2.25
2016.04.25 18:57:24.692,0.75219,0.75243,1.00,1.00
2016.04.25 18:57:25.221,0.7522,0.75243,1.00,1.00
2016.04.25 18:57:25.589,0.75216,0.75243,1.12,1.00
2016.04.25 18:57:25.740,0.75215,0.7524,1.87,1.00
2016.04.25 18:57:25.841,0.75215,0.75242,2.62,1.00
2016.04.25 18:57:27.315,0.75215,0.7524,1.87,1.00
2016.04.25 18:57:27.592,0.7522,0.75245,1.00,1.00
2016.04.25 18:57:29.272,0.7522,0.75243,1.00,1.00
2016.04.25 18:57:29.323,0.75218,0.75243,1.00,1.00
2016.04.25 18:57:29.484,0.75215,0.75243,1.50,1.50
2016.04.25 18:57:31.420,0.75215,0.75241,1.00,1.00
2016.04.25 18:57:35.800,0.7522,0.75241,1.00,1.00
2016.04.25 18:57:36.924,0.75219,0.75242,1.00,1.50
2016.04.25 18:57:37.076,0.75219,0.75244,1.00,1.50
2016.04.25 18:57:37.597,0.75219,0.75244,1.50,1.00
2016.04.25 18:57:38.154,0.75219,0.75245,1.50,1.50
2016.04.25 18:57:38.737,0.7522,0.75244,1.00,1.00
2016.04.25 18:57:38.787,0.7522,0.75242,1.00,2.25
2016.04.25 18:57:39.039,0.75215,0.75239,1.50,2.25
2016.04.25 18:57:39.677,0.75215,0.7524,1.00,2.25
2016.04.25 18:57:40.210,0.75215,0.75239,1.00,3.00
2016.04.25 18:57:40.361,0.75215,0.75237,1.00,2.25
2016.04.25 18:57:43.506,0.75215,0.75238,1.00,3.75
2016.04.25 18:57:44.031,0.75215,0.75237,1.00,2.25
2016.04.25 18:57:44.757,0.75215,0.75238,1.00,3.00
2016.04.25 18:57:45.258,0.75215,0.75237,1.00,2.25
2016.04.25 18:57:45.811,0.75215,0.75236,1.00,1.00
2016.04.25 18:57:48.711,0.75219,0.75239,1.00,1.00
2016.04.25 18:57:48.927,0.75215,0.75239,1.87,1.00
2016.04.25 18:57:49.461,0.75215,0.75238,1.50,2.25
2016.04.25 18:57:51.181,0.75215,0.75239,1.00,2.25
2016.04.25 18:57:51.521,0.75215,0.75236,1.00,1.00
2016.04.25 18:57:53.087,0.7522,0.75236,1.00,1.00
2016.04.25 18:57:53.188,0.7522,0.75238,1.00,2.25
2016.04.25 18:57:53.725,0.75219,0.75238,1.00,2.25
2016.04.25 18:57:53.949,0.75215,0.75237,1.00,2.25
2016.04.25 18:57:56.230,0.75215,0.75238,1.00,2.25
2016.04.25 18:57:57.054,0.75215,0.75237,1.00,2.25
2016.04.25 18:57:58.797,0.75215,0.75236,1.00,1.00
2016.04.25 18:57:59.340,0.7522,0.75237,1.00,1.00
2016.04.25 18:58:00.200,0.7522,0.75236,1.00,1.00
2016.04.25 18:58:00.250,0.75215,0.75236,1.00,1.00
2016.04.25 18:58:01.319,0.7522,0.75236,1.00,1.00
2016.04.25 18:58:01.539,0.75215,0.75236,1.00,1.00
2016.04.25 18:58:02.537,0.7522,0.75236,1.00,1.00
2016.04.25 18:58:02.638,0.7522,0.75238,1.00,2.25
2016.04.25 18:58:03.406,0.7522,0.75239,1.00,3.00
2016.04.25 18:58:04.108,0.7522,0.75238,1.00,2.25
2016.04.25 18:58:05.157,0.7522,0.75239,1.00,2.25
2016.04.25 18:58:05.964,0.7522,0.75238,1.00,2.25
2016.04.25 18:58:08.579,0.75215,0.75238,1.00,2.25
2016.04.25 18:58:09.135,0.7522,0.75238,1.00,2.25
2016.04.25 18:58:11.577,0.75219,0.75238,1.00,2.25
2016.04.25 18:58:11.627,0.75219,0.75241,1.00,1.00
2016.04.25 18:58:11.829,0.75219,0.75244,1.00,2.25
2016.04.25 18:58:11.930,0.75219,0.75241,1.00,1.00
2016.04.25 18:58:12.031,0.75219,0.75243,1.00,2.25
2016.04.25 18:58:12.469,0.7522,0.7524,1.00,2.25
2016.04.25 18:58:12.874,0.75219,0.75238,1.00,1.00
2016.04.25 18:58:13.427,0.75219,0.75237,1.00,1.00
2016.04.25 18:58:13.578,0.75215,0.75237,1.00,1.00
2016.04.25 18:58:14.166,0.75215,0.75238,1.00,1.00
2016.04.25 18:58:14.681,0.7522,0.75237,1.00,1.00
2016.04.25 18:58:14.732,0.7522,0.75241,1.00,2.25
2016.04.25 18:58:14.783,0.75215,0.7524,2.62,1.00
2016.04.25 18:58:14.884,0.7522,0.75241,1.00,2.25
2016.04.25 18:58:14.985,0.75216,0.7524,1.37,1.00
2016.04.25 18:58:15.187,0.7522,0.75241,1.00,2.25
2016.04.25 18:58:15.388,0.75215,0.75238,1.50,2.25
2016.04.25 18:58:16.435,0.75214,0.75238,1.00,2.25
2016.04.25 18:58:17.270,0.75215,0.75238,1.00,2.25
2016.04.25 18:58:17.872,0.75215,0.75236,1.00,2.25
2016.04.25 18:58:18.439,0.75214,0.75237,1.00,2.25
2016.04.25 18:58:19.030,0.75215,0.75236,1.00,2.25
2016.04.25 18:58:20.240,0.75214,0.75236,1.00,2.25
2016.04.25 18:58:21.246,0.75214,0.75237,1.00,2.25
2016.04.25 18:58:21.749,0.75214,0.75236,1.00,2.25
2016.04.25 18:58:27.320,0.75216,0.75236,1.00,2.25
2016.04.25 18:58:27.370,0.75216,0.75238,1.00,2.25
2016.04.25 18:58:28.573,0.75216,0.75239,1.00,2.25
2016.04.25 18:58:29.116,0.75216,0.75238,1.00,2.25
2016.04.25 18:58:32.280,0.75216,0.75239,1.00,2.25
2016.04.25 18:58:32.343,0.7522,0.75239,1.00,2.25
2016.04.25 18:58:33.018,0.7522,0.75238,1.00,2.25
2016.04.25 18:58:33.283,0.7522,0.7524,1.00,1.00
2016.04.25 18:58:33.384,0.7522,0.75242,1.00,1.00
2016.04.25 18:58:35.109,0.75225,0.75242,1.00,1.00
2016.04.25 18:58:35.211,0.75225,0.75246,1.00,1.00
2016.04.25 18:58:35.312,0.7522,0.75245,1.00,1.00
2016.04.25 18:58:35.816,0.7522,0.75244,1.00,2.25
2016.04.25 18:58:38.198,0.75219,0.75244,1.00,2.25
2016.04.25 18:58:38.742,0.7522,0.75244,1.00,2.25
2016.04.25 18:58:39.745,0.75225,0.75243,1.00,2.25
2016.04.25 18:58:40.200,0.75225,0.75245,1.00,2.25
2016.04.25 18:58:40.271,0.75222,0.75245,1.00,2.25
2016.04.25 18:58:40.800,0.75221,0.75244,1.00,2.25
2016.04.25 18:58:41.087,0.75225,0.75244,1.00,2.25
2016.04.25 18:58:41.722,0.75225,0.75245,1.00,3.00
2016.04.25 18:58:42.074,0.7522,0.75244,1.00,2.25
2016.04.25 18:58:42.382,0.75225,0.75243,1.00,2.25
2016.04.25 18:58:43.241,0.7522,0.75243,1.00,2.25
2016.04.25 18:58:44.810,0.7522,0.75244,1.00,3.00
2016.04.25 18:58:46.010,0.75219,0.75244,1.12,2.25
2016.04.25 18:58:46.212,0.75225,0.75243,1.00,2.25
2016.04.25 18:58:47.164,0.75225,0.75244,1.00,2.25
2016.04.25 18:58:47.321,0.7522,0.75244,1.00,2.25
2016.04.25 18:58:47.530,0.75224,0.75244,1.00,2.25
2016.04.25 18:58:48.266,0.75224,0.75245,1.00,3.00
2016.04.25 18:58:49.421,0.75224,0.75244,1.00,2.25
2016.04.25 18:58:50.979,0.7522,0.75244,1.00,3.00
2016.04.25 18:58:51.029,0.7522,0.75242,1.00,1.00
2016.04.25 18:58:51.281,0.75215,0.75239,1.37,3.00
2016.04.25 18:58:51.785,0.75215,0.75238,1.00,2.25
2016.04.25 18:58:52.967,0.75215,0.75239,1.00,3.00
2016.04.25 18:58:53.483,0.75215,0.75238,1.00,2.25
2016.04.25 18:58:54.336,0.75215,0.75239,1.00,2.25
2016.04.25 18:58:54.838,0.75215,0.75238,1.00,2.25
2016.04.25 18:58:54.939,0.7522,0.75238,1.00,2.25
2016.04.25 18:58:56.041,0.7522,0.75239,1.00,2.25
2016.04.25 18:58:57.173,0.7522,0.75238,1.00,2.25
2016.04.25 18:58:58.070,0.7522,0.75239,1.00,1.00
2016.04.25 18:58:58.886,0.7522,0.75238,1.00,1.00
2016.04.25 18:59:00.204,0.75219,0.7524,1.12,3.00
2016.04.25 18:59:00.355,0.7522,0.7524,1.12,3.37
2016.04.25 18:59:00.955,0.7522,0.75239,1.00,1.00
2016.04.25 18:59:01.106,0.7522,0.75241,1.37,1.00
2016.04.25 18:59:01.473,0.75225,0.75245,1.00,1.75
2016.04.25 18:59:01.625,0.7522,0.75243,1.75,1.50
2016.04.25 18:59:02.137,0.75224,0.75245,1.00,1.75
2016.04.25 18:59:02.709,0.7522,0.75244,1.75,3.00
2016.04.25 18:59:02.835,0.75225,0.75244,1.00,3.00
2016.04.25 18:59:04.360,0.75224,0.75244,1.00,3.75
2016.04.25 18:59:05.114,0.75225,0.75244,1.00,3.75
2016.04.25 18:59:05.737,0.75225,0.75244,1.12,3.00
2016.04.25 18:59:06.825,0.7523,0.75246,1.00,1.75
2016.04.25 18:59:06.876,0.7523,0.75249,1.00,3.75
2016.04.25 18:59:06.977,0.7523,0.75249,1.37,3.37
2016.04.25 18:59:07.621,0.7523,0.75249,1.00,3.37
2016.04.25 18:59:07.772,0.7522,0.75242,1.87,1.50
2016.04.25 18:59:08.410,0.7522,0.75241,1.37,1.00
2016.04.25 18:59:08.461,0.75225,0.75241,1.00,1.00
2016.04.25 18:59:08.870,0.75222,0.75242,1.00,1.00
2016.04.25 18:59:09.414,0.75222,0.75241,1.00,1.00
2016.04.25 18:59:09.673,0.75222,0.75239,1.00,1.00
2016.04.25 18:59:09.874,0.7522,0.7524,1.50,1.50
2016.04.25 18:59:09.925,0.7522,0.7524,1.50,1.12
2016.04.25 18:59:10.177,0.75204,0.7523,1.12,2.25
2016.04.25 18:59:10.292,0.75202,0.75226,1.75,1.75
2016.04.25 18:59:10.828,0.75205,0.75223,1.12,1.00
2016.04.25 18:59:11.631,0.75205,0.75225,1.12,1.50
2016.04.25 18:59:13.029,0.75205,0.75228,1.37,3.00
2016.04.25 18:59:13.085,0.75204,0.75228,1.75,3.00
2016.04.25 18:59:13.236,0.75204,0.75228,1.75,3.00
2016.04.25 18:59:13.748,0.75205,0.75228,1.50,3.75
2016.04.25 18:59:14.746,0.75205,0.75228,1.50,3.00
2016.04.25 18:59:14.797,0.75205,0.7523,1.75,1.75
2016.04.25 18:59:15.048,0.75208,0.75229,1.00,1.50
2016.04.25 18:59:18.244,0.7521,0.75227,1.00,1.12
2016.04.25 18:59:18.396,0.7521,0.75231,1.75,1.00
2016.04.25 18:59:18.892,0.75215,0.75233,1.00,2.25
2016.04.25 18:59:19.006,0.7521,0.75233,1.75,2.25
2016.04.25 18:59:19.324,0.75215,0.75233,1.00,2.25
2016.04.25 18:59:21.544,0.75215,0.75234,1.37,1.37
2016.04.25 18:59:21.796,0.7522,0.7524,1.12,1.50
2016.04.25 18:59:21.887,0.7522,0.7524,1.50,1.12
2016.04.25 18:59:23.158,0.7522,0.75242,1.50,1.12
2016.04.25 18:59:23.208,0.75225,0.75242,1.00,1.00
2016.04.25 18:59:23.739,0.75225,0.75243,1.00,1.00
2016.04.25 18:59:24.477,0.75225,0.75244,1.00,2.25
2016.04.25 18:59:24.981,0.75225,0.75243,1.00,2.25
2016.04.25 18:59:25.082,0.75215,0.75242,2.25,1.50
2016.04.25 18:59:25.183,0.75219,0.75238,1.00,1.00
2016.04.25 18:59:25.385,0.75214,0.75239,1.75,2.25
2016.04.25 18:59:25.714,0.75215,0.75237,1.12,1.75
2016.04.25 18:59:25.765,0.75215,0.75237,1.37,1.50
2016.04.25 18:59:25.816,0.75215,0.75237,1.75,1.12
2016.04.25 18:59:26.370,0.75219,0.7524,1.00,1.75
2016.04.25 18:59:26.572,0.7522,0.7524,1.37,1.75
2016.04.25 18:59:26.836,0.75219,0.75237,1.00,1.00
2016.04.25 18:59:27.687,0.7522,0.75237,1.00,1.00
2016.04.25 18:59:27.839,0.7522,0.75239,1.00,1.50
2016.04.25 18:59:27.939,0.75219,0.75246,2.62,2.25
2016.04.25 18:59:27.990,0.75219,0.75247,3.75,2.25
2016.04.25 18:59:28.041,0.7522,0.75246,1.75,1.75
2016.04.25 18:59:28.129,0.7522,0.75246,1.75,1.75
2016.04.25 18:59:29.497,0.7522,0.75243,1.75,1.00
2016.04.25 18:59:30.121,0.7522,0.75242,1.75,1.37
2016.04.25 18:59:30.171,0.7522,0.75242,1.75,1.75
2016.04.25 18:59:30.272,0.7522,0.75242,1.75,1.12
2016.04.25 18:59:30.708,0.7522,0.7524,1.37,1.12
2016.04.25 18:59:30.759,0.7522,0.7524,1.12,1.50
2016.04.25 18:59:30.960,0.7522,0.75243,1.75,2.25
2016.04.25 18:59:31.262,0.75215,0.75239,1.75,2.25
2016.04.25 18:59:31.564,0.7521,0.75234,1.50,1.75
2016.04.25 18:59:31.674,0.7521,0.75229,1.12,1.00
2016.04.25 18:59:32.026,0.75205,0.75228,1.75,1.50
2016.04.25 18:59:32.077,0.75205,0.75228,1.75,1.75
2016.04.25 18:59:32.278,0.75205,0.75231,1.75,2.25
2016.04.25 18:59:32.329,0.75205,0.75231,1.75,2.25
2016.04.25 18:59:32.380,0.75209,0.7523,1.00,1.00
2016.04.25 18:59:32.732,0.75205,0.7523,1.75,1.50
2016.04.25 18:59:32.783,0.75205,0.7523,1.75,2.25
2016.04.25 18:59:32.984,0.75204,0.75227,1.50,1.75
2016.04.25 18:59:33.286,0.75209,0.75231,1.50,1.50
2016.04.25 18:59:33.629,0.75208,0.75228,1.00,1.00
2016.04.25 18:59:33.742,0.7521,0.75228,1.00,1.00
2016.04.25 18:59:33.894,0.7521,0.75231,1.50,1.50
2016.04.25 18:59:33.944,0.7521,0.75231,1.75,1.37
2016.04.25 18:59:34.146,0.7521,0.75234,1.75,2.25
2016.04.25 18:59:34.297,0.75215,0.75234,1.00,2.25
2016.04.25 18:59:34.500,0.75214,0.75234,1.00,1.00
2016.04.25 18:59:34.752,0.7522,0.75234,1.00,1.00
2016.04.25 18:59:34.873,0.75214,0.75234,1.50,1.00
2016.04.25 18:59:34.974,0.75219,0.75234,1.00,1.00
2016.04.25 18:59:35.197,0.75219,0.7524,1.00,2.25
2016.04.25 18:59:35.248,0.75219,0.7524,1.37,1.37
2016.04.25 18:59:35.298,0.7522,0.75241,1.75,1.12
2016.04.25 18:59:35.349,0.7522,0.7524,1.37,1.37
2016.04.25 18:59:35.400,0.75219,0.7524,1.50,1.75
2016.04.25 18:59:35.658,0.75219,0.7524,1.37,1.75
2016.04.25 18:59:35.961,0.75215,0.75238,1.75,1.75
2016.04.25 18:59:36.821,0.75215,0.75239,1.75,1.50
2016.04.25 18:59:36.872,0.75215,0.75239,1.75,1.50
2016.04.25 18:59:36.923,0.75215,0.75239,1.50,1.75
2016.04.25 18:59:36.974,0.75215,0.75239,1.50,2.25
2016.04.25 18:59:37.025,0.75215,0.75239,1.37,3.75
2016.04.25 18:59:37.076,0.7521,0.75235,2.25,1.75
2016.04.25 18:59:37.177,0.7521,0.75235,2.25,1.75
2016.04.25 18:59:37.278,0.7521,0.75235,1.87,2.25
2016.04.25 18:59:37.783,0.7521,0.75234,1.50,1.75
2016.04.25 18:59:37.834,0.75215,0.75234,1.00,1.75
2016.04.25 18:59:38.199,0.75215,0.75237,1.37,1.50
2016.04.25 18:59:38.350,0.75214,0.7524,1.75,1.75
2016.04.25 18:59:38.401,0.75219,0.75239,1.00,1.00
2016.04.25 18:59:38.946,0.7522,0.75239,1.00,1.00
2016.04.25 18:59:39.221,0.75219,0.75242,1.75,1.75
2016.04.25 18:59:39.775,0.7522,0.75241,1.37,1.75
2016.04.25 18:59:39.826,0.75215,0.7524,1.75,1.75
2016.04.25 18:59:39.928,0.75215,0.7524,1.75,1.75
2016.04.25 18:59:40.269,0.7522,0.75242,1.00,1.75
2016.04.25 18:59:40.319,0.7522,0.75243,1.37,1.75
2016.04.25 18:59:40.420,0.7522,0.75242,2.25,1.12
2016.04.25 18:59:41.258,0.7522,0.75243,1.37,1.75
2016.04.25 18:59:41.309,0.7522,0.75243,1.12,1.75
2016.04.25 18:59:41.510,0.7522,0.7524,1.00,1.87
2016.04.25 18:59:41.561,0.75214,0.75236,1.75,1.12
2016.04.25 18:59:41.662,0.75212,0.75236,1.75,1.50
2016.04.25 18:59:41.713,0.7521,0.75235,1.75,1.37
2016.04.25 18:59:41.764,0.75212,0.75233,1.00,1.00
2016.04.25 18:59:41.953,0.75209,0.75233,2.25,1.75
2016.04.25 18:59:42.054,0.75205,0.7523,1.75,1.87
2016.04.25 18:59:42.104,0.75204,0.7523,1.75,1.37
2016.04.25 18:59:42.356,0.7521,0.75229,1.12,1.12
2016.04.25 18:59:42.507,0.7521,0.7523,1.37,1.00
2016.04.25 18:59:42.809,0.7521,0.75231,1.00,1.75
2016.04.25 18:59:44.289,0.7521,0.75232,1.37,2.25
2016.04.25 18:59:44.390,0.7521,0.75232,1.50,2.25
2016.04.25 18:59:44.491,0.7521,0.75232,1.50,1.50
2016.04.25 18:59:44.794,0.75205,0.7523,3.75,1.12
2016.04.25 18:59:45.238,0.7521,0.75235,1.75,2.25
2016.04.25 18:59:45.392,0.7521,0.75234,1.75,1.75
2016.04.25 18:59:45.695,0.7521,0.75234,1.50,1.50
2016.04.25 18:59:45.796,0.7521,0.75234,1.75,1.37
2016.04.25 18:59:45.897,0.7521,0.75233,1.75,2.25
2016.04.25 18:59:46.098,0.7521,0.75232,1.37,1.00
2016.04.25 18:59:46.199,0.75215,0.75234,1.37,1.37
2016.04.25 18:59:46.401,0.7522,0.75239,1.37,1.12
2016.04.25 18:59:46.501,0.7522,0.75242,1.37,1.50
2016.04.25 18:59:46.703,0.7522,0.75243,1.75,1.00
2016.04.25 18:59:47.005,0.75219,0.75241,1.75,1.75
2016.04.25 18:59:48.128,0.75216,0.7524,3.00,1.87
2016.04.25 18:59:48.330,0.75219,0.75244,1.75,2.25
2016.04.25 18:59:48.481,0.75219,0.75244,1.75,1.87
2016.04.25 18:59:49.401,0.7522,0.75243,1.75,1.00
2016.04.25 18:59:49.704,0.75221,0.75245,1.75,1.12
2016.04.25 18:59:49.908,0.75224,0.75249,1.75,1.75
2016.04.25 18:59:50.009,0.75223,0.75249,2.25,1.75
2016.04.25 18:59:50.311,0.75223,0.7525,3.00,3.00
2016.04.25 18:59:50.960,0.75224,0.75248,2.25,1.00
2016.04.25 18:59:51.386,0.75235,0.75251,1.00,1.75
2016.04.25 18:59:51.537,0.75235,0.75254,1.00,2.25
2016.04.25 18:59:51.588,0.7523,0.75254,1.75,2.25
2016.04.25 18:59:51.807,0.75235,0.75254,1.00,1.75
2016.04.25 18:59:52.186,0.75235,0.75255,1.00,1.87
2016.04.25 18:59:52.237,0.75235,0.75255,1.37,1.37
2016.04.25 18:59:52.338,0.7523,0.75255,1.75,3.75
2016.04.25 18:59:52.439,0.7523,0.75255,1.50,3.00
2016.04.25 18:59:54.124,0.75235,0.75254,1.00,1.75
2016.04.25 18:59:54.319,0.75235,0.75258,1.00,1.75
2016.04.25 18:59:54.370,0.7524,0.7526,1.00,3.00
2016.04.25 18:59:54.421,0.7524,0.7526,1.00,1.50
2016.04.25 18:59:54.723,0.7524,0.7526,1.75,1.12
2016.04.25 18:59:55.025,0.7524,0.75259,1.12,1.12
2016.04.25 18:59:55.127,0.7524,0.75257,1.12,1.00
2016.04.25 18:59:55.328,0.7523,0.75253,2.25,1.00
2016.04.25 18:59:55.379,0.7523,0.75251,1.75,1.00
2016.04.25 18:59:55.429,0.75229,0.75251,1.75,1.00
2016.04.25 18:59:55.530,0.75229,0.75251,1.75,1.50
2016.04.25 18:59:55.681,0.75225,0.75249,1.75,1.37
2016.04.25 18:59:55.732,0.75225,0.75248,1.75,1.50
2016.04.25 18:59:55.783,0.75225,0.75247,1.37,1.50
2016.04.25 18:59:55.833,0.75225,0.75247,1.00,1.75
2016.04.25 18:59:56.770,0.7522,0.75246,1.75,1.75
2016.04.25 18:59:57.284,0.75225,0.75248,1.00,1.75
2016.04.25 18:59:57.385,0.75227,0.75247,1.00,1.00
2016.04.25 18:59:57.657,0.75225,0.75247,1.37,1.50
2016.04.25 18:59:57.709,0.75225,0.75248,1.12,2.25
2016.04.25 18:59:58.011,0.75225,0.75251,2.25,2.25
2016.04.25 18:59:58.062,0.75225,0.75252,2.25,1.75
2016.04.25 18:59:58.112,0.7523,0.75248,1.37,1.37
2016.04.25 18:59:58.213,0.75227,0.75247,1.00,1.00
2016.04.25 18:59:58.364,0.75225,0.75247,1.37,1.75
2016.04.25 18:59:58.741,0.75225,0.75248,1.00,1.75
