2013.02.22 17:00:03.869,0.96095,0.96116,1.13,2.48
2013.02.22 17:00:04.218,0.96094,0.96115,2.25,2.48
2013.02.22 17:00:04.338,0.9609,0.96113,2.48,2.63
2013.02.22 17:00:04.580,0.96088,0.9611,2.40,2.48
2013.02.22 17:00:04.698,0.96089,0.9611,1.35,2.48
2013.02.22 17:00:04.758,0.96089,0.9611,2.85,2.48
2013.02.22 17:00:04.818,0.96091,0.96113,1.50,1.13
2013.02.22 17:00:05.059,0.96089,0.96112,2.10,2.48
2013.02.22 17:00:05.498,0.96083,0.96108,1.35,1.50
2013.02.22 17:00:05.738,0.9608,0.96106,1.88,1.50
2013.02.22 17:00:06.849,0.9608,0.96104,1.13,1.50
2013.02.22 17:00:06.967,0.96077,0.96099,1.65,1.13
2013.02.22 17:00:07.558,0.96076,0.96103,1.65,1.35
2013.02.22 17:00:07.619,0.96076,0.96101,1.65,1.35
2013.02.22 17:00:07.978,0.96075,0.96099,1.13,1.13
2013.02.22 17:00:12.049,0.96073,0.96096,1.13,2.25
2013.02.22 17:00:12.381,0.96075,0.96099,2.63,1.13
2013.02.22 17:00:12.439,0.96082,0.96102,1.13,2.48
2013.02.22 17:00:12.619,0.96078,0.96102,1.35,2.48
2013.02.22 17:00:12.920,0.96078,0.96104,1.35,1.50
2013.02.22 17:00:13.432,0.96081,0.96107,1.50,2.48
2013.02.22 17:00:13.601,0.96082,0.96105,1.13,1.13
2013.02.22 17:00:14.084,0.96081,0.96107,1.65,2.63
2013.02.22 17:00:14.149,0.96081,0.96107,1.65,2.63
2013.02.22 17:00:14.208,0.9608,0.96107,1.65,2.63
2013.02.22 17:00:16.608,0.96081,0.96107,3.00,1.13
2013.02.22 17:00:17.168,0.96091,0.96112,1.35,2.10
2013.02.22 17:00:17.228,0.96091,0.96112,1.35,1.73
2013.02.22 17:00:17.885,0.96091,0.96116,1.35,3.23
2013.02.22 17:00:20.839,0.96091,0.96116,1.35,3.23
2013.02.22 17:00:33.400,0.96091,0.96114,2.10,1.13
2013.02.22 17:00:33.459,0.96091,0.96114,1.35,1.35
2013.02.22 17:00:37.658,0.96086,0.96111,1.13,1.73
2013.02.22 17:00:38.045,0.96084,0.96109,1.88,1.73
2013.02.22 17:00:44.758,0.96081,0.96109,2.63,3.38
2013.02.22 17:00:44.878,0.96081,0.96109,1.88,3.38
2013.02.22 17:00:45.419,0.96078,0.96102,1.88,1.50
2013.02.22 17:00:45.478,0.96078,0.96098,1.50,1.65
2013.02.22 17:00:46.160,0.96074,0.96098,3.23,1.65
2013.02.22 17:00:46.784,0.96078,0.96098,1.50,1.65
2013.02.22 17:00:46.968,0.9608,0.96099,1.50,1.65
2013.02.22 17:00:47.458,0.96077,0.96099,2.25,1.65
2013.02.22 17:00:47.518,0.96077,0.96099,1.50,1.65
2013.02.22 17:00:47.638,0.96077,0.961,1.50,1.13
2013.02.22 17:00:47.698,0.96077,0.96104,1.88,1.88
2013.02.22 17:00:48.648,0.96077,0.96104,2.48,1.65
2013.02.22 17:00:50.219,0.96077,0.96099,2.63,1.50
2013.02.22 17:00:50.919,0.96083,0.96104,1.13,1.13
2013.02.22 17:00:50.978,0.96086,0.96106,1.35,1.35
2013.02.22 17:00:51.097,0.96086,0.96106,1.35,1.35
2013.02.22 17:00:51.648,0.96082,0.96106,2.63,2.10
2013.02.22 17:00:51.768,0.96082,0.96104,2.63,1.13
2013.02.22 17:00:52.188,0.96082,0.96103,1.13,1.50
2013.02.22 17:00:52.284,0.96082,0.96103,1.13,1.50
2013.02.22 17:00:52.828,0.96079,0.96099,1.88,1.50
2013.02.22 17:00:54.780,0.96076,0.96099,3.00,1.65
2013.02.22 17:00:54.838,0.96076,0.96098,3.00,1.88
2013.02.22 17:00:55.078,0.96067,0.96089,1.65,1.35
2013.02.22 17:00:55.528,0.96067,0.96089,1.65,2.10
2013.02.22 17:00:56.149,0.96065,0.96089,2.63,1.88
2013.02.22 17:00:59.908,0.96061,0.96088,3.98,1.65
2013.02.22 17:01:03.958,0.9607,0.96093,1.13,2.48
2013.02.22 17:01:04.018,0.96071,0.96093,1.50,2.48
2013.02.22 17:01:06.479,0.96067,0.96094,1.35,1.50
2013.02.22 17:01:06.668,0.9607,0.96094,1.35,1.50
2013.02.22 17:01:06.848,0.9607,0.96095,1.95,1.50
2013.02.22 17:01:35.929,0.96067,0.96091,1.13,2.25
2013.02.22 17:01:38.835,0.96064,0.96089,1.35,2.25
2013.02.22 17:01:38.899,0.96062,0.96089,1.65,2.25
2013.02.22 17:01:38.959,0.96065,0.96089,1.65,2.40
2013.02.22 17:01:39.379,0.96064,0.96088,1.13,1.13
2013.02.22 17:01:39.928,0.96063,0.96087,1.13,2.48
2013.02.22 17:01:40.559,0.96061,0.96087,1.13,2.48
2013.02.22 17:01:43.419,0.96062,0.96083,1.13,2.25
2013.02.22 17:01:51.668,0.96057,0.96082,1.73,1.50
2013.02.22 17:01:54.802,0.96057,0.96082,1.73,1.50
2013.02.22 17:01:55.629,0.96057,0.96082,1.73,1.50
2013.02.22 17:01:56.131,0.96057,0.96082,1.73,1.50
2013.02.22 17:01:59.468,0.96055,0.96075,1.50,1.13
2013.02.22 17:01:59.588,0.96053,0.96075,2.25,1.13
2013.02.22 17:02:00.220,0.9605,0.96074,1.13,1.65
2013.02.22 17:02:01.282,0.96048,0.96073,2.63,1.65
2013.02.22 17:02:09.851,0.96048,0.96073,1.13,1.65
2013.02.22 17:02:15.828,0.96048,0.96071,1.13,1.13
2013.02.22 17:02:18.947,0.96048,0.96071,1.13,1.13
2013.02.22 17:02:29.779,0.96048,0.96072,1.13,1.13
2013.02.22 17:02:34.394,0.96049,0.96073,1.13,1.13
2013.02.22 17:02:34.726,0.96049,0.96073,1.13,1.13
2013.02.22 17:02:39.479,0.96049,0.96073,1.13,1.13
2013.02.22 17:02:39.599,0.96049,0.96073,1.13,2.63
2013.02.22 17:02:45.346,0.96051,0.96074,1.13,1.35
2013.02.22 17:02:49.408,0.96054,0.96076,1.13,2.48
2013.02.22 17:02:50.729,0.96054,0.96076,1.13,2.48
2013.02.22 17:02:51.918,0.96054,0.96076,1.88,1.50
2013.02.22 17:02:52.748,0.96057,0.96079,1.50,2.40
2013.02.22 17:02:52.931,0.96054,0.9608,2.85,1.13
2013.02.22 17:02:55.516,0.96057,0.9608,1.50,1.13
2013.02.22 17:02:58.320,0.96054,0.9608,2.85,1.13
2013.02.22 17:03:00.301,0.96057,0.9608,1.50,1.13
2013.02.22 17:03:05.977,0.96057,0.96082,1.88,2.40
2013.02.22 17:03:06.379,0.96057,0.96082,1.13,2.40
2013.02.22 17:03:08.825,0.96057,0.9608,1.13,2.25
2013.02.22 17:03:10.756,0.96054,0.96077,1.13,2.25
2013.02.22 17:03:15.489,0.96057,0.96079,1.13,2.25
2013.02.22 17:03:31.700,0.96064,0.96088,1.13,2.48
2013.02.22 17:03:31.758,0.96064,0.96088,1.73,2.48
2013.02.22 17:03:32.308,0.96066,0.96088,1.65,1.73
2013.02.22 17:03:33.285,0.96066,0.96088,1.65,1.50
2013.02.22 17:03:37.128,0.96066,0.9609,1.65,2.25
2013.02.22 17:03:38.469,0.96073,0.96098,1.73,2.48
2013.02.22 17:03:39.031,0.96073,0.96098,1.95,2.25
2013.02.22 17:03:39.370,0.96072,0.96094,1.13,2.25
2013.02.22 17:03:40.148,0.96073,0.96094,1.13,2.25
2013.02.22 17:03:46.629,0.96073,0.96099,1.13,3.23
2013.02.22 17:03:49.398,0.96073,0.96099,1.73,2.25
2013.02.22 17:03:51.390,0.96073,0.96099,1.73,2.25
2013.02.22 17:03:51.629,0.96071,0.96097,1.13,3.23
2013.02.22 17:03:52.380,0.96073,0.96099,1.13,2.25
2013.02.22 17:03:52.438,0.96077,0.96099,1.88,2.25
2013.02.22 17:03:52.799,0.96079,0.96107,1.13,3.60
2013.02.22 17:03:52.881,0.96079,0.96107,1.13,3.60
2013.02.22 17:03:53.111,0.96077,0.96103,3.38,1.13
2013.02.22 17:03:53.561,0.96077,0.96102,1.13,2.40
2013.02.22 17:03:54.302,0.96076,0.96102,1.13,3.00
2013.02.22 17:03:54.478,0.96078,0.96102,2.85,3.00
2013.02.22 17:03:57.838,0.96078,0.96103,3.38,2.40
2013.02.22 17:03:57.899,0.96076,0.961,2.48,2.25
2013.02.22 17:04:04.168,0.96075,0.961,1.20,1.50
2013.02.22 17:04:04.748,0.96077,0.96102,1.50,1.50
2013.02.22 17:04:06.049,0.96079,0.96102,1.50,1.50
2013.02.22 17:04:06.709,0.96077,0.96102,3.00,1.50
2013.02.22 17:04:06.805,0.96077,0.96104,3.75,2.63
2013.02.22 17:04:07.108,0.96081,0.96106,1.13,1.50
2013.02.22 17:04:12.939,0.96081,0.96104,1.13,2.40
2013.02.22 17:04:15.131,0.96078,0.96104,1.73,2.40
2013.02.22 17:04:19.439,0.96082,0.96104,1.13,2.25
2013.02.22 17:04:19.619,0.96082,0.96104,1.73,2.25
2013.02.22 17:04:20.489,0.96079,0.96103,1.73,2.25
2013.02.22 17:04:20.735,0.96075,0.96097,1.13,2.63
2013.02.22 17:04:20.901,0.96074,0.96097,1.13,2.63
2013.02.22 17:04:22.007,0.96069,0.96096,2.63,1.65
2013.02.22 17:04:22.746,0.96069,0.96096,2.63,1.65
2013.02.22 17:04:23.161,0.96072,0.96096,1.13,1.65
2013.02.22 17:04:24.169,0.96072,0.96097,1.13,2.40
2013.02.22 17:04:31.210,0.96072,0.96095,1.13,2.25
2013.02.22 17:04:31.686,0.96075,0.96095,1.13,1.50
2013.02.22 17:04:32.190,0.96075,0.96098,1.13,2.63
2013.02.22 17:04:33.998,0.96074,0.96098,1.88,1.88
2013.02.22 17:04:35.760,0.9607,0.96098,1.88,2.10
2013.02.22 17:04:39.109,0.96069,0.96095,2.63,1.13
2013.02.22 17:04:39.228,0.96069,0.96095,2.63,1.13
2013.02.22 17:04:39.529,0.96063,0.96088,1.88,1.73
2013.02.22 17:04:40.161,0.96063,0.96088,1.88,1.50
2013.02.22 17:04:40.343,0.96063,0.96088,1.88,1.73
2013.02.22 17:04:43.209,0.96063,0.96088,1.88,1.73
2013.02.22 17:04:49.489,0.96063,0.96086,1.88,1.13
2013.02.22 17:04:50.411,0.96061,0.96086,2.63,1.50
2013.02.22 17:04:51.319,0.96062,0.96086,1.88,1.13
2013.02.22 17:04:52.208,0.96065,0.96088,1.65,2.63
2013.02.22 17:04:53.479,0.96065,0.96091,1.65,2.63
2013.02.22 17:04:55.570,0.96065,0.96088,1.65,1.13
2013.02.22 17:05:03.136,0.96063,0.96086,1.13,1.13
2013.02.22 17:05:03.869,0.96061,0.96086,1.13,1.88
2013.02.22 17:05:05.159,0.96058,0.96086,2.40,1.88
2013.02.22 17:05:05.277,0.96028,0.96073,1.50,0.75
2013.02.22 17:05:05.337,0.96027,0.96058,2.10,0.75
2013.02.22 17:05:05.458,0.96015,0.96041,1.50,1.50
2013.02.22 17:05:05.518,0.96016,0.96041,1.13,1.50
2013.02.22 17:05:05.578,0.96012,0.9604,1.50,1.50
2013.02.22 17:05:05.830,0.96016,0.96043,2.25,1.65
2013.02.22 17:05:06.179,0.96012,0.96043,2.25,1.65
2013.02.22 17:05:06.539,0.96017,0.96043,1.58,2.70
2013.02.22 17:05:06.779,0.96018,0.96044,1.58,2.93
2013.02.22 17:05:07.331,0.96018,0.96043,1.73,2.25
2013.02.22 17:05:07.649,0.96018,0.96045,1.73,2.03
2013.02.22 17:05:08.101,0.96018,0.96046,1.73,1.13
2013.02.22 17:05:08.311,0.96018,0.96046,1.73,1.13
2013.02.22 17:05:08.368,0.96018,0.96046,1.73,1.13
2013.02.22 17:05:08.877,0.96018,0.96047,2.48,1.35
2013.02.22 17:05:10.349,0.96016,0.96044,2.10,1.65
2013.02.22 17:05:10.409,0.96016,0.96043,1.73,1.13
2013.02.22 17:05:10.589,0.96019,0.96046,1.13,1.13
2013.02.22 17:05:11.237,0.9602,0.96048,1.50,2.10
2013.02.22 17:05:11.306,0.9602,0.96048,1.50,1.35
2013.02.22 17:05:11.390,0.9602,0.96048,1.50,1.35
2013.02.22 17:05:12.640,0.9602,0.96048,1.50,2.10
2013.02.22 17:05:12.758,0.96019,0.96046,1.13,1.13
2013.02.22 17:05:13.059,0.96013,0.96034,1.50,1.13
2013.02.22 17:05:13.240,0.96011,0.96035,1.13,1.13
2013.02.22 17:05:13.539,0.96011,0.96029,1.13,1.50
2013.02.22 17:05:13.599,0.96011,0.96033,1.13,2.40
2013.02.22 17:05:13.882,0.96011,0.96033,1.35,1.65
2013.02.22 17:05:14.470,0.96011,0.96035,1.13,2.10
2013.02.22 17:05:14.828,0.96007,0.96027,1.50,1.50
2013.02.22 17:05:15.370,0.96003,0.9603,1.13,2.63
2013.02.22 17:05:18.132,0.96003,0.9603,1.13,2.63
2013.02.22 17:05:18.308,0.96005,0.9603,3.08,1.50
2013.02.22 17:05:18.908,0.96007,0.96035,2.48,2.40
2013.02.22 17:05:19.419,0.96007,0.96035,2.25,2.25
2013.02.22 17:05:19.599,0.96007,0.96035,2.48,2.25
2013.02.22 17:05:19.719,0.96007,0.96035,3.23,2.25
2013.02.22 17:05:19.779,0.96007,0.96035,3.23,2.40
2013.02.22 17:05:20.174,0.96007,0.96028,1.50,1.50
2013.02.22 17:05:20.528,0.96008,0.96035,2.48,2.25
2013.02.22 17:05:20.669,0.96007,0.96033,1.88,1.50
2013.02.22 17:05:20.810,0.96007,0.96033,1.73,1.88
2013.02.22 17:05:20.929,0.96007,0.96023,1.73,1.50
2013.02.22 17:05:20.988,0.95998,0.96023,1.34,2.25
2013.02.22 17:05:21.350,0.95998,0.96025,1.88,1.50
2013.02.22 17:05:21.558,0.96001,0.96029,3.23,2.25
2013.02.22 17:05:22.769,0.96003,0.96033,3.23,3.38
2013.02.22 17:05:33.649,0.96006,0.96032,2.48,2.25
2013.02.22 17:05:36.057,0.96005,0.96031,1.58,2.25
2013.02.22 17:05:36.401,0.96005,0.96031,1.58,2.25
2013.02.22 17:05:37.089,0.96005,0.96031,1.58,2.25
2013.02.22 17:05:37.209,0.96006,0.96035,3.08,2.25
2013.02.22 17:05:37.269,0.96006,0.96035,3.83,2.25
2013.02.22 17:05:37.810,0.9601,0.96038,2.48,3.15
2013.02.22 17:05:55.779,0.96006,0.96035,2.48,2.25
2013.02.22 17:05:56.239,0.96011,0.96035,1.50,2.25
2013.02.22 17:05:58.089,0.96011,0.96035,1.50,2.25
2013.02.22 17:05:58.329,0.96011,0.96035,2.10,2.25
2013.02.22 17:06:01.075,0.96011,0.96037,2.85,2.25
2013.02.22 17:06:02.058,0.96013,0.96037,1.58,2.25
2013.02.22 17:06:02.178,0.96013,0.96037,1.58,2.25
2013.02.22 17:06:02.243,0.96012,0.96037,1.58,3.00
2013.02.22 17:06:03.609,0.96013,0.96037,1.35,2.25
2013.02.22 17:06:05.330,0.96013,0.96037,1.35,2.25
2013.02.22 17:06:07.643,0.96013,0.96037,1.35,2.25
2013.02.22 17:06:07.698,0.96011,0.96033,1.50,1.50
2013.02.22 17:06:08.378,0.96008,0.96033,1.73,1.50
2013.02.22 17:06:09.009,0.96008,0.96036,1.73,2.25
2013.02.22 17:06:09.479,0.96008,0.96033,1.35,1.50
2013.02.22 17:06:09.669,0.96006,0.96031,2.48,1.50
2013.02.22 17:06:09.910,0.96006,0.96033,2.40,1.73
2013.02.22 17:06:10.449,0.96006,0.96031,2.63,1.50
2013.02.22 17:06:10.514,0.96006,0.96031,2.25,1.50
2013.02.22 17:06:10.758,0.96003,0.96029,2.25,1.50
2013.02.22 17:06:11.059,0.96006,0.96032,1.50,2.25
2013.02.22 17:06:11.380,0.96006,0.96032,1.50,2.48
2013.02.22 17:06:11.728,0.96006,0.96032,1.50,2.48
2013.02.22 17:06:14.069,0.96006,0.96032,1.50,2.48
2013.02.22 17:06:15.698,0.96006,0.96033,1.50,1.13
2013.02.22 17:06:15.758,0.96011,0.96035,1.50,2.63
2013.02.22 17:06:15.939,0.96011,0.96035,1.50,2.63
2013.02.22 17:06:16.870,0.96009,0.96035,1.35,2.63
2013.02.22 17:06:16.930,0.96007,0.96035,2.10,2.63
2013.02.22 17:06:22.308,0.96007,0.9603,1.50,2.25
2013.02.22 17:06:24.368,0.96007,0.9603,1.50,2.25
2013.02.22 17:06:24.428,0.96003,0.9603,2.63,2.25
2013.02.22 17:06:26.149,0.96006,0.9603,1.50,2.48
2013.02.22 17:06:26.602,0.96006,0.9603,1.50,2.25
2013.02.22 17:06:27.156,0.96006,0.9603,1.50,2.25
2013.02.22 17:06:31.950,0.96006,0.96034,1.50,2.63
2013.02.22 17:06:32.472,0.96006,0.96034,1.50,2.63
2013.02.22 17:06:33.751,0.96006,0.96034,1.50,2.63
2013.02.22 17:06:33.989,0.96006,0.96034,1.50,2.40
2013.02.22 17:06:34.483,0.96006,0.96033,1.50,1.13
2013.02.22 17:06:34.661,0.96012,0.96034,1.50,2.25
2013.02.22 17:06:44.279,0.96012,0.96038,1.50,2.63
2013.02.22 17:06:48.570,0.96015,0.96038,1.50,2.63
2013.02.22 17:06:48.768,0.96015,0.96038,1.50,1.13
2013.02.22 17:06:52.411,0.96013,0.96038,2.25,1.13
2013.02.22 17:06:55.222,0.96015,0.96038,1.50,1.13
2013.02.22 17:06:58.790,0.96013,0.96038,2.25,1.13
2013.02.22 17:07:05.604,0.96013,0.96038,2.25,1.13
2013.02.22 17:07:05.788,0.96021,0.96045,1.50,2.48
2013.02.22 17:07:05.969,0.96016,0.96045,1.50,2.48
2013.02.22 17:07:06.029,0.96016,0.96045,1.50,2.48
2013.02.22 17:07:06.359,0.96016,0.96045,1.50,2.48
2013.02.22 17:07:06.479,0.96021,0.96046,1.50,2.48
2013.02.22 17:07:06.808,0.96021,0.96046,1.50,2.48
2013.02.22 17:07:10.069,0.96025,0.96047,1.50,1.13
2013.02.22 17:07:14.599,0.96025,0.96052,2.25,1.13
2013.02.22 17:07:14.898,0.96023,0.9605,2.40,2.48
2013.02.22 17:07:15.458,0.96022,0.96048,2.25,1.13
2013.02.22 17:07:16.980,0.96022,0.96048,2.25,1.13
2013.02.22 17:07:32.200,0.96026,0.96051,2.25,1.13
2013.02.22 17:07:32.710,0.96022,0.96051,2.40,2.40
2013.02.22 17:07:36.982,0.96021,0.96049,2.63,2.25
2013.02.22 17:07:37.525,0.96024,0.96051,2.40,2.40
2013.02.22 17:07:38.020,0.96022,0.96049,1.65,2.25
2013.02.22 17:07:38.439,0.96021,0.96049,3.38,1.50
2013.02.22 17:07:40.770,0.96022,0.96049,1.65,2.25
2013.02.22 17:07:41.278,0.96022,0.96049,1.65,2.25
2013.02.22 17:07:41.885,0.96022,0.96049,1.65,2.25
2013.02.22 17:07:42.820,0.96022,0.96049,1.65,2.25
2013.02.22 17:07:44.308,0.96022,0.96049,1.65,2.25
2013.02.22 17:07:45.139,0.96024,0.96051,2.40,2.40
2013.02.22 17:07:46.269,0.96022,0.96049,1.65,2.25
2013.02.22 17:07:48.579,0.96022,0.96048,1.50,1.13
2013.02.22 17:07:51.232,0.96021,0.96048,2.40,1.13
2013.02.22 17:07:51.879,0.96022,0.96048,1.50,1.13
2013.02.22 17:07:54.239,0.96018,0.96046,2.40,2.25
2013.02.22 17:08:00.764,0.96018,0.96046,2.40,2.25
2013.02.22 17:08:00.832,0.96016,0.96043,4.65,2.40
2013.02.22 17:08:01.008,0.96016,0.96043,3.15,2.63
2013.02.22 17:08:01.069,0.96016,0.96043,2.40,2.63
2013.02.22 17:08:01.129,0.96016,0.96043,2.40,2.63
2013.02.22 17:08:01.369,0.96016,0.96038,2.25,1.13
2013.02.22 17:08:03.253,0.96011,0.96038,1.50,1.13
2013.02.22 17:08:03.379,0.96012,0.96037,1.50,2.48
2013.02.22 17:08:03.581,0.96011,0.96037,1.50,2.48
2013.02.22 17:08:03.711,0.96011,0.96037,2.25,2.25
2013.02.22 17:08:17.398,0.96011,0.96038,3.60,2.48
2013.02.22 17:08:19.408,0.96011,0.96038,3.75,2.48
2013.02.22 17:08:24.333,0.96011,0.96038,2.25,2.48
2013.02.22 17:08:24.389,0.96011,0.96038,1.50,2.48
2013.02.22 17:08:25.668,0.96012,0.96038,1.50,2.48
2013.02.22 17:08:26.159,0.96017,0.96044,3.00,2.48
2013.02.22 17:08:26.645,0.96017,0.96045,1.50,2.25
2013.02.22 17:08:30.471,0.96013,0.96041,2.25,2.48
2013.02.22 17:08:36.199,0.96013,0.96041,2.63,2.48
2013.02.22 17:08:37.550,0.9601,0.96035,2.25,1.13
2013.02.22 17:08:37.670,0.9601,0.96035,2.25,1.13
2013.02.22 17:08:37.789,0.96007,0.96037,2.25,2.25
2013.02.22 17:08:38.092,0.96008,0.96038,2.48,2.25
2013.02.22 17:08:40.759,0.96007,0.96034,3.23,2.25
2013.02.22 17:08:43.592,0.96007,0.96034,3.23,2.25
2013.02.22 17:08:43.649,0.96007,0.96032,2.48,1.35
2013.02.22 17:08:46.118,0.96007,0.96034,2.25,2.25
2013.02.22 17:08:47.679,0.96003,0.96031,2.25,2.25
2013.02.22 17:08:48.322,0.96007,0.96034,2.25,2.25
2013.02.22 17:08:49.699,0.96007,0.96034,2.48,2.25
2013.02.22 17:08:53.383,0.96006,0.96033,2.48,2.25
2013.02.22 17:08:54.745,0.96006,0.96033,2.48,2.25
2013.02.22 17:08:56.770,0.96006,0.96033,2.48,2.25
2013.02.22 17:09:00.629,0.96002,0.96032,2.63,2.40
2013.02.22 17:09:01.368,0.96006,0.96034,2.25,2.63
2013.02.22 17:09:01.906,0.96002,0.96032,2.63,2.40
2013.02.22 17:09:02.591,0.96006,0.96033,2.25,2.40
2013.02.22 17:09:07.126,0.96006,0.96033,2.25,2.40
2013.02.22 17:09:07.240,0.96006,0.96033,3.15,2.25
2013.02.22 17:09:07.365,0.96009,0.96033,1.73,1.50
2013.02.22 17:09:07.429,0.96011,0.96036,1.73,2.25
2013.02.22 17:09:08.079,0.96013,0.9604,2.25,1.13
2013.02.22 17:09:08.409,0.96018,0.9604,1.50,1.13
2013.02.22 17:09:10.401,0.96016,0.9604,1.50,1.13
2013.02.22 17:09:10.460,0.96014,0.9604,1.50,1.13
2013.02.22 17:09:11.119,0.96012,0.9604,2.25,2.85
2013.02.22 17:09:14.439,0.96011,0.96039,2.25,1.13
2013.02.22 17:09:18.669,0.96011,0.96039,2.25,1.13
2013.02.22 17:09:22.609,0.96011,0.96039,2.25,1.35
2013.02.22 17:09:22.729,0.96011,0.96041,2.25,2.63
2013.02.22 17:09:23.254,0.96014,0.96042,2.25,1.13
2013.02.22 17:09:28.690,0.96011,0.96041,2.25,2.63
2013.02.22 17:09:29.080,0.96011,0.96041,2.25,2.63
2013.02.22 17:09:31.069,0.96012,0.96041,1.50,2.63
2013.02.22 17:09:31.250,0.96011,0.96041,2.25,2.63
2013.02.22 17:09:32.170,0.96011,0.96041,3.00,2.40
2013.02.22 17:09:32.229,0.96011,0.9604,2.25,1.13
2013.02.22 17:09:32.288,0.96011,0.9604,2.25,1.13
2013.02.22 17:09:32.391,0.96011,0.9604,2.25,1.13
2013.02.22 17:09:33.338,0.96011,0.9604,2.25,1.13
2013.02.22 17:09:33.856,0.96011,0.9604,2.25,1.13
2013.02.22 17:09:38.901,0.96011,0.9604,2.25,1.13
2013.02.22 17:09:39.631,0.96011,0.9604,2.25,1.13
2013.02.22 17:09:40.185,0.96011,0.9604,2.25,1.35
2013.02.22 17:09:40.620,0.96011,0.96038,1.50,1.65
2013.02.22 17:09:40.799,0.96004,0.9603,3.75,1.50
2013.02.22 17:09:40.860,0.96004,0.96028,3.75,1.50
2013.02.22 17:09:42.969,0.96006,0.96023,1.50,1.50
2013.02.22 17:09:45.950,0.96006,0.96028,2.25,1.50
2013.02.22 17:09:46.010,0.9601,0.96028,1.50,1.50
2013.02.22 17:09:46.548,0.96013,0.96028,1.50,1.50
2013.02.22 17:09:48.290,0.9601,0.96028,1.50,1.50
2013.02.22 17:09:48.670,0.96009,0.96033,2.63,1.50
2013.02.22 17:09:52.611,0.96009,0.96033,2.63,1.50
2013.02.22 17:09:53.165,0.96016,0.96033,1.50,1.50
2013.02.22 17:09:53.971,0.96013,0.96034,1.73,1.50
2013.02.22 17:09:54.091,0.96013,0.96034,1.50,1.50
2013.02.22 17:09:54.149,0.96011,0.96034,2.25,1.50
2013.02.22 17:10:01.660,0.96006,0.96034,2.48,1.65
2013.02.22 17:10:02.582,0.96006,0.96034,2.48,1.65
2013.02.22 17:10:10.039,0.9601,0.96034,2.48,1.50
2013.02.22 17:10:15.319,0.9601,0.96034,2.48,1.50
2013.02.22 17:10:21.429,0.9601,0.96034,2.25,1.50
2013.02.22 17:10:22.251,0.9601,0.96034,2.25,1.50
2013.02.22 17:10:22.960,0.9601,0.96034,2.63,1.88
2013.02.22 17:10:26.710,0.96012,0.96034,2.40,1.13
2013.02.22 17:10:26.829,0.96012,0.96034,2.63,1.13
2013.02.22 17:10:28.710,0.96016,0.96039,1.13,1.65
2013.02.22 17:10:28.889,0.96016,0.96039,1.13,1.65
2013.02.22 17:10:28.949,0.96015,0.96039,1.13,1.65
2013.02.22 17:10:30.000,0.96015,0.96039,1.13,1.65
2013.02.22 17:10:31.809,0.96014,0.9604,2.63,1.13
2013.02.22 17:10:31.930,0.96017,0.9604,1.50,1.13
2013.02.22 17:10:32.051,0.96012,0.96034,1.50,1.65
2013.02.22 17:10:32.110,0.9601,0.96034,1.65,1.65
2013.02.22 17:10:32.409,0.96003,0.96028,2.63,1.13
2013.02.22 17:10:32.646,0.96003,0.96027,2.63,1.13
2013.02.22 17:10:34.079,0.96003,0.96027,2.63,1.13
2013.02.22 17:10:34.140,0.96003,0.96027,2.63,1.13
2013.02.22 17:10:34.973,0.96007,0.96032,2.63,1.13
2013.02.22 17:10:35.319,0.96008,0.96032,1.13,1.13
2013.02.22 17:10:37.659,0.96011,0.96034,1.13,1.65
2013.02.22 17:10:38.150,0.9601,0.96031,2.10,1.50
2013.02.22 17:10:38.493,0.96011,0.96034,2.63,1.65
2013.02.22 17:10:43.240,0.96013,0.96034,1.88,1.65
2013.02.22 17:10:43.418,0.96013,0.96034,1.88,1.65
2013.02.22 17:10:43.578,0.96013,0.96034,1.88,1.65
2013.02.22 17:10:45.180,0.96016,0.96036,2.25,1.13
2013.02.22 17:10:45.301,0.96016,0.96036,2.25,1.13
2013.02.22 17:10:45.420,0.96014,0.96035,1.65,1.65
2013.02.22 17:10:45.549,0.96014,0.96034,1.65,1.65
2013.02.22 17:10:46.680,0.96014,0.96036,2.40,1.13
2013.02.22 17:10:54.679,0.96016,0.96035,2.25,1.13
2013.02.22 17:10:55.280,0.96016,0.96035,2.25,1.13
2013.02.22 17:11:03.800,0.96016,0.96035,2.48,1.13
2013.02.22 17:11:06.343,0.96016,0.96035,2.48,1.13
2013.02.22 17:11:06.611,0.96013,0.96035,1.73,1.88
2013.02.22 17:11:06.671,0.96016,0.96035,1.50,1.88
2013.02.22 17:11:07.530,0.96014,0.96035,1.73,1.88
2013.02.22 17:11:08.370,0.96015,0.96035,1.50,1.50
2013.02.22 17:11:08.743,0.96015,0.96038,2.25,1.13
2013.02.22 17:11:08.817,0.96015,0.96038,2.25,1.13
2013.02.22 17:11:12.779,0.96014,0.96038,2.63,1.13
2013.02.22 17:11:13.867,0.96014,0.96038,2.63,1.88
2013.02.22 17:11:14.970,0.96014,0.96038,2.63,1.13
2013.02.22 17:11:15.538,0.96016,0.96038,2.25,1.88
2013.02.22 17:11:22.689,0.96016,0.96038,2.25,1.13
2013.02.22 17:11:23.020,0.96016,0.96038,2.48,1.13
2013.02.22 17:11:23.768,0.96018,0.96039,1.13,1.13
2013.02.22 17:11:29.869,0.96018,0.96039,1.13,1.50
2013.02.22 17:11:30.689,0.96017,0.96038,1.13,1.65
2013.02.22 17:11:30.749,0.96017,0.96038,1.13,1.65
2013.02.22 17:11:41.980,0.9601,0.96036,2.85,1.13
2013.02.22 17:11:49.799,0.9601,0.96033,1.35,1.50
2013.02.22 17:12:01.510,0.9601,0.96033,1.35,1.50
2013.02.22 17:12:01.700,0.96006,0.96029,1.35,1.65
2013.02.22 17:12:01.760,0.96006,0.96029,1.35,1.65
2013.02.22 17:12:01.819,0.96006,0.96029,1.35,1.65
2013.02.22 17:12:01.879,0.96002,0.96021,3.45,1.13
2013.02.22 17:12:01.999,0.96,0.96018,3.60,1.50
2013.02.22 17:12:07.481,0.96,0.96018,1.50,1.50
2013.02.22 17:12:07.639,0.96,0.96021,2.25,1.13
2013.02.22 17:12:08.190,0.96,0.96021,1.73,1.88
2013.02.22 17:12:08.709,0.96,0.96022,2.48,1.13
2013.02.22 17:12:12.183,0.96,0.96021,2.48,1.13
2013.02.22 17:12:12.747,0.96003,0.96028,1.13,1.65
2013.02.22 17:12:12.870,0.96003,0.96028,1.13,1.65
2013.02.22 17:12:13.060,0.96001,0.96024,1.35,1.50
2013.02.22 17:12:13.179,0.95999,0.96022,2.63,1.13
2013.02.22 17:12:13.570,0.96,0.9602,2.48,1.13
2013.02.22 17:12:15.490,0.96002,0.96028,3.00,1.13
2013.02.22 17:12:15.749,0.96004,0.96028,2.48,1.13
2013.02.22 17:12:16.321,0.96008,0.96028,1.50,1.13
2013.02.22 17:12:16.439,0.96008,0.96032,2.63,1.13
2013.02.22 17:12:16.499,0.96008,0.96032,2.63,1.13
2013.02.22 17:12:21.119,0.9601,0.96032,1.13,1.13
2013.02.22 17:12:21.311,0.9601,0.96032,1.13,1.13
2013.02.22 17:12:24.079,0.9601,0.96032,1.13,1.13
2013.02.22 17:12:26.366,0.9601,0.96032,1.13,1.13
2013.02.22 17:12:43.219,0.9601,0.96032,1.13,1.13
2013.02.22 17:12:50.530,0.96009,0.96033,1.13,1.13
2013.02.22 17:13:09.199,0.96016,0.96037,1.13,1.13
2013.02.22 17:13:11.029,0.96016,0.96037,1.13,1.13
2013.02.22 17:13:11.788,0.96016,0.96037,2.63,1.13
2013.02.22 17:13:15.351,0.96016,0.96037,2.63,1.13
2013.02.22 17:13:20.339,0.96019,0.96042,1.13,1.13
2013.02.22 17:13:21.138,0.96019,0.96042,1.13,1.13
2013.02.22 17:13:21.700,0.96016,0.96042,2.85,1.13
2013.02.22 17:13:27.229,0.96019,0.96042,1.13,1.13
2013.02.22 17:13:27.293,0.96019,0.96042,1.13,1.13
2013.02.22 17:13:32.451,0.96016,0.96039,1.35,1.50
2013.02.22 17:13:32.510,0.96016,0.96039,1.35,1.50
2013.02.22 17:13:33.459,0.96018,0.96043,1.13,2.63
2013.02.22 17:13:38.960,0.96017,0.96038,1.13,1.50
2013.02.22 17:13:39.019,0.96014,0.96038,1.35,1.88
2013.02.22 17:13:39.655,0.96014,0.96037,1.35,1.13
2013.02.22 17:13:41.949,0.96019,0.96041,1.35,2.40
2013.02.22 17:13:43.251,0.96019,0.96042,1.13,1.13
2013.02.22 17:13:56.794,0.96016,0.96038,1.13,1.65
2013.02.22 17:13:58.790,0.96016,0.9604,1.13,1.13
2013.02.22 17:14:35.861,0.96017,0.96038,1.13,1.50
2013.02.22 17:14:35.920,0.96016,0.96038,1.13,1.65
2013.02.22 17:14:43.357,0.96016,0.9604,1.13,1.13
2013.02.22 17:14:51.009,0.96015,0.96041,1.13,2.63
2013.02.22 17:14:57.989,0.96015,0.96038,1.13,1.50
2013.02.22 17:14:58.051,0.96011,0.96033,2.25,1.13
2013.02.22 17:14:58.170,0.96009,0.96026,2.25,1.50
2013.02.22 17:14:58.291,0.96007,0.96029,1.65,1.65
2013.02.22 17:14:58.489,0.96005,0.96029,1.13,2.40
2013.02.22 17:14:58.934,0.96005,0.96029,1.13,2.40
2013.02.22 17:15:01.809,0.96005,0.96031,1.35,1.13
2013.02.22 17:15:01.936,0.96005,0.96031,1.35,1.13
2013.02.22 17:15:03.420,0.96011,0.96033,1.13,2.40
2013.02.22 17:15:04.038,0.96011,0.96035,1.13,2.63
2013.02.22 17:15:07.016,0.96011,0.96033,1.13,1.65
2013.02.22 17:15:11.719,0.96011,0.96035,1.13,2.63
2013.02.22 17:15:15.319,0.96011,0.96035,1.13,2.63
2013.02.22 17:15:16.915,0.96011,0.96034,1.13,1.65
2013.02.22 17:15:19.690,0.96008,0.96032,1.35,1.13
2013.02.22 17:15:21.153,0.96008,0.96032,1.35,1.13
2013.02.22 17:15:22.362,0.96008,0.96032,1.13,1.13
2013.02.22 17:15:35.671,0.96012,0.96034,2.25,1.13
2013.02.22 17:15:35.789,0.96012,0.96035,2.40,1.13
2013.02.22 17:15:57.870,0.96012,0.96034,1.88,1.50
2013.02.22 17:15:57.989,0.96013,0.96038,1.13,1.88
2013.02.22 17:15:58.109,0.96013,0.96038,1.13,1.13
2013.02.22 17:16:00.963,0.96012,0.96036,1.88,1.65
2013.02.22 17:16:05.969,0.96013,0.96038,2.63,1.13
2013.02.22 17:16:12.949,0.96013,0.96037,2.40,1.13
2013.02.22 17:16:42.882,0.96014,0.96037,1.13,1.13
2013.02.22 17:16:43.062,0.96014,0.96037,1.13,1.13
2013.02.22 17:17:05.490,0.96016,0.96041,1.13,1.13
2013.02.22 17:17:14.130,0.96023,0.96046,2.25,1.35
2013.02.22 17:17:14.501,0.96026,0.96049,1.13,1.13
2013.02.22 17:17:14.842,0.96026,0.9605,1.13,1.13
2013.02.22 17:17:29.251,0.96028,0.9605,1.13,1.28
2013.02.22 17:17:29.808,0.96028,0.96052,1.13,1.13
2013.02.22 17:17:45.580,0.96027,0.96053,2.40,1.88
2013.02.22 17:18:01.030,0.96028,0.96053,1.13,1.13
2013.02.22 17:18:14.924,0.96028,0.96054,1.13,2.85
2013.02.22 17:18:34.990,0.96027,0.96055,3.23,3.23
2013.02.22 17:18:49.923,0.96033,0.96055,1.35,2.63
2013.02.22 17:18:50.461,0.96037,0.9606,1.35,1.13
2013.02.22 17:18:50.840,0.96041,0.96063,1.73,1.50
2013.02.22 17:18:51.564,0.96041,0.96065,1.73,1.65
2013.02.22 17:18:52.391,0.96047,0.96065,1.50,1.65
2013.02.22 17:18:52.450,0.96041,0.96065,3.23,1.65
2013.02.22 17:18:57.359,0.96045,0.96067,2.40,1.13
2013.02.22 17:18:57.910,0.96047,0.96068,1.50,1.13
2013.02.22 17:19:01.102,0.96043,0.96067,1.13,1.13
2013.02.22 17:19:02.391,0.96043,0.96067,1.13,1.13
2013.02.22 17:19:03.803,0.96046,0.96069,1.50,1.13
2013.02.22 17:19:14.694,0.96042,0.96071,1.13,1.88
2013.02.22 17:19:14.811,0.96042,0.96068,1.13,1.13
2013.02.22 17:19:15.672,0.96047,0.96069,1.13,1.28
2013.02.22 17:19:16.234,0.96048,0.96071,1.13,2.25
2013.02.22 17:19:17.520,0.96042,0.96071,1.13,2.25
2013.02.22 17:19:17.581,0.96042,0.96068,1.13,1.13
2013.02.22 17:19:17.702,0.96042,0.96071,1.13,2.25
2013.02.22 17:19:17.881,0.96042,0.96069,1.13,1.50
2013.02.22 17:19:31.242,0.96042,0.96069,1.13,1.88
2013.02.22 17:19:32.490,0.96045,0.96069,1.13,1.88
2013.02.22 17:19:34.319,0.96045,0.96069,1.13,2.63
2013.02.22 17:19:50.307,0.96042,0.96068,2.63,1.13
2013.02.22 17:20:06.123,0.96043,0.96066,1.13,1.13
2013.02.22 17:20:21.529,0.96042,0.96067,1.13,1.13
2013.02.22 17:20:28.920,0.96047,0.96068,1.13,3.38
2013.02.22 17:20:29.279,0.96043,0.96066,1.13,2.63
2013.02.22 17:20:34.465,0.9604,0.96066,2.85,1.13
2013.02.22 17:20:47.103,0.9604,0.9607,2.10,2.63
2013.02.22 17:20:47.643,0.9604,0.9607,2.10,2.63
2013.02.22 17:20:48.310,0.9604,0.9607,2.10,2.63
2013.02.22 17:20:50.571,0.96041,0.96065,1.13,1.50
2013.02.22 17:20:50.690,0.96039,0.96065,2.48,1.50
2013.02.22 17:20:50.871,0.96038,0.96064,1.73,2.25
2013.02.22 17:20:51.050,0.96035,0.96061,1.13,1.88
2013.02.22 17:20:51.321,0.96035,0.96059,1.13,1.65
2013.02.22 17:20:51.991,0.96032,0.96054,1.88,1.50
2013.02.22 17:20:55.920,0.96029,0.96054,2.40,1.65
2013.02.22 17:20:56.220,0.96028,0.96054,2.40,1.65
2013.02.22 17:20:58.650,0.96024,0.96048,2.25,1.13
2013.02.22 17:20:58.710,0.96022,0.96047,3.23,1.13
2013.02.22 17:20:58.830,0.96022,0.96047,2.40,1.13
2013.02.22 17:20:59.190,0.96021,0.96043,1.13,1.50
2013.02.22 17:21:02.642,0.96016,0.96044,1.88,1.73
2013.02.22 17:21:02.701,0.96016,0.96037,1.50,1.13
2013.02.22 17:21:02.820,0.96013,0.96036,1.65,1.13
2013.02.22 17:21:03.220,0.96013,0.96035,1.65,1.65
2013.02.22 17:21:04.300,0.96012,0.96036,2.63,1.13
2013.02.22 17:21:04.420,0.96012,0.96034,1.88,1.50
2013.02.22 17:21:06.850,0.9601,0.9603,1.88,1.50
2013.02.22 17:21:11.472,0.96012,0.96033,1.13,1.50
2013.02.22 17:21:13.710,0.96012,0.96033,1.13,1.73
2013.02.22 17:21:14.980,0.96015,0.96037,2.25,1.35
2013.02.22 17:21:21.554,0.96017,0.96038,2.25,1.88
2013.02.22 17:21:21.941,0.96017,0.96038,2.40,1.50
2013.02.22 17:21:36.671,0.96017,0.96042,2.40,1.13
2013.02.22 17:21:36.909,0.96022,0.96044,1.35,1.65
2013.02.22 17:21:37.210,0.96022,0.96048,3.60,1.88
2013.02.22 17:21:52.342,0.96025,0.96048,2.25,1.13
2013.02.22 17:21:59.791,0.96026,0.9605,1.13,1.65
2013.02.22 17:22:00.540,0.96029,0.9605,1.50,1.65
2013.02.22 17:22:07.857,0.96026,0.9605,4.13,1.65
2013.02.22 17:22:37.644,0.96027,0.96055,1.65,1.88
2013.02.22 17:22:49.962,0.96026,0.96054,2.10,1.88
2013.02.22 17:23:06.189,0.96027,0.96051,1.65,1.13
2013.02.22 17:23:07.902,0.96027,0.96051,2.40,1.13
2013.02.22 17:23:07.961,0.96028,0.96053,2.25,1.50
2013.02.22 17:23:08.400,0.96032,0.96058,2.63,1.65
2013.02.22 17:23:08.461,0.96036,0.96058,1.13,1.65
2013.02.22 17:23:22.073,0.96035,0.96058,1.88,1.65
2013.02.22 17:23:22.221,0.96036,0.96059,1.13,1.65
2013.02.22 17:23:38.384,0.96033,0.96058,2.70,1.65
2013.02.22 17:23:38.711,0.9603,0.96054,1.13,1.13
2013.02.22 17:23:41.876,0.96027,0.96048,1.13,1.50
2013.02.22 17:23:43.301,0.96023,0.96047,1.20,1.50
2013.02.22 17:23:44.390,0.96021,0.96047,3.45,1.50
2013.02.22 17:23:44.450,0.96021,0.96047,3.45,1.65
2013.02.22 17:23:46.502,0.96022,0.96045,1.35,1.50
2013.02.22 17:24:00.621,0.96022,0.96044,2.85,1.50
2013.02.22 17:24:03.121,0.96024,0.96047,1.13,1.13
2013.02.22 17:24:03.612,0.96026,0.96049,1.35,1.50
2013.02.22 17:24:07.911,0.96021,0.96044,1.95,1.50
2013.02.22 17:24:22.910,0.96021,0.96045,1.95,1.50
2013.02.22 17:24:24.891,0.96024,0.96048,1.13,1.88
2013.02.22 17:24:33.072,0.96022,0.96048,4.20,1.13
2013.02.22 17:24:33.131,0.96024,0.96048,1.13,1.13
2013.02.22 17:24:33.343,0.96025,0.96049,1.73,1.13
2013.02.22 17:24:34.171,0.96024,0.96048,1.13,1.88
2013.02.22 17:24:34.791,0.96024,0.96046,1.13,2.40
2013.02.22 17:24:35.221,0.96017,0.96044,1.35,1.50
2013.02.22 17:24:36.087,0.96017,0.96044,1.35,1.50
2013.02.22 17:24:36.150,0.96017,0.96041,1.35,1.13
2013.02.22 17:24:36.801,0.96018,0.96042,1.13,1.13
2013.02.22 17:24:37.884,0.96021,0.96043,1.58,1.13
2013.02.22 17:24:38.422,0.96019,0.96041,2.48,1.13
2013.02.22 17:24:38.481,0.96018,0.96041,1.13,1.13
2013.02.22 17:24:40.617,0.96015,0.96041,1.95,3.38
2013.02.22 17:24:48.823,0.96012,0.96034,1.13,1.13
2013.02.22 17:24:49.181,0.9601,0.96032,1.13,2.40
2013.02.22 17:24:50.502,0.9601,0.96032,1.13,2.40
2013.02.22 17:24:51.233,0.96005,0.96031,2.70,1.50
2013.02.22 17:24:53.243,0.96006,0.96031,1.73,1.50
2013.02.22 17:24:54.611,0.96005,0.96031,2.70,1.50
2013.02.22 17:24:58.611,0.96003,0.9603,1.35,1.50
2013.02.22 17:24:58.692,0.96003,0.9603,1.35,1.50
2013.02.22 17:25:01.418,0.96003,0.96029,1.35,1.13
2013.02.22 17:25:08.642,0.96002,0.96027,1.20,3.15
2013.02.22 17:25:14.416,0.96001,0.96025,1.35,1.50
2013.02.22 17:25:25.778,0.96005,0.96029,2.10,1.13
2013.02.22 17:25:25.940,0.96006,0.96029,1.13,1.13
2013.02.22 17:25:26.294,0.9601,0.96031,2.10,1.50
2013.02.22 17:25:36.702,0.96013,0.96037,1.88,1.13
2013.02.22 17:25:37.710,0.96014,0.96037,1.65,1.13
2013.02.22 17:25:40.625,0.96014,0.96037,1.65,1.13
2013.02.22 17:25:41.780,0.96014,0.96038,2.63,1.13
2013.02.22 17:25:42.901,0.96014,0.96039,2.85,1.13
2013.02.22 17:25:58.112,0.96014,0.9604,1.13,1.88
2013.02.22 17:26:01.781,0.96012,0.96037,1.13,1.13
2013.02.22 17:26:01.862,0.96012,0.96037,1.13,1.13
2013.02.22 17:26:03.412,0.96011,0.96037,3.38,1.13
2013.02.22 17:26:05.651,0.96015,0.96037,1.50,1.13
2013.02.22 17:26:05.921,0.96016,0.9604,1.13,1.65
2013.02.22 17:26:15.091,0.96017,0.96042,2.10,1.50
2013.02.22 17:26:20.212,0.96018,0.96041,1.95,1.13
2013.02.22 17:26:21.361,0.96016,0.96043,3.45,1.50
2013.02.22 17:26:40.611,0.96019,0.96044,2.63,1.13
2013.02.22 17:26:56.181,0.96018,0.96045,1.35,3.38
2013.02.22 17:27:01.451,0.96019,0.96045,1.88,1.65
2013.02.22 17:27:04.093,0.96022,0.96046,1.13,2.40
2013.02.22 17:27:18.896,0.96022,0.96047,1.13,2.40
2013.02.22 17:27:22.700,0.9602,0.96044,1.88,1.13
2013.02.22 17:27:39.261,0.96018,0.96044,1.13,1.88
2013.02.22 17:27:39.844,0.96018,0.96042,1.88,1.50
2013.02.22 17:27:48.484,0.96019,0.96044,1.13,1.65
2013.02.22 17:27:48.785,0.96017,0.96043,2.63,1.65
2013.02.22 17:27:49.446,0.96019,0.96043,1.13,1.65
2013.02.22 17:27:51.811,0.96017,0.96043,1.88,1.65
2013.02.22 17:28:11.602,0.96016,0.96043,2.63,2.40
2013.02.22 17:28:22.493,0.96019,0.96043,1.13,1.65
2013.02.22 17:28:25.351,0.96021,0.96043,1.13,1.50
2013.02.22 17:28:26.272,0.96021,0.96047,1.13,2.63
2013.02.22 17:28:28.599,0.9602,0.96047,1.13,4.13
2013.02.22 17:28:32.000,0.96023,0.96045,1.13,1.65
2013.02.22 17:28:33.001,0.96026,0.96048,1.13,1.50
2013.02.22 17:28:33.122,0.96026,0.96048,1.13,1.65
2013.02.22 17:28:33.741,0.96026,0.96051,1.13,2.10
2013.02.22 17:28:33.801,0.96027,0.96051,1.13,1.73
2013.02.22 17:28:33.921,0.96028,0.96054,1.13,1.65
2013.02.22 17:28:37.183,0.9603,0.96054,1.13,1.65
2013.02.22 17:28:37.361,0.96036,0.96059,1.13,3.00
2013.02.22 17:28:38.601,0.96036,0.96061,1.13,1.13
2013.02.22 17:28:42.893,0.96033,0.9606,1.13,2.40
2013.02.22 17:28:43.003,0.96037,0.9606,1.13,2.40
2013.02.22 17:28:47.075,0.96036,0.9606,1.13,2.40
2013.02.22 17:28:50.711,0.96033,0.96057,1.13,1.13
2013.02.22 17:28:51.072,0.96029,0.96054,2.40,2.63
2013.02.22 17:28:51.261,0.96027,0.96051,1.13,2.40
2013.02.22 17:29:06.382,0.96029,0.96052,1.13,2.25
2013.02.22 17:29:06.741,0.96033,0.96057,1.13,1.13
2013.02.22 17:29:08.193,0.96033,0.96059,1.13,2.63
2013.02.22 17:29:22.666,0.96035,0.96059,1.13,2.40
2013.02.22 17:29:38.602,0.96034,0.96061,1.13,1.13
2013.02.22 17:29:40.271,0.96034,0.96059,1.13,2.40
2013.02.22 17:29:46.861,0.96033,0.96057,1.13,1.13
2013.02.22 17:29:55.720,0.96033,0.96057,1.13,1.13
2013.02.22 17:30:05.185,0.96032,0.96057,1.13,2.40
2013.02.22 17:30:12.293,0.96034,0.96059,1.13,2.63
2013.02.22 17:30:17.943,0.96035,0.96059,1.13,2.63
2013.02.22 17:30:28.991,0.96035,0.96061,1.88,1.13
2013.02.22 17:30:49.206,0.96036,0.9606,1.13,2.63
2013.02.22 17:31:05.801,0.96037,0.96059,1.13,2.25
2013.02.22 17:31:09.514,0.96037,0.96062,1.88,3.38
2013.02.22 17:31:09.873,0.96041,0.96062,1.13,1.50
2013.02.22 17:31:10.033,0.96041,0.96067,1.88,1.13
2013.02.22 17:31:24.852,0.96044,0.96069,1.13,1.13
2013.02.22 17:31:31.792,0.96044,0.96071,1.13,2.48
2013.02.22 17:31:31.973,0.96048,0.96072,1.13,2.25
2013.02.22 17:31:32.472,0.96048,0.96073,1.13,2.25
2013.02.22 17:31:34.670,0.9605,0.96076,1.13,2.63
2013.02.22 17:31:43.032,0.9605,0.96076,1.13,2.85
2013.02.22 17:31:47.111,0.96051,0.96076,1.13,2.25
2013.02.22 17:31:53.261,0.9605,0.96076,1.13,2.25
2013.02.22 17:31:53.652,0.96048,0.9607,2.40,1.13
2013.02.22 17:31:53.772,0.96048,0.9607,2.40,1.35
2013.02.22 17:32:05.696,0.96042,0.96065,1.65,1.13
2013.02.22 17:32:15.642,0.96042,0.96063,1.65,1.13
2013.02.22 17:32:26.442,0.96039,0.96063,2.63,1.35
2013.02.22 17:32:31.479,0.96039,0.96062,2.63,1.13
2013.02.22 17:32:31.592,0.96039,0.96064,3.38,1.35
2013.02.22 17:32:39.131,0.96039,0.96062,1.13,1.13
2013.02.22 17:32:42.636,0.96037,0.96062,2.63,1.13
2013.02.22 17:32:44.311,0.96037,0.96059,2.25,1.13
2013.02.22 17:32:49.041,0.96037,0.96063,1.13,2.25
2013.02.22 17:32:54.468,0.96043,0.96067,1.13,2.25
2013.02.22 17:32:57.510,0.96042,0.96066,1.13,1.13
2013.02.22 17:33:13.231,0.96042,0.96066,1.13,2.63
2013.02.22 17:33:28.028,0.96046,0.96066,1.50,1.88
2013.02.22 17:33:29.017,0.96042,0.96066,1.88,2.63
2013.02.22 17:33:30.031,0.96045,0.96068,1.13,2.63
2013.02.22 17:33:31.884,0.96046,0.96068,1.65,1.88
2013.02.22 17:33:35.960,0.96049,0.96068,1.13,1.50
2013.02.22 17:33:36.081,0.96052,0.96074,1.13,2.63
2013.02.22 17:33:36.625,0.96052,0.96076,1.88,1.13
2013.02.22 17:33:38.176,0.96055,0.96078,1.50,2.85
2013.02.22 17:33:43.533,0.96057,0.96078,1.50,2.63
2013.02.22 17:33:49.456,0.96052,0.96076,1.88,1.13
2013.02.22 17:33:52.001,0.96054,0.96078,1.13,2.63
2013.02.22 17:33:52.421,0.96054,0.96078,1.13,2.63
2013.02.22 17:33:53.311,0.96054,0.9607,1.13,1.50
2013.02.22 17:33:53.432,0.96054,0.96076,1.13,2.25
2013.02.22 17:33:59.811,0.96054,0.96076,1.13,2.25
2013.02.22 17:34:02.190,0.96054,0.96076,1.13,2.25
2013.02.22 17:34:03.833,0.96054,0.96079,1.13,2.40
2013.02.22 17:34:04.017,0.96057,0.96079,1.50,2.40
2013.02.22 17:34:07.022,0.96057,0.9608,1.50,1.13
2013.02.22 17:34:13.230,0.96057,0.9608,1.50,1.13
2013.02.22 17:34:14.473,0.96052,0.96074,2.40,1.13
2013.02.22 17:34:14.531,0.9605,0.96074,1.13,1.35
2013.02.22 17:34:15.071,0.9605,0.96072,1.13,1.13
2013.02.22 17:34:17.410,0.9605,0.96072,1.13,1.13
2013.02.22 17:34:17.724,0.9604,0.96059,3.68,1.13
2013.02.22 17:34:18.253,0.96036,0.96059,1.65,1.35
2013.02.22 17:34:18.311,0.96036,0.96059,1.65,1.35
2013.02.22 17:34:20.423,0.96035,0.96058,1.13,1.13
2013.02.22 17:34:21.736,0.96037,0.96058,1.65,1.13
2013.02.22 17:34:23.308,0.96037,0.96058,1.65,1.13
2013.02.22 17:34:25.841,0.96037,0.96058,1.65,1.13
2013.02.22 17:34:27.156,0.96037,0.96058,1.65,1.13
2013.02.22 17:34:31.292,0.96037,0.96058,1.50,1.35
2013.02.22 17:34:31.471,0.96032,0.96053,1.65,1.13
2013.02.22 17:34:37.162,0.96032,0.96053,1.65,1.13
2013.02.22 17:34:42.335,0.96032,0.96053,1.65,1.13
2013.02.22 17:34:45.322,0.96032,0.96059,1.65,3.45
2013.02.22 17:34:46.993,0.96032,0.96059,3.00,1.95
2013.02.22 17:34:48.352,0.96033,0.96059,1.13,1.95
2013.02.22 17:34:48.410,0.96033,0.9606,1.13,2.48
2013.02.22 17:34:48.531,0.96037,0.9606,1.50,2.10
2013.02.22 17:34:55.487,0.96036,0.96059,1.50,1.13
2013.02.22 17:35:00.161,0.96036,0.96059,1.50,1.13
2013.02.22 17:35:01.213,0.96036,0.9606,1.50,2.10
2013.02.22 17:35:01.812,0.96036,0.96059,1.50,1.13
2013.02.22 17:35:03.231,0.96037,0.96059,1.50,1.13
2013.02.22 17:35:03.760,0.96037,0.96058,1.50,1.13
2013.02.22 17:35:10.776,0.96041,0.9606,1.50,2.10
2013.02.22 17:35:10.963,0.96042,0.9606,1.13,1.73
2013.02.22 17:35:11.262,0.96042,0.9606,1.13,1.50
2013.02.22 17:35:11.427,0.96045,0.96068,1.50,1.13
2013.02.22 17:35:11.491,0.96047,0.96068,1.50,1.13
2013.02.22 17:35:27.183,0.96047,0.96068,1.50,1.13
2013.02.22 17:35:28.750,0.96047,0.96068,1.65,1.13
2013.02.22 17:35:31.352,0.96045,0.96068,1.13,1.13
2013.02.22 17:35:31.711,0.96042,0.96062,1.50,1.88
2013.02.22 17:35:33.231,0.96042,0.96062,1.50,1.88
2013.02.22 17:35:51.622,0.96043,0.96066,1.50,2.10
2013.02.22 17:35:51.681,0.96043,0.96066,1.50,2.10
2013.02.22 17:35:51.741,0.96046,0.96068,1.50,3.60
2013.02.22 17:35:53.291,0.96038,0.96064,2.40,1.13
2013.02.22 17:35:57.772,0.96037,0.96063,2.70,2.25
2013.02.22 17:35:58.402,0.96037,0.96063,1.95,2.25
2013.02.22 17:35:58.460,0.96037,0.96063,1.35,2.25
2013.02.22 17:35:59.542,0.96037,0.9606,1.88,2.25
2013.02.22 17:35:59.781,0.96037,0.96063,1.88,2.25
2013.02.22 17:36:00.202,0.96037,0.96063,2.40,2.25
2013.02.22 17:36:13.282,0.96037,0.96063,1.13,2.25
2013.02.22 17:36:15.190,0.96038,0.96061,1.13,2.25
2013.02.22 17:36:16.362,0.96038,0.96063,1.13,2.40
2013.02.22 17:36:21.632,0.96038,0.96063,1.13,2.40
2013.02.22 17:36:21.691,0.96039,0.96063,2.18,2.40
2013.02.22 17:36:23.074,0.96042,0.96067,1.13,2.25
2013.02.22 17:36:28.830,0.96042,0.96067,1.13,2.25
2013.02.22 17:36:28.892,0.96042,0.96067,1.13,2.25
2013.02.22 17:36:33.451,0.96042,0.96065,1.13,2.25
2013.02.22 17:36:36.384,0.96042,0.96065,1.13,2.25
2013.02.22 17:36:43.192,0.96047,0.96069,1.13,1.13
2013.02.22 17:36:46.604,0.96047,0.96068,1.13,2.63
2013.02.22 17:36:47.160,0.9604,0.96064,1.13,1.13
2013.02.22 17:36:47.435,0.9604,0.96064,1.13,1.13
2013.02.22 17:36:48.864,0.9604,0.96064,1.13,1.13
2013.02.22 17:36:49.041,0.9604,0.96064,1.13,1.13
2013.02.22 17:36:49.573,0.9604,0.96064,1.13,1.13
2013.02.22 17:36:54.413,0.9604,0.96064,1.13,1.13
2013.02.22 17:36:58.762,0.9604,0.96064,1.13,1.13
2013.02.22 17:36:59.536,0.9604,0.96064,1.13,1.13
2013.02.22 17:37:07.650,0.96037,0.96058,1.50,1.13
2013.02.22 17:37:07.951,0.96037,0.96055,1.50,1.88
2013.02.22 17:37:08.011,0.96034,0.96055,1.13,2.63
2013.02.22 17:37:08.437,0.96034,0.96055,1.13,2.40
2013.02.22 17:37:10.102,0.96034,0.96055,1.13,2.40
2013.02.22 17:37:10.971,0.96034,0.96055,1.13,2.40
2013.02.22 17:37:12.261,0.96027,0.96049,1.88,2.25
2013.02.22 17:37:24.472,0.96027,0.96049,1.13,2.48
2013.02.22 17:37:24.651,0.96023,0.96044,2.18,2.25
2013.02.22 17:37:24.822,0.96022,0.96044,1.13,2.25
2013.02.22 17:37:27.561,0.96022,0.96044,1.13,2.25
2013.02.22 17:37:28.042,0.96022,0.96044,1.88,2.25
2013.02.22 17:37:32.502,0.96022,0.96047,1.88,2.40
2013.02.22 17:37:35.362,0.96022,0.96046,1.88,2.40
2013.02.22 17:37:41.421,0.96026,0.96049,1.65,1.13
2013.02.22 17:37:41.964,0.96034,0.96052,1.13,2.25
2013.02.22 17:37:42.651,0.96034,0.96052,1.13,2.25
2013.02.22 17:38:13.102,0.96035,0.96054,1.13,2.25
2013.02.22 17:38:15.734,0.96035,0.96054,1.13,2.25
2013.02.22 17:38:16.242,0.96031,0.96055,1.13,1.13
2013.02.22 17:38:16.302,0.96031,0.96055,1.13,1.13
2013.02.22 17:38:16.711,0.96032,0.96057,1.65,1.35
2013.02.22 17:38:16.770,0.96032,0.96057,1.65,1.35
2013.02.22 17:38:17.104,0.96031,0.96056,1.13,2.40
2013.02.22 17:38:20.483,0.96031,0.96056,1.13,2.40
2013.02.22 17:38:21.259,0.96031,0.96056,1.13,2.40
2013.02.22 17:38:22.383,0.96032,0.96056,1.65,2.40
2013.02.22 17:38:22.501,0.96028,0.96056,1.13,2.63
2013.02.22 17:38:22.802,0.96031,0.96052,1.88,2.25
2013.02.22 17:38:23.235,0.96025,0.96046,2.18,2.48
2013.02.22 17:38:23.622,0.96028,0.96052,1.13,1.13
2013.02.22 17:38:23.681,0.96028,0.96052,1.13,1.13
2013.02.22 17:38:24.261,0.96028,0.96052,2.63,1.13
2013.02.22 17:38:24.921,0.96028,0.96052,2.63,1.13
2013.02.22 17:38:25.762,0.96028,0.96052,2.63,1.13
2013.02.22 17:38:25.903,0.96028,0.96052,2.63,1.13
2013.02.22 17:38:26.384,0.96027,0.9605,2.63,1.35
2013.02.22 17:38:26.740,0.96024,0.96049,1.88,2.40
2013.02.22 17:38:26.801,0.96023,0.96049,1.35,2.40
2013.02.22 17:38:27.171,0.96024,0.96051,1.13,2.48
2013.02.22 17:38:27.393,0.96027,0.96051,1.50,2.48
2013.02.22 17:38:27.503,0.96024,0.96051,1.13,2.48
2013.02.22 17:38:27.891,0.96024,0.96051,1.13,2.25
2013.02.22 17:38:28.011,0.96024,0.96051,1.13,3.98
2013.02.22 17:38:29.382,0.96024,0.96049,1.13,2.25
2013.02.22 17:38:29.442,0.96024,0.96051,1.13,2.48
2013.02.22 17:38:30.022,0.96024,0.96053,1.13,2.63
2013.02.22 17:38:32.402,0.96024,0.96048,1.13,2.48
2013.02.22 17:38:32.521,0.96024,0.96047,1.13,2.48
2013.02.22 17:38:32.701,0.96024,0.96047,1.13,2.48
2013.02.22 17:38:43.291,0.96024,0.96046,1.13,2.25
2013.02.22 17:38:49.652,0.96024,0.96046,1.13,2.25
2013.02.22 17:38:50.213,0.96024,0.96046,1.13,2.25
2013.02.22 17:38:58.791,0.96024,0.96046,1.13,2.40
2013.02.22 17:39:03.242,0.96024,0.96045,1.13,2.25
2013.02.22 17:39:03.361,0.96024,0.96045,1.13,2.48
2013.02.22 17:39:03.421,0.96021,0.96045,1.13,2.63
2013.02.22 17:39:04.622,0.96021,0.96046,1.13,2.40
2013.02.22 17:39:09.571,0.96021,0.96046,1.88,2.40
2013.02.22 17:39:14.165,0.96026,0.96049,1.13,1.13
2013.02.22 17:39:14.912,0.96026,0.9605,1.88,2.40
2013.02.22 17:39:15.571,0.96026,0.9605,1.13,2.63
2013.02.22 17:39:33.891,0.96022,0.96047,1.65,1.35
2013.02.22 17:39:34.011,0.96022,0.96047,1.65,1.35
2013.02.22 17:39:35.066,0.96022,0.96047,1.65,1.13
2013.02.22 17:39:35.941,0.96022,0.96046,1.65,2.40
2013.02.22 17:39:36.192,0.96022,0.96047,1.65,1.13
2013.02.22 17:39:39.160,0.96025,0.9605,1.13,2.63
2013.02.22 17:39:42.941,0.96027,0.9605,1.65,2.63
2013.02.22 17:39:43.614,0.96027,0.96051,1.65,1.13
2013.02.22 17:39:48.664,0.96029,0.96053,1.50,2.63
2013.02.22 17:39:49.983,0.96027,0.96052,1.65,1.13
2013.02.22 17:39:51.991,0.96027,0.9605,1.65,2.40
2013.02.22 17:39:52.642,0.96027,0.96052,1.65,1.35
2013.02.22 17:39:57.661,0.96031,0.96056,1.13,1.35
2013.02.22 17:39:57.721,0.96032,0.96056,1.65,1.35
2013.02.22 17:40:02.201,0.96031,0.96055,1.13,1.13
2013.02.22 17:40:06.884,0.96031,0.96055,1.88,1.13
2013.02.22 17:40:14.072,0.96031,0.96054,1.13,1.13
2013.02.22 17:40:14.426,0.96031,0.96054,1.13,1.13
2013.02.22 17:40:14.661,0.96027,0.9605,1.88,1.35
2013.02.22 17:40:15.305,0.96027,0.9605,1.88,1.35
2013.02.22 17:40:15.828,0.96027,0.9605,1.88,1.13
2013.02.22 17:40:20.182,0.96031,0.96054,1.13,1.13
2013.02.22 17:40:20.521,0.96031,0.96054,1.13,1.13
2013.02.22 17:40:20.792,0.96032,0.96056,3.15,1.13
2013.02.22 17:40:22.772,0.96032,0.96056,3.15,1.13
2013.02.22 17:40:24.097,0.96032,0.96055,1.65,2.40
2013.02.22 17:40:24.561,0.96035,0.96061,2.63,1.13
2013.02.22 17:40:24.621,0.96042,0.96062,1.50,1.88
2013.02.22 17:40:24.681,0.96043,0.96064,1.13,2.48
2013.02.22 17:40:24.741,0.96043,0.96064,1.13,2.25
2013.02.22 17:40:24.801,0.96047,0.96064,1.13,2.25
2013.02.22 17:40:25.712,0.96047,0.9607,1.88,2.63
2013.02.22 17:40:26.021,0.96047,0.9607,1.88,2.40
2013.02.22 17:40:36.373,0.96047,0.96072,1.13,2.63
2013.02.22 17:40:36.865,0.96047,0.9607,1.13,1.13
2013.02.22 17:40:37.912,0.96047,0.9607,1.13,1.13
2013.02.22 17:40:37.978,0.96047,0.9607,1.13,1.13
2013.02.22 17:40:41.653,0.96052,0.96069,1.13,2.25
2013.02.22 17:40:41.711,0.96051,0.96069,1.13,2.25
2013.02.22 17:40:43.471,0.96052,0.96074,1.13,2.63
2013.02.22 17:40:43.591,0.96052,0.96074,1.13,2.63
2013.02.22 17:40:43.961,0.96059,0.96081,1.13,2.48
2013.02.22 17:40:44.033,0.96059,0.96081,1.13,2.25
2013.02.22 17:40:46.221,0.9606,0.96078,1.13,2.25
2013.02.22 17:40:47.151,0.96052,0.96078,1.13,2.48
2013.02.22 17:40:47.322,0.96052,0.96078,1.13,2.48
2013.02.22 17:40:47.641,0.96052,0.96074,1.13,2.25
2013.02.22 17:40:48.231,0.96052,0.96074,1.13,2.25
2013.02.22 17:40:50.151,0.96052,0.96081,3.38,1.13
2013.02.22 17:40:50.211,0.96053,0.96081,2.40,1.13
2013.02.22 17:40:50.653,0.96053,0.96079,1.50,2.25
2013.02.22 17:40:50.711,0.96052,0.96079,1.13,2.25
2013.02.22 17:40:52.951,0.96048,0.96072,2.40,1.13
2013.02.22 17:40:53.071,0.96048,0.96071,2.40,1.13
2013.02.22 17:40:54.191,0.96048,0.96071,2.40,1.13
2013.02.22 17:40:54.251,0.96048,0.96071,3.68,1.13
2013.02.22 17:40:55.162,0.96047,0.96072,4.05,1.13
2013.02.22 17:40:55.662,0.9605,0.96071,2.93,2.40
2013.02.22 17:41:01.506,0.96053,0.96072,2.25,1.13
2013.02.22 17:41:03.802,0.9605,0.96072,2.25,1.13
2013.02.22 17:41:04.003,0.96052,0.96073,1.50,1.13
2013.02.22 17:41:04.991,0.9605,0.9607,2.25,1.13
2013.02.22 17:41:05.051,0.9605,0.9607,2.25,1.13
2013.02.22 17:41:05.901,0.9605,0.9607,2.25,1.13
2013.02.22 17:41:05.961,0.96051,0.96074,1.50,1.35
2013.02.22 17:41:07.131,0.96054,0.96077,1.13,1.13
2013.02.22 17:41:08.441,0.96053,0.96077,1.13,1.13
2013.02.22 17:41:13.623,0.96053,0.96077,1.13,1.13
2013.02.22 17:41:13.771,0.96053,0.96078,1.13,1.13
2013.02.22 17:41:18.101,0.96055,0.96076,1.13,2.48
2013.02.22 17:41:22.612,0.96051,0.96072,1.13,2.25
2013.02.22 17:41:37.220,0.96047,0.96072,1.13,2.48
2013.02.22 17:41:37.663,0.96047,0.96072,2.48,2.48
2013.02.22 17:41:38.212,0.96049,0.96072,1.13,2.25
2013.02.22 17:41:39.918,0.96049,0.96072,1.13,2.25
2013.02.22 17:41:42.221,0.96053,0.96074,1.13,2.48
2013.02.22 17:41:47.862,0.96049,0.96072,1.13,2.25
2013.02.22 17:41:53.841,0.96051,0.96075,1.13,2.48
2013.02.22 17:41:53.902,0.9605,0.96075,1.13,2.48
2013.02.22 17:41:54.021,0.96048,0.96073,1.50,1.13
2013.02.22 17:41:54.765,0.96047,0.96073,1.88,1.13
2013.02.22 17:42:00.379,0.96047,0.96073,1.13,1.13
2013.02.22 17:42:12.742,0.96048,0.9607,1.13,1.13
2013.02.22 17:42:21.542,0.96048,0.96068,1.13,2.48
2013.02.22 17:42:21.732,0.96042,0.96065,1.73,1.13
2013.02.22 17:42:21.851,0.96042,0.96065,1.13,1.13
2013.02.22 17:42:22.269,0.96042,0.96065,1.88,1.13
2013.02.22 17:42:23.309,0.96043,0.96067,1.50,1.35
2013.02.22 17:42:28.071,0.96043,0.96067,1.50,1.13
2013.02.22 17:42:30.112,0.96047,0.96069,1.13,2.63
2013.02.22 17:42:51.498,0.96048,0.96071,1.13,1.35
2013.02.22 17:42:54.242,0.96048,0.96071,1.13,1.35
2013.02.22 17:43:00.193,0.96051,0.96076,1.35,2.48
2013.02.22 17:43:01.026,0.96048,0.96074,1.13,2.48
2013.02.22 17:43:01.892,0.96048,0.96073,1.13,2.25
2013.02.22 17:43:02.141,0.96048,0.96074,1.13,2.25
2013.02.22 17:43:02.283,0.96048,0.96074,1.13,2.25
2013.02.22 17:43:03.083,0.96048,0.96071,1.13,2.48
2013.02.22 17:43:03.662,0.96043,0.96067,1.13,1.13
2013.02.22 17:43:14.931,0.96043,0.96067,1.13,1.13
2013.02.22 17:43:15.171,0.96043,0.96068,1.13,1.13
2013.02.22 17:43:16.782,0.9605,0.96073,1.13,2.48
2013.02.22 17:43:16.842,0.9605,0.96073,1.13,2.48
2013.02.22 17:43:17.263,0.96043,0.96066,1.13,1.13
2013.02.22 17:43:20.232,0.96043,0.96067,1.13,1.13
2013.02.22 17:44:09.221,0.96038,0.9606,3.45,1.13
2013.02.22 17:44:09.282,0.96038,0.96055,2.25,1.13
2013.02.22 17:44:09.762,0.96032,0.96048,1.05,2.25
2013.02.22 17:44:10.004,0.96031,0.96051,1.73,1.73
2013.02.22 17:44:10.098,0.96031,0.96051,1.73,2.48
2013.02.22 17:44:10.224,0.9603,0.96051,1.13,2.48
2013.02.22 17:44:10.735,0.9603,0.96051,1.13,2.48
2013.02.22 17:44:11.424,0.96031,0.96051,1.65,1.73
2013.02.22 17:44:11.602,0.96031,0.96054,1.65,4.65
2013.02.22 17:44:11.664,0.96031,0.96054,1.65,2.40
2013.02.22 17:44:12.408,0.9603,0.96054,1.13,2.40
2013.02.22 17:44:12.752,0.9603,0.96052,1.13,2.25
2013.02.22 17:44:13.302,0.9603,0.96052,1.13,2.48
2013.02.22 17:44:13.621,0.96031,0.96052,1.65,2.25
2013.02.22 17:44:13.947,0.9603,0.96052,1.13,2.25
2013.02.22 17:44:14.252,0.96026,0.96042,1.95,1.13
2013.02.22 17:44:14.313,0.96023,0.96039,2.85,1.13
2013.02.22 17:44:14.552,0.96023,0.96039,2.48,1.13
2013.02.22 17:44:14.682,0.96019,0.96039,1.95,1.13
2013.02.22 17:44:14.982,0.9602,0.96042,1.13,1.13
2013.02.22 17:44:15.102,0.96019,0.96042,1.13,1.13
2013.02.22 17:44:15.492,0.96019,0.96042,1.13,1.13
2013.02.22 17:44:16.400,0.9602,0.96042,1.13,1.13
2013.02.22 17:44:22.252,0.9602,0.96042,1.13,1.13
2013.02.22 17:44:24.871,0.9602,0.96042,1.13,1.13
2013.02.22 17:44:25.942,0.9602,0.96042,1.13,1.13
2013.02.22 17:44:27.323,0.9602,0.96042,1.13,1.13
2013.02.22 17:44:28.413,0.9602,0.96042,1.13,1.13
2013.02.22 17:44:31.282,0.9602,0.96042,1.13,1.13
2013.02.22 17:44:32.108,0.96019,0.96043,1.13,1.13
2013.02.22 17:44:32.627,0.96017,0.96041,1.13,2.63
2013.02.22 17:44:32.932,0.96012,0.96035,1.13,1.13
2013.02.22 17:44:33.292,0.96012,0.96033,1.13,1.73
2013.02.22 17:44:33.352,0.96012,0.9603,1.13,1.50
2013.02.22 17:44:33.711,0.96001,0.96028,1.88,2.25
2013.02.22 17:44:33.894,0.96001,0.96028,1.13,2.25
2013.02.22 17:44:34.133,0.96001,0.96028,1.13,2.48
2013.02.22 17:44:34.453,0.96001,0.96028,1.13,2.48
2013.02.22 17:44:35.085,0.96,0.96021,1.13,1.13
2013.02.22 17:44:39.703,0.96,0.96023,1.13,1.35
2013.02.22 17:44:39.897,0.96,0.96023,1.13,1.35
2013.02.22 17:44:40.229,0.96,0.96022,1.13,1.13
2013.02.22 17:44:40.962,0.96002,0.96023,1.65,1.13
2013.02.22 17:44:41.232,0.96,0.96023,1.13,1.13
2013.02.22 17:44:42.038,0.96,0.96023,1.13,1.13
2013.02.22 17:44:42.317,0.96,0.96023,1.13,1.35
2013.02.22 17:44:42.623,0.96004,0.96025,1.13,2.48
2013.02.22 17:44:42.683,0.96007,0.96025,1.13,2.48
2013.02.22 17:44:42.862,0.96003,0.96024,1.13,1.50
2013.02.22 17:44:43.342,0.95997,0.96024,2.40,3.98
2013.02.22 17:44:44.186,0.95996,0.96023,1.13,2.48
2013.02.22 17:44:44.692,0.95994,0.96018,1.50,1.13
2013.02.22 17:44:45.356,0.95993,0.96017,1.13,2.40
2013.02.22 17:44:45.642,0.95993,0.96018,1.13,1.35
2013.02.22 17:44:46.181,0.95993,0.96016,1.13,1.13
2013.02.22 17:44:54.927,0.95993,0.96013,1.13,2.25
2013.02.22 17:44:55.232,0.95992,0.96013,1.13,2.48
2013.02.22 17:44:55.733,0.95986,0.96009,2.40,1.13
2013.02.22 17:44:57.243,0.95986,0.96009,2.40,1.13
2013.02.22 17:44:58.532,0.95986,0.96009,2.40,1.13
2013.02.22 17:44:59.442,0.95986,0.96009,2.40,1.13
2013.02.22 17:45:00.443,0.95986,0.96009,2.40,1.13
2013.02.22 17:45:01.072,0.95986,0.9601,2.40,1.13
2013.02.22 17:45:01.324,0.95986,0.96011,3.15,1.13
2013.02.22 17:45:01.762,0.95986,0.96011,2.40,1.13
2013.02.22 17:45:03.026,0.95986,0.96011,3.15,1.13
2013.02.22 17:45:03.242,0.95991,0.96013,1.13,2.63
2013.02.22 17:45:03.604,0.95993,0.96014,2.48,1.88
2013.02.22 17:45:03.963,0.96013,0.96027,3.23,1.80
2013.02.22 17:45:04.022,0.96017,0.96027,1.73,1.80
2013.02.22 17:45:04.083,0.96024,0.96031,2.10,1.80
2013.02.22 17:45:04.381,0.96025,0.96041,1.65,2.63
2013.02.22 17:45:04.503,0.96031,0.96044,2.25,1.65
2013.02.22 17:45:05.032,0.9603,0.96048,1.50,1.50
2013.02.22 17:45:05.212,0.96032,0.96049,1.50,1.50
2013.02.22 17:45:05.513,0.96029,0.96057,1.50,2.63
2013.02.22 17:45:06.153,0.96031,0.96057,2.25,1.13
2013.02.22 17:45:06.380,0.96031,0.96057,2.25,1.13
2013.02.22 17:45:06.498,0.96031,0.96057,2.25,1.13
2013.02.22 17:45:07.091,0.96031,0.96057,2.25,1.13
2013.02.22 17:45:08.761,0.96031,0.96057,3.00,1.13
2013.02.22 17:45:08.821,0.96031,0.96058,3.38,2.48
2013.02.22 17:45:10.014,0.96031,0.96058,4.88,2.48
2013.02.22 17:45:11.385,0.96036,0.96061,1.50,2.48
2013.02.22 17:45:11.692,0.96046,0.96061,1.50,1.73
2013.02.22 17:45:11.751,0.96046,0.96063,1.50,1.50
2013.02.22 17:45:12.231,0.96042,0.96069,3.60,2.25
2013.02.22 17:45:12.412,0.96052,0.96071,1.50,1.73
2013.02.22 17:45:12.471,0.96052,0.96073,1.50,2.48
2013.02.22 17:45:12.592,0.96052,0.9608,1.50,2.25
2013.02.22 17:45:12.651,0.96052,0.9608,1.50,2.25
2013.02.22 17:45:14.152,0.96049,0.96078,1.95,2.48
2013.02.22 17:45:14.332,0.96047,0.96078,2.55,2.48
2013.02.22 17:45:14.652,0.96047,0.96077,1.95,1.35
2013.02.22 17:45:14.972,0.96045,0.96073,1.13,1.13
2013.02.22 17:45:15.092,0.96042,0.9607,1.13,1.13
2013.02.22 17:45:18.122,0.96043,0.9607,2.40,1.13
2013.02.22 17:45:21.502,0.96044,0.9607,2.40,1.13
2013.02.22 17:45:21.733,0.96047,0.9607,1.50,1.13
2013.02.22 17:45:22.992,0.96046,0.9607,1.35,1.13
2013.02.22 17:45:23.113,0.96046,0.9607,1.35,1.13
2013.02.22 17:45:33.251,0.96044,0.96071,1.13,1.35
2013.02.22 17:45:58.862,0.96045,0.96076,1.13,1.73
2013.02.22 17:45:58.924,0.96052,0.96076,1.13,1.58
2013.02.22 17:45:58.983,0.96052,0.96077,1.88,2.48
2013.02.22 17:45:59.102,0.96052,0.9608,1.88,2.63
2013.02.22 17:45:59.162,0.96052,0.96074,1.13,1.58
2013.02.22 17:45:59.342,0.96052,0.96074,1.13,1.58
2013.02.22 17:45:59.713,0.96048,0.96074,2.25,1.73
2013.02.22 17:45:59.958,0.96041,0.96072,1.88,2.48
2013.02.22 17:46:01.421,0.96041,0.96072,1.88,2.48
2013.02.22 17:46:06.174,0.9604,0.96067,1.13,1.13
2013.02.22 17:46:06.492,0.96039,0.96064,1.13,2.25
2013.02.22 17:46:06.552,0.96039,0.96064,1.13,2.25
2013.02.22 17:46:09.155,0.96039,0.96063,1.13,2.48
2013.02.22 17:46:09.332,0.96041,0.96063,1.65,2.25
2013.02.22 17:46:09.452,0.96043,0.96065,2.25,1.13
2013.02.22 17:46:09.792,0.96043,0.96065,2.25,1.13
2013.02.22 17:46:10.979,0.96043,0.96065,2.25,1.13
2013.02.22 17:46:15.128,0.96043,0.96065,2.25,1.13
2013.02.22 17:46:15.263,0.96046,0.9607,1.13,2.48
2013.02.22 17:46:16.553,0.96046,0.9607,1.13,2.25
2013.02.22 17:46:16.623,0.96046,0.9607,1.13,2.25
2013.02.22 17:46:16.681,0.96046,0.9607,1.13,2.25
2013.02.22 17:46:20.581,0.9604,0.96066,2.40,1.13
2013.02.22 17:46:21.502,0.96043,0.96066,2.25,1.13
2013.02.22 17:46:22.605,0.96043,0.96066,2.25,1.13
2013.02.22 17:46:22.942,0.9604,0.96066,2.40,1.13
2013.02.22 17:46:23.182,0.96038,0.96062,2.25,1.13
2013.02.22 17:46:23.830,0.96036,0.9606,1.65,1.13
2013.02.22 17:46:31.744,0.96038,0.9606,1.50,1.13
2013.02.22 17:46:33.074,0.96034,0.9606,1.13,1.13
2013.02.22 17:46:33.716,0.96034,0.96062,1.73,2.10
2013.02.22 17:46:34.915,0.96038,0.96063,1.50,1.13
2013.02.22 17:46:40.171,0.96038,0.96065,1.88,3.00
2013.02.22 17:46:43.253,0.96038,0.96059,1.13,1.50
2013.02.22 17:46:43.634,0.96033,0.96054,1.13,1.50
2013.02.22 17:46:43.903,0.96033,0.9605,1.13,1.50
2013.02.22 17:46:44.271,0.96033,0.96053,1.13,1.50
2013.02.22 17:46:44.776,0.96028,0.96053,2.48,1.65
2013.02.22 17:46:44.972,0.96028,0.9605,1.13,1.50
2013.02.22 17:46:45.425,0.96027,0.9605,1.65,1.50
2013.02.22 17:46:48.632,0.96026,0.9605,1.13,1.50
2013.02.22 17:46:50.231,0.96026,0.96054,2.10,1.88
2013.02.22 17:47:00.961,0.96026,0.96054,1.65,1.65
2013.02.22 17:47:01.903,0.96026,0.96049,1.65,1.50
2013.02.22 17:47:06.352,0.96025,0.96048,1.13,1.50
2013.02.22 17:47:07.665,0.96025,0.96048,1.13,1.50
2013.02.22 17:47:10.722,0.9602,0.96047,1.13,1.13
2013.02.22 17:47:10.782,0.9602,0.96042,1.13,1.50
2013.02.22 17:47:11.096,0.96024,0.96045,1.13,3.00
2013.02.22 17:47:12.723,0.96024,0.96045,1.13,1.50
2013.02.22 17:47:12.842,0.96017,0.96041,1.88,1.50
2013.02.22 17:47:13.323,0.96024,0.96045,1.13,1.50
2013.02.22 17:47:13.852,0.96024,0.96046,1.13,1.50
2013.02.22 17:47:14.892,0.96019,0.96044,1.73,1.65
2013.02.22 17:47:15.011,0.96018,0.96041,1.88,1.50
2013.02.22 17:47:17.503,0.96018,0.96041,1.88,1.50
2013.02.22 17:47:17.651,0.96018,0.96044,1.88,1.65
2013.02.22 17:47:20.364,0.96019,0.96048,2.25,2.40
2013.02.22 17:47:26.872,0.96025,0.96046,1.35,1.50
2013.02.22 17:47:26.992,0.96025,0.96048,1.35,1.50
2013.02.22 17:47:27.534,0.96025,0.96051,2.10,1.50
2013.02.22 17:47:27.755,0.96025,0.96048,2.10,1.50
2013.02.22 17:47:27.873,0.96025,0.9605,2.10,1.50
2013.02.22 17:47:27.991,0.96025,0.96051,2.10,1.73
2013.02.22 17:47:28.719,0.9602,0.96048,2.10,1.73
2013.02.22 17:47:29.063,0.9602,0.96046,2.25,1.13
2013.02.22 17:47:29.242,0.9602,0.96046,2.25,1.13
2013.02.22 17:47:30.622,0.96018,0.96045,1.50,3.15
2013.02.22 17:47:31.103,0.96018,0.96041,1.50,1.50
2013.02.22 17:47:31.894,0.96017,0.96041,1.73,2.25
2013.02.22 17:47:32.223,0.96017,0.96038,1.50,1.35
2013.02.22 17:47:32.761,0.96013,0.96038,1.50,2.85
2013.02.22 17:47:38.642,0.96013,0.9604,2.63,1.73
2013.02.22 17:47:38.973,0.96016,0.96041,1.65,1.50
2013.02.22 17:47:51.173,0.96016,0.96043,3.15,1.50
2013.02.22 17:47:52.272,0.96019,0.96043,1.50,1.88
2013.02.22 17:47:52.513,0.96011,0.96036,2.48,2.40
2013.02.22 17:47:52.751,0.96011,0.96036,1.58,2.40
2013.02.22 17:47:52.811,0.96013,0.96037,1.50,1.65
2013.02.22 17:47:53.294,0.96013,0.96039,3.00,1.35
2013.02.22 17:47:53.412,0.96014,0.96041,1.65,2.48
2013.02.22 17:48:05.236,0.96016,0.96043,2.25,1.73
2013.02.22 17:48:08.321,0.96018,0.96043,1.35,1.50
2013.02.22 17:48:09.026,0.96018,0.96046,3.08,2.48
2013.02.22 17:48:09.533,0.96018,0.96046,3.08,2.48
2013.02.22 17:48:23.403,0.96021,0.96046,1.50,2.48
2013.02.22 17:48:23.462,0.96022,0.96046,1.50,1.88
2013.02.22 17:48:23.645,0.96022,0.96046,1.65,1.50
2013.02.22 17:48:31.793,0.96022,0.96049,1.65,2.48
2013.02.22 17:48:31.853,0.96022,0.96045,1.65,1.50
2013.02.22 17:48:32.122,0.96025,0.96049,1.50,2.25
2013.02.22 17:48:38.342,0.96022,0.96047,1.65,1.50
2013.02.22 17:48:39.472,0.96022,0.96049,1.65,2.25
2013.02.22 17:48:39.712,0.96022,0.96046,1.65,1.50
2013.02.22 17:48:41.392,0.96019,0.96046,2.85,2.25
2013.02.22 17:48:41.974,0.96019,0.96046,2.25,1.73
2013.02.22 17:48:43.803,0.96019,0.96046,2.25,1.73
2013.02.22 17:48:46.135,0.96023,0.96048,2.25,1.13
2013.02.22 17:48:46.314,0.96026,0.96051,1.65,1.73
2013.02.22 17:48:47.054,0.96026,0.96051,1.65,1.50
2013.02.22 17:48:49.904,0.96031,0.96053,2.25,1.73
2013.02.22 17:48:50.082,0.96035,0.96055,1.50,1.13
2013.02.22 17:48:50.383,0.96036,0.96063,1.65,1.73
2013.02.22 17:48:50.702,0.96041,0.96063,1.50,1.73
2013.02.22 17:48:51.263,0.96039,0.96064,1.50,1.65
2013.02.22 17:48:51.404,0.96039,0.96064,1.50,2.40
2013.02.22 17:48:51.926,0.96036,0.96063,1.65,1.73
2013.02.22 17:48:54.102,0.96035,0.9606,1.13,1.50
2013.02.22 17:48:54.162,0.96035,0.9606,1.13,2.25
2013.02.22 17:48:54.462,0.96035,0.9606,1.13,2.25
2013.02.22 17:48:54.582,0.96035,0.9606,1.13,2.25
2013.02.22 17:48:57.063,0.96035,0.96059,1.13,1.50
2013.02.22 17:49:00.652,0.96035,0.96061,1.13,2.25
2013.02.22 17:49:06.203,0.96034,0.9606,1.13,1.50
2013.02.22 17:49:06.262,0.96033,0.9606,2.48,1.65
2013.02.22 17:49:06.504,0.96026,0.96054,2.40,1.13
2013.02.22 17:49:06.802,0.96027,0.96051,1.50,1.13
2013.02.22 17:49:06.982,0.96023,0.9605,2.25,1.13
2013.02.22 17:49:07.222,0.96023,0.96049,1.50,1.50
2013.02.22 17:49:10.652,0.96031,0.9605,1.50,1.73
2013.02.22 17:49:10.833,0.96031,0.96058,2.25,2.48
2013.02.22 17:49:10.893,0.96031,0.96056,1.50,1.73
2013.02.22 17:49:11.072,0.96028,0.96054,3.00,1.73
2013.02.22 17:49:11.218,0.96028,0.96054,1.50,1.50
2013.02.22 17:49:13.623,0.96028,0.96054,2.25,1.50
2013.02.22 17:49:13.983,0.96027,0.96053,1.50,2.25
2013.02.22 17:49:14.701,0.96028,0.96054,1.50,1.50
2013.02.22 17:49:14.766,0.96028,0.96056,1.50,2.25
2013.02.22 17:49:14.954,0.96028,0.96054,2.25,1.50
2013.02.22 17:49:15.787,0.96028,0.96054,2.25,1.50
2013.02.22 17:49:19.232,0.96028,0.96049,1.50,1.50
2013.02.22 17:49:21.212,0.96028,0.96049,1.50,1.50
2013.02.22 17:49:22.047,0.96028,0.96056,1.50,3.23
2013.02.22 17:49:27.163,0.96028,0.96054,2.25,1.13
2013.02.22 17:49:29.190,0.9603,0.96055,3.00,1.13
2013.02.22 17:49:33.664,0.96031,0.96056,1.13,2.25
2013.02.22 17:49:34.475,0.96032,0.96058,3.15,1.13
2013.02.22 17:49:44.592,0.96032,0.96057,1.65,1.13
2013.02.22 17:49:45.484,0.96031,0.96057,1.13,1.13
2013.02.22 17:49:46.468,0.96031,0.96058,1.13,2.63
2013.02.22 17:49:47.024,0.96031,0.96058,1.88,2.63
2013.02.22 17:49:48.892,0.96031,0.96058,1.50,2.85
2013.02.22 17:49:58.394,0.9603,0.96056,3.15,1.13
2013.02.22 17:49:58.512,0.96028,0.96056,1.13,2.63
2013.02.22 17:49:58.812,0.96026,0.96051,1.50,3.23
2013.02.22 17:49:58.991,0.96025,0.96051,1.65,2.48
2013.02.22 17:50:01.753,0.96024,0.96051,3.15,3.98
2013.02.22 17:50:01.932,0.96022,0.96043,2.48,3.23
2013.02.22 17:50:02.053,0.96018,0.96043,1.13,2.25
2013.02.22 17:50:02.115,0.96016,0.96043,3.83,2.63
2013.02.22 17:50:02.422,0.96016,0.96036,1.50,1.13
2013.02.22 17:50:02.483,0.96012,0.96036,3.00,1.13
2013.02.22 17:50:02.752,0.96011,0.96035,1.50,1.13
2013.02.22 17:50:07.313,0.96012,0.96034,1.50,1.13
2013.02.22 17:50:10.976,0.96011,0.96034,1.50,1.13
2013.02.22 17:50:11.737,0.96012,0.96034,1.50,1.13
2013.02.22 17:50:13.893,0.96012,0.96039,2.25,2.70
2013.02.22 17:50:19.403,0.96012,0.96035,1.50,1.13
2013.02.22 17:50:19.582,0.96006,0.96029,2.25,1.50
2013.02.22 17:50:19.642,0.96006,0.96031,2.25,1.58
2013.02.22 17:50:19.702,0.96008,0.96032,1.50,1.20
2013.02.22 17:50:19.882,0.96008,0.96034,2.10,1.50
2013.02.22 17:50:23.426,0.96006,0.96034,2.25,2.10
2013.02.22 17:50:24.602,0.9601,0.96034,2.40,1.88
2013.02.22 17:50:26.294,0.96009,0.96034,1.13,1.13
2013.02.22 17:50:28.493,0.96009,0.96036,1.13,2.10
2013.02.22 17:50:29.102,0.96009,0.96034,1.13,1.13
2013.02.22 17:50:29.352,0.96009,0.96035,1.13,1.13
2013.02.22 17:50:29.946,0.96009,0.96032,1.13,1.50
2013.02.22 17:50:31.409,0.96009,0.96034,1.13,1.88
2013.02.22 17:50:33.113,0.96009,0.96034,1.13,1.13
2013.02.22 17:50:36.252,0.9601,0.96035,3.15,1.13
2013.02.22 17:50:39.782,0.96008,0.96034,1.20,3.15
2013.02.22 17:50:40.304,0.96007,0.96032,1.13,1.13
2013.02.22 17:50:40.362,0.96008,0.96034,1.13,3.60
2013.02.22 17:50:41.315,0.96007,0.96032,1.13,1.13
2013.02.22 17:50:42.042,0.96008,0.96033,1.13,1.35
2013.02.22 17:50:49.882,0.96012,0.96035,1.13,1.65
2013.02.22 17:50:50.062,0.96013,0.96037,1.13,1.13
2013.02.22 17:50:50.382,0.96012,0.96037,1.13,2.63
2013.02.22 17:50:50.443,0.96007,0.96028,3.00,1.13
2013.02.22 17:50:50.683,0.96007,0.96028,1.13,1.73
2013.02.22 17:50:51.583,0.96008,0.96031,1.13,2.63
2013.02.22 17:50:54.422,0.96007,0.96028,1.13,1.50
2013.02.22 17:50:54.481,0.96006,0.96027,2.25,1.13
2013.02.22 17:50:55.543,0.96003,0.96027,1.13,1.35
2013.02.22 17:50:55.601,0.96003,0.96027,1.13,2.85
2013.02.22 17:50:55.662,0.96001,0.96024,1.73,1.50
2013.02.22 17:50:56.922,0.96001,0.96024,1.13,3.00
2013.02.22 17:51:09.983,0.95999,0.96022,1.13,1.13
2013.02.22 17:51:13.274,0.95999,0.96022,1.13,1.13
2013.02.22 17:51:20.383,0.95999,0.96023,2.63,1.13
2013.02.22 17:51:22.207,0.95997,0.96022,1.88,1.13
2013.02.22 17:51:22.731,0.95999,0.96023,1.13,2.63
2013.02.22 17:51:23.244,0.95996,0.96022,1.13,1.13
2013.02.22 17:51:25.162,0.95996,0.96023,1.13,3.00
2013.02.22 17:51:27.574,0.95996,0.9602,1.13,2.63
2013.02.22 17:51:28.251,0.95996,0.96017,1.13,1.50
2013.02.22 17:51:28.943,0.95996,0.9602,1.13,1.13
2013.02.22 17:51:32.433,0.95992,0.9602,1.35,3.38
2013.02.22 17:51:32.553,0.95996,0.96019,1.13,1.65
2013.02.22 17:51:33.103,0.95994,0.96019,2.85,1.65
2013.02.22 17:51:33.763,0.95996,0.96018,1.13,1.88
2013.02.22 17:51:35.600,0.95996,0.96018,1.13,1.88
2013.02.22 17:51:35.662,0.95991,0.96012,1.35,1.13
2013.02.22 17:51:36.243,0.95988,0.96012,1.13,1.13
2013.02.22 17:51:36.953,0.95987,0.96008,2.63,1.50
2013.02.22 17:51:37.073,0.95987,0.96008,1.13,1.73
2013.02.22 17:51:49.054,0.95988,0.9601,1.13,1.13
2013.02.22 17:51:49.373,0.95991,0.96014,1.13,1.50
2013.02.22 17:51:49.784,0.95994,0.96018,2.63,1.35
2013.02.22 17:51:49.843,0.95994,0.96018,1.88,2.10
2013.02.22 17:51:50.124,0.95994,0.96018,1.88,2.10
2013.02.22 17:51:50.922,0.95994,0.96016,1.88,1.13
2013.02.22 17:51:51.313,0.95992,0.96016,1.88,1.13
2013.02.22 17:51:53.621,0.95994,0.96018,1.13,1.35
2013.02.22 17:51:54.336,0.95994,0.96018,1.13,1.35
2013.02.22 17:51:54.852,0.95994,0.96016,1.13,1.13
2013.02.22 17:52:00.932,0.95994,0.96018,1.13,1.35
2013.02.22 17:52:01.062,0.95996,0.96018,2.40,1.13
2013.02.22 17:52:09.363,0.95996,0.96019,2.63,1.13
2013.02.22 17:52:09.423,0.95998,0.96019,2.40,1.13
2013.02.22 17:52:09.542,0.96002,0.96021,1.50,1.13
2013.02.22 17:52:09.602,0.96002,0.96024,1.88,1.50
2013.02.22 17:52:09.783,0.96004,0.96026,1.13,1.13
2013.02.22 17:52:10.322,0.96004,0.96024,1.88,1.50
2013.02.22 17:52:11.893,0.96004,0.96026,1.13,1.13
2013.02.22 17:52:11.952,0.96004,0.96026,1.13,1.13
2013.02.22 17:52:13.003,0.96004,0.96027,1.13,1.13
2013.02.22 17:52:24.673,0.96004,0.96027,1.13,1.13
2013.02.22 17:52:29.704,0.9601,0.96032,1.50,1.13
2013.02.22 17:52:30.012,0.96012,0.96033,1.13,1.50
2013.02.22 17:52:30.132,0.96012,0.96033,2.63,1.50
2013.02.22 17:52:30.192,0.96012,0.96036,2.63,1.13
2013.02.22 17:52:30.432,0.96012,0.96036,2.63,1.13
2013.02.22 17:52:31.763,0.96012,0.96036,2.63,1.13
2013.02.22 17:52:32.077,0.96012,0.96036,1.88,1.13
2013.02.22 17:52:32.556,0.96012,0.96036,2.63,1.13
2013.02.22 17:52:32.882,0.96016,0.96038,1.88,1.65
2013.02.22 17:52:32.943,0.96016,0.96038,1.88,1.65
2013.02.22 17:52:35.589,0.96012,0.96035,2.63,1.50
2013.02.22 17:52:35.712,0.96014,0.96039,1.13,2.10
2013.02.22 17:52:35.952,0.96014,0.96037,1.13,1.13
2013.02.22 17:52:38.175,0.96012,0.96034,1.50,1.88
2013.02.22 17:52:38.433,0.96004,0.96032,2.63,1.88
2013.02.22 17:52:38.492,0.96004,0.96029,2.63,1.13
2013.02.22 17:52:39.204,0.96004,0.96028,2.40,1.88
2013.02.22 17:52:39.931,0.96004,0.96028,2.40,1.88
2013.02.22 17:52:43.404,0.96004,0.96028,1.65,1.88
2013.02.22 17:52:43.994,0.96002,0.96026,1.73,2.25
2013.02.22 17:53:02.482,0.96001,0.96024,1.73,3.00
2013.02.22 17:53:02.662,0.95996,0.9602,1.73,1.65
2013.02.22 17:53:02.993,0.95996,0.96018,1.13,1.73
2013.02.22 17:53:03.183,0.95991,0.96016,1.13,1.13
2013.02.22 17:53:04.508,0.95991,0.96016,1.13,1.13
2013.02.22 17:53:05.134,0.9599,0.96018,2.40,2.63
2013.02.22 17:53:07.078,0.95989,0.96015,1.13,2.25
2013.02.22 17:53:19.903,0.9599,0.96015,1.13,2.40
2013.02.22 17:53:23.205,0.95991,0.96015,1.13,2.25
2013.02.22 17:53:23.323,0.95993,0.96018,2.40,1.13
2013.02.22 17:53:23.542,0.95993,0.96021,2.40,2.63
2013.02.22 17:53:27.975,0.95993,0.96019,1.65,1.65
2013.02.22 17:53:28.093,0.95997,0.96019,1.50,1.65
2013.02.22 17:53:28.818,0.96003,0.96019,2.10,1.65
2013.02.22 17:53:29.005,0.96011,0.96025,1.13,1.73
2013.02.22 17:53:29.183,0.96011,0.96039,1.13,1.65
2013.02.22 17:53:29.275,0.96011,0.96039,1.13,1.65
2013.02.22 17:53:31.574,0.96011,0.96037,1.13,1.73
2013.02.22 17:53:31.692,0.9601,0.96028,1.50,1.50
2013.02.22 17:53:31.752,0.96008,0.96028,1.50,1.50
2013.02.22 17:53:32.014,0.96008,0.96036,1.50,2.63
2013.02.22 17:53:32.563,0.96008,0.96036,1.50,2.63
2013.02.22 17:53:47.183,0.96008,0.96033,1.88,1.50
2013.02.22 17:53:50.855,0.96008,0.96034,2.63,1.50
2013.02.22 17:53:55.474,0.96007,0.96033,1.88,1.50
2013.02.22 17:54:15.372,0.96007,0.96033,2.48,1.50
2013.02.22 17:54:15.432,0.96012,0.96033,1.13,1.50
2013.02.22 17:54:16.432,0.96012,0.96033,1.13,1.50
2013.02.22 17:54:33.003,0.96012,0.96036,1.13,1.50
2013.02.22 17:54:39.598,0.96015,0.96037,1.13,2.25
2013.02.22 17:54:39.742,0.96017,0.96038,1.13,1.50
2013.02.22 17:54:40.045,0.96017,0.96038,1.13,1.50
2013.02.22 17:54:47.603,0.96017,0.9604,3.45,1.50
2013.02.22 17:54:47.662,0.96017,0.96044,2.70,1.50
2013.02.22 17:54:47.723,0.96017,0.96044,2.70,1.50
2013.02.22 17:54:50.048,0.9602,0.96044,1.88,1.50
2013.02.22 17:54:51.112,0.96022,0.96046,1.13,1.65
2013.02.22 17:54:52.033,0.96022,0.96046,1.13,1.50
2013.02.22 17:55:07.653,0.96022,0.96044,1.13,1.50
2013.02.22 17:55:13.855,0.9602,0.96044,1.88,1.50
2013.02.22 17:55:15.913,0.96014,0.96039,1.88,1.88
2013.02.22 17:55:17.894,0.96014,0.96039,1.13,2.10
2013.02.22 17:55:17.953,0.96014,0.96039,1.13,2.10
2013.02.22 17:55:18.132,0.96012,0.96038,2.10,1.65
2013.02.22 17:55:21.634,0.96014,0.96038,1.13,1.65
2013.02.22 17:55:22.279,0.96014,0.96039,1.13,1.88
2013.02.22 17:55:28.848,0.96013,0.96039,1.20,1.88
2013.02.22 17:55:30.874,0.96012,0.96039,2.48,1.88
2013.02.22 17:55:33.692,0.96013,0.96036,1.20,1.65
2013.02.22 17:55:35.018,0.96012,0.96036,1.88,1.65
2013.02.22 17:55:35.236,0.96012,0.96036,1.88,1.88
2013.02.22 17:55:35.352,0.96012,0.96036,1.88,1.73
2013.02.22 17:55:37.614,0.96011,0.96038,1.13,3.15
2013.02.22 17:55:37.733,0.96011,0.96032,1.13,1.50
2013.02.22 17:55:38.113,0.96006,0.96032,3.23,2.25
2013.02.22 17:55:38.232,0.96011,0.96032,1.13,1.50
2013.02.22 17:55:38.385,0.96011,0.96034,1.13,1.50
2013.02.22 17:55:38.582,0.96007,0.96034,1.73,1.50
2013.02.22 17:55:40.295,0.96006,0.96034,2.70,1.50
2013.02.22 17:55:44.143,0.96001,0.96023,1.13,1.65
2013.02.22 17:55:44.203,0.95999,0.96022,2.48,1.50
2013.02.22 17:55:44.263,0.95999,0.96022,1.88,1.50
2013.02.22 17:55:44.513,0.95999,0.96021,1.88,1.50
2013.02.22 17:55:44.983,0.95998,0.96021,1.88,1.50
2013.02.22 17:55:49.775,0.95998,0.96021,1.88,1.50
2013.02.22 17:55:53.866,0.95998,0.96021,1.88,1.73
2013.02.22 17:56:00.702,0.95998,0.96021,1.88,1.50
2013.02.22 17:56:02.355,0.95998,0.96021,1.88,1.50
2013.02.22 17:56:10.873,0.95993,0.96021,1.88,1.88
2013.02.22 17:56:14.733,0.95989,0.96015,3.60,1.50
2013.02.22 17:56:21.933,0.95987,0.96013,1.88,1.13
2013.02.22 17:56:21.992,0.95987,0.96011,1.88,1.65
2013.02.22 17:56:38.213,0.95985,0.96011,1.88,1.65
2013.02.22 17:56:52.708,0.95984,0.96008,1.65,2.10
2013.02.22 17:56:54.287,0.95982,0.96006,1.13,1.13
2013.02.22 17:56:54.356,0.95982,0.96005,1.13,1.50
2013.02.22 17:56:54.532,0.95978,0.96001,1.50,1.35
2013.02.22 17:56:54.592,0.95975,0.95998,1.88,1.13
2013.02.22 17:56:55.073,0.95974,0.96003,2.48,3.15
2013.02.22 17:56:55.612,0.95977,0.96005,1.13,1.13
2013.02.22 17:56:55.672,0.95977,0.96005,1.13,1.13
2013.02.22 17:57:00.634,0.95987,0.96008,1.13,2.25
2013.02.22 17:57:00.993,0.95992,0.96018,1.13,3.00
2013.02.22 17:57:01.933,0.95994,0.96019,1.88,1.65
2013.02.22 17:57:02.593,0.95994,0.9602,1.88,1.13
2013.02.22 17:57:05.852,0.95997,0.96019,2.48,1.65
2013.02.22 17:57:06.273,0.96002,0.96023,2.25,1.13
2013.02.22 17:57:06.392,0.9601,0.96037,1.50,1.65
2013.02.22 17:57:09.576,0.9601,0.96037,2.25,2.40
2013.02.22 17:57:10.312,0.96007,0.96031,3.15,1.50
2013.02.22 17:57:18.365,0.96006,0.96031,1.35,2.25
2013.02.22 17:57:19.073,0.96008,0.96031,1.13,1.50
2013.02.22 17:57:19.795,0.96007,0.96031,1.35,2.25
2013.02.22 17:57:20.344,0.96007,0.96035,1.35,2.48
2013.02.22 17:57:20.772,0.96016,0.96039,1.13,2.48
2013.02.22 17:57:36.154,0.96016,0.96043,1.13,2.48
2013.02.22 17:57:43.173,0.96014,0.96043,1.20,2.48
2013.02.22 17:57:44.487,0.96016,0.9604,1.13,2.48
2013.02.22 17:57:49.023,0.96022,0.96041,1.13,2.48
2013.02.22 17:57:49.482,0.96022,0.96046,1.13,2.63
2013.02.22 17:57:50.375,0.96021,0.96046,1.13,3.38
2013.02.22 17:57:50.613,0.96015,0.96043,3.90,1.88
2013.02.22 17:57:50.672,0.96015,0.9604,3.90,1.13
2013.02.22 17:57:51.297,0.96015,0.96039,2.40,1.13
2013.02.22 17:57:52.214,0.96015,0.96038,1.65,1.13
2013.02.22 17:57:54.693,0.96006,0.96034,1.88,2.40
2013.02.22 17:57:55.493,0.96006,0.96034,1.88,3.15
2013.02.22 17:57:56.417,0.96002,0.96032,1.88,2.25
2013.02.22 17:57:57.214,0.96002,0.96028,1.88,1.50
2013.02.22 17:57:57.392,0.96002,0.96028,1.88,1.73
2013.02.22 17:58:04.414,0.96006,0.96033,1.13,2.63
2013.02.22 17:58:08.813,0.96006,0.96027,1.13,1.50
2013.02.22 17:58:09.654,0.96006,0.96027,1.13,1.50
2013.02.22 17:58:09.775,0.96006,0.9603,1.13,2.63
2013.02.22 17:58:11.663,0.96006,0.9603,1.13,2.48
2013.02.22 17:58:11.783,0.96012,0.96036,1.13,2.48
2013.02.22 17:58:13.874,0.96008,0.96033,1.73,2.25
2013.02.22 17:58:13.933,0.96007,0.96026,1.13,1.13
2013.02.22 17:58:14.053,0.96004,0.96026,1.65,1.13
2013.02.22 17:58:14.985,0.96001,0.96023,1.13,1.50
2013.02.22 17:58:17.772,0.95996,0.96023,2.85,2.25
2013.02.22 17:58:18.703,0.95995,0.96019,1.50,1.35
2013.02.22 17:58:18.822,0.95991,0.96015,1.13,2.40
2013.02.22 17:58:19.943,0.95992,0.96018,1.13,2.10
2013.02.22 17:58:20.924,0.95992,0.96015,1.13,2.40
2013.02.22 17:58:24.233,0.95987,0.96013,1.35,2.63
2013.02.22 17:58:24.292,0.95986,0.96011,1.35,1.88
2013.02.22 17:58:24.833,0.95986,0.96007,1.13,1.50
2013.02.22 17:58:25.194,0.95986,0.96011,1.13,2.40
2013.02.22 17:58:26.563,0.95982,0.96007,1.13,1.50
2013.02.22 17:58:28.512,0.95982,0.96008,1.13,1.50
2013.02.22 17:58:30.004,0.95982,0.9601,1.13,2.40
2013.02.22 17:58:30.384,0.95982,0.9601,1.13,2.40
2013.02.22 17:58:30.793,0.95981,0.9601,1.13,2.40
2013.02.22 17:58:31.293,0.95972,0.95999,1.13,2.48
2013.02.22 17:58:31.412,0.95972,0.95999,1.13,2.25
2013.02.22 17:58:31.822,0.95971,0.95995,1.13,1.50
2013.02.22 17:58:31.944,0.95968,0.95995,2.85,2.63
2013.02.22 17:58:32.315,0.95968,0.95994,1.88,1.13
2013.02.22 17:58:32.693,0.95971,0.95995,2.63,3.23
2013.02.22 17:58:32.813,0.95971,0.95995,1.13,3.00
2013.02.22 17:58:33.023,0.95974,0.95999,1.13,2.48
2013.02.22 17:58:33.325,0.95971,0.95999,1.88,2.25
2013.02.22 17:58:33.503,0.95967,0.95992,2.63,1.13
2013.02.22 17:58:35.444,0.95962,0.95991,2.70,2.48
2013.02.22 17:58:38.414,0.95962,0.95991,1.95,2.25
2013.02.22 17:58:38.692,0.95962,0.95991,1.95,2.48
2013.02.22 17:58:39.634,0.95962,0.95991,1.20,3.23
2013.02.22 17:58:39.910,0.95958,0.95985,1.88,1.13
2013.02.22 17:58:40.067,0.95958,0.95985,1.88,1.13
2013.02.22 17:58:41.393,0.95958,0.95978,1.50,1.13
2013.02.22 17:58:41.513,0.95954,0.95978,1.50,1.13
2013.02.22 17:58:41.573,0.9595,0.95978,2.63,1.13
2013.02.22 17:58:42.208,0.9595,0.95978,3.38,1.35
2013.02.22 17:58:43.254,0.9595,0.95977,2.63,1.13
2013.02.22 17:58:43.804,0.9595,0.95978,3.38,1.35
2013.02.22 17:58:44.305,0.9595,0.95977,2.63,1.13
2013.02.22 17:58:46.433,0.9595,0.95979,2.63,2.10
2013.02.22 17:58:46.923,0.95953,0.95982,1.88,1.88
2013.02.22 17:58:47.224,0.95953,0.95982,2.63,2.40
2013.02.22 17:58:47.525,0.95954,0.9598,1.88,2.48
2013.02.22 17:58:48.379,0.95954,0.95981,1.88,1.88
2013.02.22 17:58:48.644,0.95956,0.95981,1.13,1.13
2013.02.22 17:58:48.703,0.95956,0.95982,1.13,2.63
2013.02.22 17:58:48.824,0.95958,0.95984,1.13,1.35
2013.02.22 17:58:49.243,0.95957,0.9598,1.13,2.25
2013.02.22 17:58:49.913,0.95952,0.9598,2.48,1.50
2013.02.22 17:58:50.743,0.95956,0.95983,3.23,1.13
2013.02.22 17:59:02.972,0.95958,0.95986,3.45,1.13
2013.02.22 17:59:08.814,0.95961,0.95986,2.63,1.13
2013.02.22 17:59:20.893,0.95961,0.95986,2.40,1.13
2013.02.22 17:59:23.425,0.95959,0.95986,2.48,1.65
2013.02.22 17:59:23.663,0.95959,0.95986,1.73,1.13
2013.02.22 17:59:26.153,0.95958,0.95985,1.20,1.50
2013.02.22 17:59:26.215,0.95957,0.95985,2.10,1.50
2013.02.22 17:59:29.273,0.95956,0.95983,1.88,2.25
2013.02.22 17:59:30.433,0.95957,0.95981,1.13,2.25
2013.02.22 17:59:32.433,0.95958,0.95985,1.88,2.48
2013.02.22 17:59:33.429,0.95958,0.95985,1.88,2.25
2013.02.22 17:59:35.842,0.95958,0.95985,1.88,2.25
2013.02.22 17:59:38.152,0.95954,0.95982,2.48,3.38
2013.02.22 17:59:38.633,0.9595,0.95975,1.88,1.35
2013.02.22 17:59:40.184,0.95945,0.95973,1.13,1.13
2013.02.22 17:59:40.483,0.95942,0.95967,3.23,1.13
2013.02.22 17:59:44.312,0.95945,0.95968,1.65,1.13
2013.02.22 17:59:45.433,0.95946,0.95969,2.40,1.35
2013.02.22 17:59:46.093,0.95942,0.95968,2.48,1.13
2013.02.22 17:59:52.154,0.95942,0.95968,3.98,2.63
2013.02.22 17:59:52.273,0.95938,0.95964,2.25,1.13
2013.02.22 17:59:52.333,0.95938,0.95964,1.50,1.13
2013.02.22 17:59:52.392,0.95937,0.95963,1.13,2.40
2013.02.22 17:59:52.453,0.95937,0.95963,1.13,2.40
2013.02.22 17:59:52.817,0.95934,0.95964,3.08,3.15
2013.02.22 17:59:54.596,0.95935,0.95963,2.48,1.13
2013.02.22 17:59:54.713,0.95937,0.95963,1.50,1.13
2013.02.22 17:59:55.693,0.95935,0.9596,1.13,2.25
2013.02.22 17:59:55.753,0.95932,0.9596,2.70,2.48
2013.02.22 17:59:56.307,0.95934,0.95957,1.50,1.13
2013.02.22 17:59:56.874,0.95934,0.95957,1.50,1.13
2013.02.22 17:59:57.173,0.95931,0.95955,1.13,2.25
2013.02.22 17:59:57.653,0.95931,0.95955,1.20,1.65
2013.02.22 17:59:58.143,0.95931,0.95956,1.13,2.40
2013.02.22 17:59:59.203,0.95932,0.95959,1.88,1.50
2013.02.22 17:59:59.383,0.95936,0.95964,1.88,3.38
