2014.10.21 18:00:00.162,0.833,0.83319,1.17,1.00
2014.10.21 18:00:00.661,0.833,0.83317,1.00,1.00
2014.10.21 18:00:00.964,0.833,0.83315,1.00,1.00
2014.10.21 18:00:01.367,0.833,0.83317,1.00,1.00
2014.10.21 18:00:01.468,0.833,0.83318,3.07,1.00
2014.10.21 18:00:01.620,0.833,0.83322,3.07,1.00
2014.10.21 18:00:02.164,0.83305,0.83322,1.00,1.00
2014.10.21 18:00:02.819,0.833,0.8332,3.07,1.00
2014.10.21 18:00:03.083,0.833,0.8332,1.17,1.00
2014.10.21 18:00:03.134,0.83305,0.8332,1.00,1.00
2014.10.21 18:00:03.235,0.833,0.8332,1.17,1.00
2014.10.21 18:00:03.336,0.83304,0.83319,1.00,1.00
2014.10.21 18:00:03.638,0.833,0.83316,1.15,1.00
2014.10.21 18:00:03.890,0.833,0.83319,1.15,1.00
2014.10.21 18:00:09.213,0.833,0.83321,1.10,1.52
2014.10.21 18:00:09.716,0.83296,0.83318,2.92,1.12
2014.10.21 18:00:11.246,0.83296,0.83321,2.32,2.40
2014.10.21 18:00:11.297,0.83295,0.83318,1.15,1.52
2014.10.21 18:00:11.398,0.83293,0.83315,1.15,1.55
2014.10.21 18:00:11.448,0.83293,0.83315,1.15,1.55
2014.10.21 18:00:11.600,0.83288,0.83311,2.32,1.12
2014.10.21 18:00:11.751,0.83288,0.83309,2.32,1.00
2014.10.21 18:00:12.496,0.83288,0.83307,2.32,1.00
2014.10.21 18:00:15.035,0.8329,0.83309,1.15,1.00
2014.10.21 18:00:15.490,0.8329,0.83311,1.15,1.00
2014.10.21 18:00:16.016,0.8329,0.83312,1.15,1.20
2014.10.21 18:00:16.915,0.8329,0.83311,1.27,1.00
2014.10.21 18:00:17.441,0.8329,0.83313,1.15,1.55
2014.10.21 18:00:17.899,0.83295,0.83314,1.00,1.55
2014.10.21 18:00:18.414,0.83295,0.83316,1.17,1.55
2014.10.21 18:00:19.185,0.83295,0.83316,1.17,1.92
2014.10.21 18:00:19.440,0.83289,0.83312,1.15,1.12
2014.10.21 18:00:19.742,0.83289,0.83312,1.17,1.55
2014.10.21 18:00:20.296,0.8329,0.8331,1.00,2.70
2014.10.21 18:00:20.605,0.83284,0.83307,1.50,2.70
2014.10.21 18:00:21.266,0.83285,0.83307,1.00,3.45
2014.10.21 18:00:23.605,0.83285,0.83307,1.17,1.52
2014.10.21 18:00:23.908,0.83285,0.83307,1.00,3.45
2014.10.21 18:00:24.641,0.83284,0.83308,1.15,1.55
2014.10.21 18:00:24.742,0.83285,0.83309,3.82,1.52
2014.10.21 18:00:25.045,0.8329,0.83308,1.07,1.00
2014.10.21 18:00:25.145,0.8329,0.8331,1.17,1.10
2014.10.21 18:00:26.406,0.83288,0.83311,1.65,2.02
2014.10.21 18:00:26.712,0.83287,0.8331,2.32,1.95
2014.10.21 18:00:26.813,0.83285,0.83309,1.65,1.57
2014.10.21 18:00:26.914,0.83285,0.83303,1.00,2.32
2014.10.21 18:00:27.194,0.83285,0.83304,1.00,1.15
2014.10.21 18:00:27.798,0.83285,0.83304,1.00,1.15
2014.10.21 18:00:28.727,0.83284,0.83304,1.00,1.15
2014.10.21 18:00:28.878,0.83285,0.83303,1.00,1.55
2014.10.21 18:00:29.180,0.83281,0.83302,1.50,1.15
2014.10.21 18:00:29.281,0.83285,0.83302,1.00,1.15
2014.10.21 18:00:29.602,0.83285,0.83299,1.00,1.15
2014.10.21 18:00:29.703,0.83285,0.83301,1.00,1.17
2014.10.21 18:00:30.234,0.83284,0.83301,1.00,1.17
2014.10.21 18:00:30.744,0.83285,0.83301,1.00,1.17
2014.10.21 18:00:31.944,0.83284,0.83301,1.00,1.17
2014.10.21 18:00:32.048,0.83285,0.83301,1.00,1.10
2014.10.21 18:00:34.533,0.83285,0.83303,1.00,1.52
2014.10.21 18:00:35.037,0.83285,0.83302,1.00,1.17
2014.10.21 18:00:36.328,0.8328,0.83302,1.15,1.17
2014.10.21 18:00:37.274,0.8328,0.833,1.15,1.00
2014.10.21 18:00:37.325,0.8328,0.833,1.10,1.55
2014.10.21 18:00:37.849,0.8328,0.833,1.10,1.55
2014.10.21 18:00:38.434,0.8328,0.833,1.10,1.55
2014.10.21 18:00:39.555,0.8328,0.833,1.10,1.55
2014.10.21 18:00:39.958,0.83275,0.83299,1.15,2.77
2014.10.21 18:00:40.059,0.83275,0.83298,1.00,2.70
2014.10.21 18:00:46.655,0.83275,0.83296,1.15,1.00
2014.10.21 18:00:46.957,0.8328,0.833,1.10,1.17
2014.10.21 18:00:50.168,0.8328,0.833,1.27,1.00
2014.10.21 18:00:50.621,0.83285,0.833,1.00,1.00
2014.10.21 18:00:50.823,0.8328,0.833,1.27,1.00
2014.10.21 18:00:51.455,0.8328,0.833,2.32,1.00
2014.10.21 18:00:52.073,0.83281,0.833,2.32,1.00
2014.10.21 18:00:52.643,0.83281,0.83301,2.32,1.00
2014.10.21 18:00:59.020,0.83281,0.83301,2.32,1.37
2014.10.21 18:00:59.121,0.8328,0.833,2.32,1.00
2014.10.21 18:00:59.172,0.8328,0.833,1.15,1.00
2014.10.21 18:00:59.272,0.8328,0.83298,1.15,1.00
2014.10.21 18:00:59.794,0.8328,0.833,1.15,1.00
2014.10.21 18:01:00.173,0.83285,0.833,1.00,1.00
2014.10.21 18:01:00.872,0.83284,0.833,1.10,1.00
2014.10.21 18:01:02.433,0.83285,0.833,1.00,1.00
2014.10.21 18:01:04.742,0.83285,0.83303,1.00,1.47
2014.10.21 18:01:05.240,0.83285,0.83303,1.00,1.47
2014.10.21 18:01:05.341,0.8328,0.83301,1.52,1.10
2014.10.21 18:01:05.442,0.83285,0.83301,1.00,1.00
2014.10.21 18:01:05.593,0.8328,0.83301,1.52,1.00
2014.10.21 18:01:05.644,0.83285,0.83305,1.00,1.52
2014.10.21 18:01:05.796,0.83285,0.83305,1.17,1.10
2014.10.21 18:01:06.212,0.83285,0.83303,1.17,1.00
2014.10.21 18:01:07.972,0.83285,0.83303,1.15,1.00
2014.10.21 18:01:14.173,0.83285,0.83303,1.52,1.00
2014.10.21 18:01:14.324,0.8329,0.8331,1.47,1.10
2014.10.21 18:01:14.525,0.83294,0.8331,2.32,1.00
2014.10.21 18:01:14.576,0.83295,0.83317,1.65,1.10
2014.10.21 18:01:14.626,0.83296,0.83317,4.50,1.00
2014.10.21 18:01:14.929,0.833,0.8332,1.10,1.10
2014.10.21 18:01:15.030,0.833,0.8332,1.15,1.00
2014.10.21 18:01:15.578,0.83299,0.83321,1.15,1.10
2014.10.21 18:01:15.930,0.833,0.83322,1.37,1.15
2014.10.21 18:01:16.442,0.83299,0.83319,2.77,1.00
2014.10.21 18:01:18.512,0.833,0.83319,1.55,1.00
2014.10.21 18:01:18.913,0.83299,0.83321,3.15,1.00
2014.10.21 18:01:19.065,0.83299,0.83323,1.65,1.10
2014.10.21 18:01:27.182,0.833,0.83321,1.52,1.00
2014.10.21 18:01:27.726,0.83301,0.83321,2.70,1.00
2014.10.21 18:01:27.877,0.83304,0.83323,1.15,1.00
2014.10.21 18:01:27.990,0.83305,0.83327,1.20,1.15
2014.10.21 18:01:30.248,0.83305,0.83327,1.57,1.52
2014.10.21 18:01:30.349,0.83302,0.83327,1.52,3.45
2014.10.21 18:01:30.450,0.83302,0.83327,1.55,3.45
2014.10.21 18:01:30.762,0.833,0.83324,2.77,1.17
2014.10.21 18:01:31.856,0.833,0.83324,2.40,1.52
2014.10.21 18:01:31.958,0.83299,0.83322,1.17,2.70
2014.10.21 18:01:32.008,0.83299,0.83322,1.10,2.70
2014.10.21 18:01:34.205,0.83299,0.83319,1.47,1.17
2014.10.21 18:01:34.939,0.83299,0.8332,1.45,1.07
2014.10.21 18:01:35.040,0.83299,0.83321,1.52,1.20
2014.10.21 18:01:39.510,0.833,0.83321,1.57,1.27
2014.10.21 18:01:44.793,0.833,0.8332,1.57,1.00
2014.10.21 18:01:46.706,0.833,0.8332,1.47,3.00
2014.10.21 18:01:47.009,0.83294,0.83314,1.37,1.20
2014.10.21 18:01:47.059,0.83294,0.83314,1.00,3.07
2014.10.21 18:01:47.261,0.83295,0.83314,1.00,1.17
2014.10.21 18:01:47.534,0.83295,0.83314,1.00,3.07
2014.10.21 18:01:47.804,0.8329,0.83313,1.00,2.40
2014.10.21 18:01:47.905,0.83295,0.83311,1.00,2.32
2014.10.21 18:01:48.007,0.83295,0.83313,1.00,2.40
2014.10.21 18:01:48.073,0.83295,0.83312,1.00,2.32
2014.10.21 18:01:48.327,0.83289,0.83308,1.10,1.10
2014.10.21 18:01:48.428,0.8329,0.83305,1.00,1.00
2014.10.21 18:01:50.742,0.83289,0.83305,1.00,1.07
2014.10.21 18:01:51.053,0.8329,0.83299,1.00,1.00
2014.10.21 18:01:51.595,0.8329,0.833,1.00,1.00
2014.10.21 18:01:55.248,0.83285,0.83299,1.00,1.00
2014.10.21 18:01:55.349,0.83289,0.83299,1.00,1.00
2014.10.21 18:01:57.542,0.83285,0.83299,1.00,1.00
2014.10.21 18:01:58.751,0.8329,0.83299,1.00,1.00
2014.10.21 18:01:59.741,0.83289,0.83299,1.00,1.00
2014.10.21 18:02:00.287,0.83289,0.833,1.00,1.00
2014.10.21 18:02:00.842,0.8329,0.833,1.00,1.00
2014.10.21 18:02:04.158,0.83289,0.833,1.00,1.00
2014.10.21 18:02:05.133,0.8329,0.833,1.00,1.00
2014.10.21 18:02:06.832,0.8329,0.83301,1.00,1.00
2014.10.21 18:02:12.100,0.83285,0.83301,1.20,1.00
2014.10.21 18:02:17.831,0.83285,0.83301,1.47,1.00
2014.10.21 18:02:18.332,0.8329,0.83301,1.00,1.00
2014.10.21 18:02:20.888,0.83285,0.83299,1.20,1.00
2014.10.21 18:02:26.693,0.83285,0.833,1.00,1.00
2014.10.21 18:02:36.371,0.83285,0.83301,1.27,1.00
2014.10.21 18:02:37.694,0.83285,0.83303,1.57,1.00
2014.10.21 18:02:38.239,0.83285,0.83303,1.27,1.00
2014.10.21 18:02:43.085,0.8329,0.83303,1.00,1.00
2014.10.21 18:02:43.337,0.8329,0.83305,1.00,1.00
2014.10.21 18:02:48.144,0.8329,0.83305,1.20,1.00
2014.10.21 18:02:48.251,0.8329,0.83307,3.45,1.00
2014.10.21 18:02:48.511,0.83294,0.83309,1.10,1.00
2014.10.21 18:02:49.021,0.8329,0.83307,2.70,1.00
2014.10.21 18:02:49.794,0.83286,0.83307,4.87,1.00
2014.10.21 18:02:50.390,0.83286,0.83308,4.87,1.00
2014.10.21 18:02:52.884,0.83285,0.83307,3.45,1.12
2014.10.21 18:02:53.248,0.83285,0.83305,3.45,1.00
2014.10.21 18:02:54.411,0.83287,0.83305,2.70,1.00
2014.10.21 18:02:54.758,0.83287,0.83308,2.70,1.00
2014.10.21 18:03:04.109,0.83287,0.83308,2.32,1.37
2014.10.21 18:03:04.210,0.8329,0.83308,1.00,2.62
2014.10.21 18:03:04.361,0.8329,0.83303,1.00,1.00
2014.10.21 18:03:04.563,0.83285,0.83303,1.17,1.00
2014.10.21 18:03:05.066,0.83282,0.83302,2.70,1.00
2014.10.21 18:03:07.311,0.8328,0.83302,3.45,1.37
2014.10.21 18:03:07.860,0.8328,0.833,3.45,1.00
2014.10.21 18:03:09.040,0.8328,0.83301,3.45,1.12
2014.10.21 18:03:10.411,0.8328,0.83301,3.07,1.37
2014.10.21 18:03:10.514,0.83278,0.83299,2.70,1.87
2014.10.21 18:03:10.615,0.83275,0.83299,3.45,2.77
2014.10.21 18:03:10.715,0.83274,0.83299,1.55,3.45
2014.10.21 18:03:11.046,0.8328,0.83295,1.00,1.10
2014.10.21 18:03:11.354,0.83274,0.83295,1.17,1.10
2014.10.21 18:03:12.135,0.83275,0.83295,1.45,1.10
2014.10.21 18:03:12.644,0.83275,0.83295,1.20,2.32
2014.10.21 18:03:13.551,0.83274,0.83293,1.55,1.00
2014.10.21 18:03:13.903,0.83274,0.83291,1.17,1.00
2014.10.21 18:03:16.095,0.83275,0.83294,1.07,1.37
2014.10.21 18:03:16.737,0.83275,0.83294,1.20,1.12
2014.10.21 18:03:24.441,0.83275,0.83295,1.20,1.20
2014.10.21 18:03:25.430,0.83275,0.83292,1.20,1.00
2014.10.21 18:03:25.971,0.83275,0.83291,1.12,1.00
2014.10.21 18:03:27.884,0.8327,0.83291,3.45,1.00
2014.10.21 18:03:28.436,0.83275,0.8329,1.00,1.00
2014.10.21 18:03:29.170,0.8327,0.8329,1.52,1.00
2014.10.21 18:03:29.686,0.8327,0.8329,1.52,1.00
2014.10.21 18:03:30.536,0.83269,0.8329,1.65,1.00
2014.10.21 18:03:31.151,0.83275,0.8329,1.00,1.00
2014.10.21 18:03:35.891,0.83275,0.83291,1.00,1.10
2014.10.21 18:03:43.140,0.83274,0.83293,1.12,1.15
2014.10.21 18:03:44.303,0.8327,0.83293,1.52,1.27
2014.10.21 18:03:46.100,0.83269,0.8329,1.52,1.50
2014.10.21 18:03:46.201,0.83269,0.8329,1.17,2.02
2014.10.21 18:03:46.302,0.8327,0.8329,1.00,4.20
2014.10.21 18:03:46.352,0.83265,0.83285,1.52,1.00
2014.10.21 18:03:46.504,0.83265,0.83283,1.12,1.50
2014.10.21 18:03:47.037,0.83264,0.83284,1.00,2.40
2014.10.21 18:03:49.890,0.83265,0.8328,1.12,1.00
2014.10.21 18:03:52.973,0.83265,0.83282,1.10,1.00
2014.10.21 18:03:53.124,0.83265,0.83282,1.07,1.00
2014.10.21 18:03:53.225,0.83264,0.83281,1.15,1.50
2014.10.21 18:03:53.476,0.8326,0.8328,1.15,1.50
2014.10.21 18:03:54.140,0.8326,0.83281,1.15,2.25
2014.10.21 18:03:56.273,0.8326,0.83281,1.27,2.62
2014.10.21 18:03:56.576,0.83259,0.83278,1.17,1.00
2014.10.21 18:03:56.928,0.8326,0.8328,1.45,1.10
2014.10.21 18:03:57.397,0.8326,0.83282,1.92,1.00
2014.10.21 18:03:57.699,0.83265,0.83288,1.15,1.07
2014.10.21 18:03:57.800,0.83264,0.83286,1.07,3.75
2014.10.21 18:03:58.102,0.8326,0.83282,1.20,2.40
2014.10.21 18:03:58.304,0.8326,0.83279,1.20,1.50
2014.10.21 18:03:58.640,0.8326,0.83277,1.20,1.50
2014.10.21 18:03:59.666,0.83259,0.83277,1.12,1.50
2014.10.21 18:04:00.186,0.8326,0.83277,1.00,1.50
2014.10.21 18:04:02.105,0.8326,0.83277,1.07,2.25
2014.10.21 18:04:02.408,0.83259,0.83282,1.52,2.40
2014.10.21 18:04:02.611,0.83259,0.83282,5.62,1.00
2014.10.21 18:04:02.863,0.8326,0.83285,1.15,1.15
2014.10.21 18:04:03.381,0.83265,0.83285,1.00,1.15
2014.10.21 18:04:04.911,0.83265,0.83283,1.00,1.50
2014.10.21 18:04:07.899,0.83264,0.83283,1.12,2.62
2014.10.21 18:04:08.413,0.83265,0.83283,1.00,2.62
2014.10.21 18:04:10.040,0.83265,0.83278,1.00,1.50
2014.10.21 18:04:10.141,0.8326,0.83278,1.57,1.50
2014.10.21 18:04:10.242,0.8326,0.83281,1.57,1.20
2014.10.21 18:04:10.343,0.83264,0.83283,1.27,2.62
2014.10.21 18:04:10.880,0.83265,0.83283,1.00,2.32
2014.10.21 18:04:22.170,0.8326,0.83281,3.82,1.50
2014.10.21 18:04:22.379,0.83265,0.83283,1.12,1.10
2014.10.21 18:04:23.410,0.8327,0.83283,1.00,1.10
2014.10.21 18:04:31.770,0.83265,0.83283,1.12,1.10
2014.10.21 18:04:34.883,0.83265,0.83282,1.00,1.00
2014.10.21 18:04:35.185,0.83265,0.8328,1.00,1.00
2014.10.21 18:04:38.798,0.83265,0.83281,1.00,1.00
2014.10.21 18:04:39.348,0.83265,0.83282,1.00,1.00
2014.10.21 18:04:45.948,0.83265,0.83281,1.00,1.00
2014.10.21 18:04:46.726,0.83265,0.83281,1.00,1.17
2014.10.21 18:04:46.878,0.8326,0.83281,1.37,1.17
2014.10.21 18:04:51.053,0.8326,0.83281,1.37,2.77
2014.10.21 18:04:51.859,0.83255,0.83279,3.82,1.50
2014.10.21 18:04:52.611,0.83255,0.8328,3.82,1.10
2014.10.21 18:04:53.261,0.83255,0.8328,3.45,1.10
2014.10.21 18:04:53.311,0.83255,0.83278,3.45,1.50
2014.10.21 18:04:55.865,0.83255,0.83278,3.82,1.00
2014.10.21 18:04:56.402,0.83255,0.83278,3.07,1.00
2014.10.21 18:04:56.931,0.83254,0.83277,1.52,2.02
2014.10.21 18:04:57.621,0.83253,0.83275,2.70,1.00
2014.10.21 18:04:58.934,0.8325,0.83275,3.45,2.77
2014.10.21 18:04:59.189,0.8325,0.83272,2.70,1.87
2014.10.21 18:04:59.240,0.83249,0.83272,1.52,2.02
2014.10.21 18:04:59.743,0.8325,0.83271,1.27,2.70
2014.10.21 18:05:00.207,0.8325,0.83271,1.52,1.10
2014.10.21 18:05:02.259,0.83255,0.83272,1.10,1.00
2014.10.21 18:05:08.620,0.83255,0.83273,1.10,1.12
2014.10.21 18:05:10.809,0.83251,0.83271,2.70,1.00
2014.10.21 18:05:10.960,0.83248,0.83271,5.25,1.00
2014.10.21 18:05:12.480,0.83249,0.83271,1.65,1.00
2014.10.21 18:05:12.682,0.83251,0.83273,2.32,1.00
2014.10.21 18:05:12.883,0.83255,0.83273,2.32,1.00
2014.10.21 18:05:12.934,0.83255,0.83277,2.32,1.00
2014.10.21 18:05:12.985,0.83257,0.83277,2.32,1.00
2014.10.21 18:05:13.146,0.83257,0.83279,2.32,1.00
2014.10.21 18:05:13.351,0.83255,0.83279,1.15,2.40
2014.10.21 18:05:13.452,0.83254,0.83275,1.15,1.50
2014.10.21 18:05:14.209,0.83255,0.8327,1.55,1.50
2014.10.21 18:05:14.260,0.83255,0.8327,1.00,1.50
2014.10.21 18:05:14.361,0.8325,0.8327,1.27,1.57
2014.10.21 18:05:14.664,0.8325,0.8327,1.00,2.77
2014.10.21 18:05:19.561,0.8325,0.83269,1.10,1.57
2014.10.21 18:05:22.855,0.8325,0.8327,1.07,2.62
2014.10.21 18:05:23.160,0.8325,0.83269,1.15,1.87
2014.10.21 18:05:23.875,0.8325,0.83269,1.27,1.87
2014.10.21 18:05:26.092,0.8325,0.8327,1.90,1.00
2014.10.21 18:05:26.344,0.83254,0.83275,2.70,1.00
2014.10.21 18:05:26.395,0.83256,0.83275,2.70,1.00
2014.10.21 18:05:26.929,0.83256,0.83276,2.70,2.62
2014.10.21 18:05:28.101,0.83256,0.83276,2.70,2.62
2014.10.21 18:05:28.303,0.83255,0.83275,1.52,2.62
2014.10.21 18:05:36.430,0.83255,0.83275,1.52,1.00
2014.10.21 18:05:39.170,0.83255,0.83274,1.52,1.50
2014.10.21 18:05:39.271,0.83255,0.83276,1.52,1.20
2014.10.21 18:05:46.409,0.83255,0.83276,1.52,1.20
2014.10.21 18:05:48.638,0.83255,0.83276,1.52,1.12
2014.10.21 18:05:55.287,0.83255,0.83276,1.27,1.37
2014.10.21 18:05:55.439,0.83254,0.83275,2.32,3.37
2014.10.21 18:05:55.942,0.83256,0.83276,2.70,1.00
2014.10.21 18:05:56.043,0.83258,0.83276,2.32,1.00
2014.10.21 18:05:56.195,0.83261,0.83283,2.32,2.25
2014.10.21 18:05:56.245,0.83264,0.83283,2.32,1.00
2014.10.21 18:05:56.754,0.83264,0.83284,2.70,1.00
2014.10.21 18:06:09.131,0.83262,0.83284,2.70,1.12
2014.10.21 18:06:09.444,0.8326,0.83283,3.45,1.20
2014.10.21 18:06:19.444,0.83262,0.83283,2.70,1.00
2014.10.21 18:06:19.993,0.83265,0.83284,1.17,1.12
2014.10.21 18:06:21.197,0.83265,0.83284,1.17,1.37
2014.10.21 18:06:24.003,0.83265,0.83284,1.17,1.12
2014.10.21 18:06:24.658,0.83265,0.83284,1.17,1.37
2014.10.21 18:06:24.961,0.83265,0.83282,1.00,1.37
2014.10.21 18:06:25.571,0.8326,0.83282,3.45,1.37
2014.10.21 18:06:28.317,0.8326,0.83282,3.45,1.12
2014.10.21 18:06:30.423,0.8326,0.83282,3.45,1.37
2014.10.21 18:06:30.982,0.8326,0.83282,3.45,1.12
2014.10.21 18:06:31.542,0.8326,0.83282,3.45,1.37
2014.10.21 18:06:34.568,0.83265,0.83282,1.00,1.37
2014.10.21 18:06:34.870,0.8326,0.83281,3.45,1.37
2014.10.21 18:06:35.173,0.83256,0.8328,1.52,3.15
2014.10.21 18:06:35.273,0.83255,0.83279,3.07,1.17
2014.10.21 18:06:35.798,0.83254,0.83277,1.15,1.17
2014.10.21 18:06:36.144,0.83255,0.83277,1.52,1.55
2014.10.21 18:06:36.363,0.83255,0.83279,1.52,2.77
2014.10.21 18:06:37.252,0.83255,0.83279,1.52,1.57
2014.10.21 18:06:43.268,0.83254,0.83279,6.37,1.57
2014.10.21 18:06:44.071,0.83254,0.83279,6.37,1.57
2014.10.21 18:06:49.499,0.83256,0.83279,2.70,1.47
2014.10.21 18:06:50.718,0.83255,0.83279,3.45,1.45
2014.10.21 18:06:51.822,0.83255,0.83279,1.52,1.52
2014.10.21 18:06:52.809,0.83255,0.83279,1.52,1.52
2014.10.21 18:06:53.819,0.83255,0.83279,3.45,1.52
2014.10.21 18:06:54.426,0.83254,0.83278,4.20,4.12
2014.10.21 18:06:55.034,0.83254,0.83277,1.52,1.55
2014.10.21 18:06:57.807,0.83255,0.83278,1.52,1.52
2014.10.21 18:07:00.017,0.83255,0.83278,1.52,1.52
2014.10.21 18:07:00.423,0.8326,0.8328,1.00,4.20
2014.10.21 18:07:00.940,0.8326,0.83278,1.10,1.37
2014.10.21 18:07:02.026,0.8326,0.83278,1.10,1.37
2014.10.21 18:07:02.127,0.8326,0.83281,1.10,1.52
2014.10.21 18:07:02.859,0.8326,0.83283,1.45,2.77
2014.10.21 18:07:02.910,0.8326,0.83283,1.52,1.55
2014.10.21 18:07:02.961,0.83265,0.83283,1.00,1.27
2014.10.21 18:07:03.530,0.83265,0.83285,1.00,1.37
2014.10.21 18:07:03.768,0.83265,0.83285,1.00,1.37
2014.10.21 18:07:03.870,0.83265,0.83287,1.45,1.52
2014.10.21 18:07:05.048,0.83265,0.83287,1.27,1.45
2014.10.21 18:07:06.470,0.83269,0.83287,1.00,1.45
2014.10.21 18:07:07.446,0.83269,0.83287,1.47,1.00
2014.10.21 18:07:07.497,0.83271,0.83287,2.62,1.00
2014.10.21 18:07:07.547,0.83271,0.8329,2.70,1.12
2014.10.21 18:07:07.699,0.83273,0.8329,2.32,1.00
2014.10.21 18:07:08.240,0.83273,0.83295,2.70,1.37
2014.10.21 18:07:15.090,0.83273,0.83296,2.32,1.85
2014.10.21 18:07:15.191,0.8327,0.83292,1.15,1.10
2014.10.21 18:07:15.393,0.83265,0.83289,3.07,1.10
2014.10.21 18:07:15.494,0.83265,0.83288,1.15,1.65
2014.10.21 18:07:15.595,0.83265,0.83285,1.15,1.00
2014.10.21 18:07:15.903,0.83269,0.83287,1.20,1.00
2014.10.21 18:07:16.451,0.8327,0.83287,1.00,1.37
2014.10.21 18:07:16.668,0.8327,0.83289,1.10,1.12
2014.10.21 18:07:16.719,0.8327,0.83289,1.17,1.12
2014.10.21 18:07:17.021,0.83272,0.83294,2.70,1.37
2014.10.21 18:07:17.535,0.83272,0.83295,2.70,1.47
2014.10.21 18:07:18.041,0.83275,0.83297,1.17,2.02
2014.10.21 18:07:18.554,0.83275,0.83297,1.17,2.02
2014.10.21 18:07:20.367,0.83275,0.83297,1.17,2.02
2014.10.21 18:07:20.869,0.83275,0.83296,1.17,2.02
2014.10.21 18:07:22.957,0.83274,0.83297,1.27,1.95
2014.10.21 18:07:23.506,0.83275,0.83297,1.27,1.87
2014.10.21 18:07:23.813,0.8328,0.833,2.70,1.12
2014.10.21 18:07:23.914,0.83277,0.83301,2.70,1.55
2014.10.21 18:07:24.117,0.8328,0.83302,1.15,1.00
2014.10.21 18:07:25.191,0.8328,0.83302,3.45,1.12
2014.10.21 18:07:25.494,0.83285,0.83305,1.10,1.20
2014.10.21 18:07:26.258,0.83285,0.83305,1.10,1.95
2014.10.21 18:07:26.969,0.83285,0.83306,1.10,1.55
2014.10.21 18:07:27.019,0.83285,0.83306,1.15,1.37
2014.10.21 18:07:28.440,0.83285,0.83306,1.15,1.37
2014.10.21 18:07:28.970,0.83285,0.83306,1.15,1.37
2014.10.21 18:07:33.287,0.83285,0.83306,1.15,1.00
2014.10.21 18:07:33.857,0.83285,0.83306,1.15,2.62
2014.10.21 18:07:38.877,0.83285,0.83306,1.15,1.37
2014.10.21 18:07:39.397,0.83283,0.83305,4.87,1.12
2014.10.21 18:07:43.100,0.83283,0.83305,4.87,1.37
2014.10.21 18:07:45.286,0.83283,0.83305,4.87,1.12
2014.10.21 18:07:45.488,0.83285,0.83308,5.62,1.00
2014.10.21 18:07:45.740,0.8329,0.8331,1.00,1.65
2014.10.21 18:07:46.391,0.83289,0.83309,1.27,1.50
2014.10.21 18:07:47.937,0.8329,0.83309,1.00,1.50
2014.10.21 18:07:48.706,0.83285,0.83309,4.87,1.50
2014.10.21 18:07:49.537,0.83285,0.8331,4.87,1.65
2014.10.21 18:07:52.806,0.83285,0.8331,5.25,1.65
2014.10.21 18:07:53.641,0.83285,0.8331,5.25,1.65
2014.10.21 18:07:55.062,0.83285,0.8331,5.25,1.65
2014.10.21 18:07:55.568,0.83285,0.8331,5.25,1.65
2014.10.21 18:07:56.316,0.83285,0.8331,5.25,1.65
2014.10.21 18:07:56.847,0.83285,0.8331,5.25,1.65
2014.10.21 18:08:08.845,0.83285,0.8331,4.87,2.02
2014.10.21 18:08:09.540,0.83285,0.83309,4.87,1.00
2014.10.21 18:08:09.843,0.8329,0.8331,1.52,1.00
2014.10.21 18:08:10.387,0.8329,0.8331,1.27,2.32
2014.10.21 18:08:13.167,0.8329,0.8331,1.27,1.57
2014.10.21 18:08:13.687,0.8329,0.83311,1.52,1.50
2014.10.21 18:08:16.697,0.83289,0.8331,3.45,1.50
2014.10.21 18:08:21.617,0.83289,0.8331,1.52,1.57
2014.10.21 18:08:22.209,0.83289,0.8331,1.52,1.57
2014.10.21 18:08:24.149,0.8329,0.8331,1.55,1.57
2014.10.21 18:08:24.250,0.8329,0.83311,1.52,2.25
2014.10.21 18:08:24.761,0.8329,0.83311,1.52,2.25
2014.10.21 18:08:25.220,0.8329,0.83309,1.55,1.00
2014.10.21 18:08:25.879,0.83287,0.8331,2.70,3.07
2014.10.21 18:08:27.251,0.8329,0.8331,1.55,2.32
2014.10.21 18:08:27.780,0.8329,0.8331,1.55,2.32
2014.10.21 18:08:29.345,0.8329,0.83308,1.27,1.50
2014.10.21 18:08:29.691,0.8329,0.83309,1.52,1.50
2014.10.21 18:08:31.786,0.83291,0.83312,1.50,1.57
2014.10.21 18:08:31.887,0.83295,0.83315,1.05,1.10
2014.10.21 18:08:32.057,0.83295,0.83318,4.80,1.57
2014.10.21 18:08:32.980,0.833,0.83318,1.00,1.57
2014.10.21 18:08:35.521,0.83295,0.83318,4.05,1.57
2014.10.21 18:08:38.411,0.83297,0.83318,2.70,1.50
2014.10.21 18:08:42.216,0.83299,0.83319,1.17,1.50
2014.10.21 18:08:45.081,0.83299,0.83318,1.55,1.50
2014.10.21 18:08:53.875,0.83297,0.83319,2.70,1.50
2014.10.21 18:09:00.261,0.833,0.83319,1.07,1.87
2014.10.21 18:09:00.765,0.83297,0.83319,2.70,1.87
2014.10.21 18:09:01.300,0.83297,0.83319,2.70,1.87
2014.10.21 18:09:01.909,0.833,0.83319,1.20,1.87
2014.10.21 18:09:34.185,0.83297,0.8332,2.70,1.95
2014.10.21 18:09:34.737,0.83297,0.8332,2.70,1.95
2014.10.21 18:09:35.946,0.83297,0.83318,2.32,1.37
2014.10.21 18:09:35.997,0.83295,0.83318,5.25,1.47
2014.10.21 18:09:36.098,0.83295,0.83318,1.10,4.95
2014.10.21 18:09:36.631,0.83291,0.83313,2.32,1.00
2014.10.21 18:09:37.134,0.83291,0.83312,2.32,1.00
2014.10.21 18:09:37.606,0.8329,0.83311,1.55,1.17
2014.10.21 18:09:38.505,0.8329,0.83311,1.55,1.17
2014.10.21 18:09:38.607,0.8329,0.83311,3.45,1.00
2014.10.21 18:09:57.382,0.8329,0.83312,4.20,1.00
2014.10.21 18:09:58.216,0.8329,0.83313,4.20,1.20
2014.10.21 18:09:59.534,0.83291,0.83313,4.20,1.12
2014.10.21 18:10:07.075,0.83293,0.83315,2.70,1.87
2014.10.21 18:10:07.620,0.83294,0.83315,2.70,1.12
2014.10.21 18:10:08.377,0.83294,0.83315,2.32,1.37
2014.10.21 18:10:11.066,0.83294,0.83315,2.32,1.37
2014.10.21 18:10:11.518,0.83294,0.83315,2.32,1.12
2014.10.21 18:10:11.719,0.83296,0.83317,2.32,1.10
2014.10.21 18:10:12.043,0.83297,0.8332,3.82,2.32
2014.10.21 18:10:12.400,0.83297,0.8332,2.32,2.40
2014.10.21 18:10:12.602,0.83295,0.83318,1.15,1.65
2014.10.21 18:10:12.703,0.83297,0.83317,2.25,1.10
2014.10.21 18:10:12.907,0.83298,0.8332,2.32,1.50
2014.10.21 18:10:13.480,0.833,0.83322,2.70,1.37
2014.10.21 18:10:14.075,0.833,0.83322,2.70,1.37
2014.10.21 18:10:14.878,0.833,0.83322,2.70,1.37
2014.10.21 18:10:17.383,0.833,0.83323,3.45,1.37
2014.10.21 18:10:18.184,0.833,0.83323,3.07,1.50
2014.10.21 18:10:18.587,0.833,0.83323,1.52,1.55
2014.10.21 18:10:19.179,0.83299,0.83319,2.70,1.00
2014.10.21 18:10:19.336,0.83296,0.83319,2.70,1.00
2014.10.21 18:10:20.378,0.833,0.8332,1.10,1.20
2014.10.21 18:10:20.429,0.833,0.8332,1.52,1.12
2014.10.21 18:10:21.209,0.833,0.8332,1.15,1.37
2014.10.21 18:10:21.716,0.833,0.8332,1.15,1.00
2014.10.21 18:10:22.286,0.83298,0.83319,2.70,1.00
2014.10.21 18:10:28.224,0.83298,0.8332,2.70,1.12
2014.10.21 18:10:40.580,0.83296,0.8332,6.37,1.00
2014.10.21 18:10:47.833,0.83296,0.8332,6.37,1.37
2014.10.21 18:10:54.499,0.83297,0.8332,2.02,1.37
2014.10.21 18:10:55.002,0.833,0.83322,2.40,1.47
2014.10.21 18:10:55.570,0.833,0.83322,2.77,1.47
2014.10.21 18:11:02.684,0.833,0.83322,2.77,1.47
2014.10.21 18:11:04.672,0.833,0.83322,2.77,1.47
2014.10.21 18:11:10.405,0.833,0.83322,2.77,1.47
2014.10.21 18:11:11.241,0.833,0.83322,2.77,1.47
2014.10.21 18:11:12.728,0.833,0.83322,1.52,1.47
2014.10.21 18:11:13.269,0.833,0.83322,1.52,1.47
2014.10.21 18:11:13.801,0.833,0.83322,1.27,1.47
2014.10.21 18:11:14.733,0.83299,0.83322,3.45,1.47
2014.10.21 18:11:18.525,0.833,0.83322,2.40,1.10
2014.10.21 18:11:20.007,0.83304,0.83322,1.52,1.00
2014.10.21 18:11:20.315,0.83305,0.83327,1.52,1.55
2014.10.21 18:11:23.844,0.83305,0.83327,1.27,1.55
2014.10.21 18:11:24.045,0.83305,0.83326,1.12,1.52
2014.10.21 18:11:25.651,0.83305,0.83326,1.37,1.52
2014.10.21 18:11:28.856,0.83305,0.83326,1.12,1.52
2014.10.21 18:11:29.592,0.83305,0.83326,1.37,1.52
2014.10.21 18:11:31.808,0.83305,0.83326,1.47,1.55
2014.10.21 18:11:32.340,0.83305,0.83326,1.57,1.57
2014.10.21 18:11:32.909,0.83305,0.83326,1.27,1.20
2014.10.21 18:11:40.234,0.83305,0.83326,2.02,1.10
2014.10.21 18:11:41.343,0.83307,0.83327,1.65,1.10
2014.10.21 18:11:53.611,0.83305,0.83328,2.40,1.92
2014.10.21 18:11:53.712,0.83305,0.83326,1.00,3.07
2014.10.21 18:11:53.914,0.83303,0.83323,1.50,1.55
2014.10.21 18:11:54.623,0.833,0.83323,2.77,1.55
2014.10.21 18:11:55.126,0.83302,0.83324,1.95,1.15
2014.10.21 18:11:55.177,0.83302,0.83324,2.02,1.00
2014.10.21 18:11:55.278,0.83303,0.83324,4.20,1.00
2014.10.21 18:11:55.841,0.83303,0.83325,4.20,1.50
2014.10.21 18:11:56.244,0.83306,0.83328,2.02,1.12
2014.10.21 18:11:57.324,0.83306,0.83329,2.02,1.47
2014.10.21 18:12:13.170,0.83305,0.83327,1.15,1.37
2014.10.21 18:12:13.321,0.83305,0.83326,1.07,1.45
2014.10.21 18:12:16.424,0.83304,0.83328,2.77,1.55
2014.10.21 18:12:17.073,0.83304,0.8333,2.77,1.52
2014.10.21 18:12:17.877,0.83304,0.8333,2.77,1.52
2014.10.21 18:12:19.413,0.83305,0.83327,1.27,1.37
2014.10.21 18:12:21.422,0.83305,0.83328,1.52,1.57
2014.10.21 18:12:28.213,0.83305,0.83329,1.52,1.52
2014.10.21 18:12:33.535,0.83305,0.83329,1.52,1.52
2014.10.21 18:12:36.536,0.83305,0.83329,3.45,1.52
2014.10.21 18:12:37.576,0.83305,0.83329,2.70,1.55
2014.10.21 18:12:38.194,0.8331,0.83329,1.00,1.55
2014.10.21 18:12:47.983,0.83305,0.83329,3.45,1.55
2014.10.21 18:12:56.507,0.83306,0.83329,2.70,1.57
2014.10.21 18:13:09.514,0.83309,0.83329,1.17,1.47
2014.10.21 18:13:15.130,0.83309,0.83329,1.17,1.47
2014.10.21 18:13:26.389,0.83306,0.8333,4.20,1.55
2014.10.21 18:13:27.256,0.83306,0.8333,4.20,1.55
2014.10.21 18:13:29.903,0.8331,0.83333,1.10,3.07
2014.10.21 18:13:30.410,0.8331,0.83333,1.10,3.07
2014.10.21 18:13:31.564,0.8331,0.83333,1.10,3.07
2014.10.21 18:13:32.126,0.8331,0.83333,1.10,3.07
2014.10.21 18:13:44.999,0.8331,0.83333,1.10,3.07
2014.10.21 18:13:45.902,0.8331,0.83333,1.10,3.07
2014.10.21 18:13:47.105,0.8331,0.83333,1.10,2.70
2014.10.21 18:13:47.532,0.83309,0.83332,1.27,2.40
2014.10.21 18:13:56.505,0.83309,0.83334,1.10,4.50
2014.10.21 18:14:04.132,0.83306,0.8333,1.87,1.37
2014.10.21 18:14:06.854,0.83306,0.8333,1.87,1.37
2014.10.21 18:14:10.956,0.83308,0.8333,2.32,1.37
2014.10.21 18:14:11.488,0.83307,0.8333,2.70,1.47
2014.10.21 18:14:20.321,0.83307,0.83331,2.32,1.92
2014.10.21 18:14:20.472,0.83304,0.83328,1.15,1.90
2014.10.21 18:14:20.523,0.83305,0.83328,1.15,1.27
2014.10.21 18:14:20.674,0.83302,0.83325,1.15,1.17
2014.10.21 18:14:22.689,0.83301,0.83324,2.32,1.47
2014.10.21 18:14:25.842,0.83301,0.83324,2.32,1.47
2014.10.21 18:14:27.247,0.83301,0.83324,2.32,1.47
2014.10.21 18:14:37.762,0.83301,0.83324,2.70,1.47
2014.10.21 18:14:38.771,0.83304,0.83324,1.17,1.20
2014.10.21 18:14:41.484,0.83304,0.83324,1.17,1.47
2014.10.21 18:14:42.687,0.83304,0.83324,1.17,1.47
2014.10.21 18:14:47.978,0.83301,0.83324,2.70,1.47
2014.10.21 18:14:49.280,0.83301,0.83324,2.70,1.47
2014.10.21 18:15:05.103,0.83305,0.83324,1.10,1.47
2014.10.21 18:15:05.154,0.83305,0.83324,1.07,1.37
2014.10.21 18:15:11.246,0.83305,0.83327,1.15,1.47
2014.10.21 18:15:11.818,0.83305,0.83327,1.52,1.47
2014.10.21 18:15:12.357,0.83305,0.83327,1.27,1.47
2014.10.21 18:15:14.752,0.83305,0.83327,2.40,1.47
2014.10.21 18:15:17.147,0.83305,0.83327,1.15,1.47
2014.10.21 18:15:25.364,0.83305,0.83327,1.27,1.47
2014.10.21 18:15:25.906,0.83305,0.83327,1.27,1.47
2014.10.21 18:15:28.907,0.83305,0.83327,3.45,1.37
2014.10.21 18:15:34.222,0.83305,0.83325,3.07,1.37
2014.10.21 18:15:34.998,0.83305,0.83325,1.15,1.37
2014.10.21 18:15:35.490,0.83305,0.83325,1.17,1.75
2014.10.21 18:15:35.541,0.83305,0.83325,1.10,1.82
2014.10.21 18:15:36.044,0.833,0.8332,2.32,1.87
2014.10.21 18:15:36.195,0.83296,0.8332,2.70,1.95
2014.10.21 18:15:36.709,0.83296,0.83317,2.32,1.37
2014.10.21 18:15:36.806,0.83298,0.83317,2.32,1.37
2014.10.21 18:15:37.278,0.83296,0.83317,2.32,1.37
2014.10.21 18:15:40.439,0.83294,0.83317,3.45,1.45
2014.10.21 18:15:40.690,0.833,0.83317,1.00,1.37
2014.10.21 18:15:46.200,0.83299,0.83319,1.10,1.45
2014.10.21 18:15:46.961,0.83299,0.83319,1.10,1.45
2014.10.21 18:15:48.832,0.83299,0.83319,1.10,1.45
2014.10.21 18:15:50.763,0.83299,0.83319,1.10,1.45
2014.10.21 18:15:55.215,0.833,0.83319,1.00,1.45
2014.10.21 18:15:55.466,0.83295,0.83319,2.32,1.07
2014.10.21 18:15:56.438,0.833,0.83319,1.00,1.07
2014.10.21 18:15:56.489,0.833,0.83319,1.00,1.57
2014.10.21 18:15:57.142,0.833,0.83319,1.00,1.45
2014.10.21 18:15:57.718,0.833,0.83319,1.00,1.57
2014.10.21 18:15:59.467,0.833,0.83319,1.00,1.45
2014.10.21 18:16:00.249,0.833,0.83319,1.00,1.45
2014.10.21 18:16:01.781,0.833,0.83319,1.10,1.47
2014.10.21 18:16:07.459,0.83299,0.83319,1.17,1.47
2014.10.21 18:16:08.189,0.83299,0.83319,1.17,1.57
2014.10.21 18:16:12.466,0.833,0.83319,1.10,1.47
2014.10.21 18:16:19.509,0.833,0.83319,1.10,1.47
2014.10.21 18:16:19.610,0.833,0.83319,1.10,1.57
2014.10.21 18:16:20.378,0.833,0.83319,1.10,1.47
2014.10.21 18:16:23.684,0.833,0.83319,1.10,1.47
2014.10.21 18:16:25.801,0.83299,0.83319,1.17,1.47
2014.10.21 18:16:27.467,0.83299,0.83319,1.17,1.47
2014.10.21 18:16:28.591,0.83299,0.83319,1.17,1.47
2014.10.21 18:16:31.098,0.83299,0.83319,1.17,1.47
2014.10.21 18:16:32.302,0.83299,0.83319,1.17,1.47
2014.10.21 18:16:35.600,0.83299,0.83319,1.10,1.45
2014.10.21 18:16:35.902,0.83295,0.83317,2.77,1.47
2014.10.21 18:16:36.884,0.833,0.83318,1.00,1.55
2014.10.21 18:16:37.609,0.833,0.83319,1.00,1.52
2014.10.21 18:16:39.983,0.83295,0.83319,1.52,1.52
2014.10.21 18:16:42.479,0.83294,0.83319,3.45,1.52
2014.10.21 18:16:43.876,0.83295,0.83319,1.52,1.65
2014.10.21 18:16:53.658,0.83295,0.83317,1.27,1.47
2014.10.21 18:16:53.759,0.83296,0.83317,2.32,1.37
2014.10.21 18:16:57.765,0.83296,0.83318,2.70,1.37
2014.10.21 18:16:57.866,0.83294,0.83318,3.45,1.55
2014.10.21 18:16:58.370,0.83294,0.83318,3.45,1.55
2014.10.21 18:17:04.486,0.83294,0.83318,3.45,1.55
2014.10.21 18:17:05.489,0.83294,0.83318,3.45,1.55
2014.10.21 18:17:08.676,0.83295,0.83318,1.55,3.45
2014.10.21 18:17:08.726,0.83295,0.83318,1.10,3.82
2014.10.21 18:17:08.827,0.83295,0.83315,1.00,4.87
2014.10.21 18:17:08.928,0.8329,0.83315,1.65,7.12
2014.10.21 18:17:09.079,0.8329,0.83309,1.20,1.00
2014.10.21 18:17:12.613,0.8329,0.83309,1.20,1.37
2014.10.21 18:17:13.067,0.83285,0.83309,2.02,1.47
2014.10.21 18:17:13.708,0.83285,0.83308,1.52,1.37
2014.10.21 18:17:14.232,0.83285,0.83308,1.27,1.50
2014.10.21 18:17:16.463,0.83284,0.83308,2.70,1.75
2014.10.21 18:17:17.650,0.83284,0.83308,3.45,1.50
2014.10.21 18:17:17.751,0.83284,0.83308,3.45,1.37
2014.10.21 18:17:18.520,0.83284,0.83308,3.07,1.37
2014.10.21 18:17:18.773,0.83282,0.83306,2.32,1.82
2014.10.21 18:17:18.824,0.83281,0.83306,1.15,1.90
2014.10.21 18:17:19.130,0.8328,0.83303,1.15,1.00
2014.10.21 18:17:19.549,0.83285,0.83306,1.00,1.52
2014.10.21 18:17:19.851,0.83285,0.83306,1.00,1.65
2014.10.21 18:17:20.355,0.83285,0.83306,1.00,1.52
2014.10.21 18:17:20.869,0.83285,0.83306,1.00,1.65
2014.10.21 18:17:23.246,0.83285,0.83305,1.00,1.52
2014.10.21 18:17:32.199,0.83284,0.83305,1.00,1.52
2014.10.21 18:17:33.849,0.83285,0.83305,1.00,1.52
2014.10.21 18:17:44.424,0.83284,0.83305,1.27,1.55
2014.10.21 18:17:47.437,0.83285,0.83305,1.10,1.55
2014.10.21 18:17:53.041,0.83285,0.83305,1.10,1.55
2014.10.21 18:17:57.467,0.83285,0.83305,1.20,1.55
2014.10.21 18:17:57.769,0.8329,0.83307,1.00,1.37
2014.10.21 18:17:58.293,0.8329,0.83309,1.00,1.47
2014.10.21 18:18:00.066,0.8329,0.83309,1.00,1.47
2014.10.21 18:18:00.373,0.8329,0.83307,1.00,1.47
2014.10.21 18:18:00.892,0.8329,0.83307,1.00,1.47
2014.10.21 18:18:01.196,0.8329,0.83307,1.00,1.47
2014.10.21 18:18:01.787,0.8329,0.83307,1.00,1.47
2014.10.21 18:18:02.039,0.83285,0.83307,1.15,1.47
2014.10.21 18:18:02.090,0.83285,0.83307,1.00,1.52
2014.10.21 18:18:02.596,0.83285,0.83307,1.00,1.52
2014.10.21 18:18:03.107,0.83285,0.83307,1.00,1.52
2014.10.21 18:18:03.640,0.83284,0.83307,1.20,1.52
2014.10.21 18:18:05.107,0.83284,0.83307,1.20,1.52
2014.10.21 18:18:12.974,0.83284,0.83307,1.20,1.90
2014.10.21 18:18:13.679,0.83285,0.83307,1.00,1.90
2014.10.21 18:18:15.463,0.83285,0.83307,1.00,1.65
2014.10.21 18:18:16.326,0.83285,0.83307,1.00,1.90
2014.10.21 18:18:17.461,0.83285,0.83307,1.00,1.90
2014.10.21 18:18:28.967,0.83284,0.83307,1.20,1.90
2014.10.21 18:18:30.678,0.83284,0.83307,1.20,1.90
2014.10.21 18:18:33.285,0.83285,0.83307,1.00,1.90
2014.10.21 18:18:33.814,0.83285,0.83307,1.00,1.65
2014.10.21 18:18:34.137,0.83285,0.83307,1.15,1.55
2014.10.21 18:18:34.702,0.83285,0.83307,1.27,1.55
2014.10.21 18:18:35.143,0.83285,0.83307,1.10,1.52
2014.10.21 18:18:42.616,0.83284,0.83307,1.17,1.90
2014.10.21 18:18:42.717,0.83284,0.83307,1.17,1.52
2014.10.21 18:18:57.299,0.83285,0.83308,1.47,2.32
2014.10.21 18:18:57.400,0.83285,0.8331,1.65,2.02
2014.10.21 18:18:57.501,0.83289,0.83311,1.52,1.27
2014.10.21 18:18:57.551,0.83289,0.83311,3.45,1.20
2014.10.21 18:18:57.703,0.8329,0.83314,2.40,1.20
2014.10.21 18:18:58.110,0.83292,0.83315,1.15,1.07
2014.10.21 18:18:58.536,0.83293,0.83315,3.45,1.10
2014.10.21 18:18:58.738,0.83297,0.83321,3.45,1.55
2014.10.21 18:18:59.916,0.83299,0.83324,3.45,3.45
2014.10.21 18:19:00.017,0.833,0.83324,2.70,1.55
2014.10.21 18:19:00.534,0.83301,0.83325,1.52,1.52
2014.10.21 18:19:03.237,0.833,0.83324,2.70,1.55
2014.10.21 18:19:05.563,0.833,0.83324,2.70,1.27
2014.10.21 18:19:05.664,0.83304,0.83324,2.32,1.07
2014.10.21 18:19:05.715,0.83305,0.83325,3.07,1.00
2014.10.21 18:19:05.816,0.83306,0.8333,1.15,1.17
2014.10.21 18:19:05.923,0.83306,0.8333,1.15,1.15
2014.10.21 18:19:06.357,0.83303,0.83325,5.25,1.00
2014.10.21 18:19:06.943,0.83305,0.83328,1.15,1.20
2014.10.21 18:19:08.739,0.83305,0.83328,1.15,1.57
2014.10.21 18:19:09.321,0.83305,0.83328,1.10,3.45
2014.10.21 18:19:10.082,0.83303,0.83326,1.15,1.52
2014.10.21 18:19:12.154,0.83301,0.83325,3.45,1.55
2014.10.21 18:19:17.002,0.83305,0.83328,1.10,3.82
2014.10.21 18:19:17.307,0.83304,0.83324,1.17,1.95
2014.10.21 18:19:17.878,0.83304,0.83326,1.00,7.50
2014.10.21 18:19:18.388,0.83305,0.83326,1.00,7.12
2014.10.21 18:19:19.077,0.83305,0.83326,1.00,1.52
2014.10.21 18:19:25.386,0.83304,0.83326,1.10,1.52
2014.10.21 18:19:26.627,0.83304,0.83326,1.47,1.15
2014.10.21 18:19:26.828,0.83306,0.83327,2.70,1.00
2014.10.21 18:19:26.929,0.83307,0.83332,1.27,1.52
2014.10.21 18:19:27.433,0.83307,0.83332,1.27,1.52
2014.10.21 18:19:27.985,0.83307,0.83332,1.27,1.52
2014.10.21 18:19:29.133,0.83307,0.83332,1.27,1.52
2014.10.21 18:19:34.068,0.83307,0.83332,3.45,1.55
2014.10.21 18:19:40.077,0.83307,0.83332,5.62,1.27
2014.10.21 18:19:40.303,0.83307,0.83332,5.62,1.57
2014.10.21 18:19:40.927,0.83307,0.8333,5.62,1.37
2014.10.21 18:19:41.028,0.83306,0.8333,1.52,1.57
2014.10.21 18:19:41.128,0.83306,0.83325,1.52,1.00
2014.10.21 18:19:41.531,0.83304,0.83325,2.40,1.37
2014.10.21 18:19:41.733,0.833,0.83325,6.00,1.20
2014.10.21 18:19:42.451,0.833,0.83326,5.62,1.52
2014.10.21 18:19:42.552,0.833,0.83326,5.62,1.52
2014.10.21 18:19:43.069,0.833,0.83326,5.62,1.52
2014.10.21 18:19:45.419,0.833,0.83326,4.87,2.02
2014.10.21 18:19:46.023,0.833,0.83326,4.87,2.02
2014.10.21 18:19:47.635,0.833,0.83326,4.87,1.65
2014.10.21 18:19:47.736,0.83303,0.83325,2.77,1.00
2014.10.21 18:19:48.045,0.83307,0.83326,2.32,1.00
2014.10.21 18:19:48.526,0.83305,0.83326,2.32,1.00
2014.10.21 18:19:48.627,0.83303,0.83325,1.15,1.10
2014.10.21 18:19:50.097,0.83302,0.83325,2.70,1.47
2014.10.21 18:19:55.766,0.83302,0.83325,2.32,1.47
2014.10.21 18:19:58.416,0.83302,0.83325,2.32,1.47
2014.10.21 18:19:58.919,0.83302,0.83325,2.32,1.47
2014.10.21 18:20:09.588,0.83303,0.83325,2.70,1.37
2014.10.21 18:20:13.150,0.83304,0.83325,4.20,1.00
2014.10.21 18:20:13.453,0.83306,0.83325,2.32,1.00
2014.10.21 18:20:13.755,0.83309,0.83325,2.32,1.00
2014.10.21 18:20:13.806,0.83309,0.8333,2.32,1.87
2014.10.21 18:20:14.917,0.83309,0.83325,2.32,1.00
2014.10.21 18:20:14.967,0.83307,0.83325,4.87,1.00
2014.10.21 18:20:16.791,0.83307,0.83326,4.87,1.00
2014.10.21 18:20:22.367,0.83307,0.83325,4.87,1.00
2014.10.21 18:20:24.859,0.83307,0.83325,4.50,1.37
2014.10.21 18:20:24.909,0.83305,0.83325,1.15,1.37
2014.10.21 18:20:26.931,0.83303,0.83326,2.32,1.47
2014.10.21 18:20:27.475,0.83303,0.83326,2.32,1.57
2014.10.21 18:20:29.283,0.83303,0.83325,2.32,1.75
2014.10.21 18:20:45.588,0.83303,0.83325,2.32,1.50
2014.10.21 18:20:45.690,0.83303,0.83325,2.32,1.37
2014.10.21 18:20:45.992,0.83303,0.83325,3.45,1.12
2014.10.21 18:20:46.043,0.83305,0.83328,6.37,1.37
2014.10.21 18:20:46.295,0.83305,0.83331,5.25,1.65
2014.10.21 18:20:46.690,0.83306,0.8333,1.52,1.65
2014.10.21 18:20:47.236,0.83306,0.8333,1.52,1.57
2014.10.21 18:20:58.007,0.83306,0.8333,1.52,1.65
2014.10.21 18:21:00.137,0.83306,0.8333,1.07,1.55
2014.10.21 18:21:00.188,0.83306,0.8333,1.07,4.95
2014.10.21 18:21:00.239,0.83306,0.8333,1.07,5.32
2014.10.21 18:21:02.816,0.83305,0.83325,1.17,1.37
2014.10.21 18:21:04.526,0.83305,0.83325,1.17,1.37
2014.10.21 18:21:06.222,0.83305,0.83325,1.17,1.37
2014.10.21 18:21:09.125,0.83305,0.83325,1.17,1.37
2014.10.21 18:21:18.255,0.83305,0.83326,1.27,1.47
2014.10.21 18:21:20.500,0.83305,0.83325,1.55,1.20
2014.10.21 18:21:26.509,0.83305,0.83329,2.02,2.70
2014.10.21 18:21:27.055,0.83306,0.8333,1.52,1.52
2014.10.21 18:21:27.570,0.83306,0.83331,1.52,2.40
2014.10.21 18:21:27.722,0.83306,0.8333,1.52,1.52
2014.10.21 18:21:28.031,0.83306,0.8333,1.52,1.52
2014.10.21 18:21:28.546,0.83306,0.8333,4.95,1.55
2014.10.21 18:21:29.390,0.83306,0.8333,4.95,1.55
2014.10.21 18:21:29.697,0.83306,0.83331,3.45,2.40
2014.10.21 18:21:30.328,0.83306,0.83331,3.07,2.40
2014.10.21 18:21:30.429,0.83306,0.83325,1.17,1.37
2014.10.21 18:21:31.114,0.83306,0.83325,1.00,1.52
2014.10.21 18:21:31.215,0.83306,0.83325,1.37,1.07
2014.10.21 18:21:31.316,0.83305,0.83325,2.77,1.10
2014.10.21 18:21:31.517,0.83305,0.83325,1.07,3.07
2014.10.21 18:21:31.669,0.83299,0.83324,1.65,3.07
2014.10.21 18:21:31.820,0.83297,0.8332,1.65,1.65
2014.10.21 18:21:33.127,0.83297,0.8332,1.65,2.02
2014.10.21 18:21:46.876,0.83297,0.8332,2.02,2.02
2014.10.21 18:21:49.085,0.83297,0.8332,2.02,2.02
2014.10.21 18:21:52.620,0.83297,0.8332,2.02,2.02
2014.10.21 18:22:08.852,0.83297,0.8332,2.02,1.52
2014.10.21 18:22:21.394,0.83298,0.8332,1.47,1.15
2014.10.21 18:22:21.495,0.83301,0.8332,1.95,1.10
2014.10.21 18:22:21.646,0.83302,0.83323,2.02,1.12
2014.10.21 18:22:21.798,0.83303,0.83328,3.45,1.52
2014.10.21 18:22:28.220,0.83303,0.8333,3.45,3.82
2014.10.21 18:22:30.191,0.83303,0.8333,3.45,3.82
2014.10.21 18:22:36.645,0.83303,0.8333,3.45,4.20
2014.10.21 18:22:36.947,0.8331,0.8333,2.02,1.12
2014.10.21 18:22:37.224,0.83311,0.83335,4.20,2.02
2014.10.21 18:22:37.577,0.83311,0.8333,1.45,1.10
2014.10.21 18:22:37.627,0.83311,0.8333,1.00,1.17
2014.10.21 18:22:38.353,0.83306,0.8333,3.45,1.17
2014.10.21 18:22:40.964,0.83308,0.8333,2.77,1.27
2014.10.21 18:22:41.467,0.8331,0.83335,2.02,2.40
2014.10.21 18:22:43.194,0.8331,0.83335,1.55,2.02
2014.10.21 18:22:45.253,0.8331,0.83335,1.55,2.02
2014.10.21 18:22:49.931,0.8331,0.83335,2.70,1.52
2014.10.21 18:22:55.865,0.83313,0.83335,1.87,2.70
2014.10.21 18:22:56.864,0.83312,0.83336,2.77,1.52
2014.10.21 18:23:03.786,0.8331,0.83335,2.02,3.82
2014.10.21 18:23:03.887,0.8331,0.8333,1.17,1.45
2014.10.21 18:23:04.190,0.83309,0.83331,1.27,1.52
2014.10.21 18:23:04.290,0.83309,0.83331,1.17,1.52
2014.10.21 18:23:06.993,0.83308,0.8333,1.52,1.27
2014.10.21 18:23:07.194,0.8331,0.83333,2.70,3.45
2014.10.21 18:23:07.346,0.8331,0.83334,2.02,1.55
2014.10.21 18:23:07.896,0.8331,0.83335,3.52,1.52
2014.10.21 18:23:08.445,0.83313,0.83335,2.02,1.45
2014.10.21 18:23:08.822,0.83313,0.83336,1.65,1.92
2014.10.21 18:23:08.872,0.83313,0.83336,1.65,4.57
2014.10.21 18:23:08.923,0.83313,0.83336,1.57,4.57
2014.10.21 18:23:09.024,0.8331,0.83334,1.57,3.07
2014.10.21 18:23:09.084,0.8331,0.83335,1.07,8.85
2014.10.21 18:23:09.135,0.8331,0.83335,1.15,5.32
2014.10.21 18:23:09.185,0.83309,0.83329,1.07,2.25
2014.10.21 18:23:09.236,0.83309,0.83329,1.00,2.32
2014.10.21 18:23:09.337,0.83304,0.83329,2.40,2.32
2014.10.21 18:23:10.381,0.83301,0.83326,3.82,1.55
2014.10.21 18:23:10.981,0.83301,0.83326,1.52,1.52
2014.10.21 18:23:15.311,0.83302,0.83326,2.02,1.52
2014.10.21 18:23:16.936,0.83302,0.83326,3.07,1.07
2014.10.21 18:23:16.986,0.83303,0.83326,2.70,1.10
2014.10.21 18:23:17.138,0.83308,0.83329,3.75,1.07
2014.10.21 18:23:17.189,0.83309,0.83329,2.32,1.00
2014.10.21 18:23:17.290,0.83308,0.83329,1.65,1.00
2014.10.21 18:23:17.824,0.8331,0.83334,1.17,2.70
2014.10.21 18:23:18.018,0.8331,0.83334,1.17,3.07
2014.10.21 18:23:18.922,0.8331,0.83334,1.17,3.07
2014.10.21 18:23:20.623,0.8331,0.83334,1.17,3.07
2014.10.21 18:23:22.243,0.8331,0.83334,1.27,3.07
2014.10.21 18:23:23.131,0.83308,0.83334,1.52,2.70
2014.10.21 18:23:23.232,0.83308,0.83334,1.15,3.07
2014.10.21 18:23:23.333,0.83308,0.8333,1.17,1.27
2014.10.21 18:23:23.383,0.83308,0.8333,1.07,3.45
2014.10.21 18:23:23.636,0.83304,0.83325,1.15,1.00
2014.10.21 18:23:24.164,0.83304,0.83326,1.15,1.20
2014.10.21 18:23:26.081,0.83304,0.83325,1.27,1.37
2014.10.21 18:23:26.836,0.83304,0.83325,1.27,1.37
2014.10.21 18:23:27.467,0.83305,0.83329,1.27,1.52
2014.10.21 18:23:27.889,0.83305,0.8333,2.02,2.02
2014.10.21 18:23:28.542,0.83305,0.8333,1.52,1.52
2014.10.21 18:23:37.089,0.83305,0.8333,2.02,2.40
2014.10.21 18:23:37.458,0.83305,0.8333,2.02,2.02
2014.10.21 18:23:38.459,0.83305,0.8333,2.02,2.40
2014.10.21 18:23:38.976,0.83305,0.8333,2.02,2.40
2014.10.21 18:23:41.865,0.83305,0.8333,1.52,3.15
2014.10.21 18:23:42.168,0.83306,0.8333,3.45,1.55
2014.10.21 18:23:42.671,0.83306,0.83331,2.32,1.15
2014.10.21 18:23:42.722,0.83308,0.83331,2.32,1.10
2014.10.21 18:23:43.370,0.83308,0.83331,2.70,1.47
2014.10.21 18:23:43.622,0.83307,0.83331,1.52,1.55
2014.10.21 18:23:43.672,0.83307,0.8333,1.15,1.95
2014.10.21 18:23:43.723,0.83307,0.83329,1.00,2.70
2014.10.21 18:23:44.226,0.83305,0.83327,1.00,2.77
2014.10.21 18:23:44.379,0.83302,0.83325,1.52,1.52
2014.10.21 18:23:53.264,0.83305,0.83327,1.00,3.15
2014.10.21 18:24:00.142,0.83305,0.83327,1.00,3.15
2014.10.21 18:24:00.192,0.83302,0.83325,1.27,1.52
2014.10.21 18:24:00.613,0.83301,0.83325,2.70,2.02
2014.10.21 18:24:00.715,0.83301,0.83326,3.45,2.77
2014.10.21 18:24:02.312,0.83305,0.83327,1.47,1.52
2014.10.21 18:24:02.362,0.83305,0.83327,1.55,1.45
2014.10.21 18:24:02.413,0.83305,0.83327,1.55,1.20
2014.10.21 18:24:02.514,0.83306,0.83328,2.70,1.12
2014.10.21 18:24:03.023,0.83306,0.8333,3.45,1.55
2014.10.21 18:24:03.612,0.83306,0.8333,2.70,1.55
2014.10.21 18:24:03.828,0.83305,0.83329,3.45,2.70
2014.10.21 18:24:03.879,0.83305,0.83329,1.52,2.77
2014.10.21 18:24:03.981,0.83305,0.83327,1.20,1.52
2014.10.21 18:24:05.161,0.83301,0.83325,3.45,1.55
2014.10.21 18:24:05.699,0.83305,0.83327,1.10,1.52
2014.10.21 18:24:14.139,0.83305,0.83328,1.10,3.07
2014.10.21 18:24:16.228,0.83305,0.83328,1.10,3.07
2014.10.21 18:24:18.623,0.83304,0.83328,3.52,3.07
2014.10.21 18:24:18.724,0.83304,0.83328,3.15,3.07
2014.10.21 18:24:19.268,0.83304,0.83328,3.52,3.07
2014.10.21 18:24:20.847,0.83304,0.83328,3.52,3.07
2014.10.21 18:24:24.822,0.83305,0.83328,1.47,2.70
2014.10.21 18:24:26.452,0.83305,0.83328,1.20,2.70
2014.10.21 18:24:28.187,0.83304,0.83328,3.52,3.07
2014.10.21 18:24:29.280,0.83304,0.83328,3.52,2.70
2014.10.21 18:24:29.800,0.83302,0.83325,2.77,1.55
2014.10.21 18:24:30.134,0.833,0.83322,1.52,1.12
2014.10.21 18:24:31.514,0.83302,0.83325,2.70,3.45
2014.10.21 18:24:32.028,0.83302,0.83325,2.70,3.45
2014.10.21 18:24:33.294,0.83302,0.83325,2.70,3.45
2014.10.21 18:24:33.917,0.83302,0.83325,2.70,3.45
2014.10.21 18:24:35.227,0.83302,0.83325,1.47,2.70
2014.10.21 18:24:35.446,0.83302,0.83325,1.47,3.45
2014.10.21 18:24:36.961,0.83302,0.83325,1.47,3.45
2014.10.21 18:24:37.155,0.83302,0.83325,1.20,3.45
2014.10.21 18:24:40.064,0.83302,0.83325,2.70,3.45
2014.10.21 18:24:40.560,0.83302,0.83325,2.70,2.70
2014.10.21 18:24:41.629,0.83302,0.83325,2.70,2.70
2014.10.21 18:24:42.161,0.83302,0.83325,2.70,3.45
2014.10.21 18:24:46.240,0.83302,0.83325,2.70,3.45
2014.10.21 18:24:47.864,0.83302,0.83325,2.32,3.82
2014.10.21 18:24:48.632,0.83301,0.83323,1.50,2.70
2014.10.21 18:24:49.183,0.833,0.83324,2.77,1.65
2014.10.21 18:24:54.356,0.83301,0.83324,2.02,1.52
2014.10.21 18:24:57.460,0.83301,0.83324,1.65,1.65
2014.10.21 18:25:03.897,0.833,0.83324,1.52,1.52
2014.10.21 18:25:03.998,0.83303,0.83325,1.57,1.87
2014.10.21 18:25:04.977,0.83302,0.83325,2.32,1.87
2014.10.21 18:25:05.028,0.83302,0.83325,2.32,1.87
2014.10.21 18:25:05.079,0.83302,0.83321,1.20,1.05
2014.10.21 18:25:05.483,0.83301,0.83321,3.82,1.00
2014.10.21 18:25:05.591,0.83302,0.83325,2.32,1.10
2014.10.21 18:25:06.623,0.83302,0.83325,2.70,1.57
2014.10.21 18:25:06.825,0.83301,0.83325,1.27,1.90
2014.10.21 18:25:06.926,0.833,0.83325,2.77,1.52
2014.10.21 18:25:07.128,0.83301,0.83325,4.95,1.55
2014.10.21 18:25:31.852,0.83302,0.83325,2.40,1.65
2014.10.21 18:25:32.204,0.83301,0.83325,1.27,1.65
2014.10.21 18:25:32.738,0.83301,0.83325,1.52,1.52
2014.10.21 18:25:37.630,0.83301,0.83325,1.27,1.90
2014.10.21 18:25:38.478,0.833,0.83324,1.47,3.07
2014.10.21 18:25:38.986,0.833,0.83324,1.47,2.70
2014.10.21 18:25:40.153,0.833,0.83324,1.57,3.07
2014.10.21 18:25:40.657,0.83297,0.8332,1.17,1.17
2014.10.21 18:25:40.973,0.833,0.83322,1.17,1.15
2014.10.21 18:25:42.296,0.83299,0.83324,2.02,3.45
2014.10.21 18:25:42.856,0.833,0.83324,1.27,2.70
2014.10.21 18:25:49.855,0.833,0.83324,1.55,2.70
2014.10.21 18:25:50.208,0.833,0.83325,3.45,1.55
2014.10.21 18:25:50.806,0.83301,0.83326,2.77,1.52
2014.10.21 18:25:51.965,0.83301,0.83325,2.77,1.55
2014.10.21 18:25:52.485,0.83301,0.83325,2.77,1.55
2014.10.21 18:26:00.477,0.83301,0.83325,2.77,1.55
2014.10.21 18:26:04.583,0.83301,0.83325,2.77,1.27
2014.10.21 18:26:05.725,0.83305,0.83327,1.00,4.20
2014.10.21 18:26:06.418,0.83304,0.83327,1.10,2.70
2014.10.21 18:26:10.540,0.83304,0.83328,1.17,4.95
2014.10.21 18:26:10.960,0.83305,0.83328,1.52,1.52
2014.10.21 18:26:15.745,0.83304,0.83327,1.00,5.25
2014.10.21 18:26:15.846,0.83302,0.83324,1.20,1.12
2014.10.21 18:26:15.948,0.83302,0.83324,1.20,1.82
2014.10.21 18:26:16.481,0.83297,0.8332,2.32,1.10
2014.10.21 18:26:16.826,0.83297,0.8332,2.70,1.47
2014.10.21 18:26:21.835,0.83297,0.8332,2.70,1.47
2014.10.21 18:26:30.681,0.833,0.8332,1.17,1.10
2014.10.21 18:26:32.051,0.833,0.83319,1.17,1.00
2014.10.21 18:26:32.153,0.83295,0.83319,1.27,1.27
2014.10.21 18:26:32.203,0.83295,0.83318,1.27,3.30
2014.10.21 18:26:32.953,0.83295,0.83318,1.20,3.45
2014.10.21 18:26:34.071,0.833,0.83318,1.00,3.45
2014.10.21 18:26:35.718,0.83295,0.83316,1.10,1.55
2014.10.21 18:26:37.752,0.83295,0.83317,1.17,1.27
2014.10.21 18:26:37.853,0.83295,0.83317,1.15,1.27
2014.10.21 18:26:38.184,0.833,0.83318,1.00,1.52
2014.10.21 18:26:39.242,0.83295,0.83318,1.52,1.52
2014.10.21 18:26:39.872,0.83295,0.83318,1.27,1.52
2014.10.21 18:26:40.384,0.83295,0.83319,1.15,1.52
2014.10.21 18:26:42.292,0.83295,0.83316,1.15,1.47
2014.10.21 18:26:47.783,0.83295,0.83316,1.15,1.20
2014.10.21 18:26:49.386,0.83295,0.83316,1.15,1.47
2014.10.21 18:26:50.232,0.83294,0.83316,1.27,1.47
2014.10.21 18:26:52.323,0.83293,0.83316,2.70,1.95
2014.10.21 18:26:54.095,0.83293,0.83316,2.70,1.95
2014.10.21 18:26:58.039,0.83295,0.83316,1.10,1.55
2014.10.21 18:27:01.926,0.83291,0.83315,2.70,1.95
2014.10.21 18:27:02.702,0.83291,0.83315,3.45,1.45
2014.10.21 18:27:03.206,0.83291,0.83315,3.45,1.45
2014.10.21 18:27:04.071,0.83291,0.83315,3.45,1.45
2014.10.21 18:27:13.941,0.83294,0.83316,1.00,3.45
2014.10.21 18:27:14.595,0.8329,0.83315,1.52,1.52
2014.10.21 18:27:23.182,0.83291,0.83315,2.70,1.52
2014.10.21 18:27:25.333,0.83291,0.83315,3.45,1.45
2014.10.21 18:27:27.401,0.83294,0.83318,1.20,2.77
2014.10.21 18:27:27.452,0.83294,0.83318,1.52,1.27
2014.10.21 18:27:27.503,0.83295,0.83318,2.70,1.27
2014.10.21 18:27:28.011,0.833,0.83319,1.00,1.55
2014.10.21 18:27:31.901,0.83299,0.83319,1.10,1.55
2014.10.21 18:27:36.404,0.833,0.83319,1.00,1.55
2014.10.21 18:27:40.695,0.833,0.83319,1.07,1.47
2014.10.21 18:27:40.846,0.833,0.83321,3.07,1.00
2014.10.21 18:27:42.898,0.833,0.83322,3.45,1.00
2014.10.21 18:27:42.949,0.83304,0.83322,2.32,1.12
2014.10.21 18:27:43.051,0.83301,0.83322,2.70,1.12
2014.10.21 18:27:43.152,0.833,0.83322,1.52,1.20
2014.10.21 18:27:43.688,0.833,0.83321,1.15,1.00
2014.10.21 18:27:44.105,0.833,0.83321,1.15,1.07
2014.10.21 18:27:45.481,0.833,0.83321,1.27,1.55
2014.10.21 18:27:46.355,0.833,0.83321,1.17,1.55
2014.10.21 18:27:56.518,0.833,0.83321,1.17,1.55
2014.10.21 18:27:56.669,0.833,0.83321,1.00,3.45
2014.10.21 18:27:56.946,0.83299,0.83321,1.15,1.10
2014.10.21 18:27:56.996,0.83298,0.83321,2.32,1.17
2014.10.21 18:27:57.105,0.83297,0.8332,1.07,1.15
2014.10.21 18:27:57.156,0.83297,0.83319,1.00,1.65
2014.10.21 18:27:57.659,0.83294,0.83316,1.15,1.10
2014.10.21 18:27:57.870,0.83294,0.83315,1.20,1.20
2014.10.21 18:27:57.971,0.83294,0.83315,1.00,3.07
2014.10.21 18:27:58.479,0.83295,0.83315,1.00,1.15
2014.10.21 18:27:58.987,0.83294,0.83317,1.27,1.52
2014.10.21 18:28:02.164,0.83292,0.83315,1.52,1.20
2014.10.21 18:28:02.864,0.83292,0.83315,1.52,1.27
2014.10.21 18:28:08.885,0.83294,0.83316,1.27,1.47
2014.10.21 18:28:19.723,0.83295,0.83317,1.10,1.52
2014.10.21 18:28:22.008,0.83292,0.83315,1.07,1.52
2014.10.21 18:28:31.045,0.83291,0.83314,1.37,2.70
2014.10.21 18:28:31.196,0.8329,0.83314,1.20,2.70
2014.10.21 18:28:31.247,0.8329,0.83312,1.00,3.82
2014.10.21 18:28:31.533,0.83286,0.8331,1.17,3.07
2014.10.21 18:28:31.634,0.83286,0.83308,1.00,2.32
2014.10.21 18:28:32.143,0.83285,0.83308,1.10,4.57
2014.10.21 18:28:36.257,0.83283,0.83305,1.27,1.55
2014.10.21 18:28:39.378,0.83281,0.83305,1.52,1.65
2014.10.21 18:28:39.479,0.83281,0.83303,1.20,2.70
2014.10.21 18:28:40.058,0.8328,0.83303,1.47,2.70
2014.10.21 18:28:41.597,0.8328,0.83305,1.95,8.25
2014.10.21 18:28:41.698,0.8328,0.83305,2.77,3.45
2014.10.21 18:28:42.639,0.8328,0.83304,1.52,1.65
2014.10.21 18:28:42.740,0.83279,0.83304,2.02,1.52
2014.10.21 18:28:42.791,0.83279,0.83303,2.02,2.70
2014.10.21 18:28:43.093,0.8328,0.83305,2.02,1.52
2014.10.21 18:28:43.899,0.83282,0.83305,2.62,1.55
2014.10.21 18:28:44.438,0.83282,0.83306,3.45,1.45
2014.10.21 18:28:45.007,0.83283,0.83306,1.52,1.45
2014.10.21 18:28:46.709,0.83285,0.83308,1.07,1.90
2014.10.21 18:28:47.669,0.83285,0.83307,1.00,3.07
2014.10.21 18:28:48.218,0.83281,0.83305,1.55,1.55
2014.10.21 18:28:48.734,0.83281,0.83305,2.70,1.55
2014.10.21 18:28:49.260,0.8328,0.83305,2.02,1.52
2014.10.21 18:28:52.638,0.83285,0.83306,1.00,3.45
2014.10.21 18:28:59.650,0.83285,0.83306,1.00,3.82
2014.10.21 18:28:59.752,0.83285,0.83305,1.00,2.40
2014.10.21 18:28:59.803,0.8328,0.83303,1.47,2.70
2014.10.21 18:29:00.307,0.8328,0.83301,1.12,2.70
2014.10.21 18:29:00.609,0.83277,0.833,1.20,2.02
2014.10.21 18:29:00.660,0.83279,0.833,1.00,2.02
2014.10.21 18:29:00.869,0.83276,0.833,1.55,2.77
2014.10.21 18:29:02.690,0.83276,0.83301,3.45,2.77
2014.10.21 18:29:02.892,0.83279,0.83305,2.02,3.45
2014.10.21 18:29:03.762,0.83279,0.83305,2.02,2.70
2014.10.21 18:29:12.774,0.8328,0.83305,1.55,3.45
2014.10.21 18:29:18.201,0.8328,0.83303,1.55,1.55
2014.10.21 18:29:18.704,0.83279,0.83305,3.52,2.70
2014.10.21 18:29:40.447,0.83281,0.83305,2.02,1.55
2014.10.21 18:29:40.749,0.83285,0.83305,1.00,3.45
2014.10.21 18:29:41.057,0.8328,0.83301,1.10,1.65
2014.10.21 18:29:41.259,0.83276,0.83298,1.12,4.20
2014.10.21 18:29:41.781,0.83274,0.83297,1.27,1.52
2014.10.21 18:29:41.932,0.83274,0.83295,1.20,1.52
2014.10.21 18:29:42.133,0.8327,0.83295,2.02,4.20
2014.10.21 18:29:45.647,0.8327,0.83295,2.02,4.20
2014.10.21 18:29:46.433,0.83268,0.83293,2.70,1.52
2014.10.21 18:29:46.484,0.83267,0.83292,1.52,2.70
2014.10.21 18:29:47.635,0.83265,0.8329,4.95,1.65
2014.10.21 18:29:47.686,0.83265,0.8329,2.77,3.82
2014.10.21 18:29:47.787,0.83265,0.83288,1.20,3.45
2014.10.21 18:29:48.249,0.83265,0.83286,1.10,2.32
2014.10.21 18:29:48.665,0.83265,0.83287,1.07,3.00
2014.10.21 18:29:48.716,0.83266,0.83287,1.65,1.10
2014.10.21 18:29:48.867,0.8327,0.83291,1.00,3.37
2014.10.21 18:29:48.918,0.8327,0.83291,1.00,1.47
2014.10.21 18:29:49.878,0.8327,0.83291,1.00,1.47
2014.10.21 18:29:53.567,0.8327,0.83292,1.12,1.17
2014.10.21 18:29:53.676,0.83271,0.83292,1.95,1.07
2014.10.21 18:29:53.828,0.8327,0.83294,2.70,1.47
2014.10.21 18:29:53.979,0.8327,0.83294,2.70,1.55
2014.10.21 18:29:54.483,0.83269,0.83291,3.45,1.37
2014.10.21 18:29:54.913,0.83269,0.83293,3.45,1.65
2014.10.21 18:29:55.014,0.83269,0.83293,1.17,3.82
2014.10.21 18:29:55.123,0.8327,0.83293,1.10,3.45
2014.10.21 18:30:06.632,0.8327,0.83291,1.00,2.70
2014.10.21 18:30:10.932,0.8327,0.83293,1.00,1.65
2014.10.21 18:30:13.637,0.8327,0.83291,1.00,2.70
2014.10.21 18:30:23.889,0.83266,0.8329,1.52,1.52
2014.10.21 18:30:24.413,0.83265,0.8329,3.52,2.02
2014.10.21 18:30:27.451,0.83265,0.83289,2.77,1.52
2014.10.21 18:30:27.552,0.83265,0.83289,2.77,3.45
2014.10.21 18:30:39.739,0.83265,0.83288,1.07,3.82
2014.10.21 18:30:40.041,0.83263,0.83285,2.77,1.10
2014.10.21 18:31:00.484,0.83265,0.83288,1.27,2.70
2014.10.21 18:31:04.978,0.83265,0.83288,1.10,3.07
2014.10.21 18:31:05.525,0.83265,0.83286,1.00,2.70
2014.10.21 18:31:09.130,0.83265,0.83287,1.10,2.70
2014.10.21 18:31:09.795,0.83265,0.83286,1.10,3.15
2014.10.21 18:31:10.101,0.8326,0.83284,1.00,5.32
2014.10.21 18:31:10.403,0.83255,0.83282,3.52,1.65
2014.10.21 18:31:12.828,0.83255,0.83282,2.02,1.27
2014.10.21 18:31:12.929,0.83265,0.83284,1.00,1.52
2014.10.21 18:31:13.411,0.83265,0.83287,1.45,1.55
2014.10.21 18:31:14.330,0.83265,0.83287,1.00,3.82
2014.10.21 18:31:14.531,0.83265,0.83288,1.07,1.15
2014.10.21 18:31:15.703,0.8327,0.83289,1.00,2.70
2014.10.21 18:31:15.754,0.8327,0.8329,1.00,1.52
2014.10.21 18:31:16.358,0.83265,0.8329,4.20,2.02
2014.10.21 18:31:16.628,0.83264,0.83288,2.77,1.52
2014.10.21 18:31:18.109,0.8327,0.8329,1.00,3.45
2014.10.21 18:31:18.310,0.83265,0.83289,2.02,1.52
2014.10.21 18:31:20.426,0.8327,0.8329,1.00,3.45
2014.10.21 18:31:20.527,0.8327,0.8329,1.00,1.52
2014.10.21 18:31:21.077,0.83265,0.8329,4.20,2.02
2014.10.21 18:31:21.228,0.83265,0.83289,1.27,3.45
2014.10.21 18:31:23.155,0.8327,0.8329,1.00,2.77
2014.10.21 18:31:23.407,0.83265,0.8329,1.52,2.77
2014.10.21 18:31:23.955,0.83265,0.83289,1.52,1.55
2014.10.21 18:31:25.558,0.8327,0.83289,1.00,1.55
2014.10.21 18:31:26.078,0.8327,0.8329,1.00,2.02
2014.10.21 18:31:30.850,0.8327,0.83289,1.00,2.70
2014.10.21 18:31:31.836,0.8327,0.83291,1.00,6.37
2014.10.21 18:31:33.714,0.83269,0.83291,1.00,4.20
2014.10.21 18:31:37.123,0.8327,0.83291,1.00,4.20
2014.10.21 18:31:40.063,0.8327,0.83288,1.00,2.02
2014.10.21 18:31:40.164,0.83265,0.83286,1.45,1.95
2014.10.21 18:31:40.366,0.83264,0.83284,1.20,1.87
2014.10.21 18:31:40.416,0.8327,0.83284,1.00,1.87
2014.10.21 18:31:40.567,0.83265,0.83285,1.00,2.02
2014.10.21 18:31:41.096,0.83265,0.83285,1.00,2.02
2014.10.21 18:31:42.875,0.8327,0.83285,1.00,2.02
2014.10.21 18:31:50.233,0.83265,0.83285,1.37,1.65
2014.10.21 18:31:50.895,0.83265,0.83285,1.45,1.57
2014.10.21 18:31:51.429,0.8327,0.8329,1.00,3.45
2014.10.21 18:31:51.479,0.8327,0.8329,1.00,1.52
2014.10.21 18:32:00.220,0.83269,0.83291,1.10,2.77
2014.10.21 18:32:01.313,0.83269,0.83291,1.47,1.52
2014.10.21 18:32:01.858,0.83275,0.83291,1.00,1.52
2014.10.21 18:32:04.286,0.83266,0.83288,1.15,1.95
2014.10.21 18:32:04.387,0.83265,0.83288,4.12,4.20
2014.10.21 18:32:04.438,0.83265,0.83287,1.87,2.70
2014.10.21 18:32:04.539,0.83265,0.83285,1.12,2.70
2014.10.21 18:32:04.640,0.83261,0.83285,1.55,3.45
2014.10.21 18:32:04.842,0.8326,0.83285,1.20,5.25
2014.10.21 18:32:04.893,0.8326,0.83284,1.17,1.65
2014.10.21 18:32:04.943,0.8326,0.83284,3.07,1.65
2014.10.21 18:32:04.994,0.8326,0.83284,3.00,3.82
2014.10.21 18:32:05.044,0.8326,0.83282,1.00,2.32
2014.10.21 18:32:05.095,0.83258,0.8328,1.10,1.17
2014.10.21 18:32:05.247,0.83259,0.8328,1.65,1.20
2014.10.21 18:32:05.297,0.8326,0.83282,1.00,2.32
2014.10.21 18:32:05.448,0.8326,0.83285,5.32,1.65
2014.10.21 18:32:05.549,0.83262,0.83285,2.32,1.10
2014.10.21 18:32:05.876,0.83262,0.83287,1.17,2.32
2014.10.21 18:32:06.394,0.83265,0.83287,1.00,2.70
2014.10.21 18:32:06.697,0.83264,0.83289,1.52,3.82
2014.10.21 18:32:07.213,0.83264,0.83289,3.45,1.65
2014.10.21 18:32:12.123,0.83264,0.83288,1.07,3.07
2014.10.21 18:32:14.397,0.83261,0.83287,2.70,1.90
2014.10.21 18:32:15.098,0.83261,0.83287,2.32,1.90
2014.10.21 18:32:15.249,0.8326,0.83285,1.65,5.25
2014.10.21 18:32:15.451,0.83257,0.8328,1.57,1.52
2014.10.21 18:32:15.602,0.83257,0.8328,1.57,1.52
2014.10.21 18:32:15.804,0.83258,0.8328,4.57,1.07
2014.10.21 18:32:15.854,0.8326,0.83283,1.15,1.17
2014.10.21 18:32:16.630,0.8326,0.83286,2.02,3.07
2014.10.21 18:32:17.446,0.8326,0.83286,2.02,3.07
2014.10.21 18:32:23.010,0.8326,0.83286,2.02,3.07
2014.10.21 18:32:23.111,0.8326,0.83285,1.65,3.82
2014.10.21 18:32:23.162,0.8326,0.83281,1.65,2.40
2014.10.21 18:32:23.313,0.83256,0.8328,1.15,1.90
2014.10.21 18:32:29.420,0.83256,0.8328,1.15,1.52
2014.10.21 18:32:29.621,0.8326,0.83281,1.00,2.70
2014.10.21 18:32:29.672,0.8326,0.83283,1.00,1.52
2014.10.21 18:32:29.723,0.8326,0.83283,1.00,1.90
2014.10.21 18:32:30.226,0.8326,0.83282,1.00,5.32
2014.10.21 18:32:30.729,0.83257,0.8328,1.15,1.65
2014.10.21 18:32:31.552,0.83255,0.8328,4.20,2.40
2014.10.21 18:32:31.753,0.83255,0.83279,1.15,2.40
2014.10.21 18:32:32.220,0.83254,0.83278,1.17,3.07
2014.10.21 18:32:32.729,0.83254,0.83278,1.17,3.07
2014.10.21 18:32:35.875,0.83254,0.83276,2.02,1.15
2014.10.21 18:32:35.976,0.83257,0.83277,1.87,1.27
2014.10.21 18:32:36.127,0.83257,0.83277,2.32,1.00
2014.10.21 18:32:36.178,0.83257,0.8328,2.32,1.57
2014.10.21 18:32:36.229,0.83255,0.83279,1.57,2.32
2014.10.21 18:32:37.676,0.83252,0.83276,2.70,1.95
2014.10.21 18:32:38.033,0.83252,0.83276,2.70,1.95
2014.10.21 18:32:38.747,0.83252,0.83276,2.70,1.95
2014.10.21 18:32:45.799,0.83252,0.83275,2.70,1.47
2014.10.21 18:32:46.355,0.83252,0.83274,2.70,1.37
2014.10.21 18:32:46.406,0.8325,0.83274,7.12,1.45
2014.10.21 18:32:47.037,0.8325,0.83274,1.52,1.45
2014.10.21 18:32:47.339,0.83249,0.83271,1.27,1.45
2014.10.21 18:32:47.641,0.83245,0.8327,2.02,2.02
2014.10.21 18:32:48.171,0.83245,0.8327,2.02,2.02
2014.10.21 18:32:50.465,0.83245,0.8327,1.15,1.52
2014.10.21 18:32:50.768,0.83245,0.83266,1.00,2.02
2014.10.21 18:32:51.582,0.83244,0.83266,1.00,2.02
2014.10.21 18:32:52.270,0.83245,0.83266,1.37,2.02
2014.10.21 18:32:52.320,0.83245,0.83269,2.02,2.70
2014.10.21 18:32:52.371,0.83249,0.83269,1.00,2.70
2014.10.21 18:32:52.422,0.83249,0.83271,1.00,2.02
2014.10.21 18:32:52.926,0.83245,0.83269,2.02,2.02
2014.10.21 18:32:53.027,0.83245,0.83269,1.15,1.65
2014.10.21 18:32:53.078,0.83245,0.83267,1.07,1.57
2014.10.21 18:32:53.128,0.83243,0.83265,1.07,1.17
2014.10.21 18:32:53.179,0.83243,0.83261,1.07,1.57
2014.10.21 18:32:53.229,0.8324,0.8326,1.10,1.17
2014.10.21 18:32:53.380,0.83236,0.8326,2.32,1.65
2014.10.21 18:32:53.431,0.83235,0.83257,1.15,1.17
2014.10.21 18:32:53.684,0.83239,0.83257,1.00,1.07
2014.10.21 18:32:53.936,0.83237,0.8326,1.15,1.17
2014.10.21 18:32:54.238,0.8324,0.83262,1.17,2.40
2014.10.21 18:32:54.742,0.8324,0.83265,1.65,1.65
2014.10.21 18:32:54.843,0.83241,0.83265,2.32,1.65
2014.10.21 18:32:55.825,0.83245,0.83265,1.10,1.55
2014.10.21 18:32:56.381,0.83245,0.83265,1.10,1.55
2014.10.21 18:32:58.538,0.83241,0.83265,2.32,2.40
2014.10.21 18:32:58.639,0.8324,0.83261,1.00,3.45
2014.10.21 18:32:58.748,0.83245,0.83261,1.00,3.45
2014.10.21 18:32:58.858,0.8324,0.83261,1.00,3.82
2014.10.21 18:32:59.066,0.83237,0.83261,1.00,2.70
2014.10.21 18:32:59.168,0.83235,0.83258,1.10,2.32
2014.10.21 18:32:59.491,0.83233,0.83259,2.32,1.15
2014.10.21 18:33:00.160,0.83235,0.83258,1.57,2.32
2014.10.21 18:33:00.686,0.83235,0.83258,1.15,1.65
2014.10.21 18:33:01.432,0.83235,0.83258,1.15,1.65
2014.10.21 18:33:01.982,0.83235,0.83258,1.27,1.52
2014.10.21 18:33:03.161,0.83233,0.83258,2.32,1.90
2014.10.21 18:33:03.672,0.83233,0.83258,3.45,1.52
2014.10.21 18:33:03.773,0.83236,0.83258,2.70,1.12
2014.10.21 18:33:04.112,0.83238,0.8326,2.70,1.37
2014.10.21 18:33:05.339,0.8324,0.83261,1.17,1.45
2014.10.21 18:33:05.490,0.83235,0.83259,1.65,2.40
2014.10.21 18:33:05.994,0.83235,0.83258,1.20,1.52
2014.10.21 18:33:06.195,0.83235,0.83258,1.17,1.07
2014.10.21 18:33:06.245,0.83235,0.83258,1.15,1.00
2014.10.21 18:33:06.347,0.83235,0.83258,1.15,1.15
2014.10.21 18:33:06.448,0.83235,0.83259,1.00,5.25
2014.10.21 18:33:07.603,0.83235,0.83257,1.00,1.52
2014.10.21 18:33:08.789,0.83235,0.83256,1.00,2.02
2014.10.21 18:33:09.132,0.83235,0.83256,1.00,2.02
2014.10.21 18:33:09.640,0.8323,0.83255,5.62,1.57
2014.10.21 18:33:11.500,0.8323,0.83255,6.37,1.57
2014.10.21 18:33:12.125,0.8323,0.83255,6.37,1.57
2014.10.21 18:33:14.637,0.8323,0.83255,6.37,1.27
2014.10.21 18:33:15.167,0.83235,0.83256,1.00,2.02
2014.10.21 18:33:16.036,0.83235,0.83256,1.00,2.02
2014.10.21 18:33:16.581,0.83235,0.83255,1.00,2.02
2014.10.21 18:33:16.945,0.8323,0.83255,2.02,1.52
2014.10.21 18:33:17.096,0.83235,0.83256,1.00,4.95
2014.10.21 18:33:18.109,0.83234,0.83256,1.00,4.95
2014.10.21 18:33:18.663,0.8323,0.83254,1.52,2.02
2014.10.21 18:33:19.478,0.8323,0.83254,1.52,2.32
2014.10.21 18:33:19.579,0.8323,0.83252,3.45,1.00
2014.10.21 18:33:19.881,0.83235,0.83256,1.20,1.17
2014.10.21 18:33:20.387,0.83235,0.83257,1.00,2.40
2014.10.21 18:33:20.995,0.83235,0.83257,1.00,2.77
2014.10.21 18:33:22.788,0.83235,0.83257,1.07,1.65
2014.10.21 18:33:22.989,0.83231,0.83255,1.15,1.65
2014.10.21 18:33:24.382,0.8323,0.83254,2.70,1.65
2014.10.21 18:33:24.483,0.8323,0.83254,1.20,1.65
2014.10.21 18:33:25.029,0.8323,0.83253,1.27,3.45
2014.10.21 18:33:25.079,0.8323,0.83253,1.55,1.55
2014.10.21 18:33:25.382,0.83231,0.83257,2.70,1.65
2014.10.21 18:33:26.997,0.83234,0.83256,2.32,1.37
2014.10.21 18:33:27.510,0.83234,0.83256,2.32,1.37
2014.10.21 18:33:29.417,0.83235,0.83256,1.27,1.47
2014.10.21 18:33:30.346,0.83234,0.83256,1.52,1.47
2014.10.21 18:33:33.225,0.83235,0.83256,1.15,1.47
2014.10.21 18:33:33.553,0.83235,0.83256,1.15,1.47
2014.10.21 18:33:34.739,0.83235,0.83256,1.27,1.10
2014.10.21 18:33:35.594,0.83235,0.83256,1.52,1.00
2014.10.21 18:33:35.913,0.83235,0.83259,1.52,1.57
2014.10.21 18:33:37.570,0.83235,0.83259,1.52,1.57
2014.10.21 18:33:38.106,0.83235,0.83259,1.52,1.57
2014.10.21 18:33:41.312,0.83235,0.83258,1.52,1.37
2014.10.21 18:33:41.855,0.83235,0.83258,1.52,1.37
2014.10.21 18:33:41.905,0.83235,0.83258,1.52,1.37
2014.10.21 18:33:42.429,0.83235,0.83258,1.52,1.37
2014.10.21 18:33:44.144,0.83235,0.83259,1.55,3.45
2014.10.21 18:33:44.245,0.83235,0.83259,3.45,1.55
2014.10.21 18:33:45.058,0.83239,0.8326,2.70,1.00
2014.10.21 18:33:45.367,0.83241,0.83264,2.32,1.00
2014.10.21 18:33:45.895,0.83242,0.83267,1.15,1.15
2014.10.21 18:33:46.046,0.83242,0.83267,1.52,1.52
2014.10.21 18:33:50.435,0.83242,0.83267,1.27,1.52
2014.10.21 18:33:50.668,0.83242,0.83267,1.27,1.52
2014.10.21 18:33:50.971,0.83237,0.83262,1.15,1.15
2014.10.21 18:33:52.948,0.83237,0.83262,1.52,1.52
2014.10.21 18:33:53.200,0.83236,0.83262,5.62,1.52
2014.10.21 18:33:53.726,0.83236,0.83262,5.62,1.52
2014.10.21 18:33:54.236,0.83236,0.83262,5.25,1.52
2014.10.21 18:33:54.778,0.83235,0.83261,3.07,1.52
2014.10.21 18:33:55.568,0.83235,0.83261,4.20,1.52
2014.10.21 18:33:57.533,0.83237,0.83261,2.70,1.45
2014.10.21 18:33:57.584,0.83237,0.83262,7.12,1.57
2014.10.21 18:33:57.685,0.83237,0.83262,6.75,1.20
2014.10.21 18:33:57.937,0.83238,0.83263,1.15,1.15
2014.10.21 18:33:57.987,0.83238,0.83263,1.15,1.15
2014.10.21 18:33:58.499,0.83235,0.83261,6.37,1.52
2014.10.21 18:33:59.618,0.83235,0.83261,6.37,1.52
2014.10.21 18:34:00.686,0.83235,0.83261,1.52,3.45
2014.10.21 18:34:06.934,0.83235,0.8326,1.27,2.02
2014.10.21 18:34:07.486,0.83235,0.8326,1.27,2.02
2014.10.21 18:34:19.949,0.83235,0.8326,1.65,1.90
2014.10.21 18:34:20.050,0.83235,0.83258,1.10,2.70
2014.10.21 18:34:20.101,0.83235,0.83252,1.10,2.25
2014.10.21 18:34:20.154,0.83233,0.83251,1.00,2.32
2014.10.21 18:34:20.255,0.8323,0.8325,1.00,1.15
2014.10.21 18:34:20.356,0.83226,0.8325,3.82,1.57
2014.10.21 18:34:20.759,0.83228,0.8325,2.32,1.50
2014.10.21 18:34:21.262,0.8323,0.83253,1.15,1.27
2014.10.21 18:34:24.563,0.83228,0.83252,3.07,1.17
2014.10.21 18:34:24.867,0.83233,0.83257,4.50,1.00
2014.10.21 18:34:26.188,0.83233,0.83257,4.87,1.37
2014.10.21 18:34:26.768,0.83233,0.83257,4.87,1.00
2014.10.21 18:34:28.301,0.83236,0.83257,2.70,1.00
2014.10.21 18:34:29.223,0.83236,0.8326,2.70,1.55
2014.10.21 18:34:29.424,0.83235,0.8326,1.27,5.62
2014.10.21 18:34:29.525,0.83235,0.83262,4.20,1.52
2014.10.21 18:34:29.878,0.83235,0.83257,3.45,1.00
2014.10.21 18:34:30.429,0.83235,0.83257,1.52,1.00
2014.10.21 18:34:31.233,0.83232,0.83257,2.70,1.27
2014.10.21 18:34:32.997,0.83233,0.83257,2.32,1.07
2014.10.21 18:34:33.098,0.83233,0.83258,4.57,1.10
2014.10.21 18:34:33.349,0.83239,0.8326,1.50,1.65
2014.10.21 18:34:33.551,0.83239,0.83264,3.15,1.17
2014.10.21 18:34:33.806,0.83239,0.83261,1.15,1.00
2014.10.21 18:34:34.159,0.83239,0.8326,1.10,1.15
2014.10.21 18:34:34.479,0.83236,0.8326,1.17,3.07
2014.10.21 18:34:35.055,0.83235,0.8326,3.07,1.65
2014.10.21 18:34:35.360,0.83235,0.8326,3.07,2.02
2014.10.21 18:34:35.662,0.83235,0.83259,2.32,1.65
2014.10.21 18:34:35.713,0.83235,0.83259,2.32,1.55
2014.10.21 18:34:36.126,0.83235,0.83258,2.32,1.47
2014.10.21 18:34:38.990,0.83235,0.83258,2.32,1.47
2014.10.21 18:34:40.327,0.83235,0.8326,3.07,2.02
2014.10.21 18:34:40.377,0.83235,0.83255,2.32,1.00
2014.10.21 18:34:41.773,0.83235,0.83255,2.32,1.37
2014.10.21 18:34:41.874,0.83233,0.83255,2.32,1.37
2014.10.21 18:34:44.680,0.83233,0.83255,2.32,1.37
2014.10.21 18:34:45.145,0.83233,0.83255,2.32,1.75
2014.10.21 18:34:45.296,0.8323,0.83251,2.32,1.87
2014.10.21 18:34:45.397,0.83228,0.8325,1.15,2.77
2014.10.21 18:34:46.453,0.83228,0.8325,1.15,1.55
2014.10.21 18:34:46.755,0.8323,0.83252,1.07,1.65
2014.10.21 18:34:47.058,0.83222,0.83233,2.25,1.35
2014.10.21 18:34:47.108,0.8321,0.83233,1.15,1.35
2014.10.21 18:34:47.159,0.8321,0.83233,1.15,2.32
2014.10.21 18:34:47.209,0.8321,0.83233,1.07,2.40
2014.10.21 18:34:47.360,0.83206,0.8323,1.15,1.07
2014.10.21 18:34:47.678,0.8321,0.8323,1.00,1.00
2014.10.21 18:34:47.929,0.83211,0.83235,1.00,1.12
2014.10.21 18:34:48.080,0.83215,0.83238,1.00,1.55
2014.10.21 18:34:48.181,0.83213,0.83238,1.00,1.55
2014.10.21 18:34:48.294,0.83213,0.83238,1.07,1.55
2014.10.21 18:34:48.699,0.83215,0.83237,1.00,2.70
2014.10.21 18:34:48.799,0.83215,0.83239,1.17,3.45
2014.10.21 18:34:48.901,0.83211,0.83235,1.15,1.27
2014.10.21 18:34:50.501,0.8321,0.83234,1.17,2.70
2014.10.21 18:34:50.804,0.83211,0.83228,1.00,2.02
2014.10.21 18:34:51.005,0.83195,0.83218,3.07,1.10
2014.10.21 18:34:51.106,0.83195,0.83218,1.17,1.17
2014.10.21 18:34:51.609,0.83195,0.8322,1.65,1.15
2014.10.21 18:34:52.161,0.832,0.83221,1.00,3.45
2014.10.21 18:34:52.354,0.83196,0.8322,1.17,1.15
2014.10.21 18:34:55.535,0.83197,0.8322,1.17,1.52
2014.10.21 18:34:55.686,0.832,0.83219,1.00,2.32
2014.10.21 18:34:55.787,0.832,0.83222,1.00,1.15
2014.10.21 18:34:55.888,0.83205,0.83222,1.00,1.10
2014.10.21 18:34:55.989,0.832,0.83226,1.15,5.70
2014.10.21 18:34:56.090,0.83202,0.83226,1.65,2.02
2014.10.21 18:34:56.291,0.83205,0.83227,2.40,1.10
2014.10.21 18:34:56.342,0.83205,0.83227,1.65,1.10
2014.10.21 18:34:56.846,0.83206,0.8323,2.40,1.15
2014.10.21 18:34:59.687,0.83205,0.8323,3.07,2.02
2014.10.21 18:35:00.235,0.83205,0.8323,3.07,2.40
2014.10.21 18:35:00.490,0.83205,0.8323,3.45,1.52
2014.10.21 18:35:00.793,0.8321,0.83233,1.07,1.65
2014.10.21 18:35:01.309,0.8321,0.83233,1.15,1.92
2014.10.21 18:35:01.359,0.8321,0.83233,1.15,1.55
2014.10.21 18:35:01.461,0.83212,0.83235,1.17,1.52
2014.10.21 18:35:01.511,0.83212,0.83235,3.07,1.45
2014.10.21 18:35:01.562,0.83212,0.83235,4.95,1.20
2014.10.21 18:35:01.663,0.83215,0.83238,1.15,1.10
2014.10.21 18:35:01.916,0.83215,0.83239,2.32,2.32
2014.10.21 18:35:02.385,0.83219,0.83239,1.00,2.32
2014.10.21 18:35:03.607,0.8322,0.83239,1.00,2.70
2014.10.21 18:35:04.477,0.8322,0.83239,1.00,3.07
2014.10.21 18:35:04.594,0.83215,0.83239,1.10,3.07
2014.10.21 18:35:04.897,0.83219,0.83239,1.00,2.70
2014.10.21 18:35:04.947,0.83219,0.83241,1.00,3.45
2014.10.21 18:35:05.250,0.83216,0.8324,3.07,1.10
2014.10.21 18:35:05.351,0.83214,0.83236,1.17,1.15
2014.10.21 18:35:05.653,0.83214,0.83236,1.00,3.07
2014.10.21 18:35:06.056,0.8321,0.83233,1.10,2.32
2014.10.21 18:35:07.014,0.8321,0.83233,1.07,1.07
2014.10.21 18:35:07.064,0.8321,0.83233,1.15,1.00
2014.10.21 18:35:07.597,0.8321,0.83233,1.15,1.37
2014.10.21 18:35:09.628,0.83211,0.83234,2.70,1.10
2014.10.21 18:35:09.930,0.83218,0.83242,2.32,1.55
2014.10.21 18:35:10.433,0.8322,0.83244,1.15,1.65
2014.10.21 18:35:10.938,0.83218,0.8324,4.20,1.12
2014.10.21 18:35:12.134,0.83217,0.83241,2.02,1.52
2014.10.21 18:35:12.670,0.8322,0.83244,1.00,5.62
2014.10.21 18:35:15.746,0.8322,0.83244,1.07,2.70
2014.10.21 18:35:16.109,0.83225,0.83245,1.00,3.45
2014.10.21 18:35:16.510,0.83224,0.83243,1.00,2.70
2014.10.21 18:35:16.662,0.83224,0.83245,1.00,1.52
2014.10.21 18:35:17.180,0.83225,0.83245,1.00,1.52
2014.10.21 18:35:17.693,0.83225,0.83243,1.00,1.55
2014.10.21 18:35:21.800,0.83225,0.83243,1.00,1.55
2014.10.21 18:35:22.755,0.83224,0.83243,1.00,1.55
2014.10.21 18:35:23.314,0.83224,0.83243,1.00,1.55
2014.10.21 18:35:23.619,0.83225,0.83243,1.00,1.17
2014.10.21 18:35:23.921,0.83225,0.83244,1.10,1.47
2014.10.21 18:35:24.907,0.83225,0.83243,1.00,1.52
2014.10.21 18:35:25.059,0.83225,0.83245,1.10,1.27
2014.10.21 18:35:25.160,0.83225,0.83245,1.15,1.00
2014.10.21 18:35:25.664,0.83224,0.83248,1.15,2.40
2014.10.21 18:35:25.815,0.83224,0.83244,1.10,1.10
2014.10.21 18:35:25.966,0.83224,0.83244,1.15,1.00
2014.10.21 18:35:26.490,0.83224,0.83248,1.15,1.15
2014.10.21 18:35:26.846,0.83222,0.83245,2.32,1.47
2014.10.21 18:35:26.947,0.83222,0.83245,2.32,1.47
2014.10.21 18:35:27.148,0.83222,0.83245,2.32,1.47
2014.10.21 18:35:27.680,0.83225,0.83247,1.17,1.52
2014.10.21 18:35:27.731,0.83225,0.83247,1.17,1.15
2014.10.21 18:35:27.989,0.83225,0.83249,1.15,1.27
2014.10.21 18:35:28.140,0.8323,0.83251,1.00,1.52
2014.10.21 18:35:28.624,0.8323,0.83251,1.00,1.90
2014.10.21 18:35:28.919,0.83225,0.8325,1.65,1.90
2014.10.21 18:35:32.775,0.83225,0.83249,1.10,3.82
2014.10.21 18:35:34.547,0.83225,0.83245,1.00,1.55
2014.10.21 18:35:35.059,0.8322,0.83245,2.70,1.55
2014.10.21 18:35:35.556,0.83225,0.83247,1.00,3.45
2014.10.21 18:35:35.657,0.8322,0.83245,3.07,1.65
2014.10.21 18:35:35.707,0.8322,0.83244,1.15,1.52
2014.10.21 18:35:36.170,0.83225,0.83245,1.00,1.65
2014.10.21 18:35:36.707,0.83225,0.83245,1.00,1.52
2014.10.21 18:35:41.492,0.83225,0.83245,1.00,1.52
2014.10.21 18:35:41.899,0.83225,0.83245,1.15,1.12
2014.10.21 18:35:44.706,0.83225,0.83249,1.52,1.52
2014.10.21 18:35:44.807,0.83225,0.83249,3.45,1.55
2014.10.21 18:35:45.204,0.83225,0.83248,1.52,1.52
2014.10.21 18:35:45.255,0.83225,0.83248,1.15,1.52
2014.10.21 18:35:45.607,0.83224,0.83248,1.15,1.15
2014.10.21 18:35:45.808,0.83225,0.83247,1.10,1.15
2014.10.21 18:35:51.556,0.83225,0.83248,2.70,3.45
2014.10.21 18:35:51.607,0.83225,0.83248,1.52,1.27
2014.10.21 18:35:51.708,0.83225,0.83248,4.95,1.20
2014.10.21 18:35:53.863,0.8323,0.83251,1.00,1.52
2014.10.21 18:35:55.213,0.8323,0.83252,1.15,1.55
2014.10.21 18:35:59.365,0.8323,0.83251,1.15,1.47
2014.10.21 18:35:59.415,0.8323,0.83251,1.10,1.52
2014.10.21 18:36:05.617,0.8323,0.83251,2.70,1.15
2014.10.21 18:36:05.668,0.8323,0.83251,4.95,1.00
2014.10.21 18:36:05.919,0.83234,0.83255,1.10,1.15
2014.10.21 18:36:06.756,0.83232,0.83255,2.32,1.57
2014.10.21 18:36:09.367,0.83235,0.83256,1.00,2.70
2014.10.21 18:36:09.568,0.83235,0.83259,3.07,1.17
2014.10.21 18:36:09.669,0.83235,0.83259,1.15,1.15
2014.10.21 18:36:10.072,0.83234,0.83255,1.17,1.17
2014.10.21 18:36:10.374,0.83235,0.83254,1.00,1.15
2014.10.21 18:36:10.997,0.8323,0.83255,2.02,2.02
2014.10.21 18:36:12.221,0.83235,0.83255,1.00,1.27
2014.10.21 18:36:13.181,0.83236,0.83255,1.95,1.10
2014.10.21 18:36:13.333,0.83237,0.83257,2.02,1.10
2014.10.21 18:36:13.384,0.83237,0.83257,2.32,1.00
2014.10.21 18:36:13.686,0.83239,0.83258,1.00,1.00
2014.10.21 18:36:13.736,0.83239,0.83258,1.15,1.00
2014.10.21 18:36:14.418,0.8324,0.83257,1.17,1.00
2014.10.21 18:36:14.975,0.8324,0.83257,1.00,1.00
2014.10.21 18:36:15.176,0.83234,0.83255,1.15,1.00
2014.10.21 18:36:15.277,0.83234,0.83255,1.20,1.20
2014.10.21 18:36:15.837,0.83235,0.83254,1.00,1.00
2014.10.21 18:36:17.137,0.83234,0.83254,1.20,1.00
2014.10.21 18:36:17.188,0.83234,0.83254,1.00,1.15
2014.10.21 18:36:17.389,0.83226,0.8325,4.57,1.55
2014.10.21 18:36:17.490,0.83225,0.83247,1.07,1.17
2014.10.21 18:36:19.684,0.83222,0.83245,2.32,1.47
2014.10.21 18:36:19.785,0.8322,0.83244,2.77,1.27
2014.10.21 18:36:20.876,0.8322,0.83244,2.77,1.52
2014.10.21 18:36:21.964,0.83225,0.83244,1.00,1.52
2014.10.21 18:36:22.504,0.83225,0.83244,1.00,1.27
2014.10.21 18:36:22.817,0.83225,0.83246,1.10,1.55
2014.10.21 18:36:23.321,0.83225,0.83247,1.10,1.52
2014.10.21 18:36:24.062,0.83225,0.83246,1.10,1.27
2014.10.21 18:36:24.264,0.83225,0.83246,1.00,3.45
2014.10.21 18:36:27.179,0.83225,0.83246,1.00,1.15
2014.10.21 18:36:31.910,0.8323,0.83248,1.00,1.15
2014.10.21 18:36:32.573,0.8323,0.83248,1.00,1.27
2014.10.21 18:36:34.967,0.83229,0.83248,1.00,1.27
2014.10.21 18:36:37.193,0.83225,0.83247,1.15,1.55
2014.10.21 18:36:37.302,0.83225,0.83247,1.00,1.52
2014.10.21 18:36:37.610,0.83229,0.83248,1.00,1.52
2014.10.21 18:36:39.811,0.83225,0.83248,1.17,1.52
2014.10.21 18:36:54.293,0.83225,0.83248,1.52,1.07
2014.10.21 18:36:54.344,0.83225,0.83248,3.07,1.10
2014.10.21 18:36:54.445,0.83227,0.83248,2.32,1.00
2014.10.21 18:36:54.775,0.83227,0.8325,2.32,1.57
2014.10.21 18:36:55.334,0.83227,0.83249,2.32,1.00
2014.10.21 18:36:55.385,0.83227,0.83249,2.32,1.37
2014.10.21 18:36:55.435,0.83225,0.83249,1.15,1.45
2014.10.21 18:36:55.536,0.83225,0.83249,1.15,1.52
2014.10.21 18:36:55.791,0.83225,0.83246,1.27,1.37
2014.10.21 18:36:56.754,0.83225,0.83246,1.27,1.12
2014.10.21 18:37:00.761,0.83225,0.83246,1.15,1.37
2014.10.21 18:37:01.264,0.83225,0.83246,1.15,1.37
2014.10.21 18:37:02.275,0.83225,0.83246,1.15,1.37
2014.10.21 18:37:02.860,0.83225,0.83246,1.15,1.37
2014.10.21 18:37:03.166,0.83219,0.83245,2.02,3.07
2014.10.21 18:37:06.174,0.83219,0.8324,1.15,1.12
2014.10.21 18:37:06.224,0.83219,0.8324,1.20,1.27
2014.10.21 18:37:06.275,0.83219,0.8324,1.20,1.57
2014.10.21 18:37:06.583,0.8322,0.83239,1.15,1.37
2014.10.21 18:37:20.676,0.8322,0.8324,1.15,1.37
2014.10.21 18:37:24.622,0.83218,0.83239,2.32,1.37
2014.10.21 18:37:24.874,0.83216,0.83239,2.32,1.47
2014.10.21 18:37:24.925,0.83216,0.83239,2.32,1.10
2014.10.21 18:37:25.693,0.8322,0.8324,1.10,1.55
2014.10.21 18:37:26.506,0.8322,0.8324,1.10,1.55
2014.10.21 18:37:27.435,0.8322,0.8324,1.10,1.55
2014.10.21 18:37:31.545,0.83216,0.83238,2.70,1.00
2014.10.21 18:37:34.798,0.83219,0.8324,3.07,1.12
2014.10.21 18:37:35.486,0.8322,0.83241,1.15,1.37
2014.10.21 18:37:39.986,0.8322,0.83241,1.15,1.37
2014.10.21 18:37:40.571,0.8322,0.83241,1.15,1.37
2014.10.21 18:37:47.909,0.8322,0.8324,1.27,1.12
2014.10.21 18:37:48.605,0.8322,0.8324,1.27,1.37
2014.10.21 18:37:49.106,0.8322,0.8324,1.15,1.12
2014.10.21 18:37:49.660,0.83225,0.83241,1.10,1.00
2014.10.21 18:37:49.963,0.83225,0.83241,1.15,1.00
2014.10.21 18:37:50.014,0.83225,0.83244,1.15,1.00
2014.10.21 18:37:57.803,0.83225,0.83244,3.45,1.00
2014.10.21 18:37:58.221,0.83225,0.83246,3.45,1.12
2014.10.21 18:38:02.110,0.83225,0.83246,3.45,1.37
2014.10.21 18:38:02.959,0.83225,0.83246,3.45,1.12
2014.10.21 18:38:06.170,0.83225,0.83247,2.70,1.00
2014.10.21 18:38:06.321,0.8323,0.83247,2.70,1.00
2014.10.21 18:38:06.422,0.8323,0.8325,2.70,1.12
2014.10.21 18:38:26.524,0.83231,0.83252,2.32,1.37
2014.10.21 18:38:38.083,0.83231,0.83252,2.32,1.75
2014.10.21 18:38:38.239,0.8323,0.8325,1.17,1.50
2014.10.21 18:38:38.290,0.8323,0.8325,1.17,1.37
2014.10.21 18:38:38.449,0.8323,0.83251,1.17,1.00
2014.10.21 18:38:38.613,0.8323,0.83248,1.17,1.00
2014.10.21 18:38:39.227,0.8323,0.83248,1.17,1.37
2014.10.21 18:38:40.591,0.8323,0.83248,1.10,1.47
2014.10.21 18:38:40.854,0.8323,0.83248,1.00,1.47
2014.10.21 18:38:41.366,0.8323,0.83248,1.00,1.47
2014.10.21 18:38:45.147,0.8323,0.83248,1.00,1.47
2014.10.21 18:38:50.606,0.83225,0.83248,3.07,1.47
2014.10.21 18:38:53.882,0.8323,0.83248,1.00,1.47
2014.10.21 18:38:54.392,0.83225,0.83249,3.45,1.55
2014.10.21 18:38:54.694,0.83227,0.83249,2.32,1.47
2014.10.21 18:38:56.021,0.83227,0.83249,4.87,1.37
2014.10.21 18:38:56.571,0.83226,0.83249,2.70,1.47
2014.10.21 18:38:57.106,0.83226,0.83249,2.32,1.47
2014.10.21 18:38:58.008,0.83226,0.83249,2.70,1.47
2014.10.21 18:39:00.578,0.83229,0.83249,2.32,1.37
2014.10.21 18:39:00.629,0.83229,0.8325,2.70,1.57
2014.10.21 18:39:00.679,0.83231,0.8325,2.32,1.50
2014.10.21 18:39:01.183,0.83231,0.83253,2.32,1.37
2014.10.21 18:39:02.129,0.83231,0.83253,2.32,1.37
2014.10.21 18:39:02.382,0.83226,0.8325,1.15,1.65
2014.10.21 18:39:02.912,0.83225,0.83248,5.25,1.37
2014.10.21 18:39:03.416,0.83225,0.83248,4.50,1.37
2014.10.21 18:39:06.299,0.83225,0.83248,5.62,1.37
2014.10.21 18:39:12.773,0.83225,0.83248,5.62,1.37
2014.10.21 18:39:13.083,0.83229,0.83249,3.45,1.00
2014.10.21 18:39:13.285,0.83235,0.83255,1.10,1.00
2014.10.21 18:39:13.587,0.83231,0.83252,2.32,1.00
2014.10.21 18:39:14.347,0.83231,0.83252,2.70,1.37
2014.10.21 18:39:14.661,0.83231,0.83253,2.70,1.12
2014.10.21 18:39:15.439,0.83231,0.83252,2.70,1.00
2014.10.21 18:39:15.590,0.8323,0.83252,3.07,1.50
2014.10.21 18:39:15.691,0.8323,0.83251,1.17,1.55
2014.10.21 18:39:15.892,0.83227,0.83246,2.32,1.37
2014.10.21 18:39:15.993,0.83225,0.83246,2.70,1.37
2014.10.21 18:39:16.556,0.83225,0.83246,3.45,1.12
2014.10.21 18:39:17.782,0.83225,0.8325,3.45,1.52
2014.10.21 18:39:17.833,0.83227,0.8325,2.70,1.27
2014.10.21 18:39:17.984,0.83225,0.8325,3.07,2.40
2014.10.21 18:39:18.035,0.83225,0.8325,1.15,4.57
2014.10.21 18:39:18.337,0.83225,0.83247,1.00,2.32
2014.10.21 18:39:18.811,0.8322,0.83245,1.15,3.45
2014.10.21 18:39:19.321,0.8322,0.83245,1.15,3.45
2014.10.21 18:39:19.912,0.83225,0.83245,1.00,2.70
2014.10.21 18:39:20.230,0.8322,0.83243,1.10,2.70
2014.10.21 18:39:20.562,0.83224,0.83245,1.00,3.07
2014.10.21 18:39:21.089,0.83225,0.83246,1.00,5.25
2014.10.21 18:39:21.644,0.83224,0.83245,1.00,3.07
2014.10.21 18:39:22.742,0.83225,0.83247,1.00,3.07
2014.10.21 18:39:23.292,0.8322,0.83245,3.45,1.65
2014.10.21 18:39:23.795,0.83225,0.83246,1.00,1.90
2014.10.21 18:39:24.463,0.83225,0.83247,1.00,3.82
2014.10.21 18:39:24.981,0.83225,0.83247,1.00,3.07
2014.10.21 18:39:25.517,0.83225,0.83247,1.00,3.07
2014.10.21 18:39:26.516,0.83225,0.83247,1.00,3.07
2014.10.21 18:39:30.815,0.83224,0.83247,1.10,3.82
2014.10.21 18:39:32.239,0.83224,0.83247,1.10,3.07
2014.10.21 18:39:32.801,0.83225,0.8325,1.20,8.25
2014.10.21 18:39:34.474,0.83225,0.83248,1.20,2.40
2014.10.21 18:39:35.192,0.83225,0.83247,1.00,5.25
2014.10.21 18:39:39.147,0.8322,0.83245,1.52,1.52
2014.10.21 18:39:39.705,0.8322,0.83245,1.27,1.90
2014.10.21 18:39:40.217,0.8322,0.83245,1.15,1.90
2014.10.21 18:39:45.725,0.8322,0.83245,1.27,1.90
2014.10.21 18:39:47.610,0.8322,0.83244,1.15,2.40
2014.10.21 18:39:47.661,0.8322,0.83244,1.20,3.00
2014.10.21 18:39:47.812,0.8322,0.83241,1.00,2.70
2014.10.21 18:39:47.963,0.8322,0.83244,1.15,1.50
2014.10.21 18:39:48.064,0.8322,0.83243,1.10,3.07
2014.10.21 18:39:48.419,0.8322,0.83243,1.10,3.07
2014.10.21 18:39:48.470,0.8322,0.83244,1.15,1.45
2014.10.21 18:39:48.773,0.83219,0.83244,1.27,1.50
2014.10.21 18:39:49.627,0.83219,0.83244,1.27,1.82
2014.10.21 18:39:55.420,0.8322,0.83244,1.15,1.50
2014.10.21 18:39:57.949,0.8322,0.83243,1.07,3.07
2014.10.21 18:39:57.999,0.8322,0.83242,1.00,3.07
2014.10.21 18:39:58.519,0.83215,0.8324,3.07,1.65
2014.10.21 18:39:59.399,0.8322,0.83242,1.00,3.07
2014.10.21 18:40:00.798,0.83215,0.83241,2.70,1.90
2014.10.21 18:40:01.678,0.8322,0.83242,1.00,3.07
2014.10.21 18:40:05.191,0.8322,0.83242,1.10,2.70
2014.10.21 18:40:05.412,0.8322,0.83244,1.55,3.45
2014.10.21 18:40:05.463,0.8322,0.83244,2.70,1.55
2014.10.21 18:40:06.165,0.8322,0.83246,2.32,1.15
2014.10.21 18:40:06.367,0.8322,0.83246,2.70,1.65
2014.10.21 18:40:08.183,0.83225,0.83247,1.00,3.07
2014.10.21 18:40:08.708,0.83225,0.83249,1.17,3.82
2014.10.21 18:40:10.495,0.83222,0.83246,2.32,1.92
2014.10.21 18:40:12.690,0.83222,0.83246,2.70,1.55
2014.10.21 18:40:12.941,0.83224,0.83248,1.15,2.40
2014.10.21 18:40:13.827,0.83225,0.83249,1.17,3.82
2014.10.21 18:40:13.928,0.83222,0.83245,2.32,1.85
2014.10.21 18:40:14.029,0.8322,0.83244,1.17,3.07
2014.10.21 18:40:14.162,0.83217,0.8324,2.32,1.10
2014.10.21 18:40:14.213,0.83215,0.8324,3.07,1.15
2014.10.21 18:40:14.618,0.83215,0.83239,1.15,1.15
2014.10.21 18:40:14.955,0.83211,0.83235,2.32,1.17
2014.10.21 18:40:15.458,0.83215,0.83237,1.07,1.65
2014.10.21 18:40:15.761,0.83216,0.8324,2.32,1.57
2014.10.21 18:40:17.082,0.8322,0.8324,1.10,1.82
2014.10.21 18:40:17.416,0.83215,0.83237,1.15,2.32
2014.10.21 18:40:22.949,0.83214,0.83237,3.07,1.95
2014.10.21 18:40:23.050,0.83216,0.83235,2.70,1.00
2014.10.21 18:40:23.251,0.83215,0.83239,1.15,2.02
2014.10.21 18:40:23.503,0.83216,0.8324,2.32,1.57
2014.10.21 18:40:23.855,0.83217,0.8324,2.32,1.10
2014.10.21 18:40:26.141,0.83217,0.83238,2.32,1.50
2014.10.21 18:40:26.459,0.83214,0.83236,2.32,1.37
2014.10.21 18:40:30.592,0.83215,0.83237,1.15,1.95
2014.10.21 18:40:30.743,0.83215,0.8324,1.17,2.25
2014.10.21 18:40:30.995,0.83215,0.8324,3.07,2.25
2014.10.21 18:40:31.096,0.83215,0.8324,5.62,1.87
2014.10.21 18:40:31.612,0.8322,0.8324,1.00,1.37
2014.10.21 18:40:32.551,0.8322,0.8324,1.00,1.37
2014.10.21 18:40:33.156,0.8322,0.83244,1.00,1.95
2014.10.21 18:40:34.993,0.8322,0.83244,1.00,2.40
2014.10.21 18:40:35.362,0.83219,0.83235,1.00,1.50
2014.10.21 18:40:35.463,0.83215,0.8324,1.00,1.27
2014.10.21 18:40:35.665,0.83215,0.8324,1.17,1.12
2014.10.21 18:40:35.917,0.8322,0.83242,1.00,1.95
2014.10.21 18:40:36.372,0.8322,0.83242,1.00,4.20
2014.10.21 18:40:36.792,0.8322,0.83242,1.00,2.02
2014.10.21 18:40:38.107,0.8322,0.83243,1.00,2.40
2014.10.21 18:40:38.409,0.83225,0.83243,1.00,1.87
2014.10.21 18:40:39.746,0.8322,0.83245,1.07,3.07
2014.10.21 18:40:40.256,0.8322,0.83245,1.07,3.07
2014.10.21 18:40:48.121,0.8322,0.83244,1.07,2.32
2014.10.21 18:40:50.712,0.8322,0.83244,1.07,2.32
2014.10.21 18:40:51.368,0.83217,0.8324,2.70,1.37
2014.10.21 18:40:52.271,0.8322,0.83243,1.07,2.25
2014.10.21 18:40:52.473,0.8322,0.83244,1.07,2.32
2014.10.21 18:40:56.886,0.8322,0.83244,1.00,2.40
2014.10.21 18:40:57.138,0.83215,0.8324,1.52,1.37
2014.10.21 18:40:57.188,0.83215,0.8324,1.47,1.55
2014.10.21 18:40:57.355,0.8322,0.83242,1.00,3.07
2014.10.21 18:40:57.456,0.8322,0.83242,1.00,2.70
2014.10.21 18:40:58.562,0.83219,0.83242,1.00,2.70
2014.10.21 18:41:00.581,0.83219,0.83245,1.12,3.07
2014.10.21 18:41:01.476,0.8322,0.83245,1.00,3.82
2014.10.21 18:41:01.990,0.8322,0.83245,1.00,3.82
2014.10.21 18:41:02.395,0.8322,0.83239,1.00,2.70
2014.10.21 18:41:06.161,0.8322,0.83237,1.00,2.70
2014.10.21 18:41:06.363,0.83215,0.83234,1.00,2.70
2014.10.21 18:41:06.708,0.83215,0.83237,1.00,2.32
2014.10.21 18:41:10.201,0.83215,0.83234,1.00,2.70
2014.10.21 18:41:10.554,0.8321,0.83234,1.27,2.70
2014.10.21 18:41:10.705,0.8321,0.83235,1.52,1.52
2014.10.21 18:41:11.007,0.83215,0.83239,1.55,2.70
2014.10.21 18:41:13.769,0.83214,0.83239,1.52,2.32
2014.10.21 18:41:13.920,0.83219,0.83242,1.00,2.02
2014.10.21 18:41:14.172,0.8322,0.83242,1.00,2.40
2014.10.21 18:41:14.610,0.83214,0.8324,1.55,2.70
2014.10.21 18:41:15.275,0.83214,0.8324,1.55,2.70
2014.10.21 18:41:15.427,0.8322,0.8324,1.00,2.70
2014.10.21 18:41:16.591,0.83215,0.8324,1.45,3.45
2014.10.21 18:41:21.329,0.83215,0.8324,1.52,1.52
2014.10.21 18:41:24.181,0.8322,0.83241,1.00,4.20
2014.10.21 18:41:26.545,0.8322,0.83244,1.17,4.57
2014.10.21 18:41:26.646,0.8322,0.83244,1.15,2.40
2014.10.21 18:41:27.057,0.8322,0.83244,1.17,4.57
2014.10.21 18:41:28.022,0.8322,0.83244,1.17,4.57
2014.10.21 18:41:32.480,0.8322,0.83243,1.17,2.02
2014.10.21 18:41:35.653,0.8322,0.83242,1.00,2.70
2014.10.21 18:41:41.314,0.83219,0.83242,1.55,2.62
2014.10.21 18:41:41.365,0.83219,0.83243,1.52,2.02
2014.10.21 18:41:41.949,0.83219,0.83243,1.55,4.20
2014.10.21 18:41:44.527,0.8322,0.83243,1.10,4.57
2014.10.21 18:41:47.102,0.8322,0.83243,1.10,4.20
2014.10.21 18:41:52.925,0.83219,0.83242,1.45,2.70
2014.10.21 18:41:53.397,0.8322,0.83243,1.27,2.02
2014.10.21 18:42:00.018,0.8322,0.83243,1.27,2.02
2014.10.21 18:42:00.822,0.8322,0.83243,1.27,2.02
2014.10.21 18:42:02.650,0.83219,0.83242,1.45,2.70
2014.10.21 18:42:03.195,0.83219,0.83242,1.37,4.87
2014.10.21 18:42:06.093,0.83219,0.83244,1.52,4.20
2014.10.21 18:42:18.479,0.8322,0.83244,1.27,4.95
2014.10.21 18:42:19.037,0.8322,0.83244,1.27,2.77
2014.10.21 18:42:33.335,0.8322,0.83244,1.15,2.77
2014.10.21 18:42:42.928,0.8322,0.83245,1.15,2.77
2014.10.21 18:42:44.547,0.8322,0.83245,1.15,3.15
2014.10.21 18:42:48.194,0.8322,0.83245,1.15,3.15
2014.10.21 18:42:48.396,0.8322,0.83244,1.07,5.32
2014.10.21 18:42:48.447,0.83217,0.8324,2.32,1.92
2014.10.21 18:42:48.498,0.83215,0.8324,1.50,3.15
2014.10.21 18:42:48.599,0.83215,0.8324,1.20,7.50
2014.10.21 18:42:56.656,0.83214,0.83238,1.15,2.40
2014.10.21 18:42:57.498,0.83215,0.8324,1.50,5.62
2014.10.21 18:42:57.548,0.83215,0.8324,1.50,3.45
2014.10.21 18:42:57.700,0.83215,0.8324,1.50,1.15
2014.10.21 18:42:57.750,0.83216,0.8324,2.32,1.07
2014.10.21 18:42:58.438,0.83217,0.8324,2.32,1.10
2014.10.21 18:42:58.787,0.83217,0.8324,2.32,1.47
2014.10.21 18:42:59.199,0.8322,0.83244,1.17,2.70
2014.10.21 18:43:02.676,0.8322,0.83244,1.17,3.07
2014.10.21 18:43:06.287,0.8322,0.83244,1.17,2.70
2014.10.21 18:43:12.858,0.8322,0.83244,3.45,2.62
2014.10.21 18:43:12.908,0.83225,0.83248,1.10,4.57
2014.10.21 18:43:16.033,0.83225,0.83248,1.10,2.70
2014.10.21 18:43:17.180,0.8323,0.83248,1.00,2.70
2014.10.21 18:43:17.249,0.8323,0.83251,1.00,4.95
2014.10.21 18:43:17.602,0.8323,0.83251,1.17,1.55
2014.10.21 18:43:19.936,0.8323,0.83254,1.17,2.70
2014.10.21 18:43:20.239,0.8323,0.83255,1.15,2.40
2014.10.21 18:43:21.943,0.83229,0.83255,4.20,1.90
2014.10.21 18:43:30.482,0.8323,0.83255,1.15,1.90
2014.10.21 18:43:31.386,0.8323,0.83255,1.15,1.90
2014.10.21 18:43:32.813,0.83229,0.83254,3.07,2.40
2014.10.21 18:43:32.863,0.83229,0.83254,1.17,2.40
2014.10.21 18:43:33.014,0.83228,0.8325,1.42,1.52
2014.10.21 18:43:33.098,0.8323,0.83251,1.00,2.70
2014.10.21 18:43:33.324,0.83227,0.8325,1.12,1.52
2014.10.21 18:43:33.851,0.83226,0.8325,2.62,1.52
2014.10.21 18:43:35.476,0.83227,0.8325,1.12,1.52
2014.10.21 18:43:36.404,0.83226,0.8325,2.25,1.65
2014.10.21 18:43:36.657,0.83225,0.83249,1.70,3.07
2014.10.21 18:43:36.707,0.83225,0.83249,1.70,3.07
2014.10.21 18:43:46.689,0.83225,0.83249,1.10,3.07
2014.10.21 18:43:47.735,0.83225,0.83249,1.10,3.07
2014.10.21 18:43:48.436,0.83225,0.83249,1.10,4.57
2014.10.21 18:43:57.566,0.83225,0.83249,1.17,2.40
2014.10.21 18:43:58.075,0.83221,0.83245,4.05,1.55
2014.10.21 18:44:00.305,0.83221,0.83245,3.30,1.55
2014.10.21 18:44:04.227,0.83221,0.83245,3.67,1.17
2014.10.21 18:44:04.378,0.83225,0.83248,1.45,1.27
2014.10.21 18:44:04.433,0.83225,0.83248,3.45,1.07
2014.10.21 18:44:04.946,0.83225,0.8325,5.62,1.57
2014.10.21 18:44:05.633,0.83225,0.8325,5.25,1.20
2014.10.21 18:44:06.580,0.8323,0.83254,1.00,5.25
2014.10.21 18:44:06.630,0.8323,0.83254,1.00,6.00
2014.10.21 18:44:07.279,0.8323,0.83254,1.00,6.00
2014.10.21 18:44:08.007,0.83225,0.8325,5.62,1.57
2014.10.21 18:44:14.872,0.83225,0.8325,5.62,1.20
2014.10.21 18:44:14.973,0.83227,0.8325,2.70,1.10
2014.10.21 18:44:15.276,0.83233,0.83254,2.70,1.12
2014.10.21 18:44:16.977,0.83233,0.83255,2.70,1.37
2014.10.21 18:44:17.412,0.83233,0.83255,2.70,1.00
2014.10.21 18:44:17.513,0.83235,0.83256,2.70,1.12
2014.10.21 18:44:18.043,0.83235,0.83255,2.32,1.00
2014.10.21 18:44:18.699,0.83231,0.83255,4.87,1.00
2014.10.21 18:44:19.210,0.83231,0.83256,4.87,1.27
2014.10.21 18:44:23.266,0.83232,0.83256,2.70,1.20
2014.10.21 18:44:23.317,0.83234,0.83256,2.70,1.00
2014.10.21 18:44:23.837,0.83233,0.83256,2.70,1.47
2014.10.21 18:44:24.462,0.83233,0.83255,2.32,1.47
2014.10.21 18:44:24.513,0.8323,0.83255,1.52,1.57
2014.10.21 18:44:24.665,0.83231,0.83255,2.70,1.95
2014.10.21 18:44:24.816,0.8323,0.83255,1.52,2.02
2014.10.21 18:44:25.866,0.8323,0.83251,1.52,1.00
2014.10.21 18:44:26.219,0.83231,0.83255,2.70,1.55
2014.10.21 18:44:26.720,0.8323,0.83255,1.52,1.52
2014.10.21 18:44:27.347,0.83235,0.83256,1.00,2.70
2014.10.21 18:44:27.757,0.83232,0.83255,2.70,1.10
2014.10.21 18:44:28.270,0.83231,0.83255,2.70,1.27
2014.10.21 18:44:28.841,0.83231,0.83255,3.07,1.17
2014.10.21 18:44:30.244,0.83231,0.83255,2.70,1.27
2014.10.21 18:44:41.924,0.83235,0.83258,1.47,2.70
2014.10.21 18:44:42.075,0.83234,0.8326,1.52,3.45
2014.10.21 18:44:42.176,0.83235,0.8326,2.70,1.52
2014.10.21 18:44:44.472,0.83235,0.8326,3.82,2.02
2014.10.21 18:44:44.573,0.83238,0.8326,2.70,1.12
2014.10.21 18:44:45.094,0.8324,0.83262,1.07,2.70
2014.10.21 18:44:45.195,0.83235,0.8326,1.95,1.52
2014.10.21 18:44:45.296,0.83235,0.83259,1.95,2.70
2014.10.21 18:44:47.302,0.83235,0.83259,1.20,2.70
2014.10.21 18:44:47.604,0.83235,0.8326,1.52,1.52
2014.10.21 18:44:48.297,0.83237,0.8326,1.12,1.55
2014.10.21 18:44:51.191,0.83237,0.8326,1.00,1.52
2014.10.21 18:44:51.695,0.83235,0.83259,1.55,2.70
2014.10.21 18:44:57.706,0.83235,0.83259,1.17,3.07
2014.10.21 18:44:58.210,0.83235,0.83259,1.17,2.70
2014.10.21 18:44:58.752,0.83234,0.83258,1.15,2.02
2014.10.21 18:44:59.290,0.83234,0.83258,1.15,1.12
2014.10.21 18:44:59.614,0.8323,0.83251,2.02,1.10
2014.10.21 18:45:05.657,0.8323,0.83253,1.52,1.15
2014.10.21 18:45:10.906,0.83235,0.83253,1.00,1.52
2014.10.21 18:45:14.542,0.8323,0.83253,1.52,1.52
2014.10.21 18:45:17.886,0.83229,0.83253,3.15,1.52
2014.10.21 18:45:19.633,0.83234,0.83253,1.12,1.55
2014.10.21 18:45:29.149,0.8323,0.83253,1.52,1.55
2014.10.21 18:45:31.766,0.8323,0.83253,1.52,1.55
2014.10.21 18:45:32.496,0.83229,0.83253,3.45,1.55
2014.10.21 18:45:33.105,0.83235,0.83253,1.00,1.55
2014.10.21 18:45:36.955,0.8323,0.83253,1.52,1.55
2014.10.21 18:45:38.610,0.83235,0.83254,1.47,1.07
2014.10.21 18:45:38.660,0.83235,0.83254,1.55,1.00
2014.10.21 18:45:38.812,0.83235,0.83258,1.52,1.12
2014.10.21 18:45:39.320,0.83235,0.83259,1.15,1.20
2014.10.21 18:45:40.337,0.83235,0.83259,1.52,1.57
2014.10.21 18:45:42.145,0.83235,0.83259,2.40,1.20
2014.10.21 18:45:42.785,0.83235,0.83259,2.02,1.20
2014.10.21 18:45:45.531,0.83235,0.83259,1.27,1.65
2014.10.21 18:45:45.632,0.83235,0.83259,1.15,2.77
2014.10.21 18:45:45.733,0.83235,0.83258,1.07,3.07
2014.10.21 18:45:45.885,0.83231,0.83253,1.17,1.07
2014.10.21 18:45:47.737,0.83235,0.83253,1.00,1.45
2014.10.21 18:45:47.888,0.8323,0.83253,1.52,1.45
2014.10.21 18:45:59.767,0.8323,0.83253,1.45,1.52
2014.10.21 18:46:09.343,0.8323,0.83253,1.37,1.52
2014.10.21 18:46:12.265,0.83229,0.83253,1.57,1.52
2014.10.21 18:46:15.376,0.8323,0.83253,1.37,1.52
2014.10.21 18:46:17.408,0.8323,0.83253,1.37,1.52
2014.10.21 18:46:17.459,0.83235,0.83253,1.00,1.52
2014.10.21 18:46:18.906,0.83234,0.83253,1.12,1.52
2014.10.21 18:46:19.646,0.83234,0.83253,1.37,1.27
2014.10.21 18:46:20.809,0.83234,0.83253,1.12,1.27
2014.10.21 18:46:21.314,0.83235,0.83253,1.00,1.27
2014.10.21 18:46:31.334,0.83235,0.83253,1.12,1.17
2014.10.21 18:46:34.703,0.8323,0.83253,1.52,1.27
2014.10.21 18:46:35.512,0.83235,0.83253,1.00,1.27
2014.10.21 18:46:37.519,0.83234,0.83253,1.12,1.55
2014.10.21 18:46:38.053,0.83235,0.83253,1.00,1.55
2014.10.21 18:46:40.885,0.8323,0.83253,1.52,1.55
2014.10.21 18:46:41.869,0.8323,0.83253,1.90,1.17
2014.10.21 18:46:42.071,0.8323,0.83252,1.45,1.27
2014.10.21 18:46:42.122,0.83235,0.83251,1.00,2.32
2014.10.21 18:46:42.223,0.8323,0.83248,1.00,2.32
2014.10.21 18:46:42.340,0.83225,0.83247,1.72,2.32
2014.10.21 18:46:42.392,0.83225,0.83247,1.00,3.07
2014.10.21 18:46:42.543,0.83225,0.83243,1.00,2.32
2014.10.21 18:46:42.745,0.83223,0.83244,2.92,1.00
2014.10.21 18:46:43.248,0.83225,0.83245,1.15,1.00
2014.10.21 18:46:45.121,0.83224,0.83245,1.52,1.00
2014.10.21 18:46:45.273,0.8323,0.83245,1.00,1.00
2014.10.21 18:46:45.628,0.83225,0.83245,1.52,1.00
2014.10.21 18:46:47.114,0.83225,0.83247,3.45,1.07
2014.10.21 18:46:47.678,0.8323,0.83247,1.10,1.12
2014.10.21 18:46:51.909,0.83226,0.83247,2.70,1.37
2014.10.21 18:46:52.060,0.83225,0.83246,1.52,1.20
2014.10.21 18:46:52.261,0.83225,0.83246,1.47,1.27
2014.10.21 18:46:59.776,0.83224,0.83248,3.45,1.55
2014.10.21 18:47:00.376,0.83225,0.83248,1.52,1.55
2014.10.21 18:47:01.004,0.83225,0.83248,1.52,1.55
2014.10.21 18:47:02.642,0.83225,0.83248,3.45,1.45
2014.10.21 18:47:03.304,0.83226,0.83248,2.70,1.00
2014.10.21 18:47:04.133,0.83226,0.83248,2.70,1.37
2014.10.21 18:47:10.659,0.83226,0.83248,2.70,1.00
2014.10.21 18:47:23.833,0.8323,0.83246,1.10,1.00
2014.10.21 18:47:24.135,0.83224,0.83244,3.45,1.00
2014.10.21 18:47:24.852,0.83224,0.83245,3.45,1.00
2014.10.21 18:47:30.433,0.83225,0.83244,1.52,1.00
2014.10.21 18:47:35.352,0.83229,0.83244,1.00,1.00
2014.10.21 18:47:36.313,0.83229,0.83245,1.12,1.00
2014.10.21 18:47:36.922,0.83229,0.83244,1.12,1.00
2014.10.21 18:47:38.285,0.8323,0.83244,1.00,1.00
2014.10.21 18:47:38.582,0.8323,0.83246,1.00,1.00
2014.10.21 18:47:41.789,0.8323,0.83246,1.37,1.00
2014.10.21 18:47:42.353,0.8323,0.83246,1.00,1.00
2014.10.21 18:47:44.116,0.83229,0.83246,1.12,1.00
2014.10.21 18:47:46.344,0.83225,0.83246,3.45,1.37
2014.10.21 18:47:48.053,0.83225,0.83245,1.45,1.47
2014.10.21 18:47:48.406,0.83225,0.83242,1.20,1.00
2014.10.21 18:47:49.165,0.83225,0.83243,1.45,1.00
2014.10.21 18:47:50.677,0.8322,0.83243,1.27,1.57
2014.10.21 18:47:51.080,0.83225,0.83241,1.00,1.00
2014.10.21 18:47:51.624,0.83225,0.83242,1.00,1.00
2014.10.21 18:47:53.781,0.83225,0.83242,1.00,1.37
2014.10.21 18:47:55.611,0.83225,0.83244,1.12,1.27
2014.10.21 18:47:55.662,0.83225,0.83244,1.27,1.12
2014.10.21 18:47:56.216,0.8323,0.83244,1.00,1.00
2014.10.21 18:47:57.881,0.8323,0.83246,1.00,1.00
2014.10.21 18:47:58.784,0.8323,0.83246,1.00,1.37
2014.10.21 18:47:59.875,0.83225,0.83246,2.70,1.37
2014.10.21 18:48:00.800,0.83225,0.83246,3.45,1.00
2014.10.21 18:48:01.376,0.8323,0.83246,1.00,1.12
2014.10.21 18:48:01.979,0.83225,0.83246,3.45,1.00
2014.10.21 18:48:02.502,0.8323,0.83246,1.00,1.00
2014.10.21 18:48:03.521,0.83225,0.83246,3.45,1.00
2014.10.21 18:48:09.833,0.83225,0.83245,3.45,1.00
2014.10.21 18:48:09.934,0.83225,0.83245,3.07,1.37
2014.10.21 18:48:09.985,0.83225,0.83245,1.00,1.52
2014.10.21 18:48:10.493,0.83225,0.83243,1.00,1.47
2014.10.21 18:48:11.015,0.83224,0.83243,1.20,1.20
2014.10.21 18:48:11.718,0.83225,0.83243,1.00,1.20
2014.10.21 18:48:12.318,0.83225,0.83243,1.00,1.47
2014.10.21 18:48:12.933,0.83225,0.83243,1.00,1.20
2014.10.21 18:48:14.782,0.83225,0.83242,1.00,1.00
2014.10.21 18:48:15.285,0.83225,0.83242,1.00,1.37
2014.10.21 18:48:15.788,0.8322,0.83242,2.70,1.37
2014.10.21 18:48:16.331,0.83221,0.83242,1.12,1.12
2014.10.21 18:48:16.835,0.83225,0.83244,1.00,1.55
2014.10.21 18:48:17.342,0.8322,0.83242,4.05,1.12
2014.10.21 18:48:17.975,0.8322,0.83243,4.05,1.10
2014.10.21 18:48:19.740,0.8322,0.83243,4.80,1.47
2014.10.21 18:48:20.193,0.8322,0.83242,1.50,1.17
2014.10.21 18:48:22.212,0.8322,0.83242,1.87,1.55
2014.10.21 18:48:24.562,0.8322,0.83242,1.87,1.55
2014.10.21 18:48:24.663,0.8322,0.83242,1.52,1.55
2014.10.21 18:48:25.373,0.8322,0.83238,1.07,1.12
2014.10.21 18:48:25.423,0.8322,0.83238,1.00,1.12
2014.10.21 18:48:26.443,0.83219,0.83238,1.52,1.00
2014.10.21 18:48:28.991,0.8322,0.83239,1.27,1.12
2014.10.21 18:48:34.255,0.8322,0.8324,1.55,1.20
2014.10.21 18:48:35.831,0.8322,0.83242,1.52,1.47
2014.10.21 18:48:36.345,0.83224,0.83242,1.00,1.20
2014.10.21 18:48:36.857,0.83225,0.83242,1.00,1.10
2014.10.21 18:48:39.242,0.83225,0.83242,1.47,1.00
2014.10.21 18:48:39.448,0.83224,0.83245,1.52,1.00
2014.10.21 18:48:39.915,0.83225,0.83245,1.20,1.00
2014.10.21 18:48:41.612,0.83225,0.83245,1.57,1.12
2014.10.21 18:48:45.261,0.83225,0.83247,1.57,1.52
2014.10.21 18:48:45.819,0.83225,0.83247,1.57,1.52
2014.10.21 18:48:46.462,0.83225,0.83247,3.07,1.07
2014.10.21 18:48:46.613,0.83225,0.83248,3.82,1.10
2014.10.21 18:48:47.264,0.83227,0.83249,2.70,1.12
2014.10.21 18:48:48.652,0.83229,0.83249,1.52,1.00
2014.10.21 18:48:48.942,0.8323,0.83249,1.17,1.37
2014.10.21 18:48:49.380,0.83229,0.83247,1.10,1.12
2014.10.21 18:48:49.895,0.8323,0.83247,1.12,1.00
2014.10.21 18:48:51.480,0.83229,0.83247,1.20,1.00
2014.10.21 18:48:52.681,0.8323,0.83247,1.00,1.00
2014.10.21 18:49:01.505,0.83225,0.83247,3.45,1.00
2014.10.21 18:49:01.707,0.83227,0.83248,3.07,1.00
2014.10.21 18:49:01.909,0.83229,0.8325,1.55,1.00
2014.10.21 18:49:04.194,0.8323,0.8325,1.45,1.12
2014.10.21 18:49:05.720,0.8323,0.8325,1.45,1.00
2014.10.21 18:49:07.267,0.8323,0.8325,1.45,1.12
2014.10.21 18:49:30.520,0.8323,0.8325,1.47,1.20
2014.10.21 18:49:30.823,0.8323,0.83247,1.00,1.52
2014.10.21 18:49:30.924,0.83226,0.83247,1.30,1.52
2014.10.21 18:49:45.111,0.8323,0.83247,1.00,1.52
2014.10.21 18:49:46.722,0.83229,0.83247,1.00,1.52
2014.10.21 18:49:49.512,0.83225,0.83247,1.37,1.27
2014.10.21 18:49:50.590,0.83225,0.83247,1.37,1.52
2014.10.21 18:49:51.593,0.83225,0.83247,1.37,1.52
2014.10.21 18:49:53.728,0.83225,0.83247,1.12,1.52
2014.10.21 18:49:53.779,0.83225,0.83245,1.12,2.70
2014.10.21 18:49:53.935,0.83222,0.83245,1.10,3.07
2014.10.21 18:49:54.138,0.83225,0.8324,1.00,1.00
2014.10.21 18:49:54.670,0.83225,0.83242,1.00,1.17
2014.10.21 18:49:57.100,0.8322,0.83242,1.75,1.17
2014.10.21 18:49:58.298,0.83221,0.83242,1.12,1.17
2014.10.21 18:49:58.901,0.83225,0.83242,1.00,1.17
2014.10.21 18:49:59.202,0.83225,0.8324,1.00,1.17
2014.10.21 18:49:59.421,0.83219,0.83239,1.55,1.10
2014.10.21 18:49:59.472,0.83219,0.83239,1.47,1.07
2014.10.21 18:50:00.166,0.83225,0.83239,1.00,1.15
2014.10.21 18:50:00.318,0.8322,0.83239,1.52,1.00
2014.10.21 18:50:00.368,0.8322,0.83239,1.65,1.00
2014.10.21 18:50:00.621,0.83224,0.83243,1.37,1.15
2014.10.21 18:50:01.136,0.83225,0.83243,1.37,1.10
2014.10.21 18:50:02.585,0.83225,0.83243,1.37,1.10
2014.10.21 18:50:04.175,0.83229,0.83248,1.00,2.70
2014.10.21 18:50:04.626,0.83225,0.83247,1.55,1.52
2014.10.21 18:50:05.159,0.83225,0.83247,1.55,1.52
2014.10.21 18:50:05.944,0.83225,0.83245,1.55,1.20
2014.10.21 18:50:06.483,0.83225,0.83245,1.55,1.10
2014.10.21 18:50:07.768,0.83225,0.83245,1.55,1.20
2014.10.21 18:50:12.732,0.83225,0.83245,1.55,1.10
2014.10.21 18:50:12.833,0.83225,0.83247,1.52,1.00
2014.10.21 18:50:13.193,0.83226,0.83249,2.70,1.27
2014.10.21 18:50:15.944,0.8323,0.83249,1.47,1.10
2014.10.21 18:50:16.459,0.8323,0.83249,1.47,1.10
2014.10.21 18:50:16.971,0.8323,0.83249,1.20,1.20
2014.10.21 18:50:20.529,0.8323,0.83249,1.00,1.45
2014.10.21 18:50:20.834,0.8323,0.83246,1.00,1.15
2014.10.21 18:50:25.503,0.83224,0.83245,1.37,1.15
2014.10.21 18:50:26.824,0.83225,0.83245,1.37,1.15
2014.10.21 18:50:27.483,0.83225,0.83245,1.37,1.15
2014.10.21 18:50:34.162,0.83225,0.83243,1.37,1.00
2014.10.21 18:50:34.213,0.83225,0.83243,1.37,1.07
2014.10.21 18:50:34.263,0.83225,0.83243,1.37,1.17
2014.10.21 18:50:34.314,0.83224,0.83243,1.45,1.10
2014.10.21 18:50:34.828,0.83225,0.83245,1.20,1.17
2014.10.21 18:50:38.728,0.83225,0.83245,1.12,3.07
2014.10.21 18:50:55.063,0.83225,0.83242,1.37,1.07
2014.10.21 18:50:55.576,0.83225,0.83242,1.12,1.07
2014.10.21 18:50:58.692,0.83225,0.83242,1.37,1.00
2014.10.21 18:50:58.843,0.83225,0.83244,1.45,1.00
2014.10.21 18:50:59.095,0.83224,0.83246,1.65,1.07
2014.10.21 18:50:59.752,0.8323,0.83246,1.00,1.07
2014.10.21 18:51:01.957,0.83229,0.83246,1.00,1.07
2014.10.21 18:51:02.022,0.83224,0.83246,1.55,1.07
2014.10.21 18:51:05.913,0.83229,0.83246,1.00,1.07
2014.10.21 18:51:08.858,0.8323,0.83246,1.00,1.07
2014.10.21 18:51:12.180,0.8323,0.83246,1.00,1.00
2014.10.21 18:51:34.661,0.8323,0.83244,1.00,1.00
2014.10.21 18:51:35.461,0.83229,0.83244,1.00,1.00
2014.10.21 18:51:41.212,0.8323,0.83244,1.00,1.00
2014.10.21 18:51:46.322,0.8323,0.83243,1.00,1.00
2014.10.21 18:51:46.473,0.83225,0.83243,1.20,1.00
2014.10.21 18:51:46.927,0.8323,0.83242,1.00,1.00
2014.10.21 18:51:47.028,0.8323,0.83248,1.00,1.55
2014.10.21 18:51:47.179,0.8323,0.83248,1.00,1.00
2014.10.21 18:51:47.319,0.83235,0.83252,1.00,1.07
2014.10.21 18:51:47.371,0.8323,0.83252,1.15,1.10
2014.10.21 18:51:47.673,0.83235,0.83252,1.00,1.10
2014.10.21 18:51:54.734,0.83235,0.83252,1.00,1.55
2014.10.21 18:51:54.886,0.8323,0.83249,1.00,2.70
2014.10.21 18:51:55.239,0.8323,0.83243,1.00,1.00
2014.10.21 18:51:57.244,0.8323,0.83245,1.00,1.00
2014.10.21 18:51:57.661,0.83229,0.83248,1.37,1.17
2014.10.21 18:51:59.461,0.83235,0.83248,1.00,1.17
2014.10.21 18:52:02.022,0.8323,0.83248,1.00,1.52
2014.10.21 18:52:02.073,0.8323,0.83245,1.00,1.10
2014.10.21 18:52:02.598,0.8323,0.83244,1.00,1.00
2014.10.21 18:52:03.114,0.83229,0.83244,1.00,1.00
2014.10.21 18:52:04.191,0.8323,0.83244,1.00,1.00
2014.10.21 18:52:07.604,0.83225,0.83244,1.45,1.12
2014.10.21 18:52:10.898,0.83225,0.83244,1.45,1.00
2014.10.21 18:52:17.376,0.83225,0.83244,1.07,1.37
2014.10.21 18:52:17.680,0.83224,0.83243,1.20,1.20
2014.10.21 18:52:18.250,0.83225,0.83243,1.12,1.10
2014.10.21 18:52:22.671,0.83224,0.83243,1.20,1.10
2014.10.21 18:52:24.830,0.83224,0.83242,1.20,1.00
2014.10.21 18:52:25.773,0.83224,0.83242,1.47,1.00
2014.10.21 18:52:36.980,0.83224,0.83242,1.20,1.00
2014.10.21 18:52:38.612,0.83224,0.83242,1.27,1.00
2014.10.21 18:52:50.562,0.83225,0.83242,1.47,1.00
2014.10.21 18:52:50.864,0.83228,0.83244,2.70,1.00
2014.10.21 18:52:50.915,0.83228,0.83247,2.70,1.00
2014.10.21 18:52:58.371,0.8323,0.83248,1.55,1.00
2014.10.21 18:53:02.782,0.83228,0.83248,2.70,1.37
2014.10.21 18:53:02.934,0.83225,0.83248,3.45,1.47
2014.10.21 18:53:03.236,0.83225,0.83245,1.27,1.10
2014.10.21 18:53:04.181,0.83225,0.83245,1.55,1.10
2014.10.21 18:53:04.750,0.83222,0.83244,3.07,1.00
2014.10.21 18:53:05.361,0.83225,0.83244,1.55,1.00
2014.10.21 18:53:07.730,0.83222,0.83242,2.70,1.00
2014.10.21 18:53:07.881,0.8322,0.83242,1.52,1.37
2014.10.21 18:53:07.982,0.8322,0.8324,1.37,1.27
2014.10.21 18:53:13.894,0.8322,0.8324,1.12,1.57
2014.10.21 18:53:14.400,0.8322,0.8324,1.37,1.27
2014.10.21 18:53:16.194,0.8322,0.8324,1.12,1.57
2014.10.21 18:53:18.919,0.8322,0.8324,1.00,1.57
2014.10.21 18:53:19.899,0.8322,0.8324,1.12,1.57
2014.10.21 18:53:22.454,0.8322,0.8324,1.37,1.20
2014.10.21 18:53:22.756,0.83225,0.83242,1.00,1.20
2014.10.21 18:53:26.190,0.83225,0.83244,1.20,1.20
2014.10.21 18:53:26.643,0.83225,0.83245,1.52,1.00
2014.10.21 18:53:27.195,0.83225,0.83245,1.52,1.00
2014.10.21 18:53:30.719,0.83224,0.83248,2.77,1.52
2014.10.21 18:53:30.770,0.83228,0.83248,2.62,1.20
2014.10.21 18:53:30.921,0.8323,0.83248,1.00,1.20
2014.10.21 18:53:31.509,0.83229,0.83247,1.10,1.12
2014.10.21 18:53:36.169,0.8323,0.83247,1.00,1.12
2014.10.21 18:53:40.690,0.83229,0.83247,1.57,1.00
2014.10.21 18:53:40.943,0.8323,0.83254,2.40,1.27
2014.10.21 18:53:40.994,0.83231,0.83254,3.07,1.10
2014.10.21 18:53:43.179,0.83235,0.83255,1.47,1.17
2014.10.21 18:53:47.718,0.83235,0.83255,1.47,1.17
2014.10.21 18:53:52.165,0.83235,0.83255,1.47,1.17
2014.10.21 18:53:52.869,0.83235,0.83254,1.47,1.10
2014.10.21 18:53:53.389,0.83231,0.83254,2.70,1.10
2014.10.21 18:53:55.607,0.83231,0.83254,2.70,1.47
2014.10.21 18:53:55.725,0.8323,0.83254,4.50,1.52
2014.10.21 18:54:00.033,0.8323,0.83254,2.62,1.52
2014.10.21 18:54:00.755,0.83235,0.83254,1.12,1.27
2014.10.21 18:54:01.959,0.83235,0.83255,1.37,3.45
2014.10.21 18:54:05.410,0.83235,0.83255,1.37,1.27
2014.10.21 18:54:05.955,0.83235,0.83255,1.37,1.27
2014.10.21 18:54:25.534,0.83235,0.83255,1.47,1.27
2014.10.21 18:54:26.267,0.83235,0.83255,1.10,1.45
2014.10.21 18:54:26.469,0.83231,0.83255,1.52,2.02
2014.10.21 18:54:31.174,0.8323,0.83254,2.02,1.52
2014.10.21 18:54:32.547,0.8323,0.83254,2.02,1.52
2014.10.21 18:54:32.811,0.8323,0.83254,2.02,1.52
2014.10.21 18:54:33.122,0.83234,0.83254,1.00,1.52
2014.10.21 18:54:33.722,0.83234,0.83254,1.00,1.52
2014.10.21 18:54:34.998,0.83234,0.83254,1.12,1.52
2014.10.21 18:54:46.518,0.8323,0.83254,1.65,1.27
2014.10.21 18:54:46.820,0.83236,0.83255,2.92,1.00
2014.10.21 18:54:46.870,0.83236,0.83259,3.67,1.10
2014.10.21 18:54:53.411,0.83236,0.83259,1.52,1.52
2014.10.21 18:54:53.713,0.83234,0.83257,4.05,1.47
2014.10.21 18:54:54.387,0.83234,0.83257,1.87,1.45
2014.10.21 18:54:55.097,0.83234,0.83257,1.27,1.52
2014.10.21 18:54:55.470,0.83234,0.83257,1.27,1.52
2014.10.21 18:54:55.871,0.83232,0.83256,2.70,1.55
2014.10.21 18:54:56.417,0.83232,0.83256,2.70,1.55
2014.10.21 18:54:59.580,0.83232,0.83256,3.07,1.27
2014.10.21 18:54:59.682,0.83235,0.83257,1.52,1.10
2014.10.21 18:54:59.833,0.83236,0.83259,3.45,1.20
2014.10.21 18:55:00.388,0.83236,0.83257,2.32,1.00
2014.10.21 18:55:00.758,0.83235,0.83257,1.15,1.10
2014.10.21 18:55:01.110,0.83233,0.83255,3.07,1.10
2014.10.21 18:55:01.312,0.83232,0.83255,1.15,1.15
2014.10.21 18:55:04.103,0.83232,0.83255,1.52,1.52
2014.10.21 18:55:04.734,0.83232,0.83255,1.52,1.52
2014.10.21 18:55:06.420,0.83232,0.83255,1.52,1.52
2014.10.21 18:55:08.787,0.83235,0.83256,1.00,1.52
2014.10.21 18:55:09.300,0.83235,0.83256,1.00,1.52
2014.10.21 18:55:09.754,0.83234,0.83257,1.52,1.57
2014.10.21 18:55:11.891,0.83235,0.83257,1.52,1.27
2014.10.21 18:55:11.941,0.83236,0.83257,4.20,1.12
2014.10.21 18:55:12.608,0.8324,0.83259,1.10,1.10
2014.10.21 18:55:13.249,0.8324,0.83259,1.52,1.12
2014.10.21 18:55:13.857,0.8324,0.83259,1.15,1.37
2014.10.21 18:55:14.365,0.8324,0.83259,1.15,1.12
2014.10.21 18:55:17.284,0.83239,0.83259,1.15,1.75
2014.10.21 18:55:17.385,0.83234,0.83255,1.15,1.37
2014.10.21 18:55:17.486,0.83234,0.83255,1.17,1.55
2014.10.21 18:55:19.051,0.83231,0.83251,2.70,1.37
2014.10.21 18:55:19.688,0.83231,0.83251,2.70,1.12
2014.10.21 18:55:20.354,0.83231,0.83251,2.70,1.37
2014.10.21 18:55:20.906,0.83231,0.83251,2.70,1.12
2014.10.21 18:55:31.638,0.83231,0.83253,4.57,1.00
2014.10.21 18:55:31.789,0.83236,0.83253,2.70,1.00
2014.10.21 18:55:31.840,0.83236,0.83256,2.70,1.12
2014.10.21 18:55:32.460,0.83236,0.83255,2.70,1.00
2014.10.21 18:55:34.786,0.83236,0.83257,2.70,1.12
2014.10.21 18:55:35.563,0.83236,0.8326,3.45,2.02
2014.10.21 18:55:35.969,0.8324,0.83261,1.45,1.55
2014.10.21 18:55:38.359,0.8324,0.83261,1.27,1.20
2014.10.21 18:55:38.663,0.83245,0.83261,1.00,1.20
2014.10.21 18:55:45.306,0.83244,0.83265,1.00,3.45
2014.10.21 18:55:52.772,0.83244,0.83265,1.00,3.82
2014.10.21 18:55:57.005,0.8324,0.83262,1.52,1.55
2014.10.21 18:56:02.183,0.8324,0.83262,1.52,1.55
2014.10.21 18:56:05.232,0.8324,0.83262,1.52,1.55
2014.10.21 18:56:17.587,0.83241,0.83264,1.20,3.45
2014.10.21 18:56:18.067,0.8324,0.83262,1.50,2.70
2014.10.21 18:56:18.374,0.83237,0.83258,1.00,2.70
2014.10.21 18:56:18.907,0.83236,0.83258,1.12,2.70
2014.10.21 18:56:20.276,0.83236,0.83258,1.37,2.70
2014.10.21 18:56:31.725,0.83234,0.83256,1.80,1.55
2014.10.21 18:56:32.400,0.83235,0.83256,1.47,1.27
2014.10.21 18:56:32.724,0.83235,0.83254,1.10,1.47
2014.10.21 18:56:32.876,0.8323,0.83252,1.50,2.70
2014.10.21 18:56:33.027,0.8323,0.83247,1.00,1.57
2014.10.21 18:56:33.228,0.83229,0.83249,1.00,1.27
2014.10.21 18:56:34.946,0.83226,0.83248,1.45,1.57
2014.10.21 18:56:35.147,0.8323,0.83248,1.00,1.27
2014.10.21 18:56:35.399,0.83226,0.83249,1.87,1.52
2014.10.21 18:56:36.162,0.83226,0.83249,1.87,1.27
2014.10.21 18:56:36.939,0.83226,0.83248,1.12,1.27
2014.10.21 18:56:37.141,0.83226,0.83249,1.87,1.52
2014.10.21 18:56:37.766,0.83226,0.83248,1.12,1.57
2014.10.21 18:56:38.068,0.83229,0.83253,3.15,1.15
2014.10.21 18:56:40.231,0.8323,0.83254,1.52,1.52
2014.10.21 18:56:44.531,0.8323,0.83254,2.02,1.52
2014.10.21 18:56:45.039,0.83235,0.83254,1.00,1.52
2014.10.21 18:56:46.499,0.8323,0.83252,1.50,2.70
2014.10.21 18:56:46.600,0.83229,0.8325,1.12,2.70
2014.10.21 18:56:46.953,0.83225,0.83247,1.17,1.07
2014.10.21 18:56:47.003,0.83225,0.83247,3.07,1.00
2014.10.21 18:56:47.758,0.83225,0.83248,5.32,1.10
2014.10.21 18:56:50.887,0.83225,0.83248,5.70,1.47
2014.10.21 18:56:51.654,0.83225,0.83248,5.70,1.20
2014.10.21 18:56:53.884,0.8323,0.83251,1.00,1.52
2014.10.21 18:56:54.398,0.8323,0.83251,1.17,1.55
2014.10.21 18:56:56.702,0.8323,0.83251,1.17,1.27
2014.10.21 18:57:01.522,0.8323,0.83251,1.27,1.55
2014.10.21 18:57:02.925,0.8323,0.83251,1.55,1.55
2014.10.21 18:57:03.042,0.83232,0.83251,2.70,1.00
2014.10.21 18:57:03.144,0.8323,0.83252,1.52,1.10
2014.10.21 18:57:03.252,0.83233,0.83254,4.87,1.12
2014.10.21 18:57:03.353,0.8323,0.83254,4.20,1.20
2014.10.21 18:57:03.404,0.83232,0.83254,2.70,1.12
2014.10.21 18:57:03.731,0.83236,0.83255,2.32,1.00
2014.10.21 18:57:03.832,0.83235,0.83255,1.15,1.00
2014.10.21 18:57:04.344,0.83235,0.83255,1.10,1.07
2014.10.21 18:57:13.517,0.83235,0.83255,1.07,1.37
2014.10.21 18:57:14.106,0.83235,0.83255,1.10,1.45
2014.10.21 18:57:16.614,0.83235,0.83255,1.10,1.45
2014.10.21 18:57:28.868,0.83232,0.83255,4.87,1.37
2014.10.21 18:57:29.386,0.83232,0.83254,4.50,1.37
2014.10.21 18:57:31.062,0.83231,0.83253,2.32,1.50
2014.10.21 18:57:31.163,0.8323,0.83251,1.00,3.07
2014.10.21 18:57:31.365,0.83225,0.83248,2.02,1.55
2014.10.21 18:57:32.074,0.83225,0.83248,2.02,1.55
2014.10.21 18:57:32.644,0.83225,0.83248,2.02,1.55
2014.10.21 18:57:42.151,0.83225,0.83247,1.52,1.47
2014.10.21 18:57:42.794,0.83228,0.83247,1.12,1.00
2014.10.21 18:57:42.945,0.8323,0.83251,1.52,1.10
2014.10.21 18:57:43.146,0.83235,0.83251,1.00,1.10
2014.10.21 18:57:58.539,0.83235,0.83255,1.00,1.55
2014.10.21 18:57:59.611,0.83235,0.83255,1.00,1.55
2014.10.21 18:58:01.064,0.83235,0.83254,1.00,1.85
2014.10.21 18:58:01.165,0.8323,0.83254,1.65,3.82
2014.10.21 18:58:01.682,0.83229,0.83249,1.27,1.37
2014.10.21 18:58:06.527,0.8323,0.8325,1.20,1.12
2014.10.21 18:58:07.260,0.8323,0.8325,1.10,1.37
2014.10.21 18:58:18.153,0.8323,0.8325,1.10,1.37
2014.10.21 18:58:24.094,0.8323,0.8325,1.10,1.37
2014.10.21 18:58:31.772,0.8323,0.83248,1.10,1.00
2014.10.21 18:58:34.165,0.83226,0.83248,2.70,1.37
2014.10.21 18:58:34.266,0.83225,0.83247,1.15,1.47
2014.10.21 18:58:34.375,0.83224,0.83245,1.27,1.10
2014.10.21 18:58:34.426,0.83222,0.83241,2.70,1.00
2014.10.21 18:58:40.380,0.83222,0.83242,2.70,1.00
2014.10.21 18:58:40.481,0.83221,0.83242,1.12,1.10
2014.10.21 18:58:41.820,0.83221,0.83241,1.12,1.00
2014.10.21 18:58:45.894,0.83221,0.83241,1.12,1.00
2014.10.21 18:58:45.999,0.83222,0.83241,2.70,1.00
2014.10.21 18:58:48.102,0.83222,0.83242,2.70,1.00
2014.10.21 18:58:48.633,0.83222,0.83241,2.70,1.00
2014.10.21 18:58:54.432,0.83222,0.83243,2.70,1.00
2014.10.21 18:58:54.992,0.83225,0.83244,1.17,1.12
2014.10.21 18:59:00.108,0.83222,0.83244,2.70,1.37
2014.10.21 18:59:00.209,0.8322,0.83242,3.45,1.00
2014.10.21 18:59:00.674,0.83223,0.83243,2.70,1.00
2014.10.21 18:59:01.604,0.83224,0.83244,1.52,1.00
2014.10.21 18:59:03.864,0.83225,0.83244,3.45,1.00
2014.10.21 18:59:04.346,0.83225,0.83247,3.45,1.37
2014.10.21 18:59:05.579,0.83227,0.8325,2.32,1.47
2014.10.21 18:59:05.671,0.83225,0.8325,5.62,1.45
2014.10.21 18:59:06.185,0.83225,0.8325,3.45,1.55
2014.10.21 18:59:07.015,0.83227,0.8325,2.70,1.47
2014.10.21 18:59:07.216,0.83225,0.8325,1.27,1.52
2014.10.21 18:59:08.181,0.83226,0.83251,2.70,1.52
2014.10.21 18:59:14.181,0.83226,0.8325,2.70,1.55
2014.10.21 18:59:15.250,0.83226,0.8325,2.70,1.55
2014.10.21 18:59:17.249,0.83226,0.8325,2.70,1.55
2014.10.21 18:59:20.206,0.83227,0.83248,4.87,1.00
2014.10.21 18:59:20.407,0.8323,0.83251,1.27,1.37
2014.10.21 18:59:20.458,0.8323,0.83251,1.52,1.00
2014.10.21 18:59:20.760,0.83231,0.83252,2.70,1.00
2014.10.21 18:59:21.362,0.83231,0.83253,2.70,1.12
2014.10.21 18:59:26.552,0.83232,0.83255,1.90,1.57
2014.10.21 18:59:26.804,0.83239,0.83262,7.12,1.00
2014.10.21 18:59:27.046,0.83242,0.83262,2.70,1.00
2014.10.21 18:59:27.147,0.83242,0.83264,2.32,1.00
2014.10.21 18:59:27.874,0.83242,0.83265,3.82,1.00
2014.10.21 18:59:28.203,0.8325,0.83268,1.17,1.00
2014.10.21 18:59:28.360,0.8325,0.83271,1.17,1.17
2014.10.21 18:59:28.714,0.83247,0.8327,1.27,1.95
2014.10.21 18:59:29.063,0.83245,0.83267,3.45,1.37
2014.10.21 18:59:29.578,0.83245,0.83265,2.32,1.50
2014.10.21 18:59:29.758,0.83242,0.83265,5.62,1.50
2014.10.21 18:59:30.144,0.83245,0.83265,3.82,1.00
2014.10.21 18:59:30.396,0.83247,0.83268,2.32,1.00
2014.10.21 18:59:30.657,0.8325,0.83271,1.17,1.10
2014.10.21 18:59:31.262,0.83248,0.8327,2.40,1.00
2014.10.21 18:59:31.782,0.8325,0.83273,1.17,1.15
2014.10.21 18:59:32.152,0.8325,0.83273,1.52,1.37
2014.10.21 18:59:32.673,0.8325,0.83273,1.52,1.00
2014.10.21 18:59:34.232,0.8325,0.83273,1.52,1.00
2014.10.21 18:59:34.777,0.83255,0.83274,1.00,1.00
2014.10.21 18:59:35.572,0.83255,0.83272,1.00,1.00
2014.10.21 18:59:35.673,0.83249,0.83272,4.20,1.00
2014.10.21 18:59:36.193,0.8325,0.83271,1.52,1.00
2014.10.21 18:59:36.787,0.8325,0.83272,1.52,1.00
2014.10.21 18:59:37.301,0.83254,0.83273,1.00,1.00
2014.10.21 18:59:39.145,0.83254,0.83273,1.00,1.37
2014.10.21 18:59:39.455,0.8325,0.83272,1.15,1.37
2014.10.21 18:59:39.711,0.83249,0.83271,3.45,1.00
2014.10.21 18:59:40.261,0.83249,0.83274,1.55,2.70
2014.10.21 18:59:40.412,0.83249,0.83268,1.27,1.00
2014.10.21 18:59:43.902,0.83247,0.83268,3.07,1.00
2014.10.21 18:59:43.953,0.83249,0.83271,5.62,1.00
2014.10.21 18:59:44.155,0.83252,0.83275,1.52,2.02
2014.10.21 18:59:44.256,0.83252,0.83275,5.25,1.50
2014.10.21 18:59:44.388,0.83255,0.83279,1.15,1.15
2014.10.21 18:59:44.439,0.83255,0.83279,3.07,1.17
2014.10.21 18:59:44.489,0.83255,0.83279,3.07,1.10
2014.10.21 18:59:44.644,0.83255,0.83279,1.15,1.15
2014.10.21 18:59:44.946,0.83257,0.83278,2.32,1.00
2014.10.21 18:59:45.148,0.83255,0.83279,1.15,1.15
2014.10.21 18:59:45.672,0.83255,0.83279,2.02,1.27
2014.10.21 18:59:48.116,0.83255,0.83277,1.52,1.10
2014.10.21 18:59:49.892,0.83255,0.83277,1.52,1.47
2014.10.21 18:59:50.547,0.83255,0.83278,2.02,1.27
2014.10.21 18:59:52.913,0.83255,0.83278,2.02,1.17
2014.10.21 18:59:53.593,0.83255,0.83275,1.52,1.00
2014.10.21 18:59:54.096,0.83254,0.83276,2.70,1.50
2014.10.21 18:59:54.298,0.83254,0.83276,1.52,1.17
2014.10.21 18:59:54.828,0.83255,0.83274,1.27,1.00
2014.10.21 18:59:55.528,0.83255,0.83274,1.55,1.00
2014.10.21 18:59:55.831,0.83258,0.83275,2.70,1.00
2014.10.21 18:59:55.982,0.83255,0.83275,1.00,1.15
2014.10.21 18:59:56.486,0.8325,0.83272,3.07,1.00
2014.10.21 18:59:56.587,0.8325,0.8327,3.45,1.00
2014.10.21 18:59:56.889,0.8325,0.8327,1.55,1.00
2014.10.21 18:59:57.681,0.83249,0.83269,1.52,1.00
2014.10.21 18:59:59.139,0.83249,0.83269,1.07,1.47
2014.10.21 18:59:59.463,0.83245,0.83264,1.00,1.15
2014.10.21 18:59:59.514,0.83245,0.83264,1.00,1.17
2014.10.21 18:59:59.564,0.83244,0.83261,1.20,1.00
