2014.07.02 03:00:00.133,0.8396,0.83973,1.00,1.32
2014.07.02 03:00:00.652,0.8396,0.83974,1.00,1.39
2014.07.02 03:00:00.883,0.83955,0.83974,1.00,1.39
2014.07.02 03:00:01.447,0.83955,0.83973,1.00,1.19
2014.07.02 03:00:02.340,0.83954,0.83973,1.00,1.19
2014.07.02 03:00:03.364,0.83954,0.83973,1.00,1.19
2014.07.02 03:00:07.200,0.83954,0.83974,1.25,1.39
2014.07.02 03:00:08.918,0.83954,0.83976,1.55,1.77
2014.07.02 03:00:09.170,0.8396,0.83976,1.00,1.29
2014.07.02 03:00:10.414,0.8396,0.83974,1.00,1.19
2014.07.02 03:00:11.617,0.8396,0.83975,1.00,1.19
2014.07.02 03:00:12.232,0.83959,0.83975,1.00,1.19
2014.07.02 03:00:17.642,0.83959,0.83976,1.00,1.29
2014.07.02 03:00:22.157,0.83959,0.83975,1.00,1.19
2014.07.02 03:00:24.321,0.83955,0.83975,1.10,1.19
2014.07.02 03:00:24.529,0.8396,0.83976,1.00,1.29
2014.07.02 03:00:24.863,0.8396,0.83974,1.00,1.19
2014.07.02 03:00:25.985,0.8396,0.83975,1.00,1.19
2014.07.02 03:00:30.802,0.83955,0.83974,1.00,1.19
2014.07.02 03:00:37.223,0.83955,0.83973,1.00,1.19
2014.07.02 03:00:40.130,0.83955,0.83974,1.00,1.19
2014.07.02 03:00:42.335,0.83955,0.83973,1.00,1.19
2014.07.02 03:00:45.052,0.83955,0.83974,1.00,1.19
2014.07.02 03:00:48.685,0.83955,0.83974,1.00,1.19
2014.07.02 03:00:51.809,0.8396,0.83974,1.00,1.19
2014.07.02 03:00:54.382,0.8396,0.83975,1.00,1.19
2014.07.02 03:00:59.395,0.8396,0.83975,1.00,1.19
2014.07.02 03:01:00.500,0.8396,0.83975,1.00,1.19
2014.07.02 03:01:01.753,0.8396,0.83974,1.00,1.19
2014.07.02 03:01:03.810,0.8396,0.83974,1.00,1.19
2014.07.02 03:01:03.912,0.8396,0.83975,1.00,1.19
2014.07.02 03:01:08.329,0.8396,0.83975,1.00,1.37
2014.07.02 03:01:09.542,0.8396,0.83975,1.00,1.37
2014.07.02 03:01:15.399,0.83955,0.83975,1.00,1.84
2014.07.02 03:01:19.116,0.83955,0.83975,1.00,1.84
2014.07.02 03:01:31.805,0.83955,0.83974,1.00,1.29
2014.07.02 03:01:39.826,0.83955,0.83974,1.00,1.29
2014.07.02 03:01:40.409,0.83959,0.83974,1.00,1.29
2014.07.02 03:01:40.510,0.83959,0.83977,1.00,1.19
2014.07.02 03:01:40.662,0.83959,0.8398,1.10,1.57
2014.07.02 03:01:41.199,0.8396,0.8398,1.00,1.69
2014.07.02 03:01:41.708,0.8396,0.8398,1.18,1.69
2014.07.02 03:01:42.471,0.8396,0.8398,1.10,1.69
2014.07.02 03:01:43.177,0.8396,0.8398,1.18,1.69
2014.07.02 03:01:44.560,0.8396,0.8398,1.18,1.69
2014.07.02 03:01:46.198,0.8396,0.8398,1.18,1.25
2014.07.02 03:01:49.278,0.8396,0.8398,1.09,1.19
2014.07.02 03:01:50.786,0.8396,0.8398,1.18,1.25
2014.07.02 03:01:51.811,0.8396,0.8398,1.09,1.19
2014.07.02 03:01:54.795,0.8396,0.8398,1.18,1.69
2014.07.02 03:01:59.070,0.83965,0.8398,1.00,1.19
2014.07.02 03:01:59.179,0.8396,0.8398,1.18,1.69
2014.07.02 03:02:00.710,0.8396,0.8398,1.00,1.77
2014.07.02 03:02:02.940,0.8396,0.83979,1.00,1.19
2014.07.02 03:02:13.882,0.8396,0.83978,1.00,1.19
2014.07.02 03:02:15.928,0.8396,0.83978,1.00,1.19
2014.07.02 03:02:29.601,0.8396,0.83978,1.00,1.19
2014.07.02 03:02:30.705,0.8396,0.83979,1.00,1.29
2014.07.02 03:02:32.012,0.8396,0.83978,1.00,1.19
2014.07.02 03:02:37.054,0.8396,0.83978,1.00,1.19
2014.07.02 03:02:39.130,0.8396,0.83978,1.00,1.19
2014.07.02 03:02:40.135,0.8396,0.83978,1.00,1.19
2014.07.02 03:02:41.139,0.8396,0.83978,1.00,1.19
2014.07.02 03:02:55.396,0.8396,0.83977,1.00,1.19
2014.07.02 03:02:59.948,0.83955,0.83975,2.22,1.25
2014.07.02 03:03:00.611,0.83955,0.83975,2.14,1.25
2014.07.02 03:03:05.623,0.83953,0.83975,1.72,1.00
2014.07.02 03:03:11.938,0.83955,0.83977,1.39,1.37
2014.07.02 03:03:12.599,0.83953,0.83975,1.72,1.00
2014.07.02 03:03:12.700,0.83953,0.83975,1.19,1.15
2014.07.02 03:03:12.750,0.83951,0.83973,1.19,1.47
2014.07.02 03:03:13.064,0.83948,0.8397,1.34,1.69
2014.07.02 03:03:13.596,0.83948,0.8397,1.39,1.69
2014.07.02 03:03:15.693,0.8395,0.83969,1.00,1.19
2014.07.02 03:03:17.369,0.8395,0.83969,1.00,1.19
2014.07.02 03:03:20.316,0.8395,0.83969,1.00,1.32
2014.07.02 03:03:22.903,0.8395,0.8397,1.28,1.19
2014.07.02 03:03:23.493,0.8395,0.83971,1.28,1.19
2014.07.02 03:03:35.257,0.8395,0.83972,1.18,1.32
2014.07.02 03:03:37.967,0.8395,0.8397,1.00,1.29
2014.07.02 03:03:38.170,0.83945,0.83968,1.02,1.37
2014.07.02 03:03:38.270,0.83945,0.83965,1.10,1.19
2014.07.02 03:03:38.607,0.8395,0.83969,1.00,1.39
2014.07.02 03:03:39.126,0.8395,0.83968,1.00,1.19
2014.07.02 03:03:40.031,0.8395,0.83969,1.00,1.19
2014.07.02 03:03:40.455,0.83949,0.83967,1.00,1.29
2014.07.02 03:03:40.985,0.8395,0.83965,1.00,1.19
2014.07.02 03:03:41.537,0.8395,0.83967,1.00,1.19
2014.07.02 03:03:44.546,0.8395,0.83967,1.00,1.29
2014.07.02 03:03:46.650,0.8395,0.83968,1.00,1.27
2014.07.02 03:03:49.057,0.8395,0.83968,1.00,1.27
2014.07.02 03:03:50.061,0.8395,0.83968,1.00,1.27
2014.07.02 03:03:51.093,0.8395,0.83967,1.00,1.29
2014.07.02 03:03:52.354,0.83945,0.83967,1.27,1.19
2014.07.02 03:03:52.529,0.83945,0.83967,1.27,1.19
2014.07.02 03:03:52.668,0.8395,0.83967,1.00,1.19
2014.07.02 03:03:54.475,0.8395,0.83967,1.00,1.19
2014.07.02 03:03:58.684,0.8395,0.83967,1.00,1.32
2014.07.02 03:04:00.744,0.8395,0.83966,1.00,1.29
2014.07.02 03:04:01.628,0.8395,0.83966,1.00,1.29
2014.07.02 03:04:03.307,0.83945,0.83966,1.10,1.29
2014.07.02 03:04:03.665,0.83945,0.83964,1.00,1.32
2014.07.02 03:04:03.975,0.83945,0.83961,1.00,1.19
2014.07.02 03:04:04.498,0.8394,0.8396,1.47,1.19
2014.07.02 03:04:04.720,0.8394,0.8396,1.02,1.19
2014.07.02 03:04:05.023,0.8394,0.83959,1.10,1.19
2014.07.02 03:04:07.132,0.8394,0.83959,1.10,1.19
2014.07.02 03:04:08.438,0.8394,0.83959,1.10,1.19
2014.07.02 03:04:09.640,0.8394,0.83959,1.10,1.19
2014.07.02 03:04:10.877,0.8394,0.83957,1.00,1.19
2014.07.02 03:04:11.186,0.83935,0.83957,2.22,1.19
2014.07.02 03:04:11.650,0.83935,0.83954,1.10,1.32
2014.07.02 03:04:12.331,0.83934,0.83954,1.25,1.39
2014.07.02 03:04:12.862,0.83934,0.83954,1.40,1.19
2014.07.02 03:04:13.368,0.83935,0.83956,1.02,1.29
2014.07.02 03:04:14.891,0.83935,0.83954,1.10,1.19
2014.07.02 03:04:15.488,0.83935,0.83955,1.29,1.25
2014.07.02 03:04:16.379,0.8394,0.83956,1.00,1.39
2014.07.02 03:04:16.598,0.8394,0.83958,1.00,1.29
2014.07.02 03:04:16.817,0.83936,0.83955,1.37,1.00
2014.07.02 03:04:17.379,0.83935,0.83955,1.40,1.00
2014.07.02 03:04:18.140,0.83939,0.83958,1.00,1.67
2014.07.02 03:04:18.642,0.83939,0.83958,1.00,1.29
2014.07.02 03:04:18.944,0.83935,0.83955,1.84,1.25
2014.07.02 03:04:20.122,0.83935,0.83957,2.22,1.19
2014.07.02 03:04:20.576,0.8394,0.83959,1.00,1.74
2014.07.02 03:04:22.896,0.83935,0.83955,2.14,1.25
2014.07.02 03:04:23.899,0.8394,0.83957,1.00,1.29
2014.07.02 03:04:25.768,0.8394,0.83958,1.00,1.19
2014.07.02 03:04:28.377,0.8394,0.83959,1.00,1.29
2014.07.02 03:04:29.480,0.8394,0.83958,1.00,1.19
2014.07.02 03:04:31.569,0.83939,0.83959,1.00,1.29
2014.07.02 03:04:32.190,0.83939,0.8396,1.00,1.27
2014.07.02 03:04:33.297,0.83939,0.83958,1.00,1.19
2014.07.02 03:04:36.700,0.83939,0.83958,1.00,1.19
2014.07.02 03:04:37.246,0.8394,0.83958,1.00,1.19
2014.07.02 03:04:37.869,0.8394,0.83958,1.00,1.19
2014.07.02 03:04:38.702,0.8394,0.83958,1.00,1.19
2014.07.02 03:04:43.111,0.83939,0.83958,1.00,1.19
2014.07.02 03:04:43.614,0.83939,0.83958,1.00,1.19
2014.07.02 03:04:45.017,0.83939,0.83958,1.00,1.29
2014.07.02 03:04:46.324,0.83939,0.83958,1.00,1.29
2014.07.02 03:04:48.321,0.8394,0.83958,1.00,1.29
2014.07.02 03:04:50.334,0.8394,0.83957,1.00,1.19
2014.07.02 03:04:51.340,0.8394,0.83959,1.00,1.37
2014.07.02 03:04:53.946,0.8394,0.83959,1.00,1.37
2014.07.02 03:04:54.950,0.8394,0.83958,1.00,1.29
2014.07.02 03:04:56.270,0.8394,0.8396,1.00,1.84
2014.07.02 03:04:56.834,0.83939,0.8396,1.00,1.34
2014.07.02 03:04:57.391,0.83939,0.83958,1.00,1.29
2014.07.02 03:04:58.086,0.83939,0.83958,1.18,1.19
2014.07.02 03:04:58.686,0.8394,0.83959,1.00,1.19
2014.07.02 03:05:08.104,0.8394,0.8396,1.02,1.32
2014.07.02 03:05:09.810,0.8394,0.8396,1.10,1.32
2014.07.02 03:05:15.326,0.8394,0.8396,1.02,1.32
2014.07.02 03:05:19.738,0.8394,0.83961,1.10,1.57
2014.07.02 03:05:21.460,0.8394,0.8396,1.25,1.32
2014.07.02 03:05:22.665,0.8394,0.83961,1.00,1.67
2014.07.02 03:05:25.778,0.8394,0.83962,1.69,1.74
2014.07.02 03:05:37.429,0.8394,0.83963,1.32,1.72
2014.07.02 03:05:38.419,0.8394,0.83963,2.07,1.72
2014.07.02 03:05:40.914,0.8394,0.83962,1.39,1.67
2014.07.02 03:05:41.886,0.83945,0.83962,1.00,1.67
2014.07.02 03:05:42.280,0.83945,0.83965,1.00,2.22
2014.07.02 03:05:43.229,0.83945,0.83965,1.00,1.70
2014.07.02 03:05:46.455,0.83945,0.83965,1.00,2.14
2014.07.02 03:05:49.465,0.83945,0.83965,1.00,1.70
2014.07.02 03:05:57.487,0.83945,0.83965,1.00,2.14
2014.07.02 03:06:01.525,0.83945,0.83965,1.00,2.14
2014.07.02 03:06:03.530,0.83945,0.83965,1.00,1.64
2014.07.02 03:06:04.541,0.83945,0.83964,1.00,1.39
2014.07.02 03:06:06.515,0.83945,0.83965,1.00,2.14
2014.07.02 03:06:12.421,0.83945,0.83963,1.00,1.19
2014.07.02 03:06:13.566,0.83944,0.83963,1.00,1.19
2014.07.02 03:06:19.999,0.83944,0.83964,1.25,1.39
2014.07.02 03:06:30.971,0.83945,0.83964,1.00,1.39
2014.07.02 03:06:32.950,0.83945,0.83964,1.00,1.39
2014.07.02 03:06:34.041,0.83945,0.83964,1.00,1.39
2014.07.02 03:06:37.166,0.83945,0.83964,1.00,1.39
2014.07.02 03:06:40.280,0.83945,0.83964,1.00,1.39
2014.07.02 03:06:40.596,0.83945,0.83965,1.77,1.00
2014.07.02 03:06:40.697,0.83947,0.83969,2.52,1.64
2014.07.02 03:06:41.501,0.83947,0.83969,2.59,1.57
2014.07.02 03:06:42.162,0.83948,0.8397,1.37,1.67
2014.07.02 03:06:43.033,0.83948,0.8397,1.37,1.67
2014.07.02 03:06:44.535,0.83948,0.8397,2.59,1.67
2014.07.02 03:06:46.394,0.83948,0.8397,2.59,1.67
2014.07.02 03:06:53.307,0.8395,0.8397,1.63,1.69
2014.07.02 03:06:53.884,0.8395,0.8397,2.97,1.69
2014.07.02 03:06:53.935,0.83955,0.83973,1.00,1.39
2014.07.02 03:06:55.142,0.83955,0.83974,1.00,1.74
2014.07.02 03:06:58.834,0.83952,0.8397,1.29,1.00
2014.07.02 03:06:59.909,0.83951,0.8397,2.22,1.00
2014.07.02 03:07:02.574,0.83954,0.83973,1.00,1.39
2014.07.02 03:07:03.391,0.8395,0.8397,2.97,1.00
2014.07.02 03:07:07.007,0.8395,0.83971,2.97,1.00
2014.07.02 03:07:13.111,0.83951,0.83971,1.37,1.00
2014.07.02 03:07:14.269,0.83951,0.8397,1.37,1.00
2014.07.02 03:07:16.103,0.83955,0.83973,1.00,1.67
2014.07.02 03:07:19.294,0.83952,0.8397,1.58,1.00
2014.07.02 03:07:35.814,0.83955,0.83973,1.00,1.64
2014.07.02 03:07:48.829,0.83955,0.83972,1.00,1.39
2014.07.02 03:07:50.949,0.83955,0.83972,1.00,1.39
2014.07.02 03:07:51.316,0.8395,0.8397,3.64,1.00
2014.07.02 03:07:51.834,0.8395,0.8397,1.08,2.07
2014.07.02 03:07:52.871,0.8395,0.8397,1.08,2.07
2014.07.02 03:07:53.954,0.8395,0.8397,1.08,2.07
2014.07.02 03:07:55.302,0.8395,0.8397,1.10,2.07
2014.07.02 03:07:55.871,0.8395,0.8397,1.02,2.07
2014.07.02 03:08:01.585,0.8395,0.83968,1.10,1.19
2014.07.02 03:08:02.790,0.8395,0.83968,1.00,1.19
2014.07.02 03:08:02.942,0.8395,0.8397,1.02,1.69
2014.07.02 03:08:03.093,0.83955,0.8397,1.00,1.19
2014.07.02 03:08:03.791,0.83955,0.83972,1.00,1.32
2014.07.02 03:08:04.220,0.83955,0.83973,1.00,1.57
2014.07.02 03:08:09.332,0.83955,0.83973,1.00,1.57
2014.07.02 03:08:10.452,0.83952,0.83973,2.22,1.19
2014.07.02 03:08:14.748,0.83952,0.83974,1.27,1.67
2014.07.02 03:08:14.870,0.83955,0.83974,1.00,1.29
2014.07.02 03:08:17.080,0.83955,0.83975,1.10,1.57
2014.07.02 03:08:20.170,0.83955,0.83975,1.10,1.57
2014.07.02 03:08:31.400,0.83955,0.83975,1.02,1.19
2014.07.02 03:08:32.653,0.83955,0.83975,1.10,1.19
2014.07.02 03:08:34.821,0.83955,0.83975,1.02,1.19
2014.07.02 03:08:37.223,0.83955,0.83975,1.00,1.29
2014.07.02 03:08:40.372,0.83955,0.83976,1.19,1.37
2014.07.02 03:08:42.466,0.83954,0.83976,1.39,1.37
2014.07.02 03:08:43.493,0.83954,0.83975,1.39,1.29
2014.07.02 03:08:46.056,0.83954,0.83976,1.20,1.37
2014.07.02 03:08:48.382,0.83954,0.83975,1.39,1.29
2014.07.02 03:09:01.419,0.83954,0.83976,1.39,1.37
2014.07.02 03:09:02.522,0.83954,0.83974,1.02,1.19
2014.07.02 03:09:11.865,0.83954,0.83976,1.10,1.74
2014.07.02 03:09:13.051,0.83954,0.83974,1.10,1.19
2014.07.02 03:09:14.056,0.83954,0.83975,1.10,1.39
2014.07.02 03:09:15.560,0.83954,0.83974,1.02,1.19
2014.07.02 03:09:17.566,0.83954,0.83976,1.02,1.74
2014.07.02 03:09:20.562,0.83955,0.83976,1.00,1.74
2014.07.02 03:09:22.700,0.83955,0.83975,1.00,1.39
2014.07.02 03:09:24.908,0.83955,0.83975,1.25,1.39
2014.07.02 03:09:26.818,0.83954,0.83976,1.77,1.74
2014.07.02 03:09:32.137,0.83954,0.83976,2.22,1.19
2014.07.02 03:09:33.141,0.83954,0.83976,2.22,1.19
2014.07.02 03:09:44.098,0.83955,0.83977,1.47,1.32
2014.07.02 03:09:47.107,0.83954,0.83976,2.22,1.19
2014.07.02 03:09:49.250,0.83954,0.83976,2.22,1.19
2014.07.02 03:09:54.089,0.83954,0.83976,2.22,1.19
2014.07.02 03:09:54.609,0.83954,0.83976,2.22,1.19
2014.07.02 03:09:55.595,0.83965,0.83976,1.00,1.19
2014.07.02 03:09:55.646,0.83965,0.83979,1.00,1.19
2014.07.02 03:09:55.949,0.83965,0.83981,1.00,1.19
2014.07.02 03:09:56.482,0.83964,0.83981,1.10,1.19
2014.07.02 03:09:56.583,0.83964,0.83983,1.00,1.39
2014.07.02 03:09:56.821,0.83969,0.83983,1.00,1.39
2014.07.02 03:09:57.305,0.83969,0.83985,1.00,1.39
2014.07.02 03:09:57.406,0.83965,0.83985,1.08,2.07
2014.07.02 03:09:59.992,0.83965,0.83985,1.27,1.32
2014.07.02 03:10:00.110,0.83969,0.83986,1.00,1.57
2014.07.02 03:10:04.140,0.83969,0.83987,1.00,1.32
2014.07.02 03:10:11.565,0.8397,0.83988,1.00,1.19
2014.07.02 03:10:12.170,0.8397,0.8399,1.25,1.29
2014.07.02 03:10:12.221,0.83971,0.83993,1.29,1.37
2014.07.02 03:10:12.617,0.83971,0.83993,1.34,1.19
2014.07.02 03:10:13.772,0.8397,0.83992,1.84,1.19
2014.07.02 03:10:14.320,0.8397,0.83992,1.84,1.19
2014.07.02 03:10:14.929,0.8397,0.83994,1.84,1.29
2014.07.02 03:10:15.436,0.83975,0.83994,1.00,1.57
2014.07.02 03:10:15.638,0.8397,0.8399,1.33,1.25
2014.07.02 03:10:15.739,0.83969,0.83989,1.18,1.32
2014.07.02 03:10:15.992,0.8397,0.83991,1.02,1.19
2014.07.02 03:10:17.069,0.83969,0.83992,1.37,1.19
2014.07.02 03:10:20.592,0.8397,0.83992,1.29,1.19
2014.07.02 03:10:21.126,0.8397,0.83992,2.52,1.32
2014.07.02 03:10:21.805,0.8397,0.83992,2.59,1.32
2014.07.02 03:10:22.668,0.83971,0.83993,1.37,1.57
2014.07.02 03:10:27.580,0.8397,0.83993,3.34,1.57
2014.07.02 03:10:30.087,0.8397,0.83994,3.34,1.67
2014.07.02 03:10:30.913,0.8397,0.83994,3.72,1.39
2014.07.02 03:10:32.334,0.83975,0.83994,1.00,1.39
2014.07.02 03:10:32.535,0.83975,0.83995,1.10,1.25
2014.07.02 03:10:32.586,0.83975,0.83995,1.08,1.25
2014.07.02 03:10:34.852,0.83975,0.83995,1.47,1.69
2014.07.02 03:10:35.132,0.83973,0.83995,1.72,1.69
2014.07.02 03:10:36.030,0.83972,0.83994,1.72,1.19
2014.07.02 03:10:37.682,0.83972,0.83995,1.72,1.69
2014.07.02 03:10:42.431,0.83974,0.83995,1.72,1.19
2014.07.02 03:10:42.954,0.83975,0.83995,1.09,1.19
2014.07.02 03:10:43.055,0.83975,0.83995,1.40,1.19
2014.07.02 03:10:43.955,0.83975,0.83995,1.18,1.69
2014.07.02 03:10:45.160,0.83975,0.83995,1.09,1.19
2014.07.02 03:10:46.402,0.83972,0.83994,1.72,1.19
2014.07.02 03:10:46.553,0.83972,0.83994,1.72,1.19
2014.07.02 03:10:52.289,0.83972,0.83994,1.47,1.19
2014.07.02 03:10:56.395,0.83972,0.83994,1.47,1.19
2014.07.02 03:10:57.838,0.83972,0.83994,1.47,1.19
2014.07.02 03:11:02.112,0.83972,0.83994,1.47,1.19
2014.07.02 03:11:03.227,0.83975,0.83995,1.77,1.32
2014.07.02 03:11:03.793,0.83975,0.83995,1.84,1.32
2014.07.02 03:11:04.335,0.83975,0.83995,1.40,1.19
2014.07.02 03:11:11.860,0.83975,0.83995,1.34,1.25
2014.07.02 03:11:17.978,0.83975,0.83995,1.40,1.19
2014.07.02 03:11:18.646,0.83975,0.83995,1.09,1.19
2014.07.02 03:11:19.406,0.83975,0.83995,1.40,1.19
2014.07.02 03:11:19.964,0.83975,0.83995,1.40,1.19
2014.07.02 03:11:20.622,0.83975,0.83995,1.84,1.25
2014.07.02 03:11:34.542,0.83975,0.83995,1.40,1.19
2014.07.02 03:11:35.859,0.83975,0.83995,1.34,1.25
2014.07.02 03:11:36.856,0.83975,0.83995,1.40,1.19
2014.07.02 03:11:38.755,0.83975,0.83995,1.34,1.25
2014.07.02 03:11:40.196,0.83975,0.83995,1.34,1.25
2014.07.02 03:11:40.661,0.83975,0.83995,1.15,1.69
2014.07.02 03:11:45.279,0.83975,0.83995,1.84,1.00
2014.07.02 03:11:54.208,0.83977,0.83995,1.29,1.00
2014.07.02 03:11:55.671,0.83976,0.83995,1.37,1.00
2014.07.02 03:11:56.156,0.83979,0.83995,1.25,1.00
2014.07.02 03:11:57.652,0.83978,0.83996,1.34,1.00
2014.07.02 03:11:58.243,0.83979,0.83995,1.39,1.00
2014.07.02 03:11:59.346,0.83977,0.83995,1.34,1.00
2014.07.02 03:12:00.810,0.8398,0.84,1.00,1.57
2014.07.02 03:12:01.192,0.8398,0.84002,1.69,1.77
2014.07.02 03:12:01.444,0.83981,0.84005,1.39,2.22
2014.07.02 03:12:01.977,0.83981,0.84005,1.77,2.22
2014.07.02 03:12:02.363,0.83983,0.84005,1.19,2.22
2014.07.02 03:12:08.668,0.83983,0.84,1.27,1.00
2014.07.02 03:12:08.920,0.83984,0.84006,1.25,1.72
2014.07.02 03:12:09.455,0.83982,0.84004,1.37,1.39
2014.07.02 03:12:16.513,0.83982,0.84004,1.37,1.39
2014.07.02 03:12:17.437,0.83981,0.84003,1.34,1.19
2014.07.02 03:12:17.861,0.83978,0.83996,1.72,1.00
2014.07.02 03:12:17.912,0.83978,0.83996,1.67,1.00
2014.07.02 03:12:18.469,0.83978,0.83995,1.67,1.00
2014.07.02 03:12:19.621,0.83976,0.83996,1.72,1.00
2014.07.02 03:12:19.941,0.83978,0.84,1.64,1.69
2014.07.02 03:12:20.243,0.83979,0.83998,1.20,1.19
2014.07.02 03:12:20.989,0.83979,0.83998,1.08,1.19
2014.07.02 03:12:21.191,0.8398,0.84,1.10,1.32
2014.07.02 03:12:22.245,0.8398,0.84,1.29,1.32
2014.07.02 03:12:23.614,0.83984,0.84001,1.00,1.67
2014.07.02 03:12:24.021,0.83979,0.84001,1.84,2.14
2014.07.02 03:12:24.955,0.83979,0.84001,3.34,2.07
2014.07.02 03:12:25.169,0.83984,0.84002,1.00,1.57
2014.07.02 03:12:25.465,0.8398,0.84,1.09,1.19
2014.07.02 03:12:25.898,0.83985,0.84001,1.00,1.29
2014.07.02 03:12:26.137,0.8398,0.84,1.09,1.32
2014.07.02 03:12:26.389,0.83985,0.84001,1.00,1.67
2014.07.02 03:12:26.491,0.83985,0.84003,1.00,1.39
2014.07.02 03:12:28.890,0.83985,0.84002,1.00,1.29
2014.07.02 03:12:29.460,0.8398,0.84002,1.77,1.29
2014.07.02 03:12:30.443,0.83979,0.84,1.09,1.19
2014.07.02 03:12:31.155,0.83985,0.84,1.00,1.19
2014.07.02 03:12:31.206,0.83985,0.84001,1.00,1.32
2014.07.02 03:12:37.119,0.83984,0.84001,1.00,1.27
2014.07.02 03:12:39.099,0.83985,0.84002,1.00,1.47
2014.07.02 03:12:42.138,0.83985,0.84004,1.00,1.72
2014.07.02 03:12:42.840,0.83984,0.84004,1.00,1.72
2014.07.02 03:12:43.388,0.83985,0.84004,1.00,1.72
2014.07.02 03:12:43.590,0.83985,0.84005,1.69,1.25
2014.07.02 03:12:43.641,0.8399,0.84007,1.00,1.37
2014.07.02 03:12:44.148,0.83989,0.84007,1.00,1.37
2014.07.02 03:12:44.380,0.83987,0.84007,1.50,1.19
2014.07.02 03:12:45.091,0.83988,0.8401,1.19,2.22
2014.07.02 03:12:45.369,0.83994,0.8401,1.00,1.39
2014.07.02 03:12:46.194,0.83994,0.84012,1.00,1.29
2014.07.02 03:12:46.913,0.83995,0.84012,1.00,1.29
2014.07.02 03:12:48.367,0.83995,0.84011,1.00,1.19
2014.07.02 03:12:48.558,0.8399,0.8401,1.39,1.19
2014.07.02 03:12:50.873,0.8399,0.8401,1.20,1.25
2014.07.02 03:12:51.019,0.8399,0.8401,1.48,1.25
2014.07.02 03:12:51.409,0.83995,0.84013,1.00,1.29
2014.07.02 03:12:52.078,0.83991,0.8401,1.19,1.00
2014.07.02 03:12:52.579,0.8399,0.8401,1.32,1.25
2014.07.02 03:12:55.468,0.83995,0.84011,1.00,1.19
2014.07.02 03:12:56.597,0.83995,0.84014,1.00,1.27
2014.07.02 03:12:58.736,0.83995,0.84012,1.00,1.29
2014.07.02 03:12:59.904,0.83995,0.84011,1.00,1.19
2014.07.02 03:13:00.279,0.83995,0.84011,1.00,1.34
2014.07.02 03:13:00.330,0.8399,0.8401,1.19,1.40
2014.07.02 03:13:01.311,0.8399,0.8401,1.00,1.84
2014.07.02 03:13:01.841,0.83988,0.8401,1.19,2.22
2014.07.02 03:13:02.051,0.83988,0.8401,1.19,2.22
2014.07.02 03:13:02.616,0.83986,0.84008,1.32,1.34
2014.07.02 03:13:03.131,0.83986,0.84008,1.47,1.29
2014.07.02 03:13:06.546,0.83985,0.84007,2.22,1.19
2014.07.02 03:13:09.439,0.83985,0.84005,1.08,1.19
2014.07.02 03:13:09.489,0.83985,0.84005,1.10,1.19
2014.07.02 03:13:10.010,0.83985,0.84003,1.00,1.47
2014.07.02 03:13:10.444,0.83985,0.84003,1.00,1.47
2014.07.02 03:13:12.790,0.83985,0.84003,1.00,1.47
2014.07.02 03:13:13.908,0.83985,0.84005,1.00,1.27
2014.07.02 03:13:14.009,0.83985,0.84005,1.00,1.34
2014.07.02 03:13:19.879,0.83985,0.84002,1.00,1.29
2014.07.02 03:13:20.492,0.83985,0.84002,1.00,1.34
2014.07.02 03:13:30.113,0.8398,0.84001,1.32,1.34
2014.07.02 03:13:35.599,0.83985,0.84001,1.00,1.34
2014.07.02 03:13:36.484,0.83985,0.84003,1.00,1.19
2014.07.02 03:13:36.588,0.8399,0.84003,1.00,1.19
2014.07.02 03:13:37.704,0.8399,0.84005,1.00,1.47
2014.07.02 03:13:39.886,0.8399,0.84005,1.00,1.47
2014.07.02 03:13:40.888,0.8399,0.84005,1.00,1.47
2014.07.02 03:13:48.410,0.8399,0.84005,1.00,1.47
2014.07.02 03:13:50.656,0.83985,0.84005,1.00,1.34
2014.07.02 03:13:50.908,0.8399,0.84007,1.00,1.29
2014.07.02 03:13:51.822,0.8399,0.84008,1.00,1.47
2014.07.02 03:14:00.472,0.8399,0.84008,1.00,1.47
2014.07.02 03:14:01.470,0.8399,0.84008,1.00,1.47
2014.07.02 03:14:12.274,0.8399,0.84008,1.00,1.29
2014.07.02 03:14:16.084,0.8399,0.84008,1.00,1.29
2014.07.02 03:14:16.990,0.8399,0.84007,1.00,1.19
2014.07.02 03:14:17.293,0.8398,0.83997,1.08,1.19
2014.07.02 03:14:17.500,0.8398,0.83997,1.00,1.19
2014.07.02 03:14:17.903,0.8398,0.84,1.00,1.34
2014.07.02 03:14:18.522,0.8398,0.84,1.00,1.29
2014.07.02 03:14:20.102,0.8398,0.84,1.00,1.29
2014.07.02 03:14:26.121,0.8398,0.84,1.25,1.29
2014.07.02 03:14:28.126,0.8398,0.83999,1.00,1.19
2014.07.02 03:14:32.939,0.8398,0.84,1.25,1.29
2014.07.02 03:14:36.148,0.8398,0.84,1.00,1.29
2014.07.02 03:14:38.199,0.8398,0.84,1.25,1.29
2014.07.02 03:14:38.416,0.83985,0.84,1.00,1.29
2014.07.02 03:14:38.568,0.83985,0.84003,1.00,1.34
2014.07.02 03:14:38.871,0.83984,0.84006,2.07,1.34
2014.07.02 03:14:39.435,0.83984,0.84006,3.64,1.27
2014.07.02 03:14:40.006,0.83985,0.84007,1.39,1.37
2014.07.02 03:14:41.671,0.83985,0.84007,1.32,1.34
2014.07.02 03:14:42.574,0.83985,0.84007,1.32,1.34
2014.07.02 03:14:43.578,0.83985,0.84007,1.19,1.72
2014.07.02 03:14:43.883,0.83984,0.84003,1.00,1.72
2014.07.02 03:14:43.935,0.83979,0.84003,2.22,1.72
2014.07.02 03:14:44.101,0.83979,0.84,1.47,1.19
2014.07.02 03:14:46.604,0.8398,0.84,1.00,1.29
2014.07.02 03:14:50.016,0.8398,0.84001,1.19,1.37
2014.07.02 03:14:51.429,0.83985,0.84001,1.00,1.37
2014.07.02 03:14:52.010,0.83984,0.84001,1.00,1.37
2014.07.02 03:14:52.851,0.83985,0.84005,1.25,1.47
2014.07.02 03:14:53.053,0.83985,0.84008,1.69,1.34
2014.07.02 03:14:53.104,0.83985,0.84008,1.69,1.34
2014.07.02 03:14:53.821,0.83985,0.84008,1.69,1.72
2014.07.02 03:14:53.872,0.83985,0.84006,1.25,1.34
2014.07.02 03:14:56.501,0.83985,0.84006,1.00,1.72
2014.07.02 03:14:56.702,0.8398,0.84003,1.67,1.47
2014.07.02 03:14:56.862,0.8398,0.84,1.39,1.19
2014.07.02 03:14:57.622,0.8398,0.84,1.25,1.29
2014.07.02 03:14:58.146,0.8398,0.84,1.00,1.29
2014.07.02 03:15:00.454,0.8398,0.84001,1.00,1.39
2014.07.02 03:15:01.559,0.8398,0.84001,1.25,1.39
2014.07.02 03:15:08.209,0.8398,0.84,1.00,1.39
2014.07.02 03:15:14.964,0.8398,0.84,1.25,1.39
2014.07.02 03:15:15.965,0.8398,0.84001,1.00,1.64
2014.07.02 03:15:17.070,0.8398,0.84,1.25,1.39
2014.07.02 03:15:17.347,0.83985,0.84,1.00,1.39
2014.07.02 03:15:17.615,0.83985,0.84002,1.00,1.39
2014.07.02 03:15:17.967,0.83985,0.84005,1.25,1.34
2014.07.02 03:15:18.887,0.83985,0.84006,1.19,1.72
2014.07.02 03:15:23.894,0.83985,0.84006,1.25,1.72
2014.07.02 03:15:24.728,0.83985,0.84007,1.69,1.72
2014.07.02 03:15:24.829,0.83985,0.84007,1.77,1.74
2014.07.02 03:15:25.382,0.83985,0.84007,2.22,1.19
2014.07.02 03:15:25.920,0.83986,0.84008,1.77,1.32
2014.07.02 03:15:27.207,0.8399,0.8401,1.25,2.22
2014.07.02 03:15:28.656,0.83987,0.84009,1.19,1.47
2014.07.02 03:15:29.728,0.83986,0.84009,2.22,1.32
2014.07.02 03:15:38.625,0.83986,0.8401,2.97,2.22
2014.07.02 03:15:38.931,0.83986,0.8401,1.29,2.22
2014.07.02 03:15:38.982,0.83985,0.84007,1.32,1.72
2014.07.02 03:15:39.134,0.83985,0.84005,1.32,1.18
2014.07.02 03:15:39.348,0.83981,0.84003,1.67,1.29
2014.07.02 03:15:39.399,0.8398,0.84003,2.59,1.67
2014.07.02 03:15:39.911,0.8398,0.84003,1.25,1.72
2014.07.02 03:15:40.460,0.8398,0.84,1.25,1.39
2014.07.02 03:15:41.856,0.83985,0.84,1.00,1.39
2014.07.02 03:15:42.406,0.83984,0.84003,1.00,1.72
2014.07.02 03:15:58.127,0.8398,0.84,1.63,1.10
2014.07.02 03:16:04.065,0.83985,0.84002,1.00,1.47
2014.07.02 03:16:08.567,0.83985,0.84002,1.00,1.74
2014.07.02 03:16:09.588,0.8398,0.84,1.69,1.02
2014.07.02 03:16:10.194,0.8398,0.84,1.25,1.29
2014.07.02 03:16:12.045,0.8398,0.84,1.25,1.02
2014.07.02 03:16:13.401,0.8398,0.84,1.25,1.29
2014.07.02 03:16:20.346,0.83985,0.84,1.00,1.29
2014.07.02 03:16:22.126,0.83985,0.84002,1.00,1.72
2014.07.02 03:16:24.084,0.83984,0.84002,1.00,1.72
2014.07.02 03:16:24.863,0.83985,0.84002,1.00,1.72
2014.07.02 03:16:25.785,0.83985,0.84004,1.00,1.47
2014.07.02 03:16:26.238,0.83985,0.84005,1.25,1.34
2014.07.02 03:16:26.440,0.83985,0.84005,1.25,1.47
2014.07.02 03:16:30.068,0.83985,0.84005,1.00,2.22
2014.07.02 03:16:30.373,0.8399,0.84005,1.00,1.39
2014.07.02 03:16:31.134,0.83985,0.84006,1.25,1.34
2014.07.02 03:16:31.406,0.83986,0.84008,1.19,1.37
2014.07.02 03:16:31.459,0.83986,0.84008,1.67,1.37
2014.07.02 03:16:32.037,0.83989,0.84008,1.00,1.37
2014.07.02 03:16:33.134,0.83986,0.84008,2.89,1.37
2014.07.02 03:16:34.106,0.83986,0.84008,2.89,1.37
2014.07.02 03:16:34.344,0.8399,0.84008,1.00,1.37
2014.07.02 03:16:35.099,0.8399,0.84009,1.00,1.72
2014.07.02 03:16:36.746,0.8399,0.8401,1.00,1.32
2014.07.02 03:16:37.048,0.83995,0.8401,1.00,1.32
2014.07.02 03:16:37.341,0.8399,0.8401,1.00,1.32
2014.07.02 03:16:39.439,0.8399,0.84011,1.00,1.64
2014.07.02 03:16:39.591,0.8399,0.84011,1.70,1.19
2014.07.02 03:16:39.905,0.84001,0.84023,1.19,1.34
2014.07.02 03:16:39.956,0.84004,0.84023,1.50,1.34
2014.07.02 03:16:40.057,0.84004,0.84025,1.19,1.67
2014.07.02 03:16:40.660,0.84005,0.84026,1.25,1.39
2014.07.02 03:16:41.182,0.84005,0.84026,1.19,1.39
2014.07.02 03:16:41.936,0.84005,0.84025,1.19,1.39
2014.07.02 03:16:42.485,0.84005,0.84024,1.00,1.34
2014.07.02 03:16:44.058,0.84005,0.84026,1.25,1.72
2014.07.02 03:16:45.052,0.84004,0.84025,1.32,1.47
2014.07.02 03:16:46.337,0.84005,0.84025,1.19,1.47
2014.07.02 03:16:46.932,0.84005,0.84024,1.00,1.34
2014.07.02 03:16:47.509,0.84005,0.84024,1.00,1.19
2014.07.02 03:16:48.251,0.84005,0.84024,1.00,1.57
2014.07.02 03:16:50.386,0.84005,0.84025,1.00,1.39
2014.07.02 03:16:50.486,0.84003,0.84026,2.14,2.14
2014.07.02 03:16:51.381,0.84004,0.84026,1.19,2.14
2014.07.02 03:16:54.193,0.84005,0.84026,1.50,2.14
2014.07.02 03:16:54.500,0.84002,0.84025,1.29,1.72
2014.07.02 03:16:55.335,0.84003,0.84025,1.19,1.72
2014.07.02 03:16:57.548,0.84003,0.84025,1.19,1.72
2014.07.02 03:16:58.613,0.84002,0.84024,2.52,1.37
2014.07.02 03:17:00.063,0.84002,0.84025,1.77,1.72
2014.07.02 03:17:01.121,0.84003,0.84025,2.44,1.72
2014.07.02 03:17:05.154,0.84003,0.84026,1.69,2.22
2014.07.02 03:17:05.687,0.84003,0.84026,1.69,2.22
2014.07.02 03:17:08.725,0.84003,0.84025,1.19,1.72
2014.07.02 03:17:16.546,0.84003,0.84025,1.19,1.72
2014.07.02 03:17:20.984,0.84002,0.84026,2.52,2.22
2014.07.02 03:17:23.869,0.84004,0.84025,1.69,1.72
2014.07.02 03:17:25.273,0.84004,0.84026,1.88,2.22
2014.07.02 03:17:30.102,0.84004,0.84025,2.07,1.47
2014.07.02 03:17:33.312,0.84004,0.84025,2.07,1.47
2014.07.02 03:17:34.931,0.84004,0.84025,1.69,2.22
2014.07.02 03:17:39.030,0.84002,0.84024,2.89,1.37
2014.07.02 03:17:39.245,0.84002,0.8402,1.67,1.00
2014.07.02 03:17:39.633,0.84,0.8402,1.32,1.00
2014.07.02 03:17:40.655,0.84,0.84024,2.14,1.34
2014.07.02 03:17:41.182,0.84001,0.84024,2.14,1.34
2014.07.02 03:17:44.648,0.84001,0.84025,2.89,2.22
2014.07.02 03:17:48.963,0.84001,0.84025,2.89,2.22
2014.07.02 03:17:49.479,0.84003,0.84025,1.58,2.22
2014.07.02 03:17:50.066,0.84003,0.84025,1.77,1.47
2014.07.02 03:17:54.923,0.84003,0.84025,1.69,1.47
2014.07.02 03:17:55.691,0.84003,0.84025,1.69,2.22
2014.07.02 03:17:56.741,0.84003,0.84025,1.69,2.22
2014.07.02 03:17:57.797,0.84003,0.84025,1.77,1.47
2014.07.02 03:18:00.106,0.84003,0.84025,1.77,2.22
2014.07.02 03:18:01.306,0.84003,0.84025,1.77,1.47
2014.07.02 03:18:02.352,0.84003,0.84025,1.77,2.22
2014.07.02 03:18:07.353,0.84002,0.84025,2.22,1.47
2014.07.02 03:18:08.328,0.84002,0.84025,2.97,2.22
2014.07.02 03:18:10.333,0.84002,0.84025,2.97,2.22
2014.07.02 03:18:13.445,0.84003,0.84025,1.39,1.47
2014.07.02 03:18:20.086,0.84004,0.84025,1.19,1.47
2014.07.02 03:18:23.493,0.84003,0.84025,2.89,2.22
2014.07.02 03:18:24.325,0.84003,0.8402,2.52,1.00
2014.07.02 03:18:24.476,0.84,0.8402,2.07,1.00
2014.07.02 03:18:24.527,0.84,0.8402,1.25,1.32
2014.07.02 03:18:25.044,0.84,0.8402,1.25,1.47
2014.07.02 03:18:30.925,0.84,0.84019,1.00,1.37
2014.07.02 03:18:38.035,0.84,0.84019,1.00,1.47
2014.07.02 03:18:39.987,0.84,0.84019,1.00,1.47
2014.07.02 03:18:42.650,0.84,0.84019,1.00,1.47
2014.07.02 03:18:43.696,0.84,0.84022,2.44,1.47
2014.07.02 03:18:45.362,0.84001,0.8402,1.32,1.00
2014.07.02 03:18:45.464,0.84003,0.84023,1.69,1.37
2014.07.02 03:18:46.379,0.84002,0.84025,2.07,2.22
2014.07.02 03:18:47.120,0.84002,0.84025,2.07,2.22
2014.07.02 03:18:47.595,0.84002,0.84024,1.19,1.72
2014.07.02 03:18:47.696,0.84,0.84021,2.82,1.33
2014.07.02 03:18:47.847,0.84005,0.84021,1.00,1.39
2014.07.02 03:18:48.091,0.84,0.8402,2.82,1.29
2014.07.02 03:18:48.812,0.84,0.8402,2.82,1.29
2014.07.02 03:18:49.407,0.84001,0.8402,1.19,1.10
2014.07.02 03:18:49.793,0.84002,0.84023,2.07,1.37
2014.07.02 03:18:50.608,0.84002,0.84024,2.82,1.34
2014.07.02 03:18:53.400,0.84003,0.84025,1.19,1.84
2014.07.02 03:18:54.309,0.84003,0.84025,1.19,1.84
2014.07.02 03:19:00.015,0.84005,0.84024,1.00,1.29
2014.07.02 03:19:01.137,0.84005,0.84025,1.25,1.37
2014.07.02 03:19:17.883,0.84005,0.84025,1.00,1.57
2014.07.02 03:19:18.989,0.84005,0.84025,1.25,1.57
2014.07.02 03:19:21.406,0.84005,0.84025,1.63,1.19
2014.07.02 03:19:21.507,0.84007,0.84029,1.19,1.34
2014.07.02 03:19:21.746,0.8401,0.8403,1.99,1.10
2014.07.02 03:19:21.797,0.84015,0.84035,1.00,1.72
2014.07.02 03:19:22.522,0.84015,0.84035,1.25,1.47
2014.07.02 03:19:23.539,0.84015,0.84035,1.00,1.09
2014.07.02 03:19:24.490,0.84015,0.84035,1.69,1.09
2014.07.02 03:19:26.706,0.84015,0.84035,1.00,1.84
2014.07.02 03:19:29.009,0.84015,0.84035,1.25,1.84
2014.07.02 03:19:31.316,0.84015,0.84035,2.25,1.09
2014.07.02 03:19:32.423,0.84015,0.84034,1.00,1.19
2014.07.02 03:19:33.134,0.84012,0.84034,2.97,1.19
2014.07.02 03:19:34.143,0.84012,0.84033,2.07,1.29
2014.07.02 03:19:34.669,0.84012,0.84033,2.07,1.29
2014.07.02 03:19:37.081,0.84012,0.84034,2.07,1.39
2014.07.02 03:19:37.965,0.84012,0.84034,2.82,1.39
2014.07.02 03:19:42.463,0.84012,0.84034,1.19,1.64
2014.07.02 03:19:42.514,0.8401,0.84031,1.08,1.64
2014.07.02 03:19:42.616,0.8401,0.84027,1.08,1.19
2014.07.02 03:19:42.868,0.84005,0.84024,1.00,1.37
2014.07.02 03:19:43.582,0.84005,0.84025,1.00,1.72
2014.07.02 03:19:46.706,0.84004,0.84026,1.69,2.22
2014.07.02 03:19:48.091,0.84005,0.84025,1.00,1.72
2014.07.02 03:19:50.120,0.84005,0.84026,1.00,1.64
2014.07.02 03:20:05.170,0.84005,0.84026,1.19,1.39
2014.07.02 03:20:08.584,0.84005,0.84026,1.25,1.47
2014.07.02 03:20:09.889,0.84005,0.84026,1.19,1.47
2014.07.02 03:20:11.402,0.84005,0.84027,1.00,1.72
2014.07.02 03:20:12.103,0.84005,0.84024,1.00,1.19
2014.07.02 03:20:12.405,0.84005,0.84022,1.00,1.34
2014.07.02 03:20:12.506,0.84005,0.84026,1.00,1.74
2014.07.02 03:20:13.017,0.84004,0.84026,1.50,2.22
2014.07.02 03:20:13.554,0.84004,0.84025,1.69,1.39
2014.07.02 03:20:21.358,0.84005,0.84026,1.19,1.74
2014.07.02 03:20:23.448,0.84005,0.84026,1.25,1.74
2014.07.02 03:20:25.756,0.84005,0.84027,1.25,1.72
2014.07.02 03:20:28.061,0.84005,0.84026,1.25,1.74
2014.07.02 03:20:33.071,0.84005,0.84026,1.19,1.74
2014.07.02 03:20:35.680,0.84005,0.84026,1.25,1.47
2014.07.02 03:20:37.886,0.84005,0.84027,1.69,1.72
2014.07.02 03:20:41.297,0.84005,0.84027,1.69,1.72
2014.07.02 03:20:44.403,0.84005,0.84027,1.69,1.72
2014.07.02 03:20:45.649,0.84005,0.84027,2.14,1.29
2014.07.02 03:20:46.629,0.84005,0.84029,2.22,1.64
2014.07.02 03:20:48.137,0.84006,0.84028,1.64,1.39
2014.07.02 03:20:51.952,0.84005,0.84029,2.22,1.64
2014.07.02 03:20:52.459,0.84005,0.84029,2.14,1.72
2014.07.02 03:20:54.760,0.84005,0.84027,2.14,1.37
2014.07.02 03:20:55.959,0.84005,0.84027,1.77,1.47
2014.07.02 03:21:07.090,0.84005,0.84027,1.77,1.72
2014.07.02 03:21:07.191,0.84004,0.84025,2.25,1.34
2014.07.02 03:21:07.518,0.84005,0.84027,1.00,1.72
2014.07.02 03:21:08.200,0.84005,0.84026,1.19,1.74
2014.07.02 03:21:13.634,0.84005,0.84025,1.25,1.64
2014.07.02 03:21:14.826,0.84005,0.84025,1.00,1.64
2014.07.02 03:21:15.830,0.84005,0.84026,1.00,1.74
2014.07.02 03:21:35.591,0.84005,0.84026,1.19,1.74
2014.07.02 03:21:36.682,0.84005,0.84026,1.25,1.74
2014.07.02 03:21:39.791,0.84005,0.84023,1.00,1.19
2014.07.02 03:21:40.295,0.84005,0.84025,1.00,1.47
2014.07.02 03:21:41.196,0.84005,0.84025,1.25,1.47
2014.07.02 03:21:46.913,0.84005,0.84025,1.00,1.47
2014.07.02 03:21:47.821,0.84004,0.84025,1.69,2.22
2014.07.02 03:21:48.577,0.84004,0.84025,1.19,1.47
2014.07.02 03:21:49.401,0.84004,0.84025,1.19,1.37
2014.07.02 03:21:49.451,0.84,0.84024,2.07,1.34
2014.07.02 03:21:50.066,0.84,0.8402,2.22,1.00
2014.07.02 03:21:50.662,0.84005,0.84024,1.00,1.34
2014.07.02 03:21:50.952,0.84004,0.84025,1.00,1.74
2014.07.02 03:21:51.550,0.84003,0.84025,1.69,2.22
2014.07.02 03:21:52.083,0.84003,0.84025,2.44,2.22
2014.07.02 03:21:56.448,0.84004,0.84025,1.19,1.47
2014.07.02 03:21:57.876,0.84004,0.84025,1.19,1.74
2014.07.02 03:21:59.777,0.84003,0.84025,1.69,1.47
2014.07.02 03:22:02.184,0.84004,0.84025,1.19,1.74
2014.07.02 03:22:03.820,0.84004,0.84025,1.57,1.09
2014.07.02 03:22:06.198,0.84004,0.84025,1.32,1.37
2014.07.02 03:22:08.742,0.84004,0.84025,1.32,1.09
2014.07.02 03:22:10.712,0.84005,0.84026,1.25,1.34
2014.07.02 03:22:15.428,0.84005,0.84026,1.00,1.37
2014.07.02 03:22:17.131,0.84005,0.84025,1.25,1.29
2014.07.02 03:22:20.595,0.84005,0.84024,1.00,1.34
2014.07.02 03:22:21.671,0.84005,0.84026,1.00,1.34
2014.07.02 03:22:22.279,0.84003,0.84025,2.07,1.40
2014.07.02 03:22:23.673,0.84004,0.84025,1.19,1.34
2014.07.02 03:22:25.681,0.84005,0.84024,1.00,1.34
2014.07.02 03:22:26.379,0.84002,0.84024,2.82,1.34
2014.07.02 03:22:27.222,0.84003,0.84025,1.39,1.84
2014.07.02 03:22:31.298,0.84004,0.84025,1.29,1.25
2014.07.02 03:22:33.109,0.84004,0.84025,1.29,1.19
2014.07.02 03:22:36.614,0.84004,0.84027,1.39,1.64
2014.07.02 03:22:40.156,0.84004,0.84026,2.14,1.67
2014.07.02 03:22:42.629,0.84004,0.84026,2.14,1.67
2014.07.02 03:22:43.969,0.84004,0.84026,2.14,1.67
2014.07.02 03:22:45.159,0.84005,0.84027,1.19,1.64
2014.07.02 03:22:51.150,0.84009,0.84027,1.00,1.27
2014.07.02 03:22:51.251,0.84009,0.8403,1.00,1.72
2014.07.02 03:22:52.118,0.8401,0.8403,1.00,2.22
2014.07.02 03:22:53.109,0.84015,0.84029,1.00,1.72
2014.07.02 03:22:53.311,0.84015,0.84031,1.00,1.37
2014.07.02 03:22:53.513,0.84015,0.84034,1.00,1.34
2014.07.02 03:22:55.346,0.84012,0.84034,1.19,1.72
2014.07.02 03:22:56.596,0.8401,0.84032,2.14,1.29
2014.07.02 03:22:57.651,0.84015,0.84033,1.00,1.47
2014.07.02 03:22:58.168,0.84011,0.84033,2.82,1.47
2014.07.02 03:22:58.555,0.84012,0.84035,1.77,2.22
2014.07.02 03:22:58.656,0.84015,0.84035,1.00,1.72
2014.07.02 03:22:59.559,0.84015,0.84034,1.00,1.37
2014.07.02 03:22:59.985,0.84015,0.84033,1.00,1.72
2014.07.02 03:23:00.166,0.8401,0.8403,1.13,1.84
2014.07.02 03:23:00.478,0.84015,0.8403,1.00,1.37
2014.07.02 03:23:01.319,0.84015,0.8403,1.00,1.37
2014.07.02 03:23:02.588,0.8401,0.8403,1.32,1.84
2014.07.02 03:23:03.948,0.8401,0.8403,1.13,1.84
2014.07.02 03:23:06.156,0.8401,0.8403,1.25,1.84
2014.07.02 03:23:08.440,0.84015,0.8403,1.00,1.29
2014.07.02 03:23:08.766,0.84015,0.84032,1.00,1.74
2014.07.02 03:23:10.166,0.84015,0.84031,1.00,1.47
2014.07.02 03:23:13.192,0.84015,0.84031,1.00,1.47
2014.07.02 03:23:14.680,0.84015,0.84031,1.00,1.47
2014.07.02 03:23:27.057,0.84015,0.84032,1.00,1.72
2014.07.02 03:23:32.860,0.84015,0.84031,1.00,1.47
2014.07.02 03:23:36.370,0.84015,0.84031,1.00,1.47
2014.07.02 03:23:41.089,0.84015,0.84031,1.00,1.47
2014.07.02 03:23:44.109,0.84014,0.84031,1.00,1.47
2014.07.02 03:23:47.609,0.84015,0.84031,1.00,1.47
2014.07.02 03:23:55.247,0.84015,0.84032,1.00,1.72
2014.07.02 03:23:55.500,0.84015,0.84035,1.00,2.22
2014.07.02 03:23:55.671,0.8402,0.84036,1.00,1.34
2014.07.02 03:23:55.919,0.8402,0.84036,1.00,1.29
2014.07.02 03:23:56.008,0.8402,0.84036,1.00,1.27
2014.07.02 03:23:56.314,0.84015,0.84035,1.19,1.78
2014.07.02 03:23:56.466,0.84015,0.84035,1.00,1.72
2014.07.02 03:23:56.628,0.8402,0.84036,1.00,1.72
2014.07.02 03:23:59.089,0.84015,0.84035,1.00,1.78
2014.07.02 03:23:59.572,0.84017,0.84035,1.19,1.15
2014.07.02 03:23:59.690,0.8402,0.84039,1.00,1.74
2014.07.02 03:24:00.674,0.8402,0.8404,1.25,1.77
2014.07.02 03:24:01.378,0.84021,0.8404,1.50,1.37
2014.07.02 03:24:01.949,0.8402,0.8404,1.25,1.77
2014.07.02 03:24:04.493,0.8402,0.8404,1.00,1.77
2014.07.02 03:24:05.577,0.8402,0.8404,1.00,1.84
2014.07.02 03:24:13.161,0.8402,0.8404,1.00,1.77
2014.07.02 03:24:15.040,0.8402,0.8404,1.00,2.22
2014.07.02 03:24:19.054,0.8402,0.8404,1.00,2.22
2014.07.02 03:24:19.779,0.8402,0.84043,1.19,1.37
2014.07.02 03:24:19.880,0.84025,0.84045,1.00,2.22
2014.07.02 03:24:20.082,0.84021,0.84045,2.89,1.84
2014.07.02 03:24:20.388,0.84025,0.84045,1.00,2.22
2014.07.02 03:24:21.321,0.84025,0.84045,1.00,1.47
2014.07.02 03:24:22.587,0.8403,0.84046,1.00,1.72
2014.07.02 03:24:23.575,0.8403,0.8405,1.69,1.13
2014.07.02 03:24:23.626,0.84034,0.84052,1.00,1.19
2014.07.02 03:24:24.127,0.84035,0.84052,1.00,1.19
2014.07.02 03:24:24.578,0.84035,0.84055,1.00,2.22
2014.07.02 03:24:25.606,0.8404,0.84056,1.00,1.72
2014.07.02 03:24:26.010,0.8404,0.8406,1.00,2.14
2014.07.02 03:24:29.721,0.8404,0.84059,1.00,1.67
2014.07.02 03:24:30.464,0.84035,0.84055,2.22,1.00
2014.07.02 03:24:30.637,0.8404,0.84058,1.00,1.47
2014.07.02 03:24:31.529,0.8404,0.84059,1.00,1.72
2014.07.02 03:24:34.779,0.8404,0.8406,1.00,2.07
2014.07.02 03:24:36.657,0.8404,0.84058,1.00,1.27
2014.07.02 03:24:36.808,0.84036,0.84055,1.19,1.00
2014.07.02 03:24:37.127,0.84039,0.84058,1.00,1.72
2014.07.02 03:24:37.669,0.8404,0.8406,1.00,2.22
2014.07.02 03:24:38.336,0.8404,0.8406,1.00,2.22
2014.07.02 03:24:39.160,0.8404,0.8406,1.00,1.47
2014.07.02 03:24:40.909,0.84045,0.84063,1.00,1.72
2014.07.02 03:24:53.322,0.84045,0.84063,1.00,1.72
2014.07.02 03:24:53.506,0.84045,0.84063,1.00,1.19
2014.07.02 03:24:53.678,0.84045,0.84065,2.82,1.29
2014.07.02 03:24:53.779,0.84046,0.84065,1.69,1.00
2014.07.02 03:24:54.283,0.84045,0.84064,1.00,1.29
2014.07.02 03:24:55.889,0.84045,0.84065,1.25,1.77
2014.07.02 03:24:56.242,0.84045,0.84065,1.00,2.22
2014.07.02 03:25:00.370,0.84039,0.84061,3.64,1.69
2014.07.02 03:25:00.522,0.84039,0.84061,3.19,2.22
2014.07.02 03:25:00.573,0.84039,0.84059,1.00,1.64
2014.07.02 03:25:01.121,0.8404,0.84059,1.00,1.64
2014.07.02 03:25:02.916,0.8404,0.84058,1.00,1.67
2014.07.02 03:25:03.087,0.84036,0.84055,1.77,1.00
2014.07.02 03:25:03.877,0.84036,0.84055,2.52,1.00
2014.07.02 03:25:07.046,0.8404,0.84058,1.00,1.67
2014.07.02 03:25:08.287,0.8404,0.84058,1.00,1.67
2014.07.02 03:25:08.367,0.84036,0.84055,1.77,1.00
2014.07.02 03:25:09.066,0.84034,0.84056,3.57,1.18
2014.07.02 03:25:09.667,0.84034,0.84056,3.19,1.53
2014.07.02 03:25:09.717,0.84034,0.84054,1.00,1.72
2014.07.02 03:25:10.001,0.84025,0.84047,1.69,1.72
2014.07.02 03:25:10.053,0.84025,0.84044,1.00,1.34
2014.07.02 03:25:10.628,0.8402,0.8404,1.38,1.02
2014.07.02 03:25:11.003,0.8402,0.84039,1.00,1.39
2014.07.02 03:25:14.957,0.8402,0.8404,1.32,1.69
2014.07.02 03:25:15.487,0.8402,0.8404,1.32,1.00
2014.07.02 03:25:16.259,0.8402,0.8404,1.39,1.00
2014.07.02 03:25:19.575,0.8402,0.8404,2.14,1.00
2014.07.02 03:25:19.930,0.84025,0.84042,1.00,1.19
2014.07.02 03:25:20.136,0.8402,0.84042,2.14,1.19
2014.07.02 03:25:20.287,0.84023,0.84045,2.52,2.22
2014.07.02 03:25:21.388,0.84024,0.84046,1.27,2.07
2014.07.02 03:25:23.673,0.84024,0.84046,1.29,2.22
2014.07.02 03:25:26.821,0.84023,0.84045,1.37,1.39
2014.07.02 03:25:31.300,0.84023,0.84045,2.89,2.14
2014.07.02 03:25:31.869,0.84023,0.84045,2.59,1.69
2014.07.02 03:25:32.377,0.84023,0.84045,1.39,2.07
2014.07.02 03:25:35.551,0.84022,0.84045,2.14,2.14
2014.07.02 03:25:35.601,0.84022,0.8404,2.14,1.00
2014.07.02 03:25:36.161,0.8402,0.8404,1.77,1.25
2014.07.02 03:25:46.977,0.8402,0.8404,1.02,1.13
2014.07.02 03:25:49.097,0.8402,0.8404,1.29,1.32
2014.07.02 03:25:53.718,0.8402,0.8404,1.25,1.20
2014.07.02 03:25:54.540,0.8402,0.8404,1.09,1.00
2014.07.02 03:25:54.948,0.84021,0.84043,2.52,1.29
2014.07.02 03:25:55.302,0.84025,0.84044,1.00,1.19
2014.07.02 03:25:55.866,0.84022,0.84044,1.37,1.19
2014.07.02 03:25:56.514,0.84023,0.84045,1.29,1.77
2014.07.02 03:25:57.920,0.84022,0.84045,1.32,1.72
2014.07.02 03:25:59.245,0.84025,0.84045,1.00,1.47
2014.07.02 03:26:01.133,0.84025,0.84045,1.00,2.14
2014.07.02 03:26:06.446,0.84025,0.84045,1.25,2.14
2014.07.02 03:26:09.368,0.84029,0.84046,1.00,1.19
2014.07.02 03:26:10.556,0.84025,0.84045,1.47,1.19
2014.07.02 03:26:11.135,0.84025,0.84045,1.47,1.25
2014.07.02 03:26:11.825,0.84025,0.84045,1.47,1.19
2014.07.02 03:26:12.767,0.84025,0.84045,1.47,1.25
2014.07.02 03:26:13.905,0.84025,0.84045,1.47,1.19
2014.07.02 03:26:16.024,0.84025,0.84045,1.47,1.00
2014.07.02 03:26:18.885,0.84025,0.84045,2.22,1.25
2014.07.02 03:26:25.603,0.84025,0.84045,2.22,1.00
2014.07.02 03:26:26.399,0.84025,0.84047,2.22,1.32
2014.07.02 03:26:28.615,0.84026,0.8405,1.19,2.22
2014.07.02 03:26:29.720,0.84025,0.84047,2.22,1.32
2014.07.02 03:26:45.090,0.84025,0.84046,2.97,1.19
2014.07.02 03:26:49.237,0.84025,0.84045,1.25,2.14
2014.07.02 03:26:51.554,0.84025,0.84045,1.69,1.02
2014.07.02 03:26:52.612,0.84025,0.84045,1.25,1.29
2014.07.02 03:26:55.134,0.84026,0.84045,1.50,1.29
2014.07.02 03:26:55.921,0.84026,0.84045,1.69,1.02
2014.07.02 03:26:58.862,0.84026,0.84041,1.50,1.00
2014.07.02 03:26:58.964,0.84021,0.84041,1.19,1.10
2014.07.02 03:26:59.323,0.84019,0.84041,1.47,1.02
2014.07.02 03:26:59.882,0.84021,0.84044,1.84,1.77
2014.07.02 03:27:00.538,0.84022,0.84044,1.32,1.47
2014.07.02 03:27:02.745,0.84023,0.84045,1.57,1.84
2014.07.02 03:27:03.894,0.84022,0.84045,1.57,1.34
2014.07.02 03:27:05.050,0.84022,0.84045,1.32,1.72
2014.07.02 03:27:05.415,0.84025,0.84046,1.00,1.72
2014.07.02 03:27:07.571,0.84023,0.84045,1.19,2.22
2014.07.02 03:27:10.078,0.84023,0.84045,1.19,2.22
2014.07.02 03:27:13.803,0.84022,0.84044,1.32,1.47
2014.07.02 03:27:15.094,0.84022,0.84044,1.32,1.47
2014.07.02 03:27:16.095,0.84022,0.84044,1.32,1.47
2014.07.02 03:27:18.629,0.84021,0.8404,1.69,1.25
2014.07.02 03:27:19.047,0.8402,0.84038,1.00,1.19
2014.07.02 03:27:21.418,0.8402,0.84039,1.00,1.29
2014.07.02 03:27:21.955,0.8402,0.84041,1.69,1.37
2014.07.02 03:27:22.522,0.8402,0.8404,1.29,1.32
2014.07.02 03:27:23.324,0.8402,0.8404,1.10,2.07
2014.07.02 03:27:32.934,0.8402,0.8404,1.25,1.19
2014.07.02 03:27:34.110,0.8402,0.8404,1.19,1.25
2014.07.02 03:27:37.994,0.84025,0.84041,1.00,1.29
2014.07.02 03:27:40.724,0.8402,0.8404,1.69,1.25
2014.07.02 03:27:41.321,0.8402,0.8404,1.25,1.19
2014.07.02 03:27:41.981,0.8402,0.8404,1.09,1.19
2014.07.02 03:27:43.039,0.8402,0.8404,1.37,1.25
2014.07.02 03:27:44.061,0.8402,0.8404,1.09,1.19
2014.07.02 03:27:49.156,0.8402,0.8404,1.37,1.25
2014.07.02 03:27:50.359,0.8402,0.84039,1.18,1.19
2014.07.02 03:27:50.874,0.8402,0.84039,1.00,1.19
2014.07.02 03:27:51.569,0.8402,0.8404,1.00,1.77
2014.07.02 03:27:54.713,0.8402,0.8404,1.25,1.77
2014.07.02 03:27:55.701,0.8402,0.8404,1.25,1.77
2014.07.02 03:27:58.910,0.8402,0.8404,1.25,1.77
2014.07.02 03:28:01.118,0.8402,0.8404,1.00,1.02
2014.07.02 03:28:04.927,0.8402,0.8404,1.00,1.77
2014.07.02 03:28:05.467,0.84019,0.8404,1.32,1.29
2014.07.02 03:28:06.053,0.8402,0.8404,1.00,1.77
2014.07.02 03:28:07.738,0.8402,0.8404,1.02,1.00
2014.07.02 03:28:10.145,0.8402,0.8404,1.29,1.25
2014.07.02 03:28:11.154,0.8402,0.8404,1.25,1.77
2014.07.02 03:28:12.151,0.8402,0.8404,1.00,1.02
2014.07.02 03:28:13.114,0.8402,0.8404,1.18,1.25
2014.07.02 03:28:13.679,0.8402,0.8404,1.37,1.19
2014.07.02 03:28:14.460,0.8402,0.8404,1.18,1.25
2014.07.02 03:28:16.183,0.8402,0.8404,1.00,1.33
2014.07.02 03:28:16.968,0.8402,0.8404,1.00,1.77
2014.07.02 03:28:18.491,0.8402,0.8404,1.25,1.77
2014.07.02 03:28:19.007,0.8402,0.8404,1.25,2.14
2014.07.02 03:28:39.233,0.84018,0.84035,1.19,1.00
2014.07.02 03:28:40.752,0.84017,0.84035,1.39,1.00
2014.07.02 03:28:42.312,0.8402,0.8404,1.00,2.22
2014.07.02 03:28:44.189,0.84018,0.84036,1.19,1.00
2014.07.02 03:28:44.293,0.8402,0.8404,1.00,2.22
2014.07.02 03:28:45.502,0.84018,0.84035,1.19,1.00
2014.07.02 03:28:49.242,0.84019,0.8404,1.25,1.72
2014.07.02 03:28:49.799,0.84019,0.8404,1.00,1.47
2014.07.02 03:28:52.605,0.84019,0.8404,1.19,1.47
2014.07.02 03:28:56.114,0.84019,0.8404,1.25,1.47
2014.07.02 03:28:59.124,0.84019,0.8404,1.19,1.47
2014.07.02 03:29:02.977,0.84019,0.8404,1.25,1.47
2014.07.02 03:29:03.252,0.84016,0.84036,2.44,1.02
2014.07.02 03:29:03.574,0.8402,0.84038,1.00,1.72
2014.07.02 03:29:24.905,0.8402,0.84038,1.00,1.67
2014.07.02 03:29:30.961,0.8402,0.84038,1.00,1.67
2014.07.02 03:29:32.342,0.8402,0.84038,1.00,1.57
2014.07.02 03:29:37.637,0.8402,0.84038,1.00,1.32
2014.07.02 03:29:38.839,0.8402,0.84039,1.00,1.67
2014.07.02 03:29:44.561,0.8402,0.84037,1.00,1.19
2014.07.02 03:29:45.177,0.84014,0.84036,1.40,1.25
2014.07.02 03:29:45.278,0.84014,0.84034,1.25,1.29
2014.07.02 03:29:45.814,0.84014,0.84034,1.25,1.34
2014.07.02 03:29:46.332,0.84015,0.84034,1.00,1.19
2014.07.02 03:29:46.836,0.84015,0.84036,1.25,1.74
2014.07.02 03:29:47.784,0.84015,0.84036,1.19,1.74
2014.07.02 03:29:49.206,0.84015,0.84036,1.25,1.74
2014.07.02 03:29:49.895,0.8402,0.84036,1.00,1.37
2014.07.02 03:29:50.047,0.8402,0.84037,1.00,1.29
2014.07.02 03:29:53.144,0.8402,0.84038,1.00,1.39
2014.07.02 03:29:54.503,0.8402,0.84037,1.00,1.29
2014.07.02 03:29:57.013,0.8402,0.84038,1.00,1.39
2014.07.02 03:29:58.317,0.8402,0.84037,1.00,1.29
2014.07.02 03:29:58.820,0.8402,0.84038,1.00,1.39
2014.07.02 03:30:03.136,0.8402,0.84038,1.00,1.39
2014.07.02 03:30:06.448,0.8402,0.84038,1.00,1.27
2014.07.02 03:30:07.852,0.8402,0.84038,1.00,1.27
2014.07.02 03:30:14.087,0.8402,0.84039,1.00,1.32
2014.07.02 03:30:16.445,0.84025,0.84039,1.00,1.32
2014.07.02 03:30:17.450,0.8402,0.84039,1.00,1.47
2014.07.02 03:30:23.262,0.84019,0.84039,1.25,1.47
2014.07.02 03:30:24.123,0.84019,0.84039,1.00,1.47
2014.07.02 03:30:26.936,0.84019,0.84038,1.00,1.29
2014.07.02 03:30:28.983,0.84016,0.84035,2.97,1.00
2014.07.02 03:30:30.852,0.8402,0.84038,1.00,1.29
2014.07.02 03:30:39.080,0.8402,0.84039,1.00,1.74
2014.07.02 03:30:40.085,0.8402,0.84039,1.00,1.74
2014.07.02 03:30:46.401,0.8402,0.84037,1.00,1.19
2014.07.02 03:30:50.109,0.8402,0.84038,1.00,1.39
2014.07.02 03:30:58.547,0.8402,0.84039,1.00,1.74
2014.07.02 03:31:00.112,0.84015,0.84035,3.72,1.00
2014.07.02 03:31:01.179,0.84017,0.84035,1.29,1.00
2014.07.02 03:31:03.209,0.84017,0.84035,1.29,1.00
2014.07.02 03:31:04.808,0.84017,0.84035,1.29,1.00
2014.07.02 03:31:16.831,0.8402,0.84038,1.00,1.29
2014.07.02 03:31:20.430,0.8402,0.84039,1.38,1.19
2014.07.02 03:31:20.582,0.8402,0.84042,2.22,1.29
2014.07.02 03:31:20.784,0.84022,0.84044,1.39,1.47
2014.07.02 03:31:25.765,0.84022,0.84045,1.47,1.29
2014.07.02 03:31:27.160,0.84022,0.84044,1.47,1.19
2014.07.02 03:31:28.177,0.84022,0.84044,1.47,1.19
2014.07.02 03:31:29.813,0.84025,0.84044,1.00,1.19
2014.07.02 03:31:29.914,0.84025,0.84045,1.00,1.02
2014.07.02 03:31:31.118,0.84023,0.84045,2.22,1.02
2014.07.02 03:31:31.169,0.84023,0.84045,1.69,1.78
2014.07.02 03:31:31.471,0.84016,0.84035,1.72,1.00
2014.07.02 03:31:31.522,0.84016,0.84035,1.74,1.00
2014.07.02 03:31:32.883,0.84017,0.84039,1.39,1.47
2014.07.02 03:31:33.084,0.84017,0.84035,2.89,1.00
2014.07.02 03:31:34.647,0.8402,0.84039,1.00,1.47
2014.07.02 03:31:34.859,0.84017,0.84039,2.82,1.47
2014.07.02 03:31:35.033,0.84017,0.8404,2.82,1.72
2014.07.02 03:31:35.083,0.84017,0.84035,2.82,1.00
2014.07.02 03:31:36.627,0.84018,0.8404,1.19,1.78
2014.07.02 03:31:38.912,0.84018,0.8404,1.19,2.22
2014.07.02 03:31:39.154,0.84017,0.84035,1.32,1.00
2014.07.02 03:31:40.619,0.84017,0.84035,1.32,1.00
2014.07.02 03:31:40.669,0.84017,0.84041,1.32,2.22
2014.07.02 03:31:41.198,0.84017,0.84041,1.39,2.22
2014.07.02 03:31:43.890,0.84017,0.84035,1.39,1.00
2014.07.02 03:31:44.452,0.84016,0.84035,2.89,1.00
2014.07.02 03:32:20.143,0.84016,0.84035,2.82,1.00
2014.07.02 03:32:31.814,0.84016,0.84036,2.07,1.00
2014.07.02 03:32:41.120,0.84016,0.84036,1.19,1.00
2014.07.02 03:32:47.437,0.84016,0.84036,1.19,1.25
2014.07.02 03:32:51.370,0.84015,0.84036,1.47,1.00
2014.07.02 03:32:54.078,0.84016,0.84036,1.19,1.00
2014.07.02 03:33:00.208,0.84015,0.84036,1.47,1.00
2014.07.02 03:33:03.604,0.84016,0.84036,1.19,1.00
2014.07.02 03:33:13.890,0.84016,0.84035,1.19,1.00
2014.07.02 03:33:15.138,0.84015,0.84035,1.84,1.00
2014.07.02 03:33:23.779,0.84016,0.84035,1.69,1.00
2014.07.02 03:33:26.989,0.84016,0.84035,1.69,1.00
2014.07.02 03:33:27.992,0.84016,0.84035,2.44,1.00
2014.07.02 03:33:31.608,0.84016,0.84035,2.44,1.00
2014.07.02 03:33:38.144,0.84019,0.84038,1.00,1.32
2014.07.02 03:33:38.488,0.84016,0.84035,1.19,1.00
2014.07.02 03:33:38.960,0.84015,0.84035,1.25,1.00
2014.07.02 03:33:39.012,0.84015,0.84035,1.25,1.08
2014.07.02 03:33:39.163,0.8401,0.8403,1.29,1.32
2014.07.02 03:33:39.667,0.84009,0.84031,1.19,1.78
2014.07.02 03:33:40.310,0.84015,0.84032,1.00,1.67
2014.07.02 03:33:40.818,0.84015,0.84032,1.00,1.39
2014.07.02 03:33:41.084,0.8401,0.84032,2.14,1.39
2014.07.02 03:33:41.287,0.84015,0.84032,1.00,1.29
2014.07.02 03:33:41.578,0.84015,0.84034,1.00,1.29
2014.07.02 03:33:42.159,0.84012,0.84034,1.47,1.29
2014.07.02 03:33:46.369,0.84012,0.84035,1.74,1.09
2014.07.02 03:33:46.907,0.84015,0.84036,1.00,1.47
2014.07.02 03:33:50.449,0.8402,0.84036,1.00,1.32
2014.07.02 03:33:50.500,0.8402,0.84037,1.00,1.77
2014.07.02 03:33:51.887,0.8402,0.84036,1.00,1.32
2014.07.02 03:33:55.399,0.84015,0.84036,1.19,1.27
2014.07.02 03:33:55.450,0.84014,0.84036,1.00,1.84
2014.07.02 03:33:55.991,0.84012,0.84035,1.29,1.34
2014.07.02 03:33:56.143,0.84015,0.84036,1.00,1.27
2014.07.02 03:34:00.592,0.8402,0.84036,1.00,1.27
2014.07.02 03:34:01.303,0.8402,0.84037,1.00,1.37
2014.07.02 03:34:04.126,0.8402,0.84036,1.00,1.27
2014.07.02 03:34:05.447,0.8402,0.84036,1.00,1.27
2014.07.02 03:34:06.088,0.84014,0.84036,2.14,1.77
2014.07.02 03:34:07.855,0.84014,0.84036,2.14,1.77
2014.07.02 03:34:08.976,0.84014,0.84036,1.67,1.33
2014.07.02 03:34:11.075,0.84014,0.84036,2.14,1.77
2014.07.02 03:34:19.089,0.84014,0.84035,1.67,1.29
2014.07.02 03:34:20.199,0.84014,0.84036,2.14,1.77
2014.07.02 03:34:34.436,0.84014,0.84036,1.67,1.33
2014.07.02 03:34:36.207,0.84014,0.84036,1.64,1.02
2014.07.02 03:34:37.545,0.84014,0.84036,2.22,1.77
2014.07.02 03:34:38.549,0.84014,0.84036,2.22,1.77
2014.07.02 03:34:40.180,0.84013,0.84035,1.72,1.69
2014.07.02 03:34:42.984,0.84013,0.84035,1.67,1.84
2014.07.02 03:34:46.000,0.84013,0.84035,1.27,2.14
2014.07.02 03:34:46.101,0.84011,0.84033,1.32,1.39
2014.07.02 03:34:46.492,0.84011,0.84031,1.19,1.09
2014.07.02 03:34:47.181,0.84009,0.84031,2.07,1.84
2014.07.02 03:34:47.760,0.8401,0.84031,1.32,1.29
2014.07.02 03:34:49.535,0.84009,0.84031,2.07,1.34
2014.07.02 03:34:51.460,0.84011,0.84033,1.19,1.72
2014.07.02 03:34:52.192,0.84011,0.84033,1.19,1.72
2014.07.02 03:34:54.126,0.84011,0.84035,1.19,1.72
2014.07.02 03:34:56.382,0.8401,0.8403,2.14,1.00
2014.07.02 03:34:57.902,0.8401,0.84034,2.14,2.97
2014.07.02 03:34:58.470,0.8401,0.84034,2.07,1.72
2014.07.02 03:34:58.648,0.8401,0.84032,1.00,1.72
2014.07.02 03:34:58.749,0.84005,0.8403,2.22,1.47
2014.07.02 03:34:58.851,0.84005,0.84028,2.22,1.67
2014.07.02 03:35:02.056,0.84005,0.84027,2.22,1.32
2014.07.02 03:35:03.848,0.8401,0.84027,1.00,1.32
2014.07.02 03:35:04.365,0.8401,0.84029,1.00,1.74
2014.07.02 03:35:05.869,0.8401,0.84027,1.00,1.19
2014.07.02 03:35:11.479,0.8401,0.84029,1.00,1.37
2014.07.02 03:35:13.486,0.8401,0.84029,1.00,1.37
2014.07.02 03:35:16.897,0.8401,0.8403,1.25,1.39
2014.07.02 03:35:19.909,0.8401,0.8403,1.19,1.39
2014.07.02 03:35:22.518,0.8401,0.8403,1.25,1.39
2014.07.02 03:35:31.156,0.8401,0.8403,1.00,3.64
2014.07.02 03:35:32.145,0.8401,0.8403,1.00,2.89
2014.07.02 03:35:39.390,0.8401,0.8403,1.00,3.27
2014.07.02 03:35:40.692,0.8401,0.8403,1.25,3.27
2014.07.02 03:35:48.414,0.8401,0.8403,1.00,3.27
2014.07.02 03:35:51.424,0.8401,0.8403,1.00,2.52
2014.07.02 03:35:52.727,0.8401,0.8403,1.00,3.27
2014.07.02 03:35:55.136,0.8401,0.8403,1.00,2.52
2014.07.02 03:35:56.346,0.8401,0.8403,1.00,3.27
2014.07.02 03:35:57.252,0.8401,0.8403,1.00,2.52
2014.07.02 03:35:59.125,0.84009,0.8403,1.32,1.69
2014.07.02 03:36:03.135,0.84015,0.8403,1.00,1.69
2014.07.02 03:36:03.863,0.84015,0.8403,1.00,2.44
2014.07.02 03:36:14.201,0.84015,0.8403,1.00,2.44
2014.07.02 03:36:15.907,0.84015,0.8403,1.00,1.69
2014.07.02 03:36:16.911,0.84015,0.8403,1.00,1.69
2014.07.02 03:36:18.916,0.84015,0.8403,1.00,1.69
2014.07.02 03:36:21.721,0.84015,0.8403,1.00,1.69
2014.07.02 03:36:34.579,0.84015,0.8403,1.00,1.69
2014.07.02 03:36:40.796,0.84015,0.8403,1.00,1.69
2014.07.02 03:36:42.606,0.84015,0.8403,1.00,2.44
2014.07.02 03:37:08.201,0.84015,0.8403,1.00,2.07
2014.07.02 03:37:16.640,0.84015,0.8403,1.00,2.07
2014.07.02 03:37:17.724,0.8401,0.8403,1.25,3.57
2014.07.02 03:37:18.747,0.8401,0.8403,1.00,2.82
2014.07.02 03:37:22.957,0.8401,0.8403,1.25,3.57
2014.07.02 03:37:25.864,0.84015,0.8403,1.00,2.82
2014.07.02 03:37:28.615,0.84009,0.8403,1.69,2.07
2014.07.02 03:37:34.701,0.84015,0.8403,1.00,2.89
2014.07.02 03:37:35.218,0.84015,0.8403,1.00,2.14
2014.07.02 03:37:42.637,0.84015,0.8403,1.00,1.77
2014.07.02 03:37:47.053,0.84015,0.8403,1.00,1.69
2014.07.02 03:37:49.292,0.84015,0.8403,1.00,1.69
2014.07.02 03:37:52.370,0.84015,0.8403,1.00,1.69
2014.07.02 03:37:53.915,0.84009,0.8403,2.22,1.69
2014.07.02 03:37:54.523,0.84009,0.8403,2.07,1.84
2014.07.02 03:37:55.093,0.84009,0.8403,1.32,2.59
2014.07.02 03:37:58.284,0.84009,0.8403,1.32,2.59
2014.07.02 03:37:59.386,0.84009,0.8403,1.32,1.84
2014.07.02 03:38:03.106,0.84009,0.8403,2.07,1.84
2014.07.02 03:38:04.152,0.84009,0.8403,1.32,2.59
2014.07.02 03:38:12.734,0.84009,0.8403,1.00,2.59
2014.07.02 03:38:13.737,0.84009,0.8403,1.25,1.77
2014.07.02 03:38:18.549,0.84009,0.8403,1.69,1.77
2014.07.02 03:38:20.986,0.84009,0.8403,1.69,1.77
2014.07.02 03:38:22.188,0.84009,0.8403,1.69,1.77
2014.07.02 03:38:23.865,0.84009,0.8403,1.69,1.77
2014.07.02 03:38:31.002,0.84009,0.8403,1.69,1.77
2014.07.02 03:38:33.124,0.8401,0.8403,1.25,2.52
2014.07.02 03:38:34.114,0.8401,0.8403,1.19,2.52
2014.07.02 03:38:35.216,0.8401,0.8403,1.00,2.52
2014.07.02 03:38:43.140,0.8401,0.8403,1.25,3.27
2014.07.02 03:38:48.167,0.84006,0.84029,1.72,2.82
2014.07.02 03:38:48.487,0.84004,0.84025,1.69,1.69
2014.07.02 03:38:48.790,0.8401,0.84028,1.00,1.34
2014.07.02 03:38:58.125,0.84007,0.84025,1.19,1.00
2014.07.02 03:38:58.226,0.84005,0.84025,1.10,3.79
2014.07.02 03:38:58.377,0.84005,0.84021,1.10,1.69
2014.07.02 03:38:59.874,0.84,0.84021,1.84,1.69
2014.07.02 03:39:00.094,0.84005,0.84022,1.00,1.29
2014.07.02 03:39:01.645,0.84,0.84021,1.84,1.69
2014.07.02 03:39:01.854,0.84005,0.84023,1.00,1.47
2014.07.02 03:39:03.394,0.84001,0.84021,1.29,1.69
2014.07.02 03:39:03.647,0.84005,0.84023,1.00,2.97
2014.07.02 03:39:05.154,0.84,0.84022,1.84,1.29
2014.07.02 03:39:05.660,0.84001,0.8402,1.29,1.00
2014.07.02 03:39:06.144,0.84005,0.84023,1.00,2.97
2014.07.02 03:39:07.144,0.84,0.84022,1.84,1.67
2014.07.02 03:39:07.870,0.84001,0.84023,1.29,1.74
2014.07.02 03:39:09.572,0.84001,0.8402,1.29,1.00
2014.07.02 03:39:09.800,0.84,0.8402,1.84,1.25
2014.07.02 03:39:10.102,0.84005,0.84022,1.00,1.67
2014.07.02 03:39:11.004,0.84005,0.84023,1.00,1.74
2014.07.02 03:39:11.105,0.84001,0.84022,1.29,2.14
2014.07.02 03:39:11.835,0.84001,0.84023,1.39,1.47
2014.07.02 03:39:12.361,0.84003,0.84025,1.19,2.22
2014.07.02 03:39:13.075,0.84005,0.84025,1.00,1.72
2014.07.02 03:39:15.759,0.84005,0.84022,1.00,1.29
2014.07.02 03:39:17.699,0.84,0.8402,2.22,1.00
2014.07.02 03:39:18.208,0.84,0.8402,2.22,1.25
2014.07.02 03:39:19.066,0.84002,0.8402,1.19,1.00
2014.07.02 03:39:19.167,0.84002,0.84024,1.19,1.72
2014.07.02 03:39:24.292,0.84005,0.84023,1.00,1.39
2014.07.02 03:39:27.885,0.8401,0.84026,1.00,2.52
2014.07.02 03:39:28.088,0.84004,0.84026,1.25,1.72
2014.07.02 03:39:30.384,0.84004,0.84024,1.00,1.39
2014.07.02 03:39:31.412,0.84004,0.84024,1.25,1.39
2014.07.02 03:39:33.010,0.84004,0.84024,1.00,1.39
2014.07.02 03:39:33.812,0.84004,0.84022,1.00,1.19
2014.07.02 03:39:35.132,0.84005,0.84023,1.00,2.52
2014.07.02 03:39:35.353,0.84001,0.84023,1.29,1.29
2014.07.02 03:39:36.005,0.84001,0.84025,1.67,2.22
2014.07.02 03:39:38.625,0.84005,0.84025,1.00,1.74
2014.07.02 03:39:39.815,0.84005,0.84024,1.00,1.64
2014.07.02 03:39:39.865,0.84002,0.84024,1.32,1.64
2014.07.02 03:39:43.163,0.84001,0.8402,1.67,1.00
2014.07.02 03:39:44.123,0.84005,0.84023,1.00,2.14
2014.07.02 03:39:44.782,0.84002,0.84024,1.32,1.64
2014.07.02 03:39:45.934,0.84001,0.84025,1.67,2.22
2014.07.02 03:39:47.941,0.84002,0.84024,1.32,1.64
2014.07.02 03:39:50.179,0.84,0.84024,2.14,1.64
2014.07.02 03:39:51.412,0.84,0.8402,2.14,1.00
2014.07.02 03:39:52.824,0.84,0.84023,2.14,2.14
2014.07.02 03:39:53.203,0.84002,0.84024,1.32,1.64
2014.07.02 03:39:57.074,0.84001,0.84025,1.67,2.22
2014.07.02 03:39:57.815,0.84001,0.84025,1.64,2.14
2014.07.02 03:39:57.918,0.84005,0.84025,1.00,1.57
2014.07.02 03:39:59.600,0.84005,0.84023,1.00,2.82
2014.07.02 03:40:02.119,0.84005,0.84024,1.00,1.57
2014.07.02 03:40:11.152,0.84005,0.84022,1.00,1.50
2014.07.02 03:40:11.692,0.84005,0.84024,1.00,1.57
2014.07.02 03:40:14.862,0.84003,0.84025,1.39,2.07
2014.07.02 03:40:15.599,0.84003,0.84025,1.39,2.07
2014.07.02 03:40:17.047,0.84002,0.84024,1.47,1.57
2014.07.02 03:40:18.150,0.84002,0.84024,1.47,1.57
2014.07.02 03:40:19.182,0.84005,0.84023,1.00,1.88
2014.07.02 03:40:20.359,0.84005,0.84023,1.00,2.07
2014.07.02 03:40:22.453,0.84002,0.8402,1.47,1.00
2014.07.02 03:40:23.111,0.84004,0.84023,1.00,2.07
2014.07.02 03:40:27.074,0.84005,0.84023,1.00,2.07
2014.07.02 03:40:27.653,0.84005,0.84023,1.00,1.88
2014.07.02 03:40:28.208,0.84005,0.84022,1.00,1.50
2014.07.02 03:40:42.916,0.84005,0.84023,1.00,2.07
2014.07.02 03:40:43.909,0.84004,0.84023,1.25,2.07
2014.07.02 03:40:44.443,0.84004,0.84023,1.00,2.07
2014.07.02 03:40:45.003,0.84005,0.84023,1.00,2.07
2014.07.02 03:40:46.126,0.84005,0.84023,1.00,1.88
2014.07.02 03:40:46.871,0.84001,0.8402,1.47,1.00
2014.07.02 03:40:55.666,0.84001,0.8402,1.32,1.00
2014.07.02 03:40:56.861,0.84,0.8402,1.67,1.00
2014.07.02 03:40:59.852,0.84005,0.84022,1.00,1.69
2014.07.02 03:41:02.443,0.84005,0.84022,1.00,2.44
2014.07.02 03:41:03.812,0.8401,0.84022,1.00,2.44
2014.07.02 03:41:04.333,0.84005,0.84024,1.00,1.37
2014.07.02 03:41:05.392,0.84005,0.84024,1.00,1.19
2014.07.02 03:41:05.910,0.84004,0.84024,1.25,1.37
2014.07.02 03:41:07.661,0.84004,0.84024,1.00,1.47
2014.07.02 03:41:10.871,0.84004,0.84023,1.00,1.29
2014.07.02 03:41:13.140,0.84001,0.84021,1.37,1.25
2014.07.02 03:41:14.711,0.84005,0.84024,1.00,1.47
2014.07.02 03:41:15.410,0.84005,0.84024,1.00,1.47
2014.07.02 03:41:28.670,0.84009,0.84025,1.00,1.32
2014.07.02 03:41:28.742,0.84005,0.84025,1.02,1.32
2014.07.02 03:41:29.065,0.84004,0.84025,1.34,1.32
2014.07.02 03:41:29.387,0.84009,0.84025,1.00,1.19
2014.07.02 03:41:29.873,0.8401,0.84028,1.00,1.57
2014.07.02 03:41:30.500,0.84006,0.84028,1.47,1.57
2014.07.02 03:41:30.647,0.8401,0.84028,1.00,1.57
2014.07.02 03:41:31.161,0.8401,0.84028,1.00,2.82
2014.07.02 03:41:32.199,0.84005,0.84028,1.77,1.57
2014.07.02 03:41:33.058,0.84006,0.84028,1.32,1.57
2014.07.02 03:41:33.958,0.8401,0.84028,1.00,1.57
2014.07.02 03:41:34.568,0.8401,0.84028,1.00,1.57
2014.07.02 03:41:36.052,0.8401,0.8403,1.00,2.97
2014.07.02 03:41:38.641,0.84009,0.84029,1.00,2.22
2014.07.02 03:41:39.253,0.84009,0.84027,1.00,1.50
2014.07.02 03:41:39.980,0.84005,0.84025,2.22,1.00
2014.07.02 03:41:40.103,0.84005,0.84027,1.77,1.69
2014.07.02 03:41:40.953,0.8401,0.84028,1.00,1.32
2014.07.02 03:41:41.060,0.84005,0.84028,1.77,1.32
2014.07.02 03:41:41.632,0.84006,0.84028,1.32,1.32
2014.07.02 03:41:42.407,0.84006,0.84028,1.32,1.32
2014.07.02 03:41:43.913,0.84005,0.84029,2.22,1.77
2014.07.02 03:41:45.018,0.84006,0.84028,1.32,1.32
2014.07.02 03:41:46.580,0.84006,0.84026,1.32,1.00
2014.07.02 03:41:46.631,0.84004,0.84026,2.22,1.00
2014.07.02 03:41:47.156,0.84005,0.84025,1.15,1.25
2014.07.02 03:41:48.171,0.84005,0.84027,1.34,1.57
2014.07.02 03:41:49.151,0.84006,0.84028,1.37,1.67
2014.07.02 03:41:49.434,0.84005,0.84028,1.25,2.97
2014.07.02 03:41:49.535,0.84005,0.84028,1.40,1.67
2014.07.02 03:42:00.708,0.84005,0.84027,2.22,1.19
2014.07.02 03:42:02.090,0.84006,0.84028,1.47,1.39
2014.07.02 03:42:02.640,0.84005,0.84025,2.22,1.25
2014.07.02 03:42:23.473,0.84005,0.84025,1.32,1.00
2014.07.02 03:42:24.092,0.84005,0.84025,1.32,1.19
2014.07.02 03:42:34.405,0.84004,0.84026,1.69,3.72
2014.07.02 03:42:46.365,0.84004,0.84026,1.77,3.72
2014.07.02 03:42:59.145,0.84005,0.84023,1.00,1.29
2014.07.02 03:42:59.452,0.83997,0.84015,1.09,1.00
2014.07.02 03:42:59.502,0.83996,0.84015,1.74,1.00
2014.07.02 03:42:59.603,0.83996,0.84016,1.19,2.82
2014.07.02 03:42:59.654,0.83992,0.84016,1.72,3.57
2014.07.02 03:42:59.705,0.83992,0.84015,1.72,1.69
2014.07.02 03:43:00.826,0.83995,0.84015,1.00,2.44
2014.07.02 03:43:01.161,0.83999,0.84016,1.00,1.47
2014.07.02 03:43:02.650,0.83995,0.84014,1.19,1.50
2014.07.02 03:43:03.191,0.83995,0.84013,1.00,1.69
2014.07.02 03:43:04.129,0.83999,0.84015,1.00,1.39
2014.07.02 03:43:04.650,0.83995,0.84015,1.00,2.89
2014.07.02 03:43:05.070,0.84,0.84015,1.00,2.89
2014.07.02 03:43:05.431,0.84,0.84016,1.00,1.37
2014.07.02 03:43:06.657,0.83995,0.84016,1.57,1.37
2014.07.02 03:43:07.049,0.84,0.84016,1.00,2.97
2014.07.02 03:43:08.618,0.83995,0.84016,1.19,1.74
2014.07.02 03:43:09.471,0.83995,0.84015,1.25,1.39
2014.07.02 03:43:12.122,0.83992,0.84014,1.72,1.69
2014.07.02 03:43:12.383,0.83992,0.84013,1.57,1.84
2014.07.02 03:43:12.823,0.83992,0.84013,1.29,1.69
2014.07.02 03:43:13.579,0.83992,0.84013,1.29,1.69
2014.07.02 03:43:22.110,0.83992,0.84013,1.29,2.07
2014.07.02 03:43:23.914,0.83992,0.84013,1.29,2.07
2014.07.02 03:43:27.022,0.83992,0.84013,1.29,2.07
2014.07.02 03:43:28.125,0.83992,0.84013,1.29,1.88
2014.07.02 03:43:29.038,0.83995,0.84013,1.19,1.50
2014.07.02 03:43:29.242,0.83995,0.84015,1.84,1.25
2014.07.02 03:43:29.747,0.83995,0.84016,1.47,1.69
2014.07.02 03:43:29.899,0.83995,0.84016,1.29,1.69
2014.07.02 03:43:30.580,0.83993,0.84015,1.72,1.00
2014.07.02 03:43:32.410,0.83993,0.84015,1.72,1.00
2014.07.02 03:43:33.695,0.83993,0.84015,1.72,1.25
2014.07.02 03:43:36.502,0.83995,0.84015,1.29,1.25
2014.07.02 03:43:36.901,0.83995,0.8401,1.19,1.00
2014.07.02 03:43:37.054,0.83993,0.84014,1.37,1.69
2014.07.02 03:43:37.504,0.83995,0.84015,1.47,1.25
2014.07.02 03:43:39.837,0.83996,0.84017,1.37,1.69
2014.07.02 03:43:40.723,0.83995,0.84017,2.22,1.50
2014.07.02 03:43:42.844,0.83995,0.84017,2.22,1.69
2014.07.02 03:43:44.836,0.83995,0.84017,2.22,1.69
2014.07.02 03:43:46.399,0.83995,0.84018,2.22,2.07
2014.07.02 03:43:47.857,0.83995,0.84019,2.22,2.82
2014.07.02 03:43:48.174,0.83999,0.84022,1.40,2.89
2014.07.02 03:43:48.477,0.83997,0.84015,1.34,1.00
2014.07.02 03:43:48.683,0.83997,0.84015,1.37,1.00
2014.07.02 03:43:49.040,0.83997,0.84019,1.37,1.19
2014.07.02 03:43:49.274,0.83996,0.84018,1.47,1.19
2014.07.02 03:43:49.612,0.83997,0.84019,1.47,1.19
2014.07.02 03:43:50.184,0.84,0.84019,1.00,1.19
2014.07.02 03:43:50.793,0.84,0.8402,1.69,1.25
2014.07.02 03:43:51.401,0.83999,0.8402,1.32,2.44
2014.07.02 03:43:52.592,0.84,0.8402,1.19,1.25
2014.07.02 03:43:54.397,0.84,0.8402,1.25,1.13
2014.07.02 03:43:55.440,0.84,0.8402,1.69,1.00
2014.07.02 03:43:57.100,0.84,0.84021,1.19,1.25
2014.07.02 03:43:57.150,0.83998,0.84021,1.67,1.25
2014.07.02 03:43:57.820,0.83999,0.8402,1.32,1.50
2014.07.02 03:43:58.635,0.84,0.8402,1.25,1.19
2014.07.02 03:43:59.518,0.84,0.8402,1.19,1.25
2014.07.02 03:44:00.257,0.84004,0.84021,1.00,1.19
2014.07.02 03:44:00.935,0.84004,0.84022,1.00,2.14
2014.07.02 03:44:04.851,0.84004,0.84022,1.00,2.14
2014.07.02 03:44:05.841,0.84004,0.84022,1.00,2.89
2014.07.02 03:44:08.869,0.84004,0.84022,1.00,2.14
2014.07.02 03:44:09.973,0.84004,0.84022,1.00,2.89
2014.07.02 03:44:10.975,0.84004,0.84022,1.00,1.39
2014.07.02 03:44:12.681,0.84004,0.84023,1.00,2.97
2014.07.02 03:44:18.298,0.84001,0.8402,1.19,1.00
2014.07.02 03:44:19.068,0.84005,0.84022,1.00,1.39
2014.07.02 03:44:20.706,0.84005,0.84022,1.00,1.39
2014.07.02 03:44:21.421,0.84,0.8402,1.02,1.00
2014.07.02 03:44:23.123,0.84,0.8402,1.77,1.25
2014.07.02 03:44:25.491,0.84,0.8402,2.14,1.25
2014.07.02 03:44:33.189,0.84005,0.84023,1.00,2.14
2014.07.02 03:44:36.374,0.84005,0.84022,1.00,1.19
2014.07.02 03:44:38.682,0.84005,0.84023,1.00,1.77
2014.07.02 03:44:39.686,0.84005,0.84023,1.00,2.52
2014.07.02 03:44:42.095,0.84005,0.84022,1.00,1.19
2014.07.02 03:44:43.298,0.84005,0.84023,1.00,2.52
2014.07.02 03:44:45.020,0.84005,0.84023,1.00,1.77
2014.07.02 03:44:46.807,0.84005,0.84023,1.00,2.52
2014.07.02 03:44:53.126,0.84005,0.84022,1.00,1.19
2014.07.02 03:44:54.430,0.84005,0.84022,1.00,1.19
2014.07.02 03:44:58.612,0.84,0.84021,1.72,1.50
2014.07.02 03:44:58.829,0.84005,0.84024,1.00,1.32
2014.07.02 03:44:58.879,0.84005,0.84025,1.00,1.67
2014.07.02 03:44:58.980,0.84006,0.84027,1.19,1.84
2014.07.02 03:44:59.031,0.84006,0.84027,1.27,1.69
2014.07.02 03:44:59.134,0.84006,0.84025,1.34,1.50
2014.07.02 03:44:59.681,0.84005,0.84027,1.47,1.69
2014.07.02 03:45:00.186,0.8401,0.84028,1.00,1.29
2014.07.02 03:45:00.288,0.8401,0.8403,1.25,2.89
2014.07.02 03:45:02.385,0.8401,0.8403,1.00,3.57
2014.07.02 03:45:03.385,0.8401,0.8403,1.25,2.82
2014.07.02 03:45:05.104,0.84007,0.8403,1.47,2.82
2014.07.02 03:45:05.166,0.84007,0.84026,1.47,1.50
2014.07.02 03:45:15.129,0.84007,0.84026,1.47,1.50
2014.07.02 03:45:21.035,0.84007,0.84025,1.39,1.00
2014.07.02 03:45:21.271,0.84006,0.84025,1.74,1.00
2014.07.02 03:45:30.068,0.84006,0.84025,1.74,1.00
2014.07.02 03:45:35.311,0.84004,0.84025,1.47,1.00
2014.07.02 03:45:35.512,0.84003,0.84025,1.74,3.19
2014.07.02 03:45:36.600,0.84002,0.84024,1.37,1.29
2014.07.02 03:45:40.608,0.84002,0.84024,1.37,1.39
2014.07.02 03:45:42.513,0.84001,0.84025,1.47,3.72
2014.07.02 03:45:45.238,0.84002,0.84024,1.37,1.39
2014.07.02 03:45:46.041,0.84004,0.84025,1.19,2.97
2014.07.02 03:45:49.554,0.84002,0.84025,1.47,2.59
2014.07.02 03:45:54.470,0.84003,0.84025,1.29,3.34
2014.07.02 03:45:59.139,0.84002,0.84024,1.32,2.59
2014.07.02 03:45:59.191,0.84,0.84023,1.39,1.72
2014.07.02 03:46:00.193,0.83999,0.84021,1.67,1.25
2014.07.02 03:46:03.649,0.83998,0.84021,1.74,1.25
2014.07.02 03:46:04.909,0.83998,0.84021,1.74,1.19
2014.07.02 03:46:05.442,0.83997,0.84021,1.72,1.69
2014.07.02 03:46:05.694,0.83997,0.8402,1.39,1.47
2014.07.02 03:46:06.636,0.83995,0.84019,2.22,1.29
2014.07.02 03:46:07.639,0.83995,0.8402,1.72,3.72
2014.07.02 03:46:08.742,0.83995,0.84019,2.22,1.29
2014.07.02 03:46:09.846,0.83996,0.84019,1.74,1.29
2014.07.02 03:46:15.408,0.83998,0.8402,1.19,2.22
2014.07.02 03:46:17.046,0.83997,0.8402,1.32,2.22
2014.07.02 03:46:18.076,0.83996,0.8402,1.67,2.22
2014.07.02 03:46:26.523,0.83996,0.84018,1.67,1.37
2014.07.02 03:46:27.738,0.83996,0.8402,1.67,2.22
2014.07.02 03:46:29.532,0.83997,0.84019,1.32,1.34
2014.07.02 03:46:31.539,0.83996,0.8402,1.67,2.22
2014.07.02 03:46:35.352,0.83998,0.8402,1.19,2.22
2014.07.02 03:46:37.861,0.83998,0.8402,1.19,2.22
2014.07.02 03:46:39.566,0.83997,0.84019,1.19,1.72
2014.07.02 03:46:45.096,0.84,0.84019,1.00,1.34
2014.07.02 03:46:47.506,0.83999,0.8402,1.19,1.47
2014.07.02 03:46:53.158,0.83999,0.84021,1.32,1.34
2014.07.02 03:46:54.257,0.83998,0.8402,1.67,1.84
2014.07.02 03:46:55.231,0.83997,0.84019,1.37,1.39
2014.07.02 03:46:56.384,0.84,0.84019,1.00,1.39
2014.07.02 03:46:58.559,0.84,0.84019,1.00,1.39
2014.07.02 03:47:01.447,0.83997,0.84019,1.37,1.39
2014.07.02 03:47:02.018,0.83997,0.84019,1.19,1.72
2014.07.02 03:47:02.534,0.83996,0.84018,1.19,1.74
2014.07.02 03:47:03.055,0.83999,0.84018,1.00,1.67
2014.07.02 03:47:03.669,0.84,0.84018,1.00,1.67
2014.07.02 03:47:10.576,0.83996,0.84015,1.37,1.00
2014.07.02 03:47:11.075,0.83999,0.84018,1.00,1.39
2014.07.02 03:47:11.643,0.83999,0.84019,1.25,1.37
2014.07.02 03:47:15.914,0.84,0.84019,1.00,1.37
2014.07.02 03:47:16.526,0.84,0.84019,1.00,1.37
2014.07.02 03:47:22.054,0.84,0.8402,1.00,2.22
2014.07.02 03:47:25.154,0.84,0.84018,1.00,1.19
2014.07.02 03:47:32.489,0.84,0.8402,1.25,2.22
2014.07.02 03:47:35.400,0.84,0.84019,1.00,1.29
2014.07.02 03:47:43.083,0.83997,0.84016,1.37,1.00
2014.07.02 03:47:48.804,0.83997,0.84015,1.19,1.00
2014.07.02 03:47:51.351,0.83996,0.84015,1.32,1.00
2014.07.02 03:47:54.189,0.83995,0.84015,2.14,1.00
2014.07.02 03:47:55.956,0.83996,0.84016,1.47,1.25
2014.07.02 03:47:59.804,0.84,0.84018,1.00,1.19
2014.07.02 03:48:15.140,0.84,0.84018,1.00,1.19
2014.07.02 03:48:16.544,0.84,0.84018,1.00,1.19
2014.07.02 03:48:17.019,0.83995,0.84015,1.47,1.00
2014.07.02 03:48:25.242,0.83996,0.84015,1.29,1.00
2014.07.02 03:48:26.194,0.83996,0.84015,1.29,1.00
2014.07.02 03:48:30.339,0.83995,0.84015,1.47,1.00
2014.07.02 03:48:32.575,0.83995,0.84015,1.32,1.10
2014.07.02 03:48:33.121,0.83994,0.84014,1.84,1.50
2014.07.02 03:48:33.626,0.83995,0.84015,1.19,1.25
2014.07.02 03:48:34.526,0.83995,0.84015,1.25,1.69
2014.07.02 03:48:39.863,0.83995,0.84015,1.00,3.19
2014.07.02 03:48:41.768,0.83995,0.84016,1.29,1.29
2014.07.02 03:48:42.122,0.83995,0.84016,1.72,1.19
2014.07.02 03:48:42.848,0.83999,0.84017,1.00,1.19
2014.07.02 03:48:44.885,0.83999,0.84019,1.00,2.97
2014.07.02 03:48:49.597,0.83999,0.84018,1.00,1.39
2014.07.02 03:48:53.763,0.83995,0.84015,2.22,1.00
2014.07.02 03:49:00.364,0.84,0.84018,1.00,2.44
2014.07.02 03:49:04.448,0.84,0.84016,1.00,1.19
2014.07.02 03:49:05.450,0.84,0.84016,1.00,1.29
2014.07.02 03:49:08.991,0.84,0.84016,1.00,1.29
2014.07.02 03:49:11.787,0.84,0.84017,1.00,1.37
2014.07.02 03:49:13.492,0.84,0.84017,1.00,1.37
2014.07.02 03:49:14.696,0.84,0.84017,1.00,1.37
2014.07.02 03:49:22.452,0.83995,0.84015,2.14,1.00
2014.07.02 03:49:22.704,0.84,0.84015,1.00,1.19
2014.07.02 03:49:24.631,0.84,0.84016,1.00,2.52
2014.07.02 03:49:26.037,0.84,0.84016,1.00,2.52
2014.07.02 03:49:27.440,0.84,0.84016,1.00,1.77
2014.07.02 03:49:28.541,0.84,0.84016,1.00,2.52
2014.07.02 03:49:29.548,0.84,0.84016,1.00,1.77
2014.07.02 03:49:32.133,0.83999,0.84018,1.00,1.27
2014.07.02 03:49:37.187,0.83999,0.84018,1.00,2.52
2014.07.02 03:49:41.099,0.83999,0.84017,1.00,1.29
2014.07.02 03:49:42.100,0.83999,0.84016,1.00,1.19
2014.07.02 03:49:43.572,0.83994,0.84016,2.22,1.69
2014.07.02 03:49:44.042,0.83994,0.84014,1.00,1.27
2014.07.02 03:49:44.144,0.83989,0.84011,2.07,1.37
2014.07.02 03:49:45.213,0.8399,0.84011,1.25,1.37
2014.07.02 03:49:53.552,0.8399,0.84012,1.25,1.47
2014.07.02 03:49:55.758,0.8399,0.84011,1.25,1.37
2014.07.02 03:49:59.568,0.8399,0.84011,1.19,1.37
2014.07.02 03:50:01.877,0.8399,0.8401,1.00,1.29
2014.07.02 03:50:04.296,0.8399,0.84011,1.25,1.34
2014.07.02 03:50:05.515,0.8399,0.84013,1.25,1.72
2014.07.02 03:50:06.606,0.8399,0.8401,1.00,1.39
2014.07.02 03:50:07.133,0.83988,0.84009,1.57,1.84
2014.07.02 03:50:12.003,0.83988,0.8401,1.27,3.34
2014.07.02 03:50:14.136,0.83988,0.8401,1.37,3.19
2014.07.02 03:50:14.288,0.8399,0.84011,1.77,1.69
2014.07.02 03:50:15.296,0.8399,0.84011,1.33,1.19
2014.07.02 03:50:22.072,0.8399,0.84011,1.37,2.44
2014.07.02 03:50:30.305,0.8399,0.84011,1.69,1.77
2014.07.02 03:50:32.973,0.8399,0.84012,1.84,1.77
2014.07.02 03:50:35.938,0.83991,0.84012,1.29,1.77
2014.07.02 03:50:37.544,0.8399,0.84012,1.47,1.77
2014.07.02 03:50:38.546,0.8399,0.84012,2.22,2.52
2014.07.02 03:50:43.766,0.83991,0.84012,1.29,1.58
2014.07.02 03:50:45.061,0.83991,0.8401,1.29,1.00
2014.07.02 03:50:47.513,0.8399,0.84011,1.39,2.44
2014.07.02 03:50:47.841,0.8399,0.84011,1.32,2.59
2014.07.02 03:50:48.386,0.83989,0.8401,1.57,1.09
2014.07.02 03:50:51.611,0.83995,0.84011,1.00,2.59
2014.07.02 03:50:51.763,0.83995,0.84013,1.00,1.37
2014.07.02 03:50:52.602,0.83991,0.84013,1.67,1.37
2014.07.02 03:50:53.109,0.83994,0.84014,1.25,1.47
2014.07.02 03:50:54.428,0.83991,0.84012,1.67,1.77
2014.07.02 03:50:54.630,0.83995,0.84013,1.00,1.47
2014.07.02 03:50:54.832,0.83995,0.84015,1.00,1.47
2014.07.02 03:50:56.162,0.83991,0.84012,1.37,1.50
2014.07.02 03:50:56.373,0.83995,0.84011,1.00,1.50
2014.07.02 03:50:56.524,0.83995,0.84015,1.00,2.22
2014.07.02 03:50:57.298,0.83995,0.84015,1.25,2.22
2014.07.02 03:50:57.893,0.83992,0.84015,1.67,1.47
2014.07.02 03:50:58.044,0.83992,0.84013,1.57,1.65
2014.07.02 03:50:58.586,0.83992,0.84013,1.57,1.50
2014.07.02 03:50:59.261,0.83992,0.84013,1.57,1.69
2014.07.02 03:51:02.391,0.83992,0.8401,1.57,1.00
2014.07.02 03:51:03.083,0.83995,0.84013,1.00,1.69
2014.07.02 03:51:04.112,0.83995,0.84015,1.00,1.39
2014.07.02 03:51:05.066,0.83995,0.84014,1.00,1.19
2014.07.02 03:51:11.706,0.83995,0.84015,1.25,2.14
2014.07.02 03:51:14.468,0.83995,0.84015,1.25,1.10
2014.07.02 03:51:15.728,0.83995,0.84016,1.19,1.09
2014.07.02 03:51:20.838,0.83995,0.84016,1.19,1.37
2014.07.02 03:51:25.163,0.83996,0.84016,1.19,1.09
2014.07.02 03:51:30.571,0.83995,0.84016,1.19,1.18
2014.07.02 03:51:34.479,0.83995,0.84016,1.19,1.09
2014.07.02 03:51:35.731,0.83995,0.84016,1.19,1.37
2014.07.02 03:51:37.967,0.83996,0.84016,1.19,1.09
2014.07.02 03:51:45.259,0.83995,0.84016,1.32,1.18
2014.07.02 03:51:46.881,0.83996,0.84016,1.19,1.18
2014.07.02 03:51:48.466,0.83996,0.84016,1.19,1.09
2014.07.02 03:51:51.071,0.83995,0.84015,2.07,1.10
2014.07.02 03:51:53.534,0.83995,0.84015,2.07,1.18
2014.07.02 03:51:53.836,0.83991,0.8401,1.39,1.00
2014.07.02 03:51:54.391,0.8399,0.8401,2.07,1.00
2014.07.02 03:51:55.315,0.8399,0.8401,1.69,1.00
2014.07.02 03:51:56.076,0.8399,0.8401,1.69,1.15
2014.07.02 03:51:56.734,0.8399,0.8401,1.19,1.40
2014.07.02 03:52:04.639,0.8399,0.8401,1.25,1.84
2014.07.02 03:52:07.117,0.83989,0.84005,1.19,1.00
2014.07.02 03:52:07.348,0.8399,0.8401,1.25,1.34
2014.07.02 03:52:07.950,0.8399,0.84009,1.00,1.39
2014.07.02 03:52:09.356,0.8399,0.84009,1.00,1.39
2014.07.02 03:52:10.660,0.8399,0.84009,1.00,1.39
2014.07.02 03:52:14.370,0.8399,0.8401,1.19,1.40
2014.07.02 03:52:16.309,0.8399,0.8401,1.69,1.40
2014.07.02 03:52:18.885,0.8399,0.8401,1.00,3.34
2014.07.02 03:52:20.859,0.83987,0.84005,1.67,1.00
2014.07.02 03:52:21.629,0.8399,0.84009,1.00,1.37
2014.07.02 03:52:24.050,0.83987,0.84005,1.29,1.00
2014.07.02 03:52:25.087,0.83989,0.8401,1.00,2.97
2014.07.02 03:52:25.599,0.83989,0.84005,1.19,1.00
2014.07.02 03:52:26.453,0.83987,0.84005,1.29,1.00
2014.07.02 03:52:28.562,0.8399,0.84009,1.00,1.37
2014.07.02 03:52:31.860,0.83988,0.84005,1.19,1.00
2014.07.02 03:52:41.539,0.83989,0.8401,1.25,2.97
2014.07.02 03:52:47.882,0.83989,0.84009,1.25,1.37
2014.07.02 03:53:05.361,0.8399,0.8401,1.00,2.22
2014.07.02 03:53:05.412,0.8399,0.8401,1.38,1.77
2014.07.02 03:53:05.463,0.8399,0.8401,2.14,1.00
2014.07.02 03:53:05.513,0.8399,0.8401,2.14,1.08
2014.07.02 03:53:05.665,0.8399,0.8401,2.07,1.10
2014.07.02 03:53:05.766,0.8399,0.8401,1.00,2.52
2014.07.02 03:53:05.867,0.8399,0.8401,1.69,2.52
2014.07.02 03:53:07.068,0.8399,0.8401,1.69,1.15
2014.07.02 03:53:07.356,0.8399,0.8401,2.07,1.00
2014.07.02 03:53:07.866,0.83991,0.8401,1.19,1.18
2014.07.02 03:53:08.711,0.8399,0.8401,1.19,1.47
2014.07.02 03:53:08.862,0.83989,0.84005,1.19,1.00
2014.07.02 03:53:09.308,0.8399,0.8401,1.19,1.47
2014.07.02 03:53:10.094,0.8399,0.8401,1.25,3.72
2014.07.02 03:53:10.279,0.83988,0.84005,1.39,1.00
2014.07.02 03:53:10.803,0.83988,0.84005,1.39,1.00
2014.07.02 03:53:10.853,0.8399,0.8401,1.00,2.97
2014.07.02 03:53:12.388,0.8399,0.8401,1.00,3.72
2014.07.02 03:53:13.593,0.83988,0.84005,1.32,1.00
2014.07.02 03:53:14.129,0.8399,0.84009,1.00,1.72
2014.07.02 03:53:18.476,0.8399,0.84006,1.00,1.39
2014.07.02 03:53:23.058,0.83985,0.84005,1.10,1.69
2014.07.02 03:53:23.411,0.83983,0.84001,1.19,1.00
2014.07.02 03:53:23.462,0.8398,0.84001,1.37,1.19
2014.07.02 03:53:23.614,0.83985,0.84002,1.00,1.39
2014.07.02 03:53:24.475,0.83985,0.84001,1.00,1.37
2014.07.02 03:53:24.579,0.8398,0.84,1.25,1.29
2014.07.02 03:53:26.861,0.8398,0.83999,1.00,2.44
2014.07.02 03:53:28.868,0.8398,0.83999,1.00,2.82
2014.07.02 03:53:31.674,0.8398,0.83999,1.00,2.07
2014.07.02 03:53:48.346,0.8398,0.83999,1.00,1.39
2014.07.02 03:53:53.546,0.8398,0.84,1.25,3.72
2014.07.02 03:54:01.290,0.8398,0.84,1.29,2.82
2014.07.02 03:54:03.759,0.8398,0.84,1.29,2.44
2014.07.02 03:54:04.262,0.8398,0.84,1.02,1.69
2014.07.02 03:54:04.929,0.8398,0.84,1.02,1.00
2014.07.02 03:54:08.817,0.8398,0.84,1.02,1.19
2014.07.02 03:54:11.830,0.8398,0.84,1.02,1.00
2014.07.02 03:54:14.236,0.8398,0.84,1.77,1.25
2014.07.02 03:54:16.844,0.8398,0.84,1.48,1.69
2014.07.02 03:54:17.663,0.8398,0.84,1.10,1.69
2014.07.02 03:54:19.693,0.8398,0.84,1.02,1.19
2014.07.02 03:54:26.630,0.8398,0.84,1.02,1.00
2014.07.02 03:54:27.615,0.8398,0.84,1.29,1.25
2014.07.02 03:54:29.613,0.8398,0.84,1.00,1.02
2014.07.02 03:54:30.204,0.83979,0.84001,1.02,1.27
2014.07.02 03:54:30.737,0.83979,0.84001,1.02,1.64
2014.07.02 03:54:34.122,0.83979,0.84001,1.29,2.14
2014.07.02 03:54:36.130,0.83979,0.84001,1.02,1.64
2014.07.02 03:54:36.836,0.8398,0.84,1.00,1.39
2014.07.02 03:54:38.443,0.8398,0.84,1.00,1.77
2014.07.02 03:54:39.546,0.8398,0.84,1.25,1.29
2014.07.02 03:54:42.683,0.8398,0.84,1.00,1.02
2014.07.02 03:54:46.744,0.8398,0.84,1.19,1.02
2014.07.02 03:54:49.148,0.83979,0.84001,1.69,1.39
2014.07.02 03:54:50.212,0.83979,0.84001,1.25,1.47
2014.07.02 03:54:51.228,0.83979,0.84001,1.19,3.72
2014.07.02 03:54:53.878,0.83978,0.83995,1.32,1.00
2014.07.02 03:54:55.229,0.83977,0.83995,1.67,1.00
2014.07.02 03:54:56.233,0.83975,0.83995,2.22,1.00
2014.07.02 03:54:57.069,0.8398,0.83999,1.00,2.97
2014.07.02 03:54:57.636,0.8398,0.83999,1.00,2.97
2014.07.02 03:54:58.944,0.8398,0.83998,1.00,1.39
2014.07.02 03:54:59.460,0.83979,0.83998,1.00,1.39
2014.07.02 03:55:00.151,0.83979,0.83998,1.00,1.39
2014.07.02 03:55:01.694,0.83979,0.83999,1.25,1.74
2014.07.02 03:55:02.349,0.83984,0.83999,1.00,1.74
2014.07.02 03:55:07.208,0.83984,0.83999,1.00,1.47
2014.07.02 03:55:07.562,0.8398,0.83999,1.00,1.47
2014.07.02 03:55:07.763,0.8398,0.84,1.25,1.53
2014.07.02 03:55:07.864,0.8398,0.84,1.25,1.38
2014.07.02 03:55:10.143,0.8398,0.84,1.00,1.47
2014.07.02 03:55:10.412,0.83975,0.83995,1.25,1.27
2014.07.02 03:55:12.219,0.83975,0.83995,1.19,1.39
2014.07.02 03:55:13.253,0.83975,0.83995,1.32,1.02
2014.07.02 03:55:19.482,0.83975,0.83995,1.02,1.00
2014.07.02 03:55:21.793,0.83975,0.83995,1.29,1.25
2014.07.02 03:55:22.367,0.8398,0.83996,1.00,2.14
2014.07.02 03:55:23.849,0.8398,0.83994,1.00,1.50
2014.07.02 03:55:24.151,0.8398,0.83992,1.00,1.50
2014.07.02 03:55:24.202,0.83975,0.83992,1.00,1.50
2014.07.02 03:55:26.288,0.83975,0.83994,1.25,2.14
2014.07.02 03:55:26.399,0.83975,0.83995,1.69,2.33
2014.07.02 03:55:26.702,0.8398,0.83997,1.00,1.39
2014.07.02 03:55:27.597,0.83976,0.83995,1.37,1.00
2014.07.02 03:55:30.937,0.83976,0.83995,1.37,1.00
2014.07.02 03:55:32.921,0.83979,0.83998,1.00,1.29
2014.07.02 03:55:36.983,0.83979,0.84,1.00,1.47
2014.07.02 03:55:40.988,0.83979,0.83999,1.25,2.59
2014.07.02 03:55:41.992,0.83979,0.83999,1.00,1.84
2014.07.02 03:55:45.561,0.83985,0.83999,1.00,1.84
2014.07.02 03:55:46.077,0.8398,0.83999,1.00,1.84
2014.07.02 03:55:54.597,0.8398,0.84,1.00,3.72
2014.07.02 03:55:55.562,0.8398,0.83999,1.00,1.29
2014.07.02 03:55:59.676,0.8398,0.83998,1.00,1.19
2014.07.02 03:56:05.900,0.8398,0.83999,1.00,1.29
2014.07.02 03:56:17.346,0.83985,0.84,1.00,2.97
2014.07.02 03:56:17.677,0.8398,0.84,1.00,3.72
2014.07.02 03:56:19.770,0.8398,0.83999,1.00,1.34
2014.07.02 03:56:21.373,0.8398,0.83999,1.00,1.34
2014.07.02 03:56:30.833,0.8398,0.83999,1.00,1.29
2014.07.02 03:56:32.913,0.8398,0.83999,1.00,1.29
2014.07.02 03:56:37.008,0.8398,0.84,2.07,1.25
2014.07.02 03:56:37.908,0.8398,0.84,1.25,2.07
2014.07.02 03:56:39.113,0.8398,0.83999,1.00,1.19
2014.07.02 03:56:47.135,0.8398,0.84,1.00,3.57
2014.07.02 03:56:49.841,0.8398,0.84,1.00,3.57
2014.07.02 03:56:55.895,0.8398,0.84,1.25,3.57
2014.07.02 03:57:03.078,0.8398,0.84,1.00,2.14
2014.07.02 03:57:06.410,0.8398,0.84,1.25,2.14
2014.07.02 03:57:08.851,0.8398,0.84,1.25,2.22
2014.07.02 03:57:09.434,0.8398,0.84,1.25,1.39
2014.07.02 03:57:12.229,0.8398,0.84,1.00,2.14
2014.07.02 03:57:26.280,0.8398,0.83999,1.00,1.29
2014.07.02 03:57:27.585,0.8398,0.84,1.00,2.14
2014.07.02 03:57:28.605,0.8398,0.83999,1.00,1.29
2014.07.02 03:57:29.699,0.8398,0.83999,1.00,1.29
2014.07.02 03:57:34.714,0.8398,0.83999,1.00,1.27
2014.07.02 03:57:37.825,0.8398,0.83999,1.00,1.39
2014.07.02 03:57:38.306,0.83985,0.83999,1.00,1.39
2014.07.02 03:57:38.778,0.83985,0.84001,1.00,1.19
2014.07.02 03:57:38.879,0.83984,0.84004,1.25,1.27
2014.07.02 03:57:39.205,0.83989,0.84004,1.00,1.32
2014.07.02 03:57:39.843,0.83989,0.84004,1.00,1.57
2014.07.02 03:57:39.893,0.83982,0.84,1.37,1.00
2014.07.02 03:57:40.045,0.8398,0.84,1.84,1.13
2014.07.02 03:57:40.095,0.83985,0.84002,1.00,1.67
2014.07.02 03:57:41.637,0.8398,0.84,1.84,1.32
2014.07.02 03:57:42.044,0.83985,0.84001,1.00,1.57
2014.07.02 03:57:42.579,0.83985,0.84003,1.00,1.74
2014.07.02 03:57:43.586,0.83981,0.84,1.29,1.13
2014.07.02 03:57:43.807,0.83985,0.84,1.00,1.32
2014.07.02 03:57:44.682,0.83985,0.84001,1.00,1.57
2014.07.02 03:57:45.786,0.83985,0.84001,1.00,1.57
2014.07.02 03:57:47.998,0.83985,0.84001,1.00,1.57
2014.07.02 03:57:52.605,0.8398,0.84,1.84,1.13
2014.07.02 03:57:54.939,0.8398,0.84,1.84,1.32
2014.07.02 03:57:59.177,0.83981,0.84,1.29,1.00
2014.07.02 03:58:00.149,0.83981,0.84,1.29,1.00
2014.07.02 03:58:02.295,0.83984,0.84002,1.00,1.32
2014.07.02 03:58:02.756,0.8398,0.84,2.22,1.00
2014.07.02 03:58:04.876,0.8398,0.84,1.47,1.19
2014.07.02 03:58:05.425,0.8398,0.84,1.84,1.13
2014.07.02 03:58:06.277,0.83981,0.84,1.37,1.13
2014.07.02 03:58:06.379,0.83985,0.84003,1.00,1.67
2014.07.02 03:58:06.805,0.83981,0.84001,1.37,1.38
2014.07.02 03:58:07.354,0.8398,0.84001,1.34,1.63
2014.07.02 03:58:07.687,0.83985,0.84002,1.00,1.57
2014.07.02 03:58:08.565,0.83982,0.84,1.29,1.13
2014.07.02 03:58:09.066,0.8398,0.84,1.47,1.25
2014.07.02 03:58:12.103,0.8398,0.84,1.47,1.19
2014.07.02 03:58:13.208,0.8398,0.84,1.47,1.25
2014.07.02 03:58:17.044,0.8398,0.84,1.47,1.19
2014.07.02 03:58:21.224,0.83979,0.84001,2.22,1.69
2014.07.02 03:58:22.964,0.83979,0.84001,1.72,1.25
2014.07.02 03:58:25.874,0.8398,0.84001,1.47,1.19
2014.07.02 03:58:27.280,0.8398,0.84,1.25,1.77
2014.07.02 03:58:28.815,0.8398,0.84,1.33,1.69
2014.07.02 03:58:29.690,0.8398,0.84,2.22,1.25
2014.07.02 03:58:34.127,0.83981,0.84,1.29,1.00
2014.07.02 03:58:36.626,0.83981,0.84,1.29,1.00
2014.07.02 03:58:39.350,0.83984,0.84,1.19,1.00
2014.07.02 03:58:39.400,0.83985,0.84005,1.19,1.39
2014.07.02 03:58:39.451,0.83987,0.84005,1.19,1.13
2014.07.02 03:58:39.704,0.83986,0.84005,1.39,1.00
2014.07.02 03:58:40.059,0.8399,0.8401,1.00,2.22
2014.07.02 03:58:40.843,0.8399,0.84008,1.00,1.29
2014.07.02 03:58:42.048,0.8399,0.84009,1.00,1.27
2014.07.02 03:58:42.946,0.83989,0.84009,1.25,1.27
2014.07.02 03:58:43.457,0.8399,0.84009,1.00,1.27
2014.07.02 03:58:45.227,0.8399,0.8401,1.25,1.84
2014.07.02 03:58:45.889,0.8399,0.84009,1.00,1.37
2014.07.02 03:58:53.508,0.8399,0.8401,1.00,1.84
2014.07.02 03:59:04.588,0.8399,0.8401,1.32,1.00
2014.07.02 03:59:04.639,0.83995,0.84013,1.00,1.34
2014.07.02 03:59:05.385,0.83995,0.84014,1.00,1.29
2014.07.02 03:59:05.486,0.83994,0.84016,1.69,2.22
2014.07.02 03:59:06.877,0.83995,0.84014,1.00,1.39
2014.07.02 03:59:06.978,0.83995,0.84013,1.00,1.19
2014.07.02 03:59:07.962,0.83995,0.84013,1.00,1.39
2014.07.02 03:59:08.573,0.83989,0.84011,2.22,1.00
2014.07.02 03:59:08.902,0.83994,0.84013,1.00,1.39
2014.07.02 03:59:09.279,0.83994,0.84012,1.00,1.19
2014.07.02 03:59:11.071,0.83994,0.84012,1.00,1.19
2014.07.02 03:59:14.068,0.83994,0.84014,1.00,1.34
2014.07.02 03:59:18.825,0.83995,0.84014,1.00,1.34
2014.07.02 03:59:19.853,0.83995,0.84014,1.00,1.27
2014.07.02 03:59:20.220,0.83995,0.84015,1.25,1.84
2014.07.02 03:59:20.433,0.83995,0.84015,1.25,1.84
2014.07.02 03:59:20.534,0.83995,0.84015,1.25,1.77
2014.07.02 03:59:22.873,0.84,0.84016,1.00,1.37
2014.07.02 03:59:23.203,0.83995,0.84015,1.19,1.33
2014.07.02 03:59:23.313,0.84,0.84016,1.00,1.37
2014.07.02 03:59:23.876,0.83995,0.84015,1.19,1.33
2014.07.02 03:59:27.110,0.83995,0.84015,1.69,1.33
2014.07.02 03:59:32.327,0.83995,0.84015,1.19,1.08
2014.07.02 03:59:32.665,0.83999,0.84018,1.00,1.47
2014.07.02 03:59:32.816,0.83999,0.8402,1.00,1.72
2014.07.02 03:59:36.402,0.83996,0.84015,1.32,1.00
2014.07.02 03:59:40.070,0.83995,0.84015,2.07,1.00
2014.07.02 03:59:41.374,0.83997,0.84015,1.19,1.00
2014.07.02 03:59:43.333,0.84,0.84018,1.00,1.47
2014.07.02 03:59:47.198,0.84,0.84019,1.00,1.72
2014.07.02 03:59:48.195,0.84,0.84019,1.00,1.72
2014.07.02 03:59:50.144,0.84,0.8402,1.00,1.78
2014.07.02 03:59:50.447,0.84005,0.84022,1.00,1.34
2014.07.02 03:59:50.598,0.84,0.8402,2.22,1.00
2014.07.02 03:59:52.361,0.84005,0.84025,1.00,2.22
2014.07.02 03:59:52.613,0.84001,0.84025,1.37,1.34
2014.07.02 03:59:52.925,0.84001,0.8402,1.37,1.00
2014.07.02 03:59:53.941,0.84,0.8402,2.14,1.00
2014.07.02 03:59:57.037,0.84,0.8402,1.69,1.18
2014.07.02 03:59:58.135,0.84,0.8402,1.25,1.37
