2016.12.15 12:00:00.172,0.7604,0.76075,1.00,2.25
2016.12.15 12:00:00.675,0.76039,0.76074,1.00,1.00
2016.12.15 12:00:00.932,0.7604,0.76072,1.00,1.00
2016.12.15 12:00:01.438,0.7604,0.76071,1.00,1.50
2016.12.15 12:00:01.853,0.76045,0.76071,1.00,1.00
2016.12.15 12:00:01.904,0.7604,0.76071,1.00,1.00
2016.12.15 12:00:01.954,0.76045,0.76071,1.00,1.00
2016.12.15 12:00:02.532,0.76045,0.76072,1.00,1.00
2016.12.15 12:00:03.037,0.76045,0.76073,1.00,1.37
2016.12.15 12:00:03.577,0.76044,0.76073,1.00,1.75
2016.12.15 12:00:03.989,0.76045,0.76073,1.00,2.62
2016.12.15 12:00:04.090,0.76045,0.76075,1.75,1.75
2016.12.15 12:00:04.340,0.76044,0.76075,1.75,1.75
2016.12.15 12:00:04.690,0.76046,0.76078,1.75,2.25
2016.12.15 12:00:06.179,0.7605,0.76078,1.00,2.25
2016.12.15 12:00:07.911,0.76046,0.76078,1.75,2.25
2016.12.15 12:00:09.516,0.7605,0.76079,1.75,1.35
2016.12.15 12:00:10.017,0.76055,0.76079,1.00,1.35
2016.12.15 12:00:10.323,0.7605,0.76077,1.75,1.75
2016.12.15 12:00:10.424,0.76055,0.76077,1.00,2.25
2016.12.15 12:00:10.525,0.7605,0.76077,1.50,2.25
2016.12.15 12:00:10.576,0.76055,0.76076,1.00,1.75
2016.12.15 12:00:10.626,0.7605,0.76076,1.00,2.25
2016.12.15 12:00:11.217,0.76051,0.76077,1.12,1.75
2016.12.15 12:00:11.318,0.76051,0.76083,1.75,2.25
2016.12.15 12:00:11.484,0.76055,0.76083,1.50,2.25
2016.12.15 12:00:12.006,0.76046,0.76076,2.62,1.37
2016.12.15 12:00:12.057,0.76045,0.76072,1.75,1.00
2016.12.15 12:00:12.108,0.76045,0.76071,1.75,1.37
2016.12.15 12:00:12.259,0.76045,0.76071,1.12,1.75
2016.12.15 12:00:12.521,0.76045,0.76074,2.25,1.75
2016.12.15 12:00:12.726,0.76048,0.76071,1.00,1.00
2016.12.15 12:00:12.802,0.76047,0.76077,1.75,2.25
2016.12.15 12:00:12.953,0.76047,0.7607,1.00,1.00
2016.12.15 12:00:13.104,0.76048,0.76077,1.37,2.25
2016.12.15 12:00:13.155,0.76048,0.76077,1.75,2.25
2016.12.15 12:00:13.205,0.76048,0.76077,1.75,2.25
2016.12.15 12:00:13.462,0.7605,0.76073,1.00,1.00
2016.12.15 12:00:13.615,0.76047,0.76077,1.75,2.25
2016.12.15 12:00:13.865,0.76051,0.76074,1.00,1.00
2016.12.15 12:00:13.915,0.76048,0.76077,1.75,1.75
2016.12.15 12:00:13.966,0.76048,0.76077,1.50,1.75
2016.12.15 12:00:14.130,0.76051,0.76074,1.00,1.00
2016.12.15 12:00:14.462,0.76049,0.76081,3.00,2.25
2016.12.15 12:00:14.613,0.76053,0.7608,2.25,1.75
2016.12.15 12:00:14.714,0.76053,0.7608,2.25,1.50
2016.12.15 12:00:16.473,0.76052,0.7608,1.75,1.75
2016.12.15 12:00:16.940,0.76055,0.76079,1.00,1.00
2016.12.15 12:00:17.493,0.76055,0.76081,1.50,1.75
2016.12.15 12:00:17.594,0.76055,0.76081,1.12,1.75
2016.12.15 12:00:17.833,0.76054,0.76079,1.00,1.75
2016.12.15 12:00:17.934,0.7605,0.7608,2.25,3.00
2016.12.15 12:00:18.078,0.76055,0.76079,1.00,1.75
2016.12.15 12:00:18.179,0.76055,0.76079,1.12,1.75
2016.12.15 12:00:18.230,0.76055,0.76079,1.00,1.75
2016.12.15 12:00:18.335,0.7605,0.76079,2.25,1.75
2016.12.15 12:00:19.606,0.7605,0.76079,2.25,1.75
2016.12.15 12:00:20.152,0.76053,0.76076,1.00,1.00
2016.12.15 12:00:22.835,0.76055,0.76076,1.00,1.00
2016.12.15 12:00:22.885,0.76053,0.76076,1.00,1.00
2016.12.15 12:00:23.504,0.76054,0.76076,1.00,1.00
2016.12.15 12:00:24.008,0.76055,0.76076,1.00,1.00
2016.12.15 12:00:24.214,0.76055,0.76081,1.00,2.62
2016.12.15 12:00:24.466,0.76055,0.76081,2.25,1.50
2016.12.15 12:00:24.517,0.7606,0.76085,1.37,1.75
2016.12.15 12:00:25.059,0.7606,0.76085,1.12,1.75
2016.12.15 12:00:25.361,0.7606,0.76081,1.00,1.75
2016.12.15 12:00:25.462,0.76055,0.7608,1.50,1.50
2016.12.15 12:00:25.814,0.76055,0.7608,1.50,1.50
2016.12.15 12:00:26.261,0.7606,0.7608,1.00,1.75
2016.12.15 12:00:26.463,0.76054,0.76076,1.00,1.37
2016.12.15 12:00:26.614,0.76059,0.76074,1.00,1.00
2016.12.15 12:00:27.243,0.7606,0.76074,1.00,1.00
2016.12.15 12:00:28.581,0.76055,0.76074,1.00,1.00
2016.12.15 12:00:28.862,0.76055,0.76075,1.00,1.75
2016.12.15 12:00:29.019,0.76055,0.76073,1.00,1.00
2016.12.15 12:00:29.523,0.76055,0.76075,1.00,1.37
2016.12.15 12:00:29.897,0.7606,0.76077,1.00,2.25
2016.12.15 12:00:30.218,0.7606,0.76076,1.00,1.00
2016.12.15 12:00:30.369,0.76054,0.76076,1.50,1.12
2016.12.15 12:00:30.470,0.7606,0.76077,1.00,1.50
2016.12.15 12:00:30.983,0.7606,0.76075,1.00,1.00
2016.12.15 12:00:31.554,0.7606,0.76077,1.00,1.75
2016.12.15 12:00:31.990,0.76059,0.76078,1.00,1.75
2016.12.15 12:00:32.370,0.7606,0.76082,1.00,1.37
2016.12.15 12:00:32.628,0.76059,0.76081,1.00,1.37
2016.12.15 12:00:33.130,0.7606,0.76081,1.00,1.50
2016.12.15 12:00:34.457,0.76055,0.7608,1.50,1.37
2016.12.15 12:00:34.508,0.76059,0.76083,1.00,2.25
2016.12.15 12:00:34.559,0.76055,0.7608,1.50,1.37
2016.12.15 12:00:34.734,0.7606,0.76083,1.00,2.25
2016.12.15 12:00:36.732,0.7606,0.76083,1.00,1.75
2016.12.15 12:00:36.984,0.76054,0.76081,2.25,1.75
2016.12.15 12:00:37.135,0.76059,0.7608,1.00,1.75
2016.12.15 12:00:37.383,0.76055,0.7608,1.50,2.25
2016.12.15 12:00:37.433,0.7605,0.76075,2.25,1.00
2016.12.15 12:00:37.484,0.7605,0.76075,1.75,1.00
2016.12.15 12:00:37.535,0.76049,0.76071,1.75,1.00
2016.12.15 12:00:37.585,0.76049,0.76073,1.75,1.00
2016.12.15 12:00:37.758,0.7605,0.76073,1.50,1.50
2016.12.15 12:00:39.076,0.7605,0.76074,1.12,1.75
2016.12.15 12:00:39.560,0.76049,0.76075,1.50,1.50
2016.12.15 12:00:39.862,0.76055,0.76079,1.37,2.25
2016.12.15 12:00:40.164,0.76055,0.76078,1.12,1.75
2016.12.15 12:00:40.632,0.76049,0.76075,1.75,1.12
2016.12.15 12:00:40.767,0.76055,0.76077,1.00,1.75
2016.12.15 12:00:41.528,0.7605,0.76075,1.75,1.12
2016.12.15 12:00:41.579,0.76055,0.76076,1.00,1.50
2016.12.15 12:00:41.630,0.7605,0.76075,1.75,1.12
2016.12.15 12:00:41.680,0.7605,0.76074,1.75,1.37
2016.12.15 12:00:42.028,0.76045,0.76069,1.75,1.12
2016.12.15 12:00:42.084,0.76045,0.76068,1.50,1.87
2016.12.15 12:00:42.397,0.76045,0.76067,1.00,1.50
2016.12.15 12:00:42.789,0.7605,0.76071,1.37,1.87
2016.12.15 12:00:42.840,0.76046,0.76071,1.75,1.00
2016.12.15 12:00:42.991,0.76049,0.76071,1.00,1.00
2016.12.15 12:00:43.493,0.76049,0.76072,1.00,1.00
2016.12.15 12:00:44.248,0.76055,0.76072,1.00,1.00
2016.12.15 12:00:44.298,0.76052,0.76075,1.00,2.10
2016.12.15 12:00:44.500,0.76049,0.76073,1.75,2.85
2016.12.15 12:00:44.601,0.76049,0.76071,1.12,1.67
2016.12.15 12:00:45.246,0.7605,0.7607,1.00,1.30
2016.12.15 12:00:45.459,0.76054,0.76075,1.00,1.75
2016.12.15 12:00:45.510,0.7605,0.76075,1.50,1.87
2016.12.15 12:00:45.930,0.76055,0.76077,1.00,2.10
2016.12.15 12:00:46.298,0.76055,0.76078,1.12,2.85
2016.12.15 12:00:48.646,0.7605,0.76075,1.75,1.00
2016.12.15 12:00:48.806,0.7605,0.76074,1.50,1.37
2016.12.15 12:00:49.061,0.7605,0.76074,1.50,1.00
2016.12.15 12:00:49.314,0.76049,0.76074,2.25,1.12
2016.12.15 12:00:49.583,0.76049,0.76075,2.25,1.00
2016.12.15 12:00:50.086,0.76055,0.76077,1.00,1.35
2016.12.15 12:00:50.237,0.76055,0.76077,1.12,1.30
2016.12.15 12:00:51.013,0.7605,0.76075,2.25,1.00
2016.12.15 12:00:51.555,0.7605,0.76076,1.75,1.00
2016.12.15 12:00:52.104,0.76051,0.76075,1.75,1.00
2016.12.15 12:00:52.958,0.76055,0.76077,1.12,1.72
2016.12.15 12:00:53.411,0.76054,0.76081,2.25,2.10
2016.12.15 12:00:54.090,0.7606,0.76081,1.00,1.35
2016.12.15 12:00:54.242,0.7606,0.76085,1.12,1.75
2016.12.15 12:00:54.393,0.7606,0.76082,1.37,1.00
2016.12.15 12:00:54.443,0.7606,0.76084,1.75,1.12
2016.12.15 12:00:54.645,0.76065,0.76084,1.00,1.12
2016.12.15 12:00:55.136,0.76065,0.76087,1.00,1.00
2016.12.15 12:00:55.284,0.7607,0.76087,1.00,1.00
2016.12.15 12:00:56.181,0.76069,0.76087,1.00,1.00
2016.12.15 12:00:56.701,0.76069,0.76094,1.00,4.35
2016.12.15 12:00:57.193,0.7607,0.7609,1.00,1.00
2016.12.15 12:00:57.344,0.7607,0.76094,1.00,2.85
2016.12.15 12:00:57.720,0.76065,0.7609,3.00,1.00
2016.12.15 12:00:58.233,0.76065,0.76091,2.25,1.50
2016.12.15 12:00:58.564,0.7607,0.76092,1.00,1.75
2016.12.15 12:00:58.715,0.76065,0.7609,1.75,1.12
2016.12.15 12:00:59.179,0.7607,0.7609,1.00,1.87
2016.12.15 12:00:59.907,0.76075,0.7609,1.00,1.87
2016.12.15 12:00:59.957,0.7607,0.7609,1.00,1.87
2016.12.15 12:01:00.108,0.7607,0.76092,1.00,1.75
2016.12.15 12:01:00.444,0.76065,0.76086,1.50,1.00
2016.12.15 12:01:00.545,0.76064,0.76086,1.00,1.00
2016.12.15 12:01:00.724,0.76065,0.76086,1.00,1.37
2016.12.15 12:01:00.876,0.7606,0.76087,1.75,2.25
2016.12.15 12:01:00.977,0.7606,0.76085,1.12,1.75
2016.12.15 12:01:01.229,0.7606,0.76081,1.00,2.25
2016.12.15 12:01:01.380,0.76055,0.76078,1.75,1.12
2016.12.15 12:01:01.430,0.7605,0.76075,2.25,1.00
2016.12.15 12:01:01.531,0.76055,0.76075,1.00,1.00
2016.12.15 12:01:01.732,0.76055,0.76075,1.00,1.75
2016.12.15 12:01:01.883,0.76049,0.76071,1.50,1.00
2016.12.15 12:01:02.278,0.76049,0.76072,1.00,2.25
2016.12.15 12:01:02.329,0.76049,0.76071,1.00,1.37
2016.12.15 12:01:02.430,0.76044,0.76071,1.75,2.25
2016.12.15 12:01:02.531,0.76045,0.76068,1.12,1.75
2016.12.15 12:01:02.833,0.7605,0.76066,1.00,1.00
2016.12.15 12:01:02.933,0.7605,0.7607,1.00,1.00
2016.12.15 12:01:03.213,0.76054,0.76073,1.00,1.75
2016.12.15 12:01:03.314,0.7605,0.76075,1.00,3.00
2016.12.15 12:01:03.364,0.76055,0.76075,1.00,3.00
2016.12.15 12:01:03.554,0.76049,0.76075,1.12,2.25
2016.12.15 12:01:03.797,0.76055,0.76075,1.00,1.75
2016.12.15 12:01:03.847,0.7605,0.76075,1.00,2.25
2016.12.15 12:01:03.898,0.76055,0.76072,1.00,1.50
2016.12.15 12:01:03.948,0.7605,0.76072,1.00,1.75
2016.12.15 12:01:04.049,0.76045,0.76069,1.12,1.35
2016.12.15 12:01:04.100,0.76045,0.76069,1.00,1.35
2016.12.15 12:01:04.373,0.76034,0.76061,1.75,1.75
2016.12.15 12:01:04.638,0.76035,0.7606,1.00,1.75
2016.12.15 12:01:04.950,0.7604,0.76062,1.00,1.75
2016.12.15 12:01:05.152,0.76044,0.76061,1.00,1.00
2016.12.15 12:01:05.631,0.76045,0.76069,1.00,1.75
2016.12.15 12:01:06.133,0.76044,0.76069,1.12,1.75
2016.12.15 12:01:06.284,0.76049,0.76069,1.00,1.75
2016.12.15 12:01:06.335,0.76044,0.76069,1.12,1.75
2016.12.15 12:01:06.436,0.76044,0.7607,1.00,2.25
2016.12.15 12:01:06.973,0.76045,0.7607,1.00,1.75
2016.12.15 12:01:07.125,0.76045,0.76066,1.12,1.00
2016.12.15 12:01:07.401,0.76045,0.7607,1.00,2.25
2016.12.15 12:01:08.124,0.7604,0.76065,1.75,1.37
2016.12.15 12:01:08.249,0.76041,0.76065,1.00,1.37
2016.12.15 12:01:08.350,0.7604,0.76065,1.12,1.75
2016.12.15 12:01:08.670,0.76045,0.76068,1.00,1.75
2016.12.15 12:01:09.416,0.76044,0.76068,1.00,1.75
2016.12.15 12:01:10.087,0.7605,0.76068,1.00,1.75
2016.12.15 12:01:10.967,0.76045,0.76068,1.00,1.75
2016.12.15 12:01:11.602,0.7605,0.76068,1.00,2.25
2016.12.15 12:01:12.359,0.76049,0.76069,1.00,2.25
2016.12.15 12:01:12.732,0.7605,0.76066,1.00,1.00
2016.12.15 12:01:13.610,0.76049,0.76066,1.00,1.00
2016.12.15 12:01:14.557,0.7605,0.76066,1.00,1.00
2016.12.15 12:01:14.904,0.76055,0.76066,1.00,1.00
2016.12.15 12:01:15.055,0.76055,0.76075,1.00,1.50
2016.12.15 12:01:15.155,0.76055,0.76075,1.00,1.50
2016.12.15 12:01:15.357,0.76052,0.76075,1.37,1.12
2016.12.15 12:01:15.407,0.76055,0.76077,1.00,1.50
2016.12.15 12:01:15.558,0.76051,0.76074,1.37,1.00
2016.12.15 12:01:15.659,0.76055,0.76076,1.00,1.75
2016.12.15 12:01:15.768,0.76051,0.76075,1.00,1.75
2016.12.15 12:01:16.235,0.76055,0.76076,1.00,1.75
2016.12.15 12:01:16.782,0.7605,0.76075,1.12,1.75
2016.12.15 12:01:16.901,0.76055,0.76077,1.00,1.75
2016.12.15 12:01:16.962,0.7605,0.76075,1.12,1.75
2016.12.15 12:01:17.541,0.76054,0.76078,1.00,3.00
2016.12.15 12:01:17.642,0.76054,0.76074,1.00,1.00
2016.12.15 12:01:18.193,0.76055,0.76078,1.00,1.75
2016.12.15 12:01:18.706,0.76055,0.76078,1.00,2.25
2016.12.15 12:01:18.757,0.7605,0.76075,1.75,1.75
2016.12.15 12:01:18.913,0.76055,0.76075,1.00,1.75
2016.12.15 12:01:19.216,0.7606,0.76078,1.00,1.75
2016.12.15 12:01:19.267,0.7606,0.76078,1.00,1.75
2016.12.15 12:01:19.380,0.7605,0.7607,3.00,1.00
2016.12.15 12:01:19.532,0.76051,0.7607,1.00,1.00
2016.12.15 12:01:20.037,0.7605,0.7607,1.00,1.12
2016.12.15 12:01:20.436,0.76045,0.76065,1.50,1.00
2016.12.15 12:01:20.638,0.76045,0.7607,1.50,1.87
2016.12.15 12:01:20.689,0.76045,0.76069,1.37,1.37
2016.12.15 12:01:20.995,0.76045,0.76069,1.00,1.75
2016.12.15 12:01:21.297,0.7605,0.76073,1.00,1.75
2016.12.15 12:01:21.474,0.7605,0.76075,1.00,1.75
2016.12.15 12:01:21.575,0.76049,0.76076,1.50,2.25
2016.12.15 12:01:22.411,0.7605,0.76074,1.50,1.37
2016.12.15 12:01:22.589,0.7605,0.76074,1.75,1.12
2016.12.15 12:01:23.113,0.76053,0.76074,1.00,1.00
2016.12.15 12:01:23.264,0.76055,0.76074,1.00,1.00
2016.12.15 12:01:23.315,0.76055,0.76076,1.00,1.00
2016.12.15 12:01:23.415,0.76055,0.76079,1.00,2.10
2016.12.15 12:01:23.516,0.7605,0.76075,1.75,1.75
2016.12.15 12:01:26.265,0.76055,0.76078,1.00,1.75
2016.12.15 12:01:26.625,0.7605,0.76075,2.25,1.37
2016.12.15 12:01:26.676,0.7605,0.76075,2.25,1.12
2016.12.15 12:01:27.114,0.7606,0.76078,1.00,1.75
2016.12.15 12:01:27.302,0.76055,0.76075,1.37,1.00
2016.12.15 12:01:27.503,0.76054,0.76073,1.00,1.00
2016.12.15 12:01:29.226,0.76055,0.76075,1.00,1.75
2016.12.15 12:01:29.750,0.76054,0.76076,1.00,2.25
2016.12.15 12:01:30.223,0.76054,0.76076,1.00,2.25
2016.12.15 12:01:30.275,0.76055,0.76075,1.00,1.87
2016.12.15 12:01:30.631,0.76055,0.76075,1.00,2.25
2016.12.15 12:01:32.599,0.76055,0.76075,1.00,2.25
2016.12.15 12:01:33.293,0.76054,0.76075,1.00,1.35
2016.12.15 12:01:33.344,0.7605,0.7607,1.87,1.00
2016.12.15 12:01:33.395,0.76054,0.7607,1.00,1.00
2016.12.15 12:01:33.546,0.76055,0.76075,1.00,1.35
2016.12.15 12:01:33.597,0.76055,0.76075,1.00,1.75
2016.12.15 12:01:33.805,0.76055,0.76075,1.00,1.50
2016.12.15 12:01:33.963,0.7605,0.7607,1.12,1.00
2016.12.15 12:01:34.014,0.76055,0.76075,1.00,1.50
2016.12.15 12:01:34.064,0.7605,0.7607,1.12,1.00
2016.12.15 12:01:34.115,0.76053,0.7607,1.00,1.00
2016.12.15 12:01:34.216,0.7605,0.7607,1.12,1.00
2016.12.15 12:01:34.331,0.7605,0.7607,1.00,1.37
2016.12.15 12:01:35.474,0.76049,0.76071,1.00,1.75
2016.12.15 12:01:36.399,0.7605,0.7607,1.00,1.75
2016.12.15 12:01:36.650,0.7605,0.76075,1.00,3.00
2016.12.15 12:01:36.701,0.7605,0.76071,1.00,1.00
2016.12.15 12:01:37.104,0.76045,0.7607,2.10,1.50
2016.12.15 12:01:37.307,0.76045,0.7607,1.75,1.12
2016.12.15 12:01:38.129,0.7605,0.7607,1.00,1.12
2016.12.15 12:01:39.169,0.76049,0.76071,1.00,1.50
2016.12.15 12:01:40.065,0.7605,0.7607,1.00,1.12
2016.12.15 12:01:40.374,0.76055,0.76073,1.00,1.00
2016.12.15 12:01:40.720,0.7605,0.7607,1.75,1.00
2016.12.15 12:01:41.059,0.76054,0.76076,1.00,2.25
2016.12.15 12:01:41.608,0.76055,0.76075,1.00,1.12
2016.12.15 12:01:43.224,0.76055,0.76079,1.00,1.75
2016.12.15 12:01:43.325,0.76051,0.76071,1.50,1.00
2016.12.15 12:01:43.594,0.76055,0.76075,1.00,1.75
2016.12.15 12:01:43.855,0.7605,0.76075,1.75,1.50
2016.12.15 12:01:44.006,0.76055,0.76079,1.00,1.75
2016.12.15 12:01:44.158,0.76055,0.76077,1.00,1.00
2016.12.15 12:01:44.360,0.76055,0.76079,1.00,2.25
2016.12.15 12:01:44.934,0.76051,0.76076,2.25,1.50
2016.12.15 12:01:45.036,0.76055,0.7608,1.00,2.25
2016.12.15 12:01:45.187,0.76051,0.76075,1.75,1.12
2016.12.15 12:01:45.237,0.76051,0.76075,1.12,1.75
2016.12.15 12:01:45.567,0.7605,0.76075,1.00,1.75
2016.12.15 12:01:45.967,0.76055,0.76075,1.00,1.75
2016.12.15 12:01:46.118,0.76055,0.76075,1.00,1.12
2016.12.15 12:01:46.219,0.76055,0.76078,1.00,1.75
2016.12.15 12:01:46.371,0.76051,0.76075,1.50,1.75
2016.12.15 12:01:46.421,0.76055,0.76076,1.00,1.00
2016.12.15 12:01:47.682,0.7606,0.7608,1.00,1.75
2016.12.15 12:01:47.934,0.76055,0.76075,1.00,1.75
2016.12.15 12:01:48.450,0.76054,0.76076,1.00,1.75
2016.12.15 12:01:48.551,0.76054,0.76076,1.12,1.12
2016.12.15 12:01:48.753,0.76059,0.76079,1.00,1.35
2016.12.15 12:01:48.803,0.76055,0.76075,1.00,1.00
2016.12.15 12:01:48.954,0.7606,0.76079,1.00,1.35
2016.12.15 12:01:49.271,0.7606,0.76079,1.00,1.35
2016.12.15 12:01:49.374,0.7606,0.76079,1.00,1.35
2016.12.15 12:01:49.512,0.76054,0.76076,1.12,1.12
2016.12.15 12:01:50.097,0.76055,0.76075,1.00,1.00
2016.12.15 12:01:50.451,0.7606,0.7608,1.00,2.25
2016.12.15 12:01:53.400,0.76054,0.76076,1.12,1.12
2016.12.15 12:01:54.199,0.76055,0.76075,1.00,1.00
2016.12.15 12:01:54.976,0.76055,0.76075,1.00,1.75
2016.12.15 12:01:57.291,0.76055,0.76075,1.00,2.25
2016.12.15 12:01:57.812,0.76055,0.76075,1.00,1.50
2016.12.15 12:01:58.389,0.76055,0.76075,1.00,1.12
2016.12.15 12:01:58.869,0.76054,0.76081,1.50,4.12
2016.12.15 12:01:59.071,0.76059,0.76082,1.12,1.50
2016.12.15 12:01:59.173,0.7606,0.7608,1.00,1.50
2016.12.15 12:01:59.513,0.7606,0.76077,1.00,1.75
2016.12.15 12:01:59.614,0.76055,0.76075,1.00,1.75
2016.12.15 12:01:59.765,0.76055,0.76074,1.00,1.00
2016.12.15 12:02:00.085,0.76055,0.76079,1.50,1.75
2016.12.15 12:02:00.361,0.76059,0.76081,1.00,2.25
2016.12.15 12:02:00.885,0.7606,0.7608,1.00,1.75
2016.12.15 12:02:00.935,0.76055,0.7608,1.75,1.75
2016.12.15 12:02:00.986,0.7606,0.76081,1.00,1.75
2016.12.15 12:02:01.086,0.76054,0.76081,1.50,2.25
2016.12.15 12:02:01.210,0.7606,0.76083,1.00,2.25
2016.12.15 12:02:01.261,0.76059,0.76082,1.00,1.75
2016.12.15 12:02:01.687,0.76055,0.7608,2.25,1.75
2016.12.15 12:02:02.118,0.7606,0.76083,1.00,2.10
2016.12.15 12:02:02.428,0.7606,0.7608,1.00,1.75
2016.12.15 12:02:02.479,0.7606,0.7608,1.00,1.75
2016.12.15 12:02:03.114,0.7606,0.7608,1.00,1.00
2016.12.15 12:02:03.339,0.76064,0.76081,1.00,1.00
2016.12.15 12:02:03.670,0.76065,0.76083,1.00,1.75
2016.12.15 12:02:03.969,0.76065,0.76083,1.00,1.00
2016.12.15 12:02:04.070,0.76065,0.76084,1.00,1.35
2016.12.15 12:02:04.686,0.76064,0.76084,1.00,2.10
2016.12.15 12:02:04.873,0.7606,0.7608,1.00,1.50
2016.12.15 12:02:05.390,0.7606,0.7608,1.75,1.00
2016.12.15 12:02:05.441,0.7606,0.76085,1.75,2.25
2016.12.15 12:02:05.492,0.7606,0.76083,1.00,1.00
2016.12.15 12:02:05.694,0.7606,0.76081,1.00,1.00
2016.12.15 12:02:06.056,0.76058,0.76081,1.00,1.00
2016.12.15 12:02:06.609,0.76059,0.76081,1.00,1.00
2016.12.15 12:02:07.185,0.7606,0.76081,1.00,1.00
2016.12.15 12:02:07.534,0.7606,0.76085,1.75,1.50
2016.12.15 12:02:09.020,0.76056,0.7608,1.75,1.35
2016.12.15 12:02:09.171,0.76059,0.7608,1.00,1.30
2016.12.15 12:02:09.322,0.76059,0.76081,1.37,1.60
2016.12.15 12:02:09.524,0.76065,0.76084,1.00,1.30
2016.12.15 12:02:10.149,0.7606,0.76085,2.25,1.72
2016.12.15 12:02:10.602,0.76061,0.76085,1.75,1.00
2016.12.15 12:02:10.703,0.76065,0.76088,1.50,1.35
2016.12.15 12:02:11.415,0.76065,0.76086,1.00,1.50
2016.12.15 12:02:11.870,0.76065,0.76087,1.12,1.12
2016.12.15 12:02:11.977,0.76065,0.76085,1.12,1.00
2016.12.15 12:02:12.233,0.76059,0.76081,1.75,1.87
2016.12.15 12:02:12.584,0.76059,0.76077,1.50,1.00
2016.12.15 12:02:12.686,0.76059,0.7608,1.50,1.00
2016.12.15 12:02:12.737,0.76065,0.7608,1.00,1.00
2016.12.15 12:02:12.842,0.7606,0.7608,1.12,1.50
2016.12.15 12:02:13.266,0.76055,0.7608,1.50,2.25
2016.12.15 12:02:13.316,0.76056,0.7608,1.75,1.50
2016.12.15 12:02:13.626,0.7606,0.76081,1.37,1.00
2016.12.15 12:02:13.777,0.76055,0.76081,1.75,1.87
2016.12.15 12:02:14.418,0.7606,0.7608,1.00,1.00
2016.12.15 12:02:14.960,0.76055,0.76081,1.75,1.50
2016.12.15 12:02:15.111,0.7606,0.76081,1.37,1.12
2016.12.15 12:02:15.654,0.7606,0.7608,1.50,1.50
2016.12.15 12:02:16.489,0.76059,0.76082,1.75,1.12
2016.12.15 12:02:16.539,0.76059,0.7608,1.37,1.37
2016.12.15 12:02:16.843,0.7606,0.7608,1.00,2.85
2016.12.15 12:02:16.943,0.76055,0.7608,1.12,2.85
2016.12.15 12:02:17.307,0.76056,0.7608,1.37,2.25
2016.12.15 12:02:17.527,0.76059,0.76082,1.75,1.12
2016.12.15 12:02:19.232,0.7606,0.76083,1.12,1.50
2016.12.15 12:02:19.545,0.7606,0.7608,1.00,2.85
2016.12.15 12:02:19.710,0.7606,0.7608,1.00,1.12
2016.12.15 12:02:20.239,0.76059,0.76081,1.50,1.00
2016.12.15 12:02:20.724,0.76065,0.76083,1.00,1.12
2016.12.15 12:02:20.976,0.76059,0.76083,1.75,1.00
2016.12.15 12:02:21.146,0.76059,0.76083,1.75,1.00
2016.12.15 12:02:21.249,0.7606,0.76082,1.00,1.50
2016.12.15 12:02:21.874,0.76055,0.7608,1.75,1.00
2016.12.15 12:02:22.427,0.76059,0.76081,1.12,1.12
2016.12.15 12:02:22.950,0.76065,0.76084,1.00,1.50
2016.12.15 12:02:23.001,0.76065,0.76085,1.00,3.00
2016.12.15 12:02:23.728,0.76065,0.76086,1.00,1.00
2016.12.15 12:02:24.014,0.76063,0.76085,1.00,1.00
2016.12.15 12:02:24.516,0.7606,0.76085,1.75,1.50
2016.12.15 12:02:24.567,0.76065,0.76086,1.00,1.75
2016.12.15 12:02:24.618,0.7606,0.76085,1.75,1.50
2016.12.15 12:02:24.718,0.76065,0.76082,1.00,1.12
2016.12.15 12:02:25.226,0.76065,0.76083,1.00,1.12
2016.12.15 12:02:25.772,0.76065,0.76082,1.00,1.35
2016.12.15 12:02:25.822,0.7606,0.7608,1.50,1.00
2016.12.15 12:02:26.326,0.7606,0.7608,1.12,1.60
2016.12.15 12:02:26.577,0.76059,0.76084,1.12,2.10
2016.12.15 12:02:26.628,0.76059,0.76084,1.37,2.10
2016.12.15 12:02:26.930,0.76065,0.76085,1.00,1.60
2016.12.15 12:02:27.514,0.7606,0.76084,1.75,1.35
2016.12.15 12:02:28.015,0.76065,0.76084,1.00,1.35
2016.12.15 12:02:28.164,0.76059,0.76083,1.75,1.00
2016.12.15 12:02:28.214,0.76065,0.76083,1.00,1.00
2016.12.15 12:02:28.565,0.7606,0.7608,1.75,1.00
2016.12.15 12:02:28.945,0.7606,0.76083,1.75,1.00
2016.12.15 12:02:29.555,0.7606,0.76082,1.75,1.00
2016.12.15 12:02:30.077,0.7606,0.76083,1.75,1.00
2016.12.15 12:02:30.793,0.7606,0.76083,1.75,1.60
2016.12.15 12:02:30.994,0.7606,0.7608,1.50,1.00
2016.12.15 12:02:31.480,0.76059,0.76081,1.12,1.37
2016.12.15 12:02:31.983,0.7606,0.7608,1.00,1.12
2016.12.15 12:02:32.474,0.7606,0.76082,1.00,1.35
2016.12.15 12:02:32.936,0.7606,0.76081,1.00,1.75
2016.12.15 12:02:33.514,0.7606,0.7608,1.00,1.00
2016.12.15 12:02:33.665,0.7606,0.7608,1.00,1.50
2016.12.15 12:02:34.144,0.76065,0.76082,1.00,2.85
2016.12.15 12:02:34.245,0.76054,0.76079,2.25,1.35
2016.12.15 12:02:34.377,0.76056,0.7608,1.00,2.10
2016.12.15 12:02:34.680,0.76055,0.7608,1.50,2.10
2016.12.15 12:02:35.011,0.76055,0.7608,1.75,1.12
2016.12.15 12:02:35.286,0.76051,0.76076,2.62,1.00
2016.12.15 12:02:35.437,0.76055,0.76077,1.00,1.00
2016.12.15 12:02:35.626,0.76045,0.7607,2.25,1.00
2016.12.15 12:02:35.828,0.76045,0.7607,1.00,1.75
2016.12.15 12:02:35.878,0.76045,0.7607,1.00,1.75
2016.12.15 12:02:36.130,0.76045,0.76069,1.00,1.75
2016.12.15 12:02:36.231,0.7605,0.76071,1.00,1.75
2016.12.15 12:02:36.282,0.76045,0.7607,1.00,1.75
2016.12.15 12:02:36.383,0.7605,0.76075,1.00,3.00
2016.12.15 12:02:36.433,0.7605,0.76075,1.00,2.25
2016.12.15 12:02:36.958,0.76047,0.76075,1.75,2.25
2016.12.15 12:02:39.159,0.7605,0.76074,1.00,1.75
2016.12.15 12:02:39.716,0.7605,0.76075,1.00,2.25
2016.12.15 12:02:39.935,0.76045,0.7607,1.50,1.75
2016.12.15 12:02:40.086,0.76045,0.7607,1.75,1.50
2016.12.15 12:02:40.187,0.76045,0.7607,1.12,1.75
2016.12.15 12:02:41.121,0.76043,0.76065,1.75,1.00
2016.12.15 12:02:41.275,0.76045,0.7607,1.12,1.75
2016.12.15 12:02:41.680,0.76045,0.76071,1.75,1.50
2016.12.15 12:02:41.882,0.76049,0.76074,1.37,1.50
2016.12.15 12:02:43.248,0.76045,0.7607,1.75,1.00
2016.12.15 12:02:43.400,0.76045,0.7607,1.75,1.75
2016.12.15 12:02:43.500,0.76045,0.76067,1.00,1.00
2016.12.15 12:02:43.738,0.7605,0.76067,1.00,1.00
2016.12.15 12:02:43.789,0.7605,0.76069,1.00,1.00
2016.12.15 12:02:44.166,0.7605,0.76075,1.12,2.25
2016.12.15 12:02:45.055,0.7605,0.76074,1.12,1.75
2016.12.15 12:02:45.106,0.7605,0.76074,1.00,2.25
2016.12.15 12:02:46.584,0.76045,0.7607,1.75,1.37
2016.12.15 12:02:46.786,0.76045,0.76069,1.50,1.50
2016.12.15 12:02:46.837,0.76049,0.76069,1.00,1.50
2016.12.15 12:02:46.995,0.76045,0.7607,1.50,2.25
2016.12.15 12:02:47.587,0.7605,0.7607,1.00,1.75
2016.12.15 12:02:47.687,0.76045,0.7607,1.50,1.75
2016.12.15 12:02:48.426,0.7605,0.76071,1.00,1.75
2016.12.15 12:02:50.309,0.7605,0.76071,1.00,1.12
2016.12.15 12:02:51.244,0.7605,0.7607,1.00,1.35
2016.12.15 12:02:51.395,0.7605,0.76072,1.00,1.35
2016.12.15 12:02:51.496,0.7605,0.76072,1.00,2.10
2016.12.15 12:02:52.892,0.76045,0.7607,1.75,1.50
2016.12.15 12:02:53.292,0.7605,0.76071,1.00,1.75
2016.12.15 12:02:53.602,0.7605,0.76071,1.00,1.12
2016.12.15 12:02:56.042,0.76049,0.76072,1.12,3.00
2016.12.15 12:02:56.093,0.76049,0.76072,1.00,2.25
2016.12.15 12:02:56.643,0.7605,0.76071,1.00,1.35
2016.12.15 12:02:56.744,0.76045,0.7607,1.75,1.50
2016.12.15 12:02:57.210,0.76045,0.76065,1.00,1.00
2016.12.15 12:02:57.534,0.76042,0.7606,1.00,1.00
2016.12.15 12:02:57.735,0.76039,0.76061,1.12,3.37
2016.12.15 12:02:57.786,0.76039,0.76061,1.00,3.75
2016.12.15 12:02:58.088,0.7604,0.7606,1.00,1.50
2016.12.15 12:02:58.329,0.76032,0.76055,1.75,1.00
2016.12.15 12:02:58.380,0.7603,0.7605,1.50,2.85
2016.12.15 12:02:58.431,0.7603,0.7605,1.50,1.00
2016.12.15 12:02:58.482,0.76029,0.76048,1.00,1.75
2016.12.15 12:02:58.683,0.76025,0.76044,1.00,1.37
2016.12.15 12:02:58.784,0.76024,0.76044,1.00,1.75
2016.12.15 12:02:58.835,0.76021,0.76042,1.00,1.75
2016.12.15 12:02:58.936,0.76014,0.76038,1.75,1.12
2016.12.15 12:02:58.986,0.76014,0.76038,1.00,2.25
2016.12.15 12:02:59.288,0.76015,0.76038,1.00,1.75
2016.12.15 12:02:59.459,0.76015,0.76039,1.00,2.25
2016.12.15 12:03:00.037,0.76015,0.76039,1.12,2.25
2016.12.15 12:03:00.087,0.76019,0.76039,1.00,1.75
2016.12.15 12:03:00.238,0.76015,0.7604,1.12,1.75
2016.12.15 12:03:00.289,0.76015,0.7604,1.37,3.00
2016.12.15 12:03:00.389,0.76015,0.76039,1.00,1.75
2016.12.15 12:03:00.959,0.76014,0.76039,1.00,1.75
2016.12.15 12:03:01.649,0.76015,0.76039,1.00,1.75
2016.12.15 12:03:02.508,0.76015,0.76037,1.00,1.00
2016.12.15 12:03:03.107,0.76015,0.7604,1.50,1.75
2016.12.15 12:03:03.509,0.7602,0.76041,1.00,1.75
2016.12.15 12:03:03.559,0.76014,0.76041,1.75,2.25
2016.12.15 12:03:03.746,0.76019,0.76041,1.00,2.25
2016.12.15 12:03:03.847,0.76015,0.7604,1.50,2.25
2016.12.15 12:03:04.378,0.76015,0.76037,1.00,1.00
2016.12.15 12:03:05.273,0.76019,0.76037,1.00,1.00
2016.12.15 12:03:05.720,0.76015,0.76036,1.00,1.60
2016.12.15 12:03:05.921,0.76015,0.76033,1.00,1.37
2016.12.15 12:03:06.026,0.7601,0.76034,1.00,1.35
2016.12.15 12:03:06.077,0.76015,0.76034,1.00,1.35
2016.12.15 12:03:06.586,0.76014,0.76039,1.00,2.62
2016.12.15 12:03:06.838,0.76019,0.7604,1.00,2.25
2016.12.15 12:03:06.939,0.7602,0.76038,1.00,1.75
2016.12.15 12:03:07.508,0.76015,0.76035,1.00,1.12
2016.12.15 12:03:07.558,0.7602,0.76039,1.00,1.75
2016.12.15 12:03:07.814,0.7602,0.7604,1.00,5.25
2016.12.15 12:03:08.412,0.7602,0.76041,1.00,1.00
2016.12.15 12:03:08.750,0.7602,0.76035,1.00,1.00
2016.12.15 12:03:09.062,0.76005,0.76025,4.12,1.50
2016.12.15 12:03:09.112,0.76005,0.76025,2.25,1.50
2016.12.15 12:03:09.163,0.76005,0.76025,2.25,1.60
2016.12.15 12:03:09.213,0.76005,0.76022,1.50,1.35
2016.12.15 12:03:09.314,0.76005,0.7602,1.50,1.35
2016.12.15 12:03:09.415,0.75995,0.7602,1.00,2.10
2016.12.15 12:03:09.616,0.75995,0.76018,1.00,1.75
2016.12.15 12:03:09.954,0.76,0.76017,1.00,1.00
2016.12.15 12:03:10.160,0.75995,0.76017,1.00,1.00
2016.12.15 12:03:10.211,0.76,0.76021,1.00,1.75
2016.12.15 12:03:10.406,0.75995,0.7602,1.12,1.75
2016.12.15 12:03:11.101,0.76,0.76022,1.00,2.25
2016.12.15 12:03:11.414,0.75994,0.76019,1.12,1.75
2016.12.15 12:03:11.846,0.76005,0.76019,1.00,1.75
2016.12.15 12:03:11.896,0.76,0.7602,1.00,2.25
2016.12.15 12:03:11.947,0.76,0.7602,1.00,1.75
2016.12.15 12:03:12.048,0.76005,0.76025,1.00,1.75
2016.12.15 12:03:12.150,0.76005,0.76025,1.00,1.75
2016.12.15 12:03:12.260,0.76004,0.76026,1.00,1.75
2016.12.15 12:03:12.764,0.76005,0.76025,1.00,1.75
2016.12.15 12:03:14.559,0.76004,0.76026,1.00,2.25
2016.12.15 12:03:15.138,0.7601,0.76027,1.00,1.75
2016.12.15 12:03:15.405,0.76004,0.76026,1.00,2.25
2016.12.15 12:03:16.215,0.7601,0.76026,1.00,2.25
2016.12.15 12:03:16.394,0.76005,0.76025,1.00,1.75
2016.12.15 12:03:16.546,0.76005,0.76025,1.00,1.75
2016.12.15 12:03:17.520,0.76005,0.76025,1.00,3.00
2016.12.15 12:03:18.053,0.76004,0.76024,1.00,1.75
2016.12.15 12:03:18.569,0.76005,0.76024,1.00,1.75
2016.12.15 12:03:19.076,0.76005,0.76025,1.00,1.75
2016.12.15 12:03:19.227,0.76005,0.76025,1.00,1.12
2016.12.15 12:03:19.771,0.76004,0.76028,1.00,1.75
2016.12.15 12:03:20.044,0.76005,0.76025,1.00,2.25
2016.12.15 12:03:20.581,0.76004,0.76025,1.00,1.75
2016.12.15 12:03:21.201,0.76005,0.76025,1.00,2.25
2016.12.15 12:03:22.345,0.76004,0.76025,1.00,1.75
2016.12.15 12:03:22.868,0.76005,0.76025,1.00,1.75
2016.12.15 12:03:23.641,0.76,0.7602,1.00,1.00
2016.12.15 12:03:23.943,0.76,0.7602,1.00,2.25
2016.12.15 12:03:24.479,0.75999,0.76021,1.00,1.75
2016.12.15 12:03:24.832,0.76005,0.76021,1.00,2.25
2016.12.15 12:03:25.286,0.76,0.7602,1.00,1.75
2016.12.15 12:03:25.513,0.76005,0.76021,1.00,1.75
2016.12.15 12:03:25.649,0.76,0.7602,1.00,1.75
2016.12.15 12:03:26.085,0.76,0.76018,1.00,1.00
2016.12.15 12:03:26.873,0.76,0.76019,1.00,1.00
2016.12.15 12:03:26.923,0.76004,0.76019,1.00,1.00
2016.12.15 12:03:27.087,0.76005,0.76021,1.00,1.00
2016.12.15 12:03:27.277,0.76,0.76025,1.37,3.00
2016.12.15 12:03:27.397,0.76004,0.76025,1.00,2.25
2016.12.15 12:03:27.497,0.76,0.76025,1.37,3.00
2016.12.15 12:03:27.548,0.76005,0.76021,1.00,1.00
2016.12.15 12:03:28.042,0.76,0.7602,1.00,1.00
2016.12.15 12:03:28.339,0.76005,0.76021,1.00,1.00
2016.12.15 12:03:28.849,0.76005,0.76025,1.00,1.75
2016.12.15 12:03:29.371,0.76005,0.76025,1.00,1.50
2016.12.15 12:03:30.264,0.7601,0.76029,1.00,2.25
2016.12.15 12:03:30.365,0.7601,0.76029,1.00,1.75
2016.12.15 12:03:30.567,0.7601,0.7603,1.00,1.75
2016.12.15 12:03:30.768,0.7601,0.7603,1.00,1.75
2016.12.15 12:03:31.319,0.76009,0.76031,1.00,4.87
2016.12.15 12:03:31.651,0.76014,0.76031,1.00,2.25
2016.12.15 12:03:31.815,0.7601,0.7603,1.00,1.75
2016.12.15 12:03:32.064,0.7601,0.76029,1.00,1.50
2016.12.15 12:03:32.259,0.7601,0.76029,1.00,1.75
2016.12.15 12:03:33.483,0.7601,0.76029,1.00,1.75
2016.12.15 12:03:33.840,0.76005,0.76025,1.00,1.12
2016.12.15 12:03:33.891,0.7601,0.7603,1.00,2.25
2016.12.15 12:03:34.374,0.7601,0.7603,1.00,1.75
2016.12.15 12:03:34.539,0.76015,0.76034,1.00,3.00
2016.12.15 12:03:34.640,0.76009,0.76031,1.00,2.25
2016.12.15 12:03:34.691,0.76005,0.7603,1.50,3.00
2016.12.15 12:03:34.741,0.76009,0.7603,1.00,2.25
2016.12.15 12:03:35.042,0.76005,0.76025,1.00,1.50
2016.12.15 12:03:35.392,0.7601,0.7603,1.00,3.60
2016.12.15 12:03:35.737,0.7601,0.76026,1.00,1.75
2016.12.15 12:03:35.920,0.76005,0.76025,1.00,1.75
2016.12.15 12:03:35.971,0.76005,0.76025,1.00,1.75
2016.12.15 12:03:36.071,0.75999,0.76021,1.75,1.00
2016.12.15 12:03:36.323,0.75999,0.76021,1.00,2.25
2016.12.15 12:03:36.374,0.76,0.76019,1.00,1.37
2016.12.15 12:03:36.626,0.75993,0.76015,1.00,1.00
2016.12.15 12:03:36.676,0.75995,0.76018,1.00,2.25
2016.12.15 12:03:37.014,0.75995,0.76015,1.00,1.75
2016.12.15 12:03:37.417,0.75999,0.76017,1.00,1.75
2016.12.15 12:03:37.468,0.75999,0.76019,1.00,1.75
2016.12.15 12:03:37.568,0.76,0.76021,1.00,1.75
2016.12.15 12:03:37.669,0.76,0.76023,1.00,1.75
2016.12.15 12:03:37.770,0.75995,0.76018,1.50,1.00
2016.12.15 12:03:37.821,0.75999,0.76018,1.00,1.00
2016.12.15 12:03:38.134,0.76005,0.76018,1.00,1.00
2016.12.15 12:03:38.399,0.76,0.76023,1.50,1.50
2016.12.15 12:03:38.574,0.76005,0.76023,1.00,1.50
2016.12.15 12:03:38.625,0.76,0.76023,1.50,1.50
2016.12.15 12:03:38.676,0.76005,0.76023,1.00,1.50
2016.12.15 12:03:38.966,0.76,0.7602,1.50,1.00
2016.12.15 12:03:39.117,0.76004,0.76023,1.00,1.50
2016.12.15 12:03:40.197,0.76,0.7602,1.50,1.00
2016.12.15 12:03:40.619,0.76005,0.76023,1.00,1.75
2016.12.15 12:03:41.110,0.76,0.7602,1.00,1.12
2016.12.15 12:03:41.160,0.76005,0.76023,1.00,2.25
2016.12.15 12:03:41.211,0.76,0.7602,1.00,1.12
2016.12.15 12:03:41.604,0.75999,0.76019,1.00,1.35
2016.12.15 12:03:41.759,0.75995,0.76015,1.00,1.00
2016.12.15 12:03:41.835,0.76,0.76019,1.00,1.35
2016.12.15 12:03:42.348,0.75999,0.7602,1.00,1.75
2016.12.15 12:03:42.675,0.76005,0.76025,1.00,1.75
2016.12.15 12:03:42.827,0.76004,0.76026,1.00,1.75
2016.12.15 12:03:42.928,0.76,0.76024,1.50,1.75
2016.12.15 12:03:43.079,0.76,0.76021,1.37,1.37
2016.12.15 12:03:43.381,0.76005,0.76024,1.00,1.75
2016.12.15 12:03:43.533,0.76004,0.76026,1.00,3.00
2016.12.15 12:03:43.633,0.76004,0.76023,1.00,1.00
2016.12.15 12:03:44.427,0.76005,0.76023,1.00,1.00
2016.12.15 12:03:44.628,0.76005,0.76025,1.00,1.00
2016.12.15 12:03:45.249,0.76001,0.76023,1.00,1.00
2016.12.15 12:03:45.400,0.76,0.76024,1.00,2.25
2016.12.15 12:03:45.501,0.76,0.76024,1.12,1.50
2016.12.15 12:03:45.602,0.76,0.76024,1.00,1.75
2016.12.15 12:03:46.207,0.76005,0.76024,1.00,1.00
2016.12.15 12:03:46.539,0.76005,0.76029,1.12,1.75
2016.12.15 12:03:47.116,0.7601,0.76031,1.00,3.00
2016.12.15 12:03:47.217,0.76005,0.76029,1.12,1.75
2016.12.15 12:03:47.318,0.7601,0.76026,1.00,1.00
2016.12.15 12:03:48.179,0.76005,0.76025,1.00,1.00
2016.12.15 12:03:48.699,0.76004,0.76026,1.00,1.00
2016.12.15 12:03:49.636,0.76005,0.76026,1.00,1.00
2016.12.15 12:03:50.360,0.76002,0.76025,1.00,1.00
2016.12.15 12:03:50.410,0.76,0.76025,1.75,1.75
2016.12.15 12:03:50.777,0.76,0.76025,1.00,1.75
2016.12.15 12:03:51.167,0.76005,0.76025,1.00,1.75
2016.12.15 12:03:51.630,0.76,0.76025,1.00,1.75
2016.12.15 12:03:52.175,0.76004,0.76026,1.00,3.00
2016.12.15 12:03:53.537,0.7601,0.76026,1.00,3.00
2016.12.15 12:03:53.588,0.76005,0.76026,1.00,3.00
2016.12.15 12:03:53.741,0.76004,0.76026,1.00,2.25
2016.12.15 12:03:53.867,0.76004,0.76026,1.00,2.25
2016.12.15 12:03:54.322,0.76005,0.76025,1.00,1.37
2016.12.15 12:03:54.372,0.76,0.7602,1.50,1.00
2016.12.15 12:03:54.523,0.75996,0.7602,1.00,1.50
2016.12.15 12:03:54.624,0.76,0.76021,1.00,2.25
2016.12.15 12:03:54.847,0.76005,0.76024,1.00,1.50
2016.12.15 12:03:54.999,0.76,0.76025,1.75,1.37
2016.12.15 12:03:55.049,0.76005,0.76025,1.00,1.12
2016.12.15 12:03:55.352,0.76005,0.76025,1.00,1.75
2016.12.15 12:03:55.453,0.76005,0.76025,1.00,1.50
2016.12.15 12:03:55.755,0.76001,0.76025,1.00,1.50
2016.12.15 12:03:55.910,0.76005,0.76026,1.00,1.75
2016.12.15 12:03:56.219,0.76009,0.76028,1.00,1.75
2016.12.15 12:03:56.270,0.76009,0.76029,1.00,1.75
2016.12.15 12:03:56.773,0.7601,0.76028,1.00,1.75
2016.12.15 12:03:56.924,0.76005,0.7603,1.12,3.00
2016.12.15 12:03:57.025,0.7601,0.76029,1.00,1.75
2016.12.15 12:03:57.342,0.7601,0.76028,1.00,1.00
2016.12.15 12:03:57.805,0.76015,0.76028,1.00,1.00
2016.12.15 12:03:57.855,0.76009,0.76028,1.00,1.00
2016.12.15 12:03:58.056,0.76014,0.76033,1.00,1.75
2016.12.15 12:03:58.157,0.76014,0.76036,1.00,2.25
2016.12.15 12:03:58.208,0.7602,0.76037,1.00,1.50
2016.12.15 12:03:58.329,0.76009,0.76036,1.75,1.37
2016.12.15 12:03:58.478,0.76009,0.76036,1.50,1.75
2016.12.15 12:03:58.529,0.76015,0.76037,1.00,1.75
2016.12.15 12:03:58.781,0.7601,0.76035,1.75,1.37
2016.12.15 12:03:58.882,0.76014,0.7604,1.00,3.22
2016.12.15 12:03:59.083,0.76015,0.7604,1.00,2.25
2016.12.15 12:03:59.649,0.7602,0.7604,1.00,1.75
2016.12.15 12:03:59.699,0.76014,0.7604,1.12,2.25
2016.12.15 12:04:00.107,0.76015,0.76035,1.00,1.50
2016.12.15 12:04:00.851,0.76015,0.76033,1.00,1.37
2016.12.15 12:04:01.103,0.7601,0.76033,1.00,1.50
2016.12.15 12:04:01.204,0.76015,0.76037,1.00,1.35
2016.12.15 12:04:01.456,0.7602,0.76044,1.00,2.25
2016.12.15 12:04:02.574,0.76019,0.7604,1.00,1.37
2016.12.15 12:04:02.872,0.76016,0.7604,1.00,1.37
2016.12.15 12:04:03.306,0.7602,0.7604,1.00,1.75
2016.12.15 12:04:03.434,0.76015,0.7604,1.50,1.75
2016.12.15 12:04:03.485,0.7602,0.76041,1.00,2.25
2016.12.15 12:04:03.536,0.76014,0.76041,1.75,3.00
2016.12.15 12:04:03.737,0.76019,0.76041,1.00,2.25
2016.12.15 12:04:03.838,0.7602,0.76041,1.00,1.50
2016.12.15 12:04:04.249,0.76025,0.76043,1.00,1.75
2016.12.15 12:04:04.300,0.76025,0.76043,1.00,1.37
2016.12.15 12:04:04.502,0.76025,0.76044,1.00,1.12
2016.12.15 12:04:04.603,0.7603,0.7605,1.00,1.75
2016.12.15 12:04:04.703,0.7603,0.7605,1.00,1.75
2016.12.15 12:04:04.814,0.76025,0.76045,1.75,1.00
2016.12.15 12:04:05.062,0.7603,0.76048,1.00,1.12
2016.12.15 12:04:05.769,0.76029,0.76051,1.00,1.75
2016.12.15 12:04:06.072,0.7603,0.7605,1.00,1.00
2016.12.15 12:04:06.231,0.76035,0.76055,1.00,1.75
2016.12.15 12:04:06.282,0.7603,0.76055,1.37,1.75
2016.12.15 12:04:06.382,0.7603,0.76055,1.37,1.75
2016.12.15 12:04:06.934,0.76028,0.7605,1.75,1.00
2016.12.15 12:04:06.985,0.7603,0.76055,1.37,1.75
2016.12.15 12:04:07.914,0.76029,0.7605,1.50,1.00
2016.12.15 12:04:08.065,0.7603,0.76055,1.37,1.75
2016.12.15 12:04:08.418,0.7603,0.76053,1.00,1.37
2016.12.15 12:04:08.469,0.76028,0.7605,1.00,1.12
2016.12.15 12:04:08.694,0.7603,0.76054,1.00,2.85
2016.12.15 12:04:08.744,0.76028,0.7605,1.00,1.12
2016.12.15 12:04:08.795,0.76025,0.7605,2.25,1.12
2016.12.15 12:04:09.399,0.76026,0.7605,1.37,1.12
2016.12.15 12:04:09.907,0.76034,0.76055,1.00,1.75
2016.12.15 12:04:10.059,0.76035,0.76054,1.00,1.00
2016.12.15 12:04:10.210,0.76035,0.7606,1.50,1.75
2016.12.15 12:04:10.835,0.76036,0.76061,1.00,2.25
2016.12.15 12:04:11.202,0.76035,0.76058,1.37,1.00
2016.12.15 12:04:11.353,0.7604,0.7606,1.00,1.75
2016.12.15 12:04:11.655,0.76035,0.7606,1.50,1.75
2016.12.15 12:04:11.987,0.76039,0.76062,1.00,1.75
2016.12.15 12:04:12.152,0.76035,0.7606,1.00,1.75
2016.12.15 12:04:12.203,0.76035,0.7606,1.00,1.75
2016.12.15 12:04:12.804,0.76039,0.7606,1.00,1.75
2016.12.15 12:04:12.855,0.76035,0.7606,1.00,1.75
2016.12.15 12:04:12.955,0.76039,0.7606,1.00,1.75
2016.12.15 12:04:13.006,0.76036,0.76057,1.12,1.00
2016.12.15 12:04:13.218,0.76035,0.7606,1.87,2.25
2016.12.15 12:04:13.987,0.76036,0.76059,1.00,1.75
2016.12.15 12:04:14.296,0.76027,0.7605,1.75,1.60
2016.12.15 12:04:14.447,0.76025,0.7605,1.75,1.00
2016.12.15 12:04:14.498,0.76025,0.7605,1.87,1.37
2016.12.15 12:04:14.703,0.76025,0.7605,1.87,1.75
2016.12.15 12:04:15.049,0.76028,0.76051,1.00,2.10
2016.12.15 12:04:15.351,0.76026,0.7605,1.50,1.50
2016.12.15 12:04:15.502,0.7603,0.7605,1.00,1.00
2016.12.15 12:04:15.755,0.7603,0.76055,1.12,1.75
2016.12.15 12:04:16.062,0.76031,0.76055,1.50,1.37
2016.12.15 12:04:16.653,0.76027,0.76046,1.75,1.00
2016.12.15 12:04:16.704,0.76026,0.76051,1.75,2.10
2016.12.15 12:04:16.755,0.76022,0.7604,2.62,1.00
2016.12.15 12:04:16.855,0.76024,0.76042,1.00,1.00
2016.12.15 12:04:17.201,0.7602,0.76045,2.25,1.50
2016.12.15 12:04:17.710,0.76021,0.76045,2.25,1.12
2016.12.15 12:04:17.811,0.76025,0.76046,1.00,1.00
2016.12.15 12:04:18.113,0.76025,0.76045,1.37,1.35
2016.12.15 12:04:18.265,0.7602,0.76044,1.50,1.50
2016.12.15 12:04:18.463,0.7602,0.76043,1.00,1.35
2016.12.15 12:04:19.386,0.76019,0.76043,1.12,1.35
2016.12.15 12:04:19.804,0.7602,0.76045,3.75,1.37
2016.12.15 12:04:19.855,0.76023,0.76045,1.00,1.00
2016.12.15 12:04:20.016,0.7602,0.76045,2.25,1.37
2016.12.15 12:04:20.318,0.7603,0.76048,1.00,1.37
2016.12.15 12:04:20.419,0.7603,0.76049,1.00,2.10
2016.12.15 12:04:20.771,0.76029,0.76045,1.00,1.00
2016.12.15 12:04:21.496,0.7603,0.76049,1.00,2.10
2016.12.15 12:04:21.903,0.76027,0.76045,1.00,1.00
2016.12.15 12:04:22.054,0.76025,0.76045,1.00,1.50
2016.12.15 12:04:22.155,0.76026,0.76043,1.00,1.00
2016.12.15 12:04:22.385,0.76025,0.76046,1.00,1.50
2016.12.15 12:04:23.124,0.76024,0.76048,1.12,1.75
2016.12.15 12:04:23.646,0.76025,0.76045,1.00,1.12
2016.12.15 12:04:24.112,0.76029,0.76049,1.00,2.25
2016.12.15 12:04:24.314,0.76025,0.76045,1.00,1.12
2016.12.15 12:04:24.518,0.76024,0.76046,1.00,1.50
2016.12.15 12:04:24.669,0.7602,0.7604,1.50,1.00
2016.12.15 12:04:24.719,0.7602,0.7604,1.50,1.37
2016.12.15 12:04:24.870,0.76015,0.76033,1.00,1.00
2016.12.15 12:04:24.921,0.76015,0.76035,1.37,1.50
2016.12.15 12:04:25.104,0.76015,0.76035,1.75,1.12
2016.12.15 12:04:25.387,0.7602,0.76039,1.00,1.35
2016.12.15 12:04:25.582,0.76015,0.76035,1.75,1.12
2016.12.15 12:04:25.683,0.7602,0.7604,1.00,2.25
2016.12.15 12:04:25.884,0.7602,0.7604,1.12,2.25
2016.12.15 12:04:26.242,0.76015,0.76035,3.37,1.00
2016.12.15 12:04:26.371,0.76014,0.76036,1.12,2.25
2016.12.15 12:04:26.424,0.76014,0.76036,1.37,2.25
2016.12.15 12:04:26.476,0.76017,0.76035,1.00,1.00
2016.12.15 12:04:26.526,0.76011,0.76035,2.62,1.97
2016.12.15 12:04:26.577,0.7601,0.76032,1.75,1.50
2016.12.15 12:04:26.678,0.76009,0.76031,1.75,1.50
2016.12.15 12:04:26.729,0.76009,0.76031,1.37,4.12
2016.12.15 12:04:27.079,0.76015,0.76031,1.00,2.62
2016.12.15 12:04:27.589,0.7601,0.7603,1.00,1.75
2016.12.15 12:04:27.840,0.76014,0.76031,1.00,2.62
2016.12.15 12:04:28.551,0.7601,0.7603,1.00,1.75
2016.12.15 12:04:28.807,0.7601,0.7603,1.12,1.75
2016.12.15 12:04:28.908,0.76014,0.76033,1.00,1.35
2016.12.15 12:04:29.270,0.76015,0.76038,1.37,2.25
2016.12.15 12:04:29.371,0.76015,0.76037,1.50,1.75
2016.12.15 12:04:29.701,0.76015,0.76039,1.75,2.25
2016.12.15 12:04:29.902,0.7601,0.76033,1.75,1.75
2016.12.15 12:04:30.110,0.7601,0.76029,1.00,1.00
2016.12.15 12:04:32.645,0.76015,0.76035,1.12,2.62
2016.12.15 12:04:32.696,0.76015,0.76037,1.12,1.75
2016.12.15 12:04:32.852,0.76015,0.76037,1.75,1.50
2016.12.15 12:04:32.902,0.76018,0.76037,1.00,1.50
2016.12.15 12:04:33.053,0.76018,0.7604,1.00,4.12
2016.12.15 12:04:33.671,0.76016,0.76035,1.00,1.37
2016.12.15 12:04:33.772,0.76014,0.76035,1.00,1.75
2016.12.15 12:04:34.284,0.76015,0.76038,1.87,2.62
2016.12.15 12:04:34.435,0.76018,0.7604,1.75,1.50
2016.12.15 12:04:35.054,0.76016,0.76041,1.75,1.75
2016.12.15 12:04:35.658,0.7602,0.76042,1.12,1.75
2016.12.15 12:04:36.205,0.76021,0.7604,1.00,1.00
2016.12.15 12:04:39.220,0.76025,0.7604,1.00,1.00
2016.12.15 12:04:39.729,0.76024,0.76045,1.12,2.25
2016.12.15 12:04:40.238,0.76025,0.76046,1.00,1.75
2016.12.15 12:04:40.339,0.7602,0.76045,3.37,2.25
2016.12.15 12:04:40.390,0.7602,0.76045,1.75,1.75
2016.12.15 12:04:41.153,0.7602,0.76045,4.87,1.75
2016.12.15 12:04:41.632,0.76025,0.76047,1.75,1.75
2016.12.15 12:04:41.682,0.76025,0.76047,1.75,1.37
2016.12.15 12:04:41.733,0.76025,0.76047,1.75,1.00
2016.12.15 12:04:42.243,0.76025,0.76049,1.75,1.50
2016.12.15 12:04:42.394,0.76025,0.76049,1.75,1.50
2016.12.15 12:04:42.912,0.76025,0.76049,1.75,1.75
2016.12.15 12:04:43.284,0.76025,0.76045,1.37,2.25
2016.12.15 12:04:43.618,0.76025,0.76045,1.50,1.75
2016.12.15 12:04:43.769,0.76025,0.76045,1.12,1.75
2016.12.15 12:04:45.347,0.7602,0.76044,1.75,1.75
2016.12.15 12:04:45.800,0.76024,0.76046,1.50,1.75
2016.12.15 12:04:45.851,0.76024,0.76046,1.75,1.37
2016.12.15 12:04:46.530,0.76025,0.7605,1.75,4.87
2016.12.15 12:04:46.885,0.7602,0.76046,5.25,1.75
2016.12.15 12:04:47.391,0.76025,0.76047,1.12,1.75
2016.12.15 12:04:48.285,0.76024,0.76047,1.37,1.75
2016.12.15 12:04:48.335,0.76027,0.76046,1.00,1.00
2016.12.15 12:04:48.874,0.76027,0.76045,1.00,1.00
2016.12.15 12:04:49.019,0.76025,0.76044,1.50,1.00
2016.12.15 12:04:49.221,0.76024,0.76045,1.00,1.75
2016.12.15 12:04:49.735,0.7602,0.76045,1.75,2.25
2016.12.15 12:04:54.133,0.76021,0.76045,1.75,1.75
2016.12.15 12:04:54.198,0.76021,0.7604,1.75,1.00
2016.12.15 12:04:54.248,0.7602,0.76045,3.37,1.75
2016.12.15 12:04:54.299,0.76025,0.76045,1.00,1.75
2016.12.15 12:04:54.550,0.7602,0.76046,1.75,1.75
2016.12.15 12:04:54.601,0.7602,0.76046,1.75,1.75
2016.12.15 12:04:55.297,0.76022,0.76045,1.75,1.75
2016.12.15 12:04:55.672,0.76022,0.76046,1.75,1.75
2016.12.15 12:04:56.100,0.7602,0.76045,1.75,1.75
2016.12.15 12:04:58.967,0.76025,0.76046,1.00,2.62
2016.12.15 12:04:59.068,0.76024,0.76045,1.75,1.75
2016.12.15 12:04:59.168,0.76027,0.76045,1.00,1.00
2016.12.15 12:04:59.219,0.76024,0.76045,2.62,1.00
2016.12.15 12:04:59.370,0.76022,0.76045,1.75,1.50
2016.12.15 12:05:00.062,0.7603,0.7605,1.00,4.12
2016.12.15 12:05:00.263,0.7603,0.7605,1.00,1.75
2016.12.15 12:05:00.515,0.76028,0.76045,1.00,1.37
2016.12.15 12:05:01.222,0.76025,0.76045,1.75,1.12
2016.12.15 12:05:01.395,0.76027,0.7605,1.75,2.25
2016.12.15 12:05:01.647,0.7603,0.7605,1.75,1.12
2016.12.15 12:05:01.996,0.76027,0.7605,1.75,1.75
2016.12.15 12:05:02.526,0.76025,0.7605,2.25,2.25
2016.12.15 12:05:02.577,0.76027,0.76046,1.00,1.00
2016.12.15 12:05:03.301,0.76025,0.7605,1.75,2.25
2016.12.15 12:05:03.816,0.7603,0.7605,1.00,2.25
2016.12.15 12:05:03.867,0.76025,0.7605,2.25,1.75
2016.12.15 12:05:03.917,0.7603,0.7605,1.00,1.75
2016.12.15 12:05:04.169,0.7603,0.7605,1.50,1.75
2016.12.15 12:05:04.964,0.76025,0.76045,2.25,1.12
2016.12.15 12:05:05.297,0.7603,0.7605,1.00,2.25
2016.12.15 12:05:05.791,0.76029,0.76051,1.75,1.75
2016.12.15 12:05:06.317,0.7603,0.76047,1.00,1.00
2016.12.15 12:05:06.925,0.76029,0.76047,1.50,1.00
2016.12.15 12:05:07.585,0.7603,0.76047,1.00,1.00
2016.12.15 12:05:08.253,0.76029,0.76047,1.50,1.00
2016.12.15 12:05:08.354,0.7603,0.76052,1.75,2.25
2016.12.15 12:05:08.663,0.7603,0.76053,1.75,2.25
2016.12.15 12:05:09.162,0.7603,0.76055,1.75,1.75
2016.12.15 12:05:09.490,0.76032,0.76056,2.62,2.25
2016.12.15 12:05:09.541,0.76033,0.76055,2.62,1.12
2016.12.15 12:05:11.064,0.76033,0.76055,3.37,1.50
2016.12.15 12:05:11.165,0.76033,0.76055,1.50,2.10
2016.12.15 12:05:11.534,0.76034,0.76056,1.37,1.75
2016.12.15 12:05:12.130,0.76035,0.76059,1.75,1.75
2016.12.15 12:05:12.734,0.7604,0.76061,1.00,3.37
2016.12.15 12:05:12.835,0.76042,0.76065,1.75,1.75
2016.12.15 12:05:12.936,0.76043,0.76066,1.75,1.75
2016.12.15 12:05:13.234,0.76049,0.76066,1.00,1.12
2016.12.15 12:05:13.637,0.76044,0.76069,2.25,2.25
2016.12.15 12:05:13.939,0.76044,0.7606,1.75,1.00
2016.12.15 12:05:14.040,0.76045,0.76069,1.75,3.00
2016.12.15 12:05:14.950,0.76042,0.76065,1.75,1.75
2016.12.15 12:05:15.318,0.76042,0.76065,1.75,1.50
2016.12.15 12:05:15.747,0.7604,0.7606,2.25,1.12
2016.12.15 12:05:17.061,0.76044,0.76064,1.00,1.75
2016.12.15 12:05:17.578,0.7604,0.76064,2.25,1.75
2016.12.15 12:05:17.937,0.7604,0.76065,2.25,2.25
2016.12.15 12:05:18.138,0.76045,0.76067,1.37,1.75
2016.12.15 12:05:18.189,0.76046,0.76065,1.00,1.00
2016.12.15 12:05:20.000,0.76041,0.76065,1.75,1.50
2016.12.15 12:05:20.201,0.76042,0.7606,1.00,1.00
2016.12.15 12:05:20.352,0.76039,0.76061,1.50,1.75
2016.12.15 12:05:21.510,0.76041,0.7606,1.50,1.37
2016.12.15 12:05:21.560,0.76041,0.7606,1.75,1.12
2016.12.15 12:05:21.661,0.76044,0.76064,1.50,1.75
2016.12.15 12:05:23.887,0.76045,0.76064,1.50,1.00
2016.12.15 12:05:23.987,0.76045,0.76065,1.12,2.25
2016.12.15 12:05:24.289,0.7604,0.76057,1.75,1.00
2016.12.15 12:05:24.500,0.76035,0.76054,1.50,1.00
2016.12.15 12:05:24.728,0.7604,0.76054,1.00,1.00
2016.12.15 12:05:25.048,0.7604,0.7606,1.75,1.50
2016.12.15 12:05:25.149,0.7604,0.76058,1.00,1.00
2016.12.15 12:05:26.102,0.7604,0.76063,1.50,2.25
2016.12.15 12:05:26.682,0.76037,0.7606,1.75,1.50
2016.12.15 12:05:27.056,0.7604,0.76062,1.12,1.75
2016.12.15 12:05:27.358,0.7604,0.76065,2.25,1.50
2016.12.15 12:05:27.591,0.76042,0.76065,1.75,1.75
2016.12.15 12:05:28.173,0.76042,0.76065,1.75,1.75
2016.12.15 12:05:30.097,0.76042,0.76065,1.75,1.75
2016.12.15 12:05:30.198,0.76042,0.76065,1.75,1.75
2016.12.15 12:05:30.418,0.7604,0.76061,3.37,2.10
2016.12.15 12:05:30.675,0.76029,0.76046,1.75,1.00
2016.12.15 12:05:30.726,0.7603,0.76046,1.37,1.37
2016.12.15 12:05:31.113,0.76025,0.76047,1.50,3.37
2016.12.15 12:05:31.164,0.76025,0.76047,1.75,1.75
2016.12.15 12:05:31.214,0.7603,0.76047,1.00,1.75
2016.12.15 12:05:32.912,0.76035,0.76047,1.00,1.75
2016.12.15 12:05:32.963,0.7603,0.76047,1.00,1.75
2016.12.15 12:05:33.265,0.7603,0.76049,1.00,1.75
2016.12.15 12:05:34.321,0.7603,0.76048,1.00,1.75
2016.12.15 12:05:34.515,0.76025,0.76048,1.75,1.75
2016.12.15 12:05:35.187,0.76024,0.76041,1.75,1.00
2016.12.15 12:05:35.289,0.76022,0.76043,2.62,1.50
2016.12.15 12:05:35.339,0.76022,0.76035,2.25,1.00
2016.12.15 12:05:35.503,0.7602,0.7604,1.37,4.12
2016.12.15 12:05:35.604,0.7602,0.76036,1.00,1.75
2016.12.15 12:05:35.655,0.76015,0.76036,1.50,1.75
2016.12.15 12:05:35.769,0.76015,0.76036,1.00,1.35
2016.12.15 12:05:36.106,0.7602,0.76037,1.00,3.37
2016.12.15 12:05:36.690,0.76019,0.76032,1.00,1.00
2016.12.15 12:05:37.012,0.76015,0.76034,1.00,1.00
2016.12.15 12:05:37.113,0.7602,0.76037,1.00,1.75
2016.12.15 12:05:37.264,0.76015,0.76035,1.37,1.50
2016.12.15 12:05:37.516,0.76015,0.76035,1.50,1.12
2016.12.15 12:05:37.726,0.7602,0.76038,1.00,2.25
2016.12.15 12:05:38.065,0.76019,0.76036,1.00,1.75
2016.12.15 12:05:38.593,0.7602,0.76036,1.00,2.25
2016.12.15 12:05:39.379,0.76015,0.76035,1.00,1.75
2016.12.15 12:05:39.553,0.7602,0.76036,1.00,2.25
2016.12.15 12:05:39.950,0.76015,0.76036,1.00,1.75
2016.12.15 12:05:40.302,0.7601,0.76035,2.25,2.25
2016.12.15 12:05:40.352,0.76015,0.76032,1.00,1.00
2016.12.15 12:05:40.656,0.76015,0.76035,1.00,1.75
2016.12.15 12:05:41.315,0.76015,0.76036,1.00,1.75
2016.12.15 12:05:41.832,0.76014,0.76036,1.00,1.75
2016.12.15 12:05:42.923,0.76015,0.76036,1.00,1.75
2016.12.15 12:05:43.925,0.76014,0.76036,1.00,1.75
2016.12.15 12:05:44.455,0.76015,0.76035,1.00,3.00
2016.12.15 12:05:44.505,0.76015,0.76034,1.00,2.25
2016.12.15 12:05:45.010,0.76015,0.76033,1.00,1.75
2016.12.15 12:05:46.236,0.76015,0.76032,1.00,1.00
2016.12.15 12:05:46.588,0.7601,0.76032,1.00,1.00
2016.12.15 12:05:46.639,0.7601,0.76034,1.00,1.75
2016.12.15 12:05:47.651,0.76015,0.76034,1.00,1.75
2016.12.15 12:05:48.206,0.76009,0.76033,1.50,1.75
2016.12.15 12:05:48.357,0.76015,0.76034,1.00,1.75
2016.12.15 12:05:50.134,0.7601,0.76035,1.87,1.75
2016.12.15 12:05:50.336,0.7601,0.76035,1.00,1.75
2016.12.15 12:05:52.230,0.7601,0.7603,1.00,1.75
2016.12.15 12:05:52.448,0.7601,0.76033,1.00,2.25
2016.12.15 12:05:53.297,0.76009,0.76033,1.12,2.25
2016.12.15 12:05:53.862,0.7601,0.76032,1.00,1.75
2016.12.15 12:05:53.963,0.76015,0.76036,1.00,2.62
2016.12.15 12:05:54.064,0.76016,0.76032,1.00,1.00
2016.12.15 12:05:54.165,0.76016,0.7604,1.50,1.75
2016.12.15 12:05:54.215,0.76015,0.7604,1.75,2.25
2016.12.15 12:05:54.268,0.7602,0.7604,1.12,1.50
2016.12.15 12:05:54.414,0.7602,0.7604,1.00,2.25
2016.12.15 12:05:54.930,0.7602,0.7604,1.00,1.75
2016.12.15 12:05:55.471,0.76019,0.76041,1.00,1.75
2016.12.15 12:05:56.148,0.7602,0.76041,1.00,1.75
2016.12.15 12:05:56.653,0.76029,0.76051,1.50,2.25
2016.12.15 12:05:56.754,0.7603,0.76052,1.50,1.50
2016.12.15 12:05:56.956,0.7603,0.76052,1.00,1.75
2016.12.15 12:05:57.708,0.76026,0.76045,2.25,1.00
2016.12.15 12:05:57.765,0.76029,0.76051,1.00,1.75
2016.12.15 12:05:58.036,0.7603,0.76049,1.00,1.37
2016.12.15 12:05:58.138,0.76025,0.7605,1.12,2.25
2016.12.15 12:05:58.188,0.7603,0.7605,1.00,2.25
2016.12.15 12:05:58.239,0.76026,0.76045,1.00,1.00
2016.12.15 12:05:58.289,0.76034,0.76049,1.00,1.35
2016.12.15 12:05:58.343,0.76026,0.76045,1.37,1.00
2016.12.15 12:05:58.933,0.7603,0.76047,1.00,1.00
2016.12.15 12:05:59.135,0.76034,0.76052,1.12,1.00
2016.12.15 12:05:59.337,0.76031,0.7605,1.75,1.00
2016.12.15 12:05:59.741,0.76035,0.76056,1.37,1.75
2016.12.15 12:05:59.795,0.76035,0.76058,1.50,3.60
2016.12.15 12:06:00.114,0.76039,0.76058,1.00,1.75
2016.12.15 12:06:00.164,0.76035,0.76058,1.50,1.75
2016.12.15 12:06:00.215,0.76031,0.7605,2.25,1.00
2016.12.15 12:06:00.467,0.76029,0.76051,1.75,1.50
2016.12.15 12:06:00.587,0.7603,0.76049,1.50,1.00
2016.12.15 12:06:01.877,0.7603,0.76045,1.00,1.00
2016.12.15 12:06:02.028,0.7603,0.76049,1.00,1.00
2016.12.15 12:06:02.079,0.76025,0.7605,2.25,3.00
2016.12.15 12:06:03.139,0.76027,0.76045,1.50,1.00
2016.12.15 12:06:03.442,0.76026,0.7604,1.00,1.00
2016.12.15 12:06:03.894,0.7602,0.7604,1.75,1.00
2016.12.15 12:06:04.407,0.7602,0.7604,1.37,1.35
2016.12.15 12:06:04.860,0.76017,0.76035,2.25,1.00
2016.12.15 12:06:04.961,0.7602,0.7604,1.12,1.50
2016.12.15 12:06:05.186,0.76017,0.76035,1.50,1.00
2016.12.15 12:06:05.491,0.76015,0.7604,2.25,1.50
2016.12.15 12:06:05.542,0.7602,0.7604,1.52,1.00
2016.12.15 12:06:05.693,0.76024,0.76044,1.00,1.00
2016.12.15 12:06:05.744,0.76025,0.76046,1.27,1.00
2016.12.15 12:06:05.794,0.76025,0.76048,1.52,1.00
2016.12.15 12:06:05.946,0.7603,0.76055,1.50,3.00
2016.12.15 12:06:05.997,0.7603,0.76053,2.77,1.00
2016.12.15 12:06:06.047,0.7603,0.76055,2.77,1.50
2016.12.15 12:06:06.199,0.76036,0.76055,1.57,1.00
2016.12.15 12:06:06.300,0.76035,0.76055,1.00,1.00
2016.12.15 12:06:06.809,0.76034,0.76056,1.52,1.00
2016.12.15 12:06:07.060,0.76035,0.76058,1.52,1.00
2016.12.15 12:06:07.143,0.76035,0.76055,1.52,1.00
2016.12.15 12:06:07.249,0.76034,0.76054,1.00,1.00
2016.12.15 12:06:07.300,0.76033,0.76054,1.27,1.75
2016.12.15 12:06:07.551,0.76033,0.7605,1.20,1.37
2016.12.15 12:06:09.620,0.76031,0.76053,1.27,1.75
2016.12.15 12:06:10.159,0.76035,0.76049,1.00,1.12
2016.12.15 12:06:10.210,0.76035,0.7605,1.00,1.75
2016.12.15 12:06:10.411,0.76035,0.76059,2.02,4.87
2016.12.15 12:06:10.462,0.76035,0.76059,2.02,2.62
2016.12.15 12:06:11.056,0.76034,0.76057,1.75,1.75
2016.12.15 12:06:11.256,0.7603,0.76048,2.62,1.00
2016.12.15 12:06:11.508,0.7602,0.76039,1.75,1.00
2016.12.15 12:06:11.609,0.7602,0.76038,1.50,1.00
2016.12.15 12:06:11.710,0.7602,0.76038,1.00,1.75
2016.12.15 12:06:11.971,0.76019,0.76037,1.00,1.00
2016.12.15 12:06:12.323,0.76024,0.7604,1.00,2.62
2016.12.15 12:06:12.525,0.7603,0.76048,1.00,3.37
2016.12.15 12:06:12.631,0.7603,0.7605,1.00,3.00
2016.12.15 12:06:13.215,0.7603,0.76045,1.00,1.75
2016.12.15 12:06:13.523,0.7603,0.76045,1.00,1.75
2016.12.15 12:06:14.068,0.76025,0.76045,1.12,2.25
2016.12.15 12:06:14.316,0.7603,0.76045,1.00,1.75
2016.12.15 12:06:14.620,0.76029,0.76051,1.00,2.62
2016.12.15 12:06:14.687,0.76029,0.76052,1.37,3.37
2016.12.15 12:06:14.737,0.76029,0.76052,1.75,1.75
2016.12.15 12:06:17.027,0.76026,0.76048,2.62,1.00
2016.12.15 12:06:17.128,0.7603,0.76051,1.00,3.37
2016.12.15 12:06:17.843,0.76029,0.76049,1.12,1.75
2016.12.15 12:06:18.156,0.76034,0.76051,1.00,3.37
2016.12.15 12:06:18.308,0.76035,0.76052,1.00,1.50
2016.12.15 12:06:18.467,0.76035,0.76052,1.00,1.75
2016.12.15 12:06:18.762,0.7603,0.76052,1.50,1.75
2016.12.15 12:06:19.114,0.76025,0.76049,1.75,1.75
2016.12.15 12:06:19.547,0.7603,0.76048,1.00,1.75
2016.12.15 12:06:19.766,0.76025,0.76048,1.50,1.75
2016.12.15 12:06:20.126,0.76025,0.76047,1.75,1.75
2016.12.15 12:06:20.509,0.76025,0.76045,1.00,1.75
2016.12.15 12:06:20.812,0.76025,0.76038,1.00,1.00
2016.12.15 12:06:21.017,0.76024,0.76046,1.12,4.87
2016.12.15 12:06:21.219,0.7603,0.76046,1.00,1.75
2016.12.15 12:06:21.420,0.7603,0.76046,1.00,1.75
2016.12.15 12:06:21.521,0.76025,0.76047,1.12,1.75
2016.12.15 12:06:21.846,0.7603,0.76046,1.00,1.75
2016.12.15 12:06:22.143,0.7603,0.76045,1.00,1.00
2016.12.15 12:06:22.501,0.76026,0.76045,1.00,1.00
2016.12.15 12:06:22.757,0.76025,0.76047,1.12,1.75
2016.12.15 12:06:23.632,0.7603,0.76041,1.00,1.00
2016.12.15 12:06:23.933,0.7603,0.76048,1.00,1.75
2016.12.15 12:06:24.034,0.76024,0.76048,3.00,1.75
2016.12.15 12:06:24.826,0.76025,0.76048,1.75,1.75
2016.12.15 12:06:25.166,0.7603,0.7605,1.00,2.25
2016.12.15 12:06:25.367,0.7603,0.7605,1.12,2.25
2016.12.15 12:06:26.044,0.76035,0.7605,1.00,1.75
2016.12.15 12:06:26.346,0.76035,0.76055,1.00,3.37
2016.12.15 12:06:26.447,0.76035,0.76055,1.50,1.75
2016.12.15 12:06:26.755,0.76039,0.76056,1.00,1.75
2016.12.15 12:06:27.287,0.7604,0.76059,1.00,2.62
2016.12.15 12:06:27.338,0.7604,0.7606,1.00,2.25
2016.12.15 12:06:27.724,0.7604,0.76057,1.00,1.75
2016.12.15 12:06:28.134,0.7604,0.76055,1.00,1.00
2016.12.15 12:06:28.436,0.7603,0.76056,1.75,2.25
2016.12.15 12:06:28.844,0.7604,0.76056,1.00,1.75
2016.12.15 12:06:28.945,0.76035,0.76057,1.00,4.12
2016.12.15 12:06:29.060,0.76032,0.76055,1.75,1.50
2016.12.15 12:06:29.363,0.76031,0.76055,1.75,1.75
2016.12.15 12:06:29.564,0.7603,0.76053,3.37,1.12
2016.12.15 12:06:29.615,0.76035,0.76051,1.50,1.00
2016.12.15 12:06:29.716,0.7603,0.76051,1.12,1.75
2016.12.15 12:06:29.767,0.7603,0.76055,2.25,4.12
2016.12.15 12:06:29.868,0.7603,0.76055,2.25,2.25
2016.12.15 12:06:30.257,0.76033,0.76055,1.75,1.75
2016.12.15 12:06:30.939,0.76039,0.76059,1.00,3.37
2016.12.15 12:06:31.090,0.76039,0.76062,1.12,2.62
2016.12.15 12:06:31.141,0.7604,0.7606,1.37,1.37
2016.12.15 12:06:31.191,0.76042,0.7606,1.00,1.00
2016.12.15 12:06:31.393,0.76036,0.76056,1.75,1.00
2016.12.15 12:06:31.596,0.7604,0.7606,1.50,1.75
2016.12.15 12:06:31.856,0.76039,0.76061,1.12,2.25
2016.12.15 12:06:33.430,0.7604,0.76061,1.00,1.75
2016.12.15 12:06:33.782,0.7604,0.76061,1.50,1.75
2016.12.15 12:06:34.036,0.76045,0.76061,1.00,1.75
2016.12.15 12:06:34.760,0.76044,0.76062,1.00,1.75
2016.12.15 12:06:35.062,0.7604,0.76061,1.50,1.75
2016.12.15 12:06:35.213,0.76045,0.76062,1.00,1.75
2016.12.15 12:06:35.475,0.76045,0.76067,1.00,3.37
2016.12.15 12:06:35.683,0.7604,0.76061,1.50,1.75
2016.12.15 12:06:35.784,0.7604,0.7606,1.00,1.75
2016.12.15 12:06:36.199,0.76045,0.76061,1.00,1.75
2016.12.15 12:06:36.250,0.7604,0.76062,1.00,2.62
2016.12.15 12:06:36.401,0.7604,0.76063,1.75,1.75
2016.12.15 12:06:36.674,0.7604,0.7606,1.00,1.75
2016.12.15 12:06:37.258,0.7604,0.76059,1.50,1.00
2016.12.15 12:06:38.079,0.76038,0.7606,2.62,1.00
2016.12.15 12:06:38.433,0.7604,0.76061,1.12,1.75
2016.12.15 12:06:38.685,0.7604,0.76059,1.50,1.50
2016.12.15 12:06:38.862,0.7604,0.76062,1.12,3.37
2016.12.15 12:06:38.913,0.7604,0.76062,1.75,1.75
2016.12.15 12:06:38.964,0.7604,0.76058,1.50,1.00
2016.12.15 12:06:39.328,0.76045,0.76058,1.00,1.00
2016.12.15 12:06:39.397,0.7604,0.76058,1.50,1.00
2016.12.15 12:06:39.498,0.7604,0.76062,1.75,1.75
2016.12.15 12:06:39.986,0.7604,0.76062,1.00,1.75
2016.12.15 12:06:40.148,0.76045,0.76062,1.00,1.75
2016.12.15 12:06:40.703,0.7604,0.76062,1.00,1.75
2016.12.15 12:06:41.081,0.7604,0.76062,1.75,1.75
2016.12.15 12:06:41.790,0.7604,0.76062,1.12,1.75
2016.12.15 12:06:42.248,0.76045,0.76063,1.00,3.37
2016.12.15 12:06:42.459,0.7604,0.76063,1.12,3.37
2016.12.15 12:06:42.689,0.76045,0.76062,1.12,1.12
2016.12.15 12:06:43.091,0.76045,0.76064,1.00,1.75
2016.12.15 12:06:43.668,0.7604,0.7606,3.00,1.12
2016.12.15 12:06:43.719,0.76045,0.76065,1.12,2.25
2016.12.15 12:06:44.229,0.7604,0.76065,2.25,2.25
2016.12.15 12:06:44.380,0.76045,0.76059,1.00,1.00
2016.12.15 12:06:44.895,0.76045,0.76065,1.00,2.25
2016.12.15 12:06:45.495,0.76045,0.76065,1.50,2.25
2016.12.15 12:06:45.696,0.76045,0.76065,1.00,1.75
2016.12.15 12:06:46.210,0.76045,0.76066,1.00,1.75
2016.12.15 12:06:46.427,0.7605,0.7607,1.00,4.12
2016.12.15 12:06:47.013,0.76045,0.76068,1.75,1.75
2016.12.15 12:06:47.114,0.76045,0.76067,1.00,1.75
2016.12.15 12:06:47.565,0.76047,0.76067,1.00,1.75
2016.12.15 12:06:47.916,0.76055,0.76069,1.00,1.75
2016.12.15 12:06:48.028,0.76055,0.76071,1.00,1.75
2016.12.15 12:06:48.129,0.7605,0.76071,1.00,1.75
2016.12.15 12:06:48.280,0.7605,0.76068,1.00,1.75
2016.12.15 12:06:48.532,0.76045,0.76068,1.60,1.75
2016.12.15 12:06:48.964,0.7604,0.7606,2.25,1.00
2016.12.15 12:06:49.115,0.7604,0.7606,1.00,2.25
2016.12.15 12:06:49.417,0.7604,0.7606,1.00,2.25
2016.12.15 12:06:49.518,0.76035,0.76059,1.50,1.75
2016.12.15 12:06:49.876,0.76039,0.76056,1.00,1.50
2016.12.15 12:06:49.927,0.76035,0.76057,1.00,2.62
2016.12.15 12:06:50.200,0.76035,0.76051,1.00,1.75
2016.12.15 12:06:50.625,0.76034,0.76051,1.00,1.75
2016.12.15 12:06:50.927,0.76035,0.76055,1.00,1.75
2016.12.15 12:06:51.081,0.76031,0.7605,1.00,1.00
2016.12.15 12:06:51.131,0.7604,0.76054,1.00,3.37
2016.12.15 12:06:51.333,0.7604,0.76056,1.00,1.75
2016.12.15 12:06:51.851,0.76035,0.76056,1.12,1.75
2016.12.15 12:06:51.951,0.7604,0.76056,1.00,1.75
2016.12.15 12:06:52.160,0.76035,0.76054,1.00,4.12
2016.12.15 12:06:53.014,0.76034,0.76053,1.00,2.25
2016.12.15 12:06:53.237,0.76029,0.7605,1.12,1.75
2016.12.15 12:06:53.338,0.76031,0.7605,1.00,1.00
2016.12.15 12:06:53.439,0.7603,0.76052,1.75,1.50
2016.12.15 12:06:53.742,0.7604,0.76054,1.00,3.37
2016.12.15 12:06:53.792,0.76035,0.76051,1.00,1.75
2016.12.15 12:06:54.052,0.76039,0.76054,1.00,1.37
2016.12.15 12:06:54.152,0.76039,0.7606,1.00,3.37
2016.12.15 12:06:54.508,0.7604,0.7606,1.12,1.75
2016.12.15 12:06:54.609,0.7604,0.7606,1.75,1.50
2016.12.15 12:06:54.911,0.76045,0.76062,1.00,1.75
2016.12.15 12:06:55.461,0.76045,0.76064,1.00,1.75
2016.12.15 12:06:55.615,0.76045,0.76065,1.12,2.25
2016.12.15 12:06:55.857,0.7605,0.76066,1.00,1.75
2016.12.15 12:06:56.059,0.7605,0.76069,1.00,2.85
2016.12.15 12:06:56.332,0.7605,0.76069,1.00,2.10
2016.12.15 12:06:56.383,0.76045,0.76067,1.75,1.75
2016.12.15 12:06:56.599,0.76049,0.76067,1.00,1.75
2016.12.15 12:06:56.700,0.76045,0.76065,1.75,1.75
2016.12.15 12:06:56.902,0.7605,0.76067,1.00,1.75
2016.12.15 12:06:57.053,0.7605,0.7607,1.00,2.25
2016.12.15 12:06:57.572,0.76047,0.76071,1.50,1.75
2016.12.15 12:06:57.704,0.7605,0.76069,1.00,1.00
2016.12.15 12:06:58.022,0.7605,0.76074,1.75,2.25
2016.12.15 12:06:58.336,0.7605,0.76072,1.75,1.75
2016.12.15 12:06:58.884,0.7605,0.76072,1.50,1.75
2016.12.15 12:06:59.186,0.76055,0.76073,1.00,2.62
2016.12.15 12:06:59.237,0.76055,0.76075,1.00,3.00
2016.12.15 12:06:59.859,0.76055,0.76073,1.00,1.35
2016.12.15 12:06:59.963,0.76055,0.76072,1.00,2.62
2016.12.15 12:07:00.016,0.7605,0.7607,1.50,1.75
2016.12.15 12:07:00.383,0.76055,0.76072,1.00,2.62
2016.12.15 12:07:00.434,0.76049,0.76071,1.75,1.50
2016.12.15 12:07:00.535,0.76049,0.76069,1.75,1.50
2016.12.15 12:07:00.856,0.7605,0.76067,1.00,1.75
2016.12.15 12:07:00.956,0.76044,0.76068,3.00,1.75
2016.12.15 12:07:01.158,0.76046,0.76071,1.75,2.25
2016.12.15 12:07:01.258,0.7605,0.76071,1.12,1.75
2016.12.15 12:07:01.552,0.7605,0.76071,1.50,1.75
2016.12.15 12:07:01.653,0.7605,0.76068,1.00,1.00
2016.12.15 12:07:01.819,0.7605,0.76071,1.00,1.75
2016.12.15 12:07:01.870,0.7605,0.76071,1.12,1.75
2016.12.15 12:07:01.971,0.7605,0.7607,1.00,1.75
2016.12.15 12:07:02.388,0.76054,0.7607,1.00,1.75
2016.12.15 12:07:02.439,0.7605,0.76068,1.12,1.75
2016.12.15 12:07:02.992,0.76049,0.76068,1.00,1.75
2016.12.15 12:07:03.244,0.7605,0.76068,1.00,1.75
2016.12.15 12:07:03.345,0.7605,0.76064,1.00,1.00
2016.12.15 12:07:03.447,0.76045,0.76064,1.50,1.00
2016.12.15 12:07:03.549,0.76045,0.76066,1.12,1.75
2016.12.15 12:07:03.923,0.76045,0.76066,2.25,1.75
2016.12.15 12:07:04.181,0.76045,0.76069,2.25,1.75
2016.12.15 12:07:04.282,0.7605,0.76069,1.00,1.75
2016.12.15 12:07:04.585,0.76065,0.76069,1.00,1.00
2016.12.15 12:07:04.636,0.7606,0.76074,1.00,2.62
2016.12.15 12:07:04.737,0.7606,0.76078,1.12,2.25
2016.12.15 12:07:04.838,0.76059,0.7608,1.75,1.75
2016.12.15 12:07:05.268,0.7606,0.76078,1.00,1.75
2016.12.15 12:07:05.537,0.76055,0.76078,1.75,1.75
2016.12.15 12:07:05.638,0.76055,0.76075,1.37,2.25
2016.12.15 12:07:05.688,0.76055,0.76075,1.00,2.25
2016.12.15 12:07:05.871,0.7606,0.76075,1.00,2.25
2016.12.15 12:07:05.921,0.76055,0.76076,1.00,2.62
2016.12.15 12:07:05.972,0.76055,0.76077,1.75,1.75
2016.12.15 12:07:06.230,0.7606,0.76077,1.00,1.75
2016.12.15 12:07:06.583,0.7606,0.7608,1.12,1.75
2016.12.15 12:07:06.843,0.76062,0.76081,1.00,1.50
2016.12.15 12:07:06.893,0.76062,0.76083,1.12,1.75
2016.12.15 12:07:06.944,0.76065,0.76084,1.00,2.62
2016.12.15 12:07:07.095,0.76065,0.76083,1.00,1.75
2016.12.15 12:07:07.256,0.7606,0.76084,2.25,1.75
2016.12.15 12:07:07.357,0.76065,0.76082,1.00,1.75
2016.12.15 12:07:07.563,0.7606,0.76078,1.00,1.00
2016.12.15 12:07:07.890,0.76059,0.76082,1.75,1.75
2016.12.15 12:07:08.230,0.76064,0.76082,1.00,1.75
2016.12.15 12:07:08.534,0.7606,0.76084,2.25,1.75
2016.12.15 12:07:08.685,0.76065,0.76082,1.00,1.75
2016.12.15 12:07:08.736,0.7606,0.76082,1.75,1.75
2016.12.15 12:07:08.786,0.7606,0.76082,1.12,1.75
2016.12.15 12:07:09.314,0.7606,0.76076,1.00,1.00
2016.12.15 12:07:09.620,0.76057,0.76076,1.00,1.00
2016.12.15 12:07:09.670,0.76056,0.76074,1.00,1.00
2016.12.15 12:07:09.972,0.7606,0.7608,1.00,3.37
2016.12.15 12:07:10.174,0.76061,0.7608,1.00,1.00
2016.12.15 12:07:10.275,0.76064,0.7608,1.00,1.00
2016.12.15 12:07:10.655,0.76061,0.7608,1.00,1.00
2016.12.15 12:07:11.141,0.76065,0.7608,1.00,1.00
2016.12.15 12:07:11.548,0.76061,0.7608,1.00,1.00
2016.12.15 12:07:12.913,0.76056,0.76079,2.25,1.75
2016.12.15 12:07:13.015,0.76055,0.7608,2.25,2.25
2016.12.15 12:07:13.116,0.76055,0.76076,1.50,1.75
2016.12.15 12:07:13.601,0.7605,0.76074,2.25,2.25
2016.12.15 12:07:14.042,0.7606,0.76074,1.00,1.75
2016.12.15 12:07:14.093,0.76055,0.76077,1.50,1.75
2016.12.15 12:07:15.688,0.76055,0.76077,1.12,1.75
2016.12.15 12:07:15.789,0.76056,0.76075,1.50,1.00
2016.12.15 12:07:16.516,0.76065,0.76075,1.00,1.00
2016.12.15 12:07:16.718,0.76065,0.76086,1.50,1.75
2016.12.15 12:07:17.031,0.76061,0.7608,1.75,1.00
2016.12.15 12:07:17.132,0.76065,0.76082,1.50,1.12
2016.12.15 12:07:17.183,0.76065,0.76082,1.37,1.50
2016.12.15 12:07:17.786,0.76065,0.76083,1.00,1.75
2016.12.15 12:07:19.433,0.76065,0.76083,1.12,1.75
2016.12.15 12:07:19.860,0.7607,0.76087,1.00,3.37
2016.12.15 12:07:19.911,0.7607,0.76086,1.00,1.12
2016.12.15 12:07:20.012,0.7607,0.76088,1.00,3.37
2016.12.15 12:07:20.112,0.76069,0.76085,1.00,1.00
2016.12.15 12:07:20.641,0.7607,0.76085,1.00,1.00
2016.12.15 12:07:20.854,0.76075,0.76085,1.00,1.00
2016.12.15 12:07:20.955,0.7607,0.76085,1.00,1.00
2016.12.15 12:07:21.055,0.7607,0.7609,1.12,1.75
2016.12.15 12:07:22.037,0.76075,0.76092,1.00,2.25
2016.12.15 12:07:22.238,0.7607,0.7609,1.12,1.75
2016.12.15 12:07:22.339,0.7607,0.7609,1.00,1.75
2016.12.15 12:07:23.368,0.76069,0.76091,1.00,3.00
2016.12.15 12:07:23.912,0.7607,0.7609,1.00,1.75
2016.12.15 12:07:24.779,0.76075,0.76091,1.00,2.25
2016.12.15 12:07:24.992,0.76069,0.76091,1.00,1.75
2016.12.15 12:07:25.043,0.76075,0.76091,1.00,2.25
2016.12.15 12:07:25.144,0.76075,0.76088,1.00,1.00
2016.12.15 12:07:25.245,0.7607,0.76092,1.75,2.25
2016.12.15 12:07:25.295,0.76067,0.7609,3.00,1.50
2016.12.15 12:07:25.346,0.7607,0.7609,1.00,1.75
2016.12.15 12:07:25.497,0.76067,0.76085,1.37,1.00
2016.12.15 12:07:25.698,0.76065,0.76088,1.37,2.62
2016.12.15 12:07:25.848,0.7606,0.76085,1.75,1.75
2016.12.15 12:07:25.949,0.7606,0.76085,1.75,1.75
2016.12.15 12:07:26.115,0.76065,0.76084,1.00,1.75
2016.12.15 12:07:26.859,0.7606,0.76085,1.75,2.25
2016.12.15 12:07:27.010,0.76065,0.76086,1.00,3.37
2016.12.15 12:07:27.166,0.76065,0.76087,1.12,2.25
2016.12.15 12:07:27.369,0.76065,0.76088,1.75,2.25
2016.12.15 12:07:27.680,0.7607,0.76087,1.00,2.25
2016.12.15 12:07:27.731,0.76065,0.76087,1.12,2.25
2016.12.15 12:07:28.051,0.76065,0.76088,1.50,2.25
2016.12.15 12:07:28.373,0.76065,0.76087,1.00,4.87
2016.12.15 12:07:28.912,0.7606,0.76085,3.00,2.25
2016.12.15 12:07:29.430,0.76065,0.76085,1.00,3.00
2016.12.15 12:07:29.954,0.76065,0.76085,1.12,2.25
2016.12.15 12:07:30.537,0.76064,0.76086,1.00,4.12
2016.12.15 12:07:30.741,0.76065,0.76088,1.50,2.25
2016.12.15 12:07:30.853,0.76065,0.76088,1.75,2.25
2016.12.15 12:07:31.251,0.76065,0.76089,1.50,2.25
2016.12.15 12:07:31.452,0.76065,0.76085,1.00,1.75
2016.12.15 12:07:31.756,0.76069,0.76085,1.00,1.75
2016.12.15 12:07:31.975,0.76069,0.76088,1.00,1.75
2016.12.15 12:07:32.340,0.7607,0.76088,1.00,1.00
2016.12.15 12:07:32.951,0.76069,0.76088,1.50,1.00
2016.12.15 12:07:34.116,0.7607,0.76088,1.00,1.00
2016.12.15 12:07:34.665,0.76069,0.76088,1.50,1.00
2016.12.15 12:07:35.178,0.7607,0.76088,1.00,1.00
2016.12.15 12:07:35.719,0.7607,0.76089,1.00,1.75
2016.12.15 12:07:36.088,0.76065,0.76089,3.00,1.75
2016.12.15 12:07:36.810,0.76069,0.7609,1.00,3.37
2016.12.15 12:07:36.861,0.76069,0.76087,1.00,1.00
2016.12.15 12:07:37.412,0.76068,0.76087,1.00,1.00
2016.12.15 12:07:39.012,0.7607,0.76087,1.00,1.00
2016.12.15 12:07:39.063,0.76068,0.76087,1.00,1.50
2016.12.15 12:07:39.164,0.76065,0.7609,1.75,3.37
2016.12.15 12:07:39.666,0.76065,0.76087,1.75,1.75
2016.12.15 12:07:40.147,0.76065,0.76088,1.75,1.75
2016.12.15 12:07:40.449,0.7607,0.76092,1.00,2.62
2016.12.15 12:07:40.687,0.76068,0.7609,2.25,1.75
2016.12.15 12:07:41.055,0.76065,0.76085,1.75,1.00
2016.12.15 12:07:41.106,0.76065,0.76085,1.75,1.12
2016.12.15 12:07:41.206,0.76066,0.76084,1.00,1.00
2016.12.15 12:07:41.307,0.76065,0.76085,1.12,1.75
2016.12.15 12:07:41.609,0.7606,0.76082,1.50,1.75
2016.12.15 12:07:42.213,0.76065,0.76082,1.00,1.75
2016.12.15 12:07:42.263,0.7606,0.7608,1.50,1.75
2016.12.15 12:07:42.414,0.7606,0.7608,1.12,2.25
2016.12.15 12:07:42.515,0.7606,0.7608,1.75,1.12
2016.12.15 12:07:42.566,0.76065,0.76082,1.00,2.25
2016.12.15 12:07:42.824,0.76058,0.76076,1.00,1.00
2016.12.15 12:07:43.380,0.76059,0.76076,1.00,1.00
2016.12.15 12:07:43.913,0.76059,0.76081,1.50,1.75
2016.12.15 12:07:44.431,0.76065,0.76083,1.00,2.62
2016.12.15 12:07:44.481,0.7606,0.7608,1.12,1.75
2016.12.15 12:07:44.532,0.76065,0.76083,1.00,2.62
2016.12.15 12:07:44.633,0.76065,0.7608,1.00,1.00
2016.12.15 12:07:44.684,0.76064,0.76084,1.50,1.75
2016.12.15 12:07:44.794,0.76064,0.76085,1.00,1.75
2016.12.15 12:07:45.411,0.76062,0.76084,2.25,1.75
2016.12.15 12:07:45.721,0.76065,0.76087,1.37,1.75
2016.12.15 12:07:46.157,0.7607,0.76089,1.00,3.37
2016.12.15 12:07:46.208,0.76068,0.76089,1.50,2.62
2016.12.15 12:07:46.258,0.7607,0.76089,1.50,2.62
2016.12.15 12:07:46.359,0.76072,0.7609,1.50,1.00
2016.12.15 12:07:46.410,0.76072,0.76093,1.50,1.75
2016.12.15 12:07:46.824,0.76075,0.76091,1.00,1.50
2016.12.15 12:07:47.358,0.7607,0.7609,1.12,1.75
2016.12.15 12:07:47.610,0.7607,0.76087,1.00,1.37
2016.12.15 12:07:48.754,0.76066,0.76084,1.00,1.00
2016.12.15 12:07:49.116,0.7607,0.76084,1.00,1.00
2016.12.15 12:07:49.532,0.76065,0.76088,1.75,1.75
2016.12.15 12:07:49.734,0.76064,0.76086,2.25,1.50
2016.12.15 12:07:49.785,0.76065,0.76086,1.00,1.75
2016.12.15 12:07:50.121,0.76065,0.76084,1.00,1.75
2016.12.15 12:07:50.272,0.7606,0.76082,1.75,1.75
2016.12.15 12:07:50.423,0.7606,0.76079,1.37,2.25
2016.12.15 12:07:50.575,0.7606,0.76076,1.00,1.00
2016.12.15 12:07:51.827,0.7606,0.76076,1.00,1.50
2016.12.15 12:07:51.978,0.7606,0.76076,1.00,1.50
2016.12.15 12:07:52.377,0.76055,0.76073,1.50,1.00
2016.12.15 12:07:52.479,0.76059,0.76073,1.00,1.00
2016.12.15 12:07:53.010,0.7606,0.7608,1.00,1.75
2016.12.15 12:07:53.111,0.76062,0.7608,1.00,1.75
2016.12.15 12:07:53.994,0.76061,0.7608,1.00,1.75
2016.12.15 12:07:54.315,0.76064,0.76081,1.00,2.25
2016.12.15 12:07:54.717,0.76067,0.76085,1.50,1.75
2016.12.15 12:07:55.108,0.76069,0.76085,1.00,1.75
2016.12.15 12:07:55.159,0.76067,0.76086,1.00,1.75
2016.12.15 12:07:55.361,0.76065,0.76083,1.12,1.37
2016.12.15 12:07:55.663,0.76064,0.76083,1.00,1.75
2016.12.15 12:07:55.994,0.76067,0.76085,1.00,1.75
2016.12.15 12:07:56.722,0.7607,0.76085,1.00,2.25
2016.12.15 12:07:56.773,0.76068,0.76086,1.00,1.75
2016.12.15 12:07:56.823,0.76072,0.76088,1.00,2.62
2016.12.15 12:07:56.924,0.76073,0.76089,1.00,1.75
2016.12.15 12:07:57.434,0.76072,0.76089,1.00,1.75
2016.12.15 12:07:58.129,0.76075,0.76089,1.00,1.75
2016.12.15 12:07:58.473,0.7607,0.76089,1.50,2.62
2016.12.15 12:07:58.842,0.76072,0.7609,1.00,3.37
2016.12.15 12:07:58.943,0.76073,0.76087,1.00,1.00
2016.12.15 12:07:58.994,0.76075,0.76091,1.00,1.75
2016.12.15 12:07:59.146,0.76066,0.7609,1.75,2.25
2016.12.15 12:07:59.197,0.76074,0.76089,1.00,1.75
2016.12.15 12:07:59.399,0.76071,0.7609,1.00,2.25
2016.12.15 12:07:59.500,0.7607,0.76089,1.12,1.50
2016.12.15 12:07:59.635,0.7607,0.76088,1.12,1.75
2016.12.15 12:07:59.690,0.76067,0.76085,1.12,1.50
2016.12.15 12:07:59.742,0.76067,0.76085,1.00,1.50
2016.12.15 12:08:00.044,0.76066,0.76082,1.00,1.75
2016.12.15 12:08:00.564,0.76066,0.76079,1.00,1.00
2016.12.15 12:08:00.870,0.7607,0.76088,1.00,1.75
2016.12.15 12:08:00.921,0.76072,0.76088,1.00,1.75
2016.12.15 12:08:01.123,0.76073,0.76088,1.00,1.75
2016.12.15 12:08:01.425,0.76075,0.76091,1.00,1.75
2016.12.15 12:08:01.944,0.76075,0.76091,1.00,1.75
2016.12.15 12:08:02.472,0.76075,0.76093,1.00,1.75
2016.12.15 12:08:03.007,0.76075,0.76093,1.00,1.75
2016.12.15 12:08:03.460,0.7607,0.76094,1.50,2.25
2016.12.15 12:08:03.511,0.76071,0.76088,1.00,1.60
2016.12.15 12:08:03.562,0.76071,0.76088,1.00,1.35
2016.12.15 12:08:03.612,0.76069,0.76087,1.12,2.10
2016.12.15 12:08:03.861,0.76071,0.76084,1.00,1.00
2016.12.15 12:08:04.324,0.76069,0.76084,1.00,1.00
2016.12.15 12:08:04.424,0.76075,0.76092,1.00,2.62
2016.12.15 12:08:04.475,0.76074,0.76094,1.00,2.62
2016.12.15 12:08:04.777,0.76073,0.76088,1.00,1.75
2016.12.15 12:08:04.828,0.76069,0.7609,1.00,1.75
2016.12.15 12:08:04.983,0.7607,0.7609,1.37,1.75
2016.12.15 12:08:05.034,0.7607,0.7609,1.50,1.75
2016.12.15 12:08:05.186,0.76066,0.7609,2.25,1.75
2016.12.15 12:08:05.735,0.76065,0.7609,3.00,1.75
2016.12.15 12:08:06.037,0.76065,0.76085,1.50,1.37
2016.12.15 12:08:06.369,0.7607,0.76087,1.00,1.75
2016.12.15 12:08:07.103,0.76073,0.76088,1.00,2.62
2016.12.15 12:08:07.254,0.7608,0.76097,1.00,1.75
2016.12.15 12:08:07.406,0.7608,0.76102,1.37,2.62
2016.12.15 12:08:07.577,0.76081,0.76101,1.75,1.50
2016.12.15 12:08:07.728,0.7608,0.76101,1.75,1.75
2016.12.15 12:08:07.779,0.76085,0.76104,1.00,3.37
2016.12.15 12:08:08.524,0.7608,0.76103,1.75,1.75
2016.12.15 12:08:08.758,0.76084,0.76102,1.00,2.10
2016.12.15 12:08:09.011,0.76085,0.76105,1.12,1.75
2016.12.15 12:08:09.538,0.76085,0.76105,1.12,2.25
2016.12.15 12:08:09.690,0.76085,0.76105,1.00,4.12
2016.12.15 12:08:10.156,0.76085,0.76104,1.00,1.75
2016.12.15 12:08:10.256,0.76085,0.76105,1.12,1.75
2016.12.15 12:08:10.416,0.76085,0.76103,1.37,1.00
2016.12.15 12:08:10.834,0.76084,0.76105,1.50,1.75
2016.12.15 12:08:11.002,0.7608,0.761,2.25,1.00
2016.12.15 12:08:11.348,0.76085,0.76105,1.12,2.25
2016.12.15 12:08:11.499,0.76085,0.76105,1.00,4.12
2016.12.15 12:08:11.600,0.76085,0.76105,1.00,1.75
2016.12.15 12:08:12.104,0.76085,0.76102,1.00,1.00
2016.12.15 12:08:12.370,0.76083,0.76101,1.00,2.10
2016.12.15 12:08:12.420,0.76079,0.761,1.37,1.37
2016.12.15 12:08:12.471,0.7608,0.76097,1.00,1.00
2016.12.15 12:08:12.522,0.76085,0.76097,1.00,1.00
2016.12.15 12:08:12.623,0.76082,0.761,1.37,1.50
2016.12.15 12:08:12.774,0.76077,0.761,1.75,1.75
2016.12.15 12:08:13.033,0.7608,0.76102,1.12,1.75
2016.12.15 12:08:13.424,0.76075,0.76098,1.75,1.35
2016.12.15 12:08:13.525,0.76075,0.76096,1.50,1.50
2016.12.15 12:08:13.726,0.76079,0.76096,1.00,1.75
2016.12.15 12:08:13.777,0.76075,0.76098,3.37,3.22
2016.12.15 12:08:13.827,0.76077,0.76099,1.12,2.62
2016.12.15 12:08:13.979,0.76077,0.761,2.25,1.75
2016.12.15 12:08:16.499,0.7608,0.76102,1.37,1.75
2016.12.15 12:08:16.787,0.76084,0.76107,1.37,2.25
2016.12.15 12:08:17.865,0.76081,0.76105,1.50,2.25
2016.12.15 12:08:18.016,0.76085,0.76102,1.37,1.00
2016.12.15 12:08:18.218,0.76085,0.76107,1.75,1.75
2016.12.15 12:08:18.503,0.76085,0.76103,1.50,1.00
2016.12.15 12:08:19.161,0.7609,0.76103,1.00,1.00
2016.12.15 12:08:20.076,0.76085,0.76103,1.50,1.00
2016.12.15 12:08:21.574,0.76089,0.76103,1.00,1.00
2016.12.15 12:08:22.093,0.7609,0.76103,1.00,1.00
2016.12.15 12:08:22.305,0.76085,0.76105,3.75,1.37
2016.12.15 12:08:22.356,0.76085,0.76105,3.75,1.00
2016.12.15 12:08:22.964,0.7609,0.7611,1.00,3.37
2016.12.15 12:08:23.115,0.7609,0.76106,1.00,1.00
2016.12.15 12:08:23.488,0.76089,0.76109,1.37,1.75
2016.12.15 12:08:24.188,0.7609,0.76108,1.00,1.75
2016.12.15 12:08:24.440,0.7609,0.76106,1.00,1.00
2016.12.15 12:08:24.862,0.7609,0.76108,1.00,1.75
2016.12.15 12:08:25.218,0.7609,0.76109,1.00,1.75
2016.12.15 12:08:25.445,0.7609,0.76109,1.00,1.75
2016.12.15 12:08:25.775,0.76095,0.76108,1.00,1.75
2016.12.15 12:08:25.825,0.76095,0.76108,1.00,1.75
2016.12.15 12:08:26.215,0.7609,0.76108,1.00,1.75
2016.12.15 12:08:26.755,0.7609,0.76106,1.00,1.75
2016.12.15 12:08:27.280,0.76084,0.76106,2.25,1.75
2016.12.15 12:08:27.790,0.76084,0.76106,1.37,1.75
2016.12.15 12:08:27.992,0.76085,0.76105,1.00,2.25
2016.12.15 12:08:28.311,0.7609,0.76105,1.00,3.37
2016.12.15 12:08:28.462,0.76085,0.76105,1.00,4.12
2016.12.15 12:08:28.995,0.76084,0.76102,1.00,1.75
2016.12.15 12:08:29.348,0.7609,0.76105,1.00,1.75
2016.12.15 12:08:29.398,0.76085,0.76105,1.00,2.25
2016.12.15 12:08:29.600,0.76089,0.76106,1.00,2.62
2016.12.15 12:08:29.651,0.76089,0.76108,1.00,3.37
2016.12.15 12:08:30.190,0.76089,0.76108,1.00,1.75
2016.12.15 12:08:30.342,0.76084,0.76107,2.25,1.75
2016.12.15 12:08:30.442,0.76085,0.76102,1.00,1.00
2016.12.15 12:08:30.543,0.76085,0.76106,1.75,1.75
2016.12.15 12:08:30.845,0.7609,0.76106,1.00,1.75
2016.12.15 12:08:30.946,0.7609,0.76109,1.00,2.25
2016.12.15 12:08:32.365,0.76089,0.76108,1.00,1.75
2016.12.15 12:08:32.465,0.7609,0.7611,1.12,1.75
2016.12.15 12:08:32.678,0.7609,0.76111,1.00,4.12
2016.12.15 12:08:33.349,0.76089,0.76109,1.00,2.25
2016.12.15 12:08:33.890,0.76089,0.76108,1.00,2.25
2016.12.15 12:08:33.941,0.76085,0.76108,1.12,2.25
2016.12.15 12:08:34.244,0.7609,0.76108,1.00,1.75
2016.12.15 12:08:34.755,0.76089,0.76108,1.00,2.25
2016.12.15 12:08:34.857,0.76085,0.76108,1.75,1.75
2016.12.15 12:08:35.066,0.76085,0.76108,1.12,3.37
2016.12.15 12:08:35.933,0.7609,0.76106,1.00,1.75
2016.12.15 12:08:36.034,0.76085,0.76107,1.12,1.75
2016.12.15 12:08:36.085,0.76089,0.76108,1.00,2.62
2016.12.15 12:08:36.186,0.76085,0.76108,1.12,3.37
2016.12.15 12:08:36.353,0.7609,0.76105,1.00,1.37
2016.12.15 12:08:36.634,0.76085,0.76104,1.00,1.75
2016.12.15 12:08:36.985,0.7609,0.76104,1.00,1.75
2016.12.15 12:08:37.095,0.76085,0.76104,1.00,1.75
2016.12.15 12:08:37.247,0.7608,0.76105,1.75,3.00
2016.12.15 12:08:37.515,0.7608,0.76102,1.75,1.75
2016.12.15 12:08:37.928,0.7608,0.76102,1.75,1.75
2016.12.15 12:08:38.246,0.7608,0.76105,3.00,3.00
2016.12.15 12:08:38.518,0.76081,0.761,1.00,1.00
2016.12.15 12:08:38.997,0.7608,0.76101,1.37,2.62
2016.12.15 12:08:39.215,0.7608,0.76101,1.87,1.75
2016.12.15 12:08:39.466,0.7608,0.76101,2.25,1.50
2016.12.15 12:08:40.148,0.76085,0.76106,1.00,2.62
2016.12.15 12:08:40.249,0.76085,0.76103,1.00,1.00
2016.12.15 12:08:40.350,0.7609,0.76103,1.00,1.00
2016.12.15 12:08:40.502,0.76085,0.76105,1.00,1.75
2016.12.15 12:08:40.553,0.76081,0.76106,1.50,4.87
2016.12.15 12:08:40.653,0.76085,0.76103,1.00,1.75
2016.12.15 12:08:40.860,0.7608,0.76099,1.00,1.75
2016.12.15 12:08:41.062,0.7608,0.76099,1.00,3.37
2016.12.15 12:08:41.277,0.7608,0.761,1.00,1.75
2016.12.15 12:08:41.328,0.7608,0.76098,1.00,1.00
2016.12.15 12:08:41.479,0.7608,0.76101,1.00,3.37
2016.12.15 12:08:42.111,0.76079,0.76101,1.00,3.37
2016.12.15 12:08:42.460,0.7608,0.76093,1.00,1.00
2016.12.15 12:08:42.683,0.7608,0.76099,1.00,1.75
2016.12.15 12:08:42.784,0.76084,0.761,1.00,1.75
2016.12.15 12:08:42.835,0.7608,0.761,1.00,1.75
2016.12.15 12:08:42.936,0.76085,0.761,1.00,1.75
2016.12.15 12:08:43.436,0.76085,0.76106,1.00,2.62
2016.12.15 12:08:43.537,0.76085,0.76102,1.00,1.00
2016.12.15 12:08:44.208,0.76084,0.76102,1.50,1.00
2016.12.15 12:08:45.118,0.76085,0.76102,1.00,1.00
2016.12.15 12:08:45.694,0.76085,0.76103,1.00,1.75
2016.12.15 12:08:46.083,0.76079,0.76101,1.50,1.75
2016.12.15 12:08:46.508,0.76084,0.76101,1.00,1.75
2016.12.15 12:08:46.558,0.7608,0.76104,1.12,2.25
2016.12.15 12:08:46.609,0.7608,0.761,1.37,1.00
2016.12.15 12:08:46.938,0.7608,0.76103,1.50,1.75
2016.12.15 12:08:47.264,0.76085,0.76104,1.00,1.75
2016.12.15 12:08:48.080,0.76085,0.76105,1.12,1.75
2016.12.15 12:08:48.383,0.7609,0.76106,1.00,1.75
2016.12.15 12:08:48.973,0.76085,0.76105,1.12,1.75
2016.12.15 12:08:50.240,0.7609,0.76106,1.00,1.75
2016.12.15 12:08:51.279,0.76089,0.76107,1.00,1.75
2016.12.15 12:08:51.330,0.76084,0.76108,1.50,2.25
2016.12.15 12:08:51.380,0.76084,0.76108,3.00,1.75
2016.12.15 12:08:51.755,0.76089,0.76111,1.50,1.75
2016.12.15 12:08:52.860,0.76095,0.76111,1.00,1.75
2016.12.15 12:08:53.024,0.7609,0.7611,1.12,1.75
2016.12.15 12:08:53.075,0.76095,0.76111,1.00,1.75
2016.12.15 12:08:53.352,0.76089,0.76112,1.50,1.75
2016.12.15 12:08:53.918,0.7609,0.76111,1.00,3.37
2016.12.15 12:08:56.433,0.76095,0.76111,1.00,3.37
2016.12.15 12:08:56.584,0.76095,0.76108,1.00,1.12
2016.12.15 12:08:56.635,0.7609,0.76108,1.00,1.12
2016.12.15 12:08:56.687,0.7609,0.76108,1.00,1.37
2016.12.15 12:08:57.220,0.76089,0.76108,1.00,2.25
2016.12.15 12:08:59.336,0.7609,0.76108,1.00,1.75
2016.12.15 12:08:59.859,0.76089,0.76109,1.00,1.75
2016.12.15 12:09:00.188,0.76089,0.7611,1.12,3.00
2016.12.15 12:09:00.746,0.7609,0.7611,1.00,2.25
2016.12.15 12:09:01.006,0.76089,0.76111,1.37,2.25
2016.12.15 12:09:01.057,0.76095,0.76112,1.00,1.75
2016.12.15 12:09:01.208,0.76095,0.7611,1.00,1.00
2016.12.15 12:09:01.510,0.76095,0.76111,1.00,1.87
2016.12.15 12:09:01.561,0.76089,0.76112,1.75,1.50
2016.12.15 12:09:01.712,0.76095,0.76111,1.00,1.75
2016.12.15 12:09:01.860,0.7609,0.76111,1.12,1.75
2016.12.15 12:09:02.156,0.76085,0.76108,1.75,1.50
2016.12.15 12:09:02.206,0.76085,0.76108,1.75,1.75
2016.12.15 12:09:02.653,0.76089,0.76108,1.00,1.75
2016.12.15 12:09:03.739,0.7609,0.76108,1.00,1.75
2016.12.15 12:09:03.995,0.76085,0.76108,1.75,2.25
2016.12.15 12:09:04.531,0.7609,0.76108,1.00,2.25
2016.12.15 12:09:05.905,0.76085,0.76108,1.75,1.75
2016.12.15 12:09:06.056,0.76086,0.76107,1.00,1.75
2016.12.15 12:09:07.814,0.76085,0.76109,1.50,4.12
2016.12.15 12:09:08.251,0.7609,0.76107,1.00,1.75
2016.12.15 12:09:08.827,0.76085,0.76105,1.75,1.50
2016.12.15 12:09:09.335,0.7609,0.76109,1.00,2.25
2016.12.15 12:09:09.409,0.76085,0.76109,1.75,2.25
2016.12.15 12:09:09.527,0.76085,0.76105,1.75,1.00
2016.12.15 12:09:09.982,0.76085,0.76105,3.00,1.50
2016.12.15 12:09:10.033,0.76089,0.7611,1.00,3.37
2016.12.15 12:09:10.312,0.76087,0.7611,1.12,4.87
2016.12.15 12:09:12.233,0.7609,0.76108,1.35,1.00
2016.12.15 12:09:13.244,0.7609,0.76109,1.00,1.75
2016.12.15 12:09:13.756,0.7609,0.7611,1.12,1.75
2016.12.15 12:09:14.069,0.76086,0.76105,1.75,1.12
2016.12.15 12:09:14.372,0.76084,0.76104,1.50,1.37
2016.12.15 12:09:14.422,0.76084,0.76105,1.12,1.75
2016.12.15 12:09:14.473,0.76084,0.76105,1.00,1.75
2016.12.15 12:09:15.018,0.7608,0.761,2.25,1.12
2016.12.15 12:09:15.370,0.76085,0.76103,1.00,1.75
2016.12.15 12:09:15.521,0.76082,0.76103,1.00,2.25
2016.12.15 12:09:15.823,0.7608,0.76102,1.12,2.62
2016.12.15 12:09:16.021,0.76081,0.76099,1.00,1.00
2016.12.15 12:09:16.272,0.7608,0.761,2.25,1.75
2016.12.15 12:09:16.976,0.76081,0.76104,1.37,4.12
2016.12.15 12:09:17.490,0.76081,0.76104,1.75,2.25
2016.12.15 12:09:21.448,0.76081,0.76103,1.50,3.37
2016.12.15 12:09:21.980,0.76081,0.76103,1.12,3.37
2016.12.15 12:09:23.268,0.7608,0.76104,1.87,2.25
2016.12.15 12:09:23.815,0.7608,0.76104,2.25,3.00
2016.12.15 12:09:23.966,0.76085,0.76104,1.00,3.00
2016.12.15 12:09:24.318,0.7608,0.76104,2.25,2.25
2016.12.15 12:09:24.934,0.76085,0.76104,1.00,2.25
2016.12.15 12:09:25.178,0.7608,0.76104,2.25,2.25
2016.12.15 12:09:26.707,0.76085,0.76108,1.12,4.50
2016.12.15 12:09:26.859,0.76085,0.76108,1.75,1.75
2016.12.15 12:09:26.909,0.76085,0.76107,1.50,1.50
2016.12.15 12:09:27.211,0.76089,0.7611,1.00,3.37
2016.12.15 12:09:27.362,0.76089,0.76108,1.50,1.00
2016.12.15 12:09:28.036,0.76086,0.76107,1.75,1.00
2016.12.15 12:09:28.137,0.76086,0.76107,1.75,1.50
2016.12.15 12:09:28.188,0.76086,0.76109,1.50,1.75
2016.12.15 12:09:28.239,0.76086,0.76109,1.12,1.75
2016.12.15 12:09:28.290,0.76086,0.76109,1.37,1.75
2016.12.15 12:09:28.340,0.76088,0.76107,1.00,1.00
2016.12.15 12:09:28.492,0.76084,0.76107,1.75,1.50
2016.12.15 12:09:28.805,0.76085,0.76107,1.12,1.75
2016.12.15 12:09:29.214,0.76085,0.76106,1.37,1.75
2016.12.15 12:09:29.264,0.76085,0.76104,1.50,1.12
2016.12.15 12:09:29.315,0.76085,0.76103,1.50,1.37
2016.12.15 12:09:29.617,0.7609,0.76105,1.00,1.75
2016.12.15 12:09:29.769,0.76089,0.76109,1.00,2.25
2016.12.15 12:09:30.238,0.7609,0.76108,1.00,2.62
2016.12.15 12:09:30.894,0.7609,0.76106,1.00,1.75
2016.12.15 12:09:30.945,0.76084,0.76106,1.12,2.25
2016.12.15 12:09:31.554,0.76085,0.76105,1.00,1.75
2016.12.15 12:09:32.225,0.76082,0.76105,1.75,1.75
2016.12.15 12:09:32.376,0.76085,0.76103,1.00,1.75
2016.12.15 12:09:32.578,0.7608,0.76103,1.50,1.75
2016.12.15 12:09:32.779,0.7608,0.761,1.00,1.87
2016.12.15 12:09:33.294,0.7608,0.76098,1.00,1.75
2016.12.15 12:09:33.395,0.76079,0.76095,1.50,1.00
2016.12.15 12:09:33.598,0.76082,0.761,1.00,2.25
2016.12.15 12:09:33.850,0.76084,0.76104,1.75,1.75
2016.12.15 12:09:33.900,0.76084,0.76104,1.37,1.75
2016.12.15 12:09:34.490,0.76084,0.76104,1.00,1.75
2016.12.15 12:09:34.793,0.76095,0.76113,1.00,1.75
2016.12.15 12:09:35.095,0.76095,0.76112,1.00,1.75
2016.12.15 12:09:35.818,0.76095,0.76115,1.00,2.25
2016.12.15 12:09:36.020,0.76095,0.76115,1.37,1.37
2016.12.15 12:09:36.121,0.76093,0.76114,2.62,1.00
2016.12.15 12:09:36.272,0.7609,0.76109,1.75,1.00
2016.12.15 12:09:36.322,0.7609,0.76112,1.37,1.75
2016.12.15 12:09:36.373,0.7609,0.76113,1.00,3.37
2016.12.15 12:09:36.583,0.76089,0.76108,1.50,1.00
2016.12.15 12:09:36.684,0.76095,0.76108,1.00,1.00
2016.12.15 12:09:37.250,0.76094,0.76108,1.00,1.00
2016.12.15 12:09:37.647,0.76094,0.76112,1.50,1.00
2016.12.15 12:09:37.830,0.76095,0.76114,1.00,1.75
2016.12.15 12:09:38.388,0.76094,0.76114,1.00,1.75
2016.12.15 12:09:38.935,0.76096,0.76116,1.00,2.62
2016.12.15 12:09:39.240,0.76105,0.76118,1.00,1.75
2016.12.15 12:09:39.549,0.76105,0.76118,1.00,1.75
2016.12.15 12:09:40.530,0.761,0.76119,1.00,1.75
2016.12.15 12:09:41.060,0.76095,0.76119,1.75,2.25
2016.12.15 12:09:41.312,0.76095,0.76116,1.50,2.25
2016.12.15 12:09:41.704,0.76095,0.76112,1.00,1.37
2016.12.15 12:09:42.028,0.7609,0.7611,1.12,1.75
2016.12.15 12:09:42.928,0.7609,0.76108,1.00,1.50
2016.12.15 12:09:43.258,0.7609,0.76108,1.00,3.00
2016.12.15 12:09:43.786,0.76089,0.76108,1.00,2.25
2016.12.15 12:09:44.314,0.76085,0.76105,1.75,1.75
2016.12.15 12:09:45.517,0.76085,0.76105,1.37,2.25
2016.12.15 12:09:45.718,0.76084,0.76105,1.12,1.75
2016.12.15 12:09:45.819,0.76084,0.76102,1.00,1.37
2016.12.15 12:09:46.335,0.76085,0.76105,1.00,3.37
2016.12.15 12:09:46.662,0.7609,0.76105,1.00,1.75
2016.12.15 12:09:46.767,0.7609,0.76108,1.00,3.37
2016.12.15 12:09:46.868,0.7609,0.76104,1.00,1.00
2016.12.15 12:09:47.035,0.76086,0.76104,1.00,1.00
2016.12.15 12:09:47.085,0.7609,0.76104,1.00,1.00
2016.12.15 12:09:47.136,0.76085,0.76108,1.50,3.37
2016.12.15 12:09:47.287,0.76085,0.76106,1.75,1.75
2016.12.15 12:09:47.337,0.76085,0.76106,1.50,1.75
2016.12.15 12:09:47.639,0.7609,0.76105,1.00,1.75
2016.12.15 12:09:48.464,0.7609,0.76109,1.00,2.62
2016.12.15 12:09:48.715,0.7609,0.7611,1.75,1.50
2016.12.15 12:09:48.766,0.76091,0.7611,1.00,1.50
2016.12.15 12:09:49.421,0.7609,0.7611,1.12,1.75
2016.12.15 12:09:49.995,0.76095,0.76109,1.00,1.75
2016.12.15 12:09:50.045,0.7609,0.76109,1.00,1.75
2016.12.15 12:09:50.146,0.76085,0.76109,1.75,2.62
2016.12.15 12:09:50.247,0.76086,0.76108,1.00,2.62
2016.12.15 12:09:51.171,0.76085,0.76106,1.50,1.75
2016.12.15 12:09:51.221,0.76085,0.76106,1.75,1.50
2016.12.15 12:09:51.272,0.76085,0.76106,1.75,1.50
2016.12.15 12:09:51.373,0.76085,0.76106,1.12,1.75
2016.12.15 12:09:52.212,0.76085,0.76101,1.00,1.00
2016.12.15 12:09:52.363,0.7608,0.76103,1.50,2.62
2016.12.15 12:09:52.902,0.7608,0.76104,1.50,3.37
2016.12.15 12:09:55.272,0.76075,0.76099,1.75,1.50
2016.12.15 12:09:55.842,0.7608,0.76097,1.37,1.00
2016.12.15 12:09:56.428,0.76084,0.76102,1.00,1.75
2016.12.15 12:09:56.762,0.7608,0.76095,1.00,1.00
2016.12.15 12:09:57.281,0.7608,0.76102,1.12,3.37
2016.12.15 12:09:58.379,0.76077,0.761,1.75,1.75
2016.12.15 12:09:58.581,0.7608,0.76101,1.00,1.75
2016.12.15 12:09:59.061,0.7608,0.76097,1.37,1.50
2016.12.15 12:09:59.370,0.7608,0.76099,1.37,1.50
2016.12.15 12:09:59.653,0.76081,0.76099,1.00,1.37
2016.12.15 12:10:00.030,0.76085,0.76101,1.00,1.75
2016.12.15 12:10:00.162,0.7608,0.761,1.12,1.75
2016.12.15 12:10:00.314,0.7608,0.761,1.50,1.75
2016.12.15 12:10:00.415,0.7608,0.76102,1.50,1.75
2016.12.15 12:10:00.566,0.76079,0.76101,3.75,1.00
2016.12.15 12:10:01.128,0.76085,0.76104,1.00,1.75
2016.12.15 12:10:01.688,0.76085,0.76101,1.00,1.87
2016.12.15 12:10:01.738,0.7608,0.76099,1.00,1.00
2016.12.15 12:10:02.098,0.76081,0.76104,1.37,2.25
2016.12.15 12:10:02.401,0.7609,0.76106,1.00,1.75
2016.12.15 12:10:02.816,0.76085,0.76104,1.50,1.50
2016.12.15 12:10:02.967,0.76085,0.76104,1.12,1.50
2016.12.15 12:10:03.999,0.76085,0.76105,1.37,1.75
2016.12.15 12:10:04.214,0.76084,0.76105,1.12,1.75
2016.12.15 12:10:04.265,0.76084,0.76102,1.37,1.00
2016.12.15 12:10:05.099,0.76085,0.76104,1.50,1.50
2016.12.15 12:10:05.401,0.7609,0.76105,1.00,1.75
2016.12.15 12:10:05.451,0.76084,0.76105,1.50,1.75
2016.12.15 12:10:06.467,0.76085,0.76105,1.37,1.75
2016.12.15 12:10:07.135,0.76085,0.76105,1.75,1.50
2016.12.15 12:10:08.382,0.76083,0.76106,1.75,2.25
2016.12.15 12:10:08.684,0.7608,0.76104,1.75,3.37
2016.12.15 12:10:08.735,0.7608,0.76104,1.75,3.37
2016.12.15 12:10:08.984,0.76081,0.76105,3.75,3.37
2016.12.15 12:10:09.297,0.76085,0.76103,1.00,1.00
2016.12.15 12:10:09.926,0.76084,0.76106,2.25,1.50
2016.12.15 12:10:09.977,0.76084,0.76106,2.25,1.50
2016.12.15 12:10:10.027,0.7609,0.7611,1.00,3.00
2016.12.15 12:10:11.240,0.76089,0.76109,1.00,3.00
2016.12.15 12:10:11.514,0.7609,0.7611,1.12,2.25
2016.12.15 12:10:11.565,0.76095,0.7611,1.00,1.75
2016.12.15 12:10:11.750,0.7609,0.7611,1.12,2.25
2016.12.15 12:10:11.901,0.7609,0.76107,1.00,1.50
2016.12.15 12:10:12.165,0.76087,0.76105,1.00,1.37
2016.12.15 12:10:12.215,0.7609,0.76109,1.00,2.25
2016.12.15 12:10:13.147,0.7609,0.76107,1.00,1.75
2016.12.15 12:10:13.197,0.76085,0.76105,1.75,1.75
2016.12.15 12:10:13.248,0.7609,0.76106,1.00,1.75
2016.12.15 12:10:13.298,0.76085,0.76105,1.12,2.25
2016.12.15 12:10:13.486,0.7609,0.76106,1.00,2.25
2016.12.15 12:10:13.926,0.7609,0.76105,1.00,1.00
2016.12.15 12:10:14.440,0.76095,0.76105,1.00,1.00
2016.12.15 12:10:14.541,0.7609,0.7611,1.12,2.62
2016.12.15 12:10:14.641,0.7609,0.76112,1.75,2.25
2016.12.15 12:10:14.692,0.7609,0.76112,1.75,2.25
2016.12.15 12:10:14.795,0.7609,0.76113,1.50,2.25
2016.12.15 12:10:14.997,0.7609,0.76111,1.75,1.75
2016.12.15 12:10:15.399,0.7609,0.7611,1.12,1.75
2016.12.15 12:10:15.590,0.76087,0.76105,1.00,1.00
2016.12.15 12:10:15.641,0.76085,0.76105,1.37,1.37
2016.12.15 12:10:15.691,0.76085,0.76102,1.00,1.00
2016.12.15 12:10:16.672,0.76084,0.76102,1.00,1.00
2016.12.15 12:10:17.175,0.76083,0.76102,1.00,1.00
2016.12.15 12:10:17.225,0.76085,0.76102,1.00,1.00
2016.12.15 12:10:17.276,0.76083,0.76102,1.00,1.00
2016.12.15 12:10:17.477,0.7608,0.76103,1.75,1.75
2016.12.15 12:10:17.999,0.7608,0.76102,1.75,1.75
2016.12.15 12:10:18.416,0.7608,0.761,1.00,1.75
2016.12.15 12:10:19.356,0.7608,0.76098,1.00,1.75
2016.12.15 12:10:19.800,0.7608,0.761,1.75,1.50
2016.12.15 12:10:19.901,0.76085,0.76103,1.00,1.75
2016.12.15 12:10:20.104,0.76084,0.76101,1.00,1.00
2016.12.15 12:10:20.872,0.7608,0.761,1.75,1.12
2016.12.15 12:10:21.028,0.76085,0.76103,1.00,1.75
2016.12.15 12:10:22.302,0.76085,0.76106,1.00,2.62
2016.12.15 12:10:23.093,0.76085,0.76104,1.00,2.25
2016.12.15 12:10:23.708,0.76079,0.76101,1.50,1.75
2016.12.15 12:10:23.859,0.7608,0.76103,1.50,1.75
2016.12.15 12:10:23.910,0.7608,0.76105,1.75,4.12
2016.12.15 12:10:24.011,0.7608,0.76105,1.75,2.25
2016.12.15 12:10:26.246,0.7609,0.76106,1.00,1.75
2016.12.15 12:10:26.347,0.7609,0.76105,1.00,1.50
2016.12.15 12:10:26.618,0.76085,0.76105,1.75,1.12
2016.12.15 12:10:27.361,0.7609,0.76108,1.00,2.25
2016.12.15 12:10:27.576,0.76085,0.76105,1.75,1.12
2016.12.15 12:10:27.831,0.76085,0.76105,1.50,1.75
2016.12.15 12:10:29.042,0.76094,0.76108,1.00,1.75
2016.12.15 12:10:29.142,0.7609,0.76109,1.00,2.62
2016.12.15 12:10:29.243,0.7609,0.7611,1.00,1.75
2016.12.15 12:10:29.344,0.7609,0.7611,1.75,1.50
2016.12.15 12:10:29.395,0.76088,0.76105,2.25,1.00
2016.12.15 12:10:29.632,0.7609,0.76109,1.00,1.75
2016.12.15 12:10:31.219,0.76085,0.76109,2.25,2.25
2016.12.15 12:10:33.699,0.76084,0.76107,1.75,1.75
2016.12.15 12:10:33.750,0.76086,0.76104,1.00,1.00
2016.12.15 12:10:34.036,0.7609,0.76104,1.00,1.00
2016.12.15 12:10:34.137,0.7609,0.76112,1.00,4.12
2016.12.15 12:10:34.238,0.7609,0.76108,1.50,1.00
2016.12.15 12:10:34.439,0.7609,0.7611,1.50,1.37
2016.12.15 12:10:34.756,0.76089,0.76109,2.62,1.00
2016.12.15 12:10:34.857,0.76085,0.76107,1.75,1.12
2016.12.15 12:10:34.908,0.76085,0.76107,1.50,1.50
2016.12.15 12:10:34.959,0.76085,0.76105,1.50,1.75
2016.12.15 12:10:35.161,0.76085,0.76109,2.25,1.75
2016.12.15 12:10:35.432,0.76085,0.76109,2.25,1.75
2016.12.15 12:10:35.967,0.7609,0.76109,1.00,2.25
2016.12.15 12:10:36.463,0.76085,0.7611,1.75,2.25
2016.12.15 12:10:36.764,0.76085,0.76107,1.50,1.75
2016.12.15 12:10:37.067,0.76085,0.76106,1.12,2.25
2016.12.15 12:10:37.255,0.76085,0.76107,1.75,2.25
2016.12.15 12:10:37.804,0.76085,0.76106,1.37,1.75
2016.12.15 12:10:37.855,0.76085,0.76109,1.12,4.12
2016.12.15 12:10:37.905,0.76085,0.76108,1.50,1.75
2016.12.15 12:10:37.956,0.76085,0.76108,1.75,1.75
2016.12.15 12:10:38.006,0.7609,0.7611,1.00,2.62
2016.12.15 12:10:38.158,0.76089,0.76112,1.50,1.75
2016.12.15 12:10:38.259,0.76092,0.7611,1.00,1.00
2016.12.15 12:10:38.637,0.7609,0.76113,1.50,3.37
2016.12.15 12:10:40.902,0.76084,0.76109,4.12,1.75
2016.12.15 12:10:40.953,0.76084,0.76109,2.25,1.75
2016.12.15 12:10:41.054,0.76084,0.76109,2.25,3.37
2016.12.15 12:10:41.527,0.7608,0.76101,3.37,1.00
2016.12.15 12:10:41.678,0.7608,0.761,1.12,1.75
2016.12.15 12:10:44.858,0.76085,0.761,1.00,1.75
2016.12.15 12:10:44.908,0.7608,0.761,1.12,2.25
2016.12.15 12:10:44.959,0.76077,0.76096,1.00,1.00
2016.12.15 12:10:45.110,0.76075,0.76096,1.37,1.50
2016.12.15 12:10:45.160,0.76075,0.76096,1.12,1.75
2016.12.15 12:10:48.713,0.76075,0.76095,1.12,1.75
2016.12.15 12:10:48.965,0.7607,0.76095,1.75,2.25
2016.12.15 12:10:49.066,0.76071,0.76089,1.00,1.00
2016.12.15 12:10:49.897,0.76075,0.76089,1.00,1.00
2016.12.15 12:10:51.062,0.76071,0.76089,1.00,1.00
2016.12.15 12:10:51.701,0.76075,0.76089,1.00,1.00
2016.12.15 12:10:52.384,0.7608,0.76094,1.00,1.75
2016.12.15 12:10:52.434,0.76075,0.76095,1.00,2.25
2016.12.15 12:10:52.586,0.76075,0.76097,1.00,1.00
2016.12.15 12:10:52.637,0.76075,0.76098,1.00,1.37
2016.12.15 12:10:53.171,0.76074,0.76097,1.50,1.75
2016.12.15 12:10:53.373,0.76071,0.7609,1.00,1.50
2016.12.15 12:10:53.424,0.76075,0.76091,1.00,1.75
2016.12.15 12:10:53.612,0.7607,0.7609,1.12,1.75
2016.12.15 12:10:53.814,0.7607,0.7609,1.00,1.75
2016.12.15 12:10:54.451,0.76074,0.76091,1.00,3.37
2016.12.15 12:10:54.502,0.7607,0.76092,2.62,2.62
2016.12.15 12:10:54.553,0.76074,0.76092,1.00,2.62
2016.12.15 12:10:54.604,0.76074,0.76094,1.00,2.62
2016.12.15 12:10:54.705,0.76074,0.76095,1.00,1.75
2016.12.15 12:10:55.441,0.76075,0.76095,1.12,1.75
2016.12.15 12:10:55.968,0.76075,0.76097,1.50,4.12
2016.12.15 12:10:56.068,0.76074,0.76097,1.75,2.25
2016.12.15 12:10:58.693,0.7608,0.76098,1.00,3.37
2016.12.15 12:10:58.744,0.76075,0.76095,1.12,1.75
2016.12.15 12:11:02.186,0.76075,0.76095,1.50,1.75
2016.12.15 12:11:02.237,0.76076,0.76094,1.00,1.00
2016.12.15 12:11:02.388,0.76076,0.76099,1.50,1.75
2016.12.15 12:11:02.690,0.76075,0.76095,1.75,1.00
2016.12.15 12:11:02.741,0.76075,0.76095,1.75,1.12
2016.12.15 12:11:02.791,0.7608,0.76095,1.00,1.50
2016.12.15 12:11:02.842,0.76075,0.76092,1.12,1.12
2016.12.15 12:11:02.961,0.76075,0.76096,1.00,1.75
2016.12.15 12:11:03.012,0.76075,0.76096,1.12,1.75
2016.12.15 12:11:03.215,0.76072,0.76095,1.75,2.25
2016.12.15 12:11:03.523,0.76075,0.76096,1.00,2.62
2016.12.15 12:11:04.412,0.7608,0.76096,1.00,2.62
2016.12.15 12:11:04.614,0.7608,0.76095,1.00,1.00
2016.12.15 12:11:05.937,0.76079,0.76101,1.12,3.00
2016.12.15 12:11:06.784,0.7608,0.761,1.00,2.25
2016.12.15 12:11:06.936,0.7608,0.761,1.50,2.25
2016.12.15 12:11:10.753,0.7608,0.76099,1.12,1.75
2016.12.15 12:11:10.955,0.76073,0.76095,1.75,1.87
2016.12.15 12:11:11.308,0.7608,0.76097,1.00,1.75
2016.12.15 12:11:11.358,0.76075,0.76095,1.75,1.75
2016.12.15 12:11:11.808,0.76075,0.76095,1.12,1.75
2016.12.15 12:11:12.239,0.76075,0.76095,1.37,1.50
2016.12.15 12:11:12.289,0.76075,0.76095,1.75,1.12
2016.12.15 12:11:12.597,0.7608,0.76098,1.00,1.75
2016.12.15 12:11:12.798,0.76079,0.761,1.50,1.75
2016.12.15 12:11:13.671,0.76075,0.76098,1.75,1.50
2016.12.15 12:11:13.721,0.76075,0.76098,1.75,1.75
2016.12.15 12:11:13.923,0.76075,0.76099,1.75,1.75
2016.12.15 12:11:15.058,0.76079,0.761,1.37,1.75
2016.12.15 12:11:15.109,0.76079,0.761,1.75,1.75
2016.12.15 12:11:15.159,0.7608,0.76104,1.50,2.25
2016.12.15 12:11:15.772,0.7608,0.761,1.75,1.12
2016.12.15 12:11:16.122,0.76077,0.761,1.75,1.75
2016.12.15 12:11:16.424,0.76074,0.76097,1.75,1.75
2016.12.15 12:11:18.514,0.76074,0.76096,1.50,1.75
2016.12.15 12:11:19.177,0.7608,0.76096,1.00,1.75
2016.12.15 12:11:19.428,0.76075,0.76097,1.12,1.75
2016.12.15 12:11:19.630,0.76075,0.76096,1.12,1.75
2016.12.15 12:11:21.508,0.7607,0.76095,3.00,2.25
2016.12.15 12:11:22.105,0.7607,0.76091,1.75,1.75
2016.12.15 12:11:22.712,0.76073,0.76091,1.00,1.00
2016.12.15 12:11:22.975,0.7607,0.76093,2.25,1.75
2016.12.15 12:11:24.318,0.7607,0.76091,1.12,2.25
2016.12.15 12:11:24.623,0.7607,0.76091,1.75,2.25
2016.12.15 12:11:24.947,0.76075,0.76091,1.00,1.00
2016.12.15 12:11:25.425,0.76075,0.76093,1.00,1.75
2016.12.15 12:11:26.226,0.7607,0.76094,1.75,1.75
2016.12.15 12:11:26.528,0.7607,0.76094,1.75,2.25
2016.12.15 12:11:28.485,0.76075,0.76092,1.00,1.75
2016.12.15 12:11:28.812,0.7607,0.76092,1.50,1.75
2016.12.15 12:11:29.638,0.76075,0.76092,1.00,1.75
2016.12.15 12:11:30.029,0.7607,0.76092,1.50,2.25
2016.12.15 12:11:30.079,0.76075,0.76093,1.00,2.62
2016.12.15 12:11:30.344,0.76075,0.76094,1.00,1.75
2016.12.15 12:11:30.858,0.76074,0.76094,1.00,1.75
2016.12.15 12:11:31.434,0.76075,0.76094,1.00,1.75
2016.12.15 12:11:31.853,0.7607,0.76094,1.75,1.75
2016.12.15 12:11:32.172,0.76075,0.76096,1.00,2.62
2016.12.15 12:11:32.273,0.76075,0.76097,1.75,1.75
2016.12.15 12:11:33.431,0.7608,0.76097,1.00,1.75
2016.12.15 12:11:33.532,0.76075,0.76095,1.75,1.75
2016.12.15 12:11:33.684,0.76074,0.76092,1.00,1.00
2016.12.15 12:11:33.885,0.76075,0.76097,1.50,1.75
2016.12.15 12:11:34.065,0.76075,0.76097,1.75,1.75
2016.12.15 12:11:34.281,0.76075,0.76093,1.75,1.00
2016.12.15 12:11:34.590,0.76075,0.7609,1.00,1.37
2016.12.15 12:11:35.067,0.76075,0.76095,1.00,2.25
2016.12.15 12:11:35.342,0.7608,0.76097,1.00,3.37
2016.12.15 12:11:35.988,0.7608,0.76096,1.00,1.75
2016.12.15 12:11:36.567,0.7608,0.761,1.00,2.25
2016.12.15 12:11:37.860,0.76075,0.76096,1.75,1.37
2016.12.15 12:11:37.911,0.7608,0.76099,1.00,1.75
2016.12.15 12:11:37.961,0.7608,0.76099,1.12,2.25
2016.12.15 12:11:38.163,0.7608,0.76095,1.00,1.00
2016.12.15 12:11:38.264,0.7608,0.76099,1.50,1.75
2016.12.15 12:11:38.972,0.7608,0.761,1.00,2.25
2016.12.15 12:11:39.573,0.7608,0.76096,1.00,1.75
2016.12.15 12:11:40.037,0.76071,0.76083,2.62,1.00
2016.12.15 12:11:40.188,0.7606,0.76074,1.75,1.00
2016.12.15 12:11:40.239,0.76056,0.76079,2.62,1.12
2016.12.15 12:11:40.444,0.7606,0.7608,1.00,2.25
2016.12.15 12:11:40.730,0.7606,0.76077,1.00,1.37
2016.12.15 12:11:40.780,0.76055,0.76076,1.75,2.25
2016.12.15 12:11:40.831,0.76055,0.76076,1.37,2.25
2016.12.15 12:11:41.099,0.76055,0.76074,1.00,1.75
2016.12.15 12:11:42.601,0.7606,0.76076,1.00,2.62
2016.12.15 12:11:42.652,0.76055,0.76076,2.62,2.62
2016.12.15 12:11:42.753,0.76058,0.76079,1.30,2.62
2016.12.15 12:11:42.803,0.7606,0.7608,1.00,1.75
2016.12.15 12:11:43.005,0.76055,0.76077,1.50,2.25
2016.12.15 12:11:43.189,0.76054,0.76077,1.50,2.25
2016.12.15 12:11:43.492,0.7606,0.76075,1.00,1.00
2016.12.15 12:11:44.097,0.7606,0.7608,1.35,2.25
2016.12.15 12:11:44.543,0.76065,0.76083,1.00,4.87
2016.12.15 12:11:44.594,0.7606,0.76081,1.35,1.75
2016.12.15 12:11:44.752,0.76065,0.76083,1.50,1.37
2016.12.15 12:11:44.803,0.76065,0.76088,1.75,1.75
2016.12.15 12:11:45.557,0.76065,0.76088,1.72,1.75
2016.12.15 12:11:45.608,0.76065,0.76083,1.35,1.00
2016.12.15 12:11:45.817,0.7607,0.76083,1.00,1.00
2016.12.15 12:11:46.139,0.76064,0.76083,2.10,1.00
2016.12.15 12:11:46.802,0.7607,0.76083,1.00,1.00
2016.12.15 12:11:48.171,0.76069,0.76083,1.00,1.00
2016.12.15 12:11:48.222,0.76065,0.76083,1.35,1.00
2016.12.15 12:11:48.373,0.76065,0.76088,1.72,1.75
2016.12.15 12:11:48.675,0.76075,0.76093,1.00,2.62
2016.12.15 12:11:48.726,0.76075,0.76095,1.00,2.25
2016.12.15 12:11:48.881,0.76074,0.76096,1.00,4.12
2016.12.15 12:11:49.400,0.76071,0.76091,1.35,1.75
2016.12.15 12:11:50.170,0.7607,0.7609,2.25,1.50
2016.12.15 12:11:50.500,0.76075,0.76092,1.00,1.00
2016.12.15 12:11:51.486,0.76073,0.76092,1.00,1.00
2016.12.15 12:11:51.827,0.7607,0.7609,1.50,1.75
2016.12.15 12:11:52.129,0.7607,0.76085,1.00,1.00
2016.12.15 12:11:52.331,0.7607,0.76087,1.00,1.00
2016.12.15 12:11:52.527,0.76068,0.76087,1.00,1.00
2016.12.15 12:11:52.674,0.7607,0.76087,1.00,1.00
2016.12.15 12:11:54.114,0.76068,0.76087,1.00,1.00
2016.12.15 12:11:54.553,0.7607,0.76087,1.00,1.00
2016.12.15 12:11:55.342,0.76068,0.76087,1.00,1.00
2016.12.15 12:11:56.661,0.7607,0.76087,1.00,1.00
2016.12.15 12:11:56.863,0.7607,0.76089,1.50,1.00
2016.12.15 12:11:57.023,0.76075,0.76089,1.00,1.00
2016.12.15 12:11:57.994,0.76074,0.76089,1.00,1.00
2016.12.15 12:11:58.341,0.76062,0.76076,2.25,1.37
2016.12.15 12:11:58.391,0.7606,0.76074,1.00,1.00
2016.12.15 12:11:58.442,0.76055,0.76075,1.50,1.50
2016.12.15 12:11:58.543,0.76055,0.76075,1.37,1.87
2016.12.15 12:11:58.593,0.76055,0.76075,1.00,2.25
2016.12.15 12:11:58.694,0.76059,0.76074,1.00,1.75
2016.12.15 12:11:59.027,0.76055,0.76074,1.00,1.75
2016.12.15 12:11:59.558,0.76054,0.76074,1.12,1.75
2016.12.15 12:12:00.593,0.76055,0.76076,1.00,1.75
2016.12.15 12:12:00.644,0.7606,0.76077,1.00,1.75
2016.12.15 12:12:00.745,0.7606,0.7608,1.00,2.25
2016.12.15 12:12:00.846,0.7606,0.7608,1.12,2.25
2016.12.15 12:12:00.896,0.7607,0.76084,1.00,2.62
2016.12.15 12:12:00.947,0.76064,0.76085,1.00,2.62
2016.12.15 12:12:01.048,0.76064,0.76087,1.87,2.62
2016.12.15 12:12:01.098,0.76064,0.76089,2.25,3.37
2016.12.15 12:12:01.149,0.7607,0.76089,1.00,3.37
2016.12.15 12:12:01.272,0.7607,0.76089,1.00,1.75
2016.12.15 12:12:01.372,0.76064,0.76086,3.00,1.12
2016.12.15 12:12:01.859,0.7607,0.76089,1.00,1.75
2016.12.15 12:12:01.909,0.76067,0.76085,1.50,1.00
2016.12.15 12:12:02.061,0.7607,0.76089,1.00,1.75
2016.12.15 12:12:02.564,0.7607,0.7609,1.12,2.25
2016.12.15 12:12:03.616,0.7607,0.7609,1.37,1.75
2016.12.15 12:12:03.918,0.7607,0.7609,2.25,1.12
2016.12.15 12:12:04.451,0.76072,0.76091,1.00,1.50
2016.12.15 12:12:04.921,0.76069,0.76091,1.75,1.50
2016.12.15 12:12:05.497,0.76069,0.76091,1.75,1.75
2016.12.15 12:12:05.993,0.76075,0.76092,1.00,1.75
2016.12.15 12:12:08.708,0.76074,0.76092,1.00,1.75
2016.12.15 12:12:09.211,0.76075,0.76093,1.00,1.75
2016.12.15 12:12:09.948,0.76075,0.76092,1.00,1.75
2016.12.15 12:12:09.998,0.76075,0.76091,1.00,1.00
2016.12.15 12:12:11.513,0.76074,0.76091,1.00,1.00
2016.12.15 12:12:15.150,0.76074,0.76092,1.00,1.75
2016.12.15 12:12:15.429,0.76075,0.76095,1.12,2.25
2016.12.15 12:12:15.979,0.76074,0.76093,1.00,1.75
2016.12.15 12:12:16.181,0.7607,0.76087,1.37,1.37
2016.12.15 12:12:16.231,0.7607,0.76086,1.00,1.12
2016.12.15 12:12:16.282,0.7607,0.76086,1.00,1.37
2016.12.15 12:12:16.693,0.7607,0.76084,1.00,1.75
2016.12.15 12:12:17.009,0.76065,0.76083,1.00,1.75
2016.12.15 12:12:17.261,0.76065,0.76085,1.12,1.75
2016.12.15 12:12:17.613,0.7607,0.76086,1.00,1.75
2016.12.15 12:12:19.375,0.76069,0.76087,1.00,3.37
2016.12.15 12:12:20.817,0.76065,0.76085,1.50,1.75
2016.12.15 12:12:21.610,0.76064,0.76083,1.37,1.50
2016.12.15 12:12:21.711,0.76064,0.76083,1.00,1.75
2016.12.15 12:12:22.036,0.76064,0.7608,1.00,1.75
2016.12.15 12:12:22.575,0.76065,0.7608,1.00,1.75
2016.12.15 12:12:23.686,0.76064,0.76078,1.00,1.50
2016.12.15 12:12:23.737,0.7606,0.76076,1.00,1.50
2016.12.15 12:12:23.787,0.7606,0.76075,1.00,1.37
2016.12.15 12:12:23.838,0.76055,0.76075,1.00,1.75
2016.12.15 12:12:23.888,0.7606,0.76075,1.00,1.75
2016.12.15 12:12:24.197,0.7606,0.76075,1.00,2.62
2016.12.15 12:12:24.348,0.76059,0.76077,1.00,2.62
2016.12.15 12:12:24.399,0.76059,0.76079,1.00,3.37
2016.12.15 12:12:24.500,0.76059,0.76075,1.00,1.00
2016.12.15 12:12:24.748,0.76059,0.76073,1.00,1.00
2016.12.15 12:12:25.098,0.76059,0.76072,1.00,1.75
2016.12.15 12:12:25.634,0.76059,0.76072,1.00,1.75
2016.12.15 12:12:26.911,0.76055,0.76072,1.00,1.75
2016.12.15 12:12:27.166,0.7606,0.76072,1.00,1.75
2016.12.15 12:12:27.858,0.76055,0.76072,1.00,1.75
2016.12.15 12:12:28.156,0.7606,0.76072,1.00,1.75
2016.12.15 12:12:29.838,0.76054,0.76072,1.00,1.75
2016.12.15 12:12:30.264,0.7606,0.76072,1.00,1.75
2016.12.15 12:12:30.334,0.76055,0.76072,1.00,1.75
2016.12.15 12:12:30.556,0.7606,0.76072,1.00,1.75
2016.12.15 12:12:30.607,0.76055,0.76072,1.00,1.75
2016.12.15 12:12:30.797,0.7606,0.76072,1.00,1.75
2016.12.15 12:12:33.994,0.7606,0.76075,1.00,1.75
2016.12.15 12:12:34.727,0.7606,0.76075,1.00,1.75
2016.12.15 12:12:36.650,0.76055,0.76075,1.00,2.25
2016.12.15 12:12:36.805,0.7606,0.76076,1.00,1.75
2016.12.15 12:12:37.166,0.76055,0.76072,1.00,3.22
2016.12.15 12:12:37.217,0.76055,0.76066,1.00,1.00
2016.12.15 12:12:37.425,0.76045,0.76064,1.00,1.75
2016.12.15 12:12:37.526,0.7605,0.76065,1.00,1.35
2016.12.15 12:12:37.628,0.7605,0.76065,1.00,1.35
2016.12.15 12:12:38.152,0.7605,0.76065,1.00,1.35
2016.12.15 12:12:38.360,0.76045,0.76065,1.00,2.85
2016.12.15 12:12:38.461,0.76045,0.7606,1.00,1.00
2016.12.15 12:12:38.713,0.7604,0.76058,1.00,1.60
2016.12.15 12:12:38.907,0.7604,0.76055,1.00,1.37
2016.12.15 12:12:38.957,0.76035,0.76055,1.00,2.10
2016.12.15 12:12:39.125,0.7604,0.76055,1.00,2.10
2016.12.15 12:12:39.428,0.76035,0.76055,1.00,2.10
2016.12.15 12:12:39.629,0.76035,0.76055,1.37,1.75
2016.12.15 12:12:39.731,0.76035,0.76055,1.12,1.50
2016.12.15 12:12:40.052,0.7604,0.76053,1.00,2.62
2016.12.15 12:12:40.103,0.76035,0.76051,1.00,1.75
2016.12.15 12:12:40.154,0.76029,0.7605,1.00,1.75
2016.12.15 12:12:40.560,0.76025,0.7605,1.75,1.75
2016.12.15 12:12:40.712,0.76029,0.7605,1.00,1.75
2016.12.15 12:12:40.863,0.76025,0.7605,1.75,1.75
2016.12.15 12:12:41.181,0.76025,0.76043,1.12,1.00
2016.12.15 12:12:41.725,0.76025,0.76047,1.00,1.75
2016.12.15 12:12:43.125,0.76025,0.76044,1.00,1.00
2016.12.15 12:12:43.327,0.76025,0.76046,1.00,2.25
2016.12.15 12:12:43.654,0.7603,0.76046,1.00,2.25
2016.12.15 12:12:43.958,0.76035,0.76046,1.00,2.25
2016.12.15 12:12:44.049,0.7603,0.76046,1.00,2.25
2016.12.15 12:12:44.461,0.76025,0.76046,1.00,2.25
2016.12.15 12:12:44.625,0.7603,0.76046,1.00,2.25
2016.12.15 12:12:44.904,0.76025,0.76046,1.00,2.25
2016.12.15 12:12:46.895,0.76024,0.76043,1.00,1.75
2016.12.15 12:12:47.081,0.76014,0.76039,1.75,1.37
2016.12.15 12:12:47.132,0.76015,0.76035,1.00,1.00
2016.12.15 12:12:47.233,0.7602,0.76035,1.00,1.00
2016.12.15 12:12:47.585,0.76025,0.7604,1.00,3.00
2016.12.15 12:12:47.742,0.76019,0.7604,1.00,3.00
2016.12.15 12:12:48.068,0.76019,0.7604,1.00,4.87
2016.12.15 12:12:48.897,0.76025,0.7604,1.00,5.62
2016.12.15 12:12:51.137,0.7602,0.76039,1.00,1.75
2016.12.15 12:12:51.995,0.76025,0.7604,1.00,4.12
2016.12.15 12:12:52.146,0.76025,0.7604,1.00,1.75
2016.12.15 12:12:52.788,0.7602,0.7604,1.00,2.25
2016.12.15 12:12:52.889,0.7602,0.76039,1.00,1.00
2016.12.15 12:12:53.400,0.7602,0.76038,1.00,1.00
2016.12.15 12:12:54.410,0.76025,0.76038,1.00,1.00
2016.12.15 12:12:54.762,0.76025,0.76043,1.00,1.75
2016.12.15 12:12:54.813,0.76019,0.76041,1.50,1.75
2016.12.15 12:12:54.914,0.76025,0.76042,1.00,1.75
2016.12.15 12:12:56.214,0.76024,0.76042,1.00,1.75
2016.12.15 12:12:56.892,0.76025,0.76042,1.00,1.75
2016.12.15 12:12:57.246,0.7603,0.76042,1.00,1.75
2016.12.15 12:12:57.297,0.76025,0.76042,1.00,1.75
2016.12.15 12:12:57.498,0.76024,0.76045,1.00,2.25
2016.12.15 12:12:57.700,0.76024,0.76041,1.00,1.75
2016.12.15 12:12:57.951,0.7602,0.76038,1.00,1.50
2016.12.15 12:12:58.160,0.7602,0.76038,1.00,2.10
2016.12.15 12:12:58.563,0.76019,0.76035,1.00,1.75
2016.12.15 12:12:58.614,0.76015,0.76032,1.00,1.00
2016.12.15 12:12:59.865,0.76014,0.76032,1.00,1.00
2016.12.15 12:13:00.733,0.76015,0.76032,1.00,1.00
2016.12.15 12:13:01.655,0.76014,0.76032,1.00,1.00
2016.12.15 12:13:01.756,0.7601,0.76029,1.75,1.00
2016.12.15 12:13:01.877,0.7601,0.76029,1.50,1.12
2016.12.15 12:13:01.929,0.7601,0.76026,1.37,1.37
2016.12.15 12:13:01.980,0.76004,0.76026,1.50,2.25
2016.12.15 12:13:02.282,0.76005,0.76024,1.00,1.75
2016.12.15 12:13:02.584,0.76005,0.76027,1.00,1.75
2016.12.15 12:13:02.685,0.76005,0.76027,1.50,1.75
2016.12.15 12:13:03.561,0.76009,0.76027,1.00,1.75
2016.12.15 12:13:04.134,0.76004,0.76029,1.75,1.75
2016.12.15 12:13:04.441,0.7601,0.76029,1.00,1.75
2016.12.15 12:13:04.693,0.7601,0.7603,1.00,1.75
2016.12.15 12:13:04.744,0.76015,0.76031,1.00,2.25
2016.12.15 12:13:05.013,0.7601,0.7603,1.00,1.75
2016.12.15 12:13:05.226,0.76015,0.76032,1.00,1.75
2016.12.15 12:13:05.327,0.76015,0.76034,1.00,2.25
2016.12.15 12:13:05.428,0.76015,0.76034,1.00,1.87
2016.12.15 12:13:05.811,0.76014,0.76031,1.00,1.12
2016.12.15 12:13:05.862,0.7601,0.7603,1.37,1.37
2016.12.15 12:13:06.064,0.76014,0.76032,1.00,2.25
2016.12.15 12:13:06.324,0.7601,0.7603,1.00,1.75
2016.12.15 12:13:06.494,0.76015,0.76032,1.00,2.25
2016.12.15 12:13:06.695,0.76015,0.76031,1.00,1.12
2016.12.15 12:13:06.796,0.76015,0.76035,1.12,1.12
2016.12.15 12:13:07.587,0.76019,0.76039,1.00,1.75
2016.12.15 12:13:07.688,0.76015,0.7604,1.12,2.25
2016.12.15 12:13:07.839,0.76015,0.7604,1.75,3.75
2016.12.15 12:13:08.141,0.76025,0.76044,1.00,1.75
2016.12.15 12:13:08.242,0.76025,0.76045,1.00,3.00
2016.12.15 12:13:08.572,0.7603,0.76044,1.00,1.75
2016.12.15 12:13:08.727,0.76025,0.76045,1.00,2.25
2016.12.15 12:13:11.215,0.7603,0.76043,1.00,1.50
2016.12.15 12:13:11.737,0.7603,0.76046,1.00,1.50
2016.12.15 12:13:11.938,0.7603,0.76049,1.00,1.75
2016.12.15 12:13:12.336,0.7603,0.76048,1.00,1.75
2016.12.15 12:13:12.838,0.76029,0.76049,1.12,1.75
2016.12.15 12:13:14.567,0.7603,0.7605,1.00,2.25
2016.12.15 12:13:15.277,0.76034,0.76048,1.00,1.50
2016.12.15 12:13:15.328,0.7603,0.76049,1.00,1.75
2016.12.15 12:13:16.547,0.76029,0.76048,1.12,1.50
2016.12.15 12:13:16.648,0.76035,0.76048,1.00,1.50
2016.12.15 12:13:16.748,0.7603,0.76049,1.00,1.75
2016.12.15 12:13:17.415,0.76025,0.7605,2.25,2.25
2016.12.15 12:13:18.165,0.7603,0.76049,1.00,1.75
2016.12.15 12:13:18.478,0.7603,0.7605,1.50,1.12
2016.12.15 12:13:18.528,0.76035,0.76052,1.00,1.75
2016.12.15 12:13:19.155,0.76034,0.76053,1.00,1.75
2016.12.15 12:13:19.689,0.76035,0.76053,1.00,1.75
2016.12.15 12:13:20.276,0.76035,0.76049,1.00,1.00
2016.12.15 12:13:20.509,0.7603,0.76049,1.00,1.00
2016.12.15 12:13:20.844,0.76035,0.76049,1.00,1.00
2016.12.15 12:13:22.495,0.76034,0.76049,1.00,1.00
2016.12.15 12:13:23.242,0.76035,0.76049,1.00,1.00
2016.12.15 12:13:23.592,0.76035,0.76047,1.00,1.00
2016.12.15 12:13:24.117,0.7603,0.76047,1.00,1.00
2016.12.15 12:13:24.218,0.76035,0.76047,1.00,1.00
2016.12.15 12:13:24.329,0.7603,0.76047,1.00,1.00
2016.12.15 12:13:24.481,0.7603,0.76048,1.00,1.75
2016.12.15 12:13:24.593,0.7603,0.76048,1.00,1.50
2016.12.15 12:13:24.989,0.76035,0.76048,1.00,1.50
2016.12.15 12:13:25.873,0.7603,0.76048,1.00,1.50
2016.12.15 12:13:26.040,0.76035,0.76049,1.00,1.75
2016.12.15 12:13:27.577,0.76034,0.76052,1.00,3.00
2016.12.15 12:13:28.183,0.76035,0.76052,1.00,3.00
2016.12.15 12:13:28.755,0.7603,0.7605,1.00,1.75
2016.12.15 12:13:29.007,0.76029,0.76048,1.00,1.12
2016.12.15 12:13:29.057,0.76029,0.76046,1.00,1.00
2016.12.15 12:13:29.359,0.7603,0.76046,1.00,1.75
2016.12.15 12:13:30.323,0.76029,0.76046,1.00,1.75
2016.12.15 12:13:31.661,0.7603,0.76044,1.00,1.50
2016.12.15 12:13:32.334,0.76029,0.76045,1.00,2.25
2016.12.15 12:13:33.413,0.7603,0.76045,1.00,1.75
2016.12.15 12:13:34.584,0.76025,0.76045,1.00,3.00
2016.12.15 12:13:34.835,0.7602,0.7604,1.50,1.00
2016.12.15 12:13:34.886,0.7602,0.7604,1.12,1.37
2016.12.15 12:13:34.987,0.76025,0.7604,1.00,1.50
2016.12.15 12:13:35.390,0.76025,0.76042,1.00,1.00
2016.12.15 12:13:36.001,0.76025,0.76048,1.00,1.75
2016.12.15 12:13:36.102,0.76025,0.76048,1.12,1.75
2016.12.15 12:13:36.748,0.76025,0.76041,1.12,1.00
2016.12.15 12:13:36.849,0.76025,0.76043,1.12,1.00
2016.12.15 12:13:36.900,0.76025,0.76041,1.12,1.00
2016.12.15 12:13:37.202,0.76025,0.76043,1.00,1.75
2016.12.15 12:13:37.419,0.76025,0.76044,1.00,1.00
2016.12.15 12:13:39.581,0.76024,0.76044,1.00,1.00
2016.12.15 12:13:39.732,0.76025,0.76044,1.00,1.50
2016.12.15 12:13:40.042,0.76024,0.76039,1.00,1.00
2016.12.15 12:13:40.613,0.76024,0.76042,1.00,1.75
2016.12.15 12:13:41.150,0.76025,0.76041,1.00,1.37
2016.12.15 12:13:41.200,0.76025,0.76043,1.00,1.37
2016.12.15 12:13:42.539,0.76025,0.7604,1.00,1.00
2016.12.15 12:13:42.590,0.76025,0.76043,1.00,1.37
2016.12.15 12:13:42.995,0.76025,0.76046,1.50,1.50
2016.12.15 12:13:43.045,0.7603,0.76048,1.00,1.75
2016.12.15 12:13:44.317,0.7603,0.76046,1.00,1.75
2016.12.15 12:13:44.684,0.76025,0.76045,1.12,1.75
2016.12.15 12:13:44.936,0.7603,0.76044,1.00,2.25
2016.12.15 12:13:46.768,0.76025,0.76044,1.12,2.25
2016.12.15 12:13:48.925,0.76025,0.76045,1.87,1.37
2016.12.15 12:13:48.975,0.7603,0.76047,1.12,1.00
2016.12.15 12:13:50.044,0.7603,0.76046,1.12,1.00
2016.12.15 12:13:50.800,0.7603,0.76047,1.12,1.00
2016.12.15 12:13:51.901,0.7603,0.76046,1.12,1.00
2016.12.15 12:13:52.165,0.7603,0.76047,1.00,1.75
2016.12.15 12:13:52.746,0.7603,0.76046,1.00,1.12
2016.12.15 12:13:52.847,0.7603,0.76046,1.00,1.50
2016.12.15 12:13:53.739,0.7603,0.76044,1.00,1.37
2016.12.15 12:13:54.039,0.7603,0.76044,1.00,1.12
2016.12.15 12:13:54.294,0.76025,0.76045,1.50,2.25
2016.12.15 12:13:54.864,0.76025,0.76045,1.00,1.75
2016.12.15 12:13:55.223,0.76025,0.76045,1.12,2.25
2016.12.15 12:13:55.414,0.76029,0.76045,1.00,1.50
2016.12.15 12:13:55.846,0.76029,0.76046,1.00,1.12
2016.12.15 12:13:56.541,0.76029,0.76047,1.12,1.12
2016.12.15 12:13:58.116,0.7603,0.76048,1.00,1.50
2016.12.15 12:13:58.835,0.7603,0.76052,1.37,1.75
2016.12.15 12:13:59.400,0.7603,0.76051,1.50,1.75
2016.12.15 12:14:00.450,0.7603,0.7605,1.00,2.25
2016.12.15 12:14:00.764,0.76024,0.76046,1.75,1.50
2016.12.15 12:14:00.915,0.7603,0.76047,1.00,1.75
2016.12.15 12:14:01.019,0.76022,0.76045,1.75,1.12
2016.12.15 12:14:01.069,0.76021,0.76042,4.12,1.00
2016.12.15 12:14:01.120,0.76021,0.76044,4.12,1.00
2016.12.15 12:14:01.171,0.76023,0.76043,1.00,1.00
2016.12.15 12:14:01.271,0.76025,0.76043,1.00,1.00
2016.12.15 12:14:01.513,0.76023,0.76043,1.00,1.00
2016.12.15 12:14:01.977,0.76021,0.76044,1.75,1.12
2016.12.15 12:14:04.754,0.7603,0.76047,1.00,1.00
2016.12.15 12:14:05.280,0.76029,0.76049,1.50,1.50
2016.12.15 12:14:05.695,0.76025,0.76043,1.75,1.00
2016.12.15 12:14:05.745,0.76025,0.76046,1.75,1.00
2016.12.15 12:14:05.796,0.76025,0.76046,1.50,1.75
2016.12.15 12:14:06.251,0.76025,0.76047,1.50,1.75
2016.12.15 12:14:06.645,0.7603,0.76048,1.00,1.75
2016.12.15 12:14:07.149,0.76025,0.76047,1.75,1.50
2016.12.15 12:14:08.578,0.76025,0.76047,2.25,1.00
2016.12.15 12:14:08.989,0.7603,0.76044,1.00,1.00
2016.12.15 12:14:09.320,0.76029,0.76049,1.12,2.25
2016.12.15 12:14:10.835,0.7603,0.76047,1.00,1.12
2016.12.15 12:14:11.444,0.7603,0.76046,1.00,1.00
2016.12.15 12:14:12.103,0.7603,0.76048,1.00,1.50
2016.12.15 12:14:12.536,0.76025,0.76046,1.50,1.00
2016.12.15 12:14:12.586,0.7603,0.76042,1.00,1.00
2016.12.15 12:14:12.895,0.7603,0.76042,1.00,1.75
2016.12.15 12:14:13.197,0.76025,0.76042,1.00,1.75
2016.12.15 12:14:13.450,0.7603,0.76042,1.00,1.75
2016.12.15 12:14:13.995,0.76029,0.76044,1.00,1.75
2016.12.15 12:14:14.198,0.76029,0.76045,1.00,1.50
2016.12.15 12:14:16.446,0.7603,0.76044,1.00,1.12
2016.12.15 12:14:16.598,0.7603,0.76044,1.00,2.25
2016.12.15 12:14:16.849,0.76024,0.76044,1.00,1.75
2016.12.15 12:14:17.174,0.7603,0.76044,1.00,1.75
2016.12.15 12:14:17.903,0.76025,0.76044,1.00,1.75
2016.12.15 12:14:18.426,0.76024,0.76042,1.00,1.75
2016.12.15 12:14:19.037,0.76025,0.76043,1.00,1.75
2016.12.15 12:14:19.640,0.76024,0.76041,1.00,1.50
2016.12.15 12:14:20.790,0.76025,0.76041,1.00,1.50
2016.12.15 12:14:22.511,0.76025,0.76045,1.00,1.75
2016.12.15 12:14:22.612,0.76024,0.76045,1.50,1.00
2016.12.15 12:14:22.813,0.76024,0.76049,1.75,2.25
2016.12.15 12:14:22.921,0.76024,0.76049,1.75,1.75
2016.12.15 12:14:23.208,0.76024,0.7605,1.75,2.25
2016.12.15 12:14:23.511,0.7603,0.7605,1.12,1.50
2016.12.15 12:14:24.615,0.76025,0.76049,1.75,1.75
2016.12.15 12:14:25.598,0.76025,0.76046,1.37,1.75
2016.12.15 12:14:25.933,0.76025,0.76046,1.00,1.75
2016.12.15 12:14:27.512,0.76025,0.76044,1.00,1.75
2016.12.15 12:14:28.721,0.7602,0.76044,1.50,1.75
2016.12.15 12:14:29.398,0.76025,0.76044,1.00,1.75
2016.12.15 12:14:30.608,0.7602,0.76045,1.50,2.25
2016.12.15 12:14:32.030,0.7602,0.76042,1.00,1.75
2016.12.15 12:14:32.350,0.76025,0.76044,1.00,1.75
2016.12.15 12:14:32.557,0.76019,0.76044,1.75,1.75
2016.12.15 12:14:33.139,0.76024,0.76043,1.00,1.75
2016.12.15 12:14:33.231,0.7602,0.76043,1.75,1.75
2016.12.15 12:14:33.530,0.76025,0.76043,1.00,1.75
2016.12.15 12:14:34.054,0.76025,0.76042,1.00,2.25
2016.12.15 12:14:34.355,0.76025,0.76041,1.00,1.75
2016.12.15 12:14:34.557,0.76025,0.76042,1.00,2.25
2016.12.15 12:14:35.214,0.76024,0.76042,1.00,2.25
2016.12.15 12:14:35.765,0.76025,0.76042,1.00,2.25
2016.12.15 12:14:36.271,0.76024,0.76042,1.00,2.25
2016.12.15 12:14:36.543,0.76025,0.76043,1.00,4.12
2016.12.15 12:14:38.829,0.7602,0.7604,1.12,1.37
2016.12.15 12:14:38.880,0.7602,0.7604,1.50,1.00
2016.12.15 12:14:38.930,0.7602,0.7604,1.75,1.00
2016.12.15 12:14:39.250,0.76025,0.76044,1.00,1.00
2016.12.15 12:14:39.420,0.7602,0.7604,1.75,1.00
2016.12.15 12:14:39.736,0.76025,0.76044,1.00,1.00
2016.12.15 12:14:41.343,0.76025,0.76043,1.00,1.00
2016.12.15 12:14:41.444,0.76025,0.76045,1.00,1.35
2016.12.15 12:14:42.473,0.76025,0.76045,1.50,1.00
2016.12.15 12:14:42.675,0.76025,0.76045,1.75,1.00
2016.12.15 12:14:43.225,0.76024,0.76046,1.75,1.37
2016.12.15 12:14:43.555,0.7603,0.76048,1.00,1.75
2016.12.15 12:14:43.756,0.76029,0.76049,1.00,1.00
2016.12.15 12:14:43.857,0.7603,0.7605,1.50,1.50
2016.12.15 12:14:44.160,0.7603,0.76051,1.75,1.12
2016.12.15 12:14:44.260,0.7603,0.76051,1.75,1.00
2016.12.15 12:14:44.835,0.7603,0.7605,1.37,1.72
2016.12.15 12:14:44.886,0.7603,0.76049,1.12,1.72
2016.12.15 12:14:45.389,0.7603,0.76047,1.00,1.35
2016.12.15 12:14:45.534,0.76027,0.76045,1.00,1.00
2016.12.15 12:14:45.786,0.76025,0.76045,2.25,1.00
2016.12.15 12:14:45.949,0.7603,0.7605,1.00,2.25
2016.12.15 12:14:46.996,0.76035,0.76051,1.00,3.75
2016.12.15 12:14:47.047,0.7603,0.7605,1.00,1.75
2016.12.15 12:14:47.097,0.76034,0.7605,1.00,2.25
2016.12.15 12:14:47.148,0.76025,0.7605,1.75,3.00
2016.12.15 12:14:47.199,0.76025,0.7605,1.75,1.75
2016.12.15 12:14:47.442,0.76025,0.7605,2.25,1.37
2016.12.15 12:14:47.493,0.76026,0.7605,1.75,1.37
2016.12.15 12:14:47.895,0.7603,0.76054,1.75,1.50
2016.12.15 12:14:50.010,0.76035,0.76056,1.00,2.25
2016.12.15 12:14:50.541,0.7603,0.76055,2.25,1.75
2016.12.15 12:14:50.963,0.76032,0.76055,1.75,1.00
2016.12.15 12:14:51.510,0.76035,0.76056,1.50,1.75
2016.12.15 12:14:51.827,0.7604,0.76056,1.00,1.75
2016.12.15 12:14:51.978,0.7604,0.76059,1.00,1.75
2016.12.15 12:14:52.129,0.76045,0.76061,1.00,1.75
2016.12.15 12:14:52.281,0.76045,0.76065,1.00,1.75
2016.12.15 12:14:52.382,0.76045,0.76065,1.12,1.75
2016.12.15 12:14:52.710,0.7604,0.7606,2.25,1.00
2016.12.15 12:14:52.760,0.76045,0.76063,1.12,1.30
2016.12.15 12:14:52.861,0.7604,0.7606,1.37,1.37
2016.12.15 12:14:53.005,0.7604,0.7606,1.12,1.75
2016.12.15 12:14:53.161,0.76045,0.76063,1.00,2.25
2016.12.15 12:14:53.312,0.76045,0.76063,1.00,1.75
2016.12.15 12:14:53.413,0.76045,0.76062,1.00,1.75
2016.12.15 12:14:54.779,0.76044,0.76062,1.00,1.75
2016.12.15 12:14:55.616,0.7604,0.7606,1.50,1.50
2016.12.15 12:14:55.952,0.76045,0.76062,1.00,1.75
2016.12.15 12:14:56.265,0.76045,0.76065,1.00,3.00
2016.12.15 12:14:58.115,0.76045,0.76065,1.12,1.37
2016.12.15 12:14:59.540,0.7605,0.76068,1.00,2.25
2016.12.15 12:14:59.591,0.7605,0.7607,1.00,3.00
2016.12.15 12:14:59.692,0.76045,0.76067,1.75,1.50
2016.12.15 12:14:59.793,0.76045,0.76067,1.12,1.75
2016.12.15 12:15:01.453,0.76041,0.76065,2.25,1.37
2016.12.15 12:15:01.504,0.76042,0.76065,1.75,1.12
2016.12.15 12:15:02.252,0.76045,0.7607,1.75,2.25
2016.12.15 12:15:02.353,0.76048,0.76068,1.00,1.00
2016.12.15 12:15:02.655,0.7605,0.7607,1.00,1.50
2016.12.15 12:15:02.957,0.76055,0.76073,1.00,1.75
2016.12.15 12:15:03.008,0.76051,0.76073,1.87,1.75
2016.12.15 12:15:03.058,0.76059,0.76076,1.00,3.37
2016.12.15 12:15:03.109,0.76059,0.76075,1.00,1.00
2016.12.15 12:15:03.515,0.76055,0.76075,1.50,1.50
2016.12.15 12:15:04.358,0.76059,0.76075,1.00,1.00
2016.12.15 12:15:04.459,0.76055,0.76075,1.50,1.12
2016.12.15 12:15:04.731,0.76054,0.76076,1.50,1.75
2016.12.15 12:15:05.033,0.76059,0.76079,1.12,1.75
2016.12.15 12:15:05.366,0.76051,0.7607,2.25,2.47
2016.12.15 12:15:05.416,0.76045,0.76067,1.75,1.67
2016.12.15 12:15:05.517,0.76045,0.76068,1.50,1.75
2016.12.15 12:15:05.719,0.76042,0.76061,1.00,1.00
2016.12.15 12:15:05.931,0.76045,0.76061,1.00,1.35
2016.12.15 12:15:05.982,0.76041,0.7606,1.00,1.00
2016.12.15 12:15:06.133,0.7604,0.7606,1.00,1.75
2016.12.15 12:15:06.536,0.7604,0.7606,1.50,2.10
2016.12.15 12:15:07.290,0.76039,0.76058,1.00,1.00
2016.12.15 12:15:08.267,0.76044,0.76058,1.00,1.00
2016.12.15 12:15:08.519,0.76045,0.76063,1.00,1.00
2016.12.15 12:15:09.832,0.76044,0.76063,1.00,1.00
2016.12.15 12:15:10.587,0.76044,0.76066,1.50,2.25
2016.12.15 12:15:10.638,0.7605,0.76069,1.00,4.12
2016.12.15 12:15:10.789,0.76049,0.76071,1.37,3.37
2016.12.15 12:15:10.840,0.76049,0.76071,1.75,1.50
2016.12.15 12:15:10.891,0.76055,0.76073,1.00,1.75
2016.12.15 12:15:11.042,0.76055,0.76077,1.00,3.97
2016.12.15 12:15:11.143,0.76062,0.76077,1.00,2.62
2016.12.15 12:15:11.193,0.76059,0.76077,1.00,2.62
2016.12.15 12:15:11.345,0.76065,0.76085,1.00,1.75
2016.12.15 12:15:11.446,0.76064,0.76084,1.12,1.75
2016.12.15 12:15:13.602,0.7606,0.7608,1.75,1.00
2016.12.15 12:15:13.653,0.76065,0.76084,1.00,1.75
2016.12.15 12:15:13.754,0.76065,0.76084,1.00,1.75
2016.12.15 12:15:14.825,0.7606,0.7608,1.50,1.12
2016.12.15 12:15:15.027,0.76059,0.76079,1.50,1.67
2016.12.15 12:15:15.337,0.7606,0.7608,1.00,2.25
2016.12.15 12:15:15.437,0.7606,0.7608,1.00,1.75
2016.12.15 12:15:15.538,0.7606,0.7608,1.50,1.50
2016.12.15 12:15:15.639,0.7606,0.7608,1.75,1.00
2016.12.15 12:15:16.960,0.76059,0.76084,2.25,2.25
2016.12.15 12:15:17.012,0.76064,0.76085,1.00,3.37
2016.12.15 12:15:17.062,0.76064,0.76086,1.00,2.25
2016.12.15 12:15:17.163,0.76065,0.76084,1.00,1.00
2016.12.15 12:15:17.214,0.76064,0.7608,1.00,1.00
2016.12.15 12:15:17.468,0.76061,0.7608,1.00,1.00
2016.12.15 12:15:18.212,0.76064,0.76081,1.00,1.00
2016.12.15 12:15:18.715,0.7606,0.76084,1.75,1.75
2016.12.15 12:15:19.049,0.7606,0.76082,1.00,1.75
2016.12.15 12:15:19.790,0.76056,0.7608,1.75,1.75
2016.12.15 12:15:20.121,0.7606,0.76083,1.37,2.62
2016.12.15 12:15:20.172,0.7606,0.76084,1.75,2.25
2016.12.15 12:15:22.068,0.76065,0.76085,1.00,2.25
2016.12.15 12:15:22.169,0.76065,0.76088,1.00,3.00
2016.12.15 12:15:22.420,0.76061,0.7608,1.75,1.00
2016.12.15 12:15:22.672,0.7606,0.7608,1.12,1.75
2016.12.15 12:15:22.773,0.7606,0.7608,1.75,1.12
2016.12.15 12:15:23.075,0.76059,0.76081,1.75,1.00
2016.12.15 12:15:23.614,0.76064,0.76084,1.12,1.50
2016.12.15 12:15:24.162,0.76061,0.7608,1.75,1.00
2016.12.15 12:15:24.213,0.76061,0.76085,1.75,1.75
2016.12.15 12:15:24.263,0.76061,0.76085,1.75,1.37
2016.12.15 12:15:24.605,0.7606,0.7608,1.75,1.00
2016.12.15 12:15:24.671,0.7606,0.7608,1.12,1.75
2016.12.15 12:15:25.287,0.76065,0.76084,1.00,2.25
2016.12.15 12:15:25.388,0.76065,0.76084,1.00,3.00
2016.12.15 12:15:25.613,0.7606,0.7608,1.50,1.12
2016.12.15 12:15:25.922,0.76065,0.76085,1.00,1.75
2016.12.15 12:15:26.103,0.76066,0.76086,1.00,1.50
2016.12.15 12:15:26.670,0.76066,0.76085,1.00,1.50
2016.12.15 12:15:26.720,0.76066,0.7608,1.00,1.00
2016.12.15 12:15:26.771,0.76059,0.7608,1.75,1.00
2016.12.15 12:15:26.872,0.76059,0.7608,1.75,1.12
2016.12.15 12:15:26.973,0.76057,0.7608,3.37,1.00
2016.12.15 12:15:27.342,0.76055,0.7608,1.75,2.25
2016.12.15 12:15:28.937,0.76056,0.7608,1.75,1.37
2016.12.15 12:15:28.988,0.76058,0.7608,1.75,1.12
2016.12.15 12:15:29.359,0.7606,0.76082,1.75,1.12
2016.12.15 12:15:29.460,0.76061,0.76081,1.00,1.00
2016.12.15 12:15:29.561,0.7606,0.76084,1.75,1.50
2016.12.15 12:15:29.874,0.7606,0.76084,1.75,1.75
2016.12.15 12:15:30.647,0.7606,0.76085,3.00,1.50
2016.12.15 12:15:30.697,0.76061,0.76085,3.00,1.50
2016.12.15 12:15:30.899,0.76064,0.7609,1.75,1.75
2016.12.15 12:15:34.199,0.76066,0.76089,1.75,1.50
2016.12.15 12:15:34.606,0.76065,0.7609,1.75,3.00
2016.12.15 12:15:35.907,0.7607,0.7609,1.00,3.00
2016.12.15 12:15:36.008,0.7607,0.7609,1.12,1.75
2016.12.15 12:15:37.591,0.76065,0.76088,1.50,1.75
2016.12.15 12:15:37.857,0.7606,0.76085,2.25,1.75
2016.12.15 12:15:38.109,0.76065,0.76086,1.50,1.75
2016.12.15 12:15:38.489,0.7606,0.76085,1.75,1.75
2016.12.15 12:15:40.066,0.76065,0.76087,1.00,3.37
2016.12.15 12:15:40.116,0.76064,0.76087,1.75,1.75
2016.12.15 12:15:40.167,0.7607,0.76087,1.00,1.75
2016.12.15 12:15:40.318,0.7607,0.76088,1.00,1.37
2016.12.15 12:15:40.420,0.76065,0.76088,1.50,1.75
2016.12.15 12:15:43.111,0.76064,0.76084,1.50,1.00
2016.12.15 12:15:43.620,0.76065,0.76084,1.00,1.00
2016.12.15 12:15:47.033,0.76064,0.76084,1.50,1.00
2016.12.15 12:15:48.276,0.76065,0.76084,1.00,1.00
2016.12.15 12:15:48.990,0.76064,0.76084,1.50,1.00
2016.12.15 12:15:49.709,0.76064,0.76087,1.75,1.75
2016.12.15 12:15:51.694,0.7607,0.76088,1.00,1.35
2016.12.15 12:15:52.136,0.76065,0.76085,1.75,1.12
2016.12.15 12:15:53.386,0.76064,0.76086,1.50,1.75
2016.12.15 12:15:53.688,0.7606,0.76085,1.50,4.12
2016.12.15 12:15:53.854,0.7606,0.76085,1.50,2.25
2016.12.15 12:15:54.178,0.76065,0.76084,1.00,1.75
2016.12.15 12:15:54.634,0.76065,0.76088,1.50,1.75
2016.12.15 12:16:00.389,0.7607,0.76091,1.00,2.25
2016.12.15 12:16:00.440,0.76071,0.76095,1.50,1.75
2016.12.15 12:16:00.540,0.76071,0.76095,1.75,1.75
2016.12.15 12:16:00.853,0.76075,0.76095,1.00,1.75
2016.12.15 12:16:01.804,0.76074,0.76092,1.00,1.37
2016.12.15 12:16:01.855,0.7607,0.76092,1.12,1.75
2016.12.15 12:16:02.030,0.76075,0.76092,1.00,1.75
2016.12.15 12:16:02.352,0.76075,0.7609,1.00,1.75
2016.12.15 12:16:03.182,0.7607,0.7609,1.00,2.25
2016.12.15 12:16:03.758,0.7607,0.7609,1.00,1.75
2016.12.15 12:16:05.491,0.76075,0.76091,1.00,1.75
2016.12.15 12:16:05.872,0.76075,0.76093,1.00,1.75
2016.12.15 12:16:06.073,0.76075,0.76092,1.00,1.00
2016.12.15 12:16:06.174,0.76072,0.76092,1.00,1.00
2016.12.15 12:16:06.325,0.7607,0.76095,3.00,1.50
2016.12.15 12:16:06.376,0.76075,0.76095,1.00,1.50
2016.12.15 12:16:06.426,0.7607,0.76095,2.25,1.50
2016.12.15 12:16:06.477,0.7607,0.76095,2.25,1.75
2016.12.15 12:16:06.527,0.76075,0.76097,1.00,4.12
2016.12.15 12:16:06.578,0.76075,0.76094,1.00,1.00
2016.12.15 12:16:07.168,0.76075,0.76092,1.00,1.00
2016.12.15 12:16:07.738,0.76075,0.76092,1.00,1.75
2016.12.15 12:16:08.278,0.76075,0.76094,1.00,1.35
2016.12.15 12:16:09.508,0.76075,0.76089,1.00,1.00
2016.12.15 12:16:09.660,0.7607,0.76089,1.00,1.75
2016.12.15 12:16:10.233,0.76065,0.76089,1.75,1.75
2016.12.15 12:16:11.334,0.7607,0.76088,1.00,1.50
2016.12.15 12:16:12.261,0.76065,0.76088,2.25,1.50
2016.12.15 12:16:13.142,0.7607,0.76089,1.00,1.75
2016.12.15 12:16:13.343,0.7607,0.76087,1.00,1.50
2016.12.15 12:16:13.539,0.76066,0.76087,1.00,1.37
2016.12.15 12:16:13.590,0.76064,0.76087,1.75,1.37
2016.12.15 12:16:14.152,0.7607,0.76087,1.00,1.37
2016.12.15 12:16:14.369,0.76065,0.76087,1.75,1.37
2016.12.15 12:16:14.520,0.76065,0.76082,1.75,1.00
2016.12.15 12:16:14.570,0.76065,0.76081,1.37,1.00
2016.12.15 12:16:14.621,0.76065,0.76083,1.37,1.00
2016.12.15 12:16:15.173,0.76065,0.76086,1.37,1.50
2016.12.15 12:16:15.579,0.7606,0.76084,1.75,1.75
2016.12.15 12:16:15.985,0.76065,0.76084,1.00,1.75
2016.12.15 12:16:16.461,0.7606,0.7608,1.75,1.12
2016.12.15 12:16:16.763,0.7606,0.7608,1.00,1.75
2016.12.15 12:16:18.158,0.76059,0.7608,1.12,1.75
2016.12.15 12:16:18.561,0.76059,0.7608,1.75,1.12
2016.12.15 12:16:21.212,0.76065,0.76084,1.00,2.10
2016.12.15 12:16:21.263,0.7606,0.7608,1.75,1.12
2016.12.15 12:16:22.750,0.76065,0.76085,1.00,1.75
2016.12.15 12:16:22.902,0.76065,0.76088,1.50,1.75
2016.12.15 12:16:23.852,0.7607,0.76089,1.00,1.75
2016.12.15 12:16:24.064,0.76065,0.76089,1.50,1.75
2016.12.15 12:16:24.572,0.76065,0.76085,1.00,1.75
2016.12.15 12:16:25.900,0.76064,0.76086,1.12,3.00
2016.12.15 12:16:26.411,0.76065,0.76086,1.00,1.75
2016.12.15 12:16:26.612,0.76065,0.76089,1.50,1.75
2016.12.15 12:16:27.112,0.7607,0.76087,1.00,1.00
2016.12.15 12:16:30.655,0.76069,0.76087,1.00,1.00
2016.12.15 12:16:30.973,0.76085,0.76095,1.00,2.62
2016.12.15 12:16:31.023,0.76079,0.76098,1.12,1.75
2016.12.15 12:16:31.074,0.76079,0.76098,1.12,1.50
2016.12.15 12:16:31.125,0.7608,0.76098,1.37,1.12
2016.12.15 12:16:31.631,0.76075,0.761,4.12,1.50
2016.12.15 12:16:32.158,0.7608,0.761,1.00,2.25
2016.12.15 12:16:32.478,0.7607,0.76092,1.75,1.50
2016.12.15 12:16:32.680,0.7607,0.76093,1.37,2.25
2016.12.15 12:16:32.894,0.7607,0.76096,2.62,3.00
2016.12.15 12:16:32.995,0.76075,0.76097,1.50,2.25
2016.12.15 12:16:33.551,0.7608,0.76098,1.00,1.75
2016.12.15 12:16:33.652,0.76075,0.76095,1.50,1.50
2016.12.15 12:16:34.117,0.76075,0.76098,1.00,4.12
2016.12.15 12:16:34.218,0.76075,0.76099,1.50,3.00
2016.12.15 12:16:35.612,0.7608,0.76099,1.00,3.00
2016.12.15 12:16:35.824,0.76079,0.76099,1.00,1.75
2016.12.15 12:16:36.025,0.76079,0.76099,1.00,1.75
2016.12.15 12:16:36.665,0.7608,0.761,1.00,2.85
2016.12.15 12:16:37.274,0.76075,0.76097,1.50,1.35
2016.12.15 12:16:37.656,0.76073,0.76093,1.00,1.00
2016.12.15 12:16:38.612,0.76075,0.76093,1.00,1.00
2016.12.15 12:16:39.076,0.7608,0.76093,1.00,1.00
2016.12.15 12:16:39.177,0.76075,0.76093,1.00,1.00
2016.12.15 12:16:39.228,0.76075,0.76097,1.75,2.25
2016.12.15 12:16:39.731,0.76075,0.76095,1.50,1.50
2016.12.15 12:16:40.823,0.7607,0.7609,1.75,1.00
2016.12.15 12:16:41.125,0.7607,0.7609,1.12,2.10
2016.12.15 12:16:41.583,0.7607,0.76085,1.12,1.00
2016.12.15 12:16:41.734,0.76069,0.76087,1.12,1.35
2016.12.15 12:16:41.935,0.7607,0.76087,1.00,2.10
2016.12.15 12:16:42.036,0.7607,0.76089,1.00,1.60
2016.12.15 12:16:42.238,0.7607,0.76089,1.00,1.50
2016.12.15 12:16:42.339,0.7607,0.76089,1.00,3.60
2016.12.15 12:16:42.541,0.76064,0.76086,1.75,1.72
2016.12.15 12:16:42.912,0.7607,0.76089,1.00,1.50
2016.12.15 12:16:43.013,0.7607,0.76089,1.75,1.00
2016.12.15 12:16:43.544,0.7607,0.76091,1.75,1.00
2016.12.15 12:16:44.299,0.76071,0.76088,1.75,1.00
2016.12.15 12:16:44.688,0.76075,0.76094,1.00,1.75
2016.12.15 12:16:44.841,0.76075,0.76095,1.12,1.12
2016.12.15 12:16:44.942,0.76075,0.76099,1.75,2.25
2016.12.15 12:16:45.446,0.76075,0.76097,1.75,1.72
2016.12.15 12:16:45.547,0.76072,0.76095,1.75,1.12
2016.12.15 12:16:45.863,0.76072,0.76095,1.50,1.75
2016.12.15 12:16:46.169,0.76069,0.76085,1.75,1.00
2016.12.15 12:16:46.271,0.7607,0.7609,1.75,1.35
2016.12.15 12:16:46.522,0.7607,0.7609,1.12,2.10
2016.12.15 12:16:47.769,0.76065,0.76085,4.12,1.00
2016.12.15 12:16:48.457,0.76065,0.76085,1.75,1.00
2016.12.15 12:16:49.012,0.7607,0.76086,1.00,1.30
2016.12.15 12:16:49.114,0.76065,0.76089,1.50,1.75
2016.12.15 12:16:49.215,0.76066,0.7609,1.72,3.37
2016.12.15 12:16:49.316,0.7607,0.7609,1.00,2.62
2016.12.15 12:16:49.366,0.7607,0.76092,1.12,1.75
2016.12.15 12:16:49.468,0.76071,0.76091,1.00,1.00
2016.12.15 12:16:49.518,0.76075,0.76091,1.00,1.00
2016.12.15 12:16:50.058,0.76075,0.76093,1.00,1.50
2016.12.15 12:16:52.019,0.7607,0.76093,1.75,1.50
2016.12.15 12:16:52.531,0.7607,0.76093,1.50,2.25
2016.12.15 12:16:53.703,0.76067,0.76091,2.62,3.22
2016.12.15 12:16:54.006,0.76065,0.7609,1.75,2.25
2016.12.15 12:16:54.320,0.76065,0.7609,1.75,2.10
2016.12.15 12:16:54.646,0.76065,0.7609,1.75,2.25
2016.12.15 12:16:55.351,0.76065,0.7609,1.75,3.75
2016.12.15 12:16:58.729,0.76065,0.76085,1.37,1.50
2016.12.15 12:16:59.232,0.7606,0.76085,4.12,1.50
2016.12.15 12:16:59.711,0.76061,0.76084,1.75,2.47
2016.12.15 12:16:59.862,0.7606,0.76083,1.50,1.75
2016.12.15 12:17:00.110,0.76059,0.7608,1.50,1.35
2016.12.15 12:17:00.161,0.76055,0.76075,2.25,1.00
2016.12.15 12:17:00.779,0.7606,0.76079,1.12,1.50
2016.12.15 12:17:01.109,0.76055,0.76075,2.25,1.00
2016.12.15 12:17:01.315,0.7606,0.76079,1.12,1.50
2016.12.15 12:17:02.112,0.76055,0.76076,1.75,1.00
2016.12.15 12:17:02.742,0.76055,0.76073,1.75,1.00
2016.12.15 12:17:02.895,0.76055,0.76075,1.75,2.10
2016.12.15 12:17:02.947,0.76055,0.76074,1.00,2.10
2016.12.15 12:17:03.743,0.76055,0.76075,1.37,1.87
2016.12.15 12:17:03.793,0.76055,0.76075,1.75,1.50
2016.12.15 12:17:04.246,0.76057,0.76075,1.75,1.00
2016.12.15 12:17:05.179,0.76055,0.76075,1.75,1.00
2016.12.15 12:17:05.280,0.76055,0.76074,1.75,1.00
2016.12.15 12:17:05.956,0.76059,0.76074,1.00,1.35
2016.12.15 12:17:06.109,0.76055,0.76074,2.25,1.00
2016.12.15 12:17:06.160,0.76055,0.76074,2.25,1.00
2016.12.15 12:17:07.071,0.76055,0.76075,2.25,1.00
2016.12.15 12:17:07.335,0.7606,0.76077,1.00,1.12
2016.12.15 12:17:07.451,0.76055,0.76075,1.75,1.50
2016.12.15 12:17:07.502,0.7606,0.76077,1.00,1.12
2016.12.15 12:17:07.603,0.7606,0.76077,1.00,1.75
2016.12.15 12:17:07.804,0.76055,0.76075,1.50,1.87
2016.12.15 12:17:07.855,0.7606,0.76076,1.00,1.35
2016.12.15 12:17:08.207,0.76055,0.76075,1.50,1.50
2016.12.15 12:17:08.258,0.7606,0.76075,1.00,1.00
2016.12.15 12:17:08.336,0.76055,0.76075,1.00,1.00
2016.12.15 12:17:08.544,0.76055,0.76075,1.12,1.50
2016.12.15 12:17:08.960,0.76059,0.76076,1.00,1.75
2016.12.15 12:17:09.312,0.76054,0.76076,1.12,2.25
2016.12.15 12:17:10.007,0.76055,0.76073,1.00,1.50
2016.12.15 12:17:10.108,0.76055,0.76072,1.00,1.75
2016.12.15 12:17:10.506,0.7605,0.7607,1.75,1.12
2016.12.15 12:17:10.716,0.76055,0.76073,1.00,1.75
2016.12.15 12:17:10.767,0.7605,0.7607,1.75,1.12
2016.12.15 12:17:10.918,0.76055,0.76073,1.00,1.75
2016.12.15 12:17:10.968,0.76055,0.76074,1.12,1.67
2016.12.15 12:17:11.099,0.76055,0.76075,1.75,2.47
2016.12.15 12:17:11.630,0.7606,0.76076,1.00,1.50
2016.12.15 12:17:11.781,0.7606,0.76077,1.00,1.12
2016.12.15 12:17:11.832,0.76055,0.76075,1.75,1.00
2016.12.15 12:17:12.493,0.7606,0.76078,1.00,1.50
2016.12.15 12:17:12.941,0.76055,0.76075,1.75,1.50
2016.12.15 12:17:13.471,0.76055,0.76074,1.75,1.00
2016.12.15 12:17:13.810,0.7606,0.76081,1.50,1.75
2016.12.15 12:17:13.911,0.7606,0.76081,1.75,1.12
2016.12.15 12:17:14.364,0.7606,0.76081,1.75,1.72
2016.12.15 12:17:14.414,0.7606,0.76081,1.75,1.12
2016.12.15 12:17:14.465,0.7606,0.7608,1.37,1.37
2016.12.15 12:17:14.515,0.7606,0.7608,1.12,1.75
2016.12.15 12:17:15.288,0.76064,0.76081,1.00,1.00
2016.12.15 12:17:15.339,0.76061,0.76081,1.00,1.00
2016.12.15 12:17:15.490,0.76061,0.76079,1.00,1.00
2016.12.15 12:17:16.175,0.76061,0.76081,1.00,1.50
2016.12.15 12:17:17.304,0.76061,0.76071,1.00,1.00
2016.12.15 12:17:17.355,0.76061,0.7608,1.00,1.50
2016.12.15 12:17:17.406,0.76055,0.7608,3.75,2.25
2016.12.15 12:17:17.708,0.7606,0.76082,1.75,1.12
2016.12.15 12:17:19.379,0.76065,0.76087,1.00,3.37
2016.12.15 12:17:19.530,0.76065,0.76088,1.75,1.50
2016.12.15 12:17:19.707,0.76065,0.76088,1.75,1.00
2016.12.15 12:17:20.220,0.7607,0.76089,1.37,1.12
2016.12.15 12:17:20.882,0.7607,0.76089,1.37,1.50
2016.12.15 12:17:21.335,0.76069,0.76089,1.12,1.75
2016.12.15 12:17:22.924,0.7607,0.76088,1.75,1.00
2016.12.15 12:17:22.975,0.7607,0.7609,1.75,1.87
2016.12.15 12:17:23.359,0.76074,0.76092,1.00,1.75
2016.12.15 12:17:23.611,0.7607,0.76088,1.12,1.00
2016.12.15 12:17:24.151,0.76075,0.7609,1.00,1.50
2016.12.15 12:17:24.812,0.76069,0.7609,1.50,1.50
2016.12.15 12:17:25.719,0.7607,0.76088,1.12,1.00
2016.12.15 12:17:25.769,0.76075,0.76089,1.00,1.12
2016.12.15 12:17:25.820,0.7607,0.7609,1.12,2.25
2016.12.15 12:17:26.133,0.76075,0.76092,1.00,1.12
2016.12.15 12:17:26.327,0.76069,0.76091,3.00,1.00
2016.12.15 12:17:26.972,0.76069,0.76088,2.25,1.00
2016.12.15 12:17:27.124,0.7607,0.76091,1.50,1.12
2016.12.15 12:17:27.224,0.76075,0.76092,1.00,1.50
2016.12.15 12:17:27.325,0.76075,0.76093,1.00,1.12
2016.12.15 12:17:27.426,0.7607,0.76092,1.75,1.00
2016.12.15 12:17:27.628,0.7607,0.7609,1.50,1.00
2016.12.15 12:17:28.279,0.7607,0.76089,1.50,1.00
2016.12.15 12:17:29.009,0.7607,0.76088,1.50,1.00
2016.12.15 12:17:29.526,0.7607,0.7609,1.50,1.00
2016.12.15 12:17:30.146,0.7607,0.76089,1.00,1.00
2016.12.15 12:17:30.247,0.76065,0.76089,2.25,1.75
2016.12.15 12:17:30.764,0.7607,0.7609,1.00,1.75
2016.12.15 12:17:31.079,0.76075,0.76092,1.00,1.75
2016.12.15 12:17:31.180,0.76071,0.76089,1.50,1.00
2016.12.15 12:17:31.231,0.7607,0.76091,1.75,1.00
2016.12.15 12:17:31.533,0.76069,0.7609,1.00,1.50
2016.12.15 12:17:31.635,0.76065,0.7609,2.25,1.75
2016.12.15 12:17:31.937,0.76074,0.76091,1.00,1.75
2016.12.15 12:17:31.988,0.7607,0.7609,1.00,1.75
2016.12.15 12:17:32.454,0.76075,0.76091,1.00,1.75
2016.12.15 12:17:33.169,0.76069,0.76091,1.12,1.75
2016.12.15 12:17:33.320,0.7607,0.76093,1.37,2.62
2016.12.15 12:17:33.371,0.7607,0.76095,1.75,2.25
2016.12.15 12:17:33.472,0.7607,0.76095,1.75,3.52
2016.12.15 12:17:33.840,0.76067,0.7609,1.75,1.12
2016.12.15 12:17:34.285,0.76069,0.76093,1.50,1.75
2016.12.15 12:17:34.715,0.7607,0.76094,1.50,2.62
2016.12.15 12:17:34.766,0.7607,0.76095,1.75,3.75
2016.12.15 12:17:35.530,0.76069,0.76094,1.50,1.75
2016.12.15 12:17:35.581,0.76069,0.76093,1.50,1.75
2016.12.15 12:17:35.782,0.7607,0.76093,1.75,1.75
2016.12.15 12:17:36.100,0.7607,0.76095,3.75,1.75
2016.12.15 12:17:37.004,0.7607,0.76092,1.75,1.50
2016.12.15 12:17:37.055,0.7607,0.76092,1.75,1.75
2016.12.15 12:17:37.105,0.7607,0.76092,1.37,1.75
2016.12.15 12:17:37.156,0.7607,0.76093,1.00,3.37
2016.12.15 12:17:37.357,0.7607,0.76092,1.37,1.75
2016.12.15 12:17:38.964,0.7607,0.76089,1.37,1.65
2016.12.15 12:17:39.014,0.7607,0.76089,1.37,1.65
2016.12.15 12:17:39.065,0.7607,0.76089,1.37,1.65
2016.12.15 12:17:40.075,0.7607,0.76091,1.37,2.02
2016.12.15 12:17:40.603,0.7607,0.7609,1.37,1.37
2016.12.15 12:17:40.914,0.7607,0.76091,1.75,1.12
2016.12.15 12:17:41.267,0.76074,0.76092,1.00,1.52
2016.12.15 12:17:41.515,0.76075,0.76094,1.12,1.12
2016.12.15 12:17:41.565,0.76075,0.76091,1.00,1.00
2016.12.15 12:17:41.767,0.76075,0.76093,1.00,1.00
2016.12.15 12:17:42.069,0.76075,0.76097,1.75,1.75
2016.12.15 12:17:42.468,0.76072,0.76091,3.37,1.00
2016.12.15 12:17:42.519,0.7607,0.7609,1.50,1.12
2016.12.15 12:17:42.620,0.7607,0.7609,1.37,1.75
2016.12.15 12:17:42.720,0.76064,0.76088,2.25,1.50
2016.12.15 12:17:42.872,0.76065,0.76088,1.75,1.75
2016.12.15 12:17:43.913,0.7607,0.76088,1.00,1.75
2016.12.15 12:17:45.899,0.76075,0.76088,1.00,1.75
2016.12.15 12:17:46.161,0.76075,0.76091,1.00,1.75
2016.12.15 12:17:46.313,0.76075,0.76092,1.00,1.50
2016.12.15 12:17:46.820,0.76075,0.76092,1.00,1.37
2016.12.15 12:17:46.970,0.76075,0.76092,1.00,1.12
2016.12.15 12:17:48.457,0.76075,0.76091,1.00,1.00
2016.12.15 12:17:48.948,0.7607,0.76089,1.75,1.00
2016.12.15 12:17:49.213,0.7607,0.76089,1.50,1.00
2016.12.15 12:17:49.867,0.76075,0.76089,1.00,1.00
2016.12.15 12:17:50.018,0.76075,0.76092,1.00,1.00
2016.12.15 12:17:50.068,0.7608,0.76094,1.00,1.12
2016.12.15 12:17:50.320,0.7608,0.76097,1.00,1.50
2016.12.15 12:17:50.421,0.76075,0.76097,1.75,1.50
2016.12.15 12:17:51.602,0.76075,0.76095,1.75,1.00
2016.12.15 12:17:51.703,0.76072,0.76095,1.75,2.25
2016.12.15 12:17:51.804,0.76072,0.76093,1.12,1.75
2016.12.15 12:17:51.904,0.76072,0.76093,1.75,1.50
2016.12.15 12:17:52.005,0.76072,0.76093,1.12,1.75
2016.12.15 12:17:52.541,0.76075,0.76094,1.00,1.50
2016.12.15 12:17:52.592,0.76075,0.76094,1.12,1.50
2016.12.15 12:17:52.793,0.7608,0.76095,1.00,1.75
2016.12.15 12:17:53.045,0.7608,0.76098,1.00,1.75
2016.12.15 12:17:53.397,0.7608,0.76098,1.00,1.00
2016.12.15 12:17:53.930,0.76079,0.76098,1.00,1.00
2016.12.15 12:17:54.465,0.7608,0.76098,1.00,1.00
2016.12.15 12:17:54.767,0.7608,0.76098,1.00,1.50
2016.12.15 12:17:55.269,0.7608,0.76098,1.00,1.50
2016.12.15 12:17:58.657,0.76079,0.76098,1.12,1.50
2016.12.15 12:18:00.508,0.7608,0.76098,1.00,1.50
2016.12.15 12:18:01.227,0.7608,0.76099,1.12,1.12
2016.12.15 12:18:01.696,0.76075,0.76099,3.37,1.50
2016.12.15 12:18:02.199,0.76079,0.76097,1.12,1.12
2016.12.15 12:18:02.541,0.7608,0.76093,1.00,1.00
2016.12.15 12:18:02.784,0.76075,0.76091,1.37,1.00
2016.12.15 12:18:02.884,0.76075,0.76091,1.00,1.50
2016.12.15 12:18:02.935,0.76075,0.76088,1.00,1.00
2016.12.15 12:18:03.172,0.7607,0.76089,1.50,1.12
2016.12.15 12:18:03.531,0.76075,0.76092,1.00,1.75
2016.12.15 12:18:03.632,0.76075,0.76092,1.00,1.50
2016.12.15 12:18:03.811,0.76075,0.76094,1.50,1.00
2016.12.15 12:18:03.862,0.76075,0.76092,1.50,1.00
2016.12.15 12:18:03.912,0.76075,0.76094,1.50,1.00
2016.12.15 12:18:04.368,0.76075,0.76092,1.50,1.00
2016.12.15 12:18:04.670,0.7608,0.76091,1.00,1.00
2016.12.15 12:18:04.771,0.7608,0.76093,1.12,1.00
2016.12.15 12:18:04.822,0.76085,0.76097,1.00,1.00
2016.12.15 12:18:04.923,0.7608,0.76096,1.12,1.00
2016.12.15 12:18:05.175,0.7608,0.76096,1.00,1.75
2016.12.15 12:18:05.560,0.76085,0.76096,1.00,1.12
2016.12.15 12:18:05.733,0.7608,0.76098,1.00,1.50
2016.12.15 12:18:05.834,0.7608,0.76098,1.00,1.75
2016.12.15 12:18:06.762,0.76075,0.76098,1.37,2.10
2016.12.15 12:18:08.454,0.7608,0.76096,1.00,1.50
2016.12.15 12:18:08.712,0.76075,0.76096,1.37,1.50
2016.12.15 12:18:09.168,0.7608,0.76098,1.00,2.10
2016.12.15 12:18:09.319,0.7608,0.76096,1.00,1.12
2016.12.15 12:18:09.420,0.76075,0.76096,1.50,1.75
2016.12.15 12:18:09.470,0.76079,0.76096,1.00,1.75
2016.12.15 12:18:10.008,0.76075,0.76096,1.50,1.75
2016.12.15 12:18:10.059,0.76075,0.76092,1.50,1.00
2016.12.15 12:18:10.160,0.7607,0.76092,1.75,1.50
2016.12.15 12:18:10.210,0.7607,0.76089,1.75,1.00
2016.12.15 12:18:10.431,0.76069,0.76089,2.25,1.50
2016.12.15 12:18:13.455,0.76074,0.76092,1.00,3.00
2016.12.15 12:18:13.776,0.76071,0.76095,1.75,3.00
2016.12.15 12:18:14.078,0.76075,0.76095,1.00,3.75
2016.12.15 12:18:14.179,0.76075,0.76095,1.12,3.75
2016.12.15 12:18:14.481,0.76075,0.76095,1.75,1.12
2016.12.15 12:18:14.957,0.76079,0.76097,1.00,1.75
2016.12.15 12:18:15.162,0.76079,0.76098,1.50,1.00
2016.12.15 12:18:15.213,0.76079,0.761,1.87,1.37
2016.12.15 12:18:15.263,0.76082,0.761,1.00,1.00
2016.12.15 12:18:15.314,0.76082,0.76102,1.00,1.00
2016.12.15 12:18:15.415,0.76079,0.76105,2.25,1.75
2016.12.15 12:18:16.092,0.76079,0.76105,3.00,1.75
2016.12.15 12:18:17.307,0.76085,0.76106,1.12,1.75
2016.12.15 12:18:17.840,0.76084,0.76106,1.37,2.25
2016.12.15 12:18:18.237,0.76084,0.76106,1.00,3.00
2016.12.15 12:18:18.767,0.76079,0.761,1.00,1.50
2016.12.15 12:18:18.877,0.76075,0.761,1.75,3.00
2016.12.15 12:18:18.978,0.76074,0.76101,3.00,4.12
2016.12.15 12:18:19.029,0.7608,0.76101,1.00,3.37
2016.12.15 12:18:19.666,0.76079,0.761,1.12,1.75
2016.12.15 12:18:20.258,0.7608,0.76101,1.00,1.75
2016.12.15 12:18:20.831,0.76079,0.761,1.12,1.75
2016.12.15 12:18:21.358,0.7608,0.76101,1.00,2.25
2016.12.15 12:18:22.079,0.76085,0.76098,1.00,1.50
2016.12.15 12:18:22.194,0.7608,0.76098,1.00,1.50
2016.12.15 12:18:22.733,0.76075,0.76099,1.75,1.75
2016.12.15 12:18:22.947,0.7608,0.76095,1.00,1.00
2016.12.15 12:18:23.127,0.76075,0.76097,1.37,1.50
2016.12.15 12:18:23.279,0.76075,0.76097,1.37,1.50
2016.12.15 12:18:24.953,0.7608,0.761,1.00,1.75
2016.12.15 12:18:25.263,0.76085,0.76105,1.00,3.37
2016.12.15 12:18:25.313,0.7608,0.76102,1.75,1.00
2016.12.15 12:18:25.414,0.7608,0.76102,1.75,1.50
2016.12.15 12:18:25.464,0.7608,0.761,1.37,1.37
2016.12.15 12:18:25.515,0.76079,0.761,1.12,1.75
2016.12.15 12:18:25.566,0.76079,0.761,1.00,1.75
2016.12.15 12:18:26.634,0.7608,0.761,1.00,1.75
2016.12.15 12:18:27.309,0.76079,0.761,1.00,1.75
2016.12.15 12:18:27.482,0.76075,0.761,1.75,2.25
2016.12.15 12:18:27.643,0.7608,0.761,1.00,1.75
2016.12.15 12:18:28.040,0.76085,0.761,1.00,1.75
2016.12.15 12:18:28.459,0.7608,0.76101,1.00,1.75
2016.12.15 12:18:30.584,0.7608,0.76097,1.00,1.00
2016.12.15 12:18:31.414,0.76079,0.761,1.12,1.75
2016.12.15 12:18:32.436,0.7608,0.761,1.00,2.25
2016.12.15 12:18:33.334,0.7608,0.76102,1.50,1.75
2016.12.15 12:18:33.384,0.76085,0.76103,1.00,1.75
2016.12.15 12:18:33.435,0.76079,0.76103,2.85,1.75
2016.12.15 12:18:33.485,0.76079,0.76103,2.85,1.75
2016.12.15 12:18:33.874,0.76085,0.76104,1.00,1.75
2016.12.15 12:18:34.494,0.76084,0.76104,1.00,1.75
2016.12.15 12:18:34.897,0.76085,0.76103,1.12,1.00
2016.12.15 12:18:35.546,0.76085,0.76107,1.12,3.00
2016.12.15 12:18:36.144,0.76085,0.76107,1.00,4.87
2016.12.15 12:18:36.698,0.76079,0.76101,1.75,1.12
2016.12.15 12:18:36.749,0.76085,0.76102,1.00,1.75
2016.12.15 12:18:37.075,0.76084,0.76102,1.00,1.75
2016.12.15 12:18:37.599,0.76085,0.76102,1.00,2.25
2016.12.15 12:18:38.086,0.7608,0.761,1.00,1.75
2016.12.15 12:18:38.409,0.76079,0.76099,1.00,2.25
2016.12.15 12:18:38.916,0.7608,0.76099,1.00,1.75
2016.12.15 12:18:39.118,0.7608,0.761,1.00,1.75
2016.12.15 12:18:39.327,0.76075,0.76099,2.10,1.75
2016.12.15 12:18:40.337,0.7608,0.761,1.00,1.75
2016.12.15 12:18:40.920,0.76075,0.761,1.75,2.25
2016.12.15 12:18:42.803,0.76079,0.761,1.00,2.25
2016.12.15 12:18:43.263,0.76075,0.76099,1.75,1.75
2016.12.15 12:18:43.359,0.7608,0.76099,1.00,1.75
2016.12.15 12:18:44.333,0.76079,0.76099,1.00,1.75
2016.12.15 12:18:44.836,0.7608,0.76099,1.00,1.75
2016.12.15 12:18:44.937,0.76075,0.761,1.75,2.25
2016.12.15 12:18:46.141,0.7608,0.76097,1.00,1.75
2016.12.15 12:18:46.351,0.7608,0.76097,1.00,1.75
2016.12.15 12:18:46.655,0.76075,0.76099,1.75,1.75
2016.12.15 12:18:47.240,0.76075,0.76097,1.00,1.75
2016.12.15 12:18:47.744,0.76075,0.76098,1.37,1.75
2016.12.15 12:18:49.160,0.76075,0.76097,1.00,1.75
2016.12.15 12:18:49.531,0.7608,0.76097,1.00,1.75
2016.12.15 12:18:50.152,0.7608,0.76099,1.00,3.00
2016.12.15 12:18:50.739,0.76079,0.76099,1.00,3.00
2016.12.15 12:18:51.040,0.7608,0.76099,1.00,2.25
2016.12.15 12:18:51.164,0.7608,0.76097,1.00,1.00
2016.12.15 12:18:51.410,0.76077,0.76096,1.00,1.00
2016.12.15 12:18:51.934,0.76077,0.76095,1.00,1.00
2016.12.15 12:18:53.538,0.76077,0.76097,1.00,1.00
2016.12.15 12:18:53.853,0.76074,0.76098,1.50,1.75
2016.12.15 12:18:53.954,0.76075,0.76096,1.00,1.00
2016.12.15 12:18:55.852,0.76075,0.76094,1.00,1.00
2016.12.15 12:18:56.196,0.76074,0.76092,1.00,1.75
2016.12.15 12:18:56.815,0.76075,0.76094,1.00,4.87
2016.12.15 12:18:58.057,0.76075,0.76095,1.00,2.25
2016.12.15 12:18:58.379,0.76075,0.76094,1.00,1.75
2016.12.15 12:18:58.762,0.76075,0.76091,1.00,1.00
2016.12.15 12:18:58.863,0.7608,0.76091,1.00,1.00
2016.12.15 12:18:58.914,0.76075,0.76091,1.00,1.00
2016.12.15 12:18:59.110,0.76075,0.76093,1.00,1.00
2016.12.15 12:18:59.365,0.76075,0.76093,1.00,1.75
2016.12.15 12:18:59.613,0.76069,0.76093,1.50,1.75
2016.12.15 12:18:59.960,0.76074,0.76093,1.00,1.75
2016.12.15 12:19:00.507,0.76079,0.76096,1.00,2.25
2016.12.15 12:19:00.608,0.7608,0.76095,1.00,1.00
2016.12.15 12:19:00.809,0.76075,0.76095,1.75,1.00
2016.12.15 12:19:01.254,0.76075,0.76097,1.50,1.50
2016.12.15 12:19:01.305,0.76074,0.76094,1.50,1.50
2016.12.15 12:19:01.658,0.76074,0.76092,1.12,1.37
2016.12.15 12:19:01.899,0.7607,0.76091,1.50,1.75
2016.12.15 12:19:02.101,0.76074,0.7609,1.00,1.50
2016.12.15 12:19:02.253,0.7607,0.76091,1.50,1.37
2016.12.15 12:19:02.304,0.76072,0.76086,1.00,1.00
2016.12.15 12:19:02.354,0.7607,0.76088,1.50,1.12
2016.12.15 12:19:02.405,0.76064,0.76089,4.87,1.50
2016.12.15 12:19:03.348,0.7607,0.76083,1.12,1.00
2016.12.15 12:19:03.399,0.7607,0.76088,1.12,1.12
2016.12.15 12:19:03.905,0.7607,0.76087,1.12,1.00
2016.12.15 12:19:05.670,0.7607,0.76086,1.12,1.00
2016.12.15 12:19:05.978,0.7607,0.76086,1.00,1.37
2016.12.15 12:19:06.029,0.76064,0.76082,1.75,1.00
2016.12.15 12:19:06.628,0.76065,0.76082,1.00,1.50
2016.12.15 12:19:09.536,0.7606,0.7608,1.75,1.00
2016.12.15 12:19:09.586,0.7606,0.76079,1.50,1.37
2016.12.15 12:19:09.637,0.7606,0.76079,1.12,1.37
2016.12.15 12:19:10.157,0.76064,0.7608,1.00,1.50
2016.12.15 12:19:10.208,0.76064,0.7608,1.00,1.00
2016.12.15 12:19:10.472,0.76065,0.76082,1.12,1.12
2016.12.15 12:19:10.523,0.7607,0.76082,1.00,1.00
2016.12.15 12:19:11.056,0.76065,0.76082,1.12,1.00
2016.12.15 12:19:11.493,0.7607,0.76084,1.00,1.50
2016.12.15 12:19:11.752,0.7607,0.76086,1.00,1.50
2016.12.15 12:19:13.786,0.7607,0.76083,1.00,1.00
2016.12.15 12:19:15.041,0.76065,0.76083,1.00,1.00
2016.12.15 12:19:15.393,0.7607,0.76083,1.00,1.50
2016.12.15 12:19:15.695,0.7607,0.76079,1.00,1.00
2016.12.15 12:19:15.746,0.76065,0.76079,1.00,1.00
2016.12.15 12:19:15.797,0.76065,0.76077,1.00,1.00
2016.12.15 12:19:15.897,0.76059,0.76078,1.50,1.37
2016.12.15 12:19:15.948,0.76059,0.76077,1.12,1.12
2016.12.15 12:19:16.306,0.76064,0.76076,1.00,1.00
2016.12.15 12:19:16.829,0.76065,0.76078,1.00,1.00
2016.12.15 12:19:17.791,0.7606,0.76079,1.50,1.00
2016.12.15 12:19:18.018,0.76065,0.76079,1.00,1.00
2016.12.15 12:19:18.697,0.76065,0.7608,1.00,1.50
2016.12.15 12:19:19.254,0.76065,0.76081,1.00,1.12
2016.12.15 12:19:19.893,0.76065,0.76084,1.37,1.50
2016.12.15 12:19:19.944,0.76065,0.76085,1.50,2.25
2016.12.15 12:19:20.733,0.76065,0.76083,1.00,1.00
2016.12.15 12:19:20.834,0.76065,0.76083,1.00,1.75
2016.12.15 12:19:21.347,0.76064,0.7608,1.00,1.50
2016.12.15 12:19:22.378,0.76065,0.76079,1.00,1.12
2016.12.15 12:19:22.429,0.7606,0.76079,1.50,1.12
2016.12.15 12:19:22.479,0.76065,0.76079,1.00,1.12
2016.12.15 12:19:22.530,0.7606,0.76079,1.50,1.12
2016.12.15 12:19:22.731,0.76059,0.76078,1.00,1.00
2016.12.15 12:19:23.407,0.7606,0.76078,1.00,1.00
2016.12.15 12:19:23.897,0.76065,0.76078,1.00,1.50
2016.12.15 12:19:24.098,0.7606,0.76079,1.12,1.12
2016.12.15 12:19:24.149,0.76062,0.76079,1.00,1.00
2016.12.15 12:19:24.925,0.76065,0.76079,1.00,1.00
2016.12.15 12:19:25.566,0.76065,0.7608,1.00,1.00
2016.12.15 12:19:26.113,0.76062,0.76081,1.00,1.00
2016.12.15 12:19:26.326,0.76065,0.7608,1.00,1.00
2016.12.15 12:19:26.377,0.76062,0.76079,1.00,1.00
2016.12.15 12:19:26.427,0.76062,0.76077,1.00,1.00
2016.12.15 12:19:26.528,0.76065,0.76082,1.00,1.00
2016.12.15 12:19:27.066,0.76065,0.76081,1.00,1.00
2016.12.15 12:19:27.189,0.76065,0.76079,1.00,1.00
2016.12.15 12:19:27.347,0.76062,0.76079,1.00,1.00
2016.12.15 12:19:27.448,0.76065,0.76082,1.00,1.00
2016.12.15 12:19:27.548,0.76062,0.76081,1.00,1.00
2016.12.15 12:19:27.649,0.76062,0.76079,1.00,1.00
2016.12.15 12:19:27.750,0.7606,0.7608,1.12,1.50
2016.12.15 12:19:28.027,0.76065,0.76078,1.00,1.00
2016.12.15 12:19:28.078,0.7606,0.76078,1.12,1.00
2016.12.15 12:19:28.442,0.76065,0.76085,1.00,1.75
2016.12.15 12:19:28.492,0.76065,0.76085,1.00,1.75
2016.12.15 12:19:28.543,0.7607,0.76087,1.00,1.75
2016.12.15 12:19:28.594,0.7607,0.76089,1.00,2.25
2016.12.15 12:19:28.694,0.7607,0.76089,1.00,2.25
2016.12.15 12:19:29.209,0.76066,0.7609,1.75,1.75
2016.12.15 12:19:29.309,0.76065,0.7609,2.25,1.37
2016.12.15 12:19:29.461,0.76066,0.7609,1.75,1.75
2016.12.15 12:19:29.935,0.7607,0.76093,1.37,1.75
2016.12.15 12:19:29.985,0.7607,0.76093,1.75,1.75
2016.12.15 12:19:32.320,0.76075,0.76093,1.00,1.75
2016.12.15 12:19:32.652,0.76075,0.76093,1.00,1.75
2016.12.15 12:19:32.987,0.76075,0.76093,1.00,1.75
2016.12.15 12:19:33.512,0.76074,0.76096,1.00,3.97
2016.12.15 12:19:34.238,0.76075,0.76095,1.00,2.25
2016.12.15 12:19:35.126,0.7608,0.76096,1.00,3.22
2016.12.15 12:19:35.177,0.7608,0.76096,1.00,1.35
2016.12.15 12:19:35.994,0.76075,0.76096,1.12,1.35
2016.12.15 12:19:36.162,0.76075,0.76095,1.00,1.75
2016.12.15 12:19:38.764,0.7607,0.76095,1.75,2.25
2016.12.15 12:19:39.013,0.76074,0.76095,1.00,1.75
2016.12.15 12:19:39.213,0.7607,0.76095,1.75,2.25
2016.12.15 12:19:39.288,0.76075,0.76095,1.00,1.75
2016.12.15 12:19:39.555,0.7607,0.76095,1.75,2.25
2016.12.15 12:19:41.288,0.7607,0.76094,2.25,2.25
2016.12.15 12:19:48.398,0.76065,0.7609,1.75,1.50
2016.12.15 12:19:48.650,0.76064,0.76086,1.75,1.50
2016.12.15 12:19:49.179,0.7607,0.76086,1.00,1.50
2016.12.15 12:19:49.229,0.76064,0.76086,1.75,2.25
2016.12.15 12:19:49.431,0.76065,0.76083,1.75,1.00
2016.12.15 12:19:49.735,0.76065,0.76082,1.00,1.37
2016.12.15 12:19:50.638,0.7606,0.76081,1.75,1.12
2016.12.15 12:19:50.689,0.7606,0.76081,1.50,1.37
2016.12.15 12:19:50.739,0.76065,0.7608,1.00,1.00
2016.12.15 12:19:51.287,0.76065,0.76084,1.00,1.75
2016.12.15 12:19:51.918,0.76064,0.76084,1.00,1.75
2016.12.15 12:19:53.107,0.76065,0.76084,1.00,1.75
2016.12.15 12:19:53.584,0.76065,0.76083,1.00,1.75
2016.12.15 12:19:53.874,0.76064,0.76086,1.12,3.75
2016.12.15 12:19:54.126,0.76061,0.76081,1.00,1.00
2016.12.15 12:19:55.356,0.76065,0.76081,1.00,1.00
2016.12.15 12:19:57.333,0.7606,0.76079,1.37,1.12
2016.12.15 12:19:57.384,0.76059,0.76079,1.50,1.50
2016.12.15 12:19:57.434,0.76059,0.76079,1.12,1.50
2016.12.15 12:19:57.585,0.76055,0.76075,1.12,1.75
2016.12.15 12:19:57.636,0.7606,0.76079,1.00,3.37
2016.12.15 12:19:58.278,0.76059,0.76076,1.00,1.75
2016.12.15 12:19:58.821,0.7606,0.76076,1.00,1.75
2016.12.15 12:19:59.164,0.76055,0.76079,1.00,4.87
2016.12.15 12:19:59.214,0.76054,0.76079,1.75,3.00
2016.12.15 12:19:59.562,0.76055,0.76079,1.12,2.62
2016.12.15 12:20:00.285,0.7606,0.76079,1.00,2.62
2016.12.15 12:20:00.436,0.76065,0.76079,1.00,1.00
2016.12.15 12:20:00.603,0.76065,0.76085,1.37,1.75
2016.12.15 12:20:00.711,0.76065,0.76085,1.75,1.00
2016.12.15 12:20:01.014,0.76064,0.76084,1.50,1.00
2016.12.15 12:20:01.520,0.76065,0.76084,1.00,1.00
2016.12.15 12:20:02.006,0.7607,0.76084,1.00,1.00
2016.12.15 12:20:02.057,0.76065,0.76084,1.00,1.00
2016.12.15 12:20:02.158,0.76069,0.76087,1.00,1.75
2016.12.15 12:20:02.460,0.7607,0.7609,1.37,1.37
2016.12.15 12:20:02.511,0.7607,0.7609,1.75,1.00
2016.12.15 12:20:02.612,0.7607,0.7609,1.75,1.12
2016.12.15 12:20:02.712,0.7607,0.7609,1.12,1.50
2016.12.15 12:20:03.091,0.76075,0.76091,1.00,1.75
2016.12.15 12:20:03.242,0.76069,0.76091,1.37,1.75
2016.12.15 12:20:03.401,0.76074,0.76093,1.00,3.97
2016.12.15 12:20:03.603,0.76075,0.76091,1.00,1.00
2016.12.15 12:20:03.804,0.76075,0.76095,1.12,1.75
2016.12.15 12:20:03.905,0.76075,0.76098,1.75,1.75
2016.12.15 12:20:05.121,0.76074,0.76096,1.12,2.25
2016.12.15 12:20:05.323,0.76075,0.76095,1.00,1.75
2016.12.15 12:20:06.622,0.76074,0.76098,1.50,1.75
2016.12.15 12:20:06.673,0.76074,0.76099,1.75,3.37
2016.12.15 12:20:06.724,0.76074,0.761,1.75,2.25
2016.12.15 12:20:08.542,0.7608,0.761,1.00,1.75
2016.12.15 12:20:09.229,0.76075,0.761,1.75,2.25
2016.12.15 12:20:10.779,0.7608,0.761,1.00,2.25
2016.12.15 12:20:11.493,0.76079,0.761,1.00,1.75
2016.12.15 12:20:12.057,0.7608,0.761,1.00,1.75
2016.12.15 12:20:12.597,0.7608,0.761,1.00,1.75
2016.12.15 12:20:13.911,0.76075,0.76097,1.75,1.12
2016.12.15 12:20:14.274,0.76074,0.76097,1.50,1.75
2016.12.15 12:20:15.577,0.76074,0.76096,1.37,1.75
2016.12.15 12:20:15.728,0.76075,0.76094,1.00,1.00
2016.12.15 12:20:17.152,0.76074,0.76094,1.50,1.00
2016.12.15 12:20:17.950,0.76075,0.76094,1.00,1.00
2016.12.15 12:20:19.599,0.76079,0.761,1.00,2.62
2016.12.15 12:20:19.649,0.76079,0.761,1.00,1.75
2016.12.15 12:20:20.076,0.7608,0.76097,1.00,1.75
2016.12.15 12:20:20.622,0.76075,0.76097,1.37,1.75
2016.12.15 12:20:20.823,0.7607,0.76093,3.00,1.37
2016.12.15 12:20:20.874,0.76066,0.76089,1.75,1.12
2016.12.15 12:20:20.924,0.76065,0.76087,1.75,1.00
2016.12.15 12:20:21.076,0.76065,0.76087,1.50,1.50
2016.12.15 12:20:21.176,0.76065,0.76084,1.00,1.00
2016.12.15 12:20:24.987,0.76065,0.7609,1.50,2.25
2016.12.15 12:20:26.031,0.76064,0.7609,1.50,3.37
2016.12.15 12:20:26.082,0.76059,0.76084,4.87,2.25
2016.12.15 12:20:26.275,0.76059,0.76085,3.75,1.75
2016.12.15 12:20:26.644,0.76065,0.76085,1.00,1.75
2016.12.15 12:20:26.712,0.7606,0.76085,2.25,2.25
2016.12.15 12:20:27.247,0.76065,0.76085,1.00,1.75
2016.12.15 12:20:30.075,0.76064,0.76085,1.00,1.75
2016.12.15 12:20:30.604,0.76065,0.76086,1.00,1.75
2016.12.15 12:20:31.138,0.76069,0.76085,1.00,1.75
2016.12.15 12:20:31.297,0.76065,0.76085,1.00,2.25
2016.12.15 12:20:32.450,0.76069,0.76086,1.00,1.75
2016.12.15 12:20:32.601,0.7607,0.76087,1.00,1.00
2016.12.15 12:20:32.702,0.7607,0.76089,1.50,1.12
2016.12.15 12:20:32.803,0.7607,0.76091,1.00,1.75
2016.12.15 12:20:34.510,0.7607,0.76094,1.12,2.25
2016.12.15 12:20:36.329,0.76075,0.76093,1.00,2.25
2016.12.15 12:20:36.580,0.7607,0.76095,3.00,2.25
2016.12.15 12:20:36.681,0.7607,0.76095,2.25,2.25
2016.12.15 12:20:39.380,0.76069,0.76093,1.75,1.75
2016.12.15 12:20:39.805,0.76075,0.76093,1.00,1.75
2016.12.15 12:20:40.115,0.76075,0.76093,1.00,1.75
2016.12.15 12:20:42.374,0.76075,0.76095,1.00,1.75
2016.12.15 12:20:42.475,0.76071,0.76095,1.75,2.25
2016.12.15 12:20:42.576,0.76075,0.76094,1.00,1.75
2016.12.15 12:20:43.746,0.76071,0.76094,1.75,1.75
2016.12.15 12:20:45.279,0.76069,0.7609,1.75,1.00
2016.12.15 12:20:45.430,0.7607,0.76091,1.37,1.37
2016.12.15 12:20:45.480,0.7607,0.76091,1.00,1.75
2016.12.15 12:20:45.735,0.7607,0.76094,1.50,2.25
2016.12.15 12:20:48.191,0.7607,0.76095,1.75,2.25
2016.12.15 12:20:48.535,0.7607,0.76091,1.37,1.75
2016.12.15 12:20:49.072,0.7607,0.76094,1.50,1.75
2016.12.15 12:21:00.690,0.7607,0.76088,1.00,1.00
2016.12.15 12:21:01.365,0.76069,0.76088,1.00,1.00
2016.12.15 12:21:01.694,0.7607,0.76092,1.50,1.75
2016.12.15 12:21:03.072,0.76069,0.76091,1.87,1.75
2016.12.15 12:21:03.173,0.7607,0.76093,1.50,2.25
2016.12.15 12:21:03.274,0.7607,0.76093,1.12,1.75
2016.12.15 12:21:03.784,0.76065,0.76087,1.75,2.25
2016.12.15 12:21:04.115,0.76065,0.76087,1.00,2.25
2016.12.15 12:21:05.222,0.76064,0.76087,1.00,2.25
2016.12.15 12:21:05.871,0.76062,0.76085,1.50,1.75
2016.12.15 12:21:06.650,0.76064,0.76087,1.00,3.00
2016.12.15 12:21:07.311,0.76061,0.76085,2.25,1.75
2016.12.15 12:21:09.676,0.76062,0.76084,1.00,1.50
2016.12.15 12:21:10.407,0.76065,0.76084,1.00,4.12
2016.12.15 12:21:10.457,0.7606,0.76084,1.12,4.12
2016.12.15 12:21:10.810,0.7606,0.76077,1.00,1.50
2016.12.15 12:21:10.860,0.76055,0.76078,1.75,1.35
2016.12.15 12:21:10.911,0.76055,0.76079,1.12,2.62
2016.12.15 12:21:11.012,0.76056,0.76077,1.00,1.00
2016.12.15 12:21:11.062,0.7606,0.76077,1.00,1.00
2016.12.15 12:21:11.113,0.76056,0.76077,1.00,1.00
2016.12.15 12:21:11.227,0.7606,0.76077,1.00,1.00
2016.12.15 12:21:11.384,0.76056,0.76075,1.00,1.00
2016.12.15 12:21:11.615,0.76056,0.76077,1.00,1.00
2016.12.15 12:21:11.960,0.76056,0.76075,1.00,1.00
2016.12.15 12:21:12.253,0.76056,0.76077,1.00,1.00
2016.12.15 12:21:12.920,0.76056,0.76076,1.00,1.00
2016.12.15 12:21:13.021,0.76051,0.76076,1.75,2.25
2016.12.15 12:21:13.409,0.7605,0.76075,1.75,1.75
2016.12.15 12:21:14.762,0.76055,0.76074,1.00,1.75
2016.12.15 12:21:14.818,0.7605,0.7607,1.75,1.00
2016.12.15 12:21:16.024,0.7605,0.7607,1.50,1.50
2016.12.15 12:21:16.432,0.76046,0.7607,1.75,1.75
2016.12.15 12:21:16.835,0.7605,0.76075,1.50,7.12
2016.12.15 12:21:17.167,0.7605,0.76074,1.75,2.25
2016.12.15 12:21:17.218,0.7605,0.76074,1.37,2.25
2016.12.15 12:21:17.616,0.7605,0.7607,1.00,1.75
2016.12.15 12:21:17.718,0.76045,0.7607,1.75,3.00
2016.12.15 12:21:17.818,0.7605,0.7607,1.00,2.25
2016.12.15 12:21:18.637,0.7605,0.76073,1.00,1.75
2016.12.15 12:21:18.901,0.7605,0.76074,1.75,2.25
2016.12.15 12:21:19.512,0.7605,0.76071,1.00,1.75
2016.12.15 12:21:20.864,0.7605,0.76075,1.50,3.75
2016.12.15 12:21:21.807,0.7605,0.76072,1.37,2.25
2016.12.15 12:21:22.508,0.7605,0.76072,1.00,2.25
2016.12.15 12:21:23.054,0.7605,0.76075,2.25,2.25
2016.12.15 12:21:23.154,0.7605,0.76075,1.75,2.25
2016.12.15 12:21:23.512,0.76052,0.76075,1.75,1.50
2016.12.15 12:21:23.563,0.76055,0.76075,1.50,1.50
2016.12.15 12:21:23.614,0.76051,0.7607,1.75,1.00
2016.12.15 12:21:23.931,0.76055,0.76075,1.50,1.50
2016.12.15 12:21:24.132,0.76055,0.76075,1.00,1.75
2016.12.15 12:21:28.720,0.76051,0.76071,1.75,1.00
2016.12.15 12:21:29.256,0.76055,0.76075,1.00,1.75
2016.12.15 12:21:31.026,0.7606,0.76076,1.00,1.75
2016.12.15 12:21:31.268,0.7606,0.76079,1.00,1.75
2016.12.15 12:21:32.637,0.76055,0.76075,1.75,1.12
2016.12.15 12:21:37.660,0.76051,0.76076,2.62,3.00
2016.12.15 12:21:37.972,0.76053,0.76075,1.00,2.25
2016.12.15 12:21:39.288,0.76048,0.76071,1.75,1.37
2016.12.15 12:21:39.906,0.76049,0.76075,1.75,3.37
2016.12.15 12:21:40.385,0.76049,0.7607,1.37,1.72
2016.12.15 12:21:40.486,0.76045,0.76067,1.75,1.50
2016.12.15 12:21:40.587,0.76045,0.76065,1.12,1.50
2016.12.15 12:21:40.979,0.76045,0.76065,1.50,1.50
2016.12.15 12:21:41.030,0.7605,0.7607,1.00,1.75
2016.12.15 12:21:41.181,0.76046,0.7607,1.75,1.75
2016.12.15 12:21:41.696,0.7605,0.7607,1.12,1.37
2016.12.15 12:21:42.030,0.76045,0.76065,3.75,1.00
2016.12.15 12:21:42.424,0.76044,0.76066,1.50,1.75
2016.12.15 12:21:43.014,0.76045,0.76065,1.37,1.37
2016.12.15 12:21:43.547,0.76045,0.76065,1.75,1.00
2016.12.15 12:21:43.946,0.7605,0.7607,1.00,2.25
2016.12.15 12:21:44.181,0.76055,0.76075,1.00,1.75
2016.12.15 12:21:44.986,0.7605,0.76075,2.25,1.75
2016.12.15 12:21:45.087,0.7605,0.76073,1.50,1.37
2016.12.15 12:21:45.289,0.7605,0.76073,1.75,1.75
2016.12.15 12:21:45.500,0.76049,0.76073,1.75,1.75
2016.12.15 12:21:46.118,0.76049,0.76075,1.37,2.62
2016.12.15 12:21:48.288,0.76049,0.76074,1.87,2.25
2016.12.15 12:21:48.629,0.76055,0.76075,1.00,2.25
2016.12.15 12:21:48.730,0.76055,0.76074,1.12,1.00
2016.12.15 12:21:48.931,0.76055,0.76075,1.00,1.50
2016.12.15 12:21:50.007,0.76054,0.76074,1.00,1.35
2016.12.15 12:21:50.530,0.7605,0.76074,2.25,1.35
2016.12.15 12:21:51.005,0.7605,0.76074,1.75,3.60
2016.12.15 12:21:51.531,0.76049,0.76071,1.50,1.00
2016.12.15 12:21:57.778,0.7605,0.76073,1.50,2.25
2016.12.15 12:21:57.879,0.7605,0.76072,1.50,1.75
2016.12.15 12:21:59.991,0.7605,0.76067,1.50,1.00
2016.12.15 12:22:00.142,0.76045,0.76064,1.00,1.00
2016.12.15 12:22:00.193,0.76045,0.7607,1.37,4.50
2016.12.15 12:22:00.514,0.7605,0.7607,1.12,2.25
2016.12.15 12:22:01.023,0.7605,0.7607,1.12,2.25
2016.12.15 12:22:13.941,0.76049,0.7607,1.12,2.25
2016.12.15 12:22:15.277,0.76049,0.7607,1.37,1.75
2016.12.15 12:22:15.853,0.7605,0.7607,1.12,1.75
2016.12.15 12:22:19.272,0.7605,0.76073,1.75,1.75
2016.12.15 12:22:19.579,0.7605,0.7607,1.50,1.00
2016.12.15 12:22:20.440,0.76051,0.76075,1.37,2.25
2016.12.15 12:22:20.835,0.76054,0.76075,1.37,1.50
2016.12.15 12:22:21.159,0.76054,0.76074,1.00,1.75
2016.12.15 12:22:21.675,0.76054,0.76076,1.12,1.75
2016.12.15 12:22:21.784,0.76054,0.76076,1.37,1.50
2016.12.15 12:22:21.835,0.7606,0.76077,1.00,2.25
2016.12.15 12:22:22.087,0.76059,0.7608,1.12,1.75
2016.12.15 12:22:22.634,0.7606,0.7608,1.00,2.25
2016.12.15 12:22:25.698,0.7606,0.76075,1.00,1.00
2016.12.15 12:22:25.799,0.76055,0.76075,1.37,1.37
2016.12.15 12:22:26.047,0.7605,0.76075,1.75,3.00
2016.12.15 12:22:26.098,0.76051,0.76071,1.00,1.00
2016.12.15 12:22:29.019,0.76055,0.76071,1.00,1.00
2016.12.15 12:22:31.248,0.7606,0.76071,1.00,1.00
2016.12.15 12:22:31.616,0.76055,0.76077,1.00,2.62
2016.12.15 12:22:31.668,0.76059,0.76079,1.00,2.62
2016.12.15 12:22:31.718,0.76059,0.76081,1.00,4.12
2016.12.15 12:22:31.819,0.76054,0.7608,2.25,1.75
2016.12.15 12:22:32.328,0.7606,0.7608,1.00,1.75
2016.12.15 12:22:32.612,0.76055,0.7608,1.75,1.75
2016.12.15 12:22:33.713,0.7606,0.76081,1.00,2.25
2016.12.15 12:22:34.132,0.76054,0.76081,3.00,3.00
2016.12.15 12:22:34.182,0.7606,0.7608,1.00,1.75
2016.12.15 12:22:34.333,0.76059,0.76078,1.12,1.50
2016.12.15 12:22:34.384,0.76059,0.76078,1.12,1.75
2016.12.15 12:22:34.599,0.76054,0.76078,1.75,1.75
2016.12.15 12:22:35.796,0.76055,0.76078,1.00,1.75
2016.12.15 12:22:36.303,0.76054,0.76076,1.12,1.75
2016.12.15 12:22:36.734,0.76054,0.76077,1.75,1.75
2016.12.15 12:22:37.315,0.7605,0.76074,1.12,1.75
2016.12.15 12:22:37.423,0.7605,0.76074,1.37,1.75
2016.12.15 12:22:37.474,0.7605,0.76074,1.75,2.25
2016.12.15 12:22:37.575,0.76055,0.76076,1.00,1.75
2016.12.15 12:22:38.150,0.76055,0.76076,1.12,1.75
2016.12.15 12:22:38.843,0.76055,0.76072,1.00,1.00
2016.12.15 12:22:39.551,0.7606,0.76072,1.00,1.00
2016.12.15 12:22:40.117,0.7606,0.76077,1.00,3.75
2016.12.15 12:22:40.582,0.76054,0.76075,1.12,3.00
2016.12.15 12:22:40.683,0.76046,0.7607,2.62,1.37
2016.12.15 12:22:40.733,0.76045,0.76067,1.75,1.50
2016.12.15 12:22:40.834,0.76045,0.76067,1.12,2.25
2016.12.15 12:22:42.131,0.76045,0.76065,1.00,1.75
2016.12.15 12:22:42.232,0.7604,0.76065,1.75,2.25
2016.12.15 12:22:42.523,0.7604,0.76062,1.00,2.25
2016.12.15 12:22:43.914,0.76045,0.76063,1.00,1.75
2016.12.15 12:22:44.426,0.76045,0.76064,1.00,1.75
2016.12.15 12:22:44.953,0.7604,0.76064,1.75,1.75
2016.12.15 12:22:45.721,0.76043,0.76065,2.25,1.75
2016.12.15 12:22:45.771,0.76045,0.76066,1.00,2.62
2016.12.15 12:22:45.822,0.76045,0.76067,1.50,3.00
2016.12.15 12:22:45.923,0.7605,0.76069,1.00,1.75
2016.12.15 12:22:46.125,0.7605,0.76071,1.00,1.75
2016.12.15 12:22:51.054,0.76045,0.7607,2.25,1.75
2016.12.15 12:22:53.314,0.7605,0.76071,1.12,1.75
2016.12.15 12:22:53.365,0.7605,0.7607,1.50,1.00
2016.12.15 12:22:54.650,0.7605,0.7607,1.00,1.75
2016.12.15 12:22:55.674,0.7605,0.76071,1.12,2.25
2016.12.15 12:22:55.875,0.7605,0.7607,1.00,3.75
2016.12.15 12:22:56.463,0.76045,0.7607,1.75,4.50
2016.12.15 12:22:58.358,0.76045,0.76067,1.50,2.25
2016.12.15 12:22:58.672,0.76045,0.76067,1.00,2.25
2016.12.15 12:22:58.975,0.7605,0.76066,1.00,3.75
2016.12.15 12:22:59.025,0.76044,0.76066,1.12,4.50
2016.12.15 12:22:59.126,0.7605,0.76065,1.00,1.75
2016.12.15 12:22:59.176,0.76045,0.76064,1.00,1.75
2016.12.15 12:22:59.794,0.76045,0.76061,1.00,1.00
2016.12.15 12:23:00.307,0.76045,0.76065,1.00,1.75
2016.12.15 12:23:00.358,0.76045,0.76065,1.50,1.50
2016.12.15 12:23:00.740,0.7605,0.7607,1.37,3.75
2016.12.15 12:23:00.791,0.7605,0.7607,1.75,1.50
2016.12.15 12:23:00.892,0.76055,0.76074,1.00,2.25
2016.12.15 12:23:01.155,0.7605,0.7607,1.75,1.00
2016.12.15 12:23:01.206,0.76055,0.76074,1.00,1.75
2016.12.15 12:23:01.776,0.76054,0.76074,1.00,1.75
2016.12.15 12:23:02.884,0.76055,0.76074,1.00,1.75
2016.12.15 12:23:06.164,0.76055,0.76075,1.12,2.25
2016.12.15 12:23:07.665,0.76055,0.76072,1.00,2.25
2016.12.15 12:23:07.974,0.76055,0.76068,1.00,1.00
2016.12.15 12:23:08.283,0.76055,0.76074,1.00,3.75
2016.12.15 12:23:08.485,0.76055,0.76075,1.00,1.75
2016.12.15 12:23:09.107,0.76054,0.76076,1.12,2.25
2016.12.15 12:23:10.206,0.76054,0.76071,1.12,1.00
2016.12.15 12:23:10.256,0.76054,0.76071,1.12,1.37
2016.12.15 12:23:10.413,0.7605,0.7607,1.00,1.75
2016.12.15 12:23:11.087,0.76049,0.76071,1.12,2.25
2016.12.15 12:23:11.797,0.7605,0.7607,1.00,1.75
2016.12.15 12:23:12.367,0.76055,0.76071,1.00,1.75
2016.12.15 12:23:12.674,0.7605,0.7607,1.00,1.75
2016.12.15 12:23:13.229,0.76055,0.76072,1.00,1.75
2016.12.15 12:23:13.380,0.76055,0.76075,1.00,3.37
2016.12.15 12:23:13.481,0.76055,0.76075,1.50,1.50
2016.12.15 12:23:14.469,0.76055,0.76075,1.37,1.75
2016.12.15 12:23:15.004,0.76055,0.76072,1.00,1.00
2016.12.15 12:23:17.441,0.76054,0.76072,1.00,1.00
2016.12.15 12:23:20.216,0.76055,0.76072,1.00,1.00
2016.12.15 12:23:20.843,0.76055,0.76075,1.12,1.75
2016.12.15 12:23:22.998,0.7606,0.76077,1.00,2.25
2016.12.15 12:23:23.221,0.76055,0.76075,1.12,1.75
2016.12.15 12:23:23.560,0.7605,0.7607,3.00,1.00
2016.12.15 12:23:23.711,0.7605,0.7607,1.37,1.37
2016.12.15 12:23:23.931,0.76055,0.76073,1.00,3.60
2016.12.15 12:23:24.491,0.76055,0.76073,1.00,2.85
2016.12.15 12:23:26.286,0.7605,0.7607,1.50,1.12
2016.12.15 12:23:26.437,0.76055,0.76074,1.00,2.25
2016.12.15 12:23:26.901,0.7605,0.7607,1.50,1.12
2016.12.15 12:23:27.644,0.76055,0.76074,1.00,2.25
2016.12.15 12:23:29.816,0.76055,0.76072,1.00,1.50
2016.12.15 12:23:31.235,0.76054,0.7607,1.00,1.75
2016.12.15 12:23:31.896,0.76055,0.76072,1.00,1.75
2016.12.15 12:23:32.120,0.7605,0.7607,1.00,1.75
2016.12.15 12:23:32.271,0.76055,0.76072,1.00,1.75
2016.12.15 12:23:32.420,0.76049,0.76071,1.00,1.75
2016.12.15 12:23:32.939,0.7605,0.7607,1.00,1.75
2016.12.15 12:23:33.141,0.7605,0.7607,1.12,1.75
2016.12.15 12:23:42.512,0.7605,0.7607,1.12,1.75
2016.12.15 12:23:42.925,0.76054,0.76072,1.00,4.12
2016.12.15 12:23:42.976,0.7605,0.76072,1.00,2.25
2016.12.15 12:23:43.178,0.76055,0.76072,1.00,1.75
2016.12.15 12:23:43.291,0.7605,0.76072,1.37,1.75
2016.12.15 12:23:43.580,0.7605,0.76074,1.75,1.75
2016.12.15 12:23:43.854,0.7605,0.76074,1.37,2.25
2016.12.15 12:23:45.279,0.7605,0.76072,1.00,2.25
2016.12.15 12:23:45.850,0.7605,0.76071,1.00,1.75
2016.12.15 12:23:46.660,0.7605,0.76072,1.00,3.00
2016.12.15 12:23:46.856,0.7605,0.76071,1.00,1.75
2016.12.15 12:23:48.474,0.7605,0.76071,1.00,1.75
2016.12.15 12:23:51.030,0.76049,0.76073,1.12,3.37
2016.12.15 12:23:51.447,0.76055,0.76072,1.00,1.75
2016.12.15 12:23:51.497,0.76055,0.76072,1.00,1.75
2016.12.15 12:23:51.652,0.7605,0.76072,1.75,1.75
2016.12.15 12:23:51.803,0.7605,0.76072,1.00,2.25
2016.12.15 12:23:52.681,0.76054,0.76072,1.00,2.25
2016.12.15 12:23:53.213,0.7605,0.7607,1.00,1.75
2016.12.15 12:23:53.958,0.76045,0.76062,1.75,1.00
2016.12.15 12:23:54.008,0.76045,0.76061,1.75,1.00
2016.12.15 12:23:54.154,0.76045,0.76061,1.00,1.75
2016.12.15 12:23:54.750,0.76045,0.76061,1.00,1.75
2016.12.15 12:23:55.339,0.76039,0.76061,1.12,2.25
2016.12.15 12:23:56.254,0.76045,0.76061,1.00,1.75
2016.12.15 12:23:56.948,0.7604,0.76062,1.00,1.75
2016.12.15 12:23:58.140,0.7604,0.76061,1.00,3.00
2016.12.15 12:23:58.550,0.7604,0.7606,1.00,1.75
2016.12.15 12:23:58.847,0.7604,0.7606,1.50,1.50
2016.12.15 12:23:58.898,0.76045,0.76064,1.00,2.62
2016.12.15 12:23:59.049,0.76045,0.76065,1.00,1.75
2016.12.15 12:23:59.762,0.7604,0.7606,1.75,1.00
2016.12.15 12:23:59.893,0.7604,0.7606,1.75,1.12
2016.12.15 12:24:01.280,0.76045,0.76059,1.00,1.00
2016.12.15 12:24:01.331,0.7604,0.76059,1.00,1.00
2016.12.15 12:24:01.862,0.7604,0.7606,1.12,1.50
2016.12.15 12:24:02.270,0.76045,0.76061,1.00,1.75
2016.12.15 12:24:02.939,0.7604,0.7606,1.12,1.50
2016.12.15 12:24:03.560,0.76045,0.76062,1.00,2.25
2016.12.15 12:24:03.762,0.76045,0.7606,1.00,1.00
2016.12.15 12:24:04.094,0.7604,0.7606,1.12,1.75
2016.12.15 12:24:04.899,0.76045,0.76061,1.00,1.75
2016.12.15 12:24:05.823,0.7604,0.7606,1.12,1.75
2016.12.15 12:24:06.309,0.76041,0.7606,1.00,1.00
2016.12.15 12:24:08.078,0.7604,0.76059,1.00,1.00
2016.12.15 12:24:08.436,0.7604,0.76057,1.00,1.00
2016.12.15 12:24:08.957,0.76039,0.76057,1.00,1.00
2016.12.15 12:24:09.477,0.7604,0.76057,1.00,1.00
2016.12.15 12:24:10.826,0.7604,0.76057,1.00,1.75
2016.12.15 12:24:11.314,0.7604,0.76058,1.00,1.75
2016.12.15 12:24:11.695,0.7604,0.7606,1.00,1.00
2016.12.15 12:24:13.024,0.7604,0.76061,1.00,2.25
2016.12.15 12:24:13.547,0.76034,0.7606,2.25,2.25
2016.12.15 12:24:14.058,0.76039,0.76062,1.75,1.75
2016.12.15 12:24:14.445,0.76038,0.76058,1.00,1.00
2016.12.15 12:24:15.040,0.7604,0.76058,1.00,1.00
2016.12.15 12:24:15.140,0.76038,0.76058,1.00,1.00
2016.12.15 12:24:15.290,0.7604,0.76058,1.00,1.00
2016.12.15 12:24:15.340,0.76038,0.76058,1.00,1.00
2016.12.15 12:24:15.542,0.76045,0.76058,1.00,1.00
2016.12.15 12:24:15.793,0.76039,0.76061,1.37,1.50
2016.12.15 12:24:15.950,0.76044,0.76064,1.00,2.25
2016.12.15 12:24:16.699,0.76045,0.76064,1.00,2.25
2016.12.15 12:24:17.233,0.76045,0.76063,1.00,1.75
2016.12.15 12:24:17.756,0.7604,0.7606,1.75,1.12
2016.12.15 12:24:18.058,0.7604,0.7606,1.12,1.75
2016.12.15 12:24:20.117,0.76036,0.76055,1.75,1.00
2016.12.15 12:24:20.167,0.76035,0.76055,1.75,1.00
2016.12.15 12:24:20.218,0.7604,0.7606,1.00,3.00
2016.12.15 12:24:20.722,0.76039,0.7606,1.00,2.25
2016.12.15 12:24:21.268,0.76035,0.76055,1.75,1.00
2016.12.15 12:24:21.470,0.76035,0.76059,1.50,2.62
2016.12.15 12:24:21.570,0.76035,0.76058,1.00,2.62
2016.12.15 12:24:22.320,0.7604,0.76055,1.00,1.75
2016.12.15 12:24:22.471,0.7604,0.76058,1.00,2.25
2016.12.15 12:24:22.672,0.7604,0.76058,1.00,2.62
2016.12.15 12:24:22.723,0.76035,0.76055,1.00,1.75
2016.12.15 12:24:24.047,0.76031,0.76055,1.75,1.75
2016.12.15 12:24:25.530,0.7604,0.76058,1.00,2.62
2016.12.15 12:24:25.581,0.7604,0.76059,1.00,1.75
2016.12.15 12:24:25.782,0.7604,0.7606,1.00,1.75
2016.12.15 12:24:26.327,0.76039,0.76061,1.12,3.00
2016.12.15 12:24:26.800,0.76039,0.76061,1.00,5.62
2016.12.15 12:24:29.340,0.76039,0.76057,1.00,1.75
2016.12.15 12:24:29.912,0.7604,0.76057,1.00,1.75
2016.12.15 12:24:32.499,0.76035,0.76055,1.12,1.50
2016.12.15 12:24:33.695,0.7604,0.76057,1.00,1.75
2016.12.15 12:24:34.143,0.76035,0.76059,1.87,3.37
2016.12.15 12:24:34.194,0.7604,0.76059,1.00,3.37
2016.12.15 12:24:34.244,0.7604,0.76059,1.00,1.75
2016.12.15 12:24:34.561,0.76039,0.76062,1.50,2.25
2016.12.15 12:24:35.664,0.76039,0.76063,2.25,2.25
2016.12.15 12:24:37.628,0.76045,0.76063,1.00,1.75
2016.12.15 12:24:37.678,0.76045,0.76063,1.00,1.37
2016.12.15 12:24:37.779,0.76045,0.76063,1.75,1.00
2016.12.15 12:24:37.980,0.76045,0.76064,1.00,1.00
2016.12.15 12:24:38.081,0.76045,0.76065,1.00,1.75
2016.12.15 12:24:38.431,0.76049,0.76065,1.00,1.75
2016.12.15 12:24:38.531,0.76045,0.76065,1.00,2.25
2016.12.15 12:24:38.996,0.7604,0.76065,1.50,3.37
2016.12.15 12:24:39.506,0.7604,0.76062,1.75,1.75
2016.12.15 12:24:41.082,0.7604,0.76063,1.00,1.75
2016.12.15 12:24:41.390,0.7604,0.76065,1.75,3.00
2016.12.15 12:24:41.712,0.76045,0.76065,1.00,1.75
2016.12.15 12:24:41.813,0.76045,0.76065,1.50,1.50
2016.12.15 12:24:42.141,0.76049,0.76066,1.00,1.75
2016.12.15 12:24:42.293,0.7605,0.7607,1.00,1.75
2016.12.15 12:24:42.494,0.7605,0.76065,1.00,1.30
2016.12.15 12:24:42.545,0.76044,0.76065,1.50,1.30
2016.12.15 12:24:42.696,0.76045,0.76065,1.00,1.75
2016.12.15 12:24:42.797,0.76045,0.76066,1.50,1.75
2016.12.15 12:24:43.027,0.7604,0.76064,1.75,2.10
2016.12.15 12:24:43.530,0.7604,0.76062,1.75,1.87
2016.12.15 12:24:43.832,0.7604,0.76057,1.00,1.00
2016.12.15 12:24:44.600,0.7604,0.76062,1.12,1.75
2016.12.15 12:24:46.684,0.76045,0.76064,1.00,3.37
2016.12.15 12:24:47.302,0.76045,0.76064,1.00,2.25
2016.12.15 12:24:47.403,0.76044,0.76064,1.00,2.25
2016.12.15 12:24:47.946,0.76049,0.76065,1.00,1.00
2016.12.15 12:24:47.997,0.76045,0.76065,1.50,1.00
2016.12.15 12:24:49.064,0.76045,0.7607,1.50,3.00
2016.12.15 12:24:49.317,0.76045,0.7607,1.50,4.87
2016.12.15 12:24:49.423,0.7605,0.7607,1.00,4.12
2016.12.15 12:24:49.474,0.76045,0.7607,1.50,4.87
2016.12.15 12:24:49.525,0.76055,0.7607,1.00,3.37
2016.12.15 12:24:49.726,0.76054,0.76071,1.00,1.00
2016.12.15 12:24:49.928,0.76051,0.76071,1.00,1.00
2016.12.15 12:24:50.087,0.76051,0.76071,1.00,1.00
2016.12.15 12:24:50.138,0.76055,0.76074,1.00,1.75
2016.12.15 12:24:50.518,0.76055,0.76073,1.00,1.00
2016.12.15 12:24:51.029,0.76054,0.76078,1.75,2.25
2016.12.15 12:24:51.130,0.76051,0.76075,1.75,1.75
2016.12.15 12:24:51.631,0.76055,0.76076,1.00,2.10
2016.12.15 12:24:52.016,0.7605,0.76073,1.12,1.75
2016.12.15 12:24:52.579,0.76055,0.76073,1.00,1.75
2016.12.15 12:24:53.680,0.76054,0.76073,1.00,1.75
2016.12.15 12:24:54.360,0.76055,0.76073,1.00,1.75
2016.12.15 12:24:55.214,0.7605,0.76073,1.12,1.75
2016.12.15 12:24:56.079,0.76051,0.76074,1.37,1.35
2016.12.15 12:24:56.130,0.76052,0.76073,1.00,1.00
2016.12.15 12:24:56.278,0.76055,0.76073,1.00,1.00
2016.12.15 12:24:56.580,0.76065,0.76078,1.00,1.75
2016.12.15 12:24:56.630,0.7606,0.76074,1.00,1.00
2016.12.15 12:24:56.731,0.76065,0.76081,1.00,2.62
2016.12.15 12:24:56.832,0.76065,0.76084,1.00,1.75
2016.12.15 12:24:56.961,0.76059,0.76081,1.75,1.12
2016.12.15 12:24:57.062,0.7606,0.7608,1.37,1.37
2016.12.15 12:24:57.367,0.7606,0.76077,1.00,1.00
2016.12.15 12:25:00.136,0.76057,0.76077,1.00,1.00
2016.12.15 12:25:00.431,0.7606,0.76077,1.00,1.00
2016.12.15 12:25:00.597,0.76057,0.76077,1.00,1.00
2016.12.15 12:25:02.605,0.76057,0.76076,1.00,1.00
2016.12.15 12:25:02.756,0.76054,0.76076,1.12,1.75
2016.12.15 12:25:03.158,0.76055,0.76079,1.50,2.25
2016.12.15 12:25:03.594,0.76059,0.7608,1.00,2.25
2016.12.15 12:25:03.809,0.76055,0.7608,1.50,3.00
2016.12.15 12:25:05.049,0.76055,0.76079,2.25,1.50
2016.12.15 12:25:05.657,0.7606,0.7608,1.00,1.75
2016.12.15 12:25:06.090,0.76055,0.7608,1.75,2.25
2016.12.15 12:25:07.113,0.7606,0.7608,1.00,1.75
2016.12.15 12:25:07.163,0.76055,0.7608,3.00,2.25
2016.12.15 12:25:07.547,0.76055,0.76079,1.50,3.60
2016.12.15 12:25:08.049,0.76055,0.76076,1.00,1.75
2016.12.15 12:25:09.747,0.7606,0.76079,1.00,2.62
2016.12.15 12:25:09.798,0.76059,0.7608,1.00,1.75
2016.12.15 12:25:09.899,0.7606,0.76078,1.50,1.00
2016.12.15 12:25:10.000,0.7606,0.76085,2.25,1.75
2016.12.15 12:25:10.101,0.7606,0.76085,2.25,1.75
2016.12.15 12:25:10.403,0.76065,0.76086,1.37,1.50
2016.12.15 12:25:11.289,0.76065,0.76087,1.00,1.75
2016.12.15 12:25:11.804,0.7606,0.76082,1.75,1.00
2016.12.15 12:25:12.105,0.7606,0.76075,1.00,1.00
2016.12.15 12:25:14.162,0.76055,0.76075,1.50,1.00
2016.12.15 12:25:14.339,0.7606,0.76075,1.00,1.00
2016.12.15 12:25:14.490,0.7606,0.76079,1.00,2.25
2016.12.15 12:25:15.313,0.76055,0.7608,1.75,2.25
2016.12.15 12:25:15.586,0.7606,0.76081,1.50,3.00
2016.12.15 12:25:15.788,0.7606,0.76081,1.75,1.12
2016.12.15 12:25:16.593,0.7606,0.76082,1.75,1.75
2016.12.15 12:25:16.848,0.7606,0.76082,1.37,2.25
2016.12.15 12:25:16.898,0.7606,0.76083,1.00,4.12
2016.12.15 12:25:19.233,0.7606,0.76079,1.00,1.75
2016.12.15 12:25:19.806,0.76059,0.76079,1.00,1.75
2016.12.15 12:25:20.316,0.7606,0.76079,1.00,1.75
2016.12.15 12:25:22.099,0.76065,0.76079,1.00,1.75
2016.12.15 12:25:22.149,0.7606,0.76079,1.00,1.75
2016.12.15 12:25:22.250,0.76064,0.76081,1.00,1.75
2016.12.15 12:25:22.351,0.7606,0.7608,1.00,1.75
2016.12.15 12:25:22.726,0.76059,0.7608,1.12,1.75
2016.12.15 12:25:23.057,0.76065,0.76085,1.00,3.37
2016.12.15 12:25:23.359,0.7606,0.76079,1.37,1.50
2016.12.15 12:25:23.910,0.7606,0.76079,1.00,1.75
2016.12.15 12:25:23.961,0.76055,0.76075,1.75,1.12
2016.12.15 12:25:24.120,0.7606,0.76077,1.00,1.35
2016.12.15 12:25:24.171,0.76054,0.76076,1.50,1.75
2016.12.15 12:25:24.423,0.76055,0.76074,1.00,1.75
2016.12.15 12:25:25.615,0.76054,0.76074,1.00,1.75
2016.12.15 12:25:25.817,0.7605,0.76074,1.75,1.75
2016.12.15 12:25:26.664,0.7605,0.76073,1.37,1.75
2016.12.15 12:25:26.715,0.7605,0.76073,1.12,1.75
2016.12.15 12:25:26.917,0.7605,0.7607,1.00,1.75
2016.12.15 12:25:27.236,0.7605,0.7607,1.00,2.25
2016.12.15 12:25:27.337,0.76055,0.7607,1.00,1.50
2016.12.15 12:25:27.538,0.76054,0.76073,1.00,2.25
2016.12.15 12:25:27.589,0.7606,0.76073,1.00,2.25
2016.12.15 12:25:27.729,0.76054,0.76073,1.00,2.25
2016.12.15 12:25:29.723,0.7605,0.76073,3.00,1.75
2016.12.15 12:25:30.529,0.76055,0.76073,1.00,1.75
2016.12.15 12:25:30.972,0.7605,0.76073,2.25,1.75
2016.12.15 12:25:31.296,0.76055,0.76073,1.00,1.75
2016.12.15 12:25:32.243,0.76059,0.76076,1.00,2.25
2016.12.15 12:25:32.294,0.76055,0.76075,1.00,1.75
2016.12.15 12:25:34.030,0.76055,0.76075,1.12,1.75
2016.12.15 12:25:34.992,0.76055,0.76076,1.50,1.50
2016.12.15 12:25:35.043,0.7606,0.7608,1.00,3.00
2016.12.15 12:25:35.194,0.7606,0.7608,1.50,1.50
2016.12.15 12:25:35.446,0.76064,0.7608,1.00,1.50
2016.12.15 12:25:35.785,0.76064,0.76081,1.00,1.75
2016.12.15 12:25:35.886,0.7606,0.7608,1.00,1.75
2016.12.15 12:25:36.896,0.76059,0.76081,1.12,2.25
2016.12.15 12:25:37.513,0.7606,0.7608,1.00,1.75
2016.12.15 12:25:38.263,0.7606,0.76079,1.00,2.25
2016.12.15 12:25:38.466,0.7606,0.7608,1.12,2.25
2016.12.15 12:25:38.567,0.76065,0.7608,1.00,1.50
2016.12.15 12:25:38.886,0.7606,0.7608,1.12,1.50
2016.12.15 12:25:39.245,0.76065,0.7608,1.00,1.50
2016.12.15 12:25:39.561,0.7606,0.7608,1.12,2.25
2016.12.15 12:25:40.362,0.76065,0.7608,1.00,1.50
2016.12.15 12:25:40.563,0.76064,0.76086,1.00,1.75
2016.12.15 12:25:40.664,0.76064,0.76086,1.50,1.50
2016.12.15 12:25:40.815,0.7607,0.76086,1.00,1.75
2016.12.15 12:25:42.805,0.7607,0.76087,1.00,1.50
2016.12.15 12:25:42.856,0.76075,0.76087,1.00,1.50
2016.12.15 12:25:43.839,0.76069,0.76087,1.00,1.00
2016.12.15 12:25:44.369,0.7607,0.76087,1.00,1.00
2016.12.15 12:25:44.896,0.76067,0.76085,1.00,1.00
2016.12.15 12:25:45.405,0.7606,0.76083,2.25,1.50
2016.12.15 12:25:45.568,0.7606,0.76083,2.25,1.75
2016.12.15 12:25:45.618,0.7606,0.76083,1.37,1.75
2016.12.15 12:25:45.924,0.7606,0.76083,1.75,1.50
2016.12.15 12:25:46.800,0.7606,0.76083,1.37,2.25
2016.12.15 12:25:55.420,0.7606,0.76082,1.00,1.75
2016.12.15 12:25:57.604,0.7606,0.76082,1.37,1.75
2016.12.15 12:25:58.015,0.76065,0.76082,1.00,1.75
2016.12.15 12:25:58.394,0.76069,0.76086,1.00,3.37
2016.12.15 12:25:58.546,0.76069,0.76087,1.00,1.75
2016.12.15 12:25:58.849,0.76065,0.76086,1.50,1.75
2016.12.15 12:26:03.118,0.76061,0.76083,1.75,1.37
2016.12.15 12:26:03.169,0.7606,0.76082,1.75,1.12
2016.12.15 12:26:03.320,0.7606,0.76082,1.50,1.37
2016.12.15 12:26:03.874,0.7606,0.76082,1.12,2.25
2016.12.15 12:26:05.160,0.76057,0.76077,1.00,1.00
2016.12.15 12:26:05.210,0.76055,0.76078,1.75,1.75
2016.12.15 12:26:05.546,0.76059,0.76078,1.00,2.25
2016.12.15 12:26:05.913,0.76054,0.76078,1.50,2.25
2016.12.15 12:26:06.165,0.7606,0.7608,1.00,3.37
2016.12.15 12:26:06.316,0.7606,0.76081,1.37,1.75
2016.12.15 12:26:06.367,0.7606,0.76085,2.25,4.87
2016.12.15 12:26:06.417,0.7606,0.76085,2.25,3.75
2016.12.15 12:26:06.468,0.7606,0.76083,1.75,1.50
2016.12.15 12:26:06.518,0.7606,0.76083,1.50,1.50
2016.12.15 12:26:06.676,0.7606,0.7608,1.50,1.00
2016.12.15 12:26:08.361,0.7606,0.76082,1.00,1.75
2016.12.15 12:26:09.315,0.76056,0.76075,1.75,1.00
2016.12.15 12:26:09.567,0.76055,0.76075,1.50,1.00
2016.12.15 12:26:11.838,0.7606,0.76075,1.00,1.00
2016.12.15 12:26:12.353,0.76059,0.76075,1.00,1.00
2016.12.15 12:26:13.509,0.7606,0.76075,1.00,1.00
2016.12.15 12:26:17.662,0.76055,0.76075,1.00,1.00
2016.12.15 12:26:19.449,0.76054,0.76077,1.75,1.75
2016.12.15 12:26:19.750,0.7606,0.76079,1.12,1.75
2016.12.15 12:26:20.002,0.7606,0.76079,1.00,1.00
2016.12.15 12:26:20.356,0.76065,0.76079,1.00,1.00
2016.12.15 12:26:20.557,0.7606,0.7608,1.37,1.37
2016.12.15 12:26:21.151,0.7606,0.7608,1.12,2.25
2016.12.15 12:26:22.394,0.76055,0.76075,3.75,1.00
2016.12.15 12:26:22.444,0.76059,0.7608,1.50,1.75
2016.12.15 12:26:22.646,0.76055,0.76079,1.75,1.50
2016.12.15 12:26:22.696,0.76054,0.7608,2.25,2.25
2016.12.15 12:26:22.993,0.76055,0.76079,1.50,3.00
2016.12.15 12:26:23.299,0.7606,0.76077,1.00,1.75
2016.12.15 12:26:23.400,0.7606,0.76079,1.00,1.75
2016.12.15 12:26:23.984,0.76059,0.76079,1.12,1.75
2016.12.15 12:26:24.185,0.76055,0.76079,2.25,1.75
2016.12.15 12:26:24.519,0.76055,0.76079,2.25,1.75
2016.12.15 12:26:25.470,0.76053,0.76078,1.75,1.50
2016.12.15 12:26:26.019,0.76055,0.7608,1.75,2.25
2016.12.15 12:26:27.246,0.7606,0.7608,1.00,3.00
2016.12.15 12:26:27.490,0.76055,0.7608,1.75,3.75
2016.12.15 12:26:28.157,0.76055,0.76077,1.50,1.75
2016.12.15 12:26:28.735,0.76055,0.76075,1.12,1.50
2016.12.15 12:26:29.366,0.76055,0.76078,1.12,3.00
2016.12.15 12:26:29.882,0.76055,0.76079,1.37,1.75
2016.12.15 12:26:30.222,0.76055,0.76078,1.50,1.75
2016.12.15 12:26:31.186,0.76055,0.76076,1.50,1.00
2016.12.15 12:26:33.864,0.76061,0.76082,1.00,3.37
2016.12.15 12:26:34.030,0.76065,0.76085,1.12,2.25
2016.12.15 12:26:34.081,0.76065,0.76085,1.37,2.25
2016.12.15 12:26:34.232,0.76065,0.76085,1.12,1.75
2016.12.15 12:26:38.813,0.7606,0.76084,1.75,2.25
2016.12.15 12:26:39.237,0.7607,0.76084,1.00,1.75
2016.12.15 12:26:39.430,0.7607,0.76088,1.00,1.75
2016.12.15 12:26:39.481,0.76064,0.76086,1.75,2.25
2016.12.15 12:26:39.834,0.7606,0.7608,2.25,1.00
2016.12.15 12:26:40.035,0.7606,0.7608,2.25,1.12
2016.12.15 12:26:40.310,0.7606,0.7608,1.87,1.50
2016.12.15 12:26:41.186,0.7606,0.7608,1.00,2.25
2016.12.15 12:26:41.539,0.76065,0.7608,1.00,1.75
2016.12.15 12:26:42.483,0.76065,0.76078,1.00,1.00
2016.12.15 12:26:43.518,0.76059,0.7608,1.50,1.75
2016.12.15 12:26:43.619,0.76059,0.76081,1.00,2.25
2016.12.15 12:26:44.561,0.7606,0.76081,1.00,1.75
2016.12.15 12:26:45.398,0.76055,0.7608,1.75,1.75
2016.12.15 12:26:45.854,0.7606,0.7608,1.00,2.25
2016.12.15 12:26:45.905,0.7606,0.76078,1.12,1.00
2016.12.15 12:26:46.452,0.76054,0.76076,4.12,1.00
2016.12.15 12:26:46.754,0.76055,0.76074,1.00,1.75
2016.12.15 12:26:47.361,0.76059,0.76074,1.00,1.75
2016.12.15 12:26:47.517,0.76055,0.76074,1.00,1.75
2016.12.15 12:26:47.933,0.76055,0.76072,1.00,1.75
2016.12.15 12:26:48.251,0.7605,0.7607,1.00,1.75
2016.12.15 12:26:49.658,0.76055,0.76069,1.00,1.50
2016.12.15 12:26:49.758,0.7605,0.7607,1.00,1.75
2016.12.15 12:26:49.929,0.7606,0.76074,1.00,2.62
2016.12.15 12:26:49.980,0.7606,0.76079,1.00,2.62
2016.12.15 12:26:50.082,0.7606,0.76081,1.12,1.75
2016.12.15 12:26:50.233,0.76059,0.76082,1.50,2.25
2016.12.15 12:26:50.754,0.76059,0.76082,1.75,3.00
2016.12.15 12:26:51.197,0.76064,0.76082,1.00,2.25
2016.12.15 12:26:51.256,0.7606,0.76079,1.00,2.25
2016.12.15 12:26:51.306,0.7606,0.76079,1.00,1.75
2016.12.15 12:26:51.508,0.76059,0.76081,1.00,1.75
2016.12.15 12:26:52.051,0.76059,0.76078,1.00,1.00
2016.12.15 12:26:53.694,0.7606,0.76078,1.00,1.00
2016.12.15 12:26:53.845,0.76058,0.76078,1.00,1.00
2016.12.15 12:26:54.212,0.76055,0.7608,1.75,2.25
2016.12.15 12:26:54.754,0.76055,0.76079,1.75,1.75
2016.12.15 12:26:55.859,0.7606,0.7608,1.00,1.75
2016.12.15 12:26:58.558,0.76055,0.76079,1.75,1.75
2016.12.15 12:26:58.906,0.76055,0.76074,1.50,1.00
2016.12.15 12:26:59.926,0.76054,0.76076,1.50,3.00
2016.12.15 12:27:00.178,0.7605,0.76074,1.12,2.62
2016.12.15 12:27:00.342,0.76054,0.76074,1.00,2.62
2016.12.15 12:27:00.661,0.7605,0.7607,1.12,1.75
2016.12.15 12:27:00.810,0.76055,0.76073,1.00,1.75
2016.12.15 12:27:02.668,0.76055,0.76071,1.00,1.75
2016.12.15 12:27:03.188,0.7605,0.7607,1.00,1.75
2016.12.15 12:27:03.531,0.76049,0.76067,1.00,2.25
2016.12.15 12:27:03.632,0.76045,0.76067,1.12,1.75
2016.12.15 12:27:03.733,0.7605,0.76063,1.00,1.00
2016.12.15 12:27:03.984,0.7605,0.7607,1.12,2.25
2016.12.15 12:27:04.035,0.76055,0.7607,1.00,1.75
2016.12.15 12:27:05.737,0.7605,0.7607,1.12,1.75
2016.12.15 12:27:05.838,0.7605,0.76068,1.37,1.00
2016.12.15 12:27:06.140,0.76055,0.76073,1.00,1.75
2016.12.15 12:27:06.242,0.7605,0.76073,1.50,3.37
2016.12.15 12:27:06.343,0.7605,0.76069,1.00,2.10
2016.12.15 12:27:06.645,0.76045,0.76069,1.37,3.37
2016.12.15 12:27:07.027,0.7605,0.76069,1.00,3.37
2016.12.15 12:27:07.529,0.7605,0.76069,1.00,2.25
2016.12.15 12:27:07.580,0.7605,0.76069,1.00,2.25
2016.12.15 12:27:08.121,0.76045,0.7607,2.25,2.25
2016.12.15 12:27:08.814,0.7605,0.7607,1.00,1.75
2016.12.15 12:27:09.193,0.76045,0.76066,1.75,1.75
2016.12.15 12:27:09.244,0.7605,0.76069,1.00,2.25
2016.12.15 12:27:09.781,0.76049,0.76069,1.00,2.25
2016.12.15 12:27:10.329,0.76049,0.76069,1.12,2.25
2016.12.15 12:27:11.075,0.7605,0.7607,1.00,2.25
2016.12.15 12:27:11.591,0.76049,0.76069,1.12,2.25
2016.12.15 12:27:11.785,0.76045,0.76064,1.50,1.37
2016.12.15 12:27:11.837,0.76045,0.76064,1.12,1.75
2016.12.15 12:27:12.152,0.7605,0.76066,1.00,1.75
2016.12.15 12:27:12.202,0.76045,0.76066,1.12,1.75
2016.12.15 12:27:12.403,0.76045,0.76064,1.00,1.75
2016.12.15 12:27:12.765,0.76044,0.76063,1.00,1.75
2016.12.15 12:27:13.354,0.76044,0.76063,1.00,1.75
2016.12.15 12:27:14.090,0.76045,0.76063,1.00,1.75
2016.12.15 12:27:14.306,0.76045,0.76062,1.00,1.00
2016.12.15 12:27:15.899,0.76045,0.76067,1.50,2.25
2016.12.15 12:27:16.435,0.7605,0.76067,1.00,1.75
2016.12.15 12:27:17.032,0.7605,0.76065,1.00,1.75
2016.12.15 12:27:17.195,0.76045,0.76063,1.37,1.00
2016.12.15 12:27:17.447,0.76045,0.76067,1.12,1.75
2016.12.15 12:27:18.012,0.7605,0.76067,1.00,1.75
2016.12.15 12:27:18.909,0.76045,0.76065,1.12,1.75
2016.12.15 12:27:20.516,0.76045,0.76066,1.00,2.62
2016.12.15 12:27:20.617,0.76045,0.76067,1.50,1.75
2016.12.15 12:27:20.667,0.7605,0.76067,1.00,1.75
2016.12.15 12:27:21.220,0.76044,0.76067,2.25,1.75
2016.12.15 12:27:21.519,0.7605,0.76068,1.00,1.75
2016.12.15 12:27:22.112,0.7605,0.76067,1.00,1.75
2016.12.15 12:27:22.523,0.76044,0.76063,1.50,1.50
2016.12.15 12:27:22.624,0.76044,0.76063,1.37,1.75
2016.12.15 12:27:23.185,0.76044,0.76063,1.00,1.75
2016.12.15 12:27:23.686,0.76045,0.76064,1.00,1.75
2016.12.15 12:27:23.988,0.76045,0.76063,1.00,1.75
2016.12.15 12:27:24.090,0.76045,0.76063,1.00,1.75
2016.12.15 12:27:25.587,0.76045,0.76066,1.12,1.75
2016.12.15 12:27:26.716,0.7605,0.76065,1.00,1.75
2016.12.15 12:27:27.119,0.76045,0.76065,1.75,1.50
2016.12.15 12:27:27.272,0.76044,0.76065,1.37,1.75
2016.12.15 12:27:28.047,0.76045,0.76065,1.12,1.75
2016.12.15 12:27:28.385,0.76041,0.76065,1.50,2.25
2016.12.15 12:27:28.819,0.7604,0.76058,1.12,1.50
2016.12.15 12:27:29.121,0.7604,0.76058,1.00,1.75
2016.12.15 12:27:29.222,0.7604,0.76058,1.00,1.75
2016.12.15 12:27:29.424,0.7604,0.76059,1.50,1.00
2016.12.15 12:27:29.474,0.7604,0.7606,1.50,1.37
2016.12.15 12:27:29.953,0.76044,0.76064,1.00,3.37
2016.12.15 12:27:30.104,0.76044,0.76064,1.00,1.75
2016.12.15 12:27:30.662,0.76045,0.76065,1.00,3.00
2016.12.15 12:27:31.389,0.76045,0.76058,1.00,1.00
2016.12.15 12:27:31.605,0.7604,0.7606,1.12,1.75
2016.12.15 12:27:31.907,0.7604,0.76057,1.00,1.75
2016.12.15 12:27:32.525,0.7604,0.76059,1.00,1.75
2016.12.15 12:27:32.809,0.7604,0.76057,1.00,1.75
2016.12.15 12:27:32.859,0.76035,0.76059,1.75,2.25
2016.12.15 12:27:32.960,0.7604,0.76059,1.00,2.25
2016.12.15 12:27:33.363,0.76034,0.76056,1.75,1.75
2016.12.15 12:27:33.651,0.76039,0.76057,1.00,1.75
2016.12.15 12:27:34.012,0.76034,0.76057,1.75,1.75
2016.12.15 12:27:34.163,0.7604,0.76057,1.00,1.75
2016.12.15 12:27:34.342,0.76034,0.76057,1.75,1.75
2016.12.15 12:27:34.455,0.76039,0.76057,1.00,1.75
2016.12.15 12:27:35.039,0.7604,0.76057,1.00,1.75
2016.12.15 12:27:35.240,0.76034,0.76054,1.00,1.75
2016.12.15 12:27:35.543,0.7604,0.76056,1.00,4.12
2016.12.15 12:27:35.644,0.76035,0.76056,1.00,4.12
2016.12.15 12:27:35.745,0.76035,0.76057,1.50,1.75
2016.12.15 12:27:35.846,0.7604,0.76057,1.00,1.75
2016.12.15 12:27:36.171,0.76035,0.76055,1.50,1.75
2016.12.15 12:27:36.221,0.7604,0.76057,1.00,1.75
2016.12.15 12:27:36.435,0.76035,0.76058,1.50,1.75
2016.12.15 12:27:37.028,0.7604,0.76057,1.00,1.75
2016.12.15 12:27:37.835,0.7604,0.76057,1.00,1.75
2016.12.15 12:27:38.272,0.7604,0.76062,1.12,3.37
2016.12.15 12:27:38.373,0.7604,0.76059,1.50,1.00
2016.12.15 12:27:38.807,0.7604,0.76057,1.12,1.12
2016.12.15 12:27:39.120,0.7604,0.76057,1.00,1.50
2016.12.15 12:27:39.680,0.7604,0.76058,1.00,1.75
2016.12.15 12:27:40.196,0.76039,0.76057,1.00,1.75
2016.12.15 12:27:40.727,0.7604,0.76057,1.00,1.75
2016.12.15 12:27:42.403,0.76034,0.76058,1.75,1.75
2016.12.15 12:27:42.618,0.7604,0.76057,1.00,2.25
2016.12.15 12:27:43.667,0.7604,0.76059,1.12,2.25
2016.12.15 12:27:43.768,0.7604,0.76059,1.00,1.75
2016.12.15 12:27:44.073,0.76045,0.76059,1.00,1.75
2016.12.15 12:27:44.123,0.7604,0.76059,1.00,1.75
2016.12.15 12:27:44.636,0.76044,0.7606,1.00,1.75
2016.12.15 12:27:45.007,0.76039,0.7606,1.00,1.75
2016.12.15 12:27:46.217,0.76045,0.7606,1.00,1.75
2016.12.15 12:27:46.519,0.7604,0.7606,1.00,2.25
2016.12.15 12:27:46.725,0.76045,0.7606,1.00,1.75
2016.12.15 12:27:47.202,0.7604,0.7606,1.00,2.25
2016.12.15 12:27:47.303,0.76045,0.7606,1.00,1.75
2016.12.15 12:27:47.353,0.7604,0.7606,1.00,1.75
2016.12.15 12:27:47.464,0.76044,0.7606,1.00,1.75
2016.12.15 12:27:47.989,0.76044,0.76061,1.00,1.75
2016.12.15 12:27:48.161,0.7604,0.7606,1.12,1.75
2016.12.15 12:27:48.362,0.7604,0.7606,1.00,1.75
2016.12.15 12:27:48.813,0.7604,0.7606,1.00,2.25
2016.12.15 12:27:49.254,0.76045,0.7606,1.00,4.50
2016.12.15 12:27:49.464,0.7604,0.76061,1.00,3.75
2016.12.15 12:27:49.961,0.76045,0.7606,1.00,3.75
2016.12.15 12:27:50.622,0.76044,0.7606,1.00,1.75
2016.12.15 12:27:50.874,0.7604,0.7606,1.00,2.25
2016.12.15 12:27:51.091,0.7604,0.7606,1.37,1.50
2016.12.15 12:27:51.336,0.76044,0.76064,1.00,4.12
2016.12.15 12:27:51.537,0.76045,0.76064,1.12,1.75
2016.12.15 12:27:52.411,0.76045,0.76065,1.00,1.75
2016.12.15 12:27:54.981,0.7605,0.76066,1.00,2.62
2016.12.15 12:27:55.032,0.76045,0.76069,1.50,3.37
2016.12.15 12:27:55.561,0.7605,0.76068,1.00,1.75
2016.12.15 12:27:55.763,0.76044,0.76066,1.75,1.75
2016.12.15 12:27:55.914,0.76044,0.76066,1.12,2.25
2016.12.15 12:27:56.624,0.7604,0.76059,1.50,1.00
2016.12.15 12:27:56.726,0.7604,0.76061,1.00,2.25
2016.12.15 12:27:57.861,0.76045,0.76062,1.00,4.87
2016.12.15 12:27:57.962,0.7604,0.76062,1.50,2.25
2016.12.15 12:27:58.013,0.7604,0.76062,1.75,2.25
2016.12.15 12:27:58.428,0.76045,0.76062,1.00,1.75
2016.12.15 12:27:59.436,0.7604,0.76062,1.75,1.75
2016.12.15 12:28:00.207,0.7604,0.76062,1.37,1.75
2016.12.15 12:28:00.258,0.7604,0.76062,1.12,1.75
2016.12.15 12:28:00.415,0.76044,0.76062,1.00,1.75
2016.12.15 12:28:00.566,0.76044,0.76063,1.00,2.25
2016.12.15 12:28:00.751,0.76044,0.76063,1.50,1.75
2016.12.15 12:28:01.059,0.76045,0.76064,1.00,1.00
2016.12.15 12:28:01.160,0.7605,0.76064,1.00,1.00
2016.12.15 12:28:01.211,0.76045,0.76064,1.00,1.00
2016.12.15 12:28:01.261,0.7605,0.76064,1.00,1.00
2016.12.15 12:28:01.362,0.76045,0.76064,1.50,1.00
2016.12.15 12:28:01.463,0.76049,0.76064,1.00,1.00
2016.12.15 12:28:01.975,0.76049,0.76071,1.12,2.25
2016.12.15 12:28:03.146,0.76049,0.7607,1.50,2.25
2016.12.15 12:28:03.449,0.76055,0.76073,1.00,4.12
2016.12.15 12:28:03.550,0.76049,0.76072,1.50,1.75
2016.12.15 12:28:03.705,0.76049,0.76072,1.37,3.37
2016.12.15 12:28:04.215,0.7605,0.76069,1.00,2.25
2016.12.15 12:28:05.052,0.76045,0.76069,1.75,4.50
2016.12.15 12:28:05.153,0.76045,0.76064,1.00,1.75
2016.12.15 12:28:05.795,0.76045,0.7606,1.00,1.00
2016.12.15 12:28:05.845,0.7604,0.76062,1.75,1.75
2016.12.15 12:28:06.316,0.76045,0.76061,1.00,1.75
2016.12.15 12:28:06.755,0.7604,0.7606,1.75,1.75
2016.12.15 12:28:07.268,0.76045,0.76063,1.00,1.75
2016.12.15 12:28:07.369,0.76045,0.76063,1.12,1.50
2016.12.15 12:28:08.855,0.76044,0.76066,1.00,3.37
2016.12.15 12:28:09.423,0.76045,0.76062,1.00,1.75
2016.12.15 12:28:09.719,0.7604,0.76062,1.75,1.75
2016.12.15 12:28:09.870,0.76039,0.76057,1.75,1.00
2016.12.15 12:28:10.419,0.76039,0.76059,1.75,1.50
2016.12.15 12:28:12.957,0.76045,0.76062,1.00,3.75
2016.12.15 12:28:13.641,0.7605,0.76062,1.00,1.75
2016.12.15 12:28:13.741,0.76045,0.76064,1.00,2.62
2016.12.15 12:28:13.842,0.76045,0.76066,1.37,3.00
2016.12.15 12:28:14.675,0.76045,0.76065,1.37,1.00
2016.12.15 12:28:14.977,0.7605,0.76063,1.00,1.75
2016.12.15 12:28:15.233,0.7605,0.76063,1.00,1.00
2016.12.15 12:28:17.748,0.76044,0.76063,1.75,1.12
2016.12.15 12:28:17.900,0.76044,0.76062,1.75,1.37
2016.12.15 12:28:18.529,0.76044,0.76062,1.50,1.50
2016.12.15 12:28:19.201,0.76045,0.76063,1.00,2.25
2016.12.15 12:28:19.535,0.7605,0.76063,1.00,2.25
2016.12.15 12:28:19.898,0.76054,0.7607,1.00,1.75
2016.12.15 12:28:19.949,0.76054,0.76071,1.00,1.75
2016.12.15 12:28:20.000,0.76054,0.76072,1.00,1.75
2016.12.15 12:28:20.303,0.7606,0.76075,1.00,1.75
2016.12.15 12:28:20.353,0.7606,0.76075,1.00,1.75
2016.12.15 12:28:20.890,0.76059,0.76071,1.00,1.00
2016.12.15 12:28:21.413,0.76054,0.76071,1.35,1.00
2016.12.15 12:28:21.931,0.7606,0.76071,1.00,1.00
2016.12.15 12:28:21.981,0.76055,0.76071,1.00,1.00
2016.12.15 12:28:22.133,0.76054,0.7607,1.00,1.37
2016.12.15 12:28:22.444,0.76055,0.7607,1.00,1.75
2016.12.15 12:28:23.000,0.76055,0.7607,1.00,1.75
2016.12.15 12:28:23.536,0.76055,0.7607,1.00,1.75
2016.12.15 12:28:24.061,0.76054,0.76072,1.00,1.75
2016.12.15 12:28:24.560,0.76055,0.76075,1.00,4.50
2016.12.15 12:28:24.611,0.76055,0.76072,1.00,1.75
2016.12.15 12:28:24.762,0.76055,0.76073,1.00,2.25
2016.12.15 12:28:25.705,0.76055,0.76072,1.00,1.50
2016.12.15 12:28:26.398,0.76059,0.76073,1.00,2.25
2016.12.15 12:28:26.448,0.76054,0.76073,1.00,2.25
2016.12.15 12:28:26.961,0.76055,0.76074,1.00,3.37
2016.12.15 12:28:27.551,0.76055,0.76074,1.00,1.75
2016.12.15 12:28:28.098,0.76055,0.76073,1.00,1.75
2016.12.15 12:28:28.418,0.7606,0.76073,1.00,1.75
2016.12.15 12:28:28.663,0.76055,0.76073,1.00,2.25
2016.12.15 12:28:30.716,0.7606,0.76072,1.00,1.75
2016.12.15 12:28:32.098,0.76055,0.76072,1.00,1.75
2016.12.15 12:28:32.938,0.76059,0.76071,1.00,1.50
2016.12.15 12:28:33.039,0.76055,0.76071,1.00,1.50
2016.12.15 12:28:33.248,0.7606,0.76071,1.00,1.75
2016.12.15 12:28:33.350,0.76055,0.76072,1.00,1.75
2016.12.15 12:28:33.924,0.76055,0.76071,1.00,1.12
2016.12.15 12:28:34.433,0.76054,0.76071,1.12,1.12
2016.12.15 12:28:35.126,0.76055,0.76072,1.00,1.50
2016.12.15 12:28:35.327,0.7606,0.76073,1.00,1.00
2016.12.15 12:28:35.849,0.7606,0.76074,1.00,1.12
2016.12.15 12:28:36.154,0.76065,0.76074,1.00,1.12
2016.12.15 12:28:37.010,0.7606,0.76074,1.00,1.12
2016.12.15 12:28:37.212,0.76065,0.76074,1.00,1.12
2016.12.15 12:28:37.387,0.7606,0.76074,1.00,1.12
2016.12.15 12:28:37.931,0.76059,0.76075,1.00,1.50
2016.12.15 12:28:38.545,0.7606,0.76074,1.00,1.12
2016.12.15 12:28:42.674,0.76059,0.76074,1.00,1.12
2016.12.15 12:28:43.290,0.76055,0.76074,1.75,1.12
2016.12.15 12:28:44.216,0.7606,0.76074,1.00,1.12
2016.12.15 12:28:44.322,0.76055,0.76073,1.75,1.00
2016.12.15 12:28:44.523,0.76055,0.76071,1.75,1.00
2016.12.15 12:28:44.625,0.7605,0.76071,3.75,1.12
2016.12.15 12:28:44.812,0.7605,0.76068,3.00,1.00
2016.12.15 12:28:44.862,0.7605,0.76071,3.00,1.12
2016.12.15 12:28:45.013,0.76055,0.76071,1.00,1.75
2016.12.15 12:28:45.452,0.76055,0.76071,1.50,1.00
2016.12.15 12:28:45.777,0.76055,0.76073,1.50,1.12
2016.12.15 12:28:46.316,0.76055,0.76072,1.00,1.50
2016.12.15 12:28:46.467,0.76055,0.76073,1.50,1.12
2016.12.15 12:28:46.633,0.76054,0.76073,1.00,1.75
2016.12.15 12:28:46.734,0.76054,0.76073,1.50,1.75
2016.12.15 12:28:47.289,0.76054,0.76073,1.00,1.75
2016.12.15 12:28:48.032,0.76054,0.76072,1.50,1.12
2016.12.15 12:28:49.804,0.76055,0.76073,1.37,1.50
2016.12.15 12:28:51.129,0.76055,0.76075,1.50,1.75
2016.12.15 12:28:51.710,0.76055,0.76072,1.12,1.12
2016.12.15 12:28:53.653,0.7606,0.76073,1.00,1.50
2016.12.15 12:28:54.371,0.76055,0.76074,1.12,1.75
2016.12.15 12:28:55.593,0.76055,0.76071,1.12,1.00
2016.12.15 12:28:56.129,0.76055,0.76073,1.12,1.50
2016.12.15 12:28:56.655,0.7606,0.76073,1.00,1.50
2016.12.15 12:28:57.812,0.76055,0.76073,1.12,1.50
2016.12.15 12:28:58.124,0.7606,0.76073,1.00,1.50
2016.12.15 12:28:58.562,0.76055,0.76073,1.12,1.50
2016.12.15 12:28:59.365,0.76055,0.76072,1.00,1.75
2016.12.15 12:29:00.859,0.76051,0.76071,1.75,1.50
2016.12.15 12:29:02.177,0.76055,0.76071,1.00,1.50
2016.12.15 12:29:03.986,0.76051,0.76072,1.75,1.75
2016.12.15 12:29:05.338,0.76054,0.76076,1.37,3.00
2016.12.15 12:29:05.541,0.76055,0.76074,1.75,1.12
2016.12.15 12:29:05.814,0.76055,0.76071,1.75,1.00
2016.12.15 12:29:05.915,0.76055,0.76071,1.00,1.00
2016.12.15 12:29:06.440,0.76055,0.7607,1.00,1.00
2016.12.15 12:29:07.075,0.76055,0.76072,1.00,1.00
2016.12.15 12:29:10.098,0.76055,0.76071,1.00,1.00
2016.12.15 12:29:11.422,0.76055,0.76074,1.00,1.50
2016.12.15 12:29:11.473,0.7606,0.76076,1.00,1.75
2016.12.15 12:29:11.624,0.7606,0.76078,1.00,1.75
2016.12.15 12:29:12.042,0.76055,0.76074,1.75,1.00
2016.12.15 12:29:12.143,0.76055,0.76072,1.75,1.00
2016.12.15 12:29:12.193,0.76055,0.76072,1.00,1.75
2016.12.15 12:29:12.470,0.7606,0.76074,1.00,1.50
2016.12.15 12:29:12.520,0.7606,0.76074,1.00,1.50
2016.12.15 12:29:12.722,0.76055,0.76074,1.50,1.50
2016.12.15 12:29:12.873,0.7606,0.76073,1.00,1.00
2016.12.15 12:29:13.044,0.76055,0.76073,1.00,1.75
2016.12.15 12:29:13.451,0.76059,0.76074,1.00,1.75
2016.12.15 12:29:13.664,0.76055,0.76075,1.12,2.25
2016.12.15 12:29:13.916,0.76054,0.76073,1.75,1.50
2016.12.15 12:29:14.117,0.76053,0.76071,1.00,1.00
2016.12.15 12:29:14.683,0.76055,0.76071,1.00,1.00
2016.12.15 12:29:14.859,0.76053,0.76071,1.00,1.00
2016.12.15 12:29:15.126,0.76055,0.76071,1.00,1.00
2016.12.15 12:29:15.451,0.7606,0.76071,1.00,1.00
2016.12.15 12:29:15.753,0.76055,0.76071,1.00,1.00
2016.12.15 12:29:16.010,0.7606,0.76071,1.00,1.00
2016.12.15 12:29:17.015,0.76055,0.76071,1.00,1.00
2016.12.15 12:29:18.934,0.76055,0.76074,1.75,1.12
2016.12.15 12:29:19.202,0.76055,0.76074,1.12,1.75
2016.12.15 12:29:19.544,0.7606,0.76079,1.00,2.25
2016.12.15 12:29:19.696,0.7606,0.76078,1.37,1.75
2016.12.15 12:29:19.947,0.76059,0.76077,1.00,1.75
2016.12.15 12:29:20.528,0.7606,0.76074,1.00,1.50
2016.12.15 12:29:20.781,0.76054,0.76072,1.00,1.75
2016.12.15 12:29:27.216,0.76055,0.76072,1.00,1.75
2016.12.15 12:29:27.764,0.7605,0.76069,1.75,1.00
2016.12.15 12:29:27.921,0.76051,0.76068,1.00,1.00
2016.12.15 12:29:28.022,0.76049,0.76068,1.00,1.75
2016.12.15 12:29:29.122,0.7605,0.7607,1.12,1.75
2016.12.15 12:29:30.462,0.76055,0.7607,1.00,1.75
2016.12.15 12:29:31.892,0.76059,0.76073,1.00,2.62
2016.12.15 12:29:31.943,0.76059,0.76076,1.00,1.75
2016.12.15 12:29:32.044,0.76055,0.76073,1.75,1.12
2016.12.15 12:29:32.144,0.76055,0.76073,1.12,1.50
2016.12.15 12:29:32.257,0.76055,0.76074,1.00,1.75
2016.12.15 12:29:32.584,0.76059,0.76074,1.00,1.75
2016.12.15 12:29:32.735,0.76055,0.76073,1.00,1.75
2016.12.15 12:29:33.063,0.76059,0.76074,1.00,1.75
2016.12.15 12:29:33.164,0.76055,0.76072,1.00,1.75
2016.12.15 12:29:33.365,0.76055,0.76068,1.00,1.50
2016.12.15 12:29:34.028,0.76055,0.7607,1.00,1.75
2016.12.15 12:29:36.409,0.76054,0.76069,1.00,1.75
2016.12.15 12:29:37.104,0.76049,0.76071,1.00,4.87
2016.12.15 12:29:37.154,0.76055,0.76069,1.00,1.75
2016.12.15 12:29:37.205,0.7605,0.7607,1.00,1.75
2016.12.15 12:29:37.356,0.7605,0.7607,1.12,3.00
2016.12.15 12:29:37.603,0.76054,0.76066,1.00,1.00
2016.12.15 12:29:38.251,0.76054,0.76069,1.00,2.25
2016.12.15 12:29:38.316,0.7605,0.76069,1.12,2.25
2016.12.15 12:29:38.441,0.76055,0.76071,1.00,1.75
2016.12.15 12:29:38.593,0.76055,0.76071,1.00,1.50
2016.12.15 12:29:45.080,0.76055,0.76069,1.00,1.00
2016.12.15 12:29:45.180,0.7605,0.76067,1.50,1.00
2016.12.15 12:29:45.231,0.7605,0.76069,1.50,1.50
2016.12.15 12:29:45.281,0.7605,0.76065,1.12,1.12
2016.12.15 12:29:45.591,0.7605,0.76062,1.00,1.75
2016.12.15 12:29:46.320,0.76044,0.76063,1.00,2.25
2016.12.15 12:29:46.527,0.7605,0.76062,1.00,1.75
2016.12.15 12:29:47.236,0.76045,0.76062,1.00,1.75
2016.12.15 12:29:47.616,0.7605,0.76062,1.00,1.75
2016.12.15 12:29:48.115,0.76045,0.76062,1.00,1.75
2016.12.15 12:29:48.776,0.76045,0.76062,1.00,1.75
2016.12.15 12:29:49.295,0.76045,0.76062,1.00,1.50
2016.12.15 12:29:49.346,0.76039,0.76062,2.25,1.50
2016.12.15 12:29:49.497,0.76045,0.76062,1.00,1.50
2016.12.15 12:29:49.640,0.7604,0.76062,1.75,1.50
2016.12.15 12:29:49.909,0.76039,0.76061,1.50,1.87
2016.12.15 12:29:50.010,0.76039,0.76058,1.50,1.00
2016.12.15 12:29:50.549,0.7604,0.76058,1.00,1.00
2016.12.15 12:29:54.413,0.76045,0.76058,1.00,1.00
2016.12.15 12:29:54.597,0.76045,0.76068,3.37,1.75
2016.12.15 12:29:54.647,0.76055,0.76071,1.00,2.62
2016.12.15 12:29:54.698,0.76055,0.76075,1.72,2.62
2016.12.15 12:29:54.806,0.76055,0.76074,1.37,1.00
2016.12.15 12:29:57.309,0.76055,0.76076,1.50,3.00
2016.12.15 12:29:57.983,0.76054,0.76076,1.50,4.50
2016.12.15 12:30:01.006,0.76055,0.76074,1.00,1.75
2016.12.15 12:30:01.193,0.76055,0.76074,1.12,2.25
2016.12.15 12:30:01.244,0.76055,0.76074,1.00,3.00
2016.12.15 12:30:01.559,0.76059,0.76075,1.00,2.62
2016.12.15 12:30:01.610,0.76059,0.7608,1.00,1.75
2016.12.15 12:30:01.711,0.76059,0.76078,1.37,1.50
2016.12.15 12:30:01.910,0.76059,0.76078,1.12,1.37
2016.12.15 12:30:02.429,0.7606,0.76078,1.00,1.75
2016.12.15 12:30:04.039,0.7606,0.76076,1.00,1.75
2016.12.15 12:30:05.091,0.76059,0.76076,1.00,1.75
2016.12.15 12:30:05.632,0.7606,0.76076,1.00,1.75
2016.12.15 12:30:06.932,0.7606,0.76074,1.00,1.00
2016.12.15 12:30:07.863,0.7606,0.76076,1.00,1.00
2016.12.15 12:30:08.437,0.7606,0.76077,1.00,2.25
2016.12.15 12:30:08.538,0.76059,0.76075,1.00,1.50
2016.12.15 12:30:08.856,0.76054,0.76073,1.00,3.00
2016.12.15 12:30:09.229,0.7606,0.76071,1.00,1.00
2016.12.15 12:30:09.559,0.76055,0.76071,1.00,1.00
2016.12.15 12:30:09.744,0.7606,0.76071,1.00,1.00
2016.12.15 12:30:10.257,0.7606,0.76074,1.00,1.50
2016.12.15 12:30:11.926,0.7606,0.76074,1.00,1.50
2016.12.15 12:30:12.373,0.76054,0.76076,1.12,3.00
2016.12.15 12:30:12.943,0.76054,0.76075,1.00,4.87
2016.12.15 12:30:13.044,0.7605,0.76072,1.75,1.75
2016.12.15 12:30:13.216,0.76051,0.76072,1.00,2.25
2016.12.15 12:30:13.268,0.7605,0.76072,1.75,2.25
2016.12.15 12:30:13.519,0.76055,0.76069,1.00,1.12
2016.12.15 12:30:14.036,0.76055,0.76072,1.00,1.50
2016.12.15 12:30:14.595,0.76054,0.76074,1.12,2.25
2016.12.15 12:30:15.269,0.76055,0.76072,1.00,1.50
2016.12.15 12:30:15.957,0.76055,0.76071,1.00,1.37
2016.12.15 12:30:16.572,0.76055,0.76072,1.00,1.00
2016.12.15 12:30:16.623,0.76055,0.7607,1.00,1.00
2016.12.15 12:30:16.824,0.7605,0.7607,1.50,1.50
2016.12.15 12:30:16.925,0.7605,0.7607,1.50,1.50
2016.12.15 12:30:17.479,0.76049,0.76071,1.50,2.25
2016.12.15 12:30:17.530,0.76049,0.76068,1.50,1.00
2016.12.15 12:30:19.072,0.7605,0.76068,1.00,1.00
2016.12.15 12:30:20.245,0.7605,0.76069,1.00,1.75
2016.12.15 12:30:22.775,0.7605,0.76067,1.12,1.00
2016.12.15 12:30:24.003,0.76055,0.76071,1.00,1.75
2016.12.15 12:30:24.255,0.7605,0.7607,1.50,2.25
2016.12.15 12:30:24.305,0.7605,0.7607,1.12,2.25
2016.12.15 12:30:24.611,0.76055,0.7607,1.00,2.25
2016.12.15 12:30:24.712,0.7605,0.7607,1.00,3.00
2016.12.15 12:30:26.434,0.76045,0.76065,2.25,1.12
2016.12.15 12:30:26.485,0.76045,0.76065,1.00,3.75
2016.12.15 12:30:26.837,0.7605,0.76066,1.00,2.62
2016.12.15 12:30:26.888,0.7605,0.76067,1.00,1.50
2016.12.15 12:30:26.939,0.76045,0.76065,2.10,1.12
2016.12.15 12:30:26.989,0.76044,0.76066,1.50,3.00
2016.12.15 12:30:27.292,0.7604,0.76063,1.75,1.75
2016.12.15 12:30:27.633,0.76045,0.76064,1.00,1.75
2016.12.15 12:30:27.901,0.7604,0.76064,1.75,1.75
2016.12.15 12:30:29.079,0.7604,0.76064,1.75,1.75
2016.12.15 12:30:29.493,0.76045,0.76064,1.00,1.75
2016.12.15 12:30:29.654,0.7604,0.76064,1.75,1.75
2016.12.15 12:30:29.798,0.76045,0.76064,1.00,1.75
2016.12.15 12:30:31.172,0.7604,0.76063,1.75,1.75
2016.12.15 12:30:32.538,0.76045,0.76063,1.00,1.75
2016.12.15 12:30:32.689,0.76045,0.76066,1.12,2.25
2016.12.15 12:30:32.891,0.76045,0.76064,1.00,1.75
2016.12.15 12:30:33.481,0.76041,0.76064,1.75,1.75
2016.12.15 12:30:34.106,0.76041,0.76059,1.00,1.00
2016.12.15 12:30:34.207,0.76045,0.76059,1.00,1.00
2016.12.15 12:30:34.258,0.76041,0.76059,1.00,1.00
2016.12.15 12:30:34.504,0.7604,0.76059,1.00,1.75
2016.12.15 12:30:35.034,0.76045,0.76059,1.00,1.75
2016.12.15 12:30:35.246,0.7604,0.76059,1.12,1.75
2016.12.15 12:30:36.197,0.7604,0.76061,1.75,1.75
2016.12.15 12:30:36.883,0.76045,0.76064,1.00,2.25
2016.12.15 12:30:36.933,0.7604,0.76063,1.75,2.25
2016.12.15 12:30:37.034,0.7604,0.76063,1.75,2.25
2016.12.15 12:30:37.557,0.76045,0.76062,1.00,1.00
2016.12.15 12:30:38.620,0.76045,0.76064,1.00,1.75
2016.12.15 12:30:44.572,0.76045,0.76065,1.00,2.25
2016.12.15 12:30:45.225,0.76044,0.76065,1.12,2.25
2016.12.15 12:30:45.770,0.76045,0.76065,1.00,1.75
2016.12.15 12:30:46.410,0.76045,0.76064,1.00,1.75
2016.12.15 12:30:46.930,0.76045,0.76064,1.00,1.75
2016.12.15 12:30:50.141,0.76045,0.76065,1.00,2.25
2016.12.15 12:30:50.887,0.76049,0.76065,1.00,2.25
2016.12.15 12:30:50.988,0.76045,0.76065,1.00,1.75
2016.12.15 12:30:51.157,0.7605,0.76068,1.00,1.75
2016.12.15 12:30:51.364,0.76049,0.76069,1.12,1.75
2016.12.15 12:30:51.974,0.7605,0.7607,1.00,1.75
2016.12.15 12:30:54.119,0.76054,0.7607,1.00,1.75
2016.12.15 12:30:54.320,0.76049,0.7607,1.12,1.75
2016.12.15 12:30:55.980,0.7605,0.7607,1.00,1.75
2016.12.15 12:30:56.030,0.76054,0.76071,1.00,1.75
2016.12.15 12:30:56.464,0.76054,0.76069,1.00,1.00
2016.12.15 12:30:57.387,0.76055,0.76074,1.00,2.25
2016.12.15 12:30:57.896,0.76055,0.76073,1.00,1.75
2016.12.15 12:30:58.515,0.76055,0.76072,1.00,1.75
2016.12.15 12:30:58.947,0.7605,0.76071,1.50,1.75
2016.12.15 12:30:59.382,0.76055,0.76071,1.00,1.75
2016.12.15 12:31:00.047,0.76054,0.76071,1.00,1.75
2016.12.15 12:31:00.425,0.7605,0.76071,1.50,1.75
2016.12.15 12:31:01.355,0.76055,0.76071,1.00,1.75
2016.12.15 12:31:01.657,0.7606,0.76074,1.00,2.62
2016.12.15 12:31:01.707,0.7606,0.76076,1.00,2.25
2016.12.15 12:31:02.496,0.76059,0.76076,1.00,2.25
2016.12.15 12:31:02.698,0.7606,0.76077,1.00,1.75
2016.12.15 12:31:03.684,0.7606,0.76079,1.00,1.75
2016.12.15 12:31:04.290,0.7606,0.76078,1.50,1.00
2016.12.15 12:31:06.388,0.76064,0.76078,1.00,1.00
2016.12.15 12:31:06.824,0.7606,0.76078,2.25,1.00
2016.12.15 12:31:06.874,0.7606,0.76084,2.25,4.12
2016.12.15 12:31:06.925,0.7606,0.76084,2.25,2.25
2016.12.15 12:31:07.126,0.7606,0.76084,2.25,2.25
2016.12.15 12:31:07.428,0.76065,0.76082,1.00,1.75
2016.12.15 12:31:09.535,0.7606,0.7608,1.75,1.50
2016.12.15 12:31:09.636,0.7606,0.7608,1.12,1.75
2016.12.15 12:31:10.025,0.7606,0.7608,1.00,1.75
2016.12.15 12:31:13.386,0.76065,0.7608,1.00,1.75
2016.12.15 12:31:13.436,0.76065,0.76078,1.00,1.00
2016.12.15 12:31:13.937,0.76064,0.76082,1.00,1.00
2016.12.15 12:31:14.038,0.76075,0.76082,1.00,1.00
2016.12.15 12:31:14.089,0.7607,0.76082,1.00,1.00
2016.12.15 12:31:14.139,0.76075,0.76082,1.00,1.00
2016.12.15 12:31:14.190,0.76069,0.76088,1.00,2.62
2016.12.15 12:31:14.240,0.76075,0.76092,1.00,2.62
2016.12.15 12:31:14.442,0.76076,0.76095,1.00,2.62
2016.12.15 12:31:14.571,0.76075,0.76097,1.87,2.62
2016.12.15 12:31:14.622,0.7608,0.761,1.12,1.75
2016.12.15 12:31:14.672,0.76085,0.76101,1.00,1.75
2016.12.15 12:31:14.723,0.76085,0.761,1.00,1.00
2016.12.15 12:31:15.187,0.76085,0.76098,1.00,1.00
2016.12.15 12:31:15.456,0.76074,0.76099,3.00,2.25
2016.12.15 12:31:15.654,0.7608,0.76099,1.00,2.25
2016.12.15 12:31:16.047,0.76085,0.761,1.00,1.75
2016.12.15 12:31:16.299,0.7608,0.761,1.37,1.50
2016.12.15 12:31:16.400,0.76076,0.761,2.62,3.75
2016.12.15 12:31:16.450,0.76075,0.76095,4.12,1.00
2016.12.15 12:31:16.551,0.76074,0.76098,1.75,1.75
2016.12.15 12:31:16.747,0.76075,0.76094,1.50,1.00
2016.12.15 12:31:17.006,0.7608,0.76094,1.00,1.00
2016.12.15 12:31:17.537,0.7608,0.76099,1.00,1.75
2016.12.15 12:31:18.444,0.7608,0.761,1.50,1.75
2016.12.15 12:31:18.606,0.76079,0.76097,1.00,1.00
2016.12.15 12:31:19.125,0.7608,0.76097,1.00,1.00
2016.12.15 12:31:19.186,0.76085,0.76097,1.00,1.00
2016.12.15 12:31:19.300,0.7608,0.76097,1.00,1.00
2016.12.15 12:31:19.350,0.76084,0.76097,1.00,1.00
2016.12.15 12:31:19.854,0.76085,0.761,1.00,1.75
2016.12.15 12:31:21.472,0.76079,0.761,1.12,1.75
2016.12.15 12:31:21.523,0.76085,0.76102,1.00,2.62
2016.12.15 12:31:21.674,0.76084,0.76103,1.00,1.75
2016.12.15 12:31:21.775,0.76085,0.76103,1.00,1.50
2016.12.15 12:31:22.093,0.76085,0.76103,1.00,1.75
2016.12.15 12:31:22.458,0.76085,0.76103,1.00,2.25
2016.12.15 12:31:24.434,0.76084,0.76103,1.00,1.75
2016.12.15 12:31:24.686,0.76085,0.76103,1.00,1.75
2016.12.15 12:31:24.938,0.76085,0.76102,1.00,1.75
2016.12.15 12:31:25.661,0.76079,0.76102,1.75,1.75
2016.12.15 12:31:26.026,0.76076,0.76099,2.62,2.25
2016.12.15 12:31:26.077,0.76078,0.76097,1.00,1.00
2016.12.15 12:31:26.228,0.7608,0.76098,1.00,1.75
2016.12.15 12:31:26.593,0.76075,0.76098,1.50,1.75
2016.12.15 12:31:26.722,0.7608,0.76099,1.00,4.87
2016.12.15 12:31:26.873,0.7608,0.76099,1.00,1.75
2016.12.15 12:31:27.253,0.7608,0.76101,1.12,1.75
2016.12.15 12:31:27.459,0.76085,0.761,1.00,1.75
2016.12.15 12:31:28.667,0.76085,0.76103,1.00,2.25
2016.12.15 12:31:28.768,0.7608,0.761,1.75,1.12
2016.12.15 12:31:29.216,0.76085,0.76104,1.00,1.75
2016.12.15 12:31:30.378,0.7608,0.761,1.75,1.12
2016.12.15 12:31:30.648,0.76085,0.76104,1.00,1.75
2016.12.15 12:31:30.806,0.7608,0.761,2.25,1.12
2016.12.15 12:31:30.857,0.76085,0.76104,1.00,1.75
2016.12.15 12:31:31.360,0.76081,0.76105,2.25,2.25
2016.12.15 12:31:35.208,0.76089,0.76105,1.00,2.25
2016.12.15 12:31:35.490,0.76085,0.76105,1.12,1.75
2016.12.15 12:31:35.540,0.7609,0.76104,1.00,1.75
2016.12.15 12:31:35.930,0.76085,0.76102,1.00,1.00
2016.12.15 12:31:36.182,0.76086,0.76105,1.00,1.50
2016.12.15 12:31:36.232,0.76084,0.76103,1.37,1.37
2016.12.15 12:31:36.535,0.76085,0.76101,1.00,1.75
2016.12.15 12:31:36.586,0.7608,0.76101,1.50,1.75
2016.12.15 12:31:37.417,0.7608,0.761,1.00,1.75
2016.12.15 12:31:37.619,0.7608,0.761,1.50,2.25
2016.12.15 12:31:37.669,0.7608,0.761,1.37,2.25
2016.12.15 12:31:38.055,0.7608,0.76097,1.00,1.75
2016.12.15 12:31:38.407,0.7608,0.761,1.12,2.25
2016.12.15 12:31:40.931,0.7608,0.76099,1.00,1.75
2016.12.15 12:31:41.032,0.7608,0.76098,1.00,1.00
2016.12.15 12:31:41.082,0.76079,0.76097,1.12,1.37
2016.12.15 12:31:41.485,0.76079,0.76096,1.12,2.25
2016.12.15 12:31:41.736,0.76075,0.76093,1.00,1.00
2016.12.15 12:31:42.666,0.76075,0.76094,1.00,2.25
2016.12.15 12:31:43.022,0.76075,0.76093,1.00,2.25
2016.12.15 12:31:43.563,0.76074,0.76093,1.00,2.25
2016.12.15 12:31:44.090,0.76074,0.76091,1.12,1.00
2016.12.15 12:31:47.232,0.7607,0.7609,1.75,1.37
2016.12.15 12:31:47.565,0.76075,0.76093,1.00,1.75
2016.12.15 12:31:48.048,0.7608,0.76093,1.00,1.75
2016.12.15 12:31:49.816,0.76075,0.76095,1.00,3.00
2016.12.15 12:31:49.997,0.76075,0.76095,1.12,3.00
2016.12.15 12:31:50.148,0.7608,0.76096,1.00,1.75
2016.12.15 12:31:50.199,0.76075,0.76095,1.12,1.75
2016.12.15 12:31:50.249,0.76075,0.76093,1.37,1.00
2016.12.15 12:31:50.643,0.7608,0.76096,1.00,1.75
2016.12.15 12:31:50.717,0.76075,0.76095,1.75,1.75
2016.12.15 12:31:50.918,0.7608,0.76097,1.00,1.75
2016.12.15 12:31:51.070,0.7608,0.761,1.50,2.25
2016.12.15 12:31:51.230,0.7608,0.761,1.50,2.25
2016.12.15 12:31:51.734,0.7608,0.761,1.37,1.75
2016.12.15 12:31:51.785,0.7608,0.761,1.37,1.50
2016.12.15 12:31:51.835,0.7608,0.761,1.12,1.50
2016.12.15 12:31:52.337,0.76085,0.761,1.00,1.75
2016.12.15 12:31:52.569,0.7608,0.76098,1.12,1.75
2016.12.15 12:31:52.619,0.76084,0.761,1.00,1.75
2016.12.15 12:31:53.797,0.76079,0.76101,1.50,3.75
2016.12.15 12:31:54.007,0.76079,0.76101,1.50,2.25
2016.12.15 12:31:54.287,0.76085,0.76101,1.00,1.75
2016.12.15 12:31:54.740,0.76085,0.761,1.00,1.00
2016.12.15 12:31:54.840,0.76085,0.76101,1.00,1.50
2016.12.15 12:31:55.362,0.7609,0.76101,1.00,1.75
2016.12.15 12:31:55.463,0.76085,0.76102,1.00,2.25
2016.12.15 12:31:55.677,0.7609,0.76102,1.00,2.25
2016.12.15 12:31:56.196,0.7609,0.76102,1.00,1.75
2016.12.15 12:31:57.172,0.7609,0.76105,1.00,1.75
2016.12.15 12:31:57.223,0.7609,0.76103,1.00,1.00
2016.12.15 12:31:58.010,0.76089,0.76103,1.00,1.00
2016.12.15 12:31:58.472,0.7609,0.76109,1.37,2.62
2016.12.15 12:31:58.623,0.76095,0.76114,1.00,1.75
2016.12.15 12:31:58.725,0.76095,0.76114,1.12,1.12
2016.12.15 12:31:58.775,0.76095,0.76114,1.00,1.37
2016.12.15 12:31:59.296,0.76095,0.76112,1.50,1.12
2016.12.15 12:31:59.698,0.76095,0.76115,1.75,1.50
2016.12.15 12:31:59.849,0.76096,0.76115,1.00,1.50
2016.12.15 12:32:00.459,0.76095,0.76118,2.25,1.75
2016.12.15 12:32:00.598,0.76095,0.76118,2.25,1.75
2016.12.15 12:32:00.750,0.761,0.76119,1.00,1.75
2016.12.15 12:32:01.058,0.76105,0.76119,1.00,1.75
2016.12.15 12:32:01.108,0.76096,0.76118,1.75,2.25
2016.12.15 12:32:01.159,0.76095,0.76118,1.75,2.25
2016.12.15 12:32:01.576,0.76091,0.76112,2.62,1.12
2016.12.15 12:32:01.714,0.76089,0.76112,1.75,2.25
2016.12.15 12:32:01.765,0.7609,0.76109,1.00,1.00
2016.12.15 12:32:02.296,0.76089,0.76109,1.37,1.50
2016.12.15 12:32:02.935,0.7609,0.7611,1.12,1.75
2016.12.15 12:32:03.422,0.76085,0.76106,1.75,1.37
2016.12.15 12:32:03.473,0.76085,0.76106,1.75,2.25
2016.12.15 12:32:03.574,0.76085,0.76105,1.12,2.25
2016.12.15 12:32:03.776,0.76081,0.76099,1.00,1.00
2016.12.15 12:32:03.826,0.76079,0.761,1.50,1.75
2016.12.15 12:32:04.358,0.7608,0.761,1.12,1.75
2016.12.15 12:32:04.756,0.7608,0.761,1.75,1.75
2016.12.15 12:32:05.068,0.76085,0.76101,1.00,2.25
2016.12.15 12:32:05.320,0.7608,0.76096,1.00,1.50
2016.12.15 12:32:05.522,0.7608,0.76096,1.00,1.75
2016.12.15 12:32:05.927,0.76085,0.76098,1.00,2.62
2016.12.15 12:32:06.075,0.76085,0.761,1.00,1.00
2016.12.15 12:32:06.226,0.76081,0.761,1.00,1.00
2016.12.15 12:32:06.619,0.76085,0.761,1.00,1.00
2016.12.15 12:32:08.140,0.76081,0.761,1.00,1.00
2016.12.15 12:32:08.364,0.76085,0.761,1.00,1.00
2016.12.15 12:32:08.414,0.76081,0.761,1.00,1.00
2016.12.15 12:32:08.648,0.7608,0.76098,1.37,1.12
2016.12.15 12:32:08.971,0.76084,0.76102,1.00,2.62
2016.12.15 12:32:09.021,0.7608,0.76101,1.00,1.75
2016.12.15 12:32:09.124,0.7608,0.76098,1.37,1.37
2016.12.15 12:32:09.175,0.76082,0.76098,1.00,1.00
2016.12.15 12:32:09.226,0.7608,0.76098,1.37,1.87
2016.12.15 12:32:09.276,0.7608,0.76098,1.00,2.25
2016.12.15 12:32:09.377,0.7608,0.76098,1.00,2.25
2016.12.15 12:32:09.843,0.76079,0.76094,1.12,1.00
2016.12.15 12:32:10.251,0.7608,0.76095,1.00,2.25
2016.12.15 12:32:11.161,0.76075,0.76095,1.00,2.25
2016.12.15 12:32:11.362,0.76075,0.76093,1.00,1.75
2016.12.15 12:32:12.272,0.76075,0.76096,1.00,2.25
2016.12.15 12:32:12.789,0.76074,0.76096,1.12,2.25
2016.12.15 12:32:12.840,0.76085,0.76097,1.00,3.37
2016.12.15 12:32:12.941,0.76075,0.76095,1.00,1.75
2016.12.15 12:32:15.350,0.7608,0.76097,1.00,3.37
2016.12.15 12:32:15.401,0.76075,0.76096,1.00,1.75
2016.12.15 12:32:15.501,0.76075,0.76096,1.50,1.75
2016.12.15 12:32:15.552,0.7608,0.76096,1.00,1.75
2016.12.15 12:32:15.885,0.7608,0.76096,1.00,1.75
2016.12.15 12:32:16.240,0.76075,0.76096,1.12,1.75
2016.12.15 12:32:16.341,0.7608,0.76096,1.00,1.75
2016.12.15 12:32:16.533,0.76074,0.76096,1.50,1.75
2016.12.15 12:32:17.196,0.7608,0.76096,1.00,1.75
2016.12.15 12:32:17.297,0.7608,0.76096,1.00,1.75
2016.12.15 12:32:17.499,0.7608,0.76096,1.00,1.75
2016.12.15 12:32:17.921,0.76085,0.76095,1.00,1.75
2016.12.15 12:32:18.073,0.76085,0.76094,1.00,1.00
2016.12.15 12:32:18.173,0.76079,0.76094,1.00,1.00
2016.12.15 12:32:18.699,0.7608,0.76094,1.00,1.00
2016.12.15 12:32:19.139,0.76075,0.76094,1.50,1.00
2016.12.15 12:32:19.244,0.7608,0.76094,1.00,1.00
2016.12.15 12:32:19.752,0.76079,0.76098,1.00,1.75
2016.12.15 12:32:20.278,0.7608,0.761,1.00,1.75
2016.12.15 12:32:20.846,0.76075,0.76098,1.75,2.25
2016.12.15 12:32:21.903,0.7608,0.76098,1.00,2.25
2016.12.15 12:32:22.362,0.76085,0.761,1.00,2.25
2016.12.15 12:32:22.413,0.76085,0.76103,1.00,3.37
2016.12.15 12:32:22.590,0.76085,0.76103,1.00,1.75
2016.12.15 12:32:22.691,0.76085,0.76098,1.00,1.00
2016.12.15 12:32:22.792,0.76079,0.76096,1.75,1.00
2016.12.15 12:32:22.940,0.76079,0.76092,1.37,1.00
2016.12.15 12:32:23.245,0.76075,0.76095,1.00,1.75
2016.12.15 12:32:23.845,0.76079,0.76096,1.00,4.12
2016.12.15 12:32:23.896,0.76079,0.76096,1.00,2.25
2016.12.15 12:32:23.960,0.76075,0.76096,1.50,2.25
2016.12.15 12:32:24.249,0.7608,0.76096,1.00,1.75
2016.12.15 12:32:24.591,0.7608,0.76095,1.00,1.00
2016.12.15 12:32:24.692,0.7608,0.76097,1.00,2.25
2016.12.15 12:32:25.048,0.76075,0.76094,1.50,1.00
2016.12.15 12:32:25.149,0.76075,0.76093,1.37,1.50
2016.12.15 12:32:25.660,0.76075,0.76093,1.00,1.75
2016.12.15 12:32:25.998,0.76075,0.76093,1.00,1.75
2016.12.15 12:32:26.904,0.76079,0.76096,1.00,4.87
2016.12.15 12:32:27.005,0.76079,0.76096,1.00,1.75
2016.12.15 12:32:27.106,0.76079,0.76095,1.00,1.00
2016.12.15 12:32:27.547,0.76075,0.76094,1.37,1.37
2016.12.15 12:32:27.955,0.76085,0.76097,1.00,2.62
2016.12.15 12:32:28.006,0.7608,0.76097,1.00,2.62
2016.12.15 12:32:28.107,0.76084,0.76099,1.00,1.75
2016.12.15 12:32:28.208,0.76084,0.76099,1.00,1.75
2016.12.15 12:32:28.600,0.76084,0.76104,1.00,1.75
2016.12.15 12:32:29.220,0.76085,0.76103,1.00,1.75
2016.12.15 12:32:30.036,0.7609,0.76104,1.00,1.75
2016.12.15 12:32:30.487,0.76085,0.76104,1.00,1.75
2016.12.15 12:32:30.588,0.7609,0.76104,1.00,1.75
2016.12.15 12:32:30.739,0.7609,0.76104,1.00,1.50
2016.12.15 12:32:31.574,0.76095,0.76107,1.00,4.72
2016.12.15 12:32:31.909,0.76095,0.76106,1.00,1.00
2016.12.15 12:32:32.010,0.76095,0.7611,1.00,2.25
2016.12.15 12:32:32.110,0.7609,0.7611,1.00,3.00
2016.12.15 12:32:32.518,0.7609,0.76107,1.00,2.25
2016.12.15 12:32:33.225,0.7609,0.7611,1.00,3.37
2016.12.15 12:32:33.878,0.7609,0.76107,1.00,1.75
2016.12.15 12:32:34.130,0.76085,0.76105,1.75,1.12
2016.12.15 12:32:34.332,0.76085,0.76105,1.50,1.75
2016.12.15 12:32:34.704,0.7609,0.76108,1.00,1.75
2016.12.15 12:32:34.856,0.7609,0.7611,1.00,1.75
2016.12.15 12:32:34.906,0.7609,0.7611,1.37,1.50
2016.12.15 12:32:35.008,0.76092,0.7611,1.00,1.50
2016.12.15 12:32:35.059,0.76095,0.7611,1.00,1.00
2016.12.15 12:32:35.844,0.76092,0.7611,1.00,2.25
2016.12.15 12:32:35.995,0.76085,0.76105,3.37,1.00
2016.12.15 12:32:36.147,0.7609,0.76107,1.00,1.75
2016.12.15 12:32:36.247,0.7609,0.76106,1.00,1.75
2016.12.15 12:32:36.405,0.76085,0.76105,1.37,1.50
2016.12.15 12:32:36.657,0.76085,0.76103,1.00,1.75
2016.12.15 12:32:36.858,0.76085,0.76105,1.50,1.75
2016.12.15 12:32:37.058,0.7609,0.76106,1.00,2.25
2016.12.15 12:32:37.209,0.76085,0.76105,1.75,1.50
2016.12.15 12:32:37.310,0.76089,0.76105,1.00,1.00
2016.12.15 12:32:37.536,0.7609,0.7611,1.50,3.00
2016.12.15 12:32:37.637,0.7609,0.7611,1.00,3.00
2016.12.15 12:32:38.159,0.76089,0.76109,1.12,1.75
2016.12.15 12:32:38.698,0.7609,0.76109,1.00,1.75
2016.12.15 12:32:39.946,0.76095,0.76111,1.00,2.85
2016.12.15 12:32:40.248,0.7609,0.76108,1.50,1.12
2016.12.15 12:32:40.299,0.7609,0.76109,1.37,1.75
2016.12.15 12:32:40.601,0.7609,0.76107,1.00,2.25
2016.12.15 12:32:41.152,0.76089,0.76108,1.00,1.75
2016.12.15 12:32:41.403,0.7609,0.76106,1.00,2.25
2016.12.15 12:32:41.453,0.76085,0.76105,1.12,1.75
2016.12.15 12:32:41.504,0.7609,0.76106,1.00,1.75
2016.12.15 12:32:41.605,0.76085,0.76105,1.12,1.75
2016.12.15 12:32:41.971,0.7609,0.76106,1.00,1.75
2016.12.15 12:32:42.287,0.76085,0.76105,1.12,1.75
2016.12.15 12:32:42.338,0.7609,0.76106,1.00,1.75
2016.12.15 12:32:42.539,0.7609,0.76108,1.00,1.75
2016.12.15 12:32:43.145,0.76089,0.76108,1.00,1.75
2016.12.15 12:32:43.245,0.7609,0.76107,1.00,1.75
2016.12.15 12:32:43.459,0.7609,0.76108,1.00,1.75
2016.12.15 12:32:43.510,0.76095,0.76108,1.00,1.75
2016.12.15 12:32:43.661,0.7609,0.76108,1.00,1.75
2016.12.15 12:32:43.881,0.76095,0.76107,1.00,1.37
2016.12.15 12:32:43.932,0.76095,0.76108,1.00,1.50
2016.12.15 12:32:44.186,0.7609,0.7611,1.50,2.25
2016.12.15 12:32:44.505,0.76095,0.76109,1.00,1.75
2016.12.15 12:32:45.008,0.76095,0.76111,1.00,1.75
2016.12.15 12:32:45.459,0.76089,0.7611,1.37,1.75
2016.12.15 12:32:45.560,0.7609,0.7611,1.75,2.85
2016.12.15 12:32:45.868,0.76089,0.76108,1.12,1.35
2016.12.15 12:32:46.533,0.7609,0.76107,1.00,1.05
2016.12.15 12:32:47.221,0.76095,0.76107,1.00,1.05
2016.12.15 12:32:47.277,0.76089,0.76107,1.12,1.05
2016.12.15 12:32:47.378,0.76095,0.76107,1.00,1.05
2016.12.15 12:32:47.730,0.76095,0.76109,1.00,1.05
2016.12.15 12:32:48.282,0.76095,0.76109,1.00,1.05
2016.12.15 12:32:48.792,0.76095,0.76109,1.00,1.05
2016.12.15 12:32:50.093,0.76094,0.76111,1.00,1.95
2016.12.15 12:32:50.295,0.76094,0.76112,1.00,1.27
2016.12.15 12:32:50.396,0.76095,0.76111,1.00,1.35
2016.12.15 12:32:50.713,0.76095,0.76111,1.00,2.40
2016.12.15 12:32:50.897,0.76089,0.76111,1.75,3.15
2016.12.15 12:32:51.121,0.76095,0.76109,1.00,1.05
2016.12.15 12:32:51.492,0.76095,0.76109,1.00,1.05
2016.12.15 12:32:52.554,0.7609,0.7611,1.00,1.80
2016.12.15 12:32:52.604,0.76094,0.7611,1.00,1.05
2016.12.15 12:32:54.061,0.76094,0.76109,1.00,1.05
2016.12.15 12:32:54.112,0.76094,0.7611,1.00,1.05
2016.12.15 12:32:54.348,0.7609,0.7611,1.37,1.80
2016.12.15 12:32:54.676,0.7609,0.7611,1.12,1.80
2016.12.15 12:32:56.263,0.76095,0.76107,1.00,1.05
2016.12.15 12:32:56.464,0.7609,0.76106,1.00,1.00
2016.12.15 12:32:57.081,0.76089,0.76106,1.00,1.00
2016.12.15 12:32:57.439,0.76095,0.76106,1.00,1.00
2016.12.15 12:32:58.282,0.7609,0.76107,1.00,1.05
2016.12.15 12:32:58.508,0.76095,0.76109,1.00,1.05
2016.12.15 12:32:58.659,0.76095,0.76109,1.00,1.05
2016.12.15 12:32:59.081,0.76095,0.76109,1.00,1.80
2016.12.15 12:33:00.108,0.76095,0.76106,1.00,1.30
2016.12.15 12:33:00.309,0.76095,0.76108,1.00,1.05
2016.12.15 12:33:00.460,0.7609,0.76108,1.12,1.05
2016.12.15 12:33:00.511,0.76095,0.76111,1.00,1.05
2016.12.15 12:33:00.562,0.7609,0.7611,1.50,1.80
2016.12.15 12:33:00.612,0.76095,0.7611,1.00,1.80
2016.12.15 12:33:00.663,0.7609,0.76109,1.50,1.80
2016.12.15 12:33:00.917,0.76095,0.76108,1.00,1.05
2016.12.15 12:33:01.219,0.76095,0.76105,1.00,1.05
2016.12.15 12:33:01.320,0.7609,0.76105,1.00,1.05
2016.12.15 12:33:01.536,0.7609,0.76103,1.00,1.80
2016.12.15 12:33:01.839,0.76085,0.761,1.00,1.00
2016.12.15 12:33:02.091,0.76085,0.76099,1.00,1.05
2016.12.15 12:33:02.392,0.7609,0.76094,1.00,1.00
2016.12.15 12:33:02.443,0.76085,0.76099,1.00,2.62
2016.12.15 12:33:02.544,0.76085,0.761,1.00,1.75
2016.12.15 12:33:02.644,0.76085,0.761,1.00,1.75
2016.12.15 12:33:02.935,0.7609,0.76102,1.00,1.75
2016.12.15 12:33:03.036,0.76084,0.761,1.00,1.50
2016.12.15 12:33:04.019,0.76084,0.76105,1.50,1.75
2016.12.15 12:33:05.009,0.76085,0.76102,1.00,2.25
2016.12.15 12:33:05.214,0.76085,0.76102,1.00,1.75
2016.12.15 12:33:05.516,0.7609,0.76104,1.00,3.37
2016.12.15 12:33:05.617,0.7609,0.76106,1.00,2.25
2016.12.15 12:33:05.939,0.7609,0.76105,1.00,1.50
2016.12.15 12:33:06.040,0.7609,0.76105,1.00,1.50
2016.12.15 12:33:06.342,0.76085,0.76102,1.00,1.75
2016.12.15 12:33:07.243,0.76085,0.761,1.00,1.50
2016.12.15 12:33:07.344,0.76079,0.761,1.50,1.75
2016.12.15 12:33:07.766,0.76085,0.76101,1.00,2.25
2016.12.15 12:33:07.817,0.76085,0.76101,1.00,2.25
2016.12.15 12:33:10.482,0.76079,0.76102,1.75,2.25
2016.12.15 12:33:10.532,0.76079,0.76097,1.75,1.00
2016.12.15 12:33:10.633,0.7608,0.76096,1.00,1.12
2016.12.15 12:33:11.416,0.76079,0.76097,1.12,1.37
2016.12.15 12:33:11.926,0.7608,0.76096,1.50,1.00
2016.12.15 12:33:12.435,0.76079,0.76097,1.75,1.00
2016.12.15 12:33:13.071,0.76079,0.76099,1.75,2.25
2016.12.15 12:33:13.870,0.76079,0.76098,1.37,1.50
2016.12.15 12:33:13.921,0.76079,0.76098,1.12,2.25
2016.12.15 12:33:14.122,0.76079,0.76098,1.50,1.12
2016.12.15 12:33:14.690,0.7608,0.76097,1.00,1.50
2016.12.15 12:33:15.445,0.7608,0.76098,1.00,1.00
2016.12.15 12:33:15.792,0.76084,0.761,1.12,1.12
2016.12.15 12:33:16.320,0.7609,0.76103,1.00,1.75
2016.12.15 12:33:17.016,0.76085,0.76103,1.12,1.75
2016.12.15 12:33:17.636,0.7609,0.76103,1.00,1.75
2016.12.15 12:33:20.829,0.76085,0.76104,1.12,3.00
2016.12.15 12:33:24.440,0.76085,0.76106,1.50,1.75
2016.12.15 12:33:24.697,0.7609,0.76105,1.00,2.25
2016.12.15 12:33:25.129,0.7609,0.76108,1.00,1.75
2016.12.15 12:33:25.876,0.76086,0.7611,1.75,2.25
2016.12.15 12:33:26.936,0.76086,0.76109,1.75,1.50
2016.12.15 12:33:27.323,0.7609,0.76104,1.37,1.00
2016.12.15 12:33:27.475,0.76085,0.76105,1.75,1.50
2016.12.15 12:33:27.777,0.7609,0.76107,1.00,2.25
2016.12.15 12:33:28.327,0.76084,0.76106,2.25,3.00
2016.12.15 12:33:28.562,0.76089,0.76105,1.00,1.50
2016.12.15 12:33:28.864,0.76089,0.76106,1.00,1.37
2016.12.15 12:33:30.591,0.76095,0.76109,1.00,1.75
2016.12.15 12:33:31.318,0.7609,0.7611,1.00,2.25
2016.12.15 12:33:31.419,0.76095,0.76111,1.00,2.62
2016.12.15 12:33:31.570,0.76095,0.76112,1.00,4.12
2016.12.15 12:33:32.155,0.76094,0.76112,1.00,4.12
2016.12.15 12:33:32.453,0.76095,0.76111,1.00,1.75
2016.12.15 12:33:32.804,0.7609,0.76112,1.50,2.25
2016.12.15 12:33:33.393,0.76095,0.76113,1.00,2.25
2016.12.15 12:33:33.444,0.76095,0.7611,1.00,1.00
2016.12.15 12:33:34.241,0.76095,0.76111,1.00,1.75
2016.12.15 12:33:34.870,0.76095,0.76112,1.00,2.25
2016.12.15 12:33:35.308,0.76099,0.76113,1.00,2.25
2016.12.15 12:33:35.898,0.76095,0.76112,1.00,2.25
2016.12.15 12:33:38.307,0.76094,0.76111,1.00,1.75
2016.12.15 12:33:39.361,0.7609,0.76111,1.75,1.75
2016.12.15 12:33:40.275,0.7609,0.76111,1.12,1.75
2016.12.15 12:33:40.832,0.76094,0.76111,1.00,1.75
2016.12.15 12:33:40.983,0.7609,0.76112,2.25,1.50
2016.12.15 12:33:41.509,0.76095,0.76115,1.00,2.25
2016.12.15 12:33:41.660,0.76095,0.76115,1.00,4.12
2016.12.15 12:33:42.079,0.761,0.76115,1.00,2.62
2016.12.15 12:33:42.180,0.761,0.76119,1.00,4.87
2016.12.15 12:33:42.388,0.761,0.76119,1.00,1.75
2016.12.15 12:33:42.539,0.761,0.76119,1.00,1.75
2016.12.15 12:33:43.079,0.76099,0.76119,1.12,1.75
2016.12.15 12:33:44.473,0.761,0.76119,1.00,1.75
2016.12.15 12:33:44.775,0.76099,0.76117,1.00,1.75
2016.12.15 12:33:45.277,0.76095,0.76116,1.12,1.75
2016.12.15 12:33:45.816,0.76095,0.76116,1.12,3.00
2016.12.15 12:33:46.797,0.76095,0.7611,1.00,1.00
2016.12.15 12:33:46.848,0.76095,0.76109,1.00,1.37
2016.12.15 12:33:47.099,0.76095,0.76109,1.00,1.12
2016.12.15 12:33:47.200,0.76095,0.7611,1.00,1.75
2016.12.15 12:33:47.733,0.76095,0.76108,1.00,1.75
2016.12.15 12:33:47.989,0.7609,0.76109,1.00,1.75
2016.12.15 12:33:48.090,0.76095,0.76109,1.00,1.75
2016.12.15 12:33:48.311,0.76095,0.76113,1.00,4.12
2016.12.15 12:33:48.412,0.76095,0.76109,1.00,1.00
2016.12.15 12:33:48.514,0.76095,0.76111,1.00,1.00
2016.12.15 12:33:48.839,0.76092,0.76111,1.00,1.50
2016.12.15 12:33:48.889,0.76095,0.76111,1.00,1.00
2016.12.15 12:33:48.940,0.76092,0.76111,1.00,1.00
2016.12.15 12:33:48.990,0.76092,0.7611,1.00,1.37
2016.12.15 12:33:49.192,0.76089,0.76109,1.12,1.75
2016.12.15 12:33:49.242,0.76095,0.76106,1.00,1.00
2016.12.15 12:33:49.792,0.76094,0.76111,1.00,1.75
2016.12.15 12:33:50.094,0.7609,0.7611,1.75,1.50
2016.12.15 12:33:50.145,0.76094,0.76113,1.00,2.25
2016.12.15 12:33:50.346,0.76091,0.7611,1.00,1.00
2016.12.15 12:33:50.528,0.7609,0.76115,1.75,2.25
2016.12.15 12:33:50.935,0.76095,0.76115,1.00,1.75
2016.12.15 12:33:51.420,0.7609,0.76114,1.75,1.75
2016.12.15 12:33:51.601,0.7609,0.76113,1.75,1.75
2016.12.15 12:33:52.124,0.76094,0.76113,1.00,1.75
2016.12.15 12:33:53.394,0.7609,0.76113,1.75,1.75
2016.12.15 12:33:53.957,0.76095,0.76113,1.00,1.75
2016.12.15 12:33:54.828,0.76095,0.76116,1.12,2.62
2016.12.15 12:33:54.929,0.76095,0.76118,1.37,4.87
2016.12.15 12:33:54.980,0.76096,0.76115,1.00,1.00
2016.12.15 12:33:55.232,0.76095,0.76118,1.37,2.25
2016.12.15 12:33:55.768,0.76095,0.76113,1.00,1.00
2016.12.15 12:33:57.048,0.76096,0.76113,1.00,1.00
2016.12.15 12:33:57.379,0.761,0.7612,1.50,2.25
2016.12.15 12:33:58.452,0.761,0.7612,1.00,1.75
2016.12.15 12:33:58.757,0.761,0.76118,1.00,1.75
2016.12.15 12:33:58.858,0.761,0.76119,1.00,1.75
2016.12.15 12:34:00.619,0.76105,0.76118,1.00,1.75
2016.12.15 12:34:00.780,0.761,0.76118,1.00,1.75
2016.12.15 12:34:01.701,0.76105,0.76118,1.00,1.75
2016.12.15 12:34:01.751,0.761,0.76118,1.00,1.75
2016.12.15 12:34:01.953,0.76095,0.76118,1.50,2.25
2016.12.15 12:34:02.003,0.76095,0.76113,1.50,1.00
2016.12.15 12:34:02.961,0.761,0.76113,1.00,1.00
2016.12.15 12:34:03.172,0.761,0.76119,1.00,1.75
2016.12.15 12:34:03.409,0.761,0.76118,1.00,1.75
2016.12.15 12:34:03.711,0.761,0.76115,1.00,1.00
2016.12.15 12:34:03.913,0.761,0.76118,1.00,1.75
2016.12.15 12:34:04.266,0.761,0.76118,1.00,1.75
2016.12.15 12:34:04.939,0.761,0.76118,1.00,1.75
2016.12.15 12:34:05.400,0.761,0.76118,1.00,1.75
2016.12.15 12:34:05.835,0.76095,0.76118,1.75,2.10
2016.12.15 12:34:05.936,0.76095,0.76114,1.12,1.75
2016.12.15 12:34:06.437,0.76099,0.76117,1.00,2.62
2016.12.15 12:34:06.487,0.76099,0.76118,1.00,1.75
2016.12.15 12:34:07.037,0.761,0.76119,1.00,3.37
2016.12.15 12:34:07.754,0.76095,0.76118,1.75,1.75
2016.12.15 12:34:08.434,0.76095,0.76115,1.37,1.75
2016.12.15 12:34:08.848,0.76094,0.76116,1.12,1.75
2016.12.15 12:34:09.060,0.761,0.76115,1.00,1.75
2016.12.15 12:34:09.232,0.761,0.76117,1.00,1.75
2016.12.15 12:34:10.027,0.761,0.76116,1.00,1.75
2016.12.15 12:34:10.279,0.76095,0.76113,1.00,1.75
2016.12.15 12:34:10.330,0.76095,0.76112,1.00,1.75
2016.12.15 12:34:10.483,0.76095,0.76112,1.00,1.75
2016.12.15 12:34:10.966,0.76094,0.7611,1.00,1.37
2016.12.15 12:34:11.268,0.76095,0.7611,1.00,1.75
2016.12.15 12:34:11.420,0.76095,0.7611,1.00,1.75
2016.12.15 12:34:12.147,0.76095,0.76106,1.00,1.37
2016.12.15 12:34:12.198,0.76085,0.76105,1.00,1.75
2016.12.15 12:34:12.749,0.7609,0.76105,1.00,1.75
2016.12.15 12:34:12.849,0.76085,0.76105,1.00,1.75
2016.12.15 12:34:13.366,0.76085,0.76103,1.37,1.00
2016.12.15 12:34:13.682,0.7609,0.76104,1.00,1.50
2016.12.15 12:34:13.934,0.76085,0.76104,1.00,1.75
2016.12.15 12:34:14.111,0.7609,0.76104,1.00,1.75
2016.12.15 12:34:14.363,0.76085,0.76105,1.00,2.25
2016.12.15 12:34:14.515,0.76089,0.76105,1.00,3.00
2016.12.15 12:34:14.666,0.76085,0.76101,1.00,1.50
2016.12.15 12:34:14.957,0.7609,0.76105,1.00,1.75
2016.12.15 12:34:15.058,0.7609,0.76105,1.00,1.75
2016.12.15 12:34:15.661,0.7609,0.76106,1.00,1.75
2016.12.15 12:34:16.195,0.7609,0.76103,1.00,1.37
2016.12.15 12:34:18.284,0.7609,0.76103,1.00,1.50
2016.12.15 12:34:18.786,0.7609,0.76102,1.00,1.00
2016.12.15 12:34:18.987,0.7609,0.76104,1.00,1.00
2016.12.15 12:34:21.358,0.7609,0.76107,1.00,2.25
2016.12.15 12:34:21.509,0.7609,0.76107,1.00,1.75
2016.12.15 12:34:22.045,0.76089,0.76106,1.00,1.75
2016.12.15 12:34:23.557,0.7609,0.76105,1.00,1.50
2016.12.15 12:34:23.607,0.7609,0.76105,1.00,1.50
2016.12.15 12:34:23.961,0.76085,0.76104,1.12,1.75
2016.12.15 12:34:25.758,0.76089,0.76105,1.00,1.75
2016.12.15 12:34:25.808,0.76085,0.76103,1.12,1.50
2016.12.15 12:34:25.859,0.7609,0.76103,1.00,1.50
2016.12.15 12:34:25.909,0.76085,0.76103,1.00,2.25
2016.12.15 12:34:26.222,0.76089,0.76101,1.00,1.00
2016.12.15 12:34:27.067,0.76089,0.76103,1.00,1.12
2016.12.15 12:34:27.298,0.76085,0.76103,1.37,1.12
2016.12.15 12:34:27.449,0.7609,0.76104,1.00,1.37
2016.12.15 12:34:27.978,0.7609,0.76104,1.00,1.75
2016.12.15 12:34:28.499,0.76085,0.76105,1.00,2.25
2016.12.15 12:34:30.795,0.76084,0.76102,1.00,1.75
2016.12.15 12:34:31.394,0.76085,0.76102,1.00,1.75
2016.12.15 12:34:32.691,0.76084,0.76103,1.00,1.75
2016.12.15 12:34:33.192,0.76085,0.76103,1.00,1.75
2016.12.15 12:34:33.842,0.7608,0.76102,1.75,1.75
2016.12.15 12:34:33.943,0.7608,0.76101,1.12,1.75
2016.12.15 12:34:34.837,0.7608,0.76101,1.00,3.37
2016.12.15 12:34:36.453,0.76079,0.76098,1.00,1.75
2016.12.15 12:34:37.041,0.7608,0.76097,1.00,1.75
2016.12.15 12:34:37.476,0.76085,0.76097,1.00,1.75
2016.12.15 12:34:37.607,0.76084,0.76096,1.00,1.00
2016.12.15 12:34:37.658,0.7608,0.76097,1.00,1.75
2016.12.15 12:34:37.961,0.7608,0.76097,1.00,1.50
2016.12.15 12:34:39.353,0.76079,0.76097,1.00,1.75
2016.12.15 12:34:43.637,0.76075,0.76098,1.75,1.75
2016.12.15 12:34:43.825,0.7608,0.76098,1.00,1.75
2016.12.15 12:34:44.269,0.7608,0.76098,1.00,1.75
2016.12.15 12:34:47.632,0.76084,0.76097,1.00,1.75
2016.12.15 12:34:49.462,0.76079,0.76097,1.00,1.75
2016.12.15 12:34:53.582,0.7608,0.76098,1.00,1.75
2016.12.15 12:34:53.896,0.76085,0.76101,1.00,3.37
2016.12.15 12:34:53.997,0.76084,0.76103,1.00,2.62
2016.12.15 12:34:54.199,0.76084,0.76104,1.12,1.75
2016.12.15 12:34:55.060,0.76085,0.76104,1.00,1.75
2016.12.15 12:34:55.161,0.76085,0.76102,1.00,1.50
2016.12.15 12:34:57.714,0.76084,0.76101,1.00,1.75
2016.12.15 12:34:58.237,0.76085,0.76101,1.00,1.75
2016.12.15 12:35:00.385,0.76084,0.76104,1.00,1.75
2016.12.15 12:35:00.982,0.7609,0.76103,1.00,1.75
2016.12.15 12:35:01.034,0.76085,0.76105,1.12,1.75
2016.12.15 12:35:01.135,0.76085,0.76105,1.50,1.75
2016.12.15 12:35:01.540,0.7609,0.76103,1.00,1.12
2016.12.15 12:35:01.691,0.7609,0.76106,1.00,1.50
2016.12.15 12:35:01.892,0.76089,0.7611,1.50,1.75
2016.12.15 12:35:02.853,0.76095,0.76111,1.00,1.75
2016.12.15 12:35:03.819,0.7609,0.7611,1.12,2.25
2016.12.15 12:35:03.985,0.7609,0.76108,1.00,1.37
2016.12.15 12:35:04.896,0.7609,0.76108,1.12,2.25
2016.12.15 12:35:06.162,0.76095,0.76108,1.00,1.75
2016.12.15 12:35:06.459,0.7609,0.76108,1.12,1.75
2016.12.15 12:35:07.336,0.76095,0.76108,1.00,1.75
2016.12.15 12:35:07.537,0.7609,0.76111,1.12,1.75
2016.12.15 12:35:07.588,0.76091,0.76113,1.37,2.62
2016.12.15 12:35:07.740,0.76091,0.76114,1.75,1.75
2016.12.15 12:35:09.383,0.76095,0.76113,1.37,1.00
2016.12.15 12:35:09.715,0.761,0.76115,1.00,1.75
2016.12.15 12:35:10.713,0.76095,0.76115,1.75,2.25
2016.12.15 12:35:10.814,0.76095,0.76115,1.12,2.25
2016.12.15 12:35:11.385,0.76095,0.76115,1.37,2.25
2016.12.15 12:35:11.916,0.76095,0.76115,1.50,2.25
2016.12.15 12:35:14.929,0.761,0.76113,1.00,1.12
2016.12.15 12:35:15.053,0.76095,0.76113,1.50,1.12
2016.12.15 12:35:15.228,0.761,0.76113,1.00,1.12
2016.12.15 12:35:16.970,0.76095,0.76114,1.37,1.37
2016.12.15 12:35:17.707,0.761,0.76115,1.00,1.50
2016.12.15 12:35:17.912,0.761,0.76115,1.00,1.12
2016.12.15 12:35:18.496,0.761,0.76117,1.00,1.00
2016.12.15 12:35:19.010,0.76099,0.76118,1.00,1.75
2016.12.15 12:35:21.284,0.761,0.76114,1.00,1.12
2016.12.15 12:35:21.814,0.76099,0.76118,1.00,1.75
2016.12.15 12:35:23.012,0.761,0.76118,1.00,1.75
2016.12.15 12:35:23.113,0.76094,0.76119,1.75,1.75
2016.12.15 12:35:23.365,0.76094,0.76113,1.50,1.00
2016.12.15 12:35:23.553,0.76094,0.76114,1.00,1.75
2016.12.15 12:35:24.112,0.76099,0.76114,1.00,1.75
2016.12.15 12:35:24.653,0.761,0.76115,1.00,1.75
2016.12.15 12:35:26.024,0.76094,0.76114,1.00,1.75
2016.12.15 12:35:26.320,0.761,0.76116,1.00,2.62
2016.12.15 12:35:26.421,0.761,0.76118,1.00,2.62
2016.12.15 12:35:26.472,0.761,0.76119,1.00,1.75
2016.12.15 12:35:26.523,0.76104,0.76119,1.00,1.75
2016.12.15 12:35:26.788,0.76099,0.76119,1.00,1.75
2016.12.15 12:35:27.178,0.76095,0.76113,1.00,1.00
2016.12.15 12:35:27.229,0.761,0.76113,1.00,1.00
2016.12.15 12:35:27.792,0.76099,0.76113,1.00,1.00
2016.12.15 12:35:28.382,0.761,0.76113,1.00,1.00
2016.12.15 12:35:29.522,0.76095,0.76113,1.00,1.00
2016.12.15 12:35:30.362,0.76094,0.76113,1.50,1.00
2016.12.15 12:35:30.463,0.76095,0.76115,1.50,1.37
2016.12.15 12:35:30.772,0.761,0.76113,1.00,1.00
2016.12.15 12:35:32.755,0.761,0.76116,1.00,1.00
2016.12.15 12:35:32.856,0.761,0.76114,1.00,1.00
2016.12.15 12:35:33.137,0.76095,0.76116,1.00,3.00
2016.12.15 12:35:33.238,0.76095,0.76115,1.37,2.25
2016.12.15 12:35:33.288,0.76095,0.76116,1.75,1.75
2016.12.15 12:35:34.649,0.761,0.76115,1.00,1.50
2016.12.15 12:35:34.700,0.76095,0.76112,1.75,1.00
2016.12.15 12:35:34.751,0.76095,0.76111,1.00,1.00
2016.12.15 12:35:35.643,0.76094,0.76111,1.00,1.00
2016.12.15 12:35:35.894,0.76094,0.76112,1.00,1.75
2016.12.15 12:35:35.994,0.76094,0.7611,1.00,1.00
2016.12.15 12:35:36.256,0.76095,0.76112,1.00,1.75
2016.12.15 12:35:37.366,0.761,0.76112,1.00,1.75
2016.12.15 12:35:37.580,0.76105,0.76118,1.00,1.75
2016.12.15 12:35:37.681,0.76105,0.76118,1.00,1.00
2016.12.15 12:35:39.218,0.76104,0.76118,1.00,1.00
2016.12.15 12:35:39.796,0.76105,0.76118,1.00,1.00
2016.12.15 12:35:41.287,0.76104,0.76121,1.00,1.75
2016.12.15 12:35:41.892,0.76099,0.76122,1.50,2.25
2016.12.15 12:35:42.219,0.76099,0.76121,1.50,2.25
2016.12.15 12:35:42.607,0.76105,0.76121,1.00,1.75
2016.12.15 12:35:46.042,0.76104,0.76121,1.00,1.75
2016.12.15 12:35:46.093,0.76099,0.76121,1.50,1.75
2016.12.15 12:35:46.194,0.76105,0.76121,1.00,1.75
2016.12.15 12:35:46.302,0.761,0.76121,1.12,1.75
2016.12.15 12:35:46.581,0.76105,0.76122,1.00,1.75
2016.12.15 12:35:46.652,0.761,0.76122,1.12,1.75
2016.12.15 12:35:47.008,0.76104,0.76123,1.00,1.75
2016.12.15 12:35:47.159,0.761,0.76119,1.75,1.12
2016.12.15 12:35:47.209,0.76095,0.76115,1.75,1.37
2016.12.15 12:35:47.512,0.761,0.76114,1.00,1.75
2016.12.15 12:35:47.927,0.76095,0.76114,1.00,1.75
2016.12.15 12:35:48.703,0.76089,0.76114,1.75,1.75
2016.12.15 12:35:48.754,0.76095,0.76114,1.00,1.75
2016.12.15 12:35:49.292,0.76094,0.76114,1.00,1.75
2016.12.15 12:35:49.500,0.7609,0.76111,1.50,1.75
2016.12.15 12:35:49.551,0.76095,0.76111,1.00,1.75
2016.12.15 12:35:49.753,0.76089,0.76109,1.12,1.75
2016.12.15 12:35:49.803,0.76089,0.76109,1.00,2.62
2016.12.15 12:35:49.904,0.76089,0.76109,1.75,1.75
2016.12.15 12:35:50.939,0.76095,0.76109,1.00,1.75
2016.12.15 12:35:51.913,0.7609,0.7611,1.50,1.75
2016.12.15 12:35:52.257,0.76095,0.7611,1.00,1.75
2016.12.15 12:35:52.313,0.7609,0.7611,1.50,1.75
2016.12.15 12:35:53.135,0.76094,0.76109,1.00,1.75
2016.12.15 12:35:53.286,0.76095,0.76113,1.00,1.75
2016.12.15 12:35:53.487,0.76095,0.76115,1.37,1.75
2016.12.15 12:35:53.689,0.76091,0.7611,2.62,1.00
2016.12.15 12:35:53.790,0.76089,0.76112,2.25,1.50
2016.12.15 12:35:53.890,0.76095,0.76112,1.00,1.75
2016.12.15 12:35:53.941,0.76089,0.76112,1.75,1.75
2016.12.15 12:35:54.101,0.76095,0.76112,1.00,1.75
2016.12.15 12:35:54.252,0.76095,0.76112,1.00,1.50
2016.12.15 12:35:54.403,0.76095,0.76112,1.00,1.75
2016.12.15 12:35:54.555,0.76095,0.76117,1.12,2.62
2016.12.15 12:35:54.605,0.76095,0.76118,1.75,1.75
2016.12.15 12:35:54.955,0.76099,0.76118,1.00,1.75
2016.12.15 12:35:55.722,0.76099,0.76116,1.00,1.00
2016.12.15 12:35:55.846,0.76097,0.76116,1.00,1.00
2016.12.15 12:35:55.896,0.761,0.76116,1.00,1.00
2016.12.15 12:35:55.997,0.761,0.76118,1.00,1.00
2016.12.15 12:35:56.249,0.76105,0.76118,1.00,1.00
2016.12.15 12:35:56.500,0.7611,0.76125,1.00,1.50
2016.12.15 12:35:56.662,0.76105,0.76125,1.75,1.50
2016.12.15 12:35:56.713,0.76105,0.76122,1.00,1.00
2016.12.15 12:35:57.023,0.76105,0.76126,1.50,1.50
2016.12.15 12:35:57.473,0.76105,0.76122,1.50,1.00
2016.12.15 12:35:57.573,0.76104,0.76123,1.00,1.75
2016.12.15 12:35:57.624,0.76104,0.76123,1.00,1.75
2016.12.15 12:35:58.040,0.76099,0.76123,1.37,4.12
2016.12.15 12:35:58.149,0.761,0.7612,1.50,1.75
2016.12.15 12:35:58.651,0.76095,0.76117,3.37,1.50
2016.12.15 12:35:58.752,0.76095,0.76118,1.75,1.75
2016.12.15 12:35:58.802,0.761,0.76118,1.00,1.75
2016.12.15 12:35:59.371,0.761,0.76118,1.00,3.37
2016.12.15 12:35:59.757,0.76095,0.76118,1.50,3.37
2016.12.15 12:36:00.082,0.761,0.76117,1.00,1.75
2016.12.15 12:36:00.133,0.76094,0.76117,1.75,1.75
2016.12.15 12:36:00.183,0.761,0.76116,1.00,1.75
2016.12.15 12:36:00.234,0.761,0.76116,1.00,1.00
2016.12.15 12:36:00.435,0.76095,0.76116,1.50,2.25
2016.12.15 12:36:00.618,0.76095,0.76113,1.00,2.25
2016.12.15 12:36:01.839,0.76095,0.76113,1.00,1.75
2016.12.15 12:36:01.996,0.76094,0.76116,1.50,1.75
2016.12.15 12:36:02.430,0.76095,0.76113,1.00,2.25
2016.12.15 12:36:02.732,0.761,0.76117,1.00,1.75
2016.12.15 12:36:03.043,0.761,0.76119,1.00,1.75
2016.12.15 12:36:03.166,0.76095,0.76119,2.25,1.75
2016.12.15 12:36:03.216,0.761,0.76121,1.00,4.12
2016.12.15 12:36:03.357,0.761,0.76121,1.12,2.25
2016.12.15 12:36:03.759,0.761,0.76121,1.00,3.37
2016.12.15 12:36:05.521,0.76099,0.76119,1.00,1.75
2016.12.15 12:36:06.054,0.761,0.76118,1.00,1.75
2016.12.15 12:36:06.759,0.761,0.7612,1.37,1.50
2016.12.15 12:36:06.860,0.76105,0.76122,1.00,2.25
2016.12.15 12:36:07.231,0.761,0.76122,1.37,2.25
2016.12.15 12:36:07.379,0.76097,0.7612,1.75,2.25
2016.12.15 12:36:07.480,0.76095,0.76119,1.75,2.25
2016.12.15 12:36:07.753,0.761,0.76119,1.00,2.25
2016.12.15 12:36:08.019,0.76095,0.76119,1.75,2.25
2016.12.15 12:36:08.485,0.761,0.76119,1.00,1.75
2016.12.15 12:36:08.941,0.76104,0.76121,1.00,2.62
2016.12.15 12:36:09.078,0.76104,0.76124,1.00,2.25
2016.12.15 12:36:09.129,0.76104,0.76125,1.60,2.62
2016.12.15 12:36:09.179,0.76106,0.76128,1.30,1.75
2016.12.15 12:36:11.474,0.76105,0.76124,1.75,1.50
2016.12.15 12:36:11.575,0.761,0.76124,2.62,1.50
2016.12.15 12:36:11.676,0.76105,0.76125,1.00,1.75
2016.12.15 12:36:12.372,0.76101,0.76123,1.75,1.50
2016.12.15 12:36:12.723,0.7611,0.76119,1.00,1.00
2016.12.15 12:36:12.972,0.76105,0.76123,1.00,1.75
2016.12.15 12:36:13.490,0.76104,0.7612,1.00,1.50
2016.12.15 12:36:13.541,0.76099,0.76119,1.75,1.12
2016.12.15 12:36:13.592,0.76099,0.76119,1.12,1.75
2016.12.15 12:36:13.894,0.76105,0.7612,1.00,1.75
2016.12.15 12:36:16.365,0.76104,0.76121,1.00,2.25
2016.12.15 12:36:17.514,0.76105,0.76121,1.00,2.25
2016.12.15 12:36:18.482,0.761,0.7612,1.00,2.25
2016.12.15 12:36:18.532,0.76105,0.76121,1.00,1.75
2016.12.15 12:36:18.633,0.76105,0.76121,1.00,1.75
2016.12.15 12:36:18.734,0.76105,0.7612,1.00,1.75
2016.12.15 12:36:19.160,0.76099,0.76119,1.50,1.75
2016.12.15 12:36:19.210,0.76104,0.76119,1.00,1.75
2016.12.15 12:36:19.261,0.761,0.76119,1.12,1.75
2016.12.15 12:36:19.467,0.761,0.76116,1.12,1.50
2016.12.15 12:36:20.007,0.761,0.76119,1.00,2.10
2016.12.15 12:36:20.318,0.761,0.76119,1.12,1.50
2016.12.15 12:36:20.520,0.76098,0.76116,1.00,1.00
2016.12.15 12:36:20.571,0.76095,0.76119,1.75,1.75
2016.12.15 12:36:20.939,0.761,0.76118,1.00,1.75
2016.12.15 12:36:21.040,0.76095,0.76118,1.75,1.75
2016.12.15 12:36:21.091,0.761,0.76116,1.00,1.75
2016.12.15 12:36:21.621,0.76099,0.76117,1.00,1.75
2016.12.15 12:36:21.741,0.76095,0.76117,1.75,1.75
2016.12.15 12:36:21.943,0.76095,0.76117,1.75,1.75
2016.12.15 12:36:22.043,0.76095,0.76117,1.75,1.75
2016.12.15 12:36:22.323,0.761,0.76116,1.00,1.75
2016.12.15 12:36:22.639,0.761,0.76118,1.50,1.00
2016.12.15 12:36:22.692,0.761,0.76118,1.12,2.25
2016.12.15 12:36:23.007,0.761,0.76119,1.00,4.12
2016.12.15 12:36:23.310,0.76115,0.7613,1.00,1.75
2016.12.15 12:36:23.461,0.7611,0.7613,1.50,1.75
2016.12.15 12:36:24.004,0.7611,0.76127,1.00,1.00
2016.12.15 12:36:24.332,0.76114,0.76127,1.00,1.00
2016.12.15 12:36:24.634,0.76115,0.76136,1.00,2.25
2016.12.15 12:36:24.734,0.76115,0.76136,1.37,1.75
2016.12.15 12:36:25.012,0.76125,0.76138,1.00,2.25
2016.12.15 12:36:25.163,0.76125,0.7614,1.00,2.25
2016.12.15 12:36:26.049,0.7613,0.76142,1.00,3.37
2016.12.15 12:36:26.099,0.76125,0.76143,1.12,1.37
2016.12.15 12:36:26.150,0.76125,0.76145,1.50,3.00
2016.12.15 12:36:26.200,0.76125,0.76145,1.37,3.00
2016.12.15 12:36:26.704,0.76125,0.76144,1.00,1.75
2016.12.15 12:36:27.041,0.7612,0.76138,1.12,1.50
2016.12.15 12:36:27.091,0.7612,0.76138,1.12,1.75
2016.12.15 12:36:27.420,0.76125,0.7614,1.00,2.62
2016.12.15 12:36:27.471,0.76125,0.76142,1.00,1.75
2016.12.15 12:36:27.639,0.7612,0.76142,1.50,1.75
2016.12.15 12:36:28.601,0.7612,0.7614,1.37,2.25
2016.12.15 12:36:28.854,0.76115,0.76137,1.75,1.75
2016.12.15 12:36:28.955,0.76115,0.76137,1.50,1.75
2016.12.15 12:36:29.280,0.7612,0.76137,1.00,1.75
2016.12.15 12:36:29.445,0.76115,0.76136,1.75,1.50
2016.12.15 12:36:29.546,0.76115,0.76134,1.50,1.50
2016.12.15 12:36:29.867,0.76115,0.76135,1.00,3.00
2016.12.15 12:36:30.359,0.7612,0.76137,1.00,2.62
2016.12.15 12:36:30.460,0.76119,0.76138,1.00,1.75
2016.12.15 12:36:31.023,0.7612,0.7614,1.00,3.37
2016.12.15 12:36:31.141,0.7612,0.7614,1.12,1.75
2016.12.15 12:36:31.574,0.76125,0.76141,1.00,4.12
2016.12.15 12:36:31.624,0.76135,0.76146,1.00,1.50
2016.12.15 12:36:31.675,0.76135,0.76148,1.00,1.00
2016.12.15 12:36:31.725,0.76135,0.76144,1.00,2.25
2016.12.15 12:36:31.876,0.76135,0.76148,1.00,1.00
2016.12.15 12:36:31.977,0.76135,0.76155,1.75,1.75
2016.12.15 12:36:32.226,0.76135,0.76154,1.37,1.75
2016.12.15 12:36:32.277,0.76135,0.7615,1.00,1.12
2016.12.15 12:36:32.328,0.76135,0.7615,1.00,1.50
2016.12.15 12:36:33.148,0.76135,0.7615,1.00,1.75
2016.12.15 12:36:35.641,0.76134,0.76152,1.00,2.25
2016.12.15 12:36:36.443,0.76135,0.76152,1.00,2.25
2016.12.15 12:36:37.017,0.76129,0.76151,1.75,1.75
2016.12.15 12:36:37.118,0.76135,0.76152,1.00,2.25
2016.12.15 12:36:37.169,0.7613,0.76149,1.75,1.50
2016.12.15 12:36:37.219,0.7613,0.76145,1.37,1.00
2016.12.15 12:36:37.270,0.7613,0.76148,1.00,1.75
2016.12.15 12:36:37.601,0.7613,0.76147,1.00,1.50
2016.12.15 12:36:38.060,0.76125,0.76148,1.75,1.75
2016.12.15 12:36:38.161,0.76129,0.76148,1.00,1.75
2016.12.15 12:36:38.218,0.76125,0.76148,1.75,1.75
2016.12.15 12:36:38.420,0.7613,0.76147,1.00,1.75
2016.12.15 12:36:38.632,0.76125,0.76144,1.75,1.50
2016.12.15 12:36:38.784,0.76125,0.76144,1.37,1.50
2016.12.15 12:36:38.993,0.76125,0.76144,1.50,1.75
2016.12.15 12:36:39.674,0.76125,0.76147,1.75,1.75
2016.12.15 12:36:40.067,0.7613,0.7615,1.12,2.25
2016.12.15 12:36:40.168,0.76131,0.7615,1.00,1.50
2016.12.15 12:36:40.219,0.7613,0.7615,1.37,1.50
2016.12.15 12:36:40.671,0.76125,0.76148,1.75,1.67
2016.12.15 12:36:41.042,0.76125,0.76147,1.75,1.50
2016.12.15 12:36:41.483,0.76125,0.76144,1.00,1.00
2016.12.15 12:36:42.876,0.76124,0.76144,1.00,1.60
2016.12.15 12:36:43.178,0.76115,0.76139,1.75,1.75
2016.12.15 12:36:43.589,0.76115,0.76138,1.75,1.72
2016.12.15 12:36:43.640,0.76115,0.76135,1.75,1.12
2016.12.15 12:36:43.691,0.76115,0.76133,1.75,1.00
2016.12.15 12:36:43.900,0.76115,0.76131,1.00,1.00
2016.12.15 12:36:44.403,0.76115,0.7614,1.75,3.37
2016.12.15 12:36:45.098,0.76117,0.76136,1.00,1.00
2016.12.15 12:36:46.242,0.7612,0.76137,1.00,1.75
2016.12.15 12:36:46.509,0.7613,0.7615,1.12,2.25
2016.12.15 12:36:46.870,0.76129,0.76149,1.37,1.75
2016.12.15 12:36:47.412,0.7613,0.76149,1.00,1.75
2016.12.15 12:36:47.970,0.76129,0.7615,1.00,2.10
2016.12.15 12:36:48.122,0.7613,0.7615,1.00,2.25
2016.12.15 12:36:48.222,0.76134,0.76149,1.00,1.35
2016.12.15 12:36:48.323,0.76135,0.76151,1.00,1.00
2016.12.15 12:36:49.031,0.76129,0.76146,1.75,1.00
2016.12.15 12:36:49.134,0.7613,0.76145,1.00,1.35
2016.12.15 12:36:49.612,0.76125,0.76145,1.50,2.10
2016.12.15 12:36:50.581,0.76125,0.76145,1.37,2.85
2016.12.15 12:36:50.632,0.76125,0.76145,1.00,2.85
2016.12.15 12:36:51.138,0.7612,0.7614,1.37,1.12
2016.12.15 12:36:51.239,0.76115,0.76138,3.37,1.50
2016.12.15 12:36:51.589,0.7612,0.76138,1.00,1.75
2016.12.15 12:36:51.967,0.76115,0.76138,1.75,1.75
2016.12.15 12:36:52.215,0.7612,0.76138,1.00,1.75
2016.12.15 12:36:52.525,0.76115,0.76138,1.75,1.75
2016.12.15 12:36:52.626,0.7612,0.76138,1.00,1.75
2016.12.15 12:36:53.998,0.7612,0.76138,1.00,1.50
2016.12.15 12:36:54.508,0.76115,0.76138,1.75,1.75
2016.12.15 12:36:54.820,0.7612,0.76138,1.00,1.75
2016.12.15 12:36:54.871,0.76115,0.76138,1.75,1.75
2016.12.15 12:36:55.414,0.7612,0.76138,1.00,1.75
2016.12.15 12:36:55.703,0.76115,0.76132,1.00,1.00
2016.12.15 12:36:55.833,0.76115,0.76135,1.00,3.37
2016.12.15 12:36:55.886,0.76109,0.76133,1.37,3.37
2016.12.15 12:36:55.937,0.7611,0.7613,1.00,1.75
2016.12.15 12:36:56.038,0.7611,0.76128,1.50,1.00
2016.12.15 12:36:56.286,0.76115,0.76128,1.00,1.00
2016.12.15 12:36:56.896,0.7611,0.76128,1.50,1.00
2016.12.15 12:36:57.697,0.76115,0.76128,1.00,1.00
2016.12.15 12:36:58.247,0.7611,0.7613,1.75,1.50
2016.12.15 12:36:58.348,0.76115,0.76134,1.00,1.75
2016.12.15 12:36:58.894,0.76115,0.76134,1.00,1.75
2016.12.15 12:37:00.290,0.7612,0.76134,1.00,1.75
2016.12.15 12:37:00.442,0.7612,0.76137,1.00,1.75
2016.12.15 12:37:00.543,0.76114,0.76137,1.75,1.75
2016.12.15 12:37:00.644,0.76119,0.76137,1.00,1.75
2016.12.15 12:37:00.694,0.76115,0.76137,1.75,2.25
2016.12.15 12:37:00.895,0.76116,0.76137,1.37,3.37
2016.12.15 12:37:01.073,0.7612,0.76137,1.00,1.00
2016.12.15 12:37:01.224,0.76124,0.76137,1.00,1.00
2016.12.15 12:37:01.975,0.76125,0.76137,1.00,1.00
2016.12.15 12:37:02.277,0.76134,0.7615,1.00,2.62
2016.12.15 12:37:02.328,0.76134,0.76152,1.00,1.75
2016.12.15 12:37:03.090,0.7613,0.7615,1.12,1.75
2016.12.15 12:37:03.412,0.76135,0.76152,1.00,1.75
2016.12.15 12:37:03.803,0.7613,0.7615,1.12,1.75
2016.12.15 12:37:04.646,0.7613,0.76144,1.12,1.00
2016.12.15 12:37:04.898,0.76125,0.76145,1.00,1.75
2016.12.15 12:37:04.948,0.7613,0.76147,1.00,3.37
2016.12.15 12:37:05.099,0.76124,0.76143,1.12,1.35
2016.12.15 12:37:05.250,0.76125,0.7614,1.00,1.35
2016.12.15 12:37:05.856,0.7612,0.7614,1.75,2.10
2016.12.15 12:37:06.058,0.7612,0.7614,1.00,2.25
2016.12.15 12:37:06.363,0.76125,0.7614,1.00,1.75
2016.12.15 12:37:07.034,0.76125,0.76143,1.00,1.75
2016.12.15 12:37:07.584,0.76124,0.76143,1.00,1.75
2016.12.15 12:37:07.736,0.76125,0.76146,1.00,1.75
2016.12.15 12:37:08.543,0.76125,0.76147,1.50,1.75
2016.12.15 12:37:09.091,0.76125,0.76146,1.00,1.75
2016.12.15 12:37:09.674,0.76125,0.76143,1.00,1.75
2016.12.15 12:37:09.775,0.76125,0.76143,1.00,1.75
2016.12.15 12:37:09.977,0.76125,0.76146,1.00,3.37
2016.12.15 12:37:10.522,0.76125,0.76146,1.00,1.75
2016.12.15 12:37:10.701,0.7613,0.76146,1.00,1.75
2016.12.15 12:37:11.200,0.76125,0.76143,1.00,1.75
2016.12.15 12:37:11.452,0.76125,0.76147,1.12,1.75
2016.12.15 12:37:11.912,0.76129,0.76147,1.00,1.75
2016.12.15 12:37:12.482,0.76129,0.76147,1.00,1.75
2016.12.15 12:37:12.683,0.76125,0.76143,1.50,1.00
2016.12.15 12:37:12.884,0.76125,0.76146,1.50,1.50
2016.12.15 12:37:13.196,0.7613,0.76146,1.00,1.50
2016.12.15 12:37:13.398,0.76124,0.76146,1.75,1.50
2016.12.15 12:37:13.449,0.7613,0.76149,1.00,2.62
2016.12.15 12:37:13.550,0.7613,0.7615,1.00,2.25
2016.12.15 12:37:14.073,0.76126,0.76145,1.00,1.00
2016.12.15 12:37:14.194,0.7613,0.76145,1.00,1.00
2016.12.15 12:37:15.292,0.76126,0.76145,1.00,1.00
2016.12.15 12:37:16.021,0.7613,0.76145,1.00,1.00
2016.12.15 12:37:17.280,0.76126,0.76145,1.00,1.00
2016.12.15 12:37:17.392,0.7613,0.76145,1.00,1.00
2016.12.15 12:37:17.883,0.7613,0.76147,1.00,1.75
2016.12.15 12:37:19.776,0.76124,0.76149,2.25,4.12
2016.12.15 12:37:19.827,0.7613,0.76149,1.00,2.62
2016.12.15 12:37:19.877,0.7613,0.76151,1.00,3.37
2016.12.15 12:37:20.462,0.7613,0.76151,1.12,1.75
2016.12.15 12:37:20.990,0.7613,0.76151,1.75,1.75
2016.12.15 12:37:21.296,0.7613,0.76151,1.00,1.75
2016.12.15 12:37:22.661,0.76125,0.76148,1.75,1.75
2016.12.15 12:37:22.813,0.76125,0.76148,1.75,1.75
2016.12.15 12:37:22.914,0.7613,0.76148,1.00,1.75
2016.12.15 12:37:24.578,0.76126,0.7615,1.50,2.62
2016.12.15 12:37:24.629,0.76135,0.7615,1.00,2.62
2016.12.15 12:37:24.679,0.76135,0.76151,1.00,1.75
2016.12.15 12:37:24.780,0.76135,0.76155,1.00,2.25
2016.12.15 12:37:24.881,0.76135,0.76154,1.50,2.25
2016.12.15 12:37:25.001,0.76135,0.76154,1.50,2.25
2016.12.15 12:37:25.307,0.76139,0.76155,1.00,1.75
2016.12.15 12:37:25.833,0.7614,0.76154,1.00,1.50
2016.12.15 12:37:26.639,0.76135,0.76154,1.75,1.50
2016.12.15 12:37:26.765,0.7614,0.76154,1.00,1.50
2016.12.15 12:37:26.897,0.76135,0.76154,1.75,1.50
2016.12.15 12:37:26.948,0.7614,0.76154,1.00,1.50
2016.12.15 12:37:27.015,0.76135,0.76154,1.75,1.50
2016.12.15 12:37:27.132,0.7614,0.76156,1.00,1.75
2016.12.15 12:37:27.708,0.76139,0.76157,1.00,1.75
2016.12.15 12:37:27.861,0.7614,0.76159,1.00,1.75
2016.12.15 12:37:28.032,0.7614,0.76158,1.00,3.37
2016.12.15 12:37:28.241,0.7614,0.76156,1.00,1.75
2016.12.15 12:37:28.292,0.7614,0.76156,1.00,1.75
2016.12.15 12:37:29.211,0.7614,0.76158,1.00,3.37
2016.12.15 12:37:29.261,0.7614,0.76158,1.00,1.75
2016.12.15 12:37:29.795,0.76139,0.76158,1.00,1.75
2016.12.15 12:37:30.324,0.76135,0.76155,1.00,2.25
2016.12.15 12:37:31.295,0.76135,0.76153,1.00,1.75
2016.12.15 12:37:31.801,0.76134,0.76152,1.00,1.75
2016.12.15 12:37:32.275,0.76134,0.76152,1.00,3.37
2016.12.15 12:37:32.907,0.76135,0.76151,1.00,1.75
2016.12.15 12:37:33.058,0.76135,0.76154,1.00,1.75
2016.12.15 12:37:33.229,0.76135,0.76154,1.00,1.75
2016.12.15 12:37:33.778,0.7613,0.76155,1.75,2.25
2016.12.15 12:37:33.828,0.76135,0.76155,1.00,3.37
2016.12.15 12:37:34.120,0.76135,0.76155,1.12,1.75
2016.12.15 12:37:34.322,0.7613,0.76152,1.75,1.75
2016.12.15 12:37:34.373,0.7613,0.76152,1.50,1.75
2016.12.15 12:37:34.524,0.7613,0.7615,1.50,1.75
2016.12.15 12:37:38.629,0.7613,0.76149,1.00,1.75
2016.12.15 12:37:39.163,0.7613,0.76146,1.00,1.00
2016.12.15 12:37:39.721,0.7613,0.76149,1.12,1.75
2016.12.15 12:37:45.932,0.7613,0.76152,1.37,1.75
2016.12.15 12:37:46.447,0.7613,0.76152,1.75,1.75
2016.12.15 12:37:49.700,0.76135,0.76152,1.00,1.75
2016.12.15 12:37:49.974,0.7613,0.76152,1.75,1.75
2016.12.15 12:37:50.175,0.7613,0.76152,1.50,1.75
2016.12.15 12:37:53.339,0.7613,0.76149,1.12,1.75
2016.12.15 12:37:53.591,0.76125,0.76149,1.75,1.75
2016.12.15 12:37:56.048,0.76125,0.76146,1.75,1.00
2016.12.15 12:37:56.546,0.76124,0.76147,1.75,2.25
2016.12.15 12:37:56.801,0.76124,0.76147,1.75,2.25
2016.12.15 12:37:58.593,0.7612,0.76143,1.75,1.75
2016.12.15 12:37:58.914,0.76125,0.76145,1.00,4.12
2016.12.15 12:37:59.014,0.76125,0.76145,1.50,1.75
2016.12.15 12:37:59.065,0.7613,0.76146,1.00,1.75
2016.12.15 12:38:00.274,0.7613,0.76151,1.50,1.75
2016.12.15 12:38:00.375,0.7613,0.76153,1.75,1.75
2016.12.15 12:38:00.816,0.7613,0.76153,1.75,1.75
2016.12.15 12:38:01.221,0.76135,0.76154,1.00,2.25
2016.12.15 12:38:01.422,0.76134,0.76154,1.00,1.75
2016.12.15 12:38:01.960,0.76135,0.76154,1.00,1.75
2016.12.15 12:38:02.227,0.7613,0.76154,1.75,1.75
2016.12.15 12:38:02.722,0.76135,0.76155,1.00,2.25
2016.12.15 12:38:04.838,0.7613,0.76151,1.75,1.37
2016.12.15 12:38:04.888,0.7613,0.7615,1.50,1.75
2016.12.15 12:38:05.701,0.7613,0.76149,1.00,1.75
2016.12.15 12:38:06.160,0.76135,0.76152,1.00,1.75
2016.12.15 12:38:06.211,0.76135,0.76149,1.00,1.00
2016.12.15 12:38:06.614,0.76131,0.76149,1.00,1.00
2016.12.15 12:38:06.770,0.7613,0.76152,1.50,1.75
2016.12.15 12:38:07.523,0.7613,0.76151,1.12,1.75
2016.12.15 12:38:08.058,0.76135,0.76152,1.00,1.75
2016.12.15 12:38:08.109,0.76135,0.76152,1.00,1.75
2016.12.15 12:38:08.260,0.7613,0.7615,1.75,1.50
2016.12.15 12:38:08.512,0.7613,0.76148,1.00,1.00
2016.12.15 12:38:08.666,0.7613,0.76149,1.00,1.75
2016.12.15 12:38:11.746,0.76125,0.76149,1.75,1.75
2016.12.15 12:38:11.941,0.76125,0.76144,1.00,1.00
2016.12.15 12:38:11.991,0.76124,0.76144,2.25,1.00
2016.12.15 12:38:12.709,0.76125,0.76145,1.50,1.75
2016.12.15 12:38:15.904,0.76122,0.76145,1.35,1.75
2016.12.15 12:38:15.955,0.76123,0.76142,1.00,1.00
2016.12.15 12:38:16.006,0.76122,0.76145,2.10,1.75
2016.12.15 12:38:16.534,0.76124,0.76145,1.12,1.75
2016.12.15 12:38:18.413,0.76125,0.76146,1.00,2.25
2016.12.15 12:38:21.523,0.76125,0.76145,1.50,1.75
2016.12.15 12:38:21.737,0.76125,0.76145,1.00,1.75
2016.12.15 12:38:24.462,0.76122,0.76144,1.67,1.75
2016.12.15 12:38:25.048,0.76125,0.76144,1.00,1.75
2016.12.15 12:38:25.598,0.76122,0.76144,1.67,1.75
2016.12.15 12:38:26.206,0.76125,0.76144,1.00,1.75
2016.12.15 12:38:26.526,0.76125,0.76143,1.37,1.00
2016.12.15 12:38:28.313,0.76125,0.76145,1.00,2.25
2016.12.15 12:38:28.544,0.76123,0.7614,1.00,1.12
2016.12.15 12:38:28.598,0.7612,0.7614,2.25,1.00
2016.12.15 12:38:29.464,0.76125,0.76145,1.12,2.25
2016.12.15 12:38:29.805,0.76124,0.76145,1.00,3.37
2016.12.15 12:38:30.575,0.76124,0.76145,1.12,1.75
2016.12.15 12:38:31.519,0.76125,0.76146,1.35,2.62
2016.12.15 12:38:31.671,0.76125,0.76145,1.75,1.50
2016.12.15 12:38:31.772,0.76125,0.76143,1.00,1.00
2016.12.15 12:38:32.168,0.76125,0.76145,1.75,1.75
2016.12.15 12:38:36.669,0.76124,0.76143,1.50,1.75
2016.12.15 12:38:37.121,0.76124,0.76143,1.00,1.75
2016.12.15 12:38:37.714,0.76125,0.76144,1.00,1.75
2016.12.15 12:38:39.116,0.7613,0.76144,1.00,1.75
2016.12.15 12:38:39.167,0.7613,0.76146,1.00,1.75
2016.12.15 12:38:39.267,0.7613,0.76146,1.00,1.37
2016.12.15 12:38:42.530,0.76125,0.76148,1.75,1.75
2016.12.15 12:38:43.106,0.7613,0.76148,1.00,1.75
2016.12.15 12:38:43.853,0.7613,0.76148,1.00,1.75
2016.12.15 12:38:44.249,0.76125,0.76148,1.75,1.75
2016.12.15 12:38:44.502,0.76124,0.76146,2.10,1.75
2016.12.15 12:38:45.845,0.76125,0.76145,1.00,1.75
2016.12.15 12:38:51.371,0.76123,0.76141,1.60,1.00
2016.12.15 12:38:52.195,0.76125,0.76141,1.00,1.00
2016.12.15 12:38:52.795,0.76125,0.76145,1.12,1.75
2016.12.15 12:38:53.109,0.76125,0.76145,1.00,2.25
2016.12.15 12:38:53.701,0.76125,0.76148,1.75,2.25
2016.12.15 12:38:54.218,0.76124,0.76145,1.50,1.75
2016.12.15 12:38:54.319,0.76124,0.76145,1.75,1.75
2016.12.15 12:38:54.596,0.76124,0.76149,2.25,1.75
2016.12.15 12:38:55.357,0.7613,0.7615,1.00,2.25
2016.12.15 12:38:56.754,0.76125,0.76149,1.75,1.75
2016.12.15 12:38:57.798,0.7613,0.76149,1.00,2.25
2016.12.15 12:38:58.134,0.76125,0.76149,1.75,2.25
2016.12.15 12:38:59.095,0.7613,0.7615,1.00,3.00
2016.12.15 12:38:59.642,0.76125,0.7615,1.75,3.75
2016.12.15 12:38:59.951,0.7613,0.7615,1.00,3.00
2016.12.15 12:39:02.311,0.7613,0.76144,1.00,1.00
2016.12.15 12:39:02.362,0.76126,0.76144,1.00,1.00
2016.12.15 12:39:02.413,0.76124,0.76146,1.50,2.25
2016.12.15 12:39:02.943,0.7612,0.76141,1.50,1.75
2016.12.15 12:39:03.044,0.7612,0.76139,1.00,1.75
2016.12.15 12:39:03.620,0.7612,0.76137,1.00,2.25
2016.12.15 12:39:04.436,0.7612,0.76138,1.00,1.75
2016.12.15 12:39:05.464,0.76115,0.76132,1.75,1.00
2016.12.15 12:39:05.515,0.76114,0.76132,1.75,1.37
2016.12.15 12:39:05.616,0.76114,0.76132,1.12,1.50
2016.12.15 12:39:06.154,0.7611,0.76134,1.75,1.75
2016.12.15 12:39:06.460,0.76115,0.76127,1.00,1.00
2016.12.15 12:39:09.024,0.7611,0.76127,1.00,1.00
2016.12.15 12:39:09.927,0.7611,0.7613,1.37,2.25
2016.12.15 12:39:10.129,0.7611,0.7613,1.75,1.37
2016.12.15 12:39:11.452,0.7611,0.76134,1.75,2.25
2016.12.15 12:39:15.743,0.76112,0.76135,1.75,1.50
2016.12.15 12:39:19.804,0.76111,0.76131,1.75,1.00
2016.12.15 12:39:19.955,0.7611,0.76129,1.75,1.12
2016.12.15 12:39:20.028,0.7611,0.76129,1.37,1.37
2016.12.15 12:39:20.179,0.76109,0.76131,1.72,1.75
2016.12.15 12:39:20.390,0.7611,0.7613,1.75,1.75
2016.12.15 12:39:20.701,0.7611,0.76135,1.75,3.00
2016.12.15 12:39:23.165,0.76112,0.76134,1.75,1.75
2016.12.15 12:39:24.644,0.7611,0.76133,1.75,1.50
2016.12.15 12:39:25.047,0.7611,0.7613,1.75,1.12
2016.12.15 12:39:25.249,0.7611,0.7613,1.75,1.37
2016.12.15 12:39:25.568,0.76115,0.76135,1.75,1.12
2016.12.15 12:39:25.669,0.76115,0.76135,1.12,2.25
2016.12.15 12:39:25.978,0.76115,0.76136,1.00,3.37
2016.12.15 12:39:26.079,0.76115,0.76136,1.00,1.75
2016.12.15 12:39:26.381,0.76115,0.76135,1.50,1.75
2016.12.15 12:39:26.485,0.76115,0.76131,1.00,1.00
2016.12.15 12:39:27.784,0.7611,0.7613,2.25,1.00
2016.12.15 12:39:27.885,0.7611,0.7613,1.87,1.75
2016.12.15 12:39:28.374,0.7611,0.76133,2.47,2.25
2016.12.15 12:39:28.791,0.76115,0.76132,1.00,1.75
2016.12.15 12:39:28.960,0.76113,0.76134,1.12,2.62
2016.12.15 12:39:29.011,0.76113,0.76135,1.12,2.25
2016.12.15 12:39:29.062,0.76111,0.76131,1.75,1.00
2016.12.15 12:39:29.364,0.76109,0.76131,1.50,4.12
2016.12.15 12:39:29.415,0.76109,0.7613,1.12,1.75
2016.12.15 12:39:29.948,0.76109,0.7613,1.37,1.75
2016.12.15 12:39:30.048,0.7611,0.76128,1.00,1.00
2016.12.15 12:39:30.486,0.76105,0.76128,2.25,1.75
2016.12.15 12:39:34.828,0.76109,0.76129,1.00,1.75
2016.12.15 12:39:35.566,0.7611,0.76128,1.00,1.75
2016.12.15 12:39:36.277,0.76114,0.76128,1.00,1.75
2016.12.15 12:39:37.014,0.7611,0.76126,1.00,1.00
2016.12.15 12:39:37.532,0.76105,0.76128,1.75,2.25
2016.12.15 12:39:37.583,0.76105,0.76127,1.75,2.25
2016.12.15 12:39:38.208,0.76105,0.76127,1.50,2.25
2016.12.15 12:39:38.639,0.7611,0.76127,1.00,2.25
2016.12.15 12:39:38.689,0.7611,0.76128,1.00,1.75
2016.12.15 12:39:39.222,0.76109,0.76128,1.00,1.75
2016.12.15 12:39:40.485,0.76109,0.76125,1.12,1.00
2016.12.15 12:39:41.313,0.7611,0.76128,1.00,1.75
2016.12.15 12:39:43.256,0.76105,0.76128,1.75,1.75
2016.12.15 12:39:43.379,0.76107,0.76127,1.00,1.50
2016.12.15 12:39:44.086,0.7611,0.76127,1.00,1.75
2016.12.15 12:39:45.056,0.76115,0.7613,1.00,2.62
2016.12.15 12:39:45.157,0.76115,0.76132,1.00,2.62
2016.12.15 12:39:45.258,0.76115,0.76134,1.00,1.75
2016.12.15 12:39:45.560,0.76109,0.76129,1.75,1.50
2016.12.15 12:39:45.611,0.76109,0.76129,1.37,1.50
2016.12.15 12:39:46.047,0.76115,0.76131,1.00,1.75
2016.12.15 12:39:46.903,0.7611,0.7613,1.12,1.75
2016.12.15 12:39:47.055,0.76115,0.76131,1.00,1.75
2016.12.15 12:39:49.278,0.7611,0.7613,1.12,3.00
2016.12.15 12:39:49.429,0.76107,0.76126,1.00,1.00
2016.12.15 12:39:50.146,0.7611,0.76126,1.00,1.00
2016.12.15 12:39:50.545,0.76115,0.76126,1.00,1.00
2016.12.15 12:39:50.856,0.76115,0.76134,1.12,1.75
2016.12.15 12:39:51.514,0.7612,0.76134,1.00,1.75
2016.12.15 12:39:51.766,0.7612,0.76134,1.00,1.00
2016.12.15 12:39:52.451,0.7612,0.76137,1.00,1.50
2016.12.15 12:39:53.026,0.7612,0.76136,1.00,1.87
2016.12.15 12:39:53.873,0.7612,0.76134,1.00,1.00
2016.12.15 12:39:55.299,0.76119,0.76136,1.50,1.12
2016.12.15 12:39:56.084,0.7612,0.76135,1.12,1.00
2016.12.15 12:39:56.649,0.76119,0.76135,1.00,1.00
2016.12.15 12:39:57.017,0.76117,0.76135,1.00,1.00
2016.12.15 12:39:57.275,0.7612,0.76135,1.00,1.00
2016.12.15 12:39:58.224,0.7612,0.76138,1.12,1.50
2016.12.15 12:39:58.583,0.7612,0.76138,1.12,2.25
2016.12.15 12:39:59.104,0.7612,0.76137,1.12,1.50
2016.12.15 12:39:59.425,0.7612,0.76136,1.00,1.75
2016.12.15 12:40:00.086,0.76114,0.76136,1.75,2.25
2016.12.15 12:40:00.263,0.7612,0.76136,1.00,1.75
2016.12.15 12:40:01.845,0.76125,0.76136,1.00,1.75
2016.12.15 12:40:02.133,0.76127,0.76145,1.00,1.00
2016.12.15 12:40:05.210,0.76129,0.76145,1.00,1.00
2016.12.15 12:40:05.462,0.7612,0.7614,2.25,1.12
2016.12.15 12:40:05.513,0.76117,0.76138,1.75,1.00
2016.12.15 12:40:05.766,0.76115,0.76138,1.75,1.75
2016.12.15 12:40:05.825,0.7612,0.76137,1.00,1.50
2016.12.15 12:40:06.136,0.76125,0.76145,1.00,3.37
2016.12.15 12:40:06.237,0.76125,0.76143,1.00,1.00
2016.12.15 12:40:06.438,0.76125,0.76145,1.75,1.50
2016.12.15 12:40:07.664,0.7613,0.7615,1.00,2.62
2016.12.15 12:40:07.967,0.76135,0.76154,1.00,1.75
2016.12.15 12:40:10.643,0.76129,0.76155,1.75,1.75
2016.12.15 12:40:11.146,0.7613,0.76149,1.50,1.00
2016.12.15 12:40:11.930,0.76135,0.76149,1.00,1.00
2016.12.15 12:40:12.258,0.76135,0.76155,1.12,1.75
2016.12.15 12:40:18.814,0.76132,0.7615,1.75,1.00
2016.12.15 12:40:18.864,0.76135,0.76155,1.12,1.75
2016.12.15 12:40:19.016,0.7613,0.7615,1.50,1.37
2016.12.15 12:40:19.066,0.7613,0.7615,1.50,1.75
2016.12.15 12:40:19.682,0.7613,0.7615,1.12,1.75
2016.12.15 12:40:20.175,0.76129,0.76151,1.75,1.75
2016.12.15 12:40:20.820,0.76135,0.76148,1.00,1.00
2016.12.15 12:40:20.971,0.76135,0.76155,1.00,1.75
2016.12.15 12:40:21.022,0.76135,0.76155,2.47,1.75
2016.12.15 12:40:21.153,0.76135,0.76155,2.10,1.75
2016.12.15 12:40:21.203,0.76136,0.76155,1.35,1.37
2016.12.15 12:40:21.254,0.76137,0.76155,1.35,1.00
2016.12.15 12:40:22.003,0.7614,0.76159,1.12,1.75
2016.12.15 12:40:23.158,0.76139,0.7616,1.00,2.25
2016.12.15 12:40:23.671,0.76139,0.7616,1.50,2.25
2016.12.15 12:40:24.047,0.7614,0.7616,1.00,3.37
2016.12.15 12:40:24.148,0.76135,0.7616,2.25,4.12
2016.12.15 12:40:24.275,0.7614,0.7616,1.00,4.12
2016.12.15 12:40:24.326,0.76137,0.7616,1.00,4.12
2016.12.15 12:40:24.376,0.76135,0.7616,3.00,2.25
2016.12.15 12:40:24.563,0.76142,0.76161,1.00,1.50
2016.12.15 12:40:24.613,0.76145,0.76161,1.00,1.00
2016.12.15 12:40:24.714,0.76142,0.76161,1.00,1.00
2016.12.15 12:40:24.815,0.76141,0.76164,1.75,1.75
2016.12.15 12:40:25.067,0.7614,0.76162,1.75,1.75
2016.12.15 12:40:25.167,0.7614,0.76162,1.12,1.75
2016.12.15 12:40:27.600,0.76144,0.76161,1.00,1.75
2016.12.15 12:40:27.804,0.76145,0.76161,1.00,1.75
2016.12.15 12:40:30.979,0.76144,0.76161,1.00,1.75
2016.12.15 12:40:31.559,0.7614,0.76161,1.75,1.75
2016.12.15 12:40:31.870,0.76145,0.76162,1.00,1.00
2016.12.15 12:40:31.971,0.76145,0.76164,1.50,1.00
2016.12.15 12:40:32.459,0.76149,0.76164,1.00,1.00
2016.12.15 12:40:32.610,0.76149,0.76169,1.00,1.75
2016.12.15 12:40:33.651,0.7615,0.7617,1.00,3.00
2016.12.15 12:40:34.079,0.76144,0.76166,1.75,1.12
2016.12.15 12:40:34.225,0.76145,0.76165,1.37,1.75
2016.12.15 12:40:34.276,0.76145,0.76165,1.12,1.75
2016.12.15 12:40:34.377,0.76145,0.76165,1.50,1.50
2016.12.15 12:40:34.668,0.76144,0.76166,1.50,2.25
2016.12.15 12:40:34.869,0.76144,0.76166,2.25,1.37
2016.12.15 12:40:35.182,0.76145,0.76165,1.50,1.75
2016.12.15 12:40:35.549,0.76145,0.76165,1.00,1.75
2016.12.15 12:40:35.894,0.7615,0.76164,1.00,1.00
2016.12.15 12:40:37.439,0.76144,0.76166,1.37,3.00
2016.12.15 12:40:38.189,0.76144,0.76166,1.12,3.00
2016.12.15 12:40:38.527,0.76149,0.76166,1.00,1.75
2016.12.15 12:40:40.001,0.76145,0.76165,1.00,1.75
2016.12.15 12:40:40.222,0.76145,0.76165,1.75,1.75
2016.12.15 12:40:40.672,0.7615,0.76168,1.00,1.75
2016.12.15 12:40:40.912,0.76145,0.76165,1.75,1.75
2016.12.15 12:40:41.366,0.7615,0.76168,1.00,1.75
2016.12.15 12:40:41.416,0.76145,0.76165,1.75,1.75
2016.12.15 12:40:41.719,0.76144,0.76162,1.37,1.50
2016.12.15 12:40:41.819,0.7614,0.7616,1.50,1.75
2016.12.15 12:40:42.145,0.76145,0.76162,1.00,1.75
2016.12.15 12:40:42.461,0.76145,0.76165,1.12,3.37
2016.12.15 12:40:42.512,0.76144,0.76166,1.75,1.75
2016.12.15 12:40:43.530,0.76142,0.7616,1.75,1.00
2016.12.15 12:40:43.732,0.76135,0.76158,1.75,1.75
2016.12.15 12:40:43.985,0.76131,0.76156,1.75,3.00
2016.12.15 12:40:44.417,0.7614,0.76156,1.00,2.25
2016.12.15 12:40:44.518,0.7614,0.76155,1.00,1.00
2016.12.15 12:40:44.897,0.76136,0.76155,1.00,1.50
2016.12.15 12:40:44.947,0.7614,0.76155,1.00,1.00
2016.12.15 12:40:45.121,0.76136,0.76155,1.00,2.25
2016.12.15 12:40:46.074,0.76136,0.7615,1.00,1.00
2016.12.15 12:40:46.226,0.76125,0.76146,3.37,1.00
2016.12.15 12:40:46.327,0.76125,0.76146,1.75,1.75
2016.12.15 12:40:46.428,0.76125,0.76146,1.37,1.75
2016.12.15 12:40:46.528,0.76125,0.76147,1.50,1.75
2016.12.15 12:40:46.629,0.76129,0.76147,1.00,1.75
2016.12.15 12:40:46.730,0.76125,0.76145,1.50,1.37
2016.12.15 12:40:46.904,0.76125,0.76145,1.50,1.00
2016.12.15 12:40:47.059,0.7613,0.7615,1.75,1.50
2016.12.15 12:40:47.210,0.7613,0.76151,1.50,1.75
2016.12.15 12:40:47.512,0.76135,0.76152,1.12,1.75
2016.12.15 12:40:47.563,0.76135,0.76155,1.12,1.75
2016.12.15 12:40:52.132,0.7614,0.76156,1.00,1.75
2016.12.15 12:40:53.357,0.76135,0.76155,1.12,1.75
2016.12.15 12:40:53.820,0.7614,0.76156,1.00,1.75
2016.12.15 12:40:53.971,0.7614,0.76159,1.00,3.37
2016.12.15 12:40:54.073,0.7614,0.76159,1.00,1.75
2016.12.15 12:40:54.224,0.7614,0.76159,1.00,3.37
2016.12.15 12:40:54.345,0.76135,0.76155,1.50,1.75
2016.12.15 12:40:55.419,0.7614,0.76159,1.00,3.37
2016.12.15 12:40:56.131,0.76135,0.76155,1.50,1.75
2016.12.15 12:40:56.232,0.7614,0.76159,1.00,3.37
2016.12.15 12:40:56.585,0.7614,0.7616,1.00,2.25
2016.12.15 12:40:56.915,0.76136,0.76155,1.00,1.50
2016.12.15 12:40:57.499,0.7614,0.76155,1.00,1.00
2016.12.15 12:40:59.014,0.76136,0.76155,1.00,1.50
2016.12.15 12:41:00.013,0.7614,0.76155,1.00,1.00
2016.12.15 12:41:00.562,0.7614,0.76159,1.00,2.62
2016.12.15 12:41:00.663,0.7614,0.7616,1.00,1.75
2016.12.15 12:41:00.764,0.7614,0.7616,1.75,1.50
2016.12.15 12:41:00.966,0.76139,0.7616,1.75,1.75
2016.12.15 12:41:01.153,0.76134,0.76156,1.75,1.75
2016.12.15 12:41:01.743,0.7614,0.76157,1.00,1.75
2016.12.15 12:41:02.113,0.76134,0.76156,1.75,1.75
2016.12.15 12:41:02.560,0.76135,0.76154,1.00,1.75
2016.12.15 12:41:03.129,0.7613,0.76155,1.75,2.25
2016.12.15 12:41:03.280,0.7613,0.76153,1.50,1.75
2016.12.15 12:41:05.652,0.7613,0.76146,1.50,1.00
2016.12.15 12:41:05.803,0.76127,0.76146,1.50,1.50
2016.12.15 12:41:05.854,0.76127,0.76146,1.12,1.50
2016.12.15 12:41:06.339,0.76125,0.76146,1.12,1.75
2016.12.15 12:41:07.454,0.7612,0.76139,1.50,1.12
2016.12.15 12:41:07.504,0.7612,0.76138,1.50,1.00
2016.12.15 12:41:07.555,0.7612,0.76138,1.12,1.37
2016.12.15 12:41:07.894,0.76125,0.76139,1.00,1.00
2016.12.15 12:41:08.185,0.7612,0.76138,1.50,1.00
2016.12.15 12:41:08.236,0.7612,0.76138,1.12,1.37
2016.12.15 12:41:08.540,0.76119,0.76136,1.00,2.25
2016.12.15 12:41:09.057,0.7612,0.76133,1.00,1.50
2016.12.15 12:41:09.158,0.7611,0.76131,1.75,1.00
2016.12.15 12:41:09.259,0.7611,0.76128,1.75,1.00
2016.12.15 12:41:09.360,0.7611,0.76129,1.50,1.37
2016.12.15 12:41:09.461,0.7611,0.76129,1.12,1.50
2016.12.15 12:41:09.933,0.76105,0.76125,1.75,1.00
2016.12.15 12:41:10.034,0.76105,0.76125,1.75,1.12
2016.12.15 12:41:10.552,0.76109,0.76125,1.00,1.00
2016.12.15 12:41:10.754,0.76104,0.76124,1.50,1.37
2016.12.15 12:41:10.913,0.76104,0.76124,1.75,1.50
2016.12.15 12:41:11.148,0.76104,0.76123,1.50,1.37
2016.12.15 12:41:11.482,0.76105,0.76122,1.00,1.75
2016.12.15 12:41:11.583,0.76105,0.76123,1.00,1.75
2016.12.15 12:41:12.527,0.76111,0.76127,1.00,2.62
2016.12.15 12:41:12.780,0.7612,0.76138,1.00,1.75
2016.12.15 12:41:13.944,0.7612,0.76136,1.00,1.50
2016.12.15 12:41:14.594,0.76115,0.76135,1.50,1.37
2016.12.15 12:41:14.866,0.7612,0.7614,1.00,4.12
2016.12.15 12:41:15.741,0.76115,0.76135,1.50,1.37
2016.12.15 12:41:16.055,0.7612,0.76139,1.00,1.75
2016.12.15 12:41:16.625,0.76115,0.76135,1.50,1.37
2016.12.15 12:41:16.863,0.76115,0.76136,1.50,1.50
2016.12.15 12:41:17.170,0.76115,0.76133,1.00,1.75
2016.12.15 12:41:17.313,0.76109,0.76133,1.75,1.75
2016.12.15 12:41:17.522,0.76115,0.76133,1.00,1.75
2016.12.15 12:41:17.573,0.7611,0.76133,1.75,1.75
2016.12.15 12:41:19.444,0.7611,0.76129,1.75,1.00
2016.12.15 12:41:19.495,0.7611,0.7613,1.50,1.75
2016.12.15 12:41:19.596,0.76105,0.76128,1.75,1.75
2016.12.15 12:41:19.899,0.76105,0.76122,1.00,1.00
2016.12.15 12:41:20.382,0.7611,0.76122,1.00,1.00
2016.12.15 12:41:20.633,0.7611,0.7613,1.00,2.62
2016.12.15 12:41:20.892,0.7611,0.76131,1.12,1.75
2016.12.15 12:41:23.065,0.7611,0.76132,1.37,1.75
2016.12.15 12:41:23.812,0.7611,0.76132,1.75,1.75
2016.12.15 12:41:26.912,0.76115,0.76131,1.00,1.75
2016.12.15 12:41:27.116,0.76109,0.76131,2.25,1.75
2016.12.15 12:41:27.813,0.76114,0.76133,1.00,1.75
2016.12.15 12:41:28.184,0.7611,0.76133,1.75,1.75
2016.12.15 12:41:28.234,0.76115,0.76134,1.00,2.25
2016.12.15 12:41:30.702,0.7612,0.76133,1.00,1.75
2016.12.15 12:41:30.757,0.76114,0.76133,1.00,1.75
2016.12.15 12:41:32.798,0.76115,0.76133,1.00,1.75
2016.12.15 12:41:32.999,0.76115,0.76129,1.00,1.37
2016.12.15 12:41:33.970,0.7611,0.76129,1.12,1.75
2016.12.15 12:41:34.120,0.76114,0.7613,1.00,1.75
2016.12.15 12:41:34.172,0.76109,0.7613,1.75,1.50
2016.12.15 12:41:34.223,0.76115,0.7613,1.00,1.50
2016.12.15 12:41:34.541,0.76115,0.7613,1.00,1.75
2016.12.15 12:41:35.206,0.76115,0.76128,1.00,1.00
2016.12.15 12:41:35.840,0.76115,0.76133,1.00,1.50
2016.12.15 12:41:36.716,0.7612,0.76133,1.00,1.50
2016.12.15 12:41:36.868,0.76115,0.76133,1.00,1.50
2016.12.15 12:41:40.071,0.76119,0.76133,1.00,1.50
2016.12.15 12:41:40.428,0.76115,0.76133,1.00,1.50
2016.12.15 12:41:40.936,0.7612,0.76133,1.00,1.50
2016.12.15 12:41:44.149,0.76114,0.76136,1.12,3.00
2016.12.15 12:41:44.831,0.76115,0.76134,1.00,2.25
2016.12.15 12:41:45.193,0.7612,0.76134,1.00,2.25
2016.12.15 12:41:45.637,0.76114,0.76133,1.12,1.50
2016.12.15 12:41:45.838,0.76115,0.76132,1.00,1.75
2016.12.15 12:41:46.373,0.76115,0.76129,1.00,1.75
2016.12.15 12:41:46.641,0.7611,0.76128,1.12,1.50
2016.12.15 12:41:47.351,0.7611,0.76127,1.00,1.75
2016.12.15 12:41:47.653,0.7611,0.7613,1.00,1.75
2016.12.15 12:41:47.855,0.76115,0.76129,1.00,1.75
2016.12.15 12:41:47.956,0.7611,0.76132,1.00,4.12
2016.12.15 12:41:48.188,0.7611,0.76131,1.50,2.25
2016.12.15 12:41:48.659,0.76115,0.76133,1.00,1.75
2016.12.15 12:41:49.836,0.7612,0.76132,1.00,1.75
2016.12.15 12:41:50.085,0.76115,0.76132,1.00,1.75
2016.12.15 12:41:50.238,0.7612,0.76132,1.00,1.75
2016.12.15 12:41:50.568,0.76115,0.76134,1.00,3.37
2016.12.15 12:41:52.260,0.7611,0.76132,1.50,1.75
2016.12.15 12:41:52.814,0.76115,0.76132,1.00,1.75
2016.12.15 12:41:52.973,0.76115,0.76133,1.00,1.75
2016.12.15 12:41:53.637,0.76114,0.76133,1.00,1.75
2016.12.15 12:41:54.182,0.76115,0.7613,1.00,1.12
2016.12.15 12:41:54.283,0.7611,0.7613,1.50,1.75
2016.12.15 12:41:55.060,0.76115,0.76132,1.00,1.75
2016.12.15 12:41:55.161,0.76115,0.76133,1.00,1.75
2016.12.15 12:41:57.913,0.7612,0.76133,1.00,1.75
2016.12.15 12:41:58.240,0.76115,0.76132,1.00,1.75
2016.12.15 12:41:59.260,0.7611,0.76134,1.75,2.25
2016.12.15 12:42:00.036,0.76115,0.7613,1.00,1.12
2016.12.15 12:42:00.107,0.76109,0.7613,1.75,1.12
2016.12.15 12:42:00.208,0.76109,0.76126,1.75,1.00
2016.12.15 12:42:00.309,0.76109,0.76127,1.50,1.00
2016.12.15 12:42:00.511,0.76109,0.76125,1.00,1.00
2016.12.15 12:42:00.817,0.76115,0.76127,1.00,1.00
2016.12.15 12:42:01.073,0.76115,0.76132,1.00,1.00
2016.12.15 12:42:01.594,0.76115,0.76133,1.50,1.12
2016.12.15 12:42:02.712,0.7612,0.76134,1.00,1.50
2016.12.15 12:42:07.250,0.7612,0.76136,1.00,1.50
2016.12.15 12:42:09.832,0.76115,0.76139,2.25,2.25
2016.12.15 12:42:09.987,0.76115,0.76134,1.75,1.50
2016.12.15 12:42:10.309,0.76115,0.76134,1.00,2.25
2016.12.15 12:42:10.799,0.76115,0.76133,1.00,1.00
2016.12.15 12:42:10.850,0.7612,0.76133,1.00,1.00
2016.12.15 12:42:11.011,0.76116,0.76135,1.50,1.12
2016.12.15 12:42:11.062,0.7612,0.76138,1.00,1.75
2016.12.15 12:42:11.113,0.7612,0.7614,1.12,2.25
2016.12.15 12:42:11.552,0.76125,0.76141,1.00,1.75
2016.12.15 12:42:11.653,0.7612,0.76142,1.12,4.87
2016.12.15 12:42:12.633,0.76114,0.7614,2.25,1.75
2016.12.15 12:42:12.734,0.76114,0.7614,2.25,3.37
2016.12.15 12:42:14.026,0.76114,0.76137,1.50,1.75
2016.12.15 12:42:16.343,0.76119,0.76138,1.00,1.75
2016.12.15 12:42:18.852,0.76115,0.76135,1.12,1.75
2016.12.15 12:42:18.903,0.7612,0.76138,1.00,1.75
2016.12.15 12:42:18.953,0.76114,0.76136,1.50,1.75
2016.12.15 12:42:19.004,0.7612,0.76137,1.00,1.75
2016.12.15 12:42:19.105,0.76115,0.76137,1.50,1.75
2016.12.15 12:42:19.206,0.7612,0.76138,1.00,1.75
2016.12.15 12:42:19.256,0.76115,0.76139,1.75,1.75
2016.12.15 12:42:19.723,0.76114,0.76138,1.12,1.75
2016.12.15 12:42:19.824,0.76115,0.76138,1.75,1.75
2016.12.15 12:42:20.336,0.7612,0.76138,1.00,1.75
2016.12.15 12:42:20.547,0.76115,0.76138,1.75,1.75
2016.12.15 12:42:21.405,0.76115,0.76135,1.37,2.25
2016.12.15 12:42:21.457,0.76115,0.76132,1.00,1.50
2016.12.15 12:42:21.608,0.76115,0.76132,1.00,1.75
2016.12.15 12:42:22.253,0.76115,0.76132,1.00,1.75
2016.12.15 12:42:22.514,0.7611,0.76132,1.75,1.75
2016.12.15 12:42:22.780,0.76115,0.76133,1.00,1.75
2016.12.15 12:42:22.881,0.7611,0.76132,1.75,1.75
2016.12.15 12:42:22.932,0.7611,0.76132,1.75,1.75
2016.12.15 12:42:22.982,0.7611,0.76128,1.75,1.00
2016.12.15 12:42:23.033,0.7611,0.76128,1.50,1.12
2016.12.15 12:42:23.134,0.7611,0.76128,1.00,1.75
2016.12.15 12:42:23.336,0.76105,0.76129,1.75,1.75
2016.12.15 12:42:23.436,0.76105,0.76128,1.50,1.75
2016.12.15 12:42:23.881,0.76109,0.76128,1.00,1.75
2016.12.15 12:42:24.536,0.76105,0.76128,1.50,1.75
2016.12.15 12:42:24.851,0.76105,0.76126,1.75,1.75
2016.12.15 12:42:25.471,0.76105,0.76127,1.50,1.75
2016.12.15 12:42:26.001,0.76104,0.76127,1.50,1.75
2016.12.15 12:42:26.738,0.76105,0.76129,1.75,2.25
2016.12.15 12:42:27.250,0.76105,0.76128,1.37,2.62
2016.12.15 12:42:27.748,0.76105,0.76126,1.00,1.75
2016.12.15 12:42:28.567,0.76105,0.76125,1.12,1.75
2016.12.15 12:42:29.726,0.761,0.7612,1.75,1.00
2016.12.15 12:42:29.978,0.761,0.7612,1.75,3.00
2016.12.15 12:42:30.028,0.761,0.76118,1.37,1.37
2016.12.15 12:42:30.160,0.761,0.76122,1.75,1.75
2016.12.15 12:42:30.262,0.761,0.76118,1.00,1.00
2016.12.15 12:42:30.463,0.761,0.76116,1.00,1.00
2016.12.15 12:42:30.809,0.76105,0.76116,1.00,1.00
2016.12.15 12:42:30.860,0.761,0.76122,1.12,1.75
2016.12.15 12:42:30.960,0.76104,0.76121,1.00,1.75
2016.12.15 12:42:31.508,0.76105,0.76125,1.00,2.62
2016.12.15 12:42:31.558,0.76105,0.76127,1.12,1.75
2016.12.15 12:42:32.062,0.76105,0.76124,1.00,1.75
2016.12.15 12:42:33.937,0.76098,0.76123,2.25,1.75
2016.12.15 12:42:34.313,0.76105,0.76124,1.00,1.75
2016.12.15 12:42:34.884,0.76104,0.76123,1.00,1.75
2016.12.15 12:42:35.187,0.76105,0.76123,1.00,1.75
2016.12.15 12:42:36.184,0.76105,0.76123,1.00,1.75
2016.12.15 12:42:44.669,0.7611,0.76124,1.00,1.75
2016.12.15 12:42:44.892,0.76105,0.76123,1.00,1.75
2016.12.15 12:42:46.348,0.76099,0.76123,1.75,1.75
2016.12.15 12:42:46.883,0.76104,0.7612,1.00,1.75
2016.12.15 12:42:46.934,0.761,0.7612,1.12,2.25
2016.12.15 12:42:47.448,0.76105,0.76123,1.00,3.37
2016.12.15 12:42:47.499,0.76105,0.76123,1.00,1.75
2016.12.15 12:42:48.390,0.76099,0.76121,1.75,1.75
2016.12.15 12:42:48.608,0.76105,0.76123,1.00,3.00
2016.12.15 12:42:48.911,0.761,0.76118,1.00,1.75
2016.12.15 12:42:49.062,0.76098,0.76119,1.00,2.62
2016.12.15 12:42:49.213,0.761,0.76119,1.00,2.62
2016.12.15 12:42:49.314,0.761,0.76121,1.75,1.75
2016.12.15 12:42:49.415,0.761,0.76122,1.12,1.75
2016.12.15 12:42:49.887,0.761,0.76119,1.00,1.75
2016.12.15 12:42:50.222,0.761,0.76117,1.00,1.00
2016.12.15 12:42:51.326,0.76098,0.76117,1.00,1.00
2016.12.15 12:42:51.498,0.76094,0.7612,1.75,3.37
2016.12.15 12:42:51.800,0.761,0.76119,1.00,1.75
2016.12.15 12:42:52.052,0.76095,0.76119,1.50,1.75
2016.12.15 12:42:53.963,0.76095,0.76117,1.37,1.75
2016.12.15 12:42:54.013,0.76095,0.76112,1.00,1.00
2016.12.15 12:42:54.530,0.76094,0.76112,1.50,1.00
2016.12.15 12:42:55.070,0.76095,0.76112,1.00,1.00
2016.12.15 12:42:55.991,0.76094,0.76112,1.50,1.50
2016.12.15 12:42:56.142,0.76095,0.76112,1.00,2.25
2016.12.15 12:42:56.454,0.76095,0.76112,1.00,2.25
2016.12.15 12:42:59.441,0.76086,0.76106,2.25,1.00
2016.12.15 12:43:00.113,0.76086,0.76105,2.25,1.00
2016.12.15 12:43:00.476,0.76089,0.76111,1.50,2.25
2016.12.15 12:43:00.845,0.7609,0.7611,2.85,1.50
2016.12.15 12:43:00.946,0.76092,0.7611,2.10,1.00
2016.12.15 12:43:01.248,0.7609,0.7611,3.37,1.00
2016.12.15 12:43:01.350,0.7609,0.7611,1.75,2.25
2016.12.15 12:43:01.400,0.7609,0.76107,1.37,1.12
2016.12.15 12:43:01.451,0.76085,0.76107,1.75,1.50
2016.12.15 12:43:01.552,0.76085,0.761,1.75,1.00
2016.12.15 12:43:01.767,0.76085,0.76105,2.25,1.00
2016.12.15 12:43:02.242,0.76085,0.7611,3.37,1.50
2016.12.15 12:43:02.597,0.76085,0.76105,3.37,1.00
2016.12.15 12:43:02.813,0.76085,0.7611,3.37,1.50
2016.12.15 12:43:04.777,0.76085,0.76105,3.37,1.00
2016.12.15 12:43:04.878,0.76085,0.7611,3.37,1.50
2016.12.15 12:43:05.029,0.76089,0.76107,1.00,1.00
2016.12.15 12:43:05.721,0.76085,0.7611,1.75,1.75
2016.12.15 12:43:07.398,0.76083,0.761,1.75,1.00
2016.12.15 12:43:07.499,0.76065,0.76085,9.00,1.00
2016.12.15 12:43:07.650,0.76063,0.76085,1.75,1.75
2016.12.15 12:43:07.963,0.76062,0.76081,1.00,1.00
2016.12.15 12:43:08.014,0.76061,0.76085,3.00,2.25
2016.12.15 12:43:08.528,0.76061,0.76085,3.00,2.25
2016.12.15 12:43:10.177,0.76061,0.7608,1.75,1.00
2016.12.15 12:43:10.328,0.76059,0.7608,2.25,1.12
2016.12.15 12:43:12.659,0.76065,0.76084,1.00,1.75
2016.12.15 12:43:12.759,0.76061,0.76081,2.25,1.50
2016.12.15 12:43:12.961,0.76061,0.76085,2.25,1.75
2016.12.15 12:43:13.513,0.76065,0.76085,1.50,1.50
2016.12.15 12:43:13.564,0.76066,0.76085,1.00,1.50
2016.12.15 12:43:18.636,0.76065,0.76089,1.75,1.75
2016.12.15 12:43:19.177,0.76065,0.7609,2.25,1.75
2016.12.15 12:43:19.479,0.76072,0.76095,2.25,1.75
2016.12.15 12:43:19.781,0.76078,0.76095,1.00,1.00
2016.12.15 12:43:20.269,0.76074,0.76095,1.75,1.75
2016.12.15 12:43:22.346,0.7607,0.7609,3.37,1.00
2016.12.15 12:43:22.497,0.7607,0.7609,1.75,1.37
2016.12.15 12:43:22.750,0.7607,0.76091,2.62,1.37
2016.12.15 12:43:22.801,0.76071,0.76091,2.62,1.00
2016.12.15 12:43:23.011,0.76074,0.76095,1.00,1.75
2016.12.15 12:43:23.125,0.76074,0.76096,1.75,1.50
2016.12.15 12:43:23.175,0.76074,0.76096,1.75,1.50
2016.12.15 12:43:23.375,0.76074,0.76095,1.75,1.75
2016.12.15 12:43:23.735,0.7607,0.7609,4.12,1.00
2016.12.15 12:43:23.786,0.7607,0.7609,1.75,1.00
2016.12.15 12:43:24.292,0.76071,0.76091,1.75,1.12
2016.12.15 12:43:24.394,0.76071,0.76095,1.75,2.25
2016.12.15 12:43:24.706,0.76073,0.76092,1.37,1.37
2016.12.15 12:43:24.807,0.76073,0.76095,1.75,1.50
2016.12.15 12:43:26.851,0.76074,0.76096,1.75,1.50
2016.12.15 12:43:27.380,0.76075,0.76099,1.75,1.75
2016.12.15 12:43:27.909,0.76073,0.76095,1.75,1.50
2016.12.15 12:43:28.474,0.76072,0.76095,1.75,1.75
2016.12.15 12:43:29.015,0.7607,0.7609,3.37,1.00
2016.12.15 12:43:29.115,0.7607,0.76095,2.25,2.25
2016.12.15 12:43:30.004,0.76077,0.76095,1.00,1.50
2016.12.15 12:43:33.855,0.76072,0.76095,2.25,1.50
2016.12.15 12:43:33.905,0.76073,0.76095,1.50,1.75
2016.12.15 12:43:34.208,0.7607,0.7609,1.75,1.50
2016.12.15 12:43:34.580,0.7607,0.7609,1.12,1.75
2016.12.15 12:43:35.115,0.76071,0.7609,1.00,1.00
2016.12.15 12:43:35.354,0.7607,0.76095,2.25,2.25
2016.12.15 12:43:35.405,0.76073,0.76092,1.50,1.00
2016.12.15 12:43:35.506,0.76073,0.76095,1.75,1.50
2016.12.15 12:43:35.810,0.7607,0.76095,4.87,2.25
2016.12.15 12:43:36.118,0.7607,0.7609,2.25,1.50
2016.12.15 12:43:37.388,0.76069,0.76091,1.50,2.25
2016.12.15 12:43:37.439,0.76069,0.76091,1.50,2.25
2016.12.15 12:43:37.909,0.7607,0.76094,1.75,1.75
2016.12.15 12:43:38.211,0.76075,0.76098,1.75,1.75
2016.12.15 12:43:40.125,0.76074,0.76095,1.75,1.12
2016.12.15 12:43:44.221,0.76074,0.76099,2.25,1.75
2016.12.15 12:43:45.680,0.7608,0.761,1.00,1.75
2016.12.15 12:43:45.730,0.7608,0.761,1.12,1.75
2016.12.15 12:43:48.498,0.76079,0.76099,1.37,1.75
2016.12.15 12:43:48.754,0.76075,0.76098,1.75,1.75
2016.12.15 12:43:48.939,0.76075,0.76096,1.12,1.75
2016.12.15 12:43:50.428,0.7608,0.76096,1.00,1.75
2016.12.15 12:43:50.642,0.76079,0.76098,1.00,1.75
2016.12.15 12:43:51.555,0.7608,0.76098,1.00,1.75
2016.12.15 12:43:52.344,0.76075,0.76098,1.75,1.75
2016.12.15 12:43:52.745,0.76075,0.76096,1.12,1.75
2016.12.15 12:43:53.011,0.7608,0.76096,1.00,1.75
2016.12.15 12:43:53.354,0.76075,0.76098,1.12,3.37
2016.12.15 12:43:53.455,0.76075,0.76098,1.50,1.75
2016.12.15 12:43:55.821,0.76075,0.761,2.25,4.87
2016.12.15 12:43:55.871,0.76078,0.76097,1.00,1.00
2016.12.15 12:43:55.922,0.76078,0.76095,1.00,1.00
2016.12.15 12:43:56.023,0.76078,0.76097,1.00,1.00
2016.12.15 12:43:56.224,0.76078,0.76095,1.00,1.00
2016.12.15 12:43:56.334,0.76076,0.76095,1.00,1.50
2016.12.15 12:43:56.946,0.76075,0.76095,2.25,1.12
2016.12.15 12:43:57.248,0.7608,0.76095,1.35,1.00
2016.12.15 12:43:57.349,0.7608,0.761,2.10,2.25
2016.12.15 12:43:58.037,0.7608,0.76095,1.67,1.00
2016.12.15 12:43:58.264,0.7608,0.76101,1.67,2.25
2016.12.15 12:43:58.679,0.7608,0.76095,1.67,1.00
2016.12.15 12:43:58.761,0.7608,0.76099,1.67,1.50
2016.12.15 12:43:59.484,0.7608,0.76095,1.67,1.00
2016.12.15 12:43:59.585,0.76075,0.76096,2.10,1.87
2016.12.15 12:43:59.635,0.76075,0.76096,2.10,2.25
2016.12.15 12:44:00.353,0.76075,0.76095,1.75,1.50
2016.12.15 12:44:00.716,0.76075,0.76095,1.50,1.75
2016.12.15 12:44:01.359,0.76074,0.7609,1.75,1.00
2016.12.15 12:44:01.460,0.76075,0.76095,1.75,1.12
2016.12.15 12:44:01.511,0.76072,0.7609,2.62,1.00
2016.12.15 12:44:01.561,0.76072,0.7609,1.75,1.00
2016.12.15 12:44:01.662,0.76072,0.7609,1.50,1.00
2016.12.15 12:44:02.515,0.76072,0.76091,1.67,1.00
2016.12.15 12:44:02.802,0.76076,0.76095,1.00,1.75
2016.12.15 12:44:02.853,0.76074,0.76096,1.00,1.75
2016.12.15 12:44:02.956,0.76076,0.76094,1.00,1.00
2016.12.15 12:44:03.273,0.76075,0.76094,1.12,1.50
2016.12.15 12:44:03.574,0.7607,0.7609,1.12,1.75
2016.12.15 12:44:04.351,0.7607,0.7609,2.10,1.75
2016.12.15 12:44:04.786,0.7607,0.7609,2.10,1.00
2016.12.15 12:44:05.190,0.76074,0.76096,1.75,2.25
2016.12.15 12:44:06.176,0.76074,0.76096,1.50,2.25
2016.12.15 12:44:10.861,0.76072,0.7609,1.75,1.00
2016.12.15 12:44:11.663,0.76075,0.76095,1.12,1.75
2016.12.15 12:44:13.520,0.76071,0.7609,1.75,1.00
2016.12.15 12:44:13.772,0.76074,0.76096,1.75,1.50
2016.12.15 12:44:13.873,0.76074,0.76094,1.12,1.50
2016.12.15 12:44:14.509,0.76075,0.76095,1.00,2.25
2016.12.15 12:44:14.816,0.76075,0.76095,1.50,1.37
2016.12.15 12:44:14.967,0.7608,0.761,1.72,2.25
2016.12.15 12:44:15.068,0.76081,0.76099,1.30,1.00
2016.12.15 12:44:18.002,0.7608,0.761,1.75,1.50
2016.12.15 12:44:18.354,0.76079,0.76101,1.75,1.75
2016.12.15 12:44:22.314,0.7608,0.76101,1.75,1.50
2016.12.15 12:44:22.364,0.76079,0.76101,2.25,1.12
2016.12.15 12:44:22.517,0.7608,0.76101,2.62,1.00
2016.12.15 12:44:23.046,0.76083,0.761,1.75,1.00
2016.12.15 12:44:23.422,0.76092,0.76109,1.35,1.00
2016.12.15 12:44:23.724,0.76092,0.7611,1.00,1.37
2016.12.15 12:44:24.291,0.76088,0.76105,1.75,1.00
2016.12.15 12:44:24.593,0.76082,0.761,1.75,1.00
2016.12.15 12:44:24.904,0.76079,0.76096,1.00,1.37
2016.12.15 12:44:25.312,0.76079,0.76095,1.37,1.00
2016.12.15 12:44:25.513,0.7608,0.761,1.75,1.12
2016.12.15 12:44:26.046,0.76079,0.761,2.25,1.37
2016.12.15 12:44:26.097,0.7608,0.76099,1.00,1.00
2016.12.15 12:44:26.203,0.7608,0.76101,1.00,2.25
2016.12.15 12:44:26.523,0.7608,0.76098,1.00,2.25
2016.12.15 12:44:26.674,0.7608,0.76097,1.00,1.00
2016.12.15 12:44:27.371,0.7608,0.76097,1.60,1.00
2016.12.15 12:44:27.680,0.76084,0.76106,2.10,1.12
2016.12.15 12:44:27.905,0.76084,0.76106,1.75,1.37
2016.12.15 12:44:28.367,0.76084,0.76106,1.50,3.00
2016.12.15 12:44:28.518,0.76084,0.76105,1.00,2.25
2016.12.15 12:44:28.770,0.76077,0.761,1.75,1.12
2016.12.15 12:44:30.814,0.7608,0.761,1.12,1.37
2016.12.15 12:44:31.116,0.76084,0.76105,1.35,1.75
2016.12.15 12:44:31.661,0.7608,0.76105,3.00,2.25
2016.12.15 12:44:31.711,0.7608,0.76105,3.00,2.25
2016.12.15 12:44:32.218,0.76085,0.76105,1.00,1.75
2016.12.15 12:44:32.776,0.7608,0.76105,2.25,2.25
2016.12.15 12:44:33.737,0.7608,0.76102,1.75,1.50
2016.12.15 12:44:33.787,0.7608,0.76102,1.50,1.75
2016.12.15 12:44:34.531,0.7608,0.76102,2.10,1.75
2016.12.15 12:44:34.833,0.76089,0.76105,1.30,1.50
2016.12.15 12:44:34.934,0.7609,0.76107,1.37,1.00
2016.12.15 12:44:35.638,0.7609,0.76109,1.00,2.25
2016.12.15 12:44:35.743,0.76087,0.76105,1.00,1.37
2016.12.15 12:44:35.945,0.76081,0.76104,1.75,1.37
2016.12.15 12:44:35.995,0.76082,0.76101,1.00,1.00
2016.12.15 12:44:36.212,0.7608,0.76101,1.50,1.50
2016.12.15 12:44:36.561,0.7608,0.76099,1.00,1.75
2016.12.15 12:44:37.104,0.76077,0.761,2.25,1.75
2016.12.15 12:44:37.306,0.7608,0.76103,1.75,1.75
2016.12.15 12:44:38.071,0.76082,0.76103,1.35,1.75
2016.12.15 12:44:38.323,0.7609,0.76105,1.30,1.00
2016.12.15 12:44:39.039,0.76089,0.7611,1.50,2.25
2016.12.15 12:44:39.192,0.76086,0.76105,1.75,1.00
2016.12.15 12:44:39.444,0.76085,0.76105,1.75,1.50
2016.12.15 12:44:41.342,0.76085,0.76105,1.50,1.75
2016.12.15 12:44:41.442,0.76085,0.76105,1.50,1.75
2016.12.15 12:44:41.744,0.7608,0.76104,2.25,3.00
2016.12.15 12:44:41.917,0.76081,0.76104,1.75,2.25
2016.12.15 12:44:43.611,0.76083,0.76105,1.00,1.75
2016.12.15 12:44:49.431,0.76082,0.76104,1.35,1.75
2016.12.15 12:44:49.802,0.7609,0.76109,1.60,1.75
2016.12.15 12:44:49.852,0.7609,0.76109,1.72,1.75
2016.12.15 12:44:50.381,0.76089,0.76109,1.50,1.75
2016.12.15 12:44:50.731,0.76085,0.7611,1.75,2.25
2016.12.15 12:44:50.832,0.76086,0.76105,1.00,1.50
2016.12.15 12:44:53.961,0.76085,0.76108,1.00,1.75
2016.12.15 12:44:54.265,0.76085,0.76105,1.50,1.37
2016.12.15 12:44:54.615,0.76082,0.76105,1.75,2.25
2016.12.15 12:44:55.313,0.76085,0.76107,1.00,3.00
2016.12.15 12:44:58.416,0.76081,0.76106,1.75,1.75
2016.12.15 12:44:59.051,0.76084,0.76106,2.47,1.75
2016.12.15 12:44:59.354,0.76095,0.76113,1.00,1.75
2016.12.15 12:45:00.335,0.7609,0.76114,1.75,2.25
2016.12.15 12:45:00.688,0.76085,0.76108,2.25,1.75
2016.12.15 12:45:01.026,0.76085,0.76109,1.75,3.37
2016.12.15 12:45:01.662,0.76085,0.76108,2.25,1.75
2016.12.15 12:45:02.061,0.76085,0.76109,1.50,4.12
2016.12.15 12:45:02.364,0.76085,0.76104,1.00,1.75
2016.12.15 12:45:02.472,0.76085,0.76105,1.75,2.25
2016.12.15 12:45:02.623,0.7609,0.7611,1.00,2.62
2016.12.15 12:45:02.674,0.7609,0.76112,1.12,2.25
2016.12.15 12:45:03.002,0.76089,0.76111,2.25,2.25
2016.12.15 12:45:06.558,0.76095,0.76112,1.00,1.75
2016.12.15 12:45:07.626,0.7609,0.76111,1.35,1.75
2016.12.15 12:45:08.134,0.76095,0.76112,1.00,1.75
2016.12.15 12:45:12.896,0.76095,0.76115,1.12,1.75
2016.12.15 12:45:12.997,0.76095,0.76115,1.75,1.50
2016.12.15 12:45:15.267,0.76095,0.76115,1.37,1.75
2016.12.15 12:45:15.318,0.76095,0.76115,1.12,1.75
2016.12.15 12:45:15.987,0.76097,0.76115,1.00,1.50
2016.12.15 12:45:16.590,0.76095,0.76114,1.00,1.00
2016.12.15 12:45:16.818,0.76094,0.76116,1.37,2.25
2016.12.15 12:45:17.189,0.76094,0.76116,1.75,2.25
2016.12.15 12:45:19.014,0.76097,0.76115,1.00,2.25
2016.12.15 12:45:19.128,0.76095,0.76114,1.00,1.00
2016.12.15 12:45:23.653,0.76099,0.76114,1.00,1.00
2016.12.15 12:45:25.061,0.76095,0.76114,1.50,1.00
2016.12.15 12:45:25.526,0.76091,0.76114,1.75,1.75
2016.12.15 12:45:26.419,0.76094,0.76113,1.75,1.12
2016.12.15 12:45:26.752,0.76095,0.76113,1.12,2.25
2016.12.15 12:45:27.055,0.76095,0.76115,1.00,2.62
2016.12.15 12:45:27.257,0.76095,0.76117,1.12,1.75
2016.12.15 12:45:30.612,0.76095,0.76114,1.12,1.75
2016.12.15 12:45:31.216,0.76095,0.76114,1.00,1.75
2016.12.15 12:45:31.448,0.76095,0.76114,1.12,1.75
2016.12.15 12:45:32.544,0.76095,0.76118,1.27,2.62
2016.12.15 12:45:32.595,0.76094,0.76118,2.25,3.37
2016.12.15 12:45:32.646,0.76094,0.76118,2.25,1.75
2016.12.15 12:45:34.197,0.761,0.76114,1.00,1.12
2016.12.15 12:45:34.500,0.761,0.76115,1.00,1.37
2016.12.15 12:45:34.550,0.761,0.76115,1.00,1.12
2016.12.15 12:45:35.095,0.76095,0.76114,1.75,1.00
2016.12.15 12:45:35.196,0.76095,0.76115,1.75,2.25
2016.12.15 12:45:35.347,0.76095,0.76115,1.00,2.25
2016.12.15 12:45:35.448,0.76095,0.76115,1.50,1.75
2016.12.15 12:45:35.549,0.761,0.76117,1.00,2.25
2016.12.15 12:45:35.673,0.76095,0.76115,1.50,1.75
2016.12.15 12:45:35.874,0.76097,0.76115,1.00,1.00
2016.12.15 12:45:35.975,0.76099,0.76116,1.00,1.50
2016.12.15 12:45:36.277,0.761,0.76116,1.00,1.75
2016.12.15 12:45:37.561,0.76095,0.76115,1.75,1.50
2016.12.15 12:45:39.275,0.761,0.76117,1.00,3.00
2016.12.15 12:45:39.596,0.76095,0.76115,1.75,1.50
2016.12.15 12:45:40.447,0.76097,0.76115,2.10,1.00
2016.12.15 12:45:40.835,0.76097,0.76115,2.10,1.00
2016.12.15 12:45:42.254,0.761,0.7612,1.75,1.50
2016.12.15 12:45:42.559,0.761,0.7612,1.50,1.75
2016.12.15 12:45:43.635,0.761,0.76121,2.10,1.75
2016.12.15 12:45:43.799,0.76099,0.76116,2.10,1.00
2016.12.15 12:45:43.899,0.76105,0.76122,1.00,1.75
2016.12.15 12:45:44.000,0.76105,0.76122,1.00,1.75
2016.12.15 12:45:44.151,0.76104,0.76126,1.37,1.75
2016.12.15 12:45:44.202,0.76104,0.76126,1.00,3.37
2016.12.15 12:45:44.746,0.761,0.7612,1.75,1.12
2016.12.15 12:45:45.053,0.76105,0.76125,1.00,1.75
2016.12.15 12:45:45.104,0.761,0.7612,1.75,1.12
2016.12.15 12:45:46.530,0.76105,0.76124,1.00,2.25
2016.12.15 12:45:46.698,0.761,0.7612,1.75,1.75
2016.12.15 12:45:46.798,0.761,0.7612,1.75,1.12
2016.12.15 12:45:46.899,0.76099,0.76121,1.75,2.25
2016.12.15 12:45:47.101,0.761,0.7612,1.12,1.75
2016.12.15 12:45:47.403,0.76101,0.76115,1.00,1.00
2016.12.15 12:45:47.554,0.76101,0.76119,1.00,1.00
2016.12.15 12:45:47.655,0.76101,0.76115,1.00,1.00
2016.12.15 12:45:47.819,0.76101,0.76119,1.00,1.00
2016.12.15 12:45:48.360,0.761,0.7612,1.75,1.37
2016.12.15 12:45:48.915,0.761,0.7612,1.75,1.12
2016.12.15 12:45:50.261,0.76105,0.76123,1.00,1.75
2016.12.15 12:45:50.697,0.76101,0.7612,1.35,1.00
2016.12.15 12:45:51.918,0.76105,0.76125,1.00,3.00
2016.12.15 12:45:52.162,0.76101,0.7612,1.35,1.00
2016.12.15 12:45:52.456,0.76105,0.76124,1.00,2.25
2016.12.15 12:45:52.976,0.76101,0.7612,1.35,1.00
2016.12.15 12:45:55.829,0.761,0.76119,1.75,1.00
2016.12.15 12:45:55.930,0.76098,0.7612,1.75,1.37
2016.12.15 12:45:55.981,0.76097,0.7612,1.75,1.75
2016.12.15 12:45:56.654,0.761,0.76119,1.00,1.75
2016.12.15 12:45:59.953,0.761,0.7612,1.50,1.75
2016.12.15 12:46:05.958,0.76101,0.7612,1.35,1.12
2016.12.15 12:46:06.288,0.76105,0.76125,1.50,2.25
2016.12.15 12:46:10.250,0.76101,0.7612,2.85,1.00
2016.12.15 12:46:10.301,0.76104,0.76125,1.75,2.25
2016.12.15 12:46:10.351,0.76105,0.7612,1.00,1.00
2016.12.15 12:46:10.595,0.76101,0.76119,1.00,2.25
2016.12.15 12:46:11.114,0.761,0.7612,1.12,1.75
2016.12.15 12:46:12.392,0.76097,0.76115,2.25,1.00
2016.12.15 12:46:12.493,0.761,0.76119,1.12,1.75
2016.12.15 12:46:12.547,0.761,0.76119,1.00,1.75
2016.12.15 12:46:12.698,0.761,0.7612,1.75,1.75
2016.12.15 12:46:12.884,0.761,0.76119,1.12,1.75
2016.12.15 12:46:12.941,0.761,0.76119,1.00,1.75
2016.12.15 12:46:14.061,0.76095,0.76116,1.75,1.50
2016.12.15 12:46:14.263,0.76095,0.76115,1.50,1.75
2016.12.15 12:46:14.364,0.76095,0.76115,1.75,1.50
2016.12.15 12:46:18.210,0.76096,0.76118,1.35,1.75
2016.12.15 12:46:18.311,0.761,0.7612,2.10,1.75
2016.12.15 12:46:18.362,0.76101,0.7612,2.85,1.75
2016.12.15 12:46:18.513,0.76102,0.7612,1.60,1.00
2016.12.15 12:46:19.139,0.76104,0.7612,1.00,1.00
2016.12.15 12:46:19.491,0.76097,0.7612,1.75,2.25
2016.12.15 12:46:19.599,0.76098,0.76116,1.00,1.00
2016.12.15 12:46:21.115,0.76098,0.76115,1.00,1.00
2016.12.15 12:46:21.959,0.76098,0.76116,1.00,1.00
2016.12.15 12:46:25.114,0.76097,0.7612,2.25,1.75
2016.12.15 12:46:25.164,0.761,0.76119,1.00,1.00
2016.12.15 12:46:25.215,0.76097,0.7612,2.25,1.75
2016.12.15 12:46:25.724,0.76097,0.76121,2.25,1.75
2016.12.15 12:46:26.622,0.76099,0.7612,2.10,1.75
2016.12.15 12:46:26.673,0.76099,0.7612,2.10,1.75
2016.12.15 12:46:26.774,0.761,0.76124,1.75,2.25
2016.12.15 12:46:27.107,0.761,0.76122,1.75,2.25
2016.12.15 12:46:27.309,0.76097,0.7612,1.75,1.50
2016.12.15 12:46:27.611,0.76095,0.76117,1.75,1.00
2016.12.15 12:46:27.661,0.76096,0.7612,1.75,2.25
2016.12.15 12:46:27.712,0.76096,0.76115,1.00,1.00
2016.12.15 12:46:28.014,0.76096,0.76116,1.35,1.50
2016.12.15 12:46:28.223,0.76097,0.7612,1.75,1.50
2016.12.15 12:46:30.075,0.76099,0.76119,1.00,1.37
2016.12.15 12:46:31.090,0.761,0.76117,1.00,1.00
2016.12.15 12:46:31.315,0.76101,0.76125,1.50,3.00
2016.12.15 12:46:31.994,0.761,0.76119,1.75,1.00
2016.12.15 12:46:32.095,0.761,0.76119,1.37,1.37
2016.12.15 12:46:32.196,0.761,0.76119,1.00,1.75
2016.12.15 12:46:32.880,0.761,0.76119,1.37,1.75
2016.12.15 12:46:33.132,0.76096,0.76115,1.75,1.12
2016.12.15 12:46:33.233,0.76095,0.76114,1.00,1.00
2016.12.15 12:46:33.549,0.761,0.76114,1.00,1.00
2016.12.15 12:46:33.701,0.761,0.7612,1.50,1.75
2016.12.15 12:46:33.801,0.76095,0.76115,1.75,1.00
2016.12.15 12:46:33.852,0.76095,0.76118,1.75,2.25
2016.12.15 12:46:33.903,0.76095,0.76118,1.75,1.75
2016.12.15 12:46:34.004,0.76095,0.76118,1.75,1.75
2016.12.15 12:46:34.434,0.761,0.7612,1.00,1.75
2016.12.15 12:46:34.535,0.761,0.7612,1.50,1.75
2016.12.15 12:46:34.636,0.76099,0.7612,2.25,1.50
2016.12.15 12:46:37.935,0.761,0.76118,1.00,1.00
2016.12.15 12:46:39.319,0.761,0.76117,1.00,1.00
2016.12.15 12:46:39.370,0.761,0.76115,1.00,1.00
2016.12.15 12:46:39.420,0.76095,0.76115,1.75,1.50
2016.12.15 12:46:40.498,0.76096,0.76117,1.50,1.75
2016.12.15 12:46:40.749,0.76094,0.76115,1.75,1.50
2016.12.15 12:46:43.817,0.76099,0.76116,1.00,1.00
2016.12.15 12:46:43.924,0.76099,0.76118,1.00,1.50
2016.12.15 12:46:44.025,0.76099,0.76115,1.00,1.00
2016.12.15 12:46:46.519,0.76096,0.76114,1.00,1.00
2016.12.15 12:46:48.245,0.76091,0.76115,1.75,2.25
2016.12.15 12:46:48.362,0.76091,0.76115,1.75,2.25
2016.12.15 12:46:49.748,0.76091,0.76115,2.25,2.25
2016.12.15 12:46:50.542,0.76093,0.76111,1.00,1.00
2016.12.15 12:46:52.941,0.7609,0.7611,1.75,1.00
2016.12.15 12:46:53.049,0.7609,0.7611,1.75,1.75
2016.12.15 12:46:53.150,0.76088,0.7611,1.75,1.75
2016.12.15 12:46:53.655,0.7609,0.76113,1.75,1.75
2016.12.15 12:46:54.016,0.76092,0.76113,1.75,1.75
2016.12.15 12:46:54.337,0.76091,0.76114,2.25,1.50
2016.12.15 12:46:59.578,0.76095,0.7612,1.75,3.75
2016.12.15 12:46:59.729,0.761,0.7612,1.00,3.00
2016.12.15 12:46:59.780,0.76099,0.7612,1.50,2.25
2016.12.15 12:46:59.975,0.76099,0.7612,1.75,2.25
2016.12.15 12:47:00.332,0.761,0.76121,2.25,1.50
2016.12.15 12:47:01.527,0.761,0.76118,1.75,1.00
2016.12.15 12:47:01.578,0.761,0.7612,1.12,3.00
2016.12.15 12:47:01.679,0.76095,0.76115,3.75,1.00
2016.12.15 12:47:01.779,0.76095,0.76115,3.75,1.12
2016.12.15 12:47:02.221,0.76092,0.76111,2.62,1.00
2016.12.15 12:47:02.433,0.76095,0.76115,1.12,1.75
2016.12.15 12:47:03.240,0.76099,0.76117,2.25,1.75
2016.12.15 12:47:03.291,0.76099,0.7612,2.25,2.62
2016.12.15 12:47:03.392,0.76099,0.76122,2.25,2.25
2016.12.15 12:47:03.493,0.761,0.76121,1.75,1.00
2016.12.15 12:47:03.594,0.761,0.76122,1.75,1.75
2016.12.15 12:47:08.354,0.761,0.76123,1.75,1.50
2016.12.15 12:47:08.405,0.761,0.76123,1.75,1.50
2016.12.15 12:47:08.606,0.761,0.76124,1.75,1.75
2016.12.15 12:47:08.902,0.76105,0.76125,1.12,1.50
2016.12.15 12:47:10.615,0.76103,0.7612,1.75,1.00
2016.12.15 12:47:10.766,0.761,0.7612,1.75,1.12
2016.12.15 12:47:12.423,0.76101,0.76125,3.37,3.00
2016.12.15 12:47:12.474,0.76107,0.76125,1.00,3.00
2016.12.15 12:47:12.682,0.76101,0.76125,1.75,3.00
2016.12.15 12:47:13.714,0.761,0.76121,3.37,1.00
2016.12.15 12:47:14.047,0.761,0.76119,1.00,2.25
2016.12.15 12:47:15.225,0.76095,0.76115,3.00,1.12
2016.12.15 12:47:15.506,0.76099,0.76123,2.25,3.37
2016.12.15 12:47:15.608,0.761,0.76123,1.75,1.75
2016.12.15 12:47:15.942,0.76102,0.76125,1.50,1.75
2016.12.15 12:47:16.531,0.76101,0.76125,2.25,1.75
2016.12.15 12:47:18.553,0.76099,0.76119,3.37,1.00
2016.12.15 12:47:18.751,0.76095,0.76115,2.25,1.12
2016.12.15 12:47:19.003,0.76095,0.76115,1.37,1.50
2016.12.15 12:47:21.509,0.76095,0.76115,1.75,1.37
2016.12.15 12:47:22.142,0.76094,0.76116,1.75,1.75
2016.12.15 12:47:26.530,0.76091,0.76114,1.75,2.25
2016.12.15 12:47:26.634,0.7609,0.76114,3.00,2.25
2016.12.15 12:47:27.037,0.7609,0.76111,1.75,1.50
2016.12.15 12:47:27.386,0.76087,0.76109,1.75,1.75
2016.12.15 12:47:27.797,0.76087,0.7611,1.75,2.25
2016.12.15 12:47:33.555,0.7609,0.7611,1.50,1.50
2016.12.15 12:47:34.075,0.7609,0.7611,1.75,1.12
2016.12.15 12:47:37.161,0.76091,0.7611,2.10,1.00
2016.12.15 12:47:37.413,0.76095,0.76114,1.50,1.00
2016.12.15 12:47:41.164,0.76095,0.76113,1.00,1.00
2016.12.15 12:47:42.133,0.76095,0.76114,1.00,1.00
2016.12.15 12:47:42.183,0.76099,0.76114,1.00,1.00
2016.12.15 12:47:42.234,0.76095,0.76114,1.60,1.00
2016.12.15 12:47:42.486,0.76096,0.76116,1.35,1.00
2016.12.15 12:47:42.641,0.76094,0.76116,1.75,1.50
2016.12.15 12:47:44.135,0.761,0.76118,1.00,2.25
2016.12.15 12:47:44.282,0.76095,0.76115,1.75,1.12
2016.12.15 12:47:44.484,0.76094,0.76116,1.75,3.00
2016.12.15 12:47:44.535,0.76094,0.76116,1.50,3.00
2016.12.15 12:47:44.585,0.76094,0.76116,1.50,3.00
2016.12.15 12:47:44.737,0.76094,0.76116,1.37,3.00
2016.12.15 12:47:44.888,0.76095,0.76114,1.37,1.00
2016.12.15 12:47:45.190,0.76086,0.76107,2.62,1.00
2016.12.15 12:47:45.241,0.76085,0.76107,3.00,1.37
2016.12.15 12:47:45.553,0.7609,0.7611,1.37,1.50
2016.12.15 12:47:45.654,0.76089,0.76111,2.25,1.37
2016.12.15 12:47:46.266,0.76086,0.76109,1.75,1.37
2016.12.15 12:47:46.903,0.76086,0.7611,2.25,2.25
2016.12.15 12:47:51.469,0.76086,0.7611,1.75,1.75
2016.12.15 12:47:52.018,0.76085,0.7611,3.00,1.75
2016.12.15 12:47:52.953,0.76084,0.76103,1.75,1.00
2016.12.15 12:47:53.054,0.7608,0.76102,4.12,1.00
2016.12.15 12:47:53.104,0.7608,0.76102,1.75,1.37
2016.12.15 12:47:53.205,0.76085,0.76101,1.00,1.00
2016.12.15 12:47:53.791,0.76085,0.76103,1.37,1.00
2016.12.15 12:47:53.892,0.76083,0.761,1.75,1.00
2016.12.15 12:47:53.992,0.76085,0.76105,1.12,1.75
2016.12.15 12:47:54.043,0.76085,0.76104,1.50,1.00
2016.12.15 12:47:54.094,0.76085,0.76105,1.50,1.50
2016.12.15 12:47:54.629,0.76085,0.76105,1.75,1.12
2016.12.15 12:47:56.604,0.76085,0.76105,1.50,1.37
2016.12.15 12:47:57.182,0.76085,0.76101,1.12,1.12
2016.12.15 12:47:57.614,0.7608,0.761,1.75,1.37
2016.12.15 12:47:57.665,0.7608,0.761,1.75,1.50
2016.12.15 12:48:02.579,0.7608,0.761,1.75,1.50
2016.12.15 12:48:03.502,0.76082,0.761,1.00,1.37
2016.12.15 12:48:04.029,0.7608,0.76102,1.50,1.75
2016.12.15 12:48:08.425,0.7608,0.761,1.50,1.12
2016.12.15 12:48:08.526,0.76083,0.76105,1.50,2.25
2016.12.15 12:48:08.626,0.76085,0.76105,1.72,1.75
2016.12.15 12:48:08.677,0.76085,0.76105,2.10,1.75
2016.12.15 12:48:08.728,0.76086,0.76105,1.50,1.50
2016.12.15 12:48:09.339,0.76086,0.76105,2.25,1.00
2016.12.15 12:48:09.649,0.76086,0.7611,3.00,1.75
2016.12.15 12:48:10.461,0.76086,0.76105,1.75,1.00
2016.12.15 12:48:10.964,0.76086,0.7611,1.75,1.75
2016.12.15 12:48:11.313,0.76086,0.76105,1.35,1.00
2016.12.15 12:48:11.475,0.76086,0.76105,1.35,1.00
2016.12.15 12:48:11.526,0.76086,0.76105,1.35,1.00
2016.12.15 12:48:11.943,0.76089,0.76111,1.75,3.00
2016.12.15 12:48:12.805,0.76089,0.76111,1.37,2.25
2016.12.15 12:48:13.539,0.76089,0.76107,1.00,1.00
2016.12.15 12:48:13.826,0.7609,0.76107,1.37,1.00
2016.12.15 12:48:16.987,0.76089,0.76105,1.75,1.00
2016.12.15 12:48:17.115,0.76089,0.76111,2.25,2.25
2016.12.15 12:48:18.512,0.7609,0.7611,1.75,1.50
2016.12.15 12:48:18.714,0.76087,0.7611,1.75,1.50
2016.12.15 12:48:19.042,0.76087,0.76105,1.50,1.37
2016.12.15 12:48:19.093,0.76087,0.76104,1.12,1.12
2016.12.15 12:48:19.143,0.76086,0.76103,1.12,1.37
2016.12.15 12:48:19.463,0.76085,0.76103,1.00,1.75
2016.12.15 12:48:19.514,0.7608,0.76103,1.75,1.75
2016.12.15 12:48:19.816,0.76081,0.761,1.00,1.37
2016.12.15 12:48:19.916,0.76076,0.761,1.75,3.00
2016.12.15 12:48:20.201,0.76075,0.76095,2.25,1.12
2016.12.15 12:48:20.742,0.76076,0.76094,1.50,1.00
2016.12.15 12:48:20.843,0.76076,0.761,1.50,1.75
2016.12.15 12:48:20.944,0.76076,0.761,1.75,1.50
2016.12.15 12:48:21.048,0.76081,0.761,1.00,1.50
2016.12.15 12:48:21.361,0.76081,0.76095,1.00,1.00
2016.12.15 12:48:21.462,0.76075,0.76099,2.62,1.37
2016.12.15 12:48:21.563,0.76075,0.76095,1.75,1.00
2016.12.15 12:48:21.850,0.76076,0.76095,1.00,1.50
2016.12.15 12:48:22.710,0.76076,0.7609,1.00,1.00
2016.12.15 12:48:22.994,0.76076,0.76095,1.00,1.50
2016.12.15 12:48:23.145,0.76075,0.76095,2.25,1.12
2016.12.15 12:48:23.743,0.76074,0.7609,1.75,1.00
2016.12.15 12:48:23.944,0.76075,0.76095,1.75,1.50
2016.12.15 12:48:26.770,0.76076,0.76095,1.75,1.12
2016.12.15 12:48:26.870,0.76076,0.76095,1.75,1.00
2016.12.15 12:48:27.455,0.76077,0.76096,1.75,1.00
2016.12.15 12:48:27.973,0.76076,0.76095,1.75,1.00
2016.12.15 12:48:33.130,0.76075,0.7609,1.75,1.00
2016.12.15 12:48:33.332,0.76073,0.76091,2.62,1.00
2016.12.15 12:48:33.383,0.76072,0.76095,4.12,1.37
2016.12.15 12:48:33.906,0.76075,0.76096,1.75,1.37
2016.12.15 12:48:34.753,0.76075,0.7609,1.75,1.00
2016.12.15 12:48:34.923,0.76075,0.76096,1.75,1.37
2016.12.15 12:48:39.856,0.76075,0.76095,2.25,1.37
2016.12.15 12:48:40.158,0.76074,0.7609,1.75,1.00
2016.12.15 12:48:41.348,0.76075,0.76095,1.50,1.75
2016.12.15 12:48:41.550,0.76077,0.76095,1.00,1.00
2016.12.15 12:48:42.095,0.76077,0.76096,1.00,1.50
2016.12.15 12:48:43.041,0.76077,0.76095,1.00,1.00
2016.12.15 12:48:43.600,0.76077,0.76096,1.00,1.50
2016.12.15 12:48:44.688,0.76076,0.76095,1.75,1.00
2016.12.15 12:48:44.990,0.7608,0.761,1.12,2.25
2016.12.15 12:48:45.495,0.7608,0.76099,1.00,1.00
2016.12.15 12:48:47.013,0.7608,0.76096,1.00,1.00
2016.12.15 12:48:47.775,0.76076,0.76095,1.75,1.00
2016.12.15 12:48:49.575,0.76079,0.76099,1.50,1.75
2016.12.15 12:48:58.716,0.76076,0.76095,2.25,1.00
2016.12.15 12:48:59.568,0.76079,0.76099,1.50,1.75
2016.12.15 12:49:00.088,0.76076,0.76095,1.75,1.00
2016.12.15 12:49:01.626,0.7608,0.76098,1.12,1.75
2016.12.15 12:49:03.216,0.76076,0.76096,1.75,1.12
2016.12.15 12:49:06.717,0.76076,0.76095,1.75,1.00
2016.12.15 12:49:07.244,0.7608,0.761,1.37,1.75
2016.12.15 12:49:07.486,0.76085,0.76105,1.12,2.25
2016.12.15 12:49:07.688,0.76087,0.76105,1.00,1.75
2016.12.15 12:49:08.004,0.76087,0.76105,1.75,1.00
2016.12.15 12:49:08.337,0.7609,0.7611,1.12,1.75
2016.12.15 12:49:08.647,0.76087,0.76105,1.75,1.00
2016.12.15 12:49:09.521,0.76087,0.76106,1.75,1.00
2016.12.15 12:49:09.956,0.76085,0.76105,1.75,1.12
2016.12.15 12:49:10.057,0.76085,0.76105,1.37,1.50
2016.12.15 12:49:10.469,0.76083,0.76101,1.00,1.00
2016.12.15 12:49:10.520,0.76081,0.76101,1.75,1.00
2016.12.15 12:49:11.025,0.76082,0.76101,1.75,1.12
2016.12.15 12:49:11.359,0.76085,0.76105,1.75,1.12
2016.12.15 12:49:12.665,0.76082,0.761,4.12,1.00
2016.12.15 12:49:13.397,0.76085,0.76105,1.75,1.12
2016.12.15 12:49:13.565,0.76082,0.76101,4.12,1.00
2016.12.15 12:49:13.666,0.76085,0.76105,1.75,1.12
2016.12.15 12:49:14.038,0.76085,0.76105,1.50,1.75
2016.12.15 12:49:14.352,0.76081,0.76101,4.12,1.00
2016.12.15 12:49:14.654,0.7608,0.761,2.25,1.12
2016.12.15 12:49:15.028,0.76079,0.76096,4.12,1.00
2016.12.15 12:49:15.289,0.7608,0.761,1.50,1.75
2016.12.15 12:49:15.440,0.76079,0.76101,3.00,1.75
2016.12.15 12:49:15.975,0.76079,0.76095,2.25,1.00
2016.12.15 12:49:16.076,0.76079,0.76095,1.75,1.00
2016.12.15 12:49:16.177,0.76079,0.76095,1.00,1.50
2016.12.15 12:49:16.333,0.76081,0.76095,1.00,1.50
2016.12.15 12:49:16.438,0.76076,0.76095,1.75,1.50
2016.12.15 12:49:16.701,0.76073,0.7609,3.75,1.00
2016.12.15 12:49:16.856,0.7607,0.7609,2.25,1.00
2016.12.15 12:49:17.360,0.7607,0.7609,1.75,1.50
2016.12.15 12:49:17.562,0.76068,0.76085,1.75,1.00
2016.12.15 12:49:18.034,0.7607,0.7609,1.37,1.75
2016.12.15 12:49:18.485,0.76069,0.7609,1.12,1.75
2016.12.15 12:49:18.778,0.7607,0.7609,1.50,2.25
2016.12.15 12:49:19.170,0.76069,0.7609,1.12,1.75
2016.12.15 12:49:19.472,0.7607,0.7609,1.75,1.12
2016.12.15 12:49:19.774,0.76069,0.76091,2.25,1.75
2016.12.15 12:49:20.150,0.7607,0.7609,4.87,1.00
2016.12.15 12:49:20.201,0.76075,0.76095,1.12,1.75
2016.12.15 12:49:20.353,0.76071,0.7609,2.25,1.00
2016.12.15 12:49:20.556,0.76072,0.7609,1.00,1.00
2016.12.15 12:49:20.657,0.7607,0.7609,1.75,1.75
2016.12.15 12:49:21.060,0.7607,0.7609,1.00,2.25
2016.12.15 12:49:21.395,0.7607,0.7609,1.37,1.50
2016.12.15 12:49:21.971,0.7607,0.7609,1.00,1.75
2016.12.15 12:49:22.738,0.76066,0.76085,1.75,1.00
2016.12.15 12:49:23.271,0.76069,0.76091,1.50,2.25
2016.12.15 12:49:23.572,0.76069,0.76091,2.10,2.25
2016.12.15 12:49:23.622,0.7607,0.7609,1.12,1.75
2016.12.15 12:49:23.723,0.7607,0.7609,1.50,1.37
2016.12.15 12:49:23.774,0.7607,0.7609,1.75,1.12
2016.12.15 12:49:24.422,0.7607,0.7609,1.37,1.50
2016.12.15 12:49:24.473,0.7607,0.7609,1.12,1.75
2016.12.15 12:49:25.890,0.76066,0.76085,2.25,1.00
2016.12.15 12:49:25.941,0.7607,0.7609,1.12,1.75
2016.12.15 12:49:26.042,0.76067,0.76085,1.75,1.00
2016.12.15 12:49:26.146,0.7607,0.7609,1.12,1.75
2016.12.15 12:49:26.490,0.76067,0.76086,1.00,1.50
2016.12.15 12:49:26.541,0.7607,0.76089,1.00,1.50
2016.12.15 12:49:27.065,0.76065,0.76086,1.75,1.00
2016.12.15 12:49:27.584,0.76071,0.7609,1.00,1.50
2016.12.15 12:49:27.635,0.76071,0.76085,1.00,1.00
2016.12.15 12:49:27.686,0.76071,0.7609,1.00,1.50
2016.12.15 12:49:28.000,0.76068,0.7609,1.50,1.75
2016.12.15 12:49:28.414,0.7607,0.7609,1.50,1.37
2016.12.15 12:49:28.792,0.76069,0.76088,1.00,1.00
2016.12.15 12:49:29.642,0.7607,0.76088,1.00,1.00
2016.12.15 12:49:29.918,0.7607,0.7609,1.75,1.50
2016.12.15 12:49:34.764,0.76066,0.7609,3.37,1.75
2016.12.15 12:49:34.814,0.76065,0.76088,2.25,1.75
2016.12.15 12:49:35.016,0.76065,0.76089,1.87,1.75
2016.12.15 12:49:35.781,0.76069,0.7609,1.00,4.12
2016.12.15 12:49:36.032,0.76068,0.76085,1.00,1.00
2016.12.15 12:49:36.133,0.76065,0.76085,1.50,1.75
2016.12.15 12:49:36.639,0.76065,0.76085,1.00,2.10
2016.12.15 12:49:36.740,0.76065,0.76083,1.50,1.00
2016.12.15 12:49:36.980,0.76065,0.76085,1.75,1.72
2016.12.15 12:49:37.031,0.76065,0.76084,1.12,1.35
2016.12.15 12:49:37.334,0.76065,0.76085,2.25,1.00
2016.12.15 12:49:37.884,0.7607,0.7609,1.00,3.00
2016.12.15 12:49:39.153,0.76065,0.76086,1.75,1.12
2016.12.15 12:49:40.537,0.76066,0.76085,1.75,1.00
2016.12.15 12:49:40.840,0.76067,0.76085,1.75,1.00
2016.12.15 12:49:42.405,0.7607,0.7609,1.50,1.75
2016.12.15 12:49:43.450,0.76065,0.76085,1.75,1.12
2016.12.15 12:49:44.612,0.76065,0.76085,1.75,1.37
2016.12.15 12:49:44.955,0.76065,0.76085,1.75,1.12
2016.12.15 12:49:46.451,0.76064,0.76085,1.75,1.75
2016.12.15 12:49:46.754,0.76065,0.7609,1.75,2.25
2016.12.15 12:49:46.819,0.76066,0.7609,1.00,2.25
2016.12.15 12:49:53.081,0.7607,0.76089,1.00,1.75
2016.12.15 12:49:53.288,0.76065,0.76089,1.75,1.75
2016.12.15 12:49:55.380,0.7607,0.76089,1.00,1.75
2016.12.15 12:49:58.310,0.76065,0.76085,1.75,1.12
2016.12.15 12:49:59.416,0.7607,0.76089,1.00,1.75
2016.12.15 12:50:00.115,0.76065,0.76085,1.75,1.12
2016.12.15 12:50:00.768,0.76069,0.76089,1.00,1.75
2016.12.15 12:50:00.920,0.7607,0.76087,1.00,1.75
2016.12.15 12:50:01.426,0.7607,0.76087,1.00,1.75
2016.12.15 12:50:01.477,0.76065,0.76085,1.50,1.75
2016.12.15 12:50:02.114,0.76065,0.76085,1.75,1.50
2016.12.15 12:50:03.620,0.7607,0.76089,1.00,2.25
2016.12.15 12:50:03.805,0.7607,0.76089,1.37,1.87
2016.12.15 12:50:05.782,0.7607,0.7609,1.37,3.00
2016.12.15 12:50:05.933,0.76065,0.76085,2.25,1.00
2016.12.15 12:50:05.984,0.76065,0.76085,2.25,1.37
2016.12.15 12:50:06.085,0.76065,0.76085,1.12,1.75
2016.12.15 12:50:06.591,0.76064,0.76086,1.75,2.25
2016.12.15 12:50:06.944,0.7607,0.76086,1.00,1.75
2016.12.15 12:50:07.804,0.7607,0.7609,1.00,3.75
2016.12.15 12:50:08.210,0.76069,0.76091,1.75,1.75
2016.12.15 12:50:17.594,0.76075,0.76094,1.00,3.00
2016.12.15 12:50:17.834,0.7607,0.7609,1.75,1.50
2016.12.15 12:50:18.102,0.76066,0.76086,1.75,1.00
2016.12.15 12:50:18.726,0.76069,0.7609,1.50,1.75
2016.12.15 12:50:19.980,0.7607,0.76089,1.00,1.75
2016.12.15 12:50:20.144,0.76065,0.76085,1.75,1.12
2016.12.15 12:50:20.332,0.7607,0.76089,1.00,1.75
2016.12.15 12:50:20.553,0.7607,0.76088,1.00,1.00
2016.12.15 12:50:23.623,0.76069,0.76091,2.25,1.50
2016.12.15 12:50:23.966,0.7607,0.7609,2.25,1.00
2016.12.15 12:50:25.313,0.76075,0.76094,1.00,1.75
2016.12.15 12:50:27.956,0.7607,0.7609,1.50,1.75
2016.12.15 12:50:28.157,0.7607,0.7609,1.00,2.25
2016.12.15 12:50:28.673,0.76069,0.76089,1.00,1.75
2016.12.15 12:50:29.176,0.7607,0.76091,1.50,1.75
2016.12.15 12:50:29.227,0.7607,0.76091,1.50,1.50
2016.12.15 12:50:29.379,0.76074,0.76095,1.12,2.25
2016.12.15 12:50:29.430,0.76074,0.76093,1.00,1.75
2016.12.15 12:50:29.481,0.7607,0.7609,2.25,1.50
2016.12.15 12:50:30.156,0.76071,0.7609,1.75,1.00
2016.12.15 12:50:33.440,0.76071,0.7609,1.75,1.50
2016.12.15 12:50:47.567,0.76075,0.76094,1.00,2.25
2016.12.15 12:50:48.889,0.76071,0.76091,1.37,1.50
2016.12.15 12:50:50.571,0.76075,0.76094,1.00,1.75
2016.12.15 12:50:50.658,0.76071,0.7609,1.37,1.37
2016.12.15 12:50:51.277,0.76075,0.76094,1.00,1.75
2016.12.15 12:50:51.327,0.76071,0.7609,1.37,1.37
2016.12.15 12:50:51.479,0.76071,0.7609,1.75,1.00
2016.12.15 12:50:51.619,0.76071,0.7609,1.37,1.37
2016.12.15 12:51:02.884,0.76067,0.76085,2.62,1.00
2016.12.15 12:51:02.934,0.76065,0.76085,3.37,1.00
2016.12.15 12:51:03.035,0.76062,0.76086,4.12,1.50
2016.12.15 12:51:03.136,0.76062,0.76086,1.75,1.75
2016.12.15 12:51:03.810,0.76065,0.76085,1.75,1.12
2016.12.15 12:51:04.125,0.7607,0.7609,1.00,2.25
2016.12.15 12:51:07.620,0.76069,0.76089,1.00,1.75
2016.12.15 12:51:08.364,0.7607,0.7609,1.00,2.25
2016.12.15 12:51:09.903,0.7607,0.7609,1.12,1.75
2016.12.15 12:51:13.609,0.76066,0.76085,1.75,1.00
2016.12.15 12:51:14.076,0.76065,0.76085,1.75,1.50
2016.12.15 12:51:14.413,0.7607,0.76088,1.00,2.25
2016.12.15 12:51:14.778,0.7607,0.7609,1.00,1.75
2016.12.15 12:51:16.058,0.76064,0.7608,2.62,1.00
2016.12.15 12:51:16.259,0.76062,0.7608,1.00,1.00
2016.12.15 12:51:16.461,0.7606,0.76079,1.50,1.00
2016.12.15 12:51:19.528,0.7606,0.76079,1.50,1.00
2016.12.15 12:51:19.780,0.7607,0.7609,2.25,1.75
2016.12.15 12:51:19.830,0.76071,0.7609,1.37,1.50
2016.12.15 12:51:20.230,0.76064,0.76084,1.50,1.72
2016.12.15 12:51:20.280,0.76064,0.76084,1.00,1.75
2016.12.15 12:51:20.962,0.76065,0.76085,1.12,1.75
2016.12.15 12:51:24.145,0.7607,0.76086,1.00,1.75
2016.12.15 12:51:24.245,0.76065,0.76085,1.12,1.75
2016.12.15 12:51:24.346,0.76065,0.76085,1.37,1.75
2016.12.15 12:51:25.034,0.76065,0.76085,1.75,1.50
2016.12.15 12:51:26.765,0.76065,0.76085,1.37,2.25
2016.12.15 12:51:27.349,0.76065,0.76084,1.12,1.75
2016.12.15 12:51:27.884,0.76062,0.76081,1.00,1.50
2016.12.15 12:51:28.242,0.76059,0.76081,1.75,1.50
2016.12.15 12:51:28.293,0.76059,0.76081,3.00,1.75
2016.12.15 12:51:29.177,0.76059,0.7608,1.75,1.00
2016.12.15 12:51:29.514,0.7606,0.7608,1.75,1.50
2016.12.15 12:51:30.966,0.76059,0.7608,2.25,1.12
2016.12.15 12:51:31.208,0.76061,0.7608,1.00,1.50
2016.12.15 12:51:31.464,0.76065,0.7608,1.00,1.00
2016.12.15 12:51:32.014,0.76061,0.7608,1.00,1.00
2016.12.15 12:51:37.056,0.7606,0.7608,1.50,1.50
2016.12.15 12:51:37.693,0.7606,0.7608,1.12,1.75
2016.12.15 12:51:38.083,0.7606,0.76079,1.37,1.00
2016.12.15 12:51:38.796,0.76055,0.76075,4.12,1.00
2016.12.15 12:51:38.897,0.76055,0.76075,2.25,1.37
2016.12.15 12:51:38.998,0.76055,0.76074,1.50,1.00
2016.12.15 12:51:40.814,0.76055,0.76075,2.10,1.37
2016.12.15 12:51:41.122,0.7606,0.7608,1.75,1.50
2016.12.15 12:51:42.385,0.7606,0.7608,1.75,2.02
2016.12.15 12:51:42.720,0.7606,0.76077,1.12,1.20
2016.12.15 12:51:49.426,0.76059,0.76077,1.00,1.75
2016.12.15 12:51:49.628,0.76055,0.76072,1.12,1.12
2016.12.15 12:51:49.779,0.76053,0.76073,1.00,1.75
2016.12.15 12:51:50.012,0.76054,0.76074,1.87,1.50
2016.12.15 12:51:50.420,0.7606,0.76076,1.00,2.25
2016.12.15 12:51:50.521,0.76055,0.76075,1.75,1.50
2016.12.15 12:51:50.571,0.7606,0.76073,1.00,1.00
2016.12.15 12:51:50.723,0.76055,0.76069,1.12,1.00
2016.12.15 12:51:50.773,0.76055,0.76066,1.12,1.00
2016.12.15 12:51:50.924,0.7605,0.76064,1.87,1.00
2016.12.15 12:51:51.731,0.7605,0.76065,1.12,1.00
2016.12.15 12:51:51.781,0.7605,0.76063,1.12,1.00
2016.12.15 12:51:51.837,0.76046,0.76064,1.75,1.00
2016.12.15 12:51:51.888,0.76047,0.76061,1.50,1.00
2016.12.15 12:51:52.039,0.76045,0.7606,1.87,1.00
2016.12.15 12:51:52.360,0.76045,0.76062,1.87,1.00
2016.12.15 12:51:52.411,0.76045,0.76062,1.87,1.00
2016.12.15 12:51:52.890,0.7605,0.76062,1.00,1.00
2016.12.15 12:51:53.447,0.7605,0.76063,1.00,1.00
2016.12.15 12:51:54.061,0.76046,0.76063,1.75,1.00
2016.12.15 12:51:54.640,0.76045,0.76062,2.25,1.00
2016.12.15 12:51:55.165,0.7605,0.76063,1.00,1.00
2016.12.15 12:51:56.181,0.7605,0.76061,1.00,1.00
2016.12.15 12:51:57.061,0.7605,0.76068,1.00,1.12
2016.12.15 12:51:59.243,0.76046,0.76066,1.75,1.12
2016.12.15 12:51:59.444,0.76045,0.76066,1.50,1.75
2016.12.15 12:51:59.746,0.7605,0.76071,1.75,1.12
2016.12.15 12:52:00.159,0.76055,0.76072,1.00,1.12
2016.12.15 12:52:00.346,0.76055,0.76072,1.12,1.00
2016.12.15 12:52:00.815,0.76052,0.76072,1.75,1.50
2016.12.15 12:52:00.966,0.76052,0.7607,1.37,1.00
2016.12.15 12:52:01.229,0.76055,0.7607,1.00,1.00
2016.12.15 12:52:01.363,0.76052,0.7607,1.37,1.00
2016.12.15 12:52:03.617,0.76054,0.76072,1.00,1.12
2016.12.15 12:52:04.313,0.7605,0.76072,1.75,1.12
2016.12.15 12:52:04.920,0.7605,0.7607,1.50,1.75
2016.12.15 12:52:05.071,0.76044,0.76064,2.25,1.00
2016.12.15 12:52:05.122,0.76044,0.76065,2.25,1.50
2016.12.15 12:52:05.426,0.76049,0.76067,1.00,1.75
2016.12.15 12:52:06.015,0.7605,0.76068,1.00,1.75
2016.12.15 12:52:06.216,0.76049,0.76069,1.37,1.75
2016.12.15 12:52:06.444,0.76054,0.7607,1.00,1.75
2016.12.15 12:52:06.882,0.7605,0.7607,1.50,2.25
2016.12.15 12:52:07.692,0.7605,0.76068,1.50,1.87
2016.12.15 12:52:08.612,0.7605,0.76067,1.50,1.00
2016.12.15 12:52:10.344,0.76049,0.76066,1.37,2.25
2016.12.15 12:52:10.394,0.76047,0.76065,1.00,2.62
2016.12.15 12:52:10.445,0.76042,0.76063,1.75,1.75
2016.12.15 12:52:10.496,0.76043,0.76061,1.75,1.00
2016.12.15 12:52:10.749,0.7604,0.7606,1.12,2.25
2016.12.15 12:52:10.950,0.7604,0.7606,2.25,2.25
2016.12.15 12:52:11.558,0.76044,0.7606,1.00,1.75
2016.12.15 12:52:11.733,0.7604,0.7606,2.25,2.25
2016.12.15 12:52:11.914,0.76045,0.7606,1.00,1.75
2016.12.15 12:52:12.120,0.7604,0.7606,2.25,2.25
2016.12.15 12:52:12.497,0.76045,0.7606,1.00,1.75
2016.12.15 12:52:12.813,0.7604,0.7606,2.25,2.25
2016.12.15 12:52:12.872,0.76045,0.7606,1.00,1.75
2016.12.15 12:52:13.802,0.7604,0.7606,2.25,2.25
2016.12.15 12:52:14.962,0.76044,0.76067,1.37,4.87
2016.12.15 12:52:15.062,0.76046,0.76065,1.50,1.00
2016.12.15 12:52:17.069,0.76045,0.76067,1.12,1.75
2016.12.15 12:52:18.761,0.7604,0.76065,3.00,3.00
2016.12.15 12:52:19.064,0.76041,0.76059,1.00,1.00
2016.12.15 12:52:21.171,0.7604,0.76064,3.00,1.75
2016.12.15 12:52:21.977,0.76042,0.76065,1.75,2.25
2016.12.15 12:52:26.201,0.7604,0.76065,3.00,3.00
2016.12.15 12:52:35.905,0.76042,0.76065,1.75,1.75
2016.12.15 12:52:37.465,0.7605,0.7607,1.00,2.25
2016.12.15 12:52:37.802,0.76045,0.76065,2.25,1.37
2016.12.15 12:52:39.090,0.76046,0.76065,1.75,1.00
2016.12.15 12:52:39.307,0.76045,0.76065,1.75,1.75
2016.12.15 12:52:39.358,0.7605,0.7607,1.00,3.37
2016.12.15 12:52:39.408,0.7605,0.7607,1.00,1.75
2016.12.15 12:52:39.510,0.7605,0.7607,1.75,1.50
2016.12.15 12:52:39.917,0.7605,0.76069,1.12,1.75
2016.12.15 12:52:40.017,0.76048,0.76065,1.00,1.12
2016.12.15 12:52:40.690,0.76046,0.76065,1.50,1.12
2016.12.15 12:52:40.901,0.76042,0.76065,1.75,1.50
2016.12.15 12:52:41.402,0.76041,0.76064,1.75,2.25
2016.12.15 12:52:41.453,0.76043,0.76061,1.00,1.00
2016.12.15 12:52:45.725,0.76043,0.7606,1.00,1.00
2016.12.15 12:52:46.055,0.7604,0.7606,1.75,1.75
2016.12.15 12:52:55.149,0.76045,0.76061,1.00,1.75
2016.12.15 12:52:55.300,0.7608,0.76105,1.00,8.25
2016.12.15 12:52:55.351,0.76085,0.76093,1.00,1.75
2016.12.15 12:52:55.451,0.76085,0.76104,1.00,2.62
2016.12.15 12:52:55.552,0.76086,0.76105,1.75,1.00
2016.12.15 12:52:55.653,0.76085,0.76109,2.25,1.75
2016.12.15 12:52:55.849,0.76095,0.76114,1.00,4.12
2016.12.15 12:52:56.051,0.76095,0.76112,1.00,1.50
2016.12.15 12:52:56.354,0.76095,0.76111,1.00,1.50
2016.12.15 12:52:56.858,0.76095,0.76111,1.00,1.75
2016.12.15 12:52:57.162,0.76094,0.76109,1.00,1.75
2016.12.15 12:52:57.263,0.7609,0.76105,1.00,1.00
2016.12.15 12:52:57.862,0.76087,0.76107,1.50,1.75
2016.12.15 12:52:58.752,0.76086,0.76108,1.50,1.75
2016.12.15 12:52:59.792,0.76085,0.76108,1.50,1.75
2016.12.15 12:53:00.352,0.76086,0.76108,1.00,1.75
2016.12.15 12:53:00.922,0.76085,0.7611,1.00,3.00
2016.12.15 12:53:05.556,0.7609,0.76105,1.00,1.00
2016.12.15 12:53:05.909,0.76094,0.76113,1.00,2.62
2016.12.15 12:53:05.960,0.76094,0.76115,1.00,1.75
2016.12.15 12:53:06.224,0.7609,0.7611,1.87,1.50
2016.12.15 12:53:06.275,0.7609,0.76107,1.00,1.00
2016.12.15 12:53:06.376,0.76084,0.76104,1.00,1.50
2016.12.15 12:53:06.477,0.76079,0.76102,1.75,1.00
2016.12.15 12:53:06.528,0.7608,0.76102,1.37,1.37
2016.12.15 12:53:07.185,0.7608,0.76102,1.00,1.75
2016.12.15 12:53:07.713,0.76079,0.76103,1.50,1.75
2016.12.15 12:53:08.961,0.7608,0.761,1.00,1.50
2016.12.15 12:53:13.614,0.76076,0.76096,1.75,1.00
2016.12.15 12:53:14.238,0.76079,0.76098,1.00,1.00
2016.12.15 12:53:14.755,0.7608,0.76098,1.00,1.00
2016.12.15 12:53:15.347,0.7608,0.76097,1.00,2.62
2016.12.15 12:53:15.397,0.76075,0.76092,1.37,1.00
2016.12.15 12:53:15.701,0.76075,0.76093,1.00,1.75
2016.12.15 12:53:15.852,0.7607,0.7609,1.00,1.50
2016.12.15 12:53:16.195,0.76075,0.76093,1.00,1.75
2016.12.15 12:53:16.527,0.76075,0.76095,1.12,1.00
2016.12.15 12:53:16.628,0.7608,0.76097,1.00,1.37
2016.12.15 12:53:16.729,0.76075,0.76097,1.87,1.75
2016.12.15 12:53:17.252,0.76075,0.76099,1.00,1.75
2016.12.15 12:53:17.353,0.7608,0.76101,1.00,2.62
2016.12.15 12:53:17.504,0.7608,0.76105,1.00,2.25
2016.12.15 12:53:17.658,0.7608,0.76105,1.37,2.25
2016.12.15 12:53:19.309,0.7608,0.761,1.00,1.00
2016.12.15 12:53:19.611,0.76084,0.76106,1.12,1.75
2016.12.15 12:53:20.145,0.76084,0.76106,1.50,1.75
2016.12.15 12:53:25.160,0.7609,0.76107,1.00,2.25
2016.12.15 12:53:25.268,0.76084,0.76106,1.50,1.75
2016.12.15 12:53:25.520,0.76084,0.76106,1.12,2.25
2016.12.15 12:53:26.055,0.76085,0.76105,1.00,1.75
2016.12.15 12:53:26.773,0.76084,0.76106,1.12,1.75
2016.12.15 12:53:27.332,0.76085,0.76105,1.00,1.75
2016.12.15 12:53:28.485,0.76091,0.76109,1.00,2.62
2016.12.15 12:53:28.536,0.76091,0.76113,1.00,4.87
2016.12.15 12:53:28.637,0.76091,0.76113,1.12,3.00
2016.12.15 12:53:29.152,0.76091,0.7611,1.00,1.12
2016.12.15 12:53:29.303,0.76089,0.7611,1.00,1.37
2016.12.15 12:53:29.815,0.7609,0.7611,1.00,1.75
2016.12.15 12:53:30.343,0.7609,0.7611,1.50,1.75
2016.12.15 12:53:31.636,0.76091,0.7611,1.75,1.12
2016.12.15 12:53:31.978,0.76095,0.76115,1.12,3.00
2016.12.15 12:53:32.522,0.7609,0.7611,2.25,1.00
2016.12.15 12:53:32.974,0.76095,0.76114,1.12,2.25
2016.12.15 12:53:33.025,0.7609,0.7611,1.75,1.00
2016.12.15 12:53:33.226,0.76087,0.76108,1.50,1.75
2016.12.15 12:53:34.786,0.7609,0.7611,1.00,3.00
2016.12.15 12:53:34.837,0.76085,0.7611,3.00,3.75
2016.12.15 12:53:36.204,0.76085,0.76105,3.00,1.00
2016.12.15 12:53:36.255,0.76085,0.76105,3.00,1.00
2016.12.15 12:53:36.376,0.76084,0.7611,4.87,1.50
2016.12.15 12:53:36.529,0.76085,0.76105,2.25,1.00
2016.12.15 12:53:36.584,0.76085,0.76109,2.25,1.37
2016.12.15 12:53:36.635,0.76085,0.76109,2.25,1.75
2016.12.15 12:53:39.247,0.76085,0.76105,2.25,1.50
2016.12.15 12:53:39.563,0.76085,0.76105,2.25,1.00
2016.12.15 12:53:42.024,0.76085,0.76109,2.25,2.25
2016.12.15 12:53:42.541,0.7609,0.76109,1.00,2.25
2016.12.15 12:53:44.996,0.76085,0.76109,2.25,1.75
2016.12.15 12:53:45.650,0.76087,0.76105,1.75,1.00
2016.12.15 12:53:46.605,0.76089,0.7611,1.12,1.75
2016.12.15 12:53:49.420,0.7609,0.76109,1.00,1.75
2016.12.15 12:53:50.238,0.7609,0.76109,1.00,2.25
2016.12.15 12:53:50.339,0.76087,0.76105,1.00,1.50
2016.12.15 12:53:50.491,0.76085,0.76104,1.12,1.12
2016.12.15 12:53:50.541,0.76085,0.76104,1.00,1.37
2016.12.15 12:53:51.059,0.76084,0.76105,1.00,1.75
2016.12.15 12:53:51.576,0.76081,0.76104,2.25,2.25
2016.12.15 12:53:51.677,0.76085,0.76103,1.00,1.00
2016.12.15 12:53:51.878,0.76085,0.76105,1.75,1.12
2016.12.15 12:53:52.619,0.76089,0.76107,1.00,2.25
2016.12.15 12:53:53.411,0.7609,0.76107,1.00,2.25
2016.12.15 12:53:54.360,0.7609,0.76107,1.00,1.50
2016.12.15 12:53:55.110,0.76085,0.76105,1.50,1.75
2016.12.15 12:53:55.160,0.76085,0.76105,1.12,1.75
2016.12.15 12:53:55.785,0.76085,0.76104,1.50,1.00
2016.12.15 12:53:57.663,0.7609,0.76104,1.00,1.00
2016.12.15 12:53:57.713,0.76085,0.76104,1.50,1.00
2016.12.15 12:53:59.513,0.76085,0.76103,1.50,1.00
2016.12.15 12:53:59.563,0.76085,0.76101,1.12,1.37
2016.12.15 12:53:59.664,0.7608,0.76104,3.00,4.12
2016.12.15 12:53:59.765,0.7609,0.76106,1.00,2.62
2016.12.15 12:53:59.815,0.76085,0.76109,1.50,3.37
2016.12.15 12:53:59.866,0.76085,0.76109,1.50,1.75
2016.12.15 12:53:59.916,0.76085,0.76108,2.25,1.75
2016.12.15 12:54:00.962,0.7609,0.7611,1.00,3.00
2016.12.15 12:54:01.433,0.7609,0.76109,1.50,1.00
2016.12.15 12:54:04.029,0.7609,0.76108,1.00,1.00
2016.12.15 12:54:04.690,0.7609,0.76109,1.00,1.50
2016.12.15 12:54:04.923,0.7609,0.76105,1.00,1.00
2016.12.15 12:54:05.238,0.76089,0.76109,1.00,4.87
2016.12.15 12:54:05.339,0.7609,0.76109,1.00,2.25
2016.12.15 12:54:05.440,0.7609,0.7611,1.12,2.25
2016.12.15 12:54:05.776,0.76095,0.7611,1.00,1.75
2016.12.15 12:54:06.932,0.7609,0.76109,1.12,1.75
2016.12.15 12:54:07.442,0.7609,0.76106,1.00,1.00
2016.12.15 12:54:10.792,0.7609,0.76107,1.00,1.75
2016.12.15 12:54:10.842,0.76085,0.76105,1.50,1.75
2016.12.15 12:54:11.094,0.76085,0.76105,1.12,1.75
2016.12.15 12:54:11.913,0.76085,0.76105,1.37,1.75
2016.12.15 12:54:11.963,0.7609,0.76106,1.00,1.75
2016.12.15 12:54:14.291,0.7609,0.7611,1.00,2.25
2016.12.15 12:54:15.862,0.76089,0.76109,1.00,1.75
2016.12.15 12:54:16.014,0.7609,0.76109,1.00,2.62
2016.12.15 12:54:16.115,0.76085,0.76105,1.12,2.25
2016.12.15 12:54:16.363,0.7609,0.76105,1.00,1.75
2016.12.15 12:54:16.877,0.7609,0.76107,1.00,1.75
2016.12.15 12:54:17.122,0.76084,0.76106,1.75,1.75
2016.12.15 12:54:17.527,0.76084,0.76105,1.50,1.75
2016.12.15 12:54:18.290,0.76084,0.76106,1.12,2.25
2016.12.15 12:54:18.815,0.76085,0.76105,1.37,1.75
2016.12.15 12:54:19.609,0.76085,0.76105,1.50,1.75
2016.12.15 12:54:20.262,0.7609,0.76107,1.00,2.25
2016.12.15 12:54:20.653,0.7609,0.76107,1.00,1.75
2016.12.15 12:54:27.020,0.76085,0.76105,2.25,1.12
2016.12.15 12:54:27.121,0.76085,0.76105,1.50,1.37
2016.12.15 12:54:27.172,0.76085,0.76105,1.12,1.75
2016.12.15 12:54:29.515,0.76085,0.76105,1.50,1.50
2016.12.15 12:54:29.566,0.76085,0.76105,1.75,1.50
2016.12.15 12:54:29.616,0.7609,0.76107,1.00,1.75
2016.12.15 12:54:30.136,0.76095,0.76115,1.00,4.12
2016.12.15 12:54:30.237,0.76095,0.76115,1.50,3.00
2016.12.15 12:54:31.367,0.7609,0.7611,2.25,1.00
2016.12.15 12:54:31.468,0.7609,0.7611,2.25,1.12
2016.12.15 12:54:31.769,0.7609,0.76111,1.75,1.12
2016.12.15 12:54:33.573,0.7609,0.7611,2.25,1.00
2016.12.15 12:54:33.726,0.7609,0.7611,1.50,1.75
2016.12.15 12:54:34.772,0.76095,0.76112,1.00,1.75
2016.12.15 12:54:34.982,0.7609,0.7611,1.50,1.75
2016.12.15 12:54:37.216,0.76095,0.76112,1.00,1.75
2016.12.15 12:54:37.562,0.76089,0.76113,1.75,1.75
2016.12.15 12:54:38.546,0.76095,0.76112,1.00,1.75
2016.12.15 12:54:39.465,0.7609,0.7611,3.00,1.75
2016.12.15 12:54:40.505,0.76089,0.76111,1.75,1.50
2016.12.15 12:54:40.556,0.76092,0.76111,1.00,1.50
2016.12.15 12:54:41.007,0.76089,0.76111,1.75,1.50
2016.12.15 12:54:41.518,0.76089,0.76111,1.75,1.75
2016.12.15 12:54:42.782,0.76094,0.76114,1.00,2.62
2016.12.15 12:54:42.883,0.76092,0.76115,1.75,1.75
2016.12.15 12:54:43.085,0.7609,0.7611,3.37,1.00
2016.12.15 12:54:43.186,0.7609,0.7611,1.75,1.12
2016.12.15 12:54:43.344,0.7609,0.7611,1.50,1.75
2016.12.15 12:54:44.232,0.76095,0.76114,1.00,3.37
2016.12.15 12:54:45.171,0.7609,0.7611,1.50,1.75
2016.12.15 12:54:46.152,0.76087,0.76105,1.75,1.00
2016.12.15 12:54:46.354,0.76087,0.76106,1.50,1.50
2016.12.15 12:54:46.505,0.76087,0.76105,1.12,1.37
2016.12.15 12:54:47.019,0.76085,0.76105,1.50,1.75
2016.12.15 12:54:49.007,0.76085,0.76105,1.75,1.37
2016.12.15 12:54:49.057,0.76085,0.76105,1.75,1.12
2016.12.15 12:54:50.925,0.76084,0.76106,1.75,2.25
2016.12.15 12:54:50.976,0.76085,0.76104,1.00,1.00
2016.12.15 12:54:51.026,0.76084,0.76106,1.37,2.25
2016.12.15 12:54:51.615,0.76081,0.761,1.75,1.00
2016.12.15 12:54:55.199,0.76085,0.76105,1.00,1.75
2016.12.15 12:54:55.757,0.7608,0.761,1.75,1.00
2016.12.15 12:54:57.316,0.76085,0.76105,1.00,2.25
2016.12.15 12:54:58.429,0.76085,0.76104,1.00,1.00
2016.12.15 12:55:02.770,0.76085,0.76105,1.50,1.37
2016.12.15 12:55:03.104,0.76085,0.76105,1.12,1.75
2016.12.15 12:55:03.502,0.76085,0.76105,2.10,1.50
2016.12.15 12:55:04.549,0.76085,0.76105,1.72,1.75
2016.12.15 12:55:04.600,0.76085,0.76105,1.72,1.75
2016.12.15 12:55:05.551,0.76085,0.76105,1.12,1.75
2016.12.15 12:55:06.087,0.76085,0.76105,1.00,1.75
2016.12.15 12:55:06.528,0.76084,0.76106,1.60,4.12
2016.12.15 12:55:06.579,0.76085,0.76105,1.50,1.75
2016.12.15 12:55:06.680,0.76085,0.76108,2.25,2.62
2016.12.15 12:55:06.730,0.76087,0.76109,1.75,1.75
2016.12.15 12:55:06.831,0.76085,0.76109,3.37,2.25
2016.12.15 12:55:07.163,0.76085,0.76109,1.75,1.75
2016.12.15 12:55:08.012,0.76084,0.761,1.75,1.00
2016.12.15 12:55:08.113,0.76081,0.761,2.62,1.00
2016.12.15 12:55:08.214,0.76083,0.761,1.00,1.00
2016.12.15 12:55:08.315,0.76083,0.76095,1.00,1.00
2016.12.15 12:55:08.544,0.76083,0.76101,1.00,1.00
2016.12.15 12:55:08.646,0.76079,0.76101,1.75,1.75
2016.12.15 12:55:10.287,0.76079,0.76101,1.75,1.37
2016.12.15 12:55:10.337,0.76079,0.76101,1.75,1.12
2016.12.15 12:55:10.438,0.76079,0.76101,1.75,1.75
2016.12.15 12:55:10.764,0.76075,0.76099,1.75,1.75
2016.12.15 12:55:11.792,0.76074,0.76095,3.37,1.00
2016.12.15 12:55:13.054,0.76074,0.76096,4.12,1.12
2016.12.15 12:55:13.562,0.76075,0.76095,1.75,1.00
2016.12.15 12:55:14.084,0.76075,0.76095,1.75,1.50
2016.12.15 12:55:16.477,0.76079,0.761,1.00,3.00
2016.12.15 12:55:16.528,0.76077,0.761,1.75,1.75
2016.12.15 12:55:16.578,0.76078,0.761,1.75,1.50
2016.12.15 12:55:16.629,0.76082,0.761,1.00,1.00
2016.12.15 12:55:16.679,0.7608,0.76106,1.75,1.75
2016.12.15 12:55:16.730,0.76081,0.76106,1.75,2.25
2016.12.15 12:55:17.503,0.7608,0.76101,1.75,1.00
2016.12.15 12:55:18.063,0.76081,0.761,1.75,1.00
2016.12.15 12:55:18.694,0.76082,0.76105,1.75,1.75
2016.12.15 12:55:18.845,0.76089,0.76108,1.00,2.62
2016.12.15 12:55:19.046,0.76095,0.76114,1.00,1.75
2016.12.15 12:55:19.199,0.76097,0.76114,1.87,1.37
2016.12.15 12:55:19.249,0.76096,0.7612,2.25,1.50
2016.12.15 12:55:19.451,0.76097,0.76115,1.75,1.00
2016.12.15 12:55:20.179,0.76097,0.7612,1.75,1.50
2016.12.15 12:55:20.334,0.76097,0.76115,1.75,1.00
2016.12.15 12:55:20.635,0.76097,0.7612,1.75,1.50
2016.12.15 12:55:20.956,0.76097,0.76116,1.75,1.00
2016.12.15 12:55:22.826,0.761,0.7612,1.37,1.50
2016.12.15 12:55:23.906,0.76098,0.7612,1.75,1.37
2016.12.15 12:55:23.957,0.76098,0.7612,1.75,1.12
2016.12.15 12:55:24.171,0.76097,0.7612,1.75,1.75
2016.12.15 12:55:24.484,0.76105,0.76125,1.00,4.12
2016.12.15 12:55:24.586,0.76101,0.7612,1.75,1.12
2016.12.15 12:55:28.143,0.76096,0.76115,3.37,1.00
2016.12.15 12:55:28.294,0.76095,0.76115,1.75,1.00
2016.12.15 12:55:28.350,0.76095,0.76115,1.75,1.37
2016.12.15 12:55:28.400,0.76095,0.76115,1.50,1.75
2016.12.15 12:55:29.254,0.76096,0.7612,1.37,4.12
2016.12.15 12:55:29.304,0.76096,0.7612,1.75,2.25
2016.12.15 12:55:34.196,0.76098,0.76117,1.00,1.00
2016.12.15 12:55:34.562,0.76098,0.76115,1.00,1.00
2016.12.15 12:55:34.865,0.76093,0.76115,2.62,1.87
2016.12.15 12:55:35.012,0.7609,0.76115,2.25,2.25
2016.12.15 12:55:35.264,0.76093,0.76116,1.37,1.75
2016.12.15 12:55:35.315,0.76094,0.76116,1.75,1.75
2016.12.15 12:55:35.366,0.76096,0.7612,1.50,2.25
2016.12.15 12:55:36.163,0.76096,0.7612,1.75,2.25
2016.12.15 12:55:36.872,0.761,0.7612,1.00,2.25
2016.12.15 12:55:37.377,0.76095,0.76121,1.75,2.25
2016.12.15 12:55:38.011,0.761,0.7612,1.00,1.75
2016.12.15 12:55:38.517,0.76096,0.7612,1.75,1.75
2016.12.15 12:55:39.346,0.76096,0.76115,1.75,1.00
2016.12.15 12:55:40.261,0.76096,0.7612,1.75,2.25
2016.12.15 12:55:40.563,0.76102,0.76122,1.75,1.50
2016.12.15 12:55:40.866,0.76103,0.76122,1.75,1.00
2016.12.15 12:55:41.395,0.76103,0.76124,1.75,1.50
2016.12.15 12:55:42.934,0.76103,0.7612,1.75,1.00
2016.12.15 12:55:43.222,0.76105,0.76126,1.75,1.75
2016.12.15 12:55:43.323,0.76106,0.7612,1.75,1.00
2016.12.15 12:55:43.524,0.761,0.7612,4.87,1.00
2016.12.15 12:55:43.625,0.76103,0.7612,1.00,1.00
2016.12.15 12:55:43.679,0.761,0.7612,1.50,1.37
2016.12.15 12:55:43.729,0.761,0.76118,1.50,1.00
2016.12.15 12:55:43.780,0.76097,0.76115,1.75,1.00
2016.12.15 12:55:43.994,0.761,0.7612,1.75,1.12
2016.12.15 12:55:44.403,0.76101,0.7612,1.00,1.37
2016.12.15 12:55:45.599,0.761,0.76119,2.25,1.00
2016.12.15 12:55:45.951,0.76099,0.76121,2.25,1.00
2016.12.15 12:55:46.160,0.76102,0.76121,1.75,1.00
2016.12.15 12:55:46.311,0.761,0.7612,1.75,1.00
2016.12.15 12:55:46.448,0.761,0.7612,1.50,1.75
2016.12.15 12:55:46.657,0.76096,0.76115,1.75,1.00
2016.12.15 12:55:47.077,0.761,0.7612,1.50,1.75
2016.12.15 12:55:47.329,0.76102,0.7612,1.00,1.00
2016.12.15 12:55:47.480,0.761,0.7612,3.37,1.00
2016.12.15 12:55:49.216,0.76099,0.76121,4.12,1.37
2016.12.15 12:55:49.746,0.761,0.7612,1.75,1.12
2016.12.15 12:55:52.007,0.76104,0.76124,1.00,1.75
2016.12.15 12:55:52.773,0.761,0.76121,1.75,1.50
2016.12.15 12:55:53.112,0.76105,0.76124,1.00,2.25
2016.12.15 12:55:55.411,0.761,0.7612,1.75,1.12
2016.12.15 12:55:55.512,0.76105,0.76124,1.00,1.75
2016.12.15 12:55:55.614,0.761,0.7612,1.75,1.12
2016.12.15 12:55:55.878,0.761,0.7612,1.50,1.50
2016.12.15 12:55:57.243,0.761,0.76119,1.12,1.75
2016.12.15 12:55:57.589,0.761,0.76119,1.00,2.25
2016.12.15 12:55:57.734,0.76095,0.76115,1.75,1.12
2016.12.15 12:55:57.894,0.761,0.76119,1.00,2.25
2016.12.15 12:55:58.136,0.76095,0.76115,1.75,1.12
2016.12.15 12:55:58.838,0.761,0.7612,1.00,3.75
2016.12.15 12:55:58.889,0.76094,0.76116,1.75,1.50
2016.12.15 12:55:59.195,0.761,0.7612,1.00,3.75
2016.12.15 12:55:59.353,0.761,0.76119,1.00,1.50
2016.12.15 12:55:59.707,0.76097,0.76116,1.00,1.50
2016.12.15 12:55:59.757,0.761,0.76116,1.00,1.00
2016.12.15 12:56:00.115,0.76097,0.76115,1.00,1.00
2016.12.15 12:56:00.576,0.761,0.76116,1.00,1.00
2016.12.15 12:56:00.727,0.76097,0.76115,1.00,1.00
2016.12.15 12:56:01.353,0.76097,0.76116,1.00,1.50
2016.12.15 12:56:01.816,0.76095,0.76116,1.50,2.25
2016.12.15 12:56:02.069,0.76096,0.76117,1.75,1.50
2016.12.15 12:56:02.220,0.76095,0.76117,1.75,1.50
2016.12.15 12:56:02.330,0.76095,0.76117,1.50,1.75
2016.12.15 12:56:03.350,0.76091,0.76115,3.37,1.50
2016.12.15 12:56:03.809,0.76092,0.76115,1.75,1.75
2016.12.15 12:56:04.501,0.7609,0.76115,4.87,3.00
2016.12.15 12:56:05.041,0.7609,0.76115,3.00,3.00
2016.12.15 12:56:05.543,0.76089,0.7611,2.62,1.00
2016.12.15 12:56:05.694,0.7609,0.7611,1.50,1.37
2016.12.15 12:56:05.745,0.7609,0.76108,1.50,1.00
2016.12.15 12:56:05.846,0.7609,0.7611,1.75,1.50
2016.12.15 12:56:06.974,0.76087,0.7611,1.75,2.25
2016.12.15 12:56:07.025,0.76088,0.76107,1.00,1.00
2016.12.15 12:56:07.325,0.7609,0.76107,1.00,1.00
2016.12.15 12:56:07.842,0.7609,0.7611,1.50,1.75
2016.12.15 12:56:10.064,0.7609,0.7611,1.75,1.00
2016.12.15 12:56:11.726,0.76089,0.76111,1.75,1.12
2016.12.15 12:56:11.776,0.76091,0.76111,1.00,1.37
2016.12.15 12:56:12.078,0.76095,0.76111,1.00,1.00
2016.12.15 12:56:12.229,0.76095,0.76113,1.50,1.00
2016.12.15 12:56:12.403,0.76095,0.7611,1.00,1.00
2016.12.15 12:56:12.961,0.76092,0.7611,1.75,1.00
2016.12.15 12:56:13.972,0.76095,0.76115,1.00,2.85
2016.12.15 12:56:14.651,0.76091,0.7611,1.75,1.00
2016.12.15 12:56:16.039,0.76095,0.76115,1.00,2.10
2016.12.15 12:56:16.141,0.76095,0.76115,1.50,2.10
2016.12.15 12:56:16.343,0.76095,0.76115,1.75,1.00
2016.12.15 12:56:17.936,0.76092,0.76115,1.75,1.72
2016.12.15 12:56:17.987,0.76095,0.76114,1.00,1.00
2016.12.15 12:56:18.037,0.76095,0.76111,1.00,1.00
2016.12.15 12:56:19.274,0.76095,0.76114,1.50,1.00
2016.12.15 12:56:21.069,0.76095,0.7611,1.00,1.00
2016.12.15 12:56:21.432,0.76095,0.76114,1.00,1.00
2016.12.15 12:56:22.029,0.76095,0.76115,3.00,1.37
2016.12.15 12:56:22.339,0.76095,0.76116,2.62,1.00
2016.12.15 12:56:22.490,0.76097,0.76116,1.50,1.75
2016.12.15 12:56:22.541,0.76097,0.76116,1.75,1.37
2016.12.15 12:56:22.592,0.76097,0.76116,1.75,1.00
2016.12.15 12:56:23.117,0.76097,0.76115,1.75,1.00
2016.12.15 12:56:23.369,0.76094,0.76116,2.25,1.50
2016.12.15 12:56:27.751,0.76095,0.76115,1.50,1.50
2016.12.15 12:56:28.271,0.76096,0.76115,1.75,1.00
2016.12.15 12:56:28.463,0.76099,0.76121,1.12,4.50
2016.12.15 12:56:28.564,0.76096,0.76115,1.75,1.00
2016.12.15 12:56:29.510,0.76095,0.76115,1.75,1.12
2016.12.15 12:56:29.812,0.76096,0.76115,1.75,1.00
2016.12.15 12:56:30.428,0.76096,0.76115,1.75,1.50
2016.12.15 12:56:30.529,0.76096,0.76115,1.75,1.37
2016.12.15 12:56:31.041,0.76096,0.76115,1.75,1.00
2016.12.15 12:56:31.671,0.761,0.7612,1.00,1.75
2016.12.15 12:56:32.260,0.76099,0.76121,1.00,3.37
2016.12.15 12:56:32.311,0.76099,0.76121,1.72,3.37
2016.12.15 12:56:32.362,0.761,0.7612,1.37,1.50
2016.12.15 12:56:32.412,0.761,0.7612,1.75,1.50
2016.12.15 12:56:33.332,0.761,0.76125,2.85,4.12
2016.12.15 12:56:33.433,0.76104,0.76126,1.50,1.50
2016.12.15 12:56:33.534,0.76104,0.76126,1.75,1.50
2016.12.15 12:56:33.992,0.76102,0.7612,2.10,1.00
2016.12.15 12:56:34.043,0.76105,0.76125,1.50,1.75
2016.12.15 12:56:34.144,0.76101,0.7612,2.62,1.00
2016.12.15 12:56:34.445,0.76098,0.76116,2.62,1.00
2016.12.15 12:56:34.496,0.76096,0.76116,1.75,1.00
2016.12.15 12:56:34.597,0.76097,0.76115,1.00,1.00
2016.12.15 12:56:34.697,0.76099,0.76116,1.00,1.00
2016.12.15 12:56:35.031,0.76096,0.76116,2.62,1.00
2016.12.15 12:56:35.133,0.76095,0.76116,1.75,1.12
2016.12.15 12:56:35.234,0.76093,0.76115,2.62,1.87
2016.12.15 12:56:35.335,0.7609,0.76115,1.75,1.75
2016.12.15 12:56:35.714,0.76095,0.76115,1.37,1.50
2016.12.15 12:56:36.307,0.76095,0.76115,2.25,1.12
2016.12.15 12:56:36.610,0.76095,0.76115,1.75,2.25
2016.12.15 12:56:36.660,0.76092,0.7611,1.75,1.00
2016.12.15 12:56:36.862,0.76095,0.76115,1.75,1.50
2016.12.15 12:56:37.985,0.76095,0.76113,1.75,1.00
2016.12.15 12:56:38.035,0.76091,0.76111,2.62,1.00
2016.12.15 12:56:38.136,0.76089,0.76111,2.25,1.50
2016.12.15 12:56:38.237,0.76095,0.76113,1.00,1.75
2016.12.15 12:56:38.338,0.76095,0.76114,1.00,1.75
2016.12.15 12:56:38.439,0.76095,0.76114,1.12,1.75
2016.12.15 12:56:39.073,0.76091,0.7611,1.75,1.00
2016.12.15 12:56:39.398,0.76095,0.76115,1.12,1.75
2016.12.15 12:56:39.549,0.76095,0.76115,1.50,1.50
2016.12.15 12:56:41.424,0.76095,0.76112,1.50,1.00
2016.12.15 12:56:41.627,0.7609,0.76109,1.50,1.00
2016.12.15 12:56:41.736,0.76095,0.76109,1.00,1.00
2016.12.15 12:56:41.913,0.7609,0.76109,1.50,1.00
2016.12.15 12:56:43.553,0.76094,0.76109,1.00,1.00
2016.12.15 12:56:44.556,0.7609,0.76109,1.50,1.00
2016.12.15 12:56:44.656,0.7609,0.7611,1.50,1.50
2016.12.15 12:56:45.193,0.76089,0.76111,1.75,1.75
2016.12.15 12:56:45.660,0.76094,0.76116,1.37,4.12
2016.12.15 12:56:45.861,0.76095,0.76115,1.75,1.12
2016.12.15 12:56:46.655,0.761,0.76119,1.00,2.25
2016.12.15 12:56:47.226,0.76095,0.76119,1.75,2.25
2016.12.15 12:56:47.772,0.76094,0.76116,1.75,1.75
2016.12.15 12:56:49.808,0.76096,0.76116,1.50,1.50
2016.12.15 12:56:49.858,0.761,0.7612,1.00,2.25
2016.12.15 12:56:49.960,0.761,0.76118,1.50,1.00
2016.12.15 12:56:54.017,0.761,0.76115,1.00,1.00
2016.12.15 12:56:54.218,0.76096,0.76114,1.00,1.00
2016.12.15 12:56:54.370,0.76094,0.76115,1.75,1.75
2016.12.15 12:56:54.983,0.76094,0.76115,1.50,1.75
2016.12.15 12:56:55.871,0.76095,0.76118,1.37,3.37
2016.12.15 12:56:56.376,0.76095,0.76115,1.12,2.25
2016.12.15 12:56:57.233,0.7609,0.76115,2.25,2.25
2016.12.15 12:56:57.887,0.7609,0.76114,1.75,1.75
2016.12.15 12:56:58.404,0.7609,0.76114,1.75,2.25
2016.12.15 12:56:58.943,0.76092,0.76111,1.00,1.00
2016.12.15 12:57:00.511,0.76092,0.76116,1.75,1.75
2016.12.15 12:57:02.330,0.761,0.76118,1.00,1.75
2016.12.15 12:57:02.482,0.76095,0.76115,1.37,1.50
2016.12.15 12:57:02.582,0.76095,0.76115,1.75,1.12
2016.12.15 12:57:03.325,0.76094,0.76113,1.75,1.00
2016.12.15 12:57:03.375,0.76096,0.76113,1.00,1.12
2016.12.15 12:57:03.476,0.76094,0.76113,1.12,1.37
2016.12.15 12:57:03.821,0.7609,0.7611,1.50,1.50
2016.12.15 12:57:05.077,0.76095,0.7611,1.00,1.00
2016.12.15 12:57:05.228,0.76095,0.76115,1.50,1.75
2016.12.15 12:57:05.513,0.7609,0.7611,2.25,1.00
2016.12.15 12:57:06.304,0.7609,0.76115,2.25,2.25
2016.12.15 12:57:07.296,0.7609,0.7611,1.75,1.00
2016.12.15 12:57:07.598,0.76095,0.76112,1.37,1.00
2016.12.15 12:57:07.916,0.76095,0.76115,1.75,1.12
2016.12.15 12:57:08.227,0.76099,0.76119,1.00,2.25
2016.12.15 12:57:08.328,0.76094,0.76116,2.25,1.75
2016.12.15 12:57:08.824,0.76095,0.76115,1.75,1.12
2016.12.15 12:57:09.163,0.76095,0.76115,1.12,1.75
2016.12.15 12:57:09.507,0.76095,0.76115,1.75,1.12
2016.12.15 12:57:09.950,0.761,0.76117,1.00,1.75
2016.12.15 12:57:10.051,0.76095,0.76115,2.10,1.12
2016.12.15 12:57:10.303,0.76099,0.76117,1.00,1.75
2016.12.15 12:57:10.354,0.76095,0.76115,1.50,1.75
2016.12.15 12:57:10.505,0.76095,0.76115,1.50,1.50
2016.12.15 12:57:10.853,0.7609,0.7611,1.75,1.00
2016.12.15 12:57:10.904,0.7609,0.76109,1.50,1.00
2016.12.15 12:57:11.234,0.7609,0.76113,1.75,1.75
2016.12.15 12:57:11.856,0.76095,0.76113,1.00,1.75
2016.12.15 12:57:11.957,0.76095,0.76112,1.00,1.00
2016.12.15 12:57:12.058,0.76093,0.76111,1.00,1.00
2016.12.15 12:57:12.158,0.76095,0.76112,1.00,1.00
2016.12.15 12:57:13.513,0.76091,0.7611,1.75,1.00
2016.12.15 12:57:13.975,0.76095,0.76115,1.12,1.75
2016.12.15 12:57:14.126,0.76095,0.76115,1.75,1.50
2016.12.15 12:57:14.643,0.761,0.76117,1.00,1.00
2016.12.15 12:57:14.948,0.76098,0.76116,1.00,1.00
2016.12.15 12:57:15.049,0.76094,0.76116,3.00,1.75
2016.12.15 12:57:15.619,0.76094,0.76116,2.25,1.12
2016.12.15 12:57:16.142,0.76095,0.76115,1.75,1.00
2016.12.15 12:57:16.512,0.76095,0.76115,1.75,1.12
2016.12.15 12:57:17.950,0.76095,0.76115,1.50,1.50
2016.12.15 12:57:18.051,0.76095,0.76115,1.50,1.75
2016.12.15 12:57:22.436,0.761,0.76119,1.00,3.37
2016.12.15 12:57:22.557,0.761,0.76119,1.00,1.75
2016.12.15 12:57:23.229,0.76095,0.76115,1.75,1.12
2016.12.15 12:57:24.074,0.761,0.7612,1.00,2.25
2016.12.15 12:57:24.608,0.76095,0.76115,2.10,1.12
2016.12.15 12:57:26.737,0.761,0.76119,1.00,1.75
2016.12.15 12:57:26.939,0.76095,0.76118,2.10,1.37
2016.12.15 12:57:26.989,0.76095,0.76115,2.10,1.00
2016.12.15 12:57:27.141,0.76094,0.76116,1.75,1.75
2016.12.15 12:57:29.069,0.76099,0.76118,1.00,1.75
2016.12.15 12:57:29.120,0.76093,0.76115,1.75,1.50
2016.12.15 12:57:30.158,0.761,0.76118,1.00,2.25
2016.12.15 12:57:30.460,0.761,0.7612,1.00,2.25
2016.12.15 12:57:32.526,0.76099,0.76121,1.12,2.25
2016.12.15 12:57:33.035,0.761,0.7612,1.00,1.75
2016.12.15 12:57:33.186,0.761,0.7612,1.50,1.75
2016.12.15 12:57:33.793,0.761,0.7612,1.37,2.25
2016.12.15 12:57:33.894,0.761,0.7612,1.12,1.75
2016.12.15 12:57:33.995,0.761,0.7612,1.75,1.50
2016.12.15 12:57:34.507,0.761,0.7612,1.75,1.50
2016.12.15 12:57:36.054,0.76105,0.76122,1.00,1.75
2016.12.15 12:57:36.363,0.76104,0.76122,1.00,1.00
2016.12.15 12:57:36.797,0.76105,0.76125,1.37,1.37
2016.12.15 12:57:36.898,0.76105,0.76125,2.25,1.12
2016.12.15 12:57:37.975,0.76105,0.76125,1.37,1.50
2016.12.15 12:57:38.710,0.76102,0.76121,1.75,1.00
2016.12.15 12:57:38.923,0.76105,0.76125,1.37,1.50
2016.12.15 12:57:39.124,0.7611,0.76127,1.00,1.75
2016.12.15 12:57:39.174,0.76105,0.76125,1.75,1.50
2016.12.15 12:57:40.297,0.7611,0.76129,1.00,2.62
2016.12.15 12:57:40.498,0.7611,0.7613,1.50,1.75
2016.12.15 12:57:42.773,0.7611,0.7613,1.12,1.75
2016.12.15 12:57:48.084,0.76108,0.7613,1.00,2.25
2016.12.15 12:57:48.283,0.7611,0.7613,1.00,2.25
2016.12.15 12:57:48.815,0.7611,0.7613,1.12,2.25
2016.12.15 12:57:50.204,0.7611,0.76128,1.00,1.75
2016.12.15 12:57:50.618,0.76104,0.76126,1.75,1.75
2016.12.15 12:57:51.407,0.76105,0.76125,1.50,1.50
2016.12.15 12:57:51.746,0.76105,0.76124,1.00,1.75
2016.12.15 12:57:51.797,0.761,0.7612,1.75,1.50
2016.12.15 12:57:53.021,0.761,0.7612,1.50,1.75
2016.12.15 12:57:53.315,0.76099,0.7612,1.12,1.75
2016.12.15 12:57:53.728,0.76099,0.76113,1.00,1.00
2016.12.15 12:57:54.238,0.761,0.7612,1.00,4.12
2016.12.15 12:57:55.846,0.76095,0.7612,2.25,3.37
2016.12.15 12:57:55.947,0.76096,0.76115,1.75,1.00
2016.12.15 12:57:56.148,0.76095,0.76115,1.75,1.50
2016.12.15 12:57:57.236,0.76095,0.76115,1.50,1.75
2016.12.15 12:57:57.837,0.76095,0.76115,1.75,1.12
2016.12.15 12:57:57.989,0.761,0.76118,1.00,1.75
2016.12.15 12:57:58.468,0.761,0.7612,1.12,1.75
2016.12.15 12:57:58.815,0.76096,0.76115,1.75,1.00
2016.12.15 12:57:58.933,0.761,0.7612,1.12,1.75
2016.12.15 12:58:00.951,0.761,0.7612,1.75,1.75
2016.12.15 12:58:01.461,0.761,0.76118,1.00,1.00
2016.12.15 12:58:02.825,0.76105,0.76118,1.00,1.00
2016.12.15 12:58:02.876,0.761,0.76118,1.00,1.00
2016.12.15 12:58:04.570,0.761,0.7612,1.75,1.12
2016.12.15 12:58:07.474,0.761,0.7612,1.00,1.00
2016.12.15 12:58:07.575,0.76099,0.76118,1.00,1.00
2016.12.15 12:58:07.878,0.76097,0.76116,1.00,1.00
2016.12.15 12:58:08.487,0.761,0.76116,1.00,1.00
2016.12.15 12:58:08.811,0.761,0.7612,1.75,2.25
2016.12.15 12:58:08.963,0.76099,0.7612,2.25,1.75
2016.12.15 12:58:09.064,0.761,0.7612,1.00,1.75
2016.12.15 12:58:09.366,0.761,0.76118,1.00,1.75
2016.12.15 12:58:09.416,0.76096,0.76115,1.00,1.75
2016.12.15 12:58:10.008,0.76093,0.76111,1.00,1.00
2016.12.15 12:58:10.059,0.7609,0.76109,1.50,1.00
2016.12.15 12:58:11.630,0.76089,0.76111,1.12,3.37
2016.12.15 12:58:11.681,0.76089,0.76111,1.37,1.75
2016.12.15 12:58:11.781,0.76088,0.76105,1.50,1.00
2016.12.15 12:58:12.083,0.76088,0.76105,1.12,1.12
2016.12.15 12:58:12.184,0.76086,0.76104,1.00,1.00
2016.12.15 12:58:12.285,0.76085,0.76105,1.75,1.12
2016.12.15 12:58:12.587,0.76085,0.76105,1.50,1.75
2016.12.15 12:58:13.262,0.76085,0.76105,3.60,1.00
2016.12.15 12:58:13.550,0.76085,0.76105,1.50,1.75
2016.12.15 12:58:13.761,0.76085,0.76104,1.00,1.75
2016.12.15 12:58:14.266,0.76085,0.76104,1.12,1.50
2016.12.15 12:58:17.159,0.76082,0.761,1.75,1.00
2016.12.15 12:58:17.474,0.76085,0.76104,1.12,2.25
2016.12.15 12:58:18.360,0.76085,0.76104,1.12,2.25
2016.12.15 12:58:18.511,0.76085,0.76104,1.12,2.25
2016.12.15 12:58:19.313,0.7609,0.76108,1.00,2.62
2016.12.15 12:58:19.414,0.7609,0.76109,1.00,1.75
2016.12.15 12:58:19.934,0.76089,0.7611,1.50,1.75
2016.12.15 12:58:21.464,0.76095,0.7611,1.00,1.75
2016.12.15 12:58:21.619,0.76091,0.7611,1.00,1.50
2016.12.15 12:58:21.761,0.76094,0.7611,1.00,1.00
2016.12.15 12:58:21.913,0.76089,0.7611,1.75,1.87
2016.12.15 12:58:22.013,0.76086,0.7611,1.75,3.00
2016.12.15 12:58:22.114,0.76086,0.7611,1.75,3.75
2016.12.15 12:58:22.215,0.7609,0.7611,1.00,3.00
2016.12.15 12:58:22.517,0.7609,0.76109,1.00,1.00
2016.12.15 12:58:22.618,0.7609,0.7611,1.75,1.50
2016.12.15 12:58:22.934,0.76095,0.7611,1.00,1.50
2016.12.15 12:58:22.984,0.76089,0.7611,1.12,1.67
2016.12.15 12:58:23.136,0.76095,0.76112,1.00,1.75
2016.12.15 12:58:23.237,0.7609,0.7611,2.25,1.12
2016.12.15 12:58:23.388,0.76095,0.76114,1.00,2.25
2016.12.15 12:58:23.692,0.76095,0.76114,1.12,1.50
2016.12.15 12:58:23.742,0.76099,0.76117,1.00,1.75
2016.12.15 12:58:23.894,0.76099,0.76119,1.12,1.75
2016.12.15 12:58:24.422,0.76095,0.76115,1.75,1.00
2016.12.15 12:58:24.522,0.76095,0.76115,1.00,1.75
2016.12.15 12:58:24.864,0.761,0.76117,1.00,1.75
2016.12.15 12:58:24.914,0.761,0.76117,1.00,1.75
2016.12.15 12:58:25.065,0.76094,0.76116,1.75,1.75
2016.12.15 12:58:27.176,0.761,0.76117,1.00,1.75
2016.12.15 12:58:27.330,0.761,0.76117,1.00,1.00
2016.12.15 12:58:28.263,0.76105,0.76117,1.00,1.00
2016.12.15 12:58:28.414,0.76105,0.76125,1.50,2.25
2016.12.15 12:58:29.112,0.76105,0.76123,2.10,1.00
2016.12.15 12:58:29.213,0.76109,0.76129,1.00,1.75
2016.12.15 12:58:29.536,0.7611,0.76127,1.00,1.00
2016.12.15 12:58:31.508,0.76115,0.76132,1.00,1.75
2016.12.15 12:58:31.760,0.76115,0.76134,1.50,1.00
2016.12.15 12:58:31.810,0.76114,0.76136,1.75,1.75
2016.12.15 12:58:32.271,0.7611,0.76135,3.00,1.75
2016.12.15 12:58:32.631,0.7611,0.76136,4.12,1.75
2016.12.15 12:58:35.116,0.76119,0.76139,1.00,3.37
2016.12.15 12:58:35.349,0.7612,0.7614,1.50,1.75
2016.12.15 12:58:35.450,0.76116,0.76135,1.75,1.00
2016.12.15 12:58:35.551,0.76116,0.76135,1.75,1.12
2016.12.15 12:58:37.271,0.76119,0.76139,1.50,1.75
2016.12.15 12:58:37.322,0.76116,0.76135,1.75,1.00
2016.12.15 12:58:38.960,0.7612,0.7614,1.12,2.25
2016.12.15 12:58:39.433,0.76115,0.76135,1.75,1.12
2016.12.15 12:58:39.484,0.76115,0.76135,1.75,1.50
2016.12.15 12:58:39.713,0.7612,0.7614,1.00,4.12
2016.12.15 12:58:39.872,0.7612,0.76139,1.00,1.75
2016.12.15 12:58:40.421,0.76118,0.76135,1.75,1.00
2016.12.15 12:58:40.679,0.76117,0.76135,1.75,1.00
2016.12.15 12:58:40.881,0.76115,0.76135,1.75,1.50
2016.12.15 12:58:42.783,0.76119,0.76139,1.00,4.87
2016.12.15 12:58:43.318,0.76115,0.76135,2.25,1.50
2016.12.15 12:58:43.542,0.76111,0.7613,2.25,1.35
2016.12.15 12:58:43.794,0.76107,0.7613,1.75,2.10
2016.12.15 12:58:43.895,0.76109,0.7613,1.50,1.35
2016.12.15 12:58:44.209,0.76106,0.7613,1.75,1.75
2016.12.15 12:58:44.410,0.76105,0.76128,1.75,3.00
2016.12.15 12:58:44.461,0.76103,0.76125,2.25,1.00
2016.12.15 12:58:44.612,0.76103,0.76124,1.75,1.37
2016.12.15 12:58:44.763,0.76099,0.76125,3.00,1.75
2016.12.15 12:58:45.458,0.76105,0.76124,1.00,1.75
2016.12.15 12:58:45.810,0.761,0.76121,2.25,1.50
2016.12.15 12:58:45.911,0.761,0.76121,1.50,1.75
2016.12.15 12:58:46.113,0.761,0.7612,1.00,1.75
2016.12.15 12:58:46.711,0.761,0.7612,2.25,1.75
2016.12.15 12:58:47.356,0.761,0.76118,1.00,1.00
2016.12.15 12:58:48.529,0.761,0.7612,1.00,1.75
2016.12.15 12:58:48.782,0.76096,0.76115,1.00,1.00
2016.12.15 12:58:49.247,0.761,0.76115,1.00,1.00
2016.12.15 12:58:49.566,0.76096,0.76115,1.00,1.00
2016.12.15 12:58:50.296,0.761,0.76115,1.00,1.00
2016.12.15 12:58:50.397,0.761,0.76119,1.12,1.75
2016.12.15 12:58:50.837,0.76095,0.76115,1.75,1.00
2016.12.15 12:58:50.888,0.76095,0.76115,1.75,1.12
2016.12.15 12:58:50.939,0.76094,0.76115,1.37,1.50
2016.12.15 12:58:50.989,0.76094,0.76115,1.12,1.75
2016.12.15 12:58:51.293,0.76095,0.76115,1.37,1.50
2016.12.15 12:58:51.527,0.76095,0.76115,1.37,1.50
2016.12.15 12:58:51.587,0.76095,0.76115,1.37,1.50
2016.12.15 12:58:52.707,0.76095,0.76114,1.00,1.37
2016.12.15 12:58:52.886,0.76089,0.76111,1.75,1.37
2016.12.15 12:58:53.721,0.7609,0.7611,1.50,1.37
2016.12.15 12:58:54.024,0.76085,0.76105,1.75,1.12
2016.12.15 12:58:54.074,0.76085,0.76105,2.25,1.12
2016.12.15 12:58:54.226,0.76086,0.76105,1.50,1.00
2016.12.15 12:58:54.745,0.7609,0.7611,1.12,1.75
2016.12.15 12:58:54.954,0.76085,0.76105,1.75,1.35
2016.12.15 12:58:55.004,0.76088,0.76105,1.00,1.30
2016.12.15 12:58:55.105,0.76085,0.76105,1.37,1.72
2016.12.15 12:58:55.156,0.76085,0.76105,1.00,2.10
2016.12.15 12:58:55.631,0.7609,0.76107,1.00,2.62
2016.12.15 12:58:55.732,0.7609,0.76109,1.00,1.75
2016.12.15 12:58:55.833,0.7609,0.7611,1.12,2.25
2016.12.15 12:58:57.638,0.7609,0.7611,1.50,1.50
2016.12.15 12:58:57.689,0.76094,0.76112,1.00,1.75
2016.12.15 12:58:58.325,0.76095,0.76112,1.00,1.75
2016.12.15 12:58:58.567,0.7609,0.76109,1.75,1.72
2016.12.15 12:58:58.718,0.76095,0.76111,1.00,2.62
2016.12.15 12:58:58.819,0.7609,0.7611,1.37,1.75
2016.12.15 12:58:59.108,0.7609,0.7611,1.50,1.50
2016.12.15 12:58:59.410,0.76095,0.76114,1.00,2.25
2016.12.15 12:59:00.706,0.76095,0.76117,1.37,4.12
2016.12.15 12:59:00.757,0.76095,0.76117,1.75,2.25
2016.12.15 12:59:00.908,0.7609,0.76112,1.75,1.37
2016.12.15 12:59:00.958,0.7609,0.76114,1.50,4.12
2016.12.15 12:59:01.059,0.7609,0.76114,1.75,1.75
2016.12.15 12:59:02.035,0.76095,0.76114,1.12,1.75
2016.12.15 12:59:02.661,0.761,0.76114,1.00,1.75
2016.12.15 12:59:03.007,0.76095,0.76114,1.12,1.75
2016.12.15 12:59:03.208,0.76095,0.76113,1.00,2.62
2016.12.15 12:59:03.359,0.76095,0.76115,1.12,2.25
2016.12.15 12:59:03.742,0.761,0.76118,1.00,4.87
2016.12.15 12:59:03.893,0.761,0.76118,1.00,1.75
2016.12.15 12:59:04.095,0.761,0.7612,1.37,1.50
2016.12.15 12:59:04.346,0.76105,0.76124,1.00,3.37
2016.12.15 12:59:04.447,0.76105,0.76124,1.00,1.75
2016.12.15 12:59:05.005,0.76105,0.76124,1.00,1.75
2016.12.15 12:59:05.305,0.76105,0.76125,1.50,1.50
2016.12.15 12:59:05.355,0.76105,0.76125,1.75,1.12
2016.12.15 12:59:05.887,0.7611,0.76127,1.00,1.50
2016.12.15 12:59:06.138,0.7611,0.76127,1.12,1.00
2016.12.15 12:59:06.239,0.7611,0.7613,1.37,2.25
2016.12.15 12:59:06.489,0.7611,0.7613,1.12,2.25
2016.12.15 12:59:06.540,0.76109,0.76125,1.00,1.87
2016.12.15 12:59:06.792,0.761,0.7612,1.75,1.12
2016.12.15 12:59:06.943,0.76105,0.76124,1.00,1.75
2016.12.15 12:59:07.860,0.76104,0.76124,1.00,1.75
2016.12.15 12:59:08.410,0.76105,0.76125,1.00,2.25
2016.12.15 12:59:09.023,0.76104,0.76124,1.00,1.75
2016.12.15 12:59:11.231,0.76105,0.76124,1.00,1.75
2016.12.15 12:59:12.521,0.76102,0.7612,1.00,1.97
2016.12.15 12:59:12.572,0.76099,0.76115,1.75,1.00
2016.12.15 12:59:12.622,0.761,0.7612,1.75,2.85
2016.12.15 12:59:12.673,0.76099,0.76116,1.75,2.85
2016.12.15 12:59:12.774,0.76099,0.76115,1.00,2.10
2016.12.15 12:59:12.982,0.76095,0.76112,1.50,1.30
2016.12.15 12:59:13.413,0.76094,0.76113,1.12,1.35
2016.12.15 12:59:14.515,0.76095,0.76113,1.00,1.35
2016.12.15 12:59:15.050,0.76095,0.7611,1.00,2.10
2016.12.15 12:59:15.100,0.7609,0.7611,1.75,1.00
2016.12.15 12:59:15.151,0.7609,0.76109,1.75,1.87
2016.12.15 12:59:15.403,0.7609,0.7611,1.12,2.10
2016.12.15 12:59:16.128,0.76095,0.76112,1.00,1.35
2016.12.15 12:59:16.179,0.7609,0.7611,1.75,1.12
2016.12.15 12:59:16.331,0.76086,0.76108,1.75,1.37
2016.12.15 12:59:16.483,0.76084,0.76105,1.75,1.75
2016.12.15 12:59:16.886,0.7609,0.76109,1.00,2.62
2016.12.15 12:59:16.987,0.7609,0.7611,1.50,1.75
2016.12.15 12:59:17.138,0.76084,0.76105,2.62,1.37
2016.12.15 12:59:17.289,0.76083,0.76102,1.00,1.00
2016.12.15 12:59:17.541,0.7608,0.761,1.75,1.37
2016.12.15 12:59:17.642,0.7608,0.76099,1.50,1.37
2016.12.15 12:59:17.743,0.7608,0.76099,1.12,1.75
2016.12.15 12:59:18.060,0.76077,0.76095,1.00,1.00
2016.12.15 12:59:18.161,0.76075,0.76097,1.75,1.75
2016.12.15 12:59:18.363,0.76074,0.7609,1.00,1.00
2016.12.15 12:59:18.582,0.76072,0.7609,1.00,1.00
2016.12.15 12:59:18.633,0.7607,0.76095,1.75,2.25
2016.12.15 12:59:19.137,0.76075,0.76094,1.00,1.75
2016.12.15 12:59:21.494,0.76069,0.76094,1.75,1.75
2016.12.15 12:59:21.844,0.76075,0.76093,1.00,1.75
2016.12.15 12:59:21.896,0.76071,0.76093,2.25,1.75
2016.12.15 12:59:21.947,0.76075,0.76093,1.00,1.75
2016.12.15 12:59:22.048,0.76075,0.76095,1.12,1.75
2016.12.15 12:59:22.099,0.76079,0.76095,1.00,1.50
2016.12.15 12:59:22.149,0.7608,0.76095,1.00,1.50
2016.12.15 12:59:22.694,0.7608,0.761,1.00,2.25
2016.12.15 12:59:22.745,0.7608,0.76097,1.12,1.00
2016.12.15 12:59:23.917,0.7608,0.761,1.50,1.50
2016.12.15 12:59:24.001,0.7608,0.761,1.75,1.50
2016.12.15 12:59:24.102,0.76085,0.76105,1.00,3.37
2016.12.15 12:59:24.254,0.76085,0.76105,2.25,1.12
2016.12.15 12:59:24.441,0.76087,0.76105,1.00,1.37
2016.12.15 12:59:24.643,0.76084,0.76105,1.37,1.35
2016.12.15 12:59:25.486,0.76084,0.76105,1.00,2.62
2016.12.15 12:59:25.689,0.76084,0.76106,1.50,2.10
2016.12.15 12:59:25.740,0.76082,0.761,1.75,1.00
2016.12.15 12:59:26.038,0.76079,0.76101,1.75,1.50
2016.12.15 12:59:26.581,0.76084,0.76104,1.00,2.10
2016.12.15 12:59:27.101,0.7608,0.761,1.75,1.50
2016.12.15 12:59:27.607,0.7608,0.761,1.75,1.75
2016.12.15 12:59:27.881,0.7608,0.761,1.12,1.75
2016.12.15 12:59:30.795,0.76076,0.76095,1.75,1.00
2016.12.15 12:59:31.375,0.7608,0.761,1.12,2.25
2016.12.15 12:59:31.910,0.76076,0.76095,1.75,1.00
2016.12.15 12:59:32.415,0.7608,0.761,1.12,1.75
2016.12.15 12:59:33.126,0.76079,0.761,1.75,1.50
2016.12.15 12:59:33.177,0.76081,0.761,1.00,1.50
2016.12.15 12:59:34.299,0.76085,0.761,1.00,1.00
2016.12.15 12:59:34.350,0.76081,0.761,1.00,1.00
2016.12.15 12:59:34.403,0.7608,0.76101,1.37,1.75
2016.12.15 12:59:35.041,0.7608,0.761,1.75,1.50
2016.12.15 12:59:35.647,0.76085,0.76104,1.00,1.75
2016.12.15 12:59:35.798,0.76081,0.76105,1.75,1.75
2016.12.15 12:59:36.645,0.7609,0.76108,1.00,4.12
2016.12.15 12:59:36.898,0.7609,0.76108,1.00,1.75
2016.12.15 12:59:37.277,0.76086,0.7611,2.25,2.25
2016.12.15 12:59:37.709,0.76086,0.76108,1.75,1.37
2016.12.15 12:59:37.810,0.76089,0.76108,1.50,1.75
2016.12.15 12:59:40.638,0.76085,0.76105,2.85,1.00
2016.12.15 12:59:41.178,0.7609,0.7611,1.12,1.75
2016.12.15 12:59:41.725,0.7609,0.76111,1.75,1.50
2016.12.15 12:59:41.779,0.7609,0.76111,1.75,1.50
2016.12.15 12:59:41.880,0.7609,0.76109,1.50,1.00
2016.12.15 12:59:42.420,0.7609,0.76108,1.12,1.72
2016.12.15 12:59:42.621,0.76085,0.76104,1.50,1.00
2016.12.15 12:59:42.874,0.76081,0.761,1.75,1.00
2016.12.15 12:59:43.126,0.76081,0.761,1.50,1.50
2016.12.15 12:59:43.327,0.76081,0.761,1.00,2.25
2016.12.15 12:59:43.577,0.76077,0.76095,1.00,1.00
2016.12.15 12:59:43.628,0.76074,0.76098,2.25,1.75
2016.12.15 12:59:44.174,0.76075,0.76097,1.50,1.75
2016.12.15 12:59:45.568,0.76075,0.76095,1.75,1.37
2016.12.15 12:59:45.619,0.76075,0.76095,1.75,1.12
2016.12.15 12:59:45.669,0.76075,0.76095,1.37,1.50
2016.12.15 12:59:45.720,0.76075,0.76095,1.12,1.75
2016.12.15 12:59:45.925,0.76076,0.76095,1.00,1.50
2016.12.15 12:59:50.371,0.76075,0.76095,1.37,1.50
2016.12.15 12:59:50.872,0.7608,0.76098,1.00,1.75
2016.12.15 12:59:51.024,0.7608,0.761,1.00,1.75
2016.12.15 12:59:51.124,0.7608,0.761,1.75,1.75
2016.12.15 12:59:51.442,0.76085,0.76102,1.00,1.75
2016.12.15 12:59:51.700,0.76085,0.76104,1.50,1.00
2016.12.15 12:59:52.157,0.76085,0.76104,1.12,1.50
2016.12.15 12:59:52.512,0.76085,0.76105,1.50,1.75
2016.12.15 12:59:52.814,0.76087,0.76106,1.00,1.50
2016.12.15 12:59:53.741,0.7609,0.76106,1.00,1.00
2016.12.15 12:59:53.842,0.76087,0.76106,1.00,1.50
2016.12.15 12:59:54.044,0.76085,0.76105,1.75,1.37
2016.12.15 12:59:54.608,0.76085,0.76105,1.75,1.75
2016.12.15 12:59:54.918,0.76085,0.76103,1.12,1.35
2016.12.15 12:59:55.221,0.7608,0.761,1.75,2.25
2016.12.15 12:59:55.422,0.76079,0.76099,1.12,2.25
2016.12.15 12:59:56.419,0.76075,0.76095,2.25,1.00
2016.12.15 12:59:56.620,0.76075,0.76095,2.25,1.50
2016.12.15 12:59:57.060,0.7608,0.76099,1.00,1.75
2016.12.15 12:59:57.460,0.7608,0.761,1.12,2.25
2016.12.15 12:59:57.974,0.76079,0.76101,1.75,1.75
2016.12.15 12:59:58.075,0.76081,0.76101,1.50,1.75
2016.12.15 12:59:58.653,0.76085,0.76103,1.00,1.75
2016.12.15 12:59:58.754,0.76082,0.761,1.12,1.50
2016.12.15 12:59:59.181,0.76084,0.76099,1.00,2.85
2016.12.15 12:59:59.232,0.7608,0.76099,1.87,2.25
2016.12.15 12:59:59.333,0.76081,0.761,1.00,2.10
2016.12.15 12:59:59.848,0.7608,0.761,1.12,2.10
