2010.05.07 08:00:00.631,0.9867,0.9872,2.40,1.00
2010.05.07 08:00:00.970,0.9866,0.98705,6.40,1.00
2010.05.07 08:00:01.308,0.9866,0.9871,2.80,8.00
2010.05.07 08:00:01.957,0.9865,0.9871,7.20,6.80
2010.05.07 08:00:02.300,0.9867,0.98715,6.40,1.00
2010.05.07 08:00:02.639,0.9867,0.98715,8.00,1.00
2010.05.07 08:00:03.509,0.9868,0.9872,2.40,1.00
2010.05.07 08:00:03.849,0.98675,0.98725,4.40,1.00
2010.05.07 08:00:04.390,0.98675,0.98725,1.00,1.00
2010.05.07 08:00:04.729,0.9867,0.98715,10.90,1.00
2010.05.07 08:00:05.069,0.9867,0.98715,4.00,1.00
2010.05.07 08:00:05.929,0.9866,0.98715,10.40,1.00
2010.05.07 08:00:06.268,0.9866,0.98715,11.00,1.00
2010.05.07 08:00:07.287,0.9866,0.98715,2.90,1.00
2010.05.07 08:00:07.628,0.9866,0.9872,11.60,5.60
2010.05.07 08:00:07.967,0.9867,0.9872,2.40,1.00
2010.05.07 08:00:08.835,0.9865,0.98695,2.40,1.00
2010.05.07 08:00:09.478,0.9865,0.987,2.40,2.00
2010.05.07 08:00:09.997,0.9865,0.987,2.40,2.40
2010.05.07 08:00:10.311,0.9866,0.987,2.40,1.00
2010.05.07 08:00:10.609,0.9866,0.9871,2.40,1.00
2010.05.07 08:00:11.427,0.9867,0.9871,4.00,1.00
2010.05.07 08:00:11.681,0.98665,0.98715,1.00,1.00
2010.05.07 08:00:12.428,0.98655,0.9871,5.20,1.00
2010.05.07 08:00:12.688,0.9865,0.9871,7.60,1.00
2010.05.07 08:00:13.027,0.98665,0.98715,1.00,2.00
2010.05.07 08:00:13.369,0.9867,0.98715,2.40,1.00
2010.05.07 08:00:13.926,0.9867,0.98715,3.20,1.00
2010.05.07 08:00:14.270,0.9868,0.98725,3.20,1.00
2010.05.07 08:00:14.609,0.9869,0.98735,2.40,1.00
2010.05.07 08:00:15.447,0.9868,0.98735,2.40,1.00
2010.05.07 08:00:15.787,0.9869,0.9873,2.40,4.00
2010.05.07 08:00:16.638,0.9868,0.98725,1.00,8.40
2010.05.07 08:00:16.938,0.98675,0.98725,4.00,1.00
2010.05.07 08:00:17.501,0.98675,0.9873,4.80,2.40
2010.05.07 08:00:17.842,0.9868,0.98735,3.20,8.40
2010.05.07 08:00:18.179,0.9869,0.98735,2.40,1.40
2010.05.07 08:00:19.020,0.98685,0.98735,1.00,1.00
2010.05.07 08:00:19.358,0.98685,0.9873,1.00,8.00
2010.05.07 08:00:20.230,0.9868,0.9873,2.40,8.00
2010.05.07 08:00:21.720,0.98675,0.9872,1.00,4.00
2010.05.07 08:00:22.489,0.9868,0.98735,3.20,8.40
2010.05.07 08:00:22.830,0.987,0.9873,10.40,1.00
2010.05.07 08:00:23.171,0.987,0.9876,11.20,3.60
2010.05.07 08:00:23.510,0.987,0.98745,1.00,8.00
2010.05.07 08:00:24.379,0.9868,0.98745,7.20,8.90
2010.05.07 08:00:24.718,0.98685,0.98735,1.00,1.00
2010.05.07 08:00:24.986,0.98685,0.9874,1.00,1.00
2010.05.07 08:00:25.510,0.98685,0.9874,1.00,1.10
2010.05.07 08:00:26.219,0.9869,0.9874,2.40,1.00
2010.05.07 08:00:26.438,0.9869,0.98745,6.80,1.00
2010.05.07 08:00:27.188,0.9869,0.9875,2.80,11.20
2010.05.07 08:00:27.427,0.9869,0.98745,3.20,5.20
2010.05.07 08:00:27.667,0.9868,0.9874,3.60,8.40
2010.05.07 08:00:28.560,0.98685,0.9874,1.00,1.00
2010.05.07 08:00:28.898,0.98685,0.9874,1.00,1.00
2010.05.07 08:00:29.236,0.9869,0.9874,2.40,8.70
2010.05.07 08:00:30.107,0.9868,0.9873,3.20,1.00
2010.05.07 08:00:30.447,0.9868,0.98735,3.60,1.00
2010.05.07 08:00:30.737,0.9868,0.98735,2.80,1.00
2010.05.07 08:00:31.271,0.9868,0.98735,2.80,4.40
2010.05.07 08:00:31.560,0.9868,0.9873,2.40,1.00
2010.05.07 08:00:31.807,0.9868,0.9873,6.40,1.00
2010.05.07 08:00:32.579,0.9869,0.98735,2.40,1.00
2010.05.07 08:00:32.911,0.987,0.98745,2.40,1.00
2010.05.07 08:00:33.239,0.9869,0.98745,3.00,1.00
2010.05.07 08:00:33.894,0.9869,0.98745,3.20,1.00
2010.05.07 08:00:34.217,0.987,0.98745,2.40,1.00
2010.05.07 08:00:34.557,0.987,0.9875,2.40,4.70
2010.05.07 08:00:35.237,0.9869,0.9875,3.10,7.50
2010.05.07 08:00:35.496,0.9869,0.9874,1.00,2.40
2010.05.07 08:00:36.278,0.9869,0.9874,3.20,1.00
2010.05.07 08:00:36.478,0.987,0.9874,2.40,1.00
2010.05.07 08:00:37.200,0.98745,0.9875,4.00,1.10
2010.05.07 08:00:37.539,0.9873,0.9878,1.00,10.40
2010.05.07 08:00:37.878,0.9873,0.98785,2.80,8.40
2010.05.07 08:00:38.554,0.9873,0.98775,2.40,1.00
2010.05.07 08:00:38.829,0.9875,0.988,2.40,1.00
2010.05.07 08:00:39.377,0.9877,0.98815,1.00,1.20
2010.05.07 08:00:40.133,0.9877,0.98815,1.00,1.00
2010.05.07 08:00:40.490,0.98765,0.9882,1.00,3.20
2010.05.07 08:00:40.828,0.98765,0.9882,1.00,7.20
2010.05.07 08:00:41.018,0.98765,0.988,1.00,2.80
2010.05.07 08:00:41.727,0.98755,0.988,1.00,2.80
2010.05.07 08:00:42.111,0.9876,0.988,1.00,2.40
2010.05.07 08:00:42.810,0.9876,0.98805,3.20,2.20
2010.05.07 08:00:43.161,0.9876,0.988,1.00,2.80
2010.05.07 08:00:43.500,0.9876,0.98785,1.00,1.00
2010.05.07 08:00:44.024,0.9875,0.98785,1.00,1.00
2010.05.07 08:00:44.372,0.98735,0.98785,1.00,1.00
2010.05.07 08:00:44.689,0.9873,0.98785,2.80,1.00
2010.05.07 08:00:45.009,0.98735,0.98785,4.00,1.00
2010.05.07 08:00:45.698,0.9874,0.988,3.60,7.20
2010.05.07 08:00:45.957,0.98745,0.988,1.00,3.20
2010.05.07 08:00:46.218,0.98735,0.9879,1.00,2.80
2010.05.07 08:00:46.478,0.9874,0.98795,2.80,1.00
2010.05.07 08:00:47.263,0.9873,0.98785,6.80,1.00
2010.05.07 08:00:47.527,0.9873,0.98765,2.80,1.00
2010.05.07 08:00:48.086,0.9873,0.98775,2.80,4.40
2010.05.07 08:00:48.437,0.9872,0.98775,8.00,1.00
2010.05.07 08:00:48.782,0.98725,0.9878,1.00,2.40
2010.05.07 08:00:49.120,0.9872,0.9878,7.70,2.90
2010.05.07 08:00:49.623,0.9872,0.9878,7.70,6.90
2010.05.07 08:00:49.979,0.9872,0.98775,3.90,1.00
2010.05.07 08:00:50.639,0.9873,0.98775,2.40,1.00
2010.05.07 08:00:50.800,0.9873,0.9878,2.40,1.00
2010.05.07 08:00:51.708,0.9873,0.98785,3.00,1.00
2010.05.07 08:00:52.020,0.9873,0.98785,3.00,1.00
2010.05.07 08:00:52.280,0.98735,0.9879,1.00,3.20
2010.05.07 08:00:52.803,0.98735,0.9879,1.00,1.00
2010.05.07 08:00:53.140,0.98755,0.9879,4.00,1.00
2010.05.07 08:00:53.479,0.9876,0.9881,10.40,1.00
2010.05.07 08:00:54.003,0.9876,0.9881,11.20,1.00
2010.05.07 08:00:54.302,0.9877,0.9882,1.00,10.40
2010.05.07 08:00:54.598,0.9876,0.98815,3.20,1.00
2010.05.07 08:00:55.158,0.9876,0.9881,3.20,1.00
2010.05.07 08:00:55.490,0.9876,0.9881,2.40,1.00
2010.05.07 08:00:55.819,0.98755,0.9881,4.70,3.50
2010.05.07 08:00:56.148,0.9876,0.988,2.40,1.00
2010.05.07 08:00:56.990,0.9877,0.98815,2.40,4.50
2010.05.07 08:00:57.328,0.9877,0.98815,2.40,1.00
2010.05.07 08:00:57.620,0.9878,0.9882,2.40,1.00
2010.05.07 08:00:58.441,0.9878,0.9882,11.20,1.00
2010.05.07 08:00:58.779,0.9878,0.9882,7.20,1.00
2010.05.07 08:00:59.282,0.98785,0.9882,4.00,1.00
2010.05.07 08:00:59.620,0.988,0.9885,1.00,2.80
2010.05.07 08:00:59.938,0.98795,0.9885,1.00,3.30
2010.05.07 08:01:00.988,0.98795,0.9884,1.00,2.40
2010.05.07 08:01:01.300,0.98795,0.9885,4.70,7.10
2010.05.07 08:01:01.873,0.98795,0.9885,4.70,3.10
2010.05.07 08:01:02.211,0.98795,0.9885,4.80,2.40
2010.05.07 08:01:02.539,0.988,0.9885,1.00,2.40
2010.05.07 08:01:03.310,0.9881,0.9885,2.40,1.00
2010.05.07 08:01:03.649,0.9882,0.98865,3.40,4.50
2010.05.07 08:01:03.987,0.9882,0.9888,1.00,3.50
2010.05.07 08:01:04.327,0.98825,0.98875,1.00,1.00
2010.05.07 08:01:04.867,0.9882,0.98875,2.90,1.30
2010.05.07 08:01:05.210,0.9881,0.98865,2.80,4.40
2010.05.07 08:01:05.552,0.98825,0.9886,1.00,1.00
2010.05.07 08:01:05.779,0.9883,0.9886,5.00,1.00
2010.05.07 08:01:06.276,0.9883,0.9886,11.40,1.00
2010.05.07 08:01:06.500,0.9884,0.9889,2.40,1.00
2010.05.07 08:01:07.601,0.98835,0.9889,1.00,1.00
2010.05.07 08:01:07.790,0.98835,0.9889,1.00,8.80
2010.05.07 08:01:07.978,0.9883,0.98885,3.80,1.00
2010.05.07 08:01:08.664,0.9884,0.98885,2.40,1.00
2010.05.07 08:01:09.009,0.9884,0.98885,2.40,1.00
2010.05.07 08:01:10.360,0.9884,0.9889,2.40,4.60
2010.05.07 08:01:10.702,0.9884,0.9888,2.40,4.00
2010.05.07 08:01:10.797,0.98835,0.98885,1.00,1.00
2010.05.07 08:01:10.899,0.9884,0.9889,2.40,4.60
2010.05.07 08:01:10.996,0.9884,0.9889,3.40,1.00
2010.05.07 08:01:11.096,0.9884,0.98885,3.40,4.00
2010.05.07 08:01:11.625,0.9884,0.98885,1.00,4.00
2010.05.07 08:01:11.743,0.9883,0.98885,3.00,1.00
2010.05.07 08:01:12.918,0.98835,0.9889,1.00,2.80
2010.05.07 08:01:12.949,0.98835,0.9889,1.00,6.80
2010.05.07 08:01:13.291,0.9883,0.98885,2.80,1.00
2010.05.07 08:01:13.969,0.9885,0.98885,2.40,1.00
2010.05.07 08:01:14.808,0.98835,0.9889,1.00,7.60
2010.05.07 08:01:15.147,0.98835,0.9889,1.00,11.60
2010.05.07 08:01:15.387,0.9883,0.9889,3.10,7.50
2010.05.07 08:01:16.165,0.9885,0.9889,2.40,1.00
2010.05.07 08:01:16.348,0.9885,0.989,2.40,1.00
2010.05.07 08:01:16.528,0.98845,0.989,1.60,6.90
2010.05.07 08:01:16.710,0.9884,0.9889,1.00,6.80
2010.05.07 08:01:17.268,0.9884,0.9889,1.00,10.80
2010.05.07 08:01:17.616,0.9883,0.9888,1.00,3.50
2010.05.07 08:01:17.960,0.9883,0.9888,2.40,1.00
2010.05.07 08:01:18.297,0.9883,0.98885,2.40,1.00
2010.05.07 08:01:18.638,0.98825,0.9888,1.00,2.40
2010.05.07 08:01:18.978,0.9883,0.9888,1.00,2.40
2010.05.07 08:01:19.838,0.98825,0.9888,1.00,1.00
2010.05.07 08:01:21.348,0.9883,0.98885,8.50,1.00
2010.05.07 08:01:21.657,0.9884,0.98895,1.00,1.00
2010.05.07 08:01:22.156,0.9884,0.98895,1.00,1.00
2010.05.07 08:01:22.929,0.9885,0.98895,4.00,1.00
2010.05.07 08:01:23.138,0.98845,0.989,8.00,1.00
2010.05.07 08:01:23.347,0.98855,0.98905,1.00,1.00
2010.05.07 08:01:23.548,0.9885,0.98905,1.00,1.00
2010.05.07 08:01:24.429,0.98845,0.989,1.00,1.00
2010.05.07 08:01:25.598,0.98845,0.989,1.00,5.00
2010.05.07 08:01:25.848,0.9884,0.98895,1.00,1.00
2010.05.07 08:01:26.588,0.98835,0.98895,1.00,1.00
2010.05.07 08:01:26.767,0.98835,0.98895,1.00,4.80
2010.05.07 08:01:26.946,0.98835,0.98895,1.00,4.40
2010.05.07 08:01:27.640,0.9883,0.98885,1.00,1.00
2010.05.07 08:01:29.500,0.98835,0.9889,1.00,1.00
2010.05.07 08:01:29.681,0.98835,0.9889,1.00,1.00
2010.05.07 08:01:29.858,0.98835,0.9889,10.40,1.00
2010.05.07 08:01:30.028,0.98845,0.9889,8.00,1.00
2010.05.07 08:01:30.556,0.98845,0.989,8.40,1.00
2010.05.07 08:01:31.131,0.9887,0.9891,1.00,1.00
2010.05.07 08:01:31.469,0.98855,0.98905,1.00,8.40
2010.05.07 08:01:31.838,0.98845,0.98905,1.00,9.10
2010.05.07 08:01:32.608,0.9885,0.989,1.00,1.00
2010.05.07 08:01:32.930,0.98865,0.989,8.00,1.00
2010.05.07 08:01:33.779,0.9887,0.9892,4.80,1.00
2010.05.07 08:01:34.120,0.98875,0.98925,1.00,1.00
2010.05.07 08:01:34.450,0.98865,0.9892,1.00,1.00
2010.05.07 08:01:35.291,0.98865,0.98915,1.30,4.40
2010.05.07 08:01:35.608,0.98865,0.98915,1.30,8.40
2010.05.07 08:01:35.928,0.9888,0.9893,8.00,1.00
2010.05.07 08:01:36.463,0.9888,0.98915,8.00,1.00
2010.05.07 08:01:36.730,0.98895,0.9895,4.40,1.00
2010.05.07 08:01:36.999,0.98895,0.98945,4.00,1.20
2010.05.07 08:01:37.768,0.9889,0.98945,1.00,5.20
2010.05.07 08:01:38.108,0.98895,0.98955,1.00,4.80
2010.05.07 08:01:38.447,0.98895,0.98955,1.00,8.80
2010.05.07 08:01:38.787,0.9889,0.98945,1.00,1.00
2010.05.07 08:01:39.559,0.98885,0.9894,1.00,1.00
2010.05.07 08:01:39.902,0.98885,0.98935,1.00,1.00
2010.05.07 08:01:40.049,0.98885,0.9893,1.00,8.40
2010.05.07 08:01:40.697,0.98865,0.98915,1.00,1.00
2010.05.07 08:01:40.977,0.98865,0.9892,8.40,1.00
2010.05.07 08:01:41.727,0.9887,0.98925,1.00,1.00
2010.05.07 08:01:42.587,0.98875,0.98935,1.00,8.80
2010.05.07 08:01:42.867,0.98875,0.9893,1.00,8.40
2010.05.07 08:01:43.147,0.9887,0.98925,1.00,8.40
2010.05.07 08:01:43.674,0.9887,0.98925,1.00,8.80
2010.05.07 08:01:44.021,0.98875,0.98925,8.00,1.00
2010.05.07 08:01:44.357,0.9888,0.98935,1.00,1.00
2010.05.07 08:01:44.647,0.9889,0.9894,1.00,1.00
2010.05.07 08:01:45.468,0.98885,0.9894,1.00,1.00
2010.05.07 08:01:46.117,0.98885,0.9894,1.00,1.10
2010.05.07 08:01:46.798,0.98885,0.9894,1.00,1.00
2010.05.07 08:01:47.067,0.9889,0.98945,1.00,1.00
2010.05.07 08:01:48.488,0.9889,0.98945,4.40,1.00
2010.05.07 08:01:48.829,0.9889,0.9894,4.00,1.00
2010.05.07 08:01:49.687,0.9889,0.9894,1.00,4.40
2010.05.07 08:01:50.031,0.98885,0.9894,4.00,1.00
2010.05.07 08:01:50.865,0.9889,0.9894,8.80,1.00
2010.05.07 08:01:51.220,0.98905,0.98945,8.00,1.00
2010.05.07 08:01:52.380,0.9891,0.98965,1.00,8.40
2010.05.07 08:01:52.657,0.9891,0.98965,1.00,1.00
2010.05.07 08:01:52.997,0.9891,0.98965,1.00,1.00
2010.05.07 08:01:53.999,0.98905,0.9893,1.00,1.00
2010.05.07 08:01:54.688,0.989,0.98925,1.00,1.00
2010.05.07 08:01:55.033,0.98895,0.9892,1.00,8.40
2010.05.07 08:01:55.832,0.98865,0.98905,1.00,1.00
2010.05.07 08:01:56.160,0.9886,0.98895,1.00,1.00
2010.05.07 08:01:56.489,0.9885,0.98905,1.00,8.80
2010.05.07 08:01:57.348,0.9886,0.989,4.00,1.00
2010.05.07 08:01:57.667,0.9886,0.9891,4.00,1.00
2010.05.07 08:01:57.988,0.9886,0.98905,1.00,1.00
2010.05.07 08:01:58.308,0.9885,0.989,1.00,1.00
2010.05.07 08:01:59.139,0.98845,0.9888,1.00,1.00
2010.05.07 08:01:59.448,0.9883,0.9888,1.00,1.00
2010.05.07 08:02:00.674,0.9885,0.9889,4.00,1.00
2010.05.07 08:02:00.921,0.9884,0.98895,8.70,1.00
2010.05.07 08:02:01.696,0.9884,0.98875,1.00,1.00
2010.05.07 08:02:02.029,0.98835,0.9888,8.00,1.00
2010.05.07 08:02:02.358,0.98835,0.98885,8.60,1.00
2010.05.07 08:02:03.218,0.98835,0.98885,8.80,1.20
2010.05.07 08:02:03.557,0.98835,0.98885,8.40,1.00
2010.05.07 08:02:03.898,0.9883,0.98885,8.80,1.00
2010.05.07 08:02:05.477,0.9883,0.9888,8.00,1.00
2010.05.07 08:02:05.607,0.9883,0.98865,8.00,1.00
2010.05.07 08:02:06.139,0.9881,0.98855,2.40,1.00
2010.05.07 08:02:06.269,0.98805,0.9886,4.00,1.00
2010.05.07 08:02:06.579,0.988,0.98855,4.60,1.00
2010.05.07 08:02:07.689,0.98795,0.98855,8.60,2.20
2010.05.07 08:02:08.028,0.98805,0.98855,4.00,1.00
2010.05.07 08:02:08.569,0.98815,0.98855,4.00,1.00
2010.05.07 08:02:08.889,0.9883,0.98865,1.00,1.00
2010.05.07 08:02:09.208,0.98815,0.98875,1.00,9.00
2010.05.07 08:02:09.970,0.98815,0.98875,1.00,8.80
2010.05.07 08:02:10.257,0.9882,0.98875,1.00,1.10
2010.05.07 08:02:10.537,0.98805,0.98855,4.40,1.00
2010.05.07 08:02:10.818,0.98805,0.9886,8.60,1.00
2010.05.07 08:02:11.360,0.98805,0.98855,4.60,1.00
2010.05.07 08:02:11.673,0.9882,0.9887,1.00,8.40
2010.05.07 08:02:11.980,0.98815,0.9886,1.00,1.00
2010.05.07 08:02:12.805,0.98815,0.9886,1.00,8.40
2010.05.07 08:02:13.151,0.988,0.98855,4.60,1.00
2010.05.07 08:02:13.490,0.988,0.9885,4.00,1.00
2010.05.07 08:02:14.285,0.98805,0.9886,8.80,1.00
2010.05.07 08:02:14.618,0.98815,0.9887,1.00,1.00
2010.05.07 08:02:15.491,0.98815,0.9887,1.00,4.70
2010.05.07 08:02:15.829,0.9881,0.98865,1.00,1.00
2010.05.07 08:02:17.077,0.9881,0.9887,1.00,4.80
2010.05.07 08:02:17.386,0.9881,0.9887,1.00,4.40
2010.05.07 08:02:17.698,0.9882,0.98875,1.00,1.00
2010.05.07 08:02:18.255,0.9882,0.98875,1.00,8.70
2010.05.07 08:02:18.601,0.98825,0.9887,4.00,1.00
2010.05.07 08:02:18.939,0.9883,0.9887,1.00,1.00
2010.05.07 08:02:19.671,0.9882,0.98865,1.00,1.00
2010.05.07 08:02:19.998,0.98805,0.98865,1.00,1.00
2010.05.07 08:02:20.336,0.98805,0.98865,1.00,1.00
2010.05.07 08:02:20.678,0.98815,0.98865,8.70,1.00
2010.05.07 08:02:21.558,0.98815,0.9887,8.60,1.00
2010.05.07 08:02:22.577,0.98815,0.98865,4.60,1.00
2010.05.07 08:02:23.327,0.9881,0.98865,1.00,1.00
2010.05.07 08:02:24.197,0.98815,0.9887,1.00,1.00
2010.05.07 08:02:24.486,0.9881,0.9886,4.00,1.00
2010.05.07 08:02:25.100,0.98805,0.98855,1.00,1.00
2010.05.07 08:02:25.439,0.98805,0.9885,8.00,1.00
2010.05.07 08:02:25.547,0.98795,0.9885,1.50,1.00
2010.05.07 08:02:25.767,0.98795,0.9885,1.00,1.00
2010.05.07 08:02:26.369,0.98795,0.9885,1.60,1.00
2010.05.07 08:02:26.494,0.98805,0.98855,1.00,8.00
2010.05.07 08:02:26.840,0.98805,0.98865,1.00,4.60
2010.05.07 08:02:27.180,0.9881,0.98865,1.00,1.00
2010.05.07 08:02:28.438,0.988,0.9886,1.00,8.90
2010.05.07 08:02:28.779,0.98805,0.98865,1.00,1.00
2010.05.07 08:02:29.038,0.9881,0.98865,1.00,1.00
2010.05.07 08:02:30.398,0.9881,0.9887,4.50,1.00
2010.05.07 08:02:31.311,0.98815,0.9887,1.00,1.60
2010.05.07 08:02:31.528,0.9881,0.98865,1.00,1.00
2010.05.07 08:02:31.749,0.9881,0.98865,1.00,1.00
2010.05.07 08:02:32.610,0.9882,0.98875,1.00,4.80
2010.05.07 08:02:32.948,0.98815,0.9887,1.00,1.00
2010.05.07 08:02:33.290,0.9882,0.9887,1.00,4.00
2010.05.07 08:02:34.137,0.9882,0.98875,1.20,4.40
2010.05.07 08:02:34.818,0.98825,0.9887,1.00,4.40
2010.05.07 08:02:35.659,0.98815,0.9887,1.00,3.30
2010.05.07 08:02:35.997,0.98815,0.9887,1.00,1.00
2010.05.07 08:02:38.028,0.9882,0.98865,1.00,1.00
2010.05.07 08:02:38.897,0.98805,0.98865,1.00,4.80
2010.05.07 08:02:39.578,0.98805,0.98865,4.60,1.00
2010.05.07 08:02:39.816,0.98805,0.98865,1.00,5.00
2010.05.07 08:02:40.057,0.98805,0.9886,1.00,8.90
2010.05.07 08:02:40.734,0.98805,0.9886,1.00,4.40
2010.05.07 08:02:40.898,0.98805,0.9886,1.00,1.00
2010.05.07 08:02:41.058,0.9881,0.9886,1.00,1.00
2010.05.07 08:02:41.537,0.9881,0.98865,1.00,1.00
2010.05.07 08:02:41.697,0.98815,0.9887,1.00,5.20
2010.05.07 08:02:41.858,0.9882,0.9887,4.00,1.00
2010.05.07 08:02:42.758,0.98825,0.9888,1.00,1.10
2010.05.07 08:02:43.099,0.9883,0.9888,1.00,1.00
2010.05.07 08:02:43.408,0.9882,0.9888,4.80,1.20
2010.05.07 08:02:44.219,0.98825,0.98875,1.00,1.00
2010.05.07 08:02:44.478,0.98825,0.98875,1.00,1.00
2010.05.07 08:02:44.728,0.9883,0.9888,1.00,2.00
2010.05.07 08:02:44.987,0.9883,0.9888,1.00,1.00
2010.05.07 08:02:45.957,0.9882,0.98875,1.00,1.00
2010.05.07 08:02:46.127,0.98825,0.98875,1.00,1.00
2010.05.07 08:02:46.637,0.9882,0.98875,1.00,1.20
2010.05.07 08:02:49.887,0.98825,0.98875,1.00,1.00
2010.05.07 08:02:50.107,0.9882,0.98875,1.00,1.00
2010.05.07 08:02:50.327,0.9883,0.9888,1.00,4.80
2010.05.07 08:02:50.874,0.9883,0.9888,1.00,4.40
2010.05.07 08:02:51.041,0.98825,0.98885,4.40,1.00
2010.05.07 08:02:52.147,0.98825,0.98885,1.00,8.80
2010.05.07 08:02:52.347,0.9882,0.9888,4.40,1.00
2010.05.07 08:02:53.193,0.98825,0.98875,1.00,1.00
2010.05.07 08:02:53.519,0.98825,0.9887,1.00,4.40
2010.05.07 08:02:53.847,0.9881,0.9887,1.00,8.80
2010.05.07 08:02:54.128,0.9881,0.98865,1.00,1.00
2010.05.07 08:02:54.419,0.98815,0.9887,8.40,1.00
2010.05.07 08:02:54.708,0.9882,0.98875,1.00,1.00
2010.05.07 08:02:55.450,0.9882,0.98875,8.80,1.00
2010.05.07 08:02:55.696,0.98825,0.9888,1.00,1.00
2010.05.07 08:02:57.159,0.9882,0.98875,1.00,1.00
2010.05.07 08:02:57.378,0.9882,0.9888,1.00,4.60
2010.05.07 08:02:57.596,0.98825,0.98875,1.00,1.00
2010.05.07 08:02:59.628,0.98835,0.98885,1.00,1.00
2010.05.07 08:02:59.899,0.98825,0.9888,1.00,1.00
2010.05.07 08:03:00.178,0.9883,0.9889,1.00,8.80
2010.05.07 08:03:00.912,0.9883,0.98885,1.00,1.00
2010.05.07 08:03:01.221,0.9883,0.98885,1.00,1.00
2010.05.07 08:03:05.188,0.9883,0.98885,1.00,1.00
2010.05.07 08:03:05.606,0.9883,0.98885,1.00,1.00
2010.05.07 08:03:06.028,0.9883,0.98885,1.00,1.00
2010.05.07 08:03:06.978,0.9883,0.98885,1.00,1.00
2010.05.07 08:03:08.849,0.9883,0.98885,1.00,1.00
2010.05.07 08:03:09.408,0.98835,0.9889,1.00,4.40
2010.05.07 08:03:09.687,0.98835,0.9889,1.00,8.50
2010.05.07 08:03:09.967,0.9883,0.98885,1.00,1.00
2010.05.07 08:03:10.788,0.9884,0.98895,1.00,1.00
2010.05.07 08:03:11.047,0.9884,0.9889,1.00,1.00
2010.05.07 08:03:11.308,0.98835,0.98885,1.40,1.00
2010.05.07 08:03:12.082,0.9883,0.98885,5.70,1.00
2010.05.07 08:03:12.339,0.98845,0.989,1.00,2.60
2010.05.07 08:03:12.599,0.9884,0.989,4.40,2.40
2010.05.07 08:03:13.358,0.98845,0.989,1.00,2.70
2010.05.07 08:03:13.699,0.98855,0.9889,1.00,1.00
2010.05.07 08:03:14.040,0.98845,0.9889,1.00,1.00
2010.05.07 08:03:14.915,0.98845,0.98895,4.80,1.20
2010.05.07 08:03:15.261,0.9885,0.9889,1.00,1.00
2010.05.07 08:03:15.597,0.9885,0.9889,1.00,1.00
2010.05.07 08:03:16.440,0.9884,0.9889,4.70,1.00
2010.05.07 08:03:16.758,0.9884,0.9889,1.00,1.00
2010.05.07 08:03:17.590,0.9884,0.9889,1.00,1.00
2010.05.07 08:03:19.583,0.9884,0.9889,8.40,1.00
2010.05.07 08:03:19.849,0.98845,0.989,1.00,2.40
2010.05.07 08:03:20.497,0.98845,0.989,8.40,2.40
2010.05.07 08:03:20.677,0.9885,0.989,1.00,1.00
2010.05.07 08:03:21.451,0.9885,0.989,1.00,1.00
2010.05.07 08:03:21.754,0.9885,0.989,1.00,2.00
2010.05.07 08:03:22.044,0.98845,0.989,8.50,1.60
2010.05.07 08:03:22.280,0.9885,0.98905,1.00,1.00
2010.05.07 08:03:23.018,0.9885,0.98905,1.00,1.00
2010.05.07 08:03:23.358,0.9885,0.98905,1.00,1.00
2010.05.07 08:03:23.698,0.9886,0.9891,1.00,1.00
2010.05.07 08:03:24.582,0.9886,0.98915,1.00,7.20
2010.05.07 08:03:24.918,0.9886,0.98915,1.00,6.40
2010.05.07 08:03:26.618,0.98865,0.98915,1.00,2.40
2010.05.07 08:03:26.775,0.98855,0.9891,1.00,1.00
2010.05.07 08:03:26.930,0.98855,0.9891,1.00,1.00
2010.05.07 08:03:27.078,0.98855,0.9891,3.50,1.00
2010.05.07 08:03:27.228,0.98855,0.9891,7.50,1.00
2010.05.07 08:03:27.378,0.9886,0.98915,1.60,1.00
2010.05.07 08:03:27.528,0.98865,0.98915,8.00,1.00
2010.05.07 08:03:28.358,0.9887,0.98915,1.00,1.00
2010.05.07 08:03:28.697,0.98865,0.98915,1.00,1.00
2010.05.07 08:03:30.415,0.9887,0.9892,4.40,1.00
2010.05.07 08:03:30.897,0.9887,0.98905,1.00,1.00
2010.05.07 08:03:31.517,0.9887,0.98915,4.40,1.00
2010.05.07 08:03:31.870,0.98875,0.98915,1.00,1.00
2010.05.07 08:03:32.207,0.98865,0.98915,1.00,1.00
2010.05.07 08:03:33.769,0.98885,0.9893,1.00,2.80
2010.05.07 08:03:34.340,0.9888,0.98925,1.00,1.00
2010.05.07 08:03:35.010,0.98875,0.9892,1.00,1.00
2010.05.07 08:03:35.688,0.98875,0.9892,1.00,1.00
2010.05.07 08:03:36.910,0.98875,0.98925,1.00,1.00
2010.05.07 08:03:37.058,0.98875,0.9892,1.00,1.00
2010.05.07 08:03:37.197,0.98875,0.9892,1.00,1.00
2010.05.07 08:03:37.337,0.98865,0.9892,1.00,1.00
2010.05.07 08:03:37.477,0.98865,0.98915,1.00,1.00
2010.05.07 08:03:38.319,0.98865,0.98915,1.00,2.70
2010.05.07 08:03:38.657,0.98865,0.98915,8.70,1.00
2010.05.07 08:03:39.528,0.98875,0.98925,1.00,1.00
2010.05.07 08:03:39.868,0.9887,0.9892,1.00,1.00
2010.05.07 08:03:40.207,0.9887,0.98915,1.00,1.00
2010.05.07 08:03:41.168,0.98865,0.98915,1.00,1.00
2010.05.07 08:03:42.804,0.98875,0.98915,1.00,1.00
2010.05.07 08:03:42.947,0.98875,0.98915,1.00,1.00
2010.05.07 08:03:43.087,0.98865,0.98915,1.00,1.00
2010.05.07 08:03:45.575,0.9886,0.9891,1.00,2.00
2010.05.07 08:03:45.699,0.9886,0.9891,1.00,6.00
2010.05.07 08:03:45.827,0.98855,0.9891,1.00,10.40
2010.05.07 08:03:45.947,0.9885,0.9891,1.00,10.60
2010.05.07 08:03:46.598,0.9885,0.98905,2.80,1.00
2010.05.07 08:03:47.198,0.9885,0.98905,1.00,1.00
2010.05.07 08:03:47.919,0.9885,0.98905,1.00,1.00
2010.05.07 08:03:48.212,0.9885,0.98905,1.00,1.00
2010.05.07 08:03:48.499,0.98855,0.98905,1.00,1.00
2010.05.07 08:03:51.556,0.98855,0.98905,1.00,1.00
2010.05.07 08:03:52.185,0.98855,0.98905,1.00,1.00
2010.05.07 08:03:52.379,0.98855,0.9891,1.00,3.10
2010.05.07 08:03:52.508,0.98855,0.9891,5.70,2.90
2010.05.07 08:03:52.627,0.9886,0.9891,4.00,1.30
2010.05.07 08:03:52.747,0.9886,0.98915,4.40,1.00
2010.05.07 08:03:53.364,0.9886,0.98915,1.00,1.00
2010.05.07 08:03:53.697,0.9886,0.98915,1.00,4.80
2010.05.07 08:03:54.037,0.98855,0.98915,1.00,4.90
2010.05.07 08:03:54.377,0.9886,0.98915,8.00,1.00
2010.05.07 08:03:55.025,0.98865,0.98915,1.00,1.00
2010.05.07 08:03:55.371,0.98865,0.9891,1.00,1.00
2010.05.07 08:03:56.247,0.98865,0.9891,1.00,1.00
2010.05.07 08:03:56.407,0.98865,0.9891,1.00,1.00
2010.05.07 08:04:00.267,0.9887,0.9891,1.00,1.00
2010.05.07 08:04:00.523,0.98865,0.98915,4.80,2.40
2010.05.07 08:04:00.781,0.98875,0.9892,1.00,1.00
2010.05.07 08:04:01.858,0.98875,0.9892,1.00,1.00
2010.05.07 08:04:02.177,0.98875,0.98925,1.00,1.50
2010.05.07 08:04:02.945,0.98875,0.98925,8.40,1.00
2010.05.07 08:04:03.280,0.98885,0.9893,1.00,1.00
2010.05.07 08:04:04.814,0.98885,0.9893,1.00,2.80
2010.05.07 08:04:05.160,0.98885,0.9893,1.00,1.00
2010.05.07 08:04:05.630,0.9889,0.9893,1.00,1.00
2010.05.07 08:04:06.381,0.98895,0.98935,1.00,1.00
2010.05.07 08:04:06.578,0.98895,0.9893,1.00,1.00
2010.05.07 08:04:06.977,0.9889,0.9893,1.00,1.00
2010.05.07 08:04:07.519,0.98885,0.9893,4.40,1.00
2010.05.07 08:04:07.762,0.98885,0.9893,1.00,1.00
2010.05.07 08:04:08.000,0.9888,0.9893,1.00,1.00
2010.05.07 08:04:08.239,0.9888,0.9893,4.40,1.00
2010.05.07 08:04:08.931,0.98885,0.9893,4.60,1.00
2010.05.07 08:04:09.271,0.9889,0.98935,1.00,1.00
2010.05.07 08:04:09.608,0.98885,0.98935,1.00,1.00
2010.05.07 08:04:11.729,0.9888,0.9893,4.80,1.00
2010.05.07 08:04:12.360,0.98875,0.98925,1.00,1.00
2010.05.07 08:04:12.628,0.98875,0.98925,1.00,1.00
2010.05.07 08:04:13.911,0.98865,0.9892,1.00,5.20
2010.05.07 08:04:14.248,0.9886,0.98915,1.00,1.00
2010.05.07 08:04:14.589,0.98865,0.9892,1.00,8.80
2010.05.07 08:04:15.131,0.98865,0.9892,1.00,1.00
2010.05.07 08:04:15.479,0.98865,0.9892,1.00,1.20
2010.05.07 08:04:15.819,0.98865,0.9892,1.00,1.00
2010.05.07 08:04:16.664,0.9886,0.9891,1.00,1.00
2010.05.07 08:04:17.229,0.9886,0.98915,4.40,2.40
2010.05.07 08:04:17.766,0.9886,0.98915,4.40,1.00
2010.05.07 08:04:18.003,0.98865,0.98915,1.00,1.00
2010.05.07 08:04:18.339,0.98865,0.98915,1.00,1.00
2010.05.07 08:04:19.551,0.9887,0.9892,1.00,3.20
2010.05.07 08:04:19.869,0.9887,0.9892,1.00,1.00
2010.05.07 08:04:21.314,0.9888,0.9892,1.00,1.20
2010.05.07 08:04:21.567,0.9888,0.9892,1.00,1.00
2010.05.07 08:04:22.259,0.98885,0.98935,1.00,1.00
2010.05.07 08:04:23.699,0.98885,0.98925,1.00,1.00
2010.05.07 08:04:23.889,0.98885,0.98935,1.00,1.00
2010.05.07 08:04:24.077,0.98885,0.9893,1.00,1.00
2010.05.07 08:04:24.268,0.9888,0.9893,1.00,1.00
2010.05.07 08:04:24.648,0.9888,0.9893,1.00,1.00
2010.05.07 08:04:24.837,0.9888,0.98935,1.00,3.30
2010.05.07 08:04:25.660,0.9888,0.98935,1.00,1.20
2010.05.07 08:04:26.020,0.9888,0.98935,1.00,1.00
2010.05.07 08:04:29.518,0.9888,0.9894,1.00,7.40
2010.05.07 08:04:29.668,0.98885,0.98935,8.00,1.00
2010.05.07 08:04:30.377,0.98885,0.98935,4.00,1.00
2010.05.07 08:04:30.721,0.9889,0.98935,1.00,1.00
2010.05.07 08:04:31.057,0.9889,0.9894,1.00,1.00
2010.05.07 08:04:31.397,0.98885,0.9894,1.00,1.00
2010.05.07 08:04:32.906,0.98885,0.9894,1.00,1.00
2010.05.07 08:04:33.137,0.98885,0.9894,8.50,1.00
2010.05.07 08:04:33.756,0.9889,0.98945,1.00,1.20
2010.05.07 08:04:34.100,0.98895,0.98945,1.00,1.00
2010.05.07 08:04:35.611,0.98895,0.9895,4.60,1.00
2010.05.07 08:04:35.921,0.98895,0.98935,1.00,1.00
2010.05.07 08:04:36.209,0.98895,0.9893,1.00,1.00
2010.05.07 08:04:36.998,0.98885,0.98925,1.00,1.00
2010.05.07 08:04:37.327,0.98875,0.98925,1.00,1.00
2010.05.07 08:04:37.657,0.98875,0.98925,1.00,1.00
2010.05.07 08:04:38.489,0.98875,0.9893,1.00,1.00
2010.05.07 08:04:38.828,0.9888,0.98935,1.00,1.00
2010.05.07 08:04:39.167,0.9888,0.98935,1.00,1.00
2010.05.07 08:04:39.507,0.9888,0.98935,4.50,1.00
2010.05.07 08:04:40.071,0.9888,0.98935,8.50,1.00
2010.05.07 08:04:40.430,0.9888,0.98935,4.50,1.00
2010.05.07 08:04:40.568,0.9888,0.98935,4.40,1.00
2010.05.07 08:04:40.707,0.9888,0.98935,4.70,1.00
2010.05.07 08:04:41.788,0.98885,0.98935,4.80,1.00
2010.05.07 08:04:42.087,0.9889,0.98935,1.00,1.00
2010.05.07 08:04:42.387,0.9889,0.9894,1.00,1.20
2010.05.07 08:04:43.094,0.9888,0.9893,1.00,1.00
2010.05.07 08:04:43.432,0.98875,0.98925,1.00,1.00
2010.05.07 08:04:44.592,0.9888,0.98925,1.00,1.00
2010.05.07 08:04:44.911,0.98865,0.98915,1.00,1.20
2010.05.07 08:04:46.710,0.98875,0.98915,1.00,1.00
2010.05.07 08:04:46.917,0.98875,0.98915,4.60,1.00
2010.05.07 08:04:47.128,0.9888,0.9893,1.00,2.00
2010.05.07 08:04:47.337,0.9888,0.9893,1.00,1.00
2010.05.07 08:04:47.627,0.9888,0.9893,1.00,1.00
2010.05.07 08:04:48.439,0.9888,0.98925,1.00,1.00
2010.05.07 08:04:48.778,0.98885,0.9893,1.00,1.00
2010.05.07 08:04:49.117,0.9888,0.9893,1.00,1.00
2010.05.07 08:04:50.319,0.9888,0.98925,1.00,1.00
2010.05.07 08:04:51.882,0.98885,0.98935,1.00,1.00
2010.05.07 08:04:52.008,0.98885,0.98935,8.00,1.00
2010.05.07 08:04:52.128,0.98885,0.98935,8.60,1.00
2010.05.07 08:04:52.805,0.9889,0.98935,4.40,1.20
2010.05.07 08:04:52.927,0.9889,0.98935,4.40,1.00
2010.05.07 08:04:53.268,0.9889,0.98935,1.00,1.00
2010.05.07 08:04:53.608,0.9889,0.98935,1.00,4.40
2010.05.07 08:04:54.137,0.9889,0.9893,1.00,4.00
2010.05.07 08:04:54.470,0.9887,0.98925,1.00,1.00
2010.05.07 08:04:55.758,0.9887,0.98925,1.00,1.20
2010.05.07 08:04:57.237,0.9887,0.98925,1.00,5.10
2010.05.07 08:04:57.890,0.9887,0.98925,1.00,1.20
2010.05.07 08:04:58.744,0.98895,0.98945,1.00,1.00
2010.05.07 08:04:59.267,0.98895,0.9895,1.00,1.00
2010.05.07 08:05:00.292,0.98895,0.9895,1.00,1.10
2010.05.07 08:05:00.631,0.98895,0.9895,1.00,1.00
2010.05.07 08:05:00.858,0.98895,0.98945,1.00,1.00
2010.05.07 08:05:01.491,0.98895,0.98945,1.00,1.00
2010.05.07 08:05:01.595,0.98895,0.9894,1.00,1.20
2010.05.07 08:05:02.048,0.98885,0.9894,1.00,9.00
2010.05.07 08:05:02.898,0.98885,0.9894,1.00,1.00
2010.05.07 08:05:03.579,0.9889,0.98935,1.00,1.00
2010.05.07 08:05:04.334,0.98885,0.98935,8.40,1.00
2010.05.07 08:05:04.610,0.98885,0.98935,1.00,1.00
2010.05.07 08:05:05.760,0.98885,0.98935,1.00,1.20
2010.05.07 08:05:07.435,0.98885,0.9894,1.00,1.00
2010.05.07 08:05:07.688,0.98885,0.9894,4.70,1.10
2010.05.07 08:05:08.008,0.98885,0.98935,1.00,1.00
2010.05.07 08:05:08.328,0.9888,0.98935,3.10,1.10
2010.05.07 08:05:08.872,0.9888,0.98935,1.00,1.10
2010.05.07 08:05:09.101,0.9891,0.98935,8.00,1.00
2010.05.07 08:05:09.329,0.98915,0.98965,1.00,2.30
2010.05.07 08:05:10.044,0.98915,0.98965,8.80,1.00
2010.05.07 08:05:10.399,0.98915,0.9895,1.00,1.00
2010.05.07 08:05:10.740,0.98905,0.9895,1.00,1.00
2010.05.07 08:05:11.462,0.98905,0.98945,1.00,1.00
2010.05.07 08:05:11.742,0.989,0.98945,4.40,1.00
2010.05.07 08:05:12.545,0.989,0.98945,1.00,1.00
2010.05.07 08:05:12.891,0.98895,0.9894,1.00,1.00
2010.05.07 08:05:13.230,0.9889,0.9894,1.00,1.00
2010.05.07 08:05:14.412,0.98895,0.9895,1.00,1.00
2010.05.07 08:05:14.748,0.989,0.9895,1.00,1.00
2010.05.07 08:05:15.839,0.989,0.98945,1.00,1.00
2010.05.07 08:05:16.088,0.989,0.98945,1.00,1.00
2010.05.07 08:05:16.338,0.989,0.98945,1.00,1.00
2010.05.07 08:05:16.885,0.989,0.9895,1.00,2.80
2010.05.07 08:05:17.209,0.9889,0.9894,4.40,1.00
2010.05.07 08:05:17.537,0.98895,0.9894,1.00,1.00
2010.05.07 08:05:18.273,0.9889,0.9894,1.00,1.00
2010.05.07 08:05:18.612,0.98895,0.9894,1.00,1.00
2010.05.07 08:05:19.820,0.9889,0.98945,1.00,1.00
2010.05.07 08:05:20.157,0.98895,0.98945,1.00,1.00
2010.05.07 08:05:21.337,0.989,0.98955,1.00,5.20
2010.05.07 08:05:21.677,0.989,0.98955,4.80,1.20
2010.05.07 08:05:21.918,0.98905,0.98955,1.00,1.00
2010.05.07 08:05:22.658,0.989,0.98955,1.00,1.00
2010.05.07 08:05:22.897,0.989,0.98935,1.00,1.00
2010.05.07 08:05:23.902,0.989,0.9895,1.00,1.00
2010.05.07 08:05:25.119,0.989,0.9895,1.00,1.00
2010.05.07 08:05:25.802,0.989,0.9894,1.00,1.00
2010.05.07 08:05:26.671,0.98895,0.98945,1.00,1.00
2010.05.07 08:05:26.898,0.98895,0.98945,1.00,1.00
2010.05.07 08:05:27.118,0.98895,0.98945,1.00,1.10
2010.05.07 08:05:28.032,0.9889,0.9894,1.00,2.40
2010.05.07 08:05:28.310,0.9889,0.9894,8.70,1.10
2010.05.07 08:05:28.590,0.98895,0.9894,1.00,1.00
2010.05.07 08:05:29.370,0.98885,0.9894,1.00,1.00
2010.05.07 08:05:29.708,0.9888,0.9894,4.50,1.00
2010.05.07 08:05:30.550,0.98885,0.9894,1.00,1.00
2010.05.07 08:05:30.892,0.9889,0.9894,1.00,1.10
2010.05.07 08:05:31.220,0.98885,0.9894,1.00,1.00
2010.05.07 08:05:32.344,0.9889,0.9894,4.60,1.00
2010.05.07 08:05:32.660,0.98885,0.9893,1.00,1.00
2010.05.07 08:05:32.940,0.9889,0.9894,1.00,1.00
2010.05.07 08:05:34.347,0.989,0.9894,1.00,1.00
2010.05.07 08:05:34.787,0.98895,0.9894,1.00,1.20
2010.05.07 08:05:35.688,0.9889,0.9894,1.00,1.00
2010.05.07 08:05:36.368,0.9889,0.9894,1.00,1.00
2010.05.07 08:05:36.547,0.9889,0.9894,8.80,1.20
2010.05.07 08:05:37.100,0.9889,0.9894,1.00,1.20
2010.05.07 08:05:37.311,0.9889,0.98945,4.40,2.00
2010.05.07 08:05:37.518,0.9889,0.9895,4.70,1.10
2010.05.07 08:05:37.727,0.9889,0.9895,8.70,1.10
2010.05.07 08:05:38.238,0.9889,0.98945,8.70,1.00
2010.05.07 08:05:38.584,0.9889,0.98945,1.00,1.20
2010.05.07 08:05:38.931,0.989,0.98945,1.00,1.20
2010.05.07 08:05:39.268,0.989,0.98945,1.00,1.00
2010.05.07 08:05:39.607,0.989,0.9895,1.00,1.00
2010.05.07 08:05:40.459,0.98895,0.9895,1.00,1.10
2010.05.07 08:05:40.536,0.98895,0.9895,4.70,1.10
2010.05.07 08:05:40.607,0.989,0.9895,1.00,1.00
2010.05.07 08:05:40.887,0.989,0.9895,1.00,1.00
2010.05.07 08:05:41.097,0.989,0.98945,1.00,1.00
2010.05.07 08:05:41.167,0.989,0.98945,1.00,1.00
2010.05.07 08:05:41.780,0.989,0.9894,1.00,1.00
2010.05.07 08:05:42.058,0.9889,0.98945,1.00,8.90
2010.05.07 08:05:42.337,0.9889,0.98945,1.00,1.00
2010.05.07 08:05:43.426,0.9889,0.98945,1.00,1.00
2010.05.07 08:05:43.770,0.9889,0.98945,1.00,1.00
2010.05.07 08:05:44.108,0.9889,0.98945,1.00,1.00
2010.05.07 08:05:44.626,0.9889,0.98945,4.60,1.00
2010.05.07 08:05:44.919,0.9889,0.9895,4.80,2.80
2010.05.07 08:05:45.528,0.9889,0.9895,4.80,1.20
2010.05.07 08:05:46.054,0.98895,0.98945,1.00,1.00
2010.05.07 08:05:46.374,0.9889,0.98945,4.00,1.00
2010.05.07 08:05:46.588,0.9889,0.98935,4.00,1.00
2010.05.07 08:05:47.237,0.9889,0.9893,4.00,1.00
2010.05.07 08:05:49.624,0.98875,0.9893,1.00,1.00
2010.05.07 08:05:50.731,0.98875,0.98925,1.00,1.60
2010.05.07 08:05:50.977,0.98875,0.9893,1.00,1.20
2010.05.07 08:05:51.229,0.9889,0.98935,1.00,1.00
2010.05.07 08:05:52.537,0.9889,0.9894,1.00,1.20
2010.05.07 08:05:53.323,0.9888,0.98935,1.00,1.00
2010.05.07 08:05:53.659,0.9888,0.9892,1.00,1.00
2010.05.07 08:05:53.998,0.98865,0.9892,1.00,1.00
2010.05.07 08:05:54.823,0.98865,0.9892,1.00,1.00
2010.05.07 08:05:55.167,0.98865,0.98915,1.00,1.00
2010.05.07 08:05:55.436,0.9886,0.98915,1.00,1.00
2010.05.07 08:05:57.306,0.9886,0.98915,1.00,1.00
2010.05.07 08:05:59.577,0.9886,0.98915,1.00,1.00
2010.05.07 08:06:00.044,0.9886,0.98915,1.00,1.00
2010.05.07 08:06:00.770,0.9887,0.98925,3.00,1.00
2010.05.07 08:06:01.108,0.9888,0.98935,1.00,1.20
2010.05.07 08:06:01.449,0.9888,0.98935,1.00,1.00
2010.05.07 08:06:02.307,0.98875,0.98935,1.00,1.00
2010.05.07 08:06:02.567,0.98875,0.98935,1.00,1.00
2010.05.07 08:06:02.826,0.98875,0.9893,1.00,1.00
2010.05.07 08:06:03.086,0.9888,0.9893,1.00,1.00
2010.05.07 08:06:03.928,0.9888,0.9893,1.00,1.00
2010.05.07 08:06:04.694,0.98875,0.9893,1.00,1.00
2010.05.07 08:06:07.728,0.98875,0.9893,1.00,1.00
2010.05.07 08:06:08.426,0.98875,0.9893,2.20,1.00
2010.05.07 08:06:09.086,0.9888,0.9893,1.00,1.00
2010.05.07 08:06:09.429,0.98875,0.98925,2.40,1.00
2010.05.07 08:06:09.769,0.98875,0.98925,1.60,1.10
2010.05.07 08:06:10.769,0.98865,0.98925,1.00,1.10
2010.05.07 08:06:11.029,0.9887,0.98925,1.00,1.00
2010.05.07 08:06:11.288,0.9887,0.98915,1.00,1.00
2010.05.07 08:06:12.054,0.9887,0.9891,1.00,1.00
2010.05.07 08:06:12.379,0.98855,0.9891,1.00,1.20
2010.05.07 08:06:12.709,0.98855,0.98905,1.00,1.00
2010.05.07 08:06:13.538,0.98845,0.989,1.00,1.00
2010.05.07 08:06:13.877,0.98855,0.9891,1.00,1.00
2010.05.07 08:06:14.557,0.9885,0.98905,3.60,1.00
2010.05.07 08:06:15.064,0.9885,0.98905,6.00,1.00
2010.05.07 08:06:15.402,0.9887,0.98915,1.00,1.00
2010.05.07 08:06:15.616,0.98865,0.98915,1.00,1.00
2010.05.07 08:06:16.570,0.9886,0.98915,1.00,1.20
2010.05.07 08:06:16.907,0.9886,0.9892,1.00,2.00
2010.05.07 08:06:17.247,0.98865,0.9892,1.00,1.00
2010.05.07 08:06:18.098,0.9887,0.9892,1.00,1.00
2010.05.07 08:06:19.323,0.98865,0.9891,1.00,1.00
2010.05.07 08:06:19.658,0.98865,0.9892,1.00,1.00
2010.05.07 08:06:20.849,0.98865,0.9892,1.00,1.00
2010.05.07 08:06:21.189,0.98865,0.9892,1.00,1.00
2010.05.07 08:06:21.436,0.98865,0.9892,1.00,1.00
2010.05.07 08:06:22.213,0.9886,0.9892,1.00,1.00
2010.05.07 08:06:22.443,0.9886,0.9892,1.00,4.30
2010.05.07 08:06:22.677,0.98855,0.9891,1.00,1.00
2010.05.07 08:06:23.399,0.9885,0.98905,1.00,1.00
2010.05.07 08:06:23.737,0.9886,0.98915,1.00,1.00
2010.05.07 08:06:24.079,0.98865,0.9891,1.00,1.00
2010.05.07 08:06:24.779,0.98865,0.9891,1.40,1.00
2010.05.07 08:06:25.111,0.98875,0.9893,1.00,1.00
2010.05.07 08:06:25.438,0.98895,0.98935,2.00,1.00
2010.05.07 08:06:26.307,0.9891,0.98955,4.00,1.00
2010.05.07 08:06:26.618,0.9891,0.98955,4.00,1.00
2010.05.07 08:06:27.410,0.98905,0.98955,8.00,4.90
2010.05.07 08:06:27.718,0.98895,0.98955,1.00,5.10
2010.05.07 08:06:27.968,0.98895,0.9895,1.00,1.00
2010.05.07 08:06:29.367,0.98895,0.9895,1.00,1.00
2010.05.07 08:06:29.707,0.9889,0.98945,1.00,1.00
2010.05.07 08:06:30.067,0.9889,0.98945,1.00,1.00
2010.05.07 08:06:31.140,0.9889,0.98945,1.00,1.00
2010.05.07 08:06:31.872,0.9889,0.98945,1.00,8.00
2010.05.07 08:06:32.422,0.98895,0.98945,1.00,4.40
2010.05.07 08:06:32.640,0.9889,0.9895,1.00,9.20
2010.05.07 08:06:32.857,0.98895,0.9895,1.00,9.00
2010.05.07 08:06:33.078,0.9889,0.98945,1.00,1.00
2010.05.07 08:06:34.151,0.98885,0.98945,4.40,1.00
2010.05.07 08:06:34.492,0.9889,0.98945,1.00,1.00
2010.05.07 08:06:35.712,0.98885,0.98945,1.00,1.00
2010.05.07 08:06:36.051,0.98885,0.98935,4.00,1.00
2010.05.07 08:06:36.764,0.98885,0.98935,4.00,1.00
2010.05.07 08:06:37.009,0.9889,0.98945,4.50,1.00
2010.05.07 08:06:37.267,0.98895,0.98945,8.00,1.00
2010.05.07 08:06:37.517,0.989,0.98955,1.00,1.00
2010.05.07 08:06:38.318,0.98895,0.98955,1.00,8.40
2010.05.07 08:06:38.607,0.98895,0.98955,4.40,1.00
2010.05.07 08:06:38.899,0.989,0.98955,1.00,1.00
2010.05.07 08:06:39.741,0.98905,0.98955,1.00,9.10
2010.05.07 08:06:40.078,0.98895,0.9895,1.00,1.00
2010.05.07 08:06:40.868,0.98895,0.9895,1.00,4.50
2010.05.07 08:06:41.149,0.9889,0.9895,4.80,1.00
2010.05.07 08:06:41.438,0.9889,0.9895,4.70,1.00
2010.05.07 08:06:42.239,0.98905,0.9895,8.00,1.00
2010.05.07 08:06:42.579,0.98915,0.9896,4.00,1.00
2010.05.07 08:06:42.918,0.98905,0.98965,1.00,4.50
2010.05.07 08:06:43.260,0.9891,0.98965,4.80,1.00
2010.05.07 08:06:44.120,0.98915,0.9897,1.00,8.60
2010.05.07 08:06:44.617,0.9891,0.98965,2.90,1.00
2010.05.07 08:06:45.539,0.98915,0.9897,1.00,1.00
2010.05.07 08:06:45.878,0.9892,0.98975,1.00,1.00
2010.05.07 08:06:46.218,0.9892,0.98975,1.00,4.50
2010.05.07 08:06:46.729,0.98915,0.9897,1.00,8.00
2010.05.07 08:06:47.068,0.9891,0.98965,1.20,1.00
2010.05.07 08:06:47.697,0.9891,0.9896,1.00,1.00
2010.05.07 08:06:48.394,0.9891,0.98965,1.10,4.70
2010.05.07 08:06:48.744,0.98945,0.9898,8.00,1.00
2010.05.07 08:06:49.089,0.9895,0.99,1.00,8.00
2010.05.07 08:06:49.918,0.9895,0.99,1.00,8.40
2010.05.07 08:06:50.260,0.9894,0.98995,1.00,1.00
2010.05.07 08:06:50.517,0.9894,0.98995,4.60,1.00
2010.05.07 08:06:50.768,0.98945,0.99,1.00,1.10
2010.05.07 08:06:51.277,0.9894,0.98995,1.00,1.00
2010.05.07 08:06:52.049,0.98935,0.9899,1.00,4.60
2010.05.07 08:06:52.318,0.9893,0.98985,1.00,1.00
2010.05.07 08:06:52.589,0.98925,0.9898,4.80,1.00
2010.05.07 08:06:52.817,0.98925,0.98985,4.40,1.00
2010.05.07 08:06:53.496,0.98925,0.98985,1.00,1.00
2010.05.07 08:06:53.750,0.98935,0.98995,8.40,1.00
2010.05.07 08:06:53.999,0.9894,0.98995,1.00,4.40
2010.05.07 08:06:54.753,0.98935,0.9899,1.00,1.00
2010.05.07 08:06:55.091,0.98935,0.9899,8.40,1.00
2010.05.07 08:06:55.429,0.9894,0.98965,1.00,1.00
2010.05.07 08:06:56.267,0.9893,0.98965,1.00,1.20
2010.05.07 08:06:56.611,0.98935,0.9897,1.00,2.80
2010.05.07 08:06:56.947,0.98935,0.9897,1.00,2.40
2010.05.07 08:06:57.108,0.98945,0.98975,8.00,1.00
2010.05.07 08:06:57.278,0.9895,0.98985,1.00,2.80
2010.05.07 08:06:57.439,0.98945,0.9898,1.00,2.80
2010.05.07 08:06:58.340,0.9895,0.9898,1.00,2.80
2010.05.07 08:06:59.188,0.9894,0.98975,1.00,1.00
2010.05.07 08:07:00.461,0.9895,0.9899,4.50,2.80
2010.05.07 08:07:02.289,0.9895,0.9899,4.80,3.60
2010.05.07 08:07:02.528,0.9895,0.9898,4.60,1.00
2010.05.07 08:07:03.259,0.98945,0.9898,4.80,2.80
2010.05.07 08:07:03.498,0.9895,0.9898,1.00,2.80
2010.05.07 08:07:05.099,0.98945,0.9898,1.00,2.80
2010.05.07 08:07:05.967,0.98945,0.9898,1.00,2.80
2010.05.07 08:07:06.690,0.9893,0.9897,4.50,2.80
2010.05.07 08:07:07.009,0.9893,0.98965,1.00,2.00
2010.05.07 08:07:07.178,0.9893,0.98965,1.00,2.00
2010.05.07 08:07:07.717,0.98925,0.98965,8.40,2.00
2010.05.07 08:07:07.878,0.98925,0.9897,1.00,3.50
2010.05.07 08:07:08.038,0.98925,0.9897,1.00,3.40
2010.05.07 08:07:08.537,0.98925,0.9897,1.00,3.60
2010.05.07 08:07:10.374,0.9893,0.9897,1.00,3.30
2010.05.07 08:07:11.610,0.98935,0.9897,8.00,3.00
2010.05.07 08:07:11.740,0.98935,0.9897,8.00,1.50
2010.05.07 08:07:11.867,0.98935,0.9897,8.00,1.00
2010.05.07 08:07:12.104,0.9894,0.9898,1.00,2.80
2010.05.07 08:07:13.308,0.9894,0.9898,1.00,2.80
2010.05.07 08:07:13.638,0.9894,0.9898,4.60,2.80
2010.05.07 08:07:14.185,0.9894,0.9898,4.40,2.80
2010.05.07 08:07:14.532,0.98945,0.9898,1.00,2.80
2010.05.07 08:07:16.400,0.98945,0.98975,1.00,2.00
2010.05.07 08:07:16.537,0.98945,0.98975,1.00,2.80
2010.05.07 08:07:17.163,0.98945,0.98975,1.00,2.80
2010.05.07 08:07:17.318,0.9894,0.98975,1.00,2.80
2010.05.07 08:07:17.999,0.98935,0.98975,1.00,2.80
2010.05.07 08:07:18.339,0.98935,0.9897,1.00,2.80
2010.05.07 08:07:19.196,0.9894,0.98975,1.00,1.00
2010.05.07 08:07:19.540,0.9894,0.98975,1.00,1.00
2010.05.07 08:07:20.689,0.9894,0.98975,1.00,1.00
2010.05.07 08:07:21.237,0.9894,0.98975,1.00,1.00
2010.05.07 08:07:21.507,0.98945,0.98975,1.00,1.00
2010.05.07 08:07:21.668,0.98945,0.9898,1.00,3.20
2010.05.07 08:07:21.987,0.98945,0.9898,1.00,2.80
2010.05.07 08:07:23.458,0.9894,0.98965,1.00,1.00
2010.05.07 08:07:23.769,0.98935,0.98965,1.00,1.00
2010.05.07 08:07:24.882,0.9894,0.9897,1.00,1.70
2010.05.07 08:07:25.140,0.98935,0.9897,8.80,1.00
2010.05.07 08:07:25.400,0.9894,0.98965,1.00,2.00
2010.05.07 08:07:25.910,0.9894,0.98965,1.00,2.00
2010.05.07 08:07:26.248,0.9893,0.98965,1.00,2.80
2010.05.07 08:07:26.587,0.98925,0.98965,1.00,2.80
2010.05.07 08:07:27.431,0.98925,0.98965,1.00,2.80
2010.05.07 08:07:27.770,0.9893,0.9896,1.00,2.80
2010.05.07 08:07:28.110,0.9893,0.98955,1.00,1.00
2010.05.07 08:07:28.827,0.98925,0.98955,4.80,1.00
2010.05.07 08:07:29.102,0.98925,0.98955,1.00,2.00
2010.05.07 08:07:29.380,0.9892,0.98955,1.00,2.80
2010.05.07 08:07:30.200,0.98925,0.98955,1.00,3.20
2010.05.07 08:07:30.420,0.98925,0.98975,1.00,1.00
2010.05.07 08:07:30.640,0.9892,0.98975,4.40,1.00
2010.05.07 08:07:30.860,0.98925,0.9898,4.00,1.00
2010.05.07 08:07:31.519,0.98925,0.9898,8.00,1.00
2010.05.07 08:07:31.828,0.98925,0.98985,8.40,1.00
2010.05.07 08:07:32.137,0.9893,0.98985,1.00,1.20
2010.05.07 08:07:32.448,0.9893,0.98985,1.00,5.00
2010.05.07 08:07:32.758,0.98925,0.9898,1.00,1.00
2010.05.07 08:07:33.588,0.98935,0.98985,8.00,1.00
2010.05.07 08:07:33.927,0.98935,0.98985,8.00,1.00
2010.05.07 08:07:34.689,0.9894,0.98985,1.00,1.00
2010.05.07 08:07:35.027,0.9893,0.98985,1.00,1.00
2010.05.07 08:07:36.020,0.9893,0.98985,1.00,1.00
2010.05.07 08:07:36.217,0.9893,0.98985,4.40,1.00
2010.05.07 08:07:36.599,0.9893,0.9899,1.00,8.80
2010.05.07 08:07:37.283,0.98935,0.98985,1.00,1.00
2010.05.07 08:07:37.626,0.98935,0.9899,1.00,1.00
2010.05.07 08:07:37.949,0.98935,0.98995,1.00,9.20
2010.05.07 08:07:39.120,0.98935,0.98995,8.80,1.00
2010.05.07 08:07:39.460,0.9894,0.98995,1.00,1.00
2010.05.07 08:07:39.740,0.98935,0.98995,4.40,1.00
2010.05.07 08:07:40.275,0.98935,0.9899,8.40,1.60
2010.05.07 08:07:40.556,0.9894,0.99,4.80,1.00
2010.05.07 08:07:40.838,0.98945,0.99,8.00,1.00
2010.05.07 08:07:41.117,0.98945,0.99,8.40,1.00
2010.05.07 08:07:41.758,0.9895,0.99005,1.00,1.00
2010.05.07 08:07:43.760,0.9895,0.99,1.00,1.00
2010.05.07 08:07:43.929,0.9895,0.99,1.00,8.40
2010.05.07 08:07:44.269,0.98945,0.99,1.00,4.40
2010.05.07 08:07:45.098,0.98955,0.98995,4.00,1.00
2010.05.07 08:07:45.418,0.9897,0.99025,1.00,1.00
2010.05.07 08:07:45.737,0.9897,0.99025,1.00,1.10
2010.05.07 08:07:46.058,0.9897,0.99025,1.00,1.00
2010.05.07 08:07:49.037,0.9897,0.99015,1.00,1.00
2010.05.07 08:07:49.217,0.9897,0.99015,1.00,1.00
2010.05.07 08:07:50.098,0.9897,0.99015,1.00,1.00
2010.05.07 08:07:50.438,0.9897,0.99015,1.00,1.00
2010.05.07 08:07:50.778,0.9896,0.99015,1.00,1.00
2010.05.07 08:07:51.824,0.9897,0.99015,1.00,1.00
2010.05.07 08:07:54.467,0.9897,0.99015,1.00,1.00
2010.05.07 08:07:54.658,0.9897,0.99015,1.00,1.00
2010.05.07 08:07:54.847,0.9897,0.99015,1.00,1.00
2010.05.07 08:07:55.228,0.98975,0.9902,4.80,2.80
2010.05.07 08:07:56.110,0.9897,0.9902,1.00,2.00
2010.05.07 08:07:56.451,0.9897,0.9901,1.00,1.00
2010.05.07 08:07:56.577,0.9897,0.9901,1.00,1.00
2010.05.07 08:07:57.312,0.9897,0.9901,1.00,1.00
2010.05.07 08:07:57.439,0.9897,0.9901,1.00,1.00
2010.05.07 08:08:00.589,0.9897,0.98995,1.00,1.00
2010.05.07 08:08:01.489,0.98955,0.99005,8.60,2.00
2010.05.07 08:08:01.807,0.9896,0.99005,1.00,2.00
2010.05.07 08:08:02.574,0.9896,0.99005,1.00,2.00
2010.05.07 08:08:02.940,0.9896,0.99005,1.00,2.00
2010.05.07 08:08:03.110,0.9896,0.99005,1.00,1.60
2010.05.07 08:08:03.279,0.98965,0.9901,4.00,1.00
2010.05.07 08:08:03.896,0.98965,0.9901,8.00,1.00
2010.05.07 08:08:04.069,0.98965,0.9901,4.60,1.00
2010.05.07 08:08:04.407,0.98965,0.9901,1.00,1.00
2010.05.07 08:08:05.228,0.98965,0.99,1.00,1.00
2010.05.07 08:08:06.038,0.9896,0.99,1.00,1.00
2010.05.07 08:08:06.358,0.98955,0.99,1.00,1.00
2010.05.07 08:08:06.998,0.98955,0.99005,4.50,2.40
2010.05.07 08:08:07.800,0.9896,0.9901,1.00,2.00
2010.05.07 08:08:08.098,0.9896,0.99005,1.00,6.00
2010.05.07 08:08:08.318,0.9895,0.99,1.00,1.00
2010.05.07 08:08:08.542,0.9895,0.98995,1.00,4.00
2010.05.07 08:08:08.768,0.9895,0.98985,1.00,1.00
2010.05.07 08:08:09.518,0.98955,0.9898,1.00,1.00
2010.05.07 08:08:09.858,0.9894,0.9898,1.30,1.00
2010.05.07 08:08:10.198,0.9893,0.98985,7.00,3.00
2010.05.07 08:08:10.539,0.9894,0.98985,1.00,1.00
2010.05.07 08:08:11.160,0.98935,0.98985,1.00,2.00
2010.05.07 08:08:11.481,0.98925,0.98975,4.60,1.60
2010.05.07 08:08:11.628,0.98925,0.9898,8.60,2.60
2010.05.07 08:08:11.951,0.9893,0.9898,1.00,2.00
2010.05.07 08:08:12.099,0.9893,0.9898,1.00,2.00
2010.05.07 08:08:14.252,0.9893,0.9898,1.00,2.00
2010.05.07 08:08:14.605,0.9893,0.98975,1.00,1.00
2010.05.07 08:08:15.447,0.9893,0.9897,1.00,1.00
2010.05.07 08:08:16.503,0.98925,0.98975,1.00,2.80
2010.05.07 08:08:16.577,0.98925,0.98975,1.00,1.20
2010.05.07 08:08:16.659,0.98925,0.98975,1.00,1.00
2010.05.07 08:08:16.738,0.98925,0.98975,1.00,1.00
2010.05.07 08:08:16.877,0.9893,0.98975,2.40,1.00
2010.05.07 08:08:17.376,0.9893,0.9898,2.40,3.20
2010.05.07 08:08:17.639,0.9893,0.98975,4.00,3.20
2010.05.07 08:08:17.907,0.9893,0.98975,4.60,2.60
2010.05.07 08:08:20.536,0.9893,0.9897,8.00,2.80
2010.05.07 08:08:20.820,0.9893,0.9897,1.00,2.00
2010.05.07 08:08:20.990,0.9893,0.9897,4.40,2.00
2010.05.07 08:08:21.654,0.9893,0.9897,1.00,2.00
2010.05.07 08:08:21.830,0.9893,0.9897,4.70,2.00
2010.05.07 08:08:22.878,0.98935,0.9897,1.00,2.00
2010.05.07 08:08:23.077,0.98935,0.9897,1.00,2.00
2010.05.07 08:08:23.851,0.9894,0.9898,4.60,1.00
2010.05.07 08:08:24.078,0.9894,0.9898,4.80,1.00
2010.05.07 08:08:24.348,0.9894,0.9898,4.60,1.00
2010.05.07 08:08:24.578,0.9894,0.9898,4.00,1.00
2010.05.07 08:08:25.287,0.98935,0.9898,4.50,1.00
2010.05.07 08:08:25.641,0.98925,0.98975,8.70,2.70
2010.05.07 08:08:25.979,0.98925,0.98975,8.70,6.70
2010.05.07 08:08:26.832,0.98925,0.98965,1.00,1.00
2010.05.07 08:08:27.172,0.98925,0.9896,1.00,2.80
2010.05.07 08:08:27.511,0.9892,0.9896,1.00,2.80
2010.05.07 08:08:27.750,0.9892,0.9896,4.50,2.80
2010.05.07 08:08:28.490,0.98925,0.98965,1.00,1.00
2010.05.07 08:08:28.809,0.98925,0.98965,8.80,1.00
2010.05.07 08:08:29.130,0.98915,0.98965,8.70,10.70
2010.05.07 08:08:29.662,0.98915,0.98965,8.80,10.80
2010.05.07 08:08:29.968,0.98925,0.9897,1.00,1.10
2010.05.07 08:08:30.307,0.98925,0.9897,4.50,1.00
2010.05.07 08:08:31.678,0.9892,0.9897,4.50,8.90
2010.05.07 08:08:32.485,0.9892,0.9897,8.50,1.00
2010.05.07 08:08:32.829,0.98925,0.9897,8.70,1.00
2010.05.07 08:08:33.169,0.9893,0.9897,1.00,1.00
2010.05.07 08:08:33.511,0.9893,0.98975,1.00,2.80
2010.05.07 08:08:34.325,0.98925,0.98975,8.50,6.50
2010.05.07 08:08:34.661,0.9894,0.98975,4.00,1.00
2010.05.07 08:08:35.001,0.98945,0.9897,8.00,1.00
2010.05.07 08:08:35.872,0.98945,0.98985,1.00,4.00
2010.05.07 08:08:36.163,0.98945,0.9897,8.00,1.00
2010.05.07 08:08:36.924,0.98945,0.9897,8.00,1.00
2010.05.07 08:08:37.208,0.9895,0.99,1.00,10.60
2010.05.07 08:08:37.487,0.9895,0.99,1.00,10.20
2010.05.07 08:08:38.289,0.9895,0.99,8.60,1.00
2010.05.07 08:08:38.618,0.9896,0.99005,1.00,8.00
2010.05.07 08:08:39.192,0.9896,0.99005,1.00,8.40
2010.05.07 08:08:39.531,0.98955,0.99,1.00,1.00
2010.05.07 08:08:39.869,0.98955,0.98995,1.00,8.40
2010.05.07 08:08:40.211,0.9894,0.9898,1.00,4.00
2010.05.07 08:08:40.747,0.9894,0.9898,1.00,4.00
2010.05.07 08:08:41.093,0.9893,0.9898,8.40,1.00
2010.05.07 08:08:41.428,0.98935,0.9898,1.00,1.00
2010.05.07 08:08:41.679,0.98935,0.9898,8.60,1.00
2010.05.07 08:08:42.410,0.98935,0.9898,1.00,8.60
2010.05.07 08:08:42.590,0.98925,0.98975,8.80,1.00
2010.05.07 08:08:42.769,0.9893,0.98975,8.80,1.00
2010.05.07 08:08:43.118,0.9893,0.9898,8.40,4.40
2010.05.07 08:08:43.995,0.98935,0.98975,1.00,8.00
2010.05.07 08:08:44.341,0.98925,0.98975,8.70,8.70
2010.05.07 08:08:45.211,0.9892,0.98965,1.00,4.00
2010.05.07 08:08:45.529,0.9892,0.9897,8.50,1.00
2010.05.07 08:08:46.332,0.98925,0.98975,1.00,8.40
2010.05.07 08:08:46.619,0.98925,0.98975,1.00,8.80
2010.05.07 08:08:47.422,0.9892,0.98955,1.00,1.00
2010.05.07 08:08:47.710,0.98915,0.98935,1.00,4.00
2010.05.07 08:08:47.998,0.98915,0.9894,1.00,8.00
2010.05.07 08:08:48.842,0.98885,0.9893,4.40,1.00
2010.05.07 08:08:49.181,0.9891,0.9893,1.00,1.00
2010.05.07 08:08:49.520,0.98915,0.98935,8.00,1.00
2010.05.07 08:08:50.048,0.98905,0.98935,9.60,1.00
2010.05.07 08:08:50.392,0.9891,0.9896,4.40,8.40
2010.05.07 08:08:51.222,0.9891,0.9896,4.60,8.60
2010.05.07 08:08:51.450,0.989,0.9895,8.60,1.00
2010.05.07 08:08:51.679,0.989,0.9895,8.60,4.60
2010.05.07 08:08:52.412,0.98905,0.9895,1.00,1.00
2010.05.07 08:08:52.741,0.989,0.9895,4.80,8.40
2010.05.07 08:08:53.069,0.98915,0.9896,1.00,4.60
2010.05.07 08:08:53.398,0.98915,0.9896,1.00,4.80
2010.05.07 08:08:54.107,0.98915,0.9896,8.80,1.00
2010.05.07 08:08:54.454,0.98915,0.9896,1.00,8.00
2010.05.07 08:08:55.130,0.98925,0.9896,4.00,4.40
2010.05.07 08:08:55.995,0.9893,0.98955,1.00,8.00
2010.05.07 08:08:56.210,0.9893,0.9896,1.00,4.00
2010.05.07 08:08:56.928,0.98915,0.98955,1.00,8.00
2010.05.07 08:08:57.150,0.98905,0.9896,1.00,8.40
2010.05.07 08:08:57.490,0.9891,0.9896,1.00,1.00
2010.05.07 08:08:58.356,0.98925,0.98965,1.00,8.00
2010.05.07 08:08:59.334,0.9892,0.98965,1.00,8.00
2010.05.07 08:08:59.680,0.9891,0.9896,1.00,4.00
2010.05.07 08:09:00.018,0.9891,0.9896,1.30,4.00
2010.05.07 08:09:00.835,0.9891,0.9896,2.00,8.00
2010.05.07 08:09:01.100,0.9891,0.9896,1.30,4.40
2010.05.07 08:09:01.369,0.9892,0.98965,4.00,4.40
2010.05.07 08:09:01.639,0.98925,0.98965,8.00,1.00
2010.05.07 08:09:02.195,0.98925,0.98975,8.60,1.00
2010.05.07 08:09:02.490,0.98915,0.98955,1.00,8.00
2010.05.07 08:09:02.779,0.9891,0.98955,1.00,1.00
2010.05.07 08:09:03.373,0.9891,0.9895,1.00,4.00
2010.05.07 08:09:03.711,0.9891,0.98955,4.00,1.00
2010.05.07 08:09:04.052,0.98905,0.9895,5.20,4.00
2010.05.07 08:09:04.600,0.98915,0.98955,4.00,1.00
2010.05.07 08:09:04.940,0.98915,0.98965,8.50,8.50
2010.05.07 08:09:05.280,0.98915,0.98955,1.00,4.00
2010.05.07 08:09:05.792,0.9891,0.98955,1.00,4.00
2010.05.07 08:09:06.112,0.989,0.9895,8.40,1.00
2010.05.07 08:09:06.429,0.98905,0.9895,1.00,1.00
2010.05.07 08:09:06.749,0.98905,0.9895,1.00,4.40
2010.05.07 08:09:07.326,0.98895,0.98945,8.50,1.00
2010.05.07 08:09:07.639,0.98895,0.98935,1.00,8.00
2010.05.07 08:09:07.878,0.98885,0.98935,1.10,8.70
2010.05.07 08:09:08.848,0.98885,0.9894,1.00,8.40
2010.05.07 08:09:09.468,0.98895,0.9894,4.00,1.00
2010.05.07 08:09:10.298,0.98905,0.98955,1.00,4.00
2010.05.07 08:09:10.637,0.98905,0.98955,1.00,4.00
2010.05.07 08:09:11.561,0.98905,0.9895,1.00,8.00
2010.05.07 08:09:11.830,0.98895,0.98945,1.00,8.40
2010.05.07 08:09:12.562,0.98895,0.9894,1.00,8.00
2010.05.07 08:09:12.851,0.9889,0.9894,1.00,8.50
2010.05.07 08:09:13.139,0.9889,0.9894,1.00,8.50
2010.05.07 08:09:13.896,0.9889,0.98935,1.00,4.00
2010.05.07 08:09:14.240,0.98885,0.9894,1.00,1.00
2010.05.07 08:09:14.578,0.98895,0.9893,1.00,8.00
2010.05.07 08:09:15.482,0.9888,0.9894,1.00,9.10
2010.05.07 08:09:15.819,0.98875,0.98935,1.00,8.80
2010.05.07 08:09:17.188,0.9888,0.98935,4.40,1.00
2010.05.07 08:09:17.849,0.9888,0.9893,4.00,1.00
2010.05.07 08:09:18.948,0.9888,0.9893,4.00,1.00
2010.05.07 08:09:19.292,0.9888,0.98925,1.00,4.40
2010.05.07 08:09:19.631,0.9888,0.9893,8.60,4.60
2010.05.07 08:09:20.471,0.98865,0.9891,1.00,1.00
2010.05.07 08:09:20.810,0.98865,0.9891,4.40,1.00
2010.05.07 08:09:21.536,0.9887,0.9891,4.00,1.00
2010.05.07 08:09:21.790,0.98875,0.9892,1.00,1.00
2010.05.07 08:09:22.078,0.9887,0.98925,4.40,1.00
2010.05.07 08:09:22.357,0.9887,0.98925,4.40,1.00
2010.05.07 08:09:23.181,0.9887,0.9892,4.50,1.00
2010.05.07 08:09:23.461,0.98865,0.9891,8.00,1.00
2010.05.07 08:09:24.243,0.98875,0.9892,8.00,1.00
2010.05.07 08:09:24.580,0.9888,0.98935,1.00,1.00
2010.05.07 08:09:25.396,0.98875,0.9893,8.40,1.00
2010.05.07 08:09:25.721,0.98875,0.98925,4.00,1.00
2010.05.07 08:09:26.040,0.98875,0.9892,4.00,1.00
2010.05.07 08:09:26.889,0.9887,0.98925,9.10,1.00
2010.05.07 08:09:27.228,0.98875,0.98925,8.40,1.00
2010.05.07 08:09:27.568,0.98875,0.98925,8.60,1.00
2010.05.07 08:09:28.699,0.9888,0.98925,4.00,1.00
2010.05.07 08:09:29.038,0.98875,0.98925,8.80,8.80
2010.05.07 08:09:29.901,0.9887,0.98915,4.00,1.00
2010.05.07 08:09:30.238,0.98865,0.989,8.00,1.00
2010.05.07 08:09:30.578,0.9887,0.9892,1.00,8.60
2010.05.07 08:09:31.319,0.9887,0.98915,1.10,1.00
2010.05.07 08:09:31.558,0.9887,0.98915,5.10,1.00
2010.05.07 08:09:32.350,0.9887,0.9892,9.20,4.80
2010.05.07 08:09:32.659,0.9887,0.9892,4.60,4.60
2010.05.07 08:09:33.270,0.98875,0.9892,4.00,4.60
2010.05.07 08:09:33.598,0.98875,0.98925,8.40,4.40
2010.05.07 08:09:34.241,0.98885,0.9893,1.00,4.70
2010.05.07 08:09:35.048,0.9888,0.9893,4.40,8.40
2010.05.07 08:09:35.389,0.9888,0.9893,1.00,8.50
2010.05.07 08:09:35.889,0.9888,0.98925,1.00,1.00
2010.05.07 08:09:36.669,0.98875,0.98915,4.00,1.00
2010.05.07 08:09:36.961,0.9887,0.9892,8.40,1.00
2010.05.07 08:09:37.248,0.98875,0.98925,8.60,8.60
2010.05.07 08:09:38.040,0.98885,0.9893,4.00,4.40
2010.05.07 08:09:38.308,0.9888,0.9893,4.40,8.40
2010.05.07 08:09:39.088,0.9888,0.98925,1.00,4.00
2010.05.07 08:09:39.429,0.9888,0.98925,1.00,1.00
2010.05.07 08:09:40.069,0.98875,0.98925,8.60,4.60
2010.05.07 08:09:40.751,0.98875,0.9892,1.00,1.00
2010.05.07 08:09:41.929,0.98875,0.9892,1.00,4.40
2010.05.07 08:09:42.248,0.98875,0.9892,4.00,1.00
2010.05.07 08:09:42.498,0.9887,0.9892,4.40,4.40
2010.05.07 08:09:43.041,0.9887,0.9892,4.40,1.00
2010.05.07 08:09:43.318,0.9888,0.98925,1.00,8.40
2010.05.07 08:09:43.654,0.9888,0.9892,1.00,8.00
2010.05.07 08:09:44.475,0.98875,0.9892,1.00,4.00
2010.05.07 08:09:44.802,0.9888,0.98925,8.00,1.00
2010.05.07 08:09:45.131,0.98885,0.98925,1.00,4.00
2010.05.07 08:09:45.948,0.9888,0.9892,8.00,1.00
2010.05.07 08:09:46.268,0.98885,0.9893,8.00,1.00
2010.05.07 08:09:47.151,0.9889,0.98925,1.00,9.60
2010.05.07 08:09:47.478,0.98875,0.98925,1.00,8.40
2010.05.07 08:09:47.807,0.9887,0.9892,8.80,1.00
2010.05.07 08:09:48.666,0.98875,0.9892,1.00,8.40
2010.05.07 08:09:49.010,0.98875,0.9892,4.60,1.00
2010.05.07 08:09:49.269,0.98875,0.98925,8.70,1.00
2010.05.07 08:09:50.059,0.9888,0.9893,4.60,8.60
2010.05.07 08:09:50.737,0.98885,0.9893,8.00,1.00
2010.05.07 08:09:51.620,0.9889,0.98935,1.00,4.40
2010.05.07 08:09:51.908,0.9889,0.98935,1.00,8.40
2010.05.07 08:09:52.706,0.9889,0.9893,1.00,8.00
2010.05.07 08:09:52.934,0.98875,0.9892,4.70,4.00
2010.05.07 08:09:53.160,0.98875,0.98915,1.00,8.00
2010.05.07 08:09:53.870,0.98865,0.98915,8.50,1.00
2010.05.07 08:09:54.210,0.9887,0.98915,8.60,1.00
2010.05.07 08:09:54.548,0.9887,0.9892,8.80,1.00
2010.05.07 08:09:55.399,0.9887,0.98905,4.00,1.00
2010.05.07 08:09:55.739,0.9887,0.98915,1.00,8.00
2010.05.07 08:09:56.080,0.98865,0.9891,4.50,4.50
2010.05.07 08:09:56.931,0.9885,0.98895,1.00,1.00
2010.05.07 08:09:58.252,0.9885,0.989,4.40,8.40
2010.05.07 08:09:58.460,0.98845,0.9889,4.40,4.00
2010.05.07 08:09:59.319,0.9886,0.98895,4.00,1.00
2010.05.07 08:09:59.658,0.9886,0.9891,8.60,1.00
2010.05.07 08:10:00.909,0.9887,0.98915,1.00,1.00
2010.05.07 08:10:01.199,0.98875,0.9892,1.00,1.00
2010.05.07 08:10:01.488,0.9887,0.9892,8.50,4.50
2010.05.07 08:10:02.046,0.9887,0.9892,4.50,4.50
2010.05.07 08:10:02.332,0.98865,0.9891,1.00,1.00
2010.05.07 08:10:02.609,0.9886,0.9891,8.50,1.00
2010.05.07 08:10:02.889,0.98865,0.9891,1.00,4.40
2010.05.07 08:10:03.899,0.9886,0.9891,8.50,4.50
2010.05.07 08:10:04.240,0.9886,0.9891,8.50,1.00
2010.05.07 08:10:04.578,0.98865,0.9891,4.50,1.00
2010.05.07 08:10:05.179,0.98865,0.9891,8.50,1.00
2010.05.07 08:10:05.522,0.9887,0.98915,1.00,8.40
2010.05.07 08:10:05.860,0.98865,0.98915,1.00,8.70
2010.05.07 08:10:06.570,0.9887,0.989,8.00,1.00
2010.05.07 08:10:06.750,0.98865,0.9891,8.80,1.00
2010.05.07 08:10:07.905,0.98875,0.98915,1.00,8.70
2010.05.07 08:10:08.719,0.9887,0.98915,1.00,4.00
2010.05.07 08:10:09.043,0.9886,0.98905,1.00,8.00
2010.05.07 08:10:10.081,0.98855,0.98905,1.00,8.50
2010.05.07 08:10:10.422,0.98855,0.989,4.60,4.00
2010.05.07 08:10:10.945,0.9886,0.9891,4.70,4.70
2010.05.07 08:10:11.779,0.9886,0.9891,4.60,8.60
2010.05.07 08:10:12.121,0.98865,0.98905,1.00,4.00
2010.05.07 08:10:12.458,0.98855,0.98905,8.70,4.70
2010.05.07 08:10:12.687,0.9886,0.98905,4.00,4.70
2010.05.07 08:10:13.256,0.98865,0.98905,4.00,1.00
2010.05.07 08:10:13.479,0.98865,0.98915,4.70,8.70
2010.05.07 08:10:13.978,0.98865,0.98915,8.70,8.70
2010.05.07 08:10:14.950,0.98865,0.98915,1.00,8.80
2010.05.07 08:10:15.289,0.98865,0.98905,1.00,8.00
2010.05.07 08:10:15.962,0.98865,0.989,1.00,4.00
2010.05.07 08:10:16.296,0.98855,0.98895,1.00,4.00
2010.05.07 08:10:16.614,0.98855,0.9889,1.00,4.00
2010.05.07 08:10:17.557,0.98845,0.9889,2.00,1.00
2010.05.07 08:10:17.849,0.9885,0.989,1.00,8.80
2010.05.07 08:10:18.141,0.98855,0.989,1.00,1.00
2010.05.07 08:10:18.929,0.9886,0.9891,1.00,8.40
2010.05.07 08:10:19.257,0.9886,0.9891,1.00,8.50
2010.05.07 08:10:19.898,0.9886,0.9891,1.00,8.40
2010.05.07 08:10:20.739,0.9886,0.98905,2.00,8.00
2010.05.07 08:10:20.870,0.9886,0.989,1.60,4.00
2010.05.07 08:10:21.489,0.9886,0.989,2.00,4.00
2010.05.07 08:10:21.621,0.98865,0.98905,1.30,1.00
2010.05.07 08:10:21.752,0.9886,0.9891,8.40,1.00
2010.05.07 08:10:22.285,0.98865,0.9891,1.60,1.00
2010.05.07 08:10:22.621,0.9887,0.98915,2.10,8.00
2010.05.07 08:10:22.961,0.98875,0.98915,1.40,4.40
2010.05.07 08:10:23.813,0.9887,0.98915,4.00,1.00
2010.05.07 08:10:24.119,0.9887,0.989,1.00,4.00
2010.05.07 08:10:24.459,0.98875,0.98905,1.00,8.00
2010.05.07 08:10:25.320,0.98855,0.989,1.00,1.00
2010.05.07 08:10:25.659,0.98855,0.98905,8.40,1.00
2010.05.07 08:10:25.998,0.9886,0.98905,4.00,1.00
2010.05.07 08:10:26.748,0.9886,0.9891,1.00,8.40
2010.05.07 08:10:26.998,0.98855,0.989,1.00,4.00
2010.05.07 08:10:27.642,0.98855,0.989,1.00,4.50
2010.05.07 08:10:27.983,0.9886,0.98905,1.00,4.00
2010.05.07 08:10:28.320,0.98855,0.98905,8.70,4.70
2010.05.07 08:10:29.150,0.9886,0.98905,1.00,1.00
2010.05.07 08:10:29.478,0.9886,0.98905,1.00,4.50
2010.05.07 08:10:30.098,0.9886,0.98905,1.00,1.00
2010.05.07 08:10:30.442,0.9886,0.98905,8.00,1.00
2010.05.07 08:10:30.780,0.98865,0.98905,8.00,1.00
2010.05.07 08:10:31.119,0.98865,0.98915,8.70,8.70
2010.05.07 08:10:31.979,0.98865,0.98915,10.30,8.70
2010.05.07 08:10:32.319,0.9887,0.98915,1.00,4.00
2010.05.07 08:10:32.918,0.9887,0.98915,2.40,4.00
2010.05.07 08:10:33.741,0.9887,0.9892,6.20,8.60
2010.05.07 08:10:34.127,0.9887,0.9892,4.60,8.60
2010.05.07 08:10:34.723,0.9887,0.98905,1.00,4.00
2010.05.07 08:10:34.921,0.9886,0.9891,10.00,4.40
2010.05.07 08:10:35.260,0.9887,0.9891,1.60,1.00
2010.05.07 08:10:35.602,0.98875,0.9892,4.00,1.00
2010.05.07 08:10:36.114,0.9887,0.9892,8.40,1.00
2010.05.07 08:10:36.441,0.9887,0.98915,8.40,1.00
2010.05.07 08:10:36.759,0.9887,0.98915,1.00,4.00
2010.05.07 08:10:37.598,0.9887,0.9892,8.60,4.60
2010.05.07 08:10:37.928,0.9887,0.9892,8.70,1.00
2010.05.07 08:10:38.258,0.98875,0.9892,1.00,8.40
2010.05.07 08:10:39.078,0.9887,0.9892,4.50,8.50
2010.05.07 08:10:39.419,0.9887,0.98915,1.00,8.00
2010.05.07 08:10:39.757,0.9886,0.98905,8.80,1.00
2010.05.07 08:10:40.598,0.98865,0.98915,1.00,8.50
2010.05.07 08:10:43.669,0.98865,0.9891,1.00,1.00
2010.05.07 08:10:43.892,0.98865,0.98915,1.00,8.80
2010.05.07 08:10:44.449,0.98865,0.9891,1.00,1.00
2010.05.07 08:10:45.330,0.98865,0.98915,8.80,8.80
2010.05.07 08:10:45.641,0.9887,0.98915,8.60,1.00
2010.05.07 08:10:46.391,0.9887,0.98915,1.00,4.60
2010.05.07 08:10:46.691,0.98865,0.9891,1.00,1.00
2010.05.07 08:10:46.981,0.98865,0.9891,1.00,8.60
2010.05.07 08:10:47.495,0.98865,0.9891,1.00,8.00
2010.05.07 08:10:47.829,0.98865,0.9891,1.00,8.80
2010.05.07 08:10:48.168,0.98865,0.9891,1.00,1.00
2010.05.07 08:10:48.984,0.98865,0.9891,8.00,1.00
2010.05.07 08:10:49.291,0.98865,0.98915,8.70,1.00
2010.05.07 08:10:50.436,0.9887,0.9892,8.40,1.00
2010.05.07 08:10:50.777,0.9887,0.98915,1.00,8.40
2010.05.07 08:10:52.051,0.98865,0.98915,8.40,1.00
2010.05.07 08:10:52.262,0.9887,0.98915,1.00,1.00
2010.05.07 08:10:52.468,0.9887,0.9892,1.00,8.40
2010.05.07 08:10:53.219,0.9888,0.98915,4.00,1.00
2010.05.07 08:10:53.897,0.9888,0.9893,4.80,8.80
2010.05.07 08:10:55.218,0.98885,0.9893,1.60,4.80
2010.05.07 08:10:55.559,0.98885,0.9893,5.60,1.00
2010.05.07 08:10:56.245,0.98885,0.98935,6.40,8.80
2010.05.07 08:10:56.498,0.98885,0.98935,6.00,8.40
2010.05.07 08:10:57.018,0.98885,0.98935,2.00,8.40
2010.05.07 08:10:57.279,0.98885,0.9893,2.40,1.00
2010.05.07 08:11:00.019,0.98885,0.9893,1.60,8.70
2010.05.07 08:11:00.201,0.9889,0.98935,8.00,1.00
2010.05.07 08:11:00.377,0.98895,0.98935,4.00,1.00
2010.05.07 08:11:01.230,0.9889,0.9894,8.40,1.00
2010.05.07 08:11:01.409,0.9889,0.9894,8.50,1.00
2010.05.07 08:11:02.089,0.9889,0.9894,4.50,1.00
2010.05.07 08:11:03.079,0.9889,0.98945,8.40,1.00
2010.05.07 08:11:04.199,0.9889,0.9894,8.40,1.00
2010.05.07 08:11:05.328,0.98895,0.9895,8.60,1.00
2010.05.07 08:11:05.673,0.98895,0.9895,8.70,1.00
2010.05.07 08:11:06.539,0.98895,0.9894,4.70,4.00
2010.05.07 08:11:07.138,0.9889,0.9894,8.70,4.70
2010.05.07 08:11:07.479,0.98895,0.98945,8.40,8.40
2010.05.07 08:11:07.818,0.9889,0.9894,8.70,4.70
2010.05.07 08:11:08.529,0.98895,0.9894,6.40,4.00
2010.05.07 08:11:09.088,0.98895,0.98945,10.40,8.80
2010.05.07 08:11:09.382,0.98895,0.9893,1.00,8.00
2010.05.07 08:11:09.673,0.98885,0.98925,1.60,8.50
2010.05.07 08:11:10.460,0.98885,0.9893,2.80,4.50
2010.05.07 08:11:10.799,0.98885,0.98935,10.30,4.70
2010.05.07 08:11:11.139,0.98885,0.98935,10.30,1.00
2010.05.07 08:11:11.919,0.9889,0.98935,1.00,1.00
2010.05.07 08:11:12.200,0.9889,0.9894,4.40,8.40
2010.05.07 08:11:12.748,0.9889,0.9894,4.50,8.50
2010.05.07 08:11:13.018,0.98895,0.9894,8.00,1.00
2010.05.07 08:11:13.545,0.989,0.98945,1.00,1.00
2010.05.07 08:11:13.873,0.98895,0.9894,1.00,1.00
2010.05.07 08:11:14.198,0.98895,0.9894,8.40,1.00
2010.05.07 08:11:14.517,0.989,0.98945,1.00,1.00
2010.05.07 08:11:15.264,0.98895,0.98945,8.60,4.60
2010.05.07 08:11:15.614,0.989,0.98945,1.00,4.00
2010.05.07 08:11:15.958,0.989,0.9895,4.80,8.80
2010.05.07 08:11:17.049,0.989,0.9895,4.40,8.40
2010.05.07 08:11:17.278,0.989,0.9895,4.50,8.50
2010.05.07 08:11:17.717,0.989,0.9895,4.80,8.80
2010.05.07 08:11:18.569,0.98915,0.98955,8.40,1.00
2010.05.07 08:11:18.910,0.9892,0.9896,8.00,1.00
2010.05.07 08:11:19.579,0.98915,0.9896,8.00,1.00
2010.05.07 08:11:19.920,0.98915,0.9896,1.00,4.40
2010.05.07 08:11:20.217,0.98915,0.9896,1.00,4.60
2010.05.07 08:11:20.518,0.98915,0.9895,1.00,4.00
2010.05.07 08:11:21.278,0.989,0.9895,4.60,4.60
2010.05.07 08:11:21.538,0.98905,0.98955,4.80,8.80
2010.05.07 08:11:21.797,0.98905,0.9894,1.00,4.00
2010.05.07 08:11:22.581,0.98895,0.9894,1.00,1.00
2010.05.07 08:11:22.890,0.98895,0.98945,4.40,8.40
2010.05.07 08:11:23.200,0.98895,0.9894,4.80,1.00
2010.05.07 08:11:24.019,0.98885,0.9893,8.40,1.00
2010.05.07 08:11:24.328,0.9889,0.98935,1.00,4.70
2010.05.07 08:11:25.170,0.98885,0.98935,8.70,4.70
2010.05.07 08:11:25.508,0.98885,0.98935,8.70,1.00
2010.05.07 08:11:26.428,0.9888,0.98925,8.50,1.00
2010.05.07 08:11:26.761,0.98885,0.98935,8.60,8.60
2010.05.07 08:11:27.630,0.98885,0.98925,1.00,4.00
2010.05.07 08:11:27.974,0.9888,0.98925,1.00,1.00
2010.05.07 08:11:28.322,0.9888,0.98925,1.00,4.50
2010.05.07 08:11:29.072,0.98875,0.98925,8.40,4.40
2010.05.07 08:11:29.318,0.9888,0.98925,8.00,1.00
2010.05.07 08:11:29.661,0.98885,0.9892,4.00,1.00
2010.05.07 08:11:30.529,0.98885,0.98935,1.00,8.80
2010.05.07 08:11:31.940,0.98885,0.9893,1.00,1.00
2010.05.07 08:11:32.197,0.98885,0.9893,1.00,1.00
2010.05.07 08:11:32.429,0.98885,0.98935,8.60,8.60
2010.05.07 08:11:32.984,0.9889,0.98935,1.00,8.70
2010.05.07 08:11:33.271,0.9887,0.98915,4.40,1.00
2010.05.07 08:11:33.560,0.98875,0.98925,4.40,8.40
2010.05.07 08:11:34.337,0.98875,0.98925,1.00,8.80
2010.05.07 08:11:34.679,0.98875,0.9892,8.60,1.00
2010.05.07 08:11:35.018,0.98875,0.98925,8.60,1.00
2010.05.07 08:11:35.850,0.9888,0.9893,4.60,8.60
2010.05.07 08:11:36.189,0.9889,0.98935,1.00,1.00
2010.05.07 08:11:36.527,0.98885,0.98935,8.80,1.00
2010.05.07 08:11:36.868,0.9889,0.98935,1.00,1.00
2010.05.07 08:11:37.546,0.9889,0.98935,4.40,1.00
2010.05.07 08:11:37.736,0.989,0.98945,4.80,1.00
2010.05.07 08:11:38.058,0.989,0.98945,1.00,1.00
2010.05.07 08:11:38.378,0.989,0.98945,1.00,1.00
2010.05.07 08:11:39.379,0.989,0.9895,8.70,4.70
2010.05.07 08:11:39.719,0.98905,0.98955,1.00,8.40
2010.05.07 08:11:40.768,0.98905,0.9895,1.00,1.00
2010.05.07 08:11:42.288,0.989,0.9895,8.80,4.80
2010.05.07 08:11:42.468,0.989,0.9895,8.40,4.40
2010.05.07 08:11:42.647,0.98905,0.9895,4.00,1.00
2010.05.07 08:11:43.339,0.9891,0.9895,8.00,1.00
2010.05.07 08:11:43.679,0.9891,0.9896,8.70,1.00
2010.05.07 08:11:44.019,0.98915,0.9896,4.50,1.00
2010.05.07 08:11:44.721,0.98915,0.9896,4.00,1.00
2010.05.07 08:11:45.060,0.98905,0.98955,8.70,4.70
2010.05.07 08:11:45.890,0.98905,0.98955,4.70,8.70
2010.05.07 08:11:46.230,0.98905,0.98955,4.40,8.40
2010.05.07 08:11:48.149,0.98905,0.9894,1.00,4.00
2010.05.07 08:11:48.182,0.989,0.9894,8.00,1.00
2010.05.07 08:11:48.210,0.989,0.9894,8.00,1.00
2010.05.07 08:11:48.270,0.98895,0.9894,8.00,1.00
2010.05.07 08:11:49.081,0.9889,0.9894,8.70,1.00
2010.05.07 08:11:49.118,0.98895,0.9894,1.00,1.00
2010.05.07 08:11:49.459,0.98895,0.98945,1.00,8.80
2010.05.07 08:11:50.014,0.98895,0.98945,8.80,4.80
2010.05.07 08:11:50.363,0.989,0.98945,4.00,1.00
2010.05.07 08:11:50.651,0.98895,0.9893,1.00,8.00
2010.05.07 08:11:51.728,0.98895,0.9894,1.00,1.00
2010.05.07 08:11:52.674,0.98895,0.9894,4.40,1.00
2010.05.07 08:11:52.920,0.98895,0.98945,8.40,8.40
2010.05.07 08:11:53.167,0.989,0.98945,1.00,8.50
2010.05.07 08:11:53.417,0.989,0.98945,4.50,1.00
2010.05.07 08:11:54.628,0.989,0.9895,4.60,8.60
2010.05.07 08:11:55.310,0.98905,0.98955,4.70,8.70
2010.05.07 08:11:56.153,0.9891,0.9896,8.70,1.00
2010.05.07 08:11:56.547,0.9891,0.9896,8.50,1.00
2010.05.07 08:11:57.238,0.98915,0.9896,1.00,1.00
2010.05.07 08:11:57.438,0.98915,0.9896,1.00,4.80
2010.05.07 08:11:57.778,0.9891,0.9896,1.00,8.80
2010.05.07 08:11:58.719,0.98905,0.98955,8.40,1.00
2010.05.07 08:11:58.988,0.98905,0.98945,1.00,4.00
2010.05.07 08:11:59.258,0.9889,0.9894,8.80,4.80
2010.05.07 08:12:00.052,0.98895,0.98935,1.00,4.40
2010.05.07 08:12:00.389,0.98895,0.98935,1.00,4.70
2010.05.07 08:12:00.729,0.98895,0.98935,1.00,8.40
2010.05.07 08:12:01.713,0.98895,0.9894,1.00,8.40
2010.05.07 08:12:02.039,0.98895,0.98935,1.00,4.60
2010.05.07 08:12:02.238,0.9889,0.98935,3.40,8.60
2010.05.07 08:12:02.438,0.98895,0.98935,1.00,8.70
2010.05.07 08:12:03.151,0.98885,0.9893,8.00,1.00
2010.05.07 08:12:03.440,0.98885,0.98925,1.00,4.00
2010.05.07 08:12:03.728,0.98885,0.98925,1.00,8.00
2010.05.07 08:12:04.531,0.9888,0.9892,1.00,1.00
2010.05.07 08:12:04.871,0.9888,0.9892,1.00,8.70
2010.05.07 08:12:05.574,0.9888,0.9892,1.00,4.50
2010.05.07 08:12:05.920,0.9888,0.98925,1.00,8.40
2010.05.07 08:12:07.560,0.98885,0.98925,1.00,4.40
2010.05.07 08:12:07.819,0.9888,0.9892,3.10,4.00
2010.05.07 08:12:08.078,0.9888,0.98925,1.50,4.70
2010.05.07 08:12:08.597,0.98885,0.98925,1.00,4.70
2010.05.07 08:12:08.900,0.98885,0.9892,2.00,1.00
2010.05.07 08:12:10.048,0.9889,0.9893,1.00,1.00
2010.05.07 08:12:10.387,0.9889,0.98935,2.40,4.40
2010.05.07 08:12:12.108,0.989,0.98935,1.00,1.00
2010.05.07 08:12:12.469,0.989,0.9894,1.00,1.00
2010.05.07 08:12:13.022,0.989,0.9894,1.00,4.60
2010.05.07 08:12:13.339,0.98895,0.98935,2.40,1.00
2010.05.07 08:12:13.662,0.9891,0.9894,1.00,1.00
2010.05.07 08:12:13.979,0.98895,0.9894,1.00,4.70
2010.05.07 08:12:14.808,0.989,0.9894,8.00,1.00
2010.05.07 08:12:15.128,0.98905,0.98945,1.00,8.00
2010.05.07 08:12:15.448,0.989,0.9894,1.00,4.50
2010.05.07 08:12:15.979,0.989,0.9894,1.00,8.50
2010.05.07 08:12:16.309,0.9891,0.9894,1.00,1.00
2010.05.07 08:12:16.651,0.98915,0.9895,1.00,1.00
2010.05.07 08:12:17.564,0.9891,0.9895,1.00,8.50
2010.05.07 08:12:17.750,0.98905,0.98945,2.40,1.00
2010.05.07 08:12:18.091,0.98905,0.98945,1.00,4.40
2010.05.07 08:12:18.696,0.98905,0.98945,1.00,8.60
2010.05.07 08:12:19.043,0.9891,0.98945,1.00,1.00
2010.05.07 08:12:19.361,0.9891,0.98945,1.00,1.00
2010.05.07 08:12:19.680,0.9891,0.9895,1.00,8.40
2010.05.07 08:12:20.503,0.9891,0.98945,1.00,1.00
2010.05.07 08:12:20.820,0.98915,0.98955,2.00,8.60
2010.05.07 08:12:21.139,0.9891,0.98955,2.80,4.60
2010.05.07 08:12:21.834,0.9891,0.98955,2.60,4.60
2010.05.07 08:12:22.175,0.9892,0.9896,1.00,9.60
2010.05.07 08:12:22.521,0.9892,0.9896,1.00,4.40
2010.05.07 08:12:23.038,0.9892,0.9896,1.00,4.50
2010.05.07 08:12:23.292,0.98925,0.9896,1.00,1.00
2010.05.07 08:12:23.501,0.98925,0.98965,2.00,8.50
2010.05.07 08:12:23.710,0.98925,0.9896,2.70,1.00
2010.05.07 08:12:24.599,0.98915,0.9896,1.60,1.00
2010.05.07 08:12:24.938,0.98915,0.9896,1.00,1.00
2010.05.07 08:12:25.278,0.98915,0.98965,1.00,8.40
2010.05.07 08:12:25.618,0.98915,0.9896,1.00,1.00
2010.05.07 08:12:26.469,0.98915,0.9896,1.00,1.00
2010.05.07 08:12:26.578,0.98915,0.9896,1.00,1.00
2010.05.07 08:12:26.908,0.98915,0.9896,1.00,1.00
2010.05.07 08:12:27.530,0.98915,0.9896,4.40,1.00
2010.05.07 08:12:27.871,0.98915,0.98965,1.00,10.00
2010.05.07 08:12:28.208,0.98915,0.9896,1.00,1.00
2010.05.07 08:12:28.943,0.9893,0.9896,4.00,1.00
2010.05.07 08:12:29.159,0.98925,0.98965,12.00,1.00
2010.05.07 08:12:29.380,0.98925,0.9897,8.40,1.00
2010.05.07 08:12:30.987,0.98925,0.9897,8.50,1.00
2010.05.07 08:12:31.318,0.98935,0.9897,1.00,1.00
2010.05.07 08:12:32.099,0.98925,0.9897,4.70,1.00
2010.05.07 08:12:32.208,0.9893,0.9897,4.00,1.00
2010.05.07 08:12:33.029,0.9893,0.98975,1.00,8.00
2010.05.07 08:12:33.138,0.98925,0.98975,8.50,4.50
2010.05.07 08:12:33.477,0.98925,0.98975,8.50,8.50
2010.05.07 08:12:34.266,0.98925,0.9897,1.00,1.00
2010.05.07 08:12:34.598,0.98925,0.9897,1.00,1.00
2010.05.07 08:12:34.928,0.98925,0.9897,4.50,1.00
2010.05.07 08:12:35.802,0.98925,0.9897,4.40,4.40
2010.05.07 08:12:36.140,0.9892,0.9897,4.80,8.80
2010.05.07 08:12:36.479,0.9892,0.9897,9.20,1.00
2010.05.07 08:12:36.980,0.98925,0.9897,4.00,1.00
2010.05.07 08:12:37.321,0.9893,0.9898,4.60,8.60
2010.05.07 08:12:39.542,0.9893,0.98975,4.00,1.00
2010.05.07 08:12:39.778,0.98925,0.98975,8.40,8.40
2010.05.07 08:12:40.118,0.9893,0.98975,1.00,8.50
2010.05.07 08:12:40.997,0.98925,0.9897,1.00,1.00
2010.05.07 08:12:41.650,0.9893,0.98975,1.00,1.00
2010.05.07 08:12:42.369,0.98935,0.9898,1.00,1.00
2010.05.07 08:12:43.908,0.9894,0.9898,1.00,4.00
2010.05.07 08:12:44.229,0.98945,0.98985,4.60,1.60
2010.05.07 08:12:45.929,0.98945,0.98995,8.60,8.60
2010.05.07 08:12:46.047,0.98945,0.98995,4.60,8.60
2010.05.07 08:12:46.240,0.98945,0.98995,8.60,8.60
2010.05.07 08:12:46.808,0.98945,0.98995,1.00,8.70
2010.05.07 08:12:46.867,0.98945,0.9899,1.00,1.00
2010.05.07 08:12:47.267,0.98945,0.9899,1.00,1.00
2010.05.07 08:12:48.080,0.98935,0.98985,8.60,4.60
2010.05.07 08:12:50.019,0.98935,0.98985,8.40,8.40
2010.05.07 08:12:50.358,0.9894,0.9899,8.60,5.30
2010.05.07 08:12:50.687,0.9894,0.9899,8.40,5.30
2010.05.07 08:12:51.678,0.9894,0.9899,4.40,9.30
2010.05.07 08:12:52.428,0.9894,0.98985,1.00,1.00
2010.05.07 08:12:53.289,0.9894,0.98985,1.00,8.40
2010.05.07 08:12:53.569,0.9893,0.9898,4.80,8.80
2010.05.07 08:12:53.848,0.9893,0.9898,1.00,8.80
2010.05.07 08:12:54.120,0.9892,0.9897,8.40,1.00
2010.05.07 08:12:54.949,0.98925,0.98975,8.50,8.50
2010.05.07 08:12:55.288,0.98925,0.98975,4.40,8.40
2010.05.07 08:12:56.065,0.98925,0.9897,4.50,4.00
2010.05.07 08:12:56.311,0.98915,0.9896,4.00,1.00
2010.05.07 08:12:56.619,0.9891,0.9896,4.40,8.40
2010.05.07 08:12:57.438,0.9891,0.98955,1.00,1.00
2010.05.07 08:12:57.740,0.9891,0.9896,1.00,8.60
2010.05.07 08:12:58.029,0.9891,0.98955,1.00,4.00
2010.05.07 08:12:58.852,0.98905,0.98955,1.00,8.80
2010.05.07 08:12:59.150,0.98905,0.9895,8.60,1.00
2010.05.07 08:12:59.979,0.98905,0.9895,9.00,1.00
2010.05.07 08:13:00.322,0.9891,0.9896,1.00,4.00
2010.05.07 08:13:00.660,0.9891,0.9896,1.00,8.00
2010.05.07 08:13:01.461,0.989,0.98955,1.00,1.00
2010.05.07 08:13:01.791,0.98895,0.9895,2.30,1.00
2010.05.07 08:13:02.121,0.98895,0.9895,4.40,1.00
2010.05.07 08:13:02.952,0.98895,0.9895,8.40,1.00
2010.05.07 08:13:03.220,0.989,0.98955,1.00,1.00
2010.05.07 08:13:04.001,0.989,0.98955,1.00,1.00
2010.05.07 08:13:05.928,0.989,0.98955,1.00,1.00
2010.05.07 08:13:06.218,0.989,0.98955,1.00,1.00
2010.05.07 08:13:06.507,0.989,0.98955,1.00,1.00
2010.05.07 08:13:07.268,0.989,0.98955,2.00,1.00
2010.05.07 08:13:07.888,0.989,0.98955,2.40,1.00
2010.05.07 08:13:08.772,0.98895,0.9895,1.40,1.00
2010.05.07 08:13:09.110,0.989,0.98955,1.00,8.40
2010.05.07 08:13:10.168,0.98895,0.9895,1.00,1.00
2010.05.07 08:13:10.508,0.98895,0.9895,1.00,1.00
2010.05.07 08:13:10.848,0.98895,0.9895,1.00,1.00
2010.05.07 08:13:11.700,0.989,0.9895,1.00,1.00
2010.05.07 08:13:12.368,0.989,0.98955,1.00,1.00
2010.05.07 08:13:13.189,0.98895,0.9895,1.00,1.00
2010.05.07 08:13:13.419,0.98905,0.9895,4.00,1.00
2010.05.07 08:13:13.638,0.989,0.9895,1.00,1.00
2010.05.07 08:13:14.188,0.98895,0.9895,6.70,1.00
2010.05.07 08:13:14.392,0.989,0.98955,4.80,1.00
2010.05.07 08:13:14.729,0.989,0.98955,4.40,1.00
2010.05.07 08:13:15.560,0.98905,0.9896,8.70,1.00
2010.05.07 08:13:15.900,0.9891,0.98965,1.00,8.60
2010.05.07 08:13:16.238,0.98905,0.9896,1.00,1.00
2010.05.07 08:13:16.580,0.98905,0.9896,4.60,1.00
2010.05.07 08:13:17.419,0.98905,0.98965,1.00,8.60
2010.05.07 08:13:18.339,0.98915,0.9897,1.00,8.60
2010.05.07 08:13:18.578,0.98915,0.98965,1.00,8.00
2010.05.07 08:13:18.818,0.9891,0.9896,1.00,8.00
2010.05.07 08:13:19.350,0.98905,0.9896,1.00,8.70
2010.05.07 08:13:19.689,0.9889,0.98945,1.00,1.00
2010.05.07 08:13:21.250,0.98885,0.98945,5.20,1.00
2010.05.07 08:13:21.589,0.98885,0.98945,9.20,1.00
2010.05.07 08:13:22.655,0.98885,0.9894,4.40,1.00
2010.05.07 08:13:22.990,0.98885,0.9894,1.00,1.00
2010.05.07 08:13:23.512,0.98885,0.9894,4.80,1.00
2010.05.07 08:13:23.841,0.9889,0.98945,1.00,8.40
2010.05.07 08:13:24.148,0.98885,0.9894,1.00,1.00
2010.05.07 08:13:24.458,0.98885,0.9894,4.40,1.00
2010.05.07 08:13:24.973,0.98885,0.9894,1.00,1.00
2010.05.07 08:13:25.278,0.98885,0.98935,1.00,1.00
2010.05.07 08:13:25.618,0.9889,0.98935,1.00,1.00
2010.05.07 08:13:25.958,0.989,0.9894,8.00,1.00
2010.05.07 08:13:26.546,0.989,0.98955,8.70,1.00
2010.05.07 08:13:26.894,0.98915,0.98965,1.00,8.00
2010.05.07 08:13:27.240,0.98915,0.98965,1.00,8.00
2010.05.07 08:13:27.976,0.989,0.9896,4.40,1.00
2010.05.07 08:13:28.229,0.98905,0.9896,1.00,1.00
2010.05.07 08:13:28.458,0.98905,0.9896,1.00,8.80
2010.05.07 08:13:28.679,0.98905,0.9896,1.00,8.50
2010.05.07 08:13:29.472,0.989,0.98955,1.00,1.00
2010.05.07 08:13:31.689,0.9891,0.98965,1.00,1.00
2010.05.07 08:13:34.529,0.989,0.9896,1.00,4.50
2010.05.07 08:13:35.588,0.989,0.9896,4.50,4.50
2010.05.07 08:13:35.867,0.9891,0.9896,1.00,1.00
2010.05.07 08:13:39.440,0.9891,0.9896,4.40,1.00
2010.05.07 08:13:39.780,0.9891,0.9897,4.60,1.00
2010.05.07 08:13:42.672,0.9891,0.9897,4.60,2.20
2010.05.07 08:13:42.969,0.9891,0.9897,4.60,1.00
2010.05.07 08:13:43.956,0.9891,0.9897,8.60,1.00
2010.05.07 08:13:44.192,0.9891,0.98965,1.00,2.80
2010.05.07 08:13:45.488,0.98905,0.9896,8.40,1.00
2010.05.07 08:13:45.828,0.98905,0.9896,1.00,1.00
2010.05.07 08:13:46.167,0.9891,0.98965,1.00,10.80
2010.05.07 08:13:46.508,0.98905,0.98965,1.00,10.40
2010.05.07 08:13:47.361,0.989,0.98955,1.00,1.00
2010.05.07 08:13:47.529,0.989,0.98955,1.00,1.00
2010.05.07 08:13:47.857,0.989,0.98955,1.00,1.00
2010.05.07 08:13:48.021,0.98895,0.9895,4.80,1.00
2010.05.07 08:13:48.681,0.9889,0.98945,1.00,1.00
2010.05.07 08:13:49.259,0.98885,0.98945,1.00,8.60
2010.05.07 08:13:49.548,0.98885,0.9894,1.00,1.00
2010.05.07 08:13:50.763,0.98885,0.9894,1.00,1.00
2010.05.07 08:13:50.790,0.98885,0.9894,1.00,8.40
2010.05.07 08:13:50.828,0.9888,0.9894,1.20,8.80
2010.05.07 08:13:51.670,0.98895,0.9895,1.00,8.60
2010.05.07 08:13:51.757,0.98895,0.9895,1.00,4.60
2010.05.07 08:13:52.098,0.98895,0.98955,8.70,1.00
2010.05.07 08:13:52.939,0.98895,0.9895,1.00,1.00
2010.05.07 08:13:53.779,0.9889,0.98945,1.00,1.00
2010.05.07 08:13:53.988,0.98885,0.9894,4.80,1.00
2010.05.07 08:13:54.819,0.98885,0.9894,8.40,1.00
2010.05.07 08:13:55.161,0.9889,0.98945,8.40,1.00
2010.05.07 08:13:56.358,0.98895,0.98955,1.00,4.40
2010.05.07 08:13:57.869,0.98895,0.98955,8.40,1.00
2010.05.07 08:13:58.090,0.989,0.98955,1.00,1.00
2010.05.07 08:13:58.689,0.989,0.9896,1.00,1.00
2010.05.07 08:14:01.651,0.989,0.9896,4.80,1.00
2010.05.07 08:14:01.871,0.9891,0.98965,1.00,1.00
2010.05.07 08:14:02.089,0.9891,0.9897,1.00,4.40
2010.05.07 08:14:02.309,0.9891,0.98965,1.00,1.00
2010.05.07 08:14:03.040,0.98915,0.9897,1.00,8.70
2010.05.07 08:14:03.392,0.989,0.98955,1.00,1.00
2010.05.07 08:14:03.730,0.98905,0.9896,1.00,1.00
2010.05.07 08:14:04.557,0.98905,0.9896,1.00,1.80
2010.05.07 08:14:04.762,0.989,0.98955,1.00,1.00
2010.05.07 08:14:05.438,0.989,0.98955,4.80,1.00
2010.05.07 08:14:05.954,0.989,0.98955,8.80,1.00
2010.05.07 08:14:06.241,0.98905,0.98965,1.00,1.00
2010.05.07 08:14:06.530,0.98905,0.98965,1.00,4.80
2010.05.07 08:14:06.819,0.9891,0.98965,8.70,1.00
2010.05.07 08:14:07.366,0.98915,0.98975,1.00,8.50
2010.05.07 08:14:07.651,0.98905,0.98965,8.80,1.00
2010.05.07 08:14:07.930,0.98885,0.9894,2.70,1.00
2010.05.07 08:14:08.209,0.98885,0.9894,1.10,1.00
2010.05.07 08:14:08.489,0.9889,0.98945,1.00,8.60
2010.05.07 08:14:09.309,0.98885,0.9894,8.40,1.00
2010.05.07 08:14:09.598,0.9889,0.9895,1.00,4.70
2010.05.07 08:14:09.878,0.9889,0.98945,1.00,1.00
2010.05.07 08:14:10.157,0.9889,0.98945,4.70,1.00
2010.05.07 08:14:10.727,0.98895,0.9895,1.00,1.00
2010.05.07 08:14:11.010,0.98895,0.9895,1.20,1.00
2010.05.07 08:14:11.648,0.98895,0.9895,1.10,1.00
2010.05.07 08:14:11.968,0.98895,0.9895,1.00,1.00
2010.05.07 08:14:12.918,0.98895,0.98945,1.40,1.00
2010.05.07 08:14:13.407,0.98895,0.98945,1.80,1.00
2010.05.07 08:14:14.070,0.989,0.98945,1.60,1.00
2010.05.07 08:14:14.291,0.989,0.98955,4.00,1.00
2010.05.07 08:14:14.512,0.98895,0.98955,1.00,1.00
2010.05.07 08:14:14.728,0.98895,0.98955,1.00,4.40
2010.05.07 08:14:15.729,0.989,0.98945,1.00,4.00
2010.05.07 08:14:16.068,0.989,0.98945,1.00,8.00
2010.05.07 08:14:16.408,0.98885,0.9894,1.00,1.00
2010.05.07 08:14:16.748,0.98885,0.98945,9.10,1.00
2010.05.07 08:14:17.600,0.9889,0.9894,1.00,1.00
2010.05.07 08:14:18.110,0.98885,0.9894,1.00,1.00
2010.05.07 08:14:18.620,0.98885,0.9894,4.90,1.00
2010.05.07 08:14:19.319,0.98885,0.9894,4.80,1.00
2010.05.07 08:14:19.548,0.98885,0.9894,1.00,1.00
2010.05.07 08:14:20.220,0.9889,0.9894,4.60,1.00
2010.05.07 08:14:20.561,0.98895,0.98955,4.50,4.50
2010.05.07 08:14:20.899,0.98895,0.9895,1.00,1.00
2010.05.07 08:14:21.238,0.98895,0.9895,1.00,1.00
2010.05.07 08:14:22.570,0.98895,0.9895,1.00,1.00
2010.05.07 08:14:23.404,0.9889,0.98945,6.00,1.00
2010.05.07 08:14:23.740,0.989,0.98955,1.00,1.00
2010.05.07 08:14:25.249,0.989,0.98955,1.00,8.70
2010.05.07 08:14:25.589,0.989,0.9895,1.00,4.00
2010.05.07 08:14:26.349,0.9889,0.9895,1.20,8.80
2010.05.07 08:14:26.591,0.98895,0.98945,1.00,1.00
2010.05.07 08:14:27.155,0.98895,0.98945,1.00,4.40
2010.05.07 08:14:27.500,0.98885,0.9894,1.00,1.00
2010.05.07 08:14:28.307,0.9889,0.98945,1.00,8.80
2010.05.07 08:14:28.919,0.989,0.98945,1.00,1.00
2010.05.07 08:14:29.081,0.9892,0.98975,4.60,1.00
2010.05.07 08:14:30.119,0.98925,0.98985,8.40,1.00
2010.05.07 08:14:30.459,0.9893,0.98985,1.00,1.00
2010.05.07 08:14:30.798,0.98935,0.9899,1.00,2.20
2010.05.07 08:14:31.509,0.98935,0.9898,1.00,1.60
2010.05.07 08:14:31.850,0.9893,0.98985,1.00,8.00
2010.05.07 08:14:32.189,0.9892,0.98975,1.00,8.80
2010.05.07 08:14:32.348,0.9892,0.98975,1.00,4.80
2010.05.07 08:14:32.899,0.9892,0.98975,1.00,1.00
2010.05.07 08:14:33.065,0.98915,0.9897,1.00,4.40
2010.05.07 08:14:33.218,0.9891,0.9897,1.00,4.60
2010.05.07 08:14:34.538,0.98915,0.9897,4.00,1.00
2010.05.07 08:14:34.759,0.9892,0.98975,1.00,1.00
2010.05.07 08:14:34.988,0.9892,0.9898,1.00,4.50
2010.05.07 08:14:35.207,0.9892,0.9898,1.00,8.50
2010.05.07 08:14:35.428,0.9892,0.98975,1.00,1.00
2010.05.07 08:14:36.178,0.9892,0.98975,1.00,1.00
2010.05.07 08:14:36.448,0.9892,0.98975,1.00,8.00
2010.05.07 08:14:36.718,0.98915,0.98965,1.00,1.00
2010.05.07 08:14:36.989,0.98915,0.98965,1.00,1.60
2010.05.07 08:14:37.258,0.9891,0.98965,1.00,1.00
2010.05.07 08:14:38.178,0.98905,0.9896,1.00,1.00
2010.05.07 08:14:39.729,0.98905,0.9896,1.00,1.00
2010.05.07 08:14:40.008,0.98905,0.98955,1.00,1.00
2010.05.07 08:14:41.189,0.98905,0.9896,1.00,1.00
2010.05.07 08:14:41.528,0.98905,0.9896,1.00,8.70
2010.05.07 08:14:41.870,0.98895,0.9895,1.00,1.00
2010.05.07 08:14:42.732,0.98905,0.9896,1.00,1.00
2010.05.07 08:14:43.009,0.98905,0.98955,1.00,1.60
2010.05.07 08:14:43.288,0.98895,0.9895,4.40,1.00
2010.05.07 08:14:43.568,0.98895,0.98955,4.40,1.00
2010.05.07 08:14:44.288,0.98905,0.98955,8.00,1.00
2010.05.07 08:14:44.562,0.9891,0.98965,1.00,1.00
2010.05.07 08:14:45.498,0.98915,0.9897,1.00,4.00
2010.05.07 08:14:46.247,0.9892,0.9897,1.00,1.00
2010.05.07 08:14:46.288,0.9892,0.98965,1.00,1.60
2010.05.07 08:14:46.348,0.9892,0.98975,1.00,1.00
2010.05.07 08:14:46.379,0.98905,0.9896,1.00,1.00
2010.05.07 08:14:46.914,0.98905,0.9896,1.00,1.00
2010.05.07 08:14:47.262,0.98915,0.9897,1.00,4.60
2010.05.07 08:14:47.601,0.9891,0.98965,4.40,1.00
2010.05.07 08:14:48.196,0.98915,0.9897,4.70,1.00
2010.05.07 08:14:48.467,0.9892,0.9897,1.00,1.60
2010.05.07 08:14:48.729,0.98915,0.9897,1.00,2.40
2010.05.07 08:14:49.810,0.989,0.9896,1.00,1.00
2010.05.07 08:14:50.148,0.98905,0.9896,1.00,1.00
2010.05.07 08:14:50.492,0.9891,0.98965,1.00,2.10
2010.05.07 08:14:50.829,0.98915,0.98965,4.40,1.00
2010.05.07 08:14:51.356,0.98915,0.98965,1.00,1.00
2010.05.07 08:14:51.701,0.9891,0.9897,4.40,4.40
2010.05.07 08:14:51.948,0.9891,0.98965,1.00,8.00
2010.05.07 08:14:52.200,0.9891,0.98965,10.40,1.00
2010.05.07 08:14:53.051,0.9892,0.98975,1.00,1.70
2010.05.07 08:14:53.368,0.9892,0.98975,1.00,1.00
2010.05.07 08:14:53.689,0.9892,0.98975,1.00,1.00
2010.05.07 08:14:54.429,0.9893,0.98985,1.00,1.00
2010.05.07 08:14:54.888,0.98925,0.9898,8.50,1.00
2010.05.07 08:14:55.119,0.98925,0.9898,1.00,8.50
2010.05.07 08:14:55.869,0.98915,0.98975,8.40,1.00
2010.05.07 08:14:56.208,0.98925,0.9898,1.00,1.00
2010.05.07 08:14:56.550,0.9892,0.9898,4.40,4.40
2010.05.07 08:14:56.888,0.9892,0.98975,1.00,1.00
2010.05.07 08:14:57.207,0.9892,0.98975,1.00,1.00
2010.05.07 08:14:57.848,0.9892,0.98975,8.80,1.00
2010.05.07 08:14:58.170,0.9892,0.98975,1.00,1.00
2010.05.07 08:14:59.759,0.9892,0.9898,11.20,1.00
2010.05.07 08:15:00.080,0.98925,0.9898,1.00,1.00
2010.05.07 08:15:01.218,0.9892,0.9898,4.40,1.00
2010.05.07 08:15:01.527,0.98925,0.98975,1.00,1.00
2010.05.07 08:15:02.539,0.9892,0.9898,1.00,8.60
2010.05.07 08:15:02.880,0.9892,0.98975,1.00,1.00
2010.05.07 08:15:03.842,0.9891,0.9897,1.00,4.40
2010.05.07 08:15:04.047,0.9891,0.98965,1.00,1.00
2010.05.07 08:15:04.728,0.9891,0.98965,2.80,1.00
2010.05.07 08:15:05.234,0.9891,0.98965,6.80,1.00
2010.05.07 08:15:05.510,0.9892,0.98975,1.00,8.40
2010.05.07 08:15:05.789,0.9892,0.98975,1.00,1.00
2010.05.07 08:15:06.902,0.9892,0.98975,1.00,4.40
2010.05.07 08:15:07.241,0.98915,0.9897,1.00,1.00
2010.05.07 08:15:08.631,0.98915,0.9897,1.00,2.00
2010.05.07 08:15:09.915,0.98915,0.9897,1.00,4.50
2010.05.07 08:15:10.261,0.98915,0.9897,1.00,8.50
2010.05.07 08:15:10.600,0.9891,0.98965,1.00,1.00
2010.05.07 08:15:11.455,0.9891,0.9897,1.00,4.80
2010.05.07 08:15:11.799,0.9891,0.98965,1.90,1.00
2010.05.07 08:15:12.139,0.9891,0.98965,4.80,1.00
2010.05.07 08:15:12.449,0.9891,0.98965,1.00,1.00
2010.05.07 08:15:13.290,0.9891,0.98965,1.00,1.00
2010.05.07 08:15:15.249,0.98915,0.9897,1.60,1.00
2010.05.07 08:15:15.549,0.9892,0.9897,8.60,1.00
2010.05.07 08:15:16.187,0.9892,0.98965,1.00,8.00
2010.05.07 08:15:16.524,0.98915,0.98965,8.70,1.00
2010.05.07 08:15:16.858,0.9892,0.98965,8.00,1.00
2010.05.07 08:15:17.199,0.98925,0.9897,1.00,8.70
2010.05.07 08:15:17.697,0.98925,0.9897,4.70,4.70
2010.05.07 08:15:18.038,0.9892,0.9897,4.40,4.40
2010.05.07 08:15:18.208,0.9892,0.9897,8.40,1.00
2010.05.07 08:15:19.099,0.9892,0.98965,8.00,1.00
2010.05.07 08:15:19.439,0.9892,0.98965,8.00,1.00
2010.05.07 08:15:20.320,0.9893,0.9897,8.00,1.00
2010.05.07 08:15:20.658,0.9893,0.98975,8.00,1.00
2010.05.07 08:15:21.231,0.98935,0.98975,8.00,1.00
2010.05.07 08:15:21.584,0.98935,0.98985,4.70,8.70
2010.05.07 08:15:22.448,0.98935,0.98985,8.70,4.70
2010.05.07 08:15:22.784,0.98935,0.98985,8.80,1.00
2010.05.07 08:15:23.110,0.98935,0.98985,9.20,1.00
2010.05.07 08:15:23.650,0.98935,0.98985,13.20,1.00
2010.05.07 08:15:23.994,0.98945,0.98995,8.60,4.60
2010.05.07 08:15:24.330,0.98945,0.98995,8.80,1.00
2010.05.07 08:15:24.670,0.9895,0.98995,4.80,1.00
2010.05.07 08:15:25.532,0.9895,0.98995,1.00,1.00
2010.05.07 08:15:26.429,0.9895,0.99,4.40,8.40
2010.05.07 08:15:27.819,0.9896,0.99005,8.50,1.00
2010.05.07 08:15:28.523,0.9896,0.99005,4.50,1.00
2010.05.07 08:15:28.696,0.9896,0.99,1.00,4.00
2010.05.07 08:15:29.019,0.9895,0.98995,8.40,1.00
2010.05.07 08:15:29.341,0.9895,0.9899,1.00,4.00
2010.05.07 08:15:29.867,0.9894,0.9899,10.90,4.50
2010.05.07 08:15:30.210,0.98955,0.98995,1.00,1.40
2010.05.07 08:15:30.551,0.9895,0.98995,8.50,2.00
2010.05.07 08:15:30.888,0.9895,0.98995,4.50,2.00
2010.05.07 08:15:31.445,0.9895,0.98995,4.40,1.00
2010.05.07 08:15:31.794,0.98955,0.99,4.60,1.00
2010.05.07 08:15:32.131,0.9896,0.99005,4.00,1.00
2010.05.07 08:15:32.381,0.9896,0.9901,8.70,4.70
2010.05.07 08:15:33.141,0.9897,0.9902,4.70,8.70
2010.05.07 08:15:33.482,0.9897,0.99015,1.00,4.80
2010.05.07 08:15:34.342,0.9897,0.99015,4.80,1.00
2010.05.07 08:15:34.581,0.98975,0.99025,1.00,8.80
2010.05.07 08:15:35.060,0.98975,0.9902,4.50,1.00
2010.05.07 08:15:35.903,0.98975,0.99025,8.50,1.00
2010.05.07 08:15:36.238,0.98975,0.99025,8.70,1.00
2010.05.07 08:15:36.580,0.98965,0.9901,6.00,1.00
2010.05.07 08:15:37.134,0.98965,0.9901,4.40,1.00
2010.05.07 08:15:37.472,0.9898,0.9902,1.00,4.00
2010.05.07 08:15:37.809,0.9896,0.99015,1.00,1.00
2010.05.07 08:15:38.845,0.9897,0.99025,8.40,1.00
2010.05.07 08:15:39.018,0.9897,0.99025,1.00,1.00
2010.05.07 08:15:39.189,0.9897,0.9902,1.00,4.00
2010.05.07 08:15:39.369,0.98975,0.9902,1.00,8.00
2010.05.07 08:15:40.061,0.98965,0.9902,8.70,1.00
2010.05.07 08:15:40.745,0.98975,0.9903,1.00,1.00
2010.05.07 08:15:41.930,0.98975,0.99035,1.00,4.50
2010.05.07 08:15:42.032,0.98975,0.9903,8.50,8.00
2010.05.07 08:15:42.121,0.9898,0.9903,4.00,8.40
2010.05.07 08:15:42.208,0.9898,0.99025,4.80,1.00
2010.05.07 08:15:42.288,0.9898,0.99025,1.00,1.00
2010.05.07 08:15:42.369,0.9898,0.9903,1.00,8.50
2010.05.07 08:15:43.044,0.9898,0.9903,4.50,8.50
2010.05.07 08:15:43.390,0.98985,0.9903,4.00,4.50
2010.05.07 08:15:43.729,0.9898,0.9903,4.70,8.70
2010.05.07 08:15:44.892,0.98985,0.9903,4.00,4.70
2010.05.07 08:15:45.231,0.9898,0.9903,4.60,8.60
2010.05.07 08:15:46.418,0.98985,0.9903,8.00,1.00
2010.05.07 08:15:47.359,0.9899,0.9904,4.80,8.80
2010.05.07 08:15:48.980,0.98995,0.99045,8.40,4.40
2010.05.07 08:15:49.178,0.99,0.99045,4.00,1.00
2010.05.07 08:15:49.368,0.99,0.99045,4.80,1.00
2010.05.07 08:15:50.110,0.9901,0.9906,4.40,8.40
2010.05.07 08:15:50.449,0.9901,0.99055,4.60,1.60
2010.05.07 08:15:50.789,0.9901,0.99055,1.00,2.20
2010.05.07 08:15:51.614,0.99015,0.99055,4.00,1.00
2010.05.07 08:15:51.971,0.99025,0.9907,8.60,1.60
2010.05.07 08:15:52.198,0.9903,0.9908,4.00,1.00
2010.05.07 08:15:52.639,0.99025,0.9908,8.40,1.00
2010.05.07 08:15:54.349,0.99025,0.9907,8.40,1.60
2010.05.07 08:15:54.589,0.9903,0.9908,4.00,1.00
2010.05.07 08:15:55.330,0.9903,0.9908,4.80,1.00
2010.05.07 08:15:57.239,0.99045,0.99095,4.00,1.20
2010.05.07 08:15:57.561,0.99045,0.9909,8.00,1.00
2010.05.07 08:15:58.215,0.9904,0.9909,4.50,1.00
2010.05.07 08:15:58.522,0.99035,0.9909,8.80,1.00
2010.05.07 08:15:59.565,0.99035,0.99085,8.50,1.00
2010.05.07 08:15:59.911,0.9905,0.9909,8.00,1.00
2010.05.07 08:16:00.249,0.99055,0.9909,8.00,1.00
2010.05.07 08:16:00.805,0.99035,0.9909,8.40,1.00
2010.05.07 08:16:01.158,0.99055,0.99075,1.00,8.00
2010.05.07 08:16:01.505,0.9904,0.9907,1.00,8.00
2010.05.07 08:16:02.382,0.9901,0.99055,1.00,4.00
2010.05.07 08:16:02.722,0.9901,0.99055,1.00,8.40
2010.05.07 08:16:03.554,0.9901,0.99055,1.00,8.60
2010.05.07 08:16:03.888,0.99015,0.99055,8.00,1.00
2010.05.07 08:16:04.229,0.9902,0.9907,1.00,1.00
2010.05.07 08:16:05.083,0.99015,0.99065,8.00,1.00
2010.05.07 08:16:05.370,0.9902,0.9907,8.40,1.00
2010.05.07 08:16:05.708,0.9902,0.9907,1.00,1.00
2010.05.07 08:16:06.515,0.9901,0.9906,8.50,1.00
2010.05.07 08:16:06.780,0.9901,0.99065,4.40,1.00
2010.05.07 08:16:07.040,0.9901,0.9906,1.00,1.00
2010.05.07 08:16:07.803,0.99015,0.99065,4.00,1.00
2010.05.07 08:16:08.110,0.9901,0.9906,8.80,1.00
2010.05.07 08:16:09.394,0.99005,0.9905,8.00,1.00
2010.05.07 08:16:09.665,0.9901,0.99055,1.00,8.60
2010.05.07 08:16:10.698,0.9901,0.99055,1.00,9.00
2010.05.07 08:16:11.041,0.99,0.99045,4.00,1.00
2010.05.07 08:16:11.379,0.99005,0.99045,8.00,1.00
2010.05.07 08:16:12.229,0.99005,0.99055,8.80,4.80
2010.05.07 08:16:12.572,0.99,0.99055,8.40,1.00
2010.05.07 08:16:13.951,0.99005,0.9906,8.70,1.00
2010.05.07 08:16:15.342,0.9901,0.99065,1.00,1.00
2010.05.07 08:16:15.679,0.99005,0.9906,8.70,1.00
2010.05.07 08:16:16.020,0.9901,0.99065,8.60,1.00
2010.05.07 08:16:16.698,0.9901,0.9906,8.40,1.00
2010.05.07 08:16:17.041,0.9901,0.9906,8.60,1.00
2010.05.07 08:16:17.378,0.9901,0.9906,4.60,8.60
2010.05.07 08:16:17.720,0.9901,0.99055,4.80,1.00
2010.05.07 08:16:18.682,0.9901,0.9906,1.00,8.40
2010.05.07 08:16:19.370,0.9901,0.9905,4.00,1.00
2010.05.07 08:16:19.505,0.9901,0.9905,1.00,4.00
2010.05.07 08:16:19.852,0.99005,0.9905,8.00,1.00
2010.05.07 08:16:20.694,0.99015,0.99055,4.00,1.00
2010.05.07 08:16:21.030,0.99015,0.9906,8.80,1.00
2010.05.07 08:16:21.369,0.9902,0.9906,8.00,1.00
2010.05.07 08:16:21.923,0.9902,0.9907,4.40,4.40
2010.05.07 08:16:22.265,0.99015,0.9906,1.00,4.00
2010.05.07 08:16:22.609,0.9901,0.9906,4.70,8.70
2010.05.07 08:16:22.950,0.9901,0.99055,1.00,4.00
2010.05.07 08:16:23.760,0.99005,0.99055,4.60,1.00
2010.05.07 08:16:24.078,0.99005,0.9906,1.00,4.60
2010.05.07 08:16:25.220,0.99,0.99055,1.00,8.00
2010.05.07 08:16:25.559,0.98995,0.99045,8.00,1.00
2010.05.07 08:16:26.402,0.99,0.99055,8.00,1.00
2010.05.07 08:16:27.009,0.99005,0.9906,1.00,8.60
2010.05.07 08:16:27.851,0.99,0.99055,1.00,1.00
2010.05.07 08:16:28.160,0.99005,0.99065,1.00,1.00
2010.05.07 08:16:28.470,0.9901,0.99065,1.00,8.60
2010.05.07 08:16:29.041,0.99005,0.9906,4.40,1.00
2010.05.07 08:16:29.352,0.9902,0.99065,8.00,1.00
2010.05.07 08:16:29.619,0.99025,0.99065,4.00,1.00
2010.05.07 08:16:29.889,0.9902,0.9907,4.50,8.50
2010.05.07 08:16:30.649,0.99025,0.9908,1.00,1.00
2010.05.07 08:16:31.000,0.99025,0.9908,1.00,1.00
2010.05.07 08:16:32.578,0.9902,0.9908,1.00,4.60
2010.05.07 08:16:32.944,0.9902,0.99075,1.00,4.00
2010.05.07 08:16:33.522,0.99015,0.9907,1.00,1.00
2010.05.07 08:16:33.860,0.99015,0.99075,1.00,4.50
2010.05.07 08:16:34.208,0.99015,0.9907,1.00,1.00
2010.05.07 08:16:34.548,0.99015,0.9907,4.40,1.00
2010.05.07 08:16:35.409,0.9902,0.99065,1.00,4.70
2010.05.07 08:16:35.748,0.9902,0.99065,1.00,1.00
2010.05.07 08:16:36.215,0.9902,0.9907,1.00,8.60
2010.05.07 08:16:36.963,0.9903,0.99075,1.00,1.00
2010.05.07 08:16:37.235,0.9902,0.9907,8.40,1.00
2010.05.07 08:16:38.478,0.99025,0.9907,4.40,1.00
2010.05.07 08:16:39.158,0.9903,0.99075,1.00,4.60
2010.05.07 08:16:40.114,0.99025,0.99075,8.60,8.60
2010.05.07 08:16:40.452,0.99025,0.99075,1.00,8.40
2010.05.07 08:16:40.768,0.99025,0.99075,4.40,8.40
2010.05.07 08:16:41.660,0.99025,0.99075,8.60,4.60
2010.05.07 08:16:42.100,0.99025,0.99075,4.60,8.60
2010.05.07 08:16:42.970,0.9903,0.99075,1.00,1.00
2010.05.07 08:16:44.785,0.9903,0.9908,1.00,8.40
2010.05.07 08:16:45.249,0.9903,0.99075,1.00,1.00
2010.05.07 08:16:45.479,0.9903,0.99075,1.00,8.00
2010.05.07 08:16:46.268,0.99015,0.9906,1.00,1.00
2010.05.07 08:16:46.869,0.99015,0.99065,1.00,8.40
2010.05.07 08:16:48.181,0.9902,0.99065,1.00,10.00
2010.05.07 08:16:48.318,0.9902,0.99065,1.00,2.00
2010.05.07 08:16:50.649,0.99025,0.9907,4.00,2.40
2010.05.07 08:16:50.808,0.9902,0.9907,8.80,2.40
2010.05.07 08:16:50.968,0.99025,0.9907,1.00,2.30
2010.05.07 08:16:51.288,0.99025,0.9907,4.70,2.30
2010.05.07 08:16:52.144,0.9902,0.9907,8.80,2.40
2010.05.07 08:16:52.470,0.99025,0.9906,1.00,4.00
2010.05.07 08:16:52.798,0.99015,0.99065,1.00,8.60
2010.05.07 08:16:53.681,0.99015,0.99065,4.40,8.40
2010.05.07 08:16:54.021,0.99015,0.99065,1.00,8.40
2010.05.07 08:16:54.399,0.99015,0.9906,1.00,4.00
2010.05.07 08:16:54.588,0.99015,0.9906,1.00,1.00
2010.05.07 08:16:55.462,0.9901,0.99055,4.50,1.00
2010.05.07 08:16:55.801,0.9901,0.9906,4.40,8.40
2010.05.07 08:16:56.141,0.99015,0.99065,8.70,8.70
2010.05.07 08:16:57.299,0.9902,0.9907,4.70,8.70
2010.05.07 08:16:58.818,0.99025,0.9907,1.00,8.40
2010.05.07 08:16:59.038,0.99025,0.9907,1.00,1.00
2010.05.07 08:17:00.949,0.99025,0.99065,1.00,4.00
2010.05.07 08:17:01.290,0.9903,0.99075,1.00,1.00
2010.05.07 08:17:01.449,0.9902,0.9907,8.50,1.00
2010.05.07 08:17:01.609,0.9902,0.99065,1.00,4.60
2010.05.07 08:17:01.768,0.9902,0.99065,1.00,1.00
2010.05.07 08:17:02.089,0.9902,0.99075,1.00,4.80
2010.05.07 08:17:03.013,0.99015,0.9907,1.00,1.00
2010.05.07 08:17:03.393,0.99015,0.9907,1.00,1.00
2010.05.07 08:17:03.468,0.99015,0.9907,1.00,1.00
2010.05.07 08:17:04.017,0.9901,0.9907,4.70,1.00
2010.05.07 08:17:04.358,0.99015,0.9907,1.00,1.00
2010.05.07 08:17:04.698,0.99015,0.9907,1.00,1.00
2010.05.07 08:17:05.618,0.99015,0.9907,1.00,1.00
2010.05.07 08:17:06.410,0.9901,0.99065,1.00,1.00
2010.05.07 08:17:06.868,0.99015,0.99065,1.00,1.00
2010.05.07 08:17:07.416,0.99025,0.99065,4.00,1.00
2010.05.07 08:17:07.763,0.9903,0.99075,1.00,1.00
2010.05.07 08:17:08.101,0.9903,0.99075,1.00,1.00
2010.05.07 08:17:08.757,0.9903,0.99075,8.50,1.00
2010.05.07 08:17:09.100,0.99035,0.9908,8.40,1.00
2010.05.07 08:17:09.438,0.9904,0.99085,1.00,1.00
2010.05.07 08:17:09.778,0.9904,0.9908,1.00,8.00
2010.05.07 08:17:10.632,0.99035,0.99085,4.40,8.40
2010.05.07 08:17:13.769,0.99035,0.99085,1.00,8.40
2010.05.07 08:17:14.099,0.99035,0.99085,4.70,8.70
2010.05.07 08:17:16.258,0.99035,0.99085,1.00,8.70
2010.05.07 08:17:17.840,0.99035,0.9908,1.00,8.00
2010.05.07 08:17:17.957,0.9903,0.9908,1.00,8.70
2010.05.07 08:17:18.880,0.9903,0.99075,1.00,8.00
2010.05.07 08:17:19.179,0.99025,0.99075,4.40,8.40
2010.05.07 08:17:19.468,0.99025,0.9907,1.00,8.00
2010.05.07 08:17:20.290,0.99025,0.9907,1.00,4.00
2010.05.07 08:17:20.628,0.99025,0.9907,1.00,1.00
2010.05.07 08:17:20.968,0.99025,0.9907,1.00,1.00
2010.05.07 08:17:21.917,0.9902,0.9907,8.40,1.00
2010.05.07 08:17:22.257,0.9902,0.9907,8.40,4.40
2010.05.07 08:17:23.200,0.9902,0.9907,8.40,1.00
2010.05.07 08:17:23.311,0.9903,0.9908,1.00,8.50
2010.05.07 08:17:23.718,0.9903,0.99075,1.00,8.80
2010.05.07 08:17:24.418,0.99025,0.99075,8.80,8.80
2010.05.07 08:17:24.780,0.99025,0.9907,4.50,1.00
2010.05.07 08:17:27.249,0.9902,0.9907,4.70,8.70
2010.05.07 08:17:27.881,0.9902,0.9907,8.70,4.70
2010.05.07 08:17:28.201,0.99025,0.9907,1.00,1.00
2010.05.07 08:17:29.428,0.99025,0.99075,4.70,8.70
2010.05.07 08:17:30.242,0.99015,0.99055,8.00,1.00
2010.05.07 08:17:30.449,0.99015,0.99055,4.00,1.00
2010.05.07 08:17:30.648,0.99015,0.99055,8.00,1.00
2010.05.07 08:17:31.334,0.99015,0.9906,8.50,1.00
2010.05.07 08:17:31.680,0.99015,0.99065,8.60,1.00
2010.05.07 08:17:32.019,0.9902,0.99065,1.00,1.00
2010.05.07 08:17:32.359,0.99025,0.99065,4.00,1.00
2010.05.07 08:17:32.906,0.99025,0.9907,4.00,1.00
2010.05.07 08:17:33.259,0.99015,0.9907,1.00,1.00
2010.05.07 08:17:35.310,0.99,0.99055,4.70,1.00
2010.05.07 08:17:35.659,0.99005,0.9906,1.00,1.00
2010.05.07 08:17:36.811,0.9901,0.9906,1.00,1.00
2010.05.07 08:17:37.149,0.99005,0.9906,1.00,1.00
2010.05.07 08:17:37.488,0.99005,0.99065,1.00,4.50
2010.05.07 08:17:37.808,0.99005,0.99065,1.00,8.50
2010.05.07 08:17:38.648,0.9901,0.9906,4.50,8.50
2010.05.07 08:17:40.341,0.99015,0.9906,4.40,1.00
2010.05.07 08:17:40.809,0.99015,0.9906,8.40,1.00
2010.05.07 08:17:41.679,0.99015,0.99065,1.00,8.70
2010.05.07 08:17:44.000,0.99015,0.9906,1.00,1.00
2010.05.07 08:17:44.090,0.99015,0.9906,8.40,1.00
2010.05.07 08:17:44.179,0.99015,0.9906,10.00,1.00
2010.05.07 08:17:45.042,0.99025,0.99085,1.00,8.40
2010.05.07 08:17:45.379,0.9902,0.9908,1.00,8.70
2010.05.07 08:17:47.968,0.9902,0.9908,1.00,4.70
2010.05.07 08:17:48.879,0.99025,0.99075,1.00,4.40
2010.05.07 08:17:49.198,0.99015,0.9907,1.00,1.00
2010.05.07 08:17:49.678,0.99025,0.99075,1.00,8.80
2010.05.07 08:17:49.918,0.99025,0.99075,4.80,8.80
2010.05.07 08:17:50.158,0.99025,0.99075,8.80,4.80
2010.05.07 08:17:51.002,0.99025,0.99075,8.40,4.40
2010.05.07 08:17:51.328,0.99025,0.99075,4.40,8.40
2010.05.07 08:17:51.567,0.99025,0.99075,8.40,4.40
2010.05.07 08:17:51.808,0.9903,0.99075,1.00,4.60
2010.05.07 08:17:53.419,0.99025,0.99075,8.60,4.60
2010.05.07 08:17:53.668,0.99025,0.99075,8.60,8.60
2010.05.07 08:17:54.520,0.99025,0.99075,8.60,4.60
2010.05.07 08:17:54.851,0.9903,0.99075,1.00,1.00
2010.05.07 08:17:55.649,0.99025,0.99075,4.40,8.40
2010.05.07 08:17:57.219,0.99035,0.9908,1.00,1.00
2010.05.07 08:17:58.048,0.99035,0.99085,4.40,8.40
2010.05.07 08:17:58.578,0.99035,0.9908,1.00,4.00
2010.05.07 08:17:58.838,0.9903,0.9908,8.80,4.80
2010.05.07 08:17:59.710,0.99045,0.9909,1.00,8.00
2010.05.07 08:18:00.050,0.99035,0.99085,4.40,8.40
2010.05.07 08:18:00.601,0.99035,0.99075,4.40,4.00
2010.05.07 08:18:00.910,0.99025,0.99075,1.00,1.00
2010.05.07 08:18:01.242,0.9902,0.99075,1.00,1.00
2010.05.07 08:18:01.904,0.99015,0.99075,4.80,1.00
2010.05.07 08:18:02.230,0.99015,0.99075,1.00,8.80
2010.05.07 08:18:02.569,0.99015,0.9907,8.40,1.00
2010.05.07 08:18:02.910,0.99015,0.9907,1.00,1.00
2010.05.07 08:18:03.732,0.9902,0.99075,1.00,1.00
2010.05.07 08:18:04.052,0.9902,0.99075,8.40,1.00
2010.05.07 08:18:04.209,0.9902,0.99075,1.00,8.40
2010.05.07 08:18:05.032,0.99015,0.99075,1.00,4.00
2010.05.07 08:18:05.187,0.99015,0.9907,1.00,1.00
2010.05.07 08:18:05.528,0.9902,0.9907,8.00,4.40
2010.05.07 08:18:05.869,0.9902,0.9907,4.70,8.70
2010.05.07 08:18:08.503,0.99025,0.99065,1.00,4.00
2010.05.07 08:18:08.690,0.9902,0.99065,1.00,1.00
2010.05.07 08:18:08.878,0.99015,0.99065,12.50,4.50
2010.05.07 08:18:09.068,0.99015,0.99065,8.50,8.50
2010.05.07 08:18:09.258,0.99015,0.99065,8.60,8.60
2010.05.07 08:18:10.570,0.9902,0.99065,1.00,1.00
2010.05.07 08:18:12.030,0.9902,0.99065,4.40,1.00
2010.05.07 08:18:12.588,0.9902,0.9907,4.70,8.70
2010.05.07 08:18:12.861,0.9902,0.9907,8.40,4.40
2010.05.07 08:18:14.589,0.9902,0.9907,8.40,1.00
2010.05.07 08:18:14.748,0.99025,0.9907,1.00,1.00
2010.05.07 08:18:16.151,0.99025,0.99075,8.70,4.70
2010.05.07 08:18:18.092,0.9902,0.9907,4.60,8.60
2010.05.07 08:18:19.339,0.99015,0.99065,8.50,8.50
2010.05.07 08:18:20.130,0.9902,0.99065,1.00,8.40
2010.05.07 08:18:20.448,0.99015,0.99065,8.50,8.50
2010.05.07 08:18:20.758,0.99015,0.99065,8.40,8.40
2010.05.07 08:18:21.566,0.99015,0.99065,8.40,8.40
2010.05.07 08:18:21.840,0.99015,0.99065,1.00,8.40
2010.05.07 08:18:22.119,0.99015,0.9906,1.00,1.00
2010.05.07 08:18:22.658,0.9901,0.9906,8.80,1.00
2010.05.07 08:18:23.670,0.9901,0.9906,4.60,8.60
2010.05.07 08:18:24.088,0.99005,0.99055,8.50,1.00
2010.05.07 08:18:24.298,0.9901,0.99055,1.00,1.00
2010.05.07 08:18:24.508,0.9901,0.9906,4.70,8.70
2010.05.07 08:18:25.026,0.9901,0.9906,1.00,8.70
2010.05.07 08:18:25.329,0.9901,0.9906,1.00,8.60
2010.05.07 08:18:25.689,0.9901,0.9906,4.60,8.60
2010.05.07 08:18:25.988,0.9901,0.99055,4.50,1.00
2010.05.07 08:18:27.009,0.9901,0.99055,1.00,1.00
2010.05.07 08:18:27.859,0.9901,0.9906,4.50,8.50
2010.05.07 08:18:32.461,0.9901,0.99055,1.00,1.00
2010.05.07 08:18:33.742,0.9901,0.99055,1.00,4.40
2010.05.07 08:18:34.082,0.99015,0.9906,4.70,1.00
2010.05.07 08:18:34.419,0.9901,0.99055,1.00,1.00
2010.05.07 08:18:35.310,0.9901,0.9906,4.50,8.50
2010.05.07 08:18:35.619,0.9901,0.99055,4.70,1.00
2010.05.07 08:18:36.775,0.9901,0.9906,4.40,8.40
2010.05.07 08:18:37.246,0.9901,0.9906,4.50,8.50
2010.05.07 08:18:37.518,0.9901,0.9906,8.50,4.50
2010.05.07 08:18:38.058,0.9901,0.9906,4.50,8.50
2010.05.07 08:18:39.738,0.9901,0.99055,1.00,1.00
2010.05.07 08:18:39.939,0.99015,0.99055,8.00,1.00
2010.05.07 08:18:40.880,0.99015,0.9906,1.00,4.70
2010.05.07 08:18:41.220,0.99015,0.99065,4.80,8.80
2010.05.07 08:18:41.459,0.99015,0.99065,8.50,4.50
2010.05.07 08:18:41.689,0.99025,0.99065,4.00,1.00
2010.05.07 08:18:42.249,0.99025,0.99065,8.00,1.00
2010.05.07 08:18:42.521,0.9904,0.9909,1.00,8.40
2010.05.07 08:18:42.790,0.9904,0.99085,1.00,1.00
2010.05.07 08:18:43.058,0.9904,0.99085,1.00,1.00
2010.05.07 08:18:44.938,0.9904,0.99085,1.00,4.40
2010.05.07 08:18:45.538,0.9904,0.99085,1.00,8.60
2010.05.07 08:18:45.841,0.9903,0.9908,4.70,8.70
2010.05.07 08:18:46.178,0.9903,0.9908,8.60,4.60
2010.05.07 08:18:48.219,0.99035,0.99085,1.00,8.40
2010.05.07 08:18:48.897,0.99035,0.99085,4.40,4.40
2010.05.07 08:18:48.942,0.99045,0.9908,4.00,1.00
2010.05.07 08:18:48.990,0.99045,0.9908,8.00,1.00
2010.05.07 08:18:49.807,0.99045,0.99095,8.40,1.00
2010.05.07 08:18:50.142,0.9905,0.99085,1.00,4.00
2010.05.07 08:18:50.479,0.9905,0.99085,1.00,8.00
2010.05.07 08:18:51.381,0.99025,0.9908,1.00,1.00
2010.05.07 08:18:51.659,0.99025,0.99085,2.20,4.80
2010.05.07 08:18:52.042,0.99025,0.99085,1.40,4.50
2010.05.07 08:18:52.619,0.9903,0.99085,1.00,1.00
2010.05.07 08:18:52.889,0.99025,0.99085,1.00,8.40
2010.05.07 08:18:53.521,0.99025,0.9908,1.00,8.00
2010.05.07 08:18:53.790,0.99015,0.9908,2.50,4.50
2010.05.07 08:18:53.918,0.99015,0.9908,2.50,1.00
2010.05.07 08:18:54.038,0.99025,0.99085,1.00,8.80
2010.05.07 08:18:54.158,0.9902,0.9908,1.00,4.80
2010.05.07 08:18:54.278,0.9902,0.9908,1.00,8.80
2010.05.07 08:18:55.011,0.99015,0.9908,2.40,8.40
2010.05.07 08:18:55.329,0.9902,0.99075,1.00,8.50
2010.05.07 08:18:58.951,0.9902,0.99075,1.00,8.70
2010.05.07 08:18:59.998,0.9903,0.99075,4.00,1.00
2010.05.07 08:19:00.218,0.9903,0.9908,4.70,8.70
2010.05.07 08:19:00.438,0.9903,0.99075,1.00,8.00
2010.05.07 08:19:00.618,0.9902,0.99075,1.00,8.70
2010.05.07 08:19:03.889,0.9902,0.9907,1.00,4.00
2010.05.07 08:19:04.088,0.9902,0.9907,1.00,4.00
2010.05.07 08:19:05.400,0.99025,0.99075,8.00,8.40
2010.05.07 08:19:05.690,0.9902,0.99075,1.00,1.00
2010.05.07 08:19:05.978,0.9902,0.9907,1.40,1.00
2010.05.07 08:19:06.830,0.99025,0.9908,1.00,8.80
2010.05.07 08:19:07.168,0.99025,0.9908,1.00,1.00
2010.05.07 08:19:07.849,0.99005,0.99065,4.60,1.00
2010.05.07 08:19:08.189,0.99005,0.99055,1.00,4.00
2010.05.07 08:19:09.064,0.9901,0.9906,2.00,4.60
2010.05.07 08:19:09.229,0.99015,0.99065,1.40,4.60
2010.05.07 08:19:09.399,0.99015,0.9907,1.40,4.40
2010.05.07 08:19:09.568,0.99015,0.9907,1.00,4.40
2010.05.07 08:19:10.430,0.9902,0.99065,1.00,8.00
2010.05.07 08:19:10.770,0.9903,0.9908,8.40,1.00
2010.05.07 08:19:11.323,0.9903,0.9908,8.40,4.40
2010.05.07 08:19:11.667,0.99025,0.9908,1.00,4.60
2010.05.07 08:19:12.015,0.9902,0.99075,1.00,8.60
2010.05.07 08:19:13.139,0.99015,0.9907,1.00,1.00
2010.05.07 08:19:15.338,0.99015,0.9907,1.00,1.00
2010.05.07 08:19:15.788,0.99015,0.99065,8.60,4.60
2010.05.07 08:19:15.938,0.99015,0.99065,8.60,1.00
2010.05.07 08:19:17.718,0.9902,0.99065,1.00,4.70
2010.05.07 08:19:19.250,0.99025,0.99075,8.40,8.40
2010.05.07 08:19:20.971,0.99025,0.99075,8.70,8.70
2010.05.07 08:19:21.480,0.99035,0.9908,1.00,1.00
2010.05.07 08:19:21.739,0.9903,0.99075,1.00,8.00
2010.05.07 08:19:22.600,0.9902,0.9907,4.80,8.80
2010.05.07 08:19:24.239,0.99025,0.9907,4.00,1.00
2010.05.07 08:19:24.388,0.99025,0.9907,4.70,1.00
2010.05.07 08:19:25.590,0.99025,0.9907,1.00,1.00
2010.05.07 08:19:26.449,0.9902,0.9907,4.40,8.40
2010.05.07 08:19:27.440,0.99025,0.99065,8.40,4.60
2010.05.07 08:19:27.708,0.99035,0.99065,4.00,1.00
2010.05.07 08:19:27.979,0.99035,0.9908,4.00,1.00
2010.05.07 08:19:28.753,0.99035,0.9907,1.00,4.00
2010.05.07 08:19:29.080,0.99025,0.9907,1.00,1.00
2010.05.07 08:19:30.042,0.99015,0.99075,8.80,1.00
2010.05.07 08:19:30.352,0.9902,0.99075,1.00,1.00
2010.05.07 08:19:30.659,0.99015,0.99075,8.90,1.00
2010.05.07 08:19:31.530,0.9902,0.99075,1.00,1.00
2010.05.07 08:19:31.869,0.99025,0.99075,1.00,1.00
2010.05.07 08:19:32.208,0.99025,0.9908,1.00,4.40
2010.05.07 08:19:33.164,0.99025,0.9908,1.00,8.40
2010.05.07 08:19:33.398,0.99025,0.99075,4.40,8.00
2010.05.07 08:19:33.901,0.99025,0.99075,1.00,8.00
2010.05.07 08:19:34.059,0.99025,0.99075,1.00,8.60
2010.05.07 08:19:38.113,0.99025,0.99075,4.60,8.60
2010.05.07 08:19:38.278,0.9903,0.99075,1.00,4.70
2010.05.07 08:19:38.882,0.99025,0.9907,4.60,1.00
2010.05.07 08:19:39.140,0.99025,0.9907,8.60,1.00
2010.05.07 08:19:39.399,0.99025,0.99075,4.70,8.70
2010.05.07 08:19:39.661,0.99025,0.9907,4.00,1.00
2010.05.07 08:19:40.608,0.99025,0.9907,4.70,1.00
2010.05.07 08:19:41.680,0.99025,0.9906,1.00,4.00
2010.05.07 08:19:42.477,0.9902,0.99045,1.00,4.00
2010.05.07 08:19:42.741,0.98995,0.9904,4.70,1.00
2010.05.07 08:19:46.190,0.98995,0.99045,4.40,8.40
2010.05.07 08:19:47.879,0.98995,0.9904,1.00,1.00
2010.05.07 08:19:48.479,0.9899,0.9904,8.40,4.40
2010.05.07 08:19:48.779,0.98995,0.9904,8.00,1.00
2010.05.07 08:19:49.079,0.98995,0.99045,1.00,8.70
2010.05.07 08:19:49.888,0.98995,0.99045,1.00,8.40
2010.05.07 08:19:50.369,0.98995,0.9904,1.00,4.70
2010.05.07 08:19:51.403,0.9899,0.99035,1.00,1.00
2010.05.07 08:19:51.679,0.9898,0.9903,9.10,1.00
2010.05.07 08:19:51.948,0.9898,0.9903,8.70,1.00
2010.05.07 08:19:55.090,0.98985,0.9903,8.00,1.00
2010.05.07 08:19:55.271,0.98985,0.99035,8.40,8.40
2010.05.07 08:19:55.449,0.98985,0.99035,8.70,8.70
2010.05.07 08:19:56.541,0.98985,0.99035,8.40,8.40
2010.05.07 08:19:59.805,0.98985,0.9903,8.80,1.00
2010.05.07 08:20:00.482,0.98985,0.99035,8.50,4.50
2010.05.07 08:20:02.649,0.98985,0.9903,4.70,1.00
2010.05.07 08:20:02.998,0.98985,0.9903,1.00,1.00
2010.05.07 08:20:03.871,0.98985,0.9903,1.00,8.00
2010.05.07 08:20:04.209,0.9898,0.9903,4.80,8.80
2010.05.07 08:20:04.548,0.9898,0.99025,4.40,1.00
2010.05.07 08:20:06.278,0.9898,0.9903,4.50,8.50
2010.05.07 08:20:08.119,0.9898,0.99015,1.00,8.00
2010.05.07 08:20:08.402,0.98965,0.99015,8.50,8.50
2010.05.07 08:20:09.142,0.9897,0.9902,4.80,8.80
2010.05.07 08:20:09.353,0.9898,0.9902,1.00,4.00
2010.05.07 08:20:09.561,0.98975,0.9902,5.30,1.00
2010.05.07 08:20:09.769,0.98975,0.99025,8.90,1.00
2010.05.07 08:20:09.979,0.98975,0.99015,8.40,1.00
2010.05.07 08:20:10.685,0.9897,0.99015,1.00,1.00
2010.05.07 08:20:11.030,0.98965,0.99015,1.60,1.00
2010.05.07 08:20:12.352,0.98965,0.99015,9.60,1.00
2010.05.07 08:20:12.689,0.9897,0.99025,1.00,1.00
2010.05.07 08:20:13.029,0.98965,0.99015,1.60,1.00
2010.05.07 08:20:14.229,0.98965,0.99015,1.60,1.00
2010.05.07 08:20:14.650,0.98965,0.99015,5.60,4.40
2010.05.07 08:20:14.838,0.98965,0.99015,5.60,8.40
2010.05.07 08:20:15.357,0.98965,0.99015,5.00,8.60
2010.05.07 08:20:17.030,0.98965,0.99015,1.60,8.40
2010.05.07 08:20:17.169,0.9897,0.99015,2.10,4.40
2010.05.07 08:20:17.297,0.9897,0.99015,2.10,1.00
2010.05.07 08:20:18.269,0.9897,0.9902,1.00,8.60
2010.05.07 08:20:18.608,0.98975,0.99025,1.00,8.40
2010.05.07 08:20:18.948,0.9897,0.9902,4.40,8.40
2010.05.07 08:20:19.288,0.9897,0.9901,4.00,1.00
2010.05.07 08:20:19.927,0.9896,0.9901,4.40,8.40
2010.05.07 08:20:20.121,0.9896,0.9901,1.00,8.40
2010.05.07 08:20:22.730,0.9896,0.9901,8.40,1.00
2010.05.07 08:20:22.931,0.98965,0.9901,1.00,8.40
2010.05.07 08:20:23.129,0.98955,0.99005,8.60,1.00
2010.05.07 08:20:23.827,0.98965,0.9901,1.00,1.00
2010.05.07 08:20:24.020,0.98965,0.99015,4.40,8.40
2010.05.07 08:20:26.200,0.98965,0.99015,1.00,8.80
2010.05.07 08:20:26.918,0.98965,0.99015,4.80,4.80
2010.05.07 08:20:27.591,0.98965,0.9901,1.00,1.00
2010.05.07 08:20:29.313,0.9897,0.99015,1.00,1.00
2010.05.07 08:20:29.641,0.98975,0.99025,1.00,8.40
2010.05.07 08:20:30.019,0.98975,0.99025,4.40,8.40
2010.05.07 08:20:30.209,0.98975,0.99025,8.60,8.60
2010.05.07 08:20:30.589,0.9898,0.99025,4.00,1.00
2010.05.07 08:20:31.270,0.98975,0.9902,1.00,8.40
2010.05.07 08:20:31.589,0.9897,0.9902,1.00,8.40
2010.05.07 08:20:31.908,0.9897,0.99015,1.00,1.00
2010.05.07 08:20:35.890,0.98975,0.9902,4.40,4.00
2010.05.07 08:20:36.731,0.9898,0.99025,1.00,1.00
2010.05.07 08:20:37.390,0.9898,0.99025,1.00,8.60
2010.05.07 08:20:38.140,0.98975,0.99025,8.80,1.00
2010.05.07 08:20:38.413,0.98975,0.9902,8.40,1.00
2010.05.07 08:20:39.532,0.9898,0.99025,4.00,1.00
2010.05.07 08:20:39.869,0.9898,0.99025,8.00,1.00
2010.05.07 08:20:40.733,0.98985,0.99025,1.00,1.00
2010.05.07 08:20:41.053,0.99,0.99025,4.00,1.00
2010.05.07 08:20:41.371,0.9899,0.99025,1.00,1.00
2010.05.07 08:20:42.181,0.9899,0.99045,1.00,1.00
2010.05.07 08:20:42.520,0.98985,0.99045,1.00,1.00
2010.05.07 08:20:42.859,0.98985,0.99045,1.00,9.00
2010.05.07 08:20:43.719,0.9897,0.99035,1.00,1.00
2010.05.07 08:20:44.882,0.9897,0.9903,1.00,1.00
2010.05.07 08:20:45.100,0.9897,0.9903,1.00,1.00
2010.05.07 08:20:45.779,0.98965,0.99025,1.00,1.00
2010.05.07 08:20:46.664,0.9897,0.99015,1.00,1.00
2010.05.07 08:20:49.059,0.98965,0.9901,1.00,8.00
2010.05.07 08:20:49.339,0.98965,0.9901,4.00,4.40
2010.05.07 08:20:49.857,0.98965,0.9901,4.00,1.00
2010.05.07 08:20:50.063,0.9897,0.99015,4.00,4.40
2010.05.07 08:20:50.269,0.9897,0.99015,4.40,1.00
2010.05.07 08:20:50.478,0.9897,0.99015,4.40,1.00
2010.05.07 08:20:51.744,0.9897,0.99015,1.00,4.00
2010.05.07 08:20:52.081,0.98975,0.9902,1.00,8.40
2010.05.07 08:20:52.330,0.9897,0.9901,1.00,8.00
2010.05.07 08:20:53.090,0.9896,0.9901,1.00,1.00
2010.05.07 08:20:54.837,0.98955,0.9901,1.00,1.00
2010.05.07 08:20:55.539,0.98945,0.99,1.00,1.00
2010.05.07 08:20:55.739,0.98955,0.99005,1.00,4.00
2010.05.07 08:20:55.939,0.98955,0.9901,1.00,1.00
2010.05.07 08:20:58.054,0.98955,0.9901,4.40,4.40
2010.05.07 08:20:58.062,0.9896,0.9901,4.00,8.40
2010.05.07 08:20:58.179,0.9896,0.9901,4.40,8.40
2010.05.07 08:21:00.237,0.9896,0.99,4.00,1.00
2010.05.07 08:21:00.410,0.98955,0.99,1.00,1.00
2010.05.07 08:21:04.612,0.98955,0.99,1.00,1.00
2010.05.07 08:21:04.801,0.98945,0.98995,8.50,1.00
2010.05.07 08:21:05.374,0.9895,0.98995,1.00,8.50
2010.05.07 08:21:06.234,0.9895,0.99005,4.60,1.00
2010.05.07 08:21:06.568,0.9895,0.99005,1.00,1.00
2010.05.07 08:21:06.911,0.98945,0.99,1.00,1.00
2010.05.07 08:21:07.770,0.98945,0.99,1.00,1.00
2010.05.07 08:21:09.175,0.9895,0.99005,1.00,1.00
2010.05.07 08:21:09.341,0.9895,0.99005,1.00,1.00
2010.05.07 08:21:09.671,0.98945,0.99005,4.60,4.60
2010.05.07 08:21:09.840,0.98945,0.99005,1.00,8.60
2010.05.07 08:21:10.690,0.9895,0.99,1.00,1.00
2010.05.07 08:21:11.030,0.9894,0.99,4.40,1.00
2010.05.07 08:21:11.372,0.9895,0.99,4.00,8.40
2010.05.07 08:21:12.211,0.98955,0.98995,12.00,1.00
2010.05.07 08:21:12.549,0.98955,0.99005,1.00,1.00
2010.05.07 08:21:13.359,0.9896,0.9901,1.00,8.80
2010.05.07 08:21:13.701,0.98935,0.9899,4.00,1.00
2010.05.07 08:21:13.999,0.9894,0.9899,1.00,4.00
2010.05.07 08:21:14.289,0.98935,0.9899,8.80,1.00
2010.05.07 08:21:15.041,0.9894,0.98995,1.00,1.00
2010.05.07 08:21:15.278,0.9894,0.98995,1.00,8.70
2010.05.07 08:21:15.508,0.98935,0.98995,1.00,8.40
2010.05.07 08:21:16.403,0.98925,0.9898,1.00,1.00
2010.05.07 08:21:16.741,0.98925,0.98975,1.00,1.00
2010.05.07 08:21:17.583,0.9893,0.98985,1.00,4.80
2010.05.07 08:21:17.921,0.9893,0.98975,4.70,1.00
2010.05.07 08:21:18.261,0.98935,0.9898,4.70,1.00
2010.05.07 08:21:18.837,0.9894,0.9898,4.00,1.00
2010.05.07 08:21:19.143,0.98935,0.9898,4.60,1.00
2010.05.07 08:21:19.724,0.98935,0.9898,1.00,8.60
2010.05.07 08:21:19.952,0.98935,0.98985,8.80,4.80
2010.05.07 08:21:20.681,0.9894,0.98985,1.00,8.80
2010.05.07 08:21:20.950,0.9894,0.98975,4.00,1.00
2010.05.07 08:21:21.220,0.9894,0.98985,1.00,1.00
2010.05.07 08:21:22.061,0.9894,0.9899,1.00,8.70
2010.05.07 08:21:22.398,0.9893,0.98985,1.00,1.00
2010.05.07 08:21:23.579,0.98935,0.9899,1.00,1.00
2010.05.07 08:21:24.828,0.98935,0.9899,1.00,1.00
2010.05.07 08:21:25.529,0.98935,0.9899,1.00,1.00
2010.05.07 08:21:26.525,0.98935,0.9899,1.00,4.40
2010.05.07 08:21:26.860,0.9894,0.9899,1.00,8.50
2010.05.07 08:21:27.098,0.9894,0.9899,4.50,8.50
2010.05.07 08:21:27.843,0.9894,0.9899,4.50,4.50
2010.05.07 08:21:28.182,0.98955,0.98995,8.00,1.00
2010.05.07 08:21:28.521,0.9896,0.99,1.00,4.00
2010.05.07 08:21:29.355,0.9895,0.98995,1.00,4.00
2010.05.07 08:21:29.707,0.98945,0.98995,8.80,8.80
2010.05.07 08:21:30.051,0.9894,0.9899,4.70,4.70
2010.05.07 08:21:30.338,0.98945,0.9899,1.00,4.50
2010.05.07 08:21:30.861,0.98945,0.9899,4.50,4.50
2010.05.07 08:21:31.169,0.98945,0.9899,4.40,4.00
2010.05.07 08:21:31.450,0.98945,0.9899,1.00,4.00
2010.05.07 08:21:31.913,0.9894,0.9899,4.40,4.40
2010.05.07 08:21:33.521,0.9894,0.98985,1.00,8.00
2010.05.07 08:21:33.829,0.98935,0.98985,8.40,8.40
2010.05.07 08:21:34.728,0.98935,0.98985,4.40,8.40
2010.05.07 08:21:35.012,0.98945,0.9899,1.00,1.00
2010.05.07 08:21:35.571,0.98945,0.9898,1.00,8.00
2010.05.07 08:21:36.399,0.9893,0.9898,4.60,8.60
2010.05.07 08:21:37.150,0.98935,0.9898,8.00,1.00
2010.05.07 08:21:37.990,0.98945,0.9899,1.00,8.00
2010.05.07 08:21:38.328,0.9894,0.98985,1.00,1.00
2010.05.07 08:21:39.437,0.9894,0.9899,4.70,8.70
2010.05.07 08:21:39.599,0.9894,0.98985,1.00,4.40
2010.05.07 08:21:39.758,0.9894,0.98985,1.00,1.00
2010.05.07 08:21:39.922,0.9893,0.98985,1.00,1.00
2010.05.07 08:21:41.121,0.9893,0.98985,9.30,1.00
2010.05.07 08:21:41.459,0.9894,0.9899,1.00,4.40
2010.05.07 08:21:42.330,0.98935,0.9899,1.00,1.00
2010.05.07 08:21:43.069,0.9893,0.98985,4.50,1.00
2010.05.07 08:21:43.645,0.98935,0.9899,1.00,1.00
2010.05.07 08:21:44.172,0.98935,0.9899,1.00,1.00
2010.05.07 08:21:44.351,0.98925,0.9898,1.00,8.70
2010.05.07 08:21:44.529,0.98925,0.9898,1.00,1.00
2010.05.07 08:21:44.708,0.98925,0.9898,1.00,8.70
2010.05.07 08:21:44.889,0.9892,0.98975,4.40,4.40
2010.05.07 08:21:45.417,0.9892,0.98975,8.40,8.40
2010.05.07 08:21:45.761,0.9892,0.9897,4.70,8.70
2010.05.07 08:21:46.532,0.98915,0.98965,8.60,4.60
2010.05.07 08:21:46.809,0.98915,0.98965,6.20,8.60
2010.05.07 08:21:47.091,0.98915,0.9896,2.00,1.00
2010.05.07 08:21:47.872,0.9891,0.98955,1.00,8.50
2010.05.07 08:21:48.128,0.98905,0.9895,1.00,1.00
2010.05.07 08:21:48.629,0.98905,0.9895,1.00,8.70
2010.05.07 08:21:49.503,0.98905,0.9895,1.00,4.40
2010.05.07 08:21:49.839,0.98915,0.9896,1.00,1.00
2010.05.07 08:21:50.119,0.98915,0.9896,8.70,1.00
2010.05.07 08:21:50.672,0.9892,0.9896,4.00,1.00
2010.05.07 08:21:50.964,0.9893,0.98975,1.00,1.00
2010.05.07 08:21:51.261,0.98915,0.98955,1.00,1.00
2010.05.07 08:21:52.064,0.989,0.9896,1.00,10.00
2010.05.07 08:21:52.332,0.9889,0.9894,1.10,1.00
2010.05.07 08:21:52.600,0.98895,0.98955,1.00,8.80
2010.05.07 08:21:53.355,0.9889,0.9895,8.80,1.00
2010.05.07 08:21:53.619,0.9889,0.9894,1.20,1.00
2010.05.07 08:21:53.959,0.9889,0.98945,1.00,1.00
2010.05.07 08:21:54.298,0.9889,0.98945,4.60,1.00
2010.05.07 08:21:55.142,0.98895,0.98945,1.00,1.00
2010.05.07 08:21:55.379,0.98895,0.98955,1.00,4.40
2010.05.07 08:21:55.720,0.9891,0.98965,1.00,1.00
2010.05.07 08:21:56.059,0.9891,0.9896,4.60,4.00
2010.05.07 08:21:56.561,0.9891,0.9896,4.60,8.00
2010.05.07 08:21:56.843,0.9891,0.9896,4.40,8.40
2010.05.07 08:21:57.402,0.98905,0.9895,8.00,1.00
2010.05.07 08:21:57.681,0.989,0.9894,1.00,8.00
2010.05.07 08:21:58.509,0.9889,0.9895,5.10,1.00
2010.05.07 08:22:00.269,0.98895,0.98945,1.00,1.00
2010.05.07 08:22:02.559,0.98905,0.9896,1.00,1.00
2010.05.07 08:22:03.541,0.9891,0.98955,1.00,4.60
2010.05.07 08:22:03.880,0.9891,0.9896,9.20,1.00
2010.05.07 08:22:04.558,0.98925,0.9897,1.00,8.00
2010.05.07 08:22:04.832,0.98925,0.98965,8.00,1.00
2010.05.07 08:22:05.112,0.9893,0.9898,1.00,8.40
2010.05.07 08:22:06.165,0.98915,0.9896,1.00,8.50
2010.05.07 08:22:06.501,0.9892,0.98965,8.00,1.00
2010.05.07 08:22:06.840,0.98925,0.9897,1.00,4.00
2010.05.07 08:22:07.931,0.9892,0.9897,8.70,1.00
2010.05.07 08:22:08.231,0.98925,0.9897,1.00,1.00
2010.05.07 08:22:09.620,0.98925,0.98965,1.00,8.00
2010.05.07 08:22:09.860,0.98915,0.9896,1.00,8.00
2010.05.07 08:22:10.102,0.98915,0.9896,1.00,4.50
2010.05.07 08:22:10.823,0.98915,0.9896,4.50,4.50
2010.05.07 08:22:11.161,0.9892,0.9897,1.00,8.80
2010.05.07 08:22:12.379,0.98915,0.98965,8.60,1.00
2010.05.07 08:22:15.609,0.9892,0.98965,8.70,1.00
2010.05.07 08:22:15.718,0.98925,0.9897,1.00,1.00
2010.05.07 08:22:16.469,0.98925,0.9897,8.40,1.00
2010.05.07 08:22:16.808,0.98925,0.98975,8.40,8.40
2010.05.07 08:22:17.148,0.98925,0.98975,1.00,8.40
2010.05.07 08:22:18.848,0.98925,0.98975,8.40,4.40
2010.05.07 08:22:19.010,0.9893,0.98975,8.00,1.00
2010.05.07 08:22:19.595,0.98935,0.98975,4.00,1.00
2010.05.07 08:22:19.870,0.98935,0.9898,4.00,1.00
2010.05.07 08:22:20.150,0.9894,0.9899,8.40,1.00
2010.05.07 08:22:20.429,0.98945,0.9899,4.60,1.00
2010.05.07 08:22:21.190,0.98945,0.9899,1.00,1.00
2010.05.07 08:22:21.531,0.98945,0.9899,1.00,1.00
2010.05.07 08:22:21.870,0.98945,0.98995,1.00,8.40
2010.05.07 08:22:22.139,0.98945,0.98995,8.40,1.00
2010.05.07 08:22:23.131,0.98945,0.98995,8.40,4.40
2010.05.07 08:22:24.639,0.9895,0.98995,1.00,4.60
2010.05.07 08:22:24.974,0.98945,0.9899,1.00,4.00
2010.05.07 08:22:25.119,0.98945,0.9899,1.00,4.80
2010.05.07 08:22:26.396,0.9894,0.9899,1.00,8.40
2010.05.07 08:22:26.741,0.9894,0.98985,1.00,4.80
2010.05.07 08:22:27.081,0.98935,0.98985,1.00,8.80
2010.05.07 08:22:30.296,0.98935,0.98985,1.00,8.40
2010.05.07 08:22:30.509,0.98935,0.9898,1.00,1.00
2010.05.07 08:22:31.634,0.98935,0.9898,8.50,1.00
2010.05.07 08:22:31.969,0.9894,0.98985,1.00,1.00
2010.05.07 08:22:33.220,0.98945,0.98995,1.00,8.70
2010.05.07 08:22:34.061,0.98945,0.9899,1.00,1.00
2010.05.07 08:22:36.602,0.98945,0.9899,1.00,4.60
2010.05.07 08:22:37.357,0.9895,0.98995,1.00,1.00
2010.05.07 08:22:37.694,0.9895,0.98995,4.40,4.00
2010.05.07 08:22:38.030,0.98955,0.99,1.00,1.00
2010.05.07 08:22:38.359,0.98955,0.99,1.00,1.00
2010.05.07 08:22:38.619,0.9895,0.99,8.40,1.00
2010.05.07 08:22:38.878,0.9895,0.99,8.40,4.40
2010.05.07 08:22:39.421,0.9895,0.99,8.40,1.00
2010.05.07 08:22:39.619,0.98955,0.99,1.00,8.70
2010.05.07 08:22:39.818,0.9895,0.99,4.40,8.40
2010.05.07 08:22:41.321,0.9895,0.99,1.00,8.40
2010.05.07 08:22:41.660,0.98955,0.98995,4.00,1.00
2010.05.07 08:22:41.880,0.9896,0.99005,4.00,1.00
2010.05.07 08:22:42.642,0.98955,0.99005,2.00,8.40
2010.05.07 08:22:42.873,0.98955,0.99,1.00,8.80
2010.05.07 08:22:43.209,0.9895,0.99,1.00,8.70
2010.05.07 08:22:43.875,0.9895,0.99,8.70,1.00
2010.05.07 08:22:44.217,0.98975,0.98995,8.00,1.00
2010.05.07 08:22:44.540,0.9898,0.9903,1.00,1.00
2010.05.07 08:22:45.345,0.9898,0.9904,4.70,1.20
2010.05.07 08:22:45.640,0.9899,0.9905,1.00,1.00
2010.05.07 08:22:46.241,0.9899,0.99055,1.00,6.50
2010.05.07 08:22:46.791,0.98985,0.99045,1.00,1.00
2010.05.07 08:22:47.130,0.98985,0.99045,1.00,1.00
2010.05.07 08:22:47.809,0.98975,0.9904,1.00,1.10
2010.05.07 08:22:48.321,0.98975,0.9904,1.00,1.00
2010.05.07 08:22:48.661,0.98975,0.99035,1.00,1.00
2010.05.07 08:22:48.999,0.98975,0.99035,1.00,1.00
2010.05.07 08:22:49.228,0.9897,0.99035,1.00,1.00
2010.05.07 08:22:49.960,0.98985,0.9903,1.00,4.50
2010.05.07 08:22:50.188,0.98985,0.9903,1.00,1.00
2010.05.07 08:22:51.339,0.9899,0.99035,1.00,8.00
2010.05.07 08:22:51.559,0.9899,0.9904,1.00,8.60
2010.05.07 08:22:52.240,0.9899,0.9904,4.40,8.40
2010.05.07 08:22:53.131,0.9898,0.99025,1.00,4.80
2010.05.07 08:22:53.469,0.9898,0.99025,1.00,8.80
2010.05.07 08:22:54.286,0.98965,0.99015,8.40,1.00
2010.05.07 08:22:54.563,0.9897,0.99025,1.00,1.00
2010.05.07 08:22:54.801,0.98975,0.9903,1.00,1.00
2010.05.07 08:22:55.279,0.9898,0.99035,1.00,1.00
2010.05.07 08:22:56.080,0.9897,0.99035,1.00,1.00
2010.05.07 08:22:56.389,0.98965,0.9903,1.30,1.00
2010.05.07 08:22:57.009,0.98965,0.9903,1.00,9.00
2010.05.07 08:22:57.547,0.9896,0.99025,1.00,1.00
2010.05.07 08:22:57.894,0.98965,0.99025,1.40,1.00
2010.05.07 08:22:58.142,0.98965,0.9903,1.40,1.00
2010.05.07 08:22:58.391,0.98965,0.9903,1.00,1.00
2010.05.07 08:22:58.639,0.98965,0.9903,1.20,1.00
2010.05.07 08:22:59.426,0.98975,0.9904,1.00,1.00
2010.05.07 08:23:00.028,0.98975,0.9904,1.00,1.00
2010.05.07 08:23:00.290,0.9898,0.99045,1.00,1.00
2010.05.07 08:23:01.028,0.98985,0.9905,1.00,1.00
2010.05.07 08:23:01.373,0.98995,0.9904,1.00,1.00
2010.05.07 08:23:03.269,0.98995,0.9904,1.00,4.70
2010.05.07 08:23:03.711,0.9899,0.9904,8.40,1.00
2010.05.07 08:23:04.482,0.9899,0.9904,4.70,4.70
2010.05.07 08:23:04.653,0.98995,0.9904,1.00,8.40
2010.05.07 08:23:04.989,0.98995,0.99035,4.00,1.00
2010.05.07 08:23:05.329,0.9899,0.9904,4.70,1.00
2010.05.07 08:23:06.160,0.9901,0.9906,1.00,1.00
2010.05.07 08:23:06.460,0.99,0.9906,1.00,4.60
2010.05.07 08:23:07.611,0.99,0.9906,1.00,8.60
2010.05.07 08:23:07.919,0.99005,0.99055,1.00,8.00
2010.05.07 08:23:08.229,0.9899,0.9905,5.10,1.00
2010.05.07 08:23:08.883,0.99,0.9905,1.00,1.00
2010.05.07 08:23:09.221,0.99015,0.99075,1.60,1.00
2010.05.07 08:23:09.559,0.9902,0.9908,1.20,1.00
2010.05.07 08:23:09.771,0.99025,0.99085,1.00,1.00
2010.05.07 08:23:10.517,0.9902,0.99085,1.00,1.00
2010.05.07 08:23:11.059,0.9902,0.9908,1.00,1.00
2010.05.07 08:23:11.329,0.99025,0.99085,1.00,1.60
2010.05.07 08:23:12.109,0.9901,0.99075,1.00,1.00
2010.05.07 08:23:12.419,0.99015,0.99075,1.00,1.00
2010.05.07 08:23:12.730,0.9901,0.99075,1.20,1.00
2010.05.07 08:23:13.481,0.9901,0.99075,1.00,5.20
2010.05.07 08:23:13.812,0.99005,0.99065,1.00,1.00
2010.05.07 08:23:14.141,0.9901,0.9907,1.00,4.60
2010.05.07 08:23:14.470,0.9901,0.9907,1.00,8.60
2010.05.07 08:23:15.119,0.9901,0.99065,1.00,1.00
2010.05.07 08:23:15.452,0.99005,0.9906,1.00,1.00
2010.05.07 08:23:15.790,0.9901,0.9906,4.00,1.00
2010.05.07 08:23:16.491,0.9901,0.9906,8.00,1.00
2010.05.07 08:23:16.804,0.9901,0.99065,4.70,1.00
2010.05.07 08:23:17.110,0.99015,0.9907,1.00,8.70
2010.05.07 08:23:17.418,0.99005,0.99065,4.80,1.00
2010.05.07 08:23:18.592,0.99015,0.9907,1.00,1.00
2010.05.07 08:23:18.782,0.9901,0.99065,1.00,1.00
2010.05.07 08:23:18.970,0.9901,0.99065,1.00,1.00
2010.05.07 08:23:19.650,0.9901,0.99065,1.00,1.00
2010.05.07 08:23:19.994,0.99025,0.99065,1.00,4.00
2010.05.07 08:23:20.330,0.9902,0.9907,4.70,8.70
2010.05.07 08:23:20.670,0.99025,0.9907,8.70,1.00
2010.05.07 08:23:21.197,0.99035,0.9907,4.00,1.00
2010.05.07 08:23:21.542,0.9904,0.99105,1.00,1.10
2010.05.07 08:23:21.878,0.99045,0.99105,1.00,1.00
2010.05.07 08:23:22.171,0.99035,0.9909,4.00,1.00
2010.05.07 08:23:22.716,0.9903,0.9909,1.00,1.00
2010.05.07 08:23:23.001,0.9902,0.9908,1.00,1.00
2010.05.07 08:23:23.329,0.99015,0.99075,1.20,1.00
2010.05.07 08:23:24.028,0.99015,0.9908,1.10,1.00
2010.05.07 08:23:24.810,0.99015,0.99075,1.00,1.00
2010.05.07 08:23:25.152,0.99015,0.99075,1.00,1.00
2010.05.07 08:23:25.538,0.9901,0.99075,1.00,1.00
2010.05.07 08:23:25.799,0.9901,0.99075,1.00,1.00
2010.05.07 08:23:26.059,0.9902,0.99075,4.00,4.00
2010.05.07 08:23:26.672,0.9902,0.99075,8.00,8.00
2010.05.07 08:23:26.798,0.9902,0.9907,8.70,1.00
2010.05.07 08:23:27.108,0.99025,0.9907,1.00,4.70
2010.05.07 08:23:27.418,0.99025,0.9907,1.00,1.00
2010.05.07 08:23:29.368,0.99025,0.9907,4.70,4.70
2010.05.07 08:23:29.519,0.99025,0.9907,8.00,1.00
2010.05.07 08:23:30.910,0.9902,0.9907,1.00,8.80
2010.05.07 08:23:32.112,0.9902,0.9907,4.80,8.80
2010.05.07 08:23:32.454,0.9902,0.99065,1.00,8.80
2010.05.07 08:23:32.792,0.99025,0.9907,1.00,4.70
2010.05.07 08:23:33.625,0.99025,0.9906,1.00,8.00
2010.05.07 08:23:33.980,0.99015,0.9906,4.60,1.00
2010.05.07 08:23:34.323,0.99015,0.99065,8.50,1.00
2010.05.07 08:23:34.573,0.9902,0.9907,1.00,8.80
2010.05.07 08:23:35.327,0.9902,0.9907,4.80,8.80
2010.05.07 08:23:35.519,0.9902,0.9907,4.40,8.40
2010.05.07 08:23:37.477,0.9902,0.9907,8.40,4.40
2010.05.07 08:23:37.671,0.9902,0.9907,4.40,4.40
2010.05.07 08:23:37.870,0.99025,0.9907,1.00,8.50
2010.05.07 08:23:38.499,0.99025,0.9907,1.00,4.50
2010.05.07 08:23:39.154,0.99025,0.9907,8.50,1.00
2010.05.07 08:23:39.491,0.99025,0.99075,8.40,4.40
2010.05.07 08:23:39.610,0.99025,0.9907,8.00,1.00
2010.05.07 08:23:39.729,0.9902,0.9907,8.70,4.70
2010.05.07 08:23:40.408,0.99025,0.9907,1.00,1.00
2010.05.07 08:23:41.050,0.99025,0.99075,4.80,8.80
2010.05.07 08:23:41.609,0.99025,0.99065,1.00,8.00
2010.05.07 08:23:41.869,0.9901,0.9906,4.50,8.50
2010.05.07 08:23:42.840,0.9901,0.9906,4.40,8.40
2010.05.07 08:23:44.266,0.9901,0.9905,1.00,8.00
2010.05.07 08:23:44.430,0.9899,0.99035,8.00,1.00
2010.05.07 08:23:44.760,0.98995,0.9904,1.00,1.00
2010.05.07 08:23:45.414,0.98995,0.9904,1.00,1.00
2010.05.07 08:23:45.579,0.9899,0.9905,4.70,1.00
2010.05.07 08:23:45.920,0.99,0.99055,1.00,1.00
2010.05.07 08:23:46.259,0.99,0.99055,1.00,1.00
2010.05.07 08:23:47.664,0.99005,0.9906,1.00,1.00
2010.05.07 08:23:47.701,0.9901,0.99065,1.00,1.00
2010.05.07 08:23:48.118,0.9901,0.99065,1.00,4.40
2010.05.07 08:23:48.212,0.9901,0.99065,1.00,8.40
2010.05.07 08:23:48.248,0.9901,0.99065,1.00,4.40
2010.05.07 08:23:48.288,0.9901,0.99065,1.00,4.80
2010.05.07 08:23:48.328,0.9901,0.99065,1.00,1.00
2010.05.07 08:23:48.871,0.99015,0.9907,1.00,1.00
2010.05.07 08:23:49.210,0.99015,0.99075,1.00,1.00
2010.05.07 08:23:49.549,0.99015,0.99065,8.50,4.00
2010.05.07 08:23:50.393,0.9902,0.9906,4.40,4.00
2010.05.07 08:23:50.725,0.99,0.9906,4.40,1.00
2010.05.07 08:23:51.059,0.99,0.99055,4.40,1.00
2010.05.07 08:23:51.369,0.99005,0.9906,1.00,1.00
2010.05.07 08:23:51.682,0.98995,0.9905,4.60,1.00
2010.05.07 08:23:52.275,0.98995,0.99045,4.00,1.00
2010.05.07 08:23:52.471,0.98985,0.99045,4.40,1.00
2010.05.07 08:23:52.669,0.9899,0.99045,1.00,1.00
2010.05.07 08:23:54.136,0.98995,0.9905,1.00,8.80
2010.05.07 08:23:54.483,0.9901,0.99065,1.00,1.00
2010.05.07 08:23:54.811,0.9901,0.99065,1.00,1.00
2010.05.07 08:23:55.472,0.9901,0.9906,1.00,8.00
2010.05.07 08:23:55.810,0.9901,0.99055,1.00,8.00
2010.05.07 08:23:56.149,0.99005,0.99055,1.00,8.40
2010.05.07 08:23:57.041,0.9899,0.99045,8.70,1.00
2010.05.07 08:23:57.379,0.98985,0.9904,4.70,1.00
2010.05.07 08:23:57.719,0.9899,0.99045,1.00,8.00
2010.05.07 08:23:58.570,0.98985,0.9904,4.60,1.00
2010.05.07 08:23:58.909,0.98985,0.99045,1.00,8.50
2010.05.07 08:23:59.189,0.98985,0.99035,1.00,4.40
2010.05.07 08:23:59.892,0.98975,0.9903,1.00,1.00
2010.05.07 08:24:00.030,0.98985,0.9904,1.00,1.00
2010.05.07 08:24:00.169,0.98985,0.9904,1.00,4.60
2010.05.07 08:24:00.309,0.98985,0.9904,1.00,1.00
2010.05.07 08:24:00.449,0.98985,0.99035,1.00,8.00
2010.05.07 08:24:00.589,0.98985,0.9904,1.00,1.00
2010.05.07 08:24:00.729,0.9898,0.99035,1.00,1.00
2010.05.07 08:24:01.259,0.9898,0.9903,4.40,4.00
2010.05.07 08:24:01.622,0.98995,0.9903,4.00,1.00
2010.05.07 08:24:02.105,0.9899,0.99035,1.00,1.00
2010.05.07 08:24:02.931,0.9899,0.9903,1.00,8.00
2010.05.07 08:24:03.269,0.9898,0.99035,1.00,1.00
2010.05.07 08:24:03.609,0.9898,0.99035,1.00,1.00
2010.05.07 08:24:03.828,0.9898,0.99035,1.00,1.00
2010.05.07 08:24:04.393,0.9898,0.99035,8.40,1.00
2010.05.07 08:24:04.629,0.98975,0.9903,9.70,1.00
2010.05.07 08:24:04.888,0.98975,0.9903,8.50,1.00
2010.05.07 08:24:05.669,0.98975,0.99025,9.30,1.00
2010.05.07 08:24:06.423,0.98975,0.9903,1.00,1.00
2010.05.07 08:24:06.751,0.9897,0.9903,1.00,1.00
2010.05.07 08:24:07.270,0.9897,0.9903,1.00,4.40
2010.05.07 08:24:08.312,0.9897,0.9902,4.80,8.40
2010.05.07 08:24:08.601,0.9897,0.99015,1.00,4.00
2010.05.07 08:24:08.892,0.9897,0.99015,1.00,4.00
2010.05.07 08:24:09.681,0.98965,0.99015,8.60,4.60
2010.05.07 08:24:10.023,0.98975,0.9902,4.00,4.80
2010.05.07 08:24:10.360,0.9898,0.99025,1.00,4.50
2010.05.07 08:24:10.648,0.9898,0.99025,1.00,1.00
2010.05.07 08:24:10.938,0.9898,0.99025,1.00,4.40
2010.05.07 08:24:11.493,0.9898,0.99025,1.00,8.40
2010.05.07 08:24:11.692,0.9897,0.99015,1.00,4.00
2010.05.07 08:24:12.108,0.98965,0.99015,8.40,4.40
2010.05.07 08:24:12.299,0.9897,0.9902,1.00,8.60
2010.05.07 08:24:12.489,0.9897,0.9902,8.60,1.00
2010.05.07 08:24:13.088,0.98975,0.9902,1.00,1.00
2010.05.07 08:24:13.433,0.98975,0.9902,1.00,1.00
2010.05.07 08:24:13.770,0.98975,0.99025,1.00,8.70
2010.05.07 08:24:17.549,0.9897,0.9902,8.80,4.80
2010.05.07 08:24:18.038,0.9897,0.9902,8.40,4.40
2010.05.07 08:24:18.952,0.9898,0.99025,1.00,1.00
2010.05.07 08:24:19.589,0.9898,0.99025,1.00,4.40
2010.05.07 08:24:20.511,0.98975,0.99025,8.80,8.80
2010.05.07 08:24:22.373,0.98975,0.9902,4.00,4.80
2010.05.07 08:24:22.539,0.9897,0.9902,4.70,8.70
2010.05.07 08:24:22.978,0.9897,0.99015,4.00,1.00
2010.05.07 08:24:23.149,0.9897,0.99015,1.00,8.00
2010.05.07 08:24:23.752,0.9897,0.9902,1.00,8.40
2010.05.07 08:24:24.053,0.9896,0.9901,8.70,1.00
2010.05.07 08:24:24.639,0.98965,0.9901,8.00,1.00
2010.05.07 08:24:25.445,0.9896,0.9901,8.40,4.40
2010.05.07 08:24:25.711,0.98965,0.9901,1.00,8.50
2010.05.07 08:24:25.979,0.9896,0.9901,4.60,8.60
2010.05.07 08:24:27.428,0.9896,0.9901,4.40,8.40
2010.05.07 08:24:27.769,0.9896,0.9901,1.00,8.40
2010.05.07 08:24:27.939,0.9896,0.9901,1.00,8.40
2010.05.07 08:24:28.110,0.98955,0.99005,8.80,1.00
2010.05.07 08:24:30.499,0.9896,0.99,1.00,4.00
2010.05.07 08:24:31.038,0.9896,0.9899,1.00,4.00
2010.05.07 08:24:31.225,0.9894,0.98985,1.00,1.00
2010.05.07 08:24:31.410,0.9894,0.9898,1.00,4.00
2010.05.07 08:24:31.599,0.98935,0.9898,1.60,1.00
2010.05.07 08:24:31.959,0.98935,0.9899,2.50,1.00
2010.05.07 08:24:33.352,0.98935,0.98985,2.50,1.00
2010.05.07 08:24:33.558,0.9893,0.98985,1.00,1.00
2010.05.07 08:24:33.979,0.98935,0.9899,1.00,4.50
2010.05.07 08:24:34.649,0.98945,0.99,1.00,1.00
2010.05.07 08:24:35.190,0.98945,0.99,1.00,8.40
2010.05.07 08:24:36.014,0.98935,0.98995,2.00,1.00
2010.05.07 08:24:36.354,0.9894,0.99,4.40,1.00
2010.05.07 08:24:36.689,0.98935,0.9899,10.00,8.40
2010.05.07 08:24:36.970,0.9894,0.9899,4.40,8.40
2010.05.07 08:24:37.251,0.9894,0.98985,1.00,4.00
2010.05.07 08:24:37.937,0.98935,0.98985,8.70,4.70
2010.05.07 08:24:38.163,0.98945,0.98995,4.40,8.40
2010.05.07 08:24:40.967,0.98945,0.9899,4.70,1.00
2010.05.07 08:24:42.080,0.9894,0.9899,8.40,1.00
2010.05.07 08:24:42.299,0.9894,0.9899,4.40,8.40
2010.05.07 08:24:42.750,0.98945,0.9899,1.00,4.50
2010.05.07 08:24:42.969,0.98945,0.9899,1.00,1.00
2010.05.07 08:24:44.330,0.9894,0.9899,8.70,4.70
2010.05.07 08:24:44.745,0.98945,0.9899,1.00,4.50
2010.05.07 08:24:44.988,0.98945,0.9899,1.00,1.00
2010.05.07 08:24:45.109,0.98945,0.98985,1.00,8.00
2010.05.07 08:24:45.229,0.98935,0.9898,1.00,1.00
2010.05.07 08:24:46.226,0.9894,0.98995,1.00,1.00
2010.05.07 08:24:46.990,0.98935,0.98995,6.00,1.00
2010.05.07 08:24:47.199,0.9894,0.98995,1.00,5.10
2010.05.07 08:24:47.409,0.98935,0.9899,1.00,1.00
2010.05.07 08:24:47.619,0.9893,0.98985,4.40,1.00
2010.05.07 08:24:48.430,0.9893,0.9899,1.00,8.40
2010.05.07 08:24:48.740,0.98935,0.98985,1.00,1.00
2010.05.07 08:24:49.050,0.98935,0.9899,1.00,1.00
2010.05.07 08:24:51.397,0.98935,0.98985,4.70,4.00
2010.05.07 08:24:51.540,0.9894,0.98985,1.00,4.00
2010.05.07 08:24:51.818,0.9894,0.9899,1.00,8.60
2010.05.07 08:24:51.961,0.98935,0.9898,1.00,1.00
2010.05.07 08:24:52.109,0.9893,0.9898,8.70,4.70
2010.05.07 08:24:52.248,0.9893,0.9898,4.70,8.70
2010.05.07 08:24:53.700,0.98935,0.9898,4.00,4.60
2010.05.07 08:24:53.869,0.9893,0.98975,4.60,1.00
2010.05.07 08:24:54.029,0.98935,0.98985,8.80,8.80
2010.05.07 08:24:56.609,0.98935,0.98985,2.40,8.80
2010.05.07 08:24:57.298,0.98935,0.98985,8.80,4.80
2010.05.07 08:24:57.641,0.9894,0.98985,4.00,1.00
2010.05.07 08:24:57.979,0.98935,0.98985,8.70,4.70
2010.05.07 08:24:58.735,0.9893,0.9898,8.40,4.40
2010.05.07 08:24:59.086,0.98945,0.98985,1.00,4.00
2010.05.07 08:24:59.432,0.98935,0.98985,10.30,1.00
2010.05.07 08:25:00.256,0.9894,0.98995,1.00,1.00
2010.05.07 08:25:00.602,0.98935,0.9899,1.00,1.00
2010.05.07 08:25:00.939,0.98935,0.9899,4.60,1.00
2010.05.07 08:25:01.231,0.98945,0.99,1.00,1.00
2010.05.07 08:25:01.853,0.98945,0.99,1.00,8.70
2010.05.07 08:25:02.143,0.9894,0.9899,1.00,8.40
2010.05.07 08:25:02.481,0.98935,0.9898,1.00,8.00
2010.05.07 08:25:03.343,0.9893,0.9898,1.60,1.00
2010.05.07 08:25:03.622,0.98925,0.98975,8.00,1.00
2010.05.07 08:25:03.901,0.9893,0.98985,1.00,1.00
2010.05.07 08:25:04.180,0.9893,0.98985,10.10,8.50
2010.05.07 08:25:04.950,0.9893,0.9898,10.30,1.00
2010.05.07 08:25:05.269,0.9893,0.9898,10.30,4.70
2010.05.07 08:25:05.590,0.9894,0.9898,1.00,4.00
2010.05.07 08:25:06.400,0.98935,0.9898,1.00,4.00
2010.05.07 08:25:06.751,0.98935,0.98985,8.40,8.40
2010.05.07 08:25:06.989,0.98935,0.98985,4.40,8.40
2010.05.07 08:25:07.229,0.98935,0.9898,1.00,1.00
2010.05.07 08:25:08.199,0.98935,0.98985,4.50,8.50
2010.05.07 08:25:08.540,0.98935,0.98985,4.70,8.70
2010.05.07 08:25:08.880,0.98935,0.98985,8.70,8.70
2010.05.07 08:25:09.933,0.98935,0.98975,8.00,1.00
2010.05.07 08:25:10.120,0.98935,0.98985,8.70,8.70
2010.05.07 08:25:10.758,0.98935,0.9898,8.40,1.00
2010.05.07 08:25:10.938,0.98935,0.9898,4.40,1.00
2010.05.07 08:25:11.735,0.9894,0.98985,1.00,1.00
2010.05.07 08:25:12.069,0.98935,0.98985,8.70,8.70
2010.05.07 08:25:12.279,0.98935,0.9898,1.00,8.00
2010.05.07 08:25:12.489,0.9894,0.98985,1.00,4.50
2010.05.07 08:25:13.024,0.9894,0.98985,1.00,8.50
2010.05.07 08:25:13.231,0.9894,0.98985,1.00,1.00
2010.05.07 08:25:13.572,0.98935,0.9899,1.00,8.40
2010.05.07 08:25:13.909,0.9893,0.98985,1.00,1.00
2010.05.07 08:25:14.781,0.9892,0.98975,2.30,1.00
2010.05.07 08:25:14.998,0.9892,0.98975,1.00,1.00
2010.05.07 08:25:15.210,0.9892,0.98975,1.00,1.10
2010.05.07 08:25:15.840,0.9892,0.9897,1.00,4.00
2010.05.07 08:25:16.182,0.98915,0.9897,1.00,1.00
2010.05.07 08:25:16.520,0.9891,0.98965,8.80,1.00
2010.05.07 08:25:16.851,0.9891,0.98965,1.00,1.00
2010.05.07 08:25:17.191,0.9891,0.98965,4.40,1.00
2010.05.07 08:25:18.030,0.9892,0.98975,1.00,1.00
2010.05.07 08:25:18.269,0.9892,0.9897,1.00,8.00
2010.05.07 08:25:18.509,0.9891,0.98965,1.00,1.00
2010.05.07 08:25:18.749,0.98915,0.98965,4.50,4.50
2010.05.07 08:25:19.355,0.98915,0.98965,8.50,1.00
2010.05.07 08:25:19.622,0.98925,0.9897,8.00,1.00
2010.05.07 08:25:19.893,0.98925,0.98975,8.60,1.00
2010.05.07 08:25:20.944,0.9893,0.98975,1.00,1.00
2010.05.07 08:25:21.620,0.9892,0.9897,4.60,8.60
2010.05.07 08:25:22.551,0.9892,0.9897,1.00,8.60
2010.05.07 08:25:22.892,0.9892,0.98965,1.00,1.00
2010.05.07 08:25:23.679,0.98915,0.98965,1.00,8.70
2010.05.07 08:25:24.617,0.9892,0.9897,4.60,8.60
2010.05.07 08:25:24.862,0.98915,0.98965,4.70,8.70
2010.05.07 08:25:26.506,0.98915,0.9896,1.00,4.00
2010.05.07 08:25:26.849,0.9891,0.9896,4.40,8.40
2010.05.07 08:25:27.179,0.98915,0.9896,8.00,1.00
2010.05.07 08:25:27.745,0.98915,0.98955,8.00,1.00
2010.05.07 08:25:28.083,0.9891,0.98955,1.00,1.00
2010.05.07 08:25:28.420,0.989,0.98955,1.00,1.00
2010.05.07 08:25:28.761,0.989,0.98955,4.60,1.00
2010.05.07 08:25:29.620,0.989,0.98955,1.00,1.00
2010.05.07 08:25:29.960,0.989,0.98955,4.80,1.00
2010.05.07 08:25:30.300,0.98905,0.98965,1.00,4.50
2010.05.07 08:25:30.997,0.9891,0.98965,1.00,1.00
2010.05.07 08:25:31.279,0.98915,0.98965,1.00,1.00
2010.05.07 08:25:31.822,0.98925,0.9898,1.00,8.50
2010.05.07 08:25:32.092,0.9893,0.98985,1.00,1.00
2010.05.07 08:25:32.810,0.9893,0.98985,1.00,8.40
2010.05.07 08:25:33.152,0.98935,0.98995,1.00,1.00
2010.05.07 08:25:33.461,0.98935,0.98995,8.50,1.00
2010.05.07 08:25:34.166,0.9894,0.98995,1.00,8.70
2010.05.07 08:25:34.512,0.98935,0.98985,1.00,8.00
2010.05.07 08:25:35.363,0.98935,0.9897,4.00,1.00
2010.05.07 08:25:35.632,0.9894,0.98995,1.00,9.20
2010.05.07 08:25:35.901,0.98935,0.98985,1.00,1.00
2010.05.07 08:25:36.170,0.9893,0.98985,1.00,8.80
2010.05.07 08:25:36.973,0.9892,0.98975,4.70,1.00
2010.05.07 08:25:37.309,0.9892,0.98975,1.00,1.00
2010.05.07 08:25:37.652,0.9892,0.98975,4.70,1.00
2010.05.07 08:25:38.503,0.98915,0.9897,8.60,8.60
2010.05.07 08:25:38.832,0.9892,0.9896,1.00,8.00
2010.05.07 08:25:39.162,0.9892,0.98955,4.00,1.00
2010.05.07 08:25:39.942,0.9892,0.98965,4.70,1.00
2010.05.07 08:25:40.231,0.98925,0.9896,1.00,4.00
2010.05.07 08:25:40.782,0.98925,0.98965,1.00,8.00
2010.05.07 08:25:41.123,0.98925,0.98965,8.00,1.00
2010.05.07 08:25:41.461,0.9892,0.98955,4.40,1.00
2010.05.07 08:25:41.800,0.9893,0.98975,1.00,1.00
2010.05.07 08:25:42.650,0.9893,0.98985,1.00,1.00
2010.05.07 08:25:44.410,0.9892,0.98975,1.00,1.00
2010.05.07 08:25:45.712,0.98925,0.9898,1.00,4.50
2010.05.07 08:25:46.040,0.9893,0.98985,1.00,8.60
2010.05.07 08:25:46.370,0.9892,0.98975,8.70,8.70
2010.05.07 08:25:47.225,0.98925,0.98975,8.80,1.00
2010.05.07 08:25:47.572,0.98935,0.9899,1.00,1.00
2010.05.07 08:25:48.352,0.98935,0.98995,1.00,8.40
2010.05.07 08:25:48.619,0.98945,0.99,1.00,1.00
2010.05.07 08:25:49.819,0.98945,0.99,1.00,1.00
2010.05.07 08:25:50.379,0.98945,0.99,1.00,8.80
2010.05.07 08:25:50.589,0.9894,0.98995,1.00,1.00
2010.05.07 08:25:51.463,0.9894,0.98995,1.00,9.20
2010.05.07 08:25:51.770,0.98945,0.9899,4.00,1.00
2010.05.07 08:25:52.079,0.9895,0.98995,4.00,4.60
2010.05.07 08:25:52.627,0.9895,0.98995,8.00,1.00
2010.05.07 08:25:52.973,0.98945,0.98995,8.60,8.60
2010.05.07 08:25:53.309,0.98945,0.98995,8.60,4.60
2010.05.07 08:25:53.650,0.98945,0.98995,8.80,4.80
2010.05.07 08:25:54.390,0.98945,0.98995,8.80,8.80
2010.05.07 08:25:54.731,0.9894,0.9899,8.70,4.70
2010.05.07 08:25:54.920,0.98945,0.9899,4.00,1.00
2010.05.07 08:25:55.099,0.98945,0.9899,4.00,4.50
2010.05.07 08:25:55.633,0.9894,0.9899,4.50,8.50
2010.05.07 08:25:55.841,0.98945,0.98995,8.80,8.80
2010.05.07 08:25:56.182,0.98955,0.99,1.00,4.60
2010.05.07 08:25:56.524,0.98955,0.9899,1.00,8.00
2010.05.07 08:25:57.371,0.98945,0.9899,1.00,8.00
2010.05.07 08:25:57.710,0.9894,0.9899,2.20,8.60
2010.05.07 08:25:58.048,0.9894,0.9899,2.20,4.60
2010.05.07 08:25:58.892,0.98935,0.98985,1.00,1.00
2010.05.07 08:25:59.229,0.9893,0.98985,1.00,8.70
2010.05.07 08:25:59.448,0.98935,0.98985,1.20,8.00
2010.05.07 08:26:00.070,0.98925,0.98985,1.00,8.70
2010.05.07 08:26:00.293,0.9894,0.9899,1.00,8.00
2010.05.07 08:26:00.521,0.9894,0.98985,1.00,8.00
2010.05.07 08:26:00.749,0.9893,0.9898,1.00,1.00
2010.05.07 08:26:01.510,0.9893,0.98985,8.40,1.00
2010.05.07 08:26:01.849,0.98925,0.9898,9.20,1.00
2010.05.07 08:26:02.446,0.98935,0.9899,1.00,8.60
2010.05.07 08:26:02.773,0.9893,0.98985,1.00,8.80
2010.05.07 08:26:03.093,0.9893,0.9898,1.00,4.00
2010.05.07 08:26:03.748,0.9892,0.98975,1.00,1.00
2010.05.07 08:26:04.091,0.98925,0.9897,4.60,1.00
2010.05.07 08:26:04.430,0.98925,0.98975,8.80,4.80
2010.05.07 08:26:04.771,0.9893,0.98975,8.00,1.00
2010.05.07 08:26:05.630,0.98925,0.98975,8.80,1.00
2010.05.07 08:26:05.969,0.9893,0.98975,1.00,1.00
2010.05.07 08:26:11.078,0.9893,0.98975,1.00,4.60
2010.05.07 08:26:11.359,0.9892,0.9897,8.70,4.70
2010.05.07 08:26:11.640,0.98915,0.98965,8.80,8.40
2010.05.07 08:26:11.929,0.98915,0.98965,4.40,8.40
2010.05.07 08:26:12.220,0.98915,0.9896,1.00,8.00
2010.05.07 08:26:12.781,0.9891,0.9896,1.00,8.60
2010.05.07 08:26:13.071,0.9891,0.9896,4.60,8.60
2010.05.07 08:26:13.364,0.9891,0.9896,8.60,1.00
2010.05.07 08:26:13.651,0.98915,0.98965,1.00,8.80
2010.05.07 08:26:14.384,0.98915,0.98955,1.00,4.00
2010.05.07 08:26:14.719,0.98905,0.9895,4.00,1.00
2010.05.07 08:26:15.059,0.98905,0.9895,4.40,1.00
2010.05.07 08:26:16.739,0.98905,0.98955,4.60,8.60
2010.05.07 08:26:16.919,0.98905,0.9895,1.00,4.00
2010.05.07 08:26:17.461,0.98905,0.98955,4.60,8.60
2010.05.07 08:26:17.800,0.9891,0.98955,1.00,1.00
2010.05.07 08:26:18.480,0.98915,0.9896,1.00,8.40
2010.05.07 08:26:19.799,0.98915,0.9896,1.00,4.40
2010.05.07 08:26:19.879,0.9891,0.9896,8.80,4.80
2010.05.07 08:26:21.701,0.9891,0.98955,1.00,4.80
2010.05.07 08:26:22.042,0.98895,0.98935,8.00,1.00
2010.05.07 08:26:22.241,0.98895,0.98935,5.30,1.00
2010.05.07 08:26:22.441,0.98895,0.98945,4.70,8.70
2010.05.07 08:26:23.304,0.98895,0.98945,9.30,8.40
2010.05.07 08:26:23.606,0.98905,0.9895,1.00,1.00
2010.05.07 08:26:23.900,0.98905,0.9895,1.00,4.40
2010.05.07 08:26:24.191,0.98905,0.9895,1.00,8.70
2010.05.07 08:26:24.970,0.98905,0.9895,8.00,1.00
2010.05.07 08:26:25.313,0.98905,0.98955,8.50,1.00
2010.05.07 08:26:25.551,0.98905,0.98955,8.40,4.40
2010.05.07 08:26:25.790,0.9891,0.98955,1.00,4.60
2010.05.07 08:26:26.852,0.9891,0.9896,8.80,4.80
2010.05.07 08:26:27.460,0.98905,0.98955,8.50,8.50
2010.05.07 08:26:27.770,0.9891,0.98955,1.00,1.00
2010.05.07 08:26:28.582,0.9891,0.98955,1.00,8.80
2010.05.07 08:26:28.923,0.9891,0.9896,9.00,1.00
2010.05.07 08:26:29.921,0.9892,0.9897,1.00,8.00
2010.05.07 08:26:30.189,0.9891,0.98965,1.00,8.40
2010.05.07 08:26:30.449,0.9891,0.98965,1.00,8.00
2010.05.07 08:26:31.220,0.98905,0.98965,1.00,1.00
2010.05.07 08:26:31.560,0.98905,0.98965,8.40,1.00
2010.05.07 08:26:31.955,0.9891,0.98965,1.00,1.00
2010.05.07 08:26:32.417,0.9891,0.9896,1.00,1.00
2010.05.07 08:26:32.753,0.98905,0.98955,1.00,8.00
2010.05.07 08:26:33.081,0.989,0.9895,8.40,1.00
2010.05.07 08:26:33.409,0.98905,0.9896,1.00,1.00
2010.05.07 08:26:34.284,0.9891,0.98965,1.00,8.60
2010.05.07 08:26:34.621,0.98915,0.98965,1.00,8.00
2010.05.07 08:26:34.829,0.98915,0.9896,1.00,8.00
2010.05.07 08:26:35.030,0.98905,0.9896,1.00,1.00
2010.05.07 08:26:35.954,0.98915,0.9898,1.00,1.00
2010.05.07 08:26:36.180,0.98915,0.98975,1.00,1.00
2010.05.07 08:26:37.180,0.98915,0.9898,1.00,1.00
2010.05.07 08:26:37.520,0.9892,0.98985,1.00,1.00
2010.05.07 08:26:38.227,0.9892,0.98985,1.00,4.80
2010.05.07 08:26:38.567,0.9891,0.98975,1.00,1.00
2010.05.07 08:26:38.890,0.9891,0.98975,1.00,1.00
2010.05.07 08:26:39.212,0.98905,0.9897,1.00,4.80
2010.05.07 08:26:40.059,0.989,0.98965,1.00,8.80
2010.05.07 08:26:40.406,0.989,0.98965,1.00,1.00
2010.05.07 08:26:40.581,0.98895,0.98955,1.00,1.00
2010.05.07 08:26:40.759,0.98895,0.98955,4.40,1.00
2010.05.07 08:26:40.930,0.98895,0.9895,4.00,1.00
2010.05.07 08:26:41.100,0.98895,0.9895,1.00,1.00
2010.05.07 08:26:41.831,0.989,0.9895,8.00,1.00
2010.05.07 08:26:42.170,0.989,0.98955,1.00,1.00
2010.05.07 08:26:42.509,0.989,0.98955,8.40,1.00
2010.05.07 08:26:43.174,0.989,0.98955,8.50,1.00
2010.05.07 08:26:43.514,0.989,0.9895,1.00,1.00
2010.05.07 08:26:43.850,0.98895,0.98955,1.00,4.40
2010.05.07 08:26:44.131,0.98895,0.98955,4.40,1.00
2010.05.07 08:26:45.335,0.98905,0.9896,1.00,8.40
2010.05.07 08:26:45.610,0.989,0.9895,8.40,4.40
2010.05.07 08:26:46.721,0.98905,0.9895,8.00,1.00
2010.05.07 08:26:47.324,0.98905,0.9895,4.00,4.40
2010.05.07 08:26:47.675,0.98905,0.9895,1.00,8.00
2010.05.07 08:26:48.759,0.98905,0.98955,8.80,1.00
2010.05.07 08:26:49.102,0.9891,0.98955,1.00,1.00
2010.05.07 08:26:49.441,0.98905,0.9896,1.00,1.00
2010.05.07 08:26:50.200,0.98905,0.98965,1.00,4.50
2010.05.07 08:26:51.028,0.98905,0.98955,4.50,1.00
2010.05.07 08:26:51.371,0.989,0.9895,4.00,1.00
2010.05.07 08:26:51.711,0.989,0.98955,4.00,1.00
2010.05.07 08:26:52.560,0.989,0.98955,1.00,1.00
2010.05.07 08:26:52.900,0.989,0.98955,1.00,1.00
2010.05.07 08:26:53.241,0.989,0.98955,8.60,1.00
2010.05.07 08:26:54.111,0.9891,0.98955,8.00,1.00
2010.05.07 08:26:54.451,0.9891,0.98955,1.00,4.00
2010.05.07 08:26:55.158,0.9891,0.98955,1.00,8.00
2010.05.07 08:26:55.403,0.98905,0.9895,4.00,1.00
2010.05.07 08:26:55.651,0.98905,0.98955,4.50,8.50
2010.05.07 08:26:56.169,0.98905,0.98955,4.40,8.40
2010.05.07 08:26:56.526,0.98905,0.9895,1.00,8.50
2010.05.07 08:26:56.871,0.989,0.9895,4.40,8.40
2010.05.07 08:26:58.123,0.989,0.9895,5.10,8.70
2010.05.07 08:26:58.329,0.9891,0.9895,4.00,1.00
2010.05.07 08:26:58.539,0.9891,0.9896,4.50,4.50
2010.05.07 08:26:59.271,0.9891,0.9896,4.80,8.80
2010.05.07 08:26:59.611,0.98915,0.98955,8.00,1.00
2010.05.07 08:27:00.820,0.98915,0.9896,8.00,1.00
2010.05.07 08:27:01.429,0.98915,0.9896,4.50,1.00
2010.05.07 08:27:01.679,0.9891,0.9896,8.80,1.00
2010.05.07 08:27:02.601,0.9891,0.9896,8.50,1.00
2010.05.07 08:27:02.820,0.98915,0.98965,1.00,8.40
2010.05.07 08:27:04.349,0.98915,0.9896,4.00,1.00
2010.05.07 08:27:04.640,0.9891,0.9896,4.50,8.50
2010.05.07 08:27:05.441,0.98905,0.98955,8.40,8.40
2010.05.07 08:27:05.731,0.9889,0.98935,1.00,1.00
2010.05.07 08:27:06.796,0.9888,0.98945,1.00,1.00
2010.05.07 08:27:07.142,0.9888,0.9894,4.00,1.00
2010.05.07 08:27:07.482,0.98885,0.98945,1.00,1.00
2010.05.07 08:27:08.317,0.98885,0.9895,1.00,4.60
2010.05.07 08:27:08.650,0.98895,0.9896,1.00,1.00
2010.05.07 08:27:08.899,0.989,0.98965,1.00,1.00
2010.05.07 08:27:09.659,0.98905,0.9897,1.00,8.40
2010.05.07 08:27:10.226,0.989,0.98965,2.00,1.00
2010.05.07 08:27:10.729,0.98905,0.98965,1.00,1.00
2010.05.07 08:27:10.889,0.9891,0.9896,4.00,8.00
2010.05.07 08:27:11.050,0.9891,0.98965,8.00,8.80
2010.05.07 08:27:11.209,0.98915,0.9896,1.00,1.00
2010.05.07 08:27:11.528,0.98915,0.9896,1.00,4.50
2010.05.07 08:27:12.111,0.9891,0.9896,8.50,4.50
2010.05.07 08:27:12.485,0.98915,0.98965,1.00,8.00
2010.05.07 08:27:12.821,0.98905,0.9896,1.00,1.00
2010.05.07 08:27:13.159,0.98905,0.98955,1.00,8.00
2010.05.07 08:27:13.480,0.989,0.9895,4.00,1.00
2010.05.07 08:27:13.800,0.98905,0.9896,1.00,1.00
2010.05.07 08:27:14.642,0.98905,0.9896,1.00,1.00
2010.05.07 08:27:14.808,0.98905,0.9896,8.50,1.00
2010.05.07 08:27:14.979,0.9891,0.98965,1.00,1.00
2010.05.07 08:27:15.149,0.98905,0.9896,1.00,1.00
2010.05.07 08:27:15.319,0.9891,0.98965,1.00,8.40
2010.05.07 08:27:15.832,0.9891,0.98965,1.00,4.40
2010.05.07 08:27:16.150,0.98895,0.9895,1.00,1.00
2010.05.07 08:27:16.489,0.989,0.98955,1.00,1.00
2010.05.07 08:27:16.829,0.98895,0.98955,1.00,4.40
2010.05.07 08:27:18.042,0.98895,0.9895,1.00,1.00
2010.05.07 08:27:19.098,0.98895,0.9895,8.70,8.70
2010.05.07 08:27:19.879,0.98895,0.98945,1.00,8.70
2010.05.07 08:27:19.990,0.98885,0.9894,4.50,1.00
2010.05.07 08:27:20.099,0.9889,0.98945,1.00,1.00
2010.05.07 08:27:20.659,0.98885,0.9894,8.40,1.00
2010.05.07 08:27:20.768,0.98885,0.9894,1.00,1.00
2010.05.07 08:27:22.291,0.9889,0.98945,1.00,1.00
2010.05.07 08:27:22.502,0.9889,0.98945,8.80,1.00
2010.05.07 08:27:22.729,0.9889,0.98945,10.40,1.00
2010.05.07 08:27:22.950,0.98895,0.9895,1.10,1.00
2010.05.07 08:27:23.486,0.98895,0.9895,9.10,1.00
2010.05.07 08:27:23.702,0.989,0.9896,1.00,8.40
2010.05.07 08:27:24.040,0.98905,0.9896,1.00,1.00
2010.05.07 08:27:24.379,0.98915,0.98965,8.00,8.60
2010.05.07 08:27:25.242,0.98915,0.98965,8.50,1.00
2010.05.07 08:27:25.849,0.98915,0.98965,1.00,8.50
2010.05.07 08:27:26.588,0.9892,0.98965,4.00,1.00
2010.05.07 08:27:26.932,0.9892,0.98965,1.00,1.00
2010.05.07 08:27:27.269,0.9892,0.98965,1.00,1.00
2010.05.07 08:27:28.096,0.9892,0.98965,8.40,1.00
2010.05.07 08:27:28.424,0.98925,0.98975,8.50,1.00
2010.05.07 08:27:28.759,0.9893,0.98975,1.00,1.00
2010.05.07 08:27:29.103,0.9892,0.9897,8.80,4.80
2010.05.07 08:27:29.945,0.9892,0.9896,1.00,4.00
2010.05.07 08:27:30.216,0.98905,0.98955,4.50,8.50
2010.05.07 08:27:30.472,0.98905,0.98955,8.50,4.50
2010.05.07 08:27:30.811,0.98905,0.98955,8.50,1.00
2010.05.07 08:27:31.668,0.98915,0.98965,1.00,8.40
2010.05.07 08:27:32.489,0.9892,0.98965,4.00,1.00
2010.05.07 08:27:33.341,0.9892,0.9897,4.80,8.80
2010.05.07 08:27:34.069,0.9892,0.9896,1.00,4.00
2010.05.07 08:27:34.320,0.98915,0.9896,1.00,8.00
2010.05.07 08:27:35.130,0.98915,0.98965,4.80,8.80
2010.05.07 08:27:35.411,0.9892,0.98965,4.00,1.00
2010.05.07 08:27:35.689,0.98925,0.9897,8.40,1.00
2010.05.07 08:27:36.244,0.98925,0.9897,4.40,4.40
2010.05.07 08:27:36.591,0.9892,0.98975,8.60,1.00
2010.05.07 08:27:36.930,0.9892,0.98975,8.50,1.00
2010.05.07 08:27:37.269,0.98925,0.9898,1.00,1.00
2010.05.07 08:27:39.879,0.98925,0.9898,1.00,4.40
2010.05.07 08:27:40.445,0.98925,0.9898,1.00,1.00
2010.05.07 08:27:40.560,0.98925,0.9898,1.00,1.00
2010.05.07 08:27:41.027,0.9893,0.9898,4.00,4.50
2010.05.07 08:27:41.169,0.9893,0.9898,4.00,8.50
2010.05.07 08:27:41.309,0.9893,0.9898,4.70,8.70
2010.05.07 08:27:43.681,0.98925,0.98975,1.00,8.50
2010.05.07 08:27:43.779,0.9892,0.9897,8.50,1.00
2010.05.07 08:27:44.079,0.9892,0.98965,1.00,8.00
2010.05.07 08:27:44.710,0.98915,0.98965,8.60,4.60
2010.05.07 08:27:47.753,0.98915,0.98965,4.40,8.40
2010.05.07 08:27:48.470,0.98915,0.98965,4.80,8.80
2010.05.07 08:27:48.830,0.9891,0.9896,4.50,8.50
2010.05.07 08:27:49.181,0.9891,0.98955,1.00,8.00
2010.05.07 08:27:49.411,0.9891,0.98955,1.00,4.00
2010.05.07 08:27:49.927,0.9891,0.9896,4.50,8.50
2010.05.07 08:27:50.142,0.98915,0.98955,8.00,1.00
2010.05.07 08:27:50.372,0.98915,0.98965,8.40,1.00
2010.05.07 08:27:50.700,0.98925,0.9897,1.00,8.50
2010.05.07 08:27:51.345,0.98925,0.98965,1.00,8.00
2010.05.07 08:27:51.642,0.9892,0.98965,1.00,1.00
2010.05.07 08:27:52.745,0.98915,0.98965,8.40,8.40
2010.05.07 08:27:53.762,0.9892,0.98965,8.00,1.00
2010.05.07 08:27:54.289,0.98925,0.9897,1.00,1.00
2010.05.07 08:27:54.631,0.98925,0.9897,1.00,4.50
2010.05.07 08:27:55.040,0.9892,0.98965,4.00,1.00
2010.05.07 08:27:55.239,0.98915,0.9896,1.00,8.00
2010.05.07 08:27:55.440,0.98915,0.98955,4.00,1.00
2010.05.07 08:27:55.649,0.98915,0.98965,8.70,4.70
2010.05.07 08:27:56.900,0.98915,0.98965,4.80,8.80
2010.05.07 08:27:57.040,0.98915,0.9896,1.00,4.00
2010.05.07 08:27:57.170,0.9891,0.9896,4.70,8.70
2010.05.07 08:27:57.991,0.98915,0.9896,1.00,4.70
2010.05.07 08:27:59.415,0.98915,0.9896,8.70,1.00
2010.05.07 08:27:59.753,0.98915,0.9896,1.00,1.00
2010.05.07 08:28:00.090,0.98915,0.9896,4.80,1.00
2010.05.07 08:28:01.471,0.98915,0.9896,1.00,8.80
2010.05.07 08:28:01.740,0.9891,0.9896,4.60,8.60
2010.05.07 08:28:02.070,0.9891,0.98955,4.60,1.00
2010.05.07 08:28:02.338,0.9891,0.9895,1.00,4.00
2010.05.07 08:28:03.040,0.98905,0.98955,8.40,1.00
2010.05.07 08:28:03.380,0.9891,0.98955,1.00,1.00
2010.05.07 08:28:03.900,0.9891,0.98955,4.80,1.00
2010.05.07 08:28:04.159,0.9891,0.9896,1.00,8.70
2010.05.07 08:28:04.656,0.9891,0.98955,1.00,4.00
2010.05.07 08:28:04.915,0.98915,0.9896,4.80,1.00
2010.05.07 08:28:05.169,0.98915,0.98965,4.40,8.40
2010.05.07 08:28:06.341,0.98915,0.98965,8.70,4.70
2010.05.07 08:28:06.680,0.9892,0.98965,8.60,1.00
2010.05.07 08:28:07.021,0.98925,0.98975,4.70,8.70
2010.05.07 08:28:07.360,0.9893,0.9898,4.50,8.50
2010.05.07 08:28:08.463,0.98935,0.9898,8.00,1.00
2010.05.07 08:28:08.610,0.98935,0.98975,4.00,1.00
2010.05.07 08:28:08.749,0.9893,0.98975,1.00,1.00
2010.05.07 08:28:09.523,0.98935,0.9898,1.00,8.00
2010.05.07 08:28:09.861,0.9893,0.98975,4.70,1.00
2010.05.07 08:28:10.200,0.98935,0.9898,4.00,1.00
2010.05.07 08:28:10.938,0.9893,0.9898,8.60,1.00
2010.05.07 08:28:11.241,0.98935,0.9898,1.00,8.00
2010.05.07 08:28:11.550,0.9894,0.98985,4.40,1.00
2010.05.07 08:28:11.890,0.9893,0.9898,4.80,8.80
2010.05.07 08:28:12.229,0.98935,0.9898,1.00,8.40
2010.05.07 08:28:13.031,0.98935,0.9898,1.00,8.80
2010.05.07 08:28:13.250,0.98935,0.98985,8.40,8.40
2010.05.07 08:28:13.679,0.98935,0.98975,8.00,1.00
2010.05.07 08:28:14.104,0.98935,0.98985,8.70,8.70
2010.05.07 08:28:15.387,0.98935,0.98985,8.70,1.00
2010.05.07 08:28:15.563,0.9894,0.98985,1.00,8.60
2010.05.07 08:28:15.731,0.98935,0.98985,8.50,1.00
2010.05.07 08:28:16.069,0.9894,0.9899,1.00,8.70
2010.05.07 08:28:16.240,0.9894,0.98985,1.00,1.00
2010.05.07 08:28:16.911,0.9894,0.9898,1.00,4.00
2010.05.07 08:28:17.253,0.9894,0.99,2.10,4.50
2010.05.07 08:28:17.590,0.98935,0.9899,1.00,1.00
2010.05.07 08:28:17.900,0.98935,0.98995,1.00,4.60
2010.05.07 08:28:18.211,0.98935,0.9899,1.00,1.00
2010.05.07 08:28:18.875,0.98935,0.98995,1.00,4.70
2010.05.07 08:28:19.180,0.9894,0.99,1.00,8.40
2010.05.07 08:28:21.751,0.9894,0.98995,4.40,4.00
2010.05.07 08:28:21.989,0.98945,0.9899,4.80,1.00
2010.05.07 08:28:22.681,0.98945,0.9899,8.80,1.00
2010.05.07 08:28:23.023,0.98935,0.98965,1.00,1.00
2010.05.07 08:28:23.362,0.98925,0.98965,1.00,1.00
2010.05.07 08:28:24.140,0.9892,0.98965,1.00,1.00
2010.05.07 08:28:24.433,0.9892,0.98965,8.50,1.00
2010.05.07 08:28:24.669,0.9892,0.98965,8.40,1.00
2010.05.07 08:28:25.151,0.9892,0.98965,4.40,1.00
2010.05.07 08:28:25.391,0.9893,0.98965,4.00,1.00
2010.05.07 08:28:26.040,0.9893,0.98975,8.80,1.00
2010.05.07 08:28:26.381,0.9894,0.98985,1.00,8.70
2010.05.07 08:28:26.721,0.9893,0.9898,8.80,1.00
2010.05.07 08:28:27.020,0.9893,0.98975,8.50,1.00
2010.05.07 08:28:27.320,0.9893,0.98975,1.00,4.50
2010.05.07 08:28:28.120,0.98935,0.9898,8.00,1.00
2010.05.07 08:28:28.560,0.98935,0.9898,4.80,1.00
2010.05.07 08:28:28.780,0.9893,0.9898,8.60,1.00
2010.05.07 08:28:29.511,0.9893,0.98985,8.60,1.00
2010.05.07 08:28:29.852,0.98935,0.98985,8.70,1.10
2010.05.07 08:28:30.189,0.9894,0.98985,4.00,1.00
2010.05.07 08:28:31.571,0.9894,0.98995,8.50,1.00
2010.05.07 08:28:31.740,0.98945,0.98995,4.70,1.00
2010.05.07 08:28:31.908,0.9895,0.98995,4.00,1.00
2010.05.07 08:28:33.280,0.98945,0.9899,1.00,4.40
2010.05.07 08:28:33.620,0.98945,0.9899,1.00,4.80
2010.05.07 08:28:34.273,0.98935,0.98985,8.40,8.40
2010.05.07 08:28:34.610,0.9894,0.9899,8.70,4.70
2010.05.07 08:28:37.184,0.98935,0.98985,8.70,8.70
2010.05.07 08:28:37.470,0.9894,0.9898,1.00,4.00
2010.05.07 08:28:37.750,0.98935,0.9898,1.00,8.40
2010.05.07 08:28:38.622,0.98925,0.9897,8.50,1.00
2010.05.07 08:28:38.960,0.98925,0.98965,1.00,4.00
2010.05.07 08:28:39.300,0.98925,0.9897,1.00,4.70
2010.05.07 08:28:39.529,0.98925,0.9897,1.00,4.40
2010.05.07 08:28:39.759,0.98925,0.9897,1.00,1.00
2010.05.07 08:28:40.439,0.9893,0.9897,4.00,1.00
2010.05.07 08:28:40.580,0.9893,0.9898,1.00,8.40
2010.05.07 08:28:40.859,0.9893,0.98975,1.00,1.00
2010.05.07 08:28:40.999,0.9893,0.98975,1.00,1.00
2010.05.07 08:28:41.140,0.9893,0.98975,1.00,4.00
2010.05.07 08:28:41.856,0.9893,0.98975,1.00,4.80
2010.05.07 08:28:42.206,0.98935,0.9898,1.00,1.00
2010.05.07 08:28:43.750,0.98935,0.9898,1.00,8.50
2010.05.07 08:28:43.985,0.9894,0.9899,4.80,8.80
2010.05.07 08:28:45.759,0.9895,0.9899,4.00,1.00
2010.05.07 08:28:46.092,0.98955,0.9899,1.00,4.00
2010.05.07 08:28:46.282,0.9895,0.9899,8.00,1.00
2010.05.07 08:28:46.974,0.98955,0.99,1.00,1.00
2010.05.07 08:28:47.309,0.9896,0.9901,1.00,1.00
2010.05.07 08:28:47.650,0.98955,0.9901,1.00,8.70
2010.05.07 08:28:48.362,0.9895,0.99005,1.00,1.00
2010.05.07 08:28:48.703,0.98955,0.9901,1.00,1.00
2010.05.07 08:28:49.040,0.98955,0.9901,1.00,1.00
2010.05.07 08:28:49.362,0.98955,0.9901,8.50,1.00
2010.05.07 08:28:50.191,0.98955,0.9901,1.00,1.00
2010.05.07 08:28:50.439,0.9895,0.9901,4.60,4.60
2010.05.07 08:28:50.679,0.9895,0.9901,4.60,1.00
2010.05.07 08:28:50.919,0.9895,0.9901,4.40,1.00
2010.05.07 08:28:51.788,0.98955,0.99005,8.50,8.50
2010.05.07 08:28:52.235,0.98955,0.99005,8.40,8.40
2010.05.07 08:28:53.563,0.98945,0.98995,8.40,4.40
2010.05.07 08:28:55.692,0.9895,0.99,4.40,8.40
2010.05.07 08:28:55.891,0.9895,0.9899,1.00,8.00
2010.05.07 08:28:56.091,0.98935,0.98985,4.50,8.50
2010.05.07 08:28:56.807,0.9895,0.98995,4.00,4.60
2010.05.07 08:28:57.150,0.9895,0.99,4.60,8.60
2010.05.07 08:28:58.566,0.9895,0.99,1.00,8.60
2010.05.07 08:28:58.903,0.9895,0.98995,1.00,8.00
2010.05.07 08:28:59.089,0.9895,0.9899,1.00,4.00
2010.05.07 08:28:59.269,0.98945,0.9899,1.00,4.40
2010.05.07 08:29:00.356,0.9895,0.98995,1.00,4.80
2010.05.07 08:29:00.681,0.9895,0.98995,1.00,1.00
2010.05.07 08:29:01.801,0.98955,0.99,1.00,8.40
2010.05.07 08:29:02.204,0.9895,0.99,1.00,8.80
2010.05.07 08:29:02.510,0.98945,0.98995,8.80,1.00
2010.05.07 08:29:03.394,0.98955,0.99,8.00,1.00
2010.05.07 08:29:03.732,0.9895,0.98995,1.00,8.00
2010.05.07 08:29:03.989,0.9895,0.99,1.00,4.40
2010.05.07 08:29:04.249,0.9894,0.98995,1.00,1.00
2010.05.07 08:29:05.579,0.9894,0.98995,1.00,1.00
2010.05.07 08:29:07.320,0.9894,0.98995,1.00,1.00
2010.05.07 08:29:08.149,0.98935,0.9899,1.00,1.00
2010.05.07 08:29:09.142,0.98935,0.9899,1.00,1.00
2010.05.07 08:29:09.462,0.98945,0.98995,8.50,1.00
2010.05.07 08:29:10.496,0.98945,0.98995,1.00,1.00
2010.05.07 08:29:10.733,0.9894,0.98995,8.50,1.00
2010.05.07 08:29:11.390,0.98935,0.98985,8.50,1.00
2010.05.07 08:29:11.619,0.98935,0.98985,1.00,1.00
2010.05.07 08:29:11.959,0.9893,0.9898,8.60,1.00
2010.05.07 08:29:12.830,0.98925,0.9898,1.00,1.00
2010.05.07 08:29:13.000,0.98925,0.9897,8.00,1.00
2010.05.07 08:29:13.170,0.98925,0.9898,8.40,1.00
2010.05.07 08:29:14.187,0.98925,0.9898,8.40,1.00
2010.05.07 08:29:14.532,0.9893,0.9898,8.60,1.00
2010.05.07 08:29:15.375,0.98925,0.98985,1.00,1.00
2010.05.07 08:29:15.715,0.9892,0.98985,1.00,1.00
2010.05.07 08:29:16.052,0.98915,0.98975,2.00,1.00
2010.05.07 08:29:16.854,0.98915,0.9898,1.00,1.00
2010.05.07 08:29:17.124,0.98905,0.98965,1.40,1.00
2010.05.07 08:29:17.460,0.989,0.98965,1.60,1.00
2010.05.07 08:29:18.602,0.98905,0.9896,1.20,1.00
2010.05.07 08:29:18.893,0.98895,0.9896,1.00,4.40
2010.05.07 08:29:19.666,0.98895,0.98955,1.30,5.10
2010.05.07 08:29:19.983,0.98885,0.9895,2.60,4.40
2010.05.07 08:29:20.300,0.98885,0.9894,2.60,1.00
2010.05.07 08:29:20.609,0.98885,0.98945,2.60,1.00
2010.05.07 08:29:21.652,0.98895,0.98955,1.00,1.00
2010.05.07 08:29:21.909,0.9889,0.9894,1.00,1.00
2010.05.07 08:29:22.170,0.98865,0.98915,5.00,4.50
2010.05.07 08:29:22.429,0.98865,0.98915,1.00,1.00
2010.05.07 08:29:23.283,0.9887,0.98915,1.00,1.00
2010.05.07 08:29:23.958,0.98865,0.98915,1.20,1.00
2010.05.07 08:29:24.840,0.98865,0.9892,1.60,1.00
2010.05.07 08:29:25.034,0.98865,0.98925,1.60,8.50
2010.05.07 08:29:25.221,0.9886,0.9892,1.00,1.00
2010.05.07 08:29:26.003,0.98865,0.9893,2.00,1.00
2010.05.07 08:29:26.321,0.98865,0.98925,1.60,4.60
2010.05.07 08:29:26.639,0.98865,0.9892,1.60,1.00
2010.05.07 08:29:27.629,0.98865,0.9892,1.60,8.70
2010.05.07 08:29:27.974,0.98875,0.98915,4.00,1.00
2010.05.07 08:29:28.170,0.98875,0.98925,1.00,8.60
2010.05.07 08:29:28.372,0.98875,0.9892,1.00,4.00
2010.05.07 08:29:29.080,0.98875,0.9892,1.00,4.40
2010.05.07 08:29:29.420,0.98875,0.9892,8.80,1.00
2010.05.07 08:29:29.760,0.9888,0.98925,1.00,1.00
2010.05.07 08:29:32.230,0.9888,0.98925,1.00,4.70
2010.05.07 08:29:33.180,0.98875,0.98925,8.40,4.40
2010.05.07 08:29:33.878,0.9888,0.98925,4.00,1.00
2010.05.07 08:29:34.236,0.9889,0.9894,4.60,8.60
2010.05.07 08:29:34.584,0.98895,0.9894,1.00,4.70
2010.05.07 08:29:35.481,0.98885,0.9893,8.70,1.00
2010.05.07 08:29:35.821,0.98895,0.9894,1.00,1.10
2010.05.07 08:29:36.160,0.98885,0.9894,1.00,9.10
2010.05.07 08:29:37.054,0.9888,0.98935,1.00,1.00
2010.05.07 08:29:37.392,0.98885,0.9894,1.00,1.00
2010.05.07 08:29:37.631,0.9889,0.98945,4.40,1.00
2010.05.07 08:29:37.872,0.98895,0.98955,1.00,4.40
2010.05.07 08:29:38.435,0.98895,0.98955,1.00,4.80
2010.05.07 08:29:38.763,0.989,0.9896,1.00,1.00
2010.05.07 08:29:39.093,0.98905,0.98955,1.00,1.00
2010.05.07 08:29:39.423,0.989,0.9896,1.00,4.40
2010.05.07 08:29:39.973,0.989,0.9896,2.80,4.40
2010.05.07 08:29:40.315,0.98915,0.9897,4.60,1.00
2010.05.07 08:29:40.653,0.9891,0.98965,1.00,1.00
2010.05.07 08:29:41.448,0.98915,0.9897,8.40,1.00
2010.05.07 08:29:41.660,0.9892,0.98975,1.00,8.90
2010.05.07 08:29:42.080,0.98915,0.9897,1.00,1.00
2010.05.07 08:29:43.001,0.98915,0.9897,1.00,1.00
2010.05.07 08:29:43.329,0.98915,0.98965,8.80,4.80
2010.05.07 08:29:43.660,0.9892,0.98965,1.00,1.00
2010.05.07 08:29:44.492,0.9892,0.9897,1.00,8.80
2010.05.07 08:29:46.480,0.9892,0.9897,1.00,8.60
2010.05.07 08:29:47.225,0.9891,0.98955,2.00,1.00
2010.05.07 08:29:47.462,0.9891,0.9896,6.00,4.40
2010.05.07 08:29:47.700,0.9891,0.9896,10.00,1.00
2010.05.07 08:29:47.940,0.98915,0.9896,1.00,1.00
2010.05.07 08:29:48.812,0.9891,0.98955,2.00,1.00
2010.05.07 08:29:49.152,0.98925,0.98955,8.00,1.00
2010.05.07 08:29:49.490,0.98925,0.98975,10.40,8.80
2010.05.07 08:29:50.003,0.98925,0.98975,6.40,4.80
2010.05.07 08:29:50.313,0.98925,0.9898,1.60,4.80
2010.05.07 08:29:50.631,0.98925,0.98975,1.60,1.00
2010.05.07 08:29:50.900,0.98925,0.9897,1.60,1.00
2010.05.07 08:29:52.788,0.9892,0.9897,1.60,1.00
2010.05.07 08:29:53.896,0.98915,0.9897,1.00,1.00
2010.05.07 08:29:54.042,0.98915,0.9897,1.60,1.00
2010.05.07 08:29:54.190,0.98915,0.9897,2.00,1.00
2010.05.07 08:29:54.609,0.98915,0.9897,2.30,1.00
2010.05.07 08:29:54.749,0.9892,0.9897,1.00,8.40
2010.05.07 08:29:55.882,0.9892,0.9897,4.70,8.70
2010.05.07 08:29:56.222,0.98915,0.98965,8.40,8.40
2010.05.07 08:29:56.429,0.98915,0.98965,8.60,8.60
2010.05.07 08:29:56.631,0.98915,0.9896,1.00,8.00
2010.05.07 08:29:56.830,0.9891,0.98955,4.00,1.00
2010.05.07 08:29:57.552,0.98905,0.9896,2.00,1.00
2010.05.07 08:29:59.702,0.98905,0.98955,2.70,8.00
2010.05.07 08:30:00.100,0.98905,0.98955,1.10,8.00
2010.05.07 08:30:00.299,0.989,0.98955,10.00,8.40
2010.05.07 08:30:01.189,0.98905,0.9896,6.80,8.40
2010.05.07 08:30:01.792,0.9891,0.98965,4.40,8.40
2010.05.07 08:30:02.595,0.9891,0.98955,4.40,8.00
2010.05.07 08:30:02.933,0.989,0.9894,4.00,4.00
2010.05.07 08:30:03.954,0.98895,0.9894,9.10,4.00
2010.05.07 08:30:04.251,0.98885,0.9893,8.00,8.00
2010.05.07 08:30:06.860,0.9889,0.98935,8.00,8.00
2010.05.07 08:30:10.061,0.98885,0.9893,9.30,8.00
2010.05.07 08:30:10.814,0.9888,0.98925,4.00,8.00
2010.05.07 08:30:11.153,0.98885,0.9893,8.00,8.00
2010.05.07 08:30:11.490,0.98875,0.98925,8.00,4.00
2010.05.07 08:30:12.212,0.98885,0.98925,4.00,4.00
2010.05.07 08:30:12.894,0.9887,0.98915,1.40,4.00
2010.05.07 08:30:13.191,0.98865,0.98915,8.00,4.00
2010.05.07 08:30:14.290,0.9887,0.9891,1.00,4.00
2010.05.07 08:30:14.579,0.98865,0.9891,8.00,1.00
2010.05.07 08:30:15.431,0.98865,0.98915,8.70,4.70
2010.05.07 08:30:15.714,0.98865,0.9891,1.00,4.00
2010.05.07 08:30:16.490,0.98865,0.9891,4.70,1.00
2010.05.07 08:30:16.833,0.9886,0.9891,1.00,8.80
2010.05.07 08:30:17.169,0.9886,0.9891,1.00,8.50
2010.05.07 08:30:17.510,0.98865,0.9891,8.00,1.00
2010.05.07 08:30:18.121,0.98865,0.98915,8.70,4.70
2010.05.07 08:30:18.463,0.9886,0.98905,4.00,4.40
2010.05.07 08:30:18.800,0.9886,0.9891,4.50,8.50
2010.05.07 08:30:19.369,0.9886,0.9891,4.80,8.80
2010.05.07 08:30:20.322,0.9886,0.9891,4.50,8.90
2010.05.07 08:30:20.471,0.98855,0.989,1.00,1.00
2010.05.07 08:30:20.619,0.9885,0.989,8.80,1.00
2010.05.07 08:30:20.761,0.98845,0.98895,4.40,8.40
2010.05.07 08:30:21.050,0.98855,0.989,1.00,1.00
2010.05.07 08:30:21.923,0.98855,0.989,1.00,8.50
2010.05.07 08:30:22.252,0.98855,0.98905,8.40,1.00
2010.05.07 08:30:24.190,0.9886,0.98905,4.50,1.00
2010.05.07 08:30:24.782,0.9886,0.9891,4.40,8.40
2010.05.07 08:30:26.091,0.98865,0.98915,8.40,1.00
2010.05.07 08:30:26.339,0.98865,0.98915,4.40,8.40
2010.05.07 08:30:26.590,0.9887,0.98915,1.00,1.00
2010.05.07 08:30:27.332,0.9887,0.9891,1.00,8.00
2010.05.07 08:30:27.569,0.9887,0.98915,1.00,8.80
2010.05.07 08:30:27.809,0.9886,0.9891,8.50,1.00
2010.05.07 08:30:28.356,0.98865,0.98915,1.00,8.80
2010.05.07 08:30:30.761,0.9888,0.98925,4.00,1.00
2010.05.07 08:30:31.373,0.9888,0.9893,8.70,4.70
2010.05.07 08:30:31.833,0.98885,0.98925,1.00,8.00
2010.05.07 08:30:32.517,0.98885,0.98925,4.40,4.00
2010.05.07 08:30:32.761,0.9889,0.98935,4.50,1.00
2010.05.07 08:30:33.010,0.989,0.98945,1.00,1.00
2010.05.07 08:30:34.059,0.98895,0.9894,8.60,1.00
2010.05.07 08:30:34.402,0.98895,0.9894,9.60,1.00
2010.05.07 08:30:34.741,0.989,0.98945,8.00,1.00
2010.05.07 08:30:35.541,0.98905,0.98955,1.00,8.50
2010.05.07 08:30:36.299,0.9891,0.98955,1.00,8.00
2010.05.07 08:30:36.640,0.9891,0.98955,4.00,1.00
2010.05.07 08:30:37.621,0.98905,0.98955,8.50,4.50
2010.05.07 08:30:37.950,0.98905,0.98955,8.50,1.00
2010.05.07 08:30:39.103,0.98905,0.98955,8.50,4.50
2010.05.07 08:30:39.380,0.98905,0.98955,1.00,8.40
2010.05.07 08:30:39.650,0.989,0.98945,2.00,1.00
2010.05.07 08:30:39.920,0.989,0.98945,1.20,1.00
2010.05.07 08:30:40.189,0.989,0.9895,1.20,8.70
2010.05.07 08:30:41.219,0.989,0.9895,1.20,8.40
2010.05.07 08:30:41.539,0.98905,0.98955,8.40,8.40
2010.05.07 08:30:42.531,0.98905,0.9895,8.80,1.00
2010.05.07 08:30:43.211,0.9891,0.98955,1.00,8.60
2010.05.07 08:30:43.551,0.9891,0.98955,1.00,8.40
2010.05.07 08:30:44.380,0.989,0.9895,1.00,8.80
2010.05.07 08:30:45.339,0.989,0.98945,1.00,1.00
2010.05.07 08:30:46.790,0.989,0.98945,1.00,1.00
2010.05.07 08:30:50.941,0.98895,0.98945,8.80,1.00
2010.05.07 08:30:51.241,0.98895,0.9894,1.00,8.00
2010.05.07 08:30:51.440,0.9889,0.9894,1.00,8.70
2010.05.07 08:30:52.063,0.9889,0.9894,1.00,8.60
2010.05.07 08:30:52.741,0.98885,0.9893,1.00,1.00
2010.05.07 08:30:53.081,0.9888,0.98925,1.00,1.00
2010.05.07 08:30:53.931,0.98885,0.9893,1.00,4.00
2010.05.07 08:30:54.270,0.98885,0.9893,1.00,8.00
2010.05.07 08:30:54.610,0.9888,0.98925,4.80,1.00
2010.05.07 08:30:57.076,0.9888,0.9893,4.40,8.40
2010.05.07 08:30:57.421,0.98885,0.9893,4.50,4.00
2010.05.07 08:30:57.669,0.98885,0.98935,4.50,8.50
2010.05.07 08:30:58.420,0.9889,0.98935,1.00,8.80
2010.05.07 08:30:58.659,0.9889,0.98935,1.00,4.80
2010.05.07 08:30:59.460,0.9889,0.98935,4.80,1.00
2010.05.07 08:30:59.641,0.98895,0.9894,4.00,1.00
2010.05.07 08:30:59.819,0.98895,0.9894,8.00,1.00
2010.05.07 08:31:00.179,0.98895,0.9894,1.00,4.00
2010.05.07 08:31:00.359,0.9889,0.9894,8.70,4.70
2010.05.07 08:31:01.350,0.98895,0.98935,1.00,4.00
2010.05.07 08:31:01.650,0.98885,0.98935,10.20,8.60
2010.05.07 08:31:01.950,0.9889,0.98935,1.00,8.00
2010.05.07 08:31:02.781,0.98895,0.9894,1.00,1.00
2010.05.07 08:31:03.119,0.98895,0.9894,1.00,1.00
2010.05.07 08:31:04.103,0.9889,0.98935,1.00,1.00
2010.05.07 08:31:04.333,0.98895,0.98945,8.40,1.00
2010.05.07 08:31:04.611,0.989,0.98945,1.00,4.70
2010.05.07 08:31:08.632,0.98895,0.9894,8.50,1.00
2010.05.07 08:31:08.961,0.98895,0.9894,1.00,4.00
2010.05.07 08:31:09.810,0.989,0.98945,1.00,1.00
2010.05.07 08:31:10.120,0.9889,0.9894,8.40,4.40
2010.05.07 08:31:10.430,0.9889,0.9894,10.20,1.00
2010.05.07 08:31:11.272,0.9889,0.98925,1.00,8.00
2010.05.07 08:31:11.560,0.98875,0.98925,1.20,1.00
2010.05.07 08:31:11.850,0.98875,0.9893,1.20,4.70
2010.05.07 08:31:12.734,0.98865,0.9892,6.10,1.00
2010.05.07 08:31:13.072,0.98875,0.9893,1.00,1.00
2010.05.07 08:31:13.933,0.98875,0.9893,1.00,1.00
2010.05.07 08:31:14.272,0.98875,0.9893,1.90,1.00
2010.05.07 08:31:15.801,0.98875,0.9893,1.00,1.00
2010.05.07 08:31:16.309,0.98875,0.98925,1.40,1.00
2010.05.07 08:31:16.610,0.98875,0.98925,1.90,8.40
2010.05.07 08:31:16.759,0.9887,0.9892,8.50,1.00
2010.05.07 08:31:17.407,0.98875,0.9892,5.60,1.00
2010.05.07 08:31:17.758,0.9888,0.98925,4.00,1.00
2010.05.07 08:31:18.103,0.9888,0.9893,4.50,8.50
2010.05.07 08:31:18.341,0.9888,0.9893,1.00,8.50
2010.05.07 08:31:18.811,0.98875,0.98925,8.70,1.00
2010.05.07 08:31:20.711,0.9888,0.98925,8.40,1.00
2010.05.07 08:31:21.502,0.9886,0.9892,2.40,8.80
2010.05.07 08:31:21.759,0.9886,0.98915,2.10,1.00
2010.05.07 08:31:22.010,0.9886,0.98915,1.60,1.00
2010.05.07 08:31:25.031,0.9887,0.9892,1.60,1.00
2010.05.07 08:31:25.260,0.9888,0.9893,1.60,1.00
2010.05.07 08:31:25.490,0.9888,0.9894,2.10,4.50
2010.05.07 08:31:25.720,0.9888,0.9894,6.10,1.00
2010.05.07 08:31:26.501,0.98885,0.9894,1.00,1.00
2010.05.07 08:31:26.771,0.98885,0.98935,8.40,4.00
2010.05.07 08:31:27.529,0.98885,0.98935,4.60,8.60
2010.05.07 08:31:28.540,0.98885,0.9893,4.40,1.00
2010.05.07 08:31:29.391,0.98885,0.9892,1.00,8.00
2010.05.07 08:31:29.721,0.98885,0.98925,1.00,8.00
2010.05.07 08:31:30.020,0.98875,0.98925,1.60,1.00
2010.05.07 08:31:30.320,0.9887,0.9893,4.60,1.00
2010.05.07 08:31:31.120,0.98865,0.98925,2.60,4.60
2010.05.07 08:31:31.299,0.98865,0.98925,5.00,4.60
2010.05.07 08:31:31.480,0.98875,0.98925,1.60,1.00
2010.05.07 08:31:32.029,0.98875,0.9893,2.30,8.70
2010.05.07 08:31:32.409,0.9888,0.9893,1.20,1.00
2010.05.07 08:31:32.753,0.98885,0.9894,1.60,1.00
2010.05.07 08:31:33.598,0.98885,0.98935,1.60,1.00
2010.05.07 08:31:34.281,0.98885,0.9893,1.60,1.00
2010.05.07 08:31:34.520,0.98875,0.98935,1.00,1.00
2010.05.07 08:31:34.997,0.98875,0.98935,4.40,4.40
2010.05.07 08:31:35.460,0.9887,0.9893,10.20,1.00
2010.05.07 08:31:35.661,0.9888,0.9893,4.40,8.40
2010.05.07 08:31:36.069,0.9888,0.9893,4.50,8.50
2010.05.07 08:31:37.469,0.98875,0.98925,8.80,4.80
2010.05.07 08:31:38.185,0.98875,0.98915,1.00,8.00
2010.05.07 08:31:38.401,0.9887,0.9891,1.00,4.00
2010.05.07 08:31:38.621,0.9886,0.9891,1.00,8.80
2010.05.07 08:31:39.482,0.9886,0.98905,4.40,1.00
2010.05.07 08:31:39.822,0.9886,0.9891,8.50,1.00
2010.05.07 08:31:40.670,0.98865,0.9891,1.00,1.00
2010.05.07 08:31:41.059,0.98865,0.9891,8.50,1.00
2010.05.07 08:31:41.638,0.98865,0.98915,8.40,4.40
2010.05.07 08:31:41.783,0.98865,0.98915,1.00,8.40
2010.05.07 08:31:42.259,0.9886,0.9891,8.40,1.00
2010.05.07 08:31:43.210,0.9886,0.9891,4.60,8.60
2010.05.07 08:31:43.400,0.98865,0.9891,4.70,4.70
2010.05.07 08:31:43.593,0.9887,0.9892,4.40,8.40
2010.05.07 08:31:44.469,0.9887,0.9892,4.70,8.70
2010.05.07 08:31:45.360,0.98865,0.9891,1.00,1.00
2010.05.07 08:31:46.080,0.98865,0.98915,8.60,8.60
2010.05.07 08:31:46.973,0.9887,0.98915,4.00,4.60
2010.05.07 08:31:47.313,0.9887,0.98915,1.00,1.00
2010.05.07 08:31:49.433,0.9887,0.9892,4.40,8.40
2010.05.07 08:31:49.622,0.9887,0.98915,1.00,1.00
2010.05.07 08:31:51.702,0.9887,0.98915,4.70,1.00
2010.05.07 08:31:51.909,0.9887,0.9892,4.50,8.50
2010.05.07 08:31:52.109,0.9887,0.9892,4.70,4.70
2010.05.07 08:31:52.308,0.9887,0.9892,8.70,1.00
2010.05.07 08:31:52.932,0.9888,0.98925,4.80,1.00
2010.05.07 08:31:53.141,0.98885,0.9893,1.00,4.00
2010.05.07 08:31:53.784,0.98885,0.98925,1.00,4.00
2010.05.07 08:31:54.041,0.9888,0.98925,1.00,4.70
2010.05.07 08:31:54.659,0.9888,0.98925,1.00,1.00
2010.05.07 08:31:55.416,0.98885,0.98925,8.00,1.00
2010.05.07 08:31:55.765,0.98885,0.98935,8.60,8.60
2010.05.07 08:31:56.929,0.98895,0.98935,8.00,1.00
2010.05.07 08:31:57.155,0.98885,0.9893,1.00,8.70
2010.05.07 08:31:57.380,0.9888,0.98925,4.50,1.00
2010.05.07 08:31:57.600,0.9888,0.98925,1.00,8.50
2010.05.07 08:31:58.319,0.98875,0.98925,4.40,8.40
2010.05.07 08:31:58.955,0.98875,0.98925,4.70,8.70
2010.05.07 08:31:59.289,0.98875,0.98925,1.00,8.70
2010.05.07 08:32:00.614,0.98885,0.98935,6.20,8.60
2010.05.07 08:32:01.213,0.9889,0.98935,1.00,1.00
2010.05.07 08:32:03.219,0.9889,0.98935,4.40,1.00
2010.05.07 08:32:03.984,0.9889,0.98935,4.60,1.00
2010.05.07 08:32:04.232,0.9889,0.9894,4.60,8.60
2010.05.07 08:32:04.751,0.9889,0.9894,1.00,8.60
2010.05.07 08:32:05.510,0.9889,0.9894,1.00,8.50
2010.05.07 08:32:05.850,0.98895,0.9894,4.00,1.00
2010.05.07 08:32:06.189,0.98895,0.98945,4.40,8.40
2010.05.07 08:32:07.472,0.98895,0.9894,1.00,8.00
2010.05.07 08:32:07.729,0.9889,0.98935,1.00,1.00
2010.05.07 08:32:12.933,0.9889,0.98935,1.00,1.00
2010.05.07 08:32:20.886,0.9889,0.9894,1.00,8.60
2010.05.07 08:32:22.682,0.9889,0.9894,4.80,8.80
2010.05.07 08:32:23.024,0.9889,0.98935,4.60,1.00
2010.05.07 08:32:23.220,0.9889,0.98935,1.00,1.00
2010.05.07 08:32:25.152,0.98895,0.98945,4.80,8.80
2010.05.07 08:32:28.069,0.98895,0.9894,4.60,1.00
2010.05.07 08:32:28.279,0.98895,0.9894,1.00,1.00
2010.05.07 08:32:28.620,0.98895,0.9894,1.00,8.60
2010.05.07 08:32:28.960,0.9889,0.98935,4.40,1.00
2010.05.07 08:32:29.810,0.9889,0.9894,4.80,8.80
2010.05.07 08:32:30.749,0.9889,0.9894,8.80,1.00
2010.05.07 08:32:31.336,0.9889,0.9894,8.80,4.80
2010.05.07 08:32:31.587,0.9889,0.98935,4.40,1.00
2010.05.07 08:32:31.823,0.98895,0.98945,1.00,8.60
2010.05.07 08:32:32.642,0.98895,0.9894,1.00,8.80
2010.05.07 08:32:32.964,0.989,0.98945,4.00,1.00
2010.05.07 08:32:33.303,0.989,0.9895,8.40,4.40
2010.05.07 08:32:34.147,0.98905,0.9895,1.00,8.40
2010.05.07 08:32:34.421,0.98895,0.9894,5.20,1.00
2010.05.07 08:32:34.700,0.98895,0.9894,9.20,1.00
2010.05.07 08:32:34.979,0.989,0.98945,1.00,1.00
2010.05.07 08:32:36.153,0.989,0.98945,1.00,8.40
2010.05.07 08:32:36.473,0.98895,0.9894,1.20,1.00
2010.05.07 08:32:37.070,0.98895,0.9894,5.60,1.00
2010.05.07 08:32:38.192,0.989,0.9895,8.60,4.60
2010.05.07 08:32:38.490,0.98895,0.98945,4.90,8.40
2010.05.07 08:32:38.789,0.98895,0.98945,1.00,8.40
2010.05.07 08:32:39.930,0.989,0.98945,4.00,4.40
2010.05.07 08:32:40.273,0.98915,0.9897,8.40,2.00
2010.05.07 08:32:40.350,0.9892,0.9897,8.80,1.00
2010.05.07 08:32:40.507,0.9892,0.98975,8.50,1.00
2010.05.07 08:32:40.910,0.9892,0.98975,8.40,1.00
2010.05.07 08:32:41.454,0.98925,0.98975,4.00,1.00
2010.05.07 08:32:41.771,0.9892,0.9897,8.80,1.00
2010.05.07 08:32:42.440,0.9892,0.98965,1.00,1.00
2010.05.07 08:32:43.372,0.98895,0.9895,1.00,1.40
2010.05.07 08:32:43.710,0.989,0.9895,4.00,1.00
2010.05.07 08:32:44.491,0.98895,0.98945,1.00,1.60
2010.05.07 08:32:44.771,0.989,0.98955,4.60,1.00
2010.05.07 08:32:45.870,0.989,0.9896,8.40,2.40
2010.05.07 08:32:46.139,0.989,0.9896,1.00,1.00
2010.05.07 08:32:46.831,0.989,0.9896,1.00,1.10
2010.05.07 08:32:47.561,0.98905,0.9896,8.00,1.00
2010.05.07 08:32:48.211,0.98925,0.98975,8.00,1.00
2010.05.07 08:32:48.550,0.98925,0.98975,8.80,1.00
2010.05.07 08:32:48.879,0.98925,0.9898,8.40,3.30
2010.05.07 08:32:49.685,0.9893,0.9898,4.50,4.00
2010.05.07 08:32:50.046,0.9893,0.98975,1.00,1.60
2010.05.07 08:32:50.382,0.9892,0.9898,8.50,1.00
2010.05.07 08:32:51.215,0.98925,0.98985,1.00,1.00
2010.05.07 08:32:51.850,0.98925,0.9898,1.00,4.40
2010.05.07 08:32:52.170,0.9892,0.98975,1.00,1.00
2010.05.07 08:32:53.184,0.9892,0.98975,1.00,1.00
2010.05.07 08:32:53.471,0.9891,0.9896,1.00,1.00
2010.05.07 08:32:53.770,0.9892,0.98975,1.00,8.80
2010.05.07 08:32:53.970,0.9893,0.98985,1.00,4.00
2010.05.07 08:32:54.170,0.9893,0.98985,1.00,8.00
2010.05.07 08:32:55.012,0.98915,0.9897,1.00,1.00
2010.05.07 08:32:55.350,0.98915,0.98965,8.40,4.00
2010.05.07 08:32:55.680,0.98915,0.98965,8.70,4.70
2010.05.07 08:32:57.020,0.9892,0.98965,8.00,1.00
2010.05.07 08:32:57.180,0.9892,0.98965,1.00,4.00
2010.05.07 08:32:57.756,0.98925,0.98965,1.00,4.00
2010.05.07 08:32:57.911,0.98915,0.9896,1.00,1.00
2010.05.07 08:32:58.630,0.9892,0.98965,1.00,1.00
2010.05.07 08:32:58.970,0.9892,0.98965,8.80,1.00
2010.05.07 08:32:59.628,0.98925,0.98975,1.00,8.50
2010.05.07 08:32:59.963,0.9892,0.98965,1.00,1.00
2010.05.07 08:33:00.070,0.98925,0.9897,1.00,4.00
2010.05.07 08:33:00.170,0.98925,0.98975,4.40,8.80
2010.05.07 08:33:00.270,0.98925,0.9897,4.40,4.00
2010.05.07 08:33:00.469,0.98925,0.9897,1.00,8.00
2010.05.07 08:33:01.021,0.9892,0.98965,1.00,1.00
2010.05.07 08:33:01.365,0.9892,0.98975,1.00,1.00
2010.05.07 08:33:02.670,0.98915,0.9897,8.50,1.00
2010.05.07 08:33:03.344,0.98925,0.98975,1.00,1.00
2010.05.07 08:33:03.460,0.9892,0.98975,1.00,1.00
2010.05.07 08:33:04.336,0.9892,0.9898,1.00,4.40
2010.05.07 08:33:04.671,0.9892,0.98975,1.00,1.20
2010.05.07 08:33:05.011,0.98915,0.9897,4.00,1.00
2010.05.07 08:33:05.921,0.9892,0.9897,1.00,1.00
2010.05.07 08:33:06.261,0.9892,0.9897,4.40,4.40
2010.05.07 08:33:06.602,0.98925,0.9897,8.00,1.00
2010.05.07 08:33:06.929,0.98925,0.9898,1.00,1.00
2010.05.07 08:33:08.379,0.9893,0.98985,1.00,1.10
2010.05.07 08:33:08.640,0.9893,0.9898,4.00,1.00
2010.05.07 08:33:09.347,0.98935,0.98985,1.00,1.40
2010.05.07 08:33:09.701,0.9893,0.98985,4.40,1.00
2010.05.07 08:33:10.043,0.9894,0.98995,1.00,1.00
2010.05.07 08:33:11.500,0.9894,0.98995,1.00,1.00
2010.05.07 08:33:11.939,0.98945,0.9899,1.00,1.00
2010.05.07 08:33:12.652,0.9894,0.98985,8.60,1.00
2010.05.07 08:33:12.995,0.9893,0.98975,1.00,1.00
2010.05.07 08:33:13.331,0.98915,0.98975,4.50,1.00
2010.05.07 08:33:13.643,0.98915,0.98965,1.00,1.00
2010.05.07 08:33:14.544,0.9891,0.98965,1.00,1.00
2010.05.07 08:33:15.050,0.98915,0.98965,1.00,1.00
2010.05.07 08:33:15.900,0.98915,0.9897,1.00,1.00
2010.05.07 08:33:16.191,0.98915,0.9897,1.00,8.40
2010.05.07 08:33:16.480,0.98915,0.9897,1.00,1.00
2010.05.07 08:33:17.010,0.9891,0.98965,8.40,1.00
2010.05.07 08:33:17.351,0.989,0.9896,4.40,1.00
2010.05.07 08:33:17.691,0.9891,0.98965,1.00,4.40
2010.05.07 08:33:18.597,0.9891,0.98965,1.00,1.00
2010.05.07 08:33:18.931,0.9892,0.9897,4.70,4.70
2010.05.07 08:33:20.460,0.9893,0.98975,1.00,4.00
2010.05.07 08:33:20.589,0.9893,0.9898,8.40,4.40
2010.05.07 08:33:20.849,0.98935,0.9898,1.00,1.00
2010.05.07 08:33:21.523,0.9893,0.98975,1.00,1.00
2010.05.07 08:33:23.196,0.9893,0.98975,1.00,1.00
2010.05.07 08:33:23.533,0.9893,0.9898,4.40,8.40
2010.05.07 08:33:23.872,0.9893,0.9898,1.00,8.80
2010.05.07 08:33:24.648,0.9893,0.98975,4.50,1.00
2010.05.07 08:33:24.864,0.98925,0.9897,4.40,1.00
2010.05.07 08:33:25.410,0.98925,0.98975,4.40,8.40
2010.05.07 08:33:26.203,0.98925,0.98975,8.70,4.70
2010.05.07 08:33:26.530,0.9893,0.9898,8.60,4.60
2010.05.07 08:33:26.860,0.9893,0.9898,4.70,4.70
2010.05.07 08:33:27.535,0.9893,0.9898,8.70,1.00
2010.05.07 08:33:27.872,0.98925,0.9897,1.00,1.00
2010.05.07 08:33:28.210,0.9892,0.98975,1.00,1.00
2010.05.07 08:33:29.600,0.9892,0.98975,1.00,1.00
2010.05.07 08:33:29.789,0.9892,0.98975,1.00,2.30
2010.05.07 08:33:30.473,0.98925,0.98975,1.00,1.60
2010.05.07 08:33:30.671,0.9892,0.9897,8.60,1.60
2010.05.07 08:33:30.979,0.9892,0.9897,8.50,1.60
2010.05.07 08:33:31.289,0.98925,0.9897,1.00,1.60
2010.05.07 08:33:31.601,0.9893,0.9897,1.00,1.60
2010.05.07 08:33:32.243,0.98925,0.9897,1.00,1.60
2010.05.07 08:33:32.581,0.9892,0.9897,8.50,1.60
2010.05.07 08:33:32.821,0.98925,0.9897,1.00,1.60
2010.05.07 08:33:33.053,0.98925,0.9897,8.80,1.60
2010.05.07 08:33:33.292,0.9893,0.9897,1.00,1.60
2010.05.07 08:33:34.126,0.98935,0.9898,4.70,5.60
2010.05.07 08:33:34.453,0.9893,0.98975,4.60,1.00
2010.05.07 08:33:34.781,0.98935,0.9898,1.00,1.60
2010.05.07 08:33:35.594,0.98935,0.98985,1.00,8.50
2010.05.07 08:33:35.933,0.98935,0.98985,8.60,9.00
2010.05.07 08:33:36.071,0.98935,0.9898,1.00,8.00
2010.05.07 08:33:36.718,0.98935,0.9898,1.00,8.00
2010.05.07 08:33:36.854,0.9893,0.9898,8.60,1.00
2010.05.07 08:33:36.991,0.98935,0.9898,1.00,1.00
2010.05.07 08:33:38.163,0.98935,0.9898,1.00,1.00
2010.05.07 08:33:38.661,0.9894,0.98985,1.00,4.00
2010.05.07 08:33:39.238,0.9894,0.9899,1.00,8.60
2010.05.07 08:33:39.565,0.9896,0.98985,4.00,1.00
2010.05.07 08:33:40.397,0.98955,0.98985,4.00,1.00
2010.05.07 08:33:40.746,0.98945,0.99,1.00,1.00
2010.05.07 08:33:41.091,0.98945,0.99,8.60,1.00
2010.05.07 08:33:41.432,0.9895,0.99005,1.00,1.00
2010.05.07 08:33:42.278,0.98945,0.99005,4.40,1.00
2010.05.07 08:33:42.617,0.98955,0.9901,8.50,1.00
2010.05.07 08:33:43.804,0.9897,0.99025,1.00,1.00
2010.05.07 08:33:44.143,0.98965,0.9902,1.00,8.40
2010.05.07 08:33:45.081,0.9896,0.99005,1.00,4.00
2010.05.07 08:33:45.371,0.98955,0.9901,8.60,8.00
2010.05.07 08:33:46.102,0.9896,0.9901,1.00,8.60
2010.05.07 08:33:46.420,0.9895,0.99,8.40,1.00
2010.05.07 08:33:46.740,0.9895,0.98995,8.50,1.00
2010.05.07 08:33:47.661,0.9895,0.98995,8.80,1.00
2010.05.07 08:33:48.000,0.98955,0.99,1.00,8.00
2010.05.07 08:33:48.340,0.9896,0.99005,8.00,1.00
2010.05.07 08:33:48.680,0.98955,0.99015,4.60,1.00
2010.05.07 08:33:49.243,0.98955,0.9901,4.40,1.00
2010.05.07 08:33:49.584,0.9896,0.98995,1.00,4.00
2010.05.07 08:33:49.842,0.98945,0.99,8.00,1.00
2010.05.07 08:33:50.701,0.9895,0.99005,1.00,8.00
2010.05.07 08:33:51.041,0.9895,0.99,8.00,1.00
2010.05.07 08:33:51.902,0.98955,0.99015,1.00,1.00
2010.05.07 08:33:52.201,0.9896,0.99015,1.00,1.00
2010.05.07 08:33:52.801,0.98955,0.99015,4.60,1.00
2010.05.07 08:33:53.316,0.98955,0.99015,8.60,1.00
2010.05.07 08:33:53.613,0.9896,0.99015,1.00,1.00
2010.05.07 08:33:53.931,0.9896,0.99015,1.00,8.80
2010.05.07 08:33:54.250,0.98955,0.9901,1.00,1.00
2010.05.07 08:33:54.803,0.98955,0.9901,1.00,1.00
2010.05.07 08:33:55.142,0.9896,0.9901,4.70,8.70
2010.05.07 08:33:55.820,0.9896,0.99005,1.00,1.00
2010.05.07 08:33:56.422,0.9896,0.99005,1.00,4.40
2010.05.07 08:33:56.733,0.9895,0.99,8.80,1.00
2010.05.07 08:33:59.121,0.98955,0.99,1.00,1.00
2010.05.07 08:33:59.974,0.9895,0.99,8.70,4.70
2010.05.07 08:34:00.311,0.9895,0.9899,4.00,4.00
2010.05.07 08:34:00.531,0.9895,0.9899,1.00,8.00
2010.05.07 08:34:00.750,0.9895,0.98995,8.50,1.00
2010.05.07 08:34:01.471,0.9895,0.99,1.00,8.80
2010.05.07 08:34:02.090,0.9895,0.99,4.40,8.40
2010.05.07 08:34:02.893,0.98955,0.99,1.00,8.00
2010.05.07 08:34:03.214,0.9895,0.98995,1.00,8.50
2010.05.07 08:34:03.513,0.98955,0.98995,8.00,1.00
2010.05.07 08:34:04.125,0.98955,0.99,1.00,8.40
2010.05.07 08:34:04.465,0.9895,0.98995,1.00,4.40
2010.05.07 08:34:04.799,0.9895,0.98995,8.40,1.00
2010.05.07 08:34:05.655,0.9896,0.98995,4.00,1.00
2010.05.07 08:34:05.994,0.9896,0.99,1.00,8.00
2010.05.07 08:34:06.333,0.9896,0.99005,1.00,8.00
2010.05.07 08:34:07.124,0.98955,0.99,8.60,1.00
2010.05.07 08:34:07.422,0.9896,0.9901,1.00,8.80
2010.05.07 08:34:08.641,0.9896,0.9901,4.70,8.70
2010.05.07 08:34:09.470,0.98955,0.99,1.00,8.00
2010.05.07 08:34:09.771,0.9895,0.99,4.60,8.60
2010.05.07 08:34:11.659,0.9895,0.99,4.70,8.70
2010.05.07 08:34:12.551,0.9895,0.98995,4.40,1.00
2010.05.07 08:34:14.112,0.98955,0.99,1.00,8.00
2010.05.07 08:34:14.363,0.9897,0.99015,1.00,1.00
2010.05.07 08:34:14.611,0.9897,0.99015,1.00,8.40
2010.05.07 08:34:14.861,0.9897,0.99015,1.00,8.00
2010.05.07 08:34:15.651,0.9896,0.9902,1.00,4.50
2010.05.07 08:34:17.602,0.9896,0.99015,1.00,4.70
2010.05.07 08:34:17.932,0.98955,0.99005,1.00,8.40
2010.05.07 08:34:18.261,0.9894,0.98995,4.70,1.00
2010.05.07 08:34:19.097,0.9894,0.98995,1.00,1.00
2010.05.07 08:34:19.353,0.98945,0.99,1.00,4.50
2010.05.07 08:34:19.610,0.98945,0.99,1.00,1.00
2010.05.07 08:34:20.110,0.98945,0.98995,8.60,1.00
2010.05.07 08:34:20.411,0.98945,0.9899,1.00,8.00
2010.05.07 08:34:21.109,0.98945,0.98995,1.00,8.80
2010.05.07 08:34:21.231,0.9895,0.98995,1.00,4.70
2010.05.07 08:34:21.351,0.9894,0.98985,8.40,1.00
2010.05.07 08:34:21.470,0.9894,0.98985,1.00,1.00
2010.05.07 08:34:21.590,0.9894,0.9898,1.00,4.00
2010.05.07 08:34:21.710,0.98935,0.9898,4.50,4.50
2010.05.07 08:34:22.292,0.9894,0.9898,4.00,4.50
2010.05.07 08:34:22.643,0.9894,0.98995,1.00,1.00
2010.05.07 08:34:22.982,0.98945,0.99,1.00,1.00
2010.05.07 08:34:23.322,0.9894,0.99,1.00,4.50
2010.05.07 08:34:24.097,0.98945,0.99,1.00,1.00
2010.05.07 08:34:25.912,0.9894,0.98995,1.00,1.00
2010.05.07 08:34:26.082,0.98945,0.99,1.00,1.00
2010.05.07 08:34:26.423,0.98935,0.9899,8.70,1.00
2010.05.07 08:34:27.250,0.9894,0.9899,1.00,1.00
2010.05.07 08:34:27.590,0.9894,0.9899,4.80,8.80
2010.05.07 08:34:27.930,0.98935,0.98985,4.40,8.40
2010.05.07 08:34:29.411,0.98935,0.9898,1.00,1.00
2010.05.07 08:34:29.600,0.98935,0.9898,8.40,1.00
2010.05.07 08:34:29.868,0.9894,0.9899,1.00,8.40
2010.05.07 08:34:30.476,0.9894,0.98985,1.00,4.00
2010.05.07 08:34:30.810,0.98935,0.9898,4.40,1.00
2010.05.07 08:34:32.437,0.9894,0.98985,1.00,1.00
2010.05.07 08:34:32.782,0.9894,0.9899,4.60,8.60
2010.05.07 08:34:33.023,0.9894,0.9898,1.00,8.00
2010.05.07 08:34:33.641,0.9893,0.9898,4.60,8.60
2010.05.07 08:34:34.759,0.98935,0.9898,8.00,1.00
2010.05.07 08:34:35.709,0.98935,0.98985,8.80,8.80
2010.05.07 08:34:36.051,0.98935,0.9898,4.40,4.40
2010.05.07 08:34:36.151,0.98935,0.9898,1.00,8.40
2010.05.07 08:34:36.250,0.98935,0.9898,1.00,1.00
2010.05.07 08:34:36.841,0.98935,0.9898,1.00,1.00
2010.05.07 08:34:36.942,0.98935,0.9898,1.00,8.00
2010.05.07 08:34:37.382,0.9893,0.98975,1.00,1.00
2010.05.07 08:34:38.413,0.98935,0.98975,4.00,1.00
2010.05.07 08:34:38.590,0.98935,0.9898,4.80,1.60
2010.05.07 08:34:40.849,0.98935,0.98985,4.80,8.80
2010.05.07 08:34:41.835,0.98935,0.9898,4.50,1.60
2010.05.07 08:34:42.131,0.98935,0.9898,8.50,1.60
2010.05.07 08:34:42.982,0.9894,0.9898,1.00,1.60
2010.05.07 08:34:43.325,0.98945,0.9899,1.00,8.40
2010.05.07 08:34:43.662,0.98945,0.9899,4.00,1.00
2010.05.07 08:34:44.000,0.98945,0.9899,4.00,1.00
2010.05.07 08:34:44.728,0.98945,0.9899,4.00,1.00
2010.05.07 08:34:45.250,0.9894,0.9899,8.40,4.40
2010.05.07 08:34:45.831,0.98945,0.9899,1.00,4.50
2010.05.07 08:34:45.945,0.9894,0.9899,8.40,2.00
2010.05.07 08:34:46.131,0.9894,0.9899,8.40,1.00
2010.05.07 08:34:46.958,0.98945,0.9899,1.00,1.00
2010.05.07 08:34:47.302,0.9894,0.98985,4.50,1.00
2010.05.07 08:34:47.571,0.9894,0.98985,1.00,1.00
2010.05.07 08:34:47.842,0.9894,0.9899,4.40,8.40
2010.05.07 08:34:48.110,0.9894,0.9899,1.00,8.40
2010.05.07 08:34:48.380,0.9894,0.9899,1.00,8.50
2010.05.07 08:34:48.903,0.9894,0.98985,1.00,1.00
2010.05.07 08:34:49.243,0.98935,0.9898,1.00,1.00
2010.05.07 08:34:49.584,0.98935,0.98975,4.00,1.00
2010.05.07 08:34:49.843,0.98935,0.98975,12.00,1.00
2010.05.07 08:34:50.367,0.9894,0.98975,4.00,1.00
2010.05.07 08:34:50.622,0.9895,0.99,4.40,8.40
2010.05.07 08:34:51.800,0.9895,0.99,8.40,4.40
2010.05.07 08:34:52.091,0.9895,0.99,4.50,8.50
2010.05.07 08:34:54.180,0.9895,0.99,4.40,8.40
2010.05.07 08:34:54.400,0.9895,0.98995,1.00,1.00
2010.05.07 08:34:54.620,0.9895,0.99,1.00,8.80
2010.05.07 08:34:55.146,0.9895,0.99,4.80,8.80
2010.05.07 08:34:55.372,0.98955,0.99,8.00,1.00
2010.05.07 08:34:55.711,0.98955,0.98985,1.00,4.00
2010.05.07 08:34:56.050,0.98955,0.9899,1.00,8.00
2010.05.07 08:34:56.884,0.98945,0.98985,8.00,1.00
2010.05.07 08:34:57.690,0.9895,0.9898,4.00,1.00
2010.05.07 08:34:58.034,0.9894,0.98985,8.40,1.00
2010.05.07 08:34:58.374,0.9895,0.99,1.00,1.00
2010.05.07 08:34:59.281,0.98945,0.98995,1.00,8.00
2010.05.07 08:34:59.621,0.98935,0.98985,1.00,1.00
2010.05.07 08:34:59.967,0.98925,0.9898,1.00,1.00
2010.05.07 08:35:00.832,0.9892,0.9898,1.00,1.00
2010.05.07 08:35:01.171,0.9892,0.98975,1.00,2.00
2010.05.07 08:35:02.141,0.989,0.98965,5.00,1.00
2010.05.07 08:35:02.782,0.98915,0.98975,1.00,1.00
2010.05.07 08:35:03.631,0.98925,0.9899,4.80,1.20
2010.05.07 08:35:03.860,0.98935,0.9899,1.00,1.50
2010.05.07 08:35:05.140,0.98935,0.98995,1.00,4.50
2010.05.07 08:35:05.480,0.98945,0.99,1.00,1.00
2010.05.07 08:35:05.630,0.9895,0.99005,1.00,1.00
2010.05.07 08:35:06.460,0.98945,0.99,1.00,1.00
2010.05.07 08:35:06.610,0.9894,0.99,4.80,1.00
2010.05.07 08:35:06.949,0.9894,0.99,1.00,1.00
2010.05.07 08:35:07.735,0.9894,0.99,1.00,11.60
2010.05.07 08:35:08.042,0.9893,0.98985,1.00,1.00
2010.05.07 08:35:08.351,0.9893,0.9899,8.40,1.00
2010.05.07 08:35:08.896,0.98935,0.98985,4.00,1.00
2010.05.07 08:35:09.232,0.9893,0.9898,1.00,4.00
2010.05.07 08:35:09.570,0.9893,0.9897,4.00,1.00
2010.05.07 08:35:10.412,0.98935,0.98985,1.00,8.00
2010.05.07 08:35:10.754,0.98935,0.98985,8.40,1.00
2010.05.07 08:35:11.091,0.98935,0.9898,1.00,4.60
2010.05.07 08:35:11.728,0.98935,0.98975,1.00,4.00
2010.05.07 08:35:12.351,0.9893,0.98975,8.00,1.00
2010.05.07 08:35:12.621,0.98935,0.9898,1.00,1.00
2010.05.07 08:35:14.370,0.9893,0.9898,8.50,4.50
2010.05.07 08:35:14.670,0.9893,0.9898,4.40,8.40
2010.05.07 08:35:15.542,0.9893,0.9898,8.40,4.40
2010.05.07 08:35:15.880,0.98925,0.98975,8.40,8.40
2010.05.07 08:35:16.220,0.9893,0.98975,1.00,8.40
2010.05.07 08:35:16.916,0.9893,0.98975,1.00,4.40
2010.05.07 08:35:17.181,0.98925,0.98975,4.80,8.80
2010.05.07 08:35:17.475,0.98925,0.98975,8.80,4.80
2010.05.07 08:35:17.739,0.98925,0.98975,8.40,4.40
2010.05.07 08:35:18.341,0.9893,0.98975,1.00,4.40
2010.05.07 08:35:19.830,0.98925,0.98975,4.80,8.80
2010.05.07 08:35:20.109,0.98925,0.98975,8.80,4.80
2010.05.07 08:35:21.390,0.98925,0.9897,1.00,8.00
2010.05.07 08:35:21.610,0.98925,0.98975,4.40,8.40
2010.05.07 08:35:22.362,0.9892,0.9897,4.70,8.70
2010.05.07 08:35:22.701,0.98915,0.98965,4.40,8.40
2010.05.07 08:35:23.043,0.98915,0.98965,8.40,8.40
2010.05.07 08:35:23.381,0.9892,0.98965,1.00,1.00
2010.05.07 08:35:27.089,0.9892,0.98965,4.70,1.00
2010.05.07 08:35:27.240,0.9892,0.9897,4.60,8.60
2010.05.07 08:35:28.331,0.9892,0.98965,1.00,4.40
2010.05.07 08:35:30.663,0.9892,0.98965,1.00,8.40
2010.05.07 08:35:31.179,0.9892,0.98965,4.40,4.40
2010.05.07 08:35:31.530,0.9892,0.98965,1.00,8.60
2010.05.07 08:35:31.871,0.98915,0.98965,4.40,8.40
2010.05.07 08:35:32.352,0.98915,0.9896,1.00,1.00
2010.05.07 08:35:34.704,0.9891,0.98955,1.00,1.00
2010.05.07 08:35:35.004,0.9891,0.98955,1.00,1.00
2010.05.07 08:35:35.261,0.9891,0.9896,8.80,4.80
2010.05.07 08:35:35.521,0.98915,0.98965,8.50,4.50
2010.05.07 08:35:36.680,0.98925,0.9897,1.00,1.00
2010.05.07 08:35:36.901,0.98915,0.98965,8.60,4.60
2010.05.07 08:35:37.121,0.9892,0.98965,4.00,4.60
2010.05.07 08:35:37.341,0.98915,0.98965,12.40,4.40
2010.05.07 08:35:37.562,0.98915,0.98955,4.00,4.40
2010.05.07 08:35:38.090,0.9891,0.98955,1.00,4.40
2010.05.07 08:35:38.436,0.989,0.9895,8.70,1.00
2010.05.07 08:35:40.336,0.98905,0.98955,8.40,8.40
2010.05.07 08:35:40.593,0.9891,0.9896,4.70,8.70
2010.05.07 08:35:42.153,0.98905,0.98955,1.00,8.40
2010.05.07 08:35:42.382,0.989,0.98945,1.00,1.00
2010.05.07 08:35:42.611,0.98905,0.98955,1.00,8.40
2010.05.07 08:35:42.831,0.989,0.9895,1.00,8.40
2010.05.07 08:35:43.915,0.9891,0.9896,4.70,8.70
2010.05.07 08:35:44.252,0.98905,0.9895,4.80,1.00
2010.05.07 08:35:44.541,0.98905,0.9895,1.00,1.00
2010.05.07 08:35:44.819,0.98905,0.9895,1.00,4.80
2010.05.07 08:35:45.335,0.98905,0.9895,1.00,8.80
2010.05.07 08:35:45.532,0.989,0.98945,8.40,1.00
2010.05.07 08:35:45.731,0.98905,0.98955,1.00,1.00
2010.05.07 08:35:45.920,0.989,0.98955,1.00,1.00
2010.05.07 08:35:46.110,0.989,0.98955,1.00,1.00
2010.05.07 08:35:46.300,0.98905,0.9896,1.00,1.00
2010.05.07 08:35:47.161,0.98905,0.9896,1.00,1.00
2010.05.07 08:35:48.851,0.98905,0.98965,1.00,4.80
2010.05.07 08:35:49.070,0.9891,0.9896,1.00,1.00
2010.05.07 08:35:50.359,0.9891,0.98965,1.00,1.00
2010.05.07 08:35:50.691,0.98905,0.9896,1.00,4.00
2010.05.07 08:35:51.020,0.98905,0.98955,4.60,8.60
2010.05.07 08:35:52.369,0.98905,0.98955,1.00,8.60
2010.05.07 08:35:52.540,0.98905,0.9895,1.00,1.00
2010.05.07 08:35:52.712,0.9891,0.9896,4.60,8.60
2010.05.07 08:35:52.890,0.9891,0.98955,4.60,1.00
2010.05.07 08:35:53.601,0.9891,0.98955,1.00,8.00
2010.05.07 08:35:53.941,0.98905,0.98945,4.00,1.00
2010.05.07 08:35:54.652,0.98905,0.9895,8.60,1.00
2010.05.07 08:35:55.009,0.989,0.98935,1.00,8.00
2010.05.07 08:35:55.870,0.98885,0.9893,8.50,1.00
2010.05.07 08:35:56.207,0.989,0.98935,4.00,1.00
2010.05.07 08:35:56.534,0.98905,0.98945,8.00,1.00
2010.05.07 08:35:57.354,0.98905,0.9895,8.60,1.00
2010.05.07 08:35:57.684,0.98905,0.98955,8.40,4.40
2010.05.07 08:35:58.012,0.98905,0.98955,8.40,1.00
2010.05.07 08:35:58.851,0.9891,0.9895,4.00,1.00
2010.05.07 08:35:59.191,0.98915,0.9896,1.00,8.70
2010.05.07 08:35:59.530,0.98915,0.9896,1.00,4.70
2010.05.07 08:36:00.405,0.989,0.98955,4.40,1.00
2010.05.07 08:36:00.741,0.989,0.98955,1.00,8.80
2010.05.07 08:36:00.950,0.98905,0.98955,1.00,8.00
2010.05.07 08:36:01.672,0.98895,0.9895,1.00,1.00
2010.05.07 08:36:04.228,0.98895,0.98945,4.70,8.00
2010.05.07 08:36:04.578,0.98885,0.9893,1.00,8.00
2010.05.07 08:36:04.925,0.98885,0.98925,8.00,1.00
2010.05.07 08:36:05.804,0.98885,0.9893,8.00,1.00
2010.05.07 08:36:06.142,0.9889,0.98945,1.00,1.00
2010.05.07 08:36:06.967,0.98895,0.9895,1.00,4.80
2010.05.07 08:36:07.311,0.98895,0.9895,1.00,1.00
2010.05.07 08:36:09.351,0.989,0.98955,4.60,1.00
2010.05.07 08:36:10.272,0.98905,0.9895,1.00,1.00
2010.05.07 08:36:10.613,0.98905,0.98945,1.00,4.70
2010.05.07 08:36:10.952,0.98915,0.9895,8.00,1.00
2010.05.07 08:36:11.704,0.9892,0.98965,1.00,4.40
2010.05.07 08:36:11.983,0.98905,0.9896,1.00,4.80
2010.05.07 08:36:12.322,0.989,0.9896,8.50,1.00
2010.05.07 08:36:13.150,0.9891,0.9896,4.00,1.00
2010.05.07 08:36:13.492,0.9891,0.9897,4.80,1.00
2010.05.07 08:36:15.895,0.98915,0.9897,4.00,4.80
2010.05.07 08:36:16.770,0.98915,0.98965,8.40,1.00
2010.05.07 08:36:17.104,0.98915,0.98955,1.00,4.00
2010.05.07 08:36:17.431,0.98915,0.98965,1.00,8.80
2010.05.07 08:36:18.921,0.98915,0.9896,1.00,8.50
2010.05.07 08:36:19.260,0.98905,0.98955,1.00,8.50
2010.05.07 08:36:19.600,0.9891,0.98955,1.00,1.00
2010.05.07 08:36:20.472,0.989,0.98955,1.00,1.00
2010.05.07 08:36:21.964,0.98905,0.9896,1.00,1.00
2010.05.07 08:36:22.241,0.98905,0.98965,4.40,1.00
2010.05.07 08:36:22.521,0.98905,0.98965,1.00,8.40
2010.05.07 08:36:23.333,0.98915,0.9897,1.00,1.00
2010.05.07 08:36:23.671,0.9892,0.98975,1.00,8.40
2010.05.07 08:36:24.529,0.9891,0.9896,1.00,8.00
2010.05.07 08:36:24.827,0.989,0.98955,5.00,1.00
2010.05.07 08:36:25.626,0.9891,0.98955,4.00,1.00
2010.05.07 08:36:25.961,0.9891,0.98955,1.00,8.00
2010.05.07 08:36:26.301,0.98895,0.98945,1.00,4.00
2010.05.07 08:36:27.154,0.98895,0.9895,1.00,1.00
2010.05.07 08:36:27.493,0.9889,0.9895,1.00,1.00
2010.05.07 08:36:27.832,0.9889,0.98955,1.00,1.00
2010.05.07 08:36:28.656,0.98895,0.98955,1.00,1.00
2010.05.07 08:36:28.980,0.98895,0.9896,1.00,1.00
2010.05.07 08:36:29.251,0.989,0.98965,1.00,1.00
2010.05.07 08:36:29.531,0.989,0.98965,1.00,1.00
2010.05.07 08:36:30.321,0.98905,0.9897,1.00,1.00
2010.05.07 08:36:32.091,0.989,0.9895,1.00,1.00
2010.05.07 08:36:32.388,0.98895,0.98955,1.00,1.00
2010.05.07 08:36:32.622,0.98895,0.98955,8.40,1.00
2010.05.07 08:36:32.862,0.98895,0.9895,4.50,1.00
2010.05.07 08:36:33.612,0.98905,0.98955,1.00,1.00
2010.05.07 08:36:34.240,0.989,0.98955,1.00,1.00
2010.05.07 08:36:35.082,0.98905,0.98965,1.00,8.70
2010.05.07 08:36:35.589,0.98905,0.98965,1.00,4.70
2010.05.07 08:36:36.458,0.989,0.9896,1.00,1.00
2010.05.07 08:36:36.786,0.98905,0.9896,1.00,1.00
2010.05.07 08:36:37.113,0.98915,0.9896,1.00,8.80
2010.05.07 08:36:37.946,0.98915,0.9896,4.80,1.00
2010.05.07 08:36:38.262,0.98915,0.98955,1.00,8.00
2010.05.07 08:36:38.543,0.989,0.9895,4.40,1.00
2010.05.07 08:36:38.821,0.989,0.98955,1.00,1.00
2010.05.07 08:36:40.443,0.98905,0.9896,1.00,1.00
2010.05.07 08:36:41.201,0.9891,0.98965,1.00,1.00
2010.05.07 08:36:41.952,0.98905,0.9896,1.00,1.00
2010.05.07 08:36:42.381,0.9891,0.98965,1.00,1.00
2010.05.07 08:36:42.590,0.9891,0.98965,1.00,4.60
2010.05.07 08:36:42.800,0.98905,0.9896,1.00,1.00
2010.05.07 08:36:43.697,0.9891,0.98955,4.00,1.00
2010.05.07 08:36:44.041,0.9891,0.98955,4.50,1.00
2010.05.07 08:36:47.010,0.9891,0.9896,4.50,8.50
2010.05.07 08:36:47.863,0.98915,0.98965,8.50,4.50
2010.05.07 08:36:49.141,0.98915,0.9896,4.50,1.00
2010.05.07 08:36:49.421,0.98915,0.9896,1.00,1.00
2010.05.07 08:36:49.701,0.98915,0.9896,4.00,1.00
2010.05.07 08:36:50.421,0.98915,0.9896,8.00,1.00
2010.05.07 08:36:50.615,0.9891,0.9896,4.40,8.40
2010.05.07 08:36:52.101,0.98915,0.9896,4.00,4.40
2010.05.07 08:36:52.550,0.9892,0.98965,1.00,1.00
2010.05.07 08:36:52.770,0.9892,0.98965,1.00,1.00
2010.05.07 08:36:54.865,0.9892,0.98965,1.00,4.60
2010.05.07 08:36:55.030,0.9892,0.98965,1.00,1.00
2010.05.07 08:36:56.253,0.9892,0.98955,1.00,4.00
2010.05.07 08:36:56.592,0.9891,0.98955,1.00,1.00
2010.05.07 08:36:57.453,0.98905,0.98955,8.40,4.40
2010.05.07 08:36:57.791,0.9891,0.98955,1.00,1.00
2010.05.07 08:36:58.131,0.9892,0.98955,4.00,1.00
2010.05.07 08:36:58.982,0.98915,0.9897,1.00,1.00
2010.05.07 08:36:59.324,0.9891,0.98965,1.00,1.00
2010.05.07 08:37:00.423,0.9891,0.98965,8.50,1.00
2010.05.07 08:37:00.684,0.9891,0.98965,1.00,8.00
2010.05.07 08:37:01.444,0.98915,0.98965,1.00,1.00
2010.05.07 08:37:01.753,0.98905,0.9896,8.80,1.00
2010.05.07 08:37:02.597,0.9892,0.9897,4.00,1.00
2010.05.07 08:37:02.943,0.98935,0.9898,8.00,1.00
2010.05.07 08:37:03.816,0.98945,0.9899,1.00,4.00
2010.05.07 08:37:04.166,0.9894,0.9899,1.00,8.00
2010.05.07 08:37:05.004,0.9894,0.9898,1.00,4.00
2010.05.07 08:37:05.347,0.98935,0.9898,1.00,4.50
2010.05.07 08:37:06.506,0.9893,0.98975,8.40,1.00
2010.05.07 08:37:06.842,0.9893,0.98975,1.00,8.40
2010.05.07 08:37:07.181,0.9893,0.98975,1.00,8.80
2010.05.07 08:37:08.095,0.9891,0.98965,1.00,1.00
2010.05.07 08:37:08.412,0.9891,0.98965,1.00,1.00
2010.05.07 08:37:08.754,0.98915,0.98965,4.00,1.00
2010.05.07 08:37:09.591,0.98915,0.98975,1.00,8.70
2010.05.07 08:37:09.929,0.98915,0.9897,1.00,1.00
2010.05.07 08:37:10.270,0.98915,0.9897,4.70,1.00
2010.05.07 08:37:11.558,0.98915,0.9897,8.70,1.00
2010.05.07 08:37:11.613,0.98925,0.9898,8.60,1.00
2010.05.07 08:37:11.720,0.9893,0.98985,1.00,1.00
2010.05.07 08:37:12.374,0.9893,0.9898,4.00,8.00
2010.05.07 08:37:12.871,0.9893,0.9898,4.70,8.70
2010.05.07 08:37:14.193,0.9892,0.9897,1.00,1.00
2010.05.07 08:37:14.451,0.9892,0.9897,1.00,8.60
2010.05.07 08:37:14.701,0.9891,0.98965,1.00,1.00
2010.05.07 08:37:16.881,0.9891,0.98965,4.70,1.00
2010.05.07 08:37:17.505,0.9891,0.98965,8.70,1.00
2010.05.07 08:37:17.744,0.98915,0.9897,1.00,1.00
2010.05.07 08:37:19.180,0.98915,0.9897,1.00,1.00
2010.05.07 08:37:19.502,0.98915,0.98965,8.00,1.00
2010.05.07 08:37:19.721,0.9892,0.98965,4.00,1.00
2010.05.07 08:37:20.653,0.98925,0.9897,1.00,8.80
2010.05.07 08:37:20.992,0.98925,0.9897,1.00,8.00
2010.05.07 08:37:21.330,0.98925,0.9897,1.00,8.50
2010.05.07 08:37:24.281,0.98925,0.9897,8.50,1.00
2010.05.07 08:37:24.410,0.98925,0.9897,8.00,1.00
2010.05.07 08:37:24.531,0.98925,0.9897,8.40,1.00
2010.05.07 08:37:25.481,0.9892,0.9896,1.00,8.00
2010.05.07 08:37:25.820,0.9891,0.98955,1.00,1.00
2010.05.07 08:37:26.161,0.9891,0.9896,4.70,8.70
2010.05.07 08:37:26.982,0.9891,0.9896,8.40,4.40
2010.05.07 08:37:27.260,0.9891,0.9896,8.80,4.80
2010.05.07 08:37:29.270,0.98915,0.9896,4.00,1.00
2010.05.07 08:37:29.853,0.9892,0.9896,4.00,1.00
2010.05.07 08:37:30.185,0.98935,0.9897,8.00,1.00
2010.05.07 08:37:30.513,0.98935,0.98975,1.00,8.00
2010.05.07 08:37:30.843,0.9893,0.98975,1.00,1.00
2010.05.07 08:37:31.642,0.98925,0.9897,1.00,1.00
2010.05.07 08:37:33.593,0.98925,0.9897,4.40,1.00
2010.05.07 08:37:33.864,0.98925,0.9897,8.70,1.00
2010.05.07 08:37:34.131,0.98925,0.98975,8.60,4.60
2010.05.07 08:37:34.682,0.98925,0.98975,4.60,8.60
2010.05.07 08:37:35.024,0.98925,0.98965,1.00,8.00
2010.05.07 08:37:35.362,0.9891,0.98965,1.00,8.50
2010.05.07 08:37:36.176,0.98905,0.9896,1.00,1.00
2010.05.07 08:37:36.511,0.98905,0.9896,1.00,1.00
2010.05.07 08:37:40.249,0.9891,0.9896,8.00,4.40
2010.05.07 08:37:40.511,0.9891,0.9896,4.00,8.60
2010.05.07 08:37:41.221,0.9891,0.9896,4.80,8.80
2010.05.07 08:37:41.505,0.9891,0.98955,1.00,8.70
2010.05.07 08:37:41.783,0.989,0.98945,4.00,1.00
2010.05.07 08:37:42.549,0.98895,0.98945,1.00,8.40
2010.05.07 08:37:42.881,0.98905,0.9895,4.70,1.00
2010.05.07 08:37:43.220,0.98905,0.98955,4.80,8.80
2010.05.07 08:37:44.088,0.98905,0.98955,8.80,8.80
2010.05.07 08:37:44.432,0.98905,0.98955,8.50,8.50
2010.05.07 08:37:45.021,0.9891,0.98955,1.00,4.60
2010.05.07 08:37:46.142,0.9891,0.9896,8.40,4.40
2010.05.07 08:37:46.331,0.98915,0.9896,1.00,8.70
2010.05.07 08:37:47.015,0.98905,0.98955,8.40,4.40
2010.05.07 08:37:47.353,0.98905,0.98955,8.50,4.50
2010.05.07 08:37:47.692,0.9891,0.98955,1.00,8.40
2010.05.07 08:37:48.032,0.98905,0.9895,8.00,1.00
2010.05.07 08:37:48.882,0.98905,0.9895,1.00,1.00
2010.05.07 08:37:49.224,0.989,0.9895,4.40,8.40
2010.05.07 08:37:51.510,0.98905,0.9895,8.00,1.00
2010.05.07 08:37:51.720,0.9891,0.9895,1.00,4.00
2010.05.07 08:37:51.929,0.98905,0.9895,1.00,4.40
2010.05.07 08:37:52.446,0.98905,0.9895,1.00,1.00
2010.05.07 08:37:52.653,0.98905,0.9895,1.00,1.00
2010.05.07 08:37:53.700,0.98895,0.98945,8.40,8.40
2010.05.07 08:37:53.970,0.989,0.98945,8.00,1.00
2010.05.07 08:37:54.708,0.98905,0.9895,8.80,1.00
2010.05.07 08:37:54.881,0.9891,0.98965,1.00,4.60
2010.05.07 08:37:56.288,0.9891,0.98965,1.00,8.60
2010.05.07 08:37:56.633,0.9892,0.9897,1.00,8.00
2010.05.07 08:37:56.973,0.98915,0.9897,1.00,8.00
2010.05.07 08:37:57.812,0.9892,0.98965,1.00,4.00
2010.05.07 08:37:58.132,0.98915,0.98965,1.00,8.70
2010.05.07 08:37:58.471,0.98905,0.9896,1.00,1.00
2010.05.07 08:37:59.522,0.98905,0.9896,1.00,1.00
2010.05.07 08:37:59.761,0.98905,0.9896,1.00,1.00
2010.05.07 08:38:00.987,0.9891,0.9897,1.00,4.50
2010.05.07 08:38:01.930,0.9892,0.9897,8.00,4.50
2010.05.07 08:38:02.756,0.98925,0.9897,1.00,4.40
2010.05.07 08:38:04.155,0.98925,0.9896,1.00,4.00
2010.05.07 08:38:04.491,0.9891,0.9896,8.40,4.40
2010.05.07 08:38:04.831,0.98915,0.98965,1.00,8.50
2010.05.07 08:38:05.171,0.98915,0.98965,1.00,8.70
2010.05.07 08:38:06.125,0.98915,0.9896,1.00,4.00
2010.05.07 08:38:06.461,0.98915,0.9896,1.00,8.40
2010.05.07 08:38:07.037,0.9891,0.9896,4.50,8.50
2010.05.07 08:38:07.351,0.9891,0.9896,8.70,4.70
2010.05.07 08:38:09.330,0.9892,0.9896,4.00,1.00
2010.05.07 08:38:09.641,0.98925,0.9897,1.00,4.50
2010.05.07 08:38:10.389,0.9892,0.9897,8.70,4.70
2010.05.07 08:38:10.735,0.9891,0.98955,4.00,1.00
2010.05.07 08:38:11.754,0.9891,0.98955,4.80,1.00
2010.05.07 08:38:13.762,0.98915,0.98965,4.40,8.40
2010.05.07 08:38:14.104,0.98915,0.9896,8.00,1.00
2010.05.07 08:38:14.352,0.9892,0.98965,1.00,1.00
2010.05.07 08:38:14.603,0.98915,0.98965,8.60,8.60
2010.05.07 08:38:16.421,0.98915,0.9896,4.70,4.00
2010.05.07 08:38:17.133,0.98915,0.9896,1.00,8.00
2010.05.07 08:38:17.371,0.9891,0.9896,4.50,8.50
2010.05.07 08:38:17.931,0.98915,0.9896,8.00,1.00
2010.05.07 08:38:18.711,0.98925,0.98975,8.50,8.50
2010.05.07 08:38:20.123,0.98925,0.9897,1.00,4.00
2010.05.07 08:38:20.462,0.98925,0.98975,8.40,4.40
2010.05.07 08:38:20.800,0.98925,0.98975,8.80,4.80
2010.05.07 08:38:21.651,0.9892,0.98965,4.00,1.00
2010.05.07 08:38:21.990,0.9892,0.9897,4.40,8.40
2010.05.07 08:38:23.214,0.98915,0.9896,1.00,8.60
2010.05.07 08:38:23.491,0.98915,0.9896,1.00,4.00
2010.05.07 08:38:23.760,0.98915,0.98965,1.00,8.60
2010.05.07 08:38:24.672,0.9891,0.9896,4.60,8.60
2010.05.07 08:38:26.231,0.98915,0.9896,1.00,4.50
2010.05.07 08:38:26.780,0.98915,0.9896,1.00,1.00
2010.05.07 08:38:27.338,0.98915,0.9896,1.00,4.50
2010.05.07 08:38:27.554,0.98915,0.98955,8.00,1.00
2010.05.07 08:38:27.900,0.98915,0.98955,4.00,1.00
2010.05.07 08:38:28.713,0.9892,0.98965,8.00,1.00
2010.05.07 08:38:29.034,0.98925,0.98975,8.50,8.50
2010.05.07 08:38:29.353,0.98925,0.98975,1.00,8.50
2010.05.07 08:38:30.361,0.98925,0.98975,4.60,8.60
2010.05.07 08:38:31.041,0.98925,0.98975,8.60,1.00
2010.05.07 08:38:31.826,0.98925,0.98975,8.40,1.00
2010.05.07 08:38:32.103,0.98935,0.98985,8.40,8.40
2010.05.07 08:38:32.384,0.9894,0.98985,1.00,1.00
2010.05.07 08:38:33.119,0.9895,0.98985,4.00,1.00
2010.05.07 08:38:33.413,0.9895,0.99,4.40,8.40
2010.05.07 08:38:33.702,0.9895,0.98995,1.00,8.00
2010.05.07 08:38:33.991,0.98945,0.98995,1.00,8.80
2010.05.07 08:38:34.804,0.9894,0.9899,8.70,1.00
2010.05.07 08:38:35.141,0.98945,0.98995,4.40,8.40
2010.05.07 08:38:35.481,0.98945,0.9899,1.00,1.00
2010.05.07 08:38:36.095,0.98945,0.9899,4.40,1.00
2010.05.07 08:38:36.436,0.9895,0.98995,4.80,1.00
2010.05.07 08:38:36.774,0.9895,0.99,8.40,1.00
2010.05.07 08:38:37.521,0.98955,0.99005,1.00,8.40
2010.05.07 08:38:37.773,0.98955,0.99,1.00,1.00
2010.05.07 08:38:38.112,0.9895,0.99,1.00,9.20
2010.05.07 08:38:38.450,0.9895,0.98995,1.00,1.00
2010.05.07 08:38:39.312,0.98945,0.98995,4.50,8.50
2010.05.07 08:38:39.650,0.98945,0.98995,8.50,1.00
2010.05.07 08:38:39.990,0.9895,0.98995,1.00,1.00
2010.05.07 08:38:40.519,0.9895,0.98995,4.40,1.00
2010.05.07 08:38:40.851,0.9895,0.98995,1.00,1.00
2010.05.07 08:38:41.184,0.9895,0.98995,4.00,1.00
2010.05.07 08:38:41.431,0.9895,0.99,1.00,8.40
2010.05.07 08:38:42.202,0.9895,0.9899,1.00,8.00
2010.05.07 08:38:42.490,0.98945,0.9899,1.00,8.00
2010.05.07 08:38:42.780,0.98945,0.9899,1.00,8.00
2010.05.07 08:38:43.070,0.98945,0.9899,1.00,4.00
2010.05.07 08:38:43.360,0.9894,0.9899,8.40,4.40
2010.05.07 08:38:44.224,0.9894,0.98985,8.00,1.00
2010.05.07 08:38:45.866,0.98945,0.98985,4.00,1.00
2010.05.07 08:38:46.082,0.9895,0.98985,4.00,1.00
2010.05.07 08:38:46.302,0.9895,0.99,8.40,1.00
2010.05.07 08:38:47.024,0.98955,0.99,4.00,1.00
2010.05.07 08:38:47.362,0.9895,0.98995,1.00,8.00
2010.05.07 08:38:47.701,0.98945,0.98995,1.00,8.50
2010.05.07 08:38:48.534,0.9894,0.9899,8.40,1.00
2010.05.07 08:38:48.870,0.98945,0.98995,1.00,8.40
2010.05.07 08:38:50.721,0.98945,0.98985,1.00,8.00
2010.05.07 08:38:51.061,0.9894,0.9899,4.40,8.40
2010.05.07 08:38:51.933,0.9894,0.9899,4.70,8.70
2010.05.07 08:38:52.104,0.9894,0.98985,1.00,4.00
2010.05.07 08:38:52.231,0.9894,0.98985,1.00,8.00
2010.05.07 08:38:52.470,0.98935,0.9898,1.00,1.00
2010.05.07 08:38:53.091,0.98935,0.9898,4.50,1.00
2010.05.07 08:38:53.432,0.9894,0.9899,4.80,8.80
2010.05.07 08:38:53.771,0.98935,0.9898,8.70,1.00
2010.05.07 08:38:55.173,0.98935,0.9898,1.00,4.80
2010.05.07 08:38:55.330,0.9893,0.9898,8.40,4.40
2010.05.07 08:38:55.492,0.9893,0.9898,4.40,8.40
2010.05.07 08:38:56.207,0.9892,0.9897,4.40,8.40
2010.05.07 08:38:57.231,0.98925,0.9897,1.00,1.00
2010.05.07 08:38:58.490,0.98925,0.9897,1.00,4.40
2010.05.07 08:38:58.721,0.98925,0.98975,4.40,8.40
2010.05.07 08:38:59.438,0.98925,0.98975,8.40,4.40
2010.05.07 08:38:59.682,0.9893,0.9898,4.40,8.40
2010.05.07 08:39:00.021,0.9893,0.98975,1.00,4.00
2010.05.07 08:39:00.692,0.98925,0.98975,8.70,4.70
2010.05.07 08:39:00.951,0.9893,0.98975,4.40,1.00
2010.05.07 08:39:01.211,0.9893,0.9898,1.00,8.70
2010.05.07 08:39:01.470,0.9893,0.98975,4.40,1.00
2010.05.07 08:39:01.730,0.9893,0.9898,4.80,8.80
2010.05.07 08:39:02.793,0.9893,0.9898,8.60,4.60
2010.05.07 08:39:03.420,0.9893,0.9897,1.00,4.00
2010.05.07 08:39:03.711,0.98935,0.9898,1.00,4.00
2010.05.07 08:39:04.712,0.9894,0.9899,1.00,8.70
2010.05.07 08:39:05.050,0.9894,0.98985,1.00,1.00
2010.05.07 08:39:05.843,0.98935,0.9898,8.00,1.00
2010.05.07 08:39:06.112,0.98915,0.98965,4.00,1.00
2010.05.07 08:39:06.415,0.98915,0.98965,1.00,4.00
2010.05.07 08:39:07.136,0.98915,0.9897,1.00,8.70
2010.05.07 08:39:07.436,0.98905,0.9896,1.00,8.80
2010.05.07 08:39:07.701,0.98895,0.98955,1.00,1.00
2010.05.07 08:39:07.963,0.98905,0.9896,1.00,8.80
2010.05.07 08:39:08.813,0.98905,0.98965,1.00,4.40
2010.05.07 08:39:09.152,0.9891,0.9896,1.20,1.00
2010.05.07 08:39:09.491,0.9891,0.98965,1.00,1.00
2010.05.07 08:39:10.305,0.9891,0.98965,1.00,1.00
2010.05.07 08:39:10.641,0.9891,0.9896,1.00,1.00
2010.05.07 08:39:10.860,0.98915,0.98965,1.00,4.70
2010.05.07 08:39:10.970,0.98915,0.98965,1.00,8.70
2010.05.07 08:39:11.080,0.98915,0.9896,1.00,1.00
2010.05.07 08:39:11.752,0.9891,0.9896,4.40,8.40
2010.05.07 08:39:12.092,0.98925,0.98965,4.00,1.00
2010.05.07 08:39:12.877,0.9892,0.9897,1.00,8.80
2010.05.07 08:39:13.214,0.98925,0.98965,8.00,1.00
2010.05.07 08:39:14.195,0.98935,0.98985,4.00,1.00
2010.05.07 08:39:14.542,0.9893,0.98995,8.40,1.00
2010.05.07 08:39:15.222,0.98935,0.9898,1.00,1.00
2010.05.07 08:39:16.062,0.98915,0.98975,4.40,1.00
2010.05.07 08:39:17.543,0.98915,0.98975,1.00,1.00
2010.05.07 08:39:18.881,0.9892,0.98975,4.80,1.00
2010.05.07 08:39:19.219,0.9892,0.98975,8.80,1.00
2010.05.07 08:39:19.927,0.9892,0.9897,8.00,1.00
2010.05.07 08:39:20.273,0.98925,0.98965,4.00,1.00
2010.05.07 08:39:20.611,0.9892,0.98965,4.00,1.00
2010.05.07 08:39:21.160,0.98915,0.98965,8.80,1.00
2010.05.07 08:39:21.515,0.9891,0.98955,8.00,2.00
2010.05.07 08:39:21.855,0.9891,0.98955,1.00,10.00
2010.05.07 08:39:22.699,0.9891,0.9896,8.50,1.00
2010.05.07 08:39:23.049,0.9891,0.9895,1.00,8.00
2010.05.07 08:39:23.898,0.98905,0.9895,1.00,8.40
2010.05.07 08:39:24.193,0.9892,0.98965,4.60,1.00
2010.05.07 08:39:24.492,0.98915,0.9896,8.00,1.00
2010.05.07 08:39:24.833,0.98915,0.9896,1.00,4.00
2010.05.07 08:39:25.691,0.98915,0.9896,1.00,4.40
2010.05.07 08:39:26.259,0.98915,0.9896,1.00,1.00
2010.05.07 08:39:27.164,0.98915,0.9896,1.00,1.00
2010.05.07 08:39:27.374,0.9891,0.9896,1.00,8.40
2010.05.07 08:39:27.580,0.9891,0.98955,1.00,4.60
2010.05.07 08:39:27.830,0.98905,0.98955,8.40,4.40
2010.05.07 08:39:28.525,0.98905,0.98955,8.40,1.00
2010.05.07 08:39:28.862,0.9891,0.98955,1.00,1.00
2010.05.07 08:39:29.200,0.9891,0.98955,1.00,4.50
2010.05.07 08:39:29.541,0.98905,0.98955,8.40,8.40
2010.05.07 08:39:30.262,0.98905,0.9895,1.00,1.00
2010.05.07 08:39:32.512,0.98905,0.98955,1.00,8.40
2010.05.07 08:39:32.768,0.9893,0.98975,4.00,4.70
2010.05.07 08:39:33.005,0.9893,0.9898,4.80,8.80
2010.05.07 08:39:33.233,0.9893,0.9898,1.00,8.80
2010.05.07 08:39:34.081,0.9893,0.9897,1.00,8.00
2010.05.07 08:39:34.422,0.9892,0.9897,4.40,8.40
2010.05.07 08:39:34.761,0.9892,0.98965,1.00,4.00
2010.05.07 08:39:35.521,0.98915,0.9896,4.80,1.00
2010.05.07 08:39:35.863,0.98905,0.9896,1.00,1.00
2010.05.07 08:39:36.748,0.98905,0.9896,1.00,4.40
2010.05.07 08:39:36.863,0.989,0.98955,1.00,1.00
2010.05.07 08:39:37.971,0.98915,0.98955,1.00,1.00
2010.05.07 08:39:38.643,0.9891,0.9896,1.60,1.00
2010.05.07 08:39:38.864,0.9892,0.9897,1.00,4.00
2010.05.07 08:39:39.082,0.9891,0.98965,1.00,1.00
2010.05.07 08:39:40.270,0.98915,0.98965,4.00,8.50
2010.05.07 08:39:40.475,0.98915,0.98965,1.00,8.40
2010.05.07 08:39:40.672,0.98915,0.98965,4.40,8.40
2010.05.07 08:39:40.872,0.9891,0.9896,8.40,1.00
2010.05.07 08:39:41.572,0.98925,0.9896,4.00,1.00
2010.05.07 08:39:41.912,0.9893,0.98975,1.00,1.00
2010.05.07 08:39:42.252,0.98915,0.9897,4.80,1.00
2010.05.07 08:39:42.905,0.98915,0.9897,1.00,4.80
2010.05.07 08:39:43.245,0.98905,0.9896,1.00,1.00
2010.05.07 08:39:45.066,0.98905,0.9896,1.00,4.50
2010.05.07 08:39:45.221,0.98895,0.98955,1.00,8.40
2010.05.07 08:39:45.542,0.98895,0.9895,1.00,1.00
2010.05.07 08:39:45.862,0.98895,0.98955,1.00,8.60
2010.05.07 08:39:46.020,0.98895,0.9895,1.20,1.00
2010.05.07 08:39:46.785,0.989,0.9895,1.00,1.00
2010.05.07 08:39:47.032,0.989,0.9895,8.80,4.80
2010.05.07 08:39:47.282,0.98905,0.9895,1.00,4.00
2010.05.07 08:39:47.533,0.98905,0.98955,1.00,8.80
2010.05.07 08:39:48.371,0.98905,0.98955,4.40,8.40
2010.05.07 08:39:50.045,0.98905,0.98955,8.60,1.00
2010.05.07 08:39:50.212,0.98905,0.98955,8.80,1.00
2010.05.07 08:39:50.540,0.9891,0.9896,1.00,8.60
2010.05.07 08:39:52.430,0.98905,0.98955,8.50,1.00
2010.05.07 08:39:53.183,0.9891,0.9895,1.00,4.00
2010.05.07 08:39:53.521,0.98905,0.9895,1.00,8.00
2010.05.07 08:39:53.852,0.98905,0.98945,1.00,4.00
2010.05.07 08:39:54.725,0.98905,0.9895,8.00,1.00
2010.05.07 08:39:55.065,0.98905,0.98955,8.60,1.00
2010.05.07 08:39:56.474,0.98905,0.98955,8.50,4.50
2010.05.07 08:39:56.784,0.98905,0.9895,4.50,4.00
2010.05.07 08:39:57.062,0.98905,0.9895,1.00,8.00
2010.05.07 08:39:57.844,0.989,0.9895,8.80,4.80
2010.05.07 08:39:58.946,0.98905,0.9895,8.50,1.00
2010.05.07 08:39:59.283,0.98905,0.98955,8.70,9.10
2010.05.07 08:39:59.622,0.98905,0.9894,1.00,8.00
2010.05.07 08:40:00.334,0.989,0.9894,1.00,8.00
2010.05.07 08:40:00.674,0.9889,0.98935,8.60,1.00
2010.05.07 08:40:01.014,0.989,0.98945,1.00,1.00
2010.05.07 08:40:01.863,0.989,0.98955,1.00,1.00
2010.05.07 08:40:02.201,0.989,0.98955,1.00,8.40
2010.05.07 08:40:02.543,0.98895,0.9895,1.00,1.00
2010.05.07 08:40:03.382,0.9891,0.9896,1.00,1.00
2010.05.07 08:40:04.872,0.989,0.98955,8.40,1.00
2010.05.07 08:40:05.131,0.989,0.9896,4.70,4.70
2010.05.07 08:40:05.390,0.989,0.98955,1.00,4.00
2010.05.07 08:40:05.912,0.989,0.98955,1.00,8.00
2010.05.07 08:40:06.233,0.98895,0.9895,1.00,8.50
2010.05.07 08:40:06.551,0.9889,0.98945,8.60,8.60
2010.05.07 08:40:07.378,0.989,0.9895,1.00,8.50
2010.05.07 08:40:07.674,0.989,0.98945,1.00,8.70
2010.05.07 08:40:07.972,0.989,0.98945,1.00,8.00
2010.05.07 08:40:08.749,0.98895,0.98945,8.50,8.50
2010.05.07 08:40:09.432,0.98895,0.98945,8.40,8.40
2010.05.07 08:40:09.772,0.98895,0.9894,4.50,1.00
2010.05.07 08:40:10.110,0.98895,0.9894,8.50,1.00
2010.05.07 08:40:10.971,0.98905,0.9895,1.00,8.40
2010.05.07 08:40:11.141,0.98905,0.98945,1.00,4.00
2010.05.07 08:40:11.994,0.989,0.9895,4.80,8.80
2010.05.07 08:40:12.331,0.989,0.98945,4.50,1.00
2010.05.07 08:40:13.941,0.9889,0.98935,1.00,1.00
2010.05.07 08:40:14.283,0.98885,0.9893,4.40,1.00
2010.05.07 08:40:14.561,0.98885,0.98935,1.00,1.00
2010.05.07 08:40:15.388,0.9888,0.98935,1.00,1.00
2010.05.07 08:40:15.662,0.98885,0.9894,1.00,4.40
2010.05.07 08:40:15.931,0.9888,0.9894,4.40,1.00
2010.05.07 08:40:16.202,0.98885,0.9894,1.00,4.40
2010.05.07 08:40:17.008,0.98895,0.9894,8.00,1.00
2010.05.07 08:40:17.263,0.9889,0.98945,1.00,1.00
2010.05.07 08:40:17.522,0.98885,0.98945,1.00,1.00
2010.05.07 08:40:18.281,0.9888,0.98935,1.00,4.00
2010.05.07 08:40:18.626,0.9887,0.98925,8.40,1.00
2010.05.07 08:40:18.963,0.98875,0.9893,1.00,1.00
2010.05.07 08:40:19.231,0.98875,0.9893,1.00,1.00
2010.05.07 08:40:20.052,0.9888,0.98925,1.00,1.00
2010.05.07 08:40:20.643,0.98875,0.98925,8.80,1.00
2010.05.07 08:40:21.403,0.9888,0.9893,4.70,1.00
2010.05.07 08:40:21.661,0.9888,0.98935,1.00,1.00
2010.05.07 08:40:23.239,0.9888,0.9894,1.00,4.40
2010.05.07 08:40:23.483,0.9889,0.9894,4.00,1.00
2010.05.07 08:40:23.824,0.98895,0.9895,1.00,1.00
2010.05.07 08:40:24.163,0.9889,0.9895,4.40,1.00
2010.05.07 08:40:25.005,0.98895,0.9895,1.00,8.60
2010.05.07 08:40:25.335,0.9889,0.98945,4.40,1.00
2010.05.07 08:40:26.173,0.9889,0.98945,4.50,4.00
2010.05.07 08:40:26.454,0.989,0.9895,4.40,8.40
2010.05.07 08:40:26.733,0.989,0.9895,4.40,4.40
2010.05.07 08:40:27.605,0.9891,0.9895,4.00,1.00
2010.05.07 08:40:27.942,0.989,0.98945,8.40,1.00
2010.05.07 08:40:28.283,0.989,0.98945,8.00,1.00
2010.05.07 08:40:29.142,0.98905,0.9895,1.00,1.00
2010.05.07 08:40:29.481,0.98905,0.9896,1.00,1.00
2010.05.07 08:40:31.101,0.9891,0.98965,1.00,1.00
2010.05.07 08:40:32.071,0.98905,0.9896,1.00,1.00
2010.05.07 08:40:32.999,0.98905,0.9896,4.60,1.00
2010.05.07 08:40:33.300,0.9891,0.98965,1.00,1.00
2010.05.07 08:40:34.068,0.9891,0.98965,8.40,8.40
2010.05.07 08:40:34.401,0.98915,0.9896,4.50,1.00
2010.05.07 08:40:34.742,0.98915,0.9896,1.00,8.00
2010.05.07 08:40:35.582,0.98905,0.9895,4.40,4.00
2010.05.07 08:40:35.874,0.98915,0.9896,1.00,8.00
2010.05.07 08:40:36.640,0.98915,0.98955,1.00,8.00
2010.05.07 08:40:36.982,0.98905,0.9895,1.00,1.00
2010.05.07 08:40:37.820,0.989,0.9895,8.70,4.70
2010.05.07 08:40:38.586,0.98905,0.98955,8.60,8.60
2010.05.07 08:40:38.929,0.98905,0.9895,4.00,1.00
2010.05.07 08:40:39.111,0.989,0.9895,8.40,1.00
2010.05.07 08:40:40.353,0.989,0.98945,1.00,8.00
2010.05.07 08:40:40.652,0.989,0.98945,1.00,4.40
2010.05.07 08:40:41.253,0.9889,0.9894,8.60,1.00
2010.05.07 08:40:41.551,0.989,0.9894,1.00,4.00
2010.05.07 08:40:42.343,0.989,0.98945,1.00,1.00
2010.05.07 08:40:43.370,0.98895,0.98955,1.00,8.40
2010.05.07 08:40:43.712,0.989,0.98955,1.00,8.80
2010.05.07 08:40:43.971,0.989,0.98955,1.00,4.50
2010.05.07 08:40:44.231,0.989,0.9895,1.00,4.00
2010.05.07 08:40:44.935,0.98895,0.9895,1.00,8.80
2010.05.07 08:40:45.271,0.9889,0.98945,1.00,1.00
2010.05.07 08:40:47.152,0.98895,0.9894,1.00,1.00
2010.05.07 08:40:49.281,0.98895,0.9894,1.00,4.40
2010.05.07 08:40:50.971,0.98895,0.9894,1.00,4.50
2010.05.07 08:40:51.280,0.98895,0.9894,1.00,1.00
2010.05.07 08:40:52.793,0.989,0.9895,1.00,8.40
2010.05.07 08:40:53.012,0.989,0.9895,4.40,8.40
2010.05.07 08:40:54.803,0.98905,0.9895,1.00,1.00
2010.05.07 08:40:54.922,0.98895,0.9894,4.80,4.00
2010.05.07 08:40:55.142,0.98895,0.98945,8.80,1.00
2010.05.07 08:40:55.751,0.98905,0.9895,1.00,8.50
2010.05.07 08:40:55.851,0.989,0.9895,4.50,8.50
2010.05.07 08:40:56.191,0.98895,0.9894,1.00,1.00
2010.05.07 08:40:56.530,0.98895,0.98945,1.00,8.60
2010.05.07 08:40:57.929,0.98895,0.98945,1.00,8.80
2010.05.07 08:40:58.170,0.9889,0.9894,8.70,1.00
2010.05.07 08:40:58.412,0.98895,0.9894,1.00,8.00
2010.05.07 08:40:58.660,0.98895,0.98945,1.00,8.80
2010.05.07 08:40:59.521,0.98895,0.98945,8.40,8.40
2010.05.07 08:41:00.600,0.98895,0.98945,8.40,4.40
2010.05.07 08:41:01.684,0.9889,0.9894,4.60,8.60
2010.05.07 08:41:02.254,0.9889,0.9894,4.40,8.40
2010.05.07 08:41:03.114,0.98895,0.9894,1.00,8.00
2010.05.07 08:41:03.456,0.98895,0.9894,1.00,8.00
2010.05.07 08:41:03.793,0.98895,0.9894,1.00,1.00
2010.05.07 08:41:04.681,0.98895,0.98945,4.40,8.40
2010.05.07 08:41:06.282,0.9889,0.9894,1.00,8.70
2010.05.07 08:41:06.861,0.9889,0.9894,2.30,8.70
2010.05.07 08:41:07.674,0.98895,0.98945,1.00,8.70
2010.05.07 08:41:10.110,0.98895,0.98945,1.10,8.70
2010.05.07 08:41:10.310,0.98905,0.98945,8.00,1.00
2010.05.07 08:41:10.906,0.989,0.98945,4.00,1.00
2010.05.07 08:41:11.114,0.989,0.9895,1.00,8.70
2010.05.07 08:41:11.321,0.989,0.98945,4.70,1.00
2010.05.07 08:41:11.521,0.98905,0.9895,1.00,1.00
2010.05.07 08:41:11.721,0.98905,0.9895,4.40,1.00
2010.05.07 08:41:11.921,0.9891,0.98955,1.00,4.70
2010.05.07 08:41:12.805,0.989,0.9895,4.40,8.40
2010.05.07 08:41:13.141,0.98895,0.98945,8.50,1.00
2010.05.07 08:41:13.661,0.989,0.98945,8.00,1.00
2010.05.07 08:41:13.921,0.98905,0.98955,1.00,8.80
2010.05.07 08:41:14.783,0.98905,0.98955,4.40,8.40
2010.05.07 08:41:15.121,0.9891,0.9896,1.00,8.40
2010.05.07 08:41:15.451,0.9891,0.98955,1.00,4.00
2010.05.07 08:41:16.007,0.9891,0.98955,1.00,8.00
2010.05.07 08:41:16.344,0.989,0.9894,4.00,1.00
2010.05.07 08:41:16.682,0.98905,0.98955,8.50,8.50
2010.05.07 08:41:16.943,0.9891,0.98955,1.00,8.00
2010.05.07 08:41:17.468,0.9891,0.98955,1.00,4.00
2010.05.07 08:41:17.738,0.9891,0.98955,1.00,4.60
2010.05.07 08:41:18.612,0.98905,0.9895,1.00,4.40
2010.05.07 08:41:19.420,0.98895,0.98945,8.60,1.00
2010.05.07 08:41:20.101,0.98905,0.9895,1.00,8.50
2010.05.07 08:41:21.400,0.989,0.9895,4.40,8.40
2010.05.07 08:41:22.063,0.989,0.9895,8.40,4.40
2010.05.07 08:41:24.021,0.989,0.9895,8.70,4.70
2010.05.07 08:41:26.261,0.98905,0.9895,4.00,4.50
2010.05.07 08:41:26.524,0.9891,0.9896,1.00,8.60
2010.05.07 08:41:26.721,0.9891,0.9895,1.00,4.00
2010.05.07 08:41:27.501,0.989,0.9895,4.60,8.60
2010.05.07 08:41:28.396,0.989,0.9895,4.40,8.40
2010.05.07 08:41:28.732,0.989,0.9895,8.40,1.00
2010.05.07 08:41:29.071,0.98905,0.9895,1.00,1.00
2010.05.07 08:41:31.540,0.98905,0.9895,8.50,1.00
2010.05.07 08:41:32.114,0.98905,0.9895,8.60,1.00
2010.05.07 08:41:32.467,0.98905,0.98955,8.70,4.70
2010.05.07 08:41:33.642,0.98905,0.98955,1.00,8.80
2010.05.07 08:41:34.294,0.98905,0.98955,8.80,4.80
2010.05.07 08:41:34.473,0.989,0.9895,1.00,8.40
2010.05.07 08:41:34.651,0.989,0.9895,4.80,8.80
2010.05.07 08:41:34.987,0.989,0.9895,4.40,8.40
2010.05.07 08:41:36.442,0.989,0.9895,4.70,8.70
2010.05.07 08:41:37.145,0.989,0.9895,1.00,8.70
2010.05.07 08:41:37.490,0.98895,0.98945,8.40,1.00
2010.05.07 08:41:38.673,0.98895,0.9894,1.00,8.00
2010.05.07 08:41:39.651,0.98885,0.98935,8.40,1.00
2010.05.07 08:41:39.991,0.98885,0.98935,8.70,1.00
2010.05.07 08:41:40.430,0.9889,0.98935,1.00,1.00
2010.05.07 08:41:41.182,0.9889,0.98935,1.00,8.50
2010.05.07 08:41:41.623,0.9889,0.9893,1.60,1.00
2010.05.07 08:41:41.840,0.98885,0.9893,4.60,1.00
2010.05.07 08:41:42.551,0.98885,0.98935,8.50,1.00
2010.05.07 08:41:44.973,0.9889,0.9894,1.00,8.60
2010.05.07 08:41:45.082,0.9889,0.9894,8.60,1.00
2010.05.07 08:41:46.042,0.98895,0.9894,4.70,1.00
2010.05.07 08:41:46.380,0.98895,0.9894,8.70,1.00
2010.05.07 08:41:46.721,0.989,0.98945,1.00,8.40
2010.05.07 08:41:47.561,0.98895,0.9894,4.40,1.00
2010.05.07 08:41:47.872,0.98895,0.98945,8.60,4.60
2010.05.07 08:41:48.191,0.98895,0.98945,8.80,4.80
2010.05.07 08:41:48.500,0.98895,0.98945,8.70,4.70
2010.05.07 08:41:49.657,0.98895,0.98945,4.40,8.40
2010.05.07 08:41:51.347,0.98895,0.98945,8.40,4.40
2010.05.07 08:41:51.563,0.98905,0.9895,1.00,1.00
2010.05.07 08:41:51.783,0.98905,0.9895,1.00,8.70
2010.05.07 08:41:51.993,0.989,0.9895,4.40,8.40
2010.05.07 08:41:52.738,0.9891,0.98945,1.00,8.00
2010.05.07 08:41:53.085,0.9891,0.98965,1.00,1.00
2010.05.07 08:41:54.279,0.9891,0.98965,4.60,1.00
2010.05.07 08:41:54.624,0.98915,0.9897,1.00,1.00
2010.05.07 08:41:54.963,0.98915,0.9897,1.00,1.00
2010.05.07 08:41:55.782,0.98915,0.9897,1.00,4.80
2010.05.07 08:41:56.113,0.9891,0.98965,1.00,1.00
2010.05.07 08:41:56.613,0.9891,0.9897,1.00,1.00
2010.05.07 08:41:57.137,0.9891,0.98965,1.00,1.00
2010.05.07 08:41:57.413,0.98915,0.98965,1.00,1.00
2010.05.07 08:41:57.682,0.98915,0.98965,4.80,4.80
2010.05.07 08:41:57.952,0.98915,0.98965,8.60,8.60
2010.05.07 08:41:58.835,0.9891,0.98955,1.00,1.00
2010.05.07 08:41:59.510,0.98905,0.98955,8.50,4.50
2010.05.07 08:41:59.850,0.98905,0.98955,8.50,1.00
2010.05.07 08:42:00.696,0.9891,0.9896,10.40,4.80
2010.05.07 08:42:01.179,0.9891,0.9896,8.80,4.80
2010.05.07 08:42:01.380,0.9891,0.9896,10.40,4.80
2010.05.07 08:42:01.580,0.9891,0.9896,6.40,8.80
2010.05.07 08:42:02.483,0.9891,0.9896,6.00,8.40
2010.05.07 08:42:03.060,0.9891,0.9896,4.40,8.40
2010.05.07 08:42:03.723,0.9891,0.9896,1.00,8.40
2010.05.07 08:42:03.962,0.98915,0.98955,1.00,8.00
2010.05.07 08:42:04.280,0.98905,0.98955,1.00,8.40
2010.05.07 08:42:04.601,0.9891,0.98955,1.00,8.40
2010.05.07 08:42:05.418,0.98905,0.9895,1.00,8.00
2010.05.07 08:42:05.752,0.98895,0.9894,1.00,4.50
2010.05.07 08:42:05.911,0.98895,0.9894,2.10,4.50
2010.05.07 08:42:06.061,0.9889,0.9894,8.40,4.40
2010.05.07 08:42:06.622,0.98895,0.9894,8.00,1.00
2010.05.07 08:42:06.786,0.989,0.98945,8.60,1.00
2010.05.07 08:42:07.121,0.989,0.98945,4.40,1.00
2010.05.07 08:42:07.464,0.98895,0.98945,8.80,8.80
2010.05.07 08:42:08.631,0.98895,0.98945,4.80,8.80
2010.05.07 08:42:10.924,0.989,0.98945,4.00,4.50
2010.05.07 08:42:11.111,0.989,0.9895,8.50,4.50
2010.05.07 08:42:11.300,0.989,0.9895,8.50,1.00
2010.05.07 08:42:12.024,0.98905,0.9895,1.00,8.40
2010.05.07 08:42:12.332,0.98905,0.9895,1.00,8.00
2010.05.07 08:42:12.940,0.98895,0.98945,8.40,1.00
2010.05.07 08:42:13.784,0.989,0.98945,4.60,1.00
2010.05.07 08:42:14.121,0.989,0.98945,1.00,4.60
2010.05.07 08:42:15.350,0.989,0.98945,1.00,1.00
2010.05.07 08:42:15.683,0.989,0.98945,1.00,1.00
2010.05.07 08:42:15.902,0.989,0.98945,1.00,1.00
2010.05.07 08:42:16.670,0.98895,0.9894,8.00,1.00
2010.05.07 08:42:17.223,0.9889,0.9894,8.60,4.60
2010.05.07 08:42:18.553,0.98905,0.9895,1.00,4.60
2010.05.07 08:42:19.550,0.98905,0.98945,1.00,1.00
2010.05.07 08:42:20.092,0.98905,0.98925,1.00,8.00
2010.05.07 08:42:20.317,0.9889,0.9892,8.00,1.00
2010.05.07 08:42:20.543,0.9889,0.9893,8.00,1.00
2010.05.07 08:42:20.762,0.9889,0.9894,8.40,4.40
2010.05.07 08:42:20.981,0.98895,0.9894,8.00,1.00
2010.05.07 08:42:21.722,0.9889,0.9894,8.60,4.60
2010.05.07 08:42:22.061,0.98895,0.98945,8.60,8.60
2010.05.07 08:42:23.754,0.98895,0.9894,1.00,1.00
2010.05.07 08:42:24.631,0.98895,0.98945,1.00,8.40
2010.05.07 08:42:26.039,0.989,0.98945,1.00,4.40
2010.05.07 08:42:26.221,0.989,0.98945,1.00,1.00
2010.05.07 08:42:26.400,0.989,0.98945,1.00,1.00
2010.05.07 08:42:27.282,0.989,0.9895,4.70,8.70
2010.05.07 08:42:27.961,0.989,0.9895,1.00,8.70
2010.05.07 08:42:28.300,0.989,0.98945,1.00,1.00
2010.05.07 08:42:31.034,0.98895,0.98945,4.50,8.50
2010.05.07 08:42:31.376,0.989,0.98945,4.00,1.00
2010.05.07 08:42:32.139,0.98905,0.9895,4.00,4.40
2010.05.07 08:42:32.393,0.98905,0.98955,8.50,4.50
2010.05.07 08:42:34.301,0.9891,0.98955,1.00,1.00
2010.05.07 08:42:34.699,0.9891,0.9896,1.00,8.50
2010.05.07 08:42:35.122,0.98915,0.9896,8.00,1.00
2010.05.07 08:42:35.862,0.9891,0.9896,8.40,4.40
2010.05.07 08:42:37.292,0.9889,0.9893,4.00,1.00
2010.05.07 08:42:37.571,0.9889,0.9893,8.00,1.00
2010.05.07 08:42:38.132,0.9889,0.9893,9.10,1.00
2010.05.07 08:42:38.474,0.9891,0.9894,1.00,4.00
2010.05.07 08:42:38.812,0.9888,0.98935,1.00,1.00
2010.05.07 08:42:39.873,0.9888,0.98935,1.00,1.00
2010.05.07 08:42:40.550,0.9888,0.98935,4.40,1.00
2010.05.07 08:42:40.741,0.98885,0.9894,1.00,1.00
2010.05.07 08:42:41.120,0.98885,0.98945,1.00,4.80
2010.05.07 08:42:42.170,0.98885,0.98945,1.20,4.80
2010.05.07 08:42:42.441,0.9889,0.9894,1.00,1.00
2010.05.07 08:42:42.840,0.9889,0.9894,8.60,1.00
2010.05.07 08:42:43.568,0.98895,0.9894,4.50,1.00
2010.05.07 08:42:43.854,0.98905,0.98955,8.50,1.00
2010.05.07 08:42:44.741,0.98895,0.98945,8.80,8.80
2010.05.07 08:42:45.578,0.98905,0.9895,1.00,4.00
2010.05.07 08:42:45.923,0.98905,0.98955,8.40,8.40
2010.05.07 08:42:47.624,0.9891,0.9896,4.60,8.60
2010.05.07 08:42:50.721,0.9891,0.9896,8.40,4.40
2010.05.07 08:42:51.284,0.98915,0.9896,1.00,4.50
2010.05.07 08:42:52.111,0.98905,0.98955,8.50,4.50
2010.05.07 08:42:52.350,0.98905,0.98955,8.40,4.40
2010.05.07 08:42:52.590,0.9891,0.98955,1.00,4.00
2010.05.07 08:42:53.160,0.9891,0.9896,4.50,8.50
2010.05.07 08:42:53.453,0.9891,0.9896,4.70,8.70
2010.05.07 08:42:53.732,0.9891,0.9896,8.70,4.70
2010.05.07 08:42:54.010,0.9891,0.9896,8.40,4.40
2010.05.07 08:42:54.631,0.9891,0.9896,4.60,8.60
2010.05.07 08:42:55.591,0.98915,0.9896,8.00,1.00
2010.05.07 08:42:55.831,0.98915,0.9896,8.80,1.00
2010.05.07 08:42:56.530,0.98915,0.98965,8.40,8.40
2010.05.07 08:42:56.771,0.98915,0.98965,4.80,8.80
2010.05.07 08:42:56.961,0.9891,0.9896,8.70,4.70
2010.05.07 08:42:57.499,0.98915,0.9896,4.00,1.00
2010.05.07 08:42:57.692,0.9891,0.9896,4.70,8.70
2010.05.07 08:42:59.279,0.9891,0.98955,4.50,1.00
2010.05.07 08:42:59.624,0.98915,0.9896,1.00,1.00
2010.05.07 08:42:59.961,0.98915,0.9896,1.00,1.00
2010.05.07 08:43:00.180,0.98915,0.9896,1.00,4.40
2010.05.07 08:43:00.620,0.9891,0.9896,8.70,4.70
2010.05.07 08:43:00.840,0.9891,0.9896,8.70,1.00
2010.05.07 08:43:01.346,0.98915,0.98965,1.00,8.70
2010.05.07 08:43:02.941,0.98915,0.9896,1.00,4.00
2010.05.07 08:43:03.280,0.9891,0.9896,4.80,8.80
2010.05.07 08:43:04.333,0.98915,0.98965,4.70,8.70
2010.05.07 08:43:05.830,0.98915,0.9896,4.70,4.00
2010.05.07 08:43:06.578,0.98915,0.9896,4.00,4.40
2010.05.07 08:43:06.694,0.98915,0.98965,8.70,8.70
2010.05.07 08:43:07.262,0.9891,0.9896,1.00,8.50
2010.05.07 08:43:08.222,0.98915,0.9896,1.00,4.80
2010.05.07 08:43:08.862,0.989,0.98945,1.00,1.00
2010.05.07 08:43:09.720,0.98905,0.98955,1.00,8.40
2010.05.07 08:43:10.014,0.9891,0.98955,1.00,8.00
2010.05.07 08:43:10.301,0.9891,0.98955,1.00,8.70
2010.05.07 08:43:12.071,0.9891,0.98955,1.00,8.00
2010.05.07 08:43:12.692,0.9891,0.98955,1.00,4.00
2010.05.07 08:43:12.901,0.98905,0.98955,8.40,4.40
2010.05.07 08:43:13.191,0.9891,0.98955,1.00,8.40
2010.05.07 08:43:13.481,0.98905,0.98955,8.40,4.40
2010.05.07 08:43:13.771,0.9891,0.9896,4.60,8.60
2010.05.07 08:43:14.901,0.9891,0.98955,1.00,8.40
2010.05.07 08:43:15.243,0.98905,0.98955,8.50,4.50
2010.05.07 08:43:15.631,0.9891,0.9896,1.00,8.80
2010.05.07 08:43:17.601,0.9891,0.98955,1.00,8.40
2010.05.07 08:43:17.810,0.98905,0.98955,8.70,8.70
2010.05.07 08:43:19.212,0.9891,0.98955,1.00,1.00
2010.05.07 08:43:19.522,0.9891,0.98955,1.00,4.60
2010.05.07 08:43:19.680,0.9891,0.98955,1.00,8.70
2010.05.07 08:43:19.841,0.98905,0.98955,4.70,8.70
2010.05.07 08:43:20.001,0.9891,0.98955,1.00,8.00
2010.05.07 08:43:20.161,0.98915,0.9896,4.00,1.00
2010.05.07 08:43:20.790,0.9891,0.9896,1.00,8.50
2010.05.07 08:43:21.081,0.989,0.98945,1.00,1.00
2010.05.07 08:43:23.252,0.989,0.98945,1.00,1.00
2010.05.07 08:43:23.981,0.989,0.98945,8.40,1.00
2010.05.07 08:43:24.884,0.989,0.9895,8.80,1.00
2010.05.07 08:43:25.224,0.9891,0.9895,8.00,1.00
2010.05.07 08:43:25.443,0.98915,0.9896,1.00,4.50
2010.05.07 08:43:25.662,0.98915,0.9896,1.00,1.00
2010.05.07 08:43:26.274,0.9892,0.98965,1.00,4.40
2010.05.07 08:43:26.541,0.9892,0.9897,4.40,8.40
2010.05.07 08:43:26.811,0.9892,0.98965,1.00,1.00
2010.05.07 08:43:27.351,0.9892,0.9897,1.00,8.70
2010.05.07 08:43:27.867,0.9892,0.9897,4.70,4.70
2010.05.07 08:43:28.201,0.9892,0.98965,1.00,1.00
2010.05.07 08:43:28.542,0.9892,0.98965,8.80,1.00
2010.05.07 08:43:28.781,0.98935,0.9898,1.00,1.00
2010.05.07 08:43:29.021,0.98935,0.9898,1.00,4.80
2010.05.07 08:43:29.852,0.98935,0.9898,1.00,8.70
2010.05.07 08:43:30.159,0.98925,0.9897,8.00,1.00
2010.05.07 08:43:30.780,0.9893,0.98975,1.00,1.00
2010.05.07 08:43:31.624,0.9893,0.9898,1.00,8.60
2010.05.07 08:43:31.801,0.9893,0.98975,1.00,1.00
2010.05.07 08:43:31.971,0.9893,0.98975,1.00,1.00
2010.05.07 08:43:33.002,0.9893,0.98975,1.00,4.00
2010.05.07 08:43:33.561,0.9893,0.98975,8.50,1.00
2010.05.07 08:43:33.841,0.98935,0.9898,4.00,1.00
2010.05.07 08:43:34.693,0.98935,0.9898,1.00,8.00
2010.05.07 08:43:35.031,0.9893,0.98975,1.00,1.00
2010.05.07 08:43:35.371,0.9893,0.98975,8.50,1.00
2010.05.07 08:43:36.255,0.98935,0.98985,8.70,8.70
2010.05.07 08:43:36.491,0.98935,0.98975,4.70,4.00
2010.05.07 08:43:36.731,0.98935,0.9898,8.00,1.00
2010.05.07 08:43:36.970,0.98935,0.98985,8.80,4.80
2010.05.07 08:43:37.191,0.98935,0.98985,1.00,8.40
2010.05.07 08:43:37.412,0.9894,0.9898,1.00,1.00
2010.05.07 08:43:37.910,0.9892,0.9897,8.40,1.00
2010.05.07 08:43:38.134,0.9892,0.98975,1.00,1.00
2010.05.07 08:43:38.472,0.98915,0.98975,1.00,1.00
2010.05.07 08:43:39.137,0.9892,0.98975,8.00,1.00
2010.05.07 08:43:39.451,0.9892,0.98975,1.00,1.00
2010.05.07 08:43:40.091,0.9892,0.98975,8.60,1.00
2010.05.07 08:43:40.643,0.98925,0.98985,1.00,4.40
2010.05.07 08:43:40.990,0.98915,0.9897,1.00,1.00
2010.05.07 08:43:42.342,0.9891,0.98965,1.00,8.40
2010.05.07 08:43:42.672,0.98915,0.98965,4.80,8.00
2010.05.07 08:43:43.517,0.9891,0.98955,1.00,8.00
2010.05.07 08:43:43.856,0.98915,0.98965,4.80,8.80
2010.05.07 08:43:44.191,0.98915,0.98965,8.70,4.70
2010.05.07 08:43:45.166,0.98915,0.98965,8.70,1.00
2010.05.07 08:43:45.504,0.98915,0.98965,4.60,8.60
2010.05.07 08:43:45.780,0.98915,0.98965,4.40,8.40
2010.05.07 08:43:46.341,0.98915,0.9896,1.00,1.00
2010.05.07 08:43:46.907,0.98915,0.9896,1.00,4.50
2010.05.07 08:43:47.093,0.9891,0.9896,8.40,1.00
2010.05.07 08:43:47.271,0.98915,0.9896,4.00,1.00
2010.05.07 08:43:47.451,0.98915,0.98965,8.80,8.80
2010.05.07 08:43:47.632,0.98915,0.98965,8.80,1.00
2010.05.07 08:43:47.810,0.9892,0.98965,1.00,1.00
2010.05.07 08:43:48.893,0.9891,0.9896,8.40,4.40
2010.05.07 08:43:49.231,0.9891,0.9896,4.40,8.40
2010.05.07 08:43:49.500,0.9891,0.9896,4.50,8.50
2010.05.07 08:43:50.532,0.9891,0.9896,8.40,4.40
2010.05.07 08:43:50.780,0.9891,0.9896,8.60,4.60
2010.05.07 08:43:51.831,0.98915,0.98965,4.40,8.40
2010.05.07 08:43:53.191,0.98915,0.98965,8.40,4.40
2010.05.07 08:43:53.332,0.9891,0.9896,8.50,4.50
2010.05.07 08:43:54.212,0.989,0.9895,1.00,8.40
2010.05.07 08:43:54.553,0.989,0.9895,8.40,1.00
2010.05.07 08:43:54.772,0.98905,0.9895,1.00,1.00
2010.05.07 08:43:55.525,0.98905,0.98955,1.00,8.70
2010.05.07 08:43:56.081,0.9891,0.9896,1.00,8.70
2010.05.07 08:43:56.761,0.9891,0.98955,1.00,8.70
2010.05.07 08:43:56.940,0.98905,0.98955,8.40,4.40
2010.05.07 08:43:57.781,0.98905,0.98955,8.40,1.00
2010.05.07 08:43:57.991,0.98915,0.98955,8.00,1.00
2010.05.07 08:43:58.201,0.98915,0.98965,8.40,8.40
2010.05.07 08:43:58.410,0.98915,0.98965,8.40,4.40
2010.05.07 08:43:58.620,0.98915,0.98965,8.50,4.50
2010.05.07 08:43:59.340,0.9892,0.98965,1.00,1.00
2010.05.07 08:43:59.680,0.9892,0.9896,1.00,8.00
2010.05.07 08:44:00.400,0.9892,0.98965,4.70,1.00
2010.05.07 08:44:00.523,0.9892,0.98965,1.00,1.00
2010.05.07 08:44:01.560,0.9892,0.98965,4.70,1.00
2010.05.07 08:44:01.700,0.9892,0.9897,4.40,8.40
2010.05.07 08:44:01.936,0.9892,0.9897,4.80,8.80
2010.05.07 08:44:02.548,0.9892,0.9897,8.80,4.80
2010.05.07 08:44:04.588,0.9893,0.9897,4.00,1.00
2010.05.07 08:44:04.931,0.9893,0.9898,4.80,8.80
2010.05.07 08:44:05.442,0.9893,0.98975,4.80,4.00
2010.05.07 08:44:05.681,0.9893,0.9898,4.80,8.80
2010.05.07 08:44:06.543,0.9893,0.9898,1.00,8.70
2010.05.07 08:44:06.592,0.98935,0.9898,8.80,1.00
2010.05.07 08:44:06.852,0.9893,0.9898,8.40,4.40
2010.05.07 08:44:08.453,0.98945,0.9899,1.00,8.80
2010.05.07 08:44:08.691,0.9893,0.9898,1.00,1.00
2010.05.07 08:44:09.152,0.98925,0.98985,8.80,1.00
2010.05.07 08:44:09.390,0.9893,0.98985,1.00,1.00
2010.05.07 08:44:10.245,0.9892,0.98975,8.60,1.00
2010.05.07 08:44:10.581,0.98925,0.9898,8.40,1.00
2010.05.07 08:44:10.921,0.98925,0.98975,1.00,1.00
2010.05.07 08:44:11.100,0.9892,0.98975,1.00,1.00
2010.05.07 08:44:11.826,0.9892,0.9898,4.40,1.00
2010.05.07 08:44:13.383,0.9892,0.98975,1.00,1.00
2010.05.07 08:44:14.093,0.9892,0.98965,4.40,1.00
2010.05.07 08:44:14.401,0.9892,0.98965,1.00,4.50
2010.05.07 08:44:14.701,0.98915,0.98965,8.40,8.40
2010.05.07 08:44:15.001,0.9891,0.9896,8.60,4.60
2010.05.07 08:44:15.638,0.98915,0.9896,8.00,1.00
2010.05.07 08:44:15.831,0.98915,0.98965,8.50,8.50
2010.05.07 08:44:19.135,0.9892,0.9897,4.80,8.80
2010.05.07 08:44:19.353,0.9892,0.98965,1.00,1.00
2010.05.07 08:44:19.573,0.98915,0.98965,8.40,8.40
2010.05.07 08:44:19.793,0.9891,0.9896,4.70,4.70
2010.05.07 08:44:20.011,0.98915,0.9896,4.00,1.00
2010.05.07 08:44:20.715,0.9891,0.9896,8.70,1.00
2010.05.07 08:44:21.051,0.98915,0.98965,8.70,4.70
2010.05.07 08:44:21.731,0.9891,0.9896,4.80,8.80
2010.05.07 08:44:23.363,0.9892,0.98965,1.00,1.00
2010.05.07 08:44:23.701,0.98925,0.98975,1.00,8.40
2010.05.07 08:44:24.040,0.98925,0.98975,1.00,8.70
2010.05.07 08:44:24.240,0.98925,0.98975,4.70,8.70
2010.05.07 08:44:25.171,0.98925,0.9897,1.00,1.00
2010.05.07 08:44:28.013,0.98925,0.9897,8.50,1.00
2010.05.07 08:44:28.212,0.98925,0.9897,1.00,1.00
2010.05.07 08:44:29.870,0.98925,0.98965,1.00,4.00
2010.05.07 08:44:30.051,0.9892,0.9897,4.80,8.80
2010.05.07 08:44:30.530,0.9892,0.98965,4.60,1.00
2010.05.07 08:44:30.830,0.9892,0.98965,1.00,1.00
2010.05.07 08:44:34.212,0.9892,0.9897,8.40,1.00
2010.05.07 08:44:34.480,0.98925,0.9897,1.00,1.00
2010.05.07 08:44:35.593,0.98925,0.9897,4.70,1.00
2010.05.07 08:44:35.701,0.98925,0.9897,8.70,1.00
2010.05.07 08:44:35.921,0.98925,0.98975,8.40,8.40
2010.05.07 08:44:36.835,0.98905,0.98955,8.80,1.00
2010.05.07 08:44:37.452,0.98905,0.9895,1.00,1.00
2010.05.07 08:44:37.761,0.9891,0.9895,8.00,1.00
2010.05.07 08:44:38.522,0.98915,0.9896,1.00,1.00
2010.05.07 08:44:38.790,0.98915,0.98965,1.00,8.40
2010.05.07 08:44:39.250,0.9891,0.9896,8.40,1.00
2010.05.07 08:44:39.480,0.9891,0.9896,8.40,4.40
2010.05.07 08:44:39.710,0.9891,0.98955,1.00,4.60
2010.05.07 08:44:40.794,0.98915,0.9896,1.00,1.00
2010.05.07 08:44:40.933,0.9891,0.98955,4.40,1.00
2010.05.07 08:44:41.071,0.9891,0.98955,1.00,1.00
2010.05.07 08:44:41.461,0.9891,0.9896,4.40,8.40
2010.05.07 08:44:41.590,0.98915,0.9896,8.00,1.00
2010.05.07 08:44:42.242,0.9892,0.98965,8.00,1.00
2010.05.07 08:44:42.562,0.9892,0.98965,1.00,1.00
2010.05.07 08:44:43.925,0.9892,0.98965,8.80,1.00
2010.05.07 08:44:44.262,0.98925,0.98975,4.40,4.40
2010.05.07 08:44:44.601,0.9892,0.98975,1.00,1.00
2010.05.07 08:44:46.473,0.98925,0.9898,1.00,1.00
2010.05.07 08:44:46.720,0.98925,0.9898,1.00,1.00
2010.05.07 08:44:49.151,0.98925,0.98985,1.00,8.60
2010.05.07 08:44:49.340,0.98925,0.98985,4.60,4.60
2010.05.07 08:44:49.531,0.9893,0.9898,4.00,8.00
2010.05.07 08:44:49.856,0.9893,0.9898,4.40,8.40
2010.05.07 08:44:51.910,0.9893,0.9898,8.40,4.40
2010.05.07 08:44:52.010,0.9893,0.9898,8.40,1.00
2010.05.07 08:44:52.110,0.98935,0.9898,8.00,1.00
2010.05.07 08:44:52.942,0.98935,0.98985,8.40,1.00
2010.05.07 08:44:53.241,0.98935,0.9898,4.40,4.00
2010.05.07 08:44:53.840,0.98935,0.9898,1.00,4.00
2010.05.07 08:44:54.611,0.98935,0.98985,8.80,1.00
2010.05.07 08:44:54.942,0.98935,0.98985,1.00,8.40
2010.05.07 08:44:55.181,0.9894,0.98985,4.60,1.00
2010.05.07 08:44:56.580,0.9894,0.98985,1.00,8.60
2010.05.07 08:44:56.760,0.98935,0.9898,1.00,1.00
2010.05.07 08:44:58.370,0.98935,0.9898,8.50,1.00
2010.05.07 08:44:59.203,0.9893,0.9898,8.80,1.00
2010.05.07 08:44:59.883,0.98935,0.9898,8.00,1.00
2010.05.07 08:45:00.532,0.98935,0.98975,8.00,1.60
2010.05.07 08:45:00.871,0.98935,0.98975,4.00,1.00
2010.05.07 08:45:01.203,0.9894,0.98985,1.00,4.40
2010.05.07 08:45:02.347,0.98945,0.98985,8.00,1.00
2010.05.07 08:45:02.624,0.98945,0.9899,8.80,1.00
2010.05.07 08:45:02.902,0.98945,0.98995,8.80,8.80
2010.05.07 08:45:03.677,0.98945,0.9899,4.00,1.00
2010.05.07 08:45:03.698,0.98945,0.9899,1.00,8.00
2010.05.07 08:45:04.452,0.98945,0.9899,1.00,4.00
2010.05.07 08:45:05.338,0.9895,0.99,1.00,8.80
2010.05.07 08:45:05.524,0.98935,0.98995,1.00,4.70
2010.05.07 08:45:05.703,0.98935,0.9899,1.00,4.40
2010.05.07 08:45:06.346,0.98935,0.9899,1.00,1.00
2010.05.07 08:45:06.680,0.9893,0.9899,4.40,1.00
2010.05.07 08:45:08.823,0.98935,0.9899,1.00,4.60
2010.05.07 08:45:09.081,0.98925,0.98985,8.70,1.00
2010.05.07 08:45:09.330,0.98925,0.98985,1.00,1.00
2010.05.07 08:45:09.580,0.98925,0.98985,4.70,1.00
2010.05.07 08:45:10.673,0.98935,0.98985,8.00,1.00
2010.05.07 08:45:10.874,0.9894,0.98985,1.00,1.00
2010.05.07 08:45:11.271,0.98935,0.98985,8.40,8.40
2010.05.07 08:45:12.454,0.9894,0.9899,4.60,8.60
2010.05.07 08:45:13.398,0.9894,0.98985,1.00,8.00
2010.05.07 08:45:14.245,0.98945,0.98995,8.40,8.40
2010.05.07 08:45:14.491,0.9895,0.99,4.70,8.70
2010.05.07 08:45:16.782,0.98945,0.98995,4.60,8.60
2010.05.07 08:45:17.373,0.98945,0.98995,1.00,8.60
2010.05.07 08:45:17.432,0.98945,0.98995,1.00,8.40
2010.05.07 08:45:18.173,0.98945,0.9899,1.00,1.00
2010.05.07 08:45:19.639,0.98945,0.98995,8.60,4.60
2010.05.07 08:45:19.994,0.98945,0.98995,8.80,8.80
2010.05.07 08:45:22.560,0.98945,0.98995,8.80,4.80
2010.05.07 08:45:22.731,0.98945,0.98995,8.70,4.70
2010.05.07 08:45:23.047,0.9895,0.98995,1.00,4.60
2010.05.07 08:45:23.390,0.9895,0.98995,1.00,8.60
2010.05.07 08:45:23.560,0.98945,0.9899,1.00,1.00
2010.05.07 08:45:25.056,0.9894,0.9899,8.60,1.00
2010.05.07 08:45:25.234,0.98945,0.9899,1.00,8.00
2010.05.07 08:45:25.411,0.98945,0.9899,1.00,4.00
2010.05.07 08:45:25.580,0.98945,0.98995,1.00,8.40
2010.05.07 08:45:25.800,0.98945,0.98995,1.00,8.40
2010.05.07 08:45:26.021,0.98945,0.9899,1.00,1.00
2010.05.07 08:45:26.681,0.98945,0.98995,4.50,4.50
2010.05.07 08:45:27.183,0.98945,0.98995,8.50,4.50
2010.05.07 08:45:27.363,0.9895,0.98995,1.00,1.00
2010.05.07 08:45:27.585,0.9895,0.98995,1.00,4.80
2010.05.07 08:45:27.760,0.98945,0.9899,1.00,1.00
2010.05.07 08:45:27.980,0.98945,0.9899,8.40,1.00
2010.05.07 08:45:28.420,0.98945,0.9899,1.00,1.00
2010.05.07 08:45:28.640,0.9895,0.98995,1.00,1.00
2010.05.07 08:45:29.431,0.98945,0.9899,1.00,1.00
2010.05.07 08:45:30.139,0.98945,0.9899,1.00,4.70
2010.05.07 08:45:30.482,0.98945,0.9899,1.00,4.50
2010.05.07 08:45:30.650,0.98945,0.9899,1.00,1.00
2010.05.07 08:45:33.271,0.98945,0.9899,1.00,1.00
2010.05.07 08:45:34.549,0.9894,0.9899,8.50,1.00
2010.05.07 08:45:34.790,0.9894,0.9899,4.50,4.50
2010.05.07 08:45:35.030,0.9894,0.9899,1.00,8.50
2010.05.07 08:45:35.772,0.98945,0.9899,1.00,1.00
2010.05.07 08:45:38.495,0.98945,0.98995,8.40,1.00
2010.05.07 08:45:39.361,0.98945,0.9899,1.00,1.00
2010.05.07 08:45:40.342,0.98945,0.9899,1.00,1.00
2010.05.07 08:45:40.761,0.98945,0.9899,1.00,1.00
2010.05.07 08:45:41.047,0.98945,0.9899,1.00,4.00
2010.05.07 08:45:41.262,0.9894,0.9899,8.40,1.00
2010.05.07 08:45:41.951,0.98945,0.9899,8.50,1.00
2010.05.07 08:45:42.191,0.98945,0.98995,8.50,4.50
2010.05.07 08:45:42.434,0.9894,0.9899,8.60,4.60
2010.05.07 08:45:42.623,0.98945,0.9899,1.00,8.70
2010.05.07 08:45:43.822,0.9894,0.9899,4.50,4.50
2010.05.07 08:45:45.310,0.9894,0.9899,1.00,8.50
2010.05.07 08:45:45.601,0.9894,0.98985,1.00,1.00
2010.05.07 08:45:45.780,0.9894,0.98985,1.00,1.00
2010.05.07 08:45:46.520,0.98945,0.98995,8.70,1.00
2010.05.07 08:45:46.702,0.98945,0.98995,8.50,4.50
2010.05.07 08:45:46.961,0.98945,0.98995,4.40,8.40
2010.05.07 08:45:47.924,0.9895,0.98995,1.00,1.00
2010.05.07 08:45:49.523,0.9895,0.98995,1.00,4.70
2010.05.07 08:45:49.861,0.9895,0.99,4.50,8.50
2010.05.07 08:45:50.102,0.9895,0.99,4.40,8.40
2010.05.07 08:45:53.183,0.9896,0.99005,4.50,1.00
2010.05.07 08:45:53.310,0.9896,0.9901,4.70,8.70
2010.05.07 08:45:54.413,0.98985,0.9903,1.00,1.10
2010.05.07 08:45:54.751,0.9898,0.99035,4.60,1.10
2010.05.07 08:45:55.602,0.9898,0.99035,4.60,2.70
2010.05.07 08:45:55.943,0.9898,0.99035,1.00,1.20
2010.05.07 08:45:56.284,0.9898,0.9904,1.00,10.20
2010.05.07 08:45:57.041,0.9898,0.99035,1.00,8.00
2010.05.07 08:45:57.331,0.9897,0.9903,1.00,1.00
2010.05.07 08:45:58.647,0.9897,0.9903,1.00,1.00
2010.05.07 08:45:58.990,0.9898,0.9903,1.00,1.00
2010.05.07 08:45:59.333,0.9898,0.99035,1.00,1.00
2010.05.07 08:45:59.562,0.98975,0.99025,4.60,1.00
2010.05.07 08:45:59.792,0.98975,0.99025,8.60,8.60
2010.05.07 08:46:00.454,0.9898,0.99025,1.00,8.40
2010.05.07 08:46:00.691,0.9898,0.99025,1.00,1.00
2010.05.07 08:46:02.901,0.98985,0.9903,1.00,8.80
2010.05.07 08:46:03.030,0.98985,0.9903,1.00,1.00
2010.05.07 08:46:06.481,0.98975,0.99025,8.50,4.50
2010.05.07 08:46:07.000,0.98975,0.99025,8.80,4.80
2010.05.07 08:46:07.823,0.98985,0.9903,4.40,1.00
2010.05.07 08:46:08.092,0.98985,0.99035,1.00,8.40
2010.05.07 08:46:08.351,0.98985,0.9903,1.00,4.40
2010.05.07 08:46:09.212,0.9898,0.99025,1.00,1.00
2010.05.07 08:46:11.592,0.9898,0.9903,8.80,4.80
2010.05.07 08:46:11.751,0.9898,0.9903,8.80,1.00
2010.05.07 08:46:11.910,0.98985,0.9903,1.00,1.00
2010.05.07 08:46:12.743,0.9898,0.99025,1.00,1.00
2010.05.07 08:46:13.082,0.98985,0.99025,1.00,8.00
2010.05.07 08:46:13.411,0.98975,0.9902,1.00,8.00
2010.05.07 08:46:14.286,0.9898,0.99015,4.00,1.00
2010.05.07 08:46:14.622,0.98975,0.99025,8.40,1.00
2010.05.07 08:46:14.962,0.98975,0.99025,8.70,8.70
2010.05.07 08:46:15.511,0.98975,0.99025,8.70,4.70
2010.05.07 08:46:15.854,0.98985,0.99025,8.00,1.00
2010.05.07 08:46:16.193,0.98985,0.99025,4.00,1.00
2010.05.07 08:46:16.454,0.98985,0.9903,1.00,4.00
2010.05.07 08:46:16.967,0.98985,0.9903,1.00,8.00
2010.05.07 08:46:17.232,0.9898,0.9903,4.50,8.50
2010.05.07 08:46:17.958,0.9898,0.9903,8.50,4.50
2010.05.07 08:46:18.242,0.98985,0.9903,1.00,1.00
2010.05.07 08:46:19.093,0.98985,0.9903,1.00,4.70
2010.05.07 08:46:19.413,0.9898,0.99025,1.00,1.00
2010.05.07 08:46:19.731,0.98975,0.99025,8.60,8.60
2010.05.07 08:46:20.533,0.98975,0.9902,8.70,1.00
2010.05.07 08:46:20.741,0.98975,0.9902,1.00,4.60
2010.05.07 08:46:20.942,0.9898,0.99025,1.00,8.00
2010.05.07 08:46:21.151,0.9898,0.99025,4.60,4.60
2010.05.07 08:46:21.852,0.98985,0.99035,8.60,4.60
2010.05.07 08:46:22.532,0.9899,0.99035,4.00,1.00
2010.05.07 08:46:23.214,0.9899,0.9904,4.40,8.40
2010.05.07 08:46:23.560,0.98995,0.99045,8.70,1.00
2010.05.07 08:46:23.904,0.99005,0.9905,1.00,4.00
2010.05.07 08:46:24.812,0.99005,0.9905,8.70,1.00
2010.05.07 08:46:25.335,0.99005,0.9905,4.70,1.00
2010.05.07 08:46:25.565,0.99005,0.99055,1.00,8.40
2010.05.07 08:46:26.022,0.99005,0.9905,1.00,8.00
2010.05.07 08:46:26.862,0.99,0.9905,1.00,8.40
2010.05.07 08:46:27.203,0.98995,0.99045,8.50,4.50
2010.05.07 08:46:27.541,0.99,0.99045,1.00,4.70
2010.05.07 08:46:28.343,0.98995,0.99045,8.50,8.50
2010.05.07 08:46:28.632,0.98995,0.99045,1.00,8.50
2010.05.07 08:46:28.921,0.9899,0.9904,8.70,1.00
2010.05.07 08:46:29.201,0.98995,0.9904,8.00,1.00
2010.05.07 08:46:30.067,0.98985,0.99035,8.70,4.70
2010.05.07 08:46:30.402,0.98985,0.99035,1.00,8.70
2010.05.07 08:46:31.470,0.98985,0.9903,8.00,1.00
2010.05.07 08:46:31.706,0.9899,0.9904,1.00,1.00
2010.05.07 08:46:31.933,0.9899,0.99045,1.00,1.00
2010.05.07 08:46:32.162,0.9899,0.99045,4.70,1.00
2010.05.07 08:46:32.677,0.9899,0.9905,4.40,1.00
2010.05.07 08:46:33.012,0.98995,0.9905,1.00,1.00
2010.05.07 08:46:34.959,0.98995,0.9905,1.00,1.00
2010.05.07 08:46:35.062,0.98995,0.99045,1.00,8.00
2010.05.07 08:46:35.170,0.98995,0.99045,1.00,4.00
2010.05.07 08:46:35.273,0.98995,0.9905,1.00,1.00
2010.05.07 08:46:35.383,0.9899,0.9904,4.00,1.00
2010.05.07 08:46:35.492,0.98995,0.9905,1.00,1.00
2010.05.07 08:46:36.331,0.98995,0.99045,4.70,8.70
2010.05.07 08:46:37.011,0.98995,0.99045,8.70,4.70
2010.05.07 08:46:37.351,0.9901,0.99055,1.00,8.00
2010.05.07 08:46:38.032,0.9901,0.9905,4.00,1.00
2010.05.07 08:46:38.570,0.9901,0.99055,4.40,1.00
2010.05.07 08:46:39.923,0.9901,0.99055,1.00,1.00
2010.05.07 08:46:40.262,0.99015,0.99055,8.00,1.00
2010.05.07 08:46:41.095,0.99025,0.99065,8.00,1.00
2010.05.07 08:46:41.385,0.9903,0.99075,1.00,4.60
2010.05.07 08:46:41.721,0.99025,0.99075,8.70,4.70
2010.05.07 08:46:42.732,0.9903,0.9908,4.70,8.70
2010.05.07 08:46:43.200,0.9903,0.9908,4.50,8.50
2010.05.07 08:46:45.910,0.9903,0.9908,4.40,8.40
2010.05.07 08:46:46.131,0.9903,0.99075,1.00,1.00
2010.05.07 08:46:47.082,0.99025,0.99075,4.60,8.60
2010.05.07 08:46:48.851,0.99025,0.99075,8.70,8.70
2010.05.07 08:46:50.981,0.99025,0.99075,8.40,8.40
2010.05.07 08:46:51.230,0.99025,0.99075,1.00,8.40
2010.05.07 08:46:52.216,0.99025,0.9906,1.00,8.00
2010.05.07 08:46:52.354,0.9901,0.99055,1.00,4.60
2010.05.07 08:46:52.492,0.99005,0.99045,4.00,1.00
2010.05.07 08:46:52.732,0.99,0.99045,1.00,1.00
2010.05.07 08:46:53.472,0.98995,0.99045,8.80,1.00
2010.05.07 08:46:54.191,0.98995,0.99045,8.50,4.50
2010.05.07 08:46:54.792,0.99,0.99045,1.00,1.00
2010.05.07 08:46:55.632,0.98995,0.99045,8.40,4.40
2010.05.07 08:46:56.271,0.99,0.99045,1.00,4.00
2010.05.07 08:46:56.861,0.99,0.9905,1.00,8.40
2010.05.07 08:46:57.113,0.99005,0.99055,8.80,8.80
2010.05.07 08:46:57.602,0.99005,0.99055,4.40,8.40
2010.05.07 08:46:59.331,0.99015,0.99055,4.50,4.00
2010.05.07 08:46:59.471,0.99015,0.9906,8.50,1.00
2010.05.07 08:46:59.611,0.9902,0.99065,1.00,8.40
2010.05.07 08:46:59.751,0.9902,0.99065,1.00,8.50
2010.05.07 08:47:00.093,0.9902,0.99065,4.50,4.50
2010.05.07 08:47:00.901,0.9902,0.9907,8.80,4.80
2010.05.07 08:47:01.243,0.99025,0.99075,1.00,8.60
2010.05.07 08:47:01.451,0.99025,0.99075,4.60,8.60
2010.05.07 08:47:01.650,0.99025,0.99075,8.50,8.50
2010.05.07 08:47:02.380,0.99025,0.99075,8.40,8.40
2010.05.07 08:47:02.655,0.99025,0.99075,8.70,4.70
2010.05.07 08:47:02.933,0.9904,0.99085,1.00,8.70
2010.05.07 08:47:03.701,0.9904,0.99085,1.00,1.00
2010.05.07 08:47:04.052,0.99025,0.99075,8.40,4.40
2010.05.07 08:47:04.391,0.99025,0.99075,8.40,1.00
2010.05.07 08:47:04.731,0.9902,0.9907,8.70,1.00
2010.05.07 08:47:05.540,0.9902,0.9907,1.00,8.50
2010.05.07 08:47:05.882,0.9902,0.99065,1.00,1.00
2010.05.07 08:47:07.344,0.9902,0.99065,4.70,1.00
2010.05.07 08:47:07.553,0.9902,0.9907,1.00,8.40
2010.05.07 08:47:07.761,0.9902,0.99065,1.00,1.00
2010.05.07 08:47:07.971,0.9902,0.9906,1.00,4.00
2010.05.07 08:47:08.183,0.99015,0.9906,1.00,8.80
2010.05.07 08:47:08.931,0.9901,0.9906,4.70,8.70
2010.05.07 08:47:09.602,0.9901,0.9906,4.50,8.50
2010.05.07 08:47:11.513,0.9901,0.9906,4.40,8.40
2010.05.07 08:47:12.053,0.9901,0.9906,4.40,8.40
2010.05.07 08:47:12.253,0.99015,0.9906,8.00,1.00
2010.05.07 08:47:12.992,0.99025,0.9907,8.40,1.00
2010.05.07 08:47:13.233,0.9903,0.99075,1.00,4.00
2010.05.07 08:47:13.470,0.99025,0.99075,8.50,4.50
2010.05.07 08:47:13.710,0.99025,0.99075,1.00,8.50
2010.05.07 08:47:14.561,0.99025,0.9907,1.00,1.00
2010.05.07 08:47:16.751,0.99025,0.9907,1.00,4.50
2010.05.07 08:47:16.923,0.9902,0.9907,4.40,8.40
2010.05.07 08:47:20.662,0.9903,0.99075,4.40,1.00
2010.05.07 08:47:20.881,0.9903,0.99075,1.00,8.00
2010.05.07 08:47:21.101,0.9903,0.9908,1.00,8.70
2010.05.07 08:47:21.321,0.9903,0.99075,1.00,1.00
2010.05.07 08:47:21.541,0.99035,0.9908,1.00,8.00
2010.05.07 08:47:22.264,0.9904,0.9909,4.70,4.70
2010.05.07 08:47:22.446,0.9904,0.9909,4.50,4.50
2010.05.07 08:47:22.713,0.99045,0.9909,8.80,1.00
2010.05.07 08:47:22.983,0.99045,0.99095,8.80,4.80
2010.05.07 08:47:23.772,0.99045,0.99095,8.60,8.60
2010.05.07 08:47:26.542,0.99055,0.99095,1.00,8.00
2010.05.07 08:47:26.722,0.99055,0.991,1.00,8.00
2010.05.07 08:47:26.901,0.99055,0.99105,1.00,8.80
2010.05.07 08:47:28.834,0.9906,0.991,1.00,1.20
2010.05.07 08:47:29.082,0.99055,0.991,8.00,1.00
2010.05.07 08:47:29.849,0.9906,0.9911,4.60,4.60
2010.05.07 08:47:30.195,0.99065,0.99115,8.60,4.60
2010.05.07 08:47:30.454,0.99075,0.99125,4.40,8.40
2010.05.07 08:47:30.711,0.99075,0.99125,8.70,8.70
2010.05.07 08:47:31.475,0.9908,0.9913,1.00,8.50
2010.05.07 08:47:31.813,0.99075,0.99125,8.60,4.60
2010.05.07 08:47:32.154,0.9909,0.99135,8.00,1.00
2010.05.07 08:47:32.493,0.9909,0.99145,1.00,1.00
2010.05.07 08:47:32.995,0.9909,0.99145,1.00,8.70
2010.05.07 08:47:33.333,0.9909,0.99145,8.70,1.00
2010.05.07 08:47:33.502,0.9909,0.9914,8.00,1.00
2010.05.07 08:47:33.670,0.9909,0.9914,4.00,1.00
2010.05.07 08:47:33.841,0.99085,0.9914,1.00,1.00
2010.05.07 08:47:34.012,0.99085,0.9914,1.00,1.00
2010.05.07 08:47:34.916,0.9909,0.99145,1.00,1.00
2010.05.07 08:47:35.253,0.99095,0.99145,4.00,1.00
2010.05.07 08:47:35.592,0.99105,0.99145,4.00,1.10
2010.05.07 08:47:36.134,0.99105,0.99145,8.00,1.10
2010.05.07 08:47:36.475,0.99105,0.99155,1.00,1.00
2010.05.07 08:47:36.813,0.991,0.99155,1.00,1.00
2010.05.07 08:47:37.815,0.991,0.99155,1.00,1.00
2010.05.07 08:47:37.975,0.99115,0.9916,1.00,8.00
2010.05.07 08:47:38.133,0.99115,0.9915,1.00,1.60
2010.05.07 08:47:38.451,0.9912,0.99165,8.00,1.00
2010.05.07 08:47:38.993,0.9912,0.9917,8.50,5.00
2010.05.07 08:47:39.333,0.99135,0.9918,1.00,4.40
2010.05.07 08:47:40.342,0.99135,0.99185,8.80,6.40
2010.05.07 08:47:40.672,0.99135,0.9918,8.40,1.30
2010.05.07 08:47:41.341,0.9914,0.99185,4.70,1.60
2010.05.07 08:47:41.542,0.99135,0.99185,1.00,10.40
2010.05.07 08:47:41.961,0.99135,0.9918,1.00,1.00
2010.05.07 08:47:42.171,0.99135,0.9918,1.00,5.00
2010.05.07 08:47:42.380,0.99135,0.9918,1.00,4.60
2010.05.07 08:47:42.670,0.9913,0.9918,8.80,4.80
2010.05.07 08:47:44.220,0.9913,0.9918,8.80,1.00
2010.05.07 08:47:44.410,0.99135,0.9918,1.00,1.00
2010.05.07 08:47:45.066,0.99135,0.9918,8.60,1.00
2010.05.07 08:47:45.404,0.9913,0.9918,8.50,1.00
2010.05.07 08:47:45.743,0.9913,0.9918,4.50,8.50
2010.05.07 08:47:46.004,0.99135,0.9918,1.00,4.00
2010.05.07 08:47:46.261,0.99135,0.99185,1.00,10.00
2010.05.07 08:47:46.797,0.99135,0.99185,1.00,8.40
2010.05.07 08:47:47.026,0.9913,0.9918,4.40,8.40
2010.05.07 08:47:47.471,0.99135,0.9918,4.00,5.30
2010.05.07 08:47:47.692,0.99135,0.99175,4.80,4.00
2010.05.07 08:47:47.912,0.99125,0.99175,8.70,8.70
2010.05.07 08:47:48.528,0.99125,0.9917,1.00,4.00
2010.05.07 08:47:48.823,0.9912,0.9917,1.00,8.40
2010.05.07 08:47:49.122,0.99125,0.9917,1.00,1.00
2010.05.07 08:47:49.411,0.9912,0.9917,8.40,1.00
2010.05.07 08:47:50.146,0.9912,0.99165,4.40,4.00
2010.05.07 08:47:50.437,0.99115,0.99165,8.50,1.00
2010.05.07 08:47:50.721,0.99115,0.99165,8.50,8.50
2010.05.07 08:47:51.000,0.99115,0.99165,8.50,4.50
2010.05.07 08:47:51.281,0.9912,0.99165,1.00,4.50
2010.05.07 08:47:52.516,0.9912,0.99165,4.50,1.00
2010.05.07 08:47:52.574,0.99115,0.99165,8.40,8.40
2010.05.07 08:47:53.541,0.9912,0.9917,4.50,8.50
2010.05.07 08:47:55.992,0.9912,0.9917,4.40,8.40
2010.05.07 08:47:56.130,0.99125,0.9917,4.00,1.00
2010.05.07 08:47:56.411,0.99125,0.99165,1.00,9.60
2010.05.07 08:47:56.551,0.9912,0.99165,1.00,5.60
2010.05.07 08:47:57.472,0.99115,0.99165,1.00,1.60
2010.05.07 08:47:57.813,0.99115,0.9917,8.40,1.00
2010.05.07 08:47:58.394,0.99115,0.9917,8.70,1.00
2010.05.07 08:47:58.733,0.9912,0.9918,1.00,4.60
2010.05.07 08:47:59.073,0.9912,0.99175,1.00,1.00
2010.05.07 08:47:59.750,0.9912,0.99175,1.00,1.00
2010.05.07 08:48:01.751,0.9912,0.99175,8.40,8.40
2010.05.07 08:48:01.962,0.99125,0.99175,1.00,8.60
2010.05.07 08:48:02.673,0.9912,0.9917,8.40,1.00
2010.05.07 08:48:03.271,0.9912,0.9917,1.00,8.40
2010.05.07 08:48:03.818,0.99125,0.99165,1.00,4.00
2010.05.07 08:48:04.164,0.99125,0.9917,1.00,8.40
2010.05.07 08:48:04.503,0.9912,0.9917,1.00,8.40
2010.05.07 08:48:05.350,0.99115,0.99165,8.70,1.00
2010.05.07 08:48:05.682,0.9913,0.99175,1.00,1.00
2010.05.07 08:48:06.022,0.9913,0.99175,1.00,4.40
2010.05.07 08:48:06.291,0.9913,0.99175,1.00,8.40
2010.05.07 08:48:07.104,0.9913,0.99175,1.00,4.50
2010.05.07 08:48:07.431,0.99125,0.9917,4.50,1.00
2010.05.07 08:48:07.750,0.99125,0.99185,4.60,1.00
2010.05.07 08:48:08.071,0.99125,0.9918,1.00,1.00
2010.05.07 08:48:08.941,0.99125,0.9918,1.00,1.00
2010.05.07 08:48:09.281,0.99125,0.9918,8.40,1.00
2010.05.07 08:48:09.621,0.99125,0.9918,8.60,1.00
2010.05.07 08:48:10.202,0.9913,0.99185,1.00,1.00
2010.05.07 08:48:10.398,0.9913,0.99185,1.00,4.00
2010.05.07 08:48:10.743,0.99125,0.9918,8.00,1.00
2010.05.07 08:48:11.549,0.9913,0.9918,8.00,1.00
2010.05.07 08:48:11.834,0.99135,0.9919,1.00,4.60
2010.05.07 08:48:12.114,0.99135,0.99185,1.00,1.00
2010.05.07 08:48:12.393,0.99135,0.99195,1.00,4.80
2010.05.07 08:48:13.186,0.9914,0.99195,1.00,1.00
2010.05.07 08:48:13.481,0.9914,0.99195,1.00,8.60
2010.05.07 08:48:13.781,0.99135,0.9919,1.00,1.00
2010.05.07 08:48:14.081,0.9914,0.9919,1.00,4.50
2010.05.07 08:48:14.421,0.9914,0.9919,4.50,8.50
2010.05.07 08:48:14.960,0.99145,0.9919,1.00,8.50
2010.05.07 08:48:15.304,0.9914,0.99195,1.00,1.00
2010.05.07 08:48:15.531,0.99135,0.9919,8.50,1.00
2010.05.07 08:48:15.750,0.99135,0.9919,4.50,1.00
2010.05.07 08:48:15.970,0.99135,0.9919,1.00,1.00
2010.05.07 08:48:16.451,0.9913,0.9918,8.00,1.00
2010.05.07 08:48:17.300,0.99135,0.99195,1.00,4.40
2010.05.07 08:48:17.647,0.9913,0.9919,4.50,1.00
2010.05.07 08:48:17.851,0.99135,0.99185,1.00,1.00
2010.05.07 08:48:18.052,0.9913,0.9919,8.80,1.00
2010.05.07 08:48:18.679,0.9913,0.9919,4.80,1.00
2010.05.07 08:48:18.954,0.9913,0.99185,8.00,1.00
2010.05.07 08:48:19.233,0.9913,0.99185,1.00,1.00
2010.05.07 08:48:19.512,0.9914,0.9919,1.00,4.00
2010.05.07 08:48:20.392,0.9914,0.99185,1.00,8.70
2010.05.07 08:48:20.731,0.99145,0.99195,1.00,8.50
2010.05.07 08:48:21.071,0.99145,0.99195,4.40,8.40
2010.05.07 08:48:21.411,0.99145,0.9918,8.00,1.00
2010.05.07 08:48:22.263,0.9914,0.99185,1.00,4.50
2010.05.07 08:48:22.411,0.9914,0.99185,1.00,8.50
2010.05.07 08:48:22.561,0.9913,0.9918,4.60,4.60
2010.05.07 08:48:23.011,0.9913,0.9918,4.50,4.50
2010.05.07 08:48:23.851,0.99135,0.99185,8.70,4.70
2010.05.07 08:48:25.281,0.9914,0.99185,1.00,4.50
2010.05.07 08:48:25.918,0.99135,0.99185,8.50,4.50
2010.05.07 08:48:26.011,0.9914,0.99185,1.00,4.80
2010.05.07 08:48:26.611,0.9914,0.99185,1.00,8.80
2010.05.07 08:48:27.208,0.99135,0.9918,8.40,1.00
2010.05.07 08:48:27.544,0.9914,0.99185,1.00,8.60
2010.05.07 08:48:27.884,0.99135,0.9918,1.00,8.00
2010.05.07 08:48:28.223,0.9913,0.9918,4.80,8.00
2010.05.07 08:48:29.073,0.99125,0.99175,1.00,4.40
2010.05.07 08:48:29.410,0.9912,0.9918,1.00,4.70
2010.05.07 08:48:30.001,0.9912,0.99175,1.00,1.00
2010.05.07 08:48:30.195,0.9912,0.99175,1.00,1.00
2010.05.07 08:48:31.032,0.99115,0.9917,4.80,1.00
2010.05.07 08:48:31.371,0.99115,0.9917,1.00,8.80
2010.05.07 08:48:31.711,0.9911,0.99165,1.00,1.00
2010.05.07 08:48:32.051,0.9911,0.99165,1.00,1.00
2010.05.07 08:48:32.561,0.9911,0.99165,1.00,4.40
2010.05.07 08:48:32.843,0.9911,0.99165,1.00,1.00
2010.05.07 08:48:33.230,0.9911,0.99165,1.00,1.00
2010.05.07 08:48:34.702,0.99115,0.99165,1.00,8.40
2010.05.07 08:48:35.046,0.99115,0.99165,8.40,4.40
2010.05.07 08:48:35.214,0.99115,0.9916,1.00,8.80
2010.05.07 08:48:35.385,0.99115,0.99155,1.00,4.00
2010.05.07 08:48:36.057,0.99115,0.9915,1.00,8.00
2010.05.07 08:48:36.392,0.9912,0.9915,1.00,8.00
2010.05.07 08:48:37.089,0.9911,0.99155,1.00,1.00
2010.05.07 08:48:37.394,0.991,0.9915,1.00,1.00
2010.05.07 08:48:38.219,0.991,0.9915,1.00,1.00
2010.05.07 08:48:38.522,0.991,0.9915,8.00,1.00
2010.05.07 08:48:38.861,0.99095,0.9915,1.00,1.00
2010.05.07 08:48:39.202,0.99095,0.99155,1.00,8.40
2010.05.07 08:48:39.541,0.99095,0.9915,1.00,1.00
2010.05.07 08:48:40.383,0.991,0.99155,1.00,1.00
2010.05.07 08:48:40.641,0.991,0.99155,1.00,1.00
2010.05.07 08:48:41.773,0.99105,0.9916,1.00,8.60
2010.05.07 08:48:42.111,0.991,0.99155,4.80,4.80
2010.05.07 08:48:42.451,0.99105,0.99155,8.00,1.00
2010.05.07 08:48:43.291,0.99115,0.99155,8.00,1.00
2010.05.07 08:48:43.631,0.99115,0.99165,8.40,4.40
2010.05.07 08:48:43.972,0.9912,0.99165,1.00,1.00
2010.05.07 08:48:46.135,0.9912,0.99165,4.60,4.60
2010.05.07 08:48:46.476,0.99125,0.99175,1.00,8.60
2010.05.07 08:48:47.667,0.99125,0.9917,1.00,8.60
2010.05.07 08:48:47.984,0.99115,0.99165,4.40,4.40
2010.05.07 08:48:48.303,0.99115,0.9916,1.00,8.00
2010.05.07 08:48:48.602,0.99105,0.9916,1.00,1.00
2010.05.07 08:48:49.730,0.99105,0.9916,1.00,8.80
2010.05.07 08:48:49.933,0.99105,0.99155,4.00,1.00
2010.05.07 08:48:50.141,0.99105,0.99155,8.00,1.00
2010.05.07 08:48:50.853,0.9911,0.99165,1.00,1.00
2010.05.07 08:48:52.690,0.9911,0.99165,1.00,4.00
2010.05.07 08:48:52.994,0.9911,0.9917,1.00,1.00
2010.05.07 08:48:53.361,0.9911,0.99165,4.40,4.00
2010.05.07 08:48:53.541,0.99105,0.99155,4.00,8.00
2010.05.07 08:48:54.241,0.99115,0.9917,8.00,1.00
2010.05.07 08:48:54.582,0.9912,0.99175,1.00,1.00
2010.05.07 08:48:54.921,0.9912,0.99175,1.00,1.00
2010.05.07 08:48:55.261,0.9912,0.9917,1.00,1.00
2010.05.07 08:48:56.102,0.99095,0.99155,2.10,1.00
2010.05.07 08:48:56.421,0.991,0.99155,1.00,1.00
2010.05.07 08:48:56.581,0.991,0.99155,1.00,1.00
2010.05.07 08:48:56.741,0.991,0.9916,1.00,8.80
2010.05.07 08:48:57.582,0.991,0.9915,1.00,4.00
2010.05.07 08:48:57.831,0.99105,0.99145,1.50,8.00
2010.05.07 08:48:58.955,0.99085,0.99145,1.00,8.40
2010.05.07 08:48:59.292,0.99085,0.99145,1.00,8.60
2010.05.07 08:48:59.631,0.9909,0.99145,2.40,8.60
2010.05.07 08:49:00.201,0.99095,0.9914,4.60,1.00
2010.05.07 08:49:00.548,0.99095,0.99155,2.00,4.40
2010.05.07 08:49:00.894,0.991,0.99155,1.00,8.70
2010.05.07 08:49:01.726,0.991,0.99155,1.00,1.00
2010.05.07 08:49:01.995,0.991,0.99155,6.70,1.00
2010.05.07 08:49:02.263,0.99105,0.99155,1.60,1.00
2010.05.07 08:49:02.533,0.99105,0.9916,3.00,1.00
2010.05.07 08:49:03.058,0.99105,0.9917,2.20,8.60
2010.05.07 08:49:03.324,0.9911,0.99165,1.40,4.70
2010.05.07 08:49:03.651,0.99105,0.99165,3.30,8.70
2010.05.07 08:49:05.230,0.99105,0.9916,3.30,8.00
2010.05.07 08:49:05.451,0.9911,0.9916,1.00,8.00
2010.05.07 08:49:05.671,0.9911,0.9916,1.00,8.00
2010.05.07 08:49:07.125,0.9912,0.99165,1.00,1.00
2010.05.07 08:49:07.342,0.9912,0.99165,4.40,1.00
2010.05.07 08:49:07.552,0.9912,0.99165,1.00,4.40
2010.05.07 08:49:08.249,0.9912,0.9916,1.00,4.00
2010.05.07 08:49:08.512,0.99105,0.99155,8.70,1.00
2010.05.07 08:49:11.071,0.9911,0.99155,1.00,1.00
2010.05.07 08:49:11.322,0.99105,0.99155,8.60,1.00
2010.05.07 08:49:12.102,0.99115,0.9916,1.00,4.40
2010.05.07 08:49:13.786,0.99105,0.9915,8.70,1.00
2010.05.07 08:49:14.121,0.99105,0.9915,8.40,1.00
2010.05.07 08:49:14.461,0.9911,0.9915,4.00,1.00
2010.05.07 08:49:14.988,0.9911,0.99155,4.00,1.00
2010.05.07 08:49:15.332,0.9911,0.9916,4.60,8.60
2010.05.07 08:49:17.091,0.9911,0.9916,8.40,4.40
2010.05.07 08:49:17.436,0.99105,0.99155,8.40,4.40
2010.05.07 08:49:17.790,0.99105,0.9915,1.00,8.00
2010.05.07 08:49:17.881,0.99105,0.9915,1.00,8.00
2010.05.07 08:49:18.531,0.991,0.9915,4.40,8.40
2010.05.07 08:49:21.332,0.99095,0.99145,4.40,8.40
2010.05.07 08:49:21.642,0.99095,0.99145,8.40,1.00
2010.05.07 08:49:22.517,0.99105,0.9914,1.00,8.00
2010.05.07 08:49:22.983,0.991,0.99135,1.00,8.00
2010.05.07 08:49:23.595,0.9909,0.99135,1.00,8.00
2010.05.07 08:49:23.924,0.9908,0.9913,5.60,4.80
2010.05.07 08:49:24.202,0.99085,0.9914,1.00,8.00
2010.05.07 08:49:25.027,0.9907,0.9913,1.00,8.70
2010.05.07 08:49:25.372,0.9907,0.9913,1.00,4.40
2010.05.07 08:49:25.712,0.99075,0.9913,1.00,8.40
2010.05.07 08:49:26.391,0.9907,0.99125,1.00,1.00
2010.05.07 08:49:26.732,0.9908,0.99125,4.00,1.00
2010.05.07 08:49:27.072,0.99085,0.9914,4.80,1.00
2010.05.07 08:49:27.411,0.9909,0.99145,1.00,1.00
2010.05.07 08:49:28.506,0.99095,0.99145,4.50,8.50
2010.05.07 08:49:28.703,0.991,0.9914,8.00,1.00
2010.05.07 08:49:28.903,0.99105,0.99145,1.00,4.00
2010.05.07 08:49:29.785,0.99095,0.9914,1.00,8.00
2010.05.07 08:49:30.124,0.9908,0.9914,1.00,8.40
2010.05.07 08:49:30.478,0.9908,0.99135,1.00,1.00
2010.05.07 08:49:31.292,0.9908,0.99135,1.00,1.00
2010.05.07 08:49:31.632,0.9908,0.99135,1.00,1.00
2010.05.07 08:49:33.722,0.9909,0.99145,4.00,1.00
2010.05.07 08:49:33.891,0.99085,0.99145,8.60,1.00
2010.05.07 08:49:34.061,0.99075,0.9913,8.40,1.00
2010.05.07 08:49:35.169,0.99075,0.9913,1.00,1.00
2010.05.07 08:49:35.352,0.99075,0.99125,8.60,8.60
2010.05.07 08:49:37.549,0.99075,0.9912,8.00,1.00
2010.05.07 08:49:37.703,0.99075,0.99125,8.40,8.40
2010.05.07 08:49:38.001,0.99075,0.99125,1.00,8.40
2010.05.07 08:49:38.153,0.99075,0.99125,1.00,8.70
2010.05.07 08:49:38.974,0.9907,0.9912,1.00,8.60
2010.05.07 08:49:39.291,0.9907,0.9912,4.60,8.60
2010.05.07 08:49:39.603,0.99075,0.99125,8.50,8.50
2010.05.07 08:49:39.922,0.9909,0.99135,1.00,4.60
2010.05.07 08:49:40.261,0.9909,0.9914,1.00,10.40
2010.05.07 08:49:43.178,0.9909,0.99135,1.00,1.00
2010.05.07 08:49:44.053,0.9909,0.99135,1.00,1.00
2010.05.07 08:49:44.303,0.99095,0.9914,8.40,1.30
2010.05.07 08:49:45.491,0.9909,0.9914,4.80,4.80
2010.05.07 08:49:46.211,0.9909,0.9914,4.80,6.40
2010.05.07 08:49:46.451,0.9909,0.99135,4.60,1.00
2010.05.07 08:49:46.571,0.9909,0.99135,4.70,1.00
2010.05.07 08:49:46.691,0.9909,0.99135,1.00,1.00
2010.05.07 08:49:46.810,0.9909,0.9914,1.00,10.00
2010.05.07 08:49:46.930,0.9909,0.9914,4.40,10.00
2010.05.07 08:49:47.159,0.99095,0.9914,1.00,10.90
2010.05.07 08:49:47.281,0.99095,0.9914,4.40,2.90
2010.05.07 08:49:47.591,0.99095,0.99135,1.00,1.60
2010.05.07 08:49:48.345,0.99095,0.99135,1.00,1.60
2010.05.07 08:49:48.442,0.9909,0.9914,4.80,8.80
2010.05.07 08:49:49.951,0.9909,0.9914,4.40,8.40
2010.05.07 08:49:50.594,0.9909,0.9914,4.40,4.40
2010.05.07 08:49:50.704,0.99085,0.99135,8.40,1.00
2010.05.07 08:49:50.811,0.9909,0.99135,1.00,1.00
2010.05.07 08:49:54.653,0.99085,0.99135,8.40,1.00
2010.05.07 08:49:54.993,0.9909,0.9913,1.00,8.00
2010.05.07 08:49:55.331,0.9908,0.9913,4.80,8.80
2010.05.07 08:49:56.228,0.9908,0.99125,4.80,4.00
2010.05.07 08:49:56.544,0.99075,0.99125,8.40,8.40
2010.05.07 08:49:56.854,0.99075,0.9912,1.00,1.00
2010.05.07 08:49:57.164,0.9907,0.9912,8.40,4.40
2010.05.07 08:49:57.962,0.99065,0.99115,1.00,8.40
2010.05.07 08:49:58.521,0.9906,0.9911,4.70,8.70
2010.05.07 08:49:59.705,0.9907,0.9912,4.40,8.40
2010.05.07 08:50:00.042,0.99065,0.9911,1.00,1.00
2010.05.07 08:50:00.521,0.9906,0.99105,4.00,1.00
2010.05.07 08:50:01.078,0.99055,0.99105,10.00,1.00
2010.05.07 08:50:01.401,0.99075,0.9913,1.00,8.60
2010.05.07 08:50:01.721,0.9907,0.99125,1.00,1.00
2010.05.07 08:50:02.361,0.9907,0.9913,4.60,1.00
2010.05.07 08:50:03.175,0.99075,0.9913,1.00,4.40
2010.05.07 08:50:03.491,0.9907,0.9913,1.00,4.40
2010.05.07 08:50:05.340,0.9907,0.9913,8.40,1.00
2010.05.07 08:50:05.632,0.99075,0.9913,1.00,1.00
2010.05.07 08:50:05.922,0.99085,0.99135,4.00,8.00
2010.05.07 08:50:06.639,0.9908,0.99135,8.60,8.00
2010.05.07 08:50:06.991,0.99085,0.99125,1.00,4.00
2010.05.07 08:50:07.204,0.99085,0.99125,1.00,8.00
2010.05.07 08:50:07.414,0.99075,0.9912,1.00,1.00
2010.05.07 08:50:08.354,0.99075,0.9912,1.00,1.00
2010.05.07 08:50:09.312,0.99075,0.9912,1.00,1.00
2010.05.07 08:50:10.243,0.9907,0.99115,1.00,8.00
2010.05.07 08:50:10.521,0.9907,0.99115,1.00,8.50
2010.05.07 08:50:10.792,0.99065,0.99115,1.00,8.50
2010.05.07 08:50:11.681,0.9906,0.9911,8.40,1.00
2010.05.07 08:50:12.021,0.99065,0.9911,8.00,1.00
2010.05.07 08:50:12.362,0.9907,0.99115,1.00,1.00
2010.05.07 08:50:13.193,0.99075,0.9912,8.00,1.00
2010.05.07 08:50:13.532,0.9908,0.9912,4.00,1.00
2010.05.07 08:50:13.812,0.9908,0.99125,4.00,1.00
2010.05.07 08:50:14.627,0.9908,0.99125,4.70,1.00
2010.05.07 08:50:15.800,0.9908,0.9913,4.50,8.50
2010.05.07 08:50:18.371,0.99085,0.9913,1.00,4.40
2010.05.07 08:50:19.045,0.99085,0.9913,1.00,8.40
2010.05.07 08:50:19.321,0.9908,0.9913,4.80,8.80
2010.05.07 08:50:19.941,0.9908,0.99125,4.50,1.00
2010.05.07 08:50:20.221,0.99075,0.99125,8.40,4.40
2010.05.07 08:50:20.531,0.9908,0.99125,8.00,1.00
2010.05.07 08:50:20.841,0.9908,0.99125,8.70,1.00
2010.05.07 08:50:21.151,0.99085,0.9913,8.40,1.00
2010.05.07 08:50:21.461,0.99085,0.99135,8.50,1.00
2010.05.07 08:50:22.188,0.9908,0.9913,1.00,8.60
2010.05.07 08:50:22.411,0.9908,0.99125,4.70,1.00
2010.05.07 08:50:22.530,0.9908,0.9913,4.50,8.50
2010.05.07 08:50:23.313,0.9908,0.9913,4.80,8.80
2010.05.07 08:50:24.843,0.99085,0.9913,8.00,1.00
2010.05.07 08:50:25.184,0.9908,0.99125,1.00,1.00
2010.05.07 08:50:26.373,0.9908,0.99125,4.40,1.00
2010.05.07 08:50:26.635,0.99085,0.99135,1.00,8.80
2010.05.07 08:50:26.972,0.99085,0.9913,4.80,1.00
2010.05.07 08:50:27.312,0.99085,0.9913,4.50,1.00
2010.05.07 08:50:27.652,0.99085,0.99135,8.40,8.40
2010.05.07 08:50:27.831,0.99085,0.9913,8.40,1.00
2010.05.07 08:50:28.743,0.9909,0.9914,4.70,8.70
2010.05.07 08:50:30.001,0.9909,0.9914,4.40,8.40
2010.05.07 08:50:30.703,0.99085,0.99135,10.10,8.50
2010.05.07 08:50:31.012,0.9909,0.99135,1.00,1.00
2010.05.07 08:50:31.271,0.99085,0.99135,8.40,8.40
2010.05.07 08:50:31.557,0.9909,0.99135,1.00,8.80
2010.05.07 08:50:32.308,0.9909,0.99135,1.00,1.00
2010.05.07 08:50:33.182,0.9909,0.9914,1.00,8.60
2010.05.07 08:50:33.402,0.99085,0.99135,8.80,4.80
2010.05.07 08:50:33.681,0.99085,0.9913,1.00,1.00
2010.05.07 08:50:34.517,0.99095,0.9914,1.00,4.40
2010.05.07 08:50:34.772,0.9909,0.9914,10.00,1.00
2010.05.07 08:50:35.424,0.9909,0.9914,10.00,4.40
2010.05.07 08:50:35.680,0.9909,0.9914,6.00,8.40
2010.05.07 08:50:36.624,0.991,0.99135,1.60,1.00
2010.05.07 08:50:36.883,0.99105,0.9915,1.00,4.40
2010.05.07 08:50:37.141,0.99105,0.99145,1.00,1.00
2010.05.07 08:50:37.935,0.9913,0.9915,4.00,1.00
2010.05.07 08:50:38.253,0.99125,0.99155,4.00,1.00
2010.05.07 08:50:38.572,0.99115,0.99155,1.60,1.00
2010.05.07 08:50:39.413,0.99115,0.99175,1.00,8.40
2010.05.07 08:50:39.733,0.99115,0.99175,1.00,8.70
2010.05.07 08:50:40.052,0.99115,0.99165,8.00,1.00
2010.05.07 08:50:40.894,0.99115,0.99165,1.00,8.00
2010.05.07 08:50:41.231,0.9911,0.99165,1.00,8.50
2010.05.07 08:50:41.572,0.99115,0.99165,1.60,4.40
2010.05.07 08:50:42.142,0.99115,0.99165,2.00,4.00
2010.05.07 08:50:42.481,0.9911,0.99165,1.00,1.00
2010.05.07 08:50:42.823,0.99115,0.9917,1.00,1.00
2010.05.07 08:50:43.713,0.9912,0.99175,1.00,4.70
2010.05.07 08:50:43.911,0.9912,0.9917,4.80,4.80
2010.05.07 08:50:44.251,0.99125,0.99175,8.60,4.60
2010.05.07 08:50:45.082,0.9913,0.99175,1.00,4.60
2010.05.07 08:50:45.422,0.9912,0.9917,8.40,4.40
2010.05.07 08:50:46.328,0.9912,0.99165,1.00,8.00
2010.05.07 08:50:46.662,0.99115,0.9916,1.00,1.00
2010.05.07 08:50:47.344,0.99115,0.9916,8.70,1.00
2010.05.07 08:50:48.054,0.9912,0.9916,8.00,1.00
2010.05.07 08:50:48.365,0.99115,0.99165,8.70,1.00
2010.05.07 08:50:48.702,0.99125,0.9917,1.00,1.00
2010.05.07 08:50:49.275,0.9912,0.9917,8.50,1.00
2010.05.07 08:50:49.616,0.9912,0.9917,4.40,8.40
2010.05.07 08:50:49.953,0.9912,0.9917,8.80,4.80
2010.05.07 08:50:51.154,0.99125,0.9917,1.00,1.00
2010.05.07 08:50:51.496,0.9912,0.9917,1.00,8.50
2010.05.07 08:50:51.832,0.99115,0.99165,8.40,1.00
2010.05.07 08:50:52.042,0.9912,0.99165,1.00,1.00
2010.05.07 08:50:52.251,0.9912,0.9917,1.00,8.80
2010.05.07 08:50:52.462,0.9913,0.99175,4.40,1.00
2010.05.07 08:50:52.672,0.99135,0.99185,1.00,1.00
2010.05.07 08:50:53.419,0.99125,0.99175,4.00,4.60
2010.05.07 08:50:53.673,0.9912,0.99175,1.00,1.00
2010.05.07 08:50:55.362,0.99115,0.9917,1.00,1.00
2010.05.07 08:50:57.433,0.99115,0.9917,1.00,4.40
2010.05.07 08:50:57.731,0.99115,0.9916,1.00,4.00
2010.05.07 08:50:57.881,0.9911,0.9916,8.80,4.00
2010.05.07 08:50:58.543,0.9911,0.99155,1.00,1.00
2010.05.07 08:50:59.084,0.9912,0.99155,4.00,1.00
2010.05.07 08:50:59.655,0.9912,0.99155,8.00,1.00
2010.05.07 08:50:59.993,0.99105,0.99165,4.60,1.00
2010.05.07 08:51:00.331,0.99105,0.9916,1.00,1.00
2010.05.07 08:51:03.432,0.991,0.99155,1.00,1.00
2010.05.07 08:51:04.111,0.991,0.99155,4.80,1.00
2010.05.07 08:51:04.622,0.991,0.9916,4.40,1.00
2010.05.07 08:51:04.962,0.9911,0.99155,1.00,1.00
2010.05.07 08:51:05.301,0.9911,0.99155,4.80,1.00
2010.05.07 08:51:05.511,0.9911,0.9916,1.00,8.70
2010.05.07 08:51:05.722,0.9911,0.99155,1.00,1.00
2010.05.07 08:51:05.932,0.99105,0.9915,4.00,4.80
2010.05.07 08:51:06.458,0.991,0.9915,8.80,4.80
2010.05.07 08:51:06.793,0.991,0.9915,8.70,1.00
2010.05.07 08:51:07.133,0.9912,0.99155,4.00,1.00
2010.05.07 08:51:07.473,0.99125,0.99165,1.00,8.00
2010.05.07 08:51:08.234,0.99115,0.99165,8.80,8.80
2010.05.07 08:51:08.503,0.99115,0.99165,4.80,8.80
2010.05.07 08:51:08.732,0.99115,0.9916,4.80,4.00
2010.05.07 08:51:08.951,0.9911,0.9916,4.50,8.50
2010.05.07 08:51:09.171,0.9911,0.99155,4.80,1.00
2010.05.07 08:51:10.099,0.9911,0.99155,4.00,1.00
2010.05.07 08:51:10.444,0.9911,0.9916,4.40,8.40
2010.05.07 08:51:11.431,0.99115,0.9916,1.00,8.00
2010.05.07 08:51:12.354,0.99115,0.99155,8.00,1.00
2010.05.07 08:51:12.643,0.99115,0.99165,8.40,8.40
2010.05.07 08:51:12.933,0.99115,0.99165,8.40,4.40
2010.05.07 08:51:13.963,0.9912,0.99165,1.00,4.80
2010.05.07 08:51:14.213,0.99115,0.99165,8.70,4.70
2010.05.07 08:51:15.121,0.99115,0.99165,4.40,8.40
2010.05.07 08:51:16.554,0.991,0.99155,1.00,1.00
2010.05.07 08:51:17.281,0.99095,0.99155,4.50,1.00
2010.05.07 08:51:17.522,0.99095,0.9915,1.00,1.00
2010.05.07 08:51:18.383,0.99095,0.99145,1.00,1.00
2010.05.07 08:51:18.491,0.99095,0.9915,1.00,1.00
2010.05.07 08:51:18.601,0.9909,0.9914,4.00,1.00
2010.05.07 08:51:18.711,0.99085,0.9914,1.80,1.00
2010.05.07 08:51:18.821,0.9909,0.99145,1.00,8.50
2010.05.07 08:51:19.452,0.9908,0.9914,5.70,1.00
2010.05.07 08:51:19.792,0.9909,0.9914,4.00,1.00
2010.05.07 08:51:20.131,0.99095,0.9915,1.00,1.00
2010.05.07 08:51:21.662,0.99095,0.9914,1.00,4.60
2010.05.07 08:51:22.001,0.99095,0.9914,1.00,1.00
2010.05.07 08:51:22.191,0.99095,0.9914,8.60,1.00
2010.05.07 08:51:22.381,0.99095,0.99145,8.40,8.40
2010.05.07 08:51:22.571,0.99095,0.99145,1.00,8.40
2010.05.07 08:51:23.492,0.991,0.99145,1.00,1.00
2010.05.07 08:51:23.831,0.991,0.99145,1.00,8.60
2010.05.07 08:51:24.031,0.99095,0.99145,8.70,8.70
2010.05.07 08:51:24.631,0.99095,0.99145,1.00,8.70
2010.05.07 08:51:25.382,0.99095,0.99145,8.60,8.60
2010.05.07 08:51:26.102,0.9909,0.9914,8.40,1.00
2010.05.07 08:51:26.341,0.991,0.99145,1.00,1.00
2010.05.07 08:51:26.681,0.991,0.9915,4.60,8.60
2010.05.07 08:51:27.021,0.991,0.9915,4.50,8.50
2010.05.07 08:51:27.882,0.99105,0.9915,1.00,8.50
2010.05.07 08:51:28.044,0.99105,0.9915,4.50,4.50
2010.05.07 08:51:28.112,0.99105,0.9915,8.50,1.00
2010.05.07 08:51:28.635,0.99105,0.99155,8.50,1.00
2010.05.07 08:51:28.708,0.99105,0.99155,8.70,1.00
2010.05.07 08:51:29.070,0.9911,0.99145,1.00,8.00
2010.05.07 08:51:30.236,0.991,0.99145,4.00,1.00
2010.05.07 08:51:30.572,0.99095,0.9914,4.40,1.00
2010.05.07 08:51:30.912,0.99105,0.99145,1.00,8.00
2010.05.07 08:51:31.752,0.99095,0.99145,4.60,8.60
2010.05.07 08:51:33.223,0.99095,0.9914,4.60,4.00
2010.05.07 08:51:33.422,0.99095,0.99145,8.80,8.80
2010.05.07 08:51:35.461,0.9909,0.9914,4.40,8.40
2010.05.07 08:51:36.620,0.99095,0.9914,8.40,1.00
2010.05.07 08:51:36.963,0.99095,0.9914,1.00,1.00
2010.05.07 08:51:37.845,0.9909,0.99135,1.00,1.00
2010.05.07 08:51:38.121,0.99085,0.99135,8.40,4.40
2010.05.07 08:51:38.392,0.99085,0.99135,8.50,4.50
2010.05.07 08:51:38.662,0.9908,0.9913,4.40,8.40
2010.05.07 08:51:39.495,0.9908,0.9913,4.70,8.70
2010.05.07 08:51:40.073,0.99075,0.99125,8.40,8.40
2010.05.07 08:51:40.364,0.9908,0.9913,4.80,8.80
2010.05.07 08:51:41.192,0.9908,0.9913,4.70,8.70
2010.05.07 08:51:41.535,0.9908,0.99125,1.00,1.00
2010.05.07 08:51:41.792,0.9908,0.99125,1.00,4.60
2010.05.07 08:51:42.042,0.9908,0.99125,1.00,1.00
2010.05.07 08:51:42.291,0.9908,0.99125,1.00,1.00
2010.05.07 08:51:42.541,0.99075,0.99125,8.50,1.00
2010.05.07 08:51:42.731,0.99075,0.99125,8.50,8.50
2010.05.07 08:51:43.423,0.9908,0.9913,1.00,8.40
2010.05.07 08:51:43.611,0.99085,0.9913,1.00,8.60
2010.05.07 08:51:43.952,0.99085,0.9913,1.00,1.00
2010.05.07 08:51:44.814,0.99095,0.99135,1.00,8.00
2010.05.07 08:51:45.143,0.9908,0.9913,8.60,1.00
2010.05.07 08:51:45.472,0.99085,0.9913,1.00,1.00
2010.05.07 08:51:46.284,0.99085,0.9913,1.00,4.80
2010.05.07 08:51:46.592,0.99085,0.9913,1.00,4.00
2010.05.07 08:51:46.903,0.99085,0.99135,8.80,4.80
2010.05.07 08:51:47.925,0.99085,0.9913,8.00,1.00
2010.05.07 08:51:48.193,0.99085,0.99135,8.70,8.70
2010.05.07 08:51:48.462,0.99085,0.99135,8.40,8.40
2010.05.07 08:51:49.176,0.99085,0.99135,8.80,1.00
2010.05.07 08:51:49.513,0.9909,0.99135,1.00,1.00
2010.05.07 08:51:51.512,0.9909,0.9914,4.70,8.70
2010.05.07 08:51:51.813,0.9909,0.9914,4.60,8.60
2010.05.07 08:51:52.113,0.99095,0.99135,1.00,8.00
2010.05.07 08:51:52.942,0.9909,0.99135,1.00,1.00
2010.05.07 08:51:53.562,0.9909,0.99135,1.00,8.40
2010.05.07 08:51:54.067,0.9909,0.9913,1.00,4.00
2010.05.07 08:51:54.402,0.9908,0.9913,1.00,8.60
2010.05.07 08:51:55.609,0.9908,0.9913,8.60,1.00
2010.05.07 08:51:55.955,0.99085,0.9913,1.00,1.00
2010.05.07 08:51:56.294,0.99085,0.99135,1.60,1.00
2010.05.07 08:51:56.562,0.99095,0.9914,4.00,1.00
2010.05.07 08:51:57.343,0.991,0.99155,1.00,8.40
2010.05.07 08:51:57.641,0.99095,0.9915,1.00,1.00
2010.05.07 08:51:57.931,0.99095,0.9915,1.00,1.00
2010.05.07 08:51:59.121,0.99095,0.9915,1.00,4.80
2010.05.07 08:51:59.341,0.9909,0.99145,4.40,1.00
2010.05.07 08:51:59.562,0.9909,0.99135,4.00,1.00
2010.05.07 08:52:00.402,0.9907,0.9913,1.00,1.00
2010.05.07 08:52:00.741,0.99065,0.9913,1.00,1.00
2010.05.07 08:52:01.982,0.99065,0.99135,1.00,1.00
2010.05.07 08:52:02.292,0.9907,0.99135,1.00,1.00
2010.05.07 08:52:04.261,0.9907,0.99135,2.00,1.00
2010.05.07 08:52:04.493,0.9908,0.9915,1.00,4.60
2010.05.07 08:52:04.721,0.9908,0.99145,1.00,1.00
2010.05.07 08:52:05.290,0.99085,0.99135,1.00,1.00
2010.05.07 08:52:05.524,0.99085,0.9913,1.00,4.00
2010.05.07 08:52:05.861,0.99085,0.99135,8.40,1.00
2010.05.07 08:52:06.868,0.99085,0.9913,1.00,8.00
2010.05.07 08:52:07.203,0.99075,0.99125,8.40,8.40
2010.05.07 08:52:08.161,0.9908,0.99125,8.00,1.00
2010.05.07 08:52:08.371,0.9908,0.9913,8.70,4.70
2010.05.07 08:52:11.212,0.9909,0.9913,8.00,1.00
2010.05.07 08:52:12.095,0.99095,0.99145,1.00,1.00
2010.05.07 08:52:12.433,0.99095,0.99145,1.00,8.00
2010.05.07 08:52:13.326,0.9909,0.9915,1.00,4.40
2010.05.07 08:52:13.623,0.9909,0.9914,8.00,1.00
2010.05.07 08:52:14.435,0.99095,0.9915,1.00,8.80
2010.05.07 08:52:14.775,0.99095,0.99145,1.00,8.00
2010.05.07 08:52:15.112,0.9909,0.99145,1.00,8.40
2010.05.07 08:52:15.788,0.99085,0.9914,1.00,1.00
2010.05.07 08:52:16.144,0.9907,0.99125,1.00,1.00
2010.05.07 08:52:16.484,0.99075,0.99135,1.00,8.40
2010.05.07 08:52:17.500,0.9907,0.9913,1.00,8.70
2010.05.07 08:52:17.813,0.99075,0.9913,1.00,1.00
2010.05.07 08:52:18.124,0.9907,0.9913,4.60,1.00
2010.05.07 08:52:18.670,0.9908,0.9913,4.70,8.70
2010.05.07 08:52:19.251,0.99085,0.9913,4.00,1.00
2010.05.07 08:52:19.523,0.99085,0.9913,1.00,4.00
2010.05.07 08:52:19.803,0.9908,0.99125,1.00,1.00
2010.05.07 08:52:20.654,0.99075,0.99125,1.00,1.00
2010.05.07 08:52:20.992,0.9907,0.99125,1.00,1.00
2010.05.07 08:52:21.291,0.9907,0.99125,1.00,1.00
2010.05.07 08:52:21.591,0.99065,0.9912,1.00,1.00
2010.05.07 08:52:22.432,0.99065,0.9912,8.40,1.00
2010.05.07 08:52:22.621,0.9907,0.99125,1.00,1.00
2010.05.07 08:52:22.811,0.9907,0.9913,1.00,4.40
2010.05.07 08:52:23.001,0.99075,0.9913,1.00,4.40
2010.05.07 08:52:23.595,0.99075,0.9913,1.00,1.00
2010.05.07 08:52:24.077,0.99075,0.9913,1.00,1.00
2010.05.07 08:52:24.353,0.99075,0.9913,1.00,1.00
2010.05.07 08:52:24.562,0.99075,0.99125,1.00,1.20
2010.05.07 08:52:24.772,0.9907,0.99125,1.00,1.00
2010.05.07 08:52:25.530,0.99065,0.9912,8.70,1.00
2010.05.07 08:52:25.824,0.9907,0.9912,1.00,8.50
2010.05.07 08:52:27.402,0.9907,0.99115,1.00,4.00
2010.05.07 08:52:27.620,0.9907,0.99115,1.00,8.00
2010.05.07 08:52:27.941,0.9907,0.99115,1.00,8.40
2010.05.07 08:52:28.526,0.9907,0.99115,1.00,1.00
2010.05.07 08:52:28.634,0.9907,0.9912,4.60,8.60
2010.05.07 08:52:30.622,0.9908,0.9912,1.00,4.00
2010.05.07 08:52:30.826,0.9908,0.99125,4.60,4.00
2010.05.07 08:52:31.106,0.9908,0.99125,4.00,1.00
2010.05.07 08:52:31.383,0.9908,0.9913,4.70,8.70
2010.05.07 08:52:31.651,0.9908,0.99125,4.80,1.00
2010.05.07 08:52:32.852,0.9908,0.9913,4.60,8.60
2010.05.07 08:52:33.131,0.9908,0.9913,8.60,1.00
2010.05.07 08:52:33.261,0.99085,0.99135,1.00,8.40
2010.05.07 08:52:33.392,0.99085,0.99135,8.60,8.60
2010.05.07 08:52:34.733,0.99085,0.99135,8.60,1.00
2010.05.07 08:52:35.334,0.99085,0.9913,1.00,4.00
2010.05.07 08:52:36.168,0.99085,0.99135,4.40,1.00
2010.05.07 08:52:36.513,0.99085,0.9914,1.00,1.00
2010.05.07 08:52:38.012,0.99085,0.9914,1.00,1.00
2010.05.07 08:52:38.541,0.99085,0.9914,1.00,1.00
2010.05.07 08:52:40.973,0.99085,0.9914,4.70,4.70
2010.05.07 08:52:41.061,0.99085,0.99135,8.70,4.00
2010.05.07 08:52:41.682,0.99085,0.99135,8.60,1.00
2010.05.07 08:52:43.221,0.9909,0.99135,8.00,1.00
2010.05.07 08:52:43.872,0.9909,0.9914,8.40,4.40
2010.05.07 08:52:44.951,0.9909,0.9914,4.80,8.80
2010.05.07 08:52:45.664,0.9909,0.9914,8.80,1.00
2010.05.07 08:52:46.002,0.99095,0.9914,8.40,1.00
2010.05.07 08:52:46.342,0.991,0.99145,1.00,8.50
2010.05.07 08:52:46.611,0.99095,0.9914,1.00,1.00
2010.05.07 08:52:47.422,0.991,0.99145,1.00,1.00
2010.05.07 08:52:49.423,0.991,0.9914,1.00,4.00
2010.05.07 08:52:49.553,0.9909,0.99145,1.00,1.00
2010.05.07 08:52:49.683,0.99095,0.9915,4.80,4.80
2010.05.07 08:52:49.811,0.99095,0.9915,1.00,1.00
2010.05.07 08:52:50.602,0.991,0.99155,1.00,4.60
2010.05.07 08:52:50.944,0.99095,0.9915,1.00,1.00
2010.05.07 08:52:51.284,0.99095,0.9915,8.00,1.00
2010.05.07 08:52:52.010,0.991,0.99155,1.00,1.00
2010.05.07 08:52:52.345,0.99105,0.99145,1.00,4.00
2010.05.07 08:52:52.683,0.9909,0.99145,1.00,4.00
2010.05.07 08:52:53.024,0.99085,0.9914,1.00,8.00
2010.05.07 08:52:53.894,0.9908,0.9914,1.00,8.70
2010.05.07 08:52:54.233,0.9908,0.9914,1.00,4.70
2010.05.07 08:52:54.534,0.99075,0.9913,2.30,1.00
2010.05.07 08:52:55.336,0.9908,0.9913,1.00,8.00
2010.05.07 08:52:55.544,0.9908,0.99135,1.00,1.00
2010.05.07 08:52:55.751,0.99075,0.99135,1.00,1.00
2010.05.07 08:52:56.231,0.99075,0.99135,1.00,4.40
2010.05.07 08:52:56.432,0.99075,0.99135,1.00,4.40
2010.05.07 08:52:57.396,0.99075,0.99135,8.60,1.00
2010.05.07 08:52:57.622,0.9908,0.99135,1.00,1.00
2010.05.07 08:52:59.232,0.99085,0.9914,1.00,1.00
2010.05.07 08:52:59.651,0.99085,0.9914,1.00,1.00
2010.05.07 08:53:00.513,0.9909,0.9914,4.60,8.60
2010.05.07 08:53:00.851,0.9909,0.99135,4.60,1.00
2010.05.07 08:53:01.192,0.9909,0.99135,1.00,8.50
2010.05.07 08:53:01.532,0.9909,0.99135,1.00,8.40
2010.05.07 08:53:01.872,0.9909,0.9914,1.00,8.80
2010.05.07 08:53:02.582,0.99095,0.9914,1.00,4.40
2010.05.07 08:53:02.983,0.9909,0.9914,8.70,4.70
2010.05.07 08:53:04.393,0.99095,0.9914,4.00,1.00
2010.05.07 08:53:04.642,0.99095,0.99135,1.00,4.00
2010.05.07 08:53:04.891,0.99095,0.9914,1.00,4.60
2010.05.07 08:53:05.451,0.9909,0.9914,4.80,8.80
2010.05.07 08:53:06.297,0.9909,0.99135,1.00,8.40
2010.05.07 08:53:06.973,0.9909,0.9913,1.00,8.00
2010.05.07 08:53:07.223,0.9908,0.9913,8.50,4.50
2010.05.07 08:53:07.987,0.9911,0.9913,8.00,1.00
2010.05.07 08:53:08.224,0.99105,0.99135,1.60,1.00
2010.05.07 08:53:08.982,0.991,0.99135,8.00,1.00
2010.05.07 08:53:09.284,0.9911,0.99155,1.00,1.00
2010.05.07 08:53:09.583,0.99105,0.9916,1.00,4.80
2010.05.07 08:53:10.463,0.991,0.99155,1.00,1.00
2010.05.07 08:53:10.805,0.991,0.99155,1.00,1.00
2010.05.07 08:53:11.143,0.99105,0.99155,4.00,1.00
2010.05.07 08:53:11.656,0.99105,0.99165,4.80,1.00
2010.05.07 08:53:11.993,0.99105,0.99165,8.80,1.00
2010.05.07 08:53:12.542,0.9911,0.99165,4.60,1.00
2010.05.07 08:53:12.753,0.99115,0.9917,1.00,1.00
2010.05.07 08:53:13.425,0.99115,0.99175,1.00,1.00
2010.05.07 08:53:13.634,0.9912,0.9917,8.40,4.40
2010.05.07 08:53:14.872,0.9912,0.9916,1.00,8.00
2010.05.07 08:53:15.214,0.9911,0.9916,1.00,1.00
2010.05.07 08:53:15.554,0.9911,0.99165,1.00,1.00
2010.05.07 08:53:16.419,0.9911,0.99165,1.00,4.40
2010.05.07 08:53:16.765,0.99105,0.9916,8.70,1.00
2010.05.07 08:53:17.609,0.9911,0.99165,1.00,4.60
2010.05.07 08:53:17.954,0.9911,0.9916,4.40,1.00
2010.05.07 08:53:18.293,0.9911,0.9916,8.40,1.00
2010.05.07 08:53:19.058,0.99115,0.9917,1.00,4.80
2010.05.07 08:53:19.305,0.9911,0.9917,4.70,1.00
2010.05.07 08:53:19.584,0.99115,0.9917,1.00,4.40
2010.05.07 08:53:19.864,0.99115,0.99165,1.00,8.00
2010.05.07 08:53:20.653,0.99105,0.9916,1.00,1.00
2010.05.07 08:53:20.992,0.99105,0.9916,1.00,1.00
2010.05.07 08:53:21.332,0.9911,0.9917,1.00,8.40
2010.05.07 08:53:22.061,0.991,0.99165,1.00,1.00
2010.05.07 08:53:22.404,0.99095,0.9916,2.10,1.00
2010.05.07 08:53:22.892,0.99095,0.9916,3.70,1.00
2010.05.07 08:53:23.434,0.99095,0.9916,7.70,1.00
2010.05.07 08:53:23.692,0.991,0.99165,1.00,4.70
2010.05.07 08:53:23.952,0.991,0.99165,1.00,1.00
2010.05.07 08:53:24.713,0.991,0.9916,1.00,8.00
2010.05.07 08:53:25.052,0.99095,0.9915,1.00,8.00
2010.05.07 08:53:25.732,0.99085,0.9915,1.00,8.80
2010.05.07 08:53:26.077,0.99085,0.9914,1.00,1.00
2010.05.07 08:53:26.415,0.99085,0.9914,4.40,1.00
2010.05.07 08:53:26.753,0.9909,0.99145,1.00,1.00
2010.05.07 08:53:27.322,0.9909,0.99145,1.00,4.00
2010.05.07 08:53:27.662,0.99095,0.9915,1.00,4.40
2010.05.07 08:53:28.002,0.99095,0.99145,1.00,8.00
2010.05.07 08:53:29.022,0.9909,0.99145,1.00,1.00
2010.05.07 08:53:30.703,0.99095,0.9914,1.00,1.00
2010.05.07 08:53:30.961,0.99095,0.9914,4.50,1.00
2010.05.07 08:53:31.212,0.991,0.9915,4.40,8.40
2010.05.07 08:53:31.993,0.991,0.9915,4.80,8.80
2010.05.07 08:53:32.332,0.991,0.9915,4.40,8.40
2010.05.07 08:53:32.671,0.991,0.9915,1.00,8.40
2010.05.07 08:53:33.329,0.991,0.9915,4.40,8.40
2010.05.07 08:53:33.665,0.9911,0.99155,1.00,8.50
2010.05.07 08:53:34.004,0.99105,0.9915,4.40,1.00
2010.05.07 08:53:35.136,0.99105,0.99145,1.00,8.00
2010.05.07 08:53:35.415,0.99105,0.9914,1.00,4.00
2010.05.07 08:53:35.694,0.9909,0.99135,1.00,4.00
2010.05.07 08:53:36.545,0.9909,0.9914,4.60,8.60
2010.05.07 08:53:36.882,0.9909,0.99135,4.50,1.00
2010.05.07 08:53:37.222,0.9909,0.9914,4.80,8.80
2010.05.07 08:53:38.025,0.991,0.9914,4.00,4.80
2010.05.07 08:53:38.305,0.991,0.9915,8.60,1.00
2010.05.07 08:53:39.138,0.9911,0.9915,4.00,1.00
2010.05.07 08:53:39.482,0.99105,0.9916,1.00,1.00
2010.05.07 08:53:39.825,0.99105,0.99165,4.40,1.00
2010.05.07 08:53:40.163,0.99105,0.99165,1.00,4.40
2010.05.07 08:53:41.007,0.99105,0.99165,1.00,4.70
2010.05.07 08:53:41.334,0.991,0.9916,1.00,8.40
2010.05.07 08:53:41.981,0.991,0.99155,1.00,1.00
2010.05.07 08:53:42.761,0.99095,0.9915,4.60,1.00
2010.05.07 08:53:42.834,0.99095,0.9915,1.00,1.00
2010.05.07 08:53:43.835,0.991,0.99155,8.70,8.70
2010.05.07 08:53:44.173,0.99105,0.9915,1.00,1.00
2010.05.07 08:53:44.512,0.99105,0.9915,8.40,1.00
2010.05.07 08:53:45.503,0.99105,0.9915,4.60,1.00
2010.05.07 08:53:45.842,0.99105,0.99145,1.00,8.00
2010.05.07 08:53:46.744,0.99095,0.99145,1.00,8.70
2010.05.07 08:53:47.068,0.99085,0.99135,1.00,8.00
2010.05.07 08:53:47.383,0.99085,0.99135,1.00,8.00
2010.05.07 08:53:48.253,0.9907,0.99115,1.00,4.00
2010.05.07 08:53:48.591,0.9907,0.9913,1.00,8.40
2010.05.07 08:53:48.852,0.9906,0.99115,10.80,1.00
2010.05.07 08:53:49.633,0.99075,0.99125,1.00,4.00
2010.05.07 08:53:49.974,0.99065,0.9912,1.00,4.40
2010.05.07 08:53:50.315,0.9907,0.99125,1.00,1.00
2010.05.07 08:53:51.158,0.9907,0.99125,1.00,8.40
2010.05.07 08:53:51.482,0.99065,0.9912,1.00,1.00
2010.05.07 08:53:52.371,0.9907,0.9912,8.00,1.00
2010.05.07 08:53:52.694,0.9907,0.9912,4.00,8.80
2010.05.07 08:53:53.012,0.9907,0.99115,4.70,1.00
2010.05.07 08:53:53.835,0.9906,0.9911,1.00,1.00
2010.05.07 08:53:54.102,0.99055,0.99115,1.00,4.80
2010.05.07 08:53:55.561,0.99055,0.99115,4.80,1.00
2010.05.07 08:53:55.904,0.9906,0.99115,1.00,4.40
2010.05.07 08:53:56.232,0.99055,0.9911,1.00,8.80
2010.05.07 08:53:57.073,0.9905,0.99105,1.00,1.00
2010.05.07 08:53:57.692,0.9905,0.99105,1.00,8.60
2010.05.07 08:53:58.447,0.99045,0.991,1.00,1.00
2010.05.07 08:53:58.643,0.9905,0.99105,1.00,1.00
2010.05.07 08:53:58.841,0.9905,0.991,4.40,8.00
2010.05.07 08:53:59.241,0.9905,0.991,4.60,8.60
2010.05.07 08:54:00.102,0.9905,0.99095,1.00,8.00
2010.05.07 08:54:00.442,0.9905,0.991,1.00,8.70
2010.05.07 08:54:00.782,0.9905,0.99095,1.00,8.00
2010.05.07 08:54:01.916,0.9905,0.99095,1.00,8.40
2010.05.07 08:54:02.103,0.9905,0.99095,1.00,1.00
2010.05.07 08:54:07.124,0.9905,0.99095,1.00,4.60
2010.05.07 08:54:07.461,0.99045,0.99095,1.00,8.70
2010.05.07 08:54:09.151,0.99045,0.9909,1.00,1.00
2010.05.07 08:54:09.411,0.99045,0.9909,1.00,8.40
2010.05.07 08:54:10.042,0.99045,0.9909,1.00,1.00
2010.05.07 08:54:10.292,0.99045,0.9909,1.00,1.00
2010.05.07 08:54:10.792,0.99045,0.99095,1.00,8.40
2010.05.07 08:54:11.042,0.99045,0.99095,1.00,8.70
2010.05.07 08:54:11.767,0.99045,0.9909,1.00,1.00
2010.05.07 08:54:12.046,0.99045,0.9909,1.00,4.40
2010.05.07 08:54:13.572,0.9903,0.9908,4.70,8.70
2010.05.07 08:54:13.852,0.9903,0.99075,1.00,8.80
2010.05.07 08:54:14.132,0.99025,0.99075,1.00,8.60
2010.05.07 08:54:14.411,0.99025,0.99075,1.00,8.80
2010.05.07 08:54:16.103,0.9903,0.99075,1.60,8.80
2010.05.07 08:54:16.242,0.99025,0.9907,1.00,8.00
2010.05.07 08:54:16.766,0.9903,0.9907,1.60,4.00
2010.05.07 08:54:17.104,0.99015,0.99065,8.40,4.40
2010.05.07 08:54:17.442,0.99015,0.99065,8.80,4.80
2010.05.07 08:54:18.745,0.9902,0.99065,8.80,1.00
2010.05.07 08:54:19.073,0.9902,0.9907,8.60,4.60
2010.05.07 08:54:20.114,0.9902,0.99065,1.00,1.00
2010.05.07 08:54:20.322,0.9902,0.9907,1.00,8.40
2010.05.07 08:54:20.531,0.9902,0.9907,4.40,4.40
2010.05.07 08:54:20.743,0.99025,0.9907,8.00,1.00
2010.05.07 08:54:21.513,0.9904,0.9908,1.00,8.00
2010.05.07 08:54:21.852,0.99025,0.9907,4.40,1.00
2010.05.07 08:54:22.192,0.9902,0.9907,8.40,4.40
2010.05.07 08:54:22.532,0.9901,0.9906,1.60,8.40
2010.05.07 08:54:23.386,0.99005,0.99055,1.00,8.40
2010.05.07 08:54:23.512,0.99005,0.9905,1.00,4.00
2010.05.07 08:54:23.632,0.9901,0.9905,1.20,4.00
2010.05.07 08:54:24.382,0.9901,0.99055,1.20,8.70
2010.05.07 08:54:24.727,0.9901,0.99055,1.00,8.00
2010.05.07 08:54:25.404,0.99,0.99045,1.00,1.00
2010.05.07 08:54:26.272,0.99,0.9905,1.70,8.00
2010.05.07 08:54:26.613,0.99,0.9905,2.60,8.00
2010.05.07 08:54:26.901,0.99,0.9905,2.20,8.00
2010.05.07 08:54:27.852,0.99,0.9905,2.00,8.40
2010.05.07 08:54:28.251,0.98995,0.9905,1.00,8.40
2010.05.07 08:54:28.451,0.98995,0.99045,1.00,8.00
2010.05.07 08:54:28.651,0.98995,0.9905,1.00,8.70
2010.05.07 08:54:29.784,0.9899,0.9904,1.00,4.00
2010.05.07 08:54:30.122,0.9899,0.9904,1.00,4.00
2010.05.07 08:54:30.581,0.9899,0.9904,1.00,4.00
2010.05.07 08:54:31.752,0.9899,0.99035,1.00,4.00
2010.05.07 08:54:32.032,0.98995,0.9904,4.70,1.00
2010.05.07 08:54:32.615,0.98995,0.9904,8.70,1.00
2010.05.07 08:54:32.910,0.99,0.9905,4.40,8.40
2010.05.07 08:54:33.204,0.99005,0.9905,8.00,1.00
2010.05.07 08:54:34.006,0.9901,0.99055,4.40,1.00
2010.05.07 08:54:34.294,0.9901,0.9906,1.00,8.60
2010.05.07 08:54:34.584,0.99015,0.99055,8.00,1.00
2010.05.07 08:54:34.875,0.9902,0.99065,4.00,1.00
2010.05.07 08:54:35.657,0.9902,0.9907,4.60,1.00
2010.05.07 08:54:36.001,0.99025,0.9907,4.00,1.00
2010.05.07 08:54:36.344,0.99025,0.99075,1.00,1.00
2010.05.07 08:54:36.604,0.99035,0.9908,4.00,1.00
2010.05.07 08:54:36.864,0.99035,0.99085,4.00,1.00
2010.05.07 08:54:37.585,0.99035,0.99085,1.00,1.00
2010.05.07 08:54:37.866,0.9903,0.99095,8.50,2.10
2010.05.07 08:54:38.113,0.9903,0.99095,4.50,2.10
2010.05.07 08:54:38.837,0.99025,0.9909,4.70,1.00
2010.05.07 08:54:39.114,0.9903,0.99085,1.00,1.30
2010.05.07 08:54:39.662,0.9902,0.9908,4.80,2.00
2010.05.07 08:54:39.933,0.99025,0.9908,1.00,1.00
2010.05.07 08:54:41.771,0.9903,0.9908,4.00,4.40
2010.05.07 08:54:41.991,0.9903,0.9908,8.00,1.00
2010.05.07 08:54:42.573,0.9903,0.99085,8.60,9.80
2010.05.07 08:54:42.912,0.9903,0.99075,1.00,1.00
2010.05.07 08:54:44.232,0.99025,0.99075,8.70,1.00
2010.05.07 08:54:44.882,0.99025,0.99075,8.70,4.70
2010.05.07 08:54:45.182,0.99025,0.99075,8.70,8.70
2010.05.07 08:54:45.751,0.99025,0.99075,8.70,4.70
2010.05.07 08:54:45.982,0.9903,0.99075,1.00,1.00
2010.05.07 08:54:46.717,0.9903,0.99075,1.00,8.80
2010.05.07 08:54:46.963,0.99025,0.99075,8.50,8.50
2010.05.07 08:54:47.213,0.9903,0.99075,4.00,4.50
2010.05.07 08:54:47.454,0.9903,0.9908,8.40,4.40
2010.05.07 08:54:48.742,0.99035,0.99085,4.40,4.40
2010.05.07 08:54:49.022,0.9904,0.9909,1.00,8.40
2010.05.07 08:54:50.173,0.9904,0.99085,1.00,8.00
2010.05.07 08:54:50.512,0.9904,0.9908,4.00,1.00
2010.05.07 08:54:50.852,0.9904,0.99085,1.00,1.00
2010.05.07 08:54:51.192,0.99035,0.99085,8.70,8.70
2010.05.07 08:54:52.003,0.9904,0.9909,8.70,4.70
2010.05.07 08:54:52.294,0.99045,0.99095,8.40,1.00
2010.05.07 08:54:52.582,0.99045,0.99095,8.40,1.00
2010.05.07 08:54:52.872,0.99045,0.9909,1.00,4.00
2010.05.07 08:54:53.593,0.99045,0.9909,1.00,4.60
2010.05.07 08:54:54.475,0.99045,0.99095,8.50,8.50
2010.05.07 08:54:55.229,0.99045,0.9909,1.00,8.00
2010.05.07 08:54:55.484,0.9904,0.99085,4.70,1.00
2010.05.07 08:54:56.241,0.9904,0.99085,1.00,8.70
2010.05.07 08:54:57.104,0.9903,0.99075,1.00,1.00
2010.05.07 08:54:57.441,0.99025,0.9907,8.70,1.00
2010.05.07 08:54:57.681,0.99025,0.9907,1.00,1.00
2010.05.07 08:54:59.572,0.9902,0.9907,8.40,1.00
2010.05.07 08:54:59.752,0.9902,0.9907,8.40,4.40
2010.05.07 08:55:00.775,0.99045,0.99085,1.00,4.00
2010.05.07 08:55:01.114,0.9904,0.99085,1.00,4.40
2010.05.07 08:55:01.874,0.9904,0.99085,1.00,8.40
2010.05.07 08:55:02.115,0.99035,0.99085,8.60,1.00
2010.05.07 08:55:03.486,0.99035,0.99085,1.00,8.60
2010.05.07 08:55:03.714,0.99025,0.99075,8.60,4.60
2010.05.07 08:55:03.944,0.9902,0.99075,1.00,1.00
2010.05.07 08:55:04.881,0.9902,0.99075,1.00,1.00
2010.05.07 08:55:05.223,0.99015,0.99075,1.00,1.00
2010.05.07 08:55:05.561,0.99015,0.9907,1.00,1.00
2010.05.07 08:55:06.408,0.99015,0.9907,1.00,1.00
2010.05.07 08:55:07.087,0.99015,0.9907,1.00,8.60
2010.05.07 08:55:07.343,0.9901,0.9906,4.70,1.00
2010.05.07 08:55:08.011,0.99015,0.9907,1.00,4.50
2010.05.07 08:55:08.278,0.9901,0.99065,1.00,1.00
2010.05.07 08:55:08.584,0.9901,0.99065,1.00,4.50
2010.05.07 08:55:08.895,0.99005,0.99065,4.50,1.00
2010.05.07 08:55:09.709,0.99015,0.99065,8.00,1.00
2010.05.07 08:55:10.054,0.9902,0.99065,1.00,1.00
2010.05.07 08:55:10.394,0.99005,0.99055,8.50,8.50
2010.05.07 08:55:11.253,0.99,0.9906,1.00,1.00
2010.05.07 08:55:14.732,0.99005,0.9906,1.00,1.00
2010.05.07 08:55:15.072,0.99005,0.9906,1.00,1.00
2010.05.07 08:55:15.412,0.9901,0.9906,8.00,1.00
2010.05.07 08:55:16.263,0.99015,0.9906,1.00,1.00
2010.05.07 08:55:16.944,0.99015,0.99065,8.50,4.50
2010.05.07 08:55:17.817,0.99015,0.99065,4.40,8.40
2010.05.07 08:55:19.902,0.99015,0.99065,8.70,1.00
2010.05.07 08:55:20.882,0.99015,0.99065,8.80,4.80
2010.05.07 08:55:21.791,0.99015,0.99065,8.60,4.60
2010.05.07 08:55:22.135,0.99025,0.9907,1.00,1.00
2010.05.07 08:55:22.474,0.9903,0.99075,8.00,1.00
2010.05.07 08:55:22.813,0.99035,0.9908,1.00,8.50
2010.05.07 08:55:23.352,0.99035,0.9908,4.50,4.50
2010.05.07 08:55:23.709,0.9904,0.99085,1.00,1.00
2010.05.07 08:55:24.053,0.9904,0.9909,1.00,8.40
2010.05.07 08:55:24.313,0.9904,0.9909,4.40,8.40
2010.05.07 08:55:24.572,0.9904,0.99085,4.00,1.00
2010.05.07 08:55:24.831,0.99035,0.99085,8.80,4.80
2010.05.07 08:55:25.673,0.9904,0.9909,4.50,8.50
2010.05.07 08:55:26.015,0.9903,0.9907,4.00,1.00
2010.05.07 08:55:27.003,0.99025,0.99075,1.00,1.00
2010.05.07 08:55:27.252,0.9902,0.99075,4.00,1.00
2010.05.07 08:55:28.117,0.99025,0.9908,1.00,1.00
2010.05.07 08:55:28.344,0.99025,0.9908,1.00,1.00
2010.05.07 08:55:29.735,0.9902,0.99075,1.80,1.00
2010.05.07 08:55:30.073,0.9902,0.99075,1.00,1.00
2010.05.07 08:55:30.412,0.99015,0.9907,1.00,1.00
2010.05.07 08:55:30.751,0.99015,0.9907,1.00,1.00
2010.05.07 08:55:32.024,0.9902,0.99065,1.00,1.00
2010.05.07 08:55:35.651,0.9902,0.9907,1.00,8.40
2010.05.07 08:55:35.982,0.9902,0.9907,4.40,8.40
2010.05.07 08:55:37.006,0.9902,0.9906,1.00,8.00
2010.05.07 08:55:37.344,0.9901,0.9906,4.80,8.80
2010.05.07 08:55:38.933,0.9901,0.9906,8.80,4.80
2010.05.07 08:55:39.122,0.99005,0.99055,8.60,8.60
2010.05.07 08:55:39.312,0.9901,0.9906,4.50,8.50
2010.05.07 08:55:40.362,0.99015,0.9906,1.00,4.80
2010.05.07 08:55:41.556,0.99015,0.99065,1.00,8.50
2010.05.07 08:55:42.232,0.99015,0.9906,1.00,1.00
2010.05.07 08:55:43.095,0.98995,0.9905,1.00,4.50
2010.05.07 08:55:43.433,0.98985,0.99045,8.70,1.00
2010.05.07 08:55:43.843,0.98995,0.99045,1.00,4.00
2010.05.07 08:55:44.565,0.98985,0.9904,8.70,1.00
2010.05.07 08:55:44.902,0.9899,0.99045,1.00,1.00
2010.05.07 08:55:45.582,0.9899,0.99045,1.00,1.00
2010.05.07 08:55:46.428,0.98995,0.9905,1.00,1.00
2010.05.07 08:55:47.936,0.9898,0.9903,4.40,8.00
2010.05.07 08:55:48.172,0.98985,0.9903,1.00,4.50
2010.05.07 08:55:48.402,0.98985,0.99035,1.00,1.00
2010.05.07 08:55:48.632,0.9898,0.9904,1.00,1.00
2010.05.07 08:55:49.423,0.98975,0.9904,1.00,1.00
2010.05.07 08:55:49.721,0.98975,0.9904,4.60,1.00
2010.05.07 08:55:50.022,0.9898,0.9904,1.00,4.00
2010.05.07 08:55:50.622,0.9898,0.9904,1.00,8.00
2010.05.07 08:55:50.962,0.9897,0.99035,1.70,1.00
2010.05.07 08:55:51.982,0.98975,0.99035,1.00,1.00
2010.05.07 08:55:52.835,0.98975,0.9904,1.00,1.00
2010.05.07 08:55:53.012,0.98975,0.9904,8.40,1.00
2010.05.07 08:55:53.192,0.98985,0.99035,4.00,8.00
2010.05.07 08:55:53.753,0.98985,0.9903,4.50,1.00
2010.05.07 08:55:53.935,0.98985,0.99035,4.40,8.40
2010.05.07 08:55:54.274,0.98995,0.99035,8.00,1.00
2010.05.07 08:55:54.855,0.9899,0.99035,8.00,1.00
2010.05.07 08:55:55.202,0.98985,0.9904,4.40,4.40
2010.05.07 08:55:55.543,0.9898,0.99035,1.60,1.00
2010.05.07 08:55:55.884,0.9898,0.99035,1.00,1.00
2010.05.07 08:55:56.419,0.9898,0.9903,1.00,1.00
2010.05.07 08:55:56.754,0.9898,0.9904,1.00,1.00
2010.05.07 08:55:58.253,0.9898,0.9904,1.00,4.40
2010.05.07 08:55:58.403,0.9898,0.9904,4.40,1.00
2010.05.07 08:55:58.542,0.9898,0.9904,1.00,4.40
2010.05.07 08:55:58.683,0.9898,0.9904,1.00,8.40
2010.05.07 08:55:58.821,0.98985,0.99035,1.00,1.00
2010.05.07 08:55:59.602,0.98985,0.9903,1.00,1.00
2010.05.07 08:55:59.941,0.98985,0.9903,1.00,1.00
2010.05.07 08:56:00.622,0.9898,0.9903,8.40,1.00
2010.05.07 08:56:00.902,0.9898,0.9903,1.00,8.40
2010.05.07 08:56:01.795,0.9898,0.99015,8.00,1.00
2010.05.07 08:56:02.052,0.98975,0.99015,8.00,1.00
2010.05.07 08:56:02.800,0.9897,0.99015,4.40,1.00
2010.05.07 08:56:03.081,0.9897,0.9903,8.40,1.00
2010.05.07 08:56:03.642,0.9898,0.9903,1.00,4.00
2010.05.07 08:56:04.409,0.9897,0.99025,1.00,1.00
2010.05.07 08:56:04.743,0.98965,0.99025,9.10,1.00
2010.05.07 08:56:05.082,0.9897,0.99025,1.00,1.00
2010.05.07 08:56:06.364,0.98975,0.99035,1.90,1.00
2010.05.07 08:56:06.702,0.98975,0.9903,1.00,1.00
2010.05.07 08:56:07.042,0.98975,0.99025,10.10,4.00
2010.05.07 08:56:07.382,0.9898,0.99025,8.00,1.00
2010.05.07 08:56:07.913,0.9898,0.99025,8.00,1.00
2010.05.07 08:56:08.255,0.9898,0.99025,4.70,1.00
2010.05.07 08:56:08.482,0.9898,0.99025,1.00,1.00
2010.05.07 08:56:08.750,0.9898,0.99025,1.00,1.00
2010.05.07 08:56:11.154,0.9898,0.9902,4.00,1.00
2010.05.07 08:56:11.492,0.98975,0.99025,8.50,1.00
2010.05.07 08:56:11.832,0.9898,0.99025,1.00,1.00
2010.05.07 08:56:12.172,0.98975,0.99025,8.60,4.60
2010.05.07 08:56:13.155,0.98975,0.99025,4.50,4.50
2010.05.07 08:56:13.361,0.98975,0.99025,1.00,8.50
2010.05.07 08:56:13.573,0.98975,0.9902,1.00,1.00
2010.05.07 08:56:13.782,0.9898,0.99025,8.80,1.00
2010.05.07 08:56:14.487,0.9898,0.99025,1.00,4.80
2010.05.07 08:56:14.775,0.98975,0.9903,4.00,4.50
2010.05.07 08:56:15.061,0.98975,0.9903,1.00,1.00
2010.05.07 08:56:15.642,0.9897,0.99025,1.00,1.00
2010.05.07 08:56:16.822,0.9897,0.99025,1.00,1.00
2010.05.07 08:56:17.162,0.98975,0.99025,2.20,1.00
2010.05.07 08:56:17.402,0.98975,0.9903,1.00,1.00
2010.05.07 08:56:17.642,0.98975,0.9903,8.40,1.00
2010.05.07 08:56:18.331,0.9898,0.99035,1.00,1.00
2010.05.07 08:56:20.464,0.9899,0.99035,4.00,1.00
2010.05.07 08:56:20.671,0.9899,0.9904,4.00,8.40
2010.05.07 08:56:21.408,0.98995,0.9904,8.00,1.00
2010.05.07 08:56:21.745,0.99,0.99055,4.60,1.00
2010.05.07 08:56:22.084,0.99,0.99055,1.00,1.00
2010.05.07 08:56:22.929,0.99,0.99055,1.00,1.00
2010.05.07 08:56:23.276,0.99,0.99055,1.00,1.00
2010.05.07 08:56:23.613,0.99,0.99055,1.00,1.00
2010.05.07 08:56:23.843,0.99,0.99055,1.00,1.00
2010.05.07 08:56:24.805,0.99005,0.99055,1.60,1.00
2010.05.07 08:56:25.063,0.99,0.99055,1.00,1.00
2010.05.07 08:56:25.326,0.99,0.9905,4.00,1.00
2010.05.07 08:56:26.012,0.99005,0.9906,1.40,8.60
2010.05.07 08:56:26.354,0.99,0.99055,1.00,8.00
2010.05.07 08:56:26.693,0.99,0.9905,10.20,4.00
2010.05.07 08:56:27.248,0.99,0.9905,10.00,4.00
2010.05.07 08:56:27.609,0.99,0.99045,2.40,4.00
2010.05.07 08:56:27.954,0.99,0.99045,2.40,8.00
2010.05.07 08:56:28.293,0.98995,0.99045,8.80,8.80
2010.05.07 08:56:29.135,0.9899,0.9904,1.80,8.60
2010.05.07 08:56:29.472,0.9899,0.99035,4.80,1.00
2010.05.07 08:56:29.752,0.98995,0.99035,1.00,4.00
2010.05.07 08:56:30.290,0.98995,0.99045,1.00,4.60
2010.05.07 08:56:30.574,0.98985,0.99045,1.00,4.60
2010.05.07 08:56:30.875,0.98985,0.99045,4.60,1.00
2010.05.07 08:56:31.173,0.98985,0.99045,8.60,1.00
2010.05.07 08:56:31.472,0.98985,0.99045,8.40,1.00
2010.05.07 08:56:32.534,0.98985,0.9904,1.00,1.00
2010.05.07 08:56:32.875,0.98985,0.99035,1.00,8.00
2010.05.07 08:56:33.032,0.98985,0.99045,1.00,8.50
2010.05.07 08:56:33.615,0.98995,0.9904,1.00,4.00
2010.05.07 08:56:33.771,0.9898,0.99035,1.00,1.00
2010.05.07 08:56:33.934,0.98975,0.99035,8.50,1.00
2010.05.07 08:56:34.798,0.98985,0.9904,1.00,8.40
2010.05.07 08:56:35.134,0.9898,0.99035,1.00,1.00
2010.05.07 08:56:35.456,0.9898,0.99035,4.50,1.00
2010.05.07 08:56:35.869,0.9898,0.9903,4.00,1.00
2010.05.07 08:56:36.354,0.98985,0.9904,1.00,1.00
2010.05.07 08:56:36.704,0.98985,0.9903,8.80,1.00
2010.05.07 08:56:37.046,0.98985,0.99035,1.00,1.00
2010.05.07 08:56:37.385,0.9898,0.99035,1.00,1.00
2010.05.07 08:56:38.234,0.9898,0.99035,4.40,1.00
2010.05.07 08:56:38.573,0.98985,0.9904,1.00,1.00
2010.05.07 08:56:40.762,0.98985,0.9904,1.00,8.80
2010.05.07 08:56:41.105,0.98985,0.9904,1.00,1.00
2010.05.07 08:56:42.285,0.98985,0.99035,8.40,4.40
2010.05.07 08:56:42.852,0.98985,0.99035,8.40,4.40
2010.05.07 08:56:43.745,0.98985,0.99035,4.80,8.80
2010.05.07 08:56:44.084,0.98985,0.99025,2.40,4.00
2010.05.07 08:56:44.947,0.9899,0.99025,4.00,1.00
2010.05.07 08:56:45.284,0.99,0.9905,1.00,4.40
2010.05.07 08:56:46.485,0.9899,0.99045,1.00,1.00
2010.05.07 08:56:46.762,0.9899,0.99045,1.00,1.00
2010.05.07 08:56:47.323,0.9899,0.99045,1.00,8.40
2010.05.07 08:56:47.852,0.98985,0.9904,1.00,1.00
2010.05.07 08:56:48.165,0.98985,0.9904,8.70,1.00
2010.05.07 08:56:48.473,0.9899,0.99045,1.00,1.00
2010.05.07 08:56:49.093,0.98985,0.99045,1.00,8.80
2010.05.07 08:56:50.225,0.9899,0.9904,4.00,8.00
2010.05.07 08:56:50.474,0.98985,0.99035,8.60,4.60
2010.05.07 08:56:50.724,0.9899,0.9903,1.00,4.00
2010.05.07 08:56:51.606,0.9898,0.99025,1.00,1.00
2010.05.07 08:56:51.947,0.98975,0.9903,1.20,1.00
2010.05.07 08:56:52.284,0.9898,0.9903,4.00,1.00
2010.05.07 08:56:53.124,0.98975,0.9903,10.20,1.00
2010.05.07 08:56:53.462,0.98985,0.9904,1.00,8.50
2010.05.07 08:56:54.286,0.98975,0.9903,4.40,1.00
2010.05.07 08:56:54.548,0.98975,0.9903,1.00,1.00
2010.05.07 08:56:55.014,0.98975,0.9903,1.00,1.00
2010.05.07 08:56:55.756,0.98975,0.99025,1.00,4.00
2010.05.07 08:56:56.102,0.9898,0.9904,1.00,1.00
2010.05.07 08:56:56.446,0.98975,0.9903,1.00,1.00
2010.05.07 08:56:58.114,0.98975,0.9903,10.00,8.60
2010.05.07 08:56:58.503,0.9898,0.99025,4.00,1.00
2010.05.07 08:56:59.086,0.98975,0.99025,8.50,1.00
2010.05.07 08:56:59.425,0.9898,0.99035,1.00,1.00
2010.05.07 08:56:59.764,0.98985,0.9904,1.00,1.00
2010.05.07 08:57:01.605,0.98985,0.9904,1.00,1.00
2010.05.07 08:57:03.793,0.9899,0.9904,4.00,4.80
2010.05.07 08:57:03.863,0.9899,0.9904,4.50,8.00
2010.05.07 08:57:04.002,0.9899,0.9904,4.00,8.00
2010.05.07 08:57:04.595,0.98995,0.9904,8.00,1.00
2010.05.07 08:57:04.673,0.9899,0.9904,8.50,4.50
2010.05.07 08:57:05.014,0.99,0.9904,1.00,8.00
2010.05.07 08:57:05.884,0.9899,0.9904,4.80,8.80
2010.05.07 08:57:06.223,0.9899,0.9904,4.50,8.50
2010.05.07 08:57:06.563,0.9899,0.9904,1.00,8.50
2010.05.07 08:57:07.644,0.9899,0.99035,1.00,1.00
2010.05.07 08:57:08.112,0.9899,0.9904,1.00,8.40
2010.05.07 08:57:08.402,0.9899,0.9904,4.40,8.40
2010.05.07 08:57:08.694,0.99005,0.9904,8.00,1.00
2010.05.07 08:57:08.854,0.99005,0.99055,4.40,4.40
2010.05.07 08:57:09.484,0.99005,0.9905,1.00,1.00
2010.05.07 08:57:09.646,0.99005,0.9906,1.00,1.00
2010.05.07 08:57:10.323,0.99005,0.99055,1.00,1.00
2010.05.07 08:57:11.299,0.9902,0.99065,4.00,1.00
2010.05.07 08:57:11.644,0.99025,0.9908,1.00,1.00
2010.05.07 08:57:13.323,0.99025,0.99075,1.00,1.00
2010.05.07 08:57:13.604,0.9902,0.9908,1.00,8.40
2010.05.07 08:57:13.884,0.9902,0.99075,1.00,1.00
2010.05.07 08:57:14.696,0.9901,0.9906,1.00,1.00
2010.05.07 08:57:14.993,0.9901,0.99065,1.00,1.00
2010.05.07 08:57:15.295,0.9901,0.99065,8.70,1.00
2010.05.07 08:57:16.114,0.9902,0.99065,4.00,1.00
2010.05.07 08:57:16.453,0.99015,0.9907,1.00,1.00
2010.05.07 08:57:16.793,0.99,0.99065,10.10,1.00
2010.05.07 08:57:17.133,0.99,0.9906,1.00,1.00
2010.05.07 08:57:17.986,0.99005,0.9907,1.00,1.00
2010.05.07 08:57:19.324,0.9901,0.9907,1.00,1.00
2010.05.07 08:57:21.084,0.99005,0.99065,1.00,1.00
2010.05.07 08:57:21.423,0.99,0.99065,1.00,8.70
2010.05.07 08:57:21.694,0.99,0.99045,1.00,4.00
2010.05.07 08:57:22.529,0.98995,0.9905,1.00,8.40
2010.05.07 08:57:22.843,0.9899,0.99045,1.00,1.00
2010.05.07 08:57:23.163,0.9899,0.99045,1.00,8.70
2010.05.07 08:57:23.963,0.98985,0.9904,1.00,1.00
2010.05.07 08:57:24.232,0.98985,0.9904,1.00,1.00
2010.05.07 08:57:24.503,0.9898,0.9904,4.80,1.00
2010.05.07 08:57:25.374,0.9899,0.99045,1.00,8.40
2010.05.07 08:57:25.683,0.9899,0.99045,1.00,1.00
2010.05.07 08:57:27.214,0.98995,0.9904,1.00,1.00
2010.05.07 08:57:27.554,0.98995,0.9904,1.00,1.00
2010.05.07 08:57:28.712,0.98995,0.9904,1.00,4.70
2010.05.07 08:57:29.326,0.98995,0.9904,1.00,4.80
2010.05.07 08:57:29.465,0.98985,0.99035,8.50,8.50
2010.05.07 08:57:31.045,0.98985,0.99035,1.00,8.50
2010.05.07 08:57:31.063,0.98985,0.99035,1.40,8.70
2010.05.07 08:57:31.344,0.98985,0.9903,1.00,1.00
2010.05.07 08:57:33.045,0.9898,0.9903,8.80,4.80
2010.05.07 08:57:33.385,0.9899,0.9903,1.00,4.00
2010.05.07 08:57:33.589,0.9898,0.9903,4.70,4.70
2010.05.07 08:57:34.316,0.98985,0.9903,4.80,1.00
2010.05.07 08:57:35.401,0.98985,0.99035,8.80,8.80
2010.05.07 08:57:35.746,0.9899,0.9904,1.00,8.80
2010.05.07 08:57:36.043,0.9899,0.9904,4.40,8.40
2010.05.07 08:57:36.334,0.9899,0.9904,4.70,8.70
2010.05.07 08:57:38.094,0.98995,0.99045,1.00,8.60
2010.05.07 08:57:39.334,0.9899,0.9904,1.00,8.60
2010.05.07 08:57:39.673,0.9899,0.99035,1.00,4.00
2010.05.07 08:57:40.014,0.98985,0.9903,1.00,1.00
2010.05.07 08:57:40.855,0.98975,0.9902,1.00,4.80
2010.05.07 08:57:42.007,0.98975,0.99015,1.00,4.00
2010.05.07 08:57:42.305,0.98965,0.99015,8.40,4.40
2010.05.07 08:57:45.874,0.98975,0.9902,8.40,1.00
2010.05.07 08:57:46.072,0.9898,0.99025,1.00,4.40
2010.05.07 08:57:46.533,0.9898,0.99025,1.00,1.00
2010.05.07 08:57:47.239,0.9898,0.99035,1.00,4.40
2010.05.07 08:57:47.572,0.9898,0.99035,1.00,1.00
2010.05.07 08:57:48.903,0.9898,0.99035,1.00,1.00
2010.05.07 08:57:50.656,0.98975,0.9903,1.00,1.00
2010.05.07 08:57:52.016,0.98975,0.9903,4.50,4.50
2010.05.07 08:57:52.357,0.9898,0.99025,1.00,8.60
2010.05.07 08:57:52.698,0.98975,0.99025,6.20,8.60
2010.05.07 08:57:52.923,0.98975,0.99015,4.00,1.00
2010.05.07 08:57:54.264,0.98965,0.9902,1.00,1.00
2010.05.07 08:57:55.143,0.98965,0.9902,1.00,1.00
2010.05.07 08:57:55.954,0.9896,0.99015,1.40,1.00
2010.05.07 08:57:56.716,0.9896,0.99015,1.00,1.00
2010.05.07 08:57:57.057,0.9896,0.99015,2.00,1.00
2010.05.07 08:57:58.562,0.98965,0.99015,4.00,1.00
2010.05.07 08:57:58.714,0.9897,0.99025,1.00,1.00
2010.05.07 08:57:58.862,0.9897,0.9903,1.00,4.40
2010.05.07 08:57:59.014,0.98975,0.99025,4.00,8.00
2010.05.07 08:57:59.163,0.98975,0.9902,1.00,4.70
2010.05.07 08:57:59.313,0.9897,0.99015,1.00,1.00
2010.05.07 08:58:00.153,0.9896,0.99015,1.00,1.00
2010.05.07 08:58:00.493,0.98955,0.9902,1.00,1.00
2010.05.07 08:58:01.174,0.98955,0.99015,1.00,1.00
2010.05.07 08:58:02.294,0.9895,0.99015,3.30,1.00
2010.05.07 08:58:02.823,0.9895,0.99015,2.40,1.00
2010.05.07 08:58:03.607,0.9895,0.9901,1.00,1.00
2010.05.07 08:58:04.624,0.9895,0.9901,1.70,1.00
2010.05.07 08:58:05.603,0.98955,0.99005,1.00,1.00
2010.05.07 08:58:05.873,0.98955,0.99005,10.40,8.80
2010.05.07 08:58:08.613,0.98955,0.99005,6.40,8.80
2010.05.07 08:58:08.813,0.98955,0.99005,2.20,8.60
2010.05.07 08:58:09.222,0.98955,0.99005,6.20,8.60
2010.05.07 08:58:12.163,0.9896,0.99,1.00,8.00
2010.05.07 08:58:12.356,0.98945,0.98985,8.00,1.00
2010.05.07 08:58:12.554,0.98945,0.9899,8.40,1.00
2010.05.07 08:58:12.754,0.9895,0.9899,8.00,1.00
2010.05.07 08:58:13.583,0.98945,0.99,8.40,1.00
2010.05.07 08:58:13.923,0.9895,0.99005,1.00,1.00
2010.05.07 08:58:14.604,0.98955,0.9901,1.00,1.00
2010.05.07 08:58:15.542,0.98955,0.9901,1.00,1.00
2010.05.07 08:58:15.864,0.98955,0.9901,1.00,4.60
2010.05.07 08:58:16.474,0.9895,0.9901,1.00,1.00
2010.05.07 08:58:16.818,0.98945,0.99005,1.00,8.70
2010.05.07 08:58:17.156,0.98945,0.99,1.00,4.50
2010.05.07 08:58:17.984,0.9894,0.98995,1.00,1.00
2010.05.07 08:58:18.235,0.9894,0.99,4.70,1.00
2010.05.07 08:58:18.484,0.9895,0.98995,1.00,8.40
2010.05.07 08:58:18.738,0.9895,0.98995,1.00,4.40
2010.05.07 08:58:18.983,0.98955,0.99,1.00,8.40
2010.05.07 08:58:22.624,0.9895,0.9899,1.20,4.00
2010.05.07 08:58:23.554,0.98945,0.9899,2.40,8.00
2010.05.07 08:58:23.824,0.98945,0.9899,1.60,8.60
2010.05.07 08:58:24.362,0.9894,0.9899,5.80,8.60
2010.05.07 08:58:25.044,0.9894,0.9899,1.80,8.60
2010.05.07 08:58:25.387,0.9894,0.98985,1.00,8.70
2010.05.07 08:58:25.914,0.9894,0.98985,1.10,1.00
2010.05.07 08:58:26.173,0.9894,0.98985,1.10,1.00
2010.05.07 08:58:27.854,0.98935,0.9898,1.60,1.00
2010.05.07 08:58:28.502,0.98935,0.9898,1.60,1.00
2010.05.07 08:58:30.314,0.9893,0.9898,10.40,4.80
2010.05.07 08:58:30.514,0.9893,0.98975,4.40,4.00
2010.05.07 08:58:30.713,0.9893,0.9898,4.40,8.40
2010.05.07 08:58:31.560,0.9894,0.98985,4.70,1.00
2010.05.07 08:58:31.904,0.9894,0.98985,1.00,1.00
2010.05.07 08:58:32.235,0.9894,0.9899,1.00,8.80
2010.05.07 08:58:33.090,0.9894,0.98985,1.00,1.00
2010.05.07 08:58:33.623,0.98945,0.98995,8.60,1.00
2010.05.07 08:58:34.182,0.9894,0.98995,8.40,1.00
2010.05.07 08:58:35.186,0.98945,0.98995,8.00,1.00
2010.05.07 08:58:35.444,0.98945,0.98995,8.60,1.00
2010.05.07 08:58:35.692,0.98945,0.98995,8.40,1.00
2010.05.07 08:58:37.343,0.9895,0.98995,8.00,1.00
2010.05.07 08:58:37.612,0.9895,0.99,8.60,1.00
2010.05.07 08:58:38.586,0.9895,0.98995,4.60,4.00
2010.05.07 08:58:39.123,0.9895,0.98995,4.00,4.50
2010.05.07 08:58:39.323,0.98945,0.98995,4.50,8.50
2010.05.07 08:58:39.723,0.98945,0.98985,1.00,8.00
2010.05.07 08:58:39.942,0.98935,0.9898,1.00,1.00
2010.05.07 08:58:42.133,0.98935,0.98975,1.00,8.00
2010.05.07 08:58:42.830,0.98925,0.9897,1.00,4.60
2010.05.07 08:58:43.067,0.98935,0.9897,4.00,1.00
2010.05.07 08:58:43.375,0.9894,0.9898,4.00,1.00
2010.05.07 08:58:44.221,0.98935,0.9898,1.00,8.00
2010.05.07 08:58:45.396,0.98935,0.9898,1.00,4.00
2010.05.07 08:58:45.735,0.98935,0.9898,1.00,1.00
2010.05.07 08:58:46.073,0.98935,0.9898,8.60,1.00
2010.05.07 08:58:46.414,0.98935,0.98985,8.80,8.80
2010.05.07 08:58:47.293,0.98935,0.98985,8.70,8.70
2010.05.07 08:58:47.974,0.9894,0.98985,4.00,1.00
2010.05.07 08:58:48.254,0.9894,0.9899,4.70,4.70
2010.05.07 08:58:48.976,0.9894,0.9898,4.80,4.00
2010.05.07 08:58:49.135,0.98935,0.9898,1.00,1.00
2010.05.07 08:58:49.293,0.9893,0.98985,1.00,4.40
2010.05.07 08:58:49.453,0.98925,0.9898,1.00,1.00
2010.05.07 08:58:52.685,0.98925,0.9898,8.50,1.00
2010.05.07 08:58:52.999,0.9893,0.98985,1.00,1.00
2010.05.07 08:58:53.303,0.9893,0.98985,1.00,1.00
2010.05.07 08:58:53.782,0.9893,0.9898,1.00,4.00
2010.05.07 08:58:53.913,0.9893,0.9898,1.00,8.40
2010.05.07 08:58:55.583,0.98935,0.9898,1.00,4.50
2010.05.07 08:58:55.753,0.98935,0.9898,1.00,1.00
2010.05.07 08:58:56.406,0.98935,0.98985,4.40,8.40
2010.05.07 08:58:56.727,0.98945,0.98985,4.00,1.00
2010.05.07 08:58:57.045,0.98945,0.9899,8.00,1.00
2010.05.07 08:58:57.903,0.98955,0.9899,4.00,1.00
2010.05.07 08:58:58.231,0.9895,0.99,1.00,8.80
2010.05.07 08:58:58.553,0.9895,0.99,4.80,8.80
2010.05.07 08:58:58.874,0.9895,0.99,4.60,8.60
2010.05.07 08:59:01.133,0.98955,0.99,8.00,1.00
2010.05.07 08:59:01.233,0.98955,0.99005,8.70,4.70
2010.05.07 08:59:01.333,0.98955,0.98995,1.00,8.00
2010.05.07 08:59:02.175,0.9895,0.9899,4.00,1.00
2010.05.07 08:59:02.513,0.9894,0.98985,1.00,8.00
2010.05.07 08:59:02.855,0.9893,0.98985,8.60,1.00
2010.05.07 08:59:03.709,0.98935,0.98995,10.40,1.00
2010.05.07 08:59:04.043,0.9895,0.99005,1.00,1.00
2010.05.07 08:59:06.585,0.9895,0.99005,1.00,8.70
2010.05.07 08:59:06.915,0.9895,0.9901,1.00,4.60
2010.05.07 08:59:07.244,0.98955,0.99005,1.00,1.00
2010.05.07 08:59:07.883,0.98955,0.99005,4.40,8.40
2010.05.07 08:59:08.414,0.98955,0.99005,8.40,8.40
2010.05.07 08:59:08.754,0.98955,0.99005,8.60,8.60
2010.05.07 08:59:09.136,0.98955,0.99005,8.80,8.80
2010.05.07 08:59:10.136,0.98955,0.99,4.80,4.00
2010.05.07 08:59:10.328,0.9895,0.99,8.40,1.00
2010.05.07 08:59:10.514,0.9895,0.99,8.80,1.00
2010.05.07 08:59:11.211,0.98955,0.99,4.00,1.00
2010.05.07 08:59:11.558,0.98955,0.99005,8.80,1.00
2010.05.07 08:59:11.896,0.98955,0.99,4.40,1.00
2010.05.07 08:59:12.758,0.98965,0.9901,1.00,1.00
2010.05.07 08:59:13.096,0.9896,0.9902,4.50,1.00
2010.05.07 08:59:13.435,0.9896,0.99015,1.00,1.00
2010.05.07 08:59:13.835,0.98965,0.9902,1.00,1.00
2010.05.07 08:59:14.545,0.98965,0.9902,1.00,1.00
2010.05.07 08:59:15.424,0.98965,0.9902,1.00,8.60
2010.05.07 08:59:16.255,0.9895,0.9901,1.00,4.70
2010.05.07 08:59:16.573,0.9895,0.9901,10.30,1.00
2010.05.07 08:59:16.883,0.9896,0.9901,4.00,8.40
2010.05.07 08:59:17.626,0.9896,0.9901,4.80,8.00
2010.05.07 08:59:17.966,0.9896,0.99005,4.40,1.00
2010.05.07 08:59:18.810,0.9896,0.99,4.00,1.00
2010.05.07 08:59:19.096,0.98955,0.99,6.00,1.00
2010.05.07 08:59:19.389,0.98945,0.98995,8.80,1.00
2010.05.07 08:59:20.496,0.98945,0.9899,1.00,1.00
2010.05.07 08:59:20.833,0.9895,0.98995,1.00,1.00
2010.05.07 08:59:21.513,0.98945,0.9899,1.00,1.00
2010.05.07 08:59:22.194,0.9895,0.98995,1.00,1.00
2010.05.07 08:59:23.034,0.9895,0.99,1.00,8.60
2010.05.07 08:59:23.222,0.9895,0.99,4.60,8.60
2010.05.07 08:59:23.602,0.9895,0.99,4.40,8.40
2010.05.07 08:59:24.468,0.9895,0.98995,1.00,4.00
2010.05.07 08:59:24.685,0.98945,0.9899,1.00,1.00
2010.05.07 08:59:25.245,0.98945,0.9899,8.00,1.00
2010.05.07 08:59:26.083,0.9895,0.98995,1.00,4.80
2010.05.07 08:59:26.363,0.9895,0.98995,1.00,1.00
2010.05.07 08:59:26.643,0.9895,0.98995,1.00,4.40
2010.05.07 08:59:26.923,0.9895,0.98995,4.40,4.40
2010.05.07 08:59:27.554,0.9895,0.98995,8.40,1.00
2010.05.07 08:59:27.900,0.9895,0.98995,1.00,1.00
2010.05.07 08:59:29.098,0.9895,0.98995,1.00,1.00
2010.05.07 08:59:29.483,0.98945,0.9899,4.70,1.00
2010.05.07 08:59:30.079,0.98945,0.98995,8.50,1.00
2010.05.07 08:59:30.204,0.98945,0.9899,1.00,8.80
2010.05.07 08:59:30.333,0.98945,0.9899,1.00,4.80
2010.05.07 08:59:30.462,0.9894,0.9899,8.40,4.40
2010.05.07 08:59:32.443,0.9894,0.9899,4.40,8.40
2010.05.07 08:59:33.952,0.9894,0.9899,4.40,8.40
2010.05.07 08:59:34.084,0.9894,0.9899,4.80,8.80
2010.05.07 08:59:34.505,0.9895,0.98985,4.00,1.00
2010.05.07 08:59:34.644,0.9895,0.98995,4.60,4.60
2010.05.07 08:59:35.179,0.9895,0.98995,1.00,8.60
2010.05.07 08:59:35.515,0.9895,0.99,1.00,8.40
2010.05.07 08:59:35.854,0.9895,0.98995,1.00,4.00
2010.05.07 08:59:36.196,0.98945,0.98995,4.70,8.70
2010.05.07 08:59:36.534,0.98945,0.9899,8.00,1.00
2010.05.07 08:59:37.102,0.98945,0.98995,8.50,8.50
2010.05.07 08:59:37.446,0.9894,0.99,1.00,1.00
2010.05.07 08:59:37.742,0.9894,0.99,4.50,1.00
2010.05.07 08:59:38.035,0.98945,0.99,8.00,1.00
2010.05.07 08:59:38.844,0.98945,0.99,1.00,1.00
2010.05.07 08:59:40.938,0.9895,0.99005,1.00,1.00
2010.05.07 08:59:41.123,0.9895,0.99005,8.60,1.00
2010.05.07 08:59:41.312,0.9896,0.99015,1.00,8.80
2010.05.07 08:59:41.724,0.98955,0.9901,1.00,1.00
2010.05.07 08:59:41.913,0.9896,0.9901,4.40,8.40
2010.05.07 08:59:42.827,0.9896,0.9901,4.80,8.80
2010.05.07 08:59:43.133,0.98965,0.9901,4.00,4.80
2010.05.07 08:59:43.283,0.9897,0.99015,1.00,8.40
2010.05.07 08:59:43.433,0.98965,0.99015,8.50,4.50
2010.05.07 08:59:43.995,0.98965,0.99015,4.50,8.50
2010.05.07 08:59:44.323,0.98965,0.9901,4.40,1.00
2010.05.07 08:59:45.313,0.98965,0.9901,1.00,8.40
2010.05.07 08:59:45.948,0.9896,0.99005,4.80,1.00
2010.05.07 08:59:46.159,0.9896,0.9901,8.40,4.40
2010.05.07 08:59:46.465,0.9896,0.9901,8.40,4.40
2010.05.07 08:59:46.773,0.98965,0.9901,8.00,1.00
2010.05.07 08:59:47.074,0.9896,0.99015,1.00,4.80
2010.05.07 08:59:47.909,0.98955,0.9901,1.00,1.00
2010.05.07 08:59:48.256,0.98955,0.9901,1.00,1.00
2010.05.07 08:59:48.574,0.9896,0.99015,1.00,8.60
2010.05.07 08:59:48.734,0.9896,0.9901,1.00,4.00
2010.05.07 08:59:48.895,0.98955,0.99015,1.00,8.80
2010.05.07 08:59:49.674,0.98955,0.9901,1.00,1.00
2010.05.07 08:59:49.834,0.98955,0.99015,1.00,4.60
2010.05.07 08:59:50.652,0.98955,0.99015,1.00,1.00
2010.05.07 08:59:52.363,0.98955,0.99005,8.60,8.60
2010.05.07 08:59:52.704,0.98955,0.99005,8.60,1.00
2010.05.07 08:59:52.873,0.9896,0.99005,1.00,1.00
2010.05.07 08:59:54.434,0.9896,0.9901,8.80,1.00
2010.05.07 08:59:54.583,0.98965,0.9901,1.00,1.00
2010.05.07 08:59:54.884,0.9896,0.99005,1.00,1.00
2010.05.07 08:59:57.195,0.98955,0.99005,8.60,1.00
2010.05.07 08:59:57.433,0.98955,0.99005,8.60,4.60
2010.05.07 08:59:57.563,0.9896,0.99005,1.00,4.40
2010.05.07 08:59:58.422,0.9896,0.99005,1.00,1.00
2010.05.07 08:59:59.126,0.9896,0.9901,1.00,8.40
