2015.11.30 17:00:00.597,0.74376,0.74397,1.75,1.00
2015.11.30 17:00:00.698,0.74378,0.74399,1.75,1.12
2015.11.30 17:00:01.232,0.74376,0.74398,1.75,1.00
2015.11.30 17:00:03.013,0.74375,0.74397,1.75,1.00
2015.11.30 17:00:03.213,0.74378,0.744,1.75,2.25
2015.11.30 17:00:03.777,0.74376,0.74398,1.75,1.00
2015.11.30 17:00:04.319,0.74376,0.74397,1.75,1.00
2015.11.30 17:00:04.730,0.74374,0.74396,1.75,1.37
2015.11.30 17:00:04.831,0.74374,0.74395,1.75,1.12
2015.11.30 17:00:08.511,0.74372,0.74392,2.25,1.00
2015.11.30 17:00:08.562,0.74371,0.74392,1.75,1.12
2015.11.30 17:00:09.632,0.7437,0.74391,1.75,1.00
2015.11.30 17:00:10.209,0.7437,0.74393,1.75,1.50
2015.11.30 17:00:13.443,0.74369,0.74391,3.00,1.00
2015.11.30 17:00:16.766,0.74371,0.74392,1.75,1.12
2015.11.30 17:00:25.085,0.74375,0.74393,1.00,1.50
2015.11.30 17:00:28.687,0.74372,0.74393,1.75,1.75
2015.11.30 17:00:29.003,0.74375,0.74395,1.50,1.75
2015.11.30 17:00:30.295,0.74372,0.74393,1.75,1.00
2015.11.30 17:00:32.374,0.74371,0.74391,1.75,1.12
2015.11.30 17:00:32.616,0.74372,0.74393,1.75,1.12
2015.11.30 17:00:33.269,0.74373,0.74394,1.75,1.37
2015.11.30 17:00:33.420,0.74376,0.74397,1.75,1.12
2015.11.30 17:00:33.470,0.74376,0.74397,1.50,1.50
2015.11.30 17:00:33.521,0.74376,0.74397,1.50,1.75
2015.11.30 17:00:36.420,0.74374,0.74395,1.50,1.75
2015.11.30 17:00:37.383,0.74372,0.74395,1.50,3.00
2015.11.30 17:00:39.307,0.74374,0.74396,1.00,2.25
2015.11.30 17:00:39.876,0.74375,0.74397,1.00,2.25
2015.11.30 17:00:39.927,0.74375,0.74399,1.12,3.00
2015.11.30 17:00:40.028,0.74375,0.74399,1.75,1.75
2015.11.30 17:00:40.521,0.74374,0.74398,1.75,1.75
2015.11.30 17:00:40.622,0.74374,0.74398,1.75,1.75
2015.11.30 17:00:41.974,0.74374,0.74396,1.37,1.75
2015.11.30 17:00:42.024,0.74374,0.74396,1.12,1.75
2015.11.30 17:00:42.125,0.74373,0.74395,1.75,1.75
2015.11.30 17:00:44.951,0.7437,0.74391,1.75,1.00
2015.11.30 17:00:45.631,0.7437,0.74391,1.75,1.50
2015.11.30 17:00:47.483,0.7437,0.74391,1.75,1.75
2015.11.30 17:00:47.994,0.7437,0.74392,1.75,1.75
2015.11.30 17:00:55.099,0.74368,0.74391,1.75,1.75
2015.11.30 17:00:55.199,0.74368,0.74391,1.75,1.75
2015.11.30 17:00:55.737,0.74366,0.74387,1.50,1.75
2015.11.30 17:00:55.939,0.74365,0.74383,1.00,1.00
2015.11.30 17:00:56.823,0.74365,0.74382,1.00,1.00
2015.11.30 17:00:57.150,0.74359,0.7438,1.75,1.00
2015.11.30 17:00:57.693,0.7436,0.74382,1.75,1.37
2015.11.30 17:01:00.835,0.74361,0.74383,1.75,1.50
2015.11.30 17:01:01.137,0.74362,0.74386,2.25,1.50
2015.11.30 17:01:01.458,0.74365,0.74388,1.75,1.37
2015.11.30 17:01:01.853,0.74366,0.74387,1.75,1.00
2015.11.30 17:01:04.523,0.74366,0.74389,1.75,1.50
2015.11.30 17:01:06.783,0.74364,0.74388,1.75,1.37
2015.11.30 17:01:07.116,0.74365,0.74386,1.75,1.50
2015.11.30 17:01:08.885,0.74362,0.74384,3.00,1.00
2015.11.30 17:01:09.037,0.74362,0.74384,1.75,1.50
2015.11.30 17:01:15.218,0.74359,0.74382,3.00,1.50
2015.11.30 17:01:15.319,0.74359,0.74382,1.75,1.75
2015.11.30 17:01:20.445,0.74359,0.74382,1.75,1.75
2015.11.30 17:01:20.567,0.74359,0.74382,1.75,1.75
2015.11.30 17:01:28.606,0.74362,0.74381,1.00,1.50
2015.11.30 17:01:44.961,0.74361,0.74382,1.75,1.50
2015.11.30 17:01:45.511,0.74363,0.74382,1.00,1.50
2015.11.30 17:01:50.460,0.74363,0.7438,1.00,1.00
2015.11.30 17:01:53.469,0.74363,0.74382,1.00,1.00
2015.11.30 17:01:53.570,0.74363,0.7438,1.00,1.00
2015.11.30 17:01:53.671,0.74363,0.74382,1.00,1.50
2015.11.30 17:01:54.029,0.74363,0.7438,1.00,1.00
2015.11.30 17:01:54.639,0.74363,0.74381,1.00,1.00
2015.11.30 17:01:54.954,0.74358,0.7438,1.75,1.50
2015.11.30 17:01:58.812,0.74363,0.74384,1.50,1.50
2015.11.30 17:01:58.863,0.74363,0.74384,1.75,1.50
2015.11.30 17:02:03.488,0.74363,0.74384,1.75,1.37
2015.11.30 17:02:03.539,0.74363,0.74384,1.75,1.12
2015.11.30 17:02:03.640,0.74363,0.74384,2.25,1.00
2015.11.30 17:02:03.850,0.7437,0.74392,1.75,1.37
2015.11.30 17:02:04.077,0.7437,0.74392,1.50,1.75
2015.11.30 17:02:04.541,0.74367,0.74389,1.75,1.75
2015.11.30 17:02:05.119,0.74365,0.74387,1.75,2.25
2015.11.30 17:02:05.169,0.74365,0.74385,1.75,1.75
2015.11.30 17:02:05.220,0.7436,0.74381,1.75,1.00
2015.11.30 17:02:05.371,0.74359,0.7438,1.75,1.00
2015.11.30 17:02:05.573,0.74361,0.74382,1.75,1.00
2015.11.30 17:02:06.081,0.74364,0.74385,1.75,1.75
2015.11.30 17:02:06.963,0.74359,0.7438,3.00,1.00
2015.11.30 17:02:07.063,0.7436,0.7438,1.75,1.00
2015.11.30 17:02:07.593,0.74362,0.74383,1.75,1.75
2015.11.30 17:02:10.665,0.74361,0.74383,1.75,1.75
2015.11.30 17:02:11.225,0.74358,0.74379,1.75,1.12
2015.11.30 17:02:11.720,0.74359,0.74381,1.75,1.37
2015.11.30 17:02:11.770,0.74359,0.74381,3.00,1.00
2015.11.30 17:02:11.821,0.74361,0.74383,1.75,1.12
2015.11.30 17:02:12.080,0.74361,0.74383,1.75,1.75
2015.11.30 17:02:13.356,0.74361,0.74383,1.75,1.12
2015.11.30 17:02:15.225,0.74363,0.74385,1.75,1.37
2015.11.30 17:02:15.276,0.74363,0.74385,1.75,1.12
2015.11.30 17:02:24.129,0.74366,0.7439,1.75,1.75
2015.11.30 17:02:24.179,0.74366,0.7439,1.75,1.75
2015.11.30 17:02:28.640,0.74364,0.74385,3.00,1.37
2015.11.30 17:02:28.691,0.74365,0.74384,1.00,1.00
2015.11.30 17:02:34.813,0.74365,0.74384,1.00,1.50
2015.11.30 17:02:44.350,0.74362,0.74385,1.75,2.25
2015.11.30 17:02:52.119,0.74364,0.74385,1.75,1.37
2015.11.30 17:02:52.561,0.74361,0.74383,1.75,1.12
2015.11.30 17:02:53.390,0.74361,0.74383,3.00,1.12
2015.11.30 17:02:53.642,0.74371,0.74388,1.00,1.00
2015.11.30 17:02:54.702,0.74371,0.74387,1.00,1.00
2015.11.30 17:02:55.213,0.74371,0.74388,1.00,1.00
2015.11.30 17:02:58.145,0.74365,0.74388,1.75,1.37
2015.11.30 17:02:58.245,0.74364,0.74385,1.75,1.00
2015.11.30 17:02:58.748,0.74369,0.74385,1.00,1.00
2015.11.30 17:02:59.504,0.74369,0.74386,1.00,1.00
2015.11.30 17:03:00.243,0.74369,0.74388,1.00,1.50
2015.11.30 17:03:01.697,0.74368,0.74389,1.75,1.50
2015.11.30 17:03:02.513,0.74371,0.74389,1.00,1.50
2015.11.30 17:03:03.499,0.74371,0.74388,1.00,1.00
2015.11.30 17:03:04.281,0.74371,0.74386,1.00,1.00
2015.11.30 17:03:04.951,0.74362,0.74386,3.00,1.12
2015.11.30 17:03:05.052,0.74362,0.74383,1.75,1.00
2015.11.30 17:03:05.252,0.74362,0.74385,1.75,1.12
2015.11.30 17:03:07.239,0.74368,0.74386,1.00,1.00
2015.11.30 17:03:11.786,0.74364,0.74385,1.75,1.37
2015.11.30 17:03:12.121,0.7436,0.74382,1.75,1.12
2015.11.30 17:03:12.222,0.74363,0.74382,1.00,1.50
2015.11.30 17:03:12.323,0.74363,0.7438,1.00,1.00
2015.11.30 17:03:20.108,0.74363,0.74381,1.00,1.00
2015.11.30 17:03:27.184,0.74363,0.7438,1.00,1.00
2015.11.30 17:03:31.562,0.74358,0.74378,1.75,1.00
2015.11.30 17:03:31.613,0.74361,0.74378,1.00,1.00
2015.11.30 17:03:31.663,0.74354,0.74373,1.75,1.00
2015.11.30 17:03:31.714,0.74358,0.74373,1.00,1.00
2015.11.30 17:03:32.143,0.74354,0.74375,1.75,1.00
2015.11.30 17:03:32.244,0.74354,0.74375,1.75,1.50
2015.11.30 17:03:32.374,0.74354,0.74372,1.75,1.00
2015.11.30 17:03:35.528,0.74354,0.74375,2.25,1.50
2015.11.30 17:03:38.210,0.74356,0.74376,1.50,1.37
2015.11.30 17:03:38.311,0.74359,0.74377,1.00,1.50
2015.11.30 17:03:38.808,0.74356,0.74377,1.75,1.50
2015.11.30 17:03:39.365,0.74359,0.74378,1.37,1.50
2015.11.30 17:03:39.670,0.74363,0.74381,1.50,1.00
2015.11.30 17:03:43.653,0.74364,0.74381,1.00,1.00
2015.11.30 17:03:50.039,0.74364,0.74386,2.25,1.75
2015.11.30 17:03:59.309,0.74368,0.74389,1.00,1.75
2015.11.30 17:03:59.960,0.74368,0.74389,1.12,1.75
2015.11.30 17:04:01.916,0.74368,0.74389,2.25,1.75
2015.11.30 17:04:02.418,0.74368,0.74389,2.25,1.75
2015.11.30 17:04:04.269,0.74369,0.74391,1.50,1.75
2015.11.30 17:04:20.989,0.74372,0.74394,1.00,1.75
2015.11.30 17:04:21.090,0.74375,0.74394,1.00,1.75
2015.11.30 17:04:21.191,0.74375,0.74394,1.75,1.50
2015.11.30 17:04:30.681,0.74378,0.744,1.37,2.25
2015.11.30 17:04:30.731,0.74379,0.74397,1.00,1.00
2015.11.30 17:04:31.243,0.7438,0.74397,1.00,1.00
2015.11.30 17:04:33.958,0.74379,0.74397,1.50,1.00
2015.11.30 17:04:41.092,0.7438,0.74397,1.00,1.00
2015.11.30 17:04:41.145,0.7438,0.74401,1.37,1.75
2015.11.30 17:04:41.753,0.7438,0.74401,2.25,1.75
2015.11.30 17:04:58.862,0.74381,0.74402,1.75,1.75
2015.11.30 17:05:01.943,0.74384,0.74402,1.12,1.50
2015.11.30 17:05:02.006,0.74384,0.74402,1.50,1.50
2015.11.30 17:05:02.057,0.74388,0.74401,1.00,1.00
2015.11.30 17:05:02.158,0.74389,0.74408,1.75,1.00
2015.11.30 17:05:02.695,0.74391,0.74411,1.50,1.75
2015.11.30 17:05:07.574,0.74388,0.74409,1.75,1.75
2015.11.30 17:05:12.299,0.74385,0.74408,1.75,1.50
2015.11.30 17:05:12.353,0.74382,0.74403,2.25,1.00
2015.11.30 17:05:12.876,0.74381,0.74404,1.75,1.75
2015.11.30 17:05:15.035,0.74384,0.74404,1.75,1.37
2015.11.30 17:05:15.136,0.74387,0.74406,1.00,1.50
2015.11.30 17:05:17.213,0.74387,0.74404,1.00,1.37
2015.11.30 17:05:17.519,0.74395,0.74414,1.00,1.75
2015.11.30 17:05:18.337,0.74392,0.74414,2.25,1.75
2015.11.30 17:05:18.858,0.74395,0.74414,1.00,1.75
2015.11.30 17:05:21.950,0.74393,0.74414,1.50,1.75
2015.11.30 17:05:22.489,0.74395,0.74414,1.00,1.75
2015.11.30 17:05:23.000,0.74392,0.74414,2.25,1.75
2015.11.30 17:05:23.552,0.74391,0.74414,1.75,1.75
2015.11.30 17:05:23.603,0.7439,0.74413,3.00,1.12
2015.11.30 17:05:27.531,0.74395,0.74413,1.37,1.00
2015.11.30 17:05:27.682,0.74395,0.74412,1.50,1.00
2015.11.30 17:05:28.219,0.74395,0.74413,1.12,1.75
2015.11.30 17:05:32.447,0.74395,0.74413,1.37,1.50
2015.11.30 17:05:32.649,0.744,0.74414,1.00,1.00
2015.11.30 17:05:32.750,0.74395,0.74416,1.75,1.50
2015.11.30 17:05:33.863,0.74396,0.74418,1.00,1.75
2015.11.30 17:05:35.269,0.74395,0.74412,1.50,1.00
2015.11.30 17:05:36.328,0.74395,0.74413,1.50,1.12
2015.11.30 17:05:36.769,0.74395,0.74413,1.50,1.00
2015.11.30 17:05:37.021,0.74397,0.74418,2.25,1.50
2015.11.30 17:05:40.638,0.744,0.74422,1.50,1.75
2015.11.30 17:05:40.688,0.744,0.74422,1.75,1.75
2015.11.30 17:05:42.379,0.74401,0.74421,1.75,1.00
2015.11.30 17:05:47.458,0.74399,0.7442,1.37,1.37
2015.11.30 17:05:47.508,0.74399,0.7442,1.00,1.75
2015.11.30 17:05:47.660,0.744,0.74421,1.37,1.75
2015.11.30 17:05:47.710,0.744,0.74421,1.50,1.75
2015.11.30 17:05:48.442,0.74402,0.74423,1.00,1.75
2015.11.30 17:05:49.048,0.74402,0.74423,1.37,1.75
2015.11.30 17:05:49.568,0.74402,0.74422,1.12,1.75
2015.11.30 17:05:52.071,0.74399,0.7442,2.25,1.75
2015.11.30 17:05:52.322,0.744,0.74421,1.75,1.50
2015.11.30 17:05:52.373,0.74403,0.74421,1.37,1.50
2015.11.30 17:05:52.675,0.74408,0.74428,1.75,1.50
2015.11.30 17:06:01.672,0.74408,0.74426,1.75,1.00
2015.11.30 17:06:03.718,0.74408,0.74429,1.75,1.75
2015.11.30 17:06:05.486,0.74404,0.74426,1.75,1.37
2015.11.30 17:06:05.537,0.74404,0.74425,1.50,1.50
2015.11.30 17:06:05.587,0.74404,0.74425,1.50,1.50
2015.11.30 17:06:06.254,0.74406,0.74427,1.00,2.25
2015.11.30 17:06:06.355,0.74406,0.74428,1.87,1.75
2015.11.30 17:06:09.003,0.74401,0.74424,1.75,1.75
2015.11.30 17:06:09.054,0.74401,0.74424,1.75,1.75
2015.11.30 17:06:10.107,0.74402,0.74425,1.50,1.75
2015.11.30 17:06:10.659,0.74402,0.74425,1.75,1.75
2015.11.30 17:06:16.654,0.74402,0.74424,1.50,1.75
2015.11.30 17:06:16.704,0.74401,0.7442,1.75,1.50
2015.11.30 17:06:27.029,0.74399,0.7442,1.12,1.75
2015.11.30 17:06:27.080,0.74398,0.74419,1.37,1.75
2015.11.30 17:06:27.396,0.74394,0.74415,2.25,1.75
2015.11.30 17:06:29.704,0.74394,0.74414,1.75,1.37
2015.11.30 17:06:30.118,0.74394,0.74414,1.75,1.00
2015.11.30 17:06:30.658,0.74394,0.74415,3.00,1.12
2015.11.30 17:06:30.758,0.74395,0.74415,1.75,1.50
2015.11.30 17:06:31.260,0.74392,0.74414,1.75,1.50
2015.11.30 17:06:42.684,0.7439,0.74411,1.75,1.12
2015.11.30 17:06:42.735,0.74389,0.74411,1.75,1.50
2015.11.30 17:06:42.785,0.74386,0.74405,2.25,1.00
2015.11.30 17:06:42.836,0.74385,0.74405,2.25,1.12
2015.11.30 17:06:46.784,0.74385,0.74406,2.25,1.37
2015.11.30 17:06:47.481,0.74385,0.74406,2.25,1.75
2015.11.30 17:06:50.626,0.7439,0.74407,1.00,1.75
2015.11.30 17:06:50.727,0.74385,0.74407,3.00,1.50
2015.11.30 17:06:55.386,0.74385,0.74407,3.00,1.50
2015.11.30 17:06:55.732,0.74386,0.74407,1.75,1.50
2015.11.30 17:06:56.378,0.7439,0.74406,1.00,1.12
2015.11.30 17:06:56.429,0.7439,0.7441,1.37,1.50
2015.11.30 17:06:56.480,0.7439,0.7441,2.25,1.50
2015.11.30 17:06:56.631,0.74394,0.74416,1.37,1.75
2015.11.30 17:06:56.682,0.74395,0.74414,1.00,1.00
2015.11.30 17:06:57.340,0.74395,0.74413,1.00,1.00
2015.11.30 17:06:57.542,0.74389,0.7441,3.00,1.12
2015.11.30 17:06:57.592,0.74389,0.7441,2.25,1.50
2015.11.30 17:06:57.643,0.74389,0.7441,1.87,1.75
2015.11.30 17:06:57.693,0.74389,0.74406,1.00,1.00
2015.11.30 17:06:58.230,0.74388,0.74405,1.00,1.00
2015.11.30 17:06:58.432,0.7439,0.74408,1.12,1.50
2015.11.30 17:06:58.738,0.7439,0.74411,3.00,1.00
2015.11.30 17:06:59.830,0.7439,0.7441,1.37,1.37
2015.11.30 17:06:59.880,0.7439,0.7441,1.37,1.75
2015.11.30 17:06:59.931,0.7439,0.74405,1.37,1.00
2015.11.30 17:07:00.082,0.74388,0.74408,1.75,1.37
2015.11.30 17:07:00.283,0.74391,0.74411,1.75,1.75
2015.11.30 17:07:00.485,0.74393,0.74412,1.75,1.00
2015.11.30 17:07:01.136,0.74393,0.74413,1.75,1.00
2015.11.30 17:07:01.696,0.74393,0.74415,2.25,1.50
2015.11.30 17:07:17.640,0.74395,0.74414,1.12,1.37
2015.11.30 17:07:18.122,0.74395,0.74414,1.37,1.50
2015.11.30 17:07:18.648,0.74395,0.74413,1.75,1.00
2015.11.30 17:07:20.630,0.74395,0.74414,1.75,1.12
2015.11.30 17:07:23.020,0.74396,0.74417,1.50,1.50
2015.11.30 17:07:23.070,0.744,0.74417,1.00,1.00
2015.11.30 17:07:23.747,0.74397,0.7442,2.25,1.75
2015.11.30 17:07:34.260,0.74396,0.74418,2.25,1.75
2015.11.30 17:07:37.799,0.74396,0.74418,2.25,1.75
2015.11.30 17:07:38.398,0.74397,0.74418,2.25,1.75
2015.11.30 17:07:49.573,0.74396,0.74418,2.25,1.75
2015.11.30 17:07:54.720,0.74396,0.74418,2.25,1.75
2015.11.30 17:07:55.256,0.74396,0.74418,2.25,1.75
2015.11.30 17:08:13.298,0.744,0.74417,1.37,1.00
2015.11.30 17:08:24.929,0.74399,0.7442,1.50,1.50
2015.11.30 17:08:25.281,0.74403,0.74422,1.00,1.50
2015.11.30 17:08:25.718,0.74403,0.74422,1.00,1.50
2015.11.30 17:08:32.026,0.74401,0.74419,1.00,1.37
2015.11.30 17:08:35.683,0.74398,0.74417,1.00,1.00
2015.11.30 17:08:35.737,0.74396,0.74418,2.25,1.50
2015.11.30 17:08:36.367,0.744,0.74418,1.00,1.50
2015.11.30 17:08:37.824,0.744,0.74417,1.00,1.00
2015.11.30 17:08:38.379,0.74396,0.74419,1.75,1.75
2015.11.30 17:08:48.858,0.74398,0.74419,1.50,1.75
2015.11.30 17:08:49.402,0.744,0.74421,1.50,1.75
2015.11.30 17:08:49.710,0.74401,0.74424,2.25,1.75
2015.11.30 17:08:49.814,0.74401,0.74424,2.25,1.75
2015.11.30 17:08:53.274,0.74403,0.74422,1.00,1.50
2015.11.30 17:08:56.076,0.744,0.74421,1.75,1.75
2015.11.30 17:08:56.627,0.74399,0.7442,2.25,1.75
2015.11.30 17:09:02.404,0.74399,0.74421,1.37,1.75
2015.11.30 17:09:02.706,0.74391,0.74412,1.75,1.37
2015.11.30 17:09:02.807,0.74394,0.74412,1.75,1.00
2015.11.30 17:09:03.092,0.74394,0.74414,1.50,1.75
2015.11.30 17:09:03.193,0.74394,0.74414,1.75,1.12
2015.11.30 17:09:04.221,0.74398,0.74416,1.12,1.50
2015.11.30 17:09:04.474,0.74401,0.74419,1.00,1.00
2015.11.30 17:09:06.575,0.74401,0.74417,1.00,1.00
2015.11.30 17:09:07.117,0.74401,0.74418,1.00,1.00
2015.11.30 17:09:07.766,0.74399,0.74418,1.50,1.50
2015.11.30 17:09:08.196,0.74396,0.74417,1.75,1.75
2015.11.30 17:09:08.297,0.74396,0.74414,1.00,1.00
2015.11.30 17:09:10.455,0.74395,0.74414,1.37,1.50
2015.11.30 17:09:10.505,0.74393,0.74414,2.25,1.75
2015.11.30 17:09:10.606,0.74387,0.74407,3.00,1.00
2015.11.30 17:09:10.707,0.74386,0.74407,2.25,1.50
2015.11.30 17:09:10.758,0.74386,0.74406,1.50,1.50
2015.11.30 17:09:10.809,0.74385,0.74406,1.75,1.75
2015.11.30 17:09:11.367,0.74388,0.74406,1.00,1.75
2015.11.30 17:09:11.518,0.74388,0.74406,1.00,1.00
2015.11.30 17:09:11.569,0.74388,0.74407,1.37,1.37
2015.11.30 17:09:11.720,0.7439,0.74409,1.75,1.12
2015.11.30 17:09:12.244,0.74391,0.74408,1.50,1.00
2015.11.30 17:09:12.939,0.7439,0.74408,1.37,1.37
2015.11.30 17:09:24.507,0.74387,0.74406,1.75,1.00
2015.11.30 17:09:24.558,0.74386,0.74405,1.00,1.75
2015.11.30 17:09:24.609,0.7438,0.744,1.75,1.00
2015.11.30 17:09:24.710,0.74378,0.74396,1.50,1.00
2015.11.30 17:09:25.058,0.74376,0.74395,1.75,1.50
2015.11.30 17:09:25.744,0.74376,0.74396,1.75,1.50
2015.11.30 17:09:25.845,0.74378,0.74398,1.75,1.12
2015.11.30 17:09:28.178,0.74382,0.74404,1.00,1.75
2015.11.30 17:09:28.279,0.74382,0.74405,2.25,1.75
2015.11.30 17:09:28.380,0.74382,0.74405,1.75,1.75
2015.11.30 17:09:28.682,0.74381,0.74403,1.50,1.75
2015.11.30 17:09:32.605,0.74381,0.74398,1.50,1.00
2015.11.30 17:09:32.706,0.74378,0.74398,1.12,1.75
2015.11.30 17:09:32.757,0.74376,0.74398,1.50,1.12
2015.11.30 17:09:32.864,0.74376,0.74395,1.00,1.00
2015.11.30 17:09:33.488,0.74376,0.74394,1.00,1.00
2015.11.30 17:09:33.539,0.74373,0.74394,1.50,1.00
2015.11.30 17:09:33.924,0.74373,0.74392,1.00,1.00
2015.11.30 17:09:37.273,0.74372,0.74392,1.00,1.00
2015.11.30 17:09:37.374,0.74369,0.74392,1.12,1.00
2015.11.30 17:09:37.475,0.74369,0.74389,1.00,1.00
2015.11.30 17:09:38.030,0.74369,0.7439,1.00,1.00
2015.11.30 17:09:38.372,0.74371,0.7439,1.00,1.00
2015.11.30 17:09:38.473,0.74371,0.74392,1.37,1.00
2015.11.30 17:09:39.018,0.74372,0.74393,1.50,1.00
2015.11.30 17:09:41.513,0.74373,0.74394,1.12,1.00
2015.11.30 17:09:44.247,0.74375,0.74394,1.00,1.00
2015.11.30 17:09:44.961,0.74375,0.74393,1.00,1.00
2015.11.30 17:09:46.831,0.74376,0.74394,1.00,1.00
2015.11.30 17:09:46.932,0.74376,0.74396,1.00,1.00
2015.11.30 17:09:47.521,0.74376,0.74397,1.00,1.00
2015.11.30 17:09:47.804,0.74374,0.74396,2.25,1.00
2015.11.30 17:09:47.905,0.74374,0.74396,1.12,1.37
2015.11.30 17:09:48.006,0.74367,0.74388,1.50,1.00
2015.11.30 17:09:48.258,0.74372,0.74389,1.00,1.00
2015.11.30 17:09:48.359,0.74373,0.74395,1.50,1.37
2015.11.30 17:09:48.410,0.74374,0.74395,1.37,1.12
2015.11.30 17:09:48.831,0.74374,0.74395,1.75,1.00
2015.11.30 17:09:49.333,0.74374,0.74394,1.75,1.00
2015.11.30 17:09:49.384,0.74374,0.74394,1.75,1.50
2015.11.30 17:09:49.683,0.74374,0.74394,1.75,1.00
2015.11.30 17:09:50.237,0.74374,0.74396,1.75,1.50
2015.11.30 17:09:50.777,0.74372,0.74395,1.75,1.37
2015.11.30 17:09:51.068,0.74372,0.74395,1.75,1.75
2015.11.30 17:09:51.573,0.74371,0.74394,2.25,1.50
2015.11.30 17:09:52.004,0.74369,0.74392,2.25,1.50
2015.11.30 17:09:52.317,0.74372,0.74395,1.75,1.75
2015.11.30 17:09:52.619,0.74372,0.74395,1.75,1.37
2015.11.30 17:09:52.921,0.74372,0.74395,1.75,1.75
2015.11.30 17:09:54.514,0.74373,0.74396,1.75,1.75
2015.11.30 17:09:54.816,0.74376,0.74398,1.75,1.75
2015.11.30 17:09:55.128,0.74372,0.74394,1.75,1.75
2015.11.30 17:09:57.486,0.74369,0.74391,1.75,1.37
2015.11.30 17:09:57.738,0.74365,0.74386,1.75,1.12
2015.11.30 17:09:57.839,0.74365,0.74386,1.75,1.50
2015.11.30 17:09:57.890,0.74367,0.74386,1.00,1.50
2015.11.30 17:09:57.991,0.74364,0.74385,1.75,1.12
2015.11.30 17:09:58.541,0.74367,0.74386,1.00,1.00
2015.11.30 17:10:00.383,0.74367,0.74388,1.50,1.75
2015.11.30 17:10:00.698,0.7437,0.74393,1.75,1.75
2015.11.30 17:10:00.999,0.74368,0.74389,1.00,1.75
2015.11.30 17:10:01.303,0.74369,0.7439,1.75,1.75
2015.11.30 17:10:02.789,0.74371,0.74392,1.37,1.75
2015.11.30 17:10:03.340,0.74371,0.74392,1.75,1.12
2015.11.30 17:10:08.932,0.74374,0.74397,1.75,1.75
2015.11.30 17:10:11.217,0.74378,0.74399,1.50,1.75
2015.11.30 17:10:11.469,0.74379,0.74403,1.75,1.75
2015.11.30 17:10:11.721,0.74378,0.74399,1.75,1.12
2015.11.30 17:10:12.036,0.7438,0.744,2.25,1.00
2015.11.30 17:10:12.098,0.74383,0.74405,1.75,1.75
2015.11.30 17:10:12.198,0.74383,0.74405,1.75,1.12
2015.11.30 17:10:12.350,0.74385,0.74407,1.75,1.50
2015.11.30 17:10:12.556,0.74386,0.74408,1.75,1.12
2015.11.30 17:10:12.849,0.74388,0.74411,1.75,1.12
2015.11.30 17:10:15.516,0.7439,0.74412,1.75,1.37
2015.11.30 17:10:16.054,0.74389,0.7441,1.75,1.12
2015.11.30 17:10:16.539,0.74389,0.7441,1.50,1.75
2015.11.30 17:10:16.844,0.74382,0.74405,1.75,1.37
2015.11.30 17:10:17.389,0.74382,0.74403,1.75,1.00
2015.11.30 17:10:18.403,0.74385,0.74406,1.50,1.50
2015.11.30 17:10:18.707,0.74388,0.7441,1.75,1.12
2015.11.30 17:10:19.519,0.74392,0.7441,1.00,1.37
2015.11.30 17:10:20.038,0.7439,0.74408,1.00,1.37
2015.11.30 17:10:20.600,0.74385,0.74406,1.75,1.00
2015.11.30 17:10:21.163,0.74386,0.74407,1.75,1.12
2015.11.30 17:10:22.589,0.74388,0.74411,1.75,1.75
2015.11.30 17:10:23.106,0.74384,0.74405,1.75,1.00
2015.11.30 17:10:23.157,0.74384,0.74405,1.75,1.50
2015.11.30 17:10:26.831,0.74382,0.74404,1.75,1.50
2015.11.30 17:10:27.149,0.74383,0.74404,1.75,1.12
2015.11.30 17:10:27.334,0.74385,0.74408,1.75,1.50
2015.11.30 17:10:27.922,0.74385,0.74406,2.25,1.00
2015.11.30 17:10:30.573,0.74385,0.74408,2.25,1.50
2015.11.30 17:10:31.243,0.74387,0.74408,1.75,1.50
2015.11.30 17:10:32.114,0.74385,0.74407,3.00,1.00
2015.11.30 17:10:32.215,0.74385,0.74405,1.75,1.12
2015.11.30 17:10:32.266,0.7438,0.74402,3.00,1.37
2015.11.30 17:10:32.317,0.7438,0.74402,1.75,1.75
2015.11.30 17:10:32.568,0.74375,0.74393,1.75,1.12
2015.11.30 17:10:32.897,0.74367,0.74389,1.75,1.50
2015.11.30 17:10:33.548,0.74368,0.7439,1.75,1.37
2015.11.30 17:10:33.699,0.74372,0.74391,1.00,2.25
2015.11.30 17:10:36.390,0.7437,0.74391,1.75,1.00
2015.11.30 17:10:37.296,0.74369,0.7439,3.75,1.00
2015.11.30 17:10:37.397,0.74373,0.7439,1.00,1.00
2015.11.30 17:10:37.549,0.74373,0.74388,1.00,1.00
2015.11.30 17:10:38.236,0.74367,0.74388,1.75,1.12
2015.11.30 17:10:38.616,0.74365,0.74386,3.00,1.00
2015.11.30 17:10:38.818,0.74365,0.74385,1.75,1.00
2015.11.30 17:10:39.352,0.74365,0.74386,1.75,1.87
2015.11.30 17:10:41.283,0.74369,0.74388,1.75,1.00
2015.11.30 17:10:41.384,0.74371,0.74393,1.75,1.00
2015.11.30 17:10:41.589,0.74373,0.74394,2.25,1.00
2015.11.30 17:10:42.275,0.74373,0.74395,3.00,1.00
2015.11.30 17:10:43.253,0.74374,0.74396,1.75,1.50
2015.11.30 17:10:45.905,0.74373,0.74395,3.00,1.00
2015.11.30 17:10:46.554,0.74375,0.74397,2.25,1.87
2015.11.30 17:10:46.605,0.74375,0.74397,3.75,1.00
2015.11.30 17:10:50.042,0.74376,0.74398,1.75,1.00
2015.11.30 17:10:52.178,0.74378,0.74401,1.75,2.25
2015.11.30 17:10:52.705,0.74378,0.74399,1.75,1.75
2015.11.30 17:10:54.208,0.74374,0.74397,1.75,1.75
2015.11.30 17:11:00.411,0.74372,0.74394,1.75,1.37
2015.11.30 17:11:00.462,0.74372,0.74394,1.75,1.75
2015.11.30 17:11:00.563,0.74373,0.74395,1.75,1.75
2015.11.30 17:11:00.990,0.74374,0.74396,1.75,1.50
2015.11.30 17:11:01.040,0.74374,0.74396,1.75,1.12
2015.11.30 17:11:03.105,0.74377,0.74397,1.75,1.00
2015.11.30 17:11:07.033,0.74377,0.74398,1.75,1.00
2015.11.30 17:11:07.202,0.74379,0.744,1.75,1.12
2015.11.30 17:11:07.714,0.74378,0.74399,1.75,1.00
2015.11.30 17:11:08.015,0.74375,0.74397,3.00,1.00
2015.11.30 17:11:08.066,0.74375,0.74397,1.75,1.00
2015.11.30 17:11:08.574,0.74375,0.74398,1.75,1.12
2015.11.30 17:11:15.123,0.74376,0.74397,1.75,1.00
2015.11.30 17:11:19.082,0.74378,0.74399,1.75,1.50
2015.11.30 17:11:19.234,0.7438,0.74399,3.00,1.00
2015.11.30 17:11:19.335,0.74382,0.74406,1.75,1.50
2015.11.30 17:11:21.970,0.74383,0.74404,1.75,1.00
2015.11.30 17:11:22.545,0.74385,0.74406,1.75,1.50
2015.11.30 17:11:27.812,0.74383,0.74406,1.75,1.37
2015.11.30 17:11:28.322,0.74383,0.74406,1.75,1.00
2015.11.30 17:11:29.245,0.74384,0.74405,1.75,1.00
2015.11.30 17:11:30.452,0.74385,0.74406,1.75,1.00
2015.11.30 17:11:39.247,0.74386,0.74407,1.75,1.12
2015.11.30 17:11:44.426,0.74385,0.74406,1.75,1.00
2015.11.30 17:11:44.728,0.74388,0.7441,1.75,1.12
2015.11.30 17:11:44.980,0.74388,0.7441,3.00,1.00
2015.11.30 17:11:48.503,0.74388,0.7441,1.75,1.12
2015.11.30 17:11:49.010,0.74388,0.74409,1.75,1.00
2015.11.30 17:11:53.287,0.74388,0.74409,1.75,1.87
2015.11.30 17:11:53.337,0.74387,0.74408,1.75,1.50
2015.11.30 17:11:53.388,0.74387,0.74407,1.50,1.37
2015.11.30 17:11:53.438,0.74387,0.74407,1.12,1.75
2015.11.30 17:11:53.546,0.74381,0.74402,1.75,1.00
2015.11.30 17:11:53.647,0.74381,0.74402,1.75,1.12
2015.11.30 17:11:54.492,0.74381,0.74402,1.75,1.00
2015.11.30 17:11:54.721,0.74381,0.74404,1.75,1.12
2015.11.30 17:11:55.111,0.74384,0.74405,1.75,1.12
2015.11.30 17:11:55.720,0.74382,0.74405,1.75,1.12
2015.11.30 17:11:55.821,0.74382,0.74403,1.75,1.00
2015.11.30 17:11:56.327,0.74383,0.74404,1.75,1.00
2015.11.30 17:11:57.471,0.74381,0.74403,3.00,1.00
2015.11.30 17:11:58.103,0.74381,0.74402,3.00,1.00
2015.11.30 17:12:02.201,0.74382,0.74405,1.75,1.12
2015.11.30 17:12:02.736,0.74383,0.74404,1.75,1.00
2015.11.30 17:12:03.412,0.74383,0.74406,1.75,1.50
2015.11.30 17:12:03.690,0.74383,0.74405,1.75,1.75
2015.11.30 17:12:03.791,0.74387,0.74405,1.00,1.00
2015.11.30 17:12:04.292,0.74386,0.74404,1.00,1.00
2015.11.30 17:12:09.846,0.74383,0.74405,1.75,1.75
2015.11.30 17:12:10.396,0.74382,0.74404,1.75,1.75
2015.11.30 17:12:12.537,0.74382,0.74404,1.75,1.37
2015.11.30 17:12:12.638,0.74383,0.74404,1.75,1.12
2015.11.30 17:12:12.916,0.74387,0.74408,1.75,1.50
2015.11.30 17:12:18.292,0.74384,0.74406,1.75,1.00
2015.11.30 17:12:18.444,0.74384,0.74406,1.75,1.50
2015.11.30 17:12:18.545,0.74389,0.74408,1.00,1.50
2015.11.30 17:12:18.746,0.74387,0.74409,1.75,1.12
2015.11.30 17:12:19.557,0.74387,0.74409,1.75,1.50
2015.11.30 17:12:19.706,0.74386,0.74408,1.75,1.50
2015.11.30 17:12:20.153,0.74388,0.7441,1.75,1.50
2015.11.30 17:12:20.254,0.74388,0.7441,1.75,1.50
2015.11.30 17:12:20.451,0.7439,0.74408,1.00,1.00
2015.11.30 17:12:22.082,0.74387,0.74408,1.50,1.37
2015.11.30 17:12:22.133,0.74384,0.74405,1.75,1.12
2015.11.30 17:12:22.465,0.74385,0.74406,1.75,1.75
2015.11.30 17:12:24.018,0.74382,0.74403,1.75,1.00
2015.11.30 17:12:24.281,0.7438,0.74402,2.25,1.50
2015.11.30 17:12:24.382,0.74382,0.74404,1.75,1.50
2015.11.30 17:12:24.716,0.74384,0.74406,1.75,1.50
2015.11.30 17:12:25.383,0.74385,0.74406,1.75,1.00
2015.11.30 17:12:25.960,0.74385,0.74406,1.75,1.50
2015.11.30 17:12:26.474,0.74383,0.74404,1.75,1.00
2015.11.30 17:12:27.443,0.74383,0.74404,1.75,1.37
2015.11.30 17:12:28.054,0.74382,0.74404,1.75,1.50
2015.11.30 17:12:29.148,0.74383,0.74404,1.75,1.12
2015.11.30 17:12:29.574,0.74385,0.74407,1.75,1.12
2015.11.30 17:12:32.560,0.74384,0.74405,1.75,1.00
2015.11.30 17:12:33.331,0.74384,0.74407,1.75,1.12
2015.11.30 17:12:33.661,0.74384,0.74405,1.75,1.00
2015.11.30 17:12:34.375,0.74384,0.74405,1.75,1.12
2015.11.30 17:12:35.239,0.7439,0.74411,1.00,1.75
2015.11.30 17:12:35.289,0.7439,0.74411,1.75,1.75
2015.11.30 17:12:36.677,0.74386,0.74408,1.75,1.37
2015.11.30 17:12:36.778,0.74385,0.74407,1.75,1.75
2015.11.30 17:12:37.482,0.74384,0.74405,1.75,1.75
2015.11.30 17:12:37.683,0.74379,0.74403,1.75,1.50
2015.11.30 17:12:37.784,0.74379,0.74403,1.75,1.75
2015.11.30 17:12:53.288,0.74381,0.74401,1.75,1.00
2015.11.30 17:12:54.590,0.74381,0.74402,1.75,1.50
2015.11.30 17:12:55.154,0.74381,0.74402,1.50,1.75
2015.11.30 17:12:59.515,0.7438,0.74402,1.75,1.50
2015.11.30 17:12:59.940,0.7438,0.74402,1.75,1.12
2015.11.30 17:13:00.092,0.74386,0.74405,1.00,1.00
2015.11.30 17:13:00.143,0.74385,0.74406,1.75,1.50
2015.11.30 17:13:00.469,0.74385,0.74405,1.75,1.75
2015.11.30 17:13:00.813,0.74384,0.74406,1.75,1.12
2015.11.30 17:13:04.912,0.74385,0.74409,2.25,1.75
2015.11.30 17:13:05.433,0.74385,0.74409,2.25,1.37
2015.11.30 17:13:05.969,0.74386,0.74408,1.75,1.75
2015.11.30 17:13:06.070,0.74386,0.74407,1.75,1.75
2015.11.30 17:13:06.322,0.74385,0.74408,1.75,1.50
2015.11.30 17:13:06.624,0.74385,0.74405,2.25,1.00
2015.11.30 17:13:06.675,0.7439,0.74412,1.75,2.25
2015.11.30 17:13:06.726,0.7439,0.74412,1.75,1.75
2015.11.30 17:13:08.841,0.74391,0.74413,1.75,1.50
2015.11.30 17:13:09.003,0.74393,0.74414,1.75,1.12
2015.11.30 17:13:09.053,0.74394,0.74414,2.25,1.00
2015.11.30 17:13:09.104,0.74397,0.74418,1.75,1.37
2015.11.30 17:13:10.761,0.74395,0.74417,1.75,1.50
2015.11.30 17:13:10.839,0.74398,0.74416,1.00,1.00
2015.11.30 17:13:14.182,0.74398,0.74415,1.00,1.00
2015.11.30 17:13:14.656,0.74393,0.74414,1.75,1.50
2015.11.30 17:13:15.071,0.74396,0.74417,1.75,1.75
2015.11.30 17:13:18.388,0.74394,0.74417,1.75,1.12
2015.11.30 17:13:18.692,0.74394,0.74417,1.75,1.75
2015.11.30 17:13:19.280,0.74395,0.74416,1.75,1.75
2015.11.30 17:13:21.367,0.74393,0.74416,1.75,1.37
2015.11.30 17:13:21.468,0.74395,0.74417,1.75,1.12
2015.11.30 17:13:21.991,0.74398,0.74416,1.00,1.00
2015.11.30 17:13:23.253,0.74395,0.74416,1.75,1.12
2015.11.30 17:13:23.919,0.74395,0.74418,1.75,1.50
2015.11.30 17:13:27.505,0.74396,0.74418,2.25,1.00
2015.11.30 17:13:28.016,0.74399,0.74422,1.75,1.75
2015.11.30 17:13:28.870,0.74397,0.74419,1.75,1.50
2015.11.30 17:13:28.920,0.74397,0.74419,1.75,1.75
2015.11.30 17:13:29.995,0.74397,0.74418,1.75,1.12
2015.11.30 17:13:31.772,0.74395,0.74416,2.25,1.12
2015.11.30 17:13:31.823,0.74395,0.74416,2.25,1.50
2015.11.30 17:13:32.999,0.74397,0.74418,1.75,1.12
2015.11.30 17:13:33.518,0.74402,0.74421,1.00,1.00
2015.11.30 17:13:36.862,0.74402,0.74419,1.00,1.00
2015.11.30 17:13:39.753,0.74402,0.74418,1.00,1.00
2015.11.30 17:13:40.285,0.74396,0.74419,1.75,1.37
2015.11.30 17:13:43.334,0.74395,0.74418,1.75,1.75
2015.11.30 17:13:52.722,0.7439,0.74411,2.25,1.00
2015.11.30 17:13:53.329,0.74391,0.74414,1.75,1.75
2015.11.30 17:13:54.763,0.74389,0.74412,1.75,1.50
2015.11.30 17:13:56.429,0.74389,0.7441,1.75,1.00
2015.11.30 17:13:57.142,0.74389,0.7441,3.00,1.00
2015.11.30 17:13:57.350,0.74391,0.74412,1.75,1.00
2015.11.30 17:14:01.308,0.7439,0.74411,1.75,1.00
2015.11.30 17:14:02.809,0.74389,0.74408,2.25,1.00
2015.11.30 17:14:02.982,0.74387,0.74408,1.75,1.00
2015.11.30 17:14:06.922,0.74385,0.74409,3.75,1.00
2015.11.30 17:14:08.781,0.74386,0.74408,1.75,1.00
2015.11.30 17:14:13.149,0.74386,0.74407,1.75,1.00
2015.11.30 17:14:15.399,0.74387,0.74408,1.75,1.00
2015.11.30 17:14:17.001,0.7439,0.74408,1.00,1.00
2015.11.30 17:14:19.047,0.74387,0.74408,1.75,1.00
2015.11.30 17:14:19.426,0.74391,0.74412,1.75,1.50
2015.11.30 17:14:19.477,0.74391,0.74412,1.75,1.00
2015.11.30 17:14:20.175,0.74392,0.74415,1.75,1.75
2015.11.30 17:14:21.754,0.74392,0.74413,1.75,1.50
2015.11.30 17:14:22.528,0.7439,0.74412,1.75,1.50
2015.11.30 17:14:24.479,0.7439,0.7441,1.75,1.00
2015.11.30 17:14:24.731,0.74388,0.74409,1.75,1.00
2015.11.30 17:14:25.061,0.74388,0.74409,1.75,1.00
2015.11.30 17:14:25.830,0.74388,0.74409,1.75,1.00
2015.11.30 17:14:30.243,0.74387,0.74408,3.00,1.00
2015.11.30 17:14:30.344,0.74387,0.74408,1.75,1.00
2015.11.30 17:14:32.553,0.7439,0.74412,1.50,1.75
2015.11.30 17:14:32.728,0.7439,0.74412,1.75,1.12
2015.11.30 17:14:35.626,0.74388,0.74409,1.75,1.00
2015.11.30 17:14:36.134,0.74387,0.7441,1.75,1.12
2015.11.30 17:14:39.894,0.74392,0.74413,1.75,1.50
2015.11.30 17:14:39.945,0.74392,0.74413,1.75,1.50
2015.11.30 17:14:41.230,0.74391,0.74412,1.75,1.75
2015.11.30 17:14:41.330,0.7439,0.74411,1.50,1.50
2015.11.30 17:14:41.910,0.7439,0.74412,1.75,1.37
2015.11.30 17:14:41.961,0.7439,0.74412,1.75,1.12
2015.11.30 17:14:42.112,0.74393,0.74414,1.75,1.12
2015.11.30 17:14:42.556,0.74391,0.74412,1.75,1.00
2015.11.30 17:14:42.709,0.74391,0.74412,1.75,1.00
2015.11.30 17:14:46.522,0.74388,0.74412,1.75,1.37
2015.11.30 17:14:46.623,0.74387,0.74408,1.75,1.00
2015.11.30 17:14:46.674,0.74387,0.74408,1.75,1.12
2015.11.30 17:14:48.589,0.74389,0.74411,2.25,1.37
2015.11.30 17:14:48.951,0.74392,0.74414,1.75,1.00
2015.11.30 17:14:50.695,0.74395,0.74415,1.75,1.12
2015.11.30 17:14:50.914,0.74403,0.7442,1.00,1.00
2015.11.30 17:14:51.800,0.74396,0.74418,1.75,1.00
2015.11.30 17:14:52.079,0.74395,0.74418,2.25,1.50
2015.11.30 17:14:52.354,0.74395,0.74414,1.75,1.00
2015.11.30 17:14:52.987,0.74394,0.74416,1.75,1.00
2015.11.30 17:14:53.676,0.74392,0.74415,3.75,1.00
2015.11.30 17:14:57.368,0.74394,0.74417,1.75,1.12
2015.11.30 17:14:57.469,0.74395,0.74417,3.00,1.00
2015.11.30 17:14:57.811,0.744,0.74419,1.75,1.00
2015.11.30 17:14:58.364,0.744,0.74421,1.75,1.00
2015.11.30 17:14:58.718,0.74398,0.74419,1.75,1.00
2015.11.30 17:14:59.367,0.74399,0.74421,1.75,1.00
2015.11.30 17:14:59.582,0.744,0.7442,1.75,1.00
2015.11.30 17:15:00.329,0.744,0.74421,1.75,1.00
2015.11.30 17:15:02.909,0.744,0.74422,1.75,1.00
2015.11.30 17:15:03.110,0.74405,0.74426,2.25,1.50
2015.11.30 17:15:03.231,0.74405,0.74426,2.25,1.00
2015.11.30 17:15:05.667,0.74404,0.74425,1.75,1.12
2015.11.30 17:15:05.718,0.74404,0.74425,1.75,1.50
2015.11.30 17:15:05.769,0.74404,0.74424,1.37,1.50
2015.11.30 17:15:05.819,0.74404,0.74421,1.00,1.00
2015.11.30 17:15:05.870,0.74403,0.74419,1.00,1.00
2015.11.30 17:15:06.857,0.74403,0.74418,1.00,1.00
2015.11.30 17:15:07.421,0.74397,0.74418,1.75,1.00
2015.11.30 17:15:08.631,0.74395,0.74417,3.75,1.00
2015.11.30 17:15:08.732,0.74395,0.74417,2.25,1.12
2015.11.30 17:15:08.837,0.74394,0.74415,1.75,1.00
2015.11.30 17:15:08.938,0.74394,0.74418,1.75,1.50
2015.11.30 17:15:11.276,0.74394,0.74418,1.75,1.75
2015.11.30 17:15:11.576,0.74393,0.74415,1.75,2.25
2015.11.30 17:15:11.627,0.74393,0.74412,1.75,1.00
2015.11.30 17:15:11.678,0.74389,0.74405,1.87,1.00
2015.11.30 17:15:11.728,0.74387,0.74405,1.00,1.00
2015.11.30 17:15:12.095,0.74385,0.74405,1.75,1.00
2015.11.30 17:15:12.609,0.74385,0.74405,1.75,1.00
2015.11.30 17:15:12.710,0.74386,0.74407,1.75,1.00
2015.11.30 17:15:13.040,0.74387,0.74408,1.75,1.00
2015.11.30 17:15:13.347,0.74389,0.7441,1.75,1.12
2015.11.30 17:15:15.746,0.7439,0.74408,1.50,1.00
2015.11.30 17:15:16.061,0.74383,0.74404,1.75,1.50
2015.11.30 17:15:16.583,0.74381,0.74402,1.75,1.00
2015.11.30 17:15:16.834,0.7438,0.74403,1.75,1.50
2015.11.30 17:15:17.378,0.7438,0.74401,2.25,1.12
2015.11.30 17:15:17.428,0.7438,0.74399,1.75,1.00
2015.11.30 17:15:17.978,0.7438,0.744,1.75,1.12
2015.11.30 17:15:18.280,0.74381,0.74402,1.75,1.00
2015.11.30 17:15:18.591,0.74381,0.74402,1.75,1.00
2015.11.30 17:15:18.951,0.74384,0.74404,1.75,1.12
2015.11.30 17:15:19.481,0.74384,0.74403,1.75,1.00
2015.11.30 17:15:19.633,0.7439,0.74406,1.12,1.12
2015.11.30 17:15:19.684,0.7439,0.74406,1.50,1.12
2015.11.30 17:15:19.734,0.7439,0.74411,2.25,1.75
2015.11.30 17:15:19.948,0.74394,0.74413,1.00,1.50
2015.11.30 17:15:19.998,0.74392,0.74413,1.75,1.12
2015.11.30 17:15:20.406,0.74396,0.74408,1.00,1.00
2015.11.30 17:15:20.557,0.74385,0.74403,1.50,1.12
2015.11.30 17:15:22.230,0.74385,0.74402,1.50,1.00
2015.11.30 17:15:24.319,0.74385,0.74404,1.50,1.37
2015.11.30 17:15:32.224,0.74385,0.74405,2.25,1.00
2015.11.30 17:15:34.760,0.74386,0.74408,3.75,1.37
2015.11.30 17:15:34.810,0.74391,0.74412,1.50,1.75
2015.11.30 17:15:34.861,0.74391,0.74411,1.50,1.00
2015.11.30 17:15:38.423,0.7439,0.7441,1.75,1.00
2015.11.30 17:15:39.105,0.7439,0.74411,1.75,1.12
2015.11.30 17:15:41.618,0.74388,0.74409,3.00,1.00
2015.11.30 17:15:41.718,0.7439,0.74409,1.50,1.50
2015.11.30 17:15:41.769,0.7439,0.74409,1.50,1.12
2015.11.30 17:15:42.306,0.7439,0.7441,1.75,1.12
2015.11.30 17:15:44.860,0.7439,0.74411,1.75,1.00
2015.11.30 17:15:45.659,0.74389,0.74412,3.00,1.00
2015.11.30 17:15:46.190,0.7439,0.74412,1.75,1.75
2015.11.30 17:15:46.833,0.7439,0.74409,1.75,1.00
2015.11.30 17:15:49.118,0.7439,0.7441,1.75,1.12
2015.11.30 17:15:51.309,0.7439,0.74409,1.75,1.00
2015.11.30 17:15:52.830,0.74387,0.74408,1.75,1.00
2015.11.30 17:15:52.931,0.74385,0.74403,1.75,1.00
2015.11.30 17:15:53.082,0.74385,0.74403,1.75,1.00
2015.11.30 17:15:53.630,0.74385,0.74402,1.75,1.00
2015.11.30 17:15:54.059,0.74385,0.74403,1.75,1.00
2015.11.30 17:15:54.160,0.74386,0.74405,1.75,1.12
2015.11.30 17:15:54.262,0.74392,0.74414,1.00,1.75
2015.11.30 17:15:54.363,0.74392,0.74414,1.75,1.75
2015.11.30 17:15:54.464,0.74392,0.74414,1.75,1.12
2015.11.30 17:15:55.036,0.74391,0.74413,3.00,1.00
2015.11.30 17:15:55.087,0.74391,0.74413,1.75,1.37
2015.11.30 17:15:55.187,0.74393,0.74411,1.00,1.00
2015.11.30 17:15:55.366,0.74395,0.74413,1.00,1.00
2015.11.30 17:15:55.668,0.74397,0.74415,1.00,1.00
2015.11.30 17:15:58.960,0.74394,0.74415,1.75,1.37
2015.11.30 17:15:59.306,0.7439,0.74409,1.75,1.12
2015.11.30 17:16:00.625,0.74386,0.74407,1.75,1.00
2015.11.30 17:16:00.676,0.74386,0.74407,1.75,1.12
2015.11.30 17:16:00.949,0.74384,0.74405,2.25,1.00
2015.11.30 17:16:01.944,0.74384,0.74404,1.75,1.00
2015.11.30 17:16:06.669,0.74385,0.74407,1.75,1.12
2015.11.30 17:16:08.445,0.74385,0.74406,2.25,1.00
2015.11.30 17:16:09.091,0.74385,0.74408,1.75,1.50
2015.11.30 17:16:12.058,0.74385,0.74406,1.75,1.00
2015.11.30 17:16:12.600,0.74387,0.74409,1.75,1.75
2015.11.30 17:16:14.439,0.74386,0.74407,1.75,1.00
2015.11.30 17:16:14.615,0.74385,0.74404,1.75,1.00
2015.11.30 17:16:14.816,0.74385,0.74406,2.25,1.12
2015.11.30 17:16:15.324,0.74389,0.74409,1.75,1.50
2015.11.30 17:16:17.045,0.74385,0.74406,2.25,1.00
2015.11.30 17:16:17.575,0.74385,0.74405,1.75,1.00
2015.11.30 17:16:18.229,0.74388,0.74405,1.00,1.00
2015.11.30 17:16:25.588,0.74388,0.74406,1.00,1.00
2015.11.30 17:16:26.225,0.74385,0.74406,1.75,1.87
2015.11.30 17:16:26.326,0.74385,0.74405,1.75,1.12
2015.11.30 17:16:39.709,0.74385,0.74404,1.75,1.00
2015.11.30 17:16:40.166,0.74385,0.74402,1.75,1.00
2015.11.30 17:16:40.267,0.74385,0.744,1.00,1.00
2015.11.30 17:16:40.519,0.74381,0.74402,1.75,1.12
2015.11.30 17:16:40.620,0.74379,0.744,1.75,1.00
2015.11.30 17:16:40.721,0.74379,0.744,1.75,1.50
2015.11.30 17:16:41.948,0.74377,0.74398,1.75,1.00
2015.11.30 17:16:42.470,0.7438,0.744,1.75,1.50
2015.11.30 17:16:49.964,0.74376,0.74398,1.75,1.00
2015.11.30 17:16:50.072,0.74376,0.74398,1.75,1.12
2015.11.30 17:16:52.072,0.74382,0.74399,1.00,1.00
2015.11.30 17:16:52.752,0.74377,0.74399,1.75,1.50
2015.11.30 17:17:01.816,0.74375,0.74398,2.25,1.75
2015.11.30 17:17:02.169,0.74373,0.74392,2.25,1.00
2015.11.30 17:17:02.220,0.7437,0.74392,2.25,1.00
2015.11.30 17:17:02.527,0.74369,0.7439,1.75,1.00
2015.11.30 17:17:03.041,0.74368,0.74391,3.00,1.00
2015.11.30 17:17:05.118,0.7437,0.74392,1.75,1.12
2015.11.30 17:17:05.997,0.74369,0.74391,2.25,1.00
2015.11.30 17:17:08.869,0.7437,0.74392,2.25,1.12
2015.11.30 17:17:15.338,0.74373,0.74394,1.75,1.50
2015.11.30 17:17:15.490,0.7438,0.74399,1.75,1.50
2015.11.30 17:17:15.953,0.74376,0.74396,1.75,1.37
2015.11.30 17:17:16.003,0.74376,0.74396,1.50,1.75
2015.11.30 17:17:16.054,0.74375,0.74396,1.50,2.25
2015.11.30 17:17:16.633,0.74374,0.74395,1.50,1.75
2015.11.30 17:17:21.591,0.74373,0.74396,1.75,1.75
2015.11.30 17:17:22.235,0.74377,0.74398,1.00,1.75
2015.11.30 17:17:22.286,0.74379,0.74399,1.00,1.75
2015.11.30 17:17:22.488,0.7438,0.744,1.12,1.75
2015.11.30 17:17:22.538,0.7438,0.744,1.50,1.37
2015.11.30 17:17:22.589,0.7438,0.744,1.75,1.12
2015.11.30 17:17:26.362,0.7438,0.74401,2.25,1.50
2015.11.30 17:17:26.463,0.7438,0.74399,2.25,1.00
2015.11.30 17:17:27.120,0.74381,0.74404,1.37,2.25
2015.11.30 17:17:27.784,0.74381,0.74402,1.75,1.75
2015.11.30 17:17:39.324,0.7438,0.74401,1.12,1.75
2015.11.30 17:17:39.648,0.74374,0.74398,1.75,2.25
2015.11.30 17:17:43.091,0.74378,0.744,1.37,2.25
2015.11.30 17:17:43.141,0.74378,0.744,1.75,1.75
2015.11.30 17:17:43.255,0.74383,0.744,1.00,1.00
2015.11.30 17:17:43.305,0.74383,0.74402,1.00,1.00
2015.11.30 17:17:43.900,0.74383,0.74402,1.00,1.50
2015.11.30 17:17:44.152,0.74371,0.74393,1.75,1.50
2015.11.30 17:17:44.351,0.74376,0.74395,1.00,1.50
2015.11.30 17:17:47.026,0.74376,0.74394,1.00,1.00
2015.11.30 17:17:48.465,0.74371,0.74393,1.75,1.50
2015.11.30 17:17:48.667,0.74371,0.74393,1.75,1.75
2015.11.30 17:17:50.728,0.74371,0.74392,1.75,1.50
2015.11.30 17:17:51.747,0.74375,0.74396,1.50,1.75
2015.11.30 17:17:51.798,0.74375,0.74396,1.75,1.37
2015.11.30 17:18:02.062,0.74372,0.74395,1.75,1.75
2015.11.30 17:18:24.950,0.74375,0.74393,1.00,1.00
2015.11.30 17:18:30.177,0.74375,0.74392,1.00,1.00
2015.11.30 17:18:33.270,0.74371,0.74392,1.75,1.12
2015.11.30 17:18:33.634,0.7437,0.74391,1.37,1.87
2015.11.30 17:18:33.684,0.7437,0.74389,1.12,1.75
2015.11.30 17:18:33.785,0.7437,0.74389,1.37,1.37
2015.11.30 17:18:34.586,0.74373,0.74395,1.00,3.75
2015.11.30 17:18:34.687,0.74376,0.74398,1.50,2.25
2015.11.30 17:18:37.828,0.74376,0.74398,1.75,1.75
2015.11.30 17:18:37.879,0.74376,0.74398,1.75,1.75
2015.11.30 17:18:38.394,0.7438,0.744,1.00,2.25
2015.11.30 17:18:43.710,0.7438,0.74402,1.50,1.75
2015.11.30 17:18:43.762,0.7438,0.74402,1.75,1.75
2015.11.30 17:18:43.812,0.7438,0.74402,1.75,1.75
2015.11.30 17:18:46.931,0.7438,0.744,1.75,1.50
2015.11.30 17:18:51.096,0.74383,0.744,1.00,1.00
2015.11.30 17:18:51.197,0.74385,0.74403,1.00,1.50
2015.11.30 17:18:52.026,0.74387,0.74405,1.00,1.00
2015.11.30 17:18:52.382,0.7439,0.74408,1.37,1.00
2015.11.30 17:18:52.433,0.7439,0.7441,1.12,1.75
2015.11.30 17:18:52.534,0.7439,0.74409,1.00,1.75
2015.11.30 17:18:52.697,0.74385,0.74409,2.25,1.75
2015.11.30 17:18:55.729,0.7439,0.74406,1.00,1.50
2015.11.30 17:18:55.849,0.7439,0.7441,1.00,2.25
2015.11.30 17:18:56.101,0.7439,0.74405,1.75,1.00
2015.11.30 17:18:56.202,0.7439,0.74405,1.00,1.50
2015.11.30 17:18:56.303,0.74384,0.74404,1.75,1.12
2015.11.30 17:18:56.404,0.74381,0.74403,1.75,1.75
2015.11.30 17:18:56.712,0.74381,0.74403,1.75,1.75
2015.11.30 17:18:57.226,0.74385,0.74403,1.00,1.75
2015.11.30 17:18:57.343,0.74385,0.74405,1.12,1.75
2015.11.30 17:18:57.444,0.74387,0.74408,1.12,1.75
2015.11.30 17:19:01.306,0.7439,0.74407,1.00,1.75
2015.11.30 17:19:02.176,0.74386,0.74408,1.50,1.75
2015.11.30 17:19:02.553,0.74383,0.74405,1.75,1.75
2015.11.30 17:19:05.506,0.74385,0.74405,1.50,1.75
2015.11.30 17:19:06.015,0.74385,0.74405,1.75,1.75
2015.11.30 17:19:15.164,0.74385,0.74407,1.12,1.75
2015.11.30 17:19:18.014,0.74387,0.74408,1.00,1.75
2015.11.30 17:19:20.095,0.74385,0.74406,1.12,1.75
2015.11.30 17:19:22.161,0.74383,0.74401,1.12,1.75
2015.11.30 17:19:22.464,0.74371,0.74395,1.75,1.75
2015.11.30 17:19:24.355,0.74371,0.74395,1.75,1.75
2015.11.30 17:19:27.055,0.74369,0.74391,2.25,1.75
2015.11.30 17:19:27.365,0.74365,0.74386,1.75,1.75
2015.11.30 17:19:28.155,0.7437,0.74389,1.00,1.75
2015.11.30 17:19:28.256,0.74373,0.74389,1.00,1.00
2015.11.30 17:19:28.357,0.74373,0.74392,1.00,1.00
2015.11.30 17:19:28.458,0.74372,0.74394,1.12,1.75
2015.11.30 17:19:29.473,0.74373,0.74392,1.00,1.00
2015.11.30 17:19:30.023,0.74373,0.74391,1.00,1.00
2015.11.30 17:19:30.074,0.74371,0.7439,1.00,1.50
2015.11.30 17:19:30.377,0.74369,0.74391,1.87,1.75
2015.11.30 17:19:30.478,0.7437,0.74394,1.75,1.75
2015.11.30 17:19:31.493,0.74372,0.74391,1.00,1.50
2015.11.30 17:19:31.594,0.74368,0.74389,1.50,1.75
2015.11.30 17:19:31.796,0.74365,0.74386,2.25,1.50
2015.11.30 17:19:31.897,0.74365,0.74387,1.75,1.75
2015.11.30 17:19:32.054,0.74365,0.74387,2.25,1.75
2015.11.30 17:19:32.205,0.74366,0.74387,1.75,1.37
2015.11.30 17:19:32.379,0.74366,0.74387,1.50,1.75
2015.11.30 17:19:33.295,0.74368,0.7439,1.00,2.25
2015.11.30 17:19:33.396,0.74368,0.7439,1.75,1.75
2015.11.30 17:19:33.724,0.7437,0.74392,1.75,2.25
2015.11.30 17:19:34.304,0.74374,0.74394,1.00,1.75
2015.11.30 17:19:34.527,0.74373,0.74395,1.50,1.75
2015.11.30 17:19:36.633,0.74367,0.74389,1.75,1.00
2015.11.30 17:19:36.885,0.74369,0.74391,1.75,1.50
2015.11.30 17:19:36.936,0.74369,0.74391,1.50,1.75
2015.11.30 17:19:36.987,0.74369,0.74391,1.50,1.75
2015.11.30 17:19:37.037,0.74372,0.7439,1.00,1.00
2015.11.30 17:19:41.116,0.74373,0.7439,1.00,1.00
2015.11.30 17:19:41.166,0.74375,0.7439,1.00,1.00
2015.11.30 17:19:41.326,0.74379,0.74399,1.00,1.75
2015.11.30 17:19:42.548,0.74379,0.744,1.50,1.75
2015.11.30 17:19:42.951,0.7438,0.74398,1.00,1.00
2015.11.30 17:19:43.103,0.74382,0.74399,1.00,1.00
2015.11.30 17:19:43.405,0.74383,0.74404,1.50,2.25
2015.11.30 17:19:44.980,0.74383,0.74405,1.12,2.25
2015.11.30 17:19:45.432,0.74381,0.74398,1.00,1.00
2015.11.30 17:19:45.483,0.74381,0.74401,1.00,1.75
2015.11.30 17:19:45.534,0.74377,0.74395,1.00,1.00
2015.11.30 17:19:45.584,0.74377,0.74397,1.00,3.00
2015.11.30 17:19:45.635,0.74373,0.74394,1.12,1.75
2015.11.30 17:19:47.407,0.74374,0.74396,1.37,1.75
2015.11.30 17:19:47.458,0.74374,0.74396,1.75,1.75
2015.11.30 17:19:55.757,0.74379,0.744,1.00,3.75
2015.11.30 17:19:55.808,0.74379,0.744,1.12,2.25
2015.11.30 17:20:13.327,0.74378,0.744,1.12,1.75
2015.11.30 17:20:16.414,0.74374,0.74398,1.75,1.75
2015.11.30 17:20:16.465,0.74374,0.74398,1.75,2.25
2015.11.30 17:20:16.616,0.74372,0.74394,1.37,1.75
2015.11.30 17:20:16.667,0.74372,0.74394,1.12,1.75
2015.11.30 17:20:17.116,0.74369,0.74392,1.12,1.75
2015.11.30 17:20:17.318,0.74372,0.74394,1.00,2.25
2015.11.30 17:20:17.469,0.74372,0.74391,1.50,1.00
2015.11.30 17:20:18.017,0.74373,0.74391,1.00,1.00
2015.11.30 17:20:19.609,0.74375,0.74397,1.00,1.75
2015.11.30 17:20:19.760,0.74377,0.74399,1.12,1.75
2015.11.30 17:20:20.625,0.74379,0.744,1.12,1.75
2015.11.30 17:20:20.676,0.7438,0.744,1.12,1.75
2015.11.30 17:20:20.726,0.74384,0.74404,1.00,2.25
2015.11.30 17:20:20.886,0.74384,0.74407,1.12,2.25
2015.11.30 17:20:21.426,0.74385,0.74408,1.87,1.75
2015.11.30 17:20:21.477,0.74387,0.74408,1.00,1.75
2015.11.30 17:20:22.007,0.74388,0.74409,1.00,2.25
2015.11.30 17:20:22.058,0.74388,0.7441,1.00,2.25
2015.11.30 17:20:23.052,0.74387,0.74409,1.12,1.75
2015.11.30 17:20:24.919,0.74386,0.74406,1.37,1.75
2015.11.30 17:20:25.121,0.74385,0.74403,1.00,1.75
2015.11.30 17:20:25.222,0.74382,0.74402,1.12,1.75
2015.11.30 17:20:25.758,0.74383,0.74402,1.00,1.75
2015.11.30 17:20:26.648,0.74384,0.74404,1.00,1.75
2015.11.30 17:20:26.855,0.74382,0.74402,1.12,1.75
2015.11.30 17:20:27.408,0.74382,0.74401,1.00,1.75
2015.11.30 17:20:27.767,0.74379,0.744,1.50,1.75
2015.11.30 17:20:28.070,0.74379,0.74399,1.00,1.75
2015.11.30 17:20:28.378,0.74381,0.744,1.12,1.75
2015.11.30 17:20:28.823,0.74379,0.74397,1.00,1.00
2015.11.30 17:20:29.259,0.74379,0.74398,1.00,1.75
2015.11.30 17:20:29.782,0.74378,0.74398,1.12,1.75
2015.11.30 17:20:31.699,0.74378,0.74396,1.37,1.00
2015.11.30 17:20:31.800,0.74378,0.74399,1.12,1.75
2015.11.30 17:20:32.400,0.74377,0.74398,1.00,1.75
2015.11.30 17:20:32.651,0.74378,0.74399,1.12,1.75
2015.11.30 17:20:33.296,0.74379,0.744,1.00,2.25
2015.11.30 17:20:35.565,0.74383,0.744,1.00,1.75
2015.11.30 17:20:35.716,0.74383,0.74403,1.50,1.75
2015.11.30 17:20:36.370,0.74385,0.74403,1.00,1.75
2015.11.30 17:20:39.820,0.74385,0.74408,1.37,1.75
2015.11.30 17:20:39.871,0.74392,0.74411,1.00,1.75
2015.11.30 17:20:39.972,0.74392,0.74413,1.12,1.75
2015.11.30 17:20:40.176,0.74387,0.7441,1.75,2.25
2015.11.30 17:20:40.378,0.74388,0.74408,1.00,1.50
2015.11.30 17:20:41.590,0.74387,0.74408,1.50,1.75
2015.11.30 17:20:41.954,0.74384,0.74406,1.50,1.75
2015.11.30 17:20:43.626,0.74385,0.74406,1.37,1.75
2015.11.30 17:20:44.145,0.74386,0.74408,1.75,1.75
2015.11.30 17:21:03.711,0.7439,0.74409,1.12,1.75
2015.11.30 17:21:04.402,0.7439,0.74409,1.12,1.75
2015.11.30 17:21:04.704,0.74388,0.74403,1.12,1.00
2015.11.30 17:21:05.216,0.74387,0.74404,1.00,1.50
2015.11.30 17:21:06.372,0.74388,0.74404,1.00,1.50
2015.11.30 17:21:06.423,0.74389,0.74409,1.12,1.75
2015.11.30 17:21:06.574,0.74388,0.74408,1.75,1.37
2015.11.30 17:21:06.625,0.74388,0.74408,1.75,1.12
2015.11.30 17:21:06.726,0.74388,0.74407,1.50,1.50
2015.11.30 17:21:07.562,0.74387,0.74405,1.75,1.00
2015.11.30 17:21:08.114,0.74387,0.74405,1.50,1.50
2015.11.30 17:21:10.922,0.74387,0.74405,1.75,1.00
2015.11.30 17:21:11.444,0.7439,0.74405,1.00,1.37
2015.11.30 17:21:11.945,0.7439,0.74406,1.00,1.00
2015.11.30 17:21:12.466,0.7439,0.74407,1.00,1.00
2015.11.30 17:21:15.155,0.7439,0.74406,1.00,1.00
2015.11.30 17:21:15.931,0.7439,0.74406,1.00,1.50
2015.11.30 17:21:16.218,0.74388,0.74406,1.00,1.50
2015.11.30 17:21:16.735,0.74388,0.74404,1.00,1.00
2015.11.30 17:21:17.242,0.74387,0.74404,1.12,1.00
2015.11.30 17:21:17.393,0.74387,0.74402,1.12,1.00
2015.11.30 17:21:17.943,0.74386,0.74402,1.00,1.37
2015.11.30 17:21:19.160,0.74386,0.74405,1.50,1.75
2015.11.30 17:21:23.065,0.74385,0.74401,1.75,1.00
2015.11.30 17:21:23.647,0.74384,0.74403,1.75,1.12
2015.11.30 17:21:23.748,0.74384,0.74403,1.50,1.37
2015.11.30 17:21:23.807,0.74384,0.74403,1.12,1.50
2015.11.30 17:21:23.958,0.7438,0.74398,2.25,1.00
2015.11.30 17:21:24.110,0.7438,0.74397,1.12,1.37
2015.11.30 17:21:24.312,0.74376,0.74392,1.75,1.00
2015.11.30 17:21:24.362,0.74376,0.74392,1.75,1.00
2015.11.30 17:21:24.614,0.74375,0.74392,1.37,1.12
2015.11.30 17:21:25.363,0.74375,0.74392,1.87,1.00
2015.11.30 17:21:25.464,0.74375,0.74392,1.00,1.37
2015.11.30 17:21:25.869,0.74372,0.74389,1.12,1.12
2015.11.30 17:21:27.073,0.74374,0.74388,1.00,1.00
2015.11.30 17:21:27.174,0.74372,0.74388,1.12,1.00
2015.11.30 17:21:27.685,0.7437,0.74386,1.37,1.00
2015.11.30 17:21:29.334,0.74369,0.74388,2.25,1.37
2015.11.30 17:21:29.636,0.7437,0.74393,1.75,1.75
2015.11.30 17:21:29.787,0.74369,0.74389,2.25,1.75
2015.11.30 17:21:29.988,0.74369,0.74388,2.25,1.00
2015.11.30 17:21:32.465,0.74375,0.74387,1.00,1.00
2015.11.30 17:21:33.254,0.74374,0.74387,1.00,1.00
2015.11.30 17:21:34.274,0.74374,0.7439,1.12,1.50
2015.11.30 17:21:34.325,0.74375,0.7439,1.00,1.12
2015.11.30 17:21:35.063,0.74375,0.74391,1.00,1.00
2015.11.30 17:21:36.883,0.74374,0.74391,1.50,1.00
2015.11.30 17:21:37.439,0.74375,0.74391,1.00,1.00
2015.11.30 17:21:37.966,0.74374,0.74392,1.00,1.00
2015.11.30 17:21:38.016,0.74372,0.74392,1.75,1.00
2015.11.30 17:21:38.581,0.74375,0.74394,1.75,1.50
2015.11.30 17:21:38.914,0.74375,0.74395,1.75,1.12
2015.11.30 17:21:39.414,0.7438,0.74397,1.37,1.50
2015.11.30 17:21:39.666,0.74385,0.74401,1.00,1.00
2015.11.30 17:21:44.198,0.74379,0.74399,1.75,1.00
2015.11.30 17:21:44.350,0.74378,0.74397,1.00,1.00
2015.11.30 17:21:44.400,0.74375,0.74399,1.75,1.75
2015.11.30 17:21:44.702,0.74375,0.74393,1.37,1.37
2015.11.30 17:21:44.753,0.74375,0.74393,1.75,1.00
2015.11.30 17:21:44.854,0.74375,0.7439,1.75,1.00
2015.11.30 17:21:44.955,0.74375,0.7439,1.00,1.50
2015.11.30 17:21:45.540,0.7437,0.74386,1.75,1.00
2015.11.30 17:21:45.641,0.7437,0.74385,1.50,1.00
2015.11.30 17:21:46.148,0.74369,0.74384,1.00,1.00
2015.11.30 17:21:46.668,0.7437,0.74384,1.00,1.12
2015.11.30 17:21:47.303,0.74374,0.74386,1.37,1.37
2015.11.30 17:21:47.454,0.74369,0.74386,1.50,1.00
2015.11.30 17:21:47.505,0.74369,0.74388,1.50,1.12
2015.11.30 17:21:47.606,0.74369,0.74386,1.50,1.00
2015.11.30 17:21:48.004,0.7437,0.74387,1.37,1.00
2015.11.30 17:21:52.612,0.74375,0.74387,1.00,1.00
2015.11.30 17:21:52.763,0.74375,0.74391,1.00,1.75
2015.11.30 17:21:53.781,0.74371,0.74388,1.75,1.00
2015.11.30 17:21:53.883,0.74369,0.74386,1.75,1.00
2015.11.30 17:21:54.185,0.7437,0.74385,1.00,1.50
2015.11.30 17:21:56.321,0.7437,0.74383,1.00,1.00
2015.11.30 17:21:56.639,0.7437,0.74382,1.00,1.50
2015.11.30 17:21:57.625,0.74369,0.74382,1.00,1.50
2015.11.30 17:22:00.072,0.7437,0.74382,1.00,1.50
2015.11.30 17:22:00.365,0.7437,0.74383,1.00,1.12
2015.11.30 17:22:00.815,0.74365,0.74383,1.50,1.12
2015.11.30 17:22:02.174,0.7437,0.74383,1.00,1.12
2015.11.30 17:22:02.375,0.7437,0.74388,1.50,1.50
2015.11.30 17:22:02.677,0.7437,0.74385,1.12,1.00
2015.11.30 17:22:03.104,0.7437,0.74383,1.00,1.00
2015.11.30 17:22:03.155,0.74366,0.74383,1.50,1.00
2015.11.30 17:22:06.754,0.74369,0.74383,1.00,1.00
2015.11.30 17:22:07.854,0.74366,0.74383,1.50,1.00
2015.11.30 17:22:09.065,0.7437,0.74383,1.00,1.00
2015.11.30 17:22:09.394,0.74366,0.74383,1.50,1.00
2015.11.30 17:22:10.274,0.7437,0.74383,1.00,1.00
2015.11.30 17:22:11.825,0.7437,0.74384,1.00,1.12
2015.11.30 17:22:12.284,0.74366,0.74384,1.50,1.12
2015.11.30 17:22:12.394,0.7437,0.74384,1.00,1.12
2015.11.30 17:22:13.274,0.74366,0.74385,1.50,1.50
2015.11.30 17:22:13.592,0.74369,0.74387,1.00,1.75
2015.11.30 17:22:14.236,0.74366,0.74385,1.75,1.12
2015.11.30 17:22:15.644,0.74365,0.74382,2.25,1.00
2015.11.30 17:22:16.237,0.74365,0.74383,2.25,1.00
2015.11.30 17:22:16.748,0.74367,0.74382,1.00,1.00
2015.11.30 17:22:17.475,0.74365,0.74382,1.75,1.00
2015.11.30 17:22:19.831,0.74363,0.74381,1.75,1.00
2015.11.30 17:22:19.933,0.74366,0.74381,1.00,1.00
2015.11.30 17:22:20.034,0.7436,0.74381,1.75,1.50
2015.11.30 17:22:20.084,0.74356,0.74376,1.75,1.00
2015.11.30 17:22:20.137,0.74356,0.74376,1.75,1.00
2015.11.30 17:22:20.393,0.74357,0.74378,1.75,1.12
2015.11.30 17:22:20.783,0.7436,0.7438,2.25,1.00
2015.11.30 17:22:21.245,0.74361,0.74381,1.75,1.00
2015.11.30 17:22:21.837,0.74361,0.7438,1.75,1.00
2015.11.30 17:22:22.038,0.74361,0.74378,1.75,1.00
2015.11.30 17:22:22.840,0.7436,0.74379,2.25,1.00
2015.11.30 17:22:37.346,0.7436,0.74378,1.75,1.00
2015.11.30 17:22:37.447,0.7436,0.7438,1.75,1.12
2015.11.30 17:22:54.142,0.7436,0.74379,2.25,1.00
2015.11.30 17:22:58.451,0.7436,0.74379,1.75,1.12
2015.11.30 17:22:58.553,0.7436,0.74377,1.12,1.50
2015.11.30 17:22:58.855,0.74351,0.74372,1.75,1.00
2015.11.30 17:22:59.535,0.74355,0.74372,1.00,1.12
2015.11.30 17:22:59.957,0.74355,0.74375,1.75,1.12
2015.11.30 17:23:00.483,0.74359,0.74375,1.00,1.00
2015.11.30 17:23:00.863,0.74359,0.74377,1.00,1.50
2015.11.30 17:23:00.965,0.74356,0.74377,1.75,1.00
2015.11.30 17:23:04.224,0.74356,0.74377,2.25,1.00
2015.11.30 17:23:04.736,0.74363,0.74378,1.00,1.00
2015.11.30 17:23:06.573,0.74363,0.74379,1.00,1.00
2015.11.30 17:23:06.902,0.74363,0.74381,1.00,1.00
2015.11.30 17:23:06.953,0.7436,0.74383,1.75,1.75
2015.11.30 17:23:07.443,0.74358,0.74381,2.25,1.37
2015.11.30 17:23:07.493,0.74356,0.74381,1.75,1.75
2015.11.30 17:23:07.948,0.74356,0.74379,3.00,1.00
2015.11.30 17:23:08.099,0.7436,0.74379,1.00,1.00
2015.11.30 17:23:08.540,0.7436,0.74379,1.50,1.00
2015.11.30 17:23:10.338,0.74355,0.74381,3.00,1.75
2015.11.30 17:23:10.640,0.74355,0.74375,1.75,1.00
2015.11.30 17:23:10.691,0.74358,0.74375,1.00,1.00
2015.11.30 17:23:11.046,0.74355,0.74375,1.75,1.00
2015.11.30 17:23:11.919,0.74355,0.74375,1.75,1.12
2015.11.30 17:23:13.104,0.74355,0.74375,1.75,1.12
2015.11.30 17:23:13.205,0.74359,0.74378,1.75,1.50
2015.11.30 17:23:13.366,0.7436,0.74379,1.75,1.12
2015.11.30 17:23:13.667,0.7436,0.74377,1.75,1.00
2015.11.30 17:23:14.157,0.74355,0.74377,1.75,1.00
2015.11.30 17:23:14.840,0.74354,0.74377,1.75,1.50
2015.11.30 17:23:16.632,0.74355,0.74375,1.75,1.00
2015.11.30 17:23:21.295,0.7435,0.74375,3.75,1.37
2015.11.30 17:23:22.312,0.7435,0.74372,3.00,1.00
2015.11.30 17:23:22.413,0.74345,0.74372,1.75,1.75
2015.11.30 17:23:29.347,0.74345,0.74366,1.75,1.00
2015.11.30 17:23:30.221,0.74345,0.74368,1.75,1.00
2015.11.30 17:23:31.998,0.74345,0.74366,1.75,1.00
2015.11.30 17:23:33.800,0.74345,0.74366,1.75,1.50
2015.11.30 17:23:36.213,0.74345,0.74367,1.75,1.12
2015.11.30 17:23:36.414,0.74345,0.74367,1.75,1.75
2015.11.30 17:23:37.464,0.74345,0.74363,1.37,1.00
2015.11.30 17:23:37.515,0.74346,0.74363,1.00,1.37
2015.11.30 17:23:38.045,0.74346,0.74363,1.00,1.00
2015.11.30 17:23:43.092,0.74346,0.74361,1.00,1.00
2015.11.30 17:23:43.345,0.74344,0.7436,1.00,1.00
2015.11.30 17:23:43.861,0.74344,0.74359,1.00,1.00
2015.11.30 17:23:43.912,0.74344,0.74361,1.00,1.00
2015.11.30 17:23:44.965,0.74344,0.74362,1.00,1.00
2015.11.30 17:23:45.107,0.7434,0.74362,3.00,1.00
2015.11.30 17:23:48.607,0.74344,0.74361,1.75,1.00
2015.11.30 17:23:50.461,0.74344,0.74366,1.75,1.50
2015.11.30 17:23:50.846,0.7435,0.74367,1.00,1.00
2015.11.30 17:23:57.655,0.7435,0.74365,1.00,1.00
2015.11.30 17:23:57.972,0.7435,0.74363,1.00,1.00
2015.11.30 17:23:59.372,0.7435,0.74365,1.00,1.00
2015.11.30 17:23:59.762,0.74341,0.74365,1.75,1.12
2015.11.30 17:23:59.812,0.74341,0.74363,1.75,1.00
2015.11.30 17:24:00.631,0.74341,0.74365,1.75,1.12
2015.11.30 17:24:00.682,0.74341,0.74365,3.00,1.12
2015.11.30 17:24:01.345,0.74343,0.74365,2.25,1.00
2015.11.30 17:24:01.446,0.74351,0.74367,1.00,1.00
2015.11.30 17:24:03.664,0.74345,0.74367,1.75,1.50
2015.11.30 17:24:03.765,0.74345,0.74367,1.50,2.25
2015.11.30 17:24:03.866,0.74344,0.74362,1.75,1.12
2015.11.30 17:24:06.322,0.74339,0.7436,2.25,1.00
2015.11.30 17:24:06.473,0.74337,0.7436,3.00,1.12
2015.11.30 17:24:08.771,0.7434,0.74362,1.75,1.75
2015.11.30 17:24:08.992,0.74335,0.74357,1.75,1.12
2015.11.30 17:24:10.041,0.74335,0.74356,1.75,1.00
2015.11.30 17:24:10.548,0.74335,0.74356,3.00,1.00
2015.11.30 17:24:22.367,0.7434,0.74358,1.75,1.12
2015.11.30 17:24:32.082,0.74335,0.74357,3.00,1.00
2015.11.30 17:24:32.631,0.74335,0.74355,3.00,1.00
2015.11.30 17:24:32.919,0.74339,0.74353,1.00,1.00
2015.11.30 17:24:33.054,0.74335,0.74356,1.75,1.50
2015.11.30 17:24:33.205,0.74335,0.74356,1.75,1.00
2015.11.30 17:24:34.838,0.74335,0.74355,1.75,1.00
2015.11.30 17:24:35.603,0.74333,0.74358,2.25,2.25
2015.11.30 17:24:35.788,0.74334,0.74354,1.75,1.00
2015.11.30 17:24:37.981,0.74334,0.74355,1.75,1.00
2015.11.30 17:24:44.999,0.74338,0.74355,1.00,1.00
2015.11.30 17:24:45.748,0.74338,0.74356,1.00,1.00
2015.11.30 17:24:51.321,0.74341,0.74356,1.00,1.00
2015.11.30 17:24:51.673,0.74342,0.74361,1.00,1.75
2015.11.30 17:24:58.440,0.7434,0.74363,1.50,2.25
2015.11.30 17:24:58.942,0.74342,0.74363,1.00,2.25
2015.11.30 17:25:00.224,0.74344,0.74364,1.00,1.75
2015.11.30 17:25:00.532,0.74346,0.74364,1.00,1.75
2015.11.30 17:25:01.013,0.7435,0.74368,1.00,1.75
2015.11.30 17:25:01.064,0.7435,0.74368,1.00,1.75
2015.11.30 17:25:08.547,0.7435,0.7437,1.12,1.75
2015.11.30 17:25:08.598,0.74351,0.7437,1.00,1.75
2015.11.30 17:25:11.216,0.74352,0.74371,1.00,1.75
2015.11.30 17:25:11.782,0.74351,0.74371,1.00,1.75
2015.11.30 17:25:20.693,0.74351,0.74371,1.12,1.75
2015.11.30 17:25:21.087,0.74351,0.74371,1.50,1.37
2015.11.30 17:25:21.188,0.74352,0.74371,1.75,1.12
2015.11.30 17:25:21.396,0.74351,0.74371,1.75,1.75
2015.11.30 17:25:27.297,0.74351,0.74366,1.37,1.00
2015.11.30 17:25:27.518,0.74346,0.74366,1.50,1.75
2015.11.30 17:25:33.676,0.74346,0.74365,1.12,1.50
2015.11.30 17:25:36.391,0.74345,0.74365,1.87,1.75
2015.11.30 17:25:39.297,0.74345,0.74365,1.87,1.75
2015.11.30 17:25:39.910,0.74345,0.74365,2.25,1.50
2015.11.30 17:25:40.453,0.74348,0.74368,1.50,1.75
2015.11.30 17:25:40.503,0.74351,0.74368,1.37,1.50
2015.11.30 17:25:41.232,0.74351,0.7437,1.00,1.75
2015.11.30 17:25:41.892,0.74351,0.7437,1.12,1.75
2015.11.30 17:25:53.021,0.74351,0.7437,1.37,1.75
2015.11.30 17:25:53.777,0.74351,0.7437,1.50,1.37
2015.11.30 17:25:57.358,0.7435,0.74373,1.75,1.50
2015.11.30 17:26:03.385,0.74357,0.74375,1.00,1.75
2015.11.30 17:26:03.486,0.74357,0.74375,1.12,1.50
2015.11.30 17:26:09.295,0.74354,0.74372,1.75,1.00
2015.11.30 17:26:09.396,0.74354,0.74371,1.50,1.12
2015.11.30 17:26:09.447,0.74354,0.74371,1.12,1.37
2015.11.30 17:26:09.973,0.74351,0.74371,1.50,1.50
2015.11.30 17:26:11.641,0.7435,0.74368,1.75,1.00
2015.11.30 17:26:11.803,0.7435,0.74367,1.12,1.50
2015.11.30 17:26:11.853,0.74347,0.74363,1.50,1.00
2015.11.30 17:26:12.252,0.7434,0.7436,1.75,1.12
2015.11.30 17:26:12.783,0.74341,0.74359,1.75,1.00
2015.11.30 17:26:13.385,0.74341,0.74359,1.50,1.50
2015.11.30 17:26:14.695,0.74342,0.74362,1.75,1.75
2015.11.30 17:26:16.664,0.74342,0.74362,1.75,1.12
2015.11.30 17:26:17.966,0.74343,0.74364,1.75,1.50
2015.11.30 17:26:18.475,0.74346,0.74366,1.50,1.75
2015.11.30 17:26:20.606,0.74344,0.74364,1.12,1.75
2015.11.30 17:26:20.921,0.74339,0.74362,1.75,2.25
2015.11.30 17:26:28.927,0.74338,0.74359,1.75,2.25
2015.11.30 17:26:54.756,0.74334,0.74357,1.75,1.75
2015.11.30 17:26:54.986,0.74335,0.74357,1.75,1.50
2015.11.30 17:26:55.343,0.74339,0.7436,1.75,2.25
2015.11.30 17:26:57.783,0.74339,0.74358,1.75,1.00
2015.11.30 17:26:57.884,0.74336,0.74357,1.12,1.75
2015.11.30 17:27:01.218,0.74331,0.74352,1.75,1.00
2015.11.30 17:27:01.907,0.74331,0.74352,1.75,1.50
2015.11.30 17:27:03.274,0.74331,0.74352,1.75,1.50
2015.11.30 17:27:03.776,0.7433,0.74352,1.75,2.25
2015.11.30 17:27:04.089,0.7433,0.74348,1.00,1.00
2015.11.30 17:27:06.539,0.74327,0.74349,1.75,1.75
2015.11.30 17:27:07.312,0.7433,0.7435,1.00,1.75
2015.11.30 17:27:07.413,0.7433,0.7435,1.50,1.75
2015.11.30 17:27:07.614,0.7433,0.74351,1.75,1.50
2015.11.30 17:27:10.089,0.7433,0.74351,1.12,2.25
2015.11.30 17:27:12.371,0.7433,0.74351,1.50,2.25
2015.11.30 17:27:13.015,0.7433,0.74351,1.75,2.25
2015.11.30 17:27:16.522,0.7433,0.74351,1.75,2.25
2015.11.30 17:27:17.101,0.74335,0.74351,1.00,1.50
2015.11.30 17:27:17.970,0.74331,0.74351,1.75,1.50
2015.11.30 17:27:18.271,0.74339,0.74357,1.00,2.25
2015.11.30 17:27:18.322,0.7434,0.74359,1.00,1.75
2015.11.30 17:27:18.422,0.7434,0.7436,1.50,2.25
2015.11.30 17:27:38.756,0.74339,0.74357,1.50,1.00
2015.11.30 17:27:39.057,0.74336,0.74357,1.75,1.75
2015.11.30 17:27:39.632,0.74338,0.74357,1.00,1.00
2015.11.30 17:27:52.736,0.74336,0.74358,1.75,1.87
2015.11.30 17:27:52.796,0.74336,0.74358,1.75,1.87
2015.11.30 17:28:04.951,0.74338,0.74358,1.75,1.37
2015.11.30 17:28:05.731,0.74338,0.74358,1.75,1.00
2015.11.30 17:28:06.390,0.74338,0.7436,1.75,2.25
2015.11.30 17:28:09.909,0.74338,0.7436,1.75,1.50
2015.11.30 17:28:10.682,0.7434,0.7436,1.75,1.50
2015.11.30 17:28:23.322,0.7434,0.74361,1.75,1.87
2015.11.30 17:28:23.764,0.74339,0.7436,1.75,1.50
2015.11.30 17:28:23.816,0.74339,0.74359,1.75,1.50
2015.11.30 17:28:29.586,0.74336,0.74357,1.75,1.00
2015.11.30 17:28:30.203,0.74337,0.74358,1.75,1.87
2015.11.30 17:28:39.150,0.74339,0.74357,1.00,1.00
2015.11.30 17:28:44.165,0.74335,0.74357,2.25,2.25
2015.11.30 17:28:44.217,0.74335,0.74355,1.50,1.37
2015.11.30 17:28:44.419,0.74334,0.74355,1.50,2.25
2015.11.30 17:28:44.749,0.74331,0.74352,1.75,1.75
2015.11.30 17:28:51.732,0.74331,0.74352,1.75,1.50
2015.11.30 17:28:51.783,0.74332,0.74353,1.75,1.50
2015.11.30 17:28:51.984,0.74335,0.74355,2.25,1.50
2015.11.30 17:28:53.836,0.74336,0.74355,1.00,1.50
2015.11.30 17:28:53.987,0.74333,0.74352,1.00,1.50
2015.11.30 17:28:54.138,0.74333,0.74352,1.00,1.50
2015.11.30 17:29:00.584,0.74332,0.74352,1.75,1.50
2015.11.30 17:29:03.540,0.74336,0.74358,1.00,3.00
2015.11.30 17:29:03.590,0.74336,0.74358,1.50,1.75
2015.11.30 17:29:13.799,0.74334,0.74355,1.37,2.25
2015.11.30 17:29:14.186,0.74332,0.74353,1.50,1.75
2015.11.30 17:29:14.880,0.74332,0.74353,1.50,1.75
2015.11.30 17:29:15.381,0.74332,0.74353,1.75,1.75
2015.11.30 17:29:15.815,0.74331,0.74353,1.50,1.75
2015.11.30 17:29:15.916,0.74331,0.74353,1.75,1.75
2015.11.30 17:29:18.978,0.74332,0.74354,1.75,2.25
2015.11.30 17:29:19.810,0.74332,0.74354,1.75,2.25
2015.11.30 17:29:20.889,0.74334,0.74352,1.00,1.37
2015.11.30 17:29:21.195,0.74331,0.74351,1.50,1.75
2015.11.30 17:29:21.511,0.74329,0.7435,1.37,1.75
2015.11.30 17:29:21.891,0.74328,0.74348,1.50,1.00
2015.11.30 17:29:23.531,0.74327,0.74351,1.75,2.25
2015.11.30 17:29:45.030,0.74326,0.74348,1.75,1.50
2015.11.30 17:29:45.641,0.74326,0.74348,1.75,1.75
2015.11.30 17:29:50.136,0.74326,0.74348,1.75,1.50
2015.11.30 17:29:50.968,0.74326,0.74349,1.75,1.50
2015.11.30 17:29:52.867,0.74326,0.74349,1.75,1.75
2015.11.30 17:29:52.918,0.74327,0.74345,1.00,1.00
2015.11.30 17:29:56.776,0.74327,0.74348,1.75,2.25
2015.11.30 17:29:57.676,0.74328,0.74347,1.00,2.25
2015.11.30 17:29:58.157,0.74327,0.74348,1.75,1.50
2015.11.30 17:29:58.860,0.74328,0.74349,1.75,1.87
2015.11.30 17:30:06.562,0.74328,0.74349,1.75,1.87
2015.11.30 17:30:16.496,0.74327,0.74345,1.00,1.00
2015.11.30 17:30:17.092,0.74326,0.74347,1.37,2.25
2015.11.30 17:30:17.595,0.74325,0.74346,1.12,1.75
2015.11.30 17:30:21.302,0.74325,0.74346,2.25,1.75
2015.11.30 17:30:27.046,0.74324,0.74347,1.75,1.37
2015.11.30 17:30:27.201,0.74324,0.74347,1.75,1.37
2015.11.30 17:30:44.944,0.74327,0.74345,1.00,1.50
2015.11.30 17:30:46.957,0.74323,0.74344,1.75,1.75
2015.11.30 17:30:47.460,0.74322,0.74341,1.00,1.00
2015.11.30 17:30:55.289,0.74321,0.74342,1.75,1.87
2015.11.30 17:30:58.588,0.74318,0.74341,1.75,1.50
2015.11.30 17:30:58.891,0.74317,0.74338,1.75,1.50
2015.11.30 17:31:00.599,0.74318,0.74339,1.75,1.50
2015.11.30 17:31:00.936,0.7432,0.74341,1.75,1.87
2015.11.30 17:31:01.483,0.74319,0.74341,1.75,1.87
2015.11.30 17:31:02.216,0.74319,0.74342,1.75,1.37
2015.11.30 17:31:03.688,0.74322,0.74341,1.00,1.50
2015.11.30 17:31:06.631,0.7432,0.74342,1.75,2.25
2015.11.30 17:31:17.339,0.7432,0.74341,1.75,1.75
2015.11.30 17:31:19.838,0.74321,0.74342,1.75,1.50
2015.11.30 17:31:21.020,0.74319,0.74341,1.75,1.00
2015.11.30 17:31:29.176,0.74319,0.7434,1.75,1.00
2015.11.30 17:31:29.436,0.74323,0.7434,1.00,1.37
2015.11.30 17:31:38.774,0.74319,0.7434,1.75,1.37
2015.11.30 17:31:38.976,0.74324,0.74341,1.00,1.00
2015.11.30 17:31:39.772,0.74324,0.74342,1.00,1.50
2015.11.30 17:31:45.954,0.74321,0.74342,1.75,1.50
2015.11.30 17:31:46.004,0.74319,0.74341,1.75,1.75
2015.11.30 17:31:46.055,0.74321,0.7434,1.00,1.50
2015.11.30 17:31:46.201,0.74318,0.74336,1.12,1.00
2015.11.30 17:31:46.302,0.74316,0.74334,1.00,1.00
2015.11.30 17:31:47.996,0.74313,0.74333,1.75,1.37
2015.11.30 17:31:48.588,0.74312,0.74333,1.75,1.12
2015.11.30 17:31:49.739,0.74322,0.7434,1.00,1.75
2015.11.30 17:31:49.790,0.74322,0.74341,1.00,1.75
2015.11.30 17:31:49.891,0.74322,0.74342,1.50,1.75
2015.11.30 17:31:49.992,0.74322,0.74342,1.75,1.50
2015.11.30 17:31:51.709,0.74326,0.74347,1.37,2.25
2015.11.30 17:31:52.253,0.74321,0.74339,1.75,1.00
2015.11.30 17:31:52.455,0.74321,0.74338,1.12,1.12
2015.11.30 17:31:55.064,0.74315,0.74338,2.25,1.50
2015.11.30 17:31:55.704,0.74315,0.74338,2.25,1.75
2015.11.30 17:32:03.144,0.74315,0.74335,1.75,1.00
2015.11.30 17:32:04.133,0.74317,0.74336,1.75,1.12
2015.11.30 17:32:04.330,0.74317,0.74338,1.75,1.12
2015.11.30 17:32:04.665,0.74319,0.7434,1.75,1.12
2015.11.30 17:32:05.674,0.74318,0.74339,1.75,1.00
2015.11.30 17:32:07.021,0.74318,0.74341,1.75,1.50
2015.11.30 17:32:17.700,0.74322,0.74342,1.75,1.37
2015.11.30 17:32:17.751,0.74322,0.74342,1.75,1.12
2015.11.30 17:32:19.925,0.74322,0.74343,1.75,1.00
2015.11.30 17:32:20.342,0.74326,0.74345,1.12,1.75
2015.11.30 17:32:22.115,0.7432,0.74341,1.75,1.00
2015.11.30 17:32:22.166,0.74323,0.74341,1.00,1.50
2015.11.30 17:32:22.752,0.74323,0.7434,1.00,1.00
2015.11.30 17:32:23.508,0.74323,0.74341,1.00,1.50
2015.11.30 17:32:30.222,0.7432,0.74342,1.75,1.37
2015.11.30 17:32:30.772,0.74325,0.74342,1.00,1.00
2015.11.30 17:32:31.567,0.74323,0.74347,1.75,1.75
2015.11.30 17:32:31.719,0.74331,0.74349,1.00,1.00
2015.11.30 17:32:31.872,0.7433,0.74351,1.75,2.25
2015.11.30 17:32:33.440,0.74328,0.74349,1.75,1.37
2015.11.30 17:32:33.497,0.74328,0.74349,1.75,1.75
2015.11.30 17:32:33.741,0.74328,0.74349,1.75,1.37
2015.11.30 17:32:33.842,0.74329,0.7435,1.75,1.12
2015.11.30 17:32:35.493,0.74327,0.74348,1.75,1.00
2015.11.30 17:32:45.163,0.7433,0.74348,1.00,1.00
2015.11.30 17:32:47.317,0.74327,0.74348,1.75,1.00
2015.11.30 17:32:47.999,0.74327,0.74348,1.75,1.00
2015.11.30 17:32:56.202,0.74326,0.74347,1.75,1.00
2015.11.30 17:32:56.424,0.74327,0.74349,1.75,1.00
2015.11.30 17:32:56.994,0.74327,0.74348,1.75,1.00
2015.11.30 17:32:58.693,0.74331,0.74348,1.00,1.12
2015.11.30 17:33:00.705,0.74327,0.74348,1.75,1.00
2015.11.30 17:33:07.703,0.74327,0.74348,1.75,1.50
2015.11.30 17:33:12.707,0.74327,0.74348,1.75,1.37
2015.11.30 17:33:13.220,0.74327,0.74348,1.75,1.00
2015.11.30 17:33:22.033,0.74328,0.74349,1.75,1.12
2015.11.30 17:33:22.084,0.74328,0.74349,1.75,1.12
2015.11.30 17:33:22.235,0.74334,0.74352,1.00,1.50
2015.11.30 17:33:23.813,0.74329,0.74352,1.75,1.50
2015.11.30 17:33:24.115,0.74324,0.74345,1.75,1.50
2015.11.30 17:33:24.417,0.74323,0.74346,1.75,1.87
2015.11.30 17:33:25.445,0.74323,0.74345,1.75,1.12
2015.11.30 17:33:39.129,0.74321,0.74344,3.00,1.00
2015.11.30 17:33:39.179,0.7432,0.74341,1.75,1.00
2015.11.30 17:33:39.381,0.74324,0.74339,1.00,1.00
2015.11.30 17:33:41.902,0.7432,0.74339,1.75,1.00
2015.11.30 17:33:43.695,0.7432,0.7434,1.75,1.12
2015.11.30 17:33:44.313,0.74318,0.74339,1.75,1.00
2015.11.30 17:33:49.817,0.74318,0.74339,1.75,1.37
2015.11.30 17:33:53.934,0.74318,0.74339,1.75,1.12
2015.11.30 17:33:57.793,0.7432,0.7434,1.75,1.50
2015.11.30 17:33:58.365,0.74317,0.7434,1.75,1.50
2015.11.30 17:34:04.945,0.74318,0.74339,1.75,1.37
2015.11.30 17:34:05.653,0.74318,0.74339,1.75,1.12
2015.11.30 17:34:11.645,0.7432,0.74341,1.75,1.50
2015.11.30 17:34:12.254,0.7432,0.74341,1.75,1.12
2015.11.30 17:34:16.541,0.74318,0.74341,1.75,1.37
2015.11.30 17:34:17.256,0.74319,0.7434,1.75,1.12
2015.11.30 17:34:33.369,0.74319,0.7434,1.75,1.37
2015.11.30 17:34:48.900,0.7432,0.7434,1.75,1.12
2015.11.30 17:34:49.152,0.7432,0.74342,1.75,2.25
2015.11.30 17:34:49.253,0.74319,0.74341,1.75,1.12
2015.11.30 17:34:49.894,0.7432,0.74341,1.75,1.00
2015.11.30 17:34:51.379,0.7432,0.7434,1.75,1.00
2015.11.30 17:34:51.538,0.74319,0.7434,1.75,1.12
2015.11.30 17:35:00.604,0.74318,0.74339,1.75,1.00
2015.11.30 17:35:01.162,0.74319,0.7434,1.75,2.25
2015.11.30 17:35:10.445,0.74318,0.74339,1.75,1.12
2015.11.30 17:35:15.166,0.74316,0.74339,1.75,1.12
2015.11.30 17:35:15.819,0.74321,0.74339,1.00,1.50
2015.11.30 17:35:16.341,0.74316,0.74339,3.00,1.12
2015.11.30 17:35:17.535,0.74319,0.7434,1.75,1.12
2015.11.30 17:35:17.852,0.74319,0.74342,1.75,1.87
2015.11.30 17:35:22.972,0.74321,0.74342,1.50,2.25
2015.11.30 17:35:23.274,0.7432,0.74341,1.50,2.25
2015.11.30 17:35:27.412,0.74318,0.74341,1.75,2.25
2015.11.30 17:35:28.074,0.74318,0.74339,1.75,1.00
2015.11.30 17:35:31.856,0.74319,0.7434,1.75,1.12
2015.11.30 17:35:32.360,0.74318,0.74341,2.25,1.00
2015.11.30 17:35:32.864,0.74317,0.74341,3.00,1.50
2015.11.30 17:35:35.571,0.74317,0.74341,3.00,1.12
2015.11.30 17:35:37.534,0.74324,0.7434,1.00,1.00
2015.11.30 17:35:38.305,0.74318,0.74339,1.75,1.00
2015.11.30 17:35:39.233,0.74318,0.74339,1.75,1.00
2015.11.30 17:35:39.626,0.74318,0.74339,3.00,1.00
2015.11.30 17:35:43.521,0.74318,0.74339,1.75,1.00
2015.11.30 17:35:48.554,0.74317,0.7434,1.75,1.12
2015.11.30 17:35:49.105,0.74317,0.7434,3.00,1.00
2015.11.30 17:35:49.441,0.7432,0.7434,1.75,1.37
2015.11.30 17:35:49.542,0.74317,0.7434,1.75,1.12
2015.11.30 17:35:49.730,0.74317,0.7434,1.75,1.50
2015.11.30 17:35:49.909,0.74317,0.74338,1.75,1.00
2015.11.30 17:35:50.444,0.74321,0.7434,1.00,1.50
2015.11.30 17:35:52.146,0.74316,0.74338,1.75,1.37
2015.11.30 17:35:52.501,0.74315,0.74334,1.75,1.00
2015.11.30 17:35:53.284,0.74315,0.74333,1.75,1.00
2015.11.30 17:35:53.409,0.74315,0.74333,1.50,1.00
2015.11.30 17:35:57.883,0.74312,0.74332,1.75,1.00
2015.11.30 17:35:57.934,0.74315,0.74332,1.00,1.00
2015.11.30 17:35:57.985,0.74312,0.74332,1.37,1.37
2015.11.30 17:35:58.035,0.74306,0.74327,1.75,1.00
2015.11.30 17:35:58.773,0.74309,0.74329,1.75,1.50
2015.11.30 17:36:00.259,0.74309,0.7433,1.75,1.50
2015.11.30 17:36:00.460,0.7431,0.74331,1.75,1.12
2015.11.30 17:36:01.008,0.74309,0.7433,2.25,1.12
2015.11.30 17:36:01.558,0.74313,0.74331,1.00,1.00
2015.11.30 17:36:03.073,0.74313,0.74332,1.00,1.00
2015.11.30 17:36:03.262,0.7431,0.74333,2.25,1.12
2015.11.30 17:36:11.325,0.74315,0.74332,1.50,1.00
2015.11.30 17:36:11.577,0.7431,0.7433,1.75,1.50
2015.11.30 17:36:11.685,0.7431,0.7433,1.75,1.12
2015.11.30 17:36:11.786,0.7431,0.7433,1.75,1.50
2015.11.30 17:36:12.582,0.7431,0.74328,1.75,1.00
2015.11.30 17:36:13.253,0.74309,0.74328,1.75,1.12
2015.11.30 17:36:13.953,0.74309,0.74328,1.50,1.12
2015.11.30 17:36:19.255,0.7431,0.74327,1.00,1.00
2015.11.30 17:36:19.845,0.7431,0.74328,1.00,1.50
2015.11.30 17:36:21.399,0.74306,0.74328,1.75,1.75
2015.11.30 17:36:21.865,0.74307,0.74328,1.75,1.50
2015.11.30 17:36:24.525,0.7431,0.74329,1.75,1.12
2015.11.30 17:36:24.978,0.7431,0.74331,2.25,1.50
2015.11.30 17:36:25.561,0.7431,0.74332,2.25,1.50
2015.11.30 17:36:26.714,0.74311,0.7433,1.00,1.50
2015.11.30 17:36:27.016,0.7431,0.74329,1.12,2.25
2015.11.30 17:36:30.518,0.7431,0.74329,1.50,1.37
2015.11.30 17:36:30.824,0.7431,0.74331,2.25,1.50
2015.11.30 17:36:31.286,0.74309,0.74331,1.75,1.50
2015.11.30 17:36:31.337,0.7431,0.74328,1.00,1.00
2015.11.30 17:36:32.320,0.7431,0.74327,1.50,1.00
2015.11.30 17:36:32.910,0.7431,0.74328,1.12,1.50
2015.11.30 17:36:34.959,0.74311,0.7433,1.00,1.75
2015.11.30 17:36:35.110,0.74306,0.74325,1.00,1.00
2015.11.30 17:36:45.006,0.74306,0.74325,1.50,1.00
2015.11.30 17:36:49.542,0.74307,0.74328,3.00,1.37
2015.11.30 17:36:49.592,0.74312,0.74333,1.75,1.75
2015.11.30 17:36:50.054,0.74315,0.74333,1.00,1.00
2015.11.30 17:36:50.616,0.74315,0.74334,1.00,1.00
2015.11.30 17:36:51.887,0.74315,0.74333,1.00,1.00
2015.11.30 17:36:53.581,0.74315,0.7433,1.00,1.00
2015.11.30 17:36:53.883,0.74305,0.74326,1.75,1.00
2015.11.30 17:36:54.034,0.74305,0.74326,1.75,1.87
2015.11.30 17:36:54.543,0.74304,0.74326,1.75,2.25
2015.11.30 17:37:07.541,0.7431,0.74325,1.00,1.50
2015.11.30 17:37:08.571,0.7431,0.74325,1.12,1.00
2015.11.30 17:37:09.068,0.74315,0.74326,1.00,1.12
2015.11.30 17:37:11.442,0.7431,0.74326,1.87,1.12
2015.11.30 17:37:12.253,0.74306,0.74326,1.75,1.37
2015.11.30 17:37:12.559,0.74305,0.74325,2.25,1.50
2015.11.30 17:37:12.610,0.74305,0.74325,1.87,1.75
2015.11.30 17:37:27.523,0.74305,0.74323,1.75,1.00
2015.11.30 17:37:32.266,0.74304,0.74324,1.75,1.12
2015.11.30 17:37:32.782,0.74304,0.74325,2.25,1.37
2015.11.30 17:37:32.833,0.74309,0.74326,1.00,1.00
2015.11.30 17:37:33.494,0.7431,0.74327,1.00,1.00
2015.11.30 17:37:34.763,0.74309,0.74327,1.00,1.00
2015.11.30 17:37:35.229,0.74306,0.74328,1.75,1.37
2015.11.30 17:37:35.843,0.74306,0.74328,1.75,1.12
2015.11.30 17:37:48.974,0.74315,0.74331,1.00,1.75
2015.11.30 17:37:49.525,0.74315,0.74332,1.00,1.75
2015.11.30 17:37:56.042,0.7431,0.74329,2.25,1.37
2015.11.30 17:37:56.093,0.7431,0.74328,1.50,1.50
2015.11.30 17:37:56.198,0.74308,0.74326,1.50,1.00
2015.11.30 17:38:03.226,0.74308,0.74325,1.00,1.00
2015.11.30 17:38:08.351,0.74308,0.74326,1.00,1.50
2015.11.30 17:38:13.582,0.74305,0.74326,2.25,1.00
2015.11.30 17:38:14.390,0.74306,0.74327,1.75,1.87
2015.11.30 17:38:20.882,0.74305,0.74326,2.25,1.00
2015.11.30 17:38:25.953,0.74306,0.74327,1.75,1.12
2015.11.30 17:38:26.325,0.74306,0.74325,1.75,1.00
2015.11.30 17:38:27.310,0.74305,0.74323,2.25,1.00
2015.11.30 17:38:27.411,0.74305,0.74319,1.00,1.12
2015.11.30 17:38:27.512,0.74302,0.74319,1.00,1.50
2015.11.30 17:38:27.613,0.74297,0.74318,1.75,1.75
2015.11.30 17:38:28.376,0.74299,0.74316,1.50,1.00
2015.11.30 17:38:29.591,0.74299,0.74316,1.50,1.00
2015.11.30 17:38:31.513,0.74299,0.74319,1.75,1.00
2015.11.30 17:38:36.045,0.743,0.7432,2.25,1.12
2015.11.30 17:38:42.245,0.74303,0.74324,1.75,1.50
2015.11.30 17:38:42.741,0.74304,0.74324,1.75,1.12
2015.11.30 17:38:54.531,0.74304,0.74325,1.50,1.75
2015.11.30 17:38:54.632,0.74304,0.74325,1.50,2.25
2015.11.30 17:39:13.341,0.74304,0.74322,1.00,1.00
2015.11.30 17:39:31.480,0.74302,0.74324,1.75,1.75
2015.11.30 17:39:31.888,0.743,0.74319,1.00,1.00
2015.11.30 17:39:33.467,0.74298,0.74321,1.75,2.25
2015.11.30 17:39:34.034,0.74298,0.74321,1.75,2.25
2015.11.30 17:39:34.569,0.74298,0.74321,1.75,2.25
2015.11.30 17:39:34.620,0.74298,0.74321,1.75,2.25
2015.11.30 17:39:38.289,0.74297,0.7432,1.75,2.25
2015.11.30 17:39:38.794,0.74297,0.7432,1.75,2.25
2015.11.30 17:39:41.726,0.74298,0.74317,1.00,1.00
2015.11.30 17:39:53.882,0.74298,0.74316,1.00,1.00
2015.11.30 17:39:53.983,0.74293,0.74316,1.75,1.87
2015.11.30 17:39:54.033,0.74293,0.74313,1.75,1.50
2015.11.30 17:39:55.675,0.74295,0.74315,1.50,1.37
2015.11.30 17:39:55.726,0.74295,0.74315,1.75,1.12
2015.11.30 17:39:55.831,0.74295,0.74317,2.25,1.12
2015.11.30 17:39:55.933,0.74295,0.74317,2.25,1.75
2015.11.30 17:39:57.212,0.74295,0.74317,2.25,1.12
2015.11.30 17:40:01.007,0.74298,0.7432,1.75,1.50
2015.11.30 17:40:01.108,0.74302,0.74321,1.00,1.37
2015.11.30 17:40:01.188,0.74298,0.74322,1.75,1.50
2015.11.30 17:40:03.166,0.74301,0.7432,1.00,1.00
2015.11.30 17:40:07.670,0.743,0.74323,2.25,2.25
2015.11.30 17:40:08.312,0.743,0.74323,2.25,2.25
2015.11.30 17:40:08.843,0.743,0.74322,2.25,1.12
2015.11.30 17:40:08.995,0.74301,0.74324,1.50,2.25
2015.11.30 17:40:09.046,0.74301,0.74322,1.50,1.00
2015.11.30 17:40:09.450,0.74303,0.74323,1.37,1.50
2015.11.30 17:40:10.059,0.74301,0.74323,1.75,1.75
2015.11.30 17:40:11.364,0.743,0.74321,2.25,1.37
2015.11.30 17:40:11.414,0.74301,0.7432,1.00,1.00
2015.11.30 17:40:13.298,0.74302,0.7432,1.00,1.00
2015.11.30 17:40:13.450,0.74302,0.74324,1.75,1.50
2015.11.30 17:40:13.962,0.74305,0.74324,1.00,1.50
2015.11.30 17:40:14.012,0.74305,0.74324,1.00,1.75
2015.11.30 17:40:14.264,0.743,0.74321,1.50,1.75
2015.11.30 17:40:15.389,0.743,0.74321,1.75,1.50
2015.11.30 17:40:15.490,0.743,0.74321,1.75,1.50
2015.11.30 17:40:15.651,0.74304,0.74321,1.00,1.75
2015.11.30 17:40:16.056,0.743,0.74323,2.25,2.25
2015.11.30 17:40:16.623,0.74305,0.74323,1.50,1.37
2015.11.30 17:40:16.681,0.74305,0.74323,1.75,1.12
2015.11.30 17:40:17.408,0.74305,0.74326,1.75,1.50
2015.11.30 17:40:17.459,0.74305,0.74326,1.75,1.50
2015.11.30 17:40:19.777,0.7431,0.74328,1.00,2.25
2015.11.30 17:40:20.289,0.74305,0.74328,2.25,2.25
2015.11.30 17:40:20.887,0.7431,0.74327,1.00,1.75
2015.11.30 17:40:21.437,0.74305,0.74327,1.75,1.75
2015.11.30 17:40:22.792,0.74305,0.74328,1.75,2.25
2015.11.30 17:40:23.534,0.74305,0.74328,1.75,2.25
2015.11.30 17:40:26.106,0.74305,0.74327,1.75,1.75
2015.11.30 17:40:26.835,0.74305,0.74327,1.75,1.75
2015.11.30 17:40:27.097,0.74305,0.74325,1.50,1.50
2015.11.30 17:40:27.540,0.743,0.74323,2.25,1.75
2015.11.30 17:40:27.591,0.743,0.74323,2.25,2.25
2015.11.30 17:40:29.869,0.74305,0.74322,1.00,2.25
2015.11.30 17:40:30.465,0.74305,0.74322,1.00,1.50
2015.11.30 17:40:30.995,0.743,0.74322,1.75,1.50
2015.11.30 17:40:36.044,0.74301,0.74323,1.75,1.37
2015.11.30 17:40:36.095,0.74303,0.74323,1.75,1.12
2015.11.30 17:40:36.305,0.74302,0.74323,1.75,1.50
2015.11.30 17:40:37.359,0.74302,0.74321,1.75,1.00
2015.11.30 17:40:37.888,0.74301,0.74323,1.75,1.75
2015.11.30 17:40:43.401,0.74303,0.74323,1.12,1.75
2015.11.30 17:40:43.552,0.74301,0.74323,1.12,1.75
2015.11.30 17:40:45.137,0.74302,0.74323,1.50,1.75
2015.11.30 17:40:48.444,0.74299,0.74323,1.75,1.75
2015.11.30 17:40:51.372,0.74298,0.74321,1.75,2.25
2015.11.30 17:40:51.422,0.74298,0.74321,1.75,2.25
2015.11.30 17:40:58.278,0.74302,0.74323,1.50,1.75
2015.11.30 17:40:58.329,0.74302,0.74321,1.75,1.12
2015.11.30 17:40:58.530,0.74301,0.7432,1.50,1.50
2015.11.30 17:40:58.873,0.74299,0.74319,1.75,1.75
2015.11.30 17:41:02.461,0.74299,0.74319,1.75,1.37
2015.11.30 17:41:02.562,0.74299,0.74319,1.75,1.12
2015.11.30 17:41:07.412,0.74298,0.74319,1.50,1.50
2015.11.30 17:41:07.463,0.74297,0.74317,1.75,1.12
2015.11.30 17:41:07.513,0.74297,0.74317,1.50,1.50
2015.11.30 17:41:07.969,0.74294,0.74315,1.75,1.75
2015.11.30 17:41:08.070,0.74295,0.74313,1.00,1.00
2015.11.30 17:41:15.582,0.74296,0.74313,1.00,1.00
2015.11.30 17:41:16.090,0.74295,0.74313,1.50,1.00
2015.11.30 17:41:21.278,0.74296,0.74313,1.00,1.00
2015.11.30 17:41:22.007,0.743,0.74313,1.00,1.00
2015.11.30 17:41:22.328,0.74296,0.74313,1.00,1.00
2015.11.30 17:41:25.092,0.74296,0.74317,1.37,1.75
2015.11.30 17:41:25.663,0.74296,0.74317,1.75,1.75
2015.11.30 17:41:40.262,0.743,0.74318,1.00,2.25
2015.11.30 17:41:40.363,0.743,0.74319,1.50,1.75
2015.11.30 17:41:40.413,0.74305,0.7432,1.00,1.75
2015.11.30 17:41:40.514,0.74299,0.74321,1.75,2.25
2015.11.30 17:41:40.615,0.743,0.74323,1.50,2.25
2015.11.30 17:41:40.685,0.74303,0.74321,1.00,1.00
2015.11.30 17:41:41.140,0.743,0.74322,1.75,1.12
2015.11.30 17:41:41.342,0.74302,0.74321,1.00,2.25
2015.11.30 17:41:41.848,0.74302,0.7432,1.00,1.00
2015.11.30 17:41:43.802,0.743,0.7432,1.75,1.37
2015.11.30 17:41:44.477,0.743,0.7432,1.50,1.75
2015.11.30 17:41:47.218,0.74299,0.74321,2.25,1.75
2015.11.30 17:41:47.778,0.743,0.74321,1.75,1.50
2015.11.30 17:41:49.468,0.74303,0.74321,1.00,1.00
2015.11.30 17:41:49.796,0.743,0.74322,1.75,1.12
2015.11.30 17:41:52.185,0.743,0.74321,1.75,1.00
2015.11.30 17:41:52.236,0.743,0.74321,1.75,1.12
2015.11.30 17:41:52.770,0.74303,0.74321,1.00,1.50
2015.11.30 17:41:54.135,0.743,0.74321,1.75,2.25
2015.11.30 17:41:54.186,0.743,0.74322,1.87,1.75
2015.11.30 17:41:54.236,0.743,0.74322,3.37,1.37
2015.11.30 17:41:54.335,0.743,0.74322,3.75,1.00
2015.11.30 17:41:54.386,0.743,0.74322,2.25,1.50
2015.11.30 17:41:54.437,0.743,0.74322,2.25,1.50
2015.11.30 17:41:54.689,0.74299,0.74322,2.25,2.25
2015.11.30 17:41:54.740,0.74299,0.74322,3.75,1.87
2015.11.30 17:41:56.715,0.743,0.74323,2.25,1.12
2015.11.30 17:41:58.906,0.74305,0.74322,1.50,1.00
2015.11.30 17:41:59.408,0.74305,0.74323,1.50,1.12
2015.11.30 17:41:59.744,0.743,0.74318,1.75,1.00
2015.11.30 17:42:00.365,0.743,0.7432,1.75,1.50
2015.11.30 17:42:01.957,0.743,0.7432,1.75,1.12
2015.11.30 17:42:03.452,0.74299,0.7432,1.75,1.37
2015.11.30 17:42:03.503,0.74297,0.7432,1.75,1.75
2015.11.30 17:42:03.554,0.74296,0.7432,1.75,1.75
2015.11.30 17:42:03.705,0.74298,0.74316,1.00,1.00
2015.11.30 17:42:07.559,0.74295,0.74316,1.75,1.87
2015.11.30 17:42:07.861,0.74295,0.74316,1.50,2.25
2015.11.30 17:42:11.471,0.74296,0.74315,1.37,1.75
2015.11.30 17:42:11.776,0.743,0.74318,1.00,1.75
2015.11.30 17:42:17.679,0.74296,0.7432,1.75,1.75
2015.11.30 17:42:18.289,0.743,0.7432,1.00,1.75
2015.11.30 17:42:19.990,0.74297,0.7432,1.75,2.25
2015.11.30 17:42:20.588,0.743,0.7432,1.00,1.75
2015.11.30 17:42:21.234,0.74297,0.7432,1.75,1.75
2015.11.30 17:42:22.175,0.743,0.7432,1.00,1.75
2015.11.30 17:42:22.960,0.74297,0.7432,1.75,1.75
2015.11.30 17:42:25.623,0.74296,0.74319,1.50,2.25
2015.11.30 17:42:25.825,0.74298,0.74316,1.00,1.00
2015.11.30 17:42:26.331,0.74297,0.74322,1.50,2.25
2015.11.30 17:42:26.701,0.74305,0.74323,1.12,1.75
2015.11.30 17:42:26.752,0.74305,0.74327,1.12,1.75
2015.11.30 17:42:26.803,0.74305,0.74323,1.37,1.00
2015.11.30 17:42:35.517,0.74305,0.74327,1.37,1.75
2015.11.30 17:42:35.837,0.74304,0.74327,1.12,1.75
2015.11.30 17:42:36.419,0.74304,0.74329,1.87,2.25
2015.11.30 17:42:36.570,0.74304,0.74329,1.75,2.25
2015.11.30 17:42:36.621,0.74305,0.74329,1.75,2.25
2015.11.30 17:42:37.270,0.74305,0.74328,2.25,1.75
2015.11.30 17:42:41.120,0.74306,0.74329,1.50,2.25
2015.11.30 17:42:41.738,0.74306,0.74329,1.75,2.25
2015.11.30 17:42:59.229,0.74308,0.74326,1.50,1.00
2015.11.30 17:43:03.711,0.74308,0.74329,1.75,1.75
2015.11.30 17:43:03.761,0.7431,0.74328,1.00,1.00
2015.11.30 17:43:05.903,0.7431,0.74331,1.50,2.25
2015.11.30 17:43:05.953,0.7431,0.74332,1.75,2.25
2015.11.30 17:43:06.371,0.74307,0.7433,1.75,1.75
2015.11.30 17:43:07.394,0.74306,0.74329,1.75,1.75
2015.11.30 17:43:07.445,0.74306,0.74329,1.75,1.75
2015.11.30 17:43:07.545,0.74306,0.74329,1.37,2.25
2015.11.30 17:43:11.808,0.74309,0.74329,1.00,1.75
2015.11.30 17:43:11.859,0.74309,0.74326,1.00,1.00
2015.11.30 17:43:11.909,0.74309,0.74329,1.37,1.37
2015.11.30 17:43:11.960,0.74309,0.74329,1.75,1.12
2015.11.30 17:43:12.259,0.74314,0.74335,1.00,1.75
2015.11.30 17:43:12.831,0.74313,0.74335,1.00,1.75
2015.11.30 17:43:13.924,0.74315,0.74335,1.00,1.75
2015.11.30 17:43:13.974,0.74315,0.74336,1.12,1.75
2015.11.30 17:43:18.155,0.74316,0.74336,1.00,1.75
2015.11.30 17:43:18.774,0.74316,0.74336,1.50,1.75
2015.11.30 17:43:20.046,0.74315,0.74336,1.37,2.25
2015.11.30 17:43:20.097,0.74315,0.74336,1.12,2.25
2015.11.30 17:43:37.100,0.74314,0.74334,1.00,1.75
2015.11.30 17:43:45.664,0.74315,0.74334,1.00,1.75
2015.11.30 17:43:46.192,0.74312,0.74334,1.75,1.75
2015.11.30 17:43:51.857,0.74312,0.74334,1.75,1.75
2015.11.30 17:43:52.412,0.74312,0.74334,1.75,1.75
2015.11.30 17:43:53.062,0.74311,0.74334,1.75,2.25
2015.11.30 17:43:53.314,0.74309,0.74328,1.12,1.75
2015.11.30 17:43:57.544,0.7431,0.74329,1.00,1.75
2015.11.30 17:44:01.499,0.7431,0.74329,1.00,2.25
2015.11.30 17:44:02.064,0.7431,0.74329,1.00,2.25
2015.11.30 17:44:03.294,0.7431,0.74329,1.00,1.75
2015.11.30 17:44:03.553,0.7431,0.74329,1.00,1.75
2015.11.30 17:44:06.133,0.74309,0.74329,1.00,2.25
2015.11.30 17:44:06.184,0.74309,0.74327,1.00,1.00
2015.11.30 17:44:06.285,0.7431,0.7433,1.37,1.75
2015.11.30 17:44:06.602,0.7431,0.74329,1.87,1.00
2015.11.30 17:44:06.985,0.7431,0.74333,1.75,1.75
2015.11.30 17:44:07.573,0.74315,0.74335,1.12,1.75
2015.11.30 17:44:07.908,0.74315,0.74334,1.00,1.75
2015.11.30 17:44:08.433,0.74314,0.74334,1.00,1.75
2015.11.30 17:44:08.758,0.74314,0.74334,1.50,1.75
2015.11.30 17:44:13.265,0.74314,0.74336,1.50,2.25
2015.11.30 17:44:14.058,0.74314,0.74336,1.50,2.25
2015.11.30 17:44:20.049,0.74315,0.74334,1.37,1.75
2015.11.30 17:44:20.423,0.74314,0.74334,1.12,1.75
2015.11.30 17:44:21.521,0.74315,0.74337,1.00,1.75
2015.11.30 17:44:21.572,0.74315,0.74337,1.37,1.75
2015.11.30 17:44:21.622,0.74315,0.74337,1.75,1.75
2015.11.30 17:44:23.399,0.7432,0.74338,1.00,1.75
2015.11.30 17:44:25.379,0.74318,0.74339,1.50,1.75
2015.11.30 17:44:25.948,0.74318,0.74339,1.75,1.75
2015.11.30 17:44:43.668,0.74316,0.74339,1.75,2.25
2015.11.30 17:44:45.464,0.74315,0.74338,1.75,2.25
2015.11.30 17:44:45.990,0.74315,0.74338,1.50,2.25
2015.11.30 17:44:46.293,0.7432,0.74338,1.00,1.75
2015.11.30 17:44:46.673,0.7432,0.74338,1.00,1.75
2015.11.30 17:44:47.576,0.7432,0.74337,1.37,1.00
2015.11.30 17:44:48.133,0.7432,0.74339,1.00,1.75
2015.11.30 17:44:48.799,0.74319,0.74339,1.12,2.25
2015.11.30 17:44:49.656,0.74319,0.74341,1.50,2.25
2015.11.30 17:44:49.757,0.7432,0.74341,1.75,2.25
2015.11.30 17:44:49.808,0.74325,0.74343,1.00,2.25
2015.11.30 17:44:50.347,0.74325,0.74343,1.00,1.75
2015.11.30 17:44:50.882,0.74325,0.74343,1.00,2.25
2015.11.30 17:44:50.933,0.7432,0.74343,1.87,2.25
2015.11.30 17:44:51.034,0.74319,0.74341,1.75,1.75
2015.11.30 17:44:51.336,0.7432,0.74341,1.12,2.25
2015.11.30 17:44:53.235,0.7432,0.74341,1.37,2.25
2015.11.30 17:44:53.830,0.7432,0.74341,1.75,1.75
2015.11.30 17:44:55.559,0.7432,0.74338,1.50,1.37
2015.11.30 17:44:55.711,0.74315,0.74336,1.12,2.25
2015.11.30 17:45:00.481,0.74314,0.74336,1.12,2.25
2015.11.30 17:45:01.482,0.74314,0.74336,1.00,2.25
2015.11.30 17:45:04.095,0.74315,0.74333,1.00,1.75
2015.11.30 17:45:07.504,0.74315,0.74335,1.37,2.25
2015.11.30 17:45:08.129,0.74315,0.74335,1.50,1.75
2015.11.30 17:45:14.816,0.74315,0.74332,1.00,1.75
2015.11.30 17:45:15.543,0.7431,0.74333,2.25,1.75
2015.11.30 17:45:16.063,0.74309,0.7433,1.37,1.75
2015.11.30 17:45:16.113,0.74309,0.74326,1.00,1.00
2015.11.30 17:45:16.570,0.74305,0.74328,2.25,1.75
2015.11.30 17:45:16.900,0.7431,0.74327,1.00,1.75
2015.11.30 17:45:29.291,0.74309,0.74328,1.00,1.75
2015.11.30 17:45:32.264,0.7431,0.74328,1.00,1.75
2015.11.30 17:45:33.334,0.7431,0.74329,1.00,2.25
2015.11.30 17:45:33.780,0.7431,0.74331,1.00,1.75
2015.11.30 17:45:34.255,0.74314,0.74334,1.00,3.75
2015.11.30 17:45:34.406,0.74314,0.74335,1.00,2.25
2015.11.30 17:45:34.912,0.74315,0.74335,1.12,1.75
2015.11.30 17:45:36.106,0.74315,0.74336,1.00,2.25
2015.11.30 17:45:37.958,0.74315,0.74331,1.87,1.00
2015.11.30 17:45:38.339,0.7432,0.74336,1.00,1.75
2015.11.30 17:45:38.440,0.74315,0.74336,1.87,1.75
2015.11.30 17:45:42.222,0.74315,0.74332,1.00,1.50
2015.11.30 17:45:42.534,0.7431,0.74333,2.25,1.75
2015.11.30 17:45:43.074,0.74315,0.74336,1.00,1.75
2015.11.30 17:45:44.365,0.74314,0.74335,1.00,1.75
2015.11.30 17:45:44.872,0.74315,0.74335,1.12,1.75
2015.11.30 17:45:45.470,0.74314,0.74339,2.25,2.25
2015.11.30 17:45:47.124,0.74315,0.74335,1.37,1.75
2015.11.30 17:45:47.324,0.74312,0.74335,1.75,2.25
2015.11.30 17:45:48.255,0.74314,0.74336,1.50,1.75
2015.11.30 17:45:49.714,0.74316,0.74339,1.00,3.75
2015.11.30 17:45:49.765,0.7432,0.74339,1.00,3.75
2015.11.30 17:45:49.866,0.7432,0.74336,1.00,1.00
2015.11.30 17:45:50.355,0.7432,0.74341,1.50,1.75
2015.11.30 17:45:50.644,0.7432,0.74341,1.12,2.25
2015.11.30 17:45:54.839,0.7432,0.74338,1.12,1.75
2015.11.30 17:45:54.939,0.74315,0.74336,1.75,1.75
2015.11.30 17:45:59.994,0.7432,0.74339,1.00,1.75
2015.11.30 17:46:00.195,0.74325,0.74348,1.50,1.75
2015.11.30 17:46:01.065,0.74326,0.74347,1.75,1.75
2015.11.30 17:46:01.573,0.7433,0.74348,1.00,1.00
2015.11.30 17:46:03.043,0.7433,0.74353,1.50,2.25
2015.11.30 17:46:03.093,0.7433,0.74353,2.25,2.25
2015.11.30 17:46:13.771,0.7433,0.74353,2.25,2.25
2015.11.30 17:46:13.822,0.7433,0.74353,2.25,2.25
2015.11.30 17:46:30.116,0.74329,0.74349,1.75,1.00
2015.11.30 17:46:31.949,0.74327,0.7435,1.75,1.50
2015.11.30 17:46:32.050,0.74325,0.74347,1.75,1.87
2015.11.30 17:46:32.151,0.74325,0.74347,1.75,2.25
2015.11.30 17:46:32.227,0.74325,0.74344,1.75,1.50
2015.11.30 17:46:32.732,0.74325,0.74344,1.50,1.50
2015.11.30 17:46:32.934,0.74323,0.74342,1.00,1.37
2015.11.30 17:46:35.393,0.74324,0.74341,1.00,1.00
2015.11.30 17:46:36.131,0.74325,0.74341,1.00,1.00
2015.11.30 17:46:36.523,0.74323,0.74341,1.00,1.00
2015.11.30 17:46:53.413,0.74323,0.7434,1.00,1.00
2015.11.30 17:46:53.990,0.74319,0.7434,1.75,1.12
2015.11.30 17:47:02.497,0.7432,0.74342,1.75,1.75
2015.11.30 17:47:03.232,0.7432,0.74342,1.50,1.75
2015.11.30 17:47:05.922,0.7432,0.74341,1.50,1.50
2015.11.30 17:47:06.225,0.74316,0.74339,1.75,1.75
2015.11.30 17:47:06.627,0.7432,0.74344,1.50,1.75
2015.11.30 17:47:06.678,0.7432,0.74344,1.75,1.75
2015.11.30 17:47:06.729,0.7432,0.74342,1.75,1.00
2015.11.30 17:47:24.845,0.74325,0.74346,1.37,1.75
2015.11.30 17:47:36.163,0.74321,0.74344,1.75,1.37
2015.11.30 17:47:41.347,0.7432,0.74344,1.75,1.75
2015.11.30 17:47:41.549,0.7432,0.74341,1.12,1.75
2015.11.30 17:47:47.174,0.7432,0.7434,1.00,1.75
2015.11.30 17:47:47.518,0.74315,0.74334,1.00,1.75
2015.11.30 17:47:56.411,0.74315,0.74335,1.00,1.75
2015.11.30 17:47:56.682,0.7432,0.74335,1.00,1.75
2015.11.30 17:47:56.981,0.7432,0.74338,1.00,1.75
2015.11.30 17:47:57.688,0.74315,0.74338,1.50,1.75
2015.11.30 17:47:57.788,0.74315,0.74333,1.00,1.00
2015.11.30 17:47:58.390,0.74314,0.74333,2.25,1.00
2015.11.30 17:48:02.011,0.74315,0.74333,1.00,1.00
2015.11.30 17:48:02.112,0.7432,0.74333,1.00,1.00
2015.11.30 17:48:02.493,0.7432,0.74335,1.00,1.00
2015.11.30 17:48:02.614,0.74316,0.74335,1.50,1.00
2015.11.30 17:48:02.821,0.74317,0.7434,1.50,1.75
2015.11.30 17:48:03.502,0.7432,0.7434,1.00,1.75
2015.11.30 17:48:11.638,0.7432,0.7434,1.37,1.75
2015.11.30 17:48:27.464,0.74321,0.74344,1.37,1.75
2015.11.30 17:48:27.849,0.7432,0.74343,1.00,1.75
2015.11.30 17:48:28.542,0.74318,0.7434,1.00,1.75
2015.11.30 17:48:29.281,0.74317,0.74339,1.00,1.75
2015.11.30 17:48:29.473,0.74315,0.74336,1.12,1.75
2015.11.30 17:48:29.811,0.7432,0.74339,1.00,3.00
2015.11.30 17:48:29.947,0.7432,0.74339,1.00,1.75
2015.11.30 17:48:29.998,0.7432,0.74337,1.00,1.00
2015.11.30 17:48:30.382,0.74317,0.7434,1.37,3.75
2015.11.30 17:48:30.433,0.74315,0.74334,1.50,1.75
2015.11.30 17:48:37.514,0.74315,0.74336,1.37,1.75
2015.11.30 17:48:38.195,0.74315,0.74336,1.00,1.75
2015.11.30 17:48:44.190,0.74315,0.74335,1.12,1.75
2015.11.30 17:48:44.333,0.74319,0.74336,1.00,1.75
2015.11.30 17:48:44.673,0.74325,0.74337,1.00,1.75
2015.11.30 17:48:44.824,0.74325,0.74339,1.00,1.00
2015.11.30 17:48:45.422,0.74325,0.74345,1.00,1.75
2015.11.30 17:48:46.890,0.74325,0.74346,1.37,1.75
2015.11.30 17:48:46.941,0.74325,0.74346,1.75,1.75
2015.11.30 17:48:49.798,0.74325,0.74344,1.37,1.37
2015.11.30 17:48:50.182,0.74325,0.74344,1.00,1.75
2015.11.30 17:48:50.896,0.74325,0.74343,1.00,1.75
2015.11.30 17:48:51.048,0.74325,0.74343,1.00,1.50
2015.11.30 17:48:54.332,0.74324,0.74343,2.25,1.00
2015.11.30 17:48:54.433,0.74324,0.74349,2.25,1.75
2015.11.30 17:48:55.029,0.74326,0.74349,1.50,1.75
2015.11.30 17:48:56.069,0.74326,0.74349,1.75,1.75
2015.11.30 17:48:56.421,0.74328,0.74351,1.75,1.75
2015.11.30 17:48:59.683,0.74325,0.74349,1.75,2.25
2015.11.30 17:48:59.784,0.7432,0.74343,3.75,1.37
2015.11.30 17:49:07.792,0.74323,0.74343,1.00,1.37
2015.11.30 17:49:08.528,0.7432,0.74343,2.25,1.75
2015.11.30 17:49:09.037,0.7432,0.74343,2.25,1.50
2015.11.30 17:49:20.258,0.74319,0.74342,2.25,1.50
2015.11.30 17:49:20.359,0.74321,0.7434,1.00,1.00
2015.11.30 17:49:44.230,0.74324,0.74347,1.37,1.75
2015.11.30 17:49:44.281,0.74324,0.74347,2.25,1.75
2015.11.30 17:49:44.382,0.74324,0.74347,2.25,1.50
2015.11.30 17:49:47.630,0.74328,0.74351,1.75,1.75
2015.11.30 17:49:47.681,0.74328,0.74351,1.75,1.75
2015.11.30 17:49:47.781,0.74329,0.74352,1.50,1.75
2015.11.30 17:49:47.832,0.74325,0.74348,2.25,1.50
2015.11.30 17:49:47.882,0.74325,0.74348,2.25,1.75
2015.11.30 17:49:50.929,0.74327,0.7435,1.75,1.75
2015.11.30 17:49:51.030,0.74327,0.7435,1.75,1.75
2015.11.30 17:49:52.221,0.74329,0.7435,1.75,1.37
2015.11.30 17:49:52.272,0.74329,0.74351,1.75,1.12
2015.11.30 17:49:52.400,0.74335,0.74353,1.00,1.00
2015.11.30 17:49:52.451,0.74332,0.74355,1.50,1.75
2015.11.30 17:49:52.502,0.74332,0.74355,1.50,1.75
2015.11.30 17:49:54.307,0.74332,0.74355,1.75,1.75
2015.11.30 17:49:54.408,0.7433,0.74352,1.75,1.00
2015.11.30 17:49:54.509,0.7433,0.74354,1.50,1.75
2015.11.30 17:49:54.610,0.74328,0.74351,1.75,1.75
2015.11.30 17:50:00.573,0.74324,0.74349,3.00,1.75
2015.11.30 17:50:01.270,0.74324,0.74347,3.00,1.50
2015.11.30 17:50:04.285,0.74323,0.74346,1.75,1.37
2015.11.30 17:50:04.915,0.74323,0.74346,1.75,1.75
2015.11.30 17:50:10.200,0.74326,0.74344,1.00,1.37
2015.11.30 17:50:10.509,0.7432,0.74341,1.50,1.75
2015.11.30 17:50:12.528,0.74315,0.7434,2.25,1.75
2015.11.30 17:50:15.614,0.74316,0.74339,1.75,1.50
2015.11.30 17:50:15.715,0.7432,0.74343,1.75,1.75
2015.11.30 17:50:22.243,0.74323,0.74342,1.00,1.00
2015.11.30 17:50:33.198,0.7432,0.74343,2.25,2.25
2015.11.30 17:50:33.743,0.74321,0.74344,1.75,1.75
2015.11.30 17:50:33.844,0.74321,0.74343,1.50,1.75
2015.11.30 17:50:43.868,0.74325,0.74343,1.00,2.25
2015.11.30 17:50:45.020,0.7432,0.74343,2.25,2.25
2015.11.30 17:50:45.080,0.74325,0.74343,1.00,2.25
2015.11.30 17:50:53.299,0.74325,0.74343,1.00,1.75
2015.11.30 17:50:54.333,0.74324,0.74346,1.50,2.25
2015.11.30 17:50:54.434,0.74324,0.74347,2.25,1.75
2015.11.30 17:50:54.485,0.74324,0.74347,2.25,1.37
2015.11.30 17:50:54.535,0.7433,0.74347,1.00,1.00
2015.11.30 17:50:54.687,0.74325,0.7435,2.25,1.75
2015.11.30 17:50:55.203,0.74325,0.7435,2.25,1.75
2015.11.30 17:50:58.098,0.74324,0.74345,2.25,1.75
2015.11.30 17:50:58.516,0.7432,0.74344,2.25,1.75
2015.11.30 17:50:58.819,0.74327,0.7435,1.75,1.75
2015.11.30 17:51:03.248,0.74326,0.74349,1.50,1.75
2015.11.30 17:51:03.299,0.74324,0.74347,2.25,1.75
2015.11.30 17:51:03.508,0.74325,0.74347,1.75,1.75
2015.11.30 17:51:04.142,0.74325,0.74347,1.75,1.75
2015.11.30 17:51:09.854,0.74327,0.7435,1.75,1.75
2015.11.30 17:51:09.904,0.74327,0.7435,1.75,1.75
2015.11.30 17:51:25.046,0.74331,0.74349,1.00,1.00
2015.11.30 17:51:28.049,0.74327,0.7435,1.50,1.75
2015.11.30 17:51:28.351,0.7432,0.74343,1.50,1.75
2015.11.30 17:51:28.653,0.74319,0.74339,1.37,1.75
2015.11.30 17:51:33.156,0.7432,0.74339,1.00,1.00
2015.11.30 17:51:33.206,0.74319,0.74342,1.75,1.50
2015.11.30 17:51:33.518,0.74323,0.74346,1.37,1.75
2015.11.30 17:51:37.138,0.74321,0.74344,1.75,1.75
2015.11.30 17:51:37.818,0.74325,0.74343,1.50,1.00
2015.11.30 17:51:44.978,0.74325,0.74346,1.50,1.75
2015.11.30 17:51:45.479,0.74325,0.74346,1.75,1.75
2015.11.30 17:51:50.496,0.74321,0.74344,1.75,1.50
2015.11.30 17:51:55.398,0.74325,0.74346,1.75,1.50
2015.11.30 17:51:56.261,0.74325,0.74347,1.75,1.75
2015.11.30 17:51:56.790,0.74325,0.74347,1.75,1.75
2015.11.30 17:52:04.484,0.74324,0.74347,1.75,1.75
2015.11.30 17:52:05.094,0.74324,0.74347,1.75,1.75
2015.11.30 17:52:25.000,0.74328,0.74346,1.00,1.50
2015.11.30 17:52:27.405,0.74325,0.74345,1.75,1.50
2015.11.30 17:52:27.919,0.74325,0.74345,1.50,1.75
2015.11.30 17:52:31.977,0.7432,0.74342,1.75,1.50
2015.11.30 17:52:32.028,0.7432,0.74342,1.75,1.75
2015.11.30 17:52:42.530,0.7432,0.74342,1.75,1.50
2015.11.30 17:52:43.053,0.7432,0.74342,1.75,1.12
2015.11.30 17:52:45.178,0.7432,0.7434,1.75,1.50
2015.11.30 17:52:45.278,0.74319,0.7434,1.50,1.75
2015.11.30 17:52:45.480,0.7432,0.74336,1.00,1.50
2015.11.30 17:52:47.734,0.74315,0.74338,1.75,1.75
2015.11.30 17:52:52.282,0.74314,0.74336,1.75,1.75
2015.11.30 17:52:56.883,0.74314,0.74336,1.37,1.75
2015.11.30 17:52:57.198,0.7431,0.74333,2.25,1.75
2015.11.30 17:53:00.223,0.7431,0.74333,2.25,1.50
2015.11.30 17:53:00.274,0.7431,0.74333,2.25,1.50
2015.11.30 17:53:11.593,0.74311,0.74334,1.75,1.75
2015.11.30 17:53:12.112,0.74311,0.74334,1.75,1.75
2015.11.30 17:53:13.516,0.74314,0.74332,1.00,1.00
2015.11.30 17:53:24.456,0.74312,0.74335,1.75,1.50
2015.11.30 17:53:24.507,0.74312,0.74335,1.75,1.50
2015.11.30 17:53:39.457,0.74319,0.7434,1.00,2.25
2015.11.30 17:53:39.709,0.74321,0.74343,1.00,2.25
2015.11.30 17:53:39.760,0.74321,0.74344,1.50,3.00
2015.11.30 17:53:39.860,0.7432,0.7434,1.75,1.50
2015.11.30 17:53:39.999,0.74317,0.7434,1.75,1.75
2015.11.30 17:53:40.052,0.74315,0.74337,1.75,1.50
2015.11.30 17:53:40.749,0.74315,0.74337,1.75,1.75
2015.11.30 17:53:41.318,0.74315,0.74337,1.75,1.75
2015.11.30 17:53:44.350,0.74311,0.74334,1.75,1.50
2015.11.30 17:53:44.465,0.74311,0.74334,1.75,1.75
2015.11.30 17:54:02.034,0.74309,0.7433,1.75,1.00
2015.11.30 17:54:02.085,0.74309,0.7433,1.75,1.12
2015.11.30 17:54:02.669,0.7431,0.74331,1.50,1.00
2015.11.30 17:54:03.411,0.7431,0.74332,1.75,1.12
2015.11.30 17:54:04.985,0.74313,0.74333,1.00,1.37
2015.11.30 17:54:05.286,0.74308,0.74333,1.75,1.75
2015.11.30 17:54:05.337,0.74305,0.74327,1.75,1.00
2015.11.30 17:54:05.873,0.74305,0.74327,1.75,1.50
2015.11.30 17:54:06.407,0.74311,0.74329,1.00,1.00
2015.11.30 17:54:07.228,0.74311,0.74328,1.00,1.00
2015.11.30 17:54:09.513,0.74311,0.74329,1.00,1.50
2015.11.30 17:54:10.423,0.7431,0.74331,1.12,1.75
2015.11.30 17:54:10.842,0.74309,0.74329,1.75,1.00
2015.11.30 17:54:10.943,0.7431,0.74328,1.00,1.00
2015.11.30 17:54:12.929,0.7431,0.74327,1.00,1.00
2015.11.30 17:54:15.117,0.74305,0.74327,1.75,1.75
2015.11.30 17:54:15.419,0.74305,0.74323,1.50,1.50
2015.11.30 17:54:15.520,0.74307,0.74325,1.00,1.00
2015.11.30 17:54:19.019,0.74307,0.74324,1.00,1.00
2015.11.30 17:54:19.422,0.74305,0.74322,1.50,1.00
2015.11.30 17:54:19.743,0.74305,0.74322,1.00,1.75
2015.11.30 17:54:20.235,0.743,0.74322,1.75,1.75
2015.11.30 17:54:20.566,0.74305,0.74322,1.00,1.75
2015.11.30 17:54:20.954,0.74305,0.74327,1.75,1.75
2015.11.30 17:54:21.546,0.74305,0.7433,1.75,1.75
2015.11.30 17:54:21.848,0.74305,0.74327,1.50,1.75
2015.11.30 17:54:25.875,0.74305,0.74326,1.75,1.12
2015.11.30 17:54:26.077,0.74309,0.74332,1.50,1.75
2015.11.30 17:54:26.796,0.7431,0.74326,1.00,1.00
2015.11.30 17:54:26.947,0.74305,0.74327,1.75,1.50
2015.11.30 17:54:28.167,0.74305,0.74328,2.25,1.50
2015.11.30 17:54:30.167,0.74307,0.74332,1.75,1.50
2015.11.30 17:54:30.469,0.7431,0.74332,3.75,1.00
2015.11.30 17:54:30.635,0.74311,0.74335,1.75,1.50
2015.11.30 17:54:30.711,0.74311,0.74335,1.75,1.75
2015.11.30 17:54:31.970,0.7431,0.74332,1.75,1.50
2015.11.30 17:54:37.359,0.74307,0.7433,3.75,1.00
2015.11.30 17:54:37.484,0.74309,0.74332,3.00,1.00
2015.11.30 17:54:40.291,0.74309,0.74332,1.75,1.50
2015.11.30 17:54:40.800,0.74305,0.74326,2.25,1.00
2015.11.30 17:54:40.901,0.74301,0.74325,3.75,1.12
2015.11.30 17:54:50.591,0.74301,0.74324,1.75,1.50
2015.11.30 17:54:50.912,0.74305,0.74328,1.75,2.25
2015.11.30 17:54:51.013,0.74305,0.74328,1.50,2.25
2015.11.30 17:54:51.617,0.74307,0.74325,1.00,1.00
2015.11.30 17:54:51.998,0.74304,0.74328,2.25,1.75
2015.11.30 17:54:58.521,0.74305,0.74328,2.25,1.75
2015.11.30 17:54:59.617,0.74305,0.74327,1.50,1.75
2015.11.30 17:55:04.615,0.74305,0.74329,2.25,1.75
2015.11.30 17:55:08.217,0.7431,0.74329,1.00,1.37
2015.11.30 17:55:08.267,0.7431,0.74329,1.00,1.00
2015.11.30 17:55:08.516,0.74305,0.74329,1.50,1.00
2015.11.30 17:55:09.715,0.7431,0.74329,1.00,1.00
2015.11.30 17:55:10.281,0.7431,0.7433,1.00,1.00
2015.11.30 17:55:11.148,0.74309,0.74331,1.00,1.00
2015.11.30 17:55:11.249,0.7431,0.74333,1.00,1.00
2015.11.30 17:55:11.300,0.74315,0.74333,1.00,1.00
2015.11.30 17:55:11.915,0.7431,0.74333,1.50,1.00
2015.11.30 17:55:13.242,0.7431,0.74332,1.00,1.00
2015.11.30 17:55:13.345,0.74314,0.74332,1.00,1.00
2015.11.30 17:55:13.894,0.74315,0.74333,1.00,1.00
2015.11.30 17:55:14.180,0.7431,0.74333,1.00,1.00
2015.11.30 17:55:14.233,0.7431,0.74331,1.00,1.00
2015.11.30 17:55:16.283,0.7431,0.7433,1.00,1.00
2015.11.30 17:55:20.175,0.74309,0.7433,1.00,1.00
2015.11.30 17:55:24.973,0.74309,0.74332,1.50,1.00
2015.11.30 17:55:25.226,0.74315,0.74336,1.00,1.00
2015.11.30 17:55:25.564,0.74312,0.74335,1.00,1.50
2015.11.30 17:55:25.913,0.74309,0.74332,1.50,1.00
2015.11.30 17:55:26.521,0.7431,0.74332,1.00,1.00
2015.11.30 17:55:28.328,0.74309,0.74332,1.50,1.00
2015.11.30 17:55:28.831,0.74309,0.74331,1.00,1.00
2015.11.30 17:55:29.625,0.7431,0.74331,1.00,1.00
2015.11.30 17:55:29.871,0.74306,0.74331,1.00,1.00
2015.11.30 17:55:29.924,0.74306,0.74329,1.00,1.00
2015.11.30 17:55:30.254,0.74306,0.74331,1.00,1.00
2015.11.30 17:55:30.304,0.7431,0.74331,1.00,1.00
2015.11.30 17:55:30.405,0.7431,0.74334,1.00,1.00
2015.11.30 17:55:30.507,0.74314,0.74339,1.00,1.00
2015.11.30 17:55:31.334,0.74314,0.74339,1.37,1.37
2015.11.30 17:55:33.357,0.7431,0.74333,2.25,1.75
2015.11.30 17:55:34.355,0.74314,0.74337,1.75,1.75
2015.11.30 17:55:38.968,0.74314,0.74337,1.75,1.50
2015.11.30 17:55:39.069,0.74315,0.74336,1.75,1.00
2015.11.30 17:55:39.221,0.74315,0.74337,1.75,1.50
2015.11.30 17:55:47.065,0.74315,0.74337,1.37,1.87
2015.11.30 17:55:47.116,0.74315,0.74337,1.00,1.50
2015.11.30 17:55:49.197,0.74315,0.74336,1.00,1.00
2015.11.30 17:55:49.749,0.74315,0.74337,1.00,1.50
2015.11.30 17:55:50.823,0.74315,0.74336,1.00,1.00
2015.11.30 17:55:54.519,0.74315,0.74337,1.00,1.50
2015.11.30 17:55:56.876,0.74315,0.74336,1.00,1.00
2015.11.30 17:55:57.786,0.74314,0.74336,1.00,1.00
2015.11.30 17:55:57.927,0.74319,0.74336,1.00,1.00
2015.11.30 17:55:58.128,0.74319,0.74338,1.00,1.50
2015.11.30 17:56:00.112,0.74319,0.74339,1.00,1.00
2015.11.30 17:56:02.294,0.7432,0.74339,1.00,1.00
2015.11.30 17:56:07.273,0.74315,0.74339,1.50,1.00
2015.11.30 17:56:07.324,0.74317,0.74339,1.00,1.00
2015.11.30 17:56:08.444,0.74317,0.74338,1.00,1.00
2015.11.30 17:56:08.545,0.74315,0.74338,1.50,1.00
2015.11.30 17:56:09.088,0.74316,0.74338,1.00,1.00
2015.11.30 17:56:13.751,0.74315,0.74338,1.00,1.00
2015.11.30 17:56:13.922,0.74317,0.74338,1.00,1.00
2015.11.30 17:56:14.455,0.74317,0.74339,1.00,1.00
2015.11.30 17:56:14.787,0.7432,0.74341,1.00,1.00
2015.11.30 17:56:15.447,0.74319,0.74342,1.00,1.00
2015.11.30 17:56:17.251,0.74319,0.74342,1.87,1.37
2015.11.30 17:56:17.758,0.74319,0.74342,2.25,1.75
2015.11.30 17:56:29.663,0.7432,0.74336,1.00,2.25
2015.11.30 17:56:29.764,0.74314,0.74336,1.75,1.12
2015.11.30 17:56:34.656,0.74319,0.74341,1.75,1.12
2015.11.30 17:56:34.757,0.74323,0.74345,1.75,1.50
2015.11.30 17:56:34.858,0.74327,0.74345,1.00,1.00
2015.11.30 17:56:36.472,0.74327,0.74344,1.00,1.00
2015.11.30 17:56:36.573,0.74321,0.74344,1.75,1.75
2015.11.30 17:56:37.750,0.74321,0.7434,1.75,1.12
2015.11.30 17:56:38.093,0.74318,0.7434,1.75,1.75
2015.11.30 17:56:38.407,0.74319,0.74342,1.75,1.75
2015.11.30 17:56:39.971,0.74325,0.74343,1.00,1.00
2015.11.30 17:56:42.885,0.74321,0.74344,1.75,1.12
2015.11.30 17:56:43.952,0.74326,0.74344,1.00,1.37
2015.11.30 17:56:44.286,0.74316,0.74339,1.75,1.50
2015.11.30 17:56:47.037,0.74315,0.74336,3.00,1.00
2015.11.30 17:56:47.088,0.74319,0.74336,1.00,1.00
2015.11.30 17:56:47.189,0.74313,0.74335,1.75,1.50
2015.11.30 17:56:47.290,0.74309,0.74332,1.75,1.12
2015.11.30 17:56:50.967,0.7431,0.74332,1.75,1.75
2015.11.30 17:56:52.298,0.7431,0.74333,2.25,1.50
2015.11.30 17:56:52.508,0.7431,0.74333,2.25,1.75
2015.11.30 17:57:00.883,0.7431,0.74333,2.25,1.75
2015.11.30 17:57:01.389,0.7431,0.74333,2.25,1.75
2015.11.30 17:57:03.852,0.74308,0.74328,3.00,1.00
2015.11.30 17:57:04.004,0.74305,0.74325,1.37,2.25
2015.11.30 17:57:05.300,0.74305,0.74325,1.75,1.37
2015.11.30 17:57:05.603,0.74305,0.74325,1.75,1.00
2015.11.30 17:57:05.653,0.74305,0.7433,2.25,2.25
2015.11.30 17:57:05.997,0.74306,0.74329,1.75,2.25
2015.11.30 17:57:06.304,0.74307,0.74329,1.75,1.75
2015.11.30 17:57:09.379,0.74305,0.74327,2.25,1.75
2015.11.30 17:57:09.706,0.74306,0.74329,1.75,2.25
2015.11.30 17:57:09.907,0.74307,0.7433,1.75,2.25
2015.11.30 17:57:12.925,0.74306,0.74328,1.75,1.00
2015.11.30 17:57:13.026,0.74305,0.74327,1.75,1.50
2015.11.30 17:57:13.127,0.74306,0.74324,1.00,2.25
2015.11.30 17:57:14.733,0.74308,0.74326,1.00,1.50
2015.11.30 17:57:15.047,0.74305,0.74328,1.75,1.50
2015.11.30 17:57:15.360,0.74308,0.74331,1.75,1.75
2015.11.30 17:57:15.663,0.74306,0.74331,1.75,1.75
2015.11.30 17:57:16.445,0.74305,0.74328,2.25,2.25
2015.11.30 17:57:16.973,0.7431,0.74328,1.00,1.75
2015.11.30 17:57:17.125,0.7431,0.7433,1.12,1.75
2015.11.30 17:57:17.226,0.74311,0.7433,1.00,1.00
2015.11.30 17:57:19.762,0.7431,0.74328,1.00,1.00
2015.11.30 17:57:20.075,0.7431,0.7433,1.00,2.25
2015.11.30 17:57:20.125,0.7431,0.7433,1.75,2.25
2015.11.30 17:57:20.278,0.7431,0.74331,1.75,1.50
2015.11.30 17:57:26.947,0.7431,0.74331,1.37,1.75
2015.11.30 17:57:28.276,0.74311,0.7433,1.00,1.50
2015.11.30 17:57:34.052,0.7431,0.74331,1.50,2.25
2015.11.30 17:57:53.324,0.74309,0.74329,1.50,2.25
2015.11.30 17:57:55.525,0.74309,0.74326,1.00,1.50
2015.11.30 17:57:55.827,0.74305,0.74325,1.12,1.75
2015.11.30 17:57:58.199,0.74305,0.74325,1.75,2.25
2015.11.30 17:57:58.932,0.74304,0.74323,1.50,1.00
2015.11.30 17:58:00.152,0.74305,0.74323,1.00,1.00
2015.11.30 17:58:00.305,0.74305,0.74326,1.75,1.12
2015.11.30 17:58:04.732,0.74306,0.74329,1.75,2.25
2015.11.30 17:58:08.898,0.74308,0.74331,1.75,2.25
2015.11.30 17:58:08.949,0.74308,0.74331,1.75,1.50
2015.11.30 17:58:11.911,0.74315,0.74333,1.00,1.00
2015.11.30 17:58:25.141,0.74315,0.74335,1.00,1.75
2015.11.30 17:58:25.654,0.7431,0.74335,1.75,1.75
2015.11.30 17:58:26.718,0.74307,0.74329,2.25,1.00
2015.11.30 17:58:26.769,0.74306,0.74329,1.75,2.25
2015.11.30 17:58:26.870,0.74306,0.74329,1.75,2.25
2015.11.30 17:58:27.378,0.7431,0.74328,1.00,1.00
2015.11.30 17:58:29.060,0.74307,0.74327,1.50,1.75
2015.11.30 17:58:29.761,0.74305,0.74328,1.75,1.50
2015.11.30 17:58:30.183,0.74307,0.7433,1.75,2.25
2015.11.30 17:58:30.764,0.74309,0.7433,1.75,1.12
2015.11.30 17:58:31.077,0.74311,0.74334,1.75,2.25
2015.11.30 17:58:31.650,0.74306,0.7433,1.75,1.75
2015.11.30 17:58:34.547,0.74305,0.74328,2.25,1.37
2015.11.30 17:58:34.648,0.74305,0.74328,2.25,1.50
2015.11.30 17:58:35.274,0.74305,0.74328,1.75,1.50
2015.11.30 17:58:38.060,0.74306,0.74329,1.75,1.75
2015.11.30 17:58:38.752,0.74308,0.74331,1.75,2.25
2015.11.30 17:58:39.336,0.7431,0.74331,1.50,1.75
2015.11.30 17:58:41.775,0.74311,0.74334,1.75,1.75
2015.11.30 17:58:42.078,0.74312,0.74335,1.75,1.75
2015.11.30 17:58:44.170,0.74313,0.74336,1.75,1.50
2015.11.30 17:58:44.518,0.74315,0.74338,1.75,1.50
2015.11.30 17:58:44.847,0.74315,0.74337,1.75,2.25
2015.11.30 17:58:45.149,0.74314,0.74338,1.75,1.75
2015.11.30 17:58:47.530,0.74315,0.74338,1.75,1.75
2015.11.30 17:58:48.763,0.74314,0.74339,1.75,1.75
2015.11.30 17:58:48.813,0.74319,0.74337,1.00,1.00
2015.11.30 17:58:49.467,0.74314,0.74339,1.75,1.75
2015.11.30 17:58:49.983,0.74311,0.74334,3.00,1.12
2015.11.30 17:58:51.211,0.74314,0.74333,1.00,1.00
2015.11.30 17:58:51.312,0.74315,0.74334,1.75,1.50
2015.11.30 17:58:51.908,0.74311,0.74334,3.00,1.00
2015.11.30 17:58:52.700,0.74311,0.74333,2.25,1.00
2015.11.30 17:58:52.902,0.74309,0.74333,1.75,1.12
2015.11.30 17:58:56.312,0.74315,0.74335,1.75,1.37
2015.11.30 17:58:57.657,0.74315,0.74331,1.75,1.00
2015.11.30 17:58:57.707,0.74314,0.74331,1.00,1.00
2015.11.30 17:58:57.808,0.7431,0.74331,1.75,1.50
2015.11.30 17:59:05.286,0.74315,0.74335,1.00,1.75
2015.11.30 17:59:05.337,0.74315,0.74333,1.50,1.00
2015.11.30 17:59:05.438,0.74315,0.74335,1.75,1.50
2015.11.30 17:59:05.787,0.74315,0.74337,1.75,2.25
2015.11.30 17:59:06.924,0.74312,0.74335,1.75,1.50
2015.11.30 17:59:07.024,0.74312,0.74335,1.75,1.75
2015.11.30 17:59:07.563,0.7431,0.74331,1.75,1.00
2015.11.30 17:59:09.200,0.7431,0.7433,1.75,1.00
2015.11.30 17:59:09.320,0.7431,0.74332,1.75,1.12
2015.11.30 17:59:11.644,0.74308,0.74333,1.75,2.25
2015.11.30 17:59:12.044,0.74308,0.74328,1.75,1.00
2015.11.30 17:59:12.144,0.74308,0.74325,1.00,1.00
2015.11.30 17:59:12.346,0.74302,0.74325,1.75,1.75
2015.11.30 17:59:12.447,0.74303,0.74326,1.75,1.75
2015.11.30 17:59:13.637,0.74309,0.74328,1.12,1.75
2015.11.30 17:59:13.940,0.74308,0.74331,1.75,2.25
2015.11.30 17:59:14.746,0.74306,0.74327,1.75,1.12
2015.11.30 17:59:15.048,0.74305,0.74324,1.50,1.75
2015.11.30 17:59:31.692,0.74305,0.74327,1.75,1.75
2015.11.30 17:59:32.154,0.74305,0.74324,1.50,1.75
2015.11.30 17:59:32.456,0.74305,0.74325,1.75,1.37
2015.11.30 17:59:32.975,0.74305,0.74324,1.00,1.50
2015.11.30 17:59:33.473,0.74307,0.74325,1.00,1.50
2015.11.30 17:59:34.579,0.74303,0.74325,1.75,1.50
2015.11.30 17:59:34.894,0.74307,0.74325,1.00,1.00
2015.11.30 17:59:35.070,0.743,0.74323,1.75,1.37
2015.11.30 17:59:36.089,0.74305,0.74327,1.75,1.75
2015.11.30 17:59:36.190,0.74309,0.74327,1.00,1.00
2015.11.30 17:59:36.392,0.74306,0.74329,1.75,1.12
2015.11.30 17:59:36.694,0.74311,0.74334,1.75,1.50
2015.11.30 17:59:37.330,0.74311,0.74332,1.75,1.00
2015.11.30 17:59:37.632,0.74304,0.74327,2.25,2.25
2015.11.30 17:59:39.766,0.74305,0.74326,1.75,1.00
2015.11.30 17:59:40.293,0.7431,0.74329,1.50,1.75
2015.11.30 17:59:44.992,0.74306,0.74329,1.75,1.75
2015.11.30 17:59:45.042,0.74306,0.74329,1.75,1.75
2015.11.30 17:59:48.707,0.74307,0.7433,1.75,2.25
2015.11.30 17:59:56.134,0.74307,0.7433,1.75,1.75
2015.11.30 17:59:59.021,0.74305,0.74323,2.25,1.00
2015.11.30 17:59:59.172,0.743,0.74323,1.50,1.75
