2016.11.02 02:00:00.109,0.7425,0.74275,2.25,1.00
2016.11.02 02:00:00.389,0.7425,0.74275,1.00,1.00
2016.11.02 02:00:00.590,0.74255,0.7428,1.00,1.50
2016.11.02 02:00:00.962,0.74255,0.74278,1.00,1.60
2016.11.02 02:00:01.012,0.7425,0.74275,1.00,1.00
2016.11.02 02:00:01.394,0.7425,0.74273,1.00,1.00
2016.11.02 02:00:01.507,0.7425,0.74275,1.00,1.35
2016.11.02 02:00:02.190,0.74245,0.7427,1.50,1.00
2016.11.02 02:00:02.483,0.74249,0.74276,1.00,2.10
2016.11.02 02:00:02.990,0.7425,0.74275,1.00,1.00
2016.11.02 02:00:03.743,0.74254,0.74278,1.00,1.00
2016.11.02 02:00:03.793,0.7425,0.74275,1.00,1.00
2016.11.02 02:00:05.095,0.74255,0.74278,1.00,1.00
2016.11.02 02:00:05.636,0.74255,0.74277,1.00,1.00
2016.11.02 02:00:05.796,0.7425,0.74275,1.00,1.00
2016.11.02 02:00:08.201,0.7425,0.74272,1.00,1.00
2016.11.02 02:00:08.352,0.74245,0.7427,1.12,1.00
2016.11.02 02:00:09.400,0.7425,0.74275,1.00,1.12
2016.11.02 02:00:17.278,0.7425,0.74275,1.50,1.00
2016.11.02 02:00:17.787,0.7425,0.74275,1.75,1.00
2016.11.02 02:00:18.739,0.74249,0.74276,1.75,1.00
2016.11.02 02:00:18.941,0.74249,0.74276,1.50,1.00
2016.11.02 02:00:19.516,0.7425,0.74275,1.12,1.00
2016.11.02 02:00:19.635,0.74245,0.7427,2.10,1.00
2016.11.02 02:00:19.736,0.74245,0.7427,1.72,1.00
2016.11.02 02:00:20.022,0.74244,0.74271,1.00,1.00
2016.11.02 02:00:20.375,0.74245,0.7427,1.50,1.00
2016.11.02 02:00:20.715,0.7425,0.74275,1.00,1.72
2016.11.02 02:00:20.942,0.7425,0.74275,1.00,1.00
2016.11.02 02:00:28.038,0.74247,0.7427,1.00,1.00
2016.11.02 02:00:28.089,0.74245,0.7427,1.35,1.00
2016.11.02 02:00:28.741,0.7425,0.74273,1.00,1.00
2016.11.02 02:00:28.892,0.7425,0.74275,1.00,1.00
2016.11.02 02:00:31.068,0.74246,0.7427,1.12,1.00
2016.11.02 02:00:31.606,0.74245,0.7427,1.00,1.00
2016.11.02 02:00:33.137,0.74244,0.74271,1.00,1.72
2016.11.02 02:00:33.599,0.74244,0.7427,1.00,1.67
2016.11.02 02:00:34.083,0.7424,0.74265,1.12,1.00
2016.11.02 02:00:34.385,0.74245,0.7427,1.00,2.10
2016.11.02 02:00:34.711,0.7425,0.74275,1.00,1.00
2016.11.02 02:00:36.875,0.74255,0.7428,1.00,1.50
2016.11.02 02:00:37.215,0.7426,0.74285,1.00,1.50
2016.11.02 02:00:39.003,0.7426,0.74285,1.75,1.00
2016.11.02 02:00:39.769,0.74265,0.7429,1.00,1.00
2016.11.02 02:00:39.871,0.74261,0.74285,1.50,1.00
2016.11.02 02:00:40.479,0.74261,0.74285,1.75,1.00
2016.11.02 02:00:40.993,0.7426,0.74285,1.75,1.00
2016.11.02 02:00:43.499,0.7426,0.74285,1.75,1.00
2016.11.02 02:00:44.061,0.74259,0.74286,2.85,1.00
2016.11.02 02:00:45.040,0.74259,0.74286,1.50,1.35
2016.11.02 02:00:45.091,0.74258,0.7428,1.37,1.00
2016.11.02 02:00:45.192,0.74255,0.7428,1.50,1.00
2016.11.02 02:00:45.293,0.74252,0.74275,1.12,1.00
2016.11.02 02:00:45.973,0.74253,0.74275,1.00,1.00
2016.11.02 02:00:46.168,0.74255,0.7428,1.00,1.00
2016.11.02 02:00:46.489,0.7425,0.74275,2.25,1.00
2016.11.02 02:00:46.870,0.74255,0.7428,1.00,1.00
2016.11.02 02:00:47.213,0.7425,0.74275,2.25,1.00
2016.11.02 02:00:47.611,0.74255,0.7428,1.00,1.00
2016.11.02 02:00:47.661,0.74257,0.7428,1.00,1.00
2016.11.02 02:00:47.801,0.74255,0.7428,1.50,1.00
2016.11.02 02:00:48.488,0.74251,0.74275,1.75,1.00
2016.11.02 02:00:49.271,0.74255,0.7428,1.00,1.00
2016.11.02 02:00:52.905,0.7425,0.74275,2.25,1.00
2016.11.02 02:00:52.956,0.74252,0.74275,1.00,1.00
2016.11.02 02:00:53.158,0.7425,0.74275,1.87,1.00
2016.11.02 02:00:53.309,0.74248,0.74271,1.50,1.00
2016.11.02 02:00:53.460,0.74246,0.7427,1.00,1.00
2016.11.02 02:00:54.028,0.74245,0.7427,1.00,1.00
2016.11.02 02:00:56.518,0.7425,0.74275,1.00,1.60
2016.11.02 02:00:56.791,0.7425,0.74275,1.12,1.00
2016.11.02 02:00:57.545,0.7425,0.74275,1.37,1.00
2016.11.02 02:00:59.411,0.74249,0.74276,1.75,1.00
2016.11.02 02:00:59.930,0.7425,0.74275,1.75,1.00
2016.11.02 02:01:00.031,0.74255,0.7428,1.00,1.00
2016.11.02 02:01:00.195,0.7425,0.74275,1.75,1.00
2016.11.02 02:01:00.346,0.7425,0.74275,1.75,1.00
2016.11.02 02:01:00.447,0.7425,0.74275,1.75,1.00
2016.11.02 02:01:01.094,0.74254,0.7428,1.12,1.00
2016.11.02 02:01:02.004,0.74254,0.74279,1.00,1.00
2016.11.02 02:01:02.104,0.7425,0.74275,1.50,1.00
2016.11.02 02:01:02.653,0.7425,0.74275,1.12,1.00
2016.11.02 02:01:04.139,0.74255,0.74279,1.00,1.35
2016.11.02 02:01:04.445,0.7426,0.74276,1.00,1.00
2016.11.02 02:01:04.495,0.7426,0.74278,1.00,1.12
2016.11.02 02:01:04.596,0.7426,0.74281,1.00,2.10
2016.11.02 02:01:04.647,0.74255,0.7428,1.00,1.35
2016.11.02 02:01:05.019,0.74255,0.7428,1.00,1.60
2016.11.02 02:01:05.321,0.7425,0.74275,1.00,1.00
2016.11.02 02:01:05.863,0.7425,0.74275,1.00,2.25
2016.11.02 02:01:08.113,0.7425,0.74275,1.00,2.85
2016.11.02 02:01:08.215,0.74245,0.7427,1.00,1.50
2016.11.02 02:01:08.332,0.74245,0.74267,1.00,1.00
2016.11.02 02:01:10.148,0.7424,0.74265,1.00,1.00
2016.11.02 02:01:12.427,0.74245,0.74265,1.00,1.00
2016.11.02 02:01:12.679,0.74245,0.74267,1.00,1.00
2016.11.02 02:01:13.146,0.74245,0.74265,1.00,1.00
2016.11.02 02:01:13.931,0.74245,0.74264,1.00,1.00
2016.11.02 02:01:15.055,0.74241,0.74264,1.00,1.00
2016.11.02 02:01:15.156,0.7424,0.74264,1.37,1.50
2016.11.02 02:01:15.700,0.7424,0.74262,1.00,1.75
2016.11.02 02:01:16.852,0.74245,0.74264,1.00,1.75
2016.11.02 02:01:17.003,0.74245,0.74266,1.00,1.75
2016.11.02 02:01:18.147,0.7424,0.74265,1.50,1.75
2016.11.02 02:01:18.467,0.7424,0.74263,1.37,1.75
2016.11.02 02:01:18.968,0.74239,0.74263,1.00,2.10
2016.11.02 02:01:19.069,0.7424,0.74263,1.00,1.75
2016.11.02 02:01:19.275,0.7424,0.74264,1.00,1.75
2016.11.02 02:01:19.783,0.7424,0.74264,1.00,1.75
2016.11.02 02:01:19.935,0.7424,0.74264,1.00,1.75
2016.11.02 02:01:21.184,0.7424,0.74261,1.00,2.10
2016.11.02 02:01:21.561,0.74235,0.7426,1.75,1.75
2016.11.02 02:01:21.661,0.7424,0.74261,1.00,2.10
2016.11.02 02:01:24.546,0.74235,0.74259,1.75,1.50
2016.11.02 02:01:26.036,0.7424,0.74259,1.00,1.50
2016.11.02 02:01:27.167,0.74235,0.74259,1.75,1.50
2016.11.02 02:01:42.679,0.7424,0.7426,1.00,1.75
2016.11.02 02:01:42.981,0.7424,0.74261,1.00,1.00
2016.11.02 02:01:43.283,0.7424,0.74263,1.00,1.75
2016.11.02 02:01:43.383,0.74235,0.7426,1.50,1.37
2016.11.02 02:01:43.911,0.74235,0.7426,1.37,1.75
2016.11.02 02:01:43.962,0.74235,0.74259,1.12,1.75
2016.11.02 02:01:47.983,0.7424,0.74259,1.00,1.75
2016.11.02 02:01:48.084,0.7424,0.7426,1.00,1.67
2016.11.02 02:01:48.285,0.74234,0.7426,1.75,1.35
2016.11.02 02:01:49.244,0.74235,0.74258,1.37,1.75
2016.11.02 02:01:49.712,0.7424,0.74256,1.00,1.00
2016.11.02 02:01:50.892,0.7424,0.74262,1.00,1.75
2016.11.02 02:01:51.899,0.74235,0.7426,1.37,2.25
2016.11.02 02:01:52.299,0.74235,0.7426,1.00,2.85
2016.11.02 02:01:52.625,0.7424,0.7426,1.00,1.75
2016.11.02 02:01:53.188,0.7424,0.74261,1.00,1.35
2016.11.02 02:01:53.794,0.74235,0.7426,1.50,1.75
2016.11.02 02:01:56.580,0.7424,0.74259,1.00,1.75
2016.11.02 02:01:58.565,0.7424,0.7426,1.00,1.00
2016.11.02 02:01:59.444,0.7424,0.74262,1.00,1.35
2016.11.02 02:01:59.495,0.74235,0.7426,1.50,1.75
2016.11.02 02:01:59.646,0.74235,0.7426,1.37,2.85
2016.11.02 02:02:00.198,0.74235,0.7426,1.50,2.85
2016.11.02 02:02:00.543,0.7424,0.74261,1.00,1.75
2016.11.02 02:02:00.594,0.74235,0.7426,1.75,1.50
2016.11.02 02:02:00.694,0.74235,0.7426,1.50,2.10
2016.11.02 02:02:02.214,0.7424,0.7426,1.00,1.35
2016.11.02 02:02:02.315,0.74235,0.74259,1.50,1.75
2016.11.02 02:02:02.715,0.7424,0.74259,1.00,1.75
2016.11.02 02:02:03.743,0.74235,0.74259,1.50,1.75
2016.11.02 02:02:08.152,0.74235,0.74259,1.37,1.75
2016.11.02 02:02:08.657,0.74235,0.74258,1.00,1.75
2016.11.02 02:02:10.028,0.74235,0.74257,1.00,1.75
2016.11.02 02:02:15.435,0.74234,0.74256,1.00,1.75
2016.11.02 02:02:15.984,0.74235,0.74256,1.00,1.75
2016.11.02 02:02:16.537,0.74234,0.74256,1.00,1.75
2016.11.02 02:02:16.838,0.74235,0.74256,1.00,1.50
2016.11.02 02:02:33.269,0.74239,0.74261,1.00,1.75
2016.11.02 02:02:33.369,0.74239,0.74263,1.12,1.75
2016.11.02 02:02:33.553,0.7424,0.74265,1.50,1.50
2016.11.02 02:02:33.855,0.74235,0.7426,1.00,1.00
2016.11.02 02:02:36.970,0.74239,0.74264,1.00,1.50
2016.11.02 02:02:37.372,0.74234,0.74261,1.12,1.00
2016.11.02 02:02:38.867,0.7424,0.74263,1.00,1.00
2016.11.02 02:02:39.281,0.74234,0.74261,1.12,1.00
2016.11.02 02:02:40.119,0.7424,0.74263,1.00,1.00
2016.11.02 02:02:40.612,0.74235,0.7426,1.00,1.00
2016.11.02 02:02:41.974,0.74234,0.74261,1.00,1.00
2016.11.02 02:02:42.543,0.74235,0.7426,1.00,1.50
2016.11.02 02:02:46.312,0.74234,0.74261,1.00,1.50
2016.11.02 02:02:48.191,0.7424,0.74261,1.00,1.00
2016.11.02 02:02:48.814,0.74235,0.74259,1.00,1.00
2016.11.02 02:02:49.445,0.74235,0.7426,1.00,1.12
2016.11.02 02:02:50.242,0.74235,0.74259,1.00,1.00
2016.11.02 02:02:52.413,0.74235,0.7426,1.00,1.87
2016.11.02 02:02:57.719,0.7423,0.74255,1.50,1.00
2016.11.02 02:02:57.990,0.74235,0.7426,1.00,1.87
2016.11.02 02:02:59.692,0.74234,0.7426,1.00,1.12
2016.11.02 02:02:59.911,0.7423,0.74255,1.50,1.00
2016.11.02 02:03:00.613,0.74235,0.74258,1.00,1.00
2016.11.02 02:03:01.177,0.74235,0.74259,1.00,1.00
2016.11.02 02:03:01.479,0.7424,0.74259,1.00,1.00
2016.11.02 02:03:01.719,0.74234,0.74259,1.00,1.00
2016.11.02 02:03:02.304,0.74235,0.74259,1.00,1.00
2016.11.02 02:03:05.110,0.7424,0.74259,1.00,1.35
2016.11.02 02:03:05.160,0.7424,0.74262,1.00,1.72
2016.11.02 02:03:05.702,0.74235,0.7426,1.00,1.00
2016.11.02 02:03:06.505,0.74229,0.74254,1.50,1.00
2016.11.02 02:03:06.556,0.74229,0.74254,1.50,1.00
2016.11.02 02:03:06.808,0.74229,0.74253,1.00,1.37
2016.11.02 02:03:07.416,0.74229,0.74253,1.00,1.75
2016.11.02 02:03:07.721,0.7423,0.74253,1.00,1.75
2016.11.02 02:03:10.954,0.7423,0.74253,1.00,1.75
2016.11.02 02:03:12.722,0.74229,0.74255,1.12,1.75
2016.11.02 02:03:12.773,0.74229,0.74255,1.50,1.75
2016.11.02 02:03:13.025,0.7423,0.74255,1.75,1.37
2016.11.02 02:03:13.075,0.7423,0.74255,1.37,1.75
2016.11.02 02:03:13.378,0.7423,0.74255,1.00,1.75
2016.11.02 02:03:13.529,0.74225,0.7425,2.25,1.50
2016.11.02 02:03:13.630,0.7423,0.74254,1.00,1.75
2016.11.02 02:03:13.974,0.7423,0.74254,1.00,1.75
2016.11.02 02:03:14.624,0.74225,0.7425,1.50,1.75
2016.11.02 02:03:17.545,0.7423,0.74253,1.00,1.75
2016.11.02 02:03:17.819,0.74225,0.7425,1.50,1.75
2016.11.02 02:03:18.482,0.74225,0.7425,1.37,1.75
2016.11.02 02:03:19.035,0.74225,0.7425,1.00,1.75
2016.11.02 02:03:32.443,0.74224,0.74251,1.12,1.75
2016.11.02 02:03:34.659,0.74225,0.7425,1.00,1.75
2016.11.02 02:03:36.892,0.74225,0.74247,1.00,1.00
2016.11.02 02:03:38.153,0.74224,0.74247,1.50,1.00
2016.11.02 02:03:38.556,0.74225,0.7425,1.00,1.75
2016.11.02 02:03:39.143,0.74225,0.74249,1.00,1.35
2016.11.02 02:03:43.851,0.7422,0.74245,1.87,1.75
2016.11.02 02:03:43.951,0.74219,0.74242,1.37,1.35
2016.11.02 02:03:44.255,0.7422,0.74241,1.00,1.35
2016.11.02 02:03:44.608,0.7422,0.74241,1.00,1.35
2016.11.02 02:03:47.380,0.7422,0.74241,1.00,1.35
2016.11.02 02:03:47.891,0.7422,0.74241,1.00,1.35
2016.11.02 02:03:48.257,0.74215,0.7424,1.00,1.75
2016.11.02 02:03:48.369,0.7422,0.74241,1.00,1.35
2016.11.02 02:03:48.800,0.74215,0.7424,1.12,1.75
2016.11.02 02:03:50.077,0.7422,0.74241,1.00,1.35
2016.11.02 02:03:50.178,0.74215,0.7424,1.12,1.75
2016.11.02 02:03:52.710,0.7422,0.74244,1.00,1.75
2016.11.02 02:03:52.811,0.7422,0.74239,1.00,1.00
2016.11.02 02:03:54.037,0.7422,0.74244,1.00,1.75
2016.11.02 02:03:54.139,0.7422,0.74244,1.50,1.75
2016.11.02 02:03:54.340,0.7422,0.74245,2.25,1.50
2016.11.02 02:03:54.542,0.7422,0.74245,1.12,1.75
2016.11.02 02:03:57.280,0.7422,0.74245,2.25,1.50
2016.11.02 02:03:57.596,0.74225,0.74246,1.00,1.35
2016.11.02 02:03:59.853,0.74225,0.7425,1.12,1.75
2016.11.02 02:04:00.613,0.74225,0.7425,1.50,1.75
2016.11.02 02:04:00.664,0.74225,0.7425,1.75,1.75
2016.11.02 02:04:05.283,0.74225,0.7425,1.37,1.75
2016.11.02 02:04:05.384,0.74225,0.7425,1.12,1.75
2016.11.02 02:04:05.915,0.7422,0.74245,1.75,1.12
2016.11.02 02:04:05.966,0.7422,0.74245,1.75,1.50
2016.11.02 02:04:06.117,0.74225,0.7425,1.00,2.10
2016.11.02 02:04:06.272,0.74225,0.7425,1.12,2.10
2016.11.02 02:04:10.839,0.74225,0.74247,1.00,1.35
2016.11.02 02:04:10.890,0.7422,0.74245,2.25,1.50
2016.11.02 02:04:10.941,0.7422,0.74245,2.25,1.75
2016.11.02 02:04:11.243,0.74225,0.74247,1.00,1.35
2016.11.02 02:04:11.928,0.7423,0.74251,1.00,1.75
2016.11.02 02:04:12.079,0.7423,0.74252,1.00,1.35
2016.11.02 02:04:12.130,0.74225,0.7425,1.12,1.75
2016.11.02 02:04:13.115,0.7422,0.74245,2.25,1.12
2016.11.02 02:04:13.166,0.7422,0.74245,2.25,1.50
2016.11.02 02:04:13.216,0.7422,0.74245,2.25,1.37
2016.11.02 02:04:13.545,0.74225,0.7425,1.00,1.75
2016.11.02 02:04:13.984,0.74225,0.7425,1.37,1.75
2016.11.02 02:04:24.818,0.74225,0.7425,1.37,1.75
2016.11.02 02:04:24.969,0.74225,0.7425,1.00,1.75
2016.11.02 02:04:25.196,0.74225,0.7425,1.00,1.75
2016.11.02 02:04:25.722,0.7422,0.74245,1.37,1.37
2016.11.02 02:04:25.773,0.7422,0.74245,1.37,1.75
2016.11.02 02:04:27.261,0.74225,0.74248,1.00,1.35
2016.11.02 02:04:27.561,0.7422,0.74245,1.37,1.75
2016.11.02 02:04:27.837,0.74225,0.74248,1.00,1.35
2016.11.02 02:04:28.548,0.7422,0.74245,1.37,1.75
2016.11.02 02:04:29.000,0.7422,0.74245,1.75,1.50
2016.11.02 02:04:29.101,0.7422,0.74243,1.50,1.00
2016.11.02 02:04:29.151,0.7422,0.74245,1.50,1.50
2016.11.02 02:04:29.478,0.74225,0.74248,1.00,1.35
2016.11.02 02:04:35.108,0.74225,0.74248,1.12,1.67
2016.11.02 02:04:37.343,0.74225,0.74248,1.12,1.35
2016.11.02 02:04:37.847,0.74224,0.74245,1.00,1.00
2016.11.02 02:04:43.039,0.74225,0.74245,1.00,1.00
2016.11.02 02:04:45.050,0.74222,0.74245,1.00,1.50
2016.11.02 02:04:45.403,0.7422,0.74245,1.50,1.50
2016.11.02 02:04:45.453,0.7422,0.74243,1.50,1.00
2016.11.02 02:04:46.119,0.7422,0.74245,1.50,1.50
2016.11.02 02:04:46.169,0.74222,0.74245,1.00,1.50
2016.11.02 02:04:46.270,0.74225,0.74245,1.00,1.00
2016.11.02 02:04:46.371,0.74222,0.74245,1.00,1.00
2016.11.02 02:04:46.472,0.74225,0.74245,1.00,1.00
2016.11.02 02:04:46.674,0.7422,0.74245,1.50,1.75
2016.11.02 02:04:47.148,0.74225,0.74246,1.00,1.35
2016.11.02 02:04:47.350,0.74225,0.7425,1.00,2.10
2016.11.02 02:04:47.940,0.74224,0.7425,1.00,2.10
2016.11.02 02:04:49.741,0.74224,0.7425,1.00,2.10
2016.11.02 02:04:49.892,0.7422,0.74245,2.25,1.75
2016.11.02 02:04:50.194,0.74225,0.74249,1.00,1.35
2016.11.02 02:04:51.167,0.7422,0.74245,1.50,1.75
2016.11.02 02:04:51.369,0.74225,0.74248,1.00,1.35
2016.11.02 02:04:51.872,0.74221,0.74246,1.12,1.75
2016.11.02 02:04:53.052,0.74215,0.7424,2.25,1.35
2016.11.02 02:04:53.203,0.74215,0.7424,1.00,2.10
2016.11.02 02:04:54.841,0.74215,0.7424,1.87,1.75
2016.11.02 02:04:54.892,0.74219,0.74243,1.00,4.35
2016.11.02 02:04:54.993,0.7422,0.7424,1.00,1.00
2016.11.02 02:05:00.142,0.7422,0.74245,1.00,1.75
2016.11.02 02:05:00.394,0.74215,0.7424,1.00,1.75
2016.11.02 02:05:00.984,0.7422,0.74242,1.00,1.35
2016.11.02 02:05:01.310,0.7422,0.74238,1.00,1.00
2016.11.02 02:05:05.095,0.74215,0.74238,1.00,1.00
2016.11.02 02:05:05.769,0.7422,0.74238,1.00,1.00
2016.11.02 02:05:07.394,0.7422,0.74243,1.00,1.75
2016.11.02 02:05:07.495,0.7422,0.74242,1.00,1.00
2016.11.02 02:05:07.697,0.7422,0.74245,2.25,1.50
2016.11.02 02:05:08.854,0.7422,0.74245,1.50,1.50
2016.11.02 02:05:08.905,0.7422,0.74245,1.12,1.75
2016.11.02 02:05:09.529,0.74214,0.74241,1.75,1.50
2016.11.02 02:05:09.580,0.74214,0.74241,1.75,1.75
2016.11.02 02:05:09.821,0.7422,0.74245,1.00,1.75
2016.11.02 02:05:10.338,0.7422,0.74245,1.00,1.75
2016.11.02 02:05:10.389,0.7422,0.74245,1.37,1.75
2016.11.02 02:05:10.590,0.74222,0.74245,1.37,1.37
2016.11.02 02:05:11.816,0.74225,0.7425,1.00,1.75
2016.11.02 02:05:12.126,0.74229,0.74251,1.00,1.35
2016.11.02 02:05:12.281,0.74224,0.74251,1.12,2.10
2016.11.02 02:05:13.128,0.74229,0.74251,1.00,1.35
2016.11.02 02:05:15.293,0.74225,0.7425,1.00,1.75
2016.11.02 02:05:15.998,0.7423,0.74251,1.00,1.35
2016.11.02 02:05:20.997,0.74225,0.7425,1.00,1.75
2016.11.02 02:05:22.193,0.7423,0.74251,1.00,1.35
2016.11.02 02:05:22.743,0.74225,0.7425,1.00,1.75
2016.11.02 02:05:27.120,0.74225,0.7425,1.00,1.75
2016.11.02 02:05:32.404,0.7423,0.74251,1.00,1.35
2016.11.02 02:05:32.604,0.74225,0.7425,1.00,1.75
2016.11.02 02:05:36.909,0.74229,0.74251,1.00,1.35
2016.11.02 02:05:39.117,0.74225,0.7425,1.00,1.75
2016.11.02 02:05:41.496,0.7423,0.7425,1.00,1.75
2016.11.02 02:05:41.547,0.7423,0.74249,1.50,1.00
2016.11.02 02:05:41.647,0.7423,0.74255,2.25,1.75
2016.11.02 02:05:41.698,0.74233,0.74255,1.37,1.37
2016.11.02 02:05:41.749,0.74233,0.74255,1.75,1.00
2016.11.02 02:05:41.850,0.74231,0.74255,1.75,1.00
2016.11.02 02:05:42.000,0.7423,0.74255,2.25,1.12
2016.11.02 02:05:42.202,0.74235,0.7426,1.37,1.75
2016.11.02 02:05:42.253,0.74235,0.7426,1.75,1.75
2016.11.02 02:05:43.567,0.74235,0.7426,1.37,1.75
2016.11.02 02:05:43.627,0.74235,0.7426,1.12,1.75
2016.11.02 02:05:46.899,0.74235,0.7426,1.50,1.75
2016.11.02 02:05:47.097,0.74235,0.7426,1.75,1.75
2016.11.02 02:05:51.546,0.74234,0.74261,1.37,2.25
2016.11.02 02:05:51.597,0.74234,0.74261,1.00,1.75
2016.11.02 02:05:52.092,0.74234,0.74261,1.50,1.75
2016.11.02 02:05:52.244,0.74235,0.7426,1.37,1.75
2016.11.02 02:05:52.795,0.74235,0.7426,1.50,1.50
2016.11.02 02:05:53.373,0.74235,0.74256,1.00,1.12
2016.11.02 02:05:53.525,0.74232,0.74255,1.00,1.50
2016.11.02 02:05:53.676,0.74235,0.74255,1.00,1.00
2016.11.02 02:05:53.929,0.74235,0.7426,1.75,1.50
2016.11.02 02:05:53.979,0.74235,0.7426,1.37,1.50
2016.11.02 02:05:54.030,0.74235,0.74256,1.00,1.00
2016.11.02 02:05:54.578,0.74235,0.7426,1.50,1.75
2016.11.02 02:05:57.457,0.74235,0.7426,1.12,1.75
2016.11.02 02:05:58.343,0.7423,0.74255,1.75,1.12
2016.11.02 02:05:58.495,0.74228,0.74251,1.00,1.50
2016.11.02 02:05:59.009,0.74228,0.7425,1.00,1.00
2016.11.02 02:05:59.768,0.74225,0.7425,1.75,1.37
2016.11.02 02:05:59.819,0.74225,0.7425,1.50,1.75
2016.11.02 02:06:00.333,0.7422,0.74246,1.75,1.00
2016.11.02 02:06:00.434,0.7422,0.74246,1.75,1.50
2016.11.02 02:06:04.682,0.74225,0.74248,1.00,1.35
2016.11.02 02:06:04.984,0.74219,0.74246,1.75,1.50
2016.11.02 02:06:05.493,0.7422,0.74245,1.75,1.75
2016.11.02 02:06:12.000,0.7422,0.74245,2.25,1.50
2016.11.02 02:06:12.537,0.7422,0.74245,2.25,1.12
2016.11.02 02:06:14.777,0.74225,0.74248,1.00,1.35
2016.11.02 02:06:15.366,0.74221,0.74246,1.75,1.50
2016.11.02 02:06:20.487,0.74224,0.74251,1.37,1.75
2016.11.02 02:06:20.789,0.74229,0.74256,1.50,2.10
2016.11.02 02:06:20.890,0.74231,0.74254,1.00,1.00
2016.11.02 02:06:21.598,0.7423,0.74255,1.50,1.75
2016.11.02 02:06:22.125,0.7423,0.74255,1.12,1.75
2016.11.02 02:06:22.490,0.7423,0.74255,1.50,1.50
2016.11.02 02:06:27.686,0.74235,0.7426,1.00,2.25
2016.11.02 02:06:27.737,0.7423,0.74255,2.25,1.50
2016.11.02 02:06:30.142,0.7423,0.74255,1.50,1.50
2016.11.02 02:06:34.165,0.74235,0.7426,1.00,3.00
2016.11.02 02:06:35.038,0.7423,0.74255,1.75,1.12
2016.11.02 02:06:35.339,0.7423,0.74255,1.75,1.75
2016.11.02 02:06:43.555,0.7423,0.74255,1.75,1.50
2016.11.02 02:06:44.095,0.74235,0.74257,1.00,1.35
2016.11.02 02:06:44.596,0.7423,0.74255,1.75,1.12
2016.11.02 02:06:48.444,0.7423,0.74255,1.75,1.37
2016.11.02 02:06:49.015,0.7423,0.74255,1.75,1.75
2016.11.02 02:06:52.950,0.7423,0.74255,1.37,1.75
2016.11.02 02:06:53.697,0.7423,0.74252,1.00,1.00
2016.11.02 02:06:58.850,0.7423,0.74255,1.75,1.50
2016.11.02 02:07:00.450,0.7423,0.74255,1.50,2.25
2016.11.02 02:07:00.752,0.7423,0.74255,1.00,1.75
2016.11.02 02:07:00.990,0.74226,0.74249,1.00,1.00
2016.11.02 02:07:01.141,0.74224,0.74251,1.75,1.37
2016.11.02 02:07:01.192,0.7423,0.74254,1.12,1.35
2016.11.02 02:07:01.826,0.7423,0.74254,1.12,1.35
2016.11.02 02:07:02.329,0.7423,0.74254,1.00,1.35
2016.11.02 02:07:04.091,0.74225,0.7425,1.75,1.50
2016.11.02 02:07:06.385,0.7423,0.74255,1.00,2.25
2016.11.02 02:07:06.899,0.74224,0.74251,1.75,1.12
2016.11.02 02:07:07.394,0.74225,0.7425,1.50,1.50
2016.11.02 02:07:10.179,0.74225,0.74249,1.12,1.75
2016.11.02 02:07:11.068,0.74225,0.74249,1.50,1.67
2016.11.02 02:07:11.409,0.74224,0.74249,1.75,1.67
2016.11.02 02:07:11.560,0.74224,0.74249,1.37,1.35
2016.11.02 02:07:11.611,0.74224,0.74249,1.12,1.35
2016.11.02 02:07:11.712,0.74224,0.74249,1.75,1.35
2016.11.02 02:07:14.012,0.7422,0.74245,1.75,1.00
2016.11.02 02:07:17.688,0.74225,0.74248,1.50,2.10
2016.11.02 02:07:17.889,0.74226,0.7425,1.00,2.10
2016.11.02 02:07:18.198,0.74225,0.7425,1.50,2.10
2016.11.02 02:07:18.518,0.7422,0.74245,1.75,1.50
2016.11.02 02:07:18.920,0.7422,0.74244,1.50,1.35
2016.11.02 02:07:19.433,0.7422,0.74241,1.00,1.00
2016.11.02 02:07:26.499,0.7422,0.74244,1.00,1.35
2016.11.02 02:07:26.556,0.74215,0.7424,1.50,1.50
2016.11.02 02:07:26.808,0.7422,0.74245,1.00,1.75
2016.11.02 02:07:26.916,0.7422,0.74245,1.00,1.75
2016.11.02 02:07:29.147,0.7422,0.74243,1.50,1.67
2016.11.02 02:07:29.409,0.7422,0.74245,1.75,2.10
2016.11.02 02:07:29.610,0.74225,0.74248,1.12,1.35
2016.11.02 02:07:30.078,0.7422,0.74245,1.75,1.87
2016.11.02 02:07:30.129,0.7422,0.74245,1.75,1.75
2016.11.02 02:07:30.570,0.7422,0.74245,1.75,1.12
2016.11.02 02:07:31.097,0.74225,0.74247,1.00,2.10
2016.11.02 02:07:31.707,0.7422,0.74245,1.75,1.87
2016.11.02 02:07:39.920,0.7422,0.74245,1.75,2.25
2016.11.02 02:07:39.971,0.74221,0.74244,1.00,1.00
2016.11.02 02:07:40.409,0.7422,0.74242,1.37,1.12
2016.11.02 02:07:40.662,0.74219,0.74242,1.50,1.50
2016.11.02 02:07:41.661,0.7422,0.74242,1.00,1.00
2016.11.02 02:07:47.714,0.7422,0.74245,1.37,1.75
2016.11.02 02:07:47.765,0.74225,0.74248,1.00,2.10
2016.11.02 02:07:47.866,0.74225,0.7425,1.12,3.00
2016.11.02 02:07:48.017,0.74225,0.74249,1.75,1.12
2016.11.02 02:07:48.520,0.74225,0.7425,1.75,2.25
2016.11.02 02:07:49.055,0.74225,0.74249,1.12,1.75
2016.11.02 02:07:49.387,0.7422,0.74243,1.75,1.00
2016.11.02 02:07:49.488,0.7422,0.74243,1.50,1.00
2016.11.02 02:07:49.790,0.7422,0.74245,1.75,1.12
2016.11.02 02:07:50.114,0.74225,0.74248,1.00,2.10
2016.11.02 02:07:57.458,0.74225,0.74248,1.12,2.10
2016.11.02 02:07:57.998,0.74225,0.74248,1.12,1.35
2016.11.02 02:08:00.245,0.7422,0.74245,1.75,1.00
2016.11.02 02:08:01.699,0.7422,0.74245,1.75,1.37
2016.11.02 02:08:01.750,0.74219,0.74246,1.75,2.25
2016.11.02 02:08:05.193,0.74225,0.74246,1.00,1.35
2016.11.02 02:08:05.573,0.7422,0.74245,1.50,1.50
2016.11.02 02:08:05.624,0.7422,0.74245,1.50,1.12
2016.11.02 02:08:05.926,0.7422,0.74243,1.75,1.30
2016.11.02 02:08:10.028,0.7422,0.74245,1.50,2.10
2016.11.02 02:08:10.179,0.7422,0.74245,1.50,2.10
2016.11.02 02:08:11.806,0.7422,0.74244,1.50,1.97
2016.11.02 02:08:12.813,0.74219,0.74245,1.50,1.35
2016.11.02 02:08:12.864,0.74219,0.74245,1.75,1.67
2016.11.02 02:08:13.122,0.74219,0.74246,1.75,2.10
2016.11.02 02:08:13.172,0.74219,0.74246,1.50,2.10
2016.11.02 02:08:15.418,0.7422,0.74242,1.00,1.35
2016.11.02 02:08:15.469,0.74215,0.7424,1.75,1.50
2016.11.02 02:08:15.620,0.74216,0.7424,1.00,2.10
2016.11.02 02:08:16.046,0.74214,0.74239,1.75,1.30
2016.11.02 02:08:16.207,0.74214,0.7424,1.50,2.10
2016.11.02 02:08:16.258,0.74214,0.74239,1.12,1.35
2016.11.02 02:08:16.761,0.74215,0.7424,1.00,2.85
2016.11.02 02:08:17.118,0.74214,0.74238,1.37,1.00
2016.11.02 02:08:18.843,0.74214,0.74238,1.75,1.37
2016.11.02 02:08:19.348,0.74214,0.74239,1.50,1.75
2016.11.02 02:08:19.877,0.7422,0.74238,1.00,1.75
2016.11.02 02:08:19.978,0.74215,0.74238,1.12,1.75
2016.11.02 02:08:20.880,0.7421,0.74235,1.75,1.00
2016.11.02 02:08:21.409,0.74214,0.74238,1.00,1.75
2016.11.02 02:08:22.120,0.7421,0.74235,1.75,1.50
2016.11.02 02:08:22.483,0.74215,0.74238,1.00,1.75
2016.11.02 02:08:22.983,0.7421,0.74235,1.75,1.50
2016.11.02 02:08:23.215,0.74215,0.74237,1.00,1.75
2016.11.02 02:08:23.618,0.7421,0.74235,1.75,1.50
2016.11.02 02:08:24.118,0.74215,0.74237,1.00,1.75
2016.11.02 02:08:24.599,0.7421,0.74235,1.75,1.50
2016.11.02 02:08:24.959,0.7421,0.74233,1.37,1.37
2016.11.02 02:08:25.009,0.74209,0.74232,1.50,1.00
2016.11.02 02:08:25.161,0.7421,0.74233,1.00,1.75
2016.11.02 02:08:25.502,0.74205,0.7423,1.75,1.50
2016.11.02 02:08:28.047,0.74205,0.7423,1.75,1.12
2016.11.02 02:08:28.726,0.74209,0.74232,1.50,1.50
2016.11.02 02:08:30.030,0.74209,0.74235,1.50,1.75
2016.11.02 02:08:30.131,0.74211,0.74234,1.00,1.00
2016.11.02 02:08:32.008,0.74209,0.74235,1.12,1.75
2016.11.02 02:08:32.511,0.7421,0.74234,1.00,1.75
2016.11.02 02:08:37.673,0.7421,0.74235,1.12,1.75
2016.11.02 02:08:38.054,0.74204,0.74231,2.25,1.50
2016.11.02 02:08:38.155,0.7421,0.74231,1.12,1.00
2016.11.02 02:08:38.356,0.74205,0.7423,1.75,1.12
2016.11.02 02:08:38.457,0.7421,0.74232,1.00,1.75
2016.11.02 02:08:38.632,0.7421,0.74232,1.00,1.50
2016.11.02 02:08:40.410,0.74209,0.74231,1.00,1.00
2016.11.02 02:08:40.943,0.7421,0.74232,1.00,1.00
2016.11.02 02:08:41.245,0.74209,0.7423,1.00,1.00
2016.11.02 02:08:41.635,0.7421,0.74232,1.00,1.00
2016.11.02 02:08:43.602,0.7421,0.74234,1.37,1.75
2016.11.02 02:08:44.131,0.74214,0.74236,1.00,1.75
2016.11.02 02:08:44.233,0.7421,0.74235,1.75,1.75
2016.11.02 02:08:45.459,0.74214,0.74238,1.00,1.75
2016.11.02 02:08:45.560,0.7421,0.74235,1.75,1.75
2016.11.02 02:08:53.516,0.7421,0.74235,1.75,1.37
2016.11.02 02:08:54.098,0.7421,0.74235,1.75,1.00
2016.11.02 02:08:55.894,0.7421,0.74235,1.75,1.87
2016.11.02 02:08:56.045,0.7421,0.74233,1.12,1.50
2016.11.02 02:08:56.565,0.74205,0.7423,1.75,1.00
2016.11.02 02:08:56.888,0.74204,0.74231,1.75,1.75
2016.11.02 02:08:58.284,0.74204,0.74231,1.75,1.12
2016.11.02 02:09:01.542,0.74201,0.74226,2.25,1.00
2016.11.02 02:09:01.643,0.74205,0.7423,1.75,2.47
2016.11.02 02:09:01.694,0.74205,0.74229,1.37,1.37
2016.11.02 02:09:01.744,0.74205,0.74229,1.12,1.37
2016.11.02 02:09:02.619,0.74199,0.74226,1.75,1.37
2016.11.02 02:09:02.770,0.742,0.74225,1.12,2.25
2016.11.02 02:09:02.922,0.742,0.74225,1.37,1.75
2016.11.02 02:09:03.451,0.742,0.74225,1.75,1.50
2016.11.02 02:09:04.044,0.742,0.74225,1.75,2.25
2016.11.02 02:09:04.347,0.742,0.74225,1.00,2.85
2016.11.02 02:09:05.533,0.742,0.74225,1.37,2.25
2016.11.02 02:09:05.763,0.74204,0.7423,1.12,2.10
2016.11.02 02:09:06.015,0.74199,0.74226,2.25,1.50
2016.11.02 02:09:06.518,0.74199,0.74226,2.25,1.75
2016.11.02 02:09:06.863,0.74205,0.7423,1.00,2.85
2016.11.02 02:09:07.115,0.74205,0.7423,1.00,1.75
2016.11.02 02:09:08.458,0.742,0.74225,1.75,1.37
2016.11.02 02:09:08.509,0.742,0.74225,1.50,1.75
2016.11.02 02:09:09.158,0.74199,0.74226,1.37,1.75
2016.11.02 02:09:09.309,0.74199,0.74226,1.50,2.25
2016.11.02 02:09:09.755,0.742,0.74225,1.37,1.75
2016.11.02 02:09:10.007,0.74205,0.7423,1.12,1.75
2016.11.02 02:09:10.058,0.74205,0.7423,1.37,1.75
2016.11.02 02:09:10.820,0.74205,0.7423,1.75,1.75
2016.11.02 02:09:12.352,0.74205,0.7423,1.50,1.75
2016.11.02 02:09:12.889,0.742,0.74225,1.75,1.00
2016.11.02 02:09:15.199,0.74205,0.7423,1.12,1.75
2016.11.02 02:09:15.515,0.74205,0.7423,2.25,1.00
2016.11.02 02:09:17.193,0.7421,0.74235,1.00,1.75
2016.11.02 02:09:17.499,0.7421,0.74235,1.75,1.00
2016.11.02 02:09:17.852,0.74216,0.74239,1.00,1.00
2016.11.02 02:09:18.378,0.74216,0.74238,1.00,1.00
2016.11.02 02:09:18.480,0.74215,0.7424,1.12,2.25
2016.11.02 02:09:18.847,0.74215,0.7424,1.75,2.25
2016.11.02 02:09:19.250,0.74215,0.7424,1.75,1.12
2016.11.02 02:09:19.698,0.74211,0.74236,1.75,1.00
2016.11.02 02:09:19.749,0.74211,0.74236,1.75,1.00
2016.11.02 02:09:19.850,0.7421,0.74235,2.25,1.12
2016.11.02 02:09:20.780,0.7421,0.74235,1.50,1.50
2016.11.02 02:09:20.957,0.74213,0.74235,1.00,1.00
2016.11.02 02:09:24.696,0.74213,0.74236,1.00,1.50
2016.11.02 02:09:24.797,0.74213,0.7423,1.00,1.00
2016.11.02 02:09:24.998,0.74213,0.74235,1.00,1.00
2016.11.02 02:09:25.200,0.74213,0.74231,1.00,1.00
2016.11.02 02:09:25.301,0.74206,0.74231,1.75,1.00
2016.11.02 02:09:27.407,0.74205,0.7423,1.75,1.00
2016.11.02 02:09:29.199,0.74205,0.7423,1.75,1.12
2016.11.02 02:09:34.801,0.74205,0.7423,1.75,1.00
2016.11.02 02:09:35.100,0.7421,0.74235,1.50,2.25
2016.11.02 02:09:37.642,0.74205,0.7423,1.75,1.00
2016.11.02 02:09:38.501,0.74204,0.74231,2.25,1.00
2016.11.02 02:09:39.210,0.74205,0.7423,1.75,1.00
2016.11.02 02:09:39.321,0.74205,0.7423,1.75,1.00
2016.11.02 02:09:41.645,0.74209,0.74236,1.50,1.75
2016.11.02 02:09:41.695,0.74209,0.74236,1.75,1.75
2016.11.02 02:09:42.012,0.74205,0.7423,1.75,1.00
2016.11.02 02:09:43.195,0.74205,0.7423,2.25,1.00
2016.11.02 02:09:43.731,0.7421,0.7423,1.00,1.00
2016.11.02 02:09:47.295,0.74205,0.7423,1.75,1.00
2016.11.02 02:09:47.396,0.74205,0.7423,1.75,1.00
2016.11.02 02:09:49.009,0.74205,0.7423,1.75,1.00
2016.11.02 02:09:49.602,0.74205,0.7423,1.75,1.00
2016.11.02 02:09:50.708,0.74205,0.7423,1.75,1.12
2016.11.02 02:09:53.312,0.74202,0.74225,1.75,1.00
2016.11.02 02:09:53.891,0.74202,0.74226,2.25,1.00
2016.11.02 02:09:56.215,0.74205,0.7423,1.75,1.12
2016.11.02 02:10:04.244,0.74202,0.74225,1.75,1.00
2016.11.02 02:10:04.345,0.74202,0.74225,2.25,1.00
2016.11.02 02:10:05.169,0.74205,0.7423,1.75,1.75
2016.11.02 02:10:07.267,0.74204,0.74231,1.75,1.50
2016.11.02 02:10:07.569,0.74205,0.7423,2.25,1.00
2016.11.02 02:10:08.928,0.74205,0.74231,1.75,1.00
2016.11.02 02:10:12.651,0.74209,0.74236,1.50,2.10
2016.11.02 02:10:12.968,0.74208,0.7423,1.75,1.00
2016.11.02 02:10:13.232,0.74209,0.74236,1.75,1.50
2016.11.02 02:10:14.966,0.74208,0.7423,1.75,1.00
2016.11.02 02:10:15.067,0.74211,0.7423,1.00,1.00
2016.11.02 02:10:15.640,0.74207,0.7423,1.75,1.00
2016.11.02 02:10:20.290,0.74205,0.7423,2.25,1.00
2016.11.02 02:10:20.915,0.74208,0.7423,1.75,1.00
2016.11.02 02:10:21.368,0.7421,0.74235,1.75,2.10
2016.11.02 02:10:21.943,0.74208,0.7423,1.75,1.00
2016.11.02 02:10:25.222,0.74205,0.7423,2.25,1.00
2016.11.02 02:10:25.373,0.74205,0.7423,1.37,1.75
2016.11.02 02:10:25.625,0.74203,0.74225,1.00,1.00
2016.11.02 02:10:25.776,0.74201,0.74225,1.75,1.00
2016.11.02 02:10:25.927,0.74205,0.74229,1.50,1.35
2016.11.02 02:10:27.941,0.74201,0.74225,1.75,1.00
2016.11.02 02:10:28.444,0.74199,0.74226,2.25,1.00
2016.11.02 02:10:28.564,0.74199,0.74226,2.25,1.75
2016.11.02 02:10:29.518,0.74199,0.74226,1.75,2.10
2016.11.02 02:10:29.619,0.74199,0.74226,1.37,2.10
2016.11.02 02:10:29.669,0.74199,0.74221,1.00,1.00
2016.11.02 02:10:30.105,0.74195,0.7422,1.50,1.50
2016.11.02 02:10:30.454,0.74196,0.7422,1.75,1.12
2016.11.02 02:10:30.957,0.74195,0.7422,1.75,1.50
2016.11.02 02:10:31.918,0.74195,0.7422,1.50,1.75
2016.11.02 02:10:32.019,0.74195,0.7422,1.50,1.75
2016.11.02 02:10:33.168,0.7419,0.74215,3.00,1.35
2016.11.02 02:10:33.319,0.74185,0.7421,1.75,1.12
2016.11.02 02:10:33.420,0.74187,0.7421,1.12,1.75
2016.11.02 02:10:33.571,0.7419,0.74213,1.50,1.00
2016.11.02 02:10:33.909,0.7419,0.74215,2.25,1.00
2016.11.02 02:10:34.110,0.74195,0.7422,1.75,1.75
2016.11.02 02:10:37.415,0.74194,0.74216,1.75,1.00
2016.11.02 02:10:37.945,0.74194,0.74215,1.75,1.00
2016.11.02 02:10:38.599,0.74194,0.74215,1.12,1.12
2016.11.02 02:10:39.096,0.74189,0.74216,2.10,1.00
2016.11.02 02:10:39.618,0.74194,0.74221,1.75,2.10
2016.11.02 02:10:40.014,0.7419,0.74215,1.75,1.75
2016.11.02 02:10:40.331,0.7419,0.74215,1.12,1.75
2016.11.02 02:10:41.761,0.74191,0.74215,1.37,1.50
2016.11.02 02:10:41.811,0.74192,0.74215,1.00,1.50
2016.11.02 02:10:41.862,0.74191,0.74215,1.75,1.12
2016.11.02 02:10:42.064,0.74195,0.74217,1.00,1.00
2016.11.02 02:10:42.846,0.74194,0.74217,1.50,1.00
2016.11.02 02:10:43.267,0.74195,0.7422,1.37,1.75
2016.11.02 02:10:43.792,0.74195,0.7422,1.75,1.75
2016.11.02 02:10:47.793,0.7419,0.74215,2.25,1.00
2016.11.02 02:10:47.944,0.74192,0.74215,1.75,1.12
2016.11.02 02:10:48.450,0.74195,0.7422,1.12,1.75
2016.11.02 02:10:48.551,0.74195,0.7422,1.50,1.75
2016.11.02 02:10:49.178,0.74191,0.74215,1.75,1.00
2016.11.02 02:10:49.458,0.74194,0.74221,1.75,1.75
2016.11.02 02:10:53.532,0.74195,0.7422,1.50,1.75
2016.11.02 02:10:54.035,0.74195,0.7422,1.75,1.50
2016.11.02 02:10:56.945,0.74194,0.74221,1.75,1.75
2016.11.02 02:10:57.078,0.74193,0.74215,1.00,1.00
2016.11.02 02:10:57.899,0.74193,0.74216,1.00,1.50
2016.11.02 02:10:58.414,0.74193,0.74215,1.00,1.00
2016.11.02 02:10:59.409,0.74193,0.74216,1.00,1.50
2016.11.02 02:10:59.663,0.7419,0.74215,2.25,1.37
2016.11.02 02:10:59.864,0.74185,0.74211,1.75,1.12
2016.11.02 02:11:00.521,0.74185,0.7421,2.25,1.00
2016.11.02 02:11:01.185,0.74183,0.74205,1.75,1.00
2016.11.02 02:11:01.236,0.74182,0.74205,1.75,1.00
2016.11.02 02:11:01.639,0.74185,0.74205,1.00,1.00
2016.11.02 02:11:02.062,0.74181,0.74205,1.75,1.00
2016.11.02 02:11:02.112,0.74185,0.7421,1.75,1.50
2016.11.02 02:11:02.163,0.74185,0.7421,1.75,1.12
2016.11.02 02:11:02.982,0.74184,0.74211,1.75,1.00
2016.11.02 02:11:03.083,0.74184,0.74211,1.75,1.00
2016.11.02 02:11:03.612,0.7419,0.7421,1.00,1.00
2016.11.02 02:11:04.147,0.74185,0.7421,1.75,1.37
2016.11.02 02:11:04.248,0.74184,0.74211,1.75,1.75
2016.11.02 02:11:04.519,0.74182,0.74205,2.25,1.00
2016.11.02 02:11:05.071,0.74181,0.74206,1.75,1.00
2016.11.02 02:11:05.696,0.74183,0.74205,1.75,1.00
2016.11.02 02:11:06.164,0.74183,0.74205,1.75,1.00
2016.11.02 02:11:08.657,0.74182,0.74205,1.75,1.00
2016.11.02 02:11:09.346,0.74181,0.74205,1.75,1.00
2016.11.02 02:11:09.548,0.7418,0.74205,1.75,1.12
2016.11.02 02:11:14.199,0.74182,0.74201,1.00,1.00
2016.11.02 02:11:14.605,0.74179,0.74201,1.00,1.00
2016.11.02 02:11:15.139,0.74179,0.742,1.00,1.00
2016.11.02 02:11:15.777,0.74182,0.74205,1.00,1.00
2016.11.02 02:11:15.878,0.7418,0.74205,1.75,1.00
2016.11.02 02:11:16.079,0.7418,0.74205,1.75,1.50
2016.11.02 02:11:17.021,0.74176,0.742,3.00,1.00
2016.11.02 02:11:17.591,0.7418,0.74205,1.75,1.50
2016.11.02 02:11:18.893,0.74176,0.742,1.75,1.00
2016.11.02 02:11:19.095,0.7418,0.74205,1.75,1.50
2016.11.02 02:11:19.457,0.74176,0.742,2.25,1.00
2016.11.02 02:11:19.620,0.7418,0.74205,1.75,1.50
2016.11.02 02:11:20.023,0.7418,0.74205,1.75,1.00
2016.11.02 02:11:20.398,0.7418,0.74205,1.75,1.37
2016.11.02 02:11:20.700,0.74176,0.74201,1.75,1.00
2016.11.02 02:11:21.198,0.7418,0.74205,1.75,1.75
2016.11.02 02:11:22.508,0.74176,0.742,1.75,1.00
2016.11.02 02:11:26.004,0.7418,0.74202,1.75,1.00
2016.11.02 02:11:27.206,0.74176,0.74201,1.75,1.00
2016.11.02 02:11:27.369,0.7418,0.74203,1.75,1.00
2016.11.02 02:11:27.420,0.74176,0.742,1.75,1.00
2016.11.02 02:11:27.574,0.74181,0.742,1.00,1.00
2016.11.02 02:11:27.682,0.74175,0.742,1.75,1.12
2016.11.02 02:11:28.242,0.74175,0.74199,1.75,1.00
2016.11.02 02:11:28.610,0.74176,0.74199,1.00,1.50
2016.11.02 02:11:28.711,0.74175,0.74199,1.00,1.75
2016.11.02 02:11:29.223,0.7417,0.74196,2.25,1.50
2016.11.02 02:11:29.723,0.7417,0.74196,2.25,1.00
2016.11.02 02:11:29.925,0.7417,0.74196,2.25,1.50
2016.11.02 02:11:30.227,0.74175,0.74199,1.12,1.50
2016.11.02 02:11:30.428,0.74175,0.742,1.75,2.25
2016.11.02 02:11:32.597,0.74175,0.74199,1.12,1.50
2016.11.02 02:11:33.553,0.74171,0.74195,1.75,1.00
2016.11.02 02:11:33.820,0.74175,0.74198,1.12,1.12
2016.11.02 02:11:34.947,0.74171,0.74195,1.75,1.00
2016.11.02 02:11:35.054,0.74177,0.742,1.00,2.25
2016.11.02 02:11:35.263,0.74177,0.74196,1.00,1.00
2016.11.02 02:11:35.837,0.74177,0.74195,1.00,1.00
2016.11.02 02:11:36.404,0.7417,0.74195,2.25,1.00
2016.11.02 02:11:36.572,0.74171,0.74195,1.75,1.00
2016.11.02 02:11:36.843,0.74167,0.7419,1.75,1.00
2016.11.02 02:11:37.445,0.74172,0.7419,1.00,1.00
2016.11.02 02:11:39.161,0.74165,0.7419,2.25,1.00
2016.11.02 02:11:40.764,0.74165,0.74186,1.75,1.00
2016.11.02 02:11:40.957,0.74165,0.74185,1.50,1.50
2016.11.02 02:11:41.059,0.74161,0.7418,1.00,1.00
2016.11.02 02:11:41.275,0.74159,0.74186,1.75,1.50
2016.11.02 02:11:41.764,0.74155,0.7418,2.10,1.00
2016.11.02 02:11:41.865,0.74159,0.74186,1.75,1.50
2016.11.02 02:11:41.966,0.74155,0.7418,1.75,1.00
2016.11.02 02:11:42.867,0.74155,0.74181,2.10,1.00
2016.11.02 02:11:43.169,0.74145,0.7417,1.75,1.00
2016.11.02 02:11:43.518,0.7415,0.74174,1.75,1.00
2016.11.02 02:11:44.064,0.74149,0.74176,1.75,1.12
2016.11.02 02:11:44.374,0.7415,0.74174,1.50,1.50
2016.11.02 02:11:44.575,0.7415,0.74175,1.75,1.00
2016.11.02 02:11:44.995,0.7415,0.74175,1.75,1.00
2016.11.02 02:11:45.190,0.74155,0.7418,1.50,1.50
2016.11.02 02:11:45.566,0.7415,0.74175,2.10,1.00
2016.11.02 02:11:45.868,0.74147,0.7417,2.25,1.00
2016.11.02 02:11:46.024,0.74146,0.74171,1.75,1.12
2016.11.02 02:11:46.175,0.74145,0.7417,2.10,1.00
2016.11.02 02:11:46.276,0.74153,0.74175,1.00,1.00
2016.11.02 02:11:46.679,0.7415,0.74175,1.75,1.00
2016.11.02 02:11:47.394,0.74151,0.74175,1.35,1.00
2016.11.02 02:11:47.798,0.74151,0.74175,1.35,1.00
2016.11.02 02:11:50.376,0.74147,0.74171,2.10,1.00
2016.11.02 02:11:50.476,0.74147,0.7417,2.10,1.00
2016.11.02 02:11:50.577,0.7415,0.74175,1.75,1.50
2016.11.02 02:11:51.091,0.74154,0.74175,1.00,1.00
2016.11.02 02:11:51.292,0.74147,0.7417,2.85,1.00
2016.11.02 02:11:51.594,0.74147,0.7417,1.75,1.00
2016.11.02 02:11:53.389,0.74146,0.74171,2.10,1.00
2016.11.02 02:11:53.929,0.74147,0.7417,1.75,1.00
2016.11.02 02:11:55.906,0.74147,0.7417,1.00,1.50
2016.11.02 02:11:56.007,0.7414,0.74165,2.85,1.00
2016.11.02 02:11:56.522,0.74147,0.74165,1.00,1.00
2016.11.02 02:11:57.043,0.74147,0.74166,1.00,1.00
2016.11.02 02:11:57.356,0.74136,0.7416,1.75,1.00
2016.11.02 02:11:57.507,0.74139,0.74166,2.25,1.00
2016.11.02 02:11:57.708,0.74142,0.74166,1.75,1.00
2016.11.02 02:11:58.047,0.74142,0.74165,1.75,1.00
2016.11.02 02:12:00.505,0.74141,0.74165,1.75,1.00
2016.11.02 02:12:00.872,0.74141,0.7416,1.75,1.00
2016.11.02 02:12:01.024,0.7414,0.7416,1.35,1.00
2016.11.02 02:12:01.121,0.7414,0.74165,2.10,1.00
2016.11.02 02:12:01.988,0.74138,0.7416,2.10,1.00
2016.11.02 02:12:02.145,0.74138,0.7416,1.35,1.00
2016.11.02 02:12:03.213,0.74144,0.74165,1.00,1.00
2016.11.02 02:12:03.314,0.74144,0.7416,1.00,1.00
2016.11.02 02:12:03.604,0.74144,0.74165,1.00,1.00
2016.11.02 02:12:04.628,0.74137,0.7416,1.75,1.00
2016.11.02 02:12:04.729,0.74135,0.7416,1.75,1.00
2016.11.02 02:12:04.831,0.74137,0.7416,1.67,1.50
2016.11.02 02:12:05.032,0.74137,0.7416,1.35,1.00
2016.11.02 02:12:05.593,0.74137,0.7416,1.35,1.00
2016.11.02 02:12:05.745,0.74135,0.74155,1.00,1.00
2016.11.02 02:12:06.324,0.74135,0.74156,1.00,1.00
2016.11.02 02:12:06.991,0.74135,0.74155,1.00,1.00
2016.11.02 02:12:07.802,0.74134,0.74155,1.30,1.12
2016.11.02 02:12:10.232,0.7413,0.74155,1.50,1.50
2016.11.02 02:12:10.940,0.74125,0.7415,2.85,1.00
2016.11.02 02:12:12.640,0.74125,0.7415,1.75,1.00
2016.11.02 02:12:12.841,0.74125,0.7415,1.75,1.37
2016.11.02 02:12:13.244,0.74125,0.7415,1.75,1.00
2016.11.02 02:12:13.345,0.7413,0.74155,1.12,1.75
2016.11.02 02:12:13.505,0.7413,0.74155,1.50,1.37
2016.11.02 02:12:13.807,0.74126,0.74151,1.35,1.00
2016.11.02 02:12:13.858,0.74127,0.74151,1.35,1.00
2016.11.02 02:12:13.959,0.74127,0.7415,1.35,1.00
2016.11.02 02:12:14.946,0.7413,0.74155,1.75,1.50
2016.11.02 02:12:15.248,0.7413,0.74155,1.75,1.00
2016.11.02 02:12:15.764,0.74129,0.74156,1.75,1.00
2016.11.02 02:12:16.296,0.7413,0.74155,1.75,1.00
2016.11.02 02:12:16.346,0.7413,0.74155,1.75,1.50
2016.11.02 02:12:17.322,0.74126,0.74151,1.35,1.00
2016.11.02 02:12:17.373,0.74126,0.74151,1.35,1.12
2016.11.02 02:12:17.474,0.74126,0.7415,1.67,1.75
2016.11.02 02:12:17.791,0.74126,0.7415,1.35,1.12
2016.11.02 02:12:18.445,0.74126,0.7415,1.35,1.12
2016.11.02 02:12:18.951,0.74127,0.7415,1.00,1.00
2016.11.02 02:12:19.968,0.74126,0.74151,1.35,1.00
2016.11.02 02:12:20.494,0.74126,0.7415,1.35,1.12
2016.11.02 02:12:21.845,0.7413,0.74155,1.00,1.75
2016.11.02 02:12:22.662,0.74135,0.74157,1.00,2.25
2016.11.02 02:12:22.762,0.74135,0.7416,1.00,2.25
2016.11.02 02:12:22.964,0.74135,0.7416,1.12,2.10
2016.11.02 02:12:23.466,0.74135,0.7416,1.50,1.75
2016.11.02 02:12:23.567,0.74135,0.7416,1.75,1.50
2016.11.02 02:12:26.159,0.7414,0.74165,1.00,3.00
2016.11.02 02:12:26.360,0.74135,0.7416,1.75,1.50
2016.11.02 02:12:27.193,0.74135,0.7416,1.50,1.75
2016.11.02 02:12:28.061,0.74135,0.7416,1.12,1.75
2016.11.02 02:12:28.743,0.7413,0.74155,2.10,1.00
2016.11.02 02:12:29.471,0.74135,0.74157,1.37,1.00
2016.11.02 02:12:29.773,0.74135,0.7416,1.75,1.12
2016.11.02 02:12:30.446,0.7414,0.74163,1.00,1.75
2016.11.02 02:12:30.862,0.74135,0.7416,1.75,1.75
2016.11.02 02:12:31.014,0.74137,0.7416,1.67,1.37
2016.11.02 02:12:31.064,0.7414,0.74164,1.50,1.50
2016.11.02 02:12:31.170,0.7414,0.74165,1.00,1.75
2016.11.02 02:12:31.485,0.7414,0.74165,1.75,1.50
2016.11.02 02:12:33.169,0.74137,0.7416,1.35,1.00
2016.11.02 02:12:33.270,0.74137,0.7416,1.35,1.00
2016.11.02 02:12:33.371,0.7414,0.74165,1.12,1.75
2016.11.02 02:12:36.047,0.7414,0.74165,1.50,1.50
2016.11.02 02:12:36.116,0.7414,0.74165,1.75,1.50
2016.11.02 02:12:39.059,0.7414,0.74165,1.75,1.37
2016.11.02 02:12:39.311,0.7414,0.74165,1.75,1.00
2016.11.02 02:12:39.513,0.7414,0.74165,1.75,1.50
2016.11.02 02:12:39.564,0.74136,0.74161,1.35,1.00
2016.11.02 02:12:39.614,0.74136,0.74161,1.35,1.00
2016.11.02 02:12:39.924,0.74138,0.7416,1.00,1.00
2016.11.02 02:12:42.404,0.7414,0.74161,1.00,1.00
2016.11.02 02:12:43.206,0.7414,0.74165,1.37,1.75
2016.11.02 02:12:43.892,0.7414,0.74165,1.50,1.75
2016.11.02 02:12:44.194,0.74136,0.7416,1.00,1.87
2016.11.02 02:12:45.202,0.74135,0.74158,1.12,1.67
2016.11.02 02:12:45.504,0.74133,0.74155,1.00,1.00
2016.11.02 02:12:45.876,0.74135,0.74157,1.00,1.00
2016.11.02 02:12:47.761,0.74133,0.74155,1.00,1.00
2016.11.02 02:12:48.175,0.74135,0.74157,1.00,1.00
2016.11.02 02:12:48.478,0.7413,0.74155,1.75,1.72
2016.11.02 02:12:48.781,0.7414,0.74156,1.00,1.30
2016.11.02 02:12:48.881,0.7414,0.74161,1.00,1.00
2016.11.02 02:12:49.426,0.7414,0.74165,1.50,1.75
2016.11.02 02:12:49.527,0.7414,0.74165,1.12,1.75
2016.11.02 02:12:50.292,0.74135,0.7416,1.75,1.12
2016.11.02 02:12:50.594,0.74131,0.74155,1.75,1.00
2016.11.02 02:12:50.645,0.7413,0.74155,1.75,1.00
2016.11.02 02:12:50.746,0.7413,0.74155,1.75,1.12
2016.11.02 02:12:50.797,0.74135,0.74159,1.00,1.75
2016.11.02 02:12:50.847,0.74135,0.74157,1.00,1.00
2016.11.02 02:12:51.018,0.74135,0.7416,1.37,1.75
2016.11.02 02:12:51.124,0.74135,0.7416,1.50,1.50
2016.11.02 02:12:52.038,0.74135,0.7416,1.75,1.37
2016.11.02 02:12:52.646,0.74135,0.7416,1.75,1.75
2016.11.02 02:12:53.746,0.74135,0.7416,1.75,1.50
2016.11.02 02:12:54.259,0.74135,0.7416,1.75,1.12
2016.11.02 02:12:54.792,0.7414,0.74165,1.00,1.75
2016.11.02 02:12:55.593,0.74139,0.74166,1.12,3.00
2016.11.02 02:12:56.144,0.7414,0.74165,1.00,2.25
2016.11.02 02:12:58.917,0.7414,0.74165,1.37,2.25
2016.11.02 02:12:58.968,0.7414,0.74164,1.75,1.50
2016.11.02 02:12:59.144,0.7414,0.74164,1.37,1.50
2016.11.02 02:12:59.647,0.7414,0.74165,1.00,1.75
2016.11.02 02:13:01.116,0.74139,0.74166,1.75,1.75
2016.11.02 02:13:03.622,0.74135,0.7416,1.75,1.00
2016.11.02 02:13:03.748,0.74135,0.7416,1.75,1.12
2016.11.02 02:13:04.908,0.7414,0.74163,1.00,1.75
2016.11.02 02:13:06.787,0.74135,0.7416,1.75,1.12
2016.11.02 02:13:08.848,0.74135,0.7416,2.10,1.00
2016.11.02 02:13:09.190,0.74139,0.74166,1.75,1.00
2016.11.02 02:13:09.991,0.74138,0.7416,2.10,1.00
2016.11.02 02:13:10.946,0.74144,0.7416,1.00,1.00
2016.11.02 02:13:14.576,0.74138,0.7416,1.75,1.00
2016.11.02 02:13:14.680,0.74142,0.74166,1.75,1.00
2016.11.02 02:13:15.033,0.7414,0.7416,2.10,1.00
2016.11.02 02:13:15.298,0.7414,0.74165,1.75,1.00
2016.11.02 02:13:15.983,0.74143,0.74165,1.35,1.00
2016.11.02 02:13:16.034,0.74149,0.7417,1.00,1.00
2016.11.02 02:13:16.172,0.74145,0.7417,1.75,1.00
2016.11.02 02:13:17.157,0.74145,0.7417,1.75,1.00
2016.11.02 02:13:17.258,0.74152,0.7417,1.00,1.00
2016.11.02 02:13:17.405,0.74146,0.74165,1.75,1.00
2016.11.02 02:13:17.824,0.74143,0.74165,1.35,1.00
2016.11.02 02:13:17.925,0.74143,0.74165,2.10,1.00
2016.11.02 02:13:17.975,0.74144,0.74165,1.75,1.00
2016.11.02 02:13:18.287,0.74141,0.74165,1.75,1.00
2016.11.02 02:13:18.639,0.7414,0.74165,1.75,1.00
2016.11.02 02:13:19.572,0.7414,0.74165,1.75,1.37
2016.11.02 02:13:20.312,0.7414,0.74165,1.75,1.50
2016.11.02 02:13:21.300,0.7414,0.74165,1.75,1.12
2016.11.02 02:13:21.554,0.74142,0.74165,1.00,1.50
2016.11.02 02:13:21.756,0.7414,0.74165,2.25,1.12
2016.11.02 02:13:22.292,0.7414,0.74165,1.75,1.00
2016.11.02 02:13:23.644,0.74139,0.74166,2.10,1.12
2016.11.02 02:13:24.515,0.7414,0.74165,2.10,1.00
2016.11.02 02:13:24.817,0.74135,0.7416,1.75,1.00
2016.11.02 02:13:25.000,0.74135,0.7416,1.50,1.75
2016.11.02 02:13:25.101,0.74137,0.7416,1.00,1.50
2016.11.02 02:13:26.266,0.74136,0.7416,2.10,1.12
2016.11.02 02:13:26.593,0.74141,0.7416,1.00,1.00
2016.11.02 02:13:26.752,0.74141,0.74164,1.00,1.00
2016.11.02 02:13:27.794,0.7414,0.74165,1.75,1.12
2016.11.02 02:13:29.151,0.7414,0.7416,1.35,1.00
2016.11.02 02:13:29.202,0.74137,0.7416,1.75,1.00
2016.11.02 02:13:29.303,0.74135,0.7416,2.25,1.00
2016.11.02 02:13:29.353,0.74135,0.7416,1.37,1.37
2016.11.02 02:13:29.404,0.74135,0.7416,1.12,1.75
2016.11.02 02:13:29.505,0.74131,0.74155,1.67,1.37
2016.11.02 02:13:34.745,0.74125,0.7415,2.25,1.00
2016.11.02 02:13:34.852,0.74125,0.7415,2.25,1.50
2016.11.02 02:13:35.003,0.74125,0.7415,2.25,1.75
2016.11.02 02:13:35.154,0.74124,0.74151,2.10,1.12
2016.11.02 02:13:35.305,0.74124,0.74151,2.85,1.75
2016.11.02 02:13:35.613,0.74125,0.7415,1.75,1.12
2016.11.02 02:13:35.714,0.74126,0.74149,1.00,1.00
2016.11.02 02:13:35.978,0.74126,0.74146,1.00,1.00
2016.11.02 02:13:36.172,0.74126,0.74149,1.00,1.00
2016.11.02 02:13:38.219,0.74124,0.74151,2.25,1.50
2016.11.02 02:13:39.487,0.74125,0.7415,1.75,1.50
2016.11.02 02:13:39.537,0.74125,0.7415,1.75,1.75
2016.11.02 02:13:40.260,0.74123,0.74145,1.35,1.00
2016.11.02 02:13:40.908,0.74123,0.74145,1.35,1.00
2016.11.02 02:13:42.142,0.7412,0.74145,1.75,1.00
2016.11.02 02:13:45.886,0.74119,0.74146,3.00,1.00
2016.11.02 02:13:46.384,0.74125,0.7415,1.75,1.75
2016.11.02 02:13:46.748,0.74121,0.74145,1.75,1.00
2016.11.02 02:13:47.171,0.74125,0.7415,1.75,1.75
2016.11.02 02:13:47.390,0.74122,0.74145,1.75,1.00
2016.11.02 02:13:47.650,0.74125,0.7415,1.75,1.12
2016.11.02 02:13:50.858,0.74124,0.74151,2.25,1.12
2016.11.02 02:13:55.752,0.74124,0.74151,1.75,1.75
2016.11.02 02:13:56.925,0.7413,0.74154,1.00,1.35
2016.11.02 02:13:56.976,0.74125,0.7415,1.75,1.50
2016.11.02 02:13:57.746,0.74124,0.74147,1.75,2.10
2016.11.02 02:13:57.847,0.74119,0.74141,1.75,1.60
2016.11.02 02:13:57.898,0.74111,0.74135,2.62,1.00
2016.11.02 02:13:57.948,0.7411,0.74135,1.75,1.00
2016.11.02 02:13:58.081,0.7411,0.74134,1.75,2.10
2016.11.02 02:13:58.132,0.74103,0.74125,1.00,1.00
2016.11.02 02:13:58.297,0.74105,0.7413,1.50,1.75
2016.11.02 02:13:58.599,0.74102,0.74125,1.75,1.00
2016.11.02 02:13:58.701,0.74105,0.7413,1.75,1.50
2016.11.02 02:14:00.036,0.74106,0.7413,1.75,1.00
2016.11.02 02:14:00.548,0.74105,0.7413,1.75,1.12
2016.11.02 02:14:01.749,0.74105,0.7413,2.25,1.37
2016.11.02 02:14:01.799,0.74105,0.7413,1.12,1.75
2016.11.02 02:14:02.065,0.74105,0.74126,1.00,1.00
2016.11.02 02:14:02.216,0.74102,0.74125,1.50,1.00
2016.11.02 02:14:02.417,0.74104,0.74126,1.00,1.00
2016.11.02 02:14:03.161,0.74104,0.7413,1.00,1.75
2016.11.02 02:14:03.212,0.741,0.74125,1.75,1.50
2016.11.02 02:14:03.263,0.741,0.74125,1.50,1.75
2016.11.02 02:14:03.565,0.74102,0.74125,1.75,1.00
2016.11.02 02:14:03.949,0.74105,0.7413,1.50,1.75
2016.11.02 02:14:04.579,0.74105,0.7413,1.75,1.12
2016.11.02 02:14:06.781,0.74105,0.7413,1.75,1.75
2016.11.02 02:14:07.083,0.74111,0.74135,1.75,1.12
2016.11.02 02:14:07.392,0.74105,0.7413,2.25,1.00
2016.11.02 02:14:07.699,0.7411,0.74135,1.50,1.50
2016.11.02 02:14:07.800,0.7411,0.74135,1.75,1.12
2016.11.02 02:14:08.108,0.74107,0.7413,1.75,1.00
2016.11.02 02:14:08.465,0.74111,0.74131,1.00,1.00
2016.11.02 02:14:09.695,0.74109,0.74135,1.75,1.35
2016.11.02 02:14:09.997,0.74112,0.74135,1.00,1.00
2016.11.02 02:14:10.098,0.74116,0.74135,1.00,1.00
2016.11.02 02:14:11.163,0.74112,0.74135,1.75,1.00
2016.11.02 02:14:11.213,0.7412,0.7414,1.00,1.00
2016.11.02 02:14:11.391,0.7412,0.74143,1.50,1.00
2016.11.02 02:14:11.442,0.7412,0.7414,1.00,1.00
2016.11.02 02:14:11.795,0.74114,0.74141,1.75,1.75
2016.11.02 02:14:12.502,0.74114,0.74141,1.75,1.50
2016.11.02 02:14:12.995,0.7411,0.74135,4.12,1.00
2016.11.02 02:14:13.532,0.7411,0.74136,5.62,1.00
2016.11.02 02:14:14.047,0.7411,0.74135,4.12,1.00
2016.11.02 02:14:15.699,0.7411,0.74136,3.37,1.00
2016.11.02 02:14:16.264,0.7411,0.74135,4.12,1.00
2016.11.02 02:14:16.592,0.7411,0.74135,3.75,1.00
2016.11.02 02:14:16.911,0.7411,0.74131,1.75,1.00
2016.11.02 02:14:17.012,0.74108,0.7413,1.75,1.00
2016.11.02 02:14:17.113,0.74112,0.7413,1.00,1.00
2016.11.02 02:14:17.214,0.74108,0.7413,1.75,1.00
2016.11.02 02:14:18.749,0.7411,0.74135,1.75,1.12
2016.11.02 02:14:19.644,0.74106,0.7413,1.75,1.00
2016.11.02 02:14:19.786,0.74106,0.7413,2.25,1.00
2016.11.02 02:14:19.837,0.7411,0.74135,1.75,2.10
2016.11.02 02:14:20.852,0.74105,0.7413,1.75,1.00
2016.11.02 02:14:21.109,0.7411,0.74135,1.75,1.75
2016.11.02 02:14:21.310,0.74105,0.7413,1.75,1.00
2016.11.02 02:14:21.946,0.7411,0.74135,1.75,1.75
2016.11.02 02:14:22.444,0.74107,0.7413,1.75,1.00
2016.11.02 02:14:23.536,0.7411,0.74135,1.75,1.37
2016.11.02 02:14:23.637,0.74113,0.74135,1.00,1.00
2016.11.02 02:14:23.738,0.74113,0.7413,1.00,1.00
2016.11.02 02:14:24.307,0.74105,0.7413,2.25,1.00
2016.11.02 02:14:24.408,0.74105,0.7413,2.25,1.12
2016.11.02 02:14:25.130,0.74105,0.7413,2.25,1.50
2016.11.02 02:14:25.673,0.74105,0.7413,1.75,1.12
2016.11.02 02:14:25.824,0.74106,0.7413,1.75,1.00
2016.11.02 02:14:26.636,0.7411,0.74135,1.50,1.75
2016.11.02 02:14:27.134,0.7411,0.74135,1.75,1.37
2016.11.02 02:14:27.244,0.7411,0.74135,1.75,1.12
2016.11.02 02:14:28.156,0.7411,0.74135,1.75,1.50
2016.11.02 02:14:28.207,0.7411,0.74135,1.75,1.75
2016.11.02 02:14:29.085,0.7411,0.74135,1.75,1.37
2016.11.02 02:14:29.186,0.7411,0.74135,1.75,1.12
2016.11.02 02:14:29.236,0.7411,0.74135,1.75,1.12
2016.11.02 02:14:29.740,0.74107,0.7413,1.75,1.00
2016.11.02 02:14:30.023,0.74109,0.7413,1.50,1.00
2016.11.02 02:14:30.124,0.74109,0.7413,1.75,1.00
2016.11.02 02:14:32.837,0.7411,0.74135,1.75,1.75
2016.11.02 02:14:35.566,0.74108,0.7413,1.75,1.00
2016.11.02 02:14:36.100,0.74112,0.74135,1.00,1.75
2016.11.02 02:14:36.167,0.7411,0.74135,2.25,1.75
2016.11.02 02:14:36.443,0.7411,0.74135,2.25,1.12
2016.11.02 02:14:36.745,0.7411,0.74135,2.25,1.00
2016.11.02 02:14:37.132,0.74113,0.74135,3.37,1.00
2016.11.02 02:14:37.183,0.74116,0.7414,1.75,1.00
2016.11.02 02:14:37.441,0.74116,0.7414,1.75,1.12
2016.11.02 02:14:38.202,0.74119,0.7414,1.00,1.37
2016.11.02 02:14:39.365,0.74115,0.7414,1.50,2.10
2016.11.02 02:14:40.015,0.7411,0.74135,1.75,1.00
2016.11.02 02:14:40.968,0.74115,0.7414,1.50,2.10
2016.11.02 02:14:41.371,0.74119,0.7414,1.00,1.50
2016.11.02 02:14:41.673,0.74119,0.74135,1.00,1.00
2016.11.02 02:14:41.807,0.74119,0.7414,1.00,1.50
2016.11.02 02:14:43.374,0.74113,0.74135,1.75,1.00
2016.11.02 02:14:43.474,0.74112,0.74135,1.75,1.50
2016.11.02 02:14:47.867,0.74109,0.74131,1.75,1.00
2016.11.02 02:14:48.018,0.74109,0.74131,1.75,1.12
2016.11.02 02:14:48.503,0.74109,0.74131,1.75,1.00
2016.11.02 02:14:48.856,0.7411,0.74135,1.75,1.50
2016.11.02 02:14:49.285,0.74111,0.74135,1.75,1.12
2016.11.02 02:14:51.089,0.74115,0.7414,1.75,1.75
2016.11.02 02:14:51.396,0.7411,0.74135,4.12,1.00
2016.11.02 02:14:51.567,0.74115,0.7414,1.75,1.37
2016.11.02 02:14:51.667,0.7412,0.7414,1.00,1.00
2016.11.02 02:14:51.890,0.7412,0.74135,1.00,1.00
2016.11.02 02:14:52.161,0.7412,0.7414,1.00,1.00
2016.11.02 02:14:52.364,0.7412,0.74135,1.00,1.00
2016.11.02 02:14:52.892,0.7412,0.7414,1.00,1.00
2016.11.02 02:14:56.112,0.7412,0.74141,1.50,1.00
2016.11.02 02:14:56.383,0.74116,0.7414,1.75,1.00
2016.11.02 02:14:58.771,0.74121,0.74145,1.50,1.75
2016.11.02 02:14:59.046,0.74125,0.74146,1.00,1.75
2016.11.02 02:14:59.097,0.74126,0.74145,1.00,1.00
2016.11.02 02:14:59.643,0.74127,0.74146,1.12,1.12
2016.11.02 02:15:00.174,0.74127,0.74145,1.12,1.00
2016.11.02 02:15:00.687,0.74128,0.74145,1.00,1.00
2016.11.02 02:15:01.439,0.74125,0.74145,1.75,1.00
2016.11.02 02:15:01.540,0.74125,0.74145,1.75,1.00
2016.11.02 02:15:01.641,0.74126,0.74145,1.00,1.00
2016.11.02 02:15:01.773,0.74128,0.74145,1.50,1.00
2016.11.02 02:15:01.824,0.74128,0.74149,1.50,1.00
2016.11.02 02:15:01.925,0.74128,0.74145,1.50,1.00
2016.11.02 02:15:02.080,0.74128,0.74149,1.50,1.00
2016.11.02 02:15:04.263,0.7413,0.74149,1.00,1.00
2016.11.02 02:15:04.565,0.7413,0.7415,1.75,1.00
2016.11.02 02:15:04.896,0.74131,0.74155,1.75,1.75
2016.11.02 02:15:04.997,0.7413,0.7415,1.75,1.00
2016.11.02 02:15:05.400,0.74127,0.74145,1.75,1.00
2016.11.02 02:15:05.786,0.74127,0.7415,1.75,1.00
2016.11.02 02:15:07.047,0.7413,0.7415,1.50,1.00
2016.11.02 02:15:08.199,0.74133,0.74155,1.00,1.75
2016.11.02 02:15:08.357,0.74133,0.7415,1.75,1.00
2016.11.02 02:15:08.760,0.74129,0.7415,1.50,1.50
2016.11.02 02:15:08.813,0.74129,0.7415,1.50,1.12
2016.11.02 02:15:09.115,0.74134,0.74153,1.12,1.00
2016.11.02 02:15:09.373,0.74134,0.74155,1.37,1.37
2016.11.02 02:15:09.726,0.74135,0.74156,1.50,1.12
2016.11.02 02:15:10.495,0.74135,0.74155,1.50,1.00
2016.11.02 02:15:13.620,0.74135,0.74156,1.50,1.12
2016.11.02 02:15:14.220,0.74137,0.74155,1.12,1.00
2016.11.02 02:15:15.432,0.74137,0.7416,1.12,1.75
2016.11.02 02:15:16.298,0.74137,0.7416,1.75,1.50
2016.11.02 02:15:16.600,0.74138,0.74161,1.75,1.12
2016.11.02 02:15:17.623,0.74138,0.7416,1.75,1.00
2016.11.02 02:15:17.925,0.74142,0.74165,1.75,1.50
2016.11.02 02:15:17.975,0.74142,0.74165,1.50,1.75
2016.11.02 02:15:18.177,0.74139,0.7416,1.00,1.50
2016.11.02 02:15:18.378,0.74142,0.7416,1.00,1.50
2016.11.02 02:15:18.575,0.74143,0.74165,1.00,1.75
2016.11.02 02:15:18.626,0.74146,0.74165,1.00,1.50
2016.11.02 02:15:18.960,0.74146,0.74165,1.75,1.00
2016.11.02 02:15:20.733,0.74147,0.74166,1.50,1.00
2016.11.02 02:15:25.850,0.74147,0.74165,1.50,1.00
2016.11.02 02:15:26.435,0.74146,0.74166,1.75,1.00
2016.11.02 02:15:27.123,0.74146,0.7416,1.75,1.00
2016.11.02 02:15:28.752,0.74144,0.74161,1.75,1.00
2016.11.02 02:15:28.903,0.74141,0.74161,1.75,1.00
2016.11.02 02:15:29.467,0.74142,0.7416,1.75,1.00
2016.11.02 02:15:29.757,0.74142,0.74166,1.75,1.12
2016.11.02 02:15:29.908,0.74144,0.74166,1.50,1.75
2016.11.02 02:15:30.245,0.74143,0.74166,1.75,1.00
2016.11.02 02:15:30.931,0.74143,0.74166,1.75,1.75
2016.11.02 02:15:32.503,0.74143,0.74166,1.75,1.12
2016.11.02 02:15:39.095,0.74146,0.74171,1.35,1.75
2016.11.02 02:15:39.441,0.74146,0.7417,1.50,1.75
2016.11.02 02:15:39.692,0.74148,0.74169,1.00,1.00
2016.11.02 02:15:42.043,0.74148,0.7417,1.35,1.50
2016.11.02 02:15:42.194,0.74151,0.74175,1.75,1.75
2016.11.02 02:15:42.725,0.7415,0.7417,1.75,1.00
2016.11.02 02:15:43.347,0.7415,0.74175,2.25,1.75
2016.11.02 02:15:43.997,0.7415,0.7417,1.75,1.00
2016.11.02 02:15:44.474,0.7415,0.74175,2.25,1.75
2016.11.02 02:15:44.575,0.7415,0.7417,1.75,1.00
2016.11.02 02:15:44.826,0.74145,0.7417,2.25,1.37
2016.11.02 02:15:44.877,0.74144,0.74165,1.75,1.00
2016.11.02 02:15:44.927,0.74144,0.74165,1.75,1.00
2016.11.02 02:15:45.028,0.74144,0.74165,1.75,1.00
2016.11.02 02:15:45.230,0.74146,0.74165,1.50,1.00
2016.11.02 02:15:45.438,0.74149,0.7417,1.75,1.00
2016.11.02 02:15:46.308,0.7415,0.7417,1.50,1.00
2016.11.02 02:15:48.846,0.74153,0.7417,1.00,1.00
2016.11.02 02:15:49.422,0.7415,0.7417,1.50,1.00
2016.11.02 02:15:49.550,0.7415,0.7417,1.50,1.00
2016.11.02 02:15:50.099,0.7415,0.74171,1.00,1.50
2016.11.02 02:15:50.150,0.74146,0.74165,1.35,1.00
2016.11.02 02:15:50.251,0.74146,0.7417,1.35,1.75
2016.11.02 02:15:50.419,0.74146,0.74165,1.35,1.00
2016.11.02 02:15:50.746,0.74146,0.7417,1.35,1.75
2016.11.02 02:15:51.309,0.74146,0.7417,1.35,1.37
2016.11.02 02:15:53.061,0.74145,0.74165,1.75,1.12
2016.11.02 02:15:53.363,0.74144,0.74165,1.00,1.00
2016.11.02 02:15:58.671,0.74144,0.7416,1.00,1.00
2016.11.02 02:16:00.636,0.74144,0.74161,1.00,1.00
2016.11.02 02:16:00.737,0.74134,0.74161,2.25,1.75
2016.11.02 02:16:00.838,0.74137,0.74158,1.00,1.00
2016.11.02 02:16:01.097,0.74137,0.7416,1.50,1.50
2016.11.02 02:16:01.205,0.74136,0.7416,1.75,1.12
2016.11.02 02:16:05.795,0.74137,0.7416,1.75,1.37
2016.11.02 02:16:06.300,0.74137,0.7416,1.50,1.00
2016.11.02 02:16:06.501,0.74138,0.74164,1.75,1.35
2016.11.02 02:16:07.020,0.74138,0.7416,1.75,1.00
2016.11.02 02:16:11.148,0.74138,0.74161,1.75,1.00
2016.11.02 02:16:11.661,0.74136,0.7416,1.75,1.00
2016.11.02 02:16:11.711,0.74136,0.7416,1.75,1.37
2016.11.02 02:16:12.254,0.74136,0.7416,1.75,1.50
2016.11.02 02:16:19.735,0.74137,0.7416,1.75,1.00
2016.11.02 02:16:20.732,0.7414,0.74164,1.37,1.35
2016.11.02 02:16:20.783,0.7414,0.74165,1.75,2.10
2016.11.02 02:16:20.833,0.7414,0.74164,1.75,1.30
2016.11.02 02:16:20.934,0.74139,0.74161,1.75,1.00
2016.11.02 02:16:21.113,0.74139,0.74161,1.75,1.00
2016.11.02 02:16:21.638,0.74141,0.74165,1.12,1.75
2016.11.02 02:16:21.688,0.74143,0.74165,1.37,1.37
2016.11.02 02:16:21.739,0.74143,0.74166,1.75,1.50
2016.11.02 02:16:21.840,0.74143,0.74166,1.75,1.00
2016.11.02 02:16:21.941,0.74143,0.74166,1.75,1.50
2016.11.02 02:16:27.201,0.7414,0.74165,1.75,1.50
2016.11.02 02:16:27.252,0.74139,0.7416,1.75,1.00
2016.11.02 02:16:27.353,0.74139,0.7416,1.75,1.00
2016.11.02 02:16:28.529,0.74139,0.7416,1.75,1.00
2016.11.02 02:16:30.847,0.74141,0.74165,1.75,1.75
2016.11.02 02:16:32.095,0.74141,0.7416,1.75,1.00
2016.11.02 02:16:32.296,0.74141,0.74166,1.75,1.75
2016.11.02 02:16:34.494,0.74141,0.74161,1.75,1.00
2016.11.02 02:16:34.997,0.74141,0.7416,1.75,1.00
2016.11.02 02:16:35.098,0.74141,0.74165,1.75,1.75
2016.11.02 02:16:36.954,0.74146,0.74165,1.00,1.00
2016.11.02 02:16:37.357,0.74146,0.74165,1.75,1.00
2016.11.02 02:16:38.180,0.74146,0.7417,1.75,1.75
2016.11.02 02:16:38.381,0.7415,0.74165,1.00,1.00
2016.11.02 02:16:38.743,0.74146,0.74165,1.50,1.00
2016.11.02 02:16:39.455,0.74146,0.74165,1.75,1.00
2016.11.02 02:16:39.607,0.74145,0.7417,1.75,1.75
2016.11.02 02:16:39.758,0.74144,0.74165,1.75,1.00
2016.11.02 02:16:39.859,0.74144,0.74165,1.75,1.00
2016.11.02 02:16:40.996,0.74145,0.7417,1.75,1.12
2016.11.02 02:16:41.751,0.74145,0.7417,2.25,1.12
2016.11.02 02:16:42.255,0.74145,0.7417,2.25,1.00
2016.11.02 02:16:46.471,0.7415,0.74175,1.75,1.75
2016.11.02 02:16:51.273,0.74148,0.74171,1.35,1.00
2016.11.02 02:16:52.009,0.74145,0.74171,2.10,1.37
2016.11.02 02:16:52.543,0.74146,0.74171,1.35,1.00
2016.11.02 02:16:52.795,0.74147,0.74171,1.35,1.00
2016.11.02 02:16:52.997,0.7415,0.74174,1.75,1.12
2016.11.02 02:16:56.824,0.7415,0.74174,1.75,1.50
2016.11.02 02:16:56.875,0.74152,0.74173,1.00,1.00
2016.11.02 02:17:01.731,0.74152,0.7417,1.00,1.00
2016.11.02 02:17:02.296,0.74152,0.74171,1.00,1.00
2016.11.02 02:17:02.983,0.74152,0.7417,1.00,1.00
2016.11.02 02:17:08.273,0.74152,0.74173,1.00,1.00
2016.11.02 02:17:08.795,0.74152,0.7417,1.00,1.00
2016.11.02 02:17:10.655,0.74145,0.7417,1.75,1.12
2016.11.02 02:17:23.942,0.74145,0.7417,2.25,1.00
2016.11.02 02:17:31.996,0.7415,0.74174,1.75,1.75
2016.11.02 02:17:32.477,0.74145,0.7417,2.85,1.00
2016.11.02 02:17:35.996,0.74142,0.74165,2.85,1.00
2016.11.02 02:17:36.097,0.74142,0.74165,1.35,1.00
2016.11.02 02:17:36.858,0.74145,0.7417,1.75,1.75
2016.11.02 02:17:51.796,0.74142,0.74165,1.75,1.00
2016.11.02 02:17:51.947,0.74142,0.74165,1.75,1.87
2016.11.02 02:17:52.048,0.7414,0.74165,1.75,1.50
2016.11.02 02:17:56.347,0.74142,0.74163,1.00,1.37
2016.11.02 02:17:56.768,0.7414,0.74165,1.75,1.50
2016.11.02 02:17:56.819,0.7414,0.74165,1.75,1.50
2016.11.02 02:17:57.220,0.74138,0.7416,1.35,1.00
2016.11.02 02:17:57.320,0.7414,0.74165,1.75,1.50
2016.11.02 02:17:57.371,0.7414,0.74165,1.75,1.75
2016.11.02 02:17:57.935,0.74141,0.74162,1.00,1.00
2016.11.02 02:17:57.995,0.74138,0.74161,1.35,1.37
2016.11.02 02:17:58.530,0.74138,0.74161,1.35,1.75
2016.11.02 02:17:59.576,0.74138,0.74161,1.35,1.37
2016.11.02 02:17:59.661,0.74142,0.74163,1.00,1.00
2016.11.02 02:17:59.812,0.7414,0.74165,1.75,1.37
2016.11.02 02:17:59.863,0.7414,0.74165,1.75,1.12
2016.11.02 02:18:07.326,0.7414,0.74165,1.75,1.50
2016.11.02 02:18:07.426,0.7414,0.74165,1.75,1.75
2016.11.02 02:18:16.795,0.74139,0.74166,2.25,1.50
2016.11.02 02:18:16.846,0.74145,0.74166,1.00,1.50
2016.11.02 02:18:16.897,0.74139,0.74166,2.25,1.50
2016.11.02 02:18:16.947,0.7414,0.74165,1.75,1.75
2016.11.02 02:18:17.553,0.74138,0.7416,1.35,1.00
2016.11.02 02:18:17.606,0.74139,0.74164,1.75,1.75
2016.11.02 02:18:18.929,0.7414,0.74164,1.75,1.75
2016.11.02 02:18:19.253,0.74142,0.74163,1.00,1.50
2016.11.02 02:18:19.909,0.74142,0.7416,1.00,1.00
2016.11.02 02:18:22.119,0.7414,0.74165,1.75,1.37
2016.11.02 02:18:22.169,0.7414,0.74165,1.75,1.00
2016.11.02 02:18:22.220,0.74145,0.74168,1.50,1.00
2016.11.02 02:18:22.321,0.74145,0.7417,1.75,1.50
2016.11.02 02:18:22.505,0.74148,0.74169,1.00,1.00
2016.11.02 02:18:23.357,0.74148,0.74165,1.00,1.00
2016.11.02 02:18:28.418,0.74148,0.74169,1.00,1.00
2016.11.02 02:18:34.130,0.74144,0.74171,1.75,1.75
2016.11.02 02:18:39.286,0.74145,0.74171,1.75,1.75
2016.11.02 02:18:39.759,0.74145,0.7417,1.75,1.12
2016.11.02 02:18:42.365,0.74147,0.7417,3.37,1.00
2016.11.02 02:18:42.617,0.7415,0.74175,2.10,1.50
2016.11.02 02:18:44.047,0.7415,0.7417,1.35,1.00
2016.11.02 02:18:44.248,0.7415,0.74175,2.10,1.50
2016.11.02 02:18:44.500,0.7415,0.74175,2.10,1.75
2016.11.02 02:18:44.627,0.7415,0.7417,1.35,1.00
2016.11.02 02:18:47.722,0.7415,0.74171,1.35,1.00
2016.11.02 02:18:49.505,0.7415,0.7417,1.35,1.00
2016.11.02 02:18:49.724,0.7415,0.74176,1.35,1.75
2016.11.02 02:18:49.825,0.74149,0.7417,1.75,1.00
2016.11.02 02:18:50.029,0.74145,0.7417,2.85,1.00
2016.11.02 02:18:51.218,0.74147,0.7417,1.75,1.00
2016.11.02 02:18:51.883,0.74147,0.7417,1.75,1.00
2016.11.02 02:18:52.538,0.7415,0.74175,1.75,1.00
2016.11.02 02:18:57.214,0.7415,0.74175,2.10,1.00
2016.11.02 02:18:57.264,0.74157,0.74178,1.00,1.00
2016.11.02 02:18:57.466,0.74157,0.74176,1.00,1.00
2016.11.02 02:18:57.653,0.74157,0.74178,1.00,1.00
2016.11.02 02:18:58.034,0.74157,0.74175,1.00,1.00
2016.11.02 02:18:58.335,0.74157,0.74178,1.00,1.00
2016.11.02 02:18:58.436,0.74155,0.7418,1.75,1.37
2016.11.02 02:18:58.797,0.74155,0.7418,2.25,1.00
2016.11.02 02:18:59.268,0.7416,0.74185,1.75,1.75
2016.11.02 02:18:59.470,0.74155,0.7418,3.00,1.00
2016.11.02 02:18:59.643,0.74159,0.74186,1.75,2.25
2016.11.02 02:18:59.868,0.74155,0.74181,2.25,1.00
2016.11.02 02:19:00.069,0.7416,0.74185,1.75,1.75
2016.11.02 02:19:02.240,0.7416,0.74184,1.75,1.00
2016.11.02 02:19:04.460,0.74158,0.7418,1.35,1.00
2016.11.02 02:19:04.560,0.74159,0.74186,1.75,1.75
2016.11.02 02:19:04.611,0.74159,0.74186,1.75,2.25
2016.11.02 02:19:04.955,0.74156,0.7418,1.35,1.00
2016.11.02 02:19:11.349,0.74159,0.7418,1.75,1.00
2016.11.02 02:19:11.400,0.7416,0.74185,1.75,1.50
2016.11.02 02:19:11.501,0.74159,0.7418,1.75,1.00
2016.11.02 02:19:11.602,0.74161,0.74185,1.75,1.00
2016.11.02 02:19:11.955,0.74159,0.74181,3.37,1.00
2016.11.02 02:19:12.107,0.74158,0.74181,1.35,1.00
2016.11.02 02:19:16.500,0.7416,0.74185,1.75,1.75
2016.11.02 02:19:16.659,0.74158,0.74181,1.35,1.00
2016.11.02 02:19:17.197,0.74158,0.7418,1.35,1.00
2016.11.02 02:19:20.751,0.74158,0.7418,2.10,1.00
2016.11.02 02:19:22.167,0.74159,0.7418,1.75,1.00
2016.11.02 02:19:22.318,0.74157,0.74175,1.00,1.50
2016.11.02 02:19:22.369,0.74155,0.74175,1.00,1.50
2016.11.02 02:19:22.541,0.7415,0.74175,1.75,1.50
2016.11.02 02:19:22.592,0.7415,0.74175,1.75,1.50
2016.11.02 02:19:24.093,0.7415,0.74175,1.75,1.00
2016.11.02 02:19:24.244,0.74155,0.7418,1.75,1.12
2016.11.02 02:19:24.852,0.74155,0.7418,1.75,1.00
2016.11.02 02:19:25.154,0.74155,0.7418,3.37,1.00
2016.11.02 02:19:25.264,0.74159,0.74186,1.75,2.25
2016.11.02 02:19:25.415,0.74157,0.7418,2.25,1.00
2016.11.02 02:19:25.516,0.7416,0.74185,1.75,1.37
2016.11.02 02:19:25.566,0.74163,0.74185,1.00,1.37
2016.11.02 02:19:26.024,0.74157,0.7418,1.75,1.00
2016.11.02 02:19:27.693,0.74159,0.74186,1.75,1.75
2016.11.02 02:19:36.388,0.74159,0.74186,1.75,2.25
2016.11.02 02:19:36.818,0.74159,0.7418,1.75,1.00
2016.11.02 02:19:43.731,0.7416,0.74185,1.75,1.00
2016.11.02 02:19:46.494,0.74159,0.7418,1.75,1.00
2016.11.02 02:19:46.966,0.74159,0.7418,1.75,1.00
2016.11.02 02:19:52.246,0.7416,0.74185,1.75,1.50
2016.11.02 02:19:53.612,0.74157,0.7418,2.25,1.00
2016.11.02 02:19:55.844,0.74161,0.74185,1.35,1.50
2016.11.02 02:19:55.895,0.74161,0.74185,1.67,1.75
2016.11.02 02:19:55.946,0.74163,0.74185,1.37,1.37
2016.11.02 02:19:56.198,0.74161,0.74185,1.35,1.37
2016.11.02 02:19:58.612,0.74159,0.7418,1.75,1.00
2016.11.02 02:19:58.663,0.74159,0.7418,1.75,1.00
2016.11.02 02:19:59.173,0.74156,0.7418,3.00,1.00
2016.11.02 02:20:04.711,0.7416,0.74185,1.75,1.75
2016.11.02 02:20:05.233,0.74158,0.7418,1.75,1.00
2016.11.02 02:20:05.738,0.7416,0.74185,1.75,1.75
2016.11.02 02:20:15.558,0.7416,0.74185,1.75,1.75
2016.11.02 02:20:16.096,0.7416,0.74185,1.75,1.50
2016.11.02 02:20:16.402,0.7416,0.74185,1.75,1.50
2016.11.02 02:20:16.700,0.74159,0.7418,1.00,1.37
2016.11.02 02:20:16.903,0.7416,0.74185,1.37,2.10
2016.11.02 02:20:16.953,0.74159,0.74186,2.25,1.75
2016.11.02 02:20:17.155,0.74157,0.7418,1.35,1.00
2016.11.02 02:20:17.256,0.74156,0.7418,1.75,1.00
2016.11.02 02:20:17.456,0.74159,0.7418,1.00,1.50
2016.11.02 02:20:36.840,0.74155,0.7418,1.75,1.50
2016.11.02 02:20:38.958,0.74155,0.7418,1.75,1.00
2016.11.02 02:20:39.160,0.74155,0.7418,2.25,1.50
2016.11.02 02:20:44.415,0.74157,0.7418,1.35,1.37
2016.11.02 02:20:44.768,0.74157,0.7418,1.35,1.75
2016.11.02 02:20:48.459,0.74156,0.7418,2.25,1.00
2016.11.02 02:20:48.975,0.74155,0.7418,3.00,1.50
2016.11.02 02:21:00.076,0.74157,0.7418,1.00,1.50
2016.11.02 02:21:04.576,0.74155,0.7418,1.75,1.50
2016.11.02 02:21:04.677,0.74155,0.7418,2.10,1.50
2016.11.02 02:21:05.180,0.74155,0.7418,1.75,1.75
2016.11.02 02:21:10.909,0.74151,0.74175,2.25,1.00
2016.11.02 02:21:11.469,0.74155,0.7418,1.75,1.75
2016.11.02 02:21:14.245,0.74151,0.74175,1.75,1.00
2016.11.02 02:21:17.523,0.74151,0.74175,1.75,1.37
2016.11.02 02:21:17.724,0.74145,0.7417,1.75,1.75
2016.11.02 02:21:24.621,0.74146,0.7417,1.75,1.50
2016.11.02 02:21:24.672,0.74149,0.7417,1.00,1.50
2016.11.02 02:21:25.180,0.7415,0.7417,1.00,1.00
2016.11.02 02:21:25.432,0.7415,0.74175,1.75,1.75
2016.11.02 02:21:42.467,0.7415,0.74175,1.50,1.75
2016.11.02 02:21:51.343,0.74147,0.7417,1.75,1.00
2016.11.02 02:21:59.044,0.7415,0.74175,1.50,1.75
2016.11.02 02:22:01.195,0.74155,0.74177,1.00,1.35
2016.11.02 02:22:01.245,0.74154,0.74177,1.12,1.35
2016.11.02 02:22:01.346,0.7416,0.74177,1.00,1.00
2016.11.02 02:22:01.627,0.74156,0.74177,1.00,1.00
2016.11.02 02:22:01.828,0.74155,0.7418,1.00,1.75
2016.11.02 02:22:06.192,0.7416,0.7418,1.00,1.35
2016.11.02 02:22:06.322,0.7416,0.74181,1.00,1.75
2016.11.02 02:22:08.932,0.74162,0.74183,1.00,1.35
2016.11.02 02:22:08.983,0.74164,0.74183,1.00,1.35
2016.11.02 02:22:09.305,0.7416,0.74183,1.00,1.35
2016.11.02 02:22:09.721,0.7416,0.74183,1.00,1.35
2016.11.02 02:22:10.994,0.74155,0.74179,1.75,1.35
2016.11.02 02:22:11.044,0.74155,0.74179,1.12,2.10
2016.11.02 02:22:11.350,0.74154,0.74179,1.75,2.10
2016.11.02 02:22:11.451,0.74155,0.74176,1.50,1.00
2016.11.02 02:22:11.502,0.7416,0.74176,1.00,1.00
2016.11.02 02:22:11.653,0.7416,0.74183,1.00,1.35
2016.11.02 02:22:11.813,0.74161,0.74182,1.00,1.00
2016.11.02 02:22:15.266,0.7416,0.74185,1.75,1.50
2016.11.02 02:22:15.912,0.74165,0.74187,1.00,1.75
2016.11.02 02:22:16.441,0.74164,0.74187,1.12,1.75
2016.11.02 02:22:17.747,0.74164,0.74191,1.75,1.75
2016.11.02 02:22:17.948,0.74173,0.74194,1.00,1.00
2016.11.02 02:22:24.660,0.7417,0.74195,1.75,1.75
2016.11.02 02:22:24.988,0.7417,0.74195,1.75,1.50
2016.11.02 02:22:25.290,0.74169,0.74196,1.75,1.75
2016.11.02 02:22:25.593,0.74169,0.74196,2.25,1.50
2016.11.02 02:22:25.900,0.74175,0.742,1.75,1.75
2016.11.02 02:22:26.498,0.74174,0.74198,1.12,1.75
2016.11.02 02:22:27.055,0.74175,0.74198,1.12,1.75
2016.11.02 02:22:27.106,0.74175,0.74196,1.50,1.00
2016.11.02 02:22:27.697,0.74175,0.74195,1.00,1.00
2016.11.02 02:22:27.899,0.74175,0.74199,1.00,1.75
2016.11.02 02:22:28.000,0.74175,0.74195,1.00,1.00
2016.11.02 02:22:28.101,0.74175,0.74197,1.50,1.00
2016.11.02 02:22:28.284,0.74178,0.742,1.00,1.50
2016.11.02 02:22:28.587,0.74174,0.74201,1.50,1.75
2016.11.02 02:22:30.365,0.74174,0.74201,1.75,1.75
2016.11.02 02:22:36.299,0.74178,0.74199,1.00,1.00
2016.11.02 02:22:36.950,0.7418,0.74199,1.00,1.00
2016.11.02 02:22:37.485,0.7418,0.74205,1.50,1.75
2016.11.02 02:22:38.527,0.74175,0.742,1.75,1.50
2016.11.02 02:22:38.865,0.74175,0.742,1.75,1.75
2016.11.02 02:22:39.609,0.74175,0.74199,1.12,2.10
2016.11.02 02:22:39.942,0.74169,0.74196,1.75,1.75
2016.11.02 02:22:42.298,0.74165,0.74188,1.37,1.37
2016.11.02 02:22:42.350,0.74165,0.74185,1.00,1.00
2016.11.02 02:22:42.552,0.7417,0.74185,1.00,1.00
2016.11.02 02:22:42.653,0.7417,0.74189,1.00,1.00
2016.11.02 02:22:42.755,0.74167,0.74189,1.00,1.00
2016.11.02 02:22:43.217,0.7417,0.74191,1.50,1.00
2016.11.02 02:22:43.529,0.74174,0.74193,1.00,1.00
2016.11.02 02:22:44.148,0.74175,0.742,1.12,1.75
2016.11.02 02:22:57.578,0.74179,0.74202,1.00,2.25
2016.11.02 02:22:57.638,0.74175,0.742,1.75,1.75
2016.11.02 02:22:58.754,0.74174,0.74201,1.50,1.75
2016.11.02 02:22:58.805,0.74174,0.74201,1.50,1.75
2016.11.02 02:23:01.079,0.74175,0.742,1.00,1.75
2016.11.02 02:23:01.180,0.7417,0.74195,1.75,1.75
2016.11.02 02:23:01.281,0.7417,0.74195,1.50,2.25
2016.11.02 02:23:01.583,0.7417,0.74194,1.00,2.10
2016.11.02 02:23:01.891,0.7417,0.74193,1.00,1.75
2016.11.02 02:23:02.339,0.74165,0.7419,1.50,1.75
2016.11.02 02:23:02.490,0.74165,0.7419,1.00,1.75
2016.11.02 02:23:02.792,0.7416,0.74184,1.00,2.62
2016.11.02 02:23:02.843,0.74155,0.7418,1.75,1.75
2016.11.02 02:23:02.959,0.74155,0.74175,1.00,1.00
2016.11.02 02:23:03.644,0.7416,0.74175,1.00,1.00
2016.11.02 02:23:04.655,0.74155,0.74175,1.00,1.00
2016.11.02 02:23:05.007,0.74155,0.7418,1.00,1.75
2016.11.02 02:23:08.552,0.7416,0.74181,1.00,3.37
2016.11.02 02:23:08.653,0.74154,0.7418,1.00,1.75
2016.11.02 02:23:09.195,0.74154,0.74178,1.00,1.75
2016.11.02 02:23:09.693,0.7415,0.74175,1.50,1.75
2016.11.02 02:23:11.286,0.74155,0.74178,1.00,1.75
2016.11.02 02:23:11.770,0.7415,0.74175,1.50,1.75
2016.11.02 02:23:13.102,0.74155,0.74179,1.00,2.62
2016.11.02 02:23:13.303,0.74151,0.74175,1.00,1.75
2016.11.02 02:23:13.354,0.7415,0.74175,1.75,1.75
2016.11.02 02:23:13.697,0.74155,0.7418,1.00,5.25
2016.11.02 02:23:13.760,0.7415,0.74175,1.75,1.75
2016.11.02 02:23:14.062,0.7415,0.74175,1.50,1.75
2016.11.02 02:23:14.418,0.7415,0.74175,1.75,1.75
2016.11.02 02:23:14.761,0.74155,0.74179,1.00,1.75
2016.11.02 02:23:15.864,0.7415,0.74175,1.75,1.75
2016.11.02 02:23:16.814,0.7415,0.74175,1.50,1.75
2016.11.02 02:23:16.865,0.7415,0.74175,1.50,1.75
2016.11.02 02:23:19.348,0.7415,0.74175,1.00,1.75
2016.11.02 02:23:19.650,0.7415,0.74174,1.00,3.37
2016.11.02 02:23:19.801,0.74145,0.7417,1.50,1.75
2016.11.02 02:23:20.003,0.7415,0.74174,1.00,3.37
2016.11.02 02:23:20.497,0.74145,0.74164,1.00,1.00
2016.11.02 02:23:20.699,0.74149,0.74164,1.00,1.00
2016.11.02 02:23:20.951,0.74149,0.74175,1.12,1.75
2016.11.02 02:23:21.052,0.74151,0.74172,1.00,1.00
2016.11.02 02:23:21.143,0.74149,0.74176,1.50,1.75
2016.11.02 02:23:21.609,0.74155,0.74177,1.00,2.25
2016.11.02 02:23:21.659,0.74155,0.74178,1.00,1.75
2016.11.02 02:23:21.784,0.7415,0.74175,1.50,1.75
2016.11.02 02:23:22.696,0.74155,0.74178,1.00,2.25
2016.11.02 02:23:22.797,0.7415,0.74175,1.50,1.75
2016.11.02 02:23:22.948,0.7415,0.74175,1.00,1.75
2016.11.02 02:23:25.650,0.7415,0.74174,1.00,3.37
2016.11.02 02:23:26.286,0.7415,0.74174,1.00,1.75
2016.11.02 02:23:27.155,0.7415,0.74175,1.12,1.75
2016.11.02 02:23:27.206,0.74155,0.74177,1.00,1.75
2016.11.02 02:23:27.388,0.7415,0.74175,1.75,2.25
2016.11.02 02:23:27.489,0.7415,0.74175,1.00,2.25
2016.11.02 02:23:27.592,0.7415,0.74175,1.00,2.25
2016.11.02 02:23:27.794,0.7415,0.74175,1.12,2.25
2016.11.02 02:23:27.895,0.74155,0.74177,1.00,2.25
2016.11.02 02:23:27.996,0.7415,0.74175,1.12,1.75
2016.11.02 02:23:28.197,0.74155,0.74177,1.00,1.75
2016.11.02 02:23:28.399,0.74155,0.74179,1.00,2.25
2016.11.02 02:23:31.590,0.74155,0.7418,1.00,1.75
2016.11.02 02:23:38.331,0.74159,0.74182,1.00,3.37
2016.11.02 02:23:38.432,0.74159,0.74186,1.75,1.75
2016.11.02 02:23:38.569,0.74165,0.74189,1.00,2.25
2016.11.02 02:23:38.723,0.7416,0.74185,1.75,1.75
2016.11.02 02:23:38.824,0.7416,0.74185,1.50,1.75
2016.11.02 02:23:39.686,0.7416,0.74184,1.37,1.75
2016.11.02 02:23:40.000,0.7416,0.74184,1.00,2.25
2016.11.02 02:23:41.634,0.7416,0.74179,1.00,1.00
2016.11.02 02:23:42.138,0.7416,0.74185,1.75,1.75
2016.11.02 02:23:43.506,0.7416,0.74184,1.75,1.00
2016.11.02 02:23:44.051,0.7416,0.74185,1.75,1.50
2016.11.02 02:23:44.158,0.7416,0.74185,1.75,1.75
2016.11.02 02:23:50.840,0.74161,0.74186,1.00,1.75
2016.11.02 02:23:52.975,0.74159,0.74186,1.75,1.75
2016.11.02 02:23:53.507,0.74159,0.74186,1.75,1.75
2016.11.02 02:23:55.569,0.7416,0.74183,1.75,1.00
2016.11.02 02:23:56.694,0.7416,0.74185,1.75,1.75
2016.11.02 02:23:56.745,0.7416,0.74185,1.50,1.75
2016.11.02 02:23:56.845,0.7416,0.74185,1.50,1.75
2016.11.02 02:23:57.357,0.7416,0.74185,1.75,1.75
2016.11.02 02:23:57.755,0.74165,0.7419,1.00,1.75
2016.11.02 02:23:59.594,0.74165,0.7419,1.12,3.00
2016.11.02 02:24:00.337,0.7417,0.74191,1.00,1.75
2016.11.02 02:24:00.631,0.74165,0.7419,1.12,1.75
2016.11.02 02:24:00.732,0.7417,0.74191,1.00,1.75
2016.11.02 02:24:01.203,0.7417,0.74192,1.00,2.25
2016.11.02 02:24:01.786,0.7417,0.74193,1.00,1.75
2016.11.02 02:24:04.346,0.74165,0.7419,1.12,1.75
2016.11.02 02:24:08.766,0.7417,0.74192,1.00,2.25
2016.11.02 02:24:08.883,0.7417,0.74193,1.00,1.75
2016.11.02 02:24:09.086,0.74169,0.74194,1.12,2.25
2016.11.02 02:24:10.283,0.7417,0.74195,1.00,2.25
2016.11.02 02:24:10.484,0.74165,0.7419,1.37,1.75
2016.11.02 02:24:11.033,0.74165,0.7419,1.12,1.75
2016.11.02 02:24:21.220,0.74165,0.7419,1.00,1.75
2016.11.02 02:24:21.371,0.74159,0.74186,1.75,1.75
2016.11.02 02:24:21.421,0.74159,0.74186,1.75,1.75
2016.11.02 02:24:21.751,0.74165,0.74189,1.00,3.37
2016.11.02 02:24:22.694,0.74164,0.74189,1.00,3.37
2016.11.02 02:24:22.989,0.7416,0.74185,1.50,1.75
2016.11.02 02:24:23.791,0.74165,0.74188,1.00,1.75
2016.11.02 02:24:23.935,0.74165,0.74188,1.00,1.75
2016.11.02 02:24:24.865,0.74165,0.7419,1.50,1.75
2016.11.02 02:24:25.016,0.74165,0.74188,1.37,1.75
2016.11.02 02:24:25.075,0.7416,0.74185,1.75,1.75
2016.11.02 02:24:27.090,0.74165,0.74188,1.00,1.75
2016.11.02 02:24:27.586,0.7416,0.74185,1.75,1.75
2016.11.02 02:24:27.938,0.74164,0.74189,1.00,4.12
2016.11.02 02:24:28.526,0.74165,0.74189,1.00,4.12
2016.11.02 02:24:28.970,0.7416,0.74185,1.50,1.75
2016.11.02 02:24:30.554,0.74162,0.74183,1.00,1.00
2016.11.02 02:24:31.124,0.74165,0.74183,1.00,1.00
2016.11.02 02:24:33.054,0.74165,0.7419,1.50,3.00
2016.11.02 02:24:33.255,0.74165,0.7419,1.00,2.25
2016.11.02 02:24:34.077,0.74164,0.7419,1.12,1.75
2016.11.02 02:24:38.702,0.74165,0.7419,1.00,2.25
2016.11.02 02:24:38.806,0.74165,0.7419,1.75,1.75
2016.11.02 02:24:38.907,0.74165,0.7419,1.12,1.75
2016.11.02 02:24:39.209,0.74165,0.74189,1.00,2.25
2016.11.02 02:24:39.310,0.74165,0.74189,1.00,1.75
2016.11.02 02:24:42.895,0.74164,0.7419,1.12,1.75
2016.11.02 02:24:48.634,0.7417,0.74191,1.00,1.75
2016.11.02 02:24:56.798,0.7417,0.74194,1.00,2.25
2016.11.02 02:24:56.849,0.7417,0.74194,1.00,2.25
2016.11.02 02:25:05.746,0.74165,0.7419,1.75,1.75
2016.11.02 02:25:05.943,0.74165,0.7419,1.00,1.75
2016.11.02 02:25:15.449,0.74165,0.74188,1.00,1.75
2016.11.02 02:25:15.977,0.74164,0.74191,1.50,1.75
2016.11.02 02:25:16.343,0.7417,0.74193,1.00,3.00
2016.11.02 02:25:16.425,0.74165,0.7419,1.75,1.75
2016.11.02 02:25:23.260,0.74165,0.7419,1.50,1.75
2016.11.02 02:25:23.801,0.74165,0.7419,1.12,1.75
2016.11.02 02:25:25.860,0.74165,0.7419,1.37,1.75
2016.11.02 02:25:25.911,0.74166,0.74187,1.00,1.00
2016.11.02 02:25:26.240,0.74169,0.74187,1.00,1.00
2016.11.02 02:25:26.501,0.74169,0.74196,1.75,1.75
2016.11.02 02:25:26.664,0.74169,0.74196,1.75,1.75
2016.11.02 02:25:27.342,0.74169,0.74196,1.75,1.75
2016.11.02 02:25:28.110,0.74174,0.74198,1.00,1.75
2016.11.02 02:25:29.400,0.74174,0.74201,1.75,1.75
2016.11.02 02:25:32.695,0.74174,0.74201,1.37,4.12
2016.11.02 02:25:33.377,0.74174,0.74201,1.00,4.12
2016.11.02 02:25:37.394,0.74174,0.74199,1.00,2.62
2016.11.02 02:25:37.986,0.74175,0.74199,1.00,4.12
2016.11.02 02:25:40.690,0.74174,0.74199,1.00,4.12
2016.11.02 02:25:41.196,0.74175,0.74199,1.00,2.62
2016.11.02 02:25:44.374,0.74175,0.74199,1.00,1.75
2016.11.02 02:25:51.068,0.74175,0.74199,1.00,4.12
2016.11.02 02:25:51.471,0.7417,0.74195,1.00,1.75
2016.11.02 02:25:51.998,0.7417,0.74195,1.50,1.75
2016.11.02 02:25:55.481,0.7417,0.74195,1.00,1.75
2016.11.02 02:25:55.783,0.7417,0.74195,1.00,3.00
2016.11.02 02:26:00.079,0.74165,0.7419,1.75,1.75
2016.11.02 02:26:04.694,0.74169,0.74194,1.00,3.00
2016.11.02 02:26:05.507,0.7417,0.74195,1.00,3.00
2016.11.02 02:26:07.594,0.74165,0.7419,1.75,1.75
2016.11.02 02:26:07.695,0.7417,0.74195,1.00,3.75
2016.11.02 02:26:08.304,0.7417,0.74195,1.00,4.87
2016.11.02 02:26:09.495,0.74165,0.7419,1.75,1.75
2016.11.02 02:26:09.899,0.7417,0.74195,1.00,4.12
2016.11.02 02:26:11.002,0.74165,0.7419,1.75,1.75
2016.11.02 02:26:12.237,0.7417,0.74193,1.00,2.25
2016.11.02 02:26:12.763,0.7417,0.74193,1.00,4.12
2016.11.02 02:26:12.813,0.74165,0.7419,1.12,1.75
2016.11.02 02:26:14.926,0.7417,0.74193,1.00,3.37
2016.11.02 02:26:15.026,0.7417,0.74195,1.00,1.75
2016.11.02 02:26:15.530,0.74169,0.74196,1.12,2.25
2016.11.02 02:26:16.998,0.7417,0.74195,1.00,1.75
2016.11.02 02:26:18.401,0.74165,0.7419,1.75,1.75
2016.11.02 02:26:18.452,0.74165,0.74187,1.50,1.00
2016.11.02 02:26:18.553,0.74165,0.7419,1.12,1.75
2016.11.02 02:26:18.944,0.74165,0.7419,1.75,1.75
2016.11.02 02:26:19.246,0.7417,0.74194,1.00,3.00
2016.11.02 02:26:23.421,0.7417,0.74195,1.37,1.75
2016.11.02 02:26:23.472,0.7417,0.74195,1.37,1.75
2016.11.02 02:26:23.523,0.74175,0.74199,1.00,3.37
2016.11.02 02:26:24.006,0.7417,0.74195,1.37,1.75
2016.11.02 02:26:28.842,0.74175,0.74199,1.00,2.62
2016.11.02 02:26:29.043,0.74175,0.74195,1.37,1.00
2016.11.02 02:26:38.853,0.7418,0.74203,1.00,3.37
2016.11.02 02:26:38.954,0.74175,0.742,1.50,1.75
2016.11.02 02:26:39.155,0.74179,0.74203,1.00,3.37
2016.11.02 02:26:39.256,0.74175,0.742,1.50,1.75
2016.11.02 02:26:39.361,0.7418,0.74203,1.00,3.37
2016.11.02 02:26:39.513,0.7418,0.74198,1.00,1.00
2016.11.02 02:26:39.664,0.7418,0.74203,1.00,1.75
2016.11.02 02:26:40.649,0.74175,0.742,1.50,1.75
2016.11.02 02:26:47.898,0.74175,0.742,1.00,1.75
2016.11.02 02:26:48.495,0.74174,0.74201,1.12,1.75
2016.11.02 02:26:59.489,0.74175,0.742,1.00,1.75
2016.11.02 02:27:01.260,0.7417,0.74195,1.75,1.75
2016.11.02 02:27:01.361,0.7417,0.7419,1.00,1.00
2016.11.02 02:27:02.443,0.7417,0.74195,1.75,1.75
2016.11.02 02:27:02.547,0.7417,0.7419,1.00,1.00
2016.11.02 02:27:02.598,0.74175,0.7419,1.00,1.00
2016.11.02 02:27:03.169,0.7417,0.7419,1.00,1.00
2016.11.02 02:27:05.993,0.74175,0.7419,1.00,1.00
2016.11.02 02:27:06.195,0.74174,0.74198,1.00,1.75
2016.11.02 02:27:06.698,0.74171,0.74195,1.50,1.75
2016.11.02 02:27:06.799,0.74175,0.74199,1.00,2.25
2016.11.02 02:27:07.954,0.7417,0.74201,1.75,4.87
2016.11.02 02:27:20.691,0.74174,0.74201,1.00,7.87
2016.11.02 02:27:24.343,0.74174,0.74194,1.00,1.00
2016.11.02 02:27:28.605,0.7418,0.74194,1.00,1.00
2016.11.02 02:27:28.706,0.7418,0.74203,1.00,1.75
2016.11.02 02:27:28.807,0.7418,0.74205,1.12,1.75
2016.11.02 02:27:53.847,0.74185,0.74208,1.00,6.37
2016.11.02 02:27:54.048,0.74185,0.74208,1.00,1.75
2016.11.02 02:27:56.503,0.74184,0.74211,1.12,4.12
2016.11.02 02:27:57.270,0.74184,0.74211,1.12,4.50
2016.11.02 02:27:57.802,0.74185,0.7421,1.00,3.00
2016.11.02 02:28:00.247,0.74184,0.7421,1.12,2.25
2016.11.02 02:28:00.888,0.74185,0.7421,1.00,3.00
2016.11.02 02:28:02.408,0.74179,0.7421,1.75,2.25
2016.11.02 02:28:04.307,0.74185,0.7421,1.00,2.25
2016.11.02 02:28:04.358,0.7419,0.74211,1.00,3.00
2016.11.02 02:28:04.459,0.74185,0.7421,1.12,1.75
2016.11.02 02:28:04.560,0.74185,0.74209,1.37,1.75
2016.11.02 02:28:04.661,0.7418,0.74205,1.37,1.75
2016.11.02 02:28:11.591,0.7418,0.74205,1.75,1.75
2016.11.02 02:28:11.701,0.7418,0.74205,1.75,1.75
2016.11.02 02:28:11.852,0.7418,0.74205,1.37,1.75
2016.11.02 02:28:22.678,0.74179,0.74206,1.37,3.00
2016.11.02 02:28:22.729,0.74179,0.74206,1.12,3.00
2016.11.02 02:28:23.845,0.7418,0.74205,1.00,1.75
2016.11.02 02:28:24.047,0.7418,0.74205,1.75,1.75
2016.11.02 02:28:24.148,0.74179,0.74206,1.75,1.75
2016.11.02 02:28:24.411,0.74185,0.74208,1.00,1.75
2016.11.02 02:28:24.461,0.74185,0.7421,1.12,1.75
2016.11.02 02:28:24.763,0.74184,0.74209,1.00,1.75
2016.11.02 02:28:25.266,0.74185,0.7421,1.50,1.75
2016.11.02 02:28:25.816,0.74185,0.7421,1.37,2.25
2016.11.02 02:28:26.351,0.74185,0.74205,1.00,1.00
2016.11.02 02:28:27.031,0.74185,0.7421,1.75,1.75
2016.11.02 02:28:28.155,0.7419,0.74213,1.00,3.00
2016.11.02 02:28:28.256,0.74185,0.7421,1.75,1.50
2016.11.02 02:28:28.457,0.74185,0.7421,1.75,1.75
2016.11.02 02:28:29.240,0.7419,0.74215,1.00,4.87
2016.11.02 02:28:29.341,0.7419,0.74215,1.12,3.00
2016.11.02 02:28:40.047,0.74185,0.7421,1.75,1.75
2016.11.02 02:28:40.148,0.74184,0.74211,1.75,1.75
2016.11.02 02:28:40.654,0.74185,0.7421,1.37,1.75
2016.11.02 02:28:40.704,0.74185,0.7421,1.12,1.75
2016.11.02 02:28:41.643,0.74185,0.7421,1.50,1.75
2016.11.02 02:28:41.694,0.74185,0.7421,1.75,1.75
2016.11.02 02:28:41.795,0.74185,0.7421,1.12,1.75
2016.11.02 02:28:42.557,0.7418,0.74205,1.75,1.75
2016.11.02 02:28:42.608,0.7418,0.74205,1.75,1.75
2016.11.02 02:28:42.658,0.7418,0.74205,1.12,1.75
2016.11.02 02:28:45.550,0.74185,0.7421,1.50,2.25
2016.11.02 02:28:46.200,0.74185,0.74204,1.00,1.00
2016.11.02 02:28:49.518,0.74185,0.7421,1.37,1.75
2016.11.02 02:28:50.032,0.74185,0.7421,1.50,1.75
2016.11.02 02:28:50.284,0.7419,0.7421,1.00,1.00
2016.11.02 02:28:50.902,0.74189,0.7421,1.00,1.50
2016.11.02 02:28:51.003,0.7419,0.74215,1.00,2.25
2016.11.02 02:28:57.309,0.74189,0.74215,1.00,1.75
2016.11.02 02:28:57.876,0.7419,0.74215,1.00,2.25
2016.11.02 02:29:03.330,0.74189,0.74215,1.00,1.75
2016.11.02 02:29:10.990,0.7419,0.74215,1.00,3.00
2016.11.02 02:29:11.154,0.7419,0.74215,1.12,1.75
2016.11.02 02:29:25.607,0.74189,0.74215,1.00,3.37
2016.11.02 02:29:25.808,0.74185,0.74208,1.00,1.75
2016.11.02 02:29:25.859,0.74184,0.74208,1.00,1.75
2016.11.02 02:29:26.366,0.74185,0.7421,1.00,2.25
2016.11.02 02:29:26.749,0.74185,0.7421,1.50,1.75
2016.11.02 02:29:26.799,0.7419,0.74211,1.00,1.75
2016.11.02 02:29:26.995,0.74185,0.7421,1.50,1.75
2016.11.02 02:29:27.863,0.74184,0.74211,1.75,1.75
2016.11.02 02:29:27.964,0.74187,0.74208,1.00,1.00
2016.11.02 02:29:30.262,0.74185,0.7421,1.75,1.50
2016.11.02 02:29:30.362,0.74185,0.7421,1.75,1.12
2016.11.02 02:29:30.919,0.7419,0.74215,1.00,4.50
2016.11.02 02:29:32.892,0.7419,0.74211,1.00,1.50
2016.11.02 02:29:33.093,0.74185,0.7421,1.50,1.75
2016.11.02 02:29:33.194,0.74185,0.7421,1.12,1.75
2016.11.02 02:29:33.831,0.74179,0.74206,1.75,1.75
2016.11.02 02:29:33.882,0.74182,0.74206,1.00,1.75
2016.11.02 02:29:33.933,0.74185,0.7421,1.00,1.75
2016.11.02 02:29:34.033,0.7418,0.74205,1.75,1.75
2016.11.02 02:29:34.084,0.7418,0.74205,1.37,3.37
2016.11.02 02:29:34.880,0.7418,0.74205,1.00,4.12
2016.11.02 02:29:41.718,0.74175,0.742,1.75,1.75
2016.11.02 02:29:41.893,0.7418,0.74205,1.00,3.37
2016.11.02 02:29:42.445,0.7418,0.74205,1.37,2.25
2016.11.02 02:29:42.495,0.7418,0.74205,1.50,2.25
2016.11.02 02:29:42.639,0.74185,0.74208,1.00,3.00
2016.11.02 02:29:43.547,0.74185,0.7421,1.00,4.12
2016.11.02 02:29:43.850,0.7419,0.74213,1.00,1.75
2016.11.02 02:29:45.212,0.7419,0.74207,1.00,1.00
2016.11.02 02:29:47.218,0.74189,0.74214,1.00,1.75
2016.11.02 02:29:47.744,0.7419,0.74214,1.00,2.25
2016.11.02 02:29:49.444,0.74195,0.74215,1.00,1.75
2016.11.02 02:29:51.941,0.7419,0.74215,1.00,2.25
2016.11.02 02:29:53.795,0.7419,0.74215,1.12,2.85
2016.11.02 02:29:54.202,0.74185,0.7421,1.75,1.75
2016.11.02 02:29:54.565,0.7419,0.74215,1.00,3.37
2016.11.02 02:29:55.345,0.7419,0.74215,1.00,4.50
2016.11.02 02:29:58.216,0.74189,0.74216,1.00,7.87
2016.11.02 02:29:58.850,0.7419,0.74215,1.00,5.25
2016.11.02 02:30:00.025,0.74185,0.7421,1.75,1.75
2016.11.02 02:30:01.043,0.7419,0.74215,1.00,5.25
2016.11.02 02:30:05.549,0.74189,0.74215,1.00,1.75
2016.11.02 02:30:06.100,0.7419,0.74215,1.00,4.50
2016.11.02 02:30:16.896,0.7419,0.74215,1.00,3.75
2016.11.02 02:30:20.592,0.74189,0.74215,1.12,3.75
2016.11.02 02:30:25.495,0.74195,0.74215,1.00,3.75
2016.11.02 02:30:25.596,0.7419,0.74215,1.00,2.25
2016.11.02 02:30:25.651,0.74195,0.74217,1.00,2.62
2016.11.02 02:30:25.702,0.74195,0.74218,1.00,3.60
2016.11.02 02:30:26.395,0.74194,0.74218,1.00,2.85
2016.11.02 02:30:27.283,0.74195,0.74218,1.00,2.85
2016.11.02 02:30:28.442,0.74195,0.74218,1.00,1.35
2016.11.02 02:30:30.106,0.74195,0.7422,1.00,1.75
2016.11.02 02:30:30.629,0.74195,0.7422,1.00,4.87
2016.11.02 02:30:31.183,0.74194,0.7422,1.00,3.37
2016.11.02 02:30:32.607,0.74195,0.7422,1.00,4.12
2016.11.02 02:30:43.283,0.74195,0.74219,1.00,1.75
2016.11.02 02:30:43.585,0.7419,0.74215,2.25,1.75
2016.11.02 02:30:44.582,0.74195,0.74219,1.00,2.25
2016.11.02 02:30:45.701,0.74195,0.74219,1.00,3.37
2016.11.02 02:30:45.909,0.74191,0.74215,1.12,1.75
2016.11.02 02:30:46.113,0.7419,0.74214,1.00,2.10
2016.11.02 02:30:46.627,0.7419,0.74207,1.00,1.00
2016.11.02 02:30:46.797,0.74186,0.74207,1.00,1.00
2016.11.02 02:30:47.612,0.7419,0.74207,1.00,1.00
2016.11.02 02:30:47.827,0.74186,0.74207,1.00,1.00
2016.11.02 02:30:47.990,0.7419,0.74207,1.00,1.00
2016.11.02 02:30:48.221,0.74186,0.74207,1.00,1.00
2016.11.02 02:30:48.302,0.7419,0.74207,1.00,1.00
2016.11.02 02:30:48.686,0.74186,0.74207,1.00,1.00
2016.11.02 02:30:49.023,0.74189,0.74213,1.00,3.37
2016.11.02 02:30:49.124,0.74185,0.7421,1.87,1.75
2016.11.02 02:30:49.225,0.7419,0.74214,1.00,2.10
2016.11.02 02:30:49.292,0.74185,0.7421,1.75,1.75
2016.11.02 02:30:49.443,0.74185,0.7421,1.12,1.75
2016.11.02 02:30:50.441,0.74185,0.74208,1.00,3.37
2016.11.02 02:30:50.592,0.7418,0.74205,1.12,1.75
2016.11.02 02:30:50.643,0.7418,0.74205,1.00,1.75
2016.11.02 02:31:01.301,0.74185,0.74205,1.00,1.75
2016.11.02 02:31:02.046,0.74179,0.74205,1.00,1.75
2016.11.02 02:31:04.126,0.7418,0.74205,1.00,2.25
2016.11.02 02:31:04.659,0.74179,0.74205,1.00,2.25
2016.11.02 02:31:05.451,0.7418,0.74204,1.00,1.75
2016.11.02 02:31:05.602,0.7418,0.74201,1.00,1.75
2016.11.02 02:31:05.743,0.74174,0.742,1.00,2.62
2016.11.02 02:31:06.951,0.74179,0.742,1.00,3.37
2016.11.02 02:31:07.659,0.74175,0.742,1.00,3.37
2016.11.02 02:31:08.847,0.74174,0.742,1.00,3.37
2016.11.02 02:31:11.595,0.74174,0.74201,1.37,4.12
2016.11.02 02:31:11.735,0.74179,0.74204,1.00,2.62
2016.11.02 02:31:11.887,0.74175,0.742,1.50,2.25
2016.11.02 02:31:11.987,0.74175,0.742,1.00,4.12
2016.11.02 02:31:12.289,0.7418,0.74195,1.00,1.00
2016.11.02 02:31:12.890,0.7418,0.74202,1.00,1.75
2016.11.02 02:31:14.148,0.74179,0.74202,1.00,1.75
2016.11.02 02:31:14.683,0.7418,0.74202,1.00,1.75
2016.11.02 02:31:16.731,0.74179,0.74203,1.00,1.75
2016.11.02 02:31:17.240,0.7418,0.74204,1.00,2.62
2016.11.02 02:31:21.577,0.74174,0.74201,1.75,2.25
2016.11.02 02:31:21.627,0.74174,0.74201,1.50,1.75
2016.11.02 02:31:21.948,0.74175,0.742,1.00,3.37
2016.11.02 02:31:26.156,0.74174,0.74199,1.00,2.25
2016.11.02 02:31:26.358,0.74175,0.742,1.12,1.75
2016.11.02 02:31:26.459,0.7418,0.74202,1.00,3.37
2016.11.02 02:31:26.955,0.7418,0.74204,1.00,1.75
2016.11.02 02:31:27.257,0.74174,0.74201,2.25,1.75
2016.11.02 02:31:27.458,0.74174,0.74201,2.25,1.75
2016.11.02 02:31:33.373,0.74175,0.742,1.37,1.75
2016.11.02 02:31:34.062,0.74175,0.742,1.00,2.25
2016.11.02 02:31:39.165,0.74175,0.742,1.50,1.75
2016.11.02 02:31:39.342,0.74175,0.742,1.75,1.75
2016.11.02 02:31:41.053,0.7418,0.74201,1.00,1.75
2016.11.02 02:31:42.295,0.74175,0.742,1.75,1.75
2016.11.02 02:31:44.903,0.74175,0.742,1.50,1.75
2016.11.02 02:31:44.954,0.74175,0.742,1.50,1.75
2016.11.02 02:31:45.055,0.74175,0.74199,1.00,1.75
2016.11.02 02:31:45.571,0.74174,0.74199,1.00,1.75
2016.11.02 02:31:46.072,0.74174,0.742,1.12,1.75
2016.11.02 02:31:46.602,0.74175,0.742,1.00,2.25
2016.11.02 02:31:46.904,0.7418,0.742,1.00,1.75
2016.11.02 02:31:46.954,0.7418,0.742,1.00,1.75
2016.11.02 02:31:47.063,0.7418,0.74198,1.00,1.00
2016.11.02 02:31:48.358,0.7418,0.74204,1.00,2.25
2016.11.02 02:31:53.169,0.74175,0.742,1.75,1.50
2016.11.02 02:31:53.270,0.74175,0.742,1.75,1.75
2016.11.02 02:31:53.598,0.74175,0.742,1.50,1.75
2016.11.02 02:31:53.945,0.7418,0.74202,1.00,1.75
2016.11.02 02:31:53.996,0.7418,0.74204,1.00,2.10
2016.11.02 02:31:57.800,0.74179,0.74205,1.00,3.37
2016.11.02 02:31:58.674,0.74175,0.74204,1.75,2.25
2016.11.02 02:32:00.075,0.7418,0.74204,1.00,1.75
2016.11.02 02:32:02.823,0.7418,0.74204,1.00,4.72
2016.11.02 02:32:03.881,0.74175,0.742,1.50,1.75
2016.11.02 02:32:04.402,0.7418,0.74202,1.00,1.75
2016.11.02 02:32:04.503,0.7418,0.74205,1.00,2.25
2016.11.02 02:32:08.005,0.7418,0.74205,1.00,1.75
2016.11.02 02:32:08.495,0.74184,0.74207,1.00,3.37
2016.11.02 02:32:08.545,0.74184,0.74207,1.00,1.75
2016.11.02 02:32:08.890,0.74185,0.7421,1.00,2.25
2016.11.02 02:32:10.535,0.74184,0.7421,1.12,1.75
2016.11.02 02:32:11.201,0.74185,0.7421,1.00,2.25
2016.11.02 02:32:14.516,0.7419,0.74211,1.00,1.75
2016.11.02 02:32:15.197,0.74185,0.7421,1.00,1.75
2016.11.02 02:32:17.149,0.7419,0.74212,1.00,4.87
2016.11.02 02:32:17.250,0.7419,0.74207,1.00,1.00
2016.11.02 02:32:18.422,0.74185,0.74204,1.00,1.00
2016.11.02 02:32:19.041,0.74184,0.74204,1.00,1.00
2016.11.02 02:32:19.142,0.7419,0.74211,1.00,1.75
2016.11.02 02:32:23.831,0.74189,0.74214,1.00,3.37
2016.11.02 02:32:24.533,0.7419,0.74214,1.00,3.37
2016.11.02 02:32:24.870,0.74195,0.74209,1.00,1.00
2016.11.02 02:32:27.940,0.74194,0.74209,1.00,1.00
2016.11.02 02:32:28.829,0.74195,0.74209,1.00,1.00
2016.11.02 02:32:29.244,0.742,0.74217,1.00,1.75
2016.11.02 02:32:29.323,0.74195,0.74217,1.00,1.75
2016.11.02 02:32:29.483,0.742,0.74219,1.00,2.25
2016.11.02 02:32:29.534,0.74195,0.74219,1.00,2.25
2016.11.02 02:32:30.061,0.74199,0.74219,1.00,1.75
2016.11.02 02:32:30.451,0.74194,0.7422,1.00,2.62
2016.11.02 02:32:30.602,0.74194,0.7422,1.00,1.75
2016.11.02 02:32:30.753,0.742,0.74218,1.00,1.75
2016.11.02 02:32:31.431,0.74195,0.7422,1.00,4.12
2016.11.02 02:32:33.047,0.742,0.74219,1.00,1.75
2016.11.02 02:32:33.198,0.742,0.7422,1.00,1.75
2016.11.02 02:32:33.699,0.74199,0.7422,1.00,1.75
2016.11.02 02:32:34.049,0.74194,0.74221,1.12,2.25
2016.11.02 02:32:34.550,0.74194,0.74212,1.00,1.00
2016.11.02 02:32:35.196,0.74195,0.74212,1.00,1.00
2016.11.02 02:32:35.701,0.74195,0.7422,1.00,1.75
2016.11.02 02:32:35.951,0.742,0.74221,1.00,1.75
2016.11.02 02:32:36.052,0.74195,0.7422,1.00,1.75
2016.11.02 02:32:36.647,0.74195,0.7422,1.00,1.75
2016.11.02 02:32:37.249,0.74195,0.74219,1.00,1.75
2016.11.02 02:32:37.949,0.74189,0.74216,3.00,1.75
2016.11.02 02:32:38.852,0.74195,0.74218,1.00,2.25
2016.11.02 02:32:39.153,0.742,0.74219,1.00,1.75
2016.11.02 02:32:39.485,0.74195,0.74219,1.00,1.75
2016.11.02 02:32:40.001,0.74195,0.74212,1.00,1.00
2016.11.02 02:32:40.517,0.74195,0.7422,1.00,2.25
2016.11.02 02:32:40.819,0.74195,0.74219,1.00,1.75
2016.11.02 02:32:41.021,0.74195,0.74214,1.00,1.00
2016.11.02 02:32:42.072,0.74195,0.74219,1.00,1.75
2016.11.02 02:32:42.593,0.74195,0.74219,1.00,1.75
2016.11.02 02:32:44.017,0.74195,0.74214,1.00,1.00
2016.11.02 02:32:45.098,0.74195,0.74211,1.00,1.00
2016.11.02 02:32:45.645,0.7419,0.74214,1.00,1.75
2016.11.02 02:32:45.746,0.7419,0.74214,1.00,3.37
2016.11.02 02:32:46.053,0.74195,0.74214,1.00,4.12
2016.11.02 02:32:46.869,0.7419,0.74214,1.00,4.12
2016.11.02 02:32:47.247,0.7419,0.74214,1.00,3.37
2016.11.02 02:32:48.294,0.74185,0.7421,1.12,1.75
2016.11.02 02:32:49.863,0.7419,0.74211,1.00,1.75
2016.11.02 02:32:53.863,0.74189,0.74211,1.00,1.75
2016.11.02 02:32:54.596,0.74184,0.74211,1.37,2.25
2016.11.02 02:32:54.646,0.74184,0.74211,1.00,4.87
2016.11.02 02:32:54.747,0.7418,0.74205,1.75,1.75
2016.11.02 02:32:54.797,0.74185,0.74208,1.00,1.75
2016.11.02 02:32:55.330,0.74184,0.74207,1.00,1.75
2016.11.02 02:32:55.875,0.74185,0.74207,1.00,1.75
2016.11.02 02:32:57.046,0.74185,0.74206,1.00,1.75
2016.11.02 02:32:57.097,0.74179,0.74206,1.12,2.25
2016.11.02 02:32:57.608,0.7418,0.74205,1.00,1.75
2016.11.02 02:32:58.911,0.74185,0.74206,1.00,1.75
2016.11.02 02:32:59.062,0.74185,0.74201,1.00,1.00
2016.11.02 02:33:00.550,0.74185,0.74208,1.00,4.12
2016.11.02 02:33:00.902,0.7418,0.74205,1.00,1.75
2016.11.02 02:33:00.953,0.7418,0.74205,1.00,3.37
2016.11.02 02:33:01.297,0.7418,0.74204,1.00,3.37
2016.11.02 02:33:01.449,0.7418,0.74203,1.00,1.75
2016.11.02 02:33:01.600,0.74185,0.74205,1.00,2.62
2016.11.02 02:33:01.752,0.74185,0.74206,1.00,1.75
2016.11.02 02:33:02.276,0.74185,0.74209,1.00,3.00
2016.11.02 02:33:02.439,0.7419,0.74209,1.00,1.75
2016.11.02 02:33:02.491,0.74185,0.74203,1.00,1.00
2016.11.02 02:33:05.869,0.74185,0.74209,1.00,1.75
2016.11.02 02:33:06.131,0.7418,0.74205,1.75,1.75
2016.11.02 02:33:06.182,0.7418,0.74205,1.37,1.75
2016.11.02 02:33:06.484,0.7418,0.74205,1.00,2.25
2016.11.02 02:33:07.586,0.74185,0.74205,1.00,1.75
2016.11.02 02:33:07.886,0.7418,0.74205,1.00,2.25
2016.11.02 02:33:10.194,0.7418,0.74205,1.00,4.87
2016.11.02 02:33:11.212,0.7418,0.74204,1.00,1.75
2016.11.02 02:33:11.760,0.7418,0.74204,1.00,1.75
2016.11.02 02:33:12.334,0.74179,0.74196,1.00,1.00
2016.11.02 02:33:12.849,0.7418,0.74198,1.00,1.00
2016.11.02 02:33:12.900,0.7418,0.74205,1.00,4.87
2016.11.02 02:33:17.349,0.7418,0.74203,1.00,1.75
2016.11.02 02:33:20.246,0.7418,0.74199,1.12,1.00
2016.11.02 02:33:21.230,0.7418,0.74205,1.00,1.75
2016.11.02 02:33:25.263,0.7418,0.74205,1.00,5.62
2016.11.02 02:33:25.666,0.7418,0.74201,1.00,1.75
2016.11.02 02:33:25.717,0.74174,0.74201,1.00,2.25
2016.11.02 02:33:27.722,0.7418,0.74198,1.00,1.75
2016.11.02 02:33:28.024,0.74175,0.74198,1.00,1.75
2016.11.02 02:33:29.363,0.74174,0.74198,1.00,1.75
2016.11.02 02:33:31.736,0.74175,0.74198,1.00,1.75
2016.11.02 02:33:31.887,0.74175,0.74196,1.00,5.62
2016.11.02 02:33:32.061,0.7417,0.74195,1.00,3.37
2016.11.02 02:33:32.149,0.74175,0.74195,1.00,2.62
2016.11.02 02:33:34.430,0.7417,0.74195,1.00,3.37
2016.11.02 02:33:36.764,0.74174,0.74195,1.00,2.62
2016.11.02 02:33:38.448,0.7417,0.74195,1.00,3.37
2016.11.02 02:33:41.541,0.74175,0.74195,1.00,2.62
2016.11.02 02:33:41.641,0.74175,0.74197,1.00,2.10
2016.11.02 02:33:41.695,0.74175,0.74192,1.00,1.00
2016.11.02 02:33:44.854,0.74175,0.74197,1.00,1.35
2016.11.02 02:33:45.170,0.7417,0.74195,1.50,2.25
2016.11.02 02:33:50.828,0.7417,0.74194,1.00,1.75
2016.11.02 02:33:54.638,0.7417,0.74185,1.00,1.00
2016.11.02 02:33:56.554,0.7417,0.74182,1.00,1.00
2016.11.02 02:33:57.067,0.7417,0.7419,1.00,1.35
2016.11.02 02:33:57.371,0.7417,0.7419,1.00,1.35
2016.11.02 02:33:58.058,0.74175,0.74195,1.00,1.75
2016.11.02 02:33:58.259,0.74169,0.74195,1.00,1.75
2016.11.02 02:33:58.461,0.7417,0.74191,1.00,1.75
2016.11.02 02:34:01.807,0.74164,0.7419,1.12,1.75
2016.11.02 02:34:01.908,0.7417,0.7419,1.00,2.25
2016.11.02 02:34:02.349,0.7417,0.74191,1.00,1.75
2016.11.02 02:34:02.898,0.74169,0.74191,1.00,1.75
2016.11.02 02:34:02.949,0.74169,0.74193,1.12,2.85
2016.11.02 02:34:04.001,0.7417,0.74193,1.00,1.35
2016.11.02 02:34:07.798,0.74174,0.74193,1.00,1.35
2016.11.02 02:34:08.497,0.74175,0.74196,1.00,2.25
2016.11.02 02:34:11.195,0.74174,0.74196,1.00,2.25
2016.11.02 02:34:11.498,0.74174,0.74194,1.00,4.12
2016.11.02 02:34:11.649,0.7417,0.74194,1.00,4.72
2016.11.02 02:34:11.855,0.7417,0.74188,1.00,1.00
2016.11.02 02:34:14.124,0.7417,0.74193,1.00,2.25
2016.11.02 02:34:14.787,0.74169,0.74193,1.00,2.25
2016.11.02 02:34:15.621,0.7417,0.74193,1.00,2.25
2016.11.02 02:34:16.108,0.74169,0.74194,1.00,1.75
2016.11.02 02:34:20.669,0.7417,0.74194,1.00,1.75
2016.11.02 02:34:20.971,0.74169,0.74194,1.00,1.75
2016.11.02 02:34:21.072,0.74169,0.74188,1.00,1.00
2016.11.02 02:34:21.175,0.74169,0.74194,1.00,3.37
2016.11.02 02:34:23.948,0.74174,0.74194,1.00,3.37
2016.11.02 02:34:24.099,0.74174,0.74195,1.00,1.75
2016.11.02 02:34:24.401,0.74174,0.74197,1.00,1.75
2016.11.02 02:34:26.771,0.7417,0.74195,1.50,1.75
2016.11.02 02:34:26.977,0.7417,0.74195,1.12,1.75
2016.11.02 02:34:30.237,0.74175,0.74197,1.00,4.12
2016.11.02 02:34:31.342,0.7417,0.74195,1.00,2.10
2016.11.02 02:34:31.845,0.7417,0.74187,1.00,1.00
2016.11.02 02:34:36.842,0.7417,0.74195,1.00,2.25
2016.11.02 02:34:38.455,0.74175,0.74195,1.00,1.75
2016.11.02 02:34:38.555,0.7417,0.74195,1.00,2.25
2016.11.02 02:34:50.146,0.7417,0.74186,1.00,1.00
2016.11.02 02:34:51.849,0.7417,0.74192,1.00,1.75
2016.11.02 02:34:52.868,0.74165,0.7419,1.00,2.25
2016.11.02 02:34:52.969,0.74165,0.7419,1.00,2.25
2016.11.02 02:34:53.999,0.74164,0.74189,1.00,2.25
2016.11.02 02:34:54.300,0.74164,0.74188,1.00,3.37
2016.11.02 02:34:55.346,0.74164,0.74182,1.00,1.00
2016.11.02 02:34:59.921,0.7417,0.74182,1.00,1.00
2016.11.02 02:35:00.198,0.74164,0.74182,1.00,1.00
2016.11.02 02:35:00.349,0.74164,0.74186,1.00,1.75
2016.11.02 02:35:00.501,0.7416,0.74184,1.00,1.75
2016.11.02 02:35:01.004,0.74165,0.74183,1.00,1.75
2016.11.02 02:35:01.155,0.74165,0.74184,1.00,1.75
2016.11.02 02:35:01.356,0.74165,0.74182,1.00,1.00
2016.11.02 02:35:04.071,0.74165,0.74188,1.00,2.62
2016.11.02 02:35:04.222,0.7416,0.74185,1.00,4.12
2016.11.02 02:35:04.725,0.74159,0.74185,1.00,2.62
2016.11.02 02:35:05.319,0.74165,0.74185,1.00,2.62
2016.11.02 02:35:05.370,0.74165,0.74178,1.00,1.00
2016.11.02 02:35:05.722,0.7416,0.74183,1.00,1.75
2016.11.02 02:35:05.773,0.7416,0.74182,1.00,1.75
2016.11.02 02:35:06.107,0.74154,0.74181,1.12,2.25
2016.11.02 02:35:06.283,0.74159,0.74181,1.00,1.75
2016.11.02 02:35:06.486,0.7416,0.74181,1.00,1.75
2016.11.02 02:35:06.587,0.7416,0.74185,1.00,2.25
2016.11.02 02:35:06.944,0.7416,0.74184,1.00,1.75
2016.11.02 02:35:07.096,0.74155,0.7418,1.50,1.75
2016.11.02 02:35:07.196,0.74159,0.74183,1.00,1.75
2016.11.02 02:35:07.599,0.7416,0.74183,1.00,1.75
2016.11.02 02:35:07.750,0.7416,0.74183,1.00,2.62
2016.11.02 02:35:09.705,0.74155,0.7418,1.12,1.75
2016.11.02 02:35:09.806,0.74155,0.74178,1.00,1.75
2016.11.02 02:35:10.309,0.74159,0.74179,1.00,1.75
2016.11.02 02:35:10.360,0.74159,0.74179,1.00,1.75
2016.11.02 02:35:12.199,0.74154,0.7418,1.00,1.75
2016.11.02 02:35:12.501,0.74149,0.74176,1.50,1.75
2016.11.02 02:35:12.803,0.74155,0.74178,1.00,2.62
2016.11.02 02:35:13.343,0.74155,0.74178,1.00,4.12
2016.11.02 02:35:13.798,0.7415,0.74175,1.12,1.75
2016.11.02 02:35:14.000,0.74145,0.7417,1.37,1.75
2016.11.02 02:35:14.341,0.74149,0.74171,1.00,2.62
2016.11.02 02:35:14.392,0.74149,0.74172,1.00,2.25
2016.11.02 02:35:15.197,0.74149,0.74173,1.00,1.75
2016.11.02 02:35:15.298,0.74149,0.74175,1.50,1.75
2016.11.02 02:35:15.377,0.74149,0.74175,1.75,1.75
2016.11.02 02:35:15.945,0.74155,0.74178,1.00,3.00
2016.11.02 02:35:17.969,0.74155,0.74173,1.00,1.00
2016.11.02 02:35:18.444,0.7416,0.74173,1.00,1.00
2016.11.02 02:35:19.027,0.7416,0.74183,1.00,2.25
2016.11.02 02:35:19.808,0.74155,0.74178,1.00,2.62
2016.11.02 02:35:20.111,0.7416,0.74178,1.00,1.75
2016.11.02 02:35:20.212,0.74155,0.74178,1.00,1.75
2016.11.02 02:35:20.414,0.7416,0.74179,1.00,1.75
2016.11.02 02:35:20.515,0.74155,0.74179,1.00,1.75
2016.11.02 02:35:21.193,0.74155,0.74178,1.00,1.75
2016.11.02 02:35:21.244,0.7416,0.74181,1.00,4.12
2016.11.02 02:35:21.395,0.7416,0.7418,1.00,1.75
2016.11.02 02:35:24.895,0.7416,0.7418,1.00,4.72
2016.11.02 02:35:25.002,0.74155,0.7418,1.00,4.72
2016.11.02 02:35:26.298,0.74155,0.74179,1.00,1.75
2016.11.02 02:35:26.349,0.7416,0.74182,1.00,3.37
2016.11.02 02:35:27.033,0.74159,0.74182,1.00,3.37
2016.11.02 02:35:27.600,0.7416,0.74182,1.00,3.37
2016.11.02 02:35:29.520,0.74159,0.74182,1.00,3.37
2016.11.02 02:35:30.331,0.74155,0.7418,1.00,1.75
2016.11.02 02:35:30.432,0.74154,0.74179,1.00,2.25
2016.11.02 02:35:30.757,0.74155,0.74177,1.00,2.62
2016.11.02 02:35:32.217,0.74155,0.74178,1.00,4.12
2016.11.02 02:35:32.519,0.7416,0.74183,1.00,3.37
2016.11.02 02:35:33.046,0.7416,0.74183,1.00,2.25
2016.11.02 02:35:33.352,0.74155,0.7418,1.50,1.75
2016.11.02 02:35:33.754,0.7416,0.74183,1.00,2.25
2016.11.02 02:35:33.956,0.7416,0.74183,1.00,2.25
2016.11.02 02:35:36.176,0.74159,0.7418,1.00,1.35
2016.11.02 02:35:36.237,0.74155,0.7418,1.50,1.75
2016.11.02 02:35:36.288,0.74155,0.74179,1.12,1.75
2016.11.02 02:35:36.338,0.74155,0.74179,1.00,1.75
2016.11.02 02:35:36.664,0.74155,0.74179,1.00,4.12
2016.11.02 02:35:37.168,0.74154,0.74177,1.00,1.35
2016.11.02 02:35:37.762,0.74155,0.74179,1.00,4.72
2016.11.02 02:35:37.863,0.74149,0.74176,2.25,1.75
2016.11.02 02:35:38.170,0.74155,0.74179,1.00,3.37
2016.11.02 02:35:38.271,0.74155,0.74179,1.00,1.75
2016.11.02 02:35:38.565,0.74155,0.7418,1.12,3.00
2016.11.02 02:35:45.659,0.74155,0.7418,1.00,2.25
2016.11.02 02:35:45.962,0.7416,0.7418,1.00,1.75
2016.11.02 02:35:46.548,0.74154,0.7418,1.00,1.75
2016.11.02 02:35:51.251,0.7416,0.7418,1.00,3.00
2016.11.02 02:35:52.175,0.74155,0.7418,1.00,2.25
2016.11.02 02:35:52.704,0.74154,0.74178,1.00,1.75
2016.11.02 02:36:00.451,0.74154,0.74179,1.00,2.25
2016.11.02 02:36:00.502,0.7415,0.74171,1.00,1.00
2016.11.02 02:36:00.999,0.74155,0.74171,1.00,1.00
2016.11.02 02:36:01.182,0.74155,0.74173,1.00,1.00
2016.11.02 02:36:01.450,0.74155,0.7418,1.37,2.25
2016.11.02 02:36:01.752,0.7416,0.74184,1.00,1.35
2016.11.02 02:36:02.597,0.7416,0.74184,1.12,1.35
2016.11.02 02:36:02.850,0.7416,0.74185,2.25,1.75
2016.11.02 02:36:02.900,0.74165,0.74189,1.00,1.75
2016.11.02 02:36:03.052,0.74165,0.7419,1.12,3.00
2016.11.02 02:36:04.155,0.74165,0.7419,1.00,3.00
2016.11.02 02:36:08.294,0.7417,0.7419,1.00,1.75
2016.11.02 02:36:10.912,0.74165,0.7419,1.00,1.75
2016.11.02 02:36:11.956,0.74169,0.7419,1.00,1.75
2016.11.02 02:36:12.006,0.74169,0.7419,1.00,1.75
2016.11.02 02:36:12.107,0.7417,0.74193,1.00,2.10
2016.11.02 02:36:12.510,0.74175,0.7419,1.00,1.00
2016.11.02 02:36:12.628,0.7417,0.7419,1.00,1.00
2016.11.02 02:36:12.779,0.74175,0.7419,1.00,1.00
2016.11.02 02:36:13.296,0.74175,0.74199,1.00,4.12
2016.11.02 02:36:13.699,0.74175,0.74199,1.00,2.25
2016.11.02 02:36:17.617,0.74169,0.74196,2.25,1.75
2016.11.02 02:36:24.358,0.7417,0.74195,1.37,1.75
2016.11.02 02:36:24.409,0.7417,0.74195,1.00,1.75
2016.11.02 02:36:24.510,0.7417,0.74194,1.00,1.75
2016.11.02 02:36:27.197,0.74165,0.7419,2.25,1.75
2016.11.02 02:36:27.298,0.7417,0.74194,1.00,1.75
2016.11.02 02:36:30.408,0.74165,0.7419,1.75,1.75
2016.11.02 02:36:31.836,0.7417,0.74193,1.00,1.35
2016.11.02 02:36:31.987,0.7417,0.74193,1.00,1.35
2016.11.02 02:36:32.448,0.74175,0.74196,1.00,1.75
2016.11.02 02:36:32.549,0.7417,0.74195,1.00,1.75
2016.11.02 02:36:32.851,0.7417,0.74195,1.00,5.62
2016.11.02 02:36:33.507,0.74169,0.74192,1.00,1.35
2016.11.02 02:36:33.817,0.74169,0.74194,1.00,1.35
2016.11.02 02:36:34.653,0.7417,0.74194,1.00,4.35
2016.11.02 02:36:34.754,0.7417,0.74194,1.00,6.22
2016.11.02 02:36:36.026,0.74165,0.7419,1.50,1.75
2016.11.02 02:36:39.431,0.7417,0.74191,1.00,1.35
2016.11.02 02:36:39.532,0.74165,0.7419,1.50,1.75
2016.11.02 02:36:40.266,0.74165,0.7419,1.50,1.75
2016.11.02 02:36:40.719,0.74165,0.74186,1.50,1.00
2016.11.02 02:36:41.318,0.7417,0.74186,1.00,1.00
2016.11.02 02:36:49.221,0.7417,0.74195,1.00,1.75
2016.11.02 02:36:54.046,0.74175,0.74196,1.00,2.62
2016.11.02 02:36:54.147,0.74175,0.742,1.00,3.75
2016.11.02 02:36:54.770,0.74175,0.74198,1.00,1.75
2016.11.02 02:36:55.882,0.74175,0.74196,1.00,1.75
2016.11.02 02:36:55.932,0.7417,0.74195,1.00,1.75
2016.11.02 02:36:57.070,0.74175,0.74195,1.00,1.75
2016.11.02 02:36:57.171,0.7417,0.74195,1.00,2.25
2016.11.02 02:36:57.693,0.7417,0.74195,1.12,1.75
2016.11.02 02:36:58.922,0.7417,0.74195,1.37,1.75
2016.11.02 02:36:58.973,0.74171,0.74192,1.00,1.00
2016.11.02 02:36:59.647,0.7417,0.74195,1.12,1.75
2016.11.02 02:37:00.277,0.7417,0.74193,1.00,2.62
2016.11.02 02:37:00.378,0.7416,0.74185,1.75,1.50
2016.11.02 02:37:00.479,0.7416,0.74185,1.50,1.75
2016.11.02 02:37:00.580,0.7416,0.74185,1.12,1.75
2016.11.02 02:37:02.304,0.74165,0.74187,1.00,1.75
2016.11.02 02:37:02.455,0.74165,0.74189,1.00,2.85
2016.11.02 02:37:04.696,0.74164,0.74188,1.00,2.25
2016.11.02 02:37:04.948,0.7416,0.74185,1.50,1.75
2016.11.02 02:37:04.999,0.7416,0.74185,1.12,3.37
2016.11.02 02:37:05.497,0.7416,0.74185,1.12,1.75
2016.11.02 02:37:05.599,0.7416,0.74185,1.00,1.75
2016.11.02 02:37:06.108,0.74159,0.74186,1.00,4.12
2016.11.02 02:37:06.650,0.7416,0.74185,1.00,1.75
2016.11.02 02:37:09.212,0.7416,0.74184,1.00,3.37
2016.11.02 02:37:16.086,0.74159,0.74184,1.00,3.37
2016.11.02 02:37:16.695,0.7416,0.74184,1.00,3.37
2016.11.02 02:37:19.842,0.7416,0.74184,1.00,1.75
2016.11.02 02:37:21.745,0.7416,0.74185,1.00,4.12
2016.11.02 02:37:22.097,0.7416,0.74183,1.00,2.62
2016.11.02 02:37:23.070,0.74159,0.74183,1.00,2.62
2016.11.02 02:37:23.271,0.74155,0.7418,1.00,1.75
2016.11.02 02:37:37.086,0.7416,0.74179,1.00,1.75
2016.11.02 02:37:37.500,0.74155,0.74179,1.00,1.75
2016.11.02 02:37:37.852,0.74155,0.7418,1.12,2.25
2016.11.02 02:37:37.953,0.7416,0.7418,1.00,1.75
2016.11.02 02:37:38.054,0.74159,0.74184,1.00,1.75
2016.11.02 02:37:38.596,0.7416,0.74185,1.00,4.87
2016.11.02 02:37:39.952,0.7416,0.74185,1.00,4.87
2016.11.02 02:37:40.516,0.74159,0.74185,1.00,3.37
2016.11.02 02:37:41.053,0.7416,0.74185,1.00,3.00
2016.11.02 02:37:41.494,0.74165,0.74187,1.00,5.62
2016.11.02 02:37:41.997,0.7416,0.74185,1.00,1.75
2016.11.02 02:37:42.148,0.7416,0.74184,1.00,2.62
2016.11.02 02:37:42.353,0.7416,0.74185,1.00,1.75
2016.11.02 02:37:45.459,0.7416,0.74184,1.00,2.62
2016.11.02 02:37:45.993,0.74159,0.74184,1.00,2.62
2016.11.02 02:37:47.945,0.7416,0.74184,1.00,3.37
2016.11.02 02:37:48.496,0.74159,0.74184,1.00,2.62
2016.11.02 02:37:48.697,0.74159,0.74186,1.12,3.00
2016.11.02 02:37:50.524,0.74165,0.74185,1.00,1.75
2016.11.02 02:37:58.251,0.7416,0.74185,1.00,1.75
2016.11.02 02:37:58.643,0.74165,0.74187,1.00,4.12
2016.11.02 02:38:00.344,0.7416,0.74185,1.00,1.75
2016.11.02 02:38:00.745,0.74165,0.74187,1.00,4.12
2016.11.02 02:38:01.253,0.74165,0.74186,1.00,1.75
2016.11.02 02:38:01.351,0.74165,0.74186,1.00,1.75
2016.11.02 02:38:02.016,0.74165,0.7419,1.12,1.75
2016.11.02 02:38:02.117,0.74165,0.7419,1.12,1.75
2016.11.02 02:38:07.129,0.74169,0.74192,1.00,2.62
2016.11.02 02:38:07.431,0.74169,0.74194,1.00,3.37
2016.11.02 02:38:07.582,0.7417,0.74195,1.12,1.75
2016.11.02 02:38:09.100,0.74172,0.74195,1.00,1.75
2016.11.02 02:38:09.402,0.74175,0.742,1.00,4.12
2016.11.02 02:38:10.046,0.74173,0.74195,1.00,1.75
2016.11.02 02:38:10.147,0.74175,0.74196,1.00,3.37
2016.11.02 02:38:10.298,0.74174,0.74197,1.00,1.75
2016.11.02 02:38:11.239,0.74174,0.742,1.00,3.97
2016.11.02 02:38:11.818,0.74175,0.742,1.00,2.10
2016.11.02 02:38:13.515,0.74175,0.742,1.12,1.75
2016.11.02 02:38:14.019,0.74175,0.742,1.12,1.75
2016.11.02 02:38:14.472,0.7418,0.74203,1.00,2.62
2016.11.02 02:38:14.623,0.7418,0.74205,1.00,3.75
2016.11.02 02:38:14.674,0.74175,0.742,2.25,1.75
2016.11.02 02:38:14.863,0.7418,0.74204,1.00,2.62
2016.11.02 02:38:15.173,0.74175,0.742,1.12,1.75
2016.11.02 02:38:15.539,0.74175,0.742,1.37,1.75
2016.11.02 02:38:16.040,0.7418,0.74205,1.00,3.75
2016.11.02 02:38:17.652,0.74179,0.74204,1.00,1.75
2016.11.02 02:38:19.646,0.74179,0.74206,1.12,3.60
2016.11.02 02:38:20.148,0.74179,0.74205,1.00,3.37
2016.11.02 02:38:21.563,0.7418,0.74205,1.00,3.37
2016.11.02 02:38:28.063,0.74185,0.74207,1.00,2.10
2016.11.02 02:38:30.271,0.74184,0.74211,1.87,2.25
2016.11.02 02:38:30.473,0.74189,0.74214,1.00,4.72
2016.11.02 02:38:32.493,0.7419,0.74214,1.00,4.87
2016.11.02 02:38:33.396,0.74189,0.74214,1.00,2.25
2016.11.02 02:38:33.898,0.74185,0.74207,1.50,1.00
2016.11.02 02:38:34.062,0.7419,0.74207,1.00,1.00
2016.11.02 02:38:34.599,0.74185,0.74207,1.50,1.00
2016.11.02 02:38:34.967,0.7419,0.74207,1.00,1.00
2016.11.02 02:38:35.269,0.74185,0.74207,1.50,1.00
2016.11.02 02:38:35.370,0.74189,0.74207,1.00,1.00
2016.11.02 02:38:35.597,0.74185,0.74207,1.50,1.00
2016.11.02 02:38:36.701,0.7419,0.74207,1.00,1.00
2016.11.02 02:38:37.520,0.74189,0.74207,1.00,1.00
2016.11.02 02:38:38.693,0.7419,0.74214,1.00,2.25
2016.11.02 02:38:41.387,0.7419,0.74214,1.12,1.75
2016.11.02 02:38:43.188,0.7419,0.74215,1.50,4.35
2016.11.02 02:38:43.289,0.7419,0.7421,1.00,1.00
2016.11.02 02:38:44.302,0.74195,0.7421,1.00,1.00
2016.11.02 02:38:44.505,0.7419,0.7421,1.00,1.00
2016.11.02 02:38:45.900,0.74194,0.7421,1.00,1.00
2016.11.02 02:38:46.001,0.7419,0.7421,1.00,1.00
2016.11.02 02:38:47.393,0.7419,0.74215,1.75,1.75
2016.11.02 02:38:47.716,0.74195,0.74219,1.00,1.75
2016.11.02 02:38:48.082,0.74189,0.74216,1.75,1.75
2016.11.02 02:38:50.198,0.74189,0.74216,1.37,1.75
2016.11.02 02:38:53.814,0.74195,0.74216,1.00,1.75
2016.11.02 02:39:00.438,0.7419,0.74215,1.12,1.75
2016.11.02 02:39:01.094,0.74195,0.74216,1.00,2.25
2016.11.02 02:39:03.297,0.7419,0.74215,1.12,1.75
2016.11.02 02:39:03.498,0.74195,0.74216,1.00,2.25
2016.11.02 02:39:04.982,0.7419,0.74215,1.12,1.75
2016.11.02 02:39:07.550,0.74195,0.74216,1.00,1.75
2016.11.02 02:39:08.152,0.7419,0.74217,1.12,2.85
2016.11.02 02:39:08.719,0.74195,0.74217,1.00,2.85
2016.11.02 02:39:09.045,0.7419,0.74216,1.12,2.25
2016.11.02 02:39:10.922,0.74194,0.74215,1.00,1.75
2016.11.02 02:39:16.852,0.7419,0.74215,1.12,2.25
2016.11.02 02:39:18.245,0.74194,0.74215,1.00,2.25
2016.11.02 02:39:25.464,0.74189,0.74215,1.87,2.25
2016.11.02 02:39:26.375,0.74195,0.74215,1.00,2.25
2016.11.02 02:39:26.985,0.74195,0.74215,1.00,2.25
2016.11.02 02:39:33.396,0.74194,0.74216,1.00,1.75
2016.11.02 02:39:41.783,0.74195,0.74216,1.00,1.75
2016.11.02 02:39:46.916,0.74195,0.74217,1.00,2.85
2016.11.02 02:39:47.118,0.74195,0.74218,1.00,1.75
2016.11.02 02:39:47.219,0.74195,0.7422,1.12,1.75
2016.11.02 02:40:02.743,0.74195,0.7422,1.00,1.75
2016.11.02 02:40:06.133,0.74195,0.7422,1.12,1.75
2016.11.02 02:40:06.712,0.74195,0.7422,1.12,1.75
2016.11.02 02:40:18.192,0.74195,0.74216,1.37,1.00
2016.11.02 02:40:18.507,0.74195,0.7422,1.12,1.75
2016.11.02 02:40:20.064,0.74195,0.7422,1.00,4.12
2016.11.02 02:40:20.366,0.74195,0.74211,1.00,1.75
2016.11.02 02:40:20.417,0.7419,0.74211,1.00,1.75
2016.11.02 02:40:20.467,0.7419,0.74209,1.00,3.37
2016.11.02 02:40:20.719,0.74185,0.74207,1.00,2.62
2016.11.02 02:40:21.012,0.7418,0.74205,1.00,2.25
2016.11.02 02:40:21.063,0.7418,0.74203,1.00,2.62
2016.11.02 02:40:21.365,0.7418,0.74201,1.00,4.12
2016.11.02 02:40:21.516,0.74175,0.742,1.00,2.25
2016.11.02 02:40:24.927,0.7418,0.74198,1.00,1.75
2016.11.02 02:40:25.216,0.74175,0.74199,1.00,1.75
2016.11.02 02:40:25.966,0.74175,0.74197,1.00,1.75
2016.11.02 02:40:26.017,0.7417,0.74195,1.50,1.75
2016.11.02 02:40:26.118,0.7417,0.74195,1.12,2.25
2016.11.02 02:40:26.286,0.7417,0.7419,1.00,1.50
2016.11.02 02:40:26.408,0.74165,0.74186,1.00,1.75
2016.11.02 02:40:26.509,0.74165,0.74187,1.00,1.75
2016.11.02 02:40:27.034,0.74165,0.74189,1.00,1.75
2016.11.02 02:40:29.174,0.74165,0.74188,1.00,3.37
2016.11.02 02:40:30.315,0.74165,0.74183,1.00,1.75
2016.11.02 02:40:30.366,0.7416,0.74181,1.00,1.75
2016.11.02 02:40:30.499,0.7416,0.74179,1.00,1.50
2016.11.02 02:40:30.750,0.7416,0.74179,1.00,1.00
2016.11.02 02:40:31.850,0.74165,0.74179,1.00,1.00
2016.11.02 02:40:32.045,0.7416,0.74179,1.00,1.00
2016.11.02 02:40:33.235,0.74159,0.74179,1.00,1.00
2016.11.02 02:40:33.285,0.74159,0.74181,1.00,1.75
2016.11.02 02:40:33.739,0.74165,0.74177,1.00,1.00
2016.11.02 02:40:34.463,0.74165,0.74183,1.00,1.75
2016.11.02 02:40:34.563,0.74165,0.74183,1.00,1.75
2016.11.02 02:40:35.069,0.74164,0.74181,1.00,1.50
2016.11.02 02:40:35.119,0.74164,0.74181,1.00,1.50
2016.11.02 02:40:35.170,0.7416,0.74179,1.00,1.50
2016.11.02 02:40:35.221,0.7416,0.74179,1.00,1.50
2016.11.02 02:40:35.555,0.74159,0.74179,1.00,1.75
2016.11.02 02:40:35.706,0.74159,0.74179,1.00,1.75
2016.11.02 02:40:36.008,0.7416,0.74179,1.00,1.75
2016.11.02 02:40:36.593,0.7416,0.74176,1.00,1.75
2016.11.02 02:40:37.125,0.7416,0.7418,1.00,1.75
2016.11.02 02:40:37.276,0.7416,0.74182,1.00,2.25
2016.11.02 02:40:37.378,0.74154,0.74181,1.75,1.75
2016.11.02 02:40:37.428,0.74154,0.74181,1.50,1.75
2016.11.02 02:40:37.479,0.74154,0.74181,1.12,1.75
2016.11.02 02:40:37.793,0.74155,0.7418,1.37,2.25
2016.11.02 02:40:38.096,0.74159,0.74181,1.12,1.75
2016.11.02 02:40:40.634,0.74155,0.7418,1.75,1.75
2016.11.02 02:40:43.357,0.74159,0.74183,1.00,2.85
2016.11.02 02:40:43.827,0.74159,0.74183,1.37,1.75
2016.11.02 02:40:44.360,0.7416,0.74179,1.00,1.00
2016.11.02 02:40:45.048,0.7416,0.74182,1.00,1.75
2016.11.02 02:40:45.581,0.74155,0.7418,1.50,1.75
2016.11.02 02:40:45.711,0.74155,0.7418,1.00,1.75
2016.11.02 02:40:46.016,0.7416,0.74181,1.00,3.37
2016.11.02 02:40:47.789,0.7416,0.74175,1.00,1.00
2016.11.02 02:40:53.600,0.7416,0.74182,1.00,1.75
2016.11.02 02:40:54.147,0.7416,0.74184,1.12,2.25
2016.11.02 02:40:54.400,0.7416,0.74185,1.50,2.25
2016.11.02 02:40:54.451,0.7416,0.74185,1.50,2.25
2016.11.02 02:40:54.552,0.7416,0.74185,1.00,2.25
2016.11.02 02:40:57.559,0.7416,0.7418,1.12,1.00
2016.11.02 02:40:57.661,0.7416,0.74183,1.00,1.75
2016.11.02 02:40:57.913,0.7416,0.74185,1.12,1.75
2016.11.02 02:40:57.963,0.74165,0.74186,1.00,2.25
2016.11.02 02:40:58.064,0.74159,0.74186,1.37,3.00
2016.11.02 02:40:58.266,0.74159,0.74186,1.00,3.00
2016.11.02 02:40:58.417,0.74159,0.74186,1.37,3.00
2016.11.02 02:41:02.384,0.74165,0.74186,1.00,1.75
2016.11.02 02:41:02.762,0.7416,0.74185,1.12,1.75
2016.11.02 02:41:04.186,0.74165,0.74188,1.00,1.75
2016.11.02 02:41:04.565,0.7416,0.74185,1.75,1.75
2016.11.02 02:41:09.564,0.7416,0.74185,1.75,1.75
2016.11.02 02:41:10.097,0.74165,0.74189,1.00,2.10
2016.11.02 02:41:18.137,0.74165,0.74189,1.12,1.35
2016.11.02 02:41:18.289,0.74165,0.7419,1.37,1.75
2016.11.02 02:41:18.390,0.7417,0.74192,1.00,1.75
2016.11.02 02:41:18.893,0.74174,0.74195,1.37,1.87
2016.11.02 02:41:18.994,0.74175,0.74195,1.75,1.00
2016.11.02 02:41:19.073,0.74175,0.742,1.75,2.25
2016.11.02 02:41:19.587,0.7418,0.74203,1.12,1.75
2016.11.02 02:41:21.585,0.74175,0.742,1.75,1.37
2016.11.02 02:41:24.044,0.7418,0.74199,1.00,1.00
2016.11.02 02:41:27.393,0.7418,0.74204,1.37,1.75
2016.11.02 02:41:27.494,0.7418,0.74204,1.75,1.75
2016.11.02 02:41:27.645,0.74185,0.74207,1.00,1.75
2016.11.02 02:41:28.048,0.7418,0.74205,1.75,1.75
2016.11.02 02:41:33.614,0.7418,0.74205,1.50,1.75
2016.11.02 02:41:33.816,0.74174,0.74201,1.75,1.75
2016.11.02 02:41:34.402,0.74175,0.742,1.75,1.75
2016.11.02 02:41:35.062,0.74174,0.74201,1.75,1.75
2016.11.02 02:41:38.145,0.74174,0.74201,1.75,1.75
2016.11.02 02:41:38.696,0.74175,0.742,1.75,1.75
2016.11.02 02:41:42.213,0.7418,0.74205,1.00,4.12
2016.11.02 02:41:42.515,0.74175,0.742,2.25,1.75
2016.11.02 02:41:43.758,0.7418,0.74205,1.00,4.12
2016.11.02 02:41:46.687,0.74175,0.742,2.25,1.75
2016.11.02 02:41:51.835,0.74179,0.74205,1.12,1.75
2016.11.02 02:41:51.886,0.74183,0.74206,1.00,1.75
2016.11.02 02:41:51.936,0.74183,0.74206,1.75,1.75
2016.11.02 02:41:52.037,0.74182,0.74206,1.75,1.00
2016.11.02 02:41:52.138,0.74185,0.7421,1.75,1.75
2016.11.02 02:41:52.340,0.74185,0.7421,1.75,1.75
2016.11.02 02:42:04.647,0.74186,0.74205,1.75,1.00
2016.11.02 02:42:04.806,0.74184,0.74205,1.75,1.00
2016.11.02 02:42:05.345,0.74185,0.7421,1.75,1.75
2016.11.02 02:42:05.396,0.74188,0.7421,1.50,1.75
2016.11.02 02:42:05.698,0.74188,0.7421,1.75,1.12
2016.11.02 02:42:07.026,0.7419,0.7421,1.75,1.12
2016.11.02 02:42:07.076,0.7419,0.74215,2.25,1.75
2016.11.02 02:42:09.242,0.7419,0.74215,1.75,1.50
2016.11.02 02:42:09.293,0.7419,0.74215,1.75,1.50
2016.11.02 02:42:09.936,0.74196,0.74215,1.00,1.00
2016.11.02 02:42:10.770,0.74196,0.74217,1.00,1.00
2016.11.02 02:42:11.248,0.74196,0.74215,1.00,1.00
2016.11.02 02:42:11.786,0.74193,0.74215,1.75,1.50
2016.11.02 02:42:12.284,0.74192,0.74215,1.12,1.75
2016.11.02 02:42:30.094,0.74192,0.74215,1.50,1.50
2016.11.02 02:42:30.145,0.74194,0.74215,1.00,1.50
2016.11.02 02:42:35.800,0.74195,0.74215,1.00,1.00
2016.11.02 02:42:35.956,0.74195,0.7422,1.50,1.75
2016.11.02 02:42:46.439,0.74195,0.7422,1.12,1.75
2016.11.02 02:42:55.290,0.74195,0.7422,1.50,1.75
2016.11.02 02:42:55.341,0.7419,0.74215,2.25,1.37
2016.11.02 02:42:55.391,0.7419,0.74215,2.25,1.75
2016.11.02 02:42:55.593,0.74195,0.7422,1.50,3.00
2016.11.02 02:42:57.844,0.74195,0.7422,1.37,1.75
2016.11.02 02:42:58.348,0.74195,0.7422,1.50,1.75
2016.11.02 02:43:05.212,0.74196,0.74218,1.00,1.00
2016.11.02 02:43:08.941,0.74196,0.74215,1.00,1.00
2016.11.02 02:43:09.447,0.74195,0.74216,1.50,1.00
2016.11.02 02:43:17.565,0.74195,0.74215,1.00,1.00
2016.11.02 02:43:18.105,0.74195,0.74216,1.50,1.00
2016.11.02 02:43:24.052,0.74195,0.74215,1.00,1.00
2016.11.02 02:43:24.595,0.74195,0.74216,1.00,1.00
2016.11.02 02:43:24.898,0.74195,0.7422,1.75,1.75
2016.11.02 02:43:26.177,0.74193,0.74215,1.75,1.00
2016.11.02 02:43:26.328,0.74193,0.74215,1.75,1.50
2016.11.02 02:43:33.745,0.74194,0.74221,1.50,2.25
2016.11.02 02:43:33.846,0.74196,0.74217,1.00,1.00
2016.11.02 02:43:33.946,0.74195,0.7422,1.75,1.75
2016.11.02 02:43:34.540,0.74195,0.7422,1.75,1.75
2016.11.02 02:43:35.289,0.742,0.74224,1.00,1.75
2016.11.02 02:43:35.390,0.742,0.74221,1.50,1.00
2016.11.02 02:43:38.355,0.74194,0.74221,2.25,1.50
2016.11.02 02:43:38.914,0.74194,0.74221,1.75,1.75
2016.11.02 02:43:44.052,0.74197,0.7422,1.00,1.50
2016.11.02 02:43:44.304,0.74195,0.74215,1.00,1.00
2016.11.02 02:43:44.833,0.74195,0.7422,1.50,1.75
2016.11.02 02:43:45.591,0.74191,0.74215,1.75,1.00
2016.11.02 02:43:46.202,0.74191,0.74216,1.75,1.12
2016.11.02 02:43:47.466,0.74191,0.74215,1.75,1.00
2016.11.02 02:43:48.668,0.74194,0.74217,1.75,1.00
2016.11.02 02:43:53.886,0.74195,0.7422,1.12,1.75
2016.11.02 02:43:57.992,0.7419,0.74215,1.37,1.75
2016.11.02 02:43:58.194,0.74185,0.7421,1.75,1.75
2016.11.02 02:43:58.395,0.7419,0.74215,1.00,4.87
2016.11.02 02:43:58.496,0.7419,0.74215,1.00,3.00
2016.11.02 02:43:59.042,0.74185,0.7421,1.75,1.75
2016.11.02 02:43:59.294,0.74185,0.7421,1.75,1.75
2016.11.02 02:43:59.596,0.74184,0.74211,1.50,1.75
2016.11.02 02:44:02.304,0.74185,0.7421,1.50,1.75
2016.11.02 02:44:02.405,0.74185,0.7421,1.75,1.75
2016.11.02 02:44:04.697,0.74185,0.7421,1.75,1.75
2016.11.02 02:44:04.823,0.74188,0.74209,1.00,1.00
2016.11.02 02:44:05.534,0.7419,0.74209,1.00,1.00
2016.11.02 02:44:05.997,0.74188,0.74209,1.00,1.00
2016.11.02 02:44:06.194,0.7419,0.74209,1.00,1.00
2016.11.02 02:44:07.330,0.74188,0.74209,1.00,1.00
2016.11.02 02:44:07.431,0.7419,0.74209,1.00,1.00
2016.11.02 02:44:07.532,0.7419,0.74211,1.50,1.00
2016.11.02 02:44:19.545,0.7419,0.74215,1.75,1.75
2016.11.02 02:44:19.704,0.74195,0.74216,1.50,1.00
2016.11.02 02:44:21.418,0.74195,0.74215,1.00,1.00
2016.11.02 02:44:22.030,0.74195,0.74216,1.50,1.00
2016.11.02 02:44:25.719,0.74195,0.74215,1.00,1.00
2016.11.02 02:44:26.292,0.74195,0.74216,1.00,1.00
2016.11.02 02:44:27.646,0.74195,0.74215,1.00,1.00
2016.11.02 02:44:28.099,0.74195,0.7422,1.00,1.75
2016.11.02 02:44:28.200,0.74195,0.7422,1.50,1.75
2016.11.02 02:44:29.952,0.742,0.74223,1.00,1.35
2016.11.02 02:44:30.062,0.742,0.74223,1.50,1.35
2016.11.02 02:44:33.945,0.74195,0.7422,1.75,1.00
2016.11.02 02:44:34.946,0.742,0.74223,1.50,1.35
2016.11.02 02:44:36.895,0.742,0.7422,1.00,1.00
2016.11.02 02:44:46.704,0.742,0.74223,1.00,1.35
2016.11.02 02:44:47.253,0.74195,0.7422,1.75,1.75
2016.11.02 02:44:50.547,0.74195,0.74215,1.00,1.00
2016.11.02 02:44:50.799,0.74194,0.74221,1.50,1.75
2016.11.02 02:44:51.339,0.74194,0.74221,1.75,1.75
2016.11.02 02:44:52.002,0.74194,0.74221,1.75,1.75
2016.11.02 02:44:52.345,0.74195,0.7422,1.75,1.75
2016.11.02 02:45:08.504,0.7419,0.74215,1.75,1.12
2016.11.02 02:45:08.605,0.74193,0.74214,1.00,1.00
2016.11.02 02:45:08.756,0.7419,0.74215,1.75,1.75
2016.11.02 02:45:09.094,0.74185,0.7421,3.00,1.00
2016.11.02 02:45:11.087,0.74185,0.7421,3.00,1.50
2016.11.02 02:45:17.199,0.7419,0.74215,1.00,1.75
2016.11.02 02:45:23.310,0.7419,0.74215,1.75,1.75
2016.11.02 02:45:23.361,0.7419,0.74213,1.75,1.00
2016.11.02 02:45:24.909,0.7419,0.74215,1.50,1.75
2016.11.02 02:45:27.206,0.74195,0.74216,1.00,1.50
2016.11.02 02:45:27.286,0.74189,0.74216,2.25,1.50
2016.11.02 02:45:27.488,0.74192,0.74215,1.00,1.50
2016.11.02 02:45:27.690,0.74195,0.74217,1.00,1.75
2016.11.02 02:45:27.791,0.7419,0.74215,1.75,1.75
2016.11.02 02:45:27.993,0.7419,0.74215,2.25,1.75
2016.11.02 02:45:28.144,0.74195,0.7422,1.75,1.75
2016.11.02 02:45:34.699,0.7419,0.74215,2.25,1.00
2016.11.02 02:45:35.303,0.74195,0.7422,1.75,1.75
2016.11.02 02:45:46.945,0.74196,0.7422,1.00,1.75
2016.11.02 02:45:50.367,0.74195,0.7422,1.75,1.75
2016.11.02 02:45:52.854,0.74196,0.7422,1.75,1.50
2016.11.02 02:45:52.904,0.74196,0.7422,1.75,1.12
2016.11.02 02:45:53.472,0.74202,0.74223,1.00,1.00
2016.11.02 02:45:53.573,0.742,0.74225,1.12,1.75
2016.11.02 02:45:53.890,0.742,0.74225,1.75,1.50
2016.11.02 02:45:55.162,0.74205,0.7423,1.37,1.75
2016.11.02 02:45:55.213,0.74205,0.7423,1.75,1.75
2016.11.02 02:45:55.264,0.74205,0.7423,1.75,1.75
2016.11.02 02:45:55.719,0.74205,0.7423,1.75,1.75
2016.11.02 02:45:55.943,0.742,0.74225,3.75,1.00
2016.11.02 02:45:56.394,0.742,0.74225,2.25,1.12
2016.11.02 02:45:56.545,0.74206,0.74227,1.00,1.00
2016.11.02 02:45:59.961,0.74199,0.74231,1.75,1.75
2016.11.02 02:46:00.545,0.74199,0.74231,1.75,1.75
2016.11.02 02:46:01.395,0.74202,0.74223,1.00,1.00
2016.11.02 02:46:02.303,0.742,0.74225,2.25,1.50
2016.11.02 02:46:02.604,0.74195,0.7422,1.75,1.12
2016.11.02 02:46:02.949,0.74205,0.74228,1.00,1.75
2016.11.02 02:46:02.999,0.74205,0.7423,1.00,2.25
2016.11.02 02:46:03.100,0.74205,0.7423,1.50,1.75
2016.11.02 02:46:03.683,0.742,0.74225,1.75,1.37
2016.11.02 02:46:03.834,0.74195,0.7422,2.25,1.12
2016.11.02 02:46:09.895,0.74199,0.74226,1.75,1.75
2016.11.02 02:46:09.946,0.74203,0.74224,1.00,1.00
2016.11.02 02:46:10.044,0.74199,0.74226,1.75,2.25
2016.11.02 02:46:10.348,0.742,0.74225,1.12,1.75
2016.11.02 02:46:10.808,0.74201,0.74222,1.00,1.00
2016.11.02 02:46:11.260,0.74201,0.7422,1.00,1.00
2016.11.02 02:46:12.246,0.74201,0.74222,1.00,1.00
2016.11.02 02:46:18.799,0.74205,0.74222,1.00,1.00
2016.11.02 02:46:18.950,0.74205,0.7423,1.50,2.10
2016.11.02 02:46:19.152,0.74204,0.7423,1.75,1.35
2016.11.02 02:46:22.391,0.7421,0.7423,1.00,1.35
2016.11.02 02:46:28.076,0.74209,0.7423,1.50,1.67
2016.11.02 02:46:28.378,0.7421,0.74235,1.00,3.75
2016.11.02 02:46:37.695,0.74209,0.74234,1.00,1.35
2016.11.02 02:46:38.696,0.74205,0.7423,1.75,1.75
2016.11.02 02:46:39.585,0.74209,0.74229,1.00,1.35
2016.11.02 02:46:40.089,0.7421,0.74233,1.00,1.75
2016.11.02 02:46:40.291,0.74215,0.74235,1.00,1.35
2016.11.02 02:46:41.820,0.7421,0.74231,1.00,1.35
2016.11.02 02:46:41.971,0.7421,0.74226,1.00,1.00
2016.11.02 02:46:42.081,0.74205,0.74226,1.50,1.00
2016.11.02 02:46:42.182,0.7421,0.74226,1.00,1.00
2016.11.02 02:46:42.693,0.7421,0.74233,1.00,1.35
2016.11.02 02:46:48.270,0.7421,0.7423,1.00,2.10
2016.11.02 02:46:48.321,0.74205,0.74229,1.00,1.75
2016.11.02 02:46:51.530,0.74204,0.74227,1.00,1.75
2016.11.02 02:46:52.118,0.74205,0.74227,1.00,1.75
2016.11.02 02:46:55.797,0.7421,0.74231,1.00,1.35
2016.11.02 02:46:55.848,0.7421,0.74226,1.00,1.00
2016.11.02 02:46:57.442,0.7421,0.74232,1.00,2.85
2016.11.02 02:46:57.973,0.74209,0.74234,1.00,2.10
2016.11.02 02:47:06.521,0.7421,0.74232,1.00,2.10
2016.11.02 02:47:07.267,0.7421,0.74232,1.50,1.35
2016.11.02 02:47:07.368,0.7421,0.74235,1.75,1.75
2016.11.02 02:47:07.892,0.7421,0.74235,1.50,1.75
2016.11.02 02:47:10.848,0.74214,0.74234,1.00,1.35
2016.11.02 02:47:10.899,0.74214,0.74234,1.00,1.35
2016.11.02 02:47:11.102,0.74214,0.74235,1.00,1.35
2016.11.02 02:47:12.065,0.7421,0.74235,1.37,2.10
2016.11.02 02:47:12.117,0.74214,0.74235,1.00,1.35
2016.11.02 02:47:14.636,0.74215,0.74235,1.00,1.35
2016.11.02 02:47:14.737,0.74215,0.74237,1.00,1.75
2016.11.02 02:47:14.987,0.74215,0.74236,1.50,1.00
2016.11.02 02:47:15.088,0.74215,0.74237,1.12,1.75
2016.11.02 02:47:15.139,0.7421,0.74232,1.75,1.30
2016.11.02 02:47:15.190,0.7421,0.74233,1.75,1.35
2016.11.02 02:47:15.442,0.742,0.74225,1.50,1.75
2016.11.02 02:47:15.794,0.74194,0.74221,1.75,1.75
2016.11.02 02:47:16.110,0.74194,0.74221,1.75,1.75
2016.11.02 02:47:16.455,0.74195,0.7422,1.75,1.75
2016.11.02 02:47:19.309,0.74195,0.7422,1.75,1.75
2016.11.02 02:47:20.310,0.74195,0.74219,1.12,1.75
2016.11.02 02:47:26.738,0.74195,0.7422,1.75,1.75
2016.11.02 02:47:27.088,0.7419,0.74215,1.75,1.37
2016.11.02 02:47:27.139,0.74189,0.74216,1.75,1.75
2016.11.02 02:47:27.647,0.74189,0.74216,1.75,1.75
2016.11.02 02:47:33.470,0.74189,0.74216,1.12,1.75
2016.11.02 02:47:39.450,0.7419,0.74215,1.00,1.75
2016.11.02 02:47:41.792,0.74185,0.7421,1.75,1.75
2016.11.02 02:47:42.391,0.7419,0.74215,1.00,1.75
2016.11.02 02:47:42.897,0.74185,0.7421,1.75,1.75
2016.11.02 02:47:43.885,0.7419,0.74215,1.00,1.75
2016.11.02 02:47:51.693,0.74185,0.7421,1.75,1.75
2016.11.02 02:47:59.892,0.7419,0.74215,1.00,1.75
2016.11.02 02:48:00.431,0.74184,0.74211,1.75,1.75
2016.11.02 02:48:07.222,0.74185,0.7421,1.75,1.75
2016.11.02 02:48:07.731,0.74185,0.7421,1.75,1.50
2016.11.02 02:48:20.797,0.7419,0.74215,1.00,1.75
2016.11.02 02:48:23.598,0.74184,0.74211,1.75,1.75
2016.11.02 02:48:25.794,0.7419,0.74215,1.00,1.75
2016.11.02 02:48:26.395,0.74185,0.7421,1.75,1.50
2016.11.02 02:48:33.648,0.7419,0.74215,1.00,1.75
2016.11.02 02:48:35.907,0.74185,0.7421,1.75,1.50
2016.11.02 02:48:40.399,0.74185,0.7421,1.75,2.25
2016.11.02 02:48:40.551,0.74179,0.74206,1.50,1.75
2016.11.02 02:48:41.004,0.7418,0.74203,1.37,1.00
2016.11.02 02:48:44.306,0.7418,0.74205,1.75,1.75
2016.11.02 02:48:44.895,0.7418,0.74205,1.50,1.75
2016.11.02 02:48:48.459,0.74185,0.74206,1.00,1.75
2016.11.02 02:48:48.607,0.74185,0.74206,1.00,2.25
2016.11.02 02:48:48.758,0.7418,0.74205,1.37,1.75
2016.11.02 02:48:49.727,0.7418,0.74205,1.37,1.75
2016.11.02 02:48:53.028,0.74179,0.74206,1.75,1.75
2016.11.02 02:48:53.493,0.74179,0.74206,1.75,1.75
2016.11.02 02:48:57.458,0.74175,0.742,2.25,1.00
2016.11.02 02:48:57.992,0.74175,0.742,1.75,1.00
2016.11.02 02:48:59.445,0.74174,0.74201,1.75,1.12
2016.11.02 02:49:13.895,0.7418,0.74202,1.37,1.00
2016.11.02 02:49:19.780,0.7418,0.74204,1.37,1.75
2016.11.02 02:49:19.881,0.74174,0.74201,1.75,1.75
2016.11.02 02:49:20.183,0.74174,0.74201,1.75,2.25
2016.11.02 02:49:20.728,0.74174,0.74201,1.75,2.25
2016.11.02 02:49:23.000,0.74174,0.74201,1.75,2.25
2016.11.02 02:49:23.601,0.74175,0.742,1.75,1.75
2016.11.02 02:49:30.734,0.74175,0.742,1.50,1.75
2016.11.02 02:49:31.298,0.74175,0.742,1.50,1.75
2016.11.02 02:49:31.349,0.74177,0.74198,1.00,1.00
2016.11.02 02:49:34.581,0.7418,0.74198,1.00,1.00
2016.11.02 02:49:34.682,0.7418,0.74201,1.50,1.00
2016.11.02 02:49:34.732,0.7418,0.74205,1.50,1.75
2016.11.02 02:49:34.883,0.74182,0.74203,1.00,1.00
2016.11.02 02:49:35.136,0.7418,0.74205,1.75,1.75
2016.11.02 02:49:35.536,0.7418,0.74205,1.75,1.00
2016.11.02 02:49:39.093,0.74185,0.7421,1.50,1.75
2016.11.02 02:49:39.398,0.7418,0.74205,3.37,1.00
2016.11.02 02:49:46.197,0.74185,0.7421,1.75,1.75
2016.11.02 02:49:46.399,0.7418,0.74205,3.37,1.00
2016.11.02 02:49:49.045,0.7418,0.74205,1.75,1.00
2016.11.02 02:49:49.096,0.74186,0.74205,1.00,1.00
2016.11.02 02:49:52.099,0.74186,0.742,1.00,1.00
2016.11.02 02:49:52.200,0.74179,0.742,1.75,1.00
2016.11.02 02:49:52.301,0.74176,0.742,1.75,1.12
2016.11.02 02:49:52.552,0.74175,0.742,1.75,1.37
2016.11.02 02:49:53.057,0.74175,0.742,1.75,1.50
2016.11.02 02:49:59.798,0.74177,0.742,1.75,1.00
2016.11.02 02:49:59.999,0.7418,0.74205,1.75,1.75
2016.11.02 02:50:05.625,0.74175,0.742,3.37,1.00
2016.11.02 02:50:05.726,0.74175,0.742,1.75,1.12
2016.11.02 02:50:06.293,0.74176,0.74201,1.75,1.00
2016.11.02 02:50:06.817,0.74176,0.742,1.75,1.00
2016.11.02 02:50:07.380,0.74175,0.742,2.25,1.12
2016.11.02 02:50:09.118,0.74175,0.742,1.75,1.50
2016.11.02 02:50:09.169,0.74175,0.742,1.75,1.75
2016.11.02 02:50:09.219,0.74174,0.74195,1.75,1.00
2016.11.02 02:50:09.521,0.74174,0.742,1.75,1.75
2016.11.02 02:50:09.572,0.74174,0.74201,1.75,2.25
2016.11.02 02:50:10.224,0.74174,0.74201,1.75,1.75
2016.11.02 02:50:10.830,0.7417,0.74195,3.00,1.00
2016.11.02 02:50:12.122,0.74175,0.742,1.75,1.75
2016.11.02 02:50:15.406,0.74175,0.742,1.75,1.50
2016.11.02 02:50:15.456,0.74179,0.742,1.00,1.50
2016.11.02 02:50:33.049,0.74175,0.742,1.75,1.12
2016.11.02 02:50:33.552,0.74175,0.742,1.75,1.00
2016.11.02 02:50:33.653,0.7418,0.74205,1.75,1.75
2016.11.02 02:50:33.767,0.74181,0.74205,1.75,1.00
2016.11.02 02:50:34.070,0.7418,0.74205,1.75,1.50
2016.11.02 02:50:34.574,0.7418,0.74205,1.75,1.00
2016.11.02 02:50:35.057,0.74181,0.74205,1.75,1.00
2016.11.02 02:50:35.568,0.74181,0.74206,1.75,1.00
2016.11.02 02:50:37.397,0.74181,0.74213,1.75,2.10
2016.11.02 02:50:38.052,0.74181,0.74213,3.37,2.10
2016.11.02 02:50:38.647,0.74181,0.74213,4.12,2.10
2016.11.02 02:50:52.809,0.74181,0.74206,3.37,1.00
2016.11.02 02:50:53.010,0.7418,0.74205,2.25,1.00
2016.11.02 02:50:55.564,0.74185,0.7421,1.75,1.75
2016.11.02 02:51:08.054,0.74185,0.74209,1.75,1.67
2016.11.02 02:51:08.105,0.74179,0.74201,1.75,1.00
2016.11.02 02:51:08.155,0.74179,0.74201,1.75,1.00
2016.11.02 02:51:08.206,0.74181,0.74201,1.00,1.00
2016.11.02 02:51:09.206,0.74181,0.742,1.00,1.00
2016.11.02 02:51:18.099,0.74181,0.74202,1.00,1.00
2016.11.02 02:51:19.694,0.74181,0.74201,1.00,1.00
2016.11.02 02:51:23.601,0.74181,0.742,1.00,1.00
2016.11.02 02:51:23.702,0.74179,0.74206,1.75,2.25
2016.11.02 02:51:23.845,0.74185,0.74206,1.00,1.50
2016.11.02 02:51:25.707,0.74185,0.74205,1.00,1.00
2016.11.02 02:51:29.753,0.74179,0.74206,1.75,1.12
2016.11.02 02:51:30.062,0.74185,0.7421,1.75,1.37
2016.11.02 02:51:53.645,0.74182,0.74205,1.75,1.00
2016.11.02 02:51:53.746,0.74184,0.74211,1.75,1.50
2016.11.02 02:51:53.847,0.74181,0.74206,1.75,1.00
2016.11.02 02:51:54.159,0.74181,0.74205,1.75,1.00
2016.11.02 02:51:54.643,0.74181,0.74205,1.75,1.00
2016.11.02 02:51:58.767,0.74181,0.74206,1.75,1.00
2016.11.02 02:51:58.969,0.74179,0.74206,1.75,1.50
2016.11.02 02:51:59.371,0.7418,0.74205,2.25,1.00
2016.11.02 02:51:59.931,0.7418,0.74205,1.75,1.00
2016.11.02 02:52:00.709,0.74179,0.74206,1.75,1.12
2016.11.02 02:52:02.750,0.7418,0.74205,1.75,1.00
2016.11.02 02:52:03.294,0.7418,0.74205,1.75,1.00
2016.11.02 02:52:03.445,0.74188,0.74209,1.00,1.00
2016.11.02 02:52:04.547,0.74188,0.74205,1.00,1.00
2016.11.02 02:52:16.461,0.7418,0.74205,1.75,1.00
2016.11.02 02:52:17.045,0.7418,0.74205,1.75,1.00
2016.11.02 02:52:26.268,0.74179,0.74206,1.75,1.12
2016.11.02 02:52:26.480,0.74179,0.74206,4.12,1.00
2016.11.02 02:52:27.661,0.7418,0.74205,1.75,1.00
2016.11.02 02:52:33.206,0.74178,0.74201,1.75,1.00
2016.11.02 02:52:33.308,0.74178,0.74201,1.75,1.00
2016.11.02 02:52:33.848,0.74175,0.742,1.75,1.00
2016.11.02 02:52:33.949,0.74179,0.74206,1.75,2.25
2016.11.02 02:52:34.100,0.7418,0.74205,1.75,1.50
2016.11.02 02:52:34.628,0.7418,0.74205,1.75,1.00
2016.11.02 02:52:44.835,0.7418,0.74205,3.37,1.00
2016.11.02 02:52:51.335,0.7418,0.74205,2.25,1.12
2016.11.02 02:52:51.385,0.7418,0.74205,2.25,1.12
2016.11.02 02:52:59.496,0.74177,0.74201,3.37,1.00
2016.11.02 02:52:59.697,0.74175,0.74201,3.37,1.00
2016.11.02 02:52:59.798,0.74175,0.74201,1.75,1.37
2016.11.02 02:53:03.057,0.7418,0.74204,1.37,1.75
2016.11.02 02:53:03.200,0.74182,0.742,1.00,1.00
2016.11.02 02:53:03.703,0.74175,0.742,1.75,1.12
2016.11.02 02:53:27.004,0.74175,0.742,1.75,1.50
2016.11.02 02:53:31.513,0.7418,0.74205,1.75,1.75
2016.11.02 02:53:33.128,0.74176,0.742,1.75,1.00
2016.11.02 02:53:34.029,0.7418,0.74205,1.75,1.75
2016.11.02 02:53:41.948,0.74174,0.74201,1.75,1.75
2016.11.02 02:53:42.150,0.74174,0.74201,1.75,1.12
2016.11.02 02:53:42.688,0.74175,0.742,1.75,1.00
2016.11.02 02:54:20.149,0.74175,0.742,1.75,1.75
2016.11.02 02:54:29.355,0.74175,0.742,2.25,1.37
2016.11.02 02:54:29.556,0.7418,0.74205,2.25,1.12
2016.11.02 02:54:30.540,0.7418,0.74205,2.25,1.12
2016.11.02 02:54:40.944,0.7418,0.74205,1.75,1.12
2016.11.02 02:54:45.606,0.7418,0.74205,1.75,1.50
2016.11.02 02:54:45.656,0.74179,0.74201,1.75,1.00
2016.11.02 02:54:45.822,0.7418,0.74205,1.75,1.75
2016.11.02 02:54:45.973,0.7418,0.74205,1.75,1.12
2016.11.02 02:55:04.120,0.74181,0.74205,1.75,1.00
2016.11.02 02:55:04.321,0.74185,0.74205,1.00,1.37
2016.11.02 02:55:04.422,0.7418,0.74205,1.75,1.00
2016.11.02 02:55:10.647,0.74179,0.74206,3.00,1.12
2016.11.02 02:55:11.188,0.7418,0.74205,1.75,1.00
2016.11.02 02:55:11.847,0.74185,0.7421,1.50,1.75
2016.11.02 02:55:21.641,0.7418,0.74205,1.75,1.00
2016.11.02 02:55:31.051,0.7418,0.74205,1.75,1.37
2016.11.02 02:55:31.646,0.7418,0.74205,1.75,1.37
2016.11.02 02:55:32.162,0.74176,0.742,2.62,1.00
2016.11.02 02:55:33.062,0.74179,0.74206,1.75,1.50
2016.11.02 02:55:33.163,0.74177,0.742,1.75,1.00
2016.11.02 02:55:33.361,0.7418,0.74205,1.75,1.37
2016.11.02 02:55:33.412,0.7418,0.74205,1.50,1.75
2016.11.02 02:55:33.463,0.7418,0.74205,1.50,1.75
2016.11.02 02:55:33.513,0.74183,0.74204,1.00,1.00
2016.11.02 02:55:35.191,0.7418,0.74205,1.75,1.12
2016.11.02 02:55:36.773,0.7418,0.74205,1.75,1.00
2016.11.02 02:55:42.992,0.7418,0.74205,1.75,1.50
2016.11.02 02:55:45.158,0.7418,0.74205,1.75,1.00
2016.11.02 02:55:50.896,0.7418,0.74205,1.75,1.37
2016.11.02 02:55:51.148,0.74175,0.742,3.00,1.75
2016.11.02 02:55:53.212,0.74174,0.74195,1.75,1.00
2016.11.02 02:55:56.040,0.74174,0.74195,1.75,1.00
2016.11.02 02:55:56.641,0.74175,0.742,1.75,1.75
2016.11.02 02:55:57.175,0.74171,0.74195,1.75,1.00
2016.11.02 02:55:58.822,0.74171,0.74196,1.75,1.37
2016.11.02 02:55:58.923,0.7417,0.74195,1.75,1.12
2016.11.02 02:56:11.650,0.74171,0.74195,1.75,1.00
2016.11.02 02:56:12.197,0.74171,0.74196,1.75,1.00
2016.11.02 02:56:13.449,0.74171,0.74195,1.75,1.00
2016.11.02 02:56:16.317,0.74175,0.742,1.50,1.75
2016.11.02 02:56:24.497,0.74175,0.742,1.75,1.50
2016.11.02 02:56:24.845,0.7418,0.74205,1.75,1.75
2016.11.02 02:56:25.341,0.74175,0.742,1.75,1.00
2016.11.02 02:56:25.592,0.74174,0.74201,1.75,1.75
2016.11.02 02:56:38.645,0.74171,0.74195,1.75,1.00
2016.11.02 02:56:38.968,0.74175,0.742,1.75,1.75
2016.11.02 02:56:46.940,0.74175,0.742,1.75,1.75
2016.11.02 02:57:00.647,0.74175,0.742,1.75,1.50
2016.11.02 02:57:01.753,0.74177,0.74198,1.00,1.00
2016.11.02 02:57:01.890,0.74177,0.74195,1.00,1.00
2016.11.02 02:57:01.990,0.74177,0.74198,1.00,1.00
2016.11.02 02:57:03.495,0.74177,0.74195,1.00,1.00
2016.11.02 02:57:03.596,0.74177,0.74198,1.00,1.00
2016.11.02 02:57:05.151,0.74175,0.742,1.75,1.50
2016.11.02 02:57:05.453,0.74175,0.742,1.50,1.75
2016.11.02 02:57:05.755,0.74169,0.74196,2.25,1.75
2016.11.02 02:57:10.669,0.74175,0.74199,1.00,1.75
2016.11.02 02:57:17.296,0.7417,0.74195,1.75,1.75
2016.11.02 02:57:24.130,0.74174,0.74195,1.00,1.50
2016.11.02 02:57:25.696,0.74175,0.74195,1.00,1.00
2016.11.02 02:57:26.278,0.74174,0.74195,1.00,1.50
2016.11.02 02:57:30.159,0.7417,0.74195,1.75,1.50
2016.11.02 02:57:30.210,0.7417,0.74195,1.75,1.75
2016.11.02 02:57:46.933,0.74169,0.74196,2.25,1.75
2016.11.02 02:58:04.800,0.74169,0.74194,2.25,1.00
2016.11.02 02:58:09.917,0.7417,0.74195,2.25,1.50
2016.11.02 02:58:10.441,0.74169,0.74196,2.25,1.75
2016.11.02 02:58:22.556,0.7417,0.74195,2.25,1.75
2016.11.02 02:58:25.643,0.74165,0.74191,1.75,1.37
2016.11.02 02:58:25.744,0.74164,0.74191,1.75,1.75
2016.11.02 02:58:25.844,0.74165,0.74186,1.00,1.00
2016.11.02 02:58:25.945,0.74167,0.74188,1.00,1.00
2016.11.02 02:58:26.360,0.74165,0.7419,1.75,1.75
2016.11.02 02:58:26.841,0.74165,0.7419,1.75,1.75
2016.11.02 02:58:27.093,0.7417,0.74195,1.75,1.75
2016.11.02 02:58:34.252,0.7417,0.74195,1.75,1.75
2016.11.02 02:58:34.302,0.74169,0.74196,2.25,1.50
2016.11.02 02:58:52.601,0.74169,0.74196,3.00,1.75
2016.11.02 02:58:52.701,0.7417,0.74195,1.75,1.12
2016.11.02 02:58:53.017,0.74176,0.74198,1.00,1.00
2016.11.02 02:58:53.286,0.74176,0.74195,1.00,1.00
2016.11.02 02:58:57.237,0.74176,0.74198,1.00,1.00
2016.11.02 02:58:59.391,0.74176,0.74196,1.00,1.00
2016.11.02 02:59:02.221,0.74176,0.74195,1.00,1.00
2016.11.02 02:59:06.643,0.74169,0.74196,2.25,1.75
2016.11.02 02:59:07.868,0.74175,0.74195,1.00,1.00
2016.11.02 02:59:08.634,0.7417,0.74195,2.25,1.00
2016.11.02 02:59:10.040,0.7417,0.74195,2.25,1.00
2016.11.02 02:59:10.091,0.74175,0.74195,1.00,1.00
2016.11.02 02:59:10.343,0.7417,0.74195,1.37,2.25
2016.11.02 02:59:10.740,0.7417,0.74195,1.37,1.75
2016.11.02 02:59:11.336,0.74169,0.74196,2.25,1.75
2016.11.02 02:59:14.262,0.74169,0.74196,1.75,1.37
2016.11.02 02:59:14.563,0.7417,0.74195,1.75,1.75
2016.11.02 02:59:19.157,0.7417,0.74195,1.75,1.50
2016.11.02 02:59:19.359,0.7417,0.74195,1.75,1.75
2016.11.02 02:59:19.560,0.7417,0.74195,1.75,1.12
2016.11.02 02:59:19.661,0.74173,0.74194,1.00,1.00
2016.11.02 02:59:21.906,0.7417,0.74195,1.75,1.12
2016.11.02 02:59:24.794,0.7417,0.74196,1.75,1.75
2016.11.02 02:59:25.096,0.7417,0.74195,2.25,1.12
2016.11.02 02:59:26.372,0.7417,0.74195,1.75,1.37
2016.11.02 02:59:26.892,0.74169,0.74196,1.75,1.75
2016.11.02 02:59:27.199,0.7417,0.74195,1.50,1.75
2016.11.02 02:59:28.117,0.74165,0.7419,1.75,1.75
2016.11.02 02:59:33.040,0.74163,0.74195,1.75,2.85
2016.11.02 02:59:33.640,0.74163,0.74195,1.75,2.85
2016.11.02 02:59:40.144,0.74168,0.74189,1.00,1.00
2016.11.02 02:59:44.966,0.74168,0.74185,1.00,1.00
2016.11.02 02:59:45.268,0.74164,0.74191,1.75,2.25
2016.11.02 02:59:45.369,0.7416,0.74185,2.25,1.00
2016.11.02 02:59:45.470,0.74165,0.7419,1.75,1.75
2016.11.02 02:59:45.571,0.7416,0.74185,2.25,1.00
2016.11.02 02:59:47.201,0.74165,0.7419,1.75,1.75
2016.11.02 02:59:48.755,0.74161,0.74185,2.25,1.00
2016.11.02 02:59:51.058,0.74161,0.74186,1.75,1.00
2016.11.02 02:59:52.705,0.74165,0.7419,1.75,1.75
2016.11.02 02:59:56.149,0.74165,0.7419,1.00,2.85
2016.11.02 02:59:56.277,0.74159,0.7418,1.50,1.50
2016.11.02 02:59:58.543,0.74155,0.7418,1.75,1.75
2016.11.02 02:59:58.644,0.74155,0.7418,1.75,1.75
