2010.10.01 13:00:00.662,0.9494,0.9497,1.00,2.50
2010.10.01 13:00:01.132,0.9494,0.9497,1.00,2.40
2010.10.01 13:00:01.310,0.9494,0.9497,4.00,2.40
2010.10.01 13:00:01.465,0.94935,0.9497,2.00,2.40
2010.10.01 13:00:02.033,0.9494,0.9497,1.60,2.60
2010.10.01 13:00:02.335,0.9494,0.9497,1.60,2.40
2010.10.01 13:00:02.674,0.94935,0.9497,2.20,2.40
2010.10.01 13:00:03.714,0.9494,0.9497,1.00,4.80
2010.10.01 13:00:03.991,0.9494,0.94975,2.20,1.70
2010.10.01 13:00:04.254,0.9494,0.9497,2.00,2.40
2010.10.01 13:00:05.005,0.9494,0.94975,2.00,1.90
2010.10.01 13:00:05.684,0.94935,0.9497,3.80,1.00
2010.10.01 13:00:05.952,0.94935,0.94975,2.20,3.80
2010.10.01 13:00:06.362,0.94935,0.9497,2.20,2.40
2010.10.01 13:00:06.624,0.94935,0.9497,2.20,2.40
2010.10.01 13:00:07.183,0.94935,0.94965,2.20,1.00
2010.10.01 13:00:07.474,0.94935,0.94965,2.00,1.00
2010.10.01 13:00:08.253,0.94935,0.9497,2.20,4.10
2010.10.01 13:00:08.446,0.94935,0.9497,2.20,2.50
2010.10.01 13:00:10.343,0.94935,0.9497,2.30,2.50
2010.10.01 13:00:11.317,0.94935,0.94965,2.20,1.00
2010.10.01 13:00:11.993,0.94935,0.94965,2.00,1.00
2010.10.01 13:00:12.553,0.94935,0.94965,1.60,1.00
2010.10.01 13:00:12.975,0.94935,0.9496,1.60,2.40
2010.10.01 13:00:13.288,0.9493,0.94965,1.70,1.90
2010.10.01 13:00:13.934,0.9493,0.94965,1.60,1.80
2010.10.01 13:00:14.803,0.9493,0.9496,1.60,1.00
2010.10.01 13:00:15.143,0.9493,0.9496,1.60,1.00
2010.10.01 13:00:16.228,0.9493,0.94965,1.80,2.20
2010.10.01 13:00:16.386,0.94935,0.94965,1.00,2.00
2010.10.01 13:00:16.548,0.9494,0.9497,1.00,11.60
2010.10.01 13:00:17.117,0.9494,0.9497,1.80,1.00
2010.10.01 13:00:17.467,0.9494,0.94965,1.80,1.00
2010.10.01 13:00:18.255,0.9495,0.9498,1.00,1.00
2010.10.01 13:00:18.998,0.9495,0.94985,4.20,11.20
2010.10.01 13:00:19.346,0.9496,0.94985,1.80,1.00
2010.10.01 13:00:20.424,0.9496,0.94985,2.20,1.00
2010.10.01 13:00:20.743,0.9496,0.94985,2.20,1.00
2010.10.01 13:00:22.730,0.94965,0.9499,1.00,1.00
2010.10.01 13:00:23.004,0.9497,0.94995,2.00,1.00
2010.10.01 13:00:23.325,0.9497,0.94995,1.00,1.00
2010.10.01 13:00:23.745,0.94965,0.94995,1.00,1.00
2010.10.01 13:00:24.065,0.9497,0.95,1.00,1.00
2010.10.01 13:00:24.406,0.94965,0.94995,4.00,1.00
2010.10.01 13:00:25.422,0.9496,0.9499,3.80,1.00
2010.10.01 13:00:26.147,0.9496,0.9499,3.80,1.00
2010.10.01 13:00:26.454,0.9496,0.94985,3.80,1.00
2010.10.01 13:00:26.767,0.9496,0.94985,1.60,1.00
2010.10.01 13:00:27.515,0.9496,0.94985,1.00,1.00
2010.10.01 13:00:27.844,0.9495,0.94975,1.60,1.80
2010.10.01 13:00:28.319,0.9495,0.9497,1.60,1.00
2010.10.01 13:00:28.678,0.9494,0.94975,1.80,1.80
2010.10.01 13:00:29.025,0.94945,0.9498,1.80,2.00
2010.10.01 13:00:29.758,0.94945,0.94985,1.80,2.20
2010.10.01 13:00:30.377,0.9495,0.94985,1.60,2.20
2010.10.01 13:00:30.559,0.94955,0.94985,1.60,1.00
2010.10.01 13:00:31.144,0.94955,0.9499,1.60,2.30
2010.10.01 13:00:31.323,0.94955,0.9499,1.80,1.70
2010.10.01 13:00:31.839,0.94955,0.9499,1.60,2.30
2010.10.01 13:00:32.204,0.94955,0.9499,9.60,1.00
2010.10.01 13:00:33.626,0.94955,0.9499,10.00,1.00
2010.10.01 13:00:33.832,0.94955,0.9499,9.60,1.00
2010.10.01 13:00:34.375,0.94955,0.9499,8.00,1.00
2010.10.01 13:00:34.485,0.94955,0.94995,4.00,1.90
2010.10.01 13:00:35.077,0.94955,0.94995,8.00,1.80
2010.10.01 13:00:35.586,0.94955,0.94995,4.00,1.80
2010.10.01 13:00:35.924,0.94955,0.94995,5.60,1.90
2010.10.01 13:00:37.393,0.94955,0.9499,4.00,1.60
2010.10.01 13:00:37.943,0.9495,0.94985,8.00,1.00
2010.10.01 13:00:38.550,0.94945,0.94985,9.30,1.00
2010.10.01 13:00:38.892,0.9495,0.94985,4.00,1.00
2010.10.01 13:00:39.844,0.94945,0.94985,1.00,1.80
2010.10.01 13:00:40.595,0.94945,0.9498,1.00,1.00
2010.10.01 13:00:41.158,0.9494,0.9498,8.20,1.00
2010.10.01 13:00:41.364,0.9494,0.94975,5.60,2.20
2010.10.01 13:00:41.574,0.94935,0.94975,3.90,2.20
2010.10.01 13:00:41.784,0.94935,0.94975,3.80,2.20
2010.10.01 13:00:43.643,0.9494,0.94975,1.00,2.20
2010.10.01 13:00:43.983,0.9494,0.94975,1.00,2.20
2010.10.01 13:00:44.788,0.94945,0.94975,1.60,1.00
2010.10.01 13:00:45.432,0.94945,0.94975,1.70,1.00
2010.10.01 13:00:46.393,0.9495,0.9498,1.00,1.70
2010.10.01 13:00:46.665,0.94955,0.9498,1.60,1.00
2010.10.01 13:00:46.913,0.9495,0.9498,2.00,1.00
2010.10.01 13:00:47.993,0.9495,0.9498,2.00,1.00
2010.10.01 13:00:49.155,0.9495,0.9498,2.00,1.00
2010.10.01 13:00:50.002,0.9495,0.9498,2.00,1.00
2010.10.01 13:00:51.023,0.9495,0.9498,2.00,1.00
2010.10.01 13:00:51.252,0.9495,0.9498,2.10,1.00
2010.10.01 13:00:51.533,0.94955,0.94985,1.00,1.60
2010.10.01 13:00:51.673,0.94955,0.94985,1.00,1.60
2010.10.01 13:00:52.406,0.9497,0.95,1.60,1.00
2010.10.01 13:00:52.685,0.94965,0.94995,2.00,1.60
2010.10.01 13:00:53.364,0.94965,0.94995,2.00,1.60
2010.10.01 13:00:53.706,0.94965,0.94995,1.60,2.20
2010.10.01 13:00:54.484,0.94955,0.94995,10.20,2.20
2010.10.01 13:00:55.145,0.94955,0.94995,2.30,2.30
2010.10.01 13:00:56.123,0.9496,0.94995,6.20,1.90
2010.10.01 13:00:56.423,0.9496,0.9499,1.00,1.00
2010.10.01 13:00:56.723,0.9496,0.94995,6.00,2.30
2010.10.01 13:00:57.184,0.9496,0.94995,2.00,2.30
2010.10.01 13:00:57.532,0.94955,0.9499,2.20,1.00
2010.10.01 13:00:58.268,0.94955,0.94985,2.20,1.00
2010.10.01 13:00:58.618,0.94955,0.9499,3.80,1.00
2010.10.01 13:00:59.017,0.94955,0.9499,7.80,1.00
2010.10.01 13:00:59.420,0.9496,0.9499,1.60,1.00
2010.10.01 13:00:59.618,0.94965,0.9499,6.20,1.00
2010.10.01 13:00:59.967,0.94965,0.9499,10.20,1.00
2010.10.01 13:01:00.964,0.9497,0.9499,4.20,1.00
2010.10.01 13:01:01.296,0.94975,0.95005,1.00,1.00
2010.10.01 13:01:01.696,0.9497,0.95005,5.20,1.00
2010.10.01 13:01:02.118,0.9497,0.95005,4.40,1.00
2010.10.01 13:01:02.305,0.9497,0.9499,1.00,1.60
2010.10.01 13:01:02.615,0.94965,0.95,2.80,1.00
2010.10.01 13:01:03.162,0.9497,0.94995,1.00,1.00
2010.10.01 13:01:03.509,0.9497,0.95005,4.00,2.20
2010.10.01 13:01:03.854,0.94965,0.95005,2.20,2.20
2010.10.01 13:01:04.616,0.9497,0.95005,1.00,1.80
2010.10.01 13:01:04.955,0.9498,0.9501,1.00,2.50
2010.10.01 13:01:05.387,0.9498,0.9501,1.00,1.00
2010.10.01 13:01:06.397,0.9498,0.95005,1.00,1.00
2010.10.01 13:01:06.734,0.94975,0.95005,1.60,1.00
2010.10.01 13:01:07.074,0.9497,0.95005,3.80,1.00
2010.10.01 13:01:07.415,0.9498,0.95005,1.00,1.00
2010.10.01 13:01:08.156,0.94975,0.9501,6.20,1.00
2010.10.01 13:01:08.475,0.94975,0.95005,2.20,1.00
2010.10.01 13:01:09.255,0.9498,0.9501,1.00,1.00
2010.10.01 13:01:09.593,0.94975,0.9501,4.30,1.00
2010.10.01 13:01:10.066,0.94975,0.9501,1.00,1.00
2010.10.01 13:01:10.407,0.9498,0.95015,1.80,2.20
2010.10.01 13:01:10.757,0.9498,0.95015,1.00,2.30
2010.10.01 13:01:11.025,0.9498,0.95015,1.00,2.20
2010.10.01 13:01:11.736,0.9498,0.95015,1.60,2.20
2010.10.01 13:01:11.912,0.94975,0.95015,1.00,2.20
2010.10.01 13:01:12.410,0.94975,0.95015,1.00,2.20
2010.10.01 13:01:12.588,0.9498,0.95015,1.00,1.80
2010.10.01 13:01:12.765,0.94975,0.9501,4.00,1.00
2010.10.01 13:01:13.363,0.94975,0.9501,4.10,1.00
2010.10.01 13:01:13.706,0.9498,0.95015,1.00,1.90
2010.10.01 13:01:14.045,0.9498,0.95015,1.00,1.80
2010.10.01 13:01:14.835,0.9498,0.95015,1.00,1.80
2010.10.01 13:01:15.055,0.9498,0.95015,1.00,1.80
2010.10.01 13:01:16.592,0.94975,0.95015,8.00,1.80
2010.10.01 13:01:16.873,0.94975,0.95015,8.10,1.80
2010.10.01 13:01:17.032,0.94975,0.95015,1.00,1.80
2010.10.01 13:01:17.192,0.94975,0.9501,1.00,1.60
2010.10.01 13:01:17.652,0.94975,0.9501,1.00,1.60
2010.10.01 13:01:17.817,0.9497,0.9501,10.30,2.20
2010.10.01 13:01:17.985,0.9497,0.9501,5.80,2.20
2010.10.01 13:01:18.323,0.9497,0.9501,1.00,2.20
2010.10.01 13:01:19.063,0.94965,0.95005,10.00,1.00
2010.10.01 13:01:19.735,0.94965,0.95,10.00,1.60
2010.10.01 13:01:20.365,0.94965,0.95,4.00,2.00
2010.10.01 13:01:21.032,0.94965,0.95,4.00,2.00
2010.10.01 13:01:21.639,0.94965,0.95,4.00,1.00
2010.10.01 13:01:21.906,0.94965,0.95,4.00,1.00
2010.10.01 13:01:22.423,0.94965,0.94995,4.00,1.00
2010.10.01 13:01:22.686,0.94965,0.95,4.20,2.20
2010.10.01 13:01:23.377,0.94965,0.94995,4.00,1.00
2010.10.01 13:01:24.074,0.9496,0.94995,1.00,1.90
2010.10.01 13:01:24.575,0.9496,0.94995,1.00,1.70
2010.10.01 13:01:24.779,0.9496,0.95,1.00,2.20
2010.10.01 13:01:25.519,0.9496,0.94995,1.00,1.70
2010.10.01 13:01:25.859,0.9496,0.95,1.00,2.70
2010.10.01 13:01:26.895,0.9496,0.94995,1.00,1.00
2010.10.01 13:01:27.196,0.9496,0.94995,1.00,1.00
2010.10.01 13:01:27.496,0.9496,0.94995,1.00,1.80
2010.10.01 13:01:28.304,0.9496,0.94995,1.00,1.80
2010.10.01 13:01:28.962,0.9496,0.9499,1.00,1.00
2010.10.01 13:01:29.735,0.94955,0.9499,3.50,1.00
2010.10.01 13:01:30.052,0.94955,0.9499,1.00,1.00
2010.10.01 13:01:30.952,0.94955,0.94995,1.00,2.20
2010.10.01 13:01:31.532,0.94955,0.9499,1.00,1.00
2010.10.01 13:01:37.924,0.9496,0.94995,1.80,1.80
2010.10.01 13:01:38.072,0.9496,0.94995,1.80,1.80
2010.10.01 13:01:38.223,0.9496,0.94995,5.80,1.00
2010.10.01 13:01:38.372,0.9496,0.94995,5.80,1.00
2010.10.01 13:01:39.245,0.9496,0.94995,5.80,1.00
2010.10.01 13:01:40.375,0.9497,0.95005,1.00,3.80
2010.10.01 13:01:40.673,0.9497,0.95005,8.20,1.80
2010.10.01 13:01:40.972,0.9497,0.95005,9.80,1.80
2010.10.01 13:01:41.972,0.9497,0.95005,9.90,1.80
2010.10.01 13:01:43.533,0.94965,0.94995,1.60,1.00
2010.10.01 13:01:43.756,0.9496,0.94995,10.20,1.00
2010.10.01 13:01:44.374,0.9497,0.94995,1.60,1.00
2010.10.01 13:01:45.825,0.9496,0.94995,10.30,1.00
2010.10.01 13:01:46.082,0.9496,0.94995,6.30,1.00
2010.10.01 13:01:46.809,0.9496,0.94995,6.30,1.00
2010.10.01 13:01:47.394,0.9497,0.95,1.60,1.00
2010.10.01 13:01:48.097,0.9496,0.94985,8.00,1.00
2010.10.01 13:01:48.445,0.94965,0.94985,4.00,1.00
2010.10.01 13:01:48.927,0.94965,0.9499,4.00,5.80
2010.10.01 13:01:49.280,0.94955,0.94985,1.60,1.00
2010.10.01 13:01:50.023,0.94955,0.9499,1.80,2.20
2010.10.01 13:01:50.367,0.94955,0.9499,1.80,2.20
2010.10.01 13:01:50.705,0.94955,0.9499,1.80,2.30
2010.10.01 13:01:52.173,0.94955,0.9499,1.90,1.90
2010.10.01 13:01:53.842,0.94955,0.9499,1.80,1.80
2010.10.01 13:01:55.286,0.94955,0.9499,1.00,1.00
2010.10.01 13:01:55.423,0.94955,0.94995,1.00,1.70
2010.10.01 13:01:55.536,0.94955,0.9499,1.00,1.00
2010.10.01 13:01:56.263,0.94955,0.9499,1.90,1.00
2010.10.01 13:01:56.712,0.94955,0.94985,1.80,1.00
2010.10.01 13:01:57.423,0.94955,0.9499,1.80,1.00
2010.10.01 13:01:57.662,0.9496,0.94995,1.00,1.80
2010.10.01 13:01:57.896,0.94965,0.95,1.00,8.30
2010.10.01 13:01:58.554,0.9496,0.95,11.00,1.00
2010.10.01 13:01:58.905,0.9496,0.95,1.00,1.00
2010.10.01 13:01:59.659,0.94955,0.94995,1.00,2.20
2010.10.01 13:02:00.634,0.94955,0.9499,1.00,1.00
2010.10.01 13:02:01.227,0.9496,0.9499,1.00,1.00
2010.10.01 13:02:01.784,0.9496,0.94995,1.00,1.60
2010.10.01 13:02:01.966,0.94955,0.94995,1.00,2.30
2010.10.01 13:02:02.777,0.9496,0.94995,1.00,1.60
2010.10.01 13:02:04.804,0.9496,0.94995,1.00,1.70
2010.10.01 13:02:05.167,0.94955,0.94985,1.00,1.60
2010.10.01 13:02:05.504,0.94955,0.9499,1.00,1.60
2010.10.01 13:02:06.223,0.9496,0.94995,1.60,1.60
2010.10.01 13:02:06.563,0.9496,0.94995,1.60,1.60
2010.10.01 13:02:07.908,0.9496,0.94995,1.60,1.60
2010.10.01 13:02:08.952,0.9496,0.94995,1.60,1.60
2010.10.01 13:02:09.685,0.9496,0.94995,1.70,1.70
2010.10.01 13:02:09.873,0.94965,0.94995,1.00,1.70
2010.10.01 13:02:10.823,0.9496,0.94995,2.30,1.90
2010.10.01 13:02:11.167,0.9496,0.9499,2.20,1.00
2010.10.01 13:02:11.454,0.9496,0.9499,2.20,1.00
2010.10.01 13:02:12.364,0.9496,0.94995,2.20,1.80
2010.10.01 13:02:12.703,0.9496,0.94995,2.20,1.00
2010.10.01 13:02:13.496,0.94965,0.94995,1.60,1.00
2010.10.01 13:02:13.837,0.94965,0.94995,1.00,1.00
2010.10.01 13:02:14.407,0.94965,0.94995,1.00,1.00
2010.10.01 13:02:14.695,0.94965,0.95,1.00,1.00
2010.10.01 13:02:14.984,0.94965,0.95,1.00,1.00
2010.10.01 13:02:15.275,0.94965,0.95,1.00,1.00
2010.10.01 13:02:16.014,0.94965,0.95,1.00,1.00
2010.10.01 13:02:16.693,0.94965,0.94995,1.00,1.00
2010.10.01 13:02:19.367,0.9496,0.94995,2.60,1.00
2010.10.01 13:02:19.542,0.9496,0.94995,1.00,1.00
2010.10.01 13:02:19.723,0.9496,0.94995,1.00,1.00
2010.10.01 13:02:21.607,0.9496,0.94995,1.00,1.00
2010.10.01 13:02:21.832,0.9496,0.94995,1.00,1.00
2010.10.01 13:02:22.702,0.9496,0.9499,1.00,1.00
2010.10.01 13:02:25.933,0.9496,0.94995,1.00,1.00
2010.10.01 13:02:29.143,0.9496,0.9499,1.00,1.00
2010.10.01 13:02:29.583,0.9496,0.94995,1.00,1.00
2010.10.01 13:02:29.789,0.94965,0.94995,1.00,1.00
2010.10.01 13:02:31.743,0.94965,0.94995,1.00,1.00
2010.10.01 13:02:32.293,0.94965,0.94995,1.00,1.00
2010.10.01 13:02:33.303,0.94965,0.94995,8.60,1.00
2010.10.01 13:02:33.554,0.94965,0.95,8.60,1.90
2010.10.01 13:02:34.283,0.94965,0.95,8.70,1.90
2010.10.01 13:02:35.036,0.94965,0.95,8.60,1.00
2010.10.01 13:02:35.582,0.94965,0.95,4.60,1.00
2010.10.01 13:02:36.224,0.94965,0.95,4.70,1.90
2010.10.01 13:02:36.443,0.94965,0.95,4.20,2.20
2010.10.01 13:02:36.775,0.9496,0.94995,4.30,1.60
2010.10.01 13:02:37.563,0.94955,0.94995,7.90,2.30
2010.10.01 13:02:38.092,0.94955,0.94995,11.90,2.30
2010.10.01 13:02:38.362,0.94955,0.9499,11.80,1.00
2010.10.01 13:02:39.128,0.9496,0.94995,1.80,1.60
2010.10.01 13:02:39.423,0.9496,0.9499,1.80,1.00
2010.10.01 13:02:40.784,0.94965,0.94995,1.60,1.00
2010.10.01 13:02:41.125,0.9497,0.94995,1.60,1.00
2010.10.01 13:02:42.120,0.94965,0.94995,1.80,1.00
2010.10.01 13:02:42.279,0.9497,0.94995,1.60,1.00
2010.10.01 13:02:42.882,0.9497,0.95,1.60,1.00
2010.10.01 13:02:43.034,0.9497,0.94995,1.60,1.00
2010.10.01 13:02:44.245,0.9497,0.94995,1.60,1.00
2010.10.01 13:02:46.336,0.9497,0.94995,1.60,1.00
2010.10.01 13:02:46.413,0.9497,0.94995,1.60,1.00
2010.10.01 13:02:47.362,0.9497,0.94995,1.60,1.00
2010.10.01 13:02:47.702,0.9497,0.95,1.60,1.00
2010.10.01 13:02:48.043,0.9497,0.95,1.80,1.00
2010.10.01 13:02:48.846,0.9497,0.95,1.80,1.00
2010.10.01 13:02:49.184,0.9497,0.95005,1.90,1.90
2010.10.01 13:02:49.525,0.94965,0.95,6.20,1.00
2010.10.01 13:02:49.774,0.94965,0.94995,1.60,1.80
2010.10.01 13:02:50.202,0.9496,0.94995,13.00,1.80
2010.10.01 13:02:50.461,0.9496,0.94995,4.00,2.20
2010.10.01 13:02:50.718,0.9496,0.94995,1.00,1.60
2010.10.01 13:02:51.533,0.9496,0.94995,4.20,1.60
2010.10.01 13:02:51.872,0.9496,0.94995,1.80,1.60
2010.10.01 13:02:52.212,0.9496,0.94995,1.80,1.70
2010.10.01 13:02:53.007,0.9496,0.94995,1.90,1.70
2010.10.01 13:02:54.457,0.9496,0.94995,4.20,1.60
2010.10.01 13:02:54.794,0.94965,0.95,1.00,2.20
2010.10.01 13:02:55.514,0.94965,0.95,1.00,1.00
2010.10.01 13:02:55.531,0.94965,0.94995,1.00,1.00
2010.10.01 13:02:57.219,0.9496,0.9499,3.80,1.00
2010.10.01 13:02:58.823,0.9496,0.9499,2.20,1.00
2010.10.01 13:02:59.163,0.9496,0.94995,2.20,1.60
2010.10.01 13:03:00.091,0.9496,0.94995,1.80,1.60
2010.10.01 13:03:02.072,0.9496,0.94995,1.90,1.70
2010.10.01 13:03:02.792,0.9496,0.94995,1.80,1.60
2010.10.01 13:03:08.913,0.94965,0.94995,1.00,1.60
2010.10.01 13:03:09.134,0.94965,0.94995,1.00,1.00
2010.10.01 13:03:10.194,0.94965,0.95,1.00,1.00
2010.10.01 13:03:10.445,0.9497,0.95,1.00,1.00
2010.10.01 13:03:11.363,0.9497,0.95005,1.80,1.00
2010.10.01 13:03:11.622,0.9497,0.95005,5.80,1.00
2010.10.01 13:03:12.647,0.9497,0.95005,5.90,1.00
2010.10.01 13:03:12.926,0.9497,0.95005,9.80,1.00
2010.10.01 13:03:13.384,0.94975,0.9501,4.00,1.00
2010.10.01 13:03:13.612,0.94975,0.9501,4.10,1.00
2010.10.01 13:03:15.041,0.94975,0.95005,4.00,1.00
2010.10.01 13:03:15.953,0.94975,0.95005,4.00,1.00
2010.10.01 13:03:16.540,0.94975,0.95005,4.00,1.00
2010.10.01 13:03:16.777,0.94975,0.95005,1.00,1.00
2010.10.01 13:03:17.226,0.94975,0.95005,1.00,1.00
2010.10.01 13:03:17.473,0.94975,0.95005,1.00,1.00
2010.10.01 13:03:17.724,0.9497,0.95005,8.20,1.00
2010.10.01 13:03:18.380,0.94975,0.9501,1.00,1.00
2010.10.01 13:03:18.603,0.94975,0.9501,1.00,1.00
2010.10.01 13:03:18.826,0.94975,0.95005,1.00,1.00
2010.10.01 13:03:20.532,0.94975,0.95005,4.20,1.00
2010.10.01 13:03:20.982,0.94975,0.9501,4.20,1.00
2010.10.01 13:03:21.283,0.94975,0.95005,4.00,1.00
2010.10.01 13:03:21.813,0.94975,0.95005,4.00,1.80
2010.10.01 13:03:22.046,0.9497,0.95005,5.80,1.80
2010.10.01 13:03:22.495,0.9497,0.95005,5.90,1.90
2010.10.01 13:03:22.686,0.9497,0.95,5.80,1.00
2010.10.01 13:03:23.203,0.9497,0.95,1.80,1.00
2010.10.01 13:03:23.399,0.94975,0.95,1.00,1.00
2010.10.01 13:03:23.933,0.94975,0.95005,1.00,1.00
2010.10.01 13:03:24.937,0.94975,0.95005,1.00,1.00
2010.10.01 13:03:25.273,0.94975,0.95,1.00,1.00
2010.10.01 13:03:25.715,0.9497,0.95,9.80,1.00
2010.10.01 13:03:25.832,0.94965,0.95,3.40,1.80
2010.10.01 13:03:26.177,0.9496,0.94995,6.20,1.60
2010.10.01 13:03:26.617,0.9496,0.94995,10.20,1.60
2010.10.01 13:03:27.633,0.9496,0.94995,10.30,1.70
2010.10.01 13:03:27.974,0.9496,0.94995,4.00,2.60
2010.10.01 13:03:28.193,0.9496,0.94995,1.00,2.60
2010.10.01 13:03:28.413,0.9496,0.94995,1.00,2.60
2010.10.01 13:03:29.089,0.9496,0.94995,1.00,2.70
2010.10.01 13:03:29.253,0.94955,0.9499,10.30,1.00
2010.10.01 13:03:31.763,0.94955,0.94985,6.20,1.00
2010.10.01 13:03:32.064,0.94955,0.9499,6.20,1.00
2010.10.01 13:03:34.325,0.94955,0.9499,5.80,1.00
2010.10.01 13:03:34.967,0.94955,0.9499,1.80,1.00
2010.10.01 13:03:35.463,0.94955,0.9499,1.00,1.00
2010.10.01 13:03:36.434,0.94955,0.9499,8.20,1.00
2010.10.01 13:03:36.707,0.9497,0.95,1.00,1.00
2010.10.01 13:03:36.968,0.94965,0.95,8.20,1.00
2010.10.01 13:03:37.459,0.94965,0.95,4.00,1.00
2010.10.01 13:03:37.707,0.94965,0.95,1.00,1.00
2010.10.01 13:03:38.871,0.9496,0.94995,2.20,1.00
2010.10.01 13:03:40.726,0.9496,0.94995,1.60,1.00
2010.10.01 13:03:40.846,0.9496,0.94995,1.00,1.00
2010.10.01 13:03:41.564,0.9496,0.94995,1.00,1.00
2010.10.01 13:03:42.266,0.94965,0.94995,2.20,1.00
2010.10.01 13:03:42.573,0.94965,0.9499,2.20,1.00
2010.10.01 13:03:43.182,0.94965,0.94995,2.20,1.00
2010.10.01 13:03:44.193,0.9497,0.94995,1.80,1.00
2010.10.01 13:03:44.703,0.9497,0.95,1.90,1.00
2010.10.01 13:03:45.623,0.9497,0.95,2.20,1.00
2010.10.01 13:03:46.563,0.9497,0.95,2.20,1.00
2010.10.01 13:03:47.634,0.9497,0.95005,2.20,1.00
2010.10.01 13:03:47.744,0.94985,0.95015,1.00,7.80
2010.10.01 13:03:47.855,0.94985,0.9501,1.00,1.60
2010.10.01 13:03:48.308,0.9499,0.9501,1.00,1.60
2010.10.01 13:03:48.422,0.9498,0.9501,1.00,1.00
2010.10.01 13:03:49.135,0.9498,0.95005,4.00,1.00
2010.10.01 13:03:49.487,0.9498,0.9501,4.00,1.80
2010.10.01 13:03:50.589,0.9498,0.9501,8.20,1.60
2010.10.01 13:03:51.485,0.9498,0.9501,4.20,1.60
2010.10.01 13:03:51.789,0.94985,0.9501,1.00,1.60
2010.10.01 13:03:52.882,0.9498,0.9501,4.00,1.60
2010.10.01 13:03:53.220,0.94995,0.95025,1.00,3.20
2010.10.01 13:03:53.559,0.94995,0.95025,1.00,1.00
2010.10.01 13:03:54.016,0.94985,0.95025,10.60,1.00
2010.10.01 13:03:54.357,0.94985,0.95025,4.60,1.00
2010.10.01 13:03:54.697,0.9499,0.9502,1.80,1.00
2010.10.01 13:03:55.426,0.94995,0.95025,1.00,1.00
2010.10.01 13:03:55.753,0.94995,0.9503,1.00,1.70
2010.10.01 13:03:56.483,0.94995,0.9503,1.00,1.60
2010.10.01 13:03:56.767,0.94985,0.95025,7.90,1.00
2010.10.01 13:03:57.117,0.94985,0.95025,2.30,1.00
2010.10.01 13:03:57.532,0.9499,0.95025,1.00,1.00
2010.10.01 13:03:57.882,0.9499,0.95025,1.00,1.00
2010.10.01 13:03:59.514,0.9499,0.95025,1.80,1.00
2010.10.01 13:03:59.835,0.94995,0.95025,1.00,1.00
2010.10.01 13:04:00.412,0.94995,0.95025,1.00,1.00
2010.10.01 13:04:00.762,0.94985,0.95025,1.70,1.00
2010.10.01 13:04:01.107,0.94985,0.95025,1.00,1.00
2010.10.01 13:04:03.431,0.94985,0.9502,1.00,1.00
2010.10.01 13:04:03.588,0.9498,0.9502,1.00,5.90
2010.10.01 13:04:03.749,0.94975,0.9501,8.00,1.00
2010.10.01 13:04:03.907,0.9497,0.9501,12.70,2.00
2010.10.01 13:04:04.055,0.9497,0.9501,8.70,1.60
2010.10.01 13:04:04.588,0.9497,0.9501,4.70,1.60
2010.10.01 13:04:04.894,0.94975,0.9501,4.00,1.60
2010.10.01 13:04:05.205,0.94975,0.95015,8.30,2.10
2010.10.01 13:04:06.227,0.9498,0.95015,1.00,2.20
2010.10.01 13:04:06.474,0.94975,0.95015,8.10,2.30
2010.10.01 13:04:07.166,0.9498,0.95015,1.00,2.00
2010.10.01 13:04:07.508,0.94975,0.95015,4.20,2.00
2010.10.01 13:04:07.855,0.94975,0.95015,8.20,2.00
2010.10.01 13:04:08.613,0.94975,0.9502,8.60,3.40
2010.10.01 13:04:08.952,0.94975,0.9502,8.60,1.80
2010.10.01 13:04:09.292,0.9498,0.9502,1.00,1.60
2010.10.01 13:04:10.650,0.94985,0.95015,1.60,1.00
2010.10.01 13:04:10.766,0.9499,0.95025,1.60,8.10
2010.10.01 13:04:10.876,0.94985,0.95025,1.00,1.70
2010.10.01 13:04:10.985,0.9499,0.95025,2.40,2.40
2010.10.01 13:04:11.418,0.94985,0.95025,1.00,2.40
2010.10.01 13:04:11.527,0.94985,0.95025,1.00,1.00
2010.10.01 13:04:11.632,0.94985,0.95025,1.00,1.00
2010.10.01 13:04:11.973,0.94985,0.9503,1.00,12.60
2010.10.01 13:04:12.848,0.94985,0.95025,1.00,4.10
2010.10.01 13:04:13.123,0.94985,0.95025,1.00,4.50
2010.10.01 13:04:13.405,0.94975,0.9502,11.90,2.70
2010.10.01 13:04:14.190,0.94975,0.95015,11.70,1.00
2010.10.01 13:04:14.526,0.94975,0.9501,8.10,4.60
2010.10.01 13:04:14.866,0.94975,0.9501,1.00,3.80
2010.10.01 13:04:15.576,0.9497,0.9501,9.70,3.80
2010.10.01 13:04:15.872,0.9497,0.9501,5.70,3.80
2010.10.01 13:04:16.094,0.94975,0.9501,1.00,3.80
2010.10.01 13:04:17.123,0.9498,0.9501,1.00,3.80
2010.10.01 13:04:17.744,0.94975,0.9501,1.00,3.80
2010.10.01 13:04:21.363,0.94975,0.9501,4.00,2.20
2010.10.01 13:04:21.534,0.94975,0.9501,4.30,2.20
2010.10.01 13:04:22.034,0.94975,0.9501,4.30,1.80
2010.10.01 13:04:22.209,0.94975,0.9501,8.30,1.00
2010.10.01 13:04:23.277,0.9498,0.9501,1.00,1.00
2010.10.01 13:04:23.548,0.94985,0.95015,1.00,1.60
2010.10.01 13:04:23.818,0.9499,0.95025,1.00,1.80
2010.10.01 13:04:24.505,0.9499,0.95025,1.00,1.00
2010.10.01 13:04:25.182,0.9499,0.95025,1.00,1.00
2010.10.01 13:04:25.524,0.9499,0.95025,1.80,1.00
2010.10.01 13:04:26.193,0.9499,0.95025,5.90,1.00
2010.10.01 13:04:27.324,0.9499,0.95025,1.90,1.00
2010.10.01 13:04:29.162,0.9499,0.95025,5.90,1.00
2010.10.01 13:04:32.041,0.94995,0.95025,1.00,1.00
2010.10.01 13:04:33.272,0.9499,0.95025,5.80,1.00
2010.10.01 13:04:33.578,0.9499,0.95025,1.80,1.90
2010.10.01 13:04:34.662,0.9499,0.9502,1.80,1.00
2010.10.01 13:04:36.594,0.95005,0.95025,1.00,1.60
2010.10.01 13:04:37.110,0.9501,0.95035,1.60,1.00
2010.10.01 13:04:37.328,0.9501,0.9504,1.60,1.00
2010.10.01 13:04:37.547,0.95005,0.9504,2.20,1.00
2010.10.01 13:04:37.979,0.95005,0.9504,2.20,3.00
2010.10.01 13:04:38.201,0.95005,0.95035,1.80,1.00
2010.10.01 13:04:40.331,0.95005,0.95035,1.80,1.00
2010.10.01 13:04:42.847,0.9501,0.9504,1.60,1.00
2010.10.01 13:04:43.054,0.9501,0.95035,1.60,1.00
2010.10.01 13:04:43.216,0.95,0.95035,8.00,2.30
2010.10.01 13:04:43.719,0.94995,0.9503,8.20,1.00
2010.10.01 13:04:43.803,0.94995,0.9503,4.20,1.00
2010.10.01 13:04:44.143,0.94995,0.9503,1.00,1.00
2010.10.01 13:04:44.885,0.95,0.9503,1.00,1.00
2010.10.01 13:04:45.813,0.94995,0.9503,1.00,1.00
2010.10.01 13:04:46.058,0.94995,0.9503,1.00,2.40
2010.10.01 13:04:46.407,0.9499,0.9503,1.90,2.90
2010.10.01 13:04:46.748,0.9499,0.9502,1.00,2.40
2010.10.01 13:04:47.347,0.9499,0.95025,2.30,1.60
2010.10.01 13:04:47.567,0.9499,0.9503,2.00,2.60
2010.10.01 13:04:48.224,0.9499,0.9503,2.00,2.60
2010.10.01 13:04:49.186,0.9499,0.95025,2.10,1.00
2010.10.01 13:04:49.692,0.9499,0.9503,2.10,2.70
2010.10.01 13:04:49.862,0.9499,0.9503,2.00,2.60
2010.10.01 13:04:50.311,0.9499,0.9503,2.00,2.60
2010.10.01 13:04:50.487,0.9499,0.9503,2.00,6.60
2010.10.01 13:04:50.653,0.9499,0.95025,2.00,1.00
2010.10.01 13:04:50.933,0.9499,0.9503,2.00,6.60
2010.10.01 13:04:51.513,0.9499,0.9503,3.60,6.60
2010.10.01 13:04:51.751,0.9499,0.9503,7.60,2.60
2010.10.01 13:04:51.986,0.94995,0.95035,1.00,2.00
2010.10.01 13:04:52.464,0.94995,0.95035,1.00,2.00
2010.10.01 13:04:52.708,0.94995,0.95035,4.30,2.10
2010.10.01 13:04:54.582,0.95,0.95035,1.00,2.10
2010.10.01 13:04:57.549,0.94995,0.95035,4.60,1.60
2010.10.01 13:04:58.102,0.94995,0.9503,6.20,1.00
2010.10.01 13:04:58.453,0.95,0.95035,4.00,1.00
2010.10.01 13:05:00.043,0.95,0.95035,4.10,1.00
2010.10.01 13:05:01.319,0.94995,0.9503,10.20,1.00
2010.10.01 13:05:01.586,0.95,0.9503,4.00,1.00
2010.10.01 13:05:01.803,0.95,0.95035,1.00,1.00
2010.10.01 13:05:02.023,0.94995,0.95035,6.20,1.00
2010.10.01 13:05:02.671,0.94995,0.9503,6.30,1.00
2010.10.01 13:05:03.314,0.94995,0.9503,10.30,1.00
2010.10.01 13:05:03.523,0.95,0.95035,1.00,1.00
2010.10.01 13:05:04.264,0.94995,0.9503,6.20,1.00
2010.10.01 13:05:04.872,0.94995,0.9503,10.20,1.00
2010.10.01 13:05:05.534,0.94995,0.95025,1.00,1.00
2010.10.01 13:05:07.486,0.94995,0.95025,1.00,1.00
2010.10.01 13:05:12.615,0.94995,0.9503,1.00,1.00
2010.10.01 13:05:13.123,0.94995,0.95025,1.00,1.00
2010.10.01 13:05:16.633,0.9499,0.95025,6.20,1.00
2010.10.01 13:05:18.975,0.9499,0.95025,14.20,1.00
2010.10.01 13:05:19.865,0.9499,0.95025,14.00,1.00
2010.10.01 13:05:20.023,0.9499,0.9502,8.40,1.00
2010.10.01 13:05:20.496,0.9499,0.9502,4.40,1.00
2010.10.01 13:05:20.677,0.94985,0.9502,10.20,1.00
2010.10.01 13:05:23.500,0.9499,0.95025,1.00,1.00
2010.10.01 13:05:24.226,0.9499,0.9503,2.40,1.00
2010.10.01 13:05:24.534,0.9499,0.95025,2.70,1.00
2010.10.01 13:05:25.225,0.9499,0.95025,8.70,1.00
2010.10.01 13:05:25.550,0.94995,0.9503,1.00,1.00
2010.10.01 13:05:26.864,0.94995,0.9503,4.00,1.00
2010.10.01 13:05:27.179,0.94995,0.9503,1.00,1.00
2010.10.01 13:05:27.496,0.95,0.95035,4.20,1.00
2010.10.01 13:05:28.578,0.95,0.95035,1.00,1.00
2010.10.01 13:05:28.691,0.95005,0.9504,5.60,1.00
2010.10.01 13:05:28.788,0.95005,0.9504,1.60,1.00
2010.10.01 13:05:29.346,0.95005,0.9504,1.70,1.00
2010.10.01 13:05:29.446,0.95005,0.9504,5.70,1.00
2010.10.01 13:05:29.543,0.95005,0.9504,1.70,1.00
2010.10.01 13:05:30.315,0.95005,0.9504,5.70,1.00
2010.10.01 13:05:30.659,0.9501,0.9504,1.00,1.00
2010.10.01 13:05:30.925,0.95005,0.9504,9.90,1.00
2010.10.01 13:05:31.606,0.9501,0.95045,1.00,1.00
2010.10.01 13:05:31.916,0.95005,0.9504,9.80,1.00
2010.10.01 13:05:32.598,0.95005,0.9504,1.80,1.00
2010.10.01 13:05:34.056,0.95005,0.9504,2.20,1.00
2010.10.01 13:05:34.394,0.95005,0.9504,2.20,1.00
2010.10.01 13:05:35.184,0.9501,0.95045,4.20,1.00
2010.10.01 13:05:35.525,0.9501,0.95045,2.00,1.00
2010.10.01 13:05:36.073,0.9501,0.95045,2.00,1.80
2010.10.01 13:05:36.403,0.95005,0.95045,2.30,1.00
2010.10.01 13:05:36.759,0.95015,0.95045,1.00,1.00
2010.10.01 13:05:37.495,0.9501,0.95045,1.00,1.00
2010.10.01 13:05:37.833,0.9501,0.95045,1.00,1.00
2010.10.01 13:05:38.843,0.95015,0.9505,1.90,1.00
2010.10.01 13:05:39.177,0.95015,0.9505,5.80,1.00
2010.10.01 13:05:39.957,0.95015,0.9505,5.90,1.00
2010.10.01 13:05:40.293,0.95015,0.9505,9.90,1.00
2010.10.01 13:05:40.633,0.9502,0.9505,1.00,1.00
2010.10.01 13:05:45.071,0.95015,0.95045,1.80,1.00
2010.10.01 13:05:45.379,0.9501,0.95045,1.00,1.00
2010.10.01 13:05:45.684,0.9501,0.9504,1.00,1.00
2010.10.01 13:05:46.745,0.95005,0.9504,10.20,1.00
2010.10.01 13:05:47.065,0.95005,0.9504,2.20,1.00
2010.10.01 13:05:47.846,0.95005,0.9504,1.00,1.00
2010.10.01 13:05:48.741,0.95005,0.95045,1.10,1.90
2010.10.01 13:05:49.040,0.95005,0.9504,1.00,1.00
2010.10.01 13:05:49.346,0.95005,0.9503,1.00,1.00
2010.10.01 13:05:50.140,0.95,0.95025,4.00,1.60
2010.10.01 13:05:50.487,0.95,0.95025,2.00,1.00
2010.10.01 13:05:51.256,0.9499,0.95025,12.60,1.00
2010.10.01 13:05:51.595,0.9499,0.95025,12.00,1.00
2010.10.01 13:05:51.934,0.94985,0.95025,8.60,1.00
2010.10.01 13:05:52.381,0.94985,0.9502,8.60,1.00
2010.10.01 13:05:54.174,0.94985,0.95015,4.60,1.00
2010.10.01 13:05:54.802,0.94985,0.95015,4.60,1.00
2010.10.01 13:05:55.750,0.94985,0.9502,2.30,1.00
2010.10.01 13:05:55.945,0.9499,0.9502,1.60,1.00
2010.10.01 13:05:56.636,0.94995,0.95025,8.00,1.00
2010.10.01 13:05:56.974,0.94995,0.9503,8.00,1.00
2010.10.01 13:05:58.026,0.94995,0.95035,8.20,1.00
2010.10.01 13:05:58.274,0.94995,0.9503,8.20,1.00
2010.10.01 13:05:59.608,0.94995,0.95035,8.20,1.00
2010.10.01 13:06:00.888,0.94995,0.9503,8.20,1.00
2010.10.01 13:06:01.593,0.94995,0.95035,8.20,1.00
2010.10.01 13:06:02.244,0.95,0.95035,1.00,1.00
2010.10.01 13:06:02.524,0.95,0.9504,1.00,1.00
2010.10.01 13:06:02.804,0.95,0.9504,4.20,1.00
2010.10.01 13:06:03.083,0.95,0.95035,4.20,1.00
2010.10.01 13:06:03.884,0.95,0.95035,4.00,1.00
2010.10.01 13:06:04.443,0.95,0.95035,8.00,1.00
2010.10.01 13:06:06.933,0.95,0.95035,4.00,1.00
2010.10.01 13:06:07.072,0.94995,0.95035,11.80,1.00
2010.10.01 13:06:08.553,0.95,0.95035,1.00,1.00
2010.10.01 13:06:09.053,0.95,0.9504,1.00,1.00
2010.10.01 13:06:09.732,0.95,0.95035,1.00,1.00
2010.10.01 13:06:10.978,0.95,0.9503,1.00,1.00
2010.10.01 13:06:11.223,0.95,0.95035,1.00,1.00
2010.10.01 13:06:11.317,0.95,0.9503,1.00,1.00
2010.10.01 13:06:12.332,0.95,0.9504,2.40,5.60
2010.10.01 13:06:12.615,0.94995,0.95035,6.20,1.60
2010.10.01 13:06:13.278,0.95,0.95035,4.00,1.60
2010.10.01 13:06:13.603,0.95,0.95035,4.00,1.60
2010.10.01 13:06:13.934,0.94995,0.95035,10.70,1.60
2010.10.01 13:06:14.264,0.95,0.9504,4.20,1.00
2010.10.01 13:06:14.847,0.95,0.9503,4.20,1.00
2010.10.01 13:06:15.170,0.95005,0.9504,1.00,1.60
2010.10.01 13:06:15.485,0.95,0.95035,10.00,1.00
2010.10.01 13:06:15.912,0.95,0.95035,9.60,1.00
2010.10.01 13:06:16.260,0.94995,0.95035,10.20,1.00
2010.10.01 13:06:17.764,0.94995,0.9503,10.30,1.00
2010.10.01 13:06:17.926,0.94995,0.9503,10.20,1.00
2010.10.01 13:06:18.346,0.94995,0.9503,10.30,1.00
2010.10.01 13:06:18.502,0.95,0.95035,1.00,1.00
2010.10.01 13:06:19.114,0.95,0.95035,8.00,1.00
2010.10.01 13:06:19.431,0.95005,0.95035,4.00,1.00
2010.10.01 13:06:20.047,0.95005,0.95045,8.00,1.00
2010.10.01 13:06:21.707,0.95005,0.95045,8.00,1.90
2010.10.01 13:06:21.874,0.95005,0.95045,4.00,1.90
2010.10.01 13:06:22.213,0.95005,0.95045,8.00,1.90
2010.10.01 13:06:22.777,0.95005,0.95035,4.00,1.00
2010.10.01 13:06:23.064,0.95,0.9504,8.40,1.00
2010.10.01 13:06:23.353,0.95005,0.9504,4.00,1.00
2010.10.01 13:06:24.335,0.95005,0.9504,8.10,1.00
2010.10.01 13:06:24.997,0.95005,0.9504,8.00,1.60
2010.10.01 13:06:25.700,0.95005,0.95035,4.00,1.80
2010.10.01 13:06:25.949,0.9499,0.9503,1.70,1.60
2010.10.01 13:06:26.194,0.9499,0.9503,1.00,2.00
2010.10.01 13:06:27.102,0.94985,0.95025,8.60,1.00
2010.10.01 13:06:27.580,0.94985,0.95025,8.40,1.00
2010.10.01 13:06:27.654,0.94985,0.95025,1.00,1.80
2010.10.01 13:06:28.792,0.94985,0.95025,1.00,2.20
2010.10.01 13:06:29.308,0.94985,0.95025,1.00,3.80
2010.10.01 13:06:29.547,0.94985,0.95015,1.00,1.60
2010.10.01 13:06:29.786,0.9498,0.95015,4.10,1.60
2010.10.01 13:06:30.236,0.9498,0.9502,4.10,1.90
2010.10.01 13:06:30.477,0.94985,0.95025,2.20,1.60
2010.10.01 13:06:30.812,0.94985,0.95025,7.80,1.60
2010.10.01 13:06:31.153,0.94985,0.95025,3.80,1.60
2010.10.01 13:06:31.870,0.9499,0.95025,2.40,1.60
2010.10.01 13:06:32.115,0.9499,0.95025,2.60,1.60
2010.10.01 13:06:32.364,0.9499,0.95025,4.20,1.00
2010.10.01 13:06:32.616,0.9499,0.95025,4.20,1.60
2010.10.01 13:06:33.014,0.9499,0.95025,4.20,1.60
2010.10.01 13:06:36.152,0.94995,0.95025,1.00,1.60
2010.10.01 13:06:36.274,0.9499,0.95025,4.20,1.60
2010.10.01 13:06:37.132,0.94995,0.95025,1.00,1.60
2010.10.01 13:06:37.404,0.9499,0.95025,4.20,1.60
2010.10.01 13:06:40.063,0.94995,0.95025,1.00,1.60
2010.10.01 13:06:41.324,0.94995,0.95025,1.00,1.60
2010.10.01 13:06:42.447,0.9499,0.95025,4.20,1.60
2010.10.01 13:06:45.489,0.9499,0.95025,1.00,1.80
2010.10.01 13:06:45.557,0.9499,0.95025,1.00,1.80
2010.10.01 13:06:46.368,0.9499,0.9502,1.00,1.00
2010.10.01 13:06:48.174,0.9499,0.95025,1.00,1.90
2010.10.01 13:06:48.394,0.9499,0.9502,1.00,1.00
2010.10.01 13:06:49.567,0.94985,0.9502,4.00,1.00
2010.10.01 13:06:49.823,0.9498,0.9502,6.20,1.00
2010.10.01 13:06:50.490,0.9499,0.9502,1.60,1.00
2010.10.01 13:06:51.581,0.94995,0.95025,1.00,1.70
2010.10.01 13:06:51.859,0.94995,0.95025,1.00,1.60
2010.10.01 13:06:53.604,0.94995,0.95025,1.00,1.60
2010.10.01 13:06:54.375,0.94995,0.95025,1.00,1.60
2010.10.01 13:06:55.985,0.9499,0.95015,1.00,1.60
2010.10.01 13:06:57.556,0.9499,0.9502,1.00,1.60
2010.10.01 13:06:57.806,0.9499,0.9502,1.00,1.60
2010.10.01 13:06:58.776,0.94985,0.95015,1.00,1.60
2010.10.01 13:06:59.932,0.9499,0.9502,1.00,1.60
2010.10.01 13:07:00.267,0.94985,0.9502,7.80,1.80
2010.10.01 13:07:00.989,0.9498,0.95015,10.20,1.80
2010.10.01 13:07:01.270,0.9498,0.95015,2.20,1.80
2010.10.01 13:07:02.887,0.94975,0.9501,4.00,2.00
2010.10.01 13:07:03.084,0.94975,0.9501,1.00,2.20
2010.10.01 13:07:03.394,0.94975,0.9501,1.00,2.30
2010.10.01 13:07:04.403,0.9497,0.95005,1.60,1.00
2010.10.01 13:07:04.667,0.9497,0.9501,8.10,2.20
2010.10.01 13:07:05.166,0.94975,0.95015,1.00,2.40
2010.10.01 13:07:05.507,0.94975,0.9502,1.00,11.80
2010.10.01 13:07:06.463,0.94975,0.9502,1.00,11.90
2010.10.01 13:07:06.803,0.94975,0.95015,1.00,1.60
2010.10.01 13:07:07.280,0.94975,0.9501,1.00,1.60
2010.10.01 13:07:09.056,0.94975,0.9501,1.00,1.60
2010.10.01 13:07:12.127,0.94975,0.9501,1.00,1.80
2010.10.01 13:07:13.144,0.94975,0.9501,1.00,1.90
2010.10.01 13:07:13.802,0.9497,0.95005,1.00,2.00
2010.10.01 13:07:14.059,0.9497,0.95005,1.00,2.60
2010.10.01 13:07:14.856,0.9497,0.95005,1.00,2.60
2010.10.01 13:07:15.492,0.9497,0.95005,1.00,2.60
2010.10.01 13:07:17.874,0.9497,0.95005,1.00,2.20
2010.10.01 13:07:18.213,0.9497,0.95005,1.00,1.00
2010.10.01 13:07:19.015,0.9497,0.95005,1.00,2.20
2010.10.01 13:07:19.244,0.9497,0.95005,1.00,2.00
2010.10.01 13:07:19.474,0.9497,0.95005,1.00,2.20
2010.10.01 13:07:20.406,0.94975,0.95005,1.00,2.20
2010.10.01 13:07:20.694,0.9497,0.95005,1.60,2.00
2010.10.01 13:07:20.984,0.9497,0.95005,8.40,1.60
2010.10.01 13:07:21.443,0.9497,0.95005,12.40,1.60
2010.10.01 13:07:21.754,0.94975,0.95005,1.00,1.60
2010.10.01 13:07:24.276,0.94975,0.95005,1.00,1.60
2010.10.01 13:07:25.248,0.94975,0.95005,1.00,1.60
2010.10.01 13:07:25.549,0.94975,0.9501,1.00,1.80
2010.10.01 13:07:25.846,0.94975,0.9501,1.00,1.80
2010.10.01 13:07:26.133,0.94975,0.9501,1.00,1.80
2010.10.01 13:07:26.814,0.9498,0.95015,1.00,3.80
2010.10.01 13:07:27.077,0.94975,0.95015,1.00,2.20
2010.10.01 13:07:27.734,0.94975,0.9501,1.00,1.60
2010.10.01 13:07:28.373,0.9498,0.9501,1.00,1.60
2010.10.01 13:07:29.444,0.94975,0.95015,1.00,2.20
2010.10.01 13:07:29.755,0.9498,0.95015,1.00,2.20
2010.10.01 13:07:30.523,0.94975,0.95015,1.00,2.20
2010.10.01 13:07:30.863,0.94975,0.95015,1.00,3.80
2010.10.01 13:07:31.205,0.9498,0.95015,1.00,1.60
2010.10.01 13:07:31.493,0.9498,0.95015,1.00,3.20
2010.10.01 13:07:31.944,0.9498,0.9501,1.00,1.00
2010.10.01 13:07:32.269,0.9499,0.9501,2.40,1.60
2010.10.01 13:07:32.917,0.9499,0.9502,2.40,1.60
2010.10.01 13:07:33.169,0.9498,0.9502,4.50,1.00
2010.10.01 13:07:33.838,0.9499,0.95025,4.20,4.10
2010.10.01 13:07:34.188,0.9499,0.95025,4.20,1.00
2010.10.01 13:07:35.301,0.94995,0.9503,1.00,1.60
2010.10.01 13:07:45.204,0.94995,0.9503,1.00,1.70
2010.10.01 13:07:45.755,0.95005,0.9503,1.00,1.60
2010.10.01 13:07:46.505,0.94995,0.9503,1.00,1.60
2010.10.01 13:07:46.853,0.94995,0.9503,4.60,1.60
2010.10.01 13:07:47.197,0.94995,0.9503,1.00,1.60
2010.10.01 13:07:49.356,0.94995,0.9503,1.00,1.60
2010.10.01 13:07:49.696,0.94995,0.95035,2.30,1.00
2010.10.01 13:07:50.037,0.95,0.95035,1.00,1.00
2010.10.01 13:07:50.784,0.94995,0.9503,1.70,1.60
2010.10.01 13:07:51.089,0.94995,0.9503,2.20,1.60
2010.10.01 13:07:51.847,0.94995,0.95035,10.30,1.60
2010.10.01 13:07:52.184,0.94995,0.95035,10.20,1.60
2010.10.01 13:07:53.010,0.95,0.95035,1.00,1.60
2010.10.01 13:07:53.356,0.95,0.9503,1.00,1.00
2010.10.01 13:07:54.059,0.95,0.9503,1.00,1.00
2010.10.01 13:07:55.647,0.95,0.9503,1.00,1.00
2010.10.01 13:07:57.703,0.95,0.9503,1.00,2.20
2010.10.01 13:07:58.567,0.95,0.95025,1.00,1.00
2010.10.01 13:07:58.845,0.95005,0.95035,1.00,2.60
2010.10.01 13:07:59.125,0.95005,0.9504,1.00,2.20
2010.10.01 13:07:59.804,0.95005,0.95035,1.00,1.00
2010.10.01 13:08:00.143,0.95005,0.9504,1.00,2.20
2010.10.01 13:08:01.149,0.95005,0.9504,2.60,1.60
2010.10.01 13:08:01.349,0.95005,0.9504,2.70,1.60
2010.10.01 13:08:01.544,0.9501,0.95045,1.60,1.90
2010.10.01 13:08:01.743,0.9501,0.9504,1.60,1.00
2010.10.01 13:08:02.333,0.9501,0.9504,1.60,1.00
2010.10.01 13:08:03.007,0.95005,0.95035,1.00,1.80
2010.10.01 13:08:05.467,0.95005,0.95035,1.00,1.60
2010.10.01 13:08:05.893,0.95005,0.9504,1.00,3.80
2010.10.01 13:08:06.442,0.95005,0.95035,1.80,2.00
2010.10.01 13:08:06.786,0.95005,0.95035,1.00,1.80
2010.10.01 13:08:07.535,0.95005,0.95035,1.00,1.00
2010.10.01 13:08:07.875,0.95005,0.9504,1.00,3.60
2010.10.01 13:08:08.182,0.95005,0.95035,1.60,1.00
2010.10.01 13:08:08.924,0.9501,0.95045,4.20,1.00
2010.10.01 13:08:09.219,0.9501,0.95045,1.60,1.00
2010.10.01 13:08:09.925,0.95005,0.95045,2.60,1.00
2010.10.01 13:08:11.316,0.95005,0.9504,1.00,1.00
2010.10.01 13:08:11.614,0.95005,0.95035,1.00,1.00
2010.10.01 13:08:12.655,0.95,0.95035,1.00,1.00
2010.10.01 13:08:12.974,0.94995,0.9503,8.40,1.00
2010.10.01 13:08:13.657,0.9499,0.9503,2.90,2.70
2010.10.01 13:08:13.904,0.9499,0.95025,1.00,1.00
2010.10.01 13:08:14.616,0.9499,0.9503,3.10,2.10
2010.10.01 13:08:14.954,0.94995,0.9503,1.00,2.00
2010.10.01 13:08:15.746,0.95,0.9504,4.60,2.00
2010.10.01 13:08:16.811,0.95,0.9504,1.00,2.10
2010.10.01 13:08:17.165,0.95,0.95035,1.00,1.00
2010.10.01 13:08:17.723,0.95,0.95035,1.00,1.00
2010.10.01 13:08:18.553,0.95,0.9503,1.00,1.00
2010.10.01 13:08:25.561,0.94995,0.9503,1.00,1.60
2010.10.01 13:08:25.858,0.9499,0.95025,6.20,1.00
2010.10.01 13:08:30.773,0.94995,0.9503,1.00,1.70
2010.10.01 13:08:35.955,0.9499,0.95025,4.30,1.00
2010.10.01 13:08:36.293,0.9499,0.95025,4.20,1.00
2010.10.01 13:08:37.223,0.94995,0.9503,1.00,1.00
2010.10.01 13:08:37.520,0.94995,0.9503,1.00,1.00
2010.10.01 13:08:38.235,0.94995,0.9503,4.70,1.00
2010.10.01 13:08:38.912,0.94995,0.9503,4.30,1.00
2010.10.01 13:08:40.165,0.94995,0.9503,1.00,1.00
2010.10.01 13:08:40.714,0.94995,0.9503,1.00,1.00
2010.10.01 13:08:41.384,0.9499,0.9503,4.60,1.60
2010.10.01 13:08:42.343,0.9499,0.9503,4.60,1.00
2010.10.01 13:08:42.954,0.94995,0.9503,1.00,1.00
2010.10.01 13:08:44.255,0.9498,0.95025,13.40,1.00
2010.10.01 13:08:45.172,0.9498,0.95025,12.40,1.00
2010.10.01 13:08:45.400,0.94985,0.9502,4.00,1.00
2010.10.01 13:08:45.963,0.94985,0.9502,8.00,1.00
2010.10.01 13:08:47.169,0.9499,0.95025,1.00,1.00
2010.10.01 13:08:47.303,0.9499,0.95025,1.00,1.00
2010.10.01 13:08:48.335,0.94985,0.9502,2.00,1.00
2010.10.01 13:08:50.164,0.9499,0.95025,1.00,1.00
2010.10.01 13:08:50.341,0.94995,0.95025,1.00,1.00
2010.10.01 13:08:50.515,0.94995,0.9503,1.00,10.00
2010.10.01 13:08:51.089,0.9499,0.95025,1.90,1.60
2010.10.01 13:08:51.263,0.9499,0.95025,1.70,1.60
2010.10.01 13:08:52.253,0.9499,0.95025,1.70,2.00
2010.10.01 13:08:52.439,0.94995,0.95025,1.00,2.00
2010.10.01 13:08:55.107,0.94995,0.95025,1.00,2.00
2010.10.01 13:08:55.356,0.94995,0.95025,1.00,1.60
2010.10.01 13:08:55.996,0.94995,0.95025,1.60,1.00
2010.10.01 13:08:56.247,0.94995,0.95025,1.00,1.00
2010.10.01 13:08:57.090,0.9499,0.9503,6.30,1.00
2010.10.01 13:08:58.165,0.94995,0.9503,1.00,1.00
2010.10.01 13:08:58.764,0.95,0.95035,1.00,9.60
2010.10.01 13:08:59.464,0.94995,0.95035,1.00,9.80
2010.10.01 13:08:59.804,0.94995,0.9503,1.00,4.00
2010.10.01 13:09:00.144,0.94995,0.95035,1.00,9.90
2010.10.01 13:09:00.604,0.94995,0.95025,1.00,1.80
2010.10.01 13:09:00.836,0.94985,0.95025,1.00,5.80
2010.10.01 13:09:01.075,0.94985,0.95025,1.00,6.20
2010.10.01 13:09:01.315,0.9498,0.9502,2.20,2.40
2010.10.01 13:09:01.797,0.9498,0.95015,2.20,1.60
2010.10.01 13:09:02.088,0.9498,0.95015,1.00,9.80
2010.10.01 13:09:03.204,0.9498,0.95015,1.00,9.80
2010.10.01 13:09:06.649,0.9498,0.95015,1.60,9.60
2010.10.01 13:09:07.334,0.9498,0.95015,1.60,10.00
2010.10.01 13:09:08.204,0.9498,0.95015,1.00,2.00
2010.10.01 13:09:08.436,0.94975,0.95005,1.00,1.60
2010.10.01 13:09:09.164,0.94975,0.9501,1.00,1.00
2010.10.01 13:09:09.504,0.9497,0.95015,2.30,10.30
2010.10.01 13:09:09.806,0.9497,0.9501,2.20,1.00
2010.10.01 13:09:11.027,0.9497,0.95005,2.30,1.00
2010.10.01 13:09:13.655,0.94975,0.95015,1.00,6.30
2010.10.01 13:09:13.983,0.9497,0.9501,2.30,1.00
2010.10.01 13:09:14.316,0.94975,0.95015,1.00,2.20
2010.10.01 13:09:15.356,0.9498,0.95015,1.00,2.30
2010.10.01 13:09:15.614,0.94975,0.9501,1.00,1.00
2010.10.01 13:09:17.155,0.94975,0.95015,1.70,2.10
2010.10.01 13:09:17.494,0.94975,0.95015,1.00,2.10
2010.10.01 13:09:19.292,0.94975,0.95015,1.70,5.70
2010.10.01 13:09:19.614,0.9497,0.9501,1.60,4.60
2010.10.01 13:09:20.287,0.9497,0.95005,1.00,1.60
2010.10.01 13:09:20.631,0.94965,0.95005,1.60,1.80
2010.10.01 13:09:20.975,0.94965,0.95,1.60,1.00
2010.10.01 13:09:21.691,0.9496,0.94995,3.60,2.00
2010.10.01 13:09:21.953,0.9497,0.95005,1.80,2.00
2010.10.01 13:09:22.204,0.9497,0.95005,1.80,2.10
2010.10.01 13:09:22.888,0.94965,0.94995,3.20,1.00
2010.10.01 13:09:23.170,0.9497,0.95005,1.80,3.00
2010.10.01 13:09:23.840,0.9497,0.94995,1.60,1.00
2010.10.01 13:09:24.121,0.94965,0.95,3.80,1.00
2010.10.01 13:09:24.466,0.94965,0.95,3.90,1.00
2010.10.01 13:09:26.464,0.94965,0.95,1.90,1.00
2010.10.01 13:09:26.769,0.94965,0.95,1.80,1.00
2010.10.01 13:09:27.067,0.94965,0.95,1.90,1.00
2010.10.01 13:09:27.955,0.9496,0.94995,4.70,1.00
2010.10.01 13:09:28.153,0.9496,0.94995,4.70,1.00
2010.10.01 13:09:28.493,0.9496,0.94995,7.00,1.00
2010.10.01 13:09:29.097,0.9496,0.94995,4.60,1.00
2010.10.01 13:09:29.382,0.94965,0.95,1.60,1.00
2010.10.01 13:09:29.655,0.94965,0.95,1.60,1.00
2010.10.01 13:09:30.588,0.9496,0.95,1.00,1.00
2010.10.01 13:09:31.244,0.9496,0.94995,1.00,1.00
2010.10.01 13:09:32.106,0.94965,0.95,1.00,1.00
2010.10.01 13:09:37.126,0.9496,0.95,11.00,1.00
2010.10.01 13:09:37.339,0.94965,0.95005,4.70,1.00
2010.10.01 13:09:37.545,0.9497,0.95005,2.40,1.00
2010.10.01 13:09:38.695,0.9497,0.95005,2.40,1.00
2010.10.01 13:09:39.034,0.9497,0.95005,2.40,1.90
2010.10.01 13:09:39.586,0.94965,0.95005,4.50,1.00
2010.10.01 13:09:39.804,0.9496,0.95005,8.30,2.30
2010.10.01 13:09:40.074,0.94965,0.95005,1.00,2.20
2010.10.01 13:09:40.356,0.9496,0.95,8.40,1.00
2010.10.01 13:09:40.969,0.94965,0.95005,1.00,2.30
2010.10.01 13:09:41.256,0.9496,0.95,1.00,4.70
2010.10.01 13:09:41.517,0.94955,0.95,11.80,1.00
2010.10.01 13:09:43.258,0.94955,0.94995,9.80,2.10
2010.10.01 13:09:43.280,0.94955,0.94995,9.80,3.70
2010.10.01 13:09:43.620,0.9495,0.9499,8.50,1.00
2010.10.01 13:09:43.876,0.9495,0.9499,8.40,1.00
2010.10.01 13:09:44.480,0.9495,0.9499,8.50,1.00
2010.10.01 13:09:44.810,0.9495,0.9499,4.50,1.00
2010.10.01 13:09:46.054,0.9495,0.94985,4.40,1.00
2010.10.01 13:09:47.114,0.9495,0.94985,6.90,1.00
2010.10.01 13:09:47.284,0.94955,0.9499,1.00,1.00
2010.10.01 13:09:47.374,0.94955,0.94995,2.30,3.30
2010.10.01 13:09:47.836,0.94955,0.94995,10.30,1.70
2010.10.01 13:09:47.936,0.94955,0.94995,10.30,1.00
2010.10.01 13:09:48.024,0.9496,0.94995,4.00,1.00
2010.10.01 13:09:49.136,0.9496,0.94995,4.00,1.00
2010.10.01 13:09:49.324,0.9496,0.94995,4.00,1.00
2010.10.01 13:09:49.515,0.94955,0.94995,5.90,3.70
2010.10.01 13:09:49.703,0.94955,0.94995,5.90,2.10
2010.10.01 13:09:50.556,0.94955,0.9499,5.80,1.00
2010.10.01 13:09:51.354,0.94955,0.94995,1.80,2.00
2010.10.01 13:09:52.134,0.94955,0.94995,6.20,1.00
2010.10.01 13:09:52.473,0.94955,0.94995,10.20,1.00
2010.10.01 13:09:53.723,0.9496,0.94995,1.00,1.00
2010.10.01 13:09:55.171,0.94955,0.94995,10.20,1.00
2010.10.01 13:09:55.819,0.9496,0.9499,4.00,1.00
2010.10.01 13:09:56.157,0.9495,0.9499,12.00,1.00
2010.10.01 13:09:56.493,0.9495,0.9499,9.60,1.00
2010.10.01 13:09:57.244,0.9495,0.9499,4.00,1.00
2010.10.01 13:09:57.584,0.94945,0.94985,11.80,1.00
2010.10.01 13:09:59.026,0.9495,0.9499,4.00,1.00
2010.10.01 13:09:59.249,0.9495,0.94985,4.00,1.00
2010.10.01 13:09:59.890,0.9495,0.9499,4.00,1.00
2010.10.01 13:10:00.117,0.94955,0.9499,1.00,1.00
2010.10.01 13:10:00.456,0.94955,0.9499,1.00,1.00
2010.10.01 13:10:01.207,0.94955,0.9499,1.00,1.00
2010.10.01 13:10:02.944,0.9495,0.94985,4.00,1.00
2010.10.01 13:10:03.894,0.9495,0.9499,8.10,1.00
2010.10.01 13:10:05.042,0.9495,0.9499,4.10,1.00
2010.10.01 13:10:06.253,0.9495,0.9499,4.50,1.00
2010.10.01 13:10:07.045,0.94955,0.9499,1.00,1.00
2010.10.01 13:10:08.604,0.9495,0.9499,2.00,1.00
2010.10.01 13:10:08.773,0.9495,0.9499,1.00,1.00
2010.10.01 13:10:10.073,0.9495,0.94985,1.00,1.00
2010.10.01 13:10:10.636,0.9495,0.94985,1.00,1.00
2010.10.01 13:10:11.523,0.9495,0.9499,1.00,1.00
2010.10.01 13:10:13.726,0.9495,0.9499,1.00,1.00
2010.10.01 13:10:14.789,0.9495,0.94985,1.00,1.00
2010.10.01 13:10:15.093,0.9495,0.9499,1.00,1.00
2010.10.01 13:10:15.663,0.9495,0.94985,1.00,1.00
2010.10.01 13:10:16.217,0.94945,0.94985,11.40,2.00
2010.10.01 13:10:16.389,0.94945,0.94985,1.00,3.60
2010.10.01 13:10:16.688,0.94945,0.94985,1.00,3.60
2010.10.01 13:10:17.233,0.94945,0.94985,1.00,3.60
2010.10.01 13:10:17.914,0.94945,0.9498,1.00,1.00
2010.10.01 13:10:19.035,0.94945,0.94985,8.20,2.00
2010.10.01 13:10:20.030,0.9495,0.94985,1.00,2.00
2010.10.01 13:10:20.466,0.9495,0.94985,1.00,1.00
2010.10.01 13:10:20.647,0.94945,0.94985,8.60,1.00
2010.10.01 13:10:20.824,0.9495,0.9499,1.00,1.00
2010.10.01 13:10:21.480,0.94945,0.94985,8.60,1.00
2010.10.01 13:10:22.168,0.9495,0.94985,1.00,1.00
2010.10.01 13:10:23.086,0.9495,0.9499,1.00,1.00
2010.10.01 13:10:23.703,0.9495,0.94985,1.00,1.00
2010.10.01 13:10:26.993,0.94945,0.94985,8.70,1.00
2010.10.01 13:10:27.163,0.9495,0.9499,1.00,1.00
2010.10.01 13:10:27.504,0.94955,0.9499,1.00,1.00
2010.10.01 13:10:27.675,0.94955,0.94995,4.20,1.00
2010.10.01 13:10:28.203,0.94955,0.94995,8.20,1.00
2010.10.01 13:10:28.429,0.94955,0.94995,8.20,1.00
2010.10.01 13:10:30.265,0.94955,0.94995,8.30,1.00
2010.10.01 13:10:31.546,0.9496,0.94995,1.00,1.00
2010.10.01 13:10:32.456,0.94955,0.94995,8.30,1.00
2010.10.01 13:10:32.722,0.94955,0.94995,8.30,2.10
2010.10.01 13:10:33.994,0.94955,0.94995,8.30,2.70
2010.10.01 13:10:34.604,0.94955,0.9499,8.20,1.00
2010.10.01 13:10:34.916,0.9495,0.9499,12.70,1.00
2010.10.01 13:10:35.204,0.9495,0.9499,10.30,1.00
2010.10.01 13:10:35.821,0.9495,0.9499,10.20,1.00
2010.10.01 13:10:36.163,0.9495,0.9499,10.20,1.00
2010.10.01 13:10:36.674,0.9495,0.9499,10.30,1.00
2010.10.01 13:10:37.944,0.9495,0.9499,10.30,1.00
2010.10.01 13:10:38.523,0.9495,0.9499,10.20,1.00
2010.10.01 13:10:39.242,0.9495,0.9499,10.30,1.00
2010.10.01 13:10:43.083,0.9495,0.9499,10.20,1.00
2010.10.01 13:10:43.973,0.9495,0.94985,9.80,1.00
2010.10.01 13:10:44.064,0.9495,0.94985,9.60,1.00
2010.10.01 13:10:44.154,0.9495,0.94985,8.00,2.20
2010.10.01 13:10:44.631,0.94945,0.94985,8.40,2.20
2010.10.01 13:10:45.145,0.94945,0.94985,8.50,2.30
2010.10.01 13:10:45.894,0.94945,0.94985,8.40,2.20
2010.10.01 13:10:46.372,0.9495,0.94985,1.00,2.00
2010.10.01 13:10:46.644,0.94945,0.9498,1.00,1.00
2010.10.01 13:10:46.889,0.94945,0.9498,4.00,1.00
2010.10.01 13:10:47.697,0.9494,0.9498,10.80,1.00
2010.10.01 13:10:48.894,0.9495,0.9498,1.00,1.00
2010.10.01 13:10:49.883,0.9495,0.9498,1.60,1.00
2010.10.01 13:10:50.567,0.94945,0.94985,10.20,1.00
2010.10.01 13:10:50.845,0.94945,0.9499,11.90,2.20
2010.10.01 13:10:51.276,0.9495,0.9499,4.00,2.20
2010.10.01 13:10:51.607,0.9495,0.9499,5.60,2.30
2010.10.01 13:10:52.272,0.94955,0.9499,4.00,2.20
2010.10.01 13:10:52.962,0.9495,0.94985,1.00,1.00
2010.10.01 13:10:53.400,0.9495,0.94985,1.00,2.00
2010.10.01 13:10:53.753,0.94945,0.94985,1.00,2.00
2010.10.01 13:10:54.817,0.94945,0.94985,1.00,2.20
2010.10.01 13:10:56.259,0.94945,0.94975,1.00,1.60
2010.10.01 13:10:56.607,0.9494,0.94975,4.60,1.60
2010.10.01 13:10:57.425,0.94945,0.94975,1.00,1.60
2010.10.01 13:10:58.046,0.94945,0.94975,1.00,1.60
2010.10.01 13:10:59.185,0.94945,0.94975,1.00,1.60
2010.10.01 13:10:59.404,0.94945,0.94975,1.00,1.60
2010.10.01 13:11:00.893,0.9495,0.94975,1.00,1.60
2010.10.01 13:11:01.054,0.94945,0.9498,2.20,1.00
2010.10.01 13:11:01.719,0.9495,0.9498,1.00,1.00
2010.10.01 13:11:02.068,0.94945,0.9498,10.20,1.00
2010.10.01 13:11:03.874,0.9495,0.9498,1.00,1.00
2010.10.01 13:11:04.547,0.94945,0.9498,10.20,1.00
2010.10.01 13:11:05.046,0.94945,0.9498,11.80,1.00
2010.10.01 13:11:05.193,0.9495,0.9498,1.00,1.00
2010.10.01 13:11:09.510,0.9495,0.9498,1.00,1.00
2010.10.01 13:11:10.087,0.9495,0.94985,1.00,1.80
2010.10.01 13:11:10.278,0.94955,0.9499,1.80,1.80
2010.10.01 13:11:10.866,0.94955,0.9499,9.80,1.00
2010.10.01 13:11:11.155,0.9496,0.9499,1.00,1.00
2010.10.01 13:11:11.445,0.9496,0.9499,4.10,1.00
2010.10.01 13:11:11.993,0.9496,0.9499,4.00,1.00
2010.10.01 13:11:12.323,0.9496,0.9499,4.10,1.00
2010.10.01 13:11:13.309,0.94965,0.94995,1.00,1.80
2010.10.01 13:11:13.622,0.94965,0.94995,8.10,1.80
2010.10.01 13:11:13.915,0.94965,0.94995,8.00,1.80
2010.10.01 13:11:14.611,0.94965,0.94995,8.10,1.80
2010.10.01 13:11:14.972,0.94965,0.95,9.60,1.00
2010.10.01 13:11:15.741,0.94965,0.95005,9.60,2.20
2010.10.01 13:11:16.091,0.94975,0.9501,1.00,2.30
2010.10.01 13:11:16.438,0.9498,0.95015,4.00,1.80
2010.10.01 13:11:17.135,0.94975,0.9501,9.80,1.00
2010.10.01 13:11:17.423,0.9499,0.9502,1.60,1.00
2010.10.01 13:11:17.701,0.9498,0.95015,10.40,2.20
2010.10.01 13:11:18.135,0.9498,0.95015,8.80,2.60
2010.10.01 13:11:18.488,0.94975,0.95015,10.10,2.60
2010.10.01 13:11:19.196,0.94975,0.95015,10.00,2.60
2010.10.01 13:11:19.550,0.94975,0.95015,10.10,2.70
2010.10.01 13:11:20.650,0.94975,0.9501,8.20,1.00
2010.10.01 13:11:21.790,0.94975,0.9501,8.00,1.00
2010.10.01 13:11:22.141,0.94975,0.9501,8.00,1.00
2010.10.01 13:11:23.537,0.94975,0.9501,1.00,2.60
2010.10.01 13:11:23.716,0.9497,0.9501,8.10,3.10
2010.10.01 13:11:25.510,0.9497,0.95005,8.10,1.00
2010.10.01 13:11:25.866,0.94965,0.95005,1.00,1.90
2010.10.01 13:11:25.997,0.94965,0.95005,1.00,3.90
2010.10.01 13:11:28.055,0.94965,0.95,4.10,1.00
2010.10.01 13:11:28.686,0.94965,0.95005,4.00,3.80
2010.10.01 13:11:29.422,0.94965,0.95005,1.60,2.20
2010.10.01 13:11:29.768,0.9496,0.95,15.10,1.00
2010.10.01 13:11:30.531,0.94965,0.95,1.00,1.00
2010.10.01 13:11:31.671,0.94965,0.95,1.00,1.00
2010.10.01 13:11:33.130,0.9497,0.95,1.60,1.00
2010.10.01 13:11:34.225,0.9497,0.95005,1.80,1.70
2010.10.01 13:11:34.568,0.9497,0.95005,6.20,1.00
2010.10.01 13:11:35.545,0.9497,0.95005,6.20,1.00
2010.10.01 13:11:36.279,0.94975,0.9501,1.60,1.00
2010.10.01 13:11:36.530,0.94985,0.9502,1.00,1.00
2010.10.01 13:11:37.859,0.94985,0.9502,1.00,1.00
2010.10.01 13:11:39.007,0.94985,0.9502,1.00,1.00
2010.10.01 13:11:44.950,0.94985,0.95015,1.00,1.00
2010.10.01 13:11:49.964,0.9498,0.95015,4.20,1.00
2010.10.01 13:11:50.676,0.9498,0.95015,1.80,1.90
2010.10.01 13:11:51.023,0.94975,0.9501,1.00,1.80
2010.10.01 13:11:51.214,0.94975,0.9501,1.00,1.00
2010.10.01 13:11:51.823,0.94975,0.9501,1.00,1.00
2010.10.01 13:11:52.275,0.94975,0.9501,1.00,1.00
2010.10.01 13:11:52.634,0.94975,0.9501,1.00,1.00
2010.10.01 13:11:54.913,0.94975,0.9501,4.20,1.00
2010.10.01 13:11:55.042,0.94975,0.9501,8.20,1.00
2010.10.01 13:11:55.557,0.9498,0.9501,1.00,1.80
2010.10.01 13:11:55.903,0.9498,0.9501,1.00,1.80
2010.10.01 13:11:57.002,0.9498,0.9501,1.00,1.60
2010.10.01 13:11:57.350,0.9498,0.95015,1.90,1.90
2010.10.01 13:11:58.935,0.9498,0.95015,1.80,1.80
2010.10.01 13:11:59.205,0.9498,0.95015,5.80,1.80
2010.10.01 13:11:59.347,0.9498,0.95015,5.80,1.90
2010.10.01 13:12:00.444,0.9498,0.95015,5.80,1.80
2010.10.01 13:12:01.281,0.9498,0.9501,5.80,1.00
2010.10.01 13:12:01.637,0.9497,0.95,4.00,1.00
2010.10.01 13:12:02.332,0.94965,0.95,6.30,1.00
2010.10.01 13:12:02.979,0.94965,0.94995,10.20,1.00
2010.10.01 13:12:03.707,0.94965,0.95,6.20,1.00
2010.10.01 13:12:03.986,0.94965,0.95,6.20,1.00
2010.10.01 13:12:04.901,0.94965,0.94995,6.20,1.00
2010.10.01 13:12:05.588,0.94965,0.95,6.30,1.00
2010.10.01 13:12:06.134,0.94965,0.95,7.90,1.00
2010.10.01 13:12:06.582,0.94965,0.95,11.90,1.00
2010.10.01 13:12:06.803,0.94975,0.9501,2.20,1.00
2010.10.01 13:12:07.019,0.9498,0.9501,1.60,1.00
2010.10.01 13:12:07.777,0.9498,0.9501,2.20,1.00
2010.10.01 13:12:08.115,0.9498,0.95005,2.20,1.00
2010.10.01 13:12:08.446,0.9498,0.95005,2.20,1.00
2010.10.01 13:12:11.746,0.9498,0.95005,2.20,1.00
2010.10.01 13:12:25.094,0.9498,0.9501,2.20,1.00
2010.10.01 13:12:25.777,0.9498,0.9501,2.30,1.00
2010.10.01 13:12:27.123,0.9498,0.9501,1.90,1.00
2010.10.01 13:12:28.885,0.9498,0.95005,1.80,1.00
2010.10.01 13:12:31.446,0.9497,0.94995,1.60,1.00
2010.10.01 13:12:31.565,0.94965,0.94995,4.60,1.00
2010.10.01 13:12:31.687,0.9497,0.95,1.00,1.00
2010.10.01 13:12:31.808,0.94965,0.94995,4.60,1.00
2010.10.01 13:12:31.925,0.94965,0.94995,4.40,1.00
2010.10.01 13:12:32.674,0.94965,0.95,4.40,1.00
2010.10.01 13:12:34.232,0.94965,0.95,4.40,1.00
2010.10.01 13:12:34.893,0.94965,0.94995,4.40,1.00
2010.10.01 13:12:35.344,0.94965,0.94995,4.40,1.00
2010.10.01 13:12:36.154,0.94965,0.95,4.40,1.00
2010.10.01 13:12:38.951,0.94965,0.94995,1.00,1.60
2010.10.01 13:12:39.024,0.94965,0.94995,1.00,1.60
2010.10.01 13:12:40.844,0.9496,0.94995,2.00,1.60
2010.10.01 13:12:42.627,0.94965,0.94995,1.00,1.60
2010.10.01 13:12:44.562,0.9496,0.94985,6.90,1.60
2010.10.01 13:12:45.041,0.94955,0.9498,2.40,1.80
2010.10.01 13:12:45.116,0.9495,0.9498,1.00,1.80
2010.10.01 13:12:46.655,0.94945,0.9498,4.60,1.80
2010.10.01 13:12:47.485,0.9495,0.9498,1.00,1.80
2010.10.01 13:12:50.402,0.94945,0.9498,6.20,1.80
2010.10.01 13:12:51.563,0.94945,0.9498,6.30,1.80
2010.10.01 13:12:51.834,0.94945,0.9498,6.20,1.80
2010.10.01 13:12:52.418,0.94945,0.9498,2.20,1.80
2010.10.01 13:12:52.758,0.9494,0.94975,2.30,1.60
2010.10.01 13:12:53.097,0.94945,0.9498,1.80,3.90
2010.10.01 13:12:53.744,0.94955,0.9498,1.00,1.70
2010.10.01 13:12:53.925,0.9496,0.94985,1.80,1.00
2010.10.01 13:12:54.104,0.9496,0.94985,1.80,1.00
2010.10.01 13:12:54.444,0.9496,0.94985,1.80,1.00
2010.10.01 13:12:55.381,0.9496,0.9499,1.80,1.00
2010.10.01 13:12:55.603,0.9496,0.94985,1.80,1.00
2010.10.01 13:12:55.705,0.9496,0.9499,1.80,1.00
2010.10.01 13:12:56.005,0.94965,0.9499,1.00,1.00
2010.10.01 13:12:57.169,0.94965,0.94995,1.00,1.00
2010.10.01 13:12:57.427,0.94965,0.9499,1.00,1.00
2010.10.01 13:12:58.126,0.94965,0.94995,1.00,1.00
2010.10.01 13:12:59.174,0.94965,0.9499,1.00,1.00
2010.10.01 13:12:59.554,0.94965,0.94995,1.00,1.00
2010.10.01 13:13:00.830,0.9496,0.94995,2.20,1.00
2010.10.01 13:13:00.965,0.9496,0.94995,2.20,1.80
2010.10.01 13:13:01.209,0.9496,0.9499,1.60,1.00
2010.10.01 13:13:02.049,0.94945,0.94975,1.00,1.80
2010.10.01 13:13:02.397,0.94945,0.94975,1.00,1.80
2010.10.01 13:13:04.133,0.94945,0.94975,1.00,1.80
2010.10.01 13:13:04.921,0.94945,0.94975,1.00,1.80
2010.10.01 13:13:05.075,0.94945,0.94975,1.00,1.80
2010.10.01 13:13:05.673,0.9494,0.94975,4.30,1.90
2010.10.01 13:13:06.435,0.9494,0.94975,1.80,1.00
2010.10.01 13:13:06.745,0.9494,0.94975,4.20,1.00
2010.10.01 13:13:07.054,0.9494,0.94975,5.80,1.00
2010.10.01 13:13:07.363,0.9494,0.94975,9.80,1.00
2010.10.01 13:13:09.123,0.9494,0.94975,8.20,1.00
2010.10.01 13:13:10.100,0.9494,0.9498,8.00,1.00
2010.10.01 13:13:10.595,0.9494,0.9498,9.60,1.00
2010.10.01 13:13:10.742,0.9494,0.9498,8.00,1.00
2010.10.01 13:13:12.765,0.94945,0.9498,1.00,1.00
2010.10.01 13:13:14.425,0.94945,0.9498,1.00,1.00
2010.10.01 13:13:14.713,0.94945,0.9498,1.00,1.00
2010.10.01 13:13:14.967,0.94945,0.9498,1.80,1.00
2010.10.01 13:13:15.894,0.94945,0.94985,1.90,2.70
2010.10.01 13:13:16.226,0.9495,0.94985,1.00,2.60
2010.10.01 13:13:17.874,0.9495,0.94985,1.00,2.20
2010.10.01 13:13:18.136,0.94945,0.94985,1.90,2.30
2010.10.01 13:13:18.396,0.9495,0.94985,1.70,1.70
2010.10.01 13:13:18.853,0.9495,0.94985,1.90,1.60
2010.10.01 13:13:19.137,0.9495,0.9499,4.30,3.70
2010.10.01 13:13:20.839,0.9496,0.9499,1.00,3.60
2010.10.01 13:13:21.106,0.9496,0.9499,1.00,1.60
2010.10.01 13:13:21.305,0.9496,0.9499,1.00,1.80
2010.10.01 13:13:21.505,0.94955,0.9499,1.90,1.90
2010.10.01 13:13:21.893,0.94955,0.9499,1.00,1.90
2010.10.01 13:13:22.518,0.94955,0.9499,1.00,1.80
2010.10.01 13:13:25.551,0.9494,0.94975,2.20,1.60
2010.10.01 13:13:25.694,0.9494,0.94975,2.80,2.20
2010.10.01 13:13:25.844,0.9494,0.94975,1.00,2.20
2010.10.01 13:13:26.133,0.9494,0.94975,3.00,1.60
2010.10.01 13:13:26.944,0.94945,0.94975,1.00,1.60
2010.10.01 13:13:27.408,0.94945,0.94975,1.00,1.60
2010.10.01 13:13:29.034,0.9494,0.94975,6.30,1.70
2010.10.01 13:13:30.776,0.94945,0.94975,1.00,1.60
2010.10.01 13:13:30.902,0.94945,0.94975,1.60,1.00
2010.10.01 13:13:31.163,0.94945,0.94975,1.00,1.60
2010.10.01 13:13:32.463,0.94945,0.94975,1.60,1.00
2010.10.01 13:13:33.064,0.94945,0.94975,1.00,1.60
2010.10.01 13:13:33.273,0.9494,0.94975,6.20,1.60
2010.10.01 13:13:37.074,0.94945,0.94975,1.00,1.60
2010.10.01 13:13:37.234,0.94945,0.9498,1.00,3.40
2010.10.01 13:13:37.393,0.94945,0.9498,1.00,1.80
2010.10.01 13:13:38.156,0.94945,0.9498,1.00,1.90
2010.10.01 13:13:39.875,0.94945,0.94975,1.00,1.00
2010.10.01 13:13:40.214,0.94945,0.94975,1.00,1.80
2010.10.01 13:13:45.384,0.94945,0.94975,1.00,1.60
2010.10.01 13:13:46.202,0.9495,0.9498,1.00,1.80
2010.10.01 13:13:47.236,0.9495,0.9498,1.00,1.90
2010.10.01 13:13:48.530,0.94955,0.94975,1.00,1.60
2010.10.01 13:13:48.807,0.94955,0.94985,1.00,1.80
2010.10.01 13:13:49.885,0.94955,0.94985,1.00,1.80
2010.10.01 13:13:50.194,0.94955,0.94985,1.00,1.80
2010.10.01 13:13:51.145,0.9496,0.94985,1.00,1.60
2010.10.01 13:13:51.418,0.94955,0.9499,1.90,3.90
2010.10.01 13:13:53.737,0.9496,0.9499,1.00,3.90
2010.10.01 13:13:56.558,0.9496,0.9499,4.30,1.60
2010.10.01 13:13:56.762,0.9496,0.94995,4.30,3.90
2010.10.01 13:13:57.359,0.94965,0.94995,1.00,3.80
2010.10.01 13:13:57.697,0.9497,0.94995,1.00,3.80
2010.10.01 13:13:58.034,0.94965,0.94995,1.00,3.80
2010.10.01 13:14:01.177,0.94965,0.95,1.00,2.70
2010.10.01 13:14:01.298,0.94965,0.94995,1.00,1.80
2010.10.01 13:14:02.564,0.94965,0.94995,1.00,1.80
2010.10.01 13:14:03.819,0.94965,0.94995,1.00,1.60
2010.10.01 13:14:04.154,0.94965,0.94995,1.00,1.60
2010.10.01 13:14:05.035,0.9497,0.94995,1.00,1.60
2010.10.01 13:14:05.378,0.94965,0.94995,1.60,1.80
2010.10.01 13:14:05.860,0.94965,0.94995,1.80,1.60
2010.10.01 13:14:06.216,0.94965,0.95,1.00,1.80
2010.10.01 13:14:06.556,0.9497,0.95,1.00,1.80
2010.10.01 13:14:06.895,0.94965,0.95,1.00,1.80
2010.10.01 13:14:07.626,0.94965,0.94995,1.00,1.60
2010.10.01 13:14:07.871,0.94965,0.94995,1.00,1.80
2010.10.01 13:14:08.713,0.9496,0.94995,2.30,1.80
2010.10.01 13:14:09.605,0.9496,0.94995,2.20,1.80
2010.10.01 13:14:12.076,0.94965,0.94995,1.00,1.60
2010.10.01 13:14:12.287,0.9497,0.95,1.80,1.00
2010.10.01 13:14:13.377,0.9497,0.95,1.00,1.60
2010.10.01 13:14:14.996,0.9497,0.95005,1.80,1.80
2010.10.01 13:14:15.174,0.9497,0.95,1.00,1.60
2010.10.01 13:14:17.223,0.9497,0.95,1.00,1.70
2010.10.01 13:14:17.797,0.9497,0.95,1.00,1.60
2010.10.01 13:14:18.283,0.9497,0.95005,1.00,1.90
2010.10.01 13:14:18.625,0.94965,0.94995,10.20,1.60
2010.10.01 13:14:19.036,0.94965,0.94995,2.20,1.60
2010.10.01 13:14:19.189,0.94965,0.94995,1.00,1.60
2010.10.01 13:14:19.614,0.9497,0.95,1.00,2.20
2010.10.01 13:14:20.639,0.94965,0.94995,1.90,1.00
2010.10.01 13:14:20.988,0.9497,0.95,1.00,2.30
2010.10.01 13:14:21.503,0.94965,0.94995,1.80,1.00
2010.10.01 13:14:22.248,0.9497,0.95,1.00,2.20
2010.10.01 13:14:23.545,0.94965,0.94995,1.80,1.00
2010.10.01 13:14:24.284,0.9497,0.95,1.00,2.20
2010.10.01 13:14:25.220,0.9497,0.94995,1.00,1.60
2010.10.01 13:14:26.954,0.94965,0.94995,1.00,1.60
2010.10.01 13:14:28.396,0.94965,0.94995,1.00,1.60
2010.10.01 13:14:28.625,0.94965,0.94995,1.00,1.60
2010.10.01 13:14:29.649,0.9496,0.9499,1.60,1.00
2010.10.01 13:14:30.254,0.9496,0.94995,1.90,3.90
2010.10.01 13:14:31.186,0.9496,0.94995,1.80,3.80
2010.10.01 13:14:33.496,0.9496,0.94995,1.80,3.90
2010.10.01 13:14:35.168,0.9496,0.94995,1.90,3.90
2010.10.01 13:14:36.254,0.94965,0.94995,1.00,3.60
2010.10.01 13:14:36.738,0.94965,0.94995,1.00,3.60
2010.10.01 13:14:36.823,0.94975,0.9501,1.00,14.30
2010.10.01 13:14:36.903,0.94975,0.9501,1.00,6.30
2010.10.01 13:14:36.983,0.94975,0.9501,1.00,3.90
2010.10.01 13:14:37.649,0.94975,0.9501,1.00,2.30
2010.10.01 13:14:38.075,0.9498,0.9501,1.00,1.60
2010.10.01 13:14:38.416,0.9498,0.9501,1.60,1.00
2010.10.01 13:14:38.759,0.9498,0.9501,1.00,1.00
2010.10.01 13:14:39.466,0.94975,0.9501,3.10,1.00
2010.10.01 13:14:39.676,0.9498,0.9501,1.00,1.00
2010.10.01 13:14:40.626,0.94975,0.9501,3.00,1.00
2010.10.01 13:14:41.334,0.94975,0.9501,1.00,1.00
2010.10.01 13:14:44.093,0.94975,0.9501,1.00,1.80
2010.10.01 13:14:45.485,0.94975,0.9501,1.00,1.80
2010.10.01 13:14:46.094,0.94975,0.9501,1.00,1.80
2010.10.01 13:14:47.592,0.94975,0.9501,1.00,1.80
2010.10.01 13:14:49.723,0.94975,0.95005,1.00,1.00
2010.10.01 13:14:50.403,0.94975,0.9501,1.00,1.80
2010.10.01 13:14:51.237,0.94975,0.95005,1.00,1.00
2010.10.01 13:14:51.534,0.94975,0.9501,1.00,1.80
2010.10.01 13:14:55.503,0.94975,0.95005,1.00,1.00
2010.10.01 13:14:56.713,0.94975,0.9501,1.00,1.80
2010.10.01 13:14:58.395,0.94975,0.95005,1.00,1.00
2010.10.01 13:14:59.544,0.94975,0.9501,1.00,1.90
2010.10.01 13:15:00.257,0.9498,0.9501,1.00,1.70
2010.10.01 13:15:00.394,0.9498,0.9501,1.00,1.60
2010.10.01 13:15:00.537,0.94975,0.95005,2.00,1.00
2010.10.01 13:15:01.053,0.9497,0.95005,3.90,1.80
2010.10.01 13:15:01.269,0.94975,0.9501,1.00,7.80
2010.10.01 13:15:01.998,0.94975,0.9501,1.00,7.80
2010.10.01 13:15:02.807,0.9497,0.95005,2.30,1.80
2010.10.01 13:15:03.910,0.9497,0.95005,2.30,1.90
2010.10.01 13:15:06.198,0.94975,0.95005,1.00,1.70
2010.10.01 13:15:06.277,0.94975,0.95005,1.00,1.60
2010.10.01 13:15:06.801,0.94975,0.9501,1.00,7.80
2010.10.01 13:15:06.876,0.94975,0.9501,1.00,3.80
2010.10.01 13:15:07.254,0.94975,0.9501,1.00,3.80
2010.10.01 13:15:12.663,0.94975,0.95005,1.00,1.00
2010.10.01 13:15:12.914,0.94975,0.9501,1.00,3.90
2010.10.01 13:15:14.240,0.94985,0.95015,1.00,1.00
2010.10.01 13:15:14.887,0.9498,0.9501,2.00,1.00
2010.10.01 13:15:15.316,0.9498,0.9501,1.00,1.00
2010.10.01 13:15:15.620,0.9497,0.95,1.00,1.60
2010.10.01 13:15:16.124,0.9497,0.95,1.00,1.60
2010.10.01 13:15:16.384,0.9497,0.95,1.00,1.60
2010.10.01 13:15:18.605,0.94975,0.95,1.00,1.60
2010.10.01 13:15:18.754,0.9497,0.95,1.00,1.60
2010.10.01 13:15:19.488,0.9497,0.95,2.10,1.00
2010.10.01 13:15:20.145,0.9497,0.95,2.00,1.00
2010.10.01 13:15:21.228,0.9497,0.95,2.00,1.00
2010.10.01 13:15:22.800,0.9497,0.95,2.20,1.00
2010.10.01 13:15:23.117,0.9497,0.95,2.30,2.40
2010.10.01 13:15:23.426,0.9497,0.95,2.20,1.00
2010.10.01 13:15:24.169,0.9497,0.95005,2.30,1.90
2010.10.01 13:15:25.910,0.9497,0.95005,2.20,1.80
2010.10.01 13:15:26.117,0.9498,0.95005,1.00,1.60
2010.10.01 13:15:26.837,0.94975,0.9501,1.00,3.80
2010.10.01 13:15:28.417,0.94975,0.9501,1.00,3.90
2010.10.01 13:15:30.357,0.94975,0.9501,1.00,3.80
2010.10.01 13:15:30.629,0.9497,0.95005,4.70,1.80
2010.10.01 13:15:30.894,0.9497,0.95005,2.30,1.80
2010.10.01 13:15:31.166,0.94975,0.95005,1.00,1.80
2010.10.01 13:15:31.596,0.9497,0.95005,2.30,1.80
2010.10.01 13:15:31.900,0.9497,0.95005,2.20,1.90
2010.10.01 13:15:32.197,0.9497,0.95,2.20,1.00
2010.10.01 13:15:33.564,0.9497,0.95005,2.20,1.80
2010.10.01 13:15:34.055,0.9497,0.95,2.20,1.00
2010.10.01 13:15:34.724,0.94965,0.95,3.00,1.00
2010.10.01 13:15:35.205,0.94965,0.94995,1.00,1.80
2010.10.01 13:15:36.497,0.9496,0.94995,3.80,1.80
2010.10.01 13:15:37.059,0.9496,0.9499,3.20,1.00
2010.10.01 13:15:37.669,0.9496,0.94995,1.00,2.30
2010.10.01 13:15:37.907,0.9496,0.94995,1.80,2.30
2010.10.01 13:15:38.274,0.9496,0.94995,1.90,2.30
2010.10.01 13:15:38.466,0.9496,0.9499,1.60,1.00
2010.10.01 13:15:38.655,0.94955,0.9499,1.90,1.00
2010.10.01 13:15:39.517,0.94955,0.9499,1.00,1.00
2010.10.01 13:15:39.796,0.94955,0.9499,1.00,1.00
2010.10.01 13:15:40.055,0.94965,0.94995,1.00,1.00
2010.10.01 13:15:40.315,0.94965,0.94995,1.00,1.00
2010.10.01 13:15:41.265,0.94965,0.94995,1.00,1.00
2010.10.01 13:15:42.083,0.9496,0.94995,11.90,1.00
2010.10.01 13:15:42.756,0.94965,0.9499,1.80,1.00
2010.10.01 13:15:44.132,0.94965,0.9499,1.00,1.00
2010.10.01 13:15:44.595,0.9496,0.94985,10.00,1.00
2010.10.01 13:15:44.755,0.94965,0.94985,1.00,1.60
2010.10.01 13:15:45.305,0.94965,0.9499,1.00,1.00
2010.10.01 13:15:45.321,0.9496,0.9499,8.60,1.00
2010.10.01 13:15:46.005,0.9496,0.9499,4.60,1.00
2010.10.01 13:15:46.348,0.9496,0.94995,1.00,1.00
2010.10.01 13:15:47.170,0.9496,0.94995,1.00,1.00
2010.10.01 13:15:47.505,0.9496,0.9499,1.00,1.00
2010.10.01 13:15:47.767,0.9496,0.94985,1.00,1.00
2010.10.01 13:15:48.025,0.94955,0.94985,11.00,1.00
2010.10.01 13:15:48.716,0.94955,0.9499,10.20,1.00
2010.10.01 13:15:49.632,0.9496,0.9499,1.00,1.00
2010.10.01 13:15:49.980,0.94955,0.9499,2.10,1.00
2010.10.01 13:15:50.665,0.94955,0.9499,1.00,1.00
2010.10.01 13:15:51.605,0.94955,0.94985,1.00,1.00
2010.10.01 13:15:52.622,0.9495,0.94985,4.70,1.80
2010.10.01 13:15:53.436,0.94955,0.94985,1.00,1.80
2010.10.01 13:15:53.795,0.9495,0.94985,2.20,1.80
2010.10.01 13:15:54.518,0.9495,0.94985,4.60,1.80
2010.10.01 13:15:54.859,0.9495,0.94985,4.70,1.80
2010.10.01 13:15:55.537,0.9496,0.94995,1.80,11.40
2010.10.01 13:15:55.974,0.9496,0.94995,1.80,9.90
2010.10.01 13:15:56.249,0.9496,0.94995,1.80,1.90
2010.10.01 13:15:56.525,0.9496,0.94995,1.80,1.80
2010.10.01 13:15:57.355,0.9496,0.9499,1.60,1.00
2010.10.01 13:15:58.074,0.9495,0.94985,6.10,1.60
2010.10.01 13:15:58.245,0.9495,0.94985,6.00,1.70
2010.10.01 13:15:59.184,0.9495,0.94985,6.00,1.60
2010.10.01 13:15:59.504,0.9495,0.94985,6.10,1.60
2010.10.01 13:16:00.270,0.9495,0.94975,3.60,1.00
2010.10.01 13:16:00.619,0.94945,0.9498,2.20,2.60
2010.10.01 13:16:01.315,0.94945,0.9498,2.20,1.00
2010.10.01 13:16:01.606,0.94945,0.9498,2.20,1.00
2010.10.01 13:16:01.884,0.94945,0.9498,2.20,1.00
2010.10.01 13:16:02.606,0.94945,0.9498,2.20,1.00
2010.10.01 13:16:02.917,0.9495,0.94985,4.20,1.90
2010.10.01 13:16:03.226,0.94955,0.9498,1.00,1.00
2010.10.01 13:16:03.926,0.9496,0.9499,1.00,5.60
2010.10.01 13:16:04.247,0.9496,0.94995,1.00,2.30
2010.10.01 13:16:05.008,0.9496,0.9499,1.00,1.00
2010.10.01 13:16:05.354,0.9496,0.95,1.80,2.10
2010.10.01 13:16:06.100,0.9496,0.9499,1.60,1.00
2010.10.01 13:16:06.442,0.9494,0.9498,8.70,1.60
2010.10.01 13:16:07.114,0.94945,0.94985,1.00,1.00
2010.10.01 13:16:07.461,0.94945,0.94985,1.00,1.80
2010.10.01 13:16:07.809,0.9495,0.94985,1.00,1.80
2010.10.01 13:16:08.568,0.94945,0.94985,2.00,1.00
2010.10.01 13:16:08.906,0.9496,0.94995,1.60,10.20
2010.10.01 13:16:09.393,0.9496,0.94995,2.20,9.60
2010.10.01 13:16:09.725,0.94965,0.95,1.00,2.40
2010.10.01 13:16:10.056,0.94965,0.94995,1.00,1.60
2010.10.01 13:16:10.389,0.9496,0.94995,4.90,1.60
2010.10.01 13:16:11.143,0.94955,0.94995,4.20,1.60
2010.10.01 13:16:11.489,0.9495,0.94985,10.10,1.00
2010.10.01 13:16:12.188,0.9495,0.9499,2.00,3.00
2010.10.01 13:16:12.435,0.9495,0.9499,2.00,3.00
2010.10.01 13:16:13.572,0.9495,0.94985,1.00,2.20
2010.10.01 13:16:13.995,0.9495,0.94985,1.00,2.20
2010.10.01 13:16:15.295,0.9495,0.94985,1.00,2.20
2010.10.01 13:16:16.093,0.9495,0.94985,1.00,2.20
2010.10.01 13:16:16.439,0.9495,0.94985,1.00,1.00
2010.10.01 13:16:17.530,0.94955,0.94985,1.00,1.00
2010.10.01 13:16:17.862,0.9495,0.94985,1.80,1.00
2010.10.01 13:16:18.265,0.94955,0.94985,1.00,1.00
2010.10.01 13:16:18.744,0.94955,0.9499,1.00,3.20
2010.10.01 13:16:18.971,0.94965,0.95005,1.00,1.00
2010.10.01 13:16:19.266,0.94965,0.95005,1.00,1.00
2010.10.01 13:16:19.974,0.9497,0.95005,2.40,1.00
2010.10.01 13:16:21.429,0.94965,0.95005,1.00,2.30
2010.10.01 13:16:21.737,0.9497,0.95005,1.00,3.80
2010.10.01 13:16:22.774,0.94975,0.95005,1.00,3.80
2010.10.01 13:16:23.357,0.9497,0.95,1.00,2.20
2010.10.01 13:16:23.646,0.9497,0.95005,1.60,1.00
2010.10.01 13:16:24.416,0.94975,0.95,1.00,1.00
2010.10.01 13:16:24.758,0.9497,0.95,1.00,1.00
2010.10.01 13:16:28.054,0.9497,0.95,1.00,1.80
2010.10.01 13:16:28.707,0.9497,0.94995,1.00,1.00
2010.10.01 13:16:29.053,0.9496,0.9499,1.00,1.00
2010.10.01 13:16:30.174,0.94965,0.9499,1.00,1.00
2010.10.01 13:16:30.514,0.9496,0.9499,1.00,1.00
2010.10.01 13:16:31.085,0.9496,0.9499,1.00,1.00
2010.10.01 13:16:31.274,0.9496,0.9499,1.00,1.00
2010.10.01 13:16:31.917,0.9496,0.9499,1.00,1.00
2010.10.01 13:16:36.113,0.9496,0.94995,1.00,1.80
2010.10.01 13:16:36.221,0.9496,0.94995,1.00,1.00
2010.10.01 13:16:36.324,0.94965,0.94995,1.00,1.00
2010.10.01 13:16:39.326,0.94965,0.95,1.00,1.60
2010.10.01 13:16:40.865,0.94965,0.94995,1.00,1.80
2010.10.01 13:16:44.443,0.9496,0.94995,6.00,1.80
2010.10.01 13:16:44.735,0.9496,0.9499,1.60,1.00
2010.10.01 13:16:45.025,0.9496,0.9499,1.00,1.00
2010.10.01 13:16:47.450,0.94965,0.9501,10.70,3.80
2010.10.01 13:16:47.647,0.94965,0.95005,10.70,1.60
2010.10.01 13:16:48.285,0.9497,0.9501,2.20,1.60
2010.10.01 13:16:48.964,0.9497,0.9501,2.30,1.70
2010.10.01 13:16:49.646,0.94975,0.9501,1.60,4.20
2010.10.01 13:16:50.993,0.94975,0.95005,1.60,1.00
2010.10.01 13:16:51.747,0.9497,0.95005,2.00,1.00
2010.10.01 13:16:51.884,0.9497,0.95005,2.00,1.60
2010.10.01 13:16:52.165,0.9497,0.95005,1.00,1.60
2010.10.01 13:16:52.715,0.9497,0.95,1.00,1.60
2010.10.01 13:16:53.039,0.94965,0.95,1.90,1.80
2010.10.01 13:16:53.366,0.94965,0.95,1.80,1.80
2010.10.01 13:16:54.287,0.94965,0.95005,1.00,1.00
2010.10.01 13:16:55.364,0.94965,0.95,1.00,1.00
2010.10.01 13:16:56.113,0.9496,0.95005,2.30,4.70
2010.10.01 13:16:58.034,0.9496,0.95,2.10,1.00
2010.10.01 13:16:58.123,0.9496,0.95,2.10,2.60
2010.10.01 13:16:59.286,0.9496,0.95,2.10,2.70
2010.10.01 13:16:59.973,0.9496,0.94995,2.00,1.00
2010.10.01 13:17:00.293,0.9496,0.94995,1.00,1.00
2010.10.01 13:17:00.453,0.9496,0.94995,1.00,1.00
2010.10.01 13:17:01.445,0.94965,0.94995,1.00,1.00
2010.10.01 13:17:01.564,0.94965,0.94995,1.00,1.00
2010.10.01 13:17:03.372,0.94965,0.95,1.00,1.00
2010.10.01 13:17:07.985,0.94965,0.95,1.00,2.70
2010.10.01 13:17:08.093,0.9496,0.94995,1.00,1.00
2010.10.01 13:17:08.874,0.94965,0.95,1.00,1.00
2010.10.01 13:17:24.783,0.9496,0.94995,2.40,1.00
2010.10.01 13:17:28.203,0.94965,0.95,1.00,1.00
2010.10.01 13:17:28.748,0.9496,0.94995,2.50,1.00
2010.10.01 13:17:32.033,0.94965,0.95,1.00,1.00
2010.10.01 13:17:32.850,0.94965,0.95,1.00,2.60
2010.10.01 13:17:33.004,0.94965,0.95,1.00,2.60
2010.10.01 13:17:33.165,0.9496,0.95,4.00,1.00
2010.10.01 13:17:33.325,0.9497,0.95,2.40,1.00
2010.10.01 13:17:34.091,0.9497,0.9501,4.10,2.30
2010.10.01 13:17:34.439,0.9497,0.9501,3.40,1.80
2010.10.01 13:17:34.887,0.9497,0.9501,5.00,1.80
2010.10.01 13:17:35.214,0.94975,0.9501,1.00,1.00
2010.10.01 13:17:37.635,0.94975,0.9501,1.00,1.00
2010.10.01 13:17:38.965,0.9497,0.9501,2.40,1.00
2010.10.01 13:17:39.973,0.9497,0.95015,2.40,2.00
2010.10.01 13:17:40.454,0.94975,0.9501,1.00,1.00
2010.10.01 13:17:42.214,0.9498,0.95015,1.00,2.10
2010.10.01 13:17:43.396,0.9498,0.95015,2.40,1.00
2010.10.01 13:17:43.715,0.9498,0.9502,2.40,10.20
2010.10.01 13:17:45.056,0.94985,0.9502,1.00,10.20
2010.10.01 13:17:47.213,0.9498,0.95015,2.50,1.00
2010.10.01 13:17:47.424,0.9498,0.9502,2.50,10.30
2010.10.01 13:17:47.566,0.9498,0.95015,2.50,2.20
2010.10.01 13:17:47.706,0.9498,0.95015,1.00,2.20
2010.10.01 13:17:47.844,0.9498,0.95015,2.50,1.00
2010.10.01 13:17:47.984,0.9498,0.95015,2.50,1.00
2010.10.01 13:17:49.855,0.94985,0.95015,1.00,1.00
2010.10.01 13:17:50.405,0.94985,0.95015,1.00,1.00
2010.10.01 13:17:50.720,0.94985,0.9502,1.00,10.00
2010.10.01 13:17:50.887,0.9498,0.9502,2.60,11.60
2010.10.01 13:17:51.056,0.9498,0.95015,2.60,1.00
2010.10.01 13:17:51.226,0.9498,0.95015,1.00,1.00
2010.10.01 13:17:52.776,0.94985,0.9502,1.00,3.20
2010.10.01 13:17:53.432,0.94985,0.95025,1.00,2.20
2010.10.01 13:17:53.615,0.9499,0.95025,2.50,2.20
2010.10.01 13:17:53.784,0.9499,0.95025,2.40,2.20
2010.10.01 13:17:59.075,0.9499,0.95025,1.00,2.20
2010.10.01 13:18:01.463,0.94985,0.9502,1.00,1.00
2010.10.01 13:18:01.686,0.9499,0.95025,1.00,6.30
2010.10.01 13:18:01.915,0.9499,0.9502,1.00,1.60
2010.10.01 13:18:02.519,0.94985,0.95025,4.10,3.90
2010.10.01 13:18:04.268,0.9499,0.95025,1.00,3.90
2010.10.01 13:18:07.228,0.94985,0.95025,4.00,3.80
2010.10.01 13:18:07.304,0.9499,0.95025,1.00,3.90
2010.10.01 13:18:10.084,0.9499,0.95025,1.00,3.80
2010.10.01 13:18:10.284,0.9499,0.95025,1.00,3.80
2010.10.01 13:18:11.576,0.9499,0.95025,1.00,3.80
2010.10.01 13:18:12.044,0.9499,0.95025,1.00,2.20
2010.10.01 13:18:14.024,0.94985,0.95025,8.20,2.00
2010.10.01 13:18:16.943,0.9499,0.95025,1.00,2.00
2010.10.01 13:18:17.502,0.9499,0.95025,1.00,1.60
2010.10.01 13:18:17.582,0.9499,0.9503,1.00,2.20
2010.10.01 13:18:19.232,0.9499,0.9503,1.00,1.80
2010.10.01 13:18:19.593,0.9499,0.9503,1.00,1.00
2010.10.01 13:18:23.357,0.9499,0.95025,2.80,1.00
2010.10.01 13:18:25.330,0.9499,0.95025,2.80,1.00
2010.10.01 13:18:25.447,0.9499,0.9503,4.70,1.60
2010.10.01 13:18:25.565,0.95,0.95035,2.40,2.70
2010.10.01 13:18:25.685,0.95,0.95035,2.40,1.90
2010.10.01 13:18:25.804,0.9499,0.95035,11.10,1.90
2010.10.01 13:18:25.926,0.9499,0.95035,15.10,1.90
2010.10.01 13:18:26.044,0.9499,0.95035,11.10,1.90
2010.10.01 13:18:26.478,0.9499,0.95035,7.10,1.90
2010.10.01 13:18:27.098,0.94995,0.9503,1.00,1.00
2010.10.01 13:18:27.405,0.94995,0.9503,1.00,1.00
2010.10.01 13:18:27.715,0.94995,0.9503,1.00,1.00
2010.10.01 13:18:28.956,0.95,0.95035,1.00,2.30
2010.10.01 13:18:31.663,0.94995,0.9503,1.00,1.00
2010.10.01 13:18:31.966,0.95,0.95035,1.00,2.20
2010.10.01 13:18:35.176,0.95,0.95035,2.40,2.30
2010.10.01 13:18:36.280,0.95,0.95035,2.50,2.30
2010.10.01 13:18:36.589,0.95,0.95035,2.50,1.00
2010.10.01 13:18:37.186,0.95,0.95035,2.50,1.00
2010.10.01 13:18:37.485,0.95,0.95035,2.50,1.00
2010.10.01 13:18:37.923,0.95005,0.95035,1.00,1.00
2010.10.01 13:18:38.785,0.95,0.95035,2.50,1.00
2010.10.01 13:18:38.864,0.95,0.95035,2.40,1.00
2010.10.01 13:18:38.944,0.95,0.95035,2.40,1.80
2010.10.01 13:18:40.204,0.95,0.95035,2.50,1.90
2010.10.01 13:18:41.697,0.95,0.95035,2.40,2.30
2010.10.01 13:18:41.817,0.94995,0.95035,1.00,3.80
2010.10.01 13:18:41.930,0.94995,0.9503,1.00,2.40
2010.10.01 13:18:42.530,0.94995,0.9503,1.00,2.50
2010.10.01 13:18:42.638,0.94995,0.9503,1.00,2.40
2010.10.01 13:18:43.086,0.94995,0.9503,1.00,2.40
2010.10.01 13:18:45.454,0.9499,0.9503,3.10,2.50
2010.10.01 13:18:46.109,0.94995,0.9503,1.00,2.50
2010.10.01 13:18:48.547,0.94995,0.9503,1.00,2.50
2010.10.01 13:18:49.298,0.94995,0.9503,1.00,1.00
2010.10.01 13:18:49.629,0.94995,0.9503,8.40,1.00
2010.10.01 13:18:49.955,0.94995,0.95035,1.00,1.80
2010.10.01 13:18:50.706,0.95,0.95035,1.00,1.90
2010.10.01 13:18:54.496,0.94995,0.9503,1.00,1.00
2010.10.01 13:18:57.734,0.94995,0.95025,1.00,1.00
2010.10.01 13:18:58.025,0.94995,0.95025,1.00,1.00
2010.10.01 13:18:58.114,0.94995,0.95025,1.00,1.00
2010.10.01 13:19:00.320,0.94995,0.95025,1.00,1.00
2010.10.01 13:19:01.185,0.94995,0.9503,1.00,1.00
2010.10.01 13:19:03.697,0.94995,0.9503,1.00,1.00
2010.10.01 13:19:05.308,0.9499,0.9502,1.60,1.00
2010.10.01 13:19:05.495,0.94985,0.9502,10.80,1.00
2010.10.01 13:19:05.969,0.94985,0.9502,10.00,1.00
2010.10.01 13:19:06.167,0.9499,0.95025,1.00,1.80
2010.10.01 13:19:07.615,0.94985,0.9502,2.80,2.40
2010.10.01 13:19:08.878,0.9499,0.95025,1.00,1.90
2010.10.01 13:19:09.555,0.94985,0.9502,2.90,2.50
2010.10.01 13:19:10.314,0.94985,0.95015,2.80,1.00
2010.10.01 13:19:11.974,0.94985,0.95015,1.00,1.00
2010.10.01 13:19:12.415,0.94985,0.9501,1.00,1.00
2010.10.01 13:19:13.618,0.94985,0.95015,1.00,1.80
2010.10.01 13:19:14.564,0.94985,0.95015,1.00,1.80
2010.10.01 13:19:16.046,0.94985,0.95015,1.00,1.80
2010.10.01 13:19:16.686,0.94985,0.95015,1.00,1.80
2010.10.01 13:19:16.856,0.94985,0.95015,1.00,1.90
2010.10.01 13:19:17.635,0.9498,0.95015,6.90,1.90
2010.10.01 13:19:17.976,0.94985,0.95015,1.00,1.80
2010.10.01 13:19:18.805,0.9498,0.95015,2.80,1.80
2010.10.01 13:19:20.547,0.9498,0.9501,2.80,1.00
2010.10.01 13:19:20.845,0.9498,0.95005,2.80,1.00
2010.10.01 13:19:21.608,0.9498,0.9501,1.00,1.00
2010.10.01 13:19:21.924,0.94975,0.9501,3.80,1.00
2010.10.01 13:19:22.518,0.94975,0.9501,4.60,1.00
2010.10.01 13:19:22.855,0.94975,0.9501,4.70,1.00
2010.10.01 13:19:23.194,0.94975,0.9501,3.10,1.00
2010.10.01 13:19:24.265,0.94975,0.9501,3.10,1.00
2010.10.01 13:19:26.283,0.94975,0.9501,3.00,1.00
2010.10.01 13:19:26.713,0.94975,0.9501,3.00,1.00
2010.10.01 13:19:27.588,0.9498,0.9501,1.60,1.00
2010.10.01 13:19:27.899,0.9498,0.95005,1.60,1.00
2010.10.01 13:19:28.347,0.9498,0.9501,1.60,1.00
2010.10.01 13:19:29.024,0.9498,0.9501,1.60,1.00
2010.10.01 13:19:29.525,0.9498,0.95005,1.60,1.00
2010.10.01 13:19:30.188,0.9498,0.9501,1.60,1.00
2010.10.01 13:19:30.747,0.9498,0.95005,1.60,1.00
2010.10.01 13:19:31.343,0.9498,0.9501,1.60,1.00
2010.10.01 13:19:31.558,0.9498,0.9501,1.60,1.00
2010.10.01 13:19:32.096,0.9498,0.9501,1.60,1.00
2010.10.01 13:19:32.756,0.9498,0.9501,1.60,1.00
2010.10.01 13:19:34.585,0.9498,0.9501,1.60,1.00
2010.10.01 13:19:35.915,0.9498,0.9501,1.60,1.00
2010.10.01 13:19:37.440,0.94975,0.9501,2.20,1.00
2010.10.01 13:19:37.644,0.94975,0.9501,1.00,1.00
2010.10.01 13:19:38.804,0.94975,0.9501,2.20,1.00
2010.10.01 13:19:42.515,0.94975,0.95005,2.00,1.00
2010.10.01 13:19:43.209,0.94975,0.95,1.00,1.00
2010.10.01 13:19:43.449,0.94965,0.94995,2.00,1.00
2010.10.01 13:19:43.678,0.94965,0.94995,1.60,1.00
2010.10.01 13:19:44.436,0.94965,0.94995,1.00,1.00
2010.10.01 13:19:44.776,0.94965,0.95,1.00,1.00
2010.10.01 13:19:47.037,0.9497,0.95005,2.40,2.20
2010.10.01 13:19:47.258,0.9497,0.95005,2.80,1.00
2010.10.01 13:19:48.429,0.9497,0.95005,1.00,1.00
2010.10.01 13:19:48.765,0.9497,0.95005,1.00,1.90
2010.10.01 13:19:49.824,0.9497,0.95,1.00,1.00
2010.10.01 13:19:50.337,0.94965,0.95,1.60,1.00
2010.10.01 13:19:50.684,0.94965,0.95,1.00,1.00
2010.10.01 13:19:51.787,0.94965,0.94995,1.00,1.60
2010.10.01 13:19:52.130,0.9496,0.94995,2.40,2.20
2010.10.01 13:19:52.884,0.94955,0.94985,1.00,1.60
2010.10.01 13:19:56.464,0.94955,0.94985,1.00,1.60
2010.10.01 13:19:56.784,0.9495,0.94985,6.30,1.60
2010.10.01 13:19:57.104,0.9495,0.94985,6.20,1.60
2010.10.01 13:19:57.526,0.94955,0.94985,1.00,1.60
2010.10.01 13:19:58.036,0.9495,0.94985,6.30,1.70
2010.10.01 13:19:58.296,0.9495,0.94985,6.20,1.60
2010.10.01 13:19:59.159,0.9496,0.9499,4.00,1.00
2010.10.01 13:19:59.410,0.9496,0.94995,4.60,1.80
2010.10.01 13:19:59.945,0.9496,0.94995,4.60,1.90
2010.10.01 13:20:00.228,0.9497,0.94995,1.00,1.60
2010.10.01 13:20:00.893,0.9497,0.95,1.00,4.00
2010.10.01 13:20:01.110,0.94965,0.95,1.00,4.20
2010.10.01 13:20:01.325,0.94965,0.95,1.00,1.00
2010.10.01 13:20:02.574,0.94965,0.95,1.00,1.00
2010.10.01 13:20:04.154,0.94965,0.94995,1.00,1.00
2010.10.01 13:20:06.016,0.94965,0.94995,1.00,1.00
2010.10.01 13:20:06.668,0.9496,0.94995,4.20,1.80
2010.10.01 13:20:06.876,0.9496,0.94995,4.60,1.80
2010.10.01 13:20:07.367,0.9496,0.94995,4.70,1.90
2010.10.01 13:20:07.622,0.94955,0.94985,8.00,1.80
2010.10.01 13:20:07.877,0.94955,0.9499,1.00,1.00
2010.10.01 13:20:09.085,0.9496,0.9499,1.00,1.00
2010.10.01 13:20:09.375,0.9496,0.9499,2.50,1.00
2010.10.01 13:20:10.813,0.9496,0.9499,2.40,1.00
2010.10.01 13:20:11.836,0.94955,0.9499,1.00,1.00
2010.10.01 13:20:12.565,0.9496,0.9499,1.00,1.00
2010.10.01 13:20:15.326,0.94955,0.9499,1.00,1.00
2010.10.01 13:20:15.674,0.94955,0.9499,1.00,1.00
2010.10.01 13:20:16.016,0.94955,0.9499,1.00,1.00
2010.10.01 13:20:16.755,0.94955,0.9499,1.00,1.00
2010.10.01 13:20:18.699,0.94955,0.9499,1.00,1.00
2010.10.01 13:20:18.914,0.94955,0.9499,1.90,1.00
2010.10.01 13:20:19.013,0.94955,0.9499,1.70,1.00
2010.10.01 13:20:19.429,0.94955,0.9499,1.70,3.10
2010.10.01 13:20:19.706,0.94955,0.94985,1.00,2.20
2010.10.01 13:20:19.985,0.9495,0.94985,1.00,2.20
2010.10.01 13:20:20.265,0.9495,0.94985,1.00,2.20
2010.10.01 13:20:20.971,0.9495,0.94985,1.00,2.20
2010.10.01 13:20:21.634,0.94945,0.94985,2.20,2.20
2010.10.01 13:20:21.966,0.9495,0.94985,1.60,2.20
2010.10.01 13:20:22.185,0.94945,0.9498,2.20,1.00
2010.10.01 13:20:22.856,0.9495,0.94985,1.00,2.30
2010.10.01 13:20:25.723,0.94955,0.94985,1.00,1.60
2010.10.01 13:20:26.053,0.94965,0.94995,1.00,1.00
2010.10.01 13:20:26.660,0.9497,0.95005,4.40,8.00
2010.10.01 13:20:26.875,0.9497,0.9501,4.40,1.80
2010.10.01 13:20:28.101,0.9497,0.9501,8.60,1.60
2010.10.01 13:20:28.166,0.9497,0.9501,1.00,1.80
2010.10.01 13:20:28.728,0.94975,0.9501,1.00,1.90
2010.10.01 13:20:29.851,0.94975,0.9501,1.00,1.00
2010.10.01 13:20:31.064,0.9498,0.95015,1.00,2.30
2010.10.01 13:20:32.125,0.94975,0.95015,4.10,2.30
2010.10.01 13:20:32.371,0.9498,0.95015,1.00,2.20
2010.10.01 13:20:33.096,0.9498,0.95015,1.00,2.30
2010.10.01 13:20:33.756,0.94975,0.9501,1.00,1.00
2010.10.01 13:20:34.505,0.9498,0.95015,1.00,2.30
2010.10.01 13:20:35.558,0.9498,0.9501,1.00,1.60
2010.10.01 13:20:35.994,0.94975,0.9501,1.00,1.00
2010.10.01 13:20:36.274,0.9498,0.95015,1.00,2.30
2010.10.01 13:20:37.145,0.94975,0.9501,2.30,1.00
2010.10.01 13:20:37.325,0.9498,0.9501,1.00,1.00
2010.10.01 13:20:38.768,0.94975,0.9501,1.00,1.80
2010.10.01 13:20:40.277,0.94975,0.9501,1.00,1.80
2010.10.01 13:20:42.331,0.94975,0.9501,1.00,1.00
2010.10.01 13:20:42.734,0.94975,0.9501,1.00,1.00
2010.10.01 13:20:43.204,0.94975,0.9501,1.00,1.00
2010.10.01 13:20:45.196,0.9498,0.9501,1.00,1.00
2010.10.01 13:20:45.923,0.9498,0.9501,1.00,1.80
2010.10.01 13:20:47.274,0.9498,0.9501,1.00,1.00
2010.10.01 13:20:53.117,0.9498,0.9501,1.00,1.80
2010.10.01 13:20:54.764,0.9498,0.9501,1.00,1.80
2010.10.01 13:20:57.237,0.94975,0.95005,1.00,1.00
2010.10.01 13:20:57.527,0.94975,0.9501,1.00,1.80
2010.10.01 13:20:58.024,0.9498,0.9501,1.00,1.80
2010.10.01 13:21:00.108,0.94975,0.9501,1.00,1.80
2010.10.01 13:21:01.356,0.94975,0.9501,1.00,1.90
2010.10.01 13:21:01.696,0.94975,0.9501,1.00,1.80
2010.10.01 13:21:03.134,0.9498,0.9501,1.00,1.80
2010.10.01 13:21:08.972,0.94975,0.9501,1.00,1.90
2010.10.01 13:21:09.258,0.94975,0.9501,1.00,1.90
2010.10.01 13:21:09.575,0.94975,0.95005,1.00,1.00
2010.10.01 13:21:10.637,0.94975,0.95005,1.00,1.00
2010.10.01 13:21:11.887,0.94975,0.95005,1.00,1.00
2010.10.01 13:21:19.137,0.94975,0.9501,1.00,1.90
2010.10.01 13:21:19.439,0.94975,0.95005,1.00,1.00
2010.10.01 13:21:20.124,0.94975,0.9501,1.00,1.80
2010.10.01 13:21:20.584,0.94975,0.9501,1.00,1.60
2010.10.01 13:21:21.260,0.94975,0.95005,1.00,1.60
2010.10.01 13:21:21.528,0.94975,0.9501,1.00,4.60
2010.10.01 13:21:22.287,0.94975,0.95,1.00,1.60
2010.10.01 13:21:23.568,0.9497,0.95,1.00,1.80
2010.10.01 13:21:23.837,0.9497,0.95005,1.00,1.00
2010.10.01 13:21:26.508,0.94975,0.95005,1.00,1.00
2010.10.01 13:21:28.997,0.94985,0.9501,1.00,1.60
2010.10.01 13:21:29.156,0.94985,0.95015,1.00,5.60
2010.10.01 13:21:29.745,0.94985,0.9502,1.00,2.60
2010.10.01 13:21:30.003,0.94985,0.9502,1.00,1.00
2010.10.01 13:21:30.646,0.94985,0.9502,1.00,2.60
2010.10.01 13:21:30.994,0.94975,0.9501,1.00,2.50
2010.10.01 13:21:31.339,0.94975,0.9501,1.00,2.60
2010.10.01 13:21:32.068,0.94975,0.95015,1.00,1.90
2010.10.01 13:21:32.407,0.9498,0.95015,2.40,1.00
2010.10.01 13:21:32.634,0.9498,0.95015,2.40,1.00
2010.10.01 13:21:32.854,0.9498,0.95015,2.40,1.00
2010.10.01 13:21:34.054,0.9498,0.95015,2.50,1.00
2010.10.01 13:21:34.617,0.9498,0.9502,2.50,9.90
2010.10.01 13:21:34.795,0.94985,0.9502,1.00,1.90
2010.10.01 13:21:34.977,0.94985,0.9502,2.00,12.30
2010.10.01 13:21:35.554,0.9498,0.9502,2.90,12.70
2010.10.01 13:21:37.455,0.9498,0.95015,2.80,1.00
2010.10.01 13:21:37.884,0.9498,0.95015,1.00,1.60
2010.10.01 13:21:39.704,0.9498,0.95015,1.00,1.60
2010.10.01 13:21:45.698,0.94985,0.95015,1.00,1.60
2010.10.01 13:21:47.610,0.94985,0.95015,1.00,1.60
2010.10.01 13:21:47.874,0.94985,0.9502,1.00,1.00
2010.10.01 13:21:50.855,0.94985,0.9502,1.00,1.00
2010.10.01 13:21:56.175,0.94985,0.9502,1.00,1.90
2010.10.01 13:21:56.785,0.9498,0.9502,2.90,4.30
2010.10.01 13:21:56.945,0.9498,0.9502,4.50,8.30
2010.10.01 13:21:57.435,0.9498,0.9502,4.50,4.30
2010.10.01 13:21:58.324,0.9498,0.95015,4.40,1.00
2010.10.01 13:21:58.905,0.9498,0.95015,4.40,1.00
2010.10.01 13:21:59.195,0.9498,0.95015,2.40,1.00
2010.10.01 13:21:59.405,0.9498,0.9501,2.40,1.70
2010.10.01 13:22:00.027,0.9497,0.9501,1.00,1.90
2010.10.01 13:22:01.271,0.94975,0.9501,1.00,1.80
2010.10.01 13:22:02.221,0.9497,0.95005,1.00,1.00
2010.10.01 13:22:02.909,0.9497,0.95005,1.00,1.00
2010.10.01 13:22:03.616,0.9499,0.95025,4.40,1.60
2010.10.01 13:22:04.515,0.9499,0.95025,4.40,1.70
2010.10.01 13:22:05.291,0.94985,0.95015,8.00,1.00
2010.10.01 13:22:05.636,0.94985,0.95015,1.00,1.00
2010.10.01 13:22:06.578,0.9499,0.9502,1.00,1.00
2010.10.01 13:22:06.846,0.9499,0.9502,1.00,1.00
2010.10.01 13:22:07.116,0.9499,0.95025,1.00,1.00
2010.10.01 13:22:08.050,0.94985,0.95025,4.00,1.00
2010.10.01 13:22:08.386,0.9499,0.95025,1.00,1.00
2010.10.01 13:22:09.086,0.94995,0.9503,1.00,3.60
2010.10.01 13:22:09.409,0.9499,0.9503,3.40,4.60
2010.10.01 13:22:09.637,0.9499,0.9503,2.60,2.20
2010.10.01 13:22:10.568,0.94985,0.95025,8.40,1.00
2010.10.01 13:22:10.888,0.94985,0.95025,8.40,1.80
2010.10.01 13:22:11.209,0.94985,0.95025,1.00,1.80
2010.10.01 13:22:11.528,0.9499,0.95025,2.50,1.60
2010.10.01 13:22:12.000,0.9499,0.9503,2.70,3.40
2010.10.01 13:22:12.281,0.9499,0.9503,6.70,1.80
2010.10.01 13:22:12.826,0.9499,0.9503,2.70,1.80
2010.10.01 13:22:13.127,0.94995,0.9503,1.00,1.80
2010.10.01 13:22:15.084,0.94995,0.9503,1.00,1.90
2010.10.01 13:22:15.951,0.94995,0.95025,1.00,1.60
2010.10.01 13:22:16.160,0.9499,0.95025,2.50,1.60
2010.10.01 13:22:16.370,0.9499,0.95025,2.60,1.60
2010.10.01 13:22:17.138,0.9499,0.9503,2.60,1.80
2010.10.01 13:22:18.106,0.94995,0.9503,1.00,1.80
2010.10.01 13:22:19.079,0.9499,0.95025,1.00,1.60
2010.10.01 13:22:19.855,0.9499,0.9502,1.00,1.60
2010.10.01 13:22:20.396,0.94995,0.9502,1.00,1.60
2010.10.01 13:22:20.979,0.94995,0.9503,1.00,9.80
2010.10.01 13:22:21.276,0.94995,0.9503,1.00,1.80
2010.10.01 13:22:25.015,0.94995,0.9503,1.00,1.90
2010.10.01 13:22:25.186,0.94995,0.9503,1.00,1.60
2010.10.01 13:22:26.388,0.9498,0.9502,1.20,1.80
2010.10.01 13:22:27.118,0.9498,0.9502,4.40,1.80
2010.10.01 13:22:28.587,0.9498,0.9502,4.60,1.60
2010.10.01 13:22:28.888,0.9498,0.95015,8.70,1.00
2010.10.01 13:22:29.655,0.9498,0.9502,8.70,1.70
2010.10.01 13:22:30.429,0.9499,0.95025,2.40,1.00
2010.10.01 13:22:30.776,0.94995,0.95025,1.00,1.00
2010.10.01 13:22:31.537,0.94995,0.9503,1.00,1.00
2010.10.01 13:22:31.876,0.94995,0.95025,1.00,1.00
2010.10.01 13:22:32.426,0.94995,0.9503,1.00,1.00
2010.10.01 13:22:32.634,0.94995,0.95025,1.00,1.00
2010.10.01 13:22:33.400,0.94995,0.9503,1.00,1.00
2010.10.01 13:22:33.541,0.94995,0.95035,1.00,1.00
2010.10.01 13:22:34.466,0.94995,0.9503,1.00,1.00
2010.10.01 13:22:38.354,0.94995,0.9503,1.00,1.00
2010.10.01 13:22:38.584,0.94995,0.9503,1.00,1.60
2010.10.01 13:22:39.902,0.94995,0.9503,1.00,1.00
2010.10.01 13:22:40.338,0.94995,0.95025,1.00,1.00
2010.10.01 13:22:41.210,0.9499,0.95025,2.90,1.00
2010.10.01 13:22:41.555,0.9499,0.95025,2.50,1.00
2010.10.01 13:22:45.114,0.9499,0.95025,2.50,1.00
2010.10.01 13:22:52.613,0.9499,0.95025,1.00,1.00
2010.10.01 13:22:53.436,0.94985,0.9502,4.70,1.00
2010.10.01 13:22:53.776,0.94985,0.9502,1.00,1.00
2010.10.01 13:22:54.192,0.94985,0.9502,1.00,2.60
2010.10.01 13:22:54.517,0.94985,0.9502,1.00,4.20
2010.10.01 13:22:54.675,0.9498,0.95015,1.00,1.60
2010.10.01 13:22:55.530,0.9498,0.9502,1.00,12.30
2010.10.01 13:22:55.815,0.9498,0.9502,1.00,4.30
2010.10.01 13:22:56.926,0.94985,0.9502,1.00,4.30
2010.10.01 13:22:57.605,0.9498,0.9502,1.00,4.30
2010.10.01 13:22:58.403,0.9499,0.95025,1.00,1.00
2010.10.01 13:22:58.965,0.94985,0.9502,1.00,1.00
2010.10.01 13:23:00.285,0.94985,0.95025,1.00,1.00
2010.10.01 13:23:00.844,0.94985,0.9502,1.00,1.00
2010.10.01 13:23:01.537,0.94985,0.9502,1.00,1.60
2010.10.01 13:23:01.945,0.94985,0.9502,1.00,1.80
2010.10.01 13:23:02.977,0.94985,0.9502,1.00,1.80
2010.10.01 13:23:03.398,0.94985,0.9502,1.00,1.80
2010.10.01 13:23:03.818,0.94985,0.9502,1.00,1.90
2010.10.01 13:23:04.515,0.9499,0.9502,1.00,1.80
2010.10.01 13:23:07.801,0.9499,0.9502,2.50,1.80
2010.10.01 13:23:07.994,0.94995,0.95025,1.00,1.00
2010.10.01 13:23:08.230,0.9499,0.95025,1.00,1.00
2010.10.01 13:23:09.354,0.9499,0.95025,1.00,1.00
2010.10.01 13:23:11.507,0.9499,0.95025,1.00,1.00
2010.10.01 13:23:12.565,0.9499,0.9502,1.00,4.00
2010.10.01 13:23:12.833,0.94985,0.9502,1.00,4.00
2010.10.01 13:23:13.615,0.94985,0.9502,1.00,4.00
2010.10.01 13:23:14.655,0.94985,0.9502,1.00,4.00
2010.10.01 13:23:14.809,0.94985,0.95015,1.00,1.00
2010.10.01 13:23:15.977,0.94985,0.9502,1.00,4.10
2010.10.01 13:23:16.999,0.94985,0.9502,1.00,1.00
2010.10.01 13:23:17.706,0.94985,0.9502,1.00,1.00
2010.10.01 13:23:18.170,0.94985,0.9502,1.00,1.00
2010.10.01 13:23:19.106,0.94985,0.9502,1.00,1.70
2010.10.01 13:23:19.446,0.94985,0.9502,1.00,4.10
2010.10.01 13:23:22.883,0.9498,0.95015,1.00,1.00
2010.10.01 13:23:23.065,0.9498,0.9502,1.00,4.10
2010.10.01 13:23:23.253,0.9498,0.9502,1.00,8.10
2010.10.01 13:23:23.830,0.9498,0.95015,1.00,1.00
2010.10.01 13:23:25.024,0.9498,0.95015,1.00,1.70
2010.10.01 13:23:25.205,0.9498,0.95015,1.00,1.90
2010.10.01 13:23:26.835,0.9498,0.9501,1.00,1.60
2010.10.01 13:23:28.655,0.9498,0.95015,1.00,1.90
2010.10.01 13:23:29.238,0.94975,0.9501,1.00,1.00
2010.10.01 13:23:30.005,0.94975,0.95015,1.00,1.00
2010.10.01 13:23:30.516,0.9498,0.95015,1.00,1.00
2010.10.01 13:23:30.922,0.9498,0.95015,1.00,1.00
2010.10.01 13:23:31.556,0.94985,0.9502,1.00,1.00
2010.10.01 13:23:31.846,0.94985,0.9502,1.00,1.00
2010.10.01 13:23:32.269,0.94985,0.9502,1.00,1.00
2010.10.01 13:23:32.579,0.94985,0.9502,1.00,1.00
2010.10.01 13:23:32.886,0.9498,0.95015,1.00,1.00
2010.10.01 13:23:33.678,0.9498,0.9502,1.00,1.00
2010.10.01 13:23:34.015,0.9498,0.95015,1.00,1.00
2010.10.01 13:23:35.111,0.9498,0.95015,1.00,1.00
2010.10.01 13:23:35.787,0.94985,0.9502,1.00,1.00
2010.10.01 13:23:37.846,0.9498,0.95015,4.70,1.00
2010.10.01 13:23:38.075,0.9498,0.95015,1.00,1.00
2010.10.01 13:23:39.243,0.94985,0.95015,1.60,1.00
2010.10.01 13:23:39.589,0.94985,0.9502,1.60,2.40
2010.10.01 13:23:40.681,0.94985,0.95025,1.70,2.30
2010.10.01 13:23:42.563,0.9499,0.95025,1.00,2.30
2010.10.01 13:23:42.824,0.9499,0.95025,1.00,1.90
2010.10.01 13:23:43.086,0.9499,0.95025,1.00,1.80
2010.10.01 13:23:43.215,0.9499,0.95025,1.00,1.00
2010.10.01 13:23:43.927,0.94995,0.95025,1.00,1.00
2010.10.01 13:23:44.206,0.94995,0.9503,1.00,1.60
2010.10.01 13:23:45.886,0.94995,0.9503,1.00,1.70
2010.10.01 13:23:46.108,0.95,0.9503,1.00,1.60
2010.10.01 13:23:48.079,0.94995,0.9503,4.70,1.80
2010.10.01 13:23:48.124,0.94995,0.9503,3.10,1.80
2010.10.01 13:23:48.401,0.94995,0.9503,2.30,1.80
2010.10.01 13:23:48.645,0.95,0.9503,1.00,1.80
2010.10.01 13:23:49.499,0.94995,0.9503,2.30,1.80
2010.10.01 13:23:50.196,0.94995,0.9503,2.20,1.80
2010.10.01 13:23:51.909,0.95,0.9503,1.00,1.00
2010.10.01 13:23:52.075,0.94995,0.9503,2.20,1.00
2010.10.01 13:23:53.565,0.94995,0.95025,2.00,1.80
2010.10.01 13:23:54.385,0.94995,0.95025,2.00,1.80
2010.10.01 13:23:55.045,0.94995,0.95025,2.20,1.60
2010.10.01 13:23:55.184,0.94995,0.9503,3.80,1.80
2010.10.01 13:23:55.835,0.95,0.9503,1.00,1.80
2010.10.01 13:23:56.596,0.94995,0.95025,2.00,1.80
2010.10.01 13:23:58.800,0.94995,0.95025,1.00,1.60
2010.10.01 13:23:59.323,0.94995,0.9503,1.00,4.30
2010.10.01 13:23:59.578,0.94995,0.9503,1.00,1.80
2010.10.01 13:24:00.185,0.94995,0.9503,1.00,1.80
2010.10.01 13:24:00.429,0.94995,0.9503,1.00,1.80
2010.10.01 13:24:02.838,0.95,0.9503,2.80,1.60
2010.10.01 13:24:03.250,0.95,0.9503,4.40,1.60
2010.10.01 13:24:03.509,0.95005,0.95035,1.00,1.80
2010.10.01 13:24:03.705,0.95,0.95035,4.50,1.90
2010.10.01 13:24:03.905,0.95,0.95035,6.10,1.80
2010.10.01 13:24:04.800,0.95005,0.95035,1.00,1.80
2010.10.01 13:24:05.266,0.95,0.95035,6.10,1.80
2010.10.01 13:24:05.996,0.95005,0.95035,1.00,1.80
2010.10.01 13:24:06.316,0.95,0.95035,3.70,1.90
2010.10.01 13:24:06.636,0.95,0.95035,6.10,1.90
2010.10.01 13:24:07.228,0.95005,0.95035,1.00,1.80
2010.10.01 13:24:08.825,0.95005,0.95035,1.00,1.60
2010.10.01 13:24:09.446,0.9501,0.95035,1.00,1.60
2010.10.01 13:24:09.574,0.95015,0.95035,1.00,1.60
2010.10.01 13:24:11.047,0.9501,0.95035,1.00,1.60
2010.10.01 13:24:15.385,0.9501,0.95035,1.00,1.60
2010.10.01 13:24:15.565,0.9501,0.9504,1.00,3.80
2010.10.01 13:24:17.494,0.9501,0.9504,1.00,3.80
2010.10.01 13:24:17.624,0.9501,0.9504,1.00,2.20
2010.10.01 13:24:19.228,0.9501,0.9504,1.00,2.20
2010.10.01 13:24:20.026,0.9501,0.9504,1.00,2.20
2010.10.01 13:24:23.770,0.9501,0.9504,1.00,2.20
2010.10.01 13:24:24.346,0.95015,0.9504,1.00,2.00
2010.10.01 13:24:24.528,0.95015,0.9504,1.00,2.00
2010.10.01 13:24:25.094,0.95015,0.95045,1.00,1.80
2010.10.01 13:24:25.311,0.9501,0.95035,2.40,1.60
2010.10.01 13:24:25.940,0.95005,0.95035,2.50,1.80
2010.10.01 13:24:26.162,0.95,0.95035,2.00,1.80
2010.10.01 13:24:27.229,0.95,0.9504,6.30,1.90
2010.10.01 13:24:27.566,0.95005,0.9504,1.00,1.80
2010.10.01 13:24:28.995,0.9501,0.9504,1.00,1.80
2010.10.01 13:24:30.690,0.95,0.95035,4.40,1.80
2010.10.01 13:24:30.925,0.95,0.9503,1.00,1.00
2010.10.01 13:24:31.165,0.95,0.9503,1.00,1.00
2010.10.01 13:24:31.406,0.95,0.9503,1.00,1.00
2010.10.01 13:24:31.645,0.95,0.95035,1.00,1.00
2010.10.01 13:24:32.376,0.95,0.95035,2.10,1.00
2010.10.01 13:24:32.706,0.95005,0.95035,1.00,1.00
2010.10.01 13:24:33.286,0.95,0.95025,1.00,1.00
2010.10.01 13:24:33.406,0.94995,0.95025,1.00,1.00
2010.10.01 13:24:33.854,0.94995,0.9503,1.00,4.00
2010.10.01 13:24:34.018,0.95005,0.95035,1.00,1.00
2010.10.01 13:24:36.177,0.95005,0.95035,1.00,1.00
2010.10.01 13:24:36.806,0.95005,0.9504,1.00,2.20
2010.10.01 13:24:38.717,0.9501,0.9504,1.00,2.20
2010.10.01 13:24:39.005,0.9501,0.9504,1.00,2.00
2010.10.01 13:24:39.156,0.95015,0.95045,1.00,5.80
2010.10.01 13:24:39.715,0.95015,0.95045,1.00,1.80
2010.10.01 13:24:41.065,0.95015,0.95045,1.00,1.80
2010.10.01 13:24:41.325,0.95015,0.95045,1.00,1.80
2010.10.01 13:24:42.048,0.9502,0.95045,1.00,1.80
2010.10.01 13:24:42.925,0.95015,0.95045,1.00,1.80
2010.10.01 13:24:43.565,0.95015,0.95045,1.00,1.60
2010.10.01 13:24:44.091,0.95015,0.9505,1.00,5.80
2010.10.01 13:24:44.243,0.95015,0.9505,1.00,1.80
2010.10.01 13:24:45.310,0.9502,0.9505,1.00,1.80
2010.10.01 13:24:47.029,0.9502,0.9505,2.10,1.80
2010.10.01 13:24:47.795,0.95025,0.9505,1.00,1.80
2010.10.01 13:24:48.272,0.95025,0.9505,1.00,1.60
2010.10.01 13:24:48.625,0.95025,0.9506,2.30,1.80
2010.10.01 13:24:48.972,0.95025,0.9506,2.20,1.80
2010.10.01 13:24:49.544,0.95025,0.9506,2.20,1.80
2010.10.01 13:24:49.805,0.95025,0.95055,2.00,1.00
2010.10.01 13:24:50.831,0.9502,0.95055,1.00,1.00
2010.10.01 13:24:51.177,0.9502,0.95055,1.00,1.00
2010.10.01 13:24:51.935,0.9502,0.95055,1.00,1.00
2010.10.01 13:24:52.184,0.9502,0.95055,1.00,1.00
2010.10.01 13:24:54.617,0.9502,0.9505,1.00,2.40
2010.10.01 13:24:54.916,0.95015,0.95055,2.90,8.30
2010.10.01 13:24:55.217,0.95015,0.95055,1.00,1.00
2010.10.01 13:24:55.903,0.9502,0.95055,1.00,1.00
2010.10.01 13:24:59.266,0.9502,0.95055,2.00,1.00
2010.10.01 13:24:59.934,0.9502,0.95055,2.10,1.00
2010.10.01 13:25:00.712,0.9502,0.9505,2.00,2.40
2010.10.01 13:25:00.866,0.9502,0.95055,2.00,8.30
2010.10.01 13:25:01.437,0.9502,0.9505,2.00,2.40
2010.10.01 13:25:01.587,0.95015,0.9505,1.30,2.40
2010.10.01 13:25:01.929,0.95015,0.9505,1.00,8.10
2010.10.01 13:25:02.267,0.95015,0.9505,1.00,12.10
2010.10.01 13:25:02.607,0.95015,0.9505,1.00,6.40
2010.10.01 13:25:03.326,0.95015,0.95055,1.00,8.20
2010.10.01 13:25:05.098,0.95015,0.95055,1.00,8.00
2010.10.01 13:25:05.209,0.95015,0.9505,2.00,1.70
2010.10.01 13:25:05.316,0.95015,0.9505,1.20,1.60
2010.10.01 13:25:05.424,0.95015,0.9505,1.00,1.60
2010.10.01 13:25:05.985,0.95015,0.9505,1.00,1.80
2010.10.01 13:25:06.334,0.95015,0.9505,1.00,4.20
2010.10.01 13:25:06.676,0.95015,0.9505,1.00,4.30
2010.10.01 13:25:10.454,0.95015,0.95045,1.00,1.00
2010.10.01 13:25:10.636,0.9501,0.95045,2.80,1.80
2010.10.01 13:25:10.825,0.9501,0.95045,2.00,1.80
2010.10.01 13:25:11.014,0.9501,0.95045,1.00,1.80
2010.10.01 13:25:11.195,0.9501,0.95045,1.00,1.80
2010.10.01 13:25:12.265,0.9501,0.95045,1.00,1.80
2010.10.01 13:25:14.210,0.9501,0.95045,2.80,1.80
2010.10.01 13:25:14.540,0.9501,0.95045,1.00,1.80
2010.10.01 13:25:15.355,0.9501,0.95045,1.00,1.80
2010.10.01 13:25:15.696,0.9501,0.9504,1.00,2.40
2010.10.01 13:25:16.378,0.9501,0.95045,1.00,1.90
2010.10.01 13:25:17.117,0.9501,0.9504,1.00,2.40
2010.10.01 13:25:17.286,0.95005,0.9504,2.40,2.40
2010.10.01 13:25:17.454,0.95,0.9504,2.20,2.40
2010.10.01 13:25:17.965,0.95,0.9504,2.30,2.50
2010.10.01 13:25:18.994,0.95,0.95035,2.20,1.00
2010.10.01 13:25:23.494,0.95,0.95035,2.30,1.00
2010.10.01 13:25:23.754,0.95,0.95035,2.20,1.00
2010.10.01 13:25:23.895,0.95,0.95035,4.60,1.00
2010.10.01 13:25:24.174,0.95,0.95035,2.20,1.00
2010.10.01 13:25:27.205,0.95005,0.9504,1.00,2.50
2010.10.01 13:25:29.382,0.95,0.95035,2.20,1.00
2010.10.01 13:25:32.404,0.95,0.9503,2.20,1.00
2010.10.01 13:25:32.635,0.95,0.9503,2.20,2.40
2010.10.01 13:25:32.866,0.95,0.9503,2.30,1.00
2010.10.01 13:25:33.449,0.95,0.95035,2.20,1.00
2010.10.01 13:25:34.816,0.95,0.9503,2.00,2.40
2010.10.01 13:25:35.205,0.95,0.95035,2.00,1.00
2010.10.01 13:25:35.806,0.95,0.9503,2.00,1.00
2010.10.01 13:25:36.815,0.95,0.95035,2.00,1.00
2010.10.01 13:25:37.128,0.95005,0.95035,1.00,1.00
2010.10.01 13:25:37.783,0.95005,0.95035,1.00,1.00
2010.10.01 13:25:38.088,0.95,0.95035,2.80,1.00
2010.10.01 13:25:41.267,0.95,0.95035,5.20,1.00
2010.10.01 13:25:41.972,0.95,0.95035,2.80,1.00
2010.10.01 13:25:42.309,0.95,0.95035,7.00,1.00
2010.10.01 13:25:42.547,0.95,0.95035,7.10,1.00
2010.10.01 13:25:43.243,0.95005,0.9504,1.70,1.00
2010.10.01 13:25:43.589,0.95005,0.95035,1.00,1.00
2010.10.01 13:25:44.259,0.95005,0.9504,1.00,1.00
2010.10.01 13:25:44.557,0.95,0.95035,11.00,1.00
2010.10.01 13:25:44.855,0.95005,0.95035,1.00,1.00
2010.10.01 13:25:47.484,0.9501,0.9504,1.00,1.00
2010.10.01 13:25:47.685,0.95005,0.95035,1.70,1.00
2010.10.01 13:25:48.158,0.9501,0.9504,1.00,1.00
2010.10.01 13:25:49.994,0.95005,0.95035,2.10,1.00
2010.10.01 13:25:50.674,0.9501,0.9504,1.00,1.00
2010.10.01 13:25:50.845,0.9501,0.9504,1.00,1.00
2010.10.01 13:25:51.562,0.9501,0.95035,2.80,1.00
2010.10.01 13:25:51.885,0.95005,0.95035,3.10,1.00
2010.10.01 13:25:52.105,0.9501,0.9504,1.00,1.00
2010.10.01 13:25:52.326,0.9501,0.9504,2.10,1.00
2010.10.01 13:25:52.548,0.9501,0.95035,2.40,1.00
2010.10.01 13:25:53.168,0.9501,0.9504,1.00,1.00
2010.10.01 13:25:53.412,0.95005,0.95035,3.00,1.00
2010.10.01 13:25:56.220,0.95005,0.9504,3.00,1.00
2010.10.01 13:25:56.710,0.95005,0.9504,3.00,1.00
2010.10.01 13:25:57.420,0.95005,0.9502,2.80,1.00
2010.10.01 13:25:57.633,0.94985,0.9502,1.50,1.80
2010.10.01 13:25:57.836,0.94985,0.9502,1.00,5.80
2010.10.01 13:25:59.030,0.9499,0.9502,2.00,5.80
2010.10.01 13:25:59.595,0.9499,0.9502,2.00,4.20
2010.10.01 13:26:00.189,0.9499,0.95015,2.00,1.00
2010.10.01 13:26:00.530,0.9499,0.9502,2.00,1.00
2010.10.01 13:26:00.881,0.9499,0.9502,2.00,1.90
2010.10.01 13:26:01.849,0.9501,0.9503,1.00,1.60
2010.10.01 13:26:02.132,0.9501,0.95035,2.00,8.00
2010.10.01 13:26:02.934,0.9501,0.95035,2.00,1.00
2010.10.01 13:26:03.218,0.95,0.95035,1.00,1.00
2010.10.01 13:26:04.258,0.95,0.95035,1.00,1.00
2010.10.01 13:26:04.595,0.95,0.95035,1.00,1.00
2010.10.01 13:26:05.980,0.95,0.95035,2.90,1.00
2010.10.01 13:26:07.050,0.9499,0.95025,1.00,1.00
2010.10.01 13:26:07.740,0.9499,0.95025,1.00,1.00
2010.10.01 13:26:08.506,0.9499,0.9502,1.00,1.00
2010.10.01 13:26:08.826,0.9499,0.95025,1.00,1.00
2010.10.01 13:26:09.106,0.9499,0.95025,1.00,1.00
2010.10.01 13:26:10.239,0.9499,0.9502,1.00,1.00
2010.10.01 13:26:11.458,0.94995,0.9503,2.00,2.40
2010.10.01 13:26:11.747,0.94995,0.95035,2.00,1.00
2010.10.01 13:26:12.701,0.94995,0.9503,2.00,1.00
2010.10.01 13:26:13.227,0.94995,0.95035,2.00,1.00
2010.10.01 13:26:14.907,0.94995,0.95025,2.00,1.00
2010.10.01 13:26:15.105,0.94995,0.95025,1.00,1.00
2010.10.01 13:26:15.595,0.9499,0.95025,1.00,1.00
2010.10.01 13:26:17.841,0.9499,0.9502,2.40,1.60
2010.10.01 13:26:18.304,0.9499,0.95025,1.00,1.60
2010.10.01 13:26:18.400,0.95,0.9503,2.80,1.00
2010.10.01 13:26:18.865,0.95005,0.9503,1.00,1.00
2010.10.01 13:26:19.551,0.95005,0.9503,1.00,1.00
2010.10.01 13:26:20.020,0.95005,0.9503,1.00,1.00
2010.10.01 13:26:20.350,0.95005,0.9503,2.00,1.00
2010.10.01 13:26:22.116,0.95005,0.9503,2.00,1.00
2010.10.01 13:26:22.216,0.9501,0.9503,1.00,1.00
2010.10.01 13:26:22.316,0.9501,0.95035,1.00,1.00
2010.10.01 13:26:22.415,0.9501,0.95035,2.80,1.00
2010.10.01 13:26:24.887,0.9501,0.9503,2.80,1.00
2010.10.01 13:26:29.527,0.95015,0.9503,1.00,1.00
2010.10.01 13:26:29.755,0.95015,0.9503,2.80,1.00
2010.10.01 13:26:31.236,0.9501,0.9503,2.80,1.00
2010.10.01 13:26:32.438,0.9501,0.95035,2.80,1.00
2010.10.01 13:26:37.847,0.95015,0.95035,1.00,1.00
2010.10.01 13:26:37.976,0.95015,0.95035,2.00,1.00
2010.10.01 13:26:38.106,0.95015,0.95035,2.80,1.00
2010.10.01 13:26:39.138,0.95015,0.95035,2.80,1.00
2010.10.01 13:26:42.655,0.95015,0.9503,2.80,1.00
2010.10.01 13:26:43.396,0.95015,0.95035,3.00,1.00
2010.10.01 13:26:44.096,0.95015,0.95035,3.00,1.00
2010.10.01 13:26:45.657,0.95015,0.9504,3.00,1.00
2010.10.01 13:26:45.816,0.95015,0.95045,3.00,1.00
2010.10.01 13:26:46.498,0.95015,0.95045,3.00,1.00
2010.10.01 13:26:50.184,0.9502,0.95045,1.60,1.00
2010.10.01 13:26:50.636,0.9502,0.95045,1.60,1.00
2010.10.01 13:26:50.742,0.9502,0.9505,2.80,1.00
2010.10.01 13:26:51.426,0.9502,0.95055,2.80,1.80
2010.10.01 13:26:51.768,0.9502,0.9505,2.80,1.00
2010.10.01 13:26:54.346,0.9502,0.9505,2.80,1.00
2010.10.01 13:26:55.738,0.9502,0.95045,2.80,1.00
2010.10.01 13:26:56.046,0.95035,0.95055,1.00,1.00
2010.10.01 13:26:56.289,0.95035,0.9505,1.00,2.40
2010.10.01 13:26:56.887,0.95035,0.95055,1.00,1.00
2010.10.01 13:26:58.220,0.9503,0.95055,2.40,1.60
2010.10.01 13:26:58.483,0.9503,0.95055,1.00,1.00
2010.10.01 13:26:58.749,0.9503,0.9506,1.00,1.00
2010.10.01 13:26:59.437,0.95025,0.95055,1.00,1.00
2010.10.01 13:26:59.777,0.9502,0.95055,2.00,1.00
2010.10.01 13:27:00.117,0.9502,0.9505,1.00,2.40
2010.10.01 13:27:00.658,0.95015,0.9505,4.60,1.00
2010.10.01 13:27:00.901,0.95025,0.9506,1.00,4.10
2010.10.01 13:27:01.150,0.95025,0.9506,1.00,6.70
2010.10.01 13:27:02.155,0.95025,0.95055,1.00,1.00
2010.10.01 13:27:02.727,0.95025,0.95055,1.00,1.00
2010.10.01 13:27:02.958,0.95015,0.9505,1.00,1.00
2010.10.01 13:27:03.187,0.9502,0.9505,1.80,1.00
2010.10.01 13:27:03.820,0.9502,0.9505,1.00,2.60
2010.10.01 13:27:04.019,0.9502,0.9505,1.00,6.60
2010.10.01 13:27:04.216,0.9502,0.9505,1.00,6.70
2010.10.01 13:27:04.416,0.9502,0.95045,1.00,1.00
2010.10.01 13:27:04.956,0.9502,0.9505,1.00,6.70
2010.10.01 13:27:05.699,0.95005,0.9504,3.20,1.00
2010.10.01 13:27:06.025,0.95005,0.9504,1.60,1.00
2010.10.01 13:27:06.355,0.95005,0.9504,1.70,1.00
2010.10.01 13:27:06.965,0.95005,0.9504,1.70,1.00
2010.10.01 13:27:07.197,0.95015,0.95045,1.00,1.00
2010.10.01 13:27:08.125,0.95015,0.9505,1.00,1.00
2010.10.01 13:27:09.177,0.95015,0.95045,1.00,1.00
2010.10.01 13:27:09.476,0.95015,0.95045,1.00,1.00
2010.10.01 13:27:09.626,0.95015,0.9504,1.00,1.00
2010.10.01 13:27:09.775,0.9501,0.9504,1.60,1.00
2010.10.01 13:27:09.925,0.95005,0.9504,6.00,1.00
2010.10.01 13:27:11.845,0.95005,0.9504,6.00,1.00
2010.10.01 13:27:12.731,0.95005,0.9504,2.00,1.00
2010.10.01 13:27:14.996,0.95005,0.95035,2.60,1.00
2010.10.01 13:27:15.645,0.95005,0.95035,1.00,1.00
2010.10.01 13:27:15.907,0.9501,0.9504,1.00,4.00
2010.10.01 13:27:16.167,0.9501,0.95045,3.00,1.00
2010.10.01 13:27:16.506,0.9501,0.95045,4.60,1.00
2010.10.01 13:27:17.302,0.9501,0.9504,4.60,1.00
2010.10.01 13:27:17.475,0.9501,0.9504,3.00,1.00
2010.10.01 13:27:17.816,0.9501,0.95035,3.00,1.00
2010.10.01 13:27:17.986,0.9501,0.95035,3.00,1.00
2010.10.01 13:27:18.554,0.9501,0.95035,2.80,1.00
2010.10.01 13:27:18.895,0.9501,0.95045,2.60,1.90
2010.10.01 13:27:19.220,0.9501,0.95045,3.00,1.00
2010.10.01 13:27:19.830,0.9501,0.95045,4.60,1.00
2010.10.01 13:27:20.133,0.95005,0.9504,11.90,1.00
2010.10.01 13:27:20.427,0.95005,0.9504,11.90,1.00
2010.10.01 13:27:20.627,0.95005,0.9504,11.80,1.00
2010.10.01 13:27:23.230,0.95005,0.9504,11.90,1.00
2010.10.01 13:27:23.331,0.9501,0.9504,1.00,1.00
2010.10.01 13:27:23.971,0.9501,0.95045,1.00,1.00
2010.10.01 13:27:24.162,0.9501,0.9504,1.00,1.00
2010.10.01 13:27:24.349,0.9501,0.95045,1.00,1.90
2010.10.01 13:27:24.536,0.9501,0.95045,3.00,1.90
2010.10.01 13:27:24.725,0.9501,0.9504,3.00,1.00
2010.10.01 13:27:25.484,0.95005,0.9504,2.60,1.80
2010.10.01 13:27:25.817,0.95,0.95035,4.70,1.00
2010.10.01 13:27:26.445,0.95005,0.95035,1.00,1.00
2010.10.01 13:27:27.631,0.9502,0.9505,1.00,4.00
2010.10.01 13:27:27.736,0.9502,0.9505,1.00,1.00
2010.10.01 13:27:27.847,0.9502,0.95055,2.20,1.00
2010.10.01 13:27:27.955,0.9502,0.95055,6.20,1.00
2010.10.01 13:27:28.066,0.95025,0.95055,1.00,1.00
2010.10.01 13:27:29.130,0.95025,0.95055,1.00,1.00
2010.10.01 13:27:30.151,0.9502,0.9505,2.80,1.00
2010.10.01 13:27:30.430,0.95015,0.9505,1.00,3.00
2010.10.01 13:27:30.885,0.9501,0.9505,4.40,3.00
2010.10.01 13:27:31.570,0.9501,0.95045,5.80,1.00
2010.10.01 13:27:32.064,0.95015,0.95045,1.00,1.00
2010.10.01 13:27:32.407,0.95015,0.95045,1.00,1.00
2010.10.01 13:27:33.276,0.95015,0.9505,1.00,1.00
2010.10.01 13:27:33.628,0.95025,0.95055,1.00,4.20
2010.10.01 13:27:33.977,0.95025,0.9506,2.60,10.50
2010.10.01 13:27:34.490,0.9503,0.9506,1.00,8.30
2010.10.01 13:27:34.843,0.9503,0.95055,1.00,1.60
2010.10.01 13:27:35.544,0.9503,0.95055,1.00,1.60
2010.10.01 13:27:35.877,0.9502,0.95055,4.40,1.80
2010.10.01 13:27:36.217,0.9502,0.9505,4.40,1.00
2010.10.01 13:27:36.556,0.9502,0.9505,2.00,1.00
2010.10.01 13:27:37.492,0.95015,0.95045,2.00,1.00
2010.10.01 13:27:38.628,0.95015,0.95045,2.00,1.00
2010.10.01 13:27:38.787,0.95015,0.9504,2.00,1.00
2010.10.01 13:27:39.107,0.9501,0.9504,1.20,1.00
2010.10.01 13:27:39.551,0.9501,0.9504,1.00,1.00
2010.10.01 13:27:39.721,0.9501,0.9504,1.00,1.00
2010.10.01 13:27:40.069,0.9501,0.9504,1.00,1.00
2010.10.01 13:27:40.747,0.9501,0.9504,1.00,1.00
2010.10.01 13:27:41.417,0.9501,0.9504,1.00,1.00
2010.10.01 13:27:42.424,0.9501,0.9504,2.10,1.00
2010.10.01 13:27:43.291,0.9501,0.95035,2.10,1.00
2010.10.01 13:27:43.424,0.95005,0.95035,2.80,1.00
2010.10.01 13:27:43.548,0.95015,0.9504,1.00,2.40
2010.10.01 13:27:43.669,0.95015,0.9505,2.20,1.90
2010.10.01 13:27:43.789,0.95015,0.95045,2.00,1.00
2010.10.01 13:27:43.907,0.95015,0.9505,2.20,1.90
2010.10.01 13:27:44.657,0.95015,0.95045,3.80,1.00
2010.10.01 13:27:44.996,0.95015,0.95045,3.80,1.00
2010.10.01 13:27:45.917,0.95015,0.95045,3.90,1.00
2010.10.01 13:27:46.649,0.95015,0.95045,3.80,1.00
2010.10.01 13:27:47.552,0.95015,0.95045,3.90,1.00
2010.10.01 13:27:48.240,0.95015,0.9504,3.80,1.00
2010.10.01 13:27:52.437,0.95015,0.9504,2.20,1.00
2010.10.01 13:27:52.594,0.95015,0.9504,3.80,1.00
2010.10.01 13:27:52.895,0.95015,0.9504,2.20,1.00
2010.10.01 13:27:54.415,0.95015,0.9504,1.00,1.00
2010.10.01 13:27:55.749,0.95015,0.9505,2.20,1.00
2010.10.01 13:27:55.837,0.95015,0.9505,2.20,2.60
2010.10.01 13:27:56.286,0.95015,0.95045,2.20,1.00
2010.10.01 13:27:58.946,0.95015,0.9504,2.20,1.00
2010.10.01 13:27:59.315,0.95015,0.95045,2.30,1.00
2010.10.01 13:27:59.616,0.95015,0.9504,2.20,1.00
2010.10.01 13:28:01.401,0.95015,0.9504,1.00,1.00
2010.10.01 13:28:01.589,0.95015,0.9504,2.20,1.00
2010.10.01 13:28:03.425,0.95015,0.9504,1.00,1.00
2010.10.01 13:28:04.169,0.95015,0.95045,2.20,1.00
2010.10.01 13:28:04.356,0.95015,0.9505,2.20,1.00
2010.10.01 13:28:04.870,0.95015,0.95045,2.20,1.00
2010.10.01 13:28:05.395,0.95015,0.95045,2.30,1.00
2010.10.01 13:28:09.387,0.9502,0.9505,2.40,1.00
2010.10.01 13:28:10.077,0.9502,0.95055,6.20,1.00
2010.10.01 13:28:10.646,0.9502,0.9505,6.20,1.00
2010.10.01 13:28:11.687,0.9502,0.9505,6.20,1.00
2010.10.01 13:28:12.737,0.9502,0.95055,6.30,1.00
2010.10.01 13:28:13.442,0.9502,0.95055,4.50,1.00
2010.10.01 13:28:13.651,0.9502,0.9505,2.00,1.00
2010.10.01 13:28:15.779,0.9502,0.95055,2.00,1.00
2010.10.01 13:28:16.317,0.9502,0.95055,2.00,1.00
2010.10.01 13:28:16.446,0.9502,0.95055,2.00,1.00
2010.10.01 13:28:16.925,0.9502,0.95055,2.00,1.00
2010.10.01 13:28:17.266,0.9502,0.95055,2.00,1.00
2010.10.01 13:28:17.908,0.9502,0.9505,6.00,1.00
2010.10.01 13:28:19.070,0.9502,0.95055,2.00,1.00
2010.10.01 13:28:19.746,0.9502,0.95055,2.10,1.00
2010.10.01 13:28:20.530,0.9502,0.95055,2.00,1.00
2010.10.01 13:28:20.846,0.9502,0.95055,1.00,1.00
2010.10.01 13:28:21.916,0.9502,0.95055,4.40,1.00
2010.10.01 13:28:22.226,0.9502,0.95055,4.60,1.00
2010.10.01 13:28:22.537,0.9502,0.9506,8.70,1.00
2010.10.01 13:28:23.785,0.95025,0.95065,1.00,2.20
2010.10.01 13:28:25.017,0.9502,0.95055,4.40,1.00
2010.10.01 13:28:25.219,0.9502,0.95055,6.00,1.00
2010.10.01 13:28:26.082,0.9502,0.95055,4.40,1.00
2010.10.01 13:28:28.426,0.9502,0.95055,4.00,1.00
2010.10.01 13:28:29.685,0.9502,0.95055,4.00,1.00
2010.10.01 13:28:29.940,0.9502,0.95055,4.00,1.00
2010.10.01 13:28:30.500,0.9502,0.95055,6.60,1.00
2010.10.01 13:28:30.846,0.9502,0.9506,8.20,1.00
2010.10.01 13:28:31.187,0.9502,0.95055,8.20,1.00
2010.10.01 13:28:31.950,0.9502,0.95055,8.30,1.00
2010.10.01 13:28:32.627,0.95025,0.9506,1.00,1.00
2010.10.01 13:28:33.390,0.95025,0.9506,6.30,1.00
2010.10.01 13:28:33.718,0.9503,0.9506,4.00,1.00
2010.10.01 13:28:34.488,0.9503,0.95065,4.00,1.00
2010.10.01 13:28:36.013,0.9503,0.95065,4.20,1.00
2010.10.01 13:28:36.952,0.9503,0.9507,4.20,1.70
2010.10.01 13:28:37.740,0.9503,0.95065,4.20,1.00
2010.10.01 13:28:38.087,0.9503,0.95065,4.20,1.00
2010.10.01 13:28:38.508,0.9503,0.95065,4.20,1.00
2010.10.01 13:28:39.078,0.9503,0.9507,4.30,1.70
2010.10.01 13:28:40.047,0.95035,0.9507,1.60,1.00
2010.10.01 13:28:40.490,0.95035,0.9507,5.60,1.00
2010.10.01 13:28:43.636,0.95035,0.9507,5.80,1.00
2010.10.01 13:28:44.735,0.95035,0.9507,10.20,1.00
2010.10.01 13:28:44.898,0.95035,0.95075,10.30,1.00
2010.10.01 13:28:45.533,0.95045,0.9508,6.00,1.00
2010.10.01 13:28:46.020,0.95045,0.95085,10.20,1.00
2010.10.01 13:28:46.797,0.95045,0.95085,6.20,1.00
2010.10.01 13:28:47.098,0.95045,0.9508,10.20,1.00
2010.10.01 13:28:47.767,0.95045,0.95085,10.30,1.00
2010.10.01 13:28:48.365,0.95045,0.9509,10.20,1.00
2010.10.01 13:28:49.052,0.95045,0.9509,14.20,1.00
2010.10.01 13:28:49.393,0.9506,0.951,4.00,4.60
2010.10.01 13:28:50.106,0.95065,0.95105,6.00,1.60
2010.10.01 13:28:50.456,0.95065,0.95105,3.60,1.00
2010.10.01 13:28:50.803,0.95075,0.9511,1.60,4.40
2010.10.01 13:28:51.550,0.95075,0.95115,6.20,2.00
2010.10.01 13:28:51.894,0.9508,0.95115,1.00,1.70
2010.10.01 13:28:52.239,0.9508,0.95115,1.00,1.00
2010.10.01 13:28:52.847,0.9508,0.95115,1.00,1.00
2010.10.01 13:28:53.057,0.9508,0.95105,1.00,1.00
2010.10.01 13:28:53.269,0.95075,0.95115,1.80,9.90
2010.10.01 13:28:53.507,0.95075,0.9511,4.00,1.00
2010.10.01 13:28:54.602,0.95075,0.9511,4.00,2.20
2010.10.01 13:28:54.803,0.95065,0.9511,10.00,1.80
2010.10.01 13:28:54.998,0.95065,0.9511,10.10,1.90
2010.10.01 13:28:55.631,0.95065,0.9511,10.30,1.60
2010.10.01 13:28:55.978,0.9507,0.9511,1.00,1.60
2010.10.01 13:28:56.317,0.95075,0.9511,1.00,1.60
2010.10.01 13:28:57.064,0.9507,0.9511,1.00,1.60
2010.10.01 13:28:57.360,0.9507,0.9511,1.00,1.80
2010.10.01 13:28:57.646,0.95065,0.9511,8.30,1.90
2010.10.01 13:28:57.967,0.95075,0.95115,1.80,7.80
2010.10.01 13:28:58.396,0.95075,0.95115,6.20,6.00
2010.10.01 13:28:58.723,0.95075,0.9512,10.70,1.90
2010.10.01 13:28:59.046,0.95075,0.9512,10.10,1.90
2010.10.01 13:28:59.207,0.95075,0.95115,10.00,1.00
2010.10.01 13:29:00.086,0.9508,0.95115,1.00,1.00
2010.10.01 13:29:00.262,0.95075,0.9511,10.00,1.00
2010.10.01 13:29:01.278,0.95075,0.9511,10.00,1.00
2010.10.01 13:29:01.615,0.95075,0.9511,10.10,1.00
2010.10.01 13:29:02.296,0.95075,0.95115,10.00,1.00
2010.10.01 13:29:02.526,0.9508,0.95115,8.20,1.00
2010.10.01 13:29:03.058,0.95085,0.95115,2.00,1.00
2010.10.01 13:29:03.290,0.95085,0.9512,1.00,1.00
2010.10.01 13:29:03.516,0.95085,0.9512,8.40,1.00
2010.10.01 13:29:03.835,0.9509,0.9512,1.00,1.00
2010.10.01 13:29:04.158,0.9509,0.95115,1.00,1.00
2010.10.01 13:29:05.175,0.9509,0.9512,1.00,1.00
2010.10.01 13:29:05.276,0.95095,0.9512,1.00,1.00
2010.10.01 13:29:05.756,0.9509,0.9512,3.20,1.00
2010.10.01 13:29:05.955,0.95085,0.9512,10.30,2.50
2010.10.01 13:29:06.155,0.95085,0.9512,2.30,2.50
2010.10.01 13:29:06.905,0.95085,0.95115,2.20,1.00
2010.10.01 13:29:07.405,0.95085,0.9511,2.20,1.00
2010.10.01 13:29:07.975,0.95085,0.9511,2.20,1.00
2010.10.01 13:29:08.187,0.95085,0.95115,2.20,1.00
2010.10.01 13:29:08.804,0.95085,0.95115,1.00,1.00
2010.10.01 13:29:08.967,0.95085,0.9511,1.00,1.00
2010.10.01 13:29:09.703,0.95085,0.95115,1.00,1.00
2010.10.01 13:29:10.040,0.95085,0.95115,1.80,1.00
2010.10.01 13:29:10.706,0.95085,0.9511,1.80,1.00
2010.10.01 13:29:11.525,0.9509,0.95115,1.00,1.00
2010.10.01 13:29:20.542,0.9509,0.95115,1.00,1.00
2010.10.01 13:29:20.695,0.9508,0.95115,1.00,1.00
2010.10.01 13:29:21.428,0.9508,0.95115,4.20,1.00
2010.10.01 13:29:21.550,0.9508,0.95115,1.00,1.00
2010.10.01 13:29:22.655,0.9508,0.95115,4.20,1.00
2010.10.01 13:29:22.939,0.9508,0.95115,4.20,1.00
2010.10.01 13:29:24.208,0.9508,0.95115,1.00,1.00
2010.10.01 13:29:24.358,0.9508,0.95115,1.00,1.00
2010.10.01 13:29:24.508,0.9508,0.95115,1.00,1.00
2010.10.01 13:29:25.269,0.9508,0.95115,1.00,1.00
2010.10.01 13:29:27.237,0.95085,0.9512,1.80,1.00
2010.10.01 13:29:32.295,0.95085,0.95115,1.80,1.00
2010.10.01 13:29:33.188,0.95085,0.9512,1.80,1.00
2010.10.01 13:29:33.426,0.95085,0.95115,1.80,1.00
2010.10.01 13:29:33.538,0.95085,0.95115,2.20,1.00
2010.10.01 13:29:33.648,0.95085,0.95115,3.80,1.00
2010.10.01 13:29:34.371,0.95085,0.95125,12.30,1.00
2010.10.01 13:29:34.718,0.95085,0.9512,12.20,1.00
2010.10.01 13:29:34.975,0.95085,0.9512,12.30,1.00
2010.10.01 13:29:36.855,0.95085,0.9512,12.20,1.00
2010.10.01 13:29:37.215,0.9509,0.9512,1.00,1.00
2010.10.01 13:29:37.424,0.95085,0.9512,12.30,1.00
2010.10.01 13:29:38.713,0.9509,0.9512,1.00,1.00
2010.10.01 13:29:40.564,0.95085,0.95115,12.30,1.00
2010.10.01 13:29:42.145,0.9509,0.9512,1.00,1.00
2010.10.01 13:29:42.455,0.95085,0.95115,12.30,1.00
2010.10.01 13:29:42.814,0.95085,0.95115,8.30,1.00
2010.10.01 13:29:44.047,0.95085,0.95115,4.30,1.00
2010.10.01 13:29:44.296,0.9509,0.9512,1.00,1.00
2010.10.01 13:29:46.937,0.95085,0.95115,7.80,1.00
2010.10.01 13:29:47.069,0.95085,0.95115,5.80,1.00
2010.10.01 13:29:47.197,0.95085,0.9512,1.00,1.00
2010.10.01 13:29:47.458,0.95085,0.95115,1.00,1.00
2010.10.01 13:29:48.385,0.95085,0.95115,1.00,1.00
2010.10.01 13:29:49.355,0.95085,0.95115,1.00,1.00
2010.10.01 13:29:50.656,0.9508,0.95115,4.40,1.00
2010.10.01 13:29:50.876,0.95085,0.95115,1.00,1.00
2010.10.01 13:29:51.795,0.95085,0.9512,1.00,1.00
2010.10.01 13:29:52.664,0.95085,0.95115,1.00,1.00
2010.10.01 13:29:53.685,0.9508,0.9511,1.00,1.60
2010.10.01 13:29:54.026,0.9508,0.9511,1.00,1.80
2010.10.01 13:29:55.100,0.9507,0.9511,6.70,1.90
2010.10.01 13:29:55.329,0.95075,0.9511,1.00,1.80
2010.10.01 13:29:55.786,0.95075,0.95105,1.00,1.00
2010.10.01 13:29:56.301,0.95075,0.95115,1.80,1.80
2010.10.01 13:29:56.660,0.95075,0.9511,3.90,1.00
2010.10.01 13:29:56.998,0.9508,0.95115,1.00,1.00
2010.10.01 13:29:57.307,0.95075,0.95115,3.80,1.00
2010.10.01 13:29:57.618,0.9508,0.95115,2.60,1.00
2010.10.01 13:29:58.755,0.9508,0.95115,2.70,1.00
2010.10.01 13:30:01.211,0.9508,0.95115,2.50,1.00
2010.10.01 13:30:01.393,0.9507,0.95105,2.50,1.00
2010.10.01 13:30:01.569,0.95075,0.9511,1.00,1.70
2010.10.01 13:30:02.210,0.95075,0.9511,1.00,1.00
2010.10.01 13:30:03.517,0.95075,0.9511,1.00,1.00
2010.10.01 13:30:05.566,0.95075,0.95105,1.00,1.00
2010.10.01 13:30:05.930,0.95075,0.9511,1.00,1.00
2010.10.01 13:30:06.108,0.9507,0.9511,5.60,1.00
2010.10.01 13:30:06.719,0.9507,0.95115,8.00,1.00
2010.10.01 13:30:07.046,0.9507,0.9511,8.00,1.00
2010.10.01 13:30:07.376,0.9507,0.95105,8.10,1.00
2010.10.01 13:30:08.100,0.95065,0.951,9.70,1.00
2010.10.01 13:30:08.421,0.95065,0.95105,1.00,1.90
2010.10.01 13:30:08.730,0.9507,0.95105,1.00,1.00
2010.10.01 13:30:08.948,0.95075,0.95105,1.00,1.00
2010.10.01 13:30:09.168,0.9507,0.9511,1.00,4.20
2010.10.01 13:30:09.637,0.95075,0.9511,1.00,1.90
2010.10.01 13:30:09.806,0.95075,0.9511,1.00,1.00
2010.10.01 13:30:13.946,0.95075,0.9511,1.80,1.00
2010.10.01 13:30:14.842,0.95075,0.9511,2.20,1.00
2010.10.01 13:30:14.979,0.95075,0.9511,2.20,1.00
2010.10.01 13:30:15.318,0.95075,0.95115,2.30,1.00
2010.10.01 13:30:16.077,0.95075,0.95115,2.20,1.00
2010.10.01 13:30:16.299,0.95075,0.95115,10.20,1.00
2010.10.01 13:30:16.725,0.9508,0.95115,1.00,1.00
2010.10.01 13:30:17.213,0.9508,0.9511,1.00,1.00
2010.10.01 13:30:17.563,0.9508,0.9512,4.60,1.00
2010.10.01 13:30:18.294,0.9508,0.9512,11.00,1.00
2010.10.01 13:30:18.622,0.95085,0.95125,2.00,1.00
2010.10.01 13:30:18.948,0.95085,0.95125,6.00,1.00
2010.10.01 13:30:19.662,0.95085,0.95125,6.00,1.00
2010.10.01 13:30:20.226,0.95085,0.95125,2.10,1.00
2010.10.01 13:30:20.908,0.95085,0.95125,6.10,1.00
2010.10.01 13:30:21.254,0.95085,0.95125,1.60,4.10
2010.10.01 13:30:21.587,0.95085,0.9512,1.60,1.00
2010.10.01 13:30:22.418,0.95085,0.9512,1.70,1.00
2010.10.01 13:30:22.746,0.9508,0.9512,6.30,1.00
2010.10.01 13:30:23.506,0.95085,0.95115,1.60,1.00
2010.10.01 13:30:23.846,0.9508,0.95115,10.20,1.00
2010.10.01 13:30:24.663,0.95085,0.9511,1.60,1.00
2010.10.01 13:30:25.022,0.95085,0.95115,1.60,1.00
2010.10.01 13:30:26.406,0.9508,0.9511,4.40,1.00
2010.10.01 13:30:26.737,0.95075,0.9511,11.00,1.00
2010.10.01 13:30:27.476,0.95075,0.9511,10.20,1.00
2010.10.01 13:30:31.286,0.9508,0.95115,1.00,1.00
2010.10.01 13:30:31.938,0.9508,0.9511,2.60,1.00
2010.10.01 13:30:32.197,0.9509,0.9512,1.00,1.00
2010.10.01 13:30:32.947,0.9509,0.9512,1.00,1.00
2010.10.01 13:30:33.294,0.9509,0.95125,2.00,1.00
2010.10.01 13:30:34.034,0.9509,0.95125,4.60,1.00
2010.10.01 13:30:34.374,0.95095,0.95125,1.60,1.00
2010.10.01 13:30:35.108,0.95095,0.9512,1.60,1.00
2010.10.01 13:30:35.463,0.95095,0.9512,1.60,1.00
2010.10.01 13:30:36.484,0.95095,0.95125,1.80,1.00
2010.10.01 13:30:36.832,0.95095,0.95125,1.80,1.00
2010.10.01 13:30:37.177,0.95095,0.95125,1.80,1.00
2010.10.01 13:30:37.939,0.9509,0.95125,2.30,1.00
2010.10.01 13:30:38.275,0.9509,0.95125,2.20,1.00
2010.10.01 13:30:38.556,0.9509,0.9512,2.20,1.00
2010.10.01 13:30:39.515,0.9509,0.9512,1.00,1.00
2010.10.01 13:30:39.975,0.9509,0.95115,2.20,1.00
2010.10.01 13:30:41.295,0.9509,0.9512,2.20,1.00
2010.10.01 13:30:41.505,0.9509,0.95115,2.20,1.00
2010.10.01 13:30:42.076,0.9509,0.95115,2.20,1.00
2010.10.01 13:30:42.709,0.9509,0.9512,1.00,1.00
2010.10.01 13:30:43.877,0.9509,0.9512,2.20,1.00
2010.10.01 13:30:44.216,0.9509,0.95115,1.00,1.00
2010.10.01 13:30:44.556,0.9509,0.95115,1.00,1.00
2010.10.01 13:30:45.326,0.95095,0.95125,1.00,1.00
2010.10.01 13:30:48.385,0.95095,0.95125,1.00,1.00
2010.10.01 13:30:48.731,0.95105,0.95135,1.80,1.00
2010.10.01 13:30:49.078,0.9511,0.95135,2.60,1.00
2010.10.01 13:30:49.817,0.95105,0.95135,1.80,1.00
2010.10.01 13:30:50.643,0.95105,0.95135,1.60,1.00
2010.10.01 13:30:51.001,0.951,0.9513,1.60,1.00
2010.10.01 13:30:51.240,0.95095,0.9513,5.20,1.00
2010.10.01 13:30:51.930,0.95095,0.95135,8.40,1.00
2010.10.01 13:30:52.169,0.95095,0.9513,8.50,1.00
2010.10.01 13:30:53.218,0.95095,0.9513,1.00,1.00
2010.10.01 13:30:53.497,0.95095,0.95125,1.00,1.00
2010.10.01 13:30:54.888,0.951,0.95125,2.40,1.00
2010.10.01 13:30:55.118,0.95095,0.95125,8.40,1.00
2010.10.01 13:30:55.346,0.95095,0.9513,4.40,1.00
2010.10.01 13:30:55.535,0.95095,0.9513,1.00,1.00
2010.10.01 13:30:56.408,0.95095,0.95125,1.00,1.00
2010.10.01 13:30:56.896,0.95095,0.9513,1.00,1.00
2010.10.01 13:30:57.807,0.951,0.9513,2.40,1.00
2010.10.01 13:30:58.099,0.951,0.9513,2.40,1.80
2010.10.01 13:30:58.502,0.95095,0.9513,1.00,1.80
2010.10.01 13:30:58.802,0.951,0.9513,2.40,1.00
2010.10.01 13:31:00.439,0.95095,0.95125,2.20,1.00
2010.10.01 13:31:00.719,0.95095,0.95125,2.20,1.00
2010.10.01 13:31:01.160,0.95095,0.95125,1.80,1.00
2010.10.01 13:31:01.480,0.95095,0.95125,3.80,1.00
2010.10.01 13:31:01.798,0.95095,0.95125,1.00,1.00
2010.10.01 13:31:02.119,0.95095,0.9513,6.20,1.00
2010.10.01 13:31:02.862,0.951,0.95125,1.60,1.00
2010.10.01 13:31:03.148,0.951,0.95125,1.60,1.00
2010.10.01 13:31:03.437,0.95095,0.95125,10.00,1.00
2010.10.01 13:31:04.554,0.95095,0.9512,9.60,1.00
2010.10.01 13:31:04.768,0.95095,0.9512,1.80,2.40
2010.10.01 13:31:04.987,0.95095,0.9512,2.00,1.00
2010.10.01 13:31:05.207,0.95095,0.9512,1.00,1.00
2010.10.01 13:31:05.842,0.95095,0.9512,2.20,1.00
2010.10.01 13:31:06.861,0.95095,0.9512,10.20,1.00
2010.10.01 13:31:11.118,0.95105,0.9513,1.00,1.00
2010.10.01 13:31:11.317,0.95105,0.9513,1.00,1.00
2010.10.01 13:31:11.517,0.95105,0.9513,1.00,1.00
2010.10.01 13:31:12.449,0.951,0.95125,1.00,1.00
2010.10.01 13:31:12.937,0.95095,0.95125,8.60,1.00
2010.10.01 13:31:13.107,0.95095,0.95125,8.00,1.00
2010.10.01 13:31:13.555,0.95095,0.95125,4.00,1.00
2010.10.01 13:31:13.913,0.95095,0.9513,1.00,1.00
2010.10.01 13:31:14.247,0.95095,0.95125,1.00,1.00
2010.10.01 13:31:15.650,0.951,0.95125,1.00,1.00
2010.10.01 13:31:17.801,0.951,0.95125,1.00,1.00
2010.10.01 13:31:18.843,0.951,0.95125,1.80,1.00
2010.10.01 13:31:19.190,0.95105,0.9513,1.00,1.00
2010.10.01 13:31:20.314,0.951,0.9513,1.00,1.00
2010.10.01 13:31:20.634,0.95105,0.95135,1.00,1.00
2010.10.01 13:31:21.358,0.951,0.95135,5.80,1.00
2010.10.01 13:31:21.696,0.951,0.95135,4.20,1.00
2010.10.01 13:31:22.377,0.951,0.95135,1.00,1.00
2010.10.01 13:31:23.986,0.951,0.9513,1.00,1.00
2010.10.01 13:31:24.937,0.95095,0.9513,3.80,1.00
2010.10.01 13:31:25.777,0.95095,0.95125,3.20,1.00
2010.10.01 13:31:26.216,0.95095,0.95125,1.60,1.00
2010.10.01 13:31:26.667,0.95095,0.9512,1.60,1.00
2010.10.01 13:31:26.890,0.9509,0.95125,1.60,2.20
2010.10.01 13:31:27.510,0.95095,0.9512,1.00,1.00
2010.10.01 13:31:27.731,0.95085,0.9512,10.20,1.00
2010.10.01 13:31:27.997,0.95085,0.9512,10.30,1.00
2010.10.01 13:31:28.951,0.95085,0.9512,10.20,1.00
2010.10.01 13:31:29.300,0.9509,0.9512,5.60,1.00
2010.10.01 13:31:30.027,0.95085,0.9511,4.00,1.00
2010.10.01 13:31:30.370,0.95075,0.9511,1.60,1.00
2010.10.01 13:31:31.170,0.95075,0.9511,1.60,1.00
2010.10.01 13:31:31.505,0.95075,0.95105,1.60,1.00
2010.10.01 13:31:32.320,0.95075,0.9511,1.60,1.00
2010.10.01 13:31:32.657,0.95075,0.9511,1.60,1.00
2010.10.01 13:31:32.996,0.95075,0.9511,1.60,1.00
2010.10.01 13:31:33.736,0.95075,0.95105,1.60,1.00
2010.10.01 13:31:34.077,0.9507,0.95105,8.60,1.00
2010.10.01 13:31:35.505,0.95075,0.95105,1.00,1.00
2010.10.01 13:31:35.696,0.9507,0.95105,7.00,1.00
2010.10.01 13:31:35.887,0.95075,0.95105,1.80,1.00
2010.10.01 13:31:37.019,0.95075,0.95105,1.80,1.00
2010.10.01 13:31:37.357,0.95075,0.95105,1.80,1.00
2010.10.01 13:31:38.757,0.9508,0.9511,1.00,1.00
2010.10.01 13:31:38.940,0.9508,0.9511,1.00,1.00
2010.10.01 13:31:39.130,0.9508,0.95115,2.00,1.00
2010.10.01 13:31:39.880,0.95085,0.95115,1.60,1.00
2010.10.01 13:31:40.217,0.95085,0.95115,1.80,1.00
2010.10.01 13:31:40.895,0.95085,0.95115,1.80,1.00
2010.10.01 13:31:41.591,0.95085,0.9512,2.30,1.00
2010.10.01 13:31:41.851,0.95085,0.95115,2.20,1.00
2010.10.01 13:31:44.666,0.95085,0.95115,2.20,1.00
2010.10.01 13:31:45.014,0.951,0.95125,1.00,1.00
2010.10.01 13:31:45.780,0.95085,0.95125,8.00,1.60
2010.10.01 13:31:46.129,0.95085,0.95125,9.80,1.00
2010.10.01 13:31:46.574,0.95085,0.95125,5.80,1.00
2010.10.01 13:31:46.957,0.95085,0.95115,1.80,1.00
2010.10.01 13:31:47.303,0.95095,0.9512,1.00,1.00
2010.10.01 13:31:48.054,0.951,0.95125,1.00,1.00
2010.10.01 13:31:48.399,0.9509,0.95125,7.20,1.00
2010.10.01 13:31:48.741,0.95085,0.9512,11.80,1.00
2010.10.01 13:31:49.193,0.95085,0.95115,7.80,1.00
2010.10.01 13:31:49.543,0.95085,0.95115,3.40,1.00
2010.10.01 13:31:49.889,0.95085,0.95115,1.60,1.00
2010.10.01 13:31:50.630,0.951,0.9512,1.00,1.00
2010.10.01 13:31:50.982,0.951,0.95125,1.00,1.00
2010.10.01 13:31:51.591,0.951,0.95125,1.00,1.00
2010.10.01 13:31:51.827,0.951,0.9512,1.00,1.00
2010.10.01 13:31:52.817,0.951,0.9513,1.00,1.60
2010.10.01 13:31:53.147,0.95105,0.95125,1.00,1.00
2010.10.01 13:31:53.432,0.95105,0.9512,1.00,1.00
2010.10.01 13:31:54.088,0.951,0.9512,1.00,1.00
2010.10.01 13:31:55.108,0.951,0.9512,1.00,1.00
2010.10.01 13:31:55.838,0.9509,0.9512,1.00,1.00
2010.10.01 13:31:56.715,0.9509,0.95115,1.00,1.00
2010.10.01 13:31:57.864,0.951,0.95115,1.00,1.00
2010.10.01 13:31:57.992,0.95095,0.9512,1.00,1.00
2010.10.01 13:31:58.835,0.95095,0.95115,1.00,1.00
2010.10.01 13:32:00.786,0.95095,0.95115,1.80,1.00
2010.10.01 13:32:01.017,0.95095,0.9512,1.80,1.00
2010.10.01 13:32:01.648,0.95095,0.95125,2.20,1.00
2010.10.01 13:32:01.927,0.95095,0.95125,6.20,1.00
2010.10.01 13:32:02.206,0.95095,0.95125,2.30,1.00
2010.10.01 13:32:02.682,0.95095,0.95125,6.30,1.00
2010.10.01 13:32:03.030,0.95095,0.9512,2.20,1.00
2010.10.01 13:32:03.708,0.95095,0.95125,2.30,1.00
2010.10.01 13:32:04.302,0.95095,0.9512,2.20,1.00
2010.10.01 13:32:04.575,0.95095,0.95125,2.30,1.00
2010.10.01 13:32:06.186,0.9511,0.9514,1.00,1.00
2010.10.01 13:32:06.724,0.95115,0.95145,1.00,1.00
2010.10.01 13:32:06.884,0.9511,0.95145,8.60,1.00
2010.10.01 13:32:07.466,0.9511,0.95145,1.80,1.00
2010.10.01 13:32:07.812,0.9511,0.9514,1.00,1.00
2010.10.01 13:32:09.228,0.9511,0.95135,1.00,1.00
2010.10.01 13:32:10.051,0.9511,0.95135,1.00,1.00
2010.10.01 13:32:10.400,0.951,0.95135,4.60,1.00
2010.10.01 13:32:10.750,0.951,0.9513,4.60,1.00
2010.10.01 13:32:11.512,0.951,0.95125,2.20,1.00
2010.10.01 13:32:11.849,0.951,0.9513,1.60,1.00
2010.10.01 13:32:12.471,0.95095,0.9513,4.60,1.00
2010.10.01 13:32:12.788,0.95095,0.9513,3.90,1.00
2010.10.01 13:32:13.107,0.9509,0.9512,7.20,1.00
2010.10.01 13:32:13.679,0.95085,0.9512,7.80,1.00
2010.10.01 13:32:13.879,0.95085,0.95115,6.20,1.00
2010.10.01 13:32:14.216,0.95085,0.9512,2.20,2.40
2010.10.01 13:32:14.997,0.95085,0.9511,2.20,1.00
2010.10.01 13:32:15.336,0.95085,0.9511,3.80,1.00
2010.10.01 13:32:15.680,0.95085,0.95115,3.80,1.00
2010.10.01 13:32:16.140,0.95085,0.95115,7.80,1.00
2010.10.01 13:32:16.426,0.95085,0.9511,7.80,1.00
2010.10.01 13:32:17.296,0.95085,0.95115,7.80,1.00
2010.10.01 13:32:18.467,0.95085,0.9511,7.80,1.00
2010.10.01 13:32:18.915,0.95085,0.9511,3.80,1.00
2010.10.01 13:32:21.775,0.95085,0.95105,3.80,1.00
2010.10.01 13:32:22.788,0.95085,0.9511,3.80,1.00
2010.10.01 13:32:23.057,0.95085,0.9511,3.80,1.00
2010.10.01 13:32:23.326,0.9509,0.9511,1.00,1.00
2010.10.01 13:32:23.596,0.9509,0.95105,1.00,1.00
2010.10.01 13:32:24.346,0.95085,0.9511,1.80,1.00
2010.10.01 13:32:25.006,0.95085,0.95105,1.80,1.00
2010.10.01 13:32:25.768,0.95085,0.9511,1.80,1.00
2010.10.01 13:32:26.998,0.9508,0.9511,1.60,2.50
2010.10.01 13:32:27.246,0.9508,0.9511,1.60,1.00
2010.10.01 13:32:27.988,0.9508,0.9511,1.60,1.00
2010.10.01 13:32:28.327,0.95075,0.9511,11.80,1.00
2010.10.01 13:32:28.667,0.9508,0.9511,1.60,1.00
2010.10.01 13:32:29.358,0.9508,0.95115,8.50,1.00
2010.10.01 13:32:29.639,0.9509,0.9512,2.40,1.60
2010.10.01 13:32:30.457,0.95085,0.9512,1.80,1.00
2010.10.01 13:32:31.620,0.95085,0.95115,1.80,1.00
2010.10.01 13:32:31.921,0.95095,0.95115,1.60,1.00
2010.10.01 13:32:33.000,0.9509,0.95115,4.00,1.00
2010.10.01 13:32:33.336,0.95085,0.95115,9.80,1.00
2010.10.01 13:32:33.546,0.95085,0.95115,1.80,1.00
2010.10.01 13:32:37.527,0.95085,0.95115,2.20,1.00
2010.10.01 13:32:38.911,0.95085,0.9511,1.00,1.00
2010.10.01 13:32:39.395,0.95085,0.95115,1.00,1.00
2010.10.01 13:32:40.108,0.95085,0.95115,1.00,1.00
2010.10.01 13:32:41.106,0.95085,0.95115,1.00,1.00
2010.10.01 13:32:41.746,0.95085,0.95115,1.00,1.00
2010.10.01 13:32:43.736,0.95085,0.95115,2.20,1.00
2010.10.01 13:32:44.997,0.95085,0.95115,2.20,1.00
2010.10.01 13:32:46.275,0.95085,0.95115,6.20,1.00
2010.10.01 13:32:46.578,0.95085,0.9512,6.20,1.00
2010.10.01 13:32:47.204,0.9511,0.9512,1.00,1.00
2010.10.01 13:32:47.773,0.9511,0.95135,1.60,1.00
2010.10.01 13:32:48.478,0.9511,0.95135,5.60,1.00
2010.10.01 13:32:49.157,0.9511,0.95135,1.60,1.00
2010.10.01 13:32:49.898,0.95105,0.95135,9.60,1.00
2010.10.01 13:32:50.204,0.95095,0.9513,9.80,1.00
2010.10.01 13:32:51.150,0.95095,0.95135,9.80,1.00
2010.10.01 13:32:51.428,0.95095,0.9513,9.90,1.00
2010.10.01 13:32:52.672,0.95095,0.9513,9.60,1.00
2010.10.01 13:32:53.009,0.95095,0.9513,9.80,1.00
2010.10.01 13:32:55.211,0.95095,0.95125,9.80,1.00
2010.10.01 13:32:55.514,0.95095,0.9512,9.60,1.00
2010.10.01 13:32:55.794,0.9509,0.9512,1.60,1.00
2010.10.01 13:32:56.451,0.9508,0.95115,5.60,1.00
2010.10.01 13:32:56.733,0.95075,0.9511,10.20,1.00
2010.10.01 13:32:57.079,0.95075,0.9511,10.30,1.00
2010.10.01 13:32:58.155,0.95075,0.9511,11.90,1.00
2010.10.01 13:32:58.335,0.95075,0.9511,10.30,1.00
2010.10.01 13:32:58.515,0.9508,0.9511,1.60,1.00
2010.10.01 13:32:58.697,0.9508,0.9511,1.80,1.00
2010.10.01 13:32:58.888,0.95085,0.9511,4.20,1.00
2010.10.01 13:33:00.036,0.95085,0.9511,5.60,1.00
2010.10.01 13:33:00.377,0.95085,0.9511,4.00,1.00
2010.10.01 13:33:01.138,0.95075,0.9511,6.30,1.00
2010.10.01 13:33:01.935,0.95075,0.95105,1.00,1.00
2010.10.01 13:33:02.188,0.9507,0.95105,12.20,1.00
2010.10.01 13:33:02.781,0.9507,0.95105,8.30,1.00
2010.10.01 13:33:03.031,0.9507,0.951,2.60,1.00
2010.10.01 13:33:04.467,0.9507,0.951,2.40,1.00
2010.10.01 13:33:05.998,0.9507,0.951,2.40,1.00
2010.10.01 13:33:06.261,0.95075,0.95105,1.60,1.00
2010.10.01 13:33:06.517,0.95075,0.95105,1.60,1.00
2010.10.01 13:33:07.259,0.95065,0.95105,9.80,1.00
2010.10.01 13:33:07.596,0.9507,0.95105,4.00,1.00
2010.10.01 13:33:07.937,0.9507,0.95105,4.20,1.00
2010.10.01 13:33:08.397,0.9507,0.9511,4.20,1.90
2010.10.01 13:33:08.733,0.9507,0.95105,6.60,1.00
2010.10.01 13:33:09.070,0.9507,0.95105,2.60,1.00
2010.10.01 13:33:09.813,0.9507,0.951,8.20,1.00
2010.10.01 13:33:10.157,0.9507,0.951,6.60,1.00
2010.10.01 13:33:10.487,0.9507,0.951,2.60,1.00
2010.10.01 13:33:11.250,0.9507,0.95105,2.60,1.00
2010.10.01 13:33:11.517,0.9507,0.95105,2.60,1.00
2010.10.01 13:33:11.788,0.9507,0.95105,2.60,1.00
2010.10.01 13:33:12.058,0.9507,0.95105,4.00,1.00
2010.10.01 13:33:12.476,0.9507,0.95105,1.60,1.00
2010.10.01 13:33:12.691,0.95065,0.95105,9.80,1.00
2010.10.01 13:33:13.119,0.95065,0.951,9.90,1.00
2010.10.01 13:33:14.601,0.95065,0.95105,9.90,1.00
2010.10.01 13:33:15.056,0.9507,0.95105,1.80,1.00
2010.10.01 13:33:15.638,0.9507,0.95105,4.30,1.00
2010.10.01 13:33:15.977,0.95075,0.95105,1.60,1.00
2010.10.01 13:33:17.396,0.95075,0.95105,1.60,1.00
2010.10.01 13:33:17.707,0.95065,0.951,6.20,1.00
2010.10.01 13:33:18.142,0.9507,0.951,1.80,1.00
2010.10.01 13:33:18.472,0.95075,0.95105,1.60,1.00
2010.10.01 13:33:19.118,0.9507,0.95105,4.60,1.00
2010.10.01 13:33:20.353,0.95075,0.95105,2.00,1.00
2010.10.01 13:33:20.628,0.9508,0.95115,1.00,1.00
2010.10.01 13:33:20.797,0.9508,0.95115,2.60,1.00
2010.10.01 13:33:21.550,0.9508,0.95115,4.20,1.00
2010.10.01 13:33:22.227,0.9508,0.95115,2.60,1.00
2010.10.01 13:33:23.498,0.9508,0.95115,2.40,1.00
2010.10.01 13:33:23.729,0.95075,0.9511,2.20,1.00
2010.10.01 13:33:24.598,0.95075,0.9511,2.20,1.00
2010.10.01 13:33:24.937,0.95075,0.95115,2.20,1.00
2010.10.01 13:33:25.275,0.95075,0.9511,2.20,1.00
2010.10.01 13:33:26.317,0.95075,0.95105,2.20,1.00
2010.10.01 13:33:26.658,0.95075,0.95105,2.00,1.00
2010.10.01 13:33:27.195,0.95075,0.9511,2.00,1.00
2010.10.01 13:33:28.038,0.95075,0.95105,1.00,1.00
2010.10.01 13:33:28.408,0.95075,0.95105,1.00,1.00
2010.10.01 13:33:29.170,0.9507,0.951,3.00,1.00
2010.10.01 13:33:34.963,0.9508,0.95115,3.00,1.00
2010.10.01 13:33:35.066,0.9508,0.95115,5.40,1.00
2010.10.01 13:33:35.720,0.9508,0.9511,5.40,1.00
2010.10.01 13:33:35.817,0.9508,0.95115,2.40,1.00
2010.10.01 13:33:36.610,0.95075,0.9511,1.00,1.00
2010.10.01 13:33:36.951,0.9508,0.95115,1.00,1.00
2010.10.01 13:33:37.608,0.9508,0.95115,1.00,1.00
2010.10.01 13:33:38.086,0.9508,0.9511,1.00,1.00
2010.10.01 13:33:39.366,0.9508,0.9511,1.00,1.00
2010.10.01 13:33:39.496,0.9508,0.9511,3.00,1.00
2010.10.01 13:33:39.626,0.9508,0.95115,3.00,1.00
2010.10.01 13:33:39.757,0.9508,0.95115,3.00,1.00
2010.10.01 13:33:39.886,0.9508,0.95115,7.00,1.00
2010.10.01 13:33:40.016,0.9508,0.95115,11.00,1.00
2010.10.01 13:33:40.820,0.95085,0.95115,4.00,1.00
2010.10.01 13:33:41.156,0.95085,0.95115,8.00,1.00
2010.10.01 13:33:42.327,0.95085,0.95105,8.00,1.00
2010.10.01 13:33:43.311,0.9508,0.95105,8.00,1.00
2010.10.01 13:33:43.649,0.9508,0.951,4.00,1.00
2010.10.01 13:33:44.110,0.9508,0.95105,4.00,1.00
2010.10.01 13:33:44.466,0.95075,0.951,8.40,1.00
2010.10.01 13:33:45.207,0.95075,0.951,4.40,1.00
2010.10.01 13:33:45.997,0.95075,0.95105,4.40,1.00
2010.10.01 13:33:46.178,0.95075,0.951,4.40,1.00
2010.10.01 13:33:46.936,0.95075,0.95105,4.40,1.00
2010.10.01 13:33:47.239,0.95075,0.95105,1.00,1.00
2010.10.01 13:33:49.438,0.95075,0.95105,1.00,1.00
2010.10.01 13:33:49.558,0.9507,0.951,3.00,1.00
2010.10.01 13:33:49.986,0.9507,0.95105,3.00,1.00
2010.10.01 13:33:50.306,0.9507,0.95105,3.10,1.00
2010.10.01 13:33:52.153,0.9507,0.95105,4.70,1.00
2010.10.01 13:33:53.025,0.9507,0.95105,3.10,1.00
2010.10.01 13:33:53.695,0.9507,0.95105,4.70,1.00
2010.10.01 13:33:54.494,0.9507,0.95105,3.10,1.00
2010.10.01 13:33:55.716,0.9507,0.95105,4.70,1.00
2010.10.01 13:33:55.837,0.95075,0.95105,1.00,1.00
2010.10.01 13:33:58.461,0.95085,0.95105,1.00,1.00
2010.10.01 13:33:59.035,0.95085,0.9511,1.00,1.00
2010.10.01 13:34:00.672,0.95085,0.9511,1.00,1.00
2010.10.01 13:34:00.968,0.9508,0.95105,2.40,1.00
2010.10.01 13:34:01.266,0.9507,0.95105,2.20,1.00
2010.10.01 13:34:01.989,0.9507,0.951,2.20,1.00
2010.10.01 13:34:02.546,0.9507,0.95105,2.20,1.00
2010.10.01 13:34:03.604,0.9507,0.951,2.20,1.00
2010.10.01 13:34:04.957,0.9507,0.95095,2.20,1.00
2010.10.01 13:34:05.490,0.9507,0.95095,2.00,1.00
2010.10.01 13:34:05.721,0.95065,0.95095,2.20,1.00
2010.10.01 13:34:08.077,0.95065,0.95095,1.00,1.00
2010.10.01 13:34:08.423,0.95065,0.9509,1.00,1.00
2010.10.01 13:34:08.775,0.95065,0.95095,1.00,1.00
2010.10.01 13:34:09.506,0.9507,0.951,2.60,1.00
2010.10.01 13:34:09.849,0.95065,0.951,2.20,1.00
2010.10.01 13:34:10.187,0.95065,0.95095,2.20,1.00
2010.10.01 13:34:13.830,0.95065,0.951,2.20,1.00
2010.10.01 13:34:14.017,0.95065,0.95095,2.20,1.00
2010.10.01 13:34:14.987,0.95065,0.951,2.20,1.00
2010.10.01 13:34:15.330,0.95065,0.951,2.30,1.00
2010.10.01 13:34:16.422,0.95065,0.951,2.20,1.00
2010.10.01 13:34:17.507,0.95065,0.951,1.00,1.80
2010.10.01 13:34:18.317,0.9506,0.951,4.80,1.60
2010.10.01 13:34:18.664,0.95045,0.9509,2.20,12.00
2010.10.01 13:34:19.093,0.95045,0.9509,2.20,4.00
2010.10.01 13:34:19.449,0.95055,0.95085,1.60,1.00
2010.10.01 13:34:19.787,0.95055,0.9508,1.60,1.00
2010.10.01 13:34:20.562,0.95055,0.9508,1.60,1.00
2010.10.01 13:34:21.708,0.95055,0.95085,1.60,1.00
2010.10.01 13:34:22.053,0.9505,0.9508,1.00,1.00
2010.10.01 13:34:22.788,0.95055,0.9508,1.80,1.00
2010.10.01 13:34:23.129,0.95055,0.95085,1.80,1.00
2010.10.01 13:34:24.253,0.95055,0.9509,1.80,2.40
2010.10.01 13:34:24.569,0.9506,0.95095,1.00,1.70
2010.10.01 13:34:25.896,0.9506,0.95095,4.20,1.00
2010.10.01 13:34:27.476,0.9506,0.95095,4.30,1.00
2010.10.01 13:34:28.046,0.9506,0.95095,4.20,1.00
2010.10.01 13:34:28.389,0.9506,0.95095,4.30,1.00
2010.10.01 13:34:29.068,0.95065,0.95095,1.60,1.00
2010.10.01 13:34:30.567,0.9506,0.95095,8.30,1.00
2010.10.01 13:34:32.731,0.9506,0.95095,8.00,1.00
2010.10.01 13:34:32.947,0.9506,0.95095,5.60,1.00
2010.10.01 13:34:33.159,0.9506,0.95095,8.00,1.00
2010.10.01 13:34:33.948,0.95055,0.95095,12.20,1.00
2010.10.01 13:34:34.148,0.95055,0.9509,9.60,2.40
2010.10.01 13:34:34.346,0.95055,0.9509,9.60,2.40
2010.10.01 13:34:34.962,0.95055,0.9509,1.60,2.40
2010.10.01 13:34:35.316,0.95055,0.9509,1.60,1.00
2010.10.01 13:34:36.566,0.95055,0.95085,1.60,1.00
2010.10.01 13:34:36.925,0.9505,0.95085,1.00,1.00
2010.10.01 13:34:37.518,0.9505,0.95085,2.80,1.00
2010.10.01 13:34:37.686,0.9505,0.9508,2.80,1.00
2010.10.01 13:34:37.855,0.9505,0.9508,4.40,1.00
2010.10.01 13:34:39.083,0.95065,0.95095,1.00,8.00
2010.10.01 13:34:39.503,0.95065,0.95095,1.00,4.00
2010.10.01 13:34:39.809,0.95065,0.95095,1.80,1.00
2010.10.01 13:34:40.102,0.95065,0.95105,1.80,1.00
2010.10.01 13:34:40.535,0.9507,0.95105,1.60,1.00
2010.10.01 13:34:40.881,0.9507,0.951,1.60,1.00
2010.10.01 13:34:41.640,0.9507,0.95105,1.60,1.00
2010.10.01 13:34:42.319,0.95065,0.95105,1.60,1.00
2010.10.01 13:34:42.660,0.95065,0.951,1.60,1.00
2010.10.01 13:34:43.583,0.9506,0.95095,4.60,1.00
2010.10.01 13:34:44.416,0.9506,0.95095,4.60,1.00
2010.10.01 13:34:45.346,0.9506,0.95095,3.00,1.00
2010.10.01 13:34:45.826,0.9506,0.95095,4.60,1.00
2010.10.01 13:34:46.599,0.95065,0.951,1.00,1.00
2010.10.01 13:34:48.218,0.95065,0.951,1.00,1.00
2010.10.01 13:34:52.681,0.95065,0.95095,1.00,1.00
2010.10.01 13:34:53.273,0.9507,0.95105,2.60,1.70
2010.10.01 13:34:55.810,0.95065,0.951,1.80,1.00
2010.10.01 13:34:56.069,0.95065,0.951,1.60,1.00
2010.10.01 13:34:56.326,0.9506,0.951,4.60,1.80
2010.10.01 13:34:57.043,0.9506,0.95095,4.60,1.00
2010.10.01 13:34:57.589,0.9506,0.95095,2.40,1.90
2010.10.01 13:34:57.867,0.95055,0.95095,1.00,1.90
2010.10.01 13:34:58.559,0.9505,0.95085,1.00,1.00
2010.10.01 13:34:58.837,0.95045,0.95085,2.20,1.00
2010.10.01 13:34:59.596,0.95045,0.95085,2.20,1.00
2010.10.01 13:34:59.906,0.95045,0.95085,2.20,1.00
2010.10.01 13:35:01.076,0.9505,0.95085,1.60,1.00
2010.10.01 13:35:01.206,0.9505,0.95085,1.60,1.00
2010.10.01 13:35:01.337,0.95055,0.95085,1.60,1.00
2010.10.01 13:35:01.773,0.95055,0.9509,1.60,1.00
2010.10.01 13:35:01.914,0.95055,0.9509,1.80,1.00
2010.10.01 13:35:02.046,0.95055,0.95095,1.80,1.00
2010.10.01 13:35:03.067,0.95055,0.95095,1.80,1.00
2010.10.01 13:35:03.504,0.95055,0.95095,1.00,1.00
2010.10.01 13:35:03.614,0.9505,0.95085,8.80,1.00
2010.10.01 13:35:03.720,0.95055,0.9508,1.00,1.60
2010.10.01 13:35:03.816,0.95055,0.9508,1.00,1.60
2010.10.01 13:35:03.917,0.95055,0.9509,1.00,1.00
2010.10.01 13:35:04.435,0.95055,0.9509,1.00,1.00
2010.10.01 13:35:04.746,0.95045,0.95085,2.60,1.00
2010.10.01 13:35:05.449,0.95045,0.95085,1.80,1.00
2010.10.01 13:35:05.789,0.95045,0.9508,1.80,1.00
2010.10.01 13:35:06.469,0.95055,0.95085,1.00,1.00
2010.10.01 13:35:08.066,0.95055,0.95085,1.00,1.00
2010.10.01 13:35:08.631,0.95055,0.95085,1.00,1.00
2010.10.01 13:35:09.087,0.95045,0.9508,4.20,1.00
2010.10.01 13:35:09.553,0.95045,0.9508,2.60,1.00
2010.10.01 13:35:09.902,0.95045,0.9508,1.80,1.00
2010.10.01 13:35:10.907,0.95045,0.95075,1.80,1.00
2010.10.01 13:35:11.639,0.95045,0.95075,1.00,1.00
2010.10.01 13:35:11.826,0.95045,0.9508,1.80,1.00
2010.10.01 13:35:12.679,0.95055,0.95085,1.80,1.00
2010.10.01 13:35:13.930,0.9506,0.9509,2.40,1.00
2010.10.01 13:35:14.258,0.95055,0.9509,1.00,1.60
2010.10.01 13:35:14.588,0.95055,0.95095,1.80,10.30
2010.10.01 13:35:14.986,0.95055,0.95095,1.80,6.30
2010.10.01 13:35:15.298,0.95055,0.95095,1.80,2.30
2010.10.01 13:35:15.608,0.95055,0.9509,1.80,1.00
2010.10.01 13:35:17.100,0.9505,0.95085,3.00,1.00
2010.10.01 13:35:17.567,0.9505,0.95085,1.00,1.00
2010.10.01 13:35:18.250,0.9505,0.95085,1.00,1.00
2010.10.01 13:35:19.177,0.9505,0.9508,1.00,1.00
2010.10.01 13:35:19.598,0.9505,0.9508,1.00,1.00
2010.10.01 13:35:19.780,0.9505,0.95085,3.00,1.00
2010.10.01 13:35:20.177,0.95055,0.95085,1.00,1.00
2010.10.01 13:35:20.713,0.95055,0.9509,1.80,1.00
2010.10.01 13:35:21.068,0.95055,0.9509,1.00,1.60
2010.10.01 13:35:21.412,0.9506,0.95095,3.00,3.20
2010.10.01 13:35:21.944,0.9506,0.95095,2.80,3.40
2010.10.01 13:35:22.273,0.9506,0.9509,2.80,1.00
2010.10.01 13:35:23.868,0.9506,0.95095,3.40,1.60
2010.10.01 13:35:24.077,0.9506,0.95095,2.80,1.80
2010.10.01 13:35:25.279,0.9506,0.9509,2.80,1.00
2010.10.01 13:35:27.115,0.9506,0.95095,2.90,1.90
2010.10.01 13:35:28.588,0.9506,0.95095,1.00,1.80
2010.10.01 13:35:28.902,0.95055,0.9509,1.80,2.20
2010.10.01 13:35:29.219,0.95055,0.9509,1.00,1.00
2010.10.01 13:35:29.653,0.95055,0.9509,1.00,2.20
2010.10.01 13:35:29.870,0.95055,0.9509,1.00,1.00
2010.10.01 13:35:31.008,0.95055,0.95085,1.00,1.00
2010.10.01 13:35:31.687,0.95055,0.95085,1.00,1.00
2010.10.01 13:35:31.866,0.95055,0.9508,1.00,1.00
2010.10.01 13:35:32.476,0.95055,0.95085,1.00,1.00
2010.10.01 13:35:33.447,0.9506,0.9509,2.60,1.00
2010.10.01 13:35:35.668,0.9506,0.95095,2.60,1.00
2010.10.01 13:35:35.827,0.95065,0.95095,1.00,1.00
2010.10.01 13:35:36.567,0.9506,0.95095,2.60,1.00
2010.10.01 13:35:37.377,0.95065,0.95095,1.00,1.00
2010.10.01 13:35:37.552,0.95065,0.951,1.00,5.60
2010.10.01 13:35:38.042,0.95065,0.951,1.80,4.00
2010.10.01 13:35:38.141,0.9507,0.95105,1.00,1.00
2010.10.01 13:35:38.217,0.9507,0.95105,2.60,1.00
2010.10.01 13:35:39.007,0.9507,0.951,2.60,1.00
2010.10.01 13:35:40.436,0.9507,0.95095,2.60,1.00
2010.10.01 13:35:40.776,0.9507,0.951,2.60,1.00
2010.10.01 13:35:42.125,0.9507,0.95095,2.60,1.00
2010.10.01 13:35:42.975,0.9507,0.951,2.60,1.00
2010.10.01 13:35:44.075,0.9507,0.951,2.60,1.00
2010.10.01 13:35:44.285,0.9507,0.95095,2.60,1.00
2010.10.01 13:35:44.969,0.9507,0.951,2.60,1.00
2010.10.01 13:35:47.675,0.9507,0.951,2.40,1.00
2010.10.01 13:35:49.040,0.9507,0.95095,2.40,1.00
2010.10.01 13:35:50.451,0.9507,0.951,2.40,1.00
2010.10.01 13:35:50.708,0.9508,0.951,2.40,1.00
2010.10.01 13:35:51.181,0.9508,0.95105,2.40,1.60
2010.10.01 13:35:51.650,0.9508,0.9511,2.40,1.00
2010.10.01 13:35:51.988,0.95075,0.9511,1.00,2.20
2010.10.01 13:35:52.700,0.9507,0.951,8.00,1.60
2010.10.01 13:35:53.038,0.9507,0.95105,2.40,2.20
2010.10.01 13:35:53.380,0.95075,0.95105,1.00,1.60
2010.10.01 13:35:54.786,0.9507,0.951,1.00,1.00
2010.10.01 13:35:55.441,0.9507,0.95105,2.60,1.60
2010.10.01 13:35:55.788,0.95065,0.951,2.20,1.00
2010.10.01 13:35:56.395,0.9507,0.95105,2.40,1.80
2010.10.01 13:35:56.746,0.9507,0.951,2.40,1.00
2010.10.01 13:35:58.172,0.95065,0.951,1.00,1.00
2010.10.01 13:35:58.397,0.95065,0.95095,1.00,1.00
2010.10.01 13:35:59.977,0.95065,0.95095,1.00,1.00
2010.10.01 13:36:00.276,0.95065,0.9509,1.00,1.00
2010.10.01 13:36:00.998,0.95065,0.95095,1.00,1.60
2010.10.01 13:36:01.376,0.95065,0.9509,1.00,1.00
2010.10.01 13:36:02.121,0.95065,0.9509,1.00,1.00
2010.10.01 13:36:03.219,0.9506,0.9509,4.40,1.00
2010.10.01 13:36:03.466,0.95055,0.95085,1.00,1.00
2010.10.01 13:36:03.976,0.95055,0.95085,1.00,1.00
2010.10.01 13:36:04.209,0.95055,0.9508,1.00,1.00
2010.10.01 13:36:05.966,0.95055,0.95085,1.00,1.00
2010.10.01 13:36:06.954,0.9505,0.9508,2.80,1.00
2010.10.01 13:36:07.278,0.95055,0.95075,1.00,1.00
2010.10.01 13:36:08.590,0.95055,0.9508,1.00,1.00
2010.10.01 13:36:09.648,0.95055,0.9508,1.00,1.00
2010.10.01 13:36:11.329,0.95055,0.9508,1.00,1.00
2010.10.01 13:36:11.551,0.95055,0.95075,1.00,1.00
2010.10.01 13:36:12.550,0.95055,0.95075,1.00,1.00
2010.10.01 13:36:14.157,0.95055,0.9508,1.00,1.00
2010.10.01 13:36:14.438,0.95055,0.95075,1.00,1.00
2010.10.01 13:36:15.174,0.95055,0.9508,1.00,1.00
2010.10.01 13:36:15.458,0.9505,0.95075,2.40,1.00
2010.10.01 13:36:15.750,0.95045,0.95075,2.60,1.00
2010.10.01 13:36:16.457,0.9505,0.95075,2.40,1.00
2010.10.01 13:36:17.587,0.95045,0.95075,2.60,1.00
2010.10.01 13:36:18.266,0.95045,0.9507,2.60,1.00
2010.10.01 13:36:22.530,0.95045,0.95075,2.60,1.00
2010.10.01 13:36:23.780,0.95035,0.9507,1.00,1.00
2010.10.01 13:36:24.687,0.95035,0.9507,1.80,1.00
2010.10.01 13:36:25.027,0.95035,0.95065,2.20,1.00
2010.10.01 13:36:25.958,0.95035,0.9507,1.00,1.00
2010.10.01 13:36:26.169,0.9503,0.9507,10.20,1.00
2010.10.01 13:36:26.416,0.9503,0.9507,8.60,1.80
2010.10.01 13:36:27.273,0.9503,0.95065,4.60,1.00
2010.10.01 13:36:27.827,0.9503,0.9506,2.40,1.80
2010.10.01 13:36:28.561,0.95025,0.9506,1.60,2.20
2010.10.01 13:36:28.855,0.9502,0.95055,2.60,1.60
2010.10.01 13:36:29.525,0.9502,0.95055,2.60,1.60
2010.10.01 13:36:29.891,0.9502,0.95055,10.60,1.60
2010.10.01 13:36:30.180,0.9503,0.95055,2.40,1.60
2010.10.01 13:36:31.119,0.9503,0.9506,2.40,1.70
2010.10.01 13:36:32.498,0.9503,0.9506,2.40,1.00
2010.10.01 13:36:34.296,0.9503,0.95055,2.40,1.00
2010.10.01 13:36:35.029,0.95035,0.9506,1.00,1.00
2010.10.01 13:36:35.287,0.95035,0.95065,1.00,1.00
2010.10.01 13:36:36.014,0.95035,0.9506,1.00,1.00
2010.10.01 13:36:36.359,0.95035,0.9506,2.20,1.00
2010.10.01 13:36:37.403,0.95035,0.95065,1.00,1.00
2010.10.01 13:36:37.648,0.95035,0.95065,1.00,1.00
2010.10.01 13:36:38.550,0.9503,0.95065,2.80,1.80
2010.10.01 13:36:38.890,0.9503,0.9506,2.80,1.00
2010.10.01 13:36:39.229,0.9503,0.95055,2.80,1.00
2010.10.01 13:36:39.350,0.9503,0.9506,2.80,1.00
2010.10.01 13:36:40.160,0.9503,0.95065,2.80,1.80
2010.10.01 13:36:40.617,0.9503,0.9506,2.80,1.70
2010.10.01 13:36:41.222,0.9503,0.95055,2.80,1.00
2010.10.01 13:36:41.360,0.9503,0.9506,2.80,1.70
2010.10.01 13:36:41.685,0.9503,0.9506,2.80,1.60
2010.10.01 13:36:41.816,0.9503,0.9506,2.80,1.00
2010.10.01 13:36:43.016,0.9503,0.95055,2.80,1.00
2010.10.01 13:36:43.297,0.9503,0.9506,2.40,1.00
2010.10.01 13:36:43.987,0.95035,0.95055,1.00,1.00
2010.10.01 13:36:45.317,0.95035,0.9506,1.00,1.00
2010.10.01 13:36:45.656,0.95035,0.9506,1.00,1.00
2010.10.01 13:36:46.181,0.95035,0.9506,1.00,1.00
2010.10.01 13:36:46.519,0.95035,0.9506,1.00,1.00
2010.10.01 13:36:46.858,0.95035,0.9506,1.00,1.00
2010.10.01 13:36:47.088,0.95025,0.9506,5.00,1.00
2010.10.01 13:36:47.529,0.95025,0.9506,4.60,1.00
2010.10.01 13:36:47.770,0.95025,0.95055,1.00,1.00
2010.10.01 13:36:48.512,0.95025,0.95055,1.00,1.60
2010.10.01 13:36:48.872,0.95015,0.9505,1.00,1.00
2010.10.01 13:36:49.950,0.95015,0.9505,1.00,1.60
2010.10.01 13:36:50.287,0.95015,0.9505,1.00,1.60
2010.10.01 13:36:51.097,0.95015,0.95045,1.00,1.00
2010.10.01 13:36:51.438,0.9502,0.9505,1.00,1.00
2010.10.01 13:36:52.211,0.9502,0.9505,2.40,1.00
2010.10.01 13:36:52.496,0.9502,0.95045,2.40,1.00
2010.10.01 13:36:53.265,0.95025,0.95045,1.00,1.00
2010.10.01 13:36:53.834,0.9502,0.95055,13.00,1.00
2010.10.01 13:36:54.285,0.9502,0.9506,12.60,1.00
2010.10.01 13:36:54.647,0.9503,0.95065,2.40,1.90
2010.10.01 13:36:55.364,0.95025,0.9506,1.00,1.80
2010.10.01 13:36:55.718,0.95025,0.9506,1.00,1.80
2010.10.01 13:36:56.058,0.95025,0.9506,1.00,1.80
2010.10.01 13:36:56.684,0.95025,0.9506,1.00,1.80
2010.10.01 13:36:56.942,0.95025,0.9506,1.00,3.20
2010.10.01 13:36:57.200,0.95025,0.95055,1.00,1.60
2010.10.01 13:36:57.448,0.95025,0.95055,1.00,1.60
2010.10.01 13:36:58.109,0.9502,0.9506,3.80,1.90
2010.10.01 13:36:58.390,0.9503,0.9506,2.40,9.70
2010.10.01 13:36:58.667,0.9503,0.9506,2.40,1.60
2010.10.01 13:36:59.433,0.95035,0.95065,1.00,1.70
2010.10.01 13:36:59.761,0.95035,0.9506,1.00,1.00
2010.10.01 13:37:02.516,0.95035,0.95065,1.00,1.60
2010.10.01 13:37:02.838,0.95035,0.9506,1.00,1.00
2010.10.01 13:37:03.564,0.95035,0.9506,1.00,1.00
2010.10.01 13:37:03.838,0.9503,0.9506,1.60,1.00
2010.10.01 13:37:04.636,0.95025,0.9506,1.00,1.00
2010.10.01 13:37:04.980,0.95025,0.9506,1.00,2.30
2010.10.01 13:37:05.768,0.95025,0.9506,1.00,2.20
2010.10.01 13:37:06.110,0.9502,0.95055,4.40,1.00
2010.10.01 13:37:07.167,0.9502,0.9505,4.40,1.00
2010.10.01 13:37:07.438,0.95015,0.95045,3.20,1.00
2010.10.01 13:37:07.708,0.9502,0.9505,2.80,1.00
2010.10.01 13:37:08.221,0.9502,0.9505,1.00,1.00
2010.10.01 13:37:09.586,0.9502,0.9505,2.80,1.00
2010.10.01 13:37:10.460,0.9502,0.9505,2.80,1.00
2010.10.01 13:37:10.708,0.9502,0.9505,1.00,1.00
2010.10.01 13:37:11.448,0.9502,0.9505,1.00,1.00
2010.10.01 13:37:11.786,0.9502,0.95045,1.00,1.00
2010.10.01 13:37:12.016,0.9502,0.9505,1.00,1.00
2010.10.01 13:37:12.690,0.9502,0.95045,1.00,1.00
2010.10.01 13:37:12.966,0.9502,0.9505,1.00,1.00
2010.10.01 13:37:13.526,0.9502,0.95045,1.00,1.00
2010.10.01 13:37:15.136,0.9502,0.9505,1.00,1.00
2010.10.01 13:37:15.306,0.9502,0.95045,1.00,1.00
2010.10.01 13:37:16.006,0.95015,0.95045,3.20,1.00
2010.10.01 13:37:16.246,0.95015,0.95045,2.20,1.00
2010.10.01 13:37:17.321,0.95015,0.9505,2.20,1.00
2010.10.01 13:37:17.588,0.95015,0.95045,2.20,1.00
2010.10.01 13:37:17.860,0.95015,0.9504,1.60,1.00
2010.10.01 13:37:18.847,0.9501,0.9504,1.60,1.00
2010.10.01 13:37:19.146,0.9501,0.95035,1.60,1.00
2010.10.01 13:37:19.446,0.95005,0.9504,1.60,1.00
2010.10.01 13:37:20.114,0.9501,0.95035,1.60,1.00
2010.10.01 13:37:20.461,0.95,0.9504,10.20,1.00
2010.10.01 13:37:20.809,0.95,0.95035,6.20,1.00
2010.10.01 13:37:21.699,0.94995,0.9503,10.20,1.00
2010.10.01 13:37:21.977,0.94995,0.9503,2.20,1.00
2010.10.01 13:37:22.256,0.94995,0.95035,2.20,1.00
2010.10.01 13:37:23.130,0.94995,0.9503,2.20,1.00
2010.10.01 13:37:25.016,0.94995,0.95025,2.30,1.00
2010.10.01 13:37:25.175,0.94995,0.9503,2.30,1.00
2010.10.01 13:37:25.605,0.94995,0.95025,2.20,1.00
2010.10.01 13:37:25.936,0.95,0.95025,1.60,1.00
2010.10.01 13:37:26.095,0.94995,0.9503,2.20,1.00
2010.10.01 13:37:28.836,0.94995,0.9503,1.00,1.00
2010.10.01 13:37:29.017,0.94995,0.9503,2.20,1.00
2010.10.01 13:37:29.610,0.94995,0.95035,2.20,1.00
2010.10.01 13:37:29.947,0.94995,0.9503,2.30,1.00
2010.10.01 13:37:34.137,0.94995,0.9503,1.00,1.00
2010.10.01 13:37:34.458,0.94995,0.95025,1.00,1.00
2010.10.01 13:37:34.916,0.94995,0.95025,1.00,1.00
2010.10.01 13:37:37.401,0.94995,0.9503,1.00,1.00
2010.10.01 13:37:39.326,0.94995,0.95025,1.00,1.00
2010.10.01 13:37:40.931,0.94995,0.9503,1.00,1.00
2010.10.01 13:37:41.226,0.94995,0.95025,1.00,1.00
2010.10.01 13:37:44.902,0.94995,0.9503,1.00,1.00
2010.10.01 13:37:47.137,0.94995,0.95025,1.00,1.00
2010.10.01 13:37:47.635,0.94995,0.9503,1.00,1.00
2010.10.01 13:37:48.347,0.94995,0.9503,1.00,1.00
2010.10.01 13:37:49.603,0.94995,0.9503,1.00,1.00
2010.10.01 13:37:49.965,0.9499,0.95025,8.60,1.00
2010.10.01 13:37:50.298,0.9499,0.9503,8.70,1.00
2010.10.01 13:37:50.638,0.9499,0.95025,8.70,1.00
2010.10.01 13:37:51.656,0.94995,0.95025,1.00,1.00
2010.10.01 13:37:51.825,0.9499,0.95025,8.60,1.00
2010.10.01 13:37:52.155,0.9499,0.95025,4.60,1.00
2010.10.01 13:37:55.226,0.9499,0.9503,4.70,1.00
2010.10.01 13:37:55.487,0.9499,0.95025,12.60,1.00
2010.10.01 13:37:56.199,0.94995,0.95025,1.00,1.00
2010.10.01 13:37:57.325,0.9499,0.9503,9.60,1.00
2010.10.01 13:37:57.667,0.9499,0.95025,9.50,1.00
2010.10.01 13:37:58.391,0.95,0.95025,2.40,1.00
2010.10.01 13:37:58.669,0.95015,0.9504,1.00,1.00
2010.10.01 13:37:58.948,0.95015,0.95045,1.00,1.00
2010.10.01 13:37:59.227,0.95015,0.95045,1.00,1.00
2010.10.01 13:38:00.223,0.95015,0.9504,1.00,1.00
2010.10.01 13:38:00.766,0.95015,0.95045,1.00,1.00
2010.10.01 13:38:02.917,0.9501,0.95045,4.00,1.00
2010.10.01 13:38:03.077,0.9501,0.9504,2.40,1.00
2010.10.01 13:38:05.217,0.9501,0.95045,2.50,1.00
2010.10.01 13:38:05.843,0.95005,0.9504,1.80,1.00
2010.10.01 13:38:06.048,0.9501,0.9504,1.00,1.00
2010.10.01 13:38:06.508,0.9501,0.9504,2.60,1.00
2010.10.01 13:38:08.117,0.9501,0.9504,2.70,1.00
2010.10.01 13:38:09.668,0.9501,0.95035,2.60,1.00
2010.10.01 13:38:09.816,0.9501,0.95035,2.60,1.00
2010.10.01 13:38:10.384,0.9501,0.9504,2.60,1.00
2010.10.01 13:38:10.738,0.9501,0.95045,2.70,1.00
2010.10.01 13:38:11.077,0.9501,0.9504,2.60,1.00
2010.10.01 13:38:12.125,0.9501,0.9504,2.70,1.00
2010.10.01 13:38:15.506,0.9501,0.95035,2.60,1.00
2010.10.01 13:38:16.011,0.9501,0.9504,2.60,1.00
2010.10.01 13:38:16.096,0.9501,0.95035,2.60,1.00
2010.10.01 13:38:16.741,0.9501,0.95035,1.00,1.00
2010.10.01 13:38:17.091,0.9501,0.9504,2.70,1.00
2010.10.01 13:38:23.288,0.9501,0.95045,2.60,1.00
2010.10.01 13:38:23.790,0.9501,0.9504,2.60,1.00
2010.10.01 13:38:24.133,0.95005,0.9504,3.90,1.00
2010.10.01 13:38:24.681,0.95005,0.95035,3.20,1.00
2010.10.01 13:38:25.035,0.9501,0.9504,3.00,1.00
2010.10.01 13:38:26.127,0.9501,0.9504,3.00,1.00
2010.10.01 13:38:27.159,0.95025,0.95045,1.00,1.00
2010.10.01 13:38:27.389,0.95025,0.9505,1.00,1.00
2010.10.01 13:38:28.008,0.95025,0.95045,1.00,1.00
2010.10.01 13:38:28.352,0.95025,0.9505,1.00,1.00
2010.10.01 13:38:29.761,0.95025,0.9505,1.00,1.00
2010.10.01 13:38:30.109,0.95015,0.95045,8.20,1.00
2010.10.01 13:38:30.777,0.95015,0.95045,2.60,1.00
2010.10.01 13:38:31.047,0.9502,0.9505,2.60,1.00
2010.10.01 13:38:32.827,0.9502,0.95045,2.60,1.00
2010.10.01 13:38:33.617,0.9502,0.9505,2.60,1.00
2010.10.01 13:38:35.827,0.95015,0.95045,2.60,1.00
2010.10.01 13:38:36.608,0.95015,0.95045,1.00,1.00
2010.10.01 13:38:40.571,0.95015,0.9505,1.00,1.80
2010.10.01 13:38:40.908,0.95035,0.95055,1.00,1.00
2010.10.01 13:38:42.032,0.9503,0.95055,1.00,1.00
2010.10.01 13:38:42.385,0.95015,0.9505,4.20,1.00
2010.10.01 13:38:42.729,0.95015,0.9505,2.70,1.00
2010.10.01 13:38:43.570,0.95015,0.9505,4.30,1.00
2010.10.01 13:38:43.798,0.9502,0.9505,1.80,1.00
2010.10.01 13:38:44.137,0.9502,0.9505,4.20,1.00
2010.10.01 13:38:44.867,0.9502,0.9506,4.20,1.00
2010.10.01 13:38:45.098,0.9504,0.95065,1.00,1.00
2010.10.01 13:38:45.329,0.95035,0.95065,5.00,1.00
2010.10.01 13:38:45.948,0.9504,0.95065,2.60,1.00
2010.10.01 13:38:46.286,0.9504,0.95065,2.60,1.00
2010.10.01 13:38:46.627,0.95035,0.95065,10.60,1.00
2010.10.01 13:38:47.039,0.95035,0.95065,10.00,1.00
2010.10.01 13:38:47.268,0.9503,0.9506,2.60,1.00
2010.10.01 13:38:49.378,0.95045,0.95075,1.00,4.00
2010.10.01 13:38:49.718,0.95045,0.95075,1.00,1.00
2010.10.01 13:38:50.316,0.95045,0.9507,1.00,1.00
2010.10.01 13:38:50.516,0.95045,0.9507,1.00,1.00
2010.10.01 13:38:51.332,0.95045,0.9507,1.00,1.00
2010.10.01 13:38:51.680,0.95045,0.9507,1.00,1.00
2010.10.01 13:38:53.308,0.95045,0.95075,1.00,1.00
2010.10.01 13:38:53.506,0.95045,0.95075,1.00,1.00
2010.10.01 13:38:54.048,0.95045,0.95075,1.00,1.80
2010.10.01 13:38:54.299,0.9504,0.9507,2.90,1.00
2010.10.01 13:38:54.779,0.9504,0.95075,1.00,1.00
2010.10.01 13:38:55.551,0.9504,0.95075,4.40,1.00
2010.10.01 13:38:55.898,0.9504,0.95075,2.90,1.00
2010.10.01 13:38:57.760,0.9504,0.9507,2.80,1.00
2010.10.01 13:38:58.058,0.9504,0.95075,2.80,1.00
2010.10.01 13:38:58.909,0.9504,0.9507,1.00,1.00
2010.10.01 13:38:59.246,0.9504,0.9507,2.80,1.00
2010.10.01 13:38:59.586,0.9504,0.9507,2.90,1.00
2010.10.01 13:39:00.274,0.9504,0.9507,2.40,1.00
2010.10.01 13:39:01.030,0.9504,0.9507,2.40,1.00
2010.10.01 13:39:01.731,0.9504,0.95075,2.40,1.00
2010.10.01 13:39:02.078,0.9504,0.9507,2.40,1.00
2010.10.01 13:39:02.879,0.9504,0.9507,2.40,1.00
2010.10.01 13:39:04.069,0.9504,0.95075,2.40,1.00
2010.10.01 13:39:04.299,0.9504,0.9507,2.40,1.00
2010.10.01 13:39:04.526,0.9504,0.9507,2.40,1.00
2010.10.01 13:39:05.286,0.95045,0.95075,1.00,1.00
2010.10.01 13:39:06.031,0.9504,0.95075,2.50,1.00
2010.10.01 13:39:07.164,0.9504,0.95075,2.40,1.80
2010.10.01 13:39:07.399,0.9504,0.95075,2.50,1.80
2010.10.01 13:39:08.039,0.9504,0.95075,2.40,1.00
2010.10.01 13:39:08.267,0.9504,0.9507,2.40,1.00
2010.10.01 13:39:08.889,0.9504,0.95075,2.40,1.00
2010.10.01 13:39:09.806,0.9504,0.9507,2.40,1.00
2010.10.01 13:39:11.717,0.9504,0.95075,2.40,1.00
2010.10.01 13:39:12.006,0.9504,0.9507,2.40,1.00
2010.10.01 13:39:12.948,0.9504,0.9507,2.40,1.00
2010.10.01 13:39:14.456,0.9504,0.95075,2.40,1.00
2010.10.01 13:39:14.710,0.9504,0.9507,2.40,1.00
2010.10.01 13:39:15.705,0.9504,0.95065,2.40,1.00
2010.10.01 13:39:15.986,0.95035,0.9507,1.00,2.30
2010.10.01 13:39:17.070,0.95035,0.95065,1.00,1.00
2010.10.01 13:39:20.322,0.95025,0.9506,13.00,1.00
2010.10.01 13:39:20.552,0.95035,0.95065,1.00,1.00
2010.10.01 13:39:21.180,0.9504,0.9507,2.40,5.60
2010.10.01 13:39:21.401,0.9504,0.95075,2.40,1.80
2010.10.01 13:39:21.755,0.9504,0.95075,2.50,1.90
2010.10.01 13:39:22.508,0.9504,0.95075,2.40,1.80
2010.10.01 13:39:22.823,0.9504,0.9507,2.40,1.00
2010.10.01 13:39:23.429,0.9504,0.95075,2.50,1.00
2010.10.01 13:39:24.189,0.9504,0.9507,2.80,1.00
2010.10.01 13:39:24.458,0.9504,0.95075,2.80,1.00
2010.10.01 13:39:25.480,0.9504,0.9507,2.90,1.00
2010.10.01 13:39:25.799,0.95045,0.9507,1.00,1.00
2010.10.01 13:39:32.493,0.9504,0.9507,4.40,1.00
2010.10.01 13:39:33.191,0.9504,0.9507,2.80,1.00
2010.10.01 13:39:33.477,0.9504,0.95065,2.80,1.00
2010.10.01 13:39:34.850,0.9504,0.95065,2.80,1.00
2010.10.01 13:39:35.920,0.9503,0.9506,3.00,1.00
2010.10.01 13:39:36.970,0.95025,0.9505,9.00,1.00
2010.10.01 13:39:37.268,0.95025,0.95055,2.60,1.00
2010.10.01 13:39:37.722,0.95025,0.95055,2.00,1.00
2010.10.01 13:39:38.072,0.95025,0.95055,1.00,1.00
2010.10.01 13:39:38.422,0.95025,0.9505,1.00,1.00
2010.10.01 13:39:39.081,0.95025,0.9505,1.00,1.00
2010.10.01 13:39:39.375,0.95025,0.9505,1.00,1.00
2010.10.01 13:39:39.723,0.95025,0.9505,1.60,1.00
2010.10.01 13:39:40.469,0.95025,0.9505,2.20,1.00
2010.10.01 13:39:41.591,0.95025,0.9506,1.00,1.00
2010.10.01 13:39:42.639,0.95025,0.95055,1.00,1.00
2010.10.01 13:39:43.268,0.95035,0.9506,1.00,1.00
2010.10.01 13:39:44.020,0.95035,0.9506,2.20,1.00
2010.10.01 13:39:46.061,0.95035,0.9507,4.20,2.40
2010.10.01 13:39:46.647,0.95035,0.95065,2.00,1.00
2010.10.01 13:39:46.804,0.9503,0.95065,8.60,1.00
2010.10.01 13:39:47.535,0.95035,0.95065,1.00,1.00
2010.10.01 13:39:47.889,0.95035,0.9507,1.00,2.20
2010.10.01 13:39:48.229,0.9503,0.95065,3.00,1.00
2010.10.01 13:39:48.999,0.9503,0.95065,7.10,1.00
2010.10.01 13:39:50.100,0.9503,0.95065,8.70,1.00
2010.10.01 13:39:50.404,0.9503,0.9506,7.00,1.00
2010.10.01 13:39:50.698,0.9503,0.9506,7.00,1.00
2010.10.01 13:39:51.386,0.9503,0.9506,3.00,1.00
2010.10.01 13:39:51.726,0.9503,0.9506,3.00,1.00
2010.10.01 13:39:52.554,0.9503,0.95065,4.60,1.00
2010.10.01 13:39:52.868,0.9503,0.9506,8.60,1.00
2010.10.01 13:39:53.187,0.9503,0.9506,7.00,1.00
2010.10.01 13:39:54.284,0.9503,0.9506,3.00,1.00
2010.10.01 13:39:54.388,0.9503,0.9506,8.60,1.00
2010.10.01 13:39:54.486,0.9503,0.9506,4.60,1.00
2010.10.01 13:39:55.969,0.95035,0.95065,2.60,1.00
2010.10.01 13:39:56.493,0.9504,0.9507,1.00,1.00
2010.10.01 13:39:57.519,0.9504,0.95065,1.00,1.00
2010.10.01 13:39:59.267,0.9504,0.95075,1.00,1.00
2010.10.01 13:39:59.960,0.9504,0.95075,4.60,1.00
2010.10.01 13:40:00.207,0.9504,0.95075,4.70,1.00
2010.10.01 13:40:01.268,0.9504,0.95075,8.70,1.00
2010.10.01 13:40:03.672,0.9504,0.95075,10.30,1.00
2010.10.01 13:40:04.247,0.95045,0.9508,1.00,1.00
2010.10.01 13:40:04.458,0.95045,0.95075,1.00,1.00
2010.10.01 13:40:04.665,0.9504,0.9507,10.20,1.00
2010.10.01 13:40:05.548,0.9504,0.95075,10.20,1.00
2010.10.01 13:40:06.226,0.9504,0.9507,10.20,1.00
2010.10.01 13:40:06.687,0.9504,0.95075,10.30,1.00
2010.10.01 13:40:07.022,0.95045,0.95075,2.60,1.00
2010.10.01 13:40:07.779,0.9505,0.9508,2.60,1.00
2010.10.01 13:40:08.131,0.9505,0.95085,6.20,1.00
2010.10.01 13:40:09.191,0.9505,0.9508,6.20,1.00
2010.10.01 13:40:09.776,0.9505,0.9508,6.30,1.00
2010.10.01 13:40:12.958,0.9505,0.95085,4.60,1.00
2010.10.01 13:40:13.252,0.95045,0.9508,1.00,1.60
2010.10.01 13:40:14.060,0.9505,0.9508,1.00,1.70
2010.10.01 13:40:15.163,0.9505,0.9508,1.00,1.00
2010.10.01 13:40:15.465,0.95055,0.9509,1.00,3.80
2010.10.01 13:40:15.760,0.9505,0.95085,1.60,1.00
2010.10.01 13:40:16.407,0.95055,0.95085,1.60,1.00
2010.10.01 13:40:16.742,0.95055,0.9508,1.60,1.00
2010.10.01 13:40:17.089,0.9505,0.9508,1.70,1.00
2010.10.01 13:40:17.259,0.9505,0.9508,1.00,1.00
2010.10.01 13:40:18.143,0.9505,0.9508,1.00,1.00
2010.10.01 13:40:20.038,0.9505,0.95085,1.00,2.30
2010.10.01 13:40:20.935,0.9505,0.9507,1.00,1.00
2010.10.01 13:40:21.124,0.9504,0.95075,2.40,6.20
2010.10.01 13:40:21.470,0.95035,0.95075,1.00,3.90
2010.10.01 13:40:22.530,0.9504,0.95075,1.00,3.80
2010.10.01 13:40:22.756,0.95035,0.9507,8.30,1.80
2010.10.01 13:40:22.972,0.95035,0.95065,8.00,1.00
2010.10.01 13:40:23.597,0.95025,0.9506,1.00,2.20
2010.10.01 13:40:23.938,0.95025,0.9505,1.00,1.00
2010.10.01 13:40:24.371,0.9502,0.9505,11.20,1.00
2010.10.01 13:40:24.726,0.95015,0.9505,9.90,1.00
2010.10.01 13:40:25.073,0.9502,0.95055,2.60,2.60
2010.10.01 13:40:25.828,0.9502,0.95055,2.60,2.60
2010.10.01 13:40:27.024,0.9502,0.95055,2.60,2.60
2010.10.01 13:40:28.749,0.95015,0.9505,1.00,1.00
2010.10.01 13:40:29.068,0.9502,0.9505,1.00,1.00
2010.10.01 13:40:29.526,0.95025,0.95055,1.00,1.00
2010.10.01 13:40:29.889,0.9503,0.95065,6.40,1.00
2010.10.01 13:40:30.230,0.9503,0.95065,4.20,1.00
2010.10.01 13:40:30.487,0.9503,0.95065,4.30,1.00
2010.10.01 13:40:31.413,0.95035,0.9507,1.10,1.70
2010.10.01 13:40:31.604,0.95035,0.95075,2.60,2.20
2010.10.01 13:40:31.793,0.95035,0.95065,2.00,1.00
2010.10.01 13:40:32.596,0.9503,0.95065,4.40,1.00
2010.10.01 13:40:33.729,0.9503,0.9506,2.80,1.00
2010.10.01 13:40:35.282,0.9503,0.95065,4.60,1.00
2010.10.01 13:40:35.646,0.9503,0.95065,4.70,1.00
2010.10.01 13:40:35.939,0.9503,0.95065,8.60,1.00
2010.10.01 13:40:36.637,0.9503,0.95065,8.60,1.00
2010.10.01 13:40:37.319,0.9503,0.95065,1.00,1.00
2010.10.01 13:40:38.174,0.9503,0.95065,1.00,1.00
2010.10.01 13:40:38.953,0.9503,0.9506,1.00,1.00
2010.10.01 13:40:39.250,0.9503,0.9506,1.00,1.00
2010.10.01 13:40:39.552,0.9503,0.95065,4.70,1.00
2010.10.01 13:40:39.850,0.9503,0.95065,8.60,1.00
2010.10.01 13:40:40.567,0.9503,0.95065,8.60,1.00
2010.10.01 13:40:41.167,0.9503,0.95065,4.60,1.00
2010.10.01 13:40:42.207,0.9503,0.95065,2.20,1.00
2010.10.01 13:40:42.755,0.9503,0.95065,4.60,1.00
2010.10.01 13:40:45.201,0.9504,0.9507,1.00,1.00
2010.10.01 13:40:45.474,0.9504,0.95075,4.60,1.00
2010.10.01 13:40:46.219,0.9504,0.95075,4.60,1.00
2010.10.01 13:40:47.315,0.95035,0.9507,1.00,1.00
2010.10.01 13:40:48.257,0.95035,0.9507,1.00,1.00
2010.10.01 13:40:48.615,0.9503,0.9507,8.70,1.00
2010.10.01 13:40:49.136,0.9503,0.95065,8.60,1.00
2010.10.01 13:40:49.780,0.95035,0.9507,1.00,1.00
2010.10.01 13:40:50.775,0.95035,0.9507,1.60,1.00
2010.10.01 13:40:56.645,0.95035,0.9507,1.00,1.00
2010.10.01 13:40:56.846,0.95035,0.9507,1.60,1.00
2010.10.01 13:40:57.392,0.95035,0.9507,1.00,1.00
2010.10.01 13:40:57.538,0.95035,0.9507,1.00,2.60
2010.10.01 13:40:57.679,0.95035,0.95065,1.00,1.00
2010.10.01 13:40:57.817,0.9503,0.95065,4.40,1.00
2010.10.01 13:40:58.261,0.9503,0.95065,6.00,1.00
2010.10.01 13:40:58.403,0.9503,0.95065,1.00,1.00
2010.10.01 13:40:58.748,0.9503,0.95065,1.00,1.00
2010.10.01 13:40:59.526,0.9503,0.95065,4.30,1.00
2010.10.01 13:40:59.806,0.95035,0.9507,1.60,1.00
2010.10.01 13:41:00.524,0.9504,0.9508,8.70,1.00
2010.10.01 13:41:01.639,0.95045,0.9508,1.00,1.00
2010.10.01 13:41:02.317,0.95045,0.9508,1.70,1.00
2010.10.01 13:41:04.295,0.95045,0.9508,1.00,1.00
2010.10.01 13:41:05.212,0.95035,0.9507,11.60,1.00
2010.10.01 13:41:05.657,0.95035,0.9507,7.60,1.00
2010.10.01 13:41:05.937,0.95025,0.9506,10.50,1.00
2010.10.01 13:41:06.737,0.95025,0.9506,5.70,1.00
2010.10.01 13:41:07.067,0.95025,0.9506,1.70,1.00
2010.10.01 13:41:07.837,0.95025,0.9506,1.70,1.00
2010.10.01 13:41:09.688,0.9503,0.9506,2.40,1.00
2010.10.01 13:41:09.876,0.9503,0.9506,2.40,1.00
2010.10.01 13:41:10.067,0.9503,0.95065,2.50,1.00
2010.10.01 13:41:10.618,0.9503,0.95065,2.70,1.00
2010.10.01 13:41:10.958,0.95045,0.95075,2.20,1.00
2010.10.01 13:41:11.291,0.95045,0.95075,3.80,1.00
2010.10.01 13:41:12.150,0.95055,0.9508,1.60,1.00
2010.10.01 13:41:12.447,0.95055,0.95075,1.60,1.00
2010.10.01 13:41:13.723,0.95055,0.9508,1.60,1.00
2010.10.01 13:41:14.302,0.95055,0.9508,2.60,1.00
2010.10.01 13:41:14.542,0.95055,0.9508,4.20,1.00
2010.10.01 13:41:15.479,0.9506,0.9509,1.00,1.00
2010.10.01 13:41:16.261,0.9506,0.9509,2.60,1.00
2010.10.01 13:41:16.613,0.9506,0.9509,2.60,1.00
2010.10.01 13:41:17.564,0.9506,0.9509,2.60,1.00
2010.10.01 13:41:17.848,0.9506,0.95095,2.70,1.00
2010.10.01 13:41:18.139,0.9506,0.951,2.60,6.20
2010.10.01 13:41:18.925,0.95055,0.9509,9.10,1.00
2010.10.01 13:41:19.270,0.95055,0.9509,1.00,2.60
2010.10.01 13:41:20.047,0.95055,0.95085,2.60,1.00
2010.10.01 13:41:20.380,0.9506,0.95085,2.60,1.00
2010.10.01 13:41:20.834,0.9506,0.9509,2.60,1.00
2010.10.01 13:41:21.168,0.95055,0.9509,1.60,4.60
2010.10.01 13:41:21.508,0.9505,0.95085,3.80,1.00
2010.10.01 13:41:21.961,0.9505,0.95085,3.00,1.00
2010.10.01 13:41:22.303,0.9505,0.95085,4.60,1.00
2010.10.01 13:41:22.647,0.9505,0.9508,4.70,1.00
2010.10.01 13:41:23.581,0.95055,0.9508,1.60,1.00
2010.10.01 13:41:23.932,0.95065,0.9509,1.00,1.00
2010.10.01 13:41:24.282,0.9506,0.9509,2.20,1.00
2010.10.01 13:41:24.935,0.9506,0.9509,1.00,1.00
2010.10.01 13:41:26.512,0.9506,0.95085,2.20,1.00
2010.10.01 13:41:26.828,0.9506,0.95085,1.00,1.00
2010.10.01 13:41:27.997,0.9506,0.95085,4.60,1.00
2010.10.01 13:41:28.228,0.9506,0.95085,4.20,1.00
2010.10.01 13:41:28.990,0.9506,0.95085,1.00,1.00
2010.10.01 13:41:29.337,0.95055,0.95085,7.80,1.00
2010.10.01 13:41:29.589,0.95055,0.95085,2.20,1.00
2010.10.01 13:41:30.280,0.95055,0.9508,1.60,1.00
2010.10.01 13:41:30.623,0.9505,0.95085,12.70,1.00
2010.10.01 13:41:31.419,0.9505,0.95085,4.70,1.00
2010.10.01 13:41:31.757,0.95055,0.95085,1.00,1.00
2010.10.01 13:41:34.832,0.9505,0.9508,4.00,1.00
2010.10.01 13:41:35.000,0.9505,0.9508,1.60,2.60
2010.10.01 13:41:35.574,0.95045,0.9508,2.40,2.60
2010.10.01 13:41:35.746,0.9504,0.95075,10.00,1.00
2010.10.01 13:41:36.527,0.9504,0.9507,2.00,1.00
2010.10.01 13:41:36.873,0.95035,0.9507,1.60,1.00
2010.10.01 13:41:37.940,0.95035,0.9507,1.60,1.00
2010.10.01 13:41:38.228,0.95035,0.9507,1.60,1.00
2010.10.01 13:41:39.317,0.95035,0.9507,1.60,1.00
2010.10.01 13:41:41.919,0.95035,0.95065,1.60,1.00
2010.10.01 13:41:42.257,0.95035,0.95065,1.60,1.00
2010.10.01 13:41:42.586,0.95035,0.9507,1.60,1.00
2010.10.01 13:41:43.322,0.9504,0.95075,4.60,1.00
2010.10.01 13:41:43.638,0.95045,0.95075,1.60,1.00
2010.10.01 13:41:44.717,0.95045,0.9508,1.60,1.00
2010.10.01 13:41:46.082,0.95045,0.9508,1.60,1.00
2010.10.01 13:41:50.628,0.95045,0.9508,1.60,2.60
2010.10.01 13:41:51.794,0.95045,0.95075,1.60,1.00
2010.10.01 13:41:53.870,0.95045,0.9508,1.70,2.70
2010.10.01 13:41:56.828,0.9504,0.95075,8.60,1.00
2010.10.01 13:41:58.289,0.9504,0.95075,10.20,1.00
2010.10.01 13:41:58.786,0.95045,0.9508,1.00,2.60
2010.10.01 13:41:59.116,0.9504,0.9508,10.30,2.70
2010.10.01 13:41:59.582,0.9504,0.95075,10.20,1.00
2010.10.01 13:41:59.765,0.9504,0.95075,6.30,1.00
2010.10.01 13:42:02.810,0.9504,0.9507,1.60,1.00
2010.10.01 13:42:03.678,0.95035,0.9507,1.00,1.00
2010.10.01 13:42:04.019,0.95035,0.9507,1.00,1.00
2010.10.01 13:42:04.739,0.95035,0.9507,1.00,1.00
2010.10.01 13:42:05.387,0.95035,0.95065,1.00,1.00
2010.10.01 13:42:06.401,0.9503,0.9507,7.00,1.80
2010.10.01 13:42:07.657,0.9503,0.95065,8.60,1.00
2010.10.01 13:42:08.913,0.95035,0.9507,1.00,1.80
2010.10.01 13:42:09.218,0.9503,0.9507,7.10,1.90
2010.10.01 13:42:09.910,0.9503,0.9506,1.00,1.80
2010.10.01 13:42:10.253,0.95025,0.9506,3.20,1.00
2010.10.01 13:42:11.001,0.95025,0.9506,1.60,1.00
2010.10.01 13:42:11.359,0.95025,0.9506,1.60,1.00
2010.10.01 13:42:12.106,0.95025,0.9506,1.60,1.00
2010.10.01 13:42:12.480,0.95025,0.9506,1.60,1.00
2010.10.01 13:42:12.823,0.9502,0.9506,14.20,2.60
2010.10.01 13:42:13.274,0.9502,0.9506,10.20,2.60
2010.10.01 13:42:13.622,0.95025,0.95055,1.60,1.00
2010.10.01 13:42:15.102,0.95025,0.95065,2.20,1.00
2010.10.01 13:42:15.261,0.9503,0.95065,1.00,1.00
2010.10.01 13:42:15.821,0.9503,0.95065,3.00,1.00
2010.10.01 13:42:15.995,0.9503,0.95065,7.00,1.00
2010.10.01 13:42:17.235,0.9503,0.95065,7.00,1.00
2010.10.01 13:42:17.460,0.95035,0.95065,1.60,1.00
2010.10.01 13:42:18.116,0.9504,0.95075,2.60,1.60
2010.10.01 13:42:18.507,0.9504,0.95075,6.60,1.00
2010.10.01 13:42:19.261,0.9504,0.9508,4.20,2.60
2010.10.01 13:42:19.607,0.9504,0.95075,8.20,1.00
2010.10.01 13:42:20.587,0.9504,0.9507,6.60,1.00
2010.10.01 13:42:20.898,0.95045,0.95075,2.20,1.00
2010.10.01 13:42:21.535,0.95045,0.95075,1.00,1.00
2010.10.01 13:42:21.874,0.9505,0.9508,2.60,1.00
2010.10.01 13:42:22.978,0.9505,0.95085,2.60,1.00
2010.10.01 13:42:23.430,0.9505,0.9508,2.60,1.00
2010.10.01 13:42:23.775,0.95045,0.95075,1.00,1.00
2010.10.01 13:42:24.542,0.95045,0.9508,1.00,4.20
2010.10.01 13:42:24.894,0.95035,0.9507,1.60,1.80
2010.10.01 13:42:25.655,0.95025,0.9506,11.20,1.00
2010.10.01 13:42:26.004,0.95025,0.95065,1.60,4.20
2010.10.01 13:42:26.718,0.9502,0.95065,8.60,4.20
2010.10.01 13:42:27.069,0.95025,0.95065,1.00,4.30
2010.10.01 13:42:27.826,0.95025,0.9506,1.00,1.00
2010.10.01 13:42:28.168,0.9503,0.95065,1.00,1.00
2010.10.01 13:42:29.247,0.9503,0.95065,1.60,1.00
2010.10.01 13:42:29.546,0.9503,0.95065,1.00,1.00
2010.10.01 13:42:29.836,0.9503,0.95065,1.00,1.00
2010.10.01 13:42:30.577,0.9503,0.95065,1.00,1.00
2010.10.01 13:42:31.187,0.9503,0.95065,1.00,1.00
2010.10.01 13:42:31.497,0.9503,0.95065,1.00,1.00
2010.10.01 13:42:32.271,0.95025,0.95055,4.40,1.00
2010.10.01 13:42:32.611,0.95025,0.9506,1.00,1.60
2010.10.01 13:42:32.880,0.95025,0.95065,4.20,1.00
2010.10.01 13:42:33.552,0.9503,0.95065,1.60,1.00
2010.10.01 13:42:33.820,0.95035,0.9507,1.00,1.60
2010.10.01 13:42:34.601,0.95035,0.95075,6.60,2.60
2010.10.01 13:42:35.275,0.95035,0.95075,8.20,1.00
2010.10.01 13:42:35.529,0.9504,0.95075,1.00,1.00
2010.10.01 13:42:36.129,0.95045,0.95075,1.00,1.00
2010.10.01 13:42:36.876,0.95045,0.95075,1.00,5.00
2010.10.01 13:42:37.088,0.95035,0.9507,2.30,1.00
2010.10.01 13:42:37.918,0.95035,0.9507,2.30,2.60
2010.10.01 13:42:38.259,0.95035,0.9507,2.60,1.00
2010.10.01 13:42:38.863,0.95035,0.9507,2.00,1.00
2010.10.01 13:42:39.213,0.95035,0.9507,3.60,1.00
2010.10.01 13:42:39.959,0.9504,0.95075,4.60,1.00
2010.10.01 13:42:40.302,0.9504,0.95075,8.70,1.00
2010.10.01 13:42:41.698,0.95045,0.95075,1.60,1.00
2010.10.01 13:42:42.037,0.95045,0.9508,1.60,2.60
2010.10.01 13:42:42.493,0.95045,0.9508,1.60,1.00
2010.10.01 13:42:43.058,0.9504,0.95075,2.20,1.00
2010.10.01 13:42:43.347,0.9504,0.95075,1.00,1.00
2010.10.01 13:42:43.787,0.9504,0.95075,1.00,1.00
2010.10.01 13:42:44.072,0.95035,0.9507,1.60,2.60
2010.10.01 13:42:44.416,0.95035,0.9507,1.00,2.60
2010.10.01 13:42:44.922,0.95035,0.9507,1.00,1.00
2010.10.01 13:42:45.272,0.95035,0.9507,1.00,1.00
2010.10.01 13:42:46.382,0.95035,0.9507,1.00,2.70
2010.10.01 13:42:47.477,0.9503,0.95065,8.70,1.00
2010.10.01 13:42:47.816,0.95035,0.9507,1.00,2.60
2010.10.01 13:42:49.806,0.95035,0.9507,1.00,2.70
2010.10.01 13:42:50.028,0.9503,0.95065,6.20,1.00
2010.10.01 13:42:50.618,0.9503,0.95065,3.80,1.00
2010.10.01 13:42:50.810,0.95035,0.95065,2.20,1.00
2010.10.01 13:42:51.000,0.9504,0.9507,1.00,1.00
2010.10.01 13:42:52.458,0.9504,0.9507,1.00,1.00
2010.10.01 13:42:53.164,0.9504,0.9507,4.20,1.00
2010.10.01 13:42:53.400,0.9504,0.95075,4.00,1.00
2010.10.01 13:42:54.029,0.95035,0.9507,5.60,2.60
2010.10.01 13:42:54.370,0.95035,0.9507,1.00,2.60
2010.10.01 13:42:54.708,0.95035,0.9507,1.00,2.60
2010.10.01 13:42:55.481,0.9504,0.95075,4.60,4.00
2010.10.01 13:42:55.807,0.9504,0.9507,4.60,1.00
2010.10.01 13:42:56.534,0.9504,0.95075,2.00,1.00
2010.10.01 13:42:56.881,0.95045,0.9508,1.00,2.60
2010.10.01 13:42:57.148,0.95045,0.95075,1.00,1.00
2010.10.01 13:42:58.457,0.95045,0.9507,1.00,1.00
2010.10.01 13:43:00.477,0.9504,0.9507,3.00,1.00
2010.10.01 13:43:01.143,0.9504,0.9507,1.00,2.50
2010.10.01 13:43:01.439,0.95035,0.95065,2.40,1.00
2010.10.01 13:43:01.737,0.9503,0.95065,7.90,1.00
2010.10.01 13:43:02.271,0.9503,0.9507,3.80,2.60
2010.10.01 13:43:02.583,0.9503,0.95065,3.90,1.00
2010.10.01 13:43:02.890,0.9503,0.9507,3.80,2.60
2010.10.01 13:43:03.568,0.9503,0.95065,3.90,1.00
2010.10.01 13:43:04.192,0.95035,0.95065,1.00,1.00
2010.10.01 13:43:04.884,0.9503,0.95065,3.80,1.00
2010.10.01 13:43:07.587,0.95035,0.95065,1.00,1.00
2010.10.01 13:43:07.868,0.9503,0.95065,3.90,1.00
2010.10.01 13:43:08.848,0.95035,0.9507,1.00,2.70
2010.10.01 13:43:09.186,0.95035,0.9507,1.70,2.70
2010.10.01 13:43:10.289,0.95035,0.95065,1.00,1.00
2010.10.01 13:43:10.627,0.95035,0.9507,1.00,2.60
2010.10.01 13:43:11.697,0.95035,0.9507,1.00,2.70
2010.10.01 13:43:11.986,0.95035,0.9507,1.00,2.60
2010.10.01 13:43:12.739,0.9503,0.95065,7.80,1.00
2010.10.01 13:43:14.398,0.9503,0.95065,3.80,1.00
2010.10.01 13:43:15.488,0.95035,0.9507,1.00,2.60
2010.10.01 13:43:16.950,0.95035,0.9507,1.00,1.00
2010.10.01 13:43:18.366,0.95035,0.95065,1.00,1.00
2010.10.01 13:43:18.707,0.95035,0.9507,1.00,1.00
2010.10.01 13:43:19.790,0.9503,0.9507,7.90,2.70
2010.10.01 13:43:20.127,0.95035,0.9507,1.00,2.60
2010.10.01 13:43:20.871,0.9503,0.95065,7.90,1.00
2010.10.01 13:43:21.968,0.95035,0.9507,1.00,2.60
2010.10.01 13:43:22.416,0.95035,0.9507,1.00,1.00
2010.10.01 13:43:23.479,0.95035,0.9507,1.00,1.00
2010.10.01 13:43:24.208,0.95035,0.9507,1.00,1.00
2010.10.01 13:43:27.068,0.95035,0.9507,1.70,1.00
2010.10.01 13:43:27.757,0.95035,0.95065,1.60,1.00
2010.10.01 13:43:28.515,0.9503,0.95055,9.60,1.00
2010.10.01 13:43:28.864,0.95025,0.9505,1.00,1.00
2010.10.01 13:43:29.329,0.95015,0.9505,4.10,1.00
2010.10.01 13:43:29.637,0.95005,0.9504,3.10,1.00
2010.10.01 13:43:29.940,0.95005,0.9504,2.30,1.00
2010.10.01 13:43:30.723,0.95005,0.9504,2.20,1.00
2010.10.01 13:43:31.390,0.9501,0.95045,1.60,1.00
2010.10.01 13:43:31.859,0.9501,0.9505,1.80,3.00
2010.10.01 13:43:32.207,0.95015,0.9505,2.60,1.00
2010.10.01 13:43:32.927,0.95015,0.9505,1.00,1.00
2010.10.01 13:43:33.487,0.95015,0.95055,1.10,1.90
2010.10.01 13:43:33.689,0.95015,0.95055,2.70,1.90
2010.10.01 13:43:34.088,0.9502,0.95055,1.00,1.90
2010.10.01 13:43:34.682,0.95015,0.9505,2.60,1.00
2010.10.01 13:43:34.961,0.9501,0.95045,4.60,1.00
2010.10.01 13:43:35.230,0.9501,0.95045,5.40,1.00
2010.10.01 13:43:35.687,0.9501,0.95045,3.00,1.00
2010.10.01 13:43:36.030,0.95,0.9503,1.60,1.00
2010.10.01 13:43:36.650,0.95,0.9503,1.60,2.80
2010.10.01 13:43:36.993,0.95,0.9504,1.00,2.70
2010.10.01 13:43:37.339,0.95,0.95035,2.30,1.00
2010.10.01 13:43:38.188,0.95005,0.95035,1.00,1.00
2010.10.01 13:43:38.587,0.95005,0.95035,1.60,1.00
2010.10.01 13:43:39.408,0.95005,0.95045,7.70,1.00
2010.10.01 13:43:39.749,0.95005,0.95045,3.70,1.00
2010.10.01 13:43:40.503,0.95005,0.95045,3.60,1.00
2010.10.01 13:43:40.855,0.95005,0.9504,3.60,1.00
2010.10.01 13:43:43.571,0.95005,0.95045,2.10,1.90
2010.10.01 13:43:44.226,0.95005,0.9504,2.10,1.00
2010.10.01 13:43:45.646,0.95005,0.9504,2.10,2.50
2010.10.01 13:43:45.887,0.95005,0.9504,2.00,2.50
2010.10.01 13:43:46.767,0.95005,0.9504,2.00,2.40
2010.10.01 13:43:46.937,0.95005,0.9504,2.20,1.00
2010.10.01 13:43:47.109,0.95015,0.95045,1.60,1.80
2010.10.01 13:43:47.690,0.9502,0.95055,2.60,1.00
2010.10.01 13:43:48.505,0.9502,0.9506,2.60,4.60
2010.10.01 13:43:48.851,0.9502,0.9506,2.70,4.70
2010.10.01 13:43:49.576,0.9502,0.95055,1.80,1.00
2010.10.01 13:43:49.723,0.95025,0.9506,2.60,1.00
2010.10.01 13:43:50.642,0.95025,0.9506,2.60,1.00
2010.10.01 13:43:50.989,0.95025,0.95055,2.00,1.00
2010.10.01 13:43:51.778,0.95025,0.9506,2.00,2.70
2010.10.01 13:43:52.117,0.95025,0.9506,2.00,2.60
2010.10.01 13:43:52.347,0.95025,0.9506,2.00,2.70
2010.10.01 13:43:53.218,0.95025,0.95055,2.00,1.00
2010.10.01 13:43:53.620,0.95025,0.9505,1.00,2.40
2010.10.01 13:43:53.818,0.95025,0.95055,1.00,1.00
2010.10.01 13:43:54.590,0.95025,0.95055,1.00,1.00
2010.10.01 13:43:54.908,0.9502,0.95055,3.00,1.00
2010.10.01 13:43:55.229,0.9502,0.95055,2.80,1.00
2010.10.01 13:43:55.942,0.95015,0.9505,1.00,1.00
2010.10.01 13:43:56.230,0.95015,0.9505,1.00,2.70
2010.10.01 13:43:56.960,0.9501,0.9505,6.70,2.70
2010.10.01 13:43:57.297,0.9501,0.95045,6.70,1.00
2010.10.01 13:44:01.050,0.9501,0.95045,5.10,1.00
2010.10.01 13:44:01.546,0.9501,0.95045,6.70,1.00
2010.10.01 13:44:02.212,0.9501,0.95045,14.70,1.00
2010.10.01 13:44:02.471,0.95015,0.9505,2.20,1.00
2010.10.01 13:44:03.857,0.95015,0.9505,2.30,1.00
2010.10.01 13:44:05.040,0.9502,0.9505,1.00,1.00
2010.10.01 13:44:05.350,0.9502,0.9505,4.20,1.00
2010.10.01 13:44:06.111,0.9502,0.9505,4.20,1.00
2010.10.01 13:44:06.757,0.9502,0.95055,4.30,1.00
2010.10.01 13:44:07.557,0.9502,0.95055,4.20,1.00
2010.10.01 13:44:07.778,0.9502,0.95055,4.30,1.00
2010.10.01 13:44:08.648,0.95025,0.95055,2.20,1.00
2010.10.01 13:44:09.175,0.9504,0.95055,1.00,1.00
2010.10.01 13:44:09.857,0.9504,0.9507,1.00,1.00
2010.10.01 13:44:10.656,0.9504,0.95075,1.00,1.60
2010.10.01 13:44:11.380,0.9504,0.95075,1.00,1.00
2010.10.01 13:44:11.717,0.9504,0.95075,1.00,1.00
2010.10.01 13:44:12.736,0.9504,0.95075,1.00,1.60
2010.10.01 13:44:13.466,0.9504,0.9507,1.00,1.00
2010.10.01 13:44:15.027,0.9504,0.95075,1.00,1.00
2010.10.01 13:44:15.749,0.9504,0.9507,1.00,1.00
2010.10.01 13:44:16.029,0.9504,0.95075,1.00,1.70
2010.10.01 13:44:16.307,0.9504,0.95075,1.00,1.00
2010.10.01 13:44:16.436,0.9504,0.95075,1.00,1.70
2010.10.01 13:44:17.418,0.9504,0.9507,1.00,1.00
2010.10.01 13:44:17.596,0.9504,0.95075,1.00,1.60
2010.10.01 13:44:18.318,0.9504,0.9507,1.00,1.00
2010.10.01 13:44:18.948,0.9504,0.9507,1.00,1.00
2010.10.01 13:44:19.405,0.95035,0.95065,6.90,1.00
2010.10.01 13:44:19.700,0.9503,0.95065,2.60,1.00
2010.10.01 13:44:19.997,0.9503,0.9507,2.70,4.30
2010.10.01 13:44:20.297,0.95035,0.95065,1.00,1.00
2010.10.01 13:44:20.747,0.9503,0.95065,2.60,1.00
2010.10.01 13:44:21.378,0.9503,0.95065,4.20,1.00
2010.10.01 13:44:23.426,0.95035,0.9507,1.00,2.60
2010.10.01 13:44:23.496,0.95035,0.9507,1.70,2.60
2010.10.01 13:44:23.567,0.9504,0.9507,1.00,2.40
2010.10.01 13:44:23.646,0.9504,0.9507,1.00,2.40
2010.10.01 13:44:23.716,0.9504,0.9507,3.00,1.60
2010.10.01 13:44:25.608,0.9504,0.9507,3.00,1.60
2010.10.01 13:44:26.558,0.9504,0.9507,3.00,1.60
2010.10.01 13:44:28.418,0.9504,0.95075,3.00,1.00
2010.10.01 13:44:28.627,0.9504,0.95075,1.00,1.60
2010.10.01 13:44:29.600,0.95045,0.9508,1.00,2.00
2010.10.01 13:44:30.371,0.9504,0.9508,3.00,4.60
2010.10.01 13:44:30.729,0.9504,0.95075,3.10,1.00
2010.10.01 13:44:31.803,0.9504,0.9508,3.10,4.30
2010.10.01 13:44:32.886,0.9504,0.95075,3.00,1.00
2010.10.01 13:44:33.120,0.9504,0.95075,3.00,1.00
2010.10.01 13:44:35.088,0.95045,0.9508,2.20,2.40
2010.10.01 13:44:35.733,0.9505,0.95085,1.00,4.10
2010.10.01 13:44:36.071,0.9505,0.95085,3.00,1.70
2010.10.01 13:44:36.412,0.9505,0.95085,1.00,1.80
2010.10.01 13:44:37.068,0.9504,0.9508,7.10,1.80
2010.10.01 13:44:37.355,0.9504,0.9508,3.10,4.30
2010.10.01 13:44:38.700,0.9504,0.95075,1.00,1.00
2010.10.01 13:44:41.861,0.9504,0.9508,3.10,4.30
2010.10.01 13:44:42.202,0.95035,0.9507,10.40,1.80
2010.10.01 13:44:43.085,0.9503,0.9507,8.70,1.00
2010.10.01 13:44:43.433,0.9503,0.9507,8.60,1.00
2010.10.01 13:44:44.213,0.95035,0.95075,4.60,1.80
2010.10.01 13:44:44.942,0.95035,0.9507,1.00,1.00
2010.10.01 13:44:45.287,0.95035,0.95075,1.00,1.80
2010.10.01 13:44:46.287,0.95035,0.9507,1.10,1.00
2010.10.01 13:44:47.008,0.95035,0.9507,1.00,1.00
2010.10.01 13:44:47.557,0.95045,0.95075,1.00,1.70
2010.10.01 13:44:47.747,0.95045,0.95075,1.00,1.00
2010.10.01 13:44:48.220,0.95045,0.95075,1.00,1.00
2010.10.01 13:44:50.028,0.95045,0.9507,1.00,1.00
2010.10.01 13:44:50.367,0.95045,0.95075,1.00,1.00
2010.10.01 13:44:50.756,0.95045,0.95075,1.00,1.00
2010.10.01 13:44:51.710,0.95045,0.9508,1.00,4.70
2010.10.01 13:44:51.948,0.95045,0.95075,1.00,1.00
2010.10.01 13:44:52.857,0.95045,0.95075,1.00,1.00
2010.10.01 13:44:53.537,0.95045,0.95075,1.00,1.00
2010.10.01 13:44:55.126,0.95045,0.95075,1.00,1.00
2010.10.01 13:44:55.266,0.9504,0.95075,1.00,1.00
2010.10.01 13:44:55.556,0.9504,0.95075,1.00,1.80
2010.10.01 13:44:55.698,0.9504,0.95075,1.00,1.90
2010.10.01 13:44:59.128,0.95035,0.9507,12.20,1.00
2010.10.01 13:44:59.852,0.9504,0.95075,1.00,1.00
2010.10.01 13:45:00.137,0.95035,0.9507,12.20,1.00
2010.10.01 13:45:00.828,0.95045,0.95075,1.00,1.00
2010.10.01 13:45:01.482,0.95045,0.9508,5.00,1.70
2010.10.01 13:45:01.698,0.95045,0.9508,5.10,1.00
2010.10.01 13:45:01.919,0.95045,0.95085,5.10,2.30
2010.10.01 13:45:02.139,0.9505,0.95085,1.00,2.20
2010.10.01 13:45:03.237,0.9505,0.95085,1.00,2.30
2010.10.01 13:45:04.428,0.9505,0.9508,1.00,1.60
2010.10.01 13:45:05.137,0.9505,0.95085,1.00,2.30
2010.10.01 13:45:05.684,0.95045,0.95085,4.20,2.20
2010.10.01 13:45:05.825,0.95055,0.9509,1.00,4.30
2010.10.01 13:45:06.163,0.95055,0.9509,1.00,2.00
2010.10.01 13:45:06.911,0.9506,0.95095,4.20,1.00
2010.10.01 13:45:07.239,0.9506,0.95095,2.60,1.00
2010.10.01 13:45:07.720,0.9506,0.9509,1.00,1.00
2010.10.01 13:45:08.389,0.95055,0.95085,2.20,1.00
2010.10.01 13:45:08.728,0.95055,0.95085,3.80,1.00
2010.10.01 13:45:09.144,0.9506,0.9509,1.00,1.00
2010.10.01 13:45:09.798,0.95055,0.9509,4.30,1.00
2010.10.01 13:45:10.241,0.95055,0.9509,8.30,1.00
2010.10.01 13:45:10.593,0.95055,0.9509,1.00,1.00
2010.10.01 13:45:10.942,0.95055,0.9509,1.10,1.60
2010.10.01 13:45:11.353,0.95055,0.9509,1.00,1.60
2010.10.01 13:45:11.738,0.95075,0.951,1.00,1.00
2010.10.01 13:45:12.084,0.95075,0.951,1.00,1.00
2010.10.01 13:45:12.821,0.9507,0.95105,4.40,1.00
2010.10.01 13:45:13.643,0.9507,0.95105,1.60,1.00
2010.10.01 13:45:13.990,0.9508,0.95115,2.00,1.80
2010.10.01 13:45:14.454,0.95085,0.95115,1.00,1.60
2010.10.01 13:45:14.815,0.9508,0.9511,1.00,2.60
2010.10.01 13:45:15.543,0.95075,0.9511,2.00,2.60
2010.10.01 13:45:15.896,0.95065,0.95105,10.60,1.00
2010.10.01 13:45:16.241,0.95065,0.95105,1.00,1.00
2010.10.01 13:45:17.006,0.95065,0.951,1.00,1.00
2010.10.01 13:45:17.299,0.9506,0.951,14.00,1.00
2010.10.01 13:45:17.593,0.9506,0.951,5.60,4.40
2010.10.01 13:45:18.339,0.95055,0.95095,1.00,1.00
2010.10.01 13:45:19.236,0.9505,0.9509,6.50,1.70
2010.10.01 13:45:19.558,0.9505,0.9509,4.10,1.00
2010.10.01 13:45:20.310,0.95065,0.95095,2.20,1.00
2010.10.01 13:45:20.649,0.9507,0.951,2.60,1.00
2010.10.01 13:45:21.472,0.9507,0.951,2.60,1.00
2010.10.01 13:45:22.159,0.9507,0.95105,2.60,1.00
2010.10.01 13:45:23.047,0.9507,0.95105,2.60,1.00
2010.10.01 13:45:24.350,0.9507,0.95105,2.60,1.00
2010.10.01 13:45:24.602,0.9507,0.95105,3.10,1.70
2010.10.01 13:45:25.553,0.95075,0.95105,1.00,1.60
2010.10.01 13:45:25.905,0.9507,0.95105,2.70,1.00
2010.10.01 13:45:26.697,0.9507,0.9511,2.60,4.20
2010.10.01 13:45:27.041,0.9507,0.95105,2.70,1.00
2010.10.01 13:45:28.718,0.9507,0.951,2.60,1.00
2010.10.01 13:45:30.109,0.9507,0.951,1.00,1.00
2010.10.01 13:45:30.448,0.9507,0.951,2.60,1.00
2010.10.01 13:45:37.632,0.95065,0.951,2.30,1.60
2010.10.01 13:45:37.969,0.9506,0.951,2.70,4.30
2010.10.01 13:45:38.218,0.9506,0.95095,2.70,1.00
2010.10.01 13:45:43.454,0.9506,0.9509,2.60,1.00
2010.10.01 13:45:43.650,0.9506,0.95095,2.60,1.00
2010.10.01 13:45:43.838,0.9506,0.95095,4.20,1.00
2010.10.01 13:45:44.737,0.9506,0.95095,2.60,1.00
2010.10.01 13:45:45.078,0.95065,0.951,1.00,4.10
2010.10.01 13:45:45.418,0.9507,0.951,1.00,1.00
2010.10.01 13:45:46.105,0.9507,0.951,2.60,1.00
2010.10.01 13:45:46.679,0.9507,0.951,2.60,1.00
2010.10.01 13:45:47.302,0.9507,0.95105,2.60,1.00
2010.10.01 13:45:47.551,0.9507,0.95105,2.60,1.00
2010.10.01 13:45:47.880,0.9507,0.95105,2.70,1.00
2010.10.01 13:45:51.159,0.9507,0.951,2.60,1.00
2010.10.01 13:45:51.754,0.9507,0.95105,1.00,1.00
2010.10.01 13:45:52.088,0.9506,0.951,3.10,4.20
2010.10.01 13:45:52.801,0.9506,0.9509,1.00,1.00
2010.10.01 13:45:53.139,0.95055,0.95095,2.20,1.00
2010.10.01 13:45:54.212,0.9506,0.95095,1.00,1.00
2010.10.01 13:45:54.557,0.95055,0.9509,2.20,1.00
2010.10.01 13:45:55.987,0.95055,0.9509,1.80,1.00
2010.10.01 13:45:56.158,0.95055,0.95085,1.80,1.00
2010.10.01 13:45:56.508,0.95055,0.9509,1.80,1.00
2010.10.01 13:45:57.129,0.9506,0.95095,2.90,1.00
2010.10.01 13:45:57.469,0.9506,0.9509,3.00,1.00
2010.10.01 13:45:57.808,0.9506,0.95095,3.00,1.00
2010.10.01 13:45:58.889,0.95075,0.951,1.00,4.00
2010.10.01 13:45:59.668,0.95075,0.95105,6.00,1.00
2010.10.01 13:46:00.165,0.95075,0.95105,4.40,1.00
2010.10.01 13:46:00.513,0.95075,0.9511,2.00,1.00
2010.10.01 13:46:01.200,0.95075,0.9511,2.00,1.00
2010.10.01 13:46:01.949,0.95075,0.95105,2.00,1.00
2010.10.01 13:46:02.288,0.95075,0.9511,2.20,1.00
2010.10.01 13:46:02.627,0.95075,0.9511,1.80,1.00
2010.10.01 13:46:03.389,0.9508,0.9511,1.00,1.00
2010.10.01 13:46:04.422,0.9508,0.9511,2.60,1.00
2010.10.01 13:46:04.738,0.9508,0.95115,2.40,1.00
2010.10.01 13:46:04.956,0.95085,0.95115,1.60,1.00
2010.10.01 13:46:08.700,0.9508,0.95115,2.40,1.00
2010.10.01 13:46:10.036,0.9508,0.95115,2.40,1.00
2010.10.01 13:46:10.327,0.95075,0.95115,1.00,9.00
2010.10.01 13:46:11.016,0.9507,0.9511,1.00,1.00
2010.10.01 13:46:11.258,0.9507,0.95105,1.00,1.00
2010.10.01 13:46:11.596,0.9507,0.95105,1.00,1.00
2010.10.01 13:46:12.777,0.9507,0.95105,1.00,1.00
2010.10.01 13:46:13.461,0.9507,0.95105,4.60,1.00
2010.10.01 13:46:14.348,0.9508,0.9511,1.60,1.00
2010.10.01 13:46:14.687,0.9508,0.9511,4.20,1.00
2010.10.01 13:46:15.502,0.9508,0.9511,4.20,1.00
2010.10.01 13:46:15.830,0.9508,0.95115,8.20,1.00
2010.10.01 13:46:16.159,0.9508,0.95115,8.20,1.00
2010.10.01 13:46:16.928,0.9508,0.95115,8.60,1.00
2010.10.01 13:46:19.206,0.9508,0.95115,7.00,1.00
2010.10.01 13:46:19.701,0.9508,0.95115,3.00,1.00
2010.10.01 13:46:19.874,0.95075,0.95115,1.90,1.00
2010.10.01 13:46:20.221,0.9507,0.9511,3.70,2.70
2010.10.01 13:46:20.680,0.9507,0.9511,6.10,1.00
2010.10.01 13:46:21.032,0.9507,0.9511,6.10,1.00
2010.10.01 13:46:21.777,0.95075,0.9511,1.00,1.00
2010.10.01 13:46:22.125,0.95075,0.9511,1.00,1.00
2010.10.01 13:46:23.890,0.9509,0.9512,2.20,4.80
2010.10.01 13:46:24.108,0.9509,0.95125,6.20,1.00
2010.10.01 13:46:24.588,0.9509,0.9513,7.10,1.00
2010.10.01 13:46:24.939,0.951,0.95125,2.40,1.00
2010.10.01 13:46:25.286,0.951,0.95125,4.00,1.00
2010.10.01 13:46:26.056,0.951,0.9513,4.60,1.00
2010.10.01 13:46:26.757,0.951,0.9513,2.20,1.00
2010.10.01 13:46:27.102,0.95105,0.95135,1.80,1.00
2010.10.01 13:46:28.860,0.95105,0.95135,1.80,1.00
2010.10.01 13:46:29.326,0.95105,0.9513,1.80,1.00
2010.10.01 13:46:29.648,0.9511,0.95135,4.00,1.00
2010.10.01 13:46:29.962,0.9511,0.95135,2.60,1.00
2010.10.01 13:46:31.000,0.9511,0.95135,2.60,1.00
2010.10.01 13:46:31.298,0.95105,0.95135,1.60,1.00
2010.10.01 13:46:31.898,0.951,0.95135,3.10,1.00
2010.10.01 13:46:32.630,0.951,0.95135,2.80,1.00
2010.10.01 13:46:32.837,0.951,0.95135,1.00,1.00
2010.10.01 13:46:33.047,0.951,0.9513,1.00,1.00
2010.10.01 13:46:34.077,0.951,0.95125,1.00,1.00
2010.10.01 13:46:34.349,0.95095,0.9512,1.00,1.00
2010.10.01 13:46:34.786,0.9509,0.9512,6.80,1.00
2010.10.01 13:46:35.127,0.9509,0.95125,2.40,1.00
2010.10.01 13:46:36.271,0.9509,0.95125,2.40,1.00
2010.10.01 13:46:36.606,0.95105,0.9513,1.00,1.00
2010.10.01 13:46:37.651,0.9511,0.95135,1.00,1.00
2010.10.01 13:46:38.208,0.95105,0.95135,2.20,1.00
2010.10.01 13:46:39.081,0.95105,0.95135,1.00,1.00
2010.10.01 13:46:39.264,0.951,0.9513,1.60,1.00
2010.10.01 13:46:39.450,0.95095,0.9513,1.40,1.00
2010.10.01 13:46:40.048,0.95095,0.95125,1.00,1.00
2010.10.01 13:46:40.567,0.95095,0.95125,2.30,1.00
2010.10.01 13:46:41.843,0.95095,0.9512,1.00,1.00
2010.10.01 13:46:42.189,0.951,0.9512,1.00,1.00
2010.10.01 13:46:42.363,0.951,0.95125,2.60,1.00
2010.10.01 13:46:45.129,0.95095,0.9512,1.00,1.00
2010.10.01 13:46:45.409,0.95095,0.95125,1.00,1.00
2010.10.01 13:46:46.155,0.951,0.9513,1.00,1.60
2010.10.01 13:46:46.274,0.951,0.95125,2.60,1.00
2010.10.01 13:46:47.070,0.951,0.95125,2.60,1.00
2010.10.01 13:46:47.643,0.9511,0.9514,1.00,1.00
2010.10.01 13:46:47.808,0.95115,0.9514,1.00,1.00
2010.10.01 13:46:48.138,0.95115,0.95135,1.00,1.00
2010.10.01 13:46:48.881,0.9511,0.95135,2.40,1.00
2010.10.01 13:46:49.218,0.95105,0.95135,3.60,1.00
2010.10.01 13:46:49.713,0.95105,0.95135,1.60,1.00
2010.10.01 13:46:50.037,0.95105,0.95135,1.00,1.00
2010.10.01 13:46:53.205,0.95105,0.9513,1.00,1.00
2010.10.01 13:46:53.708,0.95105,0.9513,1.00,1.00
2010.10.01 13:46:54.421,0.95095,0.9513,3.80,1.00
2010.10.01 13:46:55.413,0.95095,0.95125,3.80,1.00
2010.10.01 13:46:56.940,0.95095,0.95125,3.80,1.00
2010.10.01 13:46:57.277,0.95095,0.95125,2.20,1.00
2010.10.01 13:46:58.178,0.95095,0.9512,2.20,1.00
2010.10.01 13:46:59.008,0.95095,0.95125,2.20,1.00
2010.10.01 13:46:59.979,0.95095,0.95125,1.00,1.00
2010.10.01 13:47:00.377,0.95095,0.95125,1.00,1.00
2010.10.01 13:47:01.132,0.95095,0.9512,1.00,1.00
2010.10.01 13:47:02.870,0.9509,0.9512,4.50,1.00
2010.10.01 13:47:04.039,0.9509,0.95115,4.40,1.00
2010.10.01 13:47:04.717,0.9509,0.95115,8.40,1.00
2010.10.01 13:47:07.647,0.95095,0.9512,1.00,1.00
2010.10.01 13:47:09.248,0.9509,0.95115,14.20,1.00
2010.10.01 13:47:09.589,0.9509,0.95115,8.60,1.00
2010.10.01 13:47:10.537,0.9509,0.95115,8.20,1.00
2010.10.01 13:47:10.858,0.9509,0.95115,4.20,1.00
2010.10.01 13:47:12.775,0.9509,0.95125,1.60,1.00
2010.10.01 13:47:13.341,0.9509,0.9512,4.20,1.00
2010.10.01 13:47:13.685,0.9509,0.9512,1.60,1.00
2010.10.01 13:47:14.030,0.9508,0.9512,6.60,2.20
2010.10.01 13:47:14.760,0.9508,0.9511,2.60,1.00
2010.10.01 13:47:15.088,0.95075,0.9511,3.50,1.00
2010.10.01 13:47:15.868,0.9508,0.9511,2.60,1.00
2010.10.01 13:47:16.207,0.95075,0.9511,3.80,1.00
2010.10.01 13:47:16.548,0.95075,0.95105,3.80,1.00
2010.10.01 13:47:17.348,0.9508,0.9511,1.00,1.00
2010.10.01 13:47:17.688,0.95075,0.9511,3.80,1.00
2010.10.01 13:47:18.396,0.9508,0.9511,2.40,1.00
2010.10.01 13:47:18.718,0.9508,0.9511,2.60,1.00
2010.10.01 13:47:19.347,0.9508,0.9511,2.70,1.00
2010.10.01 13:47:20.599,0.9508,0.95115,2.60,9.70
2010.10.01 13:47:20.843,0.9508,0.95115,2.60,1.00
2010.10.01 13:47:21.482,0.9508,0.9511,2.60,1.00
2010.10.01 13:47:22.040,0.9508,0.95105,2.60,1.00
2010.10.01 13:47:23.413,0.9508,0.9511,2.60,1.00
2010.10.01 13:47:23.603,0.95085,0.95115,1.00,1.00
2010.10.01 13:47:24.375,0.95085,0.95115,1.00,1.00
2010.10.01 13:47:25.817,0.95085,0.9512,1.00,1.00
2010.10.01 13:47:26.160,0.95095,0.95125,1.60,1.00
2010.10.01 13:47:27.538,0.9509,0.95125,9.60,1.00
2010.10.01 13:47:28.026,0.9509,0.95125,8.00,1.00
2010.10.01 13:47:28.272,0.9509,0.95125,2.40,1.00
2010.10.01 13:47:29.550,0.95085,0.95115,5.60,1.00
2010.10.01 13:47:29.818,0.95085,0.95115,5.80,1.00
2010.10.01 13:47:30.240,0.9509,0.95115,1.00,1.00
2010.10.01 13:47:30.512,0.9509,0.9512,2.60,1.00
2010.10.01 13:47:31.531,0.9509,0.9512,4.20,1.00
2010.10.01 13:47:31.870,0.9509,0.9512,2.60,1.00
2010.10.01 13:47:32.214,0.9509,0.95115,2.40,1.00
2010.10.01 13:47:32.986,0.9509,0.9511,1.00,1.00
2010.10.01 13:47:33.573,0.95095,0.9511,1.00,1.00
2010.10.01 13:47:34.325,0.9509,0.95125,3.80,8.10
2010.10.01 13:47:34.677,0.9509,0.95115,1.60,1.00
2010.10.01 13:47:35.398,0.9509,0.95115,1.00,1.00
2010.10.01 13:47:35.746,0.9508,0.9511,12.60,1.00
2010.10.01 13:47:36.454,0.9509,0.9511,1.00,1.00
2010.10.01 13:47:36.795,0.9508,0.9511,1.00,1.00
2010.10.01 13:47:37.546,0.9508,0.9511,2.20,1.00
2010.10.01 13:47:37.882,0.95075,0.95105,3.00,1.00
2010.10.01 13:47:38.361,0.95075,0.9511,1.40,1.00
2010.10.01 13:47:38.681,0.95075,0.9511,1.00,1.00
2010.10.01 13:47:38.998,0.95075,0.951,1.00,1.00
2010.10.01 13:47:39.724,0.9507,0.951,4.00,1.00
2010.10.01 13:47:40.069,0.9507,0.951,3.80,1.00
2010.10.01 13:47:40.377,0.9507,0.95095,3.80,1.00
2010.10.01 13:47:41.163,0.95075,0.951,1.80,1.00
2010.10.01 13:47:41.480,0.9507,0.951,3.80,1.00
2010.10.01 13:47:42.469,0.95075,0.95105,1.00,1.00
2010.10.01 13:47:42.749,0.95075,0.951,1.00,1.00
2010.10.01 13:47:44.259,0.95075,0.951,1.00,1.00
2010.10.01 13:47:44.458,0.95075,0.95095,1.00,1.00
2010.10.01 13:47:45.256,0.95075,0.95105,1.00,1.00
2010.10.01 13:47:45.607,0.9507,0.95095,2.00,1.00
2010.10.01 13:47:46.328,0.9507,0.951,2.00,1.00
2010.10.01 13:47:46.678,0.9507,0.951,2.00,1.00
2010.10.01 13:47:47.023,0.9507,0.95095,2.20,1.00
2010.10.01 13:47:48.207,0.9506,0.9509,7.00,1.00
2010.10.01 13:47:48.554,0.95055,0.95085,1.00,1.00
2010.10.01 13:47:49.218,0.95055,0.9509,1.00,6.00
2010.10.01 13:47:49.438,0.95055,0.95085,1.00,1.00
2010.10.01 13:47:49.658,0.9505,0.9508,3.60,1.00
2010.10.01 13:47:50.340,0.9505,0.95075,1.80,1.00
2010.10.01 13:47:50.686,0.9505,0.9508,1.60,1.00
2010.10.01 13:47:51.320,0.95045,0.95075,2.60,1.00
2010.10.01 13:47:51.577,0.9505,0.95075,1.00,1.00
2010.10.01 13:47:51.832,0.9505,0.9508,2.40,1.00
2010.10.01 13:47:52.619,0.95045,0.95075,1.70,1.00
2010.10.01 13:47:52.959,0.95045,0.9508,4.20,1.00
2010.10.01 13:47:53.710,0.95045,0.95075,4.20,1.00
2010.10.01 13:47:54.048,0.95045,0.9507,4.20,1.00
2010.10.01 13:47:55.062,0.95045,0.9507,3.80,1.00
2010.10.01 13:47:55.207,0.95045,0.9507,3.40,1.00
2010.10.01 13:47:55.507,0.95045,0.9507,1.80,1.00
2010.10.01 13:47:55.657,0.95045,0.9507,1.60,1.00
2010.10.01 13:47:57.992,0.9504,0.9507,11.10,1.00
2010.10.01 13:47:58.291,0.9504,0.9507,7.10,1.00
2010.10.01 13:47:58.918,0.9504,0.9507,7.00,1.00
2010.10.01 13:47:59.680,0.95035,0.95075,3.50,1.00
2010.10.01 13:47:59.847,0.95035,0.95075,2.70,1.00
2010.10.01 13:48:00.017,0.95035,0.9507,2.70,1.00
2010.10.01 13:48:00.617,0.95045,0.95075,3.20,1.00
2010.10.01 13:48:00.959,0.9504,0.95075,4.70,1.00
2010.10.01 13:48:01.766,0.9504,0.9508,4.60,1.00
2010.10.01 13:48:03.233,0.9504,0.95075,4.60,1.00
2010.10.01 13:48:03.927,0.9504,0.95075,3.00,1.00
2010.10.01 13:48:04.935,0.95045,0.9508,1.00,1.00
2010.10.01 13:48:05.218,0.95045,0.95075,1.60,1.00
2010.10.01 13:48:05.673,0.95045,0.9507,1.60,1.00
2010.10.01 13:48:05.951,0.95045,0.95075,1.60,1.00
2010.10.01 13:48:06.949,0.95045,0.9507,1.60,1.00
2010.10.01 13:48:07.288,0.9504,0.9507,1.60,1.00
2010.10.01 13:48:07.770,0.9504,0.95075,1.60,1.00
2010.10.01 13:48:08.114,0.95045,0.95075,2.20,1.00
2010.10.01 13:48:09.559,0.95045,0.95075,1.60,1.00
2010.10.01 13:48:09.819,0.95045,0.95075,1.60,1.00
2010.10.01 13:48:10.079,0.95045,0.95075,1.00,2.00
2010.10.01 13:48:10.701,0.95045,0.95075,2.00,1.00
2010.10.01 13:48:10.983,0.95045,0.9508,1.00,2.20
2010.10.01 13:48:11.248,0.9504,0.9508,2.70,2.30
2010.10.01 13:48:12.310,0.9504,0.95075,8.20,1.00
2010.10.01 13:48:16.638,0.9504,0.95075,4.20,1.00
2010.10.01 13:48:16.846,0.95045,0.95075,1.60,1.00
2010.10.01 13:48:17.248,0.9505,0.9508,1.60,2.80
2010.10.01 13:48:17.899,0.9505,0.9508,1.60,1.00
2010.10.01 13:48:19.270,0.95045,0.9508,4.20,1.00
2010.10.01 13:48:20.088,0.9505,0.9508,1.00,1.00
2010.10.01 13:48:20.799,0.9505,0.9508,2.70,1.00
2010.10.01 13:48:22.117,0.95045,0.95075,4.20,1.00
2010.10.01 13:48:22.641,0.9505,0.9508,3.00,1.00
2010.10.01 13:48:23.557,0.9505,0.95085,3.00,1.00
2010.10.01 13:48:23.897,0.9505,0.9508,3.00,1.00
2010.10.01 13:48:24.791,0.9505,0.95085,1.00,1.00
2010.10.01 13:48:25.257,0.9505,0.9508,1.00,1.00
2010.10.01 13:48:25.497,0.9505,0.9508,1.00,1.00
2010.10.01 13:48:26.056,0.9505,0.95085,1.00,1.60
2010.10.01 13:48:26.350,0.9505,0.9508,1.00,1.00
2010.10.01 13:48:26.632,0.9505,0.95085,1.00,1.00
2010.10.01 13:48:29.122,0.95045,0.9508,1.60,2.70
2010.10.01 13:48:29.359,0.95045,0.9508,1.00,1.00
2010.10.01 13:48:30.000,0.9504,0.95075,8.70,1.00
2010.10.01 13:48:30.338,0.9504,0.95075,4.70,1.00
2010.10.01 13:48:30.975,0.9504,0.9508,4.60,2.60
2010.10.01 13:48:31.642,0.9504,0.95075,2.10,1.00
2010.10.01 13:48:32.579,0.9504,0.95075,2.10,1.00
2010.10.01 13:48:32.918,0.9504,0.95075,2.00,1.00
2010.10.01 13:48:33.537,0.9504,0.9507,2.00,1.00
2010.10.01 13:48:33.801,0.9504,0.95075,1.00,1.00
2010.10.01 13:48:34.059,0.9504,0.9507,1.00,1.00
2010.10.01 13:48:34.760,0.95035,0.9507,1.00,4.60
2010.10.01 13:48:35.100,0.95035,0.9507,2.20,1.70
2010.10.01 13:48:35.842,0.95035,0.9507,2.20,1.00
2010.10.01 13:48:36.081,0.95035,0.9507,1.00,1.00
2010.10.01 13:48:36.317,0.95035,0.9507,1.00,2.60
2010.10.01 13:48:36.557,0.9503,0.9507,10.20,2.60
2010.10.01 13:48:37.349,0.95035,0.9507,1.70,2.70
2010.10.01 13:48:37.689,0.95035,0.9507,2.20,1.00
2010.10.01 13:48:38.247,0.9504,0.95075,1.60,1.00
2010.10.01 13:48:38.882,0.9504,0.9507,4.20,1.00
2010.10.01 13:48:39.122,0.9504,0.95075,6.30,1.00
2010.10.01 13:48:40.169,0.95045,0.9508,1.60,2.60
2010.10.01 13:48:40.469,0.95045,0.9508,2.30,2.50
2010.10.01 13:48:40.768,0.9505,0.95075,1.00,1.00
2010.10.01 13:48:41.215,0.9505,0.9508,1.00,1.00
2010.10.01 13:48:41.483,0.9505,0.9508,2.20,1.00
2010.10.01 13:48:41.749,0.9505,0.9508,1.00,1.00
2010.10.01 13:48:43.547,0.95055,0.9508,1.00,1.00
2010.10.01 13:48:43.789,0.9506,0.95085,1.00,1.00
2010.10.01 13:48:45.776,0.9506,0.9509,1.00,1.00
2010.10.01 13:48:46.022,0.9506,0.9509,1.00,1.00
2010.10.01 13:48:46.269,0.95055,0.95085,3.80,1.00
2010.10.01 13:48:46.508,0.95055,0.95085,1.00,1.00
2010.10.01 13:48:47.283,0.9506,0.95085,1.00,1.00
2010.10.01 13:48:47.599,0.9506,0.95085,1.00,1.00
2010.10.01 13:48:47.919,0.95065,0.9509,1.00,1.00
2010.10.01 13:48:48.601,0.9507,0.95095,1.00,1.00
2010.10.01 13:48:48.898,0.95065,0.9509,1.60,1.00
2010.10.01 13:48:49.604,0.95055,0.95085,4.00,1.00
2010.10.01 13:48:49.957,0.95055,0.95085,8.00,1.00
2010.10.01 13:48:50.299,0.95055,0.95085,4.20,1.00
2010.10.01 13:48:51.758,0.95055,0.95085,4.30,1.00
2010.10.01 13:48:52.057,0.95055,0.95085,5.90,1.00
2010.10.01 13:48:52.778,0.9506,0.9509,1.00,2.50
2010.10.01 13:48:52.949,0.95055,0.9509,1.60,2.50
2010.10.01 13:48:53.117,0.9505,0.9509,10.10,1.00
2010.10.01 13:48:53.888,0.9505,0.95085,3.60,1.00
2010.10.01 13:48:54.201,0.95055,0.9509,2.20,1.00
2010.10.01 13:48:54.509,0.95065,0.95095,1.00,8.00
2010.10.01 13:48:55.259,0.95065,0.95095,2.20,1.00
2010.10.01 13:48:55.537,0.95065,0.95095,1.00,1.00
2010.10.01 13:48:55.818,0.95065,0.95095,8.60,1.00
2010.10.01 13:48:56.097,0.95065,0.9509,8.60,1.00
2010.10.01 13:48:58.558,0.95065,0.9509,10.20,1.00
2010.10.01 13:48:59.199,0.95065,0.9509,2.20,1.00
2010.10.01 13:49:02.818,0.95065,0.95095,1.00,1.00
2010.10.01 13:49:02.837,0.9506,0.95095,9.10,1.00
2010.10.01 13:49:03.184,0.95055,0.9509,2.30,1.00
2010.10.01 13:49:03.533,0.95055,0.9509,2.10,1.00
2010.10.01 13:49:04.363,0.95055,0.95095,1.00,1.00
2010.10.01 13:49:04.587,0.9506,0.95095,4.60,1.00
2010.10.01 13:49:04.795,0.95065,0.951,1.00,2.40
2010.10.01 13:49:05.000,0.95065,0.95105,8.20,4.30
2010.10.01 13:49:05.590,0.9507,0.95105,2.60,1.60
2010.10.01 13:49:05.929,0.95065,0.95105,9.80,1.00
2010.10.01 13:49:06.464,0.95065,0.95105,1.80,1.00
2010.10.01 13:49:06.813,0.95065,0.951,1.00,1.60
2010.10.01 13:49:10.435,0.95065,0.951,1.00,1.00
2010.10.01 13:49:11.057,0.95065,0.951,1.80,1.00
2010.10.01 13:49:11.798,0.9507,0.951,1.60,1.00
2010.10.01 13:49:12.276,0.95065,0.951,1.80,1.00
2010.10.01 13:49:12.617,0.9507,0.951,1.60,1.00
2010.10.01 13:49:13.297,0.9507,0.951,1.60,1.00
2010.10.01 13:49:14.158,0.9507,0.951,1.60,1.00
2010.10.01 13:49:15.615,0.9506,0.95095,2.70,1.00
2010.10.01 13:49:16.122,0.9506,0.95095,2.60,1.00
2010.10.01 13:49:16.756,0.95065,0.951,1.00,1.70
2010.10.01 13:49:17.054,0.95065,0.95105,2.20,4.20
2010.10.01 13:49:17.352,0.95065,0.951,2.20,1.00
2010.10.01 13:49:18.369,0.95065,0.95105,2.30,1.00
2010.10.01 13:49:18.688,0.95065,0.951,2.20,1.00
2010.10.01 13:49:19.414,0.9507,0.95095,1.00,1.00
2010.10.01 13:49:19.756,0.95075,0.951,1.00,1.00
2010.10.01 13:49:20.771,0.9507,0.951,2.60,1.00
2010.10.01 13:49:21.044,0.95075,0.9511,1.00,1.00
2010.10.01 13:49:21.312,0.95075,0.95105,1.80,1.00
2010.10.01 13:49:21.951,0.95075,0.9511,1.80,1.00
2010.10.01 13:49:22.289,0.95075,0.95105,1.80,1.00
2010.10.01 13:49:22.968,0.95075,0.95105,1.80,1.00
2010.10.01 13:49:24.019,0.95075,0.95115,6.60,1.00
2010.10.01 13:49:24.158,0.95075,0.95115,8.20,1.00
2010.10.01 13:49:24.298,0.9508,0.95115,2.40,1.00
2010.10.01 13:49:24.717,0.95075,0.95115,8.20,1.00
2010.10.01 13:49:24.849,0.95075,0.9511,11.80,1.00
2010.10.01 13:49:24.988,0.9508,0.95115,1.00,1.00
2010.10.01 13:49:26.394,0.95085,0.95115,2.20,1.00
2010.10.01 13:49:26.944,0.95085,0.95115,1.00,1.00
2010.10.01 13:49:27.012,0.95085,0.9512,1.00,1.00
2010.10.01 13:49:27.611,0.9509,0.95125,1.00,1.90
2010.10.01 13:49:28.120,0.9509,0.95125,1.00,1.00
2010.10.01 13:49:28.356,0.9509,0.9512,1.00,1.00
2010.10.01 13:49:30.049,0.95085,0.9512,1.00,1.00
2010.10.01 13:49:31.032,0.9508,0.95115,1.00,1.00
2010.10.01 13:49:31.358,0.9508,0.95115,1.00,1.00
2010.10.01 13:49:31.807,0.95085,0.9512,1.00,8.50
2010.10.01 13:49:32.156,0.9508,0.9512,7.00,2.60
2010.10.01 13:49:32.919,0.9508,0.9512,3.00,6.60
2010.10.01 13:49:33.260,0.9508,0.95115,3.10,4.00
2010.10.01 13:49:33.598,0.9508,0.9512,3.10,10.70
2010.10.01 13:49:35.028,0.95085,0.9512,1.00,10.70
2010.10.01 13:49:35.687,0.95085,0.9512,1.00,2.70
2010.10.01 13:49:37.927,0.9508,0.95115,1.00,1.00
2010.10.01 13:49:38.271,0.9508,0.95115,1.00,1.70
2010.10.01 13:49:38.409,0.9508,0.95115,2.70,1.60
2010.10.01 13:49:38.547,0.9508,0.95115,2.60,1.60
2010.10.01 13:49:38.688,0.9508,0.95115,2.60,1.60
2010.10.01 13:49:39.249,0.9508,0.95115,2.60,1.70
2010.10.01 13:49:39.491,0.9508,0.95115,2.40,1.90
2010.10.01 13:49:39.729,0.9508,0.9511,1.00,1.60
2010.10.01 13:49:39.968,0.95075,0.9511,1.00,1.60
2010.10.01 13:49:40.702,0.9507,0.95105,2.90,1.00
2010.10.01 13:49:41.470,0.95075,0.95105,1.00,1.00
2010.10.01 13:49:41.815,0.9508,0.9511,1.00,8.00
2010.10.01 13:49:42.600,0.9508,0.9512,3.00,12.30
2010.10.01 13:49:42.938,0.9509,0.9512,1.00,8.00
2010.10.01 13:49:43.588,0.9509,0.95125,2.60,1.00
2010.10.01 13:49:43.830,0.9509,0.9512,2.60,1.00
2010.10.01 13:49:44.710,0.9509,0.95125,2.60,1.00
2010.10.01 13:49:45.050,0.9509,0.9512,2.60,1.00
2010.10.01 13:49:45.387,0.9509,0.95125,2.60,1.00
2010.10.01 13:49:46.159,0.95095,0.95125,1.00,1.00
2010.10.01 13:49:46.408,0.9509,0.95125,3.80,1.00
2010.10.01 13:49:47.183,0.95095,0.95125,1.80,1.00
2010.10.01 13:49:48.312,0.95095,0.95125,1.80,1.00
2010.10.01 13:49:49.301,0.95095,0.9513,10.30,1.00
2010.10.01 13:49:49.501,0.951,0.9513,1.00,1.00
2010.10.01 13:49:50.684,0.951,0.9513,1.00,1.00
2010.10.01 13:49:52.533,0.951,0.9513,1.00,1.00
2010.10.01 13:49:52.717,0.951,0.95135,1.00,1.00
2010.10.01 13:49:52.817,0.95105,0.95135,1.00,1.00
2010.10.01 13:49:53.361,0.95105,0.9514,1.00,1.00
2010.10.01 13:49:53.459,0.95105,0.9514,1.00,1.00
2010.10.01 13:49:53.799,0.95105,0.9514,1.00,1.70
2010.10.01 13:49:54.579,0.95105,0.9514,1.00,1.60
2010.10.01 13:49:55.188,0.95105,0.95135,1.00,1.00
2010.10.01 13:49:55.818,0.951,0.9513,1.00,1.00
2010.10.01 13:49:56.041,0.951,0.9513,1.00,1.00
2010.10.01 13:49:56.258,0.951,0.95135,1.00,1.00
2010.10.01 13:49:56.942,0.951,0.95135,2.20,1.00
2010.10.01 13:49:57.283,0.9511,0.9514,1.00,1.00
2010.10.01 13:49:58.481,0.95105,0.9514,10.20,1.60
2010.10.01 13:49:58.820,0.95105,0.9514,1.00,2.20
2010.10.01 13:49:59.557,0.951,0.9514,7.10,2.30
2010.10.01 13:49:59.842,0.95105,0.9514,1.00,2.30
2010.10.01 13:50:00.121,0.951,0.95135,7.10,1.00
2010.10.01 13:50:00.803,0.951,0.9513,4.60,1.00
2010.10.01 13:50:01.112,0.951,0.95135,1.00,1.00
2010.10.01 13:50:01.409,0.95105,0.9514,1.00,1.90
2010.10.01 13:50:02.497,0.95105,0.9514,1.00,1.80
2010.10.01 13:50:02.727,0.95105,0.9514,1.00,1.80
2010.10.01 13:50:02.957,0.95105,0.9514,1.00,1.80
2010.10.01 13:50:03.788,0.95105,0.9514,1.00,1.80
2010.10.01 13:50:03.991,0.951,0.9514,2.80,1.80
2010.10.01 13:50:04.880,0.9513,0.9516,1.00,5.60
2010.10.01 13:50:05.734,0.9513,0.9516,1.00,1.00
2010.10.01 13:50:06.084,0.9513,0.95155,1.00,1.00
2010.10.01 13:50:06.827,0.9514,0.9516,1.00,1.00
2010.10.01 13:50:07.165,0.9513,0.9516,12.60,1.00
2010.10.01 13:50:07.868,0.9513,0.9516,4.60,1.60
2010.10.01 13:50:08.403,0.95135,0.95165,1.00,1.00
2010.10.01 13:50:09.144,0.95135,0.95165,1.00,1.00
2010.10.01 13:50:09.496,0.95135,0.95165,1.00,1.00
2010.10.01 13:50:10.475,0.9513,0.95165,8.40,1.00
2010.10.01 13:50:10.747,0.9513,0.95165,4.40,1.60
2010.10.01 13:50:11.030,0.9513,0.95165,4.50,1.70
2010.10.01 13:50:11.316,0.9513,0.95165,1.00,1.00
2010.10.01 13:50:11.992,0.9514,0.95165,2.80,1.00
2010.10.01 13:50:12.330,0.95145,0.95165,1.00,1.00
2010.10.01 13:50:12.863,0.95145,0.95165,2.80,1.00
2010.10.01 13:50:13.205,0.95145,0.95165,2.80,1.00
2010.10.01 13:50:13.540,0.95145,0.9516,1.60,1.00
2010.10.01 13:50:14.339,0.9514,0.95165,1.00,1.00
2010.10.01 13:50:14.658,0.95145,0.95165,1.00,1.00
2010.10.01 13:50:15.086,0.95145,0.95165,2.00,1.00
2010.10.01 13:50:15.438,0.9515,0.95165,2.40,1.00
2010.10.01 13:50:16.189,0.95145,0.9517,2.80,1.00
2010.10.01 13:50:16.534,0.95145,0.95165,2.80,1.00
2010.10.01 13:50:16.882,0.95145,0.9517,2.80,1.00
2010.10.01 13:50:17.605,0.95145,0.95165,2.80,1.00
2010.10.01 13:50:17.956,0.95145,0.95165,2.80,1.00
2010.10.01 13:50:19.093,0.9514,0.9516,1.00,1.00
2010.10.01 13:50:21.139,0.9514,0.95155,1.00,1.00
2010.10.01 13:50:23.839,0.95135,0.95155,2.40,1.00
2010.10.01 13:50:24.183,0.9513,0.9515,2.00,1.00
2010.10.01 13:50:24.681,0.9513,0.9515,1.60,1.00
2010.10.01 13:50:24.986,0.95125,0.9515,2.00,2.70
2010.10.01 13:50:25.279,0.95135,0.95145,1.00,1.00
2010.10.01 13:50:25.580,0.95135,0.9516,2.40,2.60
2010.10.01 13:50:26.177,0.95135,0.9516,1.00,1.00
2010.10.01 13:50:26.521,0.95135,0.9516,2.80,1.00
2010.10.01 13:50:26.862,0.95135,0.95155,2.80,1.00
2010.10.01 13:50:27.610,0.95135,0.9516,2.80,1.00
2010.10.01 13:50:27.948,0.95135,0.95155,2.80,1.00
2010.10.01 13:50:28.973,0.95135,0.9516,2.80,1.00
2010.10.01 13:50:29.239,0.95135,0.95155,2.80,1.00
2010.10.01 13:50:29.509,0.95135,0.9516,2.80,1.00
2010.10.01 13:50:30.230,0.95145,0.95175,2.80,1.00
2010.10.01 13:50:30.479,0.95145,0.95175,2.80,1.00
2010.10.01 13:50:30.731,0.95145,0.95165,2.40,1.00
2010.10.01 13:50:31.414,0.9514,0.95165,1.00,1.00
2010.10.01 13:50:32.695,0.9513,0.9516,2.80,3.10
2010.10.01 13:50:33.433,0.9513,0.95155,3.00,1.00
2010.10.01 13:50:33.786,0.9513,0.9516,3.00,1.00
2010.10.01 13:50:34.541,0.9513,0.9516,3.00,1.00
2010.10.01 13:50:34.826,0.9513,0.9516,3.00,1.00
2010.10.01 13:50:35.113,0.9513,0.9516,2.80,1.00
2010.10.01 13:50:35.573,0.9513,0.9516,2.80,2.60
2010.10.01 13:50:36.044,0.9513,0.95155,2.80,1.00
2010.10.01 13:50:37.793,0.95125,0.95155,1.00,1.00
2010.10.01 13:50:37.971,0.95125,0.95145,1.00,1.00
2010.10.01 13:50:38.612,0.95115,0.95145,1.00,1.00
2010.10.01 13:50:38.791,0.95115,0.95145,1.00,1.00
2010.10.01 13:50:39.561,0.9512,0.95145,1.00,1.00
2010.10.01 13:50:39.899,0.9512,0.95145,2.00,1.00
2010.10.01 13:50:40.670,0.9512,0.95145,2.00,1.00
2010.10.01 13:50:41.010,0.9512,0.9515,2.00,4.10
2010.10.01 13:50:41.329,0.9512,0.9515,2.20,1.00
2010.10.01 13:50:42.078,0.9512,0.9515,2.00,1.00
2010.10.01 13:50:42.278,0.9512,0.9515,2.00,1.00
2010.10.01 13:50:43.300,0.9512,0.9515,2.00,1.00
2010.10.01 13:50:43.578,0.9512,0.9515,2.00,1.00
2010.10.01 13:50:43.859,0.9512,0.95145,2.00,1.00
2010.10.01 13:50:44.157,0.9512,0.95135,2.00,1.00
2010.10.01 13:50:44.586,0.95115,0.9514,1.00,2.60
2010.10.01 13:50:44.937,0.95105,0.95135,2.00,1.00
2010.10.01 13:50:45.462,0.95105,0.95135,2.00,1.00
2010.10.01 13:50:47.217,0.95105,0.95135,2.00,1.00
2010.10.01 13:50:49.997,0.9511,0.9514,1.00,2.40
2010.10.01 13:50:50.255,0.9511,0.9514,1.00,1.00
2010.10.01 13:50:51.562,0.95115,0.95145,1.00,1.00
2010.10.01 13:50:51.890,0.95115,0.95145,1.00,1.00
2010.10.01 13:50:52.321,0.95115,0.95145,2.20,1.00
2010.10.01 13:50:52.634,0.95125,0.9515,1.00,1.00
2010.10.01 13:50:53.763,0.95125,0.9515,1.00,1.00
2010.10.01 13:50:54.577,0.95125,0.9515,1.00,1.00
2010.10.01 13:50:55.380,0.95125,0.95145,1.00,1.00
2010.10.01 13:50:56.267,0.95125,0.95145,1.00,1.00
2010.10.01 13:50:58.042,0.95115,0.95145,2.80,1.00
2010.10.01 13:50:59.348,0.95115,0.9514,2.80,1.00
2010.10.01 13:50:59.520,0.95115,0.95145,2.80,1.00
2010.10.01 13:51:00.197,0.95115,0.95145,2.80,1.00
2010.10.01 13:51:00.537,0.95115,0.95145,2.80,1.00
2010.10.01 13:51:01.250,0.95115,0.9514,4.40,1.00
2010.10.01 13:51:01.538,0.95115,0.9514,2.80,1.00
2010.10.01 13:51:01.870,0.95115,0.9514,1.60,1.00
2010.10.01 13:51:02.624,0.95115,0.9514,1.00,1.00
2010.10.01 13:51:02.810,0.9511,0.95135,4.80,1.00
2010.10.01 13:51:02.991,0.9511,0.9514,2.40,2.60
2010.10.01 13:51:03.172,0.9511,0.9514,1.00,1.00
2010.10.01 13:51:03.606,0.95105,0.9514,2.20,1.00
2010.10.01 13:51:03.793,0.95105,0.9514,1.00,1.00
2010.10.01 13:51:04.141,0.95105,0.95135,1.00,1.00
2010.10.01 13:51:04.484,0.95105,0.9514,1.00,1.00
2010.10.01 13:51:05.249,0.95105,0.9513,1.00,1.00
2010.10.01 13:51:05.942,0.95105,0.95135,1.00,1.00
2010.10.01 13:51:06.618,0.95105,0.95135,1.00,1.00
2010.10.01 13:51:07.727,0.95105,0.95135,1.00,1.00
2010.10.01 13:51:08.071,0.95105,0.9514,1.00,5.80
2010.10.01 13:51:08.330,0.9511,0.9514,1.80,1.60
2010.10.01 13:51:08.774,0.9511,0.95145,4.60,5.90
2010.10.01 13:51:09.060,0.9511,0.9514,2.00,1.00
2010.10.01 13:51:09.351,0.9511,0.9514,3.60,1.00
2010.10.01 13:51:10.068,0.9511,0.9514,2.00,1.00
2010.10.01 13:51:11.406,0.9511,0.9514,2.00,1.00
2010.10.01 13:51:11.750,0.9511,0.9514,2.00,1.00
2010.10.01 13:51:12.868,0.9511,0.9514,3.60,1.00
2010.10.01 13:51:13.208,0.9511,0.95135,3.60,1.00
2010.10.01 13:51:13.440,0.9511,0.9514,1.00,4.40
2010.10.01 13:51:13.876,0.9511,0.9514,1.00,4.40
2010.10.01 13:51:14.107,0.9511,0.95145,4.60,1.80
2010.10.01 13:51:15.899,0.9511,0.9514,4.60,1.00
2010.10.01 13:51:17.172,0.9511,0.9514,4.60,1.00
2010.10.01 13:51:17.927,0.9511,0.9514,2.20,2.40
2010.10.01 13:51:18.270,0.9511,0.95145,1.00,1.00
2010.10.01 13:51:18.611,0.9511,0.9514,1.00,1.00
2010.10.01 13:51:19.085,0.9511,0.95145,1.00,1.00
2010.10.01 13:51:19.438,0.9511,0.95145,3.10,1.00
2010.10.01 13:51:20.416,0.9511,0.95145,1.00,1.00
2010.10.01 13:51:20.750,0.9511,0.95145,1.00,1.00
2010.10.01 13:51:21.627,0.95115,0.95145,1.00,1.00
2010.10.01 13:51:22.449,0.9511,0.95145,1.00,1.00
2010.10.01 13:51:22.738,0.9511,0.95145,4.70,1.00
2010.10.01 13:51:23.196,0.95115,0.95145,1.00,1.00
2010.10.01 13:51:23.378,0.9511,0.95145,4.60,1.00
2010.10.01 13:51:24.336,0.9511,0.95145,4.70,1.00
2010.10.01 13:51:24.802,0.95105,0.95145,11.90,1.00
2010.10.01 13:51:25.231,0.95105,0.9514,11.80,1.00
2010.10.01 13:51:25.469,0.9511,0.95145,1.00,1.00
2010.10.01 13:51:26.204,0.95115,0.9515,1.00,1.00
2010.10.01 13:51:26.528,0.95115,0.9515,1.00,1.00
2010.10.01 13:51:26.860,0.9512,0.9515,1.00,1.00
2010.10.01 13:51:28.051,0.9512,0.95145,1.00,1.00
2010.10.01 13:51:29.639,0.9512,0.9515,1.00,1.00
2010.10.01 13:51:30.895,0.9512,0.9515,1.00,1.00
2010.10.01 13:51:31.081,0.9512,0.9515,1.00,1.70
2010.10.01 13:51:31.479,0.9512,0.9515,1.00,1.00
2010.10.01 13:51:34.508,0.95115,0.95145,1.00,1.00
2010.10.01 13:51:34.935,0.95115,0.95145,1.00,1.00
2010.10.01 13:51:35.504,0.95115,0.95145,1.00,1.00
2010.10.01 13:51:35.847,0.9511,0.95135,2.40,1.00
2010.10.01 13:51:36.568,0.9511,0.9513,1.00,1.00
2010.10.01 13:51:36.911,0.951,0.9513,2.10,1.00
2010.10.01 13:51:37.587,0.951,0.9513,1.00,1.00
2010.10.01 13:51:37.929,0.951,0.9513,1.00,1.00
2010.10.01 13:51:38.969,0.951,0.95135,1.00,1.00
2010.10.01 13:51:39.478,0.95105,0.95135,1.00,1.00
2010.10.01 13:51:39.608,0.951,0.95135,1.00,1.00
2010.10.01 13:51:40.664,0.951,0.95135,1.00,1.00
2010.10.01 13:51:40.782,0.951,0.95135,2.20,1.00
2010.10.01 13:51:41.356,0.951,0.95135,2.20,1.00
2010.10.01 13:51:41.462,0.95105,0.9513,4.60,1.00
2010.10.01 13:51:41.571,0.9511,0.95135,1.00,1.00
2010.10.01 13:51:42.430,0.9511,0.9514,1.00,1.00
2010.10.01 13:51:42.771,0.95115,0.95135,1.00,1.00
2010.10.01 13:51:43.502,0.9511,0.95135,1.00,1.00
2010.10.01 13:51:43.790,0.9511,0.95135,1.00,1.00
2010.10.01 13:51:44.773,0.9511,0.9514,1.00,1.00
2010.10.01 13:51:45.093,0.9511,0.95135,2.20,1.00
2010.10.01 13:51:45.301,0.9511,0.9514,2.20,1.00
2010.10.01 13:51:46.590,0.95115,0.9514,1.00,1.00
2010.10.01 13:51:46.928,0.95115,0.95145,2.20,1.00
2010.10.01 13:51:48.616,0.95115,0.95145,1.00,1.00
2010.10.01 13:51:48.981,0.95115,0.95145,1.00,1.00
2010.10.01 13:51:49.504,0.95115,0.95145,1.00,1.00
2010.10.01 13:51:52.671,0.95115,0.9514,1.00,1.00
2010.10.01 13:51:52.843,0.95115,0.95145,1.00,1.00
2010.10.01 13:51:54.107,0.95115,0.9514,1.00,1.00
2010.10.01 13:51:54.254,0.95105,0.95135,2.10,1.00
2010.10.01 13:51:54.949,0.95105,0.95135,2.00,1.00
2010.10.01 13:51:55.498,0.95105,0.9514,1.90,6.70
2010.10.01 13:51:55.926,0.95105,0.9514,1.00,6.70
2010.10.01 13:51:56.263,0.951,0.95135,1.00,1.00
2010.10.01 13:51:57.017,0.951,0.95135,1.00,1.00
2010.10.01 13:51:57.364,0.951,0.95135,3.00,1.00
2010.10.01 13:51:57.712,0.95105,0.9514,1.00,8.50
2010.10.01 13:51:58.490,0.95105,0.9514,2.20,1.00
2010.10.01 13:51:58.827,0.95105,0.9514,2.30,1.00
2010.10.01 13:51:59.273,0.95105,0.9514,2.30,2.50
2010.10.01 13:51:59.616,0.95105,0.95135,3.60,1.00
2010.10.01 13:52:00.198,0.95105,0.95135,2.00,1.00
2010.10.01 13:52:00.497,0.95105,0.9514,2.10,3.10
2010.10.01 13:52:01.234,0.95105,0.9514,3.70,3.10
2010.10.01 13:52:01.758,0.95105,0.9514,3.90,2.70
2010.10.01 13:52:02.460,0.9511,0.95145,1.00,2.20
2010.10.01 13:52:03.038,0.9511,0.9514,1.00,1.00
2010.10.01 13:52:03.518,0.9511,0.95145,1.00,2.20
2010.10.01 13:52:03.839,0.95105,0.9514,2.30,1.00
2010.10.01 13:52:04.157,0.95105,0.95135,1.00,1.00
2010.10.01 13:52:04.913,0.951,0.95135,1.00,1.00
2010.10.01 13:52:05.579,0.95095,0.9513,4.60,1.00
2010.10.01 13:52:05.748,0.951,0.9513,1.00,1.00
2010.10.01 13:52:06.332,0.951,0.9513,1.00,1.00
2010.10.01 13:52:06.504,0.951,0.95135,4.20,1.00
2010.10.01 13:52:06.680,0.95105,0.95135,1.60,1.00
2010.10.01 13:52:07.308,0.95105,0.9514,2.20,1.00
2010.10.01 13:52:07.655,0.9511,0.9514,1.00,1.00
2010.10.01 13:52:08.833,0.9511,0.95135,1.00,1.00
2010.10.01 13:52:09.010,0.95115,0.9514,1.00,1.00
2010.10.01 13:52:09.529,0.9511,0.9514,4.80,1.00
2010.10.01 13:52:09.709,0.9511,0.9514,1.80,2.40
2010.10.01 13:52:10.438,0.9511,0.95145,1.00,2.00
2010.10.01 13:52:10.767,0.9511,0.9514,1.00,1.00
2010.10.01 13:52:11.419,0.9511,0.95145,1.00,2.00
2010.10.01 13:52:13.969,0.9511,0.9514,1.00,1.00
2010.10.01 13:52:14.687,0.9511,0.95145,1.00,1.00
2010.10.01 13:52:15.342,0.95115,0.9515,1.00,1.70
2010.10.01 13:52:16.088,0.95115,0.9514,1.00,1.00
2010.10.01 13:52:16.783,0.95105,0.9514,1.00,1.00
2010.10.01 13:52:17.079,0.9511,0.95145,1.00,9.80
2010.10.01 13:52:17.521,0.9511,0.95145,1.00,8.20
2010.10.01 13:52:17.861,0.9511,0.95145,2.60,1.00
2010.10.01 13:52:19.513,0.9511,0.9514,1.00,1.00
2010.10.01 13:52:21.397,0.9511,0.9514,1.00,1.00
2010.10.01 13:52:23.084,0.9511,0.9514,1.00,1.00
2010.10.01 13:52:23.411,0.9511,0.9514,1.00,1.00
2010.10.01 13:52:27.249,0.9511,0.9514,1.00,1.00
2010.10.01 13:52:27.421,0.95105,0.9514,2.30,2.60
2010.10.01 13:52:27.589,0.95115,0.95145,1.00,1.00
2010.10.01 13:52:27.840,0.9511,0.95145,2.20,1.00
2010.10.01 13:52:28.356,0.9511,0.95145,1.00,1.00
2010.10.01 13:52:28.614,0.9511,0.95145,1.00,1.00
2010.10.01 13:52:28.959,0.9511,0.95145,1.00,1.00
2010.10.01 13:52:29.537,0.9511,0.95135,1.00,1.00
2010.10.01 13:52:29.809,0.95105,0.95135,1.00,1.00
2010.10.01 13:52:31.078,0.951,0.95135,4.70,1.00
2010.10.01 13:52:31.418,0.95105,0.95135,1.00,1.00
2010.10.01 13:52:32.791,0.95095,0.95125,8.90,1.00
2010.10.01 13:52:32.877,0.951,0.9513,1.00,1.00
2010.10.01 13:52:33.181,0.951,0.9513,2.00,1.00
2010.10.01 13:52:33.683,0.951,0.9513,1.00,1.00
2010.10.01 13:52:34.269,0.951,0.9513,1.00,1.00
2010.10.01 13:52:35.244,0.951,0.9513,1.00,2.20
2010.10.01 13:52:35.432,0.951,0.9513,1.00,1.60
2010.10.01 13:52:35.619,0.951,0.9513,1.00,1.70
2010.10.01 13:52:35.809,0.951,0.9513,1.00,1.00
2010.10.01 13:52:36.719,0.95095,0.9513,1.70,1.00
2010.10.01 13:52:36.992,0.95095,0.9513,1.00,1.00
2010.10.01 13:52:37.592,0.95095,0.9513,1.00,1.00
2010.10.01 13:52:37.947,0.95095,0.95125,1.60,1.00
2010.10.01 13:52:38.933,0.95095,0.9513,1.90,1.00
2010.10.01 13:52:39.244,0.951,0.95125,1.00,1.00
2010.10.01 13:52:39.966,0.951,0.95135,2.60,1.00
2010.10.01 13:52:40.244,0.951,0.95135,1.00,1.00
2010.10.01 13:52:40.522,0.951,0.9513,1.00,1.00
2010.10.01 13:52:41.192,0.951,0.9513,1.00,1.00
2010.10.01 13:52:41.513,0.95095,0.9513,3.80,1.00
2010.10.01 13:52:43.171,0.95095,0.95125,3.80,1.00
2010.10.01 13:52:43.475,0.95095,0.9513,4.20,1.00
2010.10.01 13:52:43.698,0.95095,0.9513,8.20,1.00
2010.10.01 13:52:45.067,0.951,0.9513,1.00,1.00
2010.10.01 13:52:45.687,0.95095,0.9513,8.20,1.00
2010.10.01 13:52:46.212,0.95095,0.9513,7.80,2.40
2010.10.01 13:52:46.415,0.95095,0.9513,3.80,2.40
2010.10.01 13:52:46.718,0.95095,0.95125,3.80,1.00
2010.10.01 13:52:46.878,0.95095,0.9513,3.80,2.40
2010.10.01 13:52:47.472,0.95095,0.95125,3.60,1.00
2010.10.01 13:52:49.450,0.951,0.95125,1.00,1.00
2010.10.01 13:52:49.731,0.951,0.95135,1.00,4.60
2010.10.01 13:52:50.369,0.951,0.95135,1.00,1.00
2010.10.01 13:52:50.624,0.95105,0.9514,1.00,4.60
2010.10.01 13:52:54.349,0.951,0.95135,2.10,1.00
2010.10.01 13:52:54.801,0.951,0.95135,1.70,1.00
2010.10.01 13:52:55.027,0.951,0.9514,2.60,6.60
2010.10.01 13:52:56.463,0.95105,0.9514,1.00,6.70
2010.10.01 13:52:57.989,0.95105,0.9514,1.00,4.70
2010.10.01 13:52:58.988,0.95105,0.95135,1.00,1.00
2010.10.01 13:52:59.169,0.951,0.95135,1.00,2.30
2010.10.01 13:52:59.590,0.95095,0.95135,9.50,2.30
2010.10.01 13:52:59.774,0.95095,0.95125,1.00,1.00
2010.10.01 13:53:00.289,0.95095,0.9513,1.00,4.00
2010.10.01 13:53:00.938,0.95095,0.95135,1.00,2.20
2010.10.01 13:53:01.227,0.95095,0.9513,1.00,3.00
2010.10.01 13:53:01.802,0.95095,0.95125,1.00,1.00
2010.10.01 13:53:02.554,0.9509,0.95125,4.60,1.00
2010.10.01 13:53:02.900,0.9509,0.95125,10.20,1.00
2010.10.01 13:53:03.355,0.9509,0.95125,6.20,1.00
2010.10.01 13:53:03.714,0.9509,0.95125,4.60,1.00
2010.10.01 13:53:04.401,0.9509,0.9512,1.60,1.00
2010.10.01 13:53:05.077,0.95085,0.9512,3.80,1.00
2010.10.01 13:53:05.352,0.951,0.9513,1.00,8.00
2010.10.01 13:53:05.884,0.951,0.9513,1.00,1.60
2010.10.01 13:53:06.232,0.951,0.9514,1.00,5.00
2010.10.01 13:53:08.798,0.951,0.95135,1.00,1.00
2010.10.01 13:53:09.740,0.951,0.9514,1.00,8.70
2010.10.01 13:53:10.921,0.951,0.9514,1.00,4.70
2010.10.01 13:53:12.148,0.951,0.9514,1.00,4.60
2010.10.01 13:53:13.194,0.951,0.9514,2.20,3.00
2010.10.01 13:53:13.701,0.95105,0.9514,1.00,2.40
2010.10.01 13:53:14.154,0.95105,0.95145,1.00,4.20
2010.10.01 13:53:14.416,0.95105,0.95145,3.80,1.00
2010.10.01 13:53:14.761,0.95105,0.95145,2.20,1.00
2010.10.01 13:53:15.438,0.95105,0.9514,2.00,1.00
2010.10.01 13:53:15.985,0.95105,0.9514,1.60,1.00
2010.10.01 13:53:16.173,0.951,0.9514,2.00,2.60
2010.10.01 13:53:16.638,0.951,0.9514,2.00,2.70
2010.10.01 13:53:17.579,0.951,0.9514,6.00,2.70
2010.10.01 13:53:18.840,0.951,0.9514,2.00,2.70
2010.10.01 13:53:19.178,0.95105,0.9514,1.80,2.50
2010.10.01 13:53:19.981,0.95105,0.9514,1.80,2.40
2010.10.01 13:53:21.999,0.95105,0.9514,1.80,2.40
2010.10.01 13:53:23.008,0.95105,0.9514,1.00,2.40
2010.10.01 13:53:24.438,0.95105,0.9514,1.00,2.50
2010.10.01 13:53:24.634,0.95095,0.9513,4.60,2.40
2010.10.01 13:53:25.400,0.951,0.9513,1.00,2.40
2010.10.01 13:53:25.698,0.951,0.95135,1.00,10.10
2010.10.01 13:53:28.444,0.95095,0.9512,1.60,2.60
2010.10.01 13:53:28.670,0.9509,0.9512,1.00,2.60
2010.10.01 13:53:29.203,0.95085,0.9512,3.80,2.60
2010.10.01 13:53:30.129,0.95085,0.9512,2.00,3.00
2010.10.01 13:53:30.701,0.95085,0.95115,2.00,1.60
2010.10.01 13:53:31.345,0.95075,0.9511,2.20,1.00
2010.10.01 13:53:33.108,0.95075,0.9511,1.00,1.00
2010.10.01 13:53:33.447,0.95075,0.9511,2.20,1.00
2010.10.01 13:53:35.077,0.95075,0.9511,3.80,1.00
2010.10.01 13:53:35.632,0.951,0.95115,2.40,1.00
2010.10.01 13:53:35.751,0.951,0.95125,4.60,1.00
2010.10.01 13:53:35.861,0.951,0.95135,4.60,1.00
2010.10.01 13:53:35.973,0.951,0.9513,4.40,1.00
2010.10.01 13:53:36.434,0.951,0.95135,4.60,1.00
2010.10.01 13:53:36.555,0.951,0.95135,2.20,1.00
2010.10.01 13:53:37.077,0.951,0.95135,4.60,1.00
2010.10.01 13:53:37.427,0.95105,0.9513,1.00,8.00
2010.10.01 13:53:37.772,0.951,0.9513,2.20,8.00
2010.10.01 13:53:38.538,0.951,0.95125,1.00,8.00
2010.10.01 13:53:38.882,0.951,0.9513,1.00,9.60
2010.10.01 13:53:39.620,0.951,0.9513,1.00,4.20
2010.10.01 13:53:39.960,0.95095,0.9513,2.20,1.90
2010.10.01 13:53:40.410,0.95095,0.9513,2.20,1.80
2010.10.01 13:53:40.730,0.95095,0.9513,1.00,1.80
2010.10.01 13:53:41.320,0.95095,0.9513,1.00,4.20
2010.10.01 13:53:42.702,0.951,0.9513,1.00,4.00
2010.10.01 13:53:43.479,0.951,0.95135,1.00,5.60
2010.10.01 13:53:44.229,0.951,0.95135,1.00,1.00
2010.10.01 13:53:44.678,0.95105,0.9513,1.60,1.00
2010.10.01 13:53:45.001,0.95095,0.95125,1.60,1.00
2010.10.01 13:53:45.648,0.951,0.95125,1.60,1.00
2010.10.01 13:53:45.994,0.95095,0.95125,1.80,8.00
2010.10.01 13:53:46.728,0.95095,0.95125,1.00,8.50
2010.10.01 13:53:47.073,0.9511,0.95135,1.00,1.00
2010.10.01 13:53:47.790,0.9511,0.9514,1.00,2.40
2010.10.01 13:53:48.130,0.95095,0.9513,9.80,1.00
2010.10.01 13:53:48.470,0.95095,0.9513,1.00,1.00
2010.10.01 13:53:49.530,0.9509,0.95135,11.00,1.00
2010.10.01 13:53:50.001,0.9509,0.95135,11.00,1.00
2010.10.01 13:53:50.359,0.9509,0.9513,10.80,2.40
2010.10.01 13:53:50.953,0.9509,0.95135,2.80,1.00
2010.10.01 13:53:51.289,0.9509,0.95135,2.80,4.00
2010.10.01 13:53:52.073,0.9509,0.9513,2.80,2.40
2010.10.01 13:53:52.391,0.9509,0.9513,6.80,4.00
2010.10.01 13:53:52.850,0.9509,0.9513,2.80,4.00
2010.10.01 13:53:53.176,0.9509,0.9513,2.40,4.00
2010.10.01 13:53:53.861,0.9509,0.9513,2.40,4.10
2010.10.01 13:53:54.853,0.95095,0.95135,10.00,1.00
2010.10.01 13:53:55.104,0.95095,0.9513,4.40,1.60
2010.10.01 13:53:55.528,0.95095,0.9514,4.40,4.40
2010.10.01 13:53:55.875,0.95095,0.95135,1.00,1.00
2010.10.01 13:53:57.015,0.951,0.9514,4.40,4.10
2010.10.01 13:53:57.351,0.951,0.9514,1.00,1.00
2010.10.01 13:53:58.124,0.951,0.9514,1.00,1.60
2010.10.01 13:53:58.878,0.95095,0.9514,1.60,6.00
2010.10.01 13:53:59.227,0.951,0.95135,1.60,1.00
2010.10.01 13:53:59.896,0.95095,0.9514,10.40,2.50
2010.10.01 13:54:00.241,0.95095,0.95145,9.60,8.10
2010.10.01 13:54:00.578,0.951,0.95145,4.00,1.00
2010.10.01 13:54:01.391,0.951,0.9515,4.00,14.10
2010.10.01 13:54:01.731,0.951,0.9515,6.80,14.00
2010.10.01 13:54:02.068,0.951,0.9515,10.80,10.00
2010.10.01 13:54:02.851,0.95105,0.9515,4.00,6.00
2010.10.01 13:54:03.189,0.9511,0.95155,2.40,8.40
2010.10.01 13:54:03.437,0.9511,0.95155,2.40,4.40
2010.10.01 13:54:04.095,0.95115,0.95155,2.00,8.00
2010.10.01 13:54:04.443,0.9512,0.9516,2.40,4.00
2010.10.01 13:54:04.897,0.9512,0.95165,2.40,2.00
2010.10.01 13:54:05.247,0.9512,0.9517,2.80,14.00
2010.10.01 13:54:05.519,0.9512,0.95165,2.80,4.00
2010.10.01 13:54:05.800,0.9512,0.9517,2.80,14.00
2010.10.01 13:54:06.395,0.9512,0.9517,6.80,14.00
2010.10.01 13:54:06.685,0.95115,0.9516,6.00,4.00
2010.10.01 13:54:10.570,0.95115,0.9516,2.00,12.00
2010.10.01 13:54:11.011,0.95115,0.9516,1.00,12.00
2010.10.01 13:54:11.329,0.9511,0.9515,6.40,1.60
2010.10.01 13:54:11.633,0.9511,0.9515,2.40,1.60
2010.10.01 13:54:12.317,0.9511,0.9515,2.40,4.00
2010.10.01 13:54:12.907,0.95115,0.9515,1.00,1.60
2010.10.01 13:54:13.524,0.95115,0.95155,1.00,3.60
2010.10.01 13:54:13.825,0.9512,0.95155,2.40,2.00
2010.10.01 13:54:14.151,0.9512,0.9516,2.40,6.40
2010.10.01 13:54:14.472,0.9512,0.9516,2.40,5.60
2010.10.01 13:54:15.164,0.95115,0.9516,3.60,5.60
2010.10.01 13:54:16.510,0.9512,0.9516,2.40,5.60
2010.10.01 13:54:18.445,0.9512,0.9517,2.80,8.00
2010.10.01 13:54:18.793,0.95125,0.9517,2.00,2.40
2010.10.01 13:54:25.421,0.9513,0.9517,2.40,2.40
2010.10.01 13:54:28.940,0.95135,0.9518,2.00,4.40
2010.10.01 13:54:31.437,0.9514,0.9518,1.00,4.00
2010.10.01 13:54:31.922,0.9514,0.9517,2.40,1.60
2010.10.01 13:54:32.191,0.95115,0.9516,1.00,4.00
2010.10.01 13:54:33.184,0.9511,0.9516,1.60,4.40
2010.10.01 13:54:33.521,0.951,0.9516,2.80,6.00
2010.10.01 13:54:36.469,0.9511,0.9516,2.40,6.00
2010.10.01 13:54:36.651,0.9511,0.9516,2.80,4.40
2010.10.01 13:54:44.498,0.9511,0.9515,2.80,2.40
2010.10.01 13:54:46.189,0.9511,0.9515,2.40,2.40
2010.10.01 13:54:47.158,0.95105,0.9515,1.00,2.40
2010.10.01 13:54:49.866,0.95095,0.9514,2.00,2.40
2010.10.01 13:54:50.826,0.9509,0.9514,2.80,2.40
2010.10.01 13:54:52.627,0.9509,0.9514,2.40,2.40
2010.10.01 13:54:59.089,0.9512,0.9517,2.40,2.40
2010.10.01 13:55:00.712,0.95125,0.9517,1.00,2.40
2010.10.01 13:55:01.459,0.9513,0.9517,2.40,2.40
2010.10.01 13:55:03.150,0.9513,0.9518,2.40,2.40
2010.10.01 13:55:03.421,0.9514,0.9518,2.40,2.40
2010.10.01 13:55:03.692,0.9515,0.9519,2.40,2.40
2010.10.01 13:55:04.735,0.95155,0.952,1.00,2.40
2010.10.01 13:55:05.500,0.9516,0.952,2.40,2.40
2010.10.01 13:55:06.976,0.9515,0.952,2.40,2.40
2010.10.01 13:55:07.323,0.95155,0.9521,1.00,2.40
2010.10.01 13:55:08.110,0.9516,0.9522,2.40,2.40
2010.10.01 13:55:08.989,0.9516,0.9522,2.40,3.60
2010.10.01 13:55:09.332,0.9516,0.9522,2.40,2.40
2010.10.01 13:55:10.958,0.9517,0.9522,2.40,2.40
2010.10.01 13:55:11.722,0.9517,0.9522,2.40,3.20
2010.10.01 13:55:12.040,0.9516,0.9521,2.40,3.20
2010.10.01 13:55:13.656,0.9514,0.9519,2.40,2.40
2010.10.01 13:55:13.734,0.9517,0.9521,2.40,1.00
2010.10.01 13:55:14.271,0.9516,0.952,2.40,2.40
2010.10.01 13:55:14.408,0.9516,0.9521,2.40,3.20
2010.10.01 13:55:14.484,0.9516,0.952,2.40,2.40
2010.10.01 13:55:14.979,0.9516,0.9521,2.40,3.20
2010.10.01 13:55:15.320,0.9516,0.95205,2.40,1.00
2010.10.01 13:55:15.893,0.9515,0.952,2.40,2.40
2010.10.01 13:55:16.233,0.9514,0.9519,2.40,2.40
2010.10.01 13:55:16.870,0.9515,0.95195,2.40,1.00
2010.10.01 13:55:17.214,0.9517,0.9522,2.40,2.40
2010.10.01 13:55:18.022,0.9516,0.9521,2.40,2.40
2010.10.01 13:55:18.289,0.9516,0.9521,2.40,2.50
2010.10.01 13:55:18.780,0.9516,0.952,2.40,2.40
2010.10.01 13:55:19.829,0.9516,0.9521,2.40,3.20
2010.10.01 13:55:20.174,0.9516,0.9521,2.40,2.40
2010.10.01 13:55:20.479,0.95155,0.9521,1.00,2.40
2010.10.01 13:55:21.183,0.9516,0.9521,2.40,2.40
2010.10.01 13:55:21.472,0.9515,0.952,2.40,2.40
2010.10.01 13:55:21.753,0.9515,0.95195,2.40,1.00
2010.10.01 13:55:22.443,0.95145,0.9519,1.00,2.40
2010.10.01 13:55:22.794,0.9515,0.95195,1.00,1.00
2010.10.01 13:55:23.511,0.9515,0.95195,2.50,1.00
2010.10.01 13:55:24.603,0.95155,0.952,1.00,1.00
2010.10.01 13:55:24.942,0.95155,0.952,1.00,2.40
2010.10.01 13:55:25.693,0.9516,0.95195,1.00,1.00
2010.10.01 13:55:26.042,0.9516,0.952,1.00,2.50
2010.10.01 13:55:26.779,0.9516,0.952,1.60,2.40
2010.10.01 13:55:27.102,0.9517,0.95205,1.60,1.00
2010.10.01 13:55:27.578,0.9517,0.95205,1.00,1.00
2010.10.01 13:55:27.930,0.95155,0.95195,1.60,1.00
2010.10.01 13:55:28.274,0.95155,0.95195,1.70,1.00
2010.10.01 13:55:29.041,0.95155,0.95195,1.60,1.00
2010.10.01 13:55:29.381,0.9516,0.952,1.70,2.50
2010.10.01 13:55:30.206,0.9516,0.95195,1.00,1.00
2010.10.01 13:55:30.559,0.95155,0.95195,1.70,1.00
2010.10.01 13:55:31.320,0.95155,0.9519,1.70,1.00
2010.10.01 13:55:31.659,0.9516,0.9519,1.00,1.00
2010.10.01 13:55:32.447,0.95155,0.9519,1.00,2.40
2010.10.01 13:55:32.801,0.95155,0.9519,1.00,2.40
2010.10.01 13:55:33.274,0.9515,0.9519,1.00,2.40
2010.10.01 13:55:33.628,0.95155,0.95195,5.70,1.00
2010.10.01 13:55:34.402,0.95155,0.95195,9.70,1.00
2010.10.01 13:55:34.729,0.9516,0.95195,5.60,4.00
2010.10.01 13:55:35.052,0.9516,0.952,1.60,10.50
2010.10.01 13:55:35.518,0.9516,0.952,1.60,11.30
2010.10.01 13:55:35.873,0.95155,0.95195,9.60,1.00
2010.10.01 13:55:36.214,0.9516,0.95195,4.00,1.00
2010.10.01 13:55:37.029,0.95155,0.95195,9.70,1.00
2010.10.01 13:55:37.371,0.95155,0.9519,5.70,1.00
2010.10.01 13:55:37.856,0.95165,0.9519,1.60,1.00
2010.10.01 13:55:38.214,0.95155,0.9519,8.00,4.00
2010.10.01 13:55:38.811,0.95155,0.9518,4.00,4.00
2010.10.01 13:55:39.159,0.9515,0.95175,4.00,1.00
2010.10.01 13:55:39.716,0.95145,0.95175,4.00,1.00
2010.10.01 13:55:40.076,0.9514,0.95175,2.40,4.00
2010.10.01 13:55:40.836,0.9515,0.95185,2.40,4.00
2010.10.01 13:55:41.190,0.95155,0.9519,1.00,5.60
2010.10.01 13:55:41.442,0.95155,0.9519,1.60,4.00
2010.10.01 13:55:42.115,0.95155,0.9519,5.60,1.00
2010.10.01 13:55:42.370,0.95155,0.9519,1.60,1.00
2010.10.01 13:55:42.938,0.95155,0.9519,9.60,1.00
2010.10.01 13:55:43.308,0.95155,0.9519,5.60,1.00
2010.10.01 13:55:43.596,0.95155,0.9519,1.60,4.00
2010.10.01 13:55:44.041,0.9515,0.9519,8.00,8.00
2010.10.01 13:55:44.583,0.95145,0.95165,8.00,1.60
2010.10.01 13:55:45.043,0.95125,0.95165,8.00,1.60
2010.10.01 13:55:45.628,0.95115,0.95155,8.10,1.60
2010.10.01 13:55:46.061,0.95115,0.95155,1.00,9.60
2010.10.01 13:55:46.403,0.9511,0.9515,10.40,4.00
2010.10.01 13:55:47.197,0.9511,0.9515,1.00,12.10
2010.10.01 13:55:47.956,0.95105,0.95145,9.70,1.00
2010.10.01 13:55:48.307,0.9512,0.9515,1.60,1.00
2010.10.01 13:55:49.105,0.95115,0.9514,8.00,1.00
2010.10.01 13:55:49.797,0.951,0.95135,4.20,1.00
2010.10.01 13:55:50.350,0.9511,0.9514,1.80,8.00
2010.10.01 13:55:50.673,0.95125,0.9515,1.60,8.00
2010.10.01 13:55:51.410,0.95135,0.9517,1.00,10.70
2010.10.01 13:55:51.750,0.95135,0.9517,4.20,2.60
2010.10.01 13:55:52.512,0.9514,0.95175,5.60,4.00
2010.10.01 13:55:53.244,0.9514,0.9518,4.00,12.20
2010.10.01 13:55:53.593,0.95145,0.9518,1.00,10.40
2010.10.01 13:55:53.942,0.95145,0.95185,2.20,8.00
2010.10.01 13:55:54.391,0.95145,0.95185,1.00,8.00
2010.10.01 13:55:54.734,0.9515,0.95185,4.00,1.60
2010.10.01 13:55:55.051,0.95145,0.95185,8.60,1.60
2010.10.01 13:55:55.369,0.9515,0.95185,4.00,1.70
2010.10.01 13:55:55.810,0.95145,0.9518,1.80,2.60
2010.10.01 13:55:56.058,0.95145,0.95175,1.60,1.00
2010.10.01 13:55:57.178,0.9515,0.9518,1.00,8.00
2010.10.01 13:55:57.467,0.9517,0.9518,1.60,4.00
2010.10.01 13:55:58.087,0.95165,0.9518,1.00,4.00
2010.10.01 13:55:58.380,0.9516,0.952,8.00,4.20
2010.10.01 13:55:59.120,0.95155,0.95195,4.20,5.60
2010.10.01 13:55:59.465,0.9516,0.95195,4.00,1.60
2010.10.01 13:56:00.069,0.9516,0.9519,4.00,1.00
2010.10.01 13:56:00.399,0.95155,0.9519,9.80,1.00
2010.10.01 13:56:00.722,0.95155,0.95185,8.00,1.00
2010.10.01 13:56:01.182,0.95155,0.9518,8.00,1.00
2010.10.01 13:56:01.525,0.95145,0.9518,1.00,1.00
2010.10.01 13:56:01.871,0.95145,0.9518,1.00,1.00
2010.10.01 13:56:02.641,0.95145,0.9518,1.00,8.30
2010.10.01 13:56:02.938,0.95145,0.9518,1.00,1.00
2010.10.01 13:56:03.695,0.9514,0.9518,8.00,3.10
2010.10.01 13:56:04.044,0.9514,0.95175,8.00,1.00
2010.10.01 13:56:05.492,0.9514,0.95175,8.30,1.00
2010.10.01 13:56:05.819,0.9514,0.95175,4.20,1.00
2010.10.01 13:56:06.547,0.95135,0.9517,4.60,1.00
2010.10.01 13:56:06.841,0.95135,0.95165,8.20,1.00
2010.10.01 13:56:07.602,0.95135,0.9517,4.20,1.60
2010.10.01 13:56:07.942,0.9514,0.9517,1.00,1.60
2010.10.01 13:56:08.397,0.9514,0.9517,1.00,1.00
2010.10.01 13:56:08.746,0.9514,0.95165,1.00,1.00
2010.10.01 13:56:09.485,0.9514,0.9517,1.00,1.00
2010.10.01 13:56:09.831,0.9514,0.95175,1.00,1.00
2010.10.01 13:56:10.170,0.9514,0.95175,5.80,1.00
2010.10.01 13:56:10.489,0.9514,0.95175,1.80,1.00
2010.10.01 13:56:11.231,0.95145,0.9518,1.00,8.20
2010.10.01 13:56:11.709,0.95145,0.95175,1.00,1.00
2010.10.01 13:56:12.325,0.95135,0.95175,8.60,1.00
2010.10.01 13:56:12.881,0.9514,0.95175,1.00,1.00
2010.10.01 13:56:13.161,0.9514,0.95175,4.20,1.00
2010.10.01 13:56:13.438,0.9514,0.95175,4.20,1.00
2010.10.01 13:56:14.969,0.9514,0.9517,4.20,1.00
2010.10.01 13:56:15.108,0.9514,0.9517,8.20,1.00
2010.10.01 13:56:15.249,0.9514,0.95175,8.20,1.00
2010.10.01 13:56:15.389,0.9514,0.9518,8.30,1.00
2010.10.01 13:56:15.905,0.95145,0.9518,1.00,1.00
2010.10.01 13:56:16.090,0.9515,0.9518,4.00,1.00
2010.10.01 13:56:16.263,0.95145,0.95185,9.80,1.00
2010.10.01 13:56:17.308,0.9515,0.95185,4.00,1.00
2010.10.01 13:56:17.647,0.9515,0.95185,8.00,1.00
2010.10.01 13:56:17.990,0.9515,0.9518,8.00,1.00
2010.10.01 13:56:20.088,0.95155,0.9518,1.00,1.00
2010.10.01 13:56:22.118,0.95155,0.9518,4.20,1.00
2010.10.01 13:56:22.743,0.9515,0.95185,4.00,5.90
2010.10.01 13:56:23.261,0.95145,0.95185,1.60,9.90
2010.10.01 13:56:25.105,0.9514,0.9515,4.00,1.60
2010.10.01 13:56:25.297,0.9512,0.9514,4.00,2.20
2010.10.01 13:56:25.785,0.9512,0.9514,4.00,1.00
2010.10.01 13:56:26.133,0.9511,0.95145,1.00,10.00
2010.10.01 13:56:26.485,0.95105,0.95145,4.20,9.90
2010.10.01 13:56:27.250,0.95105,0.95145,1.00,9.90
2010.10.01 13:56:28.042,0.95105,0.9514,1.00,1.60
2010.10.01 13:56:28.356,0.95095,0.95135,10.70,4.00
2010.10.01 13:56:29.359,0.95095,0.9514,10.60,9.80
2010.10.01 13:56:30.369,0.9511,0.9514,1.60,4.00
2010.10.01 13:56:30.684,0.9512,0.95155,1.00,4.30
2010.10.01 13:56:30.988,0.9512,0.95155,1.00,1.00
2010.10.01 13:56:31.760,0.9512,0.9515,1.00,1.00
2010.10.01 13:56:32.439,0.95115,0.95155,6.30,8.70
2010.10.01 13:56:33.460,0.9511,0.95145,1.00,5.60
2010.10.01 13:56:33.736,0.95105,0.95145,1.00,10.20
2010.10.01 13:56:34.165,0.9511,0.95145,1.00,9.70
2010.10.01 13:56:34.433,0.9511,0.95145,1.00,4.10
2010.10.01 13:56:34.701,0.9511,0.95145,1.00,5.70
2010.10.01 13:56:35.463,0.9511,0.9514,1.00,1.00
2010.10.01 13:56:36.226,0.9511,0.95145,1.00,1.70
2010.10.01 13:56:36.543,0.95115,0.9515,4.60,1.80
2010.10.01 13:56:37.272,0.9512,0.9515,1.00,1.00
2010.10.01 13:56:37.615,0.9512,0.9515,1.00,1.00
2010.10.01 13:56:37.960,0.9512,0.95155,1.00,7.80
2010.10.01 13:56:38.458,0.9512,0.95155,1.00,3.80
2010.10.01 13:56:38.805,0.9512,0.95155,1.00,3.90
2010.10.01 13:56:39.536,0.9512,0.95155,1.00,3.90
2010.10.01 13:56:39.888,0.95115,0.9515,1.00,5.80
2010.10.01 13:56:41.001,0.95115,0.9515,1.00,5.80
2010.10.01 13:56:41.598,0.95115,0.95145,1.00,1.00
2010.10.01 13:56:42.322,0.95115,0.9514,1.00,1.00
2010.10.01 13:56:42.532,0.95105,0.95135,6.60,1.00
2010.10.01 13:56:42.710,0.95105,0.9514,6.60,1.00
2010.10.01 13:56:43.148,0.95105,0.9514,12.20,1.00
2010.10.01 13:56:43.330,0.95105,0.95135,12.20,1.00
2010.10.01 13:56:44.013,0.95105,0.9513,12.20,1.00
2010.10.01 13:56:45.588,0.95105,0.9513,2.20,1.00
2010.10.01 13:56:46.350,0.95105,0.95135,10.30,1.00
2010.10.01 13:56:46.546,0.95095,0.9513,10.30,1.00
2010.10.01 13:56:46.863,0.95095,0.9513,8.70,1.00
2010.10.01 13:56:47.744,0.95115,0.95135,1.00,1.60
2010.10.01 13:56:48.473,0.95115,0.95135,4.00,1.60
2010.10.01 13:56:49.167,0.9511,0.95145,1.00,5.90
2010.10.01 13:56:49.623,0.9511,0.95145,1.00,1.70
2010.10.01 13:56:49.960,0.95115,0.95145,8.20,1.60
2010.10.01 13:56:50.701,0.95115,0.9515,1.90,1.00
2010.10.01 13:56:51.040,0.9511,0.95145,7.90,1.00
2010.10.01 13:56:51.529,0.9511,0.95145,3.90,1.00
2010.10.01 13:56:51.955,0.95105,0.9514,8.90,1.00
2010.10.01 13:56:52.774,0.951,0.9513,4.00,1.80
2010.10.01 13:56:53.146,0.95095,0.9513,8.00,1.80
2010.10.01 13:56:53.897,0.9509,0.9513,8.30,1.80
2010.10.01 13:56:54.244,0.9509,0.9513,8.20,1.80
2010.10.01 13:56:54.540,0.95095,0.9513,1.00,1.00
2010.10.01 13:56:55.225,0.951,0.9512,4.00,1.00
2010.10.01 13:56:55.577,0.95095,0.9513,1.00,10.00
2010.10.01 13:56:56.074,0.95095,0.9513,1.00,5.70
2010.10.01 13:56:56.356,0.9509,0.95125,1.00,1.00
2010.10.01 13:56:57.436,0.95085,0.95115,1.60,1.00
2010.10.01 13:56:57.754,0.9509,0.95125,1.00,1.00
2010.10.01 13:56:58.490,0.9509,0.95125,1.00,1.00
2010.10.01 13:56:59.159,0.9509,0.95125,1.00,1.00
2010.10.01 13:57:00.172,0.9509,0.95125,1.00,1.80
2010.10.01 13:57:00.461,0.95085,0.95125,3.10,2.30
2010.10.01 13:57:01.161,0.95095,0.9513,1.00,1.00
2010.10.01 13:57:02.366,0.95095,0.9513,1.00,1.00
2010.10.01 13:57:02.716,0.95095,0.9513,1.00,1.00
2010.10.01 13:57:03.473,0.9509,0.9512,1.00,2.20
2010.10.01 13:57:04.225,0.9508,0.95115,6.20,1.60
2010.10.01 13:57:04.574,0.9508,0.95115,1.00,1.60
2010.10.01 13:57:05.373,0.95075,0.9511,7.40,1.00
2010.10.01 13:57:05.712,0.95075,0.9511,1.00,1.00
2010.10.01 13:57:06.281,0.9507,0.95105,6.30,1.00
2010.10.01 13:57:06.637,0.95085,0.95115,1.00,1.00
2010.10.01 13:57:07.357,0.9508,0.95115,1.00,1.00
2010.10.01 13:57:07.705,0.9508,0.95115,1.00,1.00
2010.10.01 13:57:08.043,0.9508,0.9512,1.00,2.70
2010.10.01 13:57:08.774,0.9508,0.95115,1.00,1.00
2010.10.01 13:57:09.125,0.95085,0.9512,2.20,1.00
2010.10.01 13:57:09.920,0.951,0.9513,1.00,1.00
2010.10.01 13:57:10.217,0.95095,0.9513,1.00,1.00
2010.10.01 13:57:10.923,0.9509,0.9513,8.60,2.30
2010.10.01 13:57:11.259,0.9509,0.9513,1.00,2.30
2010.10.01 13:57:11.598,0.9509,0.9513,2.20,1.00
2010.10.01 13:57:12.385,0.9509,0.9513,2.30,1.00
2010.10.01 13:57:12.729,0.9509,0.9513,2.20,1.00
2010.10.01 13:57:13.835,0.9509,0.95125,2.30,1.00
2010.10.01 13:57:14.730,0.9509,0.9512,2.00,1.00
2010.10.01 13:57:15.048,0.9509,0.95125,1.80,1.00
2010.10.01 13:57:16.101,0.9509,0.95125,1.00,1.00
2010.10.01 13:57:17.193,0.95085,0.95115,3.60,1.00
2010.10.01 13:57:17.482,0.9508,0.95115,1.00,3.80
2010.10.01 13:57:17.762,0.95085,0.9512,3.60,1.00
2010.10.01 13:57:18.343,0.95085,0.9512,2.00,1.00
2010.10.01 13:57:18.681,0.95085,0.95115,2.00,1.00
2010.10.01 13:57:19.019,0.95085,0.9512,2.00,1.00
2010.10.01 13:57:20.031,0.95085,0.95115,2.20,1.60
2010.10.01 13:57:20.341,0.9509,0.95115,1.00,1.60
2010.10.01 13:57:21.070,0.9509,0.9512,1.80,1.00
2010.10.01 13:57:22.134,0.95085,0.9512,2.20,1.00
2010.10.01 13:57:23.178,0.95105,0.9513,1.80,1.00
2010.10.01 13:57:23.639,0.95105,0.95145,2.20,1.00
2010.10.01 13:57:23.985,0.9511,0.9514,1.60,1.00
2010.10.01 13:57:24.586,0.9511,0.9515,1.60,2.20
2010.10.01 13:57:24.874,0.95115,0.9515,1.00,1.00
2010.10.01 13:57:25.865,0.95115,0.9515,2.60,1.00
2010.10.01 13:57:26.211,0.95115,0.95155,1.00,1.60
2010.10.01 13:57:26.959,0.95115,0.95155,5.00,1.60
2010.10.01 13:57:28.432,0.95115,0.9515,6.60,1.00
2010.10.01 13:57:28.998,0.95115,0.9515,2.60,1.00
2010.10.01 13:57:29.894,0.9511,0.9515,8.30,2.30
2010.10.01 13:57:30.131,0.9511,0.95145,1.00,1.60
2010.10.01 13:57:31.098,0.9511,0.9515,1.00,2.30
2010.10.01 13:57:31.409,0.95115,0.9515,1.00,1.00
2010.10.01 13:57:31.721,0.9511,0.9514,1.60,1.00
2010.10.01 13:57:32.432,0.95095,0.9513,8.00,1.00
2010.10.01 13:57:32.681,0.9509,0.9513,1.00,3.80
2010.10.01 13:57:33.610,0.9509,0.9513,1.00,11.80
2010.10.01 13:57:33.948,0.9509,0.9513,1.00,11.40
2010.10.01 13:57:34.289,0.95095,0.9513,1.00,5.80
2010.10.01 13:57:34.772,0.95095,0.9513,1.00,1.80
2010.10.01 13:57:35.117,0.95095,0.9513,1.00,1.00
2010.10.01 13:57:35.462,0.95095,0.9513,1.00,1.00
2010.10.01 13:57:36.100,0.9509,0.95125,1.00,1.00
2010.10.01 13:57:36.392,0.9509,0.95125,1.00,1.00
2010.10.01 13:57:36.953,0.95095,0.9513,1.00,1.60
2010.10.01 13:57:37.418,0.95095,0.95125,1.00,1.00
2010.10.01 13:57:37.725,0.9509,0.95125,1.00,1.00
2010.10.01 13:57:38.397,0.9509,0.9511,1.00,1.60
2010.10.01 13:57:38.701,0.95075,0.9511,1.00,3.80
2010.10.01 13:57:39.448,0.95065,0.95105,1.80,1.00
2010.10.01 13:57:39.990,0.95065,0.951,1.00,1.80
2010.10.01 13:57:40.682,0.95055,0.9509,10.50,1.80
2010.10.01 13:57:40.951,0.95055,0.9509,1.00,1.80
2010.10.01 13:57:41.250,0.95055,0.95095,1.80,1.00
2010.10.01 13:57:41.806,0.95055,0.95095,1.80,1.00
2010.10.01 13:57:42.164,0.9506,0.95095,1.00,1.00
2010.10.01 13:57:42.500,0.95055,0.95095,9.80,1.00
2010.10.01 13:57:42.830,0.95055,0.95095,9.90,1.00
2010.10.01 13:57:43.801,0.95055,0.95095,9.80,1.00
2010.10.01 13:57:44.051,0.95055,0.95095,9.80,1.00
2010.10.01 13:57:44.760,0.9506,0.9509,10.40,1.00
2010.10.01 13:57:44.932,0.95055,0.95095,1.00,3.60
2010.10.01 13:57:45.271,0.95065,0.951,1.60,1.00
2010.10.01 13:57:45.615,0.9506,0.95085,1.60,1.00
2010.10.01 13:57:46.275,0.9504,0.9508,1.00,1.80
2010.10.01 13:57:47.069,0.95045,0.9508,1.00,1.80
2010.10.01 13:57:47.413,0.95045,0.95085,9.80,1.00
2010.10.01 13:57:47.760,0.9505,0.95085,1.00,1.00
2010.10.01 13:57:48.099,0.95045,0.95085,9.80,1.00
2010.10.01 13:57:48.549,0.95045,0.95085,9.80,1.00
2010.10.01 13:57:48.894,0.95045,0.9508,1.00,1.80
2010.10.01 13:57:49.244,0.9505,0.95085,4.00,1.00
2010.10.01 13:57:49.529,0.9505,0.9508,4.00,1.00
2010.10.01 13:57:49.679,0.95045,0.9508,12.00,1.80
2010.10.01 13:57:50.123,0.95045,0.9508,4.00,1.80
2010.10.01 13:57:50.272,0.95045,0.9508,5.60,1.00
2010.10.01 13:57:50.828,0.95045,0.9508,5.70,1.00
2010.10.01 13:57:52.259,0.9504,0.95075,5.70,1.00
2010.10.01 13:57:52.963,0.95045,0.95085,2.30,8.20
2010.10.01 13:57:53.281,0.9505,0.9509,1.00,9.90
2010.10.01 13:57:53.997,0.9505,0.9509,1.00,1.80
2010.10.01 13:57:54.321,0.9505,0.9509,4.20,1.80
2010.10.01 13:57:55.968,0.95055,0.9509,1.00,1.80
2010.10.01 13:57:56.920,0.95055,0.95085,1.00,1.00
2010.10.01 13:57:57.069,0.95055,0.9508,1.00,1.00
2010.10.01 13:57:57.513,0.9505,0.9508,4.00,1.80
2010.10.01 13:57:57.731,0.95035,0.9507,1.00,3.80
2010.10.01 13:57:58.169,0.95035,0.95065,1.00,1.00
2010.10.01 13:57:59.509,0.95035,0.9507,1.00,5.80
2010.10.01 13:58:00.256,0.95035,0.95065,1.00,1.00
2010.10.01 13:58:00.702,0.9503,0.9507,1.00,5.80
2010.10.01 13:58:01.489,0.9503,0.9507,1.00,1.80
2010.10.01 13:58:01.829,0.9503,0.9507,1.00,1.80
2010.10.01 13:58:02.850,0.9503,0.9507,1.00,1.80
2010.10.01 13:58:03.582,0.95025,0.95065,11.90,1.00
2010.10.01 13:58:03.829,0.95025,0.95065,10.70,1.80
2010.10.01 13:58:04.081,0.95025,0.9506,2.60,1.60
2010.10.01 13:58:04.721,0.95035,0.9507,1.00,1.60
2010.10.01 13:58:05.139,0.9503,0.9507,4.60,1.60
2010.10.01 13:58:06.084,0.9503,0.9507,1.00,1.60
2010.10.01 13:58:06.471,0.95035,0.9507,1.00,1.60
2010.10.01 13:58:07.089,0.9504,0.9508,1.60,10.20
2010.10.01 13:58:07.433,0.95035,0.95075,1.00,1.00
2010.10.01 13:58:08.195,0.95035,0.95075,1.00,1.80
2010.10.01 13:58:09.479,0.95035,0.95075,1.00,1.80
2010.10.01 13:58:10.031,0.95035,0.95075,1.00,1.80
2010.10.01 13:58:11.518,0.95055,0.9508,2.00,1.60
2010.10.01 13:58:11.580,0.95055,0.9509,2.20,1.00
2010.10.01 13:58:11.641,0.9506,0.9509,1.60,1.00
2010.10.01 13:58:12.176,0.9506,0.95095,1.60,1.00
2010.10.01 13:58:19.193,0.9506,0.9509,1.60,1.00
2010.10.01 13:58:19.339,0.95055,0.9509,1.60,1.00
2010.10.01 13:58:20.950,0.9506,0.9509,1.60,1.00
2010.10.01 13:58:21.295,0.9506,0.95095,2.00,1.00
2010.10.01 13:58:30.219,0.9506,0.95095,2.60,1.00
2010.10.01 13:58:30.588,0.9506,0.95095,6.60,1.00
2010.10.01 13:58:31.388,0.95065,0.95095,1.60,1.00
2010.10.01 13:58:32.039,0.95065,0.951,2.20,1.00
2010.10.01 13:58:32.674,0.9507,0.95105,1.00,1.80
2010.10.01 13:58:32.905,0.9507,0.95095,1.60,1.00
2010.10.01 13:58:33.134,0.95065,0.951,1.00,1.00
2010.10.01 13:58:33.897,0.9507,0.95105,1.00,1.00
2010.10.01 13:58:34.571,0.9507,0.95105,2.20,1.00
2010.10.01 13:58:35.652,0.95075,0.9511,1.00,2.00
2010.10.01 13:58:35.975,0.9507,0.9511,1.00,11.80
2010.10.01 13:58:36.299,0.9507,0.9511,1.00,3.80
2010.10.01 13:58:36.619,0.95065,0.95105,3.80,1.00
2010.10.01 13:58:39.899,0.95065,0.951,2.20,1.60
2010.10.01 13:58:40.049,0.95065,0.951,1.60,1.00
2010.10.01 13:58:40.796,0.95065,0.951,1.00,1.00
2010.10.01 13:58:42.393,0.9506,0.95095,2.60,1.60
2010.10.01 13:58:43.017,0.95065,0.951,1.00,1.00
2010.10.01 13:58:44.803,0.95065,0.951,2.60,1.00
2010.10.01 13:58:45.142,0.95065,0.95095,2.00,1.00
2010.10.01 13:58:45.903,0.95065,0.951,1.00,1.00
2010.10.01 13:58:46.570,0.9508,0.95105,1.00,9.60
2010.10.01 13:58:47.025,0.9508,0.95105,1.00,8.00
2010.10.01 13:58:47.377,0.9508,0.95115,1.00,1.00
2010.10.01 13:58:48.862,0.9508,0.95105,1.00,1.00
2010.10.01 13:58:49.059,0.9507,0.9511,4.20,4.20
2010.10.01 13:58:49.564,0.9507,0.9511,1.00,4.20
2010.10.01 13:58:49.794,0.9507,0.9511,2.20,2.20
2010.10.01 13:58:52.036,0.9507,0.95105,2.00,1.00
2010.10.01 13:58:52.269,0.9507,0.9511,1.80,2.20
2010.10.01 13:58:52.509,0.9507,0.9511,1.00,7.40
2010.10.01 13:58:53.149,0.9507,0.9511,4.60,1.80
2010.10.01 13:58:54.391,0.9508,0.9512,1.00,2.20
2010.10.01 13:58:55.290,0.9508,0.9512,4.20,2.20
2010.10.01 13:58:56.869,0.9508,0.9512,1.00,2.20
2010.10.01 13:58:59.351,0.9508,0.9512,8.60,1.80
2010.10.01 13:58:59.692,0.9508,0.9512,4.60,1.80
2010.10.01 13:59:02.608,0.9508,0.9512,1.00,1.80
2010.10.01 13:59:05.378,0.9508,0.9512,1.00,4.20
2010.10.01 13:59:05.573,0.9508,0.95115,1.00,1.00
2010.10.01 13:59:06.842,0.95075,0.9511,3.20,1.00
2010.10.01 13:59:07.159,0.95075,0.9511,1.60,1.00
2010.10.01 13:59:07.479,0.95075,0.95115,2.20,10.60
2010.10.01 13:59:08.224,0.95075,0.95115,4.20,4.60
2010.10.01 13:59:08.520,0.95075,0.95115,8.20,1.00
2010.10.01 13:59:09.832,0.95075,0.951,5.60,1.00
2010.10.01 13:59:10.338,0.95065,0.951,4.00,1.00
2010.10.01 13:59:10.691,0.9506,0.951,1.80,1.40
2010.10.01 13:59:11.034,0.95065,0.95105,1.00,1.80
2010.10.01 13:59:11.809,0.95065,0.95105,1.80,1.00
2010.10.01 13:59:12.152,0.9506,0.95095,1.00,1.60
2010.10.01 13:59:12.490,0.9506,0.95095,1.60,1.00
2010.10.01 13:59:13.582,0.95075,0.9511,1.60,1.40
2010.10.01 13:59:13.840,0.95075,0.95115,2.20,2.60
2010.10.01 13:59:14.296,0.95075,0.95115,2.20,4.20
2010.10.01 13:59:14.560,0.95075,0.9511,5.60,1.00
2010.10.01 13:59:15.702,0.95075,0.9511,1.60,1.00
2010.10.01 13:59:15.961,0.95075,0.95105,1.60,1.00
2010.10.01 13:59:16.220,0.9507,0.95105,2.00,1.00
2010.10.01 13:59:17.129,0.95065,0.95105,2.20,1.00
2010.10.01 13:59:17.408,0.95065,0.95105,1.00,2.20
2010.10.01 13:59:19.368,0.95065,0.95105,2.20,1.00
2010.10.01 13:59:19.989,0.95065,0.95105,1.00,2.20
2010.10.01 13:59:20.168,0.95065,0.95105,2.20,1.00
2010.10.01 13:59:20.479,0.95065,0.95105,1.00,2.20
2010.10.01 13:59:21.429,0.9506,0.9509,6.40,1.00
2010.10.01 13:59:21.569,0.9506,0.95095,1.60,1.00
2010.10.01 13:59:23.468,0.95055,0.95095,2.20,1.00
2010.10.01 13:59:24.729,0.9506,0.95095,1.60,1.00
2010.10.01 13:59:25.947,0.9507,0.951,1.00,10.00
2010.10.01 13:59:26.093,0.9506,0.951,5.80,3.00
2010.10.01 13:59:26.430,0.9506,0.951,1.80,3.00
2010.10.01 13:59:27.166,0.9506,0.951,1.80,1.00
2010.10.01 13:59:27.381,0.9506,0.951,1.80,2.60
2010.10.01 13:59:28.029,0.9506,0.951,1.80,1.00
2010.10.01 13:59:28.801,0.9506,0.951,1.00,1.80
2010.10.01 13:59:32.323,0.9506,0.951,1.00,1.60
2010.10.01 13:59:32.631,0.9506,0.95105,1.00,8.00
2010.10.01 13:59:33.331,0.9506,0.9511,4.60,8.00
2010.10.01 13:59:33.613,0.9507,0.9511,1.00,8.00
2010.10.01 13:59:34.265,0.95075,0.95115,1.60,4.00
2010.10.01 13:59:34.584,0.95075,0.9512,2.00,9.60
2010.10.01 13:59:35.828,0.95075,0.9512,2.00,9.70
2010.10.01 13:59:36.158,0.95075,0.95115,2.20,8.00
2010.10.01 13:59:37.995,0.95075,0.9511,1.60,1.00
2010.10.01 13:59:38.324,0.95065,0.95115,8.20,1.60
2010.10.01 13:59:38.997,0.95075,0.9513,1.00,11.20
2010.10.01 13:59:39.416,0.95085,0.9514,6.20,5.60
2010.10.01 13:59:39.705,0.95095,0.95145,4.00,1.00
2010.10.01 13:59:39.991,0.9509,0.95145,8.20,1.00
2010.10.01 13:59:40.669,0.951,0.9514,1.00,1.00
2010.10.01 13:59:41.033,0.951,0.9514,1.00,8.00
2010.10.01 13:59:41.889,0.951,0.9514,1.00,8.00
2010.10.01 13:59:43.200,0.951,0.9514,1.00,1.00
2010.10.01 13:59:44.539,0.951,0.95145,1.00,1.00
2010.10.01 13:59:45.149,0.951,0.95145,1.00,1.00
2010.10.01 13:59:46.258,0.95095,0.9514,1.80,1.00
2010.10.01 13:59:46.545,0.95095,0.9514,1.60,1.00
2010.10.01 13:59:47.050,0.95095,0.95145,1.00,2.20
2010.10.01 13:59:47.394,0.95095,0.95145,1.00,1.00
2010.10.01 13:59:48.420,0.95095,0.95145,1.00,1.00
2010.10.01 13:59:48.761,0.95095,0.95145,1.00,2.20
2010.10.01 13:59:49.741,0.9509,0.95135,1.00,1.00
2010.10.01 13:59:50.071,0.95085,0.9512,1.00,1.00
2010.10.01 13:59:51.042,0.95055,0.95115,1.00,1.00
2010.10.01 13:59:51.280,0.95075,0.9513,1.00,1.00
2010.10.01 13:59:52.310,0.9508,0.95125,1.00,1.00
2010.10.01 13:59:53.092,0.9511,0.95205,1.00,2.00
2010.10.01 13:59:53.927,0.9511,0.95185,1.00,1.00
2010.10.01 13:59:54.261,0.9511,0.95185,1.00,1.00
2010.10.01 13:59:55.402,0.95045,0.95135,1.00,1.00
2010.10.01 13:59:55.741,0.9506,0.9512,1.00,1.00
2010.10.01 13:59:56.961,0.95045,0.95095,1.00,1.00
2010.10.01 13:59:57.292,0.95035,0.95085,1.00,1.00
2010.10.01 13:59:57.957,0.95055,0.951,1.00,1.00
2010.10.01 13:59:58.689,0.9494,0.9523,2.40,2.40
2010.10.01 13:59:59.450,0.95115,0.9521,1.00,1.00
2010.10.01 13:59:59.788,0.95095,0.95185,1.00,1.00
