2011.03.14 10:00:00.436,0.93581,0.93612,3.19,2.25
2011.03.14 10:00:00.542,0.93582,0.93614,3.19,2.25
2011.03.14 10:00:00.652,0.93582,0.93617,3.19,2.25
2011.03.14 10:00:01.421,0.9358,0.93615,3.19,4.50
2011.03.14 10:00:02.082,0.93581,0.93616,3.19,2.25
2011.03.14 10:00:02.931,0.9358,0.93615,3.19,2.25
2011.03.14 10:00:03.741,0.93582,0.93615,2.25,2.25
2011.03.14 10:00:03.852,0.93578,0.93614,2.44,2.25
2011.03.14 10:00:03.962,0.93577,0.93613,3.19,2.25
2011.03.14 10:00:04.621,0.93579,0.93614,3.19,2.25
2011.03.14 10:00:04.730,0.93581,0.93616,2.44,2.25
2011.03.14 10:00:05.062,0.93577,0.93609,3.19,2.25
2011.03.14 10:00:05.281,0.93582,0.93617,2.44,2.25
2011.03.14 10:00:05.832,0.93577,0.9361,4.50,2.25
2011.03.14 10:00:06.161,0.93577,0.93611,2.44,2.25
2011.03.14 10:00:06.492,0.93579,0.93614,2.44,2.25
2011.03.14 10:00:07.021,0.9358,0.93615,2.25,2.25
2011.03.14 10:00:08.781,0.93581,0.93614,2.25,2.25
2011.03.14 10:00:14.193,0.93581,0.93606,2.25,2.25
2011.03.14 10:00:14.523,0.93577,0.93603,2.44,2.25
2011.03.14 10:00:14.632,0.93577,0.93605,2.44,2.25
2011.03.14 10:00:14.744,0.93588,0.93605,2.25,2.25
2011.03.14 10:00:14.855,0.93588,0.93615,2.25,2.25
2011.03.14 10:00:14.961,0.93587,0.93608,2.25,2.25
2011.03.14 10:00:15.512,0.93587,0.93607,2.25,2.25
2011.03.14 10:00:15.731,0.93577,0.93607,2.44,2.25
2011.03.14 10:00:15.960,0.93577,0.93604,2.44,2.25
2011.03.14 10:00:16.182,0.93577,0.93606,2.44,2.25
2011.03.14 10:00:16.737,0.93577,0.93607,2.44,2.25
2011.03.14 10:00:17.164,0.93577,0.93605,2.44,2.25
2011.03.14 10:00:17.702,0.93577,0.93604,2.44,2.25
2011.03.14 10:00:20.122,0.93577,0.93605,3.19,2.25
2011.03.14 10:00:20.341,0.93577,0.93607,3.19,2.25
2011.03.14 10:00:21.242,0.93577,0.93606,3.19,2.25
2011.03.14 10:00:21.806,0.93577,0.93607,3.19,2.25
2011.03.14 10:00:23.101,0.93577,0.93608,2.44,2.25
2011.03.14 10:00:24.661,0.93582,0.93617,2.25,2.25
2011.03.14 10:00:25.951,0.93582,0.93617,3.00,2.25
2011.03.14 10:00:27.256,0.93582,0.93615,3.00,2.25
2011.03.14 10:00:27.632,0.93579,0.93612,3.19,2.25
2011.03.14 10:00:28.072,0.93579,0.93614,3.19,2.25
2011.03.14 10:00:28.924,0.93578,0.93613,3.00,2.25
2011.03.14 10:00:29.143,0.93578,0.93611,3.00,2.25
2011.03.14 10:00:30.173,0.93578,0.93611,3.19,2.25
2011.03.14 10:00:30.283,0.93578,0.93613,5.44,2.25
2011.03.14 10:00:31.043,0.93578,0.93613,5.44,2.25
2011.03.14 10:00:31.371,0.93582,0.93615,3.00,2.25
2011.03.14 10:00:32.484,0.93583,0.93616,3.00,2.25
2011.03.14 10:00:34.471,0.93583,0.93616,2.25,2.25
2011.03.14 10:00:35.431,0.93584,0.93617,2.25,2.25
2011.03.14 10:00:36.011,0.93582,0.93617,2.25,2.25
2011.03.14 10:00:39.093,0.93588,0.93619,2.25,2.25
2011.03.14 10:00:40.203,0.93598,0.93622,2.25,2.25
2011.03.14 10:00:40.313,0.93598,0.93632,2.25,2.25
2011.03.14 10:00:41.182,0.936,0.93632,2.25,2.25
2011.03.14 10:00:41.292,0.93596,0.93632,2.25,4.50
2011.03.14 10:00:41.511,0.93598,0.93632,2.25,4.50
2011.03.14 10:00:43.071,0.93595,0.93631,2.25,2.25
2011.03.14 10:00:43.181,0.93601,0.93632,2.25,2.25
2011.03.14 10:00:46.701,0.93598,0.93632,2.25,2.25
2011.03.14 10:00:49.022,0.93599,0.93632,2.25,2.25
2011.03.14 10:00:49.351,0.93594,0.93628,2.25,2.25
2011.03.14 10:00:51.442,0.936,0.93632,2.25,2.25
2011.03.14 10:00:52.902,0.93588,0.93627,3.34,2.25
2011.03.14 10:00:54.026,0.93588,0.93627,3.34,2.25
2011.03.14 10:00:55.761,0.93588,0.93629,3.34,2.25
2011.03.14 10:00:56.791,0.93588,0.93628,3.34,2.25
2011.03.14 10:00:57.403,0.93588,0.93629,3.34,2.25
2011.03.14 10:00:58.723,0.93586,0.93629,1.32,2.82
2011.03.14 10:00:58.833,0.93586,0.93625,1.32,2.25
2011.03.14 10:00:58.943,0.93596,0.93632,2.25,5.44
2011.03.14 10:00:59.162,0.93599,0.93633,2.25,3.19
2011.03.14 10:01:00.721,0.93594,0.93628,2.25,2.25
2011.03.14 10:01:00.942,0.93592,0.93626,3.00,2.25
2011.03.14 10:01:01.605,0.93593,0.93626,1.32,2.25
2011.03.14 10:01:01.822,0.93598,0.93632,3.00,2.25
2011.03.14 10:01:02.371,0.93597,0.93631,5.25,2.25
2011.03.14 10:01:09.850,0.93597,0.93631,3.00,4.50
2011.03.14 10:01:11.433,0.93597,0.93629,3.00,2.25
2011.03.14 10:01:12.436,0.93597,0.93629,3.00,2.25
2011.03.14 10:01:12.651,0.93597,0.93631,3.00,2.25
2011.03.14 10:01:17.172,0.93597,0.9363,3.00,2.25
2011.03.14 10:01:20.671,0.93597,0.9363,3.00,2.25
2011.03.14 10:01:21.111,0.93599,0.93634,3.00,2.25
2011.03.14 10:01:21.852,0.93599,0.93634,3.00,2.25
2011.03.14 10:01:23.820,0.93601,0.93634,3.08,2.25
2011.03.14 10:01:25.241,0.93601,0.93634,3.15,2.25
2011.03.14 10:01:25.823,0.93602,0.93637,3.27,2.25
2011.03.14 10:01:25.931,0.93607,0.9364,3.00,2.25
2011.03.14 10:01:26.422,0.93612,0.93648,2.25,2.25
2011.03.14 10:01:26.821,0.93611,0.93645,2.25,2.25
2011.03.14 10:01:28.501,0.93611,0.93645,2.33,2.25
2011.03.14 10:01:29.246,0.93611,0.93645,2.40,2.25
2011.03.14 10:01:30.203,0.93613,0.93647,2.25,2.25
2011.03.14 10:01:30.815,0.93613,0.93647,2.33,2.25
2011.03.14 10:01:31.033,0.93613,0.93647,2.25,2.25
2011.03.14 10:01:31.989,0.93612,0.93646,2.33,2.25
2011.03.14 10:01:35.833,0.93612,0.93646,3.08,2.25
2011.03.14 10:01:38.179,0.93613,0.93647,3.00,2.25
2011.03.14 10:01:41.582,0.93617,0.93652,4.50,2.44
2011.03.14 10:01:42.023,0.93618,0.9365,1.13,2.25
2011.03.14 10:01:42.132,0.93618,0.93654,3.38,2.25
2011.03.14 10:01:42.443,0.93621,0.93655,2.25,2.25
2011.03.14 10:01:43.001,0.9362,0.93654,2.25,2.25
2011.03.14 10:01:43.333,0.93621,0.93657,2.25,2.25
2011.03.14 10:01:46.192,0.93619,0.93654,3.00,2.25
2011.03.14 10:01:46.302,0.9362,0.93656,2.25,2.25
2011.03.14 10:01:46.521,0.93619,0.93655,3.08,2.25
2011.03.14 10:01:47.214,0.93622,0.93656,2.25,2.25
2011.03.14 10:01:47.613,0.93622,0.93658,2.33,2.25
2011.03.14 10:01:47.831,0.93622,0.93656,2.25,2.25
2011.03.14 10:01:48.442,0.93621,0.93657,2.63,2.25
2011.03.14 10:01:48.772,0.93623,0.93657,3.00,2.25
2011.03.14 10:01:49.742,0.93621,0.93657,3.00,2.25
2011.03.14 10:01:50.075,0.93621,0.93656,2.25,2.63
2011.03.14 10:01:50.181,0.93621,0.93654,2.25,2.25
2011.03.14 10:01:50.291,0.93618,0.93652,3.00,2.25
2011.03.14 10:01:50.841,0.93618,0.9365,3.00,2.25
2011.03.14 10:01:51.171,0.93618,0.93648,3.00,2.25
2011.03.14 10:01:51.281,0.93618,0.9365,3.00,2.25
2011.03.14 10:01:51.512,0.93618,0.93647,3.00,2.25
2011.03.14 10:01:52.122,0.93618,0.93648,3.00,2.25
2011.03.14 10:01:54.053,0.93618,0.93648,3.00,2.25
2011.03.14 10:01:54.161,0.93618,0.93654,5.25,2.25
2011.03.14 10:01:54.432,0.93618,0.93648,3.00,2.25
2011.03.14 10:01:57.291,0.93618,0.9364,3.00,2.25
2011.03.14 10:01:58.236,0.93611,0.9364,1.09,2.25
2011.03.14 10:01:59.533,0.93612,0.93644,1.32,2.25
2011.03.14 10:02:00.531,0.93618,0.93649,3.00,2.25
2011.03.14 10:02:01.451,0.93618,0.93646,2.25,2.25
2011.03.14 10:02:04.531,0.93614,0.93646,1.13,2.25
2011.03.14 10:02:04.641,0.93614,0.93645,1.13,2.25
2011.03.14 10:02:06.321,0.93616,0.9365,3.00,2.25
2011.03.14 10:02:09.191,0.93617,0.93651,3.15,2.25
2011.03.14 10:02:10.481,0.9362,0.93653,2.25,2.25
2011.03.14 10:02:11.043,0.9362,0.93654,2.25,2.25
2011.03.14 10:02:11.592,0.93617,0.93653,5.33,2.25
2011.03.14 10:02:11.811,0.93619,0.93655,2.25,2.25
2011.03.14 10:02:12.031,0.93618,0.93654,3.08,2.25
2011.03.14 10:02:12.362,0.9362,0.93656,2.25,2.25
2011.03.14 10:02:12.471,0.9362,0.93654,2.25,2.25
2011.03.14 10:02:15.232,0.93623,0.93656,2.25,2.25
2011.03.14 10:02:15.341,0.93623,0.93658,2.63,2.25
2011.03.14 10:02:15.561,0.93626,0.93659,2.25,2.25
2011.03.14 10:02:15.892,0.93626,0.93659,3.00,2.25
2011.03.14 10:02:16.455,0.93626,0.93659,3.00,2.25
2011.03.14 10:02:21.502,0.93625,0.93658,3.15,2.25
2011.03.14 10:02:22.053,0.93628,0.93656,3.00,2.25
2011.03.14 10:02:22.381,0.93628,0.93661,3.00,2.25
2011.03.14 10:02:23.051,0.93628,0.93662,5.25,2.25
2011.03.14 10:02:23.601,0.93628,0.93663,5.25,2.25
2011.03.14 10:02:23.711,0.93634,0.93667,2.25,2.44
2011.03.14 10:02:23.821,0.93632,0.93662,3.00,2.25
2011.03.14 10:02:25.222,0.93628,0.9366,3.00,2.25
2011.03.14 10:02:26.367,0.93628,0.9366,3.08,2.25
2011.03.14 10:02:26.900,0.93628,0.9366,3.08,2.25
2011.03.14 10:02:27.702,0.9363,0.93665,3.08,2.82
2011.03.14 10:02:27.813,0.9363,0.93662,2.25,2.25
2011.03.14 10:02:28.142,0.9363,0.9366,2.25,2.25
2011.03.14 10:02:28.251,0.93632,0.93663,2.25,2.25
2011.03.14 10:02:28.781,0.93631,0.93663,2.25,2.25
2011.03.14 10:02:29.635,0.93628,0.93658,3.00,2.25
2011.03.14 10:02:30.402,0.9362,0.93655,3.15,2.25
2011.03.14 10:02:30.844,0.9362,0.93654,1.69,2.25
2011.03.14 10:02:31.282,0.93622,0.93657,3.57,2.25
2011.03.14 10:02:31.831,0.93623,0.93656,3.19,2.25
2011.03.14 10:02:32.101,0.93623,0.93658,3.19,2.25
2011.03.14 10:02:32.861,0.93624,0.93659,3.00,2.25
2011.03.14 10:02:33.003,0.93624,0.93657,3.00,2.25
2011.03.14 10:02:33.332,0.93624,0.93659,3.00,4.50
2011.03.14 10:02:33.913,0.93625,0.93658,3.00,2.25
2011.03.14 10:02:34.472,0.93624,0.93657,3.00,2.25
2011.03.14 10:02:35.492,0.93622,0.93655,3.34,2.25
2011.03.14 10:02:35.821,0.93622,0.93649,1.09,2.25
2011.03.14 10:02:42.271,0.93622,0.9365,1.09,2.25
2011.03.14 10:02:42.381,0.9362,0.9365,1.09,2.25
2011.03.14 10:02:44.845,0.9362,0.9365,1.24,2.25
2011.03.14 10:02:44.952,0.9362,0.9365,1.09,2.25
2011.03.14 10:02:45.281,0.93622,0.93653,2.59,2.25
2011.03.14 10:02:45.391,0.93622,0.93655,2.59,2.25
2011.03.14 10:02:45.940,0.93622,0.93655,2.33,2.25
2011.03.14 10:02:46.051,0.93622,0.93655,2.40,2.25
2011.03.14 10:02:46.383,0.93626,0.93661,2.25,2.44
2011.03.14 10:02:46.601,0.93624,0.93656,2.25,2.25
2011.03.14 10:02:46.931,0.93621,0.93656,2.40,2.25
2011.03.14 10:02:47.366,0.93621,0.93656,2.78,2.25
2011.03.14 10:02:48.714,0.93623,0.93656,2.78,2.25
2011.03.14 10:02:49.322,0.93623,0.93656,2.63,2.25
2011.03.14 10:02:50.903,0.93621,0.93656,4.95,2.25
2011.03.14 10:02:51.242,0.93622,0.93657,2.78,2.25
2011.03.14 10:02:51.434,0.93622,0.93657,2.63,2.25
2011.03.14 10:02:52.503,0.93622,0.93657,3.00,2.63
2011.03.14 10:02:52.613,0.93618,0.93648,2.25,2.25
2011.03.14 10:02:52.942,0.93618,0.93648,2.78,2.25
2011.03.14 10:02:53.052,0.93618,0.93653,3.53,2.25
2011.03.14 10:02:53.163,0.93618,0.93653,3.38,2.25
2011.03.14 10:02:53.382,0.93621,0.93655,2.44,2.25
2011.03.14 10:02:53.893,0.93619,0.93653,1.28,2.25
2011.03.14 10:02:54.111,0.9362,0.93656,2.89,2.25
2011.03.14 10:02:54.623,0.93618,0.93652,3.08,2.25
2011.03.14 10:02:54.733,0.93618,0.93653,3.00,2.25
2011.03.14 10:02:54.953,0.93618,0.93651,3.00,2.25
2011.03.14 10:02:55.283,0.93608,0.93641,3.57,2.25
2011.03.14 10:02:55.391,0.93608,0.93641,3.57,2.25
2011.03.14 10:02:55.922,0.93607,0.93642,3.34,2.25
2011.03.14 10:02:56.032,0.93607,0.93642,2.25,2.25
2011.03.14 10:02:56.143,0.93607,0.93637,2.25,2.25
2011.03.14 10:02:56.361,0.93602,0.93637,3.19,2.25
2011.03.14 10:02:56.583,0.93601,0.93634,2.33,2.25
2011.03.14 10:02:57.132,0.93601,0.93636,2.63,2.25
2011.03.14 10:02:57.742,0.93603,0.93636,2.25,2.25
2011.03.14 10:02:58.072,0.93601,0.93636,2.63,2.25
2011.03.14 10:02:59.203,0.93603,0.93636,2.25,2.25
2011.03.14 10:02:59.564,0.93603,0.93638,2.25,2.44
2011.03.14 10:03:01.642,0.93603,0.93636,2.25,2.25
2011.03.14 10:03:01.751,0.93603,0.93638,2.25,2.44
2011.03.14 10:03:05.612,0.93609,0.93642,2.25,2.44
2011.03.14 10:03:06.719,0.93613,0.93642,2.25,2.44
2011.03.14 10:03:07.621,0.936,0.93633,2.70,2.25
2011.03.14 10:03:07.840,0.93601,0.93633,1.20,2.25
2011.03.14 10:03:11.532,0.93601,0.93635,1.20,2.25
2011.03.14 10:03:13.124,0.93604,0.93635,1.13,2.25
2011.03.14 10:03:13.452,0.93607,0.93639,2.82,2.25
2011.03.14 10:03:13.563,0.93609,0.93644,1.13,2.25
2011.03.14 10:03:13.892,0.93618,0.93645,2.25,2.25
2011.03.14 10:03:14.003,0.93618,0.93647,2.25,2.25
2011.03.14 10:03:14.642,0.93618,0.93648,2.25,2.25
2011.03.14 10:03:16.083,0.93618,0.93649,2.25,1.32
2011.03.14 10:03:16.421,0.93608,0.9364,3.00,2.25
2011.03.14 10:03:16.641,0.93602,0.93634,1.02,2.25
2011.03.14 10:03:16.751,0.93601,0.93634,1.02,2.25
2011.03.14 10:03:17.493,0.93603,0.93634,1.13,2.25
2011.03.14 10:03:17.602,0.93612,0.93642,2.25,2.25
2011.03.14 10:03:17.712,0.93612,0.93649,2.25,1.02
2011.03.14 10:03:17.931,0.93615,0.93649,2.25,1.39
2011.03.14 10:03:18.623,0.93615,0.93649,2.25,1.47
2011.03.14 10:03:18.733,0.93615,0.93649,2.25,1.47
2011.03.14 10:03:19.282,0.93614,0.93649,2.25,1.47
2011.03.14 10:03:19.842,0.93613,0.93649,2.25,1.47
2011.03.14 10:03:20.475,0.93613,0.93645,2.25,2.25
2011.03.14 10:03:20.692,0.9361,0.93643,2.25,2.25
2011.03.14 10:03:21.327,0.93609,0.93642,2.25,2.25
2011.03.14 10:03:24.875,0.93609,0.93642,2.63,2.25
2011.03.14 10:03:25.091,0.93611,0.93644,3.00,2.25
2011.03.14 10:03:25.650,0.93611,0.93644,3.00,2.25
2011.03.14 10:03:26.007,0.93608,0.93641,3.19,2.25
2011.03.14 10:03:26.520,0.93608,0.93642,3.57,2.25
2011.03.14 10:03:26.851,0.93608,0.9364,3.57,2.25
2011.03.14 10:03:27.231,0.93608,0.93642,3.57,2.25
2011.03.14 10:03:27.882,0.9361,0.93643,3.19,2.25
2011.03.14 10:03:28.631,0.93608,0.93641,5.82,2.25
2011.03.14 10:03:29.031,0.93608,0.93643,5.82,2.40
2011.03.14 10:03:29.542,0.93609,0.93642,3.19,2.25
2011.03.14 10:03:30.275,0.9361,0.93643,3.19,2.25
2011.03.14 10:03:33.892,0.93608,0.93642,3.19,2.25
2011.03.14 10:03:35.862,0.93608,0.93642,3.19,2.25
2011.03.14 10:03:38.161,0.93609,0.93644,3.19,2.33
2011.03.14 10:03:38.761,0.93608,0.93643,7.69,2.25
2011.03.14 10:03:39.942,0.93609,0.93642,3.19,2.25
2011.03.14 10:03:40.943,0.9361,0.93645,2.82,2.25
2011.03.14 10:03:41.162,0.93615,0.93649,2.25,2.40
2011.03.14 10:03:41.490,0.9361,0.93643,2.44,2.25
2011.03.14 10:03:43.551,0.93609,0.93642,2.25,2.25
2011.03.14 10:03:44.072,0.9361,0.93643,2.25,2.25
2011.03.14 10:03:45.471,0.93608,0.93642,5.63,2.25
2011.03.14 10:03:47.762,0.93608,0.9364,1.13,2.25
2011.03.14 10:03:48.454,0.93608,0.9364,1.13,2.25
2011.03.14 10:03:50.271,0.93608,0.93638,1.13,2.25
2011.03.14 10:03:51.931,0.93608,0.93638,1.13,2.40
2011.03.14 10:03:52.302,0.93608,0.9364,1.13,2.25
2011.03.14 10:03:52.412,0.93608,0.93642,1.13,4.50
2011.03.14 10:03:53.194,0.93608,0.93642,1.13,4.65
2011.03.14 10:03:54.186,0.93608,0.93638,1.13,2.25
2011.03.14 10:03:58.241,0.93608,0.93638,1.13,2.25
2011.03.14 10:03:58.692,0.93605,0.93638,2.33,2.25
2011.03.14 10:03:58.913,0.93605,0.93638,2.25,2.25
2011.03.14 10:03:59.022,0.93605,0.93638,2.25,3.34
2011.03.14 10:03:59.242,0.93592,0.93626,2.25,2.25
2011.03.14 10:04:00.243,0.93593,0.93627,2.25,2.25
2011.03.14 10:04:01.402,0.93593,0.93628,2.25,2.63
2011.03.14 10:04:01.841,0.93597,0.93629,2.25,2.25
2011.03.14 10:04:02.172,0.93601,0.93632,2.25,2.25
2011.03.14 10:04:03.322,0.93601,0.93635,2.25,2.40
2011.03.14 10:04:03.433,0.93601,0.93635,2.25,2.25
2011.03.14 10:04:04.641,0.936,0.93633,2.25,2.25
2011.03.14 10:04:04.861,0.93601,0.93635,2.25,2.25
2011.03.14 10:04:05.674,0.93607,0.93637,2.25,2.44
2011.03.14 10:04:05.782,0.93605,0.93638,2.25,2.82
2011.03.14 10:04:05.892,0.93602,0.93638,2.25,2.82
2011.03.14 10:04:06.992,0.93599,0.93633,2.25,2.25
2011.03.14 10:04:08.251,0.936,0.93634,2.25,2.33
2011.03.14 10:04:09.061,0.936,0.93634,2.25,2.55
2011.03.14 10:04:09.465,0.936,0.93634,2.25,2.33
2011.03.14 10:04:10.253,0.93597,0.9363,2.25,2.25
2011.03.14 10:04:10.362,0.93595,0.9363,2.25,2.25
2011.03.14 10:04:10.914,0.93599,0.93631,2.25,2.25
2011.03.14 10:04:11.115,0.93599,0.93633,2.25,4.50
2011.03.14 10:04:12.234,0.93599,0.93628,2.25,1.47
2011.03.14 10:04:12.891,0.93583,0.93623,1.13,4.50
2011.03.14 10:04:13.223,0.93587,0.93621,2.25,2.25
2011.03.14 10:04:13.332,0.9358,0.93621,1.28,2.25
2011.03.14 10:04:13.552,0.93588,0.93622,2.25,2.25
2011.03.14 10:04:13.992,0.93578,0.9362,3.08,2.82
2011.03.14 10:04:14.431,0.9358,0.93621,5.25,1.32
2011.03.14 10:04:14.652,0.93578,0.93621,2.25,1.32
2011.03.14 10:04:14.761,0.93578,0.93612,2.25,2.25
2011.03.14 10:04:15.091,0.93578,0.93621,2.25,3.64
2011.03.14 10:04:15.202,0.93586,0.93621,2.25,1.39
2011.03.14 10:04:15.553,0.93588,0.93621,2.25,1.39
2011.03.14 10:04:16.065,0.93588,0.93621,2.25,1.62
2011.03.14 10:04:17.316,0.93588,0.93621,2.25,1.39
2011.03.14 10:04:17.436,0.93588,0.93621,2.25,1.62
2011.03.14 10:04:17.755,0.9359,0.93621,2.25,1.62
2011.03.14 10:04:18.082,0.93584,0.93617,2.25,2.78
2011.03.14 10:04:18.412,0.93584,0.93617,2.25,2.63
2011.03.14 10:04:18.742,0.93586,0.9362,2.25,2.59
2011.03.14 10:04:19.341,0.93586,0.93621,2.25,1.47
2011.03.14 10:04:20.482,0.93586,0.9362,2.25,2.52
2011.03.14 10:04:22.463,0.9359,0.93623,2.25,2.44
2011.03.14 10:04:22.572,0.93586,0.9362,2.25,2.25
2011.03.14 10:04:22.791,0.93584,0.9362,5.63,2.25
2011.03.14 10:04:23.342,0.93585,0.93619,2.25,2.25
2011.03.14 10:04:24.253,0.93587,0.93623,2.25,2.70
2011.03.14 10:04:24.802,0.93588,0.93624,2.25,2.89
2011.03.14 10:04:24.911,0.9359,0.93624,2.25,2.89
2011.03.14 10:04:28.443,0.9359,0.93624,2.25,2.52
2011.03.14 10:04:28.792,0.93592,0.93626,2.25,2.33
2011.03.14 10:04:29.231,0.93594,0.93627,2.25,2.70
2011.03.14 10:04:29.902,0.93594,0.93627,2.25,2.63
2011.03.14 10:04:33.033,0.93594,0.93629,2.25,2.97
2011.03.14 10:04:38.210,0.93594,0.93629,2.25,2.55
2011.03.14 10:04:38.661,0.93594,0.93629,2.25,2.40
2011.03.14 10:04:39.181,0.93596,0.93631,2.25,2.97
2011.03.14 10:04:39.512,0.93596,0.93631,2.25,2.97
2011.03.14 10:04:39.623,0.93588,0.93623,3.00,2.63
2011.03.14 10:04:39.831,0.93588,0.93623,3.00,2.44
2011.03.14 10:04:39.950,0.93586,0.9362,2.25,2.25
2011.03.14 10:04:40.272,0.93588,0.93622,2.25,2.63
2011.03.14 10:04:40.821,0.93587,0.93621,4.50,2.25
2011.03.14 10:04:41.184,0.9359,0.93623,2.25,2.44
2011.03.14 10:04:41.382,0.93588,0.93623,2.25,2.44
2011.03.14 10:04:41.834,0.93588,0.93623,2.25,3.19
2011.03.14 10:04:42.162,0.93587,0.93612,2.25,2.25
2011.03.14 10:04:42.272,0.93587,0.93617,2.25,1.32
2011.03.14 10:04:42.491,0.93585,0.93617,2.25,1.32
2011.03.14 10:04:43.002,0.93585,0.93618,2.25,2.25
2011.03.14 10:04:43.222,0.93586,0.93621,2.25,2.63
2011.03.14 10:04:45.891,0.93586,0.93622,2.25,5.22
2011.03.14 10:04:46.345,0.93585,0.9362,2.25,2.63
2011.03.14 10:04:46.452,0.93585,0.93616,2.25,2.25
2011.03.14 10:04:46.782,0.93584,0.93614,3.00,2.25
2011.03.14 10:04:46.892,0.93586,0.93619,2.25,2.33
2011.03.14 10:04:47.619,0.93586,0.93619,2.25,2.40
2011.03.14 10:04:48.201,0.93585,0.93618,2.25,2.40
2011.03.14 10:04:48.422,0.93585,0.93618,2.25,2.78
2011.03.14 10:04:48.641,0.93577,0.93611,3.15,2.25
2011.03.14 10:04:49.648,0.93577,0.93611,3.00,2.33
2011.03.14 10:04:50.743,0.93577,0.93611,3.00,2.63
2011.03.14 10:04:50.854,0.93571,0.93606,3.15,2.25
2011.03.14 10:04:51.184,0.9358,0.93615,2.25,2.63
2011.03.14 10:04:51.722,0.93579,0.93614,3.00,2.25
2011.03.14 10:04:51.832,0.93589,0.93615,2.25,2.63
2011.03.14 10:04:52.272,0.93589,0.93612,2.25,2.25
2011.03.14 10:04:53.184,0.93588,0.93612,2.25,2.25
2011.03.14 10:04:57.242,0.9359,0.93612,2.25,2.25
2011.03.14 10:04:57.861,0.93581,0.93612,2.25,2.25
2011.03.14 10:04:58.263,0.93581,0.93612,3.00,2.25
2011.03.14 10:04:58.482,0.93584,0.93619,3.00,2.59
2011.03.14 10:04:58.592,0.93584,0.93619,3.00,2.97
2011.03.14 10:04:58.922,0.93584,0.93613,2.25,2.25
2011.03.14 10:05:02.403,0.93574,0.93594,3.00,2.25
2011.03.14 10:05:02.514,0.93567,0.93594,3.00,2.25
2011.03.14 10:05:02.621,0.93565,0.93594,2.44,2.25
2011.03.14 10:05:02.842,0.9356,0.93594,2.40,2.25
2011.03.14 10:05:02.952,0.93567,0.93596,2.25,2.25
2011.03.14 10:05:03.062,0.93561,0.93595,3.00,2.25
2011.03.14 10:05:04.091,0.93559,0.93593,3.00,2.25
2011.03.14 10:05:04.421,0.93562,0.93595,1.32,4.50
2011.03.14 10:05:04.754,0.93559,0.93592,1.69,2.25
2011.03.14 10:05:05.464,0.93559,0.93593,3.94,2.25
2011.03.14 10:05:06.026,0.93559,0.93593,3.94,2.33
2011.03.14 10:05:06.592,0.93559,0.9359,1.69,2.25
2011.03.14 10:05:06.813,0.93559,0.93592,1.69,2.25
2011.03.14 10:05:07.622,0.93559,0.93594,1.69,2.40
2011.03.14 10:05:08.123,0.93559,0.93593,1.69,2.25
2011.03.14 10:05:08.743,0.93569,0.93597,1.32,2.33
2011.03.14 10:05:08.966,0.93572,0.93608,3.19,2.55
2011.03.14 10:05:09.183,0.93572,0.93608,3.19,2.40
2011.03.14 10:05:09.293,0.9357,0.93606,3.00,2.33
2011.03.14 10:05:09.512,0.93571,0.93607,3.00,2.25
2011.03.14 10:05:09.621,0.93571,0.93607,3.00,2.33
2011.03.14 10:05:10.101,0.93571,0.93602,3.00,2.25
2011.03.14 10:05:10.492,0.93568,0.93602,3.00,2.33
2011.03.14 10:05:11.152,0.93571,0.93607,3.00,2.40
2011.03.14 10:05:11.463,0.93575,0.93609,3.00,2.25
2011.03.14 10:05:11.791,0.93579,0.93612,2.25,2.25
2011.03.14 10:05:12.352,0.93579,0.93612,2.25,2.40
2011.03.14 10:05:12.683,0.93578,0.93611,3.19,2.25
2011.03.14 10:05:12.902,0.93578,0.93611,3.00,2.25
2011.03.14 10:05:13.012,0.93575,0.93608,3.00,2.25
2011.03.14 10:05:13.453,0.93574,0.93605,1.13,2.25
2011.03.14 10:05:13.562,0.93574,0.93607,1.13,2.25
2011.03.14 10:05:14.112,0.93574,0.93607,1.13,2.33
2011.03.14 10:05:14.452,0.93574,0.93607,1.13,2.25
2011.03.14 10:05:15.096,0.93574,0.93606,1.13,2.25
2011.03.14 10:05:15.204,0.9357,0.93604,3.00,2.40
2011.03.14 10:05:15.532,0.93568,0.93604,3.19,2.25
2011.03.14 10:05:15.641,0.93568,0.93601,3.19,2.25
2011.03.14 10:05:15.971,0.93565,0.93598,4.32,2.25
2011.03.14 10:05:16.523,0.93562,0.93595,3.00,2.25
2011.03.14 10:05:16.633,0.93561,0.93591,1.02,2.25
2011.03.14 10:05:17.291,0.93558,0.93592,3.00,2.25
2011.03.14 10:05:17.512,0.93561,0.93595,1.32,2.25
2011.03.14 10:05:17.843,0.93565,0.93598,3.38,2.40
2011.03.14 10:05:18.282,0.93568,0.936,3.00,2.25
2011.03.14 10:05:18.392,0.93569,0.93603,3.00,2.25
2011.03.14 10:05:20.711,0.93569,0.93605,3.00,2.25
2011.03.14 10:05:24.132,0.93574,0.93606,1.13,2.33
2011.03.14 10:05:24.242,0.93578,0.93607,3.00,2.25
2011.03.14 10:05:24.463,0.93579,0.9361,1.32,2.25
2011.03.14 10:05:25.012,0.93579,0.93613,3.57,2.25
2011.03.14 10:05:25.611,0.93579,0.93612,1.32,2.25
2011.03.14 10:05:26.323,0.93583,0.93612,1.32,2.25
2011.03.14 10:05:26.810,0.9359,0.93625,3.00,2.25
2011.03.14 10:05:27.373,0.93592,0.93625,3.00,2.25
2011.03.14 10:05:27.814,0.9359,0.93623,3.00,2.25
2011.03.14 10:05:28.035,0.9359,0.93623,3.00,2.25
2011.03.14 10:05:28.143,0.9359,0.93625,3.00,2.25
2011.03.14 10:05:28.255,0.9359,0.9362,1.13,2.25
2011.03.14 10:05:28.803,0.9359,0.93621,1.13,2.25
2011.03.14 10:05:29.243,0.93581,0.93614,3.57,2.25
2011.03.14 10:05:29.682,0.93581,0.93612,1.32,2.25
2011.03.14 10:05:31.582,0.93582,0.93615,1.02,2.25
2011.03.14 10:05:32.182,0.93583,0.93615,1.32,2.25
2011.03.14 10:05:32.291,0.93585,0.93618,2.25,2.25
2011.03.14 10:05:34.212,0.93586,0.93619,2.25,2.25
2011.03.14 10:05:34.722,0.93586,0.93621,2.25,2.25
2011.03.14 10:05:36.053,0.93585,0.93614,2.25,2.25
2011.03.14 10:05:36.381,0.93586,0.93617,1.13,2.25
2011.03.14 10:05:36.493,0.93586,0.9362,1.28,2.25
2011.03.14 10:05:36.711,0.93587,0.9362,3.00,2.25
2011.03.14 10:05:37.264,0.93587,0.9362,3.00,2.25
2011.03.14 10:05:37.723,0.93591,0.93625,3.15,2.25
2011.03.14 10:05:37.942,0.93591,0.93627,3.00,2.63
2011.03.14 10:05:38.161,0.93587,0.93622,2.25,2.63
2011.03.14 10:05:39.102,0.93587,0.9362,2.25,2.25
2011.03.14 10:05:40.533,0.93587,0.93622,2.25,2.63
2011.03.14 10:05:41.334,0.93587,0.93622,2.25,2.78
2011.03.14 10:05:42.283,0.93587,0.93622,2.25,2.93
2011.03.14 10:05:42.504,0.93585,0.93614,2.25,2.25
2011.03.14 10:05:42.613,0.93582,0.93615,3.00,2.25
2011.03.14 10:05:42.722,0.93587,0.93617,2.25,2.25
2011.03.14 10:05:42.832,0.93587,0.93622,2.25,2.63
2011.03.14 10:05:44.702,0.93587,0.93622,2.25,2.63
2011.03.14 10:05:45.032,0.93588,0.93616,2.25,2.25
2011.03.14 10:05:45.141,0.9358,0.93615,3.00,2.25
2011.03.14 10:05:46.403,0.93584,0.93617,2.25,2.25
2011.03.14 10:05:47.542,0.93581,0.93616,3.08,2.25
2011.03.14 10:05:48.132,0.93582,0.93617,3.00,4.50
2011.03.14 10:05:48.681,0.93582,0.93617,3.00,2.25
2011.03.14 10:05:48.791,0.93582,0.93615,3.00,2.25
2011.03.14 10:05:49.631,0.93582,0.93615,3.00,2.25
2011.03.14 10:05:50.204,0.93582,0.93615,3.00,2.25
2011.03.14 10:05:50.892,0.93582,0.93617,3.00,2.25
2011.03.14 10:05:51.002,0.93581,0.93614,3.08,2.25
2011.03.14 10:05:51.331,0.93583,0.93617,3.15,2.25
2011.03.14 10:05:53.111,0.93583,0.93616,3.15,2.25
2011.03.14 10:05:53.773,0.93583,0.93616,3.00,2.25
2011.03.14 10:05:54.423,0.93581,0.93616,3.15,2.25
2011.03.14 10:05:57.342,0.93583,0.93616,3.00,2.25
2011.03.14 10:05:57.454,0.93584,0.93616,1.39,2.25
2011.03.14 10:05:57.781,0.93587,0.93616,3.00,2.25
2011.03.14 10:05:58.002,0.93588,0.9362,1.13,2.25
2011.03.14 10:05:58.113,0.93588,0.93623,3.38,2.25
2011.03.14 10:05:59.335,0.93588,0.93623,5.78,2.25
2011.03.14 10:06:00.182,0.93588,0.93623,5.63,2.25
2011.03.14 10:06:00.401,0.93592,0.93628,2.25,2.25
2011.03.14 10:06:00.842,0.93594,0.9363,2.25,2.25
2011.03.14 10:06:01.504,0.93595,0.93629,2.25,2.25
2011.03.14 10:06:02.420,0.93595,0.93629,2.40,2.25
2011.03.14 10:06:04.352,0.93598,0.93629,3.00,2.25
2011.03.14 10:06:04.462,0.93599,0.93633,2.25,2.25
2011.03.14 10:06:04.571,0.93601,0.93634,2.25,2.25
2011.03.14 10:06:05.672,0.93598,0.93631,5.25,2.25
2011.03.14 10:06:06.002,0.93601,0.93637,2.25,2.63
2011.03.14 10:06:06.543,0.93602,0.93636,2.25,2.25
2011.03.14 10:06:07.648,0.93602,0.93636,3.00,2.25
2011.03.14 10:06:10.821,0.93601,0.93635,3.08,2.25
2011.03.14 10:06:12.670,0.93601,0.93637,3.08,4.50
2011.03.14 10:06:13.352,0.93601,0.93635,3.08,2.25
2011.03.14 10:06:13.911,0.93601,0.93635,3.08,2.25
2011.03.14 10:06:14.683,0.936,0.93634,3.00,2.25
2011.03.14 10:06:14.793,0.93602,0.93638,3.00,2.25
2011.03.14 10:06:15.335,0.93601,0.93637,3.00,2.25
2011.03.14 10:06:16.214,0.93601,0.93636,3.00,2.25
2011.03.14 10:06:16.781,0.936,0.93633,3.00,2.25
2011.03.14 10:06:19.752,0.93598,0.93633,3.00,2.25
2011.03.14 10:06:20.441,0.93596,0.93629,3.00,2.25
2011.03.14 10:06:20.552,0.93596,0.93631,3.00,2.25
2011.03.14 10:06:21.732,0.93602,0.93636,2.25,2.25
2011.03.14 10:06:21.953,0.93603,0.93636,1.13,2.25
2011.03.14 10:06:22.502,0.93605,0.93641,3.00,2.25
2011.03.14 10:06:22.612,0.93604,0.93639,3.00,2.25
2011.03.14 10:06:23.182,0.93608,0.93638,3.00,2.25
2011.03.14 10:06:23.296,0.93611,0.93644,2.25,2.25
2011.03.14 10:06:23.516,0.93613,0.93646,1.13,2.25
2011.03.14 10:06:23.844,0.9362,0.93654,3.00,2.33
2011.03.14 10:06:24.283,0.93622,0.93656,3.00,2.25
2011.03.14 10:06:24.393,0.93623,0.93656,3.00,2.82
2011.03.14 10:06:24.613,0.93619,0.93654,2.25,2.89
2011.03.14 10:06:24.722,0.93618,0.93654,3.00,2.89
2011.03.14 10:06:25.163,0.93611,0.93647,3.00,2.25
2011.03.14 10:06:27.712,0.93613,0.93649,3.00,2.78
2011.03.14 10:06:28.274,0.93609,0.93642,3.00,2.25
2011.03.14 10:06:28.492,0.93611,0.93644,3.08,2.25
2011.03.14 10:06:29.039,0.9361,0.93645,3.08,2.25
2011.03.14 10:06:29.614,0.93609,0.93644,3.08,2.25
2011.03.14 10:06:30.408,0.9361,0.93645,3.00,4.50
2011.03.14 10:06:30.633,0.9361,0.93643,3.00,2.25
2011.03.14 10:06:31.183,0.93611,0.93644,3.15,2.25
2011.03.14 10:06:31.576,0.93609,0.93642,3.00,2.25
2011.03.14 10:06:32.465,0.93608,0.93643,5.25,2.25
2011.03.14 10:06:33.167,0.93609,0.93644,3.00,2.25
2011.03.14 10:06:33.782,0.93608,0.93643,5.25,2.25
2011.03.14 10:06:34.353,0.93608,0.93641,5.25,2.25
2011.03.14 10:06:34.879,0.93608,0.93642,3.00,4.50
2011.03.14 10:06:38.572,0.93613,0.93646,3.00,2.33
2011.03.14 10:06:38.903,0.93608,0.93642,3.00,2.25
2011.03.14 10:06:39.122,0.93603,0.93636,3.00,2.25
2011.03.14 10:06:40.182,0.93599,0.93632,5.25,2.25
2011.03.14 10:06:40.732,0.93597,0.9363,3.00,2.25
2011.03.14 10:06:41.466,0.93597,0.9363,3.00,2.40
2011.03.14 10:06:43.029,0.93597,0.9363,3.00,2.40
2011.03.14 10:06:44.232,0.93594,0.93627,3.38,2.25
2011.03.14 10:06:44.341,0.93594,0.93627,3.38,2.25
2011.03.14 10:06:44.902,0.93594,0.93626,1.13,2.25
2011.03.14 10:06:45.452,0.93592,0.93625,3.64,2.25
2011.03.14 10:06:46.421,0.93594,0.93627,3.00,2.25
2011.03.14 10:06:46.863,0.9359,0.93619,1.69,4.50
2011.03.14 10:06:47.082,0.93588,0.93618,3.00,2.25
2011.03.14 10:06:47.304,0.93588,0.93615,3.00,2.25
2011.03.14 10:06:47.633,0.93577,0.93606,3.30,2.25
2011.03.14 10:06:48.072,0.93576,0.9361,1.02,2.25
2011.03.14 10:06:48.655,0.93576,0.93605,1.02,2.25
2011.03.14 10:06:48.761,0.93576,0.93609,1.02,2.25
2011.03.14 10:06:49.343,0.93576,0.93608,1.09,2.25
2011.03.14 10:06:49.893,0.93576,0.93608,1.09,2.25
2011.03.14 10:06:50.429,0.93576,0.93607,1.09,2.25
2011.03.14 10:06:51.422,0.93578,0.9361,3.38,2.25
2011.03.14 10:06:51.643,0.93579,0.93611,1.69,2.25
2011.03.14 10:06:51.862,0.93579,0.9361,1.69,2.25
2011.03.14 10:06:51.971,0.93579,0.93617,1.69,2.25
2011.03.14 10:06:52.302,0.93582,0.93617,1.32,2.25
2011.03.14 10:06:52.412,0.93582,0.93619,1.32,2.40
2011.03.14 10:06:52.982,0.9359,0.93624,2.25,2.40
2011.03.14 10:06:54.733,0.9359,0.93624,2.25,2.40
2011.03.14 10:06:58.784,0.93589,0.93623,3.00,2.25
2011.03.14 10:07:01.572,0.93586,0.93622,3.00,4.65
2011.03.14 10:07:01.792,0.93586,0.9362,3.00,2.25
2011.03.14 10:07:02.672,0.93589,0.93622,2.25,4.50
2011.03.14 10:07:03.552,0.93589,0.93619,2.25,2.25
2011.03.14 10:07:03.772,0.93585,0.93621,3.57,2.25
2011.03.14 10:07:03.882,0.93588,0.93621,3.00,2.25
2011.03.14 10:07:05.131,0.93583,0.93616,3.00,2.63
2011.03.14 10:07:05.462,0.93575,0.93611,3.15,2.25
2011.03.14 10:07:05.812,0.93576,0.93612,3.15,4.50
2011.03.14 10:07:06.430,0.93575,0.93611,3.15,2.25
2011.03.14 10:07:08.214,0.93575,0.93608,3.15,2.25
2011.03.14 10:07:08.323,0.93575,0.93608,2.25,2.25
2011.03.14 10:07:08.982,0.93577,0.93611,2.25,2.25
2011.03.14 10:07:09.201,0.93575,0.93611,2.25,2.25
2011.03.14 10:07:09.376,0.93575,0.93611,3.00,2.25
2011.03.14 10:07:10.189,0.93578,0.93611,1.69,2.25
2011.03.14 10:07:13.582,0.93585,0.93618,2.25,2.40
2011.03.14 10:07:14.573,0.93585,0.9362,3.00,2.40
2011.03.14 10:07:15.216,0.93584,0.93617,3.00,2.25
2011.03.14 10:07:15.763,0.93584,0.93619,3.00,2.40
2011.03.14 10:07:16.666,0.93584,0.93619,3.00,2.40
2011.03.14 10:07:17.181,0.93584,0.93615,3.00,2.25
2011.03.14 10:07:18.207,0.93581,0.93613,1.13,2.25
2011.03.14 10:07:18.724,0.93581,0.93613,1.13,2.25
2011.03.14 10:07:18.942,0.93581,0.93615,3.53,2.25
2011.03.14 10:07:19.273,0.93579,0.93612,3.00,2.25
2011.03.14 10:07:19.823,0.93578,0.93613,2.25,3.57
2011.03.14 10:07:20.043,0.93574,0.93608,2.25,2.25
2011.03.14 10:07:20.264,0.93573,0.93609,3.00,2.25
2011.03.14 10:07:20.864,0.93573,0.93609,3.00,2.25
2011.03.14 10:07:22.115,0.93573,0.93609,3.00,2.40
2011.03.14 10:07:22.513,0.93573,0.93609,3.00,2.44
2011.03.14 10:07:22.621,0.93569,0.93604,3.00,2.25
2011.03.14 10:07:24.002,0.93568,0.93603,5.25,2.25
2011.03.14 10:07:24.911,0.9357,0.93603,3.00,2.40
2011.03.14 10:07:25.762,0.9357,0.93605,3.15,2.25
2011.03.14 10:07:26.351,0.9357,0.93605,3.00,2.25
2011.03.14 10:07:26.681,0.93571,0.93606,2.40,2.25
2011.03.14 10:07:28.203,0.93572,0.93607,2.25,2.25
2011.03.14 10:07:29.502,0.93571,0.93606,4.65,2.25
2011.03.14 10:07:29.723,0.93568,0.93603,5.25,3.19
2011.03.14 10:07:29.942,0.93561,0.93594,2.40,2.25
2011.03.14 10:07:30.601,0.93562,0.93595,2.25,2.25
2011.03.14 10:07:31.592,0.9356,0.93595,2.33,2.25
2011.03.14 10:07:32.141,0.93561,0.93594,2.33,2.25
2011.03.14 10:07:32.742,0.93565,0.936,2.25,2.44
2011.03.14 10:07:33.725,0.93565,0.936,2.40,2.44
2011.03.14 10:07:34.733,0.93565,0.936,2.33,2.44
2011.03.14 10:07:35.468,0.93565,0.936,2.33,2.82
2011.03.14 10:07:35.818,0.93572,0.93603,2.25,2.25
2011.03.14 10:07:36.153,0.93574,0.93603,2.25,2.25
2011.03.14 10:07:36.262,0.93571,0.93603,2.25,2.25
2011.03.14 10:07:36.482,0.93571,0.93598,2.25,2.25
2011.03.14 10:07:36.872,0.9356,0.93594,1.32,2.25
2011.03.14 10:07:37.833,0.9356,0.93594,1.32,2.25
2011.03.14 10:07:38.383,0.9356,0.93594,3.57,2.25
2011.03.14 10:07:38.602,0.9356,0.93596,3.57,2.25
2011.03.14 10:07:38.823,0.9356,0.93594,3.57,2.25
2011.03.14 10:07:39.241,0.9356,0.93596,3.57,4.50
2011.03.14 10:07:39.351,0.9356,0.93594,3.57,2.25
2011.03.14 10:07:42.176,0.93562,0.93594,1.02,2.25
2011.03.14 10:07:42.943,0.93562,0.93595,3.19,2.25
2011.03.14 10:07:43.052,0.93565,0.93599,2.25,2.40
2011.03.14 10:07:44.172,0.93564,0.93598,2.25,2.25
2011.03.14 10:07:45.781,0.93565,0.93599,2.25,2.40
2011.03.14 10:07:46.362,0.93564,0.93598,2.25,2.25
2011.03.14 10:07:46.912,0.93561,0.93595,5.40,2.25
2011.03.14 10:07:47.022,0.93563,0.93599,3.00,2.25
2011.03.14 10:07:47.744,0.93567,0.93599,4.50,2.25
2011.03.14 10:07:48.071,0.93569,0.93605,2.25,5.22
2011.03.14 10:07:57.698,0.93568,0.93603,3.00,2.52
2011.03.14 10:07:58.368,0.93568,0.93603,3.00,2.52
2011.03.14 10:08:00.662,0.93568,0.936,3.00,2.25
2011.03.14 10:08:01.592,0.93563,0.93599,3.00,2.25
2011.03.14 10:08:02.171,0.93562,0.93598,3.00,2.25
2011.03.14 10:08:02.505,0.93568,0.93596,1.32,2.25
2011.03.14 10:08:02.943,0.93564,0.93596,1.13,4.50
2011.03.14 10:08:03.052,0.93564,0.93593,1.13,2.25
2011.03.14 10:08:03.272,0.93564,0.93599,3.38,2.25
2011.03.14 10:08:03.601,0.93564,0.93597,3.38,2.25
2011.03.14 10:08:04.342,0.93564,0.93599,3.38,2.25
2011.03.14 10:08:04.893,0.93564,0.93597,3.38,2.25
2011.03.14 10:08:06.045,0.93565,0.93598,3.00,2.40
2011.03.14 10:08:09.331,0.93563,0.93598,3.00,2.40
2011.03.14 10:08:10.832,0.93563,0.93598,3.00,2.55
2011.03.14 10:08:10.942,0.93563,0.93596,3.00,2.25
2011.03.14 10:08:11.452,0.93564,0.93597,3.00,2.25
2011.03.14 10:08:12.002,0.93567,0.936,3.00,2.40
2011.03.14 10:08:12.582,0.93567,0.936,3.08,2.25
2011.03.14 10:08:17.762,0.93567,0.936,3.00,2.25
2011.03.14 10:08:18.133,0.93567,0.93602,3.15,2.25
2011.03.14 10:08:18.244,0.93567,0.936,3.00,2.25
2011.03.14 10:08:18.354,0.93564,0.93598,2.25,2.25
2011.03.14 10:08:18.812,0.93564,0.93598,3.15,2.25
2011.03.14 10:08:19.143,0.93569,0.93602,3.00,2.25
2011.03.14 10:08:19.252,0.93568,0.93598,3.00,2.25
2011.03.14 10:08:19.362,0.93564,0.93598,2.33,2.25
2011.03.14 10:08:19.472,0.93564,0.93598,3.00,2.25
2011.03.14 10:08:19.581,0.93564,0.936,2.25,4.50
2011.03.14 10:08:19.802,0.93567,0.93602,2.25,5.07
2011.03.14 10:08:20.133,0.93558,0.93592,3.00,2.25
2011.03.14 10:08:20.242,0.93558,0.93594,2.25,2.25
2011.03.14 10:08:20.352,0.93561,0.93592,2.25,2.25
2011.03.14 10:08:20.683,0.93561,0.93588,2.25,2.25
2011.03.14 10:08:20.903,0.93551,0.93583,2.25,2.25
2011.03.14 10:08:21.122,0.93546,0.93582,3.94,2.25
2011.03.14 10:08:21.233,0.93546,0.9358,3.00,2.25
2011.03.14 10:08:21.562,0.93545,0.93578,1.13,2.25
2011.03.14 10:08:23.652,0.93542,0.93577,3.19,2.25
2011.03.14 10:08:23.982,0.93541,0.93574,1.32,2.25
2011.03.14 10:08:24.202,0.93541,0.93577,3.57,2.25
2011.03.14 10:08:27.625,0.93547,0.93577,1.13,2.25
2011.03.14 10:08:28.464,0.93547,0.93577,1.13,2.25
2011.03.14 10:08:29.728,0.93549,0.93577,1.13,2.25
2011.03.14 10:08:29.953,0.93548,0.93577,1.32,2.25
2011.03.14 10:08:30.062,0.93548,0.93584,3.57,2.33
2011.03.14 10:08:30.172,0.93548,0.93584,3.00,2.33
2011.03.14 10:08:30.393,0.93546,0.93579,1.13,2.25
2011.03.14 10:08:30.502,0.93546,0.93579,1.13,2.25
2011.03.14 10:08:32.652,0.93548,0.93582,1.13,2.25
2011.03.14 10:08:34.652,0.93548,0.93584,3.38,4.50
2011.03.14 10:08:35.234,0.93549,0.93584,1.13,2.25
2011.03.14 10:08:36.442,0.93549,0.93585,3.38,2.25
2011.03.14 10:08:36.953,0.93551,0.93585,2.25,2.25
2011.03.14 10:08:38.851,0.93551,0.93587,2.25,2.25
2011.03.14 10:08:39.522,0.93553,0.93587,2.25,2.25
2011.03.14 10:08:39.875,0.93554,0.9359,2.25,2.25
2011.03.14 10:08:40.463,0.93554,0.9359,2.63,2.25
2011.03.14 10:08:40.682,0.93557,0.93591,2.25,2.25
2011.03.14 10:08:42.232,0.93557,0.93593,2.25,2.25
2011.03.14 10:08:42.781,0.93556,0.93592,2.25,2.25
2011.03.14 10:08:43.773,0.93559,0.93592,1.32,2.25
2011.03.14 10:08:43.993,0.93568,0.936,2.25,2.25
2011.03.14 10:08:44.210,0.93561,0.93597,3.19,2.25
2011.03.14 10:08:45.802,0.93564,0.93599,2.25,2.25
2011.03.14 10:08:46.318,0.93565,0.936,2.25,2.25
2011.03.14 10:08:46.653,0.93566,0.93599,2.63,2.25
2011.03.14 10:08:47.313,0.93567,0.93602,2.63,2.25
2011.03.14 10:08:49.334,0.9356,0.93593,2.40,2.25
2011.03.14 10:08:49.554,0.93564,0.93597,2.25,2.25
2011.03.14 10:08:50.213,0.93563,0.93596,2.25,2.25
2011.03.14 10:08:50.322,0.93564,0.93599,2.25,2.25
2011.03.14 10:08:50.894,0.93563,0.93596,2.25,2.25
2011.03.14 10:08:51.444,0.93565,0.93599,2.25,2.25
2011.03.14 10:08:52.042,0.93563,0.93599,3.00,2.25
2011.03.14 10:08:52.153,0.9356,0.93596,3.00,2.25
2011.03.14 10:08:52.837,0.93561,0.93597,3.00,2.25
2011.03.14 10:08:55.423,0.93558,0.93593,3.00,2.25
2011.03.14 10:08:56.217,0.93558,0.93593,3.00,2.25
2011.03.14 10:08:56.612,0.93558,0.93591,5.25,2.25
2011.03.14 10:08:57.163,0.93559,0.93592,3.00,2.25
2011.03.14 10:09:00.572,0.93558,0.93592,3.00,2.25
2011.03.14 10:09:02.786,0.93561,0.93593,2.25,2.25
2011.03.14 10:09:03.112,0.93559,0.93588,3.00,2.25
2011.03.14 10:09:04.902,0.93557,0.9359,3.15,2.25
2011.03.14 10:09:07.832,0.93557,0.9359,3.00,2.25
2011.03.14 10:09:13.794,0.93555,0.9359,3.00,2.25
2011.03.14 10:09:17.582,0.93558,0.93589,3.00,2.25
2011.03.14 10:09:19.006,0.93554,0.93589,3.15,2.25
2011.03.14 10:09:20.722,0.93557,0.9359,3.00,2.25
2011.03.14 10:09:22.995,0.93557,0.93586,3.00,2.25
2011.03.14 10:09:23.322,0.93553,0.93584,1.13,2.25
2011.03.14 10:09:23.887,0.93553,0.93583,1.13,2.25
2011.03.14 10:09:25.222,0.93553,0.93585,1.13,2.25
2011.03.14 10:09:26.273,0.93558,0.93585,1.32,2.25
2011.03.14 10:09:26.383,0.93555,0.9359,3.00,2.40
2011.03.14 10:09:26.492,0.93553,0.93582,1.13,2.25
2011.03.14 10:09:26.602,0.93553,0.93584,1.13,2.25
2011.03.14 10:09:27.263,0.93553,0.93583,1.13,2.33
2011.03.14 10:09:28.762,0.93553,0.93583,1.13,2.33
2011.03.14 10:09:29.861,0.93553,0.93583,1.13,2.33
2011.03.14 10:09:30.957,0.93553,0.93584,1.13,2.33
2011.03.14 10:09:31.394,0.9355,0.93583,2.25,2.25
2011.03.14 10:09:31.502,0.9355,0.93577,2.25,2.25
2011.03.14 10:09:31.722,0.9355,0.9358,2.25,2.25
2011.03.14 10:09:31.942,0.9355,0.93577,2.25,2.25
2011.03.14 10:09:32.274,0.93542,0.93575,3.15,2.25
2011.03.14 10:09:32.823,0.93544,0.93579,3.00,2.25
2011.03.14 10:09:33.372,0.93547,0.9358,3.00,2.25
2011.03.14 10:09:34.403,0.93541,0.93574,3.08,2.25
2011.03.14 10:09:34.946,0.93544,0.93575,1.13,2.25
2011.03.14 10:09:35.163,0.93544,0.93579,3.38,2.25
2011.03.14 10:09:35.782,0.93546,0.93579,3.00,2.25
2011.03.14 10:09:36.332,0.93545,0.93578,3.00,2.25
2011.03.14 10:09:37.182,0.93544,0.93579,3.38,2.25
2011.03.14 10:09:37.732,0.93544,0.93577,3.38,2.25
2011.03.14 10:09:38.304,0.93544,0.93578,1.13,2.25
2011.03.14 10:09:43.051,0.93544,0.93577,1.13,2.25
2011.03.14 10:09:43.385,0.93542,0.93575,1.13,2.25
2011.03.14 10:09:43.713,0.93547,0.93578,1.13,2.25
2011.03.14 10:09:44.573,0.93547,0.93577,1.13,2.25
2011.03.14 10:09:45.905,0.93547,0.93578,1.13,2.25
2011.03.14 10:09:46.854,0.93547,0.93577,1.13,2.25
2011.03.14 10:09:48.258,0.93547,0.93577,1.13,2.25
2011.03.14 10:09:48.848,0.93546,0.93576,1.32,2.25
2011.03.14 10:09:50.673,0.93546,0.93576,1.32,2.25
2011.03.14 10:09:51.113,0.93549,0.93577,1.13,2.25
2011.03.14 10:09:51.442,0.93549,0.93582,3.38,2.25
2011.03.14 10:09:51.774,0.9356,0.93584,1.13,2.25
2011.03.14 10:09:51.991,0.93557,0.93586,3.19,2.25
2011.03.14 10:09:52.322,0.93554,0.93582,2.07,2.25
2011.03.14 10:09:53.283,0.9355,0.93579,1.13,2.25
2011.03.14 10:09:53.682,0.9355,0.93577,1.13,2.25
2011.03.14 10:09:55.242,0.9355,0.93582,1.13,2.25
2011.03.14 10:09:56.422,0.93548,0.93582,3.00,2.82
2011.03.14 10:09:56.642,0.93542,0.93575,3.15,2.25
2011.03.14 10:09:56.753,0.93538,0.93573,2.40,2.25
2011.03.14 10:09:56.862,0.93538,0.93573,4.50,2.25
2011.03.14 10:09:57.083,0.93538,0.93571,4.50,2.25
2011.03.14 10:09:57.412,0.93536,0.93571,2.63,2.25
2011.03.14 10:09:57.978,0.93535,0.9357,2.63,2.25
2011.03.14 10:09:58.332,0.93535,0.93568,2.78,2.25
2011.03.14 10:09:59.232,0.93534,0.93567,2.78,2.25
2011.03.14 10:09:59.912,0.93537,0.93567,2.59,2.25
2011.03.14 10:10:00.242,0.93537,0.93567,2.82,2.25
2011.03.14 10:10:00.352,0.93537,0.93573,5.07,2.25
2011.03.14 10:10:03.442,0.93538,0.93574,2.97,2.25
2011.03.14 10:10:03.552,0.93548,0.93574,2.25,2.25
2011.03.14 10:10:03.662,0.93548,0.93576,2.25,2.25
2011.03.14 10:10:03.772,0.93548,0.93579,2.25,4.50
2011.03.14 10:10:05.563,0.93548,0.93579,2.63,2.25
2011.03.14 10:10:05.672,0.9355,0.93583,2.25,2.25
2011.03.14 10:10:06.442,0.93548,0.93581,4.84,2.25
2011.03.14 10:10:09.003,0.93548,0.9358,2.59,2.25
2011.03.14 10:10:11.360,0.93548,0.93583,4.84,4.50
2011.03.14 10:10:12.320,0.93548,0.93582,2.59,2.25
2011.03.14 10:10:12.652,0.93551,0.93584,2.25,2.25
2011.03.14 10:10:13.173,0.93553,0.93584,2.44,2.25
2011.03.14 10:10:13.394,0.93551,0.93584,2.25,2.25
2011.03.14 10:10:13.613,0.93551,0.93586,2.40,2.25
2011.03.14 10:10:14.162,0.93548,0.93583,2.52,2.25
2011.03.14 10:10:14.723,0.93548,0.93583,2.52,2.25
2011.03.14 10:10:16.341,0.93548,0.93583,2.74,2.25
2011.03.14 10:10:18.237,0.93549,0.93583,1.09,2.25
2011.03.14 10:10:20.185,0.93549,0.93583,1.09,2.25
2011.03.14 10:10:21.942,0.93548,0.93582,1.24,2.25
2011.03.14 10:10:22.895,0.93549,0.93583,1.24,2.25
2011.03.14 10:10:23.543,0.93553,0.93586,2.40,2.25
2011.03.14 10:10:23.872,0.93554,0.93589,2.40,2.25
2011.03.14 10:10:26.003,0.93556,0.93589,2.25,2.25
2011.03.14 10:10:26.632,0.93552,0.93587,2.78,2.25
2011.03.14 10:10:26.875,0.93552,0.93587,2.40,2.25
2011.03.14 10:10:27.202,0.93551,0.93585,2.40,4.50
2011.03.14 10:10:27.754,0.93549,0.93583,2.97,2.25
2011.03.14 10:10:28.261,0.93549,0.93583,2.82,2.25
2011.03.14 10:10:29.022,0.93547,0.93581,4.69,2.25
2011.03.14 10:10:29.351,0.93546,0.93579,2.44,2.25
2011.03.14 10:10:31.238,0.93546,0.93579,2.25,2.25
2011.03.14 10:10:31.461,0.93548,0.93579,2.25,2.25
2011.03.14 10:10:32.317,0.93548,0.93579,3.00,2.25
2011.03.14 10:10:39.083,0.93548,0.93583,5.25,2.25
2011.03.14 10:10:39.192,0.93548,0.93581,3.00,2.25
2011.03.14 10:10:47.893,0.93548,0.93581,3.00,2.25
2011.03.14 10:10:48.995,0.93548,0.93581,3.00,2.25
2011.03.14 10:10:49.833,0.93548,0.93581,3.00,4.50
2011.03.14 10:10:49.941,0.93548,0.93578,3.00,2.25
2011.03.14 10:10:51.952,0.93548,0.93581,3.00,2.25
2011.03.14 10:10:55.612,0.93546,0.93578,2.25,2.25
2011.03.14 10:10:56.158,0.93542,0.93575,3.19,2.25
2011.03.14 10:10:57.672,0.93543,0.93575,1.13,2.25
2011.03.14 10:10:57.892,0.93547,0.93581,2.25,2.25
2011.03.14 10:10:58.162,0.93547,0.93581,3.00,2.25
2011.03.14 10:11:07.852,0.93547,0.93581,3.08,2.25
2011.03.14 10:11:10.033,0.93547,0.93579,3.00,2.25
2011.03.14 10:11:10.668,0.93547,0.93579,3.00,2.40
2011.03.14 10:11:11.003,0.93548,0.93581,1.13,2.25
2011.03.14 10:11:11.113,0.93548,0.93584,3.38,2.25
2011.03.14 10:11:11.622,0.93549,0.93585,2.63,4.50
2011.03.14 10:11:11.733,0.93549,0.93585,2.82,2.25
2011.03.14 10:11:12.062,0.93559,0.93589,1.13,2.25
2011.03.14 10:11:12.614,0.93555,0.93589,1.13,2.25
2011.03.14 10:11:14.129,0.93555,0.93588,1.13,2.25
2011.03.14 10:11:17.563,0.93554,0.93588,1.13,2.25
2011.03.14 10:11:19.405,0.93554,0.93587,3.45,2.25
2011.03.14 10:11:20.515,0.93558,0.93585,1.13,2.25
2011.03.14 10:11:20.844,0.93555,0.93588,1.13,2.25
2011.03.14 10:11:21.392,0.93554,0.93586,1.13,2.25
2011.03.14 10:11:21.832,0.9355,0.93584,3.19,2.25
2011.03.14 10:11:22.182,0.93549,0.93582,1.32,2.25
2011.03.14 10:11:23.136,0.93549,0.93582,1.32,2.25
2011.03.14 10:11:23.243,0.93549,0.9358,1.32,2.25
2011.03.14 10:11:23.574,0.93553,0.93584,1.13,2.25
2011.03.14 10:11:24.012,0.93553,0.93586,1.13,2.25
2011.03.14 10:11:26.623,0.93552,0.93584,1.32,2.25
2011.03.14 10:11:26.952,0.93554,0.9359,2.25,2.25
2011.03.14 10:11:27.062,0.93556,0.93592,3.00,2.44
2011.03.14 10:11:27.788,0.93558,0.93592,5.25,2.44
2011.03.14 10:11:29.212,0.93558,0.93592,3.08,2.44
2011.03.14 10:11:29.542,0.93558,0.93592,5.25,2.44
2011.03.14 10:11:29.901,0.93558,0.93592,5.40,2.44
2011.03.14 10:11:30.205,0.93558,0.93592,5.25,2.44
2011.03.14 10:11:30.822,0.93558,0.93592,5.25,2.25
2011.03.14 10:11:30.933,0.93559,0.93593,3.00,2.25
2011.03.14 10:11:31.042,0.9356,0.93595,1.13,2.25
2011.03.14 10:11:33.133,0.9356,0.93595,1.13,2.25
2011.03.14 10:11:33.243,0.9356,0.93589,1.13,2.25
2011.03.14 10:11:34.106,0.93563,0.93593,3.00,2.25
2011.03.14 10:11:34.915,0.9356,0.93593,3.00,2.25
2011.03.14 10:11:35.026,0.93553,0.93585,1.28,2.25
2011.03.14 10:11:35.242,0.93555,0.93589,3.15,2.25
2011.03.14 10:11:36.722,0.93555,0.93589,3.15,2.25
2011.03.14 10:11:37.462,0.93553,0.93587,3.53,2.25
2011.03.14 10:11:38.177,0.93553,0.93587,3.53,2.25
2011.03.14 10:11:38.801,0.93555,0.93587,1.28,2.25
2011.03.14 10:11:38.912,0.93557,0.9359,1.05,2.25
2011.03.14 10:11:39.461,0.93557,0.9359,1.05,2.25
2011.03.14 10:11:40.108,0.93557,0.93591,1.05,2.25
2011.03.14 10:11:41.063,0.93555,0.93591,3.60,2.25
2011.03.14 10:11:41.724,0.93557,0.93591,1.05,2.25
2011.03.14 10:11:42.051,0.93557,0.93588,1.05,2.25
2011.03.14 10:11:42.630,0.93557,0.93588,1.05,2.25
2011.03.14 10:11:43.313,0.93556,0.93591,1.05,2.25
2011.03.14 10:11:43.532,0.93556,0.93589,1.05,2.25
2011.03.14 10:11:43.641,0.93555,0.93589,3.08,2.25
2011.03.14 10:11:43.752,0.93548,0.93581,3.34,2.25
2011.03.14 10:11:43.861,0.93548,0.93581,3.27,2.25
2011.03.14 10:11:44.081,0.93548,0.93579,1.02,2.25
2011.03.14 10:11:44.301,0.93547,0.93579,3.34,2.25
2011.03.14 10:11:44.412,0.93548,0.93579,1.02,2.25
2011.03.14 10:11:45.116,0.93548,0.93578,1.02,2.25
2011.03.14 10:11:51.496,0.93548,0.93578,1.09,2.25
2011.03.14 10:11:51.644,0.93547,0.93578,3.19,2.25
2011.03.14 10:11:51.814,0.93548,0.93578,1.09,2.25
2011.03.14 10:11:52.541,0.93548,0.93577,1.09,2.25
2011.03.14 10:11:52.981,0.93547,0.93577,3.19,2.25
2011.03.14 10:11:53.215,0.93548,0.93577,1.09,2.25
2011.03.14 10:11:54.473,0.93547,0.93577,2.59,2.25
2011.03.14 10:11:54.933,0.93547,0.93577,2.59,2.25
2011.03.14 10:11:55.152,0.93547,0.93577,2.59,2.25
2011.03.14 10:11:56.599,0.93547,0.93577,2.44,2.25
2011.03.14 10:11:57.644,0.93547,0.93577,2.59,2.25
2011.03.14 10:11:57.924,0.93547,0.93577,2.44,2.25
2011.03.14 10:11:58.142,0.93542,0.93577,3.08,4.50
2011.03.14 10:11:58.582,0.93539,0.93574,2.52,2.25
2011.03.14 10:11:58.921,0.93538,0.93571,4.39,2.25
2011.03.14 10:11:59.621,0.93547,0.93571,1.32,2.25
2011.03.14 10:11:59.731,0.93552,0.93585,2.25,2.25
2011.03.14 10:11:59.843,0.93547,0.9358,1.09,2.25
2011.03.14 10:11:59.953,0.93549,0.93582,3.00,2.25
2011.03.14 10:12:00.062,0.93539,0.93572,2.97,2.25
2011.03.14 10:12:00.173,0.93544,0.93579,2.25,2.25
2011.03.14 10:12:00.501,0.93543,0.93575,2.25,2.25
2011.03.14 10:12:00.732,0.9354,0.93575,2.89,2.25
2011.03.14 10:12:00.840,0.9354,0.93573,2.89,2.25
2011.03.14 10:12:01.581,0.93541,0.93574,2.52,2.25
2011.03.14 10:12:02.102,0.9354,0.93573,2.97,2.25
2011.03.14 10:12:02.211,0.93541,0.93576,2.59,2.25
2011.03.14 10:12:02.872,0.93541,0.93574,2.44,2.25
2011.03.14 10:12:03.545,0.9354,0.93575,2.82,2.25
2011.03.14 10:12:04.417,0.93539,0.93574,3.72,2.25
2011.03.14 10:12:05.040,0.93539,0.93574,3.57,2.40
2011.03.14 10:12:05.561,0.93539,0.93574,3.57,2.40
2011.03.14 10:12:06.771,0.93541,0.93576,2.59,2.25
2011.03.14 10:12:07.964,0.9354,0.93575,2.97,2.25
2011.03.14 10:12:08.756,0.93542,0.93575,2.25,2.25
2011.03.14 10:12:09.480,0.93542,0.93577,2.25,2.25
2011.03.14 10:12:11.631,0.93541,0.93576,2.82,2.25
2011.03.14 10:12:11.742,0.93543,0.93578,2.25,2.25
2011.03.14 10:12:12.452,0.93543,0.93578,2.33,2.25
2011.03.14 10:12:13.136,0.93542,0.93577,2.33,2.25
2011.03.14 10:12:13.546,0.93542,0.93577,2.40,2.25
2011.03.14 10:12:13.872,0.93544,0.93577,2.25,2.25
2011.03.14 10:12:14.501,0.93544,0.93577,2.40,2.25
2011.03.14 10:12:14.615,0.93544,0.93577,2.25,2.25
2011.03.14 10:12:15.004,0.93544,0.93577,2.40,2.25
2011.03.14 10:12:15.443,0.93544,0.93577,2.25,2.25
2011.03.14 10:12:17.642,0.93544,0.93579,2.25,2.25
2011.03.14 10:12:17.752,0.93547,0.93582,2.25,2.25
2011.03.14 10:12:18.392,0.93548,0.93581,4.50,2.25
2011.03.14 10:12:18.941,0.93548,0.9358,2.25,2.25
2011.03.14 10:12:19.734,0.93548,0.9358,2.40,2.25
2011.03.14 10:12:19.964,0.93548,0.9358,2.25,2.25
2011.03.14 10:12:20.073,0.93549,0.93582,2.25,4.50
2011.03.14 10:12:20.185,0.93554,0.93585,2.25,2.44
2011.03.14 10:12:20.295,0.93554,0.93588,2.25,2.25
2011.03.14 10:12:20.401,0.93559,0.93591,2.25,2.25
2011.03.14 10:12:20.513,0.93559,0.93593,2.25,2.25
2011.03.14 10:12:20.624,0.93558,0.93589,2.25,2.25
2011.03.14 10:12:20.841,0.93558,0.93591,2.25,4.50
2011.03.14 10:12:21.881,0.93558,0.93592,2.25,2.25
2011.03.14 10:12:22.673,0.93558,0.9359,2.25,2.25
2011.03.14 10:12:22.893,0.93551,0.93586,3.72,2.25
2011.03.14 10:12:23.222,0.9355,0.93583,2.25,2.25
2011.03.14 10:12:23.551,0.93548,0.93581,3.00,4.50
2011.03.14 10:12:23.661,0.93546,0.93581,2.25,2.25
2011.03.14 10:12:23.774,0.93548,0.93581,2.25,2.25
2011.03.14 10:12:24.381,0.93545,0.9358,2.44,2.25
2011.03.14 10:12:24.492,0.93547,0.9358,2.25,2.25
2011.03.14 10:12:27.721,0.93544,0.93578,2.25,2.25
2011.03.14 10:12:37.692,0.93544,0.93578,2.33,2.25
2011.03.14 10:12:37.801,0.93545,0.93581,2.25,4.50
2011.03.14 10:12:38.309,0.93546,0.9358,2.25,2.25
2011.03.14 10:12:38.542,0.93546,0.93582,2.25,2.25
2011.03.14 10:12:38.652,0.93546,0.93582,3.00,2.25
2011.03.14 10:12:39.102,0.93544,0.93577,3.00,2.25
2011.03.14 10:12:39.641,0.93545,0.93578,2.25,2.25
2011.03.14 10:12:40.472,0.93548,0.93578,2.25,2.25
2011.03.14 10:12:40.580,0.93548,0.93581,2.25,4.50
2011.03.14 10:12:41.655,0.93548,0.93581,3.00,2.40
2011.03.14 10:12:42.851,0.93548,0.93581,3.00,2.40
2011.03.14 10:12:42.961,0.93548,0.93581,3.00,2.25
2011.03.14 10:12:43.071,0.93548,0.93579,3.00,2.25
2011.03.14 10:12:45.171,0.93548,0.93578,3.00,2.25
2011.03.14 10:12:46.275,0.93548,0.93578,3.00,2.25
2011.03.14 10:12:47.421,0.93548,0.9358,3.00,2.25
2011.03.14 10:12:48.073,0.93548,0.9358,3.00,2.25
2011.03.14 10:12:49.352,0.93548,0.93579,3.00,2.25
2011.03.14 10:12:50.245,0.93548,0.93579,3.00,2.25
2011.03.14 10:12:50.792,0.93547,0.93578,2.25,2.25
2011.03.14 10:12:51.407,0.9356,0.93592,2.25,3.12
2011.03.14 10:12:51.522,0.93558,0.93593,2.25,6.12
2011.03.14 10:12:56.141,0.93558,0.93583,2.25,2.25
2011.03.14 10:12:56.470,0.93556,0.93583,2.25,2.25
2011.03.14 10:12:56.911,0.93554,0.93583,2.25,2.63
2011.03.14 10:12:57.131,0.93559,0.93583,2.25,2.63
2011.03.14 10:12:57.351,0.93554,0.93583,2.25,2.63
2011.03.14 10:12:59.164,0.93554,0.93583,2.25,2.25
2011.03.14 10:12:59.381,0.93559,0.93583,2.25,2.63
2011.03.14 10:12:59.601,0.93554,0.93583,2.25,2.63
2011.03.14 10:12:59.932,0.93559,0.93583,2.25,2.63
2011.03.14 10:13:00.151,0.93554,0.93583,2.25,2.63
2011.03.14 10:13:00.370,0.93544,0.93583,3.00,2.63
2011.03.14 10:13:01.361,0.93544,0.93583,3.15,2.63
2011.03.14 10:13:01.691,0.93545,0.93583,2.25,2.63
2011.03.14 10:13:02.460,0.93544,0.93583,3.00,2.63
2011.03.14 10:13:03.112,0.9354,0.93572,1.20,2.25
2011.03.14 10:13:04.690,0.9354,0.93573,3.53,2.25
2011.03.14 10:13:05.831,0.93541,0.93574,3.53,2.25
2011.03.14 10:13:06.135,0.93541,0.93574,3.53,2.25
2011.03.14 10:13:06.243,0.93541,0.93574,3.45,2.25
2011.03.14 10:13:11.012,0.93541,0.93575,1.20,2.25
2011.03.14 10:13:11.759,0.93541,0.93575,1.20,2.25
2011.03.14 10:13:12.408,0.93541,0.93575,1.28,2.25
2011.03.14 10:13:14.520,0.93541,0.93575,1.13,2.25
2011.03.14 10:13:15.645,0.93541,0.93575,1.13,2.25
2011.03.14 10:13:15.754,0.93531,0.93564,1.05,2.25
2011.03.14 10:13:17.223,0.93528,0.93564,5.48,2.25
2011.03.14 10:13:17.442,0.93538,0.93569,3.00,2.25
2011.03.14 10:13:17.950,0.93538,0.93569,3.00,2.25
2011.03.14 10:13:19.931,0.93539,0.93571,3.15,2.25
2011.03.14 10:13:20.042,0.93539,0.93574,3.00,2.25
2011.03.14 10:13:20.591,0.9354,0.93575,2.25,2.63
2011.03.14 10:13:20.864,0.9354,0.93573,2.25,2.25
2011.03.14 10:13:22.112,0.9354,0.93576,3.00,2.25
2011.03.14 10:13:22.767,0.93544,0.93578,2.25,2.44
2011.03.14 10:13:23.304,0.93542,0.93575,3.38,2.25
2011.03.14 10:13:23.697,0.93548,0.93575,2.25,2.25
2011.03.14 10:13:24.021,0.93548,0.93578,2.25,2.25
2011.03.14 10:13:24.711,0.93548,0.93578,2.25,2.25
2011.03.14 10:13:27.076,0.93548,0.93564,2.25,2.25
2011.03.14 10:13:27.531,0.93542,0.93564,2.33,2.25
2011.03.14 10:13:27.752,0.93531,0.93564,3.15,2.25
2011.03.14 10:13:27.862,0.93527,0.9356,3.23,2.25
2011.03.14 10:13:28.081,0.9353,0.93565,2.40,2.25
2011.03.14 10:13:28.431,0.9353,0.93565,3.15,2.25
2011.03.14 10:13:28.763,0.93539,0.93563,1.09,2.25
2011.03.14 10:13:29.311,0.93541,0.93576,2.40,2.25
2011.03.14 10:13:29.640,0.93541,0.93576,2.33,2.63
2011.03.14 10:13:30.043,0.93537,0.93571,5.33,2.25
2011.03.14 10:13:30.152,0.93537,0.93571,4.58,2.25
2011.03.14 10:13:30.263,0.93537,0.93573,4.80,2.25
2011.03.14 10:13:31.571,0.93537,0.93573,4.50,2.25
2011.03.14 10:13:32.751,0.93537,0.93573,4.50,2.82
2011.03.14 10:13:42.353,0.93537,0.93571,4.50,2.25
2011.03.14 10:13:43.411,0.93537,0.93571,4.65,2.25
2011.03.14 10:13:53.976,0.93537,0.93571,4.50,2.25
2011.03.14 10:13:54.191,0.93537,0.93571,4.80,2.25
2011.03.14 10:13:54.954,0.93537,0.93573,4.80,2.82
2011.03.14 10:13:56.693,0.93537,0.93573,4.50,2.82
2011.03.14 10:13:57.462,0.93537,0.93573,4.80,2.82
2011.03.14 10:13:58.867,0.93537,0.93573,4.65,2.82
2011.03.14 10:13:59.192,0.93537,0.93573,4.50,2.82
2011.03.14 10:13:59.632,0.93533,0.93566,3.00,2.25
2011.03.14 10:14:00.331,0.93532,0.93565,2.25,2.25
2011.03.14 10:14:02.114,0.93532,0.93565,2.25,2.63
2011.03.14 10:14:02.442,0.93528,0.93562,2.25,2.25
2011.03.14 10:14:02.881,0.93532,0.93565,2.25,2.25
2011.03.14 10:14:05.902,0.93533,0.93566,2.25,2.25
2011.03.14 10:14:06.534,0.93533,0.93566,2.40,2.25
2011.03.14 10:14:08.501,0.93533,0.93566,2.25,2.25
2011.03.14 10:14:09.021,0.93531,0.93566,2.40,2.25
2011.03.14 10:14:10.812,0.93529,0.93564,2.25,2.63
2011.03.14 10:14:11.141,0.93527,0.9356,2.25,2.82
2011.03.14 10:14:12.282,0.93524,0.9356,2.33,2.82
2011.03.14 10:14:12.702,0.93524,0.9356,2.25,2.82
2011.03.14 10:14:13.403,0.93524,0.93558,2.25,2.25
2011.03.14 10:14:16.094,0.93524,0.93558,2.33,2.25
2011.03.14 10:14:16.600,0.93524,0.9356,2.33,2.82
2011.03.14 10:14:17.643,0.93522,0.93556,2.70,2.25
2011.03.14 10:14:17.862,0.93533,0.93566,3.00,2.25
2011.03.14 10:14:18.082,0.93537,0.93569,2.25,2.25
2011.03.14 10:14:18.451,0.93537,0.93572,2.25,2.63
2011.03.14 10:14:19.541,0.93536,0.93572,2.40,2.63
2011.03.14 10:14:20.106,0.93535,0.93571,2.40,2.25
2011.03.14 10:14:20.213,0.93538,0.93572,2.25,2.25
2011.03.14 10:14:22.324,0.93538,0.93572,2.40,2.25
2011.03.14 10:14:24.384,0.93538,0.93572,2.40,2.25
2011.03.14 10:14:25.592,0.93538,0.93571,2.40,2.25
2011.03.14 10:14:25.911,0.93538,0.93571,2.25,2.25
2011.03.14 10:14:26.021,0.93538,0.93571,2.33,2.25
2011.03.14 10:14:26.611,0.93538,0.9357,2.33,2.25
2011.03.14 10:14:27.117,0.93538,0.93571,4.58,2.25
2011.03.14 10:14:27.416,0.93538,0.93571,4.50,2.25
2011.03.14 10:14:28.701,0.93538,0.93571,4.65,2.25
2011.03.14 10:14:29.053,0.93538,0.93573,4.50,2.44
2011.03.14 10:14:29.162,0.93538,0.93571,4.50,2.25
2011.03.14 10:14:29.781,0.93539,0.93572,2.25,2.25
2011.03.14 10:14:30.113,0.93539,0.93574,3.08,2.44
2011.03.14 10:14:31.112,0.93539,0.93574,2.25,2.52
2011.03.14 10:14:31.221,0.93539,0.93574,3.15,2.44
2011.03.14 10:14:31.771,0.93538,0.93572,3.15,2.25
2011.03.14 10:14:31.881,0.93538,0.93572,3.00,2.25
2011.03.14 10:14:32.425,0.93539,0.93571,1.13,2.25
2011.03.14 10:14:32.641,0.93538,0.93571,5.78,2.25
2011.03.14 10:14:32.751,0.93541,0.93576,3.15,2.25
2011.03.14 10:14:33.300,0.93542,0.93575,3.00,2.25
2011.03.14 10:14:35.671,0.93542,0.93577,3.00,2.25
2011.03.14 10:14:35.891,0.93542,0.93577,3.15,2.25
2011.03.14 10:14:36.402,0.93542,0.93577,3.15,2.25
2011.03.14 10:14:36.921,0.93542,0.93577,5.40,2.25
2011.03.14 10:14:37.472,0.93543,0.93576,3.00,2.25
2011.03.14 10:14:39.730,0.93542,0.93575,3.00,2.25
2011.03.14 10:14:40.791,0.93542,0.93575,3.15,2.25
2011.03.14 10:14:41.011,0.93542,0.93575,3.08,2.25
2011.03.14 10:14:41.122,0.93542,0.93577,3.15,2.25
2011.03.14 10:14:41.341,0.93544,0.93577,3.00,2.25
2011.03.14 10:14:41.452,0.93545,0.93578,2.33,2.25
2011.03.14 10:14:42.308,0.93543,0.93578,3.15,2.25
2011.03.14 10:14:42.413,0.93543,0.93578,3.00,2.40
2011.03.14 10:14:42.522,0.93543,0.93578,3.00,2.78
2011.03.14 10:14:42.851,0.93538,0.93572,3.08,2.25
2011.03.14 10:14:43.181,0.93538,0.93573,5.25,2.25
2011.03.14 10:14:43.781,0.93538,0.93572,3.00,2.25
2011.03.14 10:14:44.300,0.93538,0.93573,5.25,2.25
2011.03.14 10:14:44.890,0.93538,0.93573,5.25,2.25
2011.03.14 10:14:45.731,0.93539,0.93574,2.25,2.25
2011.03.14 10:14:46.491,0.93539,0.93574,2.40,2.25
2011.03.14 10:14:46.722,0.93539,0.93574,2.25,2.25
2011.03.14 10:14:46.941,0.93542,0.93575,2.25,2.25
2011.03.14 10:14:47.270,0.9354,0.93573,2.25,2.25
2011.03.14 10:14:47.552,0.9354,0.93575,2.25,2.25
2011.03.14 10:14:48.101,0.93539,0.93574,3.00,2.25
2011.03.14 10:14:49.593,0.93538,0.93572,5.25,2.25
2011.03.14 10:14:50.143,0.93538,0.93572,3.00,2.25
2011.03.14 10:14:50.581,0.93537,0.93568,3.00,2.25
2011.03.14 10:14:51.351,0.93537,0.93568,3.00,2.25
2011.03.14 10:14:51.921,0.93537,0.93569,3.00,2.25
2011.03.14 10:14:52.462,0.93537,0.9357,3.00,2.25
2011.03.14 10:14:56.252,0.93537,0.93568,3.08,2.25
2011.03.14 10:14:57.371,0.93537,0.93567,3.08,2.25
2011.03.14 10:15:07.270,0.93532,0.93567,3.57,2.25
2011.03.14 10:15:07.853,0.93542,0.93571,1.13,2.25
2011.03.14 10:15:07.962,0.93542,0.93575,1.13,2.25
2011.03.14 10:15:08.291,0.93547,0.93576,2.25,2.25
2011.03.14 10:15:08.511,0.93547,0.93578,2.25,2.25
2011.03.14 10:15:08.951,0.93543,0.93577,3.00,2.25
2011.03.14 10:15:10.331,0.93543,0.93577,3.00,2.25
2011.03.14 10:15:10.441,0.93544,0.9358,3.00,2.25
2011.03.14 10:15:10.661,0.93544,0.93578,3.00,2.25
2011.03.14 10:15:11.171,0.93545,0.93579,2.25,2.25
2011.03.14 10:15:11.503,0.93551,0.93582,2.25,2.25
2011.03.14 10:15:11.831,0.93551,0.93584,2.25,2.25
2011.03.14 10:15:12.051,0.93548,0.9358,3.57,2.25
2011.03.14 10:15:12.162,0.9355,0.93585,3.00,2.25
2011.03.14 10:15:12.382,0.93548,0.93582,3.19,2.25
2011.03.14 10:15:12.491,0.93548,0.9358,3.00,2.25
2011.03.14 10:15:12.601,0.93547,0.93582,3.00,2.25
2011.03.14 10:15:13.152,0.93548,0.93581,3.00,2.25
2011.03.14 10:15:13.701,0.93544,0.9358,5.25,2.25
2011.03.14 10:15:15.113,0.93544,0.9358,3.00,2.63
2011.03.14 10:15:15.332,0.93547,0.93583,3.00,2.25
2011.03.14 10:15:15.661,0.9355,0.93583,1.13,2.25
2011.03.14 10:15:15.992,0.93552,0.93587,3.38,2.25
2011.03.14 10:15:16.212,0.93557,0.93587,2.25,2.25
2011.03.14 10:15:16.322,0.93557,0.93591,2.25,2.25
2011.03.14 10:15:16.781,0.93559,0.93592,2.25,2.25
2011.03.14 10:15:21.362,0.93555,0.93589,2.25,2.25
2011.03.14 10:15:21.812,0.93555,0.93589,2.25,2.82
2011.03.14 10:15:22.653,0.93549,0.93584,2.25,2.25
2011.03.14 10:15:22.761,0.93554,0.93588,2.25,2.82
2011.03.14 10:15:22.981,0.93551,0.93586,2.25,2.25
2011.03.14 10:15:23.090,0.93553,0.93587,2.25,2.63
2011.03.14 10:15:23.421,0.93551,0.93584,2.25,2.25
2011.03.14 10:15:23.780,0.93554,0.93588,2.25,2.82
2011.03.14 10:15:24.370,0.93554,0.93588,2.25,2.44
2011.03.14 10:15:25.153,0.93548,0.93584,2.25,2.25
2011.03.14 10:15:25.261,0.93548,0.93583,3.00,2.25
2011.03.14 10:15:25.592,0.93538,0.93575,3.38,2.25
2011.03.14 10:15:25.921,0.93543,0.93567,1.13,2.25
2011.03.14 10:15:26.032,0.93543,0.93573,1.13,2.25
2011.03.14 10:15:26.251,0.93548,0.93573,2.25,2.25
2011.03.14 10:15:26.692,0.93542,0.93571,1.32,2.25
2011.03.14 10:15:26.802,0.93541,0.93573,1.32,2.25
2011.03.14 10:15:26.911,0.93541,0.9357,1.32,2.25
2011.03.14 10:15:27.463,0.93548,0.93572,1.13,2.25
2011.03.14 10:15:27.769,0.93549,0.93575,1.13,2.25
2011.03.14 10:15:27.883,0.93549,0.93578,1.13,2.25
2011.03.14 10:15:28.692,0.93548,0.93579,1.32,2.25
2011.03.14 10:15:30.546,0.93548,0.93578,1.32,2.25
2011.03.14 10:15:31.092,0.93549,0.93579,1.13,2.25
2011.03.14 10:15:34.190,0.9355,0.93585,2.63,2.25
2011.03.14 10:15:35.201,0.9355,0.93583,2.25,2.25
2011.03.14 10:15:35.312,0.93559,0.93593,2.25,2.25
2011.03.14 10:15:35.421,0.93559,0.93595,2.25,2.44
2011.03.14 10:15:35.753,0.93557,0.93592,2.25,2.63
2011.03.14 10:15:36.083,0.93562,0.93598,2.25,2.82
2011.03.14 10:15:37.141,0.93563,0.93597,2.25,2.82
2011.03.14 10:15:37.841,0.93563,0.93597,2.25,2.25
2011.03.14 10:15:38.444,0.93562,0.93596,2.25,2.25
2011.03.14 10:15:38.554,0.93559,0.93593,2.25,2.25
2011.03.14 10:15:38.883,0.93559,0.93589,2.25,2.25
2011.03.14 10:15:39.143,0.93554,0.93587,3.00,2.25
2011.03.14 10:15:41.850,0.93552,0.93587,2.25,2.25
2011.03.14 10:15:43.822,0.93554,0.93588,2.25,2.25
2011.03.14 10:15:44.151,0.93552,0.93585,2.25,2.25
2011.03.14 10:15:45.009,0.93551,0.93584,2.25,2.25
2011.03.14 10:15:47.771,0.93552,0.93584,2.25,2.25
2011.03.14 10:15:48.101,0.93554,0.93584,2.25,2.25
2011.03.14 10:15:49.238,0.93554,0.93589,2.25,3.19
2011.03.14 10:15:50.753,0.93558,0.9359,2.25,2.25
2011.03.14 10:15:50.973,0.93558,0.93593,4.50,4.50
2011.03.14 10:15:51.083,0.93558,0.93591,2.25,2.25
2011.03.14 10:15:51.642,0.93554,0.93587,2.25,2.25
2011.03.14 10:15:51.970,0.93551,0.93586,2.25,2.25
2011.03.14 10:15:52.742,0.93552,0.93585,2.25,2.25
2011.03.14 10:15:53.392,0.93551,0.93584,2.25,2.25
2011.03.14 10:15:54.430,0.93551,0.93584,3.00,2.25
2011.03.14 10:15:55.358,0.93551,0.93584,3.00,2.63
2011.03.14 10:15:56.141,0.93554,0.93588,2.25,1.32
2011.03.14 10:15:56.927,0.93553,0.93586,3.00,2.44
2011.03.14 10:15:57.374,0.93558,0.93586,2.25,2.25
2011.03.14 10:15:57.482,0.93558,0.9359,2.25,2.25
2011.03.14 10:15:58.022,0.93558,0.9359,3.00,2.25
2011.03.14 10:15:58.757,0.93558,0.9359,3.00,2.25
2011.03.14 10:15:59.340,0.93558,0.9359,3.00,2.25
2011.03.14 10:16:00.039,0.93558,0.93591,5.25,2.25
2011.03.14 10:16:00.600,0.93558,0.93591,5.25,2.25
2011.03.14 10:16:03.122,0.93558,0.93591,5.25,2.25
2011.03.14 10:16:03.451,0.93561,0.93594,2.25,2.25
2011.03.14 10:16:03.891,0.93557,0.93591,3.00,2.25
2011.03.14 10:16:04.331,0.93557,0.93587,3.00,2.25
2011.03.14 10:16:04.551,0.93557,0.93589,3.00,2.25
2011.03.14 10:16:05.176,0.93557,0.93588,3.00,2.25
2011.03.14 10:16:06.991,0.93557,0.93592,5.25,2.25
2011.03.14 10:16:08.111,0.93559,0.93592,3.00,2.25
2011.03.14 10:16:09.991,0.93558,0.93591,3.00,2.25
2011.03.14 10:16:10.211,0.93558,0.93593,5.25,2.25
2011.03.14 10:16:10.542,0.9356,0.93595,2.25,2.82
2011.03.14 10:16:11.584,0.9356,0.93595,2.55,2.82
2011.03.14 10:16:12.412,0.9356,0.93595,2.25,2.82
2011.03.14 10:16:12.964,0.9356,0.93595,2.40,2.82
2011.03.14 10:16:13.915,0.9356,0.93595,2.55,2.82
2011.03.14 10:16:15.472,0.9356,0.93595,2.55,2.44
2011.03.14 10:16:16.441,0.9356,0.93595,2.40,2.25
2011.03.14 10:16:16.882,0.93561,0.93596,2.55,2.25
2011.03.14 10:16:17.212,0.93563,0.93596,2.25,2.25
2011.03.14 10:16:17.431,0.93565,0.93594,2.25,2.25
2011.03.14 10:16:17.541,0.93567,0.936,2.25,2.78
2011.03.14 10:16:17.872,0.93567,0.93596,2.25,2.25
2011.03.14 10:16:18.202,0.93567,0.93602,2.25,5.07
2011.03.14 10:16:18.642,0.93561,0.93594,2.40,2.25
2011.03.14 10:16:19.074,0.93562,0.93595,3.30,2.25
2011.03.14 10:16:19.293,0.93562,0.93595,3.15,2.82
2011.03.14 10:16:19.733,0.93564,0.93594,1.32,2.25
2011.03.14 10:16:19.843,0.93575,0.93603,2.25,2.25
2011.03.14 10:16:19.953,0.93575,0.93608,2.25,2.63
2011.03.14 10:16:20.062,0.93572,0.93605,3.00,2.25
2011.03.14 10:16:20.662,0.93573,0.93606,3.00,2.25
2011.03.14 10:16:22.205,0.93573,0.93606,3.15,2.25
2011.03.14 10:16:22.421,0.93573,0.93608,3.15,2.63
2011.03.14 10:16:22.862,0.93572,0.93605,3.15,2.63
2011.03.14 10:16:22.972,0.93572,0.93605,2.25,2.63
2011.03.14 10:16:23.521,0.93573,0.93606,2.25,2.63
2011.03.14 10:16:24.263,0.93572,0.93606,2.40,2.63
2011.03.14 10:16:24.878,0.93572,0.93606,2.40,2.25
2011.03.14 10:16:25.521,0.93572,0.93608,2.40,2.82
2011.03.14 10:16:26.671,0.93571,0.93607,2.40,2.82
2011.03.14 10:16:27.111,0.93568,0.93602,3.00,2.25
2011.03.14 10:16:28.061,0.93568,0.93602,3.00,2.25
2011.03.14 10:16:31.043,0.93564,0.93597,3.00,2.63
2011.03.14 10:16:31.151,0.93564,0.93597,2.25,2.63
2011.03.14 10:16:31.262,0.93562,0.93595,3.15,2.25
2011.03.14 10:16:31.482,0.93562,0.93595,3.15,2.25
2011.03.14 10:16:31.591,0.93566,0.93599,2.25,2.44
2011.03.14 10:16:32.004,0.93566,0.93599,3.00,2.44
2011.03.14 10:16:32.787,0.93567,0.93599,1.05,2.44
2011.03.14 10:16:33.105,0.93566,0.93601,3.15,2.25
2011.03.14 10:16:34.672,0.93565,0.936,3.15,2.25
2011.03.14 10:16:35.693,0.93567,0.936,3.00,2.25
2011.03.14 10:16:37.961,0.93567,0.936,3.15,2.25
2011.03.14 10:16:46.795,0.93564,0.93599,3.15,2.25
2011.03.14 10:16:48.011,0.93566,0.93599,3.15,2.25
2011.03.14 10:16:48.303,0.93563,0.93596,5.40,2.25
2011.03.14 10:16:48.968,0.93555,0.93589,3.15,2.25
2011.03.14 10:16:49.074,0.93556,0.93589,1.05,2.25
2011.03.14 10:16:49.473,0.93555,0.93589,3.15,2.25
2011.03.14 10:16:49.801,0.93553,0.93587,3.15,2.25
2011.03.14 10:16:50.369,0.93554,0.93588,3.15,2.25
2011.03.14 10:16:51.207,0.93557,0.93588,1.05,2.25
2011.03.14 10:16:52.564,0.93554,0.93588,3.15,2.25
2011.03.14 10:16:55.148,0.93552,0.93588,3.30,2.25
2011.03.14 10:16:55.811,0.93552,0.93588,3.30,2.25
2011.03.14 10:16:56.871,0.93552,0.93588,3.30,2.25
2011.03.14 10:16:57.451,0.93552,0.93588,3.30,2.25
2011.03.14 10:16:59.051,0.93552,0.93588,3.30,2.25
2011.03.14 10:16:59.463,0.93552,0.93586,3.30,2.25
2011.03.14 10:17:03.272,0.93553,0.93587,3.15,2.25
2011.03.14 10:17:03.492,0.93555,0.93589,2.40,2.25
2011.03.14 10:17:04.847,0.93555,0.93589,2.40,2.25
2011.03.14 10:17:05.173,0.93557,0.93591,2.25,2.25
2011.03.14 10:17:05.282,0.93554,0.93586,3.15,2.25
2011.03.14 10:17:07.183,0.93552,0.93586,3.30,2.25
2011.03.14 10:17:08.851,0.93552,0.93588,3.30,2.25
2011.03.14 10:17:11.404,0.93552,0.93588,3.15,2.25
2011.03.14 10:17:11.661,0.93553,0.93588,1.05,2.25
2011.03.14 10:17:12.013,0.93555,0.93589,2.40,2.25
2011.03.14 10:17:12.232,0.93553,0.93587,3.30,2.25
2011.03.14 10:17:12.341,0.93553,0.93587,3.15,2.25
2011.03.14 10:17:13.931,0.93553,0.93589,5.40,2.25
2011.03.14 10:17:18.532,0.93561,0.93589,2.25,2.25
2011.03.14 10:17:18.642,0.93562,0.93593,3.00,2.40
2011.03.14 10:17:18.752,0.93562,0.93597,3.00,2.25
2011.03.14 10:17:18.862,0.93566,0.93601,2.25,2.97
2011.03.14 10:17:19.412,0.93568,0.93598,3.00,2.25
2011.03.14 10:17:19.521,0.93568,0.93601,5.25,2.25
2011.03.14 10:17:20.198,0.93569,0.93602,3.00,2.25
2011.03.14 10:17:24.301,0.93568,0.93601,3.00,2.25
2011.03.14 10:17:24.965,0.93568,0.93599,3.00,2.25
2011.03.14 10:17:25.071,0.93568,0.93602,3.00,4.50
2011.03.14 10:17:25.514,0.93568,0.936,3.00,2.25
2011.03.14 10:17:25.731,0.93568,0.93602,3.00,4.50
2011.03.14 10:17:26.760,0.93569,0.93602,3.00,2.25
2011.03.14 10:17:27.361,0.93568,0.93603,5.25,2.25
2011.03.14 10:17:27.874,0.93568,0.93603,5.25,2.25
2011.03.14 10:17:28.231,0.93568,0.93601,5.25,2.25
2011.03.14 10:17:28.781,0.93568,0.936,3.00,2.25
2011.03.14 10:17:29.332,0.93568,0.93599,3.00,2.25
2011.03.14 10:17:29.773,0.93562,0.93597,3.57,2.25
2011.03.14 10:17:30.474,0.93562,0.93596,1.32,2.25
2011.03.14 10:17:36.376,0.93562,0.93596,1.32,2.25
2011.03.14 10:17:36.922,0.93562,0.93597,3.57,2.25
2011.03.14 10:17:40.971,0.93568,0.936,3.00,2.25
2011.03.14 10:17:41.521,0.93568,0.936,3.00,2.25
2011.03.14 10:17:42.055,0.93568,0.93599,3.00,2.25
2011.03.14 10:17:43.508,0.93568,0.936,3.00,2.25
2011.03.14 10:17:48.022,0.93568,0.936,3.00,2.25
2011.03.14 10:17:50.732,0.93574,0.93609,2.25,2.78
2011.03.14 10:17:52.232,0.93575,0.9361,2.25,2.97
2011.03.14 10:17:55.683,0.93575,0.9361,2.25,3.12
2011.03.14 10:17:55.791,0.93575,0.9361,2.25,2.97
2011.03.14 10:17:56.012,0.93579,0.93612,2.25,2.78
2011.03.14 10:17:56.232,0.93579,0.93612,2.25,2.25
2011.03.14 10:17:56.342,0.93574,0.93604,2.25,2.25
2011.03.14 10:17:56.453,0.93571,0.93604,2.25,2.25
2011.03.14 10:17:56.562,0.93569,0.93604,5.25,2.25
2011.03.14 10:17:56.911,0.93567,0.93598,3.15,2.25
2011.03.14 10:17:57.242,0.93558,0.9359,1.13,2.25
2011.03.14 10:17:57.352,0.93558,0.9359,1.13,2.25
2011.03.14 10:17:57.462,0.93559,0.93595,3.00,2.25
2011.03.14 10:17:58.121,0.93559,0.93595,3.38,2.25
2011.03.14 10:17:58.681,0.93559,0.93594,1.13,2.25
2011.03.14 10:18:05.161,0.9356,0.93594,3.15,2.25
2011.03.14 10:18:05.738,0.93559,0.93593,3.53,2.25
2011.03.14 10:18:06.183,0.93561,0.93593,1.05,4.50
2011.03.14 10:18:06.511,0.93559,0.93593,3.38,2.25
2011.03.14 10:18:06.953,0.93561,0.93597,3.15,2.25
2011.03.14 10:18:07.932,0.93561,0.93597,3.15,2.25
2011.03.14 10:18:10.298,0.93562,0.93598,3.00,2.25
2011.03.14 10:18:11.932,0.93559,0.93593,1.13,2.25
2011.03.14 10:18:12.372,0.93561,0.93595,3.15,2.25
2011.03.14 10:18:12.594,0.93561,0.93597,3.00,2.25
2011.03.14 10:18:13.142,0.93561,0.93597,3.15,2.25
2011.03.14 10:18:13.251,0.93561,0.93595,3.15,2.25
2011.03.14 10:18:13.801,0.93561,0.93597,3.15,2.25
2011.03.14 10:18:14.374,0.93558,0.93592,5.25,2.25
2011.03.14 10:18:14.482,0.93558,0.93592,4.69,2.25
2011.03.14 10:18:14.853,0.9356,0.93593,3.57,2.25
2011.03.14 10:18:14.968,0.93569,0.93599,2.25,2.25
2011.03.14 10:18:15.084,0.93567,0.936,2.25,2.25
2011.03.14 10:18:15.412,0.93566,0.93602,2.25,4.50
2011.03.14 10:18:15.633,0.93566,0.93602,2.25,2.63
2011.03.14 10:18:15.961,0.93563,0.93597,3.00,2.25
2011.03.14 10:18:16.482,0.93563,0.93598,3.00,2.25
2011.03.14 10:18:16.812,0.93568,0.93595,2.25,2.25
2011.03.14 10:18:16.922,0.93568,0.93602,2.25,2.25
2011.03.14 10:18:17.253,0.93568,0.93599,2.82,2.25
2011.03.14 10:18:17.581,0.93569,0.93599,1.32,2.25
2011.03.14 10:18:17.802,0.9357,0.93605,3.19,2.25
2011.03.14 10:18:18.351,0.93571,0.93604,3.19,2.25
2011.03.14 10:18:19.272,0.93571,0.93604,3.34,2.25
2011.03.14 10:18:20.531,0.93571,0.93604,3.49,2.25
2011.03.14 10:18:20.642,0.93571,0.93604,3.34,2.25
2011.03.14 10:18:21.468,0.93572,0.93604,1.05,2.25
2011.03.14 10:18:22.331,0.93571,0.93604,3.34,2.25
2011.03.14 10:18:24.683,0.93571,0.93603,3.34,2.25
2011.03.14 10:18:25.042,0.93571,0.93605,1.09,2.25
2011.03.14 10:18:27.152,0.93574,0.93605,1.13,2.25
2011.03.14 10:18:27.372,0.93577,0.9361,3.00,2.25
2011.03.14 10:18:27.701,0.93571,0.93606,3.34,2.25
2011.03.14 10:18:28.581,0.93571,0.93606,3.34,2.25
2011.03.14 10:18:29.133,0.93571,0.93606,3.34,2.25
2011.03.14 10:18:30.122,0.93571,0.93607,3.34,2.25
2011.03.14 10:18:30.564,0.93574,0.93609,3.15,2.25
2011.03.14 10:18:30.892,0.93578,0.93607,2.25,2.25
2011.03.14 10:18:31.003,0.93578,0.93609,2.25,2.25
2011.03.14 10:18:32.032,0.93578,0.9361,2.25,2.25
2011.03.14 10:18:32.253,0.93578,0.93608,2.25,2.25
2011.03.14 10:18:32.362,0.93578,0.9361,2.25,2.25
2011.03.14 10:18:32.844,0.93578,0.93608,2.25,2.25
2011.03.14 10:18:33.613,0.93578,0.93609,2.25,2.25
2011.03.14 10:18:33.831,0.93578,0.93611,2.25,2.25
2011.03.14 10:18:34.555,0.93578,0.93606,2.25,2.25
2011.03.14 10:18:34.774,0.93578,0.93609,2.25,2.25
2011.03.14 10:18:35.622,0.93578,0.93608,2.25,2.25
2011.03.14 10:18:36.672,0.93578,0.93605,2.25,2.25
2011.03.14 10:18:36.781,0.93572,0.93607,3.15,2.25
2011.03.14 10:18:36.891,0.93578,0.93607,2.25,2.25
2011.03.14 10:18:37.333,0.93578,0.93605,2.25,2.25
2011.03.14 10:18:37.441,0.93578,0.93607,2.25,2.25
2011.03.14 10:18:39.124,0.93578,0.93608,2.25,2.25
2011.03.14 10:18:39.345,0.9358,0.93615,2.40,2.44
2011.03.14 10:18:39.562,0.93578,0.93609,3.00,2.25
2011.03.14 10:18:40.113,0.93577,0.93609,3.00,2.25
2011.03.14 10:18:40.442,0.93577,0.93613,5.25,2.25
2011.03.14 10:18:43.641,0.93579,0.93615,2.25,2.25
2011.03.14 10:18:44.481,0.93579,0.93612,3.00,2.25
2011.03.14 10:18:44.923,0.93577,0.9361,5.25,2.25
2011.03.14 10:18:45.252,0.93579,0.93612,3.00,2.25
2011.03.14 10:18:46.022,0.93577,0.93612,5.40,2.25
2011.03.14 10:18:47.796,0.93577,0.93612,5.40,2.25
2011.03.14 10:18:48.319,0.93577,0.93611,3.15,2.25
2011.03.14 10:18:48.842,0.93577,0.93611,3.15,2.25
2011.03.14 10:18:49.464,0.93578,0.93611,3.00,2.25
2011.03.14 10:18:50.378,0.93578,0.93611,3.00,2.25
2011.03.14 10:18:51.274,0.93581,0.93614,2.25,2.25
2011.03.14 10:18:52.201,0.93581,0.93614,2.40,2.25
2011.03.14 10:18:54.465,0.93581,0.93614,2.25,2.25
2011.03.14 10:18:54.682,0.93577,0.93612,5.25,2.25
2011.03.14 10:18:55.281,0.93577,0.93612,5.25,2.25
2011.03.14 10:18:55.674,0.93577,0.93608,3.00,2.25
2011.03.14 10:18:56.452,0.93577,0.93606,3.00,2.25
2011.03.14 10:18:56.562,0.93577,0.93608,3.00,2.25
2011.03.14 10:18:57.744,0.93577,0.93606,3.00,2.25
2011.03.14 10:18:57.854,0.93577,0.93606,2.25,2.25
2011.03.14 10:18:57.962,0.9357,0.93606,3.15,2.25
2011.03.14 10:18:59.621,0.93569,0.93605,3.00,2.25
2011.03.14 10:19:00.282,0.9357,0.93606,3.00,2.25
2011.03.14 10:19:01.504,0.93572,0.93606,3.00,2.25
2011.03.14 10:19:02.362,0.93575,0.93608,2.25,2.63
2011.03.14 10:19:02.472,0.93575,0.93609,2.25,2.44
2011.03.14 10:19:02.582,0.93575,0.93609,3.00,2.25
2011.03.14 10:19:03.131,0.93578,0.93609,3.00,2.25
2011.03.14 10:19:03.351,0.93579,0.93615,3.00,2.44
2011.03.14 10:19:05.244,0.93584,0.93619,2.40,2.82
2011.03.14 10:19:06.951,0.93587,0.9362,2.25,3.57
2011.03.14 10:19:07.541,0.93585,0.93618,2.40,2.82
2011.03.14 10:19:11.102,0.93583,0.93618,3.00,2.82
2011.03.14 10:19:11.893,0.93585,0.93618,2.25,2.25
2011.03.14 10:19:12.114,0.93581,0.93616,3.00,2.25
2011.03.14 10:19:12.671,0.93582,0.93615,3.00,2.25
2011.03.14 10:19:13.004,0.93577,0.9361,3.00,2.25
2011.03.14 10:19:13.113,0.93582,0.93617,3.00,2.63
2011.03.14 10:19:13.444,0.9358,0.93615,3.00,2.25
2011.03.14 10:19:15.042,0.93581,0.93616,3.00,4.50
2011.03.14 10:19:15.702,0.9358,0.93615,3.00,2.25
2011.03.14 10:19:17.251,0.9358,0.93615,3.00,2.40
2011.03.14 10:19:17.471,0.9358,0.93615,3.00,2.25
2011.03.14 10:19:17.992,0.93583,0.93616,3.00,2.25
2011.03.14 10:19:20.264,0.93585,0.9362,3.57,2.25
2011.03.14 10:19:20.592,0.93587,0.93615,3.19,2.25
2011.03.14 10:19:20.704,0.93587,0.93621,3.19,2.25
2011.03.14 10:19:23.402,0.93592,0.93626,3.15,2.63
2011.03.14 10:19:24.621,0.93592,0.93626,3.15,2.63
2011.03.14 10:19:25.062,0.93596,0.93631,3.00,2.44
2011.03.14 10:19:25.172,0.93596,0.93631,2.25,2.44
2011.03.14 10:19:25.282,0.93594,0.93629,2.25,2.25
2011.03.14 10:19:25.391,0.93596,0.93629,2.25,2.25
2011.03.14 10:19:25.722,0.93595,0.93628,2.25,2.63
2011.03.14 10:19:25.941,0.93593,0.93628,3.00,2.63
2011.03.14 10:19:27.102,0.93592,0.93627,3.00,2.63
2011.03.14 10:19:27.933,0.93592,0.93627,3.00,2.63
2011.03.14 10:19:29.082,0.93592,0.93625,3.00,2.25
2011.03.14 10:19:29.652,0.93593,0.93626,3.00,2.63
2011.03.14 10:19:29.763,0.93591,0.93624,3.15,2.25
2011.03.14 10:19:30.341,0.93591,0.93624,3.15,2.25
2011.03.14 10:19:30.452,0.93592,0.93627,3.00,2.63
2011.03.14 10:19:31.254,0.93592,0.93627,3.00,2.25
2011.03.14 10:19:31.583,0.93596,0.93629,2.25,2.25
2011.03.14 10:19:32.092,0.93595,0.9363,2.25,2.25
2011.03.14 10:19:32.989,0.93594,0.93629,2.25,2.25
2011.03.14 10:19:33.541,0.93595,0.9363,2.25,2.25
2011.03.14 10:19:34.121,0.93594,0.93629,2.25,2.25
2011.03.14 10:19:34.452,0.93599,0.93633,3.00,2.25
2011.03.14 10:19:34.562,0.936,0.93634,3.00,2.25
2011.03.14 10:19:34.673,0.93595,0.9363,3.15,2.25
2011.03.14 10:19:35.002,0.93595,0.9363,2.25,2.44
2011.03.14 10:19:35.113,0.93597,0.93632,2.25,2.82
2011.03.14 10:19:35.691,0.93595,0.9363,2.25,4.69
2011.03.14 10:19:35.862,0.93595,0.93628,2.25,2.25
2011.03.14 10:19:37.382,0.93592,0.93625,3.00,2.25
2011.03.14 10:19:37.493,0.93593,0.93628,3.38,2.25
2011.03.14 10:19:37.602,0.93594,0.93629,3.00,4.50
2011.03.14 10:19:38.262,0.93597,0.9363,3.00,2.25
2011.03.14 10:19:38.972,0.93597,0.93632,3.15,2.25
2011.03.14 10:19:40.951,0.93596,0.93631,5.55,2.25
2011.03.14 10:19:41.062,0.93601,0.93633,3.15,2.25
2011.03.14 10:19:41.282,0.93603,0.93633,1.13,2.25
2011.03.14 10:19:41.392,0.93603,0.93636,3.38,2.25
2011.03.14 10:19:41.722,0.93606,0.93639,3.00,2.25
2011.03.14 10:19:42.282,0.93605,0.93638,3.00,2.25
2011.03.14 10:19:42.392,0.93602,0.93635,1.05,2.25
2011.03.14 10:19:42.502,0.93605,0.93638,3.00,2.25
2011.03.14 10:19:42.983,0.93601,0.93634,3.72,2.25
2011.03.14 10:19:43.313,0.93601,0.93636,3.57,2.25
2011.03.14 10:19:43.532,0.93601,0.93633,1.09,2.25
2011.03.14 10:19:43.642,0.93598,0.93633,3.15,2.25
2011.03.14 10:19:44.212,0.93596,0.9363,1.05,2.25
2011.03.14 10:19:45.154,0.93597,0.9363,1.05,2.25
2011.03.14 10:19:45.695,0.93597,0.93629,1.05,2.25
2011.03.14 10:19:45.913,0.93595,0.9363,3.15,2.25
2011.03.14 10:19:46.133,0.93595,0.9363,3.00,2.40
2011.03.14 10:19:46.385,0.93595,0.93631,3.15,2.25
2011.03.14 10:19:46.601,0.93593,0.93628,3.15,2.25
2011.03.14 10:19:47.152,0.93595,0.93629,3.00,2.25
2011.03.14 10:19:47.703,0.93598,0.93631,3.38,2.25
2011.03.14 10:19:48.386,0.93598,0.9363,3.38,2.25
2011.03.14 10:19:51.312,0.93594,0.93628,3.38,2.25
2011.03.14 10:19:53.863,0.93597,0.93628,3.19,2.25
2011.03.14 10:19:54.193,0.93594,0.9363,3.15,2.25
2011.03.14 10:19:54.745,0.93595,0.93631,3.00,2.25
2011.03.14 10:19:54.852,0.93599,0.93633,3.00,2.25
2011.03.14 10:19:54.962,0.93599,0.93635,3.00,2.25
2011.03.14 10:19:55.182,0.93599,0.93635,3.00,2.40
2011.03.14 10:19:55.512,0.93599,0.93633,3.00,2.55
2011.03.14 10:19:55.622,0.93596,0.93632,5.25,2.25
2011.03.14 10:19:55.954,0.93599,0.93633,3.00,2.55
2011.03.14 10:19:56.782,0.93599,0.93633,3.00,2.55
2011.03.14 10:19:57.333,0.93597,0.93631,3.15,2.25
2011.03.14 10:19:57.881,0.93596,0.9363,3.15,2.25
2011.03.14 10:19:58.736,0.93594,0.9363,3.15,2.25
2011.03.14 10:19:59.241,0.93596,0.9363,3.53,2.25
2011.03.14 10:19:59.351,0.93596,0.93632,3.53,2.25
2011.03.14 10:19:59.891,0.93596,0.93631,1.28,2.25
2011.03.14 10:20:01.472,0.93596,0.93632,3.53,2.25
2011.03.14 10:20:02.022,0.93598,0.93632,3.19,2.25
2011.03.14 10:20:02.580,0.93599,0.93632,1.13,2.25
2011.03.14 10:20:03.133,0.936,0.93634,3.00,2.63
2011.03.14 10:20:03.503,0.93595,0.9363,1.13,2.25
2011.03.14 10:20:04.052,0.93595,0.93628,1.28,2.25
2011.03.14 10:20:04.162,0.93595,0.93631,3.53,2.25
2011.03.14 10:20:05.066,0.93596,0.93632,3.30,2.25
2011.03.14 10:20:05.672,0.93597,0.93631,3.15,2.25
2011.03.14 10:20:06.337,0.93597,0.93631,3.00,2.25
2011.03.14 10:20:06.893,0.93599,0.93633,3.38,2.25
2011.03.14 10:20:07.444,0.93596,0.93632,3.00,2.25
2011.03.14 10:20:08.202,0.936,0.93631,1.13,2.25
2011.03.14 10:20:09.205,0.936,0.9363,1.13,2.25
2011.03.14 10:20:10.683,0.936,0.9363,1.13,2.40
2011.03.14 10:20:12.469,0.936,0.9363,1.13,2.25
2011.03.14 10:20:13.253,0.936,0.93631,1.13,2.25
2011.03.14 10:20:13.832,0.936,0.93632,1.13,2.25
2011.03.14 10:20:14.392,0.93599,0.93632,1.13,2.25
2011.03.14 10:20:14.956,0.93599,0.9363,1.13,2.25
2011.03.14 10:20:15.062,0.93599,0.93632,1.13,2.25
2011.03.14 10:20:16.023,0.93599,0.93631,1.13,2.25
2011.03.14 10:20:16.132,0.93599,0.93633,1.13,2.40
2011.03.14 10:20:17.692,0.93599,0.93635,3.38,2.40
2011.03.14 10:20:18.221,0.93599,0.93633,3.38,2.40
2011.03.14 10:20:18.853,0.93599,0.93632,1.13,2.25
2011.03.14 10:20:19.562,0.93599,0.93631,1.13,2.25
2011.03.14 10:20:24.541,0.93599,0.93632,1.13,4.50
2011.03.14 10:20:25.043,0.93599,0.93631,1.13,2.25
2011.03.14 10:20:25.572,0.93599,0.9363,1.13,2.25
2011.03.14 10:20:26.123,0.93599,0.93632,1.13,2.25
2011.03.14 10:20:26.233,0.93598,0.9363,3.00,2.25
2011.03.14 10:20:26.673,0.936,0.93632,1.13,2.25
2011.03.14 10:20:27.112,0.936,0.93635,3.38,2.25
2011.03.14 10:20:27.331,0.93604,0.93637,3.00,2.25
2011.03.14 10:20:27.442,0.93604,0.93637,2.25,2.25
2011.03.14 10:20:28.762,0.93604,0.93637,2.44,2.25
2011.03.14 10:20:29.352,0.93605,0.93638,2.82,2.25
2011.03.14 10:20:29.463,0.93606,0.93641,2.25,2.25
2011.03.14 10:20:29.571,0.93606,0.93639,2.25,2.25
2011.03.14 10:20:30.482,0.93606,0.93639,2.40,2.25
2011.03.14 10:20:31.032,0.93606,0.93639,2.40,2.25
2011.03.14 10:20:31.692,0.93605,0.93638,2.59,2.25
2011.03.14 10:20:32.022,0.93606,0.93641,2.40,2.25
2011.03.14 10:20:32.254,0.93606,0.93639,2.40,2.25
2011.03.14 10:20:32.831,0.93607,0.9364,2.25,2.25
2011.03.14 10:20:33.951,0.93607,0.9364,2.25,2.40
2011.03.14 10:20:34.813,0.93607,0.9364,2.25,2.25
2011.03.14 10:20:35.374,0.93607,0.9364,2.25,2.40
2011.03.14 10:20:36.024,0.93605,0.9364,2.59,2.25
2011.03.14 10:20:36.133,0.93605,0.9364,2.44,2.40
2011.03.14 10:20:36.751,0.93606,0.93641,2.40,2.25
2011.03.14 10:20:37.448,0.93605,0.9364,2.59,2.25
2011.03.14 10:20:38.062,0.93606,0.93639,2.40,2.25
2011.03.14 10:20:38.541,0.93603,0.93636,4.84,2.25
2011.03.14 10:20:38.872,0.93605,0.93638,2.44,4.50
2011.03.14 10:20:39.093,0.93606,0.93638,1.47,2.25
2011.03.14 10:20:39.312,0.93606,0.93641,1.32,2.25
2011.03.14 10:20:39.582,0.93606,0.93639,1.32,2.25
2011.03.14 10:20:39.923,0.93606,0.93639,1.32,2.25
2011.03.14 10:20:40.803,0.93611,0.93642,2.63,2.25
2011.03.14 10:20:41.463,0.93613,0.93646,2.25,2.25
2011.03.14 10:20:41.684,0.93614,0.93647,3.19,2.25
2011.03.14 10:20:41.794,0.93623,0.93652,1.32,2.25
2011.03.14 10:20:41.902,0.93623,0.93654,1.32,2.25
2011.03.14 10:20:42.012,0.93623,0.93657,3.57,2.25
2011.03.14 10:20:42.232,0.93625,0.93661,2.82,2.25
2011.03.14 10:20:42.342,0.93623,0.93659,3.57,2.25
2011.03.14 10:20:42.733,0.93622,0.93654,1.69,2.25
2011.03.14 10:20:43.274,0.93619,0.93653,3.00,2.25
2011.03.14 10:20:43.382,0.93615,0.9365,2.97,2.25
2011.03.14 10:20:43.933,0.93618,0.93651,4.88,2.25
2011.03.14 10:20:44.773,0.93618,0.9365,2.63,2.25
2011.03.14 10:20:45.409,0.93618,0.93649,2.63,2.25
2011.03.14 10:20:49.313,0.93618,0.93651,2.63,2.25
2011.03.14 10:20:49.532,0.93619,0.93653,2.25,4.65
2011.03.14 10:20:49.753,0.93619,0.93653,2.40,2.25
2011.03.14 10:20:49.974,0.93618,0.93653,2.25,2.40
2011.03.14 10:20:50.632,0.93618,0.93652,4.88,2.25
2011.03.14 10:20:50.852,0.93618,0.93654,4.88,2.25
2011.03.14 10:20:52.603,0.93618,0.93654,5.25,2.25
2011.03.14 10:20:52.973,0.93629,0.93662,3.19,2.25
2011.03.14 10:20:53.082,0.93628,0.93658,3.94,2.25
2011.03.14 10:20:53.302,0.93628,0.93658,2.25,2.25
2011.03.14 10:20:53.632,0.93623,0.93657,3.19,2.25
2011.03.14 10:20:55.323,0.93621,0.93657,3.72,2.25
2011.03.14 10:20:55.543,0.9362,0.93654,1.32,2.25
2011.03.14 10:20:55.873,0.93624,0.93655,1.13,2.25
2011.03.14 10:20:57.734,0.93629,0.93655,1.32,2.25
2011.03.14 10:20:58.062,0.93632,0.93665,2.97,2.25
2011.03.14 10:20:58.502,0.93633,0.93669,2.25,2.25
2011.03.14 10:21:00.072,0.93633,0.93669,2.40,2.25
2011.03.14 10:21:00.622,0.93633,0.93669,2.40,2.25
2011.03.14 10:21:01.355,0.93633,0.93669,2.40,2.25
2011.03.14 10:21:01.871,0.93633,0.93669,2.40,2.25
2011.03.14 10:21:02.642,0.93633,0.93669,2.25,2.25
2011.03.14 10:21:02.752,0.93633,0.93669,2.40,2.25
2011.03.14 10:21:03.026,0.93633,0.93669,2.25,2.25
2011.03.14 10:21:04.245,0.93633,0.93669,2.40,2.25
2011.03.14 10:21:10.916,0.93633,0.93669,2.55,2.25
2011.03.14 10:21:11.203,0.93633,0.93669,2.25,2.25
2011.03.14 10:21:11.313,0.93633,0.93666,2.25,2.25
2011.03.14 10:21:11.421,0.93632,0.93668,2.44,2.25
2011.03.14 10:21:11.532,0.93638,0.93668,2.25,2.25
2011.03.14 10:21:11.643,0.93638,0.9367,2.25,4.50
2011.03.14 10:21:11.954,0.93638,0.93667,2.25,2.25
2011.03.14 10:21:12.065,0.93634,0.93667,2.25,2.25
2011.03.14 10:21:12.513,0.93634,0.93669,2.25,2.25
2011.03.14 10:21:13.061,0.93633,0.93668,2.25,2.25
2011.03.14 10:21:13.603,0.93634,0.93669,2.25,2.40
2011.03.14 10:21:14.161,0.93635,0.9367,2.25,2.40
2011.03.14 10:21:14.685,0.93635,0.9367,2.25,2.25
2011.03.14 10:21:15.856,0.93635,0.9367,2.25,2.40
2011.03.14 10:21:15.963,0.93638,0.93674,2.25,2.74
2011.03.14 10:21:16.073,0.93638,0.93674,2.25,2.40
2011.03.14 10:21:16.293,0.93637,0.93671,4.50,2.25
2011.03.14 10:21:16.513,0.93637,0.93673,4.50,2.25
2011.03.14 10:21:17.061,0.93638,0.93672,2.25,2.25
2011.03.14 10:21:17.604,0.93637,0.93671,4.50,2.25
2011.03.14 10:21:18.630,0.93638,0.93672,2.40,2.25
2011.03.14 10:21:20.086,0.93638,0.93672,2.25,2.25
2011.03.14 10:21:22.123,0.93637,0.9367,2.25,2.25
2011.03.14 10:21:22.454,0.93632,0.93668,2.40,2.25
2011.03.14 10:21:23.793,0.93632,0.93666,2.40,2.25
2011.03.14 10:21:24.122,0.93629,0.93665,2.40,2.44
2011.03.14 10:21:24.233,0.93629,0.93665,2.25,2.44
2011.03.14 10:21:24.836,0.93628,0.9366,2.25,2.25
2011.03.14 10:21:25.902,0.93629,0.93663,2.25,2.25
2011.03.14 10:21:26.372,0.93629,0.93663,2.40,2.25
2011.03.14 10:21:27.662,0.93629,0.93665,2.40,2.44
2011.03.14 10:21:30.953,0.93629,0.93663,2.40,2.25
2011.03.14 10:21:31.063,0.93629,0.93663,3.38,2.25
2011.03.14 10:21:31.173,0.9363,0.93666,2.25,2.25
2011.03.14 10:21:31.282,0.9363,0.93666,2.40,2.25
2011.03.14 10:21:31.502,0.93633,0.93668,2.25,2.25
2011.03.14 10:21:32.052,0.93632,0.93667,2.40,2.25
2011.03.14 10:21:32.162,0.93634,0.93667,2.25,2.25
2011.03.14 10:21:32.272,0.93632,0.93667,2.40,2.25
2011.03.14 10:21:32.897,0.93632,0.93667,2.78,2.25
2011.03.14 10:21:33.004,0.93635,0.93668,2.25,2.25
2011.03.14 10:21:33.335,0.93637,0.93672,3.57,2.25
2011.03.14 10:21:34.470,0.93638,0.93673,3.00,2.25
2011.03.14 10:21:35.054,0.93638,0.93674,5.25,2.25
2011.03.14 10:21:35.382,0.93639,0.93675,3.15,2.25
2011.03.14 10:21:35.714,0.93637,0.93669,3.72,2.25
2011.03.14 10:21:36.153,0.93637,0.93668,3.19,2.25
2011.03.14 10:21:37.642,0.93638,0.93668,1.13,2.25
2011.03.14 10:21:37.861,0.93638,0.93674,3.38,2.25
2011.03.14 10:21:38.083,0.93638,0.93674,3.00,2.25
2011.03.14 10:21:38.192,0.93637,0.93668,3.49,2.25
2011.03.14 10:21:39.023,0.93637,0.93668,3.15,2.25
2011.03.14 10:21:39.132,0.93633,0.93666,3.15,2.25
2011.03.14 10:21:39.573,0.93636,0.93668,1.28,2.25
2011.03.14 10:21:39.977,0.93637,0.93666,3.00,2.25
2011.03.14 10:21:40.303,0.93631,0.93664,3.72,2.25
2011.03.14 10:21:40.892,0.93631,0.93663,1.62,2.25
2011.03.14 10:21:41.553,0.93637,0.93666,1.13,2.25
2011.03.14 10:21:42.102,0.93637,0.93665,1.13,2.25
2011.03.14 10:21:42.213,0.93639,0.93665,1.13,2.25
2011.03.14 10:21:42.543,0.93636,0.93665,1.13,2.25
2011.03.14 10:21:43.273,0.93636,0.93667,1.13,2.25
2011.03.14 10:21:43.382,0.93636,0.93664,1.13,2.25
2011.03.14 10:21:43.792,0.93639,0.93664,1.13,2.25
2011.03.14 10:21:43.902,0.93639,0.9367,1.13,2.25
2011.03.14 10:21:44.124,0.93639,0.93668,1.13,2.25
2011.03.14 10:21:44.232,0.93637,0.93668,3.00,2.25
2011.03.14 10:21:44.342,0.9363,0.93663,3.38,2.25
2011.03.14 10:21:44.454,0.93628,0.93661,5.82,2.25
2011.03.14 10:21:44.562,0.93629,0.93664,3.38,2.25
2011.03.14 10:21:44.892,0.93629,0.93661,1.28,2.25
2011.03.14 10:21:45.087,0.9363,0.93663,2.78,2.25
2011.03.14 10:21:46.035,0.9363,0.93663,2.78,2.25
2011.03.14 10:21:46.141,0.9363,0.93663,2.78,2.25
2011.03.14 10:21:46.362,0.93631,0.93666,2.78,2.25
2011.03.14 10:21:46.471,0.93631,0.93666,2.78,2.25
2011.03.14 10:21:46.582,0.93631,0.93666,2.78,2.25
2011.03.14 10:21:52.315,0.93631,0.93666,2.40,2.25
2011.03.14 10:21:53.082,0.9363,0.93663,2.25,2.25
2011.03.14 10:21:53.644,0.93629,0.93662,3.00,2.25
2011.03.14 10:21:54.255,0.93631,0.93664,2.25,2.25
2011.03.14 10:21:54.472,0.93629,0.93664,2.25,2.25
2011.03.14 10:21:54.802,0.93627,0.93662,3.00,2.25
2011.03.14 10:21:56.352,0.93627,0.93662,3.15,2.25
2011.03.14 10:21:57.044,0.93627,0.93662,3.15,2.25
2011.03.14 10:21:57.444,0.93627,0.93661,1.05,2.25
2011.03.14 10:21:57.555,0.9363,0.93665,2.25,2.25
2011.03.14 10:21:57.994,0.93632,0.93665,2.25,2.25
2011.03.14 10:21:58.925,0.93632,0.93667,2.25,4.50
2011.03.14 10:22:00.787,0.93632,0.93665,2.25,2.25
2011.03.14 10:22:02.222,0.93628,0.93661,1.28,2.25
2011.03.14 10:22:02.441,0.93628,0.93663,1.28,4.50
2011.03.14 10:22:02.952,0.93628,0.93662,3.53,2.25
2011.03.14 10:22:03.294,0.93628,0.93659,3.53,2.25
2011.03.14 10:22:03.402,0.93628,0.93659,3.38,2.25
2011.03.14 10:22:04.422,0.93623,0.93657,3.19,2.25
2011.03.14 10:22:05.004,0.93626,0.93657,2.25,2.25
2011.03.14 10:22:05.332,0.93628,0.93661,4.50,2.63
2011.03.14 10:22:05.551,0.93625,0.9366,2.40,2.25
2011.03.14 10:22:05.772,0.93623,0.93658,3.15,2.25
2011.03.14 10:22:06.103,0.93626,0.93661,2.40,2.63
2011.03.14 10:22:06.432,0.93628,0.93661,2.40,2.63
2011.03.14 10:22:06.973,0.93628,0.9366,2.25,2.25
2011.03.14 10:22:07.235,0.93625,0.93658,2.40,2.25
2011.03.14 10:22:07.754,0.93624,0.93657,3.15,2.25
2011.03.14 10:22:08.123,0.93624,0.93659,3.15,2.25
2011.03.14 10:22:08.902,0.93624,0.93659,3.30,2.25
2011.03.14 10:22:09.276,0.93624,0.93659,3.15,2.25
2011.03.14 10:22:09.595,0.93624,0.93659,3.30,2.25
2011.03.14 10:22:09.924,0.93624,0.93659,3.15,2.25
2011.03.14 10:22:10.032,0.93624,0.93659,3.30,2.25
2011.03.14 10:22:10.513,0.93624,0.93659,3.00,2.82
2011.03.14 10:22:10.622,0.93618,0.93654,4.65,2.25
2011.03.14 10:22:10.953,0.93619,0.93655,2.93,2.25
2011.03.14 10:22:11.063,0.93627,0.93662,2.25,3.57
2011.03.14 10:22:11.571,0.93624,0.93659,2.40,2.44
2011.03.14 10:22:12.034,0.93624,0.93659,2.55,2.44
2011.03.14 10:22:12.766,0.93624,0.93659,2.40,2.44
2011.03.14 10:22:13.173,0.93623,0.93657,2.25,2.25
2011.03.14 10:22:13.393,0.9362,0.93654,2.40,2.25
2011.03.14 10:22:13.993,0.93621,0.93655,2.40,4.50
2011.03.14 10:22:14.694,0.93621,0.93655,2.40,2.25
2011.03.14 10:22:15.164,0.93619,0.93653,2.40,2.25
2011.03.14 10:22:15.693,0.93619,0.93653,2.40,2.25
2011.03.14 10:22:15.913,0.93619,0.93655,2.40,2.25
2011.03.14 10:22:16.023,0.93619,0.93653,2.25,2.25
2011.03.14 10:22:16.132,0.9362,0.93656,2.25,2.25
2011.03.14 10:22:16.682,0.9362,0.93656,2.40,2.25
2011.03.14 10:22:19.104,0.9362,0.93656,2.55,2.25
2011.03.14 10:22:19.774,0.93628,0.93656,2.25,2.25
2011.03.14 10:22:19.883,0.93628,0.93659,2.25,2.25
2011.03.14 10:22:20.430,0.93624,0.93659,1.28,2.25
2011.03.14 10:22:20.763,0.93623,0.93659,2.25,2.25
2011.03.14 10:22:20.873,0.93623,0.93659,2.63,2.25
2011.03.14 10:22:21.422,0.93624,0.93658,2.63,2.25
2011.03.14 10:22:21.812,0.93627,0.9366,2.82,2.25
2011.03.14 10:22:22.522,0.93627,0.9366,2.25,2.25
2011.03.14 10:22:23.524,0.93623,0.93658,2.25,2.25
2011.03.14 10:22:23.806,0.93623,0.93656,2.25,2.25
2011.03.14 10:22:24.132,0.93619,0.93654,2.40,2.25
2011.03.14 10:22:25.043,0.93619,0.93654,2.40,2.25
2011.03.14 10:22:25.375,0.93618,0.93652,2.40,2.63
2011.03.14 10:22:25.484,0.93618,0.93652,2.25,2.63
2011.03.14 10:22:25.595,0.93618,0.93647,2.25,2.25
2011.03.14 10:22:26.032,0.93618,0.93651,2.25,2.25
2011.03.14 10:22:26.143,0.93618,0.93651,2.25,2.63
2011.03.14 10:22:26.344,0.93612,0.93645,2.40,2.25
2011.03.14 10:22:26.453,0.93613,0.93647,2.25,2.25
2011.03.14 10:22:26.672,0.93613,0.93649,2.25,2.63
2011.03.14 10:22:26.782,0.93613,0.93647,2.25,2.25
2011.03.14 10:22:27.902,0.93613,0.93649,2.25,2.25
2011.03.14 10:22:28.123,0.93615,0.93649,2.25,2.63
2011.03.14 10:22:29.394,0.93615,0.93651,2.25,2.25
2011.03.14 10:22:29.502,0.93615,0.93649,2.40,2.25
2011.03.14 10:22:30.212,0.93612,0.93648,4.88,2.25
2011.03.14 10:22:30.432,0.93615,0.93649,2.25,4.50
2011.03.14 10:22:31.003,0.93616,0.9365,2.25,2.25
2011.03.14 10:22:31.691,0.93618,0.9365,2.25,2.25
2011.03.14 10:22:33.453,0.93618,0.93649,2.25,2.25
2011.03.14 10:22:36.622,0.93618,0.9365,2.25,2.25
2011.03.14 10:22:36.843,0.93622,0.93656,2.25,2.25
2011.03.14 10:22:37.803,0.9362,0.93656,2.25,2.25
2011.03.14 10:22:38.362,0.93621,0.93655,2.25,2.25
2011.03.14 10:22:38.822,0.93619,0.93654,4.50,2.25
2011.03.14 10:22:39.041,0.93618,0.93652,2.25,2.25
2011.03.14 10:22:40.592,0.93618,0.93653,4.50,2.25
2011.03.14 10:22:42.905,0.9362,0.93653,2.25,2.25
2011.03.14 10:22:43.232,0.93618,0.93653,4.50,2.25
2011.03.14 10:22:44.736,0.93618,0.93645,4.50,2.82
2011.03.14 10:22:44.956,0.93608,0.93642,2.25,2.25
2011.03.14 10:22:45.282,0.93606,0.93642,2.25,4.50
2011.03.14 10:22:46.063,0.93606,0.93642,2.40,4.50
2011.03.14 10:22:46.653,0.93606,0.93642,2.55,4.50
2011.03.14 10:22:46.855,0.93606,0.93642,2.40,4.50
2011.03.14 10:22:47.514,0.93606,0.93642,4.80,2.25
2011.03.14 10:22:48.122,0.93607,0.93641,2.40,2.25
2011.03.14 10:22:48.407,0.93607,0.93641,2.25,2.25
2011.03.14 10:22:48.625,0.93609,0.93645,2.40,2.44
2011.03.14 10:22:48.734,0.93609,0.93645,2.25,2.44
2011.03.14 10:22:49.013,0.93609,0.93645,2.25,2.59
2011.03.14 10:22:50.184,0.93609,0.93645,2.25,2.44
2011.03.14 10:22:50.293,0.93606,0.93642,2.25,2.25
2011.03.14 10:22:50.622,0.93609,0.93643,2.25,2.40
2011.03.14 10:22:50.842,0.93609,0.93645,2.25,2.44
2011.03.14 10:22:52.881,0.9361,0.93646,2.25,4.69
2011.03.14 10:22:53.344,0.9361,0.93646,2.25,2.59
2011.03.14 10:22:53.563,0.93608,0.93644,2.25,2.40
2011.03.14 10:22:55.149,0.93608,0.93644,2.25,2.40
2011.03.14 10:22:56.382,0.93608,0.93642,2.25,2.25
2011.03.14 10:22:58.754,0.93607,0.93641,4.50,2.25
2011.03.14 10:22:59.082,0.93602,0.93635,2.40,4.50
2011.03.14 10:23:01.423,0.93602,0.93635,2.78,2.25
2011.03.14 10:23:01.752,0.93604,0.93637,2.63,2.25
2011.03.14 10:23:03.553,0.93605,0.93638,2.63,2.25
2011.03.14 10:23:03.793,0.93608,0.93638,2.25,2.25
2011.03.14 10:23:03.903,0.93609,0.93642,2.25,2.25
2011.03.14 10:23:04.232,0.93605,0.9364,2.25,2.25
2011.03.14 10:23:04.875,0.93606,0.93641,2.25,2.25
2011.03.14 10:23:05.202,0.93604,0.93637,2.25,2.25
2011.03.14 10:23:05.642,0.93606,0.93639,2.25,2.25
2011.03.14 10:23:10.483,0.93605,0.93638,2.25,2.25
2011.03.14 10:23:10.813,0.93602,0.93635,2.40,2.25
2011.03.14 10:23:10.921,0.93603,0.93638,2.25,2.25
2011.03.14 10:23:11.622,0.93603,0.93636,2.25,2.25
2011.03.14 10:23:14.182,0.93601,0.93636,2.40,2.25
2011.03.14 10:23:15.454,0.936,0.93636,2.25,2.25
2011.03.14 10:23:15.675,0.936,0.93633,2.25,2.25
2011.03.14 10:23:16.150,0.93597,0.93631,2.25,2.25
2011.03.14 10:23:16.703,0.93597,0.9363,2.25,2.25
2011.03.14 10:23:16.923,0.93594,0.93627,2.25,2.25
2011.03.14 10:23:17.654,0.93594,0.93629,2.25,2.25
2011.03.14 10:23:17.764,0.93597,0.9363,2.25,2.25
2011.03.14 10:23:17.873,0.93595,0.9363,2.25,2.25
2011.03.14 10:23:18.742,0.93597,0.93632,2.25,2.44
2011.03.14 10:23:19.775,0.93596,0.93629,2.25,2.25
2011.03.14 10:23:19.993,0.93596,0.93631,2.25,2.25
2011.03.14 10:23:20.322,0.93594,0.93627,2.25,2.25
2011.03.14 10:23:20.872,0.93594,0.93627,4.88,2.25
2011.03.14 10:23:21.202,0.93596,0.9363,2.25,2.25
2011.03.14 10:23:21.645,0.93598,0.93633,2.25,2.25
2011.03.14 10:23:21.889,0.93602,0.93636,2.25,2.25
2011.03.14 10:23:22.583,0.93601,0.93635,2.25,2.25
2011.03.14 10:23:23.022,0.93598,0.93634,2.25,2.25
2011.03.14 10:23:23.822,0.936,0.93636,2.25,2.25
2011.03.14 10:23:24.358,0.93601,0.93635,2.25,2.25
2011.03.14 10:23:24.783,0.93601,0.93637,2.25,2.25
2011.03.14 10:23:24.892,0.93598,0.93634,2.25,2.25
2011.03.14 10:23:25.562,0.93602,0.93636,2.25,4.50
2011.03.14 10:23:25.903,0.93602,0.93633,2.25,2.25
2011.03.14 10:23:26.121,0.93596,0.9363,2.78,2.25
2011.03.14 10:23:26.734,0.93595,0.93628,2.25,2.25
2011.03.14 10:23:27.173,0.93593,0.93626,2.25,2.25
2011.03.14 10:23:31.063,0.93593,0.93628,2.25,2.25
2011.03.14 10:23:32.573,0.93594,0.93629,2.25,2.25
2011.03.14 10:23:32.803,0.93592,0.93627,4.65,2.25
2011.03.14 10:23:33.132,0.93597,0.93633,2.25,4.50
2011.03.14 10:23:33.782,0.93597,0.93631,2.25,2.25
2011.03.14 10:23:37.532,0.93595,0.93631,2.78,2.25
2011.03.14 10:23:37.642,0.93595,0.93629,2.78,2.25
2011.03.14 10:23:38.193,0.93594,0.93628,2.82,2.25
2011.03.14 10:23:38.884,0.93593,0.93627,2.97,2.25
2011.03.14 10:23:39.522,0.93593,0.93627,2.59,2.25
2011.03.14 10:23:39.633,0.93592,0.93627,2.44,2.25
2011.03.14 10:23:39.744,0.93592,0.93627,2.25,2.25
2011.03.14 10:23:39.963,0.93591,0.93619,2.25,2.25
2011.03.14 10:23:40.292,0.93593,0.93619,2.25,2.25
2011.03.14 10:23:40.402,0.93595,0.93629,2.25,2.82
2011.03.14 10:23:40.842,0.93593,0.93629,2.25,2.82
2011.03.14 10:23:41.063,0.93591,0.93625,2.25,2.25
2011.03.14 10:23:41.282,0.93592,0.93628,2.25,2.82
2011.03.14 10:23:41.392,0.9359,0.93626,2.25,2.25
2011.03.14 10:23:41.922,0.9359,0.93622,2.25,2.25
2011.03.14 10:23:42.363,0.93586,0.93622,2.40,4.50
2011.03.14 10:23:44.982,0.93584,0.93618,2.25,2.25
2011.03.14 10:23:48.233,0.93584,0.93618,2.82,2.25
2011.03.14 10:23:48.563,0.93605,0.93632,2.25,2.25
2011.03.14 10:23:48.913,0.93607,0.93632,2.25,2.25
2011.03.14 10:23:49.842,0.93605,0.93632,2.25,2.25
2011.03.14 10:23:50.412,0.93605,0.93632,2.25,2.63
2011.03.14 10:23:50.523,0.93595,0.93631,2.25,2.63
2011.03.14 10:23:50.742,0.93595,0.93631,2.25,2.63
2011.03.14 10:23:51.273,0.93594,0.9363,2.25,2.63
2011.03.14 10:23:52.852,0.93596,0.9363,2.25,2.63
2011.03.14 10:23:53.183,0.93597,0.93631,2.25,2.25
2011.03.14 10:23:53.734,0.93598,0.93632,2.25,4.50
2011.03.14 10:23:53.844,0.936,0.93632,2.25,2.25
2011.03.14 10:23:53.953,0.93603,0.93637,2.25,2.25
2011.03.14 10:23:54.284,0.93603,0.93639,2.25,4.50
2011.03.14 10:23:54.391,0.93602,0.93636,2.25,2.25
2011.03.14 10:23:54.779,0.93604,0.93638,2.25,2.25
2011.03.14 10:23:55.412,0.93603,0.93637,2.25,2.25
2011.03.14 10:23:55.742,0.93599,0.93635,2.25,2.25
2011.03.14 10:23:55.996,0.93602,0.93638,2.63,2.25
2011.03.14 10:23:56.334,0.936,0.93634,2.25,2.25
2011.03.14 10:23:56.932,0.936,0.93636,2.25,2.25
2011.03.14 10:24:00.173,0.93599,0.93635,5.25,2.25
2011.03.14 10:24:00.502,0.93598,0.93634,3.38,2.25
2011.03.14 10:24:01.013,0.93598,0.93634,3.38,2.25
2011.03.14 10:24:01.903,0.93601,0.93635,1.13,4.50
2011.03.14 10:24:02.342,0.93601,0.93637,5.63,2.25
2011.03.14 10:24:02.892,0.93602,0.93638,3.00,2.25
2011.03.14 10:24:03.853,0.93609,0.93638,1.13,2.25
2011.03.14 10:24:03.964,0.93609,0.93645,3.38,2.25
2011.03.14 10:24:04.074,0.93615,0.93651,2.25,2.25
2011.03.14 10:24:04.183,0.93623,0.93657,2.25,2.25
2011.03.14 10:24:04.512,0.9362,0.93654,2.25,2.25
2011.03.14 10:24:04.623,0.9362,0.93656,2.25,2.25
2011.03.14 10:24:05.404,0.93622,0.93658,2.25,2.25
2011.03.14 10:24:05.715,0.93625,0.93659,2.25,2.63
2011.03.14 10:24:06.044,0.9362,0.93652,2.25,2.25
2011.03.14 10:24:06.592,0.93621,0.93652,2.25,2.25
2011.03.14 10:24:07.299,0.9362,0.93652,2.25,2.25
2011.03.14 10:24:08.214,0.93622,0.93652,2.25,2.25
2011.03.14 10:24:08.433,0.93619,0.93652,2.25,2.25
2011.03.14 10:24:08.543,0.93622,0.93653,2.25,2.25
2011.03.14 10:24:08.763,0.9362,0.93653,2.25,4.65
2011.03.14 10:24:09.352,0.93619,0.93652,2.25,2.25
2011.03.14 10:24:11.017,0.93618,0.93651,2.25,2.25
2011.03.14 10:24:12.062,0.93616,0.93651,2.25,2.25
2011.03.14 10:24:15.143,0.93617,0.93652,2.25,2.25
2011.03.14 10:24:15.474,0.93621,0.93653,2.25,2.25
2011.03.14 10:24:18.154,0.93623,0.93653,2.25,2.25
2011.03.14 10:24:19.113,0.93624,0.93653,2.25,2.25
2011.03.14 10:24:19.333,0.93622,0.93653,2.25,2.25
2011.03.14 10:24:19.554,0.93622,0.93653,2.63,2.25
2011.03.14 10:24:19.665,0.93621,0.93656,3.00,2.25
2011.03.14 10:24:19.774,0.93632,0.93663,2.25,2.78
2011.03.14 10:24:19.882,0.93626,0.93659,2.25,2.25
2011.03.14 10:24:20.103,0.93627,0.93662,2.25,2.25
2011.03.14 10:24:20.643,0.93626,0.93661,2.25,2.25
2011.03.14 10:24:20.864,0.93632,0.93663,2.25,2.25
2011.03.14 10:24:21.083,0.93628,0.93661,3.00,2.25
2011.03.14 10:24:21.302,0.93629,0.93663,2.25,2.25
2011.03.14 10:24:21.633,0.93627,0.9366,2.25,2.25
2011.03.14 10:24:22.202,0.93631,0.93663,2.25,4.50
2011.03.14 10:24:22.543,0.93633,0.93663,2.25,2.25
2011.03.14 10:24:22.991,0.93639,0.93663,2.25,2.25
2011.03.14 10:24:23.213,0.93633,0.93663,2.25,2.25
2011.03.14 10:24:24.182,0.93634,0.93663,2.25,2.25
2011.03.14 10:24:25.163,0.93641,0.93663,2.25,2.25
2011.03.14 10:24:25.273,0.93642,0.93672,2.25,2.25
2011.03.14 10:24:25.492,0.93636,0.93671,2.25,2.44
2011.03.14 10:24:25.713,0.93635,0.93668,2.25,2.25
2011.03.14 10:24:26.044,0.93633,0.93663,2.25,2.25
2011.03.14 10:24:26.593,0.93632,0.93663,2.25,2.25
2011.03.14 10:24:28.013,0.93628,0.93663,3.38,4.50
2011.03.14 10:24:28.234,0.93633,0.93666,2.25,2.25
2011.03.14 10:24:28.825,0.93632,0.93667,2.25,2.25
2011.03.14 10:24:29.153,0.93632,0.93667,3.72,2.25
2011.03.14 10:24:29.482,0.9364,0.93667,2.25,2.25
2011.03.14 10:24:29.702,0.93643,0.93676,2.25,2.25
2011.03.14 10:24:30.665,0.93643,0.93676,2.25,2.40
2011.03.14 10:24:30.774,0.93643,0.93676,2.25,2.25
2011.03.14 10:24:30.885,0.93643,0.93672,2.25,2.25
2011.03.14 10:24:31.324,0.93639,0.93672,2.25,2.25
2011.03.14 10:24:31.433,0.93636,0.93669,3.00,2.25
2011.03.14 10:24:31.943,0.93631,0.93667,3.00,2.25
2011.03.14 10:24:32.473,0.93646,0.9368,2.25,2.82
2011.03.14 10:24:32.583,0.93646,0.93672,2.25,2.25
2011.03.14 10:24:33.022,0.93646,0.93669,2.25,2.25
2011.03.14 10:24:33.134,0.93634,0.93669,3.00,2.25
2011.03.14 10:24:33.242,0.93636,0.9367,2.25,2.25
2011.03.14 10:24:34.083,0.93644,0.93672,3.00,2.25
2011.03.14 10:24:34.193,0.93639,0.93673,2.25,5.07
2011.03.14 10:24:34.303,0.93636,0.93663,2.25,2.25
2011.03.14 10:24:34.414,0.93629,0.93663,2.25,2.25
2011.03.14 10:24:34.632,0.93628,0.93657,2.25,2.25
2011.03.14 10:24:34.853,0.93621,0.93656,1.28,2.25
2011.03.14 10:24:35.516,0.93621,0.93655,1.28,2.25
2011.03.14 10:24:35.623,0.93624,0.93658,2.25,2.25
2011.03.14 10:24:35.734,0.93624,0.93658,2.40,2.25
2011.03.14 10:24:36.057,0.93624,0.93658,4.88,2.25
2011.03.14 10:24:36.163,0.93624,0.93658,5.78,2.25
2011.03.14 10:24:36.602,0.93627,0.93661,2.40,2.25
2011.03.14 10:24:36.822,0.93627,0.93661,2.78,2.25
2011.03.14 10:24:37.152,0.93634,0.93668,2.25,2.25
2011.03.14 10:24:37.703,0.93633,0.93663,1.13,2.25
2011.03.14 10:24:37.813,0.93633,0.93666,1.32,2.25
2011.03.14 10:24:37.923,0.93633,0.93668,1.32,2.25
2011.03.14 10:24:38.856,0.93634,0.93668,3.53,2.25
2011.03.14 10:24:38.964,0.93646,0.93673,2.25,2.25
2011.03.14 10:24:39.073,0.93636,0.93672,3.34,2.25
2011.03.14 10:24:39.402,0.93636,0.9367,3.19,2.25
2011.03.14 10:24:40.110,0.93633,0.93668,2.07,2.25
2011.03.14 10:24:40.225,0.93634,0.9367,3.19,2.25
2011.03.14 10:24:40.482,0.93634,0.93668,3.19,2.25
2011.03.14 10:24:43.932,0.93636,0.9367,1.09,2.25
2011.03.14 10:24:45.613,0.93636,0.9367,1.09,2.25
2011.03.14 10:24:46.066,0.93634,0.93667,2.25,2.25
2011.03.14 10:24:46.173,0.9363,0.93663,3.15,2.25
2011.03.14 10:24:46.505,0.93633,0.93663,1.28,2.25
2011.03.14 10:24:46.613,0.93643,0.93672,2.25,2.25
2011.03.14 10:24:47.433,0.93637,0.93671,2.25,2.25
2011.03.14 10:24:47.544,0.93639,0.93672,2.25,2.82
2011.03.14 10:24:47.762,0.93637,0.93673,2.25,5.07
2011.03.14 10:24:48.483,0.93636,0.93672,2.78,2.44
2011.03.14 10:24:48.703,0.93638,0.93672,1.13,2.25
2011.03.14 10:24:48.813,0.93647,0.9368,2.25,2.44
2011.03.14 10:24:50.375,0.93645,0.93676,2.25,2.25
2011.03.14 10:24:50.705,0.93643,0.93673,3.00,2.25
2011.03.14 10:24:51.033,0.93641,0.93676,3.15,2.44
2011.03.14 10:24:51.142,0.93641,0.93673,3.15,2.25
2011.03.14 10:24:51.473,0.93653,0.93682,2.25,2.25
2011.03.14 10:24:51.695,0.93653,0.93688,2.25,2.82
2011.03.14 10:24:52.023,0.93654,0.93689,2.25,4.50
2011.03.14 10:24:52.133,0.93656,0.93691,2.25,2.25
2011.03.14 10:24:54.339,0.93656,0.93691,2.44,2.25
2011.03.14 10:24:54.564,0.93664,0.93697,2.25,2.25
2011.03.14 10:24:54.673,0.93665,0.937,2.25,2.40
2011.03.14 10:24:55.015,0.93659,0.93692,2.44,2.25
2011.03.14 10:24:55.343,0.93656,0.93689,2.93,2.25
2011.03.14 10:24:55.452,0.93656,0.93689,2.78,2.25
2011.03.14 10:24:55.562,0.93656,0.93691,2.78,2.25
2011.03.14 10:24:56.113,0.93658,0.93691,2.25,2.25
2011.03.14 10:24:56.632,0.93657,0.9369,2.63,2.25
2011.03.14 10:24:57.073,0.93657,0.93692,2.63,2.25
2011.03.14 10:24:57.912,0.93657,0.93692,3.72,2.25
2011.03.14 10:24:58.245,0.93667,0.937,2.25,2.97
2011.03.14 10:24:58.462,0.93667,0.937,2.25,2.97
2011.03.14 10:24:58.683,0.93659,0.93692,2.25,4.50
2011.03.14 10:25:00.263,0.93666,0.93701,2.25,5.22
2011.03.14 10:25:00.592,0.93666,0.93692,2.25,2.25
2011.03.14 10:25:01.063,0.93664,0.93692,2.25,2.25
2011.03.14 10:25:01.172,0.9366,0.93692,2.25,2.25
2011.03.14 10:25:01.502,0.93657,0.93686,2.25,2.25
2011.03.14 10:25:01.612,0.9365,0.93686,2.44,2.25
2011.03.14 10:25:01.722,0.93651,0.93686,1.32,2.25
2011.03.14 10:25:01.944,0.93654,0.93689,2.63,4.50
2011.03.14 10:25:02.054,0.93654,0.93689,2.25,2.25
2011.03.14 10:25:02.383,0.93652,0.93682,2.63,2.25
2011.03.14 10:25:02.604,0.93648,0.93684,1.32,4.50
2011.03.14 10:25:02.935,0.93648,0.93686,1.32,2.25
2011.03.14 10:25:03.373,0.93648,0.93682,1.32,2.25
2011.03.14 10:25:03.927,0.93648,0.93681,1.32,2.25
2011.03.14 10:25:04.265,0.93654,0.93681,1.32,2.25
2011.03.14 10:25:04.484,0.93654,0.93688,1.32,2.25
2011.03.14 10:25:04.705,0.9365,0.93683,1.09,2.25
2011.03.14 10:25:04.814,0.93646,0.93682,1.47,2.25
2011.03.14 10:25:05.363,0.93649,0.93681,2.44,2.25
2011.03.14 10:25:05.473,0.93654,0.93687,2.25,2.25
2011.03.14 10:25:06.643,0.93653,0.93686,2.25,2.25
2011.03.14 10:25:07.612,0.93653,0.93688,2.63,2.25
2011.03.14 10:25:07.722,0.93653,0.93688,3.00,2.25
2011.03.14 10:25:07.944,0.93658,0.93688,1.32,2.25
2011.03.14 10:25:08.052,0.93666,0.93702,2.25,2.78
2011.03.14 10:25:08.163,0.93666,0.93702,2.25,2.63
2011.03.14 10:25:08.384,0.9366,0.93696,2.25,2.25
2011.03.14 10:25:08.822,0.93659,0.93693,2.25,2.25
2011.03.14 10:25:09.152,0.93657,0.93691,2.59,2.25
2011.03.14 10:25:10.073,0.93655,0.93689,2.82,2.25
2011.03.14 10:25:10.293,0.93655,0.93689,2.25,2.25
2011.03.14 10:25:10.403,0.93654,0.93687,3.00,2.25
2011.03.14 10:25:10.811,0.93654,0.93687,3.15,2.25
2011.03.14 10:25:10.922,0.93654,0.93687,3.00,2.25
2011.03.14 10:25:11.394,0.93654,0.93687,1.13,2.25
2011.03.14 10:25:11.613,0.93661,0.93695,2.25,2.25
2011.03.14 10:25:12.272,0.93658,0.93689,2.44,2.25
2011.03.14 10:25:12.502,0.93655,0.93689,2.78,2.25
2011.03.14 10:25:13.342,0.93654,0.93687,1.28,2.25
2011.03.14 10:25:13.562,0.93655,0.93689,2.78,2.25
2011.03.14 10:25:14.095,0.93655,0.93689,2.63,2.25
2011.03.14 10:25:14.483,0.93655,0.93689,2.78,2.25
2011.03.14 10:25:15.646,0.93655,0.93689,2.63,2.25
2011.03.14 10:25:16.252,0.93655,0.93689,2.78,2.25
2011.03.14 10:25:17.603,0.93655,0.93691,2.78,2.25
2011.03.14 10:25:19.913,0.93657,0.93691,2.25,2.25
2011.03.14 10:25:21.155,0.93656,0.9369,2.40,2.25
2011.03.14 10:25:21.744,0.93668,0.93693,2.25,2.25
2011.03.14 10:25:21.964,0.9366,0.93696,2.82,2.25
2011.03.14 10:25:22.183,0.93658,0.93692,1.13,2.25
2011.03.14 10:25:22.293,0.93657,0.93692,2.78,2.25
2011.03.14 10:25:23.323,0.93657,0.93693,4.88,2.25
2011.03.14 10:25:23.867,0.93658,0.93692,2.25,2.25
2011.03.14 10:25:23.974,0.93661,0.93692,2.40,2.25
2011.03.14 10:25:24.253,0.93663,0.93697,2.25,2.25
2011.03.14 10:25:25.563,0.93659,0.93693,2.25,2.25
2011.03.14 10:25:25.674,0.9366,0.93696,2.25,2.25
2011.03.14 10:25:25.784,0.9366,0.93693,2.40,2.25
2011.03.14 10:25:26.002,0.93655,0.9369,2.40,2.25
2011.03.14 10:25:26.722,0.93657,0.9369,3.19,2.25
2011.03.14 10:25:26.834,0.9367,0.93705,2.63,2.25
2011.03.14 10:25:27.053,0.93672,0.93708,2.63,2.25
2011.03.14 10:25:27.273,0.93671,0.93704,2.25,2.25
2011.03.14 10:25:27.602,0.93666,0.93701,2.82,2.25
2011.03.14 10:25:27.932,0.93665,0.937,2.25,2.25
2011.03.14 10:25:28.042,0.93664,0.93696,1.13,2.25
2011.03.14 10:25:29.293,0.93664,0.93697,1.13,4.50
2011.03.14 10:25:32.383,0.9367,0.93697,2.63,2.25
2011.03.14 10:25:32.492,0.93671,0.93706,2.63,2.25
2011.03.14 10:25:32.603,0.93676,0.93707,2.25,2.25
2011.03.14 10:25:32.713,0.93679,0.93712,2.25,2.63
2011.03.14 10:25:32.822,0.93676,0.93701,2.25,2.25
2011.03.14 10:25:32.933,0.93668,0.93701,2.25,2.25
2011.03.14 10:25:33.042,0.93666,0.93699,4.65,2.25
2011.03.14 10:25:33.592,0.93665,0.937,2.78,4.50
2011.03.14 10:25:34.373,0.93665,0.93698,2.63,2.25
2011.03.14 10:25:34.973,0.93666,0.93698,1.32,2.25
2011.03.14 10:25:35.083,0.93666,0.93698,1.32,2.25
2011.03.14 10:25:35.193,0.93681,0.93713,2.25,2.97
2011.03.14 10:25:35.303,0.93678,0.93704,2.25,2.25
2011.03.14 10:25:35.523,0.93668,0.937,2.63,2.25
2011.03.14 10:25:37.114,0.93669,0.93702,2.25,2.25
2011.03.14 10:25:37.223,0.93667,0.937,2.78,2.25
2011.03.14 10:25:37.682,0.93667,0.937,3.15,2.25
2011.03.14 10:25:37.793,0.93682,0.93702,2.25,2.25
2011.03.14 10:25:37.904,0.93678,0.9371,1.32,2.25
2011.03.14 10:25:39.044,0.93678,0.93711,2.82,2.25
2011.03.14 10:25:42.122,0.93678,0.93713,2.82,2.25
2011.03.14 10:25:42.233,0.93678,0.93713,2.97,2.25
2011.03.14 10:25:42.452,0.93678,0.93713,2.82,2.25
2011.03.14 10:25:42.782,0.93678,0.93713,2.97,2.25
2011.03.14 10:25:43.011,0.93678,0.93713,2.82,2.25
2011.03.14 10:25:43.187,0.93678,0.93713,2.97,2.25
2011.03.14 10:25:43.292,0.9368,0.93713,2.25,2.25
2011.03.14 10:25:44.085,0.9368,0.93713,2.40,2.25
2011.03.14 10:25:44.523,0.93677,0.93712,2.82,2.25
2011.03.14 10:25:44.885,0.93676,0.9371,4.50,2.25
2011.03.14 10:25:45.523,0.93675,0.93709,2.25,2.25
2011.03.14 10:25:46.206,0.93675,0.93709,2.40,2.25
2011.03.14 10:25:47.537,0.93675,0.93709,2.40,2.25
2011.03.14 10:25:47.754,0.93672,0.93706,2.25,2.25
2011.03.14 10:25:47.865,0.93672,0.93708,2.25,2.25
2011.03.14 10:25:48.374,0.93673,0.93707,2.25,2.25
2011.03.14 10:25:49.839,0.93672,0.93706,2.25,2.25
2011.03.14 10:25:51.193,0.93673,0.93706,2.25,2.25
2011.03.14 10:25:51.302,0.93669,0.93703,2.82,2.25
2011.03.14 10:25:52.024,0.9367,0.93704,2.63,2.25
2011.03.14 10:25:53.245,0.93668,0.93702,2.25,2.25
2011.03.14 10:25:53.572,0.93666,0.937,2.25,2.25
2011.03.14 10:25:56.133,0.9367,0.93704,2.25,2.25
2011.03.14 10:25:56.566,0.9367,0.937,2.25,2.25
2011.03.14 10:25:56.676,0.9367,0.93702,2.25,2.25
2011.03.14 10:25:56.893,0.93666,0.937,2.25,2.25
2011.03.14 10:25:57.223,0.93667,0.93701,3.00,2.25
2011.03.14 10:25:57.334,0.93678,0.93712,2.25,2.63
2011.03.14 10:25:57.443,0.93678,0.93706,2.25,2.25
2011.03.14 10:25:57.554,0.93669,0.93703,2.25,2.25
2011.03.14 10:25:57.883,0.93668,0.93701,2.25,2.25
2011.03.14 10:25:58.213,0.93661,0.93695,2.25,2.25
2011.03.14 10:25:58.322,0.93659,0.93695,2.25,2.25
2011.03.14 10:25:58.433,0.93659,0.93693,2.25,2.25
2011.03.14 10:25:58.873,0.93658,0.93691,2.25,2.25
2011.03.14 10:25:59.202,0.93658,0.93689,2.25,2.25
2011.03.14 10:25:59.792,0.93653,0.93689,3.72,2.25
2011.03.14 10:26:00.122,0.93653,0.93686,3.72,2.25
2011.03.14 10:26:00.455,0.93669,0.93692,2.25,2.25
2011.03.14 10:26:00.564,0.93658,0.93694,4.50,2.25
2011.03.14 10:26:01.097,0.93658,0.93693,2.40,2.25
2011.03.14 10:26:01.204,0.93658,0.93693,2.25,2.25
2011.03.14 10:26:01.335,0.93658,0.93693,2.63,2.25
2011.03.14 10:26:02.045,0.93658,0.93692,2.63,2.25
2011.03.14 10:26:02.592,0.93658,0.93692,2.63,2.25
2011.03.14 10:26:02.977,0.93658,0.93692,2.78,2.25
2011.03.14 10:26:03.566,0.93658,0.93692,2.78,2.25
2011.03.14 10:26:03.783,0.93661,0.93696,1.09,2.25
2011.03.14 10:26:03.893,0.9366,0.93696,2.40,2.25
2011.03.14 10:26:04.444,0.93661,0.93693,2.25,2.25
2011.03.14 10:26:04.553,0.93656,0.93692,2.25,2.25
2011.03.14 10:26:04.662,0.93656,0.93688,2.25,2.25
2011.03.14 10:26:04.772,0.93653,0.93686,2.25,2.25
2011.03.14 10:26:05.774,0.93652,0.93685,2.40,2.25
2011.03.14 10:26:06.212,0.93652,0.93687,2.40,4.50
2011.03.14 10:26:06.494,0.93652,0.93687,2.63,2.25
2011.03.14 10:26:06.875,0.93656,0.93688,2.44,2.25
2011.03.14 10:26:07.222,0.93656,0.93692,2.97,2.25
2011.03.14 10:26:07.333,0.93658,0.93694,2.63,2.25
2011.03.14 10:26:07.663,0.93658,0.93694,4.88,2.25
2011.03.14 10:26:07.774,0.93657,0.9369,2.97,2.25
2011.03.14 10:26:08.832,0.93654,0.93689,3.72,2.25
2011.03.14 10:26:09.575,0.93654,0.93687,3.57,2.25
2011.03.14 10:26:10.146,0.93655,0.9369,2.97,2.25
2011.03.14 10:26:10.252,0.93655,0.9369,3.12,2.25
2011.03.14 10:26:10.362,0.93655,0.9369,2.97,2.25
2011.03.14 10:26:11.247,0.93655,0.9369,3.12,2.25
2011.03.14 10:26:11.463,0.93658,0.9369,2.25,2.25
2011.03.14 10:26:11.574,0.93663,0.93698,2.25,2.25
2011.03.14 10:26:11.792,0.93661,0.9369,2.25,2.25
2011.03.14 10:26:12.042,0.93655,0.9369,2.97,2.25
2011.03.14 10:26:13.463,0.93657,0.93693,2.97,2.25
2011.03.14 10:26:14.012,0.9366,0.93694,2.63,2.25
2011.03.14 10:26:14.564,0.9366,0.93696,2.78,2.25
2011.03.14 10:26:14.673,0.93662,0.93698,2.25,2.25
2011.03.14 10:26:15.002,0.93661,0.93695,2.40,2.25
2011.03.14 10:26:15.113,0.93662,0.93698,2.25,2.25
2011.03.14 10:26:15.276,0.93659,0.93695,2.78,2.25
2011.03.14 10:26:15.823,0.93661,0.93695,2.40,2.25
2011.03.14 10:26:16.373,0.9366,0.93694,2.78,2.25
2011.03.14 10:26:16.957,0.93661,0.93695,2.78,2.25
2011.03.14 10:26:19.514,0.93659,0.93695,2.78,2.25
2011.03.14 10:26:19.622,0.93659,0.93695,2.78,2.25
2011.03.14 10:26:19.843,0.93658,0.93693,1.28,2.25
2011.03.14 10:26:20.063,0.93662,0.93698,2.25,2.25
2011.03.14 10:26:20.174,0.93659,0.93693,2.78,2.25
2011.03.14 10:26:21.033,0.93663,0.93697,2.25,2.25
2011.03.14 10:26:21.302,0.93664,0.937,2.25,2.25
2011.03.14 10:26:21.883,0.93663,0.93699,2.25,2.25
2011.03.14 10:26:22.144,0.93663,0.93699,2.40,2.25
2011.03.14 10:26:23.205,0.93663,0.93699,2.55,2.25
2011.03.14 10:26:24.137,0.93663,0.93696,2.63,2.25
2011.03.14 10:26:24.244,0.93664,0.93694,1.32,2.25
2011.03.14 10:26:24.464,0.93667,0.93698,2.82,2.25
2011.03.14 10:26:24.573,0.9367,0.93705,2.25,2.25
2011.03.14 10:26:24.684,0.93671,0.93706,2.63,2.25
2011.03.14 10:26:25.354,0.93672,0.93708,2.63,2.25
2011.03.14 10:26:26.312,0.93677,0.93709,2.25,2.25
2011.03.14 10:26:26.423,0.93677,0.93713,2.25,2.25
2011.03.14 10:26:26.534,0.93679,0.93712,2.25,2.25
2011.03.14 10:26:28.273,0.93676,0.93712,2.25,2.25
2011.03.14 10:26:29.983,0.93684,0.93714,2.25,2.25
2011.03.14 10:26:30.093,0.93678,0.93712,2.25,2.25
2011.03.14 10:26:30.202,0.93678,0.93714,2.25,2.25
2011.03.14 10:26:30.313,0.93676,0.93712,2.25,2.25
2011.03.14 10:26:30.946,0.93677,0.93713,2.25,2.25
2011.03.14 10:26:31.382,0.93676,0.9371,2.40,2.25
2011.03.14 10:26:31.882,0.93674,0.9371,2.55,2.25
2011.03.14 10:26:32.213,0.93683,0.93717,2.25,2.25
2011.03.14 10:26:32.542,0.93683,0.93717,2.25,2.63
2011.03.14 10:26:32.762,0.93677,0.9371,2.40,2.25
2011.03.14 10:26:32.983,0.93675,0.93709,2.25,2.25
2011.03.14 10:26:33.094,0.93671,0.93704,2.40,2.25
2011.03.14 10:26:33.312,0.93674,0.93707,2.25,2.25
2011.03.14 10:26:33.922,0.93678,0.93707,2.25,2.25
2011.03.14 10:26:34.143,0.93687,0.93722,2.25,4.88
2011.03.14 10:26:34.254,0.93687,0.93715,2.25,2.25
2011.03.14 10:26:34.364,0.93681,0.93716,2.25,2.40
2011.03.14 10:26:34.474,0.93681,0.93716,2.25,2.25
2011.03.14 10:26:34.802,0.93681,0.93714,2.25,2.25
2011.03.14 10:26:35.254,0.93678,0.93711,4.88,2.25
2011.03.14 10:26:35.863,0.93678,0.93712,2.63,2.25
2011.03.14 10:26:37.022,0.93678,0.93713,4.88,4.50
2011.03.14 10:26:37.572,0.93682,0.93715,2.25,2.25
2011.03.14 10:26:38.176,0.93681,0.93716,2.25,2.25
2011.03.14 10:26:38.718,0.93679,0.93714,2.63,2.25
2011.03.14 10:26:40.552,0.93678,0.93712,2.25,2.25
2011.03.14 10:26:40.877,0.93678,0.93712,2.40,2.25
2011.03.14 10:26:41.146,0.93678,0.93712,2.25,2.25
2011.03.14 10:26:41.832,0.93677,0.93709,2.25,2.25
2011.03.14 10:26:42.383,0.93672,0.93707,3.72,2.25
2011.03.14 10:26:43.135,0.93672,0.93707,3.87,2.25
2011.03.14 10:26:43.462,0.93672,0.93705,3.57,2.25
2011.03.14 10:26:45.794,0.93672,0.93705,2.25,2.25
2011.03.14 10:26:46.934,0.9367,0.93705,2.82,2.25
2011.03.14 10:26:47.043,0.93673,0.93705,2.25,2.25
2011.03.14 10:26:47.592,0.93671,0.93704,2.82,2.25
2011.03.14 10:26:48.644,0.93671,0.93704,2.59,2.25
2011.03.14 10:26:48.862,0.93669,0.93703,3.00,2.25
2011.03.14 10:26:49.192,0.93668,0.937,2.25,2.25
2011.03.14 10:26:51.223,0.93668,0.937,2.40,2.25
2011.03.14 10:26:51.463,0.93668,0.937,2.25,2.25
2011.03.14 10:26:51.575,0.93668,0.93702,2.25,2.25
2011.03.14 10:26:51.684,0.93668,0.93702,2.63,2.25
2011.03.14 10:26:51.793,0.9367,0.93706,2.63,2.25
2011.03.14 10:26:52.343,0.9367,0.93703,2.63,2.25
2011.03.14 10:26:52.454,0.93668,0.93702,2.25,2.25
2011.03.14 10:26:52.674,0.93666,0.93702,2.40,2.25
2011.03.14 10:26:52.784,0.93665,0.93696,2.44,2.25
2011.03.14 10:26:53.112,0.93667,0.93701,5.03,2.25
2011.03.14 10:26:53.582,0.9367,0.93704,2.25,4.50
2011.03.14 10:26:53.803,0.9367,0.93704,2.82,2.25
2011.03.14 10:26:54.994,0.93672,0.93705,2.63,2.25
2011.03.14 10:27:00.594,0.93671,0.93704,2.78,2.25
2011.03.14 10:27:03.744,0.93671,0.93704,2.93,2.25
2011.03.14 10:27:03.853,0.93671,0.93706,2.93,2.25
2011.03.14 10:27:04.874,0.93671,0.93706,2.78,2.25
2011.03.14 10:27:05.265,0.93671,0.93706,2.93,2.25
2011.03.14 10:27:05.813,0.93672,0.93705,2.93,2.25
2011.03.14 10:27:06.364,0.93671,0.93706,2.93,2.25
2011.03.14 10:27:08.440,0.93671,0.93706,2.78,2.25
2011.03.14 10:27:10.003,0.93668,0.93704,3.38,2.25
2011.03.14 10:27:10.223,0.9367,0.93702,1.32,2.25
2011.03.14 10:27:10.444,0.93678,0.93712,2.44,2.25
2011.03.14 10:27:10.553,0.93678,0.93714,2.82,2.25
2011.03.14 10:27:10.882,0.93685,0.93715,2.25,2.25
2011.03.14 10:27:11.215,0.93683,0.93715,2.25,2.25
2011.03.14 10:27:11.322,0.93684,0.93719,2.25,2.25
2011.03.14 10:27:13.154,0.93683,0.93718,2.25,2.25
2011.03.14 10:27:13.483,0.93685,0.93718,2.25,2.25
2011.03.14 10:27:14.063,0.93685,0.93712,2.25,2.25
2011.03.14 10:27:14.173,0.93683,0.93712,4.50,2.25
2011.03.14 10:27:14.283,0.93679,0.93715,2.59,2.25
2011.03.14 10:27:14.393,0.93682,0.93718,2.40,2.25
2011.03.14 10:27:14.502,0.9368,0.93714,2.40,2.25
2011.03.14 10:27:14.722,0.93682,0.93716,2.40,2.25
2011.03.14 10:27:14.832,0.93682,0.93718,2.40,2.25
2011.03.14 10:27:16.385,0.93687,0.93721,2.25,2.82
2011.03.14 10:27:16.602,0.93685,0.93718,2.25,2.25
2011.03.14 10:27:16.932,0.93682,0.93718,2.40,2.25
2011.03.14 10:27:17.913,0.93682,0.93716,2.40,2.25
2011.03.14 10:27:18.393,0.93682,0.93716,2.59,2.25
2011.03.14 10:27:18.724,0.93684,0.93719,2.44,2.25
2011.03.14 10:27:19.413,0.93682,0.93718,2.59,2.25
2011.03.14 10:27:19.834,0.93682,0.93718,2.97,2.25
2011.03.14 10:27:19.944,0.9369,0.93723,2.25,2.25
2011.03.14 10:27:20.382,0.9369,0.93723,2.82,2.25
2011.03.14 10:27:20.713,0.93694,0.93727,2.25,2.25
2011.03.14 10:27:21.395,0.93693,0.93726,2.25,2.25
2011.03.14 10:27:27.724,0.93693,0.93726,2.40,2.25
2011.03.14 10:27:28.063,0.93697,0.93729,2.25,2.25
2011.03.14 10:27:28.175,0.93697,0.93731,4.50,2.25
2011.03.14 10:27:28.753,0.93698,0.93731,2.25,3.19
2011.03.14 10:27:29.083,0.93686,0.9372,2.40,2.25
2011.03.14 10:27:29.909,0.93686,0.9372,2.40,2.25
2011.03.14 10:27:30.313,0.93687,0.93721,3.72,2.25
2011.03.14 10:27:30.422,0.93694,0.93728,2.25,3.00
2011.03.14 10:27:30.533,0.9369,0.93726,2.44,2.25
2011.03.14 10:27:30.753,0.9369,0.93726,2.40,2.25
2011.03.14 10:27:31.302,0.93689,0.93725,2.40,2.25
2011.03.14 10:27:31.962,0.93695,0.93728,2.25,2.25
2011.03.14 10:27:32.707,0.93694,0.93727,2.25,2.25
2011.03.14 10:27:34.682,0.93694,0.93727,2.40,2.25
2011.03.14 10:27:34.903,0.93694,0.93727,2.25,2.25
2011.03.14 10:27:35.123,0.93694,0.93729,2.25,2.63
2011.03.14 10:27:35.564,0.93694,0.93727,2.25,2.25
2011.03.14 10:27:38.682,0.93691,0.93725,2.40,2.25
2011.03.14 10:27:39.135,0.93689,0.93724,2.55,2.25
2011.03.14 10:27:39.465,0.93689,0.93724,2.40,2.25
2011.03.14 10:27:40.755,0.93693,0.93726,2.40,2.25
2011.03.14 10:27:40.863,0.93693,0.93726,2.25,2.25
2011.03.14 10:27:41.242,0.93693,0.93726,2.40,2.25
2011.03.14 10:27:41.896,0.93691,0.93726,2.40,2.25
2011.03.14 10:27:42.365,0.93688,0.93723,2.40,2.25
2011.03.14 10:27:43.601,0.93688,0.93723,2.40,2.25
2011.03.14 10:27:44.044,0.93692,0.93726,2.25,2.25
2011.03.14 10:27:44.154,0.93692,0.93728,2.25,2.25
2011.03.14 10:27:44.435,0.93692,0.93726,2.25,2.25
2011.03.14 10:27:44.653,0.93692,0.93728,2.25,2.25
2011.03.14 10:27:45.036,0.93692,0.93728,2.55,2.25
2011.03.14 10:27:46.883,0.93692,0.93728,2.25,2.25
2011.03.14 10:27:47.103,0.9369,0.93726,2.40,2.25
2011.03.14 10:27:48.074,0.9369,0.93726,2.40,2.25
2011.03.14 10:27:53.223,0.9369,0.93726,2.40,2.25
2011.03.14 10:27:53.822,0.93692,0.93726,2.25,2.25
2011.03.14 10:27:54.159,0.93692,0.93726,2.40,2.25
2011.03.14 10:27:55.371,0.93692,0.93726,2.40,2.25
2011.03.14 10:27:55.823,0.93688,0.93724,2.97,4.50
2011.03.14 10:27:56.153,0.93688,0.93724,2.44,2.25
2011.03.14 10:27:56.263,0.93688,0.93724,2.59,2.25
2011.03.14 10:27:56.793,0.93687,0.93723,5.37,2.25
2011.03.14 10:27:59.053,0.93687,0.93723,4.65,2.25
2011.03.14 10:27:59.382,0.93686,0.9372,2.40,2.25
2011.03.14 10:27:59.873,0.93688,0.93722,2.25,2.25
2011.03.14 10:28:00.313,0.93688,0.9372,2.25,2.25
2011.03.14 10:28:00.533,0.93686,0.9372,2.25,2.25
2011.03.14 10:28:00.753,0.93684,0.93718,2.40,2.25
2011.03.14 10:28:01.294,0.93686,0.93719,2.40,2.25
2011.03.14 10:28:01.622,0.93687,0.93721,2.25,2.25
2011.03.14 10:28:01.933,0.93685,0.93719,4.50,2.25
2011.03.14 10:28:02.482,0.93686,0.9372,2.25,2.25
2011.03.14 10:28:02.992,0.93687,0.93722,2.25,2.25
2011.03.14 10:28:03.352,0.93685,0.93721,2.25,2.25
2011.03.14 10:28:04.076,0.93685,0.93721,2.78,2.25
2011.03.14 10:28:04.182,0.93692,0.93722,2.25,2.25
2011.03.14 10:28:04.293,0.93692,0.93728,2.25,2.44
2011.03.14 10:28:04.623,0.93692,0.93728,2.25,2.82
2011.03.14 10:28:04.844,0.93689,0.93722,2.25,2.25
2011.03.14 10:28:04.952,0.93687,0.93721,2.25,2.25
2011.03.14 10:28:06.324,0.93686,0.9372,2.25,2.25
2011.03.14 10:28:06.940,0.93686,0.9372,2.40,2.25
2011.03.14 10:28:08.053,0.93687,0.93721,2.40,2.25
2011.03.14 10:28:11.795,0.93685,0.9372,2.25,2.25
2011.03.14 10:28:12.233,0.93683,0.93717,2.44,2.25
2011.03.14 10:28:12.817,0.93682,0.93716,2.44,2.25
2011.03.14 10:28:13.166,0.93682,0.93716,4.99,2.25
2011.03.14 10:28:13.274,0.93683,0.93718,2.82,2.25
2011.03.14 10:28:13.383,0.93688,0.93718,2.25,2.25
2011.03.14 10:28:13.495,0.93688,0.93721,2.25,2.25
2011.03.14 10:28:14.044,0.93688,0.93723,4.50,2.25
2011.03.14 10:28:15.170,0.93688,0.93723,4.65,2.25
2011.03.14 10:28:15.883,0.93688,0.93723,4.50,2.25
2011.03.14 10:28:16.212,0.93688,0.93721,2.25,2.25
2011.03.14 10:28:18.034,0.93691,0.93724,2.25,2.25
2011.03.14 10:28:18.854,0.93693,0.93728,2.25,2.44
2011.03.14 10:28:20.904,0.93693,0.93728,2.25,2.25
2011.03.14 10:28:21.535,0.93694,0.93729,2.25,2.25
2011.03.14 10:28:22.386,0.93694,0.93729,2.63,2.25
2011.03.14 10:28:22.603,0.93698,0.93732,4.50,2.25
2011.03.14 10:28:22.714,0.937,0.93734,2.25,4.84
2011.03.14 10:28:22.823,0.93697,0.93731,2.25,4.88
2011.03.14 10:28:22.932,0.93694,0.93728,2.25,2.25
2011.03.14 10:28:23.864,0.93698,0.93732,2.25,2.63
2011.03.14 10:28:24.085,0.93699,0.93734,2.25,2.25
2011.03.14 10:28:24.193,0.93699,0.93732,2.25,2.25
2011.03.14 10:28:24.744,0.93699,0.93733,2.25,2.25
2011.03.14 10:28:25.309,0.93697,0.9373,2.25,2.25
2011.03.14 10:28:25.523,0.93697,0.93733,4.88,2.25
2011.03.14 10:28:26.074,0.93699,0.93733,2.25,2.25
2011.03.14 10:28:27.131,0.93698,0.93732,2.25,2.25
2011.03.14 10:28:30.182,0.93699,0.93733,2.25,2.40
2011.03.14 10:28:30.514,0.93697,0.93731,6.75,2.25
2011.03.14 10:28:30.735,0.93698,0.93734,4.50,2.25
2011.03.14 10:28:31.966,0.93698,0.93734,4.50,2.40
2011.03.14 10:28:33.955,0.93699,0.93733,1.32,2.40
2011.03.14 10:28:34.724,0.93699,0.93731,1.32,2.25
2011.03.14 10:28:36.804,0.93699,0.93732,1.47,2.25
2011.03.14 10:28:37.885,0.93699,0.93731,2.07,2.25
2011.03.14 10:28:38.103,0.93699,0.93733,1.32,2.40
2011.03.14 10:28:38.982,0.93699,0.93732,1.32,2.25
2011.03.14 10:28:40.203,0.93699,0.93733,2.07,2.40
2011.03.14 10:28:40.972,0.93699,0.93732,1.32,2.25
2011.03.14 10:28:41.562,0.93699,0.93733,2.07,2.25
2011.03.14 10:28:42.132,0.93699,0.93732,1.32,2.25
2011.03.14 10:28:43.250,0.93699,0.93733,2.07,2.25
2011.03.14 10:28:43.581,0.93699,0.93731,2.07,2.25
2011.03.14 10:28:43.931,0.93699,0.93733,1.32,2.25
2011.03.14 10:28:47.812,0.93699,0.93731,1.32,2.25
2011.03.14 10:28:48.693,0.93699,0.93731,1.32,2.40
2011.03.14 10:28:49.291,0.93699,0.93731,1.32,2.25
2011.03.14 10:28:49.702,0.93698,0.93723,2.25,2.25
2011.03.14 10:28:49.812,0.93692,0.93722,1.32,2.25
2011.03.14 10:28:50.141,0.93692,0.93728,3.57,2.25
2011.03.14 10:28:51.283,0.93695,0.93724,2.25,2.25
2011.03.14 10:28:51.503,0.93688,0.93723,4.50,2.63
2011.03.14 10:28:51.943,0.93684,0.93718,2.25,2.25
2011.03.14 10:28:52.052,0.93682,0.93715,2.25,2.25
2011.03.14 10:28:52.403,0.93683,0.93718,2.63,2.25
2011.03.14 10:28:52.511,0.93683,0.93718,2.82,2.25
2011.03.14 10:28:53.514,0.93685,0.9372,2.82,2.25
2011.03.14 10:28:54.171,0.93687,0.9372,2.25,2.25
2011.03.14 10:28:54.731,0.93686,0.9372,2.44,2.25
2011.03.14 10:28:54.951,0.93685,0.93718,2.82,2.25
2011.03.14 10:28:56.711,0.93684,0.9372,2.97,2.25
2011.03.14 10:28:59.633,0.93685,0.93718,2.44,2.25
2011.03.14 10:28:59.962,0.93683,0.93715,2.82,2.25
2011.03.14 10:29:00.181,0.93687,0.93717,2.63,2.25
2011.03.14 10:29:00.401,0.93687,0.93719,2.63,4.50
2011.03.14 10:29:00.622,0.93687,0.93713,2.63,2.25
2011.03.14 10:29:01.062,0.93687,0.93718,2.25,2.40
2011.03.14 10:29:01.501,0.93687,0.9372,4.50,2.25
2011.03.14 10:29:01.831,0.93687,0.9372,2.25,2.40
2011.03.14 10:29:02.713,0.93682,0.93717,2.63,2.25
2011.03.14 10:29:02.932,0.93688,0.93719,2.25,2.25
2011.03.14 10:29:04.592,0.93688,0.93716,2.25,2.25
2011.03.14 10:29:05.436,0.93688,0.93715,2.25,2.25
2011.03.14 10:29:06.003,0.93682,0.93715,2.63,2.25
2011.03.14 10:29:06.111,0.93683,0.93718,2.63,2.25
2011.03.14 10:29:07.652,0.93687,0.93719,2.63,2.25
2011.03.14 10:29:07.872,0.93687,0.93721,2.25,2.25
2011.03.14 10:29:08.201,0.93687,0.93718,2.25,2.25
2011.03.14 10:29:09.642,0.93681,0.93716,2.63,2.25
2011.03.14 10:29:13.382,0.93688,0.93723,2.25,2.25
2011.03.14 10:29:13.492,0.93688,0.93716,2.25,2.25
2011.03.14 10:29:13.601,0.93681,0.93716,2.63,2.25
2011.03.14 10:29:13.712,0.93681,0.93714,2.63,2.25
2011.03.14 10:29:16.562,0.93685,0.93714,2.25,2.25
2011.03.14 10:29:17.482,0.93684,0.93718,2.63,2.25
2011.03.14 10:29:18.209,0.93683,0.93719,2.25,2.40
2011.03.14 10:29:18.432,0.93683,0.93714,2.25,2.25
2011.03.14 10:29:18.762,0.93683,0.93719,4.88,2.25
2011.03.14 10:29:18.983,0.93684,0.93712,2.63,2.25
2011.03.14 10:29:19.092,0.93685,0.9372,2.82,2.25
2011.03.14 10:29:19.641,0.93686,0.93719,2.82,2.25
2011.03.14 10:29:19.752,0.93686,0.93721,2.82,2.25
2011.03.14 10:29:20.241,0.93694,0.93722,2.25,2.25
2011.03.14 10:29:20.353,0.93688,0.93721,2.63,2.25
2011.03.14 10:29:20.462,0.93685,0.93718,5.07,2.25
2011.03.14 10:29:23.273,0.9369,0.93718,2.25,2.25
2011.03.14 10:29:23.383,0.93693,0.93726,2.25,2.25
2011.03.14 10:29:23.965,0.93683,0.93715,1.32,2.25
2011.03.14 10:29:26.142,0.93689,0.93722,2.63,2.25
2011.03.14 10:29:26.251,0.93689,0.93722,4.88,2.25
2011.03.14 10:29:26.362,0.93691,0.93724,2.63,2.25
2011.03.14 10:29:26.911,0.93691,0.93721,2.25,2.25
2011.03.14 10:29:27.022,0.93688,0.93719,2.25,2.25
2011.03.14 10:29:27.132,0.93685,0.9372,2.44,2.25
2011.03.14 10:29:29.677,0.93685,0.9372,2.59,2.25
2011.03.14 10:29:30.112,0.93691,0.93726,2.25,2.25
2011.03.14 10:29:30.444,0.93692,0.93727,2.82,2.25
2011.03.14 10:29:30.553,0.9369,0.93723,2.63,2.25
2011.03.14 10:29:30.664,0.93687,0.93723,4.84,2.25
2011.03.14 10:29:30.954,0.93687,0.93719,2.44,2.25
2011.03.14 10:29:31.281,0.93685,0.93712,1.32,2.25
2011.03.14 10:29:31.689,0.93685,0.93709,1.32,2.25
2011.03.14 10:29:31.952,0.93679,0.93708,1.32,2.25
2011.03.14 10:29:32.501,0.93679,0.93709,2.07,2.25
2011.03.14 10:29:33.053,0.93679,0.9371,2.07,2.25
2011.03.14 10:29:33.603,0.93679,0.93708,2.07,2.25
2011.03.14 10:29:34.041,0.93679,0.93714,3.57,2.25
2011.03.14 10:29:34.413,0.93678,0.93707,3.94,2.25
2011.03.14 10:29:34.524,0.93677,0.93707,3.19,2.25
2011.03.14 10:29:34.633,0.93677,0.93707,2.44,2.25
2011.03.14 10:29:34.742,0.93677,0.93709,2.44,2.25
2011.03.14 10:29:35.300,0.93675,0.93708,2.82,2.25
2011.03.14 10:29:36.163,0.93675,0.93709,2.82,2.25
2011.03.14 10:29:36.613,0.93674,0.93708,1.09,2.25
2011.03.14 10:29:36.724,0.93677,0.93708,2.82,2.25
2011.03.14 10:29:36.833,0.93687,0.93712,2.25,2.25
2011.03.14 10:29:36.942,0.93687,0.9372,2.25,2.40
2011.03.14 10:29:37.053,0.93682,0.93712,1.32,2.25
2011.03.14 10:29:37.382,0.93682,0.93714,1.32,2.25
2011.03.14 10:29:37.936,0.93682,0.93713,1.32,2.25
2011.03.14 10:29:38.932,0.93682,0.93713,1.32,2.25
2011.03.14 10:29:39.152,0.93687,0.93718,2.63,2.25
2011.03.14 10:29:39.261,0.93687,0.93722,2.63,2.25
2011.03.14 10:29:39.482,0.93687,0.93722,2.63,2.25
2011.03.14 10:29:40.228,0.93688,0.93723,2.63,2.25
2011.03.14 10:29:44.072,0.93688,0.93723,2.25,2.40
2011.03.14 10:29:44.182,0.93687,0.93716,2.44,2.25
2011.03.14 10:29:44.511,0.93687,0.93718,2.44,2.25
2011.03.14 10:29:45.032,0.93687,0.93716,2.25,2.25
2011.03.14 10:29:45.251,0.93682,0.93716,2.25,2.25
2011.03.14 10:29:48.822,0.9368,0.93716,2.40,2.25
2011.03.14 10:29:49.373,0.93682,0.93717,2.25,2.25
2011.03.14 10:29:49.483,0.93684,0.93718,2.25,2.25
2011.03.14 10:29:52.656,0.93681,0.93715,4.88,2.25
2011.03.14 10:29:53.249,0.9368,0.93714,2.63,2.25
2011.03.14 10:29:54.814,0.9368,0.93714,2.63,2.40
2011.03.14 10:29:55.181,0.93673,0.93709,2.82,2.25
2011.03.14 10:29:57.264,0.93673,0.93709,2.82,2.25
2011.03.14 10:29:57.483,0.9368,0.93714,2.25,2.25
2011.03.14 10:29:57.592,0.93682,0.93717,2.25,2.25
2011.03.14 10:29:57.922,0.93684,0.93718,2.25,2.40
2011.03.14 10:29:59.371,0.93683,0.93719,2.25,2.40
2011.03.14 10:30:00.242,0.93682,0.93716,2.78,2.25
2011.03.14 10:30:00.931,0.93683,0.93717,2.63,2.25
2011.03.14 10:30:01.774,0.93682,0.93716,2.63,2.25
2011.03.14 10:30:04.442,0.93682,0.93716,2.78,2.25
2011.03.14 10:30:04.891,0.93679,0.9371,1.47,2.25
2011.03.14 10:30:08.301,0.93681,0.93713,2.78,2.25
2011.03.14 10:30:08.543,0.93681,0.93715,2.78,2.25
2011.03.14 10:30:10.762,0.93681,0.93712,2.78,2.25
2011.03.14 10:30:11.351,0.93677,0.93711,2.82,2.25
2011.03.14 10:30:13.091,0.93676,0.93711,1.47,2.25
2011.03.14 10:30:13.312,0.93678,0.93705,2.44,2.25
2011.03.14 10:30:15.132,0.93674,0.93705,1.47,2.25
2011.03.14 10:30:15.711,0.93677,0.93705,2.63,2.25
2011.03.14 10:30:15.931,0.93677,0.93708,2.82,2.25
2011.03.14 10:30:16.354,0.93678,0.93708,2.44,2.25
2011.03.14 10:30:16.462,0.93678,0.93708,2.25,2.25
2011.03.14 10:30:16.573,0.93678,0.93706,2.25,2.25
2011.03.14 10:30:18.825,0.9367,0.93706,2.82,2.25
2011.03.14 10:30:20.222,0.9367,0.93704,2.97,2.25
2011.03.14 10:30:21.924,0.9367,0.93704,2.97,2.25
2011.03.14 10:30:22.472,0.93669,0.93702,1.32,2.25
2011.03.14 10:30:23.314,0.9367,0.93703,2.82,2.25
2011.03.14 10:30:24.271,0.93679,0.93703,2.25,2.25
2011.03.14 10:30:24.385,0.93684,0.93717,2.25,2.63
2011.03.14 10:30:24.712,0.93675,0.9371,2.25,2.25
2011.03.14 10:30:25.741,0.93677,0.9371,2.25,2.25
2011.03.14 10:30:26.085,0.93675,0.93707,2.25,2.25
2011.03.14 10:30:26.412,0.93671,0.93706,2.63,2.25
2011.03.14 10:30:26.631,0.93671,0.93704,2.63,2.25
2011.03.14 10:30:28.114,0.93671,0.93704,2.63,2.25
2011.03.14 10:30:28.646,0.93678,0.93705,2.25,2.25
2011.03.14 10:30:29.442,0.93678,0.93707,2.25,2.25
2011.03.14 10:30:29.882,0.93678,0.93713,2.25,2.25
2011.03.14 10:30:30.102,0.93676,0.93711,2.25,2.25
2011.03.14 10:30:30.572,0.93678,0.93711,2.25,2.25
2011.03.14 10:30:31.133,0.93682,0.93715,2.25,2.25
2011.03.14 10:30:31.703,0.93678,0.93711,2.25,2.25
2011.03.14 10:30:31.923,0.93676,0.93711,2.25,2.25
2011.03.14 10:30:32.143,0.93678,0.93711,2.25,2.25
2011.03.14 10:30:32.704,0.93677,0.9371,2.25,2.25
2011.03.14 10:30:33.032,0.93675,0.93709,2.25,2.25
2011.03.14 10:30:33.254,0.93674,0.93707,2.25,2.82
2011.03.14 10:30:33.583,0.93661,0.93695,2.78,2.25
2011.03.14 10:30:34.281,0.93657,0.93702,5.37,2.25
2011.03.14 10:30:34.603,0.93662,0.93702,1.09,2.25
2011.03.14 10:30:34.824,0.93671,0.93713,2.63,2.44
2011.03.14 10:30:35.372,0.93672,0.9371,2.25,1.32
2011.03.14 10:30:35.593,0.93667,0.93708,2.25,3.19
2011.03.14 10:30:36.092,0.93664,0.93702,2.25,2.44
2011.03.14 10:30:36.422,0.93662,0.93702,2.25,2.44
2011.03.14 10:30:36.641,0.93662,0.93702,2.63,2.44
2011.03.14 10:30:36.971,0.93668,0.93705,2.25,3.19
2011.03.14 10:30:38.212,0.93668,0.93707,2.25,2.25
2011.03.14 10:30:38.621,0.93668,0.93703,2.25,2.25
2011.03.14 10:30:40.042,0.93668,0.93701,2.25,2.25
2011.03.14 10:30:40.482,0.93668,0.93703,2.25,2.25
2011.03.14 10:30:40.922,0.93668,0.93695,2.25,2.25
2011.03.14 10:30:41.141,0.93668,0.93702,2.25,2.25
2011.03.14 10:30:42.443,0.93667,0.93702,2.25,2.25
2011.03.14 10:30:42.972,0.93667,0.93701,2.25,2.25
2011.03.14 10:30:43.542,0.93667,0.937,2.25,2.25
2011.03.14 10:30:43.653,0.93667,0.937,2.63,2.25
2011.03.14 10:30:43.762,0.9367,0.93706,2.63,2.25
2011.03.14 10:30:44.131,0.93673,0.93707,2.25,2.25
2011.03.14 10:30:44.952,0.9367,0.93704,2.25,2.25
2011.03.14 10:30:45.392,0.93669,0.93703,2.40,2.25
2011.03.14 10:30:45.807,0.93669,0.93703,2.25,2.25
2011.03.14 10:30:51.552,0.93667,0.93702,4.50,2.25
2011.03.14 10:30:51.661,0.93668,0.93704,2.25,2.25
2011.03.14 10:30:52.502,0.93668,0.937,2.25,2.25
2011.03.14 10:30:52.722,0.93665,0.93698,2.25,2.25
2011.03.14 10:30:52.832,0.93665,0.93698,2.40,2.25
2011.03.14 10:30:53.006,0.93665,0.93698,2.25,2.25
2011.03.14 10:30:54.653,0.93664,0.93697,2.25,2.25
2011.03.14 10:30:55.201,0.93665,0.93698,2.25,2.25
2011.03.14 10:30:56.131,0.93663,0.93698,4.50,2.25
2011.03.14 10:30:56.241,0.93665,0.93698,2.25,2.25
2011.03.14 10:30:56.572,0.93663,0.93698,2.25,2.25
2011.03.14 10:30:57.431,0.93664,0.93699,2.25,2.25
2011.03.14 10:30:57.883,0.93663,0.93698,2.40,2.25
2011.03.14 10:30:57.993,0.93661,0.93695,2.63,2.25
2011.03.14 10:30:58.544,0.93661,0.93692,2.63,2.25
2011.03.14 10:30:58.875,0.93658,0.9369,2.97,2.25
2011.03.14 10:31:00.192,0.9366,0.93692,2.97,2.25
2011.03.14 10:31:00.521,0.93658,0.93694,5.22,2.25
2011.03.14 10:31:00.962,0.93658,0.93692,2.97,2.25
2011.03.14 10:31:01.512,0.9366,0.93692,2.44,2.25
2011.03.14 10:31:01.844,0.9366,0.93692,2.59,2.25
2011.03.14 10:31:02.436,0.9366,0.93692,2.25,2.25
2011.03.14 10:31:02.543,0.93656,0.93683,2.40,2.25
2011.03.14 10:31:02.653,0.93656,0.93692,2.40,2.25
2011.03.14 10:31:02.762,0.93656,0.93683,2.40,2.25
2011.03.14 10:31:02.872,0.93656,0.9369,2.78,2.25
2011.03.14 10:31:02.982,0.93656,0.93692,2.78,4.50
2011.03.14 10:31:03.091,0.9366,0.93692,2.25,4.50
2011.03.14 10:31:03.449,0.93662,0.93697,2.25,2.25
2011.03.14 10:31:03.552,0.93668,0.93701,2.25,2.25
2011.03.14 10:31:05.971,0.93666,0.93701,4.50,2.25
2011.03.14 10:31:06.193,0.93661,0.93696,2.78,2.25
2011.03.14 10:31:06.582,0.93661,0.93693,2.25,2.25
2011.03.14 10:31:08.143,0.9366,0.93682,2.25,2.25
2011.03.14 10:31:08.252,0.93658,0.93682,2.25,2.25
2011.03.14 10:31:08.361,0.93658,0.93693,4.50,4.50
2011.03.14 10:31:08.762,0.93658,0.93691,2.25,2.25
2011.03.14 10:31:09.406,0.93654,0.93683,2.25,2.25
2011.03.14 10:31:09.733,0.93653,0.93687,2.63,2.25
2011.03.14 10:31:09.841,0.93655,0.93688,2.25,2.25
2011.03.14 10:31:10.613,0.93655,0.93682,2.25,2.25
2011.03.14 10:31:10.744,0.93653,0.93682,2.25,2.25
2011.03.14 10:31:11.304,0.93653,0.93686,2.63,2.25
2011.03.14 10:31:11.634,0.93662,0.93689,2.25,2.25
2011.03.14 10:31:11.743,0.93662,0.93692,2.25,2.25
2011.03.14 10:31:12.022,0.93659,0.93692,4.50,2.63
2011.03.14 10:31:12.351,0.93657,0.93683,2.25,2.25
2011.03.14 10:31:12.612,0.93654,0.93683,2.25,2.25
2011.03.14 10:31:13.162,0.93653,0.93683,2.25,2.25
2011.03.14 10:31:13.964,0.93652,0.93683,2.25,2.25
2011.03.14 10:31:15.944,0.93654,0.93683,2.25,2.25
2011.03.14 10:31:16.384,0.93656,0.93673,2.25,2.25
2011.03.14 10:31:16.494,0.9365,0.93673,2.25,2.25
2011.03.14 10:31:16.712,0.9365,0.93683,2.25,2.25
2011.03.14 10:31:17.063,0.93652,0.93683,2.25,2.25
2011.03.14 10:31:17.501,0.9365,0.93683,2.25,2.25
2011.03.14 10:31:17.612,0.93652,0.93683,2.25,2.25
2011.03.14 10:31:17.831,0.9365,0.93683,2.25,2.25
2011.03.14 10:31:18.381,0.93652,0.93683,2.25,2.25
2011.03.14 10:31:18.492,0.93649,0.93683,2.25,2.25
2011.03.14 10:31:18.713,0.93651,0.93683,2.25,2.25
2011.03.14 10:31:19.042,0.9365,0.93672,2.25,2.25
2011.03.14 10:31:19.831,0.93648,0.93672,2.25,2.25
2011.03.14 10:31:20.052,0.9365,0.93672,2.25,2.25
2011.03.14 10:31:20.822,0.93649,0.93672,2.25,2.25
2011.03.14 10:31:21.361,0.9365,0.93672,2.25,2.25
2011.03.14 10:31:21.802,0.93647,0.93672,2.25,2.25
2011.03.14 10:31:22.023,0.93652,0.93683,2.25,4.88
2011.03.14 10:31:22.242,0.93649,0.93673,4.50,2.25
2011.03.14 10:31:22.352,0.93649,0.93682,2.25,2.63
2011.03.14 10:31:22.901,0.9365,0.93683,2.25,4.88
2011.03.14 10:31:23.453,0.93649,0.93682,2.25,2.63
2011.03.14 10:31:23.892,0.93647,0.93682,2.25,4.88
2011.03.14 10:31:24.002,0.93649,0.93682,2.25,4.88
2011.03.14 10:31:24.552,0.93648,0.93681,2.25,2.63
2011.03.14 10:31:24.991,0.9365,0.93683,2.25,4.88
2011.03.14 10:31:25.101,0.93647,0.93682,2.25,2.63
2011.03.14 10:31:25.322,0.93649,0.93683,2.25,2.63
2011.03.14 10:31:25.432,0.93647,0.93682,2.25,2.63
2011.03.14 10:31:25.762,0.9365,0.93683,2.25,4.88
2011.03.14 10:31:26.152,0.93648,0.93683,2.25,4.88
2011.03.14 10:31:26.372,0.93652,0.93683,2.25,2.63
2011.03.14 10:31:26.591,0.93647,0.93677,2.25,2.25
2011.03.14 10:31:26.702,0.93645,0.93679,2.25,2.25
2011.03.14 10:31:26.813,0.93644,0.93674,2.25,2.25
2011.03.14 10:31:26.922,0.93641,0.93673,2.25,2.25
2011.03.14 10:31:27.471,0.93639,0.93673,2.25,4.50
2011.03.14 10:31:27.802,0.93642,0.93673,2.25,2.25
2011.03.14 10:31:27.912,0.93639,0.93673,2.25,4.50
2011.03.14 10:31:28.022,0.93641,0.93673,2.25,2.25
2011.03.14 10:31:28.132,0.93639,0.93673,2.25,4.50
2011.03.14 10:31:28.642,0.93642,0.93676,2.25,2.63
2011.03.14 10:31:28.754,0.93639,0.93673,2.25,2.25
2011.03.14 10:31:28.973,0.93642,0.93675,2.25,2.63
2011.03.14 10:31:29.303,0.93641,0.93672,2.25,2.25
2011.03.14 10:31:29.413,0.93639,0.93672,2.25,2.25
2011.03.14 10:31:29.632,0.93643,0.93676,2.25,2.63
2011.03.14 10:31:29.852,0.93638,0.93672,2.25,2.63
2011.03.14 10:31:30.293,0.93638,0.93672,2.25,2.63
2011.03.14 10:31:30.623,0.93638,0.93662,2.25,2.25
2011.03.14 10:31:30.952,0.93627,0.93653,2.25,2.25
2011.03.14 10:31:31.423,0.93625,0.93653,2.25,2.25
2011.03.14 10:31:31.533,0.93621,0.93653,2.25,2.25
2011.03.14 10:31:31.643,0.93623,0.93653,2.25,2.25
2011.03.14 10:31:31.862,0.93621,0.93653,2.25,2.25
2011.03.14 10:31:32.812,0.93623,0.93653,2.25,2.25
2011.03.14 10:31:33.854,0.93622,0.93653,2.25,2.25
2011.03.14 10:31:34.443,0.93621,0.93653,2.25,2.25
2011.03.14 10:31:35.003,0.93618,0.93653,2.25,4.88
2011.03.14 10:31:35.333,0.93621,0.93653,2.25,2.25
2011.03.14 10:31:35.881,0.93621,0.93656,2.25,2.63
2011.03.14 10:31:35.992,0.93623,0.93658,2.25,2.25
2011.03.14 10:31:36.942,0.93623,0.93656,2.25,2.25
2011.03.14 10:31:37.271,0.93626,0.93652,2.25,2.25
2011.03.14 10:31:37.382,0.93626,0.9366,2.25,2.25
2011.03.14 10:31:37.602,0.93628,0.93662,2.25,2.63
2011.03.14 10:31:37.823,0.93611,0.93642,2.25,2.25
2011.03.14 10:31:37.933,0.93611,0.93642,2.25,3.00
2011.03.14 10:31:38.042,0.93608,0.93642,2.25,3.19
2011.03.14 10:31:38.263,0.93608,0.93632,2.25,2.25
2011.03.14 10:31:38.594,0.93608,0.9363,2.25,2.25
2011.03.14 10:31:38.704,0.93592,0.93623,1.09,2.25
2011.03.14 10:31:38.815,0.93589,0.93623,3.19,2.25
2011.03.14 10:31:39.432,0.9359,0.93624,2.44,2.25
2011.03.14 10:31:40.063,0.93591,0.93625,2.44,2.25
2011.03.14 10:31:40.281,0.93592,0.93628,2.44,2.25
2011.03.14 10:31:40.391,0.9359,0.93623,2.44,2.25
2011.03.14 10:31:41.323,0.9359,0.93623,2.25,2.25
2011.03.14 10:31:41.873,0.93591,0.93623,2.25,2.25
2011.03.14 10:31:42.092,0.93596,0.93623,2.25,2.25
2011.03.14 10:31:42.423,0.93597,0.93627,2.25,2.25
2011.03.14 10:31:42.533,0.936,0.93626,2.25,2.25
2011.03.14 10:31:42.641,0.93594,0.9363,2.25,2.25
2011.03.14 10:31:43.013,0.9359,0.93626,2.82,2.25
2011.03.14 10:31:43.963,0.93589,0.93625,3.72,2.25
2011.03.14 10:31:44.292,0.93589,0.93623,3.72,2.25
2011.03.14 10:31:45.056,0.93589,0.93625,2.59,2.25
2011.03.14 10:31:45.162,0.93588,0.93622,7.09,2.25
2011.03.14 10:31:45.493,0.93588,0.93621,2.44,2.25
2011.03.14 10:31:46.043,0.93588,0.93621,2.59,2.25
2011.03.14 10:31:46.152,0.93588,0.93621,2.44,2.25
2011.03.14 10:31:46.482,0.93586,0.93618,1.47,2.25
2011.03.14 10:31:46.593,0.93587,0.93621,2.59,2.25
2011.03.14 10:31:47.033,0.93586,0.93618,1.09,2.25
2011.03.14 10:31:47.474,0.93583,0.93612,1.05,2.25
2011.03.14 10:31:47.582,0.93579,0.93612,2.74,2.25
2011.03.14 10:31:47.693,0.93579,0.93614,2.74,2.25
2011.03.14 10:31:47.912,0.93578,0.93611,2.74,2.25
2011.03.14 10:31:48.623,0.93582,0.93616,1.28,2.25
2011.03.14 10:31:48.733,0.9358,0.93611,1.09,2.25
2011.03.14 10:31:48.842,0.93576,0.93611,3.72,2.25
2011.03.14 10:31:48.953,0.93576,0.93611,3.49,2.25
2011.03.14 10:31:49.282,0.93575,0.93607,2.40,2.25
2011.03.14 10:31:49.501,0.93573,0.93605,1.47,2.25
2011.03.14 10:31:49.941,0.93575,0.93611,2.40,2.25
2011.03.14 10:31:50.051,0.93575,0.93611,2.55,2.25
2011.03.14 10:31:50.272,0.93575,0.93609,2.40,2.25
2011.03.14 10:31:50.382,0.93573,0.93607,1.47,2.25
2011.03.14 10:31:50.602,0.9358,0.93613,2.25,2.25
2011.03.14 10:31:51.214,0.9358,0.93612,2.25,2.25
2011.03.14 10:31:51.322,0.93576,0.9361,2.40,2.25
2011.03.14 10:31:51.432,0.93574,0.93603,2.40,2.25
2011.03.14 10:31:51.762,0.93571,0.93603,2.40,2.25
2011.03.14 10:31:53.282,0.93566,0.93602,3.34,2.25
2011.03.14 10:31:54.481,0.93566,0.93602,2.40,2.63
2011.03.14 10:31:54.593,0.93563,0.93592,2.40,2.25
2011.03.14 10:31:54.813,0.93562,0.93592,2.44,2.25
2011.03.14 10:31:55.914,0.93564,0.93592,2.25,2.25
2011.03.14 10:31:56.244,0.93563,0.93592,2.25,3.19
2011.03.14 10:31:56.356,0.93549,0.93582,3.00,2.25
2011.03.14 10:31:56.755,0.9354,0.9358,1.62,2.25
2011.03.14 10:31:56.862,0.93541,0.93584,3.12,2.25
2011.03.14 10:31:57.645,0.93541,0.93584,3.12,2.25
2011.03.14 10:31:57.862,0.9354,0.93582,1.62,2.25
2011.03.14 10:31:57.972,0.9354,0.93582,1.47,4.50
2011.03.14 10:31:58.081,0.9354,0.93582,1.62,4.50
2011.03.14 10:31:58.192,0.9354,0.93582,1.47,4.50
2011.03.14 10:31:58.301,0.9354,0.93582,1.62,4.50
2011.03.14 10:31:58.532,0.93539,0.93577,3.00,2.63
2011.03.14 10:31:58.643,0.93533,0.93572,2.59,2.25
2011.03.14 10:31:58.972,0.93532,0.93572,3.12,2.25
2011.03.14 10:31:59.302,0.93537,0.93575,2.40,2.25
2011.03.14 10:31:59.412,0.93537,0.93577,2.40,2.25
2011.03.14 10:31:59.523,0.93537,0.93579,2.40,2.25
2011.03.14 10:31:59.742,0.93537,0.93577,2.40,2.25
2011.03.14 10:32:00.257,0.93537,0.93577,2.70,2.25
2011.03.14 10:32:00.518,0.93537,0.93577,2.40,2.25
2011.03.14 10:32:00.766,0.93533,0.93572,1.62,2.25
2011.03.14 10:32:00.876,0.93539,0.93578,1.47,2.25
2011.03.14 10:32:01.702,0.93538,0.93577,1.09,2.25
2011.03.14 10:32:01.813,0.93538,0.93572,1.09,2.25
2011.03.14 10:32:02.252,0.93538,0.93571,1.24,2.25
2011.03.14 10:32:02.492,0.93538,0.93571,1.47,2.25
2011.03.14 10:32:02.711,0.9354,0.93573,2.97,2.25
2011.03.14 10:32:03.376,0.93543,0.93573,2.25,2.25
2011.03.14 10:32:03.592,0.93542,0.93573,2.74,2.25
2011.03.14 10:32:03.703,0.93542,0.93573,2.59,2.25
2011.03.14 10:32:03.813,0.93542,0.93577,2.97,2.25
2011.03.14 10:32:04.141,0.93542,0.93575,2.97,2.25
2011.03.14 10:32:04.254,0.93546,0.93581,2.25,2.25
2011.03.14 10:32:04.802,0.93547,0.93582,2.44,4.50
2011.03.14 10:32:05.262,0.93546,0.9358,5.07,2.25
2011.03.14 10:32:06.122,0.93542,0.93576,1.24,2.25
2011.03.14 10:32:07.043,0.93539,0.93574,3.15,2.25
2011.03.14 10:32:07.592,0.93537,0.93573,2.74,4.50
2011.03.14 10:32:08.484,0.93537,0.93571,2.74,2.25
2011.03.14 10:32:08.812,0.93536,0.93572,2.59,2.25
2011.03.14 10:32:09.412,0.93538,0.93573,2.44,2.25
2011.03.14 10:32:09.533,0.93538,0.93573,2.59,2.25
2011.03.14 10:32:10.943,0.93539,0.93571,2.40,2.25
2011.03.14 10:32:11.314,0.93539,0.93573,2.40,4.50
2011.03.14 10:32:14.915,0.93539,0.93573,2.40,4.88
2011.03.14 10:32:15.022,0.93539,0.93573,2.25,4.88
2011.03.14 10:32:15.132,0.93534,0.93569,2.59,2.25
2011.03.14 10:32:15.792,0.93538,0.93572,2.25,2.25
2011.03.14 10:32:18.251,0.93538,0.93572,2.40,2.25
2011.03.14 10:32:19.784,0.93538,0.93572,2.40,2.25
2011.03.14 10:32:21.005,0.93538,0.93572,2.55,2.25
2011.03.14 10:32:21.423,0.93538,0.93572,2.25,2.25
2011.03.14 10:32:21.641,0.9354,0.93573,2.25,2.25
2011.03.14 10:32:22.473,0.9354,0.93573,2.40,2.25
2011.03.14 10:32:23.653,0.93538,0.93573,2.25,2.25
2011.03.14 10:32:24.754,0.93538,0.93572,2.25,2.25
2011.03.14 10:32:25.834,0.93538,0.93572,2.40,2.25
2011.03.14 10:32:26.976,0.93538,0.93572,2.25,2.25
2011.03.14 10:32:27.081,0.93538,0.93572,2.40,2.25
2011.03.14 10:32:27.872,0.93538,0.93572,2.78,2.25
2011.03.14 10:32:28.202,0.93543,0.93576,2.25,2.25
2011.03.14 10:32:29.271,0.93543,0.93576,2.40,2.25
2011.03.14 10:32:31.572,0.93541,0.93573,2.55,2.25
2011.03.14 10:32:32.914,0.93541,0.93576,2.55,2.25
2011.03.14 10:32:33.241,0.93541,0.93572,4.80,2.25
2011.03.14 10:32:33.481,0.93541,0.93572,4.65,2.25
2011.03.14 10:32:33.952,0.93542,0.93577,2.40,2.44
2011.03.14 10:32:34.174,0.93542,0.93577,2.40,2.44
2011.03.14 10:32:34.984,0.93547,0.9358,2.25,2.59
2011.03.14 10:32:36.134,0.93547,0.93572,2.25,2.25
2011.03.14 10:32:36.353,0.93545,0.93572,2.25,2.25
2011.03.14 10:32:36.461,0.93541,0.93572,2.25,2.25
2011.03.14 10:32:36.793,0.93539,0.93572,2.25,4.50
2011.03.14 10:32:37.012,0.93539,0.93572,3.94,2.25
2011.03.14 10:32:37.343,0.93542,0.93576,2.82,2.25
2011.03.14 10:32:38.955,0.9354,0.93576,2.25,2.63
2011.03.14 10:32:39.062,0.93537,0.93571,3.00,2.25
2011.03.14 10:32:39.476,0.93535,0.9357,2.25,2.25
2011.03.14 10:32:40.004,0.93537,0.9357,2.63,2.25
2011.03.14 10:32:40.333,0.93535,0.93568,2.25,2.25
2011.03.14 10:32:41.083,0.93533,0.93568,2.82,2.25
2011.03.14 10:32:41.783,0.93539,0.93568,1.32,2.25
2011.03.14 10:32:42.154,0.93536,0.93569,2.25,2.25
2011.03.14 10:32:42.262,0.93535,0.93571,2.63,2.25
2011.03.14 10:32:42.482,0.9354,0.93572,2.25,2.25
2011.03.14 10:32:43.038,0.9354,0.93573,2.25,4.50
2011.03.14 10:32:44.831,0.93537,0.93572,2.25,2.25
2011.03.14 10:32:45.447,0.93536,0.93571,2.25,2.25
2011.03.14 10:32:45.772,0.93535,0.93568,2.25,2.25
2011.03.14 10:32:46.906,0.93535,0.93568,2.25,2.63
2011.03.14 10:32:47.122,0.93528,0.93562,2.25,2.25
2011.03.14 10:32:47.342,0.93526,0.9356,2.63,2.25
2011.03.14 10:32:47.671,0.93528,0.93562,2.25,4.50
2011.03.14 10:32:48.195,0.93528,0.93562,2.40,4.50
2011.03.14 10:32:49.156,0.93528,0.93562,2.25,4.50
2011.03.14 10:32:51.533,0.93529,0.93562,2.25,2.25
2011.03.14 10:32:51.972,0.93531,0.93563,2.25,2.25
2011.03.14 10:32:52.521,0.93531,0.93562,2.25,2.25
2011.03.14 10:32:52.984,0.93529,0.93562,2.25,2.25
2011.03.14 10:32:58.460,0.93528,0.93562,2.25,4.50
2011.03.14 10:32:59.013,0.93531,0.93562,2.25,2.25
2011.03.14 10:33:00.006,0.93531,0.93562,2.40,2.25
2011.03.14 10:33:00.222,0.93529,0.93562,2.25,2.25
2011.03.14 10:33:00.845,0.9353,0.93562,2.25,2.25
2011.03.14 10:33:01.283,0.93532,0.93565,2.25,2.25
2011.03.14 10:33:01.613,0.93532,0.93565,2.63,2.25
2011.03.14 10:33:01.722,0.93535,0.93571,2.63,2.25
2011.03.14 10:33:03.212,0.93534,0.93567,2.25,2.25
2011.03.14 10:33:04.631,0.93534,0.93567,2.40,2.25
2011.03.14 10:33:04.741,0.93534,0.93567,2.25,2.25
2011.03.14 10:33:05.620,0.93534,0.93567,2.40,2.25
2011.03.14 10:33:07.451,0.93533,0.93566,2.40,2.25
2011.03.14 10:33:07.672,0.93533,0.93568,2.40,2.25
2011.03.14 10:33:07.781,0.93533,0.93566,2.40,2.25
2011.03.14 10:33:08.631,0.93533,0.93566,2.40,2.25
2011.03.14 10:33:08.853,0.93536,0.93572,2.40,2.25
2011.03.14 10:33:09.182,0.93533,0.93568,2.40,2.25
2011.03.14 10:33:09.511,0.93533,0.93566,2.40,2.25
2011.03.14 10:33:10.095,0.93533,0.93566,2.40,2.25
2011.03.14 10:33:11.148,0.93533,0.93566,2.25,2.25
2011.03.14 10:33:11.616,0.93533,0.93566,2.25,2.63
2011.03.14 10:33:11.832,0.93525,0.93559,2.40,2.25
2011.03.14 10:33:12.271,0.93524,0.93557,2.40,2.25
2011.03.14 10:33:13.684,0.93524,0.93557,2.93,2.25
2011.03.14 10:33:13.794,0.93526,0.93562,2.40,2.25
2011.03.14 10:33:15.143,0.93526,0.93562,2.55,2.25
2011.03.14 10:33:16.133,0.93526,0.93562,2.55,2.25
2011.03.14 10:33:16.681,0.93532,0.93562,2.25,2.25
2011.03.14 10:33:17.722,0.93532,0.93562,2.63,2.25
2011.03.14 10:33:17.831,0.93532,0.93565,2.63,2.25
2011.03.14 10:33:18.163,0.93532,0.93567,2.63,2.25
2011.03.14 10:33:18.644,0.93532,0.93567,2.25,2.25
2011.03.14 10:33:18.972,0.93531,0.93564,2.40,2.25
2011.03.14 10:33:20.141,0.9353,0.93565,2.97,2.25
2011.03.14 10:33:20.252,0.9353,0.93565,2.82,2.25
2011.03.14 10:33:21.782,0.9353,0.93563,2.78,2.25
2011.03.14 10:33:22.795,0.93529,0.93563,2.25,2.25
2011.03.14 10:33:22.990,0.93525,0.9356,2.40,2.25
2011.03.14 10:33:23.323,0.93524,0.93551,2.25,2.25
2011.03.14 10:33:23.432,0.93518,0.93551,1.28,2.25
2011.03.14 10:33:24.185,0.93518,0.93551,1.43,2.25
2011.03.14 10:33:26.632,0.93521,0.93554,1.47,2.25
2011.03.14 10:33:27.654,0.93521,0.93554,1.62,2.25
2011.03.14 10:33:27.762,0.93522,0.93554,1.02,2.25
2011.03.14 10:33:28.294,0.93521,0.93554,1.62,2.25
2011.03.14 10:33:28.511,0.93521,0.93552,1.62,2.25
2011.03.14 10:33:28.847,0.93521,0.93552,1.77,2.25
2011.03.14 10:33:29.224,0.93521,0.93552,1.62,2.25
2011.03.14 10:33:30.833,0.93519,0.93552,2.40,2.25
2011.03.14 10:33:30.943,0.93512,0.93546,1.02,2.25
2011.03.14 10:33:31.053,0.93514,0.93546,1.47,2.25
2011.03.14 10:33:31.163,0.93515,0.93548,2.97,2.25
2011.03.14 10:33:32.028,0.93514,0.93547,1.47,2.25
2011.03.14 10:33:32.734,0.93514,0.93547,1.62,2.25
2011.03.14 10:33:35.286,0.93514,0.93547,1.47,2.25
2011.03.14 10:33:36.105,0.93514,0.93547,1.47,2.25
2011.03.14 10:33:36.325,0.93512,0.93546,1.02,2.25
2011.03.14 10:33:36.543,0.93511,0.93546,1.62,2.25
2011.03.14 10:33:37.186,0.93511,0.93547,3.87,2.25
2011.03.14 10:33:37.623,0.93511,0.93542,3.87,2.25
2011.03.14 10:33:37.732,0.93511,0.93546,1.62,2.25
2011.03.14 10:33:37.842,0.93511,0.93543,3.72,2.25
2011.03.14 10:33:40.705,0.93511,0.93543,1.62,2.25
2011.03.14 10:33:45.383,0.93516,0.93543,2.40,2.25
2011.03.14 10:33:45.492,0.93516,0.9355,2.40,2.25
2011.03.14 10:33:45.714,0.93512,0.93545,2.40,2.25
2011.03.14 10:33:46.043,0.93514,0.93543,2.40,2.25
2011.03.14 10:33:46.372,0.93513,0.93543,2.25,2.25
2011.03.14 10:33:48.932,0.93515,0.93543,2.25,2.25
2011.03.14 10:33:49.873,0.93514,0.93543,2.25,2.25
2011.03.14 10:33:50.277,0.93514,0.93543,2.40,2.25
2011.03.14 10:33:52.885,0.93512,0.93543,2.55,2.63
2011.03.14 10:33:53.104,0.93507,0.93542,2.40,2.63
2011.03.14 10:33:53.214,0.93507,0.93532,2.25,2.25
2011.03.14 10:33:53.323,0.93499,0.93532,2.25,3.19
2011.03.14 10:33:53.544,0.93499,0.93532,2.40,3.19
2011.03.14 10:33:53.763,0.93497,0.93532,2.25,3.19
2011.03.14 10:33:53.872,0.93497,0.93526,2.25,2.25
2011.03.14 10:33:54.241,0.93497,0.93526,2.55,2.25
2011.03.14 10:33:55.085,0.9349,0.93525,2.93,2.25
2011.03.14 10:33:56.491,0.93498,0.93532,2.25,5.44
2011.03.14 10:33:59.052,0.93497,0.93531,2.25,2.44
2011.03.14 10:33:59.414,0.93495,0.93523,2.25,2.25
2011.03.14 10:33:59.523,0.93488,0.93522,2.40,2.25
2011.03.14 10:34:00.802,0.9349,0.93522,2.25,2.25
2011.03.14 10:34:01.022,0.93492,0.93522,2.25,2.25
2011.03.14 10:34:01.242,0.9349,0.93522,2.25,2.25
2011.03.14 10:34:01.351,0.93488,0.93522,2.25,4.50
2011.03.14 10:34:02.283,0.93486,0.9352,4.65,2.25
2011.03.14 10:34:02.795,0.93485,0.93519,2.40,2.25
2011.03.14 10:34:06.677,0.93485,0.93519,2.55,2.25
2011.03.14 10:34:06.843,0.93486,0.93521,2.55,2.25
2011.03.14 10:34:07.502,0.93487,0.93521,2.25,2.25
2011.03.14 10:34:07.852,0.93489,0.93522,2.25,2.25
2011.03.14 10:34:08.281,0.9349,0.93522,2.40,2.25
2011.03.14 10:34:08.505,0.9349,0.93522,2.25,2.25
2011.03.14 10:34:08.966,0.9349,0.93522,2.40,2.25
2011.03.14 10:34:09.182,0.93494,0.93525,2.25,2.25
2011.03.14 10:34:10.940,0.93494,0.93525,2.40,2.25
2011.03.14 10:34:11.845,0.93494,0.93525,2.25,2.25
2011.03.14 10:34:11.952,0.93494,0.93525,2.40,2.25
2011.03.14 10:34:12.062,0.93494,0.93525,2.25,2.25
2011.03.14 10:34:12.172,0.93494,0.93525,2.40,2.25
2011.03.14 10:34:12.283,0.93492,0.93525,2.78,2.25
2011.03.14 10:34:12.392,0.93492,0.93525,2.93,2.25
2011.03.14 10:34:12.502,0.93492,0.93525,2.78,2.25
2011.03.14 10:34:12.612,0.93495,0.93525,2.25,2.25
2011.03.14 10:34:12.942,0.93489,0.93522,2.40,2.25
2011.03.14 10:34:13.523,0.93489,0.93523,4.65,2.25
2011.03.14 10:34:14.635,0.93491,0.93523,2.55,2.25
2011.03.14 10:34:15.229,0.93491,0.93523,2.55,2.25
2011.03.14 10:34:20.252,0.93491,0.93523,2.40,2.25
2011.03.14 10:34:23.186,0.9349,0.93523,2.55,2.25
2011.03.14 10:34:23.292,0.9349,0.93523,2.40,2.25
2011.03.14 10:34:23.403,0.9349,0.93523,2.55,2.25
2011.03.14 10:34:23.512,0.9349,0.93523,2.40,2.25
2011.03.14 10:34:25.678,0.93489,0.93523,2.55,2.25
2011.03.14 10:34:25.904,0.93489,0.93523,2.40,2.25
2011.03.14 10:34:27.245,0.93488,0.93523,2.40,4.50
2011.03.14 10:34:28.753,0.93488,0.93523,4.50,4.50
2011.03.14 10:34:28.863,0.93491,0.93523,2.25,2.25
2011.03.14 10:34:28.973,0.93488,0.93523,2.63,4.50
2011.03.14 10:34:29.200,0.93488,0.93523,5.03,4.50
2011.03.14 10:34:29.618,0.93493,0.93523,2.25,2.25
2011.03.14 10:34:29.952,0.93493,0.93523,2.40,2.25
2011.03.14 10:34:30.603,0.93494,0.93523,2.55,2.25
2011.03.14 10:34:30.712,0.93494,0.93523,2.40,2.25
2011.03.14 10:34:31.379,0.93494,0.93523,2.40,2.25
2011.03.14 10:34:31.765,0.93494,0.93523,2.55,2.25
2011.03.14 10:34:31.983,0.93494,0.93527,2.40,2.25
2011.03.14 10:34:32.094,0.93496,0.9353,2.40,2.25
2011.03.14 10:34:32.203,0.93498,0.93531,2.25,2.44
2011.03.14 10:34:34.170,0.93498,0.93531,2.40,2.44
2011.03.14 10:34:35.163,0.93498,0.93531,2.25,2.44
2011.03.14 10:34:37.982,0.93496,0.93531,2.40,2.44
2011.03.14 10:34:38.572,0.93496,0.93531,2.55,2.44
2011.03.14 10:34:38.792,0.93498,0.93531,2.25,2.44
2011.03.14 10:34:39.064,0.93498,0.93532,2.40,2.44
2011.03.14 10:34:42.073,0.93493,0.9353,1.47,2.25
2011.03.14 10:34:42.292,0.93492,0.9353,1.02,2.25
2011.03.14 10:34:42.622,0.93493,0.93528,1.62,2.25
2011.03.14 10:34:44.102,0.93493,0.93529,2.37,2.25
2011.03.14 10:34:45.182,0.935,0.93532,2.40,2.25
2011.03.14 10:34:45.294,0.93501,0.93536,2.78,2.25
2011.03.14 10:34:45.402,0.93504,0.93538,2.25,2.25
2011.03.14 10:34:45.512,0.93502,0.93538,2.78,2.25
2011.03.14 10:34:45.623,0.93504,0.93538,2.25,2.25
2011.03.14 10:34:46.054,0.93502,0.93538,2.78,2.25
2011.03.14 10:34:47.068,0.93502,0.93538,3.72,2.25
2011.03.14 10:34:47.402,0.93509,0.9354,2.25,2.25
2011.03.14 10:34:47.512,0.93509,0.93542,2.25,2.25
2011.03.14 10:34:50.072,0.93511,0.93542,2.25,2.25
2011.03.14 10:34:50.622,0.93513,0.93542,2.25,2.25
2011.03.14 10:34:50.732,0.93513,0.93547,2.25,2.25
2011.03.14 10:34:50.844,0.93511,0.93543,2.25,2.25
2011.03.14 10:34:51.291,0.93516,0.93543,2.25,2.25
2011.03.14 10:34:52.118,0.93518,0.93543,2.25,2.25
2011.03.14 10:34:52.234,0.93518,0.93551,2.25,2.25
2011.03.14 10:34:52.883,0.93517,0.9355,2.25,2.25
2011.03.14 10:34:54.812,0.93515,0.9355,3.12,2.25
2011.03.14 10:34:55.632,0.93515,0.9355,2.97,2.25
2011.03.14 10:34:58.323,0.93514,0.93547,2.44,2.25
2011.03.14 10:34:58.654,0.93514,0.93543,2.44,2.25
2011.03.14 10:35:00.472,0.93514,0.93548,2.44,2.40
2011.03.14 10:35:00.961,0.93518,0.93551,2.25,2.25
2011.03.14 10:35:01.672,0.93518,0.93552,2.25,2.25
2011.03.14 10:35:02.812,0.93518,0.93553,2.25,2.25
2011.03.14 10:35:05.143,0.9352,0.93553,2.40,2.25
2011.03.14 10:35:05.252,0.9352,0.93553,2.25,2.25
2011.03.14 10:35:05.362,0.93517,0.93551,2.25,2.25
2011.03.14 10:35:05.472,0.93517,0.93553,2.25,4.50
2011.03.14 10:35:05.693,0.93517,0.93551,2.40,2.25
2011.03.14 10:35:06.554,0.93515,0.93549,2.44,2.25
2011.03.14 10:35:06.883,0.93515,0.93542,2.25,2.25
2011.03.14 10:35:06.993,0.93516,0.93552,2.25,2.25
2011.03.14 10:35:07.102,0.93516,0.9355,2.25,2.25
2011.03.14 10:35:07.783,0.93517,0.93551,2.25,2.25
2011.03.14 10:35:07.891,0.93518,0.93553,2.25,4.84
2011.03.14 10:35:09.425,0.93516,0.93549,2.40,2.25
2011.03.14 10:35:09.642,0.93519,0.93553,2.25,2.59
2011.03.14 10:35:10.451,0.93516,0.9355,2.25,2.25
2011.03.14 10:35:10.821,0.93516,0.93552,2.25,2.25
2011.03.14 10:35:11.345,0.93516,0.93552,2.25,2.40
2011.03.14 10:35:11.904,0.93516,0.9355,2.25,2.25
2011.03.14 10:35:12.233,0.93513,0.93549,4.50,2.25
2011.03.14 10:35:12.341,0.93515,0.93549,2.25,2.25
2011.03.14 10:35:12.926,0.93515,0.93549,2.25,2.40
2011.03.14 10:35:14.402,0.93513,0.93549,4.50,2.40
2011.03.14 10:35:14.683,0.93513,0.93549,2.63,2.25
2011.03.14 10:35:15.012,0.93518,0.93551,2.25,2.25
2011.03.14 10:35:15.232,0.93514,0.93548,2.25,2.25
2011.03.14 10:35:17.266,0.93514,0.93548,2.25,2.40
2011.03.14 10:35:18.229,0.93514,0.93548,2.25,2.25
2011.03.14 10:35:18.563,0.93514,0.9355,2.25,2.25
2011.03.14 10:35:19.133,0.93515,0.93551,2.25,2.40
2011.03.14 10:35:20.342,0.93514,0.9355,2.25,2.40
2011.03.14 10:35:21.222,0.93515,0.93551,2.25,2.40
2011.03.14 10:35:23.142,0.93515,0.93549,2.25,2.40
2011.03.14 10:35:23.916,0.93515,0.93549,2.25,2.25
2011.03.14 10:35:24.241,0.93517,0.93551,2.25,4.50
2011.03.14 10:35:24.792,0.93516,0.93552,2.25,2.25
2011.03.14 10:35:25.505,0.93516,0.93552,2.25,2.40
2011.03.14 10:35:25.913,0.93517,0.93553,2.25,4.69
2011.03.14 10:35:26.244,0.93513,0.93549,2.25,2.25
2011.03.14 10:35:26.643,0.93515,0.93549,2.25,2.25
2011.03.14 10:35:29.131,0.93514,0.9355,2.25,4.65
2011.03.14 10:35:30.134,0.93514,0.9355,2.25,2.25
2011.03.14 10:35:30.642,0.93514,0.9355,2.25,2.40
2011.03.14 10:35:31.704,0.93513,0.93549,2.25,2.40
2011.03.14 10:35:32.544,0.93514,0.9355,2.25,2.55
2011.03.14 10:35:32.873,0.93509,0.93542,2.82,2.25
2011.03.14 10:35:32.983,0.93513,0.93549,2.25,2.55
2011.03.14 10:35:33.473,0.93514,0.9355,2.25,2.40
2011.03.14 10:35:35.222,0.93515,0.93551,2.25,2.40
2011.03.14 10:35:36.035,0.93516,0.9355,2.25,2.25
2011.03.14 10:35:36.143,0.93514,0.9355,2.25,2.25
2011.03.14 10:35:36.744,0.93514,0.93548,2.25,2.25
2011.03.14 10:35:37.360,0.93513,0.93549,2.25,2.55
2011.03.14 10:35:37.804,0.9351,0.93542,2.25,2.25
2011.03.14 10:35:38.573,0.93503,0.93538,2.25,2.25
2011.03.14 10:35:39.123,0.93502,0.93538,2.63,2.25
2011.03.14 10:35:40.900,0.93501,0.93537,4.88,2.25
2011.03.14 10:35:41.476,0.93502,0.93538,2.25,2.25
2011.03.14 10:35:41.582,0.93502,0.93536,2.25,2.25
2011.03.14 10:35:42.261,0.93503,0.93537,2.25,2.25
2011.03.14 10:35:42.372,0.93504,0.9354,2.25,2.25
2011.03.14 10:35:42.594,0.93506,0.93539,2.25,2.25
2011.03.14 10:35:42.882,0.93506,0.93541,2.25,2.25
2011.03.14 10:35:44.573,0.93505,0.9354,2.25,2.25
2011.03.14 10:35:45.121,0.93508,0.93541,2.25,4.50
2011.03.14 10:35:45.563,0.9351,0.93545,2.25,2.25
2011.03.14 10:35:46.222,0.93512,0.93546,2.25,4.50
2011.03.14 10:35:46.552,0.93512,0.93548,2.25,2.44
2011.03.14 10:35:46.662,0.93512,0.93546,2.25,2.25
2011.03.14 10:35:47.147,0.93513,0.93548,2.25,2.44
2011.03.14 10:35:47.415,0.9351,0.93546,4.50,2.25
2011.03.14 10:35:47.960,0.93512,0.93545,2.25,2.25
2011.03.14 10:35:49.182,0.93511,0.93544,2.25,2.25
2011.03.14 10:35:49.731,0.93512,0.93545,2.25,2.25
2011.03.14 10:35:50.353,0.93513,0.93546,2.25,2.25
2011.03.14 10:35:50.685,0.93509,0.93542,2.25,2.25
2011.03.14 10:35:51.902,0.93507,0.93539,2.25,2.25
2011.03.14 10:35:52.611,0.93506,0.93539,2.25,2.25
2011.03.14 10:35:53.684,0.93506,0.93539,2.25,2.40
2011.03.14 10:35:54.312,0.93506,0.93539,2.25,2.25
2011.03.14 10:35:55.462,0.93506,0.93541,2.25,2.25
2011.03.14 10:35:56.019,0.93506,0.93541,2.25,2.40
2011.03.14 10:35:56.572,0.93507,0.9354,2.25,2.40
2011.03.14 10:35:56.682,0.93505,0.9354,2.25,2.25
2011.03.14 10:35:56.902,0.93507,0.9354,2.25,2.25
2011.03.14 10:35:57.351,0.93509,0.93542,2.25,6.75
2011.03.14 10:36:01.874,0.9351,0.93542,2.25,2.25
2011.03.14 10:36:02.871,0.93509,0.93542,2.25,4.50
2011.03.14 10:36:04.322,0.9351,0.93542,2.25,2.25
2011.03.14 10:36:06.813,0.93508,0.93542,2.25,2.25
2011.03.14 10:36:08.995,0.9351,0.93542,2.25,2.25
2011.03.14 10:36:09.562,0.93509,0.93542,2.25,4.50
2011.03.14 10:36:10.953,0.93509,0.93542,2.63,4.50
2011.03.14 10:36:11.392,0.9351,0.93545,2.63,2.25
2011.03.14 10:36:12.763,0.9351,0.93543,2.63,2.25
2011.03.14 10:36:15.282,0.9351,0.93546,2.63,2.25
2011.03.14 10:36:16.722,0.93511,0.93547,2.25,2.25
2011.03.14 10:36:17.336,0.9351,0.93546,2.63,2.25
2011.03.14 10:36:17.552,0.93511,0.93544,2.25,2.25
2011.03.14 10:36:18.131,0.9351,0.93543,2.25,4.50
2011.03.14 10:36:19.153,0.93511,0.93547,2.25,2.25
2011.03.14 10:36:21.553,0.93512,0.93548,2.25,4.69
2011.03.14 10:36:21.664,0.93512,0.93546,2.25,2.25
2011.03.14 10:36:22.215,0.93511,0.93547,2.25,2.25
2011.03.14 10:36:22.625,0.9351,0.93542,2.25,2.25
2011.03.14 10:36:23.552,0.9351,0.93543,2.63,2.25
2011.03.14 10:36:23.663,0.93511,0.93547,2.25,2.25
2011.03.14 10:36:24.512,0.93511,0.93542,2.25,2.25
2011.03.14 10:36:25.053,0.9351,0.93542,2.25,2.25
2011.03.14 10:36:26.573,0.93511,0.93542,2.25,2.25
2011.03.14 10:36:27.162,0.93512,0.93542,2.25,2.25
2011.03.14 10:36:27.903,0.93512,0.93542,2.25,2.40
2011.03.14 10:36:28.014,0.93512,0.93542,2.25,2.25
2011.03.14 10:36:28.234,0.93506,0.93539,2.44,2.25
2011.03.14 10:36:30.187,0.93506,0.93539,2.44,2.40
2011.03.14 10:36:31.785,0.93506,0.93539,2.25,2.40
2011.03.14 10:36:32.002,0.93508,0.93542,2.25,4.84
2011.03.14 10:36:32.473,0.93505,0.93538,2.25,2.25
2011.03.14 10:36:32.692,0.93508,0.93542,2.25,4.84
2011.03.14 10:36:32.803,0.93506,0.93539,2.25,2.40
2011.03.14 10:36:33.511,0.93505,0.9354,2.25,2.40
2011.03.14 10:36:34.142,0.93506,0.93541,2.25,2.40
2011.03.14 10:36:34.362,0.93504,0.93539,2.25,2.40
2011.03.14 10:36:34.922,0.93504,0.93539,2.63,2.40
2011.03.14 10:36:35.142,0.93503,0.93536,2.25,2.25
2011.03.14 10:36:35.694,0.93503,0.93536,2.25,2.40
2011.03.14 10:36:36.245,0.93503,0.93536,2.25,2.25
2011.03.14 10:36:36.640,0.93503,0.93536,2.25,2.40
2011.03.14 10:36:36.904,0.93503,0.93536,2.25,2.25
2011.03.14 10:36:37.382,0.93502,0.93536,2.25,2.40
2011.03.14 10:36:37.788,0.93502,0.93536,2.25,2.25
2011.03.14 10:36:39.111,0.93502,0.93536,2.25,2.40
2011.03.14 10:36:39.512,0.93502,0.93536,2.63,2.25
2011.03.14 10:36:39.733,0.93508,0.93541,2.25,2.40
2011.03.14 10:36:40.622,0.93505,0.93538,2.25,2.25
2011.03.14 10:36:41.512,0.93506,0.93539,2.25,2.40
2011.03.14 10:36:42.062,0.93505,0.9354,4.50,2.25
2011.03.14 10:36:42.662,0.93506,0.93539,2.25,2.40
2011.03.14 10:36:43.761,0.93506,0.93539,2.25,2.40
2011.03.14 10:36:44.633,0.93506,0.93539,2.25,2.25
2011.03.14 10:36:46.555,0.93506,0.93539,2.25,2.40
2011.03.14 10:36:46.893,0.93503,0.93536,2.25,2.25
2011.03.14 10:36:47.445,0.93502,0.93537,2.63,2.25
2011.03.14 10:36:47.773,0.93505,0.93539,2.25,2.25
2011.03.14 10:36:48.104,0.93501,0.93535,2.44,2.25
2011.03.14 10:36:48.432,0.93502,0.93533,2.25,2.25
2011.03.14 10:36:49.143,0.93498,0.93532,3.19,2.25
2011.03.14 10:36:49.848,0.93497,0.9353,1.32,2.25
2011.03.14 10:36:50.352,0.93497,0.93529,1.32,2.25
2011.03.14 10:36:50.573,0.93496,0.9353,2.78,2.25
2011.03.14 10:36:51.383,0.93495,0.93531,2.63,2.25
2011.03.14 10:36:51.713,0.93495,0.93529,2.63,2.25
2011.03.14 10:36:51.961,0.93498,0.93532,2.25,4.50
2011.03.14 10:36:52.635,0.93499,0.93533,2.25,2.40
2011.03.14 10:36:53.243,0.93498,0.93532,2.25,2.25
2011.03.14 10:36:53.932,0.93498,0.93532,2.44,2.25
2011.03.14 10:36:54.153,0.93502,0.93537,2.63,2.25
2011.03.14 10:36:55.467,0.93502,0.93537,2.63,2.25
2011.03.14 10:36:55.694,0.93504,0.93537,2.25,2.25
2011.03.14 10:36:55.805,0.93503,0.93532,2.63,2.25
2011.03.14 10:36:56.134,0.93502,0.93535,2.78,2.25
2011.03.14 10:36:56.834,0.93503,0.93536,2.63,2.25
2011.03.14 10:36:59.435,0.93503,0.93536,2.63,2.25
2011.03.14 10:36:59.705,0.93509,0.93543,2.25,4.65
2011.03.14 10:36:59.812,0.93509,0.93543,2.25,4.65
2011.03.14 10:36:59.922,0.93509,0.93543,2.63,4.65
2011.03.14 10:37:00.362,0.93512,0.93545,2.63,2.25
2011.03.14 10:37:03.522,0.93513,0.93546,2.25,2.25
2011.03.14 10:37:03.742,0.93511,0.93544,2.63,2.25
2011.03.14 10:37:03.961,0.93511,0.93546,2.63,2.25
2011.03.14 10:37:04.182,0.93513,0.93548,2.25,2.40
2011.03.14 10:37:04.842,0.93511,0.93546,2.78,2.25
2011.03.14 10:37:08.073,0.9351,0.93545,2.63,2.25
2011.03.14 10:37:08.403,0.93508,0.93542,2.25,2.25
2011.03.14 10:37:08.733,0.93506,0.93539,2.25,2.25
2011.03.14 10:37:09.063,0.93504,0.93537,2.25,2.25
2011.03.14 10:37:09.282,0.93505,0.93539,2.25,2.25
2011.03.14 10:37:09.502,0.93503,0.93536,2.25,2.25
2011.03.14 10:37:10.227,0.93502,0.93537,2.25,2.25
2011.03.14 10:37:10.762,0.93501,0.93536,4.50,2.25
2011.03.14 10:37:11.092,0.935,0.93532,2.25,2.25
2011.03.14 10:37:12.069,0.93498,0.93531,2.25,2.25
2011.03.14 10:37:12.404,0.935,0.93532,2.25,2.25
2011.03.14 10:37:14.652,0.93499,0.93532,2.25,4.50
2011.03.14 10:37:15.522,0.935,0.93532,2.25,2.25
2011.03.14 10:37:16.313,0.93499,0.93532,2.25,4.50
2011.03.14 10:37:16.714,0.93499,0.93532,2.25,4.88
2011.03.14 10:37:17.043,0.93485,0.93519,3.00,2.25
2011.03.14 10:37:17.263,0.93487,0.9352,2.25,2.25
2011.03.14 10:37:17.372,0.93484,0.93519,2.25,2.25
2011.03.14 10:37:21.213,0.93484,0.93512,2.25,2.25
2011.03.14 10:37:21.652,0.93484,0.93519,2.25,2.25
2011.03.14 10:37:21.982,0.93484,0.93519,2.25,2.44
2011.03.14 10:37:22.312,0.93482,0.93512,4.50,2.25
2011.03.14 10:37:22.902,0.93481,0.93512,2.25,2.25
2011.03.14 10:37:23.452,0.9348,0.93512,2.25,2.25
2011.03.14 10:37:24.235,0.9348,0.93512,2.40,2.25
2011.03.14 10:37:27.203,0.9348,0.93512,2.40,2.25
2011.03.14 10:37:28.200,0.9348,0.93512,2.40,2.25
2011.03.14 10:37:31.234,0.9348,0.93512,2.25,2.25
2011.03.14 10:37:32.812,0.9348,0.93512,2.40,2.25
2011.03.14 10:37:33.373,0.9348,0.93512,2.25,2.25
2011.03.14 10:37:33.483,0.9348,0.93512,2.63,2.25
2011.03.14 10:37:33.596,0.93486,0.93522,2.25,4.50
2011.03.14 10:37:33.813,0.93486,0.9352,2.25,2.25
2011.03.14 10:37:35.662,0.93486,0.9352,2.40,2.25
2011.03.14 10:37:36.352,0.93486,0.9352,2.25,2.25
2011.03.14 10:37:39.096,0.93486,0.9352,2.40,2.25
2011.03.14 10:37:40.213,0.93486,0.9352,2.25,2.25
2011.03.14 10:37:41.182,0.93487,0.93522,2.25,2.25
2011.03.14 10:37:41.732,0.93489,0.93523,2.25,4.50
2011.03.14 10:37:42.062,0.93487,0.93521,2.40,2.25
2011.03.14 10:37:43.153,0.93488,0.93522,2.25,2.25
2011.03.14 10:37:43.683,0.9349,0.93523,2.25,2.25
2011.03.14 10:37:44.673,0.93489,0.93523,2.25,4.50
2011.03.14 10:37:45.182,0.9349,0.93523,2.25,2.25
2011.03.14 10:37:45.292,0.93488,0.93523,2.25,2.25
2011.03.14 10:37:45.733,0.93489,0.93523,2.44,2.25
2011.03.14 10:37:46.062,0.93495,0.9353,2.25,2.40
2011.03.14 10:37:47.088,0.93495,0.9353,2.25,2.25
2011.03.14 10:37:47.314,0.93494,0.93527,2.25,2.25
2011.03.14 10:37:47.533,0.93492,0.93527,2.25,2.25
2011.03.14 10:37:47.861,0.93496,0.9353,2.25,2.40
2011.03.14 10:37:48.663,0.93495,0.93528,2.25,2.40
2011.03.14 10:37:49.299,0.93496,0.93529,2.25,2.40
2011.03.14 10:37:49.412,0.93497,0.9353,2.25,2.25
2011.03.14 10:37:49.985,0.93496,0.93529,2.25,2.25
2011.03.14 10:37:50.312,0.93494,0.93529,4.50,2.40
2011.03.14 10:37:50.532,0.93496,0.93529,2.25,2.40
2011.03.14 10:37:50.753,0.93492,0.93527,2.25,2.25
2011.03.14 10:37:51.082,0.93494,0.93527,2.25,2.25
2011.03.14 10:37:51.682,0.93495,0.9353,2.25,2.40
2011.03.14 10:37:52.852,0.93496,0.93529,2.25,2.40
2011.03.14 10:37:56.385,0.93496,0.93531,2.25,2.25
2011.03.14 10:37:56.692,0.93496,0.93531,2.25,2.40
2011.03.14 10:37:57.241,0.93497,0.9353,2.25,2.40
2011.03.14 10:37:57.771,0.93496,0.93529,2.25,2.40
2011.03.14 10:37:57.888,0.93494,0.93529,4.50,2.40
2011.03.14 10:37:58.004,0.93496,0.93531,2.25,2.40
2011.03.14 10:37:58.334,0.93494,0.93529,2.25,2.55
2011.03.14 10:37:58.914,0.93498,0.9353,2.25,2.55
2011.03.14 10:37:59.133,0.93496,0.93531,2.25,2.55
2011.03.14 10:37:59.573,0.93494,0.93528,2.25,2.40
2011.03.14 10:37:59.684,0.93495,0.9353,2.25,2.40
2011.03.14 10:37:59.793,0.93494,0.93527,2.25,2.40
2011.03.14 10:38:00.012,0.93492,0.93526,2.25,2.63
2011.03.14 10:38:00.122,0.9349,0.93526,2.25,2.63
2011.03.14 10:38:00.233,0.9349,0.93523,2.25,2.25
2011.03.14 10:38:00.742,0.93489,0.93523,2.25,4.50
2011.03.14 10:38:00.852,0.93487,0.93523,2.40,4.50
2011.03.14 10:38:03.785,0.93487,0.93523,2.40,4.50
2011.03.14 10:38:03.904,0.93487,0.93523,2.25,4.50
2011.03.14 10:38:08.924,0.93488,0.93523,2.25,2.25
2011.03.14 10:38:10.732,0.93489,0.93523,2.25,2.25
2011.03.14 10:38:10.995,0.93489,0.93523,2.40,2.25
2011.03.14 10:38:11.542,0.93492,0.93523,2.25,2.25
2011.03.14 10:38:11.762,0.93492,0.93526,2.63,2.25
2011.03.14 10:38:11.872,0.93495,0.93529,2.25,2.25
2011.03.14 10:38:12.092,0.93497,0.93531,2.25,2.25
2011.03.14 10:38:12.646,0.93497,0.93532,2.25,2.44
2011.03.14 10:38:13.031,0.93495,0.93531,2.25,2.25
2011.03.14 10:38:14.184,0.93496,0.93532,2.25,4.69
2011.03.14 10:38:14.403,0.93495,0.93529,4.65,2.25
2011.03.14 10:38:14.913,0.93493,0.93529,4.50,2.25
2011.03.14 10:38:16.543,0.93492,0.93524,2.25,2.25
2011.03.14 10:38:16.652,0.93489,0.93523,2.44,2.25
2011.03.14 10:38:19.005,0.93492,0.93523,2.25,2.25
2011.03.14 10:38:19.555,0.9349,0.93523,2.25,4.50
2011.03.14 10:38:19.885,0.93487,0.9352,4.50,2.25
2011.03.14 10:38:20.505,0.93488,0.93521,2.25,2.25
2011.03.14 10:38:21.199,0.93487,0.9352,2.25,2.25
2011.03.14 10:38:22.582,0.93487,0.93522,2.25,2.25
2011.03.14 10:38:23.012,0.93487,0.9352,2.25,2.25
2011.03.14 10:38:24.262,0.93487,0.93522,2.25,2.25
2011.03.14 10:38:26.565,0.93487,0.93522,2.55,2.25
2011.03.14 10:38:27.172,0.93488,0.93521,2.40,2.25
2011.03.14 10:38:28.716,0.93488,0.93521,2.25,2.25
2011.03.14 10:38:31.742,0.93486,0.93521,2.40,2.25
2011.03.14 10:38:31.854,0.9349,0.93523,2.40,4.50
2011.03.14 10:38:32.403,0.93496,0.93531,2.25,2.25
2011.03.14 10:38:32.933,0.93494,0.93529,2.63,2.25
2011.03.14 10:38:33.373,0.93494,0.93529,2.63,2.55
2011.03.14 10:38:33.483,0.93494,0.93529,2.63,2.40
2011.03.14 10:38:34.018,0.93495,0.9353,2.25,2.40
2011.03.14 10:38:34.986,0.93495,0.9353,2.25,2.55
2011.03.14 10:38:35.975,0.93495,0.9353,2.25,2.40
2011.03.14 10:38:36.264,0.93499,0.93532,2.25,2.40
2011.03.14 10:38:39.213,0.93496,0.93531,2.25,2.25
2011.03.14 10:38:39.452,0.93499,0.93532,2.25,2.25
2011.03.14 10:38:40.272,0.93498,0.93532,2.25,4.50
2011.03.14 10:38:41.152,0.93496,0.93528,2.25,2.25
2011.03.14 10:38:41.264,0.93495,0.9353,2.25,2.25
2011.03.14 10:38:42.249,0.93503,0.93532,2.25,2.25
2011.03.14 10:38:42.629,0.93509,0.93532,2.25,2.25
2011.03.14 10:38:43.285,0.93508,0.93532,2.25,2.25
2011.03.14 10:38:44.154,0.93507,0.93532,2.25,2.25
2011.03.14 10:38:46.484,0.93509,0.93541,2.25,1.09
2011.03.14 10:38:46.815,0.93509,0.93533,2.25,2.25
2011.03.14 10:38:47.272,0.93506,0.93533,2.25,2.25
2011.03.14 10:38:47.845,0.93507,0.93533,2.25,2.25
2011.03.14 10:38:48.173,0.93505,0.93533,2.25,2.25
2011.03.14 10:38:48.393,0.93499,0.93532,2.25,2.25
2011.03.14 10:38:49.274,0.93499,0.93533,2.25,4.50
2011.03.14 10:38:51.032,0.935,0.93533,2.25,2.25
2011.03.14 10:38:52.953,0.935,0.93536,2.25,2.25
2011.03.14 10:38:53.173,0.935,0.93533,2.25,2.25
2011.03.14 10:38:53.832,0.93501,0.93533,2.25,2.25
2011.03.14 10:38:54.435,0.935,0.93533,2.25,2.25
2011.03.14 10:38:55.195,0.93501,0.93533,2.25,2.40
2011.03.14 10:38:58.142,0.93503,0.93536,2.25,2.25
2011.03.14 10:38:58.254,0.93503,0.93532,2.25,2.25
2011.03.14 10:38:58.362,0.93501,0.93532,4.50,2.25
2011.03.14 10:38:58.802,0.93498,0.93532,4.88,2.25
2011.03.14 10:39:01.035,0.93499,0.93532,2.25,4.50
2011.03.14 10:39:02.203,0.935,0.93532,2.25,2.25
2011.03.14 10:39:02.823,0.93501,0.93532,2.25,2.25
2011.03.14 10:39:02.965,0.93499,0.93532,4.50,2.25
2011.03.14 10:39:03.183,0.93503,0.93532,2.25,2.25
2011.03.14 10:39:03.754,0.93504,0.93543,2.25,2.93
2011.03.14 10:39:03.976,0.93505,0.93532,2.25,2.25
2011.03.14 10:39:04.192,0.93503,0.93532,2.25,2.25
2011.03.14 10:39:05.182,0.93504,0.93532,2.25,2.25
2011.03.14 10:39:05.733,0.93502,0.93533,2.25,2.63
2011.03.14 10:39:06.472,0.93499,0.93533,2.25,2.63
2011.03.14 10:39:06.693,0.93501,0.93533,2.25,2.63
2011.03.14 10:39:07.159,0.93499,0.93533,2.25,2.63
2011.03.14 10:39:07.276,0.93504,0.93533,2.25,2.63
2011.03.14 10:39:07.496,0.93499,0.93533,2.25,2.63
2011.03.14 10:39:07.934,0.935,0.93533,2.25,2.93
2011.03.14 10:39:08.373,0.93496,0.93533,2.25,2.93
2011.03.14 10:39:09.025,0.93496,0.93533,2.25,2.63
2011.03.14 10:39:09.244,0.93496,0.93533,2.25,2.93
2011.03.14 10:39:09.354,0.93493,0.93527,2.25,2.25
2011.03.14 10:39:09.465,0.93493,0.93522,2.25,2.25
2011.03.14 10:39:09.575,0.93491,0.93522,2.25,2.25
2011.03.14 10:39:09.684,0.93492,0.93528,2.25,2.25
2011.03.14 10:39:09.903,0.93498,0.93532,2.25,2.25
2011.03.14 10:39:10.233,0.93494,0.9353,2.25,2.25
2011.03.14 10:39:10.780,0.93493,0.93529,2.63,2.25
2011.03.14 10:39:10.906,0.93497,0.93532,2.25,2.25
2011.03.14 10:39:11.234,0.93498,0.93528,2.25,2.25
2011.03.14 10:39:11.343,0.935,0.93533,2.25,2.40
2011.03.14 10:39:11.718,0.935,0.93522,2.82,2.25
2011.03.14 10:39:11.888,0.935,0.93533,2.82,2.25
2011.03.14 10:39:12.148,0.93502,0.93536,2.25,2.25
2011.03.14 10:39:12.284,0.93499,0.93532,2.44,2.25
2011.03.14 10:39:12.461,0.93499,0.93535,3.57,2.25
2011.03.14 10:39:12.574,0.93502,0.93538,2.63,2.25
2011.03.14 10:39:13.237,0.93501,0.93537,2.63,2.25
2011.03.14 10:39:13.351,0.93501,0.93533,2.63,2.25
2011.03.14 10:39:13.452,0.93501,0.93537,2.63,2.25
2011.03.14 10:39:13.843,0.93507,0.93541,2.25,2.25
2011.03.14 10:39:14.063,0.93503,0.93539,2.25,2.25
2011.03.14 10:39:14.284,0.93503,0.93537,2.25,2.25
2011.03.14 10:39:15.018,0.93504,0.93538,2.25,2.25
2011.03.14 10:39:16.852,0.935,0.93533,2.25,2.25
2011.03.14 10:39:17.944,0.93499,0.93533,2.25,2.25
2011.03.14 10:39:19.203,0.93498,0.93531,2.25,2.25
2011.03.14 10:39:19.597,0.93501,0.93531,2.25,2.25
2011.03.14 10:39:20.429,0.93504,0.93533,2.25,2.25
2011.03.14 10:39:20.964,0.93507,0.93542,2.25,2.78
2011.03.14 10:39:21.075,0.93508,0.93542,2.25,2.63
2011.03.14 10:39:21.182,0.9351,0.93542,2.25,2.63
2011.03.14 10:39:21.523,0.9351,0.93542,2.25,2.78
2011.03.14 10:39:22.283,0.93509,0.93542,2.25,2.78
2011.03.14 10:39:23.685,0.93509,0.93542,2.25,2.78
2011.03.14 10:39:24.026,0.93504,0.93539,2.25,1.32
2011.03.14 10:39:24.245,0.93501,0.93532,2.25,2.63
2011.03.14 10:39:24.795,0.93499,0.93532,2.25,2.63
2011.03.14 10:39:26.023,0.93503,0.93532,2.25,2.25
2011.03.14 10:39:26.406,0.93501,0.93532,2.25,2.63
2011.03.14 10:39:26.733,0.93493,0.93527,2.25,2.25
2011.03.14 10:39:26.952,0.93494,0.93529,2.25,2.25
2011.03.14 10:39:27.472,0.93494,0.9353,2.25,2.25
2011.03.14 10:39:28.084,0.93495,0.93531,2.25,4.50
2011.03.14 10:39:28.193,0.93497,0.93531,2.25,2.25
2011.03.14 10:39:28.593,0.93499,0.93532,2.25,2.63
2011.03.14 10:39:29.033,0.93497,0.93531,2.25,2.25
2011.03.14 10:39:31.414,0.93495,0.93531,2.25,2.25
2011.03.14 10:39:32.242,0.93494,0.93528,2.25,2.25
2011.03.14 10:39:32.572,0.93491,0.93525,2.25,2.25
2011.03.14 10:39:32.903,0.93488,0.93523,2.82,2.25
2011.03.14 10:39:33.235,0.93492,0.93523,3.19,2.25
2011.03.14 10:39:33.344,0.93498,0.93527,2.07,2.25
2011.03.14 10:39:33.454,0.93502,0.93536,2.63,2.25
2011.03.14 10:39:33.645,0.93498,0.93533,4.32,4.50
2011.03.14 10:39:33.973,0.93504,0.9354,2.25,2.25
2011.03.14 10:39:34.083,0.93502,0.93543,2.63,2.40
2011.03.14 10:39:34.302,0.93504,0.93543,2.25,2.40
2011.03.14 10:39:35.843,0.93503,0.93543,2.25,2.25
2011.03.14 10:39:36.412,0.93505,0.93543,2.25,2.25
2011.03.14 10:39:36.853,0.93506,0.93543,2.40,2.25
2011.03.14 10:39:37.072,0.93504,0.93543,2.25,2.25
2011.03.14 10:39:37.783,0.93504,0.93543,2.40,2.25
2011.03.14 10:39:38.962,0.93508,0.93543,2.25,4.50
2011.03.14 10:39:39.292,0.93505,0.9354,2.40,2.25
2011.03.14 10:39:41.276,0.93505,0.9354,2.25,2.25
2011.03.14 10:39:43.887,0.93505,0.9354,2.40,2.25
2011.03.14 10:39:45.364,0.93505,0.9354,2.97,2.25
2011.03.14 10:39:45.584,0.9351,0.93543,4.50,2.25
2011.03.14 10:39:45.693,0.93512,0.93543,2.25,2.25
2011.03.14 10:39:45.915,0.93512,0.93545,2.25,2.25
2011.03.14 10:39:46.133,0.93515,0.93549,2.25,2.40
2011.03.14 10:39:46.464,0.93512,0.93545,2.25,2.25
2011.03.14 10:39:46.574,0.93513,0.93549,2.25,2.40
2011.03.14 10:39:46.793,0.93515,0.93549,2.25,2.40
2011.03.14 10:39:47.573,0.93515,0.93549,2.25,2.25
2011.03.14 10:39:48.075,0.93516,0.9355,2.25,2.40
2011.03.14 10:39:50.971,0.93515,0.93549,2.25,2.40
2011.03.14 10:39:52.712,0.93515,0.9355,2.25,2.25
2011.03.14 10:39:53.383,0.93515,0.9355,2.25,2.40
2011.03.14 10:39:53.494,0.93516,0.93551,2.25,2.25
2011.03.14 10:39:53.714,0.93516,0.93549,2.25,2.25
2011.03.14 10:39:54.119,0.93518,0.93551,2.25,2.25
2011.03.14 10:39:54.673,0.93517,0.93552,2.25,4.50
2011.03.14 10:39:56.753,0.93517,0.93552,2.82,4.50
2011.03.14 10:39:56.863,0.9352,0.93555,2.25,2.25
2011.03.14 10:39:56.973,0.9352,0.93555,2.25,2.40
2011.03.14 10:39:57.673,0.9352,0.93555,2.25,2.25
2011.03.14 10:39:57.783,0.93519,0.93552,2.25,2.25
2011.03.14 10:39:57.893,0.93517,0.93552,2.25,4.50
2011.03.14 10:39:58.775,0.93517,0.93552,2.25,4.65
2011.03.14 10:40:01.195,0.93517,0.93552,2.25,4.50
2011.03.14 10:40:01.708,0.93517,0.93552,2.25,4.65
2011.03.14 10:40:03.122,0.93517,0.93552,2.25,4.50
2011.03.14 10:40:03.955,0.93517,0.93552,2.25,4.65
2011.03.14 10:40:04.174,0.93515,0.93548,2.25,2.25
2011.03.14 10:40:04.393,0.93512,0.93548,2.25,2.25
2011.03.14 10:40:04.863,0.93512,0.93543,2.25,2.25
2011.03.14 10:40:05.117,0.9351,0.93543,2.25,2.25
2011.03.14 10:40:05.236,0.93512,0.93543,2.25,2.25
2011.03.14 10:40:06.733,0.93514,0.93548,2.25,2.25
2011.03.14 10:40:07.283,0.93514,0.93547,2.25,2.25
2011.03.14 10:40:07.503,0.93514,0.93549,2.25,2.40
2011.03.14 10:40:08.121,0.93515,0.9355,2.25,2.40
2011.03.14 10:40:09.653,0.93516,0.93549,2.25,2.40
2011.03.14 10:40:10.172,0.93515,0.93548,2.25,2.25
2011.03.14 10:40:10.822,0.93516,0.93549,2.25,2.40
2011.03.14 10:40:11.246,0.93516,0.93549,2.25,2.55
2011.03.14 10:40:12.983,0.93516,0.93549,2.25,2.40
2011.03.14 10:40:13.232,0.93516,0.93549,2.25,2.55
2011.03.14 10:40:13.452,0.93514,0.93549,2.25,2.55
2011.03.14 10:40:14.054,0.93515,0.9355,2.25,2.55
2011.03.14 10:40:14.544,0.93515,0.9355,2.82,2.40
2011.03.14 10:40:14.764,0.93509,0.93547,2.22,2.25
2011.03.14 10:40:14.873,0.93509,0.93543,1.32,2.25
2011.03.14 10:40:17.576,0.93515,0.93545,2.25,2.25
2011.03.14 10:40:17.696,0.93515,0.93548,2.25,2.40
2011.03.14 10:40:20.033,0.93515,0.93548,2.82,2.40
2011.03.14 10:40:20.253,0.93517,0.93552,2.25,4.50
2011.03.14 10:40:20.363,0.93515,0.93548,2.25,2.25
2011.03.14 10:40:22.964,0.93509,0.93542,3.19,4.50
2011.03.14 10:40:23.183,0.93509,0.93542,2.25,4.50
2011.03.14 10:40:23.293,0.93507,0.9354,5.03,2.25
2011.03.14 10:40:23.843,0.93508,0.93541,2.25,2.25
2011.03.14 10:40:24.173,0.93507,0.93542,2.78,4.50
2011.03.14 10:40:24.504,0.93512,0.93545,2.25,2.25
2011.03.14 10:40:24.612,0.93512,0.93543,2.25,2.25
2011.03.14 10:40:25.348,0.93509,0.93543,2.82,2.25
2011.03.14 10:40:25.899,0.93509,0.93542,2.82,2.25
2011.03.14 10:40:26.453,0.9351,0.93543,2.44,4.50
2011.03.14 10:40:26.893,0.93508,0.93541,2.82,2.25
2011.03.14 10:40:27.855,0.93507,0.93539,1.32,2.25
2011.03.14 10:40:28.073,0.93507,0.93541,1.32,2.25
2011.03.14 10:40:28.183,0.93507,0.93541,1.32,2.40
2011.03.14 10:40:29.016,0.93507,0.93541,1.32,2.25
2011.03.14 10:40:29.433,0.93507,0.93541,1.32,2.40
2011.03.14 10:40:29.653,0.93507,0.93541,1.47,2.25
2011.03.14 10:40:30.032,0.93506,0.93533,2.25,2.25
2011.03.14 10:40:30.143,0.93504,0.93533,2.63,2.25
2011.03.14 10:40:31.132,0.93503,0.93533,4.50,2.25
2011.03.14 10:40:31.244,0.93505,0.93538,2.25,2.25
2011.03.14 10:40:31.513,0.93503,0.93538,2.25,2.25
2011.03.14 10:40:32.174,0.93504,0.93538,2.25,2.40
2011.03.14 10:40:32.283,0.93506,0.93539,2.25,2.40
2011.03.14 10:40:33.392,0.93506,0.93539,2.25,2.25
2011.03.14 10:40:33.753,0.93509,0.93542,2.25,3.57
2011.03.14 10:40:33.865,0.93497,0.93528,3.15,2.25
2011.03.14 10:40:34.195,0.93489,0.93517,1.13,2.25
2011.03.14 10:40:34.304,0.93484,0.93517,2.25,2.25
2011.03.14 10:40:34.526,0.93487,0.93522,2.25,4.50
2011.03.14 10:40:35.084,0.93488,0.93522,2.25,2.25
2011.03.14 10:40:35.644,0.93489,0.93522,2.25,2.25
2011.03.14 10:40:35.863,0.93491,0.93524,2.25,2.25
2011.03.14 10:40:36.486,0.93492,0.93525,2.25,2.25
2011.03.14 10:40:36.812,0.93492,0.93528,2.63,2.40
2011.03.14 10:40:37.033,0.93492,0.93522,2.25,2.25
2011.03.14 10:40:37.143,0.9349,0.93522,2.25,2.25
2011.03.14 10:40:37.583,0.93488,0.93521,2.25,2.25
2011.03.14 10:40:38.132,0.93487,0.93522,2.44,4.50
2011.03.14 10:40:38.682,0.93487,0.93522,2.25,4.69
2011.03.14 10:40:39.233,0.93486,0.93519,2.25,2.44
2011.03.14 10:40:41.923,0.93489,0.93521,2.25,2.44
2011.03.14 10:40:42.362,0.93486,0.93519,2.25,2.44
2011.03.14 10:40:43.043,0.93487,0.9352,2.25,2.25
2011.03.14 10:40:45.302,0.93488,0.93521,2.25,2.63
2011.03.14 10:40:48.033,0.93492,0.93522,2.25,2.63
2011.03.14 10:40:49.882,0.93493,0.93522,2.25,2.63
2011.03.14 10:40:50.103,0.93491,0.93522,2.25,2.63
2011.03.14 10:40:51.165,0.93491,0.93522,2.25,2.63
2011.03.14 10:40:51.274,0.93482,0.93515,2.25,2.25
2011.03.14 10:40:51.383,0.93486,0.93517,2.25,2.25
2011.03.14 10:40:51.714,0.93487,0.93522,2.25,2.25
2011.03.14 10:40:51.823,0.93486,0.93519,2.25,2.25
2011.03.14 10:40:52.443,0.93487,0.93522,2.25,2.25
2011.03.14 10:40:52.662,0.93487,0.9352,2.25,2.25
2011.03.14 10:40:53.379,0.93487,0.9352,2.25,2.59
2011.03.14 10:40:53.495,0.93483,0.93516,2.25,2.25
2011.03.14 10:40:53.713,0.9348,0.93515,2.25,2.25
2011.03.14 10:40:53.823,0.93482,0.93515,2.25,2.40
2011.03.14 10:40:54.043,0.93478,0.93513,2.25,2.40
2011.03.14 10:40:54.373,0.93478,0.93511,2.25,2.25
2011.03.14 10:40:55.303,0.93477,0.9351,2.44,2.40
2011.03.14 10:40:56.775,0.93474,0.93509,4.32,2.55
2011.03.14 10:40:57.766,0.93474,0.93509,4.32,2.25
2011.03.14 10:40:58.975,0.93474,0.93509,3.57,2.40
2011.03.14 10:40:59.083,0.93474,0.93506,2.07,2.25
2011.03.14 10:41:00.179,0.93474,0.93509,3.34,2.25
2011.03.14 10:41:00.407,0.93479,0.93512,2.25,4.69
2011.03.14 10:41:00.844,0.93483,0.93513,2.25,2.25
2011.03.14 10:41:00.955,0.9348,0.93513,2.25,2.25
2011.03.14 10:41:01.864,0.93482,0.93517,2.25,2.25
2011.03.14 10:41:02.303,0.93482,0.93515,2.25,2.25
2011.03.14 10:41:02.853,0.93478,0.93509,2.82,2.25
2011.03.14 10:41:03.293,0.93478,0.93506,2.82,2.25
2011.03.14 10:41:03.885,0.93478,0.93507,2.82,2.25
2011.03.14 10:41:03.994,0.93481,0.93514,2.25,2.25
2011.03.14 10:41:05.977,0.93481,0.93514,2.40,2.25
2011.03.14 10:41:06.093,0.93482,0.93517,2.25,4.50
2011.03.14 10:41:06.202,0.93482,0.93515,2.25,2.25
2011.03.14 10:41:06.972,0.93482,0.93517,2.25,2.25
2011.03.14 10:41:07.194,0.93482,0.93515,2.25,2.25
2011.03.14 10:41:08.788,0.93482,0.93517,2.25,2.25
2011.03.14 10:41:09.236,0.93482,0.93515,2.25,2.25
2011.03.14 10:41:10.402,0.93482,0.93517,2.25,2.25
2011.03.14 10:41:11.843,0.93481,0.93514,2.25,2.25
2011.03.14 10:41:12.639,0.9348,0.93513,2.63,4.50
2011.03.14 10:41:12.973,0.93486,0.93521,2.25,2.25
2011.03.14 10:41:13.192,0.93482,0.93517,2.25,2.25
2011.03.14 10:41:13.572,0.93484,0.93517,2.25,2.25
2011.03.14 10:41:14.065,0.93484,0.93517,3.19,2.25
2011.03.14 10:41:14.283,0.93505,0.93538,2.25,2.25
2011.03.14 10:41:14.393,0.93505,0.93538,2.63,2.25
2011.03.14 10:41:14.614,0.93515,0.93542,2.25,2.25
2011.03.14 10:41:14.938,0.93509,0.93543,2.25,2.25
2011.03.14 10:41:15.493,0.93508,0.93543,2.25,2.25
2011.03.14 10:41:15.822,0.93508,0.93543,2.40,2.25
2011.03.14 10:41:16.166,0.93508,0.93543,2.25,2.25
2011.03.14 10:41:17.153,0.93508,0.93543,2.40,2.25
2011.03.14 10:41:17.704,0.93507,0.93542,2.74,2.25
2011.03.14 10:41:18.474,0.93507,0.93541,2.74,2.25
2011.03.14 10:41:18.583,0.93506,0.93539,2.59,2.25
2011.03.14 10:41:18.694,0.93506,0.93539,2.97,2.25
2011.03.14 10:41:18.803,0.93508,0.93539,2.63,2.25
2011.03.14 10:41:18.913,0.93509,0.93542,2.25,2.25
2011.03.14 10:41:19.244,0.93506,0.93537,2.63,2.25
2011.03.14 10:41:19.353,0.93507,0.93539,2.82,2.25
2011.03.14 10:41:19.465,0.93507,0.93539,2.25,2.25
2011.03.14 10:41:19.726,0.93508,0.93541,2.25,2.25
2011.03.14 10:41:19.844,0.93504,0.93539,2.78,2.25
2011.03.14 10:41:22.373,0.93504,0.93537,2.63,2.25
2011.03.14 10:41:22.971,0.93504,0.93537,2.78,2.25
2011.03.14 10:41:23.373,0.93504,0.93537,2.63,2.25
2011.03.14 10:41:23.883,0.93505,0.93538,2.25,2.25
2011.03.14 10:41:25.886,0.93505,0.93538,2.40,2.25
2011.03.14 10:41:26.340,0.93509,0.93542,2.25,2.25
2011.03.14 10:41:27.064,0.93509,0.93542,2.40,2.25
2011.03.14 10:41:27.424,0.93509,0.93542,2.25,2.25
2011.03.14 10:41:27.642,0.93509,0.93544,2.25,2.25
2011.03.14 10:41:27.863,0.93515,0.9355,2.25,2.63
2011.03.14 10:41:27.974,0.93509,0.93544,2.25,2.25
2011.03.14 10:41:28.082,0.93515,0.9355,2.25,2.78
2011.03.14 10:41:28.618,0.9351,0.93543,2.25,2.25
2011.03.14 10:41:29.712,0.9351,0.93543,2.40,2.25
2011.03.14 10:41:29.823,0.9351,0.93543,2.25,2.25
2011.03.14 10:41:29.933,0.93508,0.93543,4.50,2.25
2011.03.14 10:41:30.382,0.93506,0.93539,2.40,2.25
2011.03.14 10:41:30.783,0.93508,0.93539,2.25,2.25
2011.03.14 10:41:31.133,0.93508,0.93541,2.25,2.25
2011.03.14 10:41:31.683,0.93508,0.93542,3.19,2.25
2011.03.14 10:41:31.794,0.93517,0.93547,2.25,2.25
2011.03.14 10:41:32.014,0.93517,0.9355,4.50,2.25
2011.03.14 10:41:32.234,0.93518,0.93552,2.25,2.25
2011.03.14 10:41:33.522,0.9352,0.93553,2.25,2.40
2011.03.14 10:41:33.742,0.93518,0.93553,4.50,2.25
2011.03.14 10:41:33.963,0.93519,0.93554,2.25,2.78
2011.03.14 10:41:34.073,0.93515,0.93548,2.25,2.82
2011.03.14 10:41:34.294,0.93527,0.93561,2.25,3.15
2011.03.14 10:41:34.402,0.93527,0.93566,2.25,3.12
2011.03.14 10:41:34.624,0.93527,0.93568,2.25,3.12
2011.03.14 10:41:35.792,0.93527,0.93566,2.25,3.12
2011.03.14 10:41:36.143,0.93527,0.93566,2.25,2.97
2011.03.14 10:41:36.794,0.93528,0.93565,2.25,2.25
2011.03.14 10:41:37.014,0.93528,0.93568,2.82,2.25
2011.03.14 10:41:37.123,0.93538,0.9357,2.25,2.25
2011.03.14 10:41:37.232,0.93538,0.93574,2.25,2.97
2011.03.14 10:41:37.563,0.93538,0.93577,2.25,2.37
2011.03.14 10:41:37.672,0.93538,0.93577,2.25,2.22
2011.03.14 10:41:39.623,0.93539,0.93575,2.25,2.59
2011.03.14 10:41:40.444,0.93539,0.93575,2.25,2.74
2011.03.14 10:41:40.665,0.93541,0.93575,2.25,2.59
2011.03.14 10:41:42.794,0.93541,0.93575,2.25,2.74
2011.03.14 10:41:42.903,0.93538,0.93573,2.25,2.55
2011.03.14 10:41:43.422,0.93537,0.93572,2.25,2.40
2011.03.14 10:41:43.533,0.93535,0.93569,2.25,2.25
2011.03.14 10:41:43.642,0.93538,0.93569,2.25,2.25
2011.03.14 10:41:44.103,0.93538,0.93567,2.25,2.25
2011.03.14 10:41:44.214,0.93539,0.93573,2.25,2.40
2011.03.14 10:41:44.433,0.93537,0.93573,4.50,2.40
2011.03.14 10:41:44.717,0.93537,0.93573,2.25,2.40
2011.03.14 10:41:44.824,0.93537,0.93573,2.25,2.40
2011.03.14 10:41:44.934,0.93537,0.93573,2.25,2.40
2011.03.14 10:41:45.198,0.93537,0.93569,2.25,2.25
2011.03.14 10:41:45.426,0.93537,0.93572,4.69,2.25
2011.03.14 10:41:45.536,0.93542,0.93577,2.25,2.25
2011.03.14 10:41:45.863,0.93547,0.9358,2.25,2.25
2011.03.14 10:41:46.193,0.9355,0.93582,2.25,2.25
2011.03.14 10:41:46.524,0.93549,0.93585,2.25,2.55
2011.03.14 10:41:46.855,0.93542,0.93576,2.25,2.63
2011.03.14 10:41:47.182,0.93544,0.93577,2.25,2.25
2011.03.14 10:41:48.025,0.93545,0.93578,2.25,2.44
2011.03.14 10:41:52.835,0.9355,0.93583,2.25,2.25
2011.03.14 10:41:53.222,0.9355,0.93586,2.25,2.63
2011.03.14 10:41:53.823,0.93551,0.93587,2.40,2.63
2011.03.14 10:41:55.513,0.93551,0.93587,2.25,2.25
2011.03.14 10:41:55.842,0.93556,0.93589,2.25,2.82
2011.03.14 10:41:56.174,0.93555,0.93588,2.25,2.78
2011.03.14 10:41:56.394,0.9355,0.93584,2.40,2.25
2011.03.14 10:41:57.148,0.9355,0.93584,2.25,2.40
2011.03.14 10:41:58.736,0.9355,0.93583,2.25,2.25
2011.03.14 10:41:58.845,0.93548,0.93582,2.40,2.25
2011.03.14 10:41:59.063,0.93548,0.93582,2.25,2.25
2011.03.14 10:41:59.173,0.93551,0.93587,2.40,2.63
2011.03.14 10:42:00.154,0.93551,0.93587,2.40,2.63
2011.03.14 10:42:00.801,0.93551,0.93587,2.40,2.63
2011.03.14 10:42:01.242,0.93549,0.93583,2.40,2.25
2011.03.14 10:42:03.393,0.9355,0.93586,2.40,2.63
2011.03.14 10:42:03.973,0.93553,0.93587,2.25,2.78
2011.03.14 10:42:04.325,0.93549,0.93582,2.25,2.63
2011.03.14 10:42:04.886,0.93548,0.93583,2.25,4.88
2011.03.14 10:42:05.213,0.93548,0.93583,4.50,2.25
2011.03.14 10:42:05.324,0.93557,0.93587,2.25,3.00
2011.03.14 10:42:05.693,0.93565,0.93594,2.25,2.25
2011.03.14 10:42:06.023,0.93578,0.93603,2.25,2.25
2011.03.14 10:42:06.133,0.93569,0.93603,2.07,2.25
2011.03.14 10:42:06.244,0.93579,0.93614,2.25,2.25
2011.03.14 10:42:06.463,0.93581,0.93616,2.25,2.25
2011.03.14 10:42:07.225,0.93582,0.93615,2.25,2.25
2011.03.14 10:42:07.733,0.93583,0.93616,2.25,2.25
2011.03.14 10:42:12.876,0.93583,0.93616,2.25,2.63
2011.03.14 10:42:13.093,0.93577,0.93612,2.40,2.25
2011.03.14 10:42:13.983,0.93578,0.93612,2.25,2.25
2011.03.14 10:42:15.005,0.93578,0.93612,2.25,5.07
2011.03.14 10:42:15.114,0.93578,0.93612,2.25,4.50
2011.03.14 10:42:15.223,0.93571,0.93607,2.97,2.25
2011.03.14 10:42:15.333,0.93577,0.93612,2.25,2.25
2011.03.14 10:42:18.213,0.93576,0.9361,2.25,2.25
2011.03.14 10:42:19.043,0.93574,0.9361,4.50,2.25
2011.03.14 10:42:20.053,0.93577,0.9361,2.25,2.25
2011.03.14 10:42:20.162,0.93578,0.93612,2.25,4.50
2011.03.14 10:42:20.413,0.93576,0.93612,4.50,4.50
2011.03.14 10:42:23.834,0.93575,0.93611,4.50,2.25
2011.03.14 10:42:24.031,0.93577,0.93612,2.25,2.25
2011.03.14 10:42:24.514,0.93575,0.93608,4.50,2.82
2011.03.14 10:42:24.733,0.93572,0.93603,4.50,2.25
2011.03.14 10:42:24.843,0.9357,0.93601,2.25,2.25
2011.03.14 10:42:24.953,0.93565,0.93601,2.25,2.25
2011.03.14 10:42:25.806,0.93564,0.936,2.25,2.25
2011.03.14 10:42:26.253,0.93564,0.93598,2.25,2.25
2011.03.14 10:42:27.134,0.93561,0.93597,2.59,2.25
2011.03.14 10:42:28.474,0.93562,0.93597,2.25,2.82
2011.03.14 10:42:28.985,0.93561,0.93596,2.25,2.25
2011.03.14 10:42:29.715,0.93562,0.93597,2.25,2.25
2011.03.14 10:42:30.303,0.93563,0.93596,2.25,2.25
2011.03.14 10:42:31.116,0.93562,0.93597,2.40,2.25
2011.03.14 10:42:31.515,0.93562,0.93597,2.40,2.82
2011.03.14 10:42:31.623,0.9356,0.93593,2.40,2.25
2011.03.14 10:42:31.962,0.93563,0.93599,2.25,2.44
2011.03.14 10:42:32.263,0.93563,0.93599,2.40,2.44
2011.03.14 10:42:32.536,0.93563,0.93599,2.25,2.44
2011.03.14 10:42:33.063,0.93563,0.93599,2.40,2.44
2011.03.14 10:42:39.423,0.93557,0.9359,3.08,2.25
2011.03.14 10:42:41.862,0.93557,0.9359,2.93,2.25
2011.03.14 10:42:41.965,0.9356,0.93593,3.12,2.25
2011.03.14 10:42:42.074,0.93568,0.93595,2.25,2.25
2011.03.14 10:42:42.442,0.93568,0.93595,2.55,2.25
2011.03.14 10:42:44.745,0.93568,0.93597,2.55,2.25
2011.03.14 10:42:45.293,0.93568,0.936,2.55,2.25
2011.03.14 10:42:46.133,0.93568,0.936,2.70,2.25
2011.03.14 10:42:48.096,0.93573,0.93602,2.55,2.25
2011.03.14 10:42:48.203,0.93573,0.93606,2.55,2.44
2011.03.14 10:42:53.036,0.93573,0.93608,2.78,2.44
2011.03.14 10:42:53.145,0.93573,0.93608,3.12,2.25
2011.03.14 10:42:53.255,0.93578,0.9361,2.78,2.25
2011.03.14 10:42:53.364,0.93581,0.93613,2.97,2.25
2011.03.14 10:42:53.473,0.93581,0.93616,2.97,2.25
2011.03.14 10:42:53.583,0.93582,0.93618,2.82,4.50
2011.03.14 10:42:54.544,0.93578,0.93609,2.25,2.25
2011.03.14 10:42:54.652,0.93572,0.93607,5.40,2.25
2011.03.14 10:42:54.873,0.93571,0.93605,2.40,2.25
2011.03.14 10:42:54.983,0.93569,0.93605,3.12,2.25
2011.03.14 10:42:55.546,0.9357,0.93604,2.74,2.25
2011.03.14 10:42:56.093,0.9357,0.93604,2.74,2.25
2011.03.14 10:42:56.633,0.93572,0.93605,2.40,2.25
2011.03.14 10:42:57.157,0.93572,0.93605,2.55,2.25
2011.03.14 10:42:57.754,0.93572,0.93605,2.40,2.25
2011.03.14 10:42:57.862,0.93574,0.93607,2.40,2.25
2011.03.14 10:42:58.083,0.93574,0.93607,2.55,2.25
2011.03.14 10:42:58.193,0.93574,0.93607,2.40,2.25
2011.03.14 10:42:58.743,0.93573,0.93608,2.55,2.25
2011.03.14 10:42:58.855,0.93573,0.93608,2.40,2.25
2011.03.14 10:42:59.183,0.93575,0.9361,2.40,2.25
2011.03.14 10:42:59.733,0.93575,0.9361,2.40,2.25
2011.03.14 10:43:00.073,0.93579,0.93614,2.25,2.44
2011.03.14 10:43:00.693,0.93581,0.93614,2.25,2.44
2011.03.14 10:43:01.943,0.93579,0.93612,2.40,2.44
2011.03.14 10:43:02.054,0.93574,0.93609,2.40,2.25
2011.03.14 10:43:02.423,0.93574,0.93607,2.40,2.25
2011.03.14 10:43:02.974,0.93573,0.93608,2.40,2.25
2011.03.14 10:43:03.354,0.93573,0.93608,2.55,2.25
2011.03.14 10:43:03.463,0.93573,0.93608,2.40,2.25
2011.03.14 10:43:03.655,0.93573,0.93608,2.55,2.25
2011.03.14 10:43:04.482,0.93573,0.93608,2.78,2.25
2011.03.14 10:43:04.703,0.93577,0.93609,2.55,2.25
2011.03.14 10:43:05.434,0.93571,0.93607,2.70,2.25
2011.03.14 10:43:06.637,0.93573,0.93608,2.55,2.25
2011.03.14 10:43:07.756,0.93573,0.93608,2.78,2.25
2011.03.14 10:43:07.863,0.93578,0.93611,2.25,2.25
2011.03.14 10:43:08.883,0.93578,0.93611,4.65,2.25
2011.03.14 10:43:09.452,0.93578,0.93611,4.50,2.25
2011.03.14 10:43:09.674,0.9358,0.93613,2.40,2.44
2011.03.14 10:43:10.943,0.93583,0.93616,2.25,2.44
2011.03.14 10:43:11.895,0.93583,0.93616,2.40,2.44
2011.03.14 10:43:13.033,0.93581,0.93614,2.40,2.44
2011.03.14 10:43:14.512,0.93578,0.93611,4.65,2.25
2011.03.14 10:43:15.372,0.93579,0.93614,2.40,2.44
2011.03.14 10:43:16.415,0.93579,0.93614,2.55,2.44
2011.03.14 10:43:16.527,0.93579,0.93614,2.40,2.44
2011.03.14 10:43:16.864,0.93579,0.93614,2.55,2.44
2011.03.14 10:43:18.004,0.93584,0.93614,2.25,2.44
2011.03.14 10:43:18.114,0.93586,0.93618,2.25,1.32
2011.03.14 10:43:18.895,0.93585,0.93618,2.25,1.47
2011.03.14 10:43:21.124,0.93581,0.93613,2.40,2.44
2011.03.14 10:43:21.813,0.93577,0.9361,2.55,2.25
2011.03.14 10:43:25.404,0.93576,0.93609,2.40,2.25
2011.03.14 10:43:27.957,0.93574,0.93609,2.25,2.25
2011.03.14 10:43:28.175,0.93567,0.9359,2.25,2.25
2011.03.14 10:43:28.284,0.93559,0.9359,1.84,2.25
2011.03.14 10:43:28.503,0.93559,0.93587,1.69,2.25
2011.03.14 10:43:28.612,0.93559,0.93589,1.69,2.25
2011.03.14 10:43:28.724,0.93559,0.93586,1.69,2.25
2011.03.14 10:43:28.944,0.93548,0.9358,2.97,2.25
2011.03.14 10:43:29.052,0.9355,0.93583,2.97,2.25
2011.03.14 10:43:29.974,0.9355,0.93583,2.82,2.25
2011.03.14 10:43:30.083,0.9355,0.93583,2.82,2.25
2011.03.14 10:43:30.195,0.93555,0.93588,2.25,2.25
2011.03.14 10:43:30.523,0.9355,0.93585,3.12,2.25
2011.03.14 10:43:30.744,0.9355,0.93585,2.97,2.25
2011.03.14 10:43:30.854,0.93554,0.93587,2.25,2.25
2011.03.14 10:43:31.403,0.93554,0.93589,2.25,2.25
2011.03.14 10:43:31.733,0.93556,0.93589,2.25,2.25
2011.03.14 10:43:32.283,0.93557,0.9359,2.25,2.25
2011.03.14 10:43:32.392,0.93555,0.9359,4.50,2.25
2011.03.14 10:43:33.944,0.93558,0.93591,2.25,2.25
2011.03.14 10:43:34.275,0.93561,0.93592,2.25,4.50
2011.03.14 10:43:34.384,0.93561,0.93594,2.25,2.25
2011.03.14 10:43:34.684,0.93558,0.93592,2.25,2.25
2011.03.14 10:43:34.793,0.9356,0.93593,2.25,2.25
2011.03.14 10:43:35.803,0.9356,0.93593,2.40,2.25
2011.03.14 10:43:35.914,0.93562,0.93597,2.25,2.63
2011.03.14 10:43:36.475,0.93561,0.93594,2.25,2.25
2011.03.14 10:43:36.834,0.93557,0.9359,2.25,2.25
2011.03.14 10:43:37.053,0.93559,0.93593,2.25,2.25
2011.03.14 10:43:37.593,0.93559,0.93594,2.25,2.25
2011.03.14 10:43:37.923,0.93558,0.93592,2.25,2.25
2011.03.14 10:43:39.425,0.93558,0.93592,2.40,2.25
2011.03.14 10:43:39.754,0.93554,0.93589,2.93,2.25
2011.03.14 10:43:40.204,0.93554,0.93589,2.63,2.25
2011.03.14 10:43:40.316,0.93556,0.93591,2.25,4.88
2011.03.14 10:43:40.643,0.93547,0.93582,4.50,2.25
2011.03.14 10:43:40.974,0.93548,0.93578,2.40,2.25
2011.03.14 10:43:41.384,0.93548,0.93578,2.25,2.25
2011.03.14 10:43:42.213,0.93548,0.9358,2.25,2.25
2011.03.14 10:43:45.549,0.93545,0.9358,2.97,2.25
2011.03.14 10:43:45.903,0.93547,0.9358,2.78,2.25
2011.03.14 10:43:46.823,0.93547,0.9358,2.78,2.25
2011.03.14 10:43:47.502,0.93547,0.93581,2.40,2.25
2011.03.14 10:43:47.814,0.93544,0.93577,2.97,2.25
2011.03.14 10:43:49.743,0.93548,0.93579,2.40,2.25
2011.03.14 10:43:49.963,0.93551,0.93584,2.40,2.25
2011.03.14 10:43:50.073,0.93556,0.93591,2.25,2.63
2011.03.14 10:43:50.183,0.93551,0.93586,2.40,2.25
2011.03.14 10:43:50.450,0.93556,0.93588,2.25,2.25
2011.03.14 10:43:50.566,0.93556,0.93591,2.25,2.63
2011.03.14 10:43:50.674,0.93556,0.93591,2.25,2.78
2011.03.14 10:43:51.385,0.93555,0.9359,2.25,2.78
2011.03.14 10:43:51.824,0.93556,0.93591,2.25,2.63
2011.03.14 10:43:52.064,0.93556,0.93591,2.25,5.03
2011.03.14 10:43:52.504,0.93556,0.93591,2.25,2.63
2011.03.14 10:43:53.243,0.93554,0.93582,2.25,2.63
2011.03.14 10:43:53.353,0.93551,0.93582,2.25,2.63
2011.03.14 10:43:53.463,0.93549,0.93582,2.25,2.63
2011.03.14 10:43:54.394,0.93548,0.93581,2.25,2.63
2011.03.14 10:43:55.244,0.93549,0.93582,2.25,4.88
2011.03.14 10:43:55.990,0.93548,0.93581,2.25,2.78
2011.03.14 10:43:56.195,0.93548,0.93581,2.25,2.63
2011.03.14 10:43:56.743,0.93548,0.93581,2.25,2.25
2011.03.14 10:43:58.293,0.93541,0.93574,2.40,2.25
2011.03.14 10:43:58.513,0.93539,0.93572,2.25,2.25
2011.03.14 10:44:00.144,0.93542,0.93572,2.25,2.25
2011.03.14 10:44:00.253,0.93545,0.93578,2.25,2.40
2011.03.14 10:44:01.063,0.93544,0.93577,2.25,2.25
2011.03.14 10:44:01.612,0.93543,0.93578,2.25,2.40
2011.03.14 10:44:01.722,0.93545,0.93578,2.25,2.40
2011.03.14 10:44:02.154,0.93542,0.93572,2.25,2.25
2011.03.14 10:44:02.263,0.93538,0.93572,2.25,2.25
2011.03.14 10:44:02.484,0.93538,0.9357,2.25,2.25
2011.03.14 10:44:02.815,0.93537,0.93572,2.25,2.25
2011.03.14 10:44:02.924,0.93531,0.93567,2.40,2.25
2011.03.14 10:44:03.034,0.93531,0.93567,2.93,2.25
2011.03.14 10:44:03.144,0.93537,0.93569,2.78,2.25
2011.03.14 10:44:05.175,0.93537,0.93566,2.25,2.25
2011.03.14 10:44:05.284,0.93532,0.93566,2.97,2.25
2011.03.14 10:44:05.395,0.93531,0.93563,1.47,2.25
2011.03.14 10:44:05.614,0.93538,0.93566,2.63,2.25
2011.03.14 10:44:05.724,0.93538,0.93566,2.25,2.25
2011.03.14 10:44:05.834,0.93538,0.93569,2.25,2.25
2011.03.14 10:44:05.944,0.93533,0.93569,2.82,2.25
2011.03.14 10:44:06.053,0.93533,0.93567,2.82,2.25
2011.03.14 10:44:06.433,0.93531,0.93565,3.72,2.25
2011.03.14 10:44:06.974,0.93535,0.93569,2.44,2.25
2011.03.14 10:44:07.303,0.93533,0.93567,2.82,2.25
2011.03.14 10:44:09.523,0.93538,0.9357,2.25,2.25
2011.03.14 10:44:09.633,0.93535,0.93571,2.44,2.25
2011.03.14 10:44:09.901,0.93537,0.93569,2.25,2.25
2011.03.14 10:44:10.343,0.93537,0.93568,2.25,2.25
2011.03.14 10:44:10.673,0.93537,0.9357,2.25,2.25
2011.03.14 10:44:11.533,0.93534,0.9357,2.40,2.25
2011.03.14 10:44:11.644,0.93532,0.93567,2.25,2.25
2011.03.14 10:44:11.974,0.9353,0.93563,2.25,2.25
2011.03.14 10:44:12.413,0.93528,0.93562,2.25,2.25
2011.03.14 10:44:12.854,0.93522,0.93557,2.40,2.25
2011.03.14 10:44:13.644,0.93523,0.93558,2.25,4.50
2011.03.14 10:44:14.194,0.93525,0.93558,2.25,2.25
2011.03.14 10:44:14.524,0.93523,0.93556,2.25,2.25
2011.03.14 10:44:14.743,0.93522,0.93558,2.25,2.25
2011.03.14 10:44:14.963,0.93524,0.93558,2.25,2.25
2011.03.14 10:44:15.309,0.93522,0.93558,2.25,2.25
2011.03.14 10:44:16.393,0.93524,0.93558,2.25,2.25
2011.03.14 10:44:16.724,0.93527,0.93561,4.50,2.25
2011.03.14 10:44:16.942,0.93527,0.93563,4.50,2.25
2011.03.14 10:44:17.514,0.93527,0.93562,2.25,2.25
2011.03.14 10:44:18.237,0.93527,0.93561,2.25,2.25
2011.03.14 10:44:19.024,0.93527,0.93561,7.32,2.25
2011.03.14 10:44:19.135,0.93528,0.93563,2.63,2.25
2011.03.14 10:44:19.353,0.93532,0.93564,2.25,2.25
2011.03.14 10:44:19.465,0.93532,0.93567,2.25,2.25
2011.03.14 10:44:19.684,0.93532,0.93565,2.25,2.25
2011.03.14 10:44:20.233,0.93534,0.93568,2.25,2.25
2011.03.14 10:44:20.893,0.93535,0.93569,2.25,2.25
2011.03.14 10:44:21.883,0.93533,0.93569,2.25,2.25
2011.03.14 10:44:22.213,0.93533,0.93567,2.25,2.25
2011.03.14 10:44:22.543,0.9353,0.93564,2.40,2.25
2011.03.14 10:44:23.114,0.9353,0.93564,2.40,2.25
2011.03.14 10:44:24.865,0.93534,0.93568,2.25,2.25
2011.03.14 10:44:25.965,0.93534,0.93568,2.40,2.25
2011.03.14 10:44:26.076,0.93534,0.93568,2.25,2.25
2011.03.14 10:44:26.185,0.93534,0.93568,2.40,2.25
2011.03.14 10:44:26.294,0.93537,0.93571,2.40,2.25
2011.03.14 10:44:27.205,0.93535,0.93571,2.25,2.25
2011.03.14 10:44:27.614,0.93537,0.93571,2.25,2.25
2011.03.14 10:44:28.363,0.93538,0.93572,2.25,4.50
2011.03.14 10:44:32.443,0.93536,0.93571,2.40,2.25
2011.03.14 10:44:33.561,0.93535,0.93571,2.25,2.25
2011.03.14 10:44:33.785,0.93534,0.93568,2.25,1.32
2011.03.14 10:44:33.895,0.93528,0.93562,2.25,2.63
2011.03.14 10:44:34.175,0.93518,0.93555,2.25,2.25
2011.03.14 10:44:34.393,0.93518,0.93555,2.40,2.25
2011.03.14 10:44:34.613,0.93517,0.93558,2.93,2.25
2011.03.14 10:44:34.834,0.93517,0.93556,2.93,2.25
2011.03.14 10:44:34.944,0.93517,0.93558,2.63,2.25
2011.03.14 10:44:35.494,0.93517,0.93556,2.63,2.25
2011.03.14 10:44:35.713,0.93517,0.93558,2.63,2.25
2011.03.14 10:44:36.043,0.93517,0.93556,2.63,2.25
2011.03.14 10:44:36.924,0.93528,0.93562,2.25,2.25
2011.03.14 10:44:37.474,0.93529,0.93561,2.25,2.63
2011.03.14 10:44:37.803,0.93525,0.93559,2.25,2.25
2011.03.14 10:44:38.404,0.93523,0.93559,2.25,2.25
2011.03.14 10:44:39.443,0.93523,0.93558,2.25,2.25
2011.03.14 10:44:40.743,0.93522,0.93557,2.25,2.25
2011.03.14 10:44:42.025,0.93523,0.93558,2.25,2.63
2011.03.14 10:44:42.243,0.93521,0.93556,2.25,2.25
2011.03.14 10:44:42.464,0.93519,0.93554,2.25,2.25
2011.03.14 10:44:43.045,0.93518,0.93553,2.25,2.40
2011.03.14 10:44:43.773,0.9352,0.93553,2.25,4.50
2011.03.14 10:44:44.263,0.93522,0.93553,2.25,2.25
2011.03.14 10:44:45.683,0.93523,0.93553,2.25,2.25
2011.03.14 10:44:45.792,0.93523,0.93557,2.25,2.63
2011.03.14 10:44:46.174,0.93521,0.93555,2.25,2.25
2011.03.14 10:44:46.283,0.93522,0.93558,2.25,2.82
2011.03.14 10:44:46.841,0.9352,0.93556,4.50,2.25
2011.03.14 10:44:47.263,0.93522,0.93558,2.25,2.82
2011.03.14 10:44:47.962,0.9352,0.93556,2.25,2.25
2011.03.14 10:44:48.074,0.93523,0.93557,2.25,2.63
2011.03.14 10:44:48.405,0.93527,0.93557,2.25,2.25
2011.03.14 10:44:48.734,0.93524,0.93558,4.50,2.25
2011.03.14 10:44:49.173,0.93522,0.93556,2.25,2.25
2011.03.14 10:44:49.503,0.93524,0.93558,2.25,2.25
2011.03.14 10:44:49.753,0.93524,0.9356,2.25,2.63
2011.03.14 10:44:49.863,0.93524,0.93558,2.25,2.25
2011.03.14 10:44:50.726,0.93524,0.9356,2.25,2.63
2011.03.14 10:44:51.273,0.93523,0.93559,2.25,2.25
2011.03.14 10:44:52.284,0.93525,0.93559,2.25,2.25
2011.03.14 10:44:52.837,0.93526,0.9356,2.25,2.63
2011.03.14 10:44:56.796,0.93527,0.93561,2.25,2.63
2011.03.14 10:44:57.383,0.93526,0.9356,2.25,2.63
2011.03.14 10:44:57.722,0.93524,0.93558,2.25,2.25
2011.03.14 10:44:58.053,0.93526,0.9356,2.25,2.63
2011.03.14 10:44:58.699,0.93524,0.93558,2.25,2.25
2011.03.14 10:44:59.283,0.93524,0.9356,2.25,2.63
2011.03.14 10:44:59.503,0.93526,0.9356,2.25,2.63
2011.03.14 10:45:02.923,0.93527,0.93561,2.25,2.63
2011.03.14 10:45:03.034,0.93522,0.93558,2.25,2.25
2011.03.14 10:45:03.394,0.93522,0.93556,2.25,2.25
2011.03.14 10:45:03.506,0.93524,0.9356,2.25,2.63
2011.03.14 10:45:04.535,0.93526,0.9356,2.25,2.63
2011.03.14 10:45:04.863,0.93517,0.93551,2.25,2.25
2011.03.14 10:45:05.394,0.93513,0.93549,2.25,2.25
2011.03.14 10:45:06.023,0.93513,0.93547,2.25,2.25
2011.03.14 10:45:06.875,0.93514,0.93548,2.25,2.25
2011.03.14 10:45:07.683,0.93516,0.9355,2.25,2.25
2011.03.14 10:45:08.013,0.93514,0.9355,2.25,2.25
2011.03.14 10:45:08.563,0.93514,0.93548,2.25,2.25
2011.03.14 10:45:08.674,0.93515,0.9355,2.25,2.25
2011.03.14 10:45:08.906,0.93513,0.93549,2.25,2.25
2011.03.14 10:45:09.452,0.93514,0.9355,2.25,2.25
2011.03.14 10:45:10.875,0.93514,0.93548,2.25,2.25
2011.03.14 10:45:11.313,0.93512,0.93548,2.25,2.25
2011.03.14 10:45:11.644,0.93514,0.93548,2.25,2.25
2011.03.14 10:45:13.253,0.93513,0.93547,2.25,2.25
2011.03.14 10:45:13.473,0.93511,0.93546,2.25,2.25
2011.03.14 10:45:13.583,0.93511,0.93546,2.25,2.40
2011.03.14 10:45:13.973,0.93511,0.93546,2.25,2.25
2011.03.14 10:45:14.193,0.93509,0.93543,2.25,2.25
2011.03.14 10:45:14.523,0.93503,0.93539,2.44,2.25
2011.03.14 10:45:14.634,0.93505,0.93539,2.25,2.25
2011.03.14 10:45:16.939,0.93508,0.93541,2.25,2.25
2011.03.14 10:45:17.060,0.93508,0.93543,2.25,2.40
2011.03.14 10:45:17.285,0.93507,0.93541,2.25,2.25
2011.03.14 10:45:17.533,0.93505,0.93541,2.25,2.25
2011.03.14 10:45:18.206,0.93504,0.9354,2.25,2.40
2011.03.14 10:45:18.644,0.93502,0.93538,2.25,2.25
2011.03.14 10:45:18.754,0.935,0.93535,2.25,2.63
2011.03.14 10:45:19.082,0.93497,0.93532,2.25,4.50
2011.03.14 10:45:19.413,0.93501,0.93532,2.25,2.25
2011.03.14 10:45:19.523,0.93501,0.93534,2.25,4.50
2011.03.14 10:45:20.286,0.935,0.93535,2.25,2.25
2011.03.14 10:45:21.134,0.935,0.93533,2.25,2.25
2011.03.14 10:45:21.683,0.93507,0.93534,2.25,2.25
2011.03.14 10:45:21.916,0.93509,0.93542,2.25,2.82
2011.03.14 10:45:22.025,0.93507,0.93542,2.25,2.82
2011.03.14 10:45:22.245,0.93509,0.93542,2.25,2.97
2011.03.14 10:45:22.575,0.93506,0.93541,4.50,2.97
2011.03.14 10:45:22.683,0.93508,0.93541,2.25,2.78
2011.03.14 10:45:23.337,0.93509,0.93542,2.25,2.78
2011.03.14 10:45:24.004,0.93506,0.93539,2.25,2.63
2011.03.14 10:45:24.113,0.93504,0.93539,2.25,2.63
2011.03.14 10:45:24.224,0.93502,0.93536,2.25,2.25
2011.03.14 10:45:24.774,0.93501,0.93537,2.25,2.25
2011.03.14 10:45:25.124,0.93504,0.93537,2.25,2.25
2011.03.14 10:45:25.566,0.93518,0.9355,2.25,4.65
2011.03.14 10:45:25.894,0.93514,0.93548,2.25,2.78
2011.03.14 10:45:26.993,0.93515,0.93551,2.25,2.93
2011.03.14 10:45:27.103,0.93515,0.93551,2.25,2.78
2011.03.14 10:45:27.363,0.93513,0.93549,2.25,2.78
2011.03.14 10:45:27.475,0.93513,0.93549,2.25,2.97
2011.03.14 10:45:27.804,0.93515,0.93551,2.25,2.82
2011.03.14 10:45:27.914,0.93515,0.93549,2.25,2.97
2011.03.14 10:45:28.023,0.93511,0.93547,2.25,2.63
2011.03.14 10:45:28.764,0.93512,0.93548,2.25,2.78
2011.03.14 10:45:29.054,0.93512,0.93548,2.25,2.93
2011.03.14 10:45:29.494,0.93517,0.93547,2.25,2.40
2011.03.14 10:45:29.604,0.93517,0.93547,2.25,2.25
2011.03.14 10:45:29.824,0.93519,0.93549,2.25,2.25
2011.03.14 10:45:30.044,0.93519,0.93554,2.25,2.40
2011.03.14 10:45:31.814,0.93519,0.93554,2.25,2.40
2011.03.14 10:45:34.114,0.93519,0.93554,2.25,2.55
2011.03.14 10:45:34.223,0.93519,0.93554,2.25,2.40
2011.03.14 10:45:34.333,0.93521,0.93554,2.25,2.40
2011.03.14 10:45:35.198,0.9352,0.93553,2.25,2.25
2011.03.14 10:45:36.426,0.9352,0.93553,2.25,2.63
2011.03.14 10:45:36.534,0.93517,0.9355,2.25,2.63
2011.03.14 10:45:38.057,0.93517,0.93552,2.25,2.63
2011.03.14 10:45:38.638,0.9352,0.93553,2.25,2.63
2011.03.14 10:45:38.964,0.93514,0.9355,2.25,2.63
2011.03.14 10:45:39.073,0.93516,0.9355,2.25,2.63
2011.03.14 10:45:39.454,0.93514,0.9355,2.25,2.63
2011.03.14 10:45:40.004,0.93513,0.93549,2.25,2.63
2011.03.14 10:45:40.554,0.93515,0.93549,2.25,2.63
2011.03.14 10:45:40.749,0.93513,0.93549,2.25,2.63
2011.03.14 10:45:42.544,0.93515,0.93549,2.25,2.63
2011.03.14 10:45:44.113,0.93514,0.93548,2.25,2.63
2011.03.14 10:45:44.663,0.93516,0.9355,2.25,5.03
2011.03.14 10:45:46.284,0.93514,0.93548,4.50,2.63
2011.03.14 10:45:46.923,0.93513,0.93549,2.25,3.72
2011.03.14 10:45:47.143,0.93511,0.93547,2.25,2.82
2011.03.14 10:45:47.253,0.93511,0.93547,2.25,2.63
2011.03.14 10:45:47.472,0.93513,0.93549,2.25,2.78
2011.03.14 10:45:54.962,0.93513,0.93549,2.25,2.40
2011.03.14 10:45:55.293,0.93521,0.93556,2.25,2.82
2011.03.14 10:45:56.872,0.93522,0.93557,2.25,2.82
2011.03.14 10:45:57.532,0.93525,0.93558,2.25,2.63
2011.03.14 10:45:57.861,0.93527,0.9356,2.25,2.63
2011.03.14 10:45:57.972,0.93527,0.9356,2.25,2.25
2011.03.14 10:45:58.302,0.9353,0.93565,2.25,2.25
2011.03.14 10:45:58.742,0.93532,0.93567,2.25,2.25
2011.03.14 10:45:59.072,0.93532,0.93565,2.25,2.25
2011.03.14 10:46:01.486,0.93532,0.93567,2.25,2.25
2011.03.14 10:46:03.828,0.93533,0.93568,2.25,2.25
2011.03.14 10:46:04.362,0.93533,0.93566,2.25,2.25
2011.03.14 10:46:04.583,0.93531,0.93566,2.25,2.25
2011.03.14 10:46:04.803,0.9353,0.93563,4.50,2.25
2011.03.14 10:46:05.352,0.9353,0.93565,2.25,2.63
2011.03.14 10:46:06.113,0.93525,0.93559,2.25,2.25
2011.03.14 10:46:06.333,0.9352,0.93556,2.25,2.25
2011.03.14 10:46:06.871,0.93519,0.93555,2.25,2.25
2011.03.14 10:46:07.433,0.93519,0.93553,2.25,2.25
2011.03.14 10:46:07.982,0.93518,0.93554,4.50,2.25
2011.03.14 10:46:08.313,0.93518,0.93549,2.25,2.25
2011.03.14 10:46:08.422,0.93515,0.93549,2.25,2.25
2011.03.14 10:46:08.533,0.93512,0.93546,2.25,2.25
2011.03.14 10:46:08.643,0.9351,0.93546,2.25,2.25
2011.03.14 10:46:08.862,0.93508,0.93542,2.25,2.25
2011.03.14 10:46:09.193,0.93504,0.93539,2.25,2.25
2011.03.14 10:46:10.084,0.93508,0.93542,4.50,2.25
2011.03.14 10:46:10.192,0.93508,0.93544,4.50,2.25
2011.03.14 10:46:12.311,0.93507,0.93542,2.25,2.25
2011.03.14 10:46:12.642,0.93506,0.93539,2.25,2.25
2011.03.14 10:46:13.461,0.93504,0.93539,2.25,2.25
2011.03.14 10:46:14.583,0.93505,0.93539,2.25,2.25
2011.03.14 10:46:14.692,0.93507,0.9354,2.25,2.25
2011.03.14 10:46:15.023,0.93504,0.93537,2.25,2.25
2011.03.14 10:46:15.684,0.93505,0.93538,2.25,2.25
2011.03.14 10:46:17.613,0.935,0.93535,2.25,2.25
2011.03.14 10:46:18.525,0.935,0.93535,2.25,2.40
2011.03.14 10:46:18.743,0.935,0.93535,2.63,2.25
2011.03.14 10:46:19.073,0.93508,0.9354,2.25,2.25
2011.03.14 10:46:19.900,0.93508,0.9354,2.25,2.40
2011.03.14 10:46:20.863,0.93508,0.93539,2.25,2.40
2011.03.14 10:46:21.193,0.93504,0.93539,2.25,2.25
2011.03.14 10:46:21.303,0.935,0.93533,2.25,2.25
2011.03.14 10:46:21.963,0.93496,0.9353,2.25,2.25
2011.03.14 10:46:22.623,0.93495,0.93529,2.25,2.25
2011.03.14 10:46:22.733,0.93498,0.93529,2.25,2.25
2011.03.14 10:46:23.151,0.93498,0.93526,2.25,2.25
2011.03.14 10:46:24.082,0.93498,0.93518,2.25,2.25
2011.03.14 10:46:24.193,0.93488,0.93518,2.25,2.25
2011.03.14 10:46:24.302,0.93489,0.9352,2.25,2.25
2011.03.14 10:46:24.413,0.93489,0.93522,2.25,2.25
2011.03.14 10:46:25.752,0.93488,0.93521,2.25,2.25
2011.03.14 10:46:27.272,0.93488,0.93522,2.25,2.25
2011.03.14 10:46:27.492,0.93488,0.9352,2.25,2.25
2011.03.14 10:46:27.841,0.93489,0.93522,2.25,2.25
2011.03.14 10:46:28.391,0.93488,0.93523,4.50,2.25
2011.03.14 10:46:29.284,0.93489,0.93522,2.25,2.25
2011.03.14 10:46:31.682,0.93488,0.93522,2.25,2.25
2011.03.14 10:46:31.792,0.93488,0.9352,2.25,2.25
2011.03.14 10:46:32.672,0.93488,0.93522,2.25,2.25
2011.03.14 10:46:33.263,0.93488,0.9352,2.25,2.25
2011.03.14 10:46:33.812,0.93488,0.93521,2.25,2.25
2011.03.14 10:46:34.144,0.93488,0.93522,2.63,2.25
2011.03.14 10:46:34.253,0.9349,0.93526,2.63,2.25
2011.03.14 10:46:34.363,0.93493,0.93526,2.25,2.25
2011.03.14 10:46:34.582,0.93494,0.93528,2.25,4.50
2011.03.14 10:46:34.803,0.93492,0.93526,2.25,2.25
2011.03.14 10:46:35.683,0.93494,0.93528,2.25,2.25
2011.03.14 10:46:36.473,0.93492,0.93526,2.25,2.25
2011.03.14 10:46:37.022,0.93493,0.93527,2.25,2.25
2011.03.14 10:46:37.571,0.93494,0.93528,2.25,2.25
2011.03.14 10:46:37.682,0.93492,0.93528,2.25,2.25
2011.03.14 10:46:38.232,0.93493,0.93527,2.25,2.25
2011.03.14 10:46:38.643,0.93497,0.93527,2.25,2.25
2011.03.14 10:46:38.864,0.93497,0.93529,2.25,2.25
2011.03.14 10:46:39.083,0.93497,0.93527,2.25,2.25
2011.03.14 10:46:39.413,0.93497,0.93529,2.25,2.25
2011.03.14 10:46:39.632,0.93497,0.93527,2.63,2.25
2011.03.14 10:46:39.742,0.93497,0.93529,2.63,4.50
2011.03.14 10:46:40.072,0.93493,0.93529,2.25,2.25
2011.03.14 10:46:40.926,0.93492,0.93528,2.25,2.25
2011.03.14 10:46:43.043,0.93492,0.93528,2.63,2.25
2011.03.14 10:46:43.372,0.93498,0.93529,2.25,2.25
2011.03.14 10:46:43.943,0.93498,0.93528,2.25,2.25
2011.03.14 10:46:47.252,0.93498,0.93527,2.25,2.25
2011.03.14 10:46:47.582,0.93499,0.93534,2.63,2.25
2011.03.14 10:46:49.415,0.935,0.93535,2.63,2.25
2011.03.14 10:46:50.505,0.93498,0.93529,2.44,2.25
2011.03.14 10:46:51.073,0.93498,0.9353,2.25,2.25
2011.03.14 10:46:51.633,0.93498,0.93529,2.25,2.25
2011.03.14 10:46:54.253,0.93498,0.93529,2.63,2.25
2011.03.14 10:46:54.362,0.935,0.93533,2.63,2.25
2011.03.14 10:46:55.153,0.935,0.93533,2.78,2.25
2011.03.14 10:46:55.372,0.93498,0.93531,5.22,2.25
2011.03.14 10:46:56.584,0.93498,0.93533,5.07,2.25
2011.03.14 10:47:00.406,0.93498,0.93533,4.69,2.25
2011.03.14 10:47:00.622,0.93498,0.9353,2.25,2.25
2011.03.14 10:47:02.733,0.93498,0.93529,2.25,2.25
2011.03.14 10:47:03.174,0.93498,0.93527,2.25,2.25
2011.03.14 10:47:06.662,0.93498,0.93527,2.63,2.25
2011.03.14 10:47:06.772,0.93498,0.9353,4.88,2.25
2011.03.14 10:47:07.103,0.93498,0.93527,2.25,2.25
2011.03.14 10:47:07.872,0.93498,0.93526,2.25,2.25
2011.03.14 10:47:08.763,0.93493,0.93528,2.25,2.25
2011.03.14 10:47:08.873,0.93489,0.93523,2.82,2.25
2011.03.14 10:47:09.203,0.93488,0.93522,4.50,2.25
2011.03.14 10:47:27.742,0.93488,0.9352,2.25,2.25
2011.03.14 10:47:29.632,0.93488,0.93521,2.25,2.25
2011.03.14 10:47:30.212,0.93488,0.93522,2.25,2.25
2011.03.14 10:47:31.428,0.93488,0.93521,2.25,2.25
2011.03.14 10:47:32.312,0.93493,0.93529,2.25,2.97
2011.03.14 10:47:32.532,0.93493,0.93529,2.25,2.25
2011.03.14 10:47:32.643,0.93495,0.93529,2.25,2.63
2011.03.14 10:47:32.972,0.93493,0.93522,2.25,2.25
2011.03.14 10:47:33.083,0.93488,0.93522,2.25,2.25
2011.03.14 10:47:33.632,0.93488,0.93521,2.25,2.25
2011.03.14 10:47:34.292,0.93488,0.9352,2.25,2.25
2011.03.14 10:47:35.683,0.93489,0.93523,2.25,2.25
2011.03.14 10:47:36.123,0.93488,0.9352,2.25,2.25
2011.03.14 10:47:36.536,0.93497,0.9352,2.25,2.25
2011.03.14 10:47:36.645,0.93498,0.93532,2.25,1.28
2011.03.14 10:47:36.754,0.93496,0.93526,2.25,2.25
2011.03.14 10:47:37.303,0.93497,0.93524,2.25,2.25
2011.03.14 10:47:37.412,0.93489,0.93524,2.25,2.25
2011.03.14 10:47:37.632,0.93489,0.93522,2.25,2.25
2011.03.14 10:47:38.523,0.9349,0.93523,2.25,2.25
2011.03.14 10:47:39.074,0.93498,0.93522,2.25,2.25
2011.03.14 10:47:39.512,0.93499,0.93532,2.25,2.25
2011.03.14 10:47:39.732,0.93501,0.93536,2.25,2.63
2011.03.14 10:47:40.292,0.93508,0.93534,2.25,2.63
2011.03.14 10:47:40.404,0.93508,0.93539,2.25,2.63
2011.03.14 10:47:40.625,0.93509,0.93539,2.25,2.25
2011.03.14 10:47:40.822,0.93511,0.93546,2.25,2.63
2011.03.14 10:47:40.925,0.93508,0.9354,2.25,2.25
2011.03.14 10:47:41.033,0.93509,0.93542,2.25,2.25
2011.03.14 10:47:41.143,0.93511,0.93545,2.25,2.25
2011.03.14 10:47:41.362,0.93508,0.93544,4.50,2.25
2011.03.14 10:47:41.473,0.93511,0.93545,2.25,2.40
2011.03.14 10:47:41.693,0.93509,0.93543,2.25,2.25
2011.03.14 10:47:42.242,0.9351,0.93544,2.25,2.25
2011.03.14 10:47:42.353,0.9351,0.93546,2.25,2.25
2011.03.14 10:47:42.463,0.93507,0.93541,2.25,2.25
2011.03.14 10:47:43.032,0.93507,0.93542,2.25,2.25
2011.03.14 10:47:43.362,0.93507,0.9354,2.25,2.25
2011.03.14 10:47:43.932,0.93507,0.93539,2.25,2.25
2011.03.14 10:47:44.264,0.93512,0.93548,2.25,2.40
2011.03.14 10:47:44.482,0.93515,0.93548,2.25,2.25
2011.03.14 10:47:45.155,0.93514,0.93547,2.25,2.25
2011.03.14 10:47:45.373,0.93514,0.93549,2.25,4.65
2011.03.14 10:47:45.825,0.93513,0.93546,2.25,2.25
2011.03.14 10:47:46.155,0.93509,0.93545,2.25,2.25
2011.03.14 10:47:46.262,0.9351,0.93542,2.25,2.25
2011.03.14 10:47:46.593,0.93514,0.93547,2.25,2.25
2011.03.14 10:47:46.811,0.93516,0.93549,2.25,4.88
2011.03.14 10:47:46.985,0.93514,0.93549,2.25,4.88
2011.03.14 10:47:47.532,0.93515,0.93548,2.25,2.78
2011.03.14 10:47:47.753,0.93514,0.93547,2.25,2.63
2011.03.14 10:47:47.974,0.93505,0.93541,2.63,2.25
2011.03.14 10:47:48.082,0.93508,0.93541,2.25,2.25
2011.03.14 10:47:48.412,0.93514,0.93547,2.25,2.25
2011.03.14 10:47:48.742,0.93512,0.93547,2.25,2.25
2011.03.14 10:47:49.158,0.93512,0.93541,2.25,2.25
2011.03.14 10:47:49.272,0.93508,0.9354,2.25,2.25
2011.03.14 10:47:49.602,0.93508,0.93542,2.25,2.25
2011.03.14 10:47:50.237,0.93508,0.93541,2.25,2.25
2011.03.14 10:47:51.513,0.93511,0.93544,2.25,2.25
2011.03.14 10:47:51.732,0.93509,0.93544,2.25,2.25
2011.03.14 10:47:52.222,0.93508,0.93541,4.50,2.25
2011.03.14 10:47:52.552,0.93509,0.93543,2.25,2.40
2011.03.14 10:47:52.663,0.93511,0.93544,2.25,2.40
2011.03.14 10:47:52.773,0.93511,0.93546,2.25,2.25
2011.03.14 10:47:52.993,0.93511,0.93544,2.25,2.25
2011.03.14 10:47:56.083,0.93512,0.93545,2.25,2.25
2011.03.14 10:47:57.863,0.93514,0.93549,2.25,2.78
2011.03.14 10:47:58.411,0.93515,0.9355,2.25,2.63
2011.03.14 10:47:59.502,0.93516,0.93549,2.25,2.63
2011.03.14 10:48:00.262,0.93515,0.93548,2.25,2.63
2011.03.14 10:48:02.871,0.93517,0.9355,2.25,2.78
2011.03.14 10:48:02.982,0.93515,0.93548,2.25,2.63
2011.03.14 10:48:06.892,0.93516,0.93551,2.25,2.25
2011.03.14 10:48:09.552,0.93518,0.93553,2.25,2.82
2011.03.14 10:48:11.354,0.93518,0.93551,2.25,2.25
2011.03.14 10:48:11.684,0.9352,0.93552,2.25,2.82
2011.03.14 10:48:12.232,0.93519,0.93552,2.25,2.82
2011.03.14 10:48:12.672,0.93521,0.93556,2.25,3.57
2011.03.14 10:48:13.185,0.9352,0.93555,2.25,2.97
2011.03.14 10:48:13.402,0.93518,0.93552,2.25,2.82
2011.03.14 10:48:13.732,0.93516,0.93549,2.25,2.25
2011.03.14 10:48:15.265,0.93512,0.93547,2.25,2.25
2011.03.14 10:48:15.863,0.93512,0.93545,2.25,2.25
2011.03.14 10:48:16.453,0.93516,0.93546,2.25,2.25
2011.03.14 10:48:17.003,0.93517,0.9355,2.25,2.63
2011.03.14 10:48:18.284,0.93515,0.93548,2.25,2.63
2011.03.14 10:48:18.393,0.93515,0.93547,2.25,1.32
2011.03.14 10:48:18.724,0.93511,0.93543,2.25,2.82
2011.03.14 10:48:18.945,0.93511,0.93543,2.25,2.44
2011.03.14 10:48:19.054,0.9351,0.93544,2.25,2.25
2011.03.14 10:48:19.627,0.9351,0.93545,2.25,2.63
2011.03.14 10:48:19.733,0.93509,0.93543,2.25,2.25
2011.03.14 10:48:20.349,0.93508,0.93543,2.25,2.25
2011.03.14 10:48:20.682,0.93507,0.93541,2.25,2.25
2011.03.14 10:48:20.902,0.93503,0.93538,2.25,2.25
2011.03.14 10:48:21.483,0.93508,0.93538,2.25,2.44
2011.03.14 10:48:21.814,0.93499,0.93532,2.25,2.82
2011.03.14 10:48:22.363,0.93503,0.93534,2.25,1.32
2011.03.14 10:48:23.643,0.93503,0.93539,2.25,3.57
2011.03.14 10:48:23.863,0.93504,0.93538,2.25,2.82
2011.03.14 10:48:23.972,0.93506,0.93539,2.25,1.32
2011.03.14 10:48:24.424,0.9351,0.93539,2.25,1.32
2011.03.14 10:48:24.942,0.93509,0.93539,2.25,1.32
2011.03.14 10:48:25.272,0.93508,0.93542,2.25,3.38
2011.03.14 10:48:25.493,0.93509,0.93539,2.25,1.32
2011.03.14 10:48:25.713,0.93509,0.93539,2.25,1.32
2011.03.14 10:48:27.150,0.9351,0.93539,2.25,1.32
2011.03.14 10:48:27.482,0.9351,0.93546,2.25,3.72
2011.03.14 10:48:27.594,0.93513,0.93546,2.25,2.82
2011.03.14 10:48:27.704,0.93509,0.93543,2.25,2.63
2011.03.14 10:48:28.032,0.93508,0.93542,2.25,2.82
2011.03.14 10:48:28.144,0.93506,0.9354,2.25,2.63
2011.03.14 10:48:28.253,0.93501,0.93534,2.40,2.25
2011.03.14 10:48:28.364,0.93507,0.93541,2.25,2.82
2011.03.14 10:48:28.911,0.93508,0.93542,2.25,2.82
2011.03.14 10:48:29.403,0.93506,0.93542,2.25,2.82
2011.03.14 10:48:30.166,0.93506,0.93542,2.25,2.82
2011.03.14 10:48:30.713,0.93506,0.93542,2.25,5.07
2011.03.14 10:48:31.263,0.93508,0.93542,2.25,5.07
2011.03.14 10:48:32.014,0.93507,0.93542,2.25,2.82
2011.03.14 10:48:33.742,0.93508,0.93542,2.25,2.82
2011.03.14 10:48:34.802,0.93509,0.93545,2.25,3.72
2011.03.14 10:48:35.134,0.93509,0.93542,2.25,3.57
2011.03.14 10:48:35.242,0.93505,0.9354,2.25,2.63
2011.03.14 10:48:35.834,0.93503,0.93538,2.25,2.63
2011.03.14 10:48:36.053,0.93505,0.93538,2.25,2.63
2011.03.14 10:48:36.834,0.935,0.93535,2.25,2.63
2011.03.14 10:48:37.703,0.93499,0.93532,2.25,2.25
2011.03.14 10:48:38.393,0.93498,0.93533,2.25,2.63
2011.03.14 10:48:38.763,0.93498,0.93533,2.25,3.57
2011.03.14 10:48:39.203,0.93495,0.9353,2.25,2.82
2011.03.14 10:48:40.263,0.93497,0.9353,2.25,2.82
2011.03.14 10:48:41.872,0.93495,0.9353,2.25,2.59
2011.03.14 10:48:42.245,0.93497,0.9353,2.25,2.59
2011.03.14 10:48:42.824,0.93497,0.9353,2.25,2.97
2011.03.14 10:48:45.783,0.93492,0.93528,2.25,2.63
2011.03.14 10:48:46.515,0.93491,0.93524,2.25,2.63
2011.03.14 10:48:47.093,0.93493,0.93528,2.25,2.63
2011.03.14 10:48:47.644,0.93494,0.93527,2.25,2.63
2011.03.14 10:48:47.864,0.93497,0.93529,2.25,2.97
2011.03.14 10:48:48.921,0.93497,0.9353,2.25,2.82
2011.03.14 10:48:49.037,0.93493,0.93528,2.25,2.63
2011.03.14 10:48:49.255,0.93492,0.93525,2.25,2.63
2011.03.14 10:48:49.804,0.93482,0.93518,2.40,2.25
2011.03.14 10:48:50.025,0.93483,0.93519,2.25,2.63
2011.03.14 10:48:50.353,0.9348,0.93516,2.25,2.25
2011.03.14 10:48:50.572,0.93484,0.93518,2.25,2.25
2011.03.14 10:48:50.902,0.93488,0.93523,2.25,2.82
2011.03.14 10:48:51.122,0.93485,0.9352,2.25,2.82
2011.03.14 10:48:51.672,0.93484,0.9352,2.25,2.25
2011.03.14 10:48:51.782,0.93488,0.93521,2.25,2.25
2011.03.14 10:48:52.446,0.93488,0.93522,2.25,2.63
2011.03.14 10:48:53.902,0.93488,0.93522,2.25,2.63
2011.03.14 10:48:54.515,0.93487,0.93521,2.25,2.63
2011.03.14 10:48:56.842,0.93486,0.93522,2.25,2.63
2011.03.14 10:48:58.286,0.93486,0.9352,2.25,2.40
2011.03.14 10:48:58.937,0.93486,0.9352,2.25,2.25
2011.03.14 10:48:59.372,0.93486,0.9352,2.25,2.78
2011.03.14 10:49:00.003,0.93486,0.9352,2.25,2.63
2011.03.14 10:49:00.224,0.93484,0.9352,2.25,2.40
2011.03.14 10:49:00.552,0.93485,0.93521,2.25,2.63
2011.03.14 10:49:01.114,0.93485,0.93521,2.25,2.63
2011.03.14 10:49:01.442,0.93481,0.93517,2.25,2.63
2011.03.14 10:49:02.255,0.93481,0.93517,2.25,2.78
2011.03.14 10:49:02.473,0.9348,0.93516,2.25,2.25
2011.03.14 10:49:02.814,0.93483,0.93517,2.25,2.25
2011.03.14 10:49:03.518,0.93483,0.93519,2.25,2.40
2011.03.14 10:49:04.091,0.93485,0.93519,2.25,2.40
2011.03.14 10:49:05.136,0.93485,0.93519,2.25,2.78
2011.03.14 10:49:05.353,0.93482,0.93516,2.40,2.25
2011.03.14 10:49:05.683,0.93482,0.93518,2.25,2.25
2011.03.14 10:49:05.902,0.93484,0.93519,2.25,2.25
2011.03.14 10:49:06.252,0.93483,0.93518,2.25,2.63
2011.03.14 10:49:06.843,0.93482,0.93518,2.25,2.63
2011.03.14 10:49:07.699,0.93481,0.93517,2.25,2.63
2011.03.14 10:49:08.194,0.93483,0.93517,2.25,2.63
2011.03.14 10:49:08.654,0.93482,0.93512,2.25,2.82
2011.03.14 10:49:08.763,0.93477,0.93512,2.25,2.82
2011.03.14 10:49:08.873,0.93475,0.9351,2.25,2.82
2011.03.14 10:49:09.412,0.93474,0.93509,4.50,2.82
2011.03.14 10:49:10.072,0.93473,0.93508,2.25,2.63
2011.03.14 10:49:10.182,0.93475,0.93508,2.25,2.63
2011.03.14 10:49:12.502,0.93471,0.93506,2.25,2.25
2011.03.14 10:49:12.883,0.93472,0.93507,2.25,2.78
2011.03.14 10:49:13.213,0.93472,0.93507,2.25,2.63
2011.03.14 10:49:13.765,0.93477,0.93507,2.25,2.25
2011.03.14 10:49:13.874,0.93477,0.9351,2.25,2.44
2011.03.14 10:49:14.234,0.93475,0.9351,2.25,2.44
2011.03.14 10:49:14.453,0.93478,0.93513,2.25,5.22
2011.03.14 10:49:15.113,0.93476,0.93506,2.25,2.25
2011.03.14 10:49:15.226,0.93473,0.93506,2.25,2.25
2011.03.14 10:49:15.332,0.9348,0.93513,2.25,2.97
2011.03.14 10:49:15.553,0.93482,0.93516,2.25,1.28
2011.03.14 10:49:16.103,0.93483,0.93516,2.25,2.78
2011.03.14 10:49:16.622,0.93483,0.93518,2.25,3.12
2011.03.14 10:49:16.733,0.93478,0.93511,2.25,2.40
2011.03.14 10:49:16.842,0.93475,0.93511,2.25,2.40
2011.03.14 10:49:18.673,0.93476,0.9351,2.25,2.40
2011.03.14 10:49:18.892,0.93475,0.93511,2.25,2.25
2011.03.14 10:49:19.003,0.93475,0.93507,2.25,2.25
2011.03.14 10:49:19.113,0.9347,0.93505,2.25,2.25
2011.03.14 10:49:19.442,0.93475,0.9351,2.25,2.44
2011.03.14 10:49:20.144,0.93476,0.93509,2.25,2.44
2011.03.14 10:49:20.252,0.93474,0.93507,2.25,2.25
2011.03.14 10:49:21.263,0.93474,0.93502,2.25,2.25
2011.03.14 10:49:21.373,0.9347,0.93502,2.25,2.25
2011.03.14 10:49:21.922,0.93469,0.93502,2.25,2.25
2011.03.14 10:49:22.032,0.93469,0.93504,2.25,2.25
2011.03.14 10:49:22.596,0.93467,0.93502,2.25,2.25
2011.03.14 10:49:22.927,0.9347,0.93503,2.25,2.63
2011.03.14 10:49:23.253,0.93467,0.93502,2.25,2.25
2011.03.14 10:49:23.364,0.93469,0.93504,2.25,2.78
2011.03.14 10:49:23.693,0.93467,0.93501,2.25,2.25
2011.03.14 10:49:24.024,0.93477,0.9351,2.25,2.97
2011.03.14 10:49:24.134,0.93471,0.93504,2.25,2.25
2011.03.14 10:49:24.693,0.9347,0.93503,2.25,2.63
2011.03.14 10:49:25.242,0.93471,0.93504,2.25,2.63
2011.03.14 10:49:25.676,0.93469,0.93504,4.50,2.63
2011.03.14 10:49:26.753,0.9347,0.93505,2.25,2.63
2011.03.14 10:49:27.389,0.93471,0.93506,2.25,2.63
2011.03.14 10:49:28.323,0.9347,0.93502,2.25,2.82
2011.03.14 10:49:28.433,0.93467,0.93502,2.25,2.82
2011.03.14 10:49:28.892,0.9347,0.93503,4.50,3.19
2011.03.14 10:49:29.442,0.93471,0.93504,2.25,1.32
2011.03.14 10:49:30.033,0.9347,0.93504,2.25,1.32
2011.03.14 10:49:30.622,0.93471,0.93504,2.25,1.32
2011.03.14 10:49:31.145,0.93471,0.93506,2.25,2.63
2011.03.14 10:49:31.254,0.93473,0.93507,2.25,2.25
2011.03.14 10:49:31.802,0.93474,0.93508,2.25,2.44
2011.03.14 10:49:32.442,0.93475,0.93511,2.25,2.97
2011.03.14 10:49:36.153,0.93475,0.93506,2.25,2.63
2011.03.14 10:49:36.263,0.9347,0.93502,2.25,1.32
2011.03.14 10:49:36.483,0.93473,0.93502,2.25,1.32
2011.03.14 10:49:36.593,0.93468,0.93502,2.25,1.32
2011.03.14 10:49:37.844,0.93473,0.93503,2.25,1.32
2011.03.14 10:49:38.062,0.93471,0.93503,2.25,1.32
2011.03.14 10:49:38.343,0.93473,0.93503,2.25,1.32
2011.03.14 10:49:38.552,0.93471,0.93503,4.50,1.32
2011.03.14 10:49:39.783,0.93473,0.93503,2.25,1.32
2011.03.14 10:49:40.184,0.93471,0.93503,2.25,1.32
2011.03.14 10:49:43.632,0.93472,0.93502,2.25,1.69
2011.03.14 10:49:44.474,0.93471,0.93504,2.25,3.57
2011.03.14 10:49:45.083,0.9347,0.93504,2.25,1.32
2011.03.14 10:49:45.193,0.93468,0.93501,6.75,2.82
2011.03.14 10:49:45.633,0.93473,0.93502,2.25,1.69
2011.03.14 10:49:45.742,0.93471,0.93502,2.25,1.69
2011.03.14 10:49:46.303,0.9347,0.93502,2.25,1.69
2011.03.14 10:49:46.413,0.93472,0.93502,2.25,1.69
2011.03.14 10:49:47.545,0.93473,0.93502,2.25,1.69
2011.03.14 10:49:47.765,0.93473,0.93506,2.25,3.00
2011.03.14 10:49:47.873,0.93476,0.93508,2.25,3.38
2011.03.14 10:49:47.983,0.93476,0.93508,2.25,2.63
2011.03.14 10:49:49.134,0.93475,0.93508,2.25,2.78
2011.03.14 10:49:49.464,0.93475,0.93508,2.25,2.63
2011.03.14 10:49:49.685,0.93472,0.93507,2.25,2.63
2011.03.14 10:49:49.795,0.93474,0.93507,2.25,2.63
2011.03.14 10:49:50.352,0.93472,0.93507,2.25,2.63
2011.03.14 10:49:50.686,0.93474,0.93507,2.25,2.63
2011.03.14 10:49:50.792,0.93472,0.93507,4.50,2.63
2011.03.14 10:49:50.905,0.93474,0.93507,2.25,2.78
2011.03.14 10:49:51.016,0.93474,0.93507,2.25,2.63
2011.03.14 10:49:51.123,0.93474,0.93507,2.25,2.63
2011.03.14 10:49:51.414,0.93468,0.93502,2.25,2.25
2011.03.14 10:49:52.512,0.93468,0.93504,2.25,2.25
2011.03.14 10:49:52.952,0.93468,0.93505,2.40,2.25
2011.03.14 10:49:53.283,0.93467,0.93509,3.12,2.25
2011.03.14 10:49:53.392,0.93477,0.93509,2.25,2.25
2011.03.14 10:49:53.832,0.93477,0.93507,2.25,2.25
2011.03.14 10:49:54.165,0.93478,0.93514,2.25,2.40
2011.03.14 10:49:54.272,0.93478,0.93514,2.25,2.78
2011.03.14 10:49:54.382,0.93476,0.93512,2.25,2.63
2011.03.14 10:49:54.493,0.93474,0.93508,2.25,2.25
2011.03.14 10:49:54.823,0.93476,0.9351,2.25,2.63
2011.03.14 10:49:55.153,0.93475,0.93509,2.25,2.97
2011.03.14 10:49:55.263,0.93473,0.93505,2.25,2.63
2011.03.14 10:49:55.791,0.93473,0.93507,2.25,2.44
2011.03.14 10:49:56.832,0.93471,0.93504,2.25,2.25
2011.03.14 10:49:56.943,0.93469,0.93503,2.25,2.25
2011.03.14 10:49:57.053,0.93468,0.93501,2.25,2.25
2011.03.14 10:49:57.382,0.93463,0.93496,2.25,2.25
2011.03.14 10:49:57.554,0.93463,0.93498,2.25,4.50
2011.03.14 10:49:57.993,0.93462,0.93496,2.25,2.25
2011.03.14 10:49:58.103,0.93462,0.93498,2.25,2.25
2011.03.14 10:49:58.543,0.93461,0.93495,2.25,2.25
2011.03.14 10:49:58.765,0.93462,0.93497,2.63,2.25
2011.03.14 10:49:59.732,0.9346,0.93494,2.40,2.25
2011.03.14 10:50:00.515,0.93459,0.93493,2.25,2.25
2011.03.14 10:50:00.735,0.93463,0.93493,1.32,2.25
2011.03.14 10:50:00.954,0.93478,0.93504,2.25,2.25
2011.03.14 10:50:01.392,0.93478,0.93506,2.25,2.25
2011.03.14 10:50:03.384,0.93478,0.93501,2.25,2.25
2011.03.14 10:50:03.603,0.93478,0.93505,2.25,2.25
2011.03.14 10:50:03.712,0.93478,0.93509,2.25,2.25
2011.03.14 10:50:04.292,0.93478,0.9351,2.25,2.25
2011.03.14 10:50:04.403,0.93481,0.93515,2.25,2.97
2011.03.14 10:50:04.733,0.93485,0.93518,2.25,2.25
2011.03.14 10:50:04.845,0.93487,0.93518,2.25,2.25
2011.03.14 10:50:05.174,0.93489,0.93523,2.25,2.25
2011.03.14 10:50:05.283,0.93487,0.9352,2.25,2.25
2011.03.14 10:50:05.393,0.93487,0.93525,2.25,2.63
2011.03.14 10:50:05.962,0.93487,0.93527,2.25,2.63
2011.03.14 10:50:06.073,0.93488,0.93532,2.25,1.62
2011.03.14 10:50:06.547,0.93487,0.93526,2.25,2.63
2011.03.14 10:50:07.434,0.93487,0.93531,2.63,2.82
2011.03.14 10:50:08.215,0.93489,0.93531,2.63,2.44
2011.03.14 10:50:08.322,0.93489,0.93531,2.63,2.25
2011.03.14 10:50:08.432,0.93498,0.93531,2.25,2.25
2011.03.14 10:50:09.184,0.93498,0.9353,2.25,2.25
2011.03.14 10:50:10.195,0.93498,0.93526,2.25,2.25
2011.03.14 10:50:11.513,0.93498,0.93525,2.25,2.25
2011.03.14 10:50:12.603,0.93498,0.93527,2.25,2.25
2011.03.14 10:50:13.210,0.93498,0.93526,2.25,2.25
2011.03.14 10:50:13.542,0.93498,0.93531,2.25,2.25
2011.03.14 10:50:14.309,0.93498,0.93532,4.50,2.25
2011.03.14 10:50:15.387,0.93498,0.93534,4.50,2.93
2011.03.14 10:50:15.495,0.93498,0.93534,4.50,2.78
2011.03.14 10:50:15.602,0.93498,0.93531,2.25,2.25
2011.03.14 10:50:16.014,0.93491,0.93527,2.82,2.25
2011.03.14 10:50:16.343,0.93492,0.93528,2.25,2.44
2011.03.14 10:50:16.454,0.93492,0.93528,2.82,2.25
2011.03.14 10:50:16.783,0.93495,0.93531,2.44,2.25
2011.03.14 10:50:16.893,0.93499,0.93539,2.25,1.32
2011.03.14 10:50:17.443,0.93498,0.93539,2.25,1.32
2011.03.14 10:50:20.183,0.93499,0.93539,2.25,1.47
2011.03.14 10:50:20.514,0.93499,0.9354,2.25,1.47
2011.03.14 10:50:20.842,0.93496,0.93532,2.25,2.63
2011.03.14 10:50:20.953,0.93493,0.93532,2.25,2.63
2011.03.14 10:50:21.064,0.93497,0.93537,2.25,1.32
2011.03.14 10:50:21.643,0.93496,0.93533,4.50,2.63
2011.03.14 10:50:21.864,0.93499,0.93536,2.25,1.32
2011.03.14 10:50:22.082,0.93501,0.93534,2.25,2.40
2011.03.14 10:50:22.853,0.93501,0.93534,2.25,2.40
2011.03.14 10:50:23.655,0.93501,0.93534,2.25,2.25
2011.03.14 10:50:26.127,0.93502,0.93537,2.25,2.82
2011.03.14 10:50:27.035,0.93505,0.9354,2.25,2.55
2011.03.14 10:50:27.145,0.93504,0.93539,2.25,2.40
2011.03.14 10:50:27.583,0.93506,0.93539,2.25,2.40
2011.03.14 10:50:28.173,0.93505,0.93538,2.25,2.25
2011.03.14 10:50:29.283,0.93504,0.93537,2.25,2.25
2011.03.14 10:50:30.612,0.93502,0.93533,2.25,2.25
2011.03.14 10:50:30.722,0.935,0.93533,2.25,2.25
2011.03.14 10:50:31.433,0.93498,0.93531,2.25,2.25
2011.03.14 10:50:31.543,0.93498,0.93533,2.25,2.25
2011.03.14 10:50:33.945,0.93499,0.93534,2.25,2.25
2011.03.14 10:50:36.774,0.93499,0.93532,2.25,2.25
2011.03.14 10:50:37.715,0.93499,0.93532,2.25,3.00
2011.03.14 10:50:39.672,0.93499,0.93532,2.25,2.25
2011.03.14 10:50:41.204,0.93498,0.93534,2.25,2.25
2011.03.14 10:50:41.643,0.93502,0.93536,2.25,3.00
2011.03.14 10:50:43.974,0.93502,0.93536,2.40,3.00
2011.03.14 10:50:44.512,0.93502,0.93536,2.25,3.00
2011.03.14 10:50:45.023,0.93502,0.93538,2.25,3.15
2011.03.14 10:50:46.534,0.93502,0.93537,2.40,1.32
2011.03.14 10:50:46.921,0.935,0.93534,2.25,2.40
2011.03.14 10:50:47.894,0.935,0.93534,2.40,2.25
2011.03.14 10:50:48.114,0.935,0.93534,2.25,2.40
2011.03.14 10:50:48.475,0.935,0.93534,2.40,2.25
2011.03.14 10:50:49.742,0.93501,0.93535,2.40,2.44
2011.03.14 10:50:50.713,0.93502,0.93536,2.40,3.00
2011.03.14 10:50:51.234,0.93504,0.93517,2.25,2.82
2011.03.14 10:50:51.345,0.9348,0.93515,2.40,2.25
2011.03.14 10:50:51.452,0.9348,0.93515,2.40,3.00
2011.03.14 10:50:51.892,0.93477,0.93515,2.25,3.00
2011.03.14 10:50:52.037,0.93477,0.93515,2.55,3.00
2011.03.14 10:50:52.143,0.93477,0.93515,2.40,3.00
2011.03.14 10:50:52.366,0.9347,0.93505,2.40,2.25
2011.03.14 10:50:52.474,0.93468,0.93507,2.40,5.25
2011.03.14 10:50:53.083,0.93468,0.93505,2.40,3.00
2011.03.14 10:50:53.663,0.93468,0.93508,2.40,3.00
2011.03.14 10:50:54.407,0.93468,0.93508,2.40,3.00
2011.03.14 10:50:54.744,0.93468,0.93504,2.40,1.13
2011.03.14 10:50:54.963,0.93468,0.93508,2.40,1.13
2011.03.14 10:50:55.404,0.93469,0.93512,2.63,3.34
2011.03.14 10:50:55.623,0.93481,0.93512,2.25,3.19
2011.03.14 10:50:55.843,0.93478,0.93512,2.63,4.50
2011.03.14 10:50:56.064,0.93482,0.93514,2.25,2.63
2011.03.14 10:50:56.394,0.9348,0.93523,4.50,3.38
2011.03.14 10:50:56.503,0.93477,0.93512,2.25,3.00
2011.03.14 10:50:56.615,0.93469,0.93502,2.25,2.25
2011.03.14 10:50:56.986,0.93468,0.93503,2.25,2.25
2011.03.14 10:50:57.567,0.93468,0.93508,2.82,2.25
2011.03.14 10:50:57.784,0.93467,0.93505,3.87,2.25
2011.03.14 10:50:58.424,0.93475,0.93517,2.25,1.32
2011.03.14 10:50:58.534,0.93475,0.93517,2.40,1.32
2011.03.14 10:50:58.643,0.93475,0.93517,2.25,1.32
2011.03.14 10:50:58.753,0.93479,0.93517,2.25,1.32
2011.03.14 10:50:58.973,0.93477,0.93517,2.25,1.32
2011.03.14 10:50:59.635,0.93477,0.9352,2.63,1.69
2011.03.14 10:50:59.853,0.93482,0.93521,2.25,1.13
2011.03.14 10:51:00.384,0.93487,0.93529,4.50,1.28
2011.03.14 10:51:00.932,0.93487,0.93521,2.63,3.00
2011.03.14 10:51:01.153,0.93487,0.93518,2.25,2.25
2011.03.14 10:51:01.483,0.93487,0.93513,2.25,2.25
2011.03.14 10:51:01.596,0.93487,0.93517,2.25,2.25
2011.03.14 10:51:02.113,0.93487,0.93518,2.25,2.25
2011.03.14 10:51:02.333,0.93487,0.9352,2.25,2.25
2011.03.14 10:51:03.216,0.93487,0.93522,2.25,3.00
2011.03.14 10:51:03.832,0.93487,0.93517,2.25,2.25
2011.03.14 10:51:04.162,0.93487,0.93522,2.63,3.00
2011.03.14 10:51:05.895,0.93487,0.93522,2.78,3.00
2011.03.14 10:51:06.332,0.93487,0.9352,2.25,2.25
2011.03.14 10:51:06.553,0.93487,0.93522,2.25,3.00
2011.03.14 10:51:06.943,0.93487,0.93516,2.25,2.25
2011.03.14 10:51:10.674,0.93487,0.93516,2.78,2.25
2011.03.14 10:51:10.904,0.93487,0.93522,3.19,2.25
2011.03.14 10:51:11.013,0.93487,0.93516,3.34,2.25
2011.03.14 10:51:12.532,0.93487,0.93517,3.72,2.25
2011.03.14 10:51:13.083,0.93487,0.93518,3.72,2.25
2011.03.14 10:51:13.742,0.93487,0.9352,3.72,2.25
2011.03.14 10:51:14.414,0.93487,0.93518,3.72,2.25
2011.03.14 10:51:14.987,0.93487,0.93519,3.72,2.25
2011.03.14 10:51:15.560,0.93487,0.93518,3.72,2.25
2011.03.14 10:51:16.265,0.93487,0.93517,3.72,2.25
2011.03.14 10:51:16.814,0.93498,0.93519,2.25,2.25
2011.03.14 10:51:17.032,0.93498,0.93522,2.25,2.25
2011.03.14 10:51:17.584,0.93498,0.93521,2.25,2.25
2011.03.14 10:51:18.563,0.93488,0.93521,2.44,2.25
2011.03.14 10:51:18.673,0.93488,0.93519,2.44,2.25
2011.03.14 10:51:19.052,0.93488,0.93515,2.44,2.25
2011.03.14 10:51:19.273,0.9348,0.93515,2.25,2.25
2011.03.14 10:51:19.492,0.93477,0.93509,2.63,2.25
2011.03.14 10:51:20.083,0.93477,0.93507,2.63,2.25
2011.03.14 10:51:22.915,0.93477,0.93507,2.78,2.25
2011.03.14 10:51:23.653,0.93477,0.93508,2.78,2.25
2011.03.14 10:51:24.205,0.93477,0.9351,2.78,4.50
2011.03.14 10:51:25.677,0.93477,0.9351,2.78,2.25
2011.03.14 10:51:27.228,0.93478,0.93511,2.97,2.25
2011.03.14 10:51:28.185,0.93477,0.9351,3.87,2.25
2011.03.14 10:51:30.333,0.93487,0.93513,2.25,2.25
2011.03.14 10:51:31.196,0.93487,0.93514,2.25,2.25
2011.03.14 10:51:31.772,0.93487,0.93513,2.40,2.25
2011.03.14 10:51:31.992,0.93487,0.93515,2.40,2.25
2011.03.14 10:51:32.684,0.93487,0.93516,2.40,2.25
2011.03.14 10:51:32.794,0.93487,0.93514,2.40,2.25
2011.03.14 10:51:34.803,0.93487,0.93515,2.40,2.25
2011.03.14 10:51:37.864,0.93479,0.93509,2.40,2.25
2011.03.14 10:51:38.193,0.93477,0.93504,2.25,2.25
2011.03.14 10:51:38.524,0.93477,0.93505,2.63,2.25
2011.03.14 10:51:39.603,0.93477,0.93505,2.93,2.25
2011.03.14 10:51:40.023,0.93487,0.93505,2.25,2.25
2011.03.14 10:51:40.133,0.93487,0.93514,2.25,2.25
2011.03.14 10:51:40.352,0.93487,0.93516,2.25,2.25
2011.03.14 10:51:40.917,0.93487,0.93515,2.25,2.25
2011.03.14 10:51:42.083,0.93478,0.93506,2.40,2.25
2011.03.14 10:51:42.656,0.93478,0.93505,2.40,2.25
2011.03.14 10:51:42.764,0.93478,0.93505,2.25,2.25
2011.03.14 10:51:43.093,0.93478,0.93507,2.25,2.25
2011.03.14 10:51:43.312,0.93478,0.93505,2.25,2.25
2011.03.14 10:51:45.005,0.93478,0.93504,2.25,2.25
2011.03.14 10:51:45.718,0.93478,0.93505,2.25,2.25
2011.03.14 10:51:48.354,0.93478,0.93507,2.40,2.25
2011.03.14 10:51:48.795,0.93477,0.93506,2.40,2.25
2011.03.14 10:51:48.903,0.93477,0.93504,2.40,2.25
2011.03.14 10:51:49.765,0.93468,0.93502,2.97,2.25
2011.03.14 10:51:49.874,0.93477,0.93502,2.40,2.25
2011.03.14 10:51:49.984,0.93477,0.93504,2.40,2.25
2011.03.14 10:51:50.676,0.93477,0.93503,2.55,2.25
2011.03.14 10:51:51.213,0.93477,0.93504,2.55,2.25
2011.03.14 10:51:52.183,0.93468,0.93502,2.78,2.25
2011.03.14 10:51:52.293,0.93468,0.93502,3.12,2.25
2011.03.14 10:51:52.403,0.93477,0.93504,2.25,2.25
2011.03.14 10:51:52.623,0.93477,0.9351,2.40,2.25
2011.03.14 10:51:52.879,0.93478,0.93512,2.40,4.50
2011.03.14 10:51:53.204,0.93482,0.93514,2.25,2.25
2011.03.14 10:51:53.313,0.93478,0.93514,2.63,2.25
2011.03.14 10:51:53.852,0.93477,0.93511,5.03,2.25
2011.03.14 10:51:54.182,0.93477,0.93509,2.78,2.25
2011.03.14 10:51:54.892,0.93477,0.9351,2.78,2.25
2011.03.14 10:51:55.222,0.93488,0.93514,2.25,2.25
2011.03.14 10:51:55.594,0.93488,0.93509,2.25,2.25
2011.03.14 10:51:55.702,0.93477,0.93509,2.82,2.25
2011.03.14 10:51:56.784,0.93477,0.93505,2.44,2.25
2011.03.14 10:51:57.223,0.93477,0.93502,2.25,2.25
2011.03.14 10:51:57.634,0.93477,0.93506,2.40,2.25
2011.03.14 10:51:58.543,0.93477,0.93497,2.25,2.25
2011.03.14 10:51:58.652,0.93467,0.93497,2.25,2.25
2011.03.14 10:51:59.013,0.93467,0.93497,2.40,2.25
2011.03.14 10:51:59.123,0.93467,0.93499,2.40,2.25
2011.03.14 10:51:59.233,0.93467,0.93501,2.40,2.25
2011.03.14 10:51:59.864,0.93467,0.93501,2.55,2.25
2011.03.14 10:52:00.468,0.93467,0.93501,2.40,2.25
2011.03.14 10:52:01.515,0.93467,0.93501,2.93,2.25
2011.03.14 10:52:01.623,0.93478,0.93504,2.25,2.25
2011.03.14 10:52:01.843,0.93478,0.93506,2.25,2.25
2011.03.14 10:52:02.284,0.93478,0.93506,2.25,2.63
2011.03.14 10:52:02.505,0.93464,0.93498,2.78,2.25
2011.03.14 10:52:02.723,0.93467,0.93496,2.40,2.25
2011.03.14 10:52:03.055,0.93467,0.93498,5.07,2.25
2011.03.14 10:52:03.163,0.93467,0.93501,5.07,2.25
2011.03.14 10:52:03.384,0.93468,0.93503,2.44,2.25
2011.03.14 10:52:03.494,0.93468,0.93501,2.44,2.25
2011.03.14 10:52:03.822,0.93468,0.93498,2.44,2.25
2011.03.14 10:52:04.395,0.93458,0.93489,2.25,2.25
2011.03.14 10:52:04.803,0.93458,0.93489,2.40,2.25
2011.03.14 10:52:04.917,0.93458,0.93489,2.25,2.25
2011.03.14 10:52:06.094,0.9345,0.93483,2.40,2.25
2011.03.14 10:52:06.312,0.93448,0.93481,2.40,2.25
2011.03.14 10:52:06.533,0.93448,0.93484,2.78,2.25
2011.03.14 10:52:07.183,0.93455,0.93497,2.63,3.00
2011.03.14 10:52:07.293,0.93458,0.935,2.25,2.63
2011.03.14 10:52:07.623,0.93458,0.935,2.25,2.63
2011.03.14 10:52:07.953,0.93458,0.93492,2.25,1.13
2011.03.14 10:52:08.282,0.9345,0.93492,2.78,5.25
2011.03.14 10:52:08.392,0.9345,0.93492,2.78,3.00
2011.03.14 10:52:09.104,0.93453,0.93495,2.25,1.13
2011.03.14 10:52:09.433,0.93447,0.93482,5.37,2.25
2011.03.14 10:52:09.653,0.93451,0.93493,2.40,3.15
2011.03.14 10:52:09.763,0.93454,0.93482,2.25,2.25
2011.03.14 10:52:10.183,0.93448,0.93482,2.25,3.00
2011.03.14 10:52:10.294,0.9345,0.9349,2.25,1.13
2011.03.14 10:52:10.513,0.93448,0.9349,2.25,1.13
2011.03.14 10:52:11.014,0.93448,0.9348,2.25,1.13
2011.03.14 10:52:11.233,0.93441,0.9348,2.40,1.13
2011.03.14 10:52:12.222,0.93441,0.9348,2.40,1.13
2011.03.14 10:52:13.014,0.93437,0.93478,2.93,3.00
2011.03.14 10:52:14.035,0.93437,0.93469,2.25,2.25
2011.03.14 10:52:14.144,0.93427,0.93467,2.93,3.00
2011.03.14 10:52:14.254,0.93427,0.93467,2.93,3.00
2011.03.14 10:52:14.804,0.93427,0.93464,2.93,3.00
2011.03.14 10:52:15.105,0.93438,0.93464,2.25,3.00
2011.03.14 10:52:15.323,0.93428,0.93464,2.55,3.00
2011.03.14 10:52:15.783,0.93428,0.93462,2.40,3.38
2011.03.14 10:52:15.893,0.93418,0.93461,3.08,3.38
2011.03.14 10:52:16.004,0.93418,0.93461,2.78,3.00
2011.03.14 10:52:16.112,0.93428,0.93462,2.25,3.00
2011.03.14 10:52:16.224,0.93428,0.93457,2.25,2.25
2011.03.14 10:52:16.334,0.93428,0.93455,2.25,2.25
2011.03.14 10:52:16.442,0.93428,0.93459,2.25,2.25
2011.03.14 10:52:16.895,0.93428,0.93461,2.25,3.00
2011.03.14 10:52:17.333,0.93428,0.93459,2.25,2.25
2011.03.14 10:52:17.443,0.93428,0.93461,2.25,2.25
2011.03.14 10:52:17.663,0.9342,0.93455,2.40,2.25
2011.03.14 10:52:17.882,0.9342,0.93453,2.40,2.25
2011.03.14 10:52:18.213,0.9342,0.93453,2.55,2.25
2011.03.14 10:52:18.564,0.9342,0.93453,2.40,2.25
2011.03.14 10:52:18.942,0.93417,0.9345,5.18,2.25
2011.03.14 10:52:19.814,0.9342,0.93454,2.78,2.25
2011.03.14 10:52:19.924,0.93428,0.93456,2.25,2.25
2011.03.14 10:52:20.143,0.9343,0.93471,2.63,1.09
2011.03.14 10:52:20.363,0.93438,0.93474,2.25,3.72
2011.03.14 10:52:20.913,0.93438,0.93473,2.25,1.09
2011.03.14 10:52:22.433,0.93441,0.93478,2.25,1.28
2011.03.14 10:52:22.762,0.93438,0.93474,2.25,1.13
2011.03.14 10:52:23.342,0.93438,0.93474,2.25,1.13
2011.03.14 10:52:23.893,0.93439,0.93479,2.25,1.13
2011.03.14 10:52:24.006,0.93438,0.93469,2.25,2.63
2011.03.14 10:52:24.222,0.93433,0.93472,2.25,5.44
2011.03.14 10:52:24.332,0.93437,0.93472,2.25,5.44
2011.03.14 10:52:24.951,0.93438,0.93473,2.25,1.32
2011.03.14 10:52:25.503,0.93438,0.93478,2.25,1.13
2011.03.14 10:52:27.394,0.93438,0.93473,2.25,1.32
2011.03.14 10:52:27.614,0.93433,0.93472,2.25,3.57
2011.03.14 10:52:27.832,0.93435,0.93472,2.25,3.57
2011.03.14 10:52:28.293,0.93432,0.93472,2.25,3.57
2011.03.14 10:52:30.343,0.93428,0.9346,2.40,2.25
2011.03.14 10:52:31.134,0.93428,0.9346,2.55,2.25
2011.03.14 10:52:31.243,0.93428,0.93461,2.40,2.25
2011.03.14 10:52:33.226,0.93428,0.93461,2.55,2.25
2011.03.14 10:52:33.582,0.93428,0.93459,2.55,2.25
2011.03.14 10:52:34.512,0.93428,0.93459,2.40,2.25
2011.03.14 10:52:34.623,0.93428,0.93459,2.25,2.25
2011.03.14 10:52:34.733,0.93428,0.93453,2.25,2.25
2011.03.14 10:52:35.064,0.9342,0.93453,2.59,2.25
2011.03.14 10:52:35.174,0.93418,0.93451,3.34,2.25
2011.03.14 10:52:36.664,0.93419,0.93452,2.59,2.25
2011.03.14 10:52:37.663,0.93418,0.93453,3.34,2.25
2011.03.14 10:52:38.994,0.93417,0.93449,2.78,2.25
2011.03.14 10:52:39.323,0.93417,0.93449,2.25,3.00
2011.03.14 10:52:40.674,0.93417,0.93443,2.40,2.25
2011.03.14 10:52:40.894,0.9341,0.93443,2.25,3.00
2011.03.14 10:52:41.003,0.93408,0.9344,2.25,2.25
2011.03.14 10:52:41.113,0.93407,0.9344,2.55,2.25
2011.03.14 10:52:41.373,0.93407,0.93442,4.80,5.25
2011.03.14 10:52:41.594,0.93407,0.93439,2.55,2.25
2011.03.14 10:52:41.922,0.93407,0.9344,4.95,2.25
2011.03.14 10:52:42.503,0.93408,0.93441,2.55,2.25
2011.03.14 10:52:42.723,0.93413,0.9345,2.40,1.69
2011.03.14 10:52:42.833,0.93414,0.9345,2.25,1.69
2011.03.14 10:52:43.052,0.93414,0.93455,2.25,1.32
2011.03.14 10:52:43.162,0.93418,0.93455,2.25,1.32
2011.03.14 10:52:43.754,0.93418,0.93455,2.25,1.32
2011.03.14 10:52:44.083,0.93423,0.93457,2.25,1.69
2011.03.14 10:52:44.334,0.93423,0.93457,2.25,1.69
2011.03.14 10:52:44.445,0.93418,0.93446,2.25,2.25
2011.03.14 10:52:44.663,0.93418,0.93448,2.25,2.25
2011.03.14 10:52:45.073,0.93418,0.93446,2.40,2.25
2011.03.14 10:52:46.173,0.93418,0.93446,2.25,2.25
2011.03.14 10:52:46.394,0.93418,0.93442,2.25,2.25
2011.03.14 10:52:46.723,0.93418,0.93439,2.25,2.25
2011.03.14 10:52:47.273,0.93408,0.93438,2.55,2.25
2011.03.14 10:52:47.833,0.93408,0.93438,2.55,2.25
2011.03.14 10:52:47.942,0.93408,0.93443,4.80,2.25
2011.03.14 10:52:49.232,0.93408,0.93443,5.03,2.25
2011.03.14 10:52:49.344,0.93417,0.93447,2.25,2.25
2011.03.14 10:52:49.673,0.93409,0.93442,2.55,2.25
2011.03.14 10:52:50.002,0.93413,0.93449,2.40,3.19
2011.03.14 10:52:50.113,0.93418,0.93449,2.25,3.00
2011.03.14 10:52:50.332,0.93409,0.93444,2.40,2.25
2011.03.14 10:52:50.773,0.93417,0.93444,2.25,2.25
2011.03.14 10:52:52.053,0.93417,0.93449,2.40,2.25
2011.03.14 10:52:52.164,0.93417,0.93445,2.25,2.25
2011.03.14 10:52:52.384,0.93407,0.93442,2.40,2.25
2011.03.14 10:52:53.382,0.93407,0.9344,4.65,2.25
2011.03.14 10:52:54.342,0.93409,0.93443,2.82,2.25
2011.03.14 10:52:54.453,0.93409,0.93443,2.97,2.25
2011.03.14 10:52:54.674,0.93418,0.93446,2.25,2.25
2011.03.14 10:52:54.894,0.93413,0.93446,2.63,2.25
2011.03.14 10:52:55.003,0.93411,0.93444,2.78,2.25
2011.03.14 10:52:55.112,0.93417,0.93448,2.25,2.25
2011.03.14 10:52:58.403,0.93418,0.9345,2.63,2.25
2011.03.14 10:52:58.513,0.93418,0.93453,2.82,3.00
2011.03.14 10:52:58.733,0.93423,0.93457,2.63,3.00
2011.03.14 10:52:58.843,0.93428,0.93457,2.25,2.25
2011.03.14 10:52:59.174,0.93428,0.93462,2.25,2.25
2011.03.14 10:52:59.673,0.93428,0.93462,4.88,2.25
2011.03.14 10:53:00.255,0.93431,0.93464,2.63,2.25
2011.03.14 10:53:01.332,0.93432,0.93465,2.25,2.25
2011.03.14 10:53:01.783,0.93434,0.93467,2.25,2.25
2011.03.14 10:53:02.922,0.93432,0.93465,2.40,2.25
2011.03.14 10:53:03.873,0.93428,0.93462,4.69,2.25
2011.03.14 10:53:05.253,0.93428,0.93462,5.07,2.25
2011.03.14 10:53:05.583,0.93431,0.93464,2.82,2.25
2011.03.14 10:53:05.802,0.93431,0.93464,2.25,2.25
2011.03.14 10:53:06.194,0.93432,0.93459,2.25,1.32
2011.03.14 10:53:06.416,0.93417,0.93448,2.25,2.25
2011.03.14 10:53:06.526,0.93417,0.93442,2.25,2.25
2011.03.14 10:53:06.634,0.93417,0.9345,2.25,2.25
2011.03.14 10:53:06.855,0.93415,0.9345,2.25,2.25
2011.03.14 10:53:06.963,0.9341,0.93445,2.59,2.25
2011.03.14 10:53:07.313,0.93418,0.93445,2.25,2.25
2011.03.14 10:53:07.423,0.93412,0.93446,2.40,4.50
2011.03.14 10:53:07.883,0.93412,0.93448,2.25,2.25
2011.03.14 10:53:08.193,0.93414,0.9345,2.25,2.25
2011.03.14 10:53:08.553,0.93414,0.93448,2.25,2.25
2011.03.14 10:53:08.854,0.93416,0.9345,2.25,2.25
2011.03.14 10:53:09.184,0.93414,0.93446,2.25,2.25
2011.03.14 10:53:09.403,0.93406,0.93439,2.25,2.25
2011.03.14 10:53:09.625,0.9341,0.93441,2.25,2.25
2011.03.14 10:53:09.953,0.93415,0.93445,2.25,2.25
2011.03.14 10:53:10.173,0.93408,0.93444,2.25,2.25
2011.03.14 10:53:10.393,0.93411,0.93445,2.25,4.50
2011.03.14 10:53:11.045,0.93411,0.93445,2.25,2.63
2011.03.14 10:53:11.313,0.93408,0.93442,2.25,2.63
2011.03.14 10:53:11.703,0.93408,0.93442,2.25,2.82
2011.03.14 10:53:12.034,0.93409,0.93439,2.25,1.13
2011.03.14 10:53:12.363,0.93411,0.93443,2.25,1.32
2011.03.14 10:53:12.582,0.93411,0.93445,2.25,3.57
2011.03.14 10:53:12.693,0.93409,0.93445,2.25,3.57
2011.03.14 10:53:13.005,0.93409,0.93445,2.40,3.57
2011.03.14 10:53:13.984,0.93409,0.93445,2.40,3.57
2011.03.14 10:53:15.763,0.93409,0.93445,2.25,2.25
2011.03.14 10:53:15.873,0.93415,0.93448,2.25,3.53
2011.03.14 10:53:16.313,0.93409,0.93445,2.40,2.63
2011.03.14 10:53:17.846,0.93409,0.93445,2.40,2.63
2011.03.14 10:53:20.323,0.93409,0.93443,2.40,2.25
2011.03.14 10:53:20.995,0.93409,0.93443,2.25,2.78
2011.03.14 10:53:21.306,0.93403,0.93439,2.55,2.63
2011.03.14 10:53:21.412,0.93403,0.93439,2.55,2.25
2011.03.14 10:53:21.523,0.93403,0.93439,2.40,3.00
2011.03.14 10:53:22.094,0.93407,0.9344,2.25,2.25
2011.03.14 10:53:22.315,0.93411,0.93446,2.25,2.63
2011.03.14 10:53:22.643,0.93412,0.93446,2.25,3.00
2011.03.14 10:53:23.239,0.93413,0.93447,2.25,3.38
2011.03.14 10:53:25.343,0.93419,0.93454,2.25,3.00
2011.03.14 10:53:25.673,0.93408,0.93441,2.25,2.44
2011.03.14 10:53:26.063,0.93406,0.93442,2.40,4.32
2011.03.14 10:53:26.482,0.93406,0.93443,2.40,3.00
2011.03.14 10:53:26.703,0.93408,0.93447,2.40,1.32
2011.03.14 10:53:27.143,0.93408,0.93441,2.25,1.13
2011.03.14 10:53:27.684,0.93407,0.93442,2.40,1.13
2011.03.14 10:53:28.123,0.93407,0.93442,2.25,1.13
2011.03.14 10:53:28.233,0.93407,0.93443,3.72,3.00
2011.03.14 10:53:28.343,0.93417,0.93452,2.25,3.00
2011.03.14 10:53:28.564,0.93412,0.93452,2.40,3.38
2011.03.14 10:53:29.005,0.93412,0.9345,2.25,1.32
2011.03.14 10:53:29.224,0.9341,0.9345,2.25,1.47
2011.03.14 10:53:29.553,0.93407,0.9345,4.50,3.72
2011.03.14 10:53:29.665,0.93403,0.93442,2.25,2.63
2011.03.14 10:53:29.883,0.93398,0.93441,5.82,2.63
2011.03.14 10:53:31.103,0.93401,0.9344,2.44,2.25
2011.03.14 10:53:31.212,0.93403,0.93438,2.25,2.25
2011.03.14 10:53:32.213,0.93403,0.93431,2.25,1.13
2011.03.14 10:53:32.433,0.93392,0.93421,2.63,2.25
2011.03.14 10:53:32.653,0.93389,0.93427,1.47,2.25
2011.03.14 10:53:32.876,0.93398,0.93428,2.25,2.25
2011.03.14 10:53:32.983,0.93398,0.93431,2.25,2.25
2011.03.14 10:53:34.324,0.93398,0.93431,2.63,2.25
2011.03.14 10:53:34.542,0.93398,0.93438,2.63,2.25
2011.03.14 10:53:34.982,0.93398,0.93436,2.63,2.25
2011.03.14 10:53:36.135,0.93398,0.93436,2.25,2.25
2011.03.14 10:53:36.463,0.93398,0.93434,2.25,2.25
2011.03.14 10:53:36.922,0.93398,0.93438,2.25,2.63
2011.03.14 10:53:37.274,0.93398,0.9344,2.40,2.82
2011.03.14 10:53:37.383,0.93398,0.9344,2.63,2.44
2011.03.14 10:53:37.494,0.93398,0.93442,2.82,3.38
2011.03.14 10:53:37.714,0.93398,0.93441,2.82,3.00
2011.03.14 10:53:38.043,0.93397,0.93436,2.97,2.25
2011.03.14 10:53:38.153,0.93406,0.93441,2.25,2.25
2011.03.14 10:53:38.263,0.93406,0.93439,2.25,2.25
2011.03.14 10:53:39.284,0.93404,0.93437,2.25,2.25
2011.03.14 10:53:40.362,0.93402,0.93434,2.25,2.25
2011.03.14 10:53:40.472,0.934,0.93434,2.25,2.25
2011.03.14 10:53:40.638,0.934,0.93434,2.63,2.25
2011.03.14 10:53:40.752,0.93404,0.93437,3.57,4.50
2011.03.14 10:53:40.863,0.93409,0.93439,2.25,2.25
2011.03.14 10:53:40.972,0.93407,0.93436,5.07,2.25
2011.03.14 10:53:42.373,0.93407,0.93442,2.82,2.25
2011.03.14 10:53:43.324,0.93407,0.93443,2.82,2.25
2011.03.14 10:53:44.033,0.93415,0.93445,2.25,2.25
2011.03.14 10:53:44.142,0.93415,0.93448,2.25,2.25
2011.03.14 10:53:44.646,0.93415,0.93448,2.63,2.25
2011.03.14 10:53:44.973,0.93422,0.93455,2.25,2.55
2011.03.14 10:53:45.817,0.93422,0.93455,2.25,2.40
2011.03.14 10:53:46.885,0.93422,0.93455,2.25,2.25
2011.03.14 10:53:46.995,0.93419,0.93451,2.25,2.25
2011.03.14 10:53:47.214,0.9342,0.93453,2.25,4.50
2011.03.14 10:53:47.325,0.93423,0.93452,2.25,2.25
2011.03.14 10:53:47.432,0.9342,0.93451,2.25,2.25
2011.03.14 10:53:47.544,0.93416,0.93451,2.25,2.25
2011.03.14 10:53:47.652,0.93418,0.93451,2.25,2.25
2011.03.14 10:53:48.443,0.93417,0.9345,2.25,2.25
2011.03.14 10:53:48.664,0.93415,0.9345,2.25,2.25
2011.03.14 10:53:49.279,0.93414,0.93449,2.25,2.25
2011.03.14 10:53:49.503,0.93418,0.9345,2.25,2.25
2011.03.14 10:53:50.175,0.93415,0.93448,2.25,2.25
2011.03.14 10:53:52.942,0.93415,0.9345,2.25,4.50
2011.03.14 10:53:53.243,0.93415,0.93448,2.25,2.25
2011.03.14 10:53:53.793,0.93414,0.93449,2.25,2.25
2011.03.14 10:53:54.924,0.93417,0.9345,2.25,2.25
2011.03.14 10:53:55.364,0.93418,0.93451,2.25,2.44
2011.03.14 10:53:55.695,0.93411,0.93443,2.25,2.25
2011.03.14 10:53:55.804,0.93414,0.93443,2.25,2.25
2011.03.14 10:53:55.913,0.93414,0.93449,2.25,2.25
2011.03.14 10:53:57.434,0.93413,0.93448,2.25,2.25
2011.03.14 10:53:58.582,0.9341,0.93444,2.25,2.25
2011.03.14 10:53:58.803,0.93408,0.93444,4.50,2.25
2011.03.14 10:53:58.913,0.9341,0.93444,2.25,2.25
2011.03.14 10:54:00.468,0.93414,0.93444,2.25,2.25
2011.03.14 10:54:00.575,0.93418,0.93451,2.25,3.00
2011.03.14 10:54:01.123,0.93418,0.9345,2.25,2.25
2011.03.14 10:54:01.343,0.93419,0.93452,2.25,2.25
2011.03.14 10:54:03.624,0.9342,0.93455,4.50,2.25
2011.03.14 10:54:03.733,0.93422,0.93457,2.25,2.25
2011.03.14 10:54:04.263,0.93422,0.93457,2.25,2.63
2011.03.14 10:54:04.373,0.93418,0.93453,4.50,2.25
2011.03.14 10:54:04.943,0.93419,0.93454,2.25,2.25
2011.03.14 10:54:05.393,0.93419,0.93454,2.40,2.25
2011.03.14 10:54:05.503,0.93419,0.93454,2.25,2.25
2011.03.14 10:54:06.095,0.9342,0.93455,2.25,2.25
2011.03.14 10:54:06.624,0.9342,0.93455,2.40,2.25
2011.03.14 10:54:07.436,0.9342,0.93455,2.40,2.25
2011.03.14 10:54:08.310,0.93422,0.93455,2.25,2.25
2011.03.14 10:54:08.886,0.93422,0.93455,2.63,2.25
2011.03.14 10:54:09.103,0.93422,0.93455,2.25,2.25
2011.03.14 10:54:09.214,0.9343,0.93466,2.25,2.82
2011.03.14 10:54:09.433,0.93426,0.93461,2.25,2.63
2011.03.14 10:54:09.654,0.93427,0.93461,2.25,2.63
2011.03.14 10:54:09.873,0.93424,0.93457,2.25,2.63
2011.03.14 10:54:10.303,0.93422,0.93457,2.25,2.63
2011.03.14 10:54:11.453,0.9342,0.93455,2.25,2.25
2011.03.14 10:54:13.109,0.93421,0.93456,2.25,2.63
2011.03.14 10:54:13.227,0.93417,0.93453,2.25,4.50
2011.03.14 10:54:13.443,0.93422,0.93455,2.25,2.25
2011.03.14 10:54:14.636,0.93422,0.93455,2.63,2.25
2011.03.14 10:54:14.853,0.9343,0.93462,2.25,2.25
2011.03.14 10:54:14.963,0.93432,0.93468,2.25,2.25
2011.03.14 10:54:15.074,0.93435,0.93468,2.25,2.63
2011.03.14 10:54:15.184,0.9343,0.93466,2.25,2.63
2011.03.14 10:54:15.294,0.93422,0.93453,2.25,2.63
2011.03.14 10:54:15.404,0.9342,0.93453,2.25,2.63
2011.03.14 10:54:15.514,0.93415,0.93453,2.25,2.25
2011.03.14 10:54:15.623,0.93418,0.93457,2.25,1.32
2011.03.14 10:54:17.104,0.93418,0.93456,2.25,1.32
2011.03.14 10:54:17.323,0.93414,0.93453,2.25,2.63
2011.03.14 10:54:18.167,0.93414,0.93453,2.63,2.25
2011.03.14 10:54:18.273,0.93419,0.9346,2.25,2.78
2011.03.14 10:54:18.603,0.93421,0.93463,2.25,2.93
2011.03.14 10:54:18.823,0.93419,0.93463,2.25,2.93
2011.03.14 10:54:19.422,0.93418,0.93461,2.63,2.78
2011.03.14 10:54:20.186,0.93418,0.93463,2.63,5.03
2011.03.14 10:54:20.425,0.93424,0.93457,2.25,2.25
2011.03.14 10:54:21.426,0.93428,0.93458,4.50,2.25
2011.03.14 10:54:21.535,0.93427,0.9346,2.25,2.63
2011.03.14 10:54:21.644,0.93425,0.93459,2.25,2.25
2011.03.14 10:54:22.225,0.93424,0.93459,2.25,2.40
2011.03.14 10:54:23.773,0.93426,0.93461,2.25,2.78
2011.03.14 10:54:24.174,0.93424,0.93459,4.50,2.40
2011.03.14 10:54:24.393,0.93422,0.93457,2.25,2.25
2011.03.14 10:54:25.154,0.93425,0.93459,2.25,2.25
2011.03.14 10:54:25.594,0.93422,0.93457,2.25,2.25
2011.03.14 10:54:25.763,0.93424,0.93458,2.25,2.25
2011.03.14 10:54:26.592,0.93425,0.9346,2.25,2.78
2011.03.14 10:54:30.363,0.93423,0.93456,2.25,2.25
2011.03.14 10:54:30.692,0.93425,0.93458,2.25,2.40
2011.03.14 10:54:32.434,0.93425,0.93457,2.25,2.25
2011.03.14 10:54:32.546,0.93422,0.93455,2.40,2.25
2011.03.14 10:54:33.523,0.93426,0.93462,2.25,4.50
2011.03.14 10:54:33.887,0.93425,0.93461,2.25,2.25
2011.03.14 10:54:34.444,0.93431,0.93462,2.25,2.25
2011.03.14 10:54:34.663,0.93431,0.93464,2.25,2.25
2011.03.14 10:54:35.104,0.93429,0.93461,2.25,2.25
2011.03.14 10:54:35.433,0.93427,0.93461,2.25,2.25
2011.03.14 10:54:35.873,0.9343,0.93465,2.25,2.25
2011.03.14 10:54:36.402,0.93431,0.93466,2.25,2.25
2011.03.14 10:54:37.616,0.93432,0.93465,2.25,2.25
2011.03.14 10:54:37.724,0.9343,0.93464,4.50,2.25
2011.03.14 10:54:38.322,0.93429,0.93465,2.25,2.63
2011.03.14 10:54:38.433,0.93429,0.93462,2.25,2.25
2011.03.14 10:54:41.164,0.93428,0.93459,2.25,2.25
2011.03.14 10:54:41.384,0.93429,0.93462,2.25,7.13
2011.03.14 10:54:42.743,0.93429,0.93462,2.25,4.50
2011.03.14 10:54:42.963,0.93431,0.93465,2.25,2.82
2011.03.14 10:54:43.533,0.93432,0.93466,2.25,2.82
2011.03.14 10:54:51.265,0.93429,0.93465,2.25,2.25
2011.03.14 10:54:51.372,0.93434,0.93467,2.25,2.25
2011.03.14 10:54:51.483,0.93434,0.93469,2.25,2.25
2011.03.14 10:54:52.023,0.93436,0.9347,2.25,2.63
2011.03.14 10:54:53.345,0.93439,0.93472,2.25,5.63
2011.03.14 10:54:53.563,0.93437,0.93472,2.25,5.63
2011.03.14 10:54:54.539,0.93438,0.93471,2.25,2.63
2011.03.14 10:54:56.103,0.93438,0.93471,2.25,2.78
2011.03.14 10:54:56.216,0.93438,0.93471,2.25,2.63
2011.03.14 10:54:57.272,0.93437,0.93472,2.25,5.63
2011.03.14 10:54:58.375,0.93437,0.93472,2.25,5.25
2011.03.14 10:54:58.484,0.9344,0.93473,2.25,3.00
2011.03.14 10:54:58.814,0.93447,0.93481,2.25,3.00
2011.03.14 10:54:58.925,0.93447,0.93481,2.25,3.00
2011.03.14 10:54:59.034,0.9345,0.93482,2.25,1.13
2011.03.14 10:54:59.366,0.93448,0.93482,2.25,1.13
2011.03.14 10:54:59.583,0.9345,0.93486,2.25,3.57
2011.03.14 10:55:00.413,0.93448,0.93481,2.25,2.25
2011.03.14 10:55:00.633,0.93448,0.93478,2.25,2.25
2011.03.14 10:55:00.743,0.93443,0.93476,2.25,2.25
2011.03.14 10:55:00.963,0.93441,0.93476,2.25,2.25
2011.03.14 10:55:01.516,0.93443,0.93476,2.25,2.25
2011.03.14 10:55:02.063,0.93441,0.93476,2.25,2.25
2011.03.14 10:55:02.173,0.93441,0.93474,2.25,2.25
2011.03.14 10:55:02.708,0.9344,0.93473,2.25,2.25
2011.03.14 10:55:03.142,0.93445,0.93473,2.25,2.25
2011.03.14 10:55:03.254,0.93447,0.93476,2.25,2.25
2011.03.14 10:55:03.364,0.93447,0.9348,2.25,2.40
2011.03.14 10:55:03.475,0.93447,0.9348,2.25,2.55
2011.03.14 10:55:03.842,0.93438,0.93473,4.50,2.25
2011.03.14 10:55:04.906,0.93438,0.93472,2.25,2.25
2011.03.14 10:55:06.076,0.93438,0.93472,2.63,2.25
2011.03.14 10:55:06.293,0.93445,0.9348,2.25,2.40
2011.03.14 10:55:07.164,0.93445,0.9348,2.25,2.25
2011.03.14 10:55:07.383,0.93447,0.9348,2.25,2.25
2011.03.14 10:55:07.935,0.93453,0.93482,2.25,2.40
2011.03.14 10:55:08.045,0.93442,0.93477,2.25,2.25
2011.03.14 10:55:08.595,0.93443,0.93476,2.25,2.25
2011.03.14 10:55:10.554,0.93443,0.93478,2.25,2.25
2011.03.14 10:55:13.482,0.93444,0.93479,2.25,2.40
2011.03.14 10:55:13.593,0.93444,0.93477,2.25,2.25
2011.03.14 10:55:14.102,0.93445,0.93478,2.25,2.25
2011.03.14 10:55:14.925,0.93444,0.93477,2.25,2.25
2011.03.14 10:55:15.484,0.93445,0.93478,2.25,2.25
2011.03.14 10:55:17.871,0.93444,0.93477,2.25,2.25
2011.03.14 10:55:19.226,0.93442,0.93473,2.25,2.25
2011.03.14 10:55:19.333,0.93438,0.93473,2.82,2.25
2011.03.14 10:55:21.628,0.93438,0.93473,2.63,2.25
2011.03.14 10:55:21.734,0.93438,0.93468,2.63,2.25
2011.03.14 10:55:22.505,0.93438,0.93469,2.25,2.25
2011.03.14 10:55:22.833,0.93438,0.93471,2.82,2.25
2011.03.14 10:55:23.053,0.93438,0.93469,2.25,2.25
2011.03.14 10:55:23.605,0.93438,0.93468,2.25,2.25
2011.03.14 10:55:23.823,0.93439,0.93475,2.25,2.25
2011.03.14 10:55:24.933,0.9344,0.93476,2.25,4.50
2011.03.14 10:55:26.843,0.93439,0.93473,2.25,2.25
2011.03.14 10:55:30.544,0.93442,0.93475,2.25,2.25
2011.03.14 10:55:32.154,0.93443,0.93478,2.25,4.50
2011.03.14 10:55:32.264,0.93445,0.93478,2.25,2.25
2011.03.14 10:55:33.224,0.93445,0.93478,2.40,2.25
2011.03.14 10:55:33.802,0.93445,0.9348,2.40,4.50
2011.03.14 10:55:33.913,0.93445,0.93478,2.40,2.25
2011.03.14 10:55:34.613,0.93445,0.93478,2.25,2.25
2011.03.14 10:55:34.944,0.93447,0.93482,6.75,2.25
2011.03.14 10:55:35.164,0.9345,0.93482,2.25,2.25
2011.03.14 10:55:35.714,0.93452,0.93487,2.25,2.44
2011.03.14 10:55:36.233,0.93453,0.93486,2.25,2.44
2011.03.14 10:55:36.343,0.93451,0.93486,2.25,2.44
2011.03.14 10:55:37.353,0.93452,0.93488,2.25,2.97
2011.03.14 10:55:37.623,0.9345,0.93485,2.25,2.44
2011.03.14 10:55:37.732,0.9345,0.93485,2.40,2.44
2011.03.14 10:55:38.069,0.93454,0.93488,2.25,2.97
2011.03.14 10:55:38.341,0.93452,0.93488,2.40,2.97
2011.03.14 10:55:40.443,0.93452,0.93488,2.40,2.40
2011.03.14 10:55:40.554,0.93457,0.93488,2.25,2.40
2011.03.14 10:55:40.883,0.93452,0.93488,2.25,2.25
2011.03.14 10:55:40.995,0.93454,0.9349,2.25,2.40
2011.03.14 10:55:41.544,0.93454,0.93488,2.25,2.25
2011.03.14 10:55:42.093,0.93453,0.93489,2.25,2.40
2011.03.14 10:55:43.133,0.93454,0.9349,2.25,2.40
2011.03.14 10:55:43.865,0.93454,0.9349,2.25,2.25
2011.03.14 10:55:48.126,0.93454,0.9349,2.40,2.25
2011.03.14 10:55:48.234,0.93454,0.9349,2.25,2.25
2011.03.14 10:55:48.784,0.93461,0.93493,2.25,2.78
2011.03.14 10:55:51.583,0.93456,0.9349,2.25,2.25
2011.03.14 10:55:51.913,0.9346,0.93493,2.25,4.65
2011.03.14 10:55:52.306,0.93462,0.93493,2.25,2.25
2011.03.14 10:55:52.415,0.93459,0.93493,2.25,2.63
2011.03.14 10:55:52.743,0.93454,0.93489,2.25,2.25
2011.03.14 10:55:55.379,0.93454,0.93489,2.25,2.63
2011.03.14 10:55:55.716,0.9345,0.93483,2.25,4.50
2011.03.14 10:55:55.933,0.93447,0.9348,4.50,2.25
2011.03.14 10:55:56.376,0.93444,0.93476,2.25,2.25
2011.03.14 10:55:56.483,0.93441,0.93476,2.25,2.25
2011.03.14 10:55:57.864,0.93445,0.93478,2.25,2.25
2011.03.14 10:55:58.384,0.93451,0.93482,2.25,2.25
2011.03.14 10:55:58.713,0.93456,0.93482,2.25,2.25
2011.03.14 10:55:59.483,0.9345,0.93482,2.25,2.25
2011.03.14 10:56:00.145,0.93448,0.93482,2.25,2.25
2011.03.14 10:56:00.255,0.93451,0.93483,2.25,2.25
2011.03.14 10:56:00.363,0.93453,0.93488,2.25,2.25
2011.03.14 10:56:00.734,0.93453,0.93486,2.25,2.25
2011.03.14 10:56:00.954,0.93453,0.93488,2.25,2.25
2011.03.14 10:56:02.174,0.93453,0.93488,2.25,2.63
2011.03.14 10:56:02.506,0.93447,0.93482,2.59,2.25
2011.03.14 10:56:02.833,0.93455,0.93484,2.25,2.25
2011.03.14 10:56:02.943,0.93452,0.93484,2.25,2.25
2011.03.14 10:56:03.055,0.93452,0.93487,2.25,2.25
2011.03.14 10:56:03.163,0.93454,0.93487,2.25,2.25
2011.03.14 10:56:03.383,0.93454,0.93489,2.25,2.25
2011.03.14 10:56:05.293,0.93454,0.93487,2.25,2.25
2011.03.14 10:56:05.733,0.93454,0.93489,2.40,2.25
2011.03.14 10:56:06.666,0.93453,0.93488,2.40,2.25
2011.03.14 10:56:06.774,0.93455,0.93488,2.25,2.25
2011.03.14 10:56:07.373,0.93456,0.93489,2.40,2.25
2011.03.14 10:56:07.824,0.93456,0.93489,2.25,2.25
2011.03.14 10:56:09.133,0.93454,0.93487,2.25,2.25
2011.03.14 10:56:09.663,0.93452,0.93487,2.25,2.25
2011.03.14 10:56:10.383,0.93452,0.93485,2.25,2.25
2011.03.14 10:56:10.493,0.93452,0.93487,2.25,2.25
2011.03.14 10:56:11.905,0.93451,0.93486,4.50,2.25
2011.03.14 10:56:12.124,0.93451,0.93486,2.25,2.63
2011.03.14 10:56:12.454,0.93439,0.93474,2.40,2.25
2011.03.14 10:56:13.004,0.93438,0.93471,2.40,2.25
2011.03.14 10:56:15.325,0.93438,0.93471,2.40,2.25
2011.03.14 10:56:16.009,0.93438,0.93471,2.25,2.25
2011.03.14 10:56:16.233,0.93438,0.93473,2.25,2.25
2011.03.14 10:56:16.345,0.93438,0.93473,2.40,2.25
2011.03.14 10:56:16.454,0.93438,0.93473,2.25,2.25
2011.03.14 10:56:16.785,0.93439,0.93474,2.40,2.25
2011.03.14 10:56:17.405,0.93439,0.93474,2.25,2.25
2011.03.14 10:56:18.381,0.93439,0.93474,2.40,2.25
2011.03.14 10:56:19.215,0.93439,0.93474,2.63,2.25
2011.03.14 10:56:19.436,0.93443,0.93479,2.25,2.25
2011.03.14 10:56:21.613,0.93443,0.93479,2.40,2.25
2011.03.14 10:56:22.054,0.93437,0.93472,4.50,2.25
2011.03.14 10:56:23.485,0.93436,0.93469,2.63,2.25
2011.03.14 10:56:23.703,0.93439,0.93474,2.25,2.25
2011.03.14 10:56:24.033,0.93441,0.93474,2.25,2.25
2011.03.14 10:56:24.364,0.93443,0.93477,2.25,2.25
2011.03.14 10:56:24.985,0.93442,0.93478,2.25,2.25
2011.03.14 10:56:25.092,0.93444,0.93478,2.25,2.25
2011.03.14 10:56:27.646,0.93444,0.93478,2.40,2.25
2011.03.14 10:56:30.234,0.93444,0.93478,2.25,2.25
2011.03.14 10:56:30.344,0.9345,0.93483,2.25,3.19
2011.03.14 10:56:30.455,0.93442,0.93478,2.40,2.25
2011.03.14 10:56:30.563,0.93447,0.93481,2.25,2.44
2011.03.14 10:56:32.153,0.93441,0.93472,2.25,2.25
2011.03.14 10:56:32.483,0.93445,0.93479,2.25,2.63
2011.03.14 10:56:34.304,0.93443,0.93478,2.25,2.25
2011.03.14 10:56:34.413,0.93442,0.93475,2.40,2.25
2011.03.14 10:56:35.443,0.93447,0.93475,2.25,2.25
2011.03.14 10:56:35.552,0.93442,0.93475,2.40,2.25
2011.03.14 10:56:36.055,0.93444,0.93477,2.25,2.25
2011.03.14 10:56:36.403,0.93442,0.93473,2.25,2.25
2011.03.14 10:56:36.513,0.93438,0.93473,2.25,4.50
2011.03.14 10:56:38.254,0.93437,0.9347,2.25,2.25
2011.03.14 10:56:38.693,0.93439,0.93472,2.25,2.25
2011.03.14 10:56:43.475,0.93442,0.93475,2.25,2.25
2011.03.14 10:56:43.583,0.9344,0.93475,2.25,2.25
2011.03.14 10:56:44.024,0.93444,0.93478,2.25,2.25
2011.03.14 10:56:44.793,0.93443,0.93477,2.25,2.25
2011.03.14 10:56:45.014,0.93443,0.93479,2.25,2.25
2011.03.14 10:56:46.294,0.93445,0.93479,2.25,2.25
2011.03.14 10:56:46.404,0.93443,0.93479,2.25,2.25
2011.03.14 10:56:46.513,0.93443,0.93479,2.40,2.25
2011.03.14 10:56:46.844,0.93445,0.93479,3.57,2.25
2011.03.14 10:56:47.175,0.93453,0.93488,2.25,2.25
2011.03.14 10:56:47.504,0.93455,0.93488,2.25,2.25
2011.03.14 10:56:47.934,0.93452,0.93487,2.25,2.25
2011.03.14 10:56:48.894,0.93454,0.93487,2.25,2.25
2011.03.14 10:56:49.423,0.93453,0.93486,2.25,2.25
2011.03.14 10:56:50.693,0.93452,0.93485,2.40,2.25
2011.03.14 10:56:53.313,0.93451,0.93486,2.40,2.25
2011.03.14 10:57:00.185,0.93451,0.93486,2.40,2.25
2011.03.14 10:57:00.773,0.93452,0.93487,2.25,2.25
2011.03.14 10:57:01.268,0.93452,0.93487,2.25,2.63
2011.03.14 10:57:01.593,0.93451,0.93483,2.40,2.25
2011.03.14 10:57:02.139,0.93451,0.93483,2.25,2.25
2011.03.14 10:57:02.475,0.93452,0.93487,2.25,2.44
2011.03.14 10:57:03.292,0.93451,0.93486,2.25,2.44
2011.03.14 10:57:07.483,0.93451,0.93484,2.40,2.25
2011.03.14 10:57:08.295,0.93451,0.93486,2.25,2.44
2011.03.14 10:57:08.514,0.9345,0.93483,2.25,2.25
2011.03.14 10:57:09.064,0.93449,0.93482,2.25,2.25
2011.03.14 10:57:09.903,0.9345,0.93483,2.25,2.25
2011.03.14 10:57:10.544,0.93451,0.93484,2.25,2.25
2011.03.14 10:57:11.063,0.93448,0.93483,4.50,2.25
2011.03.14 10:57:13.047,0.93449,0.93484,2.25,2.25
2011.03.14 10:57:13.375,0.93449,0.93482,2.25,2.25
2011.03.14 10:57:13.815,0.93453,0.93481,2.25,2.25
2011.03.14 10:57:13.924,0.9345,0.93485,2.25,2.25
2011.03.14 10:57:14.034,0.9345,0.93483,2.25,2.25
2011.03.14 10:57:14.144,0.93451,0.93486,2.25,2.25
2011.03.14 10:57:14.363,0.93453,0.93486,2.25,2.25
2011.03.14 10:57:15.044,0.93451,0.93484,2.25,2.25
2011.03.14 10:57:15.594,0.93448,0.93483,2.25,2.25
2011.03.14 10:57:16.376,0.93448,0.93483,2.40,2.25
2011.03.14 10:57:18.204,0.93448,0.93483,2.25,2.25
2011.03.14 10:57:18.534,0.93448,0.93483,2.40,2.25
2011.03.14 10:57:18.688,0.93448,0.93483,2.25,2.25
2011.03.14 10:57:21.885,0.93448,0.93483,2.40,2.25
2011.03.14 10:57:22.354,0.93448,0.93483,2.25,2.25
2011.03.14 10:57:22.796,0.93451,0.93484,2.25,4.50
2011.03.14 10:57:23.124,0.93447,0.93468,2.25,2.25
2011.03.14 10:57:23.236,0.93437,0.93468,2.25,2.25
2011.03.14 10:57:23.344,0.93437,0.93466,2.25,2.25
2011.03.14 10:57:23.687,0.93433,0.93466,2.25,2.25
2011.03.14 10:57:23.799,0.9343,0.93465,2.25,2.82
2011.03.14 10:57:24.015,0.93422,0.93458,2.25,2.25
2011.03.14 10:57:24.454,0.93419,0.93455,2.25,2.25
2011.03.14 10:57:24.785,0.9342,0.93456,2.40,2.25
2011.03.14 10:57:25.004,0.93418,0.93454,4.50,2.25
2011.03.14 10:57:25.334,0.93421,0.93455,2.25,2.25
2011.03.14 10:57:25.663,0.93419,0.93451,2.25,2.25
2011.03.14 10:57:25.774,0.93419,0.93453,2.25,2.25
2011.03.14 10:57:25.994,0.93417,0.93453,2.25,4.88
2011.03.14 10:57:26.213,0.93415,0.93451,2.25,2.63
2011.03.14 10:57:26.652,0.93414,0.9345,2.25,3.57
2011.03.14 10:57:26.983,0.93413,0.93443,2.25,2.63
2011.03.14 10:57:27.189,0.93411,0.93443,2.25,2.25
2011.03.14 10:57:27.404,0.93412,0.93447,2.25,2.44
2011.03.14 10:57:28.068,0.93412,0.93445,2.25,2.25
2011.03.14 10:57:28.393,0.93413,0.93446,2.40,2.44
2011.03.14 10:57:28.504,0.93413,0.93446,4.50,2.25
2011.03.14 10:57:28.614,0.93416,0.93449,2.25,2.25
2011.03.14 10:57:30.157,0.93415,0.9345,2.25,2.25
2011.03.14 10:57:30.487,0.93418,0.93452,2.25,2.25
2011.03.14 10:57:30.704,0.93416,0.93452,2.25,2.25
2011.03.14 10:57:31.256,0.93419,0.93452,2.25,2.25
2011.03.14 10:57:32.322,0.93419,0.93454,2.25,2.25
2011.03.14 10:57:32.543,0.93417,0.93452,4.65,2.25
2011.03.14 10:57:33.843,0.93417,0.93453,2.40,2.25
2011.03.14 10:57:34.173,0.93422,0.93457,2.25,2.25
2011.03.14 10:57:35.943,0.93424,0.93458,2.25,2.25
2011.03.14 10:57:36.273,0.93422,0.93457,2.40,2.25
2011.03.14 10:57:36.575,0.93424,0.93459,2.25,4.50
2011.03.14 10:57:36.904,0.93426,0.93461,2.25,2.25
2011.03.14 10:57:37.284,0.93426,0.93459,2.40,2.25
2011.03.14 10:57:38.273,0.9343,0.93463,2.25,2.44
2011.03.14 10:57:38.636,0.93425,0.93458,4.65,2.25
2011.03.14 10:57:38.748,0.93426,0.93461,2.40,2.25
2011.03.14 10:57:38.854,0.93425,0.93459,2.25,2.25
2011.03.14 10:57:40.303,0.93425,0.9346,2.25,2.25
2011.03.14 10:57:40.893,0.93424,0.93459,2.25,2.25
2011.03.14 10:57:41.254,0.93426,0.93459,2.25,2.25
2011.03.14 10:57:42.073,0.93426,0.93461,2.25,2.25
2011.03.14 10:57:42.961,0.93426,0.93461,2.40,2.25
2011.03.14 10:57:43.543,0.93427,0.9346,4.50,2.25
2011.03.14 10:57:43.763,0.93427,0.93462,4.50,2.44
2011.03.14 10:57:43.983,0.93431,0.93463,2.25,2.44
2011.03.14 10:57:45.243,0.93431,0.93464,2.25,2.25
2011.03.14 10:57:45.463,0.93434,0.9347,2.25,2.44
2011.03.14 10:57:45.931,0.93433,0.93469,2.25,2.40
2011.03.14 10:57:46.384,0.93431,0.93467,2.25,2.25
2011.03.14 10:57:46.713,0.93428,0.93464,3.57,2.25
2011.03.14 10:57:46.934,0.93438,0.93472,2.25,2.25
2011.03.14 10:57:47.653,0.93433,0.93468,2.25,2.25
2011.03.14 10:57:49.844,0.9344,0.93473,2.25,2.25
2011.03.14 10:57:50.438,0.93439,0.93472,2.25,2.25
2011.03.14 10:57:50.556,0.93437,0.93472,2.25,2.25
2011.03.14 10:57:51.132,0.93437,0.9347,2.25,2.25
2011.03.14 10:57:56.115,0.93437,0.93472,2.25,2.25
2011.03.14 10:57:56.774,0.93436,0.93471,2.40,2.25
2011.03.14 10:57:57.103,0.93436,0.93469,2.25,2.25
2011.03.14 10:57:57.413,0.93436,0.93471,2.25,2.25
2011.03.14 10:57:57.633,0.93436,0.93469,2.25,2.25
2011.03.14 10:57:58.513,0.93437,0.9347,2.25,2.25
2011.03.14 10:57:59.064,0.93435,0.9347,2.25,2.25
2011.03.14 10:57:59.783,0.93436,0.93471,2.25,2.25
2011.03.14 10:58:00.003,0.93436,0.93469,2.25,2.25
2011.03.14 10:58:00.574,0.93437,0.9347,2.25,2.25
2011.03.14 10:58:00.795,0.93435,0.9347,2.25,2.25
2011.03.14 10:58:00.903,0.93441,0.93474,2.25,2.25
2011.03.14 10:58:02.387,0.93441,0.93474,2.25,2.40
2011.03.14 10:58:03.268,0.93441,0.93476,2.25,2.82
2011.03.14 10:58:03.703,0.93441,0.93474,2.25,2.25
2011.03.14 10:58:04.358,0.93441,0.93474,2.25,2.40
2011.03.14 10:58:04.896,0.93442,0.93475,2.25,2.25
2011.03.14 10:58:05.681,0.93441,0.93474,2.25,2.25
2011.03.14 10:58:08.593,0.93443,0.93474,2.25,2.25
2011.03.14 10:58:08.925,0.9344,0.93475,2.25,2.25
2011.03.14 10:58:09.035,0.93442,0.93475,2.25,2.25
2011.03.14 10:58:09.474,0.93441,0.93476,2.25,2.63
2011.03.14 10:58:13.324,0.93444,0.93477,2.25,2.63
2011.03.14 10:58:16.704,0.93438,0.93473,2.25,4.88
2011.03.14 10:58:18.175,0.93437,0.93472,2.25,2.63
2011.03.14 10:58:18.404,0.93445,0.93478,2.25,2.82
2011.03.14 10:58:19.493,0.93438,0.93471,2.25,2.25
2011.03.14 10:58:19.604,0.93443,0.93478,2.25,2.82
2011.03.14 10:58:20.044,0.93445,0.9348,2.25,2.82
2011.03.14 10:58:20.916,0.93444,0.93472,2.25,2.25
2011.03.14 10:58:21.023,0.93439,0.93472,2.25,2.25
2011.03.14 10:58:21.133,0.93445,0.9348,2.25,2.97
2011.03.14 10:58:21.354,0.93438,0.93473,2.25,4.88
2011.03.14 10:58:21.474,0.93438,0.93473,2.25,4.88
2011.03.14 10:58:22.650,0.93438,0.93473,2.25,4.50
2011.03.14 10:58:23.034,0.93434,0.93467,2.25,2.25
2011.03.14 10:58:23.365,0.93443,0.9347,2.25,2.25
2011.03.14 10:58:23.584,0.93445,0.93478,2.25,4.50
2011.03.14 10:58:25.642,0.93444,0.93477,2.25,2.25
2011.03.14 10:58:26.243,0.93443,0.93478,2.25,2.25
2011.03.14 10:58:26.623,0.93447,0.9348,2.25,2.25
2011.03.14 10:58:28.694,0.93445,0.93477,2.25,2.25
2011.03.14 10:58:28.913,0.93446,0.93481,2.25,2.63
2011.03.14 10:58:29.823,0.93448,0.93483,2.25,5.03
2011.03.14 10:58:30.153,0.93451,0.93484,2.25,2.63
2011.03.14 10:58:31.313,0.93448,0.93483,2.25,2.63
2011.03.14 10:58:31.643,0.93445,0.9348,2.25,2.25
2011.03.14 10:58:33.963,0.93445,0.93478,2.25,2.25
2011.03.14 10:58:36.174,0.93444,0.93477,2.40,2.25
2011.03.14 10:58:36.283,0.93442,0.93477,4.50,2.25
2011.03.14 10:58:36.504,0.93444,0.93479,2.25,4.50
2011.03.14 10:58:36.725,0.93441,0.93477,2.78,2.25
2011.03.14 10:58:36.944,0.93443,0.93479,2.25,2.25
2011.03.14 10:58:37.273,0.93439,0.93475,2.78,2.25
2011.03.14 10:58:37.494,0.93443,0.93479,2.25,2.25
2011.03.14 10:58:37.784,0.93446,0.93482,2.25,4.50
2011.03.14 10:58:38.373,0.93446,0.93482,2.40,4.88
2011.03.14 10:58:38.805,0.9344,0.93475,2.40,2.25
2011.03.14 10:58:38.914,0.93442,0.93478,2.25,2.25
2011.03.14 10:58:39.133,0.93445,0.93481,2.25,2.63
2011.03.14 10:58:40.166,0.93444,0.9348,2.25,2.25
2011.03.14 10:58:40.603,0.93446,0.93479,2.25,2.25
2011.03.14 10:58:41.233,0.93445,0.93478,2.25,2.25
2011.03.14 10:58:46.264,0.93441,0.93476,2.40,2.25
2011.03.14 10:58:46.373,0.93445,0.93478,2.25,2.25
2011.03.14 10:58:46.703,0.93443,0.93478,2.25,2.25
2011.03.14 10:58:46.813,0.93445,0.93478,2.25,2.25
2011.03.14 10:58:47.366,0.93445,0.93478,2.25,2.63
2011.03.14 10:58:48.277,0.93444,0.93479,4.50,2.82
2011.03.14 10:58:48.656,0.93444,0.93479,2.25,2.44
2011.03.14 10:58:48.764,0.93444,0.93479,2.25,2.25
2011.03.14 10:58:51.358,0.93444,0.93479,2.40,2.25
2011.03.14 10:58:52.177,0.93446,0.93479,2.25,2.25
2011.03.14 10:58:52.555,0.93439,0.93474,2.55,2.25
2011.03.14 10:58:52.885,0.93442,0.93475,2.25,2.25
2011.03.14 10:58:52.993,0.93444,0.93479,2.25,2.25
2011.03.14 10:58:53.483,0.93446,0.93479,2.25,2.25
2011.03.14 10:58:56.714,0.93446,0.93479,2.40,2.25
2011.03.14 10:58:58.389,0.93445,0.93478,2.40,2.25
2011.03.14 10:58:59.004,0.93447,0.9348,2.25,2.63
2011.03.14 10:58:59.335,0.93443,0.93478,2.25,2.25
2011.03.14 10:59:00.271,0.93444,0.93479,2.25,2.25
2011.03.14 10:59:01.986,0.93446,0.93479,2.25,2.25
2011.03.14 10:59:02.094,0.93449,0.93483,2.25,2.25
2011.03.14 10:59:02.315,0.93453,0.93483,2.25,2.25
2011.03.14 10:59:02.933,0.93449,0.93483,2.25,2.25
2011.03.14 10:59:03.944,0.93448,0.93483,4.50,4.50
2011.03.14 10:59:06.663,0.93449,0.93483,2.25,2.25
2011.03.14 10:59:07.363,0.93453,0.93483,2.25,2.25
2011.03.14 10:59:07.584,0.93451,0.93487,2.25,2.97
2011.03.14 10:59:08.753,0.93461,0.93488,2.25,1.47
2011.03.14 10:59:09.784,0.9346,0.93488,2.25,1.47
2011.03.14 10:59:10.286,0.93461,0.93482,2.25,2.25
2011.03.14 10:59:11.676,0.93459,0.93482,2.25,2.25
2011.03.14 10:59:11.783,0.93453,0.93482,2.25,2.25
2011.03.14 10:59:12.455,0.93456,0.93489,2.25,2.40
2011.03.14 10:59:12.565,0.93441,0.93485,3.12,2.25
2011.03.14 10:59:12.673,0.93441,0.93485,2.97,2.25
2011.03.14 10:59:12.783,0.93447,0.93483,2.25,2.25
2011.03.14 10:59:13.113,0.9344,0.9348,1.62,2.25
2011.03.14 10:59:13.414,0.9344,0.93478,1.62,2.25
2011.03.14 10:59:13.863,0.9344,0.93481,1.62,2.25
2011.03.14 10:59:14.304,0.93447,0.93483,2.25,2.25
2011.03.14 10:59:14.414,0.9344,0.93483,1.24,4.88
2011.03.14 10:59:14.743,0.93437,0.93475,5.18,2.25
2011.03.14 10:59:15.185,0.93433,0.93463,1.43,2.25
2011.03.14 10:59:15.403,0.93438,0.93471,2.97,2.25
2011.03.14 10:59:15.514,0.93438,0.93473,3.12,2.25
2011.03.14 10:59:15.624,0.93447,0.93476,2.25,2.25
2011.03.14 10:59:15.733,0.93447,0.93482,2.25,4.50
2011.03.14 10:59:16.265,0.93448,0.93482,2.25,2.25
2011.03.14 10:59:17.925,0.93448,0.93482,2.25,2.82
2011.03.14 10:59:18.253,0.9344,0.93476,2.55,2.25
2011.03.14 10:59:19.124,0.9344,0.93476,2.40,2.25
2011.03.14 10:59:20.784,0.9344,0.93473,2.25,2.25
2011.03.14 10:59:21.315,0.9344,0.93473,2.40,4.50
2011.03.14 10:59:22.168,0.9344,0.93473,2.40,4.50
2011.03.14 10:59:23.158,0.9344,0.93473,2.40,4.50
2011.03.14 10:59:24.928,0.9344,0.93473,2.25,4.65
2011.03.14 10:59:25.253,0.93439,0.93473,2.40,2.25
2011.03.14 10:59:30.134,0.93439,0.93473,2.25,2.25
2011.03.14 10:59:32.633,0.93439,0.93474,2.25,2.25
2011.03.14 10:59:32.744,0.93441,0.93474,2.25,2.25
2011.03.14 10:59:32.964,0.93443,0.93477,2.25,2.63
2011.03.14 10:59:34.733,0.93446,0.93481,2.25,2.82
2011.03.14 10:59:35.063,0.93448,0.93481,2.25,2.82
2011.03.14 10:59:35.173,0.93446,0.93481,2.40,3.57
2011.03.14 10:59:35.859,0.93447,0.93481,2.25,1.32
2011.03.14 10:59:39.580,0.93447,0.9348,2.25,2.78
2011.03.14 10:59:39.693,0.93444,0.93477,2.25,2.25
2011.03.14 10:59:39.804,0.93443,0.93479,2.25,2.25
2011.03.14 10:59:40.024,0.93439,0.93474,2.40,2.25
2011.03.14 10:59:40.696,0.9344,0.93475,2.40,2.25
2011.03.14 10:59:41.254,0.9344,0.93475,2.40,2.25
2011.03.14 10:59:41.803,0.93441,0.93474,2.40,2.25
2011.03.14 10:59:43.973,0.9344,0.93473,2.25,2.25
2011.03.14 10:59:44.303,0.93443,0.93475,2.25,2.25
2011.03.14 10:59:44.765,0.9344,0.93473,2.25,2.25
2011.03.14 10:59:45.984,0.9344,0.93473,2.25,2.82
2011.03.14 10:59:46.095,0.93437,0.93472,2.40,5.07
2011.03.14 10:59:47.426,0.93438,0.93472,2.25,3.57
2011.03.14 10:59:48.025,0.93437,0.93472,4.65,5.82
2011.03.14 10:59:52.105,0.93439,0.93472,2.25,5.07
2011.03.14 10:59:52.433,0.93444,0.93476,2.25,2.07
2011.03.14 10:59:53.124,0.93443,0.93476,2.25,2.07
2011.03.14 10:59:53.456,0.93445,0.93476,2.25,2.07
2011.03.14 10:59:53.565,0.93445,0.93476,2.25,1.13
2011.03.14 10:59:55.074,0.93447,0.93476,2.25,1.13
2011.03.14 10:59:55.404,0.93447,0.9348,2.25,2.63
2011.03.14 10:59:55.606,0.93447,0.9348,2.25,2.25
2011.03.14 10:59:55.934,0.93449,0.93482,2.25,3.00
2011.03.14 10:59:56.374,0.93447,0.93482,2.25,2.25
2011.03.14 10:59:56.824,0.9345,0.93483,2.25,4.50
2011.03.14 10:59:58.174,0.9345,0.93482,2.25,2.25
2011.03.14 10:59:58.394,0.93447,0.9348,2.40,2.25
2011.03.14 10:59:58.944,0.93449,0.93482,2.25,4.50
2011.03.14 10:59:59.293,0.93447,0.9348,4.50,2.25
2011.03.14 10:59:59.898,0.93446,0.93481,2.25,2.25
