2012.08.29 02:00:02.993,0.99087,0.99112,1.50,2.25
2012.08.29 02:00:03.062,0.99087,0.99112,2.25,2.25
2012.08.29 02:00:03.659,0.99082,0.99108,2.85,1.50
2012.08.29 02:00:05.334,0.99086,0.99112,2.25,1.13
2012.08.29 02:00:05.586,0.99086,0.99112,2.25,1.13
2012.08.29 02:00:10.193,0.99086,0.99109,1.50,1.13
2012.08.29 02:00:10.265,0.99079,0.99103,2.48,2.25
2012.08.29 02:00:10.733,0.99079,0.99103,2.25,2.25
2012.08.29 02:00:13.363,0.99083,0.9911,1.50,2.25
2012.08.29 02:00:13.434,0.99079,0.99104,2.25,2.25
2012.08.29 02:00:14.255,0.99084,0.99108,1.50,2.25
2012.08.29 02:00:18.125,0.99084,0.99108,1.50,2.25
2012.08.29 02:00:18.254,0.99078,0.99104,2.10,2.25
2012.08.29 02:00:18.442,0.9908,0.99104,1.13,2.48
2012.08.29 02:00:19.039,0.99082,0.99109,1.50,2.25
2012.08.29 02:00:22.906,0.99082,0.99109,2.25,2.25
2012.08.29 02:00:30.402,0.99082,0.99109,1.50,2.25
2012.08.29 02:00:30.714,0.99076,0.991,2.25,2.25
2012.08.29 02:00:30.879,0.99079,0.991,1.50,2.25
2012.08.29 02:00:31.185,0.99074,0.99101,1.50,2.25
2012.08.29 02:00:31.833,0.99071,0.99098,1.50,2.48
2012.08.29 02:00:34.932,0.99066,0.99092,2.25,2.25
2012.08.29 02:00:35.463,0.99066,0.99092,2.25,2.25
2012.08.29 02:00:35.677,0.99066,0.99092,2.25,2.25
2012.08.29 02:00:39.085,0.99066,0.99092,1.50,2.25
2012.08.29 02:00:39.633,0.99066,0.99092,2.25,2.25
2012.08.29 02:00:44.318,0.99066,0.99092,1.50,2.25
2012.08.29 02:00:50.473,0.99066,0.99092,2.25,2.48
2012.08.29 02:00:56.634,0.99068,0.99094,1.50,2.25
2012.08.29 02:01:06.163,0.99073,0.99096,1.50,2.25
2012.08.29 02:01:16.742,0.99073,0.99098,2.25,2.25
2012.08.29 02:01:18.368,0.99073,0.99098,1.50,2.25
2012.08.29 02:01:19.154,0.99073,0.99098,1.50,3.08
2012.08.29 02:01:24.894,0.9907,0.99093,1.50,2.25
2012.08.29 02:01:25.238,0.99067,0.99093,2.63,2.25
2012.08.29 02:01:25.674,0.99072,0.99094,1.50,1.35
2012.08.29 02:01:26.123,0.99072,0.99094,1.50,1.13
2012.08.29 02:01:27.845,0.99072,0.99094,1.50,1.13
2012.08.29 02:01:28.235,0.99072,0.99094,1.50,1.13
2012.08.29 02:01:28.788,0.99072,0.99094,1.50,1.35
2012.08.29 02:01:36.654,0.99072,0.99094,1.50,1.13
2012.08.29 02:01:37.152,0.99072,0.99094,1.50,1.13
2012.08.29 02:01:38.384,0.99072,0.99094,1.50,1.35
2012.08.29 02:01:38.796,0.99072,0.99094,1.50,1.35
2012.08.29 02:01:39.578,0.99072,0.99094,1.50,1.35
2012.08.29 02:01:45.732,0.9907,0.99094,1.50,1.13
2012.08.29 02:01:53.635,0.9907,0.99095,1.50,1.13
2012.08.29 02:01:56.162,0.9907,0.99096,1.50,2.25
2012.08.29 02:02:01.503,0.99065,0.99091,1.50,2.25
2012.08.29 02:02:01.933,0.99065,0.99086,1.50,1.13
2012.08.29 02:02:02.064,0.99059,0.99086,1.50,2.63
2012.08.29 02:02:05.174,0.99059,0.9908,2.25,1.50
2012.08.29 02:02:05.423,0.99059,0.99081,1.50,1.50
2012.08.29 02:02:06.101,0.99065,0.99081,1.50,1.50
2012.08.29 02:02:10.493,0.99065,0.9908,1.50,1.50
2012.08.29 02:02:15.304,0.99071,0.99084,1.50,1.50
2012.08.29 02:02:15.963,0.99069,0.9909,1.50,1.50
2012.08.29 02:02:17.502,0.99069,0.9909,1.50,1.50
2012.08.29 02:02:17.572,0.99067,0.9909,1.50,1.50
2012.08.29 02:02:19.952,0.99065,0.99086,1.50,1.50
2012.08.29 02:02:20.143,0.99062,0.99086,1.50,3.23
2012.08.29 02:02:20.213,0.99062,0.99086,1.50,3.23
2012.08.29 02:02:22.000,0.99067,0.99085,1.50,1.50
2012.08.29 02:02:23.602,0.99067,0.99085,1.50,1.50
2012.08.29 02:02:23.815,0.99067,0.99086,1.50,1.50
2012.08.29 02:02:23.883,0.99067,0.99086,1.50,1.50
2012.08.29 02:02:26.627,0.99067,0.99085,1.50,1.50
2012.08.29 02:02:32.435,0.99067,0.99091,1.50,3.00
2012.08.29 02:02:33.325,0.99067,0.99091,2.25,3.00
2012.08.29 02:02:38.802,0.99072,0.99092,1.50,1.50
2012.08.29 02:02:41.434,0.99072,0.99091,2.25,1.50
2012.08.29 02:02:41.691,0.99072,0.99095,2.25,1.50
2012.08.29 02:02:42.145,0.99078,0.99097,1.50,1.13
2012.08.29 02:02:51.473,0.99078,0.991,1.50,1.88
2012.08.29 02:02:57.872,0.99072,0.99096,2.25,2.25
2012.08.29 02:03:17.991,0.99073,0.99097,1.50,1.13
2012.08.29 02:03:31.622,0.99073,0.99099,1.50,2.48
2012.08.29 02:03:32.060,0.99073,0.99099,1.50,2.48
2012.08.29 02:03:35.774,0.99073,0.99099,1.50,2.48
2012.08.29 02:03:37.222,0.99073,0.99094,1.50,1.50
2012.08.29 02:03:37.293,0.99071,0.99094,1.50,3.00
2012.08.29 02:03:37.362,0.99068,0.99094,1.50,3.00
2012.08.29 02:03:37.655,0.99068,0.99094,1.50,3.23
2012.08.29 02:03:38.141,0.99068,0.99092,1.50,1.35
2012.08.29 02:03:38.533,0.99068,0.99092,1.50,1.35
2012.08.29 02:03:45.461,0.99068,0.99092,2.25,1.35
2012.08.29 02:03:45.833,0.99074,0.99095,1.50,1.35
2012.08.29 02:03:46.833,0.99068,0.99095,2.25,2.63
2012.08.29 02:03:47.662,0.99074,0.99095,1.50,1.35
2012.08.29 02:03:48.232,0.99072,0.99094,1.50,2.25
2012.08.29 02:03:48.483,0.99069,0.99094,2.25,2.25
2012.08.29 02:03:56.214,0.99077,0.991,1.30,2.25
2012.08.29 02:03:56.572,0.99073,0.991,2.43,2.48
2012.08.29 02:03:58.252,0.99073,0.991,2.05,2.48
2012.08.29 02:04:02.221,0.99077,0.991,1.30,2.48
2012.08.29 02:04:02.293,0.99079,0.99104,1.50,2.48
2012.08.29 02:04:04.621,0.99079,0.99104,2.63,2.48
2012.08.29 02:04:06.353,0.99082,0.99104,1.13,2.25
2012.08.29 02:04:06.862,0.99079,0.99104,2.63,2.25
2012.08.29 02:04:07.911,0.99079,0.99104,2.63,2.25
2012.08.29 02:04:10.701,0.99079,0.99104,2.63,2.48
2012.08.29 02:04:10.772,0.99079,0.99104,2.25,2.48
2012.08.29 02:04:11.805,0.99076,0.99099,2.05,2.48
2012.08.29 02:04:11.906,0.99078,0.99099,1.30,2.48
2012.08.29 02:04:14.736,0.99079,0.99103,2.25,2.48
2012.08.29 02:04:45.332,0.99079,0.99103,1.88,2.25
2012.08.29 02:04:47.381,0.99079,0.99103,1.88,2.25
2012.08.29 02:05:03.221,0.99078,0.99103,1.50,2.25
2012.08.29 02:05:11.681,0.99078,0.99103,2.25,2.25
2012.08.29 02:05:16.992,0.99079,0.99104,1.88,2.25
2012.08.29 02:05:19.911,0.99076,0.991,1.13,2.25
2012.08.29 02:05:23.842,0.99074,0.991,2.25,2.25
2012.08.29 02:05:24.179,0.99074,0.991,2.25,2.48
2012.08.29 02:05:24.662,0.99074,0.991,2.63,2.48
2012.08.29 02:05:27.252,0.99073,0.99094,1.13,2.25
2012.08.29 02:05:27.554,0.99071,0.99094,1.13,2.25
2012.08.29 02:05:35.580,0.99069,0.99094,1.50,2.25
2012.08.29 02:05:35.963,0.99064,0.99085,1.20,2.25
2012.08.29 02:05:42.932,0.99067,0.99093,1.50,2.48
2012.08.29 02:05:43.571,0.99067,0.99093,1.88,2.48
2012.08.29 02:05:43.943,0.99062,0.99088,1.88,2.25
2012.08.29 02:05:44.131,0.99064,0.99088,1.13,2.25
2012.08.29 02:05:44.563,0.99068,0.99094,1.50,2.48
2012.08.29 02:05:44.902,0.99068,0.99094,1.50,2.48
2012.08.29 02:05:45.092,0.99066,0.99089,1.50,2.48
2012.08.29 02:05:45.162,0.99062,0.99089,1.50,2.48
2012.08.29 02:05:46.966,0.99062,0.99089,2.25,2.48
2012.08.29 02:05:49.631,0.99062,0.99089,1.50,2.48
2012.08.29 02:05:54.945,0.99062,0.99089,2.25,2.48
2012.08.29 02:05:55.795,0.99066,0.99089,1.50,2.25
2012.08.29 02:05:56.357,0.99068,0.99095,1.50,2.85
2012.08.29 02:06:06.692,0.99068,0.99095,1.50,2.48
2012.08.29 02:06:07.651,0.99068,0.99095,1.50,2.48
2012.08.29 02:06:07.902,0.99068,0.99095,1.50,2.48
2012.08.29 02:06:15.863,0.99066,0.99093,2.05,2.48
2012.08.29 02:06:29.995,0.99066,0.99092,2.80,1.35
2012.08.29 02:06:52.374,0.99066,0.99093,3.55,2.48
2012.08.29 02:06:52.442,0.99073,0.99093,1.35,2.48
2012.08.29 02:06:52.692,0.99073,0.99097,1.35,2.25
2012.08.29 02:06:52.762,0.99072,0.99097,1.35,2.25
2012.08.29 02:06:53.405,0.99071,0.99097,2.63,2.25
2012.08.29 02:06:53.793,0.99071,0.99097,1.50,2.48
2012.08.29 02:07:00.812,0.99067,0.99088,1.30,2.25
2012.08.29 02:07:01.482,0.99061,0.99088,1.53,2.25
2012.08.29 02:07:02.053,0.99061,0.99083,1.53,2.25
2012.08.29 02:07:02.862,0.99065,0.99083,1.30,2.25
2012.08.29 02:07:05.415,0.99062,0.99083,1.30,2.25
2012.08.29 02:07:07.155,0.99064,0.99083,1.30,2.25
2012.08.29 02:07:07.223,0.99069,0.99083,1.68,1.50
2012.08.29 02:07:07.293,0.99069,0.99087,1.90,1.50
2012.08.29 02:07:07.845,0.9907,0.99092,1.53,2.25
2012.08.29 02:07:07.925,0.99072,0.99092,1.13,2.25
2012.08.29 02:07:08.385,0.99071,0.99092,1.20,2.25
2012.08.29 02:07:09.672,0.99067,0.99092,2.28,2.25
2012.08.29 02:07:10.208,0.99067,0.99092,1.68,2.25
2012.08.29 02:07:11.372,0.99065,0.99086,1.53,2.25
2012.08.29 02:07:11.622,0.99062,0.99086,1.30,2.25
2012.08.29 02:07:12.062,0.99066,0.99087,1.30,2.25
2012.08.29 02:07:12.565,0.99061,0.99087,2.28,2.25
2012.08.29 02:07:15.385,0.99066,0.99087,1.30,2.25
2012.08.29 02:07:29.931,0.99066,0.99086,1.30,2.25
2012.08.29 02:07:34.704,0.99062,0.99086,2.13,2.25
2012.08.29 02:07:34.773,0.99067,0.99086,1.30,2.25
2012.08.29 02:07:35.216,0.99067,0.99086,1.30,1.50
2012.08.29 02:07:36.181,0.99067,0.99091,1.30,2.25
2012.08.29 02:07:37.932,0.99066,0.99091,1.90,1.50
2012.08.29 02:07:38.623,0.99066,0.99091,1.90,2.25
2012.08.29 02:07:39.173,0.99066,0.99091,1.90,1.50
2012.08.29 02:07:39.394,0.99066,0.99091,1.90,2.25
2012.08.29 02:07:40.834,0.99071,0.99091,1.30,2.25
2012.08.29 02:07:40.962,0.99072,0.99091,1.30,1.50
2012.08.29 02:07:41.463,0.99074,0.99092,1.30,1.50
2012.08.29 02:07:46.321,0.99076,0.99092,1.30,1.50
2012.08.29 02:07:46.592,0.99078,0.99097,1.30,1.50
2012.08.29 02:07:46.725,0.99076,0.99097,1.30,2.25
2012.08.29 02:07:47.306,0.99078,0.99097,1.30,1.50
2012.08.29 02:07:49.434,0.99076,0.99097,1.30,2.25
2012.08.29 02:07:49.622,0.99076,0.99091,1.30,1.50
2012.08.29 02:07:49.692,0.99073,0.99091,1.30,1.50
2012.08.29 02:07:50.782,0.99073,0.99091,1.53,1.50
2012.08.29 02:07:52.374,0.99073,0.99091,1.53,1.50
2012.08.29 02:07:54.153,0.99073,0.99093,1.53,1.50
2012.08.29 02:07:54.726,0.99076,0.99096,1.30,2.25
2012.08.29 02:08:16.674,0.99071,0.99096,1.30,2.25
2012.08.29 02:08:31.953,0.99067,0.99092,1.30,2.25
2012.08.29 02:08:32.932,0.99071,0.99092,1.30,2.25
2012.08.29 02:08:33.908,0.99066,0.99092,1.30,2.25
2012.08.29 02:08:37.943,0.99066,0.99092,1.30,2.25
2012.08.29 02:08:38.072,0.9907,0.99092,1.30,2.25
2012.08.29 02:08:48.642,0.99071,0.99097,1.35,2.25
2012.08.29 02:08:49.161,0.99074,0.99097,1.30,2.25
2012.08.29 02:08:49.543,0.99072,0.99097,1.30,2.25
2012.08.29 02:08:52.842,0.99076,0.99099,1.50,2.25
2012.08.29 02:08:59.944,0.99076,0.99101,2.25,2.25
2012.08.29 02:09:47.186,0.99074,0.99101,2.05,2.48
2012.08.29 02:09:47.965,0.99075,0.99101,1.30,2.48
2012.08.29 02:09:50.154,0.99075,0.99101,1.30,1.50
2012.08.29 02:09:50.402,0.99085,0.99112,2.25,2.48
2012.08.29 02:09:52.454,0.99081,0.99107,3.03,2.25
2012.08.29 02:09:52.644,0.99081,0.99107,2.80,2.25
2012.08.29 02:09:52.984,0.99081,0.99107,2.80,2.25
2012.08.29 02:09:57.472,0.99081,0.99107,2.48,2.25
2012.08.29 02:09:59.406,0.99081,0.99107,2.25,2.25
2012.08.29 02:09:59.652,0.99081,0.99107,2.25,1.50
2012.08.29 02:10:00.337,0.99087,0.99112,2.25,2.25
2012.08.29 02:10:00.674,0.99085,0.99105,2.48,1.50
2012.08.29 02:10:00.744,0.99081,0.99105,2.25,2.25
2012.08.29 02:10:02.624,0.99081,0.99105,1.50,2.25
2012.08.29 02:10:02.952,0.99082,0.99105,1.35,2.25
2012.08.29 02:10:03.953,0.99085,0.99111,1.73,2.25
2012.08.29 02:10:05.963,0.99085,0.9911,1.50,1.13
2012.08.29 02:10:06.222,0.99085,0.9911,2.25,1.13
2012.08.29 02:10:07.672,0.99079,0.99105,2.48,2.25
2012.08.29 02:10:11.605,0.99079,0.99105,2.25,1.50
2012.08.29 02:10:11.743,0.99088,0.99111,2.25,1.13
2012.08.29 02:10:12.182,0.99089,0.99113,1.50,1.13
2012.08.29 02:10:12.312,0.99084,0.9911,2.25,2.25
2012.08.29 02:10:17.873,0.99074,0.99101,2.85,1.50
2012.08.29 02:10:17.944,0.99078,0.99101,2.48,2.25
2012.08.29 02:10:18.472,0.9908,0.99104,2.25,2.25
2012.08.29 02:10:22.834,0.9908,0.99104,2.25,2.25
2012.08.29 02:10:23.153,0.99086,0.99109,2.25,1.13
2012.08.29 02:10:33.412,0.99086,0.99108,2.25,1.13
2012.08.29 02:10:34.183,0.99084,0.99108,2.25,1.88
2012.08.29 02:10:39.104,0.99084,0.99108,2.48,2.63
2012.08.29 02:10:39.772,0.99084,0.99108,2.25,1.88
2012.08.29 02:10:47.917,0.99084,0.99108,2.48,2.25
2012.08.29 02:10:49.262,0.99084,0.99108,2.25,1.50
2012.08.29 02:10:49.803,0.99089,0.99113,2.25,2.25
2012.08.29 02:10:56.882,0.99089,0.99113,2.48,1.50
2012.08.29 02:10:57.553,0.99093,0.99118,1.50,2.63
2012.08.29 02:10:58.143,0.99088,0.99113,1.50,2.25
2012.08.29 02:10:58.428,0.99088,0.99113,2.25,2.25
2012.08.29 02:10:59.126,0.99088,0.99113,2.25,2.25
2012.08.29 02:10:59.493,0.99094,0.99119,2.25,2.25
2012.08.29 02:10:59.684,0.99094,0.99115,1.50,2.25
2012.08.29 02:10:59.873,0.99091,0.99113,1.13,2.25
2012.08.29 02:11:00.122,0.99088,0.99113,2.48,2.25
2012.08.29 02:11:00.632,0.99084,0.99108,1.58,1.50
2012.08.29 02:11:01.152,0.99082,0.99108,3.08,2.25
2012.08.29 02:11:01.485,0.99082,0.99104,2.48,2.25
2012.08.29 02:11:01.553,0.99077,0.99103,2.85,1.50
2012.08.29 02:11:01.622,0.99077,0.99103,2.85,1.50
2012.08.29 02:11:04.964,0.99086,0.99107,1.35,1.50
2012.08.29 02:11:10.411,0.99087,0.99113,1.50,2.25
2012.08.29 02:11:10.884,0.99087,0.99113,2.25,2.25
2012.08.29 02:11:18.815,0.99088,0.99113,1.58,2.25
2012.08.29 02:11:19.357,0.99088,0.99113,1.58,1.50
2012.08.29 02:11:28.192,0.99087,0.99113,2.48,2.25
2012.08.29 02:11:28.442,0.99087,0.9911,2.25,1.13
2012.08.29 02:11:30.436,0.9909,0.9911,1.50,1.13
2012.08.29 02:11:35.202,0.9909,0.99113,2.25,1.13
2012.08.29 02:11:37.224,0.9909,0.9911,1.73,1.13
2012.08.29 02:11:41.245,0.99089,0.99114,2.48,1.13
2012.08.29 02:11:41.582,0.99089,0.99109,1.50,1.13
2012.08.29 02:11:41.653,0.99085,0.99109,2.48,1.13
2012.08.29 02:11:43.876,0.99085,0.99111,2.48,1.88
2012.08.29 02:11:44.439,0.99089,0.99114,2.48,1.13
2012.08.29 02:11:47.233,0.99089,0.9911,1.73,1.13
2012.08.29 02:11:47.562,0.99085,0.99109,2.48,2.25
2012.08.29 02:11:48.176,0.99085,0.99109,2.48,2.25
2012.08.29 02:11:49.045,0.99085,0.99109,2.25,2.63
2012.08.29 02:11:50.366,0.99085,0.99108,2.25,1.13
2012.08.29 02:11:50.892,0.99088,0.99108,1.50,1.13
2012.08.29 02:11:51.025,0.99088,0.99108,1.50,1.13
2012.08.29 02:11:51.614,0.99088,0.99112,2.85,1.13
2012.08.29 02:11:51.958,0.99088,0.99114,3.08,1.13
2012.08.29 02:11:52.497,0.99088,0.99112,3.08,1.13
2012.08.29 02:11:53.902,0.99088,0.99115,3.08,1.88
2012.08.29 02:11:53.974,0.991,0.99126,2.25,2.85
2012.08.29 02:12:13.533,0.99106,0.9913,1.50,2.63
2012.08.29 02:12:13.818,0.99106,0.9913,2.25,2.63
2012.08.29 02:12:14.086,0.99106,0.9913,2.25,2.63
2012.08.29 02:12:14.556,0.99106,0.9913,2.25,2.63
2012.08.29 02:12:15.554,0.99106,0.9913,2.25,2.63
2012.08.29 02:12:17.233,0.99107,0.9913,1.35,1.50
2012.08.29 02:12:17.304,0.99107,0.9913,1.35,1.50
2012.08.29 02:12:17.373,0.9911,0.99135,2.25,2.48
2012.08.29 02:12:17.625,0.9911,0.99135,1.73,2.25
2012.08.29 02:12:17.933,0.99105,0.9913,2.48,2.25
2012.08.29 02:12:18.613,0.99105,0.9913,2.48,1.50
2012.08.29 02:12:21.696,0.99105,0.9913,2.48,2.25
2012.08.29 02:12:22.148,0.99108,0.9913,1.50,2.25
2012.08.29 02:12:22.493,0.9911,0.99135,1.50,2.25
2012.08.29 02:12:23.002,0.9911,0.99135,1.50,2.25
2012.08.29 02:12:23.073,0.99105,0.9913,1.88,2.25
2012.08.29 02:12:24.322,0.99105,0.9913,1.88,2.25
2012.08.29 02:12:24.456,0.99106,0.9913,1.13,1.50
2012.08.29 02:12:25.055,0.99106,0.9913,1.35,2.25
2012.08.29 02:12:25.763,0.99105,0.9913,2.48,1.50
2012.08.29 02:12:26.864,0.99105,0.9913,2.48,2.25
2012.08.29 02:12:37.784,0.9911,0.99135,1.50,2.48
2012.08.29 02:12:38.163,0.99107,0.99131,2.63,2.25
2012.08.29 02:12:40.433,0.99104,0.99131,2.25,2.25
2012.08.29 02:13:01.974,0.99107,0.99131,1.35,1.50
2012.08.29 02:13:02.045,0.99111,0.99137,1.13,1.50
2012.08.29 02:13:02.115,0.99117,0.99141,1.50,2.25
2012.08.29 02:13:02.424,0.99117,0.99141,2.25,2.85
2012.08.29 02:13:02.493,0.99117,0.99141,1.50,2.48
2012.08.29 02:13:03.207,0.99114,0.99136,1.13,2.25
2012.08.29 02:13:04.312,0.99117,0.99136,1.50,2.25
2012.08.29 02:13:04.382,0.99119,0.99143,1.50,2.25
2012.08.29 02:13:06.208,0.99117,0.99135,1.50,2.25
2012.08.29 02:13:06.896,0.99114,0.99135,1.68,2.25
2012.08.29 02:13:17.201,0.9911,0.99135,1.53,2.25
2012.08.29 02:13:20.243,0.99107,0.99131,1.15,2.25
2012.08.29 02:13:20.312,0.99106,0.99131,1.73,2.25
2012.08.29 02:13:20.445,0.99107,0.99131,1.35,2.25
2012.08.29 02:13:21.625,0.99106,0.99131,1.95,2.25
2012.08.29 02:13:22.208,0.99106,0.99131,1.13,2.25
2012.08.29 02:13:26.145,0.99106,0.99131,1.13,2.25
2012.08.29 02:13:26.742,0.99106,0.99131,1.13,2.25
2012.08.29 02:13:31.203,0.99104,0.99131,2.80,1.50
2012.08.29 02:13:31.394,0.99109,0.99133,1.50,1.50
2012.08.29 02:13:31.932,0.99109,0.99136,1.50,2.25
2012.08.29 02:13:32.974,0.99106,0.9913,1.68,1.50
2012.08.29 02:13:33.282,0.99105,0.9913,1.88,2.48
2012.08.29 02:13:34.948,0.99105,0.9913,2.48,2.48
2012.08.29 02:13:35.014,0.9911,0.99135,2.25,2.48
2012.08.29 02:13:35.386,0.9911,0.99135,2.25,2.25
2012.08.29 02:13:36.375,0.99111,0.99135,1.30,2.25
2012.08.29 02:13:38.954,0.99108,0.99129,1.50,2.25
2012.08.29 02:13:39.023,0.99106,0.99129,1.13,2.25
2012.08.29 02:13:39.125,0.99106,0.99129,1.13,1.50
2012.08.29 02:13:39.255,0.99113,0.99138,2.25,2.25
2012.08.29 02:13:39.683,0.99112,0.99139,3.08,2.25
2012.08.29 02:13:40.173,0.99112,0.99132,1.90,1.50
2012.08.29 02:13:40.887,0.99112,0.99132,1.30,2.25
2012.08.29 02:13:43.045,0.99108,0.99132,1.88,2.25
2012.08.29 02:13:46.937,0.99108,0.99132,2.63,2.25
2012.08.29 02:14:21.854,0.99112,0.99135,1.13,2.25
2012.08.29 02:14:21.983,0.99115,0.99135,1.13,1.50
2012.08.29 02:14:22.055,0.99116,0.99142,2.25,2.48
2012.08.29 02:14:22.184,0.99117,0.99141,1.50,2.25
2012.08.29 02:14:22.925,0.99117,0.99141,1.50,2.25
2012.08.29 02:14:23.273,0.9911,0.99135,2.25,2.25
2012.08.29 02:14:28.961,0.99111,0.99135,1.13,2.25
2012.08.29 02:14:31.462,0.99115,0.99135,1.13,1.50
2012.08.29 02:14:31.774,0.99119,0.99135,1.50,1.50
2012.08.29 02:14:32.128,0.99121,0.99148,2.25,2.25
2012.08.29 02:14:37.642,0.99121,0.99148,2.25,2.25
2012.08.29 02:14:41.002,0.99121,0.99148,2.25,2.25
2012.08.29 02:14:55.902,0.99121,0.99148,2.25,2.48
2012.08.29 02:14:57.722,0.99121,0.99148,2.48,2.25
2012.08.29 02:14:58.031,0.99121,0.99148,2.25,2.48
2012.08.29 02:15:04.691,0.99121,0.99148,2.25,2.25
2012.08.29 02:15:14.223,0.99119,0.99142,1.30,1.50
2012.08.29 02:15:14.787,0.99122,0.99149,2.25,2.25
2012.08.29 02:15:24.182,0.99122,0.99149,3.03,2.25
2012.08.29 02:15:24.553,0.99126,0.99149,1.53,2.25
2012.08.29 02:15:25.262,0.99129,0.99153,1.50,2.25
2012.08.29 02:15:27.038,0.99129,0.99153,2.25,2.25
2012.08.29 02:15:37.714,0.99129,0.99153,2.80,1.50
2012.08.29 02:15:45.204,0.99132,0.99156,2.25,2.25
2012.08.29 02:15:51.644,0.99137,0.99156,1.30,1.50
2012.08.29 02:15:51.914,0.99141,0.99165,2.25,2.63
2012.08.29 02:15:58.166,0.99136,0.9916,2.80,2.25
2012.08.29 02:16:00.462,0.99136,0.9916,1.50,2.25
2012.08.29 02:16:01.002,0.9913,0.99155,1.30,2.25
2012.08.29 02:16:32.753,0.99126,0.9915,1.35,2.25
2012.08.29 02:16:37.484,0.99123,0.9915,2.28,2.25
2012.08.29 02:16:37.912,0.99123,0.9915,2.25,2.25
2012.08.29 02:16:37.984,0.99123,0.9915,1.50,2.25
2012.08.29 02:16:38.542,0.99123,0.9915,2.25,2.48
2012.08.29 02:16:39.885,0.99123,0.9915,1.50,2.48
2012.08.29 02:16:45.152,0.99119,0.99143,2.63,2.25
2012.08.29 02:16:48.635,0.99119,0.99143,1.88,2.25
2012.08.29 02:16:50.177,0.99119,0.99143,2.25,2.25
2012.08.29 02:17:10.465,0.99122,0.99145,1.50,2.25
2012.08.29 02:17:16.713,0.99122,0.99149,1.50,2.48
2012.08.29 02:17:17.124,0.99122,0.99149,2.25,2.48
2012.08.29 02:17:21.755,0.99122,0.99149,2.80,2.48
2012.08.29 02:17:30.893,0.99123,0.99142,1.30,1.50
2012.08.29 02:17:31.396,0.99126,0.99148,1.13,2.25
2012.08.29 02:17:31.462,0.99126,0.99148,1.13,1.50
2012.08.29 02:17:32.304,0.99126,0.99148,1.68,2.25
2012.08.29 02:17:42.272,0.99127,0.99152,2.25,2.25
2012.08.29 02:17:42.863,0.99127,0.99152,1.50,2.25
2012.08.29 02:17:50.963,0.99127,0.99152,2.80,2.25
2012.08.29 02:18:03.416,0.9913,0.99155,1.50,2.48
2012.08.29 02:18:04.026,0.9913,0.99155,2.25,2.48
2012.08.29 02:18:04.624,0.9913,0.99155,1.50,2.48
2012.08.29 02:18:05.182,0.9913,0.99155,2.25,2.48
2012.08.29 02:18:06.384,0.9913,0.99155,1.50,2.48
2012.08.29 02:18:14.523,0.9913,0.99155,2.25,2.48
2012.08.29 02:18:17.122,0.9913,0.99155,1.50,2.48
2012.08.29 02:18:17.502,0.99127,0.99152,1.13,2.25
2012.08.29 02:18:17.606,0.99127,0.99152,1.13,2.25
2012.08.29 02:19:13.573,0.99129,0.99156,2.43,2.48
2012.08.29 02:19:14.083,0.99129,0.99156,2.43,2.48
2012.08.29 02:19:20.114,0.9913,0.99151,1.30,2.25
2012.08.29 02:19:22.595,0.99127,0.99151,1.68,2.25
2012.08.29 02:19:23.045,0.99129,0.99151,1.30,2.25
2012.08.29 02:19:28.364,0.99126,0.99151,1.90,2.25
2012.08.29 02:19:41.330,0.99128,0.99153,2.43,2.25
2012.08.29 02:19:42.027,0.99128,0.99153,2.43,2.25
2012.08.29 02:19:53.625,0.99128,0.99153,2.43,2.25
2012.08.29 02:20:02.305,0.9913,0.99155,2.63,2.25
2012.08.29 02:20:41.641,0.99131,0.99156,1.50,2.48
2012.08.29 02:20:48.302,0.99131,0.99156,2.25,2.48
2012.08.29 02:21:25.472,0.99127,0.99154,2.25,2.48
2012.08.29 02:21:33.941,0.99128,0.99155,1.50,2.48
2012.08.29 02:21:35.772,0.99123,0.9915,2.25,2.25
2012.08.29 02:21:48.671,0.99123,0.9915,1.50,2.25
2012.08.29 02:21:49.278,0.99118,0.99143,2.63,2.25
2012.08.29 02:22:48.885,0.9912,0.99146,1.88,1.50
2012.08.29 02:22:50.000,0.9912,0.99147,1.88,1.50
2012.08.29 02:23:10.021,0.9912,0.99145,1.88,1.50
2012.08.29 02:23:17.992,0.9912,0.99145,2.48,1.50
2012.08.29 02:23:30.511,0.9912,0.99147,2.48,1.50
2012.08.29 02:23:48.200,0.9912,0.99147,2.48,1.50
2012.08.29 02:23:52.431,0.9912,0.99147,2.48,2.25
2012.08.29 02:23:52.932,0.9912,0.99147,3.23,2.48
2012.08.29 02:24:01.972,0.9912,0.99147,2.70,2.25
2012.08.29 02:24:08.444,0.99116,0.99141,2.63,2.25
2012.08.29 02:24:14.058,0.99116,0.99141,3.23,2.25
2012.08.29 02:24:14.372,0.99121,0.99143,1.50,2.25
2012.08.29 02:24:14.628,0.99121,0.99146,2.25,2.48
2012.08.29 02:24:21.462,0.99121,0.99146,1.50,2.25
2012.08.29 02:24:21.804,0.99117,0.99141,1.73,2.25
2012.08.29 02:24:23.543,0.99116,0.99141,2.48,2.25
2012.08.29 02:24:26.783,0.99116,0.99141,1.88,2.25
2012.08.29 02:24:28.863,0.99113,0.99136,1.50,2.25
2012.08.29 02:24:29.667,0.99111,0.99136,2.25,2.25
2012.08.29 02:25:23.785,0.99107,0.99134,1.88,1.50
2012.08.29 02:25:28.812,0.99106,0.99131,2.70,1.50
2012.08.29 02:25:38.044,0.99104,0.99131,2.48,1.50
2012.08.29 02:25:48.952,0.99107,0.99132,1.88,3.00
2012.08.29 02:26:06.624,0.99108,0.99132,1.13,1.50
2012.08.29 02:26:06.754,0.99114,0.99134,2.63,1.50
2012.08.29 02:26:06.823,0.99114,0.99138,2.85,1.50
2012.08.29 02:26:07.183,0.99114,0.99138,2.63,2.25
2012.08.29 02:26:40.992,0.9911,0.99134,2.48,2.25
2012.08.29 02:26:45.712,0.9911,0.99134,2.25,2.25
2012.08.29 02:26:50.012,0.99106,0.99133,2.48,1.50
2012.08.29 02:27:10.121,0.99109,0.99135,2.48,2.25
2012.08.29 02:27:20.802,0.99112,0.99135,1.13,2.25
2012.08.29 02:28:01.153,0.99112,0.99134,1.13,2.25
2012.08.29 02:28:18.637,0.99112,0.99134,1.13,2.25
2012.08.29 02:28:20.875,0.99109,0.99134,1.13,1.50
2012.08.29 02:28:30.387,0.99109,0.99135,2.25,1.50
2012.08.29 02:28:39.161,0.99109,0.99135,2.25,1.50
2012.08.29 02:28:45.442,0.99112,0.99135,1.13,2.25
2012.08.29 02:28:48.593,0.99112,0.99135,1.13,2.25
2012.08.29 02:28:55.131,0.99116,0.99137,1.13,2.25
2012.08.29 02:29:13.632,0.99113,0.99137,1.88,2.25
2012.08.29 02:29:13.704,0.99115,0.99137,1.13,2.25
2012.08.29 02:29:14.017,0.99116,0.99137,1.13,1.50
2012.08.29 02:29:17.425,0.99116,0.99137,1.13,2.25
2012.08.29 02:30:17.597,0.99113,0.99137,2.10,1.50
2012.08.29 02:30:17.952,0.99113,0.99137,1.73,2.25
2012.08.29 02:30:22.833,0.9911,0.99132,1.13,2.25
2012.08.29 02:30:22.902,0.99107,0.99132,1.13,2.25
2012.08.29 02:30:24.635,0.9911,0.99132,1.13,2.25
2012.08.29 02:30:25.377,0.99111,0.99132,1.13,2.25
2012.08.29 02:30:32.401,0.99111,0.99137,2.63,2.25
2012.08.29 02:30:41.424,0.99108,0.99132,1.13,2.25
2012.08.29 02:30:47.625,0.99111,0.99132,1.13,2.25
2012.08.29 02:30:49.962,0.99111,0.99137,3.45,2.25
2012.08.29 02:30:57.772,0.99112,0.99137,1.35,2.25
2012.08.29 02:31:06.122,0.99112,0.99137,1.35,2.25
2012.08.29 02:31:06.535,0.99112,0.99137,1.35,2.25
2012.08.29 02:31:08.792,0.99112,0.99138,2.10,2.25
2012.08.29 02:31:09.416,0.99112,0.99138,2.85,2.25
2012.08.29 02:31:14.355,0.99112,0.99138,2.10,2.25
2012.08.29 02:31:27.147,0.99112,0.99138,2.10,2.25
2012.08.29 02:31:27.273,0.9911,0.99132,2.10,2.25
2012.08.29 02:31:27.343,0.99108,0.99132,2.48,2.25
2012.08.29 02:31:33.153,0.99108,0.99132,1.50,2.25
2012.08.29 02:31:33.284,0.99105,0.99127,2.48,2.25
2012.08.29 02:31:41.125,0.99104,0.99127,1.13,1.50
2012.08.29 02:31:41.653,0.99108,0.99133,1.13,2.25
2012.08.29 02:31:45.293,0.99107,0.99133,1.88,2.25
2012.08.29 02:31:49.374,0.99108,0.99133,1.13,2.25
2012.08.29 02:32:49.517,0.99111,0.99137,1.73,1.50
2012.08.29 02:33:01.564,0.99111,0.99135,1.73,1.50
2012.08.29 02:33:16.584,0.99111,0.99135,1.73,1.50
2012.08.29 02:33:21.791,0.99112,0.99136,1.73,1.50
2012.08.29 02:33:41.801,0.99111,0.99135,1.73,1.50
2012.08.29 02:33:53.652,0.99111,0.99132,1.50,1.50
2012.08.29 02:33:53.722,0.99104,0.99131,2.28,1.50
2012.08.29 02:33:54.714,0.99104,0.99131,1.73,2.25
2012.08.29 02:33:54.903,0.99104,0.99131,1.50,2.48
2012.08.29 02:33:55.094,0.99099,0.99126,2.48,2.25
2012.08.29 02:33:55.434,0.99103,0.99126,1.50,2.25
2012.08.29 02:33:55.743,0.99106,0.99131,1.50,2.48
2012.08.29 02:33:57.677,0.99106,0.99131,2.25,2.48
2012.08.29 02:34:04.227,0.99099,0.99126,2.48,2.25
2012.08.29 02:34:04.353,0.99099,0.99126,2.48,2.25
2012.08.29 02:34:05.257,0.99097,0.9912,1.35,2.25
2012.08.29 02:34:05.574,0.99098,0.9912,1.13,2.25
2012.08.29 02:34:52.988,0.99097,0.99122,2.48,1.50
2012.08.29 02:34:53.543,0.99097,0.99122,2.48,2.25
2012.08.29 02:35:04.884,0.99102,0.99127,2.25,2.25
2012.08.29 02:35:05.323,0.99096,0.99123,3.08,2.25
2012.08.29 02:35:17.235,0.99098,0.99123,1.35,2.25
2012.08.29 02:35:21.705,0.99098,0.99123,1.35,2.25
2012.08.29 02:35:30.835,0.99099,0.99126,2.48,2.25
2012.08.29 02:35:32.154,0.99099,0.99126,2.48,2.25
2012.08.29 02:35:32.753,0.99099,0.99126,2.48,2.25
2012.08.29 02:36:05.173,0.99099,0.99124,3.40,2.25
2012.08.29 02:36:10.875,0.99099,0.99124,2.25,2.25
2012.08.29 02:36:39.153,0.99105,0.9913,2.25,1.50
2012.08.29 02:36:39.225,0.99107,0.99132,1.35,1.50
2012.08.29 02:36:39.474,0.99107,0.99133,1.58,2.25
2012.08.29 02:36:50.975,0.99106,0.99133,2.48,2.25
2012.08.29 02:36:51.123,0.99106,0.99133,2.25,2.25
2012.08.29 02:36:51.194,0.99106,0.99133,2.25,2.25
2012.08.29 02:36:51.828,0.99105,0.99128,1.53,1.50
2012.08.29 02:36:51.955,0.99106,0.99132,2.48,1.50
2012.08.29 02:36:52.904,0.99112,0.99136,2.25,2.25
2012.08.29 02:37:23.055,0.99119,0.99143,1.50,1.35
2012.08.29 02:37:26.127,0.99119,0.99143,2.25,1.35
2012.08.29 02:37:33.705,0.99119,0.99142,1.50,1.13
2012.08.29 02:37:33.776,0.99115,0.99139,2.48,2.25
2012.08.29 02:37:34.390,0.99115,0.99139,2.25,2.25
2012.08.29 02:37:43.965,0.99115,0.99139,1.50,2.25
2012.08.29 02:37:44.036,0.99108,0.99132,2.48,2.25
2012.08.29 02:37:44.166,0.99108,0.99132,1.50,2.25
2012.08.29 02:37:44.415,0.99108,0.99132,1.50,2.25
2012.08.29 02:37:44.606,0.99108,0.99132,1.50,1.50
2012.08.29 02:37:49.676,0.99108,0.99132,2.25,2.25
2012.08.29 02:37:50.475,0.99108,0.99132,2.48,1.50
2012.08.29 02:37:50.827,0.99114,0.99137,1.50,1.13
2012.08.29 02:37:50.895,0.99109,0.99133,2.48,2.25
2012.08.29 02:37:51.215,0.99109,0.99133,1.50,2.25
2012.08.29 02:37:52.315,0.99109,0.99133,2.25,2.48
2012.08.29 02:37:53.618,0.99109,0.99133,1.50,2.48
2012.08.29 02:37:53.866,0.99106,0.9913,2.25,2.48
2012.08.29 02:37:56.666,0.99103,0.99129,2.25,1.35
2012.08.29 02:37:56.998,0.99106,0.99129,2.25,1.13
2012.08.29 02:37:58.956,0.99104,0.9913,2.25,2.48
2012.08.29 02:38:08.146,0.99104,0.9913,2.48,2.25
2012.08.29 02:38:08.580,0.99104,0.9913,2.25,2.25
2012.08.29 02:38:15.986,0.99104,0.9913,2.25,2.25
2012.08.29 02:38:21.828,0.99106,0.9913,2.25,1.13
2012.08.29 02:38:21.955,0.99106,0.9913,2.25,1.13
2012.08.29 02:38:25.296,0.99106,0.99131,1.50,2.48
2012.08.29 02:38:25.576,0.99101,0.99126,2.25,2.48
2012.08.29 02:38:28.497,0.99101,0.99126,2.25,2.25
2012.08.29 02:38:32.055,0.99101,0.99126,2.25,2.25
2012.08.29 02:38:33.716,0.99101,0.99125,1.50,1.13
2012.08.29 02:38:45.605,0.99098,0.99125,1.50,2.85
2012.08.29 02:38:46.955,0.99098,0.99125,2.25,2.85
2012.08.29 02:38:49.656,0.99103,0.99125,1.50,2.25
2012.08.29 02:38:49.861,0.99104,0.99129,2.25,1.35
2012.08.29 02:38:50.607,0.99104,0.99129,1.50,1.35
2012.08.29 02:38:54.027,0.99104,0.99129,2.25,1.35
2012.08.29 02:38:55.126,0.99104,0.99129,2.25,1.35
2012.08.29 02:38:59.528,0.99104,0.99131,2.25,2.25
2012.08.29 02:39:04.918,0.99104,0.99131,2.25,2.25
2012.08.29 02:39:05.474,0.99104,0.99131,2.25,2.25
2012.08.29 02:39:15.327,0.99104,0.99129,1.50,2.25
2012.08.29 02:39:17.876,0.99104,0.99129,2.25,2.48
2012.08.29 02:39:24.709,0.99104,0.99129,1.50,2.48
2012.08.29 02:39:25.157,0.99104,0.99129,2.25,2.48
2012.08.29 02:39:31.486,0.99108,0.9913,1.50,1.13
2012.08.29 02:39:36.648,0.99106,0.99129,2.25,2.25
2012.08.29 02:39:40.698,0.99103,0.99128,1.50,1.13
2012.08.29 02:39:41.338,0.99098,0.99125,2.25,2.48
2012.08.29 02:39:42.682,0.99098,0.99125,1.50,2.25
2012.08.29 02:39:42.816,0.99094,0.99119,2.63,2.25
2012.08.29 02:39:44.877,0.99094,0.99119,2.63,1.50
2012.08.29 02:39:45.125,0.991,0.99125,2.25,2.48
2012.08.29 02:39:45.256,0.991,0.99125,2.25,2.25
2012.08.29 02:39:49.195,0.99096,0.99119,1.35,1.50
2012.08.29 02:39:49.266,0.99099,0.99125,2.25,2.25
2012.08.29 02:39:51.027,0.99099,0.99125,2.48,1.50
2012.08.29 02:39:58.577,0.99101,0.99125,1.95,1.50
2012.08.29 02:39:59.755,0.99101,0.99125,1.95,1.50
2012.08.29 02:40:01.405,0.99101,0.99125,1.13,2.25
2012.08.29 02:40:03.476,0.99101,0.99125,1.13,1.50
2012.08.29 02:40:03.765,0.99104,0.99129,2.48,1.50
2012.08.29 02:40:05.666,0.99104,0.99129,2.85,2.25
2012.08.29 02:40:06.218,0.99104,0.99125,1.35,1.50
2012.08.29 02:40:06.286,0.99104,0.99125,1.35,2.25
2012.08.29 02:40:06.685,0.99104,0.99125,1.35,1.50
2012.08.29 02:40:09.434,0.99104,0.99125,1.35,2.25
2012.08.29 02:40:10.847,0.99104,0.99125,1.35,1.50
2012.08.29 02:40:11.394,0.99104,0.99125,1.35,2.25
2012.08.29 02:40:14.377,0.99099,0.99125,1.13,2.25
2012.08.29 02:40:16.678,0.99098,0.99125,2.25,2.25
2012.08.29 02:40:17.185,0.99098,0.99125,2.48,1.50
2012.08.29 02:40:18.036,0.99098,0.99125,2.48,2.25
2012.08.29 02:40:21.976,0.99099,0.99125,1.35,1.50
2012.08.29 02:40:26.275,0.99102,0.99126,1.35,1.50
2012.08.29 02:40:28.011,0.99104,0.99126,1.35,1.50
2012.08.29 02:40:30.177,0.99104,0.99126,1.35,2.25
2012.08.29 02:40:30.308,0.99093,0.99119,1.35,1.50
2012.08.29 02:40:31.215,0.99093,0.99119,1.35,1.50
2012.08.29 02:40:31.347,0.99097,0.99124,2.85,1.50
2012.08.29 02:40:33.018,0.99097,0.99124,2.85,2.25
2012.08.29 02:40:34.565,0.99097,0.99124,2.48,1.50
2012.08.29 02:40:34.636,0.99103,0.99126,2.25,1.50
2012.08.29 02:40:34.768,0.99103,0.99128,2.48,1.50
2012.08.29 02:40:34.921,0.99103,0.99128,2.48,2.25
2012.08.29 02:40:35.047,0.99101,0.99121,2.48,1.50
2012.08.29 02:40:37.159,0.99097,0.99121,2.48,1.50
2012.08.29 02:40:38.677,0.99094,0.99115,1.58,1.50
2012.08.29 02:40:39.826,0.99095,0.99117,2.25,1.50
2012.08.29 02:40:40.491,0.99095,0.99119,2.25,2.25
2012.08.29 02:40:42.584,0.99095,0.99119,2.25,1.50
2012.08.29 02:40:43.100,0.99095,0.99119,2.25,2.25
2012.08.29 02:40:43.539,0.99095,0.99119,2.25,1.50
2012.08.29 02:40:45.237,0.99094,0.99116,1.58,1.50
2012.08.29 02:40:45.307,0.99094,0.99116,1.58,1.50
2012.08.29 02:40:49.195,0.99094,0.99116,1.58,1.50
2012.08.29 02:40:49.266,0.99094,0.9912,3.08,1.50
2012.08.29 02:40:59.617,0.99097,0.99116,1.13,1.50
2012.08.29 02:40:59.988,0.99097,0.99119,1.13,2.25
2012.08.29 02:41:00.056,0.99095,0.99119,2.48,1.50
2012.08.29 02:41:02.636,0.99095,0.99119,2.48,2.25
2012.08.29 02:41:03.128,0.99095,0.99119,2.48,1.50
2012.08.29 02:41:04.545,0.99095,0.99119,2.48,2.25
2012.08.29 02:41:05.126,0.99095,0.99119,2.48,1.50
2012.08.29 02:41:07.516,0.99098,0.99125,1.30,2.25
2012.08.29 02:41:09.777,0.99098,0.99125,1.53,1.50
2012.08.29 02:41:16.070,0.99098,0.99125,1.53,2.25
2012.08.29 02:41:27.503,0.99098,0.9912,1.30,1.50
2012.08.29 02:41:44.160,0.99096,0.9912,1.30,2.25
2012.08.29 02:41:44.601,0.99096,0.9912,1.30,1.50
2012.08.29 02:41:47.827,0.99096,0.99119,1.30,1.50
2012.08.29 02:41:57.416,0.99098,0.99119,1.30,2.25
2012.08.29 02:41:58.106,0.99098,0.99119,1.30,1.50
2012.08.29 02:42:03.129,0.99096,0.99119,1.30,2.25
2012.08.29 02:42:04.119,0.99097,0.99119,1.30,2.25
2012.08.29 02:42:06.648,0.99097,0.99119,1.30,1.50
2012.08.29 02:42:06.895,0.99097,0.99119,1.30,2.25
2012.08.29 02:42:07.205,0.99097,0.99119,1.30,1.50
2012.08.29 02:42:07.468,0.99097,0.99119,1.30,2.63
2012.08.29 02:42:07.655,0.99097,0.99119,1.30,2.85
2012.08.29 02:42:07.981,0.99093,0.99113,1.30,1.50
2012.08.29 02:42:08.047,0.99093,0.99119,1.30,2.63
2012.08.29 02:42:10.206,0.99094,0.99119,1.30,1.50
2012.08.29 02:42:10.618,0.99098,0.99119,1.30,1.50
2012.08.29 02:42:11.076,0.99103,0.99125,1.30,1.88
2012.08.29 02:42:14.970,0.99103,0.99125,1.30,2.25
2012.08.29 02:42:17.945,0.99102,0.99125,1.30,1.50
2012.08.29 02:42:18.515,0.99102,0.99125,1.53,1.50
2012.08.29 02:42:24.205,0.99104,0.99125,1.53,1.50
2012.08.29 02:42:31.077,0.99104,0.99122,1.30,1.50
2012.08.29 02:42:38.725,0.99102,0.99122,1.30,1.50
2012.08.29 02:42:58.095,0.991,0.99122,1.30,1.50
2012.08.29 02:43:02.045,0.99103,0.99124,2.25,1.50
2012.08.29 02:43:02.115,0.99103,0.99127,2.25,1.50
2012.08.29 02:43:09.227,0.99103,0.99127,2.25,2.25
2012.08.29 02:43:09.867,0.99101,0.99123,1.30,1.50
2012.08.29 02:43:16.197,0.99101,0.99123,1.30,1.50
2012.08.29 02:43:16.446,0.99105,0.99125,1.30,2.25
2012.08.29 02:43:23.408,0.99105,0.99124,1.30,1.50
2012.08.29 02:43:23.656,0.99103,0.99127,2.25,1.50
2012.08.29 02:43:30.157,0.99103,0.99124,2.25,1.50
2012.08.29 02:43:30.758,0.99101,0.99123,1.53,1.50
2012.08.29 02:43:31.357,0.99103,0.99124,2.48,1.50
2012.08.29 02:43:31.457,0.99103,0.99127,2.48,1.50
2012.08.29 02:43:32.916,0.99103,0.99127,2.25,2.25
2012.08.29 02:43:33.607,0.99101,0.99122,2.25,1.50
2012.08.29 02:43:33.797,0.99098,0.99122,1.53,2.25
2012.08.29 02:43:33.927,0.99098,0.99122,1.30,1.50
2012.08.29 02:43:34.738,0.99096,0.99122,2.48,1.50
2012.08.29 02:43:36.247,0.99102,0.99127,1.30,1.50
2012.08.29 02:43:36.317,0.99102,0.99127,1.30,1.50
2012.08.29 02:43:45.397,0.99107,0.99127,1.30,1.50
2012.08.29 02:43:47.525,0.99107,0.99127,1.30,1.50
2012.08.29 02:43:48.267,0.99108,0.99127,1.30,1.50
2012.08.29 02:43:56.417,0.99109,0.99125,1.30,1.50
2012.08.29 02:43:59.097,0.99104,0.9912,1.30,1.50
2012.08.29 02:43:59.166,0.99104,0.9912,1.30,1.50
2012.08.29 02:44:10.657,0.99101,0.9912,1.30,1.50
2012.08.29 02:44:10.967,0.99101,0.99127,2.48,1.50
2012.08.29 02:44:15.280,0.99101,0.99127,2.48,1.50
2012.08.29 02:44:15.989,0.99101,0.99127,2.48,1.50
2012.08.29 02:44:22.918,0.99108,0.99127,1.30,1.50
2012.08.29 02:44:23.166,0.99108,0.99129,1.53,1.50
2012.08.29 02:44:23.245,0.99108,0.99133,1.53,2.25
2012.08.29 02:44:43.144,0.99107,0.9913,1.53,1.50
2012.08.29 02:44:43.691,0.99107,0.99129,1.53,1.50
2012.08.29 02:45:03.627,0.99107,0.9913,1.53,1.50
2012.08.29 02:45:04.420,0.99107,0.99131,1.53,1.50
2012.08.29 02:45:19.127,0.99108,0.99131,1.53,2.25
2012.08.29 02:45:36.460,0.99109,0.99131,1.30,1.50
2012.08.29 02:45:37.939,0.99109,0.99131,1.30,2.25
2012.08.29 02:45:43.658,0.99109,0.99131,1.30,1.50
2012.08.29 02:45:50.106,0.9911,0.99131,1.30,2.25
2012.08.29 02:46:18.320,0.99108,0.99132,1.30,1.50
2012.08.29 02:46:23.546,0.99109,0.99131,1.30,1.50
2012.08.29 02:47:10.466,0.99113,0.99131,1.30,1.50
2012.08.29 02:47:10.657,0.99113,0.99137,1.30,1.50
2012.08.29 02:47:18.205,0.99114,0.99137,1.30,1.50
2012.08.29 02:47:18.397,0.99118,0.99143,1.53,1.50
2012.08.29 02:47:18.716,0.99118,0.99143,1.30,1.50
2012.08.29 02:47:19.419,0.99117,0.99143,2.48,2.25
2012.08.29 02:47:19.607,0.99117,0.99138,1.30,1.50
2012.08.29 02:47:22.947,0.99117,0.99138,1.30,1.50
2012.08.29 02:47:23.077,0.99117,0.99143,2.80,1.50
2012.08.29 02:47:38.525,0.99121,0.99143,1.30,1.50
2012.08.29 02:47:39.068,0.99121,0.99143,1.30,1.50
2012.08.29 02:48:39.331,0.99118,0.99143,1.15,1.50
2012.08.29 02:48:42.105,0.99118,0.99143,1.15,1.50
2012.08.29 02:48:42.660,0.99122,0.99143,1.30,1.50
2012.08.29 02:48:43.126,0.99122,0.9914,1.30,1.50
2012.08.29 02:48:45.446,0.99121,0.9914,1.53,2.25
2012.08.29 02:48:45.749,0.99119,0.9914,1.30,1.50
2012.08.29 02:48:45.926,0.99116,0.9914,1.53,2.25
2012.08.29 02:48:46.056,0.99113,0.9914,2.80,2.48
2012.08.29 02:48:46.186,0.99113,0.99133,1.30,1.50
2012.08.29 02:48:46.437,0.99113,0.99133,1.30,2.25
2012.08.29 02:48:50.926,0.99113,0.99133,1.30,1.50
2012.08.29 02:49:06.127,0.99115,0.99135,1.30,1.50
2012.08.29 02:49:26.175,0.99116,0.99134,1.30,1.50
2012.08.29 02:49:51.080,0.99109,0.99134,1.75,1.50
2012.08.29 02:49:52.097,0.99109,0.99134,1.15,1.50
2012.08.29 02:50:02.286,0.99109,0.99134,1.15,1.50
2012.08.29 02:50:05.497,0.99114,0.99134,1.30,2.25
2012.08.29 02:50:14.595,0.99116,0.99128,1.30,1.50
2012.08.29 02:50:19.058,0.99116,0.99128,1.30,1.50
2012.08.29 02:50:20.606,0.99116,0.99128,1.30,1.50
2012.08.29 02:50:24.625,0.99116,0.9913,1.30,1.50
2012.08.29 02:50:24.685,0.99116,0.99132,1.30,1.50
2012.08.29 02:50:44.756,0.99115,0.9913,1.30,1.50
2012.08.29 02:51:03.067,0.9911,0.9913,1.53,1.50
2012.08.29 02:51:07.520,0.9911,0.9913,1.90,1.50
2012.08.29 02:51:08.415,0.99112,0.9913,1.13,1.50
2012.08.29 02:51:17.726,0.99116,0.9913,1.35,1.50
2012.08.29 02:51:17.797,0.99116,0.99135,1.35,1.50
2012.08.29 02:51:18.248,0.99117,0.9913,1.30,1.50
2012.08.29 02:51:19.899,0.99118,0.9913,1.30,1.50
2012.08.29 02:51:21.457,0.99118,0.99133,1.30,1.50
2012.08.29 02:51:21.527,0.99119,0.99137,1.30,1.50
2012.08.29 02:51:21.717,0.99119,0.99137,1.53,1.50
2012.08.29 02:51:21.998,0.99119,0.99137,1.30,1.50
2012.08.29 02:51:22.430,0.99119,0.99132,1.30,1.50
2012.08.29 02:51:42.028,0.99116,0.99133,1.13,3.00
2012.08.29 02:52:05.467,0.99115,0.99133,1.53,1.50
2012.08.29 02:52:09.099,0.99115,0.99133,1.53,1.50
2012.08.29 02:52:42.200,0.99114,0.99146,1.30,1.35
2012.08.29 02:52:43.471,0.99115,0.99129,1.30,1.50
2012.08.29 02:52:43.826,0.99115,0.99128,1.30,1.50
2012.08.29 02:53:02.670,0.99111,0.99128,1.53,1.50
2012.08.29 02:53:03.396,0.99111,0.9913,1.30,1.50
2012.08.29 02:53:13.936,0.99111,0.9913,1.30,2.25
2012.08.29 02:53:14.277,0.99111,0.9913,1.30,1.50
2012.08.29 02:53:17.917,0.99112,0.99127,1.30,1.50
2012.08.29 02:53:18.362,0.99112,0.99124,1.30,1.50
2012.08.29 02:53:28.766,0.99111,0.9913,1.30,1.50
2012.08.29 02:53:32.031,0.99111,0.9913,1.30,2.25
2012.08.29 02:53:48.796,0.99108,0.99127,1.30,1.50
2012.08.29 02:54:14.237,0.99108,0.99127,1.30,1.50
2012.08.29 02:54:39.721,0.9911,0.9913,1.53,1.50
2012.08.29 02:54:39.790,0.9911,0.99133,1.53,2.25
2012.08.29 02:54:55.762,0.99111,0.99133,1.30,1.50
2012.08.29 02:54:59.791,0.99111,0.9913,1.30,1.50
2012.08.29 02:55:08.423,0.99111,0.99127,1.30,1.50
2012.08.29 02:55:08.762,0.99112,0.99125,1.30,1.50
2012.08.29 02:55:28.477,0.9911,0.99127,1.30,1.50
2012.08.29 02:55:29.094,0.9911,0.99128,1.30,1.50
2012.08.29 02:55:39.931,0.99111,0.99128,1.30,1.50
2012.08.29 02:55:40.302,0.9911,0.99122,1.30,1.50
2012.08.29 02:55:46.041,0.9911,0.99126,1.30,1.50
2012.08.29 02:56:06.062,0.99107,0.99124,1.30,1.50
2012.08.29 02:56:35.792,0.99107,0.99126,1.30,1.50
2012.08.29 02:56:40.196,0.99102,0.99126,2.28,1.50
2012.08.29 02:56:44.281,0.99102,0.99126,2.28,1.50
2012.08.29 02:56:45.323,0.99102,0.99126,2.65,1.50
2012.08.29 02:56:46.774,0.99102,0.99126,2.65,1.50
2012.08.29 02:56:47.585,0.99102,0.99126,2.65,1.50
2012.08.29 02:56:49.911,0.99102,0.99126,2.65,1.50
2012.08.29 02:56:50.420,0.99102,0.99126,2.65,1.50
2012.08.29 02:56:52.323,0.99102,0.99126,2.65,1.50
2012.08.29 02:56:52.992,0.99102,0.99126,2.28,1.50
2012.08.29 02:56:53.201,0.99102,0.99126,2.28,1.50
2012.08.29 02:56:53.507,0.99102,0.99126,2.28,1.50
2012.08.29 02:56:54.155,0.99102,0.99126,2.28,1.50
2012.08.29 02:56:54.234,0.99106,0.99126,1.30,1.50
2012.08.29 02:56:55.741,0.99107,0.99125,1.30,1.50
2012.08.29 02:57:12.941,0.99106,0.99125,1.30,1.50
2012.08.29 02:57:34.393,0.99106,0.99125,1.53,1.50
2012.08.29 02:57:34.582,0.99105,0.9912,1.53,1.50
2012.08.29 02:57:37.371,0.99105,0.99126,1.30,1.50
2012.08.29 02:57:57.302,0.99106,0.99125,1.30,1.50
2012.08.29 02:57:58.005,0.99106,0.99124,1.30,1.50
2012.08.29 02:58:00.734,0.99106,0.99124,1.30,1.50
2012.08.29 02:58:00.922,0.99105,0.99129,1.53,1.50
2012.08.29 02:58:10.363,0.99105,0.99129,1.53,2.25
2012.08.29 02:58:10.614,0.99106,0.99124,1.30,1.50
2012.08.29 02:58:21.312,0.99105,0.99123,1.30,1.50
2012.08.29 02:58:21.979,0.9911,0.99123,1.30,1.50
2012.08.29 02:58:22.053,0.9911,0.99128,1.30,2.25
2012.08.29 02:58:22.592,0.99109,0.99128,1.30,1.50
2012.08.29 02:58:25.107,0.9911,0.99128,1.30,1.50
2012.08.29 02:58:42.041,0.99111,0.99131,1.30,1.50
2012.08.29 02:59:02.270,0.9911,0.9913,1.30,1.50
2012.08.29 02:59:02.713,0.9911,0.9913,1.30,1.50
2012.08.29 02:59:02.844,0.99114,0.99136,1.30,1.50
2012.08.29 02:59:22.898,0.99115,0.99135,1.30,1.50
2012.08.29 02:59:31.222,0.99115,0.99135,1.30,2.25
2012.08.29 02:59:31.366,0.99115,0.99131,1.30,1.50
2012.08.29 02:59:31.789,0.99115,0.9913,1.30,1.50
2012.08.29 02:59:32.173,0.99115,0.9913,1.30,1.50
2012.08.29 02:59:34.171,0.9911,0.99131,1.30,1.50
2012.08.29 02:59:34.362,0.99114,0.99134,1.30,1.50
2012.08.29 02:59:34.511,0.99114,0.99134,1.30,1.50
2012.08.29 02:59:34.961,0.99114,0.99134,1.30,2.25
2012.08.29 02:59:35.092,0.99114,0.99129,1.30,1.50
2012.08.29 02:59:38.911,0.99112,0.99129,1.30,2.25
2012.08.29 02:59:39.042,0.9911,0.99129,1.30,2.25
2012.08.29 02:59:39.195,0.9911,0.99129,1.30,1.50
2012.08.29 02:59:39.644,0.9911,0.99129,1.30,1.50
2012.08.29 02:59:40.854,0.9911,0.99131,1.30,1.50
2012.08.29 02:59:41.103,0.99114,0.99134,1.30,1.50
2012.08.29 02:59:41.232,0.99114,0.99134,1.30,1.50
2012.08.29 02:59:43.721,0.99114,0.99134,1.30,2.25
2012.08.29 02:59:43.981,0.99114,0.99134,1.30,1.50
2012.08.29 02:59:44.433,0.99114,0.99134,1.30,2.25
2012.08.29 02:59:57.304,0.99113,0.99134,1.30,1.50
