2017.04.04 23:00:00.597,0.75779,0.758,1.50,1.00
2017.04.04 23:00:00.858,0.75778,0.75802,1.50,1.00
2017.04.04 23:00:01.518,0.75779,0.75802,1.50,1.00
2017.04.04 23:00:01.849,0.75782,0.75802,1.50,1.00
2017.04.04 23:00:02.000,0.75783,0.75804,1.50,1.00
2017.04.04 23:00:04.311,0.75783,0.75805,1.87,1.00
2017.04.04 23:00:04.818,0.75783,0.75807,1.87,1.00
2017.04.04 23:00:05.007,0.75783,0.7581,1.87,1.87
2017.04.04 23:00:06.065,0.75784,0.75809,1.00,1.00
2017.04.04 23:00:07.134,0.75784,0.75808,1.00,1.00
2017.04.04 23:00:10.271,0.75783,0.75808,2.25,1.00
2017.04.04 23:00:11.221,0.75783,0.75808,1.87,1.00
2017.04.04 23:00:11.272,0.75782,0.75808,1.50,1.00
2017.04.04 23:00:11.624,0.75787,0.75808,1.12,1.00
2017.04.04 23:00:11.675,0.7579,0.7581,1.37,1.00
2017.04.04 23:00:11.775,0.7579,0.75814,3.00,1.00
2017.04.04 23:00:11.933,0.75791,0.75814,2.62,1.00
2017.04.04 23:00:12.941,0.75792,0.75814,1.37,1.00
2017.04.04 23:00:13.637,0.75791,0.75815,1.75,1.00
2017.04.04 23:00:14.187,0.75793,0.75815,1.00,1.00
2017.04.04 23:00:14.495,0.75795,0.75815,1.50,1.00
2017.04.04 23:00:15.293,0.75795,0.75817,1.50,1.00
2017.04.04 23:00:16.236,0.75794,0.75817,1.50,1.00
2017.04.04 23:00:18.246,0.75794,0.75816,1.50,1.00
2017.04.04 23:00:18.756,0.75793,0.75815,1.00,1.00
2017.04.04 23:00:19.292,0.75792,0.75815,1.12,1.50
2017.04.04 23:00:19.422,0.75793,0.75815,1.37,1.50
2017.04.04 23:00:21.307,0.75793,0.75814,1.50,1.00
2017.04.04 23:00:22.881,0.75793,0.75814,1.00,1.00
2017.04.04 23:00:23.434,0.75793,0.75813,1.00,1.00
2017.04.04 23:00:24.687,0.75793,0.75812,1.00,1.00
2017.04.04 23:00:27.698,0.75793,0.75811,1.00,1.00
2017.04.04 23:00:31.266,0.75796,0.75811,1.00,1.00
2017.04.04 23:00:31.775,0.75795,0.75812,1.50,1.00
2017.04.04 23:00:31.825,0.75795,0.75815,1.50,1.00
2017.04.04 23:00:32.157,0.7579,0.75814,1.00,1.00
2017.04.04 23:00:32.207,0.75796,0.75814,1.50,1.00
2017.04.04 23:00:32.555,0.75793,0.75814,1.00,1.00
2017.04.04 23:00:33.148,0.75794,0.75814,1.00,1.00
2017.04.04 23:00:33.252,0.75799,0.75814,1.00,1.00
2017.04.04 23:00:33.350,0.75799,0.75818,2.25,1.00
2017.04.04 23:00:33.803,0.75798,0.7582,1.87,1.00
2017.04.04 23:00:34.230,0.75795,0.7582,1.12,1.37
2017.04.04 23:00:35.468,0.75795,0.7582,1.00,1.50
2017.04.04 23:00:35.518,0.75795,0.75818,1.00,1.00
2017.04.04 23:00:37.496,0.75795,0.75816,1.00,1.00
2017.04.04 23:00:39.346,0.75795,0.75817,1.00,1.00
2017.04.04 23:00:40.345,0.75794,0.75816,1.00,1.00
2017.04.04 23:00:40.885,0.75794,0.75815,1.00,1.50
2017.04.04 23:00:41.383,0.75792,0.75815,1.12,1.00
2017.04.04 23:00:41.633,0.75794,0.75815,1.00,1.50
2017.04.04 23:00:42.156,0.75793,0.75815,1.00,1.00
2017.04.04 23:00:42.637,0.75793,0.75813,1.00,1.00
2017.04.04 23:00:45.222,0.75792,0.75813,1.00,1.00
2017.04.04 23:00:46.276,0.75792,0.75812,1.00,1.00
2017.04.04 23:00:48.730,0.75793,0.75812,1.12,1.00
2017.04.04 23:01:00.888,0.75793,0.75811,1.00,1.00
2017.04.04 23:01:03.254,0.75793,0.75809,1.00,1.00
2017.04.04 23:01:04.586,0.75793,0.7581,1.00,1.00
2017.04.04 23:01:05.998,0.75792,0.7581,1.00,1.00
2017.04.04 23:01:06.677,0.75792,0.75811,1.50,1.00
2017.04.04 23:01:10.702,0.75792,0.7581,1.00,1.00
2017.04.04 23:01:10.798,0.7579,0.7581,1.00,1.00
2017.04.04 23:01:10.899,0.7579,0.75812,1.00,1.00
2017.04.04 23:01:11.418,0.7579,0.75813,1.00,1.00
2017.04.04 23:01:14.716,0.7579,0.75812,1.00,1.00
2017.04.04 23:01:16.752,0.7579,0.75811,1.00,1.00
2017.04.04 23:01:16.863,0.75792,0.75811,1.00,1.00
2017.04.04 23:01:18.641,0.75791,0.75811,1.00,1.00
2017.04.04 23:01:19.183,0.75792,0.75811,1.00,1.00
2017.04.04 23:01:19.702,0.75792,0.7581,1.00,1.00
2017.04.04 23:01:20.417,0.75792,0.75811,1.00,1.00
2017.04.04 23:01:22.416,0.75792,0.75812,1.00,1.00
2017.04.04 23:01:24.939,0.75791,0.75812,1.00,1.00
2017.04.04 23:01:25.216,0.75789,0.75811,1.00,1.00
2017.04.04 23:01:25.267,0.75787,0.75811,1.00,1.00
2017.04.04 23:01:26.456,0.75787,0.75809,1.00,1.00
2017.04.04 23:01:27.236,0.75787,0.7581,1.00,1.00
2017.04.04 23:01:29.166,0.75787,0.75809,1.00,1.00
2017.04.04 23:01:29.480,0.75789,0.7581,1.00,1.00
2017.04.04 23:01:30.754,0.75788,0.7581,1.00,1.00
2017.04.04 23:01:32.804,0.75789,0.7581,1.00,1.00
2017.04.04 23:01:34.048,0.75789,0.75811,1.00,1.00
2017.04.04 23:01:34.867,0.75789,0.7581,1.00,1.00
2017.04.04 23:01:36.428,0.75787,0.7581,1.00,1.00
2017.04.04 23:01:36.629,0.75785,0.75809,1.00,1.00
2017.04.04 23:01:37.258,0.75786,0.75809,1.00,1.00
2017.04.04 23:01:40.746,0.75786,0.75808,1.00,1.00
2017.04.04 23:01:41.448,0.75786,0.75807,1.00,1.00
2017.04.04 23:01:43.269,0.75785,0.75807,1.50,1.00
2017.04.04 23:01:43.369,0.75785,0.75809,1.50,1.00
2017.04.04 23:01:44.742,0.75785,0.75808,1.50,1.00
2017.04.04 23:01:46.134,0.75788,0.75808,1.00,1.00
2017.04.04 23:01:49.329,0.75787,0.75808,1.00,1.00
2017.04.04 23:01:49.718,0.75785,0.75808,1.00,1.00
2017.04.04 23:01:53.201,0.75784,0.75808,1.50,1.00
2017.04.04 23:01:53.759,0.75784,0.75807,1.00,1.00
2017.04.04 23:01:59.200,0.75783,0.75807,2.25,1.00
2017.04.04 23:02:00.259,0.75784,0.75807,1.00,1.00
2017.04.04 23:02:02.262,0.75785,0.75807,1.00,1.00
2017.04.04 23:02:06.797,0.75784,0.75807,1.50,1.00
2017.04.04 23:02:08.258,0.75784,0.75806,1.50,1.00
2017.04.04 23:02:08.854,0.75783,0.75806,1.00,1.00
2017.04.04 23:02:10.013,0.75785,0.75807,1.00,1.00
2017.04.04 23:02:10.722,0.75786,0.75807,1.00,1.00
2017.04.04 23:02:15.088,0.75786,0.75808,1.00,1.00
2017.04.04 23:02:15.782,0.7579,0.75808,1.00,1.00
2017.04.04 23:02:15.863,0.7579,0.75813,1.00,1.00
2017.04.04 23:02:16.411,0.7579,0.75812,1.00,1.00
2017.04.04 23:02:17.310,0.7579,0.75814,1.50,1.00
2017.04.04 23:02:17.411,0.75792,0.75818,1.50,1.12
2017.04.04 23:02:17.831,0.75794,0.75818,1.00,1.00
2017.04.04 23:02:18.385,0.75793,0.75818,1.00,1.00
2017.04.04 23:02:19.365,0.75793,0.75819,1.00,1.00
2017.04.04 23:02:20.323,0.75793,0.75817,1.00,1.00
2017.04.04 23:02:22.054,0.75794,0.75817,1.00,1.00
2017.04.04 23:02:25.135,0.75792,0.75816,1.00,1.00
2017.04.04 23:02:25.724,0.75792,0.75815,1.00,1.00
2017.04.04 23:02:26.927,0.75792,0.75814,1.00,1.00
2017.04.04 23:02:29.606,0.75792,0.75815,1.00,1.50
2017.04.04 23:02:29.836,0.75792,0.75812,1.00,1.00
2017.04.04 23:02:36.431,0.75791,0.75812,1.00,1.00
2017.04.04 23:02:38.842,0.75791,0.75813,1.00,1.00
2017.04.04 23:02:39.211,0.75792,0.75816,1.00,1.00
2017.04.04 23:02:39.589,0.75794,0.75816,1.00,1.00
2017.04.04 23:02:41.507,0.75794,0.75815,1.00,1.00
2017.04.04 23:02:47.697,0.75794,0.75814,1.00,1.00
2017.04.04 23:02:50.606,0.75793,0.75814,1.00,1.00
2017.04.04 23:02:54.762,0.75793,0.75815,1.00,1.00
2017.04.04 23:02:57.616,0.75793,0.75813,1.00,1.00
2017.04.04 23:02:59.483,0.75794,0.75813,1.00,1.00
2017.04.04 23:02:59.533,0.75792,0.75813,1.50,1.00
2017.04.04 23:02:59.634,0.75789,0.7581,1.50,1.00
2017.04.04 23:02:59.684,0.75788,0.75813,1.50,1.37
2017.04.04 23:02:59.735,0.75786,0.75812,1.87,1.37
2017.04.04 23:02:59.953,0.75787,0.75813,1.00,1.00
2017.04.04 23:03:00.509,0.75786,0.75813,1.12,1.00
2017.04.04 23:03:01.526,0.75785,0.75813,1.87,1.00
2017.04.04 23:03:02.296,0.75785,0.75811,2.62,1.00
2017.04.04 23:03:02.991,0.75786,0.7581,1.87,1.00
2017.04.04 23:03:06.377,0.75786,0.75809,1.00,1.00
2017.04.04 23:03:07.114,0.75785,0.75808,1.50,1.00
2017.04.04 23:03:07.927,0.75786,0.75808,1.00,1.00
2017.04.04 23:03:13.415,0.75785,0.75808,1.50,1.00
2017.04.04 23:03:14.100,0.75786,0.75808,1.00,1.00
2017.04.04 23:03:18.267,0.75786,0.75809,1.00,1.00
2017.04.04 23:03:22.627,0.75786,0.7581,1.00,1.00
2017.04.04 23:03:24.788,0.75786,0.75809,1.00,1.00
2017.04.04 23:03:24.888,0.75784,0.75809,1.00,1.00
2017.04.04 23:03:26.016,0.75784,0.7581,1.00,1.50
2017.04.04 23:03:26.759,0.75785,0.75807,1.00,1.00
2017.04.04 23:03:29.796,0.75785,0.75805,1.00,1.00
2017.04.04 23:03:30.373,0.75784,0.75805,1.00,1.00
2017.04.04 23:03:30.921,0.75785,0.75806,1.12,1.00
2017.04.04 23:03:35.778,0.75785,0.75805,1.12,1.00
2017.04.04 23:03:39.566,0.75785,0.75806,1.12,1.00
2017.04.04 23:03:59.716,0.75785,0.75805,1.00,1.00
2017.04.04 23:04:00.375,0.75785,0.75806,1.00,1.00
2017.04.04 23:04:05.279,0.75783,0.75806,1.00,1.00
2017.04.04 23:04:05.837,0.75782,0.75807,1.00,1.00
2017.04.04 23:04:10.016,0.75783,0.75805,1.00,1.00
2017.04.04 23:04:18.045,0.75782,0.75806,1.00,1.00
2017.04.04 23:04:19.269,0.75784,0.75806,1.00,1.00
2017.04.04 23:04:24.795,0.75785,0.75806,1.50,1.00
2017.04.04 23:04:25.392,0.75784,0.75806,1.50,1.00
2017.04.04 23:04:25.894,0.75785,0.75806,1.50,1.00
2017.04.04 23:04:33.977,0.75784,0.75806,2.25,1.00
2017.04.04 23:04:34.078,0.75782,0.75805,1.00,1.50
2017.04.04 23:04:34.128,0.75779,0.75804,1.00,1.12
2017.04.04 23:04:34.280,0.75777,0.75805,1.50,1.12
2017.04.04 23:04:34.804,0.75779,0.75803,1.00,1.00
2017.04.04 23:04:35.106,0.7578,0.75805,3.00,1.00
2017.04.04 23:04:35.207,0.75784,0.75806,1.00,1.00
2017.04.04 23:04:35.460,0.75781,0.75806,2.25,1.12
2017.04.04 23:04:36.386,0.75781,0.75807,2.25,1.12
2017.04.04 23:04:36.918,0.75781,0.75805,2.25,1.00
2017.04.04 23:04:38.636,0.75781,0.75806,1.50,1.00
2017.04.04 23:04:40.593,0.75782,0.75804,1.00,1.00
2017.04.04 23:04:46.667,0.75781,0.75803,2.62,1.00
2017.04.04 23:04:53.963,0.75779,0.75803,2.62,1.12
2017.04.04 23:04:56.367,0.75779,0.75801,1.50,1.00
2017.04.04 23:05:02.264,0.75779,0.758,1.50,1.00
2017.04.04 23:05:06.315,0.75779,0.75799,1.50,1.00
2017.04.04 23:05:07.282,0.75779,0.758,1.50,1.00
2017.04.04 23:05:08.575,0.75778,0.758,1.50,1.00
2017.04.04 23:05:09.765,0.75778,0.75799,2.25,1.00
2017.04.04 23:05:10.377,0.75779,0.75799,1.50,1.00
2017.04.04 23:05:10.964,0.75779,0.758,1.50,1.00
2017.04.04 23:05:13.040,0.75778,0.75799,1.00,1.00
2017.04.04 23:05:13.939,0.75778,0.758,1.00,1.00
2017.04.04 23:05:14.689,0.75779,0.758,1.50,1.00
2017.04.04 23:05:21.655,0.75778,0.758,2.25,1.00
2017.04.04 23:05:23.096,0.75779,0.758,1.50,1.00
2017.04.04 23:05:23.894,0.75779,0.75801,1.50,1.00
2017.04.04 23:05:26.180,0.75778,0.75801,1.00,1.00
2017.04.04 23:05:29.344,0.75779,0.758,1.00,1.00
2017.04.04 23:05:44.125,0.75778,0.75801,1.00,1.00
2017.04.04 23:05:49.267,0.75779,0.758,1.00,1.00
2017.04.04 23:05:49.829,0.75778,0.758,1.12,1.00
2017.04.04 23:05:50.359,0.75777,0.75801,2.62,1.00
2017.04.04 23:05:56.326,0.75779,0.75801,1.37,1.00
2017.04.04 23:05:57.396,0.7578,0.75802,1.87,1.00
2017.04.04 23:05:57.914,0.7578,0.75803,1.87,1.00
2017.04.04 23:05:58.603,0.7578,0.75803,3.00,1.00
2017.04.04 23:06:04.372,0.7578,0.75803,1.87,1.00
2017.04.04 23:06:05.474,0.7578,0.75803,3.37,1.00
2017.04.04 23:06:05.524,0.75779,0.75804,2.62,1.00
2017.04.04 23:06:06.161,0.7578,0.75803,2.62,1.00
2017.04.04 23:06:09.596,0.7578,0.75801,1.00,1.00
2017.04.04 23:06:10.145,0.7578,0.75802,2.62,1.00
2017.04.04 23:06:11.263,0.7578,0.75803,4.12,1.00
2017.04.04 23:06:13.141,0.75782,0.75803,1.00,1.00
2017.04.04 23:06:16.276,0.7578,0.75803,1.12,1.00
2017.04.04 23:06:18.594,0.7578,0.75801,1.12,1.00
2017.04.04 23:06:21.088,0.75779,0.75801,1.12,1.00
2017.04.04 23:06:21.138,0.75777,0.75802,1.00,1.00
2017.04.04 23:06:21.775,0.75778,0.75801,1.00,1.00
2017.04.04 23:06:25.209,0.75779,0.75801,1.00,1.00
2017.04.04 23:06:25.734,0.75778,0.75801,1.00,1.00
2017.04.04 23:06:28.559,0.75774,0.758,1.00,1.50
2017.04.04 23:06:28.861,0.75776,0.758,1.00,1.00
2017.04.04 23:06:28.962,0.75772,0.75798,1.87,1.00
2017.04.04 23:06:29.163,0.75774,0.758,1.50,1.00
2017.04.04 23:06:29.678,0.75775,0.75801,1.50,1.87
2017.04.04 23:06:30.551,0.75775,0.758,1.50,1.00
2017.04.04 23:06:31.095,0.75775,0.75798,1.50,1.00
2017.04.04 23:06:34.348,0.75778,0.75799,1.00,1.00
2017.04.04 23:06:35.255,0.75778,0.758,1.00,1.00
2017.04.04 23:06:36.265,0.75778,0.75799,1.00,1.00
2017.04.04 23:06:46.406,0.75778,0.758,1.00,1.00
2017.04.04 23:06:48.157,0.75778,0.75799,1.50,1.00
2017.04.04 23:07:04.794,0.75777,0.75799,1.12,1.00
2017.04.04 23:07:11.655,0.75777,0.75798,1.87,1.00
2017.04.04 23:07:18.082,0.75777,0.75799,1.87,1.00
2017.04.04 23:07:18.550,0.75777,0.75801,1.12,1.00
2017.04.04 23:07:24.946,0.75777,0.758,1.00,1.00
2017.04.04 23:07:26.565,0.75778,0.75798,1.00,1.00
2017.04.04 23:07:27.076,0.75777,0.75798,1.00,1.00
2017.04.04 23:07:27.628,0.75776,0.75798,1.00,1.00
2017.04.04 23:07:28.414,0.75775,0.75798,1.00,1.50
2017.04.04 23:07:28.665,0.75772,0.75796,1.00,1.00
2017.04.04 23:07:29.206,0.7577,0.75797,3.00,1.00
2017.04.04 23:07:29.710,0.75773,0.75797,1.87,1.00
2017.04.04 23:07:30.370,0.75773,0.75798,1.87,1.50
2017.04.04 23:07:31.445,0.75773,0.75796,2.62,1.00
2017.04.04 23:07:34.536,0.75773,0.75796,2.62,1.00
2017.04.04 23:07:34.827,0.75773,0.75798,2.25,1.00
2017.04.04 23:07:37.172,0.75775,0.75799,1.87,1.00
2017.04.04 23:07:44.819,0.75775,0.75798,1.12,1.00
2017.04.04 23:07:45.841,0.75775,0.75797,1.12,1.00
2017.04.04 23:07:46.063,0.75773,0.75797,1.50,1.00
2017.04.04 23:07:49.095,0.75773,0.75796,1.50,1.00
2017.04.04 23:07:50.266,0.75773,0.75798,1.87,1.00
2017.04.04 23:07:57.958,0.75773,0.75797,2.62,1.00
2017.04.04 23:08:05.720,0.75772,0.75796,2.62,1.00
2017.04.04 23:08:06.571,0.75772,0.75797,2.62,1.00
2017.04.04 23:08:07.724,0.75772,0.75798,1.87,1.00
2017.04.04 23:08:08.834,0.75772,0.75797,2.62,1.00
2017.04.04 23:08:09.959,0.75772,0.75798,1.87,1.00
2017.04.04 23:08:10.794,0.75772,0.75797,2.62,1.00
2017.04.04 23:08:14.554,0.75772,0.75796,2.62,1.00
2017.04.04 23:08:22.869,0.75772,0.75795,1.87,1.00
2017.04.04 23:08:24.844,0.75774,0.75794,1.87,1.00
2017.04.04 23:08:31.219,0.75773,0.75794,1.50,1.00
2017.04.04 23:08:34.876,0.75773,0.75793,1.50,1.00
2017.04.04 23:08:38.066,0.75776,0.75794,1.00,1.00
2017.04.04 23:08:38.290,0.75777,0.75796,1.00,1.50
2017.04.04 23:08:39.212,0.75777,0.75795,1.00,1.00
2017.04.04 23:08:40.439,0.75774,0.75793,1.50,1.00
2017.04.04 23:08:41.033,0.75774,0.75795,1.50,1.50
2017.04.04 23:08:45.009,0.75773,0.75795,1.50,1.50
2017.04.04 23:08:45.743,0.75774,0.75795,1.50,1.50
2017.04.04 23:08:46.674,0.75774,0.75794,1.50,1.00
2017.04.04 23:08:50.320,0.75774,0.75795,1.50,1.00
2017.04.04 23:08:56.685,0.75774,0.75796,1.50,1.00
2017.04.04 23:09:00.745,0.75774,0.75797,1.50,1.00
2017.04.04 23:09:02.305,0.75774,0.75796,1.50,1.00
2017.04.04 23:09:16.935,0.75774,0.75795,1.50,1.00
2017.04.04 23:09:23.683,0.75773,0.75795,1.50,1.00
2017.04.04 23:09:24.204,0.75774,0.75795,1.50,1.00
2017.04.04 23:09:24.793,0.75776,0.75795,1.00,1.00
2017.04.04 23:09:26.316,0.75776,0.75797,1.50,1.00
2017.04.04 23:09:31.105,0.75776,0.75796,1.50,1.00
2017.04.04 23:09:33.684,0.75776,0.75797,1.50,1.00
2017.04.04 23:09:41.345,0.75776,0.75798,1.50,1.00
2017.04.04 23:09:44.853,0.75775,0.75798,1.50,1.00
2017.04.04 23:09:46.265,0.75775,0.75797,1.50,1.00
2017.04.04 23:09:51.115,0.75775,0.75795,1.50,1.00
2017.04.04 23:10:00.115,0.75775,0.75796,1.50,1.00
2017.04.04 23:10:03.477,0.75774,0.75796,2.25,1.00
2017.04.04 23:10:04.743,0.75774,0.75796,2.62,1.00
2017.04.04 23:10:05.824,0.75774,0.75796,3.00,1.00
2017.04.04 23:10:24.853,0.75774,0.75795,2.25,1.00
2017.04.04 23:10:25.892,0.75777,0.75795,1.00,1.00
2017.04.04 23:10:27.910,0.75777,0.75796,1.00,1.00
2017.04.04 23:10:28.453,0.75777,0.75795,1.00,1.00
2017.04.04 23:10:31.157,0.75777,0.75793,1.00,1.00
2017.04.04 23:10:32.666,0.75777,0.75794,1.00,1.00
2017.04.04 23:10:34.149,0.75777,0.75792,1.00,1.00
2017.04.04 23:10:43.515,0.75777,0.75793,1.00,1.00
2017.04.04 23:10:44.844,0.75777,0.75792,1.00,1.00
2017.04.04 23:10:45.504,0.75774,0.75792,1.75,1.00
2017.04.04 23:10:46.150,0.75774,0.75793,1.75,1.00
2017.04.04 23:10:50.058,0.75772,0.75793,1.12,1.00
2017.04.04 23:10:51.187,0.75771,0.75794,2.62,1.00
2017.04.04 23:10:53.455,0.7577,0.75793,4.50,1.00
2017.04.04 23:11:03.309,0.75771,0.75795,2.25,1.00
2017.04.04 23:11:16.246,0.75772,0.75794,2.25,1.00
2017.04.04 23:11:29.876,0.75772,0.75795,2.25,1.00
2017.04.04 23:11:32.817,0.75771,0.75794,2.62,1.00
2017.04.04 23:11:37.186,0.75771,0.75795,2.62,1.00
2017.04.04 23:11:39.398,0.75771,0.75794,3.37,1.00
2017.04.04 23:11:47.136,0.75776,0.75795,1.87,1.00
2017.04.04 23:11:47.186,0.75776,0.75796,3.00,1.00
2017.04.04 23:11:47.408,0.7578,0.75799,2.25,1.00
2017.04.04 23:11:47.509,0.75779,0.75799,2.25,1.00
2017.04.04 23:11:47.559,0.75779,0.75801,2.25,1.00
2017.04.04 23:11:48.435,0.7578,0.75802,2.62,1.00
2017.04.04 23:11:49.126,0.7578,0.75801,2.62,1.00
2017.04.04 23:12:13.756,0.75782,0.75802,1.37,1.00
2017.04.04 23:12:13.876,0.75782,0.75802,1.12,1.00
2017.04.04 23:12:14.420,0.75779,0.75803,2.62,1.00
2017.04.04 23:12:24.210,0.75781,0.75802,1.75,1.00
2017.04.04 23:12:24.844,0.75782,0.75802,1.00,1.00
2017.04.04 23:12:34.165,0.75782,0.75803,1.00,1.00
2017.04.04 23:12:40.977,0.75782,0.75802,1.00,1.00
2017.04.04 23:12:49.868,0.75782,0.75803,1.00,1.00
2017.04.04 23:12:56.969,0.75782,0.75804,1.00,1.00
2017.04.04 23:13:04.877,0.75781,0.75804,1.87,1.00
2017.04.04 23:13:06.776,0.75781,0.75803,1.87,1.00
2017.04.04 23:13:10.451,0.75781,0.75802,1.87,1.00
2017.04.04 23:13:11.168,0.75781,0.75803,1.87,1.00
2017.04.04 23:13:17.145,0.75781,0.75802,1.87,1.00
2017.04.04 23:13:19.215,0.75782,0.75803,1.75,1.00
2017.04.04 23:13:24.950,0.75782,0.75803,2.25,1.00
2017.04.04 23:13:28.164,0.75784,0.75804,1.50,1.00
2017.04.04 23:13:28.265,0.75785,0.75804,1.75,1.00
2017.04.04 23:13:28.692,0.75785,0.75806,1.75,1.00
2017.04.04 23:13:32.284,0.75787,0.75808,1.00,1.12
2017.04.04 23:13:32.335,0.7579,0.7581,1.00,1.12
2017.04.04 23:13:32.660,0.75792,0.7581,1.00,1.00
2017.04.04 23:13:33.457,0.75792,0.75811,1.00,1.00
2017.04.04 23:13:34.000,0.75792,0.7581,1.00,1.00
2017.04.04 23:13:34.716,0.75792,0.75811,1.00,1.00
2017.04.04 23:13:35.377,0.75792,0.7581,1.00,1.00
2017.04.04 23:13:36.676,0.75792,0.75811,1.00,1.00
2017.04.04 23:13:37.375,0.75792,0.7581,1.00,1.00
2017.04.04 23:13:38.126,0.75792,0.75811,1.00,1.00
2017.04.04 23:13:38.726,0.75792,0.7581,1.00,1.00
2017.04.04 23:13:39.403,0.75792,0.75811,1.00,1.00
2017.04.04 23:13:40.027,0.75792,0.7581,1.00,1.00
2017.04.04 23:13:41.277,0.75792,0.75808,1.00,1.00
2017.04.04 23:13:41.816,0.75789,0.75808,1.75,1.00
2017.04.04 23:13:42.272,0.7579,0.75808,2.25,1.00
2017.04.04 23:13:47.688,0.7579,0.75808,1.50,1.00
2017.04.04 23:13:51.816,0.7579,0.75807,1.50,1.00
2017.04.04 23:14:02.604,0.75789,0.75809,1.75,1.00
2017.04.04 23:14:03.330,0.75789,0.75809,1.50,1.00
2017.04.04 23:14:03.556,0.7579,0.75809,1.50,1.00
2017.04.04 23:14:05.046,0.75792,0.7581,1.00,1.00
2017.04.04 23:14:09.945,0.75792,0.75811,1.00,1.00
2017.04.04 23:14:10.735,0.75792,0.7581,1.00,1.00
2017.04.04 23:14:17.914,0.75792,0.75812,1.00,1.00
2017.04.04 23:14:24.928,0.75789,0.75812,2.25,1.00
2017.04.04 23:14:27.885,0.7579,0.75811,1.75,1.00
2017.04.04 23:14:37.885,0.7579,0.7581,1.75,1.00
2017.04.04 23:14:44.603,0.7579,0.75811,2.25,1.00
2017.04.04 23:14:51.127,0.7579,0.75812,3.00,1.00
2017.04.04 23:14:51.262,0.75791,0.75814,1.87,1.00
2017.04.04 23:14:52.716,0.75791,0.75815,1.75,1.00
2017.04.04 23:14:53.317,0.75792,0.75814,1.75,1.00
2017.04.04 23:14:59.561,0.75794,0.75815,1.50,1.00
2017.04.04 23:15:00.257,0.75796,0.75815,1.00,1.00
2017.04.04 23:15:30.466,0.75793,0.75814,1.75,1.00
2017.04.04 23:15:30.991,0.75796,0.75814,1.75,1.00
2017.04.04 23:15:31.041,0.75796,0.75819,1.87,1.00
2017.04.04 23:15:32.545,0.75798,0.75817,1.50,1.00
2017.04.04 23:15:35.544,0.75795,0.75816,3.75,1.00
2017.04.04 23:15:36.231,0.75795,0.75815,3.37,1.00
2017.04.04 23:15:39.967,0.75795,0.75814,1.75,1.00
2017.04.04 23:15:44.763,0.75795,0.75813,2.25,1.00
2017.04.04 23:15:46.184,0.75795,0.75814,2.25,1.00
2017.04.04 23:15:46.705,0.75795,0.75815,1.75,1.50
2017.04.04 23:15:46.806,0.75793,0.75815,1.12,1.50
2017.04.04 23:15:49.535,0.75793,0.75812,1.87,1.00
2017.04.04 23:15:51.076,0.75792,0.75813,2.25,1.00
2017.04.04 23:15:59.465,0.75792,0.75812,2.25,1.00
2017.04.04 23:16:03.062,0.75792,0.75813,2.25,1.00
2017.04.04 23:16:04.079,0.75792,0.75812,3.00,1.00
2017.04.04 23:16:04.960,0.75792,0.75812,1.87,1.00
2017.04.04 23:16:13.157,0.75792,0.75811,1.87,1.00
2017.04.04 23:16:24.584,0.75792,0.75811,1.87,1.00
2017.04.04 23:16:34.114,0.75793,0.7581,1.50,1.00
2017.04.04 23:16:43.616,0.75793,0.75811,1.50,1.00
2017.04.04 23:16:45.994,0.75792,0.75812,1.87,1.00
2017.04.04 23:16:47.945,0.75792,0.75811,1.37,1.00
2017.04.04 23:17:01.402,0.75792,0.75812,1.37,1.00
2017.04.04 23:17:02.098,0.75792,0.75812,1.12,1.00
2017.04.04 23:17:02.728,0.75793,0.75813,3.00,1.00
2017.04.04 23:17:11.393,0.75793,0.75813,1.00,1.00
2017.04.04 23:17:13.184,0.7579,0.75811,1.87,1.00
2017.04.04 23:17:18.854,0.7579,0.75812,1.87,1.00
2017.04.04 23:17:21.716,0.75791,0.75812,1.12,1.00
2017.04.04 23:17:25.664,0.75791,0.75813,1.12,1.00
2017.04.04 23:17:28.206,0.75791,0.75815,1.75,1.00
2017.04.04 23:17:29.126,0.75792,0.75816,1.50,1.12
2017.04.04 23:17:30.205,0.75793,0.75815,1.37,1.00
2017.04.04 23:17:30.829,0.75793,0.75816,1.37,1.12
2017.04.04 23:17:31.433,0.75792,0.75817,1.75,3.00
2017.04.04 23:17:32.264,0.75792,0.75816,1.75,1.50
2017.04.04 23:17:32.745,0.75792,0.75814,1.75,1.00
2017.04.04 23:17:40.776,0.75793,0.75813,1.50,1.00
2017.04.04 23:17:43.983,0.75797,0.75814,1.50,1.00
2017.04.04 23:17:44.984,0.758,0.75819,2.25,1.00
2017.04.04 23:17:45.576,0.758,0.75818,2.25,1.00
2017.04.04 23:17:45.872,0.75796,0.75818,2.62,1.00
2017.04.04 23:17:45.973,0.758,0.75821,1.00,1.50
2017.04.04 23:17:47.915,0.758,0.75819,1.00,1.00
2017.04.04 23:17:57.716,0.758,0.75818,1.00,1.00
2017.04.04 23:18:02.535,0.758,0.75819,1.00,1.00
2017.04.04 23:18:07.715,0.75797,0.75818,3.00,1.00
2017.04.04 23:18:22.815,0.75798,0.7582,2.25,1.00
2017.04.04 23:18:22.985,0.75798,0.7582,2.25,1.00
2017.04.04 23:18:23.785,0.75798,0.75819,2.25,1.00
2017.04.04 23:18:29.861,0.75797,0.75818,2.25,1.00
2017.04.04 23:18:30.699,0.75797,0.75819,2.25,1.00
2017.04.04 23:18:34.286,0.75797,0.75818,2.25,1.00
2017.04.04 23:18:39.865,0.75797,0.75817,2.25,1.00
2017.04.04 23:18:41.260,0.75797,0.75818,2.25,1.00
2017.04.04 23:18:41.461,0.75799,0.7582,2.25,1.00
2017.04.04 23:18:42.066,0.75799,0.75821,2.25,1.00
2017.04.04 23:18:42.605,0.75799,0.7582,2.25,1.00
2017.04.04 23:18:44.915,0.75798,0.75818,2.25,1.00
2017.04.04 23:18:52.578,0.75799,0.75819,2.25,1.00
2017.04.04 23:18:56.514,0.75799,0.75821,2.25,1.00
2017.04.04 23:18:57.036,0.75799,0.7582,2.25,1.00
2017.04.04 23:18:59.662,0.758,0.75822,1.12,1.00
2017.04.04 23:19:02.765,0.758,0.75821,1.75,1.00
2017.04.04 23:19:09.615,0.758,0.75822,1.75,1.00
2017.04.04 23:19:11.150,0.758,0.75821,1.75,1.00
2017.04.04 23:19:13.515,0.758,0.7582,1.75,1.00
2017.04.04 23:19:15.564,0.758,0.75819,1.75,1.00
2017.04.04 23:19:23.515,0.758,0.75818,1.75,1.00
2017.04.04 23:19:24.954,0.75799,0.75818,1.75,1.00
2017.04.04 23:19:28.800,0.75799,0.75817,1.75,1.00
2017.04.04 23:19:29.674,0.75799,0.75815,1.75,1.00
2017.04.04 23:19:29.976,0.75794,0.75815,1.75,1.00
2017.04.04 23:19:30.077,0.75794,0.75815,1.75,1.00
2017.04.04 23:19:30.178,0.75794,0.75816,1.50,1.50
2017.04.04 23:19:30.609,0.75791,0.7581,1.75,1.00
2017.04.04 23:19:34.565,0.75791,0.75808,1.75,1.00
2017.04.04 23:19:37.515,0.75791,0.75806,1.75,1.00
2017.04.04 23:19:44.533,0.75791,0.75807,1.75,1.00
2017.04.04 23:19:44.684,0.75791,0.75806,1.75,1.00
2017.04.04 23:19:47.999,0.75791,0.75807,2.25,1.00
2017.04.04 23:19:48.503,0.75795,0.75809,1.00,1.00
2017.04.04 23:19:49.141,0.7579,0.75809,2.25,1.00
2017.04.04 23:19:51.651,0.75791,0.75809,2.25,1.00
2017.04.04 23:19:52.191,0.7579,0.75809,2.62,1.00
2017.04.04 23:19:54.584,0.7579,0.75807,2.62,1.00
2017.04.04 23:20:00.010,0.7579,0.75808,2.62,1.00
2017.04.04 23:20:01.583,0.75794,0.75809,1.75,1.00
2017.04.04 23:20:03.583,0.75794,0.75808,1.75,1.00
2017.04.04 23:20:13.583,0.75794,0.75809,1.75,1.00
2017.04.04 23:20:15.287,0.75796,0.75813,1.00,1.00
2017.04.04 23:20:15.862,0.75796,0.75814,1.00,1.00
2017.04.04 23:20:18.734,0.75796,0.75815,1.00,1.00
2017.04.04 23:20:25.483,0.75796,0.75816,1.00,1.00
2017.04.04 23:20:30.115,0.75796,0.75817,1.00,1.00
2017.04.04 23:20:32.113,0.75796,0.75816,1.00,1.00
2017.04.04 23:20:35.216,0.75796,0.75819,1.00,1.50
2017.04.04 23:20:35.332,0.75798,0.75818,1.00,1.00
2017.04.04 23:20:37.395,0.75798,0.75819,1.75,1.00
2017.04.04 23:20:49.643,0.75798,0.75818,1.75,1.00
2017.04.04 23:20:56.588,0.75797,0.75819,1.75,1.00
2017.04.04 23:20:59.246,0.75797,0.7582,1.75,1.50
2017.04.04 23:21:01.301,0.75798,0.75819,1.75,1.00
2017.04.04 23:21:04.889,0.758,0.75819,1.00,1.00
2017.04.04 23:21:11.254,0.758,0.75818,1.00,1.00
2017.04.04 23:21:16.735,0.758,0.75819,1.00,1.00
2017.04.04 23:21:21.436,0.758,0.75818,1.00,1.00
2017.04.04 23:21:25.314,0.75797,0.75817,1.75,1.00
2017.04.04 23:21:41.484,0.75797,0.75818,1.75,1.00
2017.04.04 23:21:44.116,0.75797,0.75817,1.75,1.00
2017.04.04 23:21:47.554,0.75797,0.75818,1.75,1.00
2017.04.04 23:22:18.233,0.75797,0.75817,1.75,1.00
2017.04.04 23:22:21.533,0.75797,0.75818,1.75,1.00
2017.04.04 23:22:23.211,0.75797,0.75821,1.75,1.12
2017.04.04 23:22:25.154,0.75797,0.75818,1.75,1.00
2017.04.04 23:22:38.803,0.75797,0.75817,1.75,1.00
2017.04.04 23:22:46.545,0.75797,0.75818,1.75,1.00
2017.04.04 23:23:02.718,0.75798,0.75818,2.25,1.00
2017.04.04 23:23:03.354,0.75798,0.75819,2.25,1.00
2017.04.04 23:23:04.017,0.75798,0.7582,2.25,1.50
2017.04.04 23:23:04.548,0.75798,0.75819,2.25,1.00
2017.04.04 23:23:06.658,0.75798,0.7582,2.25,1.00
2017.04.04 23:23:12.680,0.75798,0.75821,2.25,1.00
2017.04.04 23:23:14.056,0.75798,0.7582,2.25,1.00
2017.04.04 23:23:14.502,0.75803,0.75823,1.87,1.00
2017.04.04 23:23:14.603,0.75803,0.75823,1.87,1.00
2017.04.04 23:23:14.704,0.75803,0.75826,2.25,1.50
2017.04.04 23:23:15.300,0.75803,0.75825,2.25,1.00
2017.04.04 23:23:16.694,0.75803,0.75826,2.25,1.50
2017.04.04 23:23:17.925,0.75803,0.75825,2.25,1.00
2017.04.04 23:23:19.585,0.75802,0.75826,2.62,1.00
2017.04.04 23:23:19.737,0.75805,0.75826,2.25,1.00
2017.04.04 23:23:19.787,0.75806,0.7583,2.25,1.00
2017.04.04 23:23:19.888,0.7581,0.75834,1.00,1.75
2017.04.04 23:23:19.939,0.7581,0.75835,1.75,1.50
2017.04.04 23:23:20.040,0.75813,0.75837,2.25,1.87
2017.04.04 23:23:20.808,0.75815,0.75838,1.00,1.50
2017.04.04 23:23:21.232,0.75813,0.75835,2.25,1.00
2017.04.04 23:23:22.726,0.75813,0.75835,2.25,1.00
2017.04.04 23:23:22.827,0.75813,0.75836,2.25,1.12
2017.04.04 23:23:24.553,0.75813,0.75835,2.25,1.00
2017.04.04 23:23:25.417,0.75809,0.75835,2.25,2.25
2017.04.04 23:23:27.210,0.75809,0.75835,2.25,1.87
2017.04.04 23:23:35.885,0.75809,0.75834,2.25,1.12
2017.04.04 23:23:39.025,0.75809,0.75834,2.25,1.00
2017.04.04 23:23:40.522,0.75805,0.75835,2.25,1.87
2017.04.04 23:23:47.242,0.75809,0.75833,2.25,1.00
2017.04.04 23:23:48.809,0.75808,0.75834,2.25,1.87
2017.04.04 23:23:51.612,0.75809,0.75833,2.25,1.00
2017.04.04 23:24:04.860,0.75809,0.75833,2.25,1.00
2017.04.04 23:24:24.886,0.75809,0.75833,2.25,1.00
2017.04.04 23:24:29.086,0.75809,0.75834,2.25,1.50
2017.04.04 23:24:30.562,0.75809,0.75833,2.25,1.00
2017.04.04 23:24:44.560,0.75809,0.75834,2.25,1.87
2017.04.04 23:24:45.096,0.75811,0.75833,1.00,1.12
2017.04.04 23:24:54.415,0.75811,0.75831,1.00,1.00
2017.04.04 23:24:56.650,0.75811,0.75832,1.00,1.00
2017.04.04 23:24:59.030,0.75811,0.75834,1.00,1.50
2017.04.04 23:25:04.837,0.75809,0.75834,2.25,1.87
2017.04.04 23:25:06.556,0.75809,0.75833,2.25,1.00
2017.04.04 23:25:09.006,0.75809,0.75832,2.25,1.00
2017.04.04 23:25:30.072,0.7581,0.75832,1.00,1.37
2017.04.04 23:25:37.573,0.75806,0.75829,1.12,1.00
2017.04.04 23:25:38.111,0.75806,0.7583,1.12,1.00
2017.04.04 23:25:38.681,0.75806,0.75831,1.12,1.50
2017.04.04 23:25:41.054,0.75805,0.75827,1.75,1.12
2017.04.04 23:25:41.104,0.75801,0.75826,1.75,1.12
2017.04.04 23:25:41.205,0.758,0.75825,2.62,1.12
2017.04.04 23:25:50.544,0.75798,0.75823,1.87,1.37
2017.04.04 23:25:58.140,0.75796,0.75821,1.37,1.12
2017.04.04 23:26:11.245,0.75796,0.75816,1.37,1.00
2017.04.04 23:26:12.390,0.75796,0.75818,1.75,1.12
2017.04.04 23:26:12.743,0.75795,0.75821,2.62,1.50
2017.04.04 23:26:12.944,0.75796,0.75823,1.37,2.25
2017.04.04 23:26:13.045,0.75796,0.75823,1.37,2.25
2017.04.04 23:26:43.009,0.75795,0.7582,1.12,1.75
2017.04.04 23:26:44.809,0.75792,0.75819,1.75,2.25
2017.04.04 23:26:45.212,0.7579,0.75816,1.87,1.12
2017.04.04 23:26:59.739,0.75795,0.75818,1.00,1.75
2017.04.04 23:26:59.941,0.75796,0.7582,1.50,1.12
2017.04.04 23:27:24.973,0.75794,0.7582,1.75,1.50
2017.04.04 23:27:44.895,0.75795,0.75819,1.50,1.50
2017.04.04 23:27:59.196,0.75795,0.7582,1.87,1.37
2017.04.04 23:27:59.297,0.75795,0.7582,1.12,1.12
2017.04.04 23:27:59.812,0.75793,0.7582,1.87,1.75
2017.04.04 23:28:50.475,0.75794,0.75816,1.87,1.00
2017.04.04 23:28:51.356,0.75793,0.75817,1.75,1.00
2017.04.04 23:28:51.557,0.75792,0.75816,1.87,1.00
2017.04.04 23:28:53.585,0.75792,0.75814,1.87,1.00
2017.04.04 23:28:56.484,0.75793,0.75816,1.12,1.00
2017.04.04 23:28:57.761,0.75793,0.75818,1.87,1.50
2017.04.04 23:28:57.811,0.75794,0.75818,1.50,1.50
2017.04.04 23:28:59.345,0.75794,0.75817,1.75,1.00
2017.04.04 23:29:10.017,0.75794,0.75818,1.75,1.12
2017.04.04 23:29:31.560,0.75795,0.75821,2.25,1.50
2017.04.04 23:29:32.416,0.75796,0.75821,1.12,1.12
2017.04.04 23:29:37.076,0.75796,0.7582,1.75,1.00
2017.04.04 23:29:37.229,0.75795,0.75819,3.00,1.12
2017.04.04 23:29:41.971,0.75796,0.75818,1.75,1.00
2017.04.04 23:29:43.237,0.75796,0.75819,1.75,1.12
2017.04.04 23:29:43.683,0.75798,0.7582,1.50,1.37
2017.04.04 23:29:44.236,0.75798,0.7582,1.75,1.00
2017.04.04 23:29:52.186,0.75798,0.75822,1.87,1.00
2017.04.04 23:29:57.232,0.758,0.75824,1.75,1.50
2017.04.04 23:29:57.497,0.758,0.75821,1.75,1.00
2017.04.04 23:29:58.804,0.75801,0.75821,1.00,1.00
2017.04.04 23:30:00.086,0.758,0.75822,1.50,1.00
2017.04.04 23:30:00.729,0.758,0.75823,1.87,1.12
2017.04.04 23:30:02.238,0.758,0.75822,1.87,1.00
2017.04.04 23:30:02.959,0.75798,0.7582,2.25,1.00
2017.04.04 23:30:03.060,0.75795,0.75819,3.75,1.00
2017.04.04 23:30:14.063,0.75795,0.7582,4.10,1.00
2017.04.04 23:30:15.203,0.75798,0.75821,1.37,1.00
2017.04.04 23:30:24.829,0.75798,0.75823,1.12,1.87
2017.04.04 23:30:32.153,0.75799,0.75823,1.00,3.37
2017.04.04 23:30:32.288,0.75799,0.75823,1.50,3.37
2017.04.04 23:30:47.626,0.75801,0.75824,1.00,1.75
2017.04.04 23:30:50.059,0.75802,0.75824,1.00,1.12
2017.04.04 23:30:50.335,0.75802,0.75825,1.12,3.37
2017.04.04 23:31:02.977,0.75802,0.75825,3.00,1.50
2017.04.04 23:31:04.016,0.75803,0.75825,1.87,1.12
2017.04.04 23:31:20.197,0.75802,0.75825,1.87,1.37
2017.04.04 23:31:53.326,0.75803,0.75825,1.00,1.87
2017.04.04 23:31:56.114,0.75802,0.75825,2.25,1.87
2017.04.04 23:32:11.775,0.75801,0.75825,1.50,2.62
2017.04.04 23:32:17.766,0.75801,0.75823,1.12,1.87
2017.04.04 23:32:17.917,0.75797,0.75822,1.87,1.37
2017.04.04 23:32:18.018,0.75797,0.7582,1.50,1.00
2017.04.04 23:32:18.638,0.75799,0.7582,1.50,1.00
2017.04.04 23:32:18.892,0.75803,0.75825,1.00,1.87
2017.04.04 23:32:20.115,0.75803,0.75822,1.00,1.00
2017.04.04 23:32:21.037,0.75803,0.75823,1.00,1.00
2017.04.04 23:32:23.260,0.75803,0.75822,1.00,1.00
2017.04.04 23:32:33.264,0.75803,0.75821,1.00,1.00
2017.04.04 23:32:41.171,0.75803,0.75823,1.50,1.00
2017.04.04 23:32:43.624,0.75803,0.75824,1.00,1.00
2017.04.04 23:32:44.584,0.75802,0.75823,1.50,1.00
2017.04.04 23:32:56.145,0.75802,0.75822,1.50,1.00
2017.04.04 23:32:56.652,0.75802,0.75823,1.50,1.00
2017.04.04 23:32:56.753,0.75803,0.75827,1.12,1.87
2017.04.04 23:32:56.854,0.75803,0.75828,1.87,1.50
2017.04.04 23:33:06.914,0.75805,0.75829,3.75,1.50
2017.04.04 23:33:06.965,0.75805,0.75829,3.75,1.12
2017.04.04 23:33:12.521,0.75805,0.7583,3.75,1.50
2017.04.04 23:33:19.295,0.75806,0.75829,1.75,1.00
2017.04.04 23:33:26.837,0.7581,0.7583,1.00,1.12
2017.04.04 23:33:26.978,0.7581,0.75832,2.25,1.00
2017.04.04 23:33:27.029,0.75811,0.75832,1.37,1.00
2017.04.04 23:33:27.442,0.75815,0.75835,1.00,1.12
2017.04.04 23:33:30.327,0.75813,0.75836,3.00,1.12
2017.04.04 23:33:31.214,0.75816,0.75835,1.00,1.00
2017.04.04 23:33:32.265,0.75816,0.75836,1.00,1.00
2017.04.04 23:33:34.944,0.75816,0.75835,1.00,1.00
2017.04.04 23:33:36.500,0.75816,0.75836,1.00,1.00
2017.04.04 23:33:51.264,0.75813,0.75835,2.25,1.00
2017.04.04 23:33:53.114,0.75813,0.75836,2.25,1.00
2017.04.04 23:33:55.306,0.75812,0.75835,2.25,1.00
2017.04.04 23:34:00.095,0.75812,0.75834,2.25,1.00
2017.04.04 23:34:01.265,0.75812,0.75835,2.25,1.00
2017.04.04 23:34:04.486,0.75811,0.75834,2.25,1.00
2017.04.04 23:34:04.637,0.7581,0.75834,1.75,1.50
2017.04.04 23:34:04.808,0.75808,0.75832,3.00,1.00
2017.04.04 23:34:05.168,0.75808,0.75832,2.25,1.87
2017.04.04 23:34:06.186,0.75808,0.75832,2.25,1.75
2017.04.04 23:34:07.662,0.75808,0.75832,2.25,2.25
2017.04.04 23:34:07.713,0.75807,0.75832,2.25,1.87
2017.04.04 23:34:08.986,0.75808,0.75831,2.25,1.87
2017.04.04 23:34:11.928,0.75808,0.75831,1.50,2.62
2017.04.04 23:34:12.029,0.75808,0.75828,1.50,1.00
2017.04.04 23:34:20.519,0.75807,0.75829,1.75,1.00
2017.04.04 23:34:29.970,0.75806,0.75828,2.25,1.00
2017.04.04 23:34:32.035,0.75806,0.75827,2.25,1.00
2017.04.04 23:34:35.762,0.75806,0.75829,1.75,1.00
2017.04.04 23:34:38.885,0.75806,0.75828,1.75,1.00
2017.04.04 23:34:42.828,0.75809,0.75827,1.37,1.00
2017.04.04 23:34:42.998,0.7581,0.75832,2.25,1.12
2017.04.04 23:34:43.048,0.75811,0.75832,1.12,1.00
2017.04.04 23:34:45.165,0.7581,0.75833,1.12,1.00
2017.04.04 23:34:55.164,0.7581,0.75834,4.87,1.00
2017.04.04 23:35:00.155,0.75811,0.75835,1.12,1.12
2017.04.04 23:35:01.138,0.75811,0.75834,1.12,1.00
2017.04.04 23:35:03.065,0.75811,0.75835,1.12,1.50
2017.04.04 23:35:05.377,0.75811,0.75834,1.87,1.00
2017.04.04 23:35:06.280,0.75811,0.75835,1.87,2.25
2017.04.04 23:35:07.305,0.7581,0.75834,1.87,1.00
2017.04.04 23:35:10.445,0.75811,0.75833,1.87,1.00
2017.04.04 23:35:11.030,0.75811,0.75832,1.87,1.00
2017.04.04 23:35:14.984,0.75811,0.7583,2.62,1.00
2017.04.04 23:35:16.421,0.75811,0.75831,1.87,1.00
2017.04.04 23:35:24.919,0.75813,0.75831,1.00,1.00
2017.04.04 23:35:27.566,0.7581,0.75834,3.75,1.00
2017.04.04 23:35:40.020,0.7581,0.75835,4.87,1.87
2017.04.04 23:35:40.375,0.7581,0.75833,2.25,1.50
2017.04.04 23:35:40.603,0.75807,0.7583,2.25,1.00
2017.04.04 23:35:41.915,0.75807,0.7583,2.25,1.12
2017.04.04 23:35:42.917,0.75807,0.75828,2.25,1.00
2017.04.04 23:35:43.485,0.75805,0.75828,1.75,1.00
2017.04.04 23:35:44.319,0.75805,0.75827,1.75,1.00
2017.04.04 23:35:45.765,0.75805,0.75825,1.75,1.00
2017.04.04 23:35:50.245,0.75805,0.75824,1.12,1.00
2017.04.04 23:35:57.395,0.75804,0.75825,1.75,1.00
2017.04.04 23:36:00.258,0.75803,0.75824,3.37,1.00
2017.04.04 23:36:00.760,0.75802,0.75824,2.25,1.00
2017.04.04 23:36:00.961,0.75801,0.75824,1.12,1.00
2017.04.04 23:36:01.571,0.75801,0.75825,1.12,1.87
2017.04.04 23:36:02.034,0.75801,0.75823,1.12,1.00
2017.04.04 23:36:04.906,0.75801,0.75822,1.12,1.00
2017.04.04 23:36:06.538,0.75801,0.7582,1.12,1.00
2017.04.04 23:36:16.394,0.758,0.75819,1.75,1.00
2017.04.04 23:36:17.635,0.75802,0.75819,1.00,1.00
2017.04.04 23:36:19.915,0.758,0.7582,1.87,1.00
2017.04.04 23:36:24.124,0.758,0.75819,1.87,1.00
2017.04.04 23:36:26.444,0.758,0.75818,1.75,1.00
2017.04.04 23:36:33.040,0.758,0.75819,1.75,1.00
2017.04.04 23:36:34.946,0.758,0.75819,1.75,1.00
2017.04.04 23:36:40.429,0.758,0.7582,1.75,1.00
2017.04.04 23:36:41.542,0.75799,0.7582,1.75,1.00
2017.04.04 23:36:42.114,0.75797,0.75818,2.25,1.00
2017.04.04 23:36:42.343,0.75797,0.75818,1.75,1.00
2017.04.04 23:36:47.723,0.75796,0.75817,1.75,1.00
2017.04.04 23:36:47.931,0.75801,0.75817,1.50,1.00
2017.04.04 23:36:48.082,0.758,0.7582,1.75,1.00
2017.04.04 23:36:48.925,0.758,0.75819,1.75,1.00
2017.04.04 23:36:49.127,0.75799,0.75819,1.75,1.00
2017.04.04 23:36:51.946,0.758,0.75817,1.50,1.00
2017.04.04 23:37:07.531,0.75797,0.75816,1.75,1.00
2017.04.04 23:37:07.632,0.75795,0.75816,1.87,1.00
2017.04.04 23:37:14.915,0.75794,0.75813,2.25,1.00
2017.04.04 23:37:20.260,0.75794,0.75814,2.25,1.00
2017.04.04 23:37:23.827,0.75794,0.75815,2.25,1.00
2017.04.04 23:37:24.903,0.75796,0.75815,1.00,1.00
2017.04.04 23:37:27.336,0.75796,0.75814,1.00,1.00
2017.04.04 23:37:29.706,0.75796,0.75813,1.00,1.00
2017.04.04 23:37:37.315,0.75796,0.75814,1.00,1.00
2017.04.04 23:37:38.835,0.75796,0.75815,1.00,1.00
2017.04.04 23:37:40.576,0.75796,0.75814,1.00,1.00
2017.04.04 23:37:44.977,0.75795,0.75814,1.87,1.00
2017.04.04 23:38:02.095,0.75795,0.75815,1.87,1.00
2017.04.04 23:38:02.978,0.75795,0.75814,1.87,1.00
2017.04.04 23:38:04.180,0.75795,0.75815,1.87,1.00
2017.04.04 23:38:04.966,0.75795,0.75815,1.87,1.00
2017.04.04 23:38:18.240,0.75794,0.75814,1.87,1.00
2017.04.04 23:38:18.768,0.75795,0.75815,1.87,1.00
2017.04.04 23:38:20.706,0.75796,0.75814,1.37,1.00
2017.04.04 23:38:24.729,0.75795,0.75815,3.00,1.00
2017.04.04 23:38:29.431,0.75795,0.75816,2.25,1.00
2017.04.04 23:38:31.107,0.75795,0.75818,2.25,1.00
2017.04.04 23:38:31.477,0.758,0.75819,1.00,1.00
2017.04.04 23:38:31.528,0.758,0.75822,1.00,1.12
2017.04.04 23:38:31.629,0.75802,0.75822,1.50,1.00
2017.04.04 23:38:31.932,0.75805,0.75824,1.87,1.00
2017.04.04 23:38:32.234,0.75805,0.75826,1.75,1.00
2017.04.04 23:38:32.943,0.75809,0.75831,1.12,1.37
2017.04.04 23:38:33.044,0.75809,0.75831,1.75,1.00
2017.04.04 23:38:33.196,0.75811,0.75833,1.87,1.00
2017.04.04 23:38:33.348,0.75814,0.75835,1.00,1.00
2017.04.04 23:38:33.558,0.75814,0.75836,1.87,1.00
2017.04.04 23:38:34.471,0.75814,0.75834,1.87,1.00
2017.04.04 23:38:43.167,0.75814,0.75833,1.75,1.00
2017.04.04 23:38:44.415,0.75814,0.75834,1.75,1.00
2017.04.04 23:38:46.436,0.75814,0.75834,1.50,1.00
2017.04.04 23:38:47.434,0.75811,0.75834,2.25,1.50
2017.04.04 23:38:48.181,0.75811,0.75833,1.50,1.00
2017.04.04 23:39:00.666,0.7581,0.75832,2.25,1.00
2017.04.04 23:39:00.868,0.75807,0.75832,2.25,1.87
2017.04.04 23:39:01.450,0.75807,0.75831,1.50,3.00
2017.04.04 23:39:02.560,0.75807,0.75829,1.50,1.00
2017.04.04 23:39:04.595,0.75807,0.75827,1.50,1.00
2017.04.04 23:39:09.081,0.75807,0.75826,1.50,1.00
2017.04.04 23:39:09.398,0.75807,0.75824,1.50,1.00
2017.04.04 23:39:12.377,0.75806,0.75824,1.75,1.00
2017.04.04 23:39:16.470,0.75806,0.75825,1.75,1.00
2017.04.04 23:39:17.787,0.75804,0.75825,1.75,1.00
2017.04.04 23:39:19.335,0.75803,0.75824,2.25,1.00
2017.04.04 23:39:26.306,0.75803,0.75825,1.75,1.00
2017.04.04 23:39:29.459,0.75806,0.75824,1.00,1.00
2017.04.04 23:39:29.560,0.75806,0.75826,1.00,1.00
2017.04.04 23:39:30.348,0.75804,0.75825,1.75,1.00
2017.04.04 23:39:33.796,0.75803,0.75824,1.12,1.00
2017.04.04 23:39:44.928,0.75804,0.75824,1.75,1.00
2017.04.04 23:39:49.744,0.75804,0.75825,1.75,1.00
2017.04.04 23:39:50.247,0.75803,0.75826,1.87,1.00
2017.04.04 23:39:50.449,0.75805,0.75827,1.12,1.50
2017.04.04 23:39:53.650,0.75804,0.75828,2.62,1.75
2017.04.04 23:39:53.700,0.75805,0.75828,1.37,1.75
2017.04.04 23:39:54.260,0.75805,0.75828,1.37,1.75
2017.04.04 23:40:00.302,0.75807,0.75827,1.37,1.00
2017.04.04 23:40:08.844,0.75806,0.75828,1.75,1.00
2017.04.04 23:40:18.836,0.75807,0.75827,1.37,1.00
2017.04.04 23:40:25.748,0.75807,0.75828,1.37,1.00
2017.04.04 23:40:27.783,0.75807,0.75829,1.87,1.12
2017.04.04 23:40:29.605,0.75808,0.7583,1.37,1.00
2017.04.04 23:40:36.091,0.75808,0.75831,1.87,1.12
2017.04.04 23:40:36.804,0.75809,0.7583,1.37,1.00
2017.04.04 23:40:39.102,0.75808,0.75831,1.50,1.12
2017.04.04 23:40:44.962,0.75809,0.75831,1.00,1.00
2017.04.04 23:40:47.016,0.75809,0.7583,1.00,1.00
2017.04.04 23:40:47.481,0.7581,0.75833,2.25,1.00
2017.04.04 23:40:47.783,0.75814,0.75838,1.37,2.25
2017.04.04 23:40:49.041,0.75813,0.75839,1.87,1.50
2017.04.04 23:40:49.092,0.75813,0.75839,1.87,1.50
2017.04.04 23:40:50.041,0.75817,0.7584,1.75,1.50
2017.04.04 23:40:51.257,0.75817,0.75839,1.75,1.00
2017.04.04 23:40:52.775,0.75817,0.7584,1.75,1.12
2017.04.04 23:40:53.256,0.75817,0.75838,1.75,1.00
2017.04.04 23:41:03.256,0.75817,0.75836,1.75,1.00
2017.04.04 23:41:05.547,0.75819,0.75838,1.00,1.00
2017.04.04 23:41:06.187,0.75818,0.75838,1.50,1.00
2017.04.04 23:41:12.796,0.75819,0.75838,1.00,1.00
2017.04.04 23:41:12.998,0.75815,0.75838,2.25,1.00
2017.04.04 23:41:14.125,0.75816,0.75839,1.50,1.12
2017.04.04 23:41:15.007,0.75816,0.75836,1.50,1.00
2017.04.04 23:41:20.362,0.75816,0.75837,1.37,1.00
2017.04.04 23:41:21.082,0.75816,0.75836,1.37,1.00
2017.04.04 23:41:21.949,0.75816,0.75837,1.37,1.00
2017.04.04 23:41:24.835,0.75815,0.75835,1.12,1.00
2017.04.04 23:41:32.592,0.75815,0.75836,1.75,1.00
2017.04.04 23:41:37.862,0.75814,0.75838,4.12,1.00
2017.04.04 23:41:40.450,0.75816,0.75838,4.87,1.00
2017.04.04 23:41:40.550,0.75816,0.7584,1.87,1.12
2017.04.04 23:41:40.893,0.7582,0.75841,1.75,1.00
2017.04.04 23:41:44.633,0.75819,0.75842,1.12,1.00
2017.04.04 23:41:46.138,0.7582,0.75841,3.00,1.00
2017.04.04 23:41:46.293,0.75821,0.75841,1.00,1.00
2017.04.04 23:41:49.159,0.75821,0.7584,1.00,1.00
2017.04.04 23:41:59.214,0.75821,0.75839,1.00,1.00
2017.04.04 23:42:00.227,0.75821,0.7584,1.00,1.00
2017.04.04 23:42:00.746,0.75818,0.7584,1.75,1.12
2017.04.04 23:42:01.222,0.75817,0.7584,1.75,1.50
2017.04.04 23:42:02.097,0.75815,0.7584,1.75,2.25
2017.04.04 23:42:04.111,0.75815,0.75836,1.75,1.00
2017.04.04 23:42:09.967,0.75815,0.75837,1.75,1.00
2017.04.04 23:42:11.518,0.75815,0.75836,2.25,1.00
2017.04.04 23:42:12.953,0.75822,0.75838,1.75,1.00
2017.04.04 23:42:13.012,0.75823,0.7584,1.75,1.00
2017.04.04 23:42:13.113,0.75822,0.75841,2.25,1.00
2017.04.04 23:42:13.628,0.75823,0.75842,1.75,1.00
2017.04.04 23:42:14.311,0.75822,0.75843,1.75,1.00
2017.04.04 23:42:15.208,0.75823,0.75842,1.75,1.00
2017.04.04 23:42:20.626,0.75823,0.75843,1.75,1.00
2017.04.04 23:42:21.865,0.75826,0.75845,1.50,1.00
2017.04.04 23:42:22.394,0.75825,0.75847,1.12,1.00
2017.04.04 23:42:23.474,0.75824,0.75846,1.75,1.00
2017.04.04 23:42:23.784,0.75824,0.75849,1.75,1.50
2017.04.04 23:42:26.259,0.75825,0.75849,1.75,1.37
2017.04.04 23:42:26.798,0.75828,0.75849,1.00,1.00
2017.04.04 23:42:27.254,0.75828,0.75846,1.00,1.00
2017.04.04 23:42:29.510,0.75825,0.75846,1.75,1.00
2017.04.04 23:42:32.710,0.75823,0.75845,2.25,1.00
2017.04.04 23:42:32.922,0.75822,0.75845,2.25,1.00
2017.04.04 23:42:33.746,0.75822,0.75844,2.25,1.00
2017.04.04 23:42:35.756,0.75822,0.75842,2.25,1.00
2017.04.04 23:42:40.553,0.75823,0.75841,2.25,1.00
2017.04.04 23:42:40.704,0.75822,0.75841,1.12,1.00
2017.04.04 23:42:40.755,0.75822,0.75841,1.37,1.00
2017.04.04 23:42:41.900,0.75823,0.75842,1.12,1.00
2017.04.04 23:42:47.865,0.75823,0.75844,1.12,1.00
2017.04.04 23:42:50.164,0.75824,0.75843,1.87,1.00
2017.04.04 23:42:50.286,0.75823,0.75843,1.87,1.00
2017.04.04 23:42:55.472,0.75824,0.75844,1.87,1.00
2017.04.04 23:42:56.944,0.75828,0.75844,1.00,1.00
2017.04.04 23:42:58.367,0.75828,0.75843,1.00,1.00
2017.04.04 23:43:00.656,0.75828,0.75844,1.00,1.00
2017.04.04 23:43:00.956,0.75828,0.75846,1.12,1.00
2017.04.04 23:43:01.577,0.75828,0.75848,1.00,1.00
2017.04.04 23:43:07.700,0.75828,0.75847,1.00,1.00
2017.04.04 23:43:10.624,0.75828,0.75846,1.00,1.00
2017.04.04 23:43:11.696,0.75828,0.75847,1.00,1.00
2017.04.04 23:43:11.913,0.75827,0.75847,1.75,1.00
2017.04.04 23:43:12.826,0.75829,0.75848,1.75,1.00
2017.04.04 23:43:13.330,0.7583,0.75849,1.50,1.00
2017.04.04 23:43:13.917,0.7583,0.7585,1.50,1.00
2017.04.04 23:43:15.691,0.7583,0.7585,1.50,1.00
2017.04.04 23:43:17.386,0.75832,0.75849,1.00,1.00
2017.04.04 23:43:18.028,0.75832,0.7585,1.00,1.00
2017.04.04 23:43:19.794,0.75833,0.7585,1.37,1.00
2017.04.04 23:43:20.061,0.75833,0.75852,1.87,1.00
2017.04.04 23:43:20.329,0.75833,0.75854,3.00,1.00
2017.04.04 23:43:20.897,0.75833,0.75853,3.00,1.00
2017.04.04 23:43:25.935,0.75833,0.75854,1.87,1.00
2017.04.04 23:43:27.309,0.75833,0.75853,1.87,1.00
2017.04.04 23:43:40.842,0.75833,0.75854,1.87,1.00
2017.04.04 23:43:43.847,0.75833,0.75855,4.50,1.00
2017.04.04 23:43:44.360,0.75835,0.75855,3.37,1.00
2017.04.04 23:43:50.012,0.75835,0.75856,3.37,1.00
2017.04.04 23:43:54.268,0.75835,0.75854,3.37,1.00
2017.04.04 23:43:57.871,0.75836,0.75855,1.75,1.00
2017.04.04 23:43:58.184,0.75838,0.75856,2.25,1.00
2017.04.04 23:43:58.623,0.75838,0.75858,2.25,1.00
2017.04.04 23:43:59.183,0.75838,0.75857,1.50,1.00
2017.04.04 23:44:01.187,0.75838,0.75858,1.50,1.00
2017.04.04 23:44:01.667,0.75838,0.75856,1.50,1.00
2017.04.04 23:44:05.373,0.75836,0.75857,1.75,1.00
2017.04.04 23:44:06.467,0.75836,0.75854,1.75,1.00
2017.04.04 23:44:09.714,0.75833,0.75853,1.75,1.00
2017.04.04 23:44:09.817,0.75833,0.75853,1.50,1.00
2017.04.04 23:44:10.380,0.75835,0.75854,1.00,1.00
2017.04.04 23:44:12.959,0.75835,0.75853,1.00,1.00
2017.04.04 23:44:18.938,0.75835,0.75856,1.00,1.00
2017.04.04 23:44:18.988,0.75833,0.75856,1.75,1.00
2017.04.04 23:44:20.510,0.75833,0.75855,1.75,1.00
2017.04.04 23:44:21.026,0.75834,0.75856,1.37,1.00
2017.04.04 23:44:25.387,0.75833,0.75855,2.25,1.00
2017.04.04 23:44:28.017,0.75836,0.75855,1.37,1.00
2017.04.04 23:44:28.830,0.75833,0.75855,1.75,1.00
2017.04.04 23:44:31.067,0.75832,0.75853,2.25,1.00
2017.04.04 23:44:33.228,0.75835,0.75854,1.12,1.00
2017.04.04 23:44:33.279,0.75835,0.75856,2.25,1.12
2017.04.04 23:44:33.430,0.75839,0.75856,1.75,1.00
2017.04.04 23:44:33.531,0.75839,0.75858,2.25,1.00
2017.04.04 23:44:33.652,0.75838,0.75861,2.25,1.00
2017.04.04 23:44:34.121,0.75843,0.75863,1.00,1.00
2017.04.04 23:44:34.660,0.75839,0.75864,1.75,1.37
2017.04.04 23:44:34.761,0.75838,0.75863,1.37,2.25
2017.04.04 23:44:34.862,0.75838,0.7586,1.00,1.00
2017.04.04 23:44:37.668,0.75838,0.75859,1.12,1.00
2017.04.04 23:44:38.365,0.75836,0.75859,1.37,1.37
2017.04.04 23:44:39.084,0.75835,0.75857,1.50,1.00
2017.04.04 23:44:40.045,0.75834,0.75858,1.12,1.12
2017.04.04 23:44:41.018,0.75834,0.75857,1.12,1.00
2017.04.04 23:44:42.578,0.75833,0.75857,1.50,1.50
2017.04.04 23:44:42.629,0.75833,0.75856,1.50,1.00
2017.04.04 23:44:43.018,0.75833,0.75854,1.50,1.00
2017.04.04 23:44:43.566,0.75833,0.75855,1.50,1.50
2017.04.04 23:44:46.620,0.75833,0.75853,1.00,1.00
2017.04.04 23:44:47.589,0.75833,0.75854,1.00,1.00
2017.04.04 23:44:48.511,0.75833,0.75854,1.87,1.00
2017.04.04 23:44:48.857,0.75833,0.75853,1.75,1.00
2017.04.04 23:44:51.270,0.75833,0.75854,1.75,1.00
2017.04.04 23:44:51.573,0.75833,0.75854,1.00,1.00
2017.04.04 23:44:51.774,0.75833,0.75854,1.87,1.00
2017.04.04 23:44:53.910,0.75833,0.75855,1.87,1.00
2017.04.04 23:45:00.630,0.75833,0.75854,1.75,1.00
2017.04.04 23:45:01.755,0.75832,0.75855,1.75,1.00
2017.04.04 23:45:02.681,0.75833,0.75854,1.75,1.00
2017.04.04 23:45:10.240,0.75835,0.75854,2.25,1.00
2017.04.04 23:45:11.022,0.75835,0.75855,2.25,1.00
2017.04.04 23:45:12.634,0.75835,0.75854,2.25,1.00
2017.04.04 23:45:14.519,0.75835,0.75855,2.25,1.00
2017.04.04 23:45:16.329,0.75835,0.75856,2.25,1.00
2017.04.04 23:45:24.564,0.75835,0.75854,2.62,1.00
2017.04.04 23:45:25.112,0.75835,0.75858,2.62,1.00
2017.04.04 23:45:26.080,0.75835,0.75859,1.75,1.12
2017.04.04 23:45:26.501,0.75839,0.75861,1.50,1.37
2017.04.04 23:45:26.583,0.75839,0.75862,2.25,1.00
2017.04.04 23:45:26.634,0.7584,0.75862,1.37,1.00
2017.04.04 23:45:27.144,0.75839,0.75864,2.25,1.87
2017.04.04 23:45:27.245,0.75839,0.75863,2.25,1.00
2017.04.04 23:45:28.008,0.75839,0.75864,2.25,1.87
2017.04.04 23:45:28.355,0.75839,0.75863,2.25,1.12
2017.04.04 23:45:28.456,0.7584,0.75863,1.12,1.00
2017.04.04 23:45:28.557,0.75839,0.75863,2.25,1.12
2017.04.04 23:45:28.658,0.75839,0.75862,2.62,1.00
2017.04.04 23:45:29.061,0.75839,0.75861,2.62,1.00
2017.04.04 23:45:29.584,0.75839,0.7586,2.62,1.00
2017.04.04 23:45:31.145,0.75837,0.7586,1.12,1.50
2017.04.04 23:45:32.376,0.75835,0.75858,2.62,1.00
2017.04.04 23:45:33.535,0.75836,0.75858,2.62,1.00
2017.04.04 23:45:34.677,0.75836,0.75857,2.62,1.00
2017.04.04 23:45:36.874,0.75834,0.75856,2.25,1.00
2017.04.04 23:45:37.075,0.75835,0.75855,1.00,1.00
2017.04.04 23:45:39.044,0.75835,0.75853,1.00,1.00
2017.04.04 23:45:39.557,0.75835,0.75854,1.00,1.00
2017.04.04 23:45:39.960,0.75835,0.75856,1.00,1.00
2017.04.04 23:45:42.584,0.75835,0.75857,1.50,1.00
2017.04.04 23:45:43.467,0.75835,0.75856,2.25,1.00
2017.04.04 23:45:44.917,0.75835,0.75857,2.25,1.00
2017.04.04 23:45:48.923,0.75836,0.75858,1.50,1.00
2017.04.04 23:45:49.464,0.75838,0.75859,1.00,1.12
2017.04.04 23:45:49.879,0.75839,0.75862,1.50,1.00
2017.04.04 23:45:50.181,0.75842,0.75863,1.75,1.00
2017.04.04 23:45:51.695,0.75841,0.75864,1.75,1.00
2017.04.04 23:45:52.157,0.7584,0.75863,1.37,1.50
2017.04.04 23:45:52.359,0.75837,0.75863,1.87,2.62
2017.04.04 23:45:56.586,0.75837,0.7586,1.75,1.00
2017.04.04 23:46:00.124,0.75836,0.75859,2.25,1.00
2017.04.04 23:46:01.295,0.75836,0.75858,1.37,1.00
2017.04.04 23:46:01.912,0.75835,0.75859,1.87,1.12
2017.04.04 23:46:03.228,0.75834,0.75858,1.87,1.00
2017.04.04 23:46:08.079,0.75834,0.75858,2.25,3.00
2017.04.04 23:46:08.180,0.75834,0.75858,1.50,3.00
2017.04.04 23:46:11.159,0.75833,0.75856,1.12,1.87
2017.04.04 23:46:15.008,0.75832,0.75855,1.12,1.37
2017.04.04 23:46:22.731,0.75833,0.75854,1.00,1.00
2017.04.04 23:46:23.134,0.75834,0.75856,2.62,1.00
2017.04.04 23:46:27.925,0.75835,0.75858,1.37,1.37
2017.04.04 23:46:36.964,0.75834,0.75855,1.50,1.00
2017.04.04 23:46:38.642,0.75834,0.75855,2.25,1.00
2017.04.04 23:46:42.931,0.75833,0.75855,2.62,1.00
2017.04.04 23:46:44.041,0.75834,0.75855,1.12,1.00
2017.04.04 23:46:44.796,0.75833,0.75855,2.62,1.00
2017.04.04 23:46:45.781,0.75834,0.75855,1.12,1.00
2017.04.04 23:46:46.305,0.75835,0.75855,1.00,1.00
2017.04.04 23:46:48.281,0.75835,0.75854,1.00,1.00
2017.04.04 23:47:00.312,0.75835,0.75855,1.00,1.00
2017.04.04 23:47:04.657,0.75835,0.75854,1.00,1.00
2017.04.04 23:47:05.244,0.75834,0.75854,1.00,1.00
2017.04.04 23:47:06.714,0.75834,0.75855,1.00,1.00
2017.04.04 23:47:07.714,0.75834,0.75854,1.00,1.00
2017.04.04 23:47:09.982,0.75834,0.75855,1.00,1.00
2017.04.04 23:47:10.568,0.75831,0.75856,3.00,1.50
2017.04.04 23:47:11.085,0.7583,0.75856,3.37,1.50
2017.04.04 23:47:11.186,0.75831,0.75856,1.37,1.87
2017.04.04 23:47:11.387,0.75831,0.75854,1.00,1.12
2017.04.04 23:47:17.581,0.75831,0.75855,3.00,1.87
2017.04.04 23:47:18.996,0.75831,0.75855,3.00,1.50
2017.04.04 23:47:20.694,0.75831,0.75854,2.25,1.00
2017.04.04 23:47:21.002,0.75835,0.75857,1.37,1.50
2017.04.04 23:47:21.993,0.75836,0.75858,1.12,1.50
2017.04.04 23:47:33.700,0.75834,0.75857,2.25,1.37
2017.04.04 23:47:34.216,0.75834,0.75858,1.87,1.75
2017.04.04 23:47:37.728,0.75834,0.75855,1.87,1.00
2017.04.04 23:47:45.927,0.7583,0.75853,1.87,1.12
2017.04.04 23:47:46.274,0.7583,0.75854,1.12,1.75
2017.04.04 23:47:57.646,0.7583,0.75851,1.37,1.00
2017.04.04 23:47:57.914,0.75828,0.75851,3.75,1.00
2017.04.04 23:48:01.414,0.75828,0.7585,3.37,1.00
2017.04.04 23:48:04.828,0.75829,0.75849,2.25,1.00
2017.04.04 23:48:09.131,0.75829,0.75851,1.50,1.00
2017.04.04 23:48:11.765,0.75829,0.7585,1.87,1.00
2017.04.04 23:48:14.113,0.75829,0.75851,3.00,1.00
2017.04.04 23:48:17.933,0.75829,0.7585,2.25,1.00
2017.04.04 23:48:19.713,0.7583,0.75851,1.37,1.00
2017.04.04 23:48:20.715,0.7583,0.75852,1.75,1.00
2017.04.04 23:48:29.914,0.7583,0.75851,2.25,1.00
2017.04.04 23:48:41.031,0.75827,0.7585,1.75,1.12
2017.04.04 23:48:41.132,0.75827,0.75851,1.75,3.00
2017.04.04 23:48:41.233,0.75825,0.75851,2.25,1.50
2017.04.04 23:48:41.330,0.75826,0.75848,1.00,1.00
2017.04.04 23:48:41.865,0.75825,0.75848,2.25,1.00
2017.04.04 23:48:46.714,0.75825,0.75847,2.25,1.00
2017.04.04 23:48:47.256,0.75825,0.75848,1.50,1.50
2017.04.04 23:48:51.500,0.75823,0.75848,1.50,2.25
2017.04.04 23:48:52.109,0.75823,0.75848,1.50,1.87
2017.04.04 23:49:05.657,0.75825,0.75847,1.50,1.75
2017.04.04 23:49:15.059,0.75827,0.75849,1.00,1.75
2017.04.04 23:49:15.160,0.75826,0.75849,2.62,1.00
2017.04.04 23:49:15.462,0.75826,0.7585,1.00,1.75
2017.04.04 23:49:17.329,0.75824,0.75846,1.75,1.00
2017.04.04 23:49:17.480,0.75822,0.75846,1.75,2.25
2017.04.04 23:49:17.581,0.75822,0.75845,1.12,1.50
2017.04.04 23:49:18.142,0.75822,0.75846,1.75,2.25
2017.04.04 23:49:24.464,0.75821,0.75844,2.62,1.00
2017.04.04 23:49:25.676,0.75821,0.75843,1.87,1.00
2017.04.04 23:49:25.878,0.75819,0.75843,2.25,1.12
2017.04.04 23:49:29.843,0.75821,0.75842,1.37,1.00
2017.04.04 23:49:33.502,0.75821,0.75842,1.75,1.00
2017.04.04 23:49:35.015,0.75822,0.75844,2.62,1.00
2017.04.04 23:49:35.166,0.75823,0.75844,2.25,1.00
2017.04.04 23:49:35.216,0.75824,0.75846,1.75,1.00
2017.04.04 23:49:35.560,0.75826,0.75848,1.87,1.12
2017.04.04 23:49:35.862,0.75825,0.75848,1.12,1.50
2017.04.04 23:49:36.114,0.75826,0.75849,2.25,1.12
2017.04.04 23:49:38.166,0.75826,0.75848,1.12,1.00
2017.04.04 23:49:39.320,0.75824,0.75849,1.87,1.87
2017.04.04 23:49:41.030,0.75825,0.75847,1.37,1.00
2017.04.04 23:49:45.035,0.75824,0.75845,1.75,1.00
2017.04.04 23:49:47.774,0.75824,0.75846,1.12,1.00
2017.04.04 23:49:48.948,0.75821,0.75845,1.75,2.25
2017.04.04 23:49:49.598,0.75821,0.75843,1.75,1.00
2017.04.04 23:49:49.898,0.75819,0.75843,1.37,1.75
2017.04.04 23:49:50.416,0.7582,0.75843,1.50,1.75
2017.04.04 23:49:50.617,0.7582,0.75845,1.75,2.25
2017.04.04 23:49:50.718,0.75822,0.75844,1.37,1.12
2017.04.04 23:49:53.784,0.75823,0.75843,1.00,1.00
2017.04.04 23:49:56.500,0.75823,0.75843,1.37,1.00
2017.04.04 23:49:57.117,0.75822,0.75843,1.75,1.00
2017.04.04 23:49:57.952,0.75823,0.75843,1.00,1.00
2017.04.04 23:49:58.854,0.75824,0.75843,1.00,1.00
2017.04.04 23:50:00.006,0.75822,0.75844,1.50,1.12
2017.04.04 23:50:03.014,0.7582,0.75842,2.62,1.00
2017.04.04 23:50:04.414,0.7582,0.75843,2.62,1.00
2017.04.04 23:50:06.250,0.75821,0.75843,1.00,1.00
2017.04.04 23:50:07.014,0.75821,0.75842,1.00,1.00
2017.04.04 23:50:07.601,0.7582,0.75842,1.50,1.00
2017.04.04 23:50:08.200,0.75819,0.75841,1.50,1.00
2017.04.04 23:50:08.724,0.7582,0.75841,1.12,1.00
2017.04.04 23:50:08.925,0.75819,0.75841,2.62,1.00
2017.04.04 23:50:09.026,0.75819,0.75841,2.62,1.00
2017.04.04 23:50:09.306,0.75819,0.75841,3.75,1.00
2017.04.04 23:50:10.225,0.7582,0.75842,1.87,1.00
2017.04.04 23:50:11.019,0.75819,0.75841,3.37,1.00
2017.04.04 23:50:22.258,0.75819,0.75842,2.25,1.00
2017.04.04 23:50:22.378,0.75819,0.75841,2.25,1.00
2017.04.04 23:50:22.898,0.75819,0.7584,1.00,1.50
2017.04.04 23:50:23.079,0.75817,0.7584,1.00,1.50
2017.04.04 23:50:25.434,0.75817,0.75838,1.00,1.00
2017.04.04 23:50:35.029,0.75817,0.75838,1.37,1.12
2017.04.04 23:50:35.913,0.75817,0.75837,1.37,1.00
2017.04.04 23:50:39.798,0.75818,0.75837,1.00,1.00
2017.04.04 23:50:42.074,0.75816,0.75837,3.37,1.00
2017.04.04 23:50:45.059,0.75816,0.75837,2.25,1.00
2017.04.04 23:50:51.439,0.75819,0.75839,1.12,1.00
2017.04.04 23:50:51.742,0.75824,0.75841,1.37,1.00
2017.04.04 23:50:51.843,0.75823,0.75844,1.75,1.00
2017.04.04 23:50:51.894,0.75827,0.75844,1.00,1.00
2017.04.04 23:50:52.534,0.75826,0.75845,1.75,1.00
2017.04.04 23:50:53.075,0.75826,0.75846,1.50,1.00
2017.04.04 23:50:53.597,0.75827,0.75845,1.12,1.00
2017.04.04 23:50:55.073,0.75826,0.75846,1.50,1.00
2017.04.04 23:50:59.124,0.75826,0.75845,1.50,1.00
2017.04.04 23:51:06.192,0.75825,0.75845,1.00,1.00
2017.04.04 23:51:06.786,0.75823,0.75846,1.75,1.00
2017.04.04 23:51:07.713,0.75823,0.75845,1.75,1.00
2017.04.04 23:51:08.663,0.75823,0.75843,1.75,1.00
2017.04.04 23:51:17.606,0.75823,0.75844,1.75,1.00
2017.04.04 23:51:24.383,0.75824,0.75845,1.50,1.00
2017.04.04 23:51:24.907,0.75823,0.75844,1.75,1.00
2017.04.04 23:51:27.603,0.75823,0.75843,1.75,1.00
2017.04.04 23:51:32.257,0.75823,0.75844,1.75,1.00
2017.04.04 23:51:37.715,0.75825,0.75845,1.12,1.00
2017.04.04 23:51:47.262,0.75825,0.75846,1.12,1.00
2017.04.04 23:51:48.207,0.75826,0.75846,1.00,1.00
2017.04.04 23:51:52.672,0.75825,0.75846,1.12,1.00
2017.04.04 23:52:04.134,0.75825,0.75847,1.12,1.12
2017.04.04 23:52:05.006,0.75825,0.75847,1.12,1.50
2017.04.04 23:52:20.970,0.75825,0.75845,1.87,1.00
2017.04.04 23:52:23.659,0.75824,0.75843,1.50,1.00
2017.04.04 23:52:33.614,0.75824,0.75842,1.50,1.00
2017.04.04 23:52:35.993,0.75824,0.75843,1.50,1.00
2017.04.04 23:52:39.594,0.75824,0.75842,1.50,1.00
2017.04.04 23:52:44.952,0.75824,0.75842,1.50,1.00
2017.04.04 23:52:49.644,0.75824,0.75841,1.50,1.00
2017.04.04 23:53:14.016,0.75824,0.75842,1.50,1.00
2017.04.04 23:53:28.451,0.75825,0.75843,1.50,1.00
2017.04.04 23:53:42.237,0.75821,0.75843,1.75,1.00
2017.04.04 23:53:42.287,0.75821,0.75843,1.75,1.00
2017.04.04 23:53:42.913,0.75819,0.75844,4.12,1.12
2017.04.04 23:53:43.014,0.75819,0.75842,4.12,1.00
2017.04.04 23:53:45.034,0.7582,0.7584,1.75,1.00
2017.04.04 23:53:51.436,0.7582,0.75841,1.75,1.00
2017.04.04 23:54:01.045,0.7582,0.7584,1.75,1.00
2017.04.04 23:54:01.197,0.7582,0.7584,1.50,1.00
2017.04.04 23:54:01.662,0.7582,0.7584,1.50,1.00
2017.04.04 23:54:03.676,0.7582,0.75841,1.75,1.00
2017.04.04 23:54:04.375,0.75821,0.7584,1.12,1.00
2017.04.04 23:54:06.019,0.75821,0.75841,1.12,1.00
2017.04.04 23:54:06.674,0.75821,0.75842,1.37,1.00
2017.04.04 23:54:07.227,0.75821,0.75842,1.50,1.00
2017.04.04 23:54:07.885,0.75821,0.75841,1.75,1.00
2017.04.04 23:54:13.242,0.75823,0.75842,1.37,1.00
2017.04.04 23:54:18.234,0.75823,0.75843,1.37,1.00
2017.04.04 23:54:19.094,0.75823,0.75842,1.37,1.00
2017.04.04 23:54:20.021,0.75823,0.75843,1.12,1.00
2017.04.04 23:54:20.908,0.75823,0.75842,1.12,1.00
2017.04.04 23:54:26.914,0.75823,0.75843,1.12,1.00
2017.04.04 23:54:27.524,0.75823,0.75842,1.12,1.00
2017.04.04 23:54:28.104,0.75823,0.75843,1.12,1.00
2017.04.04 23:54:28.625,0.75823,0.75842,1.12,1.00
2017.04.04 23:54:29.804,0.75823,0.75843,1.12,1.00
2017.04.04 23:54:30.344,0.75823,0.75842,1.12,1.00
2017.04.04 23:54:31.504,0.75823,0.75843,1.12,1.00
2017.04.04 23:54:32.054,0.75823,0.75842,1.12,1.00
2017.04.04 23:54:44.812,0.75823,0.75843,1.12,1.00
2017.04.04 23:54:45.405,0.75824,0.75843,1.12,1.00
2017.04.04 23:54:46.152,0.75824,0.75842,1.00,1.00
2017.04.04 23:54:49.361,0.75824,0.7584,1.00,1.00
2017.04.04 23:54:49.796,0.75819,0.75839,1.75,1.00
2017.04.04 23:54:50.916,0.75819,0.75838,1.75,1.00
2017.04.04 23:54:57.145,0.75819,0.75839,1.75,1.00
2017.04.04 23:54:58.073,0.75819,0.75837,1.75,1.00
2017.04.04 23:55:00.068,0.75818,0.75836,1.75,1.00
2017.04.04 23:55:01.315,0.75818,0.75837,1.75,1.00
2017.04.04 23:55:04.902,0.75818,0.75837,1.75,1.00
2017.04.04 23:55:06.374,0.75818,0.75837,1.75,1.00
2017.04.04 23:55:07.126,0.75818,0.75836,1.75,1.00
2017.04.04 23:55:10.208,0.75819,0.75836,1.00,1.00
2017.04.04 23:55:14.165,0.75818,0.75835,1.50,1.00
2017.04.04 23:55:23.965,0.75817,0.75833,1.75,1.00
2017.04.04 23:55:24.804,0.75817,0.75834,1.75,1.00
2017.04.04 23:55:25.816,0.75817,0.75834,1.50,1.00
2017.04.04 23:55:27.176,0.75817,0.75833,1.50,1.00
2017.04.04 23:55:31.360,0.75814,0.75832,2.25,1.00
2017.04.04 23:55:31.697,0.75814,0.7583,1.75,1.00
2017.04.04 23:55:31.948,0.75807,0.7583,2.25,1.50
2017.04.04 23:55:32.836,0.75807,0.75829,2.25,1.00
2017.04.04 23:55:33.965,0.75807,0.7583,2.25,1.50
2017.04.04 23:55:34.885,0.75807,0.75826,2.25,1.00
2017.04.04 23:55:36.565,0.75808,0.75827,1.75,1.00
2017.04.04 23:55:42.113,0.75808,0.75826,1.75,1.00
2017.04.04 23:55:44.836,0.75808,0.75825,2.25,1.00
2017.04.04 23:55:46.592,0.75808,0.75826,2.25,1.00
2017.04.04 23:55:56.740,0.75808,0.75825,2.25,1.00
2017.04.04 23:55:57.397,0.75808,0.75826,2.25,1.00
2017.04.04 23:55:58.183,0.75808,0.75825,2.25,1.00
2017.04.04 23:56:02.173,0.75809,0.75825,1.87,1.00
2017.04.04 23:56:02.973,0.7581,0.75826,1.12,1.00
2017.04.04 23:56:05.945,0.75808,0.75825,1.75,1.00
2017.04.04 23:56:05.996,0.75808,0.75825,1.00,1.00
2017.04.04 23:56:06.526,0.75808,0.75825,1.50,1.00
2017.04.04 23:56:07.062,0.75808,0.75824,1.50,1.00
2017.04.04 23:56:08.866,0.75808,0.75822,1.50,1.00
2017.04.04 23:56:09.954,0.75808,0.75823,1.50,1.00
2017.04.04 23:56:11.073,0.75808,0.75822,1.50,1.00
2017.04.04 23:56:18.816,0.75808,0.75821,1.50,1.00
2017.04.04 23:56:19.685,0.75808,0.75823,1.50,1.00
2017.04.04 23:56:22.137,0.75807,0.75823,1.87,1.00
2017.04.04 23:56:22.646,0.75808,0.75823,1.00,1.00
2017.04.04 23:56:27.716,0.75808,0.75822,1.00,1.00
2017.04.04 23:56:29.457,0.75808,0.75822,1.37,1.00
2017.04.04 23:56:35.333,0.75808,0.75823,1.50,1.00
2017.04.04 23:56:36.552,0.7581,0.75823,1.37,1.00
2017.04.04 23:56:44.926,0.75809,0.75823,1.37,1.00
2017.04.04 23:56:46.819,0.75809,0.75823,1.00,1.00
2017.04.04 23:56:51.620,0.75809,0.75825,1.37,1.00
2017.04.04 23:56:57.976,0.75809,0.75824,1.37,1.00
2017.04.04 23:56:58.693,0.75808,0.75824,2.62,1.00
2017.04.04 23:56:59.231,0.75809,0.75825,1.00,1.00
2017.04.04 23:57:00.009,0.75808,0.75825,2.62,1.00
2017.04.04 23:57:00.526,0.75808,0.75825,1.87,1.00
2017.04.04 23:57:01.051,0.75808,0.75824,1.87,1.00
2017.04.04 23:57:03.859,0.75808,0.75826,1.87,1.00
2017.04.04 23:57:04.664,0.75807,0.75827,1.12,1.00
2017.04.04 23:57:04.929,0.75805,0.75826,1.75,1.00
2017.04.04 23:57:05.268,0.75805,0.75826,1.00,1.50
2017.04.04 23:57:05.570,0.75801,0.75825,2.25,3.00
2017.04.04 23:57:10.986,0.75803,0.75823,1.50,1.12
2017.04.04 23:57:11.107,0.75804,0.75823,1.12,1.00
2017.04.04 23:57:12.139,0.75804,0.75824,1.12,1.00
2017.04.04 23:57:13.397,0.75807,0.75824,1.12,1.00
2017.04.04 23:57:16.050,0.75805,0.75825,1.12,1.00
2017.04.04 23:57:16.101,0.75805,0.75825,1.12,1.00
2017.04.04 23:57:16.474,0.75806,0.75824,1.50,1.00
2017.04.04 23:57:17.764,0.75806,0.75823,1.75,1.00
2017.04.04 23:57:18.537,0.75806,0.75824,1.75,1.00
2017.04.04 23:57:18.903,0.75803,0.75823,1.12,1.00
2017.04.04 23:57:26.285,0.75802,0.75823,1.12,1.00
2017.04.04 23:57:31.765,0.75802,0.75822,1.12,1.00
2017.04.04 23:57:32.030,0.75805,0.75824,2.25,1.00
2017.04.04 23:57:34.294,0.75804,0.75823,2.25,1.00
2017.04.04 23:57:34.834,0.75805,0.75825,2.25,1.00
2017.04.04 23:57:35.035,0.75804,0.75824,1.75,1.00
2017.04.04 23:57:35.136,0.75804,0.75824,1.12,1.00
2017.04.04 23:57:35.237,0.75801,0.75824,2.62,1.00
2017.04.04 23:57:35.288,0.75801,0.75826,2.62,1.00
2017.04.04 23:57:35.338,0.75801,0.75826,2.62,1.00
2017.04.04 23:57:36.225,0.75805,0.75826,1.75,1.00
2017.04.04 23:57:36.964,0.75805,0.75825,1.75,1.00
2017.04.04 23:57:40.394,0.75805,0.75826,1.75,1.00
2017.04.04 23:57:41.331,0.75806,0.75825,1.75,1.00
2017.04.04 23:57:41.439,0.75806,0.75825,1.00,1.00
2017.04.04 23:57:41.640,0.75806,0.75825,1.75,1.00
2017.04.04 23:57:42.959,0.75805,0.75826,1.75,1.00
2017.04.04 23:57:43.060,0.75805,0.75826,1.75,1.00
2017.04.04 23:57:43.308,0.75805,0.75826,1.75,1.00
2017.04.04 23:57:44.559,0.75805,0.75825,1.75,1.50
2017.04.04 23:57:44.660,0.75806,0.75825,1.00,1.00
2017.04.04 23:57:44.912,0.75805,0.75825,1.87,1.00
2017.04.04 23:57:46.064,0.75805,0.75824,1.87,1.00
2017.04.04 23:57:46.165,0.75805,0.75823,1.75,1.00
2017.04.04 23:57:50.599,0.75805,0.75824,1.75,1.00
2017.04.04 23:57:52.229,0.75805,0.75823,1.75,1.00
2017.04.04 23:57:54.656,0.75804,0.75824,1.75,1.00
2017.04.04 23:57:55.555,0.75804,0.75821,1.75,1.00
2017.04.04 23:57:57.617,0.75804,0.75822,1.75,1.00
2017.04.04 23:58:01.616,0.75805,0.75823,1.75,1.00
2017.04.04 23:58:04.037,0.75806,0.75823,1.00,1.00
2017.04.04 23:58:05.366,0.75802,0.7582,2.25,1.00
2017.04.04 23:58:07.360,0.75803,0.75823,1.75,1.00
2017.04.04 23:58:07.462,0.75806,0.75823,1.75,1.00
2017.04.04 23:58:07.793,0.75808,0.75824,1.12,1.00
2017.04.04 23:58:09.960,0.75804,0.75824,2.25,1.00
2017.04.04 23:58:24.661,0.75801,0.75822,2.25,1.00
2017.04.04 23:58:24.813,0.75802,0.75822,2.25,1.00
2017.04.04 23:58:25.036,0.75802,0.75822,2.25,1.00
2017.04.04 23:58:28.617,0.75801,0.7582,2.25,1.00
2017.04.04 23:58:30.642,0.75799,0.7582,2.25,1.00
2017.04.04 23:58:33.734,0.75799,0.75819,2.25,1.00
2017.04.04 23:58:34.243,0.75799,0.7582,2.25,1.00
2017.04.04 23:58:35.017,0.75799,0.75817,2.25,1.00
2017.04.04 23:58:37.960,0.75794,0.75815,1.75,1.00
2017.04.04 23:58:38.010,0.75793,0.75815,2.25,1.00
2017.04.04 23:58:38.111,0.75793,0.75815,1.37,1.00
2017.04.04 23:58:38.363,0.75797,0.75816,1.00,1.12
2017.04.04 23:58:39.780,0.75796,0.75814,1.50,1.00
2017.04.04 23:58:40.009,0.75794,0.75814,1.50,1.00
2017.04.04 23:58:44.047,0.75794,0.75813,1.87,1.00
2017.04.04 23:58:45.041,0.7579,0.75813,3.75,1.00
2017.04.04 23:58:45.273,0.7579,0.75813,3.37,1.12
2017.04.04 23:58:46.444,0.7579,0.75813,3.00,1.00
2017.04.04 23:58:46.935,0.75793,0.75814,1.75,1.00
2017.04.04 23:58:47.667,0.75793,0.75815,1.75,1.00
2017.04.04 23:58:50.357,0.75793,0.75816,1.75,1.12
2017.04.04 23:58:55.522,0.75791,0.75814,1.75,1.00
2017.04.04 23:58:55.623,0.7579,0.75813,1.50,1.75
2017.04.04 23:58:55.723,0.7579,0.75813,1.87,1.37
2017.04.04 23:58:55.926,0.75791,0.75816,2.62,3.00
2017.04.04 23:59:03.684,0.75795,0.75817,1.00,1.75
2017.04.04 23:59:03.735,0.75795,0.75816,2.25,1.00
2017.04.04 23:59:03.836,0.75795,0.75817,2.62,1.00
2017.04.04 23:59:04.458,0.75796,0.75817,1.12,1.00
2017.04.04 23:59:06.936,0.75795,0.75818,3.75,1.00
2017.04.04 23:59:07.768,0.75796,0.75817,2.25,1.00
2017.04.04 23:59:10.340,0.75796,0.75819,1.87,1.00
2017.04.04 23:59:11.055,0.75798,0.75818,1.50,1.00
2017.04.04 23:59:13.637,0.75796,0.75819,1.87,1.00
2017.04.04 23:59:14.942,0.75796,0.75818,1.87,1.00
2017.04.04 23:59:21.495,0.75796,0.7582,1.75,1.00
2017.04.04 23:59:22.687,0.75797,0.7582,1.37,1.12
2017.04.04 23:59:23.204,0.75797,0.75819,1.37,1.00
2017.04.04 23:59:25.386,0.75795,0.7582,3.37,1.12
2017.04.04 23:59:29.065,0.75796,0.75819,1.50,1.00
2017.04.04 23:59:31.281,0.75796,0.7582,1.50,1.12
2017.04.04 23:59:31.466,0.75796,0.75818,2.25,1.00
2017.04.04 23:59:40.820,0.75795,0.75819,2.25,1.00
2017.04.04 23:59:42.021,0.75798,0.75818,1.37,1.00
2017.04.04 23:59:42.427,0.75801,0.75819,1.00,1.00
2017.04.04 23:59:42.528,0.75799,0.75819,1.12,1.00
2017.04.04 23:59:42.578,0.75799,0.7582,1.50,1.00
2017.04.04 23:59:43.489,0.75799,0.75819,1.75,1.00
2017.04.04 23:59:44.636,0.75799,0.7582,1.75,1.00
2017.04.04 23:59:45.905,0.75799,0.75819,1.75,1.00
2017.04.04 23:59:47.534,0.758,0.75819,1.00,1.00
2017.04.04 23:59:49.360,0.75798,0.75819,1.00,1.00
2017.04.04 23:59:50.896,0.75797,0.7582,1.37,1.00
2017.04.04 23:59:51.397,0.75797,0.7582,1.00,1.00
2017.04.04 23:59:55.465,0.75797,0.75817,1.00,1.00
2017.04.04 23:59:56.606,0.75797,0.75818,1.00,1.00
2017.04.04 23:59:57.209,0.75798,0.75819,1.00,1.00
2017.04.04 23:59:57.859,0.75797,0.75819,1.00,1.00
2017.04.04 23:59:58.432,0.75795,0.75819,3.00,1.00
2017.04.04 23:59:58.934,0.75795,0.75819,3.00,1.00
2017.04.04 23:59:59.760,0.75798,0.7582,1.37,1.00
