2012.07.26 13:00:00.146,1.01553,1.01577,2.16,1.60
2012.07.26 13:00:00.546,1.01558,1.01582,1.50,5.27
2012.07.26 13:00:00.768,1.01557,1.0158,2.16,1.60
2012.07.26 13:00:01.416,1.01562,1.01585,1.50,1.07
2012.07.26 13:00:01.965,1.01558,1.0158,2.16,1.50
2012.07.26 13:00:02.511,1.0156,1.01584,2.16,1.88
2012.07.26 13:00:02.734,1.01564,1.01585,2.16,1.50
2012.07.26 13:00:03.306,1.01562,1.01585,2.16,1.60
2012.07.26 13:00:03.420,1.01562,1.01585,1.50,1.60
2012.07.26 13:00:03.479,1.0156,1.01581,1.26,1.50
2012.07.26 13:00:04.025,1.01558,1.01581,2.16,1.50
2012.07.26 13:00:04.356,1.01558,1.01581,2.16,1.50
2012.07.26 13:00:04.415,1.01561,1.01584,2.16,1.50
2012.07.26 13:00:04.478,1.01561,1.01586,2.16,1.50
2012.07.26 13:00:04.724,1.01561,1.01586,2.16,1.60
2012.07.26 13:00:04.839,1.01559,1.01581,2.16,1.50
2012.07.26 13:00:04.954,1.01561,1.01581,2.16,1.50
2012.07.26 13:00:05.259,1.01563,1.01584,2.16,1.50
2012.07.26 13:00:05.624,1.01559,1.01582,2.16,1.50
2012.07.26 13:00:06.276,1.01562,1.01586,2.16,1.60
2012.07.26 13:00:06.837,1.01566,1.01588,1.50,1.60
2012.07.26 13:00:06.950,1.01566,1.01588,1.50,1.60
2012.07.26 13:00:07.612,1.01566,1.01585,1.50,1.60
2012.07.26 13:00:07.959,1.0156,1.01581,2.16,1.50
2012.07.26 13:00:08.019,1.01562,1.01584,2.16,3.10
2012.07.26 13:00:08.131,1.0156,1.01582,2.16,1.50
2012.07.26 13:00:08.363,1.01562,1.01584,2.16,1.60
2012.07.26 13:00:08.980,1.01566,1.01588,2.16,3.10
2012.07.26 13:00:09.485,1.01567,1.01591,1.50,1.97
2012.07.26 13:00:09.820,1.01562,1.01586,3.66,1.60
2012.07.26 13:00:10.204,1.01564,1.01588,2.16,1.50
2012.07.26 13:00:10.265,1.01567,1.0159,3.66,1.50
2012.07.26 13:00:10.752,1.01567,1.01588,2.16,1.50
2012.07.26 13:00:10.974,1.01565,1.01588,2.16,1.60
2012.07.26 13:00:11.088,1.01563,1.01587,1.26,1.60
2012.07.26 13:00:12.312,1.01563,1.01585,2.16,1.50
2012.07.26 13:00:12.371,1.01563,1.01585,2.16,1.50
2012.07.26 13:00:12.705,1.01565,1.01582,1.50,2.18
2012.07.26 13:00:12.932,1.01562,1.01584,2.16,1.60
2012.07.26 13:00:14.179,1.01561,1.01585,2.16,1.50
2012.07.26 13:00:14.519,1.01567,1.01588,2.16,1.88
2012.07.26 13:00:14.688,1.01569,1.01591,1.50,1.60
2012.07.26 13:00:14.801,1.01569,1.01591,1.50,1.60
2012.07.26 13:00:15.267,1.01568,1.01592,2.16,1.60
2012.07.26 13:00:15.489,1.01568,1.01592,2.16,1.60
2012.07.26 13:00:16.331,1.01569,1.01591,1.50,3.10
2012.07.26 13:00:16.553,1.01565,1.01589,2.16,1.60
2012.07.26 13:00:17.559,1.01565,1.01587,1.50,1.60
2012.07.26 13:00:17.876,1.01565,1.01589,2.16,3.10
2012.07.26 13:00:17.990,1.01565,1.01589,2.16,1.50
2012.07.26 13:00:18.106,1.01566,1.0159,2.16,1.50
2012.07.26 13:00:18.418,1.01566,1.0159,1.50,1.60
2012.07.26 13:00:18.538,1.01561,1.01585,2.16,1.60
2012.07.26 13:00:18.652,1.01561,1.01585,2.16,1.50
2012.07.26 13:00:18.876,1.01566,1.0159,2.16,3.10
2012.07.26 13:00:19.513,1.01567,1.01587,2.16,1.50
2012.07.26 13:00:20.023,1.01567,1.01589,2.16,1.60
2012.07.26 13:00:20.736,1.01565,1.01587,2.16,1.50
2012.07.26 13:00:20.921,1.01565,1.01587,2.16,1.50
2012.07.26 13:00:21.101,1.0157,1.0159,2.16,1.50
2012.07.26 13:00:21.237,1.01569,1.01593,2.16,1.60
2012.07.26 13:00:21.543,1.01568,1.0159,4.34,1.50
2012.07.26 13:00:21.739,1.01568,1.0159,4.34,1.60
2012.07.26 13:00:22.645,1.01565,1.01589,2.16,1.50
2012.07.26 13:00:23.475,1.01565,1.01589,2.16,1.60
2012.07.26 13:00:24.124,1.01565,1.01589,2.16,1.60
2012.07.26 13:00:24.551,1.01563,1.01587,2.16,1.50
2012.07.26 13:00:25.348,1.01567,1.01589,2.16,1.60
2012.07.26 13:00:27.756,1.01567,1.01589,2.16,1.60
2012.07.26 13:00:27.981,1.01572,1.01594,2.16,1.60
2012.07.26 13:00:28.208,1.01572,1.01594,1.50,1.60
2012.07.26 13:00:28.538,1.0157,1.01592,2.16,1.97
2012.07.26 13:00:29.064,1.01569,1.01591,2.16,1.97
2012.07.26 13:00:30.133,1.01567,1.01589,2.16,1.50
2012.07.26 13:00:30.673,1.01564,1.01588,3.66,1.50
2012.07.26 13:00:31.006,1.01563,1.01586,1.04,1.50
2012.07.26 13:00:31.428,1.01564,1.01588,2.16,3.00
2012.07.26 13:00:32.713,1.01564,1.01588,2.16,1.50
2012.07.26 13:00:33.308,1.01564,1.01588,2.16,1.50
2012.07.26 13:00:34.245,1.01564,1.01588,2.54,1.50
2012.07.26 13:00:34.498,1.01563,1.01585,2.54,1.50
2012.07.26 13:00:35.004,1.01563,1.01585,2.54,1.50
2012.07.26 13:00:35.516,1.01563,1.01584,1.04,1.50
2012.07.26 13:00:36.093,1.01561,1.01583,2.16,1.50
2012.07.26 13:00:36.751,1.01559,1.01581,3.14,1.50
2012.07.26 13:00:36.810,1.01559,1.01581,3.14,1.50
2012.07.26 13:00:37.168,1.01561,1.01583,2.16,1.50
2012.07.26 13:00:37.228,1.01561,1.01583,2.16,1.50
2012.07.26 13:00:37.506,1.01557,1.01579,1.04,1.50
2012.07.26 13:00:37.838,1.01554,1.01574,1.04,1.50
2012.07.26 13:00:37.951,1.01554,1.01576,2.54,1.50
2012.07.26 13:00:38.554,1.01554,1.01576,2.54,1.50
2012.07.26 13:00:38.689,1.01556,1.01579,2.16,1.50
2012.07.26 13:00:38.749,1.01556,1.01579,2.16,1.50
2012.07.26 13:00:39.226,1.01557,1.01579,2.18,1.60
2012.07.26 13:00:39.340,1.01554,1.01579,1.50,1.60
2012.07.26 13:00:39.455,1.01554,1.01578,1.50,1.50
2012.07.26 13:00:39.831,1.01554,1.01576,1.50,1.50
2012.07.26 13:00:39.969,1.01555,1.01578,1.50,1.50
2012.07.26 13:00:40.203,1.01554,1.01576,1.50,1.50
2012.07.26 13:00:41.349,1.01551,1.01574,2.16,1.50
2012.07.26 13:00:41.691,1.01554,1.01574,1.04,1.50
2012.07.26 13:00:42.185,1.01552,1.01576,2.16,3.00
2012.07.26 13:00:42.245,1.0155,1.01574,2.16,1.50
2012.07.26 13:00:42.304,1.0155,1.01574,2.16,1.50
2012.07.26 13:00:42.418,1.0155,1.01572,2.16,1.50
2012.07.26 13:00:44.923,1.01551,1.01575,2.16,3.00
2012.07.26 13:00:47.532,1.01551,1.01575,2.16,1.50
2012.07.26 13:00:47.646,1.01551,1.01575,1.50,3.85
2012.07.26 13:00:48.154,1.0155,1.01572,2.16,1.50
2012.07.26 13:00:48.620,1.01549,1.01571,1.04,1.50
2012.07.26 13:00:48.767,1.01549,1.01571,1.04,1.50
2012.07.26 13:00:48.991,1.01548,1.0157,2.54,1.50
2012.07.26 13:00:49.051,1.01549,1.01573,2.16,2.25
2012.07.26 13:00:51.065,1.01549,1.01573,2.16,2.25
2012.07.26 13:00:51.180,1.01548,1.01571,1.04,1.50
2012.07.26 13:00:51.402,1.01548,1.01569,1.04,1.50
2012.07.26 13:00:52.575,1.01548,1.01571,1.04,3.00
2012.07.26 13:00:53.342,1.01547,1.01571,2.16,1.50
2012.07.26 13:00:55.630,1.01547,1.0157,2.16,1.50
2012.07.26 13:00:55.798,1.01547,1.01571,2.16,1.50
2012.07.26 13:00:56.130,1.01548,1.01571,2.16,1.50
2012.07.26 13:00:56.245,1.01553,1.01577,1.50,1.97
2012.07.26 13:00:56.450,1.01551,1.01575,2.16,1.60
2012.07.26 13:00:56.632,1.0155,1.01572,2.16,1.50
2012.07.26 13:00:56.749,1.01548,1.0157,4.05,1.50
2012.07.26 13:00:56.972,1.0155,1.01572,1.50,1.60
2012.07.26 13:00:57.444,1.01547,1.01568,1.04,1.50
2012.07.26 13:00:57.528,1.01546,1.01568,2.16,1.50
2012.07.26 13:00:58.530,1.01546,1.01568,2.16,1.50
2012.07.26 13:00:58.984,1.01548,1.0157,1.50,1.50
2012.07.26 13:01:00.051,1.01545,1.01569,2.16,1.50
2012.07.26 13:01:00.115,1.0155,1.01572,2.16,1.50
2012.07.26 13:01:00.431,1.01547,1.01571,2.54,1.50
2012.07.26 13:01:01.183,1.01549,1.01573,2.16,1.60
2012.07.26 13:01:02.553,1.01548,1.01569,1.04,1.50
2012.07.26 13:01:02.677,1.01549,1.01571,2.16,1.60
2012.07.26 13:01:02.928,1.01549,1.01571,2.16,1.50
2012.07.26 13:01:03.100,1.01552,1.01574,2.16,3.00
2012.07.26 13:01:03.336,1.0155,1.01572,2.16,1.50
2012.07.26 13:01:04.186,1.01551,1.01574,2.16,1.60
2012.07.26 13:01:04.963,1.01551,1.01575,2.16,1.60
2012.07.26 13:01:05.033,1.0155,1.01572,1.50,1.60
2012.07.26 13:01:05.377,1.01545,1.01568,2.16,1.50
2012.07.26 13:01:05.469,1.01548,1.0157,2.16,1.50
2012.07.26 13:01:06.006,1.0155,1.01572,1.50,1.60
2012.07.26 13:01:06.850,1.01548,1.0157,2.16,1.50
2012.07.26 13:01:08.554,1.0155,1.01572,1.50,3.10
2012.07.26 13:01:09.811,1.0155,1.01572,2.16,1.60
2012.07.26 13:01:10.485,1.01544,1.01566,1.04,1.50
2012.07.26 13:01:10.782,1.01545,1.01569,2.16,1.60
2012.07.26 13:01:11.173,1.01547,1.01567,2.55,1.60
2012.07.26 13:01:11.698,1.01545,1.01567,2.16,1.50
2012.07.26 13:01:12.389,1.01545,1.01567,1.50,1.60
2012.07.26 13:01:12.503,1.01545,1.0157,1.50,2.20
2012.07.26 13:01:13.033,1.01546,1.0157,1.50,1.60
2012.07.26 13:01:13.116,1.01546,1.0157,2.16,1.60
2012.07.26 13:01:13.459,1.01544,1.01566,2.16,1.50
2012.07.26 13:01:13.929,1.01549,1.01569,1.04,1.60
2012.07.26 13:01:15.009,1.01547,1.01569,2.16,1.50
2012.07.26 13:01:16.422,1.01548,1.01569,1.04,1.50
2012.07.26 13:01:17.702,1.01548,1.01568,1.04,1.50
2012.07.26 13:01:17.986,1.01544,1.01566,2.16,1.50
2012.07.26 13:01:18.321,1.01539,1.01564,1.04,1.50
2012.07.26 13:01:18.861,1.01541,1.01565,2.16,1.50
2012.07.26 13:01:19.921,1.01538,1.01564,2.54,1.50
2012.07.26 13:01:19.983,1.01538,1.01562,1.04,1.60
2012.07.26 13:01:21.222,1.01538,1.01562,1.04,1.50
2012.07.26 13:01:21.337,1.01538,1.01564,4.71,1.50
2012.07.26 13:01:22.322,1.0154,1.01565,2.16,3.00
2012.07.26 13:01:22.490,1.0154,1.01565,2.16,3.10
2012.07.26 13:01:22.550,1.01539,1.01563,2.54,1.60
2012.07.26 13:01:23.114,1.01539,1.01564,2.54,1.60
2012.07.26 13:01:23.446,1.01542,1.01568,2.16,1.50
2012.07.26 13:01:23.746,1.01548,1.0157,1.04,1.50
2012.07.26 13:01:24.270,1.01548,1.01567,1.04,1.50
2012.07.26 13:01:24.602,1.0154,1.01561,2.16,1.50
2012.07.26 13:01:25.155,1.0154,1.01561,2.16,1.50
2012.07.26 13:01:25.223,1.01538,1.01561,2.54,1.50
2012.07.26 13:01:25.614,1.01538,1.01559,1.04,1.50
2012.07.26 13:01:26.218,1.01537,1.01559,1.04,1.60
2012.07.26 13:01:26.883,1.01537,1.01558,1.04,1.60
2012.07.26 13:01:27.212,1.01539,1.01558,1.04,1.50
2012.07.26 13:01:27.504,1.01538,1.01561,1.04,1.60
2012.07.26 13:01:28.805,1.01538,1.01562,2.54,1.60
2012.07.26 13:01:29.790,1.01539,1.01561,1.04,1.50
2012.07.26 13:01:30.228,1.01539,1.01563,1.04,1.60
2012.07.26 13:01:30.560,1.01539,1.0156,1.04,1.50
2012.07.26 13:01:30.964,1.01539,1.0156,1.04,1.50
2012.07.26 13:01:31.079,1.01537,1.0156,2.16,1.60
2012.07.26 13:01:31.416,1.01535,1.01557,2.16,1.50
2012.07.26 13:01:31.529,1.01535,1.01557,1.50,1.60
2012.07.26 13:01:31.859,1.01533,1.01556,1.04,1.60
2012.07.26 13:01:32.914,1.01534,1.01552,1.04,1.50
2012.07.26 13:01:32.974,1.01534,1.01555,1.04,1.50
2012.07.26 13:01:33.196,1.01534,1.01551,1.04,1.50
2012.07.26 13:01:33.312,1.01529,1.01551,2.54,1.60
2012.07.26 13:01:33.468,1.01527,1.01549,2.91,1.50
2012.07.26 13:01:34.383,1.01529,1.01552,2.16,2.27
2012.07.26 13:01:34.553,1.01529,1.01552,3.51,2.27
2012.07.26 13:01:34.889,1.01539,1.01556,1.04,1.50
2012.07.26 13:01:35.112,1.01539,1.01558,1.04,1.50
2012.07.26 13:01:35.263,1.01534,1.01558,1.88,1.60
2012.07.26 13:01:35.587,1.01534,1.01558,1.50,1.60
2012.07.26 13:01:35.653,1.01537,1.01557,2.84,1.50
2012.07.26 13:01:36.204,1.01536,1.01558,2.16,1.50
2012.07.26 13:01:36.678,1.01539,1.01561,2.76,1.50
2012.07.26 13:01:36.846,1.01541,1.01563,2.16,3.00
2012.07.26 13:01:37.177,1.01539,1.01561,2.54,1.50
2012.07.26 13:01:37.244,1.01539,1.01561,2.54,1.50
2012.07.26 13:01:37.784,1.01539,1.01561,2.54,1.50
2012.07.26 13:01:38.224,1.01539,1.01561,2.16,3.00
2012.07.26 13:01:38.456,1.01538,1.0156,3.21,1.50
2012.07.26 13:01:38.736,1.0154,1.01561,1.50,1.60
2012.07.26 13:01:39.120,1.01538,1.01562,2.54,1.50
2012.07.26 13:01:39.342,1.01543,1.01567,2.16,1.50
2012.07.26 13:01:39.456,1.01543,1.01567,3.66,1.60
2012.07.26 13:01:40.003,1.01543,1.01567,1.50,1.60
2012.07.26 13:01:40.539,1.0154,1.01562,2.16,1.50
2012.07.26 13:01:41.375,1.0154,1.01562,2.16,1.50
2012.07.26 13:01:42.978,1.01539,1.0156,1.04,1.50
2012.07.26 13:01:43.323,1.01539,1.01563,2.54,3.10
2012.07.26 13:01:43.505,1.01539,1.01563,1.88,1.60
2012.07.26 13:01:43.897,1.01536,1.0156,1.50,1.60
2012.07.26 13:01:44.064,1.01534,1.01558,2.54,1.60
2012.07.26 13:01:47.036,1.01531,1.01553,2.16,1.50
2012.07.26 13:01:47.303,1.01532,1.01556,2.16,3.10
2012.07.26 13:01:47.807,1.0153,1.01554,2.16,1.60
2012.07.26 13:01:48.073,1.01536,1.01556,1.50,1.60
2012.07.26 13:01:48.995,1.01532,1.01556,2.16,1.60
2012.07.26 13:01:49.330,1.01531,1.01554,2.16,1.60
2012.07.26 13:01:49.503,1.01532,1.01556,2.16,1.50
2012.07.26 13:01:49.868,1.01535,1.01559,1.50,1.60
2012.07.26 13:01:50.205,1.01533,1.01555,3.00,1.60
2012.07.26 13:01:50.744,1.01533,1.01555,1.50,1.60
2012.07.26 13:01:51.185,1.01531,1.01553,2.16,1.60
2012.07.26 13:01:51.739,1.01529,1.01551,2.16,1.50
2012.07.26 13:01:53.226,1.01527,1.01549,2.84,1.50
2012.07.26 13:01:53.286,1.01527,1.01549,2.84,1.50
2012.07.26 13:01:53.459,1.01527,1.01551,4.34,3.10
2012.07.26 13:01:54.489,1.01527,1.01551,2.16,1.60
2012.07.26 13:01:54.609,1.01527,1.01551,2.16,1.60
2012.07.26 13:01:54.940,1.01527,1.01549,3.59,1.50
2012.07.26 13:01:55.000,1.01527,1.01551,5.09,1.60
2012.07.26 13:01:55.323,1.01527,1.01549,3.59,1.50
2012.07.26 13:01:55.438,1.01529,1.01551,2.16,1.50
2012.07.26 13:01:56.258,1.01527,1.01549,6.59,1.50
2012.07.26 13:01:57.794,1.01531,1.01552,1.41,1.60
2012.07.26 13:01:57.947,1.01528,1.01551,2.25,1.60
2012.07.26 13:01:58.007,1.01527,1.0155,2.84,1.60
2012.07.26 13:01:58.121,1.01526,1.01546,1.41,1.50
2012.07.26 13:01:58.239,1.01528,1.01552,2.16,1.60
2012.07.26 13:01:58.833,1.01527,1.01551,2.16,1.60
2012.07.26 13:02:00.709,1.01527,1.01549,1.41,1.50
2012.07.26 13:02:00.769,1.01527,1.01549,1.41,1.50
2012.07.26 13:02:01.099,1.01529,1.01551,2.54,1.50
2012.07.26 13:02:01.326,1.01529,1.01551,2.16,1.50
2012.07.26 13:02:01.386,1.01531,1.01555,2.16,1.60
2012.07.26 13:02:01.446,1.01531,1.01554,1.50,1.60
2012.07.26 13:02:01.506,1.01528,1.01552,4.71,1.60
2012.07.26 13:02:02.274,1.01522,1.01546,2.91,1.50
2012.07.26 13:02:02.824,1.01522,1.01546,2.91,1.50
2012.07.26 13:02:03.325,1.01522,1.01546,2.91,1.50
2012.07.26 13:02:03.547,1.01528,1.01548,2.84,1.50
2012.07.26 13:02:03.880,1.01528,1.01551,2.84,1.60
2012.07.26 13:02:04.103,1.01528,1.0155,2.16,1.50
2012.07.26 13:02:04.380,1.01527,1.01549,2.25,3.10
2012.07.26 13:02:04.601,1.01527,1.01549,2.25,1.60
2012.07.26 13:02:04.831,1.01527,1.01549,2.91,1.50
2012.07.26 13:02:04.890,1.01527,1.01547,1.41,1.50
2012.07.26 13:02:05.198,1.01527,1.01547,1.41,1.50
2012.07.26 13:02:05.394,1.01522,1.01547,2.91,1.60
2012.07.26 13:02:05.826,1.0152,1.01544,2.16,1.50
2012.07.26 13:02:06.573,1.01518,1.0154,1.04,1.50
2012.07.26 13:02:06.969,1.01519,1.01541,2.54,1.50
2012.07.26 13:02:07.030,1.0152,1.01544,2.16,3.00
2012.07.26 13:02:07.144,1.01523,1.01548,2.16,1.60
2012.07.26 13:02:07.649,1.01521,1.01545,3.66,1.50
2012.07.26 13:02:07.764,1.01524,1.01547,2.16,3.00
2012.07.26 13:02:07.825,1.01526,1.01549,2.16,1.50
2012.07.26 13:02:08.413,1.01523,1.01548,2.16,1.50
2012.07.26 13:02:08.749,1.01525,1.01548,2.16,1.50
2012.07.26 13:02:09.414,1.01525,1.01547,2.16,1.50
2012.07.26 13:02:09.662,1.01527,1.01549,2.16,1.50
2012.07.26 13:02:09.776,1.01527,1.01549,2.16,1.50
2012.07.26 13:02:10.314,1.01527,1.01549,2.16,1.60
2012.07.26 13:02:11.999,1.01524,1.01548,2.16,1.50
2012.07.26 13:02:12.424,1.01527,1.0155,2.16,1.50
2012.07.26 13:02:12.485,1.0153,1.01552,2.16,1.50
2012.07.26 13:02:12.745,1.01533,1.01555,1.50,1.60
2012.07.26 13:02:13.238,1.01528,1.01552,2.16,1.50
2012.07.26 13:02:13.764,1.01532,1.01554,2.16,1.50
2012.07.26 13:02:13.880,1.01534,1.01557,2.16,1.60
2012.07.26 13:02:14.048,1.01532,1.01555,3.66,1.50
2012.07.26 13:02:14.173,1.01532,1.01555,2.16,1.60
2012.07.26 13:02:15.674,1.01533,1.01555,2.54,1.60
2012.07.26 13:02:15.841,1.01533,1.0155,1.04,1.50
2012.07.26 13:02:16.401,1.01528,1.0155,2.16,1.50
2012.07.26 13:02:16.702,1.01528,1.0155,4.34,1.50
2012.07.26 13:02:16.924,1.01534,1.01554,1.04,1.50
2012.07.26 13:02:17.041,1.01534,1.01556,1.04,1.60
2012.07.26 13:02:17.814,1.01534,1.01557,1.04,1.60
2012.07.26 13:02:18.143,1.01534,1.01557,1.04,1.50
2012.07.26 13:02:18.520,1.01534,1.01553,1.04,1.50
2012.07.26 13:02:18.633,1.01534,1.01556,1.04,1.50
2012.07.26 13:02:19.113,1.01536,1.0156,2.16,2.35
2012.07.26 13:02:19.230,1.01535,1.01557,2.16,1.50
2012.07.26 13:02:19.665,1.01535,1.01557,2.16,1.50
2012.07.26 13:02:19.957,1.01533,1.01555,1.50,1.60
2012.07.26 13:02:20.019,1.01535,1.01557,1.50,1.60
2012.07.26 13:02:20.245,1.01532,1.01556,2.16,1.60
2012.07.26 13:02:20.761,1.01533,1.01555,1.50,1.60
2012.07.26 13:02:21.214,1.01533,1.01555,2.54,1.50
2012.07.26 13:02:21.604,1.01539,1.01561,2.16,1.60
2012.07.26 13:02:22.811,1.01541,1.01563,1.50,1.60
2012.07.26 13:02:22.980,1.01541,1.01563,3.00,1.60
2012.07.26 13:02:23.041,1.01543,1.01567,1.50,2.35
2012.07.26 13:02:23.157,1.01541,1.01563,3.00,2.35
2012.07.26 13:02:23.271,1.01536,1.01558,2.16,1.50
2012.07.26 13:02:23.331,1.01536,1.01558,2.16,1.50
2012.07.26 13:02:23.446,1.01536,1.01558,2.16,1.50
2012.07.26 13:02:23.560,1.01536,1.01558,2.16,1.50
2012.07.26 13:02:24.107,1.01535,1.01556,2.16,1.50
2012.07.26 13:02:24.170,1.01537,1.01559,2.16,1.50
2012.07.26 13:02:25.431,1.01537,1.01559,1.50,1.60
2012.07.26 13:02:25.599,1.01534,1.01558,2.16,1.60
2012.07.26 13:02:26.124,1.01532,1.01556,2.16,1.50
2012.07.26 13:02:26.672,1.01535,1.01557,2.16,1.50
2012.07.26 13:02:27.236,1.01535,1.01557,2.16,1.50
2012.07.26 13:02:27.781,1.01538,1.01557,2.16,1.50
2012.07.26 13:02:27.841,1.01539,1.01561,1.50,1.60
2012.07.26 13:02:28.010,1.01541,1.01561,1.50,1.60
2012.07.26 13:02:28.289,1.01538,1.01562,1.50,1.60
2012.07.26 13:02:28.839,1.01538,1.01562,1.50,1.60
2012.07.26 13:02:29.115,1.01541,1.01563,1.50,1.60
2012.07.26 13:02:29.174,1.01541,1.01565,1.50,1.60
2012.07.26 13:02:29.634,1.01536,1.0156,2.16,1.60
2012.07.26 13:02:30.040,1.01536,1.0156,1.50,1.60
2012.07.26 13:02:30.343,1.01533,1.01557,2.16,1.50
2012.07.26 13:02:30.665,1.01533,1.01557,2.16,1.60
2012.07.26 13:02:31.631,1.01534,1.01556,2.16,1.60
2012.07.26 13:02:31.945,1.01529,1.01553,2.16,1.50
2012.07.26 13:02:32.594,1.01531,1.01555,2.16,1.50
2012.07.26 13:02:34.304,1.01533,1.01555,1.26,1.50
2012.07.26 13:02:34.372,1.01536,1.01561,2.16,2.35
2012.07.26 13:02:34.933,1.01534,1.01559,2.16,1.50
2012.07.26 13:02:35.534,1.01534,1.01559,2.16,2.25
2012.07.26 13:02:36.252,1.01534,1.01559,2.16,2.35
2012.07.26 13:02:36.477,1.01534,1.01558,2.16,1.60
2012.07.26 13:02:36.701,1.01535,1.01557,2.16,1.50
2012.07.26 13:02:36.761,1.01536,1.0156,2.16,1.60
2012.07.26 13:02:37.262,1.01538,1.01562,2.16,1.97
2012.07.26 13:02:38.861,1.01536,1.0156,2.16,1.50
2012.07.26 13:02:39.264,1.01538,1.01562,2.16,1.50
2012.07.26 13:02:40.039,1.01538,1.0156,2.16,1.50
2012.07.26 13:02:40.099,1.01537,1.01558,2.84,1.50
2012.07.26 13:02:41.446,1.01534,1.01556,2.16,1.50
2012.07.26 13:02:41.507,1.01532,1.01556,2.16,1.60
2012.07.26 13:02:42.041,1.0153,1.01554,2.16,1.50
2012.07.26 13:02:42.596,1.01533,1.01555,2.16,1.60
2012.07.26 13:02:43.152,1.01531,1.01552,2.16,1.50
2012.07.26 13:02:43.659,1.0153,1.01552,2.16,1.50
2012.07.26 13:02:43.817,1.01532,1.01554,2.16,1.60
2012.07.26 13:02:44.139,1.01531,1.01552,2.16,1.50
2012.07.26 13:02:44.256,1.01532,1.01556,2.16,1.60
2012.07.26 13:02:44.468,1.01532,1.01556,2.16,2.20
2012.07.26 13:02:44.801,1.01527,1.01548,2.84,1.50
2012.07.26 13:02:44.939,1.01529,1.01551,2.16,1.50
2012.07.26 13:02:47.335,1.01529,1.01551,1.50,1.60
2012.07.26 13:02:47.452,1.01526,1.0155,2.16,1.50
2012.07.26 13:02:47.814,1.01525,1.01548,2.16,1.60
2012.07.26 13:02:47.927,1.01525,1.01548,2.16,1.60
2012.07.26 13:02:48.771,1.01522,1.01547,2.91,1.60
2012.07.26 13:02:49.290,1.01523,1.01545,2.16,1.50
2012.07.26 13:02:49.351,1.0152,1.01542,2.16,1.50
2012.07.26 13:02:49.465,1.0152,1.01545,2.16,1.60
2012.07.26 13:02:49.969,1.01521,1.01544,2.16,1.50
2012.07.26 13:02:50.796,1.01521,1.01544,2.16,1.50
2012.07.26 13:02:51.328,1.01523,1.01548,2.16,2.35
2012.07.26 13:02:51.863,1.01528,1.0155,1.50,2.95
2012.07.26 13:02:52.634,1.01528,1.01549,1.50,1.60
2012.07.26 13:02:52.879,1.01524,1.01547,2.16,1.60
2012.07.26 13:02:53.209,1.01524,1.01547,2.16,1.60
2012.07.26 13:02:56.038,1.01525,1.01549,2.16,2.35
2012.07.26 13:02:56.887,1.01528,1.0155,2.16,1.60
2012.07.26 13:02:58.095,1.01528,1.0155,1.50,1.60
2012.07.26 13:02:59.382,1.01528,1.0155,2.16,1.60
2012.07.26 13:02:59.750,1.01529,1.01554,2.16,1.60
2012.07.26 13:03:03.057,1.0153,1.01553,2.16,1.60
2012.07.26 13:03:05.546,1.01533,1.01555,1.50,1.60
2012.07.26 13:03:05.820,1.01533,1.01555,2.16,1.50
2012.07.26 13:03:06.255,1.01532,1.01556,1.50,1.60
2012.07.26 13:03:06.606,1.01534,1.01556,1.50,1.60
2012.07.26 13:03:07.337,1.01534,1.01556,1.50,1.60
2012.07.26 13:03:07.714,1.0153,1.01554,1.50,1.60
2012.07.26 13:03:08.769,1.01531,1.01553,1.50,2.35
2012.07.26 13:03:09.889,1.01533,1.01555,1.50,1.60
2012.07.26 13:03:09.957,1.01533,1.01555,2.16,1.50
2012.07.26 13:03:10.018,1.01533,1.01555,2.16,1.50
2012.07.26 13:03:10.078,1.01533,1.01555,1.50,1.60
2012.07.26 13:03:10.194,1.01538,1.0156,1.50,2.35
2012.07.26 13:03:10.363,1.01534,1.01558,1.50,1.60
2012.07.26 13:03:10.659,1.01537,1.0156,1.50,2.35
2012.07.26 13:03:10.719,1.01537,1.01561,1.50,2.35
2012.07.26 13:03:10.947,1.01537,1.01561,1.50,2.35
2012.07.26 13:03:11.428,1.01535,1.01559,3.66,2.35
2012.07.26 13:03:12.062,1.01535,1.01559,2.16,1.60
2012.07.26 13:03:12.725,1.01535,1.01559,2.16,1.60
2012.07.26 13:03:13.043,1.0154,1.01562,2.16,1.50
2012.07.26 13:03:13.157,1.0154,1.01562,1.50,1.60
2012.07.26 13:03:13.596,1.01538,1.01557,1.04,1.50
2012.07.26 13:03:14.091,1.01534,1.01559,2.54,1.50
2012.07.26 13:03:14.208,1.01536,1.01561,2.16,1.60
2012.07.26 13:03:14.439,1.01542,1.01564,1.50,2.35
2012.07.26 13:03:14.498,1.01542,1.01564,2.16,2.35
2012.07.26 13:03:14.820,1.01542,1.01566,2.76,2.25
2012.07.26 13:03:15.152,1.01545,1.01569,2.16,1.50
2012.07.26 13:03:15.454,1.01542,1.01566,2.16,1.50
2012.07.26 13:03:15.514,1.01545,1.01568,2.16,1.50
2012.07.26 13:03:15.628,1.01543,1.01565,3.66,1.50
2012.07.26 13:03:15.687,1.01543,1.01565,2.16,1.50
2012.07.26 13:03:15.800,1.01543,1.01565,2.16,2.25
2012.07.26 13:03:15.968,1.01541,1.01563,2.16,2.35
2012.07.26 13:03:16.027,1.01539,1.01563,2.16,2.35
2012.07.26 13:03:16.555,1.0154,1.01562,1.50,3.77
2012.07.26 13:03:17.044,1.01542,1.01562,1.50,2.18
2012.07.26 13:03:17.767,1.01537,1.01562,2.16,1.60
2012.07.26 13:03:18.197,1.0154,1.01562,2.16,3.68
2012.07.26 13:03:18.374,1.0154,1.01565,2.16,1.60
2012.07.26 13:03:19.008,1.0154,1.01565,2.16,2.35
2012.07.26 13:03:19.491,1.01544,1.01567,2.16,1.50
2012.07.26 13:03:19.605,1.01544,1.01567,2.16,1.60
2012.07.26 13:03:19.774,1.01547,1.01569,1.50,1.60
2012.07.26 13:03:19.889,1.01544,1.01568,2.16,1.60
2012.07.26 13:03:20.298,1.01543,1.01564,2.16,1.50
2012.07.26 13:03:20.747,1.0154,1.01563,2.16,1.60
2012.07.26 13:03:21.623,1.01541,1.01565,1.50,1.60
2012.07.26 13:03:21.846,1.01544,1.01566,1.50,2.35
2012.07.26 13:03:22.070,1.01541,1.01563,2.76,1.50
2012.07.26 13:03:22.715,1.0154,1.01565,2.16,1.60
2012.07.26 13:03:24.387,1.01541,1.01566,2.16,1.50
2012.07.26 13:03:24.940,1.01544,1.01567,2.16,1.60
2012.07.26 13:03:25.348,1.01544,1.01567,2.54,1.50
2012.07.26 13:03:25.680,1.01544,1.01563,1.04,1.50
2012.07.26 13:03:25.865,1.01543,1.01566,2.54,1.50
2012.07.26 13:03:25.980,1.01542,1.01564,2.16,1.50
2012.07.26 13:03:26.093,1.0154,1.01564,2.16,1.60
2012.07.26 13:03:26.400,1.01538,1.01561,2.16,1.50
2012.07.26 13:03:27.160,1.0154,1.01563,2.16,3.00
2012.07.26 13:03:27.501,1.0154,1.01563,2.16,3.10
2012.07.26 13:03:27.725,1.01539,1.01561,2.16,1.50
2012.07.26 13:03:27.859,1.0154,1.01563,2.16,2.35
2012.07.26 13:03:27.999,1.0154,1.01563,2.16,2.35
2012.07.26 13:03:28.520,1.01538,1.01562,2.16,1.50
2012.07.26 13:03:28.717,1.01537,1.01562,2.16,1.50
2012.07.26 13:03:29.416,1.01539,1.01564,2.16,3.85
2012.07.26 13:03:29.636,1.01541,1.01563,1.50,1.60
2012.07.26 13:03:29.750,1.01538,1.01562,2.16,1.60
2012.07.26 13:03:31.923,1.01539,1.01561,2.16,1.50
2012.07.26 13:03:32.089,1.0154,1.01564,2.16,2.35
2012.07.26 13:03:32.256,1.0154,1.01564,2.16,1.60
2012.07.26 13:03:33.230,1.01536,1.01561,1.50,1.60
2012.07.26 13:03:33.291,1.01536,1.01561,2.16,1.60
2012.07.26 13:03:33.610,1.01535,1.01557,2.16,1.50
2012.07.26 13:03:33.724,1.01535,1.01559,2.16,2.35
2012.07.26 13:03:34.335,1.01535,1.0156,2.16,2.35
2012.07.26 13:03:39.379,1.01536,1.01558,1.50,2.35
2012.07.26 13:03:39.741,1.01536,1.01558,1.50,2.35
2012.07.26 13:03:40.492,1.01533,1.01558,2.16,2.35
2012.07.26 13:03:40.716,1.01533,1.01558,2.16,1.60
2012.07.26 13:03:40.917,1.01536,1.01558,1.50,1.60
2012.07.26 13:03:42.348,1.01533,1.01558,2.16,1.60
2012.07.26 13:03:42.965,1.01535,1.01559,1.50,2.35
2012.07.26 13:03:44.456,1.01538,1.01561,1.50,4.22
2012.07.26 13:03:44.915,1.01538,1.01561,2.16,2.63
2012.07.26 13:03:45.266,1.01544,1.01566,2.16,2.48
2012.07.26 13:03:45.887,1.01547,1.01569,1.50,2.20
2012.07.26 13:03:46.390,1.01546,1.01568,1.50,2.35
2012.07.26 13:03:46.618,1.01544,1.01566,1.50,1.60
2012.07.26 13:03:46.839,1.01546,1.01568,1.50,2.35
2012.07.26 13:03:48.086,1.01546,1.01568,1.50,2.35
2012.07.26 13:03:48.465,1.01541,1.01565,1.50,2.35
2012.07.26 13:03:48.524,1.01538,1.01562,1.50,1.60
2012.07.26 13:03:48.745,1.01538,1.01562,1.50,3.77
2012.07.26 13:03:48.914,1.01542,1.01564,1.50,1.60
2012.07.26 13:03:49.609,1.01542,1.01564,1.50,1.60
2012.07.26 13:03:49.727,1.0154,1.0156,1.50,2.35
2012.07.26 13:03:49.787,1.01538,1.0156,1.50,2.35
2012.07.26 13:03:49.847,1.01536,1.01558,1.50,1.50
2012.07.26 13:03:49.964,1.01536,1.01558,1.50,1.60
2012.07.26 13:03:50.080,1.01534,1.01556,3.00,1.60
2012.07.26 13:03:50.851,1.01538,1.0156,1.50,1.60
2012.07.26 13:03:51.266,1.01535,1.01557,1.50,1.60
2012.07.26 13:03:51.545,1.01535,1.01557,3.66,1.60
2012.07.26 13:03:51.714,1.0154,1.01562,1.50,1.97
2012.07.26 13:03:52.018,1.01538,1.0156,1.50,1.60
2012.07.26 13:03:53.594,1.01538,1.0156,2.16,1.50
2012.07.26 13:03:54.117,1.0154,1.01564,2.16,1.60
2012.07.26 13:03:54.737,1.0154,1.01564,2.16,1.60
2012.07.26 13:03:54.863,1.01546,1.01568,1.50,1.60
2012.07.26 13:03:54.923,1.01546,1.01568,2.16,1.60
2012.07.26 13:03:55.721,1.01546,1.01569,1.50,2.20
2012.07.26 13:03:55.899,1.0154,1.01562,1.50,1.60
2012.07.26 13:03:55.958,1.01542,1.01564,1.50,3.10
2012.07.26 13:03:56.017,1.01538,1.01562,2.16,1.60
2012.07.26 13:03:56.189,1.01541,1.01563,1.50,1.60
2012.07.26 13:03:56.662,1.01539,1.01561,2.16,1.60
2012.07.26 13:03:56.833,1.01542,1.01561,1.26,1.50
2012.07.26 13:03:57.000,1.01542,1.01564,3.51,1.50
2012.07.26 13:03:57.062,1.01548,1.01564,2.18,1.50
2012.07.26 13:03:57.231,1.01544,1.01569,1.50,1.60
2012.07.26 13:03:57.618,1.01544,1.01565,1.04,1.50
2012.07.26 13:03:57.977,1.01544,1.01563,1.04,1.50
2012.07.26 13:03:58.091,1.01544,1.01564,1.04,1.50
2012.07.26 13:03:58.153,1.01544,1.01567,1.04,1.50
2012.07.26 13:03:58.213,1.01544,1.01567,1.04,1.50
2012.07.26 13:03:58.273,1.01544,1.01567,1.04,1.50
2012.07.26 13:03:58.626,1.01544,1.01567,1.04,1.50
2012.07.26 13:03:58.959,1.01541,1.01565,2.16,1.50
2012.07.26 13:03:59.019,1.01541,1.01565,2.16,1.60
2012.07.26 13:03:59.295,1.01539,1.01563,2.16,1.50
2012.07.26 13:03:59.611,1.01538,1.0156,2.16,1.50
2012.07.26 13:03:59.671,1.01541,1.01563,2.16,3.00
2012.07.26 13:03:59.915,1.01541,1.01563,2.16,1.60
2012.07.26 13:04:00.085,1.01537,1.01559,2.16,1.50
2012.07.26 13:04:00.182,1.01538,1.01562,2.16,3.00
2012.07.26 13:04:00.697,1.01542,1.01565,1.50,3.85
2012.07.26 13:04:00.919,1.01537,1.01559,2.16,1.50
2012.07.26 13:04:01.292,1.01537,1.01558,1.50,1.60
2012.07.26 13:04:01.352,1.01533,1.01555,1.04,1.60
2012.07.26 13:04:01.538,1.0153,1.01552,2.16,1.50
2012.07.26 13:04:01.652,1.0153,1.01554,2.16,1.50
2012.07.26 13:04:02.162,1.01529,1.01553,2.16,1.50
2012.07.26 13:04:02.221,1.0153,1.01555,2.16,3.10
2012.07.26 13:04:03.184,1.01532,1.01556,2.16,1.50
2012.07.26 13:04:03.625,1.01535,1.01558,1.50,1.60
2012.07.26 13:04:03.740,1.01534,1.01557,3.66,1.60
2012.07.26 13:04:03.855,1.01537,1.01559,1.50,1.60
2012.07.26 13:04:04.548,1.01537,1.01559,2.16,1.60
2012.07.26 13:04:05.148,1.01537,1.01559,2.16,1.60
2012.07.26 13:04:05.689,1.01537,1.01559,2.16,1.60
2012.07.26 13:04:05.995,1.01538,1.01562,2.16,3.77
2012.07.26 13:04:06.317,1.01538,1.01562,2.16,1.50
2012.07.26 13:04:06.499,1.0154,1.01564,2.16,1.50
2012.07.26 13:04:06.667,1.0154,1.01564,2.16,2.35
2012.07.26 13:04:07.405,1.01538,1.01562,2.16,1.60
2012.07.26 13:04:07.469,1.01544,1.01567,2.16,1.60
2012.07.26 13:04:08.031,1.01547,1.01569,1.50,1.60
2012.07.26 13:04:08.093,1.01547,1.01569,2.16,1.60
2012.07.26 13:04:08.441,1.01547,1.0157,1.50,2.12
2012.07.26 13:04:08.610,1.01545,1.01569,2.16,1.60
2012.07.26 13:04:08.998,1.01545,1.01569,2.16,1.60
2012.07.26 13:04:09.530,1.01545,1.01567,2.16,1.50
2012.07.26 13:04:10.059,1.01544,1.01566,1.04,1.50
2012.07.26 13:04:10.310,1.01544,1.01566,1.04,1.60
2012.07.26 13:04:10.678,1.01544,1.01561,1.04,1.50
2012.07.26 13:04:11.201,1.01541,1.01563,1.88,2.27
2012.07.26 13:04:11.543,1.01541,1.01563,1.50,2.27
2012.07.26 13:04:11.943,1.01541,1.01563,2.16,2.18
2012.07.26 13:04:12.056,1.01543,1.01567,2.16,3.10
2012.07.26 13:04:12.659,1.01541,1.01563,3.66,1.50
2012.07.26 13:04:13.195,1.01538,1.0156,2.16,1.50
2012.07.26 13:04:13.539,1.0154,1.01562,2.16,1.50
2012.07.26 13:04:13.884,1.01543,1.01562,1.04,1.50
2012.07.26 13:04:13.999,1.01543,1.01565,1.04,1.50
2012.07.26 13:04:14.059,1.01543,1.01566,1.04,1.60
2012.07.26 13:04:14.173,1.01543,1.01566,1.04,1.50
2012.07.26 13:04:14.396,1.01549,1.01568,1.26,1.50
2012.07.26 13:04:14.677,1.01552,1.01573,1.50,1.60
2012.07.26 13:04:14.792,1.01549,1.01569,1.04,1.50
2012.07.26 13:04:15.199,1.01549,1.01572,2.16,2.27
2012.07.26 13:04:15.424,1.01552,1.01572,1.50,2.27
2012.07.26 13:04:15.772,1.0155,1.01572,3.00,2.27
2012.07.26 13:04:16.198,1.01551,1.01572,2.16,2.18
2012.07.26 13:04:16.528,1.01549,1.01572,2.16,2.18
2012.07.26 13:04:16.587,1.01549,1.01572,2.16,2.18
2012.07.26 13:04:16.864,1.01546,1.0157,2.16,1.50
2012.07.26 13:04:17.182,1.01546,1.0157,2.16,1.60
2012.07.26 13:04:17.463,1.01546,1.0157,2.16,1.50
2012.07.26 13:04:17.700,1.01546,1.0157,2.16,1.60
2012.07.26 13:04:18.228,1.01545,1.01569,2.16,1.60
2012.07.26 13:04:18.778,1.01548,1.0157,1.50,1.60
2012.07.26 13:04:19.207,1.01548,1.0157,1.50,1.60
2012.07.26 13:04:19.796,1.01548,1.0157,1.50,1.60
2012.07.26 13:04:20.053,1.01545,1.01567,1.50,1.60
2012.07.26 13:04:22.145,1.01543,1.01565,2.16,1.60
2012.07.26 13:04:22.313,1.01543,1.01565,2.16,1.50
2012.07.26 13:04:22.766,1.01544,1.01568,2.16,1.60
2012.07.26 13:04:24.132,1.0154,1.01562,2.16,1.50
2012.07.26 13:04:24.299,1.0154,1.01562,2.16,1.60
2012.07.26 13:04:25.458,1.01543,1.01566,1.50,1.60
2012.07.26 13:04:25.583,1.01545,1.01566,1.50,1.60
2012.07.26 13:04:25.807,1.01543,1.01566,2.16,1.60
2012.07.26 13:04:26.029,1.0154,1.01564,2.16,2.35
2012.07.26 13:04:26.557,1.01541,1.01563,1.50,2.27
2012.07.26 13:04:26.725,1.01541,1.01565,1.50,1.60
2012.07.26 13:04:26.851,1.01541,1.01565,1.50,1.60
2012.07.26 13:04:27.128,1.01535,1.01557,2.16,1.60
2012.07.26 13:04:27.687,1.01535,1.01557,1.50,3.10
2012.07.26 13:04:28.278,1.01533,1.01555,2.16,1.60
2012.07.26 13:04:28.818,1.01535,1.01559,1.50,2.20
2012.07.26 13:04:29.153,1.01533,1.01554,2.16,1.50
2012.07.26 13:04:29.222,1.01532,1.01554,1.50,1.60
2012.07.26 13:04:29.282,1.01529,1.01553,3.66,1.60
2012.07.26 13:04:29.559,1.01529,1.01553,2.16,1.50
2012.07.26 13:04:29.875,1.01531,1.01555,2.16,1.50
2012.07.26 13:04:30.817,1.01531,1.01555,1.50,1.60
2012.07.26 13:04:31.626,1.01531,1.01555,1.50,1.60
2012.07.26 13:04:32.027,1.0153,1.01549,1.50,1.60
2012.07.26 13:04:32.107,1.01525,1.01549,1.50,1.60
2012.07.26 13:04:32.443,1.01525,1.01549,2.16,1.60
2012.07.26 13:04:32.996,1.01529,1.01551,1.50,1.60
2012.07.26 13:04:33.055,1.01529,1.01551,1.50,1.60
2012.07.26 13:04:33.826,1.0153,1.01554,1.50,1.60
2012.07.26 13:04:35.321,1.01528,1.0155,1.50,1.60
2012.07.26 13:04:37.322,1.01524,1.01548,2.16,1.50
2012.07.26 13:04:37.436,1.01524,1.01548,2.16,1.60
2012.07.26 13:04:38.958,1.01523,1.01545,3.66,1.50
2012.07.26 13:04:39.466,1.01523,1.01545,2.16,1.60
2012.07.26 13:04:40.006,1.01525,1.01547,1.50,1.60
2012.07.26 13:04:40.523,1.01525,1.01549,1.50,1.60
2012.07.26 13:04:41.050,1.01525,1.01547,1.50,1.60
2012.07.26 13:04:41.543,1.01519,1.01543,2.54,1.60
2012.07.26 13:04:42.508,1.01523,1.01545,1.50,3.10
2012.07.26 13:04:43.124,1.01521,1.01542,1.50,1.50
2012.07.26 13:04:43.734,1.0152,1.01542,2.16,1.50
2012.07.26 13:04:44.442,1.01521,1.01544,1.50,1.60
2012.07.26 13:04:45.017,1.0152,1.01542,3.66,1.50
2012.07.26 13:04:45.852,1.0152,1.01542,2.16,1.60
2012.07.26 13:04:46.716,1.01517,1.0154,3.66,1.60
2012.07.26 13:04:47.353,1.01518,1.01542,2.16,1.60
2012.07.26 13:04:47.889,1.01519,1.01543,2.16,2.27
2012.07.26 13:04:48.445,1.01519,1.01543,2.76,2.27
2012.07.26 13:04:48.781,1.0152,1.01544,2.76,1.60
2012.07.26 13:04:49.004,1.01526,1.01546,1.50,1.60
2012.07.26 13:04:49.280,1.0153,1.01552,1.50,2.27
2012.07.26 13:04:49.693,1.01527,1.01551,2.16,1.60
2012.07.26 13:04:50.482,1.01529,1.01551,1.50,1.60
2012.07.26 13:04:50.920,1.01529,1.01551,1.50,1.60
2012.07.26 13:04:50.979,1.01529,1.01551,1.50,1.60
2012.07.26 13:04:51.039,1.01529,1.01551,1.50,1.60
2012.07.26 13:04:51.688,1.01527,1.01549,2.25,1.60
2012.07.26 13:04:51.999,1.01531,1.01549,2.39,1.50
2012.07.26 13:04:52.350,1.01534,1.01549,2.16,1.50
2012.07.26 13:04:52.410,1.01537,1.01559,2.16,1.60
2012.07.26 13:04:52.938,1.01536,1.0156,2.16,2.35
2012.07.26 13:04:53.051,1.01538,1.01561,1.50,2.35
2012.07.26 13:04:53.389,1.0154,1.01565,3.00,1.60
2012.07.26 13:04:53.690,1.01542,1.01567,2.16,1.97
2012.07.26 13:04:53.914,1.01542,1.01566,2.16,1.97
2012.07.26 13:04:54.030,1.01541,1.01565,1.50,1.60
2012.07.26 13:04:54.144,1.01541,1.01565,1.50,1.60
2012.07.26 13:04:54.257,1.01541,1.01565,2.16,1.60
2012.07.26 13:04:54.425,1.01538,1.0156,2.16,1.50
2012.07.26 13:04:54.557,1.01535,1.01559,2.16,1.50
2012.07.26 13:04:55.075,1.01538,1.0156,1.50,2.95
2012.07.26 13:04:55.188,1.01538,1.0156,1.50,2.95
2012.07.26 13:04:56.196,1.0153,1.01555,2.16,1.50
2012.07.26 13:04:56.600,1.01526,1.01549,2.16,1.50
2012.07.26 13:04:56.661,1.01529,1.01551,2.16,1.60
2012.07.26 13:04:56.963,1.01537,1.01559,1.50,1.60
2012.07.26 13:04:57.131,1.01533,1.01557,1.50,1.60
2012.07.26 13:04:57.524,1.01534,1.01558,1.50,1.60
2012.07.26 13:04:57.748,1.01529,1.01551,2.16,1.50
2012.07.26 13:04:57.863,1.01532,1.01554,2.16,1.50
2012.07.26 13:04:58.031,1.0153,1.01552,2.16,1.50
2012.07.26 13:04:58.459,1.01532,1.01554,2.16,1.60
2012.07.26 13:04:58.976,1.01532,1.01554,2.16,1.50
2012.07.26 13:04:59.036,1.01532,1.01554,1.50,1.60
2012.07.26 13:04:59.259,1.01529,1.0155,1.50,1.50
2012.07.26 13:04:59.374,1.0153,1.01553,1.50,2.27
2012.07.26 13:04:59.899,1.01529,1.01551,2.16,1.50
2012.07.26 13:05:00.125,1.01529,1.01551,2.16,1.50
2012.07.26 13:05:00.537,1.01531,1.01553,2.16,1.50
2012.07.26 13:05:00.666,1.01533,1.01555,1.50,1.50
2012.07.26 13:05:01.006,1.01536,1.01558,1.50,1.60
2012.07.26 13:05:01.338,1.01545,1.01558,2.10,1.60
2012.07.26 13:05:01.398,1.01545,1.01558,2.10,1.50
2012.07.26 13:05:01.460,1.01549,1.01564,1.35,1.60
2012.07.26 13:05:01.520,1.01546,1.0156,1.35,1.60
2012.07.26 13:05:01.590,1.01549,1.0156,2.10,1.60
2012.07.26 13:05:01.826,1.0156,1.01575,2.10,1.50
2012.07.26 13:05:01.939,1.0156,1.01572,2.10,2.25
2012.07.26 13:05:02.063,1.01552,1.01569,1.35,1.50
2012.07.26 13:05:02.123,1.01564,1.01572,1.50,2.10
2012.07.26 13:05:02.474,1.01549,1.01583,1.35,1.15
2012.07.26 13:05:02.590,1.01566,1.01583,1.50,1.15
2012.07.26 13:05:02.704,1.01546,1.01585,1.35,1.15
2012.07.26 13:05:03.241,1.0155,1.01578,1.50,1.60
2012.07.26 13:05:03.312,1.01546,1.01578,1.20,1.60
2012.07.26 13:05:03.593,1.01552,1.01574,1.50,1.50
2012.07.26 13:05:04.001,1.0155,1.01574,1.50,1.50
2012.07.26 13:05:04.225,1.01547,1.01567,1.50,1.60
2012.07.26 13:05:04.339,1.01545,1.01567,2.25,1.60
2012.07.26 13:05:04.671,1.01545,1.01567,2.25,1.60
2012.07.26 13:05:04.949,1.01545,1.01566,2.25,1.60
2012.07.26 13:05:05.018,1.01545,1.01566,2.25,1.60
2012.07.26 13:05:05.533,1.01546,1.01568,2.25,1.60
2012.07.26 13:05:05.757,1.01548,1.01572,1.50,1.60
2012.07.26 13:05:05.872,1.01548,1.01572,1.50,1.60
2012.07.26 13:05:06.616,1.01548,1.01572,1.50,1.60
2012.07.26 13:05:06.743,1.01552,1.01574,1.50,1.60
2012.07.26 13:05:07.171,1.01554,1.01576,1.50,3.10
2012.07.26 13:05:07.539,1.01554,1.01576,2.16,1.50
2012.07.26 13:05:07.879,1.01554,1.01576,2.16,1.50
2012.07.26 13:05:08.394,1.01554,1.01576,2.16,1.50
2012.07.26 13:05:08.508,1.01554,1.01576,2.16,1.50
2012.07.26 13:05:08.677,1.01551,1.01573,2.16,1.50
2012.07.26 13:05:08.990,1.01551,1.01573,2.16,1.50
2012.07.26 13:05:09.504,1.01548,1.01572,2.16,4.05
2012.07.26 13:05:09.619,1.01548,1.0157,2.16,1.50
2012.07.26 13:05:10.217,1.01548,1.0157,2.16,1.50
2012.07.26 13:05:10.447,1.01548,1.0157,2.16,3.38
2012.07.26 13:05:10.507,1.01548,1.0157,2.16,3.00
2012.07.26 13:05:10.566,1.01548,1.0157,1.50,3.00
2012.07.26 13:05:10.626,1.01548,1.0157,2.16,3.83
2012.07.26 13:05:11.069,1.01544,1.01561,2.16,1.50
2012.07.26 13:05:11.293,1.01542,1.01564,2.16,1.50
2012.07.26 13:05:11.475,1.01547,1.01567,2.16,1.88
2012.07.26 13:05:11.590,1.01543,1.01567,2.16,3.38
2012.07.26 13:05:11.814,1.01544,1.01567,2.16,1.50
2012.07.26 13:05:11.874,1.01545,1.01569,2.16,1.50
2012.07.26 13:05:12.044,1.01547,1.01571,2.16,1.50
2012.07.26 13:05:12.491,1.01547,1.01571,3.68,1.97
2012.07.26 13:05:12.606,1.01546,1.0157,1.50,1.60
2012.07.26 13:05:12.720,1.01546,1.0157,1.50,1.60
2012.07.26 13:05:12.834,1.01542,1.01566,1.50,1.60
2012.07.26 13:05:13.057,1.01544,1.01568,1.50,1.60
2012.07.26 13:05:13.468,1.01542,1.01565,3.66,1.50
2012.07.26 13:05:13.784,1.01541,1.01563,2.16,1.50
2012.07.26 13:05:14.122,1.01539,1.0156,1.04,1.50
2012.07.26 13:05:14.492,1.01542,1.01566,2.16,1.50
2012.07.26 13:05:14.793,1.01543,1.01565,1.50,1.50
2012.07.26 13:05:15.049,1.01545,1.01567,1.50,1.50
2012.07.26 13:05:15.421,1.01547,1.01569,1.50,1.50
2012.07.26 13:05:15.829,1.01545,1.01567,1.50,1.50
2012.07.26 13:05:16.272,1.01545,1.01567,1.50,1.60
2012.07.26 13:05:16.387,1.01545,1.01567,1.50,1.60
2012.07.26 13:05:16.686,1.01546,1.0157,1.50,1.60
2012.07.26 13:05:17.017,1.01546,1.0157,1.50,1.88
2012.07.26 13:05:17.186,1.01542,1.01564,2.16,1.50
2012.07.26 13:05:17.518,1.01543,1.01567,1.50,1.88
2012.07.26 13:05:17.730,1.01543,1.01562,1.50,2.18
2012.07.26 13:05:18.451,1.01543,1.01562,1.50,2.27
2012.07.26 13:05:18.620,1.01541,1.01562,1.50,1.60
2012.07.26 13:05:18.869,1.01543,1.01564,1.50,1.60
2012.07.26 13:05:18.928,1.01546,1.01568,1.50,1.97
2012.07.26 13:05:19.170,1.01546,1.01568,1.50,1.97
2012.07.26 13:05:19.285,1.01541,1.01563,1.50,2.18
2012.07.26 13:05:19.351,1.01539,1.01563,3.00,3.68
2012.07.26 13:05:20.142,1.01538,1.0156,1.50,1.50
2012.07.26 13:05:20.488,1.01534,1.01557,2.63,1.50
2012.07.26 13:05:20.549,1.01534,1.01557,1.50,1.50
2012.07.26 13:05:22.085,1.01534,1.01557,3.00,1.60
2012.07.26 13:05:22.364,1.01531,1.01556,2.25,1.60
2012.07.26 13:05:22.699,1.01534,1.01557,1.50,1.88
2012.07.26 13:05:22.760,1.01535,1.01559,1.50,1.60
2012.07.26 13:05:22.821,1.01537,1.0156,1.50,1.60
2012.07.26 13:05:22.881,1.01537,1.0156,2.25,1.50
2012.07.26 13:05:23.420,1.01539,1.0156,1.50,1.60
2012.07.26 13:05:23.480,1.01535,1.01558,1.50,1.50
2012.07.26 13:05:24.268,1.01535,1.01558,1.50,1.60
2012.07.26 13:05:24.771,1.01533,1.01555,1.50,1.50
2012.07.26 13:05:24.830,1.01531,1.01554,1.50,1.50
2012.07.26 13:05:24.999,1.01533,1.01555,1.50,1.50
2012.07.26 13:05:25.968,1.0153,1.01554,1.50,1.50
2012.07.26 13:05:26.040,1.01533,1.01555,1.50,3.00
2012.07.26 13:05:26.298,1.0153,1.01553,1.50,1.50
2012.07.26 13:05:26.611,1.01533,1.01555,1.50,3.00
2012.07.26 13:05:27.072,1.01531,1.01553,1.50,1.50
2012.07.26 13:05:27.412,1.01538,1.01562,1.50,1.88
2012.07.26 13:05:27.877,1.01535,1.0156,3.00,1.50
2012.07.26 13:05:27.991,1.01535,1.01559,1.50,1.13
2012.07.26 13:05:28.160,1.01532,1.01557,1.50,1.97
2012.07.26 13:05:28.219,1.01534,1.01556,1.50,1.50
2012.07.26 13:05:28.634,1.01532,1.01555,1.50,1.50
2012.07.26 13:05:28.747,1.0153,1.01552,1.50,1.50
2012.07.26 13:05:29.080,1.0153,1.01552,1.50,4.75
2012.07.26 13:05:30.044,1.0153,1.01552,1.50,1.88
2012.07.26 13:05:30.580,1.01531,1.01555,1.50,1.88
2012.07.26 13:05:30.655,1.01531,1.01555,1.50,1.50
2012.07.26 13:05:30.716,1.01534,1.01556,1.50,1.88
2012.07.26 13:05:31.063,1.01531,1.01553,1.50,1.50
2012.07.26 13:05:33.084,1.01531,1.01553,1.50,3.10
2012.07.26 13:05:33.338,1.01527,1.01551,1.50,1.60
2012.07.26 13:05:33.843,1.01527,1.01551,1.50,1.50
2012.07.26 13:05:33.904,1.01529,1.01551,1.50,1.50
2012.07.26 13:05:33.978,1.0153,1.01554,1.50,1.60
2012.07.26 13:05:34.722,1.0153,1.01552,1.50,2.18
2012.07.26 13:05:35.126,1.01532,1.01555,1.50,1.60
2012.07.26 13:05:35.516,1.01532,1.01556,1.50,1.50
2012.07.26 13:05:36.283,1.01531,1.01553,1.50,1.50
2012.07.26 13:05:37.387,1.01532,1.01556,1.50,1.60
2012.07.26 13:05:37.499,1.01531,1.01552,1.50,1.50
2012.07.26 13:05:37.723,1.01532,1.01554,1.50,3.10
2012.07.26 13:05:37.838,1.01532,1.01552,1.50,2.18
2012.07.26 13:05:38.006,1.01532,1.01554,2.25,1.50
2012.07.26 13:05:38.651,1.01531,1.01555,1.50,1.60
2012.07.26 13:05:38.711,1.01535,1.01557,1.50,3.47
2012.07.26 13:05:38.770,1.01535,1.01557,1.50,3.47
2012.07.26 13:05:38.884,1.01535,1.01557,1.50,1.97
2012.07.26 13:05:40.411,1.01535,1.01552,1.50,2.78
2012.07.26 13:05:40.471,1.01532,1.01552,1.50,2.87
2012.07.26 13:05:40.695,1.01525,1.01549,1.50,1.50
2012.07.26 13:05:40.920,1.01528,1.0155,1.50,1.60
2012.07.26 13:05:41.250,1.01523,1.01545,2.25,1.50
2012.07.26 13:05:42.133,1.01524,1.01546,2.25,1.50
2012.07.26 13:05:42.248,1.01528,1.0155,1.50,1.50
2012.07.26 13:05:43.018,1.01531,1.01553,1.50,1.88
2012.07.26 13:05:43.244,1.01532,1.01553,1.50,1.50
2012.07.26 13:05:43.413,1.01526,1.01551,1.50,1.60
2012.07.26 13:05:43.915,1.01525,1.01547,1.50,1.60
2012.07.26 13:05:44.643,1.01525,1.01546,1.50,1.50
2012.07.26 13:05:44.702,1.01522,1.01546,1.50,1.50
2012.07.26 13:05:45.047,1.01528,1.01548,1.50,1.97
2012.07.26 13:05:45.546,1.01531,1.01553,1.50,1.07
2012.07.26 13:05:45.724,1.01526,1.0155,1.50,1.97
2012.07.26 13:05:46.639,1.01526,1.0155,1.50,1.97
2012.07.26 13:05:47.143,1.01525,1.01547,1.50,1.60
2012.07.26 13:05:47.660,1.01524,1.01548,1.50,2.57
2012.07.26 13:05:47.720,1.01524,1.01547,1.50,1.07
2012.07.26 13:05:48.271,1.01524,1.01547,2.16,1.88
2012.07.26 13:05:48.847,1.01523,1.01546,1.50,1.50
2012.07.26 13:05:49.920,1.01521,1.01545,2.91,1.50
2012.07.26 13:05:49.980,1.01524,1.01546,1.50,3.10
2012.07.26 13:05:50.687,1.01527,1.01551,1.50,1.97
2012.07.26 13:05:50.863,1.01525,1.01549,1.50,1.97
2012.07.26 13:05:50.976,1.01525,1.01549,1.50,1.60
2012.07.26 13:05:51.205,1.01525,1.01549,1.50,1.60
2012.07.26 13:05:51.320,1.01527,1.01549,1.41,1.50
2012.07.26 13:05:51.381,1.01523,1.01545,3.66,1.50
2012.07.26 13:05:51.659,1.01525,1.01547,1.50,1.60
2012.07.26 13:05:51.728,1.01523,1.01547,1.50,1.60
2012.07.26 13:05:53.948,1.01523,1.01547,2.25,1.60
2012.07.26 13:05:54.474,1.01527,1.01549,1.50,1.60
2012.07.26 13:05:54.534,1.01527,1.01549,1.50,1.60
2012.07.26 13:05:55.044,1.01529,1.01551,1.50,1.97
2012.07.26 13:05:55.321,1.01527,1.01549,3.00,1.60
2012.07.26 13:05:55.381,1.01527,1.01549,3.00,1.97
2012.07.26 13:05:55.686,1.01527,1.01543,1.50,1.50
2012.07.26 13:05:55.854,1.01521,1.01543,3.00,1.50
2012.07.26 13:05:55.914,1.01524,1.01546,1.50,1.88
2012.07.26 13:05:57.622,1.01525,1.01548,1.50,1.50
2012.07.26 13:05:57.792,1.01523,1.01546,1.50,1.50
2012.07.26 13:05:58.457,1.01522,1.01544,1.50,1.50
2012.07.26 13:05:58.570,1.01522,1.01547,1.50,1.50
2012.07.26 13:05:58.718,1.01524,1.01547,1.50,1.50
2012.07.26 13:05:59.178,1.01526,1.01549,1.50,1.50
2012.07.26 13:06:00.130,1.01527,1.01549,1.50,1.50
2012.07.26 13:06:00.462,1.01525,1.01548,1.50,1.50
2012.07.26 13:06:00.522,1.01528,1.01548,1.50,1.50
2012.07.26 13:06:00.581,1.0153,1.01553,1.50,3.10
2012.07.26 13:06:00.749,1.01529,1.01551,1.50,1.50
2012.07.26 13:06:00.842,1.01527,1.0155,1.50,1.50
2012.07.26 13:06:00.981,1.01526,1.0155,2.25,1.60
2012.07.26 13:06:01.885,1.01526,1.0155,2.25,1.60
2012.07.26 13:06:02.435,1.01526,1.0155,2.25,1.60
2012.07.26 13:06:02.688,1.01526,1.0155,2.25,1.60
2012.07.26 13:06:04.987,1.01526,1.0155,2.25,1.60
2012.07.26 13:06:05.867,1.01526,1.0155,1.50,1.60
2012.07.26 13:06:06.120,1.01528,1.0155,1.50,1.60
2012.07.26 13:06:06.453,1.01538,1.0156,1.50,1.60
2012.07.26 13:06:06.969,1.01538,1.0156,1.50,1.60
2012.07.26 13:06:09.133,1.01535,1.01559,1.50,1.60
2012.07.26 13:06:09.428,1.01535,1.01559,2.25,1.60
2012.07.26 13:06:09.517,1.01535,1.01559,1.50,1.60
2012.07.26 13:06:09.577,1.01538,1.0156,1.50,1.60
2012.07.26 13:06:09.690,1.0154,1.01562,1.50,1.60
2012.07.26 13:06:09.913,1.01535,1.01559,2.16,1.50
2012.07.26 13:06:10.260,1.01535,1.01557,1.50,1.50
2012.07.26 13:06:10.374,1.01531,1.01555,3.00,1.60
2012.07.26 13:06:10.594,1.01536,1.01555,1.50,1.60
2012.07.26 13:06:10.815,1.01534,1.01556,1.50,1.60
2012.07.26 13:06:11.332,1.01533,1.01557,2.16,1.60
2012.07.26 13:06:11.846,1.01532,1.01554,2.16,1.50
2012.07.26 13:06:12.376,1.01531,1.01555,2.16,1.50
2012.07.26 13:06:12.898,1.01535,1.01559,1.50,1.60
2012.07.26 13:06:13.478,1.01533,1.01557,2.16,1.60
2012.07.26 13:06:15.229,1.01535,1.01559,1.50,1.60
2012.07.26 13:06:15.424,1.01533,1.01557,1.50,1.60
2012.07.26 13:06:15.815,1.01535,1.01559,1.50,1.60
2012.07.26 13:06:17.277,1.01535,1.01559,2.25,1.60
2012.07.26 13:06:17.973,1.01535,1.01557,1.50,1.60
2012.07.26 13:06:18.502,1.01533,1.01555,2.16,1.50
2012.07.26 13:06:18.830,1.01537,1.01561,1.50,1.60
2012.07.26 13:06:19.161,1.01534,1.01558,2.16,1.60
2012.07.26 13:06:19.491,1.01534,1.01558,1.50,1.60
2012.07.26 13:06:19.802,1.01532,1.01556,1.50,1.60
2012.07.26 13:06:20.560,1.01531,1.01553,1.50,1.60
2012.07.26 13:06:20.784,1.01534,1.01553,1.50,1.60
2012.07.26 13:06:20.844,1.01535,1.01559,1.50,1.60
2012.07.26 13:06:21.179,1.01531,1.01555,3.75,1.60
2012.07.26 13:06:21.602,1.01535,1.01556,1.50,1.60
2012.07.26 13:06:21.805,1.01533,1.01557,3.00,1.60
2012.07.26 13:06:22.328,1.01533,1.01557,1.50,1.60
2012.07.26 13:06:22.442,1.01533,1.01557,1.50,1.60
2012.07.26 13:06:25.026,1.01532,1.01553,1.50,1.50
2012.07.26 13:06:25.463,1.0153,1.01552,2.16,1.50
2012.07.26 13:06:25.524,1.01531,1.01552,1.50,1.60
2012.07.26 13:06:25.637,1.01532,1.01554,1.50,1.60
2012.07.26 13:06:25.913,1.01537,1.01559,1.50,1.60
2012.07.26 13:06:26.437,1.01537,1.01562,1.50,1.97
2012.07.26 13:06:26.737,1.01533,1.01557,1.50,1.60
2012.07.26 13:06:27.078,1.01537,1.0156,1.50,1.60
2012.07.26 13:06:27.414,1.01537,1.0156,1.50,1.60
2012.07.26 13:06:27.959,1.01537,1.0156,1.50,1.60
2012.07.26 13:06:29.938,1.01537,1.0156,1.50,1.60
2012.07.26 13:06:30.050,1.01534,1.01556,2.16,1.50
2012.07.26 13:06:30.108,1.01534,1.01556,1.50,1.60
2012.07.26 13:06:30.399,1.0153,1.01554,1.50,1.60
2012.07.26 13:06:31.051,1.01532,1.01556,1.50,1.60
2012.07.26 13:06:32.386,1.01531,1.01553,1.50,1.60
2012.07.26 13:06:33.179,1.01531,1.01553,1.50,1.60
2012.07.26 13:06:33.969,1.01531,1.01553,1.50,1.60
2012.07.26 13:06:34.601,1.01531,1.01553,1.50,1.60
2012.07.26 13:06:34.930,1.01533,1.01555,1.50,1.60
2012.07.26 13:06:35.255,1.01533,1.01557,1.50,1.60
2012.07.26 13:06:35.376,1.01532,1.01553,1.50,1.60
2012.07.26 13:06:35.683,1.01534,1.01556,1.50,3.10
2012.07.26 13:06:35.741,1.01528,1.0155,1.50,1.50
2012.07.26 13:06:35.934,1.01528,1.0155,1.50,1.60
2012.07.26 13:06:36.605,1.01524,1.01548,2.16,1.60
2012.07.26 13:06:36.719,1.01523,1.01546,1.04,1.50
2012.07.26 13:06:37.233,1.01522,1.01546,2.16,1.50
2012.07.26 13:06:37.454,1.01523,1.01546,2.16,1.50
2012.07.26 13:06:37.567,1.01527,1.01548,1.50,1.60
2012.07.26 13:06:37.626,1.01529,1.01548,1.50,1.50
2012.07.26 13:06:37.685,1.0153,1.01554,1.50,1.97
2012.07.26 13:06:37.850,1.01532,1.01554,1.50,1.60
2012.07.26 13:06:38.164,1.01535,1.01557,3.00,1.97
2012.07.26 13:06:38.505,1.01533,1.01555,1.50,1.60
2012.07.26 13:06:38.922,1.01535,1.01559,1.50,1.60
2012.07.26 13:06:39.035,1.01533,1.01557,1.50,1.60
2012.07.26 13:06:39.148,1.01535,1.01559,1.50,1.60
2012.07.26 13:06:39.260,1.01535,1.01559,1.50,1.60
2012.07.26 13:06:39.373,1.01535,1.01559,1.50,1.60
2012.07.26 13:06:39.905,1.01537,1.01561,1.50,1.97
2012.07.26 13:06:40.571,1.01535,1.01557,3.00,1.50
2012.07.26 13:06:41.136,1.01534,1.01558,2.54,1.60
2012.07.26 13:06:41.964,1.0153,1.01554,2.16,1.50
2012.07.26 13:06:42.168,1.0153,1.01554,1.50,1.60
2012.07.26 13:06:42.548,1.0153,1.01554,2.16,1.50
2012.07.26 13:06:43.597,1.01533,1.01555,2.16,1.50
2012.07.26 13:06:45.793,1.01535,1.01557,1.50,1.60
2012.07.26 13:06:46.329,1.01532,1.01556,3.66,1.50
2012.07.26 13:06:46.657,1.01532,1.01556,2.91,1.50
2012.07.26 13:06:48.206,1.01532,1.01556,1.50,1.60
2012.07.26 13:06:48.757,1.01533,1.01555,1.50,1.60
2012.07.26 13:06:49.310,1.01533,1.01555,1.50,1.60
2012.07.26 13:06:49.476,1.01531,1.01554,2.16,1.50
2012.07.26 13:06:50.302,1.01532,1.01556,1.50,1.60
2012.07.26 13:06:51.300,1.01532,1.01556,1.50,1.60
2012.07.26 13:06:51.637,1.01534,1.01559,1.50,1.60
2012.07.26 13:06:52.002,1.01533,1.01557,2.16,1.60
2012.07.26 13:06:52.170,1.01535,1.01557,1.50,1.60
2012.07.26 13:06:52.535,1.01537,1.01559,1.50,1.60
2012.07.26 13:06:52.759,1.01535,1.01557,3.00,1.60
2012.07.26 13:06:53.902,1.01536,1.01558,2.16,1.50
2012.07.26 13:06:54.017,1.01538,1.01561,1.50,1.97
2012.07.26 13:06:54.316,1.01536,1.0156,2.16,3.10
2012.07.26 13:06:54.430,1.01535,1.01557,1.50,1.60
2012.07.26 13:06:55.090,1.01532,1.01556,2.16,1.60
2012.07.26 13:06:57.242,1.01534,1.01558,2.16,1.50
2012.07.26 13:06:58.769,1.01534,1.01558,2.16,1.50
2012.07.26 13:06:59.112,1.01533,1.01555,1.50,1.60
2012.07.26 13:06:59.465,1.01533,1.01555,2.16,1.50
2012.07.26 13:07:00.447,1.01535,1.01559,1.50,1.60
2012.07.26 13:07:01.451,1.01535,1.01559,1.50,1.97
2012.07.26 13:07:01.511,1.01538,1.01559,1.50,1.97
2012.07.26 13:07:01.843,1.01534,1.01558,1.50,2.20
2012.07.26 13:07:02.174,1.01528,1.01552,1.50,1.60
2012.07.26 13:07:02.389,1.01532,1.01554,1.50,3.10
2012.07.26 13:07:02.741,1.01532,1.01554,1.50,1.60
2012.07.26 13:07:02.908,1.0153,1.01553,1.50,1.60
2012.07.26 13:07:03.076,1.01528,1.01552,1.50,1.60
2012.07.26 13:07:03.590,1.01525,1.0155,2.25,1.60
2012.07.26 13:07:04.110,1.01525,1.0155,1.50,1.60
2012.07.26 13:07:04.278,1.01527,1.0155,1.50,1.60
2012.07.26 13:07:04.690,1.0153,1.01552,1.50,1.97
2012.07.26 13:07:05.000,1.0153,1.01552,2.25,1.97
2012.07.26 13:07:05.223,1.01528,1.0155,1.50,3.10
2012.07.26 13:07:05.471,1.01525,1.01549,2.25,1.60
2012.07.26 13:07:05.975,1.01525,1.01549,1.50,1.60
2012.07.26 13:07:06.361,1.01527,1.01551,1.50,1.97
2012.07.26 13:07:06.475,1.01524,1.01547,1.50,1.60
2012.07.26 13:07:06.679,1.01524,1.01547,1.50,1.60
2012.07.26 13:07:06.957,1.01521,1.01544,2.25,1.60
2012.07.26 13:07:07.494,1.01523,1.01548,2.16,1.97
2012.07.26 13:07:08.451,1.01524,1.01547,1.50,1.60
2012.07.26 13:07:09.079,1.01525,1.01549,1.50,1.60
2012.07.26 13:07:09.146,1.01528,1.0155,1.50,1.60
2012.07.26 13:07:10.262,1.01524,1.01548,2.16,1.60
2012.07.26 13:07:10.904,1.01523,1.01545,2.16,1.50
2012.07.26 13:07:10.964,1.01523,1.01545,1.50,1.60
2012.07.26 13:07:11.132,1.01521,1.01543,1.50,1.60
2012.07.26 13:07:11.355,1.01524,1.01548,1.50,1.60
2012.07.26 13:07:11.524,1.01528,1.01549,1.50,1.60
2012.07.26 13:07:11.695,1.01525,1.01549,1.50,1.60
2012.07.26 13:07:13.277,1.01524,1.01546,3.66,1.50
2012.07.26 13:07:13.688,1.01524,1.01546,1.50,1.60
2012.07.26 13:07:13.861,1.01521,1.01545,3.00,1.60
2012.07.26 13:07:14.029,1.01519,1.01543,2.16,1.60
2012.07.26 13:07:14.230,1.01519,1.01543,2.16,1.50
2012.07.26 13:07:14.290,1.01523,1.01545,2.16,1.50
2012.07.26 13:07:15.215,1.01524,1.01548,2.16,1.60
2012.07.26 13:07:15.912,1.01523,1.01545,2.16,1.50
2012.07.26 13:07:16.004,1.01523,1.01545,1.50,1.60
2012.07.26 13:07:16.119,1.01523,1.01545,1.50,1.60
2012.07.26 13:07:17.365,1.01523,1.01545,2.25,1.60
2012.07.26 13:07:17.660,1.01523,1.01545,1.50,1.50
2012.07.26 13:07:18.101,1.01521,1.01545,2.16,1.50
2012.07.26 13:07:18.642,1.01524,1.01546,2.54,1.50
2012.07.26 13:07:18.702,1.01528,1.01548,1.50,1.60
2012.07.26 13:07:19.343,1.01527,1.01549,1.41,1.60
2012.07.26 13:07:20.610,1.01526,1.01547,1.41,1.50
2012.07.26 13:07:20.777,1.01523,1.01547,1.50,1.60
2012.07.26 13:07:21.296,1.01524,1.01548,2.16,3.10
2012.07.26 13:07:21.628,1.01523,1.01546,2.16,1.50
2012.07.26 13:07:21.806,1.01523,1.01546,1.50,1.60
2012.07.26 13:07:22.103,1.01526,1.01548,1.50,1.60
2012.07.26 13:07:23.354,1.01524,1.01549,2.16,1.60
2012.07.26 13:07:23.415,1.01524,1.01549,1.50,1.60
2012.07.26 13:07:23.678,1.01522,1.01543,2.25,1.50
2012.07.26 13:07:23.848,1.0152,1.01542,2.16,1.50
2012.07.26 13:07:23.907,1.0152,1.01544,2.16,1.60
2012.07.26 13:07:24.339,1.0152,1.01545,2.16,1.60
2012.07.26 13:07:25.001,1.0152,1.01545,2.16,1.60
2012.07.26 13:07:25.126,1.01522,1.01546,1.50,1.60
2012.07.26 13:07:25.727,1.01524,1.01545,1.50,1.60
2012.07.26 13:07:26.330,1.01525,1.01547,1.50,1.60
2012.07.26 13:07:26.635,1.01523,1.01545,1.50,1.60
2012.07.26 13:07:29.018,1.01525,1.01549,1.50,1.60
2012.07.26 13:07:29.131,1.01525,1.01549,1.50,1.60
2012.07.26 13:07:30.180,1.01524,1.01545,1.50,1.50
2012.07.26 13:07:30.294,1.0152,1.01543,1.41,1.60
2012.07.26 13:07:30.820,1.01521,1.01542,1.41,1.50
2012.07.26 13:07:30.989,1.01523,1.01547,2.16,1.60
2012.07.26 13:07:31.589,1.01523,1.01547,2.16,1.50
2012.07.26 13:07:31.715,1.01523,1.01547,2.16,1.60
2012.07.26 13:07:32.246,1.01524,1.01547,1.79,1.60
2012.07.26 13:07:32.695,1.01528,1.0155,1.50,1.60
2012.07.26 13:07:33.463,1.01528,1.0155,2.25,1.60
2012.07.26 13:07:34.037,1.01528,1.0155,2.25,1.60
2012.07.26 13:07:34.424,1.01528,1.0155,1.50,1.60
2012.07.26 13:07:36.353,1.01528,1.0155,3.68,1.60
2012.07.26 13:07:36.467,1.01528,1.0155,3.68,1.60
2012.07.26 13:07:36.579,1.01528,1.0155,1.50,1.60
2012.07.26 13:07:36.669,1.01528,1.0155,2.16,1.50
2012.07.26 13:07:36.883,1.01531,1.01553,1.50,1.60
2012.07.26 13:07:37.916,1.01528,1.01551,2.16,1.60
2012.07.26 13:07:38.793,1.01527,1.01551,2.91,1.60
2012.07.26 13:07:40.360,1.01528,1.01551,1.04,1.50
2012.07.26 13:07:41.512,1.0153,1.01554,2.16,1.60
2012.07.26 13:07:41.679,1.0153,1.01554,2.91,1.60
2012.07.26 13:07:42.205,1.01531,1.01551,1.41,1.50
2012.07.26 13:07:42.708,1.01529,1.01551,2.54,1.50
2012.07.26 13:07:42.851,1.01529,1.01551,2.54,1.50
2012.07.26 13:07:43.019,1.01529,1.01551,2.16,1.50
2012.07.26 13:07:43.529,1.01528,1.01552,2.16,1.60
2012.07.26 13:07:44.367,1.01528,1.01552,2.16,1.60
2012.07.26 13:07:44.599,1.01528,1.01552,2.16,1.60
2012.07.26 13:07:44.766,1.01528,1.01552,2.16,1.60
2012.07.26 13:07:44.999,1.01528,1.01552,1.50,1.60
2012.07.26 13:07:45.613,1.01526,1.0155,2.91,1.60
2012.07.26 13:07:46.275,1.01529,1.0155,1.04,1.50
2012.07.26 13:07:46.504,1.01527,1.0155,2.24,1.50
2012.07.26 13:07:46.565,1.01529,1.0155,1.04,1.50
2012.07.26 13:07:46.801,1.01531,1.01553,1.19,1.50
2012.07.26 13:07:46.917,1.01535,1.01557,1.50,1.60
2012.07.26 13:07:47.573,1.01535,1.01557,2.16,1.50
2012.07.26 13:07:47.795,1.01535,1.01557,1.50,1.60
2012.07.26 13:07:47.909,1.01535,1.01557,2.16,1.50
2012.07.26 13:07:48.132,1.01538,1.01561,5.84,1.50
2012.07.26 13:07:48.246,1.0154,1.01563,2.16,1.50
2012.07.26 13:07:49.089,1.01541,1.01566,2.16,1.60
2012.07.26 13:07:51.395,1.01541,1.01562,1.41,1.50
2012.07.26 13:07:51.509,1.0154,1.01562,2.16,1.60
2012.07.26 13:07:52.256,1.01541,1.01564,1.50,1.60
2012.07.26 13:07:53.213,1.01542,1.01567,1.50,1.60
2012.07.26 13:07:53.610,1.0154,1.01563,2.16,1.60
2012.07.26 13:07:55.424,1.01538,1.01562,2.16,1.60
2012.07.26 13:07:55.742,1.01541,1.01563,1.50,1.60
2012.07.26 13:07:56.080,1.01544,1.01565,1.50,3.10
2012.07.26 13:07:56.690,1.01542,1.01563,1.50,1.60
2012.07.26 13:07:57.226,1.01543,1.01566,1.50,1.97
2012.07.26 13:07:57.743,1.01542,1.01563,1.50,1.60
2012.07.26 13:08:07.407,1.01541,1.01562,1.50,2.27
2012.07.26 13:08:07.467,1.01541,1.01562,1.50,2.27
2012.07.26 13:08:08.167,1.01541,1.01563,1.50,2.87
2012.07.26 13:08:08.232,1.01537,1.01558,1.50,1.60
2012.07.26 13:08:08.738,1.01537,1.01558,1.50,1.60
2012.07.26 13:08:08.854,1.01533,1.01556,1.50,1.60
2012.07.26 13:08:09.350,1.01533,1.01556,1.50,1.60
2012.07.26 13:08:09.518,1.01537,1.01558,1.50,1.60
2012.07.26 13:08:09.631,1.01537,1.01559,1.50,1.50
2012.07.26 13:08:09.690,1.01537,1.01559,1.50,1.60
2012.07.26 13:08:10.019,1.01539,1.01561,1.50,3.10
2012.07.26 13:08:10.675,1.01543,1.01563,1.50,5.27
2012.07.26 13:08:10.898,1.0154,1.01562,1.50,3.77
2012.07.26 13:08:11.202,1.01538,1.01558,1.50,1.60
2012.07.26 13:08:11.479,1.01538,1.01558,1.50,3.10
2012.07.26 13:08:11.539,1.01536,1.01556,1.50,1.60
2012.07.26 13:08:11.599,1.01536,1.01556,1.50,1.97
2012.07.26 13:08:11.658,1.01533,1.01554,1.50,1.60
2012.07.26 13:08:12.115,1.01533,1.01552,1.50,2.57
2012.07.26 13:08:12.175,1.01528,1.01549,1.50,2.20
2012.07.26 13:08:12.485,1.01528,1.01549,3.00,1.60
2012.07.26 13:08:12.546,1.0153,1.01551,1.50,1.60
2012.07.26 13:08:13.070,1.01531,1.01554,1.50,1.60
2012.07.26 13:08:13.130,1.01529,1.0155,1.50,1.60
2012.07.26 13:08:14.212,1.0153,1.01551,1.50,1.60
2012.07.26 13:08:14.325,1.01528,1.0155,1.50,1.60
2012.07.26 13:08:14.440,1.01528,1.0155,1.50,3.10
2012.07.26 13:08:14.500,1.01526,1.01548,1.50,1.60
2012.07.26 13:08:14.561,1.01526,1.01548,1.50,1.60
2012.07.26 13:08:14.676,1.01526,1.01548,3.66,1.50
2012.07.26 13:08:14.954,1.01531,1.01551,1.50,1.60
2012.07.26 13:08:17.005,1.01531,1.01551,1.50,1.60
2012.07.26 13:08:17.229,1.01521,1.01543,2.91,1.60
2012.07.26 13:08:17.451,1.01523,1.01545,1.50,1.60
2012.07.26 13:08:18.838,1.01523,1.01545,1.50,1.60
2012.07.26 13:08:18.898,1.01521,1.01543,1.50,1.60
2012.07.26 13:08:19.176,1.01524,1.01543,1.50,1.88
2012.07.26 13:08:19.510,1.01526,1.01546,1.50,1.60
2012.07.26 13:08:19.733,1.01523,1.01544,2.16,1.50
2012.07.26 13:08:20.169,1.01525,1.01546,1.50,1.60
2012.07.26 13:08:20.363,1.01521,1.01544,2.16,1.60
2012.07.26 13:08:20.907,1.01522,1.01543,1.50,2.18
2012.07.26 13:08:21.022,1.01522,1.01541,1.50,1.50
2012.07.26 13:08:21.474,1.01521,1.01541,1.50,1.60
2012.07.26 13:08:21.806,1.01524,1.01542,1.50,2.27
2012.07.26 13:08:22.319,1.01524,1.01542,1.50,2.27
2012.07.26 13:08:23.339,1.01524,1.01543,1.50,2.27
2012.07.26 13:08:23.454,1.01523,1.01539,1.50,1.15
2012.07.26 13:08:23.792,1.01521,1.01541,1.50,1.22
2012.07.26 13:08:23.963,1.01518,1.0154,1.50,1.97
2012.07.26 13:08:24.023,1.01518,1.0154,2.16,1.88
2012.07.26 13:08:24.301,1.01521,1.01543,1.50,1.97
2012.07.26 13:08:24.525,1.01526,1.01546,1.50,1.97
2012.07.26 13:08:24.694,1.01526,1.01546,1.50,1.60
2012.07.26 13:08:24.809,1.01524,1.01542,1.50,1.60
2012.07.26 13:08:24.923,1.01521,1.01542,1.50,1.60
2012.07.26 13:08:25.257,1.01523,1.01544,1.50,1.60
2012.07.26 13:08:25.846,1.01523,1.01546,1.50,1.60
2012.07.26 13:08:26.086,1.01521,1.01544,2.16,1.60
2012.07.26 13:08:26.372,1.01523,1.01544,1.50,1.60
2012.07.26 13:08:26.730,1.01525,1.01546,1.50,1.60
2012.07.26 13:08:27.122,1.01526,1.01549,1.50,1.60
2012.07.26 13:08:27.236,1.01526,1.01549,1.50,1.60
2012.07.26 13:08:27.295,1.01526,1.01549,1.50,1.60
2012.07.26 13:08:27.355,1.01524,1.01546,1.50,1.50
2012.07.26 13:08:27.739,1.01525,1.01548,1.50,1.60
2012.07.26 13:08:28.181,1.01525,1.01546,1.50,1.50
2012.07.26 13:08:28.350,1.01527,1.01547,1.50,1.50
2012.07.26 13:08:28.683,1.01525,1.01545,3.00,1.60
2012.07.26 13:08:28.960,1.01525,1.01545,1.50,1.60
2012.07.26 13:08:29.183,1.01527,1.01547,1.50,1.60
2012.07.26 13:08:29.619,1.01528,1.0155,1.50,1.60
2012.07.26 13:08:29.788,1.01527,1.01547,1.50,1.50
2012.07.26 13:08:30.363,1.01527,1.01547,2.16,1.50
2012.07.26 13:08:30.665,1.0153,1.0155,1.50,1.60
2012.07.26 13:08:30.834,1.01531,1.01553,1.50,1.60
2012.07.26 13:08:31.183,1.01529,1.01549,1.50,1.60
2012.07.26 13:08:31.898,1.0153,1.01549,1.50,1.50
2012.07.26 13:08:32.234,1.01529,1.01551,2.16,1.60
2012.07.26 13:08:32.643,1.01527,1.01547,2.16,1.50
2012.07.26 13:08:32.704,1.01527,1.01547,1.50,1.60
2012.07.26 13:08:32.872,1.01525,1.01545,2.16,1.50
2012.07.26 13:08:33.262,1.01525,1.01546,1.50,2.20
2012.07.26 13:08:33.579,1.01525,1.01542,1.50,1.60
2012.07.26 13:08:33.638,1.01518,1.0154,2.54,1.50
2012.07.26 13:08:33.755,1.0152,1.01542,1.50,3.10
2012.07.26 13:08:34.238,1.0152,1.01542,2.16,1.50
2012.07.26 13:08:34.575,1.01523,1.01545,2.16,1.50
2012.07.26 13:08:34.802,1.01524,1.01544,1.50,1.60
2012.07.26 13:08:35.282,1.01521,1.01541,2.16,1.50
2012.07.26 13:08:35.623,1.01521,1.01541,1.50,1.60
2012.07.26 13:08:37.509,1.01521,1.01541,2.16,1.50
2012.07.26 13:08:38.746,1.01521,1.01541,2.16,1.50
2012.07.26 13:08:39.022,1.01528,1.0155,1.50,2.12
2012.07.26 13:08:39.082,1.01528,1.01548,1.50,1.60
2012.07.26 13:08:41.663,1.01526,1.01546,1.50,1.60
2012.07.26 13:08:45.863,1.01528,1.01546,2.18,1.60
2012.07.26 13:08:46.198,1.01531,1.01552,2.16,3.00
2012.07.26 13:08:46.258,1.01528,1.01549,2.16,1.50
2012.07.26 13:08:46.387,1.01528,1.01549,2.16,1.50
2012.07.26 13:08:46.446,1.01528,1.01549,2.16,1.50
2012.07.26 13:08:46.506,1.01528,1.01549,1.50,1.60
2012.07.26 13:08:46.789,1.01525,1.01546,2.16,1.50
2012.07.26 13:08:48.293,1.01525,1.01544,2.16,1.50
2012.07.26 13:08:48.407,1.0152,1.01541,1.50,1.50
2012.07.26 13:08:50.728,1.01521,1.01544,1.50,2.20
2012.07.26 13:08:51.240,1.01521,1.01543,1.50,1.60
2012.07.26 13:08:51.354,1.01517,1.01539,2.16,1.50
2012.07.26 13:08:51.631,1.01518,1.01541,1.50,1.60
2012.07.26 13:08:52.315,1.01517,1.01539,2.16,1.50
2012.07.26 13:08:52.807,1.01518,1.01541,1.50,1.60
2012.07.26 13:08:53.833,1.01521,1.01542,1.50,5.27
2012.07.26 13:08:55.917,1.01519,1.0154,3.00,1.50
2012.07.26 13:08:57.088,1.01519,1.0154,1.50,1.60
2012.07.26 13:08:57.148,1.01517,1.01539,1.50,1.60
2012.07.26 13:08:57.566,1.01516,1.01536,1.50,1.50
2012.07.26 13:08:57.863,1.01515,1.01538,2.16,1.50
2012.07.26 13:08:58.401,1.01515,1.01538,2.16,1.50
2012.07.26 13:08:58.460,1.01514,1.01534,3.66,1.50
2012.07.26 13:08:58.574,1.01515,1.01536,2.16,3.00
2012.07.26 13:08:59.123,1.01517,1.01537,1.50,1.60
2012.07.26 13:08:59.640,1.01516,1.01538,1.50,1.60
2012.07.26 13:08:59.700,1.01518,1.01538,1.50,1.60
2012.07.26 13:09:00.378,1.01515,1.01532,2.16,1.50
2012.07.26 13:09:00.596,1.01516,1.01537,1.50,1.60
2012.07.26 13:09:01.395,1.01516,1.01536,1.50,1.50
2012.07.26 13:09:01.562,1.01519,1.0154,1.50,1.60
2012.07.26 13:09:01.783,1.01517,1.01539,1.50,1.60
2012.07.26 13:09:01.843,1.01517,1.01539,1.50,1.60
2012.07.26 13:09:02.726,1.01516,1.01536,1.50,1.60
2012.07.26 13:09:03.067,1.01516,1.01536,1.50,1.60
2012.07.26 13:09:03.126,1.01513,1.01535,1.50,1.60
2012.07.26 13:09:04.688,1.01513,1.01535,2.16,1.60
2012.07.26 13:09:04.749,1.01516,1.01538,1.50,2.20
2012.07.26 13:09:05.021,1.01516,1.01538,1.50,1.60
2012.07.26 13:09:05.190,1.01519,1.01539,1.50,1.60
2012.07.26 13:09:05.250,1.01519,1.01539,1.50,1.60
2012.07.26 13:09:05.510,1.01523,1.01543,1.50,2.20
2012.07.26 13:09:05.626,1.01519,1.0154,1.50,1.60
2012.07.26 13:09:05.797,1.01517,1.01537,1.50,1.50
2012.07.26 13:09:06.029,1.01518,1.01541,1.50,1.60
2012.07.26 13:09:06.527,1.01515,1.01538,1.50,1.60
2012.07.26 13:09:07.294,1.01515,1.01537,1.50,1.50
2012.07.26 13:09:07.801,1.01513,1.01536,2.16,1.50
2012.07.26 13:09:08.067,1.01517,1.01537,1.50,1.50
2012.07.26 13:09:08.129,1.01514,1.01537,3.66,1.50
2012.07.26 13:09:08.189,1.01517,1.01537,1.50,1.50
2012.07.26 13:09:08.519,1.01514,1.01537,1.50,1.60
2012.07.26 13:09:09.022,1.01516,1.01537,1.50,1.60
2012.07.26 13:09:09.952,1.01515,1.01536,1.50,1.60
2012.07.26 13:09:10.121,1.01515,1.01536,1.50,1.50
2012.07.26 13:09:10.473,1.01516,1.01539,1.50,1.60
2012.07.26 13:09:11.108,1.01514,1.01536,2.16,1.50
2012.07.26 13:09:11.441,1.01508,1.01529,2.25,1.60
2012.07.26 13:09:12.440,1.01499,1.0152,4.04,1.50
2012.07.26 13:09:12.555,1.01499,1.0152,1.88,1.60
2012.07.26 13:09:12.614,1.01497,1.01518,3.66,1.50
2012.07.26 13:09:12.782,1.01498,1.01521,2.16,3.10
2012.07.26 13:09:13.133,1.015,1.01523,1.50,1.60
2012.07.26 13:09:13.859,1.01502,1.01524,1.50,1.60
2012.07.26 13:09:13.973,1.01502,1.01525,2.16,1.50
2012.07.26 13:09:14.045,1.01502,1.01525,1.50,1.60
2012.07.26 13:09:14.214,1.01502,1.01525,1.50,1.60
2012.07.26 13:09:14.275,1.01501,1.01521,1.50,1.50
2012.07.26 13:09:14.734,1.01503,1.01523,1.50,3.10
2012.07.26 13:09:14.795,1.01498,1.0152,2.16,1.50
2012.07.26 13:09:15.342,1.01502,1.01523,1.50,1.60
2012.07.26 13:09:15.456,1.015,1.01522,2.16,1.60
2012.07.26 13:09:16.191,1.01501,1.01521,1.50,1.50
2012.07.26 13:09:16.725,1.01501,1.01524,1.50,1.60
2012.07.26 13:09:17.380,1.01502,1.01523,1.50,1.60
2012.07.26 13:09:17.931,1.01501,1.01521,1.50,1.50
2012.07.26 13:09:18.167,1.01501,1.01521,1.50,1.60
2012.07.26 13:09:18.408,1.01499,1.01522,1.50,3.77
2012.07.26 13:09:18.916,1.01495,1.01518,2.16,1.50
2012.07.26 13:09:19.291,1.01494,1.01515,2.16,1.50
2012.07.26 13:09:19.350,1.01494,1.01515,1.50,1.60
2012.07.26 13:09:19.934,1.01495,1.01518,1.50,1.60
2012.07.26 13:09:20.545,1.01497,1.01519,1.50,1.60
2012.07.26 13:09:20.967,1.015,1.01521,1.50,1.60
2012.07.26 13:09:21.033,1.01498,1.0152,1.50,1.60
2012.07.26 13:09:21.430,1.01498,1.01518,2.16,1.50
2012.07.26 13:09:21.930,1.01499,1.0152,1.50,1.60
2012.07.26 13:09:22.157,1.01496,1.01516,2.16,1.50
2012.07.26 13:09:22.532,1.01498,1.01518,1.50,1.50
2012.07.26 13:09:22.710,1.01496,1.01517,2.16,1.50
2012.07.26 13:09:23.034,1.01501,1.01518,1.50,1.50
2012.07.26 13:09:23.094,1.01501,1.01523,1.50,2.35
2012.07.26 13:09:23.447,1.01508,1.01525,1.50,1.60
2012.07.26 13:09:23.616,1.01508,1.01529,1.50,1.60
2012.07.26 13:09:23.676,1.01506,1.01527,1.50,1.60
2012.07.26 13:09:24.208,1.01504,1.01524,1.50,1.60
2012.07.26 13:09:24.540,1.01501,1.01523,1.50,1.60
2012.07.26 13:09:25.132,1.01501,1.01522,3.00,1.50
2012.07.26 13:09:25.929,1.01505,1.01525,1.50,1.50
2012.07.26 13:09:26.043,1.01505,1.01528,1.50,1.60
2012.07.26 13:09:26.264,1.01503,1.01526,3.00,1.60
2012.07.26 13:09:26.605,1.01507,1.01527,1.50,3.10
2012.07.26 13:09:27.043,1.01503,1.01525,1.50,1.60
2012.07.26 13:09:27.247,1.01503,1.01525,1.50,1.60
2012.07.26 13:09:27.580,1.01499,1.01521,1.50,1.60
2012.07.26 13:09:27.874,1.01499,1.01521,2.16,1.50
2012.07.26 13:09:28.097,1.01505,1.01525,1.50,1.60
2012.07.26 13:09:28.429,1.01508,1.01528,1.50,2.35
2012.07.26 13:09:28.489,1.01508,1.01528,1.50,1.50
2012.07.26 13:09:28.548,1.01508,1.01528,1.50,1.60
2012.07.26 13:09:28.882,1.01501,1.01522,3.00,1.60
2012.07.26 13:09:29.108,1.01499,1.0152,3.66,1.50
2012.07.26 13:09:29.384,1.015,1.01523,2.16,3.68
2012.07.26 13:09:29.915,1.01503,1.01525,1.50,1.60
2012.07.26 13:09:30.465,1.015,1.01521,1.50,1.60
2012.07.26 13:09:31.193,1.01503,1.01523,1.50,1.60
2012.07.26 13:09:31.362,1.01501,1.01524,1.50,1.60
2012.07.26 13:09:31.894,1.01501,1.01524,1.50,1.60
2012.07.26 13:09:31.955,1.01499,1.01522,1.50,1.60
2012.07.26 13:09:32.469,1.01499,1.01517,1.50,1.50
2012.07.26 13:09:32.530,1.01494,1.01516,2.16,1.50
2012.07.26 13:09:32.893,1.01497,1.01517,3.66,1.50
2012.07.26 13:09:33.007,1.015,1.0152,2.16,1.50
2012.07.26 13:09:33.120,1.01503,1.01523,1.50,1.50
2012.07.26 13:09:33.181,1.01503,1.01523,1.50,1.60
2012.07.26 13:09:33.680,1.01503,1.01523,2.16,1.50
2012.07.26 13:09:34.137,1.01505,1.01525,1.50,3.10
2012.07.26 13:09:34.577,1.01501,1.01522,1.50,2.10
2012.07.26 13:09:34.910,1.01498,1.01521,1.50,1.60
2012.07.26 13:09:35.297,1.01501,1.01522,1.50,1.60
2012.07.26 13:09:36.408,1.01503,1.01525,1.50,1.60
2012.07.26 13:09:37.172,1.015,1.01523,1.50,1.60
2012.07.26 13:09:37.232,1.015,1.01523,2.16,1.60
2012.07.26 13:09:37.292,1.01504,1.01525,1.50,1.60
2012.07.26 13:09:37.462,1.01504,1.01527,2.16,1.97
2012.07.26 13:09:37.684,1.01507,1.01527,1.50,1.50
2012.07.26 13:09:38.025,1.01499,1.01521,3.00,1.60
2012.07.26 13:09:38.355,1.01498,1.01518,1.50,1.60
2012.07.26 13:09:38.470,1.01499,1.0152,1.50,1.60
2012.07.26 13:09:38.529,1.01499,1.0152,2.16,1.50
2012.07.26 13:09:38.697,1.01505,1.01523,1.50,2.18
2012.07.26 13:09:38.757,1.01505,1.01525,1.50,1.60
2012.07.26 13:09:38.925,1.01503,1.01523,3.00,1.50
2012.07.26 13:09:39.259,1.01501,1.01519,1.50,1.60
2012.07.26 13:09:39.374,1.01497,1.01519,1.50,1.60
2012.07.26 13:09:39.433,1.01497,1.01519,1.88,1.60
2012.07.26 13:09:41.903,1.01499,1.01521,1.50,1.60
2012.07.26 13:09:42.927,1.015,1.01521,1.50,1.60
2012.07.26 13:09:43.629,1.01501,1.01523,1.50,3.77
2012.07.26 13:09:43.797,1.015,1.01522,1.50,3.77
2012.07.26 13:09:44.127,1.01496,1.01518,2.16,1.60
2012.07.26 13:09:44.241,1.01496,1.01518,1.50,3.10
2012.07.26 13:09:44.464,1.01493,1.01513,1.50,1.60
2012.07.26 13:09:45.292,1.0149,1.01512,2.16,1.50
2012.07.26 13:09:45.746,1.0149,1.01512,1.50,1.60
2012.07.26 13:09:45.969,1.01493,1.01512,1.50,1.88
2012.07.26 13:09:46.145,1.0149,1.01512,1.50,1.60
2012.07.26 13:09:46.205,1.01494,1.01514,1.50,1.60
2012.07.26 13:09:46.264,1.01492,1.01514,1.50,1.60
2012.07.26 13:09:46.987,1.01492,1.01515,1.50,1.60
2012.07.26 13:09:47.157,1.01489,1.01509,1.50,1.50
2012.07.26 13:09:47.217,1.01489,1.01509,1.50,1.60
2012.07.26 13:09:47.333,1.01489,1.01509,1.50,1.50
2012.07.26 13:09:49.387,1.01487,1.01507,3.00,1.50
2012.07.26 13:09:49.718,1.01488,1.01509,1.50,1.60
2012.07.26 13:09:50.049,1.01486,1.01508,2.16,1.50
2012.07.26 13:09:50.369,1.01488,1.01509,1.50,1.50
2012.07.26 13:09:51.492,1.01487,1.0151,2.16,1.50
2012.07.26 13:09:51.875,1.01486,1.01508,2.16,1.50
2012.07.26 13:09:52.388,1.01489,1.01509,1.50,1.60
2012.07.26 13:09:52.556,1.0149,1.01512,2.16,1.60
2012.07.26 13:09:52.938,1.01494,1.01514,1.50,1.60
2012.07.26 13:09:53.428,1.01492,1.01512,1.50,1.60
2012.07.26 13:09:53.852,1.01489,1.01509,2.16,1.50
2012.07.26 13:09:54.401,1.01491,1.01513,1.50,1.60
2012.07.26 13:09:54.461,1.01489,1.01511,2.16,1.60
2012.07.26 13:09:54.574,1.01489,1.01511,2.16,1.50
2012.07.26 13:09:55.021,1.01494,1.01515,1.50,1.60
2012.07.26 13:09:56.570,1.01497,1.01517,1.50,1.60
2012.07.26 13:09:56.780,1.01494,1.01516,3.00,1.60
2012.07.26 13:09:57.016,1.01494,1.01516,2.16,1.50
2012.07.26 13:09:57.184,1.01498,1.01518,1.50,3.10
2012.07.26 13:09:57.842,1.01498,1.01518,1.50,1.50
2012.07.26 13:09:58.441,1.01498,1.01518,3.00,1.60
2012.07.26 13:09:59.004,1.01497,1.01518,1.50,1.60
2012.07.26 13:10:00.144,1.01497,1.01518,1.50,1.60
2012.07.26 13:10:00.258,1.01499,1.01522,1.50,1.60
2012.07.26 13:10:00.567,1.01501,1.01524,1.50,1.60
2012.07.26 13:10:00.627,1.01501,1.01524,1.50,1.60
2012.07.26 13:10:00.739,1.01501,1.01524,1.50,2.35
2012.07.26 13:10:00.952,1.015,1.01522,1.50,1.60
2012.07.26 13:10:01.296,1.01499,1.01522,1.50,1.60
2012.07.26 13:10:01.464,1.01496,1.01515,1.50,1.60
2012.07.26 13:10:01.523,1.01494,1.01515,1.88,1.60
2012.07.26 13:10:02.020,1.01496,1.01517,1.50,1.60
2012.07.26 13:10:03.133,1.015,1.0152,1.50,1.60
2012.07.26 13:10:03.643,1.01501,1.01523,1.50,3.77
2012.07.26 13:10:03.975,1.01499,1.01521,1.50,1.60
2012.07.26 13:10:04.144,1.01499,1.01521,1.50,1.60
2012.07.26 13:10:04.508,1.01495,1.01518,1.50,1.60
2012.07.26 13:10:04.569,1.01498,1.0152,1.50,1.60
2012.07.26 13:10:04.891,1.015,1.01521,1.50,1.60
2012.07.26 13:10:05.005,1.015,1.01522,1.50,1.60
2012.07.26 13:10:05.789,1.01499,1.0152,1.50,1.60
2012.07.26 13:10:05.960,1.01498,1.0152,1.50,1.60
2012.07.26 13:10:06.277,1.01497,1.01517,2.16,1.50
2012.07.26 13:10:07.208,1.01497,1.01517,2.16,1.50
2012.07.26 13:10:07.817,1.01502,1.01522,1.50,1.50
2012.07.26 13:10:07.882,1.01504,1.01524,1.50,1.60
2012.07.26 13:10:07.996,1.01502,1.01522,1.50,1.60
2012.07.26 13:10:08.565,1.01503,1.01525,1.50,1.60
2012.07.26 13:10:09.322,1.01503,1.01525,1.50,1.60
2012.07.26 13:10:09.413,1.01503,1.01525,1.50,1.60
2012.07.26 13:10:09.591,1.01506,1.01526,1.50,1.60
2012.07.26 13:10:09.935,1.01504,1.01526,1.50,1.60
2012.07.26 13:10:10.749,1.01504,1.01526,1.50,1.60
2012.07.26 13:10:11.017,1.01502,1.01524,1.50,1.60
2012.07.26 13:10:11.359,1.015,1.01522,2.16,1.50
2012.07.26 13:10:11.928,1.01501,1.01521,1.50,1.50
2012.07.26 13:10:13.112,1.01502,1.01523,1.50,1.50
2012.07.26 13:10:13.706,1.01502,1.01524,2.25,1.60
2012.07.26 13:10:13.772,1.01507,1.01527,1.50,1.60
2012.07.26 13:10:14.051,1.01508,1.01528,1.50,1.50
2012.07.26 13:10:15.724,1.01506,1.01526,3.66,1.50
2012.07.26 13:10:16.234,1.01506,1.01526,1.50,1.60
2012.07.26 13:10:16.648,1.01508,1.0153,1.50,1.60
2012.07.26 13:10:16.707,1.01508,1.0153,2.16,1.60
2012.07.26 13:10:17.249,1.01508,1.0153,1.50,1.60
2012.07.26 13:10:17.801,1.01508,1.0153,1.50,1.60
2012.07.26 13:10:18.182,1.01511,1.01531,1.50,1.60
2012.07.26 13:10:18.758,1.01511,1.01531,1.50,1.60
2012.07.26 13:10:18.885,1.01511,1.01531,1.50,3.10
2012.07.26 13:10:18.945,1.01507,1.01529,1.50,1.60
2012.07.26 13:10:19.604,1.01506,1.01526,1.50,1.50
2012.07.26 13:10:19.720,1.01509,1.01529,1.50,2.35
2012.07.26 13:10:19.834,1.01507,1.01527,1.50,1.60
2012.07.26 13:10:19.893,1.01507,1.01527,1.50,1.60
2012.07.26 13:10:19.954,1.01505,1.01527,1.50,1.60
2012.07.26 13:10:20.075,1.01503,1.01525,1.50,1.60
2012.07.26 13:10:20.474,1.01501,1.01523,3.00,1.60
2012.07.26 13:10:21.131,1.01502,1.01522,1.50,1.50
2012.07.26 13:10:22.164,1.01502,1.01522,3.66,1.50
2012.07.26 13:10:22.223,1.01504,1.01524,2.16,1.50
2012.07.26 13:10:22.823,1.01505,1.01527,1.50,1.60
2012.07.26 13:10:23.373,1.01505,1.01527,1.50,1.60
2012.07.26 13:10:23.433,1.01503,1.01523,1.50,1.60
2012.07.26 13:10:23.875,1.01501,1.01523,2.16,1.60
2012.07.26 13:10:24.168,1.01503,1.01525,1.50,1.60
2012.07.26 13:10:24.859,1.01503,1.01525,1.50,1.60
2012.07.26 13:10:25.170,1.01509,1.01529,1.50,1.60
2012.07.26 13:10:26.016,1.01509,1.01529,1.50,1.60
2012.07.26 13:10:27.550,1.01509,1.01529,1.50,1.60
2012.07.26 13:10:27.611,1.01507,1.01528,1.50,1.60
2012.07.26 13:10:27.726,1.01505,1.01526,3.00,1.50
2012.07.26 13:10:28.267,1.01504,1.01526,2.16,1.50
2012.07.26 13:10:28.327,1.01508,1.01528,1.50,3.10
2012.07.26 13:10:28.653,1.01507,1.01529,1.50,1.60
2012.07.26 13:10:29.037,1.01509,1.0153,1.50,1.60
2012.07.26 13:10:29.390,1.01507,1.01529,1.50,1.60
2012.07.26 13:10:30.577,1.01508,1.01531,1.50,1.60
2012.07.26 13:10:30.980,1.01505,1.01528,2.25,1.60
2012.07.26 13:10:31.204,1.01504,1.01526,1.88,1.60
2012.07.26 13:10:31.264,1.01506,1.01527,1.50,1.60
2012.07.26 13:10:31.324,1.01508,1.01528,1.50,1.60
2012.07.26 13:10:31.438,1.01505,1.01528,2.16,1.60
2012.07.26 13:10:31.578,1.01509,1.01529,1.50,1.60
2012.07.26 13:10:31.800,1.01506,1.01527,1.50,1.50
2012.07.26 13:10:32.029,1.01508,1.0153,1.50,3.10
2012.07.26 13:10:32.328,1.01505,1.01528,1.50,1.60
2012.07.26 13:10:33.888,1.01505,1.01528,1.88,1.60
2012.07.26 13:10:34.219,1.01505,1.01524,2.16,1.50
2012.07.26 13:10:34.361,1.01506,1.01528,2.16,1.50
2012.07.26 13:10:34.420,1.01508,1.01528,1.50,1.50
2012.07.26 13:10:35.017,1.01506,1.01526,2.16,1.50
2012.07.26 13:10:35.952,1.01504,1.01524,1.04,1.50
2012.07.26 13:10:36.020,1.01501,1.01523,1.88,1.60
2012.07.26 13:10:36.081,1.015,1.01523,1.50,1.60
2012.07.26 13:10:36.141,1.01498,1.01521,3.66,1.50
2012.07.26 13:10:36.594,1.01501,1.01522,2.16,1.50
2012.07.26 13:10:37.145,1.01501,1.01522,2.16,1.50
2012.07.26 13:10:37.366,1.01503,1.01524,2.16,1.50
2012.07.26 13:10:37.659,1.01501,1.01521,2.16,1.50
2012.07.26 13:10:38.419,1.01505,1.01526,1.50,1.60
2012.07.26 13:10:39.065,1.01507,1.01529,1.50,3.10
2012.07.26 13:10:40.384,1.01502,1.01526,2.16,1.60
2012.07.26 13:10:40.552,1.01502,1.01526,1.50,1.60
2012.07.26 13:10:41.396,1.015,1.01521,2.16,1.50
2012.07.26 13:10:42.017,1.01499,1.01521,2.54,1.50
2012.07.26 13:10:42.341,1.01499,1.01521,2.54,1.50
2012.07.26 13:10:42.674,1.01504,1.01524,2.54,3.00
2012.07.26 13:10:43.199,1.01504,1.01525,1.04,1.50
2012.07.26 13:10:43.751,1.01505,1.01527,2.16,3.10
2012.07.26 13:10:44.275,1.01506,1.01527,1.50,1.60
2012.07.26 13:10:44.960,1.01508,1.0153,1.50,1.60
2012.07.26 13:10:45.523,1.01506,1.01528,1.50,1.60
2012.07.26 13:10:46.937,1.01506,1.01528,2.16,1.60
2012.07.26 13:10:47.617,1.01508,1.01528,1.50,1.60
2012.07.26 13:10:48.174,1.01509,1.01531,1.50,1.60
2012.07.26 13:10:48.234,1.01507,1.01529,2.25,1.60
2012.07.26 13:10:50.013,1.01505,1.01527,1.50,1.60
2012.07.26 13:10:50.365,1.01504,1.01525,1.50,1.50
2012.07.26 13:10:50.862,1.01506,1.01526,1.50,1.50
2012.07.26 13:10:51.484,1.01507,1.01529,1.50,1.60
2012.07.26 13:10:51.684,1.01505,1.01527,2.16,1.60
2012.07.26 13:10:53.245,1.01506,1.01527,1.50,1.60
2012.07.26 13:10:53.893,1.01507,1.01529,1.50,1.60
2012.07.26 13:10:57.934,1.01509,1.01531,1.50,1.60
2012.07.26 13:10:58.784,1.01509,1.01531,1.50,1.60
2012.07.26 13:10:59.138,1.01507,1.01529,2.25,1.60
2012.07.26 13:11:02.593,1.01508,1.01529,1.50,1.60
2012.07.26 13:11:02.758,1.0151,1.01531,1.50,1.60
2012.07.26 13:11:02.963,1.01508,1.0153,1.50,1.60
2012.07.26 13:11:03.532,1.01509,1.01529,1.50,1.60
2012.07.26 13:11:03.646,1.01509,1.01529,1.50,3.10
2012.07.26 13:11:03.705,1.01507,1.01527,2.25,1.60
2012.07.26 13:11:03.885,1.01509,1.01531,1.50,1.97
2012.07.26 13:11:05.180,1.01509,1.0153,1.50,1.60
2012.07.26 13:11:06.576,1.0151,1.01532,1.50,1.60
2012.07.26 13:11:08.774,1.0151,1.01532,1.50,1.60
2012.07.26 13:11:10.459,1.0151,1.01532,2.25,3.77
2012.07.26 13:11:10.682,1.01512,1.01532,2.25,2.27
2012.07.26 13:11:10.960,1.01508,1.01531,2.16,1.60
2012.07.26 13:11:11.236,1.0151,1.01533,2.16,1.60
2012.07.26 13:11:11.296,1.01512,1.01533,1.50,1.60
2012.07.26 13:11:11.728,1.01516,1.01537,1.50,2.20
2012.07.26 13:11:12.660,1.01516,1.01537,2.25,1.60
2012.07.26 13:11:12.832,1.01514,1.01534,1.50,1.60
2012.07.26 13:11:12.892,1.01514,1.01534,1.50,1.60
2012.07.26 13:11:13.063,1.01509,1.01532,2.54,1.50
2012.07.26 13:11:13.446,1.01509,1.01532,2.16,1.60
2012.07.26 13:11:13.839,1.01509,1.01532,1.50,1.60
2012.07.26 13:11:13.992,1.01509,1.01532,2.16,1.60
2012.07.26 13:11:15.736,1.01509,1.01532,1.50,1.60
2012.07.26 13:11:15.962,1.01507,1.0153,4.34,1.60
2012.07.26 13:11:16.213,1.01509,1.01531,1.50,1.60
2012.07.26 13:11:16.924,1.01508,1.01529,1.50,1.60
2012.07.26 13:11:17.255,1.01512,1.01533,1.50,1.60
2012.07.26 13:11:18.065,1.01511,1.01534,2.25,1.60
2012.07.26 13:11:18.757,1.01511,1.01534,2.25,1.60
2012.07.26 13:11:19.105,1.01511,1.01534,2.91,1.50
2012.07.26 13:11:19.591,1.01516,1.01537,2.16,1.60
2012.07.26 13:11:20.093,1.01516,1.01537,2.16,1.50
2012.07.26 13:11:20.495,1.01518,1.01537,2.84,1.50
2012.07.26 13:11:21.197,1.01516,1.01537,2.16,1.60
2012.07.26 13:11:21.744,1.01518,1.01537,2.16,1.50
2012.07.26 13:11:21.918,1.01518,1.01541,2.16,1.50
2012.07.26 13:11:22.936,1.01518,1.01541,2.16,1.50
2012.07.26 13:11:23.270,1.01518,1.01541,4.34,1.50
2012.07.26 13:11:23.816,1.01518,1.01541,4.34,1.50
2012.07.26 13:11:23.956,1.01522,1.01542,2.16,1.50
2012.07.26 13:11:24.178,1.01522,1.01543,2.16,1.60
2012.07.26 13:11:24.480,1.01518,1.0154,3.21,1.50
2012.07.26 13:11:24.870,1.01519,1.01542,2.16,1.60
2012.07.26 13:11:25.040,1.01522,1.01543,2.16,1.50
2012.07.26 13:11:25.388,1.01523,1.01543,2.16,1.50
2012.07.26 13:11:25.447,1.01524,1.01547,2.16,1.60
2012.07.26 13:11:26.364,1.01524,1.01547,2.16,1.50
2012.07.26 13:11:26.894,1.01524,1.01547,2.16,1.60
2012.07.26 13:11:27.118,1.01522,1.01543,2.16,1.50
2012.07.26 13:11:28.135,1.01522,1.01543,2.16,1.50
2012.07.26 13:11:28.529,1.01525,1.01546,2.16,1.50
2012.07.26 13:11:28.769,1.01525,1.01546,1.50,1.60
2012.07.26 13:11:28.895,1.01523,1.01543,2.16,1.50
2012.07.26 13:11:29.278,1.01525,1.01547,1.50,1.60
2012.07.26 13:11:29.802,1.01524,1.01544,1.50,1.60
2012.07.26 13:11:30.322,1.01524,1.01544,2.16,1.50
2012.07.26 13:11:30.561,1.01526,1.01548,2.16,1.60
2012.07.26 13:11:30.621,1.01529,1.01549,1.50,1.60
2012.07.26 13:11:31.156,1.01526,1.01548,2.25,1.60
2012.07.26 13:11:31.270,1.01525,1.01545,2.16,1.60
2012.07.26 13:11:31.667,1.01526,1.01548,2.25,1.60
2012.07.26 13:11:32.692,1.01526,1.01548,1.50,1.60
2012.07.26 13:11:33.202,1.01526,1.01548,2.16,1.50
2012.07.26 13:11:33.643,1.01529,1.01549,2.16,1.50
2012.07.26 13:11:33.758,1.0153,1.01552,2.16,1.50
2012.07.26 13:11:34.144,1.01528,1.01548,2.16,1.50
2012.07.26 13:11:34.375,1.01528,1.01548,3.66,1.60
2012.07.26 13:11:34.435,1.01531,1.01551,1.50,1.60
2012.07.26 13:11:34.549,1.01528,1.0155,1.50,1.60
2012.07.26 13:11:35.168,1.01528,1.0155,2.16,1.60
2012.07.26 13:11:38.559,1.01531,1.01551,1.50,1.60
2012.07.26 13:11:39.267,1.01531,1.01551,1.50,1.60
2012.07.26 13:11:39.461,1.01528,1.0155,1.50,1.60
2012.07.26 13:11:39.920,1.01531,1.01551,1.50,1.60
2012.07.26 13:11:43.327,1.01529,1.01548,1.04,1.50
2012.07.26 13:11:43.839,1.01525,1.01548,2.16,1.50
2012.07.26 13:11:43.900,1.01527,1.01548,1.41,1.50
2012.07.26 13:11:44.026,1.01529,1.01548,1.50,1.50
2012.07.26 13:11:44.496,1.01531,1.01552,1.50,1.60
2012.07.26 13:11:44.556,1.01529,1.0155,1.88,1.60
2012.07.26 13:11:45.741,1.01529,1.0155,1.50,1.60
2012.07.26 13:11:46.022,1.01529,1.0155,2.16,1.50
2012.07.26 13:11:46.082,1.01529,1.0155,1.50,1.60
2012.07.26 13:11:46.198,1.01528,1.01548,2.16,1.50
2012.07.26 13:11:46.509,1.01526,1.01546,2.16,1.50
2012.07.26 13:11:46.679,1.01525,1.01548,2.16,1.50
2012.07.26 13:11:48.185,1.01525,1.01548,2.16,1.50
2012.07.26 13:11:48.408,1.01525,1.01548,1.50,1.60
2012.07.26 13:11:48.522,1.01523,1.01544,2.54,1.50
2012.07.26 13:11:48.712,1.01525,1.01545,1.50,1.60
2012.07.26 13:11:49.233,1.01524,1.01544,2.54,1.50
2012.07.26 13:11:49.977,1.01522,1.01542,2.16,1.50
2012.07.26 13:11:50.251,1.01523,1.01545,2.16,1.50
2012.07.26 13:11:51.330,1.01523,1.01545,2.16,1.50
2012.07.26 13:11:52.506,1.01522,1.01542,2.16,1.50
2012.07.26 13:11:53.707,1.01522,1.01542,1.41,1.60
2012.07.26 13:11:54.044,1.01525,1.01545,1.50,1.60
2012.07.26 13:11:54.294,1.01525,1.01545,1.50,1.60
2012.07.26 13:11:54.572,1.01523,1.01544,1.50,1.60
2012.07.26 13:11:54.686,1.01524,1.01547,2.16,1.60
2012.07.26 13:11:55.868,1.01523,1.01544,2.16,1.50
2012.07.26 13:11:56.611,1.01523,1.01544,2.16,1.50
2012.07.26 13:11:56.671,1.01525,1.01546,2.16,1.50
2012.07.26 13:11:58.419,1.01523,1.01543,3.66,1.50
2012.07.26 13:11:58.478,1.01523,1.01543,3.66,1.50
2012.07.26 13:11:58.645,1.01522,1.01545,2.16,1.50
2012.07.26 13:11:59.163,1.01522,1.01544,1.50,1.50
2012.07.26 13:11:59.922,1.01521,1.01541,2.16,1.50
2012.07.26 13:12:00.257,1.01516,1.01536,2.25,1.60
2012.07.26 13:12:00.372,1.01518,1.01536,2.18,1.50
2012.07.26 13:12:00.593,1.01516,1.01536,2.25,1.50
2012.07.26 13:12:00.874,1.01517,1.01534,2.18,1.50
2012.07.26 13:12:00.991,1.01517,1.01539,4.43,1.60
2012.07.26 13:12:01.212,1.0152,1.01542,1.50,1.60
2012.07.26 13:12:01.273,1.0152,1.01542,1.50,1.50
2012.07.26 13:12:01.387,1.01519,1.0154,2.16,1.50
2012.07.26 13:12:01.502,1.0152,1.01542,2.16,3.00
2012.07.26 13:12:01.616,1.01522,1.01544,1.50,3.10
2012.07.26 13:12:01.739,1.01522,1.01544,1.50,3.10
2012.07.26 13:12:02.017,1.0152,1.0154,1.50,1.50
2012.07.26 13:12:02.240,1.01518,1.01539,3.21,1.50
2012.07.26 13:12:02.742,1.01521,1.01543,2.16,1.50
2012.07.26 13:12:02.918,1.01521,1.01543,1.50,1.60
2012.07.26 13:12:03.668,1.01519,1.01541,4.04,1.50
2012.07.26 13:12:03.733,1.01521,1.01543,1.50,1.60
2012.07.26 13:12:03.793,1.01521,1.01543,2.16,1.50
2012.07.26 13:12:03.869,1.01521,1.01543,1.50,1.50
2012.07.26 13:12:04.349,1.01519,1.01541,4.04,1.50
2012.07.26 13:12:04.779,1.01519,1.01538,1.04,1.50
2012.07.26 13:12:05.001,1.01519,1.01541,2.54,1.50
2012.07.26 13:12:05.155,1.01519,1.01538,1.04,1.50
2012.07.26 13:12:05.669,1.0152,1.0154,2.16,1.50
2012.07.26 13:12:06.351,1.01522,1.01542,1.50,1.50
2012.07.26 13:12:06.676,1.01524,1.01544,1.50,1.50
2012.07.26 13:12:07.027,1.01522,1.01542,1.50,1.50
2012.07.26 13:12:07.195,1.01523,1.01544,1.50,1.50
2012.07.26 13:12:07.310,1.01527,1.01548,1.50,1.60
2012.07.26 13:12:07.426,1.01525,1.01546,1.50,1.50
2012.07.26 13:12:07.554,1.01527,1.01548,1.50,3.10
2012.07.26 13:12:07.848,1.01525,1.01546,1.50,1.60
2012.07.26 13:12:08.255,1.01525,1.01546,1.50,1.60
2012.07.26 13:12:08.320,1.01525,1.01546,1.50,1.60
2012.07.26 13:12:08.827,1.01525,1.01546,1.50,1.60
2012.07.26 13:12:09.517,1.01526,1.01549,1.50,3.10
2012.07.26 13:12:09.630,1.01524,1.01546,1.50,1.60
2012.07.26 13:12:10.185,1.01523,1.01546,1.50,1.60
2012.07.26 13:12:10.377,1.01521,1.01543,2.25,1.50
2012.07.26 13:12:10.653,1.01526,1.01546,1.50,1.60
2012.07.26 13:12:11.038,1.01526,1.01546,3.00,1.60
2012.07.26 13:12:11.098,1.01524,1.01544,1.50,1.50
2012.07.26 13:12:11.460,1.01522,1.01541,1.41,1.50
2012.07.26 13:12:11.519,1.01522,1.01541,1.41,1.50
2012.07.26 13:12:11.588,1.01522,1.01541,1.41,1.50
2012.07.26 13:12:11.777,1.01522,1.01543,2.16,1.50
2012.07.26 13:12:11.954,1.01522,1.01544,2.16,1.50
2012.07.26 13:12:12.013,1.01522,1.01544,2.54,1.50
2012.07.26 13:12:12.337,1.01522,1.01544,2.16,1.50
2012.07.26 13:12:12.778,1.0152,1.01541,3.66,1.50
2012.07.26 13:12:12.849,1.01522,1.01543,2.16,1.50
2012.07.26 13:12:13.040,1.01525,1.01545,2.16,1.50
2012.07.26 13:12:13.659,1.01522,1.01544,2.16,1.50
2012.07.26 13:12:14.679,1.0152,1.01542,2.16,1.50
2012.07.26 13:12:15.120,1.01519,1.01539,1.04,1.50
2012.07.26 13:12:15.234,1.01516,1.01539,2.25,1.50
2012.07.26 13:12:15.417,1.01516,1.01539,2.91,1.50
2012.07.26 13:12:15.531,1.01518,1.01541,2.16,1.50
2012.07.26 13:12:16.045,1.01518,1.0154,2.16,1.50
2012.07.26 13:12:16.146,1.01517,1.01538,4.34,1.50
2012.07.26 13:12:16.888,1.01518,1.0154,2.16,1.50
2012.07.26 13:12:17.117,1.01517,1.01537,4.34,1.50
2012.07.26 13:12:17.397,1.01518,1.01537,2.18,1.50
2012.07.26 13:12:17.511,1.01516,1.01537,1.50,1.50
2012.07.26 13:12:17.571,1.01514,1.01533,1.04,1.50
2012.07.26 13:12:18.097,1.01514,1.01536,1.04,3.00
2012.07.26 13:12:18.375,1.01514,1.01536,1.04,1.50
2012.07.26 13:12:18.652,1.01517,1.01538,2.16,1.50
2012.07.26 13:12:19.974,1.01517,1.01538,2.16,1.50
2012.07.26 13:12:20.492,1.01514,1.01537,2.54,1.50
2012.07.26 13:12:20.714,1.01517,1.01538,1.50,1.50
2012.07.26 13:12:20.774,1.01519,1.0154,1.50,1.60
2012.07.26 13:12:21.514,1.01519,1.0154,1.50,1.60
2012.07.26 13:12:21.912,1.01519,1.0154,2.16,1.50
2012.07.26 13:12:22.154,1.01515,1.01538,2.16,1.50
2012.07.26 13:12:22.384,1.01515,1.01538,2.16,1.50
2012.07.26 13:12:22.443,1.01519,1.0154,2.16,1.50
2012.07.26 13:12:22.706,1.01519,1.0154,1.50,1.50
2012.07.26 13:12:22.765,1.01517,1.01538,2.16,1.50
2012.07.26 13:12:22.988,1.01515,1.01538,2.91,1.60
2012.07.26 13:12:23.048,1.01516,1.01538,1.41,1.50
2012.07.26 13:12:23.580,1.01518,1.01539,1.50,1.60
2012.07.26 13:12:24.050,1.01516,1.01537,1.50,1.50
2012.07.26 13:12:28.397,1.01514,1.01535,2.16,1.50
2012.07.26 13:12:32.211,1.01511,1.01534,3.66,1.50
2012.07.26 13:12:32.271,1.01511,1.01534,1.50,1.60
2012.07.26 13:12:32.535,1.01515,1.01536,1.50,3.10
2012.07.26 13:12:33.196,1.01515,1.01536,2.16,1.50
2012.07.26 13:12:33.259,1.01515,1.01538,3.00,1.50
2012.07.26 13:12:33.737,1.01514,1.01535,3.66,1.50
2012.07.26 13:12:34.761,1.0151,1.01533,2.16,1.50
2012.07.26 13:12:34.820,1.0151,1.01533,1.50,1.50
2012.07.26 13:12:35.359,1.01511,1.01533,2.16,1.50
2012.07.26 13:12:35.690,1.01524,1.01546,2.16,1.88
2012.07.26 13:12:36.276,1.01521,1.01542,3.66,1.50
2012.07.26 13:12:36.335,1.01521,1.01542,3.00,1.50
2012.07.26 13:12:36.503,1.0152,1.01537,1.50,1.50
2012.07.26 13:12:36.562,1.01517,1.01536,1.41,1.50
2012.07.26 13:12:36.677,1.01516,1.01537,1.50,3.00
2012.07.26 13:12:37.199,1.01516,1.01537,2.16,1.50
2012.07.26 13:12:37.717,1.01516,1.01537,1.50,1.50
2012.07.26 13:12:37.883,1.01516,1.01537,2.91,1.50
2012.07.26 13:12:38.737,1.01516,1.01537,2.91,1.50
2012.07.26 13:12:39.750,1.01516,1.01537,2.91,1.50
2012.07.26 13:12:40.259,1.01515,1.01538,2.91,1.50
2012.07.26 13:12:40.375,1.0152,1.01543,1.50,1.60
2012.07.26 13:12:40.434,1.0152,1.01543,1.50,1.60
2012.07.26 13:12:40.493,1.01516,1.01539,2.16,1.60
2012.07.26 13:12:40.553,1.01516,1.01539,2.54,1.60
2012.07.26 13:12:41.019,1.01519,1.01541,2.54,1.50
2012.07.26 13:12:41.542,1.01519,1.01542,2.54,1.50
2012.07.26 13:12:41.874,1.01523,1.01545,2.16,1.50
2012.07.26 13:12:42.206,1.01522,1.01542,2.16,1.50
2012.07.26 13:12:42.375,1.01522,1.01542,1.50,1.50
2012.07.26 13:12:42.585,1.01519,1.01541,2.16,1.50
2012.07.26 13:12:43.837,1.01521,1.01541,1.50,1.50
2012.07.26 13:12:44.236,1.01523,1.01543,1.50,1.60
2012.07.26 13:12:45.042,1.01523,1.01543,2.16,1.50
2012.07.26 13:12:47.065,1.01523,1.01543,1.50,1.50
2012.07.26 13:12:47.809,1.01521,1.01541,2.91,1.50
2012.07.26 13:12:48.428,1.01519,1.0154,2.25,1.50
2012.07.26 13:12:48.805,1.01521,1.0154,1.41,1.50
2012.07.26 13:12:49.336,1.01518,1.0154,2.54,1.50
2012.07.26 13:12:49.962,1.01518,1.0154,2.16,1.50
2012.07.26 13:12:50.022,1.01523,1.01545,2.16,1.50
2012.07.26 13:12:50.279,1.01522,1.01543,1.50,1.60
2012.07.26 13:12:50.446,1.01522,1.01541,2.16,1.50
2012.07.26 13:12:51.079,1.01522,1.01542,2.16,1.50
2012.07.26 13:12:51.139,1.01522,1.01544,2.16,1.50
2012.07.26 13:12:51.199,1.01521,1.01541,2.16,1.50
2012.07.26 13:12:52.245,1.01523,1.01543,1.50,3.00
2012.07.26 13:12:53.107,1.0152,1.01542,2.16,1.50
2012.07.26 13:12:53.221,1.01522,1.01544,2.16,1.50
2012.07.26 13:12:53.670,1.01525,1.01545,2.16,1.50
2012.07.26 13:12:53.999,1.01527,1.01547,2.25,1.50
2012.07.26 13:12:54.427,1.01525,1.01545,2.16,1.50
2012.07.26 13:12:55.007,1.01522,1.01544,4.41,1.50
2012.07.26 13:12:55.122,1.01522,1.01544,2.91,1.50
2012.07.26 13:12:55.477,1.01525,1.01544,2.16,1.50
2012.07.26 13:12:55.740,1.01526,1.01548,2.16,1.50
2012.07.26 13:12:56.095,1.01525,1.01545,2.16,1.50
2012.07.26 13:12:56.470,1.01524,1.01546,2.54,3.00
2012.07.26 13:12:56.529,1.01523,1.01543,2.54,1.50
2012.07.26 13:12:56.971,1.0152,1.01542,2.16,1.50
2012.07.26 13:12:57.480,1.0152,1.01542,2.91,1.50
2012.07.26 13:12:57.646,1.01521,1.01542,1.41,1.50
2012.07.26 13:12:58.200,1.01523,1.01543,2.16,1.50
2012.07.26 13:12:58.313,1.01523,1.01543,2.16,1.50
2012.07.26 13:12:58.427,1.01521,1.01542,1.41,1.50
2012.07.26 13:12:59.209,1.01525,1.01545,1.50,3.00
2012.07.26 13:12:59.655,1.01527,1.01548,1.50,1.60
2012.07.26 13:12:59.932,1.01527,1.01549,1.50,1.60
2012.07.26 13:13:00.509,1.01527,1.01549,2.16,1.50
2012.07.26 13:13:01.051,1.01527,1.01549,2.16,1.50
2012.07.26 13:13:01.110,1.01527,1.01549,2.16,1.50
2012.07.26 13:13:01.657,1.01527,1.01549,2.91,3.00
2012.07.26 13:13:02.051,1.01526,1.01548,2.16,1.60
2012.07.26 13:13:02.262,1.01526,1.01548,2.16,1.50
2012.07.26 13:13:03.226,1.01526,1.01548,2.16,1.50
2012.07.26 13:13:03.285,1.01526,1.01548,2.16,1.50
2012.07.26 13:13:03.821,1.01526,1.01548,2.16,1.50
2012.07.26 13:13:04.723,1.01526,1.01545,1.41,1.50
2012.07.26 13:13:04.946,1.0153,1.01553,2.16,1.60
2012.07.26 13:13:05.497,1.0153,1.01553,1.50,1.60
2012.07.26 13:13:05.611,1.0153,1.01553,1.50,3.77
2012.07.26 13:13:05.671,1.0153,1.01544,1.50,1.50
2012.07.26 13:13:05.731,1.01522,1.01544,2.16,3.00
2012.07.26 13:13:05.845,1.01521,1.01542,2.16,1.50
2012.07.26 13:13:06.163,1.01523,1.01543,2.16,1.50
2012.07.26 13:13:06.502,1.01528,1.0155,3.66,1.50
2012.07.26 13:13:06.854,1.01526,1.01546,2.16,1.50
2012.07.26 13:13:07.112,1.01527,1.01548,2.16,1.50
2012.07.26 13:13:07.225,1.01527,1.01549,2.16,1.50
2012.07.26 13:13:07.596,1.01527,1.01549,2.16,1.50
2012.07.26 13:13:07.934,1.01527,1.01549,2.16,1.50
2012.07.26 13:13:08.047,1.01527,1.01549,2.16,1.50
2012.07.26 13:13:08.395,1.01525,1.01547,1.50,1.50
2012.07.26 13:13:08.509,1.01525,1.01547,1.50,1.60
2012.07.26 13:13:09.001,1.01523,1.01545,1.50,1.60
2012.07.26 13:13:09.577,1.01523,1.01545,1.50,1.50
2012.07.26 13:13:10.349,1.01523,1.01545,1.88,1.60
2012.07.26 13:13:10.584,1.01523,1.01545,2.54,1.50
2012.07.26 13:13:10.899,1.01523,1.01545,2.54,1.50
2012.07.26 13:13:11.804,1.01523,1.01545,2.54,1.50
2012.07.26 13:13:11.954,1.01525,1.01547,2.16,1.50
2012.07.26 13:13:13.775,1.01523,1.01543,1.88,1.50
2012.07.26 13:13:13.894,1.01525,1.01547,1.50,3.10
2012.07.26 13:13:14.063,1.01524,1.01544,1.50,1.50
2012.07.26 13:13:14.727,1.01523,1.01543,2.16,1.50
2012.07.26 13:13:14.818,1.01524,1.01546,1.50,3.00
2012.07.26 13:13:15.041,1.01526,1.01548,1.50,3.10
2012.07.26 13:13:15.486,1.01522,1.01544,2.16,1.50
2012.07.26 13:13:15.817,1.01521,1.01541,2.16,1.50
2012.07.26 13:13:16.347,1.01522,1.01542,2.16,1.50
2012.07.26 13:13:17.878,1.0152,1.01541,1.50,1.50
2012.07.26 13:13:18.433,1.01519,1.01541,1.50,1.50
2012.07.26 13:13:19.937,1.01519,1.01541,1.50,1.60
2012.07.26 13:13:20.483,1.01518,1.01538,3.00,1.50
2012.07.26 13:13:20.798,1.0152,1.0154,1.50,1.50
2012.07.26 13:13:21.201,1.0152,1.0154,1.50,1.60
2012.07.26 13:13:21.586,1.01521,1.01543,1.50,2.27
2012.07.26 13:13:21.917,1.01519,1.01542,2.16,1.60
2012.07.26 13:13:22.085,1.01519,1.01542,2.16,1.50
2012.07.26 13:13:22.579,1.01519,1.01542,2.16,1.50
2012.07.26 13:13:24.950,1.01519,1.01541,2.16,1.50
2012.07.26 13:13:25.175,1.01516,1.01536,2.16,1.50
2012.07.26 13:13:25.634,1.01517,1.01536,1.41,1.50
2012.07.26 13:13:25.700,1.01515,1.01535,2.16,1.50
2012.07.26 13:13:25.982,1.01514,1.01533,1.04,1.50
2012.07.26 13:13:26.579,1.01512,1.01534,1.88,1.50
2012.07.26 13:13:26.990,1.01512,1.01535,2.16,1.60
2012.07.26 13:13:27.050,1.01512,1.01535,2.16,1.50
2012.07.26 13:13:27.479,1.01516,1.01537,2.16,3.00
2012.07.26 13:13:27.593,1.01513,1.01534,2.16,1.50
2012.07.26 13:13:27.931,1.01513,1.01534,2.16,1.50
2012.07.26 13:13:28.127,1.01516,1.01536,1.50,1.50
2012.07.26 13:13:28.677,1.01516,1.01536,2.16,1.50
2012.07.26 13:13:29.777,1.01516,1.01536,1.50,1.50
2012.07.26 13:13:30.103,1.01514,1.01534,2.16,1.50
2012.07.26 13:13:31.806,1.01514,1.01534,2.16,1.50
2012.07.26 13:13:32.056,1.01515,1.01536,2.16,1.50
2012.07.26 13:13:32.116,1.01515,1.01536,2.16,1.50
2012.07.26 13:13:32.177,1.01516,1.01539,2.16,3.00
2012.07.26 13:13:32.509,1.01519,1.01542,2.16,1.60
2012.07.26 13:13:32.919,1.01518,1.01539,2.16,1.50
2012.07.26 13:13:32.979,1.01516,1.01539,2.16,1.50
2012.07.26 13:13:33.718,1.01516,1.01539,1.50,1.60
2012.07.26 13:13:34.196,1.01515,1.01536,2.16,1.50
2012.07.26 13:13:35.306,1.01515,1.01536,2.91,1.50
2012.07.26 13:13:36.301,1.01514,1.01536,2.16,1.50
2012.07.26 13:13:36.506,1.01516,1.01538,2.16,1.50
2012.07.26 13:13:36.620,1.01515,1.01535,2.16,1.50
2012.07.26 13:13:37.591,1.01516,1.01538,2.16,1.50
2012.07.26 13:13:38.938,1.01518,1.01539,1.50,1.60
2012.07.26 13:13:39.461,1.01519,1.01539,1.50,1.50
2012.07.26 13:13:39.520,1.0152,1.01542,1.50,1.60
2012.07.26 13:13:39.889,1.01517,1.0154,5.09,1.50
2012.07.26 13:13:39.949,1.01517,1.0154,4.34,1.50
2012.07.26 13:13:40.278,1.01521,1.01541,1.50,1.50
2012.07.26 13:13:40.927,1.01521,1.01542,1.50,1.50
2012.07.26 13:13:41.749,1.01518,1.01537,1.50,1.50
2012.07.26 13:13:41.817,1.01517,1.0154,2.54,1.50
2012.07.26 13:13:41.931,1.01517,1.0154,1.50,1.60
2012.07.26 13:13:41.990,1.01516,1.01536,1.50,1.50
2012.07.26 13:13:42.484,1.01516,1.01536,2.16,1.50
2012.07.26 13:13:42.869,1.01518,1.01538,2.16,1.50
2012.07.26 13:13:42.928,1.01518,1.01538,2.16,1.50
2012.07.26 13:13:45.938,1.01518,1.01538,2.91,1.50
2012.07.26 13:13:46.105,1.01521,1.0154,2.25,1.50
2012.07.26 13:13:46.607,1.01521,1.01541,1.50,1.50
2012.07.26 13:13:49.112,1.01521,1.01539,1.41,1.50
2012.07.26 13:13:49.827,1.01522,1.01542,1.50,1.50
2012.07.26 13:13:50.868,1.0152,1.0154,2.16,1.50
2012.07.26 13:13:51.118,1.01522,1.01544,2.16,1.50
2012.07.26 13:13:51.430,1.0152,1.01542,2.16,1.50
2012.07.26 13:13:51.653,1.01519,1.01539,2.16,1.50
2012.07.26 13:13:52.144,1.01522,1.01542,1.50,1.50
2012.07.26 13:13:52.466,1.0152,1.01541,3.66,1.50
2012.07.26 13:13:52.580,1.01516,1.01539,2.16,1.50
2012.07.26 13:13:52.973,1.01514,1.01537,3.14,1.50
2012.07.26 13:13:53.477,1.01516,1.01538,2.16,1.50
2012.07.26 13:13:53.536,1.01516,1.01538,2.16,1.50
2012.07.26 13:13:56.933,1.01518,1.01539,2.16,1.50
2012.07.26 13:13:57.376,1.01518,1.01539,2.16,1.50
2012.07.26 13:13:57.490,1.0152,1.01541,2.16,1.50
2012.07.26 13:13:58.006,1.0152,1.01542,2.16,1.50
2012.07.26 13:13:58.278,1.01517,1.01539,2.16,1.50
2012.07.26 13:13:58.601,1.01516,1.01536,2.16,1.50
2012.07.26 13:14:04.007,1.01517,1.01539,2.16,3.00
2012.07.26 13:14:04.661,1.0152,1.0154,1.50,1.50
2012.07.26 13:14:08.141,1.01522,1.01542,1.50,1.50
2012.07.26 13:14:11.072,1.01519,1.01539,2.16,1.50
2012.07.26 13:14:11.132,1.01519,1.01539,1.50,1.50
2012.07.26 13:14:11.193,1.01517,1.0154,2.16,1.50
2012.07.26 13:14:11.369,1.0152,1.01542,1.50,3.10
2012.07.26 13:14:11.710,1.01518,1.0154,1.50,1.50
2012.07.26 13:14:13.593,1.01517,1.01538,2.16,1.50
2012.07.26 13:14:15.079,1.01517,1.01539,2.16,1.50
2012.07.26 13:14:15.660,1.01517,1.0154,2.91,1.50
2012.07.26 13:14:16.083,1.01516,1.01534,2.16,1.50
2012.07.26 13:14:16.453,1.01515,1.01536,2.16,1.50
2012.07.26 13:14:16.622,1.01514,1.01534,1.04,1.50
2012.07.26 13:14:16.736,1.01512,1.01534,2.16,1.50
2012.07.26 13:14:17.182,1.01517,1.01536,2.18,1.50
2012.07.26 13:14:17.248,1.01513,1.01535,2.16,1.50
2012.07.26 13:14:17.308,1.01513,1.01535,1.50,1.60
2012.07.26 13:14:17.367,1.0151,1.01532,2.16,1.50
2012.07.26 13:14:17.525,1.0151,1.01532,2.16,1.50
2012.07.26 13:14:17.821,1.01515,1.01537,2.16,1.50
2012.07.26 13:14:18.690,1.01514,1.01534,2.16,1.50
2012.07.26 13:14:19.393,1.01514,1.01534,2.16,1.50
2012.07.26 13:14:19.697,1.01512,1.0153,1.41,1.50
2012.07.26 13:14:20.029,1.01511,1.01532,2.16,1.50
2012.07.26 13:14:20.253,1.01509,1.0153,2.16,1.50
2012.07.26 13:14:20.367,1.0151,1.01533,2.25,1.60
2012.07.26 13:14:20.482,1.0151,1.01533,2.16,1.60
2012.07.26 13:14:20.542,1.01508,1.01529,3.66,1.50
2012.07.26 13:14:20.602,1.01508,1.01529,2.16,1.50
2012.07.26 13:14:21.680,1.01508,1.01529,4.34,1.50
2012.07.26 13:14:21.959,1.01509,1.01531,2.16,3.00
2012.07.26 13:14:22.257,1.01513,1.01533,1.50,1.60
2012.07.26 13:14:22.427,1.0151,1.01532,1.50,1.50
2012.07.26 13:14:22.487,1.0151,1.01532,2.16,1.50
2012.07.26 13:14:22.709,1.0151,1.01532,2.16,1.50
2012.07.26 13:14:22.906,1.0151,1.01532,2.16,1.50
2012.07.26 13:14:23.182,1.01511,1.01532,2.16,1.50
2012.07.26 13:14:23.685,1.01515,1.01535,1.50,1.50
2012.07.26 13:14:23.854,1.01517,1.01537,1.50,1.60
2012.07.26 13:14:24.080,1.01515,1.01535,1.50,1.60
2012.07.26 13:14:24.139,1.01515,1.01535,1.50,1.50
2012.07.26 13:14:24.838,1.01515,1.01535,2.10,1.50
2012.07.26 13:14:25.166,1.01515,1.01535,1.50,1.50
2012.07.26 13:14:25.226,1.01512,1.01527,2.16,1.50
2012.07.26 13:14:25.476,1.01508,1.0153,1.50,1.60
2012.07.26 13:14:25.645,1.01509,1.01526,2.16,1.50
2012.07.26 13:14:25.979,1.01509,1.01529,1.50,1.60
2012.07.26 13:14:26.470,1.01506,1.01528,2.25,1.60
2012.07.26 13:14:26.531,1.01508,1.01529,1.50,1.60
2012.07.26 13:14:26.754,1.01508,1.0153,1.50,1.50
2012.07.26 13:14:27.498,1.01508,1.0153,1.50,1.60
2012.07.26 13:14:27.754,1.01508,1.0153,3.38,1.50
2012.07.26 13:14:28.302,1.01508,1.0153,2.54,1.50
2012.07.26 13:14:28.500,1.01507,1.01526,1.04,1.50
2012.07.26 13:14:30.056,1.01506,1.01526,2.16,1.50
2012.07.26 13:14:30.450,1.01508,1.0153,1.50,1.50
2012.07.26 13:14:30.510,1.01509,1.01532,1.50,3.10
2012.07.26 13:14:31.004,1.01512,1.01533,1.50,1.60
2012.07.26 13:14:31.429,1.01508,1.01527,1.04,1.50
2012.07.26 13:14:31.730,1.01507,1.01529,1.04,3.00
2012.07.26 13:14:32.287,1.01507,1.01528,1.04,1.50
2012.07.26 13:14:33.008,1.01507,1.01528,2.16,1.50
2012.07.26 13:14:33.638,1.01504,1.01527,2.16,1.50
2012.07.26 13:14:34.967,1.01504,1.01527,2.16,1.50
2012.07.26 13:14:35.083,1.01507,1.0153,5.84,1.50
2012.07.26 13:14:35.659,1.01508,1.01529,2.16,1.50
2012.07.26 13:14:36.998,1.01508,1.01529,1.50,1.50
2012.07.26 13:14:37.250,1.01506,1.01526,2.16,1.50
2012.07.26 13:14:37.980,1.01506,1.01526,1.41,1.50
2012.07.26 13:14:38.294,1.01508,1.01528,2.84,1.50
2012.07.26 13:14:38.970,1.01508,1.01528,2.84,1.50
2012.07.26 13:14:40.771,1.01508,1.01527,2.84,1.50
2012.07.26 13:14:41.104,1.01505,1.01525,2.16,1.50
2012.07.26 13:14:41.506,1.01503,1.01524,1.50,1.60
2012.07.26 13:14:42.041,1.01502,1.01524,2.91,1.60
2012.07.26 13:14:43.124,1.01507,1.01528,1.50,1.60
2012.07.26 13:14:45.148,1.01505,1.01525,1.50,1.60
2012.07.26 13:14:45.896,1.01502,1.01522,1.41,1.50
2012.07.26 13:14:46.199,1.01501,1.01521,2.91,1.50
2012.07.26 13:14:46.420,1.01503,1.01523,1.50,1.60
2012.07.26 13:14:46.749,1.01501,1.01521,2.91,1.50
2012.07.26 13:14:47.304,1.01501,1.01521,2.91,1.50
2012.07.26 13:14:47.364,1.01506,1.01526,1.50,1.60
2012.07.26 13:14:48.816,1.01506,1.01526,1.50,1.50
2012.07.26 13:14:49.451,1.01507,1.01529,1.50,1.60
2012.07.26 13:14:50.324,1.01505,1.01525,2.16,1.50
2012.07.26 13:14:50.542,1.01506,1.01528,2.16,1.60
2012.07.26 13:14:52.566,1.01506,1.01528,2.16,1.50
2012.07.26 13:14:52.905,1.01506,1.01528,2.16,1.50
2012.07.26 13:14:53.308,1.01508,1.0153,2.16,1.50
2012.07.26 13:14:53.782,1.01507,1.01528,2.84,1.50
2012.07.26 13:14:54.917,1.01507,1.01526,2.84,1.50
2012.07.26 13:14:55.275,1.01503,1.01524,2.54,1.50
2012.07.26 13:14:55.390,1.01505,1.01526,2.16,1.50
2012.07.26 13:14:55.559,1.01505,1.01526,2.16,1.60
2012.07.26 13:14:55.620,1.01507,1.01528,1.50,1.60
2012.07.26 13:14:55.681,1.01507,1.01528,1.50,1.50
2012.07.26 13:14:55.955,1.01504,1.01527,2.16,1.60
2012.07.26 13:14:56.070,1.01504,1.01527,2.16,1.60
2012.07.26 13:14:56.960,1.01506,1.01529,2.16,1.60
2012.07.26 13:14:58.787,1.01508,1.01531,4.34,1.50
2012.07.26 13:14:58.847,1.01511,1.01533,2.16,1.50
2012.07.26 13:14:58.907,1.01509,1.01532,3.66,1.60
2012.07.26 13:14:59.021,1.01508,1.0153,4.34,1.60
2012.07.26 13:15:01.180,1.01512,1.01532,1.50,3.10
2012.07.26 13:15:01.439,1.01512,1.01532,1.50,1.60
2012.07.26 13:15:01.553,1.0151,1.01532,1.50,1.60
2012.07.26 13:15:01.722,1.01513,1.01535,1.50,1.60
2012.07.26 13:15:02.053,1.01516,1.01534,1.50,1.50
2012.07.26 13:15:02.221,1.01513,1.01532,1.04,1.50
2012.07.26 13:15:02.335,1.01515,1.01535,1.50,1.60
2012.07.26 13:15:02.723,1.01515,1.01535,1.50,1.60
2012.07.26 13:15:02.787,1.01511,1.01532,4.41,1.50
2012.07.26 13:15:03.232,1.01511,1.01532,2.16,1.60
2012.07.26 13:15:03.400,1.01513,1.01533,1.50,1.60
2012.07.26 13:15:03.971,1.01513,1.01534,1.50,1.60
2012.07.26 13:15:04.310,1.01516,1.01536,1.50,3.10
2012.07.26 13:15:04.921,1.01514,1.01535,3.00,1.60
2012.07.26 13:15:05.591,1.01514,1.01535,1.50,1.60
2012.07.26 13:15:05.813,1.01512,1.01533,1.50,1.60
2012.07.26 13:15:06.621,1.01512,1.01533,1.50,1.60
2012.07.26 13:15:06.798,1.01509,1.01532,1.50,2.20
2012.07.26 13:15:06.858,1.01509,1.01532,1.50,2.20
2012.07.26 13:15:07.028,1.01506,1.01528,1.50,1.60
2012.07.26 13:15:07.349,1.01512,1.0153,1.50,1.60
2012.07.26 13:15:07.415,1.01512,1.01532,1.50,1.60
2012.07.26 13:15:07.475,1.01514,1.01532,1.50,1.60
2012.07.26 13:15:07.991,1.01515,1.01536,1.50,1.60
2012.07.26 13:15:08.145,1.01512,1.01534,1.50,1.60
2012.07.26 13:15:08.313,1.01509,1.01531,1.50,1.60
2012.07.26 13:15:08.851,1.0151,1.0153,1.50,1.60
2012.07.26 13:15:09.284,1.01507,1.01529,1.50,1.60
2012.07.26 13:15:09.630,1.0151,1.0153,1.50,1.60
2012.07.26 13:15:09.907,1.0151,1.0153,1.50,1.60
2012.07.26 13:15:10.022,1.01505,1.01528,2.16,1.50
2012.07.26 13:15:10.082,1.01505,1.01528,2.16,1.50
2012.07.26 13:15:10.300,1.01505,1.01525,2.16,1.50
2012.07.26 13:15:10.434,1.01507,1.01527,2.16,1.50
2012.07.26 13:15:10.671,1.01507,1.01527,2.16,1.50
2012.07.26 13:15:11.331,1.01504,1.01524,2.16,1.50
2012.07.26 13:15:11.440,1.01505,1.01527,2.16,3.00
2012.07.26 13:15:12.308,1.01504,1.01524,3.66,1.50
2012.07.26 13:15:14.324,1.01504,1.01524,1.50,1.60
2012.07.26 13:15:14.545,1.01504,1.01525,2.16,1.50
2012.07.26 13:15:15.174,1.01504,1.01526,2.16,1.50
2012.07.26 13:15:15.287,1.01507,1.01528,1.50,1.50
2012.07.26 13:15:15.508,1.01509,1.01531,1.50,1.97
2012.07.26 13:15:15.900,1.01507,1.01529,1.50,1.60
2012.07.26 13:15:16.454,1.01507,1.01529,1.50,1.60
2012.07.26 13:15:19.600,1.01507,1.01529,1.50,1.60
2012.07.26 13:15:21.067,1.01507,1.01528,1.50,1.60
2012.07.26 13:15:21.126,1.01505,1.01527,1.50,1.60
2012.07.26 13:15:21.187,1.01505,1.01527,2.16,1.60
2012.07.26 13:15:21.575,1.01509,1.01529,1.50,3.10
2012.07.26 13:15:22.266,1.01509,1.01529,1.50,1.60
2012.07.26 13:15:23.423,1.01504,1.01526,2.16,1.60
2012.07.26 13:15:23.483,1.01504,1.01526,1.50,1.60
2012.07.26 13:15:23.813,1.01503,1.01516,1.50,1.50
2012.07.26 13:15:23.982,1.01497,1.01513,2.84,1.50
2012.07.26 13:15:24.523,1.01494,1.01512,1.04,1.50
2012.07.26 13:15:24.638,1.01494,1.01514,1.04,1.50
2012.07.26 13:15:24.809,1.01498,1.01515,5.09,1.50
2012.07.26 13:15:24.869,1.01499,1.01521,2.25,1.60
2012.07.26 13:15:24.929,1.015,1.0152,2.16,1.50
2012.07.26 13:15:25.614,1.01503,1.01523,1.50,1.60
2012.07.26 13:15:25.948,1.01506,1.01526,1.50,1.60
2012.07.26 13:15:26.341,1.01503,1.01525,1.50,1.60
2012.07.26 13:15:26.858,1.01504,1.01524,1.50,1.60
2012.07.26 13:15:27.462,1.01503,1.01523,1.50,1.60
2012.07.26 13:15:27.884,1.01502,1.01523,1.50,1.60
2012.07.26 13:15:28.321,1.01498,1.01517,2.84,1.50
2012.07.26 13:15:28.525,1.01502,1.01525,1.50,1.60
2012.07.26 13:15:30.038,1.01502,1.01521,1.50,1.60
2012.07.26 13:15:30.098,1.015,1.01518,1.50,1.60
2012.07.26 13:15:30.158,1.01502,1.01525,1.50,1.60
2012.07.26 13:15:30.271,1.015,1.01523,1.50,1.60
2012.07.26 13:15:30.499,1.015,1.01523,1.50,1.60
2012.07.26 13:15:30.665,1.015,1.01522,1.50,1.60
2012.07.26 13:15:30.939,1.01497,1.01519,1.50,1.60
2012.07.26 13:15:31.051,1.01498,1.01519,1.26,1.50
2012.07.26 13:15:31.273,1.01499,1.01519,2.16,1.60
2012.07.26 13:15:31.802,1.01497,1.01517,3.59,1.50
2012.07.26 13:15:33.225,1.01501,1.01519,1.50,1.50
2012.07.26 13:15:33.429,1.01501,1.01524,2.16,1.60
2012.07.26 13:15:33.709,1.01504,1.01525,1.50,1.60
2012.07.26 13:15:33.823,1.01499,1.01519,1.88,1.60
2012.07.26 13:15:33.936,1.01499,1.01519,2.16,1.50
2012.07.26 13:15:33.995,1.01501,1.01522,2.16,3.10
2012.07.26 13:15:34.108,1.01498,1.01519,2.16,1.50
2012.07.26 13:15:34.383,1.01498,1.0152,2.16,1.60
2012.07.26 13:15:34.902,1.01498,1.0152,2.16,1.60
2012.07.26 13:15:35.212,1.01498,1.0152,1.50,1.60
2012.07.26 13:15:35.934,1.01498,1.0152,1.50,1.60
2012.07.26 13:15:36.158,1.01496,1.01518,1.50,1.60
2012.07.26 13:15:36.218,1.015,1.01518,1.50,1.60
2012.07.26 13:15:36.495,1.01501,1.01524,1.50,1.60
2012.07.26 13:15:36.608,1.01501,1.01524,1.50,1.60
2012.07.26 13:15:36.670,1.01498,1.0152,2.16,1.60
2012.07.26 13:15:36.893,1.01495,1.01516,2.16,1.50
2012.07.26 13:15:37.060,1.01498,1.01519,2.16,3.10
2012.07.26 13:15:37.794,1.01499,1.01522,1.50,3.47
2012.07.26 13:15:38.351,1.01498,1.01519,2.16,1.60
2012.07.26 13:15:38.899,1.01498,1.01519,2.16,1.60
2012.07.26 13:15:41.450,1.01497,1.01517,2.16,1.50
2012.07.26 13:15:41.927,1.01497,1.01519,2.16,1.60
2012.07.26 13:15:42.434,1.015,1.01521,1.50,1.60
2012.07.26 13:15:43.030,1.01501,1.01524,2.25,1.60
2012.07.26 13:15:43.541,1.01501,1.01524,2.25,1.60
2012.07.26 13:15:43.978,1.01501,1.01524,2.16,1.60
2012.07.26 13:15:44.644,1.01504,1.01525,1.50,1.60
2012.07.26 13:15:45.967,1.01504,1.01525,1.50,1.60
2012.07.26 13:15:46.388,1.01501,1.01524,2.25,1.60
2012.07.26 13:15:46.505,1.01505,1.01526,1.50,1.60
2012.07.26 13:15:47.629,1.01505,1.01526,1.50,1.60
2012.07.26 13:15:47.961,1.01503,1.01523,2.16,1.60
2012.07.26 13:15:48.358,1.01503,1.01523,2.16,1.50
2012.07.26 13:15:48.581,1.01506,1.01528,1.50,1.97
2012.07.26 13:15:49.104,1.01505,1.01525,1.50,1.60
2012.07.26 13:15:49.273,1.01502,1.01524,3.66,1.50
2012.07.26 13:15:49.825,1.01504,1.01526,1.50,1.60
2012.07.26 13:15:50.048,1.01508,1.01528,1.50,1.60
2012.07.26 13:15:51.591,1.01508,1.01528,1.50,1.60
2012.07.26 13:15:52.012,1.01507,1.01529,2.16,1.50
2012.07.26 13:15:53.501,1.01509,1.01529,1.04,1.60
2012.07.26 13:15:53.834,1.01508,1.0153,1.50,1.60
2012.07.26 13:15:54.084,1.01502,1.01525,2.25,1.60
2012.07.26 13:15:55.229,1.01502,1.01525,2.16,1.60
2012.07.26 13:15:55.452,1.01502,1.01525,2.16,1.60
2012.07.26 13:15:55.785,1.01507,1.01525,2.18,1.50
2012.07.26 13:15:55.954,1.01506,1.01527,2.16,1.60
2012.07.26 13:15:56.051,1.01509,1.01527,1.50,1.60
2012.07.26 13:15:56.905,1.01513,1.01532,1.50,1.60
2012.07.26 13:15:57.031,1.01508,1.0153,4.34,1.50
2012.07.26 13:15:57.333,1.01508,1.0153,1.50,1.60
2012.07.26 13:15:57.874,1.01506,1.01526,2.16,1.50
2012.07.26 13:15:58.450,1.01508,1.01526,2.18,1.50
2012.07.26 13:15:59.500,1.01508,1.01526,2.18,3.10
2012.07.26 13:15:59.559,1.01506,1.01526,1.50,3.10
2012.07.26 13:15:59.619,1.01503,1.01525,1.50,1.60
2012.07.26 13:16:00.165,1.01504,1.01526,1.50,1.60
2012.07.26 13:16:00.366,1.01504,1.01526,2.16,1.60
2012.07.26 13:16:00.425,1.01508,1.01527,1.50,1.60
2012.07.26 13:16:01.213,1.01509,1.01531,1.50,1.60
2012.07.26 13:16:01.904,1.0151,1.0153,1.50,1.60
2012.07.26 13:16:01.976,1.01506,1.01527,2.16,1.60
2012.07.26 13:16:02.337,1.01508,1.01529,1.50,1.60
2012.07.26 13:16:02.665,1.01508,1.01529,1.50,1.60
2012.07.26 13:16:03.576,1.01512,1.01531,1.50,1.60
2012.07.26 13:16:03.866,1.01509,1.01529,1.88,1.60
2012.07.26 13:16:04.224,1.01509,1.01529,1.88,1.50
2012.07.26 13:16:04.771,1.01506,1.01529,4.04,1.60
2012.07.26 13:16:06.245,1.01508,1.0153,1.50,1.60
2012.07.26 13:16:06.829,1.01506,1.01529,3.66,1.60
2012.07.26 13:16:07.061,1.01506,1.01529,2.16,1.50
2012.07.26 13:16:08.851,1.01507,1.01528,2.16,1.50
2012.07.26 13:16:09.303,1.01512,1.01533,1.50,1.60
2012.07.26 13:16:09.511,1.01514,1.01535,1.50,1.60
2012.07.26 13:16:09.841,1.01512,1.01531,2.16,1.50
2012.07.26 13:16:09.957,1.01513,1.01536,2.16,1.60
2012.07.26 13:16:11.380,1.01513,1.01536,1.50,1.60
2012.07.26 13:16:11.718,1.01512,1.01532,1.50,1.60
2012.07.26 13:16:11.778,1.01508,1.01527,1.50,1.50
2012.07.26 13:16:11.892,1.01506,1.01527,2.16,1.50
2012.07.26 13:16:12.396,1.01504,1.01526,1.04,1.50
2012.07.26 13:16:13.195,1.01503,1.01525,2.16,1.50
2012.07.26 13:16:13.255,1.01502,1.01523,2.16,1.50
2012.07.26 13:16:13.993,1.01502,1.01523,2.16,1.50
2012.07.26 13:16:16.797,1.01504,1.01527,2.16,1.60
2012.07.26 13:16:16.911,1.01508,1.01528,1.50,1.60
2012.07.26 13:16:17.431,1.01506,1.01526,3.66,1.50
2012.07.26 13:16:18.053,1.01506,1.01526,2.16,1.50
2012.07.26 13:16:18.397,1.01503,1.01525,1.88,1.60
2012.07.26 13:16:18.512,1.01504,1.01525,1.04,1.60
2012.07.26 13:16:19.025,1.01504,1.01525,1.04,1.60
2012.07.26 13:16:19.301,1.01505,1.01527,2.16,1.60
2012.07.26 13:16:19.901,1.01506,1.01527,1.50,1.60
2012.07.26 13:16:20.482,1.01505,1.01525,1.50,1.60
2012.07.26 13:16:20.932,1.01508,1.01528,1.50,1.60
2012.07.26 13:16:21.867,1.01508,1.01528,1.50,1.60
2012.07.26 13:16:22.035,1.01505,1.01527,1.50,1.60
2012.07.26 13:16:23.482,1.01503,1.01526,2.16,1.60
2012.07.26 13:16:24.069,1.01504,1.01526,3.66,1.60
2012.07.26 13:16:24.371,1.01506,1.01527,1.50,1.60
2012.07.26 13:16:24.966,1.01505,1.01528,1.50,1.60
2012.07.26 13:16:25.410,1.01508,1.01529,1.50,1.60
2012.07.26 13:16:26.031,1.01507,1.01528,2.18,1.60
2012.07.26 13:16:27.131,1.01505,1.01528,2.16,1.60
2012.07.26 13:16:27.753,1.01503,1.01526,3.66,1.50
2012.07.26 13:16:28.277,1.01507,1.01528,1.50,1.60
2012.07.26 13:16:28.391,1.01504,1.01527,2.16,1.60
2012.07.26 13:16:30.019,1.01506,1.01529,1.50,3.10
2012.07.26 13:16:30.951,1.01504,1.01526,2.16,1.50
2012.07.26 13:16:31.441,1.01505,1.01526,1.41,1.50
2012.07.26 13:16:31.771,1.01509,1.01531,1.50,1.60
2012.07.26 13:16:32.552,1.01509,1.01531,1.50,3.10
2012.07.26 13:16:34.687,1.01508,1.01527,2.84,1.50
2012.07.26 13:16:34.911,1.01505,1.01527,2.16,1.60
2012.07.26 13:16:34.971,1.01503,1.01523,2.54,1.50
2012.07.26 13:16:35.369,1.01503,1.01523,1.50,1.50
2012.07.26 13:16:35.706,1.01503,1.01523,2.16,1.50
2012.07.26 13:16:35.879,1.01505,1.01527,2.16,1.60
2012.07.26 13:16:36.784,1.01507,1.01529,1.50,1.60
2012.07.26 13:16:37.363,1.01506,1.01527,2.16,1.60
2012.07.26 13:16:37.423,1.01508,1.0153,2.16,1.50
2012.07.26 13:16:37.633,1.01506,1.01528,2.16,1.50
2012.07.26 13:16:38.656,1.01506,1.01528,2.16,1.50
2012.07.26 13:16:38.770,1.01506,1.01528,2.16,1.50
2012.07.26 13:16:39.279,1.01508,1.01529,2.16,1.50
2012.07.26 13:16:39.340,1.01504,1.01526,2.16,1.50
2012.07.26 13:16:39.455,1.01508,1.01528,2.16,1.50
2012.07.26 13:16:39.990,1.01508,1.01528,1.50,1.60
2012.07.26 13:16:41.783,1.01505,1.01527,3.66,1.60
2012.07.26 13:16:42.052,1.01505,1.01527,1.50,1.60
2012.07.26 13:16:42.392,1.01502,1.01524,2.91,1.50
2012.07.26 13:16:42.505,1.01502,1.01524,2.91,1.50
2012.07.26 13:16:42.874,1.01504,1.01526,2.16,1.50
2012.07.26 13:16:43.523,1.01506,1.01527,2.16,1.50
2012.07.26 13:16:43.931,1.01507,1.01527,1.41,1.50
2012.07.26 13:16:44.098,1.01508,1.01529,2.16,1.50
2012.07.26 13:16:44.337,1.01508,1.01529,3.68,1.60
2012.07.26 13:16:44.505,1.01506,1.01526,2.16,1.50
2012.07.26 13:16:44.836,1.01504,1.01524,2.16,1.60
2012.07.26 13:16:45.809,1.01506,1.01526,1.50,1.60
2012.07.26 13:16:46.105,1.01504,1.01524,2.16,1.60
2012.07.26 13:16:46.259,1.01506,1.01526,1.50,1.60
2012.07.26 13:16:46.587,1.01503,1.01525,3.66,1.60
2012.07.26 13:16:46.926,1.01503,1.01525,2.16,1.50
2012.07.26 13:16:47.039,1.01505,1.01527,2.16,3.00
2012.07.26 13:16:47.557,1.01506,1.01526,2.16,1.50
2012.07.26 13:16:47.670,1.01507,1.01529,2.16,1.60
2012.07.26 13:16:48.318,1.01505,1.01527,2.16,1.50
2012.07.26 13:16:49.029,1.01508,1.01528,2.16,1.60
2012.07.26 13:16:49.512,1.01508,1.01528,1.50,1.60
2012.07.26 13:16:49.735,1.01506,1.01526,3.00,1.60
2012.07.26 13:16:51.118,1.01507,1.01528,1.50,1.60
2012.07.26 13:16:52.126,1.01505,1.01527,1.50,1.60
2012.07.26 13:16:52.995,1.01506,1.01526,1.50,1.60
2012.07.26 13:16:53.861,1.01506,1.01526,1.50,1.60
2012.07.26 13:16:54.985,1.01508,1.01528,1.50,1.60
2012.07.26 13:16:57.222,1.01506,1.01526,1.50,1.60
2012.07.26 13:16:58.710,1.01506,1.01526,1.50,1.60
2012.07.26 13:16:58.833,1.01506,1.01526,1.50,1.60
2012.07.26 13:16:59.752,1.01508,1.0153,1.50,1.60
2012.07.26 13:16:59.815,1.01505,1.01527,2.16,1.60
2012.07.26 13:17:00.774,1.01509,1.01529,1.50,1.60
2012.07.26 13:17:01.286,1.01509,1.01529,1.50,1.60
2012.07.26 13:17:01.535,1.01507,1.01527,1.50,1.60
2012.07.26 13:17:03.050,1.01504,1.01526,1.50,1.60
2012.07.26 13:17:03.586,1.01503,1.01525,2.16,1.60
2012.07.26 13:17:03.669,1.01506,1.01526,1.50,1.60
2012.07.26 13:17:04.441,1.01507,1.01529,1.50,1.60
2012.07.26 13:17:06.743,1.01506,1.01526,1.50,1.60
2012.07.26 13:17:08.722,1.01506,1.01526,1.50,1.60
2012.07.26 13:17:08.834,1.01506,1.01526,1.50,1.60
2012.07.26 13:17:08.948,1.01508,1.01528,1.50,1.60
2012.07.26 13:17:09.273,1.01506,1.01526,1.50,1.60
2012.07.26 13:17:09.376,1.01504,1.01526,2.16,1.60
2012.07.26 13:17:09.664,1.01508,1.01528,1.50,3.10
2012.07.26 13:17:10.257,1.01508,1.01528,1.50,1.60
2012.07.26 13:17:10.507,1.01508,1.01528,1.50,1.60
2012.07.26 13:17:12.736,1.01506,1.01526,1.50,1.60
2012.07.26 13:17:12.850,1.01506,1.01526,1.50,1.60
2012.07.26 13:17:12.963,1.01503,1.01524,1.50,1.60
2012.07.26 13:17:13.367,1.01505,1.01524,1.50,1.60
2012.07.26 13:17:13.481,1.01506,1.01524,2.25,1.50
2012.07.26 13:17:13.594,1.01506,1.01528,2.25,1.60
2012.07.26 13:17:13.816,1.01507,1.0153,2.16,3.10
2012.07.26 13:17:14.199,1.0151,1.01531,1.50,1.60
2012.07.26 13:17:14.556,1.01512,1.01533,1.50,1.60
2012.07.26 13:17:15.083,1.01513,1.01535,1.50,1.60
2012.07.26 13:17:15.716,1.0151,1.01532,2.16,1.60
2012.07.26 13:17:16.153,1.01513,1.01533,1.50,3.10
2012.07.26 13:17:16.680,1.01514,1.01534,1.50,1.60
2012.07.26 13:17:17.101,1.01511,1.01533,3.75,1.60
2012.07.26 13:17:17.215,1.01511,1.01533,2.25,1.60
2012.07.26 13:17:17.330,1.01511,1.01533,2.91,1.60
2012.07.26 13:17:17.552,1.01511,1.01533,1.50,1.60
2012.07.26 13:17:17.863,1.01514,1.01536,1.50,1.60
2012.07.26 13:17:18.888,1.01514,1.01534,1.50,1.60
2012.07.26 13:17:19.742,1.01514,1.01534,1.50,1.60
2012.07.26 13:17:19.934,1.01511,1.01532,3.00,1.60
2012.07.26 13:17:20.187,1.01513,1.01534,1.50,1.60
2012.07.26 13:17:20.652,1.01511,1.01533,1.50,1.60
2012.07.26 13:17:21.840,1.01512,1.01535,1.50,3.10
2012.07.26 13:17:22.359,1.01513,1.01534,1.50,1.60
2012.07.26 13:17:22.895,1.01512,1.01532,1.50,1.60
2012.07.26 13:17:23.403,1.01511,1.01533,1.50,1.60
2012.07.26 13:17:26.989,1.0151,1.01531,3.00,1.60
2012.07.26 13:17:28.247,1.01506,1.01527,1.50,1.60
2012.07.26 13:17:28.467,1.01506,1.01527,1.50,1.60
2012.07.26 13:17:28.527,1.01504,1.01526,1.50,1.60
2012.07.26 13:17:28.802,1.01505,1.01528,2.16,3.10
2012.07.26 13:17:28.872,1.01507,1.01528,1.50,1.60
2012.07.26 13:17:29.257,1.01507,1.0153,2.16,1.60
2012.07.26 13:17:29.424,1.01507,1.0153,2.91,1.60
2012.07.26 13:17:29.537,1.0151,1.0153,2.16,1.60
2012.07.26 13:17:29.861,1.01508,1.01531,1.50,1.60
2012.07.26 13:17:30.190,1.01507,1.01527,1.50,1.60
2012.07.26 13:17:30.882,1.01508,1.01529,1.50,1.60
2012.07.26 13:17:32.336,1.01506,1.01528,3.00,1.60
2012.07.26 13:17:32.753,1.01508,1.0153,1.50,1.60
2012.07.26 13:17:33.506,1.01508,1.0153,3.66,1.60
2012.07.26 13:17:34.422,1.01508,1.01528,2.16,1.50
2012.07.26 13:17:35.561,1.01506,1.01527,2.16,1.50
2012.07.26 13:17:35.794,1.01505,1.01527,2.16,1.60
2012.07.26 13:17:36.002,1.01508,1.01531,1.50,1.60
2012.07.26 13:17:36.147,1.01505,1.01528,2.16,1.60
2012.07.26 13:17:36.207,1.0151,1.01528,1.50,1.60
2012.07.26 13:17:36.523,1.0151,1.01531,1.50,1.60
2012.07.26 13:17:36.799,1.0151,1.01531,2.16,1.50
2012.07.26 13:17:37.156,1.0151,1.01529,2.16,1.50
2012.07.26 13:17:37.220,1.01509,1.01529,1.04,1.50
2012.07.26 13:17:38.307,1.01509,1.01532,2.54,3.10
2012.07.26 13:17:38.367,1.01509,1.01532,2.16,3.10
2012.07.26 13:17:38.704,1.01512,1.01533,1.04,1.60
2012.07.26 13:17:39.067,1.0151,1.01533,2.54,1.60
2012.07.26 13:17:39.583,1.01511,1.01532,3.66,1.60
2012.07.26 13:17:41.561,1.01515,1.01535,1.50,1.60
2012.07.26 13:17:41.894,1.01515,1.01535,1.50,1.60
2012.07.26 13:17:42.121,1.01513,1.01533,1.50,1.60
2012.07.26 13:17:42.761,1.01513,1.01533,1.50,1.60
2012.07.26 13:17:42.876,1.01516,1.01538,2.16,1.60
2012.07.26 13:17:43.442,1.01519,1.01539,1.50,1.60
2012.07.26 13:17:43.779,1.01519,1.01539,1.50,1.60
2012.07.26 13:17:43.838,1.01519,1.01539,1.50,1.60
2012.07.26 13:17:44.011,1.01517,1.01537,1.50,1.60
2012.07.26 13:17:44.070,1.01517,1.01537,1.50,1.60
2012.07.26 13:17:44.184,1.01517,1.01537,1.50,1.60
2012.07.26 13:17:44.244,1.01514,1.01534,2.16,1.50
2012.07.26 13:17:44.315,1.01516,1.01536,1.50,3.10
2012.07.26 13:17:44.845,1.01519,1.01541,1.50,3.47
2012.07.26 13:17:45.369,1.01518,1.01538,1.50,1.60
2012.07.26 13:17:45.429,1.01518,1.01538,2.16,1.50
2012.07.26 13:17:45.817,1.01518,1.01538,1.50,1.60
2012.07.26 13:17:49.002,1.01518,1.01538,2.16,1.50
2012.07.26 13:17:49.116,1.0152,1.01542,2.16,1.60
2012.07.26 13:17:49.339,1.01523,1.01543,1.50,3.10
2012.07.26 13:17:49.976,1.01523,1.01543,1.50,1.60
2012.07.26 13:17:50.164,1.0152,1.01541,1.50,1.60
2012.07.26 13:17:50.914,1.01519,1.01541,1.50,1.60
2012.07.26 13:17:57.929,1.01519,1.01541,2.16,1.60
2012.07.26 13:17:58.061,1.01519,1.01541,2.16,1.50
2012.07.26 13:17:58.373,1.01523,1.01543,1.50,1.60
2012.07.26 13:17:59.439,1.01523,1.01543,1.50,1.60
2012.07.26 13:17:59.505,1.01523,1.01543,1.50,1.60
2012.07.26 13:17:59.674,1.01519,1.01541,2.16,1.60
2012.07.26 13:18:00.549,1.01519,1.01541,2.54,1.50
2012.07.26 13:18:00.769,1.01522,1.01544,2.16,1.60
2012.07.26 13:18:00.882,1.01519,1.01541,2.54,1.50
2012.07.26 13:18:03.057,1.01523,1.01543,2.16,1.60
2012.07.26 13:18:03.513,1.0152,1.01542,1.50,1.60
2012.07.26 13:18:03.692,1.01518,1.01538,2.16,1.50
2012.07.26 13:18:03.916,1.01515,1.01536,3.66,1.60
2012.07.26 13:18:04.053,1.01515,1.01534,2.16,1.50
2012.07.26 13:18:04.724,1.01515,1.01536,2.16,1.60
2012.07.26 13:18:05.286,1.01515,1.01536,3.66,1.50
2012.07.26 13:18:05.522,1.01517,1.01538,1.41,1.50
2012.07.26 13:18:06.693,1.01517,1.01537,1.41,1.50
2012.07.26 13:18:07.514,1.01514,1.01537,2.16,1.50
2012.07.26 13:18:07.573,1.01513,1.01534,3.66,1.50
2012.07.26 13:18:07.633,1.01513,1.01534,2.16,1.50
2012.07.26 13:18:08.234,1.01511,1.01532,2.16,1.50
2012.07.26 13:18:08.693,1.01511,1.01532,2.16,1.50
2012.07.26 13:18:08.753,1.01513,1.01534,2.16,1.50
2012.07.26 13:18:08.978,1.01513,1.01534,2.16,1.50
2012.07.26 13:18:09.632,1.01512,1.01533,2.16,1.50
2012.07.26 13:18:09.888,1.01514,1.01535,2.16,1.60
2012.07.26 13:18:10.001,1.01516,1.01536,2.16,1.50
2012.07.26 13:18:10.515,1.01515,1.01537,2.16,1.60
2012.07.26 13:18:10.855,1.0152,1.0154,1.50,1.60
2012.07.26 13:18:10.917,1.0152,1.0154,1.50,1.60
2012.07.26 13:18:11.229,1.01515,1.01538,2.16,1.60
2012.07.26 13:18:12.002,1.01515,1.01538,2.16,1.50
2012.07.26 13:18:12.193,1.0152,1.0154,1.50,1.60
2012.07.26 13:18:12.911,1.0152,1.0154,1.50,1.60
2012.07.26 13:18:13.234,1.0152,1.0154,1.50,1.60
2012.07.26 13:18:15.594,1.0152,1.0154,1.50,1.60
2012.07.26 13:18:18.772,1.0152,1.0154,1.50,1.60
2012.07.26 13:18:20.318,1.0152,1.0154,1.50,1.60
2012.07.26 13:18:22.504,1.0152,1.0154,2.16,1.60
2012.07.26 13:18:23.463,1.0152,1.0154,2.16,1.60
2012.07.26 13:18:24.035,1.0152,1.0154,2.16,1.60
2012.07.26 13:18:30.395,1.01522,1.01543,1.50,1.60
2012.07.26 13:18:32.447,1.01521,1.01541,1.50,1.60
2012.07.26 13:18:32.676,1.01518,1.01541,2.16,1.60
2012.07.26 13:18:33.062,1.01521,1.01541,1.50,1.60
2012.07.26 13:18:33.548,1.01518,1.01541,2.16,1.60
2012.07.26 13:18:37.966,1.01518,1.01541,1.50,1.60
2012.07.26 13:18:38.235,1.01516,1.01536,2.25,1.60
2012.07.26 13:18:38.475,1.01518,1.01538,1.50,3.10
2012.07.26 13:18:38.663,1.01518,1.01538,1.50,1.60
2012.07.26 13:18:40.471,1.01519,1.01539,1.50,1.60
2012.07.26 13:18:40.533,1.01516,1.01538,1.50,1.60
2012.07.26 13:18:42.936,1.01518,1.01539,1.50,1.60
2012.07.26 13:18:43.521,1.01519,1.01539,1.50,1.60
2012.07.26 13:18:43.799,1.01518,1.0154,2.16,1.50
2012.07.26 13:18:44.340,1.01522,1.01542,1.50,1.60
2012.07.26 13:18:45.704,1.01519,1.01541,2.54,1.60
2012.07.26 13:18:45.818,1.01519,1.01539,1.04,1.50
2012.07.26 13:18:45.933,1.01521,1.01541,1.50,1.60
2012.07.26 13:18:46.265,1.01521,1.01543,1.50,1.60
2012.07.26 13:18:48.181,1.01517,1.01536,1.41,1.50
2012.07.26 13:18:48.510,1.01519,1.01539,1.50,1.60
2012.07.26 13:18:49.030,1.01519,1.01541,2.16,1.60
2012.07.26 13:18:49.571,1.01518,1.01538,2.16,1.50
2012.07.26 13:18:50.069,1.0152,1.0154,1.50,1.60
2012.07.26 13:18:50.407,1.01523,1.01545,1.50,1.60
2012.07.26 13:18:50.611,1.01521,1.01543,3.00,1.60
2012.07.26 13:18:50.724,1.01519,1.01541,1.50,1.60
2012.07.26 13:18:51.249,1.01519,1.01541,2.16,1.60
2012.07.26 13:18:51.777,1.01521,1.01543,1.50,1.60
2012.07.26 13:18:52.328,1.01518,1.01539,2.16,1.60
2012.07.26 13:18:52.682,1.01522,1.01542,3.00,1.60
2012.07.26 13:18:53.168,1.01523,1.01545,2.16,1.50
2012.07.26 13:18:53.282,1.01529,1.01546,1.50,1.60
2012.07.26 13:18:53.616,1.01527,1.01548,2.84,1.60
2012.07.26 13:18:53.741,1.01527,1.01545,2.18,1.60
2012.07.26 13:18:53.907,1.01525,1.01545,1.50,1.60
2012.07.26 13:18:54.430,1.01523,1.01543,2.54,1.50
2012.07.26 13:18:54.944,1.01523,1.01543,2.16,1.50
2012.07.26 13:18:55.577,1.01526,1.01548,1.50,1.60
2012.07.26 13:18:55.802,1.01522,1.01543,2.16,1.50
2012.07.26 13:18:55.862,1.01522,1.01543,2.16,1.50
2012.07.26 13:18:55.922,1.01522,1.01543,2.16,1.50
2012.07.26 13:18:56.218,1.01524,1.01546,2.16,1.60
2012.07.26 13:18:56.874,1.01524,1.01545,2.16,1.50
2012.07.26 13:18:56.943,1.01522,1.01544,2.16,1.60
2012.07.26 13:19:00.211,1.01522,1.01544,2.91,1.50
2012.07.26 13:19:00.818,1.01525,1.01545,1.50,1.60
2012.07.26 13:19:02.403,1.01525,1.01545,2.16,1.60
2012.07.26 13:19:02.830,1.01529,1.01549,1.50,1.60
2012.07.26 13:19:02.998,1.01529,1.01549,1.50,1.60
2012.07.26 13:19:08.767,1.01529,1.01549,1.50,1.60
2012.07.26 13:19:09.768,1.01529,1.01549,2.16,1.50
2012.07.26 13:19:09.988,1.01526,1.01548,2.16,1.60
2012.07.26 13:19:13.810,1.01528,1.01548,1.50,1.60
2012.07.26 13:19:14.183,1.01528,1.01548,2.16,1.50
2012.07.26 13:19:14.698,1.01529,1.01551,2.16,1.60
2012.07.26 13:19:15.373,1.01528,1.01548,2.16,1.50
2012.07.26 13:19:15.599,1.01528,1.01548,1.50,1.60
2012.07.26 13:19:15.712,1.01526,1.01546,2.16,1.50
2012.07.26 13:19:17.503,1.01526,1.01546,1.50,1.60
2012.07.26 13:19:17.922,1.01525,1.01547,2.16,1.60
2012.07.26 13:19:18.143,1.01527,1.01546,1.41,1.50
2012.07.26 13:19:18.310,1.01528,1.01549,2.16,1.50
2012.07.26 13:19:18.378,1.0153,1.0155,1.50,1.60
2012.07.26 13:19:18.693,1.01527,1.01547,2.16,1.50
2012.07.26 13:19:20.041,1.01524,1.01546,4.04,1.50
2012.07.26 13:19:20.592,1.01527,1.01547,2.16,1.50
2012.07.26 13:19:20.815,1.01529,1.01549,1.50,1.50
2012.07.26 13:19:21.349,1.01526,1.01548,2.91,1.50
2012.07.26 13:19:23.743,1.01526,1.01547,2.16,1.50
2012.07.26 13:19:23.862,1.01524,1.01546,2.16,1.50
2012.07.26 13:19:25.367,1.01523,1.01543,2.54,1.50
2012.07.26 13:19:25.542,1.01523,1.01543,2.54,1.60
2012.07.26 13:19:25.821,1.01522,1.0154,1.41,1.50
2012.07.26 13:19:26.233,1.0152,1.0154,2.16,1.50
2012.07.26 13:19:26.457,1.01522,1.01537,1.41,1.50
2012.07.26 13:19:26.682,1.0152,1.01539,1.41,1.60
2012.07.26 13:19:26.742,1.01519,1.01539,2.16,1.50
2012.07.26 13:19:26.861,1.01517,1.01538,1.41,1.50
2012.07.26 13:19:27.030,1.01515,1.01535,2.16,1.50
2012.07.26 13:19:27.090,1.01515,1.01535,2.16,3.00
2012.07.26 13:19:27.966,1.01516,1.01538,2.16,1.60
2012.07.26 13:19:29.097,1.01516,1.01538,2.91,1.60
2012.07.26 13:19:29.769,1.01516,1.01538,2.16,1.60
2012.07.26 13:19:30.310,1.01515,1.01535,1.50,1.60
2012.07.26 13:19:30.502,1.01513,1.01533,1.88,1.60
2012.07.26 13:19:31.199,1.01511,1.01533,2.91,1.60
2012.07.26 13:19:35.513,1.01511,1.01532,2.91,1.50
2012.07.26 13:19:40.168,1.01514,1.01534,1.50,1.60
2012.07.26 13:19:40.681,1.01513,1.01533,2.16,1.60
2012.07.26 13:19:41.170,1.01516,1.01536,2.16,1.50
2012.07.26 13:19:41.232,1.01518,1.01538,1.50,1.60
2012.07.26 13:19:42.014,1.01518,1.01538,1.50,1.60
2012.07.26 13:19:42.074,1.01514,1.01537,2.16,1.60
2012.07.26 13:19:43.411,1.01514,1.01537,2.91,1.60
2012.07.26 13:19:43.843,1.01514,1.01537,3.66,1.60
2012.07.26 13:19:44.010,1.01514,1.01537,2.16,1.60
2012.07.26 13:19:45.888,1.01516,1.01536,3.66,1.50
2012.07.26 13:19:46.002,1.01516,1.01536,1.50,1.60
2012.07.26 13:19:46.659,1.01513,1.01536,2.54,1.60
2012.07.26 13:19:46.774,1.01513,1.01535,2.16,1.60
2012.07.26 13:19:48.723,1.01513,1.01535,2.16,1.50
2012.07.26 13:19:48.836,1.01513,1.01535,2.16,1.50
2012.07.26 13:19:48.950,1.01516,1.01538,1.50,1.60
2012.07.26 13:19:49.284,1.01514,1.01534,2.54,1.50
2012.07.26 13:19:49.879,1.01516,1.01537,1.50,1.60
2012.07.26 13:19:50.535,1.01516,1.01536,1.50,1.50
2012.07.26 13:19:50.594,1.01514,1.01533,1.04,1.50
2012.07.26 13:19:50.927,1.01515,1.01535,1.88,1.50
2012.07.26 13:19:50.987,1.01515,1.01535,1.50,1.50
2012.07.26 13:19:51.141,1.01515,1.01535,2.16,1.50
2012.07.26 13:19:51.534,1.01513,1.01533,2.16,1.50
2012.07.26 13:19:51.831,1.01513,1.01533,2.16,1.60
2012.07.26 13:19:52.113,1.01513,1.01535,2.25,1.60
2012.07.26 13:19:53.235,1.01513,1.01535,2.25,1.60
2012.07.26 13:19:53.836,1.01516,1.01536,1.50,1.60
2012.07.26 13:19:54.721,1.01516,1.01536,2.16,1.50
2012.07.26 13:19:55.659,1.01519,1.01539,2.16,1.60
2012.07.26 13:19:56.833,1.01517,1.01537,2.16,1.50
2012.07.26 13:19:56.948,1.01519,1.01539,1.50,1.60
2012.07.26 13:19:57.456,1.01518,1.01538,1.50,1.60
2012.07.26 13:19:57.841,1.01516,1.01536,1.50,1.60
2012.07.26 13:19:58.690,1.01516,1.01536,2.16,1.60
2012.07.26 13:19:59.016,1.01516,1.01536,2.16,1.50
2012.07.26 13:19:59.239,1.01519,1.01539,2.16,1.50
2012.07.26 13:19:59.744,1.01516,1.01538,2.16,1.50
2012.07.26 13:20:01.014,1.01516,1.01538,2.16,1.50
2012.07.26 13:20:04.848,1.01518,1.0154,2.16,1.60
2012.07.26 13:20:05.019,1.01517,1.01537,2.16,1.50
2012.07.26 13:20:05.242,1.01516,1.01536,1.50,1.60
2012.07.26 13:20:06.270,1.01516,1.01536,2.25,1.60
2012.07.26 13:20:06.383,1.01516,1.01536,2.25,1.60
2012.07.26 13:20:06.895,1.01511,1.01529,1.41,1.50
2012.07.26 13:20:07.010,1.01509,1.01531,1.04,1.50
2012.07.26 13:20:07.476,1.01513,1.01533,2.16,1.50
2012.07.26 13:20:07.596,1.01515,1.01537,2.16,1.60
2012.07.26 13:20:07.712,1.01509,1.01529,2.54,1.50
2012.07.26 13:20:08.157,1.01508,1.01528,1.04,1.50
2012.07.26 13:20:08.501,1.01508,1.01529,2.54,1.50
2012.07.26 13:20:08.811,1.01508,1.01529,2.54,1.50
2012.07.26 13:20:08.870,1.01508,1.01529,2.54,1.50
2012.07.26 13:20:09.814,1.01508,1.01529,2.16,1.50
2012.07.26 13:20:10.036,1.0151,1.01533,2.16,1.60
2012.07.26 13:20:12.021,1.0151,1.01533,2.16,1.60
2012.07.26 13:20:12.548,1.01506,1.01529,2.54,1.60
2012.07.26 13:20:12.615,1.01508,1.01531,2.54,1.60
2012.07.26 13:20:12.676,1.01508,1.01531,2.54,1.60
2012.07.26 13:20:13.270,1.01511,1.01532,1.50,1.60
2012.07.26 13:20:13.982,1.01511,1.01532,1.50,1.60
2012.07.26 13:20:16.068,1.01511,1.01532,1.50,1.60
2012.07.26 13:20:16.719,1.01511,1.01532,2.25,1.60
2012.07.26 13:20:16.778,1.01512,1.01532,1.41,1.60
2012.07.26 13:20:17.363,1.01514,1.01535,1.50,1.60
2012.07.26 13:20:17.885,1.01514,1.01535,2.16,3.10
2012.07.26 13:20:18.538,1.01514,1.01537,2.16,1.50
2012.07.26 13:20:18.681,1.01513,1.01534,1.04,1.50
2012.07.26 13:20:19.373,1.01513,1.01534,1.04,1.50
2012.07.26 13:20:19.932,1.01516,1.01535,1.41,1.50
2012.07.26 13:20:21.016,1.01516,1.01536,1.41,1.50
2012.07.26 13:20:21.415,1.01512,1.01534,2.91,1.50
2012.07.26 13:20:21.583,1.01512,1.01534,1.41,1.60
2012.07.26 13:20:21.696,1.01512,1.01533,1.41,1.50
2012.07.26 13:20:22.609,1.01513,1.01533,2.16,1.60
2012.07.26 13:20:23.132,1.01513,1.01533,2.16,1.50
2012.07.26 13:20:23.464,1.0151,1.0153,2.16,1.50
2012.07.26 13:20:23.542,1.0151,1.0153,2.16,1.50
2012.07.26 13:20:24.248,1.01509,1.01529,1.04,1.50
2012.07.26 13:20:24.361,1.01509,1.01531,2.16,1.60
2012.07.26 13:20:24.921,1.01512,1.01532,1.50,1.60
2012.07.26 13:20:25.101,1.01511,1.01533,1.50,3.10
2012.07.26 13:20:25.324,1.01509,1.01531,2.16,1.60
2012.07.26 13:20:25.733,1.01509,1.0153,2.16,1.50
2012.07.26 13:20:26.048,1.01512,1.01535,1.50,1.60
2012.07.26 13:20:26.270,1.01512,1.01535,1.50,1.60
2012.07.26 13:20:26.437,1.01512,1.01535,1.50,1.60
2012.07.26 13:20:26.971,1.01512,1.01535,2.16,1.60
2012.07.26 13:20:27.505,1.01515,1.01536,1.50,1.60
2012.07.26 13:20:28.383,1.01516,1.01537,1.50,1.60
2012.07.26 13:20:28.806,1.01516,1.01537,1.50,1.60
2012.07.26 13:20:28.959,1.01514,1.01535,2.16,1.60
2012.07.26 13:20:29.481,1.01516,1.01538,1.50,1.60
2012.07.26 13:20:29.845,1.01517,1.0154,1.50,1.60
2012.07.26 13:20:30.021,1.01517,1.0154,1.50,1.60
2012.07.26 13:20:30.665,1.01517,1.0154,1.50,1.60
2012.07.26 13:20:31.069,1.01515,1.01536,3.00,1.60
2012.07.26 13:20:31.801,1.01515,1.01536,2.16,1.60
2012.07.26 13:20:31.916,1.01515,1.01535,1.50,1.60
2012.07.26 13:20:32.183,1.01513,1.01533,1.50,1.60
2012.07.26 13:20:32.741,1.01515,1.01535,1.50,1.60
2012.07.26 13:20:33.665,1.01512,1.01531,1.50,1.50
2012.07.26 13:20:33.780,1.01509,1.01529,3.66,1.50
2012.07.26 13:20:34.004,1.01511,1.01533,2.16,1.50
2012.07.26 13:20:34.350,1.01514,1.01534,2.16,1.50
2012.07.26 13:20:34.698,1.01514,1.01534,1.50,1.60
2012.07.26 13:20:34.757,1.01514,1.01534,1.50,1.60
2012.07.26 13:20:34.871,1.01511,1.01531,2.16,1.50
2012.07.26 13:20:35.344,1.01509,1.0153,1.04,1.60
2012.07.26 13:20:35.704,1.01512,1.01532,1.50,1.60
2012.07.26 13:20:36.236,1.01512,1.01532,1.50,1.50
2012.07.26 13:20:41.299,1.01508,1.01528,4.71,1.50
2012.07.26 13:20:41.477,1.01509,1.01532,2.16,1.50
2012.07.26 13:20:41.556,1.01509,1.01532,2.16,1.60
2012.07.26 13:20:42.039,1.01509,1.01532,1.50,3.77
2012.07.26 13:20:42.631,1.01507,1.0153,1.88,1.60
2012.07.26 13:20:43.419,1.01513,1.01532,1.50,1.60
2012.07.26 13:20:43.478,1.01513,1.01532,1.50,1.60
2012.07.26 13:20:43.700,1.01513,1.01535,2.25,1.60
2012.07.26 13:20:43.814,1.01513,1.01535,1.50,1.60
2012.07.26 13:20:44.196,1.01514,1.01536,1.50,3.10
2012.07.26 13:20:44.522,1.01514,1.01536,2.54,3.10
2012.07.26 13:20:44.757,1.01517,1.01537,1.50,3.10
2012.07.26 13:20:45.762,1.01518,1.0154,1.50,1.60
2012.07.26 13:20:46.830,1.01517,1.01537,3.00,1.60
2012.07.26 13:20:48.854,1.01514,1.01534,4.04,1.50
2012.07.26 13:20:48.916,1.01514,1.01534,1.50,1.60
2012.07.26 13:20:48.975,1.01512,1.01532,1.50,1.60
2012.07.26 13:20:55.325,1.01514,1.01534,1.50,1.60
2012.07.26 13:20:56.407,1.01512,1.01532,3.00,1.50
2012.07.26 13:20:57.080,1.01512,1.01532,1.50,1.60
2012.07.26 13:21:04.330,1.01514,1.01536,1.50,1.60
2012.07.26 13:21:04.742,1.01511,1.01533,1.50,1.60
2012.07.26 13:21:11.073,1.01513,1.01533,1.50,1.60
2012.07.26 13:21:11.549,1.01511,1.01533,1.50,1.60
2012.07.26 13:21:12.580,1.01513,1.01535,1.50,1.60
2012.07.26 13:21:12.693,1.0151,1.01532,2.16,1.60
2012.07.26 13:21:15.582,1.01513,1.01532,1.50,1.60
2012.07.26 13:21:16.332,1.01516,1.01538,1.50,1.60
2012.07.26 13:21:17.592,1.01514,1.01534,1.50,1.60
2012.07.26 13:21:17.767,1.0151,1.01531,2.16,1.50
2012.07.26 13:21:18.868,1.01509,1.01531,2.16,1.50
2012.07.26 13:21:19.464,1.01508,1.01529,2.54,1.50
2012.07.26 13:21:19.819,1.0151,1.01527,1.41,1.50
2012.07.26 13:21:19.879,1.01508,1.01527,1.04,1.50
2012.07.26 13:21:19.972,1.01508,1.01527,1.04,1.50
2012.07.26 13:21:20.163,1.0151,1.01531,2.16,1.50
2012.07.26 13:21:20.404,1.0151,1.01531,3.66,1.50
2012.07.26 13:21:20.464,1.01512,1.01533,2.16,1.50
2012.07.26 13:21:20.524,1.01512,1.01533,1.50,1.60
2012.07.26 13:21:20.626,1.01512,1.01533,2.16,1.50
2012.07.26 13:21:21.501,1.01512,1.01533,1.50,1.60
2012.07.26 13:21:21.948,1.01512,1.01533,2.16,1.50
2012.07.26 13:21:23.754,1.01512,1.01533,2.25,1.60
2012.07.26 13:21:23.921,1.01512,1.01533,2.91,1.60
2012.07.26 13:21:24.684,1.01512,1.01531,1.41,1.50
2012.07.26 13:21:24.882,1.01513,1.01536,1.50,1.60
2012.07.26 13:21:25.116,1.01512,1.01531,2.91,1.50
2012.07.26 13:21:25.312,1.01512,1.01533,2.91,3.10
2012.07.26 13:21:25.670,1.01512,1.01533,2.91,1.50
2012.07.26 13:21:26.001,1.01512,1.01531,1.41,1.50
2012.07.26 13:21:26.170,1.01512,1.01532,1.41,3.77
2012.07.26 13:21:26.567,1.01509,1.01532,2.16,1.60
2012.07.26 13:21:27.005,1.01511,1.01532,1.41,1.50
2012.07.26 13:21:28.362,1.01509,1.01531,2.16,1.50
2012.07.26 13:21:28.751,1.01508,1.01529,2.16,1.50
2012.07.26 13:21:29.227,1.01511,1.01529,1.41,1.50
2012.07.26 13:21:29.433,1.01511,1.01532,2.91,1.50
2012.07.26 13:21:29.492,1.01511,1.01532,2.25,1.60
2012.07.26 13:21:29.552,1.01511,1.01532,2.91,1.50
2012.07.26 13:21:30.072,1.01511,1.01532,2.91,1.50
2012.07.26 13:21:30.827,1.01512,1.01533,2.16,1.50
2012.07.26 13:21:31.202,1.0151,1.01531,2.16,1.50
2012.07.26 13:21:31.667,1.0151,1.01531,1.50,1.60
2012.07.26 13:21:31.732,1.0151,1.01531,2.16,1.50
2012.07.26 13:21:32.206,1.0151,1.01531,1.50,1.60
2012.07.26 13:21:32.374,1.0151,1.01531,2.16,1.50
2012.07.26 13:21:32.553,1.0151,1.01531,1.50,1.60
2012.07.26 13:21:32.665,1.0151,1.01531,2.16,1.50
2012.07.26 13:21:33.723,1.0151,1.01531,2.16,1.50
2012.07.26 13:21:40.613,1.01507,1.0153,4.41,1.50
2012.07.26 13:21:41.180,1.01509,1.01532,2.16,3.68
2012.07.26 13:21:41.722,1.01508,1.01529,3.66,1.50
2012.07.26 13:21:43.162,1.01508,1.01529,2.16,1.50
2012.07.26 13:21:43.283,1.01508,1.01529,2.16,1.50
2012.07.26 13:21:46.961,1.01508,1.01529,2.16,1.50
2012.07.26 13:21:47.072,1.01508,1.01529,2.16,1.50
2012.07.26 13:21:49.622,1.01508,1.01529,2.16,1.50
2012.07.26 13:21:50.262,1.01507,1.01528,1.41,1.50
2012.07.26 13:21:50.511,1.01504,1.01527,1.88,1.60
2012.07.26 13:21:50.735,1.01504,1.01526,1.50,1.60
2012.07.26 13:21:50.958,1.01504,1.01526,2.16,1.50
2012.07.26 13:21:51.353,1.01508,1.0153,1.50,1.60
2012.07.26 13:21:51.685,1.0151,1.01532,1.50,1.60
2012.07.26 13:21:51.798,1.0151,1.01532,1.50,1.60
2012.07.26 13:21:52.169,1.01509,1.0153,1.04,1.50
2012.07.26 13:21:52.467,1.01509,1.0153,1.04,1.50
2012.07.26 13:21:53.131,1.01509,1.0153,1.04,1.50
2012.07.26 13:21:53.674,1.01511,1.01533,1.50,1.60
2012.07.26 13:21:54.292,1.01509,1.01531,2.54,1.50
2012.07.26 13:21:57.557,1.01509,1.01528,1.04,1.50
2012.07.26 13:21:58.384,1.01509,1.01531,2.54,1.50
2012.07.26 13:21:59.290,1.01509,1.01531,2.54,1.60
2012.07.26 13:21:59.914,1.01509,1.01531,2.54,1.50
2012.07.26 13:22:00.028,1.01515,1.01531,1.50,1.50
2012.07.26 13:22:00.142,1.01516,1.01538,1.50,2.35
2012.07.26 13:22:00.417,1.0151,1.01528,2.16,1.50
2012.07.26 13:22:00.530,1.01506,1.01526,2.16,1.50
2012.07.26 13:22:00.643,1.01506,1.01526,2.16,1.50
2012.07.26 13:22:00.813,1.01508,1.01528,2.16,1.50
2012.07.26 13:22:01.699,1.01505,1.01527,2.16,1.50
2012.07.26 13:22:02.226,1.01508,1.01528,2.16,1.50
2012.07.26 13:22:04.922,1.0151,1.0153,1.50,1.60
2012.07.26 13:22:06.202,1.0151,1.0153,1.50,1.60
2012.07.26 13:22:06.976,1.0151,1.0153,2.16,1.50
2012.07.26 13:22:07.634,1.0151,1.0153,1.50,1.60
2012.07.26 13:22:07.884,1.01507,1.01528,2.16,1.60
2012.07.26 13:22:08.561,1.0151,1.0153,1.50,1.60
2012.07.26 13:22:09.754,1.0151,1.0153,2.16,1.50
2012.07.26 13:22:10.203,1.01508,1.01528,1.04,1.50
2012.07.26 13:22:10.264,1.01508,1.01528,1.04,1.50
2012.07.26 13:22:10.956,1.01509,1.01529,2.16,1.50
2012.07.26 13:22:14.234,1.01509,1.01529,2.16,1.50
2012.07.26 13:22:17.972,1.01507,1.01529,1.41,1.60
2012.07.26 13:22:18.085,1.01507,1.01527,1.79,1.50
2012.07.26 13:22:18.198,1.01507,1.01527,1.41,1.50
2012.07.26 13:22:18.699,1.01507,1.01526,1.41,1.50
2012.07.26 13:22:20.818,1.01509,1.01529,1.50,1.60
2012.07.26 13:22:21.115,1.01506,1.01528,2.16,1.60
2012.07.26 13:22:21.398,1.01509,1.01529,2.16,1.50
2012.07.26 13:22:21.728,1.01509,1.01529,2.16,1.50
2012.07.26 13:22:21.787,1.01509,1.01529,2.16,1.50
2012.07.26 13:22:21.901,1.01508,1.0153,2.16,1.60
2012.07.26 13:22:22.049,1.01506,1.01528,2.16,1.50
2012.07.26 13:22:25.249,1.01506,1.01528,3.66,1.50
2012.07.26 13:22:25.363,1.01506,1.01528,2.16,1.60
2012.07.26 13:22:25.531,1.01504,1.01526,3.66,1.50
2012.07.26 13:22:25.808,1.01504,1.01526,2.54,1.50
2012.07.26 13:22:26.073,1.01505,1.01524,2.16,1.50
2012.07.26 13:22:26.441,1.01506,1.01526,2.16,1.50
2012.07.26 13:22:26.736,1.01508,1.01528,2.16,1.50
2012.07.26 13:22:28.547,1.01506,1.01527,2.16,1.50
2012.07.26 13:22:28.660,1.01506,1.01527,2.16,1.50
2012.07.26 13:22:28.774,1.01504,1.01523,2.16,1.50
2012.07.26 13:22:29.002,1.01506,1.01526,2.16,1.50
2012.07.26 13:22:29.062,1.01506,1.01528,2.16,1.50
2012.07.26 13:22:29.121,1.01506,1.01528,1.50,1.60
2012.07.26 13:22:29.424,1.01506,1.01528,2.16,1.50
2012.07.26 13:22:29.485,1.01503,1.01525,2.16,1.50
2012.07.26 13:22:29.816,1.01506,1.01525,2.91,1.50
2012.07.26 13:22:29.876,1.01506,1.01525,1.50,1.50
2012.07.26 13:22:29.936,1.01507,1.01529,1.50,1.60
2012.07.26 13:22:30.158,1.01505,1.01527,2.16,1.60
2012.07.26 13:22:32.047,1.01509,1.01528,1.50,1.60
2012.07.26 13:22:32.437,1.01505,1.01527,2.16,1.60
2012.07.26 13:22:32.731,1.01507,1.01527,1.41,1.50
2012.07.26 13:22:33.342,1.01508,1.01528,2.16,1.50
2012.07.26 13:22:33.516,1.01508,1.01528,1.50,1.60
2012.07.26 13:22:34.395,1.01506,1.01526,2.16,1.50
2012.07.26 13:22:34.959,1.01506,1.01526,1.50,1.50
2012.07.26 13:22:35.828,1.01506,1.01526,1.50,1.60
2012.07.26 13:22:35.888,1.01501,1.01523,2.91,1.60
2012.07.26 13:22:36.542,1.01501,1.01523,3.66,1.60
2012.07.26 13:22:36.603,1.01504,1.01524,1.50,1.60
2012.07.26 13:22:38.379,1.01504,1.01524,1.50,1.60
2012.07.26 13:22:39.082,1.01505,1.01527,1.50,1.60
2012.07.26 13:22:39.944,1.01505,1.01527,2.16,1.60
2012.07.26 13:22:40.112,1.01505,1.01527,2.16,1.50
2012.07.26 13:22:40.659,1.01508,1.01528,2.16,2.35
2012.07.26 13:22:41.124,1.01507,1.0153,1.50,1.60
2012.07.26 13:22:41.237,1.01507,1.0153,2.16,1.60
2012.07.26 13:22:41.358,1.01506,1.01526,2.16,1.50
2012.07.26 13:22:41.727,1.01509,1.01531,1.50,1.60
2012.07.26 13:22:41.788,1.01507,1.01526,1.50,1.60
2012.07.26 13:22:41.848,1.01504,1.01526,1.04,1.60
2012.07.26 13:22:41.989,1.01504,1.01522,1.04,1.50
2012.07.26 13:22:42.718,1.01504,1.01522,1.04,1.50
2012.07.26 13:22:42.885,1.01504,1.01522,1.04,1.50
2012.07.26 13:22:43.567,1.01497,1.01517,5.09,1.50
2012.07.26 13:22:43.681,1.01501,1.01523,2.16,1.50
2012.07.26 13:22:43.743,1.01501,1.01523,2.16,1.60
2012.07.26 13:22:43.804,1.01504,1.01524,1.50,1.60
2012.07.26 13:22:44.163,1.01506,1.01526,1.50,1.60
2012.07.26 13:22:44.995,1.01506,1.01526,2.25,1.60
2012.07.26 13:22:46.041,1.01506,1.01526,2.91,1.50
2012.07.26 13:22:46.559,1.01507,1.01526,1.41,1.50
2012.07.26 13:22:46.705,1.01508,1.01528,2.16,1.60
2012.07.26 13:22:46.925,1.01508,1.01528,2.16,1.50
2012.07.26 13:22:47.268,1.0151,1.0153,2.16,1.50
2012.07.26 13:22:48.126,1.01508,1.01529,2.84,1.50
2012.07.26 13:22:48.350,1.01503,1.01525,2.54,1.50
2012.07.26 13:22:48.691,1.01506,1.01526,1.50,1.60
2012.07.26 13:22:48.920,1.01507,1.01529,1.50,1.60
2012.07.26 13:22:49.370,1.01504,1.01526,3.38,1.60
2012.07.26 13:22:49.430,1.01504,1.01526,2.54,1.50
2012.07.26 13:22:49.793,1.01506,1.01528,1.50,3.10
2012.07.26 13:22:51.266,1.01507,1.01527,1.50,1.60
2012.07.26 13:22:51.326,1.01507,1.01527,2.16,1.50
2012.07.26 13:22:51.815,1.01505,1.0152,1.50,1.50
2012.07.26 13:22:51.874,1.01501,1.01522,2.16,1.60
2012.07.26 13:22:52.325,1.01505,1.01526,1.50,1.60
2012.07.26 13:22:52.498,1.01503,1.01521,2.16,1.50
2012.07.26 13:22:52.726,1.01499,1.01519,4.04,1.50
2012.07.26 13:22:53.198,1.01498,1.01517,1.04,1.50
2012.07.26 13:22:53.751,1.01497,1.01517,2.16,1.50
2012.07.26 13:22:53.865,1.01499,1.01521,2.16,1.60
2012.07.26 13:22:56.809,1.01501,1.01523,1.50,1.60
2012.07.26 13:22:57.320,1.01501,1.01523,1.50,1.60
2012.07.26 13:22:58.864,1.015,1.0152,1.50,1.60
2012.07.26 13:22:59.901,1.01502,1.01522,1.50,1.60
2012.07.26 13:23:00.222,1.01502,1.01522,2.16,1.50
2012.07.26 13:23:01.135,1.01504,1.01524,2.16,1.60
2012.07.26 13:23:04.687,1.01501,1.01523,2.16,1.50
2012.07.26 13:23:08.592,1.01504,1.01524,2.16,3.10
2012.07.26 13:23:09.534,1.01504,1.01524,2.16,1.50
2012.07.26 13:23:10.128,1.01504,1.01524,1.50,1.60
2012.07.26 13:23:10.470,1.01502,1.01522,1.50,1.60
2012.07.26 13:23:10.584,1.015,1.0152,3.66,1.60
2012.07.26 13:23:13.026,1.01502,1.01522,1.50,1.60
2012.07.26 13:23:13.866,1.015,1.0152,2.16,1.60
2012.07.26 13:23:13.979,1.015,1.0152,2.16,1.50
2012.07.26 13:23:14.147,1.01501,1.01524,2.16,1.60
2012.07.26 13:23:14.316,1.01501,1.01524,2.16,1.60
2012.07.26 13:23:14.634,1.01498,1.01521,2.16,1.50
2012.07.26 13:23:14.872,1.01496,1.01517,2.16,1.50
2012.07.26 13:23:15.041,1.01497,1.0152,2.16,1.50
2012.07.26 13:23:15.394,1.015,1.01522,2.16,1.60
2012.07.26 13:23:15.631,1.01498,1.01521,2.16,1.60
2012.07.26 13:23:15.962,1.01498,1.01521,1.50,1.60
2012.07.26 13:23:16.185,1.01498,1.01518,1.04,1.50
2012.07.26 13:23:16.945,1.01499,1.01522,1.88,1.60
2012.07.26 13:23:17.168,1.01498,1.01519,1.88,1.60
2012.07.26 13:23:18.499,1.01495,1.01518,2.16,1.60
2012.07.26 13:23:19.031,1.01495,1.01518,2.16,1.60
2012.07.26 13:23:19.554,1.01495,1.01518,2.16,1.60
2012.07.26 13:23:23.226,1.01495,1.01518,2.16,1.60
2012.07.26 13:23:25.403,1.01493,1.01516,1.88,1.60
2012.07.26 13:23:26.835,1.01493,1.01516,2.54,1.60
2012.07.26 13:23:26.894,1.01495,1.01518,1.50,1.60
2012.07.26 13:23:27.200,1.01499,1.01519,1.50,1.60
2012.07.26 13:23:27.390,1.01495,1.01518,1.50,1.60
2012.07.26 13:23:27.475,1.01495,1.01518,2.16,1.60
2012.07.26 13:23:27.707,1.01498,1.0152,1.50,1.60
2012.07.26 13:23:28.603,1.01498,1.0152,2.16,1.60
2012.07.26 13:23:29.050,1.01498,1.0152,2.16,1.60
2012.07.26 13:23:30.246,1.01496,1.01518,2.16,1.50
2012.07.26 13:23:30.916,1.01497,1.0152,2.16,1.60
2012.07.26 13:23:31.253,1.01496,1.01519,1.50,1.60
2012.07.26 13:23:31.586,1.01498,1.0152,2.16,1.60
2012.07.26 13:23:31.908,1.01498,1.0152,1.50,1.60
2012.07.26 13:23:32.022,1.01498,1.0152,2.16,1.50
2012.07.26 13:23:32.504,1.01503,1.01523,1.50,1.60
2012.07.26 13:23:33.006,1.01503,1.01523,1.50,1.60
2012.07.26 13:23:33.546,1.01503,1.01523,1.50,1.60
2012.07.26 13:23:33.605,1.01501,1.01521,2.16,1.60
2012.07.26 13:23:33.665,1.01501,1.01517,2.16,1.50
2012.07.26 13:23:33.780,1.01495,1.01516,2.16,1.50
2012.07.26 13:23:33.849,1.01498,1.01518,1.50,1.60
2012.07.26 13:23:33.966,1.01496,1.01517,2.16,1.60
2012.07.26 13:23:34.188,1.01498,1.01518,1.50,1.60
2012.07.26 13:23:34.719,1.01498,1.01518,1.50,1.60
2012.07.26 13:23:34.782,1.01495,1.01518,2.16,1.60
2012.07.26 13:23:35.008,1.01493,1.01516,2.16,1.60
2012.07.26 13:23:35.528,1.01495,1.01518,3.00,1.60
2012.07.26 13:23:35.588,1.01497,1.01519,1.50,1.60
2012.07.26 13:23:36.134,1.01498,1.01518,1.50,1.60
2012.07.26 13:23:36.248,1.01495,1.01518,2.16,1.60
2012.07.26 13:23:37.519,1.01496,1.01518,1.50,1.60
2012.07.26 13:23:37.578,1.01498,1.01518,1.50,1.60
2012.07.26 13:23:38.351,1.01499,1.01518,1.50,1.60
2012.07.26 13:23:38.689,1.01503,1.01526,1.50,1.60
2012.07.26 13:23:39.024,1.01507,1.01528,1.50,1.97
2012.07.26 13:23:39.233,1.01507,1.01528,1.50,1.97
2012.07.26 13:23:39.347,1.01507,1.01528,1.50,1.97
2012.07.26 13:23:39.496,1.01505,1.01525,1.50,1.60
2012.07.26 13:23:39.717,1.01506,1.01529,1.50,1.97
2012.07.26 13:23:41.028,1.0151,1.0153,1.50,1.60
2012.07.26 13:23:41.546,1.01509,1.01532,1.50,1.60
2012.07.26 13:23:45.061,1.01512,1.01534,1.50,1.60
2012.07.26 13:23:45.282,1.01512,1.01534,2.91,1.60
2012.07.26 13:23:45.396,1.01517,1.01535,2.16,1.50
2012.07.26 13:23:45.456,1.01517,1.01537,2.16,1.50
2012.07.26 13:23:45.625,1.01518,1.0154,4.34,1.50
2012.07.26 13:23:45.957,1.0152,1.01542,1.50,1.60
2012.07.26 13:23:46.179,1.01516,1.01538,2.16,1.60
2012.07.26 13:23:46.294,1.01515,1.01535,1.50,1.60
2012.07.26 13:23:46.733,1.01515,1.01535,2.16,1.50
2012.07.26 13:23:46.814,1.01515,1.01535,1.50,1.60
2012.07.26 13:23:46.925,1.01515,1.01535,2.16,1.50
2012.07.26 13:23:47.155,1.01515,1.01535,1.50,1.60
2012.07.26 13:23:49.071,1.01515,1.01535,1.50,1.60
2012.07.26 13:23:50.472,1.01518,1.01538,2.16,3.10
2012.07.26 13:23:50.532,1.0152,1.0154,1.50,1.60
2012.07.26 13:23:51.254,1.0152,1.0154,2.16,1.50
2012.07.26 13:23:51.505,1.01523,1.01545,1.50,1.60
2012.07.26 13:23:52.026,1.01524,1.01544,1.50,3.10
2012.07.26 13:23:52.116,1.01522,1.01542,1.50,1.60
2012.07.26 13:23:52.775,1.01523,1.01545,1.50,1.60
2012.07.26 13:23:53.351,1.01521,1.01541,3.66,1.60
2012.07.26 13:23:53.776,1.01524,1.01544,2.16,1.50
2012.07.26 13:23:54.738,1.01524,1.01544,2.16,1.60
2012.07.26 13:23:54.863,1.01527,1.01549,2.16,1.60
2012.07.26 13:23:55.055,1.0153,1.01549,1.50,1.60
2012.07.26 13:23:55.168,1.01531,1.01553,1.50,2.95
2012.07.26 13:23:55.231,1.0153,1.0155,1.50,1.60
2012.07.26 13:23:55.620,1.0153,1.0155,1.50,1.60
2012.07.26 13:23:56.400,1.0153,1.0155,1.50,1.60
2012.07.26 13:23:57.369,1.0153,1.0155,1.50,1.60
2012.07.26 13:23:57.483,1.01519,1.01542,2.54,1.60
2012.07.26 13:23:57.542,1.01519,1.01542,2.16,1.60
2012.07.26 13:23:57.725,1.01523,1.01542,1.50,1.60
2012.07.26 13:23:57.841,1.01524,1.01546,1.50,1.60
2012.07.26 13:23:57.955,1.01526,1.01546,1.50,1.60
2012.07.26 13:23:58.257,1.01529,1.01551,1.50,1.60
2012.07.26 13:23:58.759,1.01529,1.01551,1.50,1.60
2012.07.26 13:24:00.375,1.01526,1.01548,2.25,1.60
2012.07.26 13:24:02.106,1.01529,1.01549,1.50,1.60
2012.07.26 13:24:02.782,1.01529,1.01549,1.50,1.60
2012.07.26 13:24:02.950,1.01525,1.01545,1.50,1.60
2012.07.26 13:24:03.157,1.01527,1.01547,1.50,1.97
2012.07.26 13:24:03.216,1.01525,1.01546,1.50,1.60
2012.07.26 13:24:03.731,1.01526,1.01548,1.50,1.97
2012.07.26 13:24:04.887,1.01526,1.01548,1.50,1.60
2012.07.26 13:24:07.431,1.01528,1.0155,1.50,1.60
2012.07.26 13:24:07.747,1.01532,1.01553,1.50,1.60
2012.07.26 13:24:08.806,1.01532,1.01553,1.50,1.60
2012.07.26 13:24:09.452,1.01529,1.01552,1.50,1.60
2012.07.26 13:24:09.989,1.0153,1.0155,1.50,1.60
2012.07.26 13:24:10.143,1.01527,1.01547,5.18,1.60
2012.07.26 13:24:10.359,1.01529,1.01547,1.50,1.60
2012.07.26 13:24:11.788,1.01532,1.01552,1.50,1.60
2012.07.26 13:24:11.918,1.01528,1.01551,1.50,1.60
2012.07.26 13:24:12.141,1.01526,1.01549,2.25,1.60
2012.07.26 13:24:12.365,1.01524,1.01545,2.16,1.60
2012.07.26 13:24:12.479,1.01521,1.01544,2.16,1.60
2012.07.26 13:24:12.845,1.01524,1.01545,1.50,1.60
2012.07.26 13:24:12.963,1.01522,1.01542,1.50,1.60
2012.07.26 13:24:13.076,1.01526,1.01547,1.50,1.60
2012.07.26 13:24:13.747,1.01526,1.01547,1.50,1.60
2012.07.26 13:24:14.249,1.01526,1.01547,1.50,1.60
2012.07.26 13:24:14.761,1.01526,1.01547,1.50,1.60
2012.07.26 13:24:14.962,1.01524,1.01545,1.50,1.60
2012.07.26 13:24:15.130,1.01524,1.01545,1.50,1.60
2012.07.26 13:24:15.634,1.01524,1.01545,1.50,1.60
2012.07.26 13:24:15.694,1.01519,1.01542,2.63,1.60
2012.07.26 13:24:15.816,1.0152,1.01541,1.50,1.60
2012.07.26 13:24:15.984,1.0152,1.01541,1.50,1.60
2012.07.26 13:24:16.205,1.01519,1.01542,2.16,1.60
2012.07.26 13:24:16.446,1.01523,1.01543,1.50,1.60
2012.07.26 13:24:16.975,1.01521,1.01543,1.50,1.60
2012.07.26 13:24:17.165,1.0152,1.01543,1.50,1.60
2012.07.26 13:24:17.332,1.01518,1.01541,1.50,1.60
2012.07.26 13:24:17.599,1.01516,1.01538,1.50,1.60
2012.07.26 13:24:17.658,1.0152,1.01539,1.50,1.60
2012.07.26 13:24:17.770,1.01518,1.01539,1.50,1.60
2012.07.26 13:24:17.938,1.01516,1.01537,1.50,1.60
2012.07.26 13:24:18.134,1.01516,1.01537,2.16,1.60
2012.07.26 13:24:18.193,1.01513,1.01533,1.04,1.50
2012.07.26 13:24:18.253,1.01513,1.01533,1.04,1.50
2012.07.26 13:24:18.757,1.01509,1.01532,2.16,1.50
2012.07.26 13:24:18.978,1.01509,1.01532,2.16,1.50
2012.07.26 13:24:19.482,1.01512,1.01532,2.54,1.50
2012.07.26 13:24:19.542,1.01518,1.01532,2.18,1.50
2012.07.26 13:24:19.768,1.01512,1.01532,2.16,1.60
2012.07.26 13:24:19.943,1.01509,1.0153,2.54,1.50
2012.07.26 13:24:20.397,1.01508,1.0153,2.54,1.50
2012.07.26 13:24:24.268,1.01512,1.01532,2.16,1.60
2012.07.26 13:24:27.426,1.0151,1.01533,2.16,1.50
2012.07.26 13:24:27.595,1.01515,1.01536,2.16,1.97
2012.07.26 13:24:29.110,1.01515,1.01536,1.50,1.60
2012.07.26 13:24:29.450,1.01512,1.01535,3.00,1.60
2012.07.26 13:24:30.736,1.01512,1.01535,4.41,1.60
2012.07.26 13:24:31.059,1.01518,1.01538,1.50,1.60
2012.07.26 13:24:31.421,1.01515,1.01538,1.50,1.60
2012.07.26 13:24:32.282,1.01518,1.01538,1.50,1.60
2012.07.26 13:24:34.602,1.01518,1.01536,1.50,2.20
2012.07.26 13:24:34.661,1.01513,1.01533,1.50,1.60
2012.07.26 13:24:34.883,1.01511,1.01531,1.50,1.60
2012.07.26 13:24:34.942,1.01511,1.01531,1.50,1.60
2012.07.26 13:24:35.185,1.01509,1.01529,1.50,1.60
2012.07.26 13:24:35.338,1.01509,1.01529,1.50,1.60
2012.07.26 13:24:35.702,1.01512,1.01534,1.50,1.60
2012.07.26 13:24:36.066,1.0151,1.01532,1.50,1.60
2012.07.26 13:24:37.196,1.0151,1.01532,2.25,1.60
2012.07.26 13:24:37.745,1.0151,1.01532,1.50,1.60
2012.07.26 13:24:39.146,1.01508,1.01528,3.66,1.60
2012.07.26 13:24:39.205,1.01508,1.01528,2.91,1.60
2012.07.26 13:24:39.663,1.01508,1.01528,1.50,1.60
2012.07.26 13:24:40.206,1.01507,1.01527,1.50,1.60
2012.07.26 13:24:40.373,1.01504,1.01526,3.00,1.60
2012.07.26 13:24:40.432,1.01504,1.01526,1.50,1.60
2012.07.26 13:24:41.089,1.01504,1.01526,1.50,1.60
2012.07.26 13:24:42.308,1.01504,1.01526,2.25,1.60
2012.07.26 13:24:42.759,1.01504,1.01526,1.50,1.60
2012.07.26 13:24:42.872,1.01504,1.01526,2.16,1.60
2012.07.26 13:24:42.985,1.01509,1.01527,1.50,1.50
2012.07.26 13:24:43.044,1.0151,1.01533,1.50,3.10
2012.07.26 13:24:43.212,1.0151,1.01533,1.50,2.20
2012.07.26 13:24:43.807,1.01509,1.0153,1.50,1.60
2012.07.26 13:24:46.935,1.01509,1.0153,1.50,1.60
2012.07.26 13:24:47.048,1.01509,1.0153,2.25,1.60
2012.07.26 13:24:47.420,1.01509,1.0153,1.50,1.60
2012.07.26 13:24:48.879,1.01509,1.0153,1.50,1.60
2012.07.26 13:24:49.896,1.01509,1.0153,1.50,1.60
2012.07.26 13:24:51.263,1.01509,1.0153,1.50,1.60
2012.07.26 13:24:51.594,1.01511,1.01532,1.50,1.60
2012.07.26 13:24:51.926,1.01513,1.01535,1.50,1.60
2012.07.26 13:24:52.094,1.01513,1.01535,2.16,2.20
2012.07.26 13:24:52.640,1.01515,1.01538,1.50,1.60
2012.07.26 13:24:52.699,1.01515,1.01538,2.16,1.60
2012.07.26 13:24:53.049,1.01515,1.01538,1.50,1.60
2012.07.26 13:24:53.375,1.01515,1.01538,1.50,1.60
2012.07.26 13:24:53.688,1.01515,1.01538,1.50,1.60
2012.07.26 13:24:53.937,1.01515,1.01538,1.50,1.60
2012.07.26 13:24:54.165,1.01513,1.01536,1.50,1.60
2012.07.26 13:24:55.042,1.0151,1.01532,1.50,1.60
2012.07.26 13:24:55.558,1.0151,1.01532,1.50,1.60
2012.07.26 13:24:56.642,1.0151,1.01532,1.50,1.60
2012.07.26 13:24:56.978,1.01509,1.0153,1.50,1.60
2012.07.26 13:24:57.038,1.01509,1.0153,1.50,1.60
2012.07.26 13:24:57.097,1.01507,1.0153,2.25,1.60
2012.07.26 13:24:57.332,1.01509,1.01532,1.50,1.60
2012.07.26 13:24:57.391,1.01509,1.01532,2.16,1.60
2012.07.26 13:24:57.505,1.01509,1.01532,2.16,1.60
2012.07.26 13:24:57.811,1.01509,1.01532,1.50,1.60
2012.07.26 13:24:58.767,1.01509,1.01532,1.50,1.60
2012.07.26 13:25:00.021,1.01509,1.01532,1.50,3.77
2012.07.26 13:25:00.318,1.01509,1.01532,2.16,1.97
2012.07.26 13:25:00.483,1.01509,1.01526,2.16,1.50
2012.07.26 13:25:01.245,1.01508,1.0153,1.50,1.60
2012.07.26 13:25:01.312,1.01505,1.01527,1.50,1.60
2012.07.26 13:25:02.067,1.01505,1.01527,1.50,1.60
2012.07.26 13:25:03.149,1.01507,1.01529,1.50,3.10
2012.07.26 13:25:03.456,1.01507,1.01529,2.16,1.60
2012.07.26 13:25:04.024,1.01509,1.01531,1.50,1.60
2012.07.26 13:25:04.615,1.01508,1.01529,2.84,1.60
2012.07.26 13:25:04.911,1.0151,1.0153,1.50,3.10
2012.07.26 13:25:05.396,1.01508,1.01528,3.68,1.60
2012.07.26 13:25:05.510,1.01508,1.01526,2.18,1.50
2012.07.26 13:25:05.699,1.01508,1.01528,3.68,1.60
2012.07.26 13:25:07.041,1.01508,1.01528,3.68,1.60
2012.07.26 13:25:07.103,1.01506,1.01526,1.50,1.60
2012.07.26 13:25:07.361,1.01504,1.01524,1.50,1.60
2012.07.26 13:25:07.928,1.01505,1.01527,1.50,1.60
2012.07.26 13:25:08.568,1.01507,1.01528,1.50,1.60
2012.07.26 13:25:08.776,1.01507,1.01529,1.50,1.60
2012.07.26 13:25:12.662,1.01506,1.01526,1.50,1.60
2012.07.26 13:25:13.206,1.01508,1.0153,1.50,1.60
2012.07.26 13:25:13.375,1.01506,1.01528,1.50,1.60
2012.07.26 13:25:13.874,1.01514,1.01529,1.50,1.60
2012.07.26 13:25:14.100,1.01511,1.01531,1.50,1.60
2012.07.26 13:25:14.214,1.01513,1.01533,1.50,3.10
2012.07.26 13:25:14.381,1.0151,1.01532,1.50,1.60
2012.07.26 13:25:14.722,1.01512,1.01534,1.50,1.60
2012.07.26 13:25:15.297,1.01511,1.01531,1.50,1.60
2012.07.26 13:25:15.502,1.01511,1.01531,1.50,1.60
2012.07.26 13:25:15.744,1.01511,1.01531,1.50,1.60
2012.07.26 13:25:15.861,1.01509,1.01529,1.50,1.60
2012.07.26 13:25:17.338,1.0151,1.01531,1.50,1.60
2012.07.26 13:25:18.372,1.01511,1.01533,1.50,1.60
2012.07.26 13:25:18.973,1.0151,1.01531,1.50,1.60
2012.07.26 13:25:19.992,1.0151,1.01531,2.25,1.60
2012.07.26 13:25:20.372,1.01518,1.01531,2.18,1.60
2012.07.26 13:25:20.433,1.0151,1.01531,1.50,1.60
2012.07.26 13:25:20.680,1.01511,1.01533,2.16,1.50
2012.07.26 13:25:21.072,1.01511,1.01533,2.16,1.50
2012.07.26 13:25:21.139,1.01511,1.01533,2.16,1.60
2012.07.26 13:25:21.591,1.01511,1.01533,2.16,1.50
2012.07.26 13:25:21.775,1.01511,1.01533,2.16,1.60
2012.07.26 13:25:21.889,1.01509,1.01531,1.50,1.60
2012.07.26 13:25:22.488,1.01509,1.01531,1.50,1.60
2012.07.26 13:25:23.566,1.01511,1.01533,1.50,1.60
2012.07.26 13:25:23.897,1.01514,1.01534,1.50,1.60
2012.07.26 13:25:24.177,1.01512,1.01533,1.41,1.60
2012.07.26 13:25:24.236,1.01512,1.01533,1.41,1.60
2012.07.26 13:25:24.296,1.01515,1.01535,1.50,1.60
2012.07.26 13:25:24.629,1.01517,1.01539,1.50,1.60
2012.07.26 13:25:25.197,1.01516,1.01536,1.50,1.60
2012.07.26 13:25:26.554,1.01517,1.01539,1.50,3.10
2012.07.26 13:25:26.619,1.01517,1.01539,1.50,3.10
2012.07.26 13:25:30.142,1.01514,1.01536,2.16,1.60
2012.07.26 13:25:35.246,1.01515,1.01536,1.50,1.60
2012.07.26 13:25:35.657,1.01514,1.01536,1.50,1.60
2012.07.26 13:25:35.824,1.01511,1.01533,1.50,1.60
2012.07.26 13:25:36.332,1.01513,1.01535,1.50,3.10
2012.07.26 13:25:36.391,1.01513,1.01535,1.50,3.10
2012.07.26 13:25:38.192,1.01512,1.01532,1.50,1.60
2012.07.26 13:25:38.359,1.01513,1.01535,1.50,1.60
2012.07.26 13:25:38.528,1.01511,1.0153,1.50,1.60
2012.07.26 13:25:38.696,1.01508,1.0153,1.50,1.60
2012.07.26 13:25:39.018,1.0151,1.0153,1.50,1.60
2012.07.26 13:25:39.920,1.01511,1.01533,1.50,1.60
2012.07.26 13:25:40.351,1.01509,1.01531,1.50,1.60
2012.07.26 13:25:41.361,1.01513,1.01533,1.50,1.60
2012.07.26 13:25:41.604,1.0151,1.0153,1.50,1.60
2012.07.26 13:25:41.812,1.01513,1.01533,1.50,1.60
2012.07.26 13:25:41.871,1.01513,1.01533,1.50,1.60
2012.07.26 13:25:50.499,1.01511,1.01531,2.25,1.60
2012.07.26 13:25:51.157,1.01513,1.01535,1.50,1.60
2012.07.26 13:25:51.672,1.01513,1.01535,2.16,1.60
2012.07.26 13:25:51.929,1.01516,1.01536,1.50,3.10
2012.07.26 13:25:52.308,1.01518,1.01538,1.50,1.60
2012.07.26 13:25:52.618,1.01516,1.01537,1.50,1.60
2012.07.26 13:25:54.126,1.01515,1.01537,1.50,1.60
2012.07.26 13:25:58.939,1.01515,1.01537,2.25,1.60
2012.07.26 13:26:01.263,1.01515,1.01534,1.50,1.60
2012.07.26 13:26:01.324,1.01511,1.01532,1.41,1.50
2012.07.26 13:26:01.842,1.01512,1.01532,1.50,1.60
2012.07.26 13:26:02.256,1.01516,1.01536,1.50,3.10
2012.07.26 13:26:03.016,1.01517,1.01536,2.18,1.60
2012.07.26 13:26:03.295,1.01519,1.01541,1.50,1.60
2012.07.26 13:26:03.355,1.01521,1.01543,1.50,3.10
2012.07.26 13:26:03.698,1.01523,1.01545,1.50,1.60
2012.07.26 13:26:04.262,1.01522,1.01542,1.50,1.60
2012.07.26 13:26:04.325,1.0152,1.01542,1.50,1.60
2012.07.26 13:26:04.867,1.01519,1.01539,1.50,1.60
2012.07.26 13:26:05.025,1.01521,1.01541,1.50,1.60
2012.07.26 13:26:07.389,1.01519,1.01539,1.50,1.60
2012.07.26 13:26:08.255,1.01519,1.01539,1.50,1.60
2012.07.26 13:26:08.531,1.01515,1.01537,1.50,1.60
2012.07.26 13:26:09.153,1.01516,1.01536,1.50,1.60
2012.07.26 13:26:09.918,1.01518,1.01536,2.18,1.60
2012.07.26 13:26:09.977,1.01518,1.01538,2.18,1.60
2012.07.26 13:26:10.092,1.0152,1.01538,1.50,1.60
2012.07.26 13:26:10.441,1.01518,1.01539,2.18,1.60
2012.07.26 13:26:11.888,1.01517,1.01539,1.50,1.60
2012.07.26 13:26:11.946,1.01517,1.01539,1.50,1.60
2012.07.26 13:26:12.520,1.01516,1.01536,1.50,1.60
2012.07.26 13:26:12.746,1.01511,1.01533,1.50,1.60
2012.07.26 13:26:13.419,1.01513,1.01535,1.50,1.60
2012.07.26 13:26:13.642,1.01511,1.01533,1.50,1.60
2012.07.26 13:26:14.374,1.01511,1.01533,1.50,1.60
2012.07.26 13:26:14.762,1.0151,1.01531,2.16,1.60
2012.07.26 13:26:14.995,1.01512,1.01533,1.50,1.60
2012.07.26 13:26:16.441,1.01514,1.01534,1.50,1.60
2012.07.26 13:26:17.091,1.01509,1.01532,3.66,1.60
2012.07.26 13:26:17.151,1.01509,1.01532,1.50,1.60
2012.07.26 13:26:17.661,1.01509,1.01532,1.50,1.60
2012.07.26 13:26:18.762,1.01509,1.01532,1.50,1.60
2012.07.26 13:26:19.447,1.01509,1.01532,1.50,1.97
2012.07.26 13:26:20.039,1.01509,1.01532,1.50,1.97
2012.07.26 13:26:20.281,1.01507,1.0153,1.50,1.60
2012.07.26 13:26:20.450,1.01509,1.01532,1.50,3.47
2012.07.26 13:26:20.564,1.01509,1.01532,1.50,1.97
2012.07.26 13:26:21.276,1.01508,1.01529,1.50,1.60
2012.07.26 13:26:21.500,1.01505,1.01528,1.50,1.60
2012.07.26 13:26:21.560,1.01503,1.01526,1.50,1.60
2012.07.26 13:26:21.728,1.01508,1.01528,1.50,1.60
2012.07.26 13:26:21.787,1.01508,1.01528,1.50,1.60
2012.07.26 13:26:22.009,1.01508,1.01528,2.16,1.50
2012.07.26 13:26:22.123,1.0151,1.01531,1.50,1.60
2012.07.26 13:26:22.201,1.0151,1.01531,2.16,1.60
2012.07.26 13:26:22.532,1.01511,1.01532,1.50,1.60
2012.07.26 13:26:22.862,1.01513,1.01533,1.50,1.60
2012.07.26 13:26:23.305,1.01512,1.01534,1.50,1.97
2012.07.26 13:26:23.365,1.01514,1.01536,1.50,1.97
2012.07.26 13:26:23.739,1.01517,1.01537,1.50,1.60
2012.07.26 13:26:24.280,1.01517,1.01537,1.50,1.60
2012.07.26 13:26:24.711,1.01515,1.01536,1.50,1.60
2012.07.26 13:26:24.931,1.01515,1.01536,1.50,1.60
2012.07.26 13:26:26.266,1.01515,1.01536,1.50,1.60
2012.07.26 13:26:26.570,1.01512,1.01534,3.00,1.60
2012.07.26 13:26:26.690,1.01515,1.01535,1.50,3.10
2012.07.26 13:26:27.225,1.01515,1.01535,1.50,1.60
2012.07.26 13:26:28.111,1.01516,1.01538,1.50,1.60
2012.07.26 13:26:35.216,1.01515,1.01535,1.50,1.60
2012.07.26 13:26:35.835,1.01516,1.01538,1.50,1.60
2012.07.26 13:26:37.668,1.01515,1.01536,1.50,1.60
2012.07.26 13:26:38.032,1.01517,1.01537,1.50,1.60
2012.07.26 13:26:38.546,1.01518,1.01537,2.18,1.60
2012.07.26 13:26:38.606,1.01517,1.01537,1.50,1.60
2012.07.26 13:26:39.146,1.01517,1.01539,1.50,1.60
2012.07.26 13:26:40.664,1.01517,1.01539,1.50,1.60
2012.07.26 13:26:45.129,1.01517,1.01539,1.50,1.60
2012.07.26 13:26:45.491,1.01517,1.01539,2.16,1.60
2012.07.26 13:26:45.680,1.0152,1.01541,1.50,3.10
2012.07.26 13:26:46.039,1.01517,1.0154,3.66,1.60
2012.07.26 13:26:48.714,1.01519,1.0154,1.50,1.60
2012.07.26 13:26:52.189,1.01517,1.01539,2.16,1.60
2012.07.26 13:26:52.515,1.01516,1.01539,1.50,1.60
2012.07.26 13:26:53.066,1.01515,1.01536,1.50,1.60
2012.07.26 13:26:54.500,1.01516,1.01539,1.50,3.10
2012.07.26 13:26:55.463,1.01518,1.01539,1.50,1.60
2012.07.26 13:26:55.742,1.0152,1.0154,1.50,1.60
2012.07.26 13:26:56.879,1.01524,1.01544,1.50,1.60
2012.07.26 13:26:57.229,1.01527,1.01547,1.50,3.10
2012.07.26 13:26:57.288,1.01525,1.01545,1.50,1.60
2012.07.26 13:26:58.898,1.01522,1.01544,2.16,1.60
2012.07.26 13:26:59.010,1.01525,1.01545,1.50,3.10
2012.07.26 13:27:00.372,1.01523,1.01542,1.50,1.50
2012.07.26 13:27:01.045,1.01522,1.01542,1.50,1.60
2012.07.26 13:27:01.431,1.01522,1.01544,1.50,1.60
2012.07.26 13:27:01.655,1.01522,1.01544,2.16,1.60
2012.07.26 13:27:02.111,1.01522,1.01544,1.50,1.60
2012.07.26 13:27:02.316,1.0152,1.01542,3.66,1.60
2012.07.26 13:27:02.684,1.0152,1.01542,1.50,1.60
2012.07.26 13:27:03.865,1.0152,1.01542,1.50,1.60
2012.07.26 13:27:04.196,1.01517,1.01537,1.50,1.60
2012.07.26 13:27:04.310,1.01519,1.01539,1.50,1.60
2012.07.26 13:27:05.178,1.0152,1.01542,1.50,2.20
2012.07.26 13:27:05.940,1.01519,1.01539,3.00,1.60
2012.07.26 13:27:06.331,1.01519,1.01539,1.50,1.60
2012.07.26 13:27:06.391,1.01516,1.01538,1.50,1.60
2012.07.26 13:27:07.032,1.01516,1.01538,1.50,1.60
2012.07.26 13:27:07.092,1.0152,1.01541,1.50,2.20
2012.07.26 13:27:08.243,1.01518,1.0154,1.50,1.60
2012.07.26 13:27:08.375,1.0152,1.0154,1.50,1.60
2012.07.26 13:27:08.493,1.01518,1.01539,1.50,1.60
2012.07.26 13:27:09.024,1.01518,1.01539,1.50,1.60
2012.07.26 13:27:09.370,1.01516,1.01538,1.50,1.60
2012.07.26 13:27:10.560,1.01518,1.01539,1.50,1.60
2012.07.26 13:27:10.915,1.01516,1.01537,1.50,1.60
2012.07.26 13:27:11.246,1.0152,1.0154,1.50,1.60
2012.07.26 13:27:11.523,1.0152,1.01542,1.50,1.60
2012.07.26 13:27:11.747,1.01522,1.01544,1.50,1.60
2012.07.26 13:27:11.970,1.01524,1.01545,1.50,1.60
2012.07.26 13:27:12.444,1.01521,1.01543,2.16,1.60
2012.07.26 13:27:12.658,1.01523,1.01545,1.50,1.60
2012.07.26 13:27:13.121,1.01523,1.01545,1.50,1.60
2012.07.26 13:27:13.288,1.01521,1.01543,2.16,1.60
2012.07.26 13:27:13.957,1.01521,1.01543,2.16,1.60
2012.07.26 13:27:14.060,1.01521,1.01543,2.16,1.60
2012.07.26 13:27:15.029,1.01521,1.01543,1.50,1.60
2012.07.26 13:27:15.143,1.01523,1.01544,1.50,1.60
2012.07.26 13:27:15.672,1.01524,1.01545,1.50,1.60
2012.07.26 13:27:16.581,1.01525,1.01547,1.50,1.60
2012.07.26 13:27:19.158,1.01523,1.01546,3.00,1.60
2012.07.26 13:27:20.243,1.01523,1.01546,1.50,1.60
2012.07.26 13:27:22.525,1.01523,1.01546,2.16,1.50
2012.07.26 13:27:22.638,1.01523,1.01546,2.16,1.60
2012.07.26 13:27:22.976,1.01526,1.01546,1.50,1.60
2012.07.26 13:27:23.199,1.01526,1.01546,2.16,1.50
2012.07.26 13:27:23.333,1.01526,1.01546,2.16,1.50
2012.07.26 13:27:24.264,1.01528,1.01548,2.16,3.10
2012.07.26 13:27:24.782,1.01525,1.01547,2.16,1.50
2012.07.26 13:27:25.032,1.01525,1.01547,1.50,1.60
2012.07.26 13:27:26.601,1.01527,1.01548,1.50,1.60
2012.07.26 13:27:27.255,1.01527,1.01549,2.16,1.60
2012.07.26 13:27:27.782,1.01529,1.01551,1.50,1.97
2012.07.26 13:27:28.770,1.01529,1.01551,2.16,1.97
2012.07.26 13:27:30.025,1.01535,1.01555,1.50,1.97
2012.07.26 13:27:30.086,1.0153,1.01552,2.16,1.60
2012.07.26 13:27:31.012,1.0153,1.01552,2.16,1.60
2012.07.26 13:27:31.071,1.01533,1.01553,1.50,3.10
2012.07.26 13:27:31.291,1.01531,1.01552,1.50,1.60
2012.07.26 13:27:31.818,1.0153,1.01552,2.16,1.60
2012.07.26 13:27:31.877,1.0153,1.01552,1.50,1.60
2012.07.26 13:27:33.302,1.01529,1.01549,2.54,1.60
2012.07.26 13:27:33.614,1.01532,1.01551,1.50,1.60
2012.07.26 13:27:33.959,1.01534,1.01557,1.88,1.60
2012.07.26 13:27:34.073,1.01534,1.01557,2.54,1.60
2012.07.26 13:27:34.474,1.01537,1.01554,2.18,1.60
2012.07.26 13:27:34.534,1.01537,1.01556,2.84,1.50
2012.07.26 13:27:34.654,1.01538,1.01559,2.16,1.60
2012.07.26 13:27:34.876,1.01538,1.0156,1.50,1.60
2012.07.26 13:27:35.946,1.01538,1.01559,1.04,1.60
2012.07.26 13:27:36.169,1.01539,1.0156,2.16,1.50
2012.07.26 13:27:36.471,1.01539,1.0156,1.50,1.60
2012.07.26 13:27:36.828,1.01541,1.01562,1.50,1.60
2012.07.26 13:27:37.042,1.01539,1.0156,1.50,1.60
2012.07.26 13:27:37.868,1.01537,1.01559,1.04,1.60
2012.07.26 13:27:38.400,1.01539,1.0156,1.50,1.60
2012.07.26 13:27:38.988,1.01539,1.0156,1.88,1.60
2012.07.26 13:27:39.644,1.01541,1.01562,1.50,1.60
2012.07.26 13:27:39.977,1.01544,1.01564,1.50,1.60
2012.07.26 13:27:40.092,1.01542,1.01564,1.50,1.60
2012.07.26 13:27:40.298,1.01545,1.01565,1.50,1.60
2012.07.26 13:27:40.799,1.01541,1.01561,1.50,1.60
2012.07.26 13:27:40.860,1.01543,1.01561,1.50,1.50
2012.07.26 13:27:40.920,1.01546,1.01567,1.50,3.10
2012.07.26 13:27:41.035,1.01542,1.01564,2.25,1.60
2012.07.26 13:27:41.150,1.01539,1.0156,1.04,1.50
2012.07.26 13:27:41.480,1.01539,1.01559,2.16,1.50
2012.07.26 13:27:41.593,1.01541,1.01561,2.16,1.50
2012.07.26 13:27:41.925,1.01541,1.01559,1.50,1.50
2012.07.26 13:27:42.041,1.01536,1.01556,2.16,1.50
2012.07.26 13:27:42.378,1.01539,1.01559,2.16,3.10
2012.07.26 13:27:42.654,1.01539,1.01559,2.16,1.50
2012.07.26 13:27:42.713,1.01541,1.01561,2.16,1.50
2012.07.26 13:27:42.772,1.01541,1.01563,2.16,1.60
2012.07.26 13:27:43.086,1.01541,1.01561,2.16,1.60
2012.07.26 13:27:43.146,1.01539,1.01559,2.16,1.50
2012.07.26 13:27:43.495,1.01542,1.01562,1.50,1.60
2012.07.26 13:27:43.836,1.01545,1.01565,1.50,1.60
2012.07.26 13:27:44.461,1.01542,1.01562,3.00,1.60
2012.07.26 13:27:44.887,1.01547,1.01567,1.50,3.47
2012.07.26 13:27:45.634,1.01547,1.01567,1.50,1.60
2012.07.26 13:27:46.539,1.01547,1.01567,1.50,1.60
2012.07.26 13:27:47.414,1.01545,1.01564,1.50,1.60
2012.07.26 13:27:47.536,1.01542,1.01564,2.16,1.60
2012.07.26 13:27:48.350,1.01542,1.01564,2.16,1.60
2012.07.26 13:27:48.701,1.01542,1.01564,2.16,1.60
2012.07.26 13:27:49.252,1.01544,1.01566,2.16,1.60
2012.07.26 13:27:50.603,1.01545,1.01566,1.50,1.60
2012.07.26 13:27:50.770,1.01549,1.01569,1.50,1.60
2012.07.26 13:27:51.118,1.01547,1.01567,1.50,3.10
2012.07.26 13:27:51.181,1.01545,1.01565,1.50,1.60
2012.07.26 13:27:51.294,1.01543,1.01562,2.16,1.60
2012.07.26 13:27:52.008,1.0154,1.01563,2.16,1.60
2012.07.26 13:27:52.758,1.0154,1.01562,2.16,1.50
2012.07.26 13:27:53.096,1.01542,1.01564,2.16,1.50
2012.07.26 13:27:53.155,1.01545,1.01566,1.50,1.60
2012.07.26 13:27:53.215,1.01545,1.01567,1.50,1.60
2012.07.26 13:27:53.301,1.01545,1.01567,1.50,1.60
2012.07.26 13:27:53.481,1.01547,1.01569,1.50,1.60
2012.07.26 13:27:53.994,1.01547,1.01569,1.50,1.60
2012.07.26 13:27:54.511,1.01547,1.01569,1.50,1.60
2012.07.26 13:27:54.642,1.01547,1.01569,2.16,1.60
2012.07.26 13:27:54.751,1.01549,1.01571,1.50,3.47
2012.07.26 13:27:55.071,1.01548,1.01568,1.50,1.60
2012.07.26 13:27:55.185,1.01548,1.01568,2.16,1.60
2012.07.26 13:27:55.371,1.01549,1.01571,1.50,3.10
2012.07.26 13:27:55.911,1.01547,1.01569,2.16,1.50
2012.07.26 13:27:56.555,1.01547,1.01569,2.16,1.60
2012.07.26 13:27:57.172,1.01549,1.01571,1.50,3.10
2012.07.26 13:27:57.643,1.01546,1.01569,2.16,1.60
2012.07.26 13:27:57.757,1.01544,1.01566,2.16,1.60
2012.07.26 13:27:57.872,1.01545,1.01569,1.50,1.60
2012.07.26 13:27:57.987,1.01542,1.01566,2.16,1.60
2012.07.26 13:27:58.755,1.0154,1.01564,2.16,1.60
2012.07.26 13:27:58.923,1.0154,1.01564,2.16,1.60
2012.07.26 13:27:59.612,1.01542,1.01566,1.50,3.10
2012.07.26 13:27:59.800,1.01542,1.01566,1.50,1.60
2012.07.26 13:28:00.029,1.01544,1.01568,1.50,1.60
2012.07.26 13:28:00.508,1.01547,1.01569,1.50,1.60
2012.07.26 13:28:00.622,1.01544,1.01568,1.50,1.60
2012.07.26 13:28:00.682,1.01544,1.01568,2.16,1.60
2012.07.26 13:28:00.771,1.01544,1.01568,2.16,1.60
2012.07.26 13:28:01.495,1.01544,1.01568,2.16,1.60
2012.07.26 13:28:02.933,1.01543,1.01568,1.04,1.60
2012.07.26 13:28:03.091,1.01543,1.01568,1.04,1.60
2012.07.26 13:28:03.361,1.01543,1.01565,1.04,1.50
2012.07.26 13:28:03.703,1.01546,1.0157,1.50,1.60
2012.07.26 13:28:04.282,1.01543,1.01567,2.16,1.60
2012.07.26 13:28:04.698,1.01546,1.01569,2.16,1.60
2012.07.26 13:28:05.085,1.01548,1.01572,2.84,1.60
2012.07.26 13:28:05.933,1.01548,1.01572,2.18,1.60
2012.07.26 13:28:07.604,1.01548,1.0157,2.18,1.60
2012.07.26 13:28:07.832,1.01546,1.0157,1.50,1.60
2012.07.26 13:28:08.635,1.01547,1.0157,1.50,1.60
2012.07.26 13:28:09.164,1.01547,1.0157,1.50,1.60
2012.07.26 13:28:09.470,1.01544,1.01569,2.54,1.60
2012.07.26 13:28:10.243,1.01545,1.0157,2.16,1.60
2012.07.26 13:28:10.876,1.01547,1.0157,1.41,1.60
2012.07.26 13:28:12.264,1.01543,1.01568,1.88,1.60
2012.07.26 13:28:12.381,1.01548,1.01569,2.84,1.60
2012.07.26 13:28:12.918,1.01545,1.0157,2.16,1.60
2012.07.26 13:28:15.021,1.01549,1.01573,1.41,1.60
2012.07.26 13:28:15.244,1.01551,1.01573,1.41,1.60
2012.07.26 13:28:15.359,1.01551,1.01573,1.41,1.60
2012.07.26 13:28:15.887,1.01551,1.01573,1.41,1.60
2012.07.26 13:28:16.434,1.01552,1.01578,2.16,1.60
2012.07.26 13:28:16.874,1.01555,1.01578,2.16,1.60
2012.07.26 13:28:17.734,1.01557,1.01581,1.50,1.60
2012.07.26 13:28:18.236,1.01558,1.01583,1.50,3.10
2012.07.26 13:28:18.403,1.01558,1.0158,2.84,1.50
2012.07.26 13:28:18.625,1.01558,1.0158,2.84,1.60
2012.07.26 13:28:19.120,1.01556,1.01579,2.16,1.60
2012.07.26 13:28:19.270,1.01556,1.01579,2.16,1.50
2012.07.26 13:28:19.814,1.01558,1.0158,4.34,1.60
2012.07.26 13:28:20.157,1.01558,1.01578,2.84,1.50
2012.07.26 13:28:21.148,1.01556,1.01578,2.16,1.60
2012.07.26 13:28:21.262,1.01556,1.01578,2.16,1.60
2012.07.26 13:28:21.852,1.01556,1.01578,2.16,1.60
2012.07.26 13:28:22.138,1.0155,1.01574,2.16,1.50
2012.07.26 13:28:22.198,1.0155,1.01574,2.16,1.60
2012.07.26 13:28:22.476,1.01556,1.01578,1.50,3.10
2012.07.26 13:28:22.864,1.01552,1.01574,1.50,1.60
2012.07.26 13:28:23.373,1.01553,1.01575,1.50,1.60
2012.07.26 13:28:23.651,1.01551,1.01575,2.16,1.60
2012.07.26 13:28:23.933,1.01552,1.01575,2.16,1.60
2012.07.26 13:28:24.047,1.01557,1.01579,1.50,1.60
2012.07.26 13:28:24.592,1.01556,1.01578,1.50,1.60
2012.07.26 13:28:24.760,1.01557,1.01578,2.18,1.60
2012.07.26 13:28:24.928,1.01562,1.01581,1.50,1.60
2012.07.26 13:28:25.478,1.01562,1.01585,1.50,1.60
2012.07.26 13:28:26.128,1.0156,1.01584,1.50,1.60
2012.07.26 13:28:26.242,1.0156,1.01584,1.50,1.60
2012.07.26 13:28:26.695,1.0156,1.01584,1.50,1.60
2012.07.26 13:28:26.821,1.0156,1.01584,1.50,1.60
2012.07.26 13:28:27.389,1.0156,1.01584,2.16,1.60
2012.07.26 13:28:28.068,1.01561,1.01579,2.16,1.50
2012.07.26 13:28:28.877,1.01561,1.01586,1.50,1.60
2012.07.26 13:28:28.992,1.01559,1.01583,1.50,1.60
2012.07.26 13:28:29.393,1.01559,1.01583,2.16,1.60
2012.07.26 13:28:30.206,1.01559,1.01583,2.16,1.50
2012.07.26 13:28:30.994,1.01559,1.01583,2.16,1.50
2012.07.26 13:28:31.503,1.01558,1.01582,2.16,1.50
2012.07.26 13:28:31.562,1.01558,1.01582,2.16,1.60
2012.07.26 13:28:31.675,1.01557,1.01579,4.34,1.50
2012.07.26 13:28:32.154,1.01557,1.01579,5.09,1.50
2012.07.26 13:28:32.707,1.01559,1.01581,2.16,1.60
2012.07.26 13:28:33.786,1.01558,1.01578,2.84,1.50
2012.07.26 13:28:34.293,1.01557,1.01579,2.16,1.60
2012.07.26 13:28:34.462,1.01554,1.01577,1.04,1.50
2012.07.26 13:28:34.867,1.01553,1.01577,2.16,1.60
2012.07.26 13:28:36.177,1.01555,1.01577,1.41,1.60
2012.07.26 13:28:36.787,1.01553,1.01577,2.16,1.60
2012.07.26 13:28:37.811,1.01553,1.01577,2.16,1.60
2012.07.26 13:28:38.323,1.01551,1.01574,2.16,1.50
2012.07.26 13:28:38.657,1.01552,1.01571,1.41,1.50
2012.07.26 13:28:38.990,1.01555,1.01575,1.50,1.60
2012.07.26 13:28:39.105,1.01555,1.01579,2.16,1.50
2012.07.26 13:28:39.403,1.01555,1.01579,2.16,1.60
2012.07.26 13:28:39.516,1.01555,1.01575,1.50,1.60
2012.07.26 13:28:39.629,1.01551,1.01573,2.16,1.60
2012.07.26 13:28:39.742,1.01551,1.01573,2.16,1.50
2012.07.26 13:28:39.856,1.01551,1.01573,2.16,1.50
2012.07.26 13:28:40.709,1.01551,1.01573,2.16,1.60
2012.07.26 13:28:41.111,1.01549,1.01572,1.50,1.97
2012.07.26 13:28:41.171,1.01547,1.01572,1.50,1.97
2012.07.26 13:28:42.345,1.01547,1.01572,2.16,1.97
2012.07.26 13:28:44.697,1.0155,1.01574,1.50,3.85
2012.07.26 13:28:45.140,1.01547,1.0157,1.41,1.60
2012.07.26 13:28:45.472,1.01552,1.01574,1.50,1.60
2012.07.26 13:28:46.053,1.01552,1.01574,1.50,1.60
2012.07.26 13:28:46.605,1.01552,1.01574,1.50,1.60
2012.07.26 13:28:46.934,1.01554,1.01576,1.50,3.10
2012.07.26 13:28:47.102,1.01551,1.01575,1.50,1.60
2012.07.26 13:28:47.163,1.01551,1.01575,1.50,1.60
2012.07.26 13:28:47.331,1.01548,1.0157,1.50,1.60
2012.07.26 13:28:47.445,1.01545,1.01569,2.25,1.60
2012.07.26 13:28:47.506,1.01545,1.01569,1.50,1.60
2012.07.26 13:28:48.844,1.01544,1.01566,1.88,1.60
2012.07.26 13:28:48.904,1.01544,1.01566,1.88,1.60
2012.07.26 13:28:48.963,1.01544,1.01566,2.54,1.60
2012.07.26 13:28:50.881,1.01543,1.01565,2.16,1.50
2012.07.26 13:28:50.996,1.01543,1.01565,2.16,1.60
2012.07.26 13:28:51.056,1.01543,1.01565,1.50,1.60
2012.07.26 13:28:51.880,1.01544,1.01566,2.16,1.60
2012.07.26 13:28:54.124,1.01544,1.01566,1.50,1.60
2012.07.26 13:28:54.583,1.01542,1.01564,1.50,1.60
2012.07.26 13:28:56.212,1.01542,1.01564,2.16,1.60
2012.07.26 13:28:56.379,1.01545,1.01569,1.50,1.60
2012.07.26 13:28:57.612,1.01546,1.01568,1.50,1.60
2012.07.26 13:28:59.012,1.01544,1.01566,2.16,1.60
2012.07.26 13:28:59.193,1.0154,1.01564,3.66,1.50
2012.07.26 13:28:59.519,1.0154,1.01564,2.16,1.60
2012.07.26 13:29:00.504,1.01543,1.01565,1.50,1.60
2012.07.26 13:29:00.892,1.01543,1.01565,2.16,1.50
2012.07.26 13:29:01.280,1.01546,1.01569,1.41,1.60
2012.07.26 13:29:01.727,1.01546,1.01569,1.41,1.60
2012.07.26 13:29:04.598,1.01545,1.01569,2.16,1.60
2012.07.26 13:29:05.021,1.01544,1.01568,1.50,1.60
2012.07.26 13:29:05.080,1.01544,1.01568,2.16,1.60
2012.07.26 13:29:05.628,1.01546,1.0157,1.50,1.60
2012.07.26 13:29:05.796,1.01549,1.01572,2.16,2.27
2012.07.26 13:29:06.017,1.01548,1.0157,3.66,1.60
2012.07.26 13:29:06.076,1.01548,1.01566,2.16,1.50
2012.07.26 13:29:06.136,1.01544,1.01565,2.54,1.60
2012.07.26 13:29:06.251,1.01541,1.01564,1.41,1.60
2012.07.26 13:29:06.954,1.01543,1.01565,1.50,3.10
2012.07.26 13:29:07.696,1.01545,1.01567,1.50,1.97
2012.07.26 13:29:08.762,1.01545,1.01567,1.50,1.97
2012.07.26 13:29:09.024,1.01545,1.01567,1.50,1.97
2012.07.26 13:29:10.887,1.01542,1.01566,3.66,1.60
2012.07.26 13:29:11.221,1.01542,1.01566,2.16,1.60
2012.07.26 13:29:11.339,1.01542,1.01566,2.16,1.97
2012.07.26 13:29:11.399,1.01542,1.01566,2.16,1.60
2012.07.26 13:29:11.840,1.01549,1.01569,1.50,1.60
2012.07.26 13:29:12.180,1.01547,1.0157,1.50,1.60
2012.07.26 13:29:12.691,1.01544,1.01568,2.16,1.60
2012.07.26 13:29:13.268,1.01546,1.0157,1.50,1.60
2012.07.26 13:29:14.024,1.01549,1.01573,1.50,1.97
2012.07.26 13:29:14.789,1.01548,1.0157,1.50,1.60
2012.07.26 13:29:15.576,1.01546,1.01568,1.50,1.60
2012.07.26 13:29:16.173,1.01545,1.01569,2.16,1.60
2012.07.26 13:29:16.361,1.01548,1.0157,1.50,3.10
2012.07.26 13:29:17.103,1.01549,1.01573,1.50,1.97
2012.07.26 13:29:17.411,1.01547,1.01571,1.50,1.97
2012.07.26 13:29:17.579,1.01547,1.01571,1.50,1.97
2012.07.26 13:29:17.748,1.01549,1.01573,1.50,1.60
2012.07.26 13:29:18.371,1.01549,1.01573,2.16,1.60
2012.07.26 13:29:19.377,1.01551,1.01573,1.50,1.60
2012.07.26 13:29:19.545,1.01549,1.01573,2.16,1.60
2012.07.26 13:29:21.826,1.01552,1.01576,1.50,1.60
2012.07.26 13:29:22.156,1.0155,1.01574,1.50,1.60
2012.07.26 13:29:22.668,1.01549,1.01571,3.75,1.60
2012.07.26 13:29:24.129,1.01551,1.01573,2.16,1.60
2012.07.26 13:29:24.570,1.01554,1.01576,1.50,1.60
2012.07.26 13:29:25.046,1.01551,1.01575,2.91,1.60
2012.07.26 13:29:26.102,1.01552,1.01574,1.50,1.60
2012.07.26 13:29:26.485,1.01549,1.01573,1.50,1.60
2012.07.26 13:29:27.553,1.01547,1.01571,2.16,1.60
2012.07.26 13:29:28.877,1.01552,1.01574,2.16,1.60
2012.07.26 13:29:29.209,1.0155,1.0157,1.41,1.60
2012.07.26 13:29:29.843,1.01548,1.01572,2.16,1.60
2012.07.26 13:29:30.584,1.01548,1.01572,1.50,1.60
2012.07.26 13:29:30.759,1.01544,1.01565,2.16,1.60
2012.07.26 13:29:31.454,1.01548,1.01567,2.18,1.60
2012.07.26 13:29:31.514,1.01548,1.01567,2.18,1.50
2012.07.26 13:29:32.053,1.01549,1.01571,1.50,1.60
2012.07.26 13:29:32.681,1.01548,1.0157,2.18,1.60
2012.07.26 13:29:32.934,1.0155,1.01572,1.50,1.60
2012.07.26 13:29:33.284,1.01548,1.0157,3.68,1.60
2012.07.26 13:29:34.212,1.01548,1.0157,4.34,1.60
2012.07.26 13:29:34.884,1.01548,1.0157,4.34,1.60
2012.07.26 13:29:35.910,1.01548,1.0157,2.18,1.60
2012.07.26 13:29:37.102,1.01548,1.01571,2.84,1.60
2012.07.26 13:29:37.931,1.01548,1.01571,2.84,1.60
2012.07.26 13:29:38.944,1.01548,1.01571,2.84,1.60
2012.07.26 13:29:40.039,1.01546,1.0157,2.16,1.60
2012.07.26 13:29:40.156,1.01548,1.0157,2.18,1.60
2012.07.26 13:29:40.260,1.01546,1.0157,2.16,1.60
2012.07.26 13:29:40.804,1.01548,1.0157,1.50,1.60
2012.07.26 13:29:41.194,1.01546,1.0157,1.50,1.60
2012.07.26 13:29:41.984,1.01547,1.01569,1.50,3.10
2012.07.26 13:29:43.013,1.01545,1.01567,3.00,1.60
2012.07.26 13:29:44.748,1.01546,1.0157,1.50,1.60
2012.07.26 13:29:45.026,1.01546,1.0157,2.16,1.60
2012.07.26 13:29:45.248,1.01546,1.0157,1.50,1.60
2012.07.26 13:29:45.308,1.01544,1.01568,1.50,1.60
2012.07.26 13:29:45.368,1.01544,1.01568,2.16,1.60
2012.07.26 13:29:45.604,1.01549,1.01568,1.50,1.60
2012.07.26 13:29:45.943,1.01549,1.01571,1.50,1.60
2012.07.26 13:29:46.262,1.01546,1.01568,1.50,1.60
2012.07.26 13:29:46.768,1.01546,1.01568,1.50,1.60
2012.07.26 13:29:47.638,1.01549,1.01571,1.50,3.47
2012.07.26 13:29:47.806,1.01549,1.01571,1.50,4.07
2012.07.26 13:29:47.865,1.01547,1.01569,2.25,2.20
2012.07.26 13:29:48.015,1.01547,1.01569,2.25,1.60
2012.07.26 13:29:48.762,1.01547,1.01569,1.50,1.60
2012.07.26 13:29:51.367,1.01544,1.01566,1.50,1.60
2012.07.26 13:29:51.801,1.01542,1.01564,2.25,1.60
2012.07.26 13:29:52.747,1.01542,1.01564,2.25,1.60
2012.07.26 13:29:53.506,1.01542,1.01564,2.91,1.60
2012.07.26 13:29:53.844,1.01547,1.01569,1.50,1.60
2012.07.26 13:29:54.825,1.01547,1.01569,1.50,1.60
2012.07.26 13:29:54.939,1.01543,1.01567,1.50,1.60
2012.07.26 13:29:57.203,1.01543,1.01567,2.16,1.60
2012.07.26 13:29:59.063,1.01542,1.01563,2.16,1.50
2012.07.26 13:29:59.122,1.01542,1.01563,1.50,1.60
2012.07.26 13:29:59.182,1.01539,1.01563,2.16,1.60
2012.07.26 13:29:59.406,1.01542,1.01564,1.50,1.60
2012.07.26 13:29:59.628,1.01542,1.01564,2.16,1.50
2012.07.26 13:30:00.154,1.01543,1.01565,2.16,1.50
2012.07.26 13:30:00.757,1.01543,1.01565,1.50,1.60
2012.07.26 13:30:00.816,1.01547,1.01565,2.18,1.60
2012.07.26 13:30:01.039,1.01546,1.01567,1.26,1.50
2012.07.26 13:30:01.416,1.01548,1.01569,2.55,1.60
2012.07.26 13:30:01.476,1.01549,1.01571,2.54,1.60
2012.07.26 13:30:01.702,1.01553,1.01575,1.50,1.60
2012.07.26 13:30:02.013,1.01553,1.01574,1.50,1.60
2012.07.26 13:30:02.546,1.0155,1.01572,2.16,1.60
2012.07.26 13:30:02.900,1.01549,1.01573,1.50,1.60
2012.07.26 13:30:03.325,1.01548,1.01571,2.55,1.60
2012.07.26 13:30:03.658,1.01551,1.01573,1.50,1.60
2012.07.26 13:30:03.773,1.0155,1.01574,2.16,1.60
2012.07.26 13:30:03.944,1.0155,1.01574,2.16,1.60
2012.07.26 13:30:05.078,1.01553,1.01576,1.04,1.60
2012.07.26 13:30:05.416,1.01559,1.01583,1.50,1.60
2012.07.26 13:30:05.717,1.01558,1.01577,3.68,1.60
2012.07.26 13:30:06.049,1.0156,1.01582,1.50,1.60
2012.07.26 13:30:06.109,1.01557,1.01581,5.84,1.60
2012.07.26 13:30:06.169,1.01557,1.01581,4.34,1.60
2012.07.26 13:30:06.500,1.01558,1.0158,1.50,1.60
2012.07.26 13:30:06.723,1.01559,1.01581,1.50,1.60
2012.07.26 13:30:07.181,1.01558,1.0158,3.68,1.60
2012.07.26 13:30:07.617,1.01556,1.0158,1.50,1.60
2012.07.26 13:30:07.695,1.01556,1.0158,1.50,1.60
2012.07.26 13:30:08.970,1.01556,1.0158,1.50,1.60
2012.07.26 13:30:09.141,1.01556,1.0158,1.50,1.60
2012.07.26 13:30:09.254,1.01556,1.0158,1.50,1.60
2012.07.26 13:30:10.007,1.01556,1.01579,1.50,2.35
2012.07.26 13:30:10.121,1.01554,1.01576,1.50,1.60
2012.07.26 13:30:11.267,1.01551,1.01575,3.00,1.60
2012.07.26 13:30:11.907,1.01552,1.01575,1.50,1.60
2012.07.26 13:30:11.967,1.01554,1.01576,1.50,1.60
2012.07.26 13:30:12.897,1.01551,1.01575,1.50,1.60
2012.07.26 13:30:14.321,1.01551,1.01575,2.16,1.60
2012.07.26 13:30:14.382,1.0155,1.01572,2.16,1.50
2012.07.26 13:30:14.795,1.01549,1.01571,2.16,1.60
2012.07.26 13:30:15.296,1.01551,1.01573,1.50,1.60
2012.07.26 13:30:15.427,1.01551,1.01573,2.16,1.60
2012.07.26 13:30:15.651,1.01552,1.01576,1.50,1.97
2012.07.26 13:30:15.984,1.01545,1.0157,2.16,1.60
2012.07.26 13:30:18.704,1.01548,1.01573,1.50,1.97
2012.07.26 13:30:19.974,1.01547,1.01571,2.91,1.60
2012.07.26 13:30:21.140,1.01551,1.01573,1.50,1.60
2012.07.26 13:30:21.319,1.01551,1.01573,2.16,1.50
2012.07.26 13:30:21.541,1.01551,1.01575,2.16,1.60
2012.07.26 13:30:21.785,1.0155,1.01572,2.16,1.60
2012.07.26 13:30:23.560,1.0155,1.01573,1.50,1.60
2012.07.26 13:30:24.094,1.01549,1.01572,2.16,1.60
2012.07.26 13:30:24.508,1.01552,1.01574,1.50,1.60
2012.07.26 13:30:24.841,1.01555,1.01576,1.50,1.60
2012.07.26 13:30:25.286,1.01555,1.01579,1.50,1.60
2012.07.26 13:30:25.844,1.01556,1.01578,1.50,1.60
2012.07.26 13:30:26.072,1.01553,1.01575,1.50,1.60
2012.07.26 13:30:26.727,1.0155,1.01574,2.16,1.60
2012.07.26 13:30:26.951,1.01553,1.01575,1.50,1.60
2012.07.26 13:30:27.396,1.01551,1.01573,1.50,1.60
2012.07.26 13:30:27.840,1.01549,1.01571,2.16,1.60
2012.07.26 13:30:28.202,1.01548,1.01572,1.50,1.60
2012.07.26 13:30:28.726,1.01547,1.01569,1.50,1.60
2012.07.26 13:30:29.337,1.01544,1.01562,1.50,1.60
2012.07.26 13:30:29.401,1.01542,1.01567,1.50,1.97
2012.07.26 13:30:29.932,1.01541,1.01564,1.50,1.60
2012.07.26 13:30:29.994,1.01539,1.01564,1.50,1.60
2012.07.26 13:30:30.271,1.01541,1.01565,1.50,3.10
2012.07.26 13:30:30.640,1.01543,1.01566,1.50,1.60
2012.07.26 13:30:31.387,1.01542,1.01564,1.50,1.60
2012.07.26 13:30:31.847,1.01539,1.01564,3.00,1.60
2012.07.26 13:30:32.295,1.01541,1.01565,1.50,1.60
2012.07.26 13:30:32.408,1.01537,1.01562,2.16,1.60
2012.07.26 13:30:32.578,1.01537,1.01562,1.50,1.60
2012.07.26 13:30:32.911,1.01535,1.01557,1.50,1.60
2012.07.26 13:30:32.973,1.01532,1.01556,1.50,1.60
2012.07.26 13:30:33.902,1.01532,1.01556,2.16,1.50
2012.07.26 13:30:34.435,1.01532,1.01556,2.54,1.60
2012.07.26 13:30:34.495,1.01532,1.01556,2.16,1.60
2012.07.26 13:30:34.663,1.01532,1.01556,1.50,1.60
2012.07.26 13:30:34.833,1.01529,1.01553,2.16,1.97
2012.07.26 13:30:34.893,1.01532,1.01553,1.41,1.97
2012.07.26 13:30:35.255,1.01529,1.01551,2.16,1.60
2012.07.26 13:30:35.424,1.01532,1.01555,1.50,1.97
2012.07.26 13:30:35.705,1.01529,1.01553,1.50,1.97
2012.07.26 13:30:36.183,1.01529,1.01553,1.50,1.60
2012.07.26 13:30:36.416,1.01529,1.01553,2.16,1.60
2012.07.26 13:30:37.467,1.01533,1.01554,1.50,1.60
2012.07.26 13:30:37.978,1.01529,1.01551,1.50,1.60
2012.07.26 13:30:39.851,1.01524,1.01546,2.16,1.50
2012.07.26 13:30:39.980,1.01525,1.01549,2.16,1.60
2012.07.26 13:30:40.961,1.01528,1.0155,1.50,1.60
2012.07.26 13:30:41.046,1.0153,1.01552,1.50,3.10
2012.07.26 13:30:41.214,1.0153,1.01552,2.16,1.60
2012.07.26 13:30:42.086,1.01529,1.01552,2.16,1.60
2012.07.26 13:30:42.770,1.01532,1.01554,1.50,1.60
2012.07.26 13:30:42.831,1.01532,1.01556,1.50,1.60
2012.07.26 13:30:44.126,1.01532,1.01556,2.16,1.60
2012.07.26 13:30:45.531,1.01532,1.01556,1.50,1.60
2012.07.26 13:30:46.128,1.0153,1.01553,2.16,1.60
2012.07.26 13:30:48.702,1.01531,1.01555,1.50,1.60
2012.07.26 13:30:48.978,1.01529,1.01553,1.50,1.60
2012.07.26 13:30:49.419,1.01531,1.01555,1.50,1.60
2012.07.26 13:30:49.586,1.01529,1.01553,1.50,1.60
2012.07.26 13:30:50.087,1.01526,1.01551,2.16,1.60
2012.07.26 13:30:50.632,1.01529,1.01551,1.50,1.60
2012.07.26 13:30:50.692,1.01529,1.01551,1.50,1.60
2012.07.26 13:30:50.860,1.01526,1.01551,3.66,1.60
2012.07.26 13:30:50.920,1.01526,1.01551,2.16,1.60
2012.07.26 13:30:53.121,1.01528,1.01553,1.50,1.60
2012.07.26 13:30:54.873,1.01527,1.01549,3.66,1.60
2012.07.26 13:30:55.216,1.01529,1.01551,2.16,1.60
2012.07.26 13:30:55.627,1.01529,1.01551,1.50,1.60
2012.07.26 13:30:56.137,1.0153,1.01554,1.50,3.10
2012.07.26 13:30:56.370,1.01525,1.01548,2.16,1.50
2012.07.26 13:30:57.511,1.01525,1.01548,2.16,1.60
2012.07.26 13:30:57.830,1.01523,1.01547,2.54,1.60
2012.07.26 13:30:58.112,1.01523,1.01546,1.88,1.60
2012.07.26 13:30:58.848,1.01523,1.01545,1.50,1.60
2012.07.26 13:31:00.485,1.01523,1.01545,2.16,1.50
2012.07.26 13:31:01.111,1.01524,1.01548,2.16,1.60
2012.07.26 13:31:01.335,1.01527,1.01549,1.50,1.60
2012.07.26 13:31:01.642,1.01529,1.01551,1.50,1.60
2012.07.26 13:31:02.142,1.01531,1.01554,1.41,1.60
2012.07.26 13:31:02.342,1.01536,1.0156,1.50,1.97
2012.07.26 13:31:02.843,1.01537,1.01559,1.50,1.60
2012.07.26 13:31:03.367,1.01535,1.01558,3.75,1.60
2012.07.26 13:31:03.830,1.0154,1.01563,1.50,1.60
2012.07.26 13:31:04.107,1.01543,1.01566,1.50,1.97
2012.07.26 13:31:04.222,1.01541,1.01565,2.16,1.60
2012.07.26 13:31:06.005,1.01542,1.01564,2.16,1.50
2012.07.26 13:31:06.942,1.01542,1.01564,3.66,1.60
2012.07.26 13:31:07.055,1.01542,1.01564,3.66,1.50
2012.07.26 13:31:07.374,1.01544,1.01566,2.16,1.50
2012.07.26 13:31:07.492,1.01544,1.01568,2.54,1.60
2012.07.26 13:31:08.035,1.01545,1.01567,1.50,1.60
2012.07.26 13:31:08.199,1.01545,1.01567,2.16,1.60
2012.07.26 13:31:08.314,1.01546,1.0157,2.16,1.60
2012.07.26 13:31:08.712,1.01548,1.01572,1.50,1.60
2012.07.26 13:31:08.881,1.01545,1.01567,2.16,1.60
2012.07.26 13:31:08.940,1.01549,1.01567,1.50,1.60
2012.07.26 13:31:09.165,1.01553,1.01575,2.16,3.10
2012.07.26 13:31:09.292,1.01549,1.0157,2.16,1.50
2012.07.26 13:31:09.407,1.01549,1.01569,1.04,1.50
2012.07.26 13:31:09.522,1.01545,1.01569,2.16,3.10
2012.07.26 13:31:09.692,1.01544,1.01567,2.16,1.50
2012.07.26 13:31:10.117,1.01547,1.01567,1.50,1.60
2012.07.26 13:31:10.452,1.01551,1.01575,1.50,1.60
2012.07.26 13:31:10.674,1.01551,1.01575,1.50,1.60
2012.07.26 13:31:11.115,1.01551,1.01575,1.50,1.60
2012.07.26 13:31:11.514,1.01549,1.01572,2.16,1.60
2012.07.26 13:31:12.062,1.01545,1.01569,2.16,1.60
2012.07.26 13:31:12.590,1.01548,1.01568,1.50,1.60
2012.07.26 13:31:13.103,1.01545,1.01569,2.16,1.60
2012.07.26 13:31:13.633,1.01543,1.01565,2.16,1.50
2012.07.26 13:31:14.135,1.01544,1.01566,2.16,1.60
2012.07.26 13:31:14.679,1.01544,1.01566,2.16,1.50
2012.07.26 13:31:14.740,1.01544,1.01566,1.50,1.60
2012.07.26 13:31:15.529,1.01542,1.01566,2.16,1.60
2012.07.26 13:31:16.070,1.01542,1.01566,2.16,1.60
2012.07.26 13:31:16.696,1.01545,1.01568,1.50,1.60
2012.07.26 13:31:17.059,1.01541,1.01563,3.66,1.60
2012.07.26 13:31:17.237,1.01541,1.01563,2.16,1.50
2012.07.26 13:31:17.623,1.01544,1.01566,1.50,1.60
2012.07.26 13:31:17.736,1.01541,1.01563,2.16,1.60
2012.07.26 13:31:17.851,1.01539,1.01559,1.04,1.50
2012.07.26 13:31:17.966,1.01541,1.01561,1.50,1.60
2012.07.26 13:31:18.375,1.01542,1.01564,1.50,1.60
2012.07.26 13:31:18.706,1.01539,1.01563,2.16,1.60
2012.07.26 13:31:19.029,1.01544,1.01566,1.50,1.60
2012.07.26 13:31:19.560,1.01543,1.01567,1.50,1.60
2012.07.26 13:31:19.867,1.01546,1.01568,1.50,1.60
2012.07.26 13:31:20.334,1.01544,1.01565,1.50,1.60
2012.07.26 13:31:20.503,1.01543,1.01565,1.50,1.60
2012.07.26 13:31:20.562,1.01541,1.01563,3.66,1.60
2012.07.26 13:31:21.614,1.0154,1.01564,2.16,1.60
2012.07.26 13:31:21.776,1.0154,1.01564,1.50,1.60
2012.07.26 13:31:22.466,1.01545,1.01568,1.50,1.97
2012.07.26 13:31:22.525,1.01545,1.01568,1.50,1.97
2012.07.26 13:31:23.832,1.01542,1.01567,2.16,1.60
2012.07.26 13:31:24.112,1.01543,1.01567,1.50,1.97
2012.07.26 13:31:24.282,1.01541,1.01563,1.50,1.60
2012.07.26 13:31:24.342,1.01541,1.01563,1.50,1.60
2012.07.26 13:31:25.047,1.01538,1.0156,1.50,1.60
2012.07.26 13:31:25.113,1.01539,1.0156,1.04,1.50
2012.07.26 13:31:25.230,1.01539,1.0156,1.04,3.10
2012.07.26 13:31:28.233,1.01538,1.0156,2.16,1.60
2012.07.26 13:31:28.786,1.01535,1.01559,2.16,1.60
2012.07.26 13:31:28.902,1.01534,1.01556,1.04,1.50
2012.07.26 13:31:29.016,1.01534,1.01556,1.04,1.60
2012.07.26 13:31:29.619,1.01534,1.01557,1.50,1.60
2012.07.26 13:31:31.657,1.01532,1.01554,2.16,1.60
2012.07.26 13:31:31.830,1.01531,1.01554,2.16,1.60
2012.07.26 13:31:33.115,1.01533,1.01556,1.50,1.60
2012.07.26 13:31:35.885,1.0153,1.01555,2.16,1.60
2012.07.26 13:31:36.495,1.01533,1.01556,1.50,1.60
2012.07.26 13:31:37.082,1.01532,1.01557,2.16,1.60
2012.07.26 13:31:37.587,1.01535,1.01557,1.50,1.60
2012.07.26 13:31:37.917,1.01537,1.01559,1.50,1.60
2012.07.26 13:31:38.178,1.01537,1.01559,2.16,1.60
2012.07.26 13:31:38.564,1.01533,1.01555,2.16,1.50
2012.07.26 13:31:38.680,1.01532,1.01557,2.16,1.60
2012.07.26 13:31:38.902,1.01532,1.01557,2.16,1.60
2012.07.26 13:31:39.016,1.01532,1.01557,1.50,3.10
2012.07.26 13:31:39.130,1.0153,1.01555,2.16,1.60
2012.07.26 13:31:39.890,1.0153,1.01554,2.16,1.60
2012.07.26 13:31:40.248,1.01533,1.01555,1.50,3.10
2012.07.26 13:31:40.412,1.01533,1.01555,1.50,1.60
2012.07.26 13:31:40.525,1.01533,1.01555,1.50,1.60
2012.07.26 13:31:41.258,1.01533,1.01555,1.50,1.60
2012.07.26 13:31:41.535,1.01533,1.01555,2.16,1.50
2012.07.26 13:31:42.068,1.01535,1.01559,2.16,3.10
2012.07.26 13:31:42.184,1.01533,1.01557,1.50,1.60
2012.07.26 13:31:42.758,1.01532,1.01554,2.25,1.60
2012.07.26 13:31:43.308,1.01532,1.01555,2.91,1.60
2012.07.26 13:31:43.927,1.01534,1.01558,1.50,1.60
2012.07.26 13:31:44.180,1.01532,1.01556,2.16,1.60
2012.07.26 13:31:44.246,1.01532,1.01556,2.16,1.60
2012.07.26 13:31:44.576,1.01534,1.01556,1.04,1.60
2012.07.26 13:31:45.367,1.01534,1.01553,1.04,1.50
2012.07.26 13:31:45.639,1.01534,1.01556,1.04,1.50
2012.07.26 13:31:46.083,1.01534,1.01556,2.16,1.60
2012.07.26 13:31:47.133,1.01535,1.01556,1.50,1.60
2012.07.26 13:31:47.247,1.01536,1.0156,2.16,1.60
2012.07.26 13:31:48.852,1.01536,1.0156,2.16,1.60
2012.07.26 13:31:50.495,1.01536,1.0156,2.16,1.50
2012.07.26 13:31:50.556,1.0154,1.01564,2.16,1.60
2012.07.26 13:31:50.780,1.01538,1.0156,2.16,1.50
2012.07.26 13:31:50.955,1.0154,1.01562,2.16,3.10
2012.07.26 13:31:51.341,1.01538,1.0156,2.16,1.50
2012.07.26 13:31:51.510,1.01541,1.01563,2.16,1.60
2012.07.26 13:31:52.157,1.01542,1.01566,2.16,1.60
2012.07.26 13:31:53.138,1.01539,1.01563,2.16,1.60
2012.07.26 13:31:53.468,1.01538,1.0156,2.54,1.50
2012.07.26 13:31:54.017,1.01538,1.0156,2.16,1.60
2012.07.26 13:31:54.327,1.01538,1.0156,2.16,1.50
2012.07.26 13:31:54.898,1.01535,1.01559,2.69,1.50
2012.07.26 13:31:55.059,1.01537,1.01561,2.16,1.50
2012.07.26 13:31:56.935,1.01538,1.01562,2.16,1.60
2012.07.26 13:31:57.196,1.01538,1.01562,2.16,1.60
2012.07.26 13:31:58.298,1.01535,1.01559,2.16,1.60
2012.07.26 13:31:58.416,1.01536,1.01559,2.16,1.60
2012.07.26 13:31:58.529,1.01539,1.01561,1.50,1.60
2012.07.26 13:31:58.971,1.01539,1.01561,2.16,1.60
2012.07.26 13:31:59.309,1.01544,1.01566,1.50,1.60
2012.07.26 13:31:59.811,1.01544,1.01566,1.50,1.60
2012.07.26 13:32:00.328,1.01545,1.01569,1.50,1.60
2012.07.26 13:32:00.994,1.01544,1.01567,1.50,1.60
2012.07.26 13:32:01.172,1.01539,1.01564,1.88,1.60
2012.07.26 13:32:01.555,1.01541,1.01563,1.50,1.60
2012.07.26 13:32:02.110,1.01543,1.01565,1.50,1.60
2012.07.26 13:32:02.229,1.01541,1.01563,1.50,1.60
2012.07.26 13:32:02.505,1.01544,1.01568,1.50,1.60
2012.07.26 13:32:02.693,1.01544,1.01568,1.50,2.20
2012.07.26 13:32:02.753,1.01542,1.01566,2.16,1.60
2012.07.26 13:32:03.852,1.01545,1.01567,1.50,1.60
2012.07.26 13:32:04.204,1.01547,1.01569,1.50,2.20
2012.07.26 13:32:04.264,1.01544,1.01566,3.00,1.60
2012.07.26 13:32:04.779,1.01542,1.01564,3.00,1.60
2012.07.26 13:32:05.350,1.01542,1.01562,1.50,2.27
2012.07.26 13:32:05.519,1.01539,1.01564,1.50,2.20
2012.07.26 13:32:05.579,1.01539,1.01564,2.16,1.60
2012.07.26 13:32:05.802,1.01541,1.01564,2.16,1.60
2012.07.26 13:32:07.370,1.01544,1.01569,1.50,1.60
2012.07.26 13:32:07.647,1.01544,1.01563,2.16,2.18
2012.07.26 13:32:07.708,1.01544,1.01569,2.16,1.60
2012.07.26 13:32:08.043,1.01546,1.01567,1.50,1.60
2012.07.26 13:32:08.845,1.01546,1.01568,1.50,1.60
2012.07.26 13:32:09.313,1.01547,1.01571,1.50,1.97
2012.07.26 13:32:09.550,1.01542,1.01567,2.16,1.60
2012.07.26 13:32:09.847,1.01542,1.01567,1.50,1.60
2012.07.26 13:32:10.127,1.0154,1.01563,1.50,1.60
2012.07.26 13:32:10.188,1.01543,1.01566,1.50,3.10
2012.07.26 13:32:10.248,1.01543,1.01566,1.50,1.60
2012.07.26 13:32:11.845,1.01543,1.01566,1.50,1.60
2012.07.26 13:32:12.374,1.01542,1.01564,1.50,2.20
2012.07.26 13:32:12.489,1.0154,1.01557,1.50,1.60
2012.07.26 13:32:12.549,1.01534,1.01557,1.50,1.60
2012.07.26 13:32:12.609,1.01538,1.01559,2.16,1.60
2012.07.26 13:32:13.117,1.01541,1.01565,1.50,2.20
2012.07.26 13:32:14.599,1.01541,1.01563,1.50,1.60
2012.07.26 13:32:14.823,1.01542,1.01566,2.16,1.60
2012.07.26 13:32:15.726,1.01545,1.01567,1.50,1.60
2012.07.26 13:32:16.275,1.01542,1.01566,3.66,1.60
2012.07.26 13:32:17.477,1.01545,1.01567,1.50,3.10
2012.07.26 13:32:17.733,1.01542,1.01566,2.16,1.60
2012.07.26 13:32:18.377,1.01542,1.01566,1.50,1.60
2012.07.26 13:32:18.898,1.01541,1.01563,2.16,1.60
2012.07.26 13:32:20.802,1.01542,1.01561,1.50,1.60
2012.07.26 13:32:20.915,1.01538,1.0156,2.16,1.60
2012.07.26 13:32:21.561,1.0154,1.01562,1.50,1.60
2012.07.26 13:32:21.893,1.01539,1.01562,1.50,1.60
2012.07.26 13:32:23.043,1.01537,1.01562,2.16,1.60
2012.07.26 13:32:23.752,1.01541,1.01563,1.50,2.27
2012.07.26 13:32:24.248,1.01541,1.01563,2.16,2.27
2012.07.26 13:32:25.447,1.01542,1.01567,1.50,2.20
2012.07.26 13:32:25.993,1.01539,1.01565,2.16,1.60
2012.07.26 13:32:27.901,1.01542,1.01565,2.16,1.60
2012.07.26 13:32:28.208,1.01541,1.01565,2.16,1.60
2012.07.26 13:32:28.323,1.01542,1.01567,2.16,1.60
2012.07.26 13:32:28.602,1.0154,1.01566,2.16,1.60
2012.07.26 13:32:29.137,1.01541,1.01567,2.16,1.97
2012.07.26 13:32:30.244,1.01541,1.01567,2.16,1.97
2012.07.26 13:32:30.750,1.01544,1.01569,1.50,1.22
2012.07.26 13:32:31.508,1.01543,1.01567,2.16,1.97
2012.07.26 13:32:32.067,1.01543,1.01567,2.16,1.97
2012.07.26 13:32:32.399,1.01539,1.01565,1.50,1.60
2012.07.26 13:32:32.732,1.01547,1.0157,2.16,1.97
2012.07.26 13:32:33.064,1.01549,1.01572,2.16,1.60
2012.07.26 13:32:33.646,1.01549,1.01572,1.50,2.20
2012.07.26 13:32:33.707,1.01547,1.0157,2.16,1.60
2012.07.26 13:32:33.768,1.01547,1.0157,1.50,1.60
2012.07.26 13:32:33.882,1.01547,1.0157,2.16,1.60
2012.07.26 13:32:34.269,1.01547,1.01571,1.50,2.20
2012.07.26 13:32:34.719,1.01547,1.01571,2.16,2.20
2012.07.26 13:32:35.300,1.01551,1.01573,1.50,2.65
2012.07.26 13:32:35.415,1.01548,1.01571,1.50,1.60
2012.07.26 13:32:35.529,1.01548,1.01571,2.16,1.60
2012.07.26 13:32:36.026,1.01548,1.01573,1.50,2.87
2012.07.26 13:32:36.140,1.01546,1.01571,1.50,1.60
2012.07.26 13:32:36.253,1.01546,1.01571,2.16,1.60
2012.07.26 13:32:36.420,1.01545,1.01571,2.16,1.60
2012.07.26 13:32:36.535,1.01547,1.01573,2.16,3.77
2012.07.26 13:32:37.040,1.0155,1.01574,1.50,1.60
2012.07.26 13:32:37.587,1.01546,1.01572,2.16,1.60
2012.07.26 13:32:37.648,1.01546,1.01569,2.16,1.50
2012.07.26 13:32:37.980,1.01545,1.01569,2.16,1.60
2012.07.26 13:32:38.893,1.01548,1.01571,2.16,1.50
2012.07.26 13:32:39.170,1.01551,1.01575,1.50,1.60
2012.07.26 13:32:39.284,1.01549,1.01573,1.50,3.77
2012.07.26 13:32:39.513,1.01547,1.01571,2.16,1.60
2012.07.26 13:32:39.804,1.01547,1.01571,1.50,2.20
2012.07.26 13:32:40.161,1.01543,1.01566,1.50,1.60
2012.07.26 13:32:40.503,1.01543,1.01563,1.50,2.87
2012.07.26 13:32:40.617,1.01539,1.01563,1.88,2.87
2012.07.26 13:32:40.820,1.01541,1.01563,1.50,2.87
2012.07.26 13:32:40.934,1.01539,1.01563,1.50,2.87
2012.07.26 13:32:41.102,1.01539,1.01563,2.16,2.27
2012.07.26 13:32:42.899,1.01542,1.01565,2.16,1.60
2012.07.26 13:32:43.435,1.01542,1.01563,1.50,2.27
2012.07.26 13:32:43.605,1.01536,1.01559,2.16,1.60
2012.07.26 13:32:43.796,1.01536,1.01559,1.50,1.60
2012.07.26 13:32:44.611,1.01542,1.01563,1.50,3.77
2012.07.26 13:32:44.674,1.01544,1.01563,1.50,2.27
2012.07.26 13:32:44.735,1.01542,1.01563,1.50,2.27
2012.07.26 13:32:45.261,1.01543,1.01569,1.50,3.47
2012.07.26 13:32:45.321,1.01541,1.01566,3.00,1.97
2012.07.26 13:32:45.720,1.01541,1.01566,2.16,1.88
2012.07.26 13:32:46.051,1.01542,1.01567,2.16,1.50
2012.07.26 13:32:46.111,1.0155,1.01573,2.16,3.47
2012.07.26 13:32:46.333,1.01547,1.01572,2.16,4.15
2012.07.26 13:32:46.503,1.01547,1.01572,2.16,5.50
2012.07.26 13:32:46.853,1.01546,1.01572,1.50,3.32
2012.07.26 13:32:47.406,1.01546,1.01572,1.50,2.57
2012.07.26 13:32:47.842,1.01543,1.01567,2.16,1.60
2012.07.26 13:32:48.835,1.0154,1.01566,2.16,1.60
2012.07.26 13:32:49.254,1.0154,1.01565,2.16,1.60
2012.07.26 13:32:49.589,1.01541,1.01566,1.50,2.57
2012.07.26 13:32:49.811,1.01537,1.01563,2.16,1.60
2012.07.26 13:32:50.273,1.01535,1.01559,1.50,1.60
2012.07.26 13:32:50.479,1.01532,1.01557,1.50,1.60
2012.07.26 13:32:50.593,1.01535,1.01558,1.50,1.60
2012.07.26 13:32:50.944,1.01536,1.01561,1.50,1.60
2012.07.26 13:32:51.005,1.01539,1.01562,1.50,1.97
2012.07.26 13:32:51.551,1.01537,1.01561,3.00,1.60
2012.07.26 13:32:51.773,1.01535,1.01559,1.50,1.60
2012.07.26 13:32:51.834,1.01534,1.01559,1.50,1.60
2012.07.26 13:32:52.058,1.01534,1.01559,2.16,1.60
2012.07.26 13:32:53.261,1.01532,1.01557,2.16,1.60
2012.07.26 13:32:53.595,1.01535,1.01559,2.16,3.10
2012.07.26 13:32:53.764,1.01537,1.01561,2.16,1.60
2012.07.26 13:32:54.071,1.01537,1.01561,2.16,1.60
2012.07.26 13:32:54.412,1.01533,1.01559,1.50,1.97
2012.07.26 13:32:55.041,1.01531,1.01555,2.16,1.60
2012.07.26 13:32:55.345,1.01534,1.01558,1.50,1.97
2012.07.26 13:32:55.514,1.01532,1.01555,3.00,1.60
2012.07.26 13:32:55.691,1.0153,1.01553,2.16,1.60
2012.07.26 13:32:55.757,1.01532,1.01555,1.50,1.60
2012.07.26 13:32:56.115,1.01532,1.01555,1.50,1.60
2012.07.26 13:32:56.392,1.0153,1.01554,1.50,1.60
2012.07.26 13:32:56.669,1.0153,1.01554,2.16,1.60
2012.07.26 13:32:57.303,1.01533,1.01558,1.50,1.60
2012.07.26 13:32:57.906,1.01535,1.01559,1.50,1.60
2012.07.26 13:32:58.455,1.01534,1.0156,1.50,1.60
2012.07.26 13:32:59.126,1.01537,1.01562,1.50,3.47
2012.07.26 13:32:59.191,1.01535,1.01558,1.50,1.60
2012.07.26 13:32:59.732,1.01536,1.01561,1.50,1.60
2012.07.26 13:33:01.018,1.01537,1.01561,1.50,1.97
2012.07.26 13:33:01.078,1.01537,1.01561,2.16,1.97
2012.07.26 13:33:01.451,1.0154,1.01564,1.50,1.60
2012.07.26 13:33:01.689,1.01537,1.01563,4.34,1.60
2012.07.26 13:33:03.174,1.01536,1.01561,1.50,1.60
2012.07.26 13:33:03.304,1.01537,1.01561,2.16,1.60
2012.07.26 13:33:03.365,1.01539,1.01563,1.50,2.35
2012.07.26 13:33:03.532,1.0154,1.01563,2.16,2.35
2012.07.26 13:33:03.934,1.01541,1.01566,1.50,1.60
2012.07.26 13:33:04.628,1.01539,1.01564,2.16,1.60
2012.07.26 13:33:05.691,1.01539,1.01564,2.54,1.60
2012.07.26 13:33:05.888,1.01542,1.01565,2.16,1.60
2012.07.26 13:33:06.669,1.01546,1.01567,1.04,1.50
2012.07.26 13:33:06.946,1.01543,1.01568,2.16,2.35
2012.07.26 13:33:07.179,1.01541,1.01566,2.16,1.50
2012.07.26 13:33:07.239,1.01541,1.01566,2.16,1.60
2012.07.26 13:33:07.483,1.01541,1.01566,1.50,3.10
2012.07.26 13:33:07.651,1.01541,1.01566,2.16,1.60
2012.07.26 13:33:08.169,1.01544,1.01568,1.50,2.35
2012.07.26 13:33:09.440,1.01542,1.01567,2.16,1.60
2012.07.26 13:33:09.994,1.01542,1.01566,2.16,1.60
2012.07.26 13:33:10.338,1.01541,1.01564,1.50,1.60
2012.07.26 13:33:10.705,1.01543,1.01568,1.50,1.60
2012.07.26 13:33:10.765,1.01543,1.01568,1.50,1.60
2012.07.26 13:33:10.946,1.01543,1.01568,1.50,1.60
2012.07.26 13:33:11.060,1.01543,1.01568,2.16,1.60
2012.07.26 13:33:11.948,1.01543,1.01569,1.50,1.60
2012.07.26 13:33:12.344,1.01545,1.0157,1.50,3.10
2012.07.26 13:33:13.186,1.01543,1.01568,3.00,1.60
2012.07.26 13:33:13.256,1.01545,1.0157,1.50,3.10
2012.07.26 13:33:13.425,1.01544,1.01567,1.50,1.60
2012.07.26 13:33:14.012,1.01543,1.01568,1.50,1.60
2012.07.26 13:33:14.072,1.01545,1.01568,1.50,1.60
2012.07.26 13:33:14.598,1.01544,1.01568,1.50,1.60
2012.07.26 13:33:14.820,1.01544,1.01568,2.16,1.60
2012.07.26 13:33:15.373,1.01545,1.01568,1.50,1.60
2012.07.26 13:33:15.909,1.01546,1.0157,1.50,1.60
2012.07.26 13:33:16.747,1.01545,1.01568,1.50,1.60
2012.07.26 13:33:16.806,1.01545,1.01568,1.50,1.60
2012.07.26 13:33:18.038,1.01544,1.01569,1.50,1.60
2012.07.26 13:33:18.845,1.01544,1.01569,1.50,1.60
2012.07.26 13:33:20.862,1.01543,1.01566,2.16,1.60
2012.07.26 13:33:21.636,1.01544,1.01569,1.50,3.10
2012.07.26 13:33:22.379,1.01544,1.01569,2.16,1.60
2012.07.26 13:33:23.711,1.01543,1.01566,1.50,1.60
2012.07.26 13:33:24.044,1.01545,1.01569,1.50,1.97
2012.07.26 13:33:24.701,1.01545,1.01568,2.16,1.97
2012.07.26 13:33:24.765,1.0154,1.01566,2.16,1.60
2012.07.26 13:33:25.286,1.01543,1.01566,1.50,1.60
2012.07.26 13:33:25.888,1.0154,1.01564,2.16,1.50
2012.07.26 13:33:26.719,1.01545,1.01567,1.50,1.60
2012.07.26 13:33:27.047,1.01547,1.01571,1.50,2.20
2012.07.26 13:33:27.713,1.0155,1.01572,1.50,1.75
2012.07.26 13:33:27.773,1.0155,1.01572,1.50,1.75
2012.07.26 13:33:28.905,1.01543,1.01569,2.16,1.60
2012.07.26 13:33:29.441,1.01543,1.01569,2.16,1.60
2012.07.26 13:33:29.549,1.01543,1.01569,2.16,1.60
2012.07.26 13:33:29.842,1.01543,1.01569,1.50,1.60
2012.07.26 13:33:30.417,1.0154,1.01566,3.66,1.60
2012.07.26 13:33:30.894,1.01542,1.01565,1.50,1.60
2012.07.26 13:33:31.008,1.01539,1.01564,3.66,1.60
2012.07.26 13:33:31.067,1.01539,1.01564,3.00,1.60
2012.07.26 13:33:31.786,1.01538,1.01561,1.50,1.60
2012.07.26 13:33:31.968,1.01535,1.01561,2.16,1.60
2012.07.26 13:33:32.190,1.01537,1.0156,2.16,1.60
2012.07.26 13:33:32.760,1.01537,1.01561,1.50,1.60
2012.07.26 13:33:33.280,1.01536,1.0156,2.16,1.60
2012.07.26 13:33:33.624,1.01532,1.01556,2.16,1.50
2012.07.26 13:33:33.846,1.01534,1.01558,2.16,1.60
2012.07.26 13:33:34.370,1.01537,1.01561,1.50,2.20
2012.07.26 13:33:34.676,1.01538,1.01565,1.50,1.60
2012.07.26 13:33:35.200,1.01538,1.01565,1.50,1.60
2012.07.26 13:33:35.268,1.01535,1.01558,1.50,1.60
2012.07.26 13:33:35.601,1.01538,1.01562,3.68,1.60
2012.07.26 13:33:35.850,1.01538,1.01562,2.16,1.60
2012.07.26 13:33:36.072,1.01539,1.01565,1.50,2.35
2012.07.26 13:33:36.185,1.01539,1.01565,2.16,2.35
2012.07.26 13:33:36.710,1.01542,1.01566,1.50,2.20
2012.07.26 13:33:36.935,1.01539,1.01566,2.16,1.60
2012.07.26 13:33:37.054,1.01543,1.01569,1.50,1.15
2012.07.26 13:33:37.276,1.01543,1.01568,1.50,1.97
2012.07.26 13:33:37.390,1.0154,1.01566,2.16,1.60
2012.07.26 13:33:37.504,1.0154,1.01566,1.88,1.60
2012.07.26 13:33:37.564,1.0154,1.01566,1.50,1.60
2012.07.26 13:33:37.624,1.01541,1.01566,1.50,1.60
2012.07.26 13:33:37.781,1.01547,1.01569,1.50,2.65
2012.07.26 13:33:37.841,1.01547,1.01569,1.50,1.15
2012.07.26 13:33:38.009,1.01545,1.01569,1.50,2.65
2012.07.26 13:33:38.599,1.01543,1.0157,3.00,1.97
2012.07.26 13:33:38.713,1.01542,1.01568,1.50,1.97
2012.07.26 13:33:38.828,1.01542,1.01568,1.50,1.97
2012.07.26 13:33:39.157,1.01548,1.01572,1.50,2.65
2012.07.26 13:33:39.653,1.01548,1.01573,1.50,1.60
2012.07.26 13:33:39.901,1.01551,1.01578,1.50,1.97
2012.07.26 13:33:40.166,1.01551,1.01578,1.50,1.97
2012.07.26 13:33:40.281,1.01551,1.01578,1.50,1.97
2012.07.26 13:33:40.546,1.01554,1.01579,1.50,1.97
2012.07.26 13:33:41.099,1.01555,1.01579,1.50,1.97
2012.07.26 13:33:41.213,1.01552,1.01576,1.50,1.60
2012.07.26 13:33:41.414,1.01552,1.01577,1.50,1.97
2012.07.26 13:33:41.528,1.0155,1.01575,1.50,1.60
2012.07.26 13:33:41.643,1.01552,1.01578,1.50,1.97
2012.07.26 13:33:41.758,1.01552,1.01578,2.91,1.97
2012.07.26 13:33:41.817,1.01552,1.01578,2.91,1.97
2012.07.26 13:33:41.934,1.01552,1.01577,2.01,2.57
2012.07.26 13:33:42.169,1.01552,1.01577,1.50,1.60
2012.07.26 13:33:42.229,1.01555,1.01579,1.50,1.60
2012.07.26 13:33:42.505,1.01555,1.01579,1.50,1.60
2012.07.26 13:33:42.566,1.01557,1.0158,1.50,1.60
2012.07.26 13:33:42.682,1.01554,1.01581,2.16,1.60
2012.07.26 13:33:43.011,1.01559,1.01584,1.50,3.10
2012.07.26 13:33:43.454,1.01563,1.01587,1.50,1.07
2012.07.26 13:33:43.797,1.01561,1.01586,1.50,1.60
2012.07.26 13:33:43.857,1.01562,1.01586,1.50,1.60
2012.07.26 13:33:43.917,1.01564,1.0159,1.50,2.72
2012.07.26 13:33:44.031,1.01562,1.01588,1.50,1.97
2012.07.26 13:33:44.252,1.01564,1.01589,1.50,1.22
2012.07.26 13:33:44.582,1.01566,1.01587,1.50,1.07
2012.07.26 13:33:44.859,1.01564,1.01587,1.50,1.07
2012.07.26 13:33:44.918,1.01562,1.01587,1.50,1.07
2012.07.26 13:33:45.032,1.01562,1.01587,1.50,1.07
2012.07.26 13:33:45.200,1.0156,1.01584,3.00,1.60
2012.07.26 13:33:45.851,1.01561,1.01586,1.50,1.60
2012.07.26 13:33:46.516,1.01563,1.01587,1.50,1.07
2012.07.26 13:33:46.683,1.01563,1.01587,1.50,1.07
2012.07.26 13:33:46.743,1.01561,1.01587,1.50,1.97
2012.07.26 13:33:46.966,1.01563,1.01588,1.50,1.22
2012.07.26 13:33:47.280,1.01561,1.01587,1.50,1.97
2012.07.26 13:33:48.045,1.01563,1.01588,1.50,2.72
2012.07.26 13:33:48.374,1.01563,1.01588,1.50,1.97
2012.07.26 13:33:48.662,1.0156,1.01587,1.50,1.97
2012.07.26 13:33:49.360,1.0156,1.01585,1.50,1.60
2012.07.26 13:33:49.420,1.01562,1.01587,1.50,3.17
2012.07.26 13:33:49.504,1.0156,1.01585,1.50,1.60
2012.07.26 13:33:50.022,1.01558,1.01584,1.50,1.60
2012.07.26 13:33:50.194,1.01556,1.01582,2.16,1.60
2012.07.26 13:33:50.303,1.01556,1.01582,2.16,1.60
2012.07.26 13:33:50.580,1.01556,1.0158,2.16,1.50
2012.07.26 13:33:50.696,1.01558,1.01583,1.50,2.05
2012.07.26 13:33:50.974,1.01556,1.0158,2.16,1.60
2012.07.26 13:33:51.158,1.01556,1.0158,1.50,1.60
2012.07.26 13:33:51.276,1.01556,1.0158,2.16,1.60
2012.07.26 13:33:51.830,1.01558,1.01582,1.50,2.35
2012.07.26 13:33:52.527,1.01557,1.01582,1.50,2.72
2012.07.26 13:33:53.739,1.01557,1.01582,1.50,4.67
2012.07.26 13:33:53.799,1.01555,1.01581,1.50,2.12
2012.07.26 13:33:54.032,1.01557,1.01582,1.50,4.67
2012.07.26 13:33:54.201,1.01555,1.01581,3.00,2.12
2012.07.26 13:33:54.425,1.01557,1.01584,1.50,3.25
2012.07.26 13:33:54.485,1.01557,1.01582,1.50,1.22
2012.07.26 13:33:54.600,1.0156,1.01583,1.50,1.75
2012.07.26 13:33:54.845,1.01557,1.01583,3.00,1.75
2012.07.26 13:33:54.908,1.0156,1.01583,1.50,1.75
2012.07.26 13:33:55.182,1.01561,1.01587,1.50,1.60
2012.07.26 13:33:55.515,1.01563,1.01587,1.50,1.07
2012.07.26 13:33:55.708,1.01561,1.01588,1.50,1.60
2012.07.26 13:33:55.767,1.01564,1.01589,1.50,2.35
2012.07.26 13:33:56.101,1.01568,1.0159,2.18,1.60
2012.07.26 13:33:56.866,1.0157,1.01591,1.50,1.60
2012.07.26 13:33:56.934,1.01573,1.01599,1.50,3.47
2012.07.26 13:33:57.268,1.01574,1.016,1.50,1.22
2012.07.26 13:33:57.391,1.01576,1.016,1.50,1.22
2012.07.26 13:33:57.623,1.01577,1.01601,1.50,1.97
2012.07.26 13:33:58.202,1.01577,1.01601,1.50,1.97
2012.07.26 13:33:58.849,1.01576,1.016,1.50,1.60
2012.07.26 13:33:58.908,1.01578,1.01602,1.50,1.15
2012.07.26 13:33:59.022,1.01576,1.01602,1.50,2.72
2012.07.26 13:33:59.545,1.01575,1.01601,1.50,2.35
2012.07.26 13:34:00.252,1.01575,1.01601,1.50,2.27
2012.07.26 13:34:00.804,1.01576,1.016,2.16,2.20
2012.07.26 13:34:01.352,1.01572,1.01598,2.16,3.85
2012.07.26 13:34:01.644,1.01572,1.01595,1.50,1.60
2012.07.26 13:34:01.759,1.01572,1.01595,1.50,2.27
2012.07.26 13:34:02.321,1.01573,1.01598,1.50,2.35
2012.07.26 13:34:02.832,1.01572,1.01595,1.50,1.60
2012.07.26 13:34:03.110,1.01574,1.01597,1.50,3.85
2012.07.26 13:34:03.288,1.01572,1.01596,1.50,2.35
2012.07.26 13:34:03.348,1.0157,1.01596,2.16,2.35
2012.07.26 13:34:03.571,1.01573,1.01597,1.50,1.60
2012.07.26 13:34:03.880,1.01576,1.01602,1.50,6.02
2012.07.26 13:34:04.103,1.01573,1.01599,1.50,1.60
2012.07.26 13:34:04.163,1.01573,1.01599,1.50,1.60
2012.07.26 13:34:04.713,1.01574,1.016,1.50,3.10
2012.07.26 13:34:05.212,1.01571,1.01597,1.50,1.60
2012.07.26 13:34:05.584,1.01574,1.01598,1.50,1.60
2012.07.26 13:34:05.699,1.01574,1.01598,1.50,1.60
2012.07.26 13:34:05.921,1.01576,1.016,1.50,1.97
2012.07.26 13:34:06.181,1.01576,1.016,1.50,1.97
2012.07.26 13:34:06.459,1.01578,1.01602,1.50,4.15
2012.07.26 13:34:06.843,1.01576,1.01599,1.50,3.10
2012.07.26 13:34:07.012,1.01575,1.016,2.16,1.60
2012.07.26 13:34:07.073,1.01577,1.01602,1.50,1.60
2012.07.26 13:34:07.405,1.01581,1.01605,1.50,2.20
2012.07.26 13:34:07.465,1.01581,1.01605,1.50,1.60
2012.07.26 13:34:07.525,1.01584,1.01608,1.50,2.72
2012.07.26 13:34:07.585,1.01585,1.01608,1.50,1.22
2012.07.26 13:34:07.816,1.01583,1.01608,1.50,1.22
2012.07.26 13:34:08.354,1.01582,1.01606,1.50,1.60
2012.07.26 13:34:08.414,1.01582,1.01606,1.50,1.60
2012.07.26 13:34:08.799,1.01582,1.01606,1.50,1.97
2012.07.26 13:34:08.913,1.01582,1.01606,1.50,3.47
2012.07.26 13:34:09.063,1.01579,1.01603,1.50,1.60
2012.07.26 13:34:09.482,1.01579,1.01603,1.50,1.60
2012.07.26 13:34:09.553,1.01583,1.01607,1.50,3.47
2012.07.26 13:34:09.723,1.0158,1.01606,1.50,1.97
2012.07.26 13:34:09.783,1.01582,1.01607,1.50,1.97
2012.07.26 13:34:09.844,1.01582,1.01607,1.50,1.97
2012.07.26 13:34:10.066,1.01581,1.01608,1.50,3.32
2012.07.26 13:34:11.044,1.01584,1.01608,1.50,3.32
2012.07.26 13:34:11.267,1.01578,1.01603,1.50,1.60
2012.07.26 13:34:11.328,1.0158,1.01603,1.50,1.60
2012.07.26 13:34:11.723,1.0158,1.01607,1.50,1.97
2012.07.26 13:34:11.783,1.01583,1.01607,1.50,1.97
2012.07.26 13:34:12.118,1.01582,1.01606,1.50,2.72
2012.07.26 13:34:12.232,1.01582,1.01606,2.16,3.47
2012.07.26 13:34:12.292,1.0158,1.01603,2.16,1.50
2012.07.26 13:34:12.351,1.0158,1.01603,1.50,1.60
2012.07.26 13:34:12.599,1.0158,1.01603,2.16,1.50
2012.07.26 13:34:12.920,1.01586,1.01609,1.50,1.97
2012.07.26 13:34:14.209,1.01586,1.01609,2.16,1.60
2012.07.26 13:34:14.487,1.01587,1.01609,1.50,1.60
2012.07.26 13:34:15.118,1.01586,1.01611,1.50,1.97
2012.07.26 13:34:15.930,1.01591,1.01613,1.50,3.02
2012.07.26 13:34:16.099,1.01591,1.01615,1.50,1.97
2012.07.26 13:34:16.159,1.01588,1.01614,1.50,1.97
2012.07.26 13:34:16.842,1.01584,1.0161,2.16,1.60
2012.07.26 13:34:17.064,1.01588,1.01611,1.50,1.60
2012.07.26 13:34:17.424,1.01586,1.0161,1.50,1.60
2012.07.26 13:34:17.646,1.01586,1.0161,1.50,1.60
2012.07.26 13:34:17.921,1.01588,1.01612,1.50,1.97
2012.07.26 13:34:18.819,1.01588,1.01612,1.50,1.97
2012.07.26 13:34:19.264,1.01586,1.01612,2.16,1.97
2012.07.26 13:34:19.549,1.01586,1.01612,2.16,1.97
2012.07.26 13:34:20.682,1.01586,1.01612,2.16,1.97
2012.07.26 13:34:21.921,1.01586,1.01612,2.16,1.97
2012.07.26 13:34:23.571,1.01585,1.0161,2.16,1.50
2012.07.26 13:34:24.241,1.01587,1.0161,1.50,1.50
2012.07.26 13:34:24.355,1.0159,1.01613,1.50,1.97
2012.07.26 13:34:24.731,1.01586,1.01609,2.16,1.50
2012.07.26 13:34:25.173,1.01585,1.01609,1.50,1.60
2012.07.26 13:34:25.240,1.01588,1.01612,1.50,1.97
2012.07.26 13:34:25.573,1.0159,1.01614,1.50,1.97
2012.07.26 13:34:25.935,1.01593,1.01616,1.50,3.10
2012.07.26 13:34:27.018,1.01591,1.01614,1.50,1.50
2012.07.26 13:34:27.315,1.01589,1.01613,1.88,1.50
2012.07.26 13:34:28.030,1.01588,1.01611,1.50,1.50
2012.07.26 13:34:28.440,1.01584,1.0161,1.50,1.60
2012.07.26 13:34:28.812,1.01589,1.01612,1.50,1.60
2012.07.26 13:34:28.872,1.01589,1.01612,1.50,1.60
2012.07.26 13:34:28.987,1.0159,1.01614,1.50,1.60
2012.07.26 13:34:29.393,1.01592,1.01616,1.50,1.60
2012.07.26 13:34:29.734,1.0159,1.01612,1.50,2.27
2012.07.26 13:34:29.903,1.0159,1.01612,1.50,2.27
2012.07.26 13:34:29.963,1.01586,1.0161,3.00,1.60
2012.07.26 13:34:30.479,1.01587,1.01611,1.50,1.60
2012.07.26 13:34:31.015,1.01588,1.01613,1.50,1.97
2012.07.26 13:34:31.075,1.01585,1.01609,2.16,1.60
2012.07.26 13:34:31.382,1.01588,1.01614,1.50,2.35
2012.07.26 13:34:31.815,1.0159,1.01614,1.50,2.35
2012.07.26 13:34:31.875,1.0159,1.01614,1.50,1.60
2012.07.26 13:34:32.341,1.01588,1.01613,2.16,1.60
2012.07.26 13:34:33.274,1.01587,1.01613,2.16,1.60
2012.07.26 13:34:34.209,1.01588,1.01612,2.16,1.60
2012.07.26 13:34:34.956,1.01587,1.0161,2.16,1.50
2012.07.26 13:34:35.505,1.01586,1.01612,2.16,1.60
2012.07.26 13:34:35.780,1.01584,1.0161,2.16,1.60
2012.07.26 13:34:36.232,1.01588,1.01614,2.16,3.10
2012.07.26 13:34:36.841,1.01585,1.01606,2.16,1.50
2012.07.26 13:34:36.956,1.01585,1.01611,2.16,1.60
2012.07.26 13:34:37.071,1.01585,1.01611,2.16,1.97
2012.07.26 13:34:37.312,1.01585,1.01611,2.16,1.60
2012.07.26 13:34:37.372,1.01583,1.01608,2.16,1.50
2012.07.26 13:34:37.432,1.01583,1.01608,2.16,1.50
2012.07.26 13:34:37.655,1.01583,1.01608,2.16,1.60
2012.07.26 13:34:37.985,1.01585,1.0161,1.50,1.60
2012.07.26 13:34:38.044,1.01585,1.0161,2.16,1.60
2012.07.26 13:34:38.103,1.01585,1.0161,2.16,1.60
2012.07.26 13:34:38.216,1.01585,1.0161,2.16,1.60
2012.07.26 13:34:39.086,1.01585,1.0161,2.16,1.60
2012.07.26 13:34:39.620,1.01586,1.01612,2.16,1.97
2012.07.26 13:34:39.972,1.01589,1.01612,1.50,1.97
2012.07.26 13:34:40.356,1.01589,1.01615,1.50,1.60
2012.07.26 13:34:40.527,1.01589,1.01615,2.16,1.60
2012.07.26 13:34:40.750,1.01587,1.01612,2.16,1.50
2012.07.26 13:34:41.134,1.01588,1.01608,2.16,1.50
2012.07.26 13:34:41.520,1.01588,1.01608,2.16,1.50
2012.07.26 13:34:41.581,1.01584,1.01607,2.16,1.88
2012.07.26 13:34:41.643,1.01584,1.01607,2.16,1.97
2012.07.26 13:34:41.758,1.01583,1.01606,1.50,2.57
2012.07.26 13:34:41.874,1.01578,1.01603,2.16,1.97
2012.07.26 13:34:41.934,1.01581,1.01603,1.50,1.97
2012.07.26 13:34:42.271,1.01578,1.01602,2.16,3.38
2012.07.26 13:34:42.657,1.01582,1.01602,1.50,1.97
2012.07.26 13:34:43.277,1.01582,1.01604,2.16,1.88
2012.07.26 13:34:43.809,1.01582,1.01604,1.50,1.97
2012.07.26 13:34:43.923,1.01578,1.016,2.16,1.50
2012.07.26 13:34:44.198,1.01576,1.01598,2.16,1.60
2012.07.26 13:34:44.591,1.01576,1.01598,3.66,1.50
2012.07.26 13:34:44.651,1.01577,1.01601,2.16,1.60
2012.07.26 13:34:44.821,1.01577,1.01601,2.16,3.70
2012.07.26 13:34:45.139,1.01577,1.016,2.16,1.07
2012.07.26 13:34:45.749,1.01574,1.01596,2.16,1.88
2012.07.26 13:34:46.083,1.01566,1.0159,2.16,1.50
2012.07.26 13:34:46.143,1.01568,1.01592,2.16,1.88
2012.07.26 13:34:46.588,1.01565,1.0159,2.16,1.50
2012.07.26 13:34:47.104,1.01568,1.01592,2.16,1.97
2012.07.26 13:34:47.273,1.01569,1.01594,1.50,1.97
2012.07.26 13:34:47.717,1.01569,1.01594,1.50,1.97
2012.07.26 13:34:47.830,1.01573,1.01596,1.50,1.97
2012.07.26 13:34:48.473,1.01573,1.01597,1.50,1.97
2012.07.26 13:34:48.624,1.01573,1.01597,1.50,1.97
2012.07.26 13:34:48.801,1.01571,1.01593,1.50,1.97
2012.07.26 13:34:49.363,1.0157,1.01592,1.50,1.60
2012.07.26 13:34:49.549,1.01567,1.0159,2.91,1.60
2012.07.26 13:34:49.827,1.01563,1.01585,2.16,1.50
2012.07.26 13:34:50.161,1.01563,1.01585,2.16,1.88
2012.07.26 13:34:50.275,1.01569,1.01591,1.50,2.20
2012.07.26 13:34:50.392,1.01566,1.01589,2.16,1.50
2012.07.26 13:34:50.766,1.01565,1.01586,1.26,1.50
2012.07.26 13:34:51.101,1.01562,1.01586,2.16,1.50
2012.07.26 13:34:51.402,1.01564,1.01588,2.16,2.10
2012.07.26 13:34:51.892,1.01567,1.0159,2.16,1.50
2012.07.26 13:34:52.102,1.01566,1.01588,2.16,1.50
2012.07.26 13:34:53.237,1.01563,1.01585,2.16,1.50
2012.07.26 13:34:53.443,1.01563,1.01585,2.16,1.50
2012.07.26 13:34:53.978,1.01566,1.01585,2.16,1.50
2012.07.26 13:34:54.038,1.01568,1.0159,2.16,1.50
2012.07.26 13:34:54.295,1.01566,1.01588,2.16,1.50
2012.07.26 13:34:54.884,1.01568,1.0159,2.16,1.60
2012.07.26 13:34:55.246,1.01568,1.0159,1.50,1.60
2012.07.26 13:34:55.662,1.01569,1.01591,1.50,1.60
2012.07.26 13:34:55.734,1.01569,1.01591,1.50,1.60
2012.07.26 13:34:55.847,1.01569,1.01591,1.50,1.60
2012.07.26 13:34:56.127,1.01571,1.01593,1.50,1.60
2012.07.26 13:34:56.193,1.01571,1.01593,2.16,1.60
2012.07.26 13:34:56.556,1.01571,1.01593,1.50,1.60
2012.07.26 13:34:56.893,1.01569,1.01591,1.50,1.60
2012.07.26 13:34:57.234,1.01569,1.01591,1.50,1.60
2012.07.26 13:34:57.568,1.01572,1.01596,1.50,3.10
2012.07.26 13:34:57.899,1.01575,1.01599,1.50,1.60
2012.07.26 13:34:57.962,1.01575,1.01599,1.50,1.60
2012.07.26 13:34:58.494,1.01576,1.01598,3.00,1.60
2012.07.26 13:34:58.554,1.01578,1.016,1.50,1.60
2012.07.26 13:34:59.480,1.01569,1.01591,2.16,1.50
2012.07.26 13:34:59.722,1.01571,1.01593,2.16,3.10
2012.07.26 13:35:00.258,1.01569,1.01591,2.16,1.50
2012.07.26 13:35:00.792,1.01569,1.01591,2.16,1.60
2012.07.26 13:35:01.068,1.01571,1.01595,1.50,1.60
2012.07.26 13:35:01.182,1.01571,1.01595,1.50,1.60
2012.07.26 13:35:01.406,1.01569,1.01592,2.16,1.97
2012.07.26 13:35:01.874,1.01567,1.01592,2.91,1.50
2012.07.26 13:35:02.209,1.01571,1.01595,2.16,1.50
2012.07.26 13:35:02.551,1.01569,1.01593,2.16,1.50
2012.07.26 13:35:02.612,1.01571,1.01595,2.16,1.50
2012.07.26 13:35:02.895,1.01571,1.01596,2.16,1.97
2012.07.26 13:35:03.138,1.01571,1.01596,1.50,1.97
2012.07.26 13:35:03.458,1.01574,1.01596,1.50,1.97
2012.07.26 13:35:03.524,1.01572,1.01594,1.50,1.60
2012.07.26 13:35:03.642,1.01569,1.01593,2.16,1.50
2012.07.26 13:35:03.970,1.01569,1.01591,2.16,1.50
2012.07.26 13:35:04.317,1.01567,1.01589,2.16,1.50
2012.07.26 13:35:04.705,1.0157,1.01592,1.50,1.60
2012.07.26 13:35:04.823,1.01567,1.01591,3.00,1.60
2012.07.26 13:35:05.104,1.01568,1.01592,2.16,1.60
2012.07.26 13:35:05.218,1.01568,1.0159,2.16,2.10
2012.07.26 13:35:05.550,1.0156,1.01582,2.16,1.50
2012.07.26 13:35:05.665,1.0156,1.01582,1.50,1.60
2012.07.26 13:35:05.752,1.0156,1.01582,2.16,1.50
2012.07.26 13:35:05.881,1.01561,1.01585,2.16,1.60
2012.07.26 13:35:05.939,1.01559,1.01582,2.16,1.50
2012.07.26 13:35:05.999,1.01559,1.01582,2.16,1.50
2012.07.26 13:35:06.113,1.01559,1.01582,1.50,1.60
2012.07.26 13:35:06.450,1.01556,1.01581,1.50,1.60
2012.07.26 13:35:06.734,1.0156,1.01584,1.50,1.60
2012.07.26 13:35:06.795,1.01562,1.01585,1.50,1.60
2012.07.26 13:35:06.854,1.01562,1.01585,1.50,1.60
2012.07.26 13:35:06.915,1.01559,1.01584,2.16,1.60
2012.07.26 13:35:07.297,1.01566,1.01588,1.50,2.72
2012.07.26 13:35:07.640,1.01569,1.01593,1.50,2.72
2012.07.26 13:35:07.936,1.01565,1.01589,1.50,1.60
2012.07.26 13:35:07.996,1.01566,1.01589,1.50,1.60
2012.07.26 13:35:08.055,1.01568,1.0159,1.50,1.60
2012.07.26 13:35:08.507,1.01566,1.01588,2.16,1.60
2012.07.26 13:35:08.622,1.01566,1.01588,2.16,1.50
2012.07.26 13:35:08.905,1.01569,1.01593,2.16,1.60
2012.07.26 13:35:09.073,1.01569,1.01593,1.50,1.60
2012.07.26 13:35:09.604,1.01569,1.01593,1.50,3.10
2012.07.26 13:35:09.664,1.01569,1.01591,1.50,1.50
2012.07.26 13:35:10.002,1.01567,1.01589,2.16,1.50
2012.07.26 13:35:10.555,1.01567,1.01589,1.50,1.50
2012.07.26 13:35:10.903,1.01569,1.01593,2.16,1.50
2012.07.26 13:35:11.436,1.0157,1.01592,2.16,1.50
2012.07.26 13:35:11.495,1.0157,1.01592,1.50,1.60
2012.07.26 13:35:11.733,1.01568,1.01592,2.16,1.50
2012.07.26 13:35:11.956,1.01569,1.01594,2.16,1.50
2012.07.26 13:35:12.070,1.01568,1.01592,2.16,1.50
2012.07.26 13:35:12.405,1.01567,1.01589,2.16,1.50
2012.07.26 13:35:12.525,1.01567,1.01589,2.16,1.50
2012.07.26 13:35:12.693,1.0157,1.01592,1.50,1.60
2012.07.26 13:35:12.752,1.0157,1.01592,1.50,1.60
2012.07.26 13:35:13.289,1.0157,1.01592,1.50,1.60
2012.07.26 13:35:13.404,1.01571,1.01595,2.16,1.60
2012.07.26 13:35:13.695,1.01571,1.01595,2.16,1.60
2012.07.26 13:35:14.353,1.01569,1.01591,2.16,1.50
2012.07.26 13:35:14.824,1.01569,1.01591,2.16,1.60
2012.07.26 13:35:15.371,1.0157,1.01594,1.50,1.60
2012.07.26 13:35:15.431,1.0157,1.01594,2.16,1.60
2012.07.26 13:35:15.545,1.0157,1.01593,1.50,1.60
2012.07.26 13:35:15.660,1.01568,1.01592,2.16,1.60
2012.07.26 13:35:16.193,1.01569,1.01591,1.50,1.60
2012.07.26 13:35:16.361,1.01566,1.0159,2.16,1.60
2012.07.26 13:35:16.421,1.01566,1.0159,1.50,1.60
2012.07.26 13:35:16.754,1.01564,1.01584,1.50,1.60
2012.07.26 13:35:16.814,1.01562,1.01583,1.50,1.50
2012.07.26 13:35:17.342,1.0156,1.01582,2.16,1.50
2012.07.26 13:35:17.511,1.01557,1.01578,2.16,1.50
2012.07.26 13:35:17.814,1.01556,1.01578,2.16,1.50
2012.07.26 13:35:18.145,1.01565,1.01587,1.50,3.10
2012.07.26 13:35:18.565,1.01568,1.01591,1.50,3.47
2012.07.26 13:35:18.791,1.01566,1.0159,1.50,1.60
2012.07.26 13:35:19.297,1.01566,1.0159,1.50,1.97
2012.07.26 13:35:19.410,1.01565,1.01587,3.00,1.97
2012.07.26 13:35:19.470,1.01562,1.01586,3.00,1.97
2012.07.26 13:35:19.582,1.01562,1.01586,2.16,1.97
2012.07.26 13:35:21.090,1.01562,1.01586,1.50,1.60
2012.07.26 13:35:21.422,1.01559,1.01581,2.16,1.50
2012.07.26 13:35:21.482,1.01561,1.01583,1.50,1.60
2012.07.26 13:35:21.651,1.01557,1.01581,2.16,1.50
2012.07.26 13:35:22.171,1.0156,1.01582,2.16,1.60
2012.07.26 13:35:22.231,1.0156,1.01584,2.16,1.60
2012.07.26 13:35:22.563,1.01562,1.01586,2.16,1.50
2012.07.26 13:35:22.676,1.01562,1.01586,2.16,1.60
2012.07.26 13:35:23.369,1.01564,1.01586,2.16,1.50
2012.07.26 13:35:23.761,1.01566,1.01588,2.16,1.50
2012.07.26 13:35:23.929,1.01566,1.01588,2.16,1.50
2012.07.26 13:35:24.045,1.01566,1.01588,2.16,1.60
2012.07.26 13:35:24.337,1.01561,1.01586,2.16,1.50
2012.07.26 13:35:24.689,1.01557,1.01582,2.16,1.50
2012.07.26 13:35:25.026,1.01562,1.01582,2.16,1.50
2012.07.26 13:35:25.085,1.01562,1.01585,2.16,1.50
2012.07.26 13:35:25.327,1.01563,1.01587,2.16,3.00
2012.07.26 13:35:25.872,1.01566,1.0159,2.16,1.60
2012.07.26 13:35:26.138,1.01565,1.01587,3.66,1.50
2012.07.26 13:35:26.469,1.01563,1.01586,2.16,1.50
2012.07.26 13:35:26.801,1.01566,1.01588,1.26,1.50
2012.07.26 13:35:27.004,1.01573,1.01595,1.50,1.60
2012.07.26 13:35:27.206,1.01573,1.01595,1.50,1.97
2012.07.26 13:35:27.555,1.01572,1.01594,1.50,3.47
2012.07.26 13:35:27.776,1.01569,1.01591,1.50,1.60
2012.07.26 13:35:28.346,1.01568,1.01592,2.16,4.15
2012.07.26 13:35:29.339,1.01563,1.01587,2.16,1.50
2012.07.26 13:35:29.573,1.01565,1.01589,2.16,1.50
2012.07.26 13:35:30.641,1.01566,1.0159,3.66,1.50
2012.07.26 13:35:30.702,1.01566,1.0159,2.16,1.60
2012.07.26 13:35:31.230,1.01563,1.01587,2.16,1.50
2012.07.26 13:35:31.289,1.01563,1.01587,2.16,1.50
2012.07.26 13:35:31.481,1.01562,1.01584,2.16,1.50
2012.07.26 13:35:31.714,1.01567,1.01587,1.50,1.50
2012.07.26 13:35:31.957,1.01566,1.0159,2.16,1.50
2012.07.26 13:35:32.521,1.01569,1.01593,2.16,1.60
2012.07.26 13:35:32.640,1.01567,1.0159,2.16,1.50
2012.07.26 13:35:32.963,1.01568,1.01592,2.16,1.50
2012.07.26 13:35:33.492,1.01571,1.01594,1.50,1.60
2012.07.26 13:35:33.958,1.01567,1.0159,3.66,1.50
2012.07.26 13:35:34.178,1.01568,1.01593,2.16,1.60
2012.07.26 13:35:34.238,1.01568,1.01593,2.16,1.60
2012.07.26 13:35:34.608,1.01567,1.01589,2.16,1.50
2012.07.26 13:35:34.924,1.01563,1.01585,2.16,1.50
2012.07.26 13:35:35.092,1.01563,1.01585,2.16,1.50
2012.07.26 13:35:35.152,1.01565,1.01587,2.16,1.50
2012.07.26 13:35:35.382,1.01565,1.01587,1.50,1.60
2012.07.26 13:35:35.922,1.01566,1.01588,1.50,1.60
2012.07.26 13:35:36.258,1.01568,1.0159,1.50,1.60
2012.07.26 13:35:37.565,1.01568,1.0159,2.54,1.60
2012.07.26 13:35:37.734,1.0157,1.01592,1.50,2.35
2012.07.26 13:35:38.201,1.01566,1.0159,1.88,1.60
2012.07.26 13:35:38.261,1.01566,1.0159,1.50,1.60
2012.07.26 13:35:38.739,1.01568,1.01592,1.50,4.45
2012.07.26 13:35:38.853,1.01568,1.01592,1.50,4.45
2012.07.26 13:35:39.293,1.01571,1.01593,1.50,2.35
2012.07.26 13:35:39.717,1.01568,1.01592,1.88,3.85
2012.07.26 13:35:40.285,1.01569,1.01592,1.04,2.35
2012.07.26 13:35:40.399,1.01568,1.01592,2.16,2.25
2012.07.26 13:35:40.725,1.01568,1.0159,2.16,1.50
2012.07.26 13:35:40.838,1.01568,1.0159,1.50,1.60
2012.07.26 13:35:41.509,1.01568,1.0159,1.50,1.60
2012.07.26 13:35:41.603,1.0157,1.01592,1.50,3.85
2012.07.26 13:35:42.566,1.0157,1.01592,2.16,1.60
2012.07.26 13:35:42.922,1.01569,1.0159,1.04,1.50
2012.07.26 13:35:43.438,1.0157,1.01592,2.16,1.60
2012.07.26 13:35:44.455,1.0157,1.01594,1.50,1.60
2012.07.26 13:35:44.834,1.01566,1.0159,1.50,1.60
2012.07.26 13:35:44.895,1.01566,1.0159,1.50,1.60
2012.07.26 13:35:44.955,1.01564,1.01584,2.16,1.50
2012.07.26 13:35:45.291,1.01564,1.01586,2.16,1.60
2012.07.26 13:35:45.827,1.01565,1.01587,2.16,1.60
2012.07.26 13:35:46.853,1.01565,1.01587,2.16,1.50
2012.07.26 13:35:47.366,1.01565,1.01587,2.16,1.50
2012.07.26 13:35:47.739,1.01565,1.01587,1.50,1.60
2012.07.26 13:35:48.194,1.01562,1.01584,2.16,1.50
2012.07.26 13:35:48.832,1.01562,1.01584,2.16,1.50
2012.07.26 13:35:49.512,1.01563,1.01587,1.50,1.60
2012.07.26 13:35:50.059,1.01563,1.01587,2.16,1.50
2012.07.26 13:35:50.594,1.01566,1.01588,2.16,1.50
2012.07.26 13:35:50.914,1.01568,1.01588,1.04,1.50
2012.07.26 13:35:51.092,1.0157,1.01594,2.16,1.60
2012.07.26 13:35:51.707,1.01573,1.01595,1.50,1.60
2012.07.26 13:35:51.804,1.01571,1.01593,1.50,1.60
2012.07.26 13:35:51.924,1.01568,1.01592,4.04,1.60
2012.07.26 13:35:52.460,1.01573,1.01596,1.50,1.60
2012.07.26 13:35:52.846,1.01574,1.01601,1.50,1.97
2012.07.26 13:35:53.256,1.01577,1.01603,2.16,2.35
2012.07.26 13:35:53.701,1.01577,1.01603,1.50,2.35
2012.07.26 13:35:53.760,1.01573,1.01599,2.18,2.35
2012.07.26 13:35:54.286,1.01572,1.016,2.16,1.45
2012.07.26 13:35:54.480,1.01572,1.01601,2.16,2.20
2012.07.26 13:35:56.146,1.01571,1.016,2.16,2.35
2012.07.26 13:35:56.801,1.01571,1.016,2.16,1.60
2012.07.26 13:35:57.315,1.01574,1.01606,2.16,1.22
2012.07.26 13:35:58.408,1.01581,1.01603,2.16,1.60
2012.07.26 13:35:58.761,1.01582,1.01606,2.16,1.60
2012.07.26 13:35:59.211,1.01579,1.01603,2.54,1.50
2012.07.26 13:35:59.434,1.01581,1.01605,2.16,3.10
2012.07.26 13:36:00.016,1.0158,1.01602,3.66,1.50
2012.07.26 13:36:00.643,1.01579,1.01601,1.04,1.50
2012.07.26 13:36:00.757,1.01582,1.01604,2.16,3.00
2012.07.26 13:36:01.454,1.01582,1.01604,2.16,1.50
2012.07.26 13:36:01.513,1.01583,1.01606,2.16,1.50
2012.07.26 13:36:01.627,1.01586,1.01609,2.16,2.35
2012.07.26 13:36:01.840,1.01584,1.01606,3.66,1.50
2012.07.26 13:36:03.482,1.01581,1.01605,2.16,1.50
2012.07.26 13:36:03.544,1.01581,1.01605,2.16,1.60
2012.07.26 13:36:04.061,1.01584,1.01608,1.50,2.35
2012.07.26 13:36:04.467,1.01582,1.01606,3.66,1.60
2012.07.26 13:36:07.053,1.01582,1.01606,2.16,2.20
2012.07.26 13:36:07.383,1.01582,1.01606,1.50,2.35
2012.07.26 13:36:07.688,1.01581,1.01601,1.50,1.60
2012.07.26 13:36:07.748,1.01579,1.01601,1.04,1.60
2012.07.26 13:36:07.808,1.01578,1.01601,1.04,1.60
2012.07.26 13:36:08.514,1.01577,1.016,1.04,1.60
2012.07.26 13:36:09.171,1.01578,1.01602,1.50,1.60
2012.07.26 13:36:09.516,1.01577,1.016,2.55,1.60
2012.07.26 13:36:09.576,1.01577,1.016,2.18,1.60
2012.07.26 13:36:09.854,1.01578,1.016,1.41,1.60
2012.07.26 13:36:09.913,1.01583,1.01601,1.50,1.60
2012.07.26 13:36:09.973,1.01583,1.01608,2.16,2.25
2012.07.26 13:36:10.252,1.01581,1.01605,2.16,1.50
2012.07.26 13:36:10.476,1.0158,1.01603,2.16,1.50
2012.07.26 13:36:10.536,1.01579,1.01598,1.56,1.50
2012.07.26 13:36:10.596,1.01579,1.01598,1.56,1.50
2012.07.26 13:36:10.926,1.01579,1.01598,1.04,3.00
2012.07.26 13:36:11.217,1.01579,1.016,1.04,1.50
2012.07.26 13:36:11.762,1.01578,1.01599,1.26,1.50
2012.07.26 13:36:12.612,1.01582,1.01607,2.16,1.60
2012.07.26 13:36:13.233,1.01587,1.01611,1.50,1.60
2012.07.26 13:36:13.691,1.0159,1.01612,1.50,1.97
2012.07.26 13:36:13.914,1.01592,1.01614,1.50,2.35
2012.07.26 13:36:14.064,1.0159,1.01612,1.50,1.60
2012.07.26 13:36:14.125,1.0159,1.01612,1.50,1.60
2012.07.26 13:36:14.539,1.01588,1.0161,1.50,1.60
2012.07.26 13:36:14.633,1.01588,1.0161,1.50,1.60
2012.07.26 13:36:15.032,1.01585,1.01609,1.50,1.60
2012.07.26 13:36:15.256,1.01585,1.01609,2.16,1.60
2012.07.26 13:36:15.371,1.01585,1.01604,2.16,1.50
2012.07.26 13:36:15.541,1.01583,1.01605,1.50,3.10
2012.07.26 13:36:15.773,1.0158,1.01603,2.16,1.50
2012.07.26 13:36:16.108,1.01581,1.01606,2.16,1.50
2012.07.26 13:36:16.222,1.01581,1.01606,2.16,1.60
2012.07.26 13:36:17.202,1.01577,1.01602,2.16,1.60
2012.07.26 13:36:18.928,1.01581,1.01603,1.50,1.60
2012.07.26 13:36:19.483,1.01581,1.01603,1.50,1.60
2012.07.26 13:36:20.175,1.01581,1.01603,2.16,1.50
2012.07.26 13:36:20.338,1.01582,1.01607,2.16,1.60
2012.07.26 13:36:20.954,1.01582,1.01605,2.16,1.50
2012.07.26 13:36:21.681,1.01583,1.01608,2.16,1.60
2012.07.26 13:36:21.868,1.01582,1.01604,2.16,1.50
2012.07.26 13:36:22.091,1.01588,1.0161,2.16,1.60
2012.07.26 13:36:22.207,1.01588,1.01608,1.50,1.50
2012.07.26 13:36:22.268,1.01583,1.01607,2.16,1.50
2012.07.26 13:36:22.383,1.01583,1.01607,1.50,1.60
2012.07.26 13:36:23.058,1.01582,1.01604,1.50,1.60
2012.07.26 13:36:23.653,1.01583,1.01605,1.50,1.60
2012.07.26 13:36:24.176,1.01583,1.01605,1.50,1.50
2012.07.26 13:36:24.561,1.01584,1.01608,1.50,1.50
2012.07.26 13:36:24.814,1.01584,1.01605,1.50,1.50
2012.07.26 13:36:24.952,1.01581,1.01603,1.50,1.50
2012.07.26 13:36:25.224,1.01582,1.01606,1.50,1.50
2012.07.26 13:36:26.177,1.01581,1.01603,2.16,1.50
2012.07.26 13:36:26.730,1.0158,1.01602,2.16,1.50
2012.07.26 13:36:27.405,1.01578,1.01598,1.50,1.50
2012.07.26 13:36:27.475,1.01576,1.01598,1.50,1.50
2012.07.26 13:36:28.234,1.01573,1.01597,3.66,1.50
2012.07.26 13:36:28.776,1.01573,1.01597,2.16,1.50
2012.07.26 13:36:28.944,1.01573,1.01597,2.16,1.50
2012.07.26 13:36:29.476,1.01576,1.01598,2.16,1.60
2012.07.26 13:36:29.808,1.01576,1.01598,1.50,1.60
2012.07.26 13:36:30.371,1.01575,1.01599,2.16,1.60
2012.07.26 13:36:30.888,1.01576,1.01597,1.50,1.60
2012.07.26 13:36:31.221,1.01571,1.01593,1.50,1.60
2012.07.26 13:36:31.770,1.01573,1.01595,1.50,1.60
2012.07.26 13:36:32.295,1.01574,1.01598,1.50,1.97
2012.07.26 13:36:32.846,1.01572,1.01596,2.16,1.50
2012.07.26 13:36:33.070,1.01573,1.01596,1.50,1.60
2012.07.26 13:36:33.306,1.01571,1.01593,3.00,1.60
2012.07.26 13:36:33.365,1.01571,1.01593,3.66,1.50
2012.07.26 13:36:33.483,1.01575,1.01596,1.50,1.60
2012.07.26 13:36:34.245,1.01573,1.01597,2.16,1.60
2012.07.26 13:36:34.359,1.0157,1.01591,1.41,1.50
2012.07.26 13:36:34.930,1.01571,1.01593,2.16,3.00
2012.07.26 13:36:36.153,1.01578,1.01593,1.50,1.50
2012.07.26 13:36:36.488,1.01581,1.01599,1.50,1.07
2012.07.26 13:36:36.714,1.01574,1.01599,3.66,1.97
2012.07.26 13:36:37.057,1.01577,1.01602,1.50,1.97
2012.07.26 13:36:37.118,1.01578,1.01602,2.18,1.97
2012.07.26 13:36:37.399,1.01578,1.01597,2.18,1.50
2012.07.26 13:36:38.595,1.01573,1.01595,2.16,1.50
2012.07.26 13:36:38.928,1.0158,1.01597,2.16,1.50
2012.07.26 13:36:39.042,1.01582,1.01605,2.16,1.50
2012.07.26 13:36:39.210,1.01582,1.01605,2.16,3.00
2012.07.26 13:36:39.892,1.01583,1.01608,2.16,2.25
2012.07.26 13:36:40.061,1.01583,1.01605,2.16,1.50
2012.07.26 13:36:40.538,1.01584,1.01608,2.16,1.50
2012.07.26 13:36:40.761,1.01583,1.01605,3.66,1.50
2012.07.26 13:36:41.288,1.01582,1.01606,2.16,1.50
2012.07.26 13:36:41.510,1.01587,1.01611,1.50,1.60
2012.07.26 13:36:41.732,1.01588,1.01611,2.16,1.50
2012.07.26 13:36:41.901,1.01589,1.01613,2.16,3.68
2012.07.26 13:36:42.934,1.01589,1.01613,1.50,4.15
2012.07.26 13:36:43.670,1.01589,1.01613,1.50,3.77
2012.07.26 13:36:44.220,1.0159,1.01612,1.50,1.50
2012.07.26 13:36:44.759,1.01592,1.01612,1.50,2.27
2012.07.26 13:36:44.982,1.0159,1.01612,1.50,2.27
2012.07.26 13:36:45.499,1.01593,1.01617,1.50,1.97
2012.07.26 13:36:47.651,1.01595,1.01619,1.50,2.35
2012.07.26 13:36:47.993,1.01593,1.01617,3.00,1.60
2012.07.26 13:36:48.161,1.0159,1.01612,1.50,1.88
2012.07.26 13:36:48.225,1.01588,1.01612,1.50,1.97
2012.07.26 13:36:48.340,1.01585,1.01609,2.16,1.50
2012.07.26 13:36:48.854,1.01584,1.01609,2.16,1.50
2012.07.26 13:36:49.371,1.01585,1.0161,1.50,1.60
2012.07.26 13:36:49.701,1.01589,1.01612,1.50,1.60
2012.07.26 13:36:50.044,1.01594,1.01616,1.50,1.60
2012.07.26 13:36:50.535,1.01597,1.0162,1.50,1.97
2012.07.26 13:36:50.810,1.01595,1.01619,1.50,1.97
2012.07.26 13:36:51.271,1.01593,1.01617,3.00,1.60
2012.07.26 13:36:51.384,1.01595,1.01619,1.50,1.60
2012.07.26 13:36:51.924,1.01596,1.0162,1.50,1.60
2012.07.26 13:36:52.384,1.01594,1.01618,1.50,1.60
2012.07.26 13:36:52.587,1.01596,1.01618,1.50,1.60
2012.07.26 13:36:52.702,1.01594,1.01616,3.00,1.60
2012.07.26 13:36:53.175,1.01595,1.01619,1.50,1.60
2012.07.26 13:36:53.235,1.01595,1.01619,1.50,1.97
2012.07.26 13:36:53.567,1.01593,1.01617,1.50,1.88
2012.07.26 13:36:53.681,1.01596,1.0162,1.50,1.97
2012.07.26 13:36:54.039,1.01594,1.01618,1.50,1.97
2012.07.26 13:36:54.524,1.01598,1.01619,1.50,2.57
2012.07.26 13:36:54.864,1.01598,1.01619,1.50,1.07
2012.07.26 13:36:56.495,1.01596,1.01617,1.50,1.97
2012.07.26 13:36:56.663,1.01592,1.01616,1.50,1.97
2012.07.26 13:36:57.118,1.01588,1.01612,2.16,1.50
2012.07.26 13:36:57.849,1.01588,1.01612,1.50,1.60
2012.07.26 13:36:58.187,1.01588,1.01612,1.50,1.60
2012.07.26 13:36:58.571,1.01588,1.01612,1.50,1.60
2012.07.26 13:36:59.135,1.01587,1.01609,2.16,1.50
2012.07.26 13:37:01.087,1.01585,1.01607,3.66,1.50
2012.07.26 13:37:01.155,1.01586,1.0161,2.16,1.60
2012.07.26 13:37:01.715,1.01586,1.0161,1.50,1.60
2012.07.26 13:37:02.243,1.01586,1.0161,1.50,1.60
2012.07.26 13:37:05.418,1.01585,1.01607,2.16,1.50
2012.07.26 13:37:06.592,1.01583,1.01605,2.16,1.50
2012.07.26 13:37:06.704,1.01583,1.01605,1.50,1.50
2012.07.26 13:37:07.162,1.0158,1.01602,1.50,1.50
2012.07.26 13:37:08.000,1.01581,1.01605,1.50,1.60
2012.07.26 13:37:08.235,1.01579,1.01603,2.16,1.50
2012.07.26 13:37:08.897,1.01579,1.01603,2.16,1.50
2012.07.26 13:37:09.743,1.01582,1.01606,1.50,2.42
2012.07.26 13:37:10.173,1.01589,1.01613,1.50,1.60
2012.07.26 13:37:10.760,1.01589,1.01613,1.50,1.60
2012.07.26 13:37:11.161,1.01592,1.01614,1.50,1.60
2012.07.26 13:37:11.925,1.01592,1.01614,1.50,1.60
2012.07.26 13:37:12.339,1.01592,1.01614,2.16,1.60
2012.07.26 13:37:12.454,1.0159,1.01613,1.50,1.60
2012.07.26 13:37:12.678,1.0159,1.01613,2.16,1.50
2012.07.26 13:37:13.204,1.01592,1.01614,2.16,1.60
2012.07.26 13:37:13.263,1.01594,1.01616,1.50,1.60
2012.07.26 13:37:13.431,1.01592,1.01614,1.50,1.60
2012.07.26 13:37:13.686,1.01592,1.01614,1.50,1.60
2012.07.26 13:37:13.754,1.0159,1.01612,1.50,1.60
2012.07.26 13:37:14.194,1.01591,1.01615,2.16,1.60
2012.07.26 13:37:14.670,1.01591,1.01615,1.50,1.60
2012.07.26 13:37:14.784,1.01588,1.01611,2.16,1.60
2012.07.26 13:37:15.750,1.01589,1.01613,1.50,3.10
2012.07.26 13:37:16.285,1.01586,1.01608,2.16,1.50
2012.07.26 13:37:16.967,1.01586,1.01608,2.16,1.60
2012.07.26 13:37:17.081,1.01587,1.01609,2.16,1.60
2012.07.26 13:37:17.405,1.01587,1.01609,1.50,1.60
2012.07.26 13:37:17.521,1.01583,1.01607,1.88,1.60
2012.07.26 13:37:17.877,1.01586,1.01608,2.91,1.60
2012.07.26 13:37:18.212,1.01589,1.01611,3.00,1.97
2012.07.26 13:37:19.487,1.01589,1.01611,1.50,1.60
2012.07.26 13:37:19.602,1.01587,1.01609,3.00,1.60
2012.07.26 13:37:19.859,1.01585,1.01607,2.16,1.60
2012.07.26 13:37:20.395,1.01585,1.01607,1.50,1.60
2012.07.26 13:37:21.266,1.01586,1.0161,1.50,1.60
2012.07.26 13:37:21.805,1.01585,1.01608,1.50,1.60
2012.07.26 13:37:22.912,1.01584,1.01608,1.50,1.60
2012.07.26 13:37:23.358,1.01584,1.01608,2.16,1.60
2012.07.26 13:37:23.631,1.01587,1.01609,1.50,1.60
2012.07.26 13:37:24.025,1.01585,1.01607,1.50,1.60
2012.07.26 13:37:24.362,1.01587,1.01609,1.50,1.60
2012.07.26 13:37:24.700,1.01588,1.01612,1.50,1.60
2012.07.26 13:37:24.868,1.01588,1.01612,1.88,3.77
2012.07.26 13:37:24.983,1.01593,1.01612,1.50,2.27
2012.07.26 13:37:25.096,1.0159,1.01611,1.50,1.60
2012.07.26 13:37:25.156,1.01587,1.01611,2.16,1.60
2012.07.26 13:37:25.661,1.01589,1.01612,1.50,2.27
2012.07.26 13:37:25.776,1.0159,1.01612,2.16,2.18
2012.07.26 13:37:26.549,1.0159,1.01612,2.16,1.50
2012.07.26 13:37:26.664,1.01592,1.01616,2.16,1.60
2012.07.26 13:37:27.210,1.01593,1.01615,3.66,1.50
2012.07.26 13:37:27.709,1.01593,1.01615,1.50,1.60
2012.07.26 13:37:28.417,1.01592,1.01615,2.16,1.60
2012.07.26 13:37:28.926,1.01592,1.01616,1.50,1.60
2012.07.26 13:37:29.514,1.01591,1.01613,1.50,1.50
2012.07.26 13:37:29.574,1.01589,1.01611,2.16,1.50
2012.07.26 13:37:30.121,1.0159,1.01612,1.50,1.60
2012.07.26 13:37:31.538,1.01591,1.01612,1.50,2.27
2012.07.26 13:37:32.018,1.01589,1.01612,1.50,2.27
2012.07.26 13:37:32.583,1.01591,1.01614,1.50,1.60
2012.07.26 13:37:33.081,1.01589,1.01613,1.50,1.60
2012.07.26 13:37:33.255,1.01591,1.01615,1.50,3.10
2012.07.26 13:37:34.095,1.0159,1.01612,1.50,1.60
2012.07.26 13:37:35.453,1.01591,1.01612,1.41,1.50
2012.07.26 13:37:35.570,1.01592,1.01614,2.16,1.50
2012.07.26 13:37:36.090,1.01591,1.01615,3.66,1.60
2012.07.26 13:37:36.297,1.01593,1.01616,1.50,1.60
2012.07.26 13:37:36.820,1.01592,1.01614,1.50,1.60
2012.07.26 13:37:37.335,1.01592,1.01614,1.50,1.60
2012.07.26 13:37:37.449,1.01588,1.0161,1.88,1.60
2012.07.26 13:37:37.509,1.01591,1.01613,1.50,1.50
2012.07.26 13:37:37.839,1.01593,1.01617,1.50,1.60
2012.07.26 13:37:38.228,1.01593,1.01617,2.16,1.50
2012.07.26 13:37:38.396,1.01595,1.01619,1.50,1.60
2012.07.26 13:37:38.727,1.01595,1.01619,1.50,1.60
2012.07.26 13:37:39.061,1.01598,1.01622,2.54,1.50
2012.07.26 13:37:39.441,1.01597,1.0162,2.16,1.50
2012.07.26 13:37:39.612,1.01594,1.01618,2.16,1.60
2012.07.26 13:37:40.167,1.01596,1.01619,3.75,1.60
2012.07.26 13:37:40.488,1.01598,1.0162,1.50,1.60
2012.07.26 13:37:40.777,1.01596,1.01618,1.50,1.60
2012.07.26 13:37:41.162,1.01596,1.01618,3.66,1.50
2012.07.26 13:37:41.331,1.01599,1.01621,2.16,1.50
2012.07.26 13:37:41.445,1.01601,1.01625,1.50,1.60
2012.07.26 13:37:41.504,1.01601,1.01625,1.50,1.60
2012.07.26 13:37:41.618,1.01597,1.01621,1.50,1.50
2012.07.26 13:37:41.737,1.016,1.01622,1.50,1.60
2012.07.26 13:37:41.994,1.01597,1.01621,3.00,1.60
2012.07.26 13:37:42.054,1.01596,1.01618,3.66,1.50
2012.07.26 13:37:42.414,1.01598,1.0162,1.50,1.50
2012.07.26 13:37:43.203,1.01595,1.01619,2.16,1.50
2012.07.26 13:37:43.263,1.01597,1.01619,1.41,1.50
2012.07.26 13:37:43.489,1.01597,1.01621,2.91,1.50
2012.07.26 13:37:43.993,1.016,1.01622,1.50,1.50
2012.07.26 13:37:44.173,1.01598,1.0162,1.50,1.50
2012.07.26 13:37:45.037,1.01598,1.0162,1.88,1.50
2012.07.26 13:37:45.098,1.01599,1.01623,1.88,3.77
2012.07.26 13:37:45.159,1.01599,1.0162,1.04,1.50
2012.07.26 13:37:45.280,1.01601,1.01622,1.50,1.50
2012.07.26 13:37:45.450,1.01598,1.0162,3.66,1.50
2012.07.26 13:37:45.510,1.016,1.01622,1.50,3.77
2012.07.26 13:37:45.961,1.016,1.01622,1.50,1.60
2012.07.26 13:37:46.459,1.01597,1.01621,1.50,1.60
2012.07.26 13:37:49.084,1.01598,1.01621,1.50,1.60
2012.07.26 13:37:49.154,1.01601,1.01624,1.50,1.60
2012.07.26 13:37:49.705,1.01602,1.01627,1.50,1.97
2012.07.26 13:37:49.819,1.01602,1.01627,1.50,1.97
2012.07.26 13:37:49.906,1.01602,1.01627,1.50,1.97
2012.07.26 13:37:50.130,1.01602,1.01627,1.50,1.60
2012.07.26 13:37:50.369,1.016,1.01624,1.50,1.60
2012.07.26 13:37:50.595,1.01598,1.0162,2.54,1.50
2012.07.26 13:37:50.925,1.01598,1.01622,2.54,1.50
2012.07.26 13:37:50.985,1.01598,1.0162,1.04,1.50
2012.07.26 13:37:51.098,1.01598,1.01623,2.54,1.60
2012.07.26 13:37:51.279,1.01601,1.01623,1.50,1.60
2012.07.26 13:37:51.609,1.01603,1.01625,1.50,1.60
2012.07.26 13:37:51.852,1.01597,1.01621,2.54,1.60
2012.07.26 13:37:52.249,1.01597,1.01621,2.91,1.60
2012.07.26 13:37:52.370,1.016,1.01622,1.50,1.60
2012.07.26 13:37:52.812,1.01603,1.01625,1.50,1.60
2012.07.26 13:37:53.449,1.01603,1.01622,1.50,2.27
2012.07.26 13:37:53.517,1.01604,1.01623,1.50,1.50
2012.07.26 13:37:53.578,1.01604,1.01626,1.50,1.60
2012.07.26 13:37:53.692,1.01604,1.01626,1.50,1.60
2012.07.26 13:37:53.809,1.01599,1.01623,2.48,1.60
2012.07.26 13:37:53.922,1.01599,1.01623,2.48,1.60
2012.07.26 13:37:54.361,1.01598,1.0162,1.50,1.50
2012.07.26 13:37:54.476,1.01599,1.01623,1.50,3.77
2012.07.26 13:37:54.673,1.01601,1.01623,1.50,1.60
2012.07.26 13:37:55.647,1.01601,1.01623,1.50,1.50
2012.07.26 13:37:56.090,1.01598,1.0162,4.04,1.50
2012.07.26 13:37:56.421,1.016,1.01622,1.50,1.50
2012.07.26 13:37:56.761,1.016,1.01622,2.16,1.50
2012.07.26 13:37:57.309,1.01599,1.01623,2.54,1.50
2012.07.26 13:37:57.675,1.01599,1.01621,1.04,1.50
2012.07.26 13:37:58.836,1.01601,1.01622,2.16,1.50
2012.07.26 13:37:58.900,1.01603,1.01625,1.50,1.60
2012.07.26 13:37:59.955,1.016,1.01624,2.16,1.50
2012.07.26 13:38:00.176,1.01602,1.01627,1.50,1.60
2012.07.26 13:38:00.711,1.01602,1.01627,1.50,1.60
2012.07.26 13:38:00.932,1.01601,1.01626,3.66,1.97
2012.07.26 13:38:01.371,1.01605,1.0163,1.50,1.97
2012.07.26 13:38:01.808,1.01602,1.01625,4.41,1.50
2012.07.26 13:38:02.002,1.01602,1.01625,2.16,1.50
2012.07.26 13:38:02.062,1.01602,1.01625,2.16,1.50
2012.07.26 13:38:02.122,1.01605,1.0163,3.00,1.97
2012.07.26 13:38:02.448,1.01608,1.01631,4.34,1.88
2012.07.26 13:38:02.835,1.01612,1.01634,2.16,1.60
2012.07.26 13:38:02.949,1.01612,1.01634,2.16,1.50
2012.07.26 13:38:03.481,1.01614,1.01636,2.16,1.60
2012.07.26 13:38:03.615,1.01614,1.01636,1.50,1.60
2012.07.26 13:38:03.794,1.01611,1.01634,2.91,1.60
2012.07.26 13:38:03.909,1.01611,1.01631,1.41,1.50
2012.07.26 13:38:03.968,1.01612,1.01634,2.16,1.60
2012.07.26 13:38:04.135,1.01612,1.01631,2.16,1.50
2012.07.26 13:38:04.468,1.01607,1.01629,2.16,1.50
2012.07.26 13:38:04.528,1.01607,1.01629,2.16,1.60
2012.07.26 13:38:04.685,1.01607,1.01629,2.16,1.60
2012.07.26 13:38:05.046,1.01607,1.01629,4.34,1.50
2012.07.26 13:38:05.106,1.01609,1.01631,2.16,1.60
2012.07.26 13:38:05.166,1.01609,1.01631,2.16,1.60
2012.07.26 13:38:05.797,1.01612,1.01634,2.16,3.10
2012.07.26 13:38:06.367,1.01612,1.01632,1.41,1.50
2012.07.26 13:38:06.426,1.01612,1.01634,2.91,1.50
2012.07.26 13:38:06.595,1.01613,1.01635,2.16,1.50
2012.07.26 13:38:06.926,1.01612,1.01632,1.13,1.60
2012.07.26 13:38:07.574,1.01612,1.0163,1.04,1.50
2012.07.26 13:38:08.014,1.01608,1.0163,2.16,1.50
2012.07.26 13:38:08.130,1.01608,1.0163,2.16,1.60
2012.07.26 13:38:08.362,1.01608,1.0163,2.16,1.50
2012.07.26 13:38:08.768,1.01612,1.01634,2.16,1.50
2012.07.26 13:38:08.943,1.01615,1.01639,2.16,1.60
2012.07.26 13:38:09.164,1.01615,1.01639,1.50,1.60
2012.07.26 13:38:09.672,1.01616,1.01638,1.50,1.60
2012.07.26 13:38:09.926,1.01613,1.01637,3.66,1.60
2012.07.26 13:38:11.470,1.01613,1.01637,2.16,1.60
2012.07.26 13:38:11.704,1.01612,1.01634,2.91,1.60
2012.07.26 13:38:12.164,1.01612,1.01634,2.16,1.60
2012.07.26 13:38:12.227,1.01607,1.01629,2.16,1.50
2012.07.26 13:38:12.565,1.01608,1.01632,4.34,3.00
2012.07.26 13:38:13.142,1.01609,1.01631,2.16,1.50
2012.07.26 13:38:13.202,1.01609,1.01631,2.16,1.60
2012.07.26 13:38:13.952,1.01606,1.0163,1.50,1.60
2012.07.26 13:38:14.566,1.01604,1.01626,3.66,1.50
2012.07.26 13:38:15.155,1.01605,1.01629,2.16,1.60
2012.07.26 13:38:16.481,1.01604,1.01626,2.16,1.50
2012.07.26 13:38:16.542,1.01604,1.01626,1.50,3.10
2012.07.26 13:38:16.602,1.01602,1.01625,1.41,1.60
2012.07.26 13:38:17.151,1.01604,1.01628,2.16,1.60
2012.07.26 13:38:17.547,1.01604,1.01628,1.50,1.60
2012.07.26 13:38:17.774,1.01602,1.01624,1.50,1.60
2012.07.26 13:38:18.696,1.01602,1.01624,2.16,1.60
2012.07.26 13:38:19.254,1.01602,1.01624,1.50,1.60
2012.07.26 13:38:19.369,1.01602,1.01622,1.50,2.27
2012.07.26 13:38:19.701,1.01604,1.01622,1.50,1.50
2012.07.26 13:38:19.873,1.01604,1.01626,1.50,1.60
2012.07.26 13:38:20.373,1.01605,1.01628,1.50,1.60
2012.07.26 13:38:20.590,1.01605,1.01629,2.16,1.60
2012.07.26 13:38:20.706,1.01605,1.01629,2.16,1.50
2012.07.26 13:38:21.038,1.01604,1.01629,2.54,1.50
2012.07.26 13:38:21.251,1.01609,1.01631,2.16,1.60
2012.07.26 13:38:21.524,1.01609,1.01631,1.50,1.60
2012.07.26 13:38:21.590,1.01606,1.0163,2.16,1.60
2012.07.26 13:38:21.760,1.01604,1.01626,2.54,1.50
2012.07.26 13:38:21.955,1.01605,1.01629,2.16,3.00
2012.07.26 13:38:22.286,1.01604,1.01627,2.54,1.50
2012.07.26 13:38:23.431,1.01602,1.01622,1.41,1.50
2012.07.26 13:38:23.490,1.016,1.01622,2.16,1.50
2012.07.26 13:38:23.550,1.01598,1.0162,4.71,1.50
2012.07.26 13:38:24.790,1.01598,1.0162,1.88,1.60
2012.07.26 13:38:25.013,1.01599,1.01623,2.16,2.72
2012.07.26 13:38:25.074,1.01602,1.01624,1.50,1.97
2012.07.26 13:38:25.402,1.01602,1.01624,2.16,1.50
2012.07.26 13:38:25.462,1.01602,1.01624,1.88,1.60
2012.07.26 13:38:25.686,1.01603,1.01624,1.04,1.50
2012.07.26 13:38:26.017,1.01603,1.01625,1.88,1.60
2012.07.26 13:38:26.549,1.01598,1.0162,1.50,1.60
2012.07.26 13:38:26.610,1.01596,1.01621,2.16,1.60
2012.07.26 13:38:26.944,1.01598,1.0162,2.16,1.50
2012.07.26 13:38:27.004,1.01598,1.0162,1.50,1.60
2012.07.26 13:38:27.282,1.016,1.01625,1.50,2.95
2012.07.26 13:38:27.506,1.01601,1.01625,2.16,1.60
2012.07.26 13:38:28.016,1.01602,1.01627,1.50,1.60
2012.07.26 13:38:28.575,1.01601,1.01625,2.16,1.60
2012.07.26 13:38:28.842,1.01601,1.01625,2.91,1.60
2012.07.26 13:38:28.958,1.01604,1.01626,1.50,1.60
2012.07.26 13:38:29.189,1.01602,1.01624,1.50,1.60
2012.07.26 13:38:29.709,1.01603,1.01625,1.50,1.60
2012.07.26 13:38:30.041,1.01603,1.01625,2.16,1.50
2012.07.26 13:38:30.101,1.01605,1.01627,2.16,1.60
2012.07.26 13:38:30.161,1.01605,1.01627,1.50,1.60
2012.07.26 13:38:30.220,1.01602,1.01626,3.66,1.60
2012.07.26 13:38:30.545,1.01602,1.01626,4.41,1.50
2012.07.26 13:38:31.208,1.01606,1.01629,1.50,1.60
2012.07.26 13:38:31.321,1.01606,1.01629,1.50,1.60
2012.07.26 13:38:31.639,1.01602,1.01625,1.41,1.50
2012.07.26 13:38:31.863,1.01604,1.01629,2.16,3.10
2012.07.26 13:38:31.922,1.01605,1.01629,1.41,1.60
2012.07.26 13:38:32.036,1.01606,1.01629,2.25,1.60
2012.07.26 13:38:32.474,1.01607,1.0163,1.41,1.50
2012.07.26 13:38:33.011,1.01607,1.01629,2.91,1.50
2012.07.26 13:38:33.342,1.01611,1.01634,1.41,1.50
2012.07.26 13:38:33.848,1.01612,1.01633,1.41,1.50
2012.07.26 13:38:34.262,1.01609,1.01633,2.25,1.60
2012.07.26 13:38:34.321,1.01609,1.01633,1.50,1.60
2012.07.26 13:38:34.436,1.01611,1.01634,1.50,1.60
2012.07.26 13:38:35.002,1.01611,1.01634,1.50,1.60
2012.07.26 13:38:35.341,1.0161,1.01634,1.50,1.97
2012.07.26 13:38:35.456,1.01607,1.01629,2.25,1.60
2012.07.26 13:38:35.857,1.01609,1.01631,1.50,1.60
2012.07.26 13:38:35.916,1.01609,1.01631,1.50,1.60
2012.07.26 13:38:36.410,1.01606,1.0163,2.91,1.60
2012.07.26 13:38:36.776,1.01608,1.01632,1.50,1.97
2012.07.26 13:38:37.278,1.01609,1.01631,1.50,1.60
2012.07.26 13:38:37.518,1.01607,1.01629,1.50,1.60
2012.07.26 13:38:37.672,1.01604,1.01628,2.16,1.60
2012.07.26 13:38:37.842,1.01605,1.01628,1.41,1.60
2012.07.26 13:38:38.216,1.01604,1.01628,2.16,3.00
2012.07.26 13:38:38.385,1.01609,1.01631,2.16,1.60
2012.07.26 13:38:38.499,1.01609,1.01631,2.16,1.50
2012.07.26 13:38:38.614,1.01611,1.01633,2.16,1.50
2012.07.26 13:38:39.149,1.01611,1.01633,1.50,1.60
2012.07.26 13:38:39.613,1.01608,1.01633,2.54,1.60
2012.07.26 13:38:40.180,1.01608,1.01633,1.88,1.60
2012.07.26 13:38:40.591,1.01603,1.01627,2.16,1.50
2012.07.26 13:38:41.148,1.01606,1.01628,1.41,1.60
2012.07.26 13:38:42.051,1.01607,1.0163,1.41,1.60
2012.07.26 13:38:42.697,1.01607,1.01628,1.41,1.50
2012.07.26 13:38:44.017,1.01602,1.01626,2.91,1.50
2012.07.26 13:38:44.240,1.01602,1.01626,2.91,1.50
2012.07.26 13:38:44.484,1.01605,1.01628,2.91,1.50
2012.07.26 13:38:45.256,1.01605,1.01626,1.41,1.50
2012.07.26 13:38:45.917,1.01603,1.01625,2.16,1.50
2012.07.26 13:38:46.088,1.01605,1.0163,2.91,1.60
2012.07.26 13:38:46.270,1.01605,1.01627,1.41,1.50
2012.07.26 13:38:47.233,1.01606,1.01629,2.25,1.60
2012.07.26 13:38:47.346,1.01604,1.01627,2.16,1.50
2012.07.26 13:38:47.566,1.01605,1.0163,2.91,1.60
2012.07.26 13:38:47.781,1.01605,1.01627,1.41,1.50
2012.07.26 13:38:48.087,1.01605,1.01624,1.41,1.50
2012.07.26 13:38:48.313,1.016,1.01623,2.16,1.50
2012.07.26 13:38:48.374,1.01599,1.01623,2.16,1.50
2012.07.26 13:38:49.031,1.01602,1.01624,2.91,1.50
2012.07.26 13:38:50.720,1.01602,1.01624,1.50,1.60
2012.07.26 13:38:50.833,1.016,1.01622,3.66,1.60
2012.07.26 13:38:51.365,1.01597,1.01621,2.16,1.50
2012.07.26 13:38:51.481,1.016,1.01622,2.16,3.60
2012.07.26 13:38:51.784,1.016,1.01622,2.16,1.50
2012.07.26 13:38:51.954,1.016,1.01622,2.16,1.50
2012.07.26 13:38:52.122,1.01602,1.01626,2.16,1.60
2012.07.26 13:38:52.463,1.01604,1.01628,2.16,1.50
2012.07.26 13:38:53.014,1.01605,1.01627,2.25,1.60
2012.07.26 13:38:53.129,1.01602,1.01624,2.16,1.60
2012.07.26 13:38:53.243,1.01602,1.01624,2.16,1.50
2012.07.26 13:38:53.376,1.01602,1.01624,2.16,1.60
2012.07.26 13:38:54.008,1.01602,1.01623,1.41,1.50
2012.07.26 13:38:54.451,1.01605,1.01627,1.50,1.60
2012.07.26 13:38:54.786,1.01606,1.0163,2.16,3.10
2012.07.26 13:38:55.127,1.01606,1.0163,1.50,1.60
2012.07.26 13:38:56.128,1.01608,1.01631,2.18,1.97
2012.07.26 13:38:56.662,1.01605,1.01629,2.16,1.50
2012.07.26 13:38:57.196,1.01608,1.01632,1.50,1.60
2012.07.26 13:38:57.310,1.01608,1.01632,1.50,4.15
2012.07.26 13:38:57.477,1.01604,1.01626,2.16,1.60
2012.07.26 13:38:57.708,1.01604,1.01625,1.41,1.60
2012.07.26 13:38:58.041,1.01608,1.01629,1.50,1.60
2012.07.26 13:38:58.211,1.01608,1.01631,2.16,1.60
2012.07.26 13:38:58.756,1.01609,1.01631,2.25,1.60
2012.07.26 13:38:59.794,1.01607,1.01629,2.25,1.60
2012.07.26 13:39:00.197,1.01607,1.01629,1.50,1.60
2012.07.26 13:39:00.365,1.01601,1.01625,1.50,1.60
2012.07.26 13:39:00.425,1.01601,1.01625,2.16,1.50
2012.07.26 13:39:00.867,1.01609,1.01631,1.50,1.97
2012.07.26 13:39:00.991,1.01607,1.01632,1.50,4.15
2012.07.26 13:39:01.227,1.01602,1.01626,2.91,1.50
2012.07.26 13:39:01.557,1.01607,1.01632,2.16,1.60
2012.07.26 13:39:01.832,1.01611,1.01635,1.50,1.60
2012.07.26 13:39:01.947,1.01609,1.01634,2.16,1.60
2012.07.26 13:39:03.630,1.01611,1.01636,1.50,1.60
2012.07.26 13:39:03.799,1.01614,1.01637,1.50,1.60
2012.07.26 13:39:04.039,1.01612,1.01636,1.41,1.50
2012.07.26 13:39:05.027,1.01612,1.01636,1.41,1.50
2012.07.26 13:39:05.275,1.01611,1.01636,2.91,1.60
2012.07.26 13:39:05.795,1.01613,1.01635,2.16,1.50
2012.07.26 13:39:06.125,1.01613,1.01635,3.51,1.50
2012.07.26 13:39:06.464,1.01619,1.01641,2.54,1.50
2012.07.26 13:39:06.633,1.01623,1.01643,2.16,1.50
2012.07.26 13:39:06.748,1.01628,1.01648,1.50,1.60
2012.07.26 13:39:06.916,1.01628,1.01652,2.16,1.97
2012.07.26 13:39:07.030,1.0163,1.01654,2.16,1.88
2012.07.26 13:39:07.308,1.0163,1.01654,1.50,1.60
2012.07.26 13:39:07.369,1.0163,1.01654,1.50,1.60
2012.07.26 13:39:07.647,1.01628,1.01652,1.50,1.60
2012.07.26 13:39:07.710,1.01628,1.01652,2.16,1.50
2012.07.26 13:39:08.214,1.01628,1.01651,1.50,1.60
2012.07.26 13:39:08.991,1.01627,1.01651,1.50,1.60
2012.07.26 13:39:09.057,1.01629,1.01653,1.50,1.60
2012.07.26 13:39:09.234,1.01627,1.01651,3.75,1.60
2012.07.26 13:39:09.349,1.01627,1.01648,2.25,1.50
2012.07.26 13:39:09.656,1.0163,1.01648,1.41,1.50
2012.07.26 13:39:09.935,1.01618,1.01642,2.43,1.60
2012.07.26 13:39:10.240,1.01617,1.01639,1.50,1.60
2012.07.26 13:39:10.854,1.01618,1.01642,1.50,1.60
2012.07.26 13:39:11.029,1.01621,1.01643,1.50,1.60
2012.07.26 13:39:11.927,1.01621,1.01643,1.50,1.60
2012.07.26 13:39:11.988,1.01625,1.01647,1.50,1.97
2012.07.26 13:39:12.670,1.01625,1.01647,1.50,1.60
2012.07.26 13:39:12.730,1.01628,1.01649,1.50,1.60
2012.07.26 13:39:13.036,1.01626,1.01647,1.50,1.60
2012.07.26 13:39:13.593,1.01625,1.01647,1.50,1.60
2012.07.26 13:39:14.141,1.01626,1.01647,1.50,1.60
2012.07.26 13:39:14.202,1.01628,1.0165,1.50,1.60
2012.07.26 13:39:14.372,1.01628,1.0165,1.50,1.50
2012.07.26 13:39:14.433,1.01627,1.01652,2.25,3.10
2012.07.26 13:39:14.667,1.01625,1.01649,2.54,1.50
2012.07.26 13:39:15.183,1.01625,1.01649,4.04,1.50
2012.07.26 13:39:15.462,1.01627,1.0165,2.84,1.50
2012.07.26 13:39:15.522,1.01629,1.01651,1.50,1.50
2012.07.26 13:39:15.907,1.01625,1.01649,1.50,1.60
2012.07.26 13:39:16.556,1.01623,1.01647,2.54,1.60
2012.07.26 13:39:16.861,1.01626,1.0165,3.00,1.60
2012.07.26 13:39:17.205,1.01627,1.01649,2.16,1.50
2012.07.26 13:39:17.740,1.01627,1.01649,1.50,1.60
2012.07.26 13:39:18.016,1.01623,1.01647,2.54,1.60
2012.07.26 13:39:18.442,1.01629,1.01651,1.50,3.10
2012.07.26 13:39:18.517,1.01627,1.01649,1.50,1.60
2012.07.26 13:39:18.718,1.01627,1.01649,1.50,1.60
2012.07.26 13:39:18.829,1.01627,1.01649,1.50,1.60
2012.07.26 13:39:19.398,1.01625,1.01648,1.50,1.60
2012.07.26 13:39:19.513,1.01622,1.01646,2.16,1.50
2012.07.26 13:39:19.981,1.01625,1.01647,1.50,1.60
2012.07.26 13:39:20.806,1.01625,1.01647,1.50,1.60
2012.07.26 13:39:20.975,1.01617,1.0164,1.79,1.50
2012.07.26 13:39:21.316,1.01617,1.0164,1.41,1.50
2012.07.26 13:39:21.606,1.01619,1.01641,1.50,1.60
2012.07.26 13:39:22.107,1.01619,1.01641,1.50,1.60
2012.07.26 13:39:22.439,1.01619,1.01641,1.04,1.50
2012.07.26 13:39:22.716,1.01618,1.01641,2.55,1.60
2012.07.26 13:39:22.928,1.01617,1.01638,1.04,1.50
2012.07.26 13:39:23.893,1.01617,1.01638,1.13,1.60
2012.07.26 13:39:24.063,1.01616,1.01638,1.50,1.60
2012.07.26 13:39:24.228,1.01613,1.01637,2.54,1.60
2012.07.26 13:39:24.512,1.01618,1.01637,1.50,1.60
2012.07.26 13:39:25.066,1.01621,1.01643,1.50,3.77
2012.07.26 13:39:25.350,1.01619,1.01641,1.50,1.60
2012.07.26 13:39:25.574,1.01618,1.01642,1.50,1.60
2012.07.26 13:39:26.034,1.01623,1.01645,1.50,1.60
2012.07.26 13:39:26.311,1.01622,1.01646,2.16,1.60
2012.07.26 13:39:26.426,1.01622,1.01646,3.66,1.50
2012.07.26 13:39:26.486,1.01624,1.01648,2.16,2.20
2012.07.26 13:39:27.109,1.01625,1.01649,1.50,1.60
2012.07.26 13:39:27.224,1.01625,1.01645,1.50,1.50
2012.07.26 13:39:27.557,1.01619,1.01639,1.04,1.50
2012.07.26 13:39:27.901,1.01618,1.01637,1.04,1.50
2012.07.26 13:39:28.210,1.01618,1.01635,1.04,1.50
2012.07.26 13:39:28.712,1.01619,1.01635,1.13,1.50
2012.07.26 13:39:28.888,1.01616,1.01636,1.41,1.50
2012.07.26 13:39:28.948,1.0162,1.01644,1.50,1.60
2012.07.26 13:39:29.008,1.01623,1.01645,1.50,1.60
2012.07.26 13:39:29.968,1.01624,1.01646,1.50,1.60
2012.07.26 13:39:30.028,1.01622,1.01646,1.50,1.60
2012.07.26 13:39:30.487,1.01625,1.01647,1.50,1.60
2012.07.26 13:39:30.765,1.01622,1.01646,2.25,1.60
2012.07.26 13:39:31.282,1.01622,1.01646,2.25,3.10
2012.07.26 13:39:31.427,1.01621,1.01645,2.25,1.60
2012.07.26 13:39:32.068,1.01621,1.01645,1.50,1.60
2012.07.26 13:39:32.616,1.01619,1.01642,3.00,1.60
2012.07.26 13:39:32.675,1.01619,1.01642,3.00,1.60
2012.07.26 13:39:32.932,1.01617,1.0164,3.00,1.60
2012.07.26 13:39:33.474,1.01618,1.01642,1.50,2.20
2012.07.26 13:39:33.587,1.01618,1.01642,3.66,1.60
2012.07.26 13:39:33.701,1.0162,1.01644,1.50,3.10
2012.07.26 13:39:33.759,1.01618,1.01642,2.16,1.60
2012.07.26 13:39:34.310,1.01618,1.01639,1.50,1.60
2012.07.26 13:39:34.369,1.01621,1.01643,1.50,1.60
2012.07.26 13:39:34.537,1.01621,1.01643,1.50,1.60
2012.07.26 13:39:34.596,1.01623,1.01645,1.50,1.60
2012.07.26 13:39:34.926,1.01622,1.01646,1.50,1.60
2012.07.26 13:39:35.119,1.01622,1.01646,1.50,1.60
2012.07.26 13:39:35.233,1.0162,1.01641,1.50,1.50
2012.07.26 13:39:35.570,1.01618,1.01642,4.71,1.60
2012.07.26 13:39:35.686,1.01622,1.01644,1.50,3.10
2012.07.26 13:39:36.241,1.01623,1.01647,1.50,1.60
2012.07.26 13:39:36.745,1.01623,1.01647,1.50,1.60
2012.07.26 13:39:37.290,1.01619,1.01643,2.16,1.60
2012.07.26 13:39:37.778,1.01623,1.01647,1.50,1.60
2012.07.26 13:39:37.993,1.01621,1.01645,1.50,1.60
2012.07.26 13:39:38.530,1.0162,1.01642,2.16,1.60
2012.07.26 13:39:38.849,1.01616,1.01641,2.91,1.60
2012.07.26 13:39:39.364,1.01621,1.01643,1.50,1.60
2012.07.26 13:39:39.430,1.01619,1.01642,1.50,1.60
2012.07.26 13:39:39.654,1.01616,1.01641,4.41,1.60
2012.07.26 13:39:39.713,1.01616,1.01636,2.16,1.50
2012.07.26 13:39:39.773,1.01614,1.01636,1.50,1.60
2012.07.26 13:39:39.833,1.01613,1.01636,1.04,1.50
2012.07.26 13:39:40.352,1.01615,1.0164,2.16,1.60
2012.07.26 13:39:40.631,1.01611,1.01635,2.16,1.60
2012.07.26 13:39:40.746,1.01611,1.01635,2.91,1.50
2012.07.26 13:39:40.861,1.01611,1.01635,2.91,1.50
2012.07.26 13:39:40.976,1.01616,1.0164,1.50,1.60
2012.07.26 13:39:41.253,1.01611,1.01636,1.50,1.60
2012.07.26 13:39:41.313,1.01611,1.01636,1.50,1.60
2012.07.26 13:39:41.426,1.01611,1.01636,2.16,1.60
2012.07.26 13:39:42.306,1.01611,1.01635,2.91,1.50
2012.07.26 13:39:42.637,1.01611,1.01635,2.63,1.60
2012.07.26 13:39:42.751,1.01613,1.01635,1.04,1.50
2012.07.26 13:39:43.496,1.01613,1.01634,1.04,1.50
2012.07.26 13:39:43.558,1.01613,1.01636,1.41,1.60
2012.07.26 13:39:43.982,1.01612,1.01636,2.91,1.60
2012.07.26 13:39:44.078,1.01613,1.01636,1.41,1.60
2012.07.26 13:39:44.467,1.01613,1.01634,1.41,1.50
2012.07.26 13:39:44.581,1.01613,1.01636,1.41,1.60
2012.07.26 13:39:47.024,1.01616,1.01636,1.41,1.50
2012.07.26 13:39:48.545,1.01613,1.01634,1.04,1.50
2012.07.26 13:39:48.772,1.01613,1.01634,1.04,1.50
2012.07.26 13:39:48.886,1.01613,1.01632,1.04,1.50
2012.07.26 13:39:49.185,1.01613,1.01634,1.04,1.60
2012.07.26 13:39:49.245,1.01613,1.01634,1.04,1.50
2012.07.26 13:39:49.305,1.01613,1.01637,1.04,1.50
2012.07.26 13:39:49.365,1.01613,1.01637,1.04,1.60
2012.07.26 13:39:49.641,1.01613,1.01633,1.04,1.50
2012.07.26 13:39:50.325,1.01613,1.01634,1.04,1.50
2012.07.26 13:39:50.680,1.01619,1.01636,1.04,1.50
2012.07.26 13:39:50.795,1.01618,1.01641,1.04,1.60
2012.07.26 13:39:51.331,1.01618,1.01637,1.04,1.50
2012.07.26 13:39:51.879,1.01614,1.01636,1.04,1.50
2012.07.26 13:39:52.406,1.01614,1.01638,1.04,1.60
2012.07.26 13:39:52.520,1.01617,1.01638,2.18,1.50
2012.07.26 13:39:52.853,1.01617,1.01638,3.59,1.50
2012.07.26 13:39:53.558,1.01617,1.01638,1.41,1.50
2012.07.26 13:39:53.672,1.01617,1.0164,2.91,1.60
2012.07.26 13:39:53.950,1.01618,1.0164,2.18,3.10
2012.07.26 13:39:54.010,1.01614,1.01639,2.54,1.60
2012.07.26 13:39:54.178,1.01614,1.01637,1.04,1.50
2012.07.26 13:39:54.237,1.01614,1.01639,2.54,1.50
2012.07.26 13:39:54.406,1.01614,1.01639,2.16,1.60
2012.07.26 13:39:54.465,1.01613,1.01637,1.04,1.50
2012.07.26 13:39:54.977,1.01613,1.01636,1.04,1.60
2012.07.26 13:39:55.646,1.01614,1.01637,1.04,1.50
2012.07.26 13:39:57.606,1.01613,1.01637,1.04,1.60
2012.07.26 13:39:57.902,1.01614,1.01637,1.13,1.60
2012.07.26 13:39:58.016,1.01613,1.01635,1.04,1.50
2012.07.26 13:39:58.187,1.01616,1.0164,2.25,1.60
2012.07.26 13:39:58.247,1.01618,1.0164,2.84,1.60
2012.07.26 13:39:58.580,1.01616,1.0164,2.16,1.60
2012.07.26 13:39:58.803,1.01619,1.0164,1.50,1.60
2012.07.26 13:39:59.134,1.01621,1.01643,1.50,1.60
2012.07.26 13:39:59.610,1.01619,1.01641,1.88,1.60
2012.07.26 13:39:59.931,1.01618,1.01638,2.55,1.60
2012.07.26 13:40:00.046,1.01618,1.0164,4.05,1.60
2012.07.26 13:40:00.597,1.01623,1.01644,1.50,1.60
2012.07.26 13:40:00.663,1.01623,1.01645,2.16,1.60
2012.07.26 13:40:00.780,1.01619,1.0164,2.54,1.50
2012.07.26 13:40:01.014,1.0162,1.01642,2.16,1.50
2012.07.26 13:40:01.345,1.0162,1.01642,1.50,1.60
2012.07.26 13:40:01.459,1.0162,1.01642,2.16,1.50
2012.07.26 13:40:01.791,1.01622,1.01644,1.50,3.10
2012.07.26 13:40:01.904,1.01618,1.01641,4.34,1.60
2012.07.26 13:40:02.280,1.01618,1.0164,2.25,1.60
2012.07.26 13:40:02.339,1.01618,1.0164,1.50,1.60
2012.07.26 13:40:02.710,1.01619,1.01643,2.25,1.60
2012.07.26 13:40:02.843,1.01619,1.01642,1.50,1.60
2012.07.26 13:40:02.903,1.01616,1.0164,2.25,1.60
2012.07.26 13:40:03.857,1.01618,1.0164,1.50,1.60
2012.07.26 13:40:04.722,1.01617,1.01637,1.41,1.50
2012.07.26 13:40:04.781,1.01617,1.01637,1.41,1.50
2012.07.26 13:40:04.841,1.01617,1.0164,2.91,1.50
2012.07.26 13:40:05.133,1.01619,1.01639,1.41,1.50
2012.07.26 13:40:05.466,1.01621,1.01644,1.26,1.50
2012.07.26 13:40:05.690,1.01624,1.01647,1.04,3.00
2012.07.26 13:40:05.864,1.01624,1.01647,1.04,3.00
2012.07.26 13:40:05.925,1.01624,1.01645,1.04,1.50
2012.07.26 13:40:05.985,1.01624,1.01644,1.04,1.50
2012.07.26 13:40:06.098,1.01624,1.01644,1.04,1.50
2012.07.26 13:40:07.279,1.01624,1.01644,1.04,1.50
2012.07.26 13:40:07.447,1.01623,1.01644,1.04,1.50
2012.07.26 13:40:08.001,1.01623,1.01644,1.04,1.50
2012.07.26 13:40:08.702,1.01623,1.01645,1.04,1.50
2012.07.26 13:40:08.963,1.01623,1.01642,1.04,1.50
2012.07.26 13:40:09.465,1.01623,1.01641,1.04,1.50
2012.07.26 13:40:09.580,1.01623,1.01643,1.04,3.00
2012.07.26 13:40:09.692,1.01623,1.01639,1.04,1.50
2012.07.26 13:40:09.753,1.01619,1.01639,1.04,1.50
2012.07.26 13:40:10.153,1.01618,1.0164,1.04,1.50
2012.07.26 13:40:10.267,1.01619,1.0164,1.04,1.50
2012.07.26 13:40:10.382,1.01615,1.0164,2.16,1.60
2012.07.26 13:40:10.784,1.01614,1.01635,1.04,1.50
2012.07.26 13:40:10.918,1.01613,1.01635,1.88,1.60
2012.07.26 13:40:11.115,1.01612,1.0163,1.04,1.50
2012.07.26 13:40:11.338,1.01614,1.01632,1.50,1.50
2012.07.26 13:40:11.506,1.01614,1.01636,2.54,1.50
2012.07.26 13:40:11.782,1.01617,1.0164,1.50,1.60
2012.07.26 13:40:12.256,1.01617,1.0164,2.16,1.50
2012.07.26 13:40:12.591,1.01618,1.01643,2.16,1.60
2012.07.26 13:40:12.982,1.01615,1.01639,2.16,1.60
2012.07.26 13:40:13.512,1.01615,1.01639,2.16,1.50
2012.07.26 13:40:14.082,1.01614,1.01638,2.16,1.50
2012.07.26 13:40:14.782,1.01614,1.01638,2.16,1.60
2012.07.26 13:40:15.241,1.01613,1.01635,2.16,1.50
2012.07.26 13:40:15.572,1.01619,1.01635,1.26,1.50
2012.07.26 13:40:15.741,1.01619,1.01637,1.26,1.50
2012.07.26 13:40:15.911,1.01618,1.01639,2.84,3.00
2012.07.26 13:40:16.025,1.0162,1.01639,1.50,1.50
2012.07.26 13:40:16.085,1.0162,1.01637,1.50,1.50
2012.07.26 13:40:16.200,1.01612,1.01637,2.16,1.50
2012.07.26 13:40:16.688,1.01618,1.01641,3.21,1.50
2012.07.26 13:40:17.021,1.01615,1.01638,3.66,1.50
2012.07.26 13:40:17.340,1.01615,1.01635,2.16,1.50
2012.07.26 13:40:17.455,1.01618,1.01638,1.04,1.50
2012.07.26 13:40:17.515,1.01618,1.01642,2.54,1.60
2012.07.26 13:40:17.738,1.01619,1.01639,1.04,1.50
2012.07.26 13:40:18.456,1.01619,1.01639,1.04,1.50
2012.07.26 13:40:18.516,1.0162,1.01642,2.16,1.50
2012.07.26 13:40:18.900,1.0162,1.01642,2.16,1.50
2012.07.26 13:40:19.014,1.0162,1.01642,1.50,1.60
2012.07.26 13:40:19.128,1.01622,1.01647,1.50,1.60
2012.07.26 13:40:19.406,1.01619,1.01642,2.54,1.60
2012.07.26 13:40:19.465,1.01619,1.01642,2.54,1.50
2012.07.26 13:40:19.688,1.01619,1.01642,1.04,1.60
2012.07.26 13:40:19.803,1.01619,1.01642,2.54,1.50
2012.07.26 13:40:19.928,1.0162,1.01644,2.16,1.50
2012.07.26 13:40:19.988,1.0162,1.01644,1.50,1.60
2012.07.26 13:40:20.394,1.01624,1.01645,1.50,1.60
2012.07.26 13:40:20.666,1.01624,1.01648,1.50,1.60
2012.07.26 13:40:21.201,1.01624,1.01648,1.50,1.60
2012.07.26 13:40:21.311,1.01624,1.01648,1.50,1.60
2012.07.26 13:40:21.747,1.01624,1.01648,1.50,1.60
2012.07.26 13:40:22.367,1.01621,1.01645,1.50,1.60
2012.07.26 13:40:22.481,1.01619,1.01642,1.50,1.60
2012.07.26 13:40:22.540,1.01619,1.01642,2.25,1.60
2012.07.26 13:40:23.059,1.01618,1.01641,1.04,1.50
2012.07.26 13:40:23.334,1.0162,1.01641,2.16,1.50
2012.07.26 13:40:23.395,1.01621,1.01645,2.16,1.50
2012.07.26 13:40:23.455,1.01621,1.01645,2.16,1.50
2012.07.26 13:40:23.788,1.01624,1.01643,1.04,1.50
2012.07.26 13:40:24.243,1.01618,1.01642,1.04,1.50
2012.07.26 13:40:24.358,1.01622,1.01646,1.50,1.60
2012.07.26 13:40:24.418,1.01622,1.01646,2.16,1.50
2012.07.26 13:40:24.957,1.01621,1.01644,2.16,1.50
2012.07.26 13:40:25.024,1.0162,1.01644,1.50,1.50
2012.07.26 13:40:25.264,1.01617,1.01641,2.16,1.50
2012.07.26 13:40:25.597,1.0162,1.01642,1.88,1.50
2012.07.26 13:40:25.984,1.01624,1.01645,1.04,1.50
2012.07.26 13:40:26.499,1.01625,1.01647,1.50,1.60
2012.07.26 13:40:26.781,1.01621,1.01645,2.91,1.50
2012.07.26 13:40:27.502,1.01623,1.01647,1.50,1.60
2012.07.26 13:40:28.166,1.01623,1.01647,1.88,1.60
2012.07.26 13:40:28.675,1.01623,1.01647,1.88,1.60
2012.07.26 13:40:28.788,1.01627,1.01649,1.50,3.10
2012.07.26 13:40:28.848,1.01627,1.01649,1.50,3.00
2012.07.26 13:40:28.909,1.01623,1.01647,2.54,1.50
2012.07.26 13:40:29.133,1.01623,1.01647,1.50,1.50
2012.07.26 13:40:29.742,1.01623,1.01647,2.16,1.50
2012.07.26 13:40:29.808,1.01626,1.01648,1.50,1.60
2012.07.26 13:40:30.032,1.01626,1.0165,1.50,3.10
2012.07.26 13:40:30.203,1.01626,1.0165,1.50,1.60
2012.07.26 13:40:30.463,1.01626,1.0165,1.50,1.60
2012.07.26 13:40:30.685,1.01626,1.0165,1.50,1.60
2012.07.26 13:40:31.275,1.01623,1.01647,1.88,1.60
2012.07.26 13:40:31.979,1.01623,1.01647,1.50,1.60
2012.07.26 13:40:32.326,1.01623,1.01646,1.50,1.60
2012.07.26 13:40:32.835,1.01622,1.01644,2.25,1.60
2012.07.26 13:40:33.459,1.01622,1.01644,2.91,1.50
2012.07.26 13:40:33.977,1.01622,1.01644,2.54,1.50
2012.07.26 13:40:34.409,1.01624,1.01644,1.04,1.50
2012.07.26 13:40:34.524,1.01624,1.01646,2.54,1.50
2012.07.26 13:40:34.583,1.01625,1.01649,2.16,1.60
2012.07.26 13:40:34.786,1.01625,1.01649,2.16,1.50
2012.07.26 13:40:35.127,1.01626,1.01648,2.16,1.50
2012.07.26 13:40:35.672,1.01626,1.01648,2.16,1.50
2012.07.26 13:40:37.216,1.01625,1.01647,2.16,1.50
2012.07.26 13:40:37.383,1.01625,1.01647,1.50,1.60
2012.07.26 13:40:37.444,1.01623,1.01645,1.50,1.60
2012.07.26 13:40:37.610,1.01623,1.01645,2.16,1.50
2012.07.26 13:40:38.392,1.01624,1.01645,1.04,1.50
2012.07.26 13:40:38.775,1.01626,1.01649,1.35,1.60
2012.07.26 13:40:39.054,1.01627,1.01649,1.13,1.60
2012.07.26 13:40:39.385,1.01628,1.0165,4.71,1.50
2012.07.26 13:40:39.554,1.01628,1.0165,4.71,1.50
2012.07.26 13:40:39.954,1.01635,1.01652,1.50,1.50
2012.07.26 13:40:40.248,1.01635,1.01657,1.50,1.50
2012.07.26 13:40:40.313,1.01632,1.01656,2.16,1.50
2012.07.26 13:40:40.607,1.01631,1.01653,2.16,1.50
2012.07.26 13:40:40.941,1.01633,1.01656,1.50,3.00
2012.07.26 13:40:41.388,1.01635,1.01657,2.16,1.50
2012.07.26 13:40:41.722,1.01636,1.01659,2.25,1.60
2012.07.26 13:40:41.955,1.01636,1.01659,2.25,1.60
2012.07.26 13:40:42.015,1.01638,1.01661,1.50,3.10
2012.07.26 13:40:42.131,1.01638,1.01661,1.50,1.60
2012.07.26 13:40:42.319,1.01636,1.01659,2.16,1.60
2012.07.26 13:40:42.595,1.01634,1.01658,2.16,1.60
2012.07.26 13:40:42.941,1.01638,1.01661,1.50,1.60
2012.07.26 13:40:43.262,1.0164,1.01662,1.50,1.60
2012.07.26 13:40:43.811,1.01637,1.01659,4.05,1.60
2012.07.26 13:40:43.926,1.01637,1.01659,1.50,1.60
2012.07.26 13:40:44.434,1.01638,1.01662,1.50,3.10
2012.07.26 13:40:44.495,1.01636,1.0166,2.76,1.60
2012.07.26 13:40:44.610,1.01638,1.01662,1.50,1.60
2012.07.26 13:40:45.248,1.01637,1.01659,1.50,1.60
2012.07.26 13:40:45.321,1.01637,1.01659,1.50,1.50
2012.07.26 13:40:45.550,1.01637,1.01659,2.16,1.50
2012.07.26 13:40:45.858,1.01637,1.01659,2.16,1.50
2012.07.26 13:40:46.197,1.01634,1.01656,2.16,1.50
2012.07.26 13:40:46.599,1.01636,1.0166,2.16,1.50
2012.07.26 13:40:47.059,1.01634,1.01657,2.16,1.50
2012.07.26 13:40:47.119,1.01633,1.01657,2.54,1.50
2012.07.26 13:40:47.643,1.01635,1.01661,2.16,3.10
2012.07.26 13:40:47.757,1.01635,1.01661,2.16,1.50
2012.07.26 13:40:47.949,1.01635,1.01661,2.16,1.50
2012.07.26 13:40:48.008,1.01634,1.01659,1.26,1.50
2012.07.26 13:40:48.182,1.01634,1.01659,1.26,1.50
2012.07.26 13:40:48.311,1.01631,1.01657,2.16,1.50
2012.07.26 13:40:49.926,1.01631,1.01655,2.91,1.50
2012.07.26 13:40:50.151,1.01634,1.01659,2.16,1.60
2012.07.26 13:40:50.707,1.01635,1.01658,1.50,3.10
2012.07.26 13:40:50.766,1.01631,1.01656,1.41,1.60
2012.07.26 13:40:50.989,1.01632,1.01658,2.16,1.60
2012.07.26 13:40:51.104,1.01635,1.01659,1.50,1.60
2012.07.26 13:40:51.856,1.01635,1.01659,1.50,1.60
2012.07.26 13:40:52.392,1.01633,1.01658,2.16,1.60
2012.07.26 13:40:53.455,1.01635,1.01659,1.50,1.60
2012.07.26 13:40:53.514,1.01635,1.0166,2.16,1.50
2012.07.26 13:40:53.910,1.01633,1.01655,1.04,1.50
2012.07.26 13:40:54.430,1.01633,1.01654,1.04,1.50
2012.07.26 13:40:54.901,1.01633,1.01657,2.16,1.50
2012.07.26 13:40:55.302,1.01631,1.01655,2.16,1.50
2012.07.26 13:40:55.417,1.01631,1.01655,2.16,1.50
2012.07.26 13:40:55.641,1.01629,1.01654,2.54,1.50
2012.07.26 13:40:55.701,1.01631,1.01656,1.41,1.50
2012.07.26 13:40:56.108,1.01633,1.01657,1.41,1.60
2012.07.26 13:40:56.223,1.01636,1.01657,1.50,1.60
2012.07.26 13:40:56.289,1.01647,1.01659,2.84,1.50
2012.07.26 13:40:56.515,1.01655,1.01678,1.50,1.60
2012.07.26 13:40:56.576,1.01654,1.01672,1.50,1.50
2012.07.26 13:40:56.691,1.01645,1.0167,2.16,1.50
2012.07.26 13:40:56.806,1.01645,1.0167,2.16,1.50
2012.07.26 13:40:57.349,1.01647,1.01671,2.16,1.50
2012.07.26 13:40:57.410,1.01645,1.01668,2.16,1.50
2012.07.26 13:40:57.579,1.01644,1.01667,2.16,1.50
2012.07.26 13:40:57.653,1.01649,1.0167,1.50,1.50
2012.07.26 13:40:57.843,1.01649,1.01672,1.50,1.50
2012.07.26 13:40:58.066,1.01651,1.01675,1.50,3.10
2012.07.26 13:40:58.882,1.01651,1.01675,1.50,1.60
2012.07.26 13:40:58.953,1.01645,1.01668,1.50,1.50
2012.07.26 13:40:59.287,1.01642,1.01666,2.16,1.50
2012.07.26 13:40:59.565,1.01641,1.01667,2.16,1.50
2012.07.26 13:40:59.894,1.01641,1.01667,1.50,1.60
2012.07.26 13:41:00.228,1.01646,1.01671,1.50,1.60
2012.07.26 13:41:00.345,1.01646,1.01671,3.75,1.60
2012.07.26 13:41:00.515,1.01649,1.01673,1.50,1.60
2012.07.26 13:41:00.801,1.01649,1.01673,1.50,1.60
2012.07.26 13:41:00.919,1.01651,1.01673,2.25,1.60
2012.07.26 13:41:01.225,1.01651,1.01676,2.25,1.88
2012.07.26 13:41:01.340,1.01653,1.01677,1.50,1.88
2012.07.26 13:41:01.672,1.0165,1.01677,2.25,1.88
2012.07.26 13:41:02.048,1.01653,1.01677,1.50,1.88
2012.07.26 13:41:02.426,1.0165,1.01677,1.50,1.88
2012.07.26 13:41:02.937,1.0165,1.01673,1.50,1.50
2012.07.26 13:41:03.457,1.0165,1.01673,2.25,1.50
2012.07.26 13:41:03.787,1.01657,1.01681,1.50,1.50
2012.07.26 13:41:03.974,1.01655,1.0168,1.50,1.50
2012.07.26 13:41:04.342,1.01658,1.01682,1.50,4.15
2012.07.26 13:41:04.563,1.01656,1.01681,1.50,1.50
2012.07.26 13:41:05.230,1.01657,1.01683,1.50,1.60
2012.07.26 13:41:05.997,1.01657,1.01683,1.50,2.25
2012.07.26 13:41:06.222,1.01657,1.01681,1.50,1.50
2012.07.26 13:41:07.280,1.01658,1.01682,1.50,1.50
2012.07.26 13:41:07.635,1.01655,1.0168,1.50,1.50
2012.07.26 13:41:07.999,1.01655,1.0168,2.25,1.50
2012.07.26 13:41:08.359,1.01659,1.01684,1.50,1.60
2012.07.26 13:41:08.691,1.01656,1.01679,2.91,1.50
2012.07.26 13:41:09.028,1.01655,1.01676,2.01,1.50
2012.07.26 13:41:09.142,1.01658,1.01684,1.50,1.50
2012.07.26 13:41:09.364,1.01658,1.01681,1.50,1.50
2012.07.26 13:41:10.141,1.01655,1.01679,1.35,1.50
2012.07.26 13:41:10.679,1.01657,1.0168,2.25,1.50
2012.07.26 13:41:11.011,1.01663,1.01682,1.50,2.18
2012.07.26 13:41:11.125,1.01663,1.01687,1.50,1.97
2012.07.26 13:41:11.185,1.0166,1.01681,1.50,1.50
2012.07.26 13:41:11.648,1.01657,1.01682,2.54,1.50
2012.07.26 13:41:12.903,1.01657,1.01682,1.50,1.50
2012.07.26 13:41:12.962,1.01657,1.01682,2.25,1.50
2012.07.26 13:41:13.471,1.01657,1.01682,1.50,1.50
2012.07.26 13:41:13.639,1.01658,1.0168,2.18,1.50
2012.07.26 13:41:13.753,1.01659,1.01683,1.50,1.50
2012.07.26 13:41:14.410,1.01658,1.01682,1.50,1.50
2012.07.26 13:41:15.321,1.01657,1.01682,1.50,1.50
2012.07.26 13:41:16.156,1.0166,1.01683,1.50,1.50
2012.07.26 13:41:16.490,1.0166,1.01683,2.25,1.50
2012.07.26 13:41:16.549,1.01662,1.01685,2.25,1.50
2012.07.26 13:41:16.996,1.0166,1.01683,2.91,1.50
2012.07.26 13:41:17.165,1.01657,1.01683,2.16,1.50
2012.07.26 13:41:17.595,1.01658,1.01683,2.84,1.50
2012.07.26 13:41:17.949,1.01662,1.01685,1.41,1.50
2012.07.26 13:41:18.460,1.01662,1.01684,1.41,1.50
2012.07.26 13:41:18.522,1.01662,1.01684,1.41,1.50
2012.07.26 13:41:19.050,1.0166,1.01686,2.16,1.50
2012.07.26 13:41:19.165,1.01666,1.01689,1.50,1.60
2012.07.26 13:41:19.278,1.01662,1.01686,1.50,1.50
2012.07.26 13:41:19.338,1.01664,1.01686,1.04,1.50
2012.07.26 13:41:19.564,1.01661,1.01684,2.16,1.50
2012.07.26 13:41:20.108,1.01659,1.01681,1.04,1.50
2012.07.26 13:41:20.223,1.01659,1.01681,1.04,1.50
2012.07.26 13:41:20.282,1.01659,1.01676,1.04,1.50
2012.07.26 13:41:20.796,1.01659,1.01677,1.04,1.50
2012.07.26 13:41:21.343,1.01653,1.01676,1.41,1.50
2012.07.26 13:41:21.545,1.01653,1.01673,1.41,1.50
2012.07.26 13:41:21.880,1.01653,1.0167,1.41,1.50
2012.07.26 13:41:21.995,1.01653,1.01672,1.41,1.50
2012.07.26 13:41:22.053,1.01652,1.01672,1.41,1.50
2012.07.26 13:41:22.115,1.01652,1.01674,1.41,1.50
2012.07.26 13:41:22.550,1.01654,1.01676,1.50,1.50
2012.07.26 13:41:22.609,1.01654,1.01678,1.50,1.50
2012.07.26 13:41:22.891,1.01652,1.01676,1.41,1.50
2012.07.26 13:41:23.395,1.01654,1.01678,2.25,1.50
2012.07.26 13:41:23.727,1.01661,1.01678,1.50,1.50
2012.07.26 13:41:23.841,1.01661,1.01684,1.50,1.50
2012.07.26 13:41:24.010,1.01661,1.01686,1.50,1.50
2012.07.26 13:41:24.234,1.0166,1.01684,3.00,1.50
2012.07.26 13:41:24.664,1.01658,1.01683,3.68,1.50
2012.07.26 13:41:24.778,1.0166,1.01684,1.50,3.10
2012.07.26 13:41:25.768,1.01658,1.01681,3.68,1.50
2012.07.26 13:41:25.937,1.01657,1.01683,1.50,1.60
2012.07.26 13:41:26.306,1.01661,1.01684,1.50,1.50
2012.07.26 13:41:26.365,1.01661,1.01686,1.50,1.50
2012.07.26 13:41:26.532,1.01659,1.01684,1.50,1.50
2012.07.26 13:41:26.838,1.01658,1.01681,1.50,1.50
2012.07.26 13:41:27.061,1.0166,1.01684,1.50,1.50
2012.07.26 13:41:27.587,1.0166,1.01685,1.50,1.50
2012.07.26 13:41:27.910,1.0166,1.01685,1.50,1.60
2012.07.26 13:41:28.311,1.01657,1.01681,4.05,1.50
2012.07.26 13:41:28.840,1.0166,1.01682,1.50,1.50
2012.07.26 13:41:29.158,1.01662,1.01684,1.50,1.60
2012.07.26 13:41:29.530,1.01658,1.01679,1.13,1.50
2012.07.26 13:41:29.697,1.01657,1.01679,1.50,1.50
2012.07.26 13:41:30.141,1.01657,1.01679,1.50,1.50
2012.07.26 13:41:31.163,1.01657,1.01679,1.50,1.60
2012.07.26 13:41:31.391,1.01659,1.01681,1.50,1.50
2012.07.26 13:41:31.665,1.0166,1.01681,1.41,1.50
2012.07.26 13:41:31.758,1.01661,1.01685,2.25,1.50
2012.07.26 13:41:31.818,1.01664,1.01685,1.50,1.50
2012.07.26 13:41:31.933,1.01665,1.01689,1.50,1.60
2012.07.26 13:41:32.101,1.01665,1.01689,2.16,1.50
2012.07.26 13:41:32.239,1.01668,1.01688,1.50,1.50
2012.07.26 13:41:32.313,1.01669,1.01693,1.50,1.60
2012.07.26 13:41:33.507,1.01669,1.01693,1.50,1.60
2012.07.26 13:41:33.995,1.01666,1.0169,1.50,1.50
2012.07.26 13:41:34.217,1.01664,1.01688,1.50,1.50
2012.07.26 13:41:34.549,1.01659,1.01683,1.50,1.60
2012.07.26 13:41:34.885,1.01672,1.01691,1.50,1.07
2012.07.26 13:41:34.946,1.01672,1.01691,1.50,1.88
2012.07.26 13:41:35.005,1.01666,1.01689,2.25,1.50
2012.07.26 13:41:35.676,1.01666,1.01689,2.25,1.50
2012.07.26 13:41:36.184,1.01665,1.01689,2.16,1.50
2012.07.26 13:41:36.298,1.01669,1.01692,1.50,1.50
2012.07.26 13:41:37.033,1.01666,1.01691,1.50,1.50
2012.07.26 13:41:37.205,1.01665,1.01688,1.50,1.50
2012.07.26 13:41:37.619,1.01667,1.0169,1.50,1.50
2012.07.26 13:41:38.047,1.01662,1.01687,2.91,1.50
2012.07.26 13:41:38.161,1.01668,1.0169,1.50,1.50
2012.07.26 13:41:38.687,1.01669,1.01691,1.50,1.50
2012.07.26 13:41:39.420,1.01671,1.01693,1.50,1.50
2012.07.26 13:41:39.763,1.01671,1.01691,1.50,1.88
2012.07.26 13:41:39.987,1.01666,1.01688,3.00,1.50
2012.07.26 13:41:40.048,1.01668,1.0169,1.50,1.50
2012.07.26 13:41:41.076,1.01668,1.01687,1.50,1.50
2012.07.26 13:41:41.136,1.01662,1.01684,1.50,1.50
2012.07.26 13:41:41.250,1.01659,1.01681,1.50,1.50
2012.07.26 13:41:41.798,1.01659,1.01681,1.50,3.10
2012.07.26 13:41:42.216,1.01655,1.01679,1.50,1.50
2012.07.26 13:41:43.563,1.01653,1.01674,1.50,1.50
2012.07.26 13:41:43.892,1.01656,1.01678,2.25,1.50
2012.07.26 13:41:44.234,1.01651,1.01673,2.91,1.50
2012.07.26 13:41:44.753,1.01651,1.01671,1.41,1.50
2012.07.26 13:41:44.928,1.01648,1.0167,1.50,1.50
2012.07.26 13:41:45.300,1.01651,1.01673,1.50,1.50
2012.07.26 13:41:45.704,1.01648,1.01666,1.50,1.50
2012.07.26 13:41:46.035,1.01651,1.01669,2.16,1.50
2012.07.26 13:41:46.259,1.01652,1.01674,1.50,1.50
2012.07.26 13:41:46.481,1.0165,1.01672,1.50,1.50
2012.07.26 13:41:46.702,1.01647,1.01671,1.50,1.50
2012.07.26 13:41:46.878,1.01651,1.01673,1.50,1.50
2012.07.26 13:41:47.333,1.01648,1.01672,1.50,1.50
2012.07.26 13:41:47.558,1.01647,1.01669,2.16,1.50
2012.07.26 13:41:47.969,1.01651,1.01669,1.41,1.50
2012.07.26 13:41:48.353,1.01651,1.01672,1.41,3.00
2012.07.26 13:41:48.423,1.01646,1.01671,2.91,1.50
2012.07.26 13:41:48.649,1.01645,1.01667,1.50,1.50
2012.07.26 13:41:48.855,1.01646,1.01669,1.50,1.50
2012.07.26 13:41:49.037,1.01647,1.01671,1.50,1.50
2012.07.26 13:41:50.013,1.01646,1.01669,1.50,1.50
2012.07.26 13:41:50.720,1.01647,1.01672,1.50,3.00
2012.07.26 13:41:51.238,1.01648,1.01672,2.18,1.50
2012.07.26 13:41:51.792,1.01647,1.01672,1.50,1.50
2012.07.26 13:41:52.350,1.01648,1.01672,2.18,1.50
2012.07.26 13:41:52.885,1.01647,1.01672,1.50,1.50
2012.07.26 13:41:52.945,1.01645,1.01669,1.50,1.50
2012.07.26 13:41:53.514,1.01647,1.01669,2.25,1.50
2012.07.26 13:41:53.637,1.0165,1.01674,2.16,1.50
2012.07.26 13:41:53.697,1.0165,1.01674,2.91,1.50
2012.07.26 13:41:53.809,1.01653,1.01677,3.00,1.50
2012.07.26 13:41:53.936,1.01655,1.01679,1.50,1.50
2012.07.26 13:41:54.604,1.01655,1.01677,1.50,1.50
2012.07.26 13:41:54.939,1.01657,1.01677,2.18,1.50
2012.07.26 13:41:55.053,1.01655,1.01677,1.50,1.50
2012.07.26 13:41:55.552,1.0165,1.01675,2.16,1.50
2012.07.26 13:41:55.616,1.01657,1.01679,1.50,1.50
2012.07.26 13:41:55.840,1.0166,1.01682,1.50,1.50
2012.07.26 13:41:57.035,1.01658,1.01681,1.50,1.50
2012.07.26 13:41:57.340,1.01656,1.01678,1.50,1.50
2012.07.26 13:41:57.993,1.01658,1.0168,1.50,1.50
2012.07.26 13:41:59.855,1.01659,1.01683,1.50,1.50
2012.07.26 13:42:01.284,1.01657,1.01679,1.50,1.50
2012.07.26 13:42:01.406,1.01654,1.01678,1.50,1.50
2012.07.26 13:42:01.879,1.01656,1.01678,1.50,3.00
2012.07.26 13:42:02.209,1.01658,1.01679,1.50,1.50
2012.07.26 13:42:02.496,1.01645,1.01672,2.16,1.60
2012.07.26 13:42:02.718,1.01647,1.01672,2.18,1.60
2012.07.26 13:42:02.778,1.01647,1.01675,2.84,3.10
2012.07.26 13:42:04.671,1.01649,1.01674,1.41,1.60
2012.07.26 13:42:04.904,1.01647,1.01674,1.50,1.60
2012.07.26 13:42:05.759,1.01646,1.01673,1.41,1.60
2012.07.26 13:42:05.872,1.01646,1.01673,1.79,1.60
2012.07.26 13:42:06.093,1.01651,1.01675,1.41,2.10
2012.07.26 13:42:06.377,1.01653,1.01677,2.16,1.50
2012.07.26 13:42:06.544,1.01654,1.01682,2.16,1.60
2012.07.26 13:42:07.196,1.01652,1.01682,2.16,2.87
2012.07.26 13:42:07.713,1.01651,1.01681,1.41,1.60
2012.07.26 13:42:08.226,1.01651,1.01678,1.41,1.50
2012.07.26 13:42:08.493,1.01651,1.01678,1.41,1.60
2012.07.26 13:42:09.024,1.01648,1.01678,1.04,1.60
2012.07.26 13:42:09.191,1.01647,1.01678,2.25,1.60
2012.07.26 13:42:09.524,1.01647,1.0168,2.16,2.35
2012.07.26 13:42:09.705,1.01651,1.0168,1.41,2.35
2012.07.26 13:42:10.060,1.01651,1.01677,1.41,1.60
2012.07.26 13:42:10.467,1.01648,1.01671,1.04,1.50
2012.07.26 13:42:10.905,1.01648,1.01671,1.41,1.50
2012.07.26 13:42:11.019,1.01647,1.01671,1.41,1.50
2012.07.26 13:42:11.531,1.01647,1.01674,1.41,3.10
2012.07.26 13:42:11.897,1.01647,1.01675,2.16,1.60
2012.07.26 13:42:12.498,1.01648,1.01674,1.50,1.60
2012.07.26 13:42:12.624,1.01646,1.01674,1.41,1.60
2012.07.26 13:42:15.491,1.01644,1.01666,1.04,1.50
2012.07.26 13:42:15.782,1.01644,1.01668,1.04,3.10
2012.07.26 13:42:16.004,1.01641,1.01668,2.16,1.60
2012.07.26 13:42:16.483,1.01642,1.01668,1.41,1.60
2012.07.26 13:42:16.900,1.01642,1.01664,2.91,1.50
2012.07.26 13:42:17.301,1.01644,1.01666,1.50,1.50
2012.07.26 13:42:17.765,1.01644,1.01666,2.16,1.50
2012.07.26 13:42:18.285,1.01644,1.01666,2.16,1.60
2012.07.26 13:42:18.399,1.01642,1.01664,3.66,1.50
2012.07.26 13:42:18.512,1.01643,1.01666,2.16,1.60
2012.07.26 13:42:19.876,1.01643,1.01667,2.16,1.60
2012.07.26 13:42:20.462,1.01644,1.01666,2.16,1.50
2012.07.26 13:42:21.002,1.01646,1.01668,1.50,1.60
2012.07.26 13:42:21.428,1.01647,1.01671,2.16,1.60
2012.07.26 13:42:21.763,1.01648,1.01672,1.88,1.60
2012.07.26 13:42:22.039,1.0165,1.01673,1.50,3.10
2012.07.26 13:42:22.282,1.01648,1.0167,1.04,1.50
2012.07.26 13:42:22.630,1.01645,1.0167,1.88,1.60
2012.07.26 13:42:22.799,1.01645,1.0167,2.16,1.60
2012.07.26 13:42:22.860,1.01645,1.0167,2.16,1.60
2012.07.26 13:42:24.317,1.01645,1.01667,2.16,1.50
2012.07.26 13:42:25.141,1.01644,1.01667,1.04,1.50
2012.07.26 13:42:25.256,1.01648,1.01667,2.84,1.50
2012.07.26 13:42:25.681,1.0165,1.01668,1.41,1.50
2012.07.26 13:42:27.277,1.01648,1.01668,2.84,1.50
2012.07.26 13:42:28.033,1.01644,1.01668,2.16,1.50
2012.07.26 13:42:28.669,1.01644,1.01668,2.16,1.50
2012.07.26 13:42:29.046,1.01648,1.0167,2.16,1.50
2012.07.26 13:42:29.233,1.01648,1.0167,2.16,1.60
2012.07.26 13:42:29.400,1.01646,1.01668,4.41,1.50
2012.07.26 13:42:29.540,1.01647,1.01671,2.25,1.60
2012.07.26 13:42:29.936,1.01648,1.01671,2.84,1.60
2012.07.26 13:42:30.274,1.01649,1.01673,2.16,1.50
2012.07.26 13:42:30.813,1.01649,1.01671,2.16,1.50
2012.07.26 13:42:31.152,1.01648,1.01669,2.84,1.50
2012.07.26 13:42:31.212,1.01648,1.01669,2.84,1.50
2012.07.26 13:42:31.325,1.01648,1.01669,2.84,1.50
2012.07.26 13:42:31.517,1.0165,1.01671,2.16,1.50
2012.07.26 13:42:32.242,1.0165,1.01672,2.16,1.50
2012.07.26 13:42:32.920,1.0165,1.01672,2.16,1.50
2012.07.26 13:42:33.265,1.01651,1.01675,2.16,1.50
2012.07.26 13:42:33.577,1.01649,1.01673,2.16,1.50
2012.07.26 13:42:33.690,1.01649,1.01673,2.16,1.50
2012.07.26 13:42:34.824,1.01649,1.01673,1.50,1.60
2012.07.26 13:42:35.157,1.01645,1.01667,1.50,1.60
2012.07.26 13:42:35.472,1.01645,1.01667,2.25,1.60
2012.07.26 13:42:36.293,1.01643,1.01666,1.41,1.60
2012.07.26 13:42:36.861,1.01647,1.0167,2.91,1.50
2012.07.26 13:42:37.247,1.01647,1.01668,2.16,1.50
2012.07.26 13:42:37.577,1.01644,1.01664,1.88,1.60
2012.07.26 13:42:37.756,1.01645,1.01669,2.16,1.60
2012.07.26 13:42:37.871,1.01648,1.0167,1.50,1.60
2012.07.26 13:42:38.217,1.0165,1.01672,1.50,1.60
2012.07.26 13:42:38.331,1.0165,1.01672,1.50,1.60
2012.07.26 13:42:38.844,1.0165,1.01672,1.50,1.60
2012.07.26 13:42:39.013,1.0165,1.01672,1.50,1.60
2012.07.26 13:42:39.366,1.01646,1.0167,2.25,1.60
2012.07.26 13:42:39.805,1.01649,1.01671,1.50,1.60
2012.07.26 13:42:40.988,1.01646,1.0167,2.25,1.60
2012.07.26 13:42:41.593,1.01646,1.0167,2.91,1.50
2012.07.26 13:42:41.815,1.01649,1.01673,1.50,1.60
2012.07.26 13:42:43.571,1.01649,1.01673,1.50,1.60
2012.07.26 13:42:43.761,1.01646,1.0167,2.25,1.60
2012.07.26 13:42:43.875,1.01649,1.01671,1.50,1.60
2012.07.26 13:42:44.082,1.01646,1.01668,2.25,1.60
2012.07.26 13:42:45.774,1.01648,1.01671,1.04,1.60
2012.07.26 13:42:47.653,1.01649,1.01673,1.50,1.60
2012.07.26 13:42:48.012,1.01647,1.01671,3.75,1.60
2012.07.26 13:42:48.835,1.01647,1.01671,2.25,1.60
2012.07.26 13:42:50.551,1.01644,1.01666,2.25,1.50
2012.07.26 13:42:50.698,1.01644,1.01666,1.50,1.60
2012.07.26 13:42:50.813,1.01642,1.01665,2.25,1.60
2012.07.26 13:42:50.927,1.01642,1.01665,2.16,1.50
2012.07.26 13:42:51.386,1.01641,1.01663,2.16,1.50
2012.07.26 13:42:51.741,1.01643,1.01665,1.50,3.00
2012.07.26 13:42:52.699,1.01643,1.01665,2.16,1.50
2012.07.26 13:42:53.057,1.0164,1.01663,2.16,1.50
2012.07.26 13:42:53.226,1.01643,1.01665,2.16,1.50
2012.07.26 13:42:53.539,1.01642,1.01663,1.41,1.50
2012.07.26 13:42:54.522,1.01639,1.01664,2.54,1.50
2012.07.26 13:42:54.799,1.01639,1.01664,2.54,1.50
2012.07.26 13:42:54.913,1.0164,1.01664,1.41,1.60
2012.07.26 13:42:55.296,1.0164,1.01664,2.16,1.50
2012.07.26 13:42:55.358,1.01639,1.01664,3.00,1.60
2012.07.26 13:42:55.418,1.01641,1.01665,1.50,1.60
2012.07.26 13:42:55.479,1.01641,1.01665,2.16,1.60
2012.07.26 13:42:55.608,1.0164,1.01662,1.50,1.60
2012.07.26 13:42:55.927,1.01641,1.01665,2.91,1.60
2012.07.26 13:42:56.040,1.01642,1.01665,1.41,1.50
2012.07.26 13:42:56.263,1.01641,1.01665,2.91,1.60
2012.07.26 13:42:56.377,1.01643,1.01665,1.04,1.60
2012.07.26 13:42:56.708,1.01643,1.01663,1.50,1.50
2012.07.26 13:42:57.421,1.01641,1.01663,1.50,1.60
2012.07.26 13:42:57.485,1.01647,1.01669,4.34,1.50
2012.07.26 13:42:57.787,1.01644,1.01668,2.54,1.50
2012.07.26 13:42:57.902,1.01643,1.01666,1.04,1.50
2012.07.26 13:42:58.264,1.01646,1.01669,2.25,1.60
2012.07.26 13:42:58.378,1.01646,1.01669,2.91,1.60
2012.07.26 13:42:58.547,1.0165,1.01673,1.50,1.60
2012.07.26 13:42:58.770,1.01648,1.0167,1.50,1.60
2012.07.26 13:42:58.830,1.01648,1.0167,1.50,1.60
2012.07.26 13:42:58.999,1.01645,1.01669,2.16,1.50
2012.07.26 13:42:59.328,1.01647,1.01672,1.50,1.60
2012.07.26 13:42:59.676,1.01647,1.01672,1.50,3.77
2012.07.26 13:42:59.737,1.01645,1.0167,3.00,1.60
2012.07.26 13:42:59.797,1.01645,1.0167,3.66,1.60
2012.07.26 13:43:00.335,1.01648,1.01671,1.50,1.60
2012.07.26 13:43:02.239,1.01646,1.0167,2.16,1.60
2012.07.26 13:43:02.302,1.01644,1.01668,1.50,1.60
2012.07.26 13:43:02.634,1.01646,1.01668,1.50,3.10
2012.07.26 13:43:03.152,1.01647,1.01671,1.50,2.57
2012.07.26 13:43:03.213,1.01645,1.01666,1.50,1.50
2012.07.26 13:43:03.273,1.01641,1.01663,2.16,1.50
2012.07.26 13:43:03.552,1.01641,1.01663,1.50,1.60
2012.07.26 13:43:03.667,1.01641,1.01663,1.50,3.10
2012.07.26 13:43:03.835,1.01641,1.01663,2.16,3.00
2012.07.26 13:43:04.442,1.0164,1.01664,2.16,1.60
2012.07.26 13:43:05.108,1.01643,1.01665,1.50,1.50
2012.07.26 13:43:05.168,1.01645,1.0167,1.50,1.60
2012.07.26 13:43:05.337,1.01643,1.01668,1.50,1.60
2012.07.26 13:43:05.671,1.01644,1.01667,1.50,1.60
2012.07.26 13:43:05.927,1.01644,1.01667,2.16,1.50
2012.07.26 13:43:06.095,1.01645,1.01669,2.16,1.50
2012.07.26 13:43:06.534,1.01645,1.01669,1.50,1.60
2012.07.26 13:43:07.144,1.01646,1.01671,1.50,1.60
2012.07.26 13:43:07.278,1.01643,1.01666,2.54,1.50
2012.07.26 13:43:07.805,1.01644,1.01669,1.50,1.60
2012.07.26 13:43:07.865,1.01643,1.01665,2.16,1.50
2012.07.26 13:43:08.196,1.01642,1.01664,1.50,1.60
2012.07.26 13:43:08.265,1.01639,1.01663,1.88,1.60
2012.07.26 13:43:08.379,1.01638,1.0166,1.88,1.50
2012.07.26 13:43:08.548,1.01639,1.01663,2.54,1.50
2012.07.26 13:43:08.633,1.01639,1.01663,1.88,1.60
2012.07.26 13:43:08.966,1.01638,1.0166,3.00,1.60
2012.07.26 13:43:09.562,1.01637,1.01659,1.50,1.60
2012.07.26 13:43:10.069,1.01639,1.01663,1.50,1.60
2012.07.26 13:43:10.657,1.01637,1.01661,2.16,1.60
2012.07.26 13:43:11.529,1.01637,1.01658,1.04,1.50
2012.07.26 13:43:11.590,1.01638,1.0166,1.88,1.50
2012.07.26 13:43:12.396,1.01637,1.01659,1.50,1.50
2012.07.26 13:43:12.614,1.01638,1.01662,1.50,1.60
2012.07.26 13:43:12.945,1.01635,1.01657,3.00,1.60
2012.07.26 13:43:13.058,1.01637,1.0166,2.18,1.60
2012.07.26 13:43:13.563,1.01637,1.01659,1.50,1.50
2012.07.26 13:43:13.732,1.01639,1.01661,1.50,1.50
2012.07.26 13:43:14.245,1.01638,1.01662,2.16,1.60
2012.07.26 13:43:14.721,1.01639,1.01661,3.00,1.60
2012.07.26 13:43:15.106,1.01644,1.01664,1.50,1.60
2012.07.26 13:43:15.166,1.01644,1.01664,1.50,1.60
2012.07.26 13:43:15.335,1.01641,1.01665,2.16,1.60
2012.07.26 13:43:15.450,1.01643,1.01667,1.50,1.60
2012.07.26 13:43:15.761,1.01643,1.01666,1.50,1.60
2012.07.26 13:43:16.083,1.01639,1.01663,1.50,1.60
2012.07.26 13:43:16.626,1.0164,1.01662,1.50,1.60
2012.07.26 13:43:16.849,1.01642,1.01664,1.50,1.60
2012.07.26 13:43:17.151,1.01644,1.01669,1.50,2.20
2012.07.26 13:43:17.328,1.01644,1.01668,1.50,1.60
2012.07.26 13:43:17.573,1.01647,1.01669,1.50,1.60
2012.07.26 13:43:17.639,1.01644,1.01666,1.88,1.60
2012.07.26 13:43:17.808,1.01641,1.01665,1.88,1.60
2012.07.26 13:43:18.063,1.01641,1.01665,1.50,1.60
2012.07.26 13:43:18.448,1.01647,1.01671,1.50,1.97
2012.07.26 13:43:18.562,1.01647,1.01671,3.75,1.97
2012.07.26 13:43:18.794,1.01651,1.01673,1.50,1.22
2012.07.26 13:43:18.878,1.01651,1.01673,1.50,1.22
2012.07.26 13:43:18.991,1.01648,1.01672,1.50,1.97
2012.07.26 13:43:19.144,1.01648,1.01672,2.16,1.97
2012.07.26 13:43:19.345,1.01648,1.01672,1.50,1.60
2012.07.26 13:43:21.058,1.01647,1.01669,1.50,1.60
2012.07.26 13:43:21.581,1.01647,1.01669,2.16,1.60
2012.07.26 13:43:22.838,1.01644,1.01666,2.54,1.50
2012.07.26 13:43:23.225,1.01648,1.01668,1.50,1.50
2012.07.26 13:43:23.638,1.01648,1.0167,1.50,1.60
2012.07.26 13:43:23.753,1.01648,1.0167,2.16,1.50
2012.07.26 13:43:23.867,1.01646,1.01668,3.66,1.50
2012.07.26 13:43:24.267,1.01646,1.01668,1.50,1.60
2012.07.26 13:43:24.382,1.01644,1.01669,1.50,1.60
2012.07.26 13:43:24.496,1.01647,1.0167,1.50,3.10
2012.07.26 13:43:24.720,1.01646,1.01667,1.41,1.50
2012.07.26 13:43:24.780,1.01643,1.01665,1.04,1.50
2012.07.26 13:43:25.057,1.01642,1.01665,1.50,1.60
2012.07.26 13:43:25.696,1.01643,1.01667,1.50,1.60
2012.07.26 13:43:26.179,1.01643,1.01668,2.16,1.50
2012.07.26 13:43:26.511,1.01647,1.01671,1.50,1.97
2012.07.26 13:43:26.833,1.01647,1.01671,1.50,1.97
2012.07.26 13:43:27.640,1.01648,1.0167,1.50,1.60
2012.07.26 13:43:27.703,1.01646,1.01669,3.00,1.50
2012.07.26 13:43:28.269,1.01643,1.01668,2.16,1.50
2012.07.26 13:43:28.587,1.01642,1.01666,1.41,1.50
2012.07.26 13:43:28.809,1.01646,1.01668,2.16,1.50
2012.07.26 13:43:29.026,1.01643,1.01667,2.16,1.50
2012.07.26 13:43:29.166,1.01643,1.01667,3.66,1.50
2012.07.26 13:43:29.279,1.01647,1.01671,1.50,1.60
2012.07.26 13:43:29.338,1.01645,1.01665,2.16,1.50
2012.07.26 13:43:29.779,1.0165,1.01672,1.50,3.77
2012.07.26 13:43:29.893,1.0165,1.01672,1.50,1.60
2012.07.26 13:43:30.412,1.01648,1.01671,1.50,1.60
2012.07.26 13:43:31.332,1.01648,1.01671,1.50,1.60
2012.07.26 13:43:31.447,1.01646,1.01668,1.50,1.60
2012.07.26 13:43:31.677,1.01646,1.01668,1.50,1.60
2012.07.26 13:43:31.791,1.01643,1.01663,1.50,1.50
2012.07.26 13:43:31.851,1.01641,1.01663,2.16,1.50
2012.07.26 13:43:31.911,1.01641,1.01663,2.91,1.50
2012.07.26 13:43:32.024,1.01642,1.01665,2.16,1.50
2012.07.26 13:43:32.247,1.0164,1.01664,2.16,1.50
2012.07.26 13:43:33.265,1.01643,1.01667,1.50,1.60
2012.07.26 13:43:33.668,1.01644,1.01667,1.04,1.50
2012.07.26 13:43:34.124,1.01646,1.01668,2.16,1.60
2012.07.26 13:43:34.291,1.01644,1.01666,1.04,1.50
2012.07.26 13:43:34.623,1.01642,1.01666,1.50,1.60
2012.07.26 13:43:34.792,1.01643,1.01665,1.04,1.50
2012.07.26 13:43:35.294,1.01644,1.01666,1.50,1.50
2012.07.26 13:43:35.582,1.01645,1.01669,2.16,3.10
2012.07.26 13:43:36.100,1.01645,1.01669,2.16,1.60
2012.07.26 13:43:36.658,1.01645,1.01669,1.50,1.60
2012.07.26 13:43:36.972,1.01639,1.01661,2.54,1.50
2012.07.26 13:43:37.248,1.01638,1.01662,2.16,1.60
2012.07.26 13:43:38.005,1.01642,1.01664,1.50,1.60
2012.07.26 13:43:38.844,1.01642,1.01664,1.50,1.60
2012.07.26 13:43:39.265,1.01645,1.01669,1.50,2.20
2012.07.26 13:43:39.324,1.01645,1.01669,1.50,2.20
2012.07.26 13:43:39.384,1.01645,1.01669,1.50,2.20
2012.07.26 13:43:39.608,1.01642,1.01667,1.50,1.60
2012.07.26 13:43:39.668,1.01642,1.01667,2.91,1.50
2012.07.26 13:43:39.974,1.01647,1.0167,1.50,1.60
2012.07.26 13:43:40.546,1.01648,1.01673,1.50,1.60
2012.07.26 13:43:40.659,1.01646,1.01668,1.50,1.60
2012.07.26 13:43:40.929,1.01642,1.01667,2.91,1.50
2012.07.26 13:43:41.621,1.01645,1.01668,1.50,1.50
2012.07.26 13:43:41.999,1.01644,1.01667,1.41,1.50
2012.07.26 13:43:42.406,1.01643,1.01667,2.25,1.60
2012.07.26 13:43:42.629,1.01641,1.01663,3.00,1.60
2012.07.26 13:43:42.995,1.01644,1.01666,1.50,1.60
2012.07.26 13:43:43.111,1.01642,1.01664,1.50,1.50
2012.07.26 13:43:43.389,1.01642,1.01664,2.10,1.50
2012.07.26 13:43:43.736,1.01647,1.01672,1.50,1.97
2012.07.26 13:43:43.995,1.01645,1.01669,2.16,1.60
2012.07.26 13:43:44.110,1.01645,1.01669,1.50,2.20
2012.07.26 13:43:44.444,1.01642,1.01664,1.50,1.50
2012.07.26 13:43:44.721,1.01645,1.01669,1.50,1.60
2012.07.26 13:43:45.045,1.01649,1.01671,1.04,1.50
2012.07.26 13:43:45.159,1.01653,1.01673,1.50,1.60
2012.07.26 13:43:45.272,1.01647,1.01671,1.50,1.60
2012.07.26 13:43:45.386,1.01645,1.01669,2.16,1.60
2012.07.26 13:43:45.778,1.01648,1.0167,1.50,1.60
2012.07.26 13:43:46.110,1.01646,1.01668,3.00,1.60
2012.07.26 13:43:46.750,1.01645,1.01669,2.91,1.60
2012.07.26 13:43:47.026,1.01645,1.01668,2.16,1.60
2012.07.26 13:43:47.237,1.01645,1.01668,1.50,1.60
2012.07.26 13:43:47.637,1.01642,1.01664,3.66,1.50
2012.07.26 13:43:47.697,1.01642,1.01664,2.16,1.50
2012.07.26 13:43:48.216,1.01645,1.01668,2.16,1.50
2012.07.26 13:43:48.278,1.01647,1.0167,4.34,1.60
2012.07.26 13:43:48.887,1.01647,1.0167,1.50,1.60
2012.07.26 13:43:49.055,1.01644,1.01669,2.54,1.50
2012.07.26 13:43:49.114,1.01644,1.01669,1.88,1.60
2012.07.26 13:43:49.456,1.01642,1.01667,2.25,1.60
2012.07.26 13:43:49.571,1.01644,1.01666,1.50,1.60
2012.07.26 13:43:50.094,1.01642,1.01664,1.50,1.50
2012.07.26 13:43:50.379,1.01639,1.01662,2.16,1.50
2012.07.26 13:43:50.532,1.0164,1.01664,2.16,1.50
2012.07.26 13:43:51.100,1.01643,1.01665,1.50,1.50
2012.07.26 13:43:51.432,1.01643,1.01665,1.50,1.60
2012.07.26 13:43:51.677,1.0164,1.01663,2.16,1.50
2012.07.26 13:43:51.869,1.01641,1.01666,2.16,1.60
2012.07.26 13:43:51.983,1.01641,1.01661,1.41,1.50
2012.07.26 13:43:52.207,1.01641,1.01663,1.41,1.50
2012.07.26 13:43:53.451,1.0164,1.01663,2.16,1.50
2012.07.26 13:43:53.782,1.01638,1.01662,1.04,1.60
2012.07.26 13:43:54.153,1.01638,1.0166,1.04,1.50
2012.07.26 13:43:54.490,1.01636,1.0166,2.25,1.60
2012.07.26 13:43:54.549,1.01637,1.0166,1.41,1.50
2012.07.26 13:43:54.663,1.01637,1.01659,1.50,1.60
2012.07.26 13:43:55.083,1.01637,1.01659,2.16,1.50
2012.07.26 13:43:55.933,1.01637,1.01659,2.25,1.60
2012.07.26 13:43:56.748,1.01634,1.01658,2.16,1.60
2012.07.26 13:43:57.751,1.01635,1.01658,1.41,1.60
2012.07.26 13:43:58.793,1.01634,1.01658,2.91,1.60
2012.07.26 13:44:00.058,1.01637,1.01659,1.50,1.60
2012.07.26 13:44:01.247,1.01634,1.01658,2.16,1.60
2012.07.26 13:44:01.489,1.01635,1.0166,2.25,3.10
2012.07.26 13:44:02.767,1.01638,1.01662,2.16,1.97
2012.07.26 13:44:04.427,1.01636,1.0166,1.41,1.50
2012.07.26 13:44:04.649,1.01638,1.01661,1.50,1.97
2012.07.26 13:44:04.976,1.01638,1.01661,2.16,1.50
2012.07.26 13:44:05.036,1.01637,1.01658,1.41,1.50
2012.07.26 13:44:07.722,1.01635,1.01658,2.16,1.60
2012.07.26 13:44:08.853,1.01634,1.01655,1.04,1.50
2012.07.26 13:44:09.547,1.01634,1.01657,1.04,1.60
2012.07.26 13:44:11.419,1.01636,1.01658,1.41,1.60
2012.07.26 13:44:12.278,1.01637,1.01661,1.50,1.60
2012.07.26 13:44:12.392,1.01634,1.01656,2.16,1.50
2012.07.26 13:44:13.101,1.01634,1.01659,2.16,1.60
2012.07.26 13:44:13.406,1.01634,1.01659,2.91,1.60
2012.07.26 13:44:14.713,1.01634,1.01659,2.16,1.60
2012.07.26 13:44:15.440,1.01634,1.01659,2.16,1.50
2012.07.26 13:44:15.609,1.01639,1.01662,2.16,1.60
2012.07.26 13:44:15.788,1.01639,1.01662,2.16,1.50
2012.07.26 13:44:16.300,1.0164,1.01665,2.16,1.50
2012.07.26 13:44:16.416,1.01639,1.01663,2.16,1.50
2012.07.26 13:44:17.004,1.0164,1.01662,2.16,1.50
2012.07.26 13:44:17.997,1.01641,1.01664,2.16,1.50
2012.07.26 13:44:18.439,1.0164,1.01662,2.16,1.50
2012.07.26 13:44:18.955,1.0164,1.01662,2.16,1.50
2012.07.26 13:44:19.131,1.01641,1.01664,2.16,1.50
2012.07.26 13:44:19.350,1.0164,1.01662,2.16,1.50
2012.07.26 13:44:19.895,1.01638,1.01661,2.16,1.60
2012.07.26 13:44:20.066,1.01638,1.01661,4.34,1.50
2012.07.26 13:44:20.180,1.0164,1.01665,2.16,2.20
2012.07.26 13:44:20.294,1.0164,1.01665,1.50,2.20
2012.07.26 13:44:20.628,1.01636,1.0166,2.16,1.60
2012.07.26 13:44:20.920,1.01636,1.0166,1.50,1.60
2012.07.26 13:44:21.219,1.01636,1.0166,2.16,1.60
2012.07.26 13:44:21.386,1.01638,1.0166,1.50,1.60
2012.07.26 13:44:21.915,1.01641,1.01663,1.50,1.60
2012.07.26 13:44:21.976,1.01638,1.01662,1.50,1.60
2012.07.26 13:44:22.524,1.01634,1.01659,2.16,1.50
2012.07.26 13:44:23.279,1.01634,1.01659,2.16,1.50
2012.07.26 13:44:24.318,1.01637,1.0166,1.50,1.60
2012.07.26 13:44:24.847,1.0164,1.01663,1.50,1.60
2012.07.26 13:44:24.968,1.01637,1.01662,1.50,1.60
2012.07.26 13:44:25.534,1.01635,1.01658,2.16,1.50
2012.07.26 13:44:25.998,1.01638,1.01658,2.18,1.50
2012.07.26 13:44:26.331,1.01644,1.01666,1.50,1.60
2012.07.26 13:44:26.669,1.01645,1.01669,1.50,1.60
2012.07.26 13:44:27.214,1.01645,1.01669,2.16,1.60
2012.07.26 13:44:28.901,1.01647,1.01671,2.16,1.60
2012.07.26 13:44:31.339,1.01647,1.01671,2.16,1.50
2012.07.26 13:44:31.976,1.0165,1.01672,2.16,1.50
2012.07.26 13:44:32.668,1.0165,1.01672,2.16,1.50
2012.07.26 13:44:32.781,1.0165,1.01672,2.16,1.50
2012.07.26 13:44:33.339,1.0165,1.01672,2.16,1.50
2012.07.26 13:44:33.455,1.01644,1.01666,2.16,1.50
2012.07.26 13:44:33.515,1.01644,1.01666,2.16,1.50
2012.07.26 13:44:33.575,1.01644,1.01669,2.16,3.10
2012.07.26 13:44:34.193,1.01644,1.01667,2.16,1.60
2012.07.26 13:44:37.068,1.01644,1.01666,2.54,1.50
2012.07.26 13:44:37.400,1.01643,1.01667,1.88,1.60
2012.07.26 13:44:37.459,1.01647,1.01667,2.18,1.60
2012.07.26 13:44:37.955,1.01646,1.01668,2.16,1.50
2012.07.26 13:44:38.290,1.01646,1.01668,2.16,1.50
2012.07.26 13:44:38.795,1.01646,1.01668,2.16,1.50
2012.07.26 13:44:41.045,1.01644,1.01664,1.04,1.50
2012.07.26 13:44:41.215,1.0164,1.01664,1.41,1.50
2012.07.26 13:44:41.672,1.01642,1.01666,2.16,3.00
2012.07.26 13:44:41.895,1.01644,1.01666,1.50,1.60
2012.07.26 13:44:42.230,1.01644,1.01666,1.50,1.60
2012.07.26 13:44:42.343,1.01644,1.01666,1.50,1.60
2012.07.26 13:44:42.403,1.01642,1.01664,3.66,1.50
2012.07.26 13:44:42.682,1.01637,1.01662,2.54,1.60
2012.07.26 13:44:42.958,1.01641,1.01663,1.50,3.10
2012.07.26 13:44:44.246,1.01639,1.01661,1.50,1.60
2012.07.26 13:44:45.033,1.0164,1.01664,1.50,1.60
2012.07.26 13:44:45.654,1.01639,1.01661,1.50,1.60
2012.07.26 13:44:46.164,1.01639,1.01661,1.50,1.60
2012.07.26 13:44:46.331,1.01639,1.01661,1.50,1.60
2012.07.26 13:44:46.391,1.01637,1.01659,1.50,1.60
2012.07.26 13:44:46.451,1.01637,1.01659,2.16,1.50
2012.07.26 13:44:46.620,1.01636,1.01656,1.41,1.50
2012.07.26 13:44:46.735,1.01637,1.01659,2.84,1.50
2012.07.26 13:44:47.294,1.01636,1.01658,2.16,1.50
2012.07.26 13:44:47.834,1.01636,1.01658,2.16,1.50
2012.07.26 13:44:48.475,1.01637,1.01659,2.16,1.50
2012.07.26 13:44:48.699,1.01639,1.01661,2.16,1.50
2012.07.26 13:44:50.171,1.0164,1.01663,2.16,1.50
2012.07.26 13:44:50.724,1.01638,1.01662,2.16,1.60
2012.07.26 13:44:51.113,1.01641,1.01666,2.25,3.10
2012.07.26 13:44:51.705,1.01639,1.01661,2.16,1.50
2012.07.26 13:44:51.935,1.01639,1.01661,1.50,1.60
2012.07.26 13:44:52.532,1.01639,1.01661,2.16,1.60
2012.07.26 13:44:52.756,1.01641,1.01665,1.50,1.60
2012.07.26 13:44:52.979,1.01643,1.01665,2.16,1.50
2012.07.26 13:44:53.039,1.01641,1.01663,3.66,1.50
2012.07.26 13:44:53.261,1.01638,1.01659,2.54,1.60
2012.07.26 13:44:53.915,1.01638,1.01662,2.16,1.60
2012.07.26 13:44:54.458,1.01638,1.01662,4.71,1.60
2012.07.26 13:44:54.796,1.01639,1.01662,1.04,1.60
2012.07.26 13:44:55.084,1.01643,1.01664,2.16,1.60
2012.07.26 13:44:55.255,1.0164,1.01662,2.16,1.50
2012.07.26 13:44:55.730,1.01641,1.01665,2.16,1.60
2012.07.26 13:44:56.149,1.01639,1.01661,4.04,1.50
2012.07.26 13:44:56.263,1.0164,1.01664,2.16,3.00
2012.07.26 13:44:56.690,1.01643,1.01666,2.16,1.60
2012.07.26 13:44:56.803,1.01643,1.01666,1.50,1.60
2012.07.26 13:44:58.449,1.01638,1.01662,1.50,1.50
2012.07.26 13:44:58.563,1.01639,1.01664,1.50,3.00
2012.07.26 13:44:59.041,1.0164,1.01662,1.50,1.50
2012.07.26 13:44:59.585,1.01641,1.01666,1.50,1.50
2012.07.26 13:45:00.086,1.01641,1.01664,1.50,1.50
2012.07.26 13:45:00.199,1.01638,1.01662,4.05,1.50
2012.07.26 13:45:00.526,1.01639,1.01664,1.50,1.50
2012.07.26 13:45:00.587,1.01639,1.01664,2.25,1.50
2012.07.26 13:45:01.058,1.01638,1.0166,4.05,1.50
2012.07.26 13:45:01.582,1.01641,1.01663,1.50,3.00
2012.07.26 13:45:03.161,1.01641,1.01663,2.16,1.60
2012.07.26 13:45:05.028,1.01638,1.01662,4.34,1.50
2012.07.26 13:45:05.544,1.01641,1.01663,3.66,1.60
2012.07.26 13:45:06.407,1.01644,1.01666,2.16,1.60
2012.07.26 13:45:06.909,1.01643,1.01665,1.04,1.50
2012.07.26 13:45:07.007,1.01643,1.01665,1.04,1.60
2012.07.26 13:45:07.229,1.01641,1.01665,2.91,1.60
2012.07.26 13:45:07.452,1.01644,1.01667,1.50,1.60
2012.07.26 13:45:07.877,1.01642,1.01666,1.50,1.60
2012.07.26 13:45:08.412,1.01641,1.01663,1.41,1.50
2012.07.26 13:45:09.032,1.01643,1.01667,2.16,1.60
2012.07.26 13:45:09.363,1.0164,1.01664,1.50,1.60
2012.07.26 13:45:09.697,1.01638,1.0166,1.50,1.60
2012.07.26 13:45:09.888,1.01638,1.0166,2.16,1.50
2012.07.26 13:45:10.289,1.01641,1.01663,1.50,1.60
2012.07.26 13:45:10.545,1.01639,1.01663,2.16,1.60
2012.07.26 13:45:10.909,1.01642,1.01664,1.50,1.60
2012.07.26 13:45:11.140,1.0164,1.01662,1.50,1.60
2012.07.26 13:45:11.376,1.01642,1.01664,1.50,1.60
2012.07.26 13:45:11.449,1.01639,1.01663,3.66,1.60
2012.07.26 13:45:11.553,1.01641,1.01665,1.50,1.60
2012.07.26 13:45:12.023,1.01642,1.01665,1.41,1.50
2012.07.26 13:45:12.148,1.01645,1.01667,1.50,1.60
2012.07.26 13:45:15.899,1.01643,1.01665,3.66,1.50
2012.07.26 13:45:15.959,1.01643,1.01665,2.16,3.00
2012.07.26 13:45:16.546,1.01643,1.01667,2.16,1.60
2012.07.26 13:45:16.966,1.01646,1.01668,1.50,1.60
2012.07.26 13:45:17.174,1.01644,1.01665,1.50,1.50
2012.07.26 13:45:17.288,1.01648,1.0167,1.50,1.60
2012.07.26 13:45:17.422,1.01646,1.01668,1.50,1.60
2012.07.26 13:45:17.942,1.01644,1.01667,2.16,1.60
2012.07.26 13:45:18.563,1.01646,1.01668,1.50,3.10
2012.07.26 13:45:18.716,1.01644,1.01666,1.50,1.60
2012.07.26 13:45:19.313,1.01642,1.01665,1.50,1.50
2012.07.26 13:45:19.426,1.0164,1.01662,1.50,1.50
2012.07.26 13:45:19.877,1.01638,1.0166,2.54,1.50
2012.07.26 13:45:19.940,1.01639,1.01663,1.88,1.50
2012.07.26 13:45:20.261,1.01641,1.01665,2.16,3.00
2012.07.26 13:45:20.594,1.0164,1.01662,4.26,1.50
2012.07.26 13:45:20.925,1.01642,1.01664,1.50,1.50
2012.07.26 13:45:20.984,1.01642,1.01666,1.50,1.60
2012.07.26 13:45:21.698,1.01643,1.01666,1.26,1.50
2012.07.26 13:45:21.888,1.01647,1.01669,1.50,1.50
2012.07.26 13:45:22.518,1.01644,1.01668,2.16,1.50
2012.07.26 13:45:22.755,1.01646,1.0167,1.50,1.50
2012.07.26 13:45:22.870,1.01644,1.01668,2.16,1.50
2012.07.26 13:45:23.093,1.01646,1.0167,2.16,1.50
2012.07.26 13:45:23.207,1.01646,1.0167,1.50,1.60
2012.07.26 13:45:23.720,1.01645,1.01667,1.50,1.50
2012.07.26 13:45:23.949,1.01645,1.0167,1.50,1.60
2012.07.26 13:45:24.065,1.01647,1.01672,1.50,1.97
2012.07.26 13:45:24.476,1.01647,1.01672,5.03,1.97
2012.07.26 13:45:24.545,1.01649,1.01672,1.26,1.50
2012.07.26 13:45:24.878,1.01655,1.01677,1.50,1.97
2012.07.26 13:45:24.992,1.01655,1.0168,2.16,3.00
2012.07.26 13:45:25.051,1.01655,1.0168,1.50,3.10
2012.07.26 13:45:25.399,1.0165,1.01674,2.16,1.50
2012.07.26 13:45:26.412,1.01651,1.01675,2.25,1.60
2012.07.26 13:45:26.767,1.01659,1.01681,1.50,1.50
2012.07.26 13:45:27.098,1.01658,1.01679,2.84,3.00
2012.07.26 13:45:27.646,1.01658,1.01678,2.84,1.50
2012.07.26 13:45:28.217,1.01658,1.0168,2.84,3.00
2012.07.26 13:45:28.951,1.01658,1.0168,2.84,1.50
2012.07.26 13:45:29.947,1.01658,1.01681,4.34,1.50
2012.07.26 13:45:30.334,1.01658,1.01677,2.84,1.50
2012.07.26 13:45:30.499,1.01658,1.01677,2.84,1.50
2012.07.26 13:45:30.665,1.01658,1.01679,2.84,1.50
2012.07.26 13:45:31.055,1.01659,1.01681,1.50,1.50
2012.07.26 13:45:31.285,1.01658,1.01682,2.84,1.50
2012.07.26 13:45:31.459,1.01658,1.0168,2.84,1.50
2012.07.26 13:45:31.681,1.01656,1.0168,2.16,1.60
2012.07.26 13:45:31.795,1.01655,1.01676,2.16,1.50
2012.07.26 13:45:32.181,1.01653,1.01678,2.16,1.60
2012.07.26 13:45:32.722,1.01655,1.0168,2.16,3.00
2012.07.26 13:45:33.063,1.01653,1.01678,2.54,1.50
2012.07.26 13:45:33.122,1.01655,1.0168,2.16,3.00
2012.07.26 13:45:34.701,1.01654,1.01677,4.04,1.50
2012.07.26 13:45:34.818,1.01654,1.01677,1.88,1.50
2012.07.26 13:45:35.327,1.01654,1.01678,1.88,1.60
2012.07.26 13:45:35.388,1.01656,1.0168,1.50,1.60
2012.07.26 13:45:35.502,1.01654,1.01679,1.88,1.60
2012.07.26 13:45:36.286,1.01655,1.01679,1.50,1.60
2012.07.26 13:45:36.346,1.01657,1.01679,1.50,1.60
2012.07.26 13:45:36.936,1.01656,1.0168,1.50,1.60
2012.07.26 13:45:37.451,1.01655,1.01678,3.66,1.50
2012.07.26 13:45:37.510,1.01656,1.01681,2.16,1.50
2012.07.26 13:45:38.322,1.01655,1.01679,2.16,1.50
2012.07.26 13:45:38.943,1.01654,1.01679,2.16,1.50
2012.07.26 13:45:39.261,1.01652,1.01675,1.41,1.50
2012.07.26 13:45:39.594,1.01649,1.01672,2.16,1.50
2012.07.26 13:45:39.762,1.0165,1.01674,2.16,1.50
2012.07.26 13:45:39.986,1.01649,1.0167,2.54,1.50
2012.07.26 13:45:40.100,1.01648,1.01673,2.54,1.50
2012.07.26 13:45:40.323,1.01648,1.01671,1.04,1.50
2012.07.26 13:45:41.005,1.01648,1.01671,1.04,1.50
2012.07.26 13:45:41.229,1.01651,1.01673,1.50,1.50
2012.07.26 13:45:41.343,1.01652,1.01676,1.50,3.10
2012.07.26 13:45:41.518,1.0165,1.01674,3.66,1.50
2012.07.26 13:45:42.129,1.01652,1.01676,1.50,3.10
2012.07.26 13:45:42.778,1.01658,1.01678,1.50,1.60
2012.07.26 13:45:42.891,1.01653,1.01677,1.50,1.60
2012.07.26 13:45:42.952,1.01655,1.01677,1.50,1.60
2012.07.26 13:45:43.066,1.01653,1.01677,1.50,1.60
2012.07.26 13:45:43.636,1.01652,1.01674,1.50,1.50
2012.07.26 13:45:43.696,1.01651,1.01675,1.50,1.60
2012.07.26 13:45:43.811,1.01651,1.01675,1.88,1.60
2012.07.26 13:45:44.041,1.01655,1.01677,1.50,1.60
2012.07.26 13:45:44.161,1.01655,1.01677,1.50,1.60
2012.07.26 13:45:44.277,1.01649,1.01673,1.50,1.50
2012.07.26 13:45:44.337,1.01649,1.01673,1.50,1.60
2012.07.26 13:45:44.723,1.01649,1.01673,2.54,1.50
2012.07.26 13:45:44.837,1.01649,1.01669,1.04,1.50
2012.07.26 13:45:45.280,1.01647,1.01669,1.50,1.50
2012.07.26 13:45:45.582,1.01645,1.01667,1.50,1.50
2012.07.26 13:45:45.977,1.0165,1.01672,1.50,1.50
2012.07.26 13:45:46.828,1.01648,1.0167,3.66,1.50
2012.07.26 13:45:46.943,1.01649,1.01672,2.16,1.50
2012.07.26 13:45:47.617,1.01649,1.01673,2.16,1.50
2012.07.26 13:45:47.769,1.01649,1.01673,1.50,1.60
2012.07.26 13:45:48.323,1.01647,1.01671,4.05,1.60
2012.07.26 13:45:48.545,1.01644,1.01668,2.54,1.50
2012.07.26 13:45:48.614,1.01644,1.01668,3.29,1.50
2012.07.26 13:45:48.944,1.01652,1.01677,1.50,1.60
2012.07.26 13:45:49.311,1.01648,1.01673,1.50,1.60
2012.07.26 13:45:49.371,1.0165,1.01673,1.50,1.60
2012.07.26 13:45:49.715,1.01656,1.01678,1.50,1.60
2012.07.26 13:45:49.991,1.01656,1.01678,1.50,1.60
2012.07.26 13:45:50.259,1.01654,1.01676,3.00,1.50
2012.07.26 13:45:51.530,1.01654,1.01676,2.16,1.50
2012.07.26 13:45:51.590,1.01655,1.01679,2.16,1.50
2012.07.26 13:45:52.122,1.01655,1.01679,2.16,1.50
2012.07.26 13:45:52.182,1.01653,1.01677,2.54,1.50
2012.07.26 13:45:52.712,1.01656,1.01678,2.16,1.50
2012.07.26 13:45:53.048,1.01654,1.01676,2.16,1.50
2012.07.26 13:45:53.217,1.01654,1.01676,1.50,1.50
2012.07.26 13:45:53.333,1.01652,1.01676,2.16,1.50
2012.07.26 13:45:53.853,1.01652,1.01676,1.50,1.60
2012.07.26 13:45:53.946,1.0165,1.01673,1.50,1.50
2012.07.26 13:45:54.250,1.01649,1.01673,2.16,1.50
2012.07.26 13:45:54.417,1.01655,1.01677,1.50,3.00
2012.07.26 13:45:55.043,1.01652,1.01676,3.66,1.50
2012.07.26 13:45:55.321,1.01654,1.01676,1.50,1.50
2012.07.26 13:45:55.746,1.01652,1.01674,1.50,1.50
2012.07.26 13:45:55.860,1.01649,1.01673,2.16,3.00
2012.07.26 13:45:55.920,1.01648,1.0167,2.54,1.50
2012.07.26 13:45:56.406,1.01648,1.0167,2.16,1.50
2012.07.26 13:45:56.750,1.01651,1.01673,1.26,1.60
2012.07.26 13:45:57.420,1.0165,1.01674,2.16,1.60
2012.07.26 13:45:57.778,1.01649,1.01673,2.16,1.60
2012.07.26 13:45:58.393,1.01649,1.01673,2.16,1.50
2012.07.26 13:45:58.795,1.0165,1.01672,2.16,1.50
2012.07.26 13:45:59.577,1.0165,1.01672,2.16,1.60
2012.07.26 13:45:59.752,1.01653,1.01674,1.50,1.60
2012.07.26 13:46:00.251,1.01653,1.01675,2.16,1.60
2012.07.26 13:46:00.757,1.01655,1.01677,1.50,1.60
2012.07.26 13:46:00.924,1.01652,1.01676,1.50,1.60
2012.07.26 13:46:01.516,1.0165,1.01674,2.16,3.10
2012.07.26 13:46:03.834,1.01649,1.0167,2.16,1.50
2012.07.26 13:46:04.344,1.01648,1.0167,1.50,1.60
2012.07.26 13:46:04.608,1.01645,1.01669,3.66,1.60
2012.07.26 13:46:04.722,1.01643,1.01667,2.16,1.50
2012.07.26 13:46:05.174,1.01643,1.01667,2.16,1.50
2012.07.26 13:46:05.473,1.01647,1.01669,2.16,1.60
2012.07.26 13:46:05.826,1.01647,1.01669,1.50,1.60
2012.07.26 13:46:06.530,1.01644,1.01668,2.16,1.50
2012.07.26 13:46:07.075,1.01645,1.01667,2.16,1.50
2012.07.26 13:46:07.189,1.01649,1.01671,1.50,1.60
2012.07.26 13:46:07.497,1.01647,1.01669,1.50,1.60
2012.07.26 13:46:07.967,1.01647,1.01672,2.16,1.88
2012.07.26 13:46:08.298,1.01647,1.01672,4.94,1.50
2012.07.26 13:46:08.523,1.0165,1.01673,2.16,1.50
2012.07.26 13:46:08.885,1.01648,1.01671,2.16,1.50
2012.07.26 13:46:09.395,1.01648,1.01671,2.16,1.50
2012.07.26 13:46:10.751,1.01645,1.0167,2.16,1.50
2012.07.26 13:46:11.048,1.01648,1.01673,2.16,1.50
2012.07.26 13:46:11.499,1.01651,1.01675,2.16,1.60
2012.07.26 13:46:11.710,1.01651,1.01675,2.16,1.50
2012.07.26 13:46:12.018,1.0165,1.01673,2.16,1.50
2012.07.26 13:46:14.200,1.01648,1.01672,4.34,1.50
2012.07.26 13:46:14.259,1.01648,1.01672,4.34,1.50
2012.07.26 13:46:14.320,1.01648,1.0167,2.84,1.50
2012.07.26 13:46:14.379,1.01648,1.0167,2.84,1.60
2012.07.26 13:46:14.439,1.01644,1.01666,2.54,1.50
2012.07.26 13:46:14.939,1.01645,1.01668,2.16,1.50
2012.07.26 13:46:15.104,1.01646,1.0167,2.16,1.60
2012.07.26 13:46:15.397,1.01645,1.01668,3.66,1.50
2012.07.26 13:46:15.686,1.01643,1.01667,2.16,1.60
2012.07.26 13:46:15.746,1.01641,1.01663,1.41,1.50
2012.07.26 13:46:16.077,1.01643,1.01666,2.16,1.50
2012.07.26 13:46:16.681,1.01646,1.01669,2.16,1.50
2012.07.26 13:46:17.060,1.01645,1.01667,3.66,1.50
2012.07.26 13:46:17.282,1.01647,1.01669,2.16,3.00
2012.07.26 13:46:17.455,1.01647,1.01665,2.16,1.50
2012.07.26 13:46:17.931,1.01641,1.01664,2.16,1.50
2012.07.26 13:46:17.991,1.01642,1.01662,2.16,2.18
2012.07.26 13:46:18.267,1.01642,1.01666,1.50,1.60
2012.07.26 13:46:18.436,1.0164,1.01662,1.50,3.77
2012.07.26 13:46:18.775,1.01639,1.01663,2.16,1.50
2012.07.26 13:46:19.086,1.01639,1.01663,2.16,3.77
2012.07.26 13:46:19.363,1.01644,1.01668,2.16,1.60
2012.07.26 13:46:19.477,1.01644,1.01668,2.16,1.60
2012.07.26 13:46:19.796,1.01644,1.01668,1.50,1.60
2012.07.26 13:46:20.342,1.01642,1.01666,2.16,1.60
2012.07.26 13:46:21.475,1.01642,1.01666,1.50,1.60
2012.07.26 13:46:21.786,1.01642,1.01666,1.50,1.60
2012.07.26 13:46:22.126,1.0164,1.01664,3.00,1.60
2012.07.26 13:46:22.518,1.01642,1.01665,1.50,1.60
2012.07.26 13:46:23.081,1.01642,1.01666,2.25,1.60
2012.07.26 13:46:23.386,1.01645,1.01667,1.50,1.60
2012.07.26 13:46:23.663,1.01645,1.01669,1.50,1.60
2012.07.26 13:46:23.723,1.01642,1.01666,2.16,1.60
2012.07.26 13:46:23.890,1.01641,1.01663,2.16,1.50
2012.07.26 13:46:24.431,1.01645,1.01669,2.16,1.97
2012.07.26 13:46:27.319,1.0164,1.01664,2.16,1.50
2012.07.26 13:46:27.622,1.01638,1.01662,2.16,1.50
2012.07.26 13:46:28.048,1.01642,1.01666,2.16,1.60
2012.07.26 13:46:28.504,1.01641,1.01663,2.16,1.50
2012.07.26 13:46:28.620,1.01641,1.01663,2.16,1.50
2012.07.26 13:46:28.734,1.01642,1.01666,3.66,1.50
2012.07.26 13:46:28.955,1.01644,1.01668,2.16,1.60
2012.07.26 13:46:29.176,1.01648,1.0167,1.50,1.60
2012.07.26 13:46:29.722,1.01645,1.01667,2.16,1.50
2012.07.26 13:46:30.130,1.01645,1.01667,2.16,1.50
2012.07.26 13:46:30.261,1.01648,1.01669,2.16,1.50
2012.07.26 13:46:30.766,1.01649,1.01673,2.16,1.60
2012.07.26 13:46:30.825,1.01648,1.0167,2.16,1.50
2012.07.26 13:46:31.061,1.0165,1.01672,2.16,1.60
2012.07.26 13:46:31.490,1.01647,1.01669,2.16,1.50
2012.07.26 13:46:31.550,1.01647,1.01669,2.16,1.50
2012.07.26 13:46:32.053,1.01647,1.01669,1.50,1.60
2012.07.26 13:46:32.117,1.01649,1.01671,1.50,1.60
2012.07.26 13:46:32.341,1.01649,1.01672,2.16,1.60
2012.07.26 13:46:32.562,1.01646,1.0167,4.41,1.60
2012.07.26 13:46:33.011,1.01649,1.01673,2.16,1.60
2012.07.26 13:46:33.350,1.01646,1.0167,2.16,1.60
2012.07.26 13:46:34.666,1.01649,1.01671,1.50,1.60
2012.07.26 13:46:35.005,1.01649,1.01671,1.50,1.60
2012.07.26 13:46:35.066,1.01646,1.01667,1.50,1.60
2012.07.26 13:46:35.126,1.01645,1.01667,2.16,1.60
2012.07.26 13:46:35.671,1.01645,1.01667,2.16,1.50
2012.07.26 13:46:35.841,1.0165,1.01674,1.50,1.97
2012.07.26 13:46:36.066,1.01649,1.01672,1.04,1.60
2012.07.26 13:46:36.127,1.01649,1.01672,1.04,1.50
2012.07.26 13:46:36.661,1.01651,1.01673,1.50,1.60
2012.07.26 13:46:37.187,1.0165,1.01672,1.50,1.60
2012.07.26 13:46:37.538,1.01653,1.01675,1.50,1.60
2012.07.26 13:46:37.598,1.01651,1.01673,3.00,1.60
2012.07.26 13:46:37.851,1.01651,1.01673,1.50,1.60
2012.07.26 13:46:38.019,1.01653,1.01677,1.50,2.65
2012.07.26 13:46:38.588,1.01652,1.01674,1.50,1.60
2012.07.26 13:46:38.780,1.0165,1.01672,2.16,1.50
2012.07.26 13:46:39.869,1.01648,1.0167,1.50,1.50
2012.07.26 13:46:40.214,1.01646,1.01668,2.16,1.50
2012.07.26 13:46:40.328,1.01648,1.0167,1.50,1.50
2012.07.26 13:46:40.442,1.01646,1.01668,2.16,1.50
2012.07.26 13:46:40.968,1.01646,1.01668,3.00,1.50
2012.07.26 13:46:41.193,1.01648,1.01672,1.50,3.68
2012.07.26 13:46:41.416,1.01648,1.01672,1.50,1.60
2012.07.26 13:46:41.651,1.01648,1.01672,2.16,1.50
2012.07.26 13:46:42.391,1.0165,1.01672,2.16,1.50
2012.07.26 13:46:42.627,1.01652,1.01674,2.16,1.50
2012.07.26 13:46:43.643,1.01649,1.01673,2.16,1.50
2012.07.26 13:46:44.039,1.01649,1.01671,2.16,1.60
2012.07.26 13:46:44.716,1.01648,1.01671,2.16,1.60
2012.07.26 13:46:47.326,1.01646,1.01668,2.16,1.50
2012.07.26 13:46:48.553,1.01648,1.01672,2.16,1.60
2012.07.26 13:46:48.764,1.01648,1.01672,2.16,1.50
2012.07.26 13:46:48.878,1.01648,1.01672,2.16,1.60
2012.07.26 13:46:49.223,1.01651,1.01673,1.50,2.27
2012.07.26 13:46:49.930,1.01651,1.01674,1.50,1.60
2012.07.26 13:46:50.272,1.01648,1.01671,2.16,1.50
2012.07.26 13:46:52.164,1.01652,1.01674,1.50,1.60
2012.07.26 13:46:52.775,1.01654,1.01676,1.50,1.97
2012.07.26 13:46:55.295,1.01655,1.01676,1.50,1.60
2012.07.26 13:46:55.857,1.01656,1.0168,1.50,1.60
2012.07.26 13:46:55.993,1.01654,1.01676,1.50,1.60
2012.07.26 13:46:57.329,1.01652,1.01675,1.50,1.60
2012.07.26 13:46:57.390,1.0165,1.01673,1.50,1.60
2012.07.26 13:46:57.559,1.0165,1.01673,1.50,3.77
2012.07.26 13:46:57.619,1.01646,1.01671,2.16,1.60
2012.07.26 13:46:57.898,1.01645,1.01667,2.16,1.50
2012.07.26 13:46:58.019,1.01646,1.01669,2.16,1.50
2012.07.26 13:46:58.567,1.01645,1.01668,2.16,1.50
2012.07.26 13:46:59.148,1.01644,1.01669,2.54,1.60
2012.07.26 13:46:59.692,1.01645,1.01668,2.16,1.50
2012.07.26 13:46:59.967,1.01645,1.01668,1.50,1.60
2012.07.26 13:47:00.384,1.01639,1.01663,2.16,1.50
2012.07.26 13:47:00.928,1.01638,1.0166,1.04,1.50
2012.07.26 13:47:00.987,1.01638,1.01662,2.54,1.50
2012.07.26 13:47:01.798,1.01642,1.01666,2.16,1.60
2012.07.26 13:47:02.729,1.01642,1.01666,2.16,1.50
2012.07.26 13:47:03.285,1.01645,1.01669,2.16,1.60
2012.07.26 13:47:03.616,1.01641,1.01663,2.16,1.50
2012.07.26 13:47:04.479,1.01644,1.01666,2.16,1.60
2012.07.26 13:47:08.558,1.01641,1.01665,2.16,1.60
2012.07.26 13:47:09.009,1.01641,1.01665,2.16,1.60
2012.07.26 13:47:09.070,1.01641,1.01665,2.16,1.60
2012.07.26 13:47:09.678,1.01643,1.01667,1.50,3.10
2012.07.26 13:47:11.039,1.01642,1.01664,3.00,1.60
2012.07.26 13:47:11.542,1.01642,1.01664,1.50,1.60
2012.07.26 13:47:12.097,1.01641,1.01663,2.16,1.60
2012.07.26 13:47:12.427,1.01643,1.01667,1.50,1.60
2012.07.26 13:47:13.002,1.01641,1.01664,2.16,1.60
2012.07.26 13:47:13.067,1.01644,1.01666,2.16,3.10
2012.07.26 13:47:13.128,1.01642,1.01664,2.16,1.50
2012.07.26 13:47:14.101,1.0164,1.01662,2.16,1.50
2012.07.26 13:47:15.242,1.01641,1.01663,2.16,1.50
2012.07.26 13:47:15.456,1.01641,1.01663,2.16,1.60
2012.07.26 13:47:16.531,1.01641,1.01662,2.16,1.50
2012.07.26 13:47:16.700,1.01639,1.01661,1.04,1.50
2012.07.26 13:47:17.282,1.01641,1.01661,1.50,1.60
2012.07.26 13:47:17.396,1.01637,1.01659,4.34,1.60
2012.07.26 13:47:19.162,1.0164,1.01662,1.50,1.60
2012.07.26 13:47:19.822,1.01638,1.0166,2.16,1.60
2012.07.26 13:47:20.407,1.01638,1.0166,1.50,3.10
2012.07.26 13:47:20.521,1.01638,1.0166,1.50,3.10
2012.07.26 13:47:20.581,1.01636,1.01656,1.50,1.60
2012.07.26 13:47:20.642,1.01634,1.01656,1.50,1.60
2012.07.26 13:47:21.170,1.01635,1.01659,2.16,1.60
2012.07.26 13:47:21.680,1.01635,1.01659,2.16,1.60
2012.07.26 13:47:23.149,1.01641,1.01665,1.50,1.60
2012.07.26 13:47:23.210,1.01643,1.01665,1.04,1.60
2012.07.26 13:47:23.269,1.01645,1.01665,1.50,1.60
2012.07.26 13:47:23.615,1.01647,1.01669,1.50,3.10
2012.07.26 13:47:23.674,1.01645,1.01667,1.50,1.60
2012.07.26 13:47:23.735,1.01643,1.01664,1.50,1.60
2012.07.26 13:47:23.795,1.01642,1.01664,2.16,1.60
2012.07.26 13:47:24.019,1.01642,1.01664,2.16,1.60
2012.07.26 13:47:24.188,1.01642,1.01664,2.16,1.50
2012.07.26 13:47:24.302,1.01644,1.01666,2.16,1.60
2012.07.26 13:47:24.525,1.01648,1.0167,1.50,1.60
2012.07.26 13:47:24.883,1.0165,1.01672,1.50,1.60
2012.07.26 13:47:25.273,1.01648,1.0167,1.50,1.60
2012.07.26 13:47:25.431,1.01648,1.0167,1.50,1.60
2012.07.26 13:47:25.767,1.0165,1.01672,1.50,1.60
2012.07.26 13:47:26.017,1.0165,1.01672,1.50,1.60
2012.07.26 13:47:26.239,1.01648,1.0167,1.88,1.60
2012.07.26 13:47:26.723,1.01648,1.0167,2.48,1.60
2012.07.26 13:47:26.783,1.01648,1.0167,4.65,1.60
2012.07.26 13:47:26.897,1.01651,1.0167,1.26,1.50
2012.07.26 13:47:27.392,1.01651,1.0167,1.26,1.50
2012.07.26 13:47:27.457,1.01649,1.01671,2.16,1.50
2012.07.26 13:47:27.748,1.01651,1.01673,2.16,1.60
2012.07.26 13:47:27.809,1.01651,1.01676,1.50,1.60
2012.07.26 13:47:28.607,1.01649,1.01671,2.16,1.60
2012.07.26 13:47:29.157,1.01649,1.01671,2.16,1.50
2012.07.26 13:47:29.487,1.01654,1.01676,1.50,1.60
2012.07.26 13:47:29.630,1.01654,1.01676,2.16,1.60
2012.07.26 13:47:30.309,1.01656,1.01678,1.50,3.10
2012.07.26 13:47:30.662,1.01656,1.01678,2.16,1.50
2012.07.26 13:47:31.170,1.01655,1.01679,2.16,1.60
2012.07.26 13:47:31.780,1.01655,1.01679,2.16,1.60
2012.07.26 13:47:32.401,1.01654,1.01676,2.54,1.60
2012.07.26 13:47:32.467,1.01649,1.01673,2.16,1.60
2012.07.26 13:47:33.225,1.01653,1.01675,1.50,3.10
2012.07.26 13:47:33.286,1.01653,1.01675,2.16,1.60
2012.07.26 13:47:33.908,1.01655,1.01677,1.50,1.60
2012.07.26 13:47:34.538,1.01651,1.01675,2.91,1.60
2012.07.26 13:47:35.039,1.01651,1.01675,2.16,1.50
2012.07.26 13:47:35.153,1.0165,1.01673,2.91,1.60
2012.07.26 13:47:35.212,1.0165,1.01671,1.41,1.50
2012.07.26 13:47:35.543,1.01647,1.01671,2.54,1.60
2012.07.26 13:47:35.657,1.01646,1.01668,2.16,1.50
2012.07.26 13:47:36.160,1.01647,1.01671,2.16,1.60
2012.07.26 13:47:38.178,1.01646,1.01668,3.66,1.50
2012.07.26 13:47:38.883,1.01647,1.01671,2.16,1.60
2012.07.26 13:47:39.469,1.01646,1.01668,2.16,1.50
2012.07.26 13:47:39.998,1.01646,1.01669,2.16,1.60
2012.07.26 13:47:40.721,1.01644,1.01666,2.16,1.50
2012.07.26 13:47:40.782,1.01644,1.01666,2.16,1.50
2012.07.26 13:47:40.896,1.01644,1.01666,1.50,1.60
2012.07.26 13:47:41.325,1.01641,1.01664,2.16,1.60
2012.07.26 13:47:41.450,1.01643,1.01665,2.16,1.50
2012.07.26 13:47:41.566,1.01643,1.01667,2.16,3.00
2012.07.26 13:47:41.680,1.01643,1.01667,2.16,1.60
2012.07.26 13:47:42.031,1.01643,1.01667,2.16,2.10
2012.07.26 13:47:42.148,1.0164,1.01664,2.16,1.50
2012.07.26 13:47:42.231,1.0164,1.01664,2.16,1.60
2012.07.26 13:47:42.395,1.0164,1.01664,2.16,1.60
2012.07.26 13:47:42.914,1.0164,1.01664,2.16,1.60
2012.07.26 13:47:43.082,1.01638,1.0166,2.16,1.50
2012.07.26 13:47:43.196,1.01637,1.0166,2.91,1.50
2012.07.26 13:47:43.256,1.0164,1.01662,1.50,1.60
2012.07.26 13:47:44.089,1.0164,1.01662,2.16,1.60
2012.07.26 13:47:44.983,1.0164,1.01662,2.16,1.50
2012.07.26 13:47:45.275,1.01643,1.01665,2.16,1.60
2012.07.26 13:47:45.443,1.01641,1.01663,2.16,1.50
2012.07.26 13:47:45.721,1.01641,1.01663,1.50,1.60
2012.07.26 13:47:45.888,1.01638,1.0166,4.71,1.50
2012.07.26 13:47:45.952,1.01641,1.01663,1.50,1.60
2012.07.26 13:47:46.119,1.01641,1.01663,2.16,1.50
2012.07.26 13:47:46.949,1.01643,1.01665,2.16,1.60
2012.07.26 13:47:47.492,1.01647,1.01669,1.50,1.60
2012.07.26 13:47:47.553,1.01647,1.01669,2.16,1.60
2012.07.26 13:47:47.722,1.01644,1.01666,2.16,1.50
2012.07.26 13:47:47.945,1.01644,1.01666,2.16,1.60
2012.07.26 13:47:48.983,1.01641,1.01665,2.16,1.60
2012.07.26 13:47:49.396,1.01641,1.01665,2.16,1.60
2012.07.26 13:47:49.730,1.01633,1.01655,2.16,1.50
2012.07.26 13:47:49.964,1.01633,1.01655,2.16,1.50
2012.07.26 13:47:50.082,1.01633,1.01655,2.16,1.50
2012.07.26 13:47:50.197,1.01632,1.01657,2.16,1.60
2012.07.26 13:47:50.737,1.01632,1.01657,2.16,1.60
2012.07.26 13:47:51.024,1.01632,1.01657,2.16,1.60
2012.07.26 13:47:51.152,1.01632,1.01657,2.16,1.50
2012.07.26 13:47:51.734,1.01634,1.01658,2.16,1.60
2012.07.26 13:47:52.328,1.01634,1.01658,2.16,1.50
2012.07.26 13:47:52.949,1.01637,1.01659,1.41,1.50
2012.07.26 13:47:53.464,1.01635,1.01659,1.50,1.60
2012.07.26 13:47:53.524,1.01631,1.01655,1.41,1.50
2012.07.26 13:47:53.908,1.0163,1.01653,2.16,1.50
2012.07.26 13:47:54.501,1.0163,1.01655,2.16,1.60
2012.07.26 13:47:55.092,1.01628,1.01653,2.16,1.60
2012.07.26 13:47:55.783,1.01631,1.01654,2.16,3.00
2012.07.26 13:47:56.788,1.01634,1.01655,1.50,1.60
2012.07.26 13:47:57.203,1.01631,1.01652,2.16,1.50
2012.07.26 13:47:57.536,1.01632,1.01654,2.16,1.50
2012.07.26 13:47:57.649,1.01631,1.01652,2.16,1.50
2012.07.26 13:47:58.179,1.01628,1.01651,2.54,1.50
2012.07.26 13:47:58.728,1.01631,1.01652,2.16,1.50
2012.07.26 13:47:59.069,1.01629,1.0165,2.16,1.50
2012.07.26 13:47:59.292,1.0163,1.01652,2.16,1.50
2012.07.26 13:47:59.516,1.01627,1.01648,1.41,1.50
2012.07.26 13:47:59.871,1.0163,1.0165,2.16,1.50
2012.07.26 13:48:00.185,1.0163,1.01651,2.16,1.50
2012.07.26 13:48:00.300,1.01632,1.01653,1.50,1.60
2012.07.26 13:48:00.748,1.01632,1.01653,1.50,1.60
2012.07.26 13:48:01.023,1.01629,1.0165,3.66,1.50
2012.07.26 13:48:01.754,1.0163,1.01653,2.16,1.60
2012.07.26 13:48:02.336,1.01632,1.01654,1.50,1.60
2012.07.26 13:48:02.721,1.01628,1.01662,1.04,4.00
2012.07.26 13:48:02.779,1.01628,1.01651,2.54,1.50
2012.07.26 13:48:03.130,1.01628,1.01648,1.04,1.50
2012.07.26 13:48:03.321,1.01629,1.0165,2.16,1.50
2012.07.26 13:48:03.783,1.0163,1.01653,2.16,1.60
2012.07.26 13:48:04.290,1.01632,1.01655,1.50,3.10
2012.07.26 13:48:04.625,1.01632,1.01655,1.50,1.60
2012.07.26 13:48:04.793,1.01629,1.01652,2.16,1.60
2012.07.26 13:48:04.853,1.01633,1.01653,1.50,1.60
2012.07.26 13:48:04.913,1.01633,1.01654,1.50,1.50
2012.07.26 13:48:04.974,1.01631,1.0165,2.16,1.50
2012.07.26 13:48:05.141,1.01629,1.0165,2.16,1.50
2012.07.26 13:48:05.880,1.01629,1.0165,2.16,1.50
2012.07.26 13:48:06.223,1.01631,1.01652,1.50,1.50
2012.07.26 13:48:06.723,1.01629,1.01649,1.50,1.60
2012.07.26 13:48:07.108,1.01629,1.01649,2.16,3.00
2012.07.26 13:48:07.421,1.01629,1.01649,2.16,1.50
2012.07.26 13:48:07.480,1.01629,1.01651,2.16,1.50
2012.07.26 13:48:07.539,1.01634,1.01652,1.50,1.50
2012.07.26 13:48:07.655,1.01634,1.01654,2.16,1.50
2012.07.26 13:48:07.715,1.01631,1.01651,2.16,1.50
2012.07.26 13:48:07.863,1.01632,1.01653,2.16,1.50
2012.07.26 13:48:08.202,1.01632,1.01654,2.16,1.88
2012.07.26 13:48:08.263,1.01632,1.01654,1.50,1.97
2012.07.26 13:48:08.323,1.01631,1.01645,1.50,1.50
2012.07.26 13:48:08.383,1.01629,1.01645,1.04,1.50
2012.07.26 13:48:08.878,1.01622,1.01641,2.16,1.50
2012.07.26 13:48:09.240,1.01623,1.01643,2.16,1.50
2012.07.26 13:48:09.846,1.01624,1.01644,2.16,1.50
2012.07.26 13:48:10.779,1.01625,1.01645,2.16,1.50
2012.07.26 13:48:10.840,1.01625,1.01645,1.50,1.60
2012.07.26 13:48:11.376,1.01624,1.01646,1.50,1.60
2012.07.26 13:48:11.640,1.01627,1.01647,1.50,1.60
2012.07.26 13:48:12.156,1.01627,1.01647,1.50,1.60
2012.07.26 13:48:13.088,1.01627,1.01644,1.50,1.50
2012.07.26 13:48:13.202,1.01622,1.01643,2.16,1.50
2012.07.26 13:48:13.262,1.01622,1.01643,1.50,1.60
2012.07.26 13:48:13.323,1.01619,1.01641,2.16,1.50
2012.07.26 13:48:13.818,1.01621,1.01643,1.50,1.60
2012.07.26 13:48:14.365,1.0162,1.0164,2.16,1.60
2012.07.26 13:48:14.752,1.01617,1.01637,2.16,1.50
2012.07.26 13:48:15.090,1.01617,1.01637,1.50,1.60
2012.07.26 13:48:15.262,1.01617,1.01637,1.50,1.60
2012.07.26 13:48:15.322,1.01615,1.01635,2.16,1.60
2012.07.26 13:48:15.546,1.01613,1.01633,2.16,1.50
2012.07.26 13:48:15.967,1.01615,1.01635,2.16,1.60
2012.07.26 13:48:16.363,1.01616,1.01638,2.16,1.60
2012.07.26 13:48:17.001,1.01614,1.01636,2.16,1.50
2012.07.26 13:48:17.570,1.01614,1.01636,2.16,1.60
2012.07.26 13:48:17.963,1.01616,1.01638,2.16,3.10
2012.07.26 13:48:18.028,1.01614,1.01636,2.16,1.50
2012.07.26 13:48:19.132,1.01612,1.01634,3.66,1.50
2012.07.26 13:48:19.247,1.01617,1.01637,1.50,1.50
2012.07.26 13:48:20.045,1.0162,1.01642,1.50,3.10
2012.07.26 13:48:20.216,1.01622,1.01644,1.50,1.60
2012.07.26 13:48:20.553,1.01622,1.01643,2.16,1.50
2012.07.26 13:48:20.668,1.01621,1.01641,2.16,1.50
2012.07.26 13:48:20.763,1.01624,1.01643,1.50,1.50
2012.07.26 13:48:21.025,1.01624,1.01645,1.50,2.20
2012.07.26 13:48:21.139,1.0162,1.01641,1.50,1.60
2012.07.26 13:48:21.199,1.0162,1.0164,1.50,1.60
2012.07.26 13:48:21.861,1.01619,1.01639,1.50,1.60
2012.07.26 13:48:21.922,1.01617,1.01638,3.00,1.60
2012.07.26 13:48:22.361,1.01615,1.01637,3.66,1.50
2012.07.26 13:48:23.008,1.01616,1.01639,1.50,1.60
2012.07.26 13:48:23.123,1.01614,1.01635,2.16,1.50
2012.07.26 13:48:23.672,1.01614,1.01636,2.16,1.50
2012.07.26 13:48:24.005,1.01619,1.0164,1.50,1.50
2012.07.26 13:48:24.228,1.01616,1.01639,1.50,1.50
2012.07.26 13:48:24.452,1.01618,1.01641,1.50,1.60
2012.07.26 13:48:25.195,1.01622,1.01642,1.50,1.60
2012.07.26 13:48:25.254,1.01619,1.0164,1.50,1.60
2012.07.26 13:48:25.546,1.01621,1.01642,1.50,1.60
2012.07.26 13:48:25.873,1.01621,1.01642,2.16,1.50
2012.07.26 13:48:26.158,1.01622,1.01645,2.16,3.00
2012.07.26 13:48:26.272,1.01621,1.01642,2.16,1.50
2012.07.26 13:48:26.440,1.01622,1.01645,2.16,1.50
2012.07.26 13:48:27.257,1.01622,1.01644,2.16,1.50
2012.07.26 13:48:27.317,1.01621,1.01642,2.16,1.50
2012.07.26 13:48:28.084,1.0162,1.01643,2.16,1.50
2012.07.26 13:48:28.419,1.0162,1.0164,1.50,1.50
2012.07.26 13:48:28.770,1.01622,1.0164,1.50,1.50
2012.07.26 13:48:28.829,1.01624,1.01644,1.50,1.50
2012.07.26 13:48:28.999,1.01622,1.01643,2.25,1.50
2012.07.26 13:48:29.139,1.01624,1.01644,1.50,1.60
2012.07.26 13:48:29.254,1.01622,1.01643,2.25,1.50
2012.07.26 13:48:29.447,1.01623,1.01645,1.50,1.50
2012.07.26 13:48:29.889,1.0162,1.01642,2.16,1.50
2012.07.26 13:48:30.433,1.01623,1.01644,1.50,1.50
2012.07.26 13:48:30.848,1.01622,1.01642,1.50,1.50
2012.07.26 13:48:31.230,1.01622,1.01642,2.16,1.50
2012.07.26 13:48:31.343,1.01622,1.01642,2.16,1.50
2012.07.26 13:48:31.403,1.01622,1.01644,2.16,1.50
2012.07.26 13:48:31.476,1.01622,1.01642,2.16,1.50
2012.07.26 13:48:32.110,1.01622,1.01642,2.16,1.50
2012.07.26 13:48:32.249,1.01623,1.01646,2.16,1.50
2012.07.26 13:48:35.405,1.01623,1.01644,2.16,1.50
2012.07.26 13:48:35.571,1.01621,1.01643,2.16,1.50
2012.07.26 13:48:35.981,1.01624,1.01646,1.50,1.60
2012.07.26 13:48:36.434,1.01624,1.01646,1.50,1.60
2012.07.26 13:48:36.935,1.01624,1.01646,1.50,1.60
2012.07.26 13:48:37.449,1.01624,1.01646,2.16,1.50
2012.07.26 13:48:38.021,1.01626,1.01647,2.16,1.60
2012.07.26 13:48:38.970,1.01626,1.01648,1.50,1.60
2012.07.26 13:48:39.578,1.01625,1.01648,1.50,3.10
2012.07.26 13:48:39.909,1.01623,1.01646,2.16,1.50
2012.07.26 13:48:40.789,1.01626,1.01647,1.50,1.50
2012.07.26 13:48:41.181,1.01623,1.01646,1.50,1.60
2012.07.26 13:48:41.297,1.01619,1.01642,1.50,1.60
2012.07.26 13:48:41.739,1.0162,1.0164,1.50,1.50
2012.07.26 13:48:41.962,1.01621,1.01642,1.50,3.68
2012.07.26 13:48:42.295,1.01625,1.01642,2.16,1.50
2012.07.26 13:48:42.356,1.01627,1.01647,1.50,1.88
2012.07.26 13:48:42.416,1.01627,1.01644,1.50,1.50
2012.07.26 13:48:42.477,1.01621,1.01642,1.50,1.50
2012.07.26 13:48:42.591,1.01623,1.01643,1.50,1.50
2012.07.26 13:48:42.906,1.01619,1.01641,2.16,1.50
2012.07.26 13:48:43.458,1.0162,1.0164,1.50,1.50
2012.07.26 13:48:43.523,1.01622,1.01644,1.50,1.50
2012.07.26 13:48:43.984,1.01625,1.01644,1.50,1.50
2012.07.26 13:48:44.487,1.01623,1.01643,1.50,1.50
2012.07.26 13:48:44.818,1.01624,1.01646,2.16,1.50
2012.07.26 13:48:44.932,1.01628,1.01648,1.50,1.50
2012.07.26 13:48:45.914,1.01624,1.01644,1.50,1.50
2012.07.26 13:48:46.441,1.01622,1.0164,1.04,1.50
2012.07.26 13:48:46.992,1.0162,1.0164,2.16,1.50
2012.07.26 13:48:47.106,1.01623,1.01643,2.16,1.50
2012.07.26 13:48:47.745,1.01625,1.01645,1.50,1.50
2012.07.26 13:48:48.118,1.01623,1.01643,2.16,1.50
2012.07.26 13:48:48.607,1.01618,1.01638,1.50,1.50
2012.07.26 13:48:50.559,1.01618,1.01638,4.34,1.50
2012.07.26 13:48:50.695,1.01619,1.01641,2.16,1.50
2012.07.26 13:48:51.080,1.01619,1.01641,2.54,1.50
2012.07.26 13:48:51.247,1.01624,1.01644,2.16,1.50
2012.07.26 13:48:52.965,1.01624,1.01643,2.16,1.50
2012.07.26 13:48:53.572,1.0162,1.01642,2.16,1.50
2012.07.26 13:48:54.950,1.01622,1.01643,2.16,1.50
2012.07.26 13:48:55.893,1.0162,1.01642,2.16,1.50
2012.07.26 13:48:55.955,1.0162,1.01642,2.16,1.50
2012.07.26 13:48:56.156,1.0162,1.01642,2.16,1.50
2012.07.26 13:48:56.217,1.01618,1.0164,2.54,1.50
2012.07.26 13:48:56.900,1.01618,1.0164,2.54,1.50
2012.07.26 13:48:56.960,1.01622,1.01642,2.16,1.50
2012.07.26 13:48:58.882,1.01624,1.01644,1.50,3.00
2012.07.26 13:48:59.215,1.01622,1.0164,1.50,1.50
2012.07.26 13:48:59.274,1.01618,1.0164,1.50,1.50
2012.07.26 13:48:59.442,1.01616,1.01638,1.50,1.50
2012.07.26 13:49:00.097,1.01619,1.01641,1.50,1.60
2012.07.26 13:49:00.522,1.01621,1.01643,1.50,1.60
2012.07.26 13:49:00.636,1.01617,1.01639,2.25,1.50
2012.07.26 13:49:00.696,1.01617,1.01639,2.91,1.50
2012.07.26 13:49:01.028,1.01622,1.0164,2.16,1.50
2012.07.26 13:49:01.088,1.01623,1.01645,1.50,1.50
2012.07.26 13:49:02.407,1.01623,1.01645,1.50,1.60
2012.07.26 13:49:02.521,1.01623,1.01645,2.16,1.50
2012.07.26 13:49:02.635,1.01622,1.01642,1.50,1.50
2012.07.26 13:49:03.034,1.01624,1.01645,1.50,1.60
2012.07.26 13:49:04.580,1.01623,1.01646,1.50,1.97
2012.07.26 13:49:05.373,1.01623,1.01646,1.50,1.60
2012.07.26 13:49:05.486,1.01623,1.01646,1.50,1.60
2012.07.26 13:49:05.708,1.0162,1.01643,1.50,1.60
2012.07.26 13:49:06.204,1.01618,1.0164,1.50,1.50
2012.07.26 13:49:06.483,1.01618,1.0164,2.16,1.50
2012.07.26 13:49:06.882,1.01622,1.01642,1.50,3.00
2012.07.26 13:49:07.050,1.01622,1.0164,1.50,1.50
2012.07.26 13:49:07.163,1.01622,1.01642,1.50,3.00
2012.07.26 13:49:07.222,1.01619,1.01639,2.16,1.50
2012.07.26 13:49:07.282,1.0162,1.01642,1.50,1.50
2012.07.26 13:49:07.959,1.0162,1.01641,1.50,1.50
2012.07.26 13:49:08.018,1.01617,1.0164,2.16,1.50
2012.07.26 13:49:08.509,1.01621,1.01642,1.50,1.50
2012.07.26 13:49:08.678,1.01623,1.01646,1.50,1.50
2012.07.26 13:49:08.829,1.01627,1.01648,1.50,1.60
2012.07.26 13:49:09.340,1.01628,1.01648,1.50,1.50
2012.07.26 13:49:09.850,1.01629,1.01649,1.50,1.60
2012.07.26 13:49:09.987,1.01626,1.01648,1.50,1.60
2012.07.26 13:49:10.551,1.01625,1.01648,1.50,1.60
2012.07.26 13:49:10.725,1.01627,1.0165,1.50,3.10
2012.07.26 13:49:11.027,1.01625,1.01648,1.50,1.60
2012.07.26 13:49:11.788,1.01625,1.01648,1.50,1.60
2012.07.26 13:49:12.242,1.01627,1.01649,1.50,1.60
2012.07.26 13:49:12.818,1.01626,1.01647,1.50,1.60
2012.07.26 13:49:13.149,1.01624,1.01645,3.66,1.60
2012.07.26 13:49:13.655,1.01625,1.01648,2.16,1.50
2012.07.26 13:49:14.153,1.01629,1.01651,1.50,1.60
2012.07.26 13:49:14.327,1.01629,1.01651,1.50,1.60
2012.07.26 13:49:14.387,1.01627,1.01647,2.16,1.60
2012.07.26 13:49:15.121,1.01628,1.0165,1.50,1.60
2012.07.26 13:49:15.638,1.01627,1.01647,2.16,1.50
2012.07.26 13:49:15.828,1.01629,1.01651,1.50,1.60
2012.07.26 13:49:16.143,1.01631,1.01653,1.50,1.60
2012.07.26 13:49:16.202,1.01631,1.01653,2.16,1.60
2012.07.26 13:49:16.315,1.01634,1.01654,1.50,1.60
2012.07.26 13:49:17.169,1.01632,1.01652,1.50,1.60
2012.07.26 13:49:17.229,1.01632,1.01652,1.50,1.60
2012.07.26 13:49:17.740,1.01631,1.01652,1.50,1.60
2012.07.26 13:49:17.799,1.01629,1.01651,2.54,1.60
2012.07.26 13:49:18.713,1.01632,1.01652,1.50,1.60
2012.07.26 13:49:18.773,1.01632,1.01652,1.50,1.60
2012.07.26 13:49:20.213,1.01631,1.01651,1.50,1.50
2012.07.26 13:49:20.692,1.01629,1.01651,2.16,1.50
2012.07.26 13:49:21.536,1.0163,1.0165,1.50,1.50
2012.07.26 13:49:21.822,1.01631,1.01652,1.50,1.60
2012.07.26 13:49:23.992,1.01634,1.01654,1.50,1.60
2012.07.26 13:49:24.357,1.01631,1.01651,1.50,1.50
2012.07.26 13:49:25.381,1.01632,1.01651,1.50,1.50
2012.07.26 13:49:25.960,1.01631,1.01653,1.50,1.60
2012.07.26 13:49:26.302,1.01633,1.01655,1.50,1.60
2012.07.26 13:49:26.771,1.01631,1.01653,1.50,1.60
2012.07.26 13:49:28.761,1.01632,1.01653,1.50,1.60
2012.07.26 13:49:28.895,1.01634,1.01654,1.50,1.50
2012.07.26 13:49:29.222,1.01632,1.01652,1.50,1.50
2012.07.26 13:49:29.292,1.0163,1.01652,1.50,1.50
2012.07.26 13:49:29.466,1.01632,1.01654,1.50,1.50
2012.07.26 13:49:30.642,1.01631,1.01651,3.00,1.50
2012.07.26 13:49:30.970,1.01631,1.01651,2.16,1.50
2012.07.26 13:49:31.194,1.01629,1.01649,2.16,1.50
2012.07.26 13:49:31.394,1.01635,1.01652,1.50,1.50
2012.07.26 13:49:31.498,1.01635,1.01655,1.50,1.50
2012.07.26 13:49:31.557,1.01637,1.01657,1.50,1.50
2012.07.26 13:49:31.940,1.0164,1.01655,1.50,1.60
2012.07.26 13:49:32.078,1.01631,1.01654,1.50,1.60
2012.07.26 13:49:32.235,1.01631,1.01654,1.88,1.60
2012.07.26 13:49:32.349,1.01631,1.01654,1.50,1.60
2012.07.26 13:49:33.651,1.0163,1.0165,1.50,1.50
2012.07.26 13:49:33.836,1.01632,1.01653,2.16,1.50
2012.07.26 13:49:34.004,1.0163,1.0165,2.16,1.50
2012.07.26 13:49:34.484,1.01632,1.01652,2.16,3.00
2012.07.26 13:49:35.415,1.01628,1.0165,4.71,1.50
2012.07.26 13:49:35.950,1.01628,1.01649,3.21,1.50
2012.07.26 13:49:36.801,1.01629,1.01649,1.50,1.50
2012.07.26 13:49:36.915,1.01631,1.01653,1.50,1.60
2012.07.26 13:49:37.029,1.01629,1.01651,1.50,1.50
2012.07.26 13:49:37.363,1.01627,1.01649,4.05,1.50
2012.07.26 13:49:37.898,1.0163,1.0165,1.50,1.50
2012.07.26 13:49:38.072,1.01632,1.01654,1.50,1.60
2012.07.26 13:49:38.355,1.01635,1.01654,1.50,1.60
2012.07.26 13:49:39.160,1.01636,1.01658,1.50,3.10
2012.07.26 13:49:39.220,1.01636,1.01658,1.50,3.00
2012.07.26 13:49:39.441,1.01636,1.01658,1.50,1.60
2012.07.26 13:49:39.971,1.01633,1.01655,1.50,1.50
2012.07.26 13:49:40.528,1.01633,1.01655,1.50,3.85
2012.07.26 13:49:40.588,1.01629,1.01651,2.16,1.50
2012.07.26 13:49:40.811,1.01631,1.01653,1.50,1.60
2012.07.26 13:49:41.612,1.01631,1.01653,1.50,1.50
2012.07.26 13:49:41.913,1.01633,1.01653,1.50,1.50
2012.07.26 13:49:42.026,1.01634,1.01656,1.50,1.60
2012.07.26 13:49:42.982,1.01634,1.01654,1.50,1.50
2012.07.26 13:49:43.062,1.01632,1.01652,1.50,1.50
2012.07.26 13:49:45.262,1.01632,1.01652,1.50,1.60
2012.07.26 13:49:45.741,1.0163,1.01651,1.50,1.60
2012.07.26 13:49:45.809,1.01627,1.01647,1.50,1.50
2012.07.26 13:49:46.025,1.01628,1.01648,2.16,1.50
2012.07.26 13:49:46.140,1.01629,1.01651,2.16,1.50
2012.07.26 13:49:46.424,1.01631,1.01653,1.50,1.50
2012.07.26 13:49:48.382,1.01631,1.01653,1.50,2.10
2012.07.26 13:49:48.716,1.01629,1.01649,1.50,1.60
2012.07.26 13:49:48.885,1.01625,1.01646,1.50,1.50
2012.07.26 13:49:49.218,1.01628,1.0165,1.50,1.60
2012.07.26 13:49:49.387,1.01628,1.0165,2.16,1.50
2012.07.26 13:49:49.901,1.01631,1.01651,2.16,1.60
2012.07.26 13:49:50.204,1.01623,1.01644,1.04,1.50
2012.07.26 13:49:50.505,1.01624,1.01646,2.16,1.50
2012.07.26 13:49:50.620,1.01626,1.01648,2.16,1.50
2012.07.26 13:49:51.777,1.01626,1.01648,2.16,1.50
2012.07.26 13:49:52.181,1.01629,1.01649,2.16,1.60
2012.07.26 13:49:52.241,1.01629,1.01649,1.50,1.60
2012.07.26 13:49:52.301,1.01627,1.01649,1.50,1.60
2012.07.26 13:49:52.361,1.01627,1.01649,1.50,2.20
2012.07.26 13:49:52.693,1.01627,1.01641,1.50,1.07
2012.07.26 13:49:52.863,1.01627,1.01642,1.50,2.65
2012.07.26 13:49:53.102,1.01617,1.01639,1.50,1.97
2012.07.26 13:49:53.713,1.01616,1.01636,2.16,1.50
2012.07.26 13:49:53.881,1.01616,1.01636,2.16,1.50
2012.07.26 13:49:54.206,1.01617,1.01639,2.16,1.50
2012.07.26 13:49:54.523,1.01617,1.01639,1.50,1.60
2012.07.26 13:49:54.755,1.01614,1.01636,2.54,1.50
2012.07.26 13:49:55.063,1.01616,1.01638,1.50,1.60
2012.07.26 13:49:55.387,1.01616,1.01638,1.50,1.60
2012.07.26 13:49:55.774,1.01613,1.01636,1.50,1.60
2012.07.26 13:49:55.888,1.01611,1.01634,3.66,1.50
2012.07.26 13:49:56.203,1.01614,1.01635,1.50,3.00
2012.07.26 13:49:56.345,1.01611,1.01634,2.16,1.50
2012.07.26 13:49:56.587,1.01614,1.01635,1.50,1.50
2012.07.26 13:49:56.932,1.01614,1.01635,2.16,1.50
2012.07.26 13:49:57.540,1.01614,1.01636,1.04,1.50
2012.07.26 13:49:58.891,1.01613,1.01636,1.50,1.60
2012.07.26 13:49:59.127,1.01612,1.01633,2.16,1.50
2012.07.26 13:50:03.173,1.01615,1.01636,1.50,1.60
2012.07.26 13:50:03.341,1.01615,1.01637,1.50,1.60
2012.07.26 13:50:03.674,1.01612,1.01632,2.16,1.50
2012.07.26 13:50:04.066,1.01619,1.01633,1.50,1.50
2012.07.26 13:50:04.127,1.01619,1.0164,1.50,1.60
2012.07.26 13:50:04.683,1.01618,1.01638,1.50,1.60
2012.07.26 13:50:05.082,1.01614,1.01634,2.16,1.50
2012.07.26 13:50:05.263,1.01615,1.01637,2.16,1.60
2012.07.26 13:50:05.322,1.01618,1.01638,1.50,1.60
2012.07.26 13:50:05.644,1.01614,1.01636,2.54,1.50
2012.07.26 13:50:06.052,1.01614,1.01636,2.54,1.60
2012.07.26 13:50:06.381,1.01616,1.01638,1.50,3.10
2012.07.26 13:50:06.769,1.01617,1.01634,1.50,1.50
2012.07.26 13:50:06.884,1.01617,1.01638,1.50,1.97
2012.07.26 13:50:06.998,1.01613,1.01634,3.66,1.50
2012.07.26 13:50:07.793,1.01617,1.01639,1.50,1.97
2012.07.26 13:50:08.315,1.01615,1.01638,2.16,1.97
2012.07.26 13:50:08.396,1.01618,1.01638,1.50,1.97
2012.07.26 13:50:08.619,1.01615,1.01637,2.16,1.97
2012.07.26 13:50:11.237,1.01615,1.01637,2.16,1.50
2012.07.26 13:50:11.351,1.0162,1.01637,1.50,1.50
2012.07.26 13:50:11.689,1.01619,1.0164,1.50,1.60
2012.07.26 13:50:12.039,1.01616,1.01637,2.16,1.50
2012.07.26 13:50:12.263,1.01615,1.01637,2.16,1.50
2012.07.26 13:50:12.939,1.01617,1.01639,1.50,1.60
2012.07.26 13:50:13.665,1.01616,1.01638,2.16,1.60
2012.07.26 13:50:13.994,1.01614,1.01636,3.66,1.50
2012.07.26 13:50:14.229,1.01615,1.01636,1.50,1.50
2012.07.26 13:50:14.289,1.01617,1.01637,1.50,1.50
2012.07.26 13:50:14.843,1.01615,1.01635,1.50,1.50
2012.07.26 13:50:15.236,1.01615,1.01635,2.16,1.50
2012.07.26 13:50:15.503,1.01616,1.01637,2.16,1.50
2012.07.26 13:50:15.563,1.01616,1.01637,1.50,1.60
2012.07.26 13:50:15.846,1.01615,1.01635,2.16,1.50
2012.07.26 13:50:17.151,1.01616,1.01639,1.50,1.60
2012.07.26 13:50:17.460,1.01616,1.01639,1.50,1.60
2012.07.26 13:50:17.791,1.01613,1.01635,1.50,2.20
2012.07.26 13:50:17.968,1.01616,1.01636,1.50,1.50
2012.07.26 13:50:18.029,1.01617,1.01639,1.50,1.60
2012.07.26 13:50:18.547,1.01618,1.0164,2.16,1.60
2012.07.26 13:50:18.856,1.01618,1.0164,1.50,1.60
2012.07.26 13:50:19.317,1.01621,1.01642,1.50,3.10
2012.07.26 13:50:19.618,1.01618,1.0164,1.50,1.60
2012.07.26 13:50:19.678,1.01616,1.01638,1.50,1.60
2012.07.26 13:50:20.116,1.01615,1.01632,1.50,1.50
2012.07.26 13:50:20.452,1.01612,1.01632,2.54,1.50
2012.07.26 13:50:20.565,1.01612,1.01632,2.16,1.50
2012.07.26 13:50:21.117,1.01613,1.01633,1.50,1.60
2012.07.26 13:50:21.339,1.01616,1.01636,1.50,1.60
2012.07.26 13:50:21.830,1.01614,1.01634,1.50,1.50
2012.07.26 13:50:22.410,1.01615,1.01637,1.50,1.60
2012.07.26 13:50:22.472,1.01613,1.01635,1.50,1.60
2012.07.26 13:50:22.968,1.01612,1.01633,2.16,1.60
2012.07.26 13:50:23.308,1.01615,1.01635,1.50,3.10
2012.07.26 13:50:23.477,1.01616,1.01638,1.50,1.60
2012.07.26 13:50:23.872,1.01614,1.01633,2.16,1.50
2012.07.26 13:50:24.363,1.01612,1.01634,2.16,1.50
2012.07.26 13:50:24.897,1.01615,1.01635,2.16,1.50
2012.07.26 13:50:25.174,1.01617,1.01637,1.50,1.50
2012.07.26 13:50:25.289,1.01613,1.01635,2.16,1.50
2012.07.26 13:50:25.623,1.01611,1.01631,3.66,1.50
2012.07.26 13:50:25.736,1.01614,1.01634,1.50,1.60
2012.07.26 13:50:26.067,1.01618,1.01638,1.50,1.60
2012.07.26 13:50:26.181,1.01618,1.01638,2.16,1.50
2012.07.26 13:50:26.705,1.01618,1.01638,1.50,1.50
2012.07.26 13:50:26.906,1.0162,1.0164,1.50,1.60
2012.07.26 13:50:26.965,1.01618,1.01638,3.66,1.50
2012.07.26 13:50:27.947,1.01618,1.01638,1.50,1.60
2012.07.26 13:50:28.060,1.01618,1.01638,1.50,1.60
2012.07.26 13:50:28.229,1.01614,1.01635,1.50,1.60
2012.07.26 13:50:29.217,1.01613,1.01633,3.66,1.50
2012.07.26 13:50:29.495,1.01615,1.01635,1.50,1.50
2012.07.26 13:50:30.042,1.01616,1.01639,1.50,1.60
2012.07.26 13:50:30.244,1.01614,1.01637,1.88,1.60
2012.07.26 13:50:31.389,1.01614,1.01637,1.50,1.60
2012.07.26 13:50:31.698,1.01612,1.01632,1.50,1.60
2012.07.26 13:50:32.080,1.01616,1.01638,1.50,3.10
2012.07.26 13:50:32.615,1.01614,1.01634,1.50,1.60
2012.07.26 13:50:33.502,1.01614,1.01634,2.16,1.50
2012.07.26 13:50:33.615,1.01615,1.01637,1.50,1.60
2012.07.26 13:50:33.729,1.01612,1.01635,2.16,1.50
2012.07.26 13:50:33.789,1.01614,1.01635,1.50,1.50
2012.07.26 13:50:34.182,1.01616,1.01637,1.50,3.10
2012.07.26 13:50:34.515,1.01618,1.01638,1.04,1.50
2012.07.26 13:50:34.847,1.01611,1.01634,2.16,1.60
2012.07.26 13:50:35.733,1.01612,1.01632,1.50,1.60
2012.07.26 13:50:35.793,1.0161,1.01631,3.00,1.50
2012.07.26 13:50:35.855,1.01612,1.01632,1.50,1.60
2012.07.26 13:50:36.765,1.01613,1.01632,1.50,1.60
2012.07.26 13:50:37.324,1.01615,1.01637,1.50,1.60
2012.07.26 13:50:38.277,1.01616,1.01637,1.50,1.60
2012.07.26 13:50:38.608,1.01617,1.01637,1.50,1.60
2012.07.26 13:50:38.833,1.0161,1.01631,2.16,1.50
2012.07.26 13:50:39.271,1.01611,1.01634,2.16,1.50
2012.07.26 13:50:39.386,1.01611,1.01634,4.41,1.50
2012.07.26 13:50:39.500,1.01616,1.01637,2.16,1.50
2012.07.26 13:50:39.855,1.01614,1.01636,1.50,1.50
2012.07.26 13:50:40.381,1.01615,1.01635,1.50,1.50
2012.07.26 13:50:40.922,1.01614,1.01636,2.16,1.97
2012.07.26 13:50:41.475,1.01615,1.01635,1.50,1.60
2012.07.26 13:50:41.880,1.01613,1.01634,2.16,3.00
2012.07.26 13:50:42.124,1.0161,1.01633,2.16,1.60
2012.07.26 13:50:42.240,1.01609,1.01627,2.16,1.50
2012.07.26 13:50:42.354,1.01608,1.01629,2.16,1.50
2012.07.26 13:50:42.579,1.01614,1.01632,1.50,1.60
2012.07.26 13:50:42.694,1.01611,1.01633,3.00,1.60
2012.07.26 13:50:43.049,1.01613,1.01634,1.50,1.60
2012.07.26 13:50:43.384,1.01615,1.01637,1.50,1.60
2012.07.26 13:50:43.892,1.01614,1.01636,1.50,1.60
2012.07.26 13:50:43.951,1.01614,1.01636,2.16,1.50
2012.07.26 13:50:44.236,1.01619,1.01635,1.50,1.50
2012.07.26 13:50:44.350,1.01618,1.01639,1.50,1.60
2012.07.26 13:50:44.581,1.01618,1.01639,2.16,1.50
2012.07.26 13:50:44.806,1.0162,1.01641,1.50,1.50
2012.07.26 13:50:44.974,1.0162,1.01643,1.50,1.60
2012.07.26 13:50:45.309,1.01619,1.01641,3.66,1.50
2012.07.26 13:50:45.855,1.01618,1.01639,2.16,1.50
2012.07.26 13:50:46.405,1.01618,1.01641,1.50,1.60
2012.07.26 13:50:46.465,1.01618,1.01641,2.16,3.10
2012.07.26 13:50:48.895,1.01619,1.01642,1.50,1.60
2012.07.26 13:50:49.171,1.01622,1.01643,1.50,1.60
2012.07.26 13:50:49.618,1.01619,1.01641,1.50,1.60
2012.07.26 13:50:50.213,1.01617,1.0164,2.16,1.60
2012.07.26 13:50:50.342,1.01621,1.01642,1.50,1.60
2012.07.26 13:50:51.003,1.01617,1.0164,2.16,1.60
2012.07.26 13:50:52.169,1.0162,1.01641,1.50,1.60
2012.07.26 13:50:53.113,1.0162,1.01641,2.16,1.50
2012.07.26 13:50:53.643,1.01619,1.01642,2.54,1.50
2012.07.26 13:50:54.169,1.01619,1.01642,2.54,1.50
2012.07.26 13:50:54.673,1.01619,1.01641,1.04,1.50
2012.07.26 13:50:55.175,1.01621,1.01642,2.16,1.50
2012.07.26 13:50:55.728,1.01621,1.01642,1.50,1.50
2012.07.26 13:50:56.141,1.01617,1.01639,2.16,1.50
2012.07.26 13:50:56.312,1.01618,1.01641,2.16,1.50
2012.07.26 13:50:57.947,1.01617,1.01638,2.16,1.50
2012.07.26 13:50:58.120,1.01618,1.01641,2.16,1.50
2012.07.26 13:50:58.631,1.01619,1.0164,2.16,3.10
2012.07.26 13:50:58.689,1.01618,1.01638,2.16,1.50
2012.07.26 13:50:58.967,1.01615,1.01637,2.16,1.50
2012.07.26 13:50:59.516,1.01615,1.01637,3.66,1.50
2012.07.26 13:50:59.684,1.01619,1.01639,2.16,1.50
2012.07.26 13:51:00.307,1.0162,1.01643,1.50,1.60
2012.07.26 13:51:01.065,1.01619,1.0164,2.16,1.60
2012.07.26 13:51:01.482,1.01619,1.0164,2.16,1.50
2012.07.26 13:51:01.541,1.0162,1.01643,2.16,1.60
2012.07.26 13:51:02.075,1.0162,1.01641,2.16,1.50
2012.07.26 13:51:02.297,1.01623,1.01643,1.50,3.77
2012.07.26 13:51:02.412,1.01615,1.01637,2.16,1.50
2012.07.26 13:51:02.626,1.01615,1.01637,2.16,1.50
2012.07.26 13:51:02.992,1.01621,1.01639,1.50,1.50
2012.07.26 13:51:03.052,1.01621,1.01644,3.66,1.60
2012.07.26 13:51:03.219,1.01623,1.01646,1.50,1.60
2012.07.26 13:51:03.783,1.01622,1.01643,1.50,1.50
2012.07.26 13:51:04.221,1.0162,1.0164,2.16,1.50
2012.07.26 13:51:04.538,1.01619,1.01639,1.50,1.50
2012.07.26 13:51:04.599,1.01619,1.01639,1.50,1.60
2012.07.26 13:51:04.773,1.01616,1.01638,1.50,1.60
2012.07.26 13:51:04.961,1.01618,1.0164,1.50,1.60
2012.07.26 13:51:05.313,1.01618,1.0164,1.50,1.60
2012.07.26 13:51:05.603,1.01615,1.01637,2.16,1.60
2012.07.26 13:51:05.907,1.01615,1.01637,2.16,1.50
2012.07.26 13:51:06.277,1.0162,1.01641,2.16,1.50
2012.07.26 13:51:06.342,1.0162,1.01641,2.16,1.50
2012.07.26 13:51:06.536,1.0162,1.01641,2.16,1.50
2012.07.26 13:51:06.596,1.01618,1.01639,3.66,1.50
2012.07.26 13:51:06.939,1.0162,1.01641,2.16,3.00
2012.07.26 13:51:07.498,1.0162,1.01641,2.16,1.50
2012.07.26 13:51:08.174,1.0162,1.01641,2.16,1.50
2012.07.26 13:51:08.233,1.01622,1.01643,1.50,3.00
2012.07.26 13:51:08.743,1.01622,1.01643,1.50,1.60
2012.07.26 13:51:09.075,1.01621,1.01641,1.50,1.60
2012.07.26 13:51:09.408,1.01624,1.01646,1.50,1.60
2012.07.26 13:51:09.696,1.0162,1.01643,1.50,1.60
2012.07.26 13:51:09.994,1.01622,1.01644,1.50,1.60
2012.07.26 13:51:10.217,1.0162,1.0164,1.50,1.60
2012.07.26 13:51:10.652,1.01617,1.01639,2.16,1.50
2012.07.26 13:51:10.896,1.01619,1.0164,1.50,3.10
2012.07.26 13:51:11.817,1.01617,1.01637,2.16,1.50
2012.07.26 13:51:12.360,1.01616,1.01637,2.16,1.50
2012.07.26 13:51:12.704,1.01623,1.01639,1.50,1.50
2012.07.26 13:51:12.764,1.01623,1.01645,1.50,1.60
2012.07.26 13:51:13.089,1.01621,1.01643,3.00,1.60
2012.07.26 13:51:14.214,1.01625,1.01645,1.50,1.60
2012.07.26 13:51:14.460,1.01623,1.01643,1.50,1.60
2012.07.26 13:51:14.603,1.01621,1.01643,1.50,1.60
2012.07.26 13:51:15.700,1.01619,1.01639,1.50,1.60
2012.07.26 13:51:15.760,1.01616,1.01636,1.50,1.50
2012.07.26 13:51:15.873,1.01617,1.01639,1.50,1.60
2012.07.26 13:51:17.397,1.01617,1.01639,2.16,1.50
2012.07.26 13:51:17.675,1.01623,1.0164,1.50,1.50
2012.07.26 13:51:17.950,1.01623,1.01644,2.16,1.60
2012.07.26 13:51:18.172,1.01624,1.01647,2.16,1.60
2012.07.26 13:51:18.628,1.01624,1.01647,1.50,3.10
2012.07.26 13:51:20.118,1.01619,1.01641,4.04,1.50
2012.07.26 13:51:20.653,1.01619,1.01641,2.54,1.50
2012.07.26 13:51:21.489,1.01619,1.01641,2.54,1.50
2012.07.26 13:51:22.531,1.01622,1.01642,2.16,1.50
2012.07.26 13:51:23.733,1.01627,1.01647,1.50,1.60
2012.07.26 13:51:23.847,1.01624,1.01646,2.16,1.60
2012.07.26 13:51:23.907,1.01624,1.01644,2.16,1.50
2012.07.26 13:51:24.309,1.01622,1.01642,2.16,1.50
2012.07.26 13:51:24.576,1.01624,1.01644,2.16,3.00
2012.07.26 13:51:25.023,1.01622,1.01642,2.16,1.50
2012.07.26 13:51:28.389,1.01623,1.01645,2.16,1.50
2012.07.26 13:51:28.869,1.01621,1.01643,3.66,1.50
2012.07.26 13:51:29.642,1.01624,1.01644,1.50,3.00
2012.07.26 13:51:29.970,1.01626,1.01646,1.50,1.50
2012.07.26 13:51:30.329,1.01623,1.01644,1.50,1.50
2012.07.26 13:51:30.389,1.0162,1.01642,2.16,1.50
2012.07.26 13:51:30.769,1.01622,1.01644,1.50,1.50
2012.07.26 13:51:32.481,1.01622,1.01644,1.50,1.60
2012.07.26 13:51:32.602,1.01617,1.01639,1.88,1.50
2012.07.26 13:51:33.136,1.01616,1.01637,2.16,1.50
2012.07.26 13:51:34.304,1.01615,1.01637,1.50,1.50
2012.07.26 13:51:35.072,1.01615,1.01635,1.50,1.50
2012.07.26 13:51:35.622,1.01612,1.01634,2.16,1.50
2012.07.26 13:51:35.744,1.01614,1.01636,2.16,1.50
2012.07.26 13:51:38.106,1.01613,1.01633,2.16,1.50
2012.07.26 13:51:38.734,1.01613,1.01633,1.50,1.50
2012.07.26 13:51:40.651,1.01613,1.01633,1.50,1.60
2012.07.26 13:51:40.720,1.01614,1.01636,1.50,1.50
2012.07.26 13:51:40.835,1.01612,1.01634,1.50,1.50
2012.07.26 13:51:41.043,1.0161,1.01633,3.66,1.50
2012.07.26 13:51:41.535,1.01612,1.01634,1.50,1.50
2012.07.26 13:51:42.112,1.01611,1.01631,2.16,1.50
2012.07.26 13:51:42.325,1.01614,1.01635,1.50,1.50
2012.07.26 13:51:42.440,1.0161,1.01633,2.16,1.50
2012.07.26 13:51:42.760,1.01609,1.0163,1.50,1.50
2012.07.26 13:51:42.921,1.0161,1.01633,1.50,1.60
2012.07.26 13:51:43.353,1.01615,1.01636,1.50,1.97
2012.07.26 13:51:43.577,1.01608,1.01629,3.66,1.50
2012.07.26 13:51:44.020,1.01609,1.01631,2.16,1.50
2012.07.26 13:51:44.407,1.01612,1.01634,2.16,1.50
2012.07.26 13:51:44.467,1.01614,1.01636,1.50,1.88
2012.07.26 13:51:45.558,1.01612,1.01634,3.66,1.50
2012.07.26 13:51:45.830,1.01615,1.01637,1.50,1.50
2012.07.26 13:51:46.424,1.01614,1.01634,3.00,1.50
2012.07.26 13:51:47.113,1.01618,1.01636,1.50,1.50
2012.07.26 13:51:47.173,1.01618,1.01638,1.50,1.50
2012.07.26 13:51:47.232,1.0162,1.0164,1.50,3.10
2012.07.26 13:51:47.811,1.0162,1.0164,1.50,1.60
2012.07.26 13:51:48.225,1.01617,1.01639,1.50,1.60
2012.07.26 13:51:48.603,1.0162,1.0164,1.50,3.10
2012.07.26 13:51:48.720,1.01617,1.01639,3.00,1.60
2012.07.26 13:51:48.835,1.01617,1.01639,1.50,1.60
2012.07.26 13:51:49.167,1.0161,1.01631,1.50,1.60
2012.07.26 13:51:49.628,1.0161,1.01631,2.16,1.50
2012.07.26 13:51:49.799,1.01614,1.01636,2.16,1.60
2012.07.26 13:51:50.035,1.01612,1.01632,2.16,1.50
2012.07.26 13:51:50.504,1.01613,1.01635,2.16,1.50
2012.07.26 13:51:50.811,1.01612,1.01634,1.50,1.60
2012.07.26 13:51:51.344,1.01613,1.01633,1.50,1.50
2012.07.26 13:51:51.404,1.01611,1.01632,2.16,1.50
2012.07.26 13:51:51.863,1.01612,1.01634,1.50,1.60
2012.07.26 13:51:52.030,1.01614,1.01634,2.16,1.50
2012.07.26 13:51:52.493,1.01616,1.01638,1.50,1.97
2012.07.26 13:51:53.437,1.01616,1.01638,1.50,1.97
2012.07.26 13:51:53.497,1.01614,1.01634,3.00,1.60
2012.07.26 13:51:53.720,1.0161,1.01631,3.66,1.50
2012.07.26 13:51:53.780,1.0161,1.01631,1.50,1.60
2012.07.26 13:51:54.113,1.01616,1.01637,1.50,1.60
2012.07.26 13:51:55.436,1.01616,1.01637,1.50,1.97
2012.07.26 13:51:55.653,1.01613,1.01636,1.50,1.60
2012.07.26 13:51:55.712,1.01613,1.01636,1.50,1.60
2012.07.26 13:51:55.882,1.01611,1.01634,2.16,1.60
2012.07.26 13:51:55.941,1.01611,1.01634,2.16,1.97
2012.07.26 13:51:56.273,1.01607,1.0163,2.16,1.50
2012.07.26 13:51:56.606,1.01612,1.01634,2.16,1.97
2012.07.26 13:51:57.187,1.01612,1.01634,2.16,1.60
2012.07.26 13:51:58.377,1.01612,1.01632,1.50,1.60
2012.07.26 13:51:58.716,1.01615,1.01637,1.50,1.97
2012.07.26 13:51:58.776,1.01613,1.01635,3.66,1.60
2012.07.26 13:51:58.880,1.01613,1.01635,1.50,1.60
2012.07.26 13:51:59.386,1.01612,1.01632,1.50,1.60
2012.07.26 13:51:59.766,1.01614,1.01634,1.50,1.60
2012.07.26 13:52:00.046,1.01616,1.01636,1.50,2.20
2012.07.26 13:52:00.106,1.01611,1.01634,2.16,1.60
2012.07.26 13:52:00.640,1.01615,1.01636,2.16,1.60
2012.07.26 13:52:00.826,1.01617,1.01638,1.50,1.60
2012.07.26 13:52:01.364,1.01613,1.01636,2.16,1.60
2012.07.26 13:52:01.961,1.01614,1.01635,2.16,1.50
2012.07.26 13:52:02.771,1.0162,1.01642,2.16,1.97
2012.07.26 13:52:05.362,1.0162,1.01642,1.50,1.60
2012.07.26 13:52:05.585,1.01617,1.01639,1.50,1.60
2012.07.26 13:52:06.121,1.01617,1.01639,1.50,1.60
2012.07.26 13:52:06.235,1.01615,1.01635,1.50,1.50
2012.07.26 13:52:06.560,1.01615,1.01635,2.16,1.50
2012.07.26 13:52:06.895,1.01621,1.01641,1.50,1.50
2012.07.26 13:52:07.009,1.01619,1.01639,2.16,1.50
2012.07.26 13:52:08.717,1.01619,1.01639,2.16,1.50
2012.07.26 13:52:08.830,1.0162,1.01642,2.16,3.00
2012.07.26 13:52:09.436,1.0162,1.01642,1.50,1.60
2012.07.26 13:52:09.606,1.01617,1.01637,1.50,1.50
2012.07.26 13:52:09.665,1.01614,1.01637,1.50,1.60
2012.07.26 13:52:09.832,1.01613,1.01634,1.50,1.50
2012.07.26 13:52:10.152,1.01613,1.01634,1.50,1.60
2012.07.26 13:52:10.266,1.0161,1.01631,3.00,1.50
2012.07.26 13:52:10.447,1.01613,1.01636,1.50,1.60
2012.07.26 13:52:11.146,1.01611,1.01632,1.50,1.60
2012.07.26 13:52:12.252,1.0161,1.01632,1.50,1.60
2012.07.26 13:52:12.367,1.01612,1.01634,1.50,1.60
2012.07.26 13:52:12.893,1.01612,1.01634,2.16,1.50
2012.07.26 13:52:13.115,1.01616,1.01636,1.50,3.00
2012.07.26 13:52:13.231,1.01613,1.01635,3.00,1.60
2012.07.26 13:52:13.684,1.01614,1.01635,2.16,1.50
2012.07.26 13:52:14.202,1.01611,1.01634,2.16,1.50
2012.07.26 13:52:16.846,1.01614,1.01635,2.16,1.50
2012.07.26 13:52:17.234,1.01615,1.01637,2.16,1.60
2012.07.26 13:52:17.474,1.01614,1.01635,2.16,1.50
2012.07.26 13:52:17.805,1.01611,1.01631,1.41,1.50
2012.07.26 13:52:17.968,1.01612,1.01633,2.16,1.50
2012.07.26 13:52:20.500,1.01612,1.01633,2.16,1.50
2012.07.26 13:52:20.562,1.01614,1.01635,2.16,1.50
2012.07.26 13:52:22.806,1.01611,1.01633,3.66,1.50
2012.07.26 13:52:23.059,1.01613,1.01635,2.16,1.50
2012.07.26 13:52:23.509,1.01612,1.01632,2.16,1.50
2012.07.26 13:52:23.776,1.01616,1.01636,1.50,3.00
2012.07.26 13:52:24.485,1.01615,1.01636,1.50,1.50
2012.07.26 13:52:24.545,1.01615,1.01636,1.50,1.60
2012.07.26 13:52:24.837,1.01612,1.01634,1.50,1.60
2012.07.26 13:52:25.012,1.01614,1.01634,1.50,1.60
2012.07.26 13:52:25.537,1.01613,1.01635,1.50,1.60
2012.07.26 13:52:26.173,1.01613,1.01635,2.16,1.50
2012.07.26 13:52:26.615,1.01615,1.01634,1.50,1.60
2012.07.26 13:52:26.676,1.01611,1.01634,1.50,1.60
2012.07.26 13:52:26.736,1.01611,1.01634,1.50,1.60
2012.07.26 13:52:26.875,1.01611,1.01634,1.50,1.60
2012.07.26 13:52:27.249,1.01608,1.01631,2.16,1.60
2012.07.26 13:52:27.477,1.01608,1.01631,2.16,1.50
2012.07.26 13:52:27.809,1.01608,1.01631,2.16,1.50
2012.07.26 13:52:28.011,1.01608,1.01631,2.16,1.60
2012.07.26 13:52:28.188,1.01612,1.01631,2.16,1.50
2012.07.26 13:52:28.247,1.01613,1.01635,2.16,1.50
2012.07.26 13:52:28.471,1.01615,1.01635,1.50,1.60
2012.07.26 13:52:28.899,1.01617,1.01639,1.50,1.60
2012.07.26 13:52:29.185,1.01617,1.01639,1.50,1.60
2012.07.26 13:52:29.690,1.0162,1.0164,1.50,3.10
2012.07.26 13:52:29.804,1.01622,1.01642,2.16,1.60
2012.07.26 13:52:29.925,1.01625,1.01645,1.50,3.10
2012.07.26 13:52:30.286,1.01623,1.01643,3.66,1.60
2012.07.26 13:52:30.510,1.01622,1.01644,1.50,1.60
2012.07.26 13:52:30.681,1.01618,1.01638,3.66,1.50
2012.07.26 13:52:30.796,1.01618,1.01638,1.50,1.60
2012.07.26 13:52:31.005,1.01616,1.01636,3.66,1.50
2012.07.26 13:52:31.347,1.01618,1.0164,2.16,1.60
2012.07.26 13:52:31.967,1.01621,1.01642,1.50,1.60
2012.07.26 13:52:32.518,1.0162,1.0164,1.50,1.60
2012.07.26 13:52:32.970,1.0162,1.0164,1.50,1.60
2012.07.26 13:52:33.083,1.0162,1.0164,1.50,1.60
2012.07.26 13:52:33.697,1.0162,1.0164,1.50,1.60
2012.07.26 13:52:33.813,1.01616,1.01638,1.50,1.60
2012.07.26 13:52:34.506,1.01614,1.01636,2.16,1.60
2012.07.26 13:52:36.335,1.01614,1.01636,2.16,1.60
2012.07.26 13:52:36.394,1.01614,1.01636,2.16,1.60
2012.07.26 13:52:37.249,1.01614,1.01636,2.16,1.60
2012.07.26 13:52:37.720,1.01614,1.01636,2.16,1.50
2012.07.26 13:52:38.077,1.01618,1.0164,2.16,1.60
2012.07.26 13:52:38.726,1.01617,1.01637,2.16,1.50
2012.07.26 13:52:39.556,1.01617,1.01637,2.16,1.50
2012.07.26 13:52:39.793,1.01617,1.01637,1.50,1.60
2012.07.26 13:52:39.852,1.01614,1.01636,3.66,1.60
2012.07.26 13:52:40.651,1.01614,1.01636,2.16,1.50
2012.07.26 13:52:41.258,1.01617,1.01637,2.16,3.00
2012.07.26 13:52:41.770,1.01617,1.01637,2.16,1.50
2012.07.26 13:52:41.847,1.01617,1.01637,1.50,1.60
2012.07.26 13:52:41.960,1.01615,1.01636,2.16,1.60
2012.07.26 13:52:42.183,1.01613,1.01633,2.16,1.50
2012.07.26 13:52:42.297,1.01615,1.01635,2.16,1.50
2012.07.26 13:52:43.491,1.01614,1.01636,2.16,1.60
2012.07.26 13:52:43.823,1.01617,1.01637,1.50,1.60
2012.07.26 13:52:44.157,1.0162,1.0164,1.50,1.50
2012.07.26 13:52:44.737,1.01618,1.01638,1.50,1.50
2012.07.26 13:52:44.797,1.01616,1.01638,1.50,1.50
2012.07.26 13:52:44.858,1.01615,1.01635,3.66,1.50
2012.07.26 13:52:45.181,1.01615,1.01635,2.16,1.50
2012.07.26 13:52:45.367,1.01615,1.01635,2.16,1.50
2012.07.26 13:52:45.971,1.01613,1.01633,1.88,1.50
2012.07.26 13:52:46.308,1.01616,1.01635,1.50,1.50
2012.07.26 13:52:46.818,1.01616,1.01636,1.50,1.50
2012.07.26 13:52:47.296,1.01613,1.01633,2.16,1.50
2012.07.26 13:52:47.645,1.01616,1.01636,3.00,1.50
2012.07.26 13:52:47.705,1.01617,1.01639,1.50,1.60
2012.07.26 13:52:48.230,1.01617,1.01639,2.16,1.50
2012.07.26 13:52:48.610,1.01619,1.01641,1.50,1.50
2012.07.26 13:52:48.916,1.01617,1.01639,4.34,1.50
2012.07.26 13:52:50.910,1.01617,1.01637,3.59,1.50
2012.07.26 13:52:51.132,1.01615,1.01637,1.50,1.60
2012.07.26 13:52:51.192,1.01613,1.01633,2.16,1.50
2012.07.26 13:52:51.533,1.0161,1.01631,2.16,1.50
2012.07.26 13:52:52.029,1.01613,1.01633,1.50,1.50
2012.07.26 13:52:52.252,1.0161,1.01631,1.50,1.60
2012.07.26 13:52:52.609,1.01607,1.01628,2.76,1.50
2012.07.26 13:52:52.725,1.01609,1.0163,2.16,1.50
2012.07.26 13:52:52.894,1.01606,1.01627,2.16,1.50
2012.07.26 13:52:52.954,1.01606,1.01627,1.50,1.50
2012.07.26 13:52:53.068,1.01606,1.01629,1.50,1.60
2012.07.26 13:52:53.237,1.01608,1.0163,1.50,1.60
2012.07.26 13:52:53.460,1.01604,1.01627,1.50,1.50
2012.07.26 13:52:53.862,1.01603,1.01624,2.16,1.50
2012.07.26 13:52:54.351,1.01603,1.01624,2.16,1.50
2012.07.26 13:52:54.465,1.01609,1.01629,1.50,1.50
2012.07.26 13:52:54.887,1.01603,1.01626,1.50,1.60
2012.07.26 13:52:55.431,1.01604,1.01624,1.50,1.60
2012.07.26 13:52:55.983,1.01604,1.01624,1.50,1.60
2012.07.26 13:52:58.109,1.01601,1.01623,1.50,1.60
2012.07.26 13:52:58.353,1.01604,1.01626,1.50,1.60
2012.07.26 13:52:58.629,1.01604,1.01626,3.66,1.50
2012.07.26 13:52:59.017,1.01607,1.01628,1.50,1.60
2012.07.26 13:52:59.388,1.01607,1.01629,1.50,1.60
2012.07.26 13:52:59.793,1.01609,1.01629,1.50,3.10
2012.07.26 13:52:59.906,1.01609,1.01629,1.50,1.60
2012.07.26 13:53:00.742,1.01611,1.01631,1.50,1.60
2012.07.26 13:53:01.179,1.01611,1.01631,1.50,1.60
2012.07.26 13:53:01.252,1.01609,1.01629,1.50,1.60
2012.07.26 13:53:01.313,1.01609,1.01629,1.50,1.60
2012.07.26 13:53:01.429,1.01609,1.0163,1.88,1.60
2012.07.26 13:53:01.544,1.01606,1.01628,3.00,1.60
2012.07.26 13:53:01.659,1.01609,1.01629,1.50,3.10
2012.07.26 13:53:01.773,1.01607,1.01628,1.50,1.60
2012.07.26 13:53:01.887,1.01604,1.01626,1.50,1.60
2012.07.26 13:53:02.304,1.01606,1.01627,1.50,3.10
2012.07.26 13:53:02.622,1.01611,1.01633,1.50,1.97
2012.07.26 13:53:02.954,1.01607,1.01618,1.50,1.60
2012.07.26 13:53:03.014,1.01595,1.01618,2.16,1.60
2012.07.26 13:53:03.181,1.01595,1.01618,2.16,1.50
2012.07.26 13:53:03.502,1.01597,1.01618,1.41,1.50
2012.07.26 13:53:03.643,1.01596,1.01618,1.41,1.50
2012.07.26 13:53:03.705,1.016,1.01622,2.16,1.50
2012.07.26 13:53:03.819,1.016,1.01622,2.16,1.50
2012.07.26 13:53:04.040,1.01601,1.01622,1.50,1.60
2012.07.26 13:53:04.587,1.01598,1.01621,2.16,1.50
2012.07.26 13:53:04.700,1.01602,1.01622,1.50,1.60
2012.07.26 13:53:05.030,1.01606,1.01629,1.50,1.60
2012.07.26 13:53:05.361,1.0161,1.0163,1.50,1.60
2012.07.26 13:53:05.585,1.01608,1.01629,1.50,1.60
2012.07.26 13:53:06.126,1.01608,1.01629,1.50,1.60
2012.07.26 13:53:06.688,1.01608,1.01629,1.50,1.60
2012.07.26 13:53:06.747,1.01608,1.01629,1.50,1.60
2012.07.26 13:53:07.084,1.01611,1.01632,1.50,1.97
2012.07.26 13:53:07.305,1.01609,1.01632,1.50,1.97
2012.07.26 13:53:08.476,1.01609,1.01632,1.50,1.60
2012.07.26 13:53:08.821,1.01609,1.01632,1.50,1.60
2012.07.26 13:53:08.933,1.01609,1.01632,1.50,1.60
2012.07.26 13:53:09.276,1.01609,1.01632,1.50,1.60
2012.07.26 13:53:10.296,1.01609,1.01631,2.25,1.60
2012.07.26 13:53:10.642,1.01609,1.01631,1.50,1.60
2012.07.26 13:53:11.182,1.01607,1.01627,2.25,1.60
2012.07.26 13:53:11.241,1.01607,1.01627,1.50,2.20
2012.07.26 13:53:11.631,1.01607,1.01627,1.50,2.20
2012.07.26 13:53:11.690,1.01607,1.01627,1.50,2.20
2012.07.26 13:53:11.805,1.01607,1.01627,1.50,2.20
2012.07.26 13:53:11.974,1.01604,1.01625,1.88,1.60
2012.07.26 13:53:12.198,1.01607,1.01625,1.50,1.60
2012.07.26 13:53:12.589,1.01604,1.01624,1.50,1.60
2012.07.26 13:53:12.756,1.01604,1.01624,1.50,1.60
2012.07.26 13:53:13.305,1.01604,1.01624,1.50,1.60
2012.07.26 13:53:13.366,1.01601,1.01623,1.50,1.60
2012.07.26 13:53:13.589,1.01599,1.0162,1.50,1.60
2012.07.26 13:53:13.648,1.01597,1.01619,1.50,1.60
2012.07.26 13:53:13.762,1.01599,1.0162,1.50,1.60
2012.07.26 13:53:14.091,1.01599,1.01621,1.50,1.60
2012.07.26 13:53:14.538,1.01597,1.01618,1.50,1.60
2012.07.26 13:53:14.871,1.01595,1.01613,1.50,1.60
2012.07.26 13:53:14.931,1.0159,1.01613,1.50,1.60
2012.07.26 13:53:14.991,1.01593,1.01615,1.50,1.60
2012.07.26 13:53:15.493,1.01592,1.01612,3.00,1.60
2012.07.26 13:53:16.595,1.01594,1.01614,1.50,1.60
2012.07.26 13:53:16.921,1.01593,1.01614,1.50,1.60
2012.07.26 13:53:17.628,1.01596,1.01618,2.25,1.60
2012.07.26 13:53:17.797,1.01593,1.01614,3.00,1.60
2012.07.26 13:53:17.911,1.01595,1.01616,1.50,1.60
2012.07.26 13:53:18.219,1.01592,1.01615,3.00,1.60
2012.07.26 13:53:18.736,1.01591,1.01613,1.50,1.60
2012.07.26 13:53:19.298,1.01592,1.01612,1.50,1.60
2012.07.26 13:53:19.358,1.01592,1.01612,1.50,3.10
2012.07.26 13:53:19.987,1.01592,1.01612,1.50,1.60
2012.07.26 13:53:22.101,1.01592,1.01612,1.50,1.60
2012.07.26 13:53:23.648,1.01592,1.01612,2.25,1.60
2012.07.26 13:53:23.708,1.0159,1.0161,1.50,1.60
2012.07.26 13:53:23.877,1.01587,1.01609,4.41,1.50
2012.07.26 13:53:24.176,1.01589,1.01611,1.50,1.60
2012.07.26 13:53:24.746,1.01589,1.01611,1.50,1.60
2012.07.26 13:53:25.931,1.01589,1.01611,1.50,1.60
2012.07.26 13:53:26.045,1.01592,1.01612,1.50,3.10
2012.07.26 13:53:26.378,1.01585,1.01606,2.25,1.60
2012.07.26 13:53:26.438,1.01585,1.01606,2.25,1.60
2012.07.26 13:53:26.606,1.01587,1.01608,1.41,1.50
2012.07.26 13:53:26.665,1.01587,1.01604,1.41,1.50
2012.07.26 13:53:26.886,1.01587,1.01607,1.41,1.50
2012.07.26 13:53:27.409,1.01587,1.01606,1.41,1.50
2012.07.26 13:53:27.630,1.01587,1.01606,1.50,2.20
2012.07.26 13:53:27.690,1.01587,1.01606,1.50,2.20
2012.07.26 13:53:27.749,1.01589,1.01609,1.50,2.20
2012.07.26 13:53:27.917,1.01589,1.01608,1.50,1.60
2012.07.26 13:53:28.032,1.0159,1.0161,1.50,1.60
2012.07.26 13:53:28.254,1.01594,1.01613,1.50,1.60
2012.07.26 13:53:28.313,1.01592,1.01614,3.00,1.60
2012.07.26 13:53:28.894,1.01591,1.01611,1.50,1.60
2012.07.26 13:53:28.954,1.01589,1.01606,1.50,1.50
2012.07.26 13:53:29.262,1.01593,1.01609,1.50,1.60
2012.07.26 13:53:29.321,1.01588,1.01609,2.18,1.60
2012.07.26 13:53:29.381,1.01594,1.0161,1.50,1.60
2012.07.26 13:53:29.676,1.01591,1.01613,1.50,1.60
2012.07.26 13:53:29.790,1.01591,1.01613,2.16,1.60
2012.07.26 13:53:29.850,1.01594,1.01616,1.50,1.60
2012.07.26 13:53:30.175,1.01595,1.01615,1.50,1.60
2012.07.26 13:53:31.769,1.01595,1.01615,1.50,1.60
2012.07.26 13:53:32.280,1.01595,1.01615,1.50,1.60
2012.07.26 13:53:32.339,1.01595,1.01615,1.50,1.50
2012.07.26 13:53:32.400,1.01598,1.01618,1.50,2.35
2012.07.26 13:53:32.730,1.01595,1.01617,1.50,1.97
2012.07.26 13:53:33.043,1.01595,1.01617,1.50,3.47
2012.07.26 13:53:33.102,1.01591,1.01608,1.50,1.60
2012.07.26 13:53:33.165,1.01593,1.01613,2.25,1.60
2012.07.26 13:53:33.488,1.01593,1.01613,1.50,1.60
2012.07.26 13:53:34.251,1.01593,1.01613,1.50,1.60
2012.07.26 13:53:34.365,1.01593,1.01613,1.50,1.60
2012.07.26 13:53:34.896,1.01594,1.01616,1.50,1.60
2012.07.26 13:53:35.010,1.01594,1.01616,1.50,1.60
2012.07.26 13:53:35.177,1.01596,1.01618,1.50,1.60
2012.07.26 13:53:35.670,1.01591,1.01611,1.50,3.10
2012.07.26 13:53:35.730,1.01588,1.0161,1.50,1.60
2012.07.26 13:53:35.898,1.01584,1.01606,2.54,1.60
2012.07.26 13:53:36.011,1.01585,1.01605,2.25,1.50
2012.07.26 13:53:36.124,1.01585,1.01605,1.50,1.50
2012.07.26 13:53:36.246,1.01589,1.01608,1.50,1.60
2012.07.26 13:53:37.196,1.01588,1.01608,1.50,1.60
2012.07.26 13:53:37.255,1.01582,1.01604,2.91,1.50
2012.07.26 13:53:37.334,1.01588,1.01605,1.50,1.50
2012.07.26 13:53:37.941,1.01588,1.01608,1.50,1.60
2012.07.26 13:53:38.681,1.01587,1.01609,1.50,1.60
2012.07.26 13:53:39.134,1.01585,1.01607,3.66,1.60
2012.07.26 13:53:39.354,1.01583,1.01605,1.50,1.60
2012.07.26 13:53:40.610,1.01583,1.01605,2.16,1.50
2012.07.26 13:53:41.886,1.01583,1.01605,2.16,1.60
2012.07.26 13:53:42.167,1.01587,1.01607,1.50,1.60
2012.07.26 13:53:42.809,1.01585,1.01605,1.50,1.60
2012.07.26 13:53:43.031,1.01582,1.01602,2.91,1.50
2012.07.26 13:53:43.253,1.01585,1.01605,1.50,1.60
2012.07.26 13:53:44.034,1.01586,1.01608,1.50,1.60
2012.07.26 13:53:44.392,1.01583,1.01605,2.16,1.60
2012.07.26 13:53:45.245,1.01585,1.01607,1.50,1.60
2012.07.26 13:53:45.574,1.01583,1.01603,1.50,1.60
2012.07.26 13:53:46.307,1.01583,1.01603,2.16,1.50
2012.07.26 13:53:46.706,1.01586,1.01606,1.50,1.60
2012.07.26 13:53:47.255,1.01586,1.01606,2.25,1.60
2012.07.26 13:53:47.544,1.01584,1.01604,1.50,1.60
2012.07.26 13:53:47.958,1.01585,1.01607,3.75,1.60
2012.07.26 13:53:48.291,1.01592,1.01612,1.50,3.25
2012.07.26 13:53:48.514,1.0159,1.01613,3.00,2.20
2012.07.26 13:53:48.574,1.0159,1.01613,1.50,2.20
2012.07.26 13:53:48.796,1.01592,1.01613,1.50,1.97
2012.07.26 13:53:48.856,1.01593,1.01616,1.50,1.97
2012.07.26 13:53:49.416,1.01592,1.01615,1.50,1.97
2012.07.26 13:53:49.724,1.0159,1.01613,1.50,1.60
2012.07.26 13:53:49.795,1.0159,1.01613,1.50,1.60
2012.07.26 13:53:49.909,1.0159,1.01613,1.50,1.60
2012.07.26 13:53:50.019,1.0159,1.01613,1.50,1.60
2012.07.26 13:53:50.142,1.0159,1.01613,1.50,1.60
2012.07.26 13:53:50.275,1.0159,1.01613,1.50,1.60
2012.07.26 13:53:50.808,1.01589,1.0161,1.50,1.60
2012.07.26 13:53:51.167,1.01587,1.01608,2.25,1.60
2012.07.26 13:53:51.939,1.01587,1.01608,1.50,1.60
2012.07.26 13:53:52.215,1.01587,1.01608,2.25,1.60
2012.07.26 13:53:52.496,1.01587,1.01608,2.25,1.60
2012.07.26 13:53:52.966,1.01587,1.01608,2.25,3.70
2012.07.26 13:53:53.242,1.01584,1.01607,1.50,1.60
2012.07.26 13:53:53.303,1.01584,1.01603,2.25,1.60
2012.07.26 13:53:53.417,1.01588,1.01601,1.50,1.50
2012.07.26 13:53:53.541,1.0159,1.01609,1.50,1.60
2012.07.26 13:53:53.601,1.01586,1.01608,2.16,1.60
2012.07.26 13:53:53.715,1.01591,1.01609,1.50,1.60
2012.07.26 13:53:54.164,1.01591,1.01611,1.50,1.60
2012.07.26 13:53:54.661,1.01593,1.01613,1.50,1.60
2012.07.26 13:53:55.202,1.01594,1.01616,2.16,1.60
2012.07.26 13:53:55.330,1.01599,1.01621,1.50,1.97
2012.07.26 13:53:56.016,1.01599,1.01621,1.50,1.97
2012.07.26 13:53:56.118,1.01599,1.01621,1.50,1.97
2012.07.26 13:53:56.233,1.01597,1.01619,1.50,1.60
2012.07.26 13:53:56.347,1.01595,1.01615,1.50,1.60
2012.07.26 13:53:56.462,1.01598,1.01618,1.50,1.60
2012.07.26 13:53:56.956,1.01595,1.01617,3.00,1.60
2012.07.26 13:53:57.466,1.01597,1.01619,1.50,1.60
2012.07.26 13:53:57.798,1.01601,1.0162,1.50,1.60
2012.07.26 13:53:57.861,1.01603,1.01623,1.50,1.97
2012.07.26 13:53:58.037,1.01603,1.01623,1.50,1.97
2012.07.26 13:53:58.707,1.01603,1.01625,1.50,1.97
2012.07.26 13:53:58.766,1.01604,1.01624,1.50,1.97
2012.07.26 13:53:58.826,1.01604,1.01624,1.50,1.97
2012.07.26 13:53:58.940,1.01604,1.01624,1.50,1.60
2012.07.26 13:53:59.164,1.01604,1.01624,1.50,1.60
2012.07.26 13:54:00.039,1.01604,1.01624,1.50,1.50
2012.07.26 13:54:00.154,1.01606,1.01628,1.50,1.60
2012.07.26 13:54:00.887,1.01606,1.01627,1.50,1.60
2012.07.26 13:54:01.229,1.01608,1.01628,1.50,1.60
2012.07.26 13:54:01.730,1.01607,1.01629,1.50,1.60
2012.07.26 13:54:02.152,1.01605,1.01625,1.50,1.60
2012.07.26 13:54:02.429,1.01607,1.01629,1.50,1.60
2012.07.26 13:54:02.867,1.01607,1.01629,1.50,1.60
2012.07.26 13:54:03.299,1.01606,1.01628,1.50,3.10
2012.07.26 13:54:03.721,1.01604,1.01626,2.16,1.60
2012.07.26 13:54:03.865,1.01607,1.01627,1.50,3.10
2012.07.26 13:54:04.089,1.01605,1.01626,1.50,1.60
2012.07.26 13:54:04.258,1.01606,1.01627,2.16,1.60
2012.07.26 13:54:04.318,1.01606,1.01627,1.50,1.60
2012.07.26 13:54:04.709,1.01606,1.01627,1.50,1.97
2012.07.26 13:54:04.770,1.01601,1.01622,1.50,1.60
2012.07.26 13:54:04.993,1.01599,1.0162,1.50,1.60
2012.07.26 13:54:05.747,1.01601,1.01622,1.50,1.60
2012.07.26 13:54:06.179,1.01598,1.01621,3.00,1.60
2012.07.26 13:54:06.401,1.01602,1.01621,1.26,1.50
2012.07.26 13:54:06.462,1.01602,1.01623,1.26,1.50
2012.07.26 13:54:06.522,1.01602,1.01623,1.26,1.50
2012.07.26 13:54:06.826,1.01601,1.01623,2.16,1.50
2012.07.26 13:54:07.056,1.01602,1.01623,1.41,1.50
2012.07.26 13:54:07.171,1.01606,1.01626,2.16,1.88
2012.07.26 13:54:07.504,1.01613,1.01635,1.50,1.97
2012.07.26 13:54:08.052,1.01613,1.01636,1.50,1.97
2012.07.26 13:54:08.165,1.01613,1.01636,1.50,1.97
2012.07.26 13:54:08.333,1.01611,1.01634,1.50,1.60
2012.07.26 13:54:09.306,1.01611,1.01634,2.16,1.60
2012.07.26 13:54:09.769,1.01611,1.01634,1.50,1.60
2012.07.26 13:54:09.841,1.01609,1.0163,1.50,1.60
2012.07.26 13:54:09.912,1.01607,1.01629,1.50,1.60
2012.07.26 13:54:10.047,1.01608,1.01629,1.50,1.97
2012.07.26 13:54:10.216,1.01608,1.01628,1.50,1.97
2012.07.26 13:54:10.385,1.01605,1.01627,2.16,1.97
2012.07.26 13:54:10.446,1.01605,1.01627,2.16,1.88
2012.07.26 13:54:11.018,1.01605,1.01626,2.16,1.50
2012.07.26 13:54:11.567,1.01607,1.01627,2.91,1.88
2012.07.26 13:54:11.900,1.01614,1.01634,1.50,1.97
2012.07.26 13:54:12.068,1.01614,1.01634,1.50,1.60
2012.07.26 13:54:12.128,1.01614,1.01634,1.50,1.50
2012.07.26 13:54:12.853,1.01616,1.01636,1.50,1.60
2012.07.26 13:54:13.184,1.01616,1.01638,2.91,1.60
2012.07.26 13:54:13.297,1.01616,1.01638,1.50,1.60
2012.07.26 13:54:13.411,1.01614,1.01636,1.88,1.60
2012.07.26 13:54:14.684,1.01614,1.01636,2.54,1.50
2012.07.26 13:54:14.890,1.01618,1.01637,1.50,1.50
2012.07.26 13:54:15.615,1.01618,1.01638,1.50,1.50
2012.07.26 13:54:18.125,1.01615,1.01637,2.16,1.50
2012.07.26 13:54:23.199,1.01615,1.01637,2.16,1.50
2012.07.26 13:54:23.654,1.01621,1.01641,1.50,1.60
2012.07.26 13:54:24.036,1.01618,1.0164,1.50,1.60
2012.07.26 13:54:24.695,1.01616,1.01637,1.41,1.50
2012.07.26 13:54:25.069,1.01617,1.01639,1.50,1.60
2012.07.26 13:54:25.239,1.01615,1.01635,3.00,1.60
2012.07.26 13:54:25.300,1.01615,1.01635,1.50,1.60
2012.07.26 13:54:25.360,1.01612,1.01635,3.75,1.97
2012.07.26 13:54:25.476,1.01611,1.01633,1.50,4.15
2012.07.26 13:54:25.592,1.01609,1.01629,1.41,1.50
2012.07.26 13:54:26.176,1.0161,1.0163,2.16,1.50
2012.07.26 13:54:26.241,1.01611,1.01633,1.50,1.97
2012.07.26 13:54:27.326,1.01611,1.01633,1.50,1.50
2012.07.26 13:54:27.440,1.01609,1.01631,2.16,1.50
2012.07.26 13:54:27.998,1.01609,1.01631,2.16,1.50
2012.07.26 13:54:28.557,1.01612,1.01634,1.50,1.97
2012.07.26 13:54:29.121,1.01612,1.01634,1.50,1.60
2012.07.26 13:54:29.664,1.01611,1.01633,2.16,1.60
2012.07.26 13:54:30.199,1.01607,1.01627,2.16,1.50
2012.07.26 13:54:30.420,1.01611,1.01631,2.16,1.50
2012.07.26 13:54:31.836,1.01609,1.01629,3.66,1.50
2012.07.26 13:54:33.142,1.01611,1.01631,2.16,1.50
2012.07.26 13:54:33.580,1.01609,1.01629,2.16,1.50
2012.07.26 13:54:33.809,1.0161,1.01632,2.16,1.60
2012.07.26 13:54:34.183,1.01609,1.01629,2.16,1.50
2012.07.26 13:54:36.236,1.01606,1.01628,4.41,1.50
2012.07.26 13:54:36.861,1.01607,1.01627,2.16,1.50
2012.07.26 13:54:37.394,1.01605,1.01625,2.16,1.50
2012.07.26 13:54:37.618,1.01605,1.01625,2.16,1.50
2012.07.26 13:54:37.790,1.01606,1.01628,2.16,1.50
2012.07.26 13:54:38.408,1.01604,1.01623,2.16,1.50
2012.07.26 13:54:38.469,1.01602,1.01623,2.63,1.60
2012.07.26 13:54:38.528,1.016,1.01619,1.04,1.50
2012.07.26 13:54:38.842,1.01598,1.01617,1.04,1.50
2012.07.26 13:54:39.283,1.01598,1.0162,1.88,1.60
2012.07.26 13:54:39.463,1.01599,1.0162,1.04,1.60
2012.07.26 13:54:39.742,1.01596,1.01618,2.91,1.50
2012.07.26 13:54:39.856,1.01596,1.01618,1.50,1.50
2012.07.26 13:54:40.217,1.016,1.0162,1.50,1.60
2012.07.26 13:54:40.551,1.01599,1.01611,1.50,1.50
2012.07.26 13:54:40.611,1.01593,1.01611,1.41,1.50
2012.07.26 13:54:41.021,1.01592,1.0161,1.41,3.00
2012.07.26 13:54:41.081,1.01592,1.0161,1.41,3.00
2012.07.26 13:54:41.419,1.01597,1.01611,1.41,1.50
2012.07.26 13:54:41.478,1.01597,1.01613,1.41,3.00
2012.07.26 13:54:41.648,1.01596,1.01612,1.41,1.50
2012.07.26 13:54:41.898,1.01598,1.01615,1.50,1.50
2012.07.26 13:54:41.959,1.01598,1.01618,1.50,1.50
2012.07.26 13:54:42.460,1.01597,1.01619,2.16,1.50
2012.07.26 13:54:43.526,1.01599,1.01621,1.50,1.60
2012.07.26 13:54:43.831,1.01599,1.01621,2.91,1.60
2012.07.26 13:54:44.000,1.01599,1.01621,2.16,1.60
2012.07.26 13:54:44.060,1.01602,1.01622,1.50,1.60
2012.07.26 13:54:44.394,1.01594,1.01616,2.16,1.50
2012.07.26 13:54:44.670,1.01594,1.01616,2.16,1.50
2012.07.26 13:54:44.730,1.01593,1.01614,2.16,1.50
2012.07.26 13:54:45.047,1.01592,1.01612,2.16,3.00
2012.07.26 13:54:46.595,1.01594,1.01614,2.16,1.50
2012.07.26 13:54:46.803,1.01597,1.01614,1.50,1.50
2012.07.26 13:54:46.866,1.01597,1.01617,2.16,1.50
2012.07.26 13:54:48.432,1.01595,1.01615,2.16,1.50
2012.07.26 13:54:48.600,1.01595,1.01615,1.50,1.50
2012.07.26 13:54:48.753,1.01595,1.01615,2.25,1.50
2012.07.26 13:54:49.087,1.01593,1.01613,2.25,1.60
2012.07.26 13:54:49.202,1.01593,1.01613,1.50,1.60
2012.07.26 13:54:49.371,1.01591,1.01611,1.50,1.50
2012.07.26 13:54:49.432,1.01589,1.01609,2.16,1.50
2012.07.26 13:54:49.877,1.01591,1.01611,2.16,1.50
2012.07.26 13:54:50.398,1.01589,1.01607,2.16,1.50
2012.07.26 13:54:50.676,1.01592,1.01613,1.50,1.60
2012.07.26 13:54:51.035,1.01592,1.01612,1.50,3.77
2012.07.26 13:54:51.596,1.01591,1.01611,1.50,1.60
2012.07.26 13:54:51.656,1.01589,1.01609,1.50,1.60
2012.07.26 13:54:51.988,1.01594,1.01609,1.50,1.50
2012.07.26 13:54:52.047,1.01594,1.01616,1.50,1.60
2012.07.26 13:54:52.296,1.01597,1.01617,1.50,1.60
2012.07.26 13:54:52.465,1.01595,1.01617,1.50,1.60
2012.07.26 13:54:52.525,1.01595,1.01617,1.50,1.60
2012.07.26 13:54:52.932,1.01599,1.01619,1.50,1.60
2012.07.26 13:54:53.628,1.01599,1.01619,1.50,1.60
2012.07.26 13:54:57.052,1.01599,1.01619,1.50,3.10
2012.07.26 13:54:57.112,1.01595,1.01617,1.50,1.60
2012.07.26 13:54:57.501,1.01595,1.01612,1.50,2.27
2012.07.26 13:54:57.670,1.01591,1.01612,1.50,2.27
2012.07.26 13:54:57.900,1.01592,1.01612,1.50,1.60
2012.07.26 13:54:58.370,1.01593,1.01608,1.50,2.20
2012.07.26 13:54:58.430,1.01584,1.01606,1.50,1.60
2012.07.26 13:54:58.492,1.01584,1.01606,1.50,1.60
2012.07.26 13:54:58.669,1.01584,1.01606,1.50,1.60
2012.07.26 13:54:59.133,1.01582,1.01603,2.16,1.50
2012.07.26 13:54:59.667,1.01585,1.01604,1.50,1.50
2012.07.26 13:54:59.946,1.0158,1.016,1.50,1.50
2012.07.26 13:55:00.006,1.01583,1.01602,1.50,1.50
2012.07.26 13:55:00.066,1.01583,1.01605,1.50,1.60
2012.07.26 13:55:00.126,1.01581,1.01603,3.00,1.50
2012.07.26 13:55:00.491,1.01583,1.01605,1.50,1.60
2012.07.26 13:55:00.842,1.01582,1.01602,1.50,1.50
2012.07.26 13:55:01.177,1.01584,1.01604,1.50,1.50
2012.07.26 13:55:01.681,1.01584,1.01605,2.16,1.50
2012.07.26 13:55:01.742,1.01585,1.01608,1.50,3.68
2012.07.26 13:55:01.802,1.01587,1.01608,1.50,2.10
2012.07.26 13:55:02.129,1.01586,1.01608,1.50,2.20
2012.07.26 13:55:02.648,1.01587,1.01607,1.50,3.10
2012.07.26 13:55:02.748,1.01585,1.01605,1.50,1.50
2012.07.26 13:55:03.353,1.01586,1.01608,1.50,2.20
2012.07.26 13:55:03.423,1.01582,1.01602,1.50,1.50
2012.07.26 13:55:04.453,1.01583,1.01605,1.50,1.50
2012.07.26 13:55:05.016,1.01583,1.01605,2.16,1.50
2012.07.26 13:55:05.077,1.01585,1.01607,1.50,1.50
2012.07.26 13:55:05.298,1.01585,1.01607,2.16,1.50
2012.07.26 13:55:05.413,1.01585,1.01607,1.50,1.50
2012.07.26 13:55:05.472,1.01587,1.01608,1.50,3.00
2012.07.26 13:55:05.805,1.01583,1.01605,1.50,1.50
2012.07.26 13:55:06.138,1.01587,1.01608,1.50,1.50
2012.07.26 13:55:06.438,1.0159,1.0161,1.50,1.50
2012.07.26 13:55:06.784,1.01585,1.01605,1.50,1.50
2012.07.26 13:55:07.433,1.01587,1.01607,1.50,1.50
2012.07.26 13:55:07.657,1.01586,1.01609,1.50,1.50
2012.07.26 13:55:08.213,1.01589,1.01611,1.50,1.50
2012.07.26 13:55:08.725,1.01589,1.01612,1.50,1.50
2012.07.26 13:55:09.089,1.01588,1.01609,2.16,1.50
2012.07.26 13:55:09.473,1.01586,1.01607,2.16,1.50
2012.07.26 13:55:11.472,1.01583,1.01604,2.16,1.50
2012.07.26 13:55:12.236,1.01583,1.01604,2.16,1.50
2012.07.26 13:55:12.349,1.01585,1.01608,1.50,1.50
2012.07.26 13:55:12.462,1.01583,1.01606,3.66,1.50
2012.07.26 13:55:12.791,1.01583,1.01603,2.16,1.50
2012.07.26 13:55:13.026,1.01583,1.01606,1.88,1.50
2012.07.26 13:55:13.086,1.01583,1.01602,1.88,2.18
2012.07.26 13:55:13.420,1.01578,1.01601,1.50,3.00
2012.07.26 13:55:13.534,1.01578,1.01599,1.50,1.50
2012.07.26 13:55:13.865,1.01573,1.01595,2.54,1.50
2012.07.26 13:55:13.924,1.01575,1.01597,2.16,3.00
2012.07.26 13:55:14.510,1.01575,1.01597,1.50,1.50
2012.07.26 13:55:14.848,1.01573,1.01595,3.00,1.50
2012.07.26 13:55:18.051,1.01572,1.01592,2.16,1.50
2012.07.26 13:55:18.168,1.01573,1.01595,1.50,2.10
2012.07.26 13:55:18.228,1.01573,1.01595,1.50,2.20
2012.07.26 13:55:18.561,1.01573,1.01592,1.50,2.27
2012.07.26 13:55:18.676,1.01573,1.0159,1.50,1.50
2012.07.26 13:55:18.736,1.01567,1.01588,2.16,1.50
2012.07.26 13:55:18.851,1.01567,1.01588,2.16,2.10
2012.07.26 13:55:19.297,1.01565,1.01587,1.50,1.50
2012.07.26 13:55:19.358,1.01565,1.01583,1.50,1.50
2012.07.26 13:55:19.419,1.0156,1.01582,1.88,1.50
2012.07.26 13:55:19.693,1.0156,1.01582,1.50,1.50
2012.07.26 13:55:20.229,1.01562,1.01584,1.50,1.50
2012.07.26 13:55:20.575,1.01562,1.01584,2.16,1.50
2012.07.26 13:55:20.690,1.01566,1.01588,1.50,1.50
2012.07.26 13:55:21.208,1.01566,1.01588,2.25,1.50
2012.07.26 13:55:21.595,1.01568,1.0159,1.50,1.50
2012.07.26 13:55:21.821,1.01569,1.01591,2.76,1.50
2012.07.26 13:55:22.044,1.01573,1.01594,2.16,1.50
2012.07.26 13:55:22.507,1.0157,1.01591,2.16,1.50
2012.07.26 13:55:22.826,1.01572,1.01593,2.16,1.50
2012.07.26 13:55:23.276,1.01572,1.01593,2.16,3.00
2012.07.26 13:55:23.555,1.01569,1.01589,3.66,1.50
2012.07.26 13:55:23.615,1.01569,1.01589,3.00,1.50
2012.07.26 13:55:23.933,1.01569,1.01589,2.16,1.50
2012.07.26 13:55:23.992,1.01569,1.01589,1.50,1.50
2012.07.26 13:55:24.225,1.01566,1.01588,1.50,1.50
2012.07.26 13:55:24.420,1.01566,1.01588,2.16,1.50
2012.07.26 13:55:24.883,1.01572,1.01592,1.50,1.50
2012.07.26 13:55:25.755,1.0157,1.0159,1.50,1.50
2012.07.26 13:55:26.102,1.01568,1.01588,2.16,1.50
2012.07.26 13:55:26.281,1.01569,1.01591,1.50,1.50
2012.07.26 13:55:26.394,1.01571,1.01593,1.50,3.00
2012.07.26 13:55:26.961,1.01572,1.01592,1.50,1.50
2012.07.26 13:55:27.021,1.0157,1.01592,1.50,1.50
2012.07.26 13:55:27.523,1.01572,1.01594,1.50,1.50
2012.07.26 13:55:27.952,1.01569,1.01591,2.54,1.50
2012.07.26 13:55:28.417,1.01569,1.01591,2.54,1.50
2012.07.26 13:55:28.611,1.01573,1.01593,2.16,3.00
2012.07.26 13:55:29.071,1.01569,1.0159,1.04,1.50
2012.07.26 13:55:29.329,1.01571,1.01593,1.50,3.00
2012.07.26 13:55:29.498,1.01574,1.01594,1.50,3.00
2012.07.26 13:55:31.383,1.01572,1.01592,2.16,1.50
2012.07.26 13:55:31.741,1.01569,1.01592,3.00,1.50
2012.07.26 13:55:31.806,1.01569,1.01589,1.50,1.50
2012.07.26 13:55:31.868,1.01569,1.01592,1.50,1.50
2012.07.26 13:55:31.989,1.01572,1.01593,1.50,3.00
2012.07.26 13:55:32.953,1.01574,1.01595,1.50,3.00
2012.07.26 13:55:33.753,1.01573,1.01595,2.16,1.50
2012.07.26 13:55:33.922,1.01573,1.01595,1.88,1.50
2012.07.26 13:55:34.311,1.01577,1.01599,1.50,1.50
2012.07.26 13:55:34.759,1.01579,1.01598,2.16,1.50
2012.07.26 13:55:34.819,1.01581,1.01601,2.16,1.50
2012.07.26 13:55:35.153,1.01577,1.01599,1.50,1.50
2012.07.26 13:55:35.376,1.01575,1.01595,1.50,1.50
2012.07.26 13:55:35.707,1.01577,1.01597,1.50,1.50
2012.07.26 13:55:36.049,1.01573,1.01593,1.50,1.50
2012.07.26 13:55:37.050,1.01576,1.01596,1.50,3.00
2012.07.26 13:55:40.008,1.01576,1.01596,2.16,1.50
2012.07.26 13:55:40.231,1.01576,1.01596,1.50,1.50
2012.07.26 13:55:40.291,1.01574,1.01596,1.50,1.50
2012.07.26 13:55:40.688,1.01573,1.01591,1.50,1.50
2012.07.26 13:55:40.802,1.01568,1.01588,1.50,1.50
2012.07.26 13:55:41.383,1.01568,1.01588,2.16,1.50
2012.07.26 13:55:41.790,1.01568,1.01586,2.84,1.50
2012.07.26 13:55:41.915,1.01568,1.01589,2.84,1.50
2012.07.26 13:55:42.431,1.0157,1.01593,2.16,1.50
2012.07.26 13:55:42.632,1.01568,1.01591,4.34,1.50
2012.07.26 13:55:42.988,1.01568,1.01591,4.34,1.50
2012.07.26 13:55:43.447,1.01568,1.01591,3.68,1.50
2012.07.26 13:55:43.725,1.01566,1.01588,1.50,1.50
2012.07.26 13:55:44.305,1.01565,1.01588,1.50,1.50
2012.07.26 13:55:44.810,1.01568,1.01591,1.50,1.88
2012.07.26 13:55:45.582,1.01568,1.01591,2.16,1.50
2012.07.26 13:55:45.805,1.0157,1.01593,1.50,1.50
2012.07.26 13:55:45.866,1.01575,1.01595,1.50,1.50
2012.07.26 13:55:45.927,1.01575,1.01598,1.50,1.60
2012.07.26 13:55:45.989,1.01574,1.01595,1.50,1.50
2012.07.26 13:55:46.517,1.01573,1.01596,1.50,1.50
2012.07.26 13:55:46.849,1.01576,1.01599,1.50,1.50
2012.07.26 13:55:47.181,1.01579,1.01598,1.50,1.50
2012.07.26 13:55:47.351,1.01576,1.01596,1.50,1.88
2012.07.26 13:55:47.912,1.01578,1.01598,1.50,1.88
2012.07.26 13:55:48.162,1.01578,1.01598,1.50,1.50
2012.07.26 13:55:48.894,1.01578,1.01596,1.50,1.50
2012.07.26 13:55:48.954,1.01574,1.01594,1.50,1.50
2012.07.26 13:55:49.229,1.01576,1.01596,1.50,1.50
2012.07.26 13:55:49.397,1.01577,1.01599,1.50,1.50
2012.07.26 13:55:51.159,1.01575,1.01594,1.50,1.50
2012.07.26 13:55:52.048,1.01572,1.01594,2.91,1.50
2012.07.26 13:55:52.380,1.01569,1.01591,1.41,1.50
2012.07.26 13:55:52.555,1.01572,1.01593,1.41,1.50
2012.07.26 13:55:52.615,1.01572,1.01593,1.41,1.50
2012.07.26 13:55:53.139,1.01578,1.01596,2.84,1.88
2012.07.26 13:55:53.318,1.01581,1.01596,1.50,1.88
2012.07.26 13:55:53.604,1.01584,1.01604,1.50,1.50
2012.07.26 13:55:54.135,1.01585,1.01604,1.50,1.50
2012.07.26 13:55:54.195,1.01587,1.01607,1.50,1.88
2012.07.26 13:55:54.255,1.01585,1.01603,1.50,1.50
2012.07.26 13:55:54.315,1.01583,1.01603,1.50,1.50
2012.07.26 13:55:54.570,1.01583,1.01605,1.50,3.00
2012.07.26 13:55:56.611,1.01584,1.01605,1.50,1.50
2012.07.26 13:55:56.670,1.01586,1.01606,1.50,1.50
2012.07.26 13:55:57.228,1.01584,1.01603,1.50,1.50
2012.07.26 13:55:57.288,1.01586,1.01606,1.50,1.88
2012.07.26 13:55:59.148,1.01583,1.01605,3.00,1.50
2012.07.26 13:55:59.261,1.01583,1.01601,1.50,1.50
2012.07.26 13:55:59.320,1.01579,1.01601,1.88,1.50
2012.07.26 13:55:59.926,1.01582,1.01602,1.50,1.50
2012.07.26 13:55:59.985,1.01582,1.01604,1.50,1.50
2012.07.26 13:56:00.998,1.01581,1.01602,1.50,1.50
2012.07.26 13:56:01.329,1.01577,1.01598,4.34,1.50
2012.07.26 13:56:01.722,1.01578,1.01599,2.16,3.00
2012.07.26 13:56:01.783,1.01577,1.016,3.68,1.50
2012.07.26 13:56:01.898,1.01576,1.01598,2.16,1.50
2012.07.26 13:56:02.535,1.01577,1.01599,1.50,1.50
2012.07.26 13:56:03.093,1.01577,1.016,1.50,1.50
2012.07.26 13:56:05.556,1.01577,1.01596,2.16,1.50
2012.07.26 13:56:07.467,1.01574,1.01596,2.16,1.50
2012.07.26 13:56:07.981,1.01572,1.01595,2.16,1.50
2012.07.26 13:56:08.040,1.01571,1.01591,2.16,1.50
2012.07.26 13:56:08.728,1.01571,1.01592,2.16,1.50
2012.07.26 13:56:09.050,1.01573,1.01594,2.16,1.50
2012.07.26 13:56:09.337,1.01576,1.01596,3.00,1.88
2012.07.26 13:56:09.511,1.01576,1.01595,2.16,1.50
2012.07.26 13:56:09.955,1.01577,1.01597,2.16,1.88
2012.07.26 13:56:10.142,1.0158,1.01602,1.50,3.38
2012.07.26 13:56:10.385,1.01583,1.01603,1.50,3.68
2012.07.26 13:56:10.444,1.01583,1.01603,2.16,3.68
2012.07.26 13:56:10.612,1.01587,1.01608,1.50,1.50
2012.07.26 13:56:10.733,1.01588,1.01611,1.50,2.63
2012.07.26 13:56:12.209,1.01586,1.01609,1.50,1.50
2012.07.26 13:56:12.560,1.01591,1.01611,1.50,1.60
2012.07.26 13:56:13.051,1.01585,1.01605,1.50,1.50
2012.07.26 13:56:13.448,1.01587,1.01607,1.50,1.50
2012.07.26 13:56:14.108,1.01587,1.0161,1.50,1.50
2012.07.26 13:56:14.228,1.0159,1.01611,1.50,1.60
2012.07.26 13:56:15.296,1.01588,1.01609,1.50,1.50
2012.07.26 13:56:15.629,1.01587,1.01607,1.50,1.60
2012.07.26 13:56:15.852,1.01583,1.01605,1.50,1.50
2012.07.26 13:56:15.970,1.01588,1.01609,1.50,1.60
2012.07.26 13:56:16.302,1.01588,1.01606,1.50,1.60
2012.07.26 13:56:16.416,1.01586,1.01606,1.50,1.60
2012.07.26 13:56:16.605,1.01584,1.01604,1.50,1.50
2012.07.26 13:56:17.745,1.01581,1.01601,1.50,1.50
2012.07.26 13:56:18.183,1.01579,1.01599,2.16,1.50
2012.07.26 13:56:18.298,1.01581,1.01602,2.16,1.50
2012.07.26 13:56:18.413,1.01583,1.01604,1.50,1.50
2012.07.26 13:56:18.527,1.01584,1.01606,1.50,1.50
2012.07.26 13:56:18.599,1.01584,1.01606,1.50,1.60
2012.07.26 13:56:18.660,1.01584,1.01606,1.50,1.60
2012.07.26 13:56:18.828,1.01584,1.01606,1.50,1.60
2012.07.26 13:56:18.888,1.01583,1.01603,1.50,1.50
2012.07.26 13:56:19.001,1.0158,1.01602,1.50,1.50
2012.07.26 13:56:19.502,1.01581,1.01601,1.50,1.50
2012.07.26 13:56:20.416,1.01583,1.01604,1.50,1.50
2012.07.26 13:56:20.489,1.01581,1.01599,1.50,1.50
2012.07.26 13:56:20.602,1.01579,1.01599,2.16,1.50
2012.07.26 13:56:21.251,1.01579,1.01599,2.16,1.50
2012.07.26 13:56:21.474,1.01581,1.01601,1.50,1.50
2012.07.26 13:56:24.445,1.01581,1.01601,2.16,1.50
2012.07.26 13:56:24.560,1.01581,1.01604,2.16,1.50
2012.07.26 13:56:24.782,1.01581,1.01604,2.16,1.50
2012.07.26 13:56:24.841,1.01584,1.01604,1.50,1.50
2012.07.26 13:56:24.901,1.01585,1.01607,1.50,3.47
2012.07.26 13:56:24.961,1.01582,1.01604,1.50,1.50
2012.07.26 13:56:25.021,1.01582,1.01604,2.16,1.50
2012.07.26 13:56:25.431,1.01584,1.01606,1.50,1.60
2012.07.26 13:56:25.975,1.01579,1.01601,2.16,1.50
2012.07.26 13:56:26.092,1.01583,1.01605,1.50,1.50
2012.07.26 13:56:26.206,1.01585,1.01605,1.50,1.50
2012.07.26 13:56:26.525,1.01583,1.01603,1.50,1.50
2012.07.26 13:56:27.008,1.01581,1.01602,1.50,1.50
2012.07.26 13:56:27.182,1.01578,1.016,2.16,1.50
2012.07.26 13:56:28.332,1.01576,1.01598,3.66,1.50
2012.07.26 13:56:28.664,1.01577,1.01597,2.16,1.50
2012.07.26 13:56:29.113,1.01574,1.01596,2.54,1.50
2012.07.26 13:56:29.172,1.01574,1.01596,2.54,1.50
2012.07.26 13:56:30.185,1.01572,1.01592,3.66,1.50
2012.07.26 13:56:30.619,1.01572,1.01592,2.16,1.50
2012.07.26 13:56:30.913,1.01574,1.01596,2.16,1.50
2012.07.26 13:56:31.639,1.01577,1.01597,2.16,1.50
2012.07.26 13:56:31.807,1.01577,1.01597,2.16,1.50
2012.07.26 13:56:32.016,1.01578,1.016,2.16,1.50
2012.07.26 13:56:32.139,1.01578,1.016,3.68,1.60
2012.07.26 13:56:32.199,1.01582,1.01601,1.50,1.60
2012.07.26 13:56:32.313,1.0158,1.016,3.00,1.60
2012.07.26 13:56:32.481,1.0158,1.016,2.16,1.50
2012.07.26 13:56:32.542,1.01582,1.01602,2.16,1.50
2012.07.26 13:56:32.710,1.01582,1.01602,2.16,1.50
2012.07.26 13:56:32.994,1.01579,1.016,1.04,1.50
2012.07.26 13:56:33.054,1.0158,1.016,2.16,1.50
2012.07.26 13:56:33.113,1.01581,1.01604,2.16,1.50
2012.07.26 13:56:33.200,1.01581,1.01602,2.16,2.18
2012.07.26 13:56:34.116,1.01581,1.01604,2.16,3.00
2012.07.26 13:56:34.285,1.01578,1.016,2.16,1.50
2012.07.26 13:56:34.345,1.01581,1.01602,2.16,1.50
2012.07.26 13:56:34.404,1.01581,1.01604,2.16,1.60
2012.07.26 13:56:35.804,1.01581,1.01604,1.50,1.60
2012.07.26 13:56:36.300,1.01582,1.01603,2.16,1.50
2012.07.26 13:56:36.361,1.01582,1.01603,2.16,1.50
2012.07.26 13:56:36.868,1.01584,1.01604,2.16,1.50
2012.07.26 13:56:37.578,1.01581,1.01603,2.16,1.50
2012.07.26 13:56:37.691,1.01583,1.01605,2.16,3.00
2012.07.26 13:56:38.784,1.01583,1.01605,2.16,1.50
2012.07.26 13:56:38.981,1.01581,1.01603,3.66,1.50
2012.07.26 13:56:40.660,1.01584,1.01604,2.16,1.50
2012.07.26 13:56:41.688,1.01584,1.01604,2.16,1.50
2012.07.26 13:56:42.331,1.01586,1.01604,1.41,1.50
2012.07.26 13:56:42.515,1.0159,1.01612,1.50,1.60
2012.07.26 13:56:42.862,1.01587,1.01609,2.16,1.60
2012.07.26 13:56:43.259,1.0159,1.01611,1.50,1.60
2012.07.26 13:56:43.748,1.01592,1.01612,1.50,1.60
2012.07.26 13:56:45.389,1.01592,1.01612,2.91,1.50
2012.07.26 13:56:45.451,1.01595,1.01614,2.16,1.50
2012.07.26 13:56:45.566,1.01596,1.01618,2.16,1.97
2012.07.26 13:56:45.627,1.01598,1.01618,1.50,1.88
2012.07.26 13:56:45.688,1.016,1.01622,1.50,2.27
2012.07.26 13:56:46.056,1.01597,1.0162,1.50,1.60
2012.07.26 13:56:46.208,1.01594,1.01614,1.50,1.50
2012.07.26 13:56:46.759,1.01594,1.01613,2.16,1.50
2012.07.26 13:56:46.982,1.01596,1.01619,2.16,1.88
2012.07.26 13:56:47.042,1.01598,1.01619,1.50,1.88
2012.07.26 13:56:47.343,1.016,1.01621,1.50,1.60
2012.07.26 13:56:47.967,1.01597,1.01618,1.50,1.50
2012.07.26 13:56:49.303,1.01595,1.01616,2.16,1.50
2012.07.26 13:56:51.650,1.01595,1.01616,2.16,1.50
2012.07.26 13:56:51.863,1.01598,1.01619,1.50,1.50
2012.07.26 13:56:52.776,1.01596,1.01617,2.16,1.50
2012.07.26 13:56:53.322,1.01597,1.0162,2.16,1.60
2012.07.26 13:56:53.545,1.01602,1.01622,1.50,5.27
2012.07.26 13:56:53.714,1.01596,1.01616,2.16,1.50
2012.07.26 13:56:54.301,1.01596,1.01616,2.16,1.50
2012.07.26 13:56:55.505,1.01597,1.01619,2.16,1.50
2012.07.26 13:56:57.319,1.01602,1.01622,1.50,3.77
2012.07.26 13:56:57.442,1.016,1.01621,1.50,1.60
2012.07.26 13:56:57.781,1.01598,1.01618,1.50,1.50
2012.07.26 13:56:58.114,1.01596,1.01616,2.16,1.50
2012.07.26 13:56:58.423,1.01598,1.01618,1.50,1.50
2012.07.26 13:56:59.086,1.01596,1.01616,2.16,1.50
2012.07.26 13:56:59.199,1.01596,1.01616,1.50,1.50
2012.07.26 13:56:59.427,1.01598,1.0162,1.50,1.60
2012.07.26 13:57:02.281,1.01598,1.0162,1.50,1.50
2012.07.26 13:57:04.800,1.01598,1.0162,1.50,1.60
2012.07.26 13:57:05.023,1.01595,1.01616,1.50,1.60
2012.07.26 13:57:05.593,1.01598,1.01619,1.50,1.60
2012.07.26 13:57:05.661,1.01595,1.01616,3.00,1.60
2012.07.26 13:57:06.167,1.01595,1.01616,1.50,1.60
2012.07.26 13:57:07.809,1.01595,1.01616,1.50,1.60
2012.07.26 13:57:08.884,1.01596,1.01616,1.50,1.60
2012.07.26 13:57:09.960,1.01597,1.01619,1.50,1.60
2012.07.26 13:57:10.050,1.01595,1.01618,1.50,1.60
2012.07.26 13:57:11.970,1.01597,1.01618,1.50,1.60
2012.07.26 13:57:12.300,1.01601,1.01621,1.50,2.20
2012.07.26 13:57:12.996,1.01599,1.0162,1.50,2.20
2012.07.26 13:57:13.222,1.01596,1.01619,1.50,1.60
2012.07.26 13:57:14.723,1.01596,1.01619,2.16,1.50
2012.07.26 13:57:14.841,1.01596,1.01619,1.50,1.60
2012.07.26 13:57:15.197,1.01598,1.01619,2.84,1.50
2012.07.26 13:57:15.261,1.01605,1.01627,1.50,1.60
2012.07.26 13:57:15.960,1.01603,1.01625,2.16,1.60
2012.07.26 13:57:16.215,1.01601,1.01622,2.16,1.50
2012.07.26 13:57:16.833,1.01601,1.01622,1.50,1.60
2012.07.26 13:57:17.002,1.01599,1.0162,1.50,1.60
2012.07.26 13:57:18.781,1.01599,1.0162,1.50,1.60
2012.07.26 13:57:20.056,1.01601,1.01622,1.50,1.60
2012.07.26 13:57:20.582,1.01598,1.0162,1.50,1.60
2012.07.26 13:57:21.132,1.01598,1.0162,3.59,1.50
2012.07.26 13:57:21.410,1.01606,1.01621,1.50,1.50
2012.07.26 13:57:21.481,1.01606,1.01626,1.50,1.97
2012.07.26 13:57:21.985,1.01605,1.01627,1.50,1.60
2012.07.26 13:57:22.839,1.01603,1.01625,3.38,1.60
2012.07.26 13:57:23.839,1.01603,1.01625,1.88,1.60
2012.07.26 13:57:26.838,1.01605,1.01627,1.50,1.60
2012.07.26 13:57:26.951,1.01605,1.01627,2.16,1.50
2012.07.26 13:57:27.287,1.01603,1.01625,2.54,1.50
2012.07.26 13:57:27.809,1.01603,1.01625,1.88,1.50
2012.07.26 13:57:30.391,1.01603,1.01625,1.88,1.60
2012.07.26 13:57:30.611,1.01603,1.01625,2.54,1.60
2012.07.26 13:57:31.347,1.01604,1.01626,1.88,1.60
2012.07.26 13:57:32.213,1.01603,1.01623,2.54,1.50
2012.07.26 13:57:32.327,1.01602,1.01624,2.16,1.50
2012.07.26 13:57:32.442,1.01602,1.01624,2.16,1.50
2012.07.26 13:57:32.610,1.01602,1.0162,2.16,1.50
2012.07.26 13:57:32.945,1.01599,1.01619,2.16,1.50
2012.07.26 13:57:33.006,1.01599,1.01619,1.50,1.50
2012.07.26 13:57:33.229,1.01596,1.01618,2.16,3.00
2012.07.26 13:57:33.290,1.01595,1.01616,1.19,1.50
2012.07.26 13:57:33.695,1.01596,1.01618,2.16,3.00
2012.07.26 13:57:34.490,1.016,1.0162,1.50,1.60
2012.07.26 13:57:35.009,1.016,1.0162,2.16,1.50
2012.07.26 13:57:35.071,1.01601,1.01623,2.16,1.60
2012.07.26 13:57:35.828,1.01599,1.01619,3.00,1.60
2012.07.26 13:57:37.400,1.016,1.01621,1.50,1.60
2012.07.26 13:57:38.220,1.01598,1.0162,1.50,1.60
2012.07.26 13:57:38.810,1.01597,1.0162,2.16,1.60
2012.07.26 13:57:38.945,1.01597,1.0162,2.16,1.50
2012.07.26 13:57:39.397,1.01603,1.01623,1.50,1.50
2012.07.26 13:57:40.103,1.01604,1.01625,1.50,1.60
2012.07.26 13:57:40.850,1.01602,1.01625,2.16,1.50
2012.07.26 13:57:40.965,1.01604,1.01625,1.04,1.50
2012.07.26 13:57:41.188,1.01604,1.01624,2.54,1.50
2012.07.26 13:57:41.420,1.01606,1.01626,1.50,1.60
2012.07.26 13:57:42.778,1.01604,1.01624,2.54,1.50
2012.07.26 13:57:44.187,1.01602,1.01622,2.16,1.50
2012.07.26 13:57:45.191,1.01602,1.01622,2.54,1.50
2012.07.26 13:57:45.411,1.01604,1.01626,1.88,1.60
2012.07.26 13:57:45.524,1.01603,1.01623,1.88,1.50
2012.07.26 13:57:46.462,1.01603,1.01623,1.50,1.50
2012.07.26 13:57:48.239,1.01604,1.01626,1.50,3.10
2012.07.26 13:57:48.463,1.01607,1.01627,1.50,1.60
2012.07.26 13:57:48.577,1.01605,1.01625,1.50,1.60
2012.07.26 13:57:48.913,1.01602,1.01624,1.50,1.60
2012.07.26 13:57:50.616,1.01605,1.01625,1.50,1.60
2012.07.26 13:57:51.137,1.01605,1.01625,3.66,1.50
2012.07.26 13:57:51.710,1.01606,1.01628,1.50,1.60
2012.07.26 13:57:52.905,1.01605,1.01626,2.16,1.60
2012.07.26 13:57:55.926,1.01607,1.01627,1.50,1.60
2012.07.26 13:57:56.245,1.01609,1.01629,1.50,1.60
2012.07.26 13:57:56.702,1.01605,1.01625,3.66,1.50
2012.07.26 13:57:56.983,1.01608,1.01628,1.50,1.60
2012.07.26 13:57:57.680,1.01606,1.01626,1.50,1.60
2012.07.26 13:58:02.226,1.01607,1.01626,1.50,1.50
2012.07.26 13:58:02.285,1.0161,1.0163,1.50,1.60
2012.07.26 13:58:02.619,1.01612,1.01632,1.50,1.60
2012.07.26 13:58:02.679,1.01609,1.01631,1.50,1.60
2012.07.26 13:58:02.738,1.01609,1.01631,1.50,1.60
2012.07.26 13:58:03.435,1.01611,1.01633,1.50,6.02
2012.07.26 13:58:05.610,1.01611,1.01633,1.50,4.52
2012.07.26 13:58:06.165,1.0161,1.0163,3.00,1.60
2012.07.26 13:58:06.279,1.01607,1.01628,1.50,1.60
2012.07.26 13:58:06.393,1.01605,1.01628,1.50,3.70
2012.07.26 13:58:06.511,1.01603,1.01623,1.04,2.10
2012.07.26 13:58:06.626,1.01603,1.01625,2.54,1.50
2012.07.26 13:58:07.219,1.01603,1.01626,2.16,1.50
2012.07.26 13:58:08.385,1.01608,1.01627,1.50,1.50
2012.07.26 13:58:08.500,1.01606,1.01626,1.50,1.60
2012.07.26 13:58:09.051,1.01607,1.01628,1.50,1.60
2012.07.26 13:58:09.573,1.01606,1.01627,1.50,1.60
2012.07.26 13:58:09.991,1.01604,1.01626,1.50,1.60
2012.07.26 13:58:10.327,1.01601,1.01624,2.16,1.60
2012.07.26 13:58:13.925,1.01601,1.01624,1.50,1.60
2012.07.26 13:58:14.470,1.01598,1.01619,2.16,1.50
2012.07.26 13:58:15.431,1.01598,1.01619,2.16,1.50
2012.07.26 13:58:16.967,1.01599,1.01621,1.50,1.60
2012.07.26 13:58:17.303,1.01602,1.01624,2.16,1.60
2012.07.26 13:58:17.636,1.01603,1.01625,2.16,1.60
2012.07.26 13:58:17.971,1.01608,1.01628,1.50,1.60
2012.07.26 13:58:18.474,1.01605,1.01627,2.16,1.60
2012.07.26 13:58:19.069,1.01605,1.01627,1.50,1.60
2012.07.26 13:58:19.945,1.01604,1.01622,1.50,1.50
2012.07.26 13:58:20.374,1.01606,1.01628,1.50,1.60
2012.07.26 13:58:20.827,1.01608,1.0163,1.50,1.60
2012.07.26 13:58:21.561,1.01607,1.01627,1.50,1.60
2012.07.26 13:58:22.339,1.01608,1.0163,1.50,1.60
2012.07.26 13:58:25.845,1.01606,1.01626,1.50,1.60
2012.07.26 13:58:28.225,1.01606,1.01626,1.50,1.60
2012.07.26 13:58:28.393,1.01604,1.01624,3.00,1.60
2012.07.26 13:58:30.701,1.01604,1.01624,2.16,1.50
2012.07.26 13:58:30.875,1.01605,1.01627,2.16,1.60
2012.07.26 13:58:32.877,1.01605,1.01627,1.50,1.60
2012.07.26 13:58:33.046,1.01603,1.01625,1.50,1.60
2012.07.26 13:58:36.851,1.01601,1.01622,2.16,1.60
2012.07.26 13:58:37.127,1.01599,1.01617,2.16,1.50
2012.07.26 13:58:37.744,1.01597,1.01617,4.34,1.50
2012.07.26 13:58:37.969,1.01599,1.01619,2.16,1.50
2012.07.26 13:58:38.091,1.01604,1.01622,1.50,1.50
2012.07.26 13:58:38.206,1.01601,1.01622,3.00,1.50
2012.07.26 13:58:41.025,1.01601,1.01622,1.50,1.60
2012.07.26 13:58:41.835,1.01601,1.01622,2.16,1.50
2012.07.26 13:58:42.006,1.01603,1.01625,1.50,1.60
2012.07.26 13:58:42.284,1.01602,1.01622,2.16,1.50
2012.07.26 13:58:42.633,1.01604,1.01624,1.50,1.60
2012.07.26 13:58:44.583,1.01604,1.01624,2.16,1.50
2012.07.26 13:58:45.152,1.01605,1.01625,2.16,1.50
2012.07.26 13:58:45.762,1.01605,1.01625,2.16,1.50
2012.07.26 13:58:46.096,1.01607,1.01627,2.10,1.60
2012.07.26 13:58:46.374,1.01607,1.01627,2.16,1.50
2012.07.26 13:58:46.495,1.01607,1.01627,2.16,1.50
2012.07.26 13:58:46.663,1.0161,1.01627,1.50,1.50
2012.07.26 13:58:46.889,1.01613,1.01634,2.16,1.50
2012.07.26 13:58:47.060,1.01619,1.01637,1.50,1.50
2012.07.26 13:58:47.120,1.01613,1.01635,2.16,1.50
2012.07.26 13:58:47.234,1.01612,1.01632,2.16,1.50
2012.07.26 13:58:47.678,1.01609,1.01632,2.16,1.50
2012.07.26 13:58:47.872,1.01608,1.01628,2.91,1.50
2012.07.26 13:58:48.552,1.01607,1.01629,4.34,3.00
2012.07.26 13:58:48.667,1.01607,1.01629,1.50,1.60
2012.07.26 13:58:49.233,1.01607,1.01628,1.50,1.60
2012.07.26 13:58:49.293,1.01605,1.01627,1.50,1.50
2012.07.26 13:58:49.721,1.01608,1.0163,1.50,1.60
2012.07.26 13:58:49.781,1.01608,1.0163,2.16,1.50
2012.07.26 13:58:50.127,1.01608,1.01627,2.16,1.50
2012.07.26 13:58:50.461,1.01606,1.01625,1.41,2.10
2012.07.26 13:58:50.809,1.01601,1.01618,2.25,1.50
2012.07.26 13:58:51.141,1.01597,1.01614,2.84,1.50
2012.07.26 13:58:51.201,1.01596,1.01616,1.41,1.50
2012.07.26 13:58:51.317,1.016,1.01617,1.26,1.50
2012.07.26 13:58:51.438,1.01603,1.01624,1.04,1.50
2012.07.26 13:58:51.550,1.01606,1.01624,1.04,1.50
2012.07.26 13:58:51.700,1.01612,1.01624,1.50,1.50
2012.07.26 13:58:51.816,1.01612,1.01634,1.50,1.60
2012.07.26 13:58:52.222,1.01616,1.01636,1.50,1.50
2012.07.26 13:58:52.336,1.01618,1.01641,1.50,1.60
2012.07.26 13:58:52.506,1.01618,1.01641,1.50,2.35
2012.07.26 13:58:52.850,1.01614,1.01637,1.50,2.20
2012.07.26 13:58:53.188,1.01611,1.01631,1.50,1.50
2012.07.26 13:58:53.357,1.01608,1.0163,1.50,1.50
2012.07.26 13:58:53.801,1.0161,1.01631,1.50,1.88
2012.07.26 13:58:54.129,1.01608,1.01631,3.68,3.38
2012.07.26 13:58:54.505,1.0161,1.01632,1.50,1.50
2012.07.26 13:58:55.164,1.01613,1.01633,1.50,1.50
2012.07.26 13:58:55.565,1.01611,1.01632,1.50,1.50
2012.07.26 13:58:56.172,1.0161,1.01632,1.50,1.50
2012.07.26 13:58:56.286,1.01612,1.01633,1.50,1.50
2012.07.26 13:58:57.034,1.01612,1.01634,1.50,1.50
2012.07.26 13:58:57.527,1.01614,1.01636,1.50,1.97
2012.07.26 13:58:57.857,1.01618,1.01638,1.50,1.97
2012.07.26 13:58:57.917,1.01616,1.01638,1.50,1.97
2012.07.26 13:58:58.312,1.01614,1.01635,1.50,1.50
2012.07.26 13:58:58.815,1.01615,1.01635,1.50,1.50
2012.07.26 13:58:59.216,1.01613,1.01633,3.00,1.50
2012.07.26 13:58:59.525,1.0161,1.01632,1.50,1.50
2012.07.26 13:58:59.740,1.01612,1.01633,1.50,1.50
2012.07.26 13:59:00.355,1.01612,1.01634,1.50,1.50
2012.07.26 13:59:00.975,1.01613,1.01634,1.50,1.50
2012.07.26 13:59:01.088,1.01615,1.01637,1.50,1.50
2012.07.26 13:59:01.609,1.01613,1.01635,1.50,1.50
2012.07.26 13:59:01.957,1.01618,1.01637,2.18,1.50
2012.07.26 13:59:02.072,1.01615,1.01637,1.50,1.60
2012.07.26 13:59:02.350,1.01616,1.01637,1.50,1.60
2012.07.26 13:59:02.666,1.01613,1.01636,1.88,1.60
2012.07.26 13:59:03.214,1.01611,1.01632,1.50,1.50
2012.07.26 13:59:03.330,1.01613,1.01636,1.50,1.60
2012.07.26 13:59:04.148,1.01613,1.01636,1.50,1.88
2012.07.26 13:59:04.265,1.01616,1.01637,1.50,1.50
2012.07.26 13:59:04.704,1.01618,1.01637,2.16,1.50
2012.07.26 13:59:04.998,1.01618,1.01639,4.34,1.50
2012.07.26 13:59:05.802,1.01616,1.01637,2.16,1.50
2012.07.26 13:59:05.962,1.01616,1.01637,1.50,1.50
2012.07.26 13:59:06.042,1.01618,1.01639,1.50,3.00
2012.07.26 13:59:06.380,1.01616,1.01637,1.50,1.50
2012.07.26 13:59:06.835,1.01617,1.0164,1.50,3.00
2012.07.26 13:59:06.949,1.0162,1.01641,1.50,1.88
2012.07.26 13:59:07.255,1.0162,1.01641,1.50,1.88
2012.07.26 13:59:07.593,1.01618,1.01639,1.50,1.88
2012.07.26 13:59:07.828,1.01616,1.01636,1.50,3.00
2012.07.26 13:59:07.942,1.01614,1.01634,2.16,1.50
2012.07.26 13:59:08.257,1.01611,1.01631,2.16,1.50
2012.07.26 13:59:08.480,1.01614,1.01634,1.50,1.50
2012.07.26 13:59:09.040,1.01615,1.01637,1.50,1.88
2012.07.26 13:59:09.466,1.01617,1.01637,1.50,1.50
2012.07.26 13:59:09.794,1.0162,1.0164,1.50,1.60
2012.07.26 13:59:10.082,1.01617,1.01638,1.50,1.60
2012.07.26 13:59:10.448,1.0162,1.01641,1.50,1.97
2012.07.26 13:59:11.229,1.01621,1.01643,1.50,1.82
2012.07.26 13:59:11.583,1.01621,1.01643,1.50,1.73
2012.07.26 13:59:11.643,1.01619,1.01643,1.50,3.23
2012.07.26 13:59:11.868,1.01621,1.01643,1.50,2.48
2012.07.26 13:59:12.393,1.01622,1.01644,1.50,1.07
2012.07.26 13:59:13.954,1.01621,1.01643,3.00,1.88
2012.07.26 13:59:14.343,1.01619,1.01642,1.50,1.88
2012.07.26 13:59:14.957,1.0162,1.01644,1.50,3.47
2012.07.26 13:59:16.859,1.01621,1.01644,1.50,1.97
2012.07.26 13:59:16.918,1.01623,1.01645,1.50,1.97
2012.07.26 13:59:17.238,1.01621,1.01641,1.50,1.88
2012.07.26 13:59:17.298,1.01619,1.01641,1.50,1.88
2012.07.26 13:59:17.796,1.0162,1.01644,1.50,1.97
2012.07.26 13:59:18.412,1.01621,1.01645,1.50,1.97
2012.07.26 13:59:18.747,1.01621,1.01645,1.50,1.50
2012.07.26 13:59:18.808,1.01624,1.01646,1.50,1.50
2012.07.26 13:59:19.707,1.01623,1.01647,1.50,1.88
2012.07.26 13:59:20.033,1.01622,1.01644,1.50,1.50
2012.07.26 13:59:21.380,1.01624,1.01645,1.50,1.50
2012.07.26 13:59:21.752,1.01626,1.01648,1.50,1.88
2012.07.26 13:59:22.053,1.0163,1.0165,1.50,1.88
2012.07.26 13:59:22.114,1.0163,1.0165,1.50,1.50
2012.07.26 13:59:22.173,1.01627,1.01651,1.50,1.97
2012.07.26 13:59:23.390,1.01627,1.01651,1.50,1.97
2012.07.26 13:59:23.662,1.01625,1.01648,3.00,1.50
2012.07.26 13:59:25.185,1.01625,1.01648,1.50,1.88
2012.07.26 13:59:25.731,1.01626,1.0165,1.50,1.97
2012.07.26 13:59:26.068,1.01628,1.01649,1.50,1.97
2012.07.26 13:59:26.612,1.01628,1.01649,1.50,1.97
2012.07.26 13:59:27.428,1.01626,1.01647,1.50,1.97
2012.07.26 13:59:27.974,1.01626,1.01647,1.50,1.88
2012.07.26 13:59:28.688,1.01629,1.01651,1.50,1.97
2012.07.26 13:59:29.028,1.01629,1.01651,1.50,1.50
2012.07.26 13:59:29.522,1.01629,1.01651,1.50,1.60
2012.07.26 13:59:29.635,1.01624,1.01646,1.50,1.50
2012.07.26 13:59:29.904,1.01627,1.01647,1.50,3.10
2012.07.26 13:59:31.508,1.01628,1.01647,2.18,1.50
2012.07.26 13:59:31.682,1.01632,1.01654,1.50,1.60
2012.07.26 13:59:32.222,1.01631,1.01651,1.50,1.50
2012.07.26 13:59:33.024,1.01632,1.01654,1.50,1.50
2012.07.26 13:59:33.314,1.01634,1.01656,1.50,1.50
2012.07.26 13:59:33.693,1.01632,1.01654,1.50,1.50
2012.07.26 13:59:34.641,1.01636,1.01655,1.50,1.50
2012.07.26 13:59:34.881,1.01636,1.01658,1.50,1.60
2012.07.26 13:59:35.052,1.01635,1.01656,1.50,1.50
2012.07.26 13:59:35.113,1.01633,1.01655,1.50,1.50
2012.07.26 13:59:35.229,1.01632,1.01653,1.50,1.50
2012.07.26 13:59:35.821,1.01631,1.01653,1.50,1.50
2012.07.26 13:59:36.267,1.01635,1.01655,1.50,1.60
2012.07.26 13:59:37.281,1.01635,1.01655,1.50,1.60
2012.07.26 13:59:37.341,1.01633,1.01652,1.50,1.60
2012.07.26 13:59:37.455,1.0163,1.0165,1.50,1.50
2012.07.26 13:59:37.727,1.01628,1.01648,1.50,1.50
2012.07.26 13:59:38.159,1.0163,1.0165,1.50,1.50
2012.07.26 13:59:39.709,1.01632,1.01652,1.50,1.50
2012.07.26 13:59:40.042,1.01625,1.01645,1.50,1.50
2012.07.26 13:59:40.486,1.0163,1.01647,2.16,1.50
2012.07.26 13:59:40.697,1.0163,1.0165,2.16,1.50
2012.07.26 13:59:42.112,1.01625,1.01647,3.66,1.50
2012.07.26 13:59:42.653,1.01623,1.01645,4.04,1.50
2012.07.26 13:59:42.999,1.01623,1.01642,1.04,1.50
2012.07.26 13:59:43.167,1.01622,1.01642,1.88,1.50
2012.07.26 13:59:43.228,1.01624,1.01644,1.50,1.50
2012.07.26 13:59:43.785,1.01624,1.01644,1.88,1.60
2012.07.26 13:59:43.899,1.01622,1.01642,1.88,1.60
2012.07.26 13:59:44.614,1.01618,1.01639,1.50,1.60
2012.07.26 13:59:45.015,1.01616,1.01637,1.50,1.50
2012.07.26 13:59:45.967,1.01618,1.01639,1.50,1.60
2012.07.26 13:59:46.200,1.0162,1.01643,2.16,1.50
2012.07.26 13:59:46.534,1.01618,1.01641,2.16,1.50
2012.07.26 13:59:46.766,1.0162,1.01643,2.16,1.50
2012.07.26 13:59:47.513,1.01623,1.01644,1.50,1.50
2012.07.26 13:59:47.858,1.01618,1.01639,1.50,1.50
2012.07.26 13:59:48.168,1.01622,1.01642,1.50,1.50
2012.07.26 13:59:48.670,1.01618,1.01639,1.50,1.50
2012.07.26 13:59:49.284,1.01619,1.01639,1.50,1.50
2012.07.26 13:59:49.344,1.01619,1.01642,1.50,1.88
2012.07.26 13:59:49.510,1.01618,1.01635,1.50,1.50
2012.07.26 13:59:49.623,1.01619,1.01642,1.50,1.88
2012.07.26 13:59:49.842,1.01617,1.01637,2.18,1.50
2012.07.26 13:59:50.224,1.01622,1.01643,1.50,1.88
2012.07.26 13:59:50.662,1.01615,1.01643,1.50,1.97
2012.07.26 13:59:51.036,1.01619,1.0164,1.50,1.50
2012.07.26 13:59:51.151,1.01617,1.01624,1.50,1.50
2012.07.26 13:59:51.210,1.01612,1.01624,1.41,1.50
2012.07.26 13:59:51.270,1.01614,1.01626,1.50,1.50
2012.07.26 13:59:51.328,1.01614,1.01634,1.50,1.50
2012.07.26 13:59:51.710,1.01616,1.01637,1.50,1.50
2012.07.26 13:59:51.929,1.01611,1.01633,2.16,1.50
2012.07.26 13:59:52.281,1.01615,1.01636,1.50,1.50
2012.07.26 13:59:52.966,1.01615,1.01636,2.16,1.50
2012.07.26 13:59:53.296,1.01626,1.01636,1.50,1.50
2012.07.26 13:59:53.355,1.01627,1.01649,1.50,2.18
2012.07.26 13:59:53.414,1.01627,1.01648,1.50,1.50
2012.07.26 13:59:53.473,1.01625,1.01647,1.50,1.50
2012.07.26 13:59:53.877,1.01623,1.01645,1.50,1.50
2012.07.26 13:59:54.210,1.01626,1.01646,1.50,1.50
2012.07.26 13:59:54.323,1.01618,1.0164,1.88,1.50
2012.07.26 13:59:54.435,1.01618,1.01638,1.88,1.50
2012.07.26 13:59:54.666,1.0162,1.01643,1.50,2.25
2012.07.26 13:59:54.884,1.0162,1.01643,1.50,2.03
2012.07.26 13:59:55.460,1.01619,1.01637,1.50,1.50
2012.07.26 13:59:55.521,1.01613,1.01635,1.50,1.50
2012.07.26 13:59:55.580,1.01611,1.01633,1.50,1.50
2012.07.26 13:59:55.959,1.01611,1.01633,1.88,1.50
2012.07.26 13:59:56.321,1.01618,1.01633,2.18,1.50
2012.07.26 13:59:56.648,1.01618,1.01635,2.18,1.97
2012.07.26 13:59:56.761,1.01612,1.01635,1.50,1.60
2012.07.26 13:59:56.904,1.01609,1.01626,1.50,1.50
2012.07.26 13:59:57.176,1.01607,1.01626,2.18,1.50
2012.07.26 13:59:57.235,1.01617,1.01626,2.18,1.50
2012.07.26 13:59:57.538,1.01608,1.01626,2.18,1.50
2012.07.26 13:59:57.709,1.0161,1.01626,1.50,1.50
2012.07.26 13:59:57.928,1.01615,1.01634,1.50,1.50
2012.07.26 13:59:57.991,1.01605,1.01618,2.25,1.50
2012.07.26 13:59:58.155,1.01594,1.01615,2.25,1.50
2012.07.26 13:59:58.224,1.01607,1.01615,1.50,1.50
2012.07.26 13:59:58.282,1.01608,1.0163,1.50,1.50
2012.07.26 13:59:58.341,1.01611,1.01633,1.50,1.50
2012.07.26 13:59:58.666,1.01614,1.01634,1.50,1.50
2012.07.26 13:59:59.010,1.01618,1.01638,1.50,1.50
2012.07.26 13:59:59.417,1.01611,1.01631,1.50,1.50
2012.07.26 13:59:59.882,1.01612,1.01633,1.50,3.00
