2010.12.03 03:00:00.076,0.96917,0.96953,1.90,2.40
2010.12.03 03:00:01.886,0.96917,0.96953,1.90,2.40
2010.12.03 03:00:05.165,0.96911,0.96948,1.50,1.90
2010.12.03 03:00:05.876,0.96911,0.96943,1.50,1.90
2010.12.03 03:00:06.206,0.96911,0.96947,1.50,1.90
2010.12.03 03:00:06.976,0.96911,0.96947,1.60,1.90
2010.12.03 03:00:07.885,0.96911,0.96947,1.50,1.90
2010.12.03 03:00:08.476,0.96911,0.96947,1.60,1.90
2010.12.03 03:00:09.107,0.96911,0.96947,1.50,1.90
2010.12.03 03:00:13.100,0.96911,0.96949,1.50,1.90
2010.12.03 03:00:13.428,0.96909,0.96945,1.50,1.90
2010.12.03 03:00:13.647,0.96911,0.96948,1.50,1.90
2010.12.03 03:00:15.777,0.96911,0.9695,1.50,1.90
2010.12.03 03:00:15.887,0.96914,0.96953,1.90,2.60
2010.12.03 03:00:15.997,0.96909,0.96944,1.50,1.90
2010.12.03 03:00:16.484,0.96912,0.96952,1.50,2.10
2010.12.03 03:00:17.037,0.96918,0.96952,1.50,1.90
2010.12.03 03:00:17.786,0.96919,0.96955,1.50,2.00
2010.12.03 03:00:18.802,0.96919,0.96961,1.50,2.10
2010.12.03 03:00:19.027,0.96919,0.96961,1.50,2.00
2010.12.03 03:00:19.991,0.96919,0.96961,1.80,1.90
2010.12.03 03:00:20.437,0.96929,0.96965,1.50,1.90
2010.12.03 03:00:22.289,0.96929,0.96965,1.50,2.00
2010.12.03 03:00:23.297,0.96929,0.96963,1.50,2.40
2010.12.03 03:00:23.956,0.96929,0.96963,1.50,2.40
2010.12.03 03:00:24.450,0.96927,0.96962,2.30,2.00
2010.12.03 03:00:25.310,0.96919,0.96959,1.50,2.00
2010.12.03 03:00:25.636,0.96919,0.96959,1.50,2.10
2010.12.03 03:00:25.857,0.96923,0.9696,1.50,2.00
2010.12.03 03:00:26.206,0.96923,0.96953,1.50,2.30
2010.12.03 03:00:26.336,0.96918,0.96952,3.80,2.30
2010.12.03 03:00:27.272,0.96918,0.96956,3.90,1.90
2010.12.03 03:00:27.497,0.96918,0.96956,3.80,2.00
2010.12.03 03:00:28.620,0.96911,0.96945,1.60,1.90
2010.12.03 03:00:29.665,0.96911,0.96952,1.50,1.90
2010.12.03 03:00:29.791,0.96911,0.96952,1.60,2.00
2010.12.03 03:00:30.166,0.96911,0.96952,1.50,2.00
2010.12.03 03:00:30.497,0.96912,0.9695,1.50,1.50
2010.12.03 03:00:30.826,0.96912,0.96949,1.50,2.10
2010.12.03 03:00:32.570,0.96912,0.9695,1.50,3.60
2010.12.03 03:00:32.829,0.96912,0.9695,1.50,3.40
2010.12.03 03:00:33.717,0.96912,0.9695,1.50,3.50
2010.12.03 03:00:34.506,0.96912,0.9695,1.70,1.50
2010.12.03 03:00:35.249,0.96912,0.9695,1.80,1.50
2010.12.03 03:00:35.907,0.96912,0.9695,1.70,1.50
2010.12.03 03:00:36.817,0.96919,0.96953,1.50,2.40
2010.12.03 03:00:37.650,0.96919,0.96953,1.50,2.40
2010.12.03 03:00:38.087,0.96912,0.9695,1.60,1.50
2010.12.03 03:00:38.886,0.96912,0.9695,1.60,1.50
2010.12.03 03:00:38.996,0.96912,0.9695,1.50,1.70
2010.12.03 03:00:39.119,0.96912,0.9695,1.70,1.50
2010.12.03 03:00:40.304,0.96912,0.9695,1.60,1.60
2010.12.03 03:00:40.429,0.96903,0.96943,1.90,2.30
2010.12.03 03:00:40.646,0.96909,0.96947,1.50,1.50
2010.12.03 03:00:40.757,0.96909,0.96949,1.50,1.50
2010.12.03 03:00:42.130,0.96909,0.96949,1.50,1.60
2010.12.03 03:00:42.677,0.96909,0.96949,1.50,1.70
2010.12.03 03:00:43.438,0.96909,0.96949,1.50,1.60
2010.12.03 03:00:43.917,0.96909,0.96942,1.50,2.30
2010.12.03 03:00:44.027,0.96902,0.96946,3.70,1.90
2010.12.03 03:00:45.152,0.96902,0.96946,3.40,2.00
2010.12.03 03:00:45.783,0.96902,0.96946,3.40,2.10
2010.12.03 03:00:45.896,0.96902,0.96946,3.40,2.20
2010.12.03 03:00:46.795,0.96902,0.96946,3.50,2.20
2010.12.03 03:00:47.795,0.96903,0.96947,1.90,3.70
2010.12.03 03:00:48.327,0.96903,0.96947,2.10,3.50
2010.12.03 03:00:49.235,0.96903,0.96947,2.00,3.60
2010.12.03 03:00:49.806,0.96902,0.96946,3.60,2.10
2010.12.03 03:00:50.166,0.96902,0.96946,3.60,2.00
2010.12.03 03:00:50.807,0.96902,0.96946,3.50,2.00
2010.12.03 03:00:53.046,0.96902,0.96946,3.60,1.90
2010.12.03 03:01:00.017,0.96902,0.96946,4.00,2.10
2010.12.03 03:01:00.126,0.96902,0.96946,1.80,2.10
2010.12.03 03:01:00.641,0.96902,0.96946,1.60,2.20
2010.12.03 03:01:00.858,0.96902,0.96946,1.70,2.10
2010.12.03 03:01:00.966,0.96902,0.96946,1.70,2.10
2010.12.03 03:01:07.708,0.96909,0.96949,1.60,1.70
2010.12.03 03:01:08.959,0.96909,0.96949,1.50,1.80
2010.12.03 03:01:10.615,0.96908,0.96948,3.80,1.80
2010.12.03 03:01:14.081,0.96903,0.96948,1.90,1.70
2010.12.03 03:01:15.887,0.96909,0.96949,1.50,1.80
2010.12.03 03:01:20.100,0.96906,0.96947,1.90,1.80
2010.12.03 03:01:20.485,0.96903,0.96947,2.00,3.70
2010.12.03 03:01:20.811,0.96903,0.96947,2.00,3.80
2010.12.03 03:01:21.377,0.96903,0.96947,1.90,3.60
2010.12.03 03:01:22.037,0.96903,0.96947,2.10,3.90
2010.12.03 03:01:22.808,0.96903,0.96947,1.90,3.60
2010.12.03 03:01:25.635,0.96904,0.96947,1.90,1.50
2010.12.03 03:01:25.748,0.9691,0.9695,1.50,3.70
2010.12.03 03:01:27.077,0.9691,0.9695,1.50,3.80
2010.12.03 03:01:28.892,0.9691,0.9695,1.50,1.80
2010.12.03 03:01:30.208,0.9691,0.9695,1.50,1.70
2010.12.03 03:01:30.540,0.96903,0.96948,2.00,2.60
2010.12.03 03:01:37.706,0.969,0.96946,2.10,2.10
2010.12.03 03:01:38.324,0.969,0.96946,2.20,2.10
2010.12.03 03:01:38.437,0.969,0.96946,2.00,2.20
2010.12.03 03:01:39.814,0.969,0.96946,2.00,2.10
2010.12.03 03:01:42.678,0.969,0.96946,2.10,2.30
2010.12.03 03:01:42.900,0.96898,0.96944,1.90,2.20
2010.12.03 03:01:43.387,0.969,0.96946,1.90,1.90
2010.12.03 03:01:43.496,0.969,0.96946,1.90,2.00
2010.12.03 03:01:44.819,0.969,0.96946,1.90,1.90
2010.12.03 03:01:45.236,0.969,0.96946,1.90,2.10
2010.12.03 03:01:45.455,0.96898,0.96944,1.90,2.30
2010.12.03 03:01:46.757,0.96898,0.96944,1.90,2.20
2010.12.03 03:01:46.865,0.96893,0.96939,4.20,1.90
2010.12.03 03:01:47.636,0.96897,0.96938,1.90,1.50
2010.12.03 03:01:47.746,0.96898,0.96944,1.90,2.00
2010.12.03 03:01:50.686,0.96898,0.96944,1.90,1.90
2010.12.03 03:01:52.656,0.96898,0.96944,1.90,2.00
2010.12.03 03:01:53.836,0.96898,0.96944,1.90,2.00
2010.12.03 03:01:56.610,0.96898,0.9693,1.90,1.50
2010.12.03 03:01:56.719,0.96898,0.96943,3.80,2.10
2010.12.03 03:01:56.937,0.96895,0.96938,1.90,1.60
2010.12.03 03:01:57.156,0.96899,0.96943,1.90,2.20
2010.12.03 03:01:59.217,0.96899,0.96943,1.90,2.40
2010.12.03 03:01:59.719,0.96899,0.96941,1.90,1.10
2010.12.03 03:02:00.142,0.96899,0.96932,1.90,2.30
2010.12.03 03:02:00.265,0.96899,0.96942,1.50,1.10
2010.12.03 03:02:00.376,0.96893,0.96938,3.40,1.70
2010.12.03 03:02:00.494,0.96896,0.96938,1.90,1.60
2010.12.03 03:02:01.082,0.96892,0.96937,2.00,1.70
2010.12.03 03:02:01.776,0.96891,0.96937,3.40,3.70
2010.12.03 03:02:01.885,0.96893,0.96937,1.90,3.70
2010.12.03 03:02:03.275,0.96903,0.96941,1.50,2.30
2010.12.03 03:02:04.696,0.96903,0.96933,1.50,1.10
2010.12.03 03:02:04.918,0.96885,0.96923,1.60,1.70
2010.12.03 03:02:05.028,0.96897,0.96928,2.30,1.90
2010.12.03 03:02:05.473,0.96897,0.96933,2.30,2.00
2010.12.03 03:02:05.588,0.96898,0.96939,2.30,1.90
2010.12.03 03:02:05.806,0.96898,0.96939,2.30,2.10
2010.12.03 03:02:06.481,0.96898,0.96941,3.00,1.90
2010.12.03 03:02:07.076,0.96898,0.96937,3.00,1.70
2010.12.03 03:02:07.185,0.96898,0.96937,3.00,3.60
2010.12.03 03:02:09.140,0.96898,0.96937,3.00,1.90
2010.12.03 03:02:09.475,0.96898,0.96937,3.00,1.70
2010.12.03 03:02:09.696,0.96898,0.96937,3.00,1.90
2010.12.03 03:02:10.206,0.96898,0.96936,3.00,1.90
2010.12.03 03:02:10.427,0.96898,0.96936,3.00,2.00
2010.12.03 03:02:10.540,0.96898,0.96936,3.00,1.90
2010.12.03 03:02:13.135,0.96898,0.96938,3.10,1.50
2010.12.03 03:02:13.250,0.96899,0.9693,1.50,1.90
2010.12.03 03:02:13.797,0.96893,0.96932,1.90,1.50
2010.12.03 03:02:13.905,0.96887,0.96931,5.00,1.90
2010.12.03 03:02:14.466,0.96888,0.96934,2.70,2.10
2010.12.03 03:02:14.798,0.96888,0.96934,2.80,2.10
2010.12.03 03:02:16.029,0.96888,0.96934,2.30,1.90
2010.12.03 03:02:16.357,0.9689,0.96928,1.50,1.50
2010.12.03 03:02:16.466,0.96895,0.96928,1.90,1.50
2010.12.03 03:02:16.582,0.96898,0.96938,3.80,1.50
2010.12.03 03:02:16.806,0.96898,0.96938,2.30,1.70
2010.12.03 03:02:20.681,0.96898,0.96937,2.30,1.50
2010.12.03 03:02:20.998,0.96897,0.96937,1.60,4.40
2010.12.03 03:02:21.106,0.96892,0.96936,1.50,2.50
2010.12.03 03:02:23.037,0.96893,0.96936,1.10,1.50
2010.12.03 03:02:23.257,0.96908,0.96948,3.80,1.50
2010.12.03 03:02:23.366,0.96908,0.96946,2.30,1.50
2010.12.03 03:02:23.871,0.96906,0.96943,1.50,2.30
2010.12.03 03:02:23.978,0.96899,0.96943,1.90,5.70
2010.12.03 03:02:24.086,0.96894,0.96938,2.00,1.90
2010.12.03 03:02:24.416,0.96902,0.96942,1.90,1.50
2010.12.03 03:02:24.526,0.96902,0.96948,1.90,2.00
2010.12.03 03:02:25.459,0.96902,0.96942,1.90,1.50
2010.12.03 03:02:26.746,0.96902,0.96942,2.10,2.50
2010.12.03 03:02:27.394,0.96898,0.96938,1.70,1.70
2010.12.03 03:02:28.248,0.96903,0.96937,1.90,1.70
2010.12.03 03:02:29.236,0.96903,0.96942,1.90,1.50
2010.12.03 03:02:29.468,0.96905,0.96942,1.90,1.50
2010.12.03 03:02:30.140,0.96904,0.96942,1.90,1.50
2010.12.03 03:02:31.347,0.96903,0.96943,1.60,1.70
2010.12.03 03:02:32.259,0.96901,0.96937,2.10,1.50
2010.12.03 03:02:32.707,0.96897,0.96937,4.20,1.50
2010.12.03 03:02:32.816,0.96897,0.96932,2.40,1.50
2010.12.03 03:02:33.956,0.96897,0.96933,2.40,1.50
2010.12.03 03:02:34.777,0.96897,0.96933,2.40,1.50
2010.12.03 03:02:35.342,0.96896,0.9694,1.90,2.10
2010.12.03 03:02:36.902,0.96896,0.96933,1.90,2.50
2010.12.03 03:02:37.020,0.96899,0.96937,3.40,1.50
2010.12.03 03:02:37.236,0.96896,0.96942,1.90,3.60
2010.12.03 03:02:39.413,0.96899,0.96942,1.50,3.60
2010.12.03 03:02:40.586,0.969,0.96937,1.90,1.50
2010.12.03 03:02:40.696,0.969,0.96942,1.90,3.80
2010.12.03 03:02:41.956,0.969,0.96942,2.00,3.80
2010.12.03 03:02:43.428,0.96899,0.96942,1.70,4.00
2010.12.03 03:02:43.980,0.96898,0.96936,2.60,1.50
2010.12.03 03:02:44.196,0.96903,0.96942,1.70,2.30
2010.12.03 03:02:45.896,0.96903,0.96942,3.50,2.30
2010.12.03 03:02:46.594,0.96903,0.96942,3.60,2.40
2010.12.03 03:02:47.209,0.96903,0.96937,2.00,1.50
2010.12.03 03:02:48.886,0.96899,0.96937,3.40,1.60
2010.12.03 03:02:53.927,0.96901,0.96942,1.90,3.90
2010.12.03 03:02:54.936,0.96901,0.96942,2.00,3.80
2010.12.03 03:02:59.194,0.969,0.96942,2.10,3.80
2010.12.03 03:02:59.526,0.969,0.96942,1.90,2.30
2010.12.03 03:02:59.921,0.96902,0.96942,1.90,2.30
2010.12.03 03:03:01.246,0.96903,0.96942,1.90,2.30
2010.12.03 03:03:03.236,0.96901,0.96942,2.10,2.30
2010.12.03 03:03:08.157,0.96905,0.96942,1.90,2.30
2010.12.03 03:03:09.757,0.96903,0.96942,2.00,2.30
2010.12.03 03:03:14.505,0.969,0.96942,2.10,2.30
2010.12.03 03:03:15.496,0.969,0.96942,1.90,2.30
2010.12.03 03:03:15.689,0.969,0.96942,2.10,2.30
2010.12.03 03:03:15.968,0.969,0.96942,1.90,2.30
2010.12.03 03:03:19.598,0.96899,0.96942,3.40,2.30
2010.12.03 03:03:22.057,0.96899,0.96942,1.90,2.30
2010.12.03 03:03:24.126,0.96902,0.96942,1.90,2.30
2010.12.03 03:03:26.017,0.96898,0.96942,5.70,2.30
2010.12.03 03:03:26.238,0.96899,0.96942,1.70,3.80
2010.12.03 03:03:26.802,0.96899,0.96942,1.50,3.90
2010.12.03 03:03:27.845,0.96898,0.96942,5.80,2.40
2010.12.03 03:03:27.955,0.96901,0.96942,1.90,2.40
2010.12.03 03:03:28.412,0.96901,0.96942,2.10,2.30
2010.12.03 03:03:29.945,0.96901,0.96942,1.90,2.40
2010.12.03 03:03:30.720,0.96901,0.96942,2.00,2.30
2010.12.03 03:03:31.687,0.96901,0.96942,2.00,2.50
2010.12.03 03:03:31.796,0.96898,0.9694,3.90,1.90
2010.12.03 03:03:31.906,0.96899,0.96937,1.50,1.50
2010.12.03 03:03:33.550,0.96899,0.96937,1.60,1.50
2010.12.03 03:03:33.798,0.96899,0.96937,1.50,1.50
2010.12.03 03:03:35.378,0.96901,0.96942,1.50,2.30
2010.12.03 03:03:37.068,0.96901,0.96942,3.50,2.30
2010.12.03 03:03:40.659,0.96902,0.96948,2.00,1.90
2010.12.03 03:03:40.766,0.96901,0.96945,2.00,1.90
2010.12.03 03:03:41.357,0.96903,0.96947,2.00,1.90
2010.12.03 03:03:43.248,0.96904,0.96947,1.50,1.90
2010.12.03 03:03:43.696,0.96904,0.9695,3.40,1.90
2010.12.03 03:03:44.497,0.96908,0.96952,3.40,2.00
2010.12.03 03:03:48.626,0.96908,0.9695,1.70,1.90
2010.12.03 03:03:50.987,0.96908,0.96948,1.50,1.60
2010.12.03 03:03:54.247,0.96909,0.96947,1.50,1.60
2010.12.03 03:03:57.337,0.96909,0.96944,1.50,1.90
2010.12.03 03:03:57.791,0.969,0.96943,2.10,2.30
2010.12.03 03:04:02.536,0.96899,0.96943,3.60,2.50
2010.12.03 03:04:02.648,0.96898,0.96938,1.70,1.50
2010.12.03 03:04:02.917,0.96898,0.96938,1.50,1.50
2010.12.03 03:04:03.636,0.96904,0.96942,1.50,1.70
2010.12.03 03:04:04.091,0.96909,0.96947,1.50,1.70
2010.12.03 03:04:05.066,0.96909,0.96947,1.50,1.70
2010.12.03 03:04:05.830,0.96909,0.96947,1.50,1.60
2010.12.03 03:04:07.197,0.96909,0.96947,1.50,1.50
2010.12.03 03:04:07.949,0.96909,0.96947,1.50,1.70
2010.12.03 03:04:08.057,0.96909,0.96942,1.50,2.30
2010.12.03 03:04:08.165,0.96903,0.96942,3.40,2.30
2010.12.03 03:04:08.496,0.96901,0.96942,1.90,2.30
2010.12.03 03:04:09.901,0.969,0.96942,2.10,2.30
2010.12.03 03:04:22.960,0.969,0.96942,1.90,2.40
2010.12.03 03:04:23.428,0.96899,0.96942,1.60,4.20
2010.12.03 03:04:23.757,0.96898,0.96942,5.80,4.20
2010.12.03 03:04:25.767,0.96898,0.96942,5.70,4.20
2010.12.03 03:04:29.637,0.96898,0.96939,2.40,1.90
2010.12.03 03:04:29.746,0.96898,0.96939,2.30,2.10
2010.12.03 03:04:30.157,0.9689,0.96931,1.70,1.90
2010.12.03 03:04:30.271,0.96887,0.9693,2.40,1.90
2010.12.03 03:04:32.968,0.96883,0.96927,2.10,1.90
2010.12.03 03:04:33.296,0.96879,0.96924,1.70,1.90
2010.12.03 03:04:33.409,0.96878,0.96924,2.10,1.90
2010.12.03 03:04:33.626,0.96887,0.96928,2.40,1.90
2010.12.03 03:04:34.503,0.96889,0.96931,1.50,1.90
2010.12.03 03:04:34.618,0.96889,0.96931,1.60,1.90
2010.12.03 03:04:36.927,0.96889,0.9693,1.70,1.90
2010.12.03 03:04:38.628,0.96889,0.9693,1.70,1.90
2010.12.03 03:04:39.536,0.96889,0.9693,1.70,1.90
2010.12.03 03:04:42.137,0.96889,0.9693,1.70,1.90
2010.12.03 03:04:42.357,0.96889,0.9693,1.80,1.90
2010.12.03 03:04:42.578,0.9689,0.96924,1.70,1.90
2010.12.03 03:04:42.696,0.96889,0.96927,1.60,1.90
2010.12.03 03:04:43.147,0.96898,0.96928,2.30,1.90
2010.12.03 03:04:43.757,0.96898,0.96936,4.00,1.90
2010.12.03 03:04:43.866,0.96908,0.96941,1.50,1.90
2010.12.03 03:04:45.251,0.96908,0.96945,1.50,2.20
2010.12.03 03:04:45.357,0.96897,0.96935,2.30,1.90
2010.12.03 03:04:47.847,0.96897,0.9694,2.30,2.10
2010.12.03 03:04:48.067,0.96897,0.9694,2.40,1.90
2010.12.03 03:04:50.051,0.96907,0.9694,2.30,1.90
2010.12.03 03:04:50.158,0.96907,0.96943,2.40,1.90
2010.12.03 03:04:51.176,0.96907,0.96943,2.40,1.90
2010.12.03 03:04:53.687,0.96907,0.96944,2.40,1.90
2010.12.03 03:04:56.860,0.96907,0.96943,2.40,1.90
2010.12.03 03:04:56.973,0.96907,0.96947,2.40,2.70
2010.12.03 03:04:58.482,0.96907,0.96947,2.30,2.00
2010.12.03 03:04:58.704,0.96907,0.96947,2.40,2.10
2010.12.03 03:04:59.238,0.96907,0.96945,2.40,1.90
2010.12.03 03:04:59.567,0.96907,0.96945,2.30,2.10
2010.12.03 03:05:00.057,0.96907,0.9695,2.30,2.10
2010.12.03 03:05:01.831,0.96908,0.9695,2.40,2.10
2010.12.03 03:05:05.748,0.96908,0.96945,2.30,1.90
2010.12.03 03:05:06.385,0.96898,0.96937,2.30,1.90
2010.12.03 03:05:07.027,0.96898,0.96936,2.30,1.90
2010.12.03 03:05:09.256,0.96898,0.96934,2.30,1.90
2010.12.03 03:05:11.497,0.96898,0.96937,2.30,1.90
2010.12.03 03:05:13.236,0.96898,0.96938,2.30,2.00
2010.12.03 03:05:13.859,0.96898,0.96936,2.30,1.90
2010.12.03 03:05:17.167,0.96898,0.96939,2.30,2.00
2010.12.03 03:05:18.507,0.96898,0.96939,2.40,1.90
2010.12.03 03:05:22.536,0.96898,0.96938,2.40,1.90
2010.12.03 03:05:22.798,0.96898,0.96942,2.40,4.20
2010.12.03 03:05:23.346,0.96898,0.9694,3.90,1.90
2010.12.03 03:05:26.796,0.96899,0.96943,2.00,1.90
2010.12.03 03:05:27.018,0.96899,0.96933,2.00,2.30
2010.12.03 03:05:27.458,0.96898,0.96938,3.90,1.50
2010.12.03 03:05:28.147,0.96899,0.96937,1.50,1.50
2010.12.03 03:05:29.687,0.96899,0.96937,1.50,2.50
2010.12.03 03:05:29.907,0.9689,0.96932,5.70,2.30
2010.12.03 03:05:30.346,0.96898,0.96938,1.70,1.50
2010.12.03 03:05:31.556,0.96898,0.96938,1.50,3.60
2010.12.03 03:05:32.045,0.96898,0.96938,1.60,3.50
2010.12.03 03:05:36.979,0.96898,0.96938,1.50,4.50
2010.12.03 03:05:38.077,0.96902,0.96936,1.70,1.90
2010.12.03 03:05:38.188,0.96902,0.9694,1.70,3.60
2010.12.03 03:05:40.257,0.96902,0.9694,1.50,1.90
2010.12.03 03:05:46.122,0.96898,0.96938,1.50,1.70
2010.12.03 03:05:46.346,0.96898,0.96938,1.80,1.50
2010.12.03 03:05:48.460,0.96899,0.96939,1.50,3.40
2010.12.03 03:05:48.566,0.96899,0.96939,1.70,3.40
2010.12.03 03:05:50.916,0.96899,0.96939,1.60,3.50
2010.12.03 03:05:51.847,0.96899,0.96939,1.70,3.40
2010.12.03 03:05:52.279,0.96899,0.96939,1.70,3.60
2010.12.03 03:05:52.858,0.96899,0.96939,1.80,3.40
2010.12.03 03:05:56.234,0.96899,0.96939,1.60,1.50
2010.12.03 03:05:56.769,0.969,0.96938,1.60,1.50
2010.12.03 03:05:57.903,0.969,0.96938,1.60,1.60
2010.12.03 03:05:58.976,0.969,0.96938,1.70,1.50
2010.12.03 03:06:20.627,0.969,0.96938,1.70,1.50
2010.12.03 03:06:20.737,0.969,0.96938,1.60,1.50
2010.12.03 03:06:25.333,0.969,0.96939,1.80,1.90
2010.12.03 03:06:25.447,0.969,0.96939,1.60,1.90
2010.12.03 03:06:25.666,0.969,0.96944,3.60,1.90
2010.12.03 03:06:25.996,0.969,0.96944,3.50,2.00
2010.12.03 03:06:26.748,0.969,0.96944,3.60,1.90
2010.12.03 03:06:27.986,0.96904,0.96947,2.00,1.50
2010.12.03 03:06:28.103,0.96909,0.96947,1.50,1.50
2010.12.03 03:06:28.737,0.96911,0.96948,2.10,1.60
2010.12.03 03:06:28.866,0.96919,0.96959,1.50,2.10
2010.12.03 03:06:28.982,0.96917,0.96959,2.30,1.90
2010.12.03 03:06:29.440,0.96915,0.9695,1.90,1.50
2010.12.03 03:06:29.656,0.96915,0.96959,1.90,2.70
2010.12.03 03:06:30.107,0.96914,0.96955,1.50,1.90
2010.12.03 03:06:30.327,0.96915,0.96959,3.40,2.00
2010.12.03 03:06:30.767,0.96915,0.96955,1.50,1.90
2010.12.03 03:06:30.877,0.96912,0.96955,1.50,1.90
2010.12.03 03:06:30.988,0.96912,0.96953,1.50,1.90
2010.12.03 03:06:31.546,0.96912,0.96952,1.50,1.90
2010.12.03 03:06:31.877,0.96915,0.96956,1.50,1.90
2010.12.03 03:06:33.017,0.96915,0.96952,1.50,2.40
2010.12.03 03:06:33.459,0.9691,0.96954,3.40,2.10
2010.12.03 03:06:33.952,0.9692,0.96963,1.50,2.10
2010.12.03 03:06:34.292,0.96922,0.96962,1.50,2.10
2010.12.03 03:06:35.016,0.9692,0.96966,3.40,2.20
2010.12.03 03:06:35.128,0.9692,0.96962,3.40,6.00
2010.12.03 03:06:35.791,0.96932,0.96967,1.90,4.00
2010.12.03 03:06:35.902,0.96932,0.96976,1.90,2.20
2010.12.03 03:06:36.018,0.96929,0.96975,1.90,1.90
2010.12.03 03:06:36.238,0.96934,0.96978,1.90,2.10
2010.12.03 03:06:36.800,0.96939,0.96985,1.90,5.00
2010.12.03 03:06:37.127,0.96939,0.96985,1.90,2.20
2010.12.03 03:06:37.238,0.96934,0.9698,1.90,2.00
2010.12.03 03:06:37.743,0.96924,0.96967,2.00,1.50
2010.12.03 03:06:37.968,0.96922,0.96964,1.90,1.50
2010.12.03 03:06:38.297,0.96922,0.96968,1.90,3.40
2010.12.03 03:06:38.885,0.96922,0.96966,1.90,2.10
2010.12.03 03:06:39.217,0.96919,0.96965,1.90,2.20
2010.12.03 03:06:39.436,0.96921,0.96967,1.90,2.10
2010.12.03 03:06:39.546,0.96919,0.96965,1.90,2.10
2010.12.03 03:06:40.217,0.96922,0.96966,1.90,2.10
2010.12.03 03:06:40.597,0.96919,0.96965,1.90,2.10
2010.12.03 03:06:40.817,0.96919,0.96965,1.90,2.30
2010.12.03 03:06:41.813,0.96919,0.96965,1.90,5.40
2010.12.03 03:06:42.266,0.96921,0.96965,1.90,5.40
2010.12.03 03:06:42.954,0.96921,0.96965,1.90,2.30
2010.12.03 03:06:43.288,0.9691,0.96954,1.90,1.90
2010.12.03 03:06:43.861,0.9692,0.96966,1.90,2.20
2010.12.03 03:06:44.733,0.9692,0.96966,1.90,5.10
2010.12.03 03:06:48.716,0.9692,0.96966,1.90,7.20
2010.12.03 03:06:49.238,0.9692,0.96966,1.90,7.50
2010.12.03 03:06:50.339,0.96923,0.96966,1.90,2.80
2010.12.03 03:06:51.078,0.96912,0.96958,1.90,2.20
2010.12.03 03:06:51.356,0.96917,0.96963,1.90,5.60
2010.12.03 03:06:51.576,0.96917,0.96962,1.90,1.80
2010.12.03 03:06:51.687,0.96918,0.96962,1.90,4.40
2010.12.03 03:06:51.797,0.9692,0.96962,1.90,1.90
2010.12.03 03:06:52.318,0.96919,0.96962,1.90,1.80
2010.12.03 03:06:53.043,0.96923,0.96962,1.90,1.70
2010.12.03 03:06:53.378,0.96918,0.96962,1.90,2.10
2010.12.03 03:06:53.931,0.96918,0.96962,4.20,1.90
2010.12.03 03:06:54.045,0.96918,0.96958,2.30,2.10
2010.12.03 03:06:55.029,0.96924,0.96966,1.90,1.60
2010.12.03 03:06:56.990,0.96924,0.96966,1.90,1.90
2010.12.03 03:06:57.360,0.96924,0.96966,1.90,1.90
2010.12.03 03:06:58.413,0.96929,0.96969,1.90,1.10
2010.12.03 03:07:01.484,0.96929,0.96971,1.90,1.10
2010.12.03 03:07:01.597,0.96917,0.96961,4.30,1.90
2010.12.03 03:07:01.817,0.96917,0.96961,4.30,1.90
2010.12.03 03:07:01.926,0.96917,0.96961,4.20,1.90
2010.12.03 03:07:02.037,0.96917,0.96961,4.50,1.90
2010.12.03 03:07:02.281,0.96917,0.96961,4.30,1.90
2010.12.03 03:07:03.768,0.96917,0.96961,4.50,1.90
2010.12.03 03:07:04.340,0.96917,0.96961,10.80,1.90
2010.12.03 03:07:04.451,0.96927,0.96971,2.10,2.90
2010.12.03 03:07:04.558,0.96925,0.96969,2.10,1.90
2010.12.03 03:07:05.777,0.96922,0.96966,2.00,1.90
2010.12.03 03:07:06.738,0.96922,0.96966,2.10,2.10
2010.12.03 03:07:09.188,0.96922,0.96966,2.00,2.10
2010.12.03 03:07:09.296,0.96922,0.96966,2.10,2.10
2010.12.03 03:07:09.406,0.96922,0.96966,2.10,2.30
2010.12.03 03:07:10.450,0.96929,0.96968,1.90,1.70
2010.12.03 03:07:10.776,0.96932,0.96972,1.90,1.80
2010.12.03 03:07:11.008,0.96932,0.96972,1.90,2.50
2010.12.03 03:07:11.509,0.9693,0.96968,1.90,1.70
2010.12.03 03:07:13.783,0.9693,0.96968,1.90,1.90
2010.12.03 03:07:14.007,0.9693,0.96968,1.90,1.60
2010.12.03 03:07:14.226,0.96933,0.96972,1.90,1.60
2010.12.03 03:07:14.336,0.96933,0.96972,1.90,1.70
2010.12.03 03:07:14.446,0.96933,0.96972,1.90,1.70
2010.12.03 03:07:15.406,0.96933,0.96972,1.90,1.70
2010.12.03 03:07:15.859,0.96927,0.96963,1.90,1.70
2010.12.03 03:07:16.077,0.9691,0.96956,2.00,1.90
2010.12.03 03:07:17.788,0.96912,0.96958,2.20,1.90
2010.12.03 03:07:17.901,0.96912,0.96958,2.00,2.00
2010.12.03 03:07:21.457,0.96913,0.96957,1.90,1.90
2010.12.03 03:07:36.707,0.96923,0.96962,1.90,4.10
2010.12.03 03:07:37.043,0.96928,0.96953,1.50,2.50
2010.12.03 03:07:37.158,0.96911,0.96953,2.00,2.50
2010.12.03 03:07:37.268,0.96917,0.96957,2.30,1.90
2010.12.03 03:07:37.732,0.96912,0.96956,2.00,2.10
2010.12.03 03:07:37.836,0.96912,0.96956,2.10,2.10
2010.12.03 03:07:39.721,0.96928,0.96966,3.80,2.90
2010.12.03 03:07:39.826,0.96918,0.96952,2.70,2.50
2010.12.03 03:07:40.156,0.96919,0.96958,1.50,1.90
2010.12.03 03:07:40.818,0.96912,0.96956,2.10,1.90
2010.12.03 03:07:43.396,0.96917,0.96961,4.20,1.90
2010.12.03 03:07:43.506,0.9692,0.96961,1.50,1.90
2010.12.03 03:07:44.640,0.96912,0.96956,2.10,1.90
2010.12.03 03:07:48.421,0.96912,0.96956,2.20,1.90
2010.12.03 03:07:48.649,0.96928,0.96968,3.80,3.60
2010.12.03 03:07:48.758,0.96928,0.96957,2.30,3.60
2010.12.03 03:07:48.866,0.96913,0.96952,1.10,2.30
2010.12.03 03:07:49.087,0.96919,0.96957,1.50,1.90
2010.12.03 03:07:49.551,0.96909,0.96953,1.70,4.20
2010.12.03 03:07:50.499,0.9691,0.96953,1.70,4.20
2010.12.03 03:07:50.994,0.96919,0.96953,1.60,1.90
2010.12.03 03:07:51.217,0.96919,0.9696,1.60,1.90
2010.12.03 03:07:51.627,0.96919,0.9696,1.50,2.10
2010.12.03 03:07:54.561,0.96919,0.9696,1.60,2.00
2010.12.03 03:07:55.137,0.96919,0.9696,1.50,2.10
2010.12.03 03:07:55.633,0.96919,0.9696,1.70,1.90
2010.12.03 03:07:55.977,0.96927,0.9696,1.50,1.90
2010.12.03 03:07:56.095,0.96929,0.96966,1.50,2.00
2010.12.03 03:07:56.650,0.9693,0.96973,1.50,4.50
2010.12.03 03:07:56.866,0.9693,0.96973,1.50,4.40
2010.12.03 03:07:57.708,0.9693,0.96973,1.50,4.30
2010.12.03 03:07:58.249,0.96927,0.96973,4.20,11.30
2010.12.03 03:07:58.470,0.96927,0.96973,1.90,4.50
2010.12.03 03:07:58.916,0.9693,0.96973,1.50,2.20
2010.12.03 03:07:59.033,0.9693,0.96974,1.90,2.00
2010.12.03 03:07:59.881,0.9693,0.96974,1.90,1.90
2010.12.03 03:08:00.357,0.9693,0.96974,1.90,2.00
2010.12.03 03:08:01.151,0.96922,0.96966,3.40,1.90
2010.12.03 03:08:02.028,0.96922,0.96962,1.50,1.90
2010.12.03 03:08:02.425,0.9692,0.96965,1.50,2.00
2010.12.03 03:08:03.457,0.96929,0.96962,1.50,2.30
2010.12.03 03:08:03.908,0.96929,0.96968,1.50,2.40
2010.12.03 03:08:04.017,0.96929,0.96968,1.50,2.10
2010.12.03 03:08:04.274,0.96929,0.96968,1.50,5.00
2010.12.03 03:08:04.735,0.96929,0.96968,1.50,2.10
2010.12.03 03:08:05.573,0.96929,0.96968,1.50,2.00
2010.12.03 03:08:06.016,0.9693,0.96972,1.50,4.30
2010.12.03 03:08:06.941,0.9693,0.96976,1.90,2.10
2010.12.03 03:08:07.919,0.9693,0.96974,1.90,1.60
2010.12.03 03:08:08.140,0.96933,0.96979,1.90,2.20
2010.12.03 03:08:08.248,0.9693,0.96973,1.50,2.10
2010.12.03 03:08:09.428,0.9693,0.96973,1.70,2.10
2010.12.03 03:08:09.647,0.96938,0.96978,2.30,2.20
2010.12.03 03:08:10.404,0.96939,0.96978,1.50,2.10
2010.12.03 03:08:10.632,0.96939,0.96978,1.50,2.10
2010.12.03 03:08:10.747,0.96939,0.96972,1.50,1.90
2010.12.03 03:08:11.590,0.96939,0.96973,1.50,2.10
2010.12.03 03:08:12.534,0.96939,0.96973,1.50,1.90
2010.12.03 03:08:13.111,0.96939,0.96974,1.50,1.90
2010.12.03 03:08:14.827,0.96939,0.96974,1.50,2.00
2010.12.03 03:08:14.937,0.96939,0.96974,1.50,1.90
2010.12.03 03:08:17.615,0.96939,0.96974,1.50,2.00
2010.12.03 03:08:18.157,0.96939,0.96974,1.50,1.90
2010.12.03 03:08:22.198,0.96939,0.96981,1.50,2.00
2010.12.03 03:08:23.107,0.96939,0.96981,1.50,2.10
2010.12.03 03:08:23.575,0.96939,0.96981,1.50,2.00
2010.12.03 03:08:27.570,0.96939,0.96978,1.50,2.10
2010.12.03 03:08:27.960,0.96939,0.96978,1.50,2.20
2010.12.03 03:08:28.565,0.96939,0.9698,1.50,1.90
2010.12.03 03:08:28.680,0.96939,0.9698,1.50,2.10
2010.12.03 03:08:29.855,0.96939,0.9698,1.50,2.10
2010.12.03 03:08:32.214,0.96939,0.96982,1.50,2.40
2010.12.03 03:08:32.328,0.96939,0.96982,1.50,2.60
2010.12.03 03:08:35.407,0.96939,0.96982,1.50,2.40
2010.12.03 03:08:36.933,0.96939,0.96982,1.50,2.40
2010.12.03 03:08:38.132,0.9694,0.96982,1.50,2.40
2010.12.03 03:08:38.475,0.9694,0.96982,1.50,2.30
2010.12.03 03:08:39.049,0.96948,0.96988,2.30,2.20
2010.12.03 03:08:39.267,0.96951,0.96988,1.50,2.00
2010.12.03 03:08:39.487,0.96951,0.96988,1.50,2.20
2010.12.03 03:08:40.156,0.96951,0.96988,1.50,1.90
2010.12.03 03:08:41.276,0.96951,0.96988,1.50,2.10
2010.12.03 03:08:41.497,0.96951,0.96988,1.50,2.00
2010.12.03 03:08:41.947,0.96951,0.96988,1.50,2.10
2010.12.03 03:08:43.794,0.96953,0.9699,1.90,1.70
2010.12.03 03:08:44.295,0.96953,0.96989,1.90,5.10
2010.12.03 03:08:44.408,0.96953,0.96989,1.90,4.50
2010.12.03 03:08:44.518,0.96951,0.96989,1.50,4.50
2010.12.03 03:08:46.398,0.96951,0.96989,1.50,1.90
2010.12.03 03:08:47.798,0.96951,0.96989,1.50,4.80
2010.12.03 03:08:49.449,0.96951,0.96989,1.50,2.00
2010.12.03 03:08:49.568,0.96951,0.96989,1.50,4.50
2010.12.03 03:08:49.678,0.96951,0.96989,1.50,1.90
2010.12.03 03:08:49.788,0.96951,0.96989,1.50,4.50
2010.12.03 03:08:50.927,0.96951,0.96989,1.50,4.50
2010.12.03 03:08:51.927,0.96951,0.96989,1.50,4.50
2010.12.03 03:08:53.137,0.96951,0.96989,1.50,5.10
2010.12.03 03:08:53.247,0.96951,0.96989,1.50,4.50
2010.12.03 03:08:53.880,0.96951,0.96989,1.50,4.80
2010.12.03 03:08:54.748,0.96951,0.96989,1.50,4.80
2010.12.03 03:08:54.869,0.96951,0.96989,1.50,9.20
2010.12.03 03:08:55.200,0.96951,0.96989,1.50,1.90
2010.12.03 03:08:56.569,0.96951,0.96989,1.50,1.80
2010.12.03 03:08:57.466,0.96951,0.96989,1.50,1.90
2010.12.03 03:08:57.581,0.96951,0.96989,1.50,1.80
2010.12.03 03:08:57.797,0.96951,0.96989,1.50,1.90
2010.12.03 03:08:57.907,0.96951,0.96989,1.50,1.90
2010.12.03 03:08:58.133,0.96951,0.96989,1.50,2.00
2010.12.03 03:08:59.297,0.96951,0.96989,1.50,1.90
2010.12.03 03:09:01.400,0.96951,0.96988,1.50,2.10
2010.12.03 03:09:01.895,0.96951,0.96989,1.50,3.80
2010.12.03 03:09:03.808,0.96951,0.96989,1.50,9.40
2010.12.03 03:09:09.452,0.9695,0.96987,1.50,1.10
2010.12.03 03:09:09.675,0.96948,0.96987,2.30,1.80
2010.12.03 03:09:09.810,0.96945,0.96983,1.90,2.60
2010.12.03 03:09:09.919,0.96945,0.96983,1.90,2.30
2010.12.03 03:09:10.394,0.96951,0.96989,1.50,1.80
2010.12.03 03:09:13.005,0.96951,0.96988,1.50,2.10
2010.12.03 03:09:15.129,0.96951,0.96988,1.50,2.00
2010.12.03 03:09:15.240,0.96951,0.96988,1.50,2.10
2010.12.03 03:09:15.460,0.96951,0.96988,1.50,2.10
2010.12.03 03:09:15.579,0.96951,0.96988,1.50,2.10
2010.12.03 03:09:16.131,0.96928,0.96971,2.60,1.90
2010.12.03 03:09:16.349,0.96928,0.96971,2.40,1.90
2010.12.03 03:09:16.566,0.96933,0.96977,1.90,1.90
2010.12.03 03:09:19.523,0.96936,0.9698,1.90,2.10
2010.12.03 03:09:20.341,0.96938,0.9698,2.30,1.90
2010.12.03 03:09:20.889,0.96938,0.96979,2.40,1.90
2010.12.03 03:09:21.424,0.96938,0.96979,2.40,1.90
2010.12.03 03:09:21.536,0.96943,0.96987,1.90,2.10
2010.12.03 03:09:22.177,0.96943,0.96987,2.00,2.00
2010.12.03 03:09:23.639,0.96943,0.96987,2.10,1.90
2010.12.03 03:09:24.629,0.96948,0.96992,1.90,2.10
2010.12.03 03:09:25.188,0.96952,0.96997,1.90,1.10
2010.12.03 03:09:26.079,0.96948,0.96992,4.20,1.90
2010.12.03 03:09:26.302,0.96947,0.96985,2.40,1.90
2010.12.03 03:09:26.407,0.96947,0.96993,4.30,4.20
2010.12.03 03:09:27.391,0.96947,0.96993,4.20,4.20
2010.12.03 03:09:29.927,0.96947,0.96993,4.50,4.20
2010.12.03 03:09:30.536,0.96947,0.96993,4.30,4.20
2010.12.03 03:09:32.669,0.96947,0.96993,4.20,4.20
2010.12.03 03:09:46.576,0.96947,0.96993,4.20,4.40
2010.12.03 03:09:46.798,0.96943,0.96987,2.10,1.90
2010.12.03 03:09:46.907,0.96948,0.96992,1.90,2.30
2010.12.03 03:09:47.017,0.96943,0.96987,2.10,1.90
2010.12.03 03:09:47.704,0.9694,0.96984,1.90,1.90
2010.12.03 03:09:50.547,0.96937,0.96983,2.10,1.90
2010.12.03 03:09:51.984,0.96938,0.96984,2.00,1.90
2010.12.03 03:09:52.560,0.96938,0.96981,2.40,1.90
2010.12.03 03:09:53.108,0.96938,0.96981,2.40,1.90
2010.12.03 03:09:55.197,0.96938,0.96981,2.50,2.10
2010.12.03 03:09:55.976,0.96938,0.96982,2.50,2.30
2010.12.03 03:09:56.987,0.96938,0.96982,2.40,2.30
2010.12.03 03:09:58.396,0.96938,0.96982,2.40,2.50
2010.12.03 03:10:01.188,0.96936,0.96982,5.00,4.40
2010.12.03 03:10:01.299,0.96936,0.96982,2.10,4.40
2010.12.03 03:10:01.976,0.96937,0.96982,2.40,2.10
2010.12.03 03:10:02.197,0.96937,0.96982,2.40,2.10
2010.12.03 03:10:02.707,0.96937,0.96982,2.30,2.20
2010.12.03 03:10:02.890,0.96937,0.96982,2.40,2.30
2010.12.03 03:10:03.947,0.96937,0.96982,2.40,2.10
2010.12.03 03:10:08.848,0.96937,0.96982,2.40,2.20
2010.12.03 03:10:11.669,0.96941,0.96986,1.60,2.00
2010.12.03 03:10:11.998,0.96941,0.96987,3.60,3.60
2010.12.03 03:10:12.217,0.96948,0.96992,2.40,5.30
2010.12.03 03:10:13.808,0.96948,0.96992,4.30,3.20
2010.12.03 03:10:14.248,0.96949,0.96992,2.00,2.30
2010.12.03 03:10:14.913,0.96953,0.96997,1.90,3.60
2010.12.03 03:10:15.486,0.96953,0.96997,1.90,1.90
2010.12.03 03:10:15.597,0.96953,0.96997,1.90,1.70
2010.12.03 03:10:15.826,0.96953,0.96997,2.00,1.70
2010.12.03 03:10:16.916,0.96953,0.96997,2.00,3.80
2010.12.03 03:10:17.528,0.96953,0.96997,2.00,3.60
2010.12.03 03:10:17.637,0.96953,0.96997,2.10,3.80
2010.12.03 03:10:17.747,0.96953,0.96992,2.10,2.30
2010.12.03 03:10:19.038,0.96948,0.96992,2.40,2.30
2010.12.03 03:10:19.366,0.96958,0.96993,2.30,1.90
2010.12.03 03:10:19.478,0.96959,0.97002,1.50,2.00
2010.12.03 03:10:19.588,0.96963,0.97002,2.00,2.30
2010.12.03 03:10:20.073,0.9696,0.97006,2.20,2.10
2010.12.03 03:10:20.288,0.96962,0.97006,1.90,1.90
2010.12.03 03:10:21.090,0.96959,0.97003,1.90,1.90
2010.12.03 03:10:21.196,0.96956,0.97002,2.00,1.90
2010.12.03 03:10:21.440,0.96956,0.97002,2.10,1.90
2010.12.03 03:10:22.197,0.96959,0.97003,2.00,1.90
2010.12.03 03:10:23.537,0.96959,0.97003,1.90,4.20
2010.12.03 03:10:23.648,0.96956,0.97,2.10,1.90
2010.12.03 03:10:24.757,0.96955,0.97001,2.00,1.90
2010.12.03 03:10:25.851,0.96955,0.97001,2.00,1.90
2010.12.03 03:10:27.757,0.96958,0.97003,2.00,2.40
2010.12.03 03:10:29.419,0.96963,0.97008,1.90,1.70
2010.12.03 03:10:29.978,0.9696,0.97002,1.90,2.30
2010.12.03 03:10:31.377,0.96953,0.96998,2.20,1.50
2010.12.03 03:10:31.882,0.96954,0.96997,2.00,1.70
2010.12.03 03:10:36.648,0.96954,0.96997,2.20,1.70
2010.12.03 03:10:36.867,0.96954,0.96997,2.00,1.80
2010.12.03 03:10:37.747,0.96954,0.96997,2.10,1.70
2010.12.03 03:10:37.857,0.96963,0.97003,1.90,2.60
2010.12.03 03:10:37.967,0.96963,0.97007,1.90,1.80
2010.12.03 03:10:38.194,0.96963,0.97007,2.20,1.50
2010.12.03 03:10:38.747,0.96963,0.97007,2.10,1.70
2010.12.03 03:10:39.203,0.96969,0.97013,1.90,10.70
2010.12.03 03:10:39.867,0.96969,0.97015,1.90,1.90
2010.12.03 03:10:39.980,0.96969,0.97015,1.90,2.00
2010.12.03 03:10:40.758,0.96969,0.97013,1.90,4.20
2010.12.03 03:10:41.748,0.96967,0.97007,2.40,1.90
2010.12.03 03:10:42.299,0.96961,0.97007,2.10,3.40
2010.12.03 03:10:42.966,0.96961,0.97007,2.00,3.50
2010.12.03 03:10:43.188,0.96961,0.97005,2.10,1.90
2010.12.03 03:10:43.297,0.96961,0.97005,2.00,2.00
2010.12.03 03:10:43.407,0.96961,0.97007,2.10,3.50
2010.12.03 03:10:43.870,0.96964,0.97007,1.90,1.50
2010.12.03 03:10:45.037,0.96964,0.97007,2.00,1.50
2010.12.03 03:10:45.830,0.96964,0.97007,1.90,1.50
2010.12.03 03:10:46.260,0.96964,0.97007,1.90,1.60
2010.12.03 03:10:47.173,0.96964,0.97007,1.90,1.50
2010.12.03 03:10:47.486,0.96964,0.97007,2.00,1.60
2010.12.03 03:10:51.404,0.96963,0.97007,1.90,1.70
2010.12.03 03:10:52.841,0.96963,0.97007,2.20,1.70
2010.12.03 03:10:55.488,0.96963,0.97007,2.10,1.50
2010.12.03 03:10:55.708,0.96966,0.97007,1.90,1.60
2010.12.03 03:10:56.740,0.96966,0.97007,2.00,1.60
2010.12.03 03:10:58.198,0.96966,0.97007,2.00,1.80
2010.12.03 03:10:58.307,0.96966,0.97007,1.90,1.70
2010.12.03 03:10:58.637,0.96966,0.97003,2.00,2.50
2010.12.03 03:10:59.237,0.96958,0.97003,2.10,2.50
2010.12.03 03:11:01.567,0.96957,0.96997,2.40,1.90
2010.12.03 03:11:02.269,0.96951,0.96992,2.20,2.30
2010.12.03 03:11:02.496,0.96948,0.9699,2.40,1.90
2010.12.03 03:11:02.719,0.96943,0.96989,2.10,1.90
2010.12.03 03:11:02.829,0.96948,0.96991,2.40,1.90
2010.12.03 03:11:03.398,0.96948,0.96992,2.40,4.20
2010.12.03 03:11:03.731,0.96949,0.96992,1.90,2.30
2010.12.03 03:11:05.186,0.96951,0.96992,2.00,2.40
2010.12.03 03:11:23.037,0.9695,0.96992,2.10,2.30
2010.12.03 03:11:23.258,0.96955,0.96992,1.90,2.30
2010.12.03 03:11:23.366,0.96953,0.96992,1.90,2.30
2010.12.03 03:11:24.573,0.96952,0.96992,2.00,2.40
2010.12.03 03:11:27.212,0.96952,0.96992,2.20,2.30
2010.12.03 03:11:27.757,0.96952,0.96993,1.90,2.60
2010.12.03 03:11:28.667,0.96948,0.96993,1.90,2.60
2010.12.03 03:11:33.417,0.96948,0.96993,1.90,2.60
2010.12.03 03:11:38.171,0.9695,0.96992,1.90,2.50
2010.12.03 03:11:39.869,0.9695,0.96992,1.90,2.50
2010.12.03 03:11:40.307,0.9695,0.96992,2.10,2.60
2010.12.03 03:11:49.002,0.96951,0.96992,1.90,2.60
2010.12.03 03:11:49.220,0.96951,0.96992,2.00,2.40
2010.12.03 03:11:52.017,0.96951,0.96995,2.10,2.10
2010.12.03 03:11:52.128,0.96955,0.96997,1.90,1.90
2010.12.03 03:11:53.900,0.96955,0.96997,2.00,1.70
2010.12.03 03:12:01.837,0.96955,0.96998,1.90,1.90
2010.12.03 03:12:02.223,0.96953,0.96998,2.10,1.90
2010.12.03 03:12:05.247,0.96953,0.96998,2.00,4.10
2010.12.03 03:12:06.062,0.96951,0.96997,1.90,2.20
2010.12.03 03:12:06.277,0.96952,0.96996,2.00,2.10
2010.12.03 03:12:06.837,0.96952,0.96996,2.00,2.20
2010.12.03 03:12:08.067,0.96952,0.96996,2.00,2.10
2010.12.03 03:12:10.774,0.96952,0.96996,2.00,2.10
2010.12.03 03:12:10.997,0.96952,0.96998,2.10,3.60
2010.12.03 03:12:11.767,0.96952,0.96996,2.10,2.10
2010.12.03 03:12:12.510,0.96952,0.96996,2.20,2.10
2010.12.03 03:12:14.227,0.96952,0.96998,2.10,3.70
2010.12.03 03:12:14.668,0.96951,0.96992,2.10,2.30
2010.12.03 03:12:18.314,0.96952,0.96992,2.00,2.30
2010.12.03 03:12:18.787,0.96951,0.96992,2.10,2.30
2010.12.03 03:12:19.485,0.96952,0.96998,2.10,3.60
2010.12.03 03:12:19.602,0.96952,0.96998,2.10,3.60
2010.12.03 03:12:20.050,0.96952,0.96998,5.10,3.60
2010.12.03 03:12:20.148,0.96953,0.96998,2.10,1.70
2010.12.03 03:12:20.367,0.96953,0.96998,2.10,1.90
2010.12.03 03:12:23.263,0.96953,0.96997,2.20,3.60
2010.12.03 03:12:24.387,0.96954,0.96997,2.00,1.70
2010.12.03 03:12:24.621,0.96954,0.96997,1.90,2.00
2010.12.03 03:12:26.064,0.96954,0.96997,2.10,1.90
2010.12.03 03:12:30.309,0.96954,0.96998,1.90,3.80
2010.12.03 03:12:35.337,0.96954,0.96998,1.90,3.70
2010.12.03 03:12:36.064,0.96952,0.96998,2.00,3.80
2010.12.03 03:12:37.837,0.96951,0.96997,2.10,2.20
2010.12.03 03:12:40.918,0.96952,0.96998,2.10,3.50
2010.12.03 03:12:43.838,0.96952,0.96998,2.10,3.60
2010.12.03 03:12:44.917,0.96954,0.96998,1.90,3.60
2010.12.03 03:12:45.137,0.96953,0.96997,1.90,1.90
2010.12.03 03:12:45.246,0.96953,0.96997,1.90,2.00
2010.12.03 03:12:45.888,0.96951,0.96993,2.00,2.40
2010.12.03 03:12:46.887,0.96951,0.96993,2.10,2.40
2010.12.03 03:12:48.148,0.96951,0.96997,2.10,2.10
2010.12.03 03:13:00.437,0.96951,0.96995,2.10,1.90
2010.12.03 03:13:02.506,0.96949,0.96993,3.60,1.90
2010.12.03 03:13:02.729,0.96948,0.96992,2.40,2.10
2010.12.03 03:13:02.837,0.96948,0.96992,2.40,1.90
2010.12.03 03:13:03.057,0.96945,0.96991,2.10,1.90
2010.12.03 03:13:03.169,0.96945,0.96989,2.20,1.70
2010.12.03 03:13:22.017,0.96954,0.96989,1.90,1.70
2010.12.03 03:13:31.757,0.96954,0.96988,1.90,1.50
2010.12.03 03:13:32.088,0.9695,0.96994,2.10,3.00
2010.12.03 03:13:34.995,0.9695,0.96994,2.10,2.10
2010.12.03 03:13:40.861,0.9695,0.96994,2.10,1.90
2010.12.03 03:13:40.969,0.9695,0.96994,1.90,2.00
2010.12.03 03:13:43.827,0.9695,0.96994,1.90,2.10
2010.12.03 03:13:55.057,0.9695,0.96992,1.90,2.60
2010.12.03 03:13:55.396,0.9694,0.96986,2.00,1.90
2010.12.03 03:13:55.727,0.96942,0.96982,2.00,2.30
2010.12.03 03:13:56.279,0.96936,0.9698,2.00,1.90
2010.12.03 03:14:00.368,0.96936,0.9698,2.70,2.00
2010.12.03 03:14:00.697,0.96935,0.96979,1.90,2.00
2010.12.03 03:14:01.707,0.96935,0.96979,2.10,1.90
2010.12.03 03:14:01.928,0.96939,0.96983,1.90,1.90
2010.12.03 03:14:02.038,0.96941,0.96987,1.90,1.90
2010.12.03 03:14:02.477,0.96942,0.96988,1.90,2.30
2010.12.03 03:14:04.200,0.96942,0.96988,1.90,2.20
2010.12.03 03:14:05.797,0.96942,0.96983,1.90,2.40
2010.12.03 03:14:05.907,0.96936,0.9698,1.90,1.90
2010.12.03 03:14:06.238,0.96936,0.9698,2.10,1.90
2010.12.03 03:14:07.022,0.96935,0.96979,1.90,1.90
2010.12.03 03:14:09.170,0.9694,0.96984,1.90,2.00
2010.12.03 03:14:10.777,0.9694,0.96984,2.00,1.90
2010.12.03 03:14:12.638,0.96945,0.96987,1.90,1.60
2010.12.03 03:14:13.480,0.96945,0.96989,1.90,2.20
2010.12.03 03:14:17.440,0.96945,0.96989,1.90,2.40
2010.12.03 03:14:18.897,0.96945,0.96989,1.90,2.20
2010.12.03 03:14:20.549,0.96945,0.96991,1.90,2.30
2010.12.03 03:14:20.657,0.96945,0.96991,1.90,5.10
2010.12.03 03:14:20.887,0.96945,0.96991,1.90,2.20
2010.12.03 03:14:21.572,0.96945,0.96991,2.70,2.20
2010.12.03 03:14:23.258,0.96945,0.96991,2.70,5.10
2010.12.03 03:14:27.818,0.96945,0.96991,1.90,5.10
2010.12.03 03:14:28.038,0.96943,0.96983,2.70,2.40
2010.12.03 03:14:29.798,0.9694,0.96983,2.70,2.40
2010.12.03 03:14:30.099,0.9694,0.96983,2.70,2.40
2010.12.03 03:14:37.329,0.96948,0.96981,3.00,2.10
2010.12.03 03:14:37.438,0.96938,0.96978,3.20,1.50
2010.12.03 03:14:37.548,0.96947,0.96978,2.30,1.50
2010.12.03 03:14:37.658,0.96947,0.96988,3.00,1.60
2010.12.03 03:14:37.769,0.96946,0.96983,2.70,2.40
2010.12.03 03:14:55.567,0.9694,0.96983,2.80,2.40
2010.12.03 03:14:55.787,0.9694,0.96983,2.80,2.40
2010.12.03 03:14:57.203,0.9694,0.96983,2.70,2.40
2010.12.03 03:14:59.347,0.96942,0.96983,1.10,2.40
2010.12.03 03:15:00.861,0.9694,0.96983,2.70,2.40
2010.12.03 03:15:03.977,0.96942,0.96983,1.10,2.40
2010.12.03 03:15:04.963,0.9694,0.96983,2.70,2.40
2010.12.03 03:15:24.148,0.9694,0.96983,5.70,2.40
2010.12.03 03:15:25.179,0.9694,0.96983,2.70,2.40
2010.12.03 03:15:42.436,0.9694,0.96983,2.70,2.40
2010.12.03 03:15:47.960,0.9694,0.96983,2.00,2.40
2010.12.03 03:15:50.809,0.9694,0.96982,2.00,2.30
2010.12.03 03:15:51.268,0.9694,0.96982,2.20,2.30
2010.12.03 03:15:54.617,0.9694,0.96982,2.00,2.30
2010.12.03 03:15:55.308,0.9694,0.96982,2.10,2.30
2010.12.03 03:15:55.747,0.96941,0.96982,2.00,2.30
2010.12.03 03:16:10.747,0.96941,0.96982,2.70,2.30
2010.12.03 03:16:26.801,0.96945,0.96982,2.10,2.30
2010.12.03 03:16:26.908,0.96947,0.96989,3.20,1.70
2010.12.03 03:16:27.799,0.96947,0.96988,3.10,1.70
2010.12.03 03:16:28.348,0.96951,0.96993,2.70,2.50
2010.12.03 03:16:28.677,0.96945,0.96989,2.70,1.60
2010.12.03 03:16:29.044,0.96945,0.96989,2.70,1.60
2010.12.03 03:16:29.827,0.96946,0.96989,2.70,1.60
2010.12.03 03:16:36.220,0.96946,0.96989,2.70,1.80
2010.12.03 03:16:36.722,0.96946,0.96989,2.80,1.70
2010.12.03 03:16:41.963,0.96946,0.96989,2.70,1.70
2010.12.03 03:16:43.006,0.96946,0.96989,2.70,1.60
2010.12.03 03:17:06.250,0.96946,0.96989,2.70,1.50
2010.12.03 03:17:06.359,0.96946,0.96989,2.70,1.50
2010.12.03 03:17:06.921,0.96951,0.96992,2.70,2.30
2010.12.03 03:17:15.245,0.96951,0.96995,2.70,2.00
2010.12.03 03:17:15.380,0.96955,0.96998,2.70,1.60
2010.12.03 03:17:18.437,0.96955,0.96998,2.70,1.70
2010.12.03 03:17:22.068,0.96953,0.96997,2.70,2.00
2010.12.03 03:17:22.177,0.96953,0.96993,2.70,2.40
2010.12.03 03:17:23.839,0.96951,0.96993,2.70,2.40
2010.12.03 03:17:24.378,0.96951,0.96993,2.70,2.40
2010.12.03 03:17:35.599,0.96951,0.96993,2.70,2.30
2010.12.03 03:17:35.712,0.96944,0.96988,2.70,1.90
2010.12.03 03:17:45.807,0.96945,0.96989,2.70,3.60
2010.12.03 03:17:45.919,0.96946,0.96989,2.70,1.50
2010.12.03 03:17:47.809,0.9695,0.96992,2.70,2.30
2010.12.03 03:17:51.827,0.9695,0.96992,2.70,2.30
2010.12.03 03:17:51.938,0.9695,0.96992,2.70,2.60
2010.12.03 03:17:52.729,0.9695,0.96992,2.70,2.60
2010.12.03 03:17:52.838,0.9695,0.96992,2.70,2.40
2010.12.03 03:18:03.972,0.9695,0.96992,2.70,2.40
2010.12.03 03:18:06.428,0.9695,0.96992,2.70,2.40
2010.12.03 03:18:13.207,0.9696,0.96992,1.90,2.30
2010.12.03 03:18:16.958,0.9695,0.96992,2.80,2.30
2010.12.03 03:18:18.190,0.9695,0.96992,2.80,2.60
2010.12.03 03:18:20.300,0.9695,0.96992,2.70,2.40
2010.12.03 03:18:21.566,0.9695,0.96992,2.70,2.40
2010.12.03 03:18:21.702,0.9695,0.96992,2.70,2.40
2010.12.03 03:18:33.435,0.9695,0.96992,2.70,2.30
2010.12.03 03:18:33.550,0.96948,0.96992,5.00,2.40
2010.12.03 03:18:33.729,0.96948,0.96992,5.00,2.30
2010.12.03 03:18:34.222,0.96948,0.96983,2.70,2.30
2010.12.03 03:19:05.193,0.96948,0.96983,2.70,2.30
2010.12.03 03:19:06.012,0.96948,0.96983,2.80,2.30
2010.12.03 03:19:06.345,0.96948,0.96983,2.70,2.30
2010.12.03 03:19:06.735,0.96948,0.96983,2.70,2.30
2010.12.03 03:19:07.530,0.96948,0.96983,2.70,2.30
2010.12.03 03:19:11.556,0.96948,0.96983,2.70,2.30
2010.12.03 03:19:12.140,0.96948,0.96983,2.80,2.30
2010.12.03 03:19:12.247,0.96948,0.96983,2.70,2.30
2010.12.03 03:19:12.888,0.96948,0.96983,2.80,2.30
2010.12.03 03:19:15.902,0.96948,0.96983,2.70,2.30
2010.12.03 03:19:23.144,0.96948,0.96983,2.70,2.30
2010.12.03 03:19:29.052,0.96942,0.96983,3.00,2.50
2010.12.03 03:19:31.558,0.96942,0.96979,2.70,2.50
2010.12.03 03:19:31.668,0.96942,0.96973,2.70,2.30
2010.12.03 03:19:31.888,0.96943,0.96978,2.70,1.50
2010.12.03 03:19:32.107,0.96943,0.96978,2.70,1.70
2010.12.03 03:19:32.467,0.96947,0.96979,1.90,2.50
2010.12.03 03:19:32.579,0.96944,0.96979,1.90,2.50
2010.12.03 03:19:34.851,0.96941,0.96983,2.80,2.60
2010.12.03 03:19:35.068,0.96939,0.96983,2.70,6.00
2010.12.03 03:19:35.288,0.96939,0.96983,5.70,2.60
2010.12.03 03:19:35.520,0.96939,0.96983,5.70,2.40
2010.12.03 03:19:36.034,0.96939,0.96983,2.70,2.40
2010.12.03 03:19:39.107,0.96938,0.96983,2.80,2.40
2010.12.03 03:19:43.077,0.96938,0.96978,2.70,1.60
2010.12.03 03:19:43.298,0.96937,0.96978,3.20,1.70
2010.12.03 03:19:44.788,0.96937,0.96978,3.20,1.60
2010.12.03 03:19:45.463,0.96937,0.96978,3.10,1.60
2010.12.03 03:19:46.241,0.96938,0.96983,2.70,2.40
2010.12.03 03:19:47.828,0.96938,0.96983,2.80,2.40
2010.12.03 03:19:56.448,0.96938,0.96983,2.80,2.60
2010.12.03 03:20:00.141,0.96939,0.96983,2.70,2.40
2010.12.03 03:20:03.615,0.96939,0.96983,2.70,2.40
2010.12.03 03:20:04.274,0.96939,0.96983,2.70,2.40
2010.12.03 03:20:04.548,0.96939,0.96983,2.70,2.60
2010.12.03 03:20:08.807,0.96939,0.96983,2.80,2.40
2010.12.03 03:20:09.278,0.96941,0.96983,2.80,2.40
2010.12.03 03:20:10.791,0.96941,0.96983,2.70,2.40
2010.12.03 03:20:12.238,0.96947,0.96988,3.00,4.40
2010.12.03 03:20:15.008,0.96947,0.96988,3.00,4.40
2010.12.03 03:20:15.119,0.96943,0.96988,2.70,1.90
2010.12.03 03:20:15.807,0.96944,0.96988,2.70,1.90
2010.12.03 03:20:21.669,0.96944,0.96988,2.70,2.00
2010.12.03 03:20:22.418,0.96944,0.96988,2.70,1.90
2010.12.03 03:20:22.872,0.96944,0.96988,2.70,2.00
2010.12.03 03:20:23.618,0.96948,0.96988,3.00,1.80
2010.12.03 03:20:24.548,0.96948,0.96987,3.00,2.10
2010.12.03 03:20:24.658,0.96943,0.96983,2.70,2.30
2010.12.03 03:20:25.428,0.96939,0.96983,2.70,3.80
2010.12.03 03:20:26.774,0.96938,0.96982,2.70,2.00
2010.12.03 03:20:27.377,0.9694,0.96983,2.70,2.40
2010.12.03 03:20:29.930,0.9694,0.96983,2.70,2.40
2010.12.03 03:20:35.029,0.96943,0.96983,1.10,2.30
2010.12.03 03:20:36.006,0.96948,0.96988,3.00,1.90
2010.12.03 03:20:37.764,0.96948,0.96988,3.10,1.90
2010.12.03 03:20:39.761,0.96943,0.96983,2.70,2.30
2010.12.03 03:20:40.918,0.96941,0.96978,5.70,1.50
2010.12.03 03:20:41.137,0.96937,0.96978,3.20,1.50
2010.12.03 03:20:42.048,0.96937,0.96978,3.20,1.50
2010.12.03 03:20:42.928,0.96938,0.96982,2.00,2.10
2010.12.03 03:20:44.678,0.96945,0.96983,1.90,2.60
2010.12.03 03:20:44.789,0.96945,0.96983,2.10,2.30
2010.12.03 03:20:44.898,0.96948,0.96988,2.40,1.70
2010.12.03 03:20:45.600,0.96948,0.96988,2.30,1.70
2010.12.03 03:20:46.761,0.96948,0.96988,2.40,1.70
2010.12.03 03:20:49.227,0.96945,0.96983,2.00,2.30
2010.12.03 03:20:50.251,0.96939,0.96983,2.70,4.20
2010.12.03 03:20:52.017,0.96939,0.96983,2.70,4.20
2010.12.03 03:20:53.143,0.96939,0.96983,2.70,4.20
2010.12.03 03:20:53.784,0.96939,0.96983,2.70,4.20
2010.12.03 03:20:56.157,0.96939,0.96983,2.70,4.20
2010.12.03 03:21:00.605,0.96939,0.96983,2.70,4.40
2010.12.03 03:21:02.505,0.9694,0.96983,2.80,2.50
2010.12.03 03:21:03.548,0.9694,0.96983,2.80,2.60
2010.12.03 03:21:03.658,0.96942,0.96983,1.10,2.50
2010.12.03 03:21:03.878,0.9694,0.96983,2.70,2.60
2010.12.03 03:21:11.605,0.9694,0.96984,2.70,2.20
2010.12.03 03:21:15.808,0.96943,0.96984,1.10,2.10
2010.12.03 03:21:17.761,0.96938,0.96983,6.60,3.70
2010.12.03 03:21:18.472,0.96938,0.96983,3.20,3.70
2010.12.03 03:21:21.843,0.96938,0.96983,3.30,3.60
2010.12.03 03:21:22.427,0.96939,0.96984,2.40,3.80
2010.12.03 03:21:23.192,0.96939,0.96984,2.40,3.60
2010.12.03 03:21:23.918,0.9694,0.96982,1.60,2.10
2010.12.03 03:21:28.450,0.96938,0.96982,2.00,1.90
2010.12.03 03:21:29.466,0.96938,0.96982,2.10,2.00
2010.12.03 03:21:29.589,0.96938,0.96982,2.10,2.00
2010.12.03 03:21:30.228,0.96938,0.96982,2.10,2.10
2010.12.03 03:21:30.920,0.96938,0.96982,2.20,2.10
2010.12.03 03:21:31.920,0.96938,0.96982,1.90,2.00
2010.12.03 03:21:38.048,0.96938,0.96982,2.10,2.00
2010.12.03 03:21:40.694,0.96938,0.96982,2.10,2.20
2010.12.03 03:21:41.028,0.96938,0.96982,2.10,2.00
2010.12.03 03:21:45.208,0.96938,0.96983,2.10,1.10
2010.12.03 03:21:46.878,0.96938,0.96978,2.40,1.80
2010.12.03 03:21:47.898,0.96938,0.96978,2.40,1.70
2010.12.03 03:22:00.835,0.96938,0.96978,2.30,1.90
2010.12.03 03:22:21.014,0.96938,0.96979,2.40,8.90
2010.12.03 03:22:24.565,0.96938,0.96979,2.40,3.70
2010.12.03 03:22:25.145,0.96938,0.96979,2.30,3.80
2010.12.03 03:22:28.198,0.96938,0.96977,2.40,2.20
2010.12.03 03:22:28.885,0.96933,0.96977,1.90,1.90
2010.12.03 03:22:29.112,0.96929,0.96972,1.50,2.30
2010.12.03 03:22:30.042,0.96928,0.96972,2.40,4.20
2010.12.03 03:22:31.408,0.96928,0.96972,2.40,2.30
2010.12.03 03:22:31.529,0.96928,0.96972,2.40,2.40
2010.12.03 03:22:32.063,0.96928,0.96972,2.40,2.30
2010.12.03 03:22:33.398,0.96928,0.96972,2.40,2.40
2010.12.03 03:22:33.718,0.96928,0.96972,2.40,2.40
2010.12.03 03:22:41.789,0.96931,0.96972,1.90,2.40
2010.12.03 03:22:41.914,0.96928,0.96972,2.40,5.30
2010.12.03 03:22:43.155,0.96928,0.96968,2.60,1.70
2010.12.03 03:22:44.901,0.96928,0.96968,2.30,1.70
2010.12.03 03:22:45.010,0.96928,0.96968,2.40,1.60
2010.12.03 03:22:45.196,0.96928,0.96968,2.30,1.70
2010.12.03 03:22:48.841,0.96928,0.96968,2.40,1.60
2010.12.03 03:22:48.952,0.96928,0.96968,2.30,1.70
2010.12.03 03:22:51.408,0.96928,0.96968,2.40,3.60
2010.12.03 03:22:58.151,0.96928,0.96967,2.40,1.10
2010.12.03 03:22:58.729,0.96917,0.96963,2.00,5.10
2010.12.03 03:22:58.853,0.96911,0.96957,5.00,1.90
2010.12.03 03:22:59.178,0.96912,0.96958,2.10,2.10
2010.12.03 03:22:59.288,0.96912,0.96956,2.10,1.90
2010.12.03 03:23:02.372,0.9691,0.96954,5.00,1.90
2010.12.03 03:23:03.169,0.96908,0.96953,5.60,2.30
2010.12.03 03:23:03.280,0.96908,0.96953,2.00,2.30
2010.12.03 03:23:03.397,0.96907,0.96951,2.10,1.90
2010.12.03 03:23:03.972,0.96909,0.96955,2.10,1.90
2010.12.03 03:23:04.408,0.96908,0.96954,2.10,1.90
2010.12.03 03:23:04.519,0.9691,0.96956,2.10,1.90
2010.12.03 03:23:05.138,0.9691,0.96956,2.00,1.90
2010.12.03 03:23:05.358,0.96913,0.96959,1.90,1.90
2010.12.03 03:23:06.508,0.96919,0.96963,1.90,4.20
2010.12.03 03:23:07.758,0.96919,0.96963,2.10,4.20
2010.12.03 03:23:08.530,0.96927,0.96968,4.20,1.60
2010.12.03 03:23:09.169,0.96929,0.96973,1.90,4.30
2010.12.03 03:23:09.349,0.96932,0.96976,2.20,1.90
2010.12.03 03:23:10.141,0.96928,0.96974,2.00,1.90
2010.12.03 03:23:10.250,0.96928,0.96974,2.10,1.90
2010.12.03 03:23:10.358,0.96928,0.96974,2.00,1.90
2010.12.03 03:23:11.558,0.96928,0.96974,2.10,1.90
2010.12.03 03:23:12.855,0.96928,0.96974,2.10,1.90
2010.12.03 03:23:27.239,0.96928,0.96974,2.10,1.90
2010.12.03 03:23:27.349,0.96939,0.96982,1.90,2.30
2010.12.03 03:23:28.874,0.96939,0.96982,2.00,2.30
2010.12.03 03:23:29.871,0.96939,0.96982,1.90,2.40
2010.12.03 03:23:31.568,0.96939,0.96983,2.00,1.90
2010.12.03 03:23:31.680,0.96943,0.96988,2.00,1.60
2010.12.03 03:23:32.338,0.96944,0.96988,1.90,3.50
2010.12.03 03:23:32.830,0.96944,0.96988,2.00,3.50
2010.12.03 03:23:34.128,0.96944,0.96988,1.90,3.60
2010.12.03 03:23:50.291,0.96947,0.96988,2.30,2.10
2010.12.03 03:23:50.509,0.96948,0.96993,1.90,2.60
2010.12.03 03:23:51.850,0.96948,0.96993,2.00,2.60
2010.12.03 03:23:52.851,0.96948,0.96993,1.90,2.60
2010.12.03 03:23:54.629,0.96949,0.96993,1.90,2.60
2010.12.03 03:23:55.549,0.96949,0.96993,2.00,2.50
2010.12.03 03:23:56.405,0.96949,0.96993,2.10,2.40
2010.12.03 03:23:57.701,0.96954,0.96993,1.90,2.40
2010.12.03 03:23:57.813,0.96947,0.96992,2.40,1.90
2010.12.03 03:23:58.529,0.96947,0.96992,2.60,2.10
2010.12.03 03:23:58.645,0.96947,0.96992,2.40,1.90
2010.12.03 03:24:00.668,0.96947,0.96993,4.20,4.20
2010.12.03 03:24:02.688,0.96947,0.96991,2.40,1.90
2010.12.03 03:24:07.118,0.96947,0.96993,4.20,4.20
2010.12.03 03:24:10.828,0.9695,0.96993,1.90,2.40
2010.12.03 03:24:14.201,0.9695,0.96993,1.90,2.40
2010.12.03 03:24:14.523,0.9695,0.96993,1.90,2.40
2010.12.03 03:24:17.457,0.9695,0.96993,1.90,2.40
2010.12.03 03:24:17.727,0.96947,0.96993,4.20,4.30
2010.12.03 03:24:18.369,0.96947,0.96993,4.20,4.30
2010.12.03 03:24:20.589,0.9695,0.96995,1.50,5.10
2010.12.03 03:24:20.699,0.9695,0.96995,1.50,2.30
2010.12.03 03:24:21.273,0.9695,0.96995,1.80,1.90
2010.12.03 03:24:21.386,0.96958,0.96998,2.30,1.70
2010.12.03 03:24:21.939,0.96958,0.97004,1.90,1.90
2010.12.03 03:24:22.049,0.96961,0.97007,1.90,2.10
2010.12.03 03:24:23.737,0.96961,0.97007,1.90,2.10
2010.12.03 03:24:28.638,0.96964,0.97008,1.90,2.20
2010.12.03 03:24:29.790,0.9696,0.97006,1.90,2.10
2010.12.03 03:24:30.120,0.96962,0.97006,1.90,2.10
2010.12.03 03:24:30.589,0.96958,0.97002,2.10,2.10
2010.12.03 03:24:30.809,0.9696,0.97003,1.90,2.40
2010.12.03 03:24:32.940,0.9696,0.97003,1.90,2.40
2010.12.03 03:24:33.467,0.9696,0.97003,2.00,2.40
2010.12.03 03:24:34.387,0.96958,0.97003,1.90,2.40
2010.12.03 03:24:35.619,0.96953,0.96999,2.00,2.20
2010.12.03 03:24:37.263,0.96959,0.97003,1.90,10.90
2010.12.03 03:24:38.269,0.96959,0.97002,1.90,2.60
2010.12.03 03:24:38.378,0.96954,0.96998,2.00,2.00
2010.12.03 03:24:38.819,0.96954,0.96998,1.90,1.90
2010.12.03 03:24:38.928,0.96952,0.96996,2.10,1.90
2010.12.03 03:24:39.348,0.96952,0.96993,1.90,2.30
2010.12.03 03:24:39.466,0.9695,0.96993,1.50,2.30
2010.12.03 03:24:39.689,0.9695,0.96993,1.60,2.30
2010.12.03 03:24:39.798,0.9695,0.96993,1.50,2.40
2010.12.03 03:24:42.787,0.9695,0.96993,1.60,2.30
2010.12.03 03:24:47.693,0.9695,0.96993,1.50,2.40
2010.12.03 03:24:47.799,0.9695,0.96992,1.50,2.10
2010.12.03 03:24:47.908,0.96948,0.96992,1.90,2.10
2010.12.03 03:24:48.020,0.9695,0.96993,1.90,2.30
2010.12.03 03:24:48.239,0.9695,0.96993,2.00,2.30
2010.12.03 03:24:48.585,0.9695,0.96993,1.90,2.40
2010.12.03 03:24:49.770,0.9695,0.96993,2.00,2.30
2010.12.03 03:25:09.404,0.96949,0.96991,1.50,2.10
2010.12.03 03:25:09.523,0.96943,0.96987,1.90,1.90
2010.12.03 03:25:10.198,0.9694,0.96982,1.60,2.30
2010.12.03 03:25:10.691,0.9694,0.96982,1.50,2.40
2010.12.03 03:25:14.418,0.96941,0.96982,1.90,2.40
2010.12.03 03:25:15.201,0.96943,0.96982,1.90,2.30
2010.12.03 03:25:15.530,0.9694,0.96982,3.60,2.30
2010.12.03 03:25:16.301,0.9694,0.96982,3.60,2.30
2010.12.03 03:25:17.308,0.9694,0.96982,3.70,2.40
2010.12.03 03:25:18.099,0.9694,0.96982,3.50,2.30
2010.12.03 03:25:19.675,0.9694,0.96982,3.60,2.30
2010.12.03 03:25:23.258,0.96941,0.96983,2.00,3.90
2010.12.03 03:25:26.799,0.96941,0.96983,2.20,3.80
2010.12.03 03:25:29.809,0.96941,0.96982,2.10,2.30
2010.12.03 03:25:36.282,0.96941,0.96982,2.00,2.30
2010.12.03 03:26:06.618,0.96941,0.96982,2.20,2.40
2010.12.03 03:26:06.729,0.96941,0.96982,2.10,2.30
2010.12.03 03:26:07.505,0.96941,0.96982,2.00,2.40
2010.12.03 03:26:14.119,0.96941,0.96982,2.10,2.30
2010.12.03 03:26:15.039,0.96941,0.96982,2.10,2.40
2010.12.03 03:26:29.391,0.96941,0.96982,2.20,2.30
2010.12.03 03:26:29.500,0.96941,0.96982,2.00,2.30
2010.12.03 03:26:29.723,0.96941,0.96982,2.20,2.30
2010.12.03 03:26:30.880,0.96941,0.96982,2.10,2.40
2010.12.03 03:26:50.049,0.96939,0.96982,1.60,2.30
2010.12.03 03:26:50.159,0.96939,0.96979,1.60,1.50
2010.12.03 03:26:52.241,0.96939,0.96979,1.60,1.60
2010.12.03 03:26:52.919,0.96939,0.96979,1.70,1.50
2010.12.03 03:27:01.561,0.96941,0.96979,2.10,1.50
2010.12.03 03:27:01.671,0.96941,0.96982,2.10,2.30
2010.12.03 03:27:09.001,0.96939,0.96982,1.70,2.40
2010.12.03 03:27:09.471,0.9694,0.96978,1.70,1.50
2010.12.03 03:27:10.853,0.9694,0.96978,1.60,1.60
2010.12.03 03:27:11.200,0.96941,0.96982,2.00,2.30
2010.12.03 03:27:12.844,0.96941,0.96982,2.10,2.30
2010.12.03 03:27:23.420,0.96941,0.96979,2.10,1.50
2010.12.03 03:27:36.310,0.96939,0.96979,1.50,1.50
2010.12.03 03:27:36.820,0.96936,0.96973,2.10,2.30
2010.12.03 03:27:37.781,0.96934,0.96973,1.90,2.50
2010.12.03 03:27:52.660,0.96932,0.96973,2.00,2.50
2010.12.03 03:27:53.101,0.96927,0.96963,2.40,2.30
2010.12.03 03:27:53.637,0.96927,0.96963,2.40,2.30
2010.12.03 03:27:59.641,0.96927,0.96963,2.40,3.80
2010.12.03 03:27:59.971,0.96929,0.96969,1.60,1.70
2010.12.03 03:28:00.082,0.96928,0.96962,2.30,2.30
2010.12.03 03:28:00.410,0.96927,0.96971,2.10,1.90
2010.12.03 03:28:03.140,0.96928,0.96973,2.10,2.50
2010.12.03 03:28:03.480,0.96928,0.96973,1.90,2.60
2010.12.03 03:28:03.591,0.96928,0.96973,2.00,2.50
2010.12.03 03:28:07.624,0.96928,0.96962,2.40,2.30
2010.12.03 03:28:11.787,0.96928,0.96962,2.40,2.30
2010.12.03 03:28:12.011,0.96927,0.96963,2.40,2.30
2010.12.03 03:28:13.530,0.96927,0.96963,2.60,2.30
2010.12.03 03:28:13.859,0.96927,0.96963,2.40,2.30
2010.12.03 03:28:23.250,0.96927,0.96963,2.30,2.40
2010.12.03 03:28:29.102,0.96928,0.96962,2.30,2.30
2010.12.03 03:28:43.502,0.96928,0.96962,2.60,2.30
2010.12.03 03:28:43.723,0.96928,0.96972,2.20,1.90
2010.12.03 03:28:44.407,0.96929,0.96973,1.90,4.20
2010.12.03 03:28:48.785,0.96932,0.96973,1.90,2.40
2010.12.03 03:28:49.313,0.96933,0.96973,1.90,2.30
2010.12.03 03:28:51.743,0.96933,0.96973,2.00,2.30
2010.12.03 03:28:53.431,0.96933,0.96973,2.20,2.30
2010.12.03 03:29:04.750,0.9693,0.96973,2.10,2.50
2010.12.03 03:29:07.969,0.96929,0.96973,1.90,4.40
2010.12.03 03:29:10.202,0.96929,0.96973,1.90,4.40
2010.12.03 03:29:11.520,0.96929,0.96973,1.90,4.50
2010.12.03 03:29:24.320,0.9693,0.96973,2.00,2.50
2010.12.03 03:29:25.211,0.96933,0.96973,1.90,2.60
2010.12.03 03:29:25.429,0.96931,0.96973,1.90,2.60
2010.12.03 03:29:27.919,0.96933,0.96973,1.90,2.60
2010.12.03 03:29:47.059,0.96931,0.96973,1.90,2.60
2010.12.03 03:29:47.540,0.96929,0.96973,1.90,4.40
2010.12.03 03:29:48.320,0.9693,0.96973,1.90,2.60
2010.12.03 03:29:50.154,0.96933,0.96973,1.90,2.60
2010.12.03 03:29:50.262,0.96928,0.96973,2.00,2.60
2010.12.03 03:29:53.130,0.96929,0.96973,1.90,4.40
2010.12.03 03:29:53.761,0.96931,0.96973,1.90,2.60
2010.12.03 03:29:58.869,0.96932,0.96973,1.90,2.60
2010.12.03 03:30:01.439,0.96929,0.96973,1.90,2.60
2010.12.03 03:30:02.120,0.96928,0.96973,2.00,2.60
2010.12.03 03:30:05.449,0.9693,0.96973,1.90,2.40
2010.12.03 03:30:06.079,0.96928,0.96973,2.00,2.40
2010.12.03 03:30:06.300,0.96928,0.96973,2.00,2.30
2010.12.03 03:30:06.410,0.96928,0.96973,1.90,2.40
2010.12.03 03:30:09.004,0.96929,0.96973,1.90,2.40
2010.12.03 03:30:09.660,0.9693,0.96973,1.90,2.40
2010.12.03 03:30:10.352,0.96929,0.96972,1.90,2.30
2010.12.03 03:30:11.250,0.96929,0.96972,2.10,2.30
2010.12.03 03:30:11.830,0.96929,0.96972,1.90,2.30
2010.12.03 03:30:12.171,0.96932,0.96976,1.90,2.10
2010.12.03 03:30:12.393,0.96929,0.96973,1.90,2.40
2010.12.03 03:30:13.266,0.96929,0.96973,1.90,2.40
2010.12.03 03:30:13.386,0.96929,0.96973,1.90,2.40
2010.12.03 03:30:13.979,0.96931,0.96973,1.90,2.40
2010.12.03 03:30:26.602,0.96928,0.96973,1.90,2.40
2010.12.03 03:30:27.531,0.96927,0.96963,2.40,2.30
2010.12.03 03:30:39.321,0.96925,0.96962,2.10,2.30
2010.12.03 03:30:52.464,0.96925,0.96962,2.10,2.40
2010.12.03 03:30:53.111,0.96928,0.96968,2.40,2.50
2010.12.03 03:30:53.441,0.96928,0.96968,2.40,2.50
2010.12.03 03:30:54.341,0.96928,0.96968,2.40,2.50
2010.12.03 03:30:54.451,0.96928,0.96968,2.40,2.60
2010.12.03 03:30:55.234,0.96928,0.96968,2.60,2.50
2010.12.03 03:30:56.822,0.96928,0.96968,2.40,2.60
2010.12.03 03:30:59.174,0.96928,0.96968,2.40,1.60
2010.12.03 03:31:00.684,0.96929,0.96969,1.70,1.50
2010.12.03 03:31:00.791,0.96929,0.96969,1.60,1.50
2010.12.03 03:31:01.375,0.96929,0.96969,1.80,1.50
2010.12.03 03:31:01.931,0.96929,0.96969,1.60,1.50
2010.12.03 03:31:02.598,0.96929,0.96969,1.50,1.50
2010.12.03 03:31:02.722,0.96928,0.96968,2.40,3.60
2010.12.03 03:31:04.021,0.96928,0.96968,2.40,3.60
2010.12.03 03:31:04.810,0.96928,0.96968,2.40,3.60
2010.12.03 03:31:14.330,0.96928,0.96968,4.30,1.50
2010.12.03 03:31:14.440,0.9693,0.96968,1.50,1.50
2010.12.03 03:31:15.751,0.9693,0.96968,1.60,1.50
2010.12.03 03:31:18.062,0.9693,0.96968,1.50,1.60
2010.12.03 03:31:18.971,0.9693,0.96968,1.60,1.50
2010.12.03 03:31:19.911,0.9693,0.96968,1.80,1.50
2010.12.03 03:31:21.255,0.9693,0.96967,1.70,1.70
2010.12.03 03:31:21.835,0.96915,0.96959,2.00,2.90
2010.12.03 03:31:21.950,0.96915,0.96959,2.00,1.90
2010.12.03 03:31:22.530,0.96913,0.96957,2.00,1.90
2010.12.03 03:31:23.820,0.96914,0.96953,2.00,2.30
2010.12.03 03:31:24.751,0.96914,0.96953,2.10,2.30
2010.12.03 03:31:25.261,0.96917,0.96958,2.40,1.50
2010.12.03 03:31:26.902,0.96917,0.96958,2.40,1.60
2010.12.03 03:31:27.571,0.96914,0.96953,2.10,2.30
2010.12.03 03:31:27.792,0.96914,0.9696,1.90,2.10
2010.12.03 03:31:27.900,0.96916,0.96962,1.90,2.10
2010.12.03 03:31:28.939,0.96916,0.96962,1.90,2.10
2010.12.03 03:31:29.510,0.96916,0.96962,2.10,2.10
2010.12.03 03:31:29.975,0.96919,0.96963,1.90,5.10
2010.12.03 03:31:31.181,0.96919,0.96963,2.00,4.20
2010.12.03 03:31:31.893,0.96919,0.96963,1.90,4.20
2010.12.03 03:31:32.572,0.96919,0.96963,2.00,4.20
2010.12.03 03:31:33.502,0.96919,0.96963,1.90,4.20
2010.12.03 03:31:33.875,0.96919,0.96963,2.00,4.20
2010.12.03 03:31:34.490,0.96919,0.96963,2.00,5.10
2010.12.03 03:31:35.070,0.96911,0.96949,1.70,1.50
2010.12.03 03:31:37.652,0.96911,0.96949,1.80,1.50
2010.12.03 03:31:37.932,0.96911,0.96949,1.50,1.50
2010.12.03 03:31:38.040,0.96911,0.96942,1.50,2.30
2010.12.03 03:31:38.721,0.96905,0.96942,5.20,2.30
2010.12.03 03:31:38.830,0.96907,0.96949,6.10,4.40
2010.12.03 03:31:38.940,0.96905,0.96943,5.20,2.30
2010.12.03 03:31:40.858,0.96905,0.96943,2.10,2.30
2010.12.03 03:31:42.600,0.96905,0.96943,2.10,2.30
2010.12.03 03:31:42.710,0.96905,0.96949,2.10,4.40
2010.12.03 03:31:42.820,0.96905,0.96949,2.10,3.40
2010.12.03 03:31:42.931,0.96907,0.96953,2.10,5.10
2010.12.03 03:31:43.047,0.96909,0.96953,1.90,5.20
2010.12.03 03:31:43.522,0.96918,0.96962,1.90,1.10
2010.12.03 03:31:44.254,0.96916,0.96962,1.90,4.40
2010.12.03 03:31:45.750,0.96916,0.96962,2.00,4.40
2010.12.03 03:31:46.436,0.96916,0.96962,1.90,4.40
2010.12.03 03:31:46.985,0.96916,0.96952,1.90,2.30
2010.12.03 03:31:47.763,0.96911,0.96949,1.70,1.50
2010.12.03 03:31:48.741,0.96911,0.96949,1.70,1.50
2010.12.03 03:32:04.269,0.96911,0.96949,1.50,1.70
2010.12.03 03:32:08.970,0.96909,0.96953,2.00,2.30
2010.12.03 03:32:09.085,0.96914,0.9696,1.90,2.20
2010.12.03 03:32:09.197,0.96917,0.96961,1.90,2.00
2010.12.03 03:32:09.421,0.96914,0.96952,1.90,2.30
2010.12.03 03:32:09.530,0.96914,0.96959,1.90,1.50
2010.12.03 03:32:09.640,0.96915,0.96961,1.90,1.90
2010.12.03 03:32:10.858,0.96915,0.96961,2.00,1.90
2010.12.03 03:32:14.311,0.96915,0.96952,1.90,2.30
2010.12.03 03:32:14.423,0.9691,0.9695,1.50,1.50
2010.12.03 03:32:14.530,0.9691,0.9695,1.60,1.50
2010.12.03 03:32:15.757,0.9692,0.9695,1.90,1.50
2010.12.03 03:32:15.981,0.96931,0.96972,1.90,6.20
2010.12.03 03:32:16.200,0.96928,0.96972,1.90,12.80
2010.12.03 03:32:16.530,0.96928,0.96972,1.90,12.80
2010.12.03 03:32:17.244,0.96927,0.96972,1.90,6.40
2010.12.03 03:32:18.151,0.96928,0.96972,1.90,11.10
2010.12.03 03:32:20.554,0.96928,0.96943,1.90,2.30
2010.12.03 03:32:20.661,0.96911,0.96943,1.90,2.30
2010.12.03 03:32:21.339,0.9691,0.96943,1.90,2.30
2010.12.03 03:32:23.070,0.9691,0.96949,1.90,1.70
2010.12.03 03:32:23.181,0.96916,0.96952,1.90,2.50
2010.12.03 03:32:23.400,0.96913,0.96953,1.90,6.20
2010.12.03 03:32:23.511,0.96916,0.96953,1.90,6.00
2010.12.03 03:32:24.109,0.96916,0.96953,1.90,2.60
2010.12.03 03:32:26.720,0.96916,0.96953,1.90,2.60
2010.12.03 03:32:28.170,0.96907,0.96951,1.90,2.20
2010.12.03 03:32:29.147,0.96908,0.96952,1.90,1.90
2010.12.03 03:32:29.800,0.96906,0.96952,1.90,1.90
2010.12.03 03:32:30.267,0.96906,0.96952,2.00,2.00
2010.12.03 03:32:30.727,0.96906,0.9695,1.90,2.30
2010.12.03 03:32:33.514,0.96906,0.9695,1.90,2.10
2010.12.03 03:32:33.620,0.96908,0.96952,1.90,2.30
2010.12.03 03:32:34.961,0.96908,0.96952,1.90,1.90
2010.12.03 03:32:56.405,0.96908,0.96952,1.90,2.00
2010.12.03 03:33:17.560,0.96908,0.96952,2.00,2.00
2010.12.03 03:33:22.697,0.96908,0.96953,1.90,2.40
2010.12.03 03:33:22.811,0.96907,0.96951,1.90,2.10
2010.12.03 03:33:23.374,0.96904,0.9695,1.90,2.10
2010.12.03 03:33:23.495,0.969,0.96942,2.00,2.30
2010.12.03 03:33:25.863,0.969,0.96942,2.00,2.30
2010.12.03 03:33:50.561,0.969,0.96944,3.60,1.90
2010.12.03 03:33:50.670,0.96904,0.96948,1.90,3.80
2010.12.03 03:33:51.157,0.96899,0.96943,2.00,2.30
2010.12.03 03:33:57.802,0.96899,0.96943,2.10,2.50
2010.12.03 03:33:58.022,0.96903,0.96949,2.20,3.60
2010.12.03 03:33:58.353,0.96905,0.96951,1.90,2.00
2010.12.03 03:33:58.873,0.96905,0.96951,1.90,1.90
2010.12.03 03:33:59.031,0.96907,0.96952,1.90,2.60
2010.12.03 03:33:59.650,0.96911,0.96955,1.90,2.20
2010.12.03 03:34:01.575,0.96907,0.96951,1.90,2.70
2010.12.03 03:34:01.681,0.96905,0.96951,1.90,2.70
2010.12.03 03:34:02.230,0.96906,0.96952,2.00,2.90
2010.12.03 03:34:04.350,0.96906,0.96952,1.90,2.90
2010.12.03 03:34:09.190,0.96906,0.96952,1.90,3.00
2010.12.03 03:34:09.630,0.96907,0.96951,1.90,1.90
2010.12.03 03:34:10.759,0.96917,0.96952,1.90,3.40
2010.12.03 03:34:11.020,0.96907,0.96951,1.90,1.90
2010.12.03 03:34:11.271,0.96907,0.96951,1.90,2.00
2010.12.03 03:34:11.491,0.96904,0.9695,1.90,1.90
2010.12.03 03:34:11.600,0.96907,0.96951,1.90,1.90
2010.12.03 03:34:13.251,0.96907,0.96951,1.90,2.00
2010.12.03 03:34:13.360,0.96905,0.96949,1.90,2.00
2010.12.03 03:34:13.690,0.96907,0.96951,1.90,1.90
2010.12.03 03:34:15.523,0.96907,0.96951,1.90,2.00
2010.12.03 03:34:15.631,0.96905,0.96949,1.90,2.00
2010.12.03 03:34:15.960,0.96906,0.96952,1.90,1.90
2010.12.03 03:34:17.031,0.96906,0.96952,1.90,4.30
2010.12.03 03:34:17.583,0.96906,0.96952,1.90,2.00
2010.12.03 03:34:19.350,0.96906,0.96952,1.90,2.00
2010.12.03 03:34:19.571,0.96907,0.96951,1.90,1.90
2010.12.03 03:34:21.331,0.96905,0.96949,1.90,2.30
2010.12.03 03:34:22.233,0.96906,0.96952,1.90,4.40
2010.12.03 03:34:23.385,0.96906,0.96952,1.90,4.40
2010.12.03 03:34:25.263,0.96906,0.96952,1.90,4.40
2010.12.03 03:34:27.301,0.96906,0.96952,1.90,4.40
2010.12.03 03:34:28.584,0.96904,0.96938,1.90,1.50
2010.12.03 03:34:30.802,0.96904,0.96938,1.90,1.60
2010.12.03 03:34:31.912,0.96904,0.96938,1.90,1.50
2010.12.03 03:34:40.452,0.96904,0.96938,1.90,1.60
2010.12.03 03:34:41.530,0.96904,0.96938,1.90,1.50
2010.12.03 03:34:42.380,0.96904,0.96938,1.90,1.60
2010.12.03 03:34:43.163,0.96904,0.96938,1.90,1.50
2010.12.03 03:34:44.773,0.96904,0.96938,1.90,1.60
2010.12.03 03:34:45.903,0.96904,0.96938,1.90,1.70
2010.12.03 03:34:49.361,0.96901,0.96939,1.90,1.60
2010.12.03 03:34:50.601,0.96903,0.96938,1.90,1.60
2010.12.03 03:34:52.574,0.96902,0.96939,1.90,1.60
2010.12.03 03:34:54.021,0.96902,0.96939,1.90,1.50
2010.12.03 03:34:54.570,0.96901,0.96939,1.90,1.50
2010.12.03 03:34:57.090,0.96903,0.96938,1.90,1.60
2010.12.03 03:35:03.290,0.969,0.96939,1.90,1.60
2010.12.03 03:35:07.361,0.96902,0.96938,1.90,1.60
2010.12.03 03:35:08.823,0.9691,0.96938,1.90,1.50
2010.12.03 03:35:08.932,0.9691,0.96942,1.90,2.40
2010.12.03 03:35:12.671,0.96906,0.96939,2.00,1.50
2010.12.03 03:35:14.820,0.96905,0.96938,1.90,1.50
2010.12.03 03:35:31.091,0.96905,0.96938,2.00,1.50
2010.12.03 03:35:32.442,0.96905,0.96938,1.90,1.50
2010.12.03 03:35:39.000,0.96905,0.96938,2.00,1.50
2010.12.03 03:35:39.330,0.96905,0.96938,1.90,1.50
2010.12.03 03:35:40.380,0.96903,0.96938,1.90,1.50
2010.12.03 03:35:40.930,0.96904,0.96939,1.90,1.50
2010.12.03 03:35:43.407,0.9691,0.96943,1.90,3.30
2010.12.03 03:35:43.523,0.96915,0.96952,1.90,2.40
2010.12.03 03:35:43.850,0.96905,0.96949,1.90,2.00
2010.12.03 03:35:43.960,0.96916,0.96952,1.90,2.40
2010.12.03 03:35:44.852,0.96916,0.96952,1.90,2.60
2010.12.03 03:35:47.721,0.96916,0.96952,1.90,2.40
2010.12.03 03:35:47.941,0.96916,0.96952,1.90,2.40
2010.12.03 03:35:49.002,0.96916,0.96952,1.90,2.40
2010.12.03 03:35:49.220,0.96914,0.96952,1.90,2.40
2010.12.03 03:35:49.561,0.96916,0.96952,1.90,2.40
2010.12.03 03:35:49.781,0.96916,0.96953,1.90,2.40
2010.12.03 03:35:50.243,0.96915,0.96953,1.90,2.40
2010.12.03 03:35:50.461,0.96917,0.96952,1.90,2.30
2010.12.03 03:35:51.794,0.96917,0.96953,1.90,2.60
2010.12.03 03:35:51.905,0.96915,0.96953,1.90,2.40
2010.12.03 03:35:52.140,0.96918,0.96953,1.90,2.40
2010.12.03 03:35:53.294,0.96917,0.96953,1.90,2.40
2010.12.03 03:35:53.645,0.96916,0.96953,1.90,2.40
2010.12.03 03:35:54.081,0.96915,0.96952,1.90,2.40
2010.12.03 03:35:54.631,0.96916,0.96952,1.90,2.30
2010.12.03 03:35:54.741,0.96916,0.96952,1.90,2.60
2010.12.03 03:35:55.196,0.96914,0.96953,1.90,2.60
2010.12.03 03:35:55.531,0.96917,0.96953,1.90,2.40
2010.12.03 03:35:55.860,0.96914,0.96952,1.90,2.60
2010.12.03 03:35:56.772,0.96914,0.96952,1.90,2.30
2010.12.03 03:35:56.991,0.96916,0.96952,1.90,2.30
2010.12.03 03:35:57.454,0.96914,0.96953,1.90,2.40
2010.12.03 03:35:59.340,0.96915,0.96953,1.90,2.40
2010.12.03 03:36:01.604,0.96916,0.96953,1.90,2.40
2010.12.03 03:36:02.490,0.96916,0.96953,1.90,2.40
2010.12.03 03:36:04.751,0.96916,0.96953,1.90,2.40
2010.12.03 03:36:04.883,0.96916,0.96953,1.90,2.40
2010.12.03 03:36:07.220,0.9692,0.96953,1.90,2.40
2010.12.03 03:36:07.860,0.96918,0.96953,1.90,5.90
2010.12.03 03:36:07.970,0.96916,0.96953,1.90,5.90
2010.12.03 03:36:08.232,0.96916,0.96953,1.90,2.40
2010.12.03 03:36:39.310,0.96916,0.96953,1.90,2.40
2010.12.03 03:36:39.421,0.96922,0.96958,1.90,1.70
2010.12.03 03:36:50.750,0.96922,0.96958,1.90,1.70
2010.12.03 03:36:53.957,0.96922,0.96958,1.90,1.70
2010.12.03 03:36:54.190,0.96911,0.96955,2.10,1.90
2010.12.03 03:36:54.306,0.96911,0.96953,2.10,3.00
2010.12.03 03:36:54.907,0.96914,0.96952,1.90,3.00
2010.12.03 03:36:55.056,0.9691,0.96943,1.90,2.30
2010.12.03 03:36:55.721,0.96909,0.96943,1.90,2.30
2010.12.03 03:36:59.379,0.96907,0.96943,1.90,2.40
2010.12.03 03:37:05.784,0.96909,0.96943,1.90,2.30
2010.12.03 03:37:17.110,0.9691,0.96944,1.90,1.50
2010.12.03 03:37:17.332,0.96917,0.96932,1.90,2.30
2010.12.03 03:37:17.443,0.96907,0.96932,1.90,2.30
2010.12.03 03:37:17.915,0.9689,0.96928,1.70,1.90
2010.12.03 03:37:18.027,0.96892,0.96933,2.10,2.30
2010.12.03 03:37:18.567,0.96903,0.96942,1.90,2.50
2010.12.03 03:37:19.272,0.96903,0.96932,1.90,2.30
2010.12.03 03:37:19.411,0.96901,0.96933,1.90,2.30
2010.12.03 03:37:19.523,0.96904,0.96937,1.90,1.50
2010.12.03 03:37:19.978,0.96909,0.96943,1.90,2.30
2010.12.03 03:37:20.100,0.96907,0.96942,1.90,2.30
2010.12.03 03:37:20.212,0.9691,0.96942,1.90,2.30
2010.12.03 03:37:20.322,0.9691,0.96952,1.90,2.40
2010.12.03 03:37:20.542,0.96913,0.96942,1.90,2.30
2010.12.03 03:37:21.100,0.96909,0.96943,1.90,2.30
2010.12.03 03:37:21.210,0.96909,0.96953,1.90,4.10
2010.12.03 03:37:21.321,0.96909,0.96953,1.90,3.90
2010.12.03 03:37:21.435,0.96902,0.96946,1.90,1.90
2010.12.03 03:37:21.546,0.969,0.96944,1.90,1.90
2010.12.03 03:37:22.080,0.9691,0.96956,3.40,1.90
2010.12.03 03:37:22.191,0.96923,0.96962,1.90,1.50
2010.12.03 03:37:22.410,0.96918,0.96962,1.90,5.80
2010.12.03 03:37:22.880,0.9692,0.96962,1.90,3.90
2010.12.03 03:37:23.443,0.96918,0.96952,1.90,2.30
2010.12.03 03:37:24.060,0.96915,0.96952,1.90,2.40
2010.12.03 03:37:24.962,0.96914,0.96943,1.90,2.30
2010.12.03 03:37:25.181,0.96907,0.96943,1.90,2.30
2010.12.03 03:37:25.654,0.96909,0.96943,1.90,2.30
2010.12.03 03:37:26.210,0.96911,0.96943,1.90,2.40
2010.12.03 03:37:27.093,0.9691,0.96943,1.90,2.30
2010.12.03 03:37:28.212,0.96911,0.96943,1.90,2.40
2010.12.03 03:37:29.098,0.96911,0.96943,1.90,2.40
2010.12.03 03:37:35.620,0.96912,0.96943,1.90,2.30
2010.12.03 03:37:36.265,0.96912,0.96942,1.90,2.30
2010.12.03 03:37:36.370,0.9691,0.96942,1.90,2.30
2010.12.03 03:37:37.602,0.9691,0.96943,1.90,2.40
2010.12.03 03:37:37.712,0.96907,0.96943,1.90,2.40
2010.12.03 03:37:38.040,0.96912,0.96942,1.90,2.40
2010.12.03 03:37:41.739,0.96908,0.96942,1.90,2.30
2010.12.03 03:37:41.850,0.96905,0.96942,1.90,2.30
2010.12.03 03:37:42.401,0.96903,0.96942,1.90,2.50
2010.12.03 03:37:44.902,0.96905,0.96942,1.90,3.80
2010.12.03 03:37:45.341,0.96908,0.96943,1.90,2.30
2010.12.03 03:37:45.748,0.9691,0.96943,1.90,2.30
2010.12.03 03:37:46.875,0.96915,0.96943,1.90,2.40
2010.12.03 03:37:46.994,0.96917,0.96953,1.90,2.40
2010.12.03 03:37:48.007,0.96923,0.96953,1.90,2.60
2010.12.03 03:37:48.232,0.96923,0.96953,1.90,2.40
2010.12.03 03:37:48.452,0.96923,0.96953,1.90,2.40
2010.12.03 03:37:48.780,0.96923,0.96953,1.90,2.40
2010.12.03 03:37:51.133,0.96913,0.96953,1.90,2.40
2010.12.03 03:37:51.611,0.96924,0.96953,1.90,2.40
2010.12.03 03:37:51.748,0.96922,0.96953,1.90,2.30
2010.12.03 03:37:51.860,0.96924,0.96953,1.90,2.30
2010.12.03 03:37:52.200,0.96922,0.96953,1.90,2.40
2010.12.03 03:37:53.013,0.96922,0.96958,1.90,1.50
2010.12.03 03:37:53.122,0.96924,0.96962,1.90,1.60
2010.12.03 03:37:53.231,0.96927,0.96962,1.90,1.60
2010.12.03 03:37:53.451,0.96923,0.96962,1.90,1.60
2010.12.03 03:37:53.672,0.96927,0.96962,1.90,1.60
2010.12.03 03:37:53.825,0.96925,0.96962,1.90,1.60
2010.12.03 03:37:54.041,0.96925,0.96963,1.90,2.40
2010.12.03 03:37:54.341,0.96925,0.96963,1.90,2.40
2010.12.03 03:37:56.140,0.96928,0.96963,1.90,2.40
2010.12.03 03:37:56.707,0.96927,0.96963,1.90,2.40
2010.12.03 03:37:57.040,0.96927,0.96963,1.90,2.40
2010.12.03 03:37:57.261,0.96929,0.96963,1.90,2.40
2010.12.03 03:37:57.825,0.96928,0.96963,1.90,2.40
2010.12.03 03:37:59.475,0.9693,0.96962,1.90,2.40
2010.12.03 03:37:59.906,0.9693,0.96952,1.90,2.30
2010.12.03 03:38:00.231,0.96921,0.96952,1.90,2.30
2010.12.03 03:38:00.342,0.96929,0.96962,1.90,2.40
2010.12.03 03:38:00.451,0.96926,0.96962,1.90,2.40
2010.12.03 03:38:00.670,0.96926,0.96953,1.90,2.30
2010.12.03 03:38:01.042,0.96922,0.96953,1.90,2.30
2010.12.03 03:38:01.164,0.96924,0.96952,1.90,2.30
2010.12.03 03:38:02.176,0.96918,0.96949,1.90,1.50
2010.12.03 03:38:03.291,0.9691,0.96949,1.90,3.20
2010.12.03 03:38:03.401,0.9691,0.9694,1.90,1.50
2010.12.03 03:38:03.511,0.96908,0.9694,1.90,1.50
2010.12.03 03:38:03.621,0.96912,0.96943,1.90,2.30
2010.12.03 03:38:04.083,0.96914,0.96943,1.90,2.30
2010.12.03 03:38:07.751,0.96909,0.96943,1.90,2.40
2010.12.03 03:38:08.912,0.96914,0.96943,1.90,2.40
2010.12.03 03:38:12.304,0.96915,0.96943,1.90,2.30
2010.12.03 03:38:12.527,0.9691,0.96943,1.90,2.30
2010.12.03 03:38:16.749,0.9691,0.96948,1.90,1.60
2010.12.03 03:38:17.082,0.96911,0.96942,1.90,2.30
2010.12.03 03:38:17.711,0.9691,0.96942,1.90,2.30
2010.12.03 03:38:17.821,0.96904,0.96933,1.90,2.30
2010.12.03 03:38:18.442,0.96903,0.96933,1.90,2.30
2010.12.03 03:38:25.322,0.96896,0.96933,2.10,2.30
2010.12.03 03:38:25.793,0.96894,0.96932,1.90,3.80
2010.12.03 03:38:25.902,0.96898,0.96932,2.00,4.00
2010.12.03 03:38:26.122,0.96895,0.96932,1.90,2.50
2010.12.03 03:38:26.231,0.96895,0.96923,1.90,2.30
2010.12.03 03:38:28.162,0.96897,0.96928,1.90,1.50
2010.12.03 03:38:28.593,0.969,0.96928,1.90,1.50
2010.12.03 03:38:28.715,0.969,0.96932,1.90,2.30
2010.12.03 03:38:33.496,0.96899,0.96932,1.50,2.40
2010.12.03 03:38:33.711,0.96901,0.96943,1.50,2.40
2010.12.03 03:38:34.183,0.96905,0.96943,1.50,2.40
2010.12.03 03:38:35.051,0.96905,0.96943,1.50,2.40
2010.12.03 03:38:38.234,0.96905,0.96943,1.50,2.40
2010.12.03 03:38:38.355,0.96912,0.96943,1.90,2.60
2010.12.03 03:38:38.571,0.96913,0.96943,1.90,2.40
2010.12.03 03:38:39.506,0.96915,0.96943,1.90,2.40
2010.12.03 03:38:39.731,0.96913,0.96943,1.90,2.40
2010.12.03 03:38:40.462,0.96913,0.96943,1.90,2.40
2010.12.03 03:38:40.680,0.96904,0.96943,3.40,2.40
2010.12.03 03:38:43.002,0.96904,0.96943,2.30,2.60
2010.12.03 03:38:43.224,0.96904,0.96943,2.30,5.90
2010.12.03 03:38:43.473,0.96904,0.96943,2.30,2.40
2010.12.03 03:38:47.029,0.96904,0.96943,2.30,2.40
2010.12.03 03:38:47.255,0.96909,0.96943,1.90,2.30
2010.12.03 03:38:47.362,0.96909,0.96948,1.90,1.50
2010.12.03 03:38:47.477,0.9691,0.96952,1.50,2.30
2010.12.03 03:38:47.885,0.9691,0.96955,1.70,1.90
2010.12.03 03:38:48.007,0.96927,0.96963,1.90,2.60
2010.12.03 03:38:48.480,0.96916,0.96962,1.90,2.10
2010.12.03 03:38:48.859,0.96916,0.96962,1.90,2.00
2010.12.03 03:38:49.291,0.96916,0.96953,1.90,2.40
2010.12.03 03:38:49.403,0.96914,0.96953,1.50,2.40
2010.12.03 03:38:50.521,0.96911,0.96942,1.50,2.30
2010.12.03 03:38:50.631,0.96914,0.96952,1.50,2.00
2010.12.03 03:38:50.851,0.96917,0.96963,1.90,4.20
2010.12.03 03:38:51.672,0.96916,0.96962,1.90,2.00
2010.12.03 03:38:52.310,0.96912,0.96953,2.10,2.30
2010.12.03 03:38:52.941,0.96912,0.96953,2.10,2.40
2010.12.03 03:38:53.950,0.9691,0.96953,2.70,2.40
2010.12.03 03:38:54.714,0.9691,0.96953,2.70,2.40
2010.12.03 03:38:55.649,0.96912,0.96953,2.70,2.40
2010.12.03 03:38:55.877,0.96912,0.9695,4.20,1.60
2010.12.03 03:38:56.211,0.96912,0.9695,4.20,1.60
2010.12.03 03:38:56.947,0.96914,0.96953,1.50,2.70
2010.12.03 03:38:57.852,0.96912,0.9695,4.20,1.60
2010.12.03 03:38:58.071,0.96912,0.9695,4.20,1.70
2010.12.03 03:38:58.194,0.96912,0.9695,4.20,1.70
2010.12.03 03:38:58.761,0.96909,0.96949,2.40,1.50
2010.12.03 03:38:59.348,0.96914,0.96952,1.90,2.30
2010.12.03 03:38:59.465,0.96914,0.96949,1.90,1.50
2010.12.03 03:38:59.680,0.96917,0.96949,1.90,1.50
2010.12.03 03:39:00.185,0.96909,0.96952,1.90,2.30
2010.12.03 03:39:00.510,0.96909,0.96943,1.90,2.30
2010.12.03 03:39:01.072,0.96914,0.96943,1.90,2.30
2010.12.03 03:39:03.194,0.96914,0.96943,1.90,2.40
2010.12.03 03:39:04.386,0.96913,0.96943,1.90,2.40
2010.12.03 03:39:04.611,0.96904,0.96943,1.90,2.40
2010.12.03 03:39:05.093,0.96908,0.96953,1.90,2.40
2010.12.03 03:39:05.882,0.96908,0.96953,1.90,2.40
2010.12.03 03:39:06.325,0.96908,0.96953,1.90,2.50
2010.12.03 03:39:07.231,0.96905,0.96947,1.50,1.60
2010.12.03 03:39:07.901,0.96905,0.96947,1.50,1.70
2010.12.03 03:39:09.347,0.96905,0.96947,3.40,1.60
2010.12.03 03:39:09.681,0.96908,0.96952,1.90,2.10
2010.12.03 03:39:10.231,0.9691,0.96953,1.90,2.40
2010.12.03 03:39:10.834,0.96908,0.96953,1.90,2.40
2010.12.03 03:39:13.071,0.96904,0.96948,3.40,2.00
2010.12.03 03:39:13.519,0.96904,0.96943,4.20,2.30
2010.12.03 03:39:14.071,0.96907,0.96947,1.90,1.70
2010.12.03 03:39:14.181,0.96907,0.96947,1.90,1.70
2010.12.03 03:39:14.292,0.96912,0.96947,1.90,1.70
2010.12.03 03:39:15.481,0.96912,0.96947,1.90,1.70
2010.12.03 03:39:16.361,0.96906,0.96947,1.90,1.70
2010.12.03 03:39:18.449,0.9691,0.96948,1.50,1.60
2010.12.03 03:39:19.846,0.96911,0.96949,1.50,1.60
2010.12.03 03:39:20.806,0.96911,0.96949,1.60,1.50
2010.12.03 03:39:21.243,0.96917,0.96949,1.90,1.60
2010.12.03 03:39:21.741,0.96911,0.96949,3.50,1.50
2010.12.03 03:39:21.855,0.96911,0.96938,2.00,1.50
2010.12.03 03:39:21.962,0.96906,0.96938,2.00,1.50
2010.12.03 03:39:22.072,0.96906,0.96945,1.90,1.50
2010.12.03 03:39:22.181,0.9691,0.96945,1.90,1.70
2010.12.03 03:39:22.629,0.9691,0.96939,1.90,1.50
2010.12.03 03:39:22.756,0.96905,0.96939,1.90,1.50
2010.12.03 03:39:23.631,0.96905,0.96938,1.90,1.50
2010.12.03 03:39:23.851,0.96901,0.96938,1.90,1.50
2010.12.03 03:39:24.399,0.96899,0.96942,1.90,2.30
2010.12.03 03:39:24.734,0.96906,0.96942,1.90,2.30
2010.12.03 03:39:25.219,0.96897,0.96942,2.70,2.30
2010.12.03 03:39:25.337,0.96897,0.96943,1.90,4.30
2010.12.03 03:39:25.831,0.96897,0.96943,1.90,4.20
2010.12.03 03:39:25.963,0.96899,0.96943,1.90,4.20
2010.12.03 03:39:26.659,0.96904,0.96948,1.90,2.10
2010.12.03 03:39:26.777,0.96906,0.9695,1.90,2.10
2010.12.03 03:39:30.866,0.96906,0.9695,1.90,2.10
2010.12.03 03:39:31.090,0.96903,0.96947,2.70,2.10
2010.12.03 03:39:34.221,0.96903,0.96949,2.70,2.10
2010.12.03 03:39:35.662,0.96899,0.96942,1.90,2.40
2010.12.03 03:39:36.443,0.96901,0.96942,1.90,2.30
2010.12.03 03:39:37.123,0.969,0.96942,1.90,2.30
2010.12.03 03:39:37.570,0.969,0.96942,1.90,2.40
2010.12.03 03:39:40.774,0.96885,0.96931,4.20,1.90
2010.12.03 03:39:40.993,0.96884,0.96928,4.20,1.90
2010.12.03 03:39:42.140,0.96884,0.96928,2.40,1.90
2010.12.03 03:39:43.343,0.96885,0.96929,2.70,1.90
2010.12.03 03:39:43.459,0.96891,0.96932,1.90,2.40
2010.12.03 03:39:43.576,0.96891,0.96932,1.90,2.40
2010.12.03 03:39:44.127,0.96892,0.96932,1.90,2.40
2010.12.03 03:39:44.896,0.96891,0.96932,2.00,2.30
2010.12.03 03:39:45.691,0.96891,0.96932,1.90,2.40
2010.12.03 03:39:45.800,0.96891,0.96932,2.10,2.40
2010.12.03 03:39:46.743,0.96891,0.96932,2.00,2.30
2010.12.03 03:39:48.730,0.96893,0.96932,1.90,2.30
2010.12.03 03:39:50.821,0.96893,0.96939,1.90,2.10
2010.12.03 03:39:51.954,0.96893,0.96939,2.10,1.90
2010.12.03 03:39:52.171,0.96901,0.96943,1.90,2.40
2010.12.03 03:39:53.560,0.96903,0.96943,1.90,2.40
2010.12.03 03:39:57.881,0.969,0.96943,1.90,2.40
2010.12.03 03:40:05.174,0.969,0.96943,1.90,2.30
2010.12.03 03:40:05.873,0.96902,0.96943,1.90,2.40
2010.12.03 03:40:05.986,0.969,0.96943,1.90,2.30
2010.12.03 03:40:08.390,0.96902,0.96943,1.90,2.40
2010.12.03 03:40:09.407,0.96902,0.96943,1.90,2.40
2010.12.03 03:40:09.742,0.96899,0.96942,1.90,2.30
2010.12.03 03:40:10.071,0.96901,0.96943,1.90,2.30
2010.12.03 03:40:13.230,0.969,0.96943,1.90,2.40
2010.12.03 03:40:16.086,0.96891,0.96937,2.10,1.90
2010.12.03 03:40:16.401,0.96899,0.96943,1.90,2.30
2010.12.03 03:40:20.452,0.96903,0.96943,1.90,2.40
2010.12.03 03:40:20.784,0.96897,0.96941,1.90,2.00
2010.12.03 03:40:21.248,0.96895,0.9693,1.50,1.90
2010.12.03 03:40:25.360,0.96891,0.96927,1.50,1.90
2010.12.03 03:40:27.121,0.96891,0.96927,1.70,1.90
2010.12.03 03:40:27.230,0.96891,0.96931,1.70,1.90
2010.12.03 03:40:28.780,0.96891,0.96931,1.60,1.90
2010.12.03 03:40:29.912,0.96891,0.96931,1.50,1.90
2010.12.03 03:40:47.582,0.96891,0.96929,1.50,1.90
2010.12.03 03:40:47.912,0.96878,0.9692,2.40,1.90
2010.12.03 03:40:48.402,0.96883,0.96929,1.90,1.90
2010.12.03 03:40:48.621,0.96883,0.96929,2.10,1.90
2010.12.03 03:40:48.950,0.96883,0.96929,1.90,1.90
2010.12.03 03:40:49.061,0.9689,0.96932,1.90,2.30
2010.12.03 03:40:50.451,0.96892,0.96932,1.90,2.30
2010.12.03 03:40:50.853,0.96885,0.96929,1.90,1.90
2010.12.03 03:40:51.531,0.96882,0.96928,1.90,1.90
2010.12.03 03:40:52.252,0.96883,0.96927,1.90,1.90
2010.12.03 03:40:53.061,0.96882,0.96926,2.00,1.90
2010.12.03 03:40:53.500,0.96877,0.96917,2.60,1.90
2010.12.03 03:40:54.742,0.96877,0.96917,2.60,1.90
2010.12.03 03:40:55.742,0.96877,0.96917,2.40,2.00
2010.12.03 03:41:01.376,0.96877,0.96922,2.00,2.40
2010.12.03 03:41:01.592,0.96878,0.96918,2.40,1.90
2010.12.03 03:41:01.702,0.96878,0.96922,2.40,2.30
2010.12.03 03:41:03.155,0.96878,0.96922,4.50,2.30
2010.12.03 03:41:03.751,0.96881,0.96922,1.70,2.40
2010.12.03 03:41:05.331,0.96881,0.96922,4.00,2.30
2010.12.03 03:41:05.553,0.96881,0.96922,1.70,2.30
2010.12.03 03:41:05.662,0.96881,0.96919,1.70,1.50
2010.12.03 03:41:06.224,0.96881,0.96919,1.70,1.50
2010.12.03 03:41:06.523,0.96881,0.96919,1.80,1.50
2010.12.03 03:41:07.704,0.96881,0.96922,2.20,2.30
2010.12.03 03:41:08.905,0.96883,0.96922,2.10,2.30
2010.12.03 03:41:09.012,0.96883,0.96922,2.10,2.30
2010.12.03 03:41:09.121,0.96889,0.96922,1.90,2.30
2010.12.03 03:41:11.822,0.96889,0.96922,2.00,2.30
2010.12.03 03:41:11.932,0.96889,0.96922,1.90,2.30
2010.12.03 03:41:12.041,0.96883,0.96927,1.90,1.90
2010.12.03 03:41:12.152,0.96883,0.96927,2.10,1.90
2010.12.03 03:41:12.261,0.96885,0.96931,2.10,1.90
2010.12.03 03:41:12.990,0.9689,0.96934,2.00,1.90
2010.12.03 03:41:14.281,0.9689,0.96934,1.90,1.90
2010.12.03 03:41:14.951,0.9689,0.96934,2.10,1.90
2010.12.03 03:41:15.851,0.96892,0.96938,2.00,3.40
2010.12.03 03:41:17.063,0.96891,0.96935,2.00,1.90
2010.12.03 03:41:17.501,0.96892,0.96936,2.00,1.90
2010.12.03 03:41:18.002,0.96891,0.96936,1.70,1.90
2010.12.03 03:41:18.340,0.96891,0.96936,1.70,1.90
2010.12.03 03:41:19.660,0.969,0.96938,1.90,1.50
2010.12.03 03:41:23.172,0.96908,0.96938,2.30,1.50
2010.12.03 03:41:23.644,0.96916,0.96952,1.90,2.30
2010.12.03 03:41:24.421,0.96908,0.96952,2.30,4.20
2010.12.03 03:41:24.822,0.96916,0.96952,1.90,2.30
2010.12.03 03:41:25.678,0.96897,0.96943,2.10,1.90
2010.12.03 03:41:27.361,0.96897,0.96943,2.10,1.90
2010.12.03 03:41:29.512,0.96903,0.96947,2.00,2.00
2010.12.03 03:41:32.372,0.96903,0.96948,1.90,1.70
2010.12.03 03:41:33.907,0.96904,0.96948,1.90,1.70
2010.12.03 03:41:37.301,0.9691,0.96948,1.90,1.70
2010.12.03 03:41:38.017,0.96911,0.96948,1.90,1.70
2010.12.03 03:41:38.134,0.96902,0.96948,1.90,3.70
2010.12.03 03:41:38.241,0.9691,0.96948,1.90,1.80
2010.12.03 03:41:38.350,0.96902,0.96948,1.90,3.70
2010.12.03 03:41:38.461,0.9691,0.96948,1.90,1.80
2010.12.03 03:41:40.652,0.9691,0.96948,1.90,1.70
2010.12.03 03:41:40.762,0.9691,0.96948,1.90,1.60
2010.12.03 03:41:41.320,0.96901,0.96947,2.00,1.90
2010.12.03 03:41:41.433,0.9691,0.96954,1.90,5.20
2010.12.03 03:41:41.541,0.96908,0.96954,4.20,2.00
2010.12.03 03:41:41.870,0.96915,0.96953,1.90,2.40
2010.12.03 03:41:42.387,0.96916,0.96953,1.90,2.40
2010.12.03 03:41:42.726,0.96908,0.96952,1.90,2.10
2010.12.03 03:41:42.942,0.96908,0.96952,1.90,1.90
2010.12.03 03:41:43.051,0.9692,0.96961,1.50,2.10
2010.12.03 03:41:43.803,0.96911,0.96955,2.30,2.10
2010.12.03 03:41:44.133,0.9691,0.96954,1.90,2.20
2010.12.03 03:41:45.925,0.9691,0.96954,2.00,2.10
2010.12.03 03:41:47.622,0.9691,0.96954,1.90,2.20
2010.12.03 03:41:48.051,0.9691,0.96948,1.50,1.70
2010.12.03 03:41:48.382,0.9691,0.96948,1.50,1.70
2010.12.03 03:41:48.821,0.96913,0.96948,1.90,1.70
2010.12.03 03:41:48.930,0.9691,0.96948,1.50,1.70
2010.12.03 03:41:49.431,0.96907,0.96942,2.00,2.30
2010.12.03 03:41:49.983,0.96899,0.96942,4.20,4.20
2010.12.03 03:41:51.973,0.96902,0.96942,1.10,4.20
2010.12.03 03:41:52.201,0.96899,0.96942,5.90,4.20
2010.12.03 03:41:52.744,0.96899,0.96937,2.60,1.90
2010.12.03 03:41:52.853,0.9691,0.96943,2.00,2.30
2010.12.03 03:41:53.072,0.96918,0.96943,1.90,1.50
2010.12.03 03:41:53.183,0.96918,0.96953,1.90,2.30
2010.12.03 03:41:53.695,0.96919,0.96953,1.90,2.40
2010.12.03 03:41:53.801,0.9691,0.96956,1.90,2.10
2010.12.03 03:41:54.131,0.96907,0.96946,2.30,1.90
2010.12.03 03:41:54.921,0.96907,0.96948,2.40,1.90
2010.12.03 03:41:56.021,0.96907,0.96948,2.30,2.00
2010.12.03 03:41:57.751,0.96902,0.96943,2.10,2.30
2010.12.03 03:41:58.531,0.969,0.96942,1.60,1.90
2010.12.03 03:41:58.667,0.969,0.96942,1.70,1.90
2010.12.03 03:41:58.891,0.9691,0.96947,1.50,1.90
2010.12.03 03:41:59.002,0.9691,0.96939,1.50,1.90
2010.12.03 03:41:59.111,0.96899,0.96939,1.60,3.40
2010.12.03 03:41:59.333,0.96899,0.96942,1.70,2.30
2010.12.03 03:41:59.851,0.96909,0.96949,3.40,1.50
2010.12.03 03:41:59.962,0.96916,0.96949,1.90,1.50
2010.12.03 03:42:00.073,0.96909,0.96949,3.40,1.50
2010.12.03 03:42:00.401,0.96915,0.96949,1.90,1.60
2010.12.03 03:42:01.731,0.96915,0.96949,1.90,1.50
2010.12.03 03:42:04.062,0.96915,0.96949,2.10,1.50
2010.12.03 03:42:04.393,0.96918,0.96963,2.20,2.60
2010.12.03 03:42:04.644,0.96921,0.96963,1.90,6.10
2010.12.03 03:42:04.861,0.96908,0.96947,2.40,1.90
2010.12.03 03:42:05.929,0.96908,0.96947,2.40,1.90
2010.12.03 03:42:10.059,0.96908,0.96947,2.40,1.90
2010.12.03 03:42:10.283,0.9691,0.96956,2.10,1.90
2010.12.03 03:42:10.763,0.96921,0.96962,1.90,2.30
2010.12.03 03:42:10.880,0.96918,0.96962,1.90,3.60
2010.12.03 03:42:11.386,0.96918,0.96948,1.90,1.50
2010.12.03 03:42:11.495,0.96896,0.96942,1.90,1.90
2010.12.03 03:42:12.002,0.96902,0.96946,1.90,1.90
2010.12.03 03:42:12.469,0.96898,0.96944,1.90,1.90
2010.12.03 03:42:12.621,0.96895,0.96939,2.00,1.90
2010.12.03 03:42:12.842,0.96904,0.96948,1.90,1.90
2010.12.03 03:42:12.964,0.96907,0.96951,1.90,1.90
2010.12.03 03:42:13.070,0.96897,0.96943,2.10,1.90
2010.12.03 03:42:13.882,0.96897,0.96943,2.00,1.90
2010.12.03 03:42:13.993,0.96897,0.96943,4.50,1.90
2010.12.03 03:42:14.101,0.96911,0.96955,1.90,1.90
2010.12.03 03:42:15.271,0.96907,0.96951,1.90,1.90
2010.12.03 03:42:15.601,0.9691,0.96954,1.90,1.90
2010.12.03 03:42:16.171,0.9691,0.96956,1.90,1.90
2010.12.03 03:42:24.002,0.9691,0.96956,1.90,2.90
2010.12.03 03:42:24.333,0.96898,0.96942,3.30,1.90
2010.12.03 03:42:24.830,0.96915,0.96961,1.90,1.90
2010.12.03 03:42:24.972,0.96914,0.96958,1.90,1.90
2010.12.03 03:42:25.083,0.9691,0.96956,1.90,1.90
2010.12.03 03:42:25.192,0.96914,0.9696,1.90,1.90
2010.12.03 03:42:25.656,0.96906,0.96952,1.90,1.90
2010.12.03 03:42:26.000,0.96919,0.96953,1.90,2.30
2010.12.03 03:42:26.471,0.96911,0.96953,1.90,2.40
2010.12.03 03:42:27.511,0.96911,0.96952,1.90,2.40
2010.12.03 03:42:28.022,0.96912,0.96952,1.90,2.30
2010.12.03 03:42:28.240,0.96907,0.96953,4.20,4.20
2010.12.03 03:42:28.461,0.96914,0.96953,1.90,2.30
2010.12.03 03:42:31.755,0.96914,0.96957,1.90,1.50
2010.12.03 03:42:32.218,0.96913,0.96957,1.90,2.10
2010.12.03 03:42:32.555,0.96914,0.96953,1.90,2.30
2010.12.03 03:42:33.018,0.96908,0.9695,2.30,1.90
2010.12.03 03:42:33.148,0.96914,0.96953,1.90,3.80
2010.12.03 03:42:33.260,0.96907,0.9695,2.40,1.90
2010.12.03 03:42:33.927,0.96907,0.96949,2.40,1.90
2010.12.03 03:42:34.581,0.96907,0.96952,2.40,1.90
2010.12.03 03:42:35.852,0.96907,0.96952,2.40,2.00
2010.12.03 03:42:36.424,0.96912,0.96956,1.90,1.90
2010.12.03 03:42:36.546,0.96913,0.96959,1.90,2.00
2010.12.03 03:42:36.654,0.96918,0.96959,2.30,2.10
2010.12.03 03:42:37.217,0.96918,0.96962,2.30,4.30
2010.12.03 03:42:38.780,0.96918,0.96962,2.30,4.20
2010.12.03 03:42:39.018,0.96918,0.96962,4.20,2.40
2010.12.03 03:42:39.131,0.9692,0.96962,1.90,2.40
2010.12.03 03:42:39.983,0.96922,0.96962,1.90,2.40
2010.12.03 03:42:40.092,0.96922,0.96962,1.90,2.30
2010.12.03 03:42:40.533,0.96922,0.96962,1.90,2.40
2010.12.03 03:42:42.157,0.96921,0.96962,1.90,2.40
2010.12.03 03:42:43.802,0.96921,0.96962,1.90,2.40
2010.12.03 03:42:48.692,0.96915,0.96957,1.90,1.50
2010.12.03 03:42:48.802,0.96918,0.96957,2.30,1.50
2010.12.03 03:42:49.451,0.96918,0.96951,2.30,1.90
2010.12.03 03:42:49.671,0.96918,0.96943,2.30,1.90
2010.12.03 03:42:49.781,0.96909,0.96943,1.50,1.90
2010.12.03 03:42:50.004,0.96907,0.96943,2.30,1.90
2010.12.03 03:42:50.465,0.96908,0.9694,2.30,1.90
2010.12.03 03:42:51.121,0.96908,0.96951,2.30,1.90
2010.12.03 03:42:53.322,0.96908,0.96951,2.30,2.00
2010.12.03 03:42:55.183,0.96917,0.96951,2.30,2.10
2010.12.03 03:42:55.736,0.9692,0.96963,1.90,2.40
2010.12.03 03:42:55.848,0.96919,0.96952,1.90,2.40
2010.12.03 03:42:55.966,0.96918,0.96961,2.30,2.20
2010.12.03 03:42:58.232,0.96918,0.96962,4.20,4.20
2010.12.03 03:42:58.760,0.96918,0.96962,4.20,4.20
2010.12.03 03:43:00.554,0.96918,0.96962,4.20,4.20
2010.12.03 03:43:01.129,0.9692,0.96952,1.90,3.80
2010.12.03 03:43:04.151,0.96918,0.96952,1.90,3.80
2010.12.03 03:43:04.261,0.96918,0.96948,1.90,1.50
2010.12.03 03:43:06.062,0.96918,0.96942,1.90,2.30
2010.12.03 03:43:06.171,0.96911,0.96942,2.00,2.30
2010.12.03 03:43:09.353,0.96908,0.96942,1.90,2.30
2010.12.03 03:43:09.463,0.96908,0.96939,1.90,1.50
2010.12.03 03:43:10.053,0.969,0.96938,1.70,1.50
2010.12.03 03:43:12.874,0.96898,0.96938,4.50,1.50
2010.12.03 03:43:20.520,0.96899,0.96941,2.30,1.90
2010.12.03 03:43:20.740,0.96901,0.96942,1.90,2.40
2010.12.03 03:43:21.361,0.96904,0.96947,1.90,1.50
2010.12.03 03:43:21.475,0.96906,0.96952,1.90,1.90
2010.12.03 03:43:24.842,0.96912,0.96953,1.90,2.40
2010.12.03 03:43:26.744,0.96912,0.96953,2.00,2.40
2010.12.03 03:43:41.970,0.96912,0.96953,1.90,2.40
2010.12.03 03:43:44.080,0.96922,0.96953,1.90,2.30
2010.12.03 03:43:45.851,0.96923,0.96953,1.90,2.30
2010.12.03 03:43:54.890,0.96923,0.96957,1.90,1.50
2010.12.03 03:43:55.008,0.96923,0.96953,1.90,2.30
2010.12.03 03:44:13.821,0.96916,0.96953,2.10,2.30
2010.12.03 03:44:14.993,0.96916,0.96953,1.90,2.30
2010.12.03 03:44:15.240,0.96913,0.96953,2.00,2.30
2010.12.03 03:44:17.260,0.96913,0.96953,2.10,2.40
2010.12.03 03:44:17.951,0.96913,0.96953,2.00,2.40
2010.12.03 03:44:20.792,0.96909,0.96951,1.50,5.00
2010.12.03 03:44:21.254,0.9691,0.96948,1.50,1.70
2010.12.03 03:44:21.920,0.96909,0.96949,1.50,3.60
2010.12.03 03:44:25.300,0.96909,0.96948,1.50,2.20
2010.12.03 03:44:26.811,0.96909,0.96948,1.50,2.10
2010.12.03 03:44:29.551,0.96909,0.96942,1.70,1.90
2010.12.03 03:44:29.660,0.96911,0.96953,1.90,2.40
2010.12.03 03:44:30.199,0.9692,0.96953,1.90,2.30
2010.12.03 03:44:55.781,0.9692,0.96953,1.90,2.30
2010.12.03 03:44:57.870,0.96924,0.96962,1.90,3.90
2010.12.03 03:44:59.071,0.96921,0.96962,1.90,3.90
2010.12.03 03:45:00.700,0.96923,0.96962,1.90,3.90
2010.12.03 03:45:03.680,0.96923,0.96962,1.90,3.80
2010.12.03 03:45:04.811,0.9692,0.96962,1.90,2.30
2010.12.03 03:45:04.921,0.9692,0.96963,1.90,2.40
2010.12.03 03:45:05.257,0.9692,0.96963,1.90,2.30
2010.12.03 03:45:05.370,0.96923,0.96967,1.90,2.00
2010.12.03 03:45:06.450,0.96924,0.96968,1.90,1.90
2010.12.03 03:45:07.241,0.9693,0.96972,1.90,1.50
2010.12.03 03:45:15.852,0.96929,0.96972,1.90,2.30
2010.12.03 03:45:17.847,0.96929,0.96972,2.10,2.30
2010.12.03 03:45:18.641,0.96929,0.96971,2.10,1.50
2010.12.03 03:45:20.580,0.96927,0.96971,2.20,3.40
2010.12.03 03:45:20.761,0.96927,0.96971,2.10,3.40
2010.12.03 03:45:21.200,0.96925,0.96969,2.10,1.90
2010.12.03 03:45:21.617,0.96925,0.96969,2.10,1.90
2010.12.03 03:45:23.892,0.96925,0.96969,2.00,1.90
2010.12.03 03:45:24.222,0.96925,0.96969,2.20,1.90
2010.12.03 03:45:24.332,0.96925,0.96969,3.60,1.90
2010.12.03 03:45:24.869,0.96931,0.96977,2.00,1.90
2010.12.03 03:45:24.988,0.96929,0.96967,1.50,1.90
2010.12.03 03:45:25.562,0.9693,0.96969,2.60,1.90
2010.12.03 03:45:25.674,0.9694,0.96978,1.50,1.90
2010.12.03 03:45:25.891,0.9694,0.9698,1.50,1.90
2010.12.03 03:45:26.440,0.9694,0.9698,1.70,1.90
2010.12.03 03:45:26.951,0.9693,0.96976,9.90,1.90
2010.12.03 03:45:27.063,0.9693,0.96976,3.80,1.90
2010.12.03 03:45:27.281,0.96934,0.96978,2.00,1.90
2010.12.03 03:45:29.034,0.9694,0.96978,1.50,2.00
2010.12.03 03:45:29.361,0.9694,0.96973,1.50,1.90
2010.12.03 03:45:29.875,0.96933,0.96972,2.00,2.30
2010.12.03 03:45:29.983,0.96933,0.96972,1.90,2.30
2010.12.03 03:45:32.170,0.96929,0.96973,1.90,4.30
2010.12.03 03:45:32.689,0.96919,0.96963,1.90,1.90
2010.12.03 03:45:32.910,0.96926,0.9697,2.00,1.90
2010.12.03 03:45:33.129,0.96926,0.96972,2.00,1.90
2010.12.03 03:45:33.240,0.96919,0.96961,1.90,1.90
2010.12.03 03:45:33.350,0.96919,0.96961,2.60,1.90
2010.12.03 03:45:33.461,0.96926,0.9697,1.90,1.90
2010.12.03 03:45:34.021,0.96926,0.9697,1.90,1.90
2010.12.03 03:45:34.240,0.96926,0.9697,2.00,1.90
2010.12.03 03:45:34.855,0.9692,0.96955,1.60,1.90
2010.12.03 03:45:35.751,0.9692,0.96956,1.70,1.90
2010.12.03 03:45:36.611,0.9692,0.96956,1.80,1.90
2010.12.03 03:45:37.941,0.9692,0.96955,1.50,1.90
2010.12.03 03:45:38.050,0.9692,0.9695,1.50,1.90
2010.12.03 03:45:38.270,0.96909,0.9695,4.10,1.90
2010.12.03 03:45:39.403,0.96909,0.9695,4.30,1.90
2010.12.03 03:45:40.820,0.96909,0.9695,2.60,1.90
2010.12.03 03:45:41.290,0.96909,0.96947,2.60,1.90
2010.12.03 03:45:43.073,0.96917,0.96947,2.30,1.90
2010.12.03 03:45:43.180,0.96917,0.96954,2.30,1.90
2010.12.03 03:45:43.641,0.96912,0.96954,1.10,1.90
2010.12.03 03:45:43.754,0.9692,0.96966,2.00,1.90
2010.12.03 03:45:44.430,0.9692,0.96966,2.20,1.90
2010.12.03 03:45:45.892,0.9692,0.96966,2.10,1.90
2010.12.03 03:45:49.020,0.96918,0.96958,2.40,1.90
2010.12.03 03:45:51.470,0.96918,0.96958,2.60,1.90
2010.12.03 03:45:54.011,0.96918,0.96956,2.40,1.90
2010.12.03 03:45:55.814,0.96912,0.96956,3.00,1.90
2010.12.03 03:45:57.043,0.96918,0.96957,2.30,1.90
2010.12.03 03:45:57.151,0.96922,0.96968,1.90,2.00
2010.12.03 03:45:57.702,0.96922,0.96968,1.90,2.20
2010.12.03 03:45:58.469,0.96921,0.96967,1.90,2.10
2010.12.03 03:45:59.223,0.96918,0.96956,2.30,1.90
2010.12.03 03:45:59.820,0.96917,0.96953,2.40,1.90
2010.12.03 03:46:01.001,0.96918,0.96963,2.00,2.40
2010.12.03 03:46:01.221,0.96919,0.96963,1.90,2.40
2010.12.03 03:46:01.672,0.96917,0.96954,2.40,1.90
2010.12.03 03:46:01.891,0.96918,0.96962,1.90,1.90
2010.12.03 03:46:08.282,0.96917,0.96961,2.40,1.90
2010.12.03 03:46:13.687,0.96917,0.96961,6.10,1.90
2010.12.03 03:46:14.894,0.96917,0.96961,2.40,1.90
2010.12.03 03:46:16.076,0.96917,0.96961,2.60,1.90
2010.12.03 03:46:16.300,0.96921,0.96963,2.10,2.30
2010.12.03 03:46:16.522,0.96921,0.96963,2.20,2.30
2010.12.03 03:46:17.865,0.96921,0.96963,5.00,2.30
2010.12.03 03:46:18.845,0.96928,0.96962,2.40,2.30
2010.12.03 03:46:19.941,0.96928,0.96962,2.60,2.30
2010.12.03 03:46:25.214,0.96923,0.96962,2.40,2.30
2010.12.03 03:46:26.001,0.96922,0.96962,5.20,2.30
2010.12.03 03:46:26.962,0.96922,0.96962,5.00,2.30
2010.12.03 03:46:28.281,0.96923,0.96962,5.00,2.30
2010.12.03 03:46:30.788,0.96923,0.96962,1.90,2.30
2010.12.03 03:46:30.900,0.96923,0.96962,2.00,2.30
2010.12.03 03:46:36.190,0.96918,0.96956,2.60,1.90
2010.12.03 03:46:36.301,0.96923,0.96953,2.10,2.30
2010.12.03 03:46:36.520,0.9691,0.96949,1.70,1.90
2010.12.03 03:46:36.630,0.9691,0.96949,4.20,1.90
2010.12.03 03:46:36.740,0.96913,0.96953,2.20,2.30
2010.12.03 03:46:37.860,0.96913,0.96953,2.00,2.30
2010.12.03 03:46:39.660,0.9691,0.9695,4.00,1.90
2010.12.03 03:46:42.089,0.9691,0.9695,1.80,1.90
2010.12.03 03:46:43.881,0.96917,0.96957,2.40,1.70
2010.12.03 03:46:45.950,0.96917,0.96957,2.40,1.50
2010.12.03 03:46:48.931,0.96914,0.96953,2.10,2.30
2010.12.03 03:46:49.150,0.96912,0.96953,2.20,2.30
2010.12.03 03:46:49.260,0.9691,0.9695,1.80,1.90
2010.12.03 03:46:49.919,0.96913,0.96953,2.20,2.30
2010.12.03 03:46:52.691,0.96913,0.96953,2.10,2.40
2010.12.03 03:46:53.572,0.96913,0.96953,2.00,2.30
2010.12.03 03:46:53.790,0.96917,0.96957,2.40,3.40
2010.12.03 03:46:53.900,0.96917,0.96957,2.60,1.50
2010.12.03 03:46:54.781,0.96917,0.96958,5.90,1.50
2010.12.03 03:46:56.071,0.96917,0.96958,2.60,1.50
2010.12.03 03:46:57.133,0.96917,0.96958,6.10,1.50
2010.12.03 03:46:59.325,0.96922,0.96958,2.10,1.50
2010.12.03 03:47:00.201,0.96922,0.96953,2.10,2.30
2010.12.03 03:47:01.950,0.96913,0.96953,2.10,2.30
2010.12.03 03:47:02.424,0.96913,0.96953,2.40,2.30
2010.12.03 03:47:10.000,0.96917,0.96957,2.40,1.50
2010.12.03 03:47:10.910,0.96922,0.96957,2.10,1.50
2010.12.03 03:47:11.871,0.96924,0.96957,5.20,1.50
2010.12.03 03:47:13.255,0.96924,0.96957,2.10,1.50
2010.12.03 03:47:15.003,0.96924,0.96957,1.90,1.50
2010.12.03 03:47:15.111,0.96923,0.96952,1.90,2.30
2010.12.03 03:47:15.823,0.96912,0.96952,5.60,2.30
2010.12.03 03:47:15.932,0.96917,0.96957,6.10,1.50
2010.12.03 03:47:16.041,0.96917,0.96962,6.10,1.90
2010.12.03 03:47:16.153,0.96917,0.96962,2.40,2.00
2010.12.03 03:47:17.061,0.96917,0.96955,2.40,1.90
2010.12.03 03:47:20.128,0.96917,0.96955,5.90,1.90
2010.12.03 03:47:22.610,0.96917,0.96955,2.70,1.90
2010.12.03 03:47:22.829,0.96923,0.96963,2.10,2.30
2010.12.03 03:47:23.765,0.96923,0.96963,2.40,2.30
2010.12.03 03:47:25.714,0.96927,0.96963,2.70,2.30
2010.12.03 03:47:26.902,0.9693,0.96963,2.10,2.30
2010.12.03 03:47:28.110,0.9693,0.96963,2.00,2.30
2010.12.03 03:47:29.111,0.9693,0.96962,2.00,2.30
2010.12.03 03:47:32.870,0.96923,0.96962,5.00,2.30
2010.12.03 03:47:34.611,0.96924,0.96962,5.20,2.30
2010.12.03 03:47:35.081,0.9693,0.96963,5.00,2.30
2010.12.03 03:47:35.410,0.96931,0.96963,2.00,2.30
2010.12.03 03:47:35.521,0.9693,0.96963,1.90,2.30
2010.12.03 03:47:40.685,0.96917,0.96962,6.50,1.90
2010.12.03 03:47:43.054,0.96917,0.9696,6.10,1.90
2010.12.03 03:47:43.380,0.96924,0.96963,2.20,2.30
2010.12.03 03:47:43.490,0.96924,0.96963,2.10,2.30
2010.12.03 03:47:43.900,0.96924,0.96963,5.00,2.30
2010.12.03 03:47:44.436,0.96924,0.96963,2.10,2.30
2010.12.03 03:47:44.557,0.96917,0.96955,6.10,1.90
2010.12.03 03:47:48.873,0.96911,0.96952,5.20,2.30
2010.12.03 03:47:49.200,0.96909,0.96946,6.50,1.90
2010.12.03 03:47:50.874,0.96909,0.96946,4.20,1.90
2010.12.03 03:47:51.422,0.96909,0.96946,4.00,1.90
2010.12.03 03:47:51.641,0.96909,0.96946,1.80,1.90
2010.12.03 03:47:51.752,0.96909,0.96946,1.60,1.90
2010.12.03 03:47:52.408,0.96919,0.96946,1.50,1.90
2010.12.03 03:47:52.527,0.96919,0.9695,1.50,1.90
2010.12.03 03:47:53.654,0.96919,0.96959,1.50,1.60
2010.12.03 03:47:53.798,0.96919,0.96959,1.70,1.50
2010.12.03 03:47:53.910,0.96919,0.96959,1.50,1.60
2010.12.03 03:47:54.421,0.96919,0.96951,1.50,1.90
2010.12.03 03:47:55.181,0.96917,0.96955,2.40,1.90
2010.12.03 03:47:55.290,0.9691,0.96953,1.70,2.30
2010.12.03 03:47:55.931,0.96917,0.96956,2.40,1.90
2010.12.03 03:47:56.040,0.96917,0.96956,2.40,1.90
2010.12.03 03:47:56.810,0.96917,0.96956,2.40,1.90
2010.12.03 03:47:58.940,0.96917,0.96956,2.40,1.90
2010.12.03 03:47:59.832,0.96917,0.96956,2.40,1.90
2010.12.03 03:48:00.811,0.96917,0.96956,2.60,1.90
2010.12.03 03:48:02.029,0.96917,0.96956,2.30,2.00
2010.12.03 03:48:02.152,0.9691,0.96952,1.60,2.30
2010.12.03 03:48:02.481,0.96917,0.96955,2.30,1.90
2010.12.03 03:48:02.812,0.96919,0.96963,1.90,4.20
2010.12.03 03:48:02.921,0.96928,0.96963,1.90,2.30
2010.12.03 03:48:10.921,0.96924,0.96957,1.90,1.50
2010.12.03 03:48:11.143,0.96928,0.96963,1.90,2.30
2010.12.03 03:48:24.222,0.96935,0.96963,1.90,3.80
2010.12.03 03:48:25.020,0.96937,0.96968,1.90,1.50
2010.12.03 03:48:26.925,0.96934,0.96968,1.90,1.50
2010.12.03 03:48:32.082,0.96941,0.96968,1.90,1.50
2010.12.03 03:48:32.191,0.96941,0.96974,1.90,1.50
2010.12.03 03:48:32.729,0.96938,0.96982,4.20,4.30
2010.12.03 03:48:32.951,0.96938,0.96972,2.30,1.90
2010.12.03 03:48:33.643,0.9694,0.96982,1.90,2.30
2010.12.03 03:48:33.971,0.96941,0.96987,1.90,2.00
2010.12.03 03:48:34.778,0.96937,0.96979,2.30,1.90
2010.12.03 03:48:35.601,0.96933,0.96973,2.10,2.30
2010.12.03 03:48:35.711,0.9693,0.96973,3.50,2.30
2010.12.03 03:48:35.821,0.9693,0.96973,3.70,2.30
2010.12.03 03:48:37.398,0.96932,0.96973,2.10,2.30
2010.12.03 03:48:37.621,0.96931,0.96973,2.00,2.40
2010.12.03 03:48:37.730,0.96931,0.96973,2.10,2.30
2010.12.03 03:48:38.841,0.96931,0.96973,2.20,2.40
2010.12.03 03:48:39.542,0.96931,0.96973,2.10,2.60
2010.12.03 03:48:41.074,0.9693,0.96973,3.70,2.40
2010.12.03 03:48:42.753,0.9693,0.96973,3.70,2.30
2010.12.03 03:48:43.223,0.96947,0.96991,2.30,2.00
2010.12.03 03:48:43.660,0.96947,0.96992,2.40,2.00
2010.12.03 03:48:44.621,0.96949,0.96993,1.90,4.30
2010.12.03 03:48:44.814,0.96949,0.96993,1.90,4.20
2010.12.03 03:48:45.647,0.96949,0.96993,2.00,4.20
2010.12.03 03:48:45.980,0.96949,0.96993,2.00,2.40
2010.12.03 03:48:46.091,0.96959,0.96993,1.90,2.40
2010.12.03 03:48:46.761,0.9696,0.96993,1.90,2.40
2010.12.03 03:48:47.608,0.96959,0.96988,1.90,1.50
2010.12.03 03:48:47.721,0.96954,0.96988,1.90,1.50
2010.12.03 03:48:48.362,0.96959,0.96993,1.90,2.30
2010.12.03 03:48:50.256,0.96959,0.96993,1.90,2.30
2010.12.03 03:48:50.811,0.96958,0.96993,2.00,2.30
2010.12.03 03:48:51.141,0.96948,0.96993,2.10,2.40
2010.12.03 03:48:51.253,0.96947,0.96985,2.40,1.90
2010.12.03 03:48:51.763,0.96953,0.96999,2.10,1.90
2010.12.03 03:48:51.870,0.96958,0.97001,2.40,1.90
2010.12.03 03:48:52.762,0.96958,0.97001,2.40,2.00
2010.12.03 03:48:54.231,0.96958,0.97,2.30,2.10
2010.12.03 03:48:54.343,0.96958,0.97,2.30,2.10
2010.12.03 03:48:54.790,0.96963,0.97002,1.90,2.40
2010.12.03 03:48:55.022,0.96958,0.97,2.40,1.90
2010.12.03 03:48:55.130,0.96958,0.97002,4.20,2.30
2010.12.03 03:48:55.461,0.96959,0.97002,1.90,2.40
2010.12.03 03:48:56.474,0.96959,0.97002,1.90,2.30
2010.12.03 03:48:56.800,0.9696,0.97002,2.00,2.40
2010.12.03 03:48:58.996,0.9696,0.96992,2.00,2.30
2010.12.03 03:48:59.102,0.9696,0.97003,2.10,2.40
2010.12.03 03:48:59.940,0.96957,0.96995,6.10,1.90
2010.12.03 03:49:01.413,0.9696,0.97003,2.20,2.40
2010.12.03 03:49:05.433,0.9696,0.97003,2.20,2.40
2010.12.03 03:49:05.901,0.96959,0.96993,2.20,2.30
2010.12.03 03:49:06.222,0.96959,0.97002,2.20,2.30
2010.12.03 03:49:06.764,0.96959,0.97002,2.20,2.40
2010.12.03 03:49:07.601,0.96959,0.97002,2.10,2.40
2010.12.03 03:49:08.659,0.9696,0.97002,2.20,2.30
2010.12.03 03:49:10.662,0.96959,0.97002,2.00,2.40
2010.12.03 03:49:10.771,0.96959,0.97002,1.90,2.60
2010.12.03 03:49:11.171,0.9695,0.96983,4.00,1.90
2010.12.03 03:49:11.298,0.9695,0.96988,1.80,3.40
2010.12.03 03:49:11.410,0.9695,0.96988,4.00,3.40
2010.12.03 03:49:13.461,0.9695,0.96973,4.00,2.30
2010.12.03 03:49:14.020,0.96937,0.96969,2.60,1.90
2010.12.03 03:49:14.804,0.96937,0.96969,2.40,1.90
2010.12.03 03:49:15.130,0.96937,0.96969,2.40,1.90
2010.12.03 03:49:16.143,0.96937,0.96969,2.40,1.90
2010.12.03 03:49:18.817,0.96937,0.96969,2.40,1.90
2010.12.03 03:49:19.741,0.96937,0.96969,2.60,1.90
2010.12.03 03:49:20.603,0.96937,0.96969,2.60,1.90
2010.12.03 03:49:21.520,0.96937,0.96969,2.40,1.90
2010.12.03 03:49:22.741,0.96937,0.96969,2.40,1.90
2010.12.03 03:49:22.850,0.96937,0.96973,2.40,2.30
2010.12.03 03:49:23.671,0.96937,0.96968,2.40,1.90
2010.12.03 03:49:24.930,0.96937,0.96973,2.40,2.40
2010.12.03 03:49:25.516,0.96937,0.96973,2.40,2.30
2010.12.03 03:49:26.213,0.96937,0.96973,2.40,2.30
2010.12.03 03:49:26.881,0.96937,0.96973,2.40,2.30
2010.12.03 03:49:29.410,0.96937,0.96973,2.40,2.30
2010.12.03 03:49:29.520,0.96937,0.96968,2.40,1.90
2010.12.03 03:49:30.873,0.96937,0.96968,2.40,1.90
2010.12.03 03:49:31.313,0.96937,0.96972,2.40,2.00
2010.12.03 03:49:31.753,0.9694,0.96977,1.50,1.90
2010.12.03 03:49:31.860,0.9694,0.96973,1.50,1.90
2010.12.03 03:49:32.880,0.9694,0.96973,1.60,1.90
2010.12.03 03:49:34.520,0.9694,0.96978,1.60,1.60
2010.12.03 03:49:34.631,0.9694,0.96978,1.50,1.50
2010.12.03 03:49:35.773,0.9694,0.96978,1.60,1.50
2010.12.03 03:49:36.772,0.9694,0.96978,1.80,1.50
2010.12.03 03:49:37.214,0.9694,0.96978,1.60,1.50
2010.12.03 03:49:38.499,0.9694,0.96978,1.70,1.50
2010.12.03 03:49:38.830,0.96948,0.96992,2.40,3.00
2010.12.03 03:49:38.941,0.96952,0.96993,5.20,3.20
2010.12.03 03:49:40.693,0.96954,0.96993,2.00,2.40
2010.12.03 03:49:42.740,0.96954,0.96993,2.20,2.30
2010.12.03 03:49:44.761,0.96953,0.96993,2.20,2.30
2010.12.03 03:49:44.872,0.96953,0.96993,2.10,2.30
2010.12.03 03:49:45.435,0.96957,0.96993,2.50,2.30
2010.12.03 03:49:45.562,0.96953,0.96992,2.00,2.30
2010.12.03 03:49:46.330,0.96948,0.96985,2.60,1.90
2010.12.03 03:49:47.821,0.96948,0.96985,2.40,1.90
2010.12.03 03:49:48.850,0.96951,0.96992,2.10,2.30
2010.12.03 03:49:49.433,0.96948,0.96985,2.40,1.90
2010.12.03 03:49:50.210,0.96951,0.96992,2.10,2.30
2010.12.03 03:49:52.773,0.96951,0.96992,2.20,2.30
2010.12.03 03:49:54.151,0.96951,0.96992,2.10,2.30
2010.12.03 03:49:55.009,0.96951,0.96992,2.10,2.40
2010.12.03 03:49:55.749,0.9695,0.96992,2.10,2.30
2010.12.03 03:49:56.511,0.96952,0.96992,1.90,2.40
2010.12.03 03:49:57.104,0.96948,0.96982,2.40,2.30
2010.12.03 03:49:57.754,0.96948,0.96982,2.30,2.30
2010.12.03 03:49:58.404,0.96943,0.96982,2.10,2.30
2010.12.03 03:49:58.511,0.96945,0.96987,1.90,1.60
2010.12.03 03:49:58.933,0.96945,0.96987,2.00,1.50
2010.12.03 03:50:00.303,0.96947,0.96987,1.90,1.60
2010.12.03 03:50:00.985,0.96947,0.96987,2.00,1.60
2010.12.03 03:50:01.313,0.96945,0.96982,2.10,2.30
2010.12.03 03:50:01.793,0.96945,0.96987,1.90,1.70
2010.12.03 03:50:01.900,0.96945,0.96987,2.10,1.50
2010.12.03 03:50:02.805,0.96945,0.96987,2.00,1.50
2010.12.03 03:50:06.852,0.96947,0.96987,2.10,1.50
2010.12.03 03:50:07.851,0.96947,0.96987,2.00,1.50
2010.12.03 03:50:18.995,0.96947,0.96983,2.00,2.30
2010.12.03 03:50:19.257,0.96946,0.96987,2.00,1.50
2010.12.03 03:50:19.373,0.96948,0.96993,1.90,2.40
2010.12.03 03:50:19.891,0.9695,0.96993,1.90,2.30
2010.12.03 03:50:20.803,0.9695,0.96993,1.90,2.40
2010.12.03 03:50:22.363,0.96952,0.96993,2.00,2.40
2010.12.03 03:50:22.890,0.96952,0.96993,2.20,2.30
2010.12.03 03:50:24.211,0.96952,0.96993,2.00,2.40
2010.12.03 03:50:25.384,0.96952,0.96993,2.00,2.30
2010.12.03 03:50:27.030,0.96952,0.96993,2.00,2.40
2010.12.03 03:50:29.049,0.9695,0.96993,2.10,2.30
2010.12.03 03:50:29.807,0.9695,0.96993,2.10,2.30
2010.12.03 03:50:30.757,0.96947,0.96984,2.40,1.90
2010.12.03 03:50:33.100,0.9695,0.96993,2.00,2.40
2010.12.03 03:50:34.290,0.9695,0.96983,2.00,2.30
2010.12.03 03:50:35.677,0.96952,0.96993,2.00,2.30
2010.12.03 03:50:35.792,0.96949,0.96988,1.50,1.90
2010.12.03 03:50:35.901,0.96944,0.96988,2.00,1.90
2010.12.03 03:50:36.363,0.96953,0.96992,2.00,2.30
2010.12.03 03:50:36.691,0.96949,0.96989,1.50,1.90
2010.12.03 03:50:36.801,0.96949,0.96991,1.50,1.90
2010.12.03 03:50:37.401,0.96945,0.96991,3.50,1.90
2010.12.03 03:50:37.515,0.96948,0.96991,2.40,1.90
2010.12.03 03:50:38.640,0.9695,0.9699,1.70,1.90
2010.12.03 03:50:39.043,0.9695,0.9699,1.60,1.90
2010.12.03 03:50:39.156,0.96945,0.96991,4.30,1.90
2010.12.03 03:50:39.265,0.96948,0.96992,5.00,4.20
2010.12.03 03:50:39.481,0.96949,0.96992,2.30,4.20
2010.12.03 03:50:39.590,0.96946,0.9699,2.70,1.90
2010.12.03 03:50:39.811,0.96949,0.96991,1.50,1.90
2010.12.03 03:50:40.141,0.96944,0.9699,4.30,1.90
2010.12.03 03:50:40.360,0.9695,0.96992,1.50,4.20
2010.12.03 03:50:41.081,0.9695,0.96992,1.60,1.90
2010.12.03 03:50:41.631,0.96945,0.96989,3.60,1.90
2010.12.03 03:50:41.851,0.96949,0.96992,1.60,1.90
2010.12.03 03:50:42.072,0.96949,0.9699,1.50,1.90
2010.12.03 03:50:42.678,0.96944,0.96988,1.70,1.90
2010.12.03 03:50:44.000,0.96941,0.96987,2.10,1.90
2010.12.03 03:50:44.484,0.96941,0.96985,1.60,1.90
2010.12.03 03:50:44.591,0.96939,0.96982,1.60,1.90
2010.12.03 03:50:45.032,0.96947,0.96981,2.30,1.90
2010.12.03 03:50:45.141,0.9695,0.96986,1.50,1.90
2010.12.03 03:50:45.876,0.9695,0.96986,1.60,1.90
2010.12.03 03:50:45.985,0.9695,0.96991,1.70,1.90
2010.12.03 03:50:46.312,0.9695,0.9699,1.50,2.10
2010.12.03 03:50:46.971,0.96958,0.96991,2.30,2.10
2010.12.03 03:50:47.191,0.96958,0.97,2.30,2.10
2010.12.03 03:50:47.803,0.96956,0.96992,1.90,2.40
2010.12.03 03:50:47.910,0.96951,0.96992,1.90,2.40
2010.12.03 03:50:48.581,0.96951,0.96992,2.00,2.30
2010.12.03 03:50:48.691,0.96951,0.96992,2.20,2.30
2010.12.03 03:50:49.264,0.96949,0.96992,1.50,4.20
2010.12.03 03:50:49.835,0.96954,0.96983,1.90,2.30
2010.12.03 03:50:49.967,0.96937,0.96983,2.10,4.20
2010.12.03 03:50:50.084,0.96938,0.96982,2.30,4.20
2010.12.03 03:50:50.195,0.96941,0.96982,1.90,2.30
2010.12.03 03:50:50.746,0.96938,0.96982,1.90,2.30
2010.12.03 03:50:50.865,0.96941,0.96983,2.00,2.30
2010.12.03 03:50:52.521,0.96941,0.96983,1.90,2.30
2010.12.03 03:50:52.631,0.96939,0.96982,1.90,2.30
2010.12.03 03:50:52.742,0.9694,0.96982,2.10,2.30
2010.12.03 03:50:53.533,0.96947,0.96988,2.00,1.50
2010.12.03 03:50:54.924,0.96947,0.96988,2.10,1.50
2010.12.03 03:50:55.317,0.96947,0.96988,2.00,1.60
2010.12.03 03:50:55.881,0.96947,0.96988,2.10,1.50
2010.12.03 03:50:57.681,0.96947,0.96988,2.00,1.60
2010.12.03 03:50:58.371,0.96949,0.96988,1.90,1.50
2010.12.03 03:50:58.480,0.96949,0.96992,1.90,2.30
2010.12.03 03:50:59.304,0.96949,0.96992,2.00,2.40
2010.12.03 03:51:06.021,0.96954,0.96992,1.90,2.40
2010.12.03 03:51:07.040,0.96954,0.96992,2.10,1.50
2010.12.03 03:51:07.263,0.9695,0.96992,1.90,1.50
2010.12.03 03:51:07.370,0.96945,0.96989,2.00,1.90
2010.12.03 03:51:07.913,0.9694,0.96982,5.00,1.50
2010.12.03 03:51:08.651,0.96938,0.96982,2.10,4.00
2010.12.03 03:51:08.876,0.96933,0.96973,5.10,2.30
2010.12.03 03:51:08.986,0.9694,0.96973,1.50,2.30
2010.12.03 03:51:09.454,0.96947,0.96983,1.90,3.80
2010.12.03 03:51:09.573,0.96944,0.96972,1.90,2.30
2010.12.03 03:51:10.284,0.96945,0.96972,1.90,2.30
2010.12.03 03:51:10.391,0.96949,0.96989,1.50,1.50
2010.12.03 03:51:10.613,0.96949,0.96972,1.50,2.30
2010.12.03 03:51:10.835,0.9695,0.96983,1.50,2.30
2010.12.03 03:51:10.941,0.96948,0.96986,2.30,1.50
2010.12.03 03:51:11.300,0.96942,0.96982,4.20,2.30
2010.12.03 03:51:11.422,0.96946,0.96982,1.90,2.30
2010.12.03 03:51:12.333,0.96945,0.96983,1.90,2.30
2010.12.03 03:51:12.883,0.9696,0.97002,1.90,1.50
2010.12.03 03:51:16.391,0.96959,0.97002,1.90,1.60
2010.12.03 03:51:17.591,0.9696,0.97003,1.90,3.90
2010.12.03 03:51:18.362,0.9696,0.96992,1.90,2.30
2010.12.03 03:51:18.840,0.96953,0.96993,1.90,2.30
2010.12.03 03:51:19.062,0.9695,0.96993,1.90,2.30
2010.12.03 03:51:19.612,0.96949,0.96993,1.90,2.30
2010.12.03 03:51:20.091,0.96956,0.96993,1.90,2.30
2010.12.03 03:51:21.214,0.96955,0.96992,1.90,2.40
2010.12.03 03:51:21.642,0.9695,0.96992,1.90,2.40
2010.12.03 03:51:22.082,0.96949,0.96992,2.00,2.30
2010.12.03 03:51:22.651,0.96949,0.96992,1.90,2.30
2010.12.03 03:51:24.030,0.96949,0.96992,2.00,2.30
2010.12.03 03:51:25.041,0.96949,0.96992,2.00,2.40
2010.12.03 03:51:25.781,0.96949,0.96992,2.00,2.40
2010.12.03 03:51:26.111,0.96954,0.96992,2.00,2.40
2010.12.03 03:51:29.150,0.96954,0.96992,1.90,2.40
2010.12.03 03:51:29.589,0.96954,0.96992,1.90,3.40
2010.12.03 03:51:31.032,0.96947,0.96982,2.00,2.30
2010.12.03 03:51:31.495,0.96959,0.96988,1.90,1.50
2010.12.03 03:51:31.609,0.96952,0.96988,1.90,1.50
2010.12.03 03:51:32.483,0.96952,0.96988,2.00,1.50
2010.12.03 03:51:33.585,0.9696,0.96993,1.90,2.30
2010.12.03 03:51:33.911,0.96961,0.96997,1.90,1.50
2010.12.03 03:51:34.765,0.96956,0.96992,1.90,2.30
2010.12.03 03:51:35.341,0.96957,0.96992,1.90,2.30
2010.12.03 03:51:36.341,0.9695,0.96992,1.70,2.30
2010.12.03 03:51:37.584,0.9695,0.96992,1.70,2.30
2010.12.03 03:51:38.718,0.96955,0.96992,2.00,2.30
2010.12.03 03:51:40.733,0.96949,0.96992,2.20,2.30
2010.12.03 03:51:40.842,0.96946,0.96992,2.20,4.20
2010.12.03 03:51:41.362,0.96949,0.96992,1.90,2.30
2010.12.03 03:51:42.273,0.9695,0.96992,2.00,2.30
2010.12.03 03:51:43.861,0.9695,0.96992,1.90,2.40
2010.12.03 03:51:43.973,0.96948,0.96992,4.20,4.30
2010.12.03 03:51:44.591,0.96948,0.96992,4.30,2.40
2010.12.03 03:51:46.392,0.96948,0.96992,4.30,2.30
2010.12.03 03:51:47.351,0.96948,0.96994,2.40,1.90
2010.12.03 03:51:47.461,0.96953,0.96999,2.20,1.90
2010.12.03 03:51:47.571,0.96953,0.96999,2.10,2.10
2010.12.03 03:51:47.680,0.96956,0.97,1.90,2.10
2010.12.03 03:51:47.791,0.96956,0.97,2.10,1.90
2010.12.03 03:51:48.559,0.96956,0.97,1.90,2.00
2010.12.03 03:51:48.706,0.96956,0.97,2.00,1.90
2010.12.03 03:51:48.931,0.96956,0.97,1.90,2.00
2010.12.03 03:51:53.251,0.96956,0.97,2.10,1.90
2010.12.03 03:51:57.024,0.96956,0.97,1.90,2.00
2010.12.03 03:51:57.940,0.96953,0.96999,1.90,2.00
2010.12.03 03:52:00.276,0.96957,0.97003,1.90,4.20
2010.12.03 03:52:00.381,0.96957,0.97001,1.90,1.90
2010.12.03 03:52:00.823,0.9696,0.97003,1.90,2.30
2010.12.03 03:52:00.931,0.96958,0.97002,1.90,1.90
2010.12.03 03:52:01.040,0.96962,0.97003,1.90,2.30
2010.12.03 03:52:01.638,0.96953,0.96997,2.10,1.90
2010.12.03 03:52:04.089,0.96949,0.9699,1.60,1.90
2010.12.03 03:52:05.257,0.96947,0.9699,2.70,1.90
2010.12.03 03:52:05.986,0.96947,0.9699,2.40,1.90
2010.12.03 03:52:07.047,0.96947,0.9699,2.50,1.90
2010.12.03 03:52:10.214,0.96947,0.9699,2.40,1.90
2010.12.03 03:52:10.673,0.96947,0.96989,2.50,1.90
2010.12.03 03:52:12.695,0.96956,0.97,2.00,1.90
2010.12.03 03:52:12.804,0.96948,0.96991,2.40,1.90
2010.12.03 03:52:13.243,0.96948,0.96991,2.70,1.90
2010.12.03 03:52:13.891,0.96948,0.96991,2.60,1.90
2010.12.03 03:52:14.589,0.96948,0.96991,2.40,1.90
2010.12.03 03:52:14.811,0.96954,0.96998,1.90,1.90
2010.12.03 03:52:16.294,0.96954,0.96998,2.10,1.90
2010.12.03 03:52:16.621,0.96962,0.97006,1.90,1.90
2010.12.03 03:52:18.911,0.96959,0.97005,2.10,1.90
2010.12.03 03:52:19.241,0.96958,0.96999,1.70,1.90
2010.12.03 03:52:21.803,0.96958,0.96999,1.70,1.90
2010.12.03 03:52:21.911,0.96958,0.97002,3.60,2.10
2010.12.03 03:52:22.251,0.96958,0.96998,1.70,1.90
2010.12.03 03:52:24.146,0.96947,0.96986,2.40,1.90
2010.12.03 03:52:27.880,0.96947,0.96986,5.90,1.90
2010.12.03 03:52:29.261,0.96954,0.96998,2.00,1.90
2010.12.03 03:52:30.897,0.96954,0.96998,2.10,1.90
2010.12.03 03:52:31.223,0.96954,0.96993,2.10,2.30
2010.12.03 03:52:31.798,0.96951,0.96993,5.00,2.30
2010.12.03 03:52:31.911,0.96951,0.96997,5.00,1.90
2010.12.03 03:52:33.001,0.96953,0.96999,2.10,1.90
2010.12.03 03:52:33.111,0.96951,0.96997,5.00,1.90
2010.12.03 03:52:35.582,0.96954,0.96998,2.10,1.90
2010.12.03 03:52:39.003,0.96954,0.96998,2.00,1.90
2010.12.03 03:52:39.223,0.96953,0.96997,2.40,1.90
2010.12.03 03:52:40.981,0.96953,0.96997,2.10,1.90
2010.12.03 03:52:41.431,0.96962,0.97006,2.10,3.40
2010.12.03 03:52:41.981,0.96962,0.97006,2.00,2.00
2010.12.03 03:52:42.311,0.96959,0.97002,3.40,2.40
2010.12.03 03:52:42.422,0.9696,0.97,1.60,1.50
2010.12.03 03:52:42.641,0.96961,0.97006,2.00,1.60
2010.12.03 03:52:42.751,0.96961,0.97006,1.90,1.50
2010.12.03 03:52:43.353,0.96962,0.97006,2.00,3.40
2010.12.03 03:52:43.791,0.96968,0.96995,1.50,1.90
2010.12.03 03:52:43.901,0.96968,0.97001,1.50,2.00
2010.12.03 03:52:44.341,0.96967,0.96987,2.30,1.90
2010.12.03 03:52:44.794,0.96958,0.97004,4.20,1.90
2010.12.03 03:52:44.901,0.96958,0.97004,4.60,1.90
2010.12.03 03:52:45.011,0.96958,0.97004,4.20,1.90
2010.12.03 03:52:45.822,0.96958,0.97004,4.50,1.90
2010.12.03 03:52:52.733,0.96958,0.97002,2.60,1.90
2010.12.03 03:52:52.980,0.96958,0.97004,4.50,1.90
2010.12.03 03:52:57.455,0.96958,0.97004,10.80,1.90
2010.12.03 03:52:59.853,0.96958,0.97004,4.30,1.90
2010.12.03 03:53:00.072,0.96967,0.97008,2.10,1.50
2010.12.03 03:53:00.401,0.96967,0.97008,2.00,1.70
2010.12.03 03:53:01.414,0.96965,0.97008,2.10,1.70
2010.12.03 03:53:04.791,0.96965,0.97008,2.00,1.60
2010.12.03 03:53:07.720,0.96966,0.97008,1.90,1.70
2010.12.03 03:53:07.831,0.96966,0.96997,1.90,1.50
2010.12.03 03:53:09.795,0.96962,0.96997,2.20,1.50
2010.12.03 03:53:10.879,0.96951,0.96997,5.20,3.40
2010.12.03 03:53:12.605,0.96963,0.97007,2.00,1.60
2010.12.03 03:53:13.862,0.96963,0.97007,1.90,1.60
2010.12.03 03:53:14.800,0.96963,0.97007,2.00,1.50
2010.12.03 03:53:19.414,0.96961,0.97007,2.10,3.40
2010.12.03 03:53:19.748,0.96976,0.97007,1.90,1.60
2010.12.03 03:53:20.323,0.96977,0.97013,2.30,1.90
2010.12.03 03:53:20.431,0.96969,0.97013,1.50,1.90
2010.12.03 03:53:20.542,0.96977,0.9701,2.40,1.90
2010.12.03 03:53:21.211,0.96977,0.97012,2.40,1.90
2010.12.03 03:53:21.432,0.9697,0.97009,1.70,1.90
2010.12.03 03:53:21.652,0.96973,0.97019,2.00,1.90
2010.12.03 03:53:22.450,0.96978,0.97022,1.90,1.90
2010.12.03 03:53:22.770,0.96978,0.97022,1.90,2.00
2010.12.03 03:53:24.071,0.96978,0.97022,2.00,2.00
2010.12.03 03:53:25.195,0.96978,0.97022,2.00,1.90
2010.12.03 03:53:25.677,0.96978,0.97022,1.90,2.00
2010.12.03 03:53:26.977,0.96973,0.97017,2.10,2.00
2010.12.03 03:53:28.301,0.96978,0.97022,2.00,1.90
2010.12.03 03:53:28.647,0.96978,0.97022,1.90,2.00
2010.12.03 03:53:31.311,0.96978,0.97014,2.30,1.90
2010.12.03 03:53:31.893,0.96977,0.97021,1.90,2.00
2010.12.03 03:53:32.111,0.96977,0.97017,1.90,1.60
2010.12.03 03:53:32.550,0.96974,0.97017,1.90,1.60
2010.12.03 03:53:33.138,0.96975,0.97018,1.90,1.70
2010.12.03 03:53:33.582,0.96975,0.97018,1.90,1.70
2010.12.03 03:53:36.450,0.96975,0.97018,1.90,1.70
2010.12.03 03:53:38.781,0.96976,0.97018,1.90,1.60
2010.12.03 03:53:38.892,0.96976,0.97013,1.90,2.40
2010.12.03 03:53:39.409,0.96961,0.97007,5.00,1.90
2010.12.03 03:53:39.521,0.96961,0.97007,2.10,1.90
2010.12.03 03:53:39.631,0.96957,0.97001,6.10,1.90
2010.12.03 03:53:40.188,0.96962,0.97008,2.20,1.90
2010.12.03 03:53:40.743,0.96963,0.97009,2.00,2.00
2010.12.03 03:53:42.653,0.96962,0.97006,5.00,1.90
2010.12.03 03:53:43.780,0.96963,0.97007,2.10,2.00
2010.12.03 03:53:45.351,0.96958,0.96999,2.40,1.90
2010.12.03 03:53:45.461,0.96958,0.96999,2.40,1.90
2010.12.03 03:53:45.933,0.9696,0.97001,1.80,1.90
2010.12.03 03:53:48.922,0.9696,0.96999,4.00,1.90
2010.12.03 03:53:49.032,0.96958,0.96998,2.40,1.90
2010.12.03 03:53:49.140,0.96958,0.96991,2.40,1.90
2010.12.03 03:53:49.361,0.96958,0.96994,2.40,1.90
2010.12.03 03:53:49.472,0.9696,0.96994,1.50,1.90
2010.12.03 03:53:49.899,0.9696,0.96991,1.50,1.90
2010.12.03 03:53:50.014,0.96958,0.96991,2.30,1.90
2010.12.03 03:53:50.879,0.96958,0.96991,2.40,1.90
2010.12.03 03:53:51.337,0.96958,0.96991,2.30,1.90
2010.12.03 03:53:52.006,0.96959,0.96993,1.50,1.90
2010.12.03 03:53:52.743,0.96959,0.96993,1.60,1.90
2010.12.03 03:53:53.831,0.96959,0.96993,1.50,1.90
2010.12.03 03:53:53.942,0.96959,0.96993,1.60,1.90
2010.12.03 03:53:54.385,0.9695,0.96989,1.70,1.90
2010.12.03 03:53:54.662,0.96952,0.96998,2.10,1.90
2010.12.03 03:53:55.212,0.96959,0.96993,1.50,1.90
2010.12.03 03:53:55.763,0.96959,0.9699,1.50,1.90
2010.12.03 03:53:56.153,0.96959,0.9699,1.60,1.90
2010.12.03 03:53:56.276,0.96967,0.96998,2.30,1.90
2010.12.03 03:53:58.224,0.9695,0.96983,4.00,1.90
2010.12.03 03:53:58.331,0.9695,0.96984,1.70,1.90
2010.12.03 03:53:58.861,0.9695,0.96995,1.70,1.90
2010.12.03 03:53:59.081,0.9695,0.96993,1.70,1.90
2010.12.03 03:53:59.303,0.9695,0.96993,1.70,2.10
2010.12.03 03:54:00.831,0.9695,0.96993,1.60,2.10
2010.12.03 03:54:01.281,0.96958,0.96995,2.30,1.90
2010.12.03 03:54:01.722,0.96958,0.97,2.40,1.90
2010.12.03 03:54:01.832,0.96958,0.97,2.30,1.90
2010.12.03 03:54:01.942,0.9695,0.96993,4.30,1.90
2010.12.03 03:54:02.512,0.9696,0.96998,1.60,1.90
2010.12.03 03:54:03.051,0.9696,0.96998,1.50,1.90
2010.12.03 03:54:03.161,0.96957,0.96996,2.40,1.90
2010.12.03 03:54:03.381,0.9696,0.96996,1.50,1.90
2010.12.03 03:54:03.821,0.96957,0.96995,2.40,1.90
2010.12.03 03:54:04.841,0.96957,0.96995,2.40,1.90
2010.12.03 03:54:05.181,0.96957,0.96995,2.40,1.90
2010.12.03 03:54:05.701,0.96958,0.97004,4.20,2.10
2010.12.03 03:54:06.483,0.9696,0.96999,1.50,2.00
2010.12.03 03:54:06.814,0.96968,0.97004,2.30,1.90
2010.12.03 03:54:07.284,0.96969,0.97009,1.50,1.90
2010.12.03 03:54:08.278,0.96969,0.97009,1.50,2.00
2010.12.03 03:54:08.801,0.96969,0.97009,1.70,1.90
2010.12.03 03:54:10.743,0.96969,0.97011,1.70,1.90
2010.12.03 03:54:11.271,0.96968,0.97011,2.40,1.90
2010.12.03 03:54:11.496,0.96975,0.97019,1.90,2.10
2010.12.03 03:54:11.909,0.9698,0.97026,1.90,2.20
2010.12.03 03:54:12.049,0.96967,0.97011,4.20,1.90
2010.12.03 03:54:12.161,0.96969,0.97013,1.90,1.90
2010.12.03 03:54:12.754,0.96964,0.97008,1.90,1.90
2010.12.03 03:54:13.736,0.96961,0.97005,1.90,1.90
2010.12.03 03:54:15.961,0.96959,0.97003,1.90,1.90
2010.12.03 03:54:16.181,0.96971,0.97013,1.90,1.60
2010.12.03 03:54:16.291,0.96971,0.97017,1.90,2.10
2010.12.03 03:54:16.400,0.96971,0.97017,1.90,2.10
2010.12.03 03:54:17.301,0.96971,0.97017,2.10,2.10
2010.12.03 03:54:17.521,0.96973,0.97017,1.90,1.90
2010.12.03 03:54:19.199,0.96973,0.97017,2.00,1.90
2010.12.03 03:54:19.531,0.96973,0.97017,1.90,2.10
2010.12.03 03:54:20.242,0.96972,0.97016,1.90,2.10
2010.12.03 03:54:20.461,0.96972,0.97016,1.90,2.00
2010.12.03 03:54:21.501,0.96971,0.97017,1.90,2.00
2010.12.03 03:54:27.434,0.96971,0.97016,2.00,1.10
2010.12.03 03:54:27.887,0.96971,0.97008,2.00,1.50
2010.12.03 03:54:28.005,0.96961,0.97007,2.00,1.90
2010.12.03 03:54:28.331,0.96961,0.97007,2.10,1.90
2010.12.03 03:54:28.552,0.96965,0.97009,1.90,2.00
2010.12.03 03:54:28.661,0.96959,0.97005,2.00,1.90
2010.12.03 03:54:29.211,0.96959,0.97005,1.90,1.90
2010.12.03 03:54:29.320,0.96961,0.97005,1.90,1.90
2010.12.03 03:54:30.112,0.96961,0.97007,1.90,1.90
2010.12.03 03:54:31.101,0.96961,0.97007,2.00,1.90
2010.12.03 03:54:31.322,0.96959,0.97003,2.00,1.90
2010.12.03 03:54:31.871,0.96959,0.97003,1.90,1.90
2010.12.03 03:54:32.324,0.96949,0.96991,2.00,1.90
2010.12.03 03:54:32.723,0.96947,0.96987,6.20,1.90
2010.12.03 03:54:33.194,0.96951,0.96997,2.20,1.90
2010.12.03 03:54:36.761,0.96948,0.96986,2.70,1.90
2010.12.03 03:54:37.762,0.96948,0.96986,2.40,1.90
2010.12.03 03:54:38.031,0.96948,0.96986,2.50,1.90
2010.12.03 03:54:38.141,0.96947,0.96991,10.60,1.90
2010.12.03 03:54:38.250,0.96947,0.96991,4.50,1.90
2010.12.03 03:54:39.879,0.96947,0.96991,4.60,1.90
2010.12.03 03:54:43.663,0.96947,0.96983,2.40,1.90
2010.12.03 03:54:43.771,0.96948,0.96983,2.40,1.90
2010.12.03 03:54:44.101,0.96948,0.96983,2.40,1.90
2010.12.03 03:54:44.881,0.96948,0.96983,2.40,1.90
2010.12.03 03:54:45.953,0.96949,0.96987,1.60,1.90
2010.12.03 03:54:46.280,0.96949,0.96987,1.50,1.90
2010.12.03 03:54:46.834,0.96949,0.96987,1.60,1.90
2010.12.03 03:54:49.634,0.9695,0.96985,1.50,1.90
2010.12.03 03:54:50.311,0.9695,0.96982,1.50,1.90
2010.12.03 03:54:50.641,0.96949,0.96984,1.60,1.90
2010.12.03 03:54:51.768,0.96949,0.96984,1.50,1.90
2010.12.03 03:54:52.759,0.96949,0.96984,1.60,1.90
2010.12.03 03:54:55.241,0.96949,0.96978,1.60,1.90
2010.12.03 03:54:55.709,0.96948,0.96978,2.30,1.90
2010.12.03 03:54:56.177,0.96948,0.96978,2.40,1.90
2010.12.03 03:54:56.865,0.96948,0.96978,2.40,1.90
2010.12.03 03:54:57.081,0.96948,0.9699,2.50,1.90
2010.12.03 03:54:57.692,0.96948,0.9699,2.40,1.90
2010.12.03 03:54:58.894,0.96948,0.9699,2.70,1.90
2010.12.03 03:54:59.313,0.96948,0.96988,2.70,1.90
2010.12.03 03:54:59.421,0.96948,0.96988,2.40,2.00
2010.12.03 03:55:00.052,0.96948,0.96982,2.30,1.90
2010.12.03 03:55:00.271,0.96948,0.96992,2.40,1.90
2010.12.03 03:55:01.877,0.96948,0.96993,2.30,1.90
2010.12.03 03:55:02.289,0.96948,0.96993,2.60,1.90
2010.12.03 03:55:03.025,0.96949,0.96993,2.10,1.90
2010.12.03 03:55:06.776,0.96948,0.96989,2.40,1.90
2010.12.03 03:55:09.231,0.9695,0.96991,1.60,1.90
2010.12.03 03:55:09.561,0.96949,0.96988,1.50,1.90
2010.12.03 03:55:10.713,0.96957,0.96988,2.30,1.90
2010.12.03 03:55:10.823,0.96952,0.96997,2.00,1.50
2010.12.03 03:55:10.935,0.96948,0.96992,2.00,1.90
2010.12.03 03:55:12.749,0.96948,0.96992,1.90,2.10
2010.12.03 03:55:17.309,0.96947,0.96982,2.30,1.90
2010.12.03 03:55:18.440,0.96947,0.96992,2.30,2.10
2010.12.03 03:55:18.811,0.96947,0.96992,2.40,1.90
2010.12.03 03:55:20.272,0.96948,0.96992,1.90,1.90
2010.12.03 03:55:22.651,0.96948,0.96992,1.90,2.20
2010.12.03 03:55:33.301,0.96948,0.96992,2.00,2.00
2010.12.03 03:55:33.865,0.96947,0.96981,2.30,1.90
2010.12.03 03:55:38.751,0.96947,0.96992,2.30,2.10
2010.12.03 03:55:38.862,0.96947,0.96981,2.30,1.90
2010.12.03 03:55:41.925,0.96939,0.96974,1.50,1.90
2010.12.03 03:55:42.032,0.96938,0.96968,2.30,1.90
2010.12.03 03:55:43.832,0.96949,0.96982,1.50,1.90
2010.12.03 03:55:48.597,0.96949,0.96983,1.50,2.00
2010.12.03 03:55:53.373,0.96948,0.96983,2.30,1.90
2010.12.03 03:55:53.482,0.96938,0.96969,2.30,1.90
2010.12.03 03:55:56.640,0.96938,0.96982,2.40,2.00
2010.12.03 03:55:57.982,0.96938,0.96972,2.40,1.90
2010.12.03 03:56:02.728,0.96938,0.96973,2.30,1.90
2010.12.03 03:56:05.162,0.96948,0.96984,1.50,2.00
2010.12.03 03:56:05.754,0.96951,0.96988,1.90,1.60
2010.12.03 03:56:05.865,0.96949,0.96989,1.50,2.00
2010.12.03 03:56:06.867,0.96949,0.96989,1.50,2.00
2010.12.03 03:56:07.942,0.96949,0.96989,1.50,2.10
2010.12.03 03:56:08.054,0.96947,0.96984,2.30,2.00
2010.12.03 03:56:08.711,0.96947,0.96982,2.30,2.20
2010.12.03 03:56:09.735,0.96947,0.96982,2.30,2.00
2010.12.03 03:56:10.282,0.96947,0.96982,2.40,1.90
2010.12.03 03:56:11.354,0.96947,0.96984,2.40,1.90
2010.12.03 03:56:11.682,0.9694,0.96979,1.70,1.90
2010.12.03 03:56:14.615,0.9694,0.9698,1.70,1.90
2010.12.03 03:56:17.376,0.9694,0.9698,1.70,1.90
2010.12.03 03:56:18.042,0.96948,0.96984,2.30,1.90
2010.12.03 03:56:18.482,0.96949,0.96982,1.50,1.90
2010.12.03 03:56:18.701,0.9695,0.96987,1.50,1.90
2010.12.03 03:56:19.151,0.96948,0.96983,2.40,1.90
2010.12.03 03:56:19.374,0.96948,0.96983,2.40,1.90
2010.12.03 03:56:19.482,0.96949,0.96993,1.90,2.10
2010.12.03 03:56:19.921,0.96948,0.96985,2.40,1.90
2010.12.03 03:56:22.871,0.9694,0.9698,1.80,1.90
2010.12.03 03:56:23.222,0.96939,0.9698,2.40,1.90
2010.12.03 03:56:24.722,0.96939,0.96979,2.40,1.90
2010.12.03 03:56:24.869,0.96939,0.96979,2.60,1.90
2010.12.03 03:56:25.941,0.96942,0.96988,2.10,3.40
2010.12.03 03:56:26.451,0.96942,0.96988,2.10,3.40
2010.12.03 03:56:27.231,0.96941,0.96987,2.00,2.00
2010.12.03 03:56:27.721,0.96939,0.96976,1.60,1.90
2010.12.03 03:56:30.944,0.96939,0.96976,1.50,1.90
2010.12.03 03:56:33.021,0.96939,0.96976,1.60,1.90
2010.12.03 03:56:40.422,0.96939,0.96977,2.40,1.90
2010.12.03 03:56:45.403,0.96939,0.96977,2.40,1.90
2010.12.03 03:56:45.514,0.96939,0.96979,2.40,1.90
2010.12.03 03:56:53.241,0.9694,0.96977,1.60,1.90
2010.12.03 03:56:58.793,0.9694,0.96977,1.50,1.90
2010.12.03 03:56:58.901,0.96937,0.96972,2.40,1.90
2010.12.03 03:56:59.464,0.96938,0.96973,2.40,1.90
2010.12.03 03:57:00.669,0.96938,0.96973,2.40,1.90
2010.12.03 03:57:01.152,0.96938,0.96973,2.40,1.90
2010.12.03 03:57:01.532,0.96938,0.96974,2.40,1.90
2010.12.03 03:57:02.631,0.96938,0.96984,4.30,1.90
2010.12.03 03:57:03.550,0.96938,0.96984,4.30,1.90
2010.12.03 03:57:04.032,0.96938,0.96983,2.40,1.90
2010.12.03 03:57:06.842,0.9694,0.96984,2.20,1.90
2010.12.03 03:57:09.901,0.9694,0.96984,5.00,1.90
2010.12.03 03:57:10.974,0.9694,0.96984,2.10,1.90
2010.12.03 03:57:17.389,0.9694,0.96984,5.00,1.90
2010.12.03 03:57:17.857,0.9694,0.96984,2.10,1.90
2010.12.03 03:57:17.966,0.9694,0.96984,4.00,1.90
2010.12.03 03:57:18.191,0.96942,0.96986,2.10,1.90
2010.12.03 03:57:20.152,0.96942,0.96986,5.20,1.90
2010.12.03 03:57:20.305,0.96942,0.96986,2.10,1.90
2010.12.03 03:57:20.522,0.96944,0.96987,5.10,1.50
2010.12.03 03:57:20.631,0.96944,0.9699,5.10,1.90
2010.12.03 03:57:20.741,0.96944,0.9699,2.20,1.90
2010.12.03 03:57:25.981,0.96944,0.9699,2.10,1.90
2010.12.03 03:57:26.312,0.9694,0.96982,1.10,1.90
2010.12.03 03:57:26.750,0.96948,0.96993,2.10,1.70
2010.12.03 03:57:27.536,0.96948,0.96993,3.50,1.50
2010.12.03 03:57:27.983,0.96948,0.96993,3.50,1.50
2010.12.03 03:57:29.116,0.96948,0.96993,3.60,1.50
2010.12.03 03:57:35.210,0.96948,0.96988,1.80,1.50
2010.12.03 03:57:37.235,0.96948,0.96988,1.90,1.60
2010.12.03 03:57:37.344,0.96948,0.96988,1.80,1.60
2010.12.03 03:57:37.580,0.96948,0.96988,1.90,1.50
2010.12.03 03:57:37.809,0.96948,0.96988,1.70,1.60
2010.12.03 03:57:42.100,0.96948,0.96985,1.70,1.90
2010.12.03 03:57:43.562,0.96948,0.96987,1.70,1.90
2010.12.03 03:57:43.782,0.96949,0.96989,1.50,1.90
2010.12.03 03:57:43.892,0.96954,0.96989,1.50,1.90
2010.12.03 03:57:44.351,0.96959,0.96994,1.50,2.00
2010.12.03 03:57:45.812,0.96959,0.96994,1.50,2.00
2010.12.03 03:57:46.482,0.96959,0.96994,1.50,2.00
2010.12.03 03:57:47.063,0.96959,0.96994,1.50,2.10
2010.12.03 03:57:48.852,0.96959,0.96994,1.50,1.90
2010.12.03 03:57:49.620,0.96959,0.96994,1.50,2.00
2010.12.03 03:57:49.962,0.96959,0.96994,1.50,2.00
2010.12.03 03:57:50.182,0.96959,0.96994,1.50,1.90
2010.12.03 03:57:50.645,0.96959,0.96989,1.50,1.90
2010.12.03 03:57:50.764,0.96949,0.96991,1.60,1.90
2010.12.03 03:57:50.871,0.96948,0.96988,3.90,1.50
2010.12.03 03:57:51.091,0.96948,0.96993,6.00,1.50
2010.12.03 03:57:51.311,0.96948,0.96988,3.60,1.50
2010.12.03 03:57:51.836,0.96948,0.96991,3.80,1.90
2010.12.03 03:57:51.942,0.96949,0.96987,1.70,1.50
2010.12.03 03:57:52.162,0.96949,0.96993,2.10,3.50
2010.12.03 03:57:53.731,0.96949,0.96993,1.90,3.50
2010.12.03 03:57:53.842,0.96949,0.96987,1.50,1.50
2010.12.03 03:57:57.912,0.96946,0.96987,1.90,1.50
2010.12.03 03:57:58.361,0.96941,0.96987,2.00,3.40
2010.12.03 03:58:03.194,0.96941,0.96987,2.10,3.40
2010.12.03 03:58:06.241,0.96941,0.96987,5.00,3.40
2010.12.03 03:58:07.353,0.96948,0.96987,1.90,1.50
2010.12.03 03:58:08.822,0.96948,0.96987,2.00,1.50
2010.12.03 03:58:10.081,0.96948,0.96987,2.00,1.50
2010.12.03 03:58:11.163,0.96946,0.96992,1.90,2.10
2010.12.03 03:58:11.392,0.96945,0.96989,2.30,1.90
2010.12.03 03:58:15.216,0.96945,0.96989,2.10,1.90
2010.12.03 03:58:15.542,0.96941,0.96987,2.00,1.90
2010.12.03 03:58:17.086,0.96942,0.96986,2.00,1.90
2010.12.03 03:58:18.243,0.9694,0.96982,1.60,1.50
2010.12.03 03:58:21.180,0.9694,0.96982,4.00,1.50
2010.12.03 03:58:21.515,0.9694,0.96982,1.70,1.50
2010.12.03 03:58:22.871,0.9694,0.96982,1.70,1.50
2010.12.03 03:58:25.555,0.9694,0.96982,1.80,1.50
2010.12.03 03:58:26.134,0.9694,0.96982,1.70,1.50
2010.12.03 03:58:26.665,0.96939,0.96983,3.70,1.50
2010.12.03 03:58:28.621,0.96939,0.96983,3.60,1.50
2010.12.03 03:58:29.219,0.96939,0.96983,3.60,1.50
2010.12.03 03:58:31.684,0.96939,0.96983,3.50,1.50
2010.12.03 03:58:32.641,0.96942,0.96986,2.10,1.90
2010.12.03 03:58:33.509,0.96942,0.96986,2.10,1.90
2010.12.03 03:58:33.881,0.96949,0.96987,1.90,1.50
2010.12.03 03:58:36.060,0.96949,0.96987,1.90,1.70
2010.12.03 03:58:36.172,0.96943,0.96979,1.90,1.50
2010.12.03 03:58:36.967,0.96943,0.96979,1.90,1.60
2010.12.03 03:58:38.838,0.96943,0.96979,1.90,1.50
2010.12.03 03:58:41.379,0.96943,0.96979,1.90,1.70
2010.12.03 03:58:45.488,0.96943,0.96979,1.90,1.50
2010.12.03 03:58:45.601,0.96939,0.96979,1.50,1.50
2010.12.03 03:58:45.712,0.96944,0.96979,1.90,1.50
2010.12.03 03:58:46.333,0.96944,0.96979,1.90,1.70
2010.12.03 03:58:46.802,0.96944,0.96979,1.90,1.50
2010.12.03 03:58:46.913,0.96939,0.96979,1.50,1.50
2010.12.03 03:58:47.534,0.96939,0.96979,1.50,1.60
2010.12.03 03:58:52.661,0.96939,0.96979,1.50,1.60
2010.12.03 03:58:53.321,0.96943,0.96979,1.90,1.70
2010.12.03 03:58:54.911,0.96943,0.96978,2.00,1.60
2010.12.03 03:58:55.754,0.96944,0.96978,1.90,1.50
2010.12.03 03:58:55.864,0.96942,0.96986,1.90,1.90
2010.12.03 03:58:56.552,0.96942,0.96986,1.90,2.00
2010.12.03 03:58:57.784,0.96942,0.96986,2.00,1.90
2010.12.03 03:59:04.576,0.96939,0.96981,1.50,1.90
2010.12.03 03:59:05.537,0.96931,0.96977,2.00,3.40
2010.12.03 03:59:05.755,0.96931,0.96967,2.00,1.50
2010.12.03 03:59:06.384,0.96918,0.96962,2.10,1.90
2010.12.03 03:59:06.495,0.96921,0.96967,2.00,3.40
2010.12.03 03:59:07.041,0.96917,0.96963,2.10,1.90
2010.12.03 03:59:07.170,0.96917,0.96963,2.00,1.90
2010.12.03 03:59:07.732,0.96917,0.96961,2.00,1.90
2010.12.03 03:59:08.051,0.96917,0.96961,2.10,1.90
2010.12.03 03:59:09.872,0.96917,0.96961,5.00,1.90
2010.12.03 03:59:09.996,0.9693,0.96968,1.50,1.50
2010.12.03 03:59:11.010,0.96925,0.96971,2.10,1.90
2010.12.03 03:59:11.822,0.96925,0.96971,2.00,1.90
2010.12.03 03:59:12.812,0.96925,0.96971,2.10,1.90
2010.12.03 03:59:14.532,0.96925,0.96971,2.00,1.90
2010.12.03 03:59:14.641,0.96931,0.96977,1.90,3.40
2010.12.03 03:59:15.956,0.96937,0.96974,1.90,1.40
2010.12.03 03:59:16.173,0.96924,0.96962,1.50,4.20
2010.12.03 03:59:16.283,0.9693,0.96962,1.50,4.20
2010.12.03 03:59:16.392,0.96931,0.96976,1.90,1.50
2010.12.03 03:59:16.503,0.96931,0.96976,1.90,2.50
2010.12.03 03:59:17.024,0.96926,0.96972,2.00,4.20
2010.12.03 03:59:17.352,0.96925,0.96969,2.00,1.90
2010.12.03 03:59:18.256,0.96917,0.96955,6.10,1.90
2010.12.03 03:59:18.369,0.96917,0.9696,6.10,1.90
2010.12.03 03:59:18.866,0.96917,0.9696,2.40,1.90
2010.12.03 03:59:18.983,0.96915,0.96961,2.10,1.90
2010.12.03 03:59:19.094,0.96918,0.96958,1.50,1.90
2010.12.03 03:59:19.201,0.96918,0.96962,1.50,1.90
2010.12.03 03:59:19.841,0.96917,0.96956,2.30,1.90
2010.12.03 03:59:21.526,0.96909,0.96953,2.10,1.90
2010.12.03 03:59:21.853,0.96922,0.96966,1.90,2.10
2010.12.03 03:59:22.304,0.96912,0.96958,2.00,1.90
2010.12.03 03:59:22.521,0.96907,0.96952,2.40,1.90
2010.12.03 03:59:23.028,0.96911,0.96957,2.10,1.90
2010.12.03 03:59:23.253,0.96907,0.96951,10.80,1.90
2010.12.03 03:59:23.366,0.96911,0.96957,2.10,1.90
2010.12.03 03:59:24.065,0.96907,0.96948,2.60,1.90
2010.12.03 03:59:24.722,0.96907,0.96939,2.60,1.90
2010.12.03 03:59:25.161,0.96908,0.96943,2.40,1.90
2010.12.03 03:59:25.992,0.96908,0.96943,2.40,1.90
2010.12.03 03:59:26.438,0.96908,0.96943,2.50,1.90
2010.12.03 03:59:26.553,0.96908,0.96948,2.50,1.90
2010.12.03 03:59:26.993,0.96917,0.96952,2.30,1.90
2010.12.03 03:59:27.501,0.96909,0.9695,1.60,1.90
2010.12.03 03:59:27.831,0.96916,0.9696,1.90,1.90
2010.12.03 03:59:28.374,0.96917,0.96961,1.90,1.90
2010.12.03 03:59:29.051,0.96917,0.96961,2.00,1.90
2010.12.03 03:59:29.188,0.96917,0.96961,2.10,1.90
2010.12.03 03:59:29.411,0.96917,0.96961,2.00,1.90
2010.12.03 03:59:29.922,0.96919,0.96963,1.90,2.00
2010.12.03 03:59:32.122,0.96918,0.96962,1.90,1.90
2010.12.03 03:59:32.696,0.96922,0.96966,1.90,2.00
2010.12.03 03:59:33.303,0.9692,0.96963,1.50,2.00
2010.12.03 03:59:33.874,0.96918,0.96962,2.00,2.00
2010.12.03 03:59:35.383,0.9691,0.96952,4.30,1.90
2010.12.03 03:59:36.691,0.96913,0.96957,2.40,1.90
2010.12.03 03:59:36.816,0.96919,0.96965,1.90,1.90
2010.12.03 03:59:37.252,0.96927,0.96971,1.90,1.90
2010.12.03 03:59:38.165,0.96922,0.96968,1.90,1.90
2010.12.03 03:59:38.273,0.96927,0.96973,1.90,2.20
2010.12.03 03:59:38.492,0.9692,0.96964,1.90,1.90
2010.12.03 03:59:38.604,0.96911,0.96955,1.90,1.90
2010.12.03 03:59:39.024,0.96917,0.96963,1.90,2.00
2010.12.03 03:59:39.149,0.96912,0.96956,2.00,1.90
2010.12.03 03:59:39.814,0.96916,0.96962,1.90,1.90
2010.12.03 03:59:39.921,0.96916,0.9696,1.90,1.90
2010.12.03 03:59:40.563,0.96914,0.9696,1.90,1.90
2010.12.03 03:59:40.672,0.96917,0.9696,2.30,1.90
2010.12.03 03:59:41.344,0.9693,0.96976,3.40,1.90
2010.12.03 03:59:41.910,0.9693,0.96975,1.50,1.90
2010.12.03 03:59:44.049,0.9693,0.9697,1.50,1.90
2010.12.03 03:59:44.275,0.9693,0.96974,3.40,1.90
2010.12.03 03:59:45.061,0.9693,0.96971,1.50,1.90
2010.12.03 03:59:45.505,0.9693,0.96974,4.40,1.90
2010.12.03 03:59:45.987,0.96934,0.96977,1.70,1.90
2010.12.03 03:59:46.312,0.96937,0.96983,2.10,1.90
2010.12.03 03:59:46.872,0.96939,0.96983,1.50,1.90
2010.12.03 03:59:46.972,0.96939,0.96985,3.40,1.90
2010.12.03 03:59:47.850,0.96939,0.96976,1.50,1.90
2010.12.03 03:59:48.072,0.96939,0.9698,1.50,1.90
2010.12.03 03:59:48.292,0.96939,0.96983,1.90,1.90
2010.12.03 03:59:48.511,0.96937,0.96983,1.90,1.90
2010.12.03 03:59:49.254,0.96939,0.96981,1.50,1.90
2010.12.03 03:59:56.218,0.96939,0.96973,1.50,1.90
2010.12.03 03:59:56.345,0.96937,0.9697,2.30,1.90
2010.12.03 03:59:58.532,0.96937,0.96971,2.30,1.90
