2010.12.10 08:00:00.445,0.96791,0.96831,2.50,2.30
2010.12.10 08:00:00.672,0.96793,0.96836,3.20,2.30
2010.12.10 08:00:01.452,0.96793,0.96836,3.20,2.30
2010.12.10 08:00:01.669,0.96801,0.96843,1.70,2.30
2010.12.10 08:00:02.603,0.96804,0.96848,2.30,2.50
2010.12.10 08:00:03.386,0.96803,0.96847,2.30,2.50
2010.12.10 08:00:03.914,0.96803,0.96847,3.20,2.30
2010.12.10 08:00:04.599,0.96806,0.96852,2.50,2.50
2010.12.10 08:00:04.715,0.96807,0.96851,2.30,3.20
2010.12.10 08:00:05.160,0.96811,0.96852,2.30,5.50
2010.12.10 08:00:05.270,0.96802,0.96848,2.50,2.50
2010.12.10 08:00:07.401,0.968,0.96843,3.20,2.30
2010.12.10 08:00:08.381,0.96792,0.9683,1.10,1.50
2010.12.10 08:00:08.495,0.968,0.96834,1.50,2.30
2010.12.10 08:00:09.011,0.968,0.96835,3.80,2.30
2010.12.10 08:00:09.148,0.96799,0.96842,2.30,2.30
2010.12.10 08:00:10.519,0.968,0.96843,2.30,2.30
2010.12.10 08:00:11.146,0.96806,0.96851,2.30,4.70
2010.12.10 08:00:11.941,0.96805,0.9685,2.50,2.30
2010.12.10 08:00:12.050,0.96805,0.96848,2.50,2.30
2010.12.10 08:00:12.269,0.96803,0.96848,4.50,2.40
2010.12.10 08:00:13.453,0.96803,0.96848,3.20,2.30
2010.12.10 08:00:13.670,0.96808,0.96852,2.50,2.60
2010.12.10 08:00:17.677,0.96805,0.96847,2.30,2.30
2010.12.10 08:00:19.191,0.96801,0.96839,1.50,2.50
2010.12.10 08:00:20.007,0.96795,0.96838,2.30,2.50
2010.12.10 08:00:22.700,0.96796,0.96839,2.30,3.20
2010.12.10 08:00:24.033,0.9681,0.96848,1.70,4.20
2010.12.10 08:00:24.260,0.96805,0.9685,2.30,7.90
2010.12.10 08:00:24.876,0.96801,0.96844,2.30,2.50
2010.12.10 08:00:24.991,0.96803,0.96844,2.30,2.50
2010.12.10 08:00:25.099,0.96806,0.96849,2.30,3.20
2010.12.10 08:00:25.984,0.96806,0.96849,2.30,4.70
2010.12.10 08:00:26.100,0.96806,0.96849,2.30,4.70
2010.12.10 08:00:27.472,0.96806,0.96849,2.50,1.50
2010.12.10 08:00:27.625,0.9681,0.96856,2.30,3.20
2010.12.10 08:00:29.077,0.9681,0.96856,4.00,2.30
2010.12.10 08:00:30.652,0.96813,0.96857,3.20,2.30
2010.12.10 08:00:31.783,0.9682,0.96853,1.50,2.30
2010.12.10 08:00:31.895,0.96811,0.96853,1.70,2.30
2010.12.10 08:00:34.501,0.96815,0.96859,2.50,3.80
2010.12.10 08:00:34.720,0.96816,0.96862,2.50,2.30
2010.12.10 08:00:34.939,0.96816,0.9686,2.50,2.30
2010.12.10 08:00:35.270,0.96813,0.96859,2.30,2.60
2010.12.10 08:00:35.381,0.96813,0.96858,2.30,1.10
2010.12.10 08:00:35.874,0.96813,0.9685,2.30,1.50
2010.12.10 08:00:35.993,0.96811,0.9685,2.30,1.50
2010.12.10 08:00:37.228,0.9681,0.9685,3.80,1.50
2010.12.10 08:00:37.358,0.96811,0.96849,1.50,2.50
2010.12.10 08:00:37.471,0.96805,0.96845,2.30,3.20
2010.12.10 08:00:37.579,0.96802,0.96845,2.40,3.20
2010.12.10 08:00:39.290,0.968,0.96845,2.30,2.50
2010.12.10 08:00:39.900,0.96799,0.96844,2.30,2.50
2010.12.10 08:00:40.753,0.96799,0.96844,2.30,2.50
2010.12.10 08:00:40.869,0.96801,0.96844,2.30,2.50
2010.12.10 08:00:43.122,0.96801,0.96839,2.30,1.50
2010.12.10 08:00:43.266,0.96794,0.96839,2.30,3.80
2010.12.10 08:00:43.490,0.96794,0.96837,2.30,2.30
2010.12.10 08:00:45.109,0.96793,0.96838,2.30,2.40
2010.12.10 08:00:45.600,0.96797,0.96839,2.30,1.70
2010.12.10 08:00:45.820,0.96793,0.96836,2.60,2.50
2010.12.10 08:00:46.759,0.96791,0.96833,4.00,2.30
2010.12.10 08:00:46.979,0.96792,0.96835,2.50,4.50
2010.12.10 08:00:47.621,0.96792,0.96835,2.30,3.20
2010.12.10 08:00:48.169,0.96789,0.96834,2.50,2.30
2010.12.10 08:00:48.389,0.96793,0.96836,2.30,2.30
2010.12.10 08:00:49.700,0.96789,0.96834,2.50,2.50
2010.12.10 08:00:51.564,0.96784,0.96827,2.60,2.50
2010.12.10 08:00:51.886,0.96784,0.96827,2.50,2.50
2010.12.10 08:00:53.118,0.96784,0.96827,2.50,2.50
2010.12.10 08:00:53.455,0.96784,0.96827,2.30,3.20
2010.12.10 08:00:54.267,0.96786,0.96823,1.70,2.30
2010.12.10 08:00:54.396,0.96785,0.96825,4.00,1.70
2010.12.10 08:00:56.680,0.96787,0.96825,1.50,2.50
2010.12.10 08:00:57.337,0.96781,0.96819,1.50,1.50
2010.12.10 08:00:58.000,0.96781,0.96819,1.60,1.50
2010.12.10 08:00:58.459,0.9678,0.9682,1.70,1.70
2010.12.10 08:00:58.944,0.9678,0.9682,1.80,1.70
2010.12.10 08:00:59.719,0.96782,0.9682,1.60,1.70
2010.12.10 08:01:00.414,0.96782,0.9682,1.50,1.70
2010.12.10 08:01:01.454,0.96773,0.96818,3.40,2.50
2010.12.10 08:01:02.453,0.9678,0.96818,1.70,2.30
2010.12.10 08:01:03.390,0.9678,0.9682,1.50,2.50
2010.12.10 08:01:04.911,0.96776,0.96819,2.60,3.20
2010.12.10 08:01:05.659,0.96776,0.96819,6.00,2.50
2010.12.10 08:01:10.624,0.96778,0.96823,2.60,2.50
2010.12.10 08:01:11.797,0.9678,0.96823,2.30,2.30
2010.12.10 08:01:12.339,0.96779,0.96822,2.30,2.30
2010.12.10 08:01:13.769,0.96779,0.96822,2.30,2.50
2010.12.10 08:01:14.370,0.96775,0.96815,2.30,2.30
2010.12.10 08:01:15.393,0.9677,0.96813,2.40,2.30
2010.12.10 08:01:16.510,0.9677,0.96813,2.30,2.30
2010.12.10 08:01:16.620,0.9677,0.96813,2.40,2.30
2010.12.10 08:01:16.729,0.96773,0.96816,2.40,2.30
2010.12.10 08:01:18.032,0.96773,0.96816,2.40,2.50
2010.12.10 08:01:18.250,0.9677,0.96815,2.30,2.50
2010.12.10 08:01:18.360,0.9677,0.96815,2.40,2.50
2010.12.10 08:01:18.779,0.9677,0.96815,2.40,2.30
2010.12.10 08:01:19.478,0.96772,0.96815,2.60,2.30
2010.12.10 08:01:19.590,0.96773,0.96816,2.60,2.30
2010.12.10 08:01:20.430,0.96773,0.96816,2.60,2.30
2010.12.10 08:01:21.300,0.96773,0.96816,2.30,2.50
2010.12.10 08:01:21.410,0.96768,0.96813,2.50,2.50
2010.12.10 08:01:21.523,0.96771,0.96813,2.50,2.30
2010.12.10 08:01:22.191,0.96773,0.96816,2.50,2.30
2010.12.10 08:01:23.733,0.96778,0.96819,2.30,4.00
2010.12.10 08:01:23.844,0.96774,0.96816,2.50,2.30
2010.12.10 08:01:23.960,0.96777,0.96819,3.20,2.30
2010.12.10 08:01:24.401,0.96767,0.96809,2.30,1.70
2010.12.10 08:01:24.511,0.96766,0.96811,3.20,2.30
2010.12.10 08:01:25.902,0.9677,0.96815,2.60,2.50
2010.12.10 08:01:26.235,0.9677,0.96813,2.30,2.30
2010.12.10 08:01:26.350,0.96762,0.96805,1.80,2.30
2010.12.10 08:01:27.055,0.96766,0.96809,2.50,2.30
2010.12.10 08:01:33.589,0.96769,0.96811,2.50,2.30
2010.12.10 08:01:33.700,0.96769,0.96814,2.50,2.30
2010.12.10 08:01:33.810,0.96768,0.96805,2.40,2.30
2010.12.10 08:01:34.394,0.96764,0.96809,2.50,2.30
2010.12.10 08:01:34.609,0.96768,0.96809,2.50,2.30
2010.12.10 08:01:34.722,0.96771,0.96812,2.50,2.30
2010.12.10 08:01:35.295,0.96767,0.9681,2.50,2.30
2010.12.10 08:01:37.344,0.96768,0.96811,2.40,2.30
2010.12.10 08:01:40.278,0.96768,0.96813,2.40,2.30
2010.12.10 08:01:40.615,0.96772,0.96817,2.40,2.30
2010.12.10 08:01:40.730,0.96774,0.96818,2.30,2.30
2010.12.10 08:01:41.291,0.96774,0.96819,2.30,2.30
2010.12.10 08:01:51.075,0.96782,0.9682,1.50,4.10
2010.12.10 08:01:51.416,0.96782,0.96823,1.70,2.30
2010.12.10 08:01:51.859,0.96784,0.96829,2.50,4.00
2010.12.10 08:01:52.950,0.96784,0.96829,3.20,3.80
2010.12.10 08:01:54.144,0.96791,0.96829,1.50,1.60
2010.12.10 08:01:58.084,0.96792,0.96835,2.30,7.90
2010.12.10 08:01:58.208,0.96793,0.96837,2.50,2.60
2010.12.10 08:01:58.319,0.96798,0.96839,2.30,1.10
2010.12.10 08:01:58.759,0.96799,0.96843,2.30,2.40
2010.12.10 08:01:58.994,0.968,0.96843,2.30,2.40
2010.12.10 08:01:59.580,0.968,0.96843,2.30,2.40
2010.12.10 08:01:59.910,0.96804,0.96849,2.50,4.30
2010.12.10 08:02:00.133,0.96801,0.96844,2.30,2.60
2010.12.10 08:02:01.241,0.96801,0.96844,2.30,2.80
2010.12.10 08:02:01.721,0.96801,0.96844,2.30,2.60
2010.12.10 08:02:02.523,0.96803,0.96846,2.30,2.60
2010.12.10 08:02:02.654,0.96803,0.96846,2.50,2.30
2010.12.10 08:02:02.989,0.96808,0.96848,2.30,2.40
2010.12.10 08:02:03.659,0.96809,0.96853,2.30,2.40
2010.12.10 08:02:03.977,0.96809,0.96853,2.30,2.60
2010.12.10 08:02:04.201,0.96809,0.96853,2.30,2.40
2010.12.10 08:02:04.893,0.96808,0.96852,2.30,2.40
2010.12.10 08:02:05.591,0.96808,0.96852,2.30,2.40
2010.12.10 08:02:05.810,0.96808,0.96852,2.30,2.40
2010.12.10 08:02:06.404,0.96808,0.96852,2.30,2.40
2010.12.10 08:02:06.519,0.96808,0.96852,2.30,2.40
2010.12.10 08:02:07.061,0.96808,0.96852,2.30,2.40
2010.12.10 08:02:08.699,0.96808,0.96854,2.30,2.40
2010.12.10 08:02:08.817,0.96808,0.96854,2.30,2.40
2010.12.10 08:02:09.357,0.96808,0.96849,2.30,1.10
2010.12.10 08:02:09.580,0.96801,0.96844,2.30,2.50
2010.12.10 08:02:11.089,0.96799,0.96844,2.30,2.50
2010.12.10 08:02:12.276,0.96801,0.96846,2.30,2.50
2010.12.10 08:02:12.999,0.96801,0.96846,2.30,2.60
2010.12.10 08:02:14.704,0.96801,0.96846,2.30,2.60
2010.12.10 08:02:15.402,0.968,0.96842,2.30,2.40
2010.12.10 08:02:15.840,0.96801,0.96842,2.30,2.40
2010.12.10 08:02:16.507,0.96802,0.96837,2.30,2.30
2010.12.10 08:02:16.623,0.96795,0.9684,2.50,2.30
2010.12.10 08:02:17.192,0.96801,0.96841,2.30,2.30
2010.12.10 08:02:17.315,0.96801,0.96846,2.30,2.60
2010.12.10 08:02:18.319,0.96795,0.9684,2.50,2.30
2010.12.10 08:02:18.434,0.96799,0.9684,2.30,2.30
2010.12.10 08:02:19.692,0.96802,0.96842,2.30,2.60
2010.12.10 08:02:19.824,0.96801,0.96842,2.30,2.60
2010.12.10 08:02:19.940,0.96797,0.9684,2.30,2.30
2010.12.10 08:02:20.929,0.96799,0.9684,2.30,2.30
2010.12.10 08:02:21.509,0.96802,0.96845,2.30,2.60
2010.12.10 08:02:21.622,0.96797,0.9684,2.30,2.30
2010.12.10 08:02:22.309,0.96801,0.96846,2.30,2.60
2010.12.10 08:02:22.540,0.96796,0.96841,2.30,2.30
2010.12.10 08:02:22.763,0.96796,0.96841,2.30,2.40
2010.12.10 08:02:22.991,0.96798,0.96843,2.30,2.60
2010.12.10 08:02:23.581,0.96799,0.96842,2.30,2.40
2010.12.10 08:02:25.369,0.96802,0.96845,2.30,4.50
2010.12.10 08:02:26.229,0.96802,0.96845,2.30,2.40
2010.12.10 08:02:30.132,0.96802,0.96845,2.30,2.40
2010.12.10 08:02:31.453,0.96802,0.96845,2.30,2.40
2010.12.10 08:02:32.108,0.96802,0.96847,3.20,2.30
2010.12.10 08:02:32.550,0.96805,0.9685,2.30,2.60
2010.12.10 08:02:33.329,0.96804,0.96849,2.30,2.60
2010.12.10 08:02:33.552,0.96804,0.96849,2.30,2.60
2010.12.10 08:02:34.641,0.96804,0.96849,2.30,6.40
2010.12.10 08:02:35.163,0.96804,0.96849,2.30,2.80
2010.12.10 08:02:35.271,0.96804,0.96849,2.30,2.60
2010.12.10 08:02:36.109,0.96806,0.96849,2.30,2.60
2010.12.10 08:02:36.549,0.96811,0.96851,1.70,2.40
2010.12.10 08:02:37.147,0.96813,0.96851,2.30,2.40
2010.12.10 08:02:37.274,0.9681,0.96854,2.30,2.60
2010.12.10 08:02:37.611,0.96806,0.96849,2.30,2.60
2010.12.10 08:02:37.720,0.96806,0.96849,2.30,6.00
2010.12.10 08:02:38.509,0.96808,0.96852,2.30,2.50
2010.12.10 08:02:38.635,0.96808,0.96854,2.30,2.80
2010.12.10 08:02:40.088,0.96808,0.96854,2.30,6.40
2010.12.10 08:02:40.790,0.96807,0.96851,2.30,2.40
2010.12.10 08:02:41.771,0.96807,0.96851,2.50,2.40
2010.12.10 08:02:41.882,0.96812,0.96856,2.30,2.40
2010.12.10 08:02:42.584,0.96811,0.96856,1.50,2.40
2010.12.10 08:02:42.703,0.96811,0.96853,1.50,2.40
2010.12.10 08:02:42.811,0.96819,0.96853,2.30,2.40
2010.12.10 08:02:43.472,0.96819,0.96859,2.30,1.70
2010.12.10 08:02:43.587,0.96818,0.96859,2.50,1.50
2010.12.10 08:02:43.699,0.96818,0.96859,2.30,1.90
2010.12.10 08:02:44.029,0.96813,0.96859,2.30,4.10
2010.12.10 08:02:44.975,0.96813,0.96859,2.30,4.10
2010.12.10 08:02:45.430,0.96815,0.96859,2.30,4.10
2010.12.10 08:02:47.742,0.96815,0.96858,2.50,1.90
2010.12.10 08:02:48.421,0.96815,0.96855,2.30,1.10
2010.12.10 08:02:48.643,0.96811,0.96855,2.30,3.30
2010.12.10 08:02:49.219,0.96814,0.96858,3.20,2.40
2010.12.10 08:02:49.677,0.96818,0.96863,2.50,6.20
2010.12.10 08:02:49.790,0.96814,0.96858,2.30,2.40
2010.12.10 08:02:50.579,0.9681,0.96854,4.00,2.40
2010.12.10 08:02:50.693,0.9681,0.96856,4.00,2.40
2010.12.10 08:02:50.801,0.96811,0.96849,1.50,1.50
2010.12.10 08:02:51.833,0.96812,0.96856,2.50,2.40
2010.12.10 08:02:52.269,0.96813,0.96857,2.30,2.30
2010.12.10 08:02:52.380,0.9681,0.96855,1.70,6.00
2010.12.10 08:02:52.701,0.96809,0.96855,2.50,2.60
2010.12.10 08:02:53.470,0.96805,0.9685,2.30,2.50
2010.12.10 08:02:53.580,0.96808,0.96854,2.50,2.60
2010.12.10 08:02:54.428,0.96808,0.96854,2.50,2.80
2010.12.10 08:02:56.428,0.96808,0.96854,2.50,2.60
2010.12.10 08:02:56.544,0.96807,0.96853,2.50,4.70
2010.12.10 08:02:56.661,0.96807,0.96851,2.50,2.30
2010.12.10 08:02:56.770,0.96806,0.96849,2.30,2.30
2010.12.10 08:02:57.663,0.96806,0.96849,2.30,2.40
2010.12.10 08:02:57.980,0.96808,0.9685,2.50,1.50
2010.12.10 08:02:58.569,0.96808,0.96854,2.50,2.60
2010.12.10 08:02:59.332,0.96808,0.96854,2.50,2.60
2010.12.10 08:02:59.556,0.96808,0.96854,2.50,2.60
2010.12.10 08:03:01.459,0.96808,0.96854,2.50,2.60
2010.12.10 08:03:02.972,0.96814,0.96858,2.30,2.60
2010.12.10 08:03:05.234,0.96814,0.96858,2.30,2.40
2010.12.10 08:03:05.491,0.96814,0.96858,2.30,2.60
2010.12.10 08:03:07.400,0.96813,0.96857,2.30,2.40
2010.12.10 08:03:07.509,0.96811,0.96857,2.30,2.40
2010.12.10 08:03:08.802,0.9681,0.96855,1.70,2.30
2010.12.10 08:03:09.020,0.96814,0.96858,2.30,2.60
2010.12.10 08:03:09.133,0.96814,0.96858,2.30,2.40
2010.12.10 08:03:09.714,0.96816,0.9686,2.50,2.30
2010.12.10 08:03:09.940,0.96816,0.9686,2.50,2.40
2010.12.10 08:03:10.858,0.96816,0.9686,2.50,2.30
2010.12.10 08:03:11.642,0.96816,0.9686,2.50,2.40
2010.12.10 08:03:13.727,0.96814,0.9686,2.50,2.60
2010.12.10 08:03:13.851,0.96814,0.9686,2.50,2.40
2010.12.10 08:03:14.181,0.96814,0.9686,2.50,2.60
2010.12.10 08:03:14.291,0.96814,0.9686,2.30,6.20
2010.12.10 08:03:14.915,0.96808,0.96854,2.30,2.40
2010.12.10 08:03:15.934,0.96808,0.96852,2.30,2.40
2010.12.10 08:03:16.656,0.96809,0.96853,2.30,2.40
2010.12.10 08:03:16.769,0.96809,0.96853,2.30,2.40
2010.12.10 08:03:17.904,0.96813,0.96857,2.30,2.30
2010.12.10 08:03:21.739,0.96813,0.96859,2.30,2.50
2010.12.10 08:03:23.279,0.96816,0.96862,2.30,2.60
2010.12.10 08:03:23.390,0.96816,0.96862,2.40,2.30
2010.12.10 08:03:23.937,0.96819,0.96863,2.30,2.30
2010.12.10 08:03:26.020,0.96823,0.96865,2.50,2.30
2010.12.10 08:03:26.129,0.96823,0.96869,2.50,4.10
2010.12.10 08:03:26.350,0.9682,0.96863,1.50,2.30
2010.12.10 08:03:28.840,0.96818,0.96862,2.50,2.30
2010.12.10 08:03:29.534,0.96817,0.96861,2.30,2.30
2010.12.10 08:03:29.980,0.96815,0.96861,2.30,2.30
2010.12.10 08:03:31.985,0.96815,0.96861,2.30,2.50
2010.12.10 08:03:32.099,0.96816,0.96862,2.50,2.30
2010.12.10 08:03:32.826,0.96816,0.96862,2.30,2.50
2010.12.10 08:03:32.960,0.96816,0.96862,2.50,2.30
2010.12.10 08:03:33.302,0.96816,0.96862,2.30,2.50
2010.12.10 08:03:33.522,0.96815,0.96861,2.50,2.30
2010.12.10 08:03:34.209,0.96817,0.96862,2.50,4.50
2010.12.10 08:03:34.349,0.96825,0.96869,2.30,4.10
2010.12.10 08:03:34.980,0.96824,0.96868,2.30,2.60
2010.12.10 08:03:35.679,0.96823,0.96867,2.30,2.50
2010.12.10 08:03:36.152,0.96824,0.9687,3.20,2.30
2010.12.10 08:03:36.872,0.96827,0.96871,2.30,3.20
2010.12.10 08:03:36.984,0.96823,0.96869,3.30,2.30
2010.12.10 08:03:37.099,0.96827,0.96872,2.30,4.70
2010.12.10 08:03:37.209,0.96827,0.96872,2.50,4.50
2010.12.10 08:03:39.230,0.96827,0.96872,2.30,4.70
2010.12.10 08:03:39.341,0.96828,0.96872,2.30,2.30
2010.12.10 08:03:39.731,0.96828,0.96868,2.30,1.50
2010.12.10 08:03:39.841,0.96826,0.96867,2.30,2.30
2010.12.10 08:03:39.950,0.96823,0.96867,2.30,2.30
2010.12.10 08:03:40.521,0.96824,0.96868,2.30,3.90
2010.12.10 08:03:40.740,0.96824,0.96868,2.30,4.00
2010.12.10 08:03:40.849,0.96824,0.96868,2.30,3.80
2010.12.10 08:03:41.200,0.96824,0.96868,2.30,4.70
2010.12.10 08:03:41.309,0.96824,0.96868,2.30,3.80
2010.12.10 08:03:41.908,0.96824,0.96868,2.30,4.70
2010.12.10 08:03:42.056,0.96823,0.96866,2.30,2.30
2010.12.10 08:03:42.169,0.96823,0.96868,2.30,1.10
2010.12.10 08:03:42.389,0.96818,0.96862,2.30,3.20
2010.12.10 08:03:42.499,0.96818,0.96862,2.50,2.50
2010.12.10 08:03:43.695,0.96818,0.96864,2.30,3.20
2010.12.10 08:03:43.811,0.96817,0.96863,2.50,2.30
2010.12.10 08:03:44.521,0.96817,0.96863,2.50,2.30
2010.12.10 08:03:45.289,0.9682,0.96864,2.30,2.30
2010.12.10 08:03:46.821,0.96818,0.96864,5.50,2.30
2010.12.10 08:03:46.930,0.96823,0.96869,2.50,2.40
2010.12.10 08:03:47.482,0.96825,0.96871,2.50,2.30
2010.12.10 08:03:47.590,0.9682,0.96864,4.00,2.30
2010.12.10 08:03:47.920,0.96816,0.9686,2.40,2.30
2010.12.10 08:03:48.747,0.96819,0.96863,2.30,2.30
2010.12.10 08:03:48.861,0.96819,0.96865,2.30,2.30
2010.12.10 08:03:49.089,0.96819,0.96863,2.30,2.30
2010.12.10 08:03:49.870,0.96818,0.96862,4.60,2.30
2010.12.10 08:03:51.205,0.96818,0.96862,2.40,4.50
2010.12.10 08:03:51.802,0.96818,0.96864,4.60,2.40
2010.12.10 08:03:52.180,0.9682,0.96864,2.30,2.40
2010.12.10 08:03:52.829,0.96819,0.96863,2.30,4.60
2010.12.10 08:03:53.528,0.96819,0.96863,2.30,4.70
2010.12.10 08:03:53.692,0.96819,0.96863,2.30,4.60
2010.12.10 08:03:54.686,0.96811,0.96857,2.50,2.30
2010.12.10 08:03:54.799,0.96811,0.96857,2.30,2.30
2010.12.10 08:03:54.910,0.96811,0.96857,2.30,2.50
2010.12.10 08:03:55.130,0.96808,0.96854,2.40,2.30
2010.12.10 08:03:55.350,0.96804,0.96849,2.30,3.80
2010.12.10 08:03:57.579,0.9681,0.96849,2.30,1.50
2010.12.10 08:03:57.802,0.9681,0.96854,2.30,2.40
2010.12.10 08:03:58.161,0.9681,0.96854,2.30,2.60
2010.12.10 08:03:59.010,0.96809,0.96852,2.30,2.30
2010.12.10 08:04:01.036,0.96809,0.96853,2.30,2.30
2010.12.10 08:04:03.202,0.96814,0.96859,2.30,1.80
2010.12.10 08:04:03.814,0.96816,0.96859,2.30,1.80
2010.12.10 08:04:03.939,0.96816,0.9686,2.50,2.30
2010.12.10 08:04:04.053,0.96818,0.96863,2.30,2.30
2010.12.10 08:04:04.742,0.96818,0.96863,2.30,2.40
2010.12.10 08:04:04.961,0.96816,0.9686,2.50,2.30
2010.12.10 08:04:06.742,0.96816,0.9686,2.50,2.40
2010.12.10 08:04:06.959,0.96816,0.9686,2.50,2.30
2010.12.10 08:04:07.764,0.96818,0.96862,2.30,4.60
2010.12.10 08:04:08.310,0.96816,0.96858,2.30,2.40
2010.12.10 08:04:08.804,0.96812,0.96858,2.30,2.40
2010.12.10 08:04:08.957,0.96808,0.96851,2.30,2.30
2010.12.10 08:04:10.262,0.96804,0.96847,2.50,2.30
2010.12.10 08:04:10.479,0.96807,0.96852,2.30,4.50
2010.12.10 08:04:10.810,0.96807,0.96852,2.30,4.70
2010.12.10 08:04:11.458,0.96805,0.96848,2.30,2.40
2010.12.10 08:04:11.802,0.96805,0.9684,2.30,1.50
2010.12.10 08:04:11.910,0.968,0.9684,1.50,1.50
2010.12.10 08:04:12.970,0.968,0.9684,4.00,1.50
2010.12.10 08:04:13.080,0.968,0.96845,4.00,2.30
2010.12.10 08:04:14.354,0.968,0.96845,4.00,2.40
2010.12.10 08:04:15.492,0.968,0.96845,3.80,2.60
2010.12.10 08:04:16.171,0.968,0.96845,2.50,2.40
2010.12.10 08:04:19.042,0.968,0.96845,2.30,2.30
2010.12.10 08:04:19.149,0.968,0.96845,2.30,2.40
2010.12.10 08:04:19.371,0.96795,0.9684,2.50,2.30
2010.12.10 08:04:19.480,0.96795,0.9684,2.50,2.40
2010.12.10 08:04:20.201,0.96795,0.9684,2.50,2.30
2010.12.10 08:04:20.781,0.96795,0.9684,2.30,2.50
2010.12.10 08:04:20.891,0.96792,0.96835,2.30,2.30
2010.12.10 08:04:21.671,0.96788,0.96831,2.40,2.30
2010.12.10 08:04:22.357,0.96792,0.96833,2.30,2.30
2010.12.10 08:04:22.502,0.96783,0.96828,2.30,2.30
2010.12.10 08:04:24.866,0.96784,0.96822,2.30,2.30
2010.12.10 08:04:24.984,0.96784,0.96827,2.30,2.30
2010.12.10 08:04:25.104,0.96783,0.96823,2.30,2.30
2010.12.10 08:04:25.886,0.96783,0.96826,2.30,2.30
2010.12.10 08:04:26.016,0.96784,0.96828,2.30,1.10
2010.12.10 08:04:26.130,0.96771,0.96809,1.50,1.50
2010.12.10 08:04:26.969,0.96767,0.96807,2.30,2.30
2010.12.10 08:04:27.082,0.96773,0.96817,2.30,2.30
2010.12.10 08:04:27.712,0.96768,0.96812,2.40,2.30
2010.12.10 08:04:29.074,0.96769,0.96812,2.30,2.30
2010.12.10 08:04:29.983,0.96766,0.96812,2.60,4.50
2010.12.10 08:04:30.520,0.96767,0.96813,2.30,2.30
2010.12.10 08:04:31.572,0.96771,0.96815,2.30,2.30
2010.12.10 08:04:32.381,0.96771,0.96815,2.30,2.40
2010.12.10 08:04:33.112,0.96768,0.96813,2.30,2.40
2010.12.10 08:04:34.345,0.96765,0.96811,2.50,2.40
2010.12.10 08:04:34.943,0.96765,0.96811,2.30,2.60
2010.12.10 08:04:35.159,0.96762,0.96805,1.70,2.30
2010.12.10 08:04:36.104,0.96762,0.96805,1.70,2.40
2010.12.10 08:04:37.577,0.96762,0.96805,1.80,2.30
2010.12.10 08:04:38.242,0.96762,0.96806,4.00,2.30
2010.12.10 08:04:39.691,0.96762,0.96808,4.00,2.60
2010.12.10 08:04:41.983,0.96765,0.96811,2.30,2.60
2010.12.10 08:04:42.092,0.96761,0.96806,1.70,2.30
2010.12.10 08:04:43.044,0.96761,0.96806,1.70,2.40
2010.12.10 08:04:43.160,0.96761,0.96806,1.70,2.30
2010.12.10 08:04:43.383,0.96761,0.96806,1.70,2.40
2010.12.10 08:04:44.001,0.96768,0.96812,2.30,2.80
2010.12.10 08:04:44.127,0.96767,0.9681,2.30,2.30
2010.12.10 08:04:44.241,0.96767,0.9681,2.30,2.40
2010.12.10 08:04:45.015,0.96764,0.96809,2.30,1.70
2010.12.10 08:04:45.439,0.96764,0.96809,2.30,1.60
2010.12.10 08:04:46.392,0.96763,0.96809,2.50,4.10
2010.12.10 08:04:46.738,0.96763,0.96809,2.50,9.80
2010.12.10 08:04:48.368,0.96763,0.96807,2.50,2.80
2010.12.10 08:04:48.480,0.96762,0.96803,1.50,2.60
2010.12.10 08:04:48.809,0.96761,0.96801,2.50,1.50
2010.12.10 08:04:49.503,0.96763,0.96807,2.50,2.60
2010.12.10 08:04:49.612,0.96763,0.96807,2.50,2.80
2010.12.10 08:04:50.059,0.96763,0.96807,2.50,2.50
2010.12.10 08:04:50.670,0.96764,0.9681,3.20,2.30
2010.12.10 08:04:51.591,0.96765,0.96811,3.20,2.30
2010.12.10 08:04:53.290,0.96743,0.96786,3.20,2.30
2010.12.10 08:04:53.510,0.96744,0.96788,2.50,2.30
2010.12.10 08:04:54.106,0.96747,0.9679,4.70,2.30
2010.12.10 08:04:54.225,0.96747,0.96789,2.30,3.20
2010.12.10 08:04:54.450,0.96741,0.96782,2.30,2.50
2010.12.10 08:04:55.027,0.9674,0.96785,2.30,2.50
2010.12.10 08:04:55.470,0.9674,0.96783,2.30,2.30
2010.12.10 08:04:56.690,0.96743,0.96786,2.30,2.50
2010.12.10 08:04:56.913,0.96743,0.96786,2.30,2.30
2010.12.10 08:04:57.405,0.96743,0.96786,2.50,2.30
2010.12.10 08:04:57.546,0.96745,0.9679,4.70,2.30
2010.12.10 08:04:57.659,0.96749,0.96792,2.30,2.40
2010.12.10 08:04:57.881,0.96744,0.96789,2.30,2.40
2010.12.10 08:04:58.220,0.96742,0.96787,2.50,2.30
2010.12.10 08:04:58.799,0.96743,0.96788,2.30,2.40
2010.12.10 08:04:59.839,0.96744,0.96788,2.30,2.30
2010.12.10 08:05:00.863,0.96743,0.96786,2.50,2.40
2010.12.10 08:05:01.080,0.96743,0.96786,2.50,2.30
2010.12.10 08:05:01.190,0.96743,0.96786,2.30,2.60
2010.12.10 08:05:02.175,0.96733,0.96772,2.60,2.30
2010.12.10 08:05:02.289,0.96733,0.96776,2.60,2.30
2010.12.10 08:05:02.399,0.96733,0.96778,2.60,2.30
2010.12.10 08:05:02.730,0.96732,0.96777,4.10,2.30
2010.12.10 08:05:03.690,0.96733,0.96773,2.30,4.70
2010.12.10 08:05:04.022,0.96731,0.96771,1.70,1.50
2010.12.10 08:05:04.540,0.96731,0.96771,1.50,1.70
2010.12.10 08:05:04.652,0.96724,0.96769,2.50,2.30
2010.12.10 08:05:06.514,0.96724,0.96769,2.60,2.30
2010.12.10 08:05:07.383,0.96724,0.96769,2.50,2.40
2010.12.10 08:05:08.139,0.96724,0.96769,2.60,2.30
2010.12.10 08:05:09.173,0.96724,0.96769,2.50,2.30
2010.12.10 08:05:09.390,0.96724,0.96769,3.20,2.30
2010.12.10 08:05:10.103,0.96725,0.96768,2.50,2.30
2010.12.10 08:05:11.213,0.96724,0.96767,2.50,2.30
2010.12.10 08:05:11.844,0.96722,0.96766,4.10,2.30
2010.12.10 08:05:11.962,0.96725,0.96768,2.50,2.30
2010.12.10 08:05:13.057,0.96722,0.96762,1.50,1.50
2010.12.10 08:05:14.073,0.96722,0.96762,1.80,1.50
2010.12.10 08:05:14.211,0.96723,0.96761,1.70,1.50
2010.12.10 08:05:15.942,0.96723,0.9676,1.50,2.30
2010.12.10 08:05:18.181,0.96721,0.9676,1.70,2.30
2010.12.10 08:05:18.619,0.96722,0.96762,1.50,3.80
2010.12.10 08:05:21.893,0.96722,0.96761,1.50,2.40
2010.12.10 08:05:23.295,0.96712,0.96752,1.50,3.80
2010.12.10 08:05:23.841,0.96703,0.96749,4.00,2.50
2010.12.10 08:05:24.470,0.96703,0.96737,1.70,2.30
2010.12.10 08:05:25.664,0.96703,0.96738,1.90,2.30
2010.12.10 08:05:27.189,0.96703,0.96738,2.00,2.30
2010.12.10 08:05:27.952,0.96703,0.96743,1.90,2.30
2010.12.10 08:05:28.919,0.96707,0.96744,2.50,2.30
2010.12.10 08:05:29.035,0.96713,0.96746,2.60,2.30
2010.12.10 08:05:29.150,0.96717,0.96754,1.10,4.50
2010.12.10 08:05:29.813,0.96713,0.96753,2.60,2.30
2010.12.10 08:05:30.251,0.96717,0.96761,3.40,2.30
2010.12.10 08:05:30.690,0.96718,0.96762,2.30,4.90
2010.12.10 08:05:31.297,0.96714,0.9676,2.30,3.20
2010.12.10 08:05:31.929,0.96714,0.9676,2.50,2.50
2010.12.10 08:05:32.040,0.96716,0.9676,2.50,2.40
2010.12.10 08:05:32.622,0.96717,0.96761,2.30,2.60
2010.12.10 08:05:33.679,0.96715,0.96757,2.30,1.10
2010.12.10 08:05:34.393,0.96708,0.96753,2.50,2.40
2010.12.10 08:05:34.610,0.9671,0.96754,2.50,2.40
2010.12.10 08:05:34.721,0.9671,0.96752,2.30,3.30
2010.12.10 08:05:35.305,0.967,0.96743,2.30,4.70
2010.12.10 08:05:35.420,0.967,0.96741,2.30,1.50
2010.12.10 08:05:35.530,0.96698,0.96741,2.30,3.80
2010.12.10 08:05:36.196,0.96703,0.96742,1.10,4.50
2010.12.10 08:05:36.423,0.96707,0.96746,1.10,2.30
2010.12.10 08:05:37.160,0.96711,0.96753,2.30,2.50
2010.12.10 08:05:37.270,0.96709,0.96753,2.30,2.50
2010.12.10 08:05:37.940,0.96709,0.96755,2.30,2.30
2010.12.10 08:05:38.101,0.96713,0.96757,2.30,2.30
2010.12.10 08:05:38.570,0.96712,0.96756,2.30,2.30
2010.12.10 08:05:39.441,0.96713,0.96748,2.30,2.30
2010.12.10 08:05:39.554,0.96703,0.96747,2.60,2.30
2010.12.10 08:05:40.232,0.96703,0.96746,1.90,2.30
2010.12.10 08:05:40.824,0.96709,0.96742,1.70,2.30
2010.12.10 08:05:40.944,0.96713,0.96744,2.50,2.30
2010.12.10 08:05:41.587,0.96713,0.96755,2.50,2.30
2010.12.10 08:05:42.310,0.96713,0.96755,1.70,2.30
2010.12.10 08:05:42.900,0.96708,0.96753,2.60,2.30
2010.12.10 08:05:43.020,0.96708,0.96751,2.60,2.30
2010.12.10 08:05:43.491,0.96712,0.96752,1.70,2.30
2010.12.10 08:05:44.504,0.96707,0.96751,1.10,2.30
2010.12.10 08:05:45.160,0.96708,0.96755,2.60,2.30
2010.12.10 08:05:45.808,0.96708,0.96755,2.60,2.30
2010.12.10 08:05:46.862,0.96708,0.96755,3.30,2.30
2010.12.10 08:05:47.456,0.96722,0.96755,1.50,2.30
2010.12.10 08:05:47.680,0.96722,0.96761,2.50,2.30
2010.12.10 08:05:48.545,0.96737,0.96773,2.30,2.40
2010.12.10 08:05:48.769,0.96731,0.96773,2.30,2.40
2010.12.10 08:05:49.394,0.96729,0.96771,2.30,4.10
2010.12.10 08:05:50.596,0.96718,0.96761,2.30,1.80
2010.12.10 08:05:51.040,0.96718,0.96761,2.30,2.50
2010.12.10 08:05:51.615,0.96717,0.9676,2.30,2.50
2010.12.10 08:05:51.734,0.96718,0.9676,2.30,2.50
2010.12.10 08:05:52.180,0.96713,0.96758,2.30,1.10
2010.12.10 08:05:52.400,0.96714,0.96759,1.70,2.50
2010.12.10 08:05:52.979,0.96723,0.9676,2.50,2.30
2010.12.10 08:05:53.419,0.96727,0.96765,1.70,1.60
2010.12.10 08:05:53.530,0.96727,0.96765,1.50,1.80
2010.12.10 08:05:53.640,0.96722,0.96762,1.50,3.80
2010.12.10 08:05:54.209,0.96722,0.96761,1.50,2.30
2010.12.10 08:05:54.328,0.96732,0.96765,2.30,1.50
2010.12.10 08:05:54.553,0.96733,0.96771,1.50,4.10
2010.12.10 08:05:54.771,0.96728,0.96765,2.30,1.50
2010.12.10 08:05:55.552,0.96729,0.96771,2.30,2.60
2010.12.10 08:05:56.651,0.96726,0.9677,2.50,2.60
2010.12.10 08:05:56.760,0.96726,0.9677,2.50,6.00
2010.12.10 08:05:57.098,0.96725,0.96769,2.50,2.60
2010.12.10 08:06:00.731,0.96725,0.96771,2.50,5.00
2010.12.10 08:06:00.841,0.96725,0.96771,2.50,4.70
2010.12.10 08:06:01.761,0.96725,0.96771,2.50,11.60
2010.12.10 08:06:01.990,0.96725,0.96771,2.50,4.80
2010.12.10 08:06:03.950,0.96725,0.96771,2.50,11.60
2010.12.10 08:06:04.193,0.96725,0.96771,2.50,4.90
2010.12.10 08:06:05.288,0.96725,0.96771,2.50,4.90
2010.12.10 08:06:05.620,0.96725,0.96771,2.50,4.90
2010.12.10 08:06:07.200,0.96724,0.9677,2.50,6.20
2010.12.10 08:06:08.751,0.96723,0.96761,2.50,1.50
2010.12.10 08:06:09.352,0.96725,0.96764,3.20,1.70
2010.12.10 08:06:09.478,0.96736,0.96772,1.50,2.40
2010.12.10 08:06:09.592,0.96732,0.96772,1.70,3.90
2010.12.10 08:06:10.224,0.96733,0.96771,2.50,1.50
2010.12.10 08:06:10.560,0.96732,0.9677,4.70,1.50
2010.12.10 08:06:11.032,0.96742,0.96772,1.50,2.30
2010.12.10 08:06:11.219,0.96742,0.9678,1.70,1.90
2010.12.10 08:06:12.559,0.96742,0.9678,1.70,1.90
2010.12.10 08:06:15.781,0.96752,0.96783,2.50,2.60
2010.12.10 08:06:16.003,0.96754,0.96794,1.50,2.50
2010.12.10 08:06:16.600,0.96751,0.96789,2.50,1.50
2010.12.10 08:06:17.187,0.96758,0.96791,2.50,1.50
2010.12.10 08:06:18.280,0.96761,0.96801,1.70,4.10
2010.12.10 08:06:18.911,0.96754,0.96798,2.50,1.10
2010.12.10 08:06:19.672,0.96752,0.96796,2.50,2.50
2010.12.10 08:06:20.700,0.96752,0.96794,2.50,2.30
2010.12.10 08:06:21.454,0.96752,0.96794,2.50,2.40
2010.12.10 08:06:22.512,0.96752,0.96794,2.50,2.30
2010.12.10 08:06:23.509,0.96752,0.96792,2.50,2.30
2010.12.10 08:06:28.660,0.96762,0.96792,1.50,2.40
2010.12.10 08:06:29.248,0.96752,0.96793,2.50,2.30
2010.12.10 08:06:29.691,0.96752,0.96793,1.50,4.90
2010.12.10 08:06:29.805,0.96752,0.96792,2.50,2.30
2010.12.10 08:06:30.433,0.96753,0.9679,2.30,1.50
2010.12.10 08:06:30.573,0.96745,0.96788,2.50,2.50
2010.12.10 08:06:31.980,0.96742,0.96785,4.00,2.30
2010.12.10 08:06:32.420,0.96743,0.96786,2.50,2.30
2010.12.10 08:06:36.463,0.96742,0.96785,1.10,2.30
2010.12.10 08:06:37.152,0.96742,0.96787,4.00,2.30
2010.12.10 08:06:37.260,0.96742,0.96785,4.00,2.30
2010.12.10 08:06:37.590,0.96742,0.96786,1.70,2.30
2010.12.10 08:06:37.703,0.96744,0.96789,2.30,2.30
2010.12.10 08:06:38.288,0.96746,0.96789,3.20,2.30
2010.12.10 08:06:38.402,0.96749,0.96792,2.50,2.60
2010.12.10 08:06:39.741,0.9675,0.9679,2.50,1.50
2010.12.10 08:06:40.336,0.96749,0.96794,2.50,2.50
2010.12.10 08:06:40.562,0.96749,0.96794,2.60,2.50
2010.12.10 08:06:41.253,0.96744,0.96787,2.50,2.40
2010.12.10 08:06:41.470,0.96743,0.96784,2.50,2.30
2010.12.10 08:06:42.383,0.96746,0.96789,2.50,2.30
2010.12.10 08:06:43.206,0.96751,0.96794,2.50,2.30
2010.12.10 08:06:44.000,0.96751,0.96791,2.30,2.30
2010.12.10 08:06:44.139,0.96753,0.96792,2.30,2.30
2010.12.10 08:06:44.250,0.96751,0.96794,2.30,2.30
2010.12.10 08:06:44.361,0.96749,0.96794,2.50,2.30
2010.12.10 08:06:45.511,0.96745,0.9679,2.30,2.40
2010.12.10 08:06:46.674,0.96746,0.96789,2.30,2.60
2010.12.10 08:06:46.890,0.96746,0.96789,2.30,2.40
2010.12.10 08:06:47.110,0.96746,0.96789,2.30,2.40
2010.12.10 08:06:47.863,0.96745,0.9679,2.50,2.40
2010.12.10 08:06:48.822,0.96745,0.9679,2.50,2.30
2010.12.10 08:06:49.445,0.96745,0.9679,2.30,3.20
2010.12.10 08:06:50.241,0.96732,0.96775,2.50,2.30
2010.12.10 08:06:50.373,0.96733,0.96772,2.30,2.30
2010.12.10 08:06:52.282,0.96732,0.96772,1.70,2.30
2010.12.10 08:06:52.397,0.96732,0.96775,1.70,2.30
2010.12.10 08:06:52.911,0.96732,0.96775,1.50,2.30
2010.12.10 08:06:54.089,0.96732,0.96777,2.30,2.50
2010.12.10 08:06:54.201,0.96727,0.96772,2.30,2.30
2010.12.10 08:06:54.422,0.96727,0.9677,2.30,2.30
2010.12.10 08:06:55.083,0.96731,0.96776,2.30,2.40
2010.12.10 08:06:55.816,0.96731,0.96776,2.30,2.30
2010.12.10 08:06:56.305,0.96733,0.96776,2.30,2.30
2010.12.10 08:06:56.521,0.96733,0.96777,1.70,2.30
2010.12.10 08:06:56.632,0.96738,0.96777,2.50,2.30
2010.12.10 08:06:57.443,0.96752,0.96795,2.30,2.40
2010.12.10 08:06:57.681,0.9675,0.96795,2.30,2.40
2010.12.10 08:06:58.821,0.9675,0.96793,2.30,2.40
2010.12.10 08:06:58.931,0.9675,0.96793,2.30,2.40
2010.12.10 08:06:59.680,0.96745,0.9679,2.30,2.30
2010.12.10 08:07:00.125,0.9675,0.96795,2.50,2.60
2010.12.10 08:07:00.762,0.96755,0.96794,2.30,2.40
2010.12.10 08:07:01.574,0.96747,0.9679,3.20,2.30
2010.12.10 08:07:02.845,0.96745,0.9679,2.30,4.70
2010.12.10 08:07:02.960,0.96745,0.9679,2.30,2.60
2010.12.10 08:07:03.400,0.96744,0.96789,2.30,2.50
2010.12.10 08:07:03.511,0.96742,0.9678,1.70,1.50
2010.12.10 08:07:04.193,0.96741,0.96781,1.50,1.50
2010.12.10 08:07:04.739,0.96743,0.96781,1.50,1.50
2010.12.10 08:07:07.320,0.96742,0.96782,1.50,1.50
2010.12.10 08:07:09.053,0.96752,0.96789,1.50,2.60
2010.12.10 08:07:09.161,0.96745,0.96788,2.50,2.60
2010.12.10 08:07:09.798,0.96743,0.96786,4.00,2.30
2010.12.10 08:07:09.910,0.96744,0.96787,3.20,2.40
2010.12.10 08:07:10.242,0.96744,0.96787,3.20,2.40
2010.12.10 08:07:10.980,0.96752,0.9679,1.50,1.70
2010.12.10 08:07:11.093,0.96749,0.96791,3.00,1.80
2010.12.10 08:07:12.291,0.96744,0.96787,3.20,2.30
2010.12.10 08:07:13.190,0.96744,0.96789,3.20,2.60
2010.12.10 08:07:15.020,0.96744,0.96789,3.20,2.60
2010.12.10 08:07:15.129,0.96744,0.96789,3.20,2.60
2010.12.10 08:07:16.093,0.96748,0.96791,2.30,4.00
2010.12.10 08:07:16.200,0.96745,0.9679,2.50,2.50
2010.12.10 08:07:16.310,0.96748,0.96791,2.30,4.00
2010.12.10 08:07:18.021,0.96748,0.96791,2.30,4.10
2010.12.10 08:07:18.825,0.96761,0.96799,1.70,2.30
2010.12.10 08:07:19.051,0.96762,0.96803,4.70,2.40
2010.12.10 08:07:19.161,0.96762,0.96805,4.70,2.30
2010.12.10 08:07:19.891,0.96764,0.96809,2.50,2.60
2010.12.10 08:07:20.000,0.96764,0.96809,2.50,2.60
2010.12.10 08:07:20.738,0.96764,0.96809,2.50,2.60
2010.12.10 08:07:20.961,0.96764,0.96809,2.50,2.60
2010.12.10 08:07:23.435,0.96765,0.96808,2.50,2.60
2010.12.10 08:07:24.462,0.96765,0.96808,2.30,3.20
2010.12.10 08:07:25.153,0.96762,0.96799,1.50,2.50
2010.12.10 08:07:25.286,0.96756,0.96799,2.50,2.50
2010.12.10 08:07:25.401,0.96757,0.96801,2.30,2.50
2010.12.10 08:07:26.103,0.96757,0.96801,2.30,2.60
2010.12.10 08:07:27.137,0.96757,0.96801,2.30,2.50
2010.12.10 08:07:27.679,0.96757,0.96801,2.30,6.00
2010.12.10 08:07:28.004,0.96757,0.96801,2.30,2.60
2010.12.10 08:07:28.639,0.96758,0.96801,2.30,4.90
2010.12.10 08:07:28.970,0.96757,0.96801,2.30,6.20
2010.12.10 08:07:30.525,0.96758,0.96801,2.30,4.90
2010.12.10 08:07:30.982,0.96758,0.96801,2.50,4.10
2010.12.10 08:07:31.310,0.96762,0.96802,2.30,2.60
2010.12.10 08:07:31.947,0.96762,0.96802,2.30,3.40
2010.12.10 08:07:32.763,0.96752,0.96793,3.00,2.40
2010.12.10 08:07:33.815,0.96758,0.96801,3.00,2.40
2010.12.10 08:07:34.676,0.96758,0.96803,5.30,4.70
2010.12.10 08:07:35.464,0.96758,0.96801,3.00,2.30
2010.12.10 08:07:35.691,0.96752,0.96795,2.50,2.30
2010.12.10 08:07:36.391,0.9675,0.96793,2.30,2.30
2010.12.10 08:07:37.334,0.9675,0.96795,2.30,2.30
2010.12.10 08:07:37.464,0.9675,0.96792,2.30,2.40
2010.12.10 08:07:38.580,0.96749,0.96791,2.30,1.70
2010.12.10 08:07:39.352,0.96748,0.96791,2.30,4.00
2010.12.10 08:07:40.093,0.96744,0.96787,2.30,2.30
2010.12.10 08:07:40.421,0.96744,0.96787,2.50,2.40
2010.12.10 08:07:41.721,0.96743,0.96783,2.50,2.40
2010.12.10 08:07:41.830,0.96741,0.96783,2.50,2.40
2010.12.10 08:07:43.123,0.96738,0.96783,2.50,4.70
2010.12.10 08:07:43.278,0.96737,0.96773,2.30,2.40
2010.12.10 08:07:43.998,0.96733,0.96773,2.50,2.40
2010.12.10 08:07:44.116,0.96734,0.96777,2.30,2.40
2010.12.10 08:07:44.231,0.96738,0.96781,2.30,2.50
2010.12.10 08:07:44.786,0.96739,0.96781,2.30,2.50
2010.12.10 08:07:44.936,0.96732,0.96777,2.50,2.30
2010.12.10 08:07:45.050,0.96733,0.96777,2.50,2.30
2010.12.10 08:07:45.874,0.96742,0.96785,2.30,2.30
2010.12.10 08:07:45.980,0.96744,0.96787,2.30,5.50
2010.12.10 08:07:46.309,0.9674,0.96783,2.30,4.70
2010.12.10 08:07:46.792,0.9674,0.96783,2.30,4.70
2010.12.10 08:07:47.370,0.9674,0.96783,2.30,4.50
2010.12.10 08:07:47.591,0.96743,0.96788,2.30,2.40
2010.12.10 08:07:48.187,0.96745,0.96788,2.30,2.60
2010.12.10 08:07:48.301,0.96745,0.96788,2.30,2.40
2010.12.10 08:07:49.322,0.96746,0.96791,2.30,2.50
2010.12.10 08:07:49.430,0.96746,0.96791,2.30,2.60
2010.12.10 08:07:49.679,0.96746,0.96791,2.30,2.50
2010.12.10 08:07:51.496,0.9674,0.96783,2.50,2.30
2010.12.10 08:07:51.829,0.9674,0.96785,2.50,2.30
2010.12.10 08:07:52.703,0.9674,0.96785,2.30,2.40
2010.12.10 08:07:53.459,0.9674,0.96785,2.30,2.30
2010.12.10 08:07:53.902,0.9674,0.96785,2.30,2.40
2010.12.10 08:07:54.553,0.96744,0.96789,2.30,2.30
2010.12.10 08:07:55.710,0.96744,0.96789,2.30,2.40
2010.12.10 08:07:56.041,0.96744,0.96789,2.30,2.30
2010.12.10 08:07:57.088,0.96748,0.96793,2.30,4.50
2010.12.10 08:07:57.419,0.96748,0.96791,2.30,2.30
2010.12.10 08:07:57.973,0.96747,0.96792,2.30,4.50
2010.12.10 08:07:58.981,0.96747,0.96792,2.30,4.70
2010.12.10 08:07:59.200,0.96745,0.9679,2.30,2.50
2010.12.10 08:07:59.819,0.96745,0.9679,2.30,2.30
2010.12.10 08:07:59.931,0.96745,0.96788,2.30,2.30
2010.12.10 08:08:00.504,0.96743,0.96788,2.30,2.30
2010.12.10 08:08:02.663,0.9674,0.96783,2.50,2.30
2010.12.10 08:08:02.781,0.96736,0.96779,2.30,2.30
2010.12.10 08:08:03.000,0.96739,0.96782,2.30,2.30
2010.12.10 08:08:03.429,0.96736,0.96781,2.30,2.50
2010.12.10 08:08:04.495,0.96734,0.96779,2.30,2.60
2010.12.10 08:08:04.971,0.96732,0.96777,4.50,2.40
2010.12.10 08:08:05.080,0.96736,0.96777,2.30,2.30
2010.12.10 08:08:05.190,0.96736,0.96781,2.30,2.30
2010.12.10 08:08:05.988,0.96737,0.9678,2.30,2.50
2010.12.10 08:08:06.103,0.96732,0.96777,3.80,2.50
2010.12.10 08:08:06.706,0.96732,0.96777,3.80,2.50
2010.12.10 08:08:06.839,0.96739,0.96784,2.30,2.30
2010.12.10 08:08:07.710,0.96739,0.96783,2.30,2.30
2010.12.10 08:08:07.856,0.96739,0.96771,2.30,1.50
2010.12.10 08:08:08.765,0.96725,0.96771,2.30,3.80
2010.12.10 08:08:09.210,0.96725,0.96769,2.30,2.30
2010.12.10 08:08:09.937,0.96721,0.96761,1.50,1.70
2010.12.10 08:08:11.570,0.96719,0.9676,2.30,1.70
2010.12.10 08:08:11.681,0.96718,0.9676,2.30,1.50
2010.12.10 08:08:12.276,0.96733,0.96772,2.50,2.30
2010.12.10 08:08:12.611,0.9673,0.96775,2.30,2.40
2010.12.10 08:08:13.125,0.96727,0.96772,2.50,2.40
2010.12.10 08:08:13.290,0.96714,0.96756,2.30,2.50
2010.12.10 08:08:13.401,0.96711,0.96755,2.30,2.30
2010.12.10 08:08:14.307,0.96709,0.9675,2.30,2.30
2010.12.10 08:08:14.430,0.96706,0.9675,2.30,2.30
2010.12.10 08:08:16.570,0.96707,0.9675,3.20,2.30
2010.12.10 08:08:16.791,0.96715,0.96761,2.50,3.80
2010.12.10 08:08:17.342,0.96722,0.96761,2.50,1.50
2010.12.10 08:08:17.463,0.96724,0.96769,2.30,2.30
2010.12.10 08:08:19.140,0.96724,0.96769,2.50,2.40
2010.12.10 08:08:19.288,0.96732,0.96773,2.30,2.40
2010.12.10 08:08:19.514,0.96732,0.96773,2.30,2.60
2010.12.10 08:08:20.115,0.96732,0.96763,2.30,2.40
2010.12.10 08:08:20.242,0.96724,0.96769,2.30,2.60
2010.12.10 08:08:20.355,0.96722,0.96766,2.50,2.30
2010.12.10 08:08:21.359,0.96722,0.96768,2.50,2.40
2010.12.10 08:08:21.711,0.96722,0.96768,2.50,2.40
2010.12.10 08:08:22.354,0.96723,0.96768,2.30,2.40
2010.12.10 08:08:22.693,0.96725,0.96768,2.30,2.40
2010.12.10 08:08:22.913,0.96707,0.96752,2.40,4.00
2010.12.10 08:08:23.022,0.96715,0.96752,2.30,2.30
2010.12.10 08:08:23.613,0.96718,0.96762,2.30,4.80
2010.12.10 08:08:24.279,0.96718,0.96762,2.30,4.90
2010.12.10 08:08:25.535,0.96718,0.96762,2.30,4.70
2010.12.10 08:08:25.652,0.96716,0.96762,2.30,4.90
2010.12.10 08:08:25.979,0.96718,0.96762,2.30,4.90
2010.12.10 08:08:27.050,0.96716,0.96762,2.30,4.80
2010.12.10 08:08:28.623,0.96717,0.96761,2.30,2.50
2010.12.10 08:08:28.730,0.96715,0.96761,2.30,2.50
2010.12.10 08:08:28.950,0.96716,0.96762,2.30,5.60
2010.12.10 08:08:29.060,0.96711,0.96753,2.30,2.30
2010.12.10 08:08:29.861,0.96714,0.96758,2.30,4.50
2010.12.10 08:08:29.970,0.96717,0.9676,2.30,1.70
2010.12.10 08:08:30.659,0.96718,0.96762,2.30,2.40
2010.12.10 08:08:32.249,0.96719,0.96762,2.30,2.40
2010.12.10 08:08:32.770,0.96719,0.96762,2.30,2.40
2010.12.10 08:08:33.051,0.96721,0.96762,2.30,2.40
2010.12.10 08:08:34.030,0.96723,0.96762,2.30,2.30
2010.12.10 08:08:35.071,0.96729,0.96762,2.30,2.30
2010.12.10 08:08:35.539,0.96729,0.96772,2.30,2.30
2010.12.10 08:08:35.655,0.96732,0.96773,2.30,2.60
2010.12.10 08:08:36.100,0.9673,0.96773,2.30,2.40
2010.12.10 08:08:37.208,0.9673,0.96773,4.50,2.40
2010.12.10 08:08:37.327,0.96732,0.96773,2.30,3.40
2010.12.10 08:08:37.661,0.96727,0.96762,2.30,2.30
2010.12.10 08:08:38.526,0.96735,0.9678,3.20,3.90
2010.12.10 08:08:38.640,0.96735,0.9678,3.20,3.80
2010.12.10 08:08:38.861,0.96739,0.96783,2.50,2.30
2010.12.10 08:08:39.491,0.96743,0.96783,2.30,2.40
2010.12.10 08:08:41.344,0.96741,0.96783,2.30,2.60
2010.12.10 08:08:41.671,0.9674,0.96783,2.30,2.60
2010.12.10 08:08:42.315,0.9674,0.96783,2.30,2.30
2010.12.10 08:08:43.573,0.9674,0.96783,2.30,2.40
2010.12.10 08:08:44.658,0.96741,0.96783,2.30,2.40
2010.12.10 08:08:44.912,0.96739,0.96783,3.00,2.40
2010.12.10 08:08:45.775,0.96739,0.96783,3.00,5.90
2010.12.10 08:08:45.987,0.96739,0.96783,3.00,2.40
2010.12.10 08:08:46.115,0.96739,0.96784,3.20,2.40
2010.12.10 08:08:46.924,0.96743,0.96786,2.30,6.00
2010.12.10 08:08:47.030,0.9674,0.96783,2.30,2.40
2010.12.10 08:08:47.931,0.9674,0.96783,2.30,2.50
2010.12.10 08:08:48.546,0.9674,0.96783,2.30,4.80
2010.12.10 08:08:48.886,0.96744,0.96783,2.30,2.60
2010.12.10 08:08:49.003,0.9674,0.96783,2.30,2.60
2010.12.10 08:08:49.573,0.96745,0.96783,2.30,2.60
2010.12.10 08:08:49.714,0.96741,0.96783,2.30,2.60
2010.12.10 08:08:50.001,0.96741,0.96783,2.30,5.90
2010.12.10 08:08:50.117,0.96741,0.96783,2.30,2.40
2010.12.10 08:08:50.340,0.96741,0.96781,2.30,2.00
2010.12.10 08:08:50.976,0.96742,0.96771,2.30,1.70
2010.12.10 08:08:51.095,0.96737,0.96771,2.30,1.70
2010.12.10 08:08:51.432,0.96736,0.96771,2.30,1.90
2010.12.10 08:08:52.104,0.96738,0.96771,2.30,1.90
2010.12.10 08:08:52.215,0.96735,0.96771,2.30,2.60
2010.12.10 08:08:53.531,0.96735,0.96771,2.30,6.00
2010.12.10 08:08:53.642,0.96733,0.96771,2.30,6.00
2010.12.10 08:08:54.220,0.96739,0.96772,2.30,2.30
2010.12.10 08:08:54.718,0.96739,0.96772,2.30,2.40
2010.12.10 08:08:54.939,0.96739,0.96772,2.30,2.40
2010.12.10 08:08:55.881,0.96735,0.96771,2.30,1.70
2010.12.10 08:08:56.906,0.96735,0.96771,2.30,1.80
2010.12.10 08:08:57.542,0.96735,0.96771,2.30,1.50
2010.12.10 08:08:58.134,0.9674,0.96777,2.30,1.10
2010.12.10 08:08:59.173,0.96739,0.9677,2.30,2.50
2010.12.10 08:08:59.281,0.96731,0.96762,2.30,2.30
2010.12.10 08:08:59.390,0.96731,0.96771,2.30,2.50
2010.12.10 08:08:59.500,0.96734,0.96771,2.30,4.70
2010.12.10 08:08:59.610,0.96727,0.96771,2.30,4.70
2010.12.10 08:09:00.594,0.96721,0.96761,2.30,1.70
2010.12.10 08:09:00.704,0.96721,0.96761,2.30,1.50
2010.12.10 08:09:01.410,0.96721,0.96761,2.30,1.70
2010.12.10 08:09:01.854,0.96719,0.96761,2.30,1.70
2010.12.10 08:09:03.091,0.96715,0.96754,2.30,1.50
2010.12.10 08:09:03.870,0.96715,0.96754,2.30,1.50
2010.12.10 08:09:05.072,0.96713,0.96752,2.30,2.50
2010.12.10 08:09:05.181,0.96709,0.96752,2.30,2.50
2010.12.10 08:09:05.963,0.96709,0.96752,2.30,2.50
2010.12.10 08:09:07.649,0.96708,0.96752,2.30,2.50
2010.12.10 08:09:09.461,0.96709,0.96752,2.30,4.80
2010.12.10 08:09:09.573,0.96709,0.96752,2.30,4.10
2010.12.10 08:09:11.111,0.96709,0.9675,2.30,1.10
2010.12.10 08:09:11.331,0.96709,0.96747,2.30,1.10
2010.12.10 08:09:11.601,0.96709,0.96752,2.50,1.90
2010.12.10 08:09:12.190,0.96713,0.96757,2.30,1.10
2010.12.10 08:09:12.300,0.96713,0.96752,2.30,1.10
2010.12.10 08:09:12.629,0.96711,0.96752,2.30,1.10
2010.12.10 08:09:12.874,0.96711,0.96755,2.30,1.10
2010.12.10 08:09:13.573,0.96711,0.96757,2.30,2.60
2010.12.10 08:09:13.736,0.9671,0.96756,2.30,2.50
2010.12.10 08:09:13.850,0.9671,0.96752,2.30,2.30
2010.12.10 08:09:14.640,0.9671,0.96756,2.30,2.60
2010.12.10 08:09:16.226,0.9671,0.96756,2.30,3.20
2010.12.10 08:09:16.348,0.9671,0.96756,2.30,2.50
2010.12.10 08:09:16.570,0.9671,0.96756,2.30,3.20
2010.12.10 08:09:18.126,0.96713,0.96756,1.50,3.20
2010.12.10 08:09:18.245,0.96713,0.96756,1.50,2.30
2010.12.10 08:09:18.845,0.96713,0.96758,1.70,2.50
2010.12.10 08:09:18.983,0.96714,0.9676,2.30,4.10
2010.12.10 08:09:19.201,0.96714,0.9676,2.30,4.00
2010.12.10 08:09:19.423,0.96714,0.9676,4.50,4.10
2010.12.10 08:09:20.024,0.96715,0.96759,2.30,2.50
2010.12.10 08:09:20.241,0.96714,0.96757,2.30,1.10
2010.12.10 08:09:20.767,0.96714,0.96751,2.30,2.50
2010.12.10 08:09:20.892,0.96713,0.96751,3.80,1.50
2010.12.10 08:09:21.001,0.96711,0.96748,2.30,1.50
2010.12.10 08:09:23.380,0.96708,0.96746,2.40,1.70
2010.12.10 08:09:23.512,0.9671,0.96751,2.30,2.50
2010.12.10 08:09:25.320,0.9671,0.96742,2.30,1.50
2010.12.10 08:09:25.454,0.96709,0.96753,2.60,2.50
2010.12.10 08:09:26.120,0.96711,0.96755,2.50,2.50
2010.12.10 08:09:26.868,0.96711,0.96755,2.30,2.30
2010.12.10 08:09:29.191,0.96709,0.96755,2.30,2.30
2010.12.10 08:09:30.293,0.96712,0.96752,1.70,1.50
2010.12.10 08:09:31.126,0.96714,0.96758,2.50,2.30
2010.12.10 08:09:31.886,0.96714,0.96758,2.50,2.30
2010.12.10 08:09:32.593,0.96714,0.96758,2.50,2.60
2010.12.10 08:09:33.218,0.96714,0.96758,2.50,2.30
2010.12.10 08:09:34.252,0.96714,0.96758,2.50,2.30
2010.12.10 08:09:34.671,0.96714,0.96758,2.50,2.40
2010.12.10 08:09:35.434,0.96714,0.96758,2.50,2.60
2010.12.10 08:09:35.759,0.96714,0.96758,2.50,2.40
2010.12.10 08:09:36.464,0.96711,0.96753,2.50,2.30
2010.12.10 08:09:38.376,0.96711,0.96757,2.50,2.60
2010.12.10 08:09:38.601,0.96712,0.96756,2.30,2.50
2010.12.10 08:09:40.513,0.96712,0.96756,2.40,2.50
2010.12.10 08:09:45.710,0.96712,0.96756,2.40,2.50
2010.12.10 08:09:46.302,0.96712,0.96756,2.60,2.30
2010.12.10 08:09:46.415,0.96717,0.96759,2.30,2.30
2010.12.10 08:09:47.319,0.96719,0.96761,2.30,2.50
2010.12.10 08:09:47.651,0.96722,0.96766,2.30,2.60
2010.12.10 08:09:48.318,0.96721,0.96761,2.30,1.70
2010.12.10 08:09:48.542,0.96723,0.96767,4.70,2.60
2010.12.10 08:09:49.201,0.96728,0.96771,2.30,4.00
2010.12.10 08:09:49.533,0.96728,0.96771,2.30,4.70
2010.12.10 08:09:50.156,0.96723,0.96769,3.20,2.30
2010.12.10 08:09:50.270,0.96728,0.96771,2.50,2.30
2010.12.10 08:09:51.237,0.96725,0.96771,2.30,3.90
2010.12.10 08:09:51.993,0.96725,0.96771,2.30,3.90
2010.12.10 08:09:56.736,0.96726,0.9677,3.20,2.30
2010.12.10 08:09:57.804,0.96728,0.96771,5.50,2.30
2010.12.10 08:09:57.921,0.96732,0.96774,1.70,2.40
2010.12.10 08:10:01.273,0.96732,0.96774,1.70,2.40
2010.12.10 08:10:02.521,0.96732,0.96775,1.70,2.40
2010.12.10 08:10:03.551,0.96736,0.96776,1.50,2.40
2010.12.10 08:10:04.205,0.96731,0.96771,2.50,1.50
2010.12.10 08:10:04.333,0.96733,0.96774,1.70,2.40
2010.12.10 08:10:05.390,0.96741,0.96774,1.70,2.30
2010.12.10 08:10:06.126,0.96754,0.96787,2.30,1.10
2010.12.10 08:10:06.245,0.96755,0.96801,3.20,4.20
2010.12.10 08:10:06.361,0.96762,0.96802,2.30,2.80
2010.12.10 08:10:07.038,0.96759,0.968,2.30,2.60
2010.12.10 08:10:07.886,0.96759,0.968,2.50,1.70
2010.12.10 08:10:08.014,0.96759,0.968,2.50,1.70
2010.12.10 08:10:08.775,0.96754,0.96793,2.30,3.20
2010.12.10 08:10:09.001,0.96745,0.96788,5.50,2.30
2010.12.10 08:10:09.110,0.96748,0.96791,5.50,2.30
2010.12.10 08:10:09.680,0.9675,0.96791,2.50,2.30
2010.12.10 08:10:09.900,0.96751,0.96796,3.20,2.30
2010.12.10 08:10:10.012,0.96751,0.96794,2.50,2.30
2010.12.10 08:10:10.816,0.96755,0.96798,2.30,2.40
2010.12.10 08:10:12.060,0.96754,0.96794,2.30,2.30
2010.12.10 08:10:12.174,0.96749,0.96792,2.30,2.30
2010.12.10 08:10:12.281,0.96749,0.9679,2.30,2.30
2010.12.10 08:10:12.392,0.96743,0.96788,2.30,2.30
2010.12.10 08:10:12.994,0.96744,0.96787,2.30,2.30
2010.12.10 08:10:14.200,0.96744,0.96789,2.30,2.30
2010.12.10 08:10:15.300,0.96752,0.96795,2.50,2.40
2010.12.10 08:10:15.525,0.9675,0.96795,2.50,2.30
2010.12.10 08:10:16.353,0.96752,0.96797,2.50,2.30
2010.12.10 08:10:16.471,0.96752,0.96795,2.50,2.30
2010.12.10 08:10:17.380,0.96753,0.96796,2.30,2.30
2010.12.10 08:10:18.999,0.96748,0.96791,4.50,2.30
2010.12.10 08:10:19.330,0.96748,0.96792,2.30,2.30
2010.12.10 08:10:20.074,0.96747,0.96792,2.50,2.30
2010.12.10 08:10:20.510,0.96747,0.96792,2.50,2.40
2010.12.10 08:10:21.250,0.96746,0.96791,2.50,2.40
2010.12.10 08:10:24.929,0.96746,0.96789,2.50,2.30
2010.12.10 08:10:25.041,0.96748,0.96789,3.20,2.30
2010.12.10 08:10:25.150,0.96761,0.968,1.50,2.60
2010.12.10 08:10:26.337,0.96761,0.96804,4.70,6.10
2010.12.10 08:10:26.791,0.96758,0.968,2.50,2.60
2010.12.10 08:10:27.292,0.96755,0.968,3.20,2.40
2010.12.10 08:10:29.007,0.96756,0.96799,2.50,2.40
2010.12.10 08:10:29.995,0.96756,0.96799,2.50,2.30
2010.12.10 08:10:30.143,0.96756,0.96801,2.50,4.50
2010.12.10 08:10:30.687,0.96757,0.96801,2.30,2.50
2010.12.10 08:10:30.828,0.96751,0.9679,1.50,2.30
2010.12.10 08:10:31.269,0.96752,0.96795,3.20,2.40
2010.12.10 08:10:31.490,0.96752,0.96795,3.20,2.30
2010.12.10 08:10:32.038,0.96756,0.96797,3.20,2.40
2010.12.10 08:10:32.597,0.96757,0.96787,2.30,2.50
2010.12.10 08:10:32.714,0.96742,0.96781,2.50,1.50
2010.12.10 08:10:33.292,0.96742,0.9678,1.70,2.30
2010.12.10 08:10:33.418,0.96742,0.96784,1.70,2.40
2010.12.10 08:10:33.532,0.96748,0.96784,2.50,2.40
2010.12.10 08:10:35.104,0.96745,0.9679,2.30,4.10
2010.12.10 08:10:36.037,0.96745,0.9679,2.30,6.40
2010.12.10 08:10:36.481,0.96746,0.96789,2.30,2.40
2010.12.10 08:10:37.042,0.96743,0.96781,2.30,1.50
2010.12.10 08:10:37.490,0.96741,0.96781,1.50,1.50
2010.12.10 08:10:37.659,0.96741,0.96781,2.50,1.50
2010.12.10 08:10:38.368,0.96748,0.96791,2.30,6.00
2010.12.10 08:10:39.386,0.96747,0.9679,2.50,6.00
2010.12.10 08:10:39.721,0.96747,0.9679,2.50,2.60
2010.12.10 08:10:39.940,0.96747,0.9679,2.50,6.20
2010.12.10 08:10:40.402,0.96747,0.9679,2.30,2.40
2010.12.10 08:10:40.510,0.96747,0.9679,2.30,2.60
2010.12.10 08:10:41.057,0.96745,0.9679,2.30,2.60
2010.12.10 08:10:41.180,0.9675,0.96793,2.30,2.50
2010.12.10 08:10:42.011,0.96747,0.96791,4.50,1.60
2010.12.10 08:10:42.560,0.96745,0.9679,2.30,2.40
2010.12.10 08:10:43.570,0.96745,0.9679,2.30,2.40
2010.12.10 08:10:43.917,0.96745,0.9679,4.50,2.40
2010.12.10 08:10:44.041,0.96747,0.9679,2.30,2.60
2010.12.10 08:10:44.622,0.96754,0.96791,2.30,1.60
2010.12.10 08:10:45.392,0.96756,0.96801,3.20,2.60
2010.12.10 08:10:46.751,0.96756,0.96801,2.50,2.60
2010.12.10 08:10:48.795,0.96743,0.96782,2.50,2.30
2010.12.10 08:10:48.911,0.96738,0.96783,2.50,4.70
2010.12.10 08:10:50.059,0.96735,0.9678,2.30,2.50
2010.12.10 08:10:50.905,0.96734,0.96777,2.30,2.50
2010.12.10 08:10:52.129,0.96732,0.96777,2.30,2.50
2010.12.10 08:10:52.296,0.96737,0.96773,2.30,2.40
2010.12.10 08:10:53.085,0.96743,0.96773,2.30,2.30
2010.12.10 08:10:53.221,0.96742,0.96782,2.30,2.30
2010.12.10 08:10:53.330,0.96742,0.96787,2.30,3.20
2010.12.10 08:10:53.441,0.9674,0.96785,2.30,3.20
2010.12.10 08:10:53.550,0.9674,0.96785,2.30,2.50
2010.12.10 08:10:53.660,0.96738,0.96783,2.30,2.50
2010.12.10 08:10:53.880,0.9674,0.96783,2.30,2.50
2010.12.10 08:10:54.529,0.96738,0.96781,2.30,2.50
2010.12.10 08:10:54.751,0.96733,0.96778,2.30,2.50
2010.12.10 08:10:55.634,0.96731,0.96772,2.30,2.30
2010.12.10 08:10:56.513,0.96732,0.96777,2.30,2.60
2010.12.10 08:10:56.730,0.96737,0.9678,2.30,2.60
2010.12.10 08:10:57.897,0.96742,0.96781,2.30,1.70
2010.12.10 08:10:59.606,0.96736,0.96772,2.30,1.50
2010.12.10 08:11:00.994,0.96735,0.96772,2.30,1.50
2010.12.10 08:11:01.125,0.96735,0.96772,2.40,1.50
2010.12.10 08:11:01.353,0.96746,0.96781,2.30,1.50
2010.12.10 08:11:01.916,0.96746,0.96781,2.30,1.70
2010.12.10 08:11:02.046,0.96741,0.96778,2.30,1.50
2010.12.10 08:11:02.331,0.96739,0.96778,2.30,1.50
2010.12.10 08:11:03.478,0.96739,0.96778,2.30,1.50
2010.12.10 08:11:04.534,0.96737,0.96772,2.40,1.50
2010.12.10 08:11:06.951,0.96736,0.96772,2.40,3.80
2010.12.10 08:11:08.074,0.96736,0.96772,2.30,1.50
2010.12.10 08:11:08.402,0.96736,0.96772,2.40,1.50
2010.12.10 08:11:08.667,0.96736,0.96772,2.30,1.50
2010.12.10 08:11:09.895,0.96741,0.96779,2.30,1.70
2010.12.10 08:11:10.231,0.96741,0.96779,2.30,2.50
2010.12.10 08:11:10.451,0.96737,0.96771,2.30,1.50
2010.12.10 08:11:11.103,0.96732,0.9677,2.30,1.70
2010.12.10 08:11:11.860,0.96731,0.96771,2.30,1.70
2010.12.10 08:11:13.272,0.96737,0.96779,2.30,2.50
2010.12.10 08:11:14.550,0.96736,0.96779,2.30,2.50
2010.12.10 08:11:16.750,0.96738,0.96779,2.30,2.50
2010.12.10 08:11:16.861,0.96735,0.9677,2.30,1.70
2010.12.10 08:11:17.190,0.96731,0.9677,2.30,1.70
2010.12.10 08:11:17.887,0.96735,0.96778,2.30,4.70
2010.12.10 08:11:20.272,0.96735,0.96778,2.30,1.50
2010.12.10 08:11:20.400,0.96735,0.96777,2.30,2.50
2010.12.10 08:11:20.621,0.96729,0.96774,2.30,2.50
2010.12.10 08:11:20.731,0.96729,0.96774,2.30,2.50
2010.12.10 08:11:20.950,0.96727,0.96772,2.30,2.50
2010.12.10 08:11:21.283,0.96727,0.96772,2.30,3.20
2010.12.10 08:11:21.391,0.96721,0.96761,1.60,1.50
2010.12.10 08:11:22.042,0.96725,0.9677,2.50,4.00
2010.12.10 08:11:22.482,0.96725,0.9677,3.20,3.80
2010.12.10 08:11:22.703,0.9673,0.96773,2.50,2.50
2010.12.10 08:11:22.810,0.9673,0.96772,2.30,3.20
2010.12.10 08:11:22.920,0.96721,0.96761,1.50,1.50
2010.12.10 08:11:23.521,0.96725,0.9677,2.30,2.50
2010.12.10 08:11:24.730,0.96724,0.96769,2.50,2.50
2010.12.10 08:11:25.321,0.96723,0.96769,2.30,2.60
2010.12.10 08:11:25.742,0.96723,0.96769,2.30,6.00
2010.12.10 08:11:27.927,0.96723,0.96769,2.30,2.60
2010.12.10 08:11:28.041,0.96718,0.96764,4.60,3.20
2010.12.10 08:11:28.604,0.96723,0.96768,2.30,1.10
2010.12.10 08:11:31.685,0.96724,0.96769,2.30,6.00
2010.12.10 08:11:31.792,0.96726,0.96769,2.30,2.60
2010.12.10 08:11:32.415,0.96723,0.96769,4.00,2.60
2010.12.10 08:11:33.526,0.96725,0.9677,2.30,4.10
2010.12.10 08:11:33.898,0.96725,0.9677,2.40,4.00
2010.12.10 08:11:34.745,0.96725,0.9677,2.30,4.00
2010.12.10 08:11:35.811,0.96725,0.9677,2.40,4.00
2010.12.10 08:11:37.322,0.96724,0.96769,2.60,2.50
2010.12.10 08:11:42.112,0.96724,0.96769,2.50,2.50
2010.12.10 08:11:42.853,0.96726,0.96769,2.40,2.50
2010.12.10 08:11:43.613,0.96726,0.96769,2.40,2.50
2010.12.10 08:11:47.727,0.96726,0.96769,2.30,2.60
2010.12.10 08:11:51.771,0.96724,0.96769,2.50,2.60
2010.12.10 08:11:52.550,0.96724,0.96768,2.30,1.10
2010.12.10 08:11:54.141,0.96724,0.96769,2.30,2.60
2010.12.10 08:12:02.504,0.96724,0.96768,2.40,2.50
2010.12.10 08:12:03.980,0.96724,0.96768,2.30,2.60
2010.12.10 08:12:04.612,0.96724,0.96768,2.40,2.50
2010.12.10 08:12:06.453,0.96724,0.96768,2.30,2.60
2010.12.10 08:12:07.372,0.96719,0.96765,2.30,2.50
2010.12.10 08:12:08.001,0.96723,0.96769,2.30,2.50
2010.12.10 08:12:09.132,0.96723,0.96769,2.40,2.50
2010.12.10 08:12:09.680,0.96723,0.96769,2.40,2.50
2010.12.10 08:12:10.484,0.96723,0.96769,2.60,2.50
2010.12.10 08:12:15.519,0.96723,0.96769,2.80,2.30
2010.12.10 08:12:15.742,0.96727,0.96769,2.40,2.50
2010.12.10 08:12:16.341,0.96726,0.9677,2.40,1.70
2010.12.10 08:12:23.280,0.96724,0.96768,2.30,2.50
2010.12.10 08:12:23.391,0.96722,0.96768,2.30,2.50
2010.12.10 08:12:24.089,0.9672,0.96766,2.30,2.50
2010.12.10 08:12:24.680,0.96717,0.96763,4.80,2.30
2010.12.10 08:12:25.340,0.96723,0.96762,2.30,2.50
2010.12.10 08:12:25.897,0.96723,0.96762,3.80,2.30
2010.12.10 08:12:26.035,0.96728,0.9677,2.30,1.70
2010.12.10 08:12:26.153,0.96733,0.9677,2.30,1.70
2010.12.10 08:12:26.904,0.96735,0.9677,2.30,1.70
2010.12.10 08:12:27.476,0.96733,0.9677,2.30,1.70
2010.12.10 08:12:28.120,0.96731,0.9677,2.30,1.70
2010.12.10 08:12:29.514,0.96729,0.9677,2.30,1.70
2010.12.10 08:12:29.623,0.96728,0.9677,2.30,2.50
2010.12.10 08:12:30.473,0.96728,0.9677,2.30,1.70
2010.12.10 08:12:30.690,0.96732,0.9677,2.30,1.70
2010.12.10 08:12:32.531,0.96731,0.9677,2.30,1.70
2010.12.10 08:12:33.741,0.96725,0.96768,2.50,2.30
2010.12.10 08:12:34.223,0.96725,0.96768,2.60,2.30
2010.12.10 08:12:34.348,0.96725,0.96768,2.50,2.30
2010.12.10 08:12:35.329,0.96725,0.9677,2.50,4.00
2010.12.10 08:12:35.951,0.96725,0.9677,2.30,4.70
2010.12.10 08:12:36.110,0.96722,0.96766,2.30,2.50
2010.12.10 08:12:37.902,0.96722,0.96768,2.60,2.30
2010.12.10 08:12:38.617,0.96725,0.9677,2.50,2.50
2010.12.10 08:12:39.968,0.9673,0.96771,2.30,1.70
2010.12.10 08:12:40.887,0.96725,0.96768,2.30,2.50
2010.12.10 08:12:41.002,0.96725,0.96768,2.40,2.50
2010.12.10 08:12:42.072,0.96737,0.96768,2.30,2.30
2010.12.10 08:12:42.292,0.96739,0.96781,2.30,4.00
2010.12.10 08:12:42.951,0.9674,0.96783,2.30,2.50
2010.12.10 08:12:45.070,0.9674,0.96783,2.30,2.50
2010.12.10 08:12:46.040,0.96742,0.9678,1.50,1.70
2010.12.10 08:12:46.152,0.96736,0.9678,2.40,1.70
2010.12.10 08:12:46.262,0.96747,0.96782,2.30,2.30
2010.12.10 08:12:46.371,0.96747,0.9679,2.30,2.50
2010.12.10 08:12:47.345,0.96747,0.9679,2.30,2.50
2010.12.10 08:12:47.465,0.96743,0.96786,2.30,2.30
2010.12.10 08:12:53.337,0.96741,0.96786,2.40,2.30
2010.12.10 08:12:54.177,0.96741,0.96786,2.40,2.30
2010.12.10 08:12:58.035,0.96741,0.96786,2.40,2.30
2010.12.10 08:12:59.422,0.96741,0.96786,2.30,2.30
2010.12.10 08:13:01.272,0.96741,0.96786,2.30,3.20
2010.12.10 08:13:01.609,0.96741,0.96781,1.50,3.80
2010.12.10 08:13:01.830,0.9674,0.96785,2.30,2.50
2010.12.10 08:13:01.941,0.96742,0.96785,2.30,2.50
2010.12.10 08:13:06.473,0.96742,0.96785,2.30,3.20
2010.12.10 08:13:06.692,0.96732,0.9677,3.90,1.50
2010.12.10 08:13:07.263,0.96732,0.9677,3.90,1.50
2010.12.10 08:13:07.380,0.96728,0.9677,2.40,1.70
2010.12.10 08:13:08.330,0.96729,0.9677,2.40,1.70
2010.12.10 08:13:08.441,0.96729,0.9677,2.40,1.70
2010.12.10 08:13:16.892,0.96735,0.96773,1.50,1.70
2010.12.10 08:13:17.002,0.96732,0.96769,2.60,1.50
2010.12.10 08:13:17.440,0.96729,0.96769,1.50,1.70
2010.12.10 08:13:17.659,0.96725,0.96764,4.90,1.50
2010.12.10 08:13:18.137,0.96728,0.96764,1.10,1.50
2010.12.10 08:13:18.253,0.96732,0.9677,2.60,2.30
2010.12.10 08:13:18.361,0.96739,0.96779,1.50,2.50
2010.12.10 08:13:18.799,0.96736,0.9677,2.50,1.50
2010.12.10 08:13:20.049,0.96736,0.9677,2.30,1.70
2010.12.10 08:13:20.488,0.96734,0.96771,2.30,1.70
2010.12.10 08:13:21.379,0.96735,0.96771,2.30,1.70
2010.12.10 08:13:22.169,0.96732,0.96771,2.40,1.70
2010.12.10 08:13:22.995,0.96731,0.9677,1.60,3.20
2010.12.10 08:13:23.121,0.96721,0.96761,1.70,4.00
2010.12.10 08:13:23.231,0.96717,0.96752,2.40,2.50
2010.12.10 08:13:23.942,0.96717,0.9675,2.40,3.20
2010.12.10 08:13:24.078,0.967,0.96745,2.50,2.50
2010.12.10 08:13:24.301,0.96703,0.96746,2.50,2.30
2010.12.10 08:13:24.741,0.96704,0.96748,2.30,2.50
2010.12.10 08:13:25.380,0.96706,0.9675,2.30,3.20
2010.12.10 08:13:25.490,0.96704,0.96749,2.30,3.20
2010.12.10 08:13:26.412,0.96701,0.96744,2.40,2.30
2010.12.10 08:13:27.012,0.96701,0.96747,4.80,2.30
2010.12.10 08:13:27.128,0.96707,0.96751,2.40,4.00
2010.12.10 08:13:27.241,0.96707,0.96751,2.60,2.30
2010.12.10 08:13:28.953,0.96705,0.96751,2.40,2.50
2010.12.10 08:13:29.391,0.96709,0.96753,2.50,2.50
2010.12.10 08:13:31.518,0.96708,0.96753,6.00,2.50
2010.12.10 08:13:31.852,0.96711,0.96755,2.30,2.50
2010.12.10 08:13:32.071,0.96713,0.96754,1.80,2.30
2010.12.10 08:13:32.685,0.96722,0.96767,2.50,2.30
2010.12.10 08:13:32.911,0.96722,0.96765,2.50,2.30
2010.12.10 08:13:33.812,0.96718,0.96764,4.50,2.30
2010.12.10 08:13:33.941,0.96717,0.96761,2.30,2.30
2010.12.10 08:13:34.051,0.96715,0.96761,2.30,2.30
2010.12.10 08:13:35.321,0.96717,0.96763,2.30,4.70
2010.12.10 08:13:35.950,0.96721,0.96764,2.30,4.70
2010.12.10 08:13:36.074,0.96723,0.96766,2.30,2.30
2010.12.10 08:13:37.816,0.96722,0.96765,2.30,2.50
2010.12.10 08:13:37.935,0.96715,0.9676,2.30,2.30
2010.12.10 08:13:39.093,0.96716,0.9676,2.30,2.30
2010.12.10 08:13:41.035,0.96716,0.96759,2.30,2.50
2010.12.10 08:13:41.161,0.96711,0.96757,2.40,2.50
2010.12.10 08:13:44.625,0.96714,0.96757,2.30,2.50
2010.12.10 08:13:44.747,0.96716,0.9676,2.30,3.80
2010.12.10 08:13:45.853,0.96719,0.96762,4.70,2.30
2010.12.10 08:13:47.120,0.96717,0.96762,2.30,2.50
2010.12.10 08:13:47.560,0.96715,0.96759,2.30,2.30
2010.12.10 08:13:47.780,0.96713,0.96759,2.40,2.30
2010.12.10 08:13:48.290,0.96717,0.96759,2.30,2.30
2010.12.10 08:13:48.523,0.96718,0.96763,2.30,2.30
2010.12.10 08:13:49.867,0.96717,0.96761,2.30,4.70
2010.12.10 08:13:50.434,0.96716,0.96761,2.30,4.00
2010.12.10 08:13:50.547,0.96708,0.96754,4.90,2.50
2010.12.10 08:13:50.683,0.96708,0.96754,4.90,2.50
2010.12.10 08:13:51.377,0.96711,0.96755,2.60,2.50
2010.12.10 08:13:51.821,0.96713,0.96757,2.60,2.30
2010.12.10 08:13:51.932,0.96713,0.96757,4.10,2.30
2010.12.10 08:13:52.528,0.96718,0.96761,2.50,2.30
2010.12.10 08:13:52.642,0.96719,0.96764,2.30,2.30
2010.12.10 08:13:54.145,0.9672,0.96763,2.30,2.30
2010.12.10 08:13:56.664,0.9672,0.96763,2.40,2.30
2010.12.10 08:13:56.770,0.9672,0.96765,2.40,2.30
2010.12.10 08:13:57.320,0.9672,0.96765,2.30,2.30
2010.12.10 08:13:58.357,0.96719,0.96764,2.50,2.30
2010.12.10 08:13:58.476,0.96725,0.96768,2.30,2.30
2010.12.10 08:13:59.467,0.96723,0.96768,3.80,2.30
2010.12.10 08:14:01.867,0.96719,0.96764,2.40,2.30
2010.12.10 08:14:02.210,0.96724,0.96767,2.30,2.50
2010.12.10 08:14:02.890,0.96722,0.96767,2.40,2.50
2010.12.10 08:14:03.786,0.96725,0.9677,2.30,3.80
2010.12.10 08:14:04.401,0.96726,0.96769,2.30,2.30
2010.12.10 08:14:04.771,0.96736,0.9677,2.30,1.50
2010.12.10 08:14:05.353,0.96729,0.9677,2.30,2.30
2010.12.10 08:14:05.460,0.96725,0.9677,2.60,2.30
2010.12.10 08:14:05.571,0.9673,0.96771,2.30,2.30
2010.12.10 08:14:05.681,0.9673,0.96775,2.30,2.30
2010.12.10 08:14:06.900,0.9673,0.96775,2.40,2.30
2010.12.10 08:14:07.580,0.9673,0.96775,2.30,2.30
2010.12.10 08:14:10.374,0.96731,0.96776,2.30,2.30
2010.12.10 08:14:10.989,0.96728,0.96773,4.50,2.50
2010.12.10 08:14:13.202,0.96728,0.96771,2.30,2.30
2010.12.10 08:14:13.311,0.96726,0.96771,4.50,2.30
2010.12.10 08:14:13.530,0.96726,0.96769,2.30,2.30
2010.12.10 08:14:14.513,0.96726,0.96771,2.30,4.00
2010.12.10 08:14:14.640,0.96721,0.96766,2.40,2.30
2010.12.10 08:14:15.217,0.96721,0.96766,2.40,2.30
2010.12.10 08:14:15.368,0.96723,0.96766,2.30,2.30
2010.12.10 08:14:15.634,0.96723,0.96766,2.40,2.30
2010.12.10 08:14:15.854,0.96724,0.96767,2.30,2.30
2010.12.10 08:14:16.433,0.96724,0.96767,2.40,2.30
2010.12.10 08:14:16.772,0.96723,0.96766,2.30,2.30
2010.12.10 08:14:16.994,0.96727,0.96768,2.30,2.30
2010.12.10 08:14:17.618,0.96727,0.96772,4.50,2.50
2010.12.10 08:14:17.736,0.96722,0.96765,2.40,2.30
2010.12.10 08:14:18.511,0.96722,0.96767,2.40,2.30
2010.12.10 08:14:18.621,0.96722,0.96765,2.40,2.30
2010.12.10 08:14:19.213,0.96722,0.96767,2.40,2.30
2010.12.10 08:14:19.322,0.96722,0.96765,2.40,2.30
2010.12.10 08:14:20.661,0.96727,0.9677,2.30,2.50
2010.12.10 08:14:20.774,0.96727,0.9677,2.30,2.30
2010.12.10 08:14:20.884,0.96732,0.96772,2.30,2.50
2010.12.10 08:14:21.691,0.96733,0.96778,2.30,3.20
2010.12.10 08:14:22.464,0.96727,0.9677,4.50,2.30
2010.12.10 08:14:22.682,0.96721,0.96766,2.40,2.30
2010.12.10 08:14:23.993,0.96728,0.96768,2.30,2.30
2010.12.10 08:14:24.858,0.96728,0.96767,2.30,2.30
2010.12.10 08:14:24.991,0.96728,0.96769,2.30,2.50
2010.12.10 08:14:26.393,0.96728,0.96765,2.30,2.30
2010.12.10 08:14:27.100,0.9672,0.96765,2.60,2.30
2010.12.10 08:14:27.228,0.9672,0.96763,2.30,2.30
2010.12.10 08:14:27.560,0.96717,0.96762,4.60,2.30
2010.12.10 08:14:28.836,0.96717,0.96762,4.50,2.30
2010.12.10 08:14:28.961,0.96717,0.96762,4.60,2.30
2010.12.10 08:14:29.290,0.96719,0.96764,2.30,2.30
2010.12.10 08:14:29.641,0.96719,0.96762,2.30,2.30
2010.12.10 08:14:29.971,0.96719,0.96764,2.30,2.30
2010.12.10 08:14:30.410,0.96718,0.96763,3.30,2.30
2010.12.10 08:14:30.521,0.96724,0.96765,2.30,2.30
2010.12.10 08:14:31.116,0.96727,0.96765,2.40,2.30
2010.12.10 08:14:31.972,0.96723,0.9676,2.30,1.50
2010.12.10 08:14:32.096,0.96723,0.96766,2.30,2.50
2010.12.10 08:14:32.660,0.96724,0.96767,2.30,2.50
2010.12.10 08:14:32.771,0.96722,0.96767,2.30,2.50
2010.12.10 08:14:32.992,0.96723,0.96768,2.40,2.50
2010.12.10 08:14:34.095,0.96725,0.9677,2.30,4.00
2010.12.10 08:14:34.759,0.96725,0.9677,2.40,4.00
2010.12.10 08:14:34.934,0.96727,0.96771,2.40,3.80
2010.12.10 08:14:35.041,0.96727,0.96771,4.60,1.70
2010.12.10 08:14:36.107,0.96727,0.9677,2.30,2.50
2010.12.10 08:14:36.530,0.96727,0.9677,5.50,2.30
2010.12.10 08:14:37.366,0.96734,0.96777,2.30,3.30
2010.12.10 08:14:37.485,0.96732,0.96777,2.30,3.30
2010.12.10 08:14:40.200,0.96734,0.96777,2.30,3.20
2010.12.10 08:14:40.936,0.96734,0.96771,2.30,1.50
2010.12.10 08:14:41.044,0.96727,0.9677,3.80,2.30
2010.12.10 08:14:42.051,0.96726,0.96764,1.50,2.50
2010.12.10 08:14:42.860,0.96722,0.9676,1.50,1.50
2010.12.10 08:14:42.988,0.96723,0.96761,1.50,1.50
2010.12.10 08:14:43.910,0.96721,0.96761,1.50,1.50
2010.12.10 08:14:48.974,0.96723,0.96761,1.50,1.50
2010.12.10 08:14:50.536,0.96713,0.96759,2.50,2.60
2010.12.10 08:14:50.761,0.96711,0.96751,1.70,1.50
2010.12.10 08:14:52.354,0.96711,0.96751,1.50,2.50
2010.12.10 08:14:52.571,0.96703,0.96744,1.50,2.50
2010.12.10 08:14:52.683,0.96705,0.96742,2.30,1.70
2010.12.10 08:14:52.901,0.96703,0.96744,2.50,2.30
2010.12.10 08:14:53.505,0.96714,0.9675,1.50,1.10
2010.12.10 08:14:53.613,0.96712,0.96748,2.30,2.60
2010.12.10 08:14:53.832,0.96702,0.96746,4.70,2.50
2010.12.10 08:14:54.161,0.96702,0.96746,3.80,3.20
2010.12.10 08:14:54.894,0.96698,0.96743,2.30,3.20
2010.12.10 08:14:55.021,0.96695,0.9674,2.50,2.50
2010.12.10 08:14:55.351,0.96694,0.96737,2.50,2.30
2010.12.10 08:14:56.050,0.96693,0.96735,1.90,2.30
2010.12.10 08:14:56.163,0.96695,0.9674,2.60,2.50
2010.12.10 08:14:56.272,0.96695,0.9674,2.50,2.50
2010.12.10 08:14:56.971,0.96693,0.96734,1.70,2.30
2010.12.10 08:14:57.771,0.96693,0.96734,4.70,2.30
2010.12.10 08:14:57.882,0.96703,0.9674,1.50,2.40
2010.12.10 08:14:58.483,0.96702,0.9674,1.50,2.40
2010.12.10 08:14:58.592,0.96702,0.96742,2.50,2.30
2010.12.10 08:14:59.031,0.96702,0.96739,1.50,2.40
2010.12.10 08:14:59.251,0.96695,0.96737,1.70,2.30
2010.12.10 08:14:59.782,0.96695,0.96731,1.70,2.30
2010.12.10 08:14:59.935,0.96692,0.96734,2.50,2.30
2010.12.10 08:15:00.043,0.96691,0.96731,2.50,1.70
2010.12.10 08:15:00.153,0.96688,0.96731,4.50,2.50
2010.12.10 08:15:00.712,0.96688,0.96731,5.50,1.70
2010.12.10 08:15:01.041,0.96692,0.96737,2.30,2.50
2010.12.10 08:15:02.473,0.9669,0.96733,2.50,2.30
2010.12.10 08:15:03.282,0.96691,0.96731,2.30,3.20
2010.12.10 08:15:03.895,0.96685,0.9673,2.50,2.50
2010.12.10 08:15:04.781,0.96685,0.96722,2.50,1.50
2010.12.10 08:15:05.371,0.96682,0.96722,1.70,1.50
2010.12.10 08:15:06.033,0.96687,0.96723,3.20,2.30
2010.12.10 08:15:06.142,0.96689,0.96732,2.50,2.60
2010.12.10 08:15:06.252,0.96689,0.96732,2.30,3.20
2010.12.10 08:15:06.825,0.96684,0.96729,2.50,2.50
2010.12.10 08:15:10.289,0.9668,0.96725,3.20,2.30
2010.12.10 08:15:11.500,0.96682,0.96727,2.40,2.50
2010.12.10 08:15:11.721,0.96682,0.96727,2.60,2.30
2010.12.10 08:15:12.050,0.96686,0.96729,2.30,2.30
2010.12.10 08:15:13.312,0.96686,0.96731,2.30,2.50
2010.12.10 08:15:13.751,0.96686,0.96731,2.30,3.20
2010.12.10 08:15:14.081,0.96686,0.96731,2.40,3.20
2010.12.10 08:15:14.191,0.96686,0.96731,2.30,3.20
2010.12.10 08:15:14.301,0.96691,0.96732,2.50,2.60
2010.12.10 08:15:15.199,0.96703,0.96735,1.50,2.30
2010.12.10 08:15:15.328,0.96703,0.9674,1.50,2.30
2010.12.10 08:15:16.211,0.96702,0.96747,2.50,2.50
2010.12.10 08:15:16.761,0.96705,0.96751,3.20,2.40
2010.12.10 08:15:16.870,0.96706,0.96752,3.20,4.80
2010.12.10 08:15:17.089,0.96706,0.96752,3.20,2.60
2010.12.10 08:15:19.198,0.96706,0.96752,2.50,2.60
2010.12.10 08:15:19.421,0.96706,0.96752,2.30,5.00
2010.12.10 08:15:22.537,0.96706,0.9675,2.50,3.20
2010.12.10 08:15:22.651,0.96706,0.96741,2.50,1.50
2010.12.10 08:15:23.374,0.96705,0.96741,2.30,1.50
2010.12.10 08:15:23.504,0.96703,0.96741,1.70,1.50
2010.12.10 08:15:24.491,0.96703,0.96741,4.00,1.50
2010.12.10 08:15:25.766,0.96705,0.9675,2.50,2.60
2010.12.10 08:15:37.021,0.96706,0.9675,2.50,11.80
2010.12.10 08:15:37.132,0.96706,0.9675,2.50,4.80
2010.12.10 08:15:37.243,0.96706,0.9675,3.20,3.80
2010.12.10 08:15:38.003,0.96705,0.96751,2.50,4.10
2010.12.10 08:15:38.212,0.96705,0.96751,2.50,9.80
2010.12.10 08:15:39.174,0.96705,0.96751,2.50,4.10
2010.12.10 08:15:41.910,0.96704,0.9675,3.20,2.40
2010.12.10 08:15:42.021,0.96704,0.9675,2.50,2.60
2010.12.10 08:15:42.130,0.96704,0.9675,2.50,6.00
2010.12.10 08:15:42.379,0.96703,0.96749,2.50,2.60
2010.12.10 08:15:44.993,0.96703,0.96746,1.10,2.30
2010.12.10 08:15:45.919,0.96709,0.96755,2.50,2.50
2010.12.10 08:15:46.362,0.96708,0.96751,2.30,2.30
2010.12.10 08:15:48.232,0.96708,0.9675,2.30,3.80
2010.12.10 08:15:48.349,0.96708,0.96748,2.30,2.50
2010.12.10 08:15:48.474,0.96704,0.96748,2.30,2.50
2010.12.10 08:15:48.997,0.96701,0.96747,2.40,2.50
2010.12.10 08:15:49.180,0.96697,0.96741,4.70,2.30
2010.12.10 08:15:50.133,0.96698,0.96741,1.10,2.30
2010.12.10 08:15:50.288,0.96703,0.96746,1.70,2.30
2010.12.10 08:15:50.949,0.96708,0.9675,2.30,1.50
2010.12.10 08:15:51.281,0.96708,0.96741,2.30,1.70
2010.12.10 08:15:52.053,0.96698,0.9674,2.30,1.50
2010.12.10 08:15:52.271,0.96702,0.96742,1.50,1.50
2010.12.10 08:15:52.601,0.96698,0.96731,2.30,1.50
2010.12.10 08:15:52.715,0.96693,0.96731,1.70,1.50
2010.12.10 08:15:53.293,0.96696,0.9674,2.50,1.70
2010.12.10 08:15:54.932,0.96696,0.9674,2.60,1.70
2010.12.10 08:15:56.045,0.96696,0.9674,2.50,1.70
2010.12.10 08:15:56.573,0.96696,0.9674,2.60,1.70
2010.12.10 08:15:57.285,0.96702,0.96742,1.50,1.80
2010.12.10 08:16:01.611,0.96701,0.96741,1.50,1.70
2010.12.10 08:16:02.841,0.96702,0.96742,1.60,1.70
2010.12.10 08:16:04.317,0.96704,0.9674,2.30,1.70
2010.12.10 08:16:07.066,0.96698,0.9674,2.30,1.70
2010.12.10 08:16:08.362,0.96699,0.9674,2.30,1.70
2010.12.10 08:16:08.581,0.967,0.9674,2.40,1.70
2010.12.10 08:16:08.820,0.967,0.9674,2.30,1.90
2010.12.10 08:16:09.667,0.967,0.9674,2.30,1.90
2010.12.10 08:16:10.740,0.967,0.9674,2.30,1.80
2010.12.10 08:16:11.488,0.967,0.9674,2.30,1.70
2010.12.10 08:16:14.981,0.967,0.9674,2.30,1.90
2010.12.10 08:16:17.240,0.967,0.9674,2.30,1.70
2010.12.10 08:16:17.352,0.96698,0.96732,3.80,5.50
2010.12.10 08:16:17.935,0.96685,0.96723,1.60,1.70
2010.12.10 08:16:18.734,0.96685,0.96723,1.80,1.70
2010.12.10 08:16:20.484,0.96685,0.96723,1.70,1.70
2010.12.10 08:16:20.703,0.96685,0.96723,1.50,1.70
2010.12.10 08:16:20.812,0.96685,0.96723,1.70,1.70
2010.12.10 08:16:21.993,0.96685,0.96723,1.70,1.70
2010.12.10 08:16:22.901,0.96687,0.96723,2.40,1.70
2010.12.10 08:16:23.742,0.96685,0.96723,1.50,1.70
2010.12.10 08:16:24.191,0.96685,0.96723,1.80,1.70
2010.12.10 08:16:24.302,0.96685,0.96723,1.70,1.70
2010.12.10 08:16:25.302,0.96685,0.96723,1.70,1.70
2010.12.10 08:16:26.931,0.96685,0.96723,1.50,1.70
2010.12.10 08:16:27.621,0.96685,0.96717,1.50,3.20
2010.12.10 08:16:27.732,0.96681,0.96715,1.70,2.30
2010.12.10 08:16:27.842,0.96684,0.96721,1.50,3.20
2010.12.10 08:16:28.412,0.96676,0.96712,2.80,1.50
2010.12.10 08:16:28.551,0.96682,0.96722,2.30,2.50
2010.12.10 08:16:28.663,0.96684,0.96722,2.30,1.70
2010.12.10 08:16:29.354,0.96688,0.96729,2.30,2.50
2010.12.10 08:16:29.465,0.96689,0.96732,2.30,4.90
2010.12.10 08:16:30.904,0.96689,0.96732,2.30,4.30
2010.12.10 08:16:31.011,0.96689,0.96732,2.30,4.10
2010.12.10 08:16:33.414,0.9669,0.96732,2.40,4.10
2010.12.10 08:16:34.154,0.9669,0.96732,2.40,4.70
2010.12.10 08:16:35.243,0.96691,0.96732,2.30,2.60
2010.12.10 08:16:35.922,0.96691,0.96732,2.50,1.70
2010.12.10 08:16:36.032,0.96694,0.96737,2.30,1.10
2010.12.10 08:16:36.581,0.96695,0.96737,2.30,1.10
2010.12.10 08:16:36.922,0.96698,0.96741,2.30,2.60
2010.12.10 08:16:37.433,0.96698,0.96737,2.30,3.40
2010.12.10 08:16:37.577,0.9669,0.96736,2.60,3.20
2010.12.10 08:16:38.054,0.96692,0.96738,2.30,2.50
2010.12.10 08:16:38.935,0.96694,0.9674,4.00,4.00
2010.12.10 08:16:39.381,0.96694,0.96732,1.50,1.50
2010.12.10 08:16:39.928,0.96694,0.96732,1.50,2.50
2010.12.10 08:16:40.093,0.96688,0.96731,2.30,4.00
2010.12.10 08:16:40.692,0.96688,0.96731,2.40,4.00
2010.12.10 08:16:41.884,0.96688,0.96731,2.60,4.00
2010.12.10 08:16:42.729,0.96689,0.96731,2.40,2.50
2010.12.10 08:16:42.952,0.96685,0.9673,4.00,3.20
2010.12.10 08:16:43.062,0.96689,0.96731,2.50,1.50
2010.12.10 08:16:43.170,0.96693,0.96731,1.50,1.50
2010.12.10 08:16:44.066,0.96689,0.96732,2.50,1.70
2010.12.10 08:16:44.226,0.96689,0.96732,2.30,2.60
2010.12.10 08:16:44.340,0.96684,0.96727,2.30,3.20
2010.12.10 08:16:44.560,0.96684,0.96727,2.30,2.50
2010.12.10 08:16:47.971,0.96684,0.96727,2.30,2.50
2010.12.10 08:16:48.850,0.96682,0.96727,2.30,2.50
2010.12.10 08:16:51.635,0.96666,0.96711,2.40,4.00
2010.12.10 08:16:51.964,0.96668,0.96708,3.20,2.30
2010.12.10 08:16:52.567,0.96672,0.96709,1.50,2.30
2010.12.10 08:16:53.292,0.96669,0.96712,2.30,6.20
2010.12.10 08:16:55.581,0.96669,0.96712,2.40,6.20
2010.12.10 08:16:56.424,0.96669,0.96712,2.40,6.20
2010.12.10 08:16:56.537,0.96664,0.96708,2.30,1.10
2010.12.10 08:16:56.983,0.96668,0.96708,2.30,1.10
2010.12.10 08:16:57.775,0.96668,0.96707,2.30,2.50
2010.12.10 08:16:59.345,0.96664,0.96707,2.40,2.50
2010.12.10 08:17:00.154,0.96664,0.96707,2.40,2.50
2010.12.10 08:17:00.796,0.96667,0.96707,2.40,2.50
2010.12.10 08:17:01.153,0.96667,0.96707,2.40,2.50
2010.12.10 08:17:01.523,0.96667,0.96707,2.40,2.50
2010.12.10 08:17:02.670,0.96662,0.96705,2.40,2.30
2010.12.10 08:17:04.000,0.96662,0.96705,2.30,2.40
2010.12.10 08:17:04.765,0.96662,0.96705,2.40,2.30
2010.12.10 08:17:04.982,0.96662,0.96705,2.30,2.40
2010.12.10 08:17:05.431,0.96657,0.96702,2.30,2.30
2010.12.10 08:17:06.072,0.96658,0.96703,2.30,2.50
2010.12.10 08:17:06.841,0.96658,0.96704,2.30,2.50
2010.12.10 08:17:10.065,0.96659,0.96705,2.30,2.50
2010.12.10 08:17:10.961,0.96664,0.96707,2.30,2.30
2010.12.10 08:17:14.342,0.96663,0.96706,2.30,2.50
2010.12.10 08:17:19.383,0.96664,0.96707,2.50,2.30
2010.12.10 08:17:20.051,0.96664,0.96707,2.50,2.30
2010.12.10 08:17:20.163,0.96673,0.9671,1.50,2.30
2010.12.10 08:17:20.697,0.96673,0.96717,1.70,2.40
2010.12.10 08:17:21.050,0.96678,0.96721,4.50,2.30
2010.12.10 08:17:21.275,0.96678,0.96721,5.50,2.30
2010.12.10 08:17:21.393,0.9669,0.96732,2.30,1.60
2010.12.10 08:17:22.312,0.9669,0.96734,2.30,2.30
2010.12.10 08:17:22.532,0.96692,0.96736,2.30,2.50
2010.12.10 08:17:23.370,0.96688,0.96734,2.30,2.40
2010.12.10 08:17:23.481,0.96688,0.96734,2.30,2.40
2010.12.10 08:17:24.061,0.96688,0.96734,4.50,2.40
2010.12.10 08:17:24.303,0.96688,0.96734,4.50,2.40
2010.12.10 08:17:25.902,0.96688,0.96732,2.30,2.30
2010.12.10 08:17:26.486,0.96688,0.96732,2.30,3.30
2010.12.10 08:17:28.457,0.96683,0.96726,2.30,2.50
2010.12.10 08:17:29.256,0.96681,0.96726,2.40,2.50
2010.12.10 08:17:31.032,0.96681,0.96724,2.40,2.30
2010.12.10 08:17:31.786,0.96683,0.96726,2.40,2.50
2010.12.10 08:17:32.451,0.96683,0.96726,2.30,2.60
2010.12.10 08:17:33.035,0.96683,0.96726,2.30,2.60
2010.12.10 08:17:34.174,0.96683,0.96726,2.30,2.60
2010.12.10 08:17:34.290,0.96683,0.96726,2.40,2.50
2010.12.10 08:17:34.406,0.96683,0.96726,2.30,2.60
2010.12.10 08:17:37.369,0.96683,0.96726,2.30,2.60
2010.12.10 08:17:37.954,0.96683,0.96726,2.30,2.60
2010.12.10 08:17:39.016,0.96683,0.96721,2.30,1.70
2010.12.10 08:17:39.162,0.96678,0.96721,2.30,4.00
2010.12.10 08:17:39.389,0.96671,0.96714,2.30,2.30
2010.12.10 08:17:41.100,0.96671,0.96716,2.40,2.30
2010.12.10 08:17:41.812,0.96673,0.96716,2.60,2.30
2010.12.10 08:17:42.316,0.96673,0.96718,2.60,2.30
2010.12.10 08:17:46.222,0.96674,0.96719,2.60,2.50
2010.12.10 08:17:47.962,0.96678,0.96722,2.40,2.50
2010.12.10 08:17:48.480,0.9668,0.96722,2.30,2.50
2010.12.10 08:17:48.701,0.96679,0.96722,2.40,4.70
2010.12.10 08:17:48.921,0.9668,0.96722,2.30,2.50
2010.12.10 08:17:49.753,0.96678,0.96722,2.30,2.50
2010.12.10 08:17:50.800,0.96676,0.96719,2.50,2.50
2010.12.10 08:17:51.070,0.96678,0.96721,2.30,2.50
2010.12.10 08:17:51.780,0.96677,0.96722,2.40,4.70
2010.12.10 08:17:52.719,0.96679,0.96722,2.40,4.70
2010.12.10 08:17:52.831,0.96677,0.96722,2.40,4.80
2010.12.10 08:17:53.094,0.96677,0.96722,2.60,4.70
2010.12.10 08:17:53.531,0.96678,0.96721,2.40,2.50
2010.12.10 08:17:55.312,0.96682,0.96722,1.70,4.10
2010.12.10 08:17:56.194,0.96682,0.96722,1.70,1.90
2010.12.10 08:17:56.521,0.96681,0.96717,2.30,1.70
2010.12.10 08:17:57.450,0.96677,0.96717,6.30,1.70
2010.12.10 08:17:57.563,0.96678,0.96722,2.30,2.50
2010.12.10 08:17:57.958,0.96678,0.96722,2.40,2.50
2010.12.10 08:17:59.200,0.96677,0.96722,2.60,4.70
2010.12.10 08:18:02.925,0.96677,0.96722,5.60,2.30
2010.12.10 08:18:04.082,0.96677,0.96721,3.30,2.30
2010.12.10 08:18:04.463,0.96678,0.96721,2.60,2.30
2010.12.10 08:18:05.866,0.96687,0.96726,2.40,1.50
2010.12.10 08:18:06.095,0.96687,0.96726,4.80,1.50
2010.12.10 08:18:06.747,0.96691,0.96737,2.60,4.00
2010.12.10 08:18:07.163,0.96689,0.96735,2.40,2.30
2010.12.10 08:18:08.341,0.96689,0.96735,2.30,2.30
2010.12.10 08:18:08.452,0.96689,0.96733,2.30,2.30
2010.12.10 08:18:09.066,0.96683,0.96728,2.50,2.30
2010.12.10 08:18:09.185,0.96688,0.96729,2.30,2.30
2010.12.10 08:18:09.291,0.96688,0.96731,2.30,2.50
2010.12.10 08:18:10.812,0.96687,0.9673,2.30,2.30
2010.12.10 08:18:12.219,0.96692,0.96738,2.30,2.40
2010.12.10 08:18:13.231,0.96692,0.96738,2.30,2.60
2010.12.10 08:18:14.020,0.96685,0.96731,2.60,2.30
2010.12.10 08:18:14.834,0.96685,0.96731,2.50,2.40
2010.12.10 08:18:16.331,0.96688,0.96732,2.30,2.40
2010.12.10 08:18:16.662,0.96688,0.96732,2.40,2.40
2010.12.10 08:18:16.992,0.96688,0.96732,2.30,2.40
2010.12.10 08:18:18.110,0.96687,0.96732,2.30,2.40
2010.12.10 08:18:19.381,0.96683,0.96727,2.30,2.40
2010.12.10 08:18:21.455,0.96682,0.96727,2.50,2.40
2010.12.10 08:18:22.079,0.96682,0.96727,2.50,2.40
2010.12.10 08:18:25.293,0.96685,0.96731,2.50,2.40
2010.12.10 08:18:25.971,0.96686,0.96729,2.30,2.40
2010.12.10 08:18:27.047,0.96686,0.96729,2.30,2.40
2010.12.10 08:18:28.684,0.96686,0.96729,2.30,2.40
2010.12.10 08:18:28.973,0.96686,0.96729,2.30,2.40
2010.12.10 08:18:30.024,0.96686,0.96732,2.30,4.60
2010.12.10 08:18:30.381,0.96685,0.96731,2.50,2.40
2010.12.10 08:18:34.363,0.96686,0.96732,2.30,4.70
2010.12.10 08:18:34.702,0.96686,0.96732,2.30,6.90
2010.12.10 08:18:35.480,0.96686,0.96729,2.30,2.60
2010.12.10 08:18:36.523,0.96685,0.96731,2.50,2.40
2010.12.10 08:18:37.291,0.96683,0.96725,2.30,2.40
2010.12.10 08:18:37.403,0.96688,0.96725,2.30,2.40
2010.12.10 08:18:37.731,0.96693,0.96734,1.50,2.60
2010.12.10 08:18:38.324,0.96686,0.96729,2.50,2.40
2010.12.10 08:18:39.649,0.96686,0.96729,2.50,2.40
2010.12.10 08:18:43.207,0.96686,0.96729,2.50,2.40
2010.12.10 08:18:44.041,0.96685,0.96731,2.50,5.90
2010.12.10 08:18:44.154,0.96685,0.96731,2.30,4.10
2010.12.10 08:18:44.481,0.96685,0.96731,2.30,4.00
2010.12.10 08:18:44.591,0.96685,0.96731,2.50,3.80
2010.12.10 08:18:45.275,0.96692,0.96733,2.30,2.40
2010.12.10 08:18:45.384,0.96693,0.96739,2.40,2.50
2010.12.10 08:18:47.404,0.96695,0.96739,2.30,2.30
2010.12.10 08:18:47.963,0.96695,0.9674,2.40,1.50
2010.12.10 08:18:48.086,0.96697,0.96741,2.30,1.50
2010.12.10 08:18:48.751,0.96696,0.9674,2.30,4.00
2010.12.10 08:18:50.233,0.96696,0.96737,2.30,1.10
2010.12.10 08:18:50.343,0.96691,0.96735,2.30,2.50
2010.12.10 08:18:50.454,0.96701,0.96731,2.30,1.50
2010.12.10 08:18:50.674,0.96701,0.96738,2.30,2.30
2010.12.10 08:18:51.248,0.96701,0.96741,2.30,2.50
2010.12.10 08:18:51.365,0.96696,0.9674,2.30,2.50
2010.12.10 08:18:53.394,0.96696,0.9674,2.40,2.50
2010.12.10 08:18:54.012,0.96696,0.9674,2.30,2.60
2010.12.10 08:18:54.983,0.96704,0.96748,2.30,2.50
2010.12.10 08:18:55.091,0.96704,0.96748,2.30,2.60
2010.12.10 08:18:55.584,0.967,0.96746,2.30,2.40
2010.12.10 08:18:55.802,0.967,0.96744,2.30,2.50
2010.12.10 08:18:56.021,0.96695,0.96741,2.30,4.00
2010.12.10 08:18:57.251,0.96693,0.96737,2.30,2.50
2010.12.10 08:19:00.823,0.96692,0.96738,2.40,2.50
2010.12.10 08:19:00.932,0.96695,0.96739,2.60,2.30
2010.12.10 08:19:01.044,0.96698,0.96741,2.40,2.30
2010.12.10 08:19:01.660,0.96698,0.96743,2.30,2.40
2010.12.10 08:19:01.981,0.96698,0.96743,2.30,2.40
2010.12.10 08:19:02.092,0.96698,0.96743,2.30,2.30
2010.12.10 08:19:02.776,0.96701,0.96743,2.30,2.30
2010.12.10 08:19:04.672,0.96703,0.96749,2.30,2.50
2010.12.10 08:19:10.645,0.96702,0.96748,2.30,2.60
2010.12.10 08:19:10.753,0.96701,0.96745,2.30,2.30
2010.12.10 08:19:10.862,0.96701,0.96745,2.30,2.40
2010.12.10 08:19:10.974,0.96697,0.96743,4.50,2.60
2010.12.10 08:19:11.467,0.96697,0.96739,2.30,2.30
2010.12.10 08:19:11.586,0.9669,0.96736,2.30,2.50
2010.12.10 08:19:12.881,0.96691,0.96737,2.30,2.60
2010.12.10 08:19:12.991,0.96691,0.96737,2.30,2.60
2010.12.10 08:19:13.631,0.96693,0.96737,2.30,2.60
2010.12.10 08:19:14.464,0.96693,0.96737,2.30,2.80
2010.12.10 08:19:14.990,0.96693,0.96737,2.30,2.60
2010.12.10 08:19:16.696,0.96693,0.96737,2.30,2.60
2010.12.10 08:19:17.114,0.96693,0.96737,2.30,2.50
2010.12.10 08:19:17.582,0.96695,0.9674,2.30,1.50
2010.12.10 08:19:18.393,0.96697,0.9674,2.30,1.60
2010.12.10 08:19:19.511,0.96698,0.96736,1.70,1.50
2010.12.10 08:19:20.170,0.96702,0.96742,1.50,4.00
2010.12.10 08:19:21.274,0.96693,0.96731,1.70,1.50
2010.12.10 08:19:21.382,0.96693,0.96731,1.70,1.50
2010.12.10 08:19:22.031,0.96693,0.96731,2.60,1.50
2010.12.10 08:19:22.737,0.96712,0.96742,1.70,2.30
2010.12.10 08:19:22.875,0.96702,0.96748,3.20,2.50
2010.12.10 08:19:22.992,0.96707,0.96751,2.30,3.20
2010.12.10 08:19:23.618,0.96698,0.96742,2.30,4.00
2010.12.10 08:19:24.324,0.96697,0.96741,4.50,2.50
2010.12.10 08:19:24.434,0.96704,0.96748,2.30,2.60
2010.12.10 08:19:25.615,0.96702,0.96748,2.30,2.60
2010.12.10 08:19:25.721,0.96704,0.96748,2.30,2.60
2010.12.10 08:19:26.377,0.96708,0.96747,2.50,2.30
2010.12.10 08:19:26.491,0.96708,0.96751,2.50,2.30
2010.12.10 08:19:27.316,0.96708,0.96752,4.70,2.30
2010.12.10 08:19:27.436,0.96708,0.96752,2.30,11.90
2010.12.10 08:19:27.552,0.96706,0.96748,2.30,6.00
2010.12.10 08:19:27.774,0.967,0.96743,2.30,2.40
2010.12.10 08:19:28.296,0.96698,0.96744,4.50,2.40
2010.12.10 08:19:28.418,0.96698,0.96743,2.30,2.40
2010.12.10 08:19:29.119,0.96698,0.96743,2.30,2.40
2010.12.10 08:19:29.571,0.96698,0.96744,4.50,2.30
2010.12.10 08:19:30.049,0.96702,0.96748,2.30,2.60
2010.12.10 08:19:30.272,0.96707,0.96749,2.30,2.30
2010.12.10 08:19:30.383,0.96707,0.96752,2.30,2.50
2010.12.10 08:19:31.004,0.96705,0.96751,2.30,2.30
2010.12.10 08:19:31.582,0.96704,0.96745,2.30,2.30
2010.12.10 08:19:32.217,0.96706,0.9675,2.30,2.30
2010.12.10 08:19:33.047,0.96704,0.96748,2.30,2.30
2010.12.10 08:19:33.693,0.96701,0.96744,2.30,2.30
2010.12.10 08:19:33.913,0.96694,0.96732,1.50,1.50
2010.12.10 08:19:34.494,0.96692,0.96731,2.30,2.30
2010.12.10 08:19:34.632,0.96688,0.96731,4.60,2.30
2010.12.10 08:19:35.548,0.96694,0.96737,2.30,2.30
2010.12.10 08:19:36.442,0.96696,0.96742,2.30,4.00
2010.12.10 08:19:37.102,0.96697,0.96741,2.30,2.30
2010.12.10 08:19:37.904,0.96697,0.9674,2.30,2.30
2010.12.10 08:19:38.066,0.96697,0.9674,2.30,2.40
2010.12.10 08:19:38.736,0.96697,0.9674,2.30,2.40
2010.12.10 08:19:38.857,0.96697,0.9674,2.30,2.30
2010.12.10 08:19:38.972,0.96697,0.96741,2.30,3.20
2010.12.10 08:19:39.825,0.96694,0.96739,2.30,2.50
2010.12.10 08:19:41.187,0.96693,0.96738,2.30,2.60
2010.12.10 08:19:42.401,0.96694,0.96737,2.30,2.60
2010.12.10 08:19:42.655,0.96694,0.96737,2.30,2.60
2010.12.10 08:19:43.299,0.96692,0.96737,2.30,2.60
2010.12.10 08:19:45.640,0.96694,0.96738,2.30,2.40
2010.12.10 08:19:47.110,0.96696,0.96738,2.50,1.50
2010.12.10 08:19:48.344,0.96696,0.96738,2.50,1.70
2010.12.10 08:19:49.524,0.96697,0.9674,5.50,2.30
2010.12.10 08:19:51.333,0.96697,0.9674,2.50,2.30
2010.12.10 08:19:53.252,0.96698,0.96741,5.50,2.30
2010.12.10 08:19:53.363,0.96702,0.96747,1.70,2.30
2010.12.10 08:19:54.029,0.96707,0.96751,2.50,2.40
2010.12.10 08:19:54.397,0.96706,0.9675,2.50,2.30
2010.12.10 08:19:54.511,0.96706,0.96752,2.50,4.50
2010.12.10 08:19:55.048,0.96706,0.96752,2.50,4.70
2010.12.10 08:19:56.582,0.96706,0.9675,2.50,2.30
2010.12.10 08:19:56.701,0.96706,0.9675,2.50,2.40
2010.12.10 08:19:56.905,0.96706,0.9675,2.50,2.30
2010.12.10 08:19:58.973,0.96705,0.96749,2.50,4.70
2010.12.10 08:19:59.083,0.96703,0.96746,1.50,2.30
2010.12.10 08:20:00.334,0.96705,0.96751,2.30,2.50
2010.12.10 08:20:00.444,0.96704,0.96748,2.30,3.90
2010.12.10 08:20:01.156,0.96695,0.9674,2.30,2.30
2010.12.10 08:20:02.043,0.96695,0.9674,2.30,4.70
2010.12.10 08:20:02.152,0.96693,0.96738,2.30,2.50
2010.12.10 08:20:02.262,0.96693,0.96728,2.30,2.50
2010.12.10 08:20:02.844,0.96679,0.96722,2.30,2.30
2010.12.10 08:20:03.286,0.96682,0.96725,2.30,2.30
2010.12.10 08:20:03.895,0.96684,0.96729,2.30,2.30
2010.12.10 08:20:05.000,0.96684,0.96729,2.50,2.50
2010.12.10 08:20:05.592,0.9668,0.96723,2.50,2.30
2010.12.10 08:20:06.230,0.96679,0.96722,2.50,2.30
2010.12.10 08:20:07.371,0.96678,0.96723,4.70,2.40
2010.12.10 08:20:09.238,0.96678,0.96723,5.50,2.30
2010.12.10 08:20:09.462,0.96683,0.96726,4.00,2.30
2010.12.10 08:20:11.030,0.96683,0.96728,4.00,4.50
2010.12.10 08:20:11.256,0.96683,0.96728,3.80,2.60
2010.12.10 08:20:12.066,0.96686,0.96731,2.50,2.30
2010.12.10 08:20:12.181,0.96688,0.96731,2.30,2.30
2010.12.10 08:20:20.766,0.96688,0.96728,2.30,2.30
2010.12.10 08:20:20.903,0.96688,0.96731,2.30,2.30
2010.12.10 08:20:22.583,0.96692,0.96731,1.70,2.30
2010.12.10 08:20:22.691,0.96692,0.96737,4.00,2.30
2010.12.10 08:20:25.535,0.96692,0.96737,3.80,2.50
2010.12.10 08:20:25.674,0.96693,0.96731,1.70,3.80
2010.12.10 08:20:25.783,0.96692,0.96735,4.00,2.30
2010.12.10 08:20:26.617,0.96686,0.96731,2.50,2.30
2010.12.10 08:20:28.302,0.96686,0.96731,2.40,2.50
2010.12.10 08:20:28.918,0.96685,0.96728,2.30,2.30
2010.12.10 08:20:29.353,0.96685,0.9673,3.30,2.30
2010.12.10 08:20:30.776,0.96685,0.96729,3.30,1.50
2010.12.10 08:20:30.882,0.96685,0.96729,2.60,1.70
2010.12.10 08:20:31.558,0.96685,0.96729,2.50,1.70
2010.12.10 08:20:31.671,0.96685,0.96729,2.60,1.70
2010.12.10 08:20:33.052,0.96687,0.9673,2.60,2.30
2010.12.10 08:20:33.765,0.96688,0.96731,2.50,2.30
2010.12.10 08:20:34.284,0.96686,0.96731,2.30,2.50
2010.12.10 08:20:34.502,0.96684,0.96727,2.50,2.30
2010.12.10 08:20:35.247,0.96682,0.96727,2.40,2.50
2010.12.10 08:20:35.992,0.96683,0.96727,1.10,2.30
2010.12.10 08:20:36.105,0.96686,0.96724,2.50,2.30
2010.12.10 08:20:36.210,0.96688,0.96731,2.50,2.30
2010.12.10 08:20:36.542,0.96686,0.96728,2.40,1.70
2010.12.10 08:20:37.331,0.9668,0.96723,2.30,2.30
2010.12.10 08:20:37.785,0.96681,0.96724,2.40,2.30
2010.12.10 08:20:38.776,0.96685,0.96729,2.30,1.50
2010.12.10 08:20:39.641,0.96685,0.96729,2.40,1.50
2010.12.10 08:20:45.902,0.96688,0.96729,2.30,1.70
2010.12.10 08:20:46.124,0.96691,0.96734,2.50,2.50
2010.12.10 08:20:46.680,0.96692,0.96735,2.30,2.50
2010.12.10 08:20:46.797,0.96687,0.96732,2.50,2.40
2010.12.10 08:20:47.475,0.96687,0.96729,2.30,1.70
2010.12.10 08:20:48.260,0.96687,0.96729,2.40,1.70
2010.12.10 08:20:48.384,0.96681,0.96724,2.30,2.30
2010.12.10 08:20:48.580,0.96681,0.96724,2.40,2.30
2010.12.10 08:20:49.385,0.96681,0.96724,2.30,2.30
2010.12.10 08:20:50.753,0.96681,0.96724,2.40,2.30
2010.12.10 08:20:52.260,0.96684,0.96727,2.30,2.30
2010.12.10 08:20:52.371,0.96689,0.96729,2.30,1.50
2010.12.10 08:20:54.469,0.96691,0.96731,1.50,1.50
2010.12.10 08:20:54.800,0.967,0.96731,2.30,1.50
2010.12.10 08:20:56.455,0.96688,0.96718,2.40,1.50
2010.12.10 08:20:56.585,0.96684,0.96719,2.30,1.50
2010.12.10 08:20:56.803,0.96682,0.96719,2.30,1.50
2010.12.10 08:20:57.350,0.96681,0.96719,2.30,1.50
2010.12.10 08:20:58.343,0.9668,0.96719,2.30,1.50
2010.12.10 08:20:58.474,0.96686,0.96731,2.30,2.50
2010.12.10 08:20:58.698,0.96686,0.96731,2.30,2.50
2010.12.10 08:20:59.053,0.96686,0.96721,2.30,1.70
2010.12.10 08:20:59.163,0.96685,0.96722,2.30,1.70
2010.12.10 08:20:59.889,0.96692,0.96731,2.30,1.70
2010.12.10 08:21:01.684,0.96696,0.96731,2.30,1.70
2010.12.10 08:21:03.844,0.96694,0.96731,2.30,4.00
2010.12.10 08:21:03.951,0.96688,0.96731,2.40,4.00
2010.12.10 08:21:04.448,0.96688,0.96731,2.40,4.00
2010.12.10 08:21:05.586,0.96688,0.96731,2.40,4.00
2010.12.10 08:21:05.722,0.96688,0.96731,2.30,4.00
2010.12.10 08:21:06.511,0.96688,0.96731,2.40,4.00
2010.12.10 08:21:06.734,0.96692,0.96735,2.60,2.50
2010.12.10 08:21:06.842,0.96692,0.96735,2.60,2.50
2010.12.10 08:21:07.310,0.96692,0.96735,2.80,2.50
2010.12.10 08:21:07.424,0.96692,0.96737,2.50,1.10
2010.12.10 08:21:07.800,0.96692,0.96735,2.30,2.30
2010.12.10 08:21:07.913,0.9669,0.96735,4.50,2.30
2010.12.10 08:21:08.131,0.96689,0.96732,2.30,2.30
2010.12.10 08:21:08.864,0.96689,0.96734,2.40,2.30
2010.12.10 08:21:09.206,0.96693,0.96737,2.40,3.20
2010.12.10 08:21:09.840,0.96691,0.96731,2.40,1.70
2010.12.10 08:21:10.066,0.96686,0.96722,2.30,3.20
2010.12.10 08:21:10.594,0.96683,0.96717,2.30,2.50
2010.12.10 08:21:10.704,0.96668,0.96711,4.90,2.30
2010.12.10 08:21:11.428,0.96668,0.96711,4.90,2.30
2010.12.10 08:21:12.310,0.96668,0.96711,12.20,2.30
2010.12.10 08:21:12.531,0.9667,0.96715,2.80,2.50
2010.12.10 08:21:12.751,0.96669,0.96714,2.60,2.30
2010.12.10 08:21:13.424,0.96671,0.96714,2.40,2.30
2010.12.10 08:21:13.672,0.9667,0.96713,2.60,2.30
2010.12.10 08:21:13.782,0.96675,0.96715,2.30,2.30
2010.12.10 08:21:13.890,0.96675,0.96718,2.30,2.30
2010.12.10 08:21:14.741,0.96678,0.96718,2.30,2.30
2010.12.10 08:21:15.961,0.96678,0.96718,2.40,2.30
2010.12.10 08:21:16.291,0.96676,0.96719,2.30,2.30
2010.12.10 08:21:16.768,0.96677,0.96721,2.30,6.00
2010.12.10 08:21:16.900,0.96683,0.96721,1.60,1.50
2010.12.10 08:21:17.014,0.96678,0.96715,2.30,1.50
2010.12.10 08:21:17.122,0.96677,0.96712,1.60,2.30
2010.12.10 08:21:17.777,0.9668,0.96722,3.80,4.00
2010.12.10 08:21:19.785,0.9668,0.96722,3.90,1.80
2010.12.10 08:21:20.333,0.96681,0.96722,2.60,1.50
2010.12.10 08:21:21.611,0.96682,0.96722,1.70,1.50
2010.12.10 08:21:23.435,0.96679,0.96716,2.40,1.50
2010.12.10 08:21:23.872,0.96688,0.96726,3.80,1.50
2010.12.10 08:21:24.628,0.96688,0.96723,2.30,1.50
2010.12.10 08:21:25.452,0.96683,0.96722,2.40,2.50
2010.12.10 08:21:25.561,0.96682,0.96722,1.50,4.80
2010.12.10 08:21:25.671,0.96678,0.96716,1.60,1.50
2010.12.10 08:21:25.892,0.96688,0.96723,1.50,3.20
2010.12.10 08:21:26.222,0.96693,0.96731,1.50,2.50
2010.12.10 08:21:26.829,0.96688,0.96731,2.30,3.20
2010.12.10 08:21:27.611,0.96687,0.96732,2.40,4.70
2010.12.10 08:21:28.557,0.96693,0.96731,1.50,4.70
2010.12.10 08:21:28.831,0.96693,0.96731,1.60,1.70
2010.12.10 08:21:31.923,0.96693,0.96731,1.60,1.70
2010.12.10 08:21:35.554,0.96691,0.96731,2.30,2.50
2010.12.10 08:21:35.667,0.96688,0.96731,2.50,2.50
2010.12.10 08:21:36.443,0.96687,0.96731,2.40,2.50
2010.12.10 08:21:36.771,0.96685,0.96721,2.40,1.50
2010.12.10 08:21:37.441,0.96684,0.96721,2.60,1.50
2010.12.10 08:21:37.882,0.96683,0.96721,1.80,2.50
2010.12.10 08:21:37.992,0.96683,0.96721,1.50,4.70
2010.12.10 08:21:38.541,0.96678,0.96721,2.40,4.70
2010.12.10 08:21:39.250,0.96677,0.96718,2.40,2.30
2010.12.10 08:21:39.362,0.96679,0.96722,2.60,2.50
2010.12.10 08:21:39.472,0.96679,0.96722,6.00,2.50
2010.12.10 08:21:39.581,0.96679,0.96722,2.60,2.30
2010.12.10 08:21:40.262,0.96683,0.96728,2.60,2.30
2010.12.10 08:21:40.726,0.96685,0.96728,2.60,2.30
2010.12.10 08:21:41.615,0.96685,0.96728,2.50,2.40
2010.12.10 08:21:42.257,0.96684,0.96729,6.20,2.50
2010.12.10 08:21:42.372,0.96684,0.96729,2.60,2.50
2010.12.10 08:21:43.569,0.96684,0.96729,6.00,2.50
2010.12.10 08:21:43.733,0.96684,0.96727,2.60,2.60
2010.12.10 08:21:43.843,0.96684,0.96727,6.20,2.50
2010.12.10 08:21:44.699,0.96688,0.96726,1.50,1.50
2010.12.10 08:21:44.813,0.96688,0.96726,3.80,1.70
2010.12.10 08:21:45.524,0.96686,0.96732,2.50,7.00
2010.12.10 08:21:46.384,0.96686,0.96731,2.60,1.10
2010.12.10 08:21:47.435,0.96688,0.96732,1.10,1.90
2010.12.10 08:21:47.982,0.96692,0.96732,2.60,1.50
2010.12.10 08:21:48.092,0.96693,0.96737,2.50,2.50
2010.12.10 08:21:48.441,0.96693,0.96737,4.70,2.60
2010.12.10 08:21:49.257,0.96693,0.96737,4.80,2.60
2010.12.10 08:21:49.521,0.96693,0.96737,3.90,3.30
2010.12.10 08:21:51.912,0.96693,0.96731,2.50,1.50
2010.12.10 08:21:52.550,0.96703,0.96741,1.50,1.60
2010.12.10 08:21:52.903,0.96703,0.96741,1.50,1.50
2010.12.10 08:21:55.205,0.96703,0.96741,1.50,1.70
2010.12.10 08:21:56.157,0.96705,0.96748,2.50,2.40
2010.12.10 08:21:57.514,0.96707,0.96751,2.30,4.10
2010.12.10 08:21:58.002,0.96707,0.96751,3.20,1.50
2010.12.10 08:21:59.214,0.96712,0.96752,1.80,1.50
2010.12.10 08:22:02.174,0.96712,0.96752,1.80,1.50
2010.12.10 08:22:02.510,0.96705,0.96748,2.60,2.50
2010.12.10 08:22:03.791,0.96704,0.96749,2.60,2.50
2010.12.10 08:22:04.677,0.96702,0.96747,4.70,2.30
2010.12.10 08:22:07.264,0.96704,0.96747,2.40,3.20
2010.12.10 08:22:07.591,0.96703,0.96741,1.50,1.50
2010.12.10 08:22:07.950,0.96703,0.96741,2.50,1.50
2010.12.10 08:22:08.504,0.96712,0.96746,1.50,2.30
2010.12.10 08:22:08.631,0.96712,0.9675,1.70,1.50
2010.12.10 08:22:08.742,0.96712,0.9675,1.70,1.60
2010.12.10 08:22:08.851,0.96712,0.9675,1.70,1.50
2010.12.10 08:22:08.961,0.96712,0.9675,1.50,1.70
2010.12.10 08:22:09.073,0.96707,0.96746,2.50,2.30
2010.12.10 08:22:09.727,0.96706,0.96749,2.50,2.60
2010.12.10 08:22:10.793,0.96703,0.96747,2.50,2.30
2010.12.10 08:22:12.362,0.96703,0.96746,2.50,2.30
2010.12.10 08:22:13.482,0.96703,0.96746,2.50,2.40
2010.12.10 08:22:14.114,0.96711,0.9675,1.70,2.40
2010.12.10 08:22:14.980,0.96713,0.9675,1.50,2.40
2010.12.10 08:22:15.091,0.96713,0.9675,1.50,2.40
2010.12.10 08:22:15.870,0.96713,0.9675,1.50,2.40
2010.12.10 08:22:16.652,0.96711,0.9675,1.70,2.40
2010.12.10 08:22:18.043,0.96711,0.9675,1.50,2.60
2010.12.10 08:22:18.820,0.96705,0.96742,2.50,1.50
2010.12.10 08:22:19.263,0.96705,0.96743,1.50,2.60
2010.12.10 08:22:19.482,0.96698,0.96731,2.30,1.50
2010.12.10 08:22:19.699,0.96698,0.96737,2.30,1.70
2010.12.10 08:22:19.809,0.96698,0.96731,2.30,1.50
2010.12.10 08:22:20.413,0.96688,0.9673,2.50,2.50
2010.12.10 08:22:21.794,0.96688,0.9673,2.60,1.70
2010.12.10 08:22:21.905,0.9669,0.96736,2.60,2.50
2010.12.10 08:22:22.933,0.9669,0.96736,2.60,2.50
2010.12.10 08:22:23.210,0.9669,0.96736,2.60,2.50
2010.12.10 08:22:23.320,0.96697,0.96736,2.30,2.50
2010.12.10 08:22:24.166,0.9669,0.96736,2.60,2.50
2010.12.10 08:22:24.282,0.9669,0.96736,2.80,2.50
2010.12.10 08:22:24.761,0.9669,0.96736,2.60,2.60
2010.12.10 08:22:25.540,0.96692,0.96736,1.90,2.30
2010.12.10 08:22:25.650,0.96697,0.96736,2.30,2.30
2010.12.10 08:22:26.233,0.96691,0.96735,2.30,2.50
2010.12.10 08:22:26.340,0.96688,0.96734,2.40,2.50
2010.12.10 08:22:26.560,0.96693,0.96731,1.50,1.50
2010.12.10 08:22:26.780,0.96691,0.96731,1.50,1.50
2010.12.10 08:22:27.576,0.96689,0.9673,2.30,2.50
2010.12.10 08:22:27.695,0.96678,0.96724,4.80,2.50
2010.12.10 08:22:27.807,0.96678,0.96724,11.80,2.50
2010.12.10 08:22:28.581,0.96678,0.96724,5.00,2.50
2010.12.10 08:22:28.807,0.96678,0.96724,4.80,3.20
2010.12.10 08:22:30.490,0.96678,0.96722,2.40,1.70
2010.12.10 08:22:30.710,0.96677,0.96722,4.80,1.70
2010.12.10 08:22:30.821,0.96677,0.96722,4.80,1.70
2010.12.10 08:22:32.362,0.96678,0.96722,6.00,1.70
2010.12.10 08:22:33.021,0.96679,0.96722,2.40,2.50
2010.12.10 08:22:33.592,0.96678,0.96722,2.50,4.70
2010.12.10 08:22:33.700,0.96678,0.96722,2.40,4.80
2010.12.10 08:22:34.608,0.96678,0.96718,2.40,2.50
2010.12.10 08:22:34.721,0.96678,0.96715,2.40,2.50
2010.12.10 08:22:35.407,0.96671,0.96716,2.60,3.20
2010.12.10 08:22:35.552,0.96671,0.96716,2.40,2.50
2010.12.10 08:22:37.271,0.96672,0.96715,2.60,2.30
2010.12.10 08:22:38.145,0.96673,0.96715,1.80,2.30
2010.12.10 08:22:38.379,0.96673,0.96713,1.80,2.30
2010.12.10 08:22:38.712,0.96669,0.96702,2.40,2.30
2010.12.10 08:22:38.821,0.96667,0.96702,2.40,2.30
2010.12.10 08:22:43.173,0.96663,0.96702,1.80,2.30
2010.12.10 08:22:44.496,0.96663,0.96702,2.00,2.30
2010.12.10 08:22:49.980,0.96663,0.96701,1.70,1.50
2010.12.10 08:22:50.620,0.96664,0.96701,2.40,1.50
2010.12.10 08:22:50.730,0.96663,0.96701,3.80,1.50
2010.12.10 08:22:53.664,0.96663,0.96701,1.70,1.50
2010.12.10 08:22:53.771,0.96663,0.96701,1.50,1.50
2010.12.10 08:22:54.677,0.9666,0.96692,2.40,2.50
2010.12.10 08:22:54.793,0.96649,0.96692,2.40,5.50
2010.12.10 08:22:54.901,0.96649,0.96692,2.40,7.00
2010.12.10 08:22:55.812,0.9666,0.96692,6.00,3.80
2010.12.10 08:22:56.032,0.96663,0.96702,2.40,4.70
2010.12.10 08:22:56.142,0.96662,0.96697,1.70,2.50
2010.12.10 08:22:56.256,0.96659,0.96692,2.40,2.50
2010.12.10 08:22:57.162,0.96653,0.96688,2.40,2.50
2010.12.10 08:22:58.720,0.96648,0.96683,2.70,2.30
2010.12.10 08:22:59.938,0.96666,0.96683,2.30,2.30
2010.12.10 08:23:00.535,0.9667,0.96693,2.30,2.30
2010.12.10 08:23:01.071,0.96671,0.96701,2.30,1.50
2010.12.10 08:23:01.566,0.96676,0.96702,2.30,4.00
2010.12.10 08:23:01.790,0.96674,0.96702,4.50,4.00
2010.12.10 08:23:02.961,0.96673,0.96702,2.30,4.70
2010.12.10 08:23:03.815,0.96672,0.96692,2.30,2.30
2010.12.10 08:23:03.920,0.96672,0.96702,2.30,4.70
2010.12.10 08:23:05.451,0.96673,0.96702,2.40,4.00
2010.12.10 08:23:06.025,0.96655,0.96691,2.40,1.50
2010.12.10 08:23:06.131,0.96653,0.96691,1.70,1.50
2010.12.10 08:23:06.460,0.96652,0.96691,2.50,1.50
2010.12.10 08:23:07.712,0.96644,0.96679,6.60,2.30
2010.12.10 08:23:08.177,0.96644,0.96678,6.60,2.30
2010.12.10 08:23:08.291,0.96644,0.96683,6.60,2.30
2010.12.10 08:23:08.790,0.96653,0.96686,1.80,2.30
2010.12.10 08:23:09.011,0.96653,0.96688,1.70,2.50
2010.12.10 08:23:09.120,0.96653,0.96688,1.70,2.50
2010.12.10 08:23:09.885,0.96642,0.96687,6.60,3.00
2010.12.10 08:23:11.041,0.96642,0.96687,6.10,2.50
2010.12.10 08:23:11.574,0.96645,0.96682,5.90,1.50
2010.12.10 08:23:11.685,0.96647,0.9669,2.70,2.30
2010.12.10 08:23:11.792,0.96648,0.9669,6.10,2.30
2010.12.10 08:23:11.905,0.96652,0.96697,6.20,2.30
2010.12.10 08:23:12.408,0.96654,0.96697,2.50,2.30
2010.12.10 08:23:13.493,0.96657,0.96692,2.30,3.80
2010.12.10 08:23:13.602,0.96657,0.96688,2.30,2.50
2010.12.10 08:23:14.157,0.96651,0.96691,2.30,2.50
2010.12.10 08:23:14.334,0.96642,0.96687,2.30,4.50
2010.12.10 08:23:14.661,0.96641,0.96683,2.30,2.50
2010.12.10 08:23:15.226,0.96636,0.96677,2.30,2.30
2010.12.10 08:23:15.451,0.96633,0.96676,2.30,2.30
2010.12.10 08:23:16.005,0.96633,0.96678,2.30,2.50
2010.12.10 08:23:16.224,0.96631,0.96676,2.30,2.30
2010.12.10 08:23:16.834,0.9663,0.96667,2.40,1.50
2010.12.10 08:23:16.946,0.96624,0.96666,3.80,2.30
2010.12.10 08:23:17.066,0.96629,0.96667,1.50,1.50
2010.12.10 08:23:17.291,0.96628,0.96668,2.30,1.50
2010.12.10 08:23:17.989,0.96627,0.96668,2.50,1.50
2010.12.10 08:23:19.042,0.96623,0.96665,2.50,1.70
2010.12.10 08:23:19.152,0.96623,0.96665,2.60,1.70
2010.12.10 08:23:20.163,0.96626,0.96663,2.40,2.50
2010.12.10 08:23:21.545,0.96615,0.96652,2.40,1.70
2010.12.10 08:23:21.652,0.96614,0.96652,2.60,1.70
2010.12.10 08:23:21.872,0.96612,0.9665,4.10,1.50
2010.12.10 08:23:22.576,0.96612,0.96653,1.80,3.30
2010.12.10 08:23:22.814,0.96612,0.96653,1.90,1.10
2010.12.10 08:23:24.305,0.96613,0.96653,2.60,1.10
2010.12.10 08:23:24.851,0.96613,0.96653,5.00,1.10
2010.12.10 08:23:26.663,0.96616,0.96658,6.10,1.10
2010.12.10 08:23:26.773,0.96619,0.96662,1.10,3.10
2010.12.10 08:23:26.883,0.96622,0.96662,1.90,3.10
2010.12.10 08:23:26.992,0.96622,0.96662,1.90,3.10
2010.12.10 08:23:28.265,0.96622,0.96662,2.80,3.10
2010.12.10 08:23:32.292,0.96622,0.96662,2.60,3.30
2010.12.10 08:23:33.808,0.96622,0.96662,2.80,3.30
2010.12.10 08:23:34.592,0.96622,0.96662,2.60,3.30
2010.12.10 08:23:36.052,0.96622,0.96662,2.80,3.30
2010.12.10 08:23:46.862,0.96622,0.96661,6.20,1.20
2010.12.10 08:23:47.763,0.96623,0.96661,2.90,1.20
2010.12.10 08:23:49.542,0.96623,0.96661,6.60,1.20
2010.12.10 08:23:50.831,0.96623,0.96662,2.90,1.20
2010.12.10 08:23:50.942,0.96623,0.96662,2.60,1.20
2010.12.10 08:23:52.173,0.96624,0.96663,2.40,1.40
2010.12.10 08:23:53.074,0.96627,0.96662,2.50,1.20
2010.12.10 08:23:53.731,0.96634,0.96672,1.80,1.20
2010.12.10 08:23:53.953,0.96636,0.96672,6.10,1.20
2010.12.10 08:23:54.064,0.96638,0.96679,3.40,1.20
2010.12.10 08:23:54.171,0.96644,0.96681,1.60,2.30
2010.12.10 08:23:54.663,0.96644,0.96681,1.50,2.30
2010.12.10 08:23:54.803,0.96639,0.9668,2.30,1.40
2010.12.10 08:23:55.832,0.96637,0.9668,2.50,3.80
2010.12.10 08:23:55.942,0.96637,0.9668,2.40,3.50
2010.12.10 08:23:56.163,0.96639,0.9668,2.30,1.20
2010.12.10 08:23:58.559,0.96639,0.9668,2.30,1.40
2010.12.10 08:23:59.451,0.96634,0.96677,2.30,2.30
2010.12.10 08:24:00.936,0.96634,0.96672,2.30,1.20
2010.12.10 08:24:01.832,0.9663,0.96672,2.30,1.20
2010.12.10 08:24:01.946,0.96633,0.96672,2.30,1.20
2010.12.10 08:24:07.776,0.9663,0.96671,2.30,1.40
2010.12.10 08:24:08.095,0.9663,0.96671,2.40,1.40
2010.12.10 08:24:08.431,0.96634,0.96676,2.30,2.30
2010.12.10 08:24:08.651,0.96633,0.96676,2.30,2.40
2010.12.10 08:24:09.243,0.96629,0.96675,2.40,2.30
2010.12.10 08:24:09.414,0.96629,0.96675,2.30,2.40
2010.12.10 08:24:10.372,0.96629,0.96675,2.40,2.30
2010.12.10 08:24:10.703,0.96633,0.96677,4.10,2.30
2010.12.10 08:24:10.922,0.96633,0.96678,9.80,2.30
2010.12.10 08:24:11.503,0.96635,0.9668,2.40,3.60
2010.12.10 08:24:12.186,0.96635,0.96679,2.30,1.70
2010.12.10 08:24:14.663,0.96635,0.96672,2.30,2.30
2010.12.10 08:24:17.624,0.96629,0.96669,2.50,1.70
2010.12.10 08:24:21.664,0.96627,0.96662,2.50,1.50
2010.12.10 08:24:21.828,0.96624,0.96662,3.90,1.70
2010.12.10 08:24:21.944,0.96624,0.96662,3.80,2.50
2010.12.10 08:24:22.536,0.96619,0.96662,2.40,4.70
2010.12.10 08:24:22.641,0.96619,0.96662,2.30,4.70
2010.12.10 08:24:22.862,0.96618,0.96662,2.40,4.70
2010.12.10 08:24:23.441,0.96621,0.96662,2.50,4.00
2010.12.10 08:24:23.593,0.96627,0.96669,2.30,1.70
2010.12.10 08:24:24.792,0.96627,0.96669,3.20,1.50
2010.12.10 08:24:25.011,0.9663,0.96674,2.50,2.50
2010.12.10 08:24:26.251,0.9663,0.96673,2.30,2.60
2010.12.10 08:24:26.867,0.96626,0.9667,2.40,4.00
2010.12.10 08:24:27.813,0.96626,0.96667,2.40,1.10
2010.12.10 08:24:28.142,0.96621,0.9666,2.40,1.70
2010.12.10 08:24:28.617,0.96628,0.9666,2.30,1.70
2010.12.10 08:24:30.330,0.96631,0.96663,2.30,2.50
2010.12.10 08:24:30.451,0.96633,0.96667,2.30,1.10
2010.12.10 08:24:31.442,0.96631,0.96667,2.30,1.10
2010.12.10 08:24:32.012,0.96631,0.96669,2.30,1.90
2010.12.10 08:24:34.785,0.96629,0.96669,2.30,1.90
2010.12.10 08:24:35.574,0.96629,0.96666,2.30,1.10
2010.12.10 08:24:35.685,0.96627,0.96661,2.30,1.70
2010.12.10 08:24:36.363,0.96622,0.96661,2.30,1.70
2010.12.10 08:24:36.482,0.96619,0.96661,2.30,2.50
2010.12.10 08:24:37.701,0.96619,0.96653,2.30,3.20
2010.12.10 08:24:37.859,0.96609,0.96651,2.60,1.70
2010.12.10 08:24:37.972,0.96608,0.96651,2.60,1.70
2010.12.10 08:24:39.982,0.96608,0.96651,2.40,1.70
2010.12.10 08:24:40.203,0.96608,0.96651,2.40,1.70
2010.12.10 08:24:41.144,0.96608,0.96651,2.40,1.70
2010.12.10 08:24:41.699,0.96608,0.96636,2.30,1.50
2010.12.10 08:24:41.923,0.96603,0.9664,2.40,1.70
2010.12.10 08:24:42.525,0.96604,0.96649,2.60,3.20
2010.12.10 08:24:42.632,0.96604,0.96649,4.60,3.20
2010.12.10 08:24:42.741,0.96605,0.9665,2.40,3.20
2010.12.10 08:24:43.404,0.96607,0.9665,2.40,3.80
2010.12.10 08:24:44.398,0.96607,0.9665,2.40,3.80
2010.12.10 08:24:44.753,0.96607,0.9665,2.40,1.50
2010.12.10 08:24:44.863,0.96607,0.9665,2.60,1.70
2010.12.10 08:24:45.532,0.96607,0.9665,2.80,1.70
2010.12.10 08:24:46.989,0.96607,0.9665,2.60,4.00
2010.12.10 08:24:47.941,0.96607,0.9665,2.60,1.70
2010.12.10 08:24:50.691,0.96607,0.9665,2.60,4.00
2010.12.10 08:24:50.802,0.96605,0.9665,2.40,4.70
2010.12.10 08:24:51.483,0.96605,0.9665,2.40,3.20
2010.12.10 08:24:52.052,0.96605,0.9665,2.60,3.20
2010.12.10 08:24:53.741,0.96605,0.9665,2.40,3.20
2010.12.10 08:24:54.860,0.96605,0.9665,2.40,2.50
2010.12.10 08:24:54.971,0.96605,0.9665,2.40,2.50
2010.12.10 08:24:55.674,0.96606,0.96651,2.40,4.10
2010.12.10 08:24:55.972,0.96606,0.96651,2.40,4.00
2010.12.10 08:24:58.443,0.96606,0.96651,2.40,4.00
2010.12.10 08:24:58.553,0.96606,0.96651,2.40,4.70
2010.12.10 08:24:58.662,0.96604,0.96649,2.40,3.20
2010.12.10 08:24:58.884,0.96603,0.96646,2.40,3.20
2010.12.10 08:24:59.213,0.96602,0.96645,2.80,2.50
2010.12.10 08:24:59.322,0.96602,0.96645,2.40,3.20
2010.12.10 08:24:59.967,0.966,0.96643,2.40,3.20
2010.12.10 08:25:00.962,0.96601,0.96644,2.40,3.20
2010.12.10 08:25:01.072,0.96599,0.96641,2.40,3.20
2010.12.10 08:25:03.704,0.96596,0.96641,2.40,4.70
2010.12.10 08:25:06.932,0.96596,0.96641,5.90,4.70
2010.12.10 08:25:09.287,0.96594,0.96637,5.90,3.20
2010.12.10 08:25:09.952,0.96597,0.96633,2.50,1.50
2010.12.10 08:25:10.124,0.966,0.96643,6.00,1.50
2010.12.10 08:25:10.946,0.96603,0.96648,2.50,3.20
2010.12.10 08:25:11.416,0.96603,0.96648,2.60,3.20
2010.12.10 08:25:12.492,0.96602,0.96647,2.40,2.50
2010.12.10 08:25:13.190,0.96603,0.96646,2.60,2.50
2010.12.10 08:25:14.274,0.96603,0.96646,2.40,2.50
2010.12.10 08:25:14.604,0.96607,0.96646,2.60,2.30
2010.12.10 08:25:15.187,0.96611,0.96657,2.40,2.50
2010.12.10 08:25:15.302,0.96616,0.96659,2.30,2.30
2010.12.10 08:25:15.521,0.96616,0.96662,2.30,2.40
2010.12.10 08:25:15.747,0.96615,0.96661,2.30,2.50
2010.12.10 08:25:16.329,0.96622,0.96662,1.50,3.80
2010.12.10 08:25:16.443,0.96617,0.96661,2.30,1.50
2010.12.10 08:25:17.099,0.96623,0.96661,1.50,1.50
2010.12.10 08:25:25.602,0.96623,0.96661,3.90,1.50
2010.12.10 08:25:25.724,0.96623,0.96661,3.80,1.50
2010.12.10 08:25:25.833,0.96623,0.96661,1.50,1.70
2010.12.10 08:25:26.529,0.96617,0.96662,2.30,4.70
2010.12.10 08:25:28.893,0.96616,0.9666,2.30,3.20
2010.12.10 08:25:29.902,0.96616,0.9666,2.50,2.30
2010.12.10 08:25:30.122,0.96619,0.96661,1.50,4.00
2010.12.10 08:25:32.333,0.96622,0.96661,1.10,1.50
2010.12.10 08:25:32.890,0.96629,0.96662,1.50,2.30
2010.12.10 08:25:33.028,0.96622,0.96663,2.30,2.50
2010.12.10 08:25:33.251,0.96619,0.96663,2.30,2.50
2010.12.10 08:25:33.721,0.96619,0.96663,2.40,2.50
2010.12.10 08:25:34.642,0.96619,0.96663,2.30,2.30
2010.12.10 08:25:34.777,0.96619,0.96662,2.40,2.30
2010.12.10 08:25:35.001,0.96619,0.96662,2.30,2.30
2010.12.10 08:25:36.051,0.96619,0.9666,2.30,2.50
2010.12.10 08:25:36.835,0.9661,0.96656,2.40,2.50
2010.12.10 08:25:36.965,0.96609,0.96652,2.40,2.30
2010.12.10 08:25:37.293,0.96608,0.96652,2.50,4.50
2010.12.10 08:25:37.403,0.96608,0.96652,2.40,4.50
2010.12.10 08:25:38.670,0.96608,0.96652,2.40,4.50
2010.12.10 08:25:39.261,0.96608,0.96652,2.60,4.70
2010.12.10 08:25:40.032,0.96607,0.96652,6.00,4.70
2010.12.10 08:25:42.533,0.96612,0.96652,2.60,2.30
2010.12.10 08:25:43.080,0.96612,0.96653,2.60,2.50
2010.12.10 08:25:43.694,0.96614,0.96653,1.70,2.30
2010.12.10 08:25:43.802,0.96614,0.96658,1.80,2.30
2010.12.10 08:25:45.311,0.96619,0.96661,3.90,1.70
2010.12.10 08:25:45.861,0.96614,0.96658,2.40,1.10
2010.12.10 08:25:46.175,0.96614,0.9666,2.40,3.20
2010.12.10 08:25:47.430,0.96616,0.96661,2.60,1.70
2010.12.10 08:25:51.266,0.96614,0.96657,1.70,2.50
2010.12.10 08:25:51.496,0.9662,0.96652,2.30,1.50
2010.12.10 08:25:51.602,0.96613,0.96652,2.40,1.50
2010.12.10 08:25:52.272,0.9662,0.96652,2.30,1.50
2010.12.10 08:25:52.287,0.96618,0.96652,2.40,1.50
2010.12.10 08:25:52.412,0.96622,0.96661,2.30,1.70
2010.12.10 08:25:52.851,0.9662,0.96661,4.50,1.70
2010.12.10 08:25:53.581,0.9662,0.96661,2.40,1.70
2010.12.10 08:25:54.234,0.9662,0.96661,2.40,1.50
2010.12.10 08:25:54.951,0.9662,0.96662,2.40,1.50
2010.12.10 08:25:56.743,0.96621,0.96662,2.60,1.50
2010.12.10 08:25:57.401,0.96623,0.96663,2.30,2.50
2010.12.10 08:25:57.732,0.9662,0.96663,2.30,2.50
2010.12.10 08:25:58.383,0.96621,0.96663,2.30,2.50
2010.12.10 08:25:58.959,0.96624,0.96663,2.30,2.50
2010.12.10 08:25:59.461,0.96624,0.96663,2.30,2.30
2010.12.10 08:25:59.792,0.96622,0.96663,4.50,2.30
2010.12.10 08:26:01.252,0.96622,0.96663,2.30,2.50
2010.12.10 08:26:01.361,0.9662,0.96662,4.50,1.70
2010.12.10 08:26:01.581,0.96615,0.96661,2.40,2.50
2010.12.10 08:26:02.881,0.96618,0.96662,2.40,4.70
2010.12.10 08:26:02.995,0.9662,0.96662,1.70,1.70
2010.12.10 08:26:03.589,0.96625,0.96662,2.40,1.70
2010.12.10 08:26:05.761,0.96623,0.96662,2.60,1.50
2010.12.10 08:26:05.876,0.96625,0.96661,2.60,1.50
2010.12.10 08:26:07.777,0.96625,0.96662,2.40,2.50
2010.12.10 08:26:09.443,0.96627,0.96663,2.40,2.50
2010.12.10 08:26:09.665,0.96625,0.96663,3.90,4.70
2010.12.10 08:26:13.703,0.96619,0.96661,2.40,1.70
2010.12.10 08:26:13.822,0.96619,0.96661,2.40,1.70
2010.12.10 08:26:14.271,0.96619,0.96661,2.40,1.70
2010.12.10 08:26:14.979,0.96619,0.96661,2.40,1.70
2010.12.10 08:26:15.320,0.96621,0.96661,2.40,1.70
2010.12.10 08:26:15.763,0.96621,0.96661,6.10,1.70
2010.12.10 08:26:15.873,0.9662,0.96661,2.40,1.70
2010.12.10 08:26:17.961,0.96619,0.96661,7.90,1.50
2010.12.10 08:26:18.624,0.96623,0.96663,1.80,4.00
2010.12.10 08:26:20.282,0.96624,0.96663,6.00,2.30
2010.12.10 08:26:20.920,0.96624,0.96662,1.80,1.50
2010.12.10 08:26:23.303,0.96626,0.96662,2.40,1.50
2010.12.10 08:26:23.413,0.96629,0.96672,2.60,2.50
2010.12.10 08:26:23.523,0.96629,0.96672,2.50,2.60
2010.12.10 08:26:24.864,0.96629,0.96672,2.60,2.50
2010.12.10 08:26:25.524,0.96629,0.96672,2.60,1.50
2010.12.10 08:26:25.634,0.96633,0.96673,2.50,2.30
2010.12.10 08:26:26.329,0.96645,0.96688,2.50,2.30
2010.12.10 08:26:26.442,0.96647,0.9669,2.30,2.30
2010.12.10 08:26:26.555,0.96649,0.96692,2.30,1.70
2010.12.10 08:26:27.264,0.96651,0.96692,2.30,1.80
2010.12.10 08:26:30.222,0.96648,0.96692,2.40,1.80
2010.12.10 08:26:30.795,0.96647,0.96692,2.40,4.00
2010.12.10 08:26:31.123,0.96645,0.9669,2.30,3.20
2010.12.10 08:26:31.652,0.96645,0.9669,2.40,3.20
2010.12.10 08:26:32.726,0.96645,0.9669,2.40,3.20
2010.12.10 08:26:32.834,0.96648,0.9669,2.40,2.30
2010.12.10 08:26:33.371,0.96651,0.96692,2.40,1.70
2010.12.10 08:26:33.490,0.96656,0.96699,2.30,2.50
2010.12.10 08:26:33.604,0.96658,0.96701,2.30,2.50
2010.12.10 08:26:34.517,0.9666,0.96702,2.30,1.70
2010.12.10 08:26:35.861,0.9666,0.96702,2.30,1.80
2010.12.10 08:26:36.643,0.9666,0.96702,2.30,1.70
2010.12.10 08:26:38.076,0.96659,0.96702,2.30,4.00
2010.12.10 08:26:38.182,0.96657,0.96702,2.60,4.00
2010.12.10 08:26:38.751,0.96657,0.967,2.50,2.40
2010.12.10 08:26:38.972,0.96657,0.967,2.50,2.30
2010.12.10 08:26:39.862,0.96657,0.967,2.50,2.40
2010.12.10 08:26:41.274,0.96657,0.967,2.60,2.40
2010.12.10 08:26:41.993,0.96657,0.96702,2.60,4.30
2010.12.10 08:26:42.521,0.96658,0.96702,1.10,4.30
2010.12.10 08:26:42.638,0.96663,0.96701,1.50,1.50
2010.12.10 08:26:42.754,0.96663,0.96701,2.50,1.50
2010.12.10 08:26:42.862,0.96673,0.9671,1.50,2.40
2010.12.10 08:26:43.451,0.96673,0.96711,1.50,1.50
2010.12.10 08:26:43.565,0.96669,0.96712,2.50,3.80
2010.12.10 08:26:43.673,0.96673,0.96711,1.50,1.50
2010.12.10 08:26:46.504,0.96673,0.96715,1.70,2.30
2010.12.10 08:26:47.000,0.96683,0.9672,1.50,2.30
2010.12.10 08:26:47.333,0.96683,0.96712,1.50,2.30
2010.12.10 08:26:47.442,0.96672,0.96712,1.50,3.80
2010.12.10 08:26:47.963,0.96675,0.96719,2.50,2.60
2010.12.10 08:26:48.663,0.96675,0.96719,2.60,2.50
2010.12.10 08:26:49.514,0.96678,0.9672,2.30,1.80
2010.12.10 08:26:51.962,0.96677,0.9672,2.50,1.90
2010.12.10 08:26:52.483,0.96678,0.9672,2.30,1.90
2010.12.10 08:26:53.261,0.96678,0.9672,2.30,4.10
2010.12.10 08:26:53.541,0.96678,0.9672,2.30,1.90
2010.12.10 08:26:54.235,0.96673,0.96712,2.30,4.70
2010.12.10 08:26:54.462,0.96668,0.96711,2.40,2.50
2010.12.10 08:26:56.024,0.96668,0.96711,2.30,2.60
2010.12.10 08:26:56.472,0.96668,0.96711,2.30,2.60
2010.12.10 08:27:01.142,0.96668,0.96711,2.60,1.50
2010.12.10 08:27:01.708,0.96672,0.96712,1.70,3.80
2010.12.10 08:27:02.540,0.96668,0.9671,2.30,3.20
2010.12.10 08:27:03.239,0.96667,0.96706,2.40,2.50
2010.12.10 08:27:03.392,0.96661,0.96704,5.90,2.30
2010.12.10 08:27:03.502,0.96663,0.96706,2.40,2.50
2010.12.10 08:27:04.311,0.96665,0.96708,2.40,2.50
2010.12.10 08:27:05.244,0.96667,0.96706,2.30,2.50
2010.12.10 08:27:05.360,0.96672,0.96711,2.30,1.50
2010.12.10 08:27:05.473,0.9667,0.96711,3.80,1.50
2010.12.10 08:27:05.585,0.9667,0.96711,1.50,2.50
2010.12.10 08:27:05.692,0.96665,0.96708,2.30,2.50
2010.12.10 08:27:06.266,0.96663,0.96708,2.30,2.50
2010.12.10 08:27:06.505,0.96663,0.96708,2.50,2.40
2010.12.10 08:27:07.029,0.96663,0.96708,2.30,2.60
2010.12.10 08:27:07.362,0.96669,0.96708,2.30,2.30
2010.12.10 08:27:07.472,0.96671,0.96712,2.30,2.50
2010.12.10 08:27:08.322,0.96671,0.96716,2.30,2.30
2010.12.10 08:27:09.002,0.96673,0.96719,2.30,2.60
2010.12.10 08:27:09.115,0.96674,0.96717,2.30,2.40
2010.12.10 08:27:10.024,0.96667,0.96711,4.70,1.50
2010.12.10 08:27:10.493,0.96673,0.96718,2.30,2.60
2010.12.10 08:27:11.627,0.96678,0.96718,2.30,2.60
2010.12.10 08:27:12.263,0.96678,0.9672,2.30,2.60
2010.12.10 08:27:12.985,0.96674,0.96717,2.30,2.60
2010.12.10 08:27:15.783,0.96673,0.96716,2.30,2.30
2010.12.10 08:27:16.486,0.96672,0.96715,2.30,2.30
2010.12.10 08:27:17.142,0.96672,0.96717,2.30,2.60
2010.12.10 08:27:18.183,0.96672,0.96717,2.40,2.60
2010.12.10 08:27:19.312,0.96672,0.96717,2.30,2.60
2010.12.10 08:27:19.532,0.96672,0.96717,2.30,2.50
2010.12.10 08:27:20.275,0.96668,0.96712,2.50,2.30
2010.12.10 08:27:21.970,0.96671,0.96716,2.30,2.30
2010.12.10 08:27:22.193,0.9667,0.96711,2.30,1.50
2010.12.10 08:27:22.303,0.96668,0.9671,2.40,2.30
2010.12.10 08:27:22.414,0.96668,0.9671,2.40,3.20
2010.12.10 08:27:23.251,0.96661,0.96704,2.60,2.30
2010.12.10 08:27:23.363,0.96661,0.96704,2.60,2.30
2010.12.10 08:27:23.802,0.96661,0.96706,2.60,2.30
2010.12.10 08:27:24.379,0.96662,0.96707,2.40,2.50
2010.12.10 08:27:25.953,0.96668,0.96708,2.30,4.50
2010.12.10 08:27:26.062,0.96668,0.9671,2.30,2.30
2010.12.10 08:27:26.183,0.96668,0.96708,2.30,2.30
2010.12.10 08:27:26.517,0.96668,0.96707,2.30,2.50
2010.12.10 08:27:28.196,0.96668,0.96707,2.30,2.80
2010.12.10 08:27:28.917,0.96668,0.96707,2.30,2.60
2010.12.10 08:27:29.033,0.96668,0.96707,2.30,2.50
2010.12.10 08:27:29.353,0.9667,0.96709,2.40,2.30
2010.12.10 08:27:29.463,0.9667,0.96715,2.40,2.40
2010.12.10 08:27:29.914,0.96673,0.96718,2.30,2.60
2010.12.10 08:27:31.154,0.96674,0.96717,2.30,3.30
2010.12.10 08:27:31.834,0.96656,0.96699,2.30,3.20
2010.12.10 08:27:32.052,0.96653,0.96693,2.30,2.50
2010.12.10 08:27:32.273,0.9665,0.96693,2.30,2.50
2010.12.10 08:27:33.642,0.96651,0.96694,2.30,2.50
2010.12.10 08:27:34.663,0.96651,0.96694,2.40,2.50
2010.12.10 08:27:34.807,0.9666,0.96705,2.30,2.30
2010.12.10 08:27:34.921,0.9666,0.96705,2.30,2.40
2010.12.10 08:27:35.031,0.9666,0.96705,2.30,2.30
2010.12.10 08:27:35.364,0.96663,0.96706,2.30,2.40
2010.12.10 08:27:35.473,0.96663,0.96706,2.50,2.30
2010.12.10 08:27:36.063,0.96666,0.96711,2.50,2.30
2010.12.10 08:27:36.179,0.96663,0.96708,2.30,2.60
2010.12.10 08:27:36.895,0.96659,0.96704,2.40,2.30
2010.12.10 08:27:38.026,0.96659,0.96704,2.40,2.30
2010.12.10 08:27:38.152,0.96659,0.96704,2.40,2.30
2010.12.10 08:27:38.262,0.96659,0.96704,2.30,2.30
2010.12.10 08:27:38.372,0.96662,0.96706,2.30,2.30
2010.12.10 08:27:38.934,0.96662,0.96707,2.30,2.30
2010.12.10 08:27:39.734,0.96668,0.96707,2.30,2.50
2010.12.10 08:27:39.957,0.96649,0.96691,1.60,1.50
2010.12.10 08:27:40.506,0.96652,0.96691,1.10,1.50
2010.12.10 08:27:40.724,0.96663,0.96692,2.30,2.30
2010.12.10 08:27:40.943,0.96663,0.96694,2.30,1.50
2010.12.10 08:27:41.524,0.9667,0.96709,2.30,2.50
2010.12.10 08:27:41.655,0.96659,0.96701,2.30,2.50
2010.12.10 08:27:42.282,0.96656,0.96701,2.30,4.00
2010.12.10 08:27:42.397,0.96659,0.96701,2.30,1.50
2010.12.10 08:27:43.299,0.96656,0.96701,2.30,2.30
2010.12.10 08:27:43.428,0.96659,0.967,1.70,2.30
2010.12.10 08:27:43.952,0.96657,0.967,2.30,2.30
2010.12.10 08:27:44.075,0.96659,0.96692,2.30,2.50
2010.12.10 08:27:44.293,0.96641,0.96687,2.60,2.30
2010.12.10 08:27:44.403,0.96642,0.96687,1.10,2.30
2010.12.10 08:27:44.993,0.96647,0.9669,4.50,2.30
2010.12.10 08:27:45.323,0.96653,0.96689,1.70,2.30
2010.12.10 08:27:45.962,0.96645,0.96683,1.60,1.50
2010.12.10 08:27:46.669,0.96642,0.96682,1.70,1.50
2010.12.10 08:27:47.332,0.96642,0.96682,1.60,1.50
2010.12.10 08:27:47.552,0.96642,0.96682,1.70,1.50
2010.12.10 08:27:48.205,0.96642,0.96682,1.90,1.50
2010.12.10 08:27:49.378,0.96638,0.96682,4.80,4.70
2010.12.10 08:27:49.603,0.96639,0.96673,2.40,1.50
2010.12.10 08:27:50.235,0.96639,0.96673,2.30,1.50
2010.12.10 08:27:50.389,0.96638,0.96673,2.40,1.50
2010.12.10 08:27:51.267,0.96633,0.96673,1.90,1.50
2010.12.10 08:27:52.345,0.96635,0.96673,1.50,1.50
2010.12.10 08:27:52.454,0.96637,0.96679,2.40,3.20
2010.12.10 08:27:52.563,0.96637,0.96679,2.60,2.30
2010.12.10 08:27:53.260,0.96638,0.96682,2.60,4.00
2010.12.10 08:27:54.396,0.96638,0.96682,3.20,2.30
2010.12.10 08:27:55.504,0.96638,0.96682,3.40,2.30
2010.12.10 08:27:56.914,0.96637,0.96681,2.40,2.30
2010.12.10 08:27:57.755,0.96633,0.96679,4.30,2.30
2010.12.10 08:27:59.153,0.96637,0.96679,2.40,2.60
2010.12.10 08:28:00.574,0.96639,0.96682,2.40,2.50
2010.12.10 08:28:01.257,0.9664,0.96682,2.40,2.60
2010.12.10 08:28:02.552,0.9664,0.96682,2.60,1.70
2010.12.10 08:28:02.702,0.96642,0.96688,2.60,3.30
2010.12.10 08:28:02.923,0.96637,0.96683,2.60,3.20
2010.12.10 08:28:03.330,0.96638,0.96683,2.30,2.30
2010.12.10 08:28:03.902,0.96641,0.96687,2.30,2.50
2010.12.10 08:28:04.014,0.96641,0.96687,2.40,2.60
2010.12.10 08:28:04.474,0.96648,0.96686,2.30,2.30
2010.12.10 08:28:05.185,0.9664,0.96686,2.40,2.30
2010.12.10 08:28:06.144,0.96648,0.96686,2.30,2.30
2010.12.10 08:28:08.043,0.96651,0.96696,2.30,6.00
2010.12.10 08:28:08.153,0.96651,0.96696,2.30,2.60
2010.12.10 08:28:08.264,0.96653,0.96696,2.30,2.60
2010.12.10 08:28:08.382,0.96653,0.96696,2.30,2.50
2010.12.10 08:28:08.608,0.96651,0.96696,2.30,2.60
2010.12.10 08:28:09.209,0.96651,0.96692,2.30,1.70
2010.12.10 08:28:09.334,0.96646,0.96691,2.30,2.60
2010.12.10 08:28:10.699,0.96646,0.96691,2.30,2.50
2010.12.10 08:28:11.399,0.9665,0.96693,2.30,7.10
2010.12.10 08:28:12.885,0.96664,0.96708,1.50,2.60
2010.12.10 08:28:13.102,0.96672,0.96715,2.30,2.50
2010.12.10 08:28:14.021,0.96672,0.96717,2.30,2.80
2010.12.10 08:28:15.229,0.96671,0.96716,2.30,2.50
2010.12.10 08:28:15.342,0.96674,0.96717,2.30,2.50
2010.12.10 08:28:15.562,0.96674,0.96717,2.30,2.30
2010.12.10 08:28:16.005,0.96672,0.96717,2.30,2.40
2010.12.10 08:28:17.111,0.96675,0.96717,2.30,2.30
2010.12.10 08:28:17.892,0.96684,0.9673,2.30,2.60
2010.12.10 08:28:17.943,0.9669,0.96732,2.30,6.40
2010.12.10 08:28:18.056,0.96689,0.96732,2.30,2.60
2010.12.10 08:28:19.062,0.96687,0.96732,2.30,2.50
2010.12.10 08:28:21.138,0.96687,0.96732,2.30,2.60
2010.12.10 08:28:22.008,0.96688,0.96732,2.30,2.40
2010.12.10 08:28:22.511,0.96692,0.96732,2.30,2.40
2010.12.10 08:28:22.622,0.96692,0.96736,2.30,2.50
2010.12.10 08:28:22.732,0.96693,0.96739,2.30,3.90
2010.12.10 08:28:22.842,0.96693,0.96739,2.30,3.90
2010.12.10 08:28:22.952,0.96695,0.96739,2.30,3.90
2010.12.10 08:28:23.803,0.96695,0.96739,2.30,3.90
2010.12.10 08:28:25.283,0.96695,0.96731,2.30,1.50
2010.12.10 08:28:25.422,0.96693,0.96731,1.50,1.50
2010.12.10 08:28:26.874,0.96693,0.9673,1.50,2.30
2010.12.10 08:28:27.851,0.96693,0.96731,1.50,1.50
2010.12.10 08:28:29.136,0.96687,0.96728,2.50,2.30
2010.12.10 08:28:30.230,0.96686,0.96729,2.50,2.30
2010.12.10 08:28:31.575,0.96689,0.96731,2.50,1.50
2010.12.10 08:28:31.680,0.96689,0.96735,2.50,2.50
2010.12.10 08:28:32.348,0.96692,0.96737,2.50,2.30
2010.12.10 08:28:32.879,0.96692,0.96738,2.50,2.30
2010.12.10 08:28:32.994,0.96693,0.96738,1.50,2.50
2010.12.10 08:28:33.974,0.96693,0.96732,2.30,1.50
2010.12.10 08:28:34.090,0.96691,0.96732,2.30,4.00
2010.12.10 08:28:34.753,0.96688,0.96732,2.40,7.00
2010.12.10 08:28:34.862,0.96688,0.96732,2.60,4.50
2010.12.10 08:28:35.435,0.96692,0.96732,1.10,2.30
2010.12.10 08:28:35.596,0.96688,0.96733,4.90,2.30
2010.12.10 08:28:35.714,0.96693,0.96733,1.80,2.30
2010.12.10 08:28:36.332,0.96698,0.96742,2.30,2.30
2010.12.10 08:28:36.772,0.96696,0.9674,2.30,2.30
2010.12.10 08:28:36.882,0.96694,0.9674,2.30,2.30
2010.12.10 08:28:37.562,0.96693,0.96737,2.40,3.20
2010.12.10 08:28:38.691,0.96688,0.96734,2.70,2.50
2010.12.10 08:28:38.803,0.96688,0.96732,2.40,1.90
2010.12.10 08:28:39.436,0.96686,0.96732,2.60,4.00
2010.12.10 08:28:39.564,0.96686,0.9673,2.40,2.50
2010.12.10 08:28:39.674,0.96686,0.9673,2.30,2.60
2010.12.10 08:28:40.301,0.96686,0.9673,3.20,2.40
2010.12.10 08:28:40.452,0.96686,0.96732,3.20,2.30
2010.12.10 08:28:41.792,0.96688,0.96732,2.60,2.30
2010.12.10 08:28:43.666,0.96687,0.96731,2.60,2.30
2010.12.10 08:28:49.212,0.96688,0.96732,2.60,2.40
2010.12.10 08:28:50.502,0.96687,0.96731,2.80,2.30
2010.12.10 08:28:52.215,0.96687,0.96731,6.20,2.30
2010.12.10 08:28:53.694,0.96687,0.96731,2.60,2.30
2010.12.10 08:28:53.917,0.96687,0.96731,6.00,2.30
2010.12.10 08:28:54.032,0.96687,0.96731,2.60,2.30
2010.12.10 08:28:56.803,0.96688,0.96733,2.50,2.30
2010.12.10 08:28:58.736,0.96688,0.96733,2.60,2.40
2010.12.10 08:28:59.956,0.96688,0.96733,2.60,2.30
2010.12.10 08:29:03.107,0.96688,0.96733,2.40,2.50
2010.12.10 08:29:03.222,0.96686,0.96729,2.40,2.30
2010.12.10 08:29:03.905,0.96685,0.96728,2.40,2.30
2010.12.10 08:29:05.505,0.96685,0.96728,2.40,2.30
2010.12.10 08:29:07.724,0.96687,0.96728,1.10,2.30
2010.12.10 08:29:07.833,0.96692,0.96731,1.50,2.30
2010.12.10 08:29:09.575,0.96692,0.96732,1.50,1.60
2010.12.10 08:29:09.962,0.96692,0.96732,1.70,1.50
2010.12.10 08:29:10.632,0.96692,0.96732,1.60,1.60
2010.12.10 08:29:10.743,0.96692,0.96732,1.60,2.60
2010.12.10 08:29:10.854,0.96683,0.96721,1.80,1.50
2010.12.10 08:29:11.484,0.96677,0.96722,2.60,7.00
2010.12.10 08:29:11.734,0.96679,0.96722,2.40,4.70
2010.12.10 08:29:11.844,0.96679,0.96722,2.40,4.70
2010.12.10 08:29:12.648,0.96679,0.96722,2.40,4.70
2010.12.10 08:29:13.086,0.96679,0.96722,2.40,4.70
2010.12.10 08:29:13.708,0.96676,0.96721,2.60,2.50
2010.12.10 08:29:13.813,0.96677,0.96722,2.60,4.70
2010.12.10 08:29:14.650,0.96677,0.96722,2.40,3.80
2010.12.10 08:29:14.952,0.96677,0.9672,2.40,2.30
2010.12.10 08:29:15.063,0.96677,0.9672,2.40,2.30
2010.12.10 08:29:15.172,0.96677,0.9672,2.60,2.30
2010.12.10 08:29:15.392,0.96686,0.96722,2.30,1.50
2010.12.10 08:29:16.642,0.96687,0.96722,2.40,1.50
2010.12.10 08:29:17.591,0.96687,0.96722,2.40,1.50
2010.12.10 08:29:18.570,0.96684,0.96722,2.30,1.60
2010.12.10 08:29:21.493,0.96683,0.96722,2.30,1.50
2010.12.10 08:29:24.412,0.96678,0.96721,2.40,2.30
2010.12.10 08:29:32.036,0.96673,0.96718,2.40,2.30
2010.12.10 08:29:34.696,0.96673,0.96718,2.30,2.30
2010.12.10 08:29:36.113,0.96671,0.96716,2.40,2.30
2010.12.10 08:29:40.273,0.9667,0.96715,2.40,2.30
2010.12.10 08:29:42.960,0.96673,0.96716,2.30,2.30
2010.12.10 08:29:48.424,0.96672,0.96715,2.40,2.30
2010.12.10 08:29:49.132,0.96674,0.96717,2.30,2.30
2010.12.10 08:29:50.276,0.96683,0.96721,3.80,1.50
2010.12.10 08:29:51.413,0.96693,0.96731,1.50,1.60
2010.12.10 08:29:51.743,0.96693,0.96731,1.50,1.70
2010.12.10 08:29:52.411,0.96693,0.96731,1.50,1.70
2010.12.10 08:29:52.852,0.96692,0.96729,1.50,2.40
2010.12.10 08:29:53.537,0.96692,0.96731,1.50,2.40
2010.12.10 08:29:54.142,0.96692,0.96731,1.50,2.40
2010.12.10 08:29:55.119,0.96692,0.96722,1.50,2.30
2010.12.10 08:29:55.233,0.96688,0.96722,1.50,2.30
2010.12.10 08:29:55.781,0.96688,0.96728,1.50,2.40
2010.12.10 08:29:56.367,0.96688,0.9673,1.50,2.40
2010.12.10 08:29:57.742,0.96688,0.96729,1.50,2.40
2010.12.10 08:29:58.644,0.96688,0.9673,1.50,2.40
2010.12.10 08:30:00.342,0.96684,0.96712,2.40,1.50
2010.12.10 08:30:00.493,0.96682,0.96722,1.50,3.80
2010.12.10 08:30:00.823,0.96675,0.96717,2.30,2.30
2010.12.10 08:30:01.515,0.96678,0.96721,2.40,2.30
2010.12.10 08:30:03.668,0.96679,0.96722,2.30,2.30
2010.12.10 08:30:04.251,0.96682,0.96727,3.80,2.40
2010.12.10 08:30:04.430,0.96682,0.96725,3.80,2.30
2010.12.10 08:30:05.464,0.96682,0.96725,3.80,2.40
2010.12.10 08:30:06.035,0.96683,0.96726,2.40,2.30
2010.12.10 08:30:06.342,0.96683,0.96726,2.30,2.30
2010.12.10 08:30:06.452,0.96692,0.96726,1.50,2.30
2010.12.10 08:30:07.231,0.96692,0.96731,1.50,2.30
2010.12.10 08:30:07.783,0.9669,0.96736,2.30,2.40
2010.12.10 08:30:07.893,0.96689,0.96731,2.30,2.30
2010.12.10 08:30:08.595,0.96687,0.96733,4.50,2.30
2010.12.10 08:30:08.702,0.96689,0.96733,2.30,2.30
2010.12.10 08:30:09.520,0.96689,0.96733,2.30,2.30
2010.12.10 08:30:14.042,0.96689,0.96733,2.40,2.30
2010.12.10 08:30:14.603,0.96689,0.96735,2.40,4.50
2010.12.10 08:30:15.462,0.96694,0.96738,2.30,2.40
2010.12.10 08:30:15.972,0.96694,0.9674,2.30,3.80
2010.12.10 08:30:16.082,0.96696,0.9674,2.30,3.80
2010.12.10 08:30:17.248,0.96696,0.9674,2.40,3.80
2010.12.10 08:30:18.085,0.96696,0.9674,2.40,3.80
2010.12.10 08:30:19.082,0.96696,0.9674,2.40,3.80
2010.12.10 08:30:19.193,0.96703,0.96741,1.50,3.80
2010.12.10 08:30:20.098,0.96713,0.96751,1.50,2.30
2010.12.10 08:30:20.213,0.96713,0.96754,1.50,2.30
2010.12.10 08:30:20.322,0.96711,0.96754,2.30,2.30
2010.12.10 08:30:20.432,0.96708,0.96752,2.30,2.30
2010.12.10 08:30:20.999,0.96712,0.96752,1.50,2.30
2010.12.10 08:30:21.180,0.96712,0.96756,1.50,2.30
2010.12.10 08:30:21.293,0.96717,0.96762,4.50,2.30
2010.12.10 08:30:22.086,0.96717,0.9676,4.50,2.30
2010.12.10 08:30:24.832,0.96717,0.96757,2.30,2.30
2010.12.10 08:30:25.454,0.96717,0.96758,2.30,2.30
2010.12.10 08:30:25.973,0.96717,0.96758,2.40,2.30
2010.12.10 08:30:26.820,0.96708,0.96753,4.50,2.30
2010.12.10 08:30:27.908,0.96708,0.96753,4.50,2.40
2010.12.10 08:30:29.263,0.96708,0.96751,4.50,2.30
2010.12.10 08:30:29.378,0.96708,0.96753,4.50,2.30
2010.12.10 08:30:30.058,0.96711,0.96754,2.30,2.30
2010.12.10 08:30:30.472,0.96708,0.96751,4.50,2.30
2010.12.10 08:30:30.693,0.96708,0.96753,4.50,2.30
2010.12.10 08:30:30.802,0.96708,0.96751,2.30,2.30
2010.12.10 08:30:31.586,0.96708,0.96752,2.30,2.30
2010.12.10 08:30:34.982,0.9671,0.96753,2.30,2.30
2010.12.10 08:30:37.202,0.96709,0.96752,2.30,2.30
2010.12.10 08:30:37.423,0.96708,0.96753,4.50,2.30
2010.12.10 08:30:39.143,0.96708,0.9675,2.30,2.30
2010.12.10 08:30:40.132,0.96708,0.96752,2.30,2.30
2010.12.10 08:30:40.254,0.96708,0.9675,2.30,2.30
2010.12.10 08:30:40.472,0.96708,0.96752,2.30,2.30
2010.12.10 08:30:41.416,0.96702,0.96748,2.30,4.50
2010.12.10 08:30:41.634,0.96701,0.96745,2.40,2.30
2010.12.10 08:30:41.854,0.96701,0.96745,2.30,2.30
2010.12.10 08:30:42.192,0.96709,0.96752,2.30,2.30
2010.12.10 08:30:42.786,0.9672,0.96754,2.30,2.30
2010.12.10 08:30:42.949,0.96722,0.96765,2.30,2.30
2010.12.10 08:30:43.064,0.96719,0.9675,4.50,1.50
2010.12.10 08:30:43.744,0.96719,0.96758,2.30,2.30
2010.12.10 08:30:43.870,0.96714,0.96757,2.30,2.30
2010.12.10 08:30:46.269,0.96713,0.96756,2.40,2.30
2010.12.10 08:30:46.383,0.96715,0.9676,2.60,2.30
2010.12.10 08:30:47.966,0.96717,0.9676,2.40,2.30
2010.12.10 08:30:48.986,0.96717,0.9676,2.60,2.50
2010.12.10 08:30:50.461,0.96717,0.9676,3.50,2.30
2010.12.10 08:30:50.793,0.96719,0.9676,2.40,1.70
2010.12.10 08:30:51.697,0.96717,0.96759,6.10,2.50
2010.12.10 08:30:51.983,0.96717,0.96759,2.60,2.50
2010.12.10 08:30:52.698,0.9672,0.96765,2.60,2.50
2010.12.10 08:30:53.282,0.9672,0.96765,8.00,2.30
2010.12.10 08:30:53.887,0.96727,0.96769,2.30,2.50
2010.12.10 08:30:56.029,0.96727,0.96769,2.40,3.20
2010.12.10 08:30:56.473,0.96721,0.9676,2.40,1.70
2010.12.10 08:30:57.746,0.96727,0.96764,2.50,2.30
2010.12.10 08:30:57.852,0.96727,0.96767,2.50,2.60
2010.12.10 08:30:59.813,0.96728,0.96767,3.20,2.30
2010.12.10 08:31:02.035,0.96727,0.96763,2.40,2.30
2010.12.10 08:31:02.363,0.96727,0.96759,2.40,2.30
2010.12.10 08:31:02.472,0.96718,0.96759,2.60,2.30
2010.12.10 08:31:02.582,0.96718,0.96757,2.60,2.30
2010.12.10 08:31:03.034,0.9672,0.96763,2.40,2.30
2010.12.10 08:31:03.922,0.96727,0.96763,2.30,2.30
2010.12.10 08:31:04.142,0.96721,0.9676,2.40,1.70
2010.12.10 08:31:05.269,0.96717,0.96758,2.40,2.30
2010.12.10 08:31:06.555,0.96717,0.9676,4.70,1.70
2010.12.10 08:31:06.664,0.96719,0.9676,2.40,1.70
2010.12.10 08:31:06.993,0.96714,0.96757,2.40,1.10
2010.12.10 08:31:08.555,0.96713,0.96758,2.40,3.20
2010.12.10 08:31:08.667,0.96718,0.96758,2.30,2.40
2010.12.10 08:31:08.783,0.96718,0.96756,2.30,1.50
2010.12.10 08:31:09.465,0.96718,0.96758,2.40,2.30
2010.12.10 08:31:10.150,0.96718,0.9676,2.40,1.70
2010.12.10 08:31:10.270,0.96718,0.9676,3.30,1.50
2010.12.10 08:31:11.808,0.96721,0.96766,2.60,2.50
2010.12.10 08:31:12.032,0.96721,0.96764,2.60,2.50
2010.12.10 08:31:13.685,0.96721,0.96764,2.60,2.50
2010.12.10 08:31:14.464,0.96721,0.96764,2.60,2.50
2010.12.10 08:31:15.115,0.96721,0.96764,2.60,2.50
2010.12.10 08:31:16.456,0.96721,0.96764,6.20,2.50
2010.12.10 08:31:18.432,0.96721,0.96764,2.60,2.50
2010.12.10 08:31:21.701,0.96719,0.96764,2.60,2.50
2010.12.10 08:31:23.936,0.96719,0.96764,6.00,2.50
2010.12.10 08:31:25.275,0.96719,0.96764,2.60,3.20
2010.12.10 08:31:26.293,0.96718,0.96758,2.40,2.50
2010.12.10 08:31:26.970,0.96718,0.96758,2.40,2.50
2010.12.10 08:31:28.524,0.96718,0.9676,2.40,4.00
2010.12.10 08:31:30.169,0.96718,0.9676,2.40,4.00
2010.12.10 08:31:33.702,0.96718,0.9676,2.40,4.00
2010.12.10 08:31:33.813,0.96727,0.9676,2.40,2.30
2010.12.10 08:31:34.436,0.96727,0.96761,2.40,1.50
2010.12.10 08:31:34.550,0.96727,0.9676,2.30,1.70
2010.12.10 08:31:34.665,0.96717,0.9676,2.80,1.70
2010.12.10 08:31:34.774,0.96718,0.9676,2.60,1.70
2010.12.10 08:31:35.552,0.96715,0.96752,2.60,1.50
2010.12.10 08:31:36.180,0.96714,0.96759,8.40,2.50
2010.12.10 08:31:36.314,0.96728,0.96766,2.40,2.30
2010.12.10 08:31:36.657,0.96732,0.96775,2.80,2.30
2010.12.10 08:31:37.265,0.96735,0.9678,2.60,2.50
2010.12.10 08:31:38.180,0.96737,0.9678,6.10,2.50
2010.12.10 08:31:38.513,0.96742,0.96781,2.40,2.50
2010.12.10 08:31:38.735,0.96736,0.96771,2.40,1.50
2010.12.10 08:31:39.318,0.96736,0.96771,2.40,1.50
2010.12.10 08:31:39.549,0.96736,0.96781,2.40,3.20
2010.12.10 08:31:40.262,0.96747,0.96783,1.10,2.30
2010.12.10 08:31:40.373,0.96748,0.96788,3.40,2.30
2010.12.10 08:31:40.481,0.96751,0.96794,2.50,2.50
2010.12.10 08:31:41.151,0.96752,0.96797,2.30,2.60
2010.12.10 08:31:41.722,0.96751,0.96794,2.30,2.30
2010.12.10 08:31:42.404,0.96751,0.96792,2.30,2.30
2010.12.10 08:31:42.517,0.96746,0.96791,2.30,4.10
2010.12.10 08:31:42.944,0.96745,0.96788,2.40,2.30
2010.12.10 08:31:43.649,0.96745,0.96788,2.60,2.30
2010.12.10 08:31:44.363,0.96747,0.9679,2.60,2.50
2010.12.10 08:31:44.923,0.96747,0.9679,2.40,2.50
2010.12.10 08:31:44.947,0.96747,0.96788,2.40,2.30
2010.12.10 08:31:45.172,0.96742,0.96787,2.60,2.30
2010.12.10 08:31:45.398,0.96743,0.96788,2.30,3.20
2010.12.10 08:31:46.023,0.96744,0.96781,2.30,1.70
2010.12.10 08:31:46.863,0.96735,0.96778,2.30,2.30
2010.12.10 08:31:46.973,0.96733,0.96778,4.90,2.30
2010.12.10 08:31:47.200,0.96733,0.96778,2.50,2.50
2010.12.10 08:31:47.787,0.9673,0.96773,2.50,2.50
2010.12.10 08:31:49.337,0.96728,0.96769,2.30,2.30
2010.12.10 08:31:50.088,0.96728,0.96769,2.40,2.40
2010.12.10 08:31:50.764,0.96724,0.96767,2.30,3.40
2010.12.10 08:31:51.614,0.96724,0.96767,2.30,2.60
2010.12.10 08:31:52.814,0.96724,0.96767,2.60,2.30
2010.12.10 08:31:53.032,0.96724,0.96767,2.50,2.30
2010.12.10 08:31:53.919,0.96724,0.96767,2.30,2.50
2010.12.10 08:31:54.037,0.96724,0.96767,2.40,2.50
2010.12.10 08:31:55.513,0.96724,0.96767,2.30,2.50
2010.12.10 08:31:55.733,0.96724,0.96767,2.40,2.50
2010.12.10 08:31:56.405,0.96724,0.96767,2.30,2.60
2010.12.10 08:31:57.696,0.96722,0.96767,2.40,2.60
2010.12.10 08:31:58.612,0.96719,0.96763,2.30,2.40
2010.12.10 08:31:58.722,0.96719,0.96763,2.40,2.30
2010.12.10 08:32:01.179,0.96727,0.96762,2.30,2.30
2010.12.10 08:32:01.295,0.96723,0.96768,2.60,2.30
2010.12.10 08:32:01.403,0.96723,0.96766,2.60,2.30
2010.12.10 08:32:02.277,0.96723,0.96766,6.20,2.30
2010.12.10 08:32:02.401,0.96723,0.96766,2.80,2.30
2010.12.10 08:32:02.784,0.96723,0.96766,6.20,2.30
2010.12.10 08:32:03.491,0.96731,0.96766,1.10,2.30
2010.12.10 08:32:03.717,0.96732,0.96766,1.60,2.30
2010.12.10 08:32:03.835,0.96728,0.96771,4.90,2.30
2010.12.10 08:32:04.550,0.9673,0.96773,2.40,2.50
2010.12.10 08:32:04.888,0.9673,0.96773,2.60,2.50
2010.12.10 08:32:05.686,0.9673,0.96773,2.40,2.50
2010.12.10 08:32:06.352,0.9673,0.96773,2.40,2.50
2010.12.10 08:32:06.683,0.9673,0.96773,2.40,2.50
2010.12.10 08:32:07.723,0.9673,0.96775,2.60,2.50
2010.12.10 08:32:08.843,0.9673,0.96775,2.40,2.50
2010.12.10 08:32:09.628,0.9673,0.96775,2.40,2.50
2010.12.10 08:32:10.623,0.96729,0.96774,2.60,2.50
2010.12.10 08:32:10.733,0.96729,0.96774,2.80,2.50
2010.12.10 08:32:11.429,0.96729,0.96774,2.60,2.50
2010.12.10 08:32:11.652,0.96729,0.96774,2.60,2.50
2010.12.10 08:32:12.476,0.96733,0.96774,2.60,2.30
2010.12.10 08:32:12.583,0.96734,0.96779,2.60,2.50
2010.12.10 08:32:13.008,0.96734,0.96779,2.80,2.50
2010.12.10 08:32:13.452,0.96733,0.96775,6.20,2.30
2010.12.10 08:32:13.563,0.9673,0.96775,6.00,2.50
2010.12.10 08:32:14.145,0.96729,0.96774,2.60,2.50
2010.12.10 08:32:14.913,0.96731,0.96776,2.80,2.50
2010.12.10 08:32:15.503,0.96728,0.9677,3.30,1.50
2010.12.10 08:32:15.615,0.96733,0.96774,2.30,2.30
2010.12.10 08:32:15.832,0.96733,0.96778,2.30,2.50
2010.12.10 08:32:16.635,0.9673,0.96773,2.40,2.30
2010.12.10 08:32:16.796,0.9673,0.96773,2.30,2.30
2010.12.10 08:32:17.013,0.9673,0.96773,2.40,2.30
2010.12.10 08:32:17.632,0.9673,0.96773,2.30,2.30
2010.12.10 08:32:18.428,0.96735,0.96778,2.30,2.30
2010.12.10 08:32:18.763,0.9673,0.96773,2.40,2.30
2010.12.10 08:32:19.329,0.9673,0.96775,2.40,2.50
2010.12.10 08:32:19.834,0.9673,0.96775,2.40,2.50
2010.12.10 08:32:21.268,0.9673,0.96775,2.40,2.50
2010.12.10 08:32:21.862,0.9673,0.96775,2.60,2.50
2010.12.10 08:32:22.807,0.9673,0.96775,2.40,2.50
2010.12.10 08:32:22.926,0.9673,0.96773,2.40,2.50
2010.12.10 08:32:24.291,0.9673,0.96773,2.40,2.50
2010.12.10 08:32:25.448,0.9673,0.96773,2.40,2.50
2010.12.10 08:32:26.203,0.9673,0.96773,2.30,2.50
2010.12.10 08:32:26.774,0.9673,0.96773,2.40,2.50
2010.12.10 08:32:27.576,0.96728,0.96773,2.30,2.50
2010.12.10 08:32:27.683,0.96728,0.96773,4.70,2.50
2010.12.10 08:32:27.902,0.96729,0.96774,2.30,2.50
2010.12.10 08:32:28.247,0.96729,0.96774,2.40,2.50
2010.12.10 08:32:29.625,0.96729,0.96774,2.30,2.50
2010.12.10 08:32:30.799,0.96729,0.96774,2.40,2.50
2010.12.10 08:32:34.368,0.96729,0.96774,2.40,2.30
2010.12.10 08:32:35.033,0.96729,0.96774,2.40,2.30
2010.12.10 08:32:35.766,0.96735,0.96778,2.40,2.30
2010.12.10 08:32:36.092,0.96735,0.96778,2.40,2.30
2010.12.10 08:32:36.202,0.96735,0.96778,2.40,2.30
2010.12.10 08:32:36.852,0.96735,0.9678,2.40,3.80
2010.12.10 08:32:36.984,0.96738,0.96781,2.30,4.70
2010.12.10 08:32:37.312,0.96738,0.96781,2.30,3.20
2010.12.10 08:32:38.642,0.96733,0.96776,2.60,2.30
2010.12.10 08:32:38.765,0.96741,0.96786,2.40,2.30
2010.12.10 08:32:41.015,0.96741,0.96786,2.40,2.30
2010.12.10 08:32:41.458,0.96741,0.96786,2.60,2.30
2010.12.10 08:32:42.326,0.96743,0.96788,2.30,2.50
2010.12.10 08:32:42.543,0.96739,0.96784,2.40,2.30
2010.12.10 08:32:43.082,0.96739,0.96784,2.30,2.30
2010.12.10 08:32:43.522,0.96739,0.96784,2.40,2.30
2010.12.10 08:32:44.612,0.96741,0.96784,2.40,2.30
2010.12.10 08:32:45.063,0.96746,0.96791,2.40,2.30
2010.12.10 08:32:45.977,0.96746,0.96791,2.30,2.30
2010.12.10 08:32:46.826,0.96748,0.96791,2.30,2.30
2010.12.10 08:32:46.950,0.96752,0.96793,2.30,2.50
2010.12.10 08:32:49.122,0.96752,0.96793,2.30,2.30
2010.12.10 08:32:49.739,0.96751,0.96794,2.30,2.40
2010.12.10 08:32:49.852,0.96749,0.96794,2.30,2.40
2010.12.10 08:32:50.072,0.96751,0.96794,2.50,2.40
2010.12.10 08:32:50.662,0.96755,0.96799,2.30,2.30
2010.12.10 08:32:50.810,0.96742,0.96773,2.30,3.80
2010.12.10 08:32:50.924,0.96734,0.96772,3.80,1.50
2010.12.10 08:32:51.656,0.96734,0.96779,3.20,2.30
2010.12.10 08:32:52.360,0.9674,0.96783,2.30,2.50
2010.12.10 08:32:52.509,0.96743,0.96786,2.30,3.20
2010.12.10 08:32:52.842,0.9674,0.96783,2.30,2.50
2010.12.10 08:32:54.593,0.96752,0.9679,1.50,1.70
2010.12.10 08:32:54.703,0.96752,0.96795,1.50,2.50
2010.12.10 08:32:54.814,0.96753,0.96793,2.30,3.20
2010.12.10 08:32:55.438,0.96743,0.96786,2.60,2.30
2010.12.10 08:32:57.111,0.96734,0.96777,2.30,2.50
2010.12.10 08:32:57.332,0.96734,0.96777,2.30,2.50
2010.12.10 08:32:57.443,0.96732,0.96773,2.30,2.30
2010.12.10 08:32:58.201,0.96736,0.96778,2.30,2.50
2010.12.10 08:32:59.023,0.96731,0.96774,2.30,2.30
2010.12.10 08:32:59.358,0.96733,0.96776,2.30,3.20
2010.12.10 08:32:59.949,0.96729,0.96772,2.30,2.50
2010.12.10 08:33:00.405,0.96727,0.9677,2.30,2.50
2010.12.10 08:33:01.146,0.96725,0.9677,2.30,2.30
2010.12.10 08:33:02.473,0.96725,0.9677,2.30,2.50
2010.12.10 08:33:03.186,0.96721,0.96766,2.40,2.50
2010.12.10 08:33:03.591,0.96718,0.96761,3.20,2.30
2010.12.10 08:33:04.841,0.96718,0.96761,3.20,2.30
2010.12.10 08:33:04.954,0.96733,0.96778,2.30,2.30
2010.12.10 08:33:06.282,0.96734,0.96779,2.30,4.50
2010.12.10 08:33:06.733,0.96734,0.96772,2.30,2.30
2010.12.10 08:33:06.953,0.96732,0.96777,4.50,2.30
2010.12.10 08:33:07.976,0.96734,0.96777,2.30,2.30
2010.12.10 08:33:09.192,0.96734,0.96777,2.30,2.30
2010.12.10 08:33:10.888,0.96729,0.96772,2.30,2.40
2010.12.10 08:33:11.754,0.96734,0.96779,2.30,2.30
2010.12.10 08:33:12.520,0.96736,0.96781,2.30,2.50
2010.12.10 08:33:16.103,0.96737,0.96782,2.30,2.60
2010.12.10 08:33:16.323,0.96738,0.96782,2.30,2.60
2010.12.10 08:33:18.013,0.96738,0.96783,2.30,2.40
2010.12.10 08:33:18.597,0.96733,0.96778,3.80,2.30
2010.12.10 08:33:18.815,0.96742,0.96777,2.50,2.30
2010.12.10 08:33:18.923,0.96744,0.96787,2.30,2.40
2010.12.10 08:33:19.486,0.96742,0.96783,2.50,2.40
2010.12.10 08:33:19.606,0.96738,0.96782,2.30,2.50
2010.12.10 08:33:19.824,0.96738,0.9678,2.30,2.30
2010.12.10 08:33:19.933,0.96734,0.96777,2.30,2.30
2010.12.10 08:33:21.906,0.96733,0.96776,2.30,2.30
2010.12.10 08:33:22.126,0.96733,0.96776,2.30,2.40
2010.12.10 08:33:22.735,0.96736,0.96776,2.30,2.40
2010.12.10 08:33:22.863,0.96733,0.96776,2.30,2.40
2010.12.10 08:33:24.243,0.96733,0.96776,2.30,2.30
2010.12.10 08:33:24.352,0.9673,0.96775,2.30,2.40
2010.12.10 08:33:25.330,0.9673,0.96775,2.30,2.40
2010.12.10 08:33:25.662,0.96728,0.96773,2.30,4.60
2010.12.10 08:33:26.383,0.96728,0.96773,2.30,4.60
2010.12.10 08:33:27.060,0.96726,0.96768,2.50,2.40
2010.12.10 08:33:27.394,0.96733,0.96778,2.30,2.60
2010.12.10 08:33:27.503,0.96733,0.96772,2.30,2.50
2010.12.10 08:33:28.082,0.96728,0.96772,2.30,2.30
2010.12.10 08:33:28.642,0.96728,0.96772,2.40,2.30
2010.12.10 08:33:28.862,0.96728,0.96772,2.30,2.30
2010.12.10 08:33:29.459,0.96731,0.96774,2.30,2.50
2010.12.10 08:33:30.013,0.96726,0.96771,2.30,2.50
2010.12.10 08:33:32.520,0.96728,0.9677,2.30,2.30
2010.12.10 08:33:32.635,0.96725,0.96768,4.50,2.30
2010.12.10 08:33:35.758,0.96727,0.9677,2.30,2.30
2010.12.10 08:33:36.133,0.96724,0.96769,4.50,2.30
2010.12.10 08:33:37.595,0.96731,0.96772,2.30,2.50
2010.12.10 08:33:38.224,0.96721,0.96766,2.30,2.30
2010.12.10 08:33:38.335,0.96721,0.96761,2.30,1.50
2010.12.10 08:33:38.663,0.96716,0.96761,2.30,3.80
2010.12.10 08:33:39.596,0.96715,0.96759,2.30,2.40
2010.12.10 08:33:40.192,0.96715,0.96742,2.30,1.50
2010.12.10 08:33:40.326,0.96696,0.9674,2.60,4.70
2010.12.10 08:33:40.652,0.96693,0.96739,6.00,2.50
2010.12.10 08:33:41.403,0.96698,0.96742,2.40,7.00
2010.12.10 08:33:41.514,0.96698,0.96742,2.60,2.30
2010.12.10 08:33:41.844,0.96698,0.96741,2.40,2.50
2010.12.10 08:33:42.063,0.96694,0.9674,2.30,2.50
2010.12.10 08:33:42.924,0.96688,0.96731,2.40,1.70
2010.12.10 08:33:43.967,0.96692,0.96737,2.60,2.50
2010.12.10 08:33:44.643,0.96692,0.96737,2.60,2.50
2010.12.10 08:33:45.623,0.96692,0.96737,2.50,2.60
2010.12.10 08:33:46.845,0.96692,0.96737,2.40,2.50
2010.12.10 08:33:47.284,0.9669,0.96733,2.60,2.30
2010.12.10 08:33:47.771,0.96693,0.96739,2.40,2.50
2010.12.10 08:33:48.213,0.96691,0.96733,2.30,2.30
2010.12.10 08:33:49.871,0.9669,0.96733,2.40,2.30
2010.12.10 08:33:49.998,0.96692,0.96735,2.40,2.50
2010.12.10 08:33:51.705,0.96705,0.96751,2.30,4.00
2010.12.10 08:33:51.922,0.96705,0.96749,2.30,2.30
2010.12.10 08:33:52.253,0.967,0.96746,2.50,2.30
2010.12.10 08:33:52.956,0.96704,0.9675,2.30,2.30
2010.12.10 08:33:53.415,0.96704,0.9675,2.30,2.50
2010.12.10 08:33:53.854,0.96697,0.96741,2.40,2.30
2010.12.10 08:33:53.963,0.96697,0.96741,2.30,2.30
2010.12.10 08:33:54.564,0.96701,0.96745,2.30,2.30
2010.12.10 08:33:54.740,0.96697,0.96741,2.30,2.30
2010.12.10 08:33:55.913,0.96697,0.96741,2.30,2.30
2010.12.10 08:33:56.367,0.96698,0.96742,2.50,2.30
2010.12.10 08:33:56.969,0.96704,0.96748,2.30,2.30
2010.12.10 08:33:58.288,0.96705,0.96749,2.30,2.30
2010.12.10 08:33:58.404,0.96706,0.9675,2.40,3.80
2010.12.10 08:34:00.663,0.96706,0.9675,2.30,3.80
2010.12.10 08:34:01.514,0.96706,0.9675,2.30,3.80
2010.12.10 08:34:02.711,0.96706,0.9675,2.50,2.30
2010.12.10 08:34:02.823,0.96708,0.96754,2.60,2.50
2010.12.10 08:34:02.932,0.96712,0.96756,2.30,2.50
2010.12.10 08:34:05.232,0.96712,0.96756,2.30,2.50
2010.12.10 08:34:06.017,0.96717,0.9676,2.40,4.00
2010.12.10 08:34:06.139,0.96714,0.96758,2.50,2.30
2010.12.10 08:34:06.255,0.96713,0.96758,4.40,2.30
2010.12.10 08:34:06.898,0.96716,0.96761,2.60,2.30
2010.12.10 08:34:07.124,0.9672,0.9676,2.30,1.70
2010.12.10 08:34:07.790,0.96718,0.9676,2.30,1.70
2010.12.10 08:34:09.094,0.96722,0.96761,1.50,2.50
2010.12.10 08:34:09.221,0.96714,0.9676,4.80,2.50
2010.12.10 08:34:10.228,0.96716,0.9676,2.50,2.60
2010.12.10 08:34:10.567,0.96716,0.9676,2.60,2.50
2010.12.10 08:34:11.211,0.96716,0.9676,2.50,2.60
2010.12.10 08:34:12.429,0.96712,0.96757,2.60,2.60
2010.12.10 08:34:14.539,0.96713,0.96757,2.50,2.50
2010.12.10 08:34:14.762,0.96712,0.96756,4.70,2.40
2010.12.10 08:34:15.093,0.96712,0.96756,4.70,2.30
2010.12.10 08:34:15.704,0.96722,0.9676,1.50,1.50
2010.12.10 08:34:16.112,0.96732,0.9677,1.50,1.70
2010.12.10 08:34:16.698,0.96726,0.96771,3.20,2.40
2010.12.10 08:34:16.819,0.96727,0.9677,3.20,2.30
2010.12.10 08:34:17.103,0.96727,0.96772,3.20,2.30
2010.12.10 08:34:17.324,0.96727,0.9677,3.20,2.30
2010.12.10 08:34:20.533,0.96728,0.96773,2.60,2.50
2010.12.10 08:34:22.025,0.96728,0.96773,2.30,2.60
2010.12.10 08:34:23.837,0.96727,0.9677,2.30,2.30
2010.12.10 08:34:25.435,0.96727,0.96772,2.30,4.50
2010.12.10 08:34:25.553,0.96725,0.9677,2.30,2.30
2010.12.10 08:34:26.496,0.9672,0.96765,2.40,2.50
2010.12.10 08:34:26.946,0.9672,0.96765,2.30,2.50
2010.12.10 08:34:27.164,0.96718,0.96762,4.70,2.50
2010.12.10 08:34:27.646,0.96718,0.96762,2.40,2.50
2010.12.10 08:34:27.862,0.96715,0.9676,2.40,2.30
2010.12.10 08:34:28.412,0.96716,0.96759,2.40,2.30
2010.12.10 08:34:30.229,0.96716,0.96759,2.40,3.20
2010.12.10 08:34:30.360,0.96713,0.96751,1.70,4.70
2010.12.10 08:34:30.582,0.96707,0.9675,2.40,1.70
2010.12.10 08:34:31.834,0.96708,0.9675,2.30,1.70
2010.12.10 08:34:33.297,0.96708,0.9675,3.20,1.50
2010.12.10 08:34:34.615,0.96712,0.96752,2.00,1.70
2010.12.10 08:34:34.724,0.96714,0.96757,1.10,2.50
2010.12.10 08:34:36.899,0.96713,0.96755,1.80,2.30
2010.12.10 08:34:37.012,0.96714,0.96757,2.50,2.40
2010.12.10 08:34:37.453,0.96716,0.9676,2.50,9.80
2010.12.10 08:34:37.565,0.96716,0.9676,2.50,4.10
2010.12.10 08:34:38.110,0.96716,0.96758,2.30,1.10
2010.12.10 08:34:38.264,0.96714,0.9676,2.50,2.50
2010.12.10 08:34:38.373,0.96718,0.9676,1.10,2.30
2010.12.10 08:34:38.969,0.96719,0.96764,3.20,2.30
2010.12.10 08:34:39.117,0.96717,0.9676,2.50,2.30
2010.12.10 08:34:39.672,0.96716,0.9676,2.30,2.50
2010.12.10 08:34:40.295,0.96715,0.96761,2.30,4.00
2010.12.10 08:34:42.100,0.96715,0.96761,2.50,4.00
2010.12.10 08:34:42.612,0.96715,0.96761,2.50,4.10
2010.12.10 08:34:42.863,0.96715,0.96761,2.50,4.00
2010.12.10 08:34:43.765,0.96713,0.96756,2.60,2.30
2010.12.10 08:34:43.983,0.96719,0.96762,2.50,2.30
2010.12.10 08:34:46.216,0.96717,0.9676,2.40,2.30
2010.12.10 08:34:48.344,0.96722,0.96765,2.30,2.50
2010.12.10 08:34:49.179,0.96723,0.96766,2.30,2.50
2010.12.10 08:34:49.622,0.9673,0.96775,2.50,2.30
2010.12.10 08:34:50.684,0.96733,0.96776,2.30,2.30
2010.12.10 08:34:51.805,0.96736,0.96779,2.30,2.40
2010.12.10 08:34:52.836,0.96736,0.96779,2.30,2.30
2010.12.10 08:34:53.606,0.9673,0.96775,2.30,2.30
2010.12.10 08:34:54.862,0.9673,0.96775,2.40,2.30
2010.12.10 08:34:55.793,0.9673,0.96775,2.40,2.40
2010.12.10 08:34:55.920,0.96732,0.96775,2.40,2.30
2010.12.10 08:34:56.804,0.96734,0.96777,2.30,2.50
2010.12.10 08:34:57.353,0.96733,0.96775,1.60,2.30
2010.12.10 08:34:57.464,0.96733,0.96775,1.80,2.30
2010.12.10 08:34:57.987,0.96733,0.96775,1.70,2.50
2010.12.10 08:34:58.111,0.96731,0.96776,2.40,2.50
2010.12.10 08:34:58.443,0.96735,0.96776,2.30,2.30
2010.12.10 08:34:58.887,0.96742,0.96787,4.00,2.30
2010.12.10 08:34:59.367,0.96746,0.96788,2.30,2.40
2010.12.10 08:35:00.261,0.96757,0.968,2.30,4.00
2010.12.10 08:35:00.734,0.96756,0.96799,2.30,3.20
2010.12.10 08:35:01.338,0.9675,0.9679,2.30,2.50
2010.12.10 08:35:01.452,0.96748,0.9679,2.30,2.50
2010.12.10 08:35:02.065,0.96741,0.96781,3.90,1.50
2010.12.10 08:35:03.735,0.96741,0.96781,1.50,1.50
2010.12.10 08:35:04.433,0.96741,0.96781,1.50,2.60
2010.12.10 08:35:04.652,0.96733,0.96773,1.50,2.50
2010.12.10 08:35:06.284,0.96732,0.9677,1.80,2.30
2010.12.10 08:35:07.030,0.96736,0.96775,1.50,2.50
2010.12.10 08:35:07.143,0.96732,0.96771,2.50,1.50
2010.12.10 08:35:08.534,0.96732,0.96771,2.60,1.50
2010.12.10 08:35:08.643,0.96732,0.96771,2.60,1.50
2010.12.10 08:35:08.753,0.96732,0.96771,2.60,1.50
2010.12.10 08:35:09.398,0.96731,0.96766,2.30,1.70
2010.12.10 08:35:10.174,0.96731,0.96771,1.70,2.50
2010.12.10 08:35:10.283,0.96731,0.96771,1.50,2.50
2010.12.10 08:35:10.813,0.96729,0.96771,2.30,2.50
2010.12.10 08:35:10.929,0.96721,0.96761,3.90,2.50
2010.12.10 08:35:11.261,0.96721,0.96761,1.70,2.50
2010.12.10 08:35:11.372,0.96721,0.96761,1.60,2.50
2010.12.10 08:35:12.085,0.96716,0.96751,2.40,1.50
2010.12.10 08:35:14.385,0.96714,0.96752,3.90,1.70
2010.12.10 08:35:14.495,0.96714,0.96752,3.90,1.70
2010.12.10 08:35:14.607,0.96714,0.9675,2.40,1.50
2010.12.10 08:35:14.823,0.96714,0.96754,4.10,1.70
2010.12.10 08:35:17.053,0.96714,0.96751,2.40,1.50
2010.12.10 08:35:17.640,0.96715,0.96753,1.60,1.70
2010.12.10 08:35:17.863,0.96715,0.96753,2.00,1.50
2010.12.10 08:35:17.975,0.96722,0.9676,1.90,1.50
2010.12.10 08:35:18.608,0.96723,0.96761,1.70,1.50
2010.12.10 08:35:18.734,0.96719,0.96762,2.40,5.50
2010.12.10 08:35:18.847,0.96719,0.96762,3.20,2.50
2010.12.10 08:35:18.968,0.96721,0.96763,2.40,2.50
2010.12.10 08:35:19.555,0.96721,0.96764,2.50,2.30
2010.12.10 08:35:19.882,0.96729,0.96774,2.50,2.60
2010.12.10 08:35:20.602,0.9673,0.96773,2.30,2.30
2010.12.10 08:35:21.924,0.96732,0.96775,2.30,2.50
2010.12.10 08:35:23.293,0.96734,0.96779,2.30,3.30
2010.12.10 08:35:24.239,0.96733,0.96778,4.10,2.30
2010.12.10 08:35:24.354,0.96738,0.9678,2.50,1.50
2010.12.10 08:35:26.004,0.96738,0.96783,2.60,2.50
2010.12.10 08:35:27.413,0.96739,0.96781,2.30,2.50
2010.12.10 08:35:27.889,0.96741,0.96781,1.50,2.50
2010.12.10 08:35:28.026,0.96734,0.96777,2.30,2.50
2010.12.10 08:35:29.285,0.96734,0.96777,2.40,2.50
2010.12.10 08:35:30.253,0.96734,0.96777,2.30,2.60
2010.12.10 08:35:30.854,0.96734,0.96777,2.40,2.50
2010.12.10 08:35:31.415,0.96736,0.96779,2.40,2.50
2010.12.10 08:35:32.666,0.96736,0.96779,2.40,2.50
2010.12.10 08:35:33.687,0.96736,0.96779,2.40,3.20
2010.12.10 08:35:33.803,0.96736,0.96772,2.40,1.70
2010.12.10 08:35:34.864,0.96732,0.96772,1.80,1.70
2010.12.10 08:35:35.690,0.96733,0.96771,1.80,1.70
2010.12.10 08:35:36.133,0.96732,0.9677,3.90,1.70
2010.12.10 08:35:37.063,0.96737,0.96779,2.40,3.20
2010.12.10 08:35:38.206,0.96737,0.9678,2.50,3.20
2010.12.10 08:35:40.631,0.96742,0.9678,2.30,2.50
2010.12.10 08:35:40.743,0.96742,0.9678,3.80,2.50
2010.12.10 08:35:40.964,0.96727,0.9677,4.70,4.00
2010.12.10 08:35:41.182,0.9673,0.96775,2.40,2.50
2010.12.10 08:35:41.293,0.9673,0.96775,2.40,2.50
2010.12.10 08:35:45.093,0.9673,0.96775,2.40,2.50
2010.12.10 08:35:46.772,0.9673,0.96775,2.60,2.50
2010.12.10 08:35:49.507,0.9673,0.96775,2.60,2.50
2010.12.10 08:35:51.905,0.96735,0.9678,2.40,4.90
2010.12.10 08:35:52.235,0.96741,0.96781,1.50,1.70
2010.12.10 08:35:52.348,0.96741,0.96781,1.50,1.80
2010.12.10 08:35:53.202,0.96741,0.96781,1.60,2.50
2010.12.10 08:35:53.534,0.96735,0.96771,2.60,1.70
2010.12.10 08:35:53.755,0.96733,0.96774,1.60,3.20
2010.12.10 08:35:54.298,0.96738,0.96774,2.40,2.50
2010.12.10 08:35:54.425,0.96738,0.96779,2.60,3.20
2010.12.10 08:35:54.752,0.96738,0.96779,2.40,2.50
2010.12.10 08:35:54.918,0.96738,0.96779,2.40,2.50
2010.12.10 08:35:55.566,0.96738,0.96779,2.40,2.50
2010.12.10 08:35:55.700,0.96738,0.96779,2.40,2.50
2010.12.10 08:36:02.279,0.96742,0.96775,1.50,3.20
2010.12.10 08:36:02.953,0.96732,0.9677,1.60,1.70
2010.12.10 08:36:06.810,0.96733,0.96771,1.70,1.70
2010.12.10 08:36:07.144,0.96742,0.96774,1.50,2.50
2010.12.10 08:36:07.710,0.96737,0.9678,2.30,3.20
2010.12.10 08:36:07.828,0.96742,0.9678,1.80,1.50
2010.12.10 08:36:07.942,0.9675,0.9679,2.30,2.50
2010.12.10 08:36:08.749,0.96749,0.96794,4.50,3.20
2010.12.10 08:36:09.403,0.96748,0.96791,2.30,2.50
2010.12.10 08:36:09.974,0.96748,0.96791,2.30,2.30
2010.12.10 08:36:10.626,0.96748,0.96793,2.30,2.60
2010.12.10 08:36:11.495,0.96748,0.96793,2.30,2.60
2010.12.10 08:36:12.644,0.96747,0.96792,2.40,2.60
2010.12.10 08:36:12.976,0.96748,0.96793,2.40,2.50
2010.12.10 08:36:13.089,0.96756,0.968,2.40,3.80
2010.12.10 08:36:13.804,0.96758,0.96804,2.30,2.60
2010.12.10 08:36:14.854,0.96758,0.96802,2.40,2.50
2010.12.10 08:36:15.447,0.96764,0.96807,2.30,2.30
2010.12.10 08:36:15.783,0.96766,0.96809,2.30,2.30
2010.12.10 08:36:16.386,0.96766,0.9681,2.30,2.40
2010.12.10 08:36:16.935,0.96762,0.968,1.50,1.70
2010.12.10 08:36:17.813,0.96758,0.96798,1.50,2.50
2010.12.10 08:36:18.143,0.96762,0.968,1.50,1.70
2010.12.10 08:36:18.253,0.96762,0.968,1.50,2.50
2010.12.10 08:36:18.907,0.96756,0.9679,2.30,1.70
2010.12.10 08:36:19.061,0.96747,0.9679,2.50,1.50
2010.12.10 08:36:19.173,0.96751,0.96791,2.50,3.80
2010.12.10 08:36:19.397,0.96761,0.96795,1.50,2.30
2010.12.10 08:36:19.988,0.96761,0.96801,1.70,2.40
2010.12.10 08:36:20.103,0.96761,0.96807,4.00,2.40
2010.12.10 08:36:20.383,0.96761,0.96807,4.00,2.30
2010.12.10 08:36:21.692,0.96761,0.96807,4.00,2.40
2010.12.10 08:36:21.827,0.96761,0.96807,4.00,2.30
2010.12.10 08:36:22.052,0.96761,0.96807,4.00,2.40
2010.12.10 08:36:23.181,0.96761,0.96791,2.30,1.70
2010.12.10 08:36:23.295,0.96751,0.96791,1.70,1.70
2010.12.10 08:36:24.024,0.96745,0.96788,2.60,2.50
2010.12.10 08:36:24.423,0.96743,0.96786,2.60,2.30
2010.12.10 08:36:24.534,0.96744,0.96789,2.60,2.50
2010.12.10 08:36:25.280,0.96746,0.96791,2.60,4.70
2010.12.10 08:36:25.950,0.96746,0.96791,2.60,4.70
2010.12.10 08:36:26.693,0.96746,0.96791,2.60,4.70
2010.12.10 08:36:27.168,0.96744,0.96789,2.50,2.50
2010.12.10 08:36:27.465,0.96744,0.96787,3.20,2.30
2010.12.10 08:36:27.573,0.96752,0.9679,1.50,1.50
2010.12.10 08:36:27.683,0.96752,0.9679,1.50,1.60
2010.12.10 08:36:28.441,0.96752,0.9679,1.50,2.50
2010.12.10 08:36:29.455,0.96747,0.9679,8.00,3.80
2010.12.10 08:36:29.563,0.96748,0.96793,1.10,4.50
2010.12.10 08:36:29.673,0.96748,0.9679,1.10,2.30
2010.12.10 08:36:30.286,0.96788,0.96828,2.30,6.10
2010.12.10 08:36:30.405,0.96819,0.96863,2.30,1.10
2010.12.10 08:36:30.991,0.96819,0.96853,2.30,3.20
2010.12.10 08:36:31.169,0.96811,0.96853,2.30,2.50
2010.12.10 08:36:31.886,0.96806,0.96851,2.50,2.30
2010.12.10 08:36:31.994,0.96806,0.96851,3.20,2.30
2010.12.10 08:36:32.218,0.9681,0.96851,2.30,2.30
2010.12.10 08:36:32.843,0.96812,0.96843,2.30,2.50
2010.12.10 08:36:32.958,0.96805,0.96843,1.10,2.30
2010.12.10 08:36:33.183,0.96807,0.96843,1.10,2.30
2010.12.10 08:36:33.780,0.96806,0.96849,2.30,2.30
2010.12.10 08:36:34.005,0.96809,0.96852,2.30,4.50
2010.12.10 08:36:34.933,0.9681,0.96852,2.30,2.30
2010.12.10 08:36:35.262,0.96814,0.96852,2.30,2.30
2010.12.10 08:36:35.375,0.96816,0.96859,2.50,1.60
2010.12.10 08:36:36.065,0.96816,0.96853,2.30,2.50
2010.12.10 08:36:36.190,0.96808,0.96851,2.30,2.30
2010.12.10 08:36:36.306,0.96808,0.96843,2.30,2.50
2010.12.10 08:36:37.007,0.96802,0.96845,2.30,4.50
2010.12.10 08:36:37.333,0.96802,0.96847,2.30,2.30
2010.12.10 08:36:37.442,0.96802,0.96845,2.30,2.30
2010.12.10 08:36:38.293,0.96798,0.96843,2.30,2.30
2010.12.10 08:36:38.513,0.96798,0.96841,2.50,2.30
2010.12.10 08:36:39.364,0.96798,0.96842,2.30,2.30
2010.12.10 08:36:40.024,0.96784,0.96824,1.80,2.30
2010.12.10 08:36:40.637,0.96784,0.96825,1.80,2.30
2010.12.10 08:36:40.762,0.96784,0.96825,1.50,2.30
2010.12.10 08:36:41.117,0.96784,0.96822,1.50,2.30
2010.12.10 08:36:41.801,0.96784,0.96816,1.50,2.30
2010.12.10 08:36:42.192,0.96782,0.96818,1.80,2.30
2010.12.10 08:36:42.534,0.96782,0.96816,1.80,2.30
2010.12.10 08:36:43.245,0.96782,0.96817,1.80,2.30
2010.12.10 08:36:44.013,0.96776,0.96815,2.30,2.30
2010.12.10 08:36:44.827,0.96776,0.96814,1.10,2.30
2010.12.10 08:36:45.044,0.96782,0.96814,1.70,2.30
2010.12.10 08:36:45.153,0.96782,0.96819,1.70,2.30
2010.12.10 08:36:45.976,0.9678,0.96824,2.30,2.30
2010.12.10 08:36:46.192,0.9678,0.96824,2.30,2.40
2010.12.10 08:36:46.412,0.96774,0.96819,3.80,1.50
2010.12.10 08:36:46.522,0.96774,0.96819,4.00,1.50
2010.12.10 08:36:46.633,0.96779,0.96825,2.30,2.60
2010.12.10 08:36:46.963,0.96778,0.96817,2.30,2.30
2010.12.10 08:36:47.529,0.96772,0.96815,2.60,2.30
2010.12.10 08:36:48.195,0.96771,0.96806,4.10,2.30
2010.12.10 08:36:48.524,0.96767,0.9681,2.40,1.70
2010.12.10 08:36:48.743,0.96766,0.96811,2.40,1.70
2010.12.10 08:36:49.333,0.96758,0.96801,2.40,2.50
2010.12.10 08:36:49.443,0.96758,0.96803,2.40,3.20
2010.12.10 08:36:49.554,0.96757,0.96802,5.00,2.30
2010.12.10 08:36:50.669,0.96768,0.96813,2.50,2.30
2010.12.10 08:36:50.783,0.9677,0.96813,2.30,2.30
2010.12.10 08:36:51.223,0.96774,0.9682,2.30,3.90
2010.12.10 08:36:51.839,0.96774,0.96819,2.30,2.60
2010.12.10 08:36:52.293,0.96774,0.96819,2.30,1.50
2010.12.10 08:36:52.513,0.96777,0.96819,2.30,1.60
2010.12.10 08:36:53.206,0.96776,0.96819,2.30,1.60
2010.12.10 08:36:53.603,0.96772,0.9681,1.60,1.50
2010.12.10 08:36:54.519,0.9677,0.9681,2.30,1.50
2010.12.10 08:36:54.633,0.96766,0.9681,2.40,3.80
2010.12.10 08:36:54.744,0.96771,0.96811,1.50,3.80
2010.12.10 08:36:56.043,0.96766,0.9681,2.40,1.50
2010.12.10 08:36:56.743,0.96766,0.96803,2.30,2.50
2010.12.10 08:36:56.852,0.96763,0.96803,1.60,2.50
2010.12.10 08:36:56.962,0.96761,0.96801,4.10,1.50
2010.12.10 08:36:57.926,0.96761,0.96801,3.90,1.70
2010.12.10 08:36:59.330,0.96766,0.96801,2.30,1.70
2010.12.10 08:36:59.492,0.96767,0.9681,2.40,2.50
2010.12.10 08:36:59.603,0.96772,0.9681,1.50,1.50
2010.12.10 08:37:00.286,0.96774,0.96817,2.30,1.10
2010.12.10 08:37:00.393,0.96772,0.96814,2.30,1.10
2010.12.10 08:37:00.504,0.96772,0.9681,2.30,2.50
2010.12.10 08:37:00.722,0.96768,0.9681,2.30,2.50
2010.12.10 08:37:01.454,0.96761,0.96801,4.10,1.70
2010.12.10 08:37:01.786,0.96761,0.96801,1.70,1.70
2010.12.10 08:37:01.893,0.96761,0.96801,1.80,1.70
2010.12.10 08:37:02.532,0.96762,0.96801,2.30,1.70
2010.12.10 08:37:04.660,0.96792,0.96818,2.50,2.30
2010.12.10 08:37:05.392,0.968,0.96821,1.70,2.30
2010.12.10 08:37:05.509,0.96806,0.96848,2.50,2.60
2010.12.10 08:37:05.955,0.96809,0.9685,2.30,1.50
2010.12.10 08:37:06.458,0.96808,0.96853,4.70,2.50
2010.12.10 08:37:06.564,0.9681,0.96855,2.30,2.50
2010.12.10 08:37:06.905,0.96812,0.96855,2.30,2.50
2010.12.10 08:37:07.343,0.96812,0.96855,2.30,2.60
2010.12.10 08:37:07.453,0.96812,0.96855,2.30,2.50
2010.12.10 08:37:07.785,0.9681,0.96855,2.30,2.60
2010.12.10 08:37:08.355,0.96807,0.9685,2.30,1.50
2010.12.10 08:37:09.152,0.96808,0.9685,2.30,1.50
2010.12.10 08:37:09.985,0.96807,0.9685,2.30,3.90
2010.12.10 08:37:10.653,0.96807,0.9685,2.30,3.80
2010.12.10 08:37:10.762,0.96807,0.96849,2.30,1.60
2010.12.10 08:37:11.295,0.96807,0.96833,2.30,1.50
2010.12.10 08:37:11.427,0.968,0.96842,2.30,2.40
2010.12.10 08:37:12.386,0.96808,0.96851,2.30,3.20
2010.12.10 08:37:12.493,0.96806,0.96851,2.30,3.20
2010.12.10 08:37:12.825,0.96806,0.96851,2.30,2.30
2010.12.10 08:37:13.263,0.96804,0.96845,2.30,2.30
2010.12.10 08:37:13.374,0.968,0.96845,2.30,2.30
2010.12.10 08:37:13.944,0.9681,0.96853,2.30,2.60
2010.12.10 08:37:14.273,0.9681,0.96853,2.30,2.60
2010.12.10 08:37:14.624,0.9681,0.96853,2.30,2.60
2010.12.10 08:37:14.918,0.9681,0.96853,2.30,2.60
2010.12.10 08:37:15.143,0.9681,0.96853,2.30,2.60
2010.12.10 08:37:15.253,0.9681,0.96853,2.30,2.60
2010.12.10 08:37:15.847,0.96807,0.9685,2.30,2.30
2010.12.10 08:37:15.953,0.96808,0.96843,2.30,2.30
2010.12.10 08:37:16.063,0.96804,0.96843,2.30,2.30
2010.12.10 08:37:16.282,0.96802,0.96843,2.30,2.30
2010.12.10 08:37:17.387,0.968,0.96839,2.30,1.50
2010.12.10 08:37:17.546,0.96784,0.96828,2.30,2.30
2010.12.10 08:37:17.654,0.96781,0.96827,4.10,2.30
2010.12.10 08:37:17.983,0.96781,0.96827,4.10,2.50
2010.12.10 08:37:21.492,0.96785,0.96829,2.30,2.60
2010.12.10 08:37:21.823,0.9678,0.9682,2.30,2.50
2010.12.10 08:37:22.637,0.96767,0.9681,2.40,3.20
2010.12.10 08:37:23.278,0.96765,0.96809,2.60,2.50
2010.12.10 08:37:24.005,0.96767,0.96811,2.30,4.70
2010.12.10 08:37:24.453,0.96765,0.96809,2.60,2.50
2010.12.10 08:37:24.874,0.96769,0.96811,2.50,1.70
2010.12.10 08:37:25.205,0.9677,0.96811,2.30,2.50
2010.12.10 08:37:25.812,0.96798,0.96815,2.30,2.30
2010.12.10 08:37:25.976,0.96811,0.96853,2.30,6.10
2010.12.10 08:37:26.082,0.96809,0.96853,2.30,11.70
2010.12.10 08:37:26.193,0.96811,0.96849,1.50,1.70
2010.12.10 08:37:26.303,0.96808,0.96849,2.30,1.10
2010.12.10 08:37:26.881,0.96805,0.96848,2.30,2.80
2010.12.10 08:37:28.097,0.96803,0.96846,2.50,2.40
2010.12.10 08:37:28.552,0.96801,0.96842,2.30,2.60
2010.12.10 08:37:29.484,0.968,0.96845,2.30,2.50
2010.12.10 08:37:29.596,0.96803,0.96846,2.30,2.30
2010.12.10 08:37:29.703,0.96805,0.96848,2.30,2.50
2010.12.10 08:37:30.455,0.968,0.96845,2.30,2.50
2010.12.10 08:37:30.573,0.968,0.96845,2.50,2.30
2010.12.10 08:37:31.233,0.96803,0.96848,2.30,2.30
2010.12.10 08:37:31.804,0.96804,0.96849,2.30,2.50
2010.12.10 08:37:31.915,0.96806,0.96849,2.30,2.50
2010.12.10 08:37:32.512,0.96807,0.9685,2.30,2.40
2010.12.10 08:37:33.192,0.96806,0.96851,2.30,2.60
2010.12.10 08:37:33.982,0.96805,0.9685,2.30,2.40
2010.12.10 08:37:34.543,0.96805,0.9685,2.30,4.10
2010.12.10 08:37:34.661,0.968,0.96845,2.30,2.50
2010.12.10 08:37:35.384,0.96802,0.96846,1.50,4.70
2010.12.10 08:37:35.826,0.96801,0.96846,2.30,2.50
2010.12.10 08:37:35.933,0.96801,0.96843,2.30,2.40
2010.12.10 08:37:36.532,0.96801,0.96843,2.30,2.40
2010.12.10 08:37:36.754,0.96801,0.96845,3.80,2.30
2010.12.10 08:37:37.327,0.96801,0.96843,1.50,2.30
2010.12.10 08:37:37.872,0.96802,0.96842,2.30,2.30
2010.12.10 08:37:38.434,0.96802,0.96839,2.30,1.50
2010.12.10 08:37:38.563,0.96798,0.96839,2.40,1.50
2010.12.10 08:37:38.672,0.96798,0.96839,2.40,1.70
2010.12.10 08:37:38.893,0.96795,0.96839,2.30,1.80
2010.12.10 08:37:39.584,0.96796,0.96839,2.30,1.70
2010.12.10 08:37:41.513,0.96795,0.96838,2.30,2.60
2010.12.10 08:37:41.842,0.96794,0.96837,2.50,2.60
2010.12.10 08:37:43.874,0.96794,0.96837,2.50,2.60
2010.12.10 08:37:44.745,0.96798,0.96839,2.30,1.90
2010.12.10 08:37:45.412,0.96799,0.96839,2.30,1.80
2010.12.10 08:37:46.704,0.96796,0.96839,2.30,4.10
2010.12.10 08:37:46.814,0.96796,0.96839,2.30,4.10
2010.12.10 08:37:46.923,0.96796,0.96839,2.30,9.80
2010.12.10 08:37:48.320,0.96796,0.96839,2.40,4.10
2010.12.10 08:37:48.975,0.96796,0.96839,2.30,4.00
2010.12.10 08:37:49.575,0.96796,0.96839,2.40,4.00
2010.12.10 08:37:50.203,0.96796,0.96839,2.30,4.10
2010.12.10 08:37:50.978,0.96796,0.96839,2.40,4.10
2010.12.10 08:37:52.368,0.96796,0.96839,2.30,4.10
2010.12.10 08:37:52.871,0.96796,0.96839,2.40,4.10
2010.12.10 08:37:52.989,0.96796,0.96839,2.30,4.10
2010.12.10 08:37:54.695,0.96796,0.96839,2.40,4.10
2010.12.10 08:37:55.797,0.96796,0.96839,2.30,9.80
2010.12.10 08:37:56.122,0.96793,0.96838,2.60,6.00
2010.12.10 08:37:56.672,0.96796,0.96839,2.30,9.80
2010.12.10 08:37:57.575,0.96792,0.96833,1.70,2.50
2010.12.10 08:37:57.683,0.96791,0.9683,2.30,4.10
2010.12.10 08:37:58.282,0.96786,0.9683,2.30,9.80
2010.12.10 08:37:58.439,0.96789,0.96833,2.30,8.00
2010.12.10 08:37:58.772,0.96787,0.9683,2.30,2.60
2010.12.10 08:37:59.391,0.96787,0.9683,2.30,2.30
2010.12.10 08:37:59.503,0.96787,0.9683,2.30,2.40
2010.12.10 08:38:00.120,0.96785,0.96829,2.30,2.40
2010.12.10 08:38:00.903,0.96785,0.96829,2.30,2.30
2010.12.10 08:38:01.022,0.96785,0.96829,2.30,2.40
2010.12.10 08:38:02.383,0.96782,0.96828,2.40,2.40
2010.12.10 08:38:02.980,0.96777,0.9682,2.30,1.70
2010.12.10 08:38:04.070,0.96765,0.96809,2.30,2.50
2010.12.10 08:38:04.293,0.96765,0.96811,2.40,4.00
2010.12.10 08:38:04.755,0.96771,0.96811,1.60,4.00
2010.12.10 08:38:05.249,0.96771,0.96811,1.60,1.50
2010.12.10 08:38:05.385,0.96771,0.96811,2.60,1.50
2010.12.10 08:38:05.603,0.96772,0.96816,3.30,2.30
2010.12.10 08:38:05.824,0.96776,0.9682,2.50,2.30
2010.12.10 08:38:06.852,0.96778,0.96822,2.50,2.40
2010.12.10 08:38:06.963,0.96778,0.96822,2.50,2.40
2010.12.10 08:38:07.429,0.96778,0.96822,2.60,2.40
2010.12.10 08:38:07.654,0.9678,0.96824,2.30,6.00
2010.12.10 08:38:07.763,0.9678,0.96824,2.30,2.60
2010.12.10 08:38:13.188,0.9678,0.96826,2.30,2.50
2010.12.10 08:38:13.305,0.96782,0.96826,2.30,2.50
2010.12.10 08:38:13.985,0.96797,0.96826,2.30,2.30
2010.12.10 08:38:14.108,0.96804,0.96848,2.50,2.40
2010.12.10 08:38:14.223,0.96813,0.96848,2.30,2.40
2010.12.10 08:38:14.445,0.96815,0.96858,2.30,6.20
2010.12.10 08:38:14.663,0.96815,0.96858,2.30,6.50
2010.12.10 08:38:15.262,0.96814,0.96857,2.30,6.20
2010.12.10 08:38:15.483,0.96811,0.96856,2.30,6.20
2010.12.10 08:38:16.184,0.96811,0.96856,2.30,2.60
2010.12.10 08:38:17.483,0.96811,0.96856,2.30,2.60
2010.12.10 08:38:18.143,0.96819,0.96862,3.20,2.40
2010.12.10 08:38:18.254,0.96827,0.96862,2.30,2.40
2010.12.10 08:38:18.363,0.96825,0.96865,2.50,2.60
2010.12.10 08:38:18.694,0.96822,0.96863,2.30,2.80
2010.12.10 08:38:19.416,0.9682,0.96863,2.30,2.80
2010.12.10 08:38:21.864,0.9682,0.96863,2.30,2.60
2010.12.10 08:38:21.973,0.9682,0.96863,2.30,2.60
2010.12.10 08:38:22.192,0.9682,0.96863,2.30,2.60
2010.12.10 08:38:22.454,0.9682,0.96863,2.30,2.60
2010.12.10 08:38:22.672,0.96818,0.96863,2.30,4.90
2010.12.10 08:38:23.602,0.96818,0.96861,2.40,2.30
2010.12.10 08:38:23.836,0.96818,0.96861,2.30,2.30
2010.12.10 08:38:24.637,0.9682,0.96863,2.30,5.00
2010.12.10 08:38:27.199,0.96819,0.96862,2.30,2.60
2010.12.10 08:38:30.074,0.96818,0.96861,2.30,2.40
2010.12.10 08:38:30.665,0.96818,0.96852,2.30,2.30
2010.12.10 08:38:30.884,0.9682,0.96858,1.50,2.40
2010.12.10 08:38:31.591,0.96825,0.96869,2.30,2.60
2010.12.10 08:38:31.922,0.96825,0.96869,2.30,2.60
2010.12.10 08:38:33.036,0.96825,0.96869,2.30,6.20
2010.12.10 08:38:33.388,0.96821,0.9686,2.30,1.50
2010.12.10 08:38:33.502,0.96821,0.9686,2.50,1.50
2010.12.10 08:38:33.724,0.96821,0.96864,2.30,6.20
2010.12.10 08:38:33.833,0.96821,0.96862,2.30,2.50
2010.12.10 08:38:34.387,0.96824,0.96862,2.30,2.50
2010.12.10 08:38:34.936,0.96827,0.96869,2.50,1.80
2010.12.10 08:38:37.188,0.96826,0.96872,2.50,12.60
2010.12.10 08:38:37.302,0.96826,0.96872,2.50,12.10
2010.12.10 08:38:38.933,0.96826,0.96872,2.50,5.00
2010.12.10 08:38:41.406,0.96826,0.9687,2.50,4.00
2010.12.10 08:38:41.518,0.96823,0.96866,2.30,2.40
2010.12.10 08:38:41.643,0.96823,0.96866,2.30,2.40
2010.12.10 08:38:41.974,0.96823,0.96866,2.30,2.40
2010.12.10 08:38:43.167,0.96812,0.96857,2.50,2.40
2010.12.10 08:38:44.296,0.96814,0.96857,2.30,2.40
2010.12.10 08:38:44.624,0.96816,0.96859,2.30,3.90
2010.12.10 08:38:45.445,0.9682,0.96863,2.30,4.70
2010.12.10 08:38:46.242,0.9682,0.96863,2.30,4.80
2010.12.10 08:38:46.465,0.9682,0.96863,2.30,11.90
2010.12.10 08:38:47.749,0.96817,0.9686,2.30,2.60
2010.12.10 08:38:47.876,0.96818,0.96861,2.50,2.40
2010.12.10 08:38:47.997,0.96818,0.96861,2.50,2.40
2010.12.10 08:38:48.668,0.96818,0.96861,2.50,2.40
2010.12.10 08:38:49.145,0.96816,0.9686,2.50,2.60
2010.12.10 08:38:49.253,0.96816,0.9686,2.30,9.90
2010.12.10 08:38:49.954,0.96814,0.96857,2.30,2.40
2010.12.10 08:38:50.064,0.96814,0.96857,2.30,2.40
2010.12.10 08:38:50.848,0.96812,0.96852,2.30,1.40
2010.12.10 08:38:50.964,0.9681,0.9685,4.00,1.60
2010.12.10 08:38:51.074,0.9681,0.9685,4.00,1.70
2010.12.10 08:38:51.582,0.96812,0.9685,2.30,1.70
2010.12.10 08:38:51.700,0.96803,0.96847,2.30,1.10
2010.12.10 08:38:51.813,0.96801,0.96844,3.80,2.50
2010.12.10 08:38:52.512,0.96803,0.96846,2.30,4.70
2010.12.10 08:38:54.882,0.96801,0.96844,4.00,2.30
2010.12.10 08:38:54.993,0.96806,0.96849,2.30,2.30
2010.12.10 08:38:57.192,0.9681,0.96855,2.30,2.40
2010.12.10 08:38:57.820,0.96812,0.96855,2.30,2.40
2010.12.10 08:38:58.438,0.96816,0.9686,4.50,1.70
2010.12.10 08:38:59.192,0.96814,0.96857,2.30,2.50
2010.12.10 08:38:59.304,0.96812,0.96855,4.50,2.50
2010.12.10 08:38:59.417,0.96812,0.96855,2.30,3.20
2010.12.10 08:38:59.969,0.96815,0.96857,2.30,3.20
2010.12.10 08:39:00.091,0.9681,0.96853,4.00,2.30
2010.12.10 08:39:00.759,0.96815,0.96858,2.30,2.50
2010.12.10 08:39:00.880,0.96809,0.96849,2.30,1.70
2010.12.10 08:39:00.994,0.96809,0.96849,2.30,1.50
2010.12.10 08:39:01.679,0.96809,0.96852,2.50,2.30
2010.12.10 08:39:01.808,0.96816,0.96859,2.30,2.30
2010.12.10 08:39:02.667,0.96815,0.9686,2.30,2.40
2010.12.10 08:39:02.775,0.96811,0.96854,2.30,2.40
2010.12.10 08:39:03.465,0.96812,0.96857,2.30,2.40
2010.12.10 08:39:03.594,0.96812,0.96857,4.50,2.30
2010.12.10 08:39:03.707,0.96814,0.96857,2.30,2.30
2010.12.10 08:39:04.342,0.96817,0.9686,2.30,2.30
2010.12.10 08:39:04.927,0.96818,0.96863,2.30,2.50
2010.12.10 08:39:05.038,0.96813,0.96858,2.30,2.30
2010.12.10 08:39:06.243,0.96815,0.96858,2.30,2.30
2010.12.10 08:39:06.382,0.96812,0.96857,2.30,2.30
2010.12.10 08:39:06.714,0.96814,0.96859,2.30,2.30
2010.12.10 08:39:07.932,0.96807,0.96852,2.30,2.30
2010.12.10 08:39:08.633,0.96806,0.96851,2.40,2.30
2010.12.10 08:39:09.430,0.96808,0.96853,2.30,2.30
2010.12.10 08:39:10.153,0.96813,0.96858,2.30,2.40
2010.12.10 08:39:10.904,0.96813,0.96858,2.30,2.40
2010.12.10 08:39:11.018,0.96814,0.96859,2.30,2.50
2010.12.10 08:39:12.079,0.9681,0.96855,2.30,2.50
2010.12.10 08:39:12.195,0.96809,0.96852,2.30,2.30
2010.12.10 08:39:12.526,0.96818,0.9686,2.30,1.90
2010.12.10 08:39:13.062,0.96818,0.9686,2.30,1.50
2010.12.10 08:39:13.188,0.96816,0.96859,2.30,1.50
2010.12.10 08:39:14.671,0.96818,0.96859,2.30,1.70
2010.12.10 08:39:16.451,0.96823,0.96859,2.30,1.70
2010.12.10 08:39:18.326,0.96819,0.96859,2.30,1.80
2010.12.10 08:39:18.900,0.96818,0.96859,2.30,2.60
2010.12.10 08:39:19.042,0.96816,0.96859,2.30,4.80
2010.12.10 08:39:19.154,0.96813,0.96856,2.30,2.50
2010.12.10 08:39:19.483,0.96812,0.96857,2.40,2.50
2010.12.10 08:39:19.593,0.96812,0.96857,2.60,2.30
2010.12.10 08:39:20.241,0.96816,0.96859,2.40,2.50
2010.12.10 08:39:20.793,0.96816,0.96859,2.40,2.50
2010.12.10 08:39:21.600,0.96816,0.96859,2.30,2.50
2010.12.10 08:39:22.496,0.96818,0.9686,2.30,1.70
2010.12.10 08:39:23.894,0.96818,0.9686,2.40,1.70
2010.12.10 08:39:24.545,0.96816,0.96859,2.30,2.50
2010.12.10 08:39:25.094,0.96819,0.9686,2.30,1.70
2010.12.10 08:39:25.424,0.96815,0.9686,2.30,4.00
2010.12.10 08:39:26.042,0.96814,0.96859,2.30,2.50
2010.12.10 08:39:26.262,0.96816,0.96859,2.30,2.50
2010.12.10 08:39:27.580,0.96816,0.9686,2.40,1.80
2010.12.10 08:39:28.598,0.96816,0.9686,2.30,1.90
2010.12.10 08:39:29.454,0.96816,0.9686,2.40,1.70
2010.12.10 08:39:32.464,0.96816,0.96859,2.30,2.60
2010.12.10 08:39:33.364,0.96812,0.9685,2.40,1.50
2010.12.10 08:39:33.587,0.96816,0.96858,2.30,1.10
2010.12.10 08:39:33.704,0.96816,0.96859,2.30,3.30
2010.12.10 08:39:33.815,0.96814,0.96859,2.60,4.70
2010.12.10 08:39:35.627,0.96816,0.96859,2.30,2.60
2010.12.10 08:39:38.454,0.96815,0.96859,2.60,2.60
2010.12.10 08:39:39.621,0.96815,0.96859,2.50,2.60
2010.12.10 08:39:44.087,0.96816,0.96859,2.30,2.60
2010.12.10 08:39:44.208,0.9682,0.96859,1.50,3.40
2010.12.10 08:39:44.326,0.96818,0.96859,2.30,4.70
2010.12.10 08:39:44.435,0.96821,0.96859,1.50,3.80
2010.12.10 08:39:44.764,0.96821,0.96859,2.50,1.50
2010.12.10 08:39:45.302,0.96823,0.96864,2.30,1.10
2010.12.10 08:39:45.434,0.96821,0.96864,2.30,2.60
2010.12.10 08:39:45.544,0.96821,0.96864,2.50,2.30
2010.12.10 08:39:45.670,0.96824,0.9687,2.30,2.50
2010.12.10 08:39:47.115,0.96823,0.96869,2.30,2.30
2010.12.10 08:39:48.869,0.96827,0.96871,2.30,2.30
2010.12.10 08:39:49.097,0.96822,0.96867,2.30,2.30
2010.12.10 08:39:49.803,0.96825,0.96869,2.30,2.50
2010.12.10 08:39:50.633,0.96825,0.96869,2.30,2.50
2010.12.10 08:39:51.672,0.96825,0.96869,2.30,2.60
2010.12.10 08:40:02.029,0.96822,0.96865,2.30,2.50
2010.12.10 08:40:04.926,0.96823,0.96866,2.30,2.50
2010.12.10 08:40:05.613,0.96822,0.96865,2.30,2.50
2010.12.10 08:40:06.725,0.96818,0.96861,4.70,2.30
2010.12.10 08:40:07.443,0.96816,0.96861,2.30,2.50
2010.12.10 08:40:07.773,0.96821,0.96866,2.30,2.50
2010.12.10 08:40:12.028,0.96821,0.9686,2.30,1.70
2010.12.10 08:40:12.573,0.96819,0.9686,2.30,4.00
2010.12.10 08:40:12.715,0.96816,0.96859,2.30,2.50
2010.12.10 08:40:14.645,0.96816,0.96859,2.30,2.60
2010.12.10 08:40:16.263,0.96816,0.96859,2.30,2.50
2010.12.10 08:40:17.316,0.96814,0.96857,2.30,2.40
2010.12.10 08:40:18.454,0.96814,0.96857,2.30,2.40
2010.12.10 08:40:18.563,0.96821,0.96857,1.50,2.40
2010.12.10 08:40:18.784,0.96817,0.96857,2.30,2.30
2010.12.10 08:40:18.892,0.96814,0.96857,2.50,2.30
2010.12.10 08:40:19.002,0.9682,0.96857,1.70,2.30
2010.12.10 08:40:19.113,0.9682,0.9686,1.70,1.50
2010.12.10 08:40:19.790,0.9682,0.9686,1.50,2.50
2010.12.10 08:40:19.905,0.96813,0.96858,2.60,2.50
2010.12.10 08:40:21.354,0.96813,0.96856,2.30,3.20
2010.12.10 08:40:21.920,0.9681,0.96855,2.50,2.50
2010.12.10 08:40:22.070,0.9681,0.96849,2.30,2.50
2010.12.10 08:40:22.183,0.96804,0.96849,2.30,4.70
2010.12.10 08:40:24.590,0.96804,0.96847,2.30,2.50
2010.12.10 08:40:24.710,0.9681,0.96851,2.30,2.30
2010.12.10 08:40:24.823,0.96812,0.96857,2.30,2.50
2010.12.10 08:40:24.933,0.96814,0.96857,2.30,2.50
2010.12.10 08:40:25.792,0.96809,0.96852,2.30,2.50
2010.12.10 08:40:28.614,0.96809,0.96854,2.30,2.30
2010.12.10 08:40:29.443,0.96812,0.96849,2.30,1.70
2010.12.10 08:40:29.568,0.96805,0.96849,2.30,1.70
2010.12.10 08:40:30.752,0.96805,0.9685,3.20,2.30
2010.12.10 08:40:30.864,0.9681,0.96853,2.30,2.50
2010.12.10 08:40:35.923,0.96811,0.96854,2.30,2.50
2010.12.10 08:40:37.908,0.9681,0.96853,2.30,2.50
2010.12.10 08:40:38.818,0.96806,0.96849,2.30,2.30
2010.12.10 08:40:39.480,0.96806,0.96841,2.30,1.50
2010.12.10 08:40:39.619,0.96801,0.96841,1.70,1.50
2010.12.10 08:40:40.710,0.96801,0.96839,1.50,1.50
2010.12.10 08:40:41.050,0.96797,0.96842,4.70,2.30
2010.12.10 08:40:41.854,0.96797,0.96841,2.30,2.50
2010.12.10 08:40:43.534,0.96796,0.96839,2.30,2.30
2010.12.10 08:40:43.985,0.96794,0.96839,4.50,2.30
2010.12.10 08:40:44.580,0.96793,0.96834,2.30,2.30
2010.12.10 08:40:44.711,0.96787,0.96832,4.50,2.30
2010.12.10 08:40:44.825,0.96787,0.96832,5.50,2.30
2010.12.10 08:40:45.155,0.96789,0.96834,2.50,2.30
2010.12.10 08:40:46.584,0.96791,0.96833,2.50,2.30
2010.12.10 08:40:46.695,0.96788,0.9683,2.30,2.30
2010.12.10 08:40:47.841,0.96792,0.9683,1.50,2.30
2010.12.10 08:40:47.955,0.96792,0.96836,1.50,2.60
2010.12.10 08:40:48.069,0.96797,0.96836,2.50,2.40
2010.12.10 08:40:49.498,0.96803,0.96848,2.50,2.60
2010.12.10 08:40:50.038,0.96803,0.96848,2.50,2.60
2010.12.10 08:40:50.160,0.96805,0.9685,2.30,2.30
2010.12.10 08:40:50.384,0.96808,0.96853,2.30,2.40
2010.12.10 08:40:51.267,0.96806,0.96849,2.30,2.30
2010.12.10 08:40:52.117,0.96804,0.96849,2.30,2.40
2010.12.10 08:40:53.130,0.96806,0.96849,2.30,2.40
2010.12.10 08:40:53.910,0.96806,0.96849,2.30,2.40
2010.12.10 08:40:54.626,0.96798,0.96843,2.40,2.30
2010.12.10 08:40:54.735,0.96797,0.9684,2.40,2.30
2010.12.10 08:40:55.794,0.96801,0.9684,2.30,2.30
2010.12.10 08:40:55.968,0.96801,0.96845,1.70,2.30
2010.12.10 08:40:56.084,0.96804,0.96849,2.50,2.30
2010.12.10 08:40:56.304,0.96807,0.9685,2.30,2.30
2010.12.10 08:40:56.997,0.96807,0.96852,2.30,2.30
2010.12.10 08:40:57.214,0.96807,0.96852,3.20,2.30
2010.12.10 08:40:57.996,0.96814,0.96857,2.50,2.40
2010.12.10 08:40:58.216,0.96813,0.96858,4.50,2.60
2010.12.10 08:40:58.816,0.96805,0.9685,2.50,2.30
2010.12.10 08:40:58.937,0.96802,0.96847,3.80,2.30
2010.12.10 08:40:59.057,0.96802,0.96845,3.80,2.30
2010.12.10 08:40:59.765,0.96801,0.96839,1.50,1.70
2010.12.10 08:40:59.874,0.96794,0.96837,2.30,2.30
2010.12.10 08:41:01.592,0.96793,0.96829,2.30,1.50
2010.12.10 08:41:01.924,0.96791,0.96829,1.50,1.50
2010.12.10 08:41:03.034,0.96788,0.96828,2.40,2.50
2010.12.10 08:41:03.667,0.96786,0.96828,1.10,2.30
2010.12.10 08:41:03.995,0.96781,0.96819,1.90,1.50
2010.12.10 08:41:04.866,0.96781,0.96819,1.80,1.50
2010.12.10 08:41:06.456,0.96783,0.96827,2.50,2.30
2010.12.10 08:41:06.978,0.96783,0.96827,2.30,3.20
2010.12.10 08:41:07.698,0.96782,0.96828,4.00,2.60
2010.12.10 08:41:08.537,0.96782,0.96828,4.00,2.60
2010.12.10 08:41:08.753,0.96782,0.96824,3.80,2.50
2010.12.10 08:41:09.295,0.96778,0.96822,2.50,2.50
2010.12.10 08:41:10.736,0.96784,0.96828,2.50,2.30
2010.12.10 08:41:11.445,0.96782,0.96826,4.70,2.30
2010.12.10 08:41:14.174,0.96781,0.96825,1.70,2.30
2010.12.10 08:41:15.185,0.96781,0.96819,1.70,1.50
2010.12.10 08:41:18.133,0.96782,0.9682,2.50,1.50
2010.12.10 08:41:18.839,0.96781,0.96821,2.50,2.30
2010.12.10 08:41:18.964,0.96787,0.96828,2.50,2.30
2010.12.10 08:41:20.143,0.96787,0.96828,2.30,2.30
2010.12.10 08:41:20.253,0.96784,0.96828,2.50,4.50
2010.12.10 08:41:20.870,0.96782,0.96825,1.70,2.30
2010.12.10 08:41:22.199,0.96782,0.96827,1.70,6.00
2010.12.10 08:41:24.203,0.96782,0.96825,1.70,2.30
2010.12.10 08:41:27.911,0.96782,0.96826,1.80,2.30
2010.12.10 08:41:31.044,0.96787,0.96826,2.30,2.30
2010.12.10 08:41:31.158,0.96797,0.96839,2.50,2.30
2010.12.10 08:41:31.385,0.96807,0.96851,2.30,2.60
2010.12.10 08:41:31.495,0.96807,0.96851,2.50,2.30
2010.12.10 08:41:32.150,0.96811,0.96854,2.30,2.50
2010.12.10 08:41:32.588,0.9681,0.96853,2.30,2.50
2010.12.10 08:41:38.877,0.96808,0.96852,2.50,2.50
2010.12.10 08:41:40.946,0.96807,0.96849,2.50,2.30
2010.12.10 08:41:51.576,0.96811,0.96854,2.50,2.40
2010.12.10 08:41:54.657,0.9681,0.96853,4.10,2.40
2010.12.10 08:41:55.112,0.9681,0.96853,4.00,2.40
2010.12.10 08:41:56.434,0.9681,0.96853,4.10,2.40
2010.12.10 08:41:58.134,0.9681,0.96853,4.00,2.40
2010.12.10 08:41:58.243,0.9681,0.96853,4.10,2.40
2010.12.10 08:41:58.353,0.9681,0.96853,4.00,2.40
2010.12.10 08:41:59.330,0.9681,0.96853,4.00,2.30
2010.12.10 08:42:04.718,0.96812,0.96855,2.30,2.30
2010.12.10 08:42:04.824,0.96812,0.96839,2.30,1.70
2010.12.10 08:42:04.934,0.96801,0.96839,1.50,4.00
2010.12.10 08:42:05.044,0.96793,0.96836,4.70,2.30
2010.12.10 08:42:06.005,0.96792,0.96834,2.60,2.30
2010.12.10 08:42:07.314,0.96792,0.96834,2.80,2.30
2010.12.10 08:42:07.995,0.96792,0.96834,6.00,2.30
2010.12.10 08:42:08.324,0.96792,0.96834,2.60,2.30
2010.12.10 08:42:08.687,0.96792,0.96834,1.60,3.20
2010.12.10 08:42:09.270,0.96792,0.96834,1.60,2.50
2010.12.10 08:42:09.386,0.96791,0.9683,2.60,1.50
2010.12.10 08:42:09.496,0.96791,0.9683,2.40,1.50
2010.12.10 08:42:10.274,0.96791,0.96834,3.90,2.50
2010.12.10 08:42:10.383,0.96791,0.9683,2.40,1.50
2010.12.10 08:42:10.495,0.9679,0.9683,4.00,1.50
2010.12.10 08:42:11.090,0.96793,0.96838,3.30,2.30
2010.12.10 08:42:11.315,0.96796,0.9684,1.10,4.50
2010.12.10 08:42:12.544,0.96796,0.96839,1.10,2.30
2010.12.10 08:42:13.917,0.96793,0.96828,1.10,1.50
2010.12.10 08:42:14.134,0.96796,0.9684,2.60,2.30
2010.12.10 08:42:15.462,0.96796,0.96827,2.30,1.50
2010.12.10 08:42:15.685,0.96795,0.96838,3.20,2.40
2010.12.10 08:42:16.233,0.96795,0.9684,3.20,2.30
2010.12.10 08:42:17.150,0.96795,0.96837,3.20,1.50
2010.12.10 08:42:17.266,0.96793,0.96836,2.50,2.30
2010.12.10 08:42:18.393,0.96794,0.96837,2.30,3.80
2010.12.10 08:42:20.638,0.96795,0.96838,2.30,2.30
2010.12.10 08:42:20.943,0.96795,0.96838,2.40,2.30
2010.12.10 08:42:21.639,0.96795,0.96838,2.30,2.30
2010.12.10 08:42:22.636,0.96795,0.96838,2.40,2.30
2010.12.10 08:42:24.305,0.96795,0.9684,2.40,4.00
2010.12.10 08:42:25.056,0.96795,0.96838,2.40,2.30
2010.12.10 08:42:25.163,0.96795,0.96838,2.30,2.30
2010.12.10 08:42:25.384,0.96796,0.96839,2.40,2.50
2010.12.10 08:42:25.943,0.96796,0.96839,2.30,2.50
2010.12.10 08:42:28.084,0.96796,0.96839,2.40,2.50
2010.12.10 08:42:29.688,0.96801,0.96839,1.50,4.00
2010.12.10 08:42:29.915,0.96801,0.96839,1.50,1.50
2010.12.10 08:42:30.491,0.96801,0.96839,2.50,1.50
2010.12.10 08:42:30.606,0.96802,0.96847,3.20,2.50
2010.12.10 08:42:31.253,0.96811,0.96848,2.30,1.80
2010.12.10 08:42:34.283,0.96803,0.96848,2.60,4.00
2010.12.10 08:42:35.465,0.96808,0.96848,2.30,4.10
2010.12.10 08:42:35.684,0.96804,0.96848,2.50,1.80
2010.12.10 08:42:45.508,0.96804,0.96847,2.60,2.50
2010.12.10 08:42:45.624,0.96804,0.96847,2.50,2.50
2010.12.10 08:42:47.675,0.96804,0.96847,3.20,2.40
2010.12.10 08:42:48.411,0.96812,0.96855,2.50,2.40
2010.12.10 08:42:48.635,0.96814,0.96857,2.30,2.40
2010.12.10 08:42:49.396,0.96813,0.96858,2.40,2.30
2010.12.10 08:42:50.858,0.96814,0.96859,2.30,4.10
2010.12.10 08:42:52.053,0.96814,0.96859,2.30,4.10
2010.12.10 08:42:52.557,0.96814,0.96859,2.30,4.10
2010.12.10 08:42:53.162,0.96814,0.96859,2.30,4.10
2010.12.10 08:42:53.394,0.96814,0.96859,2.30,4.10
2010.12.10 08:42:53.751,0.96814,0.96859,2.30,4.10
2010.12.10 08:42:54.401,0.96813,0.96858,4.50,2.40
2010.12.10 08:42:54.843,0.96815,0.96858,2.30,2.40
2010.12.10 08:42:57.229,0.96815,0.96858,2.30,2.40
2010.12.10 08:42:57.855,0.96813,0.96852,2.50,2.30
2010.12.10 08:42:58.714,0.96816,0.96859,2.30,6.00
2010.12.10 08:42:58.838,0.96808,0.96853,2.40,2.30
2010.12.10 08:42:59.283,0.96808,0.96853,2.30,2.60
2010.12.10 08:43:00.016,0.96803,0.96848,2.30,2.50
2010.12.10 08:43:02.431,0.96802,0.96844,2.30,2.50
2010.12.10 08:43:02.543,0.96799,0.96844,2.30,2.50
2010.12.10 08:43:02.785,0.96797,0.9684,4.50,2.30
2010.12.10 08:43:03.918,0.96813,0.96849,2.30,2.50
2010.12.10 08:43:04.230,0.96813,0.96858,2.30,2.40
2010.12.10 08:43:04.978,0.96813,0.96858,2.30,3.30
2010.12.10 08:43:05.202,0.96813,0.96852,2.30,2.30
2010.12.10 08:43:05.742,0.96813,0.96849,2.30,1.50
2010.12.10 08:43:05.861,0.968,0.96843,2.30,2.30
2010.12.10 08:43:06.461,0.968,0.96845,2.30,2.50
2010.12.10 08:43:07.845,0.96796,0.9684,2.40,1.70
2010.12.10 08:43:08.510,0.96796,0.96839,2.30,1.70
2010.12.10 08:43:08.846,0.96799,0.96844,2.50,2.50
2010.12.10 08:43:09.862,0.96799,0.96844,2.60,2.50
2010.12.10 08:43:09.974,0.96799,0.96844,2.50,2.50
2010.12.10 08:43:10.608,0.96801,0.96844,2.30,2.50
2010.12.10 08:43:12.917,0.96801,0.96846,2.50,2.30
2010.12.10 08:43:14.874,0.96803,0.96848,2.30,4.50
2010.12.10 08:43:15.757,0.96803,0.96848,2.30,2.40
2010.12.10 08:43:16.383,0.96803,0.96848,2.30,2.30
2010.12.10 08:43:17.185,0.96798,0.96843,2.30,2.30
2010.12.10 08:43:17.734,0.96802,0.96843,1.50,2.30
2010.12.10 08:43:17.843,0.96802,0.96845,3.80,2.30
2010.12.10 08:43:20.138,0.96802,0.96845,3.80,2.50
2010.12.10 08:43:20.356,0.96791,0.96829,1.70,1.50
2010.12.10 08:43:20.465,0.96791,0.96829,1.50,4.00
2010.12.10 08:43:21.067,0.96786,0.96829,3.80,2.50
2010.12.10 08:43:22.613,0.96784,0.96828,2.50,2.50
2010.12.10 08:43:25.151,0.96791,0.96828,1.50,2.50
2010.12.10 08:43:25.264,0.96791,0.96828,1.50,2.30
2010.12.10 08:43:26.167,0.96791,0.96829,1.70,1.50
2010.12.10 08:43:26.284,0.96793,0.96838,2.50,2.50
2010.12.10 08:43:26.972,0.96794,0.96839,2.30,4.00
2010.12.10 08:43:27.109,0.96801,0.96839,1.50,1.50
2010.12.10 08:43:27.790,0.96801,0.96839,2.50,1.50
2010.12.10 08:43:27.917,0.96803,0.96848,2.50,2.60
2010.12.10 08:43:30.686,0.96803,0.96839,2.30,1.50
2010.12.10 08:43:31.014,0.96798,0.9684,4.50,2.50
2010.12.10 08:43:31.645,0.96797,0.9684,2.30,2.50
2010.12.10 08:43:32.434,0.96795,0.96839,4.70,1.70
2010.12.10 08:43:38.244,0.96795,0.96839,2.30,2.50
2010.12.10 08:43:38.355,0.96795,0.96838,2.30,3.20
2010.12.10 08:43:38.924,0.96792,0.96835,2.30,2.50
2010.12.10 08:43:39.584,0.96789,0.96834,2.50,2.50
2010.12.10 08:43:40.493,0.96787,0.96829,2.30,2.50
2010.12.10 08:43:40.603,0.96784,0.96829,2.50,2.50
2010.12.10 08:43:41.996,0.96783,0.96828,3.20,2.30
2010.12.10 08:43:42.576,0.96788,0.9683,2.50,2.30
2010.12.10 08:43:46.105,0.96788,0.9683,3.20,2.30
2010.12.10 08:43:47.046,0.9679,0.9683,1.50,1.70
2010.12.10 08:43:47.927,0.96788,0.96829,2.30,1.70
2010.12.10 08:43:49.296,0.96788,0.96829,2.30,1.70
2010.12.10 08:43:50.235,0.96788,0.96829,2.60,1.50
2010.12.10 08:43:50.345,0.9679,0.96829,2.30,1.70
2010.12.10 08:43:50.785,0.96787,0.96829,2.40,2.50
2010.12.10 08:43:51.421,0.96787,0.96829,2.30,2.50
2010.12.10 08:43:51.934,0.96787,0.96829,2.40,2.50
2010.12.10 08:43:52.793,0.96787,0.96829,2.30,2.50
2010.12.10 08:43:53.015,0.96785,0.96829,3.20,2.30
2010.12.10 08:43:53.797,0.96785,0.96829,2.30,2.50
2010.12.10 08:43:53.906,0.9678,0.96826,2.50,3.20
2010.12.10 08:43:55.834,0.96784,0.96829,2.50,1.90
2010.12.10 08:43:59.794,0.96784,0.96829,3.20,1.60
2010.12.10 08:44:00.674,0.96792,0.9683,1.50,1.60
2010.12.10 08:44:01.309,0.96797,0.96837,1.50,2.60
2010.12.10 08:44:01.425,0.96797,0.96838,3.80,1.80
2010.12.10 08:44:01.533,0.96797,0.96838,3.80,1.90
2010.12.10 08:44:03.577,0.96798,0.96839,2.30,1.80
2010.12.10 08:44:04.339,0.96798,0.96839,2.30,4.10
2010.12.10 08:44:04.991,0.96798,0.96839,2.30,1.80
2010.12.10 08:44:05.214,0.96798,0.96839,2.50,1.70
2010.12.10 08:44:05.326,0.968,0.96841,2.50,2.30
2010.12.10 08:44:05.435,0.96802,0.96845,2.30,2.60
2010.12.10 08:44:06.040,0.96802,0.96845,2.30,2.60
2010.12.10 08:44:07.154,0.96801,0.96839,1.50,1.70
2010.12.10 08:44:07.268,0.96798,0.96839,2.30,2.50
2010.12.10 08:44:07.374,0.96794,0.96839,2.30,2.50
2010.12.10 08:44:07.947,0.96794,0.96839,2.30,4.10
2010.12.10 08:44:08.773,0.96794,0.96837,2.30,2.30
2010.12.10 08:44:12.003,0.96793,0.96836,2.50,2.30
2010.12.10 08:44:12.590,0.96793,0.96838,2.50,2.60
2010.12.10 08:44:13.014,0.96793,0.96836,2.30,1.10
2010.12.10 08:44:16.869,0.96791,0.96831,1.70,1.50
2010.12.10 08:44:17.704,0.96791,0.96831,1.70,1.70
2010.12.10 08:44:18.266,0.96796,0.9683,2.30,1.70
2010.12.10 08:44:18.378,0.96794,0.96837,2.50,2.60
2010.12.10 08:44:18.494,0.96797,0.96837,3.20,2.30
2010.12.10 08:44:18.604,0.968,0.9684,1.70,3.80
2010.12.10 08:44:21.895,0.968,0.9684,1.70,1.70
2010.12.10 08:44:22.104,0.968,0.9684,1.70,1.50
2010.12.10 08:44:26.681,0.96811,0.96842,1.50,2.50
2010.12.10 08:44:26.803,0.96811,0.96843,1.50,2.40
2010.12.10 08:44:26.928,0.96811,0.96847,2.50,2.40
2010.12.10 08:44:27.515,0.96815,0.96849,2.50,1.60
2010.12.10 08:44:27.640,0.96818,0.96855,2.30,1.10
2010.12.10 08:44:27.975,0.96818,0.96855,2.30,2.30
2010.12.10 08:44:28.738,0.96818,0.96855,2.30,1.10
2010.12.10 08:44:28.853,0.96818,0.96855,2.30,2.30
2010.12.10 08:44:30.185,0.96809,0.96852,2.50,2.60
2010.12.10 08:44:30.734,0.96809,0.96852,2.50,2.60
2010.12.10 08:44:33.809,0.96809,0.96852,2.50,2.50
2010.12.10 08:44:33.946,0.96809,0.96852,2.50,2.60
2010.12.10 08:44:34.895,0.96809,0.96852,2.50,2.50
2010.12.10 08:44:35.666,0.96809,0.96852,2.50,2.80
2010.12.10 08:44:36.434,0.96809,0.96852,2.50,2.60
2010.12.10 08:44:36.545,0.96809,0.96852,2.50,2.60
2010.12.10 08:44:37.458,0.96809,0.96852,2.30,2.60
2010.12.10 08:44:37.793,0.96805,0.96848,2.30,2.40
2010.12.10 08:44:38.524,0.96804,0.96849,2.30,2.60
2010.12.10 08:44:38.634,0.96804,0.96849,2.30,2.80
2010.12.10 08:44:38.745,0.96804,0.96849,2.30,2.60
2010.12.10 08:44:38.856,0.96804,0.96849,2.30,2.50
2010.12.10 08:44:38.966,0.96806,0.96849,2.30,2.50
2010.12.10 08:44:39.867,0.96807,0.9685,2.30,2.50
2010.12.10 08:44:41.322,0.96807,0.9685,2.30,2.50
2010.12.10 08:44:42.041,0.96803,0.96843,2.30,2.30
2010.12.10 08:44:42.203,0.968,0.96842,2.30,2.50
2010.12.10 08:44:42.792,0.96797,0.9684,2.30,2.30
2010.12.10 08:44:42.923,0.96799,0.96842,2.30,2.30
2010.12.10 08:44:43.702,0.96799,0.96839,2.30,1.50
2010.12.10 08:44:43.859,0.96793,0.96838,2.40,2.30
2010.12.10 08:44:43.973,0.96793,0.96838,2.60,2.50
2010.12.10 08:44:44.654,0.96801,0.96838,1.50,2.40
2010.12.10 08:44:44.768,0.96799,0.9684,2.30,4.00
2010.12.10 08:44:44.878,0.96793,0.96838,2.60,2.50
2010.12.10 08:44:44.985,0.96795,0.96839,2.30,1.70
2010.12.10 08:44:45.598,0.96795,0.9684,2.30,9.80
2010.12.10 08:44:45.715,0.96795,0.9684,2.30,4.10
2010.12.10 08:44:46.453,0.96796,0.9684,2.30,1.80
2010.12.10 08:44:46.921,0.96799,0.9684,2.30,1.80
2010.12.10 08:44:48.833,0.96795,0.96838,2.30,2.50
2010.12.10 08:44:49.894,0.96795,0.96838,2.40,2.50
2010.12.10 08:44:50.003,0.96795,0.96838,2.30,2.60
2010.12.10 08:44:50.685,0.96795,0.96838,2.40,2.50
2010.12.10 08:44:51.281,0.96799,0.96842,2.50,2.50
2010.12.10 08:44:54.631,0.96799,0.96842,2.30,2.60
2010.12.10 08:44:55.390,0.96797,0.96838,2.30,2.50
2010.12.10 08:44:57.024,0.96797,0.96838,2.30,2.60
2010.12.10 08:44:57.244,0.96797,0.96838,2.40,2.60
2010.12.10 08:44:57.553,0.96797,0.96838,2.30,2.80
2010.12.10 08:44:58.365,0.96797,0.96838,2.30,2.60
2010.12.10 08:45:01.229,0.96795,0.9684,2.40,4.10
2010.12.10 08:45:02.327,0.96796,0.9684,2.30,1.80
2010.12.10 08:45:02.441,0.96796,0.9684,2.60,1.70
2010.12.10 08:45:02.664,0.96796,0.9684,2.30,1.80
2010.12.10 08:45:03.189,0.96796,0.9684,3.20,1.50
2010.12.10 08:45:03.414,0.96805,0.96849,2.50,1.90
2010.12.10 08:45:04.874,0.96807,0.96849,2.30,1.80
2010.12.10 08:45:05.427,0.9681,0.96852,1.70,5.50
2010.12.10 08:45:05.957,0.96811,0.96852,2.30,4.50
2010.12.10 08:45:06.069,0.96816,0.96861,2.60,2.30
2010.12.10 08:45:06.314,0.96823,0.96866,2.30,2.50
2010.12.10 08:45:07.742,0.96823,0.96866,2.30,2.60
2010.12.10 08:45:08.296,0.96825,0.96868,2.30,4.90
2010.12.10 08:45:09.775,0.96821,0.96864,3.80,2.50
2010.12.10 08:45:10.708,0.96839,0.96884,3.20,1.40
2010.12.10 08:45:10.825,0.96842,0.96888,2.50,5.00
2010.12.10 08:45:11.047,0.96841,0.96887,4.70,2.30
2010.12.10 08:45:11.646,0.96849,0.96893,2.50,3.40
2010.12.10 08:45:12.653,0.9685,0.96895,2.30,2.60
2010.12.10 08:45:12.764,0.9685,0.96895,2.30,6.20
2010.12.10 08:45:13.423,0.96848,0.96892,2.30,2.40
2010.12.10 08:45:14.123,0.9685,0.96894,2.30,2.60
2010.12.10 08:45:14.678,0.96851,0.96894,2.30,2.30
2010.12.10 08:45:14.794,0.96854,0.96897,2.50,2.40
2010.12.10 08:45:15.122,0.96857,0.969,2.30,2.40
2010.12.10 08:45:16.747,0.96857,0.969,2.30,2.40
2010.12.10 08:45:16.965,0.96855,0.969,2.30,2.40
2010.12.10 08:45:17.740,0.96854,0.96897,2.30,2.60
2010.12.10 08:45:17.859,0.96851,0.96895,2.30,6.00
2010.12.10 08:45:17.973,0.9685,0.96894,2.30,2.60
2010.12.10 08:45:18.304,0.9685,0.96895,2.30,2.80
2010.12.10 08:45:18.996,0.96848,0.96894,2.30,2.80
2010.12.10 08:45:19.283,0.96848,0.96894,2.30,2.60
2010.12.10 08:45:19.394,0.96848,0.96894,2.60,2.40
2010.12.10 08:45:19.944,0.96856,0.96901,2.50,2.40
2010.12.10 08:45:20.053,0.96856,0.96901,2.50,2.40
2010.12.10 08:45:20.163,0.96858,0.96902,2.30,2.60
2010.12.10 08:45:21.018,0.96854,0.96899,2.50,2.40
2010.12.10 08:45:21.353,0.96858,0.96901,2.30,2.40
2010.12.10 08:45:22.535,0.96856,0.96901,2.50,2.40
2010.12.10 08:45:24.760,0.96854,0.96899,2.50,2.40
2010.12.10 08:45:25.343,0.96854,0.96899,2.50,2.60
2010.12.10 08:45:26.855,0.96852,0.96892,2.30,2.30
2010.12.10 08:45:26.964,0.96845,0.96889,2.50,2.30
2010.12.10 08:45:27.183,0.96844,0.9689,2.50,2.30
2010.12.10 08:45:27.514,0.96841,0.96887,2.40,2.30
2010.12.10 08:45:28.671,0.96841,0.96887,4.70,2.30
2010.12.10 08:45:28.785,0.96849,0.96885,1.50,2.30
2010.12.10 08:45:29.224,0.96849,0.96888,3.80,2.40
2010.12.10 08:45:30.277,0.9685,0.9689,1.50,2.40
2010.12.10 08:45:30.404,0.9685,0.96892,1.70,2.40
2010.12.10 08:45:30.524,0.9685,0.96887,1.50,2.30
2010.12.10 08:45:31.115,0.96845,0.96882,2.30,2.30
2010.12.10 08:45:32.773,0.9684,0.96878,3.90,1.50
2010.12.10 08:45:33.418,0.9684,0.96878,2.40,2.50
2010.12.10 08:45:33.527,0.96844,0.9688,2.30,1.70
2010.12.10 08:45:34.255,0.96844,0.96878,2.30,1.50
2010.12.10 08:45:34.836,0.96839,0.96878,2.40,2.50
2010.12.10 08:45:34.951,0.96839,0.96878,2.30,2.50
2010.12.10 08:45:35.283,0.96839,0.96878,2.40,2.50
2010.12.10 08:45:36.024,0.96839,0.96878,2.40,2.50
2010.12.10 08:45:36.981,0.96847,0.96888,2.30,1.80
2010.12.10 08:45:38.956,0.96847,0.96888,2.40,1.70
2010.12.10 08:45:40.354,0.96842,0.96888,2.40,4.70
2010.12.10 08:45:40.473,0.96842,0.96888,2.30,4.80
2010.12.10 08:45:41.419,0.96842,0.96888,2.30,4.80
2010.12.10 08:45:41.644,0.96833,0.96877,2.40,3.20
2010.12.10 08:45:42.143,0.96833,0.96877,3.30,2.30
2010.12.10 08:45:42.301,0.96842,0.96879,2.30,1.50
2010.12.10 08:45:42.417,0.96837,0.96879,2.50,1.50
2010.12.10 08:45:42.524,0.96841,0.96887,2.30,3.20
2010.12.10 08:45:43.464,0.9684,0.96884,4.70,2.30
2010.12.10 08:45:43.903,0.96844,0.96888,3.20,2.30
2010.12.10 08:45:44.536,0.9685,0.96894,2.50,1.10
2010.12.10 08:45:44.644,0.96849,0.96893,2.50,2.40
2010.12.10 08:45:45.258,0.96852,0.96897,2.50,2.30
2010.12.10 08:45:47.304,0.96852,0.96895,2.50,2.40
2010.12.10 08:45:47.551,0.96852,0.96895,2.50,2.30
2010.12.10 08:45:48.101,0.96851,0.96893,2.30,2.50
2010.12.10 08:45:48.216,0.96848,0.96894,2.50,2.50
2010.12.10 08:45:49.464,0.96851,0.96894,1.70,2.30
2010.12.10 08:45:49.684,0.96851,0.96894,1.70,2.30
2010.12.10 08:45:50.233,0.96851,0.96894,4.00,2.30
2010.12.10 08:45:50.822,0.96851,0.96894,4.00,2.40
2010.12.10 08:45:51.216,0.96851,0.96894,3.80,2.60
2010.12.10 08:45:51.434,0.96849,0.96894,2.50,2.60
2010.12.10 08:45:54.624,0.96848,0.96893,2.30,2.40
2010.12.10 08:45:55.305,0.96849,0.96894,2.30,2.60
2010.12.10 08:45:55.415,0.96849,0.96894,2.50,2.40
2010.12.10 08:45:55.634,0.96845,0.96891,2.60,2.50
2010.12.10 08:45:56.223,0.96845,0.96891,2.40,3.20
2010.12.10 08:45:56.368,0.9684,0.96886,4.10,2.50
2010.12.10 08:45:56.485,0.9684,0.96886,4.70,2.30
2010.12.10 08:45:56.705,0.96846,0.9689,2.30,3.20
2010.12.10 08:45:57.293,0.96846,0.9689,2.50,2.50
2010.12.10 08:46:00.652,0.96817,0.9685,2.40,1.50
2010.12.10 08:46:00.769,0.96812,0.96857,2.60,2.30
2010.12.10 08:46:01.408,0.96821,0.96864,2.30,2.50
2010.12.10 08:46:02.854,0.9682,0.96863,2.30,2.50
2010.12.10 08:46:03.626,0.96819,0.96864,2.30,2.50
2010.12.10 08:46:05.183,0.96817,0.96857,2.40,2.30
2010.12.10 08:46:05.294,0.96814,0.96857,2.30,2.30
2010.12.10 08:46:06.006,0.96812,0.96857,2.30,2.30
2010.12.10 08:46:06.118,0.96807,0.96852,2.30,4.50
2010.12.10 08:46:08.317,0.96807,0.96852,2.30,4.70
2010.12.10 08:46:08.437,0.96807,0.96852,2.30,4.70
2010.12.10 08:46:09.555,0.96807,0.96852,2.30,4.70
2010.12.10 08:46:10.574,0.96808,0.96853,4.50,2.80
2010.12.10 08:46:11.214,0.96808,0.96853,4.50,2.60
2010.12.10 08:46:11.594,0.96808,0.96853,4.70,2.80
2010.12.10 08:46:11.814,0.96807,0.96852,4.60,2.40
2010.12.10 08:46:13.897,0.96808,0.96853,2.40,2.60
2010.12.10 08:46:14.003,0.96808,0.96853,2.30,2.60
2010.12.10 08:46:14.732,0.96808,0.96853,2.30,2.60
2010.12.10 08:46:16.824,0.96811,0.96854,2.30,4.80
2010.12.10 08:46:17.627,0.96809,0.96854,2.30,2.60
2010.12.10 08:46:18.659,0.96809,0.96854,2.30,2.60
2010.12.10 08:46:19.501,0.96809,0.96854,2.30,2.60
2010.12.10 08:46:19.724,0.96809,0.96853,2.30,3.30
2010.12.10 08:46:20.316,0.96793,0.96838,2.30,2.50
2010.12.10 08:46:21.775,0.96793,0.96835,2.30,2.50
2010.12.10 08:46:21.885,0.96793,0.96836,2.30,2.60
2010.12.10 08:46:22.104,0.96791,0.96836,2.30,2.60
2010.12.10 08:46:22.225,0.96789,0.96831,2.30,2.30
2010.12.10 08:46:23.316,0.96782,0.96823,2.30,3.20
2010.12.10 08:46:23.534,0.96779,0.96819,2.30,1.50
2010.12.10 08:46:24.211,0.96779,0.9682,2.30,2.50
2010.12.10 08:46:24.351,0.96771,0.96816,1.90,2.50
2010.12.10 08:46:24.466,0.96773,0.9681,2.30,1.50
2010.12.10 08:46:25.014,0.96772,0.9681,1.50,2.50
2010.12.10 08:46:25.602,0.96761,0.96805,3.90,2.30
2010.12.10 08:46:26.044,0.96764,0.96808,2.30,2.30
2010.12.10 08:46:26.325,0.96767,0.9681,2.30,2.30
2010.12.10 08:46:28.155,0.96767,0.96811,2.30,4.10
2010.12.10 08:46:28.935,0.96767,0.96811,2.30,4.10
2010.12.10 08:46:30.293,0.96767,0.96811,2.30,4.00
2010.12.10 08:46:30.514,0.96767,0.96811,2.30,4.10
2010.12.10 08:46:31.087,0.96765,0.96809,2.30,2.40
2010.12.10 08:46:31.306,0.96765,0.96809,2.30,2.30
2010.12.10 08:46:31.635,0.96765,0.96809,2.30,3.20
2010.12.10 08:46:31.966,0.96759,0.96799,2.30,2.50
2010.12.10 08:46:32.707,0.96756,0.96801,2.30,4.00
2010.12.10 08:46:33.254,0.96757,0.968,4.50,2.30
2010.12.10 08:46:33.364,0.96762,0.968,1.50,1.50
2010.12.10 08:46:35.453,0.96762,0.968,1.50,1.50
2010.12.10 08:46:35.904,0.96763,0.968,2.30,1.50
2010.12.10 08:46:36.014,0.96765,0.968,2.30,1.50
2010.12.10 08:46:36.639,0.96762,0.968,3.90,1.50
2010.12.10 08:46:37.086,0.96758,0.968,2.40,2.50
2010.12.10 08:46:39.134,0.96761,0.968,2.30,2.50
2010.12.10 08:46:39.463,0.96759,0.968,2.30,2.50
2010.12.10 08:46:41.500,0.96759,0.968,2.30,2.50
2010.12.10 08:46:41.614,0.96761,0.968,1.70,2.50
2010.12.10 08:46:42.195,0.9676,0.96801,2.40,2.50
2010.12.10 08:46:42.303,0.9676,0.96801,2.30,2.50
2010.12.10 08:46:42.414,0.9676,0.96801,2.40,2.50
2010.12.10 08:46:44.774,0.9676,0.96801,2.40,1.70
2010.12.10 08:46:45.371,0.96766,0.96801,2.30,1.70
2010.12.10 08:46:46.664,0.96771,0.9681,2.40,2.50
2010.12.10 08:46:48.844,0.96771,0.9681,2.40,1.50
2010.12.10 08:46:48.954,0.96771,0.96815,2.40,2.50
2010.12.10 08:46:49.938,0.96772,0.96818,2.30,3.40
2010.12.10 08:46:54.203,0.96773,0.96819,2.30,2.50
2010.12.10 08:46:54.984,0.96778,0.96822,2.30,2.50
2010.12.10 08:46:57.739,0.96779,0.96819,2.30,4.00
2010.12.10 08:46:57.965,0.96772,0.96818,2.30,2.50
2010.12.10 08:46:58.522,0.96772,0.96818,2.40,2.50
2010.12.10 08:46:59.293,0.96772,0.96818,2.40,2.50
2010.12.10 08:47:01.105,0.96772,0.96818,2.40,2.50
2010.12.10 08:47:01.690,0.96772,0.96818,2.40,2.50
2010.12.10 08:47:01.807,0.96772,0.96818,3.90,2.30
2010.12.10 08:47:03.054,0.96776,0.96819,2.30,1.50
2010.12.10 08:47:04.405,0.96776,0.96819,2.40,1.50
2010.12.10 08:47:04.566,0.96776,0.96819,2.40,1.50
2010.12.10 08:47:05.523,0.96782,0.96822,1.60,4.70
2010.12.10 08:47:06.068,0.96782,0.96822,1.80,2.30
2010.12.10 08:47:06.193,0.96786,0.96831,2.50,2.30
2010.12.10 08:47:06.913,0.96791,0.96836,2.30,3.20
2010.12.10 08:47:08.627,0.96791,0.96836,2.40,3.20
2010.12.10 08:47:09.294,0.96791,0.96835,2.30,2.60
2010.12.10 08:47:10.124,0.96788,0.96833,2.30,2.30
2010.12.10 08:47:10.737,0.96788,0.96831,2.30,2.30
2010.12.10 08:47:10.843,0.96788,0.96833,2.30,2.30
2010.12.10 08:47:11.814,0.9679,0.96833,2.30,2.30
2010.12.10 08:47:12.144,0.9679,0.96833,2.30,2.40
2010.12.10 08:47:13.375,0.9679,0.96833,2.30,2.40
2010.12.10 08:47:14.034,0.96789,0.96834,2.30,2.50
2010.12.10 08:47:14.725,0.96789,0.96832,2.30,2.30
2010.12.10 08:47:15.304,0.9679,0.96833,2.30,2.30
2010.12.10 08:47:17.101,0.9679,0.96829,2.30,1.50
2010.12.10 08:47:17.990,0.96779,0.96823,2.30,2.30
2010.12.10 08:47:19.171,0.96779,0.96825,2.30,2.50
2010.12.10 08:47:19.289,0.96786,0.96829,2.30,4.70
2010.12.10 08:47:19.406,0.9678,0.96825,2.40,2.50
2010.12.10 08:47:19.959,0.9678,0.96825,2.30,2.50
2010.12.10 08:47:20.564,0.96788,0.96831,2.30,2.40
2010.12.10 08:47:20.786,0.96789,0.96832,2.30,2.30
2010.12.10 08:47:21.405,0.96788,0.96831,2.30,2.40
2010.12.10 08:47:21.517,0.96789,0.96832,2.30,4.60
2010.12.10 08:47:23.304,0.9679,0.96832,2.30,2.30
2010.12.10 08:47:24.004,0.9679,0.96835,2.30,2.50
2010.12.10 08:47:24.229,0.9679,0.96832,2.30,2.40
2010.12.10 08:47:24.848,0.9679,0.96821,2.30,1.50
2010.12.10 08:47:25.184,0.96791,0.96833,1.60,2.50
2010.12.10 08:47:25.936,0.96789,0.96833,2.30,2.50
2010.12.10 08:47:27.417,0.96791,0.96833,2.40,2.30
2010.12.10 08:47:28.584,0.96791,0.96833,2.30,2.30
2010.12.10 08:47:29.410,0.96791,0.96834,2.50,2.30
2010.12.10 08:47:30.315,0.96794,0.96837,2.30,2.30
2010.12.10 08:47:31.621,0.96793,0.96836,2.30,2.30
2010.12.10 08:47:31.747,0.96793,0.96836,2.30,2.40
2010.12.10 08:47:31.965,0.96793,0.96836,2.30,2.30
2010.12.10 08:47:32.074,0.96793,0.96836,2.30,2.40
2010.12.10 08:47:32.786,0.96798,0.96843,2.30,4.80
2010.12.10 08:47:32.894,0.96798,0.96843,2.30,4.60
2010.12.10 08:47:33.226,0.96798,0.96843,3.20,4.60
2010.12.10 08:47:33.339,0.96798,0.96843,2.30,5.00
2010.12.10 08:47:33.947,0.96798,0.96843,2.50,12.20
2010.12.10 08:47:34.375,0.96798,0.96843,2.50,11.60
2010.12.10 08:47:34.955,0.96798,0.96843,2.50,12.20
2010.12.10 08:47:36.122,0.96798,0.96833,2.30,2.40
2010.12.10 08:47:36.454,0.96794,0.96832,2.30,2.30
2010.12.10 08:47:36.564,0.96791,0.96832,2.30,2.30
2010.12.10 08:47:37.194,0.96791,0.96832,2.40,2.30
2010.12.10 08:47:37.308,0.96791,0.96832,2.30,2.30
2010.12.10 08:47:37.554,0.96789,0.96832,2.30,2.50
2010.12.10 08:47:38.272,0.96785,0.96827,2.30,2.50
2010.12.10 08:47:38.453,0.96778,0.96823,2.30,2.50
2010.12.10 08:47:38.568,0.96775,0.96812,2.30,2.30
2010.12.10 08:47:39.215,0.96773,0.96812,2.40,2.30
2010.12.10 08:47:40.872,0.96773,0.96812,2.30,2.30
2010.12.10 08:47:42.215,0.96778,0.96822,2.30,2.50
2010.12.10 08:47:42.324,0.96778,0.96822,2.30,2.30
2010.12.10 08:47:42.435,0.96778,0.96822,2.50,2.30
2010.12.10 08:47:43.153,0.9678,0.96825,2.50,2.30
2010.12.10 08:47:44.927,0.96784,0.96826,2.30,2.30
2010.12.10 08:47:45.521,0.96784,0.96822,2.30,2.30
2010.12.10 08:47:45.658,0.9678,0.96822,2.30,2.30
2010.12.10 08:47:45.875,0.96778,0.96822,2.30,2.50
2010.12.10 08:47:47.514,0.96778,0.96822,2.30,2.60
2010.12.10 08:47:48.164,0.96779,0.96822,2.30,2.40
2010.12.10 08:47:49.755,0.96778,0.96822,2.30,4.70
2010.12.10 08:47:50.590,0.96774,0.96818,2.30,2.60
2010.12.10 08:47:50.708,0.96778,0.96823,2.30,4.70
2010.12.10 08:47:52.254,0.96777,0.96823,2.30,4.70
2010.12.10 08:47:53.515,0.96779,0.96822,2.30,2.50
2010.12.10 08:47:54.066,0.96781,0.96824,4.50,2.30
2010.12.10 08:47:54.284,0.96783,0.96826,2.30,2.30
2010.12.10 08:47:55.481,0.96784,0.96826,2.30,2.30
2010.12.10 08:47:56.144,0.9678,0.96823,2.30,2.30
2010.12.10 08:47:57.888,0.9678,0.96823,2.40,2.30
2010.12.10 08:47:58.993,0.9678,0.96823,2.30,2.30
2010.12.10 08:47:59.459,0.9678,0.96823,2.40,2.30
2010.12.10 08:48:00.048,0.9678,0.96823,2.30,2.30
2010.12.10 08:48:00.706,0.9678,0.96823,2.40,2.30
2010.12.10 08:48:01.519,0.9678,0.96823,2.40,2.30
2010.12.10 08:48:02.034,0.9678,0.96823,2.30,2.30
2010.12.10 08:48:03.566,0.9678,0.96823,2.40,2.30
2010.12.10 08:48:04.036,0.9678,0.96823,2.30,2.30
2010.12.10 08:48:04.274,0.96776,0.96822,2.40,2.30
2010.12.10 08:48:04.498,0.96786,0.96823,2.30,4.50
2010.12.10 08:48:04.714,0.96784,0.96823,2.30,2.40
2010.12.10 08:48:06.208,0.96787,0.96823,2.30,2.30
2010.12.10 08:48:06.318,0.96787,0.96829,2.30,1.70
2010.12.10 08:48:07.021,0.9679,0.96829,2.30,1.70
2010.12.10 08:48:07.138,0.96787,0.96829,2.30,1.80
2010.12.10 08:48:07.268,0.96785,0.96822,2.30,3.30
2010.12.10 08:48:07.872,0.96784,0.96819,2.30,1.50
2010.12.10 08:48:08.011,0.9679,0.96829,2.30,1.80
2010.12.10 08:48:09.034,0.96798,0.96829,2.30,1.70
2010.12.10 08:48:09.148,0.96796,0.96829,2.30,1.70
2010.12.10 08:48:09.808,0.96794,0.96829,2.30,1.70
2010.12.10 08:48:09.929,0.96797,0.96829,2.30,1.70
2010.12.10 08:48:10.046,0.96795,0.96829,2.30,1.70
2010.12.10 08:48:10.373,0.96786,0.96829,2.30,1.70
2010.12.10 08:48:15.519,0.96785,0.96827,2.30,3.30
2010.12.10 08:48:15.635,0.96781,0.96827,2.30,3.20
2010.12.10 08:48:16.406,0.96776,0.96822,2.30,3.40
2010.12.10 08:48:17.151,0.96779,0.96823,2.50,2.50
2010.12.10 08:48:20.463,0.96779,0.96823,2.30,2.40
2010.12.10 08:48:20.738,0.96779,0.96823,2.50,2.30
2010.12.10 08:48:21.392,0.96783,0.96828,2.30,2.30
2010.12.10 08:48:21.526,0.96783,0.96828,2.30,2.60
2010.12.10 08:48:21.743,0.96779,0.96823,2.30,2.30
2010.12.10 08:48:22.332,0.96779,0.96823,2.30,2.40
2010.12.10 08:48:23.674,0.96778,0.96822,2.60,2.40
2010.12.10 08:48:24.229,0.96781,0.96825,2.50,4.50
2010.12.10 08:48:25.064,0.96781,0.96825,2.30,2.50
2010.12.10 08:48:25.174,0.96779,0.96821,2.30,2.30
2010.12.10 08:48:25.743,0.96775,0.96821,2.50,2.30
2010.12.10 08:48:27.064,0.96775,0.96821,2.60,2.30
2010.12.10 08:48:28.766,0.96775,0.96821,2.50,2.30
2010.12.10 08:48:31.042,0.96777,0.96821,2.60,2.30
2010.12.10 08:48:31.155,0.96775,0.96819,2.50,2.30
2010.12.10 08:48:37.905,0.96774,0.96818,2.60,2.30
2010.12.10 08:48:43.104,0.96777,0.96821,2.60,2.30
2010.12.10 08:48:43.981,0.96778,0.96824,2.30,2.60
2010.12.10 08:48:45.725,0.96776,0.9682,2.60,2.30
2010.12.10 08:48:45.834,0.96777,0.96823,4.80,2.50
2010.12.10 08:48:45.943,0.96779,0.96823,2.30,2.50
2010.12.10 08:48:46.813,0.96775,0.96821,2.60,2.30
2010.12.10 08:48:53.758,0.96775,0.96821,2.40,2.50
2010.12.10 08:48:53.864,0.96773,0.96816,2.40,2.30
2010.12.10 08:48:54.085,0.96773,0.96816,2.40,2.30
2010.12.10 08:48:54.777,0.96772,0.96818,2.40,2.30
2010.12.10 08:48:54.886,0.96772,0.96818,2.60,2.30
2010.12.10 08:48:55.594,0.96772,0.96818,2.40,2.30
2010.12.10 08:48:56.174,0.96773,0.96819,2.40,4.50
2010.12.10 08:48:56.287,0.96771,0.96815,3.90,2.30
2010.12.10 08:48:57.264,0.96771,0.96815,3.90,2.30
2010.12.10 08:48:57.374,0.96771,0.96815,4.10,2.30
2010.12.10 08:48:58.294,0.96773,0.96817,2.40,2.30
2010.12.10 08:48:58.404,0.96773,0.96817,2.30,2.30
2010.12.10 08:48:58.963,0.96773,0.96817,2.60,2.30
2010.12.10 08:49:00.750,0.96777,0.9682,2.40,1.70
2010.12.10 08:49:00.873,0.96777,0.96823,2.40,4.50
2010.12.10 08:49:01.784,0.96777,0.96823,2.40,2.30
2010.12.10 08:49:02.496,0.96772,0.96818,3.90,2.30
2010.12.10 08:49:02.975,0.96774,0.96818,2.30,2.30
2010.12.10 08:49:03.602,0.96774,0.9681,2.30,1.50
2010.12.10 08:49:03.757,0.96769,0.96811,2.30,2.30
2010.12.10 08:49:03.863,0.96769,0.96813,2.30,2.30
2010.12.10 08:49:03.974,0.96767,0.96811,2.30,2.30
2010.12.10 08:49:04.193,0.96768,0.96814,2.30,2.60
2010.12.10 08:49:04.712,0.96768,0.96814,2.30,2.80
2010.12.10 08:49:05.460,0.96768,0.96814,2.30,2.60
2010.12.10 08:49:06.042,0.96768,0.96814,2.40,2.50
2010.12.10 08:49:06.156,0.96768,0.96814,2.50,2.40
2010.12.10 08:49:06.704,0.96771,0.96811,1.50,1.50
2010.12.10 08:49:06.841,0.96768,0.9681,2.30,1.70
2010.12.10 08:49:06.954,0.96764,0.96808,2.30,2.30
2010.12.10 08:49:07.808,0.96762,0.968,1.60,1.50
2010.12.10 08:49:08.740,0.96764,0.968,2.50,1.50
2010.12.10 08:49:08.966,0.96764,0.96807,2.60,2.50
2010.12.10 08:49:10.287,0.96764,0.9681,2.60,4.00
2010.12.10 08:49:10.563,0.96764,0.96807,2.60,2.50
2010.12.10 08:49:10.678,0.96764,0.96807,2.50,2.50
2010.12.10 08:49:10.894,0.96764,0.96807,2.60,2.50
2010.12.10 08:49:11.422,0.96772,0.96807,1.50,2.50
2010.12.10 08:49:11.538,0.96775,0.96819,2.30,4.00
2010.12.10 08:49:11.757,0.96775,0.96819,3.20,3.80
2010.12.10 08:49:12.568,0.96779,0.96819,2.30,2.50
2010.12.10 08:49:12.784,0.9677,0.96816,2.30,3.20
2010.12.10 08:49:14.759,0.9677,0.96814,2.40,2.50
2010.12.10 08:49:14.915,0.96765,0.9681,2.40,1.50
2010.12.10 08:49:15.025,0.96765,0.9681,2.40,1.70
2010.12.10 08:49:16.079,0.96764,0.9681,2.40,2.30
2010.12.10 08:49:16.524,0.96765,0.96809,2.40,2.30
2010.12.10 08:49:17.236,0.96765,0.96811,2.40,2.50
2010.12.10 08:49:17.625,0.96765,0.96809,2.40,2.30
2010.12.10 08:49:17.845,0.96763,0.96809,2.30,2.30
2010.12.10 08:49:17.954,0.96765,0.96809,2.30,2.30
2010.12.10 08:49:20.157,0.96766,0.9681,2.30,2.30
2010.12.10 08:49:20.484,0.96768,0.96811,2.40,1.70
2010.12.10 08:49:21.454,0.96771,0.96808,2.30,1.50
2010.12.10 08:49:21.564,0.96765,0.96808,2.60,1.50
2010.12.10 08:49:21.674,0.96765,0.96808,2.80,1.50
2010.12.10 08:49:22.281,0.96761,0.96801,3.90,1.50
2010.12.10 08:49:22.718,0.96761,0.96801,1.50,2.50
2010.12.10 08:49:23.490,0.96765,0.96809,2.30,2.50
2010.12.10 08:49:23.715,0.96768,0.96811,2.30,3.20
2010.12.10 08:49:25.118,0.96764,0.968,2.30,1.70
2010.12.10 08:49:25.764,0.96756,0.96799,2.40,2.30
2010.12.10 08:49:26.294,0.96754,0.96799,2.40,2.30
2010.12.10 08:49:26.915,0.96754,0.96799,2.40,2.30
2010.12.10 08:49:27.664,0.96754,0.96799,6.20,2.30
2010.12.10 08:49:28.323,0.96758,0.968,2.30,1.50
2010.12.10 08:49:28.471,0.96755,0.968,2.40,4.00
2010.12.10 08:49:28.583,0.96755,0.968,2.40,4.00
2010.12.10 08:49:29.024,0.96753,0.96794,2.60,2.30
2010.12.10 08:49:29.244,0.96752,0.96797,4.30,4.50
2010.12.10 08:49:29.828,0.96752,0.96794,2.00,2.30
2010.12.10 08:49:29.962,0.96753,0.96796,2.80,2.30
2010.12.10 08:49:30.375,0.96752,0.96793,2.00,2.30
2010.12.10 08:49:31.167,0.96752,0.96793,1.90,2.30
2010.12.10 08:49:31.287,0.96752,0.96795,4.10,2.30
2010.12.10 08:49:31.758,0.96752,0.96795,1.80,2.40
2010.12.10 08:49:32.326,0.96752,0.96795,4.30,2.30
2010.12.10 08:49:32.604,0.96752,0.96797,9.90,2.40
2010.12.10 08:49:34.010,0.96752,0.96796,4.10,2.30
2010.12.10 08:49:34.140,0.96759,0.96801,2.30,1.70
2010.12.10 08:49:34.255,0.96761,0.96801,1.50,1.50
2010.12.10 08:49:34.802,0.96761,0.96801,1.60,1.50
2010.12.10 08:49:34.954,0.96751,0.96791,1.70,1.50
2010.12.10 08:49:36.474,0.96751,0.96791,1.60,1.50
2010.12.10 08:49:37.468,0.96754,0.96799,2.50,2.60
2010.12.10 08:49:38.094,0.96754,0.96799,2.60,2.50
2010.12.10 08:49:38.618,0.96754,0.96797,2.50,2.50
2010.12.10 08:49:39.349,0.96755,0.968,2.30,4.80
2010.12.10 08:49:39.575,0.96755,0.968,4.50,11.60
2010.12.10 08:49:39.795,0.96753,0.96795,2.30,1.10
2010.12.10 08:49:40.383,0.96752,0.96797,2.60,2.50
2010.12.10 08:49:41.294,0.96753,0.96796,2.70,3.20
2010.12.10 08:49:41.406,0.9675,0.96793,2.40,2.50
2010.12.10 08:49:41.907,0.9675,0.96795,2.40,3.30
2010.12.10 08:49:42.123,0.96752,0.96795,1.10,2.40
2010.12.10 08:49:42.237,0.96761,0.96799,1.50,4.10
2010.12.10 08:49:42.455,0.96754,0.96799,2.30,6.30
2010.12.10 08:49:43.034,0.96754,0.96797,3.20,2.40
2010.12.10 08:49:43.256,0.96751,0.96796,2.60,2.50
2010.12.10 08:49:43.365,0.96754,0.96797,2.60,2.50
2010.12.10 08:49:43.586,0.96761,0.96804,2.30,2.60
2010.12.10 08:49:44.096,0.96761,0.96804,4.00,2.40
2010.12.10 08:49:44.229,0.96761,0.96806,4.10,2.50
2010.12.10 08:49:44.464,0.96761,0.96803,1.80,2.30
2010.12.10 08:49:45.925,0.96765,0.96806,1.10,2.30
2010.12.10 08:49:46.781,0.96765,0.96808,3.40,2.30
2010.12.10 08:49:46.926,0.96763,0.96803,2.80,2.30
2010.12.10 08:49:47.038,0.96763,0.96803,2.60,2.30
2010.12.10 08:49:47.891,0.96765,0.96803,2.30,2.30
2010.12.10 08:49:49.479,0.96764,0.96803,2.50,2.30
2010.12.10 08:49:52.975,0.9676,0.96803,2.30,2.60
2010.12.10 08:49:53.938,0.96755,0.968,3.40,2.30
2010.12.10 08:49:54.045,0.96755,0.968,2.40,2.50
2010.12.10 08:49:54.624,0.96744,0.96789,4.70,2.30
2010.12.10 08:49:54.734,0.96749,0.96791,2.30,2.40
2010.12.10 08:49:54.954,0.96751,0.96792,2.30,2.30
2010.12.10 08:49:55.068,0.96749,0.96792,2.30,2.30
2010.12.10 08:49:55.639,0.96749,0.96792,2.30,3.20
2010.12.10 08:49:55.789,0.96742,0.96782,3.90,2.30
2010.12.10 08:49:55.904,0.96744,0.96782,2.30,2.30
2010.12.10 08:49:56.693,0.96739,0.96782,2.30,2.30
2010.12.10 08:49:57.308,0.96742,0.96784,2.40,2.30
2010.12.10 08:49:57.427,0.96744,0.96789,2.30,2.30
2010.12.10 08:49:57.645,0.96746,0.96789,2.30,2.30
2010.12.10 08:49:58.328,0.96747,0.9679,2.60,2.30
2010.12.10 08:49:58.438,0.96752,0.96792,2.30,2.40
2010.12.10 08:49:58.764,0.96751,0.96792,2.30,2.40
2010.12.10 08:49:58.874,0.96751,0.96792,2.30,2.40
2010.12.10 08:49:59.592,0.9675,0.96792,2.30,2.60
2010.12.10 08:49:59.710,0.96748,0.96792,2.30,2.30
2010.12.10 08:50:00.016,0.96748,0.96792,2.50,2.30
2010.12.10 08:50:00.670,0.96752,0.96793,1.50,2.40
2010.12.10 08:50:00.800,0.96756,0.96799,2.40,2.40
2010.12.10 08:50:01.355,0.96755,0.96798,2.30,2.40
2010.12.10 08:50:02.775,0.96756,0.96801,2.40,4.10
2010.12.10 08:50:02.994,0.96756,0.96792,2.40,2.30
2010.12.10 08:50:03.444,0.96752,0.96792,2.40,2.30
2010.12.10 08:50:04.118,0.96751,0.96792,2.40,2.30
2010.12.10 08:50:04.846,0.96751,0.96792,2.30,2.40
2010.12.10 08:50:05.422,0.9675,0.96792,2.30,2.40
2010.12.10 08:50:05.756,0.96751,0.96792,2.30,2.40
2010.12.10 08:50:05.865,0.9675,0.96792,4.60,2.30
2010.12.10 08:50:06.607,0.96752,0.96792,2.60,2.30
2010.12.10 08:50:06.715,0.96752,0.96792,2.60,2.30
2010.12.10 08:50:06.825,0.96752,0.96797,2.60,2.30
2010.12.10 08:50:06.936,0.96752,0.96795,2.60,2.30
2010.12.10 08:50:07.567,0.96752,0.96797,2.60,2.30
2010.12.10 08:50:07.679,0.9675,0.96792,6.00,2.30
2010.12.10 08:50:08.014,0.96754,0.96794,1.60,2.30
2010.12.10 08:50:08.740,0.96754,0.96797,2.40,2.30
2010.12.10 08:50:09.947,0.96754,0.96797,2.40,2.50
2010.12.10 08:50:10.054,0.96754,0.96797,2.40,2.50
2010.12.10 08:50:12.115,0.96751,0.96794,2.40,2.50
2010.12.10 08:50:12.744,0.96751,0.96792,2.40,2.30
2010.12.10 08:50:12.965,0.96753,0.96796,2.30,2.50
2010.12.10 08:50:14.025,0.96753,0.96796,2.40,2.50
2010.12.10 08:50:16.015,0.96755,0.968,2.40,4.00
2010.12.10 08:50:17.046,0.96755,0.968,2.60,4.00
2010.12.10 08:50:17.484,0.96755,0.968,2.40,4.70
2010.12.10 08:50:18.700,0.96754,0.96799,2.60,2.30
2010.12.10 08:50:18.819,0.96759,0.96802,2.60,2.30
2010.12.10 08:50:19.154,0.96762,0.96805,2.40,2.30
2010.12.10 08:50:19.910,0.96764,0.96807,2.40,2.50
2010.12.10 08:50:20.134,0.96764,0.96807,2.30,2.50
2010.12.10 08:50:21.097,0.96764,0.96807,2.40,2.50
2010.12.10 08:50:21.207,0.96764,0.96807,2.30,2.50
2010.12.10 08:50:22.060,0.96761,0.96804,2.40,2.30
2010.12.10 08:50:22.524,0.96761,0.96804,2.40,2.30
2010.12.10 08:50:22.635,0.96761,0.96804,2.40,2.30
2010.12.10 08:50:23.605,0.96762,0.968,2.60,1.70
2010.12.10 08:50:23.825,0.96764,0.96807,2.40,2.30
2010.12.10 08:50:23.935,0.96764,0.96807,2.30,3.20
2010.12.10 08:50:24.154,0.96764,0.96809,2.30,3.20
2010.12.10 08:50:25.409,0.96761,0.96804,2.60,2.50
2010.12.10 08:50:28.416,0.9676,0.96805,2.40,2.50
2010.12.10 08:50:29.184,0.96758,0.96801,2.60,2.30
2010.12.10 08:50:31.989,0.96757,0.968,2.60,2.30
2010.12.10 08:50:32.657,0.96757,0.968,2.60,2.30
2010.12.10 08:50:33.313,0.96757,0.968,2.60,2.30
2010.12.10 08:50:33.438,0.96753,0.96798,2.80,2.50
2010.12.10 08:50:34.205,0.96753,0.96798,2.50,2.50
2010.12.10 08:50:36.199,0.96757,0.96802,2.40,4.50
2010.12.10 08:50:37.284,0.96762,0.96802,2.30,2.30
2010.12.10 08:50:37.884,0.96762,0.96805,2.40,2.30
2010.12.10 08:50:43.055,0.96761,0.96806,2.40,2.30
2010.12.10 08:50:43.164,0.96761,0.96802,2.30,2.40
2010.12.10 08:50:43.789,0.96761,0.96806,2.40,2.30
2010.12.10 08:50:44.514,0.96761,0.96802,2.40,2.40
2010.12.10 08:50:46.024,0.96761,0.96802,2.30,2.40
2010.12.10 08:50:46.615,0.9676,0.96801,4.70,1.50
2010.12.10 08:50:46.837,0.96755,0.96793,2.30,2.40
2010.12.10 08:50:47.413,0.96762,0.96791,2.30,1.50
2010.12.10 08:50:47.530,0.96762,0.96813,3.20,2.40
2010.12.10 08:50:47.650,0.96774,0.96813,2.30,2.40
2010.12.10 08:50:48.354,0.96771,0.96813,2.30,2.50
2010.12.10 08:50:48.465,0.96771,0.96813,2.30,2.60
2010.12.10 08:50:48.577,0.96771,0.96813,2.30,2.60
2010.12.10 08:50:49.157,0.96772,0.96813,2.30,2.80
2010.12.10 08:50:49.285,0.96768,0.96813,2.50,2.40
2010.12.10 08:50:49.396,0.96775,0.96819,2.30,2.00
2010.12.10 08:50:49.615,0.96768,0.96813,2.30,2.60
2010.12.10 08:50:50.564,0.96769,0.96813,2.30,2.60
2010.12.10 08:50:51.178,0.96769,0.96813,2.30,2.60
2010.12.10 08:50:51.731,0.9677,0.96813,2.30,6.00
2010.12.10 08:50:52.176,0.9677,0.96813,2.30,2.40
2010.12.10 08:50:52.697,0.96771,0.96813,2.30,2.40
2010.12.10 08:50:52.850,0.96773,0.96813,2.30,2.30
2010.12.10 08:50:53.486,0.96778,0.9682,2.30,1.80
2010.12.10 08:50:54.058,0.96779,0.96822,2.30,2.60
2010.12.10 08:50:54.169,0.96782,0.96822,2.30,2.40
2010.12.10 08:50:54.812,0.96781,0.96822,2.30,4.70
2010.12.10 08:50:54.923,0.96778,0.96822,2.30,4.70
2010.12.10 08:50:57.381,0.96778,0.96822,2.30,4.50
2010.12.10 08:50:58.696,0.96778,0.96813,2.30,2.30
2010.12.10 08:50:59.323,0.96776,0.96822,2.50,4.90
2010.12.10 08:50:59.435,0.96774,0.9682,2.30,4.10
2010.12.10 08:50:59.656,0.96772,0.96818,4.90,2.60
2010.12.10 08:51:00.368,0.96772,0.96818,2.50,2.80
2010.12.10 08:51:01.214,0.96772,0.96818,2.80,2.60
2010.12.10 08:51:01.907,0.96772,0.96818,2.60,2.60
2010.12.10 08:51:02.847,0.96772,0.96818,2.60,2.60
2010.12.10 08:51:03.574,0.96772,0.96818,2.50,2.80
2010.12.10 08:51:04.386,0.96772,0.96818,2.60,2.60
2010.12.10 08:51:05.366,0.96773,0.96817,2.60,4.00
2010.12.10 08:51:06.776,0.96773,0.96817,2.60,4.10
2010.12.10 08:51:07.495,0.96773,0.96817,2.60,4.10
2010.12.10 08:51:08.371,0.96771,0.96813,2.60,2.60
2010.12.10 08:51:08.839,0.96771,0.96813,2.50,2.60
2010.12.10 08:51:09.694,0.96771,0.96813,2.60,2.50
2010.12.10 08:51:09.807,0.96771,0.96813,2.40,2.30
2010.12.10 08:51:09.914,0.96771,0.96817,2.40,4.70
2010.12.10 08:51:10.615,0.96772,0.96815,4.30,2.30
2010.12.10 08:51:10.769,0.96774,0.96817,2.40,1.50
2010.12.10 08:51:10.886,0.96772,0.96811,2.40,1.50
2010.12.10 08:51:11.637,0.96766,0.96811,2.40,2.50
2010.12.10 08:51:12.749,0.96766,0.96811,2.60,2.50
2010.12.10 08:51:13.304,0.96764,0.96807,2.60,3.20
2010.12.10 08:51:13.419,0.96762,0.968,2.30,1.50
2010.12.10 08:51:14.052,0.96765,0.968,2.30,1.50
2010.12.10 08:51:15.068,0.9677,0.96811,2.30,2.60
2010.12.10 08:51:15.286,0.9677,0.96811,2.30,2.50
2010.12.10 08:51:15.395,0.96764,0.96807,2.30,3.20
2010.12.10 08:51:16.137,0.96767,0.96811,2.30,2.50
2010.12.10 08:51:18.064,0.96766,0.9681,2.30,1.70
2010.12.10 08:51:19.223,0.96765,0.9681,2.40,1.80
2010.12.10 08:51:19.854,0.96765,0.9681,2.30,1.90
2010.12.10 08:51:19.985,0.96767,0.9681,2.30,1.90
2010.12.10 08:51:21.734,0.96767,0.9681,2.40,1.80
2010.12.10 08:51:23.206,0.96767,0.9681,2.30,1.80
2010.12.10 08:51:23.630,0.96764,0.96809,2.50,6.00
2010.12.10 08:51:23.745,0.96763,0.96806,2.40,3.20
2010.12.10 08:51:24.339,0.96764,0.96807,2.40,3.20
2010.12.10 08:51:24.675,0.96764,0.96807,2.40,2.30
2010.12.10 08:51:24.894,0.96764,0.9681,2.40,4.00
2010.12.10 08:51:25.664,0.96768,0.9681,2.30,4.00
2010.12.10 08:51:25.884,0.9677,0.9681,2.30,1.50
2010.12.10 08:51:26.324,0.96771,0.96809,1.50,2.30
2010.12.10 08:51:26.434,0.96765,0.96809,2.40,2.30
2010.12.10 08:51:26.544,0.96765,0.96809,2.40,2.30
2010.12.10 08:51:27.326,0.96765,0.96809,2.60,2.50
2010.12.10 08:51:27.985,0.96768,0.9681,2.60,1.50
2010.12.10 08:51:28.682,0.96772,0.96814,2.30,2.50
2010.12.10 08:51:29.157,0.96772,0.96817,2.30,1.10
2010.12.10 08:51:29.484,0.96767,0.96811,2.40,2.50
2010.12.10 08:51:30.674,0.96764,0.9681,2.60,2.50
2010.12.10 08:51:33.406,0.96767,0.96811,2.40,4.70
2010.12.10 08:51:37.179,0.96765,0.96811,6.20,4.70
2010.12.10 08:51:38.014,0.96765,0.96811,2.60,4.70
2010.12.10 08:51:38.405,0.96765,0.96811,6.00,4.70
2010.12.10 08:51:39.390,0.96765,0.96811,2.60,4.70
2010.12.10 08:51:39.527,0.96765,0.96811,6.00,4.70
2010.12.10 08:51:40.141,0.96771,0.96811,1.50,2.50
2010.12.10 08:51:41.488,0.96768,0.96801,2.40,1.50
2010.12.10 08:51:41.601,0.96763,0.96801,2.30,1.50
2010.12.10 08:51:44.029,0.96763,0.96801,2.40,1.50
2010.12.10 08:51:44.255,0.96763,0.96801,2.40,1.50
2010.12.10 08:51:44.485,0.96776,0.96808,1.70,2.30
2010.12.10 08:51:44.963,0.96778,0.9681,2.30,2.30
2010.12.10 08:51:45.098,0.96782,0.9682,2.50,1.50
2010.12.10 08:51:45.534,0.96782,0.9682,3.80,1.50
2010.12.10 08:51:45.866,0.96782,0.9682,3.80,1.60
2010.12.10 08:51:49.629,0.96782,0.9682,1.50,1.50
2010.12.10 08:51:54.372,0.96782,0.96816,1.50,3.20
2010.12.10 08:51:54.484,0.96772,0.96811,2.60,1.50
2010.12.10 08:51:54.595,0.96772,0.96811,2.30,1.50
2010.12.10 08:51:55.509,0.96768,0.96811,2.30,4.70
2010.12.10 08:51:57.952,0.96768,0.96807,2.30,1.10
2010.12.10 08:51:58.284,0.96767,0.9681,2.30,2.50
2010.12.10 08:51:58.774,0.96772,0.9681,1.50,1.50
2010.12.10 08:51:59.497,0.96772,0.9681,1.50,2.50
2010.12.10 08:51:59.714,0.96766,0.9681,2.50,2.50
2010.12.10 08:52:00.470,0.96766,0.9681,2.50,6.00
2010.12.10 08:52:01.109,0.96766,0.96809,2.50,2.60
2010.12.10 08:52:01.444,0.96767,0.9681,2.30,11.60
2010.12.10 08:52:02.371,0.96766,0.96809,2.50,6.00
2010.12.10 08:52:03.714,0.96766,0.96809,2.50,6.00
2010.12.10 08:52:05.045,0.96766,0.96809,2.50,2.60
2010.12.10 08:52:05.616,0.96766,0.96809,2.50,6.00
2010.12.10 08:52:05.725,0.96767,0.9681,2.30,11.60
2010.12.10 08:52:06.158,0.96767,0.9681,2.30,4.80
2010.12.10 08:52:06.402,0.96767,0.9681,2.30,11.80
2010.12.10 08:52:06.985,0.96765,0.9681,2.50,11.80
2010.12.10 08:52:07.314,0.96766,0.96809,2.50,2.60
2010.12.10 08:52:07.565,0.96767,0.9681,2.40,4.70
2010.12.10 08:52:08.222,0.96769,0.96812,2.50,2.60
2010.12.10 08:52:08.718,0.96771,0.96812,2.30,2.60
2010.12.10 08:52:09.275,0.96775,0.96816,2.50,2.40
2010.12.10 08:52:09.421,0.96774,0.9682,2.50,4.10
2010.12.10 08:52:09.645,0.96774,0.9682,2.60,4.00
2010.12.10 08:52:09.756,0.96774,0.9682,2.50,4.10
2010.12.10 08:52:09.979,0.96773,0.96813,2.40,2.30
2010.12.10 08:52:10.524,0.96778,0.96813,2.30,2.30
2010.12.10 08:52:10.675,0.96778,0.96822,2.40,2.30
2010.12.10 08:52:11.224,0.96778,0.96822,2.30,2.60
2010.12.10 08:52:11.335,0.96776,0.9682,2.30,2.60
2010.12.10 08:52:11.555,0.96775,0.96819,2.30,7.90
2010.12.10 08:52:12.107,0.96772,0.96814,2.40,2.60
2010.12.10 08:52:12.624,0.96767,0.96813,2.60,2.30
2010.12.10 08:52:12.845,0.96771,0.96816,2.60,2.30
2010.12.10 08:52:13.458,0.96771,0.96817,4.70,2.30
2010.12.10 08:52:13.579,0.96779,0.96822,2.30,2.40
2010.12.10 08:52:13.694,0.96776,0.9682,2.50,2.30
2010.12.10 08:52:13.804,0.96777,0.96822,2.30,4.70
2010.12.10 08:52:14.672,0.96778,0.96822,2.30,4.50
2010.12.10 08:52:15.824,0.96777,0.96822,2.40,2.40
2010.12.10 08:52:16.480,0.96779,0.96823,2.30,2.40
2010.12.10 08:52:16.596,0.96777,0.96821,4.50,2.30
2010.12.10 08:52:17.903,0.96777,0.96821,4.50,2.30
2010.12.10 08:52:19.184,0.96776,0.9682,2.60,2.30
2010.12.10 08:52:19.293,0.96777,0.96823,2.40,2.40
2010.12.10 08:52:19.843,0.96777,0.96823,2.40,2.30
2010.12.10 08:52:20.672,0.96777,0.96823,2.40,2.40
2010.12.10 08:52:21.115,0.9678,0.96826,2.40,2.60
2010.12.10 08:52:21.447,0.96783,0.96826,2.50,2.30
2010.12.10 08:52:22.361,0.96786,0.96828,2.30,2.40
2010.12.10 08:52:22.476,0.96783,0.96827,2.30,2.30
2010.12.10 08:52:22.694,0.96783,0.96829,2.40,2.30
2010.12.10 08:52:23.949,0.96783,0.96827,2.30,2.30
2010.12.10 08:52:25.844,0.96784,0.96828,2.30,2.30
2010.12.10 08:52:26.704,0.96783,0.96829,2.30,2.30
2010.12.10 08:52:27.453,0.96783,0.96829,2.30,2.40
2010.12.10 08:52:27.783,0.96783,0.96829,2.30,2.40
2010.12.10 08:52:28.357,0.96783,0.96829,2.30,2.30
2010.12.10 08:52:29.578,0.96783,0.96829,2.60,2.30
2010.12.10 08:52:30.429,0.96783,0.96829,2.30,2.30
2010.12.10 08:52:32.544,0.96783,0.96827,2.30,2.30
2010.12.10 08:52:33.453,0.96783,0.96827,2.60,2.30
2010.12.10 08:52:33.566,0.96787,0.96831,2.30,2.30
2010.12.10 08:52:34.604,0.96787,0.96831,2.40,2.30
2010.12.10 08:52:35.644,0.96787,0.96831,2.40,2.30
2010.12.10 08:52:36.935,0.96787,0.96831,2.40,2.30
2010.12.10 08:52:37.954,0.96787,0.96831,2.60,2.30
2010.12.10 08:52:39.656,0.96787,0.96831,2.40,2.30
2010.12.10 08:52:40.344,0.96787,0.96831,2.40,2.30
2010.12.10 08:52:40.924,0.96782,0.9682,1.50,1.50
2010.12.10 08:52:41.254,0.96772,0.96816,1.70,2.30
2010.12.10 08:52:42.140,0.96772,0.96815,1.80,2.30
2010.12.10 08:52:42.628,0.96772,0.96815,1.80,2.30
2010.12.10 08:52:42.735,0.96772,0.96815,1.80,2.50
2010.12.10 08:52:42.847,0.96766,0.9681,6.10,2.30
2010.12.10 08:52:42.954,0.96766,0.96812,6.10,2.30
2010.12.10 08:52:49.295,0.96766,0.9681,6.10,2.30
2010.12.10 08:52:49.405,0.96766,0.96812,6.10,2.30
2010.12.10 08:52:50.419,0.96765,0.9681,2.40,2.50
2010.12.10 08:52:50.867,0.96765,0.9681,5.90,2.50
2010.12.10 08:52:51.237,0.96765,0.9681,2.60,2.50
2010.12.10 08:52:51.804,0.96765,0.9681,5.90,2.50
2010.12.10 08:52:52.780,0.96765,0.9681,2.60,2.50
2010.12.10 08:52:53.615,0.96766,0.96809,2.40,2.30
2010.12.10 08:52:53.724,0.96765,0.96811,6.10,2.50
2010.12.10 08:52:54.584,0.96765,0.96811,2.60,2.50
2010.12.10 08:52:56.778,0.9677,0.96813,2.40,2.30
2010.12.10 08:52:57.279,0.96768,0.96812,2.40,2.30
2010.12.10 08:52:57.386,0.96766,0.9681,2.40,2.30
2010.12.10 08:52:57.724,0.96766,0.9681,2.30,2.30
2010.12.10 08:52:58.299,0.96766,0.9681,2.40,2.30
2010.12.10 08:52:58.515,0.96758,0.968,2.40,2.30
2010.12.10 08:52:58.624,0.9676,0.96805,2.30,2.30
2010.12.10 08:52:58.738,0.9676,0.96805,3.30,2.30
2010.12.10 08:52:59.241,0.96767,0.96805,2.30,2.30
2010.12.10 08:52:59.400,0.96767,0.96811,4.50,2.30
2010.12.10 08:52:59.624,0.96762,0.96808,2.30,2.30
2010.12.10 08:53:00.805,0.96764,0.96808,2.30,2.30
2010.12.10 08:53:01.194,0.96769,0.96813,2.40,2.30
2010.12.10 08:53:01.524,0.96771,0.96817,3.90,4.50
2010.12.10 08:53:02.159,0.96772,0.96816,3.80,2.30
2010.12.10 08:53:02.280,0.96772,0.96816,2.60,2.30
2010.12.10 08:53:02.395,0.96772,0.96816,2.40,2.50
2010.12.10 08:53:03.132,0.96772,0.96815,4.10,2.30
2010.12.10 08:53:03.244,0.96772,0.96815,1.80,2.30
2010.12.10 08:53:04.691,0.96771,0.96817,9.80,2.30
2010.12.10 08:53:04.919,0.96777,0.9682,2.40,1.70
2010.12.10 08:53:05.037,0.96776,0.96818,2.60,1.70
2010.12.10 08:53:05.852,0.96772,0.96818,2.40,3.30
2010.12.10 08:53:07.168,0.96771,0.96815,2.30,2.50
2010.12.10 08:53:08.174,0.96771,0.96815,2.30,2.60
2010.12.10 08:53:09.435,0.96771,0.96815,2.40,2.60
2010.12.10 08:53:10.274,0.96771,0.96815,2.40,2.50
2010.12.10 08:53:11.239,0.96771,0.96817,2.60,2.30
2010.12.10 08:53:11.795,0.96772,0.96817,1.10,2.30
2010.12.10 08:53:11.912,0.96782,0.96826,2.30,2.50
2010.12.10 08:53:12.752,0.96781,0.96825,2.30,3.20
2010.12.10 08:53:14.108,0.96777,0.96823,2.40,4.70
2010.12.10 08:53:14.776,0.9678,0.96823,2.30,2.50
2010.12.10 08:53:15.312,0.9678,0.96819,2.40,1.70
2010.12.10 08:53:15.428,0.96779,0.96819,2.30,1.70
2010.12.10 08:53:15.644,0.9678,0.9681,2.30,1.50
2010.12.10 08:53:16.300,0.96774,0.9681,2.40,1.50
2010.12.10 08:53:16.676,0.96774,0.96811,2.30,1.50
2010.12.10 08:53:16.914,0.96774,0.96811,2.30,2.50
2010.12.10 08:53:17.526,0.96769,0.96811,4.60,2.50
2010.12.10 08:53:19.019,0.96764,0.9681,2.40,4.70
2010.12.10 08:53:19.364,0.96764,0.9681,2.40,4.00
2010.12.10 08:53:20.067,0.96766,0.96811,2.40,1.70
2010.12.10 08:53:20.733,0.96766,0.96811,2.60,2.50
2010.12.10 08:53:21.064,0.96767,0.96811,2.60,4.00
2010.12.10 08:53:21.685,0.96767,0.96811,2.40,4.00
2010.12.10 08:53:22.815,0.96767,0.96811,2.60,1.70
2010.12.10 08:53:23.989,0.96767,0.96811,2.40,1.70
2010.12.10 08:53:24.448,0.96765,0.96811,2.80,4.00
2010.12.10 08:53:26.527,0.96765,0.96811,2.60,4.00
2010.12.10 08:53:29.445,0.96765,0.96811,2.60,4.00
2010.12.10 08:53:30.393,0.96765,0.96811,6.60,4.00
2010.12.10 08:53:31.176,0.96765,0.96811,2.60,4.00
2010.12.10 08:53:32.420,0.96768,0.96811,2.40,1.70
2010.12.10 08:53:32.875,0.9677,0.96811,2.40,1.70
2010.12.10 08:53:33.402,0.9677,0.96811,2.40,1.70
2010.12.10 08:53:33.533,0.9677,0.96811,2.40,1.70
2010.12.10 08:53:34.787,0.96775,0.9681,2.30,1.70
2010.12.10 08:53:35.454,0.96774,0.9681,2.30,1.70
2010.12.10 08:53:35.997,0.96774,0.9681,2.30,1.70
2010.12.10 08:53:36.700,0.96774,0.9681,2.40,1.70
2010.12.10 08:53:38.187,0.96773,0.9681,2.30,1.70
2010.12.10 08:53:38.476,0.96773,0.9681,2.40,1.70
2010.12.10 08:53:39.157,0.96773,0.9681,2.40,1.70
2010.12.10 08:53:39.266,0.96773,0.9681,2.40,1.70
2010.12.10 08:53:39.830,0.96773,0.9681,2.40,1.70
2010.12.10 08:53:42.086,0.96776,0.96813,2.40,2.50
2010.12.10 08:53:43.699,0.96778,0.9682,3.90,1.70
2010.12.10 08:53:44.357,0.96778,0.9682,3.80,1.80
2010.12.10 08:53:44.464,0.96778,0.9682,3.90,1.70
2010.12.10 08:53:45.083,0.96779,0.9682,2.30,1.70
2010.12.10 08:53:45.414,0.96779,0.9682,2.40,1.70
2010.12.10 08:53:46.483,0.96779,0.9682,2.30,1.70
2010.12.10 08:53:47.386,0.96778,0.96812,2.30,2.50
2010.12.10 08:53:47.981,0.96776,0.96812,2.30,2.50
2010.12.10 08:53:51.420,0.96779,0.96812,1.50,2.40
2010.12.10 08:53:52.057,0.96774,0.96818,2.50,6.00
2010.12.10 08:53:52.190,0.96774,0.96819,2.60,2.50
2010.12.10 08:53:54.525,0.96782,0.96822,1.70,2.30
2010.12.10 08:53:54.635,0.96779,0.96822,2.30,3.20
2010.12.10 08:53:55.373,0.96774,0.96818,2.30,2.30
2010.12.10 08:53:55.815,0.96773,0.96819,2.30,2.30
2010.12.10 08:53:57.526,0.96773,0.96819,2.40,3.20
2010.12.10 08:53:58.152,0.96767,0.96813,2.30,2.50
2010.12.10 08:53:58.769,0.96766,0.96812,2.30,2.30
2010.12.10 08:53:59.300,0.96769,0.96812,2.30,2.30
2010.12.10 08:53:59.458,0.96771,0.96817,2.30,2.30
2010.12.10 08:53:59.929,0.96771,0.96817,2.30,2.40
2010.12.10 08:54:00.044,0.96771,0.96817,2.30,2.40
2010.12.10 08:54:01.086,0.96771,0.96817,2.30,2.60
2010.12.10 08:54:01.531,0.96771,0.96817,2.40,2.40
2010.12.10 08:54:01.761,0.96771,0.96817,2.30,2.40
2010.12.10 08:54:02.093,0.96771,0.96817,2.40,2.30
2010.12.10 08:54:02.680,0.96776,0.9682,2.30,1.70
2010.12.10 08:54:03.126,0.96776,0.9682,2.30,1.70
2010.12.10 08:54:03.928,0.96776,0.9682,2.30,1.90
2010.12.10 08:54:04.684,0.96776,0.9682,2.40,1.80
2010.12.10 08:54:05.131,0.96774,0.96817,2.40,2.50
2010.12.10 08:54:05.628,0.96774,0.96817,2.30,2.60
2010.12.10 08:54:05.741,0.9677,0.9681,2.40,1.50
2010.12.10 08:54:07.250,0.96769,0.9681,2.40,1.50
2010.12.10 08:54:08.057,0.96772,0.9681,1.70,1.50
2010.12.10 08:54:09.177,0.96767,0.96811,2.40,4.00
2010.12.10 08:54:09.504,0.96767,0.96811,2.40,4.00
2010.12.10 08:54:09.648,0.96767,0.96811,2.40,4.00
2010.12.10 08:54:10.512,0.96767,0.96811,2.40,4.00
2010.12.10 08:54:10.626,0.96767,0.96811,2.40,4.00
2010.12.10 08:54:10.878,0.96767,0.96811,2.40,4.00
2010.12.10 08:54:10.985,0.96767,0.96811,2.40,4.00
2010.12.10 08:54:11.735,0.96767,0.96811,2.40,4.00
2010.12.10 08:54:12.396,0.96767,0.96811,2.40,4.00
2010.12.10 08:54:13.420,0.96771,0.96811,3.80,2.50
2010.12.10 08:54:13.644,0.96763,0.96807,2.60,3.20
2010.12.10 08:54:14.645,0.96763,0.96807,2.60,3.20
2010.12.10 08:54:15.057,0.96763,0.96807,2.80,2.30
2010.12.10 08:54:15.415,0.96767,0.96813,2.60,4.90
2010.12.10 08:54:16.009,0.96773,0.96812,2.30,2.30
2010.12.10 08:54:18.377,0.96773,0.96812,2.40,2.30
2010.12.10 08:54:18.484,0.96773,0.96817,2.40,2.50
2010.12.10 08:54:18.704,0.96773,0.96812,2.40,2.30
2010.12.10 08:54:18.924,0.96773,0.96812,2.30,2.30
2010.12.10 08:54:19.430,0.9677,0.96812,4.60,2.30
2010.12.10 08:54:19.550,0.96769,0.9681,2.40,1.70
2010.12.10 08:54:19.664,0.96769,0.9681,2.30,1.70
2010.12.10 08:54:19.774,0.96766,0.9681,2.40,1.70
2010.12.10 08:54:20.595,0.96766,0.9681,2.40,4.00
2010.12.10 08:54:21.162,0.96766,0.9681,2.40,4.00
2010.12.10 08:54:21.384,0.96766,0.9681,2.40,4.10
2010.12.10 08:54:21.958,0.96766,0.9681,2.40,4.00
2010.12.10 08:54:23.218,0.96765,0.96809,2.60,2.50
2010.12.10 08:54:24.878,0.96765,0.96809,2.60,2.50
2010.12.10 08:54:27.137,0.96766,0.9681,2.60,4.00
2010.12.10 08:54:28.921,0.96766,0.9681,2.60,1.70
2010.12.10 08:54:30.579,0.96764,0.96801,2.40,1.50
2010.12.10 08:54:31.340,0.96764,0.96801,2.30,1.50
2010.12.10 08:54:31.508,0.96767,0.96813,2.50,2.50
2010.12.10 08:54:31.614,0.96767,0.96813,2.30,2.30
2010.12.10 08:54:32.820,0.96767,0.9681,2.30,1.50
2010.12.10 08:54:33.981,0.96766,0.9681,2.30,1.50
2010.12.10 08:54:34.101,0.96783,0.96826,2.30,3.00
2010.12.10 08:54:34.435,0.96793,0.96833,2.30,2.30
2010.12.10 08:54:34.545,0.96793,0.96838,2.30,2.50
2010.12.10 08:54:35.276,0.96792,0.96835,2.30,2.30
2010.12.10 08:54:35.825,0.96791,0.96834,2.40,2.30
2010.12.10 08:54:36.936,0.96791,0.96834,2.40,2.30
2010.12.10 08:54:37.473,0.9679,0.96833,2.40,2.30
2010.12.10 08:54:37.628,0.9679,0.96833,2.30,2.30
2010.12.10 08:54:38.584,0.9679,0.96833,2.40,2.30
2010.12.10 08:54:39.215,0.9679,0.96833,2.40,2.30
2010.12.10 08:54:39.327,0.9679,0.96833,2.30,2.30
2010.12.10 08:54:40.432,0.96784,0.96829,2.40,4.00
2010.12.10 08:54:40.955,0.96781,0.96826,2.60,2.50
2010.12.10 08:54:41.065,0.96781,0.96824,2.40,2.50
2010.12.10 08:54:42.216,0.96778,0.96822,2.30,2.30
2010.12.10 08:54:44.307,0.96779,0.96823,2.30,2.30
2010.12.10 08:54:46.964,0.96781,0.96824,2.30,2.50
2010.12.10 08:54:47.076,0.96779,0.96825,2.30,2.50
2010.12.10 08:54:47.184,0.96782,0.96825,2.30,2.50
2010.12.10 08:54:48.568,0.96782,0.96825,2.30,2.60
2010.12.10 08:54:48.681,0.96782,0.96825,2.30,2.50
2010.12.10 08:54:49.017,0.96782,0.96827,4.10,2.30
2010.12.10 08:54:49.129,0.96784,0.96827,2.30,2.30
2010.12.10 08:54:50.644,0.96783,0.96828,2.30,2.30
2010.12.10 08:54:51.494,0.96783,0.96828,2.60,2.40
2010.12.10 08:54:52.065,0.96783,0.96828,2.60,2.60
2010.12.10 08:54:53.097,0.96783,0.96828,2.50,2.60
2010.12.10 08:54:53.525,0.96783,0.96828,2.60,2.50
2010.12.10 08:54:54.892,0.96783,0.96828,2.60,2.60
2010.12.10 08:54:57.636,0.96783,0.96828,2.50,2.60
2010.12.10 08:54:58.866,0.96783,0.96828,2.50,2.80
2010.12.10 08:54:59.613,0.96782,0.96827,4.10,2.60
2010.12.10 08:55:05.979,0.96782,0.96827,4.10,2.60
2010.12.10 08:55:06.826,0.96781,0.96823,2.40,1.10
2010.12.10 08:55:07.409,0.96771,0.96815,2.60,2.50
2010.12.10 08:55:07.626,0.96768,0.96814,2.60,2.50
2010.12.10 08:55:09.653,0.96768,0.96814,2.60,2.50
2010.12.10 08:55:09.764,0.96768,0.96814,2.40,2.50
2010.12.10 08:55:13.086,0.96766,0.9681,2.30,2.30
2010.12.10 08:55:15.913,0.96766,0.9681,2.40,2.30
2010.12.10 08:55:16.464,0.96764,0.96809,2.30,1.80
2010.12.10 08:55:17.034,0.96766,0.96809,2.30,1.80
2010.12.10 08:55:17.615,0.96766,0.96809,2.40,1.70
2010.12.10 08:55:18.295,0.96762,0.96807,2.40,3.20
2010.12.10 08:55:19.184,0.96761,0.96805,2.40,3.20
2010.12.10 08:55:20.013,0.96761,0.96807,2.40,3.20
2010.12.10 08:55:20.125,0.96767,0.96807,2.30,2.30
2010.12.10 08:55:20.639,0.96767,0.96809,2.30,1.70
2010.12.10 08:55:20.828,0.96761,0.96807,3.80,2.40
2010.12.10 08:55:20.935,0.96767,0.9681,2.30,1.70
2010.12.10 08:55:21.568,0.96765,0.9681,2.30,1.70
2010.12.10 08:55:21.936,0.96765,0.9681,2.40,1.70
2010.12.10 08:55:23.234,0.96768,0.9681,2.40,1.70
2010.12.10 08:55:23.347,0.96768,0.9681,2.40,1.50
2010.12.10 08:55:23.459,0.96768,0.96814,2.40,2.50
2010.12.10 08:55:24.037,0.96774,0.96818,2.30,2.30
2010.12.10 08:55:27.757,0.96774,0.96818,2.40,2.30
2010.12.10 08:55:28.083,0.96778,0.96822,2.40,2.30
2010.12.10 08:55:28.453,0.96778,0.96822,2.60,2.30
2010.12.10 08:55:29.533,0.96778,0.96822,2.30,2.30
2010.12.10 08:55:31.047,0.96778,0.96823,4.50,2.30
2010.12.10 08:55:31.263,0.96779,0.96824,2.30,2.50
2010.12.10 08:55:31.787,0.96779,0.96824,2.30,2.60
2010.12.10 08:55:32.366,0.96777,0.96819,2.30,1.50
2010.12.10 08:55:33.087,0.96777,0.96819,2.40,1.50
2010.12.10 08:55:38.533,0.96775,0.96819,2.40,1.80
2010.12.10 08:55:39.323,0.96775,0.96819,2.30,1.90
2010.12.10 08:55:39.735,0.96775,0.96819,2.40,1.70
2010.12.10 08:55:42.248,0.96775,0.96819,2.60,1.70
2010.12.10 08:55:42.419,0.96772,0.96809,2.30,3.80
2010.12.10 08:55:42.982,0.96772,0.96816,2.30,2.50
2010.12.10 08:55:43.114,0.9677,0.96816,2.30,2.50
2010.12.10 08:55:43.444,0.9677,0.96816,2.40,2.50
2010.12.10 08:55:44.170,0.96767,0.96811,2.40,2.50
2010.12.10 08:55:45.182,0.96765,0.96811,2.30,2.50
2010.12.10 08:55:45.301,0.96773,0.96818,2.30,1.10
2010.12.10 08:55:45.416,0.96771,0.9681,2.30,1.70
2010.12.10 08:55:45.524,0.96764,0.9681,4.50,3.80
2010.12.10 08:55:45.744,0.96763,0.96807,4.50,2.30
2010.12.10 08:55:46.233,0.96765,0.96811,2.30,2.30
2010.12.10 08:55:47.118,0.96771,0.96815,2.30,2.50
2010.12.10 08:55:47.339,0.96782,0.96817,1.50,2.30
2010.12.10 08:55:47.445,0.96782,0.96821,3.80,2.50
2010.12.10 08:55:48.079,0.96782,0.96825,2.30,2.60
2010.12.10 08:55:48.295,0.96782,0.96824,1.50,2.30
2010.12.10 08:55:48.406,0.96785,0.96829,2.30,1.60
2010.12.10 08:55:48.984,0.96792,0.96832,2.30,2.30
2010.12.10 08:55:49.205,0.96794,0.96837,2.30,2.30
2010.12.10 08:55:49.811,0.96798,0.96843,2.30,2.40
2010.12.10 08:55:49.951,0.96805,0.96846,2.30,2.50
2010.12.10 08:55:50.859,0.96803,0.96846,2.30,2.50
2010.12.10 08:55:50.994,0.96801,0.96844,2.30,2.50
2010.12.10 08:55:52.417,0.96801,0.96846,2.40,2.50
2010.12.10 08:55:56.312,0.968,0.96845,2.30,2.50
2010.12.10 08:55:57.779,0.96796,0.96839,2.30,2.30
2010.12.10 08:55:58.779,0.96796,0.96839,2.40,2.30
2010.12.10 08:55:58.947,0.96796,0.96839,2.30,2.30
2010.12.10 08:55:59.827,0.96796,0.96839,2.40,2.30
2010.12.10 08:56:00.804,0.96796,0.96839,2.30,2.30
2010.12.10 08:56:01.852,0.968,0.96845,2.30,2.30
2010.12.10 08:56:03.297,0.96802,0.96845,2.40,2.30
2010.12.10 08:56:05.197,0.96802,0.96845,2.40,2.30
2010.12.10 08:56:05.493,0.96802,0.96845,2.40,2.30
2010.12.10 08:56:05.672,0.96802,0.96845,2.40,2.30
2010.12.10 08:56:07.584,0.96802,0.96845,2.60,2.30
2010.12.10 08:56:08.925,0.96802,0.96845,2.60,2.30
2010.12.10 08:56:10.511,0.96802,0.96845,2.60,2.30
2010.12.10 08:56:11.752,0.96802,0.96845,6.00,2.30
2010.12.10 08:56:12.438,0.96797,0.96839,2.30,2.50
2010.12.10 08:56:12.693,0.96794,0.96839,4.70,2.50
2010.12.10 08:56:12.913,0.96796,0.96839,2.30,2.50
2010.12.10 08:56:13.474,0.96796,0.96839,2.30,2.50
2010.12.10 08:56:18.573,0.96793,0.96838,2.30,2.60
2010.12.10 08:56:19.344,0.96793,0.96838,2.40,2.50
2010.12.10 08:56:20.583,0.96788,0.96833,2.40,2.30
2010.12.10 08:56:23.778,0.96787,0.96823,2.30,2.30
2010.12.10 08:56:24.118,0.96785,0.96828,2.30,2.50
2010.12.10 08:56:24.760,0.9678,0.96823,2.60,2.30
2010.12.10 08:56:24.874,0.96784,0.96827,2.30,2.30
2010.12.10 08:56:25.784,0.96783,0.96826,2.40,2.30
2010.12.10 08:56:26.004,0.96783,0.96828,2.40,2.30
2010.12.10 08:56:26.223,0.96782,0.96827,2.40,2.30
2010.12.10 08:56:26.884,0.96783,0.96828,2.40,2.50
2010.12.10 08:56:26.998,0.96783,0.96825,2.40,2.30
2010.12.10 08:56:27.864,0.96774,0.96818,2.40,2.50
2010.12.10 08:56:27.975,0.96769,0.96815,2.40,2.30
2010.12.10 08:56:29.038,0.96769,0.96813,2.40,2.30
2010.12.10 08:56:29.926,0.96769,0.96813,2.30,2.30
2010.12.10 08:56:30.507,0.96769,0.96813,2.40,4.50
2010.12.10 08:56:30.894,0.96769,0.96813,2.30,4.50
2010.12.10 08:56:31.755,0.96762,0.96806,5.90,2.50
2010.12.10 08:56:31.867,0.96762,0.96806,3.90,2.30
2010.12.10 08:56:32.455,0.96764,0.968,2.30,2.50
2010.12.10 08:56:32.573,0.96752,0.96794,1.80,2.30
2010.12.10 08:56:32.685,0.96752,0.9679,1.80,1.50
2010.12.10 08:56:33.268,0.96756,0.9679,2.30,2.50
2010.12.10 08:56:33.376,0.96756,0.9679,2.30,1.70
2010.12.10 08:56:34.090,0.96755,0.96791,2.30,1.50
2010.12.10 08:56:34.204,0.96752,0.96795,2.30,2.50
2010.12.10 08:56:34.424,0.96752,0.96795,2.50,2.30
2010.12.10 08:56:35.110,0.96755,0.968,2.30,4.10
2010.12.10 08:56:36.375,0.96755,0.968,2.30,4.00
2010.12.10 08:56:37.224,0.96754,0.96799,4.50,2.60
2010.12.10 08:56:37.775,0.96759,0.968,2.50,3.80
2010.12.10 08:56:38.344,0.96759,0.96803,2.50,2.50
2010.12.10 08:56:42.401,0.96758,0.96802,2.30,2.50
2010.12.10 08:56:43.098,0.96756,0.96799,2.30,2.50
2010.12.10 08:56:44.669,0.96756,0.96799,2.30,2.60
2010.12.10 08:56:44.994,0.96754,0.96799,2.50,2.50
2010.12.10 08:56:45.635,0.96756,0.96799,2.30,2.30
2010.12.10 08:56:47.744,0.96754,0.96799,2.30,2.30
2010.12.10 08:56:48.613,0.96756,0.96799,2.30,2.30
2010.12.10 08:56:49.387,0.96756,0.96799,2.30,2.40
2010.12.10 08:56:50.051,0.96754,0.96799,2.30,2.30
2010.12.10 08:56:52.084,0.96754,0.96799,2.30,2.40
2010.12.10 08:56:52.306,0.96754,0.96799,2.30,2.40
2010.12.10 08:56:52.497,0.96754,0.96799,2.30,2.30
2010.12.10 08:56:53.568,0.96754,0.96799,2.30,2.40
2010.12.10 08:56:54.794,0.96754,0.96799,2.30,2.30
2010.12.10 08:56:55.204,0.96757,0.96799,2.30,2.40
2010.12.10 08:56:55.790,0.96757,0.968,4.50,2.30
2010.12.10 08:56:58.095,0.96757,0.96801,2.40,2.30
2010.12.10 08:56:59.366,0.96757,0.96801,2.40,2.30
2010.12.10 08:57:00.734,0.96756,0.96801,2.30,2.40
2010.12.10 08:57:02.388,0.96756,0.96801,2.30,2.40
2010.12.10 08:57:02.604,0.96756,0.96801,2.40,2.30
2010.12.10 08:57:03.316,0.96756,0.96801,2.30,2.40
2010.12.10 08:57:03.971,0.96756,0.96801,2.30,2.30
2010.12.10 08:57:05.745,0.96756,0.96801,2.40,2.30
2010.12.10 08:57:07.454,0.96757,0.96801,2.40,2.30
2010.12.10 08:57:08.106,0.96757,0.96801,2.40,2.30
2010.12.10 08:57:09.349,0.96757,0.96801,2.60,2.30
2010.12.10 08:57:09.577,0.96758,0.96799,2.40,2.30
2010.12.10 08:57:10.345,0.96758,0.96799,2.40,2.30
2010.12.10 08:57:10.457,0.96758,0.96799,2.40,2.30
2010.12.10 08:57:10.674,0.96759,0.96805,2.40,2.30
2010.12.10 08:57:11.416,0.96759,0.96802,2.30,2.30
2010.12.10 08:57:11.803,0.96759,0.96802,2.40,2.30
2010.12.10 08:57:11.913,0.96759,0.96802,2.30,2.30
2010.12.10 08:57:12.541,0.96757,0.96799,2.40,2.30
2010.12.10 08:57:12.656,0.96754,0.96799,2.30,2.30
2010.12.10 08:57:12.875,0.96754,0.96799,2.40,2.30
2010.12.10 08:57:13.658,0.96754,0.96799,2.40,2.30
2010.12.10 08:57:14.199,0.96754,0.96799,2.30,2.30
2010.12.10 08:57:14.413,0.96754,0.96792,2.30,2.30
2010.12.10 08:57:15.774,0.96744,0.96789,2.40,2.30
2010.12.10 08:57:15.889,0.96745,0.96788,2.30,2.30
2010.12.10 08:57:16.576,0.96745,0.96788,2.40,2.30
2010.12.10 08:57:17.586,0.96745,0.96788,2.50,2.60
2010.12.10 08:57:18.864,0.96745,0.9679,2.60,2.60
2010.12.10 08:57:21.868,0.96745,0.9679,6.20,4.00
2010.12.10 08:57:22.918,0.96742,0.96785,11.60,2.30
2010.12.10 08:57:23.024,0.96743,0.96788,2.60,2.60
2010.12.10 08:57:23.974,0.96743,0.96788,6.00,2.50
2010.12.10 08:57:24.592,0.96743,0.96788,2.80,2.50
2010.12.10 08:57:25.609,0.9675,0.96793,2.60,2.30
2010.12.10 08:57:26.714,0.9675,0.96793,2.60,2.30
2010.12.10 08:57:27.432,0.96751,0.96793,2.50,4.50
2010.12.10 08:57:28.325,0.96756,0.96801,2.50,2.30
2010.12.10 08:57:29.388,0.96759,0.96802,2.30,2.30
2010.12.10 08:57:30.179,0.96759,0.96803,2.40,2.30
2010.12.10 08:57:32.184,0.96761,0.96803,1.80,2.30
2010.12.10 08:57:32.293,0.96764,0.96806,2.50,2.30
2010.12.10 08:57:32.404,0.96764,0.96808,2.60,2.30
2010.12.10 08:57:34.473,0.96764,0.96808,2.60,2.50
2010.12.10 08:57:39.761,0.96762,0.968,1.60,1.50
2010.12.10 08:57:41.544,0.96762,0.96795,1.60,2.50
2010.12.10 08:57:41.765,0.96753,0.9679,1.10,1.50
2010.12.10 08:57:41.875,0.96761,0.96801,1.50,1.50
2010.12.10 08:57:41.985,0.96761,0.96801,1.50,2.50
2010.12.10 08:57:42.094,0.96758,0.96799,2.30,2.50
2010.12.10 08:57:42.776,0.96762,0.96803,1.10,2.30
2010.12.10 08:57:42.883,0.96763,0.96807,2.50,2.50
2010.12.10 08:57:45.114,0.96763,0.96807,2.80,2.50
2010.12.10 08:57:49.054,0.96759,0.96803,6.20,2.50
2010.12.10 08:57:49.886,0.96775,0.9681,2.30,1.80
2010.12.10 08:57:50.665,0.96773,0.96809,2.30,1.80
2010.12.10 08:57:51.525,0.96775,0.96809,2.30,1.70
2010.12.10 08:57:52.600,0.96773,0.96809,4.50,1.70
2010.12.10 08:57:52.824,0.96771,0.96809,2.30,1.80
2010.12.10 08:57:53.427,0.96773,0.96809,2.30,1.70
2010.12.10 08:57:55.624,0.96771,0.96809,2.30,2.50
2010.12.10 08:57:55.733,0.96763,0.96809,2.60,2.50
2010.12.10 08:57:57.615,0.96756,0.96799,2.60,3.20
2010.12.10 08:57:57.727,0.96757,0.96799,2.80,2.30
2010.12.10 08:57:57.835,0.96757,0.96802,6.10,5.50
2010.12.10 08:57:59.195,0.96754,0.96799,6.10,2.50
2010.12.10 08:57:59.805,0.96754,0.96799,2.40,2.50
2010.12.10 08:58:01.912,0.96754,0.96799,2.40,2.60
2010.12.10 08:58:06.605,0.96753,0.96796,2.50,2.50
2010.12.10 08:58:07.484,0.96753,0.96796,2.40,2.60
2010.12.10 08:58:08.220,0.96758,0.96788,2.30,2.30
2010.12.10 08:58:08.936,0.96755,0.96799,4.70,2.50
2010.12.10 08:58:10.329,0.96756,0.96801,2.40,1.70
2010.12.10 08:58:10.617,0.96754,0.968,2.60,2.50
2010.12.10 08:58:12.897,0.96754,0.968,6.40,2.50
2010.12.10 08:58:16.744,0.96756,0.968,8.10,2.30
2010.12.10 08:58:16.855,0.96758,0.96802,6.20,6.80
2010.12.10 08:58:17.684,0.96758,0.96802,2.60,4.50
2010.12.10 08:58:19.046,0.96758,0.96802,6.20,2.30
2010.12.10 08:58:20.344,0.96758,0.96802,2.40,2.30
2010.12.10 08:58:20.825,0.96758,0.96802,2.50,2.30
2010.12.10 08:58:21.436,0.96757,0.96803,2.40,2.50
2010.12.10 08:58:23.014,0.96758,0.96803,2.30,2.50
2010.12.10 08:58:23.124,0.96758,0.96803,2.40,2.50
2010.12.10 08:58:25.176,0.9676,0.96804,2.60,2.30
2010.12.10 08:58:25.729,0.9676,0.96804,2.40,2.30
2010.12.10 08:58:26.947,0.9676,0.96804,2.40,3.20
2010.12.10 08:58:28.694,0.96756,0.96799,2.60,2.50
2010.12.10 08:58:29.594,0.96756,0.96799,2.40,2.50
2010.12.10 08:58:30.726,0.96755,0.96798,2.40,2.30
2010.12.10 08:58:30.945,0.96752,0.96795,6.40,2.30
2010.12.10 08:58:31.056,0.96752,0.96795,9.90,2.30
2010.12.10 08:58:31.165,0.96752,0.96795,4.10,2.30
2010.12.10 08:58:32.145,0.96752,0.96794,4.30,2.30
2010.12.10 08:58:32.875,0.96752,0.96794,1.80,2.30
2010.12.10 08:58:32.985,0.96752,0.96797,9.80,2.30
2010.12.10 08:58:33.617,0.96756,0.96799,2.40,2.50
2010.12.10 08:58:34.424,0.96756,0.96799,2.40,2.50
2010.12.10 08:58:35.644,0.96756,0.96799,2.40,2.50
2010.12.10 08:58:38.299,0.96762,0.96799,1.50,2.50
2010.12.10 08:58:40.318,0.96771,0.96815,2.50,2.40
2010.12.10 08:58:41.065,0.96778,0.96823,2.50,2.50
2010.12.10 08:58:41.284,0.96778,0.96823,5.50,2.40
2010.12.10 08:58:42.050,0.96783,0.96828,2.50,2.60
2010.12.10 08:58:42.584,0.96783,0.96828,2.50,2.60
2010.12.10 08:58:43.492,0.96783,0.96828,2.50,2.60
2010.12.10 08:58:43.826,0.96782,0.96813,2.30,2.30
2010.12.10 08:58:43.935,0.9678,0.96813,2.30,2.50
2010.12.10 08:58:44.472,0.96772,0.96813,2.40,2.50
2010.12.10 08:58:44.613,0.96767,0.96811,2.60,2.30
2010.12.10 08:58:44.724,0.96768,0.96813,2.60,2.50
2010.12.10 08:58:45.484,0.96771,0.96816,2.30,4.70
2010.12.10 08:58:46.185,0.9677,0.96815,2.30,2.30
2010.12.10 08:58:46.626,0.9677,0.96815,2.40,2.30
2010.12.10 08:58:48.680,0.9677,0.96815,2.60,2.30
2010.12.10 08:58:51.464,0.9677,0.96815,2.30,2.30
2010.12.10 08:58:51.794,0.9677,0.96812,2.30,2.30
2010.12.10 08:58:52.015,0.96766,0.96812,2.60,4.50
2010.12.10 08:58:52.621,0.96765,0.96811,2.30,2.50
2010.12.10 08:58:54.255,0.96765,0.96811,2.40,2.30
2010.12.10 08:58:55.645,0.96766,0.96812,2.40,4.50
2010.12.10 08:58:56.316,0.96766,0.96812,2.40,4.60
2010.12.10 08:58:56.431,0.96766,0.96812,2.30,4.70
2010.12.10 08:58:57.509,0.96765,0.96811,2.30,2.30
2010.12.10 08:58:58.819,0.96764,0.9681,2.30,2.40
2010.12.10 08:58:58.951,0.96757,0.96802,2.40,2.40
2010.12.10 08:59:00.166,0.96753,0.96797,2.40,2.30
2010.12.10 08:59:00.384,0.96752,0.96796,2.40,2.30
2010.12.10 08:59:00.636,0.96752,0.96793,2.40,2.30
2010.12.10 08:59:01.939,0.96753,0.96793,2.40,2.30
2010.12.10 08:59:03.976,0.96749,0.9679,4.70,1.50
2010.12.10 08:59:04.196,0.96744,0.96789,2.60,2.30
2010.12.10 08:59:04.305,0.96744,0.96789,2.40,2.30
2010.12.10 08:59:04.948,0.96744,0.96783,2.40,2.30
2010.12.10 08:59:05.732,0.96743,0.96786,6.10,2.30
2010.12.10 08:59:05.850,0.96753,0.96798,2.40,2.30
2010.12.10 08:59:07.200,0.96753,0.96799,2.40,3.80
2010.12.10 08:59:07.424,0.96753,0.96797,2.40,2.30
2010.12.10 08:59:08.065,0.96753,0.96797,2.40,2.30
2010.12.10 08:59:08.180,0.96753,0.96793,2.30,2.30
2010.12.10 08:59:09.028,0.96751,0.96793,2.40,2.30
2010.12.10 08:59:09.135,0.96751,0.96793,2.30,2.30
2010.12.10 08:59:10.781,0.96751,0.96793,2.40,2.30
2010.12.10 08:59:13.166,0.96751,0.96793,2.40,2.30
2010.12.10 08:59:13.777,0.96753,0.96793,2.40,2.30
2010.12.10 08:59:14.919,0.96753,0.96793,2.40,2.30
2010.12.10 08:59:15.528,0.96753,0.96793,2.40,2.30
2010.12.10 08:59:16.711,0.96753,0.96793,2.40,2.30
2010.12.10 08:59:16.849,0.96753,0.96793,2.60,2.30
2010.12.10 08:59:17.125,0.96753,0.96793,2.40,2.30
2010.12.10 08:59:17.719,0.96753,0.96793,2.60,2.30
2010.12.10 08:59:18.276,0.96753,0.96793,2.40,2.30
2010.12.10 08:59:23.667,0.96756,0.96793,2.40,2.30
2010.12.10 08:59:23.886,0.96758,0.96799,2.40,1.50
2010.12.10 08:59:24.105,0.96758,0.96799,2.40,1.50
2010.12.10 08:59:24.216,0.96758,0.96799,2.40,1.50
2010.12.10 08:59:25.116,0.96762,0.96802,2.40,2.30
2010.12.10 08:59:26.203,0.96762,0.96802,2.60,2.30
2010.12.10 08:59:30.195,0.96764,0.96802,2.40,2.30
2010.12.10 08:59:31.676,0.96764,0.96802,2.40,2.30
2010.12.10 08:59:32.004,0.96764,0.96802,2.40,2.30
2010.12.10 08:59:33.301,0.96764,0.96802,2.40,2.30
2010.12.10 08:59:33.908,0.96764,0.96802,2.40,2.30
2010.12.10 08:59:34.404,0.96764,0.96802,2.40,2.30
2010.12.10 08:59:34.944,0.96763,0.96802,2.40,2.30
2010.12.10 08:59:36.785,0.96763,0.96802,2.50,2.30
2010.12.10 08:59:37.004,0.96763,0.96802,2.40,2.30
2010.12.10 08:59:40.273,0.96765,0.96802,2.40,2.30
2010.12.10 08:59:41.725,0.96765,0.96802,2.40,2.30
2010.12.10 08:59:43.744,0.96765,0.96802,2.30,2.30
2010.12.10 08:59:44.645,0.96765,0.96802,2.40,2.30
2010.12.10 08:59:45.410,0.96765,0.96802,2.30,2.30
2010.12.10 08:59:45.636,0.9676,0.968,3.90,1.50
2010.12.10 08:59:45.855,0.96764,0.96802,2.30,2.30
2010.12.10 08:59:45.965,0.96764,0.96802,2.40,2.30
2010.12.10 08:59:46.927,0.96771,0.96811,1.50,3.80
2010.12.10 08:59:47.204,0.96771,0.96809,1.50,1.50
2010.12.10 08:59:48.079,0.96768,0.96802,2.40,2.30
2010.12.10 08:59:48.220,0.96762,0.96802,2.40,2.30
2010.12.10 08:59:49.366,0.96762,0.96802,2.60,2.30
2010.12.10 08:59:49.844,0.96762,0.96808,2.40,2.30
2010.12.10 08:59:50.065,0.96764,0.96802,2.30,2.30
2010.12.10 08:59:50.717,0.96763,0.96802,2.30,2.30
2010.12.10 08:59:51.045,0.96764,0.96802,2.30,2.30
2010.12.10 08:59:51.957,0.9676,0.96802,2.40,2.30
2010.12.10 08:59:52.290,0.9676,0.96802,2.30,2.30
2010.12.10 08:59:52.615,0.9676,0.96802,2.40,2.30
2010.12.10 08:59:52.726,0.96759,0.96802,2.30,2.40
2010.12.10 08:59:53.542,0.96757,0.96801,2.40,2.30
2010.12.10 08:59:53.698,0.96757,0.96801,2.40,2.30
2010.12.10 08:59:53.915,0.96755,0.96792,2.30,2.30
2010.12.10 08:59:54.694,0.96756,0.96793,4.70,2.30
2010.12.10 08:59:55.781,0.96756,0.96793,2.40,2.30
2010.12.10 08:59:55.897,0.96756,0.96793,2.40,2.30
2010.12.10 08:59:56.115,0.96761,0.968,1.60,2.30
2010.12.10 08:59:56.336,0.96761,0.96799,1.70,1.50
2010.12.10 08:59:56.885,0.96759,0.968,2.40,1.50
2010.12.10 08:59:57.435,0.96771,0.96809,1.50,2.30
2010.12.10 08:59:57.987,0.96777,0.96809,2.30,2.30
2010.12.10 08:59:58.112,0.9678,0.9682,1.50,1.50
2010.12.10 08:59:58.226,0.96783,0.96824,1.50,2.40
2010.12.10 08:59:58.773,0.9679,0.96822,1.50,2.30
2010.12.10 08:59:58.916,0.9679,0.9683,1.50,1.50
2010.12.10 08:59:59.027,0.96788,0.9683,2.30,1.50
2010.12.10 08:59:59.140,0.96786,0.9683,2.30,1.50
2010.12.10 08:59:59.999,0.96785,0.9683,4.50,3.80
