2013.12.10 10:00:00.072,0.81046,0.81063,1.13,1.00
2013.12.10 10:00:00.295,0.81046,0.81061,1.38,1.00
2013.12.10 10:00:00.619,0.81046,0.81061,3.45,1.00
2013.12.10 10:00:00.720,0.81046,0.81063,3.45,1.00
2013.12.10 10:00:01.481,0.81046,0.81062,3.45,1.00
2013.12.10 10:00:02.030,0.81046,0.81064,1.53,1.50
2013.12.10 10:00:02.133,0.81052,0.81064,1.00,1.00
2013.12.10 10:00:03.820,0.81052,0.81064,1.08,1.00
2013.12.10 10:00:05.551,0.81052,0.81062,1.18,1.00
2013.12.10 10:00:05.742,0.81047,0.81062,3.08,1.00
2013.12.10 10:00:08.464,0.81048,0.81062,2.33,1.00
2013.12.10 10:00:08.989,0.81048,0.81064,2.33,1.50
2013.12.10 10:00:09.193,0.81051,0.81064,4.50,1.50
2013.12.10 10:00:09.675,0.81047,0.81064,2.33,1.50
2013.12.10 10:00:12.349,0.81046,0.81064,3.45,1.58
2013.12.10 10:00:12.501,0.81046,0.81063,1.20,1.00
2013.12.10 10:00:14.093,0.81042,0.81059,2.70,1.00
2013.12.10 10:00:14.345,0.81041,0.81059,2.03,1.13
2013.12.10 10:00:14.496,0.81041,0.81059,1.08,2.33
2013.12.10 10:00:15.093,0.81041,0.81059,1.10,1.28
2013.12.10 10:00:15.983,0.81046,0.8106,1.00,1.53
2013.12.10 10:00:16.577,0.81046,0.8106,1.00,1.55
2013.12.10 10:00:16.678,0.81046,0.81059,1.00,1.28
2013.12.10 10:00:16.879,0.81041,0.81059,1.28,2.03
2013.12.10 10:00:17.444,0.81041,0.81059,1.53,2.03
2013.12.10 10:00:18.883,0.81041,0.81055,1.53,1.00
2013.12.10 10:00:19.224,0.81047,0.81054,1.00,1.08
2013.12.10 10:00:19.325,0.81047,0.81059,1.00,1.28
2013.12.10 10:00:20.143,0.81041,0.81056,1.00,1.20
2013.12.10 10:00:20.423,0.81041,0.81056,1.00,1.18
2013.12.10 10:00:21.034,0.81041,0.81056,1.00,1.15
2013.12.10 10:00:21.693,0.81041,0.81056,1.00,1.18
2013.12.10 10:00:24.312,0.81041,0.81057,1.00,1.15
2013.12.10 10:00:24.649,0.81041,0.81055,1.00,1.18
2013.12.10 10:00:24.951,0.81041,0.81051,1.00,1.10
2013.12.10 10:00:25.279,0.81041,0.81051,1.00,1.15
2013.12.10 10:00:25.843,0.81041,0.81051,1.00,1.15
2013.12.10 10:00:26.348,0.81041,0.81051,1.00,1.00
2013.12.10 10:00:26.730,0.81041,0.81054,1.00,1.10
2013.12.10 10:00:27.305,0.81041,0.81053,1.00,1.00
2013.12.10 10:00:29.881,0.81041,0.81056,1.00,1.18
2013.12.10 10:00:29.982,0.81041,0.81056,1.00,1.00
2013.12.10 10:00:30.083,0.81047,0.81059,1.00,1.10
2013.12.10 10:00:30.654,0.81047,0.81062,1.00,1.53
2013.12.10 10:00:31.266,0.81047,0.81063,1.45,1.48
2013.12.10 10:00:31.591,0.81052,0.81064,1.00,1.45
2013.12.10 10:00:31.642,0.81052,0.81065,1.00,1.18
2013.12.10 10:00:31.942,0.81052,0.81067,1.00,1.20
2013.12.10 10:00:32.294,0.81052,0.81064,1.00,1.00
2013.12.10 10:00:32.604,0.81057,0.81064,1.00,1.00
2013.12.10 10:00:32.655,0.81057,0.81068,1.00,1.00
2013.12.10 10:00:33.397,0.81057,0.81065,1.00,1.00
2013.12.10 10:00:33.498,0.81047,0.81063,3.45,1.00
2013.12.10 10:00:33.599,0.81051,0.81065,1.10,1.00
2013.12.10 10:00:33.713,0.81051,0.81061,1.10,1.00
2013.12.10 10:00:34.016,0.81057,0.81064,1.00,1.00
2013.12.10 10:00:34.318,0.81062,0.81068,1.00,1.00
2013.12.10 10:00:34.368,0.81056,0.81068,1.00,1.00
2013.12.10 10:00:34.480,0.81056,0.81066,1.00,1.00
2013.12.10 10:00:34.865,0.81062,0.81069,1.00,1.00
2013.12.10 10:00:36.104,0.81057,0.81069,1.00,1.00
2013.12.10 10:00:36.791,0.81057,0.81073,1.00,1.65
2013.12.10 10:00:36.897,0.81061,0.81073,1.00,1.15
2013.12.10 10:00:37.098,0.81056,0.81073,1.00,1.15
2013.12.10 10:00:37.149,0.81056,0.81067,1.00,1.00
2013.12.10 10:00:37.350,0.81056,0.8107,1.00,1.20
2013.12.10 10:00:37.642,0.81052,0.81068,1.20,1.00
2013.12.10 10:00:37.995,0.81052,0.81067,1.00,1.18
2013.12.10 10:00:38.529,0.81052,0.81065,1.00,1.00
2013.12.10 10:00:39.691,0.81052,0.81066,1.00,1.10
2013.12.10 10:00:41.051,0.81047,0.81063,1.65,1.00
2013.12.10 10:00:41.523,0.81047,0.81061,1.00,1.00
2013.12.10 10:00:42.289,0.81051,0.81061,1.00,1.00
2013.12.10 10:00:42.373,0.81047,0.81061,1.00,1.00
2013.12.10 10:00:43.530,0.81047,0.81059,1.00,1.00
2013.12.10 10:00:44.139,0.81047,0.8106,1.00,1.20
2013.12.10 10:00:44.843,0.81042,0.81058,1.20,1.00
2013.12.10 10:00:45.145,0.81046,0.81061,1.00,1.15
2013.12.10 10:00:45.693,0.81046,0.81061,1.10,1.10
2013.12.10 10:00:46.401,0.81046,0.81059,1.10,1.00
2013.12.10 10:00:46.704,0.81046,0.81057,1.00,1.00
2013.12.10 10:00:48.392,0.81046,0.81062,1.00,2.78
2013.12.10 10:00:48.949,0.81046,0.81061,1.10,1.00
2013.12.10 10:00:50.711,0.81046,0.81062,1.08,1.00
2013.12.10 10:00:52.331,0.81046,0.81064,1.15,1.38
2013.12.10 10:00:52.906,0.81046,0.81064,1.28,1.00
2013.12.10 10:00:58.040,0.81052,0.81065,1.00,1.20
2013.12.10 10:00:58.557,0.81056,0.81066,1.00,1.08
2013.12.10 10:00:59.111,0.81056,0.81066,1.00,1.00
2013.12.10 10:00:59.161,0.81056,0.8107,1.00,1.55
2013.12.10 10:01:00.093,0.81051,0.81069,3.45,1.13
2013.12.10 10:01:02.620,0.81056,0.8107,1.00,1.38
2013.12.10 10:01:05.129,0.81056,0.8107,3.00,1.38
2013.12.10 10:01:05.331,0.81053,0.81067,2.33,1.00
2013.12.10 10:01:05.839,0.81057,0.81067,1.18,1.00
2013.12.10 10:01:06.492,0.81057,0.81068,1.18,1.00
2013.12.10 10:01:07.966,0.81057,0.81068,1.10,1.00
2013.12.10 10:01:09.596,0.81057,0.81068,1.08,1.00
2013.12.10 10:01:12.476,0.81057,0.81067,1.08,1.00
2013.12.10 10:01:13.226,0.81057,0.81067,1.10,1.00
2013.12.10 10:01:14.913,0.81057,0.81069,1.10,1.00
2013.12.10 10:01:15.065,0.81062,0.81069,1.00,1.00
2013.12.10 10:01:15.115,0.81062,0.81072,1.00,1.00
2013.12.10 10:01:15.618,0.81062,0.81074,1.00,1.38
2013.12.10 10:01:16.172,0.81067,0.81074,1.00,1.38
2013.12.10 10:01:16.273,0.81061,0.81074,3.45,1.00
2013.12.10 10:01:16.434,0.81072,0.8108,1.00,1.00
2013.12.10 10:01:16.954,0.81072,0.81081,1.00,1.00
2013.12.10 10:01:17.473,0.81072,0.81082,1.00,1.00
2013.12.10 10:01:21.411,0.81077,0.81084,1.00,1.00
2013.12.10 10:01:21.714,0.81082,0.81089,1.00,1.00
2013.12.10 10:01:25.841,0.81077,0.81089,1.00,1.00
2013.12.10 10:01:26.863,0.81082,0.81089,1.00,1.00
2013.12.10 10:01:29.801,0.81077,0.81089,1.28,1.00
2013.12.10 10:01:30.353,0.81082,0.81089,1.00,1.00
2013.12.10 10:01:32.809,0.81082,0.81091,1.00,1.00
2013.12.10 10:01:32.910,0.81087,0.81091,1.00,1.00
2013.12.10 10:01:33.139,0.81087,0.81093,1.00,1.00
2013.12.10 10:01:34.601,0.81087,0.81095,1.00,1.00
2013.12.10 10:01:40.481,0.81082,0.81095,1.15,1.00
2013.12.10 10:01:41.027,0.81086,0.81095,1.00,1.00
2013.12.10 10:01:42.038,0.81081,0.81095,1.18,1.00
2013.12.10 10:01:42.460,0.81086,0.81095,1.00,1.00
2013.12.10 10:01:47.311,0.81086,0.81093,1.00,1.00
2013.12.10 10:01:48.075,0.81081,0.81093,1.00,1.00
2013.12.10 10:01:48.327,0.81081,0.81089,1.00,1.00
2013.12.10 10:01:48.842,0.81076,0.81089,1.00,1.00
2013.12.10 10:01:49.245,0.81076,0.81088,1.28,1.00
2013.12.10 10:01:49.903,0.81076,0.81088,1.28,1.00
2013.12.10 10:01:50.334,0.81076,0.81088,1.28,1.00
2013.12.10 10:01:52.391,0.81076,0.8109,1.28,1.00
2013.12.10 10:01:53.682,0.81082,0.8109,1.00,1.00
2013.12.10 10:02:06.130,0.81082,0.81094,1.13,1.00
2013.12.10 10:02:06.332,0.81087,0.81094,1.00,1.00
2013.12.10 10:02:06.382,0.81087,0.81098,1.00,2.25
2013.12.10 10:02:09.313,0.81086,0.81098,1.20,1.00
2013.12.10 10:02:22.430,0.81091,0.81099,1.00,1.00
2013.12.10 10:02:23.077,0.81094,0.81107,1.00,1.18
2013.12.10 10:02:24.050,0.81097,0.81102,1.00,1.00
2013.12.10 10:02:26.350,0.81091,0.81102,1.00,1.00
2013.12.10 10:02:26.712,0.81091,0.81099,1.00,1.00
2013.12.10 10:02:28.368,0.81086,0.81099,1.20,1.00
2013.12.10 10:02:28.878,0.81086,0.81098,1.20,1.00
2013.12.10 10:02:28.988,0.81091,0.81098,1.00,1.00
2013.12.10 10:02:29.468,0.81091,0.811,1.00,1.00
2013.12.10 10:02:29.669,0.81091,0.81098,1.00,1.00
2013.12.10 10:02:33.100,0.81091,0.81097,1.00,1.00
2013.12.10 10:02:33.989,0.81091,0.81099,1.00,1.00
2013.12.10 10:02:34.491,0.81096,0.81109,1.00,2.40
2013.12.10 10:02:34.730,0.81097,0.81101,1.00,1.00
2013.12.10 10:02:40.212,0.81092,0.81101,1.00,1.00
2013.12.10 10:02:55.068,0.81086,0.81101,3.45,1.00
2013.12.10 10:02:55.169,0.81086,0.81101,1.15,1.00
2013.12.10 10:02:55.220,0.81086,0.81097,1.18,1.00
2013.12.10 10:02:55.321,0.81086,0.81099,1.18,1.00
2013.12.10 10:02:55.617,0.81086,0.81104,1.18,1.00
2013.12.10 10:02:56.057,0.81092,0.81105,1.00,1.10
2013.12.10 10:02:59.570,0.81087,0.81103,1.10,1.00
2013.12.10 10:03:01.109,0.81092,0.81104,1.00,1.00
2013.12.10 10:03:01.590,0.81092,0.81108,1.00,2.03
2013.12.10 10:03:02.103,0.81092,0.81108,1.20,1.50
2013.12.10 10:03:06.621,0.81092,0.81106,1.20,1.00
2013.12.10 10:03:07.231,0.81092,0.81107,1.08,1.00
2013.12.10 10:03:09.367,0.81092,0.81105,1.08,1.00
2013.12.10 10:03:09.871,0.81092,0.81105,1.00,1.00
2013.12.10 10:03:10.828,0.81092,0.81106,1.00,1.00
2013.12.10 10:03:11.159,0.81096,0.81108,1.00,1.00
2013.12.10 10:03:11.378,0.81092,0.81108,1.10,1.50
2013.12.10 10:03:14.867,0.81092,0.81104,1.10,1.00
2013.12.10 10:03:15.571,0.81092,0.81107,1.00,1.00
2013.12.10 10:03:17.390,0.81092,0.81107,1.00,1.18
2013.12.10 10:03:17.516,0.81086,0.81104,1.53,1.50
2013.12.10 10:03:17.717,0.81086,0.81104,1.18,1.65
2013.12.10 10:03:18.030,0.81092,0.81101,1.00,1.20
2013.12.10 10:03:19.619,0.81086,0.81104,1.00,4.13
2013.12.10 10:03:19.770,0.81086,0.81104,1.00,4.13
2013.12.10 10:03:19.922,0.81092,0.81104,1.00,1.18
2013.12.10 10:03:20.456,0.81092,0.81104,1.00,1.00
2013.12.10 10:03:21.379,0.81092,0.81106,1.00,1.20
2013.12.10 10:03:22.677,0.81092,0.81105,1.00,1.00
2013.12.10 10:03:23.183,0.81092,0.81108,1.00,1.95
2013.12.10 10:03:25.425,0.81092,0.81108,1.00,1.58
2013.12.10 10:03:27.601,0.81092,0.81108,1.00,1.95
2013.12.10 10:03:28.417,0.81088,0.81104,1.28,1.00
2013.12.10 10:03:29.423,0.81091,0.81107,1.00,1.00
2013.12.10 10:03:29.646,0.81091,0.81109,1.18,1.00
2013.12.10 10:03:30.333,0.81091,0.81108,1.18,1.13
2013.12.10 10:03:31.009,0.81091,0.81108,1.00,1.13
2013.12.10 10:03:31.092,0.81088,0.81104,1.15,1.00
2013.12.10 10:03:31.258,0.81086,0.81104,1.53,1.00
2013.12.10 10:03:31.788,0.81086,0.81104,1.53,1.88
2013.12.10 10:03:31.839,0.81086,0.81101,1.53,1.00
2013.12.10 10:03:32.091,0.81086,0.81101,1.00,1.00
2013.12.10 10:03:35.998,0.81086,0.81104,1.08,2.40
2013.12.10 10:03:36.591,0.81086,0.81104,1.18,2.33
2013.12.10 10:03:38.078,0.81092,0.81104,1.00,1.48
2013.12.10 10:03:38.392,0.81092,0.81105,1.00,2.33
2013.12.10 10:03:38.930,0.81092,0.81106,1.00,1.00
2013.12.10 10:03:39.646,0.81092,0.81105,1.00,1.00
2013.12.10 10:03:43.606,0.81087,0.81098,3.45,1.00
2013.12.10 10:03:43.707,0.81087,0.81098,1.00,1.00
2013.12.10 10:03:43.809,0.81091,0.81102,1.00,1.48
2013.12.10 10:03:45.776,0.81091,0.81098,1.00,1.00
2013.12.10 10:03:45.877,0.81087,0.81098,1.00,1.00
2013.12.10 10:03:46.575,0.81087,0.81101,1.00,1.55
2013.12.10 10:03:55.469,0.81087,0.811,1.00,1.55
2013.12.10 10:03:55.621,0.81087,0.811,1.00,3.83
2013.12.10 10:03:55.822,0.81082,0.81097,1.00,1.15
2013.12.10 10:03:56.811,0.81086,0.81097,1.00,1.15
2013.12.10 10:03:56.917,0.81081,0.81099,1.00,1.65
2013.12.10 10:03:57.025,0.81081,0.81099,1.10,1.28
2013.12.10 10:03:57.126,0.81086,0.811,1.00,1.65
2013.12.10 10:03:57.699,0.81086,0.81104,1.00,4.20
2013.12.10 10:03:59.337,0.81091,0.81104,1.00,3.45
2013.12.10 10:04:06.039,0.81091,0.81105,1.00,1.15
2013.12.10 10:04:21.824,0.81091,0.81104,1.00,1.13
2013.12.10 10:04:21.875,0.81087,0.81103,1.10,1.45
2013.12.10 10:04:21.975,0.81087,0.811,1.00,1.65
2013.12.10 10:04:25.673,0.81087,0.811,1.00,1.53
2013.12.10 10:04:28.493,0.81087,0.811,1.00,2.70
2013.12.10 10:04:45.987,0.81082,0.81098,1.00,1.18
2013.12.10 10:04:46.088,0.81086,0.811,1.00,2.70
2013.12.10 10:05:00.927,0.81082,0.81098,1.00,3.83
2013.12.10 10:05:02.430,0.81082,0.81098,1.00,1.65
2013.12.10 10:05:03.152,0.81082,0.81098,1.00,1.65
2013.12.10 10:05:04.317,0.81082,0.81098,1.00,1.65
2013.12.10 10:05:08.075,0.81077,0.81094,1.18,1.00
2013.12.10 10:05:08.461,0.81077,0.81094,1.00,1.08
2013.12.10 10:05:09.417,0.81076,0.81094,1.20,1.15
2013.12.10 10:05:16.619,0.81076,0.81094,1.20,1.08
2013.12.10 10:05:16.770,0.81081,0.81095,1.00,1.20
2013.12.10 10:05:17.247,0.81086,0.81095,1.00,1.20
2013.12.10 10:05:20.487,0.81081,0.81095,1.00,1.20
2013.12.10 10:05:25.559,0.81081,0.81097,1.00,5.63
2013.12.10 10:05:30.043,0.81081,0.81097,1.00,1.28
2013.12.10 10:05:31.587,0.81081,0.81097,1.00,1.20
2013.12.10 10:05:31.637,0.81087,0.81097,1.00,1.20
2013.12.10 10:05:32.399,0.81091,0.811,1.00,2.03
2013.12.10 10:05:32.450,0.81092,0.811,1.00,1.50
2013.12.10 10:05:32.551,0.81092,0.81104,1.00,1.00
2013.12.10 10:05:32.855,0.81097,0.81108,1.00,3.15
2013.12.10 10:05:33.359,0.81097,0.81113,1.00,2.40
2013.12.10 10:05:33.410,0.81101,0.81113,1.00,1.65
2013.12.10 10:05:33.511,0.81101,0.81113,1.00,1.58
2013.12.10 10:05:33.620,0.81097,0.81112,1.00,1.00
2013.12.10 10:05:34.153,0.81097,0.81112,1.00,1.15
2013.12.10 10:05:43.735,0.81101,0.81112,1.00,1.15
2013.12.10 10:05:43.936,0.81101,0.81117,1.13,1.18
2013.12.10 10:05:44.249,0.81101,0.81119,1.00,1.28
2013.12.10 10:05:44.401,0.81106,0.81121,1.00,1.53
2013.12.10 10:05:44.502,0.81102,0.81118,1.13,1.10
2013.12.10 10:05:44.653,0.81102,0.81118,1.00,1.08
2013.12.10 10:05:45.875,0.81102,0.81113,1.00,2.25
2013.12.10 10:05:48.132,0.81106,0.81114,1.00,2.33
2013.12.10 10:05:48.334,0.81107,0.81116,1.00,2.33
2013.12.10 10:05:49.138,0.81102,0.81115,1.00,1.15
2013.12.10 10:05:49.239,0.81102,0.81114,1.00,2.70
2013.12.10 10:05:49.786,0.81102,0.81111,1.00,2.33
2013.12.10 10:05:49.858,0.81096,0.81111,1.13,2.33
2013.12.10 10:05:50.876,0.81096,0.81112,1.13,2.33
2013.12.10 10:05:50.927,0.81096,0.81114,1.13,7.13
2013.12.10 10:05:55.052,0.81101,0.81114,1.00,4.20
2013.12.10 10:05:56.811,0.81096,0.81114,1.38,3.45
2013.12.10 10:05:57.341,0.81101,0.81114,1.00,2.70
2013.12.10 10:05:58.908,0.81097,0.81113,1.38,1.65
2013.12.10 10:05:59.536,0.81097,0.81113,1.00,2.40
2013.12.10 10:05:59.587,0.81102,0.81113,1.00,1.65
2013.12.10 10:05:59.898,0.81096,0.81113,1.00,2.33
2013.12.10 10:06:01.526,0.81096,0.81114,1.38,3.45
2013.12.10 10:06:01.934,0.81096,0.81112,1.38,2.33
2013.12.10 10:06:02.908,0.81096,0.81112,1.13,2.33
2013.12.10 10:06:06.803,0.81102,0.81113,1.00,4.88
2013.12.10 10:06:07.156,0.81097,0.81113,1.00,1.15
2013.12.10 10:06:07.358,0.81102,0.81113,1.00,2.33
2013.12.10 10:06:09.635,0.81102,0.81111,1.00,2.33
2013.12.10 10:06:09.736,0.81102,0.81112,1.00,1.28
2013.12.10 10:06:10.277,0.81102,0.81114,1.00,3.45
2013.12.10 10:06:11.649,0.81096,0.81112,1.13,1.15
2013.12.10 10:06:12.002,0.81096,0.81111,1.00,3.08
2013.12.10 10:06:12.584,0.81096,0.8111,1.00,2.33
2013.12.10 10:06:12.786,0.81096,0.81112,1.00,3.08
2013.12.10 10:06:12.887,0.81101,0.81112,1.00,3.08
2013.12.10 10:06:12.937,0.81101,0.81112,1.00,1.15
2013.12.10 10:06:14.436,0.81101,0.81112,1.00,4.50
2013.12.10 10:06:15.041,0.81101,0.81113,1.00,1.15
2013.12.10 10:06:15.243,0.81101,0.81113,1.00,3.08
2013.12.10 10:06:15.604,0.81096,0.8111,1.00,1.18
2013.12.10 10:06:15.755,0.81096,0.8111,1.00,3.45
2013.12.10 10:06:18.722,0.81096,0.81108,1.00,3.08
2013.12.10 10:06:21.328,0.81096,0.81108,1.00,1.18
2013.12.10 10:06:21.469,0.81096,0.81108,1.00,1.15
2013.12.10 10:06:22.159,0.81096,0.81108,1.00,3.08
2013.12.10 10:06:23.889,0.81096,0.81108,1.00,1.15
2013.12.10 10:06:26.893,0.81096,0.81108,1.00,3.08
2013.12.10 10:06:27.399,0.81091,0.81107,1.00,1.15
2013.12.10 10:06:28.657,0.81091,0.81106,1.00,2.33
2013.12.10 10:06:29.195,0.81091,0.81105,1.00,3.08
2013.12.10 10:06:35.262,0.81091,0.81104,1.00,2.33
2013.12.10 10:06:35.693,0.81091,0.81102,1.00,2.33
2013.12.10 10:06:35.895,0.81091,0.81104,1.00,2.33
2013.12.10 10:06:37.624,0.81091,0.81105,1.00,1.15
2013.12.10 10:06:38.268,0.81096,0.81105,1.00,1.15
2013.12.10 10:06:38.403,0.81091,0.81105,1.00,1.15
2013.12.10 10:06:38.506,0.81096,0.81105,1.00,1.15
2013.12.10 10:06:38.864,0.81096,0.81108,1.00,2.33
2013.12.10 10:06:38.965,0.81096,0.8111,1.00,2.33
2013.12.10 10:06:48.041,0.81096,0.81107,1.00,2.33
2013.12.10 10:06:48.091,0.81091,0.81107,1.38,2.33
2013.12.10 10:06:48.142,0.81091,0.81109,1.38,5.63
2013.12.10 10:06:48.476,0.81091,0.81109,1.38,3.45
2013.12.10 10:06:49.929,0.81096,0.81109,1.00,2.70
2013.12.10 10:06:51.483,0.81091,0.81109,1.38,3.45
2013.12.10 10:06:55.934,0.81091,0.81109,1.38,3.83
2013.12.10 10:06:55.984,0.81096,0.81109,1.00,3.08
2013.12.10 10:07:00.941,0.81096,0.81111,1.00,2.33
2013.12.10 10:07:16.436,0.81092,0.81108,1.48,1.08
2013.12.10 10:07:17.127,0.81097,0.81111,1.00,2.33
2013.12.10 10:07:18.895,0.81091,0.81109,1.45,1.18
2013.12.10 10:07:19.147,0.81091,0.81109,1.45,1.18
2013.12.10 10:07:20.565,0.81091,0.81109,1.45,1.18
2013.12.10 10:07:22.073,0.81091,0.81109,1.48,1.15
2013.12.10 10:07:23.352,0.81091,0.81109,1.48,1.15
2013.12.10 10:07:23.453,0.81091,0.81107,1.10,1.10
2013.12.10 10:07:23.554,0.81091,0.81106,1.00,2.33
2013.12.10 10:07:25.610,0.81086,0.81104,1.58,1.65
2013.12.10 10:07:25.660,0.81086,0.81104,1.20,2.03
2013.12.10 10:07:25.761,0.81086,0.81104,1.13,4.20
2013.12.10 10:07:26.273,0.81086,0.81104,1.38,3.45
2013.12.10 10:07:26.374,0.81086,0.81104,1.48,1.28
2013.12.10 10:07:28.751,0.81086,0.81104,1.20,1.28
2013.12.10 10:07:29.276,0.81086,0.81104,1.48,1.28
2013.12.10 10:07:29.331,0.81092,0.81106,1.00,2.33
2013.12.10 10:07:29.482,0.81092,0.81108,1.00,1.15
2013.12.10 10:07:30.021,0.81092,0.81108,1.00,1.15
2013.12.10 10:07:36.347,0.81097,0.81109,1.00,1.15
2013.12.10 10:07:36.596,0.81097,0.81109,1.00,1.10
2013.12.10 10:07:40.354,0.81091,0.81109,1.48,1.10
2013.12.10 10:07:40.912,0.81091,0.81109,1.10,1.10
2013.12.10 10:07:42.175,0.81096,0.8111,1.00,1.18
2013.12.10 10:07:43.138,0.81096,0.8111,1.00,1.15
2013.12.10 10:07:43.552,0.81096,0.8111,1.00,3.08
2013.12.10 10:07:44.764,0.81096,0.81111,1.00,1.15
2013.12.10 10:07:46.160,0.81101,0.81111,1.00,1.15
2013.12.10 10:07:46.395,0.81097,0.81111,1.00,1.15
2013.12.10 10:07:48.253,0.81097,0.81111,1.13,1.18
2013.12.10 10:07:48.303,0.81097,0.81111,1.38,1.20
2013.12.10 10:07:48.404,0.81101,0.81113,1.00,1.00
2013.12.10 10:07:48.915,0.81101,0.81118,1.00,3.45
2013.12.10 10:07:49.468,0.81101,0.81118,1.00,1.28
2013.12.10 10:07:52.498,0.81101,0.81116,1.00,2.33
2013.12.10 10:07:52.735,0.81097,0.81113,1.48,1.18
2013.12.10 10:07:53.008,0.81101,0.81116,1.00,2.70
2013.12.10 10:07:54.805,0.81101,0.81117,1.13,3.08
2013.12.10 10:07:54.856,0.81101,0.81117,1.13,1.15
2013.12.10 10:08:00.551,0.81101,0.81117,1.38,1.15
2013.12.10 10:08:00.703,0.81101,0.81119,1.88,2.78
2013.12.10 10:08:00.753,0.81101,0.81119,1.88,2.78
2013.12.10 10:08:00.854,0.81101,0.81119,1.88,2.78
2013.12.10 10:08:01.539,0.81101,0.81119,1.38,2.03
2013.12.10 10:08:01.725,0.81101,0.81119,1.13,3.53
2013.12.10 10:08:02.278,0.81101,0.81119,1.38,3.53
2013.12.10 10:08:02.921,0.81101,0.81119,1.38,2.03
2013.12.10 10:08:06.125,0.81101,0.81119,1.38,1.65
2013.12.10 10:08:07.006,0.81101,0.81119,1.13,1.65
2013.12.10 10:08:09.152,0.81101,0.81118,1.13,2.33
2013.12.10 10:08:14.350,0.81101,0.81116,1.00,1.15
2013.12.10 10:08:19.542,0.81101,0.81117,1.00,1.18
2013.12.10 10:08:19.694,0.81101,0.81118,1.00,2.33
2013.12.10 10:08:19.895,0.81101,0.81119,1.13,1.65
2013.12.10 10:08:23.463,0.81099,0.81114,1.08,1.00
2013.12.10 10:08:27.855,0.81102,0.81118,1.00,1.18
2013.12.10 10:08:28.785,0.81102,0.81117,1.00,2.33
2013.12.10 10:08:28.836,0.81099,0.81114,1.38,1.18
2013.12.10 10:08:29.355,0.81101,0.81119,1.00,2.03
2013.12.10 10:08:29.794,0.81099,0.81114,1.55,1.00
2013.12.10 10:08:30.147,0.81096,0.81114,2.03,1.10
2013.12.10 10:08:30.567,0.81094,0.81109,3.83,1.00
2013.12.10 10:08:30.775,0.81094,0.81109,1.10,1.00
2013.12.10 10:08:34.687,0.81092,0.81109,1.20,1.13
2013.12.10 10:08:36.455,0.81092,0.81109,1.10,3.38
2013.12.10 10:08:36.858,0.81089,0.81104,1.38,1.00
2013.12.10 10:08:37.110,0.81086,0.81104,1.88,1.15
2013.12.10 10:08:37.160,0.81086,0.81104,1.50,1.15
2013.12.10 10:08:37.211,0.81086,0.81101,1.50,2.25
2013.12.10 10:08:37.731,0.81086,0.81098,1.00,1.15
2013.12.10 10:08:41.570,0.81086,0.81099,1.00,4.88
2013.12.10 10:08:42.079,0.81086,0.81098,1.00,4.88
2013.12.10 10:08:47.179,0.81086,0.81101,1.00,4.88
2013.12.10 10:08:47.381,0.81082,0.81098,1.50,1.15
2013.12.10 10:08:47.482,0.81082,0.81097,1.50,2.33
2013.12.10 10:08:47.787,0.81087,0.81098,1.00,4.50
2013.12.10 10:08:52.992,0.81087,0.811,1.00,2.70
2013.12.10 10:08:53.651,0.81087,0.81098,1.00,2.33
2013.12.10 10:08:54.310,0.81087,0.81097,1.00,2.33
2013.12.10 10:08:55.502,0.81087,0.811,1.00,2.70
2013.12.10 10:08:56.624,0.81087,0.81095,1.00,2.33
2013.12.10 10:08:56.675,0.81081,0.81095,1.00,2.33
2013.12.10 10:08:56.826,0.81081,0.81093,1.00,2.33
2013.12.10 10:08:59.324,0.81085,0.81093,1.00,2.33
2013.12.10 10:08:59.874,0.81082,0.81093,1.00,2.33
2013.12.10 10:09:03.659,0.81082,0.81094,1.00,2.33
2013.12.10 10:09:03.763,0.81082,0.81092,1.00,2.33
2013.12.10 10:09:04.145,0.81076,0.81092,1.38,2.33
2013.12.10 10:09:06.944,0.81082,0.81092,1.00,2.33
2013.12.10 10:09:09.914,0.81076,0.81092,1.00,2.33
2013.12.10 10:09:10.804,0.81074,0.81088,1.00,1.10
2013.12.10 10:09:11.528,0.81072,0.81088,1.38,1.15
2013.12.10 10:09:12.183,0.81072,0.81088,1.13,1.15
2013.12.10 10:09:12.337,0.81077,0.81091,1.00,2.33
2013.12.10 10:09:12.387,0.81077,0.81093,1.00,4.95
2013.12.10 10:09:12.928,0.81077,0.81092,1.00,2.33
2013.12.10 10:09:13.487,0.81077,0.81093,1.00,1.15
2013.12.10 10:09:13.638,0.81073,0.81088,1.18,1.00
2013.12.10 10:09:14.245,0.81073,0.81088,1.00,1.00
2013.12.10 10:09:16.355,0.81075,0.81088,1.00,1.00
2013.12.10 10:09:16.768,0.81079,0.81088,1.13,1.00
2013.12.10 10:09:16.818,0.81079,0.81093,1.13,1.20
2013.12.10 10:09:17.070,0.81079,0.81089,1.00,1.00
2013.12.10 10:09:17.121,0.81074,0.81089,1.28,1.00
2013.12.10 10:09:17.272,0.81074,0.81089,1.10,1.00
2013.12.10 10:09:17.373,0.81074,0.81089,1.00,1.15
2013.12.10 10:09:18.591,0.81074,0.81083,1.00,1.00
2013.12.10 10:09:19.292,0.81072,0.81083,1.00,1.00
2013.12.10 10:09:24.322,0.81072,0.81088,1.50,1.18
2013.12.10 10:09:56.757,0.81072,0.81088,1.50,1.15
2013.12.10 10:09:56.858,0.8107,0.81084,1.00,1.00
2013.12.10 10:09:57.010,0.8107,0.81084,1.00,1.08
2013.12.10 10:09:57.060,0.81067,0.81084,1.88,1.15
2013.12.10 10:09:57.262,0.81069,0.81084,1.00,1.18
2013.12.10 10:09:57.786,0.81071,0.81087,1.00,2.33
2013.12.10 10:09:58.124,0.81069,0.81083,1.00,1.10
2013.12.10 10:09:58.225,0.81067,0.81083,1.58,1.10
2013.12.10 10:09:58.630,0.81065,0.81079,2.63,1.00
2013.12.10 10:09:59.829,0.81063,0.81074,1.48,1.00
2013.12.10 10:09:59.935,0.81063,0.81074,1.10,1.00
2013.12.10 10:10:00.245,0.81058,0.81074,2.70,1.00
2013.12.10 10:10:00.346,0.81058,0.81074,1.48,1.00
2013.12.10 10:10:00.959,0.81062,0.81078,1.00,2.03
2013.12.10 10:10:01.215,0.81063,0.81078,1.00,1.10
2013.12.10 10:10:02.113,0.81065,0.81078,1.00,1.10
2013.12.10 10:10:11.423,0.81066,0.81084,1.00,1.65
2013.12.10 10:10:12.034,0.81065,0.81079,1.20,1.00
2013.12.10 10:10:23.916,0.81066,0.81084,1.10,3.45
2013.12.10 10:10:23.967,0.81066,0.81084,1.18,1.53
2013.12.10 10:10:24.459,0.81066,0.81084,1.65,1.08
2013.12.10 10:10:24.510,0.81066,0.81084,1.65,1.00
2013.12.10 10:10:25.045,0.81067,0.81084,2.40,1.00
2013.12.10 10:10:25.095,0.81072,0.81084,1.10,1.00
2013.12.10 10:10:25.826,0.81069,0.81084,1.28,1.00
2013.12.10 10:10:26.508,0.81067,0.81084,1.48,1.00
2013.12.10 10:10:32.146,0.81068,0.81084,1.38,1.08
2013.12.10 10:10:39.945,0.81066,0.81084,1.95,1.18
2013.12.10 10:10:53.002,0.81066,0.81084,1.95,1.08
2013.12.10 10:11:00.535,0.81066,0.81084,1.13,1.45
2013.12.10 10:11:03.813,0.81063,0.81079,1.53,1.00
2013.12.10 10:11:04.165,0.81061,0.81079,1.10,1.20
2013.12.10 10:11:04.316,0.81061,0.81079,1.00,1.15
2013.12.10 10:11:06.158,0.81063,0.81079,1.00,1.10
2013.12.10 10:11:06.360,0.81061,0.81079,1.58,1.10
2013.12.10 10:11:10.741,0.81061,0.81078,1.10,1.00
2013.12.10 10:11:11.046,0.81061,0.81078,1.00,1.28
2013.12.10 10:11:15.757,0.81061,0.81078,1.00,3.45
2013.12.10 10:11:16.369,0.81061,0.81078,1.00,1.65
2013.12.10 10:11:18.727,0.81061,0.81076,1.00,4.50
2013.12.10 10:11:18.882,0.81061,0.81078,1.00,1.65
2013.12.10 10:11:19.134,0.81061,0.81078,1.00,1.53
2013.12.10 10:11:19.235,0.81063,0.81079,1.00,1.53
2013.12.10 10:11:20.897,0.81063,0.81079,1.00,3.38
2013.12.10 10:11:22.071,0.81062,0.81078,1.50,1.53
2013.12.10 10:11:22.374,0.81062,0.81073,1.00,1.00
2013.12.10 10:11:22.877,0.81058,0.81073,2.03,1.00
2013.12.10 10:11:23.303,0.81054,0.81068,2.40,1.00
2013.12.10 10:11:23.354,0.81054,0.81068,2.03,1.00
2013.12.10 10:11:23.779,0.81053,0.81068,1.38,1.00
2013.12.10 10:11:24.294,0.81053,0.81068,1.38,1.18
2013.12.10 10:11:26.461,0.81053,0.81068,1.13,1.18
2013.12.10 10:11:33.258,0.81052,0.81068,2.40,1.00
2013.12.10 10:11:33.459,0.81057,0.81073,1.00,1.15
2013.12.10 10:11:35.832,0.81057,0.81073,2.25,1.15
2013.12.10 10:11:40.239,0.8106,0.81073,1.00,1.15
2013.12.10 10:11:40.597,0.81062,0.81076,1.50,4.50
2013.12.10 10:11:40.781,0.81062,0.81078,1.50,1.18
2013.12.10 10:11:56.486,0.81062,0.81078,1.45,1.08
2013.12.10 10:11:56.788,0.81064,0.81078,1.48,1.00
2013.12.10 10:11:56.889,0.81067,0.81083,1.13,1.45
2013.12.10 10:11:59.004,0.81067,0.81083,1.58,1.38
2013.12.10 10:11:59.055,0.81068,0.81083,1.13,1.00
2013.12.10 10:11:59.338,0.81067,0.81083,2.03,1.00
2013.12.10 10:11:59.540,0.81067,0.81083,1.28,1.10
2013.12.10 10:12:00.242,0.81067,0.81083,1.53,1.00
2013.12.10 10:12:03.551,0.81067,0.81083,1.13,1.10
2013.12.10 10:12:03.652,0.81067,0.81083,1.13,1.18
2013.12.10 10:12:09.985,0.81067,0.81082,1.00,1.15
2013.12.10 10:12:12.571,0.81071,0.81083,1.00,5.63
2013.12.10 10:12:16.990,0.81071,0.81084,1.00,3.45
2013.12.10 10:12:21.508,0.81071,0.81085,1.00,2.33
2013.12.10 10:12:22.061,0.81071,0.81086,1.00,5.25
2013.12.10 10:12:25.052,0.81076,0.81086,1.00,4.50
2013.12.10 10:12:25.154,0.81076,0.81087,1.00,1.15
2013.12.10 10:12:25.365,0.81076,0.81087,1.00,1.10
2013.12.10 10:12:25.491,0.81072,0.81087,1.00,1.15
2013.12.10 10:12:26.015,0.81072,0.81087,1.00,1.15
2013.12.10 10:12:26.217,0.81072,0.81085,1.00,3.08
2013.12.10 10:12:28.351,0.81076,0.81085,1.00,3.08
2013.12.10 10:12:29.187,0.81076,0.81085,1.00,1.15
2013.12.10 10:12:31.001,0.81076,0.81088,1.00,1.18
2013.12.10 10:12:31.888,0.81076,0.81092,1.00,1.15
2013.12.10 10:12:32.062,0.81081,0.81092,1.00,1.15
2013.12.10 10:12:34.378,0.81081,0.81092,1.00,1.15
2013.12.10 10:12:34.936,0.81081,0.81092,1.00,3.08
2013.12.10 10:12:40.268,0.81081,0.81092,1.00,1.18
2013.12.10 10:12:40.798,0.81081,0.81092,1.00,1.15
2013.12.10 10:12:41.110,0.81077,0.8109,1.00,1.00
2013.12.10 10:12:41.210,0.81077,0.8109,1.00,1.08
2013.12.10 10:12:41.980,0.81077,0.81089,1.00,1.08
2013.12.10 10:12:48.054,0.81077,0.81092,1.00,3.08
2013.12.10 10:12:48.357,0.81081,0.81092,1.00,1.15
2013.12.10 10:13:08.822,0.81077,0.81092,1.00,1.15
2013.12.10 10:13:09.595,0.81077,0.81092,1.00,1.18
2013.12.10 10:13:29.142,0.81077,0.81093,1.00,2.03
2013.12.10 10:13:39.778,0.81077,0.81093,1.00,1.55
2013.12.10 10:13:45.234,0.81081,0.81093,1.00,1.38
2013.12.10 10:13:46.286,0.81081,0.81093,1.38,1.00
2013.12.10 10:13:46.337,0.81081,0.81096,1.38,1.18
2013.12.10 10:13:46.450,0.81086,0.81096,1.00,1.00
2013.12.10 10:13:46.552,0.81086,0.81104,1.13,1.65
2013.12.10 10:13:46.755,0.81086,0.81104,1.28,1.65
2013.12.10 10:13:46.855,0.81086,0.81104,1.20,1.65
2013.12.10 10:13:47.160,0.81091,0.81105,1.00,2.33
2013.12.10 10:13:47.210,0.81091,0.81108,1.00,2.03
2013.12.10 10:13:47.412,0.81091,0.81106,1.00,1.28
2013.12.10 10:13:47.513,0.81091,0.81106,1.00,1.20
2013.12.10 10:13:56.390,0.81097,0.81108,1.00,1.65
2013.12.10 10:13:56.643,0.81097,0.81113,1.10,1.85
2013.12.10 10:13:57.045,0.81097,0.81113,1.20,1.10
2013.12.10 10:13:57.096,0.81106,0.81117,1.00,2.70
2013.12.10 10:13:57.197,0.81106,0.81118,1.00,1.95
2013.12.10 10:13:57.399,0.81106,0.8112,1.00,1.00
2013.12.10 10:13:57.841,0.81102,0.81118,1.15,1.00
2013.12.10 10:14:06.395,0.81102,0.81118,1.18,1.00
2013.12.10 10:14:06.720,0.81102,0.81118,1.15,1.00
2013.12.10 10:14:07.067,0.81106,0.81121,1.00,1.18
2013.12.10 10:14:07.283,0.81102,0.81118,1.65,1.00
2013.12.10 10:14:07.593,0.81102,0.81118,1.20,1.00
2013.12.10 10:14:08.072,0.81112,0.81124,1.00,6.23
2013.12.10 10:14:08.223,0.81112,0.81126,1.00,7.13
2013.12.10 10:14:08.324,0.81112,0.81126,1.00,1.53
2013.12.10 10:14:08.425,0.81107,0.81123,1.00,1.00
2013.12.10 10:14:08.476,0.81107,0.81123,1.00,1.08
2013.12.10 10:14:10.179,0.81107,0.81122,1.00,1.15
2013.12.10 10:14:10.599,0.81102,0.81116,1.55,1.00
2013.12.10 10:14:10.649,0.81102,0.81116,1.00,1.10
2013.12.10 10:14:11.322,0.81102,0.81115,1.00,1.00
2013.12.10 10:14:12.366,0.81102,0.81117,1.00,1.08
2013.12.10 10:14:18.873,0.81102,0.81116,1.00,1.48
2013.12.10 10:14:20.003,0.81102,0.81114,1.00,3.45
2013.12.10 10:14:21.137,0.81096,0.81113,1.00,1.28
2013.12.10 10:14:22.090,0.81096,0.81113,1.20,1.28
2013.12.10 10:14:22.348,0.81101,0.81113,1.00,1.28
2013.12.10 10:14:22.670,0.81106,0.81115,1.00,1.08
2013.12.10 10:14:22.832,0.81106,0.81119,1.00,1.15
2013.12.10 10:14:22.933,0.81101,0.81117,1.00,1.18
2013.12.10 10:14:23.483,0.81107,0.81117,1.00,1.18
2013.12.10 10:14:23.588,0.81101,0.81117,1.00,1.18
2013.12.10 10:14:24.130,0.81107,0.81117,1.00,1.15
2013.12.10 10:14:27.079,0.81102,0.81117,1.00,1.15
2013.12.10 10:14:27.928,0.81102,0.81117,1.00,1.08
2013.12.10 10:14:28.288,0.81106,0.81117,1.00,1.08
2013.12.10 10:14:33.259,0.81106,0.81117,1.00,1.08
2013.12.10 10:14:33.360,0.81106,0.81117,1.00,1.08
2013.12.10 10:14:33.461,0.81102,0.81117,1.10,1.00
2013.12.10 10:14:33.612,0.81102,0.81117,1.00,1.15
2013.12.10 10:14:48.594,0.81102,0.81117,1.00,1.53
2013.12.10 10:14:48.916,0.81107,0.8112,1.00,3.45
2013.12.10 10:14:51.431,0.81111,0.81118,1.00,1.38
2013.12.10 10:14:51.846,0.81107,0.8112,1.00,1.45
2013.12.10 10:14:53.160,0.81107,0.8112,1.00,1.20
2013.12.10 10:14:56.134,0.81112,0.81123,1.00,3.08
2013.12.10 10:14:56.235,0.81112,0.81124,1.00,1.15
2013.12.10 10:14:56.336,0.81112,0.81124,1.00,1.00
2013.12.10 10:14:56.487,0.81116,0.81126,1.00,1.55
2013.12.10 10:14:57.188,0.81116,0.81129,1.00,1.10
2013.12.10 10:15:04.423,0.81116,0.81127,1.00,1.00
2013.12.10 10:15:04.742,0.81116,0.81127,1.00,1.18
2013.12.10 10:15:04.843,0.81111,0.81127,1.08,1.10
2013.12.10 10:15:05.860,0.81111,0.81127,1.00,1.08
2013.12.10 10:15:06.418,0.81111,0.81125,1.00,1.00
2013.12.10 10:15:07.832,0.81111,0.81127,1.00,1.08
2013.12.10 10:15:08.033,0.81116,0.81129,1.00,1.00
2013.12.10 10:15:08.371,0.81116,0.81132,1.00,1.08
2013.12.10 10:15:08.472,0.81116,0.81132,1.08,1.00
2013.12.10 10:15:08.623,0.81116,0.81132,1.00,1.08
2013.12.10 10:15:09.157,0.81116,0.81132,1.00,1.20
2013.12.10 10:15:09.258,0.81116,0.81132,1.00,5.25
2013.12.10 10:15:09.359,0.81116,0.81132,1.00,1.20
2013.12.10 10:15:09.861,0.81116,0.81131,1.00,1.00
2013.12.10 10:15:09.912,0.81116,0.8113,1.00,2.33
2013.12.10 10:15:11.633,0.81121,0.81131,1.00,2.33
2013.12.10 10:15:11.683,0.81121,0.81133,1.00,1.28
2013.12.10 10:15:12.212,0.81121,0.81135,1.00,2.33
2013.12.10 10:15:12.363,0.81121,0.81137,1.00,2.70
2013.12.10 10:15:12.565,0.81121,0.81135,1.00,1.00
2013.12.10 10:15:12.766,0.81121,0.81135,1.00,1.15
2013.12.10 10:15:14.298,0.81121,0.81132,1.00,1.00
2013.12.10 10:15:17.097,0.81117,0.81132,1.18,1.00
2013.12.10 10:15:17.549,0.81121,0.81132,1.00,1.00
2013.12.10 10:15:18.080,0.81121,0.81128,1.00,1.00
2013.12.10 10:15:18.130,0.81116,0.81128,1.00,1.00
2013.12.10 10:15:19.297,0.81111,0.81128,1.28,1.20
2013.12.10 10:15:19.550,0.81117,0.81127,1.00,1.08
2013.12.10 10:15:19.701,0.81117,0.81127,1.00,1.00
2013.12.10 10:15:19.802,0.81117,0.81127,1.00,1.48
2013.12.10 10:15:19.973,0.81107,0.81124,2.33,1.38
2013.12.10 10:15:20.024,0.81106,0.81124,1.15,1.38
2013.12.10 10:15:20.175,0.81106,0.81124,1.00,3.45
2013.12.10 10:15:30.969,0.81106,0.81121,1.00,3.38
2013.12.10 10:15:31.070,0.81102,0.81118,1.13,1.18
2013.12.10 10:15:31.221,0.81107,0.8112,1.00,1.15
2013.12.10 10:15:39.930,0.81107,0.81115,1.00,1.00
2013.12.10 10:15:42.034,0.81107,0.81117,1.00,1.10
2013.12.10 10:15:43.380,0.81107,0.81115,1.00,1.00
2013.12.10 10:15:43.582,0.81112,0.81126,1.20,1.00
2013.12.10 10:15:43.633,0.81116,0.81126,1.00,1.00
2013.12.10 10:15:44.169,0.81116,0.81127,1.00,1.00
2013.12.10 10:15:53.790,0.81116,0.81133,1.00,1.15
2013.12.10 10:15:53.840,0.81121,0.81133,1.00,1.00
2013.12.10 10:15:54.367,0.81121,0.81134,1.00,1.00
2013.12.10 10:15:55.312,0.81127,0.81134,1.00,1.00
2013.12.10 10:16:01.105,0.81127,0.81132,1.00,1.00
2013.12.10 10:16:01.760,0.81127,0.81133,1.00,1.13
2013.12.10 10:16:02.636,0.81122,0.81133,1.00,1.13
2013.12.10 10:16:02.817,0.81122,0.81131,1.00,1.00
2013.12.10 10:16:03.387,0.81122,0.81132,1.00,1.00
2013.12.10 10:16:05.090,0.81126,0.81132,1.00,1.00
2013.12.10 10:16:05.352,0.81126,0.81134,1.00,1.10
2013.12.10 10:16:09.311,0.81126,0.81132,1.00,1.00
2013.12.10 10:16:09.362,0.81121,0.81132,1.00,1.00
2013.12.10 10:16:09.572,0.81126,0.81132,1.00,1.00
2013.12.10 10:16:09.774,0.81126,0.81135,1.00,1.18
2013.12.10 10:16:10.281,0.81126,0.81135,1.00,1.00
2013.12.10 10:16:13.602,0.81126,0.81133,1.00,1.00
2013.12.10 10:16:13.653,0.81121,0.81133,1.00,1.00
2013.12.10 10:16:15.436,0.81126,0.81133,1.00,1.00
2013.12.10 10:16:15.963,0.81126,0.81134,1.00,1.00
2013.12.10 10:16:20.097,0.81126,0.81136,1.00,1.20
2013.12.10 10:16:30.493,0.81131,0.81136,1.00,1.10
2013.12.10 10:16:30.644,0.81132,0.81139,1.00,1.10
2013.12.10 10:16:30.846,0.8113,0.81141,1.00,1.18
2013.12.10 10:16:31.383,0.81134,0.8114,1.00,1.00
2013.12.10 10:16:31.456,0.81132,0.8114,1.00,1.00
2013.12.10 10:16:42.912,0.81127,0.8114,1.00,1.00
2013.12.10 10:16:44.778,0.81132,0.8114,1.00,1.00
2013.12.10 10:16:46.311,0.81132,0.81142,1.00,1.10
2013.12.10 10:16:48.660,0.81131,0.81142,1.00,1.00
2013.12.10 10:17:02.953,0.81131,0.81142,1.00,1.08
2013.12.10 10:17:03.155,0.81131,0.81144,1.00,1.18
2013.12.10 10:17:03.646,0.81131,0.81141,1.00,1.00
2013.12.10 10:17:04.328,0.81131,0.81142,1.00,1.00
2013.12.10 10:17:04.792,0.81131,0.8114,1.00,1.00
2013.12.10 10:17:06.741,0.81131,0.81143,1.00,1.10
2013.12.10 10:17:07.220,0.81131,0.81143,1.00,1.08
2013.12.10 10:17:07.321,0.81126,0.81143,1.10,1.08
2013.12.10 10:17:07.372,0.81126,0.81142,1.10,2.25
2013.12.10 10:17:07.674,0.81131,0.81139,1.00,1.15
2013.12.10 10:17:08.032,0.81131,0.81139,1.00,1.15
2013.12.10 10:17:08.132,0.81131,0.81139,1.00,1.15
2013.12.10 10:17:12.915,0.81126,0.81136,1.00,1.10
2013.12.10 10:17:14.127,0.8113,0.81136,1.00,1.10
2013.12.10 10:17:20.306,0.81126,0.81136,1.00,1.10
2013.12.10 10:17:26.096,0.81126,0.81133,1.00,1.13
2013.12.10 10:17:26.146,0.81122,0.81133,1.00,1.20
2013.12.10 10:17:26.298,0.81122,0.81133,1.00,1.20
2013.12.10 10:17:26.861,0.81122,0.81132,1.00,1.53
2013.12.10 10:17:27.368,0.81116,0.81132,1.00,1.28
2013.12.10 10:17:27.570,0.81121,0.81132,1.00,1.15
2013.12.10 10:17:27.926,0.81116,0.81132,1.00,1.15
2013.12.10 10:17:43.034,0.81116,0.81125,1.00,1.00
2013.12.10 10:17:43.135,0.81112,0.81125,1.00,1.00
2013.12.10 10:17:43.697,0.81112,0.81125,1.00,1.55
2013.12.10 10:17:44.117,0.81106,0.81122,1.10,1.18
2013.12.10 10:17:44.230,0.81112,0.81122,1.00,1.18
2013.12.10 10:17:50.694,0.81112,0.81122,1.00,1.15
2013.12.10 10:17:53.595,0.81115,0.81124,1.00,2.70
2013.12.10 10:17:53.696,0.81117,0.81126,1.00,1.20
2013.12.10 10:17:53.926,0.81111,0.81125,1.00,1.00
2013.12.10 10:17:54.078,0.81111,0.81121,1.00,1.00
2013.12.10 10:17:59.168,0.81111,0.81121,1.00,1.18
2013.12.10 10:18:00.264,0.81106,0.81121,1.00,1.18
2013.12.10 10:18:01.344,0.81106,0.81123,1.38,2.33
2013.12.10 10:18:01.495,0.81112,0.81125,1.00,1.00
2013.12.10 10:18:02.017,0.81112,0.81126,1.00,1.10
2013.12.10 10:18:02.254,0.81112,0.81124,1.00,1.00
2013.12.10 10:18:04.172,0.81117,0.81126,1.00,1.10
2013.12.10 10:18:08.128,0.81122,0.81134,1.00,1.13
2013.12.10 10:18:08.280,0.81122,0.81137,1.00,2.25
2013.12.10 10:18:08.588,0.81117,0.81133,4.95,1.00
2013.12.10 10:18:08.840,0.81117,0.81133,1.53,1.00
2013.12.10 10:18:10.567,0.81121,0.81134,1.00,1.00
2013.12.10 10:18:11.556,0.81117,0.81133,1.28,1.00
2013.12.10 10:18:17.403,0.81117,0.81133,1.18,1.50
2013.12.10 10:18:17.829,0.81121,0.81133,1.38,1.00
2013.12.10 10:18:18.031,0.81127,0.81143,1.00,1.58
2013.12.10 10:18:21.786,0.81126,0.81139,1.65,1.00
2013.12.10 10:18:21.988,0.81124,0.81139,1.95,1.00
2013.12.10 10:18:22.241,0.81124,0.81139,2.03,1.00
2013.12.10 10:18:22.414,0.81127,0.81141,1.00,1.00
2013.12.10 10:18:24.734,0.81127,0.81143,1.00,1.65
2013.12.10 10:18:25.317,0.81127,0.81142,1.00,1.00
2013.12.10 10:18:27.036,0.81122,0.81138,8.25,1.00
2013.12.10 10:18:27.137,0.81122,0.81138,3.53,1.00
2013.12.10 10:18:35.616,0.81127,0.81139,1.00,1.00
2013.12.10 10:18:36.823,0.81121,0.81139,1.28,1.50
2013.12.10 10:18:38.588,0.81121,0.81134,1.28,1.00
2013.12.10 10:18:38.740,0.81121,0.81134,1.10,1.00
2013.12.10 10:18:39.333,0.81117,0.81133,4.58,1.00
2013.12.10 10:18:40.888,0.81122,0.81134,1.00,1.00
2013.12.10 10:18:42.566,0.81123,0.81138,1.00,1.55
2013.12.10 10:18:42.616,0.81131,0.81141,1.00,3.08
2013.12.10 10:18:42.768,0.81131,0.81143,1.00,1.00
2013.12.10 10:18:42.919,0.81131,0.81145,1.00,1.00
2013.12.10 10:18:43.043,0.81126,0.81144,1.90,1.00
2013.12.10 10:18:43.715,0.81129,0.81144,1.95,1.00
2013.12.10 10:18:44.584,0.81132,0.81148,1.00,1.95
2013.12.10 10:18:48.694,0.81129,0.81143,1.65,1.00
2013.12.10 10:18:48.997,0.81129,0.81144,2.33,1.00
2013.12.10 10:18:49.350,0.81131,0.81147,1.18,1.38
2013.12.10 10:18:49.617,0.81131,0.81148,1.15,1.00
2013.12.10 10:18:49.869,0.81137,0.81148,1.00,1.00
2013.12.10 10:18:50.305,0.81131,0.81148,1.18,1.00
2013.12.10 10:18:50.355,0.81131,0.81146,1.18,1.00
2013.12.10 10:18:51.563,0.81131,0.81148,1.18,1.00
2013.12.10 10:18:51.714,0.81131,0.81148,1.10,1.10
2013.12.10 10:18:52.063,0.81127,0.81143,3.75,1.00
2013.12.10 10:18:53.362,0.81127,0.81143,1.28,1.00
2013.12.10 10:18:55.524,0.81127,0.81142,1.28,1.00
2013.12.10 10:18:55.625,0.81124,0.81138,6.00,1.00
2013.12.10 10:18:55.776,0.81123,0.81138,1.65,1.00
2013.12.10 10:18:56.363,0.81126,0.81139,1.10,1.00
2013.12.10 10:18:57.749,0.81126,0.81143,1.10,1.18
2013.12.10 10:18:58.281,0.81126,0.81141,1.00,1.13
2013.12.10 10:18:59.444,0.81126,0.81142,1.00,1.45
2013.12.10 10:18:59.599,0.81126,0.81138,1.00,1.00
2013.12.10 10:18:59.806,0.81117,0.81133,1.28,1.00
2013.12.10 10:19:05.237,0.81118,0.81133,4.20,1.00
2013.12.10 10:19:05.849,0.81121,0.81139,1.08,1.08
2013.12.10 10:19:06.373,0.81121,0.81139,1.15,1.50
2013.12.10 10:19:25.864,0.81127,0.81141,1.00,1.58
2013.12.10 10:19:27.643,0.81127,0.81143,3.45,1.38
2013.12.10 10:19:28.533,0.81127,0.81143,3.45,1.00
2013.12.10 10:19:29.224,0.81127,0.81143,1.58,1.00
2013.12.10 10:19:29.904,0.81127,0.81143,1.10,1.18
2013.12.10 10:19:30.484,0.81127,0.81143,1.00,1.18
2013.12.10 10:19:32.855,0.81127,0.81143,1.00,1.53
2013.12.10 10:19:33.119,0.81127,0.81138,1.00,1.10
2013.12.10 10:19:42.354,0.81121,0.81139,2.03,1.28
2013.12.10 10:19:42.455,0.81121,0.81139,1.95,3.45
2013.12.10 10:19:42.608,0.81117,0.81134,1.55,1.00
2013.12.10 10:19:43.252,0.81117,0.81134,1.55,1.00
2013.12.10 10:19:43.913,0.81117,0.81134,3.45,1.00
2013.12.10 10:19:44.333,0.81121,0.81137,1.20,1.10
2013.12.10 10:19:44.641,0.81121,0.81137,1.48,1.10
2013.12.10 10:19:44.691,0.81121,0.81139,1.55,1.20
2013.12.10 10:19:45.882,0.81121,0.81137,1.53,1.00
2013.12.10 10:19:46.336,0.81121,0.81137,1.00,1.00
2013.12.10 10:19:48.292,0.81121,0.81135,1.00,1.00
2013.12.10 10:19:48.606,0.81118,0.81133,1.08,1.00
2013.12.10 10:19:49.141,0.81118,0.81133,3.00,1.00
2013.12.10 10:19:49.191,0.81122,0.81135,1.10,1.00
2013.12.10 10:19:51.302,0.81118,0.81133,2.70,1.00
2013.12.10 10:19:51.453,0.81117,0.81133,1.53,1.00
2013.12.10 10:19:51.765,0.81119,0.81133,2.63,1.00
2013.12.10 10:19:52.032,0.81121,0.81139,1.55,1.48
2013.12.10 10:19:52.852,0.81121,0.81139,1.53,1.38
2013.12.10 10:19:53.046,0.81121,0.81139,1.53,1.00
2013.12.10 10:19:53.147,0.81126,0.8114,1.00,1.00
2013.12.10 10:19:53.363,0.81126,0.81142,1.00,1.10
2013.12.10 10:19:54.502,0.81126,0.81144,1.15,1.95
2013.12.10 10:20:02.384,0.81126,0.81142,1.15,1.00
2013.12.10 10:20:02.760,0.81125,0.81139,1.65,1.00
2013.12.10 10:20:05.353,0.81127,0.81142,1.18,1.00
2013.12.10 10:20:13.825,0.81127,0.81142,1.18,1.00
2013.12.10 10:20:14.592,0.81127,0.81142,3.08,1.00
2013.12.10 10:20:14.845,0.81132,0.81146,1.00,1.00
2013.12.10 10:20:14.907,0.81132,0.81146,3.00,1.00
2013.12.10 10:20:15.416,0.81136,0.81147,1.18,1.00
2013.12.10 10:20:15.964,0.81136,0.81148,1.18,1.00
2013.12.10 10:20:17.788,0.81136,0.81148,1.10,1.00
2013.12.10 10:20:25.489,0.81132,0.81148,2.78,1.50
2013.12.10 10:20:37.362,0.81132,0.81146,1.28,1.00
2013.12.10 10:20:37.463,0.81132,0.81146,1.20,1.00
2013.12.10 10:20:39.280,0.81132,0.81146,1.10,1.38
2013.12.10 10:20:39.342,0.81132,0.81143,1.10,1.00
2013.12.10 10:20:39.864,0.81132,0.81144,1.10,1.00
2013.12.10 10:20:40.401,0.81132,0.81147,1.48,1.38
2013.12.10 10:20:40.929,0.81132,0.81146,1.20,1.38
2013.12.10 10:20:41.510,0.81132,0.81146,1.28,1.38
2013.12.10 10:20:43.529,0.81132,0.81148,1.53,1.38
2013.12.10 10:20:43.736,0.81132,0.81148,2.78,1.00
2013.12.10 10:20:44.646,0.81136,0.81149,1.13,1.00
2013.12.10 10:20:44.999,0.81132,0.81147,1.38,1.00
2013.12.10 10:20:45.513,0.81132,0.81147,1.38,1.08
2013.12.10 10:20:46.058,0.81132,0.81148,1.48,1.58
2013.12.10 10:20:46.437,0.81137,0.81149,1.00,1.10
2013.12.10 10:20:50.392,0.81134,0.81148,1.95,1.00
2013.12.10 10:20:50.618,0.81137,0.81149,1.00,1.10
2013.12.10 10:20:51.642,0.81134,0.81148,1.95,1.00
2013.12.10 10:20:53.751,0.81132,0.81147,2.78,1.00
2013.12.10 10:20:59.682,0.81132,0.81147,1.53,1.00
2013.12.10 10:21:00.895,0.81132,0.81147,1.53,1.00
2013.12.10 10:21:05.382,0.81132,0.81147,1.53,1.00
2013.12.10 10:21:11.313,0.81132,0.81147,1.53,1.00
2013.12.10 10:21:20.152,0.81132,0.81148,1.53,1.00
2013.12.10 10:21:36.334,0.81136,0.81149,1.00,1.00
2013.12.10 10:21:39.051,0.81131,0.81149,1.28,1.50
2013.12.10 10:21:42.276,0.81131,0.81149,1.15,1.50
2013.12.10 10:21:42.350,0.81137,0.81149,1.00,1.00
2013.12.10 10:21:43.152,0.81131,0.81149,1.15,1.50
2013.12.10 10:21:45.100,0.81136,0.81149,1.00,1.00
2013.12.10 10:21:45.252,0.81132,0.81148,1.20,1.00
2013.12.10 10:21:45.355,0.81132,0.81145,1.00,1.00
2013.12.10 10:21:45.673,0.81136,0.81145,1.00,1.00
2013.12.10 10:21:47.233,0.81136,0.81148,1.00,1.10
2013.12.10 10:21:48.074,0.81131,0.81148,1.08,1.10
2013.12.10 10:21:48.125,0.81131,0.81145,1.08,1.00
2013.12.10 10:21:48.427,0.81131,0.81143,1.00,1.00
2013.12.10 10:21:50.092,0.81131,0.81146,1.00,1.08
2013.12.10 10:21:50.693,0.81131,0.81146,1.10,1.00
2013.12.10 10:21:51.845,0.81131,0.81145,1.10,1.00
2013.12.10 10:21:53.590,0.81131,0.81146,1.10,1.00
2013.12.10 10:21:58.870,0.81131,0.81147,1.10,1.00
2013.12.10 10:22:01.418,0.81136,0.81147,1.00,1.00
2013.12.10 10:22:02.261,0.81131,0.81147,1.10,1.00
2013.12.10 10:22:05.030,0.81131,0.81145,1.10,1.00
2013.12.10 10:22:05.607,0.81131,0.81145,1.00,1.18
2013.12.10 10:22:42.650,0.81131,0.81145,1.00,2.33
2013.12.10 10:22:59.274,0.81131,0.81141,1.00,1.00
2013.12.10 10:22:59.587,0.81131,0.8114,1.00,1.18
2013.12.10 10:23:00.041,0.81131,0.81144,1.00,1.65
2013.12.10 10:23:00.730,0.81131,0.81144,1.00,1.28
2013.12.10 10:23:08.541,0.81131,0.81144,1.00,1.13
2013.12.10 10:23:08.599,0.81136,0.81144,1.00,1.13
2013.12.10 10:23:09.415,0.81132,0.81145,1.00,1.48
2013.12.10 10:23:12.539,0.81132,0.81144,1.00,1.20
2013.12.10 10:23:16.293,0.81132,0.81145,1.00,1.50
2013.12.10 10:23:17.387,0.81132,0.81145,1.00,2.85
2013.12.10 10:23:17.898,0.81132,0.81145,1.00,3.00
2013.12.10 10:23:19.168,0.81137,0.81145,1.00,1.65
2013.12.10 10:23:19.270,0.81137,0.8115,1.00,1.28
2013.12.10 10:23:19.372,0.81137,0.8115,1.00,1.13
2013.12.10 10:23:22.802,0.81141,0.8115,1.00,1.00
2013.12.10 10:23:22.903,0.81141,0.81153,1.00,1.10
2013.12.10 10:23:23.054,0.81141,0.81155,1.00,1.20
2013.12.10 10:23:23.460,0.81141,0.81158,1.00,1.50
2013.12.10 10:23:23.921,0.81147,0.81156,1.00,1.00
2013.12.10 10:23:24.022,0.81147,0.8116,1.00,1.58
2013.12.10 10:23:24.073,0.81147,0.8116,1.00,1.58
2013.12.10 10:23:24.526,0.81147,0.81161,1.00,2.03
2013.12.10 10:23:24.881,0.81152,0.81162,1.00,2.03
2013.12.10 10:23:25.185,0.81156,0.81161,1.00,1.50
2013.12.10 10:23:25.286,0.81157,0.81168,1.00,1.58
2013.12.10 10:23:25.337,0.81152,0.81168,1.50,2.25
2013.12.10 10:23:25.387,0.81152,0.81167,1.50,1.58
2013.12.10 10:23:25.690,0.81152,0.81167,1.00,1.53
2013.12.10 10:23:26.005,0.81152,0.81165,1.00,1.28
2013.12.10 10:23:26.353,0.81157,0.81165,1.00,1.20
2013.12.10 10:23:26.404,0.81157,0.81165,1.00,1.00
2013.12.10 10:23:26.555,0.81157,0.81171,1.00,1.15
2013.12.10 10:23:26.706,0.81157,0.81171,1.00,3.45
2013.12.10 10:23:26.757,0.81152,0.81168,1.13,1.15
2013.12.10 10:23:26.807,0.81152,0.81168,1.13,1.15
2013.12.10 10:23:26.909,0.81149,0.81164,1.38,1.10
2013.12.10 10:23:27.010,0.81147,0.81164,1.13,1.08
2013.12.10 10:23:27.211,0.81147,0.81163,1.13,2.33
2013.12.10 10:23:27.413,0.81143,0.81159,1.00,1.10
2013.12.10 10:23:28.004,0.81142,0.81159,1.13,1.10
2013.12.10 10:23:28.517,0.81142,0.81159,1.38,1.10
2013.12.10 10:23:28.999,0.81141,0.81159,1.88,3.00
2013.12.10 10:23:29.509,0.81141,0.81159,1.50,3.08
2013.12.10 10:23:30.550,0.81141,0.81158,1.50,6.00
2013.12.10 10:23:30.872,0.81139,0.81153,1.00,1.15
2013.12.10 10:23:31.881,0.81139,0.81153,1.38,1.15
2013.12.10 10:23:31.983,0.81139,0.81153,1.38,1.00
2013.12.10 10:23:32.036,0.81139,0.81153,1.38,1.00
2013.12.10 10:23:32.086,0.81139,0.81153,1.90,1.00
2013.12.10 10:23:32.187,0.81148,0.81163,1.13,1.50
2013.12.10 10:23:32.288,0.81148,0.81163,1.20,1.50
2013.12.10 10:23:32.624,0.81146,0.81159,2.70,1.00
2013.12.10 10:23:32.775,0.81143,0.81159,1.28,1.00
2013.12.10 10:23:33.077,0.81143,0.81159,1.00,1.20
2013.12.10 10:23:33.707,0.81142,0.81159,1.00,1.20
2013.12.10 10:23:34.142,0.81143,0.81159,1.20,1.10
2013.12.10 10:23:34.307,0.81142,0.81159,1.20,1.10
2013.12.10 10:23:34.973,0.81143,0.81159,2.25,1.00
2013.12.10 10:23:35.230,0.81143,0.81159,1.18,1.10
2013.12.10 10:23:35.781,0.81144,0.81159,1.55,1.00
2013.12.10 10:23:36.097,0.81144,0.81159,1.55,1.00
2013.12.10 10:23:36.349,0.81144,0.81159,1.58,1.00
2013.12.10 10:23:36.870,0.81147,0.81163,1.00,2.78
2013.12.10 10:23:37.294,0.81147,0.81162,1.00,2.70
2013.12.10 10:23:38.512,0.81147,0.81161,1.00,2.70
2013.12.10 10:23:38.664,0.81139,0.81153,1.38,1.00
2013.12.10 10:23:39.016,0.81139,0.81153,1.00,1.38
2013.12.10 10:23:39.117,0.81141,0.81157,1.13,2.03
2013.12.10 10:23:40.330,0.81138,0.81154,1.38,1.53
2013.12.10 10:23:40.481,0.81138,0.81154,1.00,3.45
2013.12.10 10:23:41.808,0.81139,0.81154,1.00,3.08
2013.12.10 10:23:41.859,0.81141,0.81156,1.00,1.65
2013.12.10 10:23:42.060,0.81141,0.81157,1.00,3.83
2013.12.10 10:23:42.111,0.81137,0.81153,1.13,1.55
2013.12.10 10:23:42.853,0.81137,0.81153,1.88,1.53
2013.12.10 10:23:43.312,0.81137,0.81153,1.88,1.53
2013.12.10 10:23:43.614,0.81146,0.81161,1.00,4.20
2013.12.10 10:23:44.379,0.81146,0.81163,1.88,4.20
2013.12.10 10:23:44.581,0.81146,0.81162,1.88,2.03
2013.12.10 10:23:44.631,0.81151,0.81162,1.00,2.03
2013.12.10 10:23:45.149,0.81151,0.81162,1.00,2.03
2013.12.10 10:23:45.539,0.81154,0.81163,1.00,2.03
2013.12.10 10:23:48.050,0.81155,0.81163,1.00,1.95
2013.12.10 10:23:48.151,0.81151,0.81163,1.13,1.95
2013.12.10 10:23:48.454,0.81151,0.81166,1.38,2.33
2013.12.10 10:23:48.564,0.81151,0.81167,1.38,1.15
2013.12.10 10:23:48.715,0.81152,0.81168,1.38,1.65
2013.12.10 10:23:49.030,0.81155,0.81168,1.00,1.20
2013.12.10 10:23:49.081,0.81155,0.81168,1.38,1.18
2013.12.10 10:23:49.232,0.81157,0.8117,1.38,1.65
2013.12.10 10:23:49.841,0.81157,0.81173,1.50,1.18
2013.12.10 10:23:49.992,0.81155,0.81168,1.83,1.00
2013.12.10 10:23:50.363,0.81157,0.81173,1.38,1.18
2013.12.10 10:23:50.414,0.81157,0.81173,1.58,1.00
2013.12.10 10:23:50.666,0.81162,0.81176,1.00,1.65
2013.12.10 10:23:51.095,0.81157,0.81173,1.58,1.00
2013.12.10 10:23:51.361,0.81156,0.81168,1.28,1.00
2013.12.10 10:23:51.661,0.81154,0.81168,1.20,1.00
2013.12.10 10:23:51.917,0.81152,0.81168,1.20,1.10
2013.12.10 10:23:52.080,0.8115,0.81163,1.65,1.00
2013.12.10 10:23:52.484,0.81149,0.81163,1.00,1.10
2013.12.10 10:23:52.954,0.81148,0.81163,1.00,1.15
2013.12.10 10:23:53.373,0.81146,0.81159,1.00,1.00
2013.12.10 10:23:53.632,0.81144,0.81153,1.50,1.00
2013.12.10 10:23:53.885,0.81143,0.81159,1.85,1.10
2013.12.10 10:23:54.590,0.81142,0.81159,1.45,1.10
2013.12.10 10:23:54.641,0.81142,0.81153,1.08,1.00
2013.12.10 10:23:54.943,0.81139,0.81153,1.00,1.00
2013.12.10 10:23:57.901,0.81137,0.81153,1.88,1.00
2013.12.10 10:23:58.128,0.81137,0.81149,1.13,1.00
2013.12.10 10:24:00.329,0.81137,0.81153,1.88,1.00
2013.12.10 10:24:01.267,0.81137,0.81153,1.95,1.00
2013.12.10 10:24:05.260,0.81137,0.81153,1.08,1.08
2013.12.10 10:24:05.760,0.81136,0.81149,1.00,1.00
2013.12.10 10:24:10.762,0.81137,0.81149,1.00,1.20
2013.12.10 10:24:12.088,0.81136,0.81149,1.00,1.20
2013.12.10 10:24:12.391,0.81131,0.81147,1.38,2.33
2013.12.10 10:24:13.458,0.81131,0.81149,1.88,1.28
2013.12.10 10:24:13.511,0.81131,0.81147,1.88,1.65
2013.12.10 10:24:14.045,0.81131,0.81143,1.00,1.00
2013.12.10 10:24:14.546,0.81131,0.81143,1.00,1.08
2013.12.10 10:24:14.874,0.81131,0.81143,1.00,1.15
2013.12.10 10:24:15.075,0.81127,0.81142,1.88,2.33
2013.12.10 10:24:15.176,0.81127,0.81138,1.88,2.33
2013.12.10 10:24:15.679,0.81127,0.81138,1.00,2.33
2013.12.10 10:24:16.189,0.81122,0.81139,1.38,5.25
2013.12.10 10:24:22.134,0.81121,0.81139,1.00,5.25
2013.12.10 10:24:22.237,0.81121,0.81135,1.00,2.33
2013.12.10 10:24:22.695,0.81122,0.81138,1.00,4.50
2013.12.10 10:24:23.254,0.81121,0.81138,1.50,4.50
2013.12.10 10:24:23.802,0.8112,0.81133,1.00,1.00
2013.12.10 10:24:24.018,0.81119,0.81133,1.13,1.15
2013.12.10 10:24:25.317,0.81117,0.8113,1.38,2.33
2013.12.10 10:24:25.996,0.81118,0.81132,1.38,2.33
2013.12.10 10:24:26.309,0.81121,0.81136,1.00,6.00
2013.12.10 10:24:26.856,0.81121,0.81131,1.00,2.33
2013.12.10 10:24:26.957,0.81121,0.81134,1.00,3.08
2013.12.10 10:24:32.855,0.81121,0.81137,1.00,3.83
2013.12.10 10:24:34.330,0.81117,0.81133,1.88,1.10
2013.12.10 10:24:34.908,0.81122,0.81136,1.00,1.65
2013.12.10 10:24:37.099,0.81117,0.81134,1.00,1.18
2013.12.10 10:24:39.581,0.81117,0.81134,1.28,1.10
2013.12.10 10:24:39.926,0.81121,0.81138,1.50,2.33
2013.12.10 10:24:40.504,0.81121,0.81137,1.50,2.33
2013.12.10 10:24:43.045,0.81121,0.81139,1.50,1.28
2013.12.10 10:24:43.159,0.81121,0.81137,1.50,2.33
2013.12.10 10:24:49.031,0.81121,0.81139,1.58,3.45
2013.12.10 10:24:49.082,0.81126,0.8114,1.00,3.45
2013.12.10 10:24:53.798,0.81122,0.81139,1.00,1.15
2013.12.10 10:24:54.334,0.81121,0.81139,1.13,2.40
2013.12.10 10:24:54.545,0.81121,0.81136,1.13,2.33
2013.12.10 10:25:00.328,0.8112,0.81134,1.38,1.15
2013.12.10 10:25:00.429,0.8112,0.81134,1.38,1.10
2013.12.10 10:25:02.282,0.8112,0.81134,1.00,1.10
2013.12.10 10:25:04.781,0.8112,0.81134,1.00,1.15
2013.12.10 10:25:12.269,0.8112,0.81134,1.00,1.15
2013.12.10 10:25:12.471,0.81115,0.81128,1.00,1.00
2013.12.10 10:25:13.108,0.81114,0.81128,1.13,1.08
2013.12.10 10:25:16.279,0.81114,0.81128,1.13,1.10
2013.12.10 10:25:19.058,0.81116,0.81132,1.00,2.33
2013.12.10 10:25:19.657,0.81114,0.81128,1.00,1.10
2013.12.10 10:25:20.818,0.81116,0.81132,1.00,2.33
2013.12.10 10:25:25.355,0.81116,0.81134,1.10,3.83
2013.12.10 10:25:25.473,0.81116,0.81134,1.10,1.65
2013.12.10 10:25:26.672,0.81114,0.81129,1.15,1.00
2013.12.10 10:25:30.148,0.81111,0.81129,2.03,1.08
2013.12.10 10:25:31.769,0.81111,0.81129,1.65,1.00
2013.12.10 10:25:32.071,0.81116,0.81134,1.00,1.65
2013.12.10 10:25:32.222,0.81116,0.81134,1.15,1.50
2013.12.10 10:25:32.323,0.81116,0.81134,3.08,1.50
2013.12.10 10:25:32.897,0.81116,0.81134,1.15,1.00
2013.12.10 10:25:32.947,0.81116,0.81134,1.08,1.08
2013.12.10 10:25:33.554,0.81116,0.81134,1.15,1.00
2013.12.10 10:25:34.140,0.81122,0.81138,1.50,1.53
2013.12.10 10:25:34.291,0.81122,0.81138,1.58,1.10
2013.12.10 10:25:34.342,0.81126,0.81138,1.00,1.10
2013.12.10 10:25:34.392,0.81126,0.81144,1.50,1.53
2013.12.10 10:25:34.493,0.81126,0.81138,1.20,1.00
2013.12.10 10:25:35.159,0.81128,0.81144,1.00,1.15
2013.12.10 10:25:35.858,0.81127,0.81144,1.00,1.15
2013.12.10 10:25:37.118,0.81127,0.81138,1.00,1.00
2013.12.10 10:25:37.879,0.81128,0.81138,1.00,1.00
2013.12.10 10:25:38.408,0.81127,0.81138,1.00,1.00
2013.12.10 10:25:39.021,0.81128,0.81138,1.00,1.00
2013.12.10 10:25:39.122,0.81128,0.81144,1.00,1.20
2013.12.10 10:25:39.273,0.81126,0.81144,1.28,1.20
2013.12.10 10:25:40.472,0.81126,0.81144,1.28,1.10
2013.12.10 10:25:48.579,0.81126,0.81139,1.28,1.00
2013.12.10 10:25:49.099,0.81125,0.81139,1.65,1.00
2013.12.10 10:25:49.351,0.81127,0.81143,1.10,1.10
2013.12.10 10:25:49.552,0.81126,0.81139,1.20,1.00
2013.12.10 10:25:49.885,0.81128,0.81143,1.00,1.10
2013.12.10 10:25:49.936,0.81128,0.81143,1.00,1.08
2013.12.10 10:25:50.143,0.81128,0.81143,1.00,1.15
2013.12.10 10:25:50.750,0.81127,0.81143,1.10,1.08
2013.12.10 10:25:57.038,0.81127,0.81143,1.20,1.00
2013.12.10 10:26:02.042,0.81129,0.81143,1.00,1.00
2013.12.10 10:26:03.584,0.81127,0.81143,1.10,1.00
2013.12.10 10:26:04.097,0.81127,0.81143,1.58,1.08
2013.12.10 10:26:04.147,0.81125,0.81138,1.18,1.00
2013.12.10 10:26:04.938,0.81127,0.81143,1.58,1.08
2013.12.10 10:26:05.621,0.81127,0.81143,1.58,1.00
2013.12.10 10:26:16.792,0.81127,0.81138,1.00,1.00
2013.12.10 10:26:16.893,0.81127,0.81143,1.50,1.20
2013.12.10 10:26:17.145,0.81127,0.81138,1.00,1.00
2013.12.10 10:26:28.124,0.81127,0.81144,1.00,1.28
2013.12.10 10:26:28.730,0.81127,0.81144,1.00,1.18
2013.12.10 10:26:31.534,0.81127,0.81144,1.00,1.18
2013.12.10 10:26:39.608,0.81127,0.81144,1.00,3.08
2013.12.10 10:26:41.331,0.81127,0.81138,1.00,1.00
2013.12.10 10:26:42.418,0.81125,0.81138,1.10,1.00
2013.12.10 10:26:42.519,0.81127,0.81143,1.00,1.15
2013.12.10 10:26:45.466,0.81127,0.81143,1.00,3.08
2013.12.10 10:26:51.108,0.81127,0.81142,1.00,2.33
2013.12.10 10:26:51.842,0.81127,0.81143,1.00,3.08
2013.12.10 10:26:53.365,0.81127,0.81141,1.00,2.33
2013.12.10 10:26:53.550,0.81121,0.81138,2.25,2.33
2013.12.10 10:26:55.656,0.81121,0.81139,2.25,1.15
2013.12.10 10:26:55.769,0.81121,0.81139,2.40,1.15
2013.12.10 10:26:55.970,0.81124,0.81139,1.38,1.15
2013.12.10 10:26:56.514,0.81127,0.81139,1.00,1.00
2013.12.10 10:26:56.752,0.81127,0.81144,1.00,1.15
2013.12.10 10:26:57.262,0.81126,0.81144,1.50,1.15
2013.12.10 10:26:57.593,0.81126,0.81142,1.50,2.25
2013.12.10 10:27:02.273,0.81126,0.81139,1.00,1.08
2013.12.10 10:27:02.374,0.81124,0.81139,1.00,1.15
2013.12.10 10:27:02.576,0.81124,0.81134,1.00,1.00
2013.12.10 10:27:02.778,0.81124,0.81138,1.00,1.15
2013.12.10 10:27:03.446,0.81123,0.81138,1.00,1.15
2013.12.10 10:27:04.106,0.81126,0.81141,1.00,4.50
2013.12.10 10:27:04.638,0.81126,0.81142,1.00,2.33
2013.12.10 10:27:04.996,0.81127,0.81144,1.00,5.25
2013.12.10 10:27:05.590,0.81127,0.81144,1.00,1.15
2013.12.10 10:27:06.506,0.81126,0.81144,1.10,1.15
2013.12.10 10:27:07.026,0.81127,0.81144,1.00,5.25
2013.12.10 10:27:07.685,0.81126,0.81144,1.50,5.25
2013.12.10 10:27:07.937,0.81126,0.81141,1.50,2.33
2013.12.10 10:27:12.968,0.81126,0.81144,1.50,1.15
2013.12.10 10:27:24.798,0.81126,0.81144,1.58,1.18
2013.12.10 10:27:24.899,0.81126,0.81144,1.65,1.00
2013.12.10 10:27:25.201,0.81132,0.81144,1.00,1.00
2013.12.10 10:27:25.346,0.81132,0.81149,1.00,1.58
2013.12.10 10:27:25.888,0.81127,0.81143,4.20,1.00
2013.12.10 10:27:25.989,0.81127,0.81143,1.65,1.00
2013.12.10 10:27:27.009,0.81127,0.81143,1.50,1.15
2013.12.10 10:27:27.517,0.81127,0.81143,1.00,1.15
2013.12.10 10:27:30.385,0.81124,0.81139,1.00,1.00
2013.12.10 10:27:34.521,0.81124,0.81139,1.00,1.18
2013.12.10 10:27:38.087,0.81127,0.81141,1.00,2.33
2013.12.10 10:27:39.593,0.81127,0.81143,1.00,1.15
2013.12.10 10:27:40.001,0.81126,0.81139,1.00,1.08
2013.12.10 10:27:40.152,0.81122,0.81139,1.13,1.15
2013.12.10 10:27:40.254,0.81121,0.81139,1.38,1.65
2013.12.10 10:27:41.962,0.81121,0.81139,1.38,3.83
2013.12.10 10:27:42.310,0.81121,0.81139,1.38,1.65
2013.12.10 10:27:42.879,0.81122,0.81139,1.13,1.18
2013.12.10 10:27:42.946,0.81122,0.81139,1.20,1.08
2013.12.10 10:27:43.534,0.81123,0.81139,1.15,1.00
2013.12.10 10:27:44.059,0.81121,0.81139,1.88,1.18
2013.12.10 10:27:46.513,0.81121,0.81139,2.03,1.10
2013.12.10 10:27:47.314,0.81121,0.81133,1.53,1.00
2013.12.10 10:27:47.954,0.81121,0.81133,1.38,1.00
2013.12.10 10:27:48.994,0.81121,0.81133,1.00,1.00
2013.12.10 10:27:50.338,0.81121,0.81133,1.18,1.00
2013.12.10 10:27:50.644,0.81123,0.81139,1.18,1.13
2013.12.10 10:27:51.049,0.81124,0.81134,1.10,1.00
2013.12.10 10:27:51.208,0.81121,0.81139,1.65,1.13
2013.12.10 10:27:52.825,0.81121,0.81134,1.15,1.00
2013.12.10 10:27:53.468,0.81121,0.81134,1.18,1.00
2013.12.10 10:27:53.541,0.81121,0.81134,1.20,1.00
2013.12.10 10:27:53.944,0.81122,0.81138,1.00,1.00
2013.12.10 10:27:55.364,0.8112,0.81134,1.15,1.00
2013.12.10 10:27:55.585,0.81121,0.81139,1.65,1.65
2013.12.10 10:27:56.184,0.81121,0.81139,1.65,1.65
2013.12.10 10:27:57.157,0.81121,0.81139,5.33,1.13
2013.12.10 10:27:57.262,0.81121,0.81139,1.65,1.13
2013.12.10 10:27:57.313,0.81124,0.81139,1.00,1.13
2013.12.10 10:28:02.256,0.81121,0.81139,3.83,1.13
2013.12.10 10:28:02.560,0.81127,0.81143,1.00,1.65
2013.12.10 10:28:02.610,0.81127,0.81143,1.00,1.65
2013.12.10 10:28:03.656,0.81127,0.81143,1.18,1.00
2013.12.10 10:28:04.197,0.81127,0.81143,1.15,1.00
2013.12.10 10:28:05.597,0.81131,0.81146,1.00,1.28
2013.12.10 10:28:06.100,0.81131,0.81149,1.15,1.38
2013.12.10 10:28:13.626,0.81136,0.81152,1.00,1.53
2013.12.10 10:28:13.676,0.81136,0.81152,1.00,1.28
2013.12.10 10:28:15.806,0.81136,0.81154,1.00,1.55
2013.12.10 10:28:15.957,0.81133,0.81148,1.28,1.00
2013.12.10 10:28:16.057,0.81137,0.81153,1.00,1.48
2013.12.10 10:28:19.176,0.81132,0.81148,3.53,1.00
2013.12.10 10:28:19.580,0.81132,0.81148,1.00,1.08
2013.12.10 10:28:20.380,0.81131,0.81143,1.10,1.00
2013.12.10 10:28:20.797,0.81128,0.81143,1.18,1.00
2013.12.10 10:28:21.319,0.81127,0.81143,1.65,1.10
2013.12.10 10:28:21.916,0.81127,0.81143,1.18,1.00
2013.12.10 10:28:22.117,0.81127,0.81143,1.00,1.20
2013.12.10 10:28:24.122,0.81124,0.81138,1.15,1.00
2013.12.10 10:28:24.633,0.81123,0.81138,1.28,1.00
2013.12.10 10:28:28.263,0.81123,0.81138,1.20,1.00
2013.12.10 10:28:28.621,0.81119,0.81134,1.65,1.00
2013.12.10 10:28:28.671,0.81118,0.81134,1.15,1.00
2013.12.10 10:28:28.823,0.81118,0.81134,1.20,1.00
2013.12.10 10:28:30.185,0.81119,0.81134,1.00,1.00
2013.12.10 10:28:30.488,0.81119,0.81129,1.20,1.00
2013.12.10 10:28:31.256,0.81117,0.81133,1.15,1.00
2013.12.10 10:28:31.752,0.81119,0.81134,1.18,1.00
2013.12.10 10:28:33.125,0.81119,0.81133,1.15,1.00
2013.12.10 10:28:33.226,0.81118,0.81133,1.08,1.00
2013.12.10 10:28:33.612,0.81118,0.81133,1.00,1.08
2013.12.10 10:28:33.814,0.81114,0.81129,1.28,1.00
2013.12.10 10:28:41.822,0.81117,0.81133,1.00,1.65
2013.12.10 10:28:42.124,0.81119,0.81133,1.20,1.00
2013.12.10 10:28:42.496,0.81119,0.81133,1.18,1.00
2013.12.10 10:28:48.647,0.81119,0.81129,1.15,1.00
2013.12.10 10:28:48.697,0.81119,0.81129,1.10,1.00
2013.12.10 10:28:48.748,0.81116,0.81134,1.28,1.20
2013.12.10 10:28:48.899,0.81117,0.81128,1.15,1.00
2013.12.10 10:28:49.000,0.81117,0.81133,1.65,1.00
2013.12.10 10:28:49.202,0.81117,0.81128,1.15,1.00
2013.12.10 10:28:49.252,0.81117,0.81128,1.18,1.00
2013.12.10 10:28:49.303,0.81117,0.81133,1.65,1.00
2013.12.10 10:28:49.504,0.81117,0.81133,1.65,1.00
2013.12.10 10:28:49.656,0.81118,0.81133,1.10,1.00
2013.12.10 10:28:49.809,0.81118,0.81133,1.15,1.00
2013.12.10 10:28:54.755,0.81119,0.81133,2.33,1.00
2013.12.10 10:28:54.907,0.81122,0.81138,1.00,1.08
2013.12.10 10:28:55.235,0.81122,0.81138,1.15,1.00
2013.12.10 10:28:55.545,0.81123,0.81138,2.33,1.00
2013.12.10 10:28:55.847,0.81125,0.81138,2.33,1.00
2013.12.10 10:28:56.128,0.81126,0.81141,1.15,1.00
2013.12.10 10:28:56.229,0.81123,0.81139,2.33,1.00
2013.12.10 10:28:56.505,0.81123,0.81139,1.15,1.00
2013.12.10 10:28:57.022,0.81123,0.81139,1.15,1.00
2013.12.10 10:28:57.916,0.81126,0.81144,1.00,1.15
2013.12.10 10:28:58.016,0.81126,0.81144,1.15,1.20
2013.12.10 10:28:58.484,0.81128,0.81144,1.08,1.10
2013.12.10 10:28:59.003,0.8113,0.81144,1.13,1.00
2013.12.10 10:29:02.021,0.81129,0.81144,1.00,1.00
2013.12.10 10:29:02.562,0.81127,0.81144,1.15,1.00
2013.12.10 10:29:08.678,0.81127,0.81138,1.08,1.00
2013.12.10 10:29:08.879,0.81125,0.81138,1.20,1.00
2013.12.10 10:29:10.997,0.81122,0.81133,1.53,1.00
2013.12.10 10:29:11.886,0.81121,0.81129,4.50,1.00
2013.12.10 10:29:11.937,0.81118,0.81129,1.65,1.00
2013.12.10 10:29:12.400,0.81116,0.81129,1.08,1.00
2013.12.10 10:29:13.087,0.81119,0.81133,1.00,1.20
2013.12.10 10:29:13.679,0.81119,0.81133,1.18,1.00
2013.12.10 10:29:14.188,0.81119,0.81133,1.15,1.00
2013.12.10 10:29:14.899,0.81119,0.81133,1.15,1.00
2013.12.10 10:29:17.386,0.81122,0.81138,1.58,1.00
2013.12.10 10:29:18.093,0.81122,0.81138,1.65,1.00
2013.12.10 10:29:20.244,0.81122,0.81134,1.00,1.00
2013.12.10 10:29:22.106,0.81121,0.81137,1.18,1.00
2013.12.10 10:29:23.284,0.81121,0.81139,1.18,1.00
2013.12.10 10:29:23.335,0.81126,0.81141,1.00,1.55
2013.12.10 10:29:23.637,0.81126,0.81144,1.00,1.55
2013.12.10 10:29:23.738,0.81126,0.81144,1.18,1.45
2013.12.10 10:29:26.485,0.81126,0.81144,1.20,1.45
2013.12.10 10:29:28.227,0.81126,0.81144,1.08,1.58
2013.12.10 10:29:31.362,0.81123,0.81138,2.33,1.00
2013.12.10 10:29:32.012,0.81122,0.81138,3.83,1.00
2013.12.10 10:29:32.903,0.81126,0.81144,1.10,1.65
2013.12.10 10:29:34.332,0.81122,0.81139,3.08,1.00
2013.12.10 10:29:34.484,0.81122,0.81139,1.18,1.10
2013.12.10 10:29:34.863,0.81127,0.81142,1.00,1.53
2013.12.10 10:29:35.344,0.81122,0.81138,1.65,1.00
2013.12.10 10:29:37.935,0.81122,0.81138,1.18,1.38
2013.12.10 10:29:38.444,0.81122,0.81138,1.10,1.45
2013.12.10 10:29:48.871,0.81122,0.81138,1.18,1.13
2013.12.10 10:29:56.164,0.81122,0.81138,1.18,1.38
2013.12.10 10:29:58.355,0.81122,0.81138,1.18,1.00
2013.12.10 10:29:58.406,0.8112,0.81134,1.28,1.00
2013.12.10 10:29:58.733,0.81122,0.81138,1.18,1.00
2013.12.10 10:29:58.843,0.8112,0.81133,1.28,1.00
2013.12.10 10:29:59.401,0.81121,0.81139,1.15,1.88
2013.12.10 10:29:59.505,0.8112,0.81133,1.28,1.00
2013.12.10 10:30:00.385,0.81122,0.81138,1.18,1.00
2013.12.10 10:30:00.493,0.8112,0.81133,1.28,1.00
2013.12.10 10:30:01.044,0.81122,0.81138,1.18,1.00
2013.12.10 10:30:01.152,0.8112,0.81133,1.28,1.00
2013.12.10 10:30:01.375,0.81122,0.81138,1.18,1.00
2013.12.10 10:30:01.484,0.8112,0.81134,1.28,1.00
2013.12.10 10:30:02.035,0.81121,0.81139,1.15,1.88
2013.12.10 10:30:02.145,0.8112,0.81134,1.28,1.00
2013.12.10 10:30:02.804,0.81121,0.81139,1.15,1.88
2013.12.10 10:30:02.916,0.81121,0.81134,1.15,1.00
2013.12.10 10:30:03.138,0.81122,0.81138,1.18,1.00
2013.12.10 10:30:03.244,0.81121,0.81134,1.15,1.00
2013.12.10 10:30:05.627,0.81121,0.81134,1.15,1.00
2013.12.10 10:30:06.657,0.81122,0.81138,1.10,1.08
2013.12.10 10:30:07.099,0.81126,0.81141,1.00,3.08
2013.12.10 10:30:07.150,0.81126,0.81141,1.13,1.18
2013.12.10 10:30:07.251,0.81126,0.81144,1.13,2.78
2013.12.10 10:30:07.764,0.81126,0.81144,1.13,3.45
2013.12.10 10:30:10.890,0.81124,0.81138,1.45,1.00
2013.12.10 10:30:11.165,0.81127,0.81143,1.00,1.20
2013.12.10 10:30:11.679,0.81127,0.81143,1.10,1.08
2013.12.10 10:30:12.065,0.81124,0.81138,2.78,1.00
2013.12.10 10:30:13.612,0.81127,0.81143,1.10,1.08
2013.12.10 10:30:13.916,0.81125,0.81138,1.00,1.00
2013.12.10 10:30:14.363,0.81126,0.81144,1.00,1.15
2013.12.10 10:30:15.125,0.81126,0.81144,1.10,1.18
2013.12.10 10:30:22.352,0.81124,0.81139,1.28,1.00
2013.12.10 10:30:22.453,0.81121,0.81139,2.03,1.00
2013.12.10 10:30:22.654,0.81127,0.81141,1.00,1.18
2013.12.10 10:30:22.755,0.81127,0.81143,1.00,1.00
2013.12.10 10:30:22.865,0.81127,0.81143,1.00,1.18
2013.12.10 10:30:26.325,0.81128,0.81143,1.00,1.18
2013.12.10 10:30:26.376,0.81128,0.81143,1.15,1.00
2013.12.10 10:30:26.477,0.81131,0.81149,1.00,4.20
2013.12.10 10:30:26.861,0.81128,0.81143,1.10,1.00
2013.12.10 10:30:28.756,0.81127,0.81143,1.10,1.18
2013.12.10 10:30:31.031,0.81127,0.81143,1.10,1.00
2013.12.10 10:30:39.287,0.81127,0.81143,1.65,1.00
2013.12.10 10:30:40.163,0.81131,0.81149,1.00,2.78
2013.12.10 10:30:40.363,0.81129,0.81143,1.20,1.00
2013.12.10 10:30:50.447,0.81127,0.81143,1.00,1.20
2013.12.10 10:30:50.618,0.81127,0.81143,1.00,1.15
2013.12.10 10:30:59.799,0.81127,0.81143,1.00,2.03
2013.12.10 10:30:59.849,0.81121,0.81139,1.18,1.00
2013.12.10 10:30:59.950,0.81121,0.81139,1.55,1.00
2013.12.10 10:31:00.252,0.81127,0.81139,1.00,1.00
2013.12.10 10:31:00.304,0.81125,0.81139,1.20,1.00
2013.12.10 10:31:00.837,0.81122,0.81139,1.58,1.00
2013.12.10 10:31:01.417,0.81124,0.81139,1.28,1.00
2013.12.10 10:31:19.498,0.81121,0.81139,1.65,1.00
2013.12.10 10:31:20.019,0.81121,0.81139,1.18,1.08
2013.12.10 10:31:20.120,0.81121,0.81138,1.10,1.43
2013.12.10 10:31:20.422,0.81117,0.81133,1.00,1.53
2013.12.10 10:31:20.731,0.81117,0.81131,1.00,2.25
2013.12.10 10:31:22.387,0.81113,0.81128,1.00,1.18
2013.12.10 10:31:31.836,0.81113,0.81128,1.15,1.00
2013.12.10 10:31:31.886,0.81117,0.81133,1.00,1.88
2013.12.10 10:31:34.470,0.81117,0.81133,1.50,1.00
2013.12.10 10:31:34.521,0.81117,0.81128,1.00,1.00
2013.12.10 10:31:38.123,0.81117,0.81134,1.00,1.20
2013.12.10 10:31:40.433,0.81117,0.81134,1.00,1.48
2013.12.10 10:31:40.942,0.81116,0.81134,1.00,1.53
2013.12.10 10:31:41.093,0.81116,0.81133,1.00,2.70
2013.12.10 10:31:42.403,0.81116,0.81134,1.00,2.78
2013.12.10 10:31:50.253,0.81113,0.81129,1.15,1.00
2013.12.10 10:31:59.411,0.81111,0.81129,1.28,1.65
2013.12.10 10:31:59.512,0.81107,0.81123,2.25,1.00
2013.12.10 10:31:59.613,0.81107,0.81123,1.58,1.00
2013.12.10 10:31:59.923,0.81107,0.81123,1.10,1.10
2013.12.10 10:32:00.686,0.81112,0.81127,1.00,2.70
2013.12.10 10:32:01.115,0.81107,0.81123,1.10,1.10
2013.12.10 10:32:04.541,0.81109,0.81123,1.00,1.10
2013.12.10 10:32:04.997,0.81115,0.81124,1.00,1.08
2013.12.10 10:32:05.160,0.81115,0.81123,1.00,1.00
2013.12.10 10:32:05.699,0.81114,0.81123,1.00,1.00
2013.12.10 10:32:10.613,0.81114,0.81129,1.00,1.53
2013.12.10 10:32:10.815,0.81114,0.81129,1.00,1.58
2013.12.10 10:32:11.625,0.81113,0.81129,1.00,1.58
2013.12.10 10:32:12.176,0.81116,0.81129,1.00,1.00
2013.12.10 10:32:12.683,0.81115,0.81123,1.00,1.00
2013.12.10 10:32:13.138,0.81115,0.81128,1.00,1.00
2013.12.10 10:32:13.390,0.81115,0.81123,1.00,1.00
2013.12.10 10:32:13.908,0.81113,0.81123,1.00,1.00
2013.12.10 10:32:14.552,0.81113,0.81129,1.00,1.55
2013.12.10 10:32:16.219,0.81113,0.81123,1.00,1.00
2013.12.10 10:32:18.841,0.81113,0.81129,1.00,1.55
2013.12.10 10:32:19.611,0.81113,0.81124,1.00,1.00
2013.12.10 10:32:20.942,0.81113,0.81128,1.00,1.48
2013.12.10 10:32:23.462,0.81115,0.81128,1.00,1.48
2013.12.10 10:32:26.431,0.81114,0.81128,1.00,1.53
2013.12.10 10:32:27.153,0.81114,0.81128,1.00,1.58
2013.12.10 10:32:27.875,0.81114,0.81124,1.00,1.00
2013.12.10 10:32:29.856,0.81109,0.81124,1.00,1.00
2013.12.10 10:32:29.958,0.81109,0.81124,1.00,1.38
2013.12.10 10:32:30.281,0.81103,0.81118,2.03,1.00
2013.12.10 10:32:30.382,0.81104,0.81118,1.58,1.00
2013.12.10 10:32:30.845,0.81102,0.81114,1.08,1.00
2013.12.10 10:32:30.895,0.81102,0.81114,1.10,1.00
2013.12.10 10:32:31.277,0.81102,0.81118,1.58,1.48
2013.12.10 10:32:31.784,0.81102,0.81118,1.58,1.20
2013.12.10 10:32:32.394,0.81105,0.81118,1.00,1.10
2013.12.10 10:32:34.268,0.81104,0.81118,1.20,1.00
2013.12.10 10:32:35.088,0.81105,0.81118,1.00,1.00
2013.12.10 10:32:41.944,0.81102,0.81118,2.40,1.00
2013.12.10 10:32:42.045,0.81102,0.81118,1.10,1.13
2013.12.10 10:32:42.608,0.81102,0.81118,1.00,1.55
2013.12.10 10:32:44.381,0.81102,0.81118,1.00,3.83
2013.12.10 10:32:44.812,0.81097,0.81113,3.15,1.00
2013.12.10 10:32:45.026,0.81097,0.81113,1.58,1.00
2013.12.10 10:32:45.763,0.81097,0.81108,1.00,1.00
2013.12.10 10:32:59.170,0.81097,0.81113,1.50,1.00
2013.12.10 10:33:00.490,0.81102,0.81118,1.00,6.00
2013.12.10 10:33:07.570,0.81099,0.81114,1.00,1.10
2013.12.10 10:33:11.849,0.81097,0.81114,1.08,1.10
2013.12.10 10:33:14.758,0.81101,0.81118,1.00,2.70
2013.12.10 10:33:15.261,0.81097,0.81113,2.03,1.00
2013.12.10 10:33:15.564,0.81101,0.81113,1.15,1.00
2013.12.10 10:33:16.664,0.81099,0.81113,1.15,1.00
2013.12.10 10:33:28.361,0.81097,0.81113,1.28,1.00
2013.12.10 10:33:28.463,0.81097,0.81113,1.28,1.00
2013.12.10 10:33:35.171,0.81099,0.81113,1.00,1.00
2013.12.10 10:33:35.360,0.81099,0.81113,1.08,1.00
2013.12.10 10:33:37.640,0.81102,0.81118,1.10,1.48
2013.12.10 10:33:39.311,0.81102,0.81118,1.00,3.45
2013.12.10 10:33:41.799,0.81097,0.81114,1.38,1.20
2013.12.10 10:33:42.443,0.81097,0.81114,1.13,1.20
2013.12.10 10:33:43.204,0.81097,0.81114,1.28,1.10
2013.12.10 10:33:49.613,0.81097,0.81114,1.00,1.20
2013.12.10 10:33:57.828,0.81098,0.81114,1.00,1.20
2013.12.10 10:33:59.330,0.81098,0.81114,1.38,1.20
2013.12.10 10:33:59.938,0.81098,0.81114,1.10,1.00
2013.12.10 10:34:00.486,0.81098,0.81114,1.55,1.00
2013.12.10 10:34:02.348,0.81098,0.81114,1.53,1.00
2013.12.10 10:34:03.015,0.81101,0.81114,1.00,1.00
2013.12.10 10:34:03.116,0.81102,0.81118,1.00,1.18
2013.12.10 10:34:03.903,0.81101,0.81114,1.13,1.00
2013.12.10 10:34:04.004,0.81096,0.81114,3.53,1.00
2013.12.10 10:34:04.104,0.81096,0.81114,3.53,1.20
2013.12.10 10:34:04.155,0.81096,0.81114,2.03,1.20
2013.12.10 10:34:04.948,0.81096,0.81114,2.03,1.20
2013.12.10 10:34:09.059,0.81096,0.81114,2.03,1.20
2013.12.10 10:34:10.502,0.81096,0.81114,2.03,1.20
2013.12.10 10:34:11.082,0.81096,0.81108,1.58,1.00
2013.12.10 10:34:11.601,0.81096,0.81108,1.58,1.00
2013.12.10 10:34:11.752,0.81096,0.81109,1.58,1.00
2013.12.10 10:34:12.400,0.81096,0.81109,1.28,1.00
2013.12.10 10:34:12.678,0.81091,0.81109,1.93,1.10
2013.12.10 10:34:14.242,0.81091,0.81109,1.58,1.20
2013.12.10 10:34:16.360,0.81091,0.81109,1.58,1.20
2013.12.10 10:34:17.163,0.81091,0.81109,1.58,1.20
2013.12.10 10:34:17.662,0.81091,0.81109,1.58,1.20
2013.12.10 10:34:18.584,0.8109,0.81104,1.53,1.00
2013.12.10 10:34:19.143,0.8109,0.81104,1.15,1.00
2013.12.10 10:34:21.275,0.81086,0.81104,4.95,1.00
2013.12.10 10:34:21.577,0.81089,0.81104,2.33,1.00
2013.12.10 10:34:21.881,0.81091,0.81109,3.08,1.38
2013.12.10 10:34:22.223,0.8109,0.81103,1.15,1.00
2013.12.10 10:34:22.470,0.81092,0.81108,1.18,1.38
2013.12.10 10:34:23.104,0.81092,0.81108,1.15,1.38
2013.12.10 10:34:24.569,0.81092,0.81108,1.15,1.00
2013.12.10 10:34:24.670,0.81092,0.81108,4.20,1.00
2013.12.10 10:34:24.872,0.81097,0.81112,1.00,1.00
2013.12.10 10:34:28.108,0.81097,0.81113,1.88,1.10
2013.12.10 10:34:28.563,0.81097,0.81113,1.95,1.00
2013.12.10 10:34:28.865,0.81097,0.81108,2.33,1.00
2013.12.10 10:34:28.983,0.81095,0.81108,5.25,1.00
2013.12.10 10:34:29.135,0.81094,0.81108,1.53,1.00
2013.12.10 10:34:32.120,0.81092,0.81108,2.03,1.00
2013.12.10 10:34:32.372,0.81095,0.81108,1.28,1.00
2013.12.10 10:34:32.674,0.81095,0.81108,1.15,1.00
2013.12.10 10:34:34.720,0.81096,0.81114,1.20,1.58
2013.12.10 10:34:35.759,0.81096,0.81114,1.20,1.28
2013.12.10 10:34:36.580,0.81096,0.81113,1.20,1.00
2013.12.10 10:34:36.732,0.81092,0.81108,7.13,1.00
2013.12.10 10:34:38.528,0.81093,0.81108,4.50,1.00
2013.12.10 10:34:38.834,0.81095,0.81108,2.33,1.00
2013.12.10 10:34:39.389,0.81094,0.81108,2.33,1.00
2013.12.10 10:34:45.670,0.81095,0.81108,2.33,1.00
2013.12.10 10:34:49.290,0.81092,0.81108,4.58,1.00
2013.12.10 10:34:49.877,0.81092,0.81108,1.65,1.00
2013.12.10 10:34:52.574,0.81096,0.81112,1.00,1.65
2013.12.10 10:34:52.675,0.81096,0.81114,3.00,1.45
2013.12.10 10:34:59.759,0.81096,0.81114,3.08,1.00
2013.12.10 10:34:59.961,0.81099,0.81114,2.33,1.00
2013.12.10 10:35:03.274,0.81098,0.81114,2.70,1.00
2013.12.10 10:35:15.570,0.81102,0.81118,1.10,1.45
2013.12.10 10:35:15.726,0.81102,0.81118,1.10,1.38
2013.12.10 10:35:16.101,0.81102,0.81118,1.15,1.38
2013.12.10 10:35:16.908,0.81102,0.81118,1.28,1.00
2013.12.10 10:35:17.110,0.81106,0.81124,1.45,1.95
2013.12.10 10:35:17.481,0.81106,0.81124,1.53,1.00
2013.12.10 10:35:27.276,0.81106,0.81124,1.15,1.20
2013.12.10 10:35:27.379,0.81106,0.81124,1.15,1.00
2013.12.10 10:35:27.818,0.81107,0.81124,2.33,1.50
2013.12.10 10:35:27.919,0.81106,0.81124,2.03,1.10
2013.12.10 10:35:28.020,0.81107,0.81124,2.70,1.00
2013.12.10 10:35:32.917,0.81106,0.81124,2.03,1.00
2013.12.10 10:35:34.652,0.81107,0.81123,3.45,1.00
2013.12.10 10:35:34.960,0.81107,0.81123,1.53,1.00
2013.12.10 10:35:40.866,0.81107,0.81123,1.55,1.00
2013.12.10 10:35:51.451,0.81107,0.81123,1.55,1.00
2013.12.10 10:35:52.599,0.81107,0.81123,1.53,1.00
2013.12.10 10:35:53.002,0.81107,0.81123,1.10,1.00
2013.12.10 10:35:53.479,0.81107,0.81123,4.20,1.00
2013.12.10 10:35:54.696,0.81109,0.81123,2.33,1.00
2013.12.10 10:35:56.653,0.81108,0.81123,2.70,1.00
2013.12.10 10:35:57.288,0.81109,0.81123,2.33,1.00
2013.12.10 10:36:00.761,0.81107,0.81123,4.20,1.00
2013.12.10 10:36:09.515,0.81107,0.81118,2.70,1.00
2013.12.10 10:36:09.616,0.81107,0.81124,2.70,1.00
2013.12.10 10:36:09.818,0.81106,0.81124,1.15,1.00
2013.12.10 10:36:25.526,0.81106,0.81124,3.53,1.00
2013.12.10 10:36:25.576,0.81107,0.81124,2.70,1.00
2013.12.10 10:36:26.992,0.81106,0.81124,2.03,1.00
2013.12.10 10:36:31.822,0.81106,0.81124,4.20,1.00
2013.12.10 10:36:32.289,0.81107,0.81124,1.00,1.18
2013.12.10 10:36:34.223,0.81107,0.81124,1.15,1.00
2013.12.10 10:36:34.861,0.81107,0.81124,1.18,1.08
2013.12.10 10:36:35.618,0.81107,0.81124,1.10,1.18
2013.12.10 10:36:36.534,0.81107,0.81124,2.78,1.45
2013.12.10 10:36:36.937,0.81112,0.81128,1.00,1.45
2013.12.10 10:36:50.958,0.81112,0.81128,1.00,3.45
2013.12.10 10:36:52.003,0.81112,0.81128,1.00,1.53
2013.12.10 10:36:52.782,0.81112,0.81128,1.08,1.38
2013.12.10 10:36:59.515,0.81112,0.81128,1.00,1.48
2013.12.10 10:37:03.390,0.81117,0.81132,1.00,3.45
2013.12.10 10:37:05.050,0.81111,0.81129,1.55,1.45
2013.12.10 10:37:05.151,0.81116,0.81132,1.00,1.55
2013.12.10 10:37:05.664,0.81116,0.81134,1.38,1.55
2013.12.10 10:37:11.000,0.81116,0.81134,1.00,1.55
2013.12.10 10:37:13.969,0.81116,0.81134,1.38,2.78
2013.12.10 10:37:14.322,0.81117,0.81129,1.45,1.00
2013.12.10 10:37:14.372,0.81117,0.81129,1.53,1.00
2013.12.10 10:37:14.423,0.81117,0.81134,1.53,1.00
2013.12.10 10:37:30.346,0.81122,0.81138,1.00,1.53
2013.12.10 10:37:30.990,0.81122,0.81138,1.00,1.15
2013.12.10 10:37:31.293,0.81123,0.81138,3.45,1.00
2013.12.10 10:37:31.595,0.81136,0.81145,1.00,1.10
2013.12.10 10:37:31.798,0.81137,0.81154,3.45,1.00
2013.12.10 10:37:31.899,0.81145,0.81158,1.00,1.00
2013.12.10 10:37:32.259,0.81145,0.81158,1.38,1.00
2013.12.10 10:37:32.554,0.81146,0.81164,3.38,2.10
2013.12.10 10:37:32.973,0.81148,0.81164,2.70,1.35
2013.12.10 10:37:33.588,0.81147,0.81163,3.08,1.00
2013.12.10 10:37:33.891,0.8115,0.81163,3.45,1.00
2013.12.10 10:37:34.092,0.81149,0.81163,1.58,1.00
2013.12.10 10:37:34.193,0.81149,0.81163,1.28,1.00
2013.12.10 10:37:34.244,0.81151,0.81169,1.08,1.65
2013.12.10 10:37:34.345,0.81149,0.81158,2.78,1.00
2013.12.10 10:37:34.395,0.81149,0.81158,2.70,1.00
2013.12.10 10:37:34.546,0.81147,0.81163,1.08,1.10
2013.12.10 10:37:34.648,0.81146,0.81159,1.18,1.00
2013.12.10 10:37:34.747,0.81147,0.81163,1.08,1.10
2013.12.10 10:37:35.050,0.81146,0.81164,1.20,1.20
2013.12.10 10:37:35.100,0.81147,0.81158,1.00,1.00
2013.12.10 10:37:35.201,0.81147,0.81163,1.50,1.00
2013.12.10 10:37:35.667,0.81147,0.81163,2.03,1.00
2013.12.10 10:37:35.768,0.81147,0.81163,1.58,1.10
2013.12.10 10:37:36.099,0.81147,0.81158,1.10,1.00
2013.12.10 10:37:36.635,0.81147,0.81163,1.15,1.00
2013.12.10 10:37:38.744,0.81147,0.81163,1.00,1.08
2013.12.10 10:37:38.845,0.81142,0.81159,1.65,1.43
2013.12.10 10:37:38.895,0.81142,0.81159,1.45,1.80
2013.12.10 10:37:41.479,0.81141,0.81159,4.20,1.13
2013.12.10 10:37:42.166,0.81141,0.81159,2.03,1.13
2013.12.10 10:37:42.832,0.81147,0.81162,1.00,1.13
2013.12.10 10:37:44.051,0.81147,0.81163,1.00,2.25
2013.12.10 10:37:44.679,0.81147,0.81163,1.00,1.20
2013.12.10 10:37:46.411,0.81147,0.81163,1.28,1.00
2013.12.10 10:37:46.627,0.81151,0.81169,1.88,1.28
2013.12.10 10:37:46.778,0.81151,0.81169,1.95,1.10
2013.12.10 10:37:47.637,0.81154,0.81169,1.13,1.10
2013.12.10 10:37:48.213,0.81154,0.81169,1.20,1.00
2013.12.10 10:37:48.848,0.81157,0.81173,1.00,1.55
2013.12.10 10:37:49.166,0.81153,0.81168,1.28,1.00
2013.12.10 10:37:49.588,0.81153,0.81164,1.28,1.00
2013.12.10 10:37:49.690,0.81149,0.81164,1.55,1.00
2013.12.10 10:37:49.791,0.81149,0.81164,1.18,1.00
2013.12.10 10:37:50.600,0.81151,0.81169,1.00,2.40
2013.12.10 10:37:50.802,0.81151,0.81169,1.18,1.10
2013.12.10 10:37:51.351,0.81157,0.81171,1.00,2.03
2013.12.10 10:37:51.553,0.81157,0.81173,1.00,1.53
2013.12.10 10:37:51.755,0.81157,0.81173,1.10,1.10
2013.12.10 10:37:51.856,0.81158,0.81173,1.18,1.00
2013.12.10 10:37:52.748,0.81157,0.81173,1.20,1.10
2013.12.10 10:37:53.437,0.81153,0.81169,1.90,1.00
2013.12.10 10:37:54.486,0.81153,0.81169,1.53,1.00
2013.12.10 10:37:54.537,0.81156,0.81174,1.00,1.55
2013.12.10 10:37:54.688,0.81156,0.81174,1.20,1.55
2013.12.10 10:37:55.118,0.81154,0.81169,1.53,1.00
2013.12.10 10:37:55.270,0.81154,0.81169,1.10,1.00
2013.12.10 10:37:57.227,0.81152,0.81169,1.18,1.10
2013.12.10 10:37:57.328,0.81148,0.81163,4.58,1.00
2013.12.10 10:37:57.429,0.81148,0.81163,1.58,1.08
2013.12.10 10:37:57.637,0.81144,0.81158,1.15,1.00
2013.12.10 10:37:57.789,0.81144,0.81158,1.10,1.00
2013.12.10 10:37:57.992,0.81141,0.81153,1.28,1.00
2013.12.10 10:37:58.523,0.81141,0.81153,1.15,1.00
2013.12.10 10:37:59.142,0.81141,0.81153,1.00,1.00
2013.12.10 10:37:59.640,0.81143,0.81153,1.00,1.00
2013.12.10 10:37:59.817,0.81143,0.81158,1.00,1.00
2013.12.10 10:38:00.205,0.81145,0.81158,1.00,1.00
2013.12.10 10:38:01.796,0.81145,0.81154,1.00,1.00
2013.12.10 10:38:02.319,0.81144,0.81154,1.00,1.00
2013.12.10 10:38:02.370,0.81142,0.81154,1.00,1.00
2013.12.10 10:38:02.891,0.81143,0.81154,1.00,1.00
2013.12.10 10:38:02.992,0.81143,0.81154,1.15,1.00
2013.12.10 10:38:03.784,0.81143,0.81154,1.58,1.00
2013.12.10 10:38:03.885,0.81143,0.81159,3.45,1.00
2013.12.10 10:38:04.290,0.81144,0.81159,1.38,1.53
2013.12.10 10:38:04.441,0.81138,0.81153,1.18,1.38
2013.12.10 10:38:04.643,0.81137,0.81153,1.10,1.38
2013.12.10 10:38:04.841,0.81135,0.81149,1.28,1.00
2013.12.10 10:38:05.094,0.81136,0.81154,1.18,1.00
2013.12.10 10:38:05.195,0.81137,0.81159,1.15,2.03
2013.12.10 10:38:05.513,0.81135,0.81154,1.15,1.10
2013.12.10 10:38:06.819,0.81136,0.81157,3.08,1.18
2013.12.10 10:38:07.575,0.81136,0.81157,5.25,1.20
2013.12.10 10:38:08.358,0.81138,0.81157,2.33,1.00
2013.12.10 10:38:08.899,0.81137,0.81157,2.33,1.18
2013.12.10 10:38:09.441,0.81142,0.81158,1.00,1.08
2013.12.10 10:38:09.491,0.81142,0.81158,1.08,1.00
2013.12.10 10:38:10.047,0.81142,0.81158,1.08,1.38
2013.12.10 10:38:10.876,0.81146,0.81161,1.10,1.48
2013.12.10 10:38:13.756,0.81146,0.81161,1.08,1.38
2013.12.10 10:38:14.248,0.81146,0.81164,2.03,1.38
2013.12.10 10:38:14.299,0.81146,0.81164,6.38,1.38
2013.12.10 10:38:14.349,0.81146,0.81164,6.38,1.00
2013.12.10 10:38:14.400,0.81151,0.81168,1.00,2.78
2013.12.10 10:38:14.966,0.81151,0.81169,1.18,1.48
2013.12.10 10:38:15.876,0.81148,0.81164,2.33,1.00
2013.12.10 10:38:16.271,0.81147,0.81164,1.15,1.00
2013.12.10 10:38:19.737,0.81146,0.81164,1.65,1.10
2013.12.10 10:38:19.838,0.81146,0.81164,1.58,1.18
2013.12.10 10:38:20.294,0.81146,0.81164,1.65,1.20
2013.12.10 10:38:20.395,0.81146,0.81164,1.65,1.00
2013.12.10 10:38:24.296,0.81152,0.81168,1.00,2.03
2013.12.10 10:38:28.817,0.81157,0.8117,1.00,1.45
2013.12.10 10:38:29.119,0.81157,0.81173,1.00,1.18
2013.12.10 10:38:29.636,0.81157,0.81173,1.10,1.00
2013.12.10 10:38:30.122,0.81162,0.81173,1.00,1.00
2013.12.10 10:38:30.324,0.81158,0.81173,1.08,1.10
2013.12.10 10:38:30.409,0.81158,0.81173,1.00,1.20
2013.12.10 10:38:31.857,0.81161,0.81177,1.88,4.88
2013.12.10 10:38:32.210,0.81161,0.81179,1.38,1.53
2013.12.10 10:38:32.427,0.81158,0.81173,1.48,1.00
2013.12.10 10:38:33.080,0.81161,0.81179,1.38,2.03
2013.12.10 10:38:33.915,0.81161,0.81179,1.38,2.03
2013.12.10 10:38:34.693,0.81161,0.81179,1.38,2.03
2013.12.10 10:38:35.607,0.81161,0.81179,1.48,1.58
2013.12.10 10:38:36.166,0.81167,0.81181,1.00,1.65
2013.12.10 10:38:36.267,0.81167,0.81183,1.00,1.53
2013.12.10 10:38:36.447,0.81162,0.81179,1.55,1.00
2013.12.10 10:38:36.557,0.81166,0.81184,1.00,2.03
2013.12.10 10:38:36.867,0.81164,0.81178,2.63,1.00
2013.12.10 10:38:36.918,0.81166,0.81181,1.50,1.18
2013.12.10 10:38:37.120,0.81169,0.81184,1.00,1.00
2013.12.10 10:38:37.477,0.81169,0.81179,1.00,1.00
2013.12.10 10:38:37.780,0.81166,0.81174,1.18,1.00
2013.12.10 10:38:38.132,0.81165,0.81174,1.00,1.00
2013.12.10 10:38:38.906,0.81165,0.81174,1.08,1.00
2013.12.10 10:38:39.648,0.81165,0.81174,1.20,1.00
2013.12.10 10:38:39.800,0.81161,0.81179,4.20,1.00
2013.12.10 10:38:41.120,0.81161,0.81174,3.45,1.00
2013.12.10 10:38:41.845,0.81161,0.81179,4.20,1.00
2013.12.10 10:38:43.408,0.8116,0.81174,1.18,1.00
2013.12.10 10:38:43.459,0.8116,0.81174,1.20,1.00
2013.12.10 10:38:45.057,0.81162,0.81178,1.38,1.20
2013.12.10 10:38:45.359,0.81163,0.81178,1.53,1.00
2013.12.10 10:38:46.505,0.81164,0.81178,1.28,1.00
2013.12.10 10:38:47.395,0.81163,0.81183,5.63,1.00
2013.12.10 10:38:57.407,0.81165,0.81183,1.20,1.28
2013.12.10 10:38:57.623,0.81167,0.81183,1.00,1.20
2013.12.10 10:38:58.000,0.81164,0.81178,1.13,1.00
2013.12.10 10:39:00.044,0.81164,0.81178,1.38,1.00
2013.12.10 10:39:01.154,0.81166,0.81178,1.00,1.00
2013.12.10 10:39:01.535,0.81167,0.81183,1.00,1.15
2013.12.10 10:39:01.586,0.81169,0.81183,1.00,1.15
2013.12.10 10:39:01.737,0.81169,0.81183,1.00,1.00
2013.12.10 10:39:02.285,0.81169,0.81183,1.00,1.38
2013.12.10 10:39:02.827,0.81168,0.81183,1.20,1.38
2013.12.10 10:39:04.285,0.81168,0.81179,1.20,1.00
2013.12.10 10:39:04.875,0.81165,0.81179,1.15,1.00
2013.12.10 10:39:05.898,0.81165,0.81179,1.08,1.00
2013.12.10 10:39:06.616,0.81171,0.81186,1.00,3.83
2013.12.10 10:39:06.768,0.8117,0.81189,1.10,1.90
2013.12.10 10:39:07.296,0.8117,0.81189,1.18,1.85
2013.12.10 10:39:07.397,0.8117,0.81183,1.18,1.00
2013.12.10 10:39:08.137,0.8117,0.81178,1.08,1.00
2013.12.10 10:39:08.288,0.81167,0.81178,1.00,1.00
2013.12.10 10:39:08.935,0.81167,0.81184,1.20,1.10
2013.12.10 10:39:09.086,0.81167,0.81184,1.28,1.00
2013.12.10 10:39:09.696,0.81167,0.81184,1.08,1.08
2013.12.10 10:39:10.605,0.8117,0.81188,1.38,1.18
2013.12.10 10:39:11.108,0.8117,0.81188,1.15,1.10
2013.12.10 10:39:11.493,0.8117,0.81188,1.08,1.18
2013.12.10 10:39:11.598,0.81168,0.81188,1.18,1.65
2013.12.10 10:39:12.185,0.81168,0.81183,1.18,1.00
2013.12.10 10:39:13.532,0.81168,0.81188,1.18,1.15
2013.12.10 10:39:14.826,0.81168,0.81183,1.18,1.00
2013.12.10 10:39:15.049,0.81167,0.81187,1.28,1.15
2013.12.10 10:39:15.200,0.81167,0.81187,6.00,1.08
2013.12.10 10:39:15.304,0.8117,0.81189,1.15,1.20
2013.12.10 10:39:15.510,0.81171,0.81189,1.65,1.48
2013.12.10 10:39:16.054,0.81171,0.81189,1.53,1.00
2013.12.10 10:39:16.662,0.81171,0.81189,1.15,1.00
2013.12.10 10:39:17.256,0.81176,0.81192,1.00,1.58
2013.12.10 10:39:17.558,0.81175,0.81188,1.10,1.00
2013.12.10 10:39:17.609,0.81176,0.81194,1.38,1.15
2013.12.10 10:39:17.826,0.81176,0.81193,1.13,2.33
2013.12.10 10:39:17.954,0.81176,0.81194,1.20,1.15
2013.12.10 10:39:18.256,0.81176,0.81194,1.28,1.10
2013.12.10 10:39:18.921,0.81182,0.81195,1.00,1.00
2013.12.10 10:39:19.021,0.81182,0.81198,1.00,1.38
2013.12.10 10:39:20.213,0.81177,0.81193,5.63,1.00
2013.12.10 10:39:21.333,0.81182,0.81198,1.00,1.88
2013.12.10 10:39:21.434,0.81182,0.81198,1.15,1.00
2013.12.10 10:39:21.942,0.81182,0.81198,3.45,1.00
2013.12.10 10:39:22.984,0.81186,0.81202,1.10,1.10
2013.12.10 10:39:26.300,0.81192,0.81202,1.00,1.10
2013.12.10 10:39:26.537,0.81186,0.81204,1.10,1.18
2013.12.10 10:39:26.839,0.81186,0.81204,1.28,1.00
2013.12.10 10:39:27.252,0.81192,0.81206,1.00,1.20
2013.12.10 10:39:30.349,0.81196,0.81206,1.00,1.00
2013.12.10 10:39:30.399,0.81196,0.81208,1.00,1.00
2013.12.10 10:39:31.795,0.81196,0.81212,1.10,1.20
2013.12.10 10:39:31.897,0.81202,0.81212,1.00,1.20
2013.12.10 10:39:32.461,0.81202,0.81217,1.18,1.38
2013.12.10 10:39:32.612,0.81202,0.81218,1.18,1.00
2013.12.10 10:39:32.712,0.81206,0.8122,1.00,1.28
2013.12.10 10:39:37.425,0.81212,0.81221,1.00,1.53
2013.12.10 10:39:38.385,0.81206,0.81221,1.00,1.53
2013.12.10 10:39:38.435,0.81206,0.81221,1.00,3.45
2013.12.10 10:39:38.737,0.81206,0.81219,1.00,2.33
2013.12.10 10:39:38.838,0.81202,0.81217,1.00,1.15
2013.12.10 10:39:39.465,0.81202,0.81216,1.00,1.15
2013.12.10 10:39:40.044,0.81202,0.81213,1.00,1.00
2013.12.10 10:39:40.095,0.81202,0.81213,1.00,1.38
2013.12.10 10:39:40.145,0.81197,0.81213,1.55,1.88
2013.12.10 10:39:40.785,0.81197,0.81213,1.00,2.03
2013.12.10 10:39:41.322,0.81196,0.81212,1.00,1.53
2013.12.10 10:39:41.826,0.81201,0.81214,1.00,1.45
2013.12.10 10:39:42.395,0.81196,0.81214,1.00,2.03
2013.12.10 10:39:43.365,0.81196,0.8121,1.00,1.00
2013.12.10 10:39:43.873,0.81196,0.81213,1.10,1.38
2013.12.10 10:39:44.634,0.81196,0.81213,1.48,1.38
2013.12.10 10:39:45.624,0.81196,0.81213,1.10,1.38
2013.12.10 10:39:47.536,0.81196,0.81214,1.48,1.95
2013.12.10 10:39:47.815,0.81196,0.81214,1.58,1.58
2013.12.10 10:39:47.866,0.81202,0.81216,1.00,1.15
2013.12.10 10:39:48.017,0.81202,0.81216,1.00,1.20
2013.12.10 10:39:49.849,0.81207,0.81215,1.00,1.00
2013.12.10 10:39:50.354,0.81207,0.8122,1.00,4.88
2013.12.10 10:39:51.993,0.81207,0.81221,1.00,1.65
2013.12.10 10:39:52.512,0.81207,0.81221,1.00,1.28
2013.12.10 10:39:52.563,0.81207,0.8122,1.00,2.33
2013.12.10 10:39:53.894,0.81207,0.81221,1.00,1.65
2013.12.10 10:39:54.712,0.81207,0.81221,1.00,1.65
2013.12.10 10:39:56.155,0.81207,0.81221,1.00,1.18
2013.12.10 10:39:56.874,0.81207,0.81221,1.00,1.20
2013.12.10 10:39:59.335,0.81211,0.81224,1.00,1.13
2013.12.10 10:39:59.486,0.81211,0.81227,1.00,2.25
2013.12.10 10:40:00.032,0.81211,0.81228,1.18,1.28
2013.12.10 10:40:00.401,0.81206,0.81224,1.28,1.00
2013.12.10 10:40:00.533,0.81206,0.81223,1.10,1.08
2013.12.10 10:40:01.450,0.81206,0.81223,1.18,1.10
2013.12.10 10:40:03.358,0.81212,0.81223,1.00,1.10
2013.12.10 10:40:03.888,0.81212,0.81223,1.00,1.15
2013.12.10 10:40:04.155,0.81206,0.81223,1.00,1.15
2013.12.10 10:40:04.693,0.81207,0.81223,1.00,2.03
2013.12.10 10:40:05.953,0.81207,0.81223,1.00,1.58
2013.12.10 10:40:06.144,0.81212,0.81223,1.00,1.10
2013.12.10 10:40:07.125,0.81206,0.81223,1.10,1.10
2013.12.10 10:40:10.223,0.81206,0.81223,1.00,1.15
2013.12.10 10:40:10.871,0.81206,0.81223,1.00,1.18
2013.12.10 10:40:11.438,0.81206,0.81223,1.00,1.15
2013.12.10 10:40:12.736,0.81206,0.81223,1.00,3.08
2013.12.10 10:40:12.787,0.81203,0.81218,1.00,1.00
2013.12.10 10:40:14.378,0.81202,0.81218,1.38,1.08
2013.12.10 10:40:14.897,0.81202,0.81218,1.38,1.15
2013.12.10 10:40:15.410,0.81202,0.81218,1.00,1.15
2013.12.10 10:40:18.406,0.81197,0.81213,1.53,1.00
2013.12.10 10:40:18.507,0.81197,0.81213,1.28,1.00
2013.12.10 10:40:18.558,0.81197,0.81213,1.13,1.18
2013.12.10 10:40:20.953,0.81197,0.81212,1.20,1.00
2013.12.10 10:40:22.461,0.81197,0.81213,1.20,1.58
2013.12.10 10:40:24.991,0.81197,0.81213,1.13,1.65
2013.12.10 10:40:34.464,0.81197,0.81212,1.13,1.08
2013.12.10 10:40:34.796,0.81197,0.81208,1.00,1.08
2013.12.10 10:40:35.270,0.81197,0.81212,1.00,1.00
2013.12.10 10:40:35.320,0.81197,0.81212,1.00,1.38
2013.12.10 10:40:39.596,0.81193,0.812,1.38,1.00
2013.12.10 10:40:39.646,0.81186,0.812,1.38,1.38
2013.12.10 10:40:39.747,0.81186,0.812,1.38,1.38
2013.12.10 10:40:39.848,0.81191,0.81202,1.00,1.00
2013.12.10 10:40:40.050,0.81191,0.81205,1.13,1.18
2013.12.10 10:40:40.151,0.81197,0.81205,1.00,1.18
2013.12.10 10:40:40.756,0.81197,0.81205,1.00,1.00
2013.12.10 10:40:40.807,0.81197,0.81207,1.00,1.00
2013.12.10 10:40:41.337,0.81197,0.81208,1.00,1.00
2013.12.10 10:40:41.790,0.81197,0.81202,1.00,1.00
2013.12.10 10:40:41.941,0.81192,0.81202,1.00,1.00
2013.12.10 10:40:43.137,0.81187,0.81202,1.48,1.10
2013.12.10 10:40:43.403,0.81191,0.81202,1.00,1.00
2013.12.10 10:40:44.218,0.81191,0.81201,1.00,1.08
2013.12.10 10:40:44.520,0.81191,0.81201,1.00,1.15
2013.12.10 10:40:44.571,0.81186,0.81201,1.13,1.15
2013.12.10 10:40:44.772,0.81186,0.81197,1.00,1.15
2013.12.10 10:40:45.762,0.81186,0.81197,1.00,2.33
2013.12.10 10:40:45.913,0.81186,0.81199,1.00,1.15
2013.12.10 10:40:46.433,0.81186,0.81199,1.00,1.15
2013.12.10 10:40:46.712,0.81186,0.81199,1.00,1.15
2013.12.10 10:40:48.876,0.81181,0.81197,1.48,1.18
2013.12.10 10:40:49.946,0.81181,0.81197,1.48,1.18
2013.12.10 10:40:50.214,0.81181,0.81196,1.38,2.33
2013.12.10 10:40:50.366,0.81181,0.81195,1.38,1.15
2013.12.10 10:40:50.467,0.81176,0.81194,1.58,1.20
2013.12.10 10:40:50.874,0.81182,0.81193,1.00,1.00
2013.12.10 10:40:51.584,0.81182,0.81195,1.00,1.15
2013.12.10 10:40:51.635,0.81176,0.81194,1.58,1.20
2013.12.10 10:40:51.836,0.81182,0.81195,1.00,1.00
2013.12.10 10:40:52.531,0.81186,0.81195,1.00,1.00
2013.12.10 10:40:54.269,0.81181,0.81195,1.13,1.10
2013.12.10 10:40:56.956,0.81181,0.81194,1.13,1.50
2013.12.10 10:40:57.981,0.81181,0.81195,1.00,2.33
2013.12.10 10:40:59.176,0.81181,0.81195,1.00,1.08
2013.12.10 10:41:02.196,0.81181,0.81197,1.00,2.78
2013.12.10 10:41:02.606,0.81176,0.81194,1.53,1.00
2013.12.10 10:41:02.896,0.81176,0.81194,1.53,1.50
2013.12.10 10:41:04.181,0.81181,0.81194,1.00,1.00
2013.12.10 10:41:04.484,0.81176,0.81192,1.55,1.00
2013.12.10 10:41:04.585,0.81176,0.81192,1.48,1.00
2013.12.10 10:41:04.686,0.81176,0.81192,1.00,1.20
2013.12.10 10:41:07.405,0.81176,0.81192,1.48,1.00
2013.12.10 10:41:07.955,0.81176,0.81192,1.20,1.00
2013.12.10 10:41:09.646,0.81176,0.81192,1.48,1.00
2013.12.10 10:41:10.732,0.81176,0.81192,1.20,1.00
2013.12.10 10:41:11.291,0.81176,0.81192,1.48,1.00
2013.12.10 10:41:11.517,0.81181,0.81194,1.00,1.10
2013.12.10 10:41:12.406,0.81181,0.81192,1.00,1.00
2013.12.10 10:41:12.955,0.81181,0.81191,1.00,1.00
2013.12.10 10:41:14.746,0.81176,0.81191,1.55,1.00
2013.12.10 10:41:15.295,0.81176,0.81191,1.38,1.10
2013.12.10 10:41:15.845,0.81176,0.81191,1.38,1.10
2013.12.10 10:41:21.125,0.81176,0.81191,1.00,1.10
2013.12.10 10:41:21.175,0.81171,0.81189,3.45,1.00
2013.12.10 10:41:21.477,0.81171,0.81189,1.38,1.18
2013.12.10 10:41:22.037,0.81171,0.81189,1.53,1.10
2013.12.10 10:41:22.165,0.81177,0.8119,1.00,1.18
2013.12.10 10:41:22.596,0.81182,0.81193,1.00,4.20
2013.12.10 10:41:22.697,0.81182,0.81193,1.00,1.58
2013.12.10 10:41:24.317,0.81186,0.81194,1.00,1.08
2013.12.10 10:41:24.468,0.81186,0.81198,1.00,1.18
2013.12.10 10:41:25.084,0.81181,0.81198,1.18,1.18
2013.12.10 10:41:25.879,0.81181,0.81196,1.18,1.00
2013.12.10 10:41:26.537,0.81181,0.81195,1.18,1.00
2013.12.10 10:41:27.500,0.81181,0.81195,1.13,1.00
2013.12.10 10:41:29.456,0.81181,0.81195,1.38,1.00
2013.12.10 10:41:29.970,0.81181,0.81195,1.00,1.00
2013.12.10 10:41:30.497,0.81181,0.81195,1.00,1.18
2013.12.10 10:41:36.259,0.81181,0.81195,1.00,1.10
2013.12.10 10:41:44.883,0.81186,0.81195,1.00,1.00
2013.12.10 10:41:44.984,0.81186,0.81197,1.00,1.10
2013.12.10 10:41:45.136,0.81191,0.81197,1.00,1.00
2013.12.10 10:41:45.187,0.81191,0.81202,1.00,1.10
2013.12.10 10:41:45.803,0.81191,0.81201,1.00,1.00
2013.12.10 10:41:46.794,0.81191,0.81205,1.00,1.20
2013.12.10 10:41:46.995,0.81191,0.81205,1.38,1.20
2013.12.10 10:41:47.334,0.81197,0.81207,1.00,1.15
2013.12.10 10:41:47.485,0.81197,0.81209,1.00,1.20
2013.12.10 10:41:47.879,0.81192,0.81208,1.90,1.00
2013.12.10 10:41:48.383,0.81196,0.81209,1.00,1.00
2013.12.10 10:41:51.634,0.81196,0.81206,1.00,1.00
2013.12.10 10:41:53.383,0.81196,0.8121,1.38,3.08
2013.12.10 10:41:53.562,0.81196,0.8121,1.48,1.00
2013.12.10 10:41:53.716,0.81196,0.8121,1.48,1.00
2013.12.10 10:41:56.093,0.81196,0.8121,1.48,1.00
2013.12.10 10:41:56.595,0.81196,0.81209,1.38,1.10
2013.12.10 10:41:56.645,0.81196,0.81209,1.00,1.10
2013.12.10 10:41:57.044,0.81196,0.81207,1.00,1.00
2013.12.10 10:41:57.385,0.81192,0.81207,1.75,1.00
2013.12.10 10:41:57.935,0.81192,0.81207,1.75,1.15
2013.12.10 10:42:04.043,0.81186,0.81204,1.90,1.00
2013.12.10 10:42:04.452,0.81188,0.81203,1.00,1.00
2013.12.10 10:42:04.603,0.81182,0.81198,3.45,1.00
2013.12.10 10:42:04.805,0.81182,0.81198,1.45,1.00
2013.12.10 10:42:04.868,0.81182,0.81198,1.45,1.00
2013.12.10 10:42:06.452,0.81182,0.81198,1.45,1.00
2013.12.10 10:42:07.615,0.81182,0.81198,1.45,1.00
2013.12.10 10:42:09.044,0.81182,0.81198,1.45,1.00
2013.12.10 10:42:09.095,0.81182,0.81198,1.83,1.00
2013.12.10 10:42:09.145,0.81187,0.81203,1.38,1.18
2013.12.10 10:42:09.841,0.81187,0.81203,1.65,1.00
2013.12.10 10:42:10.382,0.81187,0.81202,1.65,1.00
2013.12.10 10:42:10.913,0.81187,0.81203,1.93,1.00
2013.12.10 10:42:10.964,0.81189,0.81203,1.08,1.00
2013.12.10 10:42:11.115,0.81191,0.81208,1.20,1.00
2013.12.10 10:42:11.166,0.81191,0.81208,1.53,1.00
2013.12.10 10:42:11.546,0.81197,0.81213,1.00,1.95
2013.12.10 10:42:16.186,0.81197,0.81213,1.38,1.95
2013.12.10 10:42:16.945,0.81197,0.81213,1.38,1.95
2013.12.10 10:42:18.376,0.81197,0.81213,1.38,1.95
2013.12.10 10:42:18.728,0.81197,0.81213,1.55,1.88
2013.12.10 10:42:18.935,0.81197,0.81213,1.55,1.88
2013.12.10 10:42:20.287,0.81197,0.81213,1.55,1.50
2013.12.10 10:42:20.337,0.81201,0.81213,1.00,1.00
2013.12.10 10:42:20.438,0.81201,0.81216,1.00,1.18
2013.12.10 10:42:21.047,0.81201,0.81216,1.00,1.10
2013.12.10 10:42:27.306,0.81201,0.81216,1.00,1.08
2013.12.10 10:42:29.402,0.81201,0.81216,1.00,1.08
2013.12.10 10:42:30.013,0.81201,0.81216,1.00,1.00
2013.12.10 10:42:31.105,0.81196,0.81214,1.65,1.00
2013.12.10 10:42:32.390,0.81195,0.81209,3.08,1.00
2013.12.10 10:42:35.774,0.81193,0.81209,3.08,1.00
2013.12.10 10:42:43.492,0.81193,0.81209,3.08,1.00
2013.12.10 10:42:43.664,0.81191,0.81209,6.00,1.00
2013.12.10 10:42:43.815,0.81193,0.81209,1.00,1.50
2013.12.10 10:42:44.764,0.81191,0.81209,1.90,1.50
2013.12.10 10:42:45.422,0.81193,0.81209,1.00,1.50
2013.12.10 10:42:45.674,0.81191,0.81209,1.90,1.50
2013.12.10 10:42:46.566,0.81191,0.81205,1.53,1.38
2013.12.10 10:42:46.667,0.81189,0.81203,4.88,1.38
2013.12.10 10:42:46.718,0.81187,0.81203,1.45,1.38
2013.12.10 10:42:57.048,0.81187,0.81203,1.53,1.00
2013.12.10 10:42:57.741,0.81187,0.81203,1.53,1.00
2013.12.10 10:43:00.175,0.81187,0.81203,1.53,1.00
2013.12.10 10:43:00.603,0.81187,0.81203,1.53,1.00
2013.12.10 10:43:05.442,0.81187,0.81203,1.53,1.00
2013.12.10 10:43:07.025,0.81187,0.81203,3.45,1.00
2013.12.10 10:43:07.560,0.81188,0.81203,2.70,1.00
2013.12.10 10:43:08.038,0.81187,0.81203,1.53,1.00
2013.12.10 10:43:08.336,0.81187,0.81203,1.53,1.00
2013.12.10 10:43:08.911,0.81188,0.81203,4.88,1.00
2013.12.10 10:43:09.012,0.81187,0.81203,1.53,1.00
2013.12.10 10:43:09.314,0.81187,0.81203,1.55,1.00
2013.12.10 10:43:09.815,0.81187,0.81202,1.53,1.00
2013.12.10 10:43:09.966,0.81187,0.81203,3.45,1.00
2013.12.10 10:43:10.117,0.81191,0.81206,1.20,1.00
2013.12.10 10:43:10.469,0.81191,0.81206,1.55,1.00
2013.12.10 10:43:12.073,0.81191,0.81208,1.53,1.13
2013.12.10 10:43:12.174,0.81191,0.81208,3.45,1.00
2013.12.10 10:43:12.708,0.81197,0.81209,1.00,1.00
2013.12.10 10:43:13.204,0.81197,0.81205,1.00,1.00
2013.12.10 10:43:22.364,0.81191,0.81205,3.45,1.00
2013.12.10 10:43:22.414,0.81191,0.81208,3.45,1.00
2013.12.10 10:43:23.129,0.81191,0.81209,3.45,1.50
2013.12.10 10:43:24.031,0.81191,0.81208,3.45,1.00
2013.12.10 10:43:24.395,0.81191,0.81208,1.53,1.00
2013.12.10 10:43:25.039,0.81191,0.81209,1.53,1.50
2013.12.10 10:43:25.090,0.81191,0.81209,3.45,1.50
2013.12.10 10:43:26.305,0.81197,0.81213,1.00,1.95
2013.12.10 10:43:26.406,0.81197,0.81213,1.15,1.13
2013.12.10 10:43:26.557,0.81197,0.81213,1.00,1.13
2013.12.10 10:43:26.881,0.81197,0.81213,1.18,1.88
2013.12.10 10:43:27.957,0.81197,0.81208,2.33,1.00
2013.12.10 10:43:28.058,0.81195,0.81208,2.33,1.00
2013.12.10 10:43:29.314,0.81197,0.81212,1.18,1.00
2013.12.10 10:43:29.847,0.81201,0.81214,1.08,1.38
2013.12.10 10:43:29.998,0.81201,0.81216,1.28,1.00
2013.12.10 10:43:30.049,0.81201,0.81216,3.45,1.00
2013.12.10 10:43:30.099,0.81201,0.81219,3.45,1.00
2013.12.10 10:43:30.405,0.81207,0.81221,1.00,1.48
2013.12.10 10:43:30.723,0.81201,0.81219,3.45,1.00
2013.12.10 10:43:30.824,0.81207,0.81223,1.00,2.03
2013.12.10 10:43:35.095,0.81207,0.81223,1.10,1.65
2013.12.10 10:43:35.146,0.81203,0.81218,2.70,1.00
2013.12.10 10:43:35.267,0.81206,0.81223,1.55,1.18
2013.12.10 10:43:38.467,0.81206,0.81221,1.48,1.00
2013.12.10 10:43:38.680,0.81201,0.81219,1.90,1.00
2013.12.10 10:43:39.071,0.81206,0.81221,1.13,1.00
2013.12.10 10:43:40.882,0.81206,0.81223,1.13,1.15
2013.12.10 10:43:41.401,0.81206,0.81223,1.38,1.08
2013.12.10 10:43:41.913,0.81206,0.81221,1.00,1.10
2013.12.10 10:43:42.150,0.81206,0.81219,1.00,1.00
2013.12.10 10:43:42.621,0.81206,0.81221,1.00,1.10
2013.12.10 10:43:45.295,0.81206,0.81221,1.00,1.08
2013.12.10 10:43:52.848,0.81201,0.81219,1.28,1.10
2013.12.10 10:43:55.941,0.81201,0.81219,1.53,1.10
2013.12.10 10:43:56.273,0.81201,0.81219,1.53,1.10
2013.12.10 10:44:01.015,0.81201,0.81219,1.45,1.18
2013.12.10 10:44:01.541,0.81202,0.81218,1.00,1.15
2013.12.10 10:44:04.387,0.812,0.81213,1.10,1.00
2013.12.10 10:44:04.892,0.81197,0.81213,1.90,1.00
2013.12.10 10:44:05.047,0.812,0.81213,1.10,1.00
2013.12.10 10:44:05.770,0.81197,0.81213,1.53,1.00
2013.12.10 10:44:09.030,0.81197,0.81213,1.45,1.00
2013.12.10 10:44:09.572,0.81202,0.81216,1.00,2.33
2013.12.10 10:44:09.678,0.81202,0.81218,1.00,3.83
2013.12.10 10:44:09.795,0.81202,0.81218,1.00,1.65
2013.12.10 10:44:10.312,0.81202,0.81218,1.18,1.00
2013.12.10 10:44:10.848,0.81202,0.81218,1.20,1.00
2013.12.10 10:44:13.691,0.81202,0.81218,1.58,1.00
2013.12.10 10:44:14.013,0.81202,0.81218,1.15,1.00
2013.12.10 10:44:14.215,0.81202,0.81218,1.28,1.00
2013.12.10 10:44:14.326,0.81199,0.81214,2.70,1.00
2013.12.10 10:44:17.650,0.81199,0.81214,2.70,1.00
2013.12.10 10:44:19.738,0.81199,0.81214,2.70,1.00
2013.12.10 10:44:19.939,0.81206,0.81221,1.83,1.00
2013.12.10 10:44:20.040,0.81206,0.81224,2.33,1.00
2013.12.10 10:44:20.481,0.81208,0.81224,1.20,1.10
2013.12.10 10:44:20.634,0.81206,0.81224,1.90,1.10
2013.12.10 10:44:21.679,0.81208,0.81224,1.18,1.00
2013.12.10 10:44:22.449,0.81208,0.81224,1.20,1.00
2013.12.10 10:44:26.789,0.81206,0.81224,1.90,1.00
2013.12.10 10:44:27.293,0.81206,0.81224,1.90,1.00
2013.12.10 10:44:29.792,0.81204,0.81218,5.25,1.00
2013.12.10 10:44:30.164,0.81204,0.81214,3.08,1.00
2013.12.10 10:44:30.214,0.81202,0.81214,1.90,1.00
2013.12.10 10:44:30.763,0.812,0.81214,1.93,1.00
2013.12.10 10:44:32.082,0.81198,0.81214,5.33,1.00
2013.12.10 10:44:37.420,0.81195,0.81208,1.28,1.00
2013.12.10 10:44:37.552,0.81195,0.81208,1.20,1.00
2013.12.10 10:44:40.624,0.81196,0.81214,1.00,1.18
2013.12.10 10:44:41.451,0.81195,0.81208,1.20,1.00
2013.12.10 10:44:41.602,0.81193,0.81208,1.10,1.00
2013.12.10 10:44:44.101,0.81193,0.81203,1.00,1.00
2013.12.10 10:44:46.892,0.8119,0.81203,1.15,1.00
2013.12.10 10:44:47.194,0.81186,0.81199,1.28,1.00
2013.12.10 10:44:47.446,0.81183,0.81199,1.90,1.00
2013.12.10 10:44:47.647,0.81181,0.81199,1.88,3.08
2013.12.10 10:44:47.798,0.81181,0.81198,1.50,2.33
2013.12.10 10:44:48.000,0.81178,0.81194,1.38,1.15
2013.12.10 10:44:48.201,0.81177,0.81193,1.13,3.08
2013.12.10 10:44:48.302,0.81177,0.81193,1.13,1.18
2013.12.10 10:44:48.832,0.81177,0.81193,1.00,1.15
2013.12.10 10:44:49.097,0.81173,0.81189,1.53,1.00
2013.12.10 10:44:49.249,0.81173,0.81189,1.10,1.10
2013.12.10 10:44:50.143,0.81173,0.81189,1.18,1.10
2013.12.10 10:44:50.196,0.81173,0.81189,1.15,1.00
2013.12.10 10:44:50.398,0.81176,0.81194,1.10,1.18
2013.12.10 10:44:51.030,0.81172,0.81189,3.45,1.00
2013.12.10 10:44:54.580,0.81177,0.81193,1.00,1.08
2013.12.10 10:44:55.110,0.81177,0.81193,1.20,1.50
2013.12.10 10:44:55.348,0.81182,0.81197,1.00,1.53
2013.12.10 10:44:59.046,0.81182,0.81197,1.00,1.15
2013.12.10 10:45:00.361,0.81182,0.81196,1.00,1.28
2013.12.10 10:45:01.004,0.81182,0.81195,1.00,1.15
2013.12.10 10:45:03.572,0.81172,0.81188,6.00,1.00
2013.12.10 10:45:04.341,0.81176,0.81194,1.58,1.15
2013.12.10 10:45:06.253,0.81171,0.81189,3.83,1.00
2013.12.10 10:45:06.304,0.81171,0.81189,3.45,1.00
2013.12.10 10:45:06.405,0.81171,0.81189,1.55,1.10
2013.12.10 10:45:10.081,0.81171,0.81189,1.55,1.00
2013.12.10 10:45:10.738,0.81171,0.81189,1.53,1.08
2013.12.10 10:45:14.605,0.81168,0.81184,2.70,1.00
2013.12.10 10:45:15.055,0.81166,0.81184,3.45,1.00
2013.12.10 10:45:17.863,0.81167,0.81184,2.70,1.00
2013.12.10 10:45:17.965,0.81172,0.81188,1.10,1.00
2013.12.10 10:45:18.472,0.81172,0.81188,1.48,1.00
2013.12.10 10:45:19.380,0.81168,0.81183,4.20,1.00
2013.12.10 10:45:19.991,0.81167,0.81183,3.45,1.00
2013.12.10 10:45:20.181,0.81171,0.81189,1.48,1.28
2013.12.10 10:45:20.282,0.81171,0.81189,1.53,1.13
2013.12.10 10:45:21.895,0.81171,0.81189,3.45,1.88
2013.12.10 10:45:22.197,0.81176,0.81192,3.45,1.00
2013.12.10 10:45:22.298,0.81176,0.81194,3.45,1.00
2013.12.10 10:45:22.857,0.81181,0.81196,1.00,1.45
2013.12.10 10:45:25.800,0.81181,0.81199,1.53,1.18
2013.12.10 10:45:26.183,0.81181,0.81199,1.53,1.00
2013.12.10 10:45:26.700,0.81181,0.81199,1.53,1.00
2013.12.10 10:45:27.875,0.81187,0.812,1.00,1.00
2013.12.10 10:45:33.882,0.81181,0.81199,2.03,1.00
2013.12.10 10:45:35.701,0.81181,0.81199,2.03,1.00
2013.12.10 10:45:35.810,0.81181,0.81197,2.78,1.00
2013.12.10 10:45:35.961,0.81181,0.81198,1.58,1.00
2013.12.10 10:45:37.179,0.81181,0.81198,1.20,1.00
2013.12.10 10:45:38.890,0.81181,0.81198,1.58,1.00
2013.12.10 10:45:39.661,0.81181,0.81198,1.28,1.00
2013.12.10 10:45:40.981,0.81181,0.81197,1.28,1.00
2013.12.10 10:45:41.132,0.81181,0.81197,1.58,1.00
2013.12.10 10:45:41.777,0.81181,0.81198,1.58,1.00
2013.12.10 10:45:43.072,0.81181,0.81198,1.20,1.00
2013.12.10 10:45:43.951,0.81181,0.81198,1.28,1.00
2013.12.10 10:45:44.941,0.81181,0.81198,1.58,1.00
2013.12.10 10:45:45.198,0.81181,0.81198,1.58,1.00
2013.12.10 10:45:51.540,0.81181,0.81196,1.58,1.00
2013.12.10 10:45:53.079,0.81181,0.81195,1.58,1.00
2013.12.10 10:45:53.616,0.81181,0.81199,1.58,2.03
2013.12.10 10:45:54.380,0.81177,0.81193,5.70,1.00
2013.12.10 10:45:54.632,0.81177,0.81193,2.78,1.00
2013.12.10 10:45:54.733,0.81177,0.81193,1.53,1.00
2013.12.10 10:45:57.871,0.81181,0.81194,1.00,1.00
2013.12.10 10:45:58.562,0.81181,0.81194,1.38,1.00
2013.12.10 10:45:58.816,0.81181,0.81196,1.38,1.13
2013.12.10 10:46:04.940,0.81181,0.81196,1.00,1.20
2013.12.10 10:46:05.519,0.81181,0.81196,1.38,1.20
2013.12.10 10:46:05.620,0.81176,0.81194,2.03,1.00
2013.12.10 10:46:13.199,0.81176,0.81188,1.28,1.00
2013.12.10 10:46:16.152,0.81176,0.81193,1.55,1.10
2013.12.10 10:46:23.348,0.81176,0.81193,1.38,1.20
2013.12.10 10:46:24.082,0.81176,0.81193,1.13,1.20
2013.12.10 10:46:25.277,0.81176,0.81193,1.20,1.10
2013.12.10 10:46:25.943,0.81176,0.81193,1.20,1.10
2013.12.10 10:46:26.252,0.81176,0.81193,1.38,1.20
2013.12.10 10:46:26.909,0.81182,0.81193,1.00,1.20
2013.12.10 10:46:27.211,0.81182,0.81192,1.00,1.15
2013.12.10 10:46:27.734,0.81182,0.81192,1.00,1.00
2013.12.10 10:46:27.885,0.81182,0.81194,1.00,1.10
2013.12.10 10:46:30.527,0.81182,0.81196,1.00,1.20
2013.12.10 10:46:32.899,0.81182,0.81192,1.00,1.00
2013.12.10 10:46:33.101,0.81176,0.81192,1.93,1.10
2013.12.10 10:46:33.590,0.81176,0.8119,1.45,1.00
2013.12.10 10:46:33.641,0.81176,0.8119,1.00,1.10
2013.12.10 10:46:33.692,0.81172,0.81188,1.53,1.00
2013.12.10 10:46:33.742,0.81172,0.81188,1.58,1.00
2013.12.10 10:46:36.867,0.81168,0.81183,2.63,1.00
2013.12.10 10:46:36.917,0.81167,0.81183,1.55,1.00
2013.12.10 10:46:37.332,0.81172,0.81186,1.00,1.10
2013.12.10 10:46:37.492,0.81172,0.81186,1.38,1.00
2013.12.10 10:46:37.643,0.81172,0.81188,1.55,1.00
2013.12.10 10:46:38.189,0.81172,0.81188,1.53,1.00
2013.12.10 10:46:38.998,0.81172,0.81188,1.53,1.00
2013.12.10 10:46:39.120,0.81172,0.81188,1.53,1.00
2013.12.10 10:46:39.459,0.81172,0.81188,1.53,1.00
2013.12.10 10:46:40.648,0.81172,0.81188,1.53,1.00
2013.12.10 10:46:40.749,0.81172,0.81188,1.58,1.00
2013.12.10 10:46:41.534,0.81172,0.81188,1.58,1.00
2013.12.10 10:46:45.298,0.81172,0.81188,1.58,1.00
2013.12.10 10:46:45.828,0.81172,0.81188,1.53,1.00
2013.12.10 10:46:47.860,0.81177,0.81192,1.00,1.00
2013.12.10 10:46:48.468,0.81177,0.81192,1.38,1.00
2013.12.10 10:46:49.886,0.81177,0.81193,1.53,1.50
2013.12.10 10:46:50.411,0.81177,0.81193,1.53,1.50
2013.12.10 10:46:52.333,0.81177,0.81193,1.53,1.50
2013.12.10 10:46:52.384,0.81182,0.81196,1.38,1.20
2013.12.10 10:46:53.090,0.81182,0.81196,1.38,1.00
2013.12.10 10:46:54.038,0.81182,0.81196,1.38,1.00
2013.12.10 10:47:14.148,0.81182,0.81196,1.13,1.10
2013.12.10 10:47:27.153,0.81177,0.81194,4.58,1.00
2013.12.10 10:47:36.348,0.81176,0.81194,1.90,1.00
2013.12.10 10:47:36.981,0.81176,0.81194,3.15,1.00
2013.12.10 10:47:37.539,0.81176,0.81194,1.90,1.00
2013.12.10 10:47:38.044,0.81176,0.81194,1.90,1.00
2013.12.10 10:47:38.677,0.81176,0.81194,1.90,1.00
2013.12.10 10:47:39.659,0.81176,0.81194,1.90,1.00
2013.12.10 10:47:42.920,0.8118,0.81194,1.00,1.50
2013.12.10 10:47:43.452,0.81176,0.81194,1.38,1.65
2013.12.10 10:47:44.365,0.81176,0.81194,1.38,1.65
2013.12.10 10:47:44.695,0.81176,0.81194,1.38,1.65
2013.12.10 10:47:45.707,0.81176,0.81194,1.53,1.10
2013.12.10 10:47:48.858,0.81176,0.81194,1.53,1.10
2013.12.10 10:47:49.517,0.81176,0.81194,1.53,1.10
2013.12.10 10:47:50.988,0.81176,0.81194,1.45,1.08
2013.12.10 10:47:51.534,0.81176,0.81194,1.45,1.08
2013.12.10 10:47:55.069,0.81182,0.81195,1.00,3.08
2013.12.10 10:47:56.145,0.81182,0.81195,1.13,1.15
2013.12.10 10:47:56.683,0.81182,0.81197,1.38,3.08
2013.12.10 10:47:57.036,0.81182,0.81198,1.38,2.03
2013.12.10 10:47:57.559,0.81186,0.81198,1.00,3.45
2013.12.10 10:47:57.609,0.81182,0.81198,1.38,4.20
2013.12.10 10:47:57.660,0.81182,0.81198,1.13,4.20
2013.12.10 10:48:00.565,0.81182,0.81197,1.13,1.15
2013.12.10 10:48:01.158,0.81182,0.81197,1.13,1.18
2013.12.10 10:48:02.642,0.81182,0.81197,1.20,1.00
2013.12.10 10:48:03.285,0.81182,0.81197,1.13,1.15
2013.12.10 10:48:09.487,0.81177,0.81193,3.15,1.00
2013.12.10 10:48:10.369,0.81182,0.81197,1.13,1.15
2013.12.10 10:48:18.872,0.81177,0.81193,1.90,1.00
2013.12.10 10:48:18.922,0.81177,0.81192,1.53,1.00
2013.12.10 10:48:19.454,0.81177,0.81192,1.20,1.10
2013.12.10 10:48:19.999,0.81176,0.81194,1.85,1.65
2013.12.10 10:48:20.050,0.81176,0.81194,1.95,1.65
2013.12.10 10:48:20.150,0.81176,0.81191,1.65,1.00
2013.12.10 10:48:20.589,0.81176,0.81192,1.20,1.00
2013.12.10 10:48:20.691,0.81176,0.8119,1.10,1.00
2013.12.10 10:48:20.993,0.81176,0.81184,1.00,1.00
2013.12.10 10:48:21.043,0.81172,0.81184,1.20,1.00
2013.12.10 10:48:29.586,0.81172,0.81185,1.20,1.00
2013.12.10 10:48:30.137,0.81172,0.81185,1.48,1.00
2013.12.10 10:48:30.896,0.81172,0.81186,1.20,1.00
2013.12.10 10:48:33.156,0.81172,0.81188,1.20,1.50
2013.12.10 10:48:33.587,0.81177,0.81188,1.00,1.00
2013.12.10 10:48:38.538,0.81172,0.81188,1.55,1.50
2013.12.10 10:48:39.048,0.81172,0.81188,1.55,1.50
2013.12.10 10:48:43.398,0.81172,0.81188,1.55,1.50
2013.12.10 10:48:43.760,0.81177,0.81189,1.20,1.00
2013.12.10 10:48:45.072,0.81177,0.81189,1.20,1.00
2013.12.10 10:48:45.122,0.81177,0.81187,1.13,1.00
2013.12.10 10:48:45.643,0.81177,0.81187,1.38,1.00
2013.12.10 10:48:46.932,0.81177,0.81187,1.45,1.00
2013.12.10 10:48:46.983,0.81177,0.81191,1.55,1.00
2013.12.10 10:48:47.149,0.81177,0.81191,1.55,1.00
2013.12.10 10:48:47.300,0.81177,0.81193,1.55,1.00
2013.12.10 10:48:47.906,0.81181,0.81194,1.38,1.00
2013.12.10 10:48:49.190,0.81181,0.81196,1.38,1.00
2013.12.10 10:48:49.432,0.81181,0.81194,1.38,1.00
2013.12.10 10:48:50.266,0.81181,0.81195,1.38,1.00
2013.12.10 10:48:50.878,0.81181,0.81194,1.13,1.00
2013.12.10 10:48:51.413,0.81181,0.81192,1.13,1.00
2013.12.10 10:48:52.674,0.81181,0.81192,1.38,1.00
2013.12.10 10:48:52.827,0.81181,0.81195,1.38,1.00
2013.12.10 10:48:59.483,0.81181,0.81195,1.45,1.00
2013.12.10 10:49:03.615,0.81181,0.81195,1.48,1.00
2013.12.10 10:49:06.036,0.81181,0.81195,1.55,1.00
2013.12.10 10:49:12.223,0.81181,0.81195,1.55,1.00
2013.12.10 10:49:14.727,0.81181,0.81195,1.55,1.00
2013.12.10 10:49:15.524,0.81181,0.81195,1.38,1.18
2013.12.10 10:49:16.133,0.81181,0.81195,1.38,1.00
2013.12.10 10:49:16.756,0.81181,0.81195,1.13,1.00
2013.12.10 10:49:16.927,0.81181,0.81195,1.38,1.00
2013.12.10 10:49:18.356,0.81181,0.81195,1.13,1.00
2013.12.10 10:49:19.103,0.81181,0.81195,1.38,1.00
2013.12.10 10:49:19.855,0.81181,0.81197,1.38,1.00
2013.12.10 10:49:19.932,0.81181,0.81197,1.38,1.00
2013.12.10 10:49:20.135,0.81181,0.81197,1.38,1.00
2013.12.10 10:49:20.185,0.81179,0.81193,2.70,1.00
2013.12.10 10:49:20.392,0.81182,0.81195,1.13,1.00
2013.12.10 10:49:20.716,0.81176,0.81194,1.53,1.50
2013.12.10 10:49:30.425,0.81174,0.81188,3.08,1.00
2013.12.10 10:49:30.476,0.81174,0.81188,3.08,1.00
2013.12.10 10:49:31.007,0.81172,0.81188,1.90,1.00
2013.12.10 10:49:31.365,0.81174,0.81188,1.90,1.00
2013.12.10 10:49:31.829,0.81176,0.81194,1.55,1.00
2013.12.10 10:49:32.687,0.81176,0.81194,1.18,1.00
2013.12.10 10:49:34.173,0.81176,0.81194,1.55,1.00
2013.12.10 10:49:48.744,0.81181,0.81195,1.13,1.10
2013.12.10 10:49:54.361,0.81177,0.81193,1.48,1.00
2013.12.10 10:49:55.084,0.81177,0.81193,1.38,1.18
2013.12.10 10:49:55.642,0.81177,0.81193,1.55,1.10
2013.12.10 10:49:56.579,0.81182,0.81194,1.00,1.00
2013.12.10 10:49:57.182,0.81182,0.81195,1.00,1.10
2013.12.10 10:49:58.314,0.81177,0.81193,1.55,1.00
2013.12.10 10:50:02.237,0.81177,0.81193,1.38,1.10
2013.12.10 10:50:14.817,0.81181,0.81194,1.00,1.10
2013.12.10 10:50:15.586,0.81177,0.81193,1.55,1.00
2013.12.10 10:50:20.009,0.81177,0.81193,1.48,1.08
2013.12.10 10:50:23.910,0.81177,0.81193,1.38,1.08
2013.12.10 10:50:24.530,0.81177,0.81193,1.38,1.15
2013.12.10 10:50:26.615,0.81177,0.81193,1.13,1.15
2013.12.10 10:50:30.144,0.81177,0.81193,1.13,3.08
2013.12.10 10:50:30.819,0.81177,0.81193,1.13,1.15
2013.12.10 10:50:31.462,0.81177,0.81193,1.00,1.15
2013.12.10 10:50:31.986,0.81177,0.81192,1.00,2.33
2013.12.10 10:50:32.984,0.81177,0.81193,1.00,1.15
2013.12.10 10:50:33.085,0.81177,0.81193,1.38,1.10
2013.12.10 10:50:33.135,0.81177,0.81193,1.38,1.65
2013.12.10 10:50:33.443,0.81177,0.81193,1.38,3.83
2013.12.10 10:50:38.827,0.81177,0.81192,1.13,1.15
2013.12.10 10:50:38.928,0.81166,0.81184,1.00,3.45
2013.12.10 10:50:39.029,0.81166,0.8118,1.00,2.33
2013.12.10 10:50:39.243,0.81161,0.81179,1.38,1.15
2013.12.10 10:50:39.496,0.81161,0.81177,1.38,2.33
2013.12.10 10:50:39.698,0.81161,0.81176,1.38,1.08
2013.12.10 10:50:40.173,0.81157,0.81173,1.93,1.00
2013.12.10 10:50:40.324,0.81157,0.81173,1.38,1.00
2013.12.10 10:50:40.883,0.81157,0.81173,1.13,1.58
2013.12.10 10:50:43.120,0.81151,0.81169,1.90,1.00
2013.12.10 10:50:43.868,0.81156,0.81171,1.13,1.18
2013.12.10 10:50:44.170,0.81156,0.81174,1.45,1.58
2013.12.10 10:50:44.221,0.81156,0.81174,1.45,1.58
2013.12.10 10:50:44.523,0.81167,0.81176,1.00,1.10
2013.12.10 10:50:45.077,0.81161,0.81176,1.38,1.00
2013.12.10 10:50:45.621,0.81161,0.81176,1.38,1.15
2013.12.10 10:50:47.825,0.81166,0.81176,1.00,1.15
2013.12.10 10:50:48.124,0.81166,0.81176,1.00,1.00
2013.12.10 10:50:48.856,0.81166,0.81179,1.00,1.15
2013.12.10 10:50:49.632,0.81166,0.81177,1.38,1.00
2013.12.10 10:50:50.291,0.81166,0.81177,1.00,1.00
2013.12.10 10:50:51.025,0.81166,0.81173,1.13,1.00
2013.12.10 10:50:51.176,0.81162,0.81173,1.15,1.00
2013.12.10 10:50:51.378,0.81162,0.81175,1.00,1.20
2013.12.10 10:50:51.797,0.81162,0.81175,1.13,1.18
2013.12.10 10:50:52.776,0.81162,0.81174,1.00,1.15
2013.12.10 10:50:52.927,0.81157,0.81173,1.13,1.15
2013.12.10 10:50:53.525,0.81157,0.81171,1.38,1.10
2013.12.10 10:50:54.195,0.81157,0.81171,1.13,1.10
2013.12.10 10:50:54.845,0.81157,0.81171,1.38,1.10
2013.12.10 10:50:55.424,0.81161,0.81174,1.00,1.15
2013.12.10 10:50:55.535,0.81161,0.81174,1.00,1.08
2013.12.10 10:50:56.168,0.81161,0.81174,1.38,1.08
2013.12.10 10:50:56.893,0.81161,0.81174,1.00,1.08
2013.12.10 10:51:00.574,0.81161,0.81174,1.13,1.00
2013.12.10 10:51:01.177,0.81161,0.81175,1.13,1.00
2013.12.10 10:51:03.847,0.81157,0.81174,3.08,1.00
2013.12.10 10:51:04.424,0.81162,0.81175,1.00,1.00
2013.12.10 10:51:07.443,0.81162,0.81174,1.00,1.00
2013.12.10 10:51:13.936,0.81162,0.81176,1.00,1.00
2013.12.10 10:51:14.785,0.81162,0.81175,1.00,1.00
2013.12.10 10:51:14.835,0.81157,0.81173,3.45,1.00
2013.12.10 10:51:14.936,0.81157,0.81173,1.53,1.00
2013.12.10 10:51:15.404,0.81161,0.81176,1.00,1.00
2013.12.10 10:51:22.376,0.81161,0.81173,1.00,1.00
2013.12.10 10:51:23.507,0.81161,0.8117,1.00,1.00
2013.12.10 10:51:23.558,0.81156,0.8117,2.78,1.00
2013.12.10 10:51:23.810,0.81156,0.81167,1.08,1.00
2013.12.10 10:51:23.860,0.81156,0.81167,1.00,1.00
2013.12.10 10:51:24.268,0.81156,0.8117,1.00,1.00
2013.12.10 10:51:24.479,0.81156,0.8117,1.08,1.00
2013.12.10 10:51:24.992,0.81156,0.8117,1.15,1.00
2013.12.10 10:51:25.322,0.81153,0.81168,4.88,1.00
2013.12.10 10:51:25.844,0.81152,0.81168,3.83,1.00
2013.12.10 10:51:26.163,0.81154,0.81168,2.70,1.00
2013.12.10 10:51:27.711,0.81153,0.81168,2.70,1.00
2013.12.10 10:51:27.862,0.81152,0.81168,1.65,1.00
2013.12.10 10:51:28.585,0.8115,0.81163,3.08,1.00
2013.12.10 10:51:28.636,0.81147,0.81163,1.53,1.00
2013.12.10 10:51:28.736,0.81147,0.81163,1.53,1.00
2013.12.10 10:51:29.566,0.81152,0.81164,1.00,1.00
2013.12.10 10:51:30.236,0.81152,0.81164,1.00,1.08
2013.12.10 10:51:31.985,0.81152,0.81167,1.00,1.48
2013.12.10 10:51:32.508,0.81152,0.81167,1.00,1.45
2013.12.10 10:51:33.210,0.81152,0.81167,1.00,1.48
2013.12.10 10:51:35.571,0.81152,0.81167,1.00,1.55
2013.12.10 10:51:36.181,0.81152,0.81167,1.00,3.45
2013.12.10 10:51:37.529,0.81146,0.81164,1.53,1.18
2013.12.10 10:51:38.032,0.81146,0.81164,1.38,1.18
2013.12.10 10:51:38.380,0.81151,0.81167,1.00,3.45
2013.12.10 10:51:38.643,0.81151,0.81167,1.13,1.15
2013.12.10 10:51:38.744,0.81151,0.81167,1.13,1.20
2013.12.10 10:51:42.665,0.81151,0.81167,1.38,1.20
2013.12.10 10:51:43.340,0.81156,0.81167,1.00,1.20
2013.12.10 10:51:45.906,0.81151,0.81167,1.38,1.20
2013.12.10 10:51:46.409,0.81151,0.81167,1.00,1.18
2013.12.10 10:51:50.385,0.81151,0.81167,1.38,1.18
2013.12.10 10:51:50.536,0.81151,0.81169,1.38,1.65
2013.12.10 10:51:50.834,0.81157,0.81169,1.00,1.15
2013.12.10 10:51:51.167,0.81157,0.8117,1.00,1.10
2013.12.10 10:51:52.590,0.81157,0.8117,1.00,1.18
2013.12.10 10:51:53.311,0.81157,0.81168,1.00,1.00
2013.12.10 10:52:01.093,0.81157,0.8117,1.00,1.18
2013.12.10 10:52:01.622,0.81157,0.8117,1.00,1.10
2013.12.10 10:52:01.774,0.81157,0.81168,1.00,1.00
2013.12.10 10:52:01.824,0.81152,0.81168,1.65,1.50
2013.12.10 10:52:02.383,0.81152,0.81168,1.65,1.00
2013.12.10 10:52:10.054,0.81156,0.81169,1.00,1.20
2013.12.10 10:52:12.312,0.81156,0.81168,1.00,1.00
2013.12.10 10:52:12.642,0.81151,0.81163,1.65,1.00
2013.12.10 10:52:12.976,0.81157,0.81164,1.00,1.00
2013.12.10 10:52:13.382,0.81152,0.81164,1.13,1.00
2013.12.10 10:52:14.166,0.81152,0.81163,1.38,1.00
2013.12.10 10:52:14.690,0.81152,0.81163,1.00,1.00
2013.12.10 10:52:16.423,0.81152,0.81164,1.00,1.00
2013.12.10 10:52:18.033,0.81152,0.81166,1.13,1.00
2013.12.10 10:52:18.728,0.81152,0.81166,1.38,1.00
2013.12.10 10:52:19.235,0.81152,0.81166,1.00,1.00
2013.12.10 10:52:19.597,0.81152,0.81168,1.00,1.20
2013.12.10 10:52:19.709,0.81156,0.81169,1.00,3.08
2013.12.10 10:52:19.861,0.81156,0.81167,1.00,1.00
2013.12.10 10:52:20.819,0.81156,0.81169,1.00,1.10
2013.12.10 10:52:21.313,0.81151,0.81169,1.65,1.50
2013.12.10 10:52:22.073,0.81151,0.81168,1.65,1.00
2013.12.10 10:52:23.130,0.81151,0.81168,1.28,1.00
2013.12.10 10:52:24.069,0.81151,0.81168,1.00,1.18
2013.12.10 10:52:25.393,0.81151,0.81168,1.10,1.00
2013.12.10 10:52:26.604,0.81151,0.81168,1.48,1.00
2013.12.10 10:52:30.115,0.81156,0.81168,1.00,1.00
2013.12.10 10:52:30.793,0.81156,0.81166,1.00,1.00
2013.12.10 10:52:30.894,0.81152,0.81166,1.13,1.18
2013.12.10 10:52:32.891,0.81157,0.81167,1.00,1.10
2013.12.10 10:52:33.566,0.81157,0.81166,1.00,1.00
2013.12.10 10:52:33.635,0.81152,0.81166,1.13,1.00
2013.12.10 10:52:34.172,0.81152,0.81167,1.13,1.00
2013.12.10 10:52:35.661,0.81157,0.81167,1.00,1.00
2013.12.10 10:52:36.825,0.81151,0.81167,1.38,1.00
2013.12.10 10:52:37.695,0.81151,0.81167,1.13,1.00
2013.12.10 10:52:39.467,0.81151,0.81167,1.38,1.00
2013.12.10 10:52:39.567,0.81151,0.81169,1.55,1.00
2013.12.10 10:52:40.351,0.81151,0.81169,1.38,1.15
2013.12.10 10:52:40.451,0.81151,0.81167,1.00,1.08
2013.12.10 10:52:40.664,0.81151,0.81167,1.38,1.08
2013.12.10 10:52:40.846,0.81151,0.81169,1.55,1.18
2013.12.10 10:52:40.896,0.81157,0.81171,1.00,1.15
2013.12.10 10:52:41.637,0.81157,0.81168,1.00,1.08
2013.12.10 10:52:42.229,0.81157,0.81167,1.00,1.00
2013.12.10 10:52:42.445,0.81152,0.81164,1.00,1.00
2013.12.10 10:52:43.702,0.81152,0.81163,1.00,1.00
2013.12.10 10:52:44.234,0.81152,0.81163,1.00,1.18
2013.12.10 10:52:44.919,0.81148,0.81163,1.00,1.18
2013.12.10 10:52:45.096,0.81146,0.81164,1.85,1.65
2013.12.10 10:52:45.249,0.81146,0.81164,1.90,1.50
2013.12.10 10:52:46.087,0.81146,0.81164,3.83,1.50
2013.12.10 10:52:48.065,0.81152,0.81164,1.00,1.00
2013.12.10 10:52:51.843,0.81152,0.81162,1.00,1.00
2013.12.10 10:52:52.387,0.81152,0.81164,1.00,1.00
2013.12.10 10:52:55.084,0.81152,0.81164,1.08,1.00
2013.12.10 10:52:55.614,0.81152,0.81164,1.20,1.00
2013.12.10 10:53:01.032,0.81152,0.81166,1.20,1.00
2013.12.10 10:53:01.283,0.81152,0.81166,1.28,1.00
2013.12.10 10:53:02.847,0.81152,0.81166,1.28,1.00
2013.12.10 10:53:09.325,0.81152,0.81166,1.15,1.00
2013.12.10 10:53:10.368,0.81152,0.81166,1.28,1.00
2013.12.10 10:53:10.419,0.81152,0.81168,1.28,1.50
2013.12.10 10:53:10.843,0.81156,0.81165,1.00,1.00
2013.12.10 10:53:11.347,0.81156,0.81165,1.08,1.00
2013.12.10 10:53:11.397,0.81156,0.81169,1.15,1.00
2013.12.10 10:53:11.910,0.81156,0.8117,1.15,1.00
2013.12.10 10:53:14.334,0.81156,0.8117,1.15,1.38
2013.12.10 10:53:14.435,0.81151,0.81166,1.55,1.00
2013.12.10 10:53:14.586,0.81151,0.81162,1.53,1.00
2013.12.10 10:53:14.737,0.81151,0.81162,1.00,1.00
2013.12.10 10:53:15.554,0.81151,0.81163,1.00,1.00
2013.12.10 10:53:16.552,0.81147,0.81163,1.15,1.50
2013.12.10 10:53:18.072,0.81151,0.81163,1.00,1.00
2013.12.10 10:53:22.086,0.81151,0.81166,1.00,1.10
2013.12.10 10:53:22.187,0.81157,0.81166,1.00,1.10
2013.12.10 10:53:23.940,0.81151,0.81166,1.53,1.00
2013.12.10 10:53:27.041,0.81151,0.81166,3.45,1.00
2013.12.10 10:53:27.243,0.81151,0.81166,1.15,1.00
2013.12.10 10:53:29.303,0.81156,0.81166,1.00,1.00
2013.12.10 10:53:29.867,0.81156,0.81167,1.08,1.00
2013.12.10 10:53:41.618,0.81152,0.81167,2.33,1.00
2013.12.10 10:53:44.823,0.81151,0.81165,1.18,1.00
2013.12.10 10:53:44.874,0.81151,0.81165,1.10,1.00
2013.12.10 10:53:44.975,0.81151,0.81164,2.33,1.00
2013.12.10 10:53:45.088,0.81147,0.81164,4.88,1.00
2013.12.10 10:53:48.139,0.81147,0.81162,4.88,1.00
2013.12.10 10:53:49.018,0.81146,0.81162,1.53,1.00
2013.12.10 10:53:50.401,0.81146,0.81162,3.45,1.00
2013.12.10 10:53:50.853,0.81146,0.81162,1.28,1.00
2013.12.10 10:53:52.592,0.81146,0.81162,1.08,1.10
2013.12.10 10:53:52.743,0.81146,0.81158,1.08,1.00
2013.12.10 10:53:56.035,0.81141,0.81158,3.45,1.00
2013.12.10 10:53:56.086,0.81147,0.81158,1.00,1.00
2013.12.10 10:53:56.420,0.81147,0.81155,1.00,1.00
2013.12.10 10:53:58.011,0.81147,0.81158,1.00,1.00
2013.12.10 10:53:58.393,0.81141,0.81158,1.58,1.20
2013.12.10 10:53:58.894,0.81141,0.81158,1.15,1.00
2013.12.10 10:54:00.870,0.81141,0.81159,1.15,1.10
2013.12.10 10:54:00.991,0.81141,0.81159,3.08,1.00
2013.12.10 10:54:05.073,0.81143,0.81159,2.33,1.00
2013.12.10 10:54:06.541,0.81142,0.81159,3.08,1.00
2013.12.10 10:54:06.943,0.81141,0.81154,4.88,1.00
2013.12.10 10:54:07.131,0.8114,0.81154,1.13,1.10
2013.12.10 10:54:07.470,0.81142,0.81157,1.00,1.55
2013.12.10 10:54:07.522,0.81142,0.81157,1.00,2.40
2013.12.10 10:54:07.623,0.81138,0.81154,2.70,1.00
2013.12.10 10:54:07.673,0.81136,0.81154,6.00,1.00
2013.12.10 10:54:08.187,0.81138,0.81154,2.70,1.50
2013.12.10 10:54:08.867,0.81142,0.81155,1.10,1.00
2013.12.10 10:54:09.303,0.81142,0.81155,1.08,1.00
2013.12.10 10:54:12.422,0.81142,0.81158,1.53,1.50
2013.12.10 10:54:13.855,0.81142,0.81158,3.45,1.00
2013.12.10 10:54:13.962,0.81146,0.81162,1.10,2.25
2013.12.10 10:54:14.063,0.81146,0.81162,1.15,2.25
2013.12.10 10:54:17.424,0.81146,0.81162,1.55,1.00
2013.12.10 10:54:17.778,0.81146,0.81162,1.53,1.00
2013.12.10 10:54:18.818,0.81147,0.81162,2.70,1.00
2013.12.10 10:54:18.919,0.81148,0.81164,2.70,1.50
2013.12.10 10:54:21.597,0.8115,0.81164,2.33,1.50
2013.12.10 10:54:22.040,0.81146,0.81164,2.63,1.65
2013.12.10 10:54:22.141,0.81147,0.81158,1.88,1.00
2013.12.10 10:54:22.427,0.81142,0.81157,1.53,1.00
2013.12.10 10:54:23.090,0.81142,0.81157,1.15,1.00
2013.12.10 10:54:25.680,0.81147,0.81157,1.00,1.00
2013.12.10 10:54:30.642,0.81147,0.81159,1.00,1.08
2013.12.10 10:54:31.489,0.81147,0.81158,1.00,1.18
2013.12.10 10:54:34.054,0.81142,0.81157,1.00,1.10
2013.12.10 10:54:38.852,0.81138,0.81154,1.55,1.00
2013.12.10 10:54:40.661,0.81136,0.81154,1.90,1.00
2013.12.10 10:54:45.721,0.81137,0.81154,4.43,1.00
2013.12.10 10:54:45.822,0.81141,0.81158,1.58,1.20
2013.12.10 10:54:45.924,0.81141,0.81158,1.48,1.18
2013.12.10 10:54:46.126,0.81141,0.81159,1.88,1.15
2013.12.10 10:54:46.226,0.81141,0.81159,1.95,1.08
2013.12.10 10:54:46.763,0.81142,0.81159,1.48,1.00
2013.12.10 10:54:47.517,0.81142,0.81159,1.10,1.00
2013.12.10 10:54:48.032,0.81142,0.81153,1.20,1.00
2013.12.10 10:54:48.782,0.81137,0.81153,3.83,1.00
2013.12.10 10:54:50.870,0.81137,0.81153,1.28,1.00
2013.12.10 10:54:52.892,0.81137,0.81153,1.65,1.00
2013.12.10 10:54:55.455,0.81137,0.81153,4.50,1.00
2013.12.10 10:54:56.771,0.81137,0.81153,1.28,1.00
2013.12.10 10:54:57.316,0.81137,0.81153,1.28,1.00
2013.12.10 10:55:01.733,0.81137,0.81153,1.18,1.10
2013.12.10 10:55:02.095,0.81135,0.81148,1.15,1.00
2013.12.10 10:55:07.774,0.81132,0.81148,1.95,1.00
2013.12.10 10:55:09.083,0.81132,0.81146,1.53,1.00
2013.12.10 10:55:09.184,0.81127,0.81144,1.15,1.10
2013.12.10 10:55:09.335,0.81125,0.81139,3.45,1.00
2013.12.10 10:55:10.336,0.81126,0.81144,1.15,1.58
2013.12.10 10:55:12.255,0.81126,0.81142,1.28,1.00
2013.12.10 10:55:12.804,0.81126,0.81144,1.15,1.58
2013.12.10 10:55:12.855,0.81131,0.81144,1.00,1.10
2013.12.10 10:55:14.064,0.81126,0.81144,1.15,1.50
2013.12.10 10:55:14.165,0.81126,0.81142,1.15,1.00
2013.12.10 10:55:16.053,0.81126,0.81142,1.15,1.00
2013.12.10 10:55:16.104,0.81126,0.8114,1.15,1.00
2013.12.10 10:55:16.426,0.81123,0.81138,4.88,1.00
2013.12.10 10:55:16.527,0.81121,0.81138,6.00,1.00
2013.12.10 10:55:16.729,0.81121,0.81137,1.65,1.00
2013.12.10 10:55:17.881,0.81121,0.81135,1.65,1.00
2013.12.10 10:55:18.091,0.81121,0.81137,1.65,1.00
2013.12.10 10:55:18.343,0.81121,0.81137,3.83,1.00
2013.12.10 10:55:19.295,0.81121,0.81139,3.83,1.50
2013.12.10 10:55:19.808,0.81121,0.81139,3.45,1.88
2013.12.10 10:55:19.859,0.81121,0.81135,3.45,1.00
2013.12.10 10:55:20.078,0.81121,0.81139,1.55,1.88
2013.12.10 10:55:20.894,0.81126,0.81139,1.00,1.00
2013.12.10 10:55:21.124,0.81122,0.81138,1.90,1.00
2013.12.10 10:55:21.545,0.81126,0.81137,1.00,1.00
2013.12.10 10:55:21.984,0.81122,0.81137,1.53,1.00
2013.12.10 10:55:22.206,0.81127,0.81137,1.00,1.00
2013.12.10 10:55:22.358,0.81122,0.81137,1.20,1.00
2013.12.10 10:55:22.409,0.81122,0.81135,1.20,1.00
2013.12.10 10:55:22.610,0.81122,0.81138,1.10,1.00
2013.12.10 10:55:22.661,0.81126,0.8114,1.00,1.10
2013.12.10 10:55:22.964,0.81122,0.81138,1.53,1.00
2013.12.10 10:55:24.023,0.81122,0.81137,1.53,1.00
2013.12.10 10:55:28.384,0.81126,0.81137,1.00,1.00
2013.12.10 10:55:28.759,0.81122,0.81139,4.88,1.00
2013.12.10 10:55:28.861,0.81131,0.8114,1.38,1.00
2013.12.10 10:55:28.962,0.81131,0.81146,1.38,1.65
2013.12.10 10:55:29.063,0.81131,0.81146,1.55,1.50
2013.12.10 10:55:29.163,0.81131,0.81149,1.55,1.58
2013.12.10 10:55:29.822,0.81128,0.81144,2.70,1.00
2013.12.10 10:55:32.792,0.81127,0.81138,3.08,1.00
2013.12.10 10:55:33.309,0.81127,0.81138,2.33,1.00
2013.12.10 10:55:33.564,0.81127,0.81143,3.45,1.50
2013.12.10 10:55:34.926,0.81127,0.81143,1.18,1.50
2013.12.10 10:55:35.077,0.81127,0.81143,1.00,1.50
2013.12.10 10:55:35.622,0.81127,0.81142,1.00,1.00
2013.12.10 10:55:36.773,0.81122,0.81138,6.00,1.00
2013.12.10 10:55:47.031,0.81122,0.81138,1.28,1.50
2013.12.10 10:55:47.232,0.81122,0.81137,1.28,1.00
2013.12.10 10:55:47.987,0.81122,0.81136,1.28,1.00
2013.12.10 10:55:48.312,0.81122,0.81131,1.28,1.00
2013.12.10 10:55:48.413,0.81122,0.81131,1.00,1.00
2013.12.10 10:55:48.564,0.81122,0.81135,1.00,1.00
2013.12.10 10:55:48.872,0.81122,0.81137,1.10,1.00
2013.12.10 10:55:49.130,0.81122,0.81135,1.10,1.00
2013.12.10 10:55:52.051,0.81122,0.81133,1.10,1.00
2013.12.10 10:55:52.602,0.81122,0.81134,1.00,1.00
2013.12.10 10:55:53.500,0.81122,0.81134,1.08,1.00
2013.12.10 10:55:54.069,0.81119,0.81133,2.33,1.00
2013.12.10 10:55:56.159,0.81118,0.81133,2.33,1.00
2013.12.10 10:56:01.029,0.81119,0.81133,2.70,1.00
2013.12.10 10:56:01.186,0.81117,0.81133,3.45,1.00
2013.12.10 10:56:01.692,0.81118,0.81134,2.70,1.00
2013.12.10 10:56:02.615,0.81121,0.81135,1.18,1.00
2013.12.10 10:56:05.848,0.81118,0.81135,2.70,1.50
2013.12.10 10:56:06.367,0.81121,0.81135,1.18,1.00
2013.12.10 10:56:08.003,0.81118,0.81135,3.08,1.00
2013.12.10 10:56:09.869,0.81122,0.81131,1.38,1.00
2013.12.10 10:56:09.920,0.81122,0.81133,1.38,1.00
2013.12.10 10:56:10.121,0.81126,0.81137,1.18,1.00
2013.12.10 10:56:10.622,0.81126,0.81138,1.18,1.00
2013.12.10 10:56:15.072,0.81126,0.81139,1.18,1.00
2013.12.10 10:56:16.428,0.81126,0.81139,1.00,1.00
2013.12.10 10:56:22.865,0.81126,0.81141,1.00,1.00
2013.12.10 10:56:23.067,0.81126,0.81141,1.15,1.00
2013.12.10 10:56:25.953,0.81126,0.81139,1.15,1.00
2013.12.10 10:56:32.421,0.81126,0.8114,1.15,1.00
2013.12.10 10:56:35.988,0.81124,0.81138,4.88,1.00
2013.12.10 10:56:36.749,0.81127,0.8114,1.15,1.00
2013.12.10 10:56:36.850,0.81127,0.81143,1.15,1.50
2013.12.10 10:56:36.901,0.81127,0.81143,3.45,1.50
2013.12.10 10:56:37.483,0.81127,0.81144,3.08,1.50
2013.12.10 10:56:41.834,0.81127,0.81144,3.08,1.00
2013.12.10 10:56:43.124,0.81132,0.81144,2.63,1.00
2013.12.10 10:56:43.536,0.81131,0.81149,5.63,1.50
2013.12.10 10:56:43.587,0.81131,0.81147,3.45,1.00
2013.12.10 10:56:43.639,0.81131,0.81147,1.53,1.00
2013.12.10 10:56:44.001,0.81131,0.81147,3.45,1.00
2013.12.10 10:56:44.152,0.81131,0.81147,1.28,1.00
2013.12.10 10:56:47.397,0.81131,0.81149,1.28,1.50
2013.12.10 10:56:48.041,0.81131,0.81147,1.28,1.00
2013.12.10 10:56:48.371,0.81131,0.81145,1.20,1.00
2013.12.10 10:56:49.690,0.81131,0.81144,1.20,1.00
2013.12.10 10:56:51.011,0.81131,0.81148,1.20,1.08
2013.12.10 10:56:51.061,0.81131,0.81148,1.20,1.00
2013.12.10 10:56:55.409,0.81129,0.81144,2.70,1.00
2013.12.10 10:56:58.913,0.8113,0.81144,2.70,1.00
2013.12.10 10:57:03.697,0.81131,0.81148,1.53,1.00
2013.12.10 10:57:03.800,0.81131,0.81143,1.53,1.00
2013.12.10 10:57:04.331,0.81134,0.81143,2.33,1.00
2013.12.10 10:57:05.752,0.81134,0.81149,2.33,1.00
2013.12.10 10:57:15.981,0.81136,0.8115,1.18,1.00
2013.12.10 10:57:18.400,0.81134,0.81149,2.70,1.00
2013.12.10 10:57:20.280,0.81136,0.8115,1.18,1.00
2013.12.10 10:57:22.841,0.81134,0.81148,2.70,1.00
2013.12.10 10:57:22.992,0.81132,0.81148,4.88,1.00
2013.12.10 10:57:23.506,0.81132,0.81147,2.70,1.00
2013.12.10 10:57:24.452,0.81132,0.81143,2.70,1.00
2013.12.10 10:57:41.840,0.81132,0.81148,2.33,1.00
2013.12.10 10:57:41.991,0.81132,0.81144,2.70,1.00
2013.12.10 10:57:46.249,0.8113,0.81144,2.70,1.00
2013.12.10 10:57:46.913,0.81129,0.81144,2.70,1.00
2013.12.10 10:57:49.886,0.81129,0.81139,2.70,1.00
2013.12.10 10:57:49.987,0.81126,0.81139,1.90,1.00
2013.12.10 10:57:53.580,0.81123,0.81139,7.50,1.00
2013.12.10 10:57:54.840,0.81123,0.81138,2.70,1.00
2013.12.10 10:57:55.564,0.81122,0.81138,3.08,1.00
2013.12.10 10:57:58.363,0.81126,0.81142,1.10,1.00
2013.12.10 10:57:58.413,0.81126,0.81142,1.15,1.00
2013.12.10 10:57:58.769,0.81126,0.81144,1.53,1.50
2013.12.10 10:58:02.083,0.81126,0.81141,1.53,1.00
2013.12.10 10:58:07.715,0.81125,0.81139,2.70,1.00
2013.12.10 10:58:12.309,0.81127,0.81141,1.15,1.00
2013.12.10 10:58:12.460,0.81127,0.81139,1.15,1.00
2013.12.10 10:58:12.568,0.81127,0.81141,1.15,1.00
2013.12.10 10:58:15.928,0.81127,0.81143,1.28,1.00
2013.12.10 10:58:16.080,0.8113,0.81143,2.33,1.00
2013.12.10 10:58:20.293,0.81128,0.81143,2.63,1.00
2013.12.10 10:58:20.394,0.81125,0.81139,1.65,1.00
2013.12.10 10:58:22.457,0.81123,0.81136,4.88,1.00
2013.12.10 10:58:22.641,0.81123,0.81138,4.88,1.00
2013.12.10 10:58:23.220,0.81121,0.81138,1.53,1.00
2013.12.10 10:58:25.260,0.81122,0.81138,2.70,1.00
2013.12.10 10:58:25.945,0.81121,0.81138,3.45,1.00
2013.12.10 10:58:30.361,0.81121,0.81138,4.95,1.00
2013.12.10 10:58:30.907,0.81123,0.81138,2.70,1.00
2013.12.10 10:58:31.609,0.81121,0.81138,4.20,1.00
2013.12.10 10:58:32.227,0.81127,0.81138,1.13,1.00
2013.12.10 10:58:34.667,0.81122,0.81137,5.63,1.00
2013.12.10 10:58:35.299,0.81122,0.81137,1.53,1.00
2013.12.10 10:58:35.858,0.81122,0.81137,1.55,1.00
2013.12.10 10:58:36.390,0.81122,0.81134,1.55,1.00
2013.12.10 10:58:36.492,0.81117,0.81134,4.20,1.58
2013.12.10 10:58:36.593,0.81117,0.81134,2.03,1.58
2013.12.10 10:58:36.643,0.81116,0.81131,1.38,1.00
2013.12.10 10:58:37.178,0.81116,0.81131,1.38,1.00
2013.12.10 10:58:37.952,0.81116,0.81131,1.38,1.00
2013.12.10 10:58:38.541,0.81122,0.81131,1.00,1.00
2013.12.10 10:58:38.592,0.81122,0.81135,1.00,1.08
2013.12.10 10:58:38.743,0.81122,0.81135,1.38,1.00
2013.12.10 10:58:39.046,0.81122,0.81138,1.55,1.00
2013.12.10 10:58:39.096,0.81126,0.81139,1.38,1.00
2013.12.10 10:58:39.399,0.81131,0.81146,1.13,1.15
2013.12.10 10:58:40.512,0.81131,0.81146,1.38,1.15
2013.12.10 10:58:40.718,0.81131,0.81146,1.13,1.10
2013.12.10 10:58:41.161,0.81127,0.81143,2.78,1.00
2013.12.10 10:58:41.454,0.81127,0.81143,2.78,1.00
2013.12.10 10:58:41.988,0.81127,0.81143,1.48,1.50
2013.12.10 10:58:42.377,0.81125,0.81139,2.03,1.00
2013.12.10 10:58:42.478,0.81122,0.81139,4.58,1.00
2013.12.10 10:58:43.122,0.81122,0.81139,4.20,1.00
2013.12.10 10:58:43.552,0.81122,0.81139,2.03,1.00
2013.12.10 10:58:46.504,0.81121,0.81139,1.55,1.58
2013.12.10 10:58:46.605,0.81121,0.81139,1.38,3.83
2013.12.10 10:58:47.412,0.81121,0.81139,1.00,3.83
2013.12.10 10:58:47.667,0.81121,0.81139,1.00,1.65
2013.12.10 10:58:48.033,0.81121,0.81136,1.28,1.00
2013.12.10 10:58:48.123,0.81121,0.81136,1.20,1.00
2013.12.10 10:58:48.291,0.81119,0.81133,2.40,1.00
2013.12.10 10:58:48.794,0.81117,0.81132,1.38,1.00
2013.12.10 10:58:48.896,0.81117,0.81132,1.00,1.00
2013.12.10 10:58:49.315,0.81117,0.81132,1.20,1.00
2013.12.10 10:58:49.567,0.81117,0.81131,1.20,1.00
2013.12.10 10:58:49.721,0.81117,0.81133,1.28,1.50
2013.12.10 10:58:50.821,0.81114,0.81126,2.70,1.00
2013.12.10 10:58:50.871,0.81113,0.81126,2.40,1.00
2013.12.10 10:58:51.023,0.81112,0.81126,1.38,1.00
2013.12.10 10:58:51.074,0.81116,0.81126,1.00,1.00
2013.12.10 10:58:51.175,0.81116,0.81129,1.00,1.00
2013.12.10 10:58:51.326,0.81116,0.81129,3.08,1.00
2013.12.10 10:58:51.851,0.81116,0.81131,3.08,1.00
2013.12.10 10:58:52.548,0.81116,0.81134,3.45,1.50
2013.12.10 10:58:52.600,0.81122,0.81134,1.00,1.00
2013.12.10 10:58:52.801,0.81122,0.81136,1.20,1.13
2013.12.10 10:58:54.356,0.81122,0.81135,1.20,1.00
2013.12.10 10:58:54.878,0.81118,0.81131,4.88,1.00
2013.12.10 10:58:55.130,0.81118,0.81133,4.50,1.00
2013.12.10 10:58:59.183,0.81118,0.81132,5.25,1.00
2013.12.10 10:58:59.507,0.81117,0.81131,1.55,1.00
2013.12.10 10:59:00.074,0.81117,0.81131,1.65,1.00
2013.12.10 10:59:03.462,0.81117,0.81129,1.65,1.00
2013.12.10 10:59:03.815,0.81116,0.81127,1.48,1.00
2013.12.10 10:59:04.057,0.81116,0.81127,1.10,1.00
2013.12.10 10:59:04.158,0.8111,0.81124,4.20,1.00
2013.12.10 10:59:04.309,0.81106,0.81123,1.53,1.00
2013.12.10 10:59:04.422,0.81106,0.81123,1.28,1.00
2013.12.10 10:59:04.551,0.81117,0.81123,1.00,1.00
2013.12.10 10:59:04.803,0.81117,0.81128,1.00,1.15
2013.12.10 10:59:05.397,0.81117,0.81128,1.00,1.00
2013.12.10 10:59:07.098,0.81121,0.81128,1.00,1.00
2013.12.10 10:59:07.199,0.81117,0.81128,1.00,1.00
2013.12.10 10:59:07.653,0.81117,0.81124,1.10,1.00
2013.12.10 10:59:08.171,0.81117,0.81125,1.00,1.00
2013.12.10 10:59:08.871,0.81117,0.81127,1.00,1.00
2013.12.10 10:59:09.304,0.81122,0.81129,1.00,1.00
2013.12.10 10:59:09.646,0.81122,0.81131,1.00,1.00
2013.12.10 10:59:12.156,0.81116,0.81126,1.15,1.00
2013.12.10 10:59:12.207,0.81116,0.81126,1.08,1.00
2013.12.10 10:59:12.715,0.81116,0.81126,1.00,1.00
2013.12.10 10:59:12.816,0.81116,0.8113,1.00,2.70
2013.12.10 10:59:13.326,0.81116,0.8113,1.00,1.00
2013.12.10 10:59:13.828,0.81116,0.81131,1.00,1.00
2013.12.10 10:59:14.463,0.81116,0.81133,1.48,1.10
2013.12.10 10:59:14.946,0.81122,0.81133,1.00,1.00
2013.12.10 10:59:22.359,0.81122,0.81133,1.00,1.50
2013.12.10 10:59:22.460,0.81116,0.81128,1.00,1.00
2013.12.10 10:59:22.561,0.81116,0.8113,1.00,1.10
2013.12.10 10:59:22.712,0.81121,0.8113,1.00,1.10
2013.12.10 10:59:22.813,0.81117,0.8113,1.00,1.00
2013.12.10 10:59:22.864,0.81117,0.81128,1.00,1.00
2013.12.10 10:59:23.500,0.81111,0.81128,3.83,1.00
2013.12.10 10:59:24.968,0.81111,0.81128,1.18,1.00
2013.12.10 10:59:25.588,0.81117,0.81128,1.00,1.00
2013.12.10 10:59:26.070,0.81117,0.81131,1.00,1.00
2013.12.10 10:59:26.328,0.81121,0.81131,1.00,1.00
2013.12.10 10:59:26.833,0.81121,0.81132,1.00,1.00
2013.12.10 10:59:29.787,0.81121,0.81131,1.00,1.00
2013.12.10 10:59:30.234,0.81121,0.81131,1.00,1.18
2013.12.10 10:59:30.543,0.81121,0.81131,1.00,1.10
2013.12.10 10:59:31.618,0.81116,0.81131,1.28,1.00
2013.12.10 10:59:31.981,0.81116,0.81131,1.13,1.15
2013.12.10 10:59:32.283,0.81115,0.81123,1.00,1.28
2013.12.10 10:59:32.384,0.81111,0.81123,1.00,1.15
2013.12.10 10:59:32.637,0.81111,0.81124,1.00,1.10
2013.12.10 10:59:32.687,0.81111,0.81124,1.38,1.10
2013.12.10 10:59:32.889,0.81111,0.81126,1.00,1.88
2013.12.10 10:59:32.940,0.81106,0.81124,1.08,1.18
2013.12.10 10:59:32.991,0.81106,0.81124,1.00,3.08
2013.12.10 10:59:33.092,0.81106,0.81122,1.00,1.20
2013.12.10 10:59:33.495,0.81106,0.81124,1.28,1.00
2013.12.10 10:59:33.820,0.81111,0.81127,1.10,1.08
2013.12.10 10:59:33.972,0.81111,0.81129,1.28,1.15
2013.12.10 10:59:34.072,0.81111,0.81129,1.28,1.10
2013.12.10 10:59:35.118,0.81116,0.81131,1.00,2.78
2013.12.10 10:59:37.308,0.81112,0.81128,3.08,1.00
2013.12.10 10:59:37.567,0.81112,0.81128,1.15,1.00
2013.12.10 10:59:38.074,0.81112,0.81127,1.15,1.13
2013.12.10 10:59:38.276,0.81112,0.81127,1.20,1.13
2013.12.10 10:59:38.770,0.81112,0.81127,1.08,1.00
2013.12.10 10:59:39.294,0.81114,0.81128,2.33,1.00
2013.12.10 10:59:39.830,0.81112,0.81128,3.08,1.50
2013.12.10 10:59:40.200,0.81114,0.81128,2.33,1.50
2013.12.10 10:59:49.617,0.81114,0.81124,2.33,1.00
2013.12.10 10:59:49.718,0.81107,0.81124,2.70,1.00
2013.12.10 10:59:50.101,0.81111,0.81128,1.10,1.38
2013.12.10 10:59:50.202,0.81111,0.81128,1.10,1.00
2013.12.10 10:59:50.252,0.81111,0.81128,3.08,1.00
2013.12.10 10:59:51.127,0.81111,0.81129,3.08,1.88
2013.12.10 10:59:51.436,0.81117,0.81129,1.18,1.00
2013.12.10 10:59:54.990,0.81117,0.8113,1.15,1.00
2013.12.10 10:59:55.191,0.81117,0.8113,1.00,1.00
2013.12.10 10:59:57.086,0.81117,0.81129,1.00,1.00
2013.12.10 10:59:57.388,0.81111,0.81129,1.00,1.50
2013.12.10 10:59:59.418,0.81111,0.81129,1.38,1.00
2013.12.10 10:59:59.620,0.81111,0.81129,1.48,1.00
2013.12.10 10:59:59.818,0.81111,0.81129,1.20,1.00
