2012.03.23 01:00:00.800,0.94957,0.94978,2.25,1.50
2012.03.23 01:00:01.030,0.94959,0.94982,1.50,1.50
2012.03.23 01:00:01.362,0.94956,0.94979,1.50,1.50
2012.03.23 01:00:01.965,0.94953,0.94976,1.50,1.50
2012.03.23 01:00:02.331,0.94957,0.94978,1.50,1.50
2012.03.23 01:00:02.712,0.94954,0.94977,1.50,1.50
2012.03.23 01:00:10.373,0.94958,0.94979,1.50,1.50
2012.03.23 01:00:12.282,0.94952,0.94973,1.50,1.50
2012.03.23 01:00:12.612,0.94949,0.9497,1.50,1.50
2012.03.23 01:00:12.740,0.94951,0.94974,1.50,2.10
2012.03.23 01:00:14.803,0.94946,0.94966,2.25,1.50
2012.03.23 01:00:18.744,0.94948,0.94969,1.50,1.50
2012.03.23 01:00:18.810,0.9495,0.94973,1.50,2.10
2012.03.23 01:00:21.091,0.94947,0.9497,2.25,1.50
2012.03.23 01:00:23.141,0.94951,0.94972,1.50,1.50
2012.03.23 01:00:24.915,0.94954,0.94975,1.50,2.10
2012.03.23 01:00:25.784,0.94957,0.9498,1.50,1.50
2012.03.23 01:00:26.100,0.9496,0.94983,1.50,2.25
2012.03.23 01:00:30.052,0.94957,0.94979,1.50,1.50
2012.03.23 01:00:30.413,0.94951,0.94972,1.50,1.50
2012.03.23 01:00:31.153,0.94951,0.94974,1.50,1.50
2012.03.23 01:00:31.281,0.94956,0.94977,1.50,2.10
2012.03.23 01:00:32.823,0.94952,0.94975,1.50,1.50
2012.03.23 01:00:33.485,0.94949,0.94972,1.50,1.50
2012.03.23 01:00:39.382,0.94944,0.94967,1.50,1.50
2012.03.23 01:00:41.912,0.94947,0.94968,1.50,2.10
2012.03.23 01:00:41.980,0.94943,0.94966,1.50,1.50
2012.03.23 01:00:42.910,0.94941,0.94962,1.50,1.50
2012.03.23 01:00:46.041,0.94939,0.94959,1.50,1.50
2012.03.23 01:00:49.360,0.94934,0.94955,1.50,1.50
2012.03.23 01:00:49.660,0.9493,0.94951,1.50,1.50
2012.03.23 01:00:49.789,0.94933,0.94956,1.50,1.50
2012.03.23 01:00:53.710,0.94928,0.94951,1.50,1.50
2012.03.23 01:00:54.325,0.94933,0.94956,1.50,1.50
2012.03.23 01:00:54.631,0.94936,0.94959,1.50,1.50
2012.03.23 01:00:55.526,0.94934,0.94955,1.50,1.50
2012.03.23 01:00:55.851,0.94937,0.94958,1.50,1.50
2012.03.23 01:00:55.936,0.94933,0.94956,1.50,1.50
2012.03.23 01:00:56.121,0.94937,0.94957,1.50,1.50
2012.03.23 01:00:56.511,0.94938,0.94961,1.50,1.50
2012.03.23 01:00:57.073,0.94937,0.9496,1.50,1.50
2012.03.23 01:00:57.608,0.94935,0.94956,1.50,1.50
2012.03.23 01:00:57.675,0.94935,0.94958,1.50,1.50
2012.03.23 01:00:58.857,0.94938,0.94961,1.50,1.50
2012.03.23 01:00:59.162,0.94936,0.94957,1.50,1.50
2012.03.23 01:00:59.290,0.94939,0.94962,1.50,2.10
2012.03.23 01:00:59.420,0.94936,0.94959,1.50,1.50
2012.03.23 01:00:59.850,0.94933,0.94956,1.50,1.50
2012.03.23 01:01:01.372,0.9493,0.94953,1.50,1.50
2012.03.23 01:01:04.011,0.94934,0.94955,1.50,1.50
2012.03.23 01:01:04.319,0.94931,0.94952,1.50,1.50
2012.03.23 01:01:04.962,0.94928,0.94948,1.50,1.50
2012.03.23 01:01:05.090,0.94928,0.94951,1.50,1.50
2012.03.23 01:01:05.160,0.94932,0.94955,1.50,2.10
2012.03.23 01:01:14.670,0.94932,0.94955,1.50,1.50
2012.03.23 01:01:15.038,0.94928,0.94951,1.50,1.50
2012.03.23 01:01:19.629,0.94931,0.94954,1.50,1.50
2012.03.23 01:01:21.610,0.94928,0.94951,1.50,1.50
2012.03.23 01:01:27.722,0.94931,0.94954,1.50,1.50
2012.03.23 01:01:30.045,0.9494,0.94961,1.50,1.50
2012.03.23 01:01:31.175,0.94937,0.94958,1.50,1.50
2012.03.23 01:01:41.087,0.9494,0.94961,1.50,1.50
2012.03.23 01:01:41.742,0.94942,0.94965,1.50,1.50
2012.03.23 01:01:41.871,0.9494,0.94961,1.50,1.50
2012.03.23 01:01:42.179,0.94943,0.94964,1.50,1.50
2012.03.23 01:01:44.640,0.94946,0.94969,1.50,1.50
2012.03.23 01:01:48.359,0.94943,0.94966,1.50,1.50
2012.03.23 01:01:49.225,0.94948,0.94971,1.50,1.50
2012.03.23 01:01:49.703,0.94946,0.94967,1.50,1.50
2012.03.23 01:01:50.183,0.94949,0.94969,1.50,1.50
2012.03.23 01:01:50.574,0.9495,0.94973,1.50,1.50
2012.03.23 01:01:50.995,0.94948,0.94969,1.50,1.50
2012.03.23 01:01:51.296,0.94952,0.94975,1.50,1.50
2012.03.23 01:01:51.363,0.94942,0.94964,1.50,1.50
2012.03.23 01:01:52.177,0.94946,0.94967,1.50,1.50
2012.03.23 01:01:52.720,0.94949,0.9497,1.50,1.50
2012.03.23 01:01:52.962,0.94944,0.94967,1.50,1.50
2012.03.23 01:01:53.150,0.94953,0.94976,1.50,1.50
2012.03.23 01:01:53.753,0.94951,0.94972,1.50,1.50
2012.03.23 01:01:53.943,0.94954,0.94977,1.50,1.50
2012.03.23 01:01:54.130,0.94951,0.94974,1.50,1.50
2012.03.23 01:01:54.501,0.94955,0.94976,1.50,1.50
2012.03.23 01:01:54.981,0.94958,0.94979,1.50,1.50
2012.03.23 01:01:55.470,0.94954,0.94977,1.50,1.50
2012.03.23 01:01:55.599,0.94951,0.94974,1.50,1.50
2012.03.23 01:01:55.911,0.94951,0.94972,1.50,1.50
2012.03.23 01:01:56.260,0.94947,0.94968,1.50,1.50
2012.03.23 01:01:56.884,0.94949,0.9497,1.50,1.50
2012.03.23 01:01:57.870,0.94943,0.94966,1.50,1.50
2012.03.23 01:01:58.071,0.94948,0.94969,1.50,1.50
2012.03.23 01:01:58.401,0.94944,0.94965,1.50,1.50
2012.03.23 01:01:59.020,0.9494,0.94963,1.50,1.50
2012.03.23 01:01:59.093,0.94947,0.94968,1.50,1.50
2012.03.23 01:02:01.190,0.94952,0.94975,1.50,1.50
2012.03.23 01:02:01.384,0.94957,0.94978,1.50,1.50
2012.03.23 01:02:03.110,0.94954,0.94975,1.50,1.50
2012.03.23 01:02:03.371,0.94956,0.94979,1.50,1.50
2012.03.23 01:02:03.833,0.94953,0.94974,1.50,1.50
2012.03.23 01:02:05.811,0.94957,0.94978,1.50,1.50
2012.03.23 01:02:10.121,0.94952,0.94973,1.50,1.50
2012.03.23 01:02:10.640,0.94951,0.94974,1.50,1.50
2012.03.23 01:02:12.113,0.94956,0.94979,1.50,1.50
2012.03.23 01:02:13.509,0.94959,0.94982,1.50,1.50
2012.03.23 01:02:13.842,0.94956,0.94977,1.50,1.50
2012.03.23 01:02:17.902,0.94948,0.94969,1.50,1.50
2012.03.23 01:02:20.998,0.94944,0.94967,1.50,1.50
2012.03.23 01:02:23.630,0.94941,0.94964,1.50,1.50
2012.03.23 01:02:32.778,0.94939,0.94962,1.50,1.50
2012.03.23 01:02:33.275,0.94935,0.94958,1.50,1.50
2012.03.23 01:02:33.606,0.94938,0.94961,1.50,1.50
2012.03.23 01:02:34.032,0.94942,0.94963,1.50,1.50
2012.03.23 01:02:35.916,0.94938,0.94958,2.18,1.50
2012.03.23 01:02:36.417,0.94937,0.94958,1.50,1.50
2012.03.23 01:02:36.610,0.94939,0.94962,1.50,1.50
2012.03.23 01:02:37.232,0.94942,0.94965,1.50,1.88
2012.03.23 01:02:37.861,0.94935,0.94956,1.50,1.50
2012.03.23 01:02:37.935,0.94938,0.94961,1.50,1.50
2012.03.23 01:02:38.491,0.94935,0.94958,1.50,1.50
2012.03.23 01:02:39.982,0.94927,0.94948,1.50,1.50
2012.03.23 01:02:40.393,0.94921,0.94944,1.50,1.50
2012.03.23 01:02:40.520,0.94919,0.9494,1.50,1.50
2012.03.23 01:02:40.833,0.94916,0.94937,1.50,1.50
2012.03.23 01:02:41.323,0.94919,0.94942,1.50,1.50
2012.03.23 01:02:42.176,0.94926,0.94947,1.50,1.50
2012.03.23 01:02:43.310,0.94927,0.94948,1.50,1.50
2012.03.23 01:02:45.009,0.9493,0.94951,1.50,1.50
2012.03.23 01:02:45.319,0.94934,0.94955,1.50,1.50
2012.03.23 01:02:45.750,0.94931,0.94952,1.50,1.50
2012.03.23 01:02:46.083,0.94933,0.94956,1.50,1.50
2012.03.23 01:02:47.600,0.94931,0.94952,1.50,1.50
2012.03.23 01:02:48.001,0.94928,0.94949,1.50,1.50
2012.03.23 01:02:48.133,0.9493,0.94953,1.50,1.50
2012.03.23 01:02:49.388,0.94935,0.94956,1.50,1.50
2012.03.23 01:02:49.469,0.94937,0.9496,1.50,1.50
2012.03.23 01:02:49.652,0.94934,0.94957,1.50,1.50
2012.03.23 01:02:49.960,0.94939,0.94962,1.50,1.50
2012.03.23 01:02:50.594,0.94939,0.9496,1.50,1.50
2012.03.23 01:02:50.780,0.94941,0.94964,1.50,1.50
2012.03.23 01:02:50.980,0.94945,0.94966,1.50,1.50
2012.03.23 01:02:51.961,0.94941,0.94964,1.50,1.50
2012.03.23 01:02:52.092,0.94945,0.94966,1.50,1.50
2012.03.23 01:02:53.641,0.94941,0.94964,1.50,1.50
2012.03.23 01:02:53.769,0.94944,0.94967,1.50,1.50
2012.03.23 01:02:54.089,0.94948,0.94969,1.50,1.50
2012.03.23 01:02:54.881,0.9495,0.94973,1.50,1.50
2012.03.23 01:02:55.874,0.94953,0.94976,1.50,1.50
2012.03.23 01:02:56.191,0.9495,0.94973,1.50,1.50
2012.03.23 01:02:57.200,0.94948,0.94969,1.50,1.50
2012.03.23 01:02:59.883,0.94944,0.94967,1.50,1.50
2012.03.23 01:03:01.332,0.94946,0.94969,1.50,1.50
2012.03.23 01:03:01.640,0.94941,0.94964,1.50,1.50
2012.03.23 01:03:16.225,0.94939,0.94961,1.50,1.50
2012.03.23 01:03:17.067,0.94942,0.94963,1.50,1.50
2012.03.23 01:03:17.526,0.9494,0.94961,1.50,1.50
2012.03.23 01:03:19.037,0.94943,0.94964,1.50,1.50
2012.03.23 01:03:19.932,0.94946,0.94967,1.50,1.50
2012.03.23 01:03:22.513,0.94948,0.94971,1.50,1.50
2012.03.23 01:03:22.643,0.94951,0.94974,1.50,1.50
2012.03.23 01:03:22.958,0.94955,0.94978,1.50,1.50
2012.03.23 01:03:23.552,0.94951,0.94972,1.50,1.50
2012.03.23 01:03:24.091,0.94954,0.94975,1.50,1.50
2012.03.23 01:03:25.720,0.9495,0.94973,1.50,1.50
2012.03.23 01:03:38.150,0.94948,0.9497,1.50,1.50
2012.03.23 01:03:38.960,0.94951,0.94972,1.50,1.50
2012.03.23 01:03:40.213,0.94948,0.9497,1.50,1.50
2012.03.23 01:03:47.055,0.94946,0.94967,1.50,1.50
2012.03.23 01:03:47.182,0.94948,0.94971,1.50,1.50
2012.03.23 01:03:47.714,0.9494,0.94961,1.50,1.50
2012.03.23 01:03:49.514,0.94943,0.94964,1.50,1.50
2012.03.23 01:03:49.943,0.94954,0.94975,1.50,1.50
2012.03.23 01:03:50.482,0.94952,0.94973,1.50,1.50
2012.03.23 01:03:50.913,0.94949,0.9497,1.50,1.50
2012.03.23 01:03:51.300,0.94951,0.94974,1.50,1.50
2012.03.23 01:03:52.422,0.94948,0.94971,1.50,1.50
2012.03.23 01:03:52.793,0.94946,0.94967,1.50,1.50
2012.03.23 01:03:53.372,0.94949,0.94969,1.50,1.50
2012.03.23 01:03:53.448,0.94942,0.94965,1.50,1.50
2012.03.23 01:03:54.292,0.94939,0.94962,1.50,1.50
2012.03.23 01:03:54.630,0.94943,0.94966,1.50,1.50
2012.03.23 01:03:54.941,0.94939,0.94962,1.50,1.50
2012.03.23 01:03:56.581,0.94945,0.94966,1.50,1.50
2012.03.23 01:03:56.991,0.94941,0.94964,1.50,1.50
2012.03.23 01:03:57.961,0.94939,0.9496,1.50,1.50
2012.03.23 01:03:58.451,0.94935,0.94958,1.50,1.50
2012.03.23 01:04:01.439,0.94942,0.94963,1.50,1.50
2012.03.23 01:04:01.623,0.94944,0.94966,1.50,1.50
2012.03.23 01:04:01.813,0.94946,0.94969,1.50,1.50
2012.03.23 01:04:03.425,0.94943,0.94966,1.50,1.50
2012.03.23 01:04:03.732,0.9494,0.94961,1.50,1.50
2012.03.23 01:04:04.036,0.94936,0.94957,1.50,1.50
2012.03.23 01:04:04.270,0.9494,0.94963,1.50,1.50
2012.03.23 01:04:04.750,0.94936,0.94959,1.50,1.50
2012.03.23 01:04:06.052,0.94939,0.94962,1.50,1.50
2012.03.23 01:04:06.472,0.94943,0.94964,1.50,1.50
2012.03.23 01:04:07.003,0.94936,0.94957,1.50,1.50
2012.03.23 01:04:07.800,0.9494,0.9496,1.50,1.50
2012.03.23 01:04:08.612,0.94937,0.94958,1.50,1.50
2012.03.23 01:04:24.259,0.94936,0.94959,1.50,1.50
2012.03.23 01:04:32.719,0.94933,0.94956,1.50,1.50
2012.03.23 01:04:37.612,0.94936,0.94959,1.50,1.50
2012.03.23 01:04:50.329,0.94939,0.94962,1.50,1.50
2012.03.23 01:04:50.890,0.94936,0.94959,1.50,1.50
2012.03.23 01:04:51.241,0.94949,0.9497,1.50,1.50
2012.03.23 01:04:51.599,0.94952,0.94973,1.50,1.50
2012.03.23 01:04:51.861,0.94948,0.94971,1.50,1.50
2012.03.23 01:04:52.475,0.94946,0.94967,1.50,1.50
2012.03.23 01:04:52.842,0.94942,0.94965,1.50,1.50
2012.03.23 01:04:52.912,0.9494,0.94961,1.50,1.50
2012.03.23 01:04:53.556,0.94937,0.94958,1.50,1.50
2012.03.23 01:04:56.241,0.94939,0.94962,1.50,1.50
2012.03.23 01:05:01.014,0.94936,0.94959,1.50,1.50
2012.03.23 01:05:01.515,0.94934,0.94955,1.50,1.50
2012.03.23 01:05:01.896,0.94937,0.94958,1.50,1.50
2012.03.23 01:05:03.113,0.94934,0.94955,1.50,1.50
2012.03.23 01:05:07.606,0.94931,0.94952,1.50,1.50
2012.03.23 01:05:12.112,0.94941,0.94964,1.50,1.50
2012.03.23 01:05:14.811,0.94934,0.94957,1.50,1.50
2012.03.23 01:05:15.156,0.94932,0.94953,1.50,1.50
2012.03.23 01:05:18.675,0.94935,0.94956,1.50,1.50
2012.03.23 01:05:20.470,0.94937,0.9496,1.50,1.50
2012.03.23 01:05:22.326,0.94934,0.94957,1.50,1.50
2012.03.23 01:05:25.022,0.94937,0.9496,1.50,1.50
2012.03.23 01:05:25.731,0.94934,0.94957,1.50,1.50
2012.03.23 01:05:26.040,0.94937,0.9496,1.50,1.50
2012.03.23 01:05:27.590,0.94939,0.9496,1.50,1.50
2012.03.23 01:05:27.720,0.94942,0.94964,1.50,1.50
2012.03.23 01:05:27.914,0.94937,0.94958,1.50,1.50
2012.03.23 01:05:28.163,0.94942,0.94965,1.50,1.50
2012.03.23 01:05:28.480,0.94939,0.94962,1.50,1.50
2012.03.23 01:05:37.170,0.94942,0.94965,1.50,1.50
2012.03.23 01:05:37.285,0.94949,0.9497,1.50,1.50
2012.03.23 01:05:37.352,0.94954,0.94977,1.50,1.50
2012.03.23 01:05:37.543,0.9495,0.94973,1.50,1.50
2012.03.23 01:05:37.866,0.94955,0.94976,1.50,1.50
2012.03.23 01:05:38.072,0.94957,0.94979,1.50,1.50
2012.03.23 01:05:38.281,0.94954,0.94977,1.50,1.50
2012.03.23 01:05:38.411,0.94957,0.9498,1.50,1.50
2012.03.23 01:05:39.672,0.9496,0.94982,1.50,1.50
2012.03.23 01:05:40.426,0.94958,0.94979,1.50,1.50
2012.03.23 01:05:41.035,0.94953,0.94976,1.50,1.50
2012.03.23 01:05:41.544,0.94955,0.94976,1.50,1.50
2012.03.23 01:05:41.615,0.94959,0.94982,1.50,1.50
2012.03.23 01:05:49.144,0.94954,0.94977,1.50,1.50
2012.03.23 01:05:50.762,0.9496,0.94981,1.50,1.50
2012.03.23 01:05:53.481,0.94954,0.94975,1.50,1.50
2012.03.23 01:05:56.633,0.94962,0.94983,1.50,1.50
2012.03.23 01:05:56.953,0.94959,0.9498,1.50,2.10
2012.03.23 01:05:57.154,0.94951,0.94972,1.50,1.50
2012.03.23 01:05:57.623,0.94944,0.94965,1.50,1.50
2012.03.23 01:06:00.332,0.94947,0.94965,2.18,1.50
2012.03.23 01:06:06.512,0.94944,0.94965,1.50,1.50
2012.03.23 01:06:06.585,0.94948,0.94969,1.50,1.50
2012.03.23 01:06:06.984,0.94945,0.94966,1.50,1.50
2012.03.23 01:06:07.801,0.94942,0.94964,1.50,1.50
2012.03.23 01:06:28.985,0.9494,0.94961,1.50,1.50
2012.03.23 01:06:30.819,0.94942,0.94965,1.50,1.50
2012.03.23 01:06:31.482,0.9494,0.94961,1.50,1.50
2012.03.23 01:06:32.515,0.9494,0.94961,2.25,1.50
2012.03.23 01:06:38.539,0.9494,0.94961,1.50,1.50
2012.03.23 01:06:38.981,0.94937,0.94959,2.93,1.50
2012.03.23 01:06:39.838,0.94938,0.94959,2.93,1.50
2012.03.23 01:06:39.925,0.94944,0.94967,1.50,1.50
2012.03.23 01:06:39.992,0.94948,0.94969,1.50,1.50
2012.03.23 01:06:43.186,0.94945,0.94966,2.25,1.50
2012.03.23 01:06:43.313,0.94945,0.94966,1.50,1.50
2012.03.23 01:06:43.385,0.94941,0.94962,2.25,1.50
2012.03.23 01:06:43.917,0.94941,0.94962,2.25,1.50
2012.03.23 01:06:53.943,0.94943,0.94966,1.50,1.50
2012.03.23 01:06:54.011,0.94948,0.94971,1.50,1.50
2012.03.23 01:06:54.672,0.94953,0.94976,1.50,1.50
2012.03.23 01:06:55.011,0.94948,0.94971,1.50,1.50
2012.03.23 01:06:55.429,0.94952,0.94975,1.50,1.50
2012.03.23 01:06:56.823,0.94949,0.94972,1.50,1.50
2012.03.23 01:07:05.431,0.9495,0.94975,1.50,1.50
2012.03.23 01:07:13.571,0.94948,0.94971,1.50,1.50
2012.03.23 01:07:14.898,0.94953,0.94978,1.50,1.50
2012.03.23 01:07:18.281,0.94956,0.94981,1.50,2.10
2012.03.23 01:07:19.028,0.94956,0.94981,1.50,1.50
2012.03.23 01:07:20.633,0.94952,0.94977,1.50,1.50
2012.03.23 01:07:20.941,0.94958,0.94982,1.50,1.50
2012.03.23 01:07:30.623,0.94952,0.94978,2.25,1.50
2012.03.23 01:07:37.913,0.94956,0.94978,1.50,1.50
2012.03.23 01:07:47.594,0.94958,0.94982,1.50,1.50
2012.03.23 01:07:47.791,0.94961,0.94984,1.50,1.50
2012.03.23 01:07:52.300,0.94958,0.94981,1.50,1.50
2012.03.23 01:08:22.734,0.94958,0.94981,2.25,1.50
2012.03.23 01:08:22.863,0.94964,0.94989,1.50,2.10
2012.03.23 01:08:22.935,0.94958,0.94981,2.25,1.50
2012.03.23 01:08:23.467,0.94963,0.94988,2.25,1.50
2012.03.23 01:08:23.600,0.94963,0.94988,1.50,1.50
2012.03.23 01:08:28.682,0.94965,0.94991,1.50,1.50
2012.03.23 01:08:28.811,0.94968,0.94994,1.50,1.50
2012.03.23 01:08:29.120,0.94964,0.94986,1.50,1.50
2012.03.23 01:08:31.122,0.94971,0.94994,1.50,1.50
2012.03.23 01:08:31.740,0.94967,0.94991,1.50,1.50
2012.03.23 01:08:32.340,0.94964,0.94989,1.50,1.50
2012.03.23 01:08:32.872,0.94965,0.94989,1.50,1.50
2012.03.23 01:08:33.728,0.94962,0.94985,1.50,1.50
2012.03.23 01:08:35.463,0.94969,0.94992,1.50,1.50
2012.03.23 01:08:36.950,0.94965,0.94991,1.50,1.50
2012.03.23 01:08:37.414,0.94963,0.94988,1.50,1.50
2012.03.23 01:08:51.767,0.9496,0.94985,1.50,1.50
2012.03.23 01:08:53.364,0.94964,0.94986,1.50,1.50
2012.03.23 01:08:56.885,0.94969,0.94992,1.50,1.50
2012.03.23 01:08:57.350,0.94972,0.94995,1.50,1.50
2012.03.23 01:09:03.072,0.94969,0.94992,1.50,1.50
2012.03.23 01:09:03.384,0.94973,0.94995,1.50,1.50
2012.03.23 01:09:03.512,0.94975,0.94998,1.50,1.50
2012.03.23 01:09:04.596,0.94979,0.95001,1.50,1.50
2012.03.23 01:09:05.365,0.94975,0.94999,1.50,1.50
2012.03.23 01:09:05.437,0.94979,0.95001,1.50,1.50
2012.03.23 01:09:17.996,0.94973,0.94998,1.50,1.50
2012.03.23 01:09:18.064,0.94973,0.94998,2.25,1.50
2012.03.23 01:09:18.322,0.94985,0.95011,1.50,1.50
2012.03.23 01:09:18.394,0.94979,0.95001,2.25,1.50
2012.03.23 01:09:20.923,0.94981,0.95004,2.25,1.50
2012.03.23 01:09:21.330,0.94983,0.95008,1.50,1.50
2012.03.23 01:09:21.806,0.94983,0.95008,2.25,1.50
2012.03.23 01:09:21.876,0.94988,0.95011,1.50,1.50
2012.03.23 01:09:23.874,0.94984,0.9501,1.50,1.50
2012.03.23 01:09:25.453,0.94984,0.95007,1.50,1.50
2012.03.23 01:09:26.316,0.94981,0.95004,2.25,1.50
2012.03.23 01:09:28.553,0.94984,0.95007,1.50,1.50
2012.03.23 01:09:30.621,0.94988,0.95009,1.50,1.50
2012.03.23 01:09:32.061,0.94984,0.95007,2.25,1.50
2012.03.23 01:09:32.687,0.94984,0.95007,1.50,1.50
2012.03.23 01:09:32.884,0.94988,0.95009,1.50,1.50
2012.03.23 01:09:45.091,0.94983,0.95004,1.50,1.50
2012.03.23 01:09:45.576,0.94985,0.95008,1.50,1.50
2012.03.23 01:09:45.647,0.94982,0.95003,1.50,1.50
2012.03.23 01:09:45.951,0.94979,0.95,2.25,1.50
2012.03.23 01:09:46.156,0.94981,0.95004,2.25,1.50
2012.03.23 01:09:49.663,0.94985,0.95008,1.50,1.50
2012.03.23 01:09:52.912,0.94985,0.95008,2.25,1.50
2012.03.23 01:09:53.290,0.94983,0.95004,2.25,1.50
2012.03.23 01:09:53.886,0.94986,0.95007,2.25,1.50
2012.03.23 01:09:56.524,0.94989,0.9501,1.50,1.50
2012.03.23 01:09:56.592,0.94993,0.95014,1.50,1.50
2012.03.23 01:09:56.905,0.94998,0.95019,1.50,1.50
2012.03.23 01:09:56.975,0.94993,0.95016,1.50,1.50
2012.03.23 01:09:57.286,0.94996,0.95019,1.50,1.50
2012.03.23 01:09:58.013,0.94997,0.95018,1.50,1.50
2012.03.23 01:10:00.421,0.94994,0.95015,1.50,1.50
2012.03.23 01:10:01.522,0.94993,0.95016,1.50,1.50
2012.03.23 01:10:03.313,0.9499,0.95013,1.50,1.50
2012.03.23 01:10:04.285,0.94992,0.95013,1.50,1.50
2012.03.23 01:10:04.955,0.94998,0.95019,1.50,1.50
2012.03.23 01:10:05.020,0.94994,0.95017,1.50,1.50
2012.03.23 01:10:05.524,0.9499,0.9501,1.50,1.50
2012.03.23 01:10:06.502,0.94988,0.95009,1.50,1.50
2012.03.23 01:10:06.780,0.94991,0.95012,1.50,1.50
2012.03.23 01:10:07.462,0.94988,0.95009,1.50,1.50
2012.03.23 01:10:07.803,0.94991,0.95012,1.50,1.50
2012.03.23 01:10:08.056,0.94987,0.9501,2.25,1.50
2012.03.23 01:10:08.120,0.9499,0.95013,1.50,1.50
2012.03.23 01:10:08.885,0.94994,0.95015,1.50,1.50
2012.03.23 01:10:12.105,0.94991,0.95012,1.50,1.50
2012.03.23 01:10:12.572,0.94994,0.95015,1.50,1.50
2012.03.23 01:10:13.251,0.94997,0.95018,1.50,1.50
2012.03.23 01:10:13.691,0.94994,0.95015,1.50,1.50
2012.03.23 01:10:16.169,0.94997,0.95018,1.50,1.50
2012.03.23 01:10:16.473,0.94994,0.95015,1.50,1.50
2012.03.23 01:10:16.795,0.94996,0.95019,1.50,1.50
2012.03.23 01:10:17.910,0.94994,0.95015,1.50,1.50
2012.03.23 01:10:18.396,0.94996,0.95019,1.50,1.50
2012.03.23 01:10:19.514,0.94997,0.95018,1.50,1.50
2012.03.23 01:10:20.523,0.9499,0.95013,2.25,1.50
2012.03.23 01:10:20.715,0.9499,0.95013,1.50,1.50
2012.03.23 01:10:20.780,0.94995,0.95016,1.50,1.50
2012.03.23 01:10:21.689,0.94992,0.95013,1.50,1.50
2012.03.23 01:10:22.245,0.94989,0.95012,1.50,1.50
2012.03.23 01:10:22.574,0.94992,0.95015,1.50,1.50
2012.03.23 01:10:23.089,0.94996,0.95017,1.50,1.50
2012.03.23 01:10:23.612,0.94999,0.95022,1.50,1.50
2012.03.23 01:10:26.373,0.94995,0.95018,1.50,1.50
2012.03.23 01:10:27.343,0.94993,0.95014,1.50,1.50
2012.03.23 01:10:30.155,0.94999,0.9502,1.50,1.50
2012.03.23 01:10:30.571,0.94995,0.95018,1.50,1.50
2012.03.23 01:10:31.903,0.94999,0.9502,1.50,1.50
2012.03.23 01:10:32.314,0.94995,0.95018,1.50,1.50
2012.03.23 01:10:32.643,0.94999,0.9502,1.50,1.50
2012.03.23 01:10:37.210,0.95002,0.95023,1.50,1.50
2012.03.23 01:10:37.522,0.94998,0.95019,1.50,1.50
2012.03.23 01:10:39.181,0.95001,0.95021,1.50,1.50
2012.03.23 01:10:41.075,0.94997,0.95018,1.50,1.50
2012.03.23 01:10:42.873,0.94994,0.95015,1.50,1.50
2012.03.23 01:10:43.203,0.9499,0.95013,1.50,1.50
2012.03.23 01:10:43.863,0.94994,0.95015,1.50,1.50
2012.03.23 01:10:44.740,0.9499,0.95013,1.50,1.50
2012.03.23 01:10:45.514,0.94994,0.95015,1.50,1.50
2012.03.23 01:10:45.580,0.9499,0.95013,1.50,1.50
2012.03.23 01:10:50.140,0.94994,0.95015,1.50,1.50
2012.03.23 01:10:50.381,0.94992,0.95015,1.50,1.50
2012.03.23 01:10:50.525,0.94989,0.95011,2.25,1.50
2012.03.23 01:10:50.653,0.94996,0.95017,1.50,1.50
2012.03.23 01:10:50.722,0.95001,0.95024,1.50,2.10
2012.03.23 01:10:51.561,0.94998,0.95019,1.50,1.50
2012.03.23 01:10:52.416,0.94995,0.95016,1.50,1.50
2012.03.23 01:10:52.603,0.94989,0.95012,1.50,1.50
2012.03.23 01:10:53.105,0.94988,0.95011,1.50,1.50
2012.03.23 01:10:53.705,0.94992,0.95013,2.25,1.50
2012.03.23 01:10:54.284,0.94998,0.95021,1.50,1.50
2012.03.23 01:10:54.592,0.95005,0.95028,1.50,2.85
2012.03.23 01:10:54.942,0.95003,0.95024,1.50,1.50
2012.03.23 01:10:55.681,0.94998,0.95019,1.50,1.50
2012.03.23 01:10:57.009,0.95,0.95023,1.50,1.50
2012.03.23 01:10:57.076,0.94993,0.95014,1.50,1.50
2012.03.23 01:10:57.184,0.94988,0.95011,1.50,1.50
2012.03.23 01:10:58.162,0.94989,0.95011,1.50,1.50
2012.03.23 01:10:58.761,0.94994,0.95015,1.50,1.50
2012.03.23 01:11:01.293,0.94999,0.95022,1.50,1.50
2012.03.23 01:11:01.424,0.94997,0.95018,1.50,1.50
2012.03.23 01:11:01.747,0.95002,0.95023,1.50,2.25
2012.03.23 01:11:02.134,0.94999,0.95019,1.50,1.50
2012.03.23 01:11:02.904,0.94999,0.9502,1.50,1.50
2012.03.23 01:11:06.085,0.94995,0.95018,1.50,1.50
2012.03.23 01:11:06.636,0.94995,0.95018,1.50,2.10
2012.03.23 01:11:06.950,0.94992,0.95015,1.50,2.10
2012.03.23 01:11:07.037,0.94986,0.95009,2.25,1.50
2012.03.23 01:11:08.240,0.94986,0.95009,1.50,1.50
2012.03.23 01:11:09.744,0.9499,0.95011,1.50,1.50
2012.03.23 01:11:20.462,0.9499,0.95011,2.25,1.50
2012.03.23 01:11:20.990,0.9499,0.95011,1.50,1.50
2012.03.23 01:11:21.301,0.94986,0.95009,2.25,1.50
2012.03.23 01:11:29.645,0.94984,0.95005,1.50,1.50
2012.03.23 01:11:29.975,0.9499,0.95011,1.50,2.10
2012.03.23 01:11:31.802,0.94986,0.95007,2.25,1.50
2012.03.23 01:11:34.002,0.94986,0.95007,1.50,1.50
2012.03.23 01:11:34.321,0.94989,0.9501,1.50,2.10
2012.03.23 01:11:34.771,0.94984,0.95007,1.50,1.50
2012.03.23 01:11:35.083,0.94981,0.95002,2.25,1.50
2012.03.23 01:11:45.884,0.94984,0.95005,1.50,1.50
2012.03.23 01:11:46.354,0.94984,0.95005,2.25,1.50
2012.03.23 01:11:46.427,0.94985,0.95008,2.25,1.50
2012.03.23 01:11:48.225,0.94989,0.9501,1.50,1.50
2012.03.23 01:11:48.976,0.94992,0.95015,1.50,1.50
2012.03.23 01:11:54.392,0.9499,0.95011,1.50,1.50
2012.03.23 01:11:54.702,0.94993,0.95014,1.50,1.50
2012.03.23 01:11:55.627,0.94995,0.95018,1.50,1.50
2012.03.23 01:11:56.504,0.94993,0.95014,1.50,1.50
2012.03.23 01:12:00.011,0.94989,0.95009,1.50,1.50
2012.03.23 01:12:00.081,0.94986,0.95007,1.50,1.50
2012.03.23 01:12:00.738,0.94988,0.95011,1.50,1.50
2012.03.23 01:12:01.822,0.94991,0.95014,1.50,1.50
2012.03.23 01:12:04.505,0.94994,0.95017,1.50,1.50
2012.03.23 01:12:05.533,0.9499,0.95013,1.50,1.50
2012.03.23 01:12:10.103,0.94987,0.9501,1.50,1.50
2012.03.23 01:12:10.535,0.94991,0.95014,1.50,1.50
2012.03.23 01:12:11.180,0.94987,0.9501,1.50,1.50
2012.03.23 01:12:11.485,0.94987,0.95007,1.50,1.50
2012.03.23 01:12:11.555,0.94988,0.95009,1.50,1.50
2012.03.23 01:12:11.702,0.94984,0.95007,1.50,1.50
2012.03.23 01:12:11.907,0.94982,0.95003,2.25,1.50
2012.03.23 01:12:13.023,0.94979,0.95,1.50,1.50
2012.03.23 01:12:14.350,0.94982,0.95002,1.50,1.50
2012.03.23 01:12:19.332,0.94983,0.95006,1.50,1.50
2012.03.23 01:12:21.985,0.94978,0.94999,1.50,1.50
2012.03.23 01:12:26.837,0.94981,0.95002,1.50,1.50
2012.03.23 01:12:26.905,0.94983,0.95006,1.50,1.50
2012.03.23 01:12:31.943,0.94983,0.95006,2.25,1.50
2012.03.23 01:12:33.072,0.94986,0.95009,2.25,1.50
2012.03.23 01:12:33.702,0.94986,0.95009,1.50,1.50
2012.03.23 01:12:34.957,0.9498,0.95001,1.50,1.50
2012.03.23 01:12:35.323,0.94989,0.9501,1.50,1.50
2012.03.23 01:12:35.392,0.94985,0.95008,1.50,1.50
2012.03.23 01:12:38.680,0.94982,0.95005,1.50,1.50
2012.03.23 01:12:38.983,0.94986,0.95009,1.50,1.50
2012.03.23 01:12:39.321,0.94983,0.95006,1.50,1.50
2012.03.23 01:12:39.837,0.94977,0.95,2.25,1.50
2012.03.23 01:12:40.696,0.94983,0.95006,1.50,1.50
2012.03.23 01:12:41.128,0.9498,0.95003,1.50,1.50
2012.03.23 01:12:41.431,0.94978,0.94999,1.50,1.50
2012.03.23 01:12:41.758,0.94975,0.94996,2.25,1.50
2012.03.23 01:12:42.767,0.94975,0.94996,1.50,1.50
2012.03.23 01:12:46.431,0.94972,0.94993,1.50,1.50
2012.03.23 01:12:53.627,0.94974,0.94997,1.50,1.50
2012.03.23 01:12:54.914,0.94974,0.94997,2.25,1.50
2012.03.23 01:12:55.104,0.94978,0.94999,1.50,1.50
2012.03.23 01:12:55.431,0.94981,0.95002,1.50,1.50
2012.03.23 01:12:55.952,0.9498,0.95002,1.50,1.50
2012.03.23 01:13:00.840,0.94977,0.95,2.25,1.50
2012.03.23 01:13:01.322,0.94974,0.94997,1.50,1.50
2012.03.23 01:13:01.633,0.94971,0.94994,1.50,1.50
2012.03.23 01:13:04.150,0.94968,0.94991,1.50,1.50
2012.03.23 01:13:08.995,0.94966,0.94987,1.50,1.50
2012.03.23 01:13:12.047,0.94968,0.94991,1.50,1.50
2012.03.23 01:13:14.304,0.94963,0.94984,1.50,1.50
2012.03.23 01:13:15.103,0.94959,0.94982,1.50,1.50
2012.03.23 01:13:15.722,0.94959,0.94982,2.25,1.50
2012.03.23 01:13:18.115,0.94959,0.94982,1.50,1.50
2012.03.23 01:13:18.187,0.94955,0.94978,2.25,1.50
2012.03.23 01:13:18.313,0.94959,0.94982,1.50,1.50
2012.03.23 01:13:18.681,0.94955,0.94978,2.25,1.50
2012.03.23 01:13:21.681,0.94955,0.94978,1.50,1.50
2012.03.23 01:13:21.923,0.94952,0.94973,2.25,1.50
2012.03.23 01:13:22.421,0.94957,0.94977,1.50,1.50
2012.03.23 01:13:24.154,0.94953,0.94976,1.50,1.50
2012.03.23 01:13:24.363,0.94951,0.94972,1.50,1.50
2012.03.23 01:13:24.434,0.94947,0.94969,2.25,1.50
2012.03.23 01:13:30.650,0.94945,0.94965,2.25,1.50
2012.03.23 01:13:31.356,0.94947,0.94968,2.25,1.50
2012.03.23 01:13:44.845,0.94944,0.94966,1.50,1.50
2012.03.23 01:13:45.442,0.94946,0.94969,1.50,1.50
2012.03.23 01:13:45.516,0.94949,0.9497,1.50,1.50
2012.03.23 01:13:48.791,0.94945,0.94968,1.50,1.50
2012.03.23 01:13:57.218,0.94942,0.94965,1.50,1.50
2012.03.23 01:13:57.705,0.94946,0.94969,1.50,1.50
2012.03.23 01:13:58.013,0.94945,0.94966,1.50,1.50
2012.03.23 01:13:58.951,0.94941,0.94964,1.50,1.50
2012.03.23 01:14:04.695,0.94938,0.94961,3.68,1.50
2012.03.23 01:14:19.161,0.94934,0.94955,1.50,1.50
2012.03.23 01:14:20.023,0.94938,0.94959,1.50,1.50
2012.03.23 01:14:21.125,0.94933,0.94956,1.50,1.50
2012.03.23 01:14:21.693,0.94937,0.9496,1.50,1.50
2012.03.23 01:14:25.723,0.94936,0.94957,1.50,1.50
2012.03.23 01:14:41.143,0.94941,0.94964,1.50,1.50
2012.03.23 01:14:41.774,0.94951,0.94972,1.50,1.50
2012.03.23 01:14:42.514,0.94941,0.94964,1.50,1.50
2012.03.23 01:14:43.552,0.94938,0.94961,1.50,1.50
2012.03.23 01:14:46.194,0.94936,0.94957,1.50,1.50
2012.03.23 01:14:46.661,0.9493,0.94963,2.25,2.10
2012.03.23 01:14:48.510,0.9493,0.94963,1.50,1.50
2012.03.23 01:14:48.692,0.9493,0.94962,2.25,2.18
2012.03.23 01:14:49.228,0.94928,0.9496,2.93,1.50
2012.03.23 01:14:50.481,0.94928,0.9496,2.18,1.50
2012.03.23 01:14:50.601,0.94931,0.94962,1.50,2.18
2012.03.23 01:14:51.001,0.94927,0.9496,2.25,1.50
2012.03.23 01:14:56.101,0.94931,0.94962,1.50,3.68
2012.03.23 01:14:58.146,0.94931,0.94962,2.25,1.50
2012.03.23 01:14:58.274,0.94934,0.94966,1.50,1.50
2012.03.23 01:14:58.403,0.94933,0.94964,1.50,1.50
2012.03.23 01:15:00.971,0.9493,0.94962,2.25,1.50
2012.03.23 01:15:03.052,0.94934,0.94964,1.50,1.50
2012.03.23 01:15:04.575,0.9493,0.94963,2.25,1.50
2012.03.23 01:15:04.644,0.9493,0.94963,1.50,2.25
2012.03.23 01:15:05.432,0.94928,0.94965,2.18,1.35
2012.03.23 01:15:05.774,0.94928,0.94965,2.18,1.35
2012.03.23 01:15:05.905,0.94923,0.94963,1.50,2.93
2012.03.23 01:15:06.118,0.94923,0.94963,2.25,2.93
2012.03.23 01:15:06.630,0.94928,0.94965,2.18,1.35
2012.03.23 01:15:11.502,0.94928,0.94968,2.93,1.50
2012.03.23 01:15:11.575,0.94928,0.94972,2.93,3.68
2012.03.23 01:15:11.824,0.94937,0.94972,1.50,2.18
2012.03.23 01:15:11.895,0.94937,0.94974,2.18,1.35
2012.03.23 01:15:13.575,0.9494,0.94981,1.50,1.50
2012.03.23 01:15:13.766,0.9494,0.94985,1.50,1.13
2012.03.23 01:15:13.832,0.94943,0.94985,1.50,1.13
2012.03.23 01:15:14.175,0.94943,0.94979,1.50,1.50
2012.03.23 01:15:14.764,0.94937,0.94979,2.18,1.50
2012.03.23 01:15:15.599,0.94934,0.94979,1.13,1.50
2012.03.23 01:15:16.481,0.94934,0.94979,1.13,1.50
2012.03.23 01:15:16.822,0.94936,0.94982,2.25,3.90
2012.03.23 01:15:16.953,0.9494,0.94982,1.50,3.53
2012.03.23 01:15:17.263,0.94945,0.94983,1.13,2.18
2012.03.23 01:15:17.754,0.94949,0.94993,2.25,3.30
2012.03.23 01:15:17.945,0.94951,0.94993,1.73,2.93
2012.03.23 01:15:18.254,0.94958,0.94993,2.18,1.13
2012.03.23 01:15:18.441,0.94952,0.94993,2.25,3.30
2012.03.23 01:15:18.691,0.94957,0.94998,2.93,1.35
2012.03.23 01:15:18.752,0.94957,0.95001,2.93,2.63
2012.03.23 01:15:19.404,0.94959,0.95003,2.25,3.15
2012.03.23 01:15:19.966,0.94968,0.95011,2.93,1.50
2012.03.23 01:15:20.076,0.9498,0.95012,1.50,2.93
2012.03.23 01:15:20.220,0.94988,0.95017,2.18,1.50
2012.03.23 01:15:20.349,0.9499,0.95026,1.50,2.25
2012.03.23 01:15:20.539,0.94994,0.95029,1.50,2.25
2012.03.23 01:15:21.421,0.9499,0.95017,1.50,1.50
2012.03.23 01:15:21.724,0.94996,0.95021,1.50,1.50
2012.03.23 01:15:22.036,0.94997,0.95025,1.50,2.25
2012.03.23 01:15:22.378,0.94999,0.95028,1.50,2.25
2012.03.23 01:15:22.445,0.94999,0.95028,1.50,2.25
2012.03.23 01:15:24.043,0.95006,0.95034,1.50,1.50
2012.03.23 01:15:24.395,0.95014,0.95038,1.50,1.35
2012.03.23 01:15:24.462,0.95011,0.95037,1.50,2.10
2012.03.23 01:15:24.532,0.95006,0.95034,1.50,1.50
2012.03.23 01:15:26.887,0.95011,0.95038,1.50,1.35
2012.03.23 01:15:27.405,0.95007,0.95035,1.50,1.50
2012.03.23 01:15:27.478,0.95007,0.95035,1.50,2.25
2012.03.23 01:15:27.793,0.95003,0.95031,1.50,1.50
2012.03.23 01:15:27.927,0.95,0.95025,1.50,1.50
2012.03.23 01:15:28.122,0.95005,0.95031,1.50,1.50
2012.03.23 01:15:28.996,0.95003,0.95028,1.50,1.50
2012.03.23 01:15:29.303,0.95007,0.95032,1.50,2.93
2012.03.23 01:15:29.492,0.95007,0.95033,1.50,2.25
2012.03.23 01:15:29.753,0.95011,0.95036,1.50,1.13
2012.03.23 01:15:29.881,0.95007,0.9503,1.50,1.50
2012.03.23 01:15:30.688,0.95007,0.9503,1.50,2.25
2012.03.23 01:15:30.893,0.95003,0.95026,1.50,1.50
2012.03.23 01:15:31.517,0.94996,0.95019,1.50,1.50
2012.03.23 01:15:31.843,0.95,0.95021,1.50,1.50
2012.03.23 01:15:32.175,0.95003,0.95024,1.50,1.50
2012.03.23 01:15:32.405,0.95,0.95028,1.50,2.25
2012.03.23 01:15:32.713,0.95008,0.95034,1.50,1.50
2012.03.23 01:15:33.086,0.95013,0.95039,1.50,1.50
2012.03.23 01:15:33.628,0.95009,0.95038,2.43,1.50
2012.03.23 01:15:33.696,0.95016,0.95044,1.50,1.50
2012.03.23 01:15:34.294,0.95016,0.95044,2.43,1.50
2012.03.23 01:15:34.494,0.95021,0.95048,1.50,1.50
2012.03.23 01:15:35.564,0.95021,0.95048,2.25,1.50
2012.03.23 01:15:35.641,0.95019,0.95045,1.50,1.50
2012.03.23 01:15:36.213,0.95023,0.95049,1.50,1.50
2012.03.23 01:15:36.342,0.95018,0.95047,3.85,1.50
2012.03.23 01:15:37.842,0.95022,0.95049,1.50,1.50
2012.03.23 01:15:38.184,0.95022,0.95049,2.25,1.50
2012.03.23 01:15:38.729,0.95022,0.95049,2.25,1.50
2012.03.23 01:15:38.939,0.95022,0.9505,2.25,1.50
2012.03.23 01:15:39.182,0.95022,0.9505,1.50,1.50
2012.03.23 01:15:39.464,0.95026,0.95052,1.50,1.50
2012.03.23 01:15:41.414,0.9502,0.95046,2.25,1.50
2012.03.23 01:15:41.850,0.95023,0.95049,1.50,2.85
2012.03.23 01:15:41.911,0.95018,0.95044,1.50,1.50
2012.03.23 01:15:42.464,0.95014,0.95043,1.50,1.50
2012.03.23 01:15:42.734,0.95011,0.9504,1.50,1.50
2012.03.23 01:15:43.238,0.95013,0.9504,1.50,1.50
2012.03.23 01:15:43.745,0.95017,0.95043,1.50,2.10
2012.03.23 01:15:44.067,0.95017,0.95037,1.50,2.10
2012.03.23 01:15:44.253,0.95006,0.95034,2.25,2.10
2012.03.23 01:15:44.803,0.95,0.95029,2.25,1.50
2012.03.23 01:15:46.077,0.95,0.95029,1.50,1.50
2012.03.23 01:15:46.144,0.94999,0.95025,1.50,1.50
2012.03.23 01:15:46.892,0.94999,0.95025,2.25,1.50
2012.03.23 01:15:47.142,0.94997,0.95022,2.18,1.50
2012.03.23 01:15:47.365,0.95,0.95026,1.50,1.50
2012.03.23 01:15:47.494,0.95003,0.95029,1.50,1.50
2012.03.23 01:15:48.018,0.95,0.95026,1.50,1.50
2012.03.23 01:15:48.394,0.94997,0.95024,1.50,1.50
2012.03.23 01:15:48.523,0.95,0.95026,1.50,1.50
2012.03.23 01:15:48.595,0.94996,0.95025,2.25,1.50
2012.03.23 01:15:48.665,0.94999,0.95027,1.50,1.50
2012.03.23 01:15:49.153,0.94996,0.95025,1.50,1.50
2012.03.23 01:15:50.061,0.94995,0.95024,2.25,1.50
2012.03.23 01:15:50.353,0.94997,0.95024,1.50,1.50
2012.03.23 01:15:51.613,0.94994,0.95022,1.50,1.50
2012.03.23 01:15:52.502,0.9499,0.95021,2.25,1.50
2012.03.23 01:15:53.432,0.9499,0.9502,2.25,1.50
2012.03.23 01:15:55.186,0.9499,0.9502,1.50,1.50
2012.03.23 01:15:55.696,0.94993,0.95023,1.50,4.43
2012.03.23 01:15:58.875,0.94996,0.95025,1.50,1.50
2012.03.23 01:15:59.544,0.94994,0.95022,1.50,3.68
2012.03.23 01:16:00.241,0.94995,0.95026,1.50,3.60
2012.03.23 01:16:00.494,0.94993,0.95023,1.50,1.50
2012.03.23 01:16:00.993,0.94995,0.95022,1.50,2.18
2012.03.23 01:16:01.061,0.94995,0.95026,1.50,2.10
2012.03.23 01:16:01.363,0.94999,0.95028,1.50,2.25
2012.03.23 01:16:02.107,0.94999,0.95028,1.50,2.25
2012.03.23 01:16:02.185,0.94996,0.95024,1.50,1.50
2012.03.23 01:16:02.566,0.94997,0.95028,1.50,2.25
2012.03.23 01:16:02.692,0.95001,0.9503,1.50,2.25
2012.03.23 01:16:02.763,0.95001,0.9503,1.50,1.50
2012.03.23 01:16:05.729,0.95005,0.95036,1.50,1.50
2012.03.23 01:16:05.911,0.95001,0.9503,2.25,1.50
2012.03.23 01:16:07.942,0.95003,0.95034,1.50,1.50
2012.03.23 01:16:09.192,0.95003,0.95033,1.50,2.18
2012.03.23 01:16:09.268,0.95003,0.95031,1.50,1.35
2012.03.23 01:16:09.585,0.94997,0.95027,1.50,1.50
2012.03.23 01:16:09.915,0.94997,0.95024,2.18,1.50
2012.03.23 01:16:10.045,0.94997,0.95027,3.68,1.50
2012.03.23 01:16:10.172,0.95,0.9503,1.50,1.50
2012.03.23 01:16:10.505,0.95003,0.95032,2.25,1.50
2012.03.23 01:16:10.634,0.95005,0.95036,2.25,1.50
2012.03.23 01:16:10.706,0.95003,0.95032,1.50,1.50
2012.03.23 01:16:11.011,0.95008,0.95037,1.50,1.50
2012.03.23 01:16:11.323,0.95003,0.95032,2.25,1.50
2012.03.23 01:16:11.791,0.95006,0.95035,2.25,1.50
2012.03.23 01:16:12.332,0.95002,0.95033,2.25,1.50
2012.03.23 01:16:12.461,0.95002,0.95033,2.25,1.50
2012.03.23 01:16:12.547,0.95006,0.95037,1.50,1.50
2012.03.23 01:16:13.375,0.95001,0.9503,2.25,1.50
2012.03.23 01:16:14.296,0.95002,0.95031,1.50,2.10
2012.03.23 01:16:15.515,0.95004,0.95033,1.50,2.18
2012.03.23 01:16:15.663,0.95004,0.95035,1.50,1.50
2012.03.23 01:16:16.156,0.95007,0.95038,1.50,1.88
2012.03.23 01:16:16.285,0.95007,0.95038,1.50,2.25
2012.03.23 01:16:16.672,0.95005,0.95034,2.25,1.50
2012.03.23 01:16:17.723,0.95001,0.95032,2.25,1.50
2012.03.23 01:16:17.792,0.95005,0.95034,2.25,1.50
2012.03.23 01:16:19.243,0.95005,0.95034,1.50,1.50
2012.03.23 01:16:19.311,0.95007,0.95038,1.50,2.25
2012.03.23 01:16:19.515,0.95005,0.95034,1.50,1.50
2012.03.23 01:16:20.284,0.95003,0.95031,1.50,1.50
2012.03.23 01:16:21.884,0.95004,0.95035,1.50,1.50
2012.03.23 01:16:22.012,0.95002,0.95031,1.50,1.50
2012.03.23 01:16:23.305,0.95004,0.95035,1.50,1.50
2012.03.23 01:16:24.197,0.95004,0.95035,2.25,1.50
2012.03.23 01:16:24.384,0.95008,0.95038,2.93,1.50
2012.03.23 01:16:24.980,0.95008,0.95038,2.18,1.50
2012.03.23 01:16:25.049,0.95003,0.95033,1.13,1.50
2012.03.23 01:16:28.660,0.95007,0.95036,2.93,1.50
2012.03.23 01:16:29.201,0.95007,0.95036,2.93,1.50
2012.03.23 01:16:32.216,0.95005,0.95036,2.25,1.50
2012.03.23 01:16:33.614,0.95005,0.95036,2.25,1.88
2012.03.23 01:16:33.683,0.95005,0.95034,1.50,1.13
2012.03.23 01:16:33.876,0.94994,0.95033,2.25,2.18
2012.03.23 01:16:34.004,0.94994,0.95033,2.25,2.18
2012.03.23 01:16:34.453,0.94997,0.95043,3.10,2.25
2012.03.23 01:16:34.524,0.94997,0.95043,3.10,1.88
2012.03.23 01:16:36.405,0.95,0.95043,2.25,3.30
2012.03.23 01:16:38.744,0.94997,0.95043,3.10,2.55
2012.03.23 01:16:39.575,0.95003,0.95043,2.25,2.18
2012.03.23 01:16:49.992,0.94997,0.95041,3.10,1.50
2012.03.23 01:16:50.231,0.94997,0.9504,3.10,1.13
2012.03.23 01:16:50.476,0.94997,0.95043,3.10,3.30
2012.03.23 01:16:51.524,0.94997,0.95043,4.98,2.93
2012.03.23 01:17:01.927,0.94997,0.95043,4.60,3.68
2012.03.23 01:17:01.994,0.94997,0.95039,4.60,1.13
2012.03.23 01:17:02.412,0.94997,0.95043,3.30,5.18
2012.03.23 01:17:02.868,0.95007,0.95043,2.93,2.18
2012.03.23 01:17:04.344,0.95007,0.95043,2.18,2.18
2012.03.23 01:17:04.982,0.95,0.95042,2.25,2.55
2012.03.23 01:17:10.439,0.95003,0.95042,1.50,3.30
2012.03.23 01:17:10.743,0.94998,0.95039,4.43,2.63
2012.03.23 01:17:11.051,0.95001,0.9504,2.25,1.88
2012.03.23 01:17:12.059,0.95001,0.95038,2.25,1.13
2012.03.23 01:17:12.715,0.95001,0.9504,2.25,2.25
2012.03.23 01:17:12.784,0.95001,0.9504,1.50,2.25
2012.03.23 01:17:13.233,0.95003,0.95032,2.25,1.50
2012.03.23 01:17:13.543,0.95003,0.95032,1.50,1.50
2012.03.23 01:17:13.734,0.95003,0.95032,2.25,1.50
2012.03.23 01:17:13.861,0.95009,0.95038,1.50,1.50
2012.03.23 01:17:13.931,0.95008,0.95033,2.18,1.50
2012.03.23 01:17:15.273,0.95008,0.95032,2.18,1.50
2012.03.23 01:17:15.402,0.95003,0.95032,1.50,3.68
2012.03.23 01:17:15.912,0.94998,0.95029,3.68,1.50
2012.03.23 01:17:16.415,0.94996,0.95026,1.50,1.50
2012.03.23 01:17:16.971,0.94996,0.95026,2.25,1.50
2012.03.23 01:17:17.356,0.94999,0.95028,1.50,1.50
2012.03.23 01:17:17.701,0.95001,0.95032,2.25,1.50
2012.03.23 01:17:17.893,0.94998,0.95029,4.43,1.50
2012.03.23 01:17:18.024,0.95002,0.95031,1.50,1.50
2012.03.23 01:17:28.185,0.95002,0.95031,1.50,1.88
2012.03.23 01:17:28.494,0.94989,0.9502,2.25,1.50
2012.03.23 01:17:28.562,0.94995,0.95023,1.50,1.50
2012.03.23 01:17:28.873,0.94998,0.95023,2.93,1.50
2012.03.23 01:17:28.941,0.95003,0.95032,1.50,4.28
2012.03.23 01:17:30.612,0.94999,0.95029,1.50,1.35
2012.03.23 01:17:30.745,0.94999,0.95029,1.50,1.35
2012.03.23 01:17:30.995,0.94992,0.95019,1.50,1.50
2012.03.23 01:17:31.184,0.94995,0.95022,1.50,1.50
2012.03.23 01:17:31.533,0.94995,0.95022,2.25,1.50
2012.03.23 01:17:32.134,0.94998,0.95023,1.50,1.50
2012.03.23 01:17:32.445,0.94993,0.9502,1.50,1.50
2012.03.23 01:17:32.513,0.94999,0.95024,1.50,1.50
2012.03.23 01:17:32.821,0.94994,0.95019,1.50,1.50
2012.03.23 01:17:33.591,0.94999,0.95026,1.50,1.88
2012.03.23 01:17:33.722,0.94999,0.95026,1.50,2.63
2012.03.23 01:17:33.793,0.94994,0.95021,1.50,1.50
2012.03.23 01:17:34.443,0.94991,0.95018,1.50,1.50
2012.03.23 01:17:35.486,0.94994,0.9502,1.50,1.50
2012.03.23 01:17:38.163,0.94992,0.95017,1.50,1.50
2012.03.23 01:17:44.602,0.94988,0.95015,1.50,1.50
2012.03.23 01:17:46.141,0.94992,0.95017,1.50,1.50
2012.03.23 01:17:48.112,0.94988,0.95015,1.50,1.50
2012.03.23 01:17:49.973,0.94992,0.95019,1.50,1.50
2012.03.23 01:17:51.122,0.94992,0.95019,1.50,1.88
2012.03.23 01:17:51.444,0.94985,0.9501,1.50,1.50
2012.03.23 01:17:51.832,0.94987,0.95014,1.50,2.25
2012.03.23 01:17:56.434,0.94993,0.9502,1.50,1.50
2012.03.23 01:17:57.196,0.94993,0.9502,1.50,2.25
2012.03.23 01:17:58.073,0.94993,0.9502,1.50,1.50
2012.03.23 01:18:07.424,0.9499,0.95018,1.50,1.50
2012.03.23 01:18:16.518,0.94994,0.95019,1.50,1.50
2012.03.23 01:18:16.896,0.9499,0.95018,1.50,1.50
2012.03.23 01:18:19.431,0.94993,0.95016,1.50,1.50
2012.03.23 01:18:26.755,0.94997,0.9502,1.50,1.50
2012.03.23 01:18:27.291,0.94995,0.95016,1.50,1.50
2012.03.23 01:18:38.175,0.94992,0.95013,1.50,1.50
2012.03.23 01:18:38.483,0.94989,0.9501,1.50,1.50
2012.03.23 01:18:38.823,0.94992,0.95013,1.50,1.50
2012.03.23 01:18:46.165,0.94995,0.95016,1.50,1.50
2012.03.23 01:18:46.583,0.94997,0.9502,1.50,1.50
2012.03.23 01:18:47.784,0.94995,0.95016,1.50,1.50
2012.03.23 01:18:48.181,0.94991,0.95014,1.50,1.50
2012.03.23 01:18:49.446,0.94995,0.95018,1.50,1.50
2012.03.23 01:18:49.750,0.94989,0.95012,1.50,1.50
2012.03.23 01:18:50.061,0.94993,0.95014,1.50,1.50
2012.03.23 01:18:50.378,0.94996,0.95017,1.50,1.50
2012.03.23 01:18:52.230,0.94999,0.9502,1.50,1.50
2012.03.23 01:18:55.781,0.94995,0.95018,1.50,1.50
2012.03.23 01:18:56.021,0.94993,0.95014,1.50,1.50
2012.03.23 01:18:56.433,0.94997,0.9502,1.50,1.50
2012.03.23 01:18:58.421,0.94997,0.9502,1.50,2.25
2012.03.23 01:18:58.553,0.94995,0.95016,1.50,1.50
2012.03.23 01:18:59.043,0.94992,0.95014,1.50,1.50
2012.03.23 01:18:59.352,0.94989,0.95012,1.50,1.50
2012.03.23 01:18:59.932,0.94993,0.95013,1.50,1.50
2012.03.23 01:19:05.146,0.9499,0.95011,1.50,1.50
2012.03.23 01:19:05.431,0.94992,0.95014,1.50,1.50
2012.03.23 01:19:07.862,0.94989,0.95012,1.50,1.50
2012.03.23 01:19:20.735,0.94989,0.95012,1.50,2.25
2012.03.23 01:19:20.984,0.94986,0.95007,1.50,1.50
2012.03.23 01:19:21.522,0.94987,0.95007,2.18,1.50
2012.03.23 01:19:21.712,0.94991,0.95012,1.50,1.50
2012.03.23 01:19:21.843,0.94993,0.95016,1.50,1.50
2012.03.23 01:19:22.482,0.9499,0.95011,1.50,1.50
2012.03.23 01:19:22.731,0.94992,0.95014,1.50,1.50
2012.03.23 01:19:23.576,0.94994,0.95017,1.50,1.50
2012.03.23 01:19:23.905,0.94998,0.95019,1.50,1.50
2012.03.23 01:19:26.071,0.94993,0.95013,1.50,1.50
2012.03.23 01:19:26.131,0.94994,0.95017,1.50,1.50
2012.03.23 01:19:26.262,0.95002,0.95023,1.50,1.50
2012.03.23 01:19:26.613,0.94994,0.95017,1.50,1.50
2012.03.23 01:19:26.832,0.95,0.95021,1.50,1.50
2012.03.23 01:19:28.404,0.94992,0.95015,1.50,1.50
2012.03.23 01:19:32.573,0.94997,0.95018,1.50,1.50
2012.03.23 01:19:35.222,0.94994,0.95015,1.50,1.50
2012.03.23 01:19:35.631,0.94997,0.95018,1.50,1.50
2012.03.23 01:19:42.476,0.95002,0.95025,2.25,1.50
2012.03.23 01:19:44.483,0.95,0.95021,1.50,1.50
2012.03.23 01:19:48.356,0.95001,0.95024,1.50,1.50
2012.03.23 01:19:48.912,0.95005,0.95026,1.50,1.50
2012.03.23 01:19:49.145,0.95001,0.95024,1.50,1.50
2012.03.23 01:19:49.948,0.95005,0.95026,1.50,1.50
2012.03.23 01:19:50.357,0.95002,0.95023,1.50,1.50
2012.03.23 01:19:59.924,0.94997,0.95018,1.50,1.50
2012.03.23 01:20:00.555,0.95,0.95021,1.50,1.50
2012.03.23 01:20:00.744,0.94993,0.95016,1.50,1.50
2012.03.23 01:20:01.175,0.94997,0.9502,1.50,1.50
2012.03.23 01:20:01.775,0.95001,0.95022,1.50,1.50
2012.03.23 01:20:01.963,0.95003,0.95026,1.50,1.50
2012.03.23 01:20:02.904,0.95003,0.95026,1.50,2.25
2012.03.23 01:20:03.157,0.94996,0.95019,1.50,1.50
2012.03.23 01:20:03.405,0.95,0.95023,1.50,1.50
2012.03.23 01:20:03.725,0.95004,0.95027,1.50,1.50
2012.03.23 01:20:04.555,0.95004,0.95027,1.50,2.25
2012.03.23 01:20:04.630,0.95002,0.95025,1.50,1.50
2012.03.23 01:20:04.755,0.94996,0.95016,1.50,1.50
2012.03.23 01:20:05.045,0.94999,0.9502,1.50,1.50
2012.03.23 01:20:05.353,0.94992,0.95015,1.50,1.50
2012.03.23 01:20:05.733,0.94996,0.95017,1.50,1.50
2012.03.23 01:20:05.866,0.94998,0.95021,1.50,1.50
2012.03.23 01:20:08.046,0.94996,0.95017,2.25,1.50
2012.03.23 01:20:09.471,0.95,0.95021,1.50,1.50
2012.03.23 01:20:10.111,0.94996,0.95019,2.25,1.50
2012.03.23 01:20:12.260,0.94994,0.95015,2.25,1.50
2012.03.23 01:20:12.553,0.94994,0.95015,1.50,1.50
2012.03.23 01:20:12.806,0.94988,0.95009,3.68,1.50
2012.03.23 01:20:13.139,0.94991,0.95012,1.50,1.50
2012.03.23 01:20:14.165,0.94994,0.95015,1.50,1.50
2012.03.23 01:20:14.802,0.94991,0.95012,1.50,1.50
2012.03.23 01:20:15.494,0.94998,0.95016,2.18,1.50
2012.03.23 01:20:15.564,0.94993,0.95016,1.50,1.50
2012.03.23 01:20:16.273,0.94993,0.95016,2.25,1.50
2012.03.23 01:20:16.344,0.94997,0.95019,2.93,1.50
2012.03.23 01:20:17.371,0.94999,0.95022,1.50,1.50
2012.03.23 01:20:19.276,0.94997,0.95018,2.25,1.50
2012.03.23 01:20:20.711,0.94998,0.95018,2.18,1.50
2012.03.23 01:20:21.501,0.94998,0.95018,2.93,1.50
2012.03.23 01:20:24.777,0.94998,0.95018,2.18,1.50
2012.03.23 01:20:24.843,0.94999,0.95022,1.50,1.50
2012.03.23 01:20:25.792,0.94999,0.95022,2.25,1.50
2012.03.23 01:20:26.424,0.94999,0.95022,1.50,1.50
2012.03.23 01:20:26.742,0.94999,0.95022,2.25,1.50
2012.03.23 01:20:28.506,0.94997,0.95018,4.43,1.50
2012.03.23 01:20:29.223,0.94997,0.95018,4.43,1.50
2012.03.23 01:20:29.414,0.94997,0.95018,2.25,1.50
2012.03.23 01:20:29.487,0.95001,0.95022,2.25,1.50
2012.03.23 01:20:29.552,0.94996,0.95019,2.25,1.50
2012.03.23 01:20:31.157,0.94997,0.95019,2.93,1.50
2012.03.23 01:20:31.463,0.95002,0.95025,2.25,1.50
2012.03.23 01:20:31.535,0.95002,0.95025,1.50,1.50
2012.03.23 01:20:31.662,0.94998,0.9502,2.93,1.50
2012.03.23 01:20:32.172,0.94998,0.9502,2.18,1.50
2012.03.23 01:20:33.114,0.94999,0.9502,1.50,1.50
2012.03.23 01:20:33.188,0.94995,0.95017,2.25,1.50
2012.03.23 01:20:33.533,0.94993,0.95014,2.25,1.50
2012.03.23 01:20:34.673,0.94995,0.95017,2.25,1.50
2012.03.23 01:20:45.546,0.94995,0.95017,1.50,1.50
2012.03.23 01:20:45.983,0.94993,0.95014,1.50,1.50
2012.03.23 01:20:47.352,0.94989,0.95012,2.25,1.50
2012.03.23 01:20:51.102,0.94993,0.95014,1.50,1.50
2012.03.23 01:20:51.184,0.94996,0.95019,1.50,1.50
2012.03.23 01:20:51.750,0.94997,0.9502,1.50,1.50
2012.03.23 01:20:51.925,0.94994,0.95017,1.50,1.50
2012.03.23 01:20:52.306,0.94992,0.95012,1.50,1.50
2012.03.23 01:20:52.375,0.94994,0.95015,1.50,1.50
2012.03.23 01:20:52.506,0.94991,0.95013,1.50,1.50
2012.03.23 01:20:53.063,0.94991,0.95013,2.25,1.50
2012.03.23 01:20:54.234,0.94991,0.95013,1.50,1.50
2012.03.23 01:20:54.482,0.94993,0.95016,1.50,1.50
2012.03.23 01:20:58.525,0.94996,0.95019,1.50,1.50
2012.03.23 01:20:58.904,0.9499,0.95013,1.50,1.50
2012.03.23 01:20:59.902,0.9499,0.95013,2.25,1.50
2012.03.23 01:21:01.585,0.9499,0.95013,2.25,1.50
2012.03.23 01:21:01.756,0.94993,0.95016,2.25,1.50
2012.03.23 01:21:01.953,0.94993,0.95016,1.50,1.50
2012.03.23 01:21:03.139,0.94996,0.95019,1.50,1.50
2012.03.23 01:21:03.887,0.94996,0.95019,2.25,1.50
2012.03.23 01:21:04.434,0.94997,0.95019,2.18,1.50
2012.03.23 01:21:06.151,0.94996,0.95019,1.50,1.50
2012.03.23 01:21:06.723,0.94996,0.95019,2.25,1.50
2012.03.23 01:21:06.912,0.94998,0.95015,2.18,1.50
2012.03.23 01:21:10.103,0.94998,0.95021,3.68,1.50
2012.03.23 01:21:10.742,0.94995,0.95018,1.50,1.50
2012.03.23 01:21:12.591,0.94995,0.95018,2.25,1.50
2012.03.23 01:21:13.463,0.94999,0.9502,1.50,1.50
2012.03.23 01:21:14.220,0.94999,0.9502,2.25,1.50
2012.03.23 01:21:14.286,0.95001,0.95023,1.50,1.50
2012.03.23 01:21:14.413,0.95004,0.95025,1.50,1.50
2012.03.23 01:21:14.752,0.95001,0.95022,1.50,1.50
2012.03.23 01:21:15.005,0.94997,0.9502,3.68,1.50
2012.03.23 01:21:15.253,0.95001,0.95022,1.50,1.50
2012.03.23 01:21:16.425,0.95001,0.95022,2.25,1.50
2012.03.23 01:21:17.052,0.95003,0.95026,1.50,1.50
2012.03.23 01:21:17.443,0.95,0.95021,1.50,1.50
2012.03.23 01:21:17.993,0.95002,0.95025,1.50,1.50
2012.03.23 01:21:20.040,0.94996,0.95017,1.50,1.50
2012.03.23 01:21:20.673,0.94999,0.9502,1.50,1.50
2012.03.23 01:21:22.434,0.94995,0.95018,1.50,1.50
2012.03.23 01:21:22.510,0.94993,0.95014,2.25,1.50
2012.03.23 01:21:23.016,0.94995,0.95018,2.25,1.50
2012.03.23 01:21:23.087,0.94999,0.9502,1.50,1.50
2012.03.23 01:21:23.871,0.94996,0.95017,2.25,1.50
2012.03.23 01:21:24.013,0.94998,0.9502,1.50,1.50
2012.03.23 01:21:26.174,0.94997,0.9502,1.50,1.50
2012.03.23 01:21:29.393,0.95,0.95023,1.50,1.50
2012.03.23 01:21:33.277,0.94997,0.9502,1.50,1.50
2012.03.23 01:21:34.544,0.95002,0.95025,1.50,1.50
2012.03.23 01:21:37.807,0.95006,0.95027,1.50,1.50
2012.03.23 01:21:39.804,0.95002,0.95022,1.50,1.50
2012.03.23 01:21:42.333,0.94995,0.95018,1.50,1.50
2012.03.23 01:21:42.735,0.94999,0.9502,1.50,1.50
2012.03.23 01:21:43.643,0.94996,0.95017,1.50,1.50
2012.03.23 01:21:48.752,0.94999,0.9502,1.50,1.50
2012.03.23 01:21:50.251,0.94995,0.95018,1.50,1.50
2012.03.23 01:21:50.771,0.94999,0.9502,1.50,1.50
2012.03.23 01:21:51.133,0.94995,0.95018,1.50,1.50
2012.03.23 01:21:51.201,0.94998,0.95021,1.50,1.50
2012.03.23 01:21:52.302,0.95001,0.95024,1.50,1.50
2012.03.23 01:21:52.875,0.94999,0.9502,1.50,1.50
2012.03.23 01:21:53.197,0.95003,0.95023,1.50,1.50
2012.03.23 01:21:53.717,0.95002,0.95023,1.50,1.50
2012.03.23 01:21:54.201,0.94998,0.95021,1.50,1.50
2012.03.23 01:21:56.296,0.95001,0.95024,1.50,1.50
2012.03.23 01:21:58.363,0.94999,0.9502,1.50,1.50
2012.03.23 01:21:59.883,0.95005,0.95028,1.50,1.50
2012.03.23 01:21:59.953,0.95003,0.95024,1.50,1.50
2012.03.23 01:22:00.919,0.94998,0.95019,1.50,1.50
2012.03.23 01:22:02.503,0.94996,0.95017,1.50,1.50
2012.03.23 01:22:07.814,0.94999,0.95022,1.50,1.50
2012.03.23 01:22:08.035,0.95003,0.95024,1.50,1.50
2012.03.23 01:22:08.582,0.95005,0.95028,1.50,1.50
2012.03.23 01:22:09.622,0.95002,0.95023,1.50,1.50
2012.03.23 01:22:11.547,0.94998,0.95019,3.68,1.50
2012.03.23 01:22:11.672,0.95,0.95023,1.50,1.50
2012.03.23 01:22:11.805,0.94994,0.95017,1.50,1.50
2012.03.23 01:22:23.771,0.94991,0.95014,2.25,1.50
2012.03.23 01:22:24.063,0.94995,0.95018,1.50,1.50
2012.03.23 01:22:32.107,0.94998,0.95021,1.50,1.50
2012.03.23 01:22:35.542,0.94995,0.95018,1.50,1.50
2012.03.23 01:22:42.084,0.94992,0.95015,1.50,1.50
2012.03.23 01:22:44.143,0.94995,0.95018,1.50,1.50
2012.03.23 01:22:57.322,0.94992,0.95015,1.50,1.50
2012.03.23 01:22:58.621,0.94995,0.95018,1.50,1.50
2012.03.23 01:23:05.994,0.95004,0.95027,1.50,2.25
2012.03.23 01:23:06.070,0.94994,0.95015,1.50,1.50
2012.03.23 01:23:06.194,0.9499,0.95013,1.50,1.50
2012.03.23 01:23:06.941,0.94993,0.95016,1.50,1.50
2012.03.23 01:23:13.925,0.94991,0.95012,1.50,1.50
2012.03.23 01:23:14.203,0.94987,0.9501,1.50,1.50
2012.03.23 01:23:14.432,0.94991,0.95012,1.50,1.50
2012.03.23 01:23:15.727,0.94988,0.95009,1.50,1.50
2012.03.23 01:23:16.032,0.94985,0.95006,1.50,1.50
2012.03.23 01:23:16.346,0.94981,0.95004,2.63,1.50
2012.03.23 01:23:16.416,0.94989,0.9501,2.25,1.50
2012.03.23 01:23:16.484,0.94989,0.9501,1.50,1.50
2012.03.23 01:23:16.617,0.94994,0.95017,1.50,1.50
2012.03.23 01:23:16.684,0.94989,0.9501,1.50,1.50
2012.03.23 01:23:16.996,0.94995,0.95016,1.50,1.50
2012.03.23 01:23:17.665,0.94998,0.95019,1.50,1.50
2012.03.23 01:23:17.986,0.95,0.95021,1.50,1.50
2012.03.23 01:23:18.112,0.94996,0.95019,1.50,1.50
2012.03.23 01:23:18.246,0.94991,0.95012,1.50,1.50
2012.03.23 01:23:18.766,0.94991,0.95012,2.25,1.50
2012.03.23 01:23:18.896,0.94993,0.95016,1.50,1.50
2012.03.23 01:23:19.355,0.94996,0.95019,1.50,1.50
2012.03.23 01:23:20.862,0.94994,0.95015,1.50,1.50
2012.03.23 01:23:21.173,0.94991,0.95012,1.50,1.50
2012.03.23 01:23:22.273,0.94987,0.95009,1.50,1.50
2012.03.23 01:23:24.715,0.94984,0.95007,1.50,1.50
2012.03.23 01:23:25.226,0.94987,0.9501,1.50,1.50
2012.03.23 01:23:25.914,0.94984,0.95007,1.50,1.50
2012.03.23 01:23:26.603,0.94986,0.95007,1.50,1.50
2012.03.23 01:23:28.456,0.94989,0.9501,1.50,1.50
2012.03.23 01:23:28.754,0.94985,0.95008,1.50,1.50
2012.03.23 01:23:30.764,0.94982,0.95003,1.50,1.50
2012.03.23 01:23:32.376,0.94985,0.95008,1.50,1.50
2012.03.23 01:23:34.352,0.94985,0.95005,1.50,1.50
2012.03.23 01:23:34.409,0.94987,0.95008,1.50,1.50
2012.03.23 01:23:34.532,0.9499,0.95011,1.50,1.50
2012.03.23 01:23:34.901,0.94994,0.95015,1.50,1.50
2012.03.23 01:23:36.823,0.94991,0.95012,1.50,1.50
2012.03.23 01:23:39.366,0.94985,0.95006,2.25,1.50
2012.03.23 01:23:39.496,0.94987,0.9501,1.50,1.50
2012.03.23 01:23:39.625,0.94993,0.95014,1.50,1.50
2012.03.23 01:23:39.936,0.94996,0.95017,1.50,1.50
2012.03.23 01:23:40.363,0.94999,0.95022,1.50,1.50
2012.03.23 01:23:46.243,0.95003,0.95026,1.50,1.50
2012.03.23 01:23:50.375,0.95008,0.95029,1.50,1.50
2012.03.23 01:23:51.009,0.95004,0.95027,1.50,1.50
2012.03.23 01:23:51.566,0.95007,0.9503,1.50,1.50
2012.03.23 01:23:52.093,0.95004,0.95027,1.50,1.50
2012.03.23 01:23:52.591,0.94992,0.95013,1.50,1.50
2012.03.23 01:23:52.895,0.94992,0.95013,2.25,1.50
2012.03.23 01:23:53.146,0.95003,0.95022,1.50,2.18
2012.03.23 01:23:53.332,0.95003,0.95024,1.50,1.50
2012.03.23 01:23:54.427,0.94999,0.9502,1.50,1.50
2012.03.23 01:23:55.082,0.94995,0.95018,1.50,1.50
2012.03.23 01:23:55.142,0.94993,0.95014,1.50,1.50
2012.03.23 01:24:01.944,0.94989,0.95012,1.50,1.50
2012.03.23 01:24:03.883,0.94986,0.95009,2.25,1.50
2012.03.23 01:24:05.427,0.94986,0.95009,1.50,1.50
2012.03.23 01:24:05.741,0.94983,0.95006,2.25,1.50
2012.03.23 01:24:09.905,0.94987,0.95008,1.50,1.50
2012.03.23 01:24:10.053,0.94983,0.95006,2.25,1.50
2012.03.23 01:24:10.655,0.94983,0.95006,2.25,1.50
2012.03.23 01:24:10.785,0.94988,0.95009,2.25,1.50
2012.03.23 01:24:11.373,0.9499,0.95013,2.25,1.50
2012.03.23 01:24:11.621,0.9499,0.95013,2.25,1.50
2012.03.23 01:24:14.951,0.9499,0.95013,2.25,1.50
2012.03.23 01:24:15.305,0.94999,0.95022,1.50,1.50
2012.03.23 01:24:19.463,0.94996,0.95019,1.50,1.50
2012.03.23 01:24:20.646,0.94993,0.95014,1.50,1.50
2012.03.23 01:24:21.622,0.94993,0.95014,2.25,1.50
2012.03.23 01:24:21.823,0.94997,0.9502,2.25,1.50
2012.03.23 01:24:21.954,0.94997,0.9502,2.25,2.48
2012.03.23 01:24:22.266,0.94983,0.95006,2.25,1.50
2012.03.23 01:24:22.455,0.94987,0.95006,2.93,1.50
2012.03.23 01:24:22.527,0.94994,0.95017,2.25,1.50
2012.03.23 01:24:23.294,0.94991,0.95014,2.25,1.50
2012.03.23 01:24:23.367,0.94994,0.95017,2.25,1.50
2012.03.23 01:24:23.491,0.94994,0.95017,2.25,1.50
2012.03.23 01:24:25.048,0.94994,0.95017,2.25,1.50
2012.03.23 01:24:25.613,0.94997,0.9502,2.25,1.50
2012.03.23 01:24:26.081,0.94993,0.95016,1.50,1.50
2012.03.23 01:24:26.384,0.94988,0.95009,2.25,1.50
2012.03.23 01:24:26.713,0.94988,0.95009,1.50,1.50
2012.03.23 01:24:26.845,0.94992,0.95015,1.50,1.50
2012.03.23 01:24:27.425,0.94984,0.95005,2.25,1.50
2012.03.23 01:24:30.233,0.94987,0.95008,1.50,1.50
2012.03.23 01:24:31.644,0.9499,0.95011,1.50,1.50
2012.03.23 01:24:32.110,0.94983,0.95004,2.25,1.50
2012.03.23 01:24:33.996,0.94983,0.95004,1.50,1.50
2012.03.23 01:24:38.754,0.94989,0.9501,1.50,1.50
2012.03.23 01:24:39.014,0.94987,0.9501,1.50,1.50
2012.03.23 01:24:41.344,0.94982,0.95003,1.50,1.50
2012.03.23 01:24:41.472,0.94985,0.95008,1.50,1.50
2012.03.23 01:24:45.331,0.94981,0.95002,2.25,1.50
2012.03.23 01:24:47.031,0.94984,0.95005,1.50,1.50
2012.03.23 01:24:47.592,0.94986,0.95009,1.50,1.50
2012.03.23 01:24:48.492,0.94989,0.95012,1.50,1.50
2012.03.23 01:24:49.543,0.94982,0.95003,2.25,1.50
2012.03.23 01:24:49.619,0.94979,0.95,2.25,1.50
2012.03.23 01:24:49.837,0.94979,0.95,2.25,1.50
2012.03.23 01:24:49.902,0.94979,0.95,2.25,1.50
2012.03.23 01:24:50.161,0.94984,0.95007,1.50,1.50
2012.03.23 01:24:50.231,0.94984,0.95007,2.25,1.50
2012.03.23 01:24:50.663,0.94989,0.9501,1.50,1.50
2012.03.23 01:24:51.804,0.94985,0.95008,2.25,1.50
2012.03.23 01:24:52.235,0.94985,0.95008,2.25,1.50
2012.03.23 01:24:52.304,0.94999,0.9502,1.50,1.50
2012.03.23 01:24:52.434,0.94996,0.95017,1.50,1.50
2012.03.23 01:24:54.836,0.95,0.95023,1.50,1.50
2012.03.23 01:24:56.706,0.94993,0.95016,1.50,1.50
2012.03.23 01:24:58.573,0.95002,0.95023,1.50,1.50
2012.03.23 01:25:00.992,0.94994,0.95015,1.50,1.50
2012.03.23 01:25:02.522,0.94999,0.95022,1.50,1.50
2012.03.23 01:25:03.155,0.94996,0.95019,1.50,1.50
2012.03.23 01:25:04.892,0.95,0.95021,1.50,1.50
2012.03.23 01:25:05.635,0.94996,0.95019,2.25,1.50
2012.03.23 01:25:10.708,0.94994,0.95015,1.50,1.50
2012.03.23 01:25:12.415,0.94989,0.95012,2.25,1.50
2012.03.23 01:25:12.602,0.94994,0.95017,2.25,1.50
2012.03.23 01:25:13.122,0.94999,0.95019,1.50,1.50
2012.03.23 01:25:14.555,0.94995,0.95016,1.50,1.50
2012.03.23 01:25:14.863,0.94992,0.95013,1.50,1.50
2012.03.23 01:25:16.414,0.94992,0.95013,2.25,1.50
2012.03.23 01:25:16.601,0.94994,0.95017,2.25,1.50
2012.03.23 01:25:19.115,0.94997,0.9502,2.25,1.50
2012.03.23 01:25:22.133,0.95,0.95023,1.50,1.50
2012.03.23 01:25:24.222,0.94997,0.9502,2.25,1.50
2012.03.23 01:25:24.676,0.94994,0.95019,1.50,1.50
2012.03.23 01:25:24.806,0.94989,0.95013,2.25,1.50
2012.03.23 01:25:26.655,0.94989,0.95013,2.25,1.50
2012.03.23 01:25:26.781,0.94992,0.95016,2.25,1.50
2012.03.23 01:25:29.733,0.94994,0.95018,2.25,1.50
2012.03.23 01:25:29.961,0.94992,0.95015,2.25,1.50
2012.03.23 01:25:34.685,0.94992,0.95015,2.25,1.50
2012.03.23 01:25:34.933,0.94989,0.95012,2.25,1.50
2012.03.23 01:25:41.013,0.94989,0.95012,1.50,1.50
2012.03.23 01:25:41.086,0.94986,0.95009,2.25,1.50
2012.03.23 01:25:41.687,0.94982,0.95005,1.50,1.50
2012.03.23 01:25:43.852,0.94977,0.95001,1.50,1.50
2012.03.23 01:25:44.032,0.9498,0.95003,1.50,1.50
2012.03.23 01:25:44.629,0.9498,0.95003,2.25,1.50
2012.03.23 01:25:45.170,0.94978,0.95003,1.50,1.50
2012.03.23 01:25:45.734,0.94976,0.95,1.50,1.50
2012.03.23 01:25:46.319,0.94977,0.94999,1.50,1.50
2012.03.23 01:25:47.272,0.9498,0.95001,1.50,1.50
2012.03.23 01:25:47.673,0.94975,0.94998,1.50,1.50
2012.03.23 01:25:47.945,0.9497,0.94993,2.25,1.50
2012.03.23 01:25:48.013,0.9497,0.94993,1.50,1.50
2012.03.23 01:25:48.274,0.94975,0.94996,1.50,1.50
2012.03.23 01:25:49.556,0.94972,0.94993,1.50,1.50
2012.03.23 01:25:52.766,0.94975,0.94996,1.50,1.50
2012.03.23 01:25:53.321,0.94972,0.94993,1.50,1.50
2012.03.23 01:25:55.102,0.94976,0.94997,1.50,1.50
2012.03.23 01:25:55.847,0.94973,0.94994,1.50,1.50
2012.03.23 01:25:56.059,0.94969,0.94992,1.50,1.50
2012.03.23 01:25:56.241,0.94973,0.94994,1.50,1.50
2012.03.23 01:25:56.554,0.9497,0.94991,1.50,1.50
2012.03.23 01:25:57.823,0.94966,0.94989,1.50,1.50
2012.03.23 01:25:59.403,0.94969,0.94992,1.50,1.50
2012.03.23 01:25:59.745,0.94969,0.94992,1.50,2.25
2012.03.23 01:25:59.816,0.94959,0.94982,1.50,1.50
2012.03.23 01:26:00.437,0.94965,0.94988,1.50,1.50
2012.03.23 01:26:00.822,0.94962,0.94985,1.50,1.50
2012.03.23 01:26:01.317,0.94958,0.94979,1.50,1.50
2012.03.23 01:26:03.025,0.94961,0.94982,1.50,1.50
2012.03.23 01:26:04.826,0.94957,0.9498,2.25,1.50
2012.03.23 01:26:05.274,0.94955,0.94976,1.50,1.50
2012.03.23 01:26:05.537,0.94957,0.9498,1.50,1.50
2012.03.23 01:26:05.787,0.94955,0.94978,1.50,1.50
2012.03.23 01:26:06.093,0.94952,0.94975,2.25,1.50
2012.03.23 01:26:07.094,0.9495,0.94971,1.50,1.50
2012.03.23 01:26:07.435,0.94947,0.94968,2.25,1.50
2012.03.23 01:26:07.777,0.94942,0.94965,1.50,1.50
2012.03.23 01:26:08.145,0.94939,0.94962,1.50,1.50
2012.03.23 01:26:08.461,0.94939,0.94962,2.25,1.50
2012.03.23 01:26:08.587,0.94942,0.94965,2.25,1.50
2012.03.23 01:26:09.160,0.94937,0.94959,1.50,1.50
2012.03.23 01:26:09.697,0.94937,0.94959,2.25,1.50
2012.03.23 01:26:09.882,0.94941,0.94962,2.25,1.50
2012.03.23 01:26:13.002,0.94937,0.94959,2.93,1.50
2012.03.23 01:26:13.372,0.94929,0.94951,2.25,1.50
2012.03.23 01:26:13.493,0.94929,0.94951,1.50,1.50
2012.03.23 01:26:13.685,0.94933,0.94954,1.50,1.50
2012.03.23 01:26:14.221,0.94932,0.94953,2.25,1.50
2012.03.23 01:26:18.624,0.94935,0.94956,1.50,1.50
2012.03.23 01:26:18.932,0.94928,0.9495,4.43,1.50
2012.03.23 01:26:18.992,0.94928,0.9495,3.68,1.50
2012.03.23 01:26:19.062,0.9493,0.94953,1.50,1.50
2012.03.23 01:26:19.592,0.9493,0.94953,2.25,1.50
2012.03.23 01:26:20.975,0.9493,0.94953,2.25,1.50
2012.03.23 01:26:21.046,0.94936,0.94959,2.25,1.50
2012.03.23 01:26:21.495,0.94934,0.94956,2.25,1.50
2012.03.23 01:26:21.982,0.94936,0.94959,2.25,1.50
2012.03.23 01:26:24.633,0.9494,0.94963,1.50,1.50
2012.03.23 01:26:26.969,0.9494,0.94963,2.25,1.50
2012.03.23 01:26:27.098,0.94941,0.94964,2.25,1.50
2012.03.23 01:26:27.165,0.94948,0.94971,1.50,1.50
2012.03.23 01:26:27.796,0.94946,0.94967,1.50,1.50
2012.03.23 01:26:28.104,0.94954,0.94975,1.50,1.50
2012.03.23 01:26:28.413,0.94948,0.94971,2.25,1.50
2012.03.23 01:26:28.610,0.94948,0.94971,1.50,1.50
2012.03.23 01:26:28.733,0.94945,0.94968,2.25,1.50
2012.03.23 01:26:29.132,0.94942,0.94965,2.25,1.50
2012.03.23 01:26:30.183,0.94941,0.94967,2.25,1.50
2012.03.23 01:26:31.417,0.94942,0.94971,2.25,1.50
2012.03.23 01:26:31.784,0.94942,0.94971,1.50,1.50
2012.03.23 01:26:31.914,0.94941,0.94967,1.50,1.50
2012.03.23 01:26:32.275,0.94942,0.94971,2.25,1.50
2012.03.23 01:26:33.753,0.94939,0.94967,2.25,1.50
2012.03.23 01:26:35.674,0.94939,0.94967,2.25,1.50
2012.03.23 01:26:36.130,0.94944,0.94973,1.50,1.50
2012.03.23 01:26:37.927,0.94944,0.94973,2.25,1.50
2012.03.23 01:26:38.002,0.94944,0.94973,1.50,3.68
2012.03.23 01:26:38.125,0.94945,0.94971,1.50,1.50
2012.03.23 01:26:38.434,0.94941,0.94969,2.25,1.50
2012.03.23 01:26:39.474,0.94941,0.94969,2.25,1.50
2012.03.23 01:26:39.602,0.94946,0.94973,2.25,1.50
2012.03.23 01:26:40.004,0.94946,0.94973,2.25,1.50
2012.03.23 01:26:40.075,0.94948,0.94976,2.25,1.50
2012.03.23 01:26:40.712,0.94954,0.94982,1.50,3.68
2012.03.23 01:26:50.499,0.94952,0.94978,1.50,1.50
2012.03.23 01:26:54.942,0.94952,0.94978,2.25,1.50
2012.03.23 01:26:55.073,0.94955,0.94981,2.25,1.50
2012.03.23 01:26:55.144,0.94958,0.94984,1.50,1.50
2012.03.23 01:27:02.684,0.94965,0.94991,1.50,1.50
2012.03.23 01:27:02.756,0.94967,0.94995,1.50,2.25
2012.03.23 01:27:02.943,0.94964,0.94992,1.50,1.50
2012.03.23 01:27:03.137,0.94963,0.94994,1.68,1.50
2012.03.23 01:27:03.626,0.94957,0.94996,4.60,1.50
2012.03.23 01:27:03.693,0.94957,0.94996,4.60,1.50
2012.03.23 01:27:03.822,0.94959,0.95,2.25,2.63
2012.03.23 01:27:04.648,0.94957,0.94998,3.10,1.50
2012.03.23 01:27:05.428,0.94958,0.94993,3.10,1.50
2012.03.23 01:27:07.413,0.94958,0.94999,4.60,2.25
2012.03.23 01:27:07.743,0.94958,0.94999,4.60,1.50
2012.03.23 01:27:08.223,0.94958,0.94999,4.60,2.25
2012.03.23 01:27:13.911,0.94958,0.94995,3.10,1.50
2012.03.23 01:27:20.542,0.94958,0.94995,3.10,1.50
2012.03.23 01:27:21.096,0.94958,0.94998,3.10,1.50
2012.03.23 01:27:24.961,0.9496,0.95001,2.43,1.50
2012.03.23 01:27:26.154,0.9496,0.95001,2.43,2.25
2012.03.23 01:27:26.542,0.94957,0.95003,3.10,3.30
2012.03.23 01:27:27.135,0.9496,0.95002,1.30,1.50
2012.03.23 01:27:27.264,0.9496,0.95002,1.30,1.50
2012.03.23 01:27:27.393,0.94967,0.95006,2.93,1.50
2012.03.23 01:27:34.684,0.94967,0.95009,3.10,1.73
2012.03.23 01:27:34.753,0.94967,0.95008,2.93,1.13
2012.03.23 01:27:35.062,0.94967,0.95008,2.93,1.13
2012.03.23 01:27:35.377,0.94968,0.95002,3.10,2.18
2012.03.23 01:27:35.858,0.94958,0.95002,3.10,3.68
2012.03.23 01:27:36.545,0.94958,0.95002,3.70,2.18
2012.03.23 01:27:38.275,0.94958,0.95002,3.70,2.18
2012.03.23 01:27:38.943,0.94967,0.95003,2.93,2.78
2012.03.23 01:27:41.591,0.94968,0.95009,2.93,1.73
2012.03.23 01:27:43.279,0.94967,0.95003,3.10,2.18
2012.03.23 01:27:45.274,0.9497,0.95003,1.13,2.18
2012.03.23 01:27:45.403,0.94977,0.95013,2.93,4.28
2012.03.23 01:27:45.690,0.94977,0.95013,2.93,2.18
2012.03.23 01:27:59.674,0.94977,0.95013,2.93,2.78
2012.03.23 01:28:14.754,0.94977,0.95013,2.93,2.18
2012.03.23 01:28:14.884,0.94978,0.95018,2.93,1.73
2012.03.23 01:28:15.914,0.94978,0.95018,2.93,1.35
2012.03.23 01:28:17.693,0.94978,0.95016,2.93,1.88
2012.03.23 01:28:17.764,0.94978,0.95014,2.93,2.10
2012.03.23 01:28:30.866,0.94978,0.95012,2.18,2.78
2012.03.23 01:28:31.726,0.94978,0.95012,2.93,2.18
2012.03.23 01:28:31.794,0.94987,0.95018,2.93,1.50
2012.03.23 01:28:31.998,0.94987,0.95022,2.93,2.10
2012.03.23 01:28:32.546,0.94988,0.9502,2.93,1.50
2012.03.23 01:28:35.434,0.94988,0.9502,3.10,1.50
2012.03.23 01:28:35.747,0.94988,0.9502,3.10,1.50
2012.03.23 01:28:35.815,0.94988,0.95024,3.10,1.50
2012.03.23 01:28:35.943,0.94998,0.95026,2.35,1.50
2012.03.23 01:28:36.074,0.94998,0.95029,2.35,1.50
2012.03.23 01:28:37.754,0.94998,0.95029,2.35,2.25
2012.03.23 01:28:38.225,0.94997,0.95026,2.35,1.50
2012.03.23 01:28:38.293,0.94997,0.9503,2.35,1.88
2012.03.23 01:28:39.069,0.94997,0.9503,2.35,1.88
2012.03.23 01:28:39.722,0.94997,0.95032,2.35,1.50
2012.03.23 01:28:41.225,0.94997,0.95032,3.10,1.50
2012.03.23 01:28:41.357,0.94997,0.95036,3.10,1.50
2012.03.23 01:28:41.425,0.94997,0.95036,3.10,1.50
2012.03.23 01:28:41.556,0.94998,0.95041,2.43,1.50
2012.03.23 01:28:41.683,0.95002,0.95039,1.68,1.50
2012.03.23 01:28:41.997,0.95,0.9503,1.68,1.50
2012.03.23 01:28:42.066,0.95001,0.95032,1.68,1.50
2012.03.23 01:28:42.136,0.95001,0.95032,2.43,1.50
2012.03.23 01:28:42.445,0.95001,0.95032,2.43,1.50
2012.03.23 01:28:43.009,0.95001,0.95028,2.43,1.50
2012.03.23 01:28:43.076,0.95003,0.95032,1.68,1.50
2012.03.23 01:28:43.156,0.95002,0.95028,1.68,1.50
2012.03.23 01:28:43.283,0.95002,0.95028,1.68,1.50
2012.03.23 01:28:43.415,0.94998,0.95024,1.68,1.50
2012.03.23 01:28:43.863,0.95001,0.95027,1.68,1.50
2012.03.23 01:28:44.747,0.95001,0.95027,1.68,1.50
2012.03.23 01:28:45.186,0.95001,0.95027,1.68,1.50
2012.03.23 01:28:46.098,0.95003,0.9503,1.68,1.50
2012.03.23 01:28:46.510,0.95,0.95027,2.43,1.50
2012.03.23 01:28:46.695,0.95003,0.9503,1.68,1.50
2012.03.23 01:28:47.603,0.95001,0.95027,1.68,1.50
2012.03.23 01:28:48.134,0.95,0.95028,2.43,1.50
2012.03.23 01:28:48.405,0.95006,0.95032,1.68,1.50
2012.03.23 01:28:48.996,0.95009,0.95035,1.50,1.50
2012.03.23 01:28:49.374,0.95002,0.9503,1.68,1.50
2012.03.23 01:28:50.135,0.95002,0.9503,1.68,1.50
2012.03.23 01:28:50.647,0.95002,0.9503,1.68,1.50
2012.03.23 01:28:50.963,0.94999,0.95028,2.43,1.50
2012.03.23 01:28:51.673,0.94999,0.95027,2.43,1.50
2012.03.23 01:28:52.741,0.95001,0.9503,2.43,1.50
2012.03.23 01:28:53.444,0.95001,0.9503,2.43,1.50
2012.03.23 01:28:53.834,0.94998,0.95022,3.10,1.50
2012.03.23 01:28:53.966,0.95002,0.9503,1.68,1.50
2012.03.23 01:28:54.165,0.94998,0.95025,4.60,1.50
2012.03.23 01:28:55.258,0.94998,0.95025,4.60,1.50
2012.03.23 01:28:57.739,0.94998,0.95025,4.60,1.50
2012.03.23 01:28:58.814,0.95003,0.95029,1.68,1.50
2012.03.23 01:28:59.066,0.95,0.95027,1.68,1.50
2012.03.23 01:28:59.436,0.94994,0.95022,2.43,1.50
2012.03.23 01:29:00.225,0.94994,0.95022,1.68,1.50
2012.03.23 01:29:00.695,0.9499,0.95018,2.43,1.50
2012.03.23 01:29:01.402,0.9499,0.95018,2.43,1.50
2012.03.23 01:29:01.795,0.9499,0.95018,1.68,1.50
2012.03.23 01:29:01.863,0.94994,0.9502,1.50,1.50
2012.03.23 01:29:02.246,0.94988,0.95014,1.68,1.50
2012.03.23 01:29:02.432,0.94985,0.95011,2.25,1.50
2012.03.23 01:29:02.508,0.94985,0.95011,1.50,1.50
2012.03.23 01:29:03.200,0.9498,0.95008,2.25,1.50
2012.03.23 01:29:03.293,0.94977,0.95004,1.50,1.50
2012.03.23 01:29:03.618,0.94972,0.94998,2.25,2.25
2012.03.23 01:29:03.927,0.94974,0.95002,2.25,2.25
2012.03.23 01:29:04.798,0.94974,0.95002,1.50,1.50
2012.03.23 01:29:04.872,0.9497,0.95001,2.25,1.50
2012.03.23 01:29:04.940,0.9497,0.95001,1.50,1.50
2012.03.23 01:29:05.190,0.9497,0.95001,2.25,2.25
2012.03.23 01:29:05.317,0.94967,0.94995,2.93,1.50
2012.03.23 01:29:05.503,0.94967,0.94995,2.93,1.50
2012.03.23 01:29:05.716,0.94967,0.94995,2.93,1.50
2012.03.23 01:29:05.800,0.94967,0.94997,2.93,1.50
2012.03.23 01:29:06.388,0.94967,0.94997,2.93,1.50
2012.03.23 01:29:06.670,0.94967,0.94997,2.18,1.50
2012.03.23 01:29:06.793,0.9497,0.95,2.25,2.25
2012.03.23 01:29:07.106,0.94963,0.94994,2.25,1.50
2012.03.23 01:29:07.447,0.94957,0.9499,3.53,1.50
2012.03.23 01:29:08.296,0.94966,0.94998,2.25,2.25
2012.03.23 01:29:08.370,0.94967,0.94998,2.93,2.25
2012.03.23 01:29:08.754,0.94969,0.95001,2.25,1.50
2012.03.23 01:29:09.007,0.94969,0.95001,2.25,2.25
2012.03.23 01:29:09.437,0.94967,0.94994,2.93,1.50
2012.03.23 01:29:10.676,0.94964,0.94994,2.25,1.50
2012.03.23 01:29:12.057,0.94964,0.94994,2.25,2.25
2012.03.23 01:29:12.303,0.94958,0.94986,1.50,1.50
2012.03.23 01:29:12.374,0.94955,0.94982,2.25,1.50
2012.03.23 01:29:14.324,0.94951,0.9498,2.25,1.50
2012.03.23 01:29:14.812,0.94957,0.94983,2.25,1.50
2012.03.23 01:29:16.244,0.94952,0.94981,1.50,1.50
2012.03.23 01:29:16.318,0.94952,0.94981,2.25,1.50
2012.03.23 01:29:18.103,0.94957,0.94985,2.25,1.50
2012.03.23 01:29:22.324,0.94957,0.94983,2.93,1.50
2012.03.23 01:29:24.414,0.94957,0.94985,2.25,1.50
2012.03.23 01:29:25.532,0.94961,0.94987,1.50,1.50
2012.03.23 01:29:25.922,0.94957,0.94985,2.25,1.50
2012.03.23 01:29:28.599,0.9496,0.94988,2.25,1.50
2012.03.23 01:29:29.289,0.9496,0.94988,1.50,1.50
2012.03.23 01:29:29.593,0.94958,0.94985,2.93,1.50
2012.03.23 01:29:29.667,0.94957,0.94985,2.25,1.50
2012.03.23 01:29:30.362,0.94954,0.94983,2.25,1.50
2012.03.23 01:29:30.422,0.94957,0.94986,2.25,1.50
2012.03.23 01:29:31.010,0.94955,0.94982,2.25,1.50
2012.03.23 01:29:32.168,0.94955,0.94982,2.25,1.50
2012.03.23 01:29:32.241,0.94957,0.94985,2.25,1.50
2012.03.23 01:29:32.303,0.94958,0.94982,2.18,1.50
2012.03.23 01:29:32.555,0.94958,0.94984,1.50,1.50
2012.03.23 01:29:33.403,0.94955,0.94982,2.25,1.50
2012.03.23 01:29:34.275,0.94953,0.94979,2.25,1.50
2012.03.23 01:29:37.479,0.94955,0.94982,2.25,1.50
2012.03.23 01:29:38.036,0.94955,0.94982,1.50,1.50
2012.03.23 01:29:38.229,0.94952,0.94979,2.25,1.50
2012.03.23 01:29:38.474,0.94955,0.94981,2.25,1.50
2012.03.23 01:29:39.083,0.94954,0.94982,2.25,1.50
2012.03.23 01:29:40.592,0.94958,0.94984,1.50,1.50
2012.03.23 01:29:42.374,0.94954,0.94981,2.25,1.50
2012.03.23 01:29:42.824,0.94956,0.94984,2.25,1.50
2012.03.23 01:29:44.630,0.9496,0.94986,1.50,1.50
2012.03.23 01:29:49.922,0.94953,0.94982,2.25,1.50
2012.03.23 01:29:49.982,0.94956,0.94984,2.25,1.50
2012.03.23 01:29:51.584,0.94961,0.94987,1.50,1.50
2012.03.23 01:29:52.733,0.94957,0.94985,1.50,1.50
2012.03.23 01:30:12.729,0.94958,0.94985,2.93,1.50
2012.03.23 01:30:14.262,0.94957,0.94985,4.43,1.50
2012.03.23 01:30:14.383,0.94961,0.94987,1.50,1.50
2012.03.23 01:30:15.334,0.94963,0.94991,1.50,1.50
2012.03.23 01:30:16.442,0.94958,0.94986,3.68,1.50
2012.03.23 01:30:18.631,0.94963,0.94991,1.50,1.50
2012.03.23 01:30:20.332,0.94959,0.94985,1.50,1.50
2012.03.23 01:30:22.363,0.94962,0.9499,1.50,1.50
2012.03.23 01:30:22.672,0.94957,0.94984,1.50,1.50
2012.03.23 01:30:22.795,0.94954,0.94982,1.50,1.50
2012.03.23 01:30:22.923,0.94952,0.94978,1.68,1.50
2012.03.23 01:30:24.283,0.94952,0.94978,2.43,1.50
2012.03.23 01:30:25.502,0.94955,0.94981,2.25,1.50
2012.03.23 01:30:31.498,0.94955,0.94981,1.50,1.50
2012.03.23 01:30:31.667,0.94955,0.94981,2.25,1.50
2012.03.23 01:30:32.072,0.94958,0.94984,3.68,1.50
2012.03.23 01:30:32.483,0.94958,0.94982,2.18,1.50
2012.03.23 01:30:33.782,0.94955,0.94982,1.50,1.50
2012.03.23 01:30:33.905,0.94958,0.94986,1.50,1.50
2012.03.23 01:30:34.187,0.94955,0.94983,1.50,1.50
2012.03.23 01:30:34.872,0.94958,0.94986,1.50,1.50
2012.03.23 01:30:35.530,0.94962,0.94988,1.50,1.50
2012.03.23 01:30:35.805,0.94958,0.94986,1.50,1.50
2012.03.23 01:30:37.661,0.94958,0.94984,1.50,1.50
2012.03.23 01:30:37.734,0.9496,0.94987,1.50,1.50
2012.03.23 01:30:37.998,0.94958,0.94985,2.18,1.50
2012.03.23 01:30:38.133,0.94956,0.94985,1.50,1.50
2012.03.23 01:30:38.209,0.94952,0.94981,1.50,1.50
2012.03.23 01:30:38.513,0.94949,0.94978,2.43,1.50
2012.03.23 01:30:39.712,0.94955,0.94983,2.25,1.50
2012.03.23 01:30:40.413,0.94952,0.9498,2.25,1.50
2012.03.23 01:30:41.485,0.94958,0.9498,2.18,1.50
2012.03.23 01:30:41.558,0.94961,0.94989,1.50,2.25
2012.03.23 01:30:41.624,0.94955,0.94984,1.50,1.50
2012.03.23 01:30:43.374,0.94955,0.94984,2.25,1.50
2012.03.23 01:30:52.975,0.94959,0.94985,1.50,1.50
2012.03.23 01:30:53.198,0.94961,0.94988,1.50,1.50
2012.03.23 01:30:53.648,0.94958,0.94986,1.50,1.50
2012.03.23 01:30:53.722,0.94961,0.94989,2.25,1.50
2012.03.23 01:30:53.985,0.94964,0.94992,1.50,1.50
2012.03.23 01:30:55.293,0.94964,0.94992,1.50,2.25
2012.03.23 01:30:55.558,0.94962,0.94991,1.50,2.25
2012.03.23 01:30:56.852,0.94962,0.94991,1.50,1.50
2012.03.23 01:30:56.920,0.94959,0.94989,1.50,1.50
2012.03.23 01:30:58.669,0.94956,0.94987,2.25,1.50
2012.03.23 01:30:59.118,0.94963,0.94994,1.50,2.25
2012.03.23 01:30:59.245,0.94963,0.94994,1.50,2.25
2012.03.23 01:30:59.315,0.94963,0.94994,1.50,3.00
2012.03.23 01:30:59.763,0.9496,0.94986,1.50,2.25
2012.03.23 01:31:01.085,0.9496,0.94983,1.50,1.50
2012.03.23 01:31:01.587,0.94951,0.9498,1.50,2.25
2012.03.23 01:31:03.155,0.94951,0.9498,1.50,2.25
2012.03.23 01:31:04.379,0.94951,0.94978,1.50,1.50
2012.03.23 01:31:04.868,0.94954,0.94978,1.50,1.50
2012.03.23 01:31:05.182,0.94951,0.94978,1.50,1.50
2012.03.23 01:31:05.305,0.94954,0.94978,1.50,1.50
2012.03.23 01:31:09.699,0.94954,0.94978,1.50,1.50
2012.03.23 01:31:10.355,0.94954,0.94978,1.50,1.50
2012.03.23 01:31:10.745,0.94954,0.94978,1.50,1.50
2012.03.23 01:31:14.824,0.9495,0.94973,1.50,1.50
2012.03.23 01:31:14.895,0.9495,0.9497,1.50,1.50
2012.03.23 01:31:15.148,0.94948,0.94971,1.50,1.50
2012.03.23 01:31:15.216,0.94944,0.94971,1.50,1.50
2012.03.23 01:31:15.286,0.94944,0.94973,1.50,3.00
2012.03.23 01:31:15.352,0.9494,0.94969,1.50,2.25
2012.03.23 01:31:15.563,0.94944,0.94971,1.50,2.25
2012.03.23 01:31:15.926,0.94946,0.94973,1.50,1.50
2012.03.23 01:31:17.104,0.94944,0.94971,1.50,2.25
2012.03.23 01:31:17.533,0.94941,0.94968,1.50,3.00
2012.03.23 01:31:18.432,0.94938,0.94966,1.50,2.25
2012.03.23 01:31:19.707,0.94938,0.94965,1.50,1.50
2012.03.23 01:31:19.777,0.94938,0.94966,1.50,2.25
2012.03.23 01:31:19.845,0.94938,0.94966,1.50,2.25
2012.03.23 01:31:20.636,0.94938,0.94966,1.50,2.25
2012.03.23 01:31:21.384,0.94941,0.94968,1.50,1.50
2012.03.23 01:31:23.412,0.94945,0.94968,1.50,1.50
2012.03.23 01:31:24.955,0.94945,0.94968,1.50,1.50
2012.03.23 01:31:27.174,0.94945,0.94968,1.50,1.50
2012.03.23 01:31:27.983,0.94941,0.94969,1.50,2.25
2012.03.23 01:31:28.861,0.94944,0.94972,1.50,2.25
2012.03.23 01:31:29.676,0.94943,0.94971,1.50,2.25
2012.03.23 01:31:30.416,0.94943,0.94971,1.50,2.25
2012.03.23 01:31:30.693,0.94945,0.94974,1.50,2.25
2012.03.23 01:31:31.714,0.94945,0.94974,1.50,2.25
2012.03.23 01:31:36.352,0.94945,0.94974,1.50,2.25
2012.03.23 01:31:42.163,0.94949,0.94976,1.50,2.25
2012.03.23 01:31:48.723,0.94952,0.94978,1.50,2.25
2012.03.23 01:31:48.794,0.94952,0.94978,1.50,2.25
2012.03.23 01:31:49.342,0.94952,0.94978,1.50,3.00
2012.03.23 01:31:49.616,0.94949,0.94976,1.50,1.50
2012.03.23 01:31:51.189,0.94951,0.94979,1.50,2.25
2012.03.23 01:31:51.697,0.94951,0.94979,1.50,2.25
2012.03.23 01:31:52.003,0.94955,0.94982,1.50,2.93
2012.03.23 01:31:52.137,0.94951,0.94979,2.25,2.25
2012.03.23 01:31:54.962,0.94954,0.94981,1.50,2.25
2012.03.23 01:31:55.472,0.94954,0.94981,1.50,1.50
2012.03.23 01:31:55.847,0.94957,0.94983,1.50,1.50
2012.03.23 01:31:57.162,0.9496,0.94986,1.50,1.50
2012.03.23 01:31:57.404,0.94956,0.94984,1.50,1.50
2012.03.23 01:31:57.472,0.94961,0.94989,1.50,1.50
2012.03.23 01:31:59.728,0.94959,0.94987,1.50,2.25
2012.03.23 01:32:03.733,0.94959,0.94987,1.50,2.63
2012.03.23 01:32:04.186,0.9495,0.94979,1.50,1.50
2012.03.23 01:32:05.994,0.94958,0.94984,1.50,3.00
2012.03.23 01:32:06.483,0.94959,0.94988,1.50,2.25
2012.03.23 01:32:10.315,0.94959,0.94988,1.50,2.25
2012.03.23 01:32:15.125,0.94951,0.94978,1.50,1.50
2012.03.23 01:32:15.817,0.94953,0.94982,1.50,1.50
2012.03.23 01:32:17.407,0.94956,0.94984,1.50,2.25
2012.03.23 01:32:23.016,0.94953,0.9498,1.50,1.50
2012.03.23 01:32:23.356,0.94956,0.94982,1.50,1.50
2012.03.23 01:32:23.565,0.94952,0.94981,1.50,1.50
2012.03.23 01:32:27.263,0.94955,0.94984,1.50,2.25
2012.03.23 01:32:27.583,0.94952,0.94981,1.50,1.50
2012.03.23 01:32:27.893,0.94955,0.94984,1.50,2.25
2012.03.23 01:32:28.197,0.94967,0.94995,2.18,1.50
2012.03.23 01:32:28.503,0.94964,0.94992,1.50,2.25
2012.03.23 01:32:28.696,0.94966,0.94993,1.50,1.50
2012.03.23 01:32:28.826,0.94962,0.94988,1.50,1.50
2012.03.23 01:32:28.894,0.94964,0.94992,1.50,1.50
2012.03.23 01:32:29.024,0.94967,0.94993,1.50,1.50
2012.03.23 01:32:35.507,0.94969,0.94997,1.50,2.25
2012.03.23 01:32:35.953,0.94967,0.94994,1.50,2.25
2012.03.23 01:32:38.971,0.94963,0.94992,1.50,1.50
2012.03.23 01:32:41.174,0.94969,0.94995,1.50,2.25
2012.03.23 01:32:42.833,0.94971,0.94992,1.50,1.50
2012.03.23 01:32:43.524,0.94963,0.94986,1.50,1.50
2012.03.23 01:32:44.023,0.9497,0.94993,1.50,1.50
2012.03.23 01:32:44.556,0.94967,0.9499,1.50,1.50
2012.03.23 01:32:47.106,0.9497,0.94993,1.50,1.50
2012.03.23 01:32:48.686,0.94966,0.94989,1.50,1.50
2012.03.23 01:32:49.704,0.94973,0.94993,1.50,2.25
2012.03.23 01:32:50.753,0.94974,0.94997,1.50,2.25
2012.03.23 01:32:50.829,0.94977,0.95,1.50,2.25
2012.03.23 01:32:51.003,0.94977,0.95,1.50,1.50
2012.03.23 01:32:52.115,0.94977,0.95,1.50,2.25
2012.03.23 01:32:53.035,0.9497,0.94991,1.50,1.50
2012.03.23 01:32:53.115,0.94972,0.94995,1.50,2.25
2012.03.23 01:32:53.309,0.94969,0.94992,1.50,1.50
2012.03.23 01:32:53.555,0.94973,0.94994,1.50,1.50
2012.03.23 01:32:53.883,0.94976,0.94997,1.50,1.50
2012.03.23 01:32:56.367,0.94972,0.94995,1.50,1.50
2012.03.23 01:32:56.437,0.94972,0.94995,1.50,2.25
2012.03.23 01:32:56.507,0.94967,0.9499,1.50,1.50
2012.03.23 01:32:56.579,0.94964,0.94987,1.50,1.50
2012.03.23 01:32:56.933,0.94971,0.94992,1.50,1.50
2012.03.23 01:32:57.684,0.94974,0.94995,1.50,1.50
2012.03.23 01:33:02.532,0.94967,0.94988,1.50,1.50
2012.03.23 01:33:02.655,0.9497,0.94993,1.50,1.50
2012.03.23 01:33:02.915,0.9497,0.94993,2.25,1.50
2012.03.23 01:33:03.151,0.94973,0.94996,1.50,1.50
2012.03.23 01:33:03.999,0.94974,0.94995,1.50,1.50
2012.03.23 01:33:04.653,0.94976,0.94999,1.50,1.50
2012.03.23 01:33:04.944,0.94974,0.94995,1.50,1.50
2012.03.23 01:33:05.014,0.94976,0.94998,1.50,1.50
2012.03.23 01:33:05.146,0.94978,0.94999,1.50,1.50
2012.03.23 01:33:05.394,0.94974,0.94997,1.50,1.50
2012.03.23 01:33:07.618,0.94981,0.95002,1.50,1.50
2012.03.23 01:33:10.438,0.94988,0.95011,1.50,1.50
2012.03.23 01:33:10.568,0.94985,0.95006,1.50,1.50
2012.03.23 01:33:10.876,0.94982,0.95003,1.50,1.50
2012.03.23 01:33:11.007,0.94979,0.95001,1.50,1.50
2012.03.23 01:33:17.817,0.94977,0.94998,1.50,1.50
2012.03.23 01:33:18.602,0.9498,0.95001,1.50,1.50
2012.03.23 01:33:18.662,0.94987,0.9501,1.50,1.50
2012.03.23 01:33:18.942,0.94984,0.95007,1.50,1.50
2012.03.23 01:33:25.443,0.94987,0.9501,1.50,1.50
2012.03.23 01:33:25.844,0.94987,0.9501,1.50,2.25
2012.03.23 01:33:27.583,0.94984,0.95007,1.50,1.50
2012.03.23 01:33:28.435,0.94988,0.95011,1.50,1.50
2012.03.23 01:33:28.852,0.94988,0.95011,1.50,2.25
2012.03.23 01:33:29.365,0.94988,0.95011,1.50,1.50
2012.03.23 01:33:31.177,0.94981,0.95007,1.50,1.50
2012.03.23 01:33:31.536,0.94987,0.95012,1.50,1.50
2012.03.23 01:33:32.443,0.9499,0.95015,1.50,1.50
2012.03.23 01:33:33.608,0.9499,0.95015,1.50,2.25
2012.03.23 01:33:34.226,0.9499,0.95015,1.50,2.25
2012.03.23 01:33:34.874,0.94988,0.95012,1.50,2.25
2012.03.23 01:33:35.794,0.94988,0.95012,1.50,1.50
2012.03.23 01:33:36.093,0.94985,0.95009,1.50,1.50
2012.03.23 01:33:36.438,0.94987,0.95012,1.50,1.50
2012.03.23 01:33:36.838,0.94984,0.9501,1.50,1.50
2012.03.23 01:33:37.185,0.94988,0.95011,1.50,1.50
2012.03.23 01:33:38.268,0.9499,0.95014,1.50,1.50
2012.03.23 01:33:39.132,0.94992,0.95017,1.50,1.50
2012.03.23 01:33:47.256,0.94989,0.95015,1.50,1.50
2012.03.23 01:33:49.715,0.94992,0.95017,1.50,1.50
2012.03.23 01:33:50.190,0.9499,0.95014,1.50,1.50
2012.03.23 01:33:51.823,0.94997,0.9502,1.50,2.25
2012.03.23 01:33:59.938,0.94994,0.95017,1.50,1.50
2012.03.23 01:34:00.012,0.94988,0.95014,1.50,1.50
2012.03.23 01:34:00.201,0.94986,0.95009,1.50,1.50
2012.03.23 01:34:01.987,0.94986,0.95009,2.25,1.50
2012.03.23 01:34:02.523,0.94995,0.95018,1.50,1.50
2012.03.23 01:34:02.753,0.9499,0.95015,1.50,1.50
2012.03.23 01:34:03.814,0.94983,0.95009,1.50,1.50
2012.03.23 01:34:04.812,0.94986,0.95012,1.50,1.50
2012.03.23 01:34:06.955,0.9499,0.95015,1.50,1.50
2012.03.23 01:34:12.543,0.94988,0.95012,1.50,1.50
2012.03.23 01:34:12.846,0.94985,0.95009,1.50,1.50
2012.03.23 01:34:13.391,0.94988,0.95012,1.50,1.50
2012.03.23 01:34:14.105,0.94984,0.9501,1.50,1.50
2012.03.23 01:34:16.281,0.94984,0.9501,2.25,1.50
2012.03.23 01:34:16.617,0.94987,0.95013,2.25,1.50
2012.03.23 01:34:17.185,0.94985,0.95009,2.25,1.50
2012.03.23 01:34:18.368,0.94987,0.95012,1.50,1.50
2012.03.23 01:34:21.214,0.94983,0.9501,2.25,1.50
2012.03.23 01:34:22.623,0.94987,0.95012,1.50,1.50
2012.03.23 01:34:24.593,0.94983,0.9501,2.25,1.50
2012.03.23 01:34:26.285,0.94983,0.9501,1.50,1.50
2012.03.23 01:34:26.414,0.94982,0.95006,1.50,1.50
2012.03.23 01:34:26.548,0.94977,0.95003,1.50,1.50
2012.03.23 01:34:26.859,0.94975,0.95001,2.25,1.50
2012.03.23 01:34:27.366,0.94975,0.94999,2.25,1.50
2012.03.23 01:34:27.975,0.94978,0.95002,2.25,1.50
2012.03.23 01:34:28.706,0.94978,0.95002,1.50,1.50
2012.03.23 01:34:28.775,0.94984,0.95007,1.50,1.50
2012.03.23 01:34:29.226,0.94978,0.95003,1.50,1.50
2012.03.23 01:34:29.994,0.94981,0.95006,1.50,1.50
2012.03.23 01:34:30.307,0.94978,0.95003,1.50,1.50
2012.03.23 01:34:31.028,0.94989,0.95014,1.50,1.50
2012.03.23 01:34:31.394,0.94986,0.95011,1.50,1.50
2012.03.23 01:34:31.703,0.94984,0.95007,1.50,1.50
2012.03.23 01:34:32.266,0.9498,0.95005,1.50,1.50
2012.03.23 01:34:32.397,0.94977,0.95003,1.50,1.50
2012.03.23 01:34:32.523,0.94975,0.95,1.50,1.50
2012.03.23 01:34:33.069,0.94981,0.95004,1.50,1.50
2012.03.23 01:34:36.015,0.94982,0.95007,1.50,1.50
2012.03.23 01:34:36.090,0.94985,0.95009,1.50,1.50
2012.03.23 01:34:38.067,0.9498,0.95006,1.50,1.50
2012.03.23 01:34:39.942,0.9498,0.95006,2.25,1.50
2012.03.23 01:34:42.255,0.9498,0.95006,1.50,1.50
2012.03.23 01:34:42.327,0.94977,0.95004,1.50,1.50
2012.03.23 01:34:42.454,0.94974,0.95,2.25,1.50
2012.03.23 01:34:42.879,0.94974,0.95,2.25,1.50
2012.03.23 01:34:43.081,0.94977,0.95003,2.25,1.50
2012.03.23 01:34:45.676,0.94974,0.95,2.25,1.50
2012.03.23 01:34:46.004,0.94977,0.95003,2.25,1.50
2012.03.23 01:34:46.133,0.94977,0.95003,1.50,1.50
2012.03.23 01:34:46.374,0.94975,0.94999,1.50,1.50
2012.03.23 01:34:46.444,0.94971,0.94997,2.25,1.50
2012.03.23 01:34:46.576,0.94968,0.94994,2.25,1.50
2012.03.23 01:34:47.217,0.94971,0.94996,2.25,1.50
2012.03.23 01:34:47.533,0.94969,0.94993,2.25,1.50
2012.03.23 01:34:49.237,0.94972,0.94996,1.50,1.50
2012.03.23 01:34:50.923,0.94975,0.94999,1.50,1.50
2012.03.23 01:34:51.844,0.94971,0.94997,2.25,1.50
2012.03.23 01:34:54.738,0.94971,0.94997,2.25,1.50
2012.03.23 01:34:54.863,0.94975,0.94999,2.25,1.50
2012.03.23 01:34:55.185,0.94975,0.94999,2.25,1.50
2012.03.23 01:34:55.314,0.94985,0.95009,1.50,1.50
2012.03.23 01:34:55.835,0.94976,0.95002,2.25,1.50
2012.03.23 01:34:55.908,0.94976,0.95002,2.25,1.50
2012.03.23 01:34:56.154,0.94981,0.95007,2.25,1.50
2012.03.23 01:34:56.226,0.94985,0.95009,1.50,1.50
2012.03.23 01:34:57.617,0.94977,0.95001,1.50,1.50
2012.03.23 01:34:58.784,0.94982,0.95006,1.50,1.50
2012.03.23 01:34:58.912,0.94976,0.95002,2.25,1.50
2012.03.23 01:35:00.565,0.94979,0.95004,1.50,1.50
2012.03.23 01:35:00.875,0.94982,0.95007,1.50,1.50
2012.03.23 01:35:01.184,0.94985,0.9501,1.50,1.50
2012.03.23 01:35:02.040,0.94992,0.95015,1.50,1.50
2012.03.23 01:35:05.004,0.94992,0.95015,1.50,2.25
2012.03.23 01:35:05.075,0.94984,0.95009,1.50,1.50
2012.03.23 01:35:06.965,0.94989,0.95015,1.50,1.50
2012.03.23 01:35:11.467,0.94989,0.95015,1.50,2.25
2012.03.23 01:35:11.536,0.94984,0.95009,1.50,1.50
2012.03.23 01:35:16.602,0.9499,0.95014,1.50,1.50
2012.03.23 01:35:19.637,0.94984,0.95007,1.50,1.50
2012.03.23 01:35:21.273,0.94981,0.95004,1.50,1.50
2012.03.23 01:35:21.584,0.94984,0.95007,1.50,1.50
2012.03.23 01:35:21.655,0.94988,0.95012,1.50,1.50
2012.03.23 01:35:21.785,0.94981,0.95006,1.50,1.50
2012.03.23 01:35:23.390,0.94981,0.95006,2.25,1.50
2012.03.23 01:35:23.729,0.94985,0.95008,1.50,1.50
2012.03.23 01:35:25.745,0.94992,0.95015,1.50,1.50
2012.03.23 01:35:25.813,0.94988,0.95014,1.50,1.50
2012.03.23 01:35:27.575,0.94984,0.95007,1.50,1.50
2012.03.23 01:35:30.054,0.94984,0.95009,1.50,1.50
2012.03.23 01:35:30.124,0.94988,0.95014,1.50,1.50
2012.03.23 01:35:31.618,0.94984,0.95007,1.50,1.50
2012.03.23 01:35:33.564,0.9499,0.95016,1.50,1.50
2012.03.23 01:35:34.181,0.94987,0.95013,1.50,1.50
2012.03.23 01:35:35.746,0.94981,0.95005,1.50,1.50
2012.03.23 01:35:37.653,0.94987,0.95012,1.50,1.50
2012.03.23 01:35:37.717,0.94989,0.95015,1.50,1.50
2012.03.23 01:35:39.717,0.94984,0.95007,1.50,1.50
2012.03.23 01:35:40.735,0.94987,0.9501,1.50,1.50
2012.03.23 01:35:42.869,0.94989,0.95013,1.50,1.50
2012.03.23 01:35:43.330,0.94985,0.95011,1.50,1.50
2012.03.23 01:35:43.531,0.94988,0.95013,1.50,1.50
2012.03.23 01:35:43.895,0.94992,0.95017,1.50,1.50
2012.03.23 01:35:58.346,0.94989,0.95013,1.50,1.50
2012.03.23 01:35:58.772,0.94992,0.95015,1.50,1.50
2012.03.23 01:36:00.048,0.94988,0.95012,2.35,1.50
2012.03.23 01:36:00.116,0.94986,0.95012,1.50,1.50
2012.03.23 01:36:01.672,0.94989,0.95014,1.50,1.50
2012.03.23 01:36:02.904,0.94991,0.95017,1.50,1.50
2012.03.23 01:36:03.276,0.94988,0.95011,3.68,1.50
2012.03.23 01:36:03.407,0.94996,0.95021,1.50,2.10
2012.03.23 01:36:04.035,0.95,0.95023,1.50,1.50
2012.03.23 01:36:04.165,0.94996,0.95021,2.43,1.50
2012.03.23 01:36:04.295,0.95,0.95023,1.50,1.50
2012.03.23 01:36:04.488,0.94997,0.95021,1.68,1.50
2012.03.23 01:36:04.558,0.94999,0.95024,1.50,1.50
2012.03.23 01:36:04.746,0.94996,0.95021,1.50,1.50
2012.03.23 01:36:05.084,0.94986,0.95012,2.43,1.50
2012.03.23 01:36:05.818,0.94992,0.95017,1.50,1.50
2012.03.23 01:36:06.276,0.94995,0.9502,1.50,1.50
2012.03.23 01:36:06.590,0.94999,0.95022,1.50,1.50
2012.03.23 01:36:06.806,0.94991,0.95015,2.25,1.50
2012.03.23 01:36:14.730,0.94991,0.95015,2.25,1.50
2012.03.23 01:36:15.424,0.94991,0.95015,2.43,1.50
2012.03.23 01:36:15.618,0.94993,0.95018,1.50,1.50
2012.03.23 01:36:15.806,0.94986,0.95011,1.68,1.50
2012.03.23 01:36:15.874,0.94986,0.95011,1.50,1.50
2012.03.23 01:36:15.945,0.94983,0.95008,1.68,1.50
2012.03.23 01:36:16.017,0.94983,0.95008,1.50,1.50
2012.03.23 01:36:16.084,0.9498,0.95006,2.25,1.50
2012.03.23 01:36:16.557,0.94988,0.95011,1.50,1.50
2012.03.23 01:36:16.744,0.94982,0.95007,1.50,1.50
2012.03.23 01:36:17.144,0.94979,0.95005,1.50,1.50
2012.03.23 01:36:17.219,0.94982,0.95007,2.25,1.50
2012.03.23 01:36:19.210,0.94982,0.95007,2.25,1.50
2012.03.23 01:36:19.335,0.94986,0.95011,2.25,1.50
2012.03.23 01:36:20.004,0.94986,0.95011,1.50,1.50
2012.03.23 01:36:20.197,0.94983,0.95009,1.50,1.50
2012.03.23 01:36:20.268,0.94981,0.95005,1.50,1.50
2012.03.23 01:36:21.006,0.94975,0.95,2.25,1.50
2012.03.23 01:36:24.883,0.94975,0.95,1.50,1.50
2012.03.23 01:36:26.070,0.94975,0.95,2.25,1.50
2012.03.23 01:36:28.536,0.94975,0.95,1.50,1.50
2012.03.23 01:36:28.907,0.94975,0.95,2.25,1.50
2012.03.23 01:36:29.036,0.94975,0.95,2.25,1.50
2012.03.23 01:36:29.654,0.94983,0.95007,1.50,1.50
2012.03.23 01:36:29.722,0.9498,0.95004,1.50,1.50
2012.03.23 01:36:29.974,0.94982,0.95008,1.50,1.50
2012.03.23 01:36:35.878,0.94985,0.9501,1.50,1.50
2012.03.23 01:36:36.182,0.94977,0.95002,1.50,1.50
2012.03.23 01:36:36.512,0.94986,0.95011,1.50,1.88
2012.03.23 01:36:37.174,0.94981,0.95007,1.50,1.50
2012.03.23 01:36:40.985,0.94981,0.95007,2.25,1.50
2012.03.23 01:36:41.312,0.94985,0.95008,1.50,1.50
2012.03.23 01:36:42.876,0.9498,0.95004,2.25,1.50
2012.03.23 01:36:43.410,0.9498,0.95004,2.25,1.50
2012.03.23 01:36:46.157,0.9498,0.95004,2.25,1.50
2012.03.23 01:36:48.495,0.9498,0.95004,1.50,1.50
2012.03.23 01:36:48.768,0.94984,0.95009,1.50,1.50
2012.03.23 01:36:49.605,0.94979,0.95005,1.50,1.50
2012.03.23 01:36:50.106,0.94982,0.95007,1.50,1.50
2012.03.23 01:36:51.214,0.94987,0.95011,1.50,1.50
2012.03.23 01:36:51.765,0.94989,0.95015,1.50,1.50
2012.03.23 01:36:57.696,0.94981,0.95007,2.25,1.50
2012.03.23 01:36:57.766,0.94981,0.95007,2.25,1.50
2012.03.23 01:36:58.105,0.94979,0.95002,2.25,1.50
2012.03.23 01:36:58.177,0.9498,0.95006,2.25,1.50
2012.03.23 01:36:59.005,0.9498,0.95006,1.50,1.50
2012.03.23 01:36:59.657,0.94979,0.95002,1.50,1.50
2012.03.23 01:37:09.052,0.94975,0.95,2.25,1.50
2012.03.23 01:37:09.390,0.94975,0.95,2.25,1.50
2012.03.23 01:37:09.635,0.94978,0.95002,4.43,1.50
2012.03.23 01:37:09.707,0.94981,0.95005,2.25,1.50
2012.03.23 01:37:10.193,0.94983,0.95008,1.50,1.50
2012.03.23 01:37:10.568,0.94986,0.95012,1.50,1.50
2012.03.23 01:37:11.561,0.94985,0.95008,1.50,1.50
2012.03.23 01:37:12.054,0.94981,0.95006,2.25,1.50
2012.03.23 01:37:13.156,0.94984,0.95009,1.50,2.25
2012.03.23 01:37:14.986,0.94981,0.95005,1.50,1.50
2012.03.23 01:37:15.056,0.94983,0.95008,1.50,1.50
2012.03.23 01:37:15.126,0.94983,0.95006,1.50,1.50
2012.03.23 01:37:16.274,0.94977,0.95002,1.50,1.50
2012.03.23 01:37:17.069,0.94974,0.94999,1.50,1.50
2012.03.23 01:37:17.473,0.94971,0.94996,2.25,1.50
2012.03.23 01:37:17.777,0.94979,0.95003,1.50,1.50
2012.03.23 01:37:18.133,0.9497,0.94995,2.25,1.50
2012.03.23 01:37:22.805,0.94973,0.94998,1.50,1.50
2012.03.23 01:37:28.388,0.9498,0.95005,1.50,1.50
2012.03.23 01:37:28.987,0.9498,0.95005,2.25,1.50
2012.03.23 01:37:29.175,0.94987,0.95011,1.50,1.50
2012.03.23 01:37:34.054,0.94985,0.95008,1.50,1.50
2012.03.23 01:37:34.385,0.94987,0.95011,1.50,1.50
2012.03.23 01:37:36.966,0.94989,0.95015,1.50,1.50
2012.03.23 01:37:37.397,0.94992,0.95017,1.50,1.50
2012.03.23 01:37:37.708,0.94989,0.95014,1.50,1.50
2012.03.23 01:37:38.257,0.94989,0.95013,1.50,2.18
2012.03.23 01:37:38.804,0.94984,0.95007,1.50,1.50
2012.03.23 01:37:40.274,0.94986,0.95011,1.50,1.50
2012.03.23 01:37:40.342,0.94984,0.95007,1.50,1.50
2012.03.23 01:37:41.196,0.94987,0.9501,1.50,1.50
2012.03.23 01:37:42.164,0.94984,0.95007,1.50,1.50
2012.03.23 01:37:43.567,0.94988,0.95011,3.68,1.50
2012.03.23 01:37:43.990,0.94985,0.95008,1.50,1.50
2012.03.23 01:37:44.306,0.94982,0.95006,1.50,1.50
2012.03.23 01:37:46.674,0.94981,0.95007,2.25,1.50
2012.03.23 01:37:52.095,0.94985,0.95008,1.50,1.50
2012.03.23 01:37:55.924,0.94987,0.95012,1.50,1.50
2012.03.23 01:38:00.388,0.94983,0.95006,2.25,1.50
2012.03.23 01:38:00.514,0.94983,0.95006,1.50,1.50
2012.03.23 01:38:00.637,0.94987,0.9501,1.50,1.50
2012.03.23 01:38:00.974,0.94983,0.95006,1.50,1.50
2012.03.23 01:38:01.275,0.94986,0.95011,1.50,1.50
2012.03.23 01:38:03.099,0.94983,0.95008,1.50,1.50
2012.03.23 01:38:04.178,0.94975,0.95,2.25,1.50
2012.03.23 01:38:04.686,0.94975,0.95,1.50,1.50
2012.03.23 01:38:05.981,0.94983,0.95008,1.50,1.50
2012.03.23 01:38:06.476,0.94984,0.95007,1.50,1.50
2012.03.23 01:38:06.967,0.94983,0.95008,1.50,2.25
2012.03.23 01:38:07.037,0.9498,0.95004,1.50,1.50
2012.03.23 01:38:07.486,0.94975,0.95,1.50,1.50
2012.03.23 01:38:07.555,0.9498,0.95006,1.50,1.50
2012.03.23 01:38:07.936,0.94978,0.95001,1.50,1.50
2012.03.23 01:38:08.526,0.9498,0.95004,1.50,1.50
2012.03.23 01:38:08.765,0.94977,0.95002,1.50,1.50
2012.03.23 01:38:23.705,0.9498,0.95005,1.50,1.50
2012.03.23 01:38:29.716,0.94975,0.95001,1.50,1.50
2012.03.23 01:38:29.844,0.94974,0.94997,1.50,1.50
2012.03.23 01:38:33.255,0.94974,0.94997,2.25,1.50
2012.03.23 01:38:33.506,0.94974,0.94997,1.50,1.50
2012.03.23 01:38:33.667,0.94975,0.95,1.50,1.50
2012.03.23 01:38:33.736,0.94972,0.94997,2.25,1.50
2012.03.23 01:38:49.629,0.9497,0.94994,1.50,1.50
2012.03.23 01:38:51.307,0.94973,0.94997,1.50,1.50
2012.03.23 01:38:51.907,0.94977,0.95002,1.50,1.50
2012.03.23 01:38:52.155,0.94982,0.95005,1.50,1.50
2012.03.23 01:38:53.010,0.94985,0.95008,1.50,1.50
2012.03.23 01:38:55.435,0.94981,0.95004,1.50,1.50
2012.03.23 01:38:59.153,0.94977,0.95002,1.50,1.50
2012.03.23 01:38:59.883,0.94975,0.94999,1.50,1.50
2012.03.23 01:39:03.636,0.94977,0.95002,1.50,3.68
2012.03.23 01:39:03.884,0.94974,0.94999,1.50,1.50
2012.03.23 01:39:05.057,0.94972,0.94995,1.50,1.50
2012.03.23 01:39:13.147,0.94976,0.94999,1.50,1.50
2012.03.23 01:39:18.786,0.94973,0.94996,1.50,1.50
2012.03.23 01:39:18.857,0.94969,0.94994,1.50,1.50
2012.03.23 01:39:19.275,0.94972,0.94997,1.50,1.50
2012.03.23 01:39:25.237,0.94969,0.94994,1.50,1.50
2012.03.23 01:39:25.826,0.94972,0.94997,1.50,1.50
2012.03.23 01:39:28.542,0.94975,0.95,1.50,1.50
2012.03.23 01:39:30.775,0.94978,0.95002,1.50,2.18
2012.03.23 01:39:31.158,0.94981,0.95002,1.50,2.18
2012.03.23 01:39:32.466,0.94981,0.95005,1.50,2.25
2012.03.23 01:39:38.574,0.94978,0.95003,1.50,1.50
2012.03.23 01:39:39.053,0.94981,0.95005,1.50,2.25
2012.03.23 01:39:40.857,0.94981,0.95005,1.50,1.50
2012.03.23 01:39:50.669,0.94981,0.95005,1.50,2.25
2012.03.23 01:39:52.217,0.94976,0.94999,1.50,1.50
2012.03.23 01:39:52.402,0.9497,0.94996,2.25,1.50
2012.03.23 01:39:53.090,0.94968,0.94992,2.25,1.50
2012.03.23 01:39:53.966,0.94971,0.94995,2.25,1.50
2012.03.23 01:39:54.154,0.94974,0.94999,1.50,1.50
2012.03.23 01:39:55.427,0.94974,0.94999,2.25,1.50
2012.03.23 01:39:55.619,0.94979,0.95005,1.50,1.50
2012.03.23 01:39:56.067,0.94975,0.95001,1.50,1.50
2012.03.23 01:39:56.424,0.94978,0.95004,1.50,1.50
2012.03.23 01:39:56.979,0.94976,0.94999,1.50,1.50
2012.03.23 01:39:57.625,0.94978,0.95002,1.50,1.50
2012.03.23 01:39:59.325,0.94979,0.95002,1.50,1.50
2012.03.23 01:39:59.576,0.94976,0.94999,1.50,1.50
2012.03.23 01:40:04.864,0.94973,0.94997,1.50,1.50
2012.03.23 01:40:04.995,0.94975,0.95,1.50,1.50
2012.03.23 01:40:12.695,0.94978,0.95003,1.50,2.25
2012.03.23 01:40:12.955,0.9498,0.95006,1.50,1.50
2012.03.23 01:40:20.007,0.94978,0.95003,1.50,1.50
2012.03.23 01:40:22.396,0.94976,0.94999,1.50,1.50
2012.03.23 01:40:23.573,0.94975,0.95001,1.50,1.50
2012.03.23 01:40:23.887,0.94974,0.94997,1.50,1.50
2012.03.23 01:40:24.499,0.94977,0.95,1.50,1.50
2012.03.23 01:40:25.944,0.94977,0.95002,1.50,1.50
2012.03.23 01:40:26.064,0.94974,0.94999,1.50,1.50
2012.03.23 01:40:26.375,0.94978,0.95001,1.50,1.50
2012.03.23 01:40:29.940,0.94974,0.94999,1.50,1.50
2012.03.23 01:40:30.424,0.94968,0.94991,2.25,1.50
2012.03.23 01:40:30.621,0.94968,0.94991,1.50,1.50
2012.03.23 01:40:32.655,0.94968,0.94991,2.25,1.50
2012.03.23 01:40:32.973,0.94964,0.94989,2.25,1.50
2012.03.23 01:40:33.847,0.94964,0.94989,2.25,1.50
2012.03.23 01:40:33.920,0.94964,0.94989,2.25,1.50
2012.03.23 01:40:34.592,0.94975,0.94998,1.50,1.50
2012.03.23 01:40:34.910,0.9497,0.94996,1.50,1.50
2012.03.23 01:40:35.105,0.94969,0.94992,2.25,1.50
2012.03.23 01:40:35.174,0.94969,0.94992,1.50,1.50
2012.03.23 01:40:36.058,0.94969,0.94992,2.25,1.50
2012.03.23 01:40:36.685,0.94966,0.94989,2.25,1.50
2012.03.23 01:40:36.876,0.94969,0.94992,1.50,1.50
2012.03.23 01:40:38.808,0.94965,0.94989,1.50,1.50
2012.03.23 01:40:38.878,0.94959,0.94984,2.43,1.50
2012.03.23 01:40:39.925,0.94958,0.9498,2.93,1.50
2012.03.23 01:40:40.056,0.94957,0.9498,1.50,1.50
2012.03.23 01:40:40.127,0.9496,0.94985,1.50,1.50
2012.03.23 01:40:40.614,0.94954,0.94977,2.25,1.50
2012.03.23 01:40:40.905,0.94957,0.9498,1.50,1.50
2012.03.23 01:40:41.634,0.94954,0.94977,2.25,1.50
2012.03.23 01:40:43.336,0.94954,0.94977,1.50,1.50
2012.03.23 01:40:43.587,0.94951,0.94974,2.25,1.50
2012.03.23 01:40:43.837,0.94944,0.9497,1.50,1.50
2012.03.23 01:40:44.253,0.94944,0.9497,2.25,1.50
2012.03.23 01:40:44.557,0.94944,0.9497,2.25,1.50
2012.03.23 01:40:44.747,0.94951,0.94974,2.25,1.50
2012.03.23 01:40:44.874,0.94954,0.94977,1.50,1.50
2012.03.23 01:40:45.198,0.94951,0.94974,2.25,1.50
2012.03.23 01:40:47.329,0.94951,0.94974,2.25,1.50
2012.03.23 01:40:47.791,0.94955,0.94979,1.50,1.50
2012.03.23 01:40:47.859,0.94951,0.94977,1.50,1.50
2012.03.23 01:40:47.926,0.94955,0.94979,1.50,1.50
2012.03.23 01:40:48.375,0.94958,0.94981,1.50,1.50
2012.03.23 01:40:48.624,0.9495,0.94976,2.25,1.50
2012.03.23 01:40:50.425,0.9495,0.94976,2.25,1.50
2012.03.23 01:40:50.564,0.94954,0.9498,1.50,1.50
2012.03.23 01:40:50.696,0.94957,0.94982,1.50,1.50
2012.03.23 01:40:51.023,0.94961,0.94984,2.25,1.50
2012.03.23 01:40:51.084,0.94963,0.94987,1.50,1.50
2012.03.23 01:40:51.630,0.9496,0.94984,1.50,1.50
2012.03.23 01:40:52.285,0.94956,0.94982,1.50,1.50
2012.03.23 01:40:58.879,0.94954,0.94977,1.50,1.50
2012.03.23 01:40:59.187,0.94954,0.94977,2.25,1.50
2012.03.23 01:40:59.446,0.94961,0.94987,2.25,1.50
2012.03.23 01:40:59.817,0.94967,0.94992,1.50,1.50
2012.03.23 01:41:01.838,0.9496,0.94983,2.25,1.50
2012.03.23 01:41:02.206,0.9496,0.94983,2.25,1.50
2012.03.23 01:41:02.407,0.9496,0.94983,2.25,1.50
2012.03.23 01:41:02.478,0.9496,0.94983,2.25,1.50
2012.03.23 01:41:03.189,0.94963,0.94986,2.25,1.50
2012.03.23 01:41:03.376,0.94959,0.94984,2.25,1.50
2012.03.23 01:41:03.764,0.94961,0.94987,2.25,1.50
2012.03.23 01:41:05.307,0.94961,0.94987,2.25,1.50
2012.03.23 01:41:05.916,0.94958,0.9498,2.18,1.50
2012.03.23 01:41:06.385,0.94958,0.94978,2.18,1.50
2012.03.23 01:41:07.726,0.94958,0.94978,2.93,1.50
2012.03.23 01:41:08.052,0.94958,0.94982,2.93,1.50
2012.03.23 01:41:10.448,0.94956,0.94982,2.25,1.50
2012.03.23 01:41:11.573,0.94954,0.94978,2.25,1.50
2012.03.23 01:41:12.008,0.94957,0.94981,1.50,1.50
2012.03.23 01:41:12.317,0.94957,0.94981,4.43,1.50
2012.03.23 01:41:12.448,0.9496,0.94984,2.25,1.50
2012.03.23 01:41:12.698,0.94962,0.94988,2.25,1.50
2012.03.23 01:41:13.854,0.9496,0.94985,1.50,1.50
2012.03.23 01:41:19.969,0.94963,0.94988,1.50,1.50
2012.03.23 01:41:20.280,0.9497,0.94993,1.50,1.50
2012.03.23 01:41:20.467,0.94972,0.94997,1.50,1.50
2012.03.23 01:41:20.661,0.94968,0.94991,1.50,1.50
2012.03.23 01:41:21.157,0.94961,0.94986,2.25,1.50
2012.03.23 01:41:21.670,0.94961,0.94987,2.25,1.50
2012.03.23 01:41:21.857,0.94957,0.9498,2.25,1.50
2012.03.23 01:41:21.986,0.94957,0.9498,1.50,1.50
2012.03.23 01:41:22.177,0.9496,0.94985,1.50,1.50
2012.03.23 01:41:22.526,0.94956,0.94979,2.25,1.50
2012.03.23 01:41:22.600,0.94956,0.94979,2.25,1.50
2012.03.23 01:41:22.728,0.94958,0.94984,1.50,1.50
2012.03.23 01:41:23.136,0.94956,0.94981,2.25,1.50
2012.03.23 01:41:23.823,0.94952,0.94976,2.25,1.50
2012.03.23 01:41:24.716,0.94955,0.94978,2.25,1.50
2012.03.23 01:41:29.417,0.94955,0.94978,1.50,1.50
2012.03.23 01:41:29.775,0.94951,0.94974,1.50,1.50
2012.03.23 01:41:30.114,0.94954,0.94977,1.50,1.50
2012.03.23 01:41:31.782,0.94956,0.94981,1.50,1.50
2012.03.23 01:41:37.905,0.94954,0.94977,2.25,1.50
2012.03.23 01:41:38.037,0.94956,0.94982,2.25,1.50
2012.03.23 01:41:38.164,0.9496,0.94983,1.50,1.50
2012.03.23 01:41:38.706,0.94956,0.94982,2.25,1.50
2012.03.23 01:41:39.444,0.94959,0.94985,1.50,1.50
2012.03.23 01:41:43.915,0.94956,0.94982,2.25,1.50
2012.03.23 01:41:49.073,0.94954,0.94979,2.25,1.50
2012.03.23 01:41:49.467,0.94951,0.94977,2.25,1.50
2012.03.23 01:41:49.595,0.94956,0.94979,1.50,1.50
2012.03.23 01:41:49.668,0.94949,0.94975,1.50,1.50
2012.03.23 01:41:50.175,0.9495,0.94974,1.50,1.50
2012.03.23 01:41:50.253,0.94948,0.94971,1.50,1.50
2012.03.23 01:41:52.273,0.94948,0.94971,2.25,1.50
2012.03.23 01:41:52.666,0.94948,0.94971,2.25,1.50
2012.03.23 01:41:52.864,0.9495,0.94976,2.25,1.50
2012.03.23 01:41:52.926,0.94958,0.94981,1.50,1.50
2012.03.23 01:41:53.568,0.9496,0.94984,1.50,1.50
2012.03.23 01:41:59.681,0.94964,0.94987,1.50,1.50
2012.03.23 01:41:59.988,0.9496,0.94985,1.50,1.50
2012.03.23 01:42:00.700,0.94961,0.94985,1.50,1.50
2012.03.23 01:42:02.685,0.94958,0.94983,1.50,1.50
2012.03.23 01:42:03.097,0.94956,0.94979,2.25,1.50
2012.03.23 01:42:05.387,0.94959,0.94983,1.50,1.50
2012.03.23 01:42:07.769,0.94959,0.94983,2.25,1.50
2012.03.23 01:42:08.035,0.94961,0.94987,2.25,1.50
2012.03.23 01:42:08.424,0.94958,0.94984,2.25,1.50
2012.03.23 01:42:09.584,0.94962,0.94986,1.50,1.50
2012.03.23 01:42:12.107,0.94957,0.94983,2.25,1.50
2012.03.23 01:42:13.814,0.9496,0.94986,2.25,1.50
2012.03.23 01:42:18.766,0.9496,0.94986,1.50,1.50
2012.03.23 01:42:19.278,0.94956,0.94981,2.25,1.50
2012.03.23 01:42:19.411,0.94959,0.94985,1.50,1.50
2012.03.23 01:42:19.536,0.94953,0.94976,1.50,1.50
2012.03.23 01:42:19.606,0.94955,0.94981,1.50,1.50
2012.03.23 01:42:19.835,0.94959,0.94982,1.50,1.50
2012.03.23 01:42:20.054,0.94953,0.94977,1.50,1.50
2012.03.23 01:42:21.699,0.94955,0.9498,2.25,1.50
2012.03.23 01:42:22.025,0.94955,0.94979,1.50,1.13
2012.03.23 01:42:22.577,0.94945,0.94969,2.25,1.50
2012.03.23 01:42:22.719,0.94939,0.94965,2.25,1.50
2012.03.23 01:42:22.789,0.94939,0.94963,2.25,1.50
2012.03.23 01:42:23.048,0.94942,0.94967,2.25,1.50
2012.03.23 01:42:23.236,0.94946,0.94969,1.50,1.50
2012.03.23 01:42:24.866,0.94949,0.94972,1.50,1.50
2012.03.23 01:42:24.995,0.94951,0.94976,1.50,1.50
2012.03.23 01:42:27.259,0.94951,0.94976,2.25,1.50
2012.03.23 01:42:27.363,0.94958,0.94981,1.50,1.50
2012.03.23 01:42:27.430,0.94958,0.94981,2.25,1.50
2012.03.23 01:42:30.235,0.94958,0.94981,1.50,1.50
2012.03.23 01:42:31.226,0.94958,0.94981,2.25,1.50
2012.03.23 01:42:32.255,0.94954,0.94977,2.25,1.50
2012.03.23 01:42:33.278,0.94957,0.9498,2.25,1.50
2012.03.23 01:42:33.526,0.94954,0.94977,2.25,1.50
2012.03.23 01:42:33.786,0.94957,0.9498,2.25,1.50
2012.03.23 01:42:35.485,0.94954,0.94977,2.25,1.50
2012.03.23 01:42:46.484,0.94956,0.94981,2.25,1.50
2012.03.23 01:42:47.365,0.94956,0.94981,2.25,1.50
2012.03.23 01:42:47.915,0.94959,0.94983,1.50,1.50
2012.03.23 01:42:48.250,0.94961,0.94986,2.25,1.50
2012.03.23 01:42:48.436,0.94965,0.94988,2.25,1.50
2012.03.23 01:42:50.240,0.94967,0.94991,1.50,1.50
2012.03.23 01:42:50.591,0.94961,0.94987,2.25,1.50
2012.03.23 01:42:50.665,0.94965,0.94988,1.50,1.88
2012.03.23 01:42:50.739,0.94961,0.94985,1.50,1.50
2012.03.23 01:42:50.930,0.94956,0.94982,1.50,1.50
2012.03.23 01:42:51.176,0.94948,0.94973,2.25,1.50
2012.03.23 01:42:51.884,0.94958,0.94984,1.50,1.50
2012.03.23 01:42:52.699,0.94956,0.9498,2.25,1.50
2012.03.23 01:42:53.018,0.94958,0.94984,1.50,1.50
2012.03.23 01:42:54.721,0.94961,0.94987,1.50,1.50
2012.03.23 01:42:56.105,0.94958,0.94982,1.50,1.50
2012.03.23 01:42:58.378,0.94958,0.94983,2.25,1.50
2012.03.23 01:42:59.155,0.94958,0.94983,1.50,1.50
2012.03.23 01:42:59.288,0.94955,0.9498,2.25,1.50
2012.03.23 01:42:59.632,0.94955,0.9498,2.25,1.50
2012.03.23 01:43:02.987,0.94955,0.9498,2.25,1.50
2012.03.23 01:43:03.295,0.94959,0.94983,1.50,1.50
2012.03.23 01:43:03.987,0.94956,0.94981,1.50,1.50
2012.03.23 01:43:05.614,0.94959,0.94983,1.50,1.50
2012.03.23 01:43:07.235,0.94959,0.94983,2.25,1.50
2012.03.23 01:43:07.767,0.94963,0.94986,1.50,1.50
2012.03.23 01:43:08.075,0.94967,0.94992,1.50,1.50
2012.03.23 01:43:08.206,0.94964,0.94989,1.50,1.50
2012.03.23 01:43:08.518,0.94964,0.94989,2.25,1.50
2012.03.23 01:43:08.649,0.94967,0.94992,2.25,1.50
2012.03.23 01:43:08.724,0.94969,0.94992,1.50,1.50
2012.03.23 01:43:09.027,0.94969,0.94992,2.25,1.50
2012.03.23 01:43:09.446,0.94967,0.94989,2.93,1.50
2012.03.23 01:43:09.516,0.94974,0.94997,1.50,1.50
2012.03.23 01:43:10.707,0.94974,0.94997,2.25,1.50
2012.03.23 01:43:10.958,0.94975,0.94999,2.43,1.50
2012.03.23 01:43:11.209,0.94977,0.95003,1.50,1.50
2012.03.23 01:43:11.281,0.94976,0.94999,1.50,1.50
2012.03.23 01:43:11.667,0.94971,0.94994,2.25,1.50
2012.03.23 01:43:13.154,0.94968,0.94991,3.10,1.50
2012.03.23 01:43:13.215,0.94969,0.94994,2.25,1.50
2012.03.23 01:43:13.557,0.94969,0.94994,2.25,1.50
2012.03.23 01:43:13.689,0.94975,0.94998,2.25,1.50
2012.03.23 01:43:13.764,0.94972,0.94995,2.25,1.50
2012.03.23 01:43:13.886,0.94974,0.94998,2.25,1.50
2012.03.23 01:43:14.394,0.9497,0.94996,2.43,1.50
2012.03.23 01:43:14.731,0.94968,0.94994,4.60,1.50
2012.03.23 01:43:16.534,0.94968,0.9499,3.10,1.50
2012.03.23 01:43:19.205,0.94968,0.9499,2.93,1.50
2012.03.23 01:43:19.435,0.94967,0.9499,1.50,1.50
2012.03.23 01:43:19.705,0.94963,0.94988,2.43,1.50
2012.03.23 01:43:21.706,0.94961,0.94985,2.25,1.50
2012.03.23 01:43:22.041,0.94963,0.94988,2.25,1.50
2012.03.23 01:43:22.174,0.94966,0.94991,2.25,1.50
2012.03.23 01:43:23.313,0.94968,0.94991,2.93,1.50
2012.03.23 01:43:24.409,0.94968,0.94991,2.93,1.50
2012.03.23 01:43:25.036,0.94964,0.94987,2.43,1.50
2012.03.23 01:43:27.190,0.94964,0.94987,2.25,1.50
2012.03.23 01:43:27.319,0.94967,0.9499,2.25,1.50
2012.03.23 01:43:27.388,0.9496,0.94984,2.43,1.50
2012.03.23 01:43:27.515,0.9496,0.94984,2.25,1.50
2012.03.23 01:43:27.590,0.94956,0.94981,2.25,1.50
2012.03.23 01:43:27.717,0.94956,0.94981,2.25,1.50
2012.03.23 01:43:27.968,0.94962,0.94985,1.50,1.50
2012.03.23 01:43:29.846,0.94962,0.94985,2.25,1.50
2012.03.23 01:43:29.980,0.94962,0.94987,2.25,1.50
2012.03.23 01:43:36.004,0.94962,0.94987,2.25,1.50
2012.03.23 01:43:36.128,0.94957,0.9498,3.10,1.50
2012.03.23 01:43:39.287,0.94957,0.9498,2.18,1.50
2012.03.23 01:43:39.354,0.9496,0.94983,1.50,1.50
2012.03.23 01:43:39.424,0.94955,0.94981,2.25,1.50
2012.03.23 01:43:39.485,0.94952,0.94976,2.25,1.50
2012.03.23 01:43:42.484,0.94952,0.94976,2.25,1.50
2012.03.23 01:43:42.676,0.94954,0.94979,2.25,1.50
2012.03.23 01:43:44.675,0.94954,0.94979,2.25,1.50
2012.03.23 01:43:44.987,0.94954,0.94979,2.25,1.50
2012.03.23 01:43:45.974,0.94955,0.9498,2.25,1.50
2012.03.23 01:43:49.545,0.94952,0.94977,2.43,1.50
2012.03.23 01:43:56.257,0.94955,0.94981,2.25,1.50
2012.03.23 01:43:56.386,0.94953,0.94978,2.25,1.50
2012.03.23 01:43:58.724,0.94955,0.94981,2.25,1.50
2012.03.23 01:43:59.734,0.94955,0.94981,2.25,1.50
2012.03.23 01:44:00.268,0.94952,0.94975,2.25,1.50
2012.03.23 01:44:05.094,0.94955,0.94978,2.25,1.50
2012.03.23 01:44:07.696,0.94955,0.94978,2.25,1.50
2012.03.23 01:44:07.956,0.94952,0.94975,2.25,1.50
2012.03.23 01:44:08.347,0.94949,0.94973,2.43,1.50
2012.03.23 01:44:08.667,0.94951,0.94976,2.25,1.50
2012.03.23 01:44:12.615,0.94955,0.94978,2.25,1.50
2012.03.23 01:44:12.685,0.94958,0.94981,1.50,1.50
2012.03.23 01:44:17.777,0.94954,0.94977,2.25,1.50
2012.03.23 01:44:17.847,0.94957,0.9498,2.25,1.50
2012.03.23 01:44:18.005,0.94957,0.9498,2.25,1.50
2012.03.23 01:44:18.710,0.94957,0.9498,1.50,1.50
2012.03.23 01:44:19.135,0.94949,0.94975,2.80,1.50
2012.03.23 01:44:20.764,0.94949,0.94975,2.25,1.50
2012.03.23 01:44:20.835,0.94954,0.94979,1.50,1.50
2012.03.23 01:44:21.025,0.94951,0.94976,2.25,1.50
2012.03.23 01:44:21.413,0.94948,0.94974,2.43,1.50
2012.03.23 01:44:37.166,0.94948,0.94971,2.93,1.50
2012.03.23 01:44:38.183,0.94948,0.94971,2.18,1.50
2012.03.23 01:44:38.425,0.94946,0.94969,2.25,1.50
2012.03.23 01:44:39.163,0.94946,0.94969,1.50,1.50
2012.03.23 01:44:39.473,0.94943,0.94966,2.25,1.50
2012.03.23 01:44:52.209,0.94943,0.94966,1.50,1.50
2012.03.23 01:44:52.337,0.94943,0.94966,2.25,1.50
2012.03.23 01:44:52.518,0.94943,0.94966,1.50,1.50
2012.03.23 01:44:52.765,0.94951,0.94974,1.50,1.50
2012.03.23 01:44:53.607,0.94945,0.94969,1.50,1.50
2012.03.23 01:44:53.675,0.94943,0.94966,1.50,1.50
2012.03.23 01:45:02.789,0.94939,0.94964,1.50,1.50
2012.03.23 01:45:04.045,0.94939,0.94964,2.25,1.50
2012.03.23 01:45:06.757,0.94942,0.94967,1.50,1.50
2012.03.23 01:45:06.886,0.94946,0.94972,1.50,1.50
2012.03.23 01:45:06.960,0.94945,0.94968,1.50,1.50
2012.03.23 01:45:07.267,0.9494,0.94966,2.43,1.50
2012.03.23 01:45:08.627,0.94944,0.9497,2.25,1.50
2012.03.23 01:45:12.608,0.94942,0.94966,1.50,1.50
2012.03.23 01:45:12.918,0.94948,0.94971,1.50,1.50
2012.03.23 01:45:15.536,0.94944,0.94969,1.50,1.50
2012.03.23 01:45:16.085,0.94948,0.94971,1.50,1.50
2012.03.23 01:45:17.245,0.94945,0.94969,1.50,1.50
2012.03.23 01:45:18.057,0.94943,0.94966,1.50,1.50
2012.03.23 01:45:21.524,0.94946,0.94969,1.50,1.50
2012.03.23 01:45:22.106,0.94943,0.94966,1.50,1.50
2012.03.23 01:45:22.296,0.94945,0.94969,1.50,1.50
2012.03.23 01:45:22.667,0.94941,0.94967,1.50,1.50
2012.03.23 01:45:23.498,0.94945,0.94969,1.50,1.50
2012.03.23 01:45:25.556,0.94938,0.94963,1.50,1.50
2012.03.23 01:45:29.346,0.94942,0.94965,1.50,1.50
2012.03.23 01:45:30.076,0.94944,0.94969,1.50,1.50
2012.03.23 01:45:40.116,0.94941,0.94966,2.25,1.50
2012.03.23 01:45:40.965,0.94939,0.94962,2.25,1.50
2012.03.23 01:45:41.775,0.94942,0.94965,2.25,1.50
2012.03.23 01:45:43.061,0.94944,0.94969,1.50,1.50
2012.03.23 01:45:44.855,0.94942,0.94965,2.25,1.50
2012.03.23 01:45:45.046,0.94942,0.94967,2.25,1.50
2012.03.23 01:45:45.658,0.94938,0.94962,1.50,1.50
2012.03.23 01:45:45.974,0.9493,0.94954,1.13,1.50
2012.03.23 01:45:50.996,0.94932,0.94957,1.50,1.50
2012.03.23 01:45:51.188,0.94928,0.94954,1.50,1.50
2012.03.23 01:45:51.386,0.94933,0.94956,1.50,2.25
2012.03.23 01:45:51.799,0.94923,0.94948,1.50,1.50
2012.03.23 01:45:52.691,0.94923,0.94948,2.25,1.50
2012.03.23 01:45:56.527,0.94923,0.94948,1.50,1.50
2012.03.23 01:45:56.846,0.94923,0.94948,2.25,1.50
2012.03.23 01:46:00.268,0.94923,0.94948,2.25,1.50
2012.03.23 01:46:00.340,0.94926,0.94951,2.25,1.50
2012.03.23 01:46:00.405,0.94926,0.94951,2.25,1.50
2012.03.23 01:46:00.702,0.94926,0.94951,2.25,1.50
2012.03.23 01:46:04.060,0.94927,0.94951,2.93,1.50
2012.03.23 01:46:04.129,0.94936,0.94959,1.50,2.25
2012.03.23 01:46:04.496,0.94938,0.94962,1.50,2.93
2012.03.23 01:46:05.165,0.94936,0.94959,1.50,1.50
2012.03.23 01:46:05.877,0.94932,0.94957,1.50,1.50
2012.03.23 01:46:06.333,0.94936,0.94959,1.50,1.50
2012.03.23 01:46:07.914,0.94936,0.94959,1.50,2.25
2012.03.23 01:46:08.256,0.9493,0.94954,1.50,1.50
2012.03.23 01:46:08.507,0.9493,0.94953,1.50,3.68
2012.03.23 01:46:08.635,0.94925,0.94948,1.50,2.25
2012.03.23 01:46:08.706,0.94922,0.94945,1.50,2.25
2012.03.23 01:46:09.192,0.94916,0.94942,2.25,1.50
2012.03.23 01:46:09.531,0.94918,0.94943,1.50,1.50
2012.03.23 01:46:10.225,0.94922,0.94945,1.50,1.50
2012.03.23 01:46:10.355,0.94924,0.94948,1.50,1.50
2012.03.23 01:46:10.857,0.94927,0.94953,1.50,3.68
2012.03.23 01:46:10.926,0.94931,0.94953,1.50,2.18
2012.03.23 01:46:12.729,0.94928,0.94951,1.50,1.50
2012.03.23 01:46:16.343,0.94928,0.94951,1.50,2.25
2012.03.23 01:46:16.645,0.94924,0.94949,1.50,2.25
2012.03.23 01:46:16.839,0.94921,0.94947,2.25,1.50
2012.03.23 01:46:16.966,0.94925,0.94948,1.50,1.50
2012.03.23 01:46:17.468,0.94928,0.94953,1.50,4.43
2012.03.23 01:46:17.686,0.94928,0.94953,1.50,4.43
2012.03.23 01:46:17.759,0.94921,0.94947,2.25,1.50
2012.03.23 01:46:18.067,0.94925,0.94949,1.50,1.50
2012.03.23 01:46:18.616,0.94929,0.94952,1.50,1.50
2012.03.23 01:46:18.689,0.94934,0.94958,1.50,1.50
2012.03.23 01:46:18.975,0.94937,0.94962,1.50,3.68
2012.03.23 01:46:20.709,0.9494,0.94965,1.50,1.50
2012.03.23 01:46:21.388,0.94938,0.94961,1.50,1.50
2012.03.23 01:46:21.710,0.94938,0.94961,2.25,1.50
2012.03.23 01:46:21.930,0.94938,0.94961,1.50,1.50
2012.03.23 01:46:22.248,0.94941,0.94965,2.25,1.50
2012.03.23 01:46:23.170,0.94941,0.94965,2.25,1.50
2012.03.23 01:46:24.285,0.94939,0.94962,1.50,1.50
2012.03.23 01:46:27.462,0.94939,0.94962,2.25,1.50
2012.03.23 01:46:27.635,0.94939,0.94962,1.50,1.50
2012.03.23 01:46:27.755,0.94941,0.94965,1.50,1.50
2012.03.23 01:46:27.824,0.94939,0.94962,1.50,1.50
2012.03.23 01:46:28.586,0.94939,0.94962,2.25,1.50
2012.03.23 01:46:28.718,0.94939,0.94962,1.50,1.50
2012.03.23 01:46:32.315,0.9494,0.94966,1.50,1.50
2012.03.23 01:46:32.638,0.94947,0.9497,1.50,1.50
2012.03.23 01:46:32.708,0.94943,0.94968,1.50,1.50
2012.03.23 01:46:35.046,0.9494,0.94966,2.25,1.50
2012.03.23 01:46:38.780,0.9494,0.94966,1.50,1.50
2012.03.23 01:46:39.716,0.94938,0.94962,1.50,1.50
2012.03.23 01:46:40.201,0.94941,0.94965,1.50,1.50
2012.03.23 01:46:41.309,0.94939,0.94962,1.50,1.50
2012.03.23 01:46:41.381,0.94937,0.94963,1.50,3.68
2012.03.23 01:46:41.626,0.94936,0.94959,1.50,1.50
2012.03.23 01:46:42.199,0.94938,0.94963,1.50,3.68
2012.03.23 01:46:42.952,0.94938,0.94963,4.43,1.50
2012.03.23 01:46:43.316,0.94941,0.94965,2.25,1.50
2012.03.23 01:46:43.877,0.94943,0.94968,1.50,1.50
2012.03.23 01:46:44.067,0.9494,0.94966,2.25,1.50
2012.03.23 01:46:44.377,0.94944,0.94967,1.50,1.50
2012.03.23 01:46:45.358,0.94941,0.94965,1.50,1.50
2012.03.23 01:46:45.428,0.94938,0.94963,2.25,1.50
2012.03.23 01:46:45.496,0.94936,0.94959,1.50,1.50
2012.03.23 01:46:45.927,0.94939,0.94962,1.50,3.68
2012.03.23 01:46:47.405,0.94935,0.9496,1.50,1.50
2012.03.23 01:46:49.071,0.94939,0.94964,1.50,1.50
2012.03.23 01:46:49.374,0.94937,0.9496,2.25,1.50
2012.03.23 01:46:49.908,0.94937,0.9496,2.25,1.50
2012.03.23 01:46:50.041,0.94941,0.94964,2.25,1.50
2012.03.23 01:46:50.288,0.94937,0.94962,2.93,1.50
2012.03.23 01:46:53.014,0.9494,0.94963,1.50,1.50
2012.03.23 01:46:56.826,0.94936,0.94961,2.25,1.50
2012.03.23 01:46:58.125,0.94936,0.94961,1.50,1.50
2012.03.23 01:46:59.290,0.94932,0.94955,2.25,1.50
2012.03.23 01:47:00.178,0.94928,0.94953,2.25,1.50
2012.03.23 01:47:00.366,0.94928,0.94953,1.50,1.50
2012.03.23 01:47:00.438,0.94931,0.94956,1.50,1.50
2012.03.23 01:47:01.256,0.94931,0.94956,2.25,1.50
2012.03.23 01:47:07.479,0.94929,0.94952,2.25,1.50
2012.03.23 01:47:08.477,0.94929,0.94952,1.50,1.50
2012.03.23 01:47:08.726,0.94931,0.94956,1.50,1.50
2012.03.23 01:47:08.839,0.94935,0.9496,1.50,1.50
2012.03.23 01:47:10.767,0.94931,0.94954,1.50,1.50
2012.03.23 01:47:11.927,0.94934,0.94957,1.50,1.50
2012.03.23 01:47:18.911,0.94937,0.9496,2.25,1.50
2012.03.23 01:47:21.560,0.94934,0.94957,2.25,1.50
2012.03.23 01:47:23.509,0.94937,0.94961,2.93,1.50
2012.03.23 01:47:23.638,0.94933,0.94959,2.43,1.50
2012.03.23 01:47:23.709,0.94938,0.94962,1.50,1.50
2012.03.23 01:47:23.779,0.94941,0.94965,1.50,1.50
2012.03.23 01:47:24.268,0.94939,0.94962,1.50,1.50
2012.03.23 01:47:24.575,0.94934,0.94959,1.50,1.50
2012.03.23 01:47:25.839,0.94932,0.94955,1.50,1.50
2012.03.23 01:47:26.192,0.94935,0.94958,1.50,1.50
2012.03.23 01:47:28.267,0.94935,0.94958,2.25,1.50
2012.03.23 01:47:28.396,0.94938,0.94961,1.50,1.50
2012.03.23 01:47:33.110,0.94935,0.94958,1.50,1.50
2012.03.23 01:47:35.084,0.94938,0.94961,1.50,1.50
2012.03.23 01:47:35.390,0.94939,0.94965,1.50,1.50
2012.03.23 01:47:35.617,0.94943,0.94967,1.50,1.50
2012.03.23 01:47:36.078,0.9494,0.94964,1.50,1.50
2012.03.23 01:47:37.317,0.94943,0.94967,1.50,1.50
2012.03.23 01:47:37.628,0.94938,0.94961,1.50,1.50
2012.03.23 01:47:40.167,0.9494,0.94965,1.50,1.50
2012.03.23 01:47:43.642,0.9494,0.94965,1.50,2.25
2012.03.23 01:47:44.437,0.94939,0.94963,1.50,1.50
2012.03.23 01:47:44.568,0.94931,0.94957,2.25,1.50
2012.03.23 01:47:44.875,0.94935,0.94958,1.50,1.50
2012.03.23 01:47:51.508,0.94934,0.94959,1.50,1.50
2012.03.23 01:47:52.103,0.94932,0.94956,1.50,1.50
2012.03.23 01:47:52.429,0.94929,0.94954,1.50,1.50
2012.03.23 01:47:56.845,0.94927,0.94951,3.68,1.50
2012.03.23 01:47:59.355,0.94929,0.94954,1.50,1.50
2012.03.23 01:47:59.917,0.94936,0.9496,1.50,1.50
2012.03.23 01:48:00.317,0.94938,0.9496,2.18,1.50
2012.03.23 01:48:00.567,0.94939,0.94963,1.50,1.50
2012.03.23 01:48:01.515,0.94941,0.94966,1.50,1.50
2012.03.23 01:48:03.530,0.94941,0.94966,2.25,1.50
2012.03.23 01:48:03.602,0.9495,0.94973,1.50,1.50
2012.03.23 01:48:04.313,0.94937,0.94962,2.25,1.50
2012.03.23 01:48:04.457,0.94943,0.94966,1.50,1.50
2012.03.23 01:48:09.276,0.9494,0.94963,1.50,1.50
2012.03.23 01:48:11.213,0.94943,0.94966,1.50,1.50
2012.03.23 01:48:12.915,0.94945,0.9497,1.50,1.50
2012.03.23 01:48:30.806,0.94949,0.94972,1.50,1.50
2012.03.23 01:48:31.327,0.94949,0.94972,1.50,4.43
2012.03.23 01:48:31.517,0.94946,0.9497,1.50,2.25
2012.03.23 01:48:31.591,0.94942,0.94968,1.50,2.25
2012.03.23 01:48:32.138,0.94938,0.94961,1.50,1.50
2012.03.23 01:48:34.978,0.94934,0.94959,1.50,1.50
2012.03.23 01:48:35.618,0.94941,0.94965,1.50,1.50
2012.03.23 01:48:35.961,0.94936,0.94959,1.50,1.50
2012.03.23 01:48:37.917,0.94932,0.94957,2.25,1.50
2012.03.23 01:48:47.497,0.9493,0.94953,1.50,1.50
2012.03.23 01:48:50.849,0.94926,0.94951,1.50,1.50
2012.03.23 01:48:51.296,0.94928,0.94951,2.18,1.50
2012.03.23 01:48:51.646,0.94933,0.94956,1.50,1.50
2012.03.23 01:48:52.794,0.94934,0.94957,1.50,1.50
2012.03.23 01:48:53.567,0.9493,0.94955,2.25,1.50
2012.03.23 01:48:54.186,0.94933,0.94958,1.50,1.50
2012.03.23 01:49:03.438,0.94928,0.94954,1.50,1.50
2012.03.23 01:49:04.309,0.94932,0.94955,1.50,1.50
2012.03.23 01:49:04.615,0.94936,0.94959,1.50,1.50
2012.03.23 01:49:04.745,0.94932,0.94957,1.50,1.50
2012.03.23 01:49:04.986,0.94936,0.94959,1.50,1.50
2012.03.23 01:49:07.027,0.94939,0.94962,1.50,2.25
2012.03.23 01:49:07.156,0.94939,0.94962,1.50,3.68
2012.03.23 01:49:07.226,0.94939,0.94962,1.50,4.43
2012.03.23 01:49:08.391,0.94938,0.94962,1.50,2.93
2012.03.23 01:49:08.461,0.94932,0.94958,1.50,1.50
2012.03.23 01:49:16.378,0.94935,0.9496,1.50,2.25
2012.03.23 01:49:16.848,0.94932,0.94956,1.50,1.50
2012.03.23 01:49:17.155,0.94937,0.94963,1.50,1.50
2012.03.23 01:49:17.596,0.9494,0.94965,1.50,2.25
2012.03.23 01:49:18.369,0.94938,0.94961,1.50,1.50
2012.03.23 01:49:18.437,0.94935,0.94959,1.50,1.50
2012.03.23 01:49:18.686,0.94938,0.94961,1.50,1.50
2012.03.23 01:49:19.710,0.94938,0.94961,1.50,2.25
2012.03.23 01:49:21.007,0.94935,0.94958,1.50,1.50
2012.03.23 01:49:21.316,0.94939,0.94962,1.50,1.50
2012.03.23 01:49:23.428,0.94935,0.9496,1.50,1.50
2012.03.23 01:49:25.158,0.94938,0.94963,1.50,1.50
2012.03.23 01:49:25.466,0.94935,0.9496,1.50,1.50
2012.03.23 01:49:27.130,0.94939,0.94964,1.50,2.25
2012.03.23 01:49:29.302,0.94939,0.94964,1.50,2.25
2012.03.23 01:49:30.884,0.94939,0.94964,1.50,2.25
2012.03.23 01:49:31.066,0.94943,0.94966,1.50,2.25
2012.03.23 01:49:32.426,0.9494,0.94963,1.50,2.25
2012.03.23 01:49:32.918,0.9494,0.94963,1.50,2.25
2012.03.23 01:49:33.517,0.9494,0.94963,1.50,1.50
2012.03.23 01:49:33.868,0.94936,0.94961,1.50,1.50
2012.03.23 01:49:34.009,0.94937,0.94963,1.50,2.25
2012.03.23 01:49:35.085,0.94943,0.94966,1.50,2.25
2012.03.23 01:49:35.336,0.94939,0.94962,1.50,2.18
2012.03.23 01:49:36.427,0.94939,0.94965,1.50,2.25
2012.03.23 01:49:36.827,0.94944,0.94967,1.50,2.25
2012.03.23 01:49:36.958,0.94941,0.94964,1.50,2.25
2012.03.23 01:49:37.086,0.94938,0.94962,1.50,1.50
2012.03.23 01:49:37.335,0.9494,0.94965,1.50,2.25
2012.03.23 01:49:37.465,0.94937,0.94963,1.50,2.25
2012.03.23 01:49:38.666,0.94941,0.94964,1.50,2.25
2012.03.23 01:49:39.189,0.94941,0.94964,1.50,1.50
2012.03.23 01:49:39.509,0.94942,0.94966,1.50,2.25
2012.03.23 01:49:39.696,0.94939,0.94962,1.50,2.93
2012.03.23 01:49:39.770,0.94936,0.94961,1.50,2.25
2012.03.23 01:49:40.400,0.94936,0.94961,1.50,2.25
2012.03.23 01:49:41.479,0.94936,0.94961,1.50,2.25
2012.03.23 01:49:41.609,0.94932,0.94957,1.50,1.50
2012.03.23 01:49:41.971,0.94932,0.94957,1.50,2.25
2012.03.23 01:49:43.144,0.94938,0.94961,1.50,2.25
2012.03.23 01:49:43.282,0.94938,0.94961,1.50,2.25
2012.03.23 01:49:43.468,0.94934,0.94959,1.50,1.50
2012.03.23 01:49:43.599,0.94931,0.94956,1.50,1.50
2012.03.23 01:49:44.141,0.94934,0.9496,1.50,1.50
2012.03.23 01:49:44.269,0.94938,0.94963,1.50,2.18
2012.03.23 01:49:44.817,0.94938,0.94964,1.50,1.50
2012.03.23 01:49:45.177,0.94941,0.94966,1.50,1.50
2012.03.23 01:49:45.792,0.94944,0.94969,1.50,2.25
2012.03.23 01:49:46.146,0.94942,0.94965,1.50,1.50
2012.03.23 01:49:48.721,0.94945,0.94968,1.50,2.25
2012.03.23 01:49:52.045,0.94946,0.94972,1.50,4.43
2012.03.23 01:49:53.225,0.94946,0.94972,1.50,3.68
2012.03.23 01:49:53.345,0.9495,0.94973,1.50,2.25
2012.03.23 01:49:53.417,0.94943,0.94969,1.50,1.50
2012.03.23 01:49:55.290,0.94946,0.94972,1.50,1.50
2012.03.23 01:49:59.449,0.94949,0.94974,1.50,2.25
2012.03.23 01:49:59.576,0.94943,0.94968,1.50,1.50
2012.03.23 01:49:59.948,0.94948,0.94974,1.50,2.25
2012.03.23 01:50:00.017,0.94946,0.9497,1.50,1.50
2012.03.23 01:50:00.677,0.94947,0.94973,1.50,1.50
2012.03.23 01:50:00.748,0.9495,0.94975,1.50,2.25
2012.03.23 01:50:01.278,0.94946,0.9497,1.50,1.50
2012.03.23 01:50:01.681,0.94942,0.94968,2.25,1.50
2012.03.23 01:50:02.091,0.94946,0.94969,1.50,1.50
2012.03.23 01:50:06.205,0.94948,0.94973,1.50,1.50
2012.03.23 01:50:09.068,0.9495,0.94976,1.50,2.25
2012.03.23 01:50:10.945,0.94948,0.94973,1.50,1.50
2012.03.23 01:50:12.052,0.94948,0.94973,1.68,1.50
2012.03.23 01:50:12.111,0.94945,0.9497,1.68,1.50
2012.03.23 01:50:13.442,0.94945,0.9497,1.68,1.50
2012.03.23 01:50:13.889,0.94949,0.94972,1.50,1.50
2012.03.23 01:50:22.568,0.94946,0.94969,1.68,1.50
2012.03.23 01:50:23.558,0.94946,0.94969,1.68,1.50
2012.03.23 01:50:25.751,0.94946,0.94969,1.68,1.50
2012.03.23 01:50:26.957,0.94946,0.94969,2.43,1.50
2012.03.23 01:50:27.264,0.94948,0.94969,2.35,1.50
2012.03.23 01:50:27.325,0.94948,0.94972,3.85,1.50
2012.03.23 01:50:29.914,0.94948,0.94972,3.85,1.50
2012.03.23 01:50:33.796,0.94948,0.94972,3.85,1.50
2012.03.23 01:50:34.435,0.94948,0.94972,3.85,1.50
2012.03.23 01:50:35.686,0.94948,0.94972,3.85,1.50
2012.03.23 01:50:44.345,0.94951,0.94975,1.68,1.50
2012.03.23 01:50:48.927,0.94948,0.94973,2.35,1.50
2012.03.23 01:50:49.696,0.94948,0.94973,2.35,1.50
2012.03.23 01:50:51.915,0.9495,0.94976,1.68,1.50
2012.03.23 01:50:52.424,0.9495,0.94976,1.68,1.50
2012.03.23 01:50:53.545,0.94948,0.94972,3.85,1.50
2012.03.23 01:50:55.603,0.94948,0.94972,3.85,1.50
2012.03.23 01:50:59.544,0.94951,0.94975,1.68,1.50
2012.03.23 01:51:02.137,0.94947,0.94971,1.68,1.50
2012.03.23 01:51:02.864,0.94947,0.94971,1.50,1.50
2012.03.23 01:51:08.568,0.94952,0.94976,1.50,1.50
2012.03.23 01:51:08.888,0.94952,0.94973,1.50,2.18
2012.03.23 01:51:09.137,0.94948,0.94971,1.50,1.50
2012.03.23 01:51:09.592,0.94935,0.94958,1.50,1.50
2012.03.23 01:51:09.667,0.94939,0.94965,1.50,1.50
2012.03.23 01:51:14.298,0.94943,0.94966,1.50,1.50
2012.03.23 01:51:14.607,0.94946,0.94969,1.50,1.50
2012.03.23 01:51:15.097,0.94942,0.94968,2.25,1.50
2012.03.23 01:51:15.656,0.94943,0.94967,1.50,1.50
2012.03.23 01:51:16.238,0.94946,0.94969,1.50,1.50
2012.03.23 01:51:16.307,0.94941,0.94966,2.25,1.50
2012.03.23 01:51:16.779,0.94945,0.94968,1.50,1.50
2012.03.23 01:51:17.721,0.94948,0.94971,1.50,1.50
2012.03.23 01:51:18.995,0.94943,0.94968,1.50,1.50
2012.03.23 01:51:19.585,0.94946,0.94971,1.50,1.50
2012.03.23 01:51:20.796,0.94944,0.94967,1.50,1.50
2012.03.23 01:51:21.048,0.94939,0.94965,1.50,1.50
2012.03.23 01:51:34.439,0.94938,0.94961,1.68,1.50
2012.03.23 01:51:35.860,0.94941,0.94964,1.50,1.50
2012.03.23 01:51:44.887,0.94943,0.94967,1.50,1.50
2012.03.23 01:51:45.327,0.9494,0.94965,1.50,1.50
2012.03.23 01:51:51.435,0.94943,0.94968,1.50,1.50
2012.03.23 01:51:53.028,0.94937,0.94961,1.50,1.50
2012.03.23 01:51:54.081,0.9494,0.94964,1.50,1.50
2012.03.23 01:51:55.714,0.9494,0.94964,2.25,1.50
2012.03.23 01:51:55.856,0.94942,0.94967,2.25,1.50
2012.03.23 01:51:58.425,0.94945,0.9497,1.50,1.50
2012.03.23 01:52:05.586,0.94942,0.94967,1.50,1.50
2012.03.23 01:52:06.136,0.94939,0.94964,1.50,1.50
2012.03.23 01:52:08.719,0.94942,0.94968,2.25,1.50
2012.03.23 01:52:09.822,0.94945,0.94971,1.50,1.50
2012.03.23 01:52:14.613,0.94949,0.94973,1.50,1.50
2012.03.23 01:52:26.989,0.94954,0.94979,1.50,1.50
2012.03.23 01:52:30.286,0.94951,0.94976,1.50,1.50
2012.03.23 01:52:30.756,0.94956,0.9498,1.50,1.50
2012.03.23 01:52:31.077,0.94952,0.94975,1.50,1.50
2012.03.23 01:52:33.027,0.94957,0.94981,1.50,1.50
2012.03.23 01:52:34.948,0.94957,0.94981,1.50,2.25
2012.03.23 01:52:35.198,0.94954,0.94977,1.50,1.50
2012.03.23 01:52:37.177,0.94955,0.94981,1.50,1.50
2012.03.23 01:52:39.136,0.94952,0.94977,1.50,1.50
2012.03.23 01:52:40.168,0.94952,0.94977,2.10,1.50
2012.03.23 01:52:40.359,0.94955,0.9498,1.50,1.50
2012.03.23 01:52:41.417,0.94955,0.9498,1.50,2.25
2012.03.23 01:52:42.613,0.94954,0.94979,1.50,2.25
2012.03.23 01:52:44.985,0.94954,0.94979,1.50,1.50
2012.03.23 01:52:45.316,0.94957,0.94981,1.50,1.50
2012.03.23 01:52:46.129,0.94954,0.94977,1.50,1.50
2012.03.23 01:52:47.387,0.94956,0.9498,1.50,1.50
2012.03.23 01:52:48.535,0.94959,0.94983,1.50,1.50
2012.03.23 01:52:49.217,0.94959,0.94983,1.50,2.25
2012.03.23 01:52:49.346,0.94955,0.94978,1.50,1.50
2012.03.23 01:52:54.525,0.94957,0.94981,1.50,1.50
2012.03.23 01:52:56.738,0.94951,0.94976,1.50,1.50
2012.03.23 01:52:58.608,0.94957,0.94983,1.50,3.68
2012.03.23 01:53:00.466,0.94957,0.94983,1.50,2.25
2012.03.23 01:53:01.057,0.94951,0.94976,1.50,1.50
2012.03.23 01:53:01.129,0.94955,0.94978,1.50,2.25
2012.03.23 01:53:01.287,0.94951,0.94976,1.50,1.50
2012.03.23 01:53:02.489,0.94958,0.94982,1.50,1.50
2012.03.23 01:53:04.535,0.94958,0.94982,1.50,2.25
2012.03.23 01:53:04.607,0.9495,0.94975,1.50,1.50
2012.03.23 01:53:06.278,0.94953,0.94978,1.50,1.50
2012.03.23 01:53:06.535,0.94955,0.94981,1.50,1.50
2012.03.23 01:53:13.886,0.94952,0.94975,1.50,1.50
2012.03.23 01:53:36.017,0.94952,0.94975,1.50,2.25
2012.03.23 01:53:37.203,0.94952,0.94975,1.50,2.25
2012.03.23 01:53:40.805,0.94948,0.94973,4.28,1.50
2012.03.23 01:53:57.418,0.94952,0.94975,1.50,2.25
2012.03.23 01:53:57.976,0.94952,0.94975,1.50,1.50
2012.03.23 01:54:03.248,0.94954,0.94978,1.50,1.50
2012.03.23 01:54:03.751,0.94951,0.94974,2.10,1.50
2012.03.23 01:54:04.178,0.94953,0.94977,1.50,1.50
2012.03.23 01:54:09.317,0.94949,0.94975,2.10,1.50
2012.03.23 01:54:11.810,0.94953,0.94977,1.50,1.50
2012.03.23 01:54:19.120,0.9496,0.94984,1.50,2.25
2012.03.23 01:54:19.449,0.94958,0.94981,1.50,2.25
2012.03.23 01:54:19.519,0.94958,0.94981,1.50,1.50
2012.03.23 01:54:24.818,0.94958,0.94981,1.50,2.25
2012.03.23 01:54:25.236,0.94958,0.94981,1.50,2.25
2012.03.23 01:54:25.310,0.94955,0.94979,1.50,2.25
2012.03.23 01:54:25.976,0.94952,0.94975,1.50,2.25
2012.03.23 01:54:26.055,0.94952,0.94975,1.50,2.25
2012.03.23 01:54:26.120,0.94952,0.94972,1.50,2.18
2012.03.23 01:54:26.248,0.94952,0.94975,1.50,2.25
2012.03.23 01:54:26.437,0.94954,0.94979,1.50,2.25
2012.03.23 01:54:26.690,0.94954,0.94979,1.50,2.25
2012.03.23 01:54:27.251,0.94954,0.94979,1.50,2.25
2012.03.23 01:54:28.380,0.94959,0.94983,1.50,2.25
2012.03.23 01:54:28.508,0.94957,0.9498,1.50,2.25
2012.03.23 01:54:28.950,0.94957,0.9498,1.50,2.25
2012.03.23 01:54:30.445,0.94957,0.9498,1.50,2.25
2012.03.23 01:54:30.686,0.94957,0.9498,1.50,2.25
2012.03.23 01:54:30.815,0.94953,0.94978,1.50,2.25
2012.03.23 01:54:31.007,0.94953,0.94978,1.50,2.25
2012.03.23 01:54:31.934,0.94956,0.94981,1.50,2.25
2012.03.23 01:54:33.178,0.94956,0.94981,1.50,2.25
2012.03.23 01:54:33.426,0.94952,0.94975,1.50,2.25
2012.03.23 01:54:33.835,0.94955,0.94978,1.50,2.25
2012.03.23 01:54:33.919,0.94952,0.94975,1.50,2.25
2012.03.23 01:54:35.226,0.94952,0.94975,1.50,2.25
2012.03.23 01:54:35.916,0.94955,0.94979,1.50,2.25
2012.03.23 01:54:36.377,0.9495,0.94975,1.50,2.25
2012.03.23 01:54:36.455,0.94946,0.94971,1.50,2.25
2012.03.23 01:54:36.651,0.94945,0.94968,1.50,2.25
2012.03.23 01:54:36.781,0.94948,0.94972,1.50,4.43
2012.03.23 01:54:36.848,0.94948,0.94972,1.50,3.68
2012.03.23 01:54:37.283,0.94948,0.94972,1.50,2.25
2012.03.23 01:54:37.879,0.94941,0.94966,1.50,1.50
2012.03.23 01:54:38.297,0.94939,0.94963,1.50,1.50
2012.03.23 01:54:45.359,0.94937,0.9496,1.50,1.50
2012.03.23 01:54:45.921,0.94933,0.94958,1.50,1.50
2012.03.23 01:54:46.106,0.94936,0.9496,1.50,2.25
2012.03.23 01:54:47.455,0.94938,0.94964,1.50,2.25
2012.03.23 01:54:47.516,0.94938,0.94964,1.50,2.25
2012.03.23 01:54:50.737,0.94942,0.94966,1.50,2.25
2012.03.23 01:54:52.434,0.94942,0.94966,1.50,1.50
2012.03.23 01:54:53.173,0.94944,0.9497,1.50,2.25
2012.03.23 01:54:54.378,0.94943,0.94966,1.50,1.50
2012.03.23 01:54:54.566,0.94934,0.9496,1.50,1.50
2012.03.23 01:54:55.470,0.94938,0.94961,1.50,1.50
2012.03.23 01:54:56.573,0.94946,0.9497,1.50,2.25
2012.03.23 01:54:56.878,0.94946,0.9497,1.50,1.50
2012.03.23 01:54:56.949,0.94944,0.94967,1.50,1.50
2012.03.23 01:54:58.527,0.94946,0.9497,1.50,2.25
2012.03.23 01:54:59.006,0.94946,0.9497,1.50,2.25
2012.03.23 01:54:59.478,0.94944,0.94967,1.50,2.25
2012.03.23 01:54:59.554,0.94944,0.94967,1.50,1.50
2012.03.23 01:55:00.459,0.9494,0.94965,1.50,1.50
2012.03.23 01:55:02.477,0.94943,0.94967,1.50,1.50
2012.03.23 01:55:03.680,0.94938,0.94961,1.50,1.50
2012.03.23 01:55:04.288,0.94934,0.94959,1.50,1.50
2012.03.23 01:55:04.817,0.9494,0.94966,1.50,2.25
2012.03.23 01:55:06.327,0.94936,0.94961,1.50,1.50
2012.03.23 01:55:06.791,0.94936,0.94961,1.50,2.25
2012.03.23 01:55:06.975,0.94936,0.94961,1.50,1.50
2012.03.23 01:55:07.298,0.94933,0.94958,1.50,1.50
2012.03.23 01:55:07.899,0.94937,0.9496,1.50,1.50
2012.03.23 01:55:11.017,0.94938,0.94964,1.50,1.50
2012.03.23 01:55:12.502,0.94937,0.9496,1.50,1.50
2012.03.23 01:55:13.495,0.94938,0.94964,1.50,1.50
2012.03.23 01:55:14.441,0.94935,0.94961,1.50,1.50
2012.03.23 01:55:14.808,0.94939,0.94963,1.50,1.50
2012.03.23 01:55:15.426,0.94936,0.9496,1.50,1.50
2012.03.23 01:55:15.918,0.94934,0.94957,1.50,1.50
2012.03.23 01:55:17.099,0.94937,0.9496,1.50,1.50
2012.03.23 01:55:17.660,0.94938,0.9496,2.18,1.50
2012.03.23 01:55:17.912,0.94939,0.94965,1.50,1.50
2012.03.23 01:55:18.518,0.94941,0.94965,1.50,1.50
2012.03.23 01:55:32.101,0.94938,0.94962,1.50,1.50
2012.03.23 01:55:34.521,0.94932,0.94957,1.50,1.50
2012.03.23 01:55:34.650,0.94938,0.94964,1.50,2.25
2012.03.23 01:55:43.718,0.94938,0.94964,1.50,1.50
2012.03.23 01:55:43.787,0.94944,0.94967,1.50,1.50
2012.03.23 01:55:44.099,0.94944,0.94967,1.50,2.25
2012.03.23 01:55:44.356,0.94941,0.94964,1.50,2.25
2012.03.23 01:55:45.287,0.94941,0.94964,1.50,2.25
2012.03.23 01:55:45.745,0.94941,0.94964,1.50,2.25
2012.03.23 01:55:45.822,0.94936,0.9496,1.50,1.50
2012.03.23 01:55:46.126,0.94939,0.94965,1.50,1.50
2012.03.23 01:55:47.537,0.94939,0.94965,1.50,2.25
2012.03.23 01:55:47.606,0.94937,0.94961,1.50,1.50
2012.03.23 01:55:48.261,0.94937,0.94961,1.50,2.25
2012.03.23 01:55:49.916,0.9494,0.94964,1.50,2.25
2012.03.23 01:55:50.238,0.9494,0.94964,1.50,2.25
2012.03.23 01:55:50.695,0.94935,0.94958,1.50,1.50
2012.03.23 01:55:51.095,0.94937,0.94961,1.50,1.50
2012.03.23 01:55:55.187,0.9494,0.94964,1.50,1.50
2012.03.23 01:56:13.981,0.9494,0.94964,1.50,2.25
2012.03.23 01:56:14.376,0.94942,0.94967,1.50,2.25
2012.03.23 01:56:15.272,0.94942,0.94967,1.50,2.25
2012.03.23 01:56:15.968,0.94942,0.94967,1.50,1.50
2012.03.23 01:56:17.087,0.94945,0.94969,1.50,1.50
2012.03.23 01:56:17.938,0.94945,0.94969,1.50,2.25
2012.03.23 01:56:18.296,0.94942,0.94965,1.50,1.50
2012.03.23 01:56:18.927,0.94943,0.94969,1.50,2.25
2012.03.23 01:56:20.318,0.94943,0.94969,1.50,1.50
2012.03.23 01:56:20.887,0.94941,0.94965,1.50,1.50
2012.03.23 01:56:22.658,0.94943,0.94969,1.50,1.50
2012.03.23 01:56:22.851,0.94948,0.94971,1.50,1.50
2012.03.23 01:56:24.008,0.94948,0.94971,1.50,2.25
2012.03.23 01:56:24.078,0.94944,0.94969,1.50,2.25
2012.03.23 01:56:24.270,0.94942,0.94966,1.50,1.50
2012.03.23 01:56:24.827,0.94939,0.94963,1.50,1.50
2012.03.23 01:56:24.959,0.94935,0.94961,1.50,1.50
2012.03.23 01:56:32.224,0.94935,0.94961,1.50,2.25
2012.03.23 01:56:32.577,0.94938,0.94961,2.18,2.25
2012.03.23 01:56:32.645,0.94935,0.94961,1.50,2.25
2012.03.23 01:56:33.405,0.94935,0.94961,1.50,2.25
2012.03.23 01:56:33.526,0.94938,0.94963,1.50,3.00
2012.03.23 01:56:34.494,0.94938,0.94963,1.50,3.00
2012.03.23 01:56:34.862,0.94941,0.94963,1.50,1.50
2012.03.23 01:56:36.017,0.94938,0.94963,2.18,2.25
2012.03.23 01:56:37.119,0.94937,0.94963,1.50,2.25
2012.03.23 01:56:37.597,0.94941,0.94964,1.50,3.00
2012.03.23 01:56:38.408,0.94941,0.94964,1.50,3.00
2012.03.23 01:56:39.556,0.94937,0.94963,1.50,2.25
2012.03.23 01:56:42.262,0.94937,0.94963,1.50,2.25
2012.03.23 01:56:42.687,0.94934,0.9496,1.50,2.25
2012.03.23 01:56:46.437,0.94937,0.94963,1.50,3.00
2012.03.23 01:56:46.778,0.94938,0.94962,1.50,2.25
2012.03.23 01:56:46.906,0.94941,0.94966,1.50,2.25
2012.03.23 01:56:47.438,0.94947,0.94969,1.50,1.50
2012.03.23 01:56:47.511,0.94941,0.94965,1.50,2.25
2012.03.23 01:56:47.576,0.94937,0.94963,1.50,2.25
2012.03.23 01:56:48.505,0.94937,0.94963,1.50,2.25
2012.03.23 01:56:48.877,0.94937,0.94963,1.50,2.25
2012.03.23 01:56:49.711,0.94937,0.94963,1.50,2.25
2012.03.23 01:56:50.630,0.94937,0.94963,1.50,2.25
2012.03.23 01:56:52.279,0.94938,0.94963,2.18,2.25
2012.03.23 01:56:53.370,0.94938,0.94963,2.18,2.25
2012.03.23 01:56:53.999,0.94937,0.94963,1.50,2.25
2012.03.23 01:56:54.714,0.94936,0.94959,1.50,2.25
2012.03.23 01:56:55.425,0.94936,0.94959,2.25,2.25
2012.03.23 01:56:55.727,0.94944,0.94968,1.50,1.50
2012.03.23 01:56:56.097,0.94941,0.94967,1.50,2.25
2012.03.23 01:56:56.546,0.94938,0.94964,1.50,2.25
2012.03.23 01:56:57.577,0.94938,0.94964,1.50,2.25
2012.03.23 01:56:58.334,0.94935,0.9496,1.50,2.25
2012.03.23 01:56:58.909,0.94935,0.9496,1.50,2.25
2012.03.23 01:57:05.706,0.94935,0.9496,2.25,2.25
2012.03.23 01:57:05.840,0.94938,0.9496,2.18,1.50
2012.03.23 01:57:06.152,0.94939,0.94965,1.50,2.25
2012.03.23 01:57:06.655,0.94942,0.94968,1.50,2.25
2012.03.23 01:57:07.187,0.94941,0.94964,2.25,2.25
2012.03.23 01:57:07.980,0.94941,0.94964,1.50,2.25
2012.03.23 01:57:08.335,0.94943,0.94968,1.50,2.25
2012.03.23 01:57:08.407,0.94941,0.94964,1.50,2.25
2012.03.23 01:57:09.018,0.94945,0.9497,1.50,2.25
2012.03.23 01:57:11.348,0.94943,0.94966,1.50,2.25
2012.03.23 01:57:12.281,0.94939,0.94964,1.50,2.25
2012.03.23 01:57:12.588,0.94939,0.94964,1.50,2.25
2012.03.23 01:57:12.850,0.94935,0.94961,1.50,2.25
2012.03.23 01:57:13.983,0.94935,0.94961,1.50,2.25
2012.03.23 01:57:14.749,0.94935,0.94961,1.50,2.25
2012.03.23 01:57:14.817,0.94932,0.94958,1.50,2.25
2012.03.23 01:57:14.889,0.9493,0.94955,1.50,1.50
2012.03.23 01:57:16.021,0.9493,0.94955,1.50,2.25
2012.03.23 01:57:16.902,0.9493,0.94955,1.50,2.25
2012.03.23 01:57:17.797,0.94927,0.94952,1.50,1.50
2012.03.23 01:57:17.867,0.94924,0.9495,1.50,1.50
2012.03.23 01:57:17.939,0.94928,0.94951,1.50,2.25
2012.03.23 01:57:18.448,0.9493,0.94955,1.50,2.25
2012.03.23 01:57:19.559,0.9493,0.94955,1.50,2.25
2012.03.23 01:57:19.752,0.94927,0.94952,1.50,2.25
2012.03.23 01:57:20.595,0.94927,0.94952,1.50,2.25
2012.03.23 01:57:20.662,0.94924,0.94948,1.50,1.50
2012.03.23 01:57:20.868,0.94922,0.94946,1.50,2.25
2012.03.23 01:57:21.407,0.94922,0.94946,1.50,2.25
2012.03.23 01:57:21.938,0.94922,0.94946,1.50,2.25
2012.03.23 01:57:22.012,0.94918,0.94943,1.50,1.50
2012.03.23 01:57:22.263,0.94918,0.94943,1.50,2.25
2012.03.23 01:57:23.996,0.94922,0.94943,1.50,1.50
2012.03.23 01:57:24.554,0.94922,0.94943,1.50,1.50
2012.03.23 01:57:24.751,0.94922,0.94945,1.50,1.50
2012.03.23 01:57:25.002,0.94922,0.94946,1.50,2.25
2012.03.23 01:57:25.443,0.94917,0.9494,1.50,1.50
2012.03.23 01:57:25.756,0.94917,0.94937,2.18,1.50
2012.03.23 01:57:26.067,0.94919,0.94945,1.50,1.50
2012.03.23 01:57:29.639,0.94919,0.94945,2.25,1.50
2012.03.23 01:57:30.017,0.94924,0.94947,1.50,1.50
2012.03.23 01:57:33.277,0.94918,0.94942,2.18,1.50
2012.03.23 01:57:33.348,0.94921,0.94944,1.50,1.50
2012.03.23 01:57:34.113,0.94921,0.94944,2.25,1.50
2012.03.23 01:57:36.608,0.94921,0.94944,1.50,1.50
2012.03.23 01:57:36.676,0.94917,0.94942,2.25,1.50
2012.03.23 01:57:39.138,0.94921,0.94944,1.50,1.50
2012.03.23 01:57:42.567,0.94924,0.94948,1.50,2.25
2012.03.23 01:57:45.571,0.94921,0.94945,1.50,1.50
2012.03.23 01:57:45.761,0.94923,0.94948,1.50,1.50
2012.03.23 01:57:45.890,0.94919,0.94945,1.50,1.50
2012.03.23 01:57:46.140,0.94926,0.9495,1.50,1.50
2012.03.23 01:57:46.438,0.94926,0.94952,1.50,2.25
2012.03.23 01:57:46.629,0.94923,0.94949,1.50,1.50
2012.03.23 01:57:47.081,0.94935,0.94952,1.50,2.18
2012.03.23 01:57:47.362,0.94929,0.94952,1.50,1.50
2012.03.23 01:57:48.466,0.94931,0.94956,1.50,2.25
2012.03.23 01:57:48.717,0.94929,0.94952,1.50,1.50
2012.03.23 01:57:48.845,0.94932,0.94955,1.50,2.25
2012.03.23 01:57:50.965,0.94928,0.94953,1.50,2.25
2012.03.23 01:57:56.628,0.94932,0.94955,1.50,1.50
2012.03.23 01:57:56.696,0.94928,0.94953,1.50,2.25
2012.03.23 01:57:57.119,0.94927,0.9495,1.50,1.50
2012.03.23 01:57:57.467,0.94924,0.94947,1.50,1.50
2012.03.23 01:57:58.946,0.94926,0.94951,1.50,1.50
2012.03.23 01:58:00.628,0.94924,0.94947,1.50,1.50
2012.03.23 01:58:05.606,0.94926,0.94951,1.50,1.50
2012.03.23 01:58:08.656,0.94929,0.94953,1.50,2.18
2012.03.23 01:58:09.090,0.94932,0.94956,1.50,1.50
2012.03.23 01:58:09.218,0.94934,0.94959,1.50,1.50
2012.03.23 01:58:25.397,0.94937,0.94962,1.50,1.50
2012.03.23 01:58:25.733,0.94935,0.94958,1.50,1.50
2012.03.23 01:58:25.919,0.94932,0.94956,2.25,1.50
2012.03.23 01:58:26.348,0.94934,0.9496,1.50,1.50
2012.03.23 01:58:27.349,0.94939,0.94964,1.50,1.50
2012.03.23 01:58:27.987,0.94943,0.94966,1.50,1.50
2012.03.23 01:58:28.156,0.94939,0.94964,1.50,1.50
2012.03.23 01:58:30.698,0.94936,0.94961,1.50,1.50
2012.03.23 01:58:38.376,0.94938,0.94964,1.50,2.25
2012.03.23 01:58:38.587,0.94942,0.94966,1.50,2.25
2012.03.23 01:58:40.806,0.94942,0.94966,1.50,1.50
2012.03.23 01:58:42.449,0.9494,0.94963,1.50,1.50
2012.03.23 01:58:43.525,0.94937,0.9496,1.50,1.50
2012.03.23 01:58:45.168,0.94941,0.94965,1.50,1.50
2012.03.23 01:58:53.858,0.94939,0.94962,1.50,1.50
2012.03.23 01:59:24.999,0.94941,0.94967,1.50,1.50
2012.03.23 01:59:25.102,0.94942,0.94965,1.50,1.50
2012.03.23 01:59:28.438,0.94939,0.94962,1.50,1.50
2012.03.23 01:59:31.432,0.94935,0.9496,1.50,1.50
2012.03.23 01:59:31.502,0.94932,0.94957,2.25,1.50
2012.03.23 01:59:31.918,0.94936,0.94959,1.50,1.50
2012.03.23 01:59:32.440,0.94938,0.94963,1.50,3.68
2012.03.23 01:59:33.199,0.94936,0.94959,1.50,1.50
2012.03.23 01:59:41.170,0.94932,0.94957,1.50,1.50
2012.03.23 01:59:41.884,0.94935,0.9496,1.50,1.50
2012.03.23 01:59:42.848,0.94933,0.94956,1.50,1.50
2012.03.23 01:59:44.010,0.94935,0.9496,1.50,1.50
2012.03.23 01:59:44.379,0.94931,0.94956,1.50,1.50
2012.03.23 01:59:45.220,0.94935,0.94958,1.50,1.50
2012.03.23 01:59:47.647,0.94936,0.94962,1.50,3.68
2012.03.23 01:59:48.676,0.94935,0.94958,1.50,1.50
2012.03.23 01:59:49.619,0.94937,0.94962,1.50,1.50
2012.03.23 01:59:52.497,0.9494,0.94965,1.50,1.50
2012.03.23 01:59:57.149,0.94937,0.94963,1.50,1.50
2012.03.23 01:59:57.217,0.94934,0.9496,1.50,1.50
2012.03.23 01:59:59.038,0.94937,0.94963,1.50,1.50
2012.03.23 01:59:59.416,0.9494,0.94965,1.50,1.50
