2010.06.03 02:00:00.664,0.97285,0.9733,8.10,10.40
2010.06.03 02:00:01.393,0.97285,0.97325,4.10,4.00
2010.06.03 02:00:01.571,0.97275,0.97315,4.90,4.80
2010.06.03 02:00:01.757,0.9728,0.9732,2.40,10.40
2010.06.03 02:00:03.117,0.9728,0.9732,2.50,10.40
2010.06.03 02:00:03.417,0.9728,0.9732,2.40,10.40
2010.06.03 02:00:04.344,0.9728,0.9732,10.40,2.40
2010.06.03 02:00:06.635,0.97285,0.9732,8.80,2.40
2010.06.03 02:00:06.753,0.97285,0.9733,8.80,11.20
2010.06.03 02:00:08.746,0.97285,0.97325,4.80,4.00
2010.06.03 02:00:15.106,0.97285,0.97325,4.90,4.00
2010.06.03 02:00:15.239,0.9729,0.9733,6.40,2.40
2010.06.03 02:00:15.364,0.9729,0.9733,4.00,2.40
2010.06.03 02:00:15.494,0.97285,0.9733,8.00,10.40
2010.06.03 02:00:15.885,0.9728,0.9732,2.40,8.00
2010.06.03 02:00:16.274,0.9728,0.9732,2.40,10.40
2010.06.03 02:00:19.719,0.97275,0.97315,4.00,4.00
2010.06.03 02:00:20.037,0.9727,0.97315,10.40,8.00
2010.06.03 02:00:20.357,0.97275,0.97315,4.00,4.00
2010.06.03 02:00:22.703,0.97285,0.9732,8.00,2.40
2010.06.03 02:00:22.887,0.97275,0.97315,4.80,4.80
2010.06.03 02:00:26.434,0.9728,0.9732,6.40,2.40
2010.06.03 02:00:28.637,0.9728,0.9732,10.40,2.40
2010.06.03 02:00:28.745,0.9728,0.9732,10.50,2.40
2010.06.03 02:00:29.470,0.97285,0.97325,4.80,4.00
2010.06.03 02:00:29.575,0.97285,0.9733,8.80,11.20
2010.06.03 02:00:30.174,0.97285,0.9733,8.80,10.40
2010.06.03 02:00:30.354,0.9729,0.9733,10.40,2.40
2010.06.03 02:00:32.416,0.9729,0.9733,10.50,2.40
2010.06.03 02:00:34.224,0.97295,0.9733,4.00,2.40
2010.06.03 02:00:35.014,0.97295,0.9733,4.00,6.80
2010.06.03 02:00:35.104,0.97285,0.9733,9.30,12.40
2010.06.03 02:00:35.464,0.9729,0.9733,2.40,10.40
2010.06.03 02:00:35.554,0.97295,0.9733,4.00,2.40
2010.06.03 02:00:36.525,0.9729,0.9733,10.50,2.40
2010.06.03 02:00:38.363,0.97295,0.9733,4.00,2.40
2010.06.03 02:00:39.774,0.97295,0.9733,8.00,2.40
2010.06.03 02:00:42.921,0.97295,0.9733,4.00,2.40
2010.06.03 02:00:44.794,0.97295,0.9733,4.10,2.40
2010.06.03 02:00:45.074,0.97295,0.9733,4.00,2.40
2010.06.03 02:00:45.634,0.97295,0.9733,8.00,2.40
2010.06.03 02:00:45.915,0.973,0.9734,2.40,11.30
2010.06.03 02:00:46.832,0.973,0.9734,2.40,13.30
2010.06.03 02:00:54.863,0.973,0.9734,2.40,11.30
2010.06.03 02:00:59.566,0.973,0.9734,2.40,11.20
2010.06.03 02:00:59.904,0.97305,0.9734,1.00,3.20
2010.06.03 02:01:00.995,0.973,0.9734,2.40,11.20
2010.06.03 02:01:01.367,0.973,0.9734,2.40,11.30
2010.06.03 02:01:01.964,0.973,0.9734,6.40,3.20
2010.06.03 02:01:02.264,0.97305,0.9734,1.00,3.20
2010.06.03 02:01:04.264,0.97305,0.9734,1.00,3.20
2010.06.03 02:01:04.316,0.97305,0.9734,4.90,3.20
2010.06.03 02:01:04.977,0.97305,0.9734,6.50,3.20
2010.06.03 02:01:05.018,0.97315,0.9735,1.00,3.20
2010.06.03 02:01:17.796,0.9732,0.9735,4.00,3.20
2010.06.03 02:01:18.504,0.97315,0.9735,8.90,3.20
2010.06.03 02:01:18.608,0.9732,0.9735,2.40,3.20
2010.06.03 02:01:21.194,0.9732,0.9735,2.40,3.20
2010.06.03 02:01:21.354,0.9733,0.9735,2.40,1.00
2010.06.03 02:01:21.515,0.9733,0.9736,2.40,1.20
2010.06.03 02:01:21.684,0.97325,0.9735,1.60,1.00
2010.06.03 02:01:22.005,0.97325,0.97355,1.00,8.00
2010.06.03 02:01:22.653,0.97325,0.9736,1.00,13.20
2010.06.03 02:01:22.987,0.97325,0.9736,1.00,5.20
2010.06.03 02:01:23.495,0.97325,0.9736,5.20,4.80
2010.06.03 02:01:23.674,0.97325,0.9736,5.20,3.20
2010.06.03 02:01:24.474,0.97325,0.9736,9.20,3.20
2010.06.03 02:01:25.174,0.97325,0.9736,5.20,3.20
2010.06.03 02:01:25.514,0.97325,0.9736,1.20,3.20
2010.06.03 02:01:28.323,0.97325,0.9736,9.20,3.20
2010.06.03 02:01:29.284,0.97325,0.9736,1.20,3.20
2010.06.03 02:01:29.564,0.97325,0.9736,1.00,3.20
2010.06.03 02:01:32.054,0.97325,0.9736,1.00,3.20
2010.06.03 02:01:32.396,0.9733,0.9736,2.40,1.00
2010.06.03 02:01:32.735,0.97325,0.9736,1.00,3.20
2010.06.03 02:01:34.284,0.97325,0.9736,8.80,3.20
2010.06.03 02:01:34.496,0.97325,0.9736,1.00,3.20
2010.06.03 02:01:34.824,0.9732,0.9736,10.40,3.20
2010.06.03 02:01:34.963,0.9732,0.9736,2.40,11.20
2010.06.03 02:01:38.744,0.9732,0.9736,6.40,7.20
2010.06.03 02:01:47.982,0.9732,0.9735,4.00,2.40
2010.06.03 02:01:48.237,0.97315,0.9735,1.00,2.40
2010.06.03 02:01:48.805,0.97315,0.9735,1.00,10.40
2010.06.03 02:01:50.937,0.97315,0.97345,1.00,4.00
2010.06.03 02:01:51.505,0.97315,0.9735,1.00,2.40
2010.06.03 02:01:52.408,0.97315,0.97345,1.00,4.00
2010.06.03 02:01:53.426,0.97315,0.9735,1.00,2.80
2010.06.03 02:01:53.695,0.97315,0.9735,1.00,2.40
2010.06.03 02:01:54.835,0.97315,0.97345,1.00,8.00
2010.06.03 02:01:56.597,0.97315,0.9735,1.00,6.80
2010.06.03 02:01:57.395,0.97315,0.97345,1.00,8.00
2010.06.03 02:02:00.813,0.97315,0.9734,1.00,1.00
2010.06.03 02:02:00.834,0.97315,0.9734,1.00,8.80
2010.06.03 02:02:00.853,0.97315,0.9734,1.00,11.20
2010.06.03 02:02:01.406,0.97315,0.97335,1.00,8.00
2010.06.03 02:02:01.464,0.97315,0.97335,1.00,8.80
2010.06.03 02:02:02.111,0.97315,0.9734,1.00,11.20
2010.06.03 02:02:02.794,0.973,0.9734,3.20,11.20
2010.06.03 02:02:04.654,0.973,0.9734,3.30,11.20
2010.06.03 02:02:04.855,0.973,0.97345,11.30,10.00
2010.06.03 02:02:06.424,0.97305,0.97345,1.00,10.00
2010.06.03 02:02:06.544,0.97305,0.97345,1.00,10.00
2010.06.03 02:02:09.873,0.97305,0.97345,1.00,9.60
2010.06.03 02:02:09.963,0.97305,0.97345,1.00,8.00
2010.06.03 02:02:11.253,0.973,0.97345,11.20,8.00
2010.06.03 02:02:11.384,0.97305,0.9733,4.00,1.00
2010.06.03 02:02:11.506,0.97305,0.9733,1.00,1.00
2010.06.03 02:02:12.518,0.973,0.9733,2.50,1.00
2010.06.03 02:02:12.860,0.97285,0.9732,4.80,2.40
2010.06.03 02:02:13.195,0.9728,0.9732,2.50,11.20
2010.06.03 02:02:13.857,0.9727,0.9731,9.30,6.40
2010.06.03 02:02:14.175,0.97275,0.9731,1.00,6.40
2010.06.03 02:02:14.495,0.9728,0.97325,8.00,8.00
2010.06.03 02:02:15.165,0.97285,0.97325,4.00,4.00
2010.06.03 02:02:15.286,0.97285,0.9733,8.00,8.80
2010.06.03 02:02:15.763,0.97285,0.9733,8.00,8.00
2010.06.03 02:02:17.479,0.9729,0.9733,4.00,4.00
2010.06.03 02:02:17.598,0.97295,0.9734,4.00,11.20
2010.06.03 02:02:17.714,0.97295,0.97335,4.00,4.00
2010.06.03 02:02:19.949,0.973,0.97335,2.40,4.00
2010.06.03 02:02:19.989,0.973,0.9734,2.40,8.00
2010.06.03 02:02:20.017,0.973,0.9734,2.50,8.00
2010.06.03 02:02:20.252,0.973,0.9734,2.40,8.00
2010.06.03 02:02:20.335,0.973,0.9734,6.40,4.00
2010.06.03 02:02:21.344,0.973,0.9734,11.20,3.20
2010.06.03 02:02:22.365,0.97305,0.9734,1.00,3.20
2010.06.03 02:02:22.945,0.973,0.9734,11.30,3.20
2010.06.03 02:02:23.525,0.973,0.97335,10.50,1.00
2010.06.03 02:02:24.429,0.97305,0.9734,1.00,3.20
2010.06.03 02:02:26.255,0.973,0.9734,11.30,3.20
2010.06.03 02:02:26.580,0.97295,0.9733,8.10,2.40
2010.06.03 02:02:26.749,0.973,0.9734,2.50,11.20
2010.06.03 02:02:27.413,0.973,0.9734,2.40,11.20
2010.06.03 02:02:45.687,0.97295,0.9733,8.10,2.40
2010.06.03 02:02:46.407,0.97295,0.97335,1.00,8.00
2010.06.03 02:02:49.276,0.97295,0.97335,4.10,4.00
2010.06.03 02:02:49.414,0.97295,0.97335,1.00,4.00
2010.06.03 02:02:49.555,0.97295,0.97335,1.00,8.00
2010.06.03 02:02:49.695,0.973,0.97335,2.40,8.00
2010.06.03 02:02:49.825,0.973,0.97335,3.30,8.00
2010.06.03 02:02:50.605,0.9731,0.97345,2.40,1.00
2010.06.03 02:02:50.836,0.9731,0.9735,2.40,12.80
2010.06.03 02:02:51.065,0.9731,0.9735,2.40,10.40
2010.06.03 02:02:52.285,0.973,0.97345,10.50,8.00
2010.06.03 02:02:54.828,0.973,0.9734,2.40,8.00
2010.06.03 02:02:55.465,0.973,0.9734,6.40,4.00
2010.06.03 02:02:55.625,0.973,0.97345,10.40,8.00
2010.06.03 02:02:56.451,0.9731,0.9735,2.40,10.80
2010.06.03 02:02:58.258,0.9731,0.97345,2.40,1.00
2010.06.03 02:02:58.571,0.973,0.9734,2.50,8.00
2010.06.03 02:02:58.907,0.973,0.97335,2.50,8.00
2010.06.03 02:02:59.712,0.973,0.97335,2.40,8.00
2010.06.03 02:02:59.975,0.973,0.9734,2.50,8.00
2010.06.03 02:03:01.175,0.973,0.9734,2.50,8.80
2010.06.03 02:03:01.364,0.973,0.9734,2.50,11.20
2010.06.03 02:03:02.337,0.973,0.9734,2.50,8.00
2010.06.03 02:03:02.674,0.973,0.9734,2.40,8.00
2010.06.03 02:03:03.006,0.973,0.9734,1.00,11.20
2010.06.03 02:03:04.494,0.97295,0.9734,8.10,11.20
2010.06.03 02:03:07.474,0.973,0.9734,1.00,11.20
2010.06.03 02:03:07.794,0.97295,0.9734,8.10,11.20
2010.06.03 02:03:07.992,0.973,0.9734,1.00,11.20
2010.06.03 02:03:08.047,0.973,0.9734,1.00,11.20
2010.06.03 02:03:08.489,0.97295,0.9734,8.10,11.20
2010.06.03 02:03:11.190,0.973,0.9734,2.40,11.20
2010.06.03 02:03:12.475,0.973,0.9734,2.40,11.60
2010.06.03 02:03:15.165,0.973,0.9734,2.50,11.60
2010.06.03 02:03:15.501,0.973,0.9734,2.50,8.40
2010.06.03 02:03:15.586,0.973,0.9734,2.40,8.00
2010.06.03 02:03:15.665,0.973,0.97345,10.40,8.00
2010.06.03 02:03:15.744,0.973,0.97345,11.20,8.00
2010.06.03 02:03:16.496,0.9731,0.97345,2.40,8.00
2010.06.03 02:03:16.796,0.9731,0.9734,8.80,2.40
2010.06.03 02:03:17.097,0.9731,0.9735,2.40,10.40
2010.06.03 02:03:19.605,0.97305,0.9734,8.10,2.40
2010.06.03 02:03:19.716,0.97305,0.9734,8.00,2.40
2010.06.03 02:03:19.826,0.973,0.9734,10.50,2.40
2010.06.03 02:03:20.703,0.9731,0.97345,2.40,4.00
2010.06.03 02:03:20.941,0.9731,0.9735,2.50,10.40
2010.06.03 02:03:21.424,0.9731,0.9735,2.40,10.40
2010.06.03 02:03:24.744,0.973,0.9734,11.70,3.20
2010.06.03 02:03:26.926,0.97305,0.9734,4.00,3.20
2010.06.03 02:03:27.075,0.97305,0.9734,8.10,3.20
2010.06.03 02:03:27.214,0.9731,0.9735,2.40,10.40
2010.06.03 02:03:31.247,0.9731,0.9734,2.40,1.00
2010.06.03 02:03:31.279,0.973,0.9734,13.30,3.20
2010.06.03 02:03:39.147,0.97305,0.9734,4.00,3.20
2010.06.03 02:03:39.387,0.97305,0.9734,4.10,3.20
2010.06.03 02:03:39.952,0.97305,0.9734,4.00,3.20
2010.06.03 02:03:40.073,0.97305,0.9734,4.10,3.20
2010.06.03 02:03:40.245,0.97305,0.9734,4.00,3.20
2010.06.03 02:03:40.425,0.973,0.9734,6.00,7.20
2010.06.03 02:03:40.605,0.973,0.9734,2.90,11.20
2010.06.03 02:03:40.775,0.97305,0.9734,4.00,3.20
2010.06.03 02:03:42.414,0.97305,0.9734,4.10,3.20
2010.06.03 02:03:43.086,0.9731,0.9734,2.40,3.20
2010.06.03 02:03:44.966,0.9731,0.9735,6.40,6.40
2010.06.03 02:03:45.084,0.9731,0.9735,6.40,2.40
2010.06.03 02:03:45.964,0.97315,0.9735,1.00,2.40
2010.06.03 02:03:46.784,0.9731,0.9735,6.40,2.40
2010.06.03 02:03:48.418,0.9731,0.9735,6.50,2.40
2010.06.03 02:03:51.498,0.9731,0.9735,6.40,2.40
2010.06.03 02:03:51.615,0.9731,0.9734,6.40,2.40
2010.06.03 02:03:51.738,0.9731,0.9734,2.40,2.40
2010.06.03 02:03:51.841,0.9731,0.9734,2.40,3.20
2010.06.03 02:03:53.258,0.97305,0.9734,1.00,7.20
2010.06.03 02:03:53.365,0.973,0.9734,6.90,7.20
2010.06.03 02:03:56.535,0.97305,0.9734,1.00,7.20
2010.06.03 02:03:56.619,0.97305,0.9734,1.00,7.20
2010.06.03 02:03:56.694,0.97305,0.9734,1.00,7.20
2010.06.03 02:03:56.774,0.97305,0.9734,4.80,3.20
2010.06.03 02:03:56.854,0.9731,0.9734,2.40,3.20
2010.06.03 02:03:56.934,0.97305,0.9734,4.80,3.20
2010.06.03 02:03:57.596,0.97305,0.9734,1.00,7.20
2010.06.03 02:03:57.675,0.973,0.9734,6.50,7.20
2010.06.03 02:04:00.938,0.97305,0.97345,4.00,4.00
2010.06.03 02:04:05.467,0.9731,0.9735,6.40,2.40
2010.06.03 02:04:10.817,0.9731,0.9735,6.50,2.40
2010.06.03 02:04:11.536,0.9732,0.97355,2.40,1.00
2010.06.03 02:04:13.304,0.9732,0.97355,2.40,5.20
2010.06.03 02:04:13.424,0.9731,0.9735,8.00,2.40
2010.06.03 02:04:13.544,0.9731,0.9735,6.40,2.40
2010.06.03 02:04:15.604,0.9731,0.9735,6.50,2.40
2010.06.03 02:04:17.595,0.9732,0.97355,2.40,5.20
2010.06.03 02:04:17.794,0.9732,0.97355,2.40,1.00
2010.06.03 02:04:18.505,0.9732,0.9735,2.40,1.00
2010.06.03 02:04:18.615,0.97315,0.9734,8.80,2.40
2010.06.03 02:04:19.270,0.97315,0.9734,8.00,2.40
2010.06.03 02:04:19.367,0.9731,0.9735,6.40,4.40
2010.06.03 02:04:21.898,0.9731,0.9735,6.40,4.00
2010.06.03 02:04:21.924,0.9731,0.9735,6.50,4.00
2010.06.03 02:04:22.033,0.9731,0.9735,6.50,2.40
2010.06.03 02:04:23.898,0.9731,0.9735,6.40,2.40
2010.06.03 02:04:24.595,0.97305,0.97345,4.00,4.00
2010.06.03 02:04:24.719,0.97305,0.9734,4.00,1.00
2010.06.03 02:04:24.795,0.973,0.9734,10.50,4.80
2010.06.03 02:04:24.874,0.973,0.9734,6.50,7.20
2010.06.03 02:04:26.414,0.973,0.9734,6.40,7.20
2010.06.03 02:04:26.616,0.973,0.9734,6.50,7.20
2010.06.03 02:04:29.444,0.973,0.9734,6.40,7.20
2010.06.03 02:04:30.306,0.973,0.9734,6.50,7.20
2010.06.03 02:04:32.917,0.97295,0.97335,4.00,4.00
2010.06.03 02:04:33.239,0.973,0.9734,6.40,7.60
2010.06.03 02:04:33.557,0.9729,0.97335,10.50,8.00
2010.06.03 02:04:34.689,0.973,0.9734,6.40,7.60
2010.06.03 02:04:36.486,0.973,0.9734,6.50,7.60
2010.06.03 02:04:39.936,0.973,0.9734,6.40,7.60
2010.06.03 02:04:40.155,0.973,0.97335,2.40,8.00
2010.06.03 02:04:40.265,0.973,0.97335,4.00,4.00
2010.06.03 02:04:40.374,0.973,0.9734,6.40,7.60
2010.06.03 02:04:42.495,0.973,0.9734,6.50,7.60
2010.06.03 02:04:42.814,0.973,0.9734,6.40,7.60
2010.06.03 02:04:43.135,0.9729,0.97335,10.50,8.00
2010.06.03 02:04:44.080,0.97295,0.97335,4.00,4.00
2010.06.03 02:04:44.175,0.9729,0.97335,10.50,8.00
2010.06.03 02:04:46.956,0.97295,0.97335,4.00,4.00
2010.06.03 02:04:47.094,0.97295,0.9734,8.00,11.60
2010.06.03 02:04:47.374,0.97295,0.9733,8.00,2.40
2010.06.03 02:04:47.515,0.97295,0.9733,1.00,3.20
2010.06.03 02:04:47.654,0.9729,0.97335,10.50,8.40
2010.06.03 02:04:47.795,0.97295,0.97335,1.00,8.00
2010.06.03 02:04:47.934,0.97295,0.97335,1.00,8.00
2010.06.03 02:04:48.673,0.973,0.97335,6.40,4.00
2010.06.03 02:04:48.837,0.973,0.9734,6.40,7.20
2010.06.03 02:04:50.555,0.973,0.9734,6.50,7.20
2010.06.03 02:04:50.786,0.973,0.9734,6.40,7.20
2010.06.03 02:04:51.015,0.97295,0.9733,1.00,3.20
2010.06.03 02:04:54.866,0.9729,0.9733,2.40,11.20
2010.06.03 02:05:00.135,0.9729,0.9733,2.40,11.30
2010.06.03 02:05:00.235,0.9729,0.97325,2.40,8.00
2010.06.03 02:05:00.924,0.9729,0.9732,2.40,1.00
2010.06.03 02:05:01.166,0.9729,0.9732,2.40,10.40
2010.06.03 02:05:01.415,0.9729,0.9732,2.40,2.40
2010.06.03 02:05:02.203,0.9729,0.9732,2.40,2.80
2010.06.03 02:05:02.889,0.9729,0.9731,2.40,1.00
2010.06.03 02:05:03.227,0.97275,0.9731,8.10,1.00
2010.06.03 02:05:03.918,0.97275,0.9731,8.10,2.80
2010.06.03 02:05:04.598,0.9729,0.9731,2.40,1.00
2010.06.03 02:05:04.755,0.9729,0.9732,2.40,2.80
2010.06.03 02:05:09.764,0.97285,0.9732,8.80,5.20
2010.06.03 02:05:10.478,0.9728,0.9732,10.40,5.20
2010.06.03 02:05:18.604,0.9728,0.9732,10.50,5.20
2010.06.03 02:05:20.736,0.9728,0.9732,10.40,5.20
2010.06.03 02:05:20.865,0.97275,0.97305,8.10,1.00
2010.06.03 02:05:23.065,0.97275,0.97305,8.00,1.00
2010.06.03 02:05:24.784,0.9727,0.97305,10.40,2.00
2010.06.03 02:05:24.964,0.9727,0.973,10.40,1.00
2010.06.03 02:05:27.760,0.9727,0.973,11.30,1.00
2010.06.03 02:05:36.575,0.9728,0.9731,3.20,1.20
2010.06.03 02:06:03.816,0.9728,0.9731,7.30,1.20
2010.06.03 02:06:03.985,0.9728,0.9731,7.20,1.20
2010.06.03 02:06:04.205,0.9728,0.9731,7.30,1.20
2010.06.03 02:06:04.644,0.9728,0.9731,7.20,1.20
2010.06.03 02:06:06.316,0.9728,0.9731,7.30,1.20
2010.06.03 02:06:06.475,0.9728,0.9731,7.20,1.20
2010.06.03 02:06:07.035,0.9728,0.9731,7.30,1.20
2010.06.03 02:06:08.425,0.9728,0.9731,7.20,1.20
2010.06.03 02:06:12.612,0.9728,0.9731,7.20,1.20
2010.06.03 02:06:12.939,0.9728,0.9731,3.30,1.20
2010.06.03 02:06:14.494,0.9728,0.9731,3.20,1.20
2010.06.03 02:06:15.597,0.9728,0.9731,3.20,1.20
2010.06.03 02:06:15.646,0.9728,0.9731,3.30,1.20
2010.06.03 02:06:15.845,0.9728,0.9731,3.20,1.20
2010.06.03 02:06:16.047,0.9728,0.9731,3.30,1.20
2010.06.03 02:06:16.446,0.9728,0.9731,3.20,1.20
2010.06.03 02:06:16.646,0.9728,0.9731,3.30,1.20
2010.06.03 02:06:17.645,0.9728,0.9731,7.30,1.20
2010.06.03 02:06:18.424,0.9728,0.9731,7.20,1.20
2010.06.03 02:06:22.914,0.9728,0.9731,7.20,1.20
2010.06.03 02:06:23.094,0.9728,0.9731,7.30,1.20
2010.06.03 02:06:23.456,0.9728,0.9731,3.20,2.80
2010.06.03 02:06:23.645,0.97275,0.97305,8.00,1.20
2010.06.03 02:06:23.835,0.9727,0.97305,3.20,2.00
2010.06.03 02:06:24.597,0.9727,0.97305,3.30,1.20
2010.06.03 02:06:24.821,0.9727,0.97305,7.30,2.00
2010.06.03 02:06:25.226,0.9727,0.97305,7.20,2.00
2010.06.03 02:06:25.494,0.9727,0.97305,7.30,2.00
2010.06.03 02:06:26.276,0.9727,0.97305,7.20,2.00
2010.06.03 02:06:27.614,0.9727,0.97305,7.30,2.00
2010.06.03 02:06:28.982,0.97275,0.97305,1.00,2.00
2010.06.03 02:06:29.204,0.97275,0.97305,1.00,2.00
2010.06.03 02:06:31.275,0.9727,0.97305,11.30,2.00
2010.06.03 02:06:31.399,0.97275,0.97305,1.00,2.00
2010.06.03 02:06:31.764,0.97275,0.97305,1.00,3.60
2010.06.03 02:06:31.874,0.97275,0.973,1.00,1.00
2010.06.03 02:06:31.964,0.9727,0.973,7.20,1.00
2010.06.03 02:06:32.064,0.9727,0.97295,7.20,1.00
2010.06.03 02:06:32.407,0.97265,0.9729,1.00,2.40
2010.06.03 02:06:32.745,0.97265,0.97295,1.00,1.20
2010.06.03 02:06:33.086,0.9727,0.973,6.40,1.00
2010.06.03 02:06:33.886,0.9728,0.9732,10.40,2.80
2010.06.03 02:06:34.046,0.97285,0.9732,4.00,2.80
2010.06.03 02:06:34.204,0.97285,0.9732,8.00,2.80
2010.06.03 02:06:35.212,0.97285,0.9732,8.00,2.40
2010.06.03 02:06:38.065,0.97285,0.9732,8.00,2.80
2010.06.03 02:06:38.815,0.9728,0.97315,2.40,2.80
2010.06.03 02:06:39.487,0.97285,0.97315,4.00,2.80
2010.06.03 02:06:39.586,0.97285,0.9732,8.00,3.60
2010.06.03 02:06:40.731,0.97285,0.9732,8.00,1.20
2010.06.03 02:06:41.082,0.97295,0.9733,8.00,5.20
2010.06.03 02:06:41.425,0.97295,0.9733,8.00,1.00
2010.06.03 02:06:42.405,0.97295,0.9733,8.00,2.80
2010.06.03 02:06:42.726,0.9729,0.97325,10.40,1.20
2010.06.03 02:06:43.955,0.97285,0.97315,8.00,1.00
2010.06.03 02:06:46.128,0.9729,0.9732,4.00,2.80
2010.06.03 02:06:46.294,0.9729,0.9732,6.40,1.20
2010.06.03 02:06:46.464,0.9729,0.9732,6.40,1.00
2010.06.03 02:06:48.350,0.9729,0.97325,6.40,2.80
2010.06.03 02:06:48.689,0.97285,0.9732,8.00,6.00
2010.06.03 02:06:48.775,0.9728,0.9732,6.40,10.00
2010.06.03 02:06:48.985,0.9728,0.97315,6.40,2.80
2010.06.03 02:06:50.956,0.9729,0.9732,2.40,4.40
2010.06.03 02:07:06.237,0.97285,0.9732,8.00,4.40
2010.06.03 02:07:06.355,0.9728,0.9732,6.40,8.40
2010.06.03 02:07:08.664,0.9728,0.97315,6.40,1.00
2010.06.03 02:07:09.687,0.9728,0.97315,2.40,1.00
2010.06.03 02:07:19.364,0.9728,0.97315,2.40,1.20
2010.06.03 02:07:28.545,0.97275,0.9731,8.00,1.00
2010.06.03 02:07:28.656,0.97275,0.9731,8.00,1.20
2010.06.03 02:07:29.755,0.97275,0.9731,4.00,1.20
2010.06.03 02:07:29.825,0.9727,0.9731,10.50,1.20
2010.06.03 02:07:32.585,0.97275,0.9731,4.00,1.20
2010.06.03 02:07:33.285,0.97275,0.9731,4.10,1.20
2010.06.03 02:07:34.142,0.97275,0.9731,4.00,1.20
2010.06.03 02:07:34.249,0.97275,0.9731,8.10,1.20
2010.06.03 02:07:38.546,0.97275,0.9731,8.00,3.60
2010.06.03 02:07:38.845,0.9727,0.973,2.50,1.00
2010.06.03 02:07:39.526,0.9727,0.973,2.40,1.00
2010.06.03 02:07:39.827,0.97275,0.9731,4.00,1.20
2010.06.03 02:07:40.026,0.97275,0.9731,4.00,3.60
2010.06.03 02:07:40.125,0.9727,0.9731,6.40,8.40
2010.06.03 02:07:40.225,0.9727,0.9731,2.40,12.40
2010.06.03 02:07:40.325,0.9727,0.973,2.40,1.00
2010.06.03 02:07:40.425,0.9726,0.973,10.50,2.80
2010.06.03 02:07:41.597,0.97265,0.973,4.10,2.80
2010.06.03 02:07:41.725,0.9727,0.973,2.40,1.00
2010.06.03 02:07:42.376,0.9727,0.973,2.50,1.00
2010.06.03 02:07:43.157,0.9727,0.973,2.40,1.00
2010.06.03 02:07:43.496,0.9727,0.97305,2.50,2.80
2010.06.03 02:07:43.836,0.97275,0.97305,1.00,1.00
2010.06.03 02:07:44.175,0.9727,0.97305,2.40,1.00
2010.06.03 02:07:45.156,0.9727,0.97305,2.50,1.20
2010.06.03 02:07:45.374,0.97275,0.97305,1.00,1.20
2010.06.03 02:07:45.514,0.97275,0.97305,1.00,1.00
2010.06.03 02:07:45.935,0.9728,0.97305,6.40,1.00
2010.06.03 02:07:46.465,0.9728,0.97315,6.40,1.20
2010.06.03 02:07:47.433,0.97285,0.97315,8.00,1.00
2010.06.03 02:07:47.566,0.9729,0.97325,8.00,1.00
2010.06.03 02:07:47.705,0.9729,0.97325,10.40,1.00
2010.06.03 02:07:47.836,0.97295,0.97325,4.00,1.00
2010.06.03 02:07:47.976,0.97295,0.97325,8.00,1.00
2010.06.03 02:07:49.895,0.973,0.97325,4.00,1.00
2010.06.03 02:07:50.135,0.973,0.97325,6.40,1.00
2010.06.03 02:07:50.365,0.973,0.97325,4.00,1.00
2010.06.03 02:07:51.978,0.97295,0.97325,8.00,1.00
2010.06.03 02:07:52.177,0.97295,0.97325,8.10,1.00
2010.06.03 02:07:53.275,0.97295,0.97325,8.00,1.00
2010.06.03 02:07:53.685,0.973,0.97325,2.40,1.00
2010.06.03 02:07:53.755,0.973,0.9733,2.40,2.40
2010.06.03 02:07:54.457,0.973,0.9734,10.40,3.60
2010.06.03 02:07:54.594,0.973,0.9734,10.40,2.80
2010.06.03 02:07:55.368,0.973,0.9734,10.50,2.80
2010.06.03 02:07:56.025,0.97305,0.9734,8.00,2.80
2010.06.03 02:07:56.485,0.97305,0.9734,8.10,2.80
2010.06.03 02:07:57.248,0.9731,0.9734,8.10,2.80
2010.06.03 02:07:57.418,0.97315,0.9735,8.80,1.00
2010.06.03 02:07:57.754,0.97315,0.97355,8.80,2.80
2010.06.03 02:07:57.924,0.97315,0.97355,8.80,1.20
2010.06.03 02:07:58.785,0.9732,0.97355,6.40,1.20
2010.06.03 02:08:00.358,0.97325,0.97355,8.10,1.20
2010.06.03 02:08:00.414,0.97325,0.97355,8.90,1.20
2010.06.03 02:08:00.536,0.9733,0.97355,1.00,1.00
2010.06.03 02:08:00.594,0.9733,0.97355,2.50,1.00
2010.06.03 02:08:00.715,0.9733,0.97355,6.50,1.00
2010.06.03 02:08:00.776,0.9733,0.9736,6.40,2.80
2010.06.03 02:08:00.835,0.9733,0.9736,6.40,1.20
2010.06.03 02:08:01.767,0.97325,0.9736,1.00,3.60
2010.06.03 02:08:02.055,0.9732,0.9736,10.40,3.60
2010.06.03 02:08:02.346,0.9732,0.97355,10.50,1.20
2010.06.03 02:08:03.930,0.9733,0.9736,6.40,1.20
2010.06.03 02:08:04.690,0.9733,0.9736,10.40,1.20
2010.06.03 02:08:05.907,0.9733,0.9736,10.40,1.00
2010.06.03 02:08:08.926,0.97325,0.97355,8.90,1.00
2010.06.03 02:08:09.435,0.97325,0.97355,8.80,1.00
2010.06.03 02:08:10.909,0.97325,0.97355,8.00,1.00
2010.06.03 02:08:11.138,0.97335,0.97355,4.00,1.00
2010.06.03 02:08:11.298,0.97335,0.9736,4.00,2.40
2010.06.03 02:08:11.457,0.9733,0.9736,10.40,2.40
2010.06.03 02:08:11.615,0.9733,0.97365,10.40,1.20
2010.06.03 02:08:13.326,0.9733,0.97365,2.40,1.20
2010.06.03 02:08:15.476,0.9733,0.9736,2.40,1.00
2010.06.03 02:08:15.616,0.9732,0.9735,10.50,1.00
2010.06.03 02:08:15.691,0.9732,0.97355,10.50,2.40
2010.06.03 02:08:15.719,0.97325,0.97355,4.00,2.40
2010.06.03 02:08:15.736,0.9733,0.97355,2.40,2.40
2010.06.03 02:08:15.834,0.9733,0.97355,2.40,1.00
2010.06.03 02:08:15.932,0.9733,0.9736,2.40,1.20
2010.06.03 02:08:24.064,0.9732,0.9736,10.40,4.40
2010.06.03 02:08:24.135,0.9732,0.9735,10.40,1.00
2010.06.03 02:08:26.395,0.9732,0.9735,10.50,1.00
2010.06.03 02:08:27.067,0.9733,0.9736,2.40,1.20
2010.06.03 02:08:28.158,0.9733,0.9736,6.40,1.00
2010.06.03 02:08:28.477,0.9733,0.97365,2.40,6.80
2010.06.03 02:08:28.796,0.9733,0.9737,6.40,3.60
2010.06.03 02:08:31.626,0.9733,0.9736,2.40,2.80
2010.06.03 02:08:34.807,0.9733,0.97355,2.40,4.00
2010.06.03 02:08:34.835,0.97315,0.9735,1.00,2.40
2010.06.03 02:08:34.865,0.97315,0.97345,1.00,1.00
2010.06.03 02:08:34.895,0.97315,0.97345,1.00,1.20
2010.06.03 02:08:35.531,0.9731,0.97345,10.40,1.20
2010.06.03 02:08:35.717,0.9731,0.9734,2.40,2.80
2010.06.03 02:08:36.143,0.9731,0.9734,2.50,2.80
2010.06.03 02:08:36.325,0.9731,0.9734,2.50,2.40
2010.06.03 02:08:36.505,0.9732,0.9735,2.40,1.20
2010.06.03 02:08:36.686,0.9731,0.9735,10.50,3.20
2010.06.03 02:08:37.469,0.9732,0.97355,2.40,1.00
2010.06.03 02:08:37.797,0.9731,0.9735,10.50,2.40
2010.06.03 02:08:39.525,0.97315,0.9735,1.00,2.40
2010.06.03 02:08:40.338,0.97315,0.9735,4.80,2.40
2010.06.03 02:08:40.396,0.97315,0.97355,8.80,2.80
2010.06.03 02:08:41.409,0.97315,0.97355,8.90,2.80
2010.06.03 02:08:48.008,0.9731,0.9734,2.40,2.00
2010.06.03 02:08:48.286,0.97305,0.9734,8.90,2.80
2010.06.03 02:08:48.571,0.97315,0.9735,1.00,4.40
2010.06.03 02:08:48.848,0.97315,0.97345,8.80,1.00
2010.06.03 02:08:51.374,0.97315,0.97345,8.90,1.00
2010.06.03 02:08:51.769,0.97315,0.97345,8.10,1.00
2010.06.03 02:08:51.815,0.97315,0.97345,8.00,1.00
2010.06.03 02:08:51.914,0.97315,0.97345,4.00,1.00
2010.06.03 02:08:51.964,0.9731,0.97345,6.50,1.00
2010.06.03 02:08:53.615,0.9731,0.97345,6.40,1.00
2010.06.03 02:08:53.959,0.9731,0.97335,4.00,1.00
2010.06.03 02:08:53.995,0.9731,0.97335,6.40,1.00
2010.06.03 02:08:54.090,0.9731,0.9734,6.40,1.60
2010.06.03 02:08:54.158,0.9731,0.97345,6.40,1.00
2010.06.03 02:08:55.895,0.9731,0.9733,6.40,1.00
2010.06.03 02:08:55.995,0.973,0.9733,10.50,1.00
2010.06.03 02:08:56.095,0.973,0.97325,10.50,1.00
2010.06.03 02:08:57.386,0.973,0.97325,4.00,1.00
2010.06.03 02:08:57.575,0.97295,0.97325,4.10,1.00
2010.06.03 02:08:57.756,0.973,0.97325,1.00,1.00
2010.06.03 02:08:57.935,0.973,0.9733,6.50,2.40
2010.06.03 02:08:58.116,0.973,0.97335,10.50,2.80
2010.06.03 02:08:59.666,0.97305,0.97335,4.00,2.80
2010.06.03 02:08:59.866,0.97305,0.97335,8.00,2.80
2010.06.03 02:09:00.635,0.97305,0.97335,8.10,2.40
2010.06.03 02:09:00.735,0.9731,0.97335,6.40,2.40
2010.06.03 02:09:00.856,0.9731,0.9734,10.40,1.00
2010.06.03 02:09:00.975,0.97315,0.9734,4.00,1.00
2010.06.03 02:09:01.095,0.97315,0.9734,8.00,1.00
2010.06.03 02:09:01.455,0.97315,0.9734,4.00,1.00
2010.06.03 02:09:01.575,0.9731,0.9734,6.50,1.00
2010.06.03 02:09:02.430,0.9731,0.9734,1.00,2.80
2010.06.03 02:09:02.696,0.973,0.97335,10.50,2.00
2010.06.03 02:09:02.966,0.973,0.97335,10.50,2.80
2010.06.03 02:09:03.469,0.973,0.9733,8.00,2.40
2010.06.03 02:09:03.587,0.97295,0.9733,8.10,2.40
2010.06.03 02:09:06.055,0.97295,0.9733,8.10,4.40
2010.06.03 02:09:06.204,0.97295,0.9733,8.10,5.20
2010.06.03 02:09:07.650,0.97295,0.9733,8.00,5.20
2010.06.03 02:09:09.390,0.97295,0.9733,8.10,5.20
2010.06.03 02:09:14.325,0.973,0.9733,1.00,5.20
2010.06.03 02:09:15.045,0.973,0.9733,1.00,4.80
2010.06.03 02:09:15.227,0.973,0.97335,10.40,1.00
2010.06.03 02:09:15.594,0.973,0.97335,10.50,1.00
2010.06.03 02:09:16.136,0.9731,0.97345,2.40,2.80
2010.06.03 02:09:18.938,0.9731,0.97345,2.50,2.80
2010.06.03 02:09:20.424,0.9731,0.97345,2.40,2.80
2010.06.03 02:09:25.286,0.9731,0.97345,2.50,2.80
2010.06.03 02:09:25.454,0.9731,0.97345,6.50,2.80
2010.06.03 02:09:26.055,0.9731,0.97345,6.50,1.20
2010.06.03 02:09:37.888,0.97315,0.97345,1.00,1.20
2010.06.03 02:09:38.156,0.9732,0.9735,2.40,2.00
2010.06.03 02:09:39.645,0.9732,0.9735,2.40,2.00
2010.06.03 02:09:43.345,0.9732,0.9735,2.40,2.00
2010.06.03 02:09:59.296,0.9732,0.9735,2.50,2.00
2010.06.03 02:09:59.357,0.9731,0.9735,8.80,4.40
2010.06.03 02:09:59.415,0.9731,0.97345,8.80,1.00
2010.06.03 02:09:59.537,0.9731,0.97345,8.80,1.20
2010.06.03 02:10:00.310,0.97305,0.97345,4.00,5.20
2010.06.03 02:10:00.645,0.97305,0.97345,4.10,5.20
2010.06.03 02:10:02.273,0.97305,0.97345,4.00,5.20
2010.06.03 02:10:02.541,0.9731,0.97345,6.40,1.20
2010.06.03 02:10:02.808,0.9731,0.97345,2.40,5.20
2010.06.03 02:10:04.935,0.9732,0.97345,4.00,1.00
2010.06.03 02:10:04.996,0.9731,0.97345,7.20,1.00
2010.06.03 02:10:05.055,0.9732,0.97345,2.40,1.00
2010.06.03 02:10:05.690,0.9732,0.9735,2.40,2.80
2010.06.03 02:10:05.938,0.9731,0.9735,6.40,2.80
2010.06.03 02:10:06.216,0.9731,0.9735,6.40,1.00
2010.06.03 02:10:06.495,0.9732,0.9735,2.40,1.00
2010.06.03 02:10:08.735,0.9732,0.97355,2.40,2.80
2010.06.03 02:10:09.836,0.9732,0.9735,2.40,1.00
2010.06.03 02:10:09.955,0.97315,0.9735,8.00,2.80
2010.06.03 02:10:10.075,0.9731,0.9735,11.20,2.80
2010.06.03 02:10:10.890,0.9731,0.9735,11.20,4.40
2010.06.03 02:10:11.196,0.9731,0.9735,11.20,5.20
2010.06.03 02:10:11.505,0.9731,0.9735,11.30,5.20
2010.06.03 02:10:12.125,0.97315,0.9735,1.00,5.20
2010.06.03 02:10:12.396,0.9733,0.9736,6.40,1.00
2010.06.03 02:10:12.666,0.9733,0.97365,7.20,1.00
2010.06.03 02:10:13.556,0.9734,0.9737,2.40,1.00
2010.06.03 02:10:14.826,0.9732,0.9735,3.20,1.00
2010.06.03 02:10:14.966,0.97325,0.97355,4.00,2.40
2010.06.03 02:10:15.748,0.9733,0.97365,6.40,1.00
2010.06.03 02:10:16.427,0.9733,0.9735,4.00,1.00
2010.06.03 02:10:16.657,0.9732,0.9735,3.20,2.00
2010.06.03 02:10:23.435,0.9732,0.9735,3.20,2.00
2010.06.03 02:10:23.767,0.9732,0.97355,7.20,2.80
2010.06.03 02:10:24.627,0.9732,0.9736,11.20,2.80
2010.06.03 02:10:26.326,0.9732,0.9736,11.20,2.80
2010.06.03 02:10:26.354,0.9732,0.9736,8.80,5.20
2010.06.03 02:10:26.389,0.9732,0.9735,8.00,1.00
2010.06.03 02:10:26.414,0.9732,0.9735,8.00,1.20
2010.06.03 02:10:26.457,0.9732,0.9735,8.00,3.60
2010.06.03 02:10:26.486,0.9732,0.9735,8.00,4.40
2010.06.03 02:10:26.516,0.9732,0.9735,4.00,6.00
2010.06.03 02:10:26.547,0.9731,0.9735,11.20,6.00
2010.06.03 02:10:26.575,0.9731,0.9735,10.40,6.00
2010.06.03 02:10:27.505,0.97305,0.9735,8.00,14.00
2010.06.03 02:10:28.285,0.97305,0.97345,8.00,2.80
2010.06.03 02:10:29.606,0.9731,0.97345,10.40,1.00
2010.06.03 02:10:30.346,0.97305,0.97345,8.00,1.00
2010.06.03 02:10:40.446,0.97305,0.97345,8.10,1.00
2010.06.03 02:10:40.505,0.9731,0.97345,1.00,1.00
2010.06.03 02:10:40.535,0.9731,0.97345,4.80,1.00
2010.06.03 02:10:40.555,0.9731,0.97345,7.20,1.00
2010.06.03 02:10:41.220,0.9731,0.97345,11.20,1.00
2010.06.03 02:10:41.686,0.9731,0.97345,10.40,1.20
2010.06.03 02:10:41.845,0.9731,0.97345,2.40,1.20
2010.06.03 02:10:48.875,0.9731,0.97345,11.20,1.00
2010.06.03 02:10:49.977,0.9731,0.97345,11.30,1.00
2010.06.03 02:10:52.049,0.9731,0.97345,11.20,1.20
2010.06.03 02:10:52.269,0.9731,0.9734,2.40,1.00
2010.06.03 02:10:56.786,0.9731,0.9734,3.20,1.00
2010.06.03 02:10:57.786,0.9731,0.97345,7.20,1.20
2010.06.03 02:10:58.128,0.9731,0.97345,2.40,2.00
2010.06.03 02:10:58.810,0.9731,0.9734,2.40,1.00
2010.06.03 02:10:59.046,0.9731,0.9734,2.40,2.80
2010.06.03 02:11:02.266,0.9731,0.9734,3.20,1.00
2010.06.03 02:11:02.335,0.9731,0.97345,3.20,1.20
2010.06.03 02:11:02.945,0.9731,0.97345,3.30,1.20
2010.06.03 02:11:04.513,0.9731,0.97345,3.20,1.20
2010.06.03 02:11:04.716,0.9732,0.97345,2.40,1.20
2010.06.03 02:11:04.745,0.9732,0.97345,2.40,1.00
2010.06.03 02:11:04.805,0.9732,0.9735,2.40,11.60
2010.06.03 02:11:04.875,0.9732,0.9735,2.40,7.60
2010.06.03 02:11:04.906,0.9732,0.9735,2.40,3.60
2010.06.03 02:11:08.025,0.9732,0.9735,2.40,3.20
2010.06.03 02:11:08.216,0.97325,0.9735,8.80,2.40
2010.06.03 02:11:08.406,0.9733,0.9735,2.40,1.20
2010.06.03 02:11:08.595,0.9732,0.9735,2.40,1.20
2010.06.03 02:11:08.945,0.9732,0.9735,6.40,1.20
2010.06.03 02:11:09.106,0.9732,0.9735,6.40,1.00
2010.06.03 02:11:10.655,0.9732,0.9735,10.40,1.00
2010.06.03 02:11:14.456,0.9732,0.97355,10.40,2.40
2010.06.03 02:11:14.517,0.9732,0.97355,10.40,1.00
2010.06.03 02:11:14.576,0.9732,0.9736,10.50,2.80
2010.06.03 02:11:14.636,0.9732,0.97365,10.50,10.40
2010.06.03 02:11:14.695,0.97325,0.97365,4.00,4.80
2010.06.03 02:11:14.817,0.9733,0.97365,1.00,4.80
2010.06.03 02:11:14.876,0.9734,0.9737,4.00,9.20
2010.06.03 02:11:14.935,0.9734,0.9737,4.00,5.20
2010.06.03 02:11:14.996,0.9734,0.9737,6.40,2.80
2010.06.03 02:11:15.115,0.9734,0.9737,4.00,5.20
2010.06.03 02:11:15.866,0.9734,0.9737,6.40,2.40
2010.06.03 02:11:16.157,0.9734,0.97375,6.40,1.00
2010.06.03 02:11:19.526,0.9734,0.97385,6.40,8.40
2010.06.03 02:11:19.665,0.9734,0.97385,10.40,8.40
2010.06.03 02:11:21.645,0.9735,0.97385,2.40,8.00
2010.06.03 02:11:21.735,0.9735,0.97385,2.40,4.00
2010.06.03 02:11:21.825,0.9735,0.9739,2.40,13.20
2010.06.03 02:11:23.105,0.9735,0.9739,2.40,13.30
2010.06.03 02:11:24.047,0.9735,0.9738,2.40,2.40
2010.06.03 02:11:24.176,0.9735,0.9739,2.40,13.20
2010.06.03 02:11:25.005,0.9735,0.9739,2.40,13.30
2010.06.03 02:11:25.219,0.9735,0.9739,2.40,13.20
2010.06.03 02:11:29.296,0.9735,0.9738,2.40,2.40
2010.06.03 02:11:39.690,0.9735,0.97385,2.40,4.00
2010.06.03 02:11:39.796,0.9735,0.9739,2.40,10.80
2010.06.03 02:11:39.905,0.9735,0.9739,2.40,10.90
2010.06.03 02:11:40.005,0.9735,0.9739,2.40,10.80
2010.06.03 02:11:40.786,0.9735,0.97385,2.40,4.00
2010.06.03 02:11:41.806,0.97355,0.9739,1.00,2.80
2010.06.03 02:11:42.295,0.9735,0.9739,2.40,6.80
2010.06.03 02:11:42.416,0.9735,0.9739,2.40,10.80
2010.06.03 02:11:43.418,0.9735,0.97385,6.40,1.00
2010.06.03 02:11:45.697,0.9735,0.97395,6.40,9.20
2010.06.03 02:11:46.696,0.9735,0.97395,6.50,9.20
2010.06.03 02:11:46.866,0.9736,0.97395,2.40,5.20
2010.06.03 02:11:47.036,0.9736,0.97395,2.40,1.20
2010.06.03 02:11:48.377,0.9735,0.97385,7.20,1.20
2010.06.03 02:11:50.658,0.9735,0.97385,6.40,1.20
2010.06.03 02:11:50.689,0.9735,0.97385,2.40,5.20
2010.06.03 02:11:50.737,0.9735,0.97385,7.20,2.00
2010.06.03 02:11:52.268,0.97355,0.9739,8.80,4.00
2010.06.03 02:11:52.340,0.97355,0.9739,4.80,2.40
2010.06.03 02:11:52.405,0.97355,0.9739,4.80,3.20
2010.06.03 02:11:52.586,0.9735,0.9739,10.40,3.20
2010.06.03 02:11:53.340,0.9735,0.9739,10.40,3.60
2010.06.03 02:11:53.380,0.9734,0.97385,10.50,8.00
2010.06.03 02:11:53.716,0.9734,0.97385,10.40,8.00
2010.06.03 02:11:54.060,0.97335,0.9738,8.00,10.40
2010.06.03 02:11:54.840,0.97335,0.97375,8.00,1.00
2010.06.03 02:11:55.073,0.97345,0.9738,4.00,1.20
2010.06.03 02:11:56.277,0.9735,0.97385,6.40,1.00
2010.06.03 02:11:56.617,0.9735,0.9738,2.40,1.00
2010.06.03 02:11:57.518,0.9735,0.97385,2.40,6.00
2010.06.03 02:11:57.810,0.9735,0.9738,2.40,5.20
2010.06.03 02:11:59.357,0.9735,0.97375,2.40,8.00
2010.06.03 02:12:00.546,0.9733,0.97375,11.20,8.00
2010.06.03 02:12:01.268,0.9734,0.9738,2.40,11.20
2010.06.03 02:12:01.576,0.9734,0.9738,2.40,10.40
2010.06.03 02:12:03.499,0.9734,0.9738,6.40,4.00
2010.06.03 02:12:05.899,0.9735,0.9738,2.40,4.00
2010.06.03 02:12:05.978,0.9735,0.9738,2.40,1.00
2010.06.03 02:12:07.403,0.9736,0.974,3.20,10.40
2010.06.03 02:12:07.687,0.9737,0.97405,3.20,8.90
2010.06.03 02:12:09.151,0.9737,0.97405,2.40,8.90
2010.06.03 02:12:09.490,0.9736,0.97395,2.40,8.80
2010.06.03 02:12:09.966,0.9735,0.97395,6.80,8.80
2010.06.03 02:12:10.126,0.9735,0.9739,6.80,4.00
2010.06.03 02:12:11.630,0.97355,0.974,8.00,8.00
2010.06.03 02:12:13.019,0.97355,0.974,8.00,8.90
2010.06.03 02:12:13.360,0.9734,0.9738,8.80,4.80
2010.06.03 02:12:14.091,0.9734,0.9738,4.80,8.90
2010.06.03 02:12:14.300,0.9733,0.9737,2.40,8.00
2010.06.03 02:12:14.516,0.9733,0.97375,6.40,8.00
2010.06.03 02:12:14.736,0.9733,0.97375,4.00,8.00
2010.06.03 02:12:15.610,0.97325,0.9737,8.00,11.20
2010.06.03 02:12:15.878,0.9732,0.9736,2.40,6.40
2010.06.03 02:12:16.148,0.9732,0.97355,2.40,1.00
2010.06.03 02:12:17.871,0.9731,0.9735,6.40,2.40
2010.06.03 02:12:18.418,0.9731,0.9735,2.40,8.00
2010.06.03 02:12:19.399,0.9731,0.9735,3.20,8.00
2010.06.03 02:12:19.737,0.97315,0.97355,4.00,4.00
2010.06.03 02:12:20.077,0.9732,0.97355,2.40,4.00
2010.06.03 02:12:22.126,0.9732,0.97355,2.40,4.80
2010.06.03 02:12:22.225,0.9731,0.9735,7.60,2.40
2010.06.03 02:12:23.254,0.9731,0.97345,2.40,8.00
2010.06.03 02:12:23.598,0.9731,0.97345,2.40,4.00
2010.06.03 02:12:24.602,0.97315,0.97355,1.00,8.00
2010.06.03 02:12:24.950,0.97315,0.9735,1.00,10.40
2010.06.03 02:12:25.126,0.97315,0.9735,1.00,10.50
2010.06.03 02:12:25.936,0.9732,0.97355,2.40,8.90
2010.06.03 02:12:26.148,0.97325,0.9736,1.00,2.40
2010.06.03 02:12:27.148,0.97325,0.9736,1.00,2.40
2010.06.03 02:12:27.426,0.9733,0.97365,2.40,8.00
2010.06.03 02:12:28.122,0.9733,0.97365,3.20,4.00
2010.06.03 02:12:28.278,0.9733,0.9737,3.20,10.50
2010.06.03 02:12:28.586,0.9733,0.9737,3.20,10.40
2010.06.03 02:12:29.810,0.9733,0.9737,2.40,10.40
2010.06.03 02:12:30.993,0.9732,0.9736,7.20,4.00
2010.06.03 02:12:31.297,0.9733,0.97365,2.40,8.00
2010.06.03 02:12:31.581,0.9733,0.9736,2.40,4.00
2010.06.03 02:12:32.321,0.9733,0.97365,2.40,8.00
2010.06.03 02:12:33.220,0.9733,0.97365,2.40,8.10
2010.06.03 02:12:35.626,0.9732,0.9736,3.20,11.20
2010.06.03 02:12:35.807,0.9732,0.9736,3.20,11.30
2010.06.03 02:12:36.592,0.9733,0.9736,3.20,8.00
2010.06.03 02:12:36.761,0.9733,0.9737,7.20,6.50
2010.06.03 02:12:37.566,0.9733,0.9737,3.20,10.50
2010.06.03 02:12:39.296,0.9733,0.9737,3.20,10.40
2010.06.03 02:12:39.427,0.9733,0.9737,3.20,8.00
2010.06.03 02:12:39.556,0.9733,0.9737,7.20,8.00
2010.06.03 02:12:40.240,0.9733,0.9737,7.20,4.00
2010.06.03 02:12:40.569,0.9733,0.97375,11.20,8.90
2010.06.03 02:12:42.338,0.9733,0.97375,11.20,8.80
2010.06.03 02:12:43.755,0.9733,0.97375,11.20,8.90
2010.06.03 02:12:53.160,0.97325,0.9736,9.60,1.00
2010.06.03 02:12:54.129,0.9732,0.9735,10.40,1.00
2010.06.03 02:12:54.468,0.97305,0.97345,8.00,1.00
2010.06.03 02:12:55.640,0.97315,0.9736,8.40,10.80
2010.06.03 02:12:55.978,0.97325,0.97355,4.00,2.00
2010.06.03 02:12:56.317,0.9731,0.9735,10.80,2.40
2010.06.03 02:12:56.996,0.97315,0.9735,4.00,2.40
2010.06.03 02:12:57.273,0.97315,0.9735,8.00,2.40
2010.06.03 02:12:57.550,0.9732,0.97355,2.40,1.00
2010.06.03 02:12:57.870,0.97325,0.9736,8.00,1.00
2010.06.03 02:12:58.810,0.9732,0.9736,10.40,1.00
2010.06.03 02:12:59.246,0.9732,0.9736,4.00,1.00
2010.06.03 02:12:59.468,0.97325,0.97365,4.40,4.40
2010.06.03 02:13:00.588,0.97325,0.97365,1.00,8.40
2010.06.03 02:13:00.857,0.97325,0.9736,1.00,4.00
2010.06.03 02:13:05.095,0.97325,0.97365,1.00,8.40
2010.06.03 02:13:14.072,0.9732,0.97365,7.20,8.40
2010.06.03 02:13:14.396,0.9732,0.9736,6.80,4.00
2010.06.03 02:13:15.326,0.9732,0.97355,2.80,4.00
2010.06.03 02:13:15.465,0.97315,0.97355,4.80,4.40
2010.06.03 02:13:18.086,0.9732,0.97355,2.40,4.40
2010.06.03 02:13:18.326,0.9732,0.9736,7.20,7.20
2010.06.03 02:13:19.970,0.97315,0.97355,4.80,4.40
2010.06.03 02:13:20.291,0.97325,0.97355,1.00,4.00
2010.06.03 02:13:20.428,0.97325,0.9736,1.00,6.40
2010.06.03 02:13:20.506,0.9733,0.9736,2.40,4.00
2010.06.03 02:13:20.546,0.9733,0.9737,2.40,10.80
2010.06.03 02:13:20.947,0.97325,0.9736,8.40,2.40
2010.06.03 02:13:21.206,0.9732,0.9736,7.60,7.20
2010.06.03 02:13:25.994,0.9733,0.9736,2.40,4.80
2010.06.03 02:13:26.077,0.9733,0.9737,2.40,10.80
2010.06.03 02:13:26.385,0.9733,0.9737,2.40,10.90
2010.06.03 02:13:27.377,0.9733,0.9737,2.40,10.80
2010.06.03 02:13:32.510,0.97325,0.9736,1.00,2.40
2010.06.03 02:13:32.727,0.9733,0.97365,2.40,8.10
2010.06.03 02:13:33.017,0.97325,0.9736,1.00,2.40
2010.06.03 02:13:38.727,0.9733,0.97365,2.80,8.00
2010.06.03 02:13:39.989,0.97325,0.9736,1.00,10.40
2010.06.03 02:13:40.376,0.9733,0.9736,1.00,10.40
2010.06.03 02:13:40.576,0.9733,0.97365,2.80,8.00
2010.06.03 02:13:42.997,0.9733,0.9736,1.00,2.40
2010.06.03 02:13:44.010,0.9733,0.97365,2.80,8.00
2010.06.03 02:13:44.178,0.97335,0.97365,1.00,8.00
2010.06.03 02:13:44.349,0.97335,0.9737,1.00,10.40
2010.06.03 02:13:45.021,0.97335,0.9737,1.00,8.00
2010.06.03 02:13:45.307,0.97325,0.9736,1.00,11.20
2010.06.03 02:13:45.607,0.97325,0.97365,1.00,8.00
2010.06.03 02:13:46.106,0.9733,0.9737,2.40,11.30
2010.06.03 02:13:47.163,0.97335,0.97365,1.00,4.00
2010.06.03 02:13:47.268,0.97335,0.9737,1.00,2.40
2010.06.03 02:13:47.467,0.9733,0.9737,6.80,2.40
2010.06.03 02:13:47.568,0.9733,0.9737,6.80,2.50
2010.06.03 02:13:48.299,0.9733,0.97365,2.80,4.10
2010.06.03 02:13:48.641,0.9733,0.97365,2.80,8.00
2010.06.03 02:13:50.189,0.9733,0.9736,1.00,8.00
2010.06.03 02:13:50.482,0.9733,0.97365,2.40,8.10
2010.06.03 02:13:51.785,0.9733,0.97365,2.40,8.00
2010.06.03 02:13:52.105,0.97335,0.9736,1.00,1.00
2010.06.03 02:13:52.865,0.9732,0.9736,6.80,6.50
2010.06.03 02:13:53.007,0.9732,0.9736,2.80,10.50
2010.06.03 02:13:53.146,0.97315,0.9735,4.80,6.40
2010.06.03 02:13:53.285,0.97315,0.9735,1.00,6.40
2010.06.03 02:13:53.568,0.9732,0.9735,1.00,6.40
2010.06.03 02:13:55.246,0.97315,0.9735,1.00,6.40
2010.06.03 02:13:55.385,0.97315,0.9735,1.00,6.50
2010.06.03 02:13:56.675,0.97315,0.9735,1.00,6.40
2010.06.03 02:13:56.776,0.9732,0.9735,1.00,6.40
2010.06.03 02:13:57.504,0.97315,0.9735,4.80,6.40
2010.06.03 02:13:57.608,0.97315,0.9735,1.00,6.40
2010.06.03 02:13:58.435,0.97315,0.9735,4.80,2.40
2010.06.03 02:13:58.535,0.97315,0.9735,8.80,2.40
2010.06.03 02:13:58.837,0.9733,0.97365,2.40,8.10
2010.06.03 02:13:59.846,0.9733,0.97365,2.40,4.00
2010.06.03 02:13:59.958,0.97335,0.9737,1.00,10.50
2010.06.03 02:14:00.066,0.97335,0.97365,1.00,8.00
2010.06.03 02:14:08.316,0.9733,0.97355,2.40,8.00
2010.06.03 02:14:09.357,0.9733,0.9736,2.40,8.00
2010.06.03 02:14:09.966,0.9733,0.9736,2.80,8.00
2010.06.03 02:14:10.266,0.9733,0.9737,4.40,11.30
2010.06.03 02:14:17.544,0.9733,0.9737,4.00,11.30
2010.06.03 02:14:17.874,0.9733,0.9737,2.40,11.30
2010.06.03 02:14:20.416,0.9733,0.9737,6.40,7.20
2010.06.03 02:14:20.558,0.9733,0.9737,6.40,3.20
2010.06.03 02:14:20.698,0.97335,0.9737,1.00,2.40
2010.06.03 02:14:28.577,0.9734,0.9738,2.80,10.50
2010.06.03 02:14:28.916,0.97335,0.9737,1.00,2.40
2010.06.03 02:14:30.007,0.97345,0.9737,1.00,2.40
2010.06.03 02:14:34.945,0.9734,0.9737,1.00,2.40
2010.06.03 02:14:35.025,0.9734,0.97375,2.80,8.00
2010.06.03 02:14:35.105,0.9734,0.9738,2.80,10.50
2010.06.03 02:14:35.657,0.9734,0.9738,2.80,10.40
2010.06.03 02:14:36.416,0.9734,0.9738,2.40,11.20
2010.06.03 02:14:37.135,0.9734,0.9738,2.40,11.30
2010.06.03 02:14:37.266,0.9733,0.9737,11.20,2.40
2010.06.03 02:14:38.468,0.9734,0.9738,2.80,10.40
2010.06.03 02:14:38.658,0.97335,0.9737,1.20,8.00
2010.06.03 02:14:38.848,0.97335,0.97365,1.20,8.00
2010.06.03 02:14:39.037,0.97335,0.9736,1.00,2.40
2010.06.03 02:14:39.848,0.97315,0.97345,1.00,8.00
2010.06.03 02:14:40.147,0.97315,0.9735,1.00,10.40
2010.06.03 02:14:41.081,0.97305,0.9734,4.40,2.40
2010.06.03 02:14:41.341,0.9731,0.9735,2.80,10.40
2010.06.03 02:14:41.607,0.97315,0.97355,1.00,8.10
2010.06.03 02:14:43.687,0.97315,0.97355,1.00,8.00
2010.06.03 02:14:43.833,0.97335,0.9737,1.00,2.40
2010.06.03 02:14:45.193,0.9734,0.97375,2.40,8.00
2010.06.03 02:14:45.451,0.9734,0.9738,6.80,6.50
2010.06.03 02:14:45.699,0.97335,0.97375,1.00,8.00
2010.06.03 02:14:47.768,0.9734,0.9737,1.00,2.40
2010.06.03 02:14:47.957,0.9734,0.9738,2.80,10.50
2010.06.03 02:14:48.876,0.9734,0.9738,2.80,10.40
2010.06.03 02:14:49.175,0.9734,0.9738,2.80,10.50
2010.06.03 02:14:49.465,0.9734,0.9738,2.80,10.40
2010.06.03 02:14:54.416,0.9734,0.9738,2.80,10.90
2010.06.03 02:14:54.485,0.9734,0.9738,2.80,12.50
2010.06.03 02:14:55.135,0.9734,0.9737,1.00,2.40
2010.06.03 02:14:55.209,0.97335,0.97365,1.00,4.00
2010.06.03 02:14:56.485,0.97335,0.9737,1.00,6.40
2010.06.03 02:14:57.283,0.97335,0.9737,1.00,2.40
2010.06.03 02:14:57.471,0.97335,0.97375,1.20,8.00
2010.06.03 02:14:57.656,0.9734,0.97375,3.20,8.00
2010.06.03 02:14:58.471,0.9734,0.9738,3.20,10.40
2010.06.03 02:14:59.146,0.9734,0.9738,3.20,10.50
2010.06.03 02:14:59.825,0.9734,0.9738,3.60,10.50
2010.06.03 02:15:00.879,0.9734,0.97375,3.60,8.00
2010.06.03 02:15:00.966,0.9734,0.97375,3.20,8.00
2010.06.03 02:15:01.657,0.9734,0.97375,3.20,4.00
2010.06.03 02:15:02.002,0.97335,0.9737,1.00,6.40
2010.06.03 02:15:03.732,0.97335,0.9737,1.00,6.50
2010.06.03 02:15:03.825,0.97335,0.9737,1.00,7.30
2010.06.03 02:15:03.916,0.9733,0.9737,6.40,7.20
2010.06.03 02:15:04.016,0.9733,0.97365,6.40,1.00
2010.06.03 02:15:04.116,0.9733,0.9736,4.00,2.40
2010.06.03 02:15:04.205,0.9732,0.9736,5.20,10.40
2010.06.03 02:15:04.915,0.9732,0.9736,4.40,10.40
2010.06.03 02:15:05.208,0.9732,0.9736,2.80,10.40
2010.06.03 02:15:05.499,0.9733,0.97365,2.40,4.10
2010.06.03 02:15:05.787,0.97335,0.9737,1.00,6.40
2010.06.03 02:15:06.078,0.97335,0.97375,4.40,4.00
2010.06.03 02:15:07.010,0.97335,0.9737,1.00,6.40
2010.06.03 02:15:07.311,0.97345,0.9738,1.00,2.40
2010.06.03 02:15:08.802,0.97355,0.9738,1.00,2.40
2010.06.03 02:15:09.150,0.9736,0.9739,2.40,8.40
2010.06.03 02:15:09.487,0.97365,0.9739,1.00,8.00
2010.06.03 02:15:10.457,0.9735,0.9739,6.80,2.40
2010.06.03 02:15:10.779,0.9735,0.9738,2.80,2.40
2010.06.03 02:15:12.477,0.9735,0.9738,2.80,10.40
2010.06.03 02:15:12.766,0.97345,0.9738,1.00,10.40
2010.06.03 02:15:12.919,0.9734,0.9737,1.00,2.40
2010.06.03 02:15:13.067,0.9734,0.9737,1.00,10.40
2010.06.03 02:15:13.841,0.97335,0.9737,2.80,10.40
2010.06.03 02:15:13.987,0.97335,0.97375,1.00,8.00
2010.06.03 02:15:14.328,0.97345,0.97375,1.00,4.00
2010.06.03 02:15:14.666,0.97345,0.9738,1.00,8.00
2010.06.03 02:15:17.876,0.97345,0.9738,1.00,4.00
2010.06.03 02:15:19.915,0.9735,0.9739,1.00,10.40
2010.06.03 02:15:21.335,0.9735,0.9739,1.00,10.40
2010.06.03 02:15:21.445,0.9735,0.9739,1.00,10.50
2010.06.03 02:15:23.136,0.9735,0.9738,1.00,2.40
2010.06.03 02:15:23.329,0.97345,0.9738,1.00,6.40
2010.06.03 02:15:25.672,0.9734,0.9737,6.40,1.00
2010.06.03 02:15:25.771,0.97325,0.97365,4.40,4.00
2010.06.03 02:15:28.019,0.97325,0.9735,1.00,2.40
2010.06.03 02:15:28.260,0.97325,0.9736,1.00,11.20
2010.06.03 02:15:28.468,0.97325,0.9736,1.00,3.20
2010.06.03 02:15:28.677,0.97325,0.9736,1.00,7.20
2010.06.03 02:15:29.378,0.97325,0.9736,1.00,11.20
2010.06.03 02:15:29.646,0.97325,0.9736,1.00,3.20
2010.06.03 02:15:29.907,0.97325,0.9736,1.00,2.40
2010.06.03 02:15:30.685,0.97325,0.9736,1.00,2.50
2010.06.03 02:15:32.222,0.97325,0.9736,1.00,2.40
2010.06.03 02:15:32.280,0.97325,0.9736,1.00,2.50
2010.06.03 02:15:32.326,0.97325,0.9736,1.00,10.50
2010.06.03 02:15:32.940,0.97325,0.9736,4.80,2.40
2010.06.03 02:15:33.924,0.9733,0.9736,1.00,2.40
2010.06.03 02:15:34.268,0.97325,0.9736,1.00,10.50
2010.06.03 02:15:35.465,0.97325,0.9736,1.00,10.40
2010.06.03 02:15:36.266,0.97325,0.97355,1.00,1.00
2010.06.03 02:15:36.427,0.97325,0.97355,1.00,8.10
2010.06.03 02:15:37.086,0.97325,0.9735,1.00,2.40
2010.06.03 02:15:37.168,0.9732,0.9735,1.00,2.40
2010.06.03 02:15:39.545,0.97315,0.9735,1.00,2.40
2010.06.03 02:15:40.658,0.97315,0.9735,1.20,2.40
2010.06.03 02:15:44.999,0.97315,0.9735,1.20,2.40
2010.06.03 02:15:45.586,0.97315,0.9735,1.20,2.40
2010.06.03 02:15:45.756,0.97325,0.9735,1.00,2.40
2010.06.03 02:15:45.836,0.97325,0.9736,1.00,7.20
2010.06.03 02:15:45.926,0.97325,0.9736,1.00,6.40
2010.06.03 02:15:46.016,0.97325,0.9736,4.80,2.40
2010.06.03 02:15:46.918,0.97335,0.9737,1.00,2.40
2010.06.03 02:15:47.186,0.97335,0.9737,1.00,6.50
2010.06.03 02:15:47.497,0.97335,0.9737,1.00,10.40
2010.06.03 02:15:48.510,0.97315,0.9735,1.60,2.40
2010.06.03 02:15:48.845,0.97315,0.9735,1.20,2.40
2010.06.03 02:15:51.420,0.97325,0.9736,1.00,13.20
2010.06.03 02:15:51.526,0.97325,0.9736,1.00,13.20
2010.06.03 02:15:51.747,0.97325,0.9735,1.00,2.40
2010.06.03 02:15:52.592,0.97315,0.9735,1.00,2.40
2010.06.03 02:15:52.852,0.97335,0.9736,1.00,2.40
2010.06.03 02:15:53.120,0.97335,0.97365,1.00,8.00
2010.06.03 02:15:54.032,0.9735,0.97385,1.00,8.10
2010.06.03 02:15:55.516,0.9735,0.9738,1.00,4.00
2010.06.03 02:15:55.586,0.97345,0.9738,1.00,8.00
2010.06.03 02:15:56.458,0.97345,0.9738,1.00,4.00
2010.06.03 02:15:57.192,0.9735,0.9736,1.00,6.40
2010.06.03 02:15:57.359,0.9732,0.9735,7.20,2.40
2010.06.03 02:15:57.529,0.9732,0.9735,2.80,2.40
2010.06.03 02:15:57.707,0.9732,0.9735,1.00,10.40
2010.06.03 02:15:58.372,0.9731,0.9734,1.00,2.40
2010.06.03 02:16:00.867,0.9731,0.9735,2.80,10.40
2010.06.03 02:16:01.015,0.9731,0.97345,2.80,4.00
2010.06.03 02:16:01.166,0.9731,0.9734,1.00,2.40
2010.06.03 02:16:03.355,0.9731,0.9734,1.00,6.40
2010.06.03 02:16:03.385,0.9731,0.9734,1.00,10.40
2010.06.03 02:16:03.838,0.9731,0.97345,2.80,1.00
2010.06.03 02:16:04.176,0.97315,0.9735,1.20,10.50
2010.06.03 02:16:04.516,0.9732,0.9735,1.00,10.40
2010.06.03 02:16:05.389,0.9732,0.9735,1.00,2.40
2010.06.03 02:16:05.502,0.9731,0.9735,7.20,2.50
2010.06.03 02:16:05.633,0.9731,0.9735,7.20,2.40
2010.06.03 02:16:05.918,0.9732,0.9735,2.40,2.40
2010.06.03 02:16:06.207,0.9731,0.9735,7.20,2.40
2010.06.03 02:16:07.506,0.9731,0.9735,7.20,2.50
2010.06.03 02:16:21.700,0.9732,0.9735,1.00,2.50
2010.06.03 02:16:21.785,0.9732,0.9735,4.80,2.50
2010.06.03 02:16:21.825,0.9732,0.9735,8.80,2.50
2010.06.03 02:16:21.946,0.9732,0.9735,8.80,2.40
2010.06.03 02:16:22.115,0.9732,0.97355,11.20,1.00
2010.06.03 02:16:22.480,0.97325,0.9736,8.80,2.40
2010.06.03 02:16:23.413,0.97325,0.9736,8.80,2.50
2010.06.03 02:16:24.658,0.97325,0.9736,8.80,2.40
2010.06.03 02:16:24.848,0.9733,0.9737,2.80,10.50
2010.06.03 02:16:24.949,0.9733,0.97365,10.80,1.00
2010.06.03 02:16:25.046,0.9733,0.9736,10.40,1.00
2010.06.03 02:16:25.137,0.97315,0.9736,11.60,10.80
2010.06.03 02:16:25.236,0.97315,0.9736,10.80,10.80
2010.06.03 02:16:25.325,0.9732,0.9735,3.20,2.40
2010.06.03 02:16:26.117,0.9732,0.9735,2.40,2.40
2010.06.03 02:16:26.298,0.97315,0.9735,1.00,2.40
2010.06.03 02:16:27.485,0.97315,0.9735,1.00,2.40
2010.06.03 02:16:27.665,0.97315,0.9735,1.00,2.50
2010.06.03 02:16:28.617,0.97315,0.9735,4.40,2.50
2010.06.03 02:16:28.946,0.97315,0.9736,8.40,10.90
2010.06.03 02:16:32.566,0.9732,0.9736,2.40,10.90
2010.06.03 02:16:32.638,0.9732,0.9736,6.40,6.90
2010.06.03 02:16:32.655,0.9732,0.9736,10.40,2.90
2010.06.03 02:16:32.686,0.97325,0.9736,1.00,2.50
2010.06.03 02:16:47.305,0.97325,0.9736,1.00,2.40
2010.06.03 02:16:48.281,0.97325,0.9736,1.00,2.50
2010.06.03 02:16:50.217,0.97325,0.9736,8.40,2.50
2010.06.03 02:16:51.335,0.97325,0.9736,4.40,2.50
2010.06.03 02:16:51.395,0.97325,0.9736,1.00,2.50
2010.06.03 02:16:52.097,0.9733,0.97365,2.80,1.00
2010.06.03 02:16:52.156,0.97325,0.9736,8.40,2.40
2010.06.03 02:16:52.336,0.97325,0.9736,4.40,2.40
2010.06.03 02:16:52.516,0.97325,0.9736,1.00,2.40
2010.06.03 02:16:54.625,0.97325,0.9736,1.00,2.50
2010.06.03 02:16:57.225,0.9732,0.9736,8.40,2.90
2010.06.03 02:16:57.238,0.9732,0.9736,4.40,6.90
2010.06.03 02:16:57.282,0.9732,0.9736,1.00,10.90
2010.06.03 02:16:57.479,0.9732,0.9736,1.00,10.80
2010.06.03 02:16:57.581,0.97315,0.9736,10.00,10.80
2010.06.03 02:16:58.677,0.97315,0.9736,8.40,10.80
2010.06.03 02:16:59.432,0.97315,0.9736,8.40,10.90
2010.06.03 02:16:59.926,0.97315,0.9736,8.40,10.80
2010.06.03 02:17:07.497,0.97325,0.9736,1.00,10.40
2010.06.03 02:17:07.697,0.97325,0.9736,1.00,8.00
2010.06.03 02:17:07.746,0.97325,0.9736,1.00,4.00
2010.06.03 02:17:08.453,0.9733,0.97365,2.80,4.00
2010.06.03 02:17:08.805,0.97315,0.9735,9.20,2.40
2010.06.03 02:17:09.785,0.9732,0.9735,1.00,2.40
2010.06.03 02:17:10.132,0.97315,0.9735,1.60,2.40
2010.06.03 02:17:10.479,0.9731,0.9735,9.60,2.40
2010.06.03 02:17:11.154,0.9731,0.97355,9.60,8.40
2010.06.03 02:17:11.401,0.97325,0.9736,1.00,2.40
2010.06.03 02:17:15.806,0.97335,0.9736,1.00,2.40
2010.06.03 02:17:17.201,0.97335,0.97365,1.00,1.00
2010.06.03 02:17:18.566,0.97335,0.9737,1.00,2.50
2010.06.03 02:17:31.468,0.97335,0.9737,1.00,2.40
2010.06.03 02:17:38.986,0.97335,0.9737,1.00,2.50
2010.06.03 02:17:41.408,0.97335,0.9737,1.00,2.40
2010.06.03 02:17:41.493,0.97335,0.97365,1.00,1.00
2010.06.03 02:17:41.715,0.9734,0.97365,1.00,1.00
2010.06.03 02:17:41.738,0.97335,0.97365,1.00,1.00
2010.06.03 02:17:42.408,0.97335,0.97365,1.00,1.00
2010.06.03 02:17:42.561,0.97335,0.9736,1.00,2.40
2010.06.03 02:17:45.257,0.9734,0.9737,1.00,2.50
2010.06.03 02:17:47.229,0.9734,0.9737,1.00,2.40
2010.06.03 02:17:47.426,0.9734,0.9737,3.20,2.40
2010.06.03 02:17:47.466,0.97345,0.9737,1.00,2.40
2010.06.03 02:17:47.731,0.97335,0.9736,4.40,2.40
2010.06.03 02:17:47.950,0.9734,0.9736,1.00,2.40
2010.06.03 02:17:48.169,0.97345,0.9737,1.00,2.40
2010.06.03 02:17:53.961,0.97335,0.9736,1.00,2.40
2010.06.03 02:17:54.219,0.9733,0.9736,9.20,2.40
2010.06.03 02:17:54.478,0.9733,0.9736,1.00,2.40
2010.06.03 02:17:56.666,0.9733,0.9736,2.80,2.40
2010.06.03 02:17:56.719,0.9733,0.9736,3.60,2.40
2010.06.03 02:17:58.145,0.9733,0.9736,1.20,2.40
2010.06.03 02:17:58.226,0.9733,0.9736,1.00,2.40
2010.06.03 02:18:04.530,0.97325,0.9736,10.80,2.40
2010.06.03 02:18:04.685,0.97325,0.9736,8.40,2.40
2010.06.03 02:18:07.488,0.9733,0.9736,1.00,2.40
2010.06.03 02:18:07.797,0.97335,0.9736,1.00,2.40
2010.06.03 02:18:10.649,0.97335,0.9736,1.00,2.40
2010.06.03 02:18:11.327,0.97335,0.9736,1.00,6.40
2010.06.03 02:18:11.666,0.9733,0.9736,1.00,6.40
2010.06.03 02:18:12.489,0.97335,0.9736,1.00,2.40
2010.06.03 02:18:13.067,0.9734,0.9737,1.00,6.40
2010.06.03 02:18:13.247,0.9734,0.9737,1.00,2.40
2010.06.03 02:18:13.966,0.97335,0.9737,1.00,2.50
2010.06.03 02:18:14.955,0.97335,0.9737,1.20,2.50
2010.06.03 02:18:15.895,0.97335,0.9737,1.20,2.40
2010.06.03 02:18:15.976,0.97335,0.9737,1.20,2.50
2010.06.03 02:18:16.067,0.9733,0.97365,6.00,1.00
2010.06.03 02:18:16.156,0.9733,0.9736,6.00,2.40
2010.06.03 02:18:16.249,0.9733,0.9736,5.20,2.40
2010.06.03 02:18:17.009,0.9733,0.9736,1.00,2.40
2010.06.03 02:18:17.341,0.97345,0.9737,1.20,2.40
2010.06.03 02:18:18.283,0.97345,0.9738,1.00,2.40
2010.06.03 02:18:18.602,0.9733,0.97365,2.40,8.40
2010.06.03 02:18:19.509,0.97325,0.9736,1.00,2.40
2010.06.03 02:18:19.824,0.9732,0.9736,11.20,2.40
2010.06.03 02:18:20.147,0.97325,0.9736,1.00,2.40
2010.06.03 02:18:21.108,0.97345,0.9738,1.00,10.40
2010.06.03 02:18:21.697,0.97345,0.9738,1.00,10.90
2010.06.03 02:18:21.998,0.9734,0.9737,1.00,10.40
2010.06.03 02:18:22.226,0.9733,0.9737,1.00,10.40
2010.06.03 02:18:23.109,0.9733,0.9737,1.00,10.40
2010.06.03 02:18:23.307,0.97325,0.9736,8.00,2.40
2010.06.03 02:18:23.509,0.9732,0.9736,1.00,10.40
2010.06.03 02:18:23.708,0.9732,0.97355,2.40,1.00
2010.06.03 02:18:24.540,0.97315,0.9736,8.80,10.80
2010.06.03 02:18:24.738,0.9732,0.9736,12.80,2.40
2010.06.03 02:18:27.657,0.9732,0.9735,8.40,2.40
2010.06.03 02:18:27.826,0.9732,0.9735,4.40,2.40
2010.06.03 02:18:28.118,0.9732,0.9735,4.80,2.40
2010.06.03 02:18:29.028,0.9733,0.9736,1.00,6.40
2010.06.03 02:18:29.157,0.9733,0.9736,1.00,2.40
2010.06.03 02:18:34.376,0.9733,0.97365,3.60,4.80
2010.06.03 02:18:34.706,0.9733,0.9736,1.00,2.40
2010.06.03 02:18:36.267,0.9733,0.9736,4.40,2.40
2010.06.03 02:18:36.315,0.9733,0.97365,6.80,1.20
2010.06.03 02:18:36.356,0.9733,0.97365,7.60,1.00
2010.06.03 02:18:44.137,0.9733,0.9736,6.00,2.40
2010.06.03 02:18:44.387,0.9733,0.9736,1.00,2.40
2010.06.03 02:18:44.636,0.97325,0.9736,6.80,2.40
2010.06.03 02:18:45.511,0.97325,0.9736,1.20,2.40
2010.06.03 02:18:48.499,0.97325,0.9736,1.00,10.80
2010.06.03 02:18:49.496,0.97325,0.9736,1.00,10.90
2010.06.03 02:18:51.210,0.97325,0.9736,1.20,10.50
2010.06.03 02:18:51.387,0.97325,0.9736,1.20,2.40
2010.06.03 02:18:56.329,0.9733,0.97365,3.60,1.00
2010.06.03 02:18:56.446,0.9733,0.97365,7.60,1.00
2010.06.03 02:18:59.616,0.9733,0.9736,5.20,2.40
2010.06.03 02:18:59.736,0.9733,0.9736,1.00,2.40
2010.06.03 02:19:03.997,0.9733,0.9736,1.00,2.90
2010.06.03 02:19:04.337,0.9732,0.9736,1.00,10.90
2010.06.03 02:19:04.937,0.97315,0.9736,11.60,10.90
2010.06.03 02:19:05.206,0.97315,0.9736,9.20,10.90
2010.06.03 02:19:15.375,0.9732,0.9736,1.00,10.50
2010.06.03 02:19:17.006,0.97315,0.9735,9.20,2.40
2010.06.03 02:19:17.026,0.97315,0.9735,5.20,2.40
2010.06.03 02:19:17.045,0.97315,0.9735,1.20,2.40
2010.06.03 02:19:19.266,0.9731,0.9735,10.80,2.40
2010.06.03 02:19:19.549,0.97315,0.9735,4.40,2.40
2010.06.03 02:19:20.384,0.97315,0.9735,6.40,2.40
2010.06.03 02:19:25.157,0.97315,0.9735,10.40,2.40
2010.06.03 02:19:25.868,0.97315,0.9735,9.20,2.40
2010.06.03 02:19:26.027,0.97315,0.9735,5.20,2.40
2010.06.03 02:19:26.187,0.97315,0.9735,1.20,2.40
2010.06.03 02:19:27.576,0.97315,0.9735,1.20,2.50
2010.06.03 02:19:28.136,0.97315,0.9735,1.20,2.40
2010.06.03 02:19:31.887,0.97315,0.97355,1.20,8.00
2010.06.03 02:19:35.836,0.97315,0.97355,5.30,4.00
2010.06.03 02:19:36.007,0.97325,0.9736,1.00,2.40
2010.06.03 02:19:37.699,0.97325,0.9736,1.00,2.40
2010.06.03 02:19:38.010,0.97325,0.9736,10.80,2.40
2010.06.03 02:19:38.318,0.9732,0.9736,10.90,2.40
2010.06.03 02:19:39.318,0.9732,0.9736,10.80,2.40
2010.06.03 02:19:39.469,0.9732,0.9736,8.00,2.80
2010.06.03 02:19:39.618,0.9732,0.9736,4.00,6.80
2010.06.03 02:19:39.766,0.97315,0.9736,8.90,10.80
2010.06.03 02:19:40.639,0.97315,0.9736,8.50,10.80
2010.06.03 02:19:42.961,0.9732,0.9736,4.00,6.80
2010.06.03 02:19:42.981,0.9732,0.9736,10.80,2.40
2010.06.03 02:19:43.262,0.97325,0.9736,1.00,2.40
2010.06.03 02:19:43.326,0.9733,0.9736,8.00,2.40
2010.06.03 02:19:43.378,0.97335,0.9736,1.00,2.40
2010.06.03 02:19:45.053,0.97335,0.9737,1.00,2.40
2010.06.03 02:19:45.491,0.9733,0.9737,6.40,2.80
2010.06.03 02:19:45.790,0.9732,0.9736,2.80,10.40
2010.06.03 02:19:47.070,0.9732,0.9734,1.00,2.40
2010.06.03 02:19:47.410,0.9731,0.9734,1.60,3.20
2010.06.03 02:19:47.547,0.97305,0.9734,1.00,3.20
2010.06.03 02:19:48.627,0.97305,0.9734,1.00,7.20
2010.06.03 02:19:48.969,0.97305,0.9734,1.00,3.20
2010.06.03 02:19:49.650,0.973,0.9733,2.40,3.60
2010.06.03 02:19:49.948,0.9729,0.9732,10.00,2.40
2010.06.03 02:19:54.017,0.97295,0.9733,1.00,3.20
2010.06.03 02:19:56.856,0.97305,0.9733,4.00,3.20
2010.06.03 02:19:56.917,0.97305,0.9733,4.00,2.40
2010.06.03 02:19:56.986,0.97305,0.9734,4.00,6.00
2010.06.03 02:19:57.074,0.97305,0.9734,4.00,5.20
2010.06.03 02:19:57.218,0.97305,0.9734,4.00,2.40
2010.06.03 02:19:57.506,0.97305,0.9734,5.20,2.40
2010.06.03 02:19:57.646,0.9731,0.9734,4.00,2.40
2010.06.03 02:19:57.786,0.9731,0.9735,6.40,3.60
2010.06.03 02:19:58.652,0.97315,0.97355,8.40,1.00
2010.06.03 02:19:58.887,0.97315,0.97355,4.40,4.80
2010.06.03 02:19:59.117,0.97315,0.97355,4.40,4.40
2010.06.03 02:20:00.137,0.9731,0.9735,6.40,7.60
2010.06.03 02:20:01.299,0.973,0.9734,13.60,2.40
2010.06.03 02:20:03.106,0.973,0.9734,13.70,2.40
2010.06.03 02:20:03.839,0.97305,0.9734,4.00,2.40
2010.06.03 02:20:04.099,0.9731,0.9735,6.40,7.60
2010.06.03 02:20:08.417,0.9731,0.9734,4.00,2.40
2010.06.03 02:20:09.410,0.973,0.9733,4.40,2.40
2010.06.03 02:20:09.750,0.973,0.9733,2.40,2.40
2010.06.03 02:20:10.316,0.973,0.9734,10.40,3.60
2010.06.03 02:20:11.352,0.973,0.9734,10.80,2.40
2010.06.03 02:20:15.889,0.9731,0.9735,12.00,3.60
2010.06.03 02:20:16.197,0.97315,0.9735,8.00,3.70
2010.06.03 02:20:16.420,0.9732,0.9735,10.40,1.00
2010.06.03 02:20:17.290,0.9732,0.9736,6.80,2.50
2010.06.03 02:20:17.567,0.9732,0.97355,6.80,1.00
2010.06.03 02:20:17.849,0.97315,0.9735,8.40,2.40
2010.06.03 02:20:18.128,0.97315,0.9735,1.00,2.40
2010.06.03 02:20:19.159,0.9731,0.9734,1.00,2.40
2010.06.03 02:20:20.804,0.9731,0.9733,1.00,4.00
2010.06.03 02:20:21.052,0.97305,0.9734,4.00,6.40
2010.06.03 02:20:21.297,0.973,0.9734,6.80,6.40
2010.06.03 02:20:21.496,0.97305,0.9734,1.00,6.40
2010.06.03 02:20:23.492,0.97305,0.97345,1.00,8.00
2010.06.03 02:20:24.847,0.9731,0.97345,1.00,4.00
2010.06.03 02:20:24.956,0.9731,0.9735,1.00,10.40
2010.06.03 02:20:27.614,0.97305,0.9734,8.40,2.40
2010.06.03 02:20:29.226,0.97305,0.9734,8.00,2.40
2010.06.03 02:20:29.317,0.973,0.9734,6.80,6.40
2010.06.03 02:20:30.542,0.97305,0.9734,8.40,2.40
2010.06.03 02:20:37.056,0.97305,0.9734,1.00,6.40
2010.06.03 02:20:37.375,0.97305,0.9734,8.40,2.40
2010.06.03 02:20:38.686,0.97305,0.9734,8.00,2.40
2010.06.03 02:20:38.906,0.973,0.9734,6.80,6.40
2010.06.03 02:20:41.494,0.973,0.9734,6.80,8.00
2010.06.03 02:20:41.535,0.973,0.9734,6.80,8.40
2010.06.03 02:20:41.574,0.973,0.9733,6.40,1.00
2010.06.03 02:20:41.609,0.973,0.9733,2.40,4.80
2010.06.03 02:20:41.626,0.973,0.9733,2.40,8.80
2010.06.03 02:20:42.278,0.9729,0.9733,3.20,11.20
2010.06.03 02:20:44.786,0.9729,0.9733,3.20,11.30
2010.06.03 02:20:44.807,0.9729,0.97325,2.40,1.00
2010.06.03 02:20:44.826,0.9729,0.97325,2.40,8.40
2010.06.03 02:20:44.847,0.97285,0.9732,1.00,2.40
2010.06.03 02:20:45.671,0.97285,0.9732,1.00,10.40
2010.06.03 02:20:45.997,0.97275,0.9732,8.80,11.20
2010.06.03 02:20:47.555,0.97275,0.9732,8.80,11.30
2010.06.03 02:20:48.557,0.97275,0.9731,8.80,1.00
2010.06.03 02:20:48.796,0.97275,0.9731,8.80,3.20
2010.06.03 02:20:52.296,0.97275,0.973,8.80,2.40
2010.06.03 02:20:52.997,0.9727,0.9731,6.80,3.60
2010.06.03 02:20:53.548,0.9727,0.9731,6.40,3.60
2010.06.03 02:20:54.742,0.9727,0.9731,6.40,7.60
2010.06.03 02:20:58.684,0.9727,0.973,6.40,1.00
2010.06.03 02:20:59.001,0.9727,0.9731,6.40,7.60
2010.06.03 02:20:59.208,0.9727,0.9731,6.80,4.00
2010.06.03 02:20:59.616,0.9727,0.97315,10.80,8.40
2010.06.03 02:21:01.376,0.9727,0.97315,10.90,8.40
2010.06.03 02:21:04.108,0.9728,0.97315,2.40,8.00
2010.06.03 02:21:04.338,0.9728,0.9732,2.80,10.50
2010.06.03 02:21:04.568,0.9728,0.9732,6.80,2.50
2010.06.03 02:21:06.202,0.9728,0.9732,6.80,2.40
2010.06.03 02:21:06.886,0.9728,0.9732,4.40,2.40
2010.06.03 02:21:07.028,0.9728,0.97315,4.00,1.00
2010.06.03 02:21:07.098,0.97275,0.97315,8.00,4.40
2010.06.03 02:21:07.166,0.97275,0.97315,4.00,4.40
2010.06.03 02:21:07.237,0.9727,0.9731,2.80,10.40
2010.06.03 02:21:09.147,0.9727,0.97305,2.80,8.00
2010.06.03 02:21:09.257,0.9727,0.97305,2.40,8.80
2010.06.03 02:21:09.367,0.97265,0.973,1.20,2.40
2010.06.03 02:21:12.645,0.97265,0.973,1.20,10.40
2010.06.03 02:21:12.763,0.97265,0.973,1.00,10.80
2010.06.03 02:21:14.027,0.9726,0.973,2.40,10.80
2010.06.03 02:21:14.366,0.9726,0.973,2.40,10.90
2010.06.03 02:21:15.931,0.9726,0.973,2.80,10.90
2010.06.03 02:21:16.007,0.97265,0.973,1.00,6.40
2010.06.03 02:21:16.087,0.97265,0.973,1.00,2.40
2010.06.03 02:21:17.587,0.9727,0.9731,2.80,10.80
2010.06.03 02:21:17.806,0.9727,0.9731,6.80,4.00
2010.06.03 02:21:18.016,0.97275,0.97315,4.00,4.40
2010.06.03 02:21:18.856,0.97275,0.97315,4.40,4.00
2010.06.03 02:21:20.357,0.97275,0.97315,4.00,4.50
2010.06.03 02:21:20.516,0.97275,0.9731,4.00,4.00
2010.06.03 02:21:20.556,0.9727,0.9731,2.80,8.00
2010.06.03 02:21:20.597,0.9727,0.9731,2.80,10.40
2010.06.03 02:21:21.568,0.9727,0.9731,2.80,10.50
2010.06.03 02:21:23.714,0.9727,0.9731,6.80,6.40
2010.06.03 02:21:25.594,0.97275,0.9731,4.40,2.40
2010.06.03 02:21:25.691,0.9728,0.9732,10.80,2.40
2010.06.03 02:21:25.786,0.97285,0.9732,1.00,2.40
2010.06.03 02:21:26.056,0.97285,0.9732,1.00,2.50
2010.06.03 02:21:26.795,0.9728,0.973,4.00,2.40
2010.06.03 02:21:27.142,0.97275,0.9731,1.00,6.40
2010.06.03 02:21:27.492,0.9729,0.9733,3.20,10.40
2010.06.03 02:21:28.451,0.9728,0.9732,8.40,2.40
2010.06.03 02:21:28.747,0.97285,0.9732,1.00,2.40
2010.06.03 02:21:30.840,0.9728,0.9732,10.80,2.40
2010.06.03 02:21:31.031,0.9728,0.9732,2.80,10.40
2010.06.03 02:21:37.526,0.9728,0.9732,1.00,10.40
2010.06.03 02:21:37.816,0.9728,0.9732,1.00,10.50
2010.06.03 02:21:38.647,0.9727,0.9731,10.40,2.80
2010.06.03 02:21:38.878,0.97275,0.9731,1.00,2.40
2010.06.03 02:21:41.756,0.97265,0.973,9.20,2.40
2010.06.03 02:21:41.867,0.9726,0.973,12.10,2.40
2010.06.03 02:21:45.408,0.9726,0.973,12.00,2.40
2010.06.03 02:21:45.696,0.9726,0.973,12.10,2.40
2010.06.03 02:21:45.776,0.9726,0.973,12.00,2.40
2010.06.03 02:21:45.937,0.9726,0.973,12.10,2.40
2010.06.03 02:21:46.017,0.97265,0.973,8.10,2.40
2010.06.03 02:21:46.096,0.9727,0.97305,2.40,1.20
2010.06.03 02:21:46.785,0.9727,0.97305,3.20,1.00
2010.06.03 02:21:49.577,0.9727,0.97295,1.00,8.00
2010.06.03 02:21:49.773,0.9726,0.97295,3.20,8.80
2010.06.03 02:22:00.936,0.9726,0.97295,3.20,4.80
2010.06.03 02:22:01.156,0.9726,0.97295,3.20,8.80
2010.06.03 02:22:03.447,0.9726,0.97295,3.20,4.80
2010.06.03 02:22:04.898,0.9726,0.97295,3.20,8.80
2010.06.03 02:22:10.226,0.9726,0.97295,2.40,8.80
2010.06.03 02:22:10.356,0.97255,0.9729,1.00,2.40
2010.06.03 02:22:10.487,0.97255,0.9729,1.00,10.40
2010.06.03 02:22:18.686,0.97255,0.9729,1.00,6.40
2010.06.03 02:22:18.939,0.9726,0.9729,1.00,6.40
2010.06.03 02:22:19.641,0.9726,0.9729,1.00,2.40
2010.06.03 02:22:19.981,0.9726,0.97295,3.60,8.00
2010.06.03 02:22:20.657,0.9726,0.97295,3.60,8.80
2010.06.03 02:22:24.122,0.9726,0.97295,3.60,4.80
2010.06.03 02:22:24.825,0.9726,0.97295,3.60,1.00
2010.06.03 02:22:26.036,0.9726,0.97295,3.20,1.00
2010.06.03 02:22:28.037,0.9726,0.97295,3.60,1.00
2010.06.03 02:22:29.716,0.9726,0.97295,3.20,1.00
2010.06.03 02:22:30.056,0.9726,0.97295,3.20,4.80
2010.06.03 02:22:32.499,0.9726,0.97285,3.20,8.00
2010.06.03 02:22:32.851,0.9725,0.9728,2.80,2.40
2010.06.03 02:22:43.832,0.9725,0.9727,2.80,1.00
2010.06.03 02:22:44.028,0.97235,0.9727,1.00,3.20
2010.06.03 02:22:44.401,0.97245,0.9727,1.00,2.40
2010.06.03 02:22:45.240,0.9725,0.9728,2.40,10.40
2010.06.03 02:22:45.541,0.9724,0.9728,2.40,10.80
2010.06.03 02:22:48.915,0.9724,0.9728,2.50,10.80
2010.06.03 02:22:49.052,0.9724,0.9728,2.40,10.80
2010.06.03 02:22:49.186,0.9724,0.9728,6.40,6.80
2010.06.03 02:22:51.398,0.9725,0.9728,2.40,6.40
2010.06.03 02:22:51.499,0.9725,0.9728,2.40,2.40
2010.06.03 02:22:55.836,0.9725,0.97275,2.40,4.00
2010.06.03 02:22:55.897,0.9725,0.97275,2.40,8.00
2010.06.03 02:22:56.087,0.9725,0.9727,2.40,4.00
2010.06.03 02:22:56.157,0.97245,0.9727,1.00,4.00
2010.06.03 02:22:57.099,0.9724,0.9727,2.40,7.20
2010.06.03 02:22:57.917,0.9724,0.9727,2.40,3.20
2010.06.03 02:22:58.888,0.9724,0.9727,2.40,2.40
2010.06.03 02:22:59.116,0.9724,0.9728,2.40,10.80
2010.06.03 02:23:09.668,0.9724,0.9727,2.40,1.00
2010.06.03 02:23:09.835,0.9724,0.9727,2.40,3.20
2010.06.03 02:23:30.886,0.9724,0.9727,2.40,1.00
2010.06.03 02:23:30.942,0.9724,0.97275,2.40,8.00
2010.06.03 02:23:30.978,0.9724,0.9728,2.40,12.80
2010.06.03 02:23:31.645,0.9724,0.9728,2.40,11.20
2010.06.03 02:23:31.682,0.9724,0.9728,2.40,10.80
2010.06.03 02:23:32.181,0.9725,0.9728,2.40,2.40
2010.06.03 02:23:33.014,0.9725,0.9729,3.60,12.40
2010.06.03 02:23:33.130,0.9725,0.9729,3.60,10.40
2010.06.03 02:23:33.249,0.9725,0.97285,2.40,8.00
2010.06.03 02:23:33.368,0.97245,0.97285,1.00,8.00
2010.06.03 02:23:33.487,0.97245,0.9728,1.00,2.40
2010.06.03 02:23:33.608,0.9724,0.9728,2.40,10.80
2010.06.03 02:23:35.827,0.9724,0.9728,2.50,10.80
2010.06.03 02:23:36.018,0.9724,0.9728,6.50,6.80
2010.06.03 02:23:36.107,0.9725,0.9728,2.40,2.80
2010.06.03 02:23:36.197,0.9726,0.9728,1.00,2.40
2010.06.03 02:23:36.287,0.9726,0.97285,3.20,8.00
2010.06.03 02:23:36.328,0.9726,0.97285,3.20,4.00
2010.06.03 02:23:36.377,0.9726,0.97295,3.20,4.80
2010.06.03 02:23:37.331,0.9726,0.973,7.60,2.40
2010.06.03 02:23:39.897,0.9726,0.973,3.60,10.40
2010.06.03 02:23:41.497,0.9726,0.973,5.30,10.40
2010.06.03 02:23:41.730,0.9727,0.97305,3.20,4.80
2010.06.03 02:23:41.958,0.9726,0.973,3.60,10.40
2010.06.03 02:23:42.427,0.9727,0.973,2.40,8.00
2010.06.03 02:23:43.327,0.9726,0.97295,3.20,4.80
2010.06.03 02:23:43.790,0.9726,0.97295,3.60,4.00
2010.06.03 02:23:44.674,0.9726,0.973,7.60,2.40
2010.06.03 02:23:45.020,0.97275,0.9731,1.00,10.80
2010.06.03 02:23:46.772,0.97275,0.9731,1.00,6.80
2010.06.03 02:23:46.911,0.9727,0.973,2.40,1.00
2010.06.03 02:23:47.051,0.97275,0.9731,1.00,10.40
2010.06.03 02:23:47.190,0.97275,0.9731,1.00,8.00
2010.06.03 02:23:47.959,0.9728,0.9731,2.40,2.40
2010.06.03 02:23:48.300,0.97275,0.97305,1.00,4.00
2010.06.03 02:23:48.977,0.9727,0.97305,2.40,4.00
2010.06.03 02:23:49.317,0.97265,0.973,1.00,10.40
2010.06.03 02:23:50.331,0.97265,0.973,4.40,2.40
2010.06.03 02:23:50.446,0.9727,0.97305,2.40,4.00
2010.06.03 02:23:52.605,0.9727,0.9729,2.80,4.00
2010.06.03 02:23:52.817,0.9727,0.9729,1.00,4.00
2010.06.03 02:23:52.897,0.97265,0.9729,1.00,8.00
2010.06.03 02:23:53.046,0.97265,0.9729,1.00,10.40
2010.06.03 02:23:53.737,0.9725,0.9729,6.00,10.40
2010.06.03 02:23:54.061,0.9725,0.9729,5.20,8.00
2010.06.03 02:23:54.379,0.9725,0.9729,9.20,4.00
2010.06.03 02:23:55.008,0.9725,0.9729,9.20,4.00
2010.06.03 02:23:55.944,0.9725,0.9729,9.20,4.00
2010.06.03 02:23:56.442,0.9725,0.9729,9.30,4.00
2010.06.03 02:23:56.961,0.9725,0.9729,9.20,4.00
2010.06.03 02:23:57.232,0.9725,0.9728,1.60,8.00
2010.06.03 02:23:58.109,0.9724,0.9728,2.80,8.00
2010.06.03 02:24:01.039,0.97245,0.97285,1.00,8.00
2010.06.03 02:24:02.041,0.97255,0.9729,1.00,10.40
2010.06.03 02:24:02.307,0.9725,0.9729,3.60,10.40
2010.06.03 02:24:04.232,0.9725,0.9729,4.00,10.40
2010.06.03 02:24:04.409,0.97255,0.9729,1.00,10.40
2010.06.03 02:24:04.587,0.97255,0.9729,1.00,2.40
2010.06.03 02:24:06.747,0.97255,0.9729,4.40,2.40
2010.06.03 02:24:06.790,0.9726,0.973,2.80,10.80
2010.06.03 02:24:06.869,0.9726,0.973,6.80,6.80
2010.06.03 02:24:06.906,0.9726,0.973,12.00,2.40
2010.06.03 02:24:06.954,0.9726,0.973,12.80,2.40
2010.06.03 02:24:09.296,0.9726,0.973,12.90,2.40
2010.06.03 02:24:10.126,0.9726,0.973,12.80,2.40
2010.06.03 02:24:10.555,0.9726,0.973,12.00,2.40
2010.06.03 02:24:10.577,0.9726,0.973,12.10,2.40
2010.06.03 02:24:15.698,0.9727,0.973,4.80,2.40
2010.06.03 02:24:15.927,0.9727,0.97305,7.20,1.00
2010.06.03 02:24:18.897,0.97275,0.97305,8.00,1.00
2010.06.03 02:24:19.032,0.9728,0.9731,2.40,2.40
2010.06.03 02:24:33.678,0.9728,0.9732,10.80,2.40
2010.06.03 02:24:37.956,0.9728,0.9732,10.90,2.40
2010.06.03 02:24:38.007,0.97295,0.9732,1.00,2.40
2010.06.03 02:24:38.066,0.97295,0.9733,1.00,3.20
2010.06.03 02:24:39.617,0.97295,0.9733,1.00,3.20
2010.06.03 02:24:39.860,0.97305,0.9734,8.80,3.20
2010.06.03 02:24:40.100,0.9731,0.9734,6.40,1.00
2010.06.03 02:24:40.931,0.9731,0.9734,4.00,3.20
2010.06.03 02:24:41.017,0.97305,0.9734,8.80,3.20
2010.06.03 02:24:42.363,0.97305,0.9734,8.90,3.20
2010.06.03 02:24:43.210,0.97305,0.9734,8.80,3.20
2010.06.03 02:24:44.351,0.97305,0.9733,8.00,3.20
2010.06.03 02:24:44.810,0.97295,0.9733,1.00,3.20
2010.06.03 02:24:44.959,0.97295,0.9733,1.00,3.20
2010.06.03 02:24:45.110,0.973,0.9733,2.40,1.00
2010.06.03 02:24:45.261,0.973,0.9733,7.20,4.00
2010.06.03 02:24:45.969,0.973,0.9733,4.80,6.40
2010.06.03 02:24:46.301,0.973,0.9734,2.80,10.90
2010.06.03 02:24:47.286,0.973,0.9734,2.80,10.80
2010.06.03 02:24:48.021,0.973,0.9734,2.80,10.90
2010.06.03 02:24:52.270,0.97305,0.9734,1.20,2.40
2010.06.03 02:24:52.428,0.97305,0.9734,5.20,2.40
2010.06.03 02:24:52.587,0.9731,0.9734,1.60,2.40
2010.06.03 02:24:52.747,0.9731,0.9735,4.00,10.50
2010.06.03 02:24:57.676,0.9731,0.97345,4.00,1.00
2010.06.03 02:24:57.748,0.9731,0.9734,1.60,2.40
2010.06.03 02:24:59.616,0.9731,0.97345,4.00,1.00
2010.06.03 02:24:59.838,0.9731,0.9735,2.40,11.70
2010.06.03 02:25:00.601,0.9731,0.9735,2.80,10.50
2010.06.03 02:25:03.072,0.9731,0.97345,2.80,4.00
2010.06.03 02:25:03.191,0.9731,0.9734,1.00,2.40
2010.06.03 02:25:06.846,0.9731,0.9734,4.40,2.40
2010.06.03 02:25:06.916,0.97315,0.9735,1.00,2.50
2010.06.03 02:25:07.197,0.97315,0.9735,1.00,2.40
2010.06.03 02:25:07.269,0.9732,0.9735,1.00,2.40
2010.06.03 02:25:07.610,0.9732,0.9736,2.80,10.40
2010.06.03 02:25:08.561,0.9733,0.9737,2.40,11.70
2010.06.03 02:25:10.610,0.9733,0.97365,2.40,1.00
2010.06.03 02:25:10.827,0.97325,0.9736,1.00,2.50
2010.06.03 02:25:11.040,0.9732,0.9736,7.20,6.50
2010.06.03 02:25:12.050,0.9732,0.97355,1.00,4.00
2010.06.03 02:25:12.308,0.9732,0.9736,6.80,6.40
2010.06.03 02:25:13.328,0.9732,0.9736,6.80,2.40
2010.06.03 02:25:15.017,0.9732,0.9736,6.90,2.40
2010.06.03 02:25:15.597,0.9732,0.9736,6.80,2.40
2010.06.03 02:25:16.571,0.97325,0.9736,1.00,7.20
2010.06.03 02:25:16.709,0.9733,0.9737,2.40,11.20
2010.06.03 02:25:16.986,0.9733,0.9737,2.80,11.20
2010.06.03 02:25:19.476,0.9733,0.9737,3.60,11.20
2010.06.03 02:25:20.913,0.9733,0.9736,1.00,2.40
2010.06.03 02:25:21.069,0.9732,0.9736,11.20,2.40
2010.06.03 02:25:22.193,0.9733,0.9737,2.80,10.40
2010.06.03 02:25:24.910,0.97345,0.9738,1.00,7.20
2010.06.03 02:25:25.138,0.9734,0.9737,6.40,2.40
2010.06.03 02:25:25.367,0.9734,0.9737,1.60,10.40
2010.06.03 02:25:25.577,0.9733,0.9737,4.00,10.40
2010.06.03 02:25:26.556,0.9733,0.9737,3.60,10.40
2010.06.03 02:25:26.827,0.9733,0.9737,6.80,10.40
2010.06.03 02:25:26.918,0.9733,0.9737,6.80,6.40
2010.06.03 02:25:28.701,0.9734,0.9737,2.40,2.40
2010.06.03 02:25:29.397,0.9734,0.9737,3.20,2.40
2010.06.03 02:25:29.576,0.9734,0.9737,2.40,2.40
2010.06.03 02:25:36.667,0.9734,0.97375,2.40,1.00
2010.06.03 02:25:36.776,0.9734,0.9738,6.80,6.40
2010.06.03 02:25:36.826,0.9734,0.9738,10.80,2.40
2010.06.03 02:25:37.172,0.9734,0.9738,10.90,2.40
2010.06.03 02:25:37.851,0.97345,0.9738,1.00,2.40
2010.06.03 02:25:38.130,0.9736,0.9739,2.40,5.20
2010.06.03 02:25:38.378,0.9735,0.9739,6.50,7.60
2010.06.03 02:25:39.094,0.9735,0.9739,6.50,3.60
2010.06.03 02:25:39.442,0.97365,0.97405,4.40,4.40
2010.06.03 02:25:39.790,0.9736,0.974,2.80,11.20
2010.06.03 02:25:43.665,0.9736,0.9739,2.80,3.20
2010.06.03 02:25:44.306,0.9736,0.9739,2.40,3.20
2010.06.03 02:25:45.069,0.9737,0.97405,2.40,1.00
2010.06.03 02:25:45.393,0.9737,0.9741,2.40,10.80
2010.06.03 02:25:46.612,0.97365,0.974,8.00,2.40
2010.06.03 02:25:46.850,0.9737,0.97405,2.40,8.00
2010.06.03 02:25:47.088,0.97365,0.97405,1.00,8.00
2010.06.03 02:25:47.331,0.9737,0.97405,2.40,8.00
2010.06.03 02:25:48.203,0.97365,0.97405,1.00,8.00
2010.06.03 02:25:48.480,0.9736,0.974,2.80,8.00
2010.06.03 02:25:48.750,0.9736,0.9739,2.40,1.00
2010.06.03 02:25:49.019,0.9735,0.9739,7.30,7.20
2010.06.03 02:25:49.938,0.9736,0.9739,2.40,3.20
2010.06.03 02:25:50.598,0.9736,0.974,3.60,10.80
2010.06.03 02:25:51.439,0.9736,0.974,11.60,1.00
2010.06.03 02:25:51.751,0.9737,0.9741,4.00,10.40
2010.06.03 02:25:52.916,0.9737,0.9741,8.00,6.40
2010.06.03 02:25:55.458,0.9737,0.97405,2.80,8.80
2010.06.03 02:25:55.826,0.9737,0.97405,4.00,4.00
2010.06.03 02:25:55.916,0.9737,0.9741,8.00,6.40
2010.06.03 02:25:58.765,0.9737,0.9741,8.10,6.40
2010.06.03 02:25:59.646,0.9737,0.9741,8.00,6.40
2010.06.03 02:25:59.866,0.9737,0.9741,8.00,6.40
2010.06.03 02:26:00.669,0.9737,0.9741,8.10,6.40
2010.06.03 02:26:00.902,0.97375,0.97415,1.00,8.00
2010.06.03 02:26:09.938,0.9737,0.9741,3.60,11.20
2010.06.03 02:26:10.337,0.97375,0.9741,1.00,10.40
2010.06.03 02:26:10.538,0.97375,0.97415,1.00,8.00
2010.06.03 02:26:11.721,0.9737,0.9741,3.60,11.20
2010.06.03 02:26:18.226,0.9737,0.9741,3.60,11.30
2010.06.03 02:26:18.989,0.9737,0.97405,3.20,4.00
2010.06.03 02:26:19.213,0.9737,0.97405,2.40,4.80
2010.06.03 02:26:27.810,0.9737,0.97405,3.60,4.80
2010.06.03 02:26:28.328,0.9738,0.97405,1.00,4.00
2010.06.03 02:26:28.457,0.9738,0.9741,1.00,2.40
2010.06.03 02:26:30.047,0.9738,0.97415,3.20,1.00
2010.06.03 02:26:30.249,0.9738,0.9741,1.00,10.40
2010.06.03 02:26:32.100,0.9737,0.9741,8.10,2.40
2010.06.03 02:26:32.347,0.9738,0.97415,2.40,8.00
2010.06.03 02:26:32.468,0.9738,0.9742,2.40,10.80
2010.06.03 02:26:34.219,0.9738,0.9742,11.60,2.40
2010.06.03 02:26:34.458,0.9738,0.9742,2.40,10.80
2010.06.03 02:26:38.246,0.97375,0.9741,8.80,2.40
2010.06.03 02:26:38.297,0.97375,0.9741,8.00,2.40
2010.06.03 02:26:38.356,0.97375,0.9741,8.40,2.40
2010.06.03 02:26:38.407,0.97375,0.9741,4.40,2.40
2010.06.03 02:26:38.510,0.97375,0.97415,4.40,4.00
2010.06.03 02:26:39.247,0.9738,0.97415,2.40,4.00
2010.06.03 02:26:39.302,0.97375,0.9742,8.80,10.80
2010.06.03 02:26:41.470,0.97375,0.9742,8.80,10.90
2010.06.03 02:26:41.580,0.97375,0.97415,8.80,4.00
2010.06.03 02:26:41.676,0.97375,0.97415,4.80,4.00
2010.06.03 02:26:42.917,0.97375,0.97415,4.80,4.00
2010.06.03 02:26:43.858,0.97375,0.97415,4.90,4.00
2010.06.03 02:26:43.902,0.97375,0.97415,1.00,8.00
2010.06.03 02:26:43.930,0.97375,0.97415,1.00,8.00
2010.06.03 02:26:45.300,0.9737,0.9741,2.40,10.80
2010.06.03 02:26:45.638,0.9737,0.9741,2.80,10.40
2010.06.03 02:26:45.977,0.97375,0.9741,1.00,10.40
2010.06.03 02:26:46.207,0.97375,0.9741,1.00,2.40
2010.06.03 02:26:47.072,0.97375,0.97415,1.00,8.00
2010.06.03 02:26:48.356,0.97375,0.9742,8.40,10.80
2010.06.03 02:26:48.476,0.97375,0.9742,8.40,10.90
2010.06.03 02:26:48.716,0.97375,0.9742,8.40,10.80
2010.06.03 02:26:48.975,0.97375,0.9742,8.80,10.80
2010.06.03 02:26:49.098,0.97375,0.9742,9.60,10.80
2010.06.03 02:26:51.447,0.97375,0.9742,9.60,10.90
2010.06.03 02:26:52.487,0.97375,0.9742,9.60,10.80
2010.06.03 02:26:52.876,0.97375,0.9742,9.60,10.90
2010.06.03 02:26:53.006,0.97375,0.9742,9.60,10.80
2010.06.03 02:26:55.966,0.97375,0.9742,9.60,10.90
2010.06.03 02:26:56.106,0.97375,0.9742,9.60,10.80
2010.06.03 02:27:03.594,0.97375,0.9742,9.60,10.80
2010.06.03 02:27:03.836,0.97375,0.9742,9.60,10.80
2010.06.03 02:27:04.196,0.97375,0.9742,9.60,10.90
2010.06.03 02:27:04.536,0.97375,0.9742,9.60,10.80
2010.06.03 02:27:04.876,0.97375,0.9742,9.60,10.90
2010.06.03 02:27:05.016,0.97375,0.9742,9.60,10.80
2010.06.03 02:27:05.736,0.97375,0.9742,9.60,10.90
2010.06.03 02:27:06.016,0.97375,0.9742,8.80,10.90
2010.06.03 02:27:08.632,0.97375,0.9742,8.40,10.90
2010.06.03 02:27:08.714,0.9738,0.9742,6.80,6.80
2010.06.03 02:27:10.047,0.9738,0.9741,2.80,3.20
2010.06.03 02:27:11.587,0.9738,0.9741,6.80,3.20
2010.06.03 02:27:11.647,0.9738,0.9742,10.80,2.80
2010.06.03 02:27:12.787,0.9738,0.9742,10.90,2.80
2010.06.03 02:27:13.401,0.9738,0.9742,10.80,2.80
2010.06.03 02:27:14.818,0.9738,0.9742,10.90,2.80
2010.06.03 02:27:15.651,0.9738,0.9742,10.80,2.80
2010.06.03 02:27:15.790,0.9738,0.9741,2.80,3.20
2010.06.03 02:27:21.896,0.9738,0.9741,2.40,3.20
2010.06.03 02:27:22.127,0.97375,0.9741,1.00,7.20
2010.06.03 02:27:31.882,0.97375,0.9741,1.00,6.40
2010.06.03 02:27:37.327,0.9738,0.9741,1.00,2.40
2010.06.03 02:27:37.379,0.9738,0.9742,1.00,10.40
2010.06.03 02:27:40.117,0.97375,0.9741,8.80,2.40
2010.06.03 02:27:40.317,0.97375,0.9741,1.00,6.40
2010.06.03 02:27:47.937,0.97375,0.9741,1.00,6.40
2010.06.03 02:27:50.046,0.97375,0.9741,1.00,6.50
2010.06.03 02:27:51.339,0.97375,0.9741,1.00,6.40
2010.06.03 02:27:55.927,0.97375,0.97415,4.80,4.40
2010.06.03 02:27:57.562,0.97375,0.9741,4.00,3.20
2010.06.03 02:27:57.657,0.9737,0.9741,7.60,7.20
2010.06.03 02:27:57.866,0.9737,0.9741,3.60,11.20
2010.06.03 02:27:58.077,0.9737,0.9741,7.60,7.20
2010.06.03 02:27:58.839,0.9737,0.974,7.60,4.00
2010.06.03 02:27:59.072,0.97365,0.97405,4.40,4.40
2010.06.03 02:28:03.317,0.97365,0.97405,1.00,8.40
2010.06.03 02:28:04.411,0.9737,0.9741,7.20,3.20
2010.06.03 02:28:05.978,0.9737,0.9741,3.20,7.20
2010.06.03 02:28:06.197,0.9737,0.9741,3.20,11.30
2010.06.03 02:28:07.920,0.9739,0.97425,2.40,5.60
2010.06.03 02:28:07.946,0.9739,0.97425,2.40,4.00
2010.06.03 02:28:10.548,0.9739,0.97425,2.40,4.10
2010.06.03 02:28:11.214,0.9739,0.97425,2.40,4.00
2010.06.03 02:28:11.443,0.9739,0.97425,2.40,4.10
2010.06.03 02:28:13.227,0.9739,0.97425,2.40,4.00
2010.06.03 02:28:13.489,0.9738,0.9742,2.80,10.40
2010.06.03 02:28:13.749,0.9739,0.97425,2.40,4.00
2010.06.03 02:28:24.998,0.9739,0.97425,2.40,4.40
2010.06.03 02:28:25.300,0.9738,0.9742,1.00,10.40
2010.06.03 02:28:25.599,0.9737,0.9741,10.80,1.00
2010.06.03 02:28:26.262,0.9737,0.9741,2.80,8.40
2010.06.03 02:28:26.440,0.9737,0.9741,2.40,10.80
2010.06.03 02:28:26.797,0.9738,0.9741,1.00,10.40
2010.06.03 02:28:26.978,0.9738,0.9741,3.60,4.00
2010.06.03 02:28:27.159,0.9738,0.97415,1.00,4.00
2010.06.03 02:28:27.339,0.97375,0.9741,1.00,2.40
2010.06.03 02:28:27.517,0.9737,0.9741,6.40,6.80
2010.06.03 02:28:28.340,0.97375,0.9741,1.00,10.40
2010.06.03 02:28:28.648,0.9737,0.9741,2.40,10.80
2010.06.03 02:28:29.137,0.97375,0.9741,1.00,6.40
2010.06.03 02:28:29.256,0.97375,0.97415,1.00,8.10
2010.06.03 02:28:30.138,0.9737,0.97415,6.80,8.50
2010.06.03 02:28:31.138,0.9737,0.9741,4.40,2.40
2010.06.03 02:28:31.258,0.9737,0.97405,3.20,8.00
2010.06.03 02:28:32.508,0.9737,0.97405,6.00,8.00
2010.06.03 02:28:34.727,0.9737,0.97405,6.00,8.10
2010.06.03 02:28:34.957,0.9737,0.97395,4.80,8.00
2010.06.03 02:28:35.197,0.9736,0.97395,2.80,8.00
2010.06.03 02:28:35.428,0.97365,0.974,1.00,8.00
2010.06.03 02:28:41.188,0.97365,0.97395,1.00,4.00
2010.06.03 02:28:41.329,0.9736,0.97395,2.80,8.00
2010.06.03 02:28:42.110,0.97365,0.974,1.00,8.00
2010.06.03 02:28:42.857,0.9737,0.974,3.20,8.00
2010.06.03 02:28:43.038,0.9737,0.974,3.60,8.00
2010.06.03 02:28:43.217,0.97375,0.974,1.00,8.00
2010.06.03 02:28:43.398,0.97375,0.9741,1.00,4.00
2010.06.03 02:28:52.948,0.97375,0.97415,1.00,8.00
2010.06.03 02:28:54.323,0.9738,0.9742,6.90,6.40
2010.06.03 02:28:54.521,0.9738,0.9742,10.80,2.40
2010.06.03 02:28:56.468,0.9738,0.9742,10.90,2.40
2010.06.03 02:28:57.006,0.9738,0.9742,11.30,2.40
2010.06.03 02:28:57.428,0.9739,0.9743,2.40,10.80
2010.06.03 02:28:57.708,0.97385,0.9742,1.00,2.40
2010.06.03 02:28:57.990,0.97385,0.9742,4.00,2.40
2010.06.03 02:28:58.633,0.9738,0.9742,11.20,2.40
2010.06.03 02:28:58.911,0.97395,0.97435,1.00,8.00
2010.06.03 02:29:00.127,0.97395,0.97435,1.00,8.10
2010.06.03 02:29:01.301,0.97385,0.97425,1.00,8.40
2010.06.03 02:29:01.477,0.9738,0.9742,4.00,6.80
2010.06.03 02:29:01.566,0.97375,0.9742,8.40,10.80
2010.06.03 02:29:03.249,0.97375,0.9742,8.50,10.80
2010.06.03 02:29:05.337,0.9738,0.9742,2.80,6.40
2010.06.03 02:29:05.418,0.9738,0.9742,6.80,6.40
2010.06.03 02:29:05.506,0.9738,0.9742,6.80,6.50
2010.06.03 02:29:06.157,0.9738,0.9742,6.80,6.40
2010.06.03 02:29:06.239,0.97385,0.9742,4.00,2.40
2010.06.03 02:29:06.327,0.9739,0.9743,3.20,11.30
2010.06.03 02:29:09.336,0.9739,0.9743,3.20,8.90
2010.06.03 02:29:10.023,0.9739,0.9743,3.20,8.80
2010.06.03 02:29:10.271,0.97395,0.97435,1.00,8.10
2010.06.03 02:29:15.117,0.97395,0.9743,1.00,4.00
2010.06.03 02:29:15.277,0.9739,0.9743,2.80,8.00
2010.06.03 02:29:20.358,0.9739,0.9742,1.00,2.40
2010.06.03 02:29:20.437,0.9738,0.9742,11.60,2.40
2010.06.03 02:29:20.517,0.9738,0.9742,11.60,2.40
2010.06.03 02:29:20.677,0.9739,0.97425,2.40,9.20
2010.06.03 02:29:20.757,0.9739,0.97425,2.40,4.00
2010.06.03 02:29:30.091,0.9738,0.9742,3.60,10.40
2010.06.03 02:29:34.335,0.9738,0.9742,3.70,10.40
2010.06.03 02:29:37.032,0.9738,0.9742,7.70,6.40
2010.06.03 02:29:37.049,0.9738,0.9742,11.70,2.40
2010.06.03 02:29:38.477,0.9738,0.9742,7.70,2.40
2010.06.03 02:29:38.836,0.9738,0.97425,7.70,8.80
2010.06.03 02:29:39.196,0.97385,0.97425,1.00,8.40
2010.06.03 02:29:53.156,0.97375,0.9742,10.80,10.80
2010.06.03 02:29:53.229,0.97375,0.97415,2.90,8.00
2010.06.03 02:29:53.308,0.9738,0.97415,2.80,8.00
2010.06.03 02:29:54.105,0.9738,0.97415,2.90,8.00
2010.06.03 02:29:54.180,0.9738,0.97425,10.80,8.40
2010.06.03 02:29:55.427,0.9738,0.97425,10.90,8.40
2010.06.03 02:29:58.964,0.9738,0.97425,10.80,8.50
2010.06.03 02:29:59.237,0.9738,0.97425,10.80,8.40
2010.06.03 02:29:59.297,0.9738,0.97425,10.80,8.40
2010.06.03 02:30:00.338,0.9738,0.97425,10.90,8.40
2010.06.03 02:30:02.296,0.9738,0.97425,10.80,8.40
2010.06.03 02:30:04.100,0.9738,0.97425,10.90,8.40
2010.06.03 02:30:06.738,0.9738,0.9742,10.80,2.40
2010.06.03 02:30:06.897,0.9738,0.9742,10.90,2.40
2010.06.03 02:30:07.337,0.97385,0.9742,4.00,2.40
2010.06.03 02:30:09.398,0.9738,0.9742,10.90,2.40
2010.06.03 02:30:09.846,0.97385,0.9742,4.00,2.40
2010.06.03 02:30:10.976,0.9738,0.9742,10.90,2.40
2010.06.03 02:30:11.316,0.97385,0.9742,4.00,2.40
2010.06.03 02:30:14.383,0.97385,0.97425,4.00,4.40
2010.06.03 02:30:15.558,0.9738,0.97425,10.90,8.40
2010.06.03 02:30:15.897,0.9738,0.9742,6.90,4.00
2010.06.03 02:30:16.237,0.9738,0.9742,10.90,4.00
2010.06.03 02:30:16.476,0.9738,0.9742,6.90,4.00
2010.06.03 02:30:16.716,0.9738,0.97425,6.90,8.40
2010.06.03 02:30:16.957,0.9738,0.97425,10.90,8.40
2010.06.03 02:30:17.897,0.97385,0.97425,4.00,4.40
2010.06.03 02:30:20.588,0.97385,0.9742,4.00,3.20
2010.06.03 02:30:20.807,0.9738,0.9742,6.40,7.20
2010.06.03 02:30:25.496,0.9738,0.9742,6.50,7.20
2010.06.03 02:30:25.677,0.9738,0.9742,6.90,4.00
2010.06.03 02:30:25.768,0.9739,0.9742,2.40,4.00
2010.06.03 02:30:26.037,0.9739,0.9742,2.40,8.00
2010.06.03 02:30:26.127,0.9739,0.97425,2.40,8.10
2010.06.03 02:30:27.877,0.9739,0.97425,2.40,8.00
2010.06.03 02:30:28.077,0.9739,0.97425,2.40,8.10
2010.06.03 02:30:28.426,0.9739,0.97425,2.40,8.00
2010.06.03 02:30:30.918,0.9739,0.97425,2.40,8.50
2010.06.03 02:30:31.669,0.9738,0.9742,8.00,4.00
2010.06.03 02:30:31.818,0.9738,0.9742,7.20,4.00
2010.06.03 02:30:36.039,0.9738,0.9742,7.20,4.10
2010.06.03 02:30:37.256,0.9738,0.9742,7.20,4.00
2010.06.03 02:30:37.358,0.9738,0.9742,6.40,4.90
2010.06.03 02:30:37.458,0.9738,0.9742,6.40,7.30
2010.06.03 02:30:38.208,0.97375,0.97415,5.60,4.40
2010.06.03 02:30:38.481,0.9737,0.9741,11.20,3.20
2010.06.03 02:30:40.260,0.9738,0.9742,7.20,6.40
2010.06.03 02:30:40.598,0.97375,0.9742,8.40,10.80
2010.06.03 02:30:41.269,0.97375,0.9742,8.40,10.90
2010.06.03 02:30:41.977,0.97375,0.9742,8.40,10.80
2010.06.03 02:30:42.780,0.9737,0.9741,7.60,7.20
2010.06.03 02:30:47.957,0.9737,0.97405,4.00,1.00
2010.06.03 02:30:48.076,0.97365,0.97405,4.40,4.40
2010.06.03 02:30:53.695,0.97365,0.97405,4.80,4.40
2010.06.03 02:30:53.709,0.9737,0.9741,7.20,7.20
2010.06.03 02:31:12.982,0.9737,0.9741,7.30,7.20
2010.06.03 02:31:20.837,0.9737,0.9741,7.20,7.20
2010.06.03 02:31:21.517,0.9737,0.9741,7.30,7.20
2010.06.03 02:31:22.606,0.9737,0.9741,7.20,7.20
2010.06.03 02:31:22.977,0.9737,0.9741,7.30,7.20
2010.06.03 02:31:24.686,0.9737,0.9741,7.20,7.20
2010.06.03 02:31:24.988,0.9737,0.9741,7.30,7.20
2010.06.03 02:31:26.317,0.9737,0.9741,7.20,7.20
2010.06.03 02:31:27.280,0.9737,0.9741,7.30,7.20
2010.06.03 02:31:28.379,0.9737,0.9741,7.20,7.20
2010.06.03 02:31:28.516,0.9737,0.9741,7.30,7.20
2010.06.03 02:31:34.308,0.9737,0.9741,7.20,7.20
2010.06.03 02:31:34.707,0.9737,0.9741,7.30,7.20
2010.06.03 02:31:34.937,0.9737,0.9741,7.20,7.20
2010.06.03 02:31:36.398,0.9737,0.9741,7.20,3.20
2010.06.03 02:31:36.426,0.9737,0.9741,7.20,1.00
2010.06.03 02:31:36.456,0.97375,0.97415,1.00,8.40
2010.06.03 02:31:44.458,0.97375,0.97415,1.00,8.00
2010.06.03 02:31:44.799,0.9738,0.9742,2.40,11.20
2010.06.03 02:31:45.838,0.9738,0.9742,2.40,11.20
2010.06.03 02:31:47.358,0.9738,0.9742,2.40,11.20
2010.06.03 02:32:01.590,0.9738,0.97415,2.40,1.00
2010.06.03 02:32:01.679,0.9738,0.9742,2.80,10.80
2010.06.03 02:32:02.400,0.9738,0.97425,11.20,8.80
2010.06.03 02:32:02.489,0.97385,0.97425,4.00,4.80
2010.06.03 02:32:02.579,0.9739,0.97425,2.40,1.00
2010.06.03 02:32:03.507,0.9738,0.9742,10.40,2.80
2010.06.03 02:32:03.850,0.97385,0.9742,1.00,4.00
2010.06.03 02:32:04.010,0.97385,0.97425,1.00,8.40
2010.06.03 02:32:04.705,0.97385,0.97425,4.40,4.40
2010.06.03 02:32:04.721,0.97385,0.97425,8.40,1.00
2010.06.03 02:32:04.761,0.97385,0.97425,4.40,4.40
2010.06.03 02:32:04.791,0.97385,0.97425,1.00,8.40
2010.06.03 02:32:07.036,0.9738,0.97425,6.80,8.40
2010.06.03 02:32:07.087,0.9738,0.97425,6.80,8.50
2010.06.03 02:32:07.890,0.9738,0.9742,2.80,10.40
2010.06.03 02:32:16.827,0.9738,0.9742,6.80,6.40
2010.06.03 02:32:16.907,0.9738,0.9742,10.80,2.40
2010.06.03 02:32:24.409,0.97385,0.9742,1.00,2.40
2010.06.03 02:32:24.558,0.97385,0.97425,1.00,8.40
2010.06.03 02:32:25.049,0.9738,0.9742,10.80,2.40
2010.06.03 02:32:32.488,0.9738,0.9742,2.80,10.40
2010.06.03 02:32:34.576,0.9738,0.9742,2.80,8.00
2010.06.03 02:32:34.637,0.97385,0.9742,1.00,8.00
2010.06.03 02:32:43.148,0.97385,0.9742,1.00,10.40
2010.06.03 02:32:43.257,0.9738,0.9742,2.80,10.40
2010.06.03 02:32:45.169,0.9738,0.9742,10.80,2.40
2010.06.03 02:32:55.898,0.97385,0.97425,1.00,8.50
2010.06.03 02:32:56.863,0.9738,0.97425,10.80,8.50
2010.06.03 02:32:57.598,0.9738,0.9742,10.80,2.40
2010.06.03 02:33:03.197,0.9738,0.97415,8.00,1.00
2010.06.03 02:33:03.247,0.97375,0.97415,9.20,1.00
2010.06.03 02:33:07.429,0.97375,0.97415,5.20,4.80
2010.06.03 02:33:07.453,0.97375,0.97415,4.80,4.80
2010.06.03 02:33:07.467,0.97375,0.9741,1.00,2.40
2010.06.03 02:33:11.317,0.97375,0.9741,1.00,6.40
2010.06.03 02:33:15.869,0.9738,0.9741,3.20,4.00
2010.06.03 02:33:16.118,0.9739,0.9742,1.00,10.40
2010.06.03 02:33:16.517,0.9739,0.9742,1.00,10.50
2010.06.03 02:33:17.418,0.9738,0.97415,2.40,1.00
2010.06.03 02:33:18.132,0.97375,0.9741,9.20,2.40
2010.06.03 02:33:18.275,0.9738,0.9742,3.60,10.50
2010.06.03 02:33:18.408,0.9738,0.9742,2.40,10.90
2010.06.03 02:33:18.588,0.97375,0.97415,1.00,8.00
2010.06.03 02:33:18.768,0.9738,0.9742,2.40,10.90
2010.06.03 02:33:18.948,0.9738,0.9742,3.60,10.50
2010.06.03 02:33:19.669,0.9738,0.97415,3.60,8.10
2010.06.03 02:33:19.978,0.97375,0.9741,1.20,2.40
2010.06.03 02:33:20.279,0.9737,0.9741,4.40,10.40
2010.06.03 02:33:21.217,0.9737,0.9741,2.80,10.40
2010.06.03 02:33:21.347,0.9737,0.9741,2.80,10.50
2010.06.03 02:33:22.270,0.9737,0.9741,2.80,10.40
2010.06.03 02:33:22.329,0.9737,0.974,2.80,2.40
2010.06.03 02:33:23.071,0.97375,0.9741,1.00,10.40
2010.06.03 02:33:23.410,0.9738,0.9741,1.00,2.40
2010.06.03 02:33:23.748,0.97385,0.97415,1.20,8.00
2010.06.03 02:33:24.091,0.97395,0.9742,1.00,2.40
2010.06.03 02:33:25.079,0.974,0.9744,2.80,11.30
2010.06.03 02:33:25.627,0.974,0.97435,2.80,1.00
2010.06.03 02:33:25.839,0.9739,0.97425,1.00,4.00
2010.06.03 02:33:26.059,0.97385,0.9742,1.00,10.40
2010.06.03 02:33:26.880,0.9739,0.9742,1.00,10.40
2010.06.03 02:33:27.107,0.97385,0.97425,4.40,4.00
2010.06.03 02:33:27.333,0.9738,0.9742,2.80,10.80
2010.06.03 02:33:28.359,0.9738,0.9742,2.80,10.90
2010.06.03 02:33:28.622,0.9739,0.9742,1.00,2.40
2010.06.03 02:33:28.878,0.9739,0.9743,2.80,10.40
2010.06.03 02:33:29.138,0.9739,0.9743,2.80,10.50
2010.06.03 02:33:30.988,0.9739,0.9743,2.80,10.40
2010.06.03 02:33:33.290,0.9739,0.9742,1.00,2.40
2010.06.03 02:33:33.563,0.97385,0.9742,8.40,2.40
2010.06.03 02:33:33.659,0.97385,0.9742,4.40,2.40
2010.06.03 02:33:33.759,0.97385,0.97425,4.40,4.00
2010.06.03 02:33:33.857,0.97385,0.97425,1.00,8.00
2010.06.03 02:33:34.809,0.9738,0.9742,11.20,2.40
2010.06.03 02:33:35.689,0.9738,0.97415,2.80,8.00
2010.06.03 02:33:35.888,0.9738,0.97415,2.40,8.00
2010.06.03 02:33:37.729,0.9738,0.9742,2.40,11.60
2010.06.03 02:33:37.880,0.9738,0.9742,2.40,11.70
2010.06.03 02:33:38.310,0.9738,0.9742,2.40,11.60
2010.06.03 02:33:38.470,0.97375,0.9741,9.60,2.40
2010.06.03 02:33:38.628,0.97375,0.9741,5.60,2.40
2010.06.03 02:33:38.787,0.97375,0.9741,1.60,2.40
2010.06.03 02:33:40.360,0.9738,0.9742,3.20,11.60
2010.06.03 02:33:40.688,0.9738,0.9742,3.20,11.30
2010.06.03 02:33:43.571,0.97375,0.9741,8.80,2.40
2010.06.03 02:33:43.867,0.97375,0.9741,1.00,2.40
2010.06.03 02:33:43.967,0.9737,0.9741,12.00,2.40
2010.06.03 02:33:44.167,0.9737,0.9741,11.20,2.40
2010.06.03 02:33:48.387,0.9737,0.9741,7.20,2.40
2010.06.03 02:33:51.198,0.9737,0.9741,3.20,10.40
2010.06.03 02:33:51.378,0.9737,0.9741,2.80,10.80
2010.06.03 02:33:51.427,0.9737,0.9741,2.40,10.80
2010.06.03 02:33:51.477,0.97365,0.9741,9.20,10.80
2010.06.03 02:33:51.577,0.9737,0.9741,2.80,10.40
2010.06.03 02:33:51.627,0.9737,0.9741,3.20,10.40
2010.06.03 02:33:51.677,0.9737,0.9741,7.20,6.40
2010.06.03 02:33:51.727,0.9737,0.9741,7.20,2.40
2010.06.03 02:33:52.027,0.9737,0.9741,6.80,2.40
2010.06.03 02:33:52.077,0.9737,0.9741,6.40,2.80
2010.06.03 02:33:52.127,0.97365,0.9741,10.80,10.80
2010.06.03 02:33:52.188,0.97365,0.9741,9.20,10.80
2010.06.03 02:33:53.069,0.97365,0.9741,8.40,10.80
2010.06.03 02:33:56.261,0.9737,0.9741,1.00,10.80
2010.06.03 02:33:56.337,0.9737,0.9741,4.40,6.80
2010.06.03 02:33:56.397,0.9737,0.9741,6.80,2.80
2010.06.03 02:33:57.034,0.9737,0.9741,4.40,2.80
2010.06.03 02:33:57.069,0.97365,0.9741,8.40,10.80
2010.06.03 02:34:00.126,0.9737,0.9741,1.00,10.80
2010.06.03 02:34:00.448,0.9737,0.9741,7.20,2.40
2010.06.03 02:34:02.549,0.9737,0.9741,7.30,2.40
2010.06.03 02:34:03.668,0.9737,0.9741,4.40,3.20
2010.06.03 02:34:04.398,0.9737,0.9741,1.00,11.20
2010.06.03 02:34:05.177,0.9737,0.9741,1.00,11.30
2010.06.03 02:34:07.678,0.9737,0.9741,1.00,11.20
2010.06.03 02:34:10.849,0.9737,0.9741,1.00,11.30
2010.06.03 02:34:12.387,0.97365,0.9741,10.00,11.30
2010.06.03 02:34:13.787,0.97365,0.97405,10.00,1.00
2010.06.03 02:34:14.029,0.97355,0.97395,2.00,8.80
2010.06.03 02:34:16.548,0.97355,0.9739,2.00,2.40
2010.06.03 02:34:17.329,0.97355,0.97395,1.20,8.90
2010.06.03 02:34:19.442,0.97355,0.97395,1.20,8.80
2010.06.03 02:34:22.118,0.9736,0.97395,1.00,8.80
2010.06.03 02:34:22.167,0.9736,0.97395,2.80,8.80
2010.06.03 02:34:22.217,0.9736,0.97395,2.80,4.80
2010.06.03 02:34:22.268,0.9736,0.97395,2.80,1.00
2010.06.03 02:34:22.318,0.9736,0.974,3.20,10.40
2010.06.03 02:34:22.420,0.9736,0.974,7.20,6.40
2010.06.03 02:34:22.468,0.97365,0.974,5.60,2.40
2010.06.03 02:34:22.517,0.9737,0.974,1.00,2.40
2010.06.03 02:34:23.207,0.9737,0.97405,1.00,4.10
2010.06.03 02:34:24.568,0.9737,0.97405,1.00,4.00
2010.06.03 02:34:26.059,0.9737,0.97405,1.20,4.10
2010.06.03 02:34:27.447,0.9737,0.97405,1.20,4.00
2010.06.03 02:34:28.797,0.9737,0.97405,1.20,4.10
2010.06.03 02:34:31.620,0.9737,0.97405,3.60,4.10
2010.06.03 02:34:31.669,0.9737,0.97405,3.60,4.00
2010.06.03 02:34:31.719,0.9737,0.97405,4.40,4.00
2010.06.03 02:34:31.767,0.9737,0.9741,4.40,11.30
2010.06.03 02:34:31.958,0.9737,0.97405,4.40,1.00
2010.06.03 02:34:32.467,0.9737,0.9741,4.40,11.20
2010.06.03 02:34:32.637,0.9737,0.9741,4.40,11.30
2010.06.03 02:34:34.355,0.9738,0.9741,1.00,3.30
2010.06.03 02:34:34.390,0.9737,0.97405,1.20,4.00
2010.06.03 02:34:35.377,0.9737,0.97405,1.20,4.10
2010.06.03 02:34:37.308,0.9737,0.9741,5.20,7.20
2010.06.03 02:34:37.339,0.9737,0.9741,8.00,6.40
2010.06.03 02:34:37.368,0.9737,0.9741,8.00,2.40
2010.06.03 02:34:42.328,0.9737,0.9741,7.60,3.60
2010.06.03 02:34:42.448,0.9737,0.97405,7.60,1.00
2010.06.03 02:34:42.568,0.9737,0.974,4.00,2.40
2010.06.03 02:34:42.688,0.97365,0.974,8.00,2.40
2010.06.03 02:34:42.807,0.97365,0.974,4.00,2.40
2010.06.03 02:34:45.208,0.9736,0.974,7.20,2.40
2010.06.03 02:34:49.952,0.97365,0.974,1.00,2.40
2010.06.03 02:34:50.488,0.97365,0.974,1.20,2.40
2010.06.03 02:34:53.152,0.97365,0.974,1.00,2.40
2010.06.03 02:35:18.358,0.97365,0.974,1.60,2.40
2010.06.03 02:35:18.438,0.9737,0.97405,2.40,8.00
2010.06.03 02:35:19.329,0.9737,0.9741,2.80,10.40
2010.06.03 02:35:28.862,0.9737,0.9741,3.20,10.40
2010.06.03 02:35:29.978,0.9738,0.97415,2.40,8.50
2010.06.03 02:35:31.368,0.9738,0.97415,2.40,8.40
2010.06.03 02:35:33.013,0.9737,0.97405,10.80,1.00
2010.06.03 02:35:33.940,0.97375,0.9741,5.20,1.00
2010.06.03 02:35:34.170,0.9737,0.97405,2.40,8.00
2010.06.03 02:35:35.017,0.9737,0.97405,1.00,8.00
2010.06.03 02:35:35.361,0.9737,0.9741,1.20,8.40
2010.06.03 02:35:36.379,0.97375,0.9741,1.00,4.00
2010.06.03 02:35:37.238,0.97375,0.97415,1.00,8.40
2010.06.03 02:35:42.660,0.97385,0.9742,1.00,4.00
2010.06.03 02:35:42.692,0.97385,0.97425,4.40,4.00
2010.06.03 02:35:42.718,0.97385,0.9743,8.40,11.30
2010.06.03 02:35:43.180,0.97385,0.9742,8.00,3.20
2010.06.03 02:35:43.411,0.9738,0.9742,8.40,7.20
2010.06.03 02:35:43.637,0.97385,0.9742,1.00,7.20
2010.06.03 02:35:45.001,0.97385,0.9742,1.00,7.20
2010.06.03 02:35:45.098,0.97385,0.9742,1.00,11.30
2010.06.03 02:35:45.200,0.9738,0.97415,2.40,4.00
2010.06.03 02:35:45.298,0.9738,0.97415,1.00,4.00
2010.06.03 02:35:46.057,0.97375,0.97415,4.80,4.00
2010.06.03 02:35:47.228,0.9738,0.97425,6.80,8.40
2010.06.03 02:35:47.377,0.9738,0.97425,7.20,8.50
2010.06.03 02:35:47.528,0.9738,0.97425,7.20,8.40
2010.06.03 02:35:48.547,0.97385,0.97425,4.00,4.40
2010.06.03 02:35:48.720,0.97385,0.9743,8.40,10.80
2010.06.03 02:35:49.918,0.97385,0.97425,4.40,4.00
2010.06.03 02:35:50.599,0.97385,0.9743,8.40,10.80
2010.06.03 02:35:50.737,0.97385,0.97425,4.40,4.00
2010.06.03 02:35:55.561,0.97385,0.97425,4.50,4.00
2010.06.03 02:35:56.418,0.9739,0.9743,6.40,1.00
2010.06.03 02:35:56.682,0.97385,0.97425,5.60,4.00
2010.06.03 02:35:57.288,0.97385,0.97415,1.00,8.00
2010.06.03 02:35:57.367,0.97375,0.97415,1.00,8.00
2010.06.03 02:35:58.139,0.9738,0.9742,2.80,8.00
2010.06.03 02:36:00.890,0.97385,0.97425,4.40,4.00
2010.06.03 02:36:01.229,0.9738,0.9742,2.80,8.00
2010.06.03 02:36:01.518,0.9738,0.9742,2.40,10.80
2010.06.03 02:36:02.168,0.9738,0.9742,2.40,8.40
2010.06.03 02:36:02.281,0.9738,0.9742,2.80,8.00
2010.06.03 02:36:04.701,0.97395,0.97425,8.00,1.00
2010.06.03 02:36:04.793,0.9738,0.97425,11.20,8.40
2010.06.03 02:36:04.960,0.9738,0.9742,7.20,4.00
2010.06.03 02:36:05.049,0.9738,0.9742,2.80,10.80
2010.06.03 02:36:07.840,0.9738,0.9742,2.80,10.90
2010.06.03 02:36:07.928,0.9738,0.97415,2.80,1.00
2010.06.03 02:36:08.018,0.97375,0.9741,1.20,2.40
2010.06.03 02:36:08.106,0.97375,0.9741,1.00,2.40
2010.06.03 02:36:10.427,0.9738,0.97415,2.40,8.80
2010.06.03 02:36:10.458,0.9738,0.97415,4.00,8.80
2010.06.03 02:36:10.489,0.97385,0.97415,1.00,8.80
2010.06.03 02:36:10.518,0.97385,0.97415,1.00,8.00
2010.06.03 02:36:10.611,0.97385,0.97415,1.00,4.00
2010.06.03 02:36:10.639,0.9738,0.97425,14.00,8.80
2010.06.03 02:36:10.708,0.9738,0.9742,13.20,1.00
2010.06.03 02:36:10.765,0.9738,0.9742,11.60,1.00
2010.06.03 02:36:11.443,0.9739,0.9742,2.40,8.00
2010.06.03 02:36:11.744,0.9738,0.9742,12.00,2.40
2010.06.03 02:36:12.043,0.97385,0.9742,1.00,3.20
2010.06.03 02:36:12.332,0.9739,0.97415,1.00,4.00
2010.06.03 02:36:12.988,0.9739,0.9742,1.00,10.40
2010.06.03 02:36:13.282,0.9738,0.9741,1.00,2.40
2010.06.03 02:36:13.542,0.97375,0.9741,2.00,3.20
2010.06.03 02:36:13.798,0.97375,0.9741,1.00,3.20
2010.06.03 02:36:14.058,0.9737,0.97415,5.60,9.20
2010.06.03 02:36:15.050,0.9737,0.97415,5.60,9.30
2010.06.03 02:36:15.178,0.9737,0.97415,5.60,9.20
2010.06.03 02:36:15.310,0.97375,0.97415,4.80,8.80
2010.06.03 02:36:15.440,0.9738,0.9741,1.00,1.00
2010.06.03 02:36:16.210,0.9738,0.9741,1.00,2.80
2010.06.03 02:36:18.619,0.9738,0.9741,1.00,2.40
2010.06.03 02:36:18.879,0.97385,0.9742,1.20,10.40
2010.06.03 02:36:19.641,0.97385,0.9742,9.20,2.40
2010.06.03 02:36:22.289,0.97385,0.9742,8.00,2.40
2010.06.03 02:36:24.877,0.9738,0.9742,11.20,2.40
2010.06.03 02:36:26.509,0.97385,0.9742,1.00,2.40
2010.06.03 02:36:27.312,0.9739,0.9743,2.80,10.50
2010.06.03 02:36:27.540,0.9739,0.9743,2.40,10.80
2010.06.03 02:36:27.788,0.97395,0.9743,1.00,10.80
2010.06.03 02:36:28.039,0.97395,0.9743,8.40,1.00
2010.06.03 02:36:28.919,0.97395,0.9743,5.20,2.40
2010.06.03 02:36:29.138,0.97395,0.9743,1.20,2.40
2010.06.03 02:36:29.988,0.97395,0.9743,1.00,2.40
2010.06.03 02:36:30.790,0.9739,0.9743,2.40,6.80
2010.06.03 02:36:31.129,0.9739,0.9743,2.40,10.90
2010.06.03 02:36:31.408,0.97385,0.9742,8.40,2.40
2010.06.03 02:36:31.667,0.97385,0.9742,4.40,2.40
2010.06.03 02:36:31.798,0.97385,0.9742,1.00,6.40
2010.06.03 02:36:32.019,0.97385,0.97415,1.00,4.00
2010.06.03 02:36:32.784,0.97385,0.97425,1.00,8.00
2010.06.03 02:36:33.012,0.9738,0.9742,2.40,10.80
2010.06.03 02:36:33.478,0.9737,0.9741,7.20,6.40
2010.06.03 02:36:33.719,0.97365,0.97405,4.40,4.00
2010.06.03 02:36:33.958,0.97365,0.97405,1.00,8.00
2010.06.03 02:36:38.110,0.97365,0.97405,4.40,4.00
2010.06.03 02:36:38.213,0.9737,0.9741,7.20,6.50
2010.06.03 02:36:38.530,0.9737,0.9741,7.20,6.40
2010.06.03 02:36:39.722,0.9737,0.97405,1.00,4.00
2010.06.03 02:36:40.006,0.97365,0.9741,8.40,10.90
2010.06.03 02:36:40.288,0.97365,0.9741,8.40,10.80
2010.06.03 02:36:40.850,0.97365,0.9741,8.40,10.90
2010.06.03 02:36:44.058,0.97365,0.97405,8.40,1.00
2010.06.03 02:36:44.498,0.97365,0.9741,8.40,10.90
2010.06.03 02:36:45.195,0.97365,0.97405,8.40,1.00
2010.06.03 02:36:45.617,0.97365,0.9741,8.40,10.90
2010.06.03 02:36:48.477,0.97365,0.9741,8.40,10.80
2010.06.03 02:36:48.542,0.9737,0.9741,4.00,6.80
2010.06.03 02:36:48.588,0.9737,0.97415,10.80,8.40
2010.06.03 02:36:49.785,0.9737,0.97415,10.80,8.50
2010.06.03 02:36:50.490,0.97365,0.9741,8.40,10.80
2010.06.03 02:36:51.891,0.97365,0.9741,8.40,10.90
2010.06.03 02:36:53.418,0.97365,0.97405,8.40,1.00
2010.06.03 02:37:00.803,0.9737,0.9741,6.80,6.40
2010.06.03 02:37:01.060,0.97365,0.974,4.40,2.40
2010.06.03 02:37:01.968,0.9737,0.9741,2.80,10.40
2010.06.03 02:37:02.518,0.97375,0.9741,4.40,2.40
2010.06.03 02:37:02.638,0.9738,0.97415,2.40,4.10
2010.06.03 02:37:03.357,0.9738,0.97415,2.80,4.10
2010.06.03 02:37:03.898,0.9738,0.9741,1.00,2.50
2010.06.03 02:37:04.738,0.9737,0.97405,2.40,8.00
2010.06.03 02:37:04.950,0.97365,0.974,1.00,2.40
2010.06.03 02:37:07.298,0.97365,0.974,1.00,2.40
2010.06.03 02:37:07.361,0.97365,0.974,1.00,2.50
2010.06.03 02:37:12.648,0.97365,0.974,1.00,2.40
2010.06.03 02:37:12.848,0.9737,0.97405,3.20,1.00
2010.06.03 02:37:13.928,0.9737,0.9741,3.20,10.40
2010.06.03 02:37:14.108,0.9738,0.9741,4.80,2.40
2010.06.03 02:37:14.298,0.9738,0.97415,7.20,1.00
2010.06.03 02:37:14.477,0.9738,0.9742,7.20,2.40
2010.06.03 02:37:14.668,0.9739,0.9742,2.40,6.40
2010.06.03 02:37:15.435,0.97395,0.9742,1.00,10.40
2010.06.03 02:37:20.389,0.97395,0.9742,1.00,2.40
2010.06.03 02:37:23.117,0.97395,0.97425,1.00,4.00
2010.06.03 02:37:23.195,0.97395,0.9743,1.00,6.50
2010.06.03 02:37:23.248,0.974,0.9743,1.20,2.50
2010.06.03 02:37:24.503,0.97395,0.9743,1.00,2.40
2010.06.03 02:37:24.800,0.97385,0.9742,1.00,2.40
2010.06.03 02:37:24.988,0.9738,0.9742,6.40,3.60
2010.06.03 02:37:25.070,0.9738,0.97415,2.40,4.00
2010.06.03 02:37:25.119,0.9738,0.9741,2.40,2.40
2010.06.03 02:37:25.853,0.9738,0.9742,2.40,11.60
2010.06.03 02:37:26.195,0.9738,0.9742,6.80,2.40
2010.06.03 02:37:26.540,0.9738,0.9742,6.80,6.40
2010.06.03 02:37:26.879,0.9739,0.9743,2.40,11.60
2010.06.03 02:37:27.645,0.97395,0.9743,1.00,10.40
2010.06.03 02:37:27.956,0.9739,0.9743,6.80,2.40
2010.06.03 02:37:28.168,0.9739,0.9743,6.80,6.40
2010.06.03 02:37:28.388,0.9739,0.9743,6.80,2.40
2010.06.03 02:37:29.348,0.9739,0.97425,6.80,1.00
2010.06.03 02:37:30.111,0.974,0.9743,1.00,6.40
2010.06.03 02:37:30.226,0.974,0.9743,2.80,2.40
2010.06.03 02:37:32.362,0.97395,0.9743,1.00,2.40
2010.06.03 02:37:32.509,0.97395,0.9743,4.40,2.40
2010.06.03 02:37:32.668,0.97395,0.9743,8.40,2.40
2010.06.03 02:37:32.748,0.974,0.97435,2.40,1.00
2010.06.03 02:37:33.471,0.974,0.9744,1.00,11.30
2010.06.03 02:37:33.812,0.97405,0.9744,1.00,2.40
2010.06.03 02:37:34.149,0.97405,0.9744,1.00,2.40
2010.06.03 02:37:34.489,0.97405,0.9744,1.00,2.50
2010.06.03 02:37:35.455,0.97405,0.9744,1.00,2.50
2010.06.03 02:37:35.799,0.97405,0.9744,1.00,2.40
2010.06.03 02:37:36.382,0.97405,0.9744,1.00,2.50
2010.06.03 02:37:41.249,0.97405,0.9744,1.00,2.40
2010.06.03 02:37:43.387,0.97405,0.9744,1.00,2.50
2010.06.03 02:37:43.751,0.97405,0.9744,1.00,2.40
2010.06.03 02:37:48.071,0.9741,0.97445,2.40,8.00
2010.06.03 02:37:48.101,0.9741,0.97445,2.40,4.00
2010.06.03 02:37:48.122,0.9741,0.9745,6.40,6.90
2010.06.03 02:37:48.137,0.97415,0.9745,1.00,6.90
2010.06.03 02:37:48.198,0.97415,0.9745,1.00,6.50
2010.06.03 02:37:48.268,0.97415,0.97445,1.00,1.00
2010.06.03 02:37:48.329,0.9741,0.97445,9.60,1.00
2010.06.03 02:37:48.407,0.9741,0.9744,7.20,2.40
2010.06.03 02:37:48.431,0.9741,0.9744,7.20,6.40
2010.06.03 02:37:49.089,0.9741,0.9744,5.60,6.40
2010.06.03 02:37:49.430,0.97405,0.9744,1.00,2.40
2010.06.03 02:38:06.347,0.97405,0.9744,1.00,2.40
2010.06.03 02:38:09.038,0.97405,0.97435,1.00,1.00
2010.06.03 02:38:09.128,0.97405,0.9744,1.00,2.50
2010.06.03 02:38:09.218,0.97405,0.9742,1.00,2.40
2010.06.03 02:38:09.895,0.97405,0.9742,1.00,2.40
2010.06.03 02:38:09.994,0.9739,0.9742,1.00,2.40
2010.06.03 02:38:10.262,0.9739,0.97425,1.00,1.00
2010.06.03 02:38:10.522,0.97395,0.9743,1.00,10.40
2010.06.03 02:38:11.254,0.974,0.9743,1.00,8.00
2010.06.03 02:38:11.520,0.97405,0.97435,1.20,8.00
2010.06.03 02:38:11.788,0.97405,0.9744,1.20,10.40
2010.06.03 02:38:12.058,0.97405,0.9744,1.00,10.40
2010.06.03 02:38:13.093,0.97405,0.9744,1.00,10.50
2010.06.03 02:38:14.518,0.97405,0.9743,1.00,2.40
2010.06.03 02:38:16.821,0.97405,0.9744,1.00,2.50
2010.06.03 02:38:17.040,0.97405,0.9744,1.20,2.40
2010.06.03 02:38:21.389,0.97405,0.9744,1.00,2.40
2010.06.03 02:38:21.609,0.9741,0.9744,1.20,2.40
2010.06.03 02:38:21.697,0.9741,0.9744,2.80,2.40
2010.06.03 02:38:22.068,0.9741,0.9744,2.80,6.40
2010.06.03 02:38:22.149,0.9741,0.9743,2.80,2.40
2010.06.03 02:38:22.237,0.9741,0.9743,1.00,2.40
2010.06.03 02:38:22.487,0.974,0.9743,5.60,2.40
2010.06.03 02:38:23.836,0.974,0.9743,2.80,2.40
2010.06.03 02:38:23.942,0.9741,0.9743,1.00,2.40
2010.06.03 02:38:26.918,0.9741,0.9743,1.00,2.50
2010.06.03 02:38:27.139,0.97405,0.9743,2.40,10.90
2010.06.03 02:38:27.219,0.97405,0.9742,2.40,2.40
2010.06.03 02:38:27.303,0.9739,0.9742,2.80,2.40
2010.06.03 02:38:27.458,0.974,0.9742,1.00,2.40
2010.06.03 02:38:27.538,0.974,0.9743,1.00,11.70
2010.06.03 02:38:27.633,0.974,0.9743,1.00,10.50
2010.06.03 02:38:28.416,0.974,0.9743,2.00,10.50
2010.06.03 02:38:28.662,0.974,0.9742,1.60,2.40
2010.06.03 02:38:28.909,0.97395,0.9742,2.80,2.40
2010.06.03 02:38:30.178,0.97395,0.97415,2.40,1.00
2010.06.03 02:38:30.993,0.97395,0.9741,1.60,2.40
2010.06.03 02:38:31.263,0.97395,0.9743,2.00,10.50
2010.06.03 02:38:31.530,0.97395,0.97425,1.00,4.00
2010.06.03 02:38:32.300,0.9739,0.9742,6.40,2.40
2010.06.03 02:38:32.555,0.9739,0.9742,2.80,2.40
2010.06.03 02:38:33.040,0.9739,0.97425,2.80,8.10
2010.06.03 02:38:33.289,0.9739,0.97425,1.00,8.50
2010.06.03 02:38:33.932,0.9739,0.9742,1.00,4.00
2010.06.03 02:38:34.275,0.97385,0.9741,2.80,2.40
2010.06.03 02:38:34.622,0.97385,0.9742,3.20,10.50
2010.06.03 02:38:41.218,0.97385,0.9742,3.20,6.50
2010.06.03 02:38:42.818,0.97395,0.9742,1.00,6.40
2010.06.03 02:38:42.999,0.9739,0.9742,1.00,6.40
2010.06.03 02:38:43.220,0.9739,0.9742,3.20,2.40
2010.06.03 02:38:44.281,0.9739,0.9741,2.80,2.40
2010.06.03 02:38:45.072,0.9739,0.9741,2.40,2.40
2010.06.03 02:38:45.233,0.97385,0.9741,2.80,2.40
2010.06.03 02:38:48.300,0.97385,0.9742,3.20,10.50
2010.06.03 02:38:48.408,0.97385,0.9742,2.80,10.50
2010.06.03 02:38:48.508,0.97385,0.9741,2.40,2.40
2010.06.03 02:38:48.958,0.9738,0.9741,5.60,2.40
2010.06.03 02:38:50.279,0.9739,0.9741,1.00,2.40
2010.06.03 02:38:50.477,0.9739,0.9742,1.00,2.40
2010.06.03 02:38:50.580,0.9739,0.9742,2.00,2.40
2010.06.03 02:38:51.098,0.9739,0.9742,2.00,2.50
2010.06.03 02:38:51.517,0.9739,0.9742,2.00,2.40
2010.06.03 02:38:51.938,0.9739,0.9742,2.00,2.50
2010.06.03 02:38:53.508,0.9739,0.9742,2.00,2.40
2010.06.03 02:38:54.838,0.9739,0.9742,3.20,2.40
2010.06.03 02:38:55.038,0.9739,0.9742,2.00,2.40
2010.06.03 02:38:56.229,0.97395,0.97425,1.20,1.00
2010.06.03 02:38:56.530,0.97395,0.9742,1.60,2.40
2010.06.03 02:38:56.828,0.9739,0.9742,2.00,2.40
2010.06.03 02:38:57.857,0.9739,0.9742,2.00,6.40
2010.06.03 02:38:59.101,0.9739,0.9742,2.00,2.40
2010.06.03 02:39:00.872,0.97395,0.9742,1.00,2.40
2010.06.03 02:39:01.211,0.97395,0.97425,1.00,8.00
2010.06.03 02:39:01.550,0.97395,0.9742,2.40,2.40
2010.06.03 02:39:01.687,0.9739,0.9742,2.00,2.40
2010.06.03 02:39:02.877,0.9739,0.9742,2.00,6.40
2010.06.03 02:39:02.939,0.9739,0.9742,2.00,2.40
2010.06.03 02:39:03.508,0.97395,0.9742,1.00,2.40
2010.06.03 02:39:03.627,0.97395,0.9742,1.20,2.40
2010.06.03 02:39:03.687,0.97395,0.9742,2.00,2.40
2010.06.03 02:39:03.823,0.97395,0.9742,1.60,2.40
2010.06.03 02:39:03.879,0.97395,0.9742,2.40,2.40
2010.06.03 02:39:04.221,0.9739,0.9742,1.60,6.40
2010.06.03 02:39:04.563,0.97385,0.9741,1.00,2.40
2010.06.03 02:39:05.550,0.97385,0.9741,1.00,2.40
2010.06.03 02:39:06.089,0.97385,0.9742,1.00,10.50
2010.06.03 02:39:06.270,0.97385,0.9741,1.00,2.40
2010.06.03 02:39:07.323,0.97385,0.97425,1.00,8.00
2010.06.03 02:39:08.507,0.97385,0.97425,1.00,8.40
2010.06.03 02:39:08.728,0.9739,0.97425,1.00,8.00
2010.06.03 02:39:09.602,0.9739,0.97425,1.00,4.00
2010.06.03 02:39:09.819,0.9739,0.9743,2.80,10.80
2010.06.03 02:39:10.517,0.97395,0.9743,1.00,10.40
2010.06.03 02:39:10.717,0.9739,0.9743,2.80,10.80
2010.06.03 02:39:13.108,0.9739,0.9743,2.90,10.80
2010.06.03 02:39:13.157,0.9739,0.9743,2.80,10.80
2010.06.03 02:39:13.338,0.9739,0.9743,2.80,6.80
2010.06.03 02:39:13.519,0.9739,0.9743,2.80,10.80
2010.06.03 02:39:16.379,0.9739,0.9743,6.80,4.40
2010.06.03 02:39:16.669,0.974,0.97435,2.80,8.80
2010.06.03 02:39:18.788,0.974,0.97435,5.20,8.80
2010.06.03 02:39:18.867,0.974,0.97435,2.80,4.80
2010.06.03 02:39:18.937,0.974,0.97435,2.80,1.00
2010.06.03 02:39:19.007,0.974,0.97435,2.80,4.80
2010.06.03 02:39:19.307,0.974,0.97435,2.80,8.80
2010.06.03 02:39:20.278,0.974,0.9743,2.80,3.20
2010.06.03 02:39:20.462,0.974,0.97435,2.80,8.80
2010.06.03 02:39:21.596,0.974,0.9743,3.20,2.50
2010.06.03 02:39:21.741,0.974,0.9742,2.80,2.40
2010.06.03 02:39:21.882,0.97395,0.9742,2.40,2.40
2010.06.03 02:39:22.682,0.9739,0.9742,2.80,2.40
2010.06.03 02:39:23.019,0.9739,0.9742,1.20,2.50
2010.06.03 02:39:23.358,0.9739,0.9742,1.00,10.50
2010.06.03 02:39:26.348,0.9739,0.9742,1.00,10.40
2010.06.03 02:39:26.689,0.9739,0.9742,1.00,6.40
2010.06.03 02:39:27.029,0.97395,0.9742,3.60,2.40
2010.06.03 02:39:29.268,0.974,0.9743,2.40,11.20
2010.06.03 02:39:30.063,0.97405,0.9743,1.00,3.20
2010.06.03 02:39:32.617,0.974,0.9742,2.40,2.40
2010.06.03 02:39:32.763,0.974,0.9742,1.60,2.40
2010.06.03 02:39:32.909,0.97405,0.9743,1.00,6.40
2010.06.03 02:39:33.477,0.97405,0.9743,1.00,6.50
2010.06.03 02:39:33.619,0.97405,0.9743,1.00,6.40
2010.06.03 02:39:34.651,0.97405,0.9744,1.00,10.80
2010.06.03 02:39:34.779,0.974,0.9743,2.80,7.20
2010.06.03 02:39:34.899,0.974,0.9743,2.80,3.20
2010.06.03 02:39:36.080,0.9741,0.97435,1.00,4.00
2010.06.03 02:39:36.399,0.9741,0.9744,1.00,10.40
2010.06.03 02:39:36.718,0.9741,0.9744,1.00,2.40
2010.06.03 02:39:37.558,0.9741,0.9744,1.00,2.50
2010.06.03 02:39:39.298,0.9741,0.9744,1.00,6.50
2010.06.03 02:39:39.518,0.9741,0.9744,1.00,6.40
2010.06.03 02:39:39.738,0.9741,0.9744,1.00,2.40
2010.06.03 02:39:41.099,0.9741,0.9744,1.00,2.50
2010.06.03 02:39:41.408,0.9741,0.9744,1.00,2.40
2010.06.03 02:39:41.720,0.9741,0.97445,1.20,8.00
2010.06.03 02:39:41.919,0.9741,0.9744,1.00,2.40
2010.06.03 02:39:42.897,0.97405,0.9744,2.80,2.40
2010.06.03 02:39:43.056,0.97405,0.9744,1.60,6.40
2010.06.03 02:39:43.210,0.97405,0.9744,2.40,6.40
2010.06.03 02:39:43.508,0.9741,0.9744,1.00,6.50
2010.06.03 02:39:44.797,0.9741,0.9744,1.00,6.40
2010.06.03 02:39:45.548,0.9741,0.9744,1.00,6.50
2010.06.03 02:39:56.538,0.9741,0.9744,1.00,6.40
2010.06.03 02:39:56.668,0.97415,0.9744,1.00,2.40
2010.06.03 02:39:56.798,0.97415,0.9744,1.20,2.50
2010.06.03 02:39:56.928,0.97415,0.9744,1.00,3.30
2010.06.03 02:39:57.057,0.97415,0.9744,1.00,7.30
2010.06.03 02:39:57.950,0.97405,0.9744,4.00,6.40
2010.06.03 02:39:58.070,0.97405,0.9743,4.00,2.40
2010.06.03 02:39:58.309,0.97405,0.9743,2.40,3.30
2010.06.03 02:39:58.548,0.97405,0.9743,1.00,3.30
2010.06.03 02:39:58.669,0.97395,0.9743,2.80,11.30
2010.06.03 02:39:58.893,0.97405,0.9743,1.20,10.50
2010.06.03 02:39:59.688,0.97405,0.9743,1.20,10.40
2010.06.03 02:40:00.721,0.97405,0.9743,1.00,2.40
2010.06.03 02:40:01.029,0.97405,0.9743,1.20,2.40
2010.06.03 02:40:02.728,0.97405,0.9743,1.20,2.50
2010.06.03 02:40:02.975,0.97405,0.9743,1.20,2.40
2010.06.03 02:40:03.060,0.97405,0.9743,1.00,2.40
2010.06.03 02:40:03.423,0.97405,0.9743,1.00,2.40
2010.06.03 02:40:03.578,0.97405,0.9743,1.00,2.40
2010.06.03 02:40:04.629,0.97405,0.97435,1.00,1.00
2010.06.03 02:40:04.969,0.97405,0.9744,1.20,6.40
2010.06.03 02:40:05.091,0.97415,0.9744,1.00,6.40
2010.06.03 02:40:05.211,0.97415,0.97445,1.00,8.00
2010.06.03 02:40:05.330,0.97415,0.97445,2.00,8.00
2010.06.03 02:40:06.091,0.974,0.97425,1.60,8.00
2010.06.03 02:40:06.430,0.9739,0.97425,6.40,8.00
2010.06.03 02:40:06.769,0.97395,0.97425,2.00,8.00
2010.06.03 02:40:07.109,0.97395,0.97425,2.80,8.00
2010.06.03 02:40:07.975,0.97395,0.9743,2.80,6.40
2010.06.03 02:40:08.232,0.974,0.9743,2.40,4.00
2010.06.03 02:40:08.410,0.97395,0.9743,3.20,6.40
2010.06.03 02:40:08.588,0.97395,0.9743,2.80,6.40
2010.06.03 02:40:11.418,0.97395,0.9743,2.80,6.50
2010.06.03 02:40:11.560,0.97395,0.9743,2.80,6.90
2010.06.03 02:40:11.780,0.97395,0.9742,2.40,2.40
2010.06.03 02:40:12.619,0.9739,0.9742,2.80,2.40
2010.06.03 02:40:12.834,0.97385,0.9742,2.40,10.40
2010.06.03 02:40:13.050,0.97385,0.9742,2.40,10.50
2010.06.03 02:40:13.259,0.97385,0.9742,2.40,10.40
2010.06.03 02:40:16.019,0.97385,0.97415,3.20,1.00
2010.06.03 02:40:16.783,0.97385,0.97415,2.00,4.00
2010.06.03 02:40:16.921,0.9738,0.97405,1.00,8.00
2010.06.03 02:40:19.146,0.9738,0.974,1.00,2.40
2010.06.03 02:40:20.251,0.9738,0.9741,1.00,10.50
2010.06.03 02:40:21.721,0.9738,0.9741,1.00,10.40
2010.06.03 02:40:21.889,0.97385,0.9741,1.00,10.40
2010.06.03 02:40:22.680,0.9739,0.9741,1.00,2.40
2010.06.03 02:40:22.993,0.9739,0.9742,2.00,2.40
2010.06.03 02:40:26.178,0.9739,0.9742,2.00,2.50
2010.06.03 02:40:26.989,0.9739,0.9741,2.00,2.40
2010.06.03 02:40:27.220,0.97385,0.9741,1.00,10.40
2010.06.03 02:40:28.971,0.97385,0.9741,1.00,10.40
2010.06.03 02:40:34.448,0.97385,0.9741,1.00,10.50
2010.06.03 02:40:34.538,0.9738,0.97405,1.00,4.00
2010.06.03 02:40:34.629,0.97375,0.974,1.00,2.40
2010.06.03 02:40:35.939,0.9738,0.974,1.00,2.40
2010.06.03 02:40:36.260,0.9738,0.9741,1.00,10.40
2010.06.03 02:40:37.378,0.9738,0.9741,1.00,10.50
2010.06.03 02:40:38.749,0.9738,0.9741,2.80,10.50
2010.06.03 02:40:38.930,0.97385,0.97415,1.00,8.00
2010.06.03 02:40:39.658,0.9739,0.97415,1.00,8.00
2010.06.03 02:40:39.800,0.9739,0.9742,2.80,2.40
2010.06.03 02:40:39.950,0.97395,0.9742,1.60,2.40
2010.06.03 02:40:40.100,0.974,0.97425,1.00,4.00
2010.06.03 02:40:40.249,0.974,0.97425,2.80,4.00
2010.06.03 02:40:40.540,0.97405,0.97435,2.00,8.00
2010.06.03 02:40:41.181,0.97405,0.97435,2.00,4.00
2010.06.03 02:40:41.520,0.97405,0.9744,2.80,10.90
2010.06.03 02:40:44.580,0.974,0.97435,4.40,8.00
2010.06.03 02:40:44.809,0.974,0.9743,2.00,2.40
2010.06.03 02:40:45.479,0.974,0.9744,4.40,10.90
2010.06.03 02:40:45.768,0.974,0.97435,4.40,1.00
2010.06.03 02:40:46.644,0.974,0.9743,2.00,2.40
2010.06.03 02:40:47.440,0.974,0.97435,4.40,4.00
2010.06.03 02:40:47.599,0.974,0.9743,2.00,2.40
2010.06.03 02:40:48.992,0.974,0.97435,4.40,8.00
2010.06.03 02:40:49.110,0.974,0.9743,2.00,10.40
2010.06.03 02:40:49.228,0.974,0.9743,1.60,10.40
2010.06.03 02:40:49.348,0.97395,0.9743,1.20,10.40
2010.06.03 02:40:50.038,0.97395,0.9742,1.20,2.40
2010.06.03 02:40:50.296,0.97395,0.9742,2.80,2.40
2010.06.03 02:40:55.604,0.97395,0.97425,2.80,8.00
2010.06.03 02:40:55.771,0.974,0.9743,1.00,2.40
2010.06.03 02:40:55.949,0.97405,0.9743,1.30,2.40
2010.06.03 02:40:56.112,0.97405,0.9744,2.90,6.40
2010.06.03 02:40:56.758,0.97405,0.97435,2.90,1.00
2010.06.03 02:40:57.107,0.97425,0.9745,1.00,1.00
2010.06.03 02:40:57.452,0.97425,0.9745,1.00,2.40
2010.06.03 02:40:58.441,0.97415,0.9745,1.00,2.40
2010.06.03 02:40:59.791,0.9741,0.97455,7.20,8.50
2010.06.03 02:41:00.059,0.97415,0.97455,4.00,4.40
2010.06.03 02:41:00.330,0.9741,0.9745,7.20,6.40
2010.06.03 02:41:01.581,0.9741,0.9745,6.80,6.40
2010.06.03 02:41:03.512,0.9741,0.9745,8.00,6.40
2010.06.03 02:41:03.747,0.97415,0.9745,4.40,2.40
2010.06.03 02:41:03.912,0.9742,0.97455,2.80,4.00
2010.06.03 02:41:04.073,0.97415,0.9745,4.40,2.40
2010.06.03 02:41:04.859,0.9742,0.97455,4.00,1.00
2010.06.03 02:41:05.150,0.97415,0.97455,1.00,8.40
2010.06.03 02:41:07.922,0.9742,0.97455,1.00,4.00
2010.06.03 02:41:07.959,0.9742,0.97455,2.80,4.00
2010.06.03 02:41:08.089,0.9742,0.9746,6.80,6.40
2010.06.03 02:41:08.310,0.9742,0.9746,2.80,6.40
2010.06.03 02:41:08.620,0.9742,0.9746,2.80,10.40
2010.06.03 02:41:09.561,0.9742,0.9745,1.00,2.40
2010.06.03 02:41:09.709,0.97415,0.9745,1.00,2.40
2010.06.03 02:41:13.911,0.9742,0.97455,2.80,8.00
2010.06.03 02:41:14.050,0.9742,0.97455,2.80,4.10
2010.06.03 02:41:14.688,0.9742,0.97455,2.80,1.00
2010.06.03 02:41:14.830,0.9741,0.9745,3.20,10.40
2010.06.03 02:41:15.059,0.97415,0.9745,1.00,10.40
2010.06.03 02:41:15.288,0.9741,0.9745,3.20,10.40
2010.06.03 02:41:15.508,0.97415,0.9745,1.00,10.40
2010.06.03 02:41:15.728,0.9741,0.9745,3.20,10.40
2010.06.03 02:41:16.853,0.97415,0.9745,1.00,10.40
2010.06.03 02:41:16.903,0.9743,0.9746,2.40,10.40
2010.06.03 02:41:17.001,0.9742,0.9746,2.80,10.40
2010.06.03 02:41:17.797,0.9742,0.9745,1.20,2.40
2010.06.03 02:41:18.239,0.97425,0.9746,1.00,2.40
2010.06.03 02:41:19.672,0.9743,0.9746,1.00,2.40
2010.06.03 02:41:19.860,0.9744,0.97475,2.80,8.00
2010.06.03 02:41:20.680,0.97435,0.97475,1.00,8.00
2010.06.03 02:41:21.020,0.97425,0.9746,1.00,6.40
2010.06.03 02:41:21.360,0.9743,0.9747,10.80,2.40
2010.06.03 02:41:22.355,0.9743,0.9747,6.80,6.50
2010.06.03 02:41:22.709,0.9742,0.9746,3.20,10.40
2010.06.03 02:41:23.999,0.97425,0.9746,1.00,2.40
2010.06.03 02:41:24.313,0.9743,0.9747,2.40,10.80
2010.06.03 02:41:26.122,0.97425,0.9746,8.40,2.40
2010.06.03 02:41:26.349,0.9742,0.9746,7.20,6.40
2010.06.03 02:41:26.581,0.9742,0.9746,3.20,10.50
2010.06.03 02:41:27.028,0.9742,0.9746,2.80,10.50
2010.06.03 02:41:27.906,0.9742,0.9745,1.00,2.40
2010.06.03 02:41:28.103,0.9742,0.97455,2.40,1.00
2010.06.03 02:41:28.301,0.97415,0.9745,10.80,2.40
2010.06.03 02:41:29.150,0.97415,0.9745,7.60,2.40
2010.06.03 02:41:31.675,0.97415,0.9745,6.80,2.40
2010.06.03 02:41:31.833,0.97435,0.9747,1.00,10.40
2010.06.03 02:41:31.980,0.97435,0.9747,1.00,6.40
2010.06.03 02:41:32.683,0.97435,0.9747,1.00,10.40
2010.06.03 02:41:33.020,0.97445,0.9748,1.00,2.40
2010.06.03 02:41:34.373,0.97435,0.97475,4.40,4.00
2010.06.03 02:41:34.671,0.9744,0.9748,2.80,10.40
2010.06.03 02:41:34.971,0.9744,0.9748,2.80,10.50
2010.06.03 02:41:35.929,0.9744,0.9748,2.80,10.40
2010.06.03 02:41:36.277,0.9744,0.9748,6.80,6.40
2010.06.03 02:41:38.057,0.9744,0.9748,6.80,6.40
2010.06.03 02:41:38.330,0.97435,0.9747,1.00,2.40
2010.06.03 02:41:40.510,0.97435,0.9747,1.00,2.50
2010.06.03 02:41:40.682,0.97435,0.9747,1.00,2.40
2010.06.03 02:41:41.148,0.97435,0.9747,1.00,2.50
2010.06.03 02:41:44.321,0.9743,0.9747,2.80,10.50
2010.06.03 02:41:44.838,0.9743,0.9747,2.40,10.80
2010.06.03 02:41:45.099,0.9743,0.9747,2.40,10.90
2010.06.03 02:41:49.558,0.9743,0.97465,2.40,1.00
2010.06.03 02:41:49.688,0.97425,0.9746,8.40,2.40
2010.06.03 02:41:50.080,0.97425,0.9745,4.00,6.40
2010.06.03 02:41:50.763,0.97415,0.9745,6.80,6.40
2010.06.03 02:41:51.100,0.9743,0.97465,2.40,8.00
2010.06.03 02:41:51.438,0.9743,0.9747,2.40,10.80
2010.06.03 02:41:52.882,0.97425,0.9746,8.40,2.40
2010.06.03 02:41:53.818,0.9743,0.9747,2.40,10.90
2010.06.03 02:41:57.069,0.9743,0.9747,3.60,10.40
2010.06.03 02:41:57.746,0.9743,0.9747,11.60,2.40
2010.06.03 02:41:57.885,0.9744,0.9747,2.40,2.40
2010.06.03 02:42:02.860,0.9744,0.97475,2.40,4.10
2010.06.03 02:42:07.413,0.9745,0.9748,2.40,8.00
2010.06.03 02:42:07.593,0.9745,0.97485,2.40,4.10
2010.06.03 02:42:07.738,0.9745,0.97485,2.40,1.00
2010.06.03 02:42:07.889,0.9745,0.97485,2.40,4.10
2010.06.03 02:42:08.189,0.97445,0.97485,1.20,8.10
2010.06.03 02:42:09.116,0.97445,0.97485,5.20,4.10
2010.06.03 02:42:09.461,0.97445,0.97485,9.20,1.00
2010.06.03 02:42:13.462,0.97445,0.97485,8.80,1.00
2010.06.03 02:42:13.529,0.97445,0.97485,8.80,4.90
2010.06.03 02:42:13.591,0.97445,0.97485,4.80,4.90
2010.06.03 02:42:13.608,0.97445,0.97485,1.00,4.90
2010.06.03 02:42:13.901,0.97445,0.97485,1.00,8.90
2010.06.03 02:42:14.399,0.97445,0.97485,1.20,8.10
2010.06.03 02:42:14.649,0.97445,0.97485,4.80,8.90
2010.06.03 02:42:15.329,0.97445,0.97485,4.80,4.90
2010.06.03 02:42:15.603,0.9745,0.9749,2.40,10.90
2010.06.03 02:42:16.369,0.9745,0.97485,2.40,1.00
2010.06.03 02:42:19.603,0.97445,0.97485,9.20,1.00
2010.06.03 02:42:19.685,0.97445,0.9748,8.80,1.00
2010.06.03 02:42:19.899,0.97445,0.9748,4.80,1.00
2010.06.03 02:42:19.979,0.97445,0.97485,4.80,4.90
2010.06.03 02:42:21.459,0.97445,0.9748,4.80,1.00
2010.06.03 02:42:21.799,0.97445,0.97485,9.20,1.00
2010.06.03 02:42:22.020,0.9745,0.97485,2.40,8.10
2010.06.03 02:42:22.239,0.97445,0.97485,5.20,4.10
2010.06.03 02:42:22.937,0.9744,0.9748,1.00,10.50
2010.06.03 02:42:23.122,0.9744,0.9747,2.40,2.40
2010.06.03 02:42:25.701,0.97445,0.9748,1.20,6.40
2010.06.03 02:42:25.723,0.97445,0.9748,1.20,2.40
2010.06.03 02:42:25.861,0.9744,0.9748,11.20,2.40
2010.06.03 02:42:26.902,0.9746,0.9749,1.00,2.40
2010.06.03 02:42:27.885,0.97455,0.9749,1.00,2.40
2010.06.03 02:42:28.045,0.9746,0.9749,3.20,1.00
2010.06.03 02:42:28.394,0.9745,0.9748,2.40,6.40
2010.06.03 02:42:29.397,0.9745,0.9748,2.40,10.40
2010.06.03 02:42:29.640,0.9744,0.97475,2.80,8.00
2010.06.03 02:42:29.880,0.9745,0.9748,2.40,10.40
2010.06.03 02:42:30.119,0.9745,0.9748,2.40,10.50
2010.06.03 02:42:31.097,0.9745,0.9748,2.40,10.40
2010.06.03 02:42:31.414,0.9744,0.9748,3.20,3.20
2010.06.03 02:42:31.733,0.97445,0.97485,1.00,8.00
2010.06.03 02:42:33.010,0.97465,0.9749,1.00,8.00
2010.06.03 02:42:33.219,0.9746,0.9749,2.40,8.00
2010.06.03 02:42:33.419,0.97455,0.9749,1.00,6.40
2010.06.03 02:42:33.629,0.9745,0.9748,6.40,2.40
2010.06.03 02:42:34.413,0.97445,0.9749,9.20,10.90
2010.06.03 02:42:34.755,0.9744,0.9748,8.40,2.40
2010.06.03 02:42:34.960,0.9744,0.9747,8.00,2.40
2010.06.03 02:42:35.168,0.9744,0.9747,4.00,2.40
2010.06.03 02:42:36.957,0.97445,0.97485,4.40,4.40
2010.06.03 02:42:37.179,0.97445,0.97485,1.00,4.40
2010.06.03 02:42:37.248,0.97445,0.97485,4.40,4.00
2010.06.03 02:42:37.319,0.97445,0.9749,8.40,10.90
2010.06.03 02:42:38.629,0.97445,0.97485,8.40,1.00
2010.06.03 02:42:38.909,0.9745,0.9749,1.00,10.40
2010.06.03 02:42:39.191,0.9745,0.9749,6.80,2.40
2010.06.03 02:42:39.409,0.9745,0.9749,6.40,2.80
2010.06.03 02:42:39.629,0.97455,0.9749,4.00,2.80
2010.06.03 02:42:40.650,0.97445,0.9748,4.00,2.40
2010.06.03 02:42:40.902,0.97445,0.9748,8.00,2.40
2010.06.03 02:42:42.851,0.97445,0.9748,4.00,2.40
2010.06.03 02:42:44.531,0.97455,0.9749,4.00,2.80
2010.06.03 02:42:44.758,0.9745,0.9749,10.40,2.80
2010.06.03 02:42:45.418,0.97455,0.9749,4.00,2.80
2010.06.03 02:42:45.618,0.97455,0.9749,4.00,2.90
2010.06.03 02:42:45.819,0.9745,0.9749,10.40,2.90
2010.06.03 02:42:46.733,0.9745,0.9749,8.00,2.90
2010.06.03 02:42:47.159,0.97455,0.9749,1.00,2.40
2010.06.03 02:42:47.379,0.97455,0.97495,1.00,8.40
2010.06.03 02:42:47.599,0.9746,0.97495,1.00,4.00
2010.06.03 02:42:48.491,0.9746,0.975,4.40,6.40
2010.06.03 02:42:48.834,0.97455,0.9749,4.40,2.40
2010.06.03 02:42:48.969,0.97455,0.9749,1.00,2.40
2010.06.03 02:42:52.299,0.97455,0.9749,1.00,2.50
2010.06.03 02:42:52.519,0.9745,0.9749,10.80,2.90
2010.06.03 02:42:52.738,0.9745,0.9749,10.40,2.90
2010.06.03 02:42:53.398,0.9745,0.9749,10.40,2.80
2010.06.03 02:42:55.068,0.9745,0.9749,2.40,10.80
2010.06.03 02:42:56.515,0.9744,0.97475,3.20,1.00
2010.06.03 02:42:58.242,0.9744,0.97475,11.20,1.00
2010.06.03 02:42:58.521,0.9744,0.9748,11.60,2.80
2010.06.03 02:42:58.798,0.9744,0.9748,12.00,2.40
2010.06.03 02:42:59.028,0.9744,0.9748,13.60,2.40
2010.06.03 02:43:00.768,0.97445,0.9748,4.00,2.40
2010.06.03 02:43:01.078,0.9745,0.9748,4.00,2.40
2010.06.03 02:43:01.790,0.9745,0.9749,2.40,10.80
2010.06.03 02:43:02.639,0.9745,0.9749,2.40,10.90
2010.06.03 02:43:02.869,0.97445,0.9749,8.40,10.90
2010.06.03 02:43:03.048,0.9745,0.9749,8.00,2.90
2010.06.03 02:43:03.881,0.97445,0.9749,8.40,10.90
2010.06.03 02:43:07.928,0.97445,0.9748,8.40,2.40
2010.06.03 02:43:16.519,0.9745,0.9748,6.80,2.40
2010.06.03 02:43:18.559,0.9745,0.9748,2.80,2.40
2010.06.03 02:43:19.913,0.9745,0.97485,2.80,1.00
2010.06.03 02:43:20.009,0.9745,0.9749,6.80,6.50
2010.06.03 02:43:20.109,0.9745,0.9749,10.80,2.50
2010.06.03 02:43:20.214,0.9745,0.9749,6.80,2.50
2010.06.03 02:43:20.427,0.9745,0.97485,6.80,1.00
2010.06.03 02:43:20.539,0.9745,0.97485,6.80,1.00
2010.06.03 02:43:21.375,0.9745,0.9749,6.80,2.50
2010.06.03 02:43:25.459,0.9745,0.9749,6.80,2.40
2010.06.03 02:43:25.645,0.9745,0.9749,10.80,2.40
2010.06.03 02:43:35.700,0.9745,0.9748,10.80,2.40
2010.06.03 02:43:36.975,0.9745,0.9749,10.80,2.50
2010.06.03 02:43:37.132,0.9745,0.9748,6.80,2.40
2010.06.03 02:43:43.980,0.9745,0.9749,10.80,2.40
2010.06.03 02:44:01.278,0.9745,0.9749,6.80,2.40
2010.06.03 02:44:01.798,0.9745,0.9749,10.80,2.40
2010.06.03 02:44:02.760,0.9745,0.9748,6.80,2.40
2010.06.03 02:44:14.420,0.9745,0.9749,6.80,6.40
2010.06.03 02:44:16.501,0.9745,0.97485,6.80,1.00
2010.06.03 02:44:16.603,0.9745,0.9748,6.80,2.40
2010.06.03 02:44:18.729,0.9745,0.9748,4.40,2.40
2010.06.03 02:44:21.119,0.9745,0.9748,4.00,2.40
2010.06.03 02:44:21.408,0.97445,0.9748,9.20,2.40
2010.06.03 02:44:21.690,0.97445,0.9748,5.20,2.40
2010.06.03 02:44:21.839,0.9744,0.9748,10.80,2.40
2010.06.03 02:44:22.832,0.9744,0.9748,2.80,10.40
2010.06.03 02:44:31.978,0.9744,0.9748,1.00,10.40
2010.06.03 02:44:32.128,0.97435,0.9748,8.50,10.80
2010.06.03 02:44:32.279,0.97435,0.97475,4.40,4.00
2010.06.03 02:44:32.438,0.97435,0.97475,1.00,4.00
2010.06.03 02:44:32.589,0.97435,0.97475,1.00,8.00
2010.06.03 02:44:35.230,0.9743,0.9747,10.90,2.40
2010.06.03 02:44:35.399,0.97435,0.97475,1.00,8.00
2010.06.03 02:44:36.757,0.9743,0.97475,10.90,8.40
2010.06.03 02:44:37.029,0.9743,0.9747,10.90,2.40
2010.06.03 02:44:37.629,0.9743,0.9747,10.80,2.40
2010.06.03 02:44:37.729,0.9743,0.9747,2.40,10.80
2010.06.03 02:44:37.949,0.9743,0.9747,6.80,2.40
2010.06.03 02:44:38.080,0.9743,0.97465,1.00,4.00
2010.06.03 02:44:41.309,0.97425,0.97465,4.40,8.00
2010.06.03 02:44:41.491,0.97425,0.9746,1.00,4.00
2010.06.03 02:44:41.659,0.97425,0.97465,1.00,8.00
2010.06.03 02:44:46.042,0.97425,0.9746,4.00,2.40
2010.06.03 02:44:46.258,0.97425,0.9746,8.00,2.40
2010.06.03 02:44:47.414,0.97425,0.9747,8.80,11.20
2010.06.03 02:44:47.589,0.97425,0.9747,10.80,11.20
2010.06.03 02:44:48.578,0.97425,0.9747,10.90,11.20
2010.06.03 02:44:49.390,0.97425,0.9747,10.80,11.20
2010.06.03 02:44:50.149,0.97425,0.97465,6.80,4.00
2010.06.03 02:44:51.068,0.97425,0.97465,6.80,4.00
2010.06.03 02:44:52.333,0.97425,0.97465,6.80,4.00
2010.06.03 02:44:53.123,0.9743,0.97465,1.00,4.00
2010.06.03 02:44:57.979,0.9743,0.9747,1.00,10.40
2010.06.03 02:44:59.015,0.9743,0.9747,1.00,10.50
2010.06.03 02:44:59.463,0.9743,0.9747,1.00,10.40
2010.06.03 02:45:02.188,0.9743,0.9747,1.00,10.50
2010.06.03 02:45:02.518,0.9743,0.9747,1.00,10.40
2010.06.03 02:45:03.868,0.9743,0.9747,1.00,10.50
2010.06.03 02:45:03.968,0.9743,0.9747,1.00,10.40
2010.06.03 02:45:05.159,0.97435,0.9747,1.00,6.40
2010.06.03 02:45:05.919,0.97435,0.9747,1.00,2.40
2010.06.03 02:45:26.638,0.97435,0.97475,1.00,8.00
2010.06.03 02:45:35.270,0.97435,0.97475,4.00,4.40
2010.06.03 02:45:36.318,0.97435,0.97475,4.40,4.00
2010.06.03 02:45:38.240,0.97435,0.97475,1.00,4.00
2010.06.03 02:45:38.279,0.9743,0.97475,10.90,4.40
2010.06.03 02:45:38.309,0.9743,0.9747,10.90,2.40
2010.06.03 02:45:39.112,0.9743,0.9747,10.80,2.40
2010.06.03 02:45:39.270,0.97435,0.9747,1.00,2.40
2010.06.03 02:45:39.428,0.97435,0.97475,1.00,8.00
2010.06.03 02:45:41.722,0.97435,0.9747,1.00,2.40
2010.06.03 02:45:42.169,0.97435,0.9746,1.00,2.40
2010.06.03 02:45:42.319,0.9743,0.9746,4.40,2.40
2010.06.03 02:45:43.312,0.97425,0.9746,1.00,6.40
2010.06.03 02:45:50.838,0.9743,0.9746,1.00,2.40
2010.06.03 02:45:51.601,0.97425,0.9746,8.40,2.40
2010.06.03 02:45:52.640,0.9743,0.9746,1.00,2.40
2010.06.03 02:46:07.378,0.9743,0.9747,3.20,10.40
2010.06.03 02:46:07.429,0.97435,0.9747,1.00,10.40
2010.06.03 02:46:07.888,0.97435,0.9747,1.00,2.40
2010.06.03 02:46:12.321,0.9744,0.9748,3.20,10.50
2010.06.03 02:46:12.540,0.9744,0.97475,3.20,1.00
2010.06.03 02:46:13.199,0.9744,0.97475,3.20,4.80
2010.06.03 02:46:13.353,0.9744,0.9748,3.20,10.50
2010.06.03 02:46:16.011,0.9744,0.9748,3.20,10.40
2010.06.03 02:46:16.038,0.9745,0.9748,1.00,10.40
2010.06.03 02:46:16.783,0.9745,0.9748,1.00,6.40
2010.06.03 02:46:17.019,0.9745,0.9748,1.00,2.40
2010.06.03 02:46:18.269,0.9745,0.97485,3.20,5.20
2010.06.03 02:46:18.360,0.9745,0.97485,3.20,1.20
2010.06.03 02:46:18.529,0.9745,0.9749,3.20,10.40
2010.06.03 02:46:20.619,0.9745,0.9749,7.20,6.40
2010.06.03 02:46:20.971,0.9745,0.9749,11.20,6.40
2010.06.03 02:46:21.038,0.9745,0.9749,11.20,2.40
2010.06.03 02:46:22.628,0.97455,0.9749,1.00,2.40
2010.06.03 02:46:23.118,0.97455,0.9749,1.00,6.40
2010.06.03 02:46:32.450,0.97455,0.9749,1.00,6.40
2010.06.03 02:46:32.650,0.97455,0.9748,1.00,2.40
2010.06.03 02:46:32.849,0.9745,0.9748,3.20,2.40
2010.06.03 02:46:34.759,0.9745,0.9749,3.20,10.40
2010.06.03 02:46:36.790,0.9745,0.9749,3.20,10.40
2010.06.03 02:46:41.010,0.9746,0.9749,1.00,10.40
2010.06.03 02:46:41.728,0.9746,0.9749,1.00,10.50
2010.06.03 02:46:42.028,0.9746,0.9749,1.00,10.40
2010.06.03 02:46:42.838,0.9746,0.9749,1.00,10.50
2010.06.03 02:46:46.740,0.9746,0.9749,1.00,10.40
2010.06.03 02:46:47.159,0.97465,0.97495,1.00,8.00
2010.06.03 02:46:48.902,0.97465,0.97495,1.00,8.10
2010.06.03 02:46:52.490,0.9746,0.9749,1.00,2.40
2010.06.03 02:46:53.303,0.97455,0.9749,3.20,2.40
2010.06.03 02:46:53.643,0.97455,0.9749,3.20,10.50
2010.06.03 02:46:54.448,0.97455,0.9749,3.20,10.40
2010.06.03 02:46:55.468,0.97455,0.9749,3.20,10.50
2010.06.03 02:46:59.091,0.97455,0.9749,3.20,10.40
2010.06.03 02:47:03.618,0.97455,0.9749,2.80,10.40
2010.06.03 02:47:03.720,0.97455,0.9749,2.00,10.40
2010.06.03 02:47:03.768,0.97455,0.9749,1.00,10.40
2010.06.03 02:47:14.522,0.97455,0.9749,1.00,10.50
2010.06.03 02:47:19.409,0.9745,0.9749,5.20,10.90
2010.06.03 02:47:19.680,0.9745,0.9749,3.60,10.80
2010.06.03 02:47:20.581,0.9745,0.97485,1.20,8.80
2010.06.03 02:47:20.730,0.97455,0.97485,1.00,8.00
2010.06.03 02:47:21.020,0.97455,0.9749,1.00,8.00
2010.06.03 02:47:21.841,0.9746,0.9749,1.00,8.00
2010.06.03 02:47:22.860,0.9746,0.97485,1.00,8.00
2010.06.03 02:47:23.121,0.9745,0.9749,2.80,10.80
2010.06.03 02:47:23.770,0.9745,0.9749,5.20,10.80
2010.06.03 02:47:25.969,0.9745,0.9749,5.60,10.40
2010.06.03 02:47:26.149,0.9745,0.9749,9.60,2.40
2010.06.03 02:47:27.603,0.97465,0.9749,1.00,2.40
2010.06.03 02:47:27.680,0.9747,0.97505,2.40,8.40
2010.06.03 02:47:27.759,0.9747,0.97505,2.40,4.40
2010.06.03 02:47:27.840,0.97465,0.975,4.40,3.20
2010.06.03 02:47:27.918,0.97465,0.975,1.00,7.20
2010.06.03 02:47:29.299,0.97465,0.975,1.00,11.20
2010.06.03 02:47:32.778,0.97465,0.975,1.00,11.30
2010.06.03 02:47:41.552,0.97465,0.975,1.00,11.20
2010.06.03 02:47:41.720,0.97465,0.975,1.00,2.40
2010.06.03 02:47:41.889,0.9747,0.97505,2.40,8.40
2010.06.03 02:47:42.059,0.9747,0.97505,2.40,8.50
2010.06.03 02:47:50.078,0.9747,0.97505,2.80,8.50
2010.06.03 02:47:50.278,0.9747,0.97505,5.20,8.50
2010.06.03 02:47:50.419,0.9747,0.97505,5.20,1.00
2010.06.03 02:47:50.570,0.9747,0.97505,5.20,8.50
2010.06.03 02:47:54.579,0.9747,0.97505,4.80,8.50
2010.06.03 02:47:54.718,0.9747,0.97505,3.20,8.50
2010.06.03 02:47:54.928,0.9747,0.97505,2.40,8.50
2010.06.03 02:48:09.686,0.9747,0.975,2.40,4.00
2010.06.03 02:48:09.821,0.9747,0.97505,2.40,8.50
2010.06.03 02:48:11.459,0.9747,0.97505,2.40,8.40
2010.06.03 02:48:11.641,0.9747,0.97505,2.40,8.50
2010.06.03 02:48:24.142,0.9747,0.975,2.40,1.00
2010.06.03 02:48:24.334,0.97465,0.975,2.80,2.50
2010.06.03 02:48:25.173,0.97465,0.975,2.80,10.90
2010.06.03 02:48:25.352,0.97465,0.97495,2.80,4.00
2010.06.03 02:48:25.530,0.97465,0.975,2.80,4.00
2010.06.03 02:48:25.710,0.97475,0.9751,1.00,10.90
2010.06.03 02:48:26.060,0.97475,0.9751,1.00,10.80
2010.06.03 02:48:27.031,0.97475,0.97515,1.00,8.40
2010.06.03 02:48:27.039,0.9748,0.97515,1.00,8.40
2010.06.03 02:48:27.380,0.9748,0.97515,2.80,8.50
2010.06.03 02:48:28.409,0.9748,0.9751,2.40,2.40
2010.06.03 02:48:28.549,0.9748,0.9751,1.60,10.40
2010.06.03 02:48:28.689,0.97475,0.9751,1.00,10.80
2010.06.03 02:48:30.961,0.97475,0.9751,1.00,10.90
2010.06.03 02:48:32.839,0.97475,0.97505,1.00,1.00
2010.06.03 02:48:33.019,0.97475,0.975,1.00,4.00
2010.06.03 02:48:33.559,0.9747,0.975,2.40,4.00
2010.06.03 02:48:34.274,0.9747,0.9749,2.40,8.00
2010.06.03 02:48:34.481,0.9745,0.9749,5.60,8.00
2010.06.03 02:48:34.684,0.9745,0.97485,5.20,4.00
2010.06.03 02:48:34.880,0.9745,0.97485,5.20,8.00
2010.06.03 02:48:35.280,0.9745,0.97485,2.40,8.00
2010.06.03 02:48:37.108,0.97455,0.97485,1.00,8.00
2010.06.03 02:48:37.459,0.9745,0.97485,1.00,8.00
2010.06.03 02:48:37.564,0.97445,0.97485,3.20,8.00
2010.06.03 02:48:38.340,0.97445,0.97485,3.20,8.40
2010.06.03 02:48:38.674,0.9744,0.9748,2.80,10.80
2010.06.03 02:48:40.267,0.9744,0.9747,2.80,8.00
2010.06.03 02:48:40.612,0.97435,0.9747,2.80,8.00
2010.06.03 02:48:42.929,0.9744,0.9748,4.00,2.90
2010.06.03 02:48:43.081,0.97445,0.9748,1.00,2.40
2010.06.03 02:48:43.820,0.97445,0.97485,1.60,8.40
2010.06.03 02:48:44.358,0.97445,0.97485,1.60,8.50
2010.06.03 02:48:45.351,0.97445,0.97475,1.20,4.00
2010.06.03 02:48:45.580,0.97445,0.9748,1.20,1.00
2010.06.03 02:48:47.973,0.97445,0.97485,1.60,8.40
2010.06.03 02:48:49.718,0.97445,0.97485,1.70,8.40
2010.06.03 02:48:50.490,0.9745,0.97485,1.00,8.00
2010.06.03 02:48:50.623,0.97455,0.9749,2.80,7.20
2010.06.03 02:48:53.531,0.97455,0.9749,2.80,11.20
2010.06.03 02:49:01.199,0.97455,0.9749,1.20,11.20
2010.06.03 02:49:03.428,0.97455,0.9749,1.20,11.30
2010.06.03 02:49:13.940,0.9745,0.97485,2.80,8.00
2010.06.03 02:49:14.030,0.9745,0.9749,3.60,11.20
2010.06.03 02:49:16.352,0.9745,0.9749,3.60,11.30
2010.06.03 02:49:21.739,0.9745,0.9748,1.00,11.20
2010.06.03 02:49:21.908,0.97445,0.9748,1.20,11.20
2010.06.03 02:49:22.249,0.97445,0.97485,1.20,8.50
2010.06.03 02:49:22.794,0.9745,0.97485,1.00,8.50
2010.06.03 02:49:22.960,0.9745,0.97485,1.20,8.50
2010.06.03 02:49:26.739,0.9745,0.97485,1.20,8.40
2010.06.03 02:49:26.838,0.9745,0.97485,1.20,8.00
2010.06.03 02:49:27.019,0.9745,0.9749,3.60,11.20
2010.06.03 02:49:27.199,0.9745,0.97485,3.60,1.00
2010.06.03 02:49:29.340,0.9745,0.97485,5.20,8.40
2010.06.03 02:49:29.559,0.9745,0.9749,5.20,11.30
2010.06.03 02:49:32.508,0.9745,0.9749,5.60,10.50
2010.06.03 02:49:34.198,0.9745,0.97485,5.60,1.00
2010.06.03 02:49:34.269,0.9745,0.97485,5.60,1.00
2010.06.03 02:49:34.409,0.9745,0.97475,5.20,4.00
2010.06.03 02:49:34.479,0.9745,0.9747,2.40,2.40
2010.06.03 02:49:34.548,0.9745,0.9747,1.00,2.40
2010.06.03 02:49:34.688,0.97445,0.9747,1.00,2.40
2010.06.03 02:49:37.468,0.97445,0.9748,1.00,10.50
2010.06.03 02:49:37.633,0.9745,0.9748,1.00,10.50
2010.06.03 02:49:38.377,0.9745,0.9748,1.00,10.40
2010.06.03 02:49:43.424,0.9744,0.9747,1.20,2.40
2010.06.03 02:49:43.955,0.9744,0.9747,1.00,2.40
2010.06.03 02:49:44.158,0.97435,0.9747,1.00,2.40
2010.06.03 02:49:44.460,0.9744,0.9747,1.00,2.40
2010.06.03 02:49:44.807,0.9744,0.9748,2.80,10.40
2010.06.03 02:49:45.810,0.9744,0.9748,2.80,10.50
2010.06.03 02:49:45.969,0.9744,0.9748,2.80,10.40
2010.06.03 02:49:46.130,0.9744,0.9748,2.40,11.70
2010.06.03 02:49:46.450,0.9744,0.97475,2.40,1.00
2010.06.03 02:49:47.596,0.9743,0.97475,10.90,8.40
2010.06.03 02:49:50.167,0.9743,0.97475,10.80,8.50
2010.06.03 02:49:50.389,0.9743,0.9747,6.80,4.00
2010.06.03 02:49:51.058,0.9743,0.9747,2.80,10.40
2010.06.03 02:49:51.629,0.9743,0.9747,2.90,8.00
2010.06.03 02:49:51.869,0.9743,0.97475,6.90,8.40
2010.06.03 02:49:54.468,0.9743,0.97475,6.80,8.40
2010.06.03 02:49:54.709,0.9743,0.9747,6.40,3.20
2010.06.03 02:49:54.859,0.9743,0.97465,2.40,4.00
2010.06.03 02:50:01.809,0.9743,0.9747,2.40,11.20
2010.06.03 02:50:02.472,0.9743,0.9747,6.80,10.40
2010.06.03 02:50:02.801,0.9743,0.9747,2.40,11.20
2010.06.03 02:50:06.792,0.9743,0.9747,2.40,11.20
2010.06.03 02:50:07.260,0.9743,0.9747,2.40,11.20
2010.06.03 02:50:09.500,0.9743,0.9747,2.40,6.80
2010.06.03 02:50:09.641,0.97425,0.9746,8.00,1.00
2010.06.03 02:50:09.781,0.9743,0.9746,2.40,1.00
2010.06.03 02:50:09.919,0.9742,0.9746,6.40,6.80
2010.06.03 02:50:10.613,0.97425,0.9746,1.00,6.40
2010.06.03 02:50:10.952,0.9743,0.9747,1.00,10.40
2010.06.03 02:50:11.291,0.9743,0.9747,10.80,2.40
2010.06.03 02:50:12.264,0.9743,0.9747,1.00,10.40
2010.06.03 02:50:12.603,0.9743,0.9747,10.80,2.40
2010.06.03 02:50:14.439,0.9743,0.9747,10.90,2.40
2010.06.03 02:50:15.380,0.9743,0.9747,10.80,2.40
2010.06.03 02:50:15.510,0.9743,0.9747,2.80,10.40
2010.06.03 02:50:15.640,0.9743,0.9747,6.80,6.40
2010.06.03 02:50:20.281,0.9743,0.9747,6.80,2.40
2010.06.03 02:50:20.983,0.9743,0.9747,6.80,6.40
2010.06.03 02:50:23.693,0.9743,0.9747,2.40,11.60
2010.06.03 02:50:23.760,0.9743,0.9747,2.40,11.70
2010.06.03 02:50:24.450,0.9743,0.9747,2.40,11.60
2010.06.03 02:50:24.797,0.9743,0.9747,6.80,2.40
2010.06.03 02:50:40.213,0.9743,0.9747,6.80,6.40
2010.06.03 02:50:50.182,0.9742,0.97455,2.50,1.20
2010.06.03 02:50:50.291,0.9742,0.97455,2.50,9.20
2010.06.03 02:50:50.400,0.9741,0.97455,11.30,9.20
2010.06.03 02:50:51.882,0.9741,0.97455,11.20,9.20
2010.06.03 02:50:52.382,0.9741,0.97455,11.30,9.20
2010.06.03 02:50:53.950,0.9741,0.97455,11.20,9.20
2010.06.03 02:50:56.162,0.9741,0.9745,11.30,2.40
2010.06.03 02:50:56.363,0.9741,0.9745,3.20,10.40
2010.06.03 02:50:56.944,0.9741,0.9745,2.40,10.80
2010.06.03 02:51:02.449,0.9741,0.9745,2.40,12.80
2010.06.03 02:51:02.630,0.9741,0.97445,2.40,8.80
2010.06.03 02:51:02.810,0.9741,0.97445,3.20,8.80
2010.06.03 02:51:04.540,0.9741,0.97445,3.20,4.80
2010.06.03 02:51:05.287,0.9741,0.97445,3.20,1.00
2010.06.03 02:51:19.638,0.9741,0.97445,3.20,1.00
2010.06.03 02:51:23.340,0.9741,0.97445,3.20,1.00
2010.06.03 02:51:24.482,0.97415,0.9745,1.00,6.40
2010.06.03 02:51:24.650,0.97415,0.97455,4.40,4.40
2010.06.03 02:51:24.979,0.97415,0.97455,8.40,1.00
2010.06.03 02:51:26.792,0.97415,0.97455,8.40,1.00
2010.06.03 02:51:26.968,0.97415,0.97455,8.40,1.00
2010.06.03 02:51:28.592,0.97415,0.97455,1.00,8.40
2010.06.03 02:51:29.269,0.97415,0.97455,8.40,1.00
2010.06.03 02:51:30.321,0.97415,0.97455,1.00,8.40
2010.06.03 02:51:31.789,0.97415,0.97455,1.00,8.50
2010.06.03 02:51:32.750,0.97415,0.97455,4.40,4.40
2010.06.03 02:51:32.914,0.9742,0.97455,6.40,1.00
2010.06.03 02:51:33.071,0.9742,0.97455,10.40,1.00
2010.06.03 02:51:35.359,0.9742,0.97455,10.50,1.00
2010.06.03 02:51:35.489,0.97425,0.97455,8.00,1.00
2010.06.03 02:51:36.482,0.9743,0.97465,2.40,4.00
2010.06.03 02:51:44.340,0.97425,0.9746,4.00,2.40
2010.06.03 02:51:45.388,0.97415,0.9746,8.40,10.80
2010.06.03 02:51:45.513,0.9742,0.9746,10.80,2.40
2010.06.03 02:51:50.379,0.9742,0.9746,10.90,2.40
2010.06.03 02:51:50.469,0.9742,0.9746,10.80,2.40
2010.06.03 02:51:50.649,0.9742,0.9746,6.80,6.40
2010.06.03 02:51:50.739,0.97415,0.97455,8.80,1.00
2010.06.03 02:51:50.919,0.9742,0.9746,1.00,10.40
2010.06.03 02:51:52.079,0.9742,0.9746,1.00,10.40
2010.06.03 02:51:52.281,0.9741,0.97445,4.00,1.00
2010.06.03 02:51:53.128,0.97415,0.9745,8.00,2.80
2010.06.03 02:51:54.030,0.97415,0.9745,4.00,2.80
2010.06.03 02:51:55.960,0.9741,0.9745,6.80,2.80
2010.06.03 02:51:57.099,0.9741,0.9745,10.80,2.80
2010.06.03 02:52:00.291,0.97405,0.97445,11.20,1.00
2010.06.03 02:52:00.389,0.97405,0.97445,8.80,1.00
2010.06.03 02:52:00.929,0.97405,0.9745,9.20,10.80
2010.06.03 02:52:01.029,0.97405,0.9745,9.60,10.80
2010.06.03 02:52:02.061,0.9741,0.9745,1.00,10.40
2010.06.03 02:52:02.279,0.9741,0.97455,11.20,8.40
2010.06.03 02:52:02.490,0.97415,0.97455,8.00,1.00
2010.06.03 02:52:03.131,0.9742,0.97455,8.00,1.00
2010.06.03 02:52:03.858,0.9742,0.97455,4.00,4.40
2010.06.03 02:52:04.121,0.97415,0.97455,8.80,1.00
2010.06.03 02:52:04.374,0.97415,0.9745,8.00,1.00
2010.06.03 02:52:04.592,0.9741,0.9745,13.20,2.80
2010.06.03 02:52:05.700,0.97405,0.97445,10.80,1.00
2010.06.03 02:52:08.920,0.97405,0.97445,10.40,1.00
2010.06.03 02:52:09.050,0.97405,0.9744,8.00,2.80
2010.06.03 02:52:09.170,0.97405,0.9744,4.00,2.80
2010.06.03 02:52:10.345,0.97405,0.9744,8.00,1.00
2010.06.03 02:52:10.872,0.974,0.9743,4.00,2.40
2010.06.03 02:52:11.142,0.974,0.9744,6.80,6.80
2010.06.03 02:52:12.134,0.97405,0.97445,4.80,4.80
2010.06.03 02:52:12.433,0.97405,0.97445,4.80,4.80
2010.06.03 02:52:14.560,0.97405,0.97445,8.80,1.00
2010.06.03 02:52:17.700,0.97405,0.97445,8.80,1.00
2010.06.03 02:52:18.320,0.97405,0.9745,9.20,10.80
2010.06.03 02:52:18.771,0.97405,0.9745,9.60,10.80
2010.06.03 02:52:19.019,0.97405,0.9745,12.00,10.80
2010.06.03 02:52:23.002,0.97405,0.9745,11.60,10.80
2010.06.03 02:52:23.269,0.97405,0.9745,10.00,10.80
2010.06.03 02:52:23.299,0.97405,0.9745,9.20,10.80
2010.06.03 02:52:23.720,0.97405,0.9745,10.80,10.80
2010.06.03 02:52:23.753,0.97405,0.9745,11.60,10.80
2010.06.03 02:52:23.810,0.97405,0.9745,12.00,10.80
2010.06.03 02:52:25.529,0.97405,0.9745,12.10,10.80
2010.06.03 02:52:25.609,0.9741,0.9745,3.20,10.40
2010.06.03 02:52:25.689,0.9741,0.9745,3.20,4.00
2010.06.03 02:52:25.769,0.9741,0.9745,7.20,4.00
2010.06.03 02:52:25.849,0.9741,0.9745,7.20,6.40
2010.06.03 02:52:30.172,0.9741,0.9745,7.60,6.40
2010.06.03 02:52:30.298,0.9741,0.9745,9.20,6.40
2010.06.03 02:52:31.254,0.97415,0.9745,1.00,6.40
2010.06.03 02:52:31.360,0.97415,0.9745,1.00,10.40
2010.06.03 02:52:32.399,0.97415,0.9745,1.00,6.40
2010.06.03 02:52:33.040,0.9741,0.9745,8.80,6.40
2010.06.03 02:52:33.360,0.97405,0.97445,1.00,8.00
2010.06.03 02:52:35.811,0.97405,0.9745,8.40,7.20
2010.06.03 02:52:36.466,0.97405,0.9745,8.80,6.80
2010.06.03 02:52:36.716,0.9742,0.97455,2.40,4.00
2010.06.03 02:52:38.920,0.9742,0.97455,2.40,4.10
2010.06.03 02:52:39.339,0.9742,0.97455,2.40,4.00
2010.06.03 02:52:43.280,0.9742,0.9746,2.40,10.80
2010.06.03 02:52:44.053,0.9742,0.9746,2.80,10.40
2010.06.03 02:52:46.873,0.9742,0.97455,2.40,4.00
2010.06.03 02:52:48.740,0.9742,0.9746,2.40,10.80
2010.06.03 02:52:49.640,0.9742,0.9746,6.40,6.80
2010.06.03 02:52:50.339,0.9742,0.9746,6.40,6.90
2010.06.03 02:52:52.939,0.9742,0.9746,6.80,6.50
2010.06.03 02:52:54.889,0.9742,0.9746,6.40,6.90
2010.06.03 02:52:55.041,0.9742,0.9746,2.40,10.90
2010.06.03 02:52:57.454,0.9742,0.97455,2.40,1.00
2010.06.03 02:53:01.169,0.9742,0.9746,2.40,10.90
2010.06.03 02:53:01.281,0.9742,0.97455,2.40,1.00
2010.06.03 02:53:01.999,0.9742,0.97455,2.80,1.00
2010.06.03 02:53:02.348,0.9742,0.9746,2.80,10.50
2010.06.03 02:53:02.520,0.9742,0.97455,2.80,1.00
2010.06.03 02:53:03.478,0.9742,0.9746,2.80,10.50
2010.06.03 02:53:03.689,0.9742,0.97455,2.80,1.00
2010.06.03 02:53:04.450,0.9742,0.9746,2.80,10.50
2010.06.03 02:53:04.800,0.9742,0.9744,1.00,2.40
2010.06.03 02:53:05.070,0.9741,0.9744,1.00,10.40
2010.06.03 02:53:07.162,0.97405,0.9744,1.00,10.50
2010.06.03 02:53:07.254,0.974,0.9744,1.00,10.40
2010.06.03 02:53:07.340,0.974,0.9744,1.00,10.80
2010.06.03 02:53:07.510,0.974,0.9744,1.00,10.40
2010.06.03 02:53:07.600,0.974,0.9744,3.20,10.40
2010.06.03 02:53:08.321,0.974,0.9744,2.80,10.40
2010.06.03 02:53:08.422,0.97405,0.9744,1.00,2.40
2010.06.03 02:53:08.761,0.974,0.9744,7.20,6.40
2010.06.03 02:53:09.100,0.97405,0.9744,1.00,10.40
2010.06.03 02:53:11.273,0.9741,0.9744,2.40,2.40
2010.06.03 02:53:15.289,0.9741,0.9745,2.80,10.40
2010.06.03 02:53:15.368,0.9741,0.9745,6.80,10.40
2010.06.03 02:53:15.449,0.9741,0.9745,6.80,6.40
2010.06.03 02:53:19.951,0.9741,0.9745,6.80,10.40
2010.06.03 02:53:20.158,0.9741,0.9745,1.00,10.40
2010.06.03 02:53:20.361,0.97405,0.9745,8.80,10.80
2010.06.03 02:53:20.560,0.97405,0.97445,8.40,1.00
2010.06.03 02:53:20.760,0.97405,0.97445,1.00,8.40
2010.06.03 02:53:20.960,0.974,0.97445,7.20,8.40
2010.06.03 02:53:22.789,0.974,0.97445,7.20,8.50
2010.06.03 02:53:22.899,0.974,0.9744,7.20,2.40
2010.06.03 02:53:23.009,0.974,0.9744,6.80,2.80
2010.06.03 02:53:23.120,0.974,0.9744,6.40,2.90
2010.06.03 02:53:23.229,0.974,0.9744,4.00,2.90
2010.06.03 02:53:24.271,0.97395,0.97435,4.40,4.00
2010.06.03 02:53:24.971,0.97395,0.9743,1.00,2.40
2010.06.03 02:53:27.059,0.97395,0.9743,1.00,6.40
2010.06.03 02:53:29.671,0.9739,0.9743,6.80,6.40
2010.06.03 02:53:29.912,0.9739,0.9743,6.40,7.60
2010.06.03 02:53:30.804,0.97395,0.97435,1.00,8.00
2010.06.03 02:53:31.055,0.974,0.97435,3.20,8.00
2010.06.03 02:53:31.985,0.97395,0.97435,8.40,1.00
2010.06.03 02:53:32.300,0.97395,0.9744,8.40,10.80
2010.06.03 02:53:33.562,0.9738,0.9742,3.20,11.20
2010.06.03 02:53:33.853,0.97375,0.97415,1.60,8.40
2010.06.03 02:53:34.644,0.97375,0.9741,1.60,1.00
2010.06.03 02:53:34.938,0.9737,0.97415,6.80,8.40
2010.06.03 02:53:35.235,0.9737,0.97415,8.40,8.40
2010.06.03 02:53:36.105,0.9737,0.9741,10.40,6.80
2010.06.03 02:53:36.402,0.9737,0.97405,2.40,1.00
2010.06.03 02:53:38.467,0.9736,0.974,4.80,6.80
2010.06.03 02:53:38.513,0.9736,0.974,4.80,6.80
2010.06.03 02:53:38.587,0.9736,0.974,4.00,6.80
2010.06.03 02:53:40.182,0.9736,0.974,4.40,6.40
2010.06.03 02:53:40.523,0.9736,0.974,6.90,4.00
2010.06.03 02:53:41.177,0.9736,0.97405,6.90,8.40
2010.06.03 02:53:41.504,0.9737,0.97415,11.20,8.40
2010.06.03 02:53:41.711,0.9738,0.9742,6.40,6.80
2010.06.03 02:53:43.691,0.9738,0.9742,6.80,4.00
2010.06.03 02:53:45.250,0.9738,0.97425,10.90,8.40
2010.06.03 02:53:45.400,0.9738,0.97425,10.80,4.40
2010.06.03 02:53:46.181,0.9738,0.97425,10.90,8.40
2010.06.03 02:53:46.341,0.97385,0.97425,8.00,1.00
2010.06.03 02:53:47.060,0.9738,0.97425,10.80,8.40
2010.06.03 02:53:48.772,0.9739,0.9743,4.00,4.40
2010.06.03 02:53:49.492,0.97395,0.97435,8.40,1.00
2010.06.03 02:53:49.732,0.97395,0.9743,8.40,2.40
2010.06.03 02:53:50.655,0.9739,0.9743,6.80,6.40
2010.06.03 02:53:50.831,0.9739,0.9743,10.80,2.40
2010.06.03 02:53:51.550,0.9739,0.9743,6.80,2.40
2010.06.03 02:53:57.163,0.9739,0.9743,10.80,2.40
2010.06.03 02:54:07.901,0.9739,0.9743,6.80,2.40
2010.06.03 02:54:11.228,0.9739,0.9743,7.20,2.40
2010.06.03 02:54:11.995,0.9739,0.9743,7.20,2.50
2010.06.03 02:54:13.029,0.9739,0.9743,7.20,6.50
2010.06.03 02:54:13.409,0.9739,0.9743,7.20,6.40
2010.06.03 02:54:15.879,0.9739,0.9743,7.20,2.40
2010.06.03 02:54:16.921,0.9739,0.9743,11.20,2.40
2010.06.03 02:54:17.284,0.9739,0.9743,11.20,2.50
2010.06.03 02:54:17.550,0.9739,0.9743,7.20,6.40
2010.06.03 02:54:18.662,0.97395,0.9743,1.00,2.40
2010.06.03 02:54:18.962,0.97395,0.97435,1.00,8.40
2010.06.03 02:54:19.259,0.97395,0.97435,1.00,8.50
2010.06.03 02:54:20.985,0.97395,0.97435,1.00,8.40
2010.06.03 02:54:21.530,0.97395,0.97435,1.00,8.50
2010.06.03 02:54:23.550,0.97395,0.97435,1.00,8.40
2010.06.03 02:54:37.009,0.97395,0.97435,1.00,8.40
2010.06.03 02:54:37.589,0.97395,0.97435,1.00,8.50
2010.06.03 02:54:38.269,0.974,0.97435,1.00,8.40
2010.06.03 02:54:38.460,0.974,0.97435,11.60,1.00
2010.06.03 02:54:38.661,0.974,0.9744,1.00,8.00
2010.06.03 02:54:39.340,0.974,0.97435,1.00,4.00
2010.06.03 02:54:39.442,0.97395,0.97435,1.00,8.40
2010.06.03 02:54:41.300,0.974,0.97435,1.00,8.00
2010.06.03 02:54:41.370,0.974,0.9744,1.00,8.00
2010.06.03 02:54:41.519,0.97405,0.9744,1.00,8.00
2010.06.03 02:54:41.662,0.97405,0.97445,1.00,8.00
2010.06.03 02:55:00.499,0.97405,0.97445,1.00,8.10
2010.06.03 02:55:01.811,0.97405,0.97445,1.00,8.00
2010.06.03 02:55:35.910,0.974,0.9744,10.90,2.40
2010.06.03 02:55:36.041,0.9741,0.97445,4.00,4.00
2010.06.03 02:55:36.722,0.9741,0.9745,4.00,6.80
2010.06.03 02:55:36.838,0.97415,0.97455,4.00,4.40
2010.06.03 02:55:41.439,0.9741,0.97455,10.80,4.40
2010.06.03 02:55:41.580,0.9741,0.97455,10.80,8.40
2010.06.03 02:55:44.065,0.9741,0.9745,2.80,8.00
2010.06.03 02:55:44.261,0.9741,0.97455,10.80,8.40
2010.06.03 02:55:45.369,0.9741,0.97455,10.90,8.40
2010.06.03 02:55:46.549,0.9741,0.97455,10.80,8.50
2010.06.03 02:55:47.252,0.9741,0.97455,10.80,8.40
2010.06.03 02:55:47.278,0.9741,0.97455,10.80,8.50
2010.06.03 02:55:48.509,0.9741,0.9745,10.80,2.40
2010.06.03 02:55:49.235,0.97425,0.9745,4.00,2.80
2010.06.03 02:55:49.307,0.9743,0.97475,11.60,9.20
2010.06.03 02:55:50.078,0.97435,0.97475,1.00,8.00
2010.06.03 02:55:50.425,0.9744,0.97475,2.40,8.00
2010.06.03 02:55:50.961,0.9744,0.97475,2.40,9.20
2010.06.03 02:55:51.162,0.9743,0.9746,4.00,2.40
2010.06.03 02:55:51.363,0.97415,0.97455,4.80,4.40
2010.06.03 02:55:52.203,0.9741,0.97455,10.80,8.40
2010.06.03 02:55:52.780,0.97415,0.97455,8.00,1.00
2010.06.03 02:55:53.980,0.97415,0.97455,4.00,4.40
2010.06.03 02:55:54.700,0.97415,0.9745,4.00,1.00
2010.06.03 02:55:55.671,0.9741,0.9745,6.80,6.40
2010.06.03 02:56:04.750,0.97415,0.9745,1.00,6.40
2010.06.03 02:56:04.801,0.97415,0.9745,1.00,2.40
2010.06.03 02:56:04.850,0.97415,0.9745,1.00,6.40
2010.06.03 02:56:04.887,0.97415,0.9745,1.00,10.40
2010.06.03 02:56:05.874,0.9741,0.9745,4.00,2.80
2010.06.03 02:56:06.550,0.9741,0.9745,4.40,2.40
2010.06.03 02:56:06.860,0.9741,0.9745,4.00,2.80
2010.06.03 02:56:08.144,0.9741,0.9745,4.00,2.90
2010.06.03 02:56:08.318,0.974,0.9744,8.10,2.80
2010.06.03 02:56:08.641,0.974,0.9744,11.30,2.40
2010.06.03 02:56:10.266,0.974,0.9744,11.20,2.40
2010.06.03 02:56:10.609,0.974,0.9744,11.30,2.40
2010.06.03 02:56:10.872,0.974,0.9744,11.20,2.40
2010.06.03 02:56:15.169,0.974,0.9744,3.20,10.40
2010.06.03 02:56:15.260,0.974,0.9744,1.00,10.40
2010.06.03 02:56:16.653,0.97395,0.9744,8.40,10.80
2010.06.03 02:56:23.320,0.974,0.9744,3.20,10.40
2010.06.03 02:56:24.025,0.9741,0.9744,2.40,8.00
2010.06.03 02:56:24.252,0.9741,0.9745,2.40,10.90
2010.06.03 02:56:26.877,0.9741,0.9745,2.40,10.80
2010.06.03 02:56:27.441,0.9741,0.9745,10.80,2.40
2010.06.03 02:56:27.560,0.9741,0.97455,10.80,8.80
2010.06.03 02:56:31.559,0.9741,0.97455,10.80,8.40
2010.06.03 02:56:34.133,0.9741,0.9745,4.00,4.40
2010.06.03 02:56:36.559,0.9741,0.97445,4.00,1.00
2010.06.03 02:56:36.760,0.9741,0.97445,4.00,4.40
2010.06.03 02:56:36.859,0.974,0.97445,10.80,8.40
2010.06.03 02:56:49.221,0.974,0.97445,10.90,8.40
2010.06.03 02:56:50.329,0.974,0.97445,10.80,8.40
2010.06.03 02:56:51.582,0.97405,0.9745,8.40,10.80
2010.06.03 02:56:54.060,0.97405,0.9745,8.40,8.40
2010.06.03 02:56:54.747,0.97405,0.9745,8.40,10.80
2010.06.03 02:56:54.950,0.97405,0.9745,8.40,8.40
2010.06.03 02:56:55.050,0.97405,0.9745,8.40,10.80
2010.06.03 02:56:55.249,0.97405,0.9745,8.40,8.40
2010.06.03 02:56:55.349,0.97405,0.9745,8.40,10.80
2010.06.03 02:56:57.640,0.97405,0.9745,8.40,8.40
2010.06.03 02:56:57.850,0.97405,0.9745,8.40,10.80
2010.06.03 02:56:58.830,0.97405,0.9745,8.40,8.40
2010.06.03 02:56:58.959,0.97405,0.9745,8.40,10.80
2010.06.03 02:56:59.090,0.97405,0.9745,8.40,8.40
2010.06.03 02:56:59.351,0.97405,0.9745,8.40,10.80
2010.06.03 02:57:00.085,0.97405,0.9745,8.40,8.40
2010.06.03 02:57:00.674,0.97405,0.9745,8.40,10.80
2010.06.03 02:57:01.481,0.97405,0.9745,8.40,10.90
2010.06.03 02:57:01.711,0.97405,0.97445,4.00,4.40
2010.06.03 02:57:01.940,0.974,0.97445,6.80,8.40
2010.06.03 02:57:02.763,0.974,0.97445,6.80,8.50
2010.06.03 02:57:03.070,0.974,0.9744,6.80,4.00
2010.06.03 02:57:03.221,0.974,0.97435,6.40,1.00
2010.06.03 02:57:04.150,0.974,0.97435,2.40,4.40
2010.06.03 02:57:04.436,0.974,0.97445,10.80,8.40
2010.06.03 02:57:04.746,0.97405,0.97445,8.00,1.00
2010.06.03 02:57:05.802,0.97415,0.97455,1.00,8.40
2010.06.03 02:57:06.731,0.97415,0.97455,1.00,8.00
2010.06.03 02:57:06.930,0.9742,0.97455,2.40,8.00
2010.06.03 02:57:07.582,0.97425,0.9746,1.00,6.40
2010.06.03 02:57:09.192,0.97425,0.9746,1.00,2.40
2010.06.03 02:57:09.307,0.97425,0.9746,1.00,2.50
2010.06.03 02:57:10.064,0.9741,0.9745,11.60,2.40
2010.06.03 02:57:10.391,0.9741,0.9745,6.40,2.80
2010.06.03 02:57:10.721,0.9741,0.9745,2.40,10.90
2010.06.03 02:57:14.850,0.9741,0.9745,2.40,10.80
2010.06.03 02:57:14.971,0.9741,0.9745,2.80,10.40
2010.06.03 02:57:15.101,0.9741,0.9745,2.80,8.00
2010.06.03 02:57:15.744,0.9741,0.9745,6.80,4.00
2010.06.03 02:57:15.874,0.97395,0.9744,8.40,10.80
2010.06.03 02:57:22.206,0.9741,0.9745,1.00,8.00
2010.06.03 02:57:22.541,0.9741,0.9745,6.80,6.40
2010.06.03 02:57:22.713,0.97405,0.9744,8.00,2.80
2010.06.03 02:57:23.521,0.974,0.9744,2.40,10.80
2010.06.03 02:57:26.659,0.974,0.9744,2.40,10.90
2010.06.03 02:57:33.761,0.97405,0.9744,1.00,8.00
2010.06.03 02:57:33.860,0.9741,0.9744,2.40,4.00
2010.06.03 02:57:33.959,0.9741,0.9744,2.40,1.00
2010.06.03 02:57:34.061,0.9741,0.9744,2.40,1.00
2010.06.03 02:57:34.160,0.974,0.9744,6.80,1.00
2010.06.03 02:57:35.340,0.974,0.9744,6.40,2.90
2010.06.03 02:57:36.342,0.974,0.9744,6.40,2.80
2010.06.03 02:57:38.529,0.974,0.9744,6.40,2.90
2010.06.03 02:57:39.582,0.974,0.9744,6.40,2.80
2010.06.03 02:57:41.473,0.97415,0.97455,1.00,8.00
2010.06.03 02:57:41.570,0.97415,0.97455,4.40,4.00
2010.06.03 02:57:41.620,0.97415,0.9746,8.40,10.80
2010.06.03 02:57:51.630,0.97415,0.9746,8.40,10.80
2010.06.03 02:57:51.720,0.97415,0.97455,8.00,1.00
2010.06.03 02:57:52.450,0.97415,0.9744,4.00,2.40
2010.06.03 02:57:52.636,0.97405,0.9744,1.00,2.40
2010.06.03 02:57:52.812,0.97405,0.97445,1.20,8.00
2010.06.03 02:57:55.346,0.97405,0.97445,1.20,8.10
2010.06.03 02:57:56.361,0.974,0.97445,6.80,8.50
2010.06.03 02:57:59.336,0.974,0.9744,6.80,1.00
2010.06.03 02:58:04.169,0.974,0.9744,6.80,4.10
2010.06.03 02:58:06.790,0.974,0.9744,6.80,4.00
2010.06.03 02:58:06.910,0.97405,0.97445,5.20,4.00
2010.06.03 02:58:06.971,0.9741,0.9745,4.00,6.80
2010.06.03 02:58:07.090,0.9741,0.9745,4.00,2.80
2010.06.03 02:58:07.152,0.97415,0.9745,1.00,2.40
2010.06.03 02:58:07.214,0.97415,0.97455,1.00,8.50
2010.06.03 02:58:07.947,0.9742,0.97455,1.00,1.00
2010.06.03 02:58:08.291,0.9742,0.9746,1.00,8.00
2010.06.03 02:58:09.999,0.9742,0.9746,1.00,10.40
2010.06.03 02:58:10.140,0.9742,0.97455,1.00,4.00
2010.06.03 02:58:10.280,0.97415,0.97455,1.00,8.40
2010.06.03 02:58:11.837,0.97415,0.97455,1.00,8.50
2010.06.03 02:58:15.820,0.9741,0.9745,7.20,2.40
2010.06.03 02:58:26.107,0.9741,0.9745,2.80,10.40
2010.06.03 02:58:26.292,0.97405,0.9744,5.20,2.40
2010.06.03 02:58:26.512,0.9741,0.9745,2.40,11.70
2010.06.03 02:58:28.324,0.9741,0.9745,2.40,11.60
2010.06.03 02:58:28.750,0.97415,0.9745,1.00,3.20
2010.06.03 02:58:31.910,0.9742,0.97455,2.40,8.00
2010.06.03 02:58:32.010,0.9742,0.97455,2.40,8.00
2010.06.03 02:58:32.430,0.9742,0.97455,2.40,8.00
2010.06.03 02:58:33.957,0.9743,0.97465,2.40,8.00
2010.06.03 02:58:34.304,0.9743,0.9747,6.80,6.40
2010.06.03 02:58:44.161,0.9743,0.9747,6.90,6.40
2010.06.03 02:58:44.271,0.9743,0.9747,10.90,6.40
2010.06.03 02:58:44.380,0.9743,0.9747,10.80,2.40
2010.06.03 02:58:44.480,0.9743,0.9747,6.40,4.80
2010.06.03 02:58:44.580,0.9743,0.9747,2.40,11.20
2010.06.03 02:58:45.723,0.9743,0.9747,2.40,11.30
2010.06.03 02:58:46.052,0.9743,0.9747,2.40,11.20
2010.06.03 02:58:46.384,0.9743,0.97465,2.40,8.00
2010.06.03 02:58:47.481,0.9743,0.97465,2.40,4.00
2010.06.03 02:58:47.694,0.9743,0.9747,2.40,11.30
2010.06.03 02:58:49.502,0.9743,0.9747,2.40,11.20
2010.06.03 02:59:03.859,0.97425,0.9746,8.80,2.40
2010.06.03 02:59:03.961,0.97425,0.9746,1.00,2.40
2010.06.03 02:59:10.710,0.9743,0.9747,2.80,10.50
2010.06.03 02:59:13.150,0.9743,0.9747,2.80,10.40
2010.06.03 02:59:13.430,0.9743,0.9747,6.80,10.40
2010.06.03 02:59:13.502,0.9743,0.9747,6.80,6.50
2010.06.03 02:59:15.570,0.9743,0.9747,6.80,6.40
2010.06.03 02:59:21.692,0.9743,0.9747,6.40,6.80
2010.06.03 02:59:23.005,0.9742,0.9746,3.20,11.30
2010.06.03 02:59:23.453,0.9742,0.9746,3.20,11.20
2010.06.03 02:59:24.610,0.9742,0.9746,3.20,11.30
2010.06.03 02:59:28.769,0.9742,0.9746,3.20,11.20
2010.06.03 02:59:28.933,0.9743,0.9746,1.00,2.40
2010.06.03 02:59:29.022,0.9743,0.9747,7.60,6.40
2010.06.03 02:59:29.110,0.9743,0.97465,3.60,8.00
2010.06.03 02:59:29.190,0.97425,0.9746,2.40,2.80
2010.06.03 02:59:29.271,0.9742,0.9746,10.40,2.80
2010.06.03 02:59:29.362,0.9742,0.9746,7.20,3.20
2010.06.03 02:59:30.084,0.97425,0.9746,1.00,10.40
2010.06.03 02:59:30.423,0.97415,0.9745,1.00,2.40
2010.06.03 02:59:31.660,0.9741,0.9745,13.20,2.40
2010.06.03 02:59:31.732,0.9741,0.9745,11.60,2.40
2010.06.03 02:59:31.800,0.9741,0.9745,10.80,2.40
2010.06.03 02:59:34.460,0.9741,0.9745,10.90,2.40
2010.06.03 02:59:34.555,0.9741,0.97455,10.90,8.40
2010.06.03 02:59:34.730,0.97415,0.97455,1.00,8.00
2010.06.03 02:59:35.750,0.97415,0.9745,1.00,2.40
2010.06.03 02:59:39.421,0.9741,0.9745,10.80,2.40
2010.06.03 02:59:47.376,0.9741,0.9745,10.90,2.40
2010.06.03 02:59:47.449,0.9741,0.9745,11.70,2.40
2010.06.03 02:59:47.510,0.9742,0.9745,1.00,2.40
2010.06.03 02:59:47.570,0.9742,0.9746,3.20,11.20
2010.06.03 02:59:47.691,0.97425,0.9746,1.00,10.40
2010.06.03 02:59:48.427,0.97425,0.9746,4.40,2.40
2010.06.03 02:59:48.694,0.97415,0.9745,2.00,2.40
2010.06.03 02:59:49.480,0.9742,0.97455,3.20,8.00
2010.06.03 02:59:49.619,0.9742,0.9746,3.20,11.20
2010.06.03 02:59:49.911,0.97425,0.9746,4.00,3.20
2010.06.03 02:59:50.930,0.97425,0.9746,4.40,2.40
2010.06.03 02:59:52.581,0.9743,0.9746,5.20,2.40
2010.06.03 02:59:52.760,0.9743,0.9747,4.40,2.80
2010.06.03 02:59:52.930,0.97425,0.97465,4.40,4.00
2010.06.03 02:59:55.995,0.97425,0.97465,5.20,4.00
2010.06.03 02:59:56.070,0.9743,0.9747,4.00,2.80
2010.06.03 02:59:56.149,0.9743,0.9747,7.20,2.40
