2016.10.14 20:00:00.011,0.75319,0.75347,3.37,2.62
2016.10.14 20:00:00.116,0.75324,0.75348,1.00,2.62
2016.10.14 20:00:00.435,0.7532,0.7535,1.12,1.75
2016.10.14 20:00:00.537,0.75325,0.75352,1.00,2.10
2016.10.14 20:00:00.690,0.7533,0.75352,1.00,1.35
2016.10.14 20:00:01.667,0.75329,0.75352,1.00,1.35
2016.10.14 20:00:02.099,0.7533,0.75352,1.00,1.00
2016.10.14 20:00:02.679,0.7533,0.75354,1.00,1.12
2016.10.14 20:00:03.513,0.7533,0.75355,1.00,1.37
2016.10.14 20:00:04.974,0.75325,0.75355,1.50,1.87
2016.10.14 20:00:05.130,0.7533,0.75355,1.00,1.37
2016.10.14 20:00:05.434,0.75325,0.75355,1.50,1.87
2016.10.14 20:00:10.032,0.75325,0.75354,1.50,1.30
2016.10.14 20:00:10.083,0.75329,0.75354,1.00,1.30
2016.10.14 20:00:10.184,0.75329,0.75355,1.00,1.37
2016.10.14 20:00:10.635,0.7533,0.75355,1.00,1.87
2016.10.14 20:00:11.552,0.75335,0.75355,1.00,1.37
2016.10.14 20:00:11.962,0.7533,0.75355,1.00,1.87
2016.10.14 20:00:13.158,0.75334,0.75355,1.00,1.37
2016.10.14 20:00:14.565,0.75334,0.75356,1.00,1.67
2016.10.14 20:00:16.143,0.75329,0.75356,1.00,2.10
2016.10.14 20:00:16.784,0.75329,0.75355,1.00,1.37
2016.10.14 20:00:18.145,0.7533,0.75355,1.00,1.87
2016.10.14 20:00:18.464,0.7533,0.75351,1.00,1.00
2016.10.14 20:00:18.548,0.75324,0.75351,1.35,2.25
2016.10.14 20:00:18.978,0.75324,0.75351,1.00,2.25
2016.10.14 20:00:19.564,0.75324,0.75351,1.00,2.85
2016.10.14 20:00:19.859,0.75325,0.75352,1.00,1.75
2016.10.14 20:00:20.162,0.75324,0.75349,1.00,1.12
2016.10.14 20:00:20.666,0.75325,0.75349,1.00,1.12
2016.10.14 20:00:22.262,0.75325,0.75349,1.00,1.12
2016.10.14 20:00:22.314,0.75325,0.7535,1.00,1.50
2016.10.14 20:00:22.364,0.75325,0.75354,1.00,2.25
2016.10.14 20:00:22.467,0.75325,0.75354,1.00,1.75
2016.10.14 20:00:23.717,0.75325,0.75354,1.12,1.75
2016.10.14 20:00:23.768,0.75325,0.75354,1.50,1.75
2016.10.14 20:00:31.065,0.75325,0.75353,1.50,1.50
2016.10.14 20:00:31.865,0.7533,0.75353,1.00,1.50
2016.10.14 20:00:32.206,0.75325,0.75353,1.50,1.50
2016.10.14 20:00:32.766,0.75329,0.75353,1.00,1.50
2016.10.14 20:00:33.972,0.75325,0.7535,1.00,1.00
2016.10.14 20:00:35.360,0.75325,0.7535,1.00,1.50
2016.10.14 20:00:36.269,0.75325,0.75348,1.00,1.00
2016.10.14 20:00:36.980,0.75324,0.75348,1.00,1.00
2016.10.14 20:00:37.544,0.75325,0.75348,1.00,1.00
2016.10.14 20:00:40.161,0.75325,0.75353,1.00,1.75
2016.10.14 20:00:40.212,0.75325,0.75354,1.00,1.75
2016.10.14 20:00:41.945,0.75329,0.75354,1.00,1.75
2016.10.14 20:00:42.230,0.75329,0.75356,1.00,1.75
2016.10.14 20:00:46.412,0.75329,0.75355,1.00,1.75
2016.10.14 20:00:46.467,0.75325,0.75355,1.50,2.25
2016.10.14 20:00:47.007,0.75325,0.75354,1.50,1.75
2016.10.14 20:00:47.058,0.75324,0.75354,1.75,1.75
2016.10.14 20:00:47.790,0.75324,0.75353,1.75,1.50
2016.10.14 20:00:48.718,0.7533,0.75353,1.00,1.50
2016.10.14 20:00:51.420,0.75325,0.75353,1.50,1.50
2016.10.14 20:00:51.721,0.7533,0.75353,1.00,1.50
2016.10.14 20:00:53.459,0.7533,0.75353,1.00,1.75
2016.10.14 20:00:55.183,0.7533,0.75354,1.00,1.75
2016.10.14 20:01:05.761,0.75325,0.75354,1.00,1.75
2016.10.14 20:01:05.811,0.75325,0.75353,1.00,1.75
2016.10.14 20:01:06.361,0.75325,0.7535,1.00,2.25
2016.10.14 20:01:06.412,0.75325,0.75349,1.00,1.12
2016.10.14 20:01:06.464,0.75325,0.75349,1.00,1.12
2016.10.14 20:01:07.714,0.75325,0.7535,1.00,1.50
2016.10.14 20:01:09.209,0.75325,0.7535,1.00,1.37
2016.10.14 20:01:09.259,0.75325,0.75351,1.00,1.00
2016.10.14 20:01:12.146,0.75324,0.75351,1.00,1.00
2016.10.14 20:01:13.115,0.75325,0.75351,1.00,1.00
2016.10.14 20:01:14.065,0.75325,0.7535,1.00,1.00
2016.10.14 20:01:14.116,0.75325,0.7535,1.00,1.37
2016.10.14 20:01:14.202,0.75325,0.7535,1.00,1.75
2016.10.14 20:01:32.841,0.75325,0.7535,1.00,1.37
2016.10.14 20:01:33.836,0.75322,0.7535,1.12,1.37
2016.10.14 20:01:33.887,0.7532,0.7535,1.50,1.37
2016.10.14 20:01:33.938,0.75319,0.75345,1.75,1.00
2016.10.14 20:01:34.219,0.75315,0.75345,1.75,1.00
2016.10.14 20:01:34.311,0.75315,0.75345,2.25,1.00
2016.10.14 20:01:34.362,0.75319,0.75347,1.12,1.50
2016.10.14 20:01:37.872,0.75325,0.75347,1.00,1.50
2016.10.14 20:01:37.922,0.75325,0.75349,1.00,2.10
2016.10.14 20:01:38.024,0.75325,0.75349,1.00,1.75
2016.10.14 20:01:38.127,0.75325,0.7535,1.00,2.25
2016.10.14 20:01:40.123,0.75325,0.75349,1.00,1.75
2016.10.14 20:01:48.762,0.7532,0.75349,1.00,1.75
2016.10.14 20:01:48.813,0.7532,0.75347,1.00,1.67
2016.10.14 20:01:48.864,0.75325,0.75347,1.00,1.67
2016.10.14 20:01:49.166,0.7532,0.75349,1.00,1.75
2016.10.14 20:01:49.273,0.7532,0.75349,1.12,1.50
2016.10.14 20:01:49.324,0.7532,0.75349,1.50,1.50
2016.10.14 20:01:55.663,0.7532,0.75348,1.50,1.12
2016.10.14 20:01:56.231,0.75319,0.75348,1.75,1.12
2016.10.14 20:02:00.163,0.7532,0.75348,1.50,1.12
2016.10.14 20:02:03.251,0.75319,0.75348,1.75,1.12
2016.10.14 20:02:05.653,0.7532,0.75348,1.50,1.12
2016.10.14 20:02:06.177,0.7532,0.75348,1.12,1.50
2016.10.14 20:02:06.246,0.7532,0.75345,1.12,1.00
2016.10.14 20:02:06.297,0.7532,0.75345,1.12,1.12
2016.10.14 20:02:06.347,0.7532,0.75345,1.00,1.50
2016.10.14 20:02:11.023,0.7532,0.7535,1.00,1.75
2016.10.14 20:02:12.630,0.7532,0.75346,1.00,1.75
2016.10.14 20:02:20.999,0.75315,0.75345,1.75,1.50
2016.10.14 20:02:23.228,0.75315,0.75345,1.37,1.75
2016.10.14 20:02:23.310,0.75315,0.75345,1.12,1.75
2016.10.14 20:02:24.758,0.75315,0.75344,1.12,1.35
2016.10.14 20:02:24.809,0.75315,0.7534,1.12,1.00
2016.10.14 20:02:25.129,0.75315,0.7534,1.00,1.37
2016.10.14 20:02:25.179,0.75315,0.7534,1.00,1.50
2016.10.14 20:02:29.983,0.75315,0.75339,1.00,1.30
2016.10.14 20:02:30.084,0.75314,0.75339,1.00,1.30
2016.10.14 20:02:30.517,0.75315,0.75339,1.00,1.30
2016.10.14 20:02:32.747,0.75315,0.75337,1.00,1.00
2016.10.14 20:02:32.901,0.75315,0.75337,1.00,1.37
2016.10.14 20:02:44.011,0.75315,0.75337,1.00,1.97
2016.10.14 20:02:45.398,0.75314,0.75337,1.00,1.97
2016.10.14 20:02:45.932,0.75315,0.75337,1.00,1.97
2016.10.14 20:02:46.608,0.75315,0.75336,1.00,1.72
2016.10.14 20:02:59.288,0.75315,0.75336,1.00,1.35
2016.10.14 20:02:59.339,0.75315,0.75339,1.00,2.47
2016.10.14 20:02:59.957,0.7532,0.75339,1.00,2.47
2016.10.14 20:03:05.052,0.75314,0.75339,1.00,1.30
2016.10.14 20:03:05.620,0.7532,0.75339,1.00,1.30
2016.10.14 20:03:06.648,0.75315,0.75339,1.00,1.30
2016.10.14 20:03:08.924,0.75319,0.75339,1.00,1.30
2016.10.14 20:03:13.028,0.75314,0.75339,1.00,1.30
2016.10.14 20:03:19.814,0.7532,0.75339,1.00,1.30
2016.10.14 20:03:20.312,0.75315,0.75339,1.00,1.30
2016.10.14 20:03:21.761,0.7532,0.75339,1.00,1.30
2016.10.14 20:03:23.345,0.75315,0.75338,1.00,2.10
2016.10.14 20:03:36.050,0.7532,0.75338,1.00,2.10
2016.10.14 20:03:36.706,0.75315,0.75338,1.00,2.10
2016.10.14 20:03:37.252,0.7532,0.75338,1.00,2.10
2016.10.14 20:03:38.353,0.75315,0.75338,1.00,2.10
2016.10.14 20:03:38.968,0.7532,0.75338,1.00,2.10
2016.10.14 20:03:39.811,0.7532,0.7534,1.00,1.67
2016.10.14 20:03:40.182,0.7532,0.75341,1.00,2.47
2016.10.14 20:04:00.211,0.75319,0.75341,1.00,2.47
2016.10.14 20:04:07.359,0.75314,0.75341,1.12,2.47
2016.10.14 20:04:07.415,0.75319,0.75342,1.00,2.85
2016.10.14 20:04:09.766,0.75315,0.75342,1.00,2.85
2016.10.14 20:04:24.317,0.75314,0.75342,1.12,2.85
2016.10.14 20:04:29.722,0.75315,0.7534,1.00,1.60
2016.10.14 20:04:30.752,0.75315,0.75342,1.00,1.35
2016.10.14 20:04:32.688,0.75315,0.75341,1.00,1.60
2016.10.14 20:04:32.739,0.75315,0.75341,1.00,1.35
2016.10.14 20:04:42.818,0.75312,0.7534,1.50,1.72
2016.10.14 20:04:50.112,0.7531,0.7534,2.62,2.10
2016.10.14 20:04:50.162,0.7531,0.75339,1.87,1.35
2016.10.14 20:04:50.787,0.7531,0.7534,2.25,1.72
2016.10.14 20:05:17.464,0.7531,0.75341,1.50,2.10
2016.10.14 20:05:17.759,0.7531,0.7534,2.25,1.72
2016.10.14 20:05:22.177,0.7531,0.75336,1.50,1.00
2016.10.14 20:05:22.655,0.7531,0.75341,1.50,2.10
2016.10.14 20:05:22.956,0.7531,0.7534,2.25,1.72
2016.10.14 20:05:25.078,0.7531,0.75335,1.50,1.00
2016.10.14 20:05:29.739,0.7531,0.75335,1.50,1.60
2016.10.14 20:05:29.790,0.75307,0.7533,1.75,1.00
2016.10.14 20:05:29.841,0.75305,0.7533,1.75,1.00
2016.10.14 20:05:30.570,0.75305,0.7533,1.37,1.00
2016.10.14 20:05:30.620,0.75305,0.7533,1.12,1.00
2016.10.14 20:05:30.671,0.75302,0.7533,1.75,1.00
2016.10.14 20:05:30.823,0.75302,0.7533,1.75,1.35
2016.10.14 20:05:30.874,0.753,0.75331,1.75,1.60
2016.10.14 20:05:30.975,0.753,0.7533,1.75,1.30
2016.10.14 20:05:31.026,0.75302,0.7533,1.00,1.35
2016.10.14 20:05:37.972,0.75302,0.7533,1.00,2.10
2016.10.14 20:05:40.987,0.75302,0.7533,1.00,1.35
2016.10.14 20:05:41.475,0.75302,0.7533,1.00,2.10
2016.10.14 20:05:42.302,0.75302,0.7533,1.00,1.35
2016.10.14 20:05:43.661,0.75302,0.7533,1.00,1.60
2016.10.14 20:05:43.711,0.75302,0.7533,1.00,2.10
2016.10.14 20:05:44.638,0.75299,0.75325,1.00,1.00
2016.10.14 20:05:46.384,0.75299,0.75326,1.00,1.00
2016.10.14 20:05:47.188,0.753,0.75328,1.00,1.50
2016.10.14 20:05:49.759,0.753,0.75325,1.00,1.00
2016.10.14 20:05:50.060,0.753,0.75325,1.00,1.35
2016.10.14 20:05:50.111,0.753,0.75328,1.00,2.10
2016.10.14 20:05:51.255,0.753,0.75328,1.75,1.60
2016.10.14 20:05:51.356,0.753,0.75329,1.75,2.10
2016.10.14 20:05:59.115,0.75298,0.75325,1.75,1.35
2016.10.14 20:05:59.296,0.75299,0.75329,1.75,2.10
2016.10.14 20:06:01.355,0.75299,0.7533,1.75,3.22
2016.10.14 20:06:01.406,0.753,0.75325,1.75,1.00
2016.10.14 20:06:03.243,0.753,0.75325,1.50,1.00
2016.10.14 20:06:11.183,0.75296,0.7532,1.75,1.00
2016.10.14 20:06:15.259,0.753,0.75325,1.50,1.00
2016.10.14 20:06:17.760,0.75296,0.7532,1.75,1.00
2016.10.14 20:06:18.817,0.75296,0.75325,1.75,2.85
2016.10.14 20:06:18.868,0.75296,0.75325,1.75,1.60
2016.10.14 20:06:19.405,0.75295,0.75324,2.25,1.35
2016.10.14 20:06:19.456,0.7529,0.75321,1.75,1.00
2016.10.14 20:06:19.717,0.7529,0.75321,1.75,1.12
2016.10.14 20:06:20.315,0.7529,0.75318,1.75,2.10
2016.10.14 20:06:20.366,0.7529,0.75318,1.75,2.85
2016.10.14 20:06:20.416,0.7529,0.75318,1.75,2.10
2016.10.14 20:06:21.000,0.7529,0.7532,1.50,3.22
2016.10.14 20:06:22.309,0.7529,0.7532,1.50,1.12
2016.10.14 20:06:22.590,0.7529,0.7532,1.75,1.00
2016.10.14 20:06:23.355,0.75289,0.75321,2.25,1.00
2016.10.14 20:06:23.456,0.7529,0.7532,1.75,1.00
2016.10.14 20:06:23.778,0.75289,0.75321,2.25,1.00
2016.10.14 20:06:24.280,0.7529,0.7532,1.75,1.00
2016.10.14 20:06:29.916,0.7529,0.7532,1.75,1.50
2016.10.14 20:06:30.510,0.7529,0.7532,1.75,2.25
2016.10.14 20:06:33.330,0.7529,0.7532,1.75,1.50
2016.10.14 20:06:35.564,0.75291,0.7532,1.75,1.50
2016.10.14 20:06:40.040,0.75291,0.75321,1.75,1.75
2016.10.14 20:06:43.187,0.75294,0.75321,1.75,1.00
2016.10.14 20:06:43.360,0.75295,0.75325,1.75,1.72
2016.10.14 20:06:43.830,0.75295,0.75325,1.75,2.47
2016.10.14 20:06:43.881,0.75291,0.75321,1.75,1.00
2016.10.14 20:06:44.041,0.75294,0.75321,1.00,1.00
2016.10.14 20:06:44.752,0.75294,0.7532,1.00,1.00
2016.10.14 20:06:47.597,0.75294,0.75321,1.00,1.00
2016.10.14 20:06:47.910,0.7529,0.75319,1.75,1.12
2016.10.14 20:06:50.562,0.7529,0.7532,1.75,1.50
2016.10.14 20:06:51.361,0.75289,0.75321,2.25,1.75
2016.10.14 20:06:51.607,0.75289,0.7532,2.25,1.50
2016.10.14 20:06:59.159,0.7529,0.7532,1.75,2.25
2016.10.14 20:06:59.261,0.7529,0.7532,2.25,1.50
2016.10.14 20:06:59.463,0.75294,0.7532,1.00,1.00
2016.10.14 20:07:03.166,0.75295,0.75323,1.00,1.00
2016.10.14 20:07:03.400,0.75295,0.75324,1.75,1.00
2016.10.14 20:07:03.451,0.75295,0.75325,1.75,1.12
2016.10.14 20:07:08.654,0.75299,0.75325,1.00,1.12
2016.10.14 20:07:08.704,0.753,0.75325,1.00,1.12
2016.10.14 20:07:08.755,0.753,0.75325,2.25,1.00
2016.10.14 20:07:18.757,0.75302,0.75325,1.75,1.00
2016.10.14 20:07:19.039,0.75303,0.75325,1.67,1.00
2016.10.14 20:07:19.507,0.75305,0.7533,1.00,1.00
2016.10.14 20:07:24.912,0.75305,0.7533,1.12,1.00
2016.10.14 20:07:26.586,0.75303,0.75325,1.67,1.00
2016.10.14 20:07:27.100,0.75304,0.75331,1.37,1.35
2016.10.14 20:07:32.293,0.75303,0.75325,1.67,1.00
2016.10.14 20:07:33.515,0.75304,0.75331,1.37,1.35
2016.10.14 20:07:35.109,0.75305,0.7533,1.12,1.00
2016.10.14 20:07:45.789,0.75305,0.7533,1.50,1.00
2016.10.14 20:07:45.840,0.75305,0.7533,1.75,1.00
2016.10.14 20:07:49.457,0.75306,0.7533,1.35,1.00
2016.10.14 20:07:49.659,0.75306,0.75331,1.35,1.00
2016.10.14 20:07:50.155,0.75304,0.75331,1.75,1.00
2016.10.14 20:07:50.395,0.75305,0.75335,1.75,1.87
2016.10.14 20:08:00.257,0.75303,0.75335,2.25,1.12
2016.10.14 20:08:01.387,0.75303,0.75325,2.25,1.00
2016.10.14 20:08:05.807,0.75306,0.75325,1.30,1.00
2016.10.14 20:08:08.130,0.75306,0.75326,1.30,1.00
2016.10.14 20:08:09.458,0.75306,0.7533,1.30,1.00
2016.10.14 20:08:17.040,0.75306,0.75326,1.30,1.00
2016.10.14 20:08:20.222,0.75304,0.75326,1.35,1.00
2016.10.14 20:08:21.145,0.75305,0.7533,1.50,1.00
2016.10.14 20:08:21.481,0.75304,0.75325,1.35,1.00
2016.10.14 20:08:31.255,0.75305,0.7533,1.50,1.00
2016.10.14 20:08:32.709,0.75305,0.7533,1.12,1.12
2016.10.14 20:08:32.760,0.75305,0.7533,1.00,1.12
2016.10.14 20:08:38.944,0.75304,0.75331,1.72,1.50
2016.10.14 20:08:38.994,0.75305,0.7533,1.00,1.12
2016.10.14 20:08:39.064,0.75304,0.75325,1.30,1.00
2016.10.14 20:08:39.315,0.75305,0.7533,1.00,1.12
2016.10.14 20:08:40.301,0.75304,0.75325,1.30,1.00
2016.10.14 20:08:52.702,0.75303,0.75325,1.35,1.00
2016.10.14 20:08:52.803,0.75304,0.75325,1.67,1.00
2016.10.14 20:08:59.109,0.75305,0.7533,1.12,1.00
2016.10.14 20:08:59.407,0.75304,0.75325,1.67,1.00
2016.10.14 20:09:00.160,0.75305,0.7533,1.12,1.00
2016.10.14 20:09:02.595,0.75304,0.75325,1.67,1.00
2016.10.14 20:09:09.409,0.75304,0.75326,1.67,1.00
2016.10.14 20:09:09.934,0.75304,0.75325,1.67,1.00
2016.10.14 20:09:11.406,0.75305,0.7533,1.12,1.00
2016.10.14 20:09:21.325,0.75304,0.75325,1.67,1.00
2016.10.14 20:09:29.267,0.75305,0.7533,1.12,1.00
2016.10.14 20:09:35.459,0.75304,0.75325,2.10,1.00
2016.10.14 20:09:38.833,0.75304,0.75326,2.10,1.00
2016.10.14 20:09:46.758,0.75305,0.7533,1.12,1.00
2016.10.14 20:09:52.806,0.75305,0.7533,1.00,1.00
2016.10.14 20:09:53.846,0.75304,0.75325,1.72,1.00
2016.10.14 20:09:54.047,0.75305,0.7533,1.00,1.00
2016.10.14 20:10:07.969,0.75304,0.75325,1.72,1.00
2016.10.14 20:10:08.121,0.75304,0.75325,2.10,1.00
2016.10.14 20:10:08.564,0.75304,0.75331,2.85,1.00
2016.10.14 20:10:10.065,0.75304,0.75325,2.10,1.00
2016.10.14 20:10:12.688,0.75304,0.75325,1.72,1.00
2016.10.14 20:10:14.287,0.75305,0.7533,1.00,1.00
2016.10.14 20:10:16.149,0.75305,0.7533,1.37,1.00
2016.10.14 20:10:16.199,0.75306,0.7533,1.00,1.00
2016.10.14 20:10:21.866,0.75306,0.75325,1.00,1.00
2016.10.14 20:10:23.180,0.75306,0.7533,1.00,1.00
2016.10.14 20:10:27.683,0.75306,0.75331,1.00,1.00
2016.10.14 20:10:32.515,0.75306,0.7533,1.00,1.00
2016.10.14 20:10:32.677,0.75305,0.7533,1.50,1.00
2016.10.14 20:10:32.728,0.75305,0.7533,1.12,1.00
2016.10.14 20:10:39.749,0.75304,0.75331,2.10,1.00
2016.10.14 20:10:39.800,0.75305,0.7533,1.12,1.00
2016.10.14 20:10:44.603,0.75304,0.75331,2.10,1.00
2016.10.14 20:10:45.574,0.75305,0.7533,1.12,1.00
2016.10.14 20:10:48.520,0.75305,0.7533,1.00,1.00
2016.10.14 20:10:50.561,0.75304,0.75325,1.30,1.00
2016.10.14 20:10:53.114,0.75305,0.7533,1.00,1.00
2016.10.14 20:10:54.216,0.75304,0.75325,1.30,1.00
2016.10.14 20:10:55.717,0.75305,0.7533,1.00,1.00
2016.10.14 20:10:59.643,0.75304,0.75325,1.30,1.00
2016.10.14 20:11:00.522,0.75305,0.7533,1.00,1.00
2016.10.14 20:11:01.633,0.75304,0.75325,1.30,1.00
2016.10.14 20:11:05.229,0.75304,0.75326,1.30,1.00
2016.10.14 20:11:05.974,0.75304,0.75325,1.30,1.00
2016.10.14 20:11:06.076,0.75305,0.7533,1.00,1.00
2016.10.14 20:11:06.230,0.75304,0.75325,1.30,1.00
2016.10.14 20:11:06.566,0.75305,0.7533,1.00,1.00
2016.10.14 20:11:08.271,0.75304,0.75325,1.30,1.00
2016.10.14 20:11:12.237,0.75305,0.7533,1.00,1.00
2016.10.14 20:11:12.720,0.75305,0.7533,1.12,1.00
2016.10.14 20:11:13.867,0.75303,0.7533,1.50,1.00
2016.10.14 20:11:20.114,0.753,0.7533,2.25,1.00
2016.10.14 20:11:20.165,0.753,0.75325,1.75,1.00
2016.10.14 20:11:20.367,0.75299,0.75326,1.75,1.00
2016.10.14 20:11:21.117,0.75299,0.75325,1.75,1.00
2016.10.14 20:11:21.665,0.75299,0.75331,2.25,2.85
2016.10.14 20:11:22.137,0.75299,0.75331,2.25,2.25
2016.10.14 20:11:22.188,0.753,0.7533,2.25,1.50
2016.10.14 20:11:26.257,0.75301,0.7533,1.50,1.50
2016.10.14 20:11:27.199,0.75301,0.75325,1.75,1.00
2016.10.14 20:11:27.606,0.753,0.75325,2.25,1.00
2016.10.14 20:11:29.232,0.753,0.7533,2.25,1.00
2016.10.14 20:11:37.624,0.753,0.7533,2.25,1.50
2016.10.14 20:11:37.675,0.753,0.75331,1.75,1.75
2016.10.14 20:11:38.004,0.753,0.75325,1.75,1.00
2016.10.14 20:11:38.166,0.753,0.75331,1.75,1.75
2016.10.14 20:11:38.666,0.753,0.75325,2.25,1.00
2016.10.14 20:11:38.868,0.753,0.75325,1.75,1.00
2016.10.14 20:11:42.462,0.75299,0.7532,1.75,1.00
2016.10.14 20:11:42.963,0.75298,0.7532,1.75,1.00
2016.10.14 20:11:44.008,0.75298,0.75321,1.75,1.00
2016.10.14 20:11:44.544,0.75298,0.7532,1.75,1.00
2016.10.14 20:11:45.756,0.75297,0.7532,1.75,1.00
2016.10.14 20:11:46.417,0.75296,0.7532,2.10,1.00
2016.10.14 20:11:46.468,0.75298,0.7532,1.00,1.00
2016.10.14 20:11:48.645,0.75298,0.75321,1.00,1.00
2016.10.14 20:11:49.299,0.75298,0.7532,1.00,1.00
2016.10.14 20:11:51.887,0.75298,0.75321,1.00,1.00
2016.10.14 20:11:52.441,0.75298,0.7532,1.00,1.00
2016.10.14 20:11:53.185,0.75298,0.75321,1.00,1.00
2016.10.14 20:11:53.387,0.75298,0.75321,1.50,1.00
2016.10.14 20:11:53.489,0.75301,0.75321,1.00,1.00
2016.10.14 20:11:55.688,0.75301,0.7532,1.00,1.00
2016.10.14 20:11:55.891,0.75295,0.7532,1.75,1.00
2016.10.14 20:12:06.821,0.75293,0.7532,1.75,1.00
2016.10.14 20:12:06.872,0.7529,0.7532,2.25,1.00
2016.10.14 20:12:07.015,0.7529,0.75319,1.75,1.00
2016.10.14 20:12:07.286,0.75289,0.75315,1.75,1.00
2016.10.14 20:12:07.387,0.75288,0.75315,1.75,1.00
2016.10.14 20:12:09.864,0.7529,0.7532,1.75,1.00
2016.10.14 20:12:10.503,0.75291,0.7532,1.75,1.00
2016.10.14 20:12:11.804,0.75292,0.7532,1.75,1.00
2016.10.14 20:12:12.353,0.75291,0.7532,1.75,1.00
2016.10.14 20:12:12.449,0.75292,0.7532,1.75,1.00
2016.10.14 20:12:19.008,0.75292,0.75321,1.75,1.12
2016.10.14 20:12:21.093,0.75292,0.7532,1.75,1.00
2016.10.14 20:12:22.112,0.75292,0.75321,1.75,1.12
2016.10.14 20:12:22.213,0.75292,0.7532,1.75,1.00
2016.10.14 20:12:23.013,0.75292,0.75321,1.75,1.12
2016.10.14 20:12:23.145,0.75292,0.75321,1.75,1.00
2016.10.14 20:12:23.678,0.75292,0.7532,1.75,1.00
2016.10.14 20:12:28.276,0.75293,0.7532,1.75,1.00
2016.10.14 20:12:28.611,0.75295,0.7532,1.75,1.00
2016.10.14 20:12:29.377,0.75295,0.75325,2.25,1.12
2016.10.14 20:12:29.827,0.75295,0.75321,1.75,1.00
2016.10.14 20:12:29.885,0.75295,0.75326,1.75,1.50
2016.10.14 20:12:35.993,0.75295,0.75325,1.75,1.12
2016.10.14 20:12:43.025,0.75295,0.75326,1.75,2.10
2016.10.14 20:12:43.096,0.75291,0.7532,2.25,1.00
2016.10.14 20:12:43.147,0.75289,0.75316,1.75,1.00
2016.10.14 20:12:43.249,0.75285,0.75316,1.75,1.00
2016.10.14 20:12:43.313,0.75285,0.75316,1.75,1.37
2016.10.14 20:12:43.364,0.75285,0.75316,1.75,1.50
2016.10.14 20:12:45.440,0.75285,0.75315,2.25,1.12
2016.10.14 20:12:47.557,0.75285,0.75315,2.25,1.00
2016.10.14 20:12:49.912,0.75288,0.75315,1.75,1.00
2016.10.14 20:12:52.949,0.75287,0.75315,1.75,1.00
2016.10.14 20:13:03.134,0.7529,0.75315,1.00,1.00
2016.10.14 20:13:03.185,0.75287,0.75315,1.75,1.00
2016.10.14 20:13:03.925,0.7529,0.75319,1.12,1.75
2016.10.14 20:13:07.428,0.75289,0.75319,1.50,1.75
2016.10.14 20:13:10.124,0.7529,0.75319,1.12,1.75
2016.10.14 20:13:23.145,0.7529,0.75318,1.37,1.00
2016.10.14 20:13:23.196,0.7529,0.75319,1.50,1.50
2016.10.14 20:13:24.645,0.75287,0.75315,1.75,1.00
2016.10.14 20:13:25.647,0.7529,0.75319,1.50,1.50
2016.10.14 20:13:26.951,0.7529,0.75315,1.50,1.00
2016.10.14 20:13:27.707,0.7529,0.75318,1.50,1.12
2016.10.14 20:13:29.171,0.75289,0.75318,1.75,1.12
2016.10.14 20:13:29.222,0.75289,0.75318,1.75,1.72
2016.10.14 20:13:29.273,0.7529,0.75315,1.12,1.12
2016.10.14 20:13:29.323,0.7529,0.75315,1.00,1.12
2016.10.14 20:13:31.364,0.75289,0.75317,1.00,1.50
2016.10.14 20:13:31.819,0.75289,0.75317,1.00,2.10
2016.10.14 20:13:31.870,0.7529,0.75315,1.00,1.12
2016.10.14 20:13:36.283,0.7529,0.75317,1.00,1.50
2016.10.14 20:13:36.814,0.7529,0.75317,1.00,2.10
2016.10.14 20:13:36.865,0.7529,0.75315,1.00,1.12
2016.10.14 20:13:39.104,0.7529,0.75317,1.00,1.50
2016.10.14 20:13:39.509,0.75285,0.75315,3.00,1.12
2016.10.14 20:13:40.665,0.7529,0.75317,1.00,1.50
2016.10.14 20:13:44.621,0.7529,0.75317,1.00,1.75
2016.10.14 20:13:44.671,0.75285,0.75316,2.25,1.50
2016.10.14 20:13:44.772,0.7529,0.75316,1.00,1.50
2016.10.14 20:13:44.992,0.75285,0.75315,1.75,1.12
2016.10.14 20:13:45.043,0.75285,0.75315,1.50,1.75
2016.10.14 20:13:45.093,0.7529,0.75316,1.00,1.75
2016.10.14 20:13:49.544,0.7529,0.75317,1.00,1.75
2016.10.14 20:13:50.928,0.7529,0.75318,1.00,2.10
2016.10.14 20:14:00.644,0.7529,0.75317,1.00,1.50
2016.10.14 20:14:00.726,0.75285,0.75315,1.75,1.00
2016.10.14 20:14:00.915,0.7529,0.75318,1.00,2.10
2016.10.14 20:14:01.068,0.7529,0.75316,1.00,1.12
2016.10.14 20:14:03.433,0.75285,0.75315,1.75,1.00
2016.10.14 20:14:03.505,0.7529,0.75316,1.00,1.12
2016.10.14 20:14:05.666,0.7529,0.75318,1.00,2.10
2016.10.14 20:14:08.506,0.75285,0.75315,2.25,1.00
2016.10.14 20:14:08.594,0.75289,0.75318,1.12,2.10
2016.10.14 20:14:08.694,0.75285,0.75315,2.25,1.00
2016.10.14 20:14:10.162,0.75289,0.75318,1.12,2.10
2016.10.14 20:14:11.648,0.75289,0.75316,1.12,1.12
2016.10.14 20:14:12.651,0.75289,0.75316,1.12,1.50
2016.10.14 20:14:12.701,0.75289,0.75316,1.00,1.75
2016.10.14 20:14:15.105,0.7529,0.75316,1.00,1.75
2016.10.14 20:14:15.604,0.75285,0.75315,1.75,1.50
2016.10.14 20:14:16.223,0.7529,0.75318,1.00,1.35
2016.10.14 20:14:18.314,0.75287,0.75315,1.12,1.50
2016.10.14 20:14:19.724,0.7529,0.75318,1.00,1.35
2016.10.14 20:14:21.857,0.75288,0.75315,1.00,1.50
2016.10.14 20:14:26.816,0.7529,0.75318,1.00,1.35
2016.10.14 20:14:28.117,0.75288,0.75315,1.00,1.50
2016.10.14 20:14:29.129,0.75288,0.75316,1.00,1.75
2016.10.14 20:14:29.281,0.75288,0.75316,1.12,1.37
2016.10.14 20:14:29.332,0.75288,0.75316,1.50,1.00
2016.10.14 20:14:29.561,0.7529,0.75319,1.12,1.35
2016.10.14 20:14:29.831,0.7529,0.7532,1.12,2.25
2016.10.14 20:14:29.882,0.7529,0.7532,1.50,1.87
2016.10.14 20:14:29.933,0.75296,0.75325,1.00,2.25
2016.10.14 20:14:29.983,0.75296,0.75325,1.37,1.87
2016.10.14 20:14:30.034,0.75295,0.75325,1.75,1.87
2016.10.14 20:14:30.481,0.753,0.75325,1.00,1.12
2016.10.14 20:14:30.532,0.75301,0.75329,1.00,1.35
2016.10.14 20:14:31.574,0.753,0.75329,1.00,1.35
2016.10.14 20:14:33.234,0.75301,0.75329,1.00,1.35
2016.10.14 20:14:34.880,0.75301,0.75329,1.00,1.35
2016.10.14 20:14:34.930,0.75302,0.75331,1.12,1.75
2016.10.14 20:14:34.981,0.75303,0.7533,1.00,1.50
2016.10.14 20:14:35.066,0.75303,0.7533,1.75,1.00
2016.10.14 20:14:36.255,0.75304,0.7533,1.50,1.00
2016.10.14 20:14:36.305,0.75307,0.75335,1.50,1.12
2016.10.14 20:14:36.837,0.75307,0.75335,1.00,1.75
2016.10.14 20:14:37.668,0.75309,0.75335,1.00,1.75
2016.10.14 20:14:38.244,0.75309,0.7534,1.00,1.75
2016.10.14 20:14:39.813,0.75309,0.7534,1.75,2.25
2016.10.14 20:14:39.965,0.75309,0.7534,1.75,1.75
2016.10.14 20:14:40.067,0.75309,0.7534,1.75,2.25
2016.10.14 20:14:44.213,0.75311,0.7534,1.12,2.25
2016.10.14 20:14:44.264,0.75311,0.7534,1.12,1.75
2016.10.14 20:14:44.459,0.75313,0.7534,1.00,1.75
2016.10.14 20:14:44.611,0.75313,0.7534,1.12,1.00
2016.10.14 20:14:45.470,0.75312,0.7534,1.50,1.00
2016.10.14 20:14:45.521,0.75312,0.75341,1.00,1.75
2016.10.14 20:14:45.959,0.75309,0.75341,1.75,2.25
2016.10.14 20:14:46.010,0.75309,0.75335,1.75,1.00
2016.10.14 20:14:46.636,0.75307,0.75335,1.75,1.00
2016.10.14 20:14:48.500,0.75307,0.75335,1.50,1.12
2016.10.14 20:14:48.551,0.75306,0.75335,1.75,1.50
2016.10.14 20:14:48.602,0.75306,0.75338,1.75,1.75
2016.10.14 20:14:48.709,0.75306,0.75338,1.75,1.50
2016.10.14 20:14:48.760,0.75309,0.75338,1.00,1.50
2016.10.14 20:14:48.848,0.75309,0.75338,1.00,1.00
2016.10.14 20:14:51.319,0.75309,0.75335,1.00,1.00
2016.10.14 20:14:54.863,0.75305,0.75335,1.75,1.37
2016.10.14 20:14:54.913,0.75305,0.75335,1.75,1.50
2016.10.14 20:14:57.676,0.75305,0.75339,2.25,1.75
2016.10.14 20:14:58.008,0.75305,0.75335,1.75,1.50
2016.10.14 20:14:58.210,0.75305,0.75339,2.25,1.75
2016.10.14 20:15:01.152,0.75306,0.75339,1.75,1.75
2016.10.14 20:15:01.203,0.75305,0.75336,1.12,1.75
2016.10.14 20:15:01.398,0.75304,0.75336,1.50,1.75
2016.10.14 20:15:02.016,0.75304,0.75337,1.50,1.75
2016.10.14 20:15:02.156,0.75305,0.75337,1.12,1.75
2016.10.14 20:15:02.437,0.75306,0.75338,1.00,1.75
2016.10.14 20:15:09.606,0.75306,0.75335,1.00,1.75
2016.10.14 20:15:09.708,0.75306,0.75338,1.00,1.75
2016.10.14 20:15:09.809,0.75306,0.75335,1.00,1.75
2016.10.14 20:15:09.860,0.75307,0.75335,1.00,1.50
2016.10.14 20:15:11.768,0.75308,0.75335,1.00,1.50
2016.10.14 20:15:12.144,0.75307,0.75335,1.50,1.00
2016.10.14 20:15:13.469,0.75307,0.75335,1.50,1.50
2016.10.14 20:15:14.610,0.75308,0.75335,1.00,1.50
2016.10.14 20:15:14.877,0.75309,0.75341,1.12,1.75
2016.10.14 20:15:14.927,0.75309,0.75341,1.50,1.75
2016.10.14 20:15:15.176,0.7531,0.75341,1.12,1.75
2016.10.14 20:15:16.450,0.7531,0.75341,1.75,1.50
2016.10.14 20:15:18.574,0.7531,0.7534,1.75,1.12
2016.10.14 20:15:22.360,0.75311,0.7534,1.75,1.12
2016.10.14 20:15:24.494,0.75313,0.7534,1.12,1.12
2016.10.14 20:15:26.755,0.75312,0.7534,1.50,1.12
2016.10.14 20:15:32.889,0.75313,0.75341,1.00,1.37
2016.10.14 20:15:32.939,0.75312,0.75341,1.75,1.12
2016.10.14 20:15:33.258,0.75312,0.7534,1.75,1.00
2016.10.14 20:15:33.433,0.75312,0.75341,1.75,1.12
2016.10.14 20:15:34.757,0.75312,0.7534,1.75,1.00
2016.10.14 20:15:45.551,0.75312,0.75341,1.75,1.12
2016.10.14 20:15:46.359,0.75312,0.7534,1.75,1.00
2016.10.14 20:15:46.410,0.7531,0.7534,1.50,1.37
2016.10.14 20:15:46.512,0.7531,0.7534,1.12,1.75
2016.10.14 20:15:46.970,0.75309,0.75336,1.50,1.00
2016.10.14 20:15:47.412,0.75307,0.75336,1.75,1.00
2016.10.14 20:15:47.514,0.75307,0.75336,1.50,1.37
2016.10.14 20:15:47.583,0.75307,0.75336,1.12,1.50
2016.10.14 20:15:50.095,0.75306,0.75336,1.37,1.50
2016.10.14 20:15:50.336,0.75307,0.75336,1.12,1.50
2016.10.14 20:15:50.387,0.7531,0.7534,1.00,2.25
2016.10.14 20:15:50.438,0.7531,0.7534,1.12,2.25
2016.10.14 20:15:52.389,0.75305,0.75335,1.50,1.37
2016.10.14 20:15:52.440,0.75305,0.75335,1.12,1.75
2016.10.14 20:16:00.217,0.75307,0.75335,1.00,1.75
2016.10.14 20:16:00.268,0.75307,0.75335,1.37,1.50
2016.10.14 20:16:00.318,0.75307,0.75335,1.50,1.12
2016.10.14 20:16:00.650,0.75308,0.75335,1.12,1.12
2016.10.14 20:16:08.755,0.75309,0.75335,1.00,1.12
2016.10.14 20:16:12.212,0.7531,0.7534,1.00,1.75
2016.10.14 20:16:16.817,0.75309,0.75341,1.00,1.75
2016.10.14 20:16:17.085,0.7531,0.7534,2.85,1.00
2016.10.14 20:16:17.186,0.7531,0.7534,2.25,1.00
2016.10.14 20:16:32.699,0.7531,0.7534,2.25,1.37
2016.10.14 20:16:32.750,0.7531,0.7534,2.25,1.50
2016.10.14 20:16:35.818,0.7531,0.7534,1.75,2.25
2016.10.14 20:16:35.919,0.7531,0.7534,1.37,2.25
2016.10.14 20:16:35.970,0.7531,0.7534,1.00,2.25
2016.10.14 20:16:36.052,0.75308,0.75336,1.12,1.50
2016.10.14 20:16:36.355,0.75307,0.75336,1.50,1.50
2016.10.14 20:16:36.633,0.7531,0.75339,1.00,1.75
2016.10.14 20:16:41.408,0.7531,0.7534,1.00,1.75
2016.10.14 20:16:41.851,0.7531,0.7534,1.00,2.25
2016.10.14 20:16:46.358,0.7531,0.7534,1.00,1.75
2016.10.14 20:16:47.110,0.75308,0.75335,1.12,1.12
2016.10.14 20:16:47.275,0.75305,0.75335,2.85,1.12
2016.10.14 20:16:47.337,0.75305,0.75335,2.10,1.12
2016.10.14 20:16:49.057,0.75305,0.75335,2.85,1.12
2016.10.14 20:16:52.801,0.75305,0.75335,2.85,1.00
2016.10.14 20:16:52.852,0.75307,0.75335,1.75,1.00
2016.10.14 20:16:52.965,0.75305,0.75335,2.85,1.00
2016.10.14 20:16:53.155,0.75306,0.75335,1.75,1.00
2016.10.14 20:16:53.256,0.75306,0.75336,1.75,1.12
2016.10.14 20:16:53.309,0.75305,0.75336,2.10,1.12
2016.10.14 20:16:56.761,0.75305,0.75335,2.85,1.00
2016.10.14 20:16:58.443,0.75305,0.75335,2.25,1.00
2016.10.14 20:17:01.156,0.75305,0.75337,1.75,1.50
2016.10.14 20:17:02.755,0.75307,0.75339,1.75,1.75
2016.10.14 20:17:03.229,0.75307,0.75335,1.75,1.00
2016.10.14 20:17:04.383,0.75305,0.75335,2.25,1.00
2016.10.14 20:17:04.675,0.75306,0.75335,1.75,1.00
2016.10.14 20:17:10.715,0.75309,0.75335,1.12,1.00
2016.10.14 20:17:10.766,0.75309,0.75335,1.37,1.00
2016.10.14 20:17:10.817,0.75309,0.75335,1.50,1.00
2016.10.14 20:17:10.918,0.7531,0.75335,1.12,1.00
2016.10.14 20:17:11.593,0.7531,0.7534,1.87,1.75
2016.10.14 20:17:29.894,0.7531,0.75335,1.12,1.00
2016.10.14 20:17:30.011,0.7531,0.75335,1.00,1.00
2016.10.14 20:17:30.163,0.75308,0.75335,1.72,1.00
2016.10.14 20:17:40.469,0.75309,0.75335,1.35,1.00
2016.10.14 20:17:40.520,0.7531,0.75338,1.37,1.00
2016.10.14 20:17:40.570,0.7531,0.7534,1.75,1.75
2016.10.14 20:17:47.694,0.75311,0.7534,1.50,1.75
2016.10.14 20:17:50.309,0.7531,0.7534,1.75,1.75
2016.10.14 20:17:50.411,0.75309,0.75336,2.10,1.00
2016.10.14 20:17:53.074,0.75309,0.75335,2.10,1.00
2016.10.14 20:17:53.274,0.7531,0.7534,1.75,1.75
2016.10.14 20:17:53.476,0.75309,0.75336,2.10,1.00
2016.10.14 20:17:53.810,0.7531,0.7534,1.75,1.75
2016.10.14 20:17:53.911,0.75309,0.75335,2.10,1.00
2016.10.14 20:17:54.500,0.75309,0.75341,2.85,1.75
2016.10.14 20:17:54.797,0.75309,0.75336,2.10,1.00
2016.10.14 20:17:55.210,0.7531,0.7534,1.75,1.75
2016.10.14 20:17:57.811,0.75311,0.75335,1.00,1.00
2016.10.14 20:17:58.070,0.75311,0.7534,1.00,1.50
2016.10.14 20:17:58.613,0.75311,0.7534,1.50,1.50
2016.10.14 20:17:59.903,0.75311,0.7534,1.50,1.00
2016.10.14 20:17:59.953,0.75313,0.7534,1.00,1.00
2016.10.14 20:18:00.184,0.75313,0.75335,1.00,1.00
2016.10.14 20:18:04.927,0.75311,0.75335,1.50,1.00
2016.10.14 20:18:05.592,0.75311,0.7534,1.50,1.50
2016.10.14 20:18:06.213,0.75311,0.7534,1.50,1.00
2016.10.14 20:18:06.692,0.75311,0.7534,1.50,1.50
2016.10.14 20:18:08.903,0.75311,0.7534,1.00,1.50
2016.10.14 20:18:09.004,0.75311,0.75335,1.00,1.00
2016.10.14 20:18:10.923,0.75311,0.7534,1.00,1.00
2016.10.14 20:18:11.192,0.75311,0.75336,1.00,1.00
2016.10.14 20:18:11.280,0.75309,0.75335,1.35,1.00
2016.10.14 20:18:11.331,0.75309,0.75335,1.67,1.00
2016.10.14 20:18:12.157,0.75309,0.75335,1.30,1.37
2016.10.14 20:18:12.208,0.75306,0.75334,2.10,1.00
2016.10.14 20:18:13.713,0.75306,0.75334,2.10,1.00
2016.10.14 20:18:13.864,0.75308,0.75336,1.72,1.37
2016.10.14 20:18:13.914,0.75308,0.75336,2.10,1.00
2016.10.14 20:18:14.716,0.75308,0.75335,2.10,1.00
2016.10.14 20:18:14.766,0.75308,0.75335,1.60,1.00
2016.10.14 20:18:18.334,0.7531,0.75335,1.00,1.00
2016.10.14 20:18:18.435,0.7531,0.75337,1.50,1.00
2016.10.14 20:18:19.224,0.7531,0.75336,1.00,1.00
2016.10.14 20:18:29.118,0.7531,0.75337,1.50,1.00
2016.10.14 20:18:29.662,0.7531,0.75335,1.00,1.00
2016.10.14 20:18:30.820,0.7531,0.75337,1.50,1.00
2016.10.14 20:18:32.646,0.7531,0.75337,1.87,1.00
2016.10.14 20:18:32.747,0.7531,0.7534,1.87,1.75
2016.10.14 20:18:37.025,0.7531,0.75336,1.12,1.00
2016.10.14 20:18:39.828,0.7531,0.7534,1.87,1.75
2016.10.14 20:18:40.974,0.7531,0.75335,1.12,1.00
2016.10.14 20:18:41.630,0.7531,0.7534,1.87,1.75
2016.10.14 20:18:49.775,0.75313,0.7534,1.00,1.75
2016.10.14 20:18:49.877,0.75313,0.7534,1.00,1.12
2016.10.14 20:18:59.621,0.75315,0.7534,1.00,1.12
2016.10.14 20:18:59.773,0.75315,0.7534,1.12,1.12
2016.10.14 20:19:00.005,0.75315,0.7534,1.50,1.00
2016.10.14 20:19:00.803,0.75312,0.7534,2.10,1.00
2016.10.14 20:19:02.220,0.75314,0.7534,1.35,1.00
2016.10.14 20:19:05.707,0.75312,0.7534,1.35,1.12
2016.10.14 20:19:05.757,0.75312,0.75341,1.35,1.50
2016.10.14 20:19:08.254,0.75314,0.75341,1.35,1.50
2016.10.14 20:19:08.485,0.75312,0.75341,2.10,1.50
2016.10.14 20:19:11.061,0.75312,0.75335,2.10,1.00
2016.10.14 20:19:11.763,0.75312,0.7534,2.10,1.12
2016.10.14 20:19:13.413,0.75312,0.7534,1.35,1.12
2016.10.14 20:19:15.508,0.7532,0.7534,1.00,1.00
2016.10.14 20:19:15.609,0.75314,0.7534,1.35,1.00
2016.10.14 20:19:24.696,0.75314,0.75341,1.35,1.00
2016.10.14 20:19:29.254,0.75314,0.75341,2.10,1.00
2016.10.14 20:19:29.355,0.75315,0.75341,1.35,1.00
2016.10.14 20:19:29.406,0.75315,0.75341,2.10,1.00
2016.10.14 20:19:32.438,0.75316,0.75341,2.47,1.00
2016.10.14 20:19:32.489,0.7532,0.75345,1.00,1.75
2016.10.14 20:19:32.540,0.7532,0.75345,1.37,1.37
2016.10.14 20:19:32.590,0.7532,0.75345,1.50,1.00
2016.10.14 20:19:44.396,0.75319,0.75346,2.10,1.00
2016.10.14 20:19:44.708,0.7532,0.75345,1.50,1.00
2016.10.14 20:19:52.762,0.7532,0.75345,1.12,1.00
2016.10.14 20:19:52.812,0.7532,0.75345,1.00,1.00
2016.10.14 20:19:53.237,0.75319,0.75346,1.72,1.12
2016.10.14 20:19:54.120,0.7532,0.75345,1.00,1.00
2016.10.14 20:20:07.626,0.75317,0.7534,1.75,1.00
2016.10.14 20:20:07.826,0.7532,0.75345,1.00,1.00
2016.10.14 20:20:08.946,0.75316,0.7534,1.35,1.00
2016.10.14 20:20:14.633,0.75319,0.75346,1.12,1.12
2016.10.14 20:20:15.572,0.75318,0.75341,1.50,1.00
2016.10.14 20:20:15.774,0.7532,0.75345,1.00,1.00
2016.10.14 20:20:21.858,0.7532,0.75345,1.35,1.00
2016.10.14 20:20:27.967,0.75318,0.7534,2.10,1.00
2016.10.14 20:20:28.238,0.75319,0.75346,1.72,1.12
2016.10.14 20:20:32.743,0.75319,0.75346,1.97,1.00
2016.10.14 20:20:32.794,0.7532,0.75346,1.67,1.00
2016.10.14 20:20:37.283,0.7532,0.7534,1.67,1.00
2016.10.14 20:20:37.864,0.7532,0.75341,1.67,1.00
2016.10.14 20:20:37.944,0.7532,0.75345,2.10,1.00
2016.10.14 20:20:38.677,0.7532,0.7534,1.67,1.00
2016.10.14 20:20:40.348,0.7532,0.75346,1.67,1.00
2016.10.14 20:20:41.018,0.7532,0.75341,1.67,1.00
2016.10.14 20:20:42.050,0.7532,0.75345,2.10,1.00
2016.10.14 20:20:43.241,0.7532,0.75345,1.50,1.00
2016.10.14 20:20:43.356,0.75316,0.7534,1.75,1.00
2016.10.14 20:20:43.931,0.75315,0.7534,1.75,1.00
2016.10.14 20:21:05.442,0.75322,0.7535,1.50,1.12
2016.10.14 20:21:06.079,0.75322,0.7535,1.50,1.00
2016.10.14 20:21:06.130,0.75323,0.7535,1.37,1.00
2016.10.14 20:21:06.181,0.75323,0.7535,1.75,1.00
2016.10.14 20:21:06.556,0.75327,0.75355,1.12,1.75
2016.10.14 20:21:06.659,0.75327,0.75355,1.75,1.00
2016.10.14 20:21:07.405,0.75329,0.75355,1.50,1.00
2016.10.14 20:21:10.260,0.7533,0.75355,1.12,1.00
2016.10.14 20:21:16.314,0.75331,0.75355,1.00,1.00
2016.10.14 20:21:17.550,0.75328,0.75355,1.75,1.00
2016.10.14 20:21:21.798,0.75328,0.75356,1.50,1.00
2016.10.14 20:21:21.931,0.75328,0.75355,1.50,1.00
2016.10.14 20:21:23.616,0.75331,0.75355,1.00,1.00
2016.10.14 20:21:23.718,0.75331,0.75359,1.00,1.00
2016.10.14 20:21:23.819,0.7533,0.75359,1.50,1.00
2016.10.14 20:21:24.142,0.7533,0.75356,1.00,1.00
2016.10.14 20:21:24.502,0.75327,0.75355,1.50,1.00
2016.10.14 20:21:31.538,0.75327,0.75356,1.50,1.50
2016.10.14 20:21:33.241,0.75327,0.75355,1.50,1.00
2016.10.14 20:21:33.998,0.75327,0.75355,1.12,1.37
2016.10.14 20:21:34.204,0.75326,0.75355,1.37,1.37
2016.10.14 20:21:34.255,0.75326,0.75355,1.00,1.75
2016.10.14 20:21:34.658,0.75326,0.75356,1.00,1.75
2016.10.14 20:21:35.162,0.75327,0.75356,1.00,1.75
2016.10.14 20:21:36.213,0.75327,0.75355,1.00,1.75
2016.10.14 20:21:39.509,0.75327,0.75355,1.00,1.37
2016.10.14 20:21:39.560,0.75327,0.75355,1.37,1.12
2016.10.14 20:21:57.415,0.75327,0.75355,1.00,1.50
2016.10.14 20:22:01.104,0.75326,0.75355,1.12,1.50
2016.10.14 20:22:01.306,0.75325,0.75355,1.87,1.50
2016.10.14 20:22:01.357,0.75325,0.75355,2.25,1.00
2016.10.14 20:22:07.177,0.75325,0.7535,1.75,1.00
2016.10.14 20:22:07.278,0.75325,0.7535,1.37,1.00
2016.10.14 20:22:07.379,0.75325,0.75355,1.87,1.50
2016.10.14 20:22:11.069,0.75325,0.75355,2.25,1.00
2016.10.14 20:22:11.170,0.75325,0.7535,1.75,1.00
2016.10.14 20:22:11.427,0.75325,0.75355,1.75,1.00
2016.10.14 20:22:13.777,0.75325,0.75355,2.25,1.00
2016.10.14 20:22:18.875,0.75325,0.75356,1.75,1.12
2016.10.14 20:22:20.790,0.75325,0.75354,1.50,1.00
2016.10.14 20:22:23.255,0.75325,0.75354,1.00,1.00
2016.10.14 20:22:23.698,0.75325,0.7535,1.00,1.00
2016.10.14 20:22:27.702,0.75325,0.75354,1.00,1.00
2016.10.14 20:22:28.574,0.75325,0.7535,1.00,1.00
2016.10.14 20:22:32.806,0.75322,0.75354,1.37,1.75
2016.10.14 20:22:32.857,0.75323,0.75355,1.12,1.75
2016.10.14 20:22:32.907,0.75323,0.7535,1.12,1.12
2016.10.14 20:22:33.207,0.75323,0.75355,1.12,1.75
2016.10.14 20:22:34.019,0.75323,0.7535,1.12,1.12
2016.10.14 20:22:34.085,0.75323,0.7535,1.50,1.12
2016.10.14 20:22:34.136,0.75323,0.7535,1.75,1.00
2016.10.14 20:22:34.608,0.75326,0.75356,1.30,1.75
2016.10.14 20:22:34.659,0.75324,0.75356,2.25,1.75
2016.10.14 20:22:34.710,0.75324,0.75356,1.75,1.75
2016.10.14 20:22:34.811,0.75324,0.7535,1.75,1.00
2016.10.14 20:22:34.861,0.75324,0.7535,2.10,1.00
2016.10.14 20:22:35.149,0.75326,0.7535,1.12,1.00
2016.10.14 20:22:35.300,0.75327,0.75351,1.00,1.00
2016.10.14 20:22:35.402,0.75327,0.75355,1.00,1.75
2016.10.14 20:22:35.503,0.75327,0.75355,1.50,1.12
2016.10.14 20:22:35.863,0.7533,0.75355,1.00,1.12
2016.10.14 20:22:36.817,0.75334,0.7536,1.00,1.75
2016.10.14 20:22:36.983,0.75334,0.7536,1.12,1.37
2016.10.14 20:22:37.033,0.75334,0.7536,1.50,1.00
2016.10.14 20:22:37.512,0.75335,0.7536,1.00,1.00
2016.10.14 20:22:38.933,0.75334,0.7536,1.00,1.00
2016.10.14 20:22:40.291,0.75333,0.7536,1.37,1.00
2016.10.14 20:22:40.341,0.75333,0.7536,1.00,1.37
2016.10.14 20:22:40.392,0.75333,0.7536,1.37,1.37
2016.10.14 20:22:40.443,0.75333,0.7536,1.75,1.00
2016.10.14 20:22:48.800,0.75333,0.75355,1.75,1.00
2016.10.14 20:22:50.124,0.75333,0.7536,1.75,1.00
2016.10.14 20:22:52.604,0.75333,0.75355,1.75,1.00
2016.10.14 20:22:54.618,0.75333,0.7536,1.75,1.00
2016.10.14 20:22:55.385,0.75331,0.7536,1.37,1.37
2016.10.14 20:22:56.049,0.75331,0.75361,1.37,1.50
2016.10.14 20:22:56.150,0.75331,0.7536,1.37,1.37
2016.10.14 20:22:56.425,0.7533,0.7536,2.85,1.37
2016.10.14 20:22:58.163,0.7533,0.7536,2.10,1.37
2016.10.14 20:22:59.276,0.7533,0.75361,1.67,1.50
2016.10.14 20:23:00.963,0.75329,0.75361,2.10,1.50
2016.10.14 20:23:03.457,0.75329,0.75361,1.75,1.50
2016.10.14 20:23:03.508,0.75329,0.75359,1.75,1.12
2016.10.14 20:23:03.559,0.75326,0.75355,2.10,1.00
2016.10.14 20:23:03.610,0.75326,0.75355,1.35,1.00
2016.10.14 20:23:03.660,0.75326,0.75355,1.35,1.50
2016.10.14 20:23:06.659,0.75326,0.75355,1.00,1.50
2016.10.14 20:23:06.760,0.75323,0.7535,1.75,1.00
2016.10.14 20:23:07.055,0.75325,0.75352,1.50,1.00
2016.10.14 20:23:17.039,0.75325,0.7535,1.00,1.00
2016.10.14 20:23:18.696,0.75325,0.75352,1.50,1.00
2016.10.14 20:23:21.644,0.75325,0.7535,1.00,1.00
2016.10.14 20:23:22.045,0.75325,0.75352,1.00,1.00
2016.10.14 20:23:22.345,0.75325,0.7535,1.00,1.00
2016.10.14 20:23:24.848,0.75325,0.75352,1.00,1.00
2016.10.14 20:23:28.363,0.75325,0.75352,1.35,1.00
2016.10.14 20:23:28.464,0.75328,0.75352,1.00,1.00
2016.10.14 20:23:28.515,0.75328,0.75356,1.00,1.75
2016.10.14 20:23:28.566,0.75328,0.75355,1.00,1.50
2016.10.14 20:23:31.973,0.75328,0.75356,1.00,1.75
2016.10.14 20:23:32.188,0.7533,0.7536,1.00,2.25
2016.10.14 20:23:32.550,0.75334,0.7536,1.00,1.12
2016.10.14 20:23:32.803,0.7533,0.7536,1.75,1.12
2016.10.14 20:23:36.304,0.75334,0.7536,1.00,1.12
2016.10.14 20:23:36.405,0.75334,0.7536,1.37,1.12
2016.10.14 20:23:36.456,0.75334,0.7536,1.75,1.00
2016.10.14 20:23:37.040,0.75334,0.75361,1.75,1.00
2016.10.14 20:23:37.551,0.75335,0.75365,1.50,1.75
2016.10.14 20:23:37.620,0.75337,0.75365,1.00,1.75
2016.10.14 20:23:38.504,0.75336,0.75365,1.12,1.75
2016.10.14 20:23:38.555,0.75335,0.75365,2.25,1.75
2016.10.14 20:23:39.004,0.75339,0.75365,1.00,1.75
2016.10.14 20:23:39.307,0.75343,0.75365,1.00,1.75
2016.10.14 20:23:39.408,0.75343,0.7537,1.00,1.75
2016.10.14 20:23:39.610,0.75343,0.7537,1.00,1.37
2016.10.14 20:23:40.156,0.75341,0.7537,1.50,1.37
2016.10.14 20:23:40.207,0.75341,0.75365,1.37,1.00
2016.10.14 20:23:40.257,0.75341,0.75365,1.00,1.00
2016.10.14 20:23:40.577,0.75341,0.7537,1.00,1.75
2016.10.14 20:23:41.067,0.75341,0.75365,1.00,1.00
2016.10.14 20:23:41.270,0.75347,0.75365,1.00,1.00
2016.10.14 20:23:41.680,0.75344,0.75365,1.00,1.00
2016.10.14 20:23:41.731,0.75344,0.75371,1.00,1.75
2016.10.14 20:23:42.857,0.75344,0.75365,1.00,1.00
2016.10.14 20:23:42.908,0.75344,0.75371,1.00,1.75
2016.10.14 20:23:43.706,0.75344,0.75365,1.00,1.00
2016.10.14 20:23:43.923,0.75342,0.75365,1.50,1.00
2016.10.14 20:23:49.566,0.75341,0.75365,1.75,1.00
2016.10.14 20:23:49.885,0.75343,0.75365,1.12,1.00
2016.10.14 20:23:52.278,0.75343,0.7537,1.12,1.50
2016.10.14 20:23:57.983,0.75343,0.75365,1.12,1.00
2016.10.14 20:24:00.322,0.75336,0.75365,1.75,1.00
2016.10.14 20:24:00.474,0.75335,0.75365,1.37,1.37
2016.10.14 20:24:00.525,0.75335,0.75365,1.00,1.75
2016.10.14 20:24:00.781,0.75335,0.75363,1.00,1.75
2016.10.14 20:24:00.932,0.75335,0.75365,1.00,1.75
2016.10.14 20:24:01.542,0.75331,0.7536,1.75,1.00
2016.10.14 20:24:02.106,0.75331,0.75361,1.75,1.12
2016.10.14 20:24:02.309,0.75331,0.7536,1.75,1.00
2016.10.14 20:24:02.957,0.75334,0.7536,1.72,1.00
2016.10.14 20:24:05.760,0.75333,0.7536,2.10,1.00
2016.10.14 20:24:07.723,0.75334,0.7536,1.72,1.00
2016.10.14 20:24:13.332,0.75334,0.75361,1.72,1.12
2016.10.14 20:24:20.908,0.75335,0.75361,1.30,1.00
2016.10.14 20:24:25.723,0.75335,0.75355,1.30,1.00
2016.10.14 20:24:25.812,0.75335,0.7536,1.30,1.00
2016.10.14 20:24:26.413,0.75335,0.75355,1.30,1.00
2016.10.14 20:24:26.859,0.75334,0.75355,1.50,1.00
2016.10.14 20:24:26.910,0.75331,0.75355,1.75,1.00
2016.10.14 20:24:36.084,0.75331,0.75355,1.50,1.00
2016.10.14 20:24:45.216,0.75334,0.75355,1.00,1.00
2016.10.14 20:24:49.254,0.75334,0.7536,1.00,1.50
2016.10.14 20:24:52.708,0.75334,0.7536,1.00,1.37
2016.10.14 20:25:06.797,0.75332,0.7536,1.12,1.37
2016.10.14 20:25:12.917,0.75332,0.7536,1.37,1.12
2016.10.14 20:25:12.968,0.75332,0.7536,1.50,1.12
2016.10.14 20:25:25.402,0.75333,0.7536,1.12,1.12
2016.10.14 20:25:25.850,0.75333,0.75361,1.12,1.50
2016.10.14 20:25:26.351,0.75333,0.7536,1.12,1.12
2016.10.14 20:25:32.770,0.75333,0.7536,1.50,1.12
2016.10.14 20:25:32.821,0.75334,0.7536,1.00,1.00
2016.10.14 20:25:36.765,0.75334,0.75361,1.50,1.00
2016.10.14 20:25:36.866,0.75337,0.7536,1.00,1.00
2016.10.14 20:25:36.917,0.75337,0.7536,1.50,1.00
2016.10.14 20:25:39.269,0.75337,0.75365,1.50,1.12
2016.10.14 20:25:39.372,0.75337,0.7536,1.50,1.00
2016.10.14 20:25:51.312,0.75337,0.75365,1.50,1.12
2016.10.14 20:25:52.860,0.75336,0.75365,1.75,1.12
2016.10.14 20:25:52.911,0.75336,0.7536,1.75,1.00
2016.10.14 20:25:59.929,0.75334,0.75361,1.50,1.00
2016.10.14 20:26:00.031,0.75334,0.75361,1.00,1.00
2016.10.14 20:26:00.334,0.75333,0.75356,1.12,1.00
2016.10.14 20:26:00.606,0.7533,0.75355,1.37,1.00
2016.10.14 20:26:00.657,0.7533,0.75355,1.00,1.12
2016.10.14 20:26:00.708,0.7533,0.7535,1.00,1.00
2016.10.14 20:26:00.809,0.75326,0.7535,1.37,1.00
2016.10.14 20:26:00.859,0.75326,0.7535,1.00,1.00
2016.10.14 20:26:01.162,0.75326,0.75355,1.00,1.75
2016.10.14 20:26:01.213,0.7533,0.75355,1.00,1.37
2016.10.14 20:26:01.264,0.7533,0.75355,1.00,1.12
2016.10.14 20:26:03.285,0.7533,0.7535,1.00,1.00
2016.10.14 20:26:03.335,0.75327,0.7535,1.50,1.00
2016.10.14 20:26:05.986,0.75326,0.7535,1.00,1.00
2016.10.14 20:26:06.505,0.75326,0.75351,1.00,1.00
2016.10.14 20:26:07.997,0.75323,0.75351,1.75,1.00
2016.10.14 20:26:09.098,0.75323,0.7535,1.75,1.00
2016.10.14 20:26:12.326,0.75321,0.75345,1.75,1.00
2016.10.14 20:26:12.427,0.75325,0.75345,1.12,1.00
2016.10.14 20:26:12.629,0.75321,0.7535,1.75,1.00
2016.10.14 20:26:13.107,0.75321,0.75345,1.37,1.00
2016.10.14 20:26:13.158,0.75319,0.75345,1.00,1.00
2016.10.14 20:26:13.458,0.75319,0.75345,1.50,1.00
2016.10.14 20:26:18.250,0.75315,0.7534,2.25,1.00
2016.10.14 20:26:18.400,0.75315,0.75335,1.75,1.00
2016.10.14 20:26:23.847,0.75315,0.75341,1.75,1.00
2016.10.14 20:26:25.198,0.75315,0.7534,2.25,1.00
2016.10.14 20:26:31.527,0.75319,0.7534,1.00,1.00
2016.10.14 20:26:31.679,0.75321,0.7534,1.50,1.00
2016.10.14 20:26:32.408,0.75319,0.7534,1.75,1.00
2016.10.14 20:26:32.466,0.75317,0.7534,1.75,1.00
2016.10.14 20:26:32.994,0.75318,0.7534,1.75,1.00
2016.10.14 20:26:33.818,0.75318,0.75341,1.75,1.00
2016.10.14 20:26:38.638,0.7532,0.75345,1.75,1.00
2016.10.14 20:26:39.959,0.75318,0.7534,1.75,1.00
2016.10.14 20:26:42.261,0.75318,0.75341,1.75,1.00
2016.10.14 20:26:42.312,0.75318,0.75341,1.00,1.00
2016.10.14 20:26:44.453,0.75318,0.7534,1.00,1.00
2016.10.14 20:26:44.503,0.75321,0.7534,1.00,1.00
2016.10.14 20:26:53.789,0.75321,0.75341,1.00,1.00
2016.10.14 20:26:54.402,0.75321,0.7534,1.00,1.00
2016.10.14 20:26:56.219,0.75322,0.7534,1.00,1.00
2016.10.14 20:26:58.507,0.75322,0.75345,1.00,1.00
2016.10.14 20:27:00.288,0.75324,0.75346,1.00,1.00
2016.10.14 20:27:00.886,0.75324,0.75345,1.00,1.00
2016.10.14 20:27:01.460,0.75324,0.75346,1.00,1.00
2016.10.14 20:27:01.562,0.75331,0.7535,1.00,1.75
2016.10.14 20:27:01.612,0.75331,0.7535,1.00,1.37
2016.10.14 20:27:02.043,0.75331,0.75356,1.00,1.00
2016.10.14 20:27:03.758,0.75331,0.75355,1.00,1.00
2016.10.14 20:27:08.655,0.75331,0.75356,1.00,1.00
2016.10.14 20:27:16.563,0.75331,0.75355,1.00,1.00
2016.10.14 20:27:17.564,0.75331,0.7536,1.00,1.75
2016.10.14 20:27:21.606,0.75331,0.75355,1.00,1.00
2016.10.14 20:27:21.656,0.75331,0.75355,1.00,1.12
2016.10.14 20:27:22.213,0.7533,0.75355,1.00,1.12
2016.10.14 20:27:37.849,0.75335,0.75355,1.00,1.12
2016.10.14 20:27:37.899,0.75335,0.7536,1.00,1.75
2016.10.14 20:27:38.328,0.75338,0.75365,1.00,1.50
2016.10.14 20:27:40.988,0.75338,0.7536,1.00,1.00
2016.10.14 20:28:01.199,0.75339,0.7536,1.00,1.00
2016.10.14 20:28:05.115,0.75341,0.7536,1.00,1.00
2016.10.14 20:28:13.207,0.75342,0.7536,1.00,1.00
2016.10.14 20:28:14.614,0.75341,0.7536,1.00,1.00
2016.10.14 20:28:14.766,0.75344,0.75366,1.00,1.00
2016.10.14 20:28:14.867,0.75346,0.75366,1.00,1.00
2016.10.14 20:28:15.019,0.75347,0.75365,1.12,1.00
2016.10.14 20:28:15.070,0.75347,0.75365,1.50,1.00
2016.10.14 20:28:15.312,0.75347,0.7537,1.50,1.00
2016.10.14 20:28:33.675,0.75347,0.75371,1.50,1.00
2016.10.14 20:28:34.943,0.75347,0.7537,1.50,1.00
2016.10.14 20:28:36.106,0.75347,0.75371,1.50,1.00
2016.10.14 20:28:36.715,0.75347,0.7537,1.50,1.00
2016.10.14 20:28:37.299,0.75347,0.75371,1.50,1.00
2016.10.14 20:28:38.645,0.75347,0.75365,1.50,1.00
2016.10.14 20:28:38.846,0.75347,0.7537,1.50,1.00
2016.10.14 20:28:41.462,0.7535,0.7537,1.00,1.00
2016.10.14 20:28:41.512,0.75353,0.7537,1.00,1.00
2016.10.14 20:28:41.563,0.75354,0.75375,1.00,1.12
2016.10.14 20:28:41.664,0.75354,0.75375,1.00,1.00
2016.10.14 20:28:42.729,0.75354,0.75375,1.12,1.00
2016.10.14 20:28:42.780,0.75354,0.75375,1.50,1.00
2016.10.14 20:28:55.233,0.75354,0.7538,1.50,1.00
2016.10.14 20:28:55.636,0.75354,0.75375,1.50,1.00
2016.10.14 20:28:55.950,0.75354,0.7538,1.50,1.00
2016.10.14 20:28:56.359,0.75354,0.75375,1.50,1.00
2016.10.14 20:28:56.409,0.75351,0.75375,1.75,1.00
2016.10.14 20:28:58.510,0.75352,0.75375,1.75,1.00
2016.10.14 20:28:59.259,0.75352,0.75375,1.37,1.00
2016.10.14 20:28:59.310,0.7535,0.75375,1.75,1.00
2016.10.14 20:29:11.126,0.75352,0.75375,1.12,1.00
2016.10.14 20:29:16.665,0.75352,0.75376,1.12,1.00
2016.10.14 20:29:17.400,0.75352,0.75375,1.12,1.00
2016.10.14 20:29:20.138,0.75351,0.75375,1.50,1.00
2016.10.14 20:29:22.040,0.75351,0.75375,1.75,1.00
2016.10.14 20:29:22.552,0.75351,0.75376,1.75,1.00
2016.10.14 20:29:22.603,0.75349,0.75376,1.75,1.00
2016.10.14 20:29:23.755,0.75349,0.75375,1.75,1.00
2016.10.14 20:29:24.057,0.75345,0.7537,2.25,1.00
2016.10.14 20:29:24.337,0.75345,0.7537,1.75,1.00
2016.10.14 20:29:31.008,0.75346,0.7537,1.75,1.00
2016.10.14 20:29:31.542,0.75346,0.75375,1.75,1.00
2016.10.14 20:29:32.061,0.75345,0.75375,3.00,1.00
2016.10.14 20:29:32.112,0.75345,0.7537,3.00,1.00
2016.10.14 20:29:32.163,0.75345,0.7537,2.25,1.00
2016.10.14 20:29:36.166,0.7535,0.75375,1.00,1.00
2016.10.14 20:29:41.172,0.7535,0.75375,1.12,1.00
2016.10.14 20:29:41.950,0.75351,0.75375,1.00,1.00
2016.10.14 20:29:42.001,0.75351,0.7538,1.00,1.75
2016.10.14 20:29:42.051,0.7535,0.7538,1.75,1.12
2016.10.14 20:29:47.916,0.7535,0.7538,2.25,1.12
2016.10.14 20:29:51.805,0.7535,0.7538,1.75,1.12
2016.10.14 20:29:52.709,0.75348,0.75375,1.75,1.00
2016.10.14 20:29:52.760,0.75345,0.75375,2.25,1.00
2016.10.14 20:29:52.811,0.75349,0.75376,1.00,1.50
2016.10.14 20:29:53.031,0.75344,0.75376,1.75,1.87
2016.10.14 20:29:53.082,0.75344,0.75376,1.75,2.25
2016.10.14 20:29:54.058,0.75339,0.75376,2.25,1.75
2016.10.14 20:29:54.109,0.75341,0.75384,1.75,1.75
2016.10.14 20:29:54.210,0.75353,0.75383,1.00,1.75
2016.10.14 20:29:54.453,0.75353,0.75385,1.75,1.87
2016.10.14 20:29:54.617,0.75353,0.75381,1.75,1.00
2016.10.14 20:29:57.747,0.75353,0.75385,1.75,1.87
2016.10.14 20:30:00.156,0.75353,0.75385,1.37,1.87
2016.10.14 20:30:00.206,0.75353,0.75385,1.00,1.50
2016.10.14 20:30:00.413,0.75352,0.75385,1.00,1.00
2016.10.14 20:30:00.545,0.75346,0.7538,1.00,1.00
2016.10.14 20:30:05.702,0.7535,0.75385,1.00,1.00
2016.10.14 20:30:06.042,0.75345,0.7538,1.50,1.00
2016.10.14 20:30:16.650,0.75347,0.7538,1.00,1.00
2016.10.14 20:30:17.680,0.75348,0.7538,1.00,1.00
2016.10.14 20:30:18.183,0.75349,0.7538,1.00,1.00
2016.10.14 20:30:21.720,0.7535,0.75385,1.00,1.00
2016.10.14 20:30:25.561,0.75349,0.7538,1.00,1.00
2016.10.14 20:30:25.664,0.75347,0.7538,1.00,1.00
2016.10.14 20:30:27.125,0.7535,0.75385,1.00,1.00
2016.10.14 20:30:36.949,0.7535,0.7538,1.00,1.00
2016.10.14 20:30:42.161,0.75349,0.75386,1.00,1.00
2016.10.14 20:30:43.460,0.75347,0.75381,1.00,1.00
2016.10.14 20:30:48.663,0.75349,0.75386,1.00,1.00
2016.10.14 20:31:10.416,0.75347,0.7538,1.50,1.00
2016.10.14 20:31:17.674,0.7535,0.75385,1.00,1.00
2016.10.14 20:31:24.992,0.75347,0.7538,1.00,1.00
2016.10.14 20:31:25.080,0.7535,0.75385,1.00,1.00
2016.10.14 20:31:28.513,0.75347,0.75381,1.00,1.00
2016.10.14 20:31:28.691,0.75349,0.75386,1.00,1.00
2016.10.14 20:31:29.904,0.75348,0.7538,1.00,1.00
2016.10.14 20:31:49.503,0.75349,0.75381,1.00,1.00
2016.10.14 20:31:59.261,0.75346,0.7538,1.00,1.00
2016.10.14 20:32:06.622,0.7535,0.7538,1.00,1.00
2016.10.14 20:32:07.020,0.75346,0.7538,1.00,1.00
2016.10.14 20:32:07.905,0.75346,0.75381,1.00,1.00
2016.10.14 20:32:07.970,0.75349,0.75381,1.00,1.00
2016.10.14 20:32:08.645,0.7535,0.7538,1.00,1.00
2016.10.14 20:32:22.367,0.75355,0.75385,1.00,1.00
2016.10.14 20:32:22.750,0.7535,0.7538,1.00,1.00
2016.10.14 20:32:46.116,0.75355,0.75385,1.00,1.00
2016.10.14 20:32:55.378,0.75354,0.75386,1.00,1.00
2016.10.14 20:33:03.433,0.7535,0.7538,1.00,1.00
2016.10.14 20:33:04.216,0.75355,0.75385,1.00,1.00
2016.10.14 20:33:08.092,0.7535,0.7538,1.00,1.00
2016.10.14 20:33:19.718,0.75355,0.75385,1.00,1.00
2016.10.14 20:33:23.450,0.7535,0.7538,1.00,1.00
2016.10.14 20:33:35.662,0.75349,0.75386,1.00,1.00
2016.10.14 20:33:36.236,0.7535,0.75385,1.00,1.00
2016.10.14 20:33:37.149,0.7535,0.7538,1.00,1.00
2016.10.14 20:34:07.073,0.75345,0.75375,1.50,1.00
2016.10.14 20:34:07.252,0.7535,0.7538,1.00,1.00
2016.10.14 20:34:07.855,0.75349,0.75381,1.00,1.00
2016.10.14 20:34:10.556,0.7535,0.7538,1.00,1.00
2016.10.14 20:34:21.638,0.75349,0.75381,1.00,1.00
2016.10.14 20:34:23.622,0.7535,0.7538,1.00,1.00
2016.10.14 20:34:27.375,0.75349,0.75381,1.00,1.00
2016.10.14 20:34:30.823,0.7535,0.7538,1.00,1.00
2016.10.14 20:34:41.688,0.75349,0.75381,1.00,1.00
2016.10.14 20:34:42.590,0.7535,0.7538,1.00,1.00
2016.10.14 20:34:46.394,0.75347,0.75375,1.00,1.00
2016.10.14 20:34:47.896,0.7535,0.7538,1.00,1.00
2016.10.14 20:35:15.165,0.75345,0.75375,1.00,1.00
2016.10.14 20:35:17.279,0.7535,0.7538,1.00,1.00
2016.10.14 20:35:20.038,0.75345,0.75375,1.00,1.00
2016.10.14 20:35:56.965,0.7535,0.7538,1.00,1.00
2016.10.14 20:36:00.797,0.75345,0.75375,1.00,1.00
2016.10.14 20:36:06.335,0.7535,0.7538,1.00,1.00
2016.10.14 20:36:06.679,0.75345,0.75375,1.00,1.00
2016.10.14 20:36:13.581,0.7535,0.7538,1.00,1.00
2016.10.14 20:36:21.529,0.75349,0.75381,1.00,1.00
2016.10.14 20:36:24.807,0.75349,0.75381,1.50,1.00
2016.10.14 20:36:24.891,0.7535,0.7538,1.00,1.00
2016.10.14 20:36:25.428,0.75355,0.75385,1.00,1.00
2016.10.14 20:36:31.597,0.7535,0.7538,1.00,1.00
2016.10.14 20:36:32.598,0.75355,0.75385,1.00,1.00
2016.10.14 20:36:32.900,0.7535,0.7538,1.00,1.00
2016.10.14 20:36:43.232,0.75349,0.75381,1.00,1.00
2016.10.14 20:36:44.058,0.7535,0.7538,1.00,1.00
2016.10.14 20:36:45.255,0.75349,0.75381,1.00,1.00
2016.10.14 20:36:45.757,0.7535,0.7538,1.00,1.00
2016.10.14 20:36:56.823,0.75355,0.75385,1.00,1.00
2016.10.14 20:37:27.961,0.7535,0.7538,1.00,1.00
2016.10.14 20:37:28.907,0.75354,0.75386,1.00,1.00
2016.10.14 20:37:29.287,0.7535,0.7538,1.00,1.00
2016.10.14 20:37:31.337,0.75351,0.7538,1.00,1.00
2016.10.14 20:37:31.577,0.75354,0.75386,2.25,1.00
2016.10.14 20:37:31.678,0.75355,0.75385,1.00,1.00
2016.10.14 20:37:36.760,0.75359,0.75391,1.00,1.00
2016.10.14 20:37:49.711,0.75355,0.75385,1.50,1.00
2016.10.14 20:37:49.989,0.75355,0.75385,1.00,1.00
2016.10.14 20:37:53.281,0.75354,0.75386,1.00,1.00
2016.10.14 20:38:08.391,0.75355,0.75385,1.00,1.00
2016.10.14 20:38:09.392,0.7535,0.7538,1.00,1.00
2016.10.14 20:38:11.593,0.75355,0.75385,1.00,1.00
2016.10.14 20:38:12.108,0.75354,0.75386,1.00,1.00
2016.10.14 20:38:20.132,0.75355,0.75385,1.00,1.00
2016.10.14 20:38:46.979,0.7535,0.7538,1.00,1.00
2016.10.14 20:38:47.337,0.75355,0.75385,1.00,1.00
2016.10.14 20:38:54.832,0.75354,0.75386,1.00,1.00
2016.10.14 20:38:55.773,0.75355,0.75385,1.00,1.00
2016.10.14 20:39:01.666,0.75354,0.75386,1.00,1.00
2016.10.14 20:39:02.193,0.75355,0.75385,1.00,1.00
2016.10.14 20:39:06.645,0.7535,0.7538,1.00,1.00
2016.10.14 20:39:12.567,0.75355,0.75385,1.00,1.00
2016.10.14 20:39:16.457,0.75355,0.7539,1.00,1.00
2016.10.14 20:39:16.508,0.75352,0.75385,1.50,1.00
2016.10.14 20:39:17.258,0.75355,0.7539,1.00,1.00
2016.10.14 20:39:17.854,0.75354,0.75391,1.00,1.00
2016.10.14 20:39:18.565,0.75355,0.7539,1.00,1.00
2016.10.14 20:39:19.111,0.75354,0.75391,1.00,1.00
2016.10.14 20:39:19.463,0.7536,0.7539,1.00,1.00
2016.10.14 20:39:24.668,0.75359,0.75391,1.00,1.00
2016.10.14 20:39:25.869,0.7536,0.7539,1.00,1.00
2016.10.14 20:39:33.784,0.75355,0.75385,1.50,1.00
2016.10.14 20:39:33.912,0.75355,0.75391,1.00,1.00
2016.10.14 20:39:34.013,0.75355,0.7539,1.50,1.00
2016.10.14 20:39:35.115,0.75355,0.75391,1.00,1.00
2016.10.14 20:39:39.095,0.7536,0.7539,1.00,1.00
2016.10.14 20:39:44.991,0.75355,0.75385,1.50,1.00
2016.10.14 20:39:52.498,0.75355,0.75386,1.00,1.00
2016.10.14 20:39:52.698,0.75355,0.75385,1.50,1.00
2016.10.14 20:39:56.302,0.75355,0.75386,1.00,1.00
2016.10.14 20:39:57.804,0.75355,0.75385,1.50,1.00
2016.10.14 20:39:57.905,0.75355,0.7539,1.50,1.00
2016.10.14 20:39:59.206,0.75355,0.75385,1.00,1.00
2016.10.14 20:39:59.698,0.75355,0.75391,1.00,1.00
2016.10.14 20:40:00.112,0.75355,0.7539,1.50,1.00
2016.10.14 20:40:00.877,0.75355,0.75385,1.50,1.00
2016.10.14 20:40:02.530,0.75355,0.75386,1.00,1.00
2016.10.14 20:40:03.013,0.75355,0.75385,1.50,1.00
2016.10.14 20:40:04.348,0.75355,0.75386,1.00,1.00
2016.10.14 20:40:10.083,0.7536,0.7539,1.00,1.00
2016.10.14 20:40:17.665,0.75359,0.75391,1.00,1.00
2016.10.14 20:40:18.413,0.7536,0.7539,1.00,1.00
2016.10.14 20:40:34.150,0.75359,0.75391,1.00,1.00
2016.10.14 20:40:34.663,0.75355,0.75385,1.00,1.00
2016.10.14 20:40:35.852,0.75359,0.75391,1.00,1.00
2016.10.14 20:40:36.661,0.7536,0.7539,1.00,1.00
2016.10.14 20:40:38.465,0.75365,0.75395,1.00,1.00
2016.10.14 20:40:39.036,0.7536,0.7539,1.00,1.00
2016.10.14 20:40:47.968,0.75359,0.75391,1.00,1.00
2016.10.14 20:40:48.610,0.7536,0.7539,1.00,1.00
2016.10.14 20:40:53.915,0.75364,0.75396,1.00,1.00
2016.10.14 20:40:54.475,0.75365,0.75395,1.00,1.00
2016.10.14 20:40:59.483,0.7536,0.7539,1.00,1.00
2016.10.14 20:41:02.324,0.75365,0.7539,1.00,1.00
2016.10.14 20:41:02.605,0.75361,0.7539,1.50,1.00
2016.10.14 20:41:02.807,0.7536,0.7539,1.00,1.00
2016.10.14 20:41:05.791,0.75365,0.75395,1.00,1.00
2016.10.14 20:41:06.391,0.7536,0.7539,1.00,1.00
2016.10.14 20:41:15.302,0.75365,0.75395,1.00,1.00
2016.10.14 20:41:23.016,0.75364,0.75396,1.00,1.00
2016.10.14 20:41:23.854,0.75365,0.75395,1.00,1.00
2016.10.14 20:41:24.517,0.7537,0.754,1.00,1.00
2016.10.14 20:41:53.938,0.75365,0.75395,1.00,1.00
2016.10.14 20:41:54.341,0.7537,0.754,1.00,1.00
2016.10.14 20:42:00.168,0.75365,0.75395,1.00,1.00
2016.10.14 20:42:05.568,0.7537,0.754,1.00,1.00
2016.10.14 20:42:05.936,0.75365,0.75395,1.00,1.00
2016.10.14 20:42:09.662,0.75369,0.75401,1.00,1.00
2016.10.14 20:42:11.199,0.75364,0.75396,1.00,1.00
2016.10.14 20:42:22.977,0.7537,0.754,1.00,1.00
2016.10.14 20:42:34.191,0.75364,0.75396,1.00,1.00
2016.10.14 20:42:35.493,0.75369,0.75401,1.00,1.00
2016.10.14 20:42:36.029,0.75365,0.75395,1.00,1.00
2016.10.14 20:42:38.495,0.7537,0.754,1.00,1.00
2016.10.14 20:42:57.270,0.75374,0.75401,1.00,1.00
2016.10.14 20:42:58.294,0.75375,0.754,1.00,1.00
2016.10.14 20:43:09.832,0.7538,0.75405,1.00,1.00
2016.10.14 20:43:17.839,0.75374,0.75406,1.00,1.00
2016.10.14 20:43:23.061,0.7537,0.75405,1.00,1.00
2016.10.14 20:43:23.263,0.7537,0.754,1.00,1.00
2016.10.14 20:43:32.774,0.75364,0.75396,1.00,1.00
2016.10.14 20:43:33.556,0.7537,0.754,1.00,1.00
2016.10.14 20:43:36.523,0.75369,0.75401,1.00,1.00
2016.10.14 20:43:37.061,0.7537,0.754,1.00,1.00
2016.10.14 20:43:37.675,0.7537,0.75395,1.00,1.00
2016.10.14 20:43:44.327,0.7537,0.754,1.00,1.00
2016.10.14 20:44:00.114,0.75374,0.75406,1.00,1.00
2016.10.14 20:44:16.313,0.7537,0.754,1.00,1.00
2016.10.14 20:44:21.546,0.7537,0.75395,1.00,1.00
2016.10.14 20:44:21.805,0.75374,0.75401,1.00,1.00
2016.10.14 20:44:22.606,0.75375,0.754,1.00,1.00
2016.10.14 20:44:24.309,0.75375,0.75405,1.00,1.00
2016.10.14 20:44:28.413,0.7537,0.754,1.00,1.00
2016.10.14 20:44:29.614,0.7537,0.75395,1.00,1.00
2016.10.14 20:44:45.162,0.75369,0.75396,1.00,1.00
2016.10.14 20:44:50.834,0.7537,0.75395,1.00,1.00
2016.10.14 20:45:00.404,0.75369,0.75401,1.00,1.00
2016.10.14 20:45:00.545,0.75365,0.75405,1.00,1.00
2016.10.14 20:45:15.163,0.75364,0.75409,1.50,1.00
2016.10.14 20:45:17.328,0.75364,0.75411,1.50,3.00
2016.10.14 20:45:17.572,0.75364,0.75405,1.00,1.00
2016.10.14 20:45:18.667,0.75365,0.75405,1.00,1.00
2016.10.14 20:45:44.392,0.75363,0.75406,1.00,1.00
2016.10.14 20:45:46.522,0.75364,0.75409,1.00,1.00
2016.10.14 20:45:46.868,0.75363,0.75406,1.00,1.00
2016.10.14 20:45:53.730,0.75364,0.75409,1.00,1.00
2016.10.14 20:45:58.605,0.75363,0.75405,1.00,1.00
2016.10.14 20:45:59.270,0.75365,0.75405,1.00,1.00
2016.10.14 20:46:26.348,0.75363,0.75406,1.00,1.00
2016.10.14 20:46:33.110,0.75362,0.75406,1.00,1.00
2016.10.14 20:46:33.936,0.75365,0.7541,1.00,1.50
2016.10.14 20:46:34.664,0.75364,0.7541,1.00,1.00
2016.10.14 20:46:34.714,0.75364,0.75409,1.00,1.00
2016.10.14 20:46:34.838,0.75363,0.75405,1.00,1.00
2016.10.14 20:46:36.768,0.75362,0.75405,1.00,1.00
2016.10.14 20:46:41.644,0.75365,0.7541,1.00,1.50
2016.10.14 20:46:41.745,0.75365,0.7541,1.00,1.00
2016.10.14 20:46:42.358,0.75365,0.75412,1.00,1.00
2016.10.14 20:46:42.408,0.75365,0.75412,1.50,3.00
2016.10.14 20:46:42.459,0.75365,0.7541,1.50,1.00
2016.10.14 20:46:46.155,0.75365,0.7541,1.00,1.00
2016.10.14 20:46:48.157,0.75365,0.7541,1.50,1.00
2016.10.14 20:47:02.235,0.75365,0.7541,1.00,1.00
2016.10.14 20:47:02.300,0.75365,0.7541,1.50,1.00
2016.10.14 20:47:03.062,0.75365,0.75411,1.50,1.00
2016.10.14 20:47:03.863,0.75365,0.75406,1.50,1.00
2016.10.14 20:47:13.575,0.75365,0.75405,2.25,1.00
2016.10.14 20:47:16.035,0.75365,0.75405,1.50,1.00
2016.10.14 20:47:18.102,0.75365,0.75405,2.25,1.00
2016.10.14 20:47:24.112,0.75365,0.75405,1.50,1.00
2016.10.14 20:47:25.502,0.75365,0.75406,1.50,1.00
2016.10.14 20:47:27.185,0.75365,0.75405,1.50,1.00
2016.10.14 20:47:37.750,0.75365,0.75405,1.00,1.00
2016.10.14 20:47:40.197,0.75365,0.7541,1.50,1.00
2016.10.14 20:47:40.248,0.75365,0.7541,2.25,1.00
2016.10.14 20:47:42.723,0.75365,0.75405,2.25,1.00
2016.10.14 20:47:43.222,0.75365,0.75405,1.50,1.00
2016.10.14 20:47:50.628,0.75364,0.75411,2.25,1.00
2016.10.14 20:47:50.679,0.75365,0.75411,1.00,1.00
2016.10.14 20:47:51.135,0.75364,0.75405,1.50,1.00
2016.10.14 20:47:51.258,0.75365,0.75405,1.00,1.00
2016.10.14 20:47:51.309,0.75364,0.75405,1.50,1.00
2016.10.14 20:47:51.706,0.75365,0.75405,1.00,1.00
2016.10.14 20:47:53.058,0.75365,0.7541,1.50,1.00
2016.10.14 20:48:00.918,0.75365,0.75405,1.50,1.00
2016.10.14 20:48:01.880,0.75365,0.75405,1.00,1.00
2016.10.14 20:48:02.620,0.75365,0.7541,1.50,1.00
2016.10.14 20:48:03.341,0.75365,0.75411,1.00,1.50
2016.10.14 20:48:03.521,0.75365,0.75405,1.50,1.00
2016.10.14 20:48:03.922,0.75365,0.75405,1.00,1.00
2016.10.14 20:48:04.024,0.75365,0.7541,1.50,1.00
2016.10.14 20:48:11.365,0.75369,0.75411,1.00,1.00
2016.10.14 20:48:11.466,0.75365,0.75405,1.50,1.00
2016.10.14 20:48:16.412,0.75365,0.75405,1.00,1.00
2016.10.14 20:48:17.149,0.75365,0.75405,1.50,1.00
2016.10.14 20:48:34.555,0.7537,0.7541,1.00,1.00
2016.10.14 20:48:35.663,0.75365,0.75405,1.50,1.00
2016.10.14 20:48:38.954,0.75365,0.75405,2.25,1.00
2016.10.14 20:48:39.055,0.75365,0.75405,1.50,1.00
2016.10.14 20:48:39.255,0.75365,0.75405,2.25,1.00
2016.10.14 20:48:47.169,0.7537,0.7541,1.00,1.00
2016.10.14 20:48:47.270,0.75365,0.75405,2.25,1.00
2016.10.14 20:48:47.884,0.7537,0.7541,1.00,1.00
2016.10.14 20:48:48.071,0.75365,0.75406,1.50,1.00
2016.10.14 20:48:48.572,0.7537,0.7541,1.00,1.00
2016.10.14 20:48:49.573,0.75365,0.75406,1.50,1.00
2016.10.14 20:48:49.873,0.75369,0.75411,1.00,1.00
2016.10.14 20:48:51.175,0.75365,0.75405,2.25,1.00
2016.10.14 20:48:52.907,0.7537,0.7541,1.00,1.00
2016.10.14 20:48:52.978,0.75365,0.75405,2.25,1.00
2016.10.14 20:48:55.181,0.75365,0.7541,2.25,1.00
2016.10.14 20:48:55.232,0.75365,0.7541,1.50,1.00
2016.10.14 20:48:55.282,0.75366,0.7541,1.00,1.00
2016.10.14 20:48:55.333,0.75365,0.7541,2.25,1.00
2016.10.14 20:48:55.385,0.75369,0.7541,1.00,1.00
2016.10.14 20:48:56.117,0.75369,0.75405,1.00,1.00
2016.10.14 20:48:59.000,0.75369,0.7541,1.00,1.00
2016.10.14 20:49:01.725,0.7537,0.7541,1.00,1.00
2016.10.14 20:49:01.927,0.75369,0.7541,1.00,1.00
2016.10.14 20:49:09.037,0.75369,0.75411,1.00,1.00
2016.10.14 20:49:10.129,0.75369,0.7541,1.00,1.00
2016.10.14 20:49:15.609,0.7537,0.75415,1.00,1.00
2016.10.14 20:49:15.710,0.75372,0.75415,1.00,1.00
2016.10.14 20:49:15.811,0.75372,0.7541,1.00,1.00
2016.10.14 20:49:16.027,0.75372,0.75415,1.00,1.00
2016.10.14 20:49:16.078,0.7537,0.75415,1.00,1.00
2016.10.14 20:49:24.057,0.75369,0.75416,1.50,1.00
2016.10.14 20:49:24.108,0.75366,0.75416,1.00,1.00
2016.10.14 20:49:24.159,0.75366,0.75416,1.00,1.50
2016.10.14 20:49:27.142,0.75365,0.75416,1.00,1.50
2016.10.14 20:49:27.528,0.75366,0.75416,1.00,2.25
2016.10.14 20:49:29.306,0.75369,0.75416,1.00,2.25
2016.10.14 20:49:29.356,0.75369,0.75416,1.50,2.25
2016.10.14 20:49:31.252,0.75369,0.75415,1.50,1.00
2016.10.14 20:49:32.054,0.75369,0.75415,1.00,1.00
2016.10.14 20:49:36.683,0.75369,0.75414,1.00,1.00
2016.10.14 20:49:36.813,0.75369,0.75414,1.50,1.00
2016.10.14 20:49:36.915,0.75369,0.75415,1.50,1.00
2016.10.14 20:49:41.393,0.75368,0.75414,1.50,1.00
2016.10.14 20:49:41.812,0.75369,0.75414,1.00,1.00
2016.10.14 20:49:41.863,0.75369,0.75414,1.50,1.00
2016.10.14 20:49:42.822,0.75369,0.75416,1.50,1.00
2016.10.14 20:49:47.710,0.75369,0.75416,1.00,1.00
2016.10.14 20:49:47.762,0.75369,0.75415,1.00,1.00
2016.10.14 20:49:49.805,0.75369,0.75415,1.50,1.00
2016.10.14 20:49:53.207,0.75369,0.75416,1.00,1.50
2016.10.14 20:49:53.505,0.75366,0.75415,1.00,1.00
2016.10.14 20:49:55.967,0.75365,0.75414,1.50,1.00
2016.10.14 20:49:58.506,0.75366,0.75413,1.00,1.00
2016.10.14 20:49:58.557,0.75366,0.75413,1.00,1.00
2016.10.14 20:50:00.376,0.75366,0.75413,1.00,1.00
2016.10.14 20:50:00.657,0.75366,0.75413,1.00,1.00
2016.10.14 20:50:02.956,0.75366,0.75412,1.00,2.25
2016.10.14 20:50:04.557,0.75366,0.75413,1.00,1.00
2016.10.14 20:50:04.658,0.75366,0.75416,1.00,1.00
2016.10.14 20:50:04.937,0.75366,0.75415,1.00,1.00
2016.10.14 20:50:05.070,0.7537,0.75418,1.00,1.50
2016.10.14 20:50:05.120,0.7537,0.75418,1.00,1.00
2016.10.14 20:50:05.571,0.75369,0.75416,1.50,1.00
2016.10.14 20:50:05.723,0.75365,0.75415,1.00,1.50
2016.10.14 20:50:05.838,0.75365,0.75414,1.50,1.00
2016.10.14 20:50:11.309,0.7537,0.75414,1.00,1.00
2016.10.14 20:50:11.870,0.75365,0.75411,1.00,1.00
2016.10.14 20:50:11.971,0.75369,0.75414,1.00,1.00
2016.10.14 20:50:15.211,0.75369,0.75415,1.00,1.00
2016.10.14 20:50:16.230,0.75369,0.75415,1.00,1.50
2016.10.14 20:50:16.331,0.75369,0.75414,1.00,1.00
2016.10.14 20:50:19.129,0.75369,0.75415,1.00,1.00
2016.10.14 20:50:20.458,0.75369,0.75416,1.00,1.50
2016.10.14 20:50:20.559,0.75369,0.75416,1.00,1.00
2016.10.14 20:50:21.056,0.75369,0.75416,1.00,1.50
2016.10.14 20:50:21.282,0.7537,0.75415,1.00,1.00
2016.10.14 20:50:22.501,0.75369,0.75416,1.00,1.50
2016.10.14 20:50:24.759,0.75369,0.75415,1.00,1.00
2016.10.14 20:50:25.161,0.75369,0.75416,1.00,1.50
2016.10.14 20:50:25.699,0.7537,0.75415,1.00,1.00
2016.10.14 20:50:33.598,0.75366,0.7541,1.00,1.00
2016.10.14 20:50:33.711,0.75365,0.7541,1.50,1.00
2016.10.14 20:50:34.183,0.7537,0.75415,1.00,1.00
2016.10.14 20:50:35.457,0.7537,0.75415,1.00,1.50
2016.10.14 20:50:37.403,0.75369,0.75415,1.00,1.00
2016.10.14 20:50:39.590,0.75369,0.75416,1.00,1.50
2016.10.14 20:50:43.610,0.7537,0.75415,1.00,1.00
2016.10.14 20:50:49.961,0.75369,0.75416,1.00,1.00
2016.10.14 20:50:50.871,0.7537,0.75415,1.00,1.00
2016.10.14 20:50:51.320,0.75369,0.75417,1.00,1.00
2016.10.14 20:50:52.221,0.75368,0.75415,1.50,1.00
2016.10.14 20:50:52.554,0.7537,0.75415,1.00,1.00
2016.10.14 20:50:57.728,0.7537,0.75417,1.00,1.00
2016.10.14 20:50:58.534,0.75369,0.75416,1.00,1.00
2016.10.14 20:50:58.658,0.75368,0.75411,1.50,1.00
2016.10.14 20:50:58.759,0.7537,0.75411,1.00,1.00
2016.10.14 20:50:58.860,0.75375,0.75411,1.50,1.00
2016.10.14 20:51:00.755,0.75375,0.75411,1.00,1.00
2016.10.14 20:51:01.935,0.75375,0.7541,1.00,1.00
2016.10.14 20:51:03.463,0.75375,0.75415,1.00,1.00
2016.10.14 20:51:04.537,0.75375,0.75411,1.00,1.00
2016.10.14 20:51:04.637,0.75375,0.75415,1.00,1.00
2016.10.14 20:51:13.047,0.75375,0.7542,1.00,2.25
2016.10.14 20:51:13.564,0.75376,0.75418,1.00,1.00
2016.10.14 20:51:13.614,0.75376,0.75415,1.00,1.00
2016.10.14 20:51:17.281,0.75375,0.75415,1.00,1.00
2016.10.14 20:51:17.849,0.75376,0.75415,1.00,1.00
2016.10.14 20:51:22.057,0.75376,0.75416,1.00,1.00
2016.10.14 20:51:22.657,0.75375,0.75416,1.00,1.00
2016.10.14 20:51:23.589,0.75374,0.75416,1.50,1.00
2016.10.14 20:51:24.112,0.75376,0.75416,1.00,1.00
2016.10.14 20:51:24.632,0.75375,0.75416,1.00,1.00
2016.10.14 20:51:25.561,0.75375,0.75415,1.00,1.00
2016.10.14 20:51:26.207,0.75375,0.75416,1.00,1.00
2016.10.14 20:51:28.900,0.75376,0.75416,1.00,1.00
2016.10.14 20:51:33.069,0.75376,0.75419,1.00,1.50
2016.10.14 20:51:39.577,0.75376,0.75415,1.00,1.00
2016.10.14 20:51:39.677,0.75376,0.75419,1.00,1.50
2016.10.14 20:51:40.143,0.75376,0.7542,1.00,1.00
2016.10.14 20:51:41.280,0.75376,0.75416,1.00,1.00
2016.10.14 20:51:44.291,0.75376,0.75421,1.00,1.00
2016.10.14 20:51:44.909,0.75376,0.7542,1.00,1.00
2016.10.14 20:51:47.005,0.75376,0.75425,1.00,1.00
2016.10.14 20:51:47.517,0.75376,0.75426,1.00,1.00
2016.10.14 20:51:49.518,0.75376,0.7542,1.00,1.00
2016.10.14 20:51:56.698,0.75376,0.75415,1.00,1.00
2016.10.14 20:51:56.998,0.75376,0.7542,1.00,1.00
2016.10.14 20:52:02.702,0.75376,0.75421,1.00,1.00
2016.10.14 20:52:04.524,0.75376,0.7542,1.00,1.00
2016.10.14 20:52:07.825,0.75376,0.75421,1.00,1.00
2016.10.14 20:52:13.161,0.7538,0.7542,1.00,1.00
2016.10.14 20:52:13.542,0.75376,0.7542,1.00,1.00
2016.10.14 20:52:15.139,0.7538,0.7542,1.00,1.00
2016.10.14 20:52:15.986,0.75376,0.7542,1.00,1.00
2016.10.14 20:52:16.623,0.75376,0.75415,1.00,1.00
2016.10.14 20:52:16.841,0.7538,0.7542,1.00,1.00
2016.10.14 20:52:16.923,0.7538,0.75425,1.00,1.00
2016.10.14 20:52:17.399,0.75376,0.7542,1.00,1.00
2016.10.14 20:52:24.632,0.75376,0.75421,1.00,1.00
2016.10.14 20:52:27.134,0.75376,0.75415,1.00,1.00
2016.10.14 20:52:30.038,0.75376,0.7542,1.00,1.00
2016.10.14 20:52:30.251,0.75376,0.75415,1.00,1.00
2016.10.14 20:52:33.810,0.75375,0.75415,1.00,1.00
2016.10.14 20:52:33.961,0.75367,0.75415,1.00,1.00
2016.10.14 20:52:34.112,0.75375,0.75415,1.50,1.00
2016.10.14 20:52:34.213,0.75366,0.75415,1.00,1.00
2016.10.14 20:52:34.477,0.75375,0.75415,1.50,1.00
2016.10.14 20:52:34.759,0.75375,0.75416,1.00,1.00
2016.10.14 20:52:35.820,0.75376,0.75416,1.00,1.00
2016.10.14 20:52:35.874,0.75375,0.75416,1.50,1.00
2016.10.14 20:52:35.925,0.75375,0.75416,2.25,1.00
2016.10.14 20:52:44.370,0.75378,0.7543,1.00,1.50
2016.10.14 20:52:44.451,0.75378,0.7543,1.00,1.00
2016.10.14 20:52:44.552,0.75382,0.7543,1.50,1.00
2016.10.14 20:52:46.159,0.75382,0.7543,1.00,1.00
2016.10.14 20:52:47.271,0.75382,0.75431,1.00,1.00
2016.10.14 20:52:49.503,0.75382,0.75425,1.00,1.00
2016.10.14 20:52:49.762,0.75382,0.75431,1.00,1.00
2016.10.14 20:52:50.557,0.75383,0.75431,1.50,1.00
2016.10.14 20:52:50.607,0.75386,0.75431,1.00,1.00
2016.10.14 20:52:51.411,0.75386,0.7543,1.50,1.00
2016.10.14 20:52:53.167,0.75386,0.75426,1.50,1.00
2016.10.14 20:52:54.168,0.75386,0.75425,1.50,1.00
2016.10.14 20:52:54.796,0.75386,0.75425,1.00,1.00
2016.10.14 20:52:56.207,0.75386,0.75425,1.50,1.00
2016.10.14 20:53:00.162,0.75386,0.75425,1.00,1.00
2016.10.14 20:53:05.542,0.75386,0.7543,1.00,1.00
2016.10.14 20:53:12.803,0.75385,0.7543,1.50,1.00
2016.10.14 20:53:14.849,0.75386,0.7543,1.00,1.00
2016.10.14 20:53:15.230,0.7539,0.75435,1.00,1.50
2016.10.14 20:53:16.361,0.7539,0.75435,1.00,1.00
2016.10.14 20:53:17.256,0.7539,0.75435,1.00,1.50
2016.10.14 20:53:17.407,0.7539,0.75435,1.00,1.00
2016.10.14 20:53:17.458,0.7539,0.75435,1.00,1.50
2016.10.14 20:53:17.508,0.7539,0.75435,1.00,1.00
2016.10.14 20:53:17.960,0.75385,0.7543,1.50,1.00
2016.10.14 20:53:18.208,0.75386,0.7543,1.00,1.00
2016.10.14 20:53:19.206,0.75385,0.7543,1.50,1.00
2016.10.14 20:53:22.562,0.75386,0.7543,1.00,1.00
2016.10.14 20:53:25.316,0.7539,0.75435,1.00,1.00
2016.10.14 20:53:25.499,0.75386,0.7543,1.00,1.00
2016.10.14 20:53:25.600,0.75386,0.75431,1.00,1.00
2016.10.14 20:53:25.651,0.75385,0.75431,1.00,1.00
2016.10.14 20:53:25.701,0.75385,0.75425,1.00,1.00
2016.10.14 20:53:25.800,0.75385,0.7543,1.50,1.00
2016.10.14 20:53:28.056,0.75386,0.7543,1.00,1.00
2016.10.14 20:53:28.106,0.7539,0.75435,1.00,1.00
2016.10.14 20:53:30.211,0.75386,0.7543,1.00,1.00
2016.10.14 20:53:30.506,0.7539,0.75435,1.00,1.00
2016.10.14 20:53:33.113,0.75386,0.7543,1.00,1.00
2016.10.14 20:53:38.060,0.75385,0.7543,1.50,1.00
2016.10.14 20:53:41.414,0.75386,0.7543,1.00,1.00
2016.10.14 20:53:41.936,0.7539,0.75435,1.00,1.00
2016.10.14 20:53:48.115,0.7539,0.75434,1.00,1.00
2016.10.14 20:53:48.166,0.7539,0.75433,1.00,1.00
2016.10.14 20:53:48.216,0.7539,0.75435,1.00,1.00
2016.10.14 20:53:53.391,0.7539,0.75436,1.00,1.50
2016.10.14 20:53:53.544,0.7539,0.7544,1.00,2.25
2016.10.14 20:53:53.646,0.7539,0.7544,1.00,1.00
2016.10.14 20:53:57.746,0.75389,0.75435,1.00,1.00
2016.10.14 20:54:00.312,0.75395,0.75441,1.00,1.50
2016.10.14 20:54:00.363,0.75395,0.7544,1.00,1.00
2016.10.14 20:54:01.185,0.75392,0.7544,1.00,1.00
2016.10.14 20:54:01.236,0.75391,0.7544,1.00,1.00
2016.10.14 20:54:01.351,0.75395,0.75445,1.00,1.00
2016.10.14 20:54:01.562,0.75395,0.7544,1.00,1.00
2016.10.14 20:54:01.663,0.75395,0.75445,1.00,1.00
2016.10.14 20:54:03.055,0.75394,0.75446,1.00,1.50
2016.10.14 20:54:03.583,0.75392,0.75441,1.00,1.00
2016.10.14 20:54:03.956,0.75395,0.75445,1.00,1.00
2016.10.14 20:54:04.368,0.75394,0.75446,1.00,3.00
2016.10.14 20:54:04.559,0.75394,0.75446,1.00,1.50
2016.10.14 20:54:05.129,0.75395,0.7544,1.00,1.00
2016.10.14 20:54:05.675,0.75394,0.75441,1.00,1.00
2016.10.14 20:54:06.508,0.75395,0.75445,1.00,1.00
2016.10.14 20:54:08.798,0.7541,0.7545,1.00,1.00
2016.10.14 20:54:08.898,0.75405,0.75455,1.00,1.00
2016.10.14 20:54:12.815,0.75405,0.7545,1.00,1.00
2016.10.14 20:54:12.916,0.7541,0.7545,1.00,1.00
2016.10.14 20:54:12.979,0.7541,0.7545,1.50,1.00
2016.10.14 20:54:13.205,0.7541,0.75455,1.50,1.00
2016.10.14 20:54:13.776,0.7541,0.7546,1.50,1.00
2016.10.14 20:54:13.907,0.75405,0.7546,1.00,1.00
2016.10.14 20:54:19.212,0.75405,0.75455,1.00,1.00
2016.10.14 20:54:19.623,0.75409,0.75461,1.00,2.25
2016.10.14 20:54:19.896,0.75409,0.75461,1.00,1.00
2016.10.14 20:54:20.308,0.75405,0.75455,1.00,1.00
2016.10.14 20:54:24.448,0.75404,0.75456,1.00,1.00
2016.10.14 20:54:25.199,0.75405,0.75455,1.00,1.00
2016.10.14 20:54:30.730,0.754,0.7545,1.00,1.00
2016.10.14 20:54:33.218,0.754,0.75455,1.00,1.00
2016.10.14 20:54:43.600,0.754,0.7545,1.00,1.00
2016.10.14 20:54:46.114,0.75405,0.75455,1.00,1.00
2016.10.14 20:54:51.333,0.754,0.7545,1.00,1.00
2016.10.14 20:54:51.720,0.75405,0.75455,1.00,1.00
2016.10.14 20:55:02.940,0.754,0.7545,1.00,1.00
2016.10.14 20:55:03.071,0.75405,0.75454,1.00,1.50
2016.10.14 20:55:03.586,0.75404,0.75456,1.00,1.00
2016.10.14 20:55:04.137,0.754,0.7545,1.00,1.00
2016.10.14 20:55:04.446,0.75405,0.75455,1.00,1.00
2016.10.14 20:55:05.153,0.754,0.7545,1.00,1.00
2016.10.14 20:55:05.482,0.75405,0.75455,1.00,1.00
2016.10.14 20:55:08.069,0.754,0.7545,1.00,1.00
2016.10.14 20:55:08.143,0.75404,0.75456,1.00,1.00
2016.10.14 20:55:08.344,0.75399,0.75451,1.00,1.00
2016.10.14 20:55:08.944,0.75405,0.75455,1.00,1.00
2016.10.14 20:55:13.449,0.754,0.7545,1.00,1.00
2016.10.14 20:55:13.550,0.75404,0.75456,1.00,1.00
2016.10.14 20:55:14.151,0.754,0.75455,1.00,1.00
2016.10.14 20:55:14.308,0.754,0.75455,1.50,1.00
2016.10.14 20:55:14.409,0.75404,0.75455,1.50,1.00
2016.10.14 20:55:15.167,0.75404,0.75455,1.00,1.00
2016.10.14 20:55:15.756,0.75404,0.75451,1.50,1.00
2016.10.14 20:55:15.908,0.75404,0.7545,1.00,1.00
2016.10.14 20:55:15.959,0.75404,0.75455,1.00,1.00
2016.10.14 20:55:16.554,0.75403,0.75455,1.50,1.00
2016.10.14 20:55:16.604,0.75404,0.75455,1.00,1.00
2016.10.14 20:55:17.055,0.75404,0.75455,1.50,1.00
2016.10.14 20:55:17.106,0.75404,0.75454,1.00,1.00
2016.10.14 20:55:17.157,0.75404,0.7545,1.00,1.00
2016.10.14 20:55:17.339,0.75404,0.7545,1.50,1.00
2016.10.14 20:55:17.389,0.75404,0.75454,1.50,1.50
2016.10.14 20:55:17.440,0.75404,0.75454,1.00,1.50
2016.10.14 20:55:17.490,0.75404,0.75451,1.50,1.00
2016.10.14 20:55:17.558,0.75404,0.75454,1.50,1.50
2016.10.14 20:55:17.758,0.75404,0.7545,1.50,1.00
2016.10.14 20:55:17.908,0.75404,0.7545,1.00,1.00
2016.10.14 20:55:18.411,0.75404,0.7545,1.50,1.00
2016.10.14 20:55:18.461,0.75404,0.7545,1.00,1.00
2016.10.14 20:55:19.189,0.75404,0.75446,1.00,1.00
2016.10.14 20:55:20.109,0.75404,0.75446,1.50,1.00
2016.10.14 20:55:21.007,0.75404,0.75446,1.00,1.00
2016.10.14 20:55:21.631,0.75404,0.75445,1.00,1.00
2016.10.14 20:55:22.159,0.75403,0.75445,1.00,1.00
2016.10.14 20:55:22.311,0.754,0.75446,1.00,1.00
2016.10.14 20:55:22.866,0.754,0.7544,1.00,1.00
2016.10.14 20:55:23.415,0.75399,0.7544,1.50,1.00
2016.10.14 20:55:24.571,0.754,0.7544,1.00,1.00
2016.10.14 20:55:25.698,0.75399,0.75446,1.50,1.00
2016.10.14 20:55:25.749,0.754,0.75446,1.00,1.00
2016.10.14 20:55:27.178,0.754,0.7544,1.00,1.00
2016.10.14 20:55:28.389,0.754,0.75445,1.00,1.00
2016.10.14 20:55:28.676,0.754,0.75441,1.00,1.00
2016.10.14 20:55:29.877,0.754,0.75446,1.00,1.00
2016.10.14 20:55:30.206,0.75397,0.75446,1.00,1.00
2016.10.14 20:55:31.244,0.75396,0.75446,1.00,1.00
2016.10.14 20:55:31.773,0.75397,0.75446,1.00,1.00
2016.10.14 20:55:33.507,0.75396,0.75446,1.00,1.00
2016.10.14 20:55:33.809,0.75397,0.7544,1.00,1.00
2016.10.14 20:55:34.290,0.75397,0.75445,1.00,1.00
2016.10.14 20:55:35.104,0.75396,0.75445,1.00,1.00
2016.10.14 20:55:37.104,0.75397,0.75445,1.00,1.00
2016.10.14 20:55:39.659,0.75396,0.75445,1.00,1.00
2016.10.14 20:55:40.224,0.75397,0.75445,1.00,1.00
2016.10.14 20:55:40.277,0.75396,0.75445,1.00,1.00
2016.10.14 20:55:40.327,0.75396,0.7544,1.00,1.00
2016.10.14 20:55:40.539,0.75397,0.75445,1.00,1.00
2016.10.14 20:55:41.055,0.75397,0.75446,1.00,1.00
2016.10.14 20:55:41.106,0.75399,0.75451,1.00,1.00
2016.10.14 20:55:41.792,0.75397,0.75445,1.00,1.00
2016.10.14 20:55:42.735,0.75396,0.75445,1.00,1.00
2016.10.14 20:55:43.909,0.75397,0.75445,1.00,1.00
2016.10.14 20:55:54.604,0.75397,0.7545,1.00,1.00
2016.10.14 20:55:54.746,0.75397,0.75445,1.00,1.00
2016.10.14 20:55:54.946,0.75397,0.7545,1.00,1.00
2016.10.14 20:55:55.683,0.75396,0.7545,1.00,1.00
2016.10.14 20:55:56.807,0.75397,0.7545,1.00,1.00
2016.10.14 20:56:05.059,0.754,0.75455,1.00,2.25
2016.10.14 20:56:05.160,0.754,0.75455,1.00,1.00
2016.10.14 20:56:06.256,0.75397,0.75451,1.00,1.00
2016.10.14 20:56:07.104,0.75396,0.75451,1.00,1.00
2016.10.14 20:56:07.156,0.75399,0.75456,1.00,1.00
2016.10.14 20:56:07.769,0.754,0.75455,1.00,1.00
2016.10.14 20:56:07.947,0.754,0.75455,1.50,1.00
2016.10.14 20:56:08.804,0.75401,0.75455,1.00,1.00
2016.10.14 20:56:10.159,0.75401,0.75456,1.00,1.00
2016.10.14 20:56:11.532,0.754,0.75456,1.00,1.00
2016.10.14 20:56:12.627,0.75405,0.75455,1.00,1.00
2016.10.14 20:56:14.029,0.75403,0.75455,1.50,1.00
2016.10.14 20:56:14.605,0.75405,0.75455,1.00,1.00
2016.10.14 20:56:15.531,0.75405,0.75456,1.00,1.00
2016.10.14 20:56:17.233,0.75405,0.75455,1.00,1.00
2016.10.14 20:56:18.875,0.75405,0.7545,1.00,1.00
2016.10.14 20:56:18.935,0.75405,0.75456,1.00,1.00
2016.10.14 20:56:19.360,0.75405,0.7545,1.00,1.00
2016.10.14 20:56:19.411,0.75404,0.7545,1.50,1.00
2016.10.14 20:56:19.488,0.75404,0.75455,1.50,1.00
2016.10.14 20:56:19.659,0.75405,0.75456,1.00,1.00
2016.10.14 20:56:20.739,0.75404,0.75455,1.50,1.00
2016.10.14 20:56:21.576,0.75405,0.75455,1.00,1.00
2016.10.14 20:56:27.972,0.75405,0.75451,1.00,1.00
2016.10.14 20:56:28.073,0.75405,0.75455,1.00,1.00
2016.10.14 20:56:31.536,0.75404,0.75455,1.50,1.00
2016.10.14 20:56:32.353,0.75404,0.75455,1.00,1.00
2016.10.14 20:56:32.481,0.75404,0.75455,1.50,1.00
2016.10.14 20:56:33.380,0.75405,0.75451,1.00,1.00
2016.10.14 20:56:35.419,0.75405,0.75455,1.00,1.00
2016.10.14 20:56:35.690,0.75404,0.75455,1.50,1.00
2016.10.14 20:56:35.797,0.75405,0.75455,1.00,1.00
2016.10.14 20:56:37.458,0.75404,0.75455,1.50,1.00
2016.10.14 20:56:39.113,0.75405,0.75455,1.00,1.00
2016.10.14 20:56:41.861,0.75405,0.7545,1.00,1.00
2016.10.14 20:56:43.262,0.75405,0.75455,1.00,1.00
2016.10.14 20:56:43.883,0.75404,0.75455,1.50,1.00
2016.10.14 20:56:44.158,0.75404,0.75455,1.00,1.00
2016.10.14 20:56:44.218,0.75405,0.7545,1.00,1.00
2016.10.14 20:56:44.268,0.75405,0.75455,1.00,1.00
2016.10.14 20:56:45.508,0.75405,0.7545,1.00,1.00
2016.10.14 20:56:45.565,0.75405,0.75456,1.00,1.00
2016.10.14 20:56:45.835,0.75404,0.75455,1.50,1.00
2016.10.14 20:56:45.886,0.75408,0.75455,1.00,1.00
2016.10.14 20:56:47.631,0.75408,0.75465,1.00,1.00
2016.10.14 20:56:47.681,0.75404,0.7546,1.50,1.00
2016.10.14 20:56:47.869,0.75405,0.75465,1.00,1.00
2016.10.14 20:56:48.069,0.75404,0.7546,1.50,1.00
2016.10.14 20:56:48.608,0.75404,0.75461,1.50,1.00
2016.10.14 20:56:52.674,0.75404,0.7546,1.50,1.00
2016.10.14 20:56:54.152,0.75404,0.75461,1.50,1.00
2016.10.14 20:56:54.253,0.75404,0.75461,1.00,1.00
2016.10.14 20:56:54.812,0.75404,0.7546,1.00,1.00
2016.10.14 20:56:55.553,0.75403,0.7546,3.00,1.00
2016.10.14 20:56:56.056,0.75404,0.7546,1.00,1.00
2016.10.14 20:56:56.754,0.75404,0.7546,1.50,1.00
2016.10.14 20:56:56.805,0.75404,0.7546,1.00,1.00
2016.10.14 20:56:57.806,0.75404,0.7546,1.50,1.00
2016.10.14 20:57:01.510,0.75405,0.75465,1.00,1.00
2016.10.14 20:57:01.752,0.75404,0.7546,1.50,1.00
2016.10.14 20:57:03.087,0.75405,0.75465,1.00,1.00
2016.10.14 20:57:03.188,0.75404,0.7546,1.50,1.00
2016.10.14 20:57:05.518,0.75405,0.75465,1.00,1.00
2016.10.14 20:57:05.620,0.75404,0.75461,1.00,1.00
2016.10.14 20:57:06.954,0.75404,0.75461,1.50,1.00
2016.10.14 20:57:09.554,0.75404,0.75461,1.00,1.00
2016.10.14 20:57:14.191,0.7541,0.7546,1.00,1.00
2016.10.14 20:57:15.528,0.75405,0.7546,1.00,1.00
2016.10.14 20:57:15.629,0.75401,0.75455,1.00,1.00
2016.10.14 20:57:15.679,0.754,0.75455,1.50,1.00
2016.10.14 20:57:15.730,0.75401,0.75455,1.00,1.00
2016.10.14 20:57:15.807,0.75405,0.75455,1.00,1.00
2016.10.14 20:57:17.531,0.75403,0.7546,1.50,1.00
2016.10.14 20:57:17.581,0.75396,0.7546,1.00,1.00
2016.10.14 20:57:17.632,0.75403,0.75455,1.00,1.00
2016.10.14 20:57:17.783,0.75403,0.75455,1.50,1.00
2016.10.14 20:57:18.632,0.75403,0.75455,2.25,1.00
2016.10.14 20:57:21.409,0.75403,0.7545,2.25,1.00
2016.10.14 20:57:21.551,0.75403,0.75455,2.25,1.00
2016.10.14 20:57:21.755,0.75403,0.75451,2.25,1.00
2016.10.14 20:57:21.809,0.75403,0.75455,2.25,1.00
2016.10.14 20:57:22.328,0.75406,0.75455,1.00,1.00
2016.10.14 20:57:23.156,0.75405,0.75455,1.00,1.00
2016.10.14 20:57:24.108,0.75406,0.75455,1.00,1.00
2016.10.14 20:57:25.130,0.75406,0.7545,1.00,1.00
2016.10.14 20:57:25.841,0.75406,0.75455,1.00,1.00
2016.10.14 20:57:26.767,0.75406,0.7545,1.00,1.00
2016.10.14 20:57:27.033,0.75406,0.75455,1.00,1.00
2016.10.14 20:57:27.760,0.75405,0.75455,1.00,1.00
2016.10.14 20:57:28.351,0.75406,0.75455,1.00,1.00
2016.10.14 20:57:30.156,0.75405,0.75455,1.00,1.00
2016.10.14 20:57:30.912,0.75406,0.75455,1.00,1.00
2016.10.14 20:57:34.359,0.75405,0.75455,1.00,1.00
2016.10.14 20:57:34.444,0.7541,0.75455,1.00,1.00
2016.10.14 20:57:34.494,0.75407,0.75455,1.00,1.00
2016.10.14 20:57:35.703,0.75406,0.75455,1.00,1.00
2016.10.14 20:57:37.109,0.75407,0.75455,1.00,1.00
2016.10.14 20:57:37.838,0.75407,0.75456,1.00,1.00
2016.10.14 20:57:38.342,0.75407,0.75455,1.00,1.00
2016.10.14 20:57:40.494,0.75406,0.75455,1.00,1.00
2016.10.14 20:57:41.261,0.75406,0.75451,1.00,1.00
2016.10.14 20:57:41.456,0.75407,0.75455,1.00,1.00
2016.10.14 20:57:45.261,0.75406,0.7545,1.00,1.00
2016.10.14 20:57:45.590,0.75407,0.75445,1.00,1.00
2016.10.14 20:57:45.664,0.75407,0.7545,1.00,1.00
2016.10.14 20:57:45.765,0.75406,0.75455,1.00,1.00
2016.10.14 20:57:46.593,0.75407,0.75455,1.00,1.00
2016.10.14 20:57:47.391,0.75406,0.75455,1.00,1.00
2016.10.14 20:57:48.371,0.75407,0.75455,1.00,1.00
2016.10.14 20:57:50.833,0.75407,0.75456,1.00,1.00
2016.10.14 20:57:51.484,0.75407,0.75455,1.00,1.00
2016.10.14 20:57:52.117,0.75408,0.75455,1.00,1.00
2016.10.14 20:57:52.168,0.75408,0.7545,1.00,1.00
2016.10.14 20:57:53.505,0.75407,0.7545,1.00,1.00
2016.10.14 20:57:54.165,0.75408,0.7545,1.00,1.00
2016.10.14 20:57:59.804,0.75407,0.7545,1.00,1.00
2016.10.14 20:58:00.435,0.75408,0.7545,1.00,1.00
2016.10.14 20:58:05.553,0.75407,0.7545,1.00,1.00
2016.10.14 20:58:06.122,0.75408,0.7545,1.00,1.00
2016.10.14 20:58:06.732,0.75408,0.75451,1.00,1.00
2016.10.14 20:58:10.179,0.75408,0.7545,1.00,1.00
2016.10.14 20:58:10.607,0.75408,0.75445,1.00,1.00
2016.10.14 20:58:11.804,0.75407,0.75451,1.00,1.00
2016.10.14 20:58:13.503,0.75407,0.7545,1.00,1.00
2016.10.14 20:58:14.122,0.75408,0.7545,1.00,1.00
2016.10.14 20:58:15.175,0.75408,0.7544,1.00,1.00
2016.10.14 20:58:15.453,0.75408,0.7545,1.00,1.00
2016.10.14 20:58:17.208,0.75408,0.7545,1.00,1.00
2016.10.14 20:58:17.864,0.75408,0.75451,1.00,1.00
2016.10.14 20:58:18.779,0.75408,0.75445,1.00,1.00
2016.10.14 20:58:19.318,0.7541,0.7545,1.00,1.00
2016.10.14 20:58:22.007,0.75415,0.75455,1.00,1.00
2016.10.14 20:58:22.486,0.75409,0.75451,1.00,1.00
2016.10.14 20:58:23.296,0.7541,0.7545,2.25,1.00
2016.10.14 20:58:24.488,0.7541,0.7545,1.00,1.00
2016.10.14 20:58:31.031,0.75408,0.75451,1.00,1.00
2016.10.14 20:58:32.239,0.75407,0.75451,1.00,1.00
2016.10.14 20:58:33.707,0.75408,0.75451,1.00,1.00
2016.10.14 20:58:38.940,0.75409,0.75456,1.00,1.00
2016.10.14 20:58:39.041,0.75415,0.75465,1.00,1.00
2016.10.14 20:58:39.833,0.7541,0.7546,1.00,1.00
2016.10.14 20:58:40.408,0.75409,0.75461,1.00,1.00
2016.10.14 20:58:40.910,0.7541,0.7546,1.00,1.00
2016.10.14 20:58:44.756,0.7541,0.75465,1.00,1.00
2016.10.14 20:58:44.825,0.75405,0.7546,1.00,1.00
2016.10.14 20:58:45.499,0.75404,0.75461,1.00,1.00
2016.10.14 20:58:48.020,0.7541,0.75465,1.00,1.00
2016.10.14 20:58:48.121,0.7541,0.75465,1.50,1.00
2016.10.14 20:58:48.223,0.7541,0.75465,2.25,1.00
2016.10.14 20:58:52.950,0.75415,0.7547,1.00,1.00
2016.10.14 20:58:53.349,0.7541,0.75465,2.25,1.00
2016.10.14 20:58:53.451,0.75415,0.7547,1.00,1.00
2016.10.14 20:58:57.654,0.75409,0.75466,1.00,1.00
2016.10.14 20:58:57.755,0.75415,0.7547,1.00,1.00
2016.10.14 20:59:00.059,0.7541,0.7547,1.00,1.00
2016.10.14 20:59:00.162,0.75396,0.75469,1.50,1.00
2016.10.14 20:59:00.212,0.75396,0.75475,2.25,1.50
2016.10.14 20:59:00.263,0.75396,0.75475,1.00,0.75
2016.10.14 20:59:00.313,0.75396,0.75475,1.00,1.50
2016.10.14 20:59:00.837,0.75395,0.75475,1.00,1.50
2016.10.14 20:59:01.038,0.75396,0.75475,2.25,1.50
2016.10.14 20:59:01.145,0.75396,0.75475,1.50,1.50
2016.10.14 20:59:01.508,0.75396,0.75475,2.25,1.50
2016.10.14 20:59:01.634,0.75396,0.75475,1.50,1.50
2016.10.14 20:59:02.034,0.75395,0.75483,1.50,0.75
2016.10.14 20:59:02.692,0.75395,0.75483,1.50,1.50
2016.10.14 20:59:04.169,0.754,0.75483,0.75,1.50
2016.10.14 20:59:04.221,0.754,0.75475,0.75,1.50
2016.10.14 20:59:04.271,0.75396,0.75475,1.50,1.50
2016.10.14 20:59:04.321,0.75396,0.75461,1.50,0.75
2016.10.14 20:59:04.422,0.75396,0.75461,1.50,1.50
2016.10.14 20:59:05.067,0.75396,0.75475,1.50,0.75
2016.10.14 20:59:05.136,0.75396,0.75475,1.50,1.50
2016.10.14 20:59:08.226,0.75388,0.75476,0.75,1.50
2016.10.14 20:59:08.326,0.75389,0.75475,1.50,1.50
2016.10.14 20:59:08.927,0.75388,0.75483,1.50,1.50
2016.10.14 20:59:10.330,0.75417,0.75482,1.50,1.50
2016.10.14 20:59:11.718,0.75396,0.75482,1.50,1.50
2016.10.14 20:59:16.138,0.75417,0.75482,1.50,1.50
2016.10.14 20:59:18.248,0.75396,0.75482,1.50,1.50
2016.10.14 20:59:27.363,0.75375,0.75475,1.50,1.50
2016.10.14 20:59:31.185,0.75367,0.75476,0.75,1.50
2016.10.14 20:59:31.263,0.75368,0.75475,1.50,1.50
2016.10.14 20:59:33.281,0.7537,0.75475,0.75,1.50
2016.10.14 20:59:35.083,0.75374,0.75475,0.75,1.50
2016.10.14 20:59:36.148,0.7537,0.75475,0.75,1.50
2016.10.14 20:59:36.796,0.75369,0.75475,0.75,1.50
2016.10.14 20:59:39.990,0.7537,0.75475,0.75,1.50
2016.10.14 20:59:40.109,0.7537,0.75482,0.75,1.50
2016.10.14 20:59:42.193,0.75375,0.75482,0.75,1.50
2016.10.14 20:59:42.894,0.7537,0.75482,0.75,1.50
2016.10.14 20:59:46.100,0.75365,0.75482,0.75,1.50
2016.10.14 20:59:46.300,0.7537,0.75482,0.75,1.50
2016.10.14 20:59:48.691,0.7537,0.75476,0.75,0.75
2016.10.14 20:59:49.193,0.7537,0.75475,0.75,1.50
2016.10.14 20:59:50.745,0.75364,0.75475,0.75,1.50
2016.10.14 20:59:50.812,0.7537,0.75475,0.75,1.50
2016.10.14 20:59:51.354,0.7537,0.75476,0.75,1.50
2016.10.14 20:59:53.798,0.7537,0.75482,0.75,1.50
2016.10.14 20:59:53.998,0.7537,0.75475,0.75,1.50
2016.10.14 20:59:55.210,0.75365,0.75475,0.75,1.50
2016.10.14 20:59:55.886,0.75365,0.75482,0.75,1.50
2016.10.14 20:59:56.037,0.75365,0.75475,0.75,0.75
2016.10.14 20:59:56.101,0.75365,0.75475,0.75,1.50
2016.10.14 20:59:56.201,0.75365,0.75482,0.75,1.50
2016.10.14 20:59:56.258,0.75369,0.75482,0.75,1.50
