2011.11.17 12:00:01.957,0.92538,0.92556,1.50,1.50
2011.11.17 12:00:02.960,0.92539,0.92555,1.50,1.50
2011.11.17 12:00:03.946,0.92542,0.92557,1.50,1.50
2011.11.17 12:00:04.721,0.92542,0.92558,1.50,1.88
2011.11.17 12:00:07.779,0.92544,0.92562,1.50,2.25
2011.11.17 12:00:08.460,0.92544,0.92562,1.50,2.25
2011.11.17 12:00:08.579,0.9254,0.92558,1.50,2.25
2011.11.17 12:00:08.809,0.92538,0.92554,1.50,1.50
2011.11.17 12:00:08.929,0.92541,0.92557,1.50,1.88
2011.11.17 12:00:09.624,0.92543,0.92561,1.50,1.88
2011.11.17 12:00:10.661,0.92541,0.92557,1.50,1.50
2011.11.17 12:00:10.937,0.92533,0.92551,1.50,2.25
2011.11.17 12:00:11.762,0.92533,0.92551,1.50,1.50
2011.11.17 12:00:11.990,0.92543,0.92558,1.50,3.00
2011.11.17 12:00:12.217,0.92543,0.92559,1.50,1.50
2011.11.17 12:00:12.336,0.92546,0.92561,1.50,1.88
2011.11.17 12:00:13.178,0.92546,0.92564,1.50,3.75
2011.11.17 12:00:13.408,0.92541,0.92559,1.50,2.25
2011.11.17 12:00:13.653,0.92547,0.92561,1.50,2.25
2011.11.17 12:00:14.633,0.92547,0.92565,1.50,2.25
2011.11.17 12:00:15.202,0.92543,0.92557,1.50,1.50
2011.11.17 12:00:15.542,0.92541,0.92557,1.50,2.25
2011.11.17 12:00:15.661,0.92537,0.92555,1.50,2.25
2011.11.17 12:00:16.610,0.92534,0.92552,1.50,1.88
2011.11.17 12:00:16.952,0.92538,0.92554,1.50,2.25
2011.11.17 12:00:17.580,0.92532,0.92548,1.50,1.88
2011.11.17 12:00:17.808,0.92535,0.92551,1.50,2.25
2011.11.17 12:00:18.099,0.92535,0.92551,1.50,1.88
2011.11.17 12:00:18.879,0.92532,0.92547,1.50,2.25
2011.11.17 12:00:19.112,0.92529,0.92545,1.50,2.25
2011.11.17 12:00:19.233,0.92529,0.92545,1.50,1.50
2011.11.17 12:00:19.749,0.92526,0.92542,1.50,1.50
2011.11.17 12:00:20.107,0.92525,0.92543,1.50,2.25
2011.11.17 12:00:20.711,0.92525,0.92543,1.50,1.88
2011.11.17 12:00:20.943,0.9253,0.92543,1.50,1.88
2011.11.17 12:00:21.064,0.92538,0.92553,2.25,1.50
2011.11.17 12:00:21.186,0.92543,0.92559,1.50,1.50
2011.11.17 12:00:21.982,0.92546,0.92559,1.50,1.50
2011.11.17 12:00:22.112,0.92542,0.92558,1.50,1.88
2011.11.17 12:00:22.341,0.92544,0.92562,1.50,2.25
2011.11.17 12:00:23.224,0.92541,0.92559,1.50,1.88
2011.11.17 12:00:23.927,0.92539,0.92548,1.50,1.88
2011.11.17 12:00:24.046,0.92539,0.92552,1.50,1.50
2011.11.17 12:00:24.162,0.92543,0.92559,1.50,1.50
2011.11.17 12:00:24.281,0.92539,0.92557,1.50,1.50
2011.11.17 12:00:24.508,0.92543,0.92561,1.50,1.88
2011.11.17 12:00:24.849,0.9254,0.92558,1.50,1.50
2011.11.17 12:00:25.083,0.92532,0.92548,2.25,1.50
2011.11.17 12:00:25.636,0.92532,0.92548,1.50,1.50
2011.11.17 12:00:26.371,0.92535,0.92551,1.50,1.50
2011.11.17 12:00:27.748,0.92537,0.92553,1.50,1.50
2011.11.17 12:00:27.874,0.92537,0.92555,1.50,1.50
2011.11.17 12:00:27.990,0.92535,0.92551,1.50,1.50
2011.11.17 12:00:28.222,0.92537,0.92555,1.50,1.50
2011.11.17 12:00:28.778,0.92537,0.92555,2.62,1.50
2011.11.17 12:00:29.149,0.9254,0.92558,1.88,1.50
2011.11.17 12:00:29.603,0.92543,0.9256,1.50,1.50
2011.11.17 12:00:30.161,0.92543,0.92561,1.50,1.50
2011.11.17 12:00:30.831,0.92546,0.92564,1.50,1.50
2011.11.17 12:00:31.651,0.92543,0.92559,1.50,1.50
2011.11.17 12:00:32.235,0.92536,0.92554,2.25,1.50
2011.11.17 12:00:32.569,0.92535,0.9255,2.25,1.50
2011.11.17 12:00:32.799,0.92534,0.9255,2.62,1.50
2011.11.17 12:00:33.608,0.92536,0.92553,2.25,1.50
2011.11.17 12:00:34.117,0.92536,0.92554,2.25,1.50
2011.11.17 12:00:35.448,0.92541,0.92556,1.50,1.50
2011.11.17 12:00:35.570,0.92543,0.92559,1.50,1.50
2011.11.17 12:00:36.692,0.92542,0.9256,1.50,1.50
2011.11.17 12:00:37.240,0.92542,0.9256,3.00,1.50
2011.11.17 12:00:37.359,0.92548,0.92566,1.50,1.50
2011.11.17 12:00:37.479,0.92551,0.92566,1.50,1.50
2011.11.17 12:00:37.599,0.92552,0.9257,1.50,1.50
2011.11.17 12:00:37.829,0.92552,0.92567,1.50,1.50
2011.11.17 12:00:37.948,0.92548,0.92566,1.50,1.50
2011.11.17 12:00:38.179,0.9255,0.92566,2.25,1.50
2011.11.17 12:00:38.299,0.92553,0.92569,1.12,1.50
2011.11.17 12:00:38.530,0.92554,0.92572,2.25,1.50
2011.11.17 12:00:38.650,0.92558,0.92574,1.50,1.50
2011.11.17 12:00:39.245,0.92558,0.92573,1.50,1.50
2011.11.17 12:00:39.360,0.92555,0.92571,1.88,1.50
2011.11.17 12:00:40.138,0.92555,0.92571,1.50,1.88
2011.11.17 12:00:40.368,0.92547,0.92562,2.25,1.50
2011.11.17 12:00:40.488,0.92545,0.92562,2.25,1.50
2011.11.17 12:00:40.941,0.9255,0.92568,2.25,1.50
2011.11.17 12:00:41.571,0.9255,0.92568,1.50,1.50
2011.11.17 12:00:43.354,0.92548,0.92564,1.88,1.50
2011.11.17 12:00:43.694,0.92545,0.92561,1.50,1.50
2011.11.17 12:00:43.920,0.92541,0.92559,1.50,1.50
2011.11.17 12:00:44.540,0.92545,0.9256,1.50,1.50
2011.11.17 12:00:45.144,0.92545,0.92561,1.50,1.50
2011.11.17 12:00:45.908,0.92547,0.92565,1.50,1.50
2011.11.17 12:00:46.553,0.92544,0.92562,1.50,1.50
2011.11.17 12:00:46.998,0.92544,0.92562,1.50,2.25
2011.11.17 12:00:47.121,0.9254,0.92558,1.50,1.50
2011.11.17 12:00:48.027,0.92544,0.9256,1.50,1.88
2011.11.17 12:00:48.139,0.92541,0.92557,1.50,1.50
2011.11.17 12:00:48.699,0.92547,0.92563,1.50,1.88
2011.11.17 12:00:49.150,0.92545,0.92561,1.50,1.50
2011.11.17 12:00:49.271,0.92543,0.92561,1.50,1.50
2011.11.17 12:00:50.008,0.92542,0.92556,1.50,1.50
2011.11.17 12:00:50.237,0.92537,0.92554,1.88,1.50
2011.11.17 12:00:50.784,0.92539,0.92557,1.88,1.50
2011.11.17 12:00:51.651,0.92534,0.9255,1.88,1.50
2011.11.17 12:00:52.428,0.92534,0.9255,1.88,1.50
2011.11.17 12:00:52.770,0.92538,0.92554,1.50,1.50
2011.11.17 12:00:53.587,0.92539,0.92554,1.50,1.88
2011.11.17 12:00:53.932,0.92547,0.92562,1.50,1.50
2011.11.17 12:00:54.050,0.92548,0.92566,1.50,1.50
2011.11.17 12:00:54.419,0.92545,0.92561,1.88,1.50
2011.11.17 12:00:54.759,0.92541,0.92559,2.25,1.50
2011.11.17 12:00:54.880,0.92541,0.92559,1.88,1.50
2011.11.17 12:00:56.045,0.92544,0.92561,1.50,1.50
2011.11.17 12:00:56.592,0.92544,0.92562,1.50,1.50
2011.11.17 12:00:56.931,0.92546,0.92562,1.50,1.50
2011.11.17 12:00:57.274,0.92542,0.92558,1.88,1.50
2011.11.17 12:00:57.613,0.92544,0.92562,1.88,1.50
2011.11.17 12:00:57.732,0.92548,0.92564,1.50,3.75
2011.11.17 12:00:57.851,0.92545,0.92561,3.00,2.25
2011.11.17 12:00:58.401,0.92547,0.92563,1.88,1.50
2011.11.17 12:00:58.671,0.9255,0.92568,1.50,1.50
2011.11.17 12:00:59.410,0.92548,0.92565,1.50,1.50
2011.11.17 12:00:59.968,0.92547,0.92565,1.50,1.50
2011.11.17 12:01:00.819,0.92547,0.9256,1.50,1.50
2011.11.17 12:01:01.176,0.92541,0.92557,1.50,4.13
2011.11.17 12:01:01.293,0.92537,0.92555,1.50,2.25
2011.11.17 12:01:01.741,0.92537,0.92555,1.50,1.50
2011.11.17 12:01:02.903,0.92541,0.92558,1.50,1.50
2011.11.17 12:01:04.100,0.92543,0.92559,1.50,1.50
2011.11.17 12:01:04.439,0.92543,0.92559,1.50,2.25
2011.11.17 12:01:04.559,0.9254,0.92556,1.50,2.25
2011.11.17 12:01:04.681,0.92536,0.92554,1.88,1.50
2011.11.17 12:01:05.136,0.9254,0.92556,1.50,1.50
2011.11.17 12:01:05.490,0.92537,0.92553,1.50,1.88
2011.11.17 12:01:05.742,0.92533,0.92551,1.50,1.50
2011.11.17 12:01:06.201,0.92531,0.92547,1.50,1.50
2011.11.17 12:01:06.322,0.92533,0.92551,1.50,1.50
2011.11.17 12:01:06.442,0.92538,0.92552,1.50,1.50
2011.11.17 12:01:07.149,0.92531,0.92547,1.50,1.50
2011.11.17 12:01:08.541,0.92534,0.92549,1.50,1.50
2011.11.17 12:01:08.883,0.9254,0.92556,1.50,2.25
2011.11.17 12:01:09.880,0.92537,0.92554,1.50,1.88
2011.11.17 12:01:10.003,0.92531,0.92549,1.50,1.50
2011.11.17 12:01:10.670,0.92531,0.92549,1.88,1.50
2011.11.17 12:01:10.791,0.92535,0.92553,1.50,1.50
2011.11.17 12:01:11.278,0.92538,0.92555,1.50,2.25
2011.11.17 12:01:11.407,0.92535,0.92551,1.50,1.88
2011.11.17 12:01:11.525,0.92531,0.92549,1.50,1.50
2011.11.17 12:01:11.859,0.92528,0.92546,1.50,1.50
2011.11.17 12:01:12.491,0.92531,0.92548,1.50,1.50
2011.11.17 12:01:12.829,0.92529,0.92545,1.50,1.50
2011.11.17 12:01:13.690,0.92533,0.92547,1.50,1.88
2011.11.17 12:01:13.920,0.92523,0.92539,1.50,2.25
2011.11.17 12:01:14.701,0.92525,0.92543,1.50,1.50
2011.11.17 12:01:14.824,0.92528,0.92546,1.50,1.88
2011.11.17 12:01:15.496,0.92528,0.92542,1.50,2.25
2011.11.17 12:01:15.621,0.9252,0.92536,1.50,1.88
2011.11.17 12:01:16.132,0.9252,0.92536,1.50,1.50
2011.11.17 12:01:16.252,0.92526,0.92542,1.50,2.25
2011.11.17 12:01:16.808,0.92529,0.92545,1.50,2.25
2011.11.17 12:01:16.932,0.92525,0.9254,1.50,1.50
2011.11.17 12:01:17.435,0.9253,0.92544,1.50,1.50
2011.11.17 12:01:17.665,0.92552,0.9257,1.50,1.50
2011.11.17 12:01:17.784,0.92548,0.92566,1.50,1.50
2011.11.17 12:01:18.125,0.92551,0.92569,1.50,1.50
2011.11.17 12:01:19.158,0.92551,0.92567,1.50,1.50
2011.11.17 12:01:20.251,0.92561,0.92569,1.50,1.50
2011.11.17 12:01:20.369,0.92561,0.92579,1.50,1.50
2011.11.17 12:01:20.494,0.9256,0.92575,1.50,1.50
2011.11.17 12:01:21.090,0.92561,0.92579,1.50,1.50
2011.11.17 12:01:21.210,0.9256,0.92576,1.50,1.50
2011.11.17 12:01:21.722,0.92564,0.9258,1.50,1.50
2011.11.17 12:01:22.460,0.92565,0.9258,1.50,1.50
2011.11.17 12:01:22.581,0.92567,0.92587,1.50,1.50
2011.11.17 12:01:22.811,0.9257,0.92592,1.50,1.50
2011.11.17 12:01:23.355,0.92581,0.92596,1.50,1.50
2011.11.17 12:01:23.581,0.92597,0.92613,1.50,1.50
2011.11.17 12:01:23.927,0.92595,0.92612,1.50,1.50
2011.11.17 12:01:25.077,0.92595,0.92613,1.50,1.50
2011.11.17 12:01:25.190,0.92595,0.92615,1.50,1.50
2011.11.17 12:01:25.311,0.92597,0.9262,1.50,1.50
2011.11.17 12:01:25.431,0.92598,0.92617,1.50,1.50
2011.11.17 12:01:25.775,0.92597,0.92613,1.50,1.50
2011.11.17 12:01:26.707,0.92597,0.92613,1.50,1.88
2011.11.17 12:01:26.838,0.926,0.92616,1.50,1.50
2011.11.17 12:01:27.106,0.92597,0.92615,1.50,1.50
2011.11.17 12:01:27.722,0.926,0.92617,1.50,1.50
2011.11.17 12:01:27.842,0.92602,0.9262,1.50,1.50
2011.11.17 12:01:27.966,0.92605,0.92623,1.50,1.50
2011.11.17 12:01:28.672,0.92603,0.92619,1.50,1.50
2011.11.17 12:01:28.792,0.926,0.92619,1.87,1.50
2011.11.17 12:01:30.213,0.92606,0.92625,1.50,1.88
2011.11.17 12:01:30.879,0.92601,0.92617,1.50,1.50
2011.11.17 12:01:31.005,0.92599,0.92617,1.50,1.50
2011.11.17 12:01:31.346,0.92597,0.92613,1.50,1.50
2011.11.17 12:01:31.789,0.92597,0.92613,1.50,2.25
2011.11.17 12:01:32.643,0.92593,0.92609,1.50,1.88
2011.11.17 12:01:33.223,0.92593,0.92609,1.87,1.50
2011.11.17 12:01:33.341,0.92589,0.92607,1.50,1.50
2011.11.17 12:01:33.459,0.92589,0.92607,1.87,1.50
2011.11.17 12:01:33.579,0.92592,0.9261,1.50,1.50
2011.11.17 12:01:34.690,0.9259,0.92605,2.25,1.50
2011.11.17 12:01:35.029,0.92585,0.92603,2.62,1.50
2011.11.17 12:01:35.628,0.92585,0.92603,1.87,1.50
2011.11.17 12:01:35.858,0.92586,0.92602,3.00,1.50
2011.11.17 12:01:35.978,0.92589,0.92605,1.50,3.00
2011.11.17 12:01:36.651,0.92589,0.92605,1.50,2.25
2011.11.17 12:01:36.776,0.92577,0.92593,1.88,1.50
2011.11.17 12:01:36.893,0.9258,0.92596,1.50,1.50
2011.11.17 12:01:37.229,0.92577,0.92593,1.50,1.88
2011.11.17 12:01:37.784,0.92579,0.92597,1.50,2.25
2011.11.17 12:01:38.340,0.9258,0.92596,1.50,1.88
2011.11.17 12:01:38.571,0.9258,0.92596,1.50,1.50
2011.11.17 12:01:38.915,0.92577,0.92593,1.50,1.50
2011.11.17 12:01:39.474,0.92577,0.92591,3.75,1.88
2011.11.17 12:01:39.593,0.92572,0.9259,1.87,1.50
2011.11.17 12:01:39.821,0.92572,0.9259,1.50,2.25
2011.11.17 12:01:39.941,0.92567,0.92585,4.13,1.50
2011.11.17 12:01:40.283,0.92566,0.92582,1.88,1.50
2011.11.17 12:01:40.510,0.92564,0.92582,1.50,1.50
2011.11.17 12:01:41.214,0.92561,0.92579,1.88,1.50
2011.11.17 12:01:41.778,0.92557,0.92575,1.50,1.50
2011.11.17 12:01:42.112,0.92555,0.92571,1.88,3.00
2011.11.17 12:01:43.049,0.92555,0.92571,2.25,1.50
2011.11.17 12:01:44.056,0.92556,0.92571,2.25,1.50
2011.11.17 12:01:44.171,0.92559,0.92574,1.12,1.50
2011.11.17 12:01:44.292,0.92561,0.92577,2.25,1.50
2011.11.17 12:01:45.000,0.92564,0.92579,1.88,1.50
2011.11.17 12:01:45.121,0.92564,0.9258,2.25,1.50
2011.11.17 12:01:47.400,0.92564,0.9258,1.50,1.50
2011.11.17 12:01:47.739,0.92565,0.92584,1.50,1.88
2011.11.17 12:01:49.389,0.92563,0.92584,1.50,1.88
2011.11.17 12:01:49.513,0.92561,0.92581,2.25,1.50
2011.11.17 12:01:50.105,0.92552,0.9257,2.25,1.50
2011.11.17 12:01:50.400,0.92554,0.92575,1.50,1.88
2011.11.17 12:01:51.452,0.92555,0.92575,1.50,1.88
2011.11.17 12:01:52.286,0.92554,0.92567,1.50,1.50
2011.11.17 12:01:52.429,0.92553,0.92569,1.50,1.50
2011.11.17 12:01:52.881,0.92549,0.92567,1.50,1.50
2011.11.17 12:01:53.451,0.92549,0.92567,1.50,1.88
2011.11.17 12:01:53.903,0.92549,0.92566,1.50,2.25
2011.11.17 12:01:54.399,0.92543,0.92559,2.25,1.50
2011.11.17 12:01:54.620,0.92548,0.92564,1.50,1.50
2011.11.17 12:01:55.551,0.92545,0.92561,2.62,1.50
2011.11.17 12:01:55.897,0.92556,0.9257,1.50,1.50
2011.11.17 12:01:56.012,0.92558,0.92574,1.50,1.50
2011.11.17 12:01:56.617,0.92553,0.92568,2.25,1.50
2011.11.17 12:01:59.675,0.9255,0.92564,1.12,1.50
2011.11.17 12:02:00.358,0.92548,0.92564,1.87,1.50
2011.11.17 12:02:01.098,0.92551,0.92569,1.50,1.50
2011.11.17 12:02:01.549,0.92549,0.92565,1.50,1.50
2011.11.17 12:02:01.781,0.92545,0.92563,1.50,1.88
2011.11.17 12:02:02.503,0.92543,0.92564,1.50,1.88
2011.11.17 12:02:02.731,0.92543,0.92564,1.50,1.88
2011.11.17 12:02:04.924,0.92543,0.92561,1.50,1.50
2011.11.17 12:02:05.262,0.92542,0.92556,1.50,1.50
2011.11.17 12:02:05.380,0.92545,0.92561,1.50,1.50
2011.11.17 12:02:06.035,0.92548,0.92564,1.50,1.50
2011.11.17 12:02:06.210,0.92545,0.92564,1.50,1.50
2011.11.17 12:02:06.332,0.92544,0.92562,1.50,1.50
2011.11.17 12:02:08.831,0.92546,0.92562,1.50,1.50
2011.11.17 12:02:09.253,0.92549,0.92565,1.50,1.88
2011.11.17 12:02:09.372,0.92547,0.92564,1.50,1.88
2011.11.17 12:02:09.989,0.92544,0.92562,1.50,1.50
2011.11.17 12:02:10.218,0.92538,0.92556,1.50,1.50
2011.11.17 12:02:10.560,0.92541,0.92558,1.50,1.50
2011.11.17 12:02:10.902,0.92544,0.9256,1.50,1.50
2011.11.17 12:02:11.775,0.92541,0.92557,3.00,1.50
2011.11.17 12:02:12.489,0.92542,0.92561,1.50,1.50
2011.11.17 12:02:13.663,0.92542,0.9256,1.50,1.50
2011.11.17 12:02:13.779,0.92541,0.92557,1.50,1.50
2011.11.17 12:02:14.468,0.92538,0.92554,1.50,1.50
2011.11.17 12:02:16.184,0.92537,0.92555,1.50,1.50
2011.11.17 12:02:17.696,0.92541,0.92559,2.25,1.50
2011.11.17 12:02:18.265,0.9255,0.92566,1.50,1.50
2011.11.17 12:02:18.381,0.92552,0.9257,1.50,1.50
2011.11.17 12:02:18.792,0.9255,0.92566,1.50,1.50
2011.11.17 12:02:18.911,0.92552,0.9257,1.50,1.50
2011.11.17 12:02:19.034,0.92549,0.92567,1.50,1.50
2011.11.17 12:02:19.559,0.9255,0.92567,1.50,1.50
2011.11.17 12:02:19.919,0.92552,0.92569,1.50,1.88
2011.11.17 12:02:21.272,0.92548,0.9257,1.50,1.88
2011.11.17 12:02:21.812,0.92551,0.92571,1.50,1.50
2011.11.17 12:02:22.309,0.92552,0.92575,1.50,1.50
2011.11.17 12:02:22.430,0.92549,0.92573,1.88,1.50
2011.11.17 12:02:22.770,0.92548,0.92569,1.50,1.50
2011.11.17 12:02:23.679,0.92549,0.92571,1.50,1.88
2011.11.17 12:02:24.238,0.92549,0.92569,3.00,1.50
2011.11.17 12:02:24.784,0.92548,0.92564,1.50,1.50
2011.11.17 12:02:25.260,0.92551,0.92567,1.50,1.88
2011.11.17 12:02:26.618,0.92549,0.92566,1.50,1.88
2011.11.17 12:02:26.738,0.92542,0.92569,1.50,1.13
2011.11.17 12:02:29.560,0.92546,0.9257,1.50,1.13
2011.11.17 12:02:30.322,0.92543,0.9257,1.50,2.63
2011.11.17 12:02:31.012,0.92542,0.9257,1.50,2.63
2011.11.17 12:02:34.026,0.92545,0.92565,1.50,1.50
2011.11.17 12:02:34.564,0.92549,0.92566,1.50,1.88
2011.11.17 12:02:34.900,0.92556,0.92568,1.50,1.50
2011.11.17 12:02:35.020,0.92556,0.92572,1.50,1.50
2011.11.17 12:02:36.275,0.92562,0.92576,1.50,2.25
2011.11.17 12:02:36.394,0.9256,0.92567,1.50,1.50
2011.11.17 12:02:36.512,0.92549,0.92567,2.25,1.50
2011.11.17 12:02:36.853,0.92553,0.92569,1.88,3.00
2011.11.17 12:02:37.640,0.92554,0.92572,1.50,1.88
2011.11.17 12:02:38.011,0.92552,0.92572,1.50,1.88
2011.11.17 12:02:38.687,0.92551,0.92567,1.50,1.50
2011.11.17 12:02:38.810,0.92551,0.92569,1.50,1.50
2011.11.17 12:02:38.929,0.92551,0.92571,1.50,1.50
2011.11.17 12:02:39.953,0.92552,0.92571,1.50,1.50
2011.11.17 12:02:40.179,0.92558,0.92574,2.25,1.50
2011.11.17 12:02:40.301,0.9256,0.92576,2.25,1.50
2011.11.17 12:02:40.422,0.92561,0.92579,1.88,1.50
2011.11.17 12:02:41.122,0.92564,0.92582,1.50,1.50
2011.11.17 12:02:41.676,0.92564,0.92582,1.50,2.25
2011.11.17 12:02:41.791,0.92558,0.92576,1.50,1.50
2011.11.17 12:02:42.603,0.92554,0.92572,1.50,1.50
2011.11.17 12:02:42.942,0.92557,0.92575,2.25,1.50
2011.11.17 12:02:43.594,0.92553,0.9257,2.25,1.50
2011.11.17 12:02:44.126,0.92556,0.92571,2.25,1.50
2011.11.17 12:02:44.353,0.92556,0.92572,1.88,1.50
2011.11.17 12:02:45.110,0.92554,0.92572,1.50,1.50
2011.11.17 12:02:45.233,0.9255,0.92572,1.50,1.50
2011.11.17 12:02:46.208,0.9255,0.92567,1.50,1.50
2011.11.17 12:02:46.343,0.92539,0.92557,1.50,1.50
2011.11.17 12:02:46.684,0.92544,0.92559,1.50,1.50
2011.11.17 12:02:47.252,0.92547,0.92563,1.50,1.50
2011.11.17 12:02:48.568,0.92544,0.92559,1.50,1.50
2011.11.17 12:02:48.688,0.92539,0.92559,1.88,1.50
2011.11.17 12:02:48.808,0.92541,0.92561,1.88,1.50
2011.11.17 12:02:49.149,0.92543,0.92566,1.50,2.25
2011.11.17 12:02:50.008,0.92542,0.92563,1.50,1.88
2011.11.17 12:02:50.546,0.92539,0.92561,1.88,1.50
2011.11.17 12:02:50.702,0.92539,0.92558,1.88,1.50
2011.11.17 12:02:51.492,0.92543,0.92562,1.50,1.50
2011.11.17 12:02:51.964,0.92542,0.92559,1.50,1.50
2011.11.17 12:02:52.083,0.9254,0.92559,1.88,1.50
2011.11.17 12:02:55.093,0.92539,0.92555,1.50,1.50
2011.11.17 12:02:56.233,0.92539,0.92555,2.25,1.50
2011.11.17 12:02:56.645,0.92545,0.92561,1.50,1.50
2011.11.17 12:02:59.681,0.92543,0.92559,1.88,1.50
2011.11.17 12:03:00.284,0.92541,0.92559,2.25,1.50
2011.11.17 12:03:00.402,0.92544,0.92562,2.25,1.50
2011.11.17 12:03:00.740,0.92549,0.92565,1.50,1.50
2011.11.17 12:03:03.118,0.92552,0.92567,1.50,1.50
2011.11.17 12:03:03.681,0.92552,0.92568,1.50,1.50
2011.11.17 12:03:04.313,0.92554,0.92572,1.50,1.88
2011.11.17 12:03:05.474,0.92549,0.92567,1.50,1.88
2011.11.17 12:03:06.011,0.9255,0.92568,1.50,2.25
2011.11.17 12:03:06.297,0.9255,0.92568,1.50,1.50
2011.11.17 12:03:06.960,0.92551,0.9257,1.50,1.88
2011.11.17 12:03:07.300,0.92554,0.92576,1.50,2.25
2011.11.17 12:03:07.908,0.92553,0.92573,1.50,1.50
2011.11.17 12:03:08.030,0.92553,0.92577,1.50,1.88
2011.11.17 12:03:08.151,0.92552,0.92572,1.50,1.50
2011.11.17 12:03:08.271,0.92552,0.92577,1.50,1.88
2011.11.17 12:03:08.782,0.92552,0.92577,1.50,1.50
2011.11.17 12:03:10.023,0.92553,0.92569,1.50,1.50
2011.11.17 12:03:10.690,0.9255,0.92566,1.50,1.50
2011.11.17 12:03:10.815,0.92552,0.9257,1.50,1.50
2011.11.17 12:03:11.702,0.92555,0.92577,1.50,1.88
2011.11.17 12:03:13.811,0.92553,0.92577,1.50,1.50
2011.11.17 12:03:14.672,0.92555,0.92579,1.50,3.38
2011.11.17 12:03:15.011,0.92553,0.92571,1.50,1.50
2011.11.17 12:03:15.458,0.92556,0.92574,1.50,1.50
2011.11.17 12:03:16.942,0.92553,0.92573,1.50,1.50
2011.11.17 12:03:17.064,0.92547,0.92565,1.50,2.25
2011.11.17 12:03:17.289,0.92545,0.92561,1.50,1.88
2011.11.17 12:03:19.944,0.92554,0.9257,1.50,1.13
2011.11.17 12:03:20.065,0.92554,0.92572,1.50,1.88
2011.11.17 12:03:20.473,0.92554,0.9257,1.50,2.25
2011.11.17 12:03:20.592,0.92545,0.92563,1.50,1.88
2011.11.17 12:03:20.928,0.92543,0.92559,1.87,1.50
2011.11.17 12:03:21.290,0.92543,0.92559,1.50,2.25
2011.11.17 12:03:21.518,0.92543,0.92559,1.50,1.50
2011.11.17 12:03:22.292,0.92542,0.9256,1.50,1.88
2011.11.17 12:03:22.727,0.92542,0.9256,1.50,2.25
2011.11.17 12:03:23.300,0.92546,0.92562,1.50,2.25
2011.11.17 12:03:23.749,0.92543,0.92559,1.50,2.25
2011.11.17 12:03:23.869,0.92541,0.92559,1.50,2.25
2011.11.17 12:03:24.350,0.92539,0.92559,3.00,2.25
2011.11.17 12:03:24.892,0.92539,0.92559,1.50,2.25
2011.11.17 12:03:25.544,0.92535,0.92551,1.50,1.50
2011.11.17 12:03:25.660,0.9254,0.92557,1.50,1.50
2011.11.17 12:03:25.891,0.92542,0.92558,1.50,1.50
2011.11.17 12:03:26.498,0.92541,0.92559,1.50,1.50
2011.11.17 12:03:26.841,0.92535,0.92551,1.50,1.50
2011.11.17 12:03:27.070,0.92531,0.92549,1.50,1.50
2011.11.17 12:03:27.653,0.92533,0.92549,1.50,1.50
2011.11.17 12:03:27.770,0.92535,0.92551,1.50,1.50
2011.11.17 12:03:28.150,0.92532,0.92548,1.50,2.25
2011.11.17 12:03:28.930,0.92532,0.92548,1.50,1.88
2011.11.17 12:03:30.035,0.92535,0.92551,1.50,2.25
2011.11.17 12:03:30.508,0.92535,0.92551,1.50,1.50
2011.11.17 12:03:30.843,0.92537,0.92557,1.50,2.25
2011.11.17 12:03:31.069,0.92537,0.92557,2.25,1.50
2011.11.17 12:03:31.302,0.92538,0.9256,1.87,2.25
2011.11.17 12:03:31.423,0.92537,0.92553,1.50,1.88
2011.11.17 12:03:32.154,0.92536,0.92557,1.50,2.25
2011.11.17 12:03:32.751,0.92538,0.92557,1.50,2.25
2011.11.17 12:03:32.992,0.9254,0.92556,1.50,1.50
2011.11.17 12:03:33.439,0.92537,0.92554,1.88,1.50
2011.11.17 12:03:34.061,0.92536,0.92552,1.50,1.88
2011.11.17 12:03:34.179,0.92533,0.92551,1.50,1.88
2011.11.17 12:03:34.797,0.92532,0.92548,1.87,1.50
2011.11.17 12:03:35.385,0.92534,0.92552,1.50,2.25
2011.11.17 12:03:36.803,0.92537,0.92553,1.50,2.25
2011.11.17 12:03:37.053,0.92544,0.9256,1.50,1.88
2011.11.17 12:03:37.634,0.92542,0.92558,1.50,1.88
2011.11.17 12:03:37.861,0.92546,0.92561,1.87,1.50
2011.11.17 12:03:38.404,0.92546,0.92562,1.87,1.50
2011.11.17 12:03:39.121,0.92542,0.9256,1.87,1.50
2011.11.17 12:03:40.038,0.92542,0.9256,1.50,2.25
2011.11.17 12:03:40.270,0.92539,0.92555,1.50,1.88
2011.11.17 12:03:40.819,0.92542,0.92558,1.50,2.25
2011.11.17 12:03:40.940,0.92542,0.92558,1.88,1.50
2011.11.17 12:03:41.486,0.92545,0.92563,1.87,1.50
2011.11.17 12:03:41.708,0.92543,0.92559,3.75,1.50
2011.11.17 12:03:42.051,0.92543,0.92559,1.50,1.50
2011.11.17 12:03:42.781,0.92539,0.92557,1.50,1.50
2011.11.17 12:03:42.902,0.92539,0.92557,2.25,1.50
2011.11.17 12:03:44.971,0.92539,0.92557,1.50,1.88
2011.11.17 12:03:45.502,0.9254,0.92557,1.50,1.88
2011.11.17 12:03:45.618,0.92543,0.92559,1.50,2.25
2011.11.17 12:03:45.849,0.9254,0.92556,1.50,1.88
2011.11.17 12:03:46.612,0.92543,0.92559,1.50,1.88
2011.11.17 12:03:47.252,0.92543,0.92559,1.50,1.88
2011.11.17 12:03:47.810,0.9254,0.92556,1.50,1.88
2011.11.17 12:03:48.148,0.9254,0.92556,1.88,1.50
2011.11.17 12:03:50.380,0.92543,0.92559,1.50,1.88
2011.11.17 12:03:50.721,0.9254,0.92556,1.50,1.50
2011.11.17 12:03:51.598,0.92533,0.92548,2.62,1.50
2011.11.17 12:03:51.719,0.92528,0.92542,2.25,1.50
2011.11.17 12:03:52.064,0.92526,0.92542,1.50,1.50
2011.11.17 12:03:52.620,0.92525,0.92543,1.50,1.50
2011.11.17 12:03:53.330,0.92528,0.92543,1.50,1.50
2011.11.17 12:03:53.455,0.9253,0.92548,1.50,1.50
2011.11.17 12:03:53.850,0.9253,0.92546,1.50,1.50
2011.11.17 12:03:54.193,0.92528,0.92544,1.50,1.50
2011.11.17 12:03:54.309,0.92529,0.92548,1.50,1.50
2011.11.17 12:03:54.432,0.92526,0.92542,1.88,1.50
2011.11.17 12:03:54.949,0.92526,0.92542,1.50,1.50
2011.11.17 12:03:55.851,0.92526,0.92542,1.50,1.88
2011.11.17 12:03:55.970,0.92522,0.92538,1.50,1.50
2011.11.17 12:03:56.090,0.92518,0.92536,1.50,1.50
2011.11.17 12:03:57.131,0.92522,0.92538,1.50,1.50
2011.11.17 12:03:57.703,0.92527,0.92545,1.50,1.50
2011.11.17 12:03:57.815,0.92525,0.92544,1.50,1.50
2011.11.17 12:03:57.972,0.92523,0.92543,1.50,1.50
2011.11.17 12:03:58.314,0.92525,0.92545,1.50,1.88
2011.11.17 12:03:58.910,0.92524,0.92543,1.50,1.88
2011.11.17 12:03:59.139,0.92525,0.92545,1.50,1.50
2011.11.17 12:03:59.263,0.92529,0.92547,1.50,1.88
2011.11.17 12:03:59.600,0.92532,0.9255,1.50,1.50
2011.11.17 12:04:00.174,0.92535,0.92551,1.50,1.50
2011.11.17 12:04:00.509,0.92537,0.92553,1.50,1.88
2011.11.17 12:04:00.632,0.92534,0.92549,1.50,1.50
2011.11.17 12:04:00.748,0.92531,0.92549,1.50,1.50
2011.11.17 12:04:02.194,0.92534,0.9255,1.50,1.50
2011.11.17 12:04:02.853,0.92531,0.92542,1.50,1.50
2011.11.17 12:04:02.969,0.92529,0.92542,1.50,1.50
2011.11.17 12:04:03.089,0.92526,0.92542,1.50,1.50
2011.11.17 12:04:03.208,0.92528,0.92546,1.50,1.50
2011.11.17 12:04:03.875,0.92529,0.92546,1.50,1.50
2011.11.17 12:04:03.993,0.92532,0.92548,1.50,1.50
2011.11.17 12:04:04.765,0.92532,0.92548,1.50,1.88
2011.11.17 12:04:05.470,0.92532,0.92548,1.50,1.50
2011.11.17 12:04:05.590,0.92534,0.92552,1.50,2.25
2011.11.17 12:04:05.931,0.92538,0.92554,1.50,2.25
2011.11.17 12:04:06.745,0.92538,0.92554,1.50,1.88
2011.11.17 12:04:06.861,0.92538,0.92554,1.50,1.50
2011.11.17 12:04:07.090,0.9254,0.92558,1.50,1.50
2011.11.17 12:04:07.545,0.92544,0.9256,1.50,1.50
2011.11.17 12:04:08.577,0.92547,0.92563,1.50,1.88
2011.11.17 12:04:08.721,0.92549,0.92567,1.50,1.88
2011.11.17 12:04:08.831,0.92546,0.92564,1.87,2.25
2011.11.17 12:04:09.526,0.92545,0.92563,1.50,1.88
2011.11.17 12:04:09.643,0.92542,0.9256,1.50,1.50
2011.11.17 12:04:09.767,0.92539,0.92555,1.87,1.50
2011.11.17 12:04:10.449,0.92539,0.92555,1.50,1.50
2011.11.17 12:04:10.799,0.92549,0.92565,1.50,1.50
2011.11.17 12:04:11.179,0.92552,0.92567,1.50,1.50
2011.11.17 12:04:11.300,0.92552,0.9257,1.50,1.50
2011.11.17 12:04:11.422,0.92552,0.9257,2.25,1.50
2011.11.17 12:04:11.768,0.92555,0.92572,1.50,1.50
2011.11.17 12:04:12.334,0.92555,0.92573,1.50,1.50
2011.11.17 12:04:12.562,0.92554,0.92561,1.50,1.50
2011.11.17 12:04:12.684,0.92543,0.92559,1.50,1.50
2011.11.17 12:04:12.802,0.92546,0.92562,1.50,3.00
2011.11.17 12:04:13.540,0.92544,0.92559,1.50,1.50
2011.11.17 12:04:14.135,0.92546,0.92562,2.25,1.50
2011.11.17 12:04:14.357,0.92549,0.92565,1.88,1.50
2011.11.17 12:04:14.478,0.92549,0.92565,1.50,1.50
2011.11.17 12:04:14.712,0.92545,0.92563,1.50,1.50
2011.11.17 12:04:15.158,0.92538,0.92556,2.25,1.50
2011.11.17 12:04:15.772,0.92538,0.92556,1.88,1.50
2011.11.17 12:04:16.315,0.9254,0.92556,1.50,1.50
2011.11.17 12:04:16.660,0.92547,0.92565,1.50,1.50
2011.11.17 12:04:17.634,0.92551,0.92567,1.50,1.50
2011.11.17 12:04:17.969,0.92543,0.92561,1.50,1.50
2011.11.17 12:04:19.430,0.92543,0.92561,1.50,3.75
2011.11.17 12:04:19.555,0.92541,0.92553,1.50,1.88
2011.11.17 12:04:19.672,0.92538,0.92553,1.50,1.88
2011.11.17 12:04:20.229,0.92537,0.92553,1.50,1.88
2011.11.17 12:04:20.354,0.92534,0.9255,1.50,1.50
2011.11.17 12:04:20.691,0.9253,0.92548,1.50,1.50
2011.11.17 12:04:21.222,0.9253,0.92548,1.50,2.25
2011.11.17 12:04:21.338,0.92528,0.92544,1.50,1.88
2011.11.17 12:04:22.628,0.92528,0.92544,1.50,2.25
2011.11.17 12:04:22.971,0.92524,0.9254,1.50,1.50
2011.11.17 12:04:23.419,0.9252,0.92538,1.50,1.50
2011.11.17 12:04:24.084,0.9252,0.92538,1.88,1.88
2011.11.17 12:04:24.205,0.92527,0.92543,1.50,3.38
2011.11.17 12:04:24.561,0.92524,0.9254,1.50,1.50
2011.11.17 12:04:24.939,0.92521,0.92537,1.50,1.50
2011.11.17 12:04:25.353,0.92519,0.92535,1.50,1.50
2011.11.17 12:04:25.592,0.92514,0.92532,1.50,1.50
2011.11.17 12:04:26.427,0.92511,0.92527,1.50,1.50
2011.11.17 12:04:26.555,0.92505,0.92523,1.50,1.50
2011.11.17 12:04:29.354,0.92502,0.9252,2.62,1.50
2011.11.17 12:04:29.702,0.92501,0.92517,1.50,1.50
2011.11.17 12:04:29.824,0.92499,0.92514,1.88,1.50
2011.11.17 12:04:30.160,0.92501,0.92517,1.50,1.88
2011.11.17 12:04:30.509,0.92509,0.92525,1.50,1.88
2011.11.17 12:04:31.219,0.92506,0.92523,1.50,1.88
2011.11.17 12:04:31.341,0.92502,0.9252,1.50,1.50
2011.11.17 12:04:31.462,0.92506,0.92522,1.50,1.50
2011.11.17 12:04:31.580,0.92506,0.92524,1.50,1.50
2011.11.17 12:04:32.143,0.92504,0.92521,1.88,1.50
2011.11.17 12:04:32.479,0.92499,0.92517,1.88,1.50
2011.11.17 12:04:33.092,0.92501,0.92517,2.25,1.50
2011.11.17 12:04:34.116,0.92499,0.92517,2.25,1.50
2011.11.17 12:04:34.456,0.92509,0.92522,2.25,1.50
2011.11.17 12:04:34.680,0.92508,0.92525,2.63,1.50
2011.11.17 12:04:35.317,0.92503,0.92518,2.25,1.50
2011.11.17 12:04:35.928,0.925,0.92518,2.25,1.50
2011.11.17 12:04:36.550,0.92498,0.92514,2.25,1.50
2011.11.17 12:04:37.036,0.92498,0.92514,1.88,1.50
2011.11.17 12:04:38.720,0.925,0.92514,2.25,1.50
2011.11.17 12:04:38.951,0.92502,0.92517,1.12,1.50
2011.11.17 12:04:39.070,0.92505,0.92523,2.25,1.50
2011.11.17 12:04:39.789,0.92505,0.9252,1.50,1.50
2011.11.17 12:04:39.917,0.9251,0.92529,1.50,1.50
2011.11.17 12:04:40.360,0.9251,0.92526,1.50,1.50
2011.11.17 12:04:40.678,0.92506,0.92524,2.25,1.50
2011.11.17 12:04:40.801,0.92506,0.92524,1.88,1.50
2011.11.17 12:04:41.899,0.92506,0.92524,1.50,1.50
2011.11.17 12:04:42.878,0.92506,0.92523,1.50,1.50
2011.11.17 12:04:42.999,0.92504,0.9252,1.50,1.50
2011.11.17 12:04:43.339,0.92496,0.92514,2.25,1.50
2011.11.17 12:04:43.682,0.92501,0.92517,1.50,1.50
2011.11.17 12:04:44.190,0.92501,0.92517,2.25,1.50
2011.11.17 12:04:44.519,0.92501,0.92519,2.62,1.50
2011.11.17 12:04:45.645,0.92501,0.92519,2.62,1.50
2011.11.17 12:04:47.133,0.92501,0.92519,1.88,1.50
2011.11.17 12:04:48.029,0.92501,0.92519,2.25,1.50
2011.11.17 12:04:48.378,0.92501,0.92519,1.88,1.50
2011.11.17 12:04:48.832,0.92499,0.92514,1.88,1.50
2011.11.17 12:04:49.193,0.92495,0.92511,2.25,1.50
2011.11.17 12:04:49.684,0.92498,0.92514,2.25,1.50
2011.11.17 12:04:50.679,0.92498,0.92514,1.50,1.50
2011.11.17 12:04:50.910,0.92496,0.92511,1.50,1.50
2011.11.17 12:04:51.410,0.92498,0.92514,1.50,3.00
2011.11.17 12:04:51.532,0.925,0.92516,1.50,1.50
2011.11.17 12:04:51.653,0.925,0.92518,1.50,1.50
2011.11.17 12:04:52.197,0.92497,0.92515,1.88,1.50
2011.11.17 12:04:52.704,0.92497,0.92513,1.88,1.50
2011.11.17 12:04:53.060,0.92495,0.92511,2.25,1.50
2011.11.17 12:04:56.121,0.92492,0.92509,1.12,1.50
2011.11.17 12:04:56.569,0.92495,0.92511,2.25,1.50
2011.11.17 12:04:57.439,0.92497,0.92511,1.50,1.50
2011.11.17 12:04:57.783,0.92498,0.92511,3.37,1.50
2011.11.17 12:04:58.120,0.92498,0.92511,2.25,1.50
2011.11.17 12:04:58.240,0.92495,0.92511,1.50,1.50
2011.11.17 12:04:58.360,0.92492,0.92508,3.75,1.50
2011.11.17 12:04:58.710,0.92498,0.92512,1.12,1.50
2011.11.17 12:04:59.140,0.92498,0.92508,1.12,1.50
2011.11.17 12:04:59.742,0.92493,0.92509,3.75,1.50
2011.11.17 12:04:59.972,0.92497,0.92511,1.50,1.50
2011.11.17 12:05:00.309,0.92497,0.92513,1.50,1.50
2011.11.17 12:05:00.902,0.92496,0.9251,1.12,1.50
2011.11.17 12:05:01.711,0.92496,0.9251,1.50,1.50
2011.11.17 12:05:01.837,0.92499,0.92515,1.12,1.50
2011.11.17 12:05:02.560,0.92497,0.92515,4.50,1.50
2011.11.17 12:05:02.789,0.92497,0.92515,2.25,1.50
2011.11.17 12:05:03.243,0.92495,0.92511,1.88,1.50
2011.11.17 12:05:04.118,0.92495,0.92511,2.25,1.50
2011.11.17 12:05:04.670,0.92499,0.92513,1.50,1.50
2011.11.17 12:05:05.012,0.92499,0.92515,2.62,1.50
2011.11.17 12:05:05.465,0.92499,0.92513,1.12,1.50
2011.11.17 12:05:06.267,0.92501,0.92519,2.25,1.50
2011.11.17 12:05:06.603,0.92505,0.92521,1.50,1.50
2011.11.17 12:05:07.228,0.92505,0.92521,2.25,1.50
2011.11.17 12:05:07.462,0.92507,0.92525,4.87,1.50
2011.11.17 12:05:07.580,0.92511,0.92529,1.88,1.50
2011.11.17 12:05:07.704,0.92508,0.92526,2.25,1.50
2011.11.17 12:05:08.331,0.92503,0.92516,2.25,1.50
2011.11.17 12:05:08.450,0.92501,0.92516,1.50,1.50
2011.11.17 12:05:08.955,0.92503,0.92518,1.88,1.50
2011.11.17 12:05:09.453,0.925,0.92513,1.12,1.50
2011.11.17 12:05:10.911,0.92497,0.92513,4.12,1.50
2011.11.17 12:05:11.031,0.92497,0.92513,1.50,1.50
2011.11.17 12:05:11.560,0.92495,0.92511,1.50,1.50
2011.11.17 12:05:11.982,0.92497,0.92513,1.50,1.50
2011.11.17 12:05:12.619,0.92491,0.92504,1.12,1.50
2011.11.17 12:05:12.862,0.92491,0.92507,3.37,1.50
2011.11.17 12:05:13.419,0.92495,0.92507,1.13,1.50
2011.11.17 12:05:13.539,0.92495,0.92509,1.13,1.50
2011.11.17 12:05:13.661,0.92495,0.92511,1.13,1.50
2011.11.17 12:05:14.119,0.92493,0.92507,1.50,1.50
2011.11.17 12:05:14.240,0.92491,0.92507,3.00,1.50
2011.11.17 12:05:14.824,0.92491,0.92504,1.50,1.50
2011.11.17 12:05:15.622,0.92491,0.925,1.13,1.50
2011.11.17 12:05:16.307,0.92487,0.92503,4.12,1.50
2011.11.17 12:05:16.659,0.92492,0.92505,1.13,1.50
2011.11.17 12:05:17.361,0.92492,0.92506,1.13,1.50
2011.11.17 12:05:18.211,0.92487,0.92503,4.12,1.50
2011.11.17 12:05:18.443,0.9248,0.92496,2.62,1.50
2011.11.17 12:05:18.564,0.9248,0.92496,1.50,1.50
2011.11.17 12:05:19.669,0.92477,0.92493,2.25,1.50
2011.11.17 12:05:20.303,0.92479,0.92494,1.12,1.50
2011.11.17 12:05:20.864,0.92482,0.92496,1.88,1.50
2011.11.17 12:05:20.979,0.92482,0.925,1.88,1.50
2011.11.17 12:05:21.210,0.92482,0.92498,1.88,1.50
2011.11.17 12:05:21.553,0.92477,0.92491,3.00,1.50
2011.11.17 12:05:21.880,0.92477,0.92491,1.50,1.50
2011.11.17 12:05:22.454,0.92481,0.92496,1.12,1.50
2011.11.17 12:05:23.541,0.92478,0.92496,2.25,1.50
2011.11.17 12:05:23.658,0.92478,0.92496,1.88,1.50
2011.11.17 12:05:23.780,0.92476,0.92492,3.37,1.50
2011.11.17 12:05:24.559,0.92473,0.92488,2.25,1.50
2011.11.17 12:05:27.521,0.92471,0.92485,1.12,1.50
2011.11.17 12:05:27.640,0.92471,0.92482,1.12,1.50
2011.11.17 12:05:27.874,0.92471,0.92485,1.12,3.00
2011.11.17 12:05:28.407,0.92469,0.92485,1.87,1.50
2011.11.17 12:05:28.527,0.92467,0.92481,2.63,1.50
2011.11.17 12:05:28.754,0.92465,0.92482,3.75,1.50
2011.11.17 12:05:28.877,0.92467,0.92485,2.25,1.50
2011.11.17 12:05:28.994,0.9247,0.92488,2.25,1.50
2011.11.17 12:05:29.218,0.9247,0.92488,1.50,1.88
2011.11.17 12:05:29.771,0.92468,0.92484,1.50,1.50
2011.11.17 12:05:29.889,0.9247,0.92487,1.50,1.50
2011.11.17 12:05:30.439,0.9247,0.92488,1.50,1.50
2011.11.17 12:05:30.821,0.92467,0.92485,1.50,1.50
2011.11.17 12:05:31.149,0.9247,0.92488,1.50,1.50
2011.11.17 12:05:31.491,0.92474,0.9249,2.25,1.50
2011.11.17 12:05:31.613,0.92474,0.9249,1.88,1.50
2011.11.17 12:05:32.765,0.92474,0.9249,2.25,1.50
2011.11.17 12:05:33.913,0.92474,0.9249,1.50,1.50
2011.11.17 12:05:34.031,0.92471,0.92487,2.25,1.50
2011.11.17 12:05:34.285,0.92471,0.92487,1.50,1.50
2011.11.17 12:05:34.402,0.92467,0.92485,1.50,1.50
2011.11.17 12:05:34.631,0.92467,0.92485,1.50,3.00
2011.11.17 12:05:34.750,0.92467,0.92485,1.88,2.25
2011.11.17 12:05:35.579,0.92468,0.92481,2.63,1.50
2011.11.17 12:05:35.699,0.92468,0.92484,4.13,1.50
2011.11.17 12:05:36.413,0.92468,0.92484,4.50,1.50
2011.11.17 12:05:37.193,0.9247,0.92488,2.25,1.50
2011.11.17 12:05:37.421,0.92474,0.9249,1.88,2.25
2011.11.17 12:05:38.492,0.92472,0.92488,1.87,1.50
2011.11.17 12:05:39.145,0.9247,0.92488,2.25,1.50
2011.11.17 12:05:39.740,0.92472,0.92487,1.12,1.50
2011.11.17 12:05:40.250,0.92474,0.9249,1.50,1.50
2011.11.17 12:05:41.712,0.92471,0.92487,3.00,1.50
2011.11.17 12:05:42.102,0.92468,0.92484,3.37,1.50
2011.11.17 12:05:42.441,0.92466,0.92484,1.87,1.50
2011.11.17 12:05:42.564,0.92462,0.9248,1.87,1.50
2011.11.17 12:05:43.090,0.92466,0.92482,1.87,1.50
2011.11.17 12:05:43.947,0.92466,0.92482,1.50,1.50
2011.11.17 12:05:44.388,0.92469,0.92487,1.50,1.88
2011.11.17 12:05:44.509,0.92466,0.92484,1.50,1.50
2011.11.17 12:05:44.848,0.92469,0.92487,1.50,1.88
2011.11.17 12:05:45.323,0.92473,0.92488,1.50,1.88
2011.11.17 12:05:46.180,0.92469,0.92485,1.50,1.50
2011.11.17 12:05:46.758,0.92469,0.92485,1.50,2.25
2011.11.17 12:05:47.324,0.92467,0.92478,2.63,1.50
2011.11.17 12:05:47.443,0.92467,0.92483,2.63,1.50
2011.11.17 12:05:47.559,0.92463,0.92479,2.62,1.50
2011.11.17 12:05:47.681,0.92459,0.92477,1.50,1.50
2011.11.17 12:05:47.913,0.92459,0.92477,2.62,1.50
2011.11.17 12:05:48.141,0.92463,0.92479,1.88,1.50
2011.11.17 12:05:49.522,0.92463,0.92479,1.50,1.50
2011.11.17 12:05:49.680,0.9246,0.92477,1.88,1.50
2011.11.17 12:05:50.020,0.92459,0.92477,1.50,1.50
2011.11.17 12:05:50.609,0.92462,0.9248,1.50,2.25
2011.11.17 12:05:51.279,0.92465,0.92483,1.50,1.88
2011.11.17 12:05:51.509,0.92465,0.92483,1.50,1.50
2011.11.17 12:05:51.980,0.92469,0.92484,1.50,2.25
2011.11.17 12:05:52.103,0.92466,0.92482,1.50,1.50
2011.11.17 12:05:52.389,0.92463,0.92479,1.50,1.50
2011.11.17 12:05:52.951,0.92466,0.92482,1.50,1.50
2011.11.17 12:05:53.847,0.92466,0.92482,2.63,1.50
2011.11.17 12:05:54.571,0.92466,0.92482,3.75,1.50
2011.11.17 12:05:55.182,0.92465,0.92483,1.50,1.50
2011.11.17 12:05:55.900,0.92463,0.9248,1.50,1.50
2011.11.17 12:05:56.020,0.92465,0.92483,1.50,1.50
2011.11.17 12:05:58.294,0.92459,0.92475,1.50,1.50
2011.11.17 12:05:59.243,0.92456,0.92472,1.88,1.50
2011.11.17 12:05:59.468,0.92458,0.92476,1.50,1.50
2011.11.17 12:06:00.848,0.92459,0.92476,1.50,1.50
2011.11.17 12:06:00.969,0.92462,0.92478,1.50,1.50
2011.11.17 12:06:04.281,0.92463,0.92478,2.25,1.50
2011.11.17 12:06:04.401,0.92464,0.92482,2.25,1.50
2011.11.17 12:06:05.069,0.92464,0.92482,1.50,1.50
2011.11.17 12:06:07.397,0.92464,0.92482,2.25,1.50
2011.11.17 12:06:07.741,0.92468,0.92482,2.63,1.50
2011.11.17 12:06:07.975,0.92464,0.92482,1.87,1.50
2011.11.17 12:06:08.546,0.92464,0.92482,1.50,1.50
2011.11.17 12:06:10.018,0.92471,0.92487,1.50,1.50
2011.11.17 12:06:10.360,0.92474,0.9249,1.50,3.00
2011.11.17 12:06:10.741,0.92477,0.92493,1.50,1.50
2011.11.17 12:06:11.191,0.92474,0.9249,1.88,1.50
2011.11.17 12:06:12.176,0.92476,0.92494,1.50,1.50
2011.11.17 12:06:13.575,0.92476,0.92494,1.88,1.50
2011.11.17 12:06:15.324,0.92473,0.92491,1.50,1.50
2011.11.17 12:06:15.444,0.9247,0.92488,1.50,1.50
2011.11.17 12:06:15.813,0.92468,0.92484,3.00,1.50
2011.11.17 12:06:16.833,0.92468,0.92484,1.88,1.50
2011.11.17 12:06:17.434,0.92473,0.9249,2.25,1.50
2011.11.17 12:06:18.036,0.92474,0.92491,1.12,1.50
2011.11.17 12:06:19.164,0.92476,0.92491,1.12,1.50
2011.11.17 12:06:20.202,0.92477,0.92493,1.88,1.50
2011.11.17 12:06:21.252,0.92477,0.92493,2.25,1.50
2011.11.17 12:06:21.803,0.92479,0.9249,1.12,1.50
2011.11.17 12:06:22.266,0.92479,0.92494,1.12,1.50
2011.11.17 12:06:22.389,0.92481,0.92497,1.88,1.50
2011.11.17 12:06:22.929,0.92478,0.92495,1.12,1.50
2011.11.17 12:06:23.290,0.92478,0.92495,1.12,1.50
2011.11.17 12:06:25.246,0.92485,0.92499,2.25,1.50
2011.11.17 12:06:25.379,0.92487,0.92496,3.00,1.50
2011.11.17 12:06:25.510,0.92487,0.92499,3.00,1.50
2011.11.17 12:06:25.637,0.92489,0.92507,1.50,1.50
2011.11.17 12:06:26.826,0.92487,0.92503,3.75,1.50
2011.11.17 12:06:27.596,0.92489,0.92507,1.50,1.50
2011.11.17 12:06:29.003,0.92489,0.92505,1.50,1.50
2011.11.17 12:06:29.124,0.92486,0.92504,1.50,1.50
2011.11.17 12:06:29.350,0.92484,0.925,1.50,1.50
2011.11.17 12:06:31.753,0.92481,0.92496,1.50,1.50
2011.11.17 12:06:31.985,0.92482,0.92499,1.50,1.50
2011.11.17 12:06:32.540,0.92482,0.925,1.50,1.50
2011.11.17 12:06:33.246,0.92488,0.92502,1.50,1.50
2011.11.17 12:06:33.362,0.92488,0.92504,3.75,1.50
2011.11.17 12:06:33.480,0.92491,0.92507,1.50,1.50
2011.11.17 12:06:33.821,0.92487,0.92505,1.50,1.50
2011.11.17 12:06:33.940,0.92491,0.92507,1.50,3.00
2011.11.17 12:06:34.861,0.92491,0.92507,2.25,1.50
2011.11.17 12:06:34.980,0.92494,0.9251,1.50,1.50
2011.11.17 12:06:35.584,0.92492,0.92507,1.13,1.50
2011.11.17 12:06:36.397,0.92491,0.92507,1.50,1.50
2011.11.17 12:06:36.842,0.92494,0.9251,1.50,1.50
2011.11.17 12:06:36.966,0.92497,0.92514,1.13,1.50
2011.11.17 12:06:37.086,0.92501,0.92517,1.50,1.50
2011.11.17 12:06:37.935,0.92498,0.92514,1.50,1.50
2011.11.17 12:06:38.281,0.92495,0.92511,1.50,1.50
2011.11.17 12:06:38.621,0.92495,0.92511,1.88,1.50
2011.11.17 12:06:38.968,0.925,0.92518,1.50,1.50
2011.11.17 12:06:39.816,0.925,0.92518,2.25,1.50
2011.11.17 12:06:39.958,0.925,0.92518,1.88,1.50
2011.11.17 12:06:40.187,0.92498,0.92514,1.88,1.50
2011.11.17 12:06:40.522,0.92498,0.92514,1.50,1.50
2011.11.17 12:06:40.970,0.92495,0.92512,1.50,1.50
2011.11.17 12:06:41.481,0.92494,0.92512,1.50,1.50
2011.11.17 12:06:42.641,0.92495,0.92516,1.50,1.50
2011.11.17 12:06:42.874,0.92496,0.92514,1.50,1.50
2011.11.17 12:06:43.915,0.92496,0.92514,1.88,1.50
2011.11.17 12:06:44.470,0.92497,0.92513,1.88,1.50
2011.11.17 12:06:44.811,0.92499,0.92517,1.50,1.50
2011.11.17 12:06:45.263,0.92497,0.92513,1.50,1.50
2011.11.17 12:06:46.299,0.925,0.92516,1.50,3.00
2011.11.17 12:06:46.819,0.92496,0.92516,1.88,1.50
2011.11.17 12:06:47.514,0.92498,0.92518,1.50,1.50
2011.11.17 12:06:47.890,0.92501,0.92517,1.50,1.50
2011.11.17 12:06:50.162,0.92504,0.9252,1.50,1.50
2011.11.17 12:06:51.010,0.92501,0.92517,3.00,1.50
2011.11.17 12:06:52.694,0.92501,0.92517,2.25,1.50
2011.11.17 12:06:52.811,0.92503,0.9252,2.25,1.50
2011.11.17 12:06:53.744,0.92503,0.92521,2.25,1.50
2011.11.17 12:06:53.907,0.92503,0.92521,2.25,1.50
2011.11.17 12:06:57.621,0.92504,0.92518,1.12,1.50
2011.11.17 12:06:59.051,0.92503,0.92518,1.12,1.50
2011.11.17 12:06:59.395,0.92507,0.92522,1.12,1.50
2011.11.17 12:07:00.088,0.92509,0.92522,1.12,1.50
2011.11.17 12:07:00.640,0.92508,0.92521,3.00,1.50
2011.11.17 12:07:00.984,0.9251,0.92523,1.12,1.50
2011.11.17 12:07:01.744,0.9251,0.92524,1.12,1.50
2011.11.17 12:07:02.431,0.92507,0.92521,3.00,1.50
2011.11.17 12:07:03.099,0.92506,0.92521,1.50,1.50
2011.11.17 12:07:03.970,0.92502,0.92519,2.25,1.50
2011.11.17 12:07:07.173,0.92505,0.92521,2.25,1.50
2011.11.17 12:07:07.430,0.92502,0.92519,2.25,1.50
2011.11.17 12:07:08.255,0.92501,0.92518,2.25,1.50
2011.11.17 12:07:09.327,0.925,0.92516,2.25,1.50
2011.11.17 12:07:09.466,0.92505,0.92521,2.25,1.50
2011.11.17 12:07:10.503,0.92503,0.92518,2.25,1.50
2011.11.17 12:07:10.951,0.92502,0.92518,1.88,1.50
2011.11.17 12:07:11.777,0.92505,0.92521,1.50,1.50
2011.11.17 12:07:18.032,0.92502,0.92519,1.50,1.50
2011.11.17 12:07:18.372,0.92505,0.92521,1.50,1.50
2011.11.17 12:07:18.709,0.92502,0.92518,2.25,1.50
2011.11.17 12:07:19.265,0.92509,0.92525,1.88,1.50
2011.11.17 12:07:20.086,0.92506,0.92522,3.75,1.50
2011.11.17 12:07:20.532,0.92502,0.9252,2.25,1.50
2011.11.17 12:07:21.332,0.92502,0.92518,1.50,1.88
2011.11.17 12:07:21.683,0.925,0.92516,1.50,1.50
2011.11.17 12:07:22.299,0.92501,0.92516,1.50,1.50
2011.11.17 12:07:22.419,0.92503,0.92519,1.50,1.50
2011.11.17 12:07:24.181,0.925,0.92516,2.25,1.50
2011.11.17 12:07:24.540,0.925,0.92516,1.50,1.50
2011.11.17 12:07:24.772,0.92497,0.92513,1.50,1.50
2011.11.17 12:07:25.117,0.92494,0.9251,1.50,1.50
2011.11.17 12:07:25.453,0.92491,0.92507,1.50,1.88
2011.11.17 12:07:26.157,0.92485,0.92501,1.88,1.50
2011.11.17 12:07:26.971,0.92485,0.92501,1.50,2.25
2011.11.17 12:07:28.415,0.9249,0.92506,1.50,1.50
2011.11.17 12:07:29.364,0.92492,0.9251,1.50,1.50
2011.11.17 12:07:30.291,0.92492,0.92508,1.50,1.50
2011.11.17 12:07:30.818,0.9249,0.92506,1.88,1.50
2011.11.17 12:07:31.162,0.92493,0.92508,1.50,1.50
2011.11.17 12:07:31.722,0.92493,0.92509,1.50,1.50
2011.11.17 12:07:32.324,0.9249,0.92507,1.88,1.50
2011.11.17 12:07:32.812,0.92489,0.92507,1.50,1.88
2011.11.17 12:07:33.152,0.92488,0.92499,1.50,1.50
2011.11.17 12:07:33.274,0.92483,0.92499,1.88,1.50
2011.11.17 12:07:33.858,0.92486,0.92502,1.88,1.50
2011.11.17 12:07:38.420,0.92487,0.92502,1.50,1.50
2011.11.17 12:07:38.532,0.92489,0.92507,1.50,1.50
2011.11.17 12:07:38.870,0.92489,0.92507,2.25,1.50
2011.11.17 12:07:39.214,0.92486,0.92504,2.25,1.50
2011.11.17 12:07:39.335,0.92484,0.925,1.50,1.50
2011.11.17 12:07:39.874,0.92484,0.925,1.50,1.88
2011.11.17 12:07:41.270,0.92484,0.925,1.50,1.50
2011.11.17 12:07:41.390,0.92487,0.92502,1.50,1.50
2011.11.17 12:07:42.063,0.92487,0.92503,1.50,1.50
2011.11.17 12:07:43.234,0.92489,0.92505,1.50,1.50
2011.11.17 12:07:43.728,0.92493,0.92509,1.50,1.88
2011.11.17 12:07:44.609,0.9249,0.92506,3.00,1.50
2011.11.17 12:07:44.834,0.92486,0.92504,1.50,1.50
2011.11.17 12:07:46.856,0.92486,0.92503,1.50,1.50
2011.11.17 12:07:46.971,0.92484,0.925,2.25,1.50
2011.11.17 12:07:50.022,0.92484,0.925,2.25,1.50
2011.11.17 12:07:51.474,0.92484,0.925,1.87,1.50
2011.11.17 12:07:52.779,0.92484,0.925,1.87,1.50
2011.11.17 12:07:55.039,0.92484,0.925,1.87,1.50
2011.11.17 12:07:56.640,0.92486,0.92503,1.50,1.50
2011.11.17 12:07:57.203,0.92486,0.92504,1.50,1.50
2011.11.17 12:08:00.117,0.92486,0.92504,1.50,1.88
2011.11.17 12:08:00.455,0.9249,0.92505,1.50,1.88
2011.11.17 12:08:00.795,0.92483,0.92499,1.87,2.25
2011.11.17 12:08:01.153,0.92479,0.92495,1.50,1.88
2011.11.17 12:08:02.120,0.92479,0.92495,1.50,2.25
2011.11.17 12:08:05.291,0.92476,0.92492,1.50,1.50
2011.11.17 12:08:05.812,0.92479,0.92495,1.50,1.50
2011.11.17 12:08:06.043,0.92474,0.92492,1.50,1.50
2011.11.17 12:08:06.169,0.92471,0.92489,1.50,1.50
2011.11.17 12:08:06.531,0.92471,0.92489,1.50,2.25
2011.11.17 12:08:07.450,0.92472,0.92488,1.50,1.88
2011.11.17 12:08:07.801,0.92475,0.92491,1.50,1.88
2011.11.17 12:08:08.532,0.92475,0.92491,1.50,1.50
2011.11.17 12:08:09.094,0.92474,0.92492,1.50,1.50
2011.11.17 12:08:09.651,0.92474,0.92492,1.50,2.25
2011.11.17 12:08:09.992,0.92472,0.92487,1.50,1.50
2011.11.17 12:08:10.332,0.9248,0.92496,1.50,2.25
2011.11.17 12:08:10.453,0.9248,0.92496,1.50,2.25
2011.11.17 12:08:10.576,0.92477,0.92493,3.00,2.25
2011.11.17 12:08:10.696,0.92477,0.92493,1.50,1.50
2011.11.17 12:08:10.818,0.9248,0.92498,1.50,1.50
2011.11.17 12:08:11.284,0.92483,0.92501,1.50,1.50
2011.11.17 12:08:11.839,0.92477,0.92495,1.50,1.50
2011.11.17 12:08:13.221,0.92478,0.92495,1.50,1.50
2011.11.17 12:08:13.997,0.92478,0.92494,2.25,1.50
2011.11.17 12:08:14.125,0.92488,0.92504,1.50,1.50
2011.11.17 12:08:14.374,0.92491,0.92507,1.50,1.50
2011.11.17 12:08:15.252,0.92488,0.92504,1.50,1.50
2011.11.17 12:08:15.997,0.92485,0.92501,1.50,1.88
2011.11.17 12:08:16.110,0.92481,0.92499,1.50,1.50
2011.11.17 12:08:16.692,0.92481,0.92499,2.25,1.50
2011.11.17 12:08:16.926,0.92486,0.92502,1.50,1.50
2011.11.17 12:08:17.156,0.92487,0.92506,1.50,1.50
2011.11.17 12:08:17.382,0.92487,0.92506,1.50,1.88
2011.11.17 12:08:17.880,0.92487,0.92505,1.50,1.13
2011.11.17 12:08:18.344,0.92488,0.92506,1.50,1.88
2011.11.17 12:08:18.465,0.92487,0.92502,1.50,1.50
2011.11.17 12:08:18.582,0.92488,0.92504,1.50,1.50
2011.11.17 12:08:18.702,0.92491,0.92508,1.88,1.50
2011.11.17 12:08:19.563,0.92491,0.92509,1.88,1.50
2011.11.17 12:08:20.292,0.92489,0.92505,1.88,1.50
2011.11.17 12:08:20.993,0.92492,0.92508,1.50,3.00
2011.11.17 12:08:21.110,0.9249,0.92505,1.88,1.50
2011.11.17 12:08:21.341,0.92486,0.92503,1.50,1.88
2011.11.17 12:08:21.463,0.92485,0.92503,1.88,1.50
2011.11.17 12:08:22.046,0.92495,0.92513,1.50,2.63
2011.11.17 12:08:22.183,0.92492,0.9251,1.50,1.88
2011.11.17 12:08:22.302,0.92489,0.92507,1.50,1.50
2011.11.17 12:08:23.750,0.92492,0.9251,1.50,1.50
2011.11.17 12:08:24.600,0.9249,0.92506,3.38,1.50
2011.11.17 12:08:25.380,0.92492,0.9251,1.50,1.50
2011.11.17 12:08:27.362,0.92492,0.92508,1.50,1.50
2011.11.17 12:08:27.703,0.92485,0.92501,1.50,1.50
2011.11.17 12:08:28.154,0.92482,0.92498,3.00,1.50
2011.11.17 12:08:28.382,0.92484,0.92502,1.50,1.88
2011.11.17 12:08:29.675,0.92484,0.925,1.50,1.88
2011.11.17 12:08:29.799,0.92481,0.92499,1.50,1.88
2011.11.17 12:08:31.298,0.92482,0.92499,1.50,1.88
2011.11.17 12:08:31.409,0.92484,0.92502,1.50,2.25
2011.11.17 12:08:31.623,0.92484,0.92502,1.50,1.50
2011.11.17 12:08:32.182,0.9249,0.92506,1.50,1.88
2011.11.17 12:08:32.791,0.9249,0.92506,1.50,1.50
2011.11.17 12:08:33.304,0.92487,0.92503,1.50,1.50
2011.11.17 12:08:33.901,0.92487,0.92503,2.63,1.50
2011.11.17 12:08:34.021,0.92489,0.92507,1.50,1.50
2011.11.17 12:08:34.250,0.92489,0.92507,2.25,1.50
2011.11.17 12:08:35.353,0.92489,0.92507,1.88,1.50
2011.11.17 12:08:35.692,0.92496,0.92512,1.50,1.88
2011.11.17 12:08:37.240,0.92496,0.92512,1.50,1.50
2011.11.17 12:08:37.582,0.92505,0.92515,1.50,1.50
2011.11.17 12:08:37.706,0.92505,0.92523,1.50,1.50
2011.11.17 12:08:38.345,0.92509,0.92524,1.50,1.50
2011.11.17 12:08:38.921,0.92509,0.92525,1.50,1.50
2011.11.17 12:08:39.262,0.92509,0.92525,1.50,1.88
2011.11.17 12:08:39.602,0.92507,0.9252,1.50,1.50
2011.11.17 12:08:39.722,0.92504,0.9252,1.50,1.50
2011.11.17 12:08:40.400,0.92507,0.92523,1.50,1.50
2011.11.17 12:08:42.090,0.92507,0.92522,1.50,1.50
2011.11.17 12:08:42.391,0.92503,0.92521,1.50,2.25
2011.11.17 12:08:42.840,0.92501,0.92517,1.50,1.88
2011.11.17 12:08:44.046,0.92505,0.92521,1.50,1.50
2011.11.17 12:08:44.381,0.92507,0.92523,1.50,1.88
2011.11.17 12:08:44.837,0.92503,0.92519,1.50,1.50
2011.11.17 12:08:44.956,0.92499,0.92517,1.50,1.88
2011.11.17 12:08:45.561,0.92499,0.92515,1.50,1.50
2011.11.17 12:08:45.687,0.92496,0.92514,1.50,2.25
2011.11.17 12:08:45.913,0.92493,0.92511,1.50,2.25
2011.11.17 12:08:46.254,0.9249,0.92508,1.50,2.63
2011.11.17 12:08:46.593,0.92494,0.9251,1.50,1.88
2011.11.17 12:08:46.713,0.92494,0.9251,1.50,1.50
2011.11.17 12:08:46.941,0.92497,0.92513,1.50,1.88
2011.11.17 12:08:47.941,0.92494,0.9251,1.50,1.50
2011.11.17 12:08:48.338,0.9249,0.92508,1.50,1.50
2011.11.17 12:08:48.453,0.9249,0.92508,1.50,2.25
2011.11.17 12:08:48.687,0.92487,0.92505,1.50,1.88
2011.11.17 12:08:48.804,0.92485,0.92501,1.50,1.50
2011.11.17 12:08:49.143,0.92487,0.92505,1.50,1.88
2011.11.17 12:08:49.933,0.9249,0.92508,1.50,2.25
2011.11.17 12:08:51.157,0.92497,0.92513,1.50,4.13
2011.11.17 12:08:51.493,0.92494,0.92512,1.50,3.38
2011.11.17 12:08:52.262,0.92495,0.92516,1.50,2.25
2011.11.17 12:08:52.404,0.92491,0.92509,1.50,1.50
2011.11.17 12:08:52.524,0.92491,0.92509,1.50,2.25
2011.11.17 12:08:52.865,0.92488,0.92506,1.50,1.88
2011.11.17 12:08:53.312,0.92488,0.92504,1.50,2.25
2011.11.17 12:08:54.130,0.92491,0.92504,1.50,2.25
2011.11.17 12:08:54.363,0.92486,0.92504,1.50,3.75
2011.11.17 12:08:54.594,0.92484,0.925,1.50,2.25
2011.11.17 12:08:55.034,0.92486,0.92503,1.50,2.25
2011.11.17 12:08:55.453,0.92486,0.92504,1.50,1.88
2011.11.17 12:08:55.575,0.9249,0.92506,1.50,3.75
2011.11.17 12:08:55.695,0.92487,0.92503,1.50,2.48
2011.11.17 12:08:55.813,0.92487,0.92495,1.50,1.50
2011.11.17 12:08:56.045,0.92487,0.92503,1.50,2.25
2011.11.17 12:08:56.637,0.92479,0.92497,1.50,1.88
2011.11.17 12:08:57.071,0.92481,0.92497,1.50,1.50
2011.11.17 12:08:57.415,0.9248,0.92498,1.50,2.25
2011.11.17 12:08:57.643,0.92477,0.92495,1.50,2.25
2011.11.17 12:08:58.555,0.92473,0.92491,1.50,1.88
2011.11.17 12:08:59.583,0.92473,0.92491,1.50,2.25
2011.11.17 12:08:59.709,0.92471,0.92487,1.50,1.50
2011.11.17 12:08:59.936,0.92473,0.92491,1.50,2.25
2011.11.17 12:09:00.427,0.92475,0.92491,1.50,2.25
2011.11.17 12:09:00.560,0.92482,0.92499,1.50,1.13
2011.11.17 12:09:01.225,0.9248,0.92496,1.50,1.50
2011.11.17 12:09:01.453,0.92484,0.92499,1.50,1.50
2011.11.17 12:09:02.313,0.92471,0.92485,1.13,1.50
2011.11.17 12:09:02.443,0.92473,0.92492,1.50,1.50
2011.11.17 12:09:02.561,0.92481,0.92499,1.50,2.25
2011.11.17 12:09:03.251,0.92478,0.92496,1.50,1.88
2011.11.17 12:09:03.936,0.92478,0.92496,1.50,1.50
2011.11.17 12:09:04.512,0.92478,0.92496,1.50,1.88
2011.11.17 12:09:05.217,0.92477,0.92494,1.50,1.88
2011.11.17 12:09:06.970,0.92475,0.92491,1.50,1.50
2011.11.17 12:09:07.313,0.92478,0.92494,1.50,1.88
2011.11.17 12:09:08.057,0.92478,0.92494,1.50,2.25
2011.11.17 12:09:08.531,0.92474,0.92492,1.50,1.88
2011.11.17 12:09:09.955,0.92472,0.92488,1.50,1.50
2011.11.17 12:09:10.296,0.92468,0.92484,1.50,1.88
2011.11.17 12:09:10.416,0.92465,0.92481,1.50,2.25
2011.11.17 12:09:11.340,0.92463,0.92478,1.50,1.88
2011.11.17 12:09:11.968,0.92464,0.92482,1.50,2.25
2011.11.17 12:09:12.530,0.92474,0.92492,1.50,1.50
2011.11.17 12:09:12.657,0.92472,0.9249,1.50,1.50
2011.11.17 12:09:14.231,0.92472,0.9249,1.50,2.25
2011.11.17 12:09:14.779,0.92471,0.92487,1.50,1.88
2011.11.17 12:09:14.905,0.92473,0.92491,1.50,1.50
2011.11.17 12:09:15.034,0.92476,0.92494,1.50,1.88
2011.11.17 12:09:15.593,0.92488,0.92496,1.50,1.50
2011.11.17 12:09:15.715,0.9248,0.92498,1.50,2.25
2011.11.17 12:09:15.833,0.92478,0.92497,1.50,2.25
2011.11.17 12:09:15.955,0.92476,0.92494,1.50,1.88
2011.11.17 12:09:17.041,0.92474,0.92493,1.50,1.50
2011.11.17 12:09:17.644,0.92476,0.92494,1.50,1.50
2011.11.17 12:09:18.523,0.92474,0.92493,1.50,1.50
2011.11.17 12:09:18.644,0.92472,0.92491,1.50,1.50
2011.11.17 12:09:19.413,0.9247,0.92487,1.50,1.50
2011.11.17 12:09:20.060,0.92469,0.92487,1.50,1.50
2011.11.17 12:09:20.295,0.92471,0.9249,1.50,1.50
2011.11.17 12:09:20.411,0.92469,0.9249,1.50,1.50
2011.11.17 12:09:20.640,0.92468,0.92486,1.50,1.50
2011.11.17 12:09:21.622,0.92466,0.92484,1.50,1.50
2011.11.17 12:09:21.742,0.92462,0.92483,1.50,1.50
2011.11.17 12:09:21.863,0.9246,0.92483,1.50,1.50
2011.11.17 12:09:22.455,0.92462,0.9248,1.50,1.50
2011.11.17 12:09:22.793,0.92466,0.92482,1.50,1.50
2011.11.17 12:09:23.131,0.92469,0.92485,1.50,1.50
2011.11.17 12:09:23.362,0.92468,0.92489,1.50,1.50
2011.11.17 12:09:23.967,0.92467,0.92483,1.50,1.50
2011.11.17 12:09:24.551,0.92469,0.92486,1.50,3.00
2011.11.17 12:09:25.234,0.92467,0.92483,1.50,1.50
2011.11.17 12:09:25.350,0.92463,0.92481,3.00,1.50
2011.11.17 12:09:25.474,0.92462,0.92477,1.50,1.50
2011.11.17 12:09:25.595,0.92456,0.92472,1.50,1.50
2011.11.17 12:09:26.207,0.92458,0.92476,1.50,1.50
2011.11.17 12:09:26.331,0.92453,0.92469,3.00,2.25
2011.11.17 12:09:26.457,0.92453,0.92469,1.50,1.50
2011.11.17 12:09:26.791,0.92456,0.92471,1.50,1.50
2011.11.17 12:09:27.382,0.92456,0.92472,1.50,1.50
2011.11.17 12:09:27.724,0.92458,0.92475,1.50,1.50
2011.11.17 12:09:28.170,0.92459,0.92477,1.50,1.50
2011.11.17 12:09:28.311,0.92461,0.92481,1.50,1.50
2011.11.17 12:09:28.722,0.92457,0.92479,1.50,1.50
2011.11.17 12:09:28.951,0.9246,0.92479,1.50,1.50
2011.11.17 12:09:30.075,0.92461,0.92482,1.50,1.50
2011.11.17 12:09:31.051,0.92464,0.92482,1.50,1.50
2011.11.17 12:09:31.403,0.92466,0.92484,1.50,1.50
2011.11.17 12:09:33.224,0.92465,0.92482,1.50,1.50
2011.11.17 12:09:33.932,0.92462,0.92482,1.50,1.50
2011.11.17 12:09:34.161,0.92459,0.92482,1.50,1.50
2011.11.17 12:09:34.711,0.92461,0.92481,1.50,1.50
2011.11.17 12:09:35.856,0.92464,0.92484,1.50,3.00
2011.11.17 12:09:36.195,0.92466,0.92481,1.50,1.50
2011.11.17 12:09:36.646,0.92472,0.92484,1.50,1.50
2011.11.17 12:09:36.765,0.92472,0.9249,1.50,2.25
2011.11.17 12:09:37.311,0.92476,0.92492,1.50,1.88
2011.11.17 12:09:37.651,0.92468,0.92484,1.50,1.50
2011.11.17 12:09:38.210,0.92467,0.92485,1.50,1.50
2011.11.17 12:09:38.556,0.92471,0.92487,1.50,1.50
2011.11.17 12:09:38.893,0.92474,0.9249,1.50,1.50
2011.11.17 12:09:39.534,0.92464,0.92482,1.50,1.50
2011.11.17 12:09:39.931,0.92466,0.92482,1.50,1.50
2011.11.17 12:09:40.697,0.92466,0.92482,2.25,1.50
2011.11.17 12:09:40.814,0.92472,0.92488,1.88,1.50
2011.11.17 12:09:41.586,0.92471,0.92489,1.88,1.50
2011.11.17 12:09:41.706,0.92475,0.92491,1.50,1.50
2011.11.17 12:09:42.349,0.92478,0.92494,1.50,1.50
2011.11.17 12:09:42.683,0.92481,0.92497,1.50,1.50
2011.11.17 12:09:43.374,0.92482,0.92497,1.50,1.50
2011.11.17 12:09:43.493,0.92484,0.92502,1.50,1.50
2011.11.17 12:09:45.453,0.92484,0.925,1.50,1.50
2011.11.17 12:09:45.792,0.92479,0.92495,1.50,1.50
2011.11.17 12:09:49.776,0.92486,0.92504,1.50,1.50
2011.11.17 12:09:50.004,0.92486,0.92503,1.50,2.63
2011.11.17 12:09:50.125,0.92483,0.92501,1.50,2.25
2011.11.17 12:09:50.244,0.92476,0.92494,1.50,1.50
2011.11.17 12:09:50.475,0.92482,0.92498,1.50,2.25
2011.11.17 12:09:51.144,0.92479,0.92497,1.50,1.50
2011.11.17 12:09:51.267,0.92483,0.92501,1.50,1.88
2011.11.17 12:09:51.802,0.92486,0.92504,1.50,2.25
2011.11.17 12:09:51.936,0.92486,0.92504,1.50,1.88
2011.11.17 12:09:52.390,0.92491,0.92507,1.50,2.63
2011.11.17 12:09:52.514,0.92487,0.92505,1.50,1.88
2011.11.17 12:09:52.817,0.92487,0.92505,1.50,2.25
2011.11.17 12:09:53.867,0.92487,0.92505,1.50,1.50
2011.11.17 12:09:53.982,0.92485,0.92502,1.50,2.25
2011.11.17 12:09:54.546,0.92484,0.92502,1.50,2.25
2011.11.17 12:09:55.027,0.9249,0.92506,1.50,2.25
2011.11.17 12:09:55.600,0.9249,0.92508,1.50,2.25
2011.11.17 12:09:55.738,0.9249,0.92508,1.50,3.75
2011.11.17 12:09:56.073,0.92493,0.92508,1.50,2.25
2011.11.17 12:09:56.225,0.92493,0.92511,1.50,3.75
2011.11.17 12:09:56.349,0.9249,0.92508,1.50,2.25
2011.11.17 12:09:56.472,0.92493,0.92511,1.50,3.75
2011.11.17 12:09:56.591,0.92491,0.92508,1.50,2.25
2011.11.17 12:09:56.716,0.9249,0.92508,1.50,1.50
2011.11.17 12:09:56.941,0.92494,0.92511,1.50,1.50
2011.11.17 12:09:57.832,0.92492,0.9251,1.50,1.50
2011.11.17 12:09:59.024,0.92499,0.92515,1.50,1.88
2011.11.17 12:09:59.149,0.92499,0.92515,1.50,1.50
2011.11.17 12:09:59.668,0.925,0.92518,1.50,3.00
2011.11.17 12:10:00.024,0.92497,0.92514,1.50,1.50
2011.11.17 12:10:00.541,0.92496,0.92515,1.50,1.50
2011.11.17 12:10:01.031,0.92499,0.92515,1.50,1.50
2011.11.17 12:10:02.048,0.92496,0.92512,1.50,1.50
2011.11.17 12:10:02.436,0.92498,0.92515,1.50,1.50
2011.11.17 12:10:02.662,0.92495,0.92513,1.88,1.50
2011.11.17 12:10:02.910,0.92494,0.92511,1.88,1.50
2011.11.17 12:10:03.670,0.92494,0.92511,1.50,1.50
2011.11.17 12:10:04.294,0.92495,0.92513,2.25,1.50
2011.11.17 12:10:04.423,0.925,0.92518,1.88,1.50
2011.11.17 12:10:04.653,0.92498,0.92514,1.88,1.50
2011.11.17 12:10:05.610,0.92498,0.92514,1.50,1.50
2011.11.17 12:10:06.656,0.92493,0.92509,2.25,1.50
2011.11.17 12:10:06.780,0.92493,0.92509,1.50,1.50
2011.11.17 12:10:07.710,0.92496,0.92514,1.50,2.25
2011.11.17 12:10:08.093,0.92495,0.9251,1.50,1.50
2011.11.17 12:10:08.322,0.9249,0.92508,1.50,1.50
2011.11.17 12:10:09.118,0.92487,0.92505,1.88,1.50
2011.11.17 12:10:09.966,0.92495,0.92511,1.50,1.50
2011.11.17 12:10:10.302,0.92495,0.92511,1.88,1.50
2011.11.17 12:10:11.699,0.92497,0.92515,1.88,1.50
2011.11.17 12:10:12.251,0.92496,0.92515,1.50,1.50
2011.11.17 12:10:13.302,0.92496,0.92515,1.88,1.50
2011.11.17 12:10:14.008,0.92498,0.92516,1.88,1.50
2011.11.17 12:10:14.410,0.92501,0.92518,1.50,1.50
2011.11.17 12:10:14.918,0.92501,0.92519,1.50,1.50
2011.11.17 12:10:15.583,0.92499,0.92515,1.50,1.50
2011.11.17 12:10:16.433,0.92507,0.92525,1.50,2.63
2011.11.17 12:10:17.302,0.92507,0.92525,1.50,1.88
2011.11.17 12:10:18.473,0.92504,0.92522,1.88,1.50
2011.11.17 12:10:19.390,0.92508,0.92526,1.50,2.25
2011.11.17 12:10:20.019,0.92508,0.92525,1.50,2.25
2011.11.17 12:10:20.131,0.92506,0.9252,1.50,2.25
2011.11.17 12:10:20.254,0.92504,0.9252,1.50,2.25
2011.11.17 12:10:20.923,0.92504,0.9252,1.50,1.50
2011.11.17 12:10:21.949,0.92501,0.92517,2.25,1.50
2011.11.17 12:10:22.462,0.92501,0.92517,2.25,1.50
2011.11.17 12:10:23.263,0.92504,0.92522,1.50,1.50
2011.11.17 12:10:24.404,0.92504,0.92522,2.25,1.50
2011.11.17 12:10:24.635,0.92507,0.92525,1.88,1.50
2011.11.17 12:10:25.606,0.92507,0.92524,1.50,1.50
2011.11.17 12:10:25.752,0.92505,0.92521,1.50,1.50
2011.11.17 12:10:26.537,0.92499,0.92517,1.50,1.50
2011.11.17 12:10:27.437,0.92502,0.92518,1.50,1.50
2011.11.17 12:10:27.574,0.92504,0.92522,1.50,1.88
2011.11.17 12:10:28.554,0.92502,0.92519,1.50,1.50
2011.11.17 12:10:29.151,0.92505,0.92521,1.50,1.50
2011.11.17 12:10:29.856,0.9251,0.92526,1.50,1.50
2011.11.17 12:10:30.230,0.92513,0.92529,1.50,1.50
2011.11.17 12:10:30.673,0.9251,0.92526,3.00,1.50
2011.11.17 12:10:31.433,0.92507,0.92522,1.50,1.50
2011.11.17 12:10:31.777,0.925,0.92516,1.50,1.50
2011.11.17 12:10:32.522,0.92497,0.92518,3.38,1.50
2011.11.17 12:10:32.665,0.92499,0.92516,1.50,1.50
2011.11.17 12:10:32.894,0.92518,0.92536,1.50,1.50
2011.11.17 12:10:33.012,0.92518,0.92536,1.50,1.88
2011.11.17 12:10:33.243,0.92514,0.92532,1.50,1.50
2011.11.17 12:10:33.363,0.9251,0.92523,1.50,1.50
2011.11.17 12:10:33.484,0.92508,0.92526,1.88,1.50
2011.11.17 12:10:35.285,0.92508,0.92526,2.62,1.50
2011.11.17 12:10:35.405,0.92519,0.92537,1.50,1.50
2011.11.17 12:10:38.067,0.9252,0.92537,1.50,1.50
2011.11.17 12:10:38.182,0.92523,0.92539,1.50,1.50
2011.11.17 12:10:38.522,0.92528,0.92546,1.50,1.88
2011.11.17 12:10:38.862,0.92525,0.92543,1.50,1.50
2011.11.17 12:10:39.619,0.92525,0.92541,1.50,1.35
2011.11.17 12:10:39.845,0.92521,0.92533,1.50,1.50
2011.11.17 12:10:39.963,0.92517,0.92533,1.50,1.50
2011.11.17 12:10:40.550,0.92517,0.92533,1.50,1.88
2011.11.17 12:10:40.783,0.92514,0.9253,1.50,1.50
2011.11.17 12:10:41.578,0.92517,0.92533,1.50,1.88
2011.11.17 12:10:41.838,0.92522,0.92538,1.50,1.50
2011.11.17 12:10:42.062,0.9253,0.92548,1.50,2.63
2011.11.17 12:10:42.748,0.9253,0.92546,1.50,1.50
2011.11.17 12:10:43.483,0.92528,0.92544,1.50,1.50
2011.11.17 12:10:43.606,0.9253,0.92548,1.50,1.50
2011.11.17 12:10:44.063,0.92527,0.92545,1.50,1.88
2011.11.17 12:10:45.564,0.92525,0.92541,1.50,1.50
2011.11.17 12:10:46.142,0.92522,0.92538,3.00,1.50
2011.11.17 12:10:48.511,0.92525,0.92541,1.50,1.50
2011.11.17 12:10:49.144,0.92528,0.92541,1.50,1.50
2011.11.17 12:10:49.274,0.9253,0.92546,1.50,1.88
2011.11.17 12:10:49.394,0.92526,0.92544,1.50,1.88
2011.11.17 12:10:50.776,0.92526,0.92544,1.50,2.25
2011.11.17 12:10:51.113,0.92523,0.92541,1.50,1.88
2011.11.17 12:10:51.817,0.92525,0.92541,1.50,1.50
2011.11.17 12:10:52.151,0.92527,0.92543,1.50,1.50
2011.11.17 12:10:53.223,0.92525,0.9254,1.50,1.50
2011.11.17 12:10:54.165,0.92524,0.9254,1.50,1.50
2011.11.17 12:10:55.271,0.92527,0.92543,1.50,1.50
2011.11.17 12:10:56.940,0.92527,0.92542,1.50,2.25
2011.11.17 12:10:57.062,0.92523,0.92541,1.50,1.50
2011.11.17 12:10:57.624,0.92519,0.92535,1.88,1.50
2011.11.17 12:10:57.746,0.92517,0.92535,1.50,1.50
2011.11.17 12:10:58.191,0.92521,0.92537,1.50,3.38
2011.11.17 12:10:59.219,0.92521,0.92537,1.50,1.50
2011.11.17 12:11:00.264,0.92523,0.92541,1.50,1.50
2011.11.17 12:11:00.494,0.92521,0.92537,1.50,1.50
2011.11.17 12:11:05.354,0.92517,0.92535,1.50,1.50
2011.11.17 12:11:05.771,0.92515,0.92531,3.38,1.50
2011.11.17 12:11:05.908,0.92506,0.92524,1.50,1.50
2011.11.17 12:11:06.398,0.92509,0.92527,1.50,2.25
2011.11.17 12:11:06.883,0.92509,0.92526,1.50,1.13
2011.11.17 12:11:07.290,0.92506,0.92524,1.50,2.25
2011.11.17 12:11:08.632,0.92506,0.92524,2.25,1.88
2011.11.17 12:11:08.861,0.92509,0.92527,2.25,1.50
2011.11.17 12:11:09.203,0.92513,0.92529,1.50,1.50
2011.11.17 12:11:09.474,0.92513,0.92529,1.50,1.88
2011.11.17 12:11:09.813,0.9251,0.92526,1.50,1.50
2011.11.17 12:11:10.923,0.9251,0.92526,1.50,2.25
2011.11.17 12:11:11.044,0.92518,0.92536,1.50,2.63
2011.11.17 12:11:11.384,0.92515,0.92531,1.50,1.88
2011.11.17 12:11:13.086,0.92518,0.92534,1.50,1.88
2011.11.17 12:11:14.311,0.92518,0.92534,1.50,1.88
2011.11.17 12:11:14.541,0.92514,0.92532,1.50,1.50
2011.11.17 12:11:14.661,0.92514,0.92532,2.25,1.50
2011.11.17 12:11:15.808,0.92514,0.92532,1.50,1.50
2011.11.17 12:11:15.925,0.92517,0.92532,1.50,1.50
2011.11.17 12:11:16.043,0.92519,0.92537,1.50,1.88
2011.11.17 12:11:16.164,0.92522,0.9254,1.50,2.63
2011.11.17 12:11:16.282,0.92522,0.9254,1.50,2.63
2011.11.17 12:11:16.660,0.92522,0.9254,1.50,1.88
2011.11.17 12:11:17.919,0.92525,0.92541,1.50,1.50
2011.11.17 12:11:18.683,0.92527,0.92545,1.50,1.88
2011.11.17 12:11:19.165,0.92527,0.92542,1.50,1.50
2011.11.17 12:11:19.281,0.92522,0.9254,1.50,1.50
2011.11.17 12:11:19.623,0.9252,0.92536,1.50,1.50
2011.11.17 12:11:20.172,0.92523,0.92539,1.50,1.50
2011.11.17 12:11:21.132,0.92523,0.92538,1.50,1.50
2011.11.17 12:11:21.253,0.9252,0.92536,1.50,1.50
2011.11.17 12:11:21.372,0.92524,0.9254,1.50,1.50
2011.11.17 12:11:21.711,0.92527,0.92543,1.50,1.50
2011.11.17 12:11:22.060,0.92529,0.92547,1.50,1.50
2011.11.17 12:11:24.522,0.92526,0.92544,1.50,1.50
2011.11.17 12:11:24.812,0.9253,0.92548,1.50,2.25
2011.11.17 12:11:27.524,0.92538,0.92546,1.50,1.50
2011.11.17 12:11:27.661,0.92528,0.92544,1.50,1.50
2011.11.17 12:11:28.003,0.92524,0.92541,1.50,1.50
2011.11.17 12:11:28.341,0.92527,0.92543,1.50,1.88
2011.11.17 12:11:30.988,0.92523,0.92541,1.50,2.25
2011.11.17 12:11:31.321,0.92516,0.92532,1.88,1.50
2011.11.17 12:11:32.029,0.9252,0.92536,1.87,1.50
2011.11.17 12:11:32.168,0.9252,0.92537,1.12,1.50
2011.11.17 12:11:32.734,0.92522,0.9254,2.25,1.50
2011.11.17 12:11:32.853,0.92532,0.92542,1.50,1.50
2011.11.17 12:11:32.970,0.92532,0.92548,1.50,1.50
2011.11.17 12:11:33.613,0.92528,0.92546,1.50,1.50
2011.11.17 12:11:34.351,0.92531,0.92549,1.50,2.25
2011.11.17 12:11:34.689,0.92525,0.92543,1.88,1.50
2011.11.17 12:11:35.030,0.9253,0.92546,1.50,1.88
2011.11.17 12:11:35.372,0.92526,0.92542,1.50,1.50
2011.11.17 12:11:36.033,0.92528,0.92546,1.50,1.88
2011.11.17 12:11:37.682,0.92527,0.92542,1.50,1.50
2011.11.17 12:11:38.363,0.92526,0.92542,1.50,1.50
2011.11.17 12:11:38.701,0.92529,0.92545,1.50,1.88
2011.11.17 12:11:39.261,0.92528,0.92546,1.50,1.50
2011.11.17 12:11:40.391,0.92529,0.92546,1.50,1.50
2011.11.17 12:11:40.731,0.92534,0.92552,1.50,2.25
2011.11.17 12:11:42.601,0.92529,0.92545,1.50,1.50
2011.11.17 12:11:43.096,0.92526,0.92542,1.50,1.50
2011.11.17 12:11:43.324,0.92528,0.92546,1.88,1.50
2011.11.17 12:11:43.756,0.92526,0.92543,2.25,1.50
2011.11.17 12:11:44.113,0.92522,0.92538,1.87,1.50
2011.11.17 12:11:44.232,0.92522,0.92538,1.50,1.50
2011.11.17 12:11:44.777,0.92522,0.92537,1.50,1.50
2011.11.17 12:11:44.893,0.92521,0.92535,1.50,1.50
2011.11.17 12:11:45.437,0.92524,0.9254,1.50,2.25
2011.11.17 12:11:45.771,0.92526,0.92544,1.50,2.25
2011.11.17 12:11:46.000,0.92526,0.92544,1.50,2.25
2011.11.17 12:11:46.235,0.92528,0.92544,1.50,2.25
2011.11.17 12:11:46.596,0.9253,0.92543,1.50,1.13
2011.11.17 12:11:46.966,0.92528,0.92543,1.50,1.13
2011.11.17 12:11:47.084,0.92524,0.92542,1.50,1.88
2011.11.17 12:11:48.214,0.92528,0.92544,1.50,2.25
2011.11.17 12:11:49.769,0.92524,0.92542,1.50,1.88
2011.11.17 12:11:49.885,0.92522,0.92538,1.50,1.50
2011.11.17 12:11:50.417,0.92524,0.92542,1.50,1.88
2011.11.17 12:11:50.771,0.92527,0.92544,1.50,1.50
2011.11.17 12:11:51.583,0.92527,0.92545,1.50,1.88
2011.11.17 12:11:52.561,0.92527,0.92545,1.50,1.50
2011.11.17 12:11:53.389,0.92529,0.92545,1.50,1.50
2011.11.17 12:11:53.613,0.92527,0.92545,1.50,1.50
2011.11.17 12:11:56.029,0.92527,0.92545,1.50,2.25
2011.11.17 12:11:56.620,0.92527,0.92544,1.50,1.13
2011.11.17 12:11:57.171,0.92531,0.92547,1.50,2.63
2011.11.17 12:11:57.511,0.92531,0.92547,1.50,1.88
2011.11.17 12:11:57.742,0.92527,0.92545,1.50,1.50
2011.11.17 12:11:57.862,0.9253,0.92548,1.50,1.88
2011.11.17 12:11:58.755,0.92527,0.92545,1.50,1.50
2011.11.17 12:12:00.112,0.92527,0.92545,1.88,1.50
2011.11.17 12:12:00.235,0.92529,0.92549,1.88,1.50
2011.11.17 12:12:00.354,0.92537,0.92555,1.50,1.50
2011.11.17 12:12:00.805,0.92535,0.92551,1.50,1.50
2011.11.17 12:12:01.631,0.92531,0.92549,1.50,1.50
2011.11.17 12:12:02.192,0.92532,0.92548,1.50,1.50
2011.11.17 12:12:02.652,0.92534,0.92552,1.50,1.50
2011.11.17 12:12:03.857,0.92536,0.92552,1.50,1.50
2011.11.17 12:12:03.988,0.92532,0.92548,1.50,1.50
2011.11.17 12:12:04.323,0.92538,0.92554,1.50,1.50
2011.11.17 12:12:04.663,0.92538,0.92554,2.25,1.50
2011.11.17 12:12:05.008,0.92542,0.92558,1.88,1.50
2011.11.17 12:12:05.125,0.92544,0.9256,1.50,1.50
2011.11.17 12:12:05.244,0.92541,0.92559,1.88,1.50
2011.11.17 12:12:05.850,0.92544,0.92562,1.50,1.50
2011.11.17 12:12:07.110,0.92542,0.92558,1.88,1.50
2011.11.17 12:12:07.341,0.9254,0.92555,1.87,1.50
2011.11.17 12:12:07.904,0.92539,0.92555,2.25,1.50
2011.11.17 12:12:08.033,0.92539,0.92555,1.88,1.50
2011.11.17 12:12:08.263,0.92542,0.9256,1.50,1.88
2011.11.17 12:12:08.384,0.92539,0.92557,1.88,1.50
2011.11.17 12:12:08.725,0.92543,0.92559,2.25,1.50
2011.11.17 12:12:09.065,0.92539,0.92557,1.50,1.50
2011.11.17 12:12:09.833,0.92531,0.92547,2.25,1.50
2011.11.17 12:12:10.172,0.92533,0.92549,1.50,1.50
2011.11.17 12:12:10.511,0.92536,0.92552,1.50,2.25
2011.11.17 12:12:10.745,0.92536,0.92552,1.50,1.50
2011.11.17 12:12:11.083,0.92532,0.9255,1.88,1.50
2011.11.17 12:12:11.420,0.92529,0.92547,2.25,1.50
2011.11.17 12:12:12.732,0.92533,0.92551,1.88,1.50
2011.11.17 12:12:13.281,0.92531,0.92547,1.50,1.50
2011.11.17 12:12:13.621,0.92527,0.92543,2.25,1.50
2011.11.17 12:12:14.301,0.92527,0.92543,1.50,1.50
2011.11.17 12:12:14.469,0.92531,0.92549,1.50,1.88
2011.11.17 12:12:14.983,0.92531,0.92549,1.50,1.50
2011.11.17 12:12:16.334,0.92529,0.92545,1.50,1.50
2011.11.17 12:12:20.858,0.92531,0.92548,1.50,1.50
2011.11.17 12:12:20.982,0.92534,0.92552,1.88,1.88
2011.11.17 12:12:21.323,0.92526,0.92544,1.50,1.50
2011.11.17 12:12:22.355,0.92529,0.92547,1.50,1.50
2011.11.17 12:12:22.833,0.92529,0.92547,1.88,1.50
2011.11.17 12:12:26.784,0.92529,0.92547,1.50,1.50
2011.11.17 12:12:26.903,0.92527,0.92543,1.50,1.50
2011.11.17 12:12:28.385,0.92529,0.92547,1.50,1.50
2011.11.17 12:12:29.267,0.92532,0.9255,1.50,1.50
2011.11.17 12:12:30.380,0.92536,0.92552,1.50,1.50
2011.11.17 12:12:30.876,0.92534,0.92549,1.50,1.50
2011.11.17 12:12:31.424,0.92533,0.92549,1.50,1.50
2011.11.17 12:12:33.529,0.92529,0.92547,1.88,1.50
2011.11.17 12:12:33.641,0.92529,0.92547,1.50,1.50
2011.11.17 12:12:33.871,0.92526,0.92544,1.50,1.50
2011.11.17 12:12:34.209,0.92523,0.92541,1.50,1.50
2011.11.17 12:12:34.752,0.92526,0.92544,1.50,1.50
2011.11.17 12:12:37.581,0.9253,0.92546,1.50,1.50
2011.11.17 12:12:38.002,0.92533,0.92549,1.50,1.50
2011.11.17 12:12:38.341,0.9253,0.92546,1.50,1.50
2011.11.17 12:12:39.281,0.92533,0.92549,1.50,1.50
2011.11.17 12:12:39.995,0.92529,0.92547,1.88,1.50
2011.11.17 12:12:41.442,0.92529,0.92547,1.50,1.50
2011.11.17 12:12:41.692,0.92529,0.92545,1.50,1.50
2011.11.17 12:12:42.030,0.92526,0.92542,1.88,1.50
2011.11.17 12:12:42.549,0.92529,0.92545,1.50,3.00
2011.11.17 12:12:42.676,0.92525,0.92543,1.88,1.50
2011.11.17 12:12:43.129,0.92521,0.92537,1.50,2.25
2011.11.17 12:12:43.258,0.92519,0.92535,1.50,2.25
2011.11.17 12:12:43.505,0.92517,0.92531,1.50,1.88
2011.11.17 12:12:43.626,0.92515,0.92531,1.50,1.88
2011.11.17 12:12:43.741,0.92515,0.92531,1.88,1.50
2011.11.17 12:12:43.862,0.92518,0.92534,1.50,3.00
2011.11.17 12:12:43.982,0.9252,0.92538,1.50,1.88
2011.11.17 12:12:44.322,0.92523,0.9254,1.50,2.25
2011.11.17 12:12:44.918,0.92523,0.92541,1.50,1.50
2011.11.17 12:12:45.043,0.92528,0.92543,1.50,1.50
2011.11.17 12:12:45.164,0.92529,0.92547,1.50,1.50
2011.11.17 12:12:45.721,0.92527,0.92543,1.50,1.50
2011.11.17 12:12:46.321,0.92524,0.9254,1.88,1.50
2011.11.17 12:12:47.458,0.9252,0.92538,1.50,1.50
2011.11.17 12:12:47.871,0.92524,0.9254,1.50,1.50
2011.11.17 12:12:48.543,0.92527,0.92543,1.50,3.00
2011.11.17 12:12:48.773,0.92529,0.92547,1.50,1.88
2011.11.17 12:12:49.289,0.92527,0.92544,1.50,1.50
2011.11.17 12:12:49.752,0.9253,0.92546,1.50,1.50
2011.11.17 12:12:50.476,0.9253,0.92546,1.88,1.50
2011.11.17 12:12:53.174,0.92532,0.9255,1.50,1.50
2011.11.17 12:12:53.298,0.92536,0.92552,1.50,1.50
2011.11.17 12:12:53.851,0.92536,0.92552,1.88,1.50
2011.11.17 12:12:54.303,0.92531,0.92549,1.50,1.50
2011.11.17 12:12:55.379,0.9253,0.92545,1.50,1.50
2011.11.17 12:12:55.973,0.92529,0.92545,1.50,1.50
2011.11.17 12:12:56.481,0.9253,0.92546,1.50,1.88
2011.11.17 12:12:59.536,0.92524,0.9254,1.50,1.50
2011.11.17 12:12:59.871,0.92521,0.92537,1.88,1.50
2011.11.17 12:13:00.103,0.92523,0.92541,1.50,1.50
2011.11.17 12:13:00.231,0.92527,0.92543,1.50,1.50
2011.11.17 12:13:00.570,0.92527,0.92545,1.50,1.50
2011.11.17 12:13:01.686,0.9253,0.92546,1.50,2.25
2011.11.17 12:13:02.322,0.92527,0.92543,3.00,1.50
2011.11.17 12:13:02.667,0.92523,0.92541,1.50,1.50
2011.11.17 12:13:03.883,0.92521,0.92537,1.50,1.50
2011.11.17 12:13:04.440,0.92517,0.92535,2.25,1.50
2011.11.17 12:13:05.057,0.92517,0.92535,1.88,1.50
2011.11.17 12:13:05.930,0.92517,0.92535,3.75,1.50
2011.11.17 12:13:06.052,0.92517,0.92535,1.50,1.50
2011.11.17 12:13:06.174,0.92523,0.92535,1.50,1.50
2011.11.17 12:13:06.718,0.92514,0.9253,1.50,1.50
2011.11.17 12:13:06.858,0.9251,0.92528,1.50,1.88
2011.11.17 12:13:07.975,0.92513,0.9253,1.50,1.13
2011.11.17 12:13:09.648,0.92516,0.92532,1.50,1.13
2011.11.17 12:13:10.480,0.92516,0.92532,1.50,1.13
2011.11.17 12:13:11.542,0.92513,0.92531,1.50,2.63
2011.11.17 12:13:12.434,0.92513,0.92531,1.50,4.13
2011.11.17 12:13:13.039,0.92517,0.92533,1.50,2.63
2011.11.17 12:13:13.164,0.92517,0.92535,1.50,1.88
2011.11.17 12:13:13.284,0.92522,0.92538,1.50,2.25
2011.11.17 12:13:13.510,0.92519,0.92535,3.00,1.88
2011.11.17 12:13:16.336,0.92519,0.92535,1.50,1.50
2011.11.17 12:13:16.583,0.92519,0.92531,1.50,1.50
2011.11.17 12:13:16.704,0.92513,0.92529,1.50,1.50
2011.11.17 12:13:17.051,0.92515,0.92533,1.50,1.50
2011.11.17 12:13:22.003,0.92513,0.92528,1.50,1.50
2011.11.17 12:13:22.454,0.92515,0.9253,1.50,2.25
2011.11.17 12:13:23.301,0.92515,0.92531,1.50,1.88
2011.11.17 12:13:23.853,0.92515,0.92531,1.50,1.50
2011.11.17 12:13:24.192,0.92515,0.92531,2.25,1.50
2011.11.17 12:13:24.530,0.92512,0.92528,2.25,1.50
2011.11.17 12:13:25.504,0.92515,0.92531,2.25,1.50
2011.11.17 12:13:25.624,0.92517,0.92535,1.88,1.50
2011.11.17 12:13:25.743,0.92517,0.92535,1.50,1.88
2011.11.17 12:13:26.080,0.92515,0.92531,1.50,3.00
2011.11.17 12:13:26.522,0.92511,0.92529,2.25,1.50
2011.11.17 12:13:26.971,0.92513,0.92531,1.50,1.50
2011.11.17 12:13:27.723,0.9251,0.92529,1.50,1.50
2011.11.17 12:13:28.214,0.92512,0.9253,1.50,1.50
2011.11.17 12:13:28.570,0.92515,0.92531,1.50,1.50
2011.11.17 12:13:28.940,0.92512,0.92528,1.50,1.50
2011.11.17 12:13:31.316,0.92513,0.92531,1.50,1.50
2011.11.17 12:13:31.655,0.9251,0.92528,1.50,1.50
2011.11.17 12:13:33.893,0.92514,0.9253,1.50,3.38
2011.11.17 12:13:34.741,0.92514,0.9253,1.50,1.50
2011.11.17 12:13:34.868,0.9251,0.92528,1.50,1.50
2011.11.17 12:13:35.323,0.92507,0.92525,1.88,1.50
2011.11.17 12:13:36.020,0.9251,0.92528,1.50,1.50
2011.11.17 12:13:36.791,0.92513,0.92531,1.50,1.88
2011.11.17 12:13:37.071,0.9251,0.92528,1.50,1.50
2011.11.17 12:13:37.780,0.92511,0.92528,1.50,1.50
2011.11.17 12:13:37.902,0.92514,0.9253,1.50,1.50
2011.11.17 12:13:38.241,0.92517,0.92533,1.50,1.50
2011.11.17 12:13:38.804,0.92513,0.92531,1.50,1.50
2011.11.17 12:13:39.250,0.9251,0.92528,1.50,1.50
2011.11.17 12:13:39.580,0.92514,0.9253,1.50,1.50
2011.11.17 12:13:41.283,0.92516,0.92534,1.50,1.50
2011.11.17 12:13:42.603,0.92514,0.92533,1.50,1.50
2011.11.17 12:13:44.321,0.92515,0.92533,1.50,1.50
2011.11.17 12:13:44.445,0.92517,0.92533,1.50,1.50
2011.11.17 12:13:45.073,0.92513,0.92531,1.50,1.50
2011.11.17 12:13:45.730,0.92516,0.92533,1.50,1.88
2011.11.17 12:13:46.634,0.92514,0.9253,1.50,1.50
2011.11.17 12:13:46.972,0.9251,0.92528,1.88,1.50
2011.11.17 12:13:49.705,0.92517,0.92533,1.50,1.13
2011.11.17 12:13:50.664,0.92517,0.92535,1.50,1.88
2011.11.17 12:13:50.893,0.92513,0.92531,1.50,1.50
2011.11.17 12:13:52.182,0.92517,0.92533,1.50,1.50
2011.11.17 12:13:53.081,0.92517,0.92531,1.50,1.50
2011.11.17 12:13:53.200,0.92512,0.9253,1.50,1.50
2011.11.17 12:13:54.955,0.92517,0.92535,1.50,1.88
2011.11.17 12:13:57.425,0.92517,0.92535,1.50,1.50
2011.11.17 12:13:57.760,0.92517,0.92533,1.50,1.50
2011.11.17 12:13:58.091,0.92515,0.92531,1.50,1.50
2011.11.17 12:13:58.412,0.92512,0.92528,1.88,1.50
2011.11.17 12:13:58.941,0.92512,0.92528,1.50,1.50
2011.11.17 12:14:01.085,0.92507,0.92521,1.88,1.50
2011.11.17 12:14:01.316,0.92506,0.92523,2.25,1.50
2011.11.17 12:14:01.870,0.92506,0.92524,1.88,1.50
2011.11.17 12:14:02.110,0.9251,0.92526,1.50,1.50
2011.11.17 12:14:02.459,0.9251,0.92523,1.50,1.50
2011.11.17 12:14:02.570,0.92504,0.92522,2.25,1.50
2011.11.17 12:14:02.801,0.92507,0.92525,1.88,1.50
2011.11.17 12:14:03.530,0.92511,0.92527,1.50,1.50
2011.11.17 12:14:03.975,0.92514,0.9253,1.50,1.50
2011.11.17 12:14:05.170,0.92514,0.9253,1.50,1.88
2011.11.17 12:14:05.291,0.92508,0.92526,1.50,1.50
2011.11.17 12:14:05.871,0.92511,0.92529,1.50,1.88
2011.11.17 12:14:07.610,0.92511,0.92529,1.50,1.50
2011.11.17 12:14:09.380,0.92508,0.92526,1.50,1.50
2011.11.17 12:14:09.912,0.9251,0.92528,1.50,2.25
2011.11.17 12:14:14.241,0.9251,0.92528,1.88,1.50
2011.11.17 12:14:16.172,0.92514,0.92529,1.50,1.50
2011.11.17 12:14:17.147,0.92511,0.92527,1.88,1.50
2011.11.17 12:14:17.494,0.92507,0.92525,2.25,1.50
2011.11.17 12:14:17.722,0.92507,0.92525,1.50,1.50
2011.11.17 12:14:17.843,0.92506,0.92522,1.50,1.50
2011.11.17 12:14:17.962,0.92504,0.92522,1.50,1.50
2011.11.17 12:14:18.645,0.92502,0.92518,3.00,1.50
2011.11.17 12:14:18.980,0.92499,0.92515,1.50,1.50
2011.11.17 12:14:19.783,0.92502,0.92518,1.50,1.88
2011.11.17 12:14:20.181,0.92499,0.92515,3.00,1.50
2011.11.17 12:14:20.804,0.92499,0.92515,1.50,2.25
2011.11.17 12:14:20.927,0.92496,0.92512,1.50,1.88
2011.11.17 12:14:22.618,0.92496,0.9251,1.50,1.35
2011.11.17 12:14:22.739,0.92494,0.9251,1.50,1.50
2011.11.17 12:14:23.863,0.92497,0.92512,1.50,1.50
2011.11.17 12:14:24.324,0.925,0.92516,1.50,1.88
2011.11.17 12:14:24.555,0.92503,0.92519,1.50,1.50
2011.11.17 12:14:24.671,0.92506,0.92524,1.50,1.50
2011.11.17 12:14:26.578,0.92506,0.92523,1.50,1.50
2011.11.17 12:14:26.691,0.92503,0.92521,1.50,1.50
2011.11.17 12:14:27.568,0.92503,0.92521,2.25,1.50
2011.11.17 12:14:28.123,0.92499,0.92517,2.25,1.50
2011.11.17 12:14:28.629,0.92499,0.92517,1.88,1.50
2011.11.17 12:14:28.760,0.92497,0.92513,2.25,1.50
2011.11.17 12:14:28.994,0.92497,0.92513,1.50,1.50
2011.11.17 12:14:29.724,0.92497,0.92513,1.88,1.50
2011.11.17 12:14:32.284,0.92499,0.92517,1.88,1.50
2011.11.17 12:14:33.743,0.92502,0.9252,1.50,1.50
2011.11.17 12:14:34.398,0.92499,0.92517,2.62,1.50
2011.11.17 12:14:34.515,0.92507,0.92525,1.50,1.50
2011.11.17 12:14:34.851,0.92505,0.92521,2.25,1.50
2011.11.17 12:14:36.034,0.92508,0.92524,1.88,3.00
2011.11.17 12:14:36.376,0.92512,0.92528,2.25,1.50
2011.11.17 12:14:36.886,0.92512,0.92528,1.50,1.50
2011.11.17 12:14:37.005,0.92509,0.92525,1.50,1.50
2011.11.17 12:14:37.353,0.92511,0.92529,1.50,1.50
2011.11.17 12:14:37.884,0.92515,0.92531,1.88,1.50
2011.11.17 12:14:38.228,0.9251,0.92527,1.12,1.50
2011.11.17 12:14:38.347,0.92514,0.9253,1.88,1.50
2011.11.17 12:14:38.466,0.92511,0.92527,2.25,1.50
2011.11.17 12:14:38.997,0.92517,0.92535,2.25,1.50
2011.11.17 12:14:39.736,0.92517,0.92535,1.50,1.50
2011.11.17 12:14:40.252,0.92515,0.92531,1.88,1.50
2011.11.17 12:14:40.376,0.92517,0.92535,1.50,1.50
2011.11.17 12:14:40.494,0.92521,0.92537,1.50,1.50
2011.11.17 12:14:41.128,0.92518,0.92534,1.50,1.50
2011.11.17 12:14:41.567,0.92515,0.92531,1.50,1.50
2011.11.17 12:14:42.383,0.92511,0.92529,1.88,1.50
2011.11.17 12:14:43.469,0.92515,0.9253,1.50,1.50
2011.11.17 12:14:43.985,0.92515,0.92531,1.50,1.50
2011.11.17 12:14:45.841,0.92518,0.92534,1.50,1.50
2011.11.17 12:14:46.629,0.92514,0.9253,1.50,1.88
2011.11.17 12:14:46.961,0.92517,0.92533,1.50,1.50
2011.11.17 12:14:47.315,0.92518,0.92533,1.50,2.25
2011.11.17 12:14:47.437,0.92517,0.92533,1.50,1.50
2011.11.17 12:14:47.971,0.92517,0.92533,1.50,2.25
2011.11.17 12:14:48.567,0.92519,0.92534,1.50,1.50
2011.11.17 12:14:49.165,0.92519,0.92535,1.50,1.50
2011.11.17 12:14:49.630,0.92517,0.92533,1.50,1.50
2011.11.17 12:14:49.751,0.92515,0.92533,1.50,1.50
2011.11.17 12:14:50.136,0.92515,0.92531,1.50,1.50
2011.11.17 12:14:50.466,0.92514,0.92529,1.50,1.50
2011.11.17 12:14:50.582,0.92515,0.92533,1.50,1.50
2011.11.17 12:14:51.444,0.92519,0.92535,1.50,1.50
2011.11.17 12:14:51.894,0.92521,0.92539,1.50,1.88
2011.11.17 12:14:52.394,0.92521,0.92539,1.88,1.50
2011.11.17 12:14:52.936,0.92525,0.92541,1.50,1.50
2011.11.17 12:14:53.979,0.92527,0.92545,1.50,1.50
2011.11.17 12:14:54.503,0.92528,0.92545,1.50,1.50
2011.11.17 12:14:54.621,0.92531,0.92547,1.50,1.88
2011.11.17 12:14:55.072,0.92527,0.92547,1.50,1.88
2011.11.17 12:14:55.743,0.92529,0.92547,1.50,1.88
2011.11.17 12:14:56.487,0.92529,0.92545,1.50,1.50
2011.11.17 12:14:56.826,0.92526,0.92542,1.50,1.50
2011.11.17 12:14:58.173,0.92534,0.92552,1.50,2.25
2011.11.17 12:14:58.512,0.92537,0.92553,1.50,1.13
2011.11.17 12:14:59.029,0.92537,0.92554,1.50,1.13
2011.11.17 12:14:59.276,0.92537,0.92555,1.50,2.25
2011.11.17 12:15:00.476,0.92537,0.92552,1.50,1.50
2011.11.17 12:15:00.621,0.92536,0.92554,3.75,1.50
2011.11.17 12:15:00.847,0.9254,0.92556,2.25,1.50
2011.11.17 12:15:00.964,0.9254,0.92556,1.50,1.50
2011.11.17 12:15:01.086,0.92535,0.92553,1.50,1.50
2011.11.17 12:15:01.204,0.9254,0.92553,2.25,1.50
2011.11.17 12:15:01.795,0.9254,0.92555,2.25,1.50
2011.11.17 12:15:02.305,0.92539,0.92555,1.88,1.50
2011.11.17 12:15:02.534,0.92535,0.92553,2.25,1.50
2011.11.17 12:15:02.870,0.92532,0.92548,2.25,1.50
2011.11.17 12:15:02.992,0.92534,0.9255,1.50,3.00
2011.11.17 12:15:03.110,0.92532,0.92548,1.50,1.50
2011.11.17 12:15:03.231,0.9253,0.92548,1.50,1.50
2011.11.17 12:15:05.097,0.92534,0.9255,1.50,1.50
2011.11.17 12:15:05.443,0.92531,0.92547,1.50,1.88
2011.11.17 12:15:05.895,0.92528,0.92544,1.50,1.50
2011.11.17 12:15:06.122,0.9253,0.92548,1.50,1.50
2011.11.17 12:15:06.651,0.92531,0.92549,1.50,1.50
2011.11.17 12:15:07.033,0.92528,0.92546,1.88,1.50
2011.11.17 12:15:07.564,0.92528,0.92546,1.50,1.50
2011.11.17 12:15:08.074,0.92531,0.92549,1.50,1.50
2011.11.17 12:15:08.556,0.92534,0.92552,1.50,1.88
2011.11.17 12:15:08.893,0.92529,0.92547,1.50,1.50
2011.11.17 12:15:09.232,0.92529,0.92547,1.50,1.88
2011.11.17 12:15:09.845,0.92529,0.92547,1.50,2.25
2011.11.17 12:15:09.968,0.92526,0.92544,1.50,2.25
2011.11.17 12:15:10.704,0.92524,0.9254,1.50,1.50
2011.11.17 12:15:11.416,0.92523,0.92541,1.50,1.88
2011.11.17 12:15:11.534,0.92523,0.92541,1.50,2.25
2011.11.17 12:15:11.652,0.9252,0.92538,1.50,2.25
2011.11.17 12:15:15.444,0.92517,0.92535,1.50,1.88
2011.11.17 12:15:17.022,0.92519,0.92535,1.50,1.50
2011.11.17 12:15:17.351,0.92521,0.92537,1.50,1.50
2011.11.17 12:15:17.971,0.92517,0.92535,1.50,1.50
2011.11.17 12:15:18.523,0.9252,0.92538,1.50,1.50
2011.11.17 12:15:21.893,0.92523,0.92541,1.88,1.50
2011.11.17 12:15:22.012,0.92527,0.92545,1.50,1.50
2011.11.17 12:15:25.345,0.92527,0.92544,1.50,1.13
2011.11.17 12:15:25.681,0.92521,0.92539,1.50,1.50
2011.11.17 12:15:26.815,0.92521,0.92539,1.50,2.25
2011.11.17 12:15:27.639,0.92527,0.92545,1.50,1.88
2011.11.17 12:15:27.766,0.92523,0.92539,1.50,1.50
2011.11.17 12:15:28.157,0.92526,0.92542,1.50,1.50
2011.11.17 12:15:28.272,0.92528,0.92545,1.50,1.88
2011.11.17 12:15:28.945,0.92525,0.92543,1.50,1.50
2011.11.17 12:15:29.917,0.92522,0.9254,1.50,1.88
2011.11.17 12:15:30.554,0.92521,0.92535,1.50,1.50
2011.11.17 12:15:30.671,0.92519,0.92535,1.50,1.50
2011.11.17 12:15:32.340,0.92522,0.92538,1.50,2.25
2011.11.17 12:15:34.317,0.9252,0.92535,1.50,1.88
2011.11.17 12:15:34.435,0.92515,0.92533,1.50,1.50
2011.11.17 12:15:34.554,0.92515,0.92533,1.50,1.88
2011.11.17 12:15:34.899,0.92513,0.92531,3.00,1.88
2011.11.17 12:15:35.478,0.92516,0.92534,1.50,2.25
2011.11.17 12:15:35.597,0.92524,0.92538,1.50,1.13
2011.11.17 12:15:35.711,0.92521,0.92538,1.50,1.13
2011.11.17 12:15:36.641,0.92521,0.92539,1.50,2.25
2011.11.17 12:15:36.761,0.92519,0.92535,3.00,1.50
2011.11.17 12:15:37.962,0.92519,0.92535,1.50,2.25
2011.11.17 12:15:38.913,0.92521,0.92537,1.50,1.13
2011.11.17 12:15:39.036,0.92521,0.92539,1.50,2.25
2011.11.17 12:15:39.803,0.92521,0.92537,1.50,1.13
2011.11.17 12:15:40.039,0.92505,0.92523,1.87,1.88
2011.11.17 12:15:40.374,0.92503,0.92519,1.50,2.25
2011.11.17 12:15:40.605,0.92496,0.92512,1.50,1.88
2011.11.17 12:15:44.455,0.92498,0.92516,1.50,1.88
2011.11.17 12:15:45.465,0.92495,0.92513,1.50,1.50
2011.11.17 12:15:48.727,0.92493,0.92509,3.00,1.50
2011.11.17 12:15:49.280,0.92495,0.92512,1.50,1.50
2011.11.17 12:15:49.912,0.92495,0.92513,1.50,1.88
2011.11.17 12:15:50.409,0.92491,0.92507,1.50,1.88
2011.11.17 12:15:50.742,0.92494,0.9251,1.50,1.88
2011.11.17 12:15:51.278,0.92496,0.92514,1.50,2.63
2011.11.17 12:15:52.054,0.92496,0.92514,1.50,1.50
2011.11.17 12:15:55.852,0.92493,0.92511,1.88,1.50
2011.11.17 12:15:56.231,0.92493,0.92511,1.50,2.25
2011.11.17 12:15:56.355,0.92491,0.92508,1.50,1.88
2011.11.17 12:15:56.477,0.9249,0.92508,1.50,2.25
2011.11.17 12:15:57.055,0.92488,0.92504,1.50,2.25
2011.11.17 12:15:57.405,0.92488,0.92504,1.50,1.50
2011.11.17 12:15:57.522,0.92488,0.92504,1.50,2.25
2011.11.17 12:15:58.235,0.92487,0.92504,1.50,1.88
2011.11.17 12:16:01.572,0.92485,0.92501,1.50,1.88
2011.11.17 12:16:02.752,0.92491,0.92509,1.50,1.50
2011.11.17 12:16:02.989,0.92491,0.92509,1.50,2.25
2011.11.17 12:16:03.572,0.92492,0.92508,1.50,1.88
2011.11.17 12:16:03.913,0.9249,0.92505,1.50,1.50
2011.11.17 12:16:04.443,0.92489,0.92505,1.50,1.50
2011.11.17 12:16:06.614,0.9249,0.92505,1.50,1.50
2011.11.17 12:16:06.731,0.92492,0.92508,1.50,1.88
2011.11.17 12:16:09.240,0.92489,0.92505,1.50,1.50
2011.11.17 12:16:10.895,0.92489,0.92504,1.50,1.50
2011.11.17 12:16:11.706,0.92489,0.92505,1.50,1.50
2011.11.17 12:16:13.143,0.92486,0.92503,1.50,1.50
2011.11.17 12:16:13.268,0.92489,0.92505,1.50,2.25
2011.11.17 12:16:13.604,0.92491,0.92507,1.50,1.50
2011.11.17 12:16:13.940,0.92491,0.92508,1.50,1.13
2011.11.17 12:16:14.510,0.92491,0.92509,1.50,1.88
2011.11.17 12:16:15.043,0.92491,0.92509,1.50,1.50
2011.11.17 12:16:15.533,0.92494,0.92509,1.50,1.50
2011.11.17 12:16:15.658,0.92496,0.92512,1.50,1.50
2011.11.17 12:16:16.388,0.92498,0.92516,1.88,1.50
2011.11.17 12:16:16.737,0.92502,0.92518,1.50,3.00
2011.11.17 12:16:17.074,0.92498,0.92516,2.25,1.50
2011.11.17 12:16:18.280,0.92498,0.92516,2.25,1.50
2011.11.17 12:16:20.150,0.92503,0.92519,1.88,1.50
2011.11.17 12:16:21.654,0.92505,0.92523,1.50,1.50
2011.11.17 12:16:21.777,0.92505,0.92521,1.50,1.50
2011.11.17 12:16:21.899,0.92502,0.9252,1.50,1.50
2011.11.17 12:16:22.350,0.92499,0.92517,1.88,1.50
2011.11.17 12:16:22.692,0.92499,0.92516,1.50,1.13
2011.11.17 12:16:23.816,0.92496,0.92514,1.50,2.25
2011.11.17 12:16:25.213,0.92499,0.92517,1.50,2.25
2011.11.17 12:16:25.754,0.92499,0.92516,1.50,1.13
2011.11.17 12:16:26.335,0.92493,0.92509,1.50,1.50
2011.11.17 12:16:26.682,0.92498,0.92516,1.50,2.63
2011.11.17 12:16:26.911,0.92496,0.92512,1.50,2.25
2011.11.17 12:16:28.371,0.92496,0.92512,1.50,2.25
2011.11.17 12:16:28.731,0.92494,0.9251,1.50,2.25
2011.11.17 12:16:28.852,0.92492,0.9251,1.50,2.25
2011.11.17 12:16:29.962,0.92496,0.92511,1.50,1.50
2011.11.17 12:16:30.304,0.92486,0.92502,1.50,1.50
2011.11.17 12:16:30.916,0.92488,0.92504,1.50,1.50
2011.11.17 12:16:31.572,0.92488,0.92506,1.50,2.25
2011.11.17 12:16:35.531,0.92492,0.92508,1.50,3.75
2011.11.17 12:16:41.253,0.92492,0.92506,1.50,1.50
2011.11.17 12:16:41.482,0.92488,0.92506,1.50,3.00
2011.11.17 12:16:41.932,0.92491,0.92506,1.50,1.50
2011.11.17 12:16:43.181,0.92491,0.92506,1.50,1.13
2011.11.17 12:16:46.182,0.92495,0.92505,1.50,1.13
2011.11.17 12:16:47.256,0.92495,0.92511,1.50,1.88
2011.11.17 12:16:47.591,0.92498,0.92514,1.50,2.25
2011.11.17 12:16:48.124,0.92496,0.92512,1.50,1.88
2011.11.17 12:16:48.242,0.92494,0.92512,1.50,1.50
2011.11.17 12:16:49.382,0.92494,0.92512,1.50,1.88
2011.11.17 12:16:52.085,0.92497,0.92514,1.50,1.13
2011.11.17 12:16:53.293,0.92497,0.92515,1.50,2.63
2011.11.17 12:16:54.071,0.92501,0.92515,1.50,1.13
2011.11.17 12:16:55.401,0.92501,0.92517,1.50,1.50
2011.11.17 12:16:57.546,0.92504,0.9252,1.50,1.13
2011.11.17 12:16:58.452,0.92502,0.92518,1.50,1.50
2011.11.17 12:17:01.753,0.925,0.92516,1.50,1.50
2011.11.17 12:17:01.876,0.92498,0.92516,1.50,1.50
2011.11.17 12:17:04.163,0.92502,0.92518,1.50,1.50
2011.11.17 12:17:04.958,0.92483,0.92501,2.25,1.50
2011.11.17 12:17:05.299,0.92484,0.925,1.50,1.88
2011.11.17 12:17:05.657,0.92486,0.92502,1.50,2.25
2011.11.17 12:17:05.784,0.92486,0.92504,1.50,2.25
2011.11.17 12:17:06.475,0.92487,0.92504,1.50,2.25
2011.11.17 12:17:06.618,0.92493,0.92507,1.50,2.25
2011.11.17 12:17:06.874,0.92496,0.92511,1.50,2.25
2011.11.17 12:17:07.213,0.92496,0.92512,1.50,2.25
2011.11.17 12:17:07.333,0.92499,0.92515,1.50,3.38
2011.11.17 12:17:07.454,0.92501,0.92518,1.50,1.13
2011.11.17 12:17:07.944,0.92499,0.92515,1.50,1.88
2011.11.17 12:17:09.248,0.92496,0.92513,1.50,1.88
2011.11.17 12:17:09.364,0.92495,0.92513,1.50,1.88
2011.11.17 12:17:09.872,0.92496,0.92512,1.50,1.88
2011.11.17 12:17:12.473,0.92498,0.92516,1.50,2.25
2011.11.17 12:17:13.263,0.92495,0.92513,1.50,1.88
2011.11.17 12:17:13.750,0.92492,0.92508,1.50,3.75
2011.11.17 12:17:13.878,0.92482,0.925,1.50,1.88
2011.11.17 12:17:14.664,0.92491,0.92501,1.50,1.50
2011.11.17 12:17:14.784,0.92487,0.92505,1.50,1.50
2011.11.17 12:17:15.437,0.92487,0.92504,1.50,1.13
2011.11.17 12:17:15.791,0.92481,0.92497,1.50,1.50
2011.11.17 12:17:15.912,0.92484,0.92502,1.50,2.25
2011.11.17 12:17:16.140,0.92487,0.92504,1.50,1.50
2011.11.17 12:17:16.841,0.92487,0.92504,1.50,1.13
2011.11.17 12:17:17.961,0.92487,0.92505,1.50,1.88
2011.11.17 12:17:19.556,0.92487,0.92505,1.50,1.50
2011.11.17 12:17:19.785,0.9249,0.92508,1.50,1.88
2011.11.17 12:17:20.124,0.92489,0.92502,1.50,1.13
2011.11.17 12:17:21.303,0.92489,0.92505,1.50,3.00
2011.11.17 12:17:22.037,0.92487,0.92502,1.50,1.88
2011.11.17 12:17:22.941,0.92486,0.92502,1.50,1.88
2011.11.17 12:17:26.641,0.92486,0.92502,1.50,1.88
2011.11.17 12:17:27.193,0.92489,0.92505,1.50,2.25
2011.11.17 12:17:27.530,0.92491,0.92507,1.50,1.13
2011.11.17 12:17:27.834,0.92494,0.92507,1.50,1.13
2011.11.17 12:17:27.951,0.92494,0.92507,1.50,1.13
2011.11.17 12:17:28.402,0.92492,0.92507,1.50,1.13
2011.11.17 12:17:32.697,0.92494,0.92512,1.50,4.13
2011.11.17 12:17:32.922,0.92492,0.92508,1.50,2.63
2011.11.17 12:17:33.046,0.92492,0.92504,1.50,1.50
2011.11.17 12:17:33.171,0.92488,0.92504,1.50,3.00
2011.11.17 12:17:33.298,0.92484,0.92502,1.50,3.00
2011.11.17 12:17:33.854,0.92482,0.92498,1.50,1.13
2011.11.17 12:17:34.409,0.92489,0.92502,1.50,2.63
2011.11.17 12:17:34.744,0.92482,0.925,1.50,1.50
2011.11.17 12:17:34.974,0.92485,0.92503,1.50,1.88
2011.11.17 12:17:35.663,0.92485,0.92503,1.50,2.25
2011.11.17 12:17:36.002,0.92485,0.92498,1.50,1.13
2011.11.17 12:17:36.508,0.92486,0.92502,1.50,2.25
2011.11.17 12:17:36.625,0.92483,0.92499,1.50,1.88
2011.11.17 12:17:36.746,0.92479,0.92496,1.50,2.25
2011.11.17 12:17:37.386,0.92478,0.92496,1.50,2.63
2011.11.17 12:17:37.781,0.92478,0.92495,1.50,1.13
2011.11.17 12:17:43.784,0.9248,0.92494,1.50,1.13
2011.11.17 12:17:44.345,0.92482,0.92494,1.50,1.13
2011.11.17 12:17:47.596,0.92486,0.92495,1.50,1.13
2011.11.17 12:17:47.717,0.92487,0.92499,1.50,1.50
2011.11.17 12:17:47.834,0.92489,0.92499,1.50,1.50
2011.11.17 12:17:47.957,0.92489,0.92506,1.50,1.88
2011.11.17 12:17:48.185,0.92486,0.92504,1.50,1.50
2011.11.17 12:17:48.305,0.92495,0.92509,1.50,1.50
2011.11.17 12:17:48.958,0.92489,0.92505,1.50,1.88
2011.11.17 12:17:49.073,0.92485,0.92505,1.50,1.88
2011.11.17 12:17:49.630,0.92488,0.92507,1.50,1.88
2011.11.17 12:17:49.943,0.92488,0.92507,2.25,1.50
2011.11.17 12:17:50.282,0.92491,0.92507,1.50,2.25
2011.11.17 12:17:50.401,0.92487,0.92505,1.50,2.63
2011.11.17 12:17:51.274,0.92487,0.92505,3.00,1.88
2011.11.17 12:17:51.399,0.92489,0.92508,1.50,2.25
2011.11.17 12:17:52.066,0.92491,0.92508,1.50,2.25
2011.11.17 12:17:52.482,0.92494,0.9251,1.50,2.25
2011.11.17 12:17:52.824,0.92502,0.92519,1.50,3.75
2011.11.17 12:17:53.196,0.92495,0.92513,1.50,1.88
2011.11.17 12:17:53.424,0.92497,0.92516,1.50,2.25
2011.11.17 12:17:54.069,0.92499,0.92515,1.50,2.25
2011.11.17 12:17:54.407,0.92502,0.92519,1.50,2.25
2011.11.17 12:17:54.524,0.925,0.92519,1.50,1.50
2011.11.17 12:17:54.642,0.92499,0.92517,1.50,1.50
2011.11.17 12:17:54.981,0.92498,0.92515,1.50,1.50
2011.11.17 12:17:55.106,0.92497,0.92517,1.50,1.50
2011.11.17 12:17:56.120,0.925,0.92517,1.50,1.13
2011.11.17 12:17:56.240,0.925,0.92518,1.50,1.88
2011.11.17 12:17:56.470,0.92497,0.92515,1.50,1.50
2011.11.17 12:17:56.585,0.92497,0.92515,1.50,1.88
2011.11.17 12:17:57.813,0.92499,0.92518,1.50,2.25
2011.11.17 12:17:59.741,0.92499,0.92509,1.50,1.50
2011.11.17 12:17:59.973,0.92496,0.92508,1.50,1.13
2011.11.17 12:18:00.314,0.9249,0.92508,1.50,2.63
2011.11.17 12:18:01.886,0.9249,0.92508,1.50,2.63
2011.11.17 12:18:02.116,0.92487,0.92505,1.50,1.88
2011.11.17 12:18:02.677,0.92492,0.92508,1.50,2.25
2011.11.17 12:18:03.171,0.92495,0.92509,1.50,1.50
2011.11.17 12:18:03.331,0.92489,0.92505,1.50,1.50
2011.11.17 12:18:03.565,0.9249,0.92508,1.50,3.00
2011.11.17 12:18:03.687,0.92493,0.92511,1.50,1.50
2011.11.17 12:18:04.996,0.92496,0.92514,1.50,1.50
2011.11.17 12:18:05.337,0.92496,0.92514,1.50,2.25
2011.11.17 12:18:05.801,0.92496,0.92514,1.50,1.50
2011.11.17 12:18:06.474,0.925,0.92516,1.50,2.25
2011.11.17 12:18:07.292,0.92498,0.92514,1.50,2.25
2011.11.17 12:18:07.419,0.92496,0.92514,1.50,2.25
2011.11.17 12:18:07.753,0.92498,0.92514,2.25,2.25
2011.11.17 12:18:08.094,0.92508,0.92526,2.62,1.50
2011.11.17 12:18:08.436,0.92506,0.92522,1.50,1.50
2011.11.17 12:18:08.666,0.92502,0.9252,1.88,1.50
2011.11.17 12:18:09.594,0.92504,0.9252,1.88,1.50
2011.11.17 12:18:09.715,0.92506,0.92522,1.88,1.50
2011.11.17 12:18:10.274,0.92509,0.92525,1.50,1.50
2011.11.17 12:18:10.784,0.92501,0.92517,2.25,1.50
2011.11.17 12:18:11.344,0.92504,0.9252,1.88,1.50
2011.11.17 12:18:12.702,0.92504,0.9252,1.50,1.88
2011.11.17 12:18:13.048,0.92488,0.92504,2.25,1.50
2011.11.17 12:18:13.163,0.92495,0.92511,1.88,2.25
2011.11.17 12:18:13.283,0.92498,0.92511,2.25,2.25
2011.11.17 12:18:13.404,0.92498,0.92515,2.25,1.50
2011.11.17 12:18:14.096,0.92502,0.92518,2.25,1.50
2011.11.17 12:18:15.849,0.92505,0.9252,1.88,1.50
2011.11.17 12:18:15.965,0.92508,0.92524,1.50,2.25
2011.11.17 12:18:16.578,0.92504,0.92522,1.88,1.50
2011.11.17 12:18:16.695,0.92499,0.9252,3.75,1.50
2011.11.17 12:18:16.811,0.92499,0.9252,1.50,2.25
2011.11.17 12:18:17.373,0.92499,0.9252,1.50,2.25
2011.11.17 12:18:17.716,0.92499,0.92513,1.50,1.13
2011.11.17 12:18:18.624,0.92498,0.92513,1.50,1.13
2011.11.17 12:18:19.185,0.92499,0.92513,1.50,1.13
2011.11.17 12:18:19.772,0.92499,0.92517,1.50,1.50
2011.11.17 12:18:20.004,0.92501,0.92518,1.50,2.63
2011.11.17 12:18:20.586,0.925,0.92516,1.50,1.50
2011.11.17 12:18:21.294,0.92502,0.9252,1.50,2.25
2011.11.17 12:18:22.045,0.92502,0.9252,1.50,2.25
2011.11.17 12:18:22.383,0.92505,0.92523,1.50,2.63
2011.11.17 12:18:22.611,0.925,0.92516,3.00,1.50
2011.11.17 12:18:22.951,0.925,0.92516,1.50,2.25
2011.11.17 12:18:26.238,0.92497,0.92513,1.50,1.50
2011.11.17 12:18:26.654,0.92497,0.92513,1.50,2.25
2011.11.17 12:18:27.157,0.92497,0.9251,1.50,2.25
2011.11.17 12:18:27.282,0.92492,0.92508,1.50,1.13
2011.11.17 12:18:27.502,0.92492,0.9251,1.50,1.88
2011.11.17 12:18:27.621,0.92492,0.9251,1.50,2.25
2011.11.17 12:18:28.666,0.92492,0.9251,1.50,3.00
2011.11.17 12:18:30.096,0.92492,0.9251,1.50,1.50
2011.11.17 12:18:30.743,0.92492,0.9251,1.50,2.25
2011.11.17 12:18:33.736,0.92492,0.92507,1.50,2.25
2011.11.17 12:18:34.394,0.92486,0.92504,1.50,2.25
2011.11.17 12:18:34.941,0.92486,0.92504,1.50,2.25
2011.11.17 12:18:36.095,0.92483,0.92501,1.50,2.25
2011.11.17 12:18:37.878,0.92482,0.92497,1.50,1.50
2011.11.17 12:18:38.441,0.92481,0.92497,2.25,1.50
2011.11.17 12:18:38.563,0.92483,0.92499,2.25,1.50
2011.11.17 12:18:38.683,0.92483,0.92501,1.50,1.50
2011.11.17 12:18:38.803,0.92487,0.92502,1.50,1.88
2011.11.17 12:18:39.829,0.92484,0.925,1.50,1.50
2011.11.17 12:18:40.572,0.92485,0.92503,1.50,1.88
2011.11.17 12:18:41.106,0.92483,0.92504,3.00,1.88
2011.11.17 12:18:41.224,0.92483,0.92504,1.50,1.50
2011.11.17 12:18:41.347,0.92482,0.92501,1.88,1.50
2011.11.17 12:18:42.054,0.92482,0.92498,1.88,1.50
2011.11.17 12:18:43.406,0.92481,0.92502,1.50,3.01
2011.11.17 12:18:43.962,0.92482,0.92498,1.50,1.88
2011.11.17 12:18:44.539,0.92483,0.92501,1.50,1.13
2011.11.17 12:18:45.068,0.92483,0.92502,1.50,3.01
2011.11.17 12:18:45.191,0.92481,0.92498,1.50,1.50
2011.11.17 12:18:45.533,0.92479,0.92495,3.00,1.50
2011.11.17 12:18:47.114,0.92482,0.92498,1.50,3.00
2011.11.17 12:18:47.246,0.92484,0.925,1.50,1.88
2011.11.17 12:18:48.193,0.92482,0.92498,1.50,1.50
2011.11.17 12:18:55.225,0.92484,0.92502,1.50,2.25
2011.11.17 12:18:56.257,0.92484,0.92502,1.50,1.50
2011.11.17 12:18:57.969,0.92484,0.92502,2.25,1.50
2011.11.17 12:18:59.600,0.92484,0.92502,1.50,1.50
2011.11.17 12:18:59.744,0.92482,0.92498,1.88,1.50
2011.11.17 12:19:00.292,0.92485,0.92503,1.50,1.50
2011.11.17 12:19:05.251,0.92485,0.92503,1.88,1.50
2011.11.17 12:19:05.591,0.92489,0.92505,1.50,1.50
2011.11.17 12:19:06.674,0.92491,0.92508,1.50,2.25
2011.11.17 12:19:07.303,0.92491,0.92508,3.38,2.25
2011.11.17 12:19:07.714,0.92493,0.92509,1.50,1.50
2011.11.17 12:19:09.980,0.9249,0.92506,1.50,1.50
2011.11.17 12:19:11.801,0.9249,0.92505,1.50,1.50
2011.11.17 12:19:12.374,0.92487,0.92503,1.88,1.50
2011.11.17 12:19:13.212,0.92488,0.92503,2.25,1.50
2011.11.17 12:19:13.563,0.92484,0.925,1.88,1.50
2011.11.17 12:19:14.448,0.92487,0.92505,1.50,1.50
2011.11.17 12:19:14.788,0.92485,0.92501,1.88,1.50
2011.11.17 12:19:14.904,0.92487,0.92505,1.50,1.50
2011.11.17 12:19:15.735,0.92483,0.92499,1.88,1.50
2011.11.17 12:19:17.992,0.92488,0.92499,2.25,1.50
2011.11.17 12:19:18.112,0.92488,0.92503,2.25,1.50
2011.11.17 12:19:18.813,0.92489,0.92507,1.50,1.50
2011.11.17 12:19:19.045,0.92487,0.92503,1.50,1.50
2011.11.17 12:19:19.444,0.92483,0.92499,1.50,1.50
2011.11.17 12:19:20.039,0.92487,0.92503,2.63,1.50
2011.11.17 12:19:20.373,0.92482,0.92498,3.37,1.50
2011.11.17 12:19:21.622,0.92482,0.92498,2.62,1.50
2011.11.17 12:19:22.094,0.92482,0.92498,1.50,1.50
2011.11.17 12:19:22.433,0.92485,0.92501,1.50,1.50
2011.11.17 12:19:22.558,0.92487,0.92505,1.50,1.50
2011.11.17 12:19:22.860,0.92492,0.92507,1.50,1.50
2011.11.17 12:19:23.415,0.92492,0.92508,1.50,1.50
2011.11.17 12:19:23.532,0.92488,0.92506,1.50,1.50
2011.11.17 12:19:23.982,0.92492,0.9251,1.50,1.50
2011.11.17 12:19:25.522,0.9249,0.92506,1.50,1.50
2011.11.17 12:19:25.754,0.92485,0.92503,1.88,1.50
2011.11.17 12:19:25.985,0.92483,0.92499,2.25,1.50
2011.11.17 12:19:26.213,0.92483,0.92499,1.50,1.50
2011.11.17 12:19:27.802,0.92486,0.92502,1.50,3.00
2011.11.17 12:19:28.254,0.92491,0.92507,1.50,1.50
2011.11.17 12:19:28.598,0.92488,0.92504,1.50,1.50
2011.11.17 12:19:28.824,0.92484,0.92502,1.88,1.50
2011.11.17 12:19:29.382,0.92484,0.92502,1.50,1.50
2011.11.17 12:19:30.436,0.92488,0.92504,1.50,1.50
2011.11.17 12:19:30.556,0.92486,0.92504,1.50,1.50
2011.11.17 12:19:30.784,0.92486,0.92504,2.25,1.50
2011.11.17 12:19:31.124,0.9249,0.92506,1.88,1.50
2011.11.17 12:19:31.284,0.9249,0.92508,1.88,1.50
2011.11.17 12:19:31.402,0.9249,0.9251,1.88,1.50
2011.11.17 12:19:32.440,0.9249,0.92506,1.88,1.50
2011.11.17 12:19:33.154,0.92493,0.92509,1.50,1.50
2011.11.17 12:19:37.441,0.92493,0.92509,1.50,1.88
2011.11.17 12:19:37.674,0.92484,0.92502,1.50,1.50
2011.11.17 12:19:38.390,0.92485,0.92502,1.50,1.50
2011.11.17 12:19:38.518,0.92487,0.92508,1.50,1.88
2011.11.17 12:19:39.051,0.92487,0.92505,1.50,1.50
2011.11.17 12:19:39.390,0.92484,0.925,1.50,1.50
2011.11.17 12:19:40.513,0.92487,0.92503,1.50,1.50
2011.11.17 12:19:40.632,0.92486,0.92507,1.50,1.88
2011.11.17 12:19:41.792,0.92484,0.92502,1.50,1.88
2011.11.17 12:19:41.937,0.92482,0.925,1.50,1.50
2011.11.17 12:19:42.567,0.92488,0.925,1.50,1.50
2011.11.17 12:19:42.686,0.9249,0.92508,1.50,1.88
2011.11.17 12:19:42.802,0.9249,0.92508,1.88,1.50
2011.11.17 12:19:43.144,0.9249,0.92508,1.50,1.88
2011.11.17 12:19:43.700,0.92488,0.92501,1.50,1.50
2011.11.17 12:19:43.849,0.92494,0.92509,1.50,1.50
2011.11.17 12:19:44.347,0.92494,0.9251,1.50,1.50
2011.11.17 12:19:45.016,0.92494,0.9251,3.00,3.98
2011.11.17 12:19:45.578,0.92496,0.92512,1.50,1.13
2011.11.17 12:19:45.701,0.92482,0.92498,1.50,1.50
2011.11.17 12:19:45.937,0.92484,0.92502,1.50,1.50
2011.11.17 12:19:46.274,0.92488,0.92506,1.50,1.88
2011.11.17 12:19:46.612,0.92495,0.92513,1.50,1.88
2011.11.17 12:19:46.951,0.92492,0.92508,1.50,3.00
2011.11.17 12:19:47.443,0.92489,0.92505,1.50,1.50
2011.11.17 12:19:47.569,0.92486,0.92503,1.50,1.50
2011.11.17 12:19:47.687,0.92485,0.92501,1.50,1.50
2011.11.17 12:19:47.802,0.92482,0.925,1.88,1.50
2011.11.17 12:19:50.404,0.92487,0.925,2.25,1.50
2011.11.17 12:19:50.527,0.92486,0.92502,1.50,1.50
2011.11.17 12:19:50.975,0.92483,0.92499,1.50,1.50
2011.11.17 12:19:52.494,0.92485,0.92503,1.50,1.50
2011.11.17 12:19:53.061,0.92484,0.92499,1.50,1.88
2011.11.17 12:19:53.524,0.92482,0.92498,1.50,2.25
2011.11.17 12:19:54.502,0.92478,0.92496,1.88,1.50
2011.11.17 12:19:55.187,0.92475,0.92493,1.50,1.50
2011.11.17 12:19:56.073,0.92473,0.92489,1.88,1.50
2011.11.17 12:19:56.412,0.92473,0.92489,2.25,1.50
2011.11.17 12:19:56.533,0.92475,0.92493,1.87,1.50
2011.11.17 12:19:57.832,0.92479,0.92495,1.50,3.00
2011.11.17 12:19:59.265,0.92475,0.92493,1.88,1.50
2011.11.17 12:19:59.382,0.92472,0.9249,1.87,1.50
2011.11.17 12:19:59.505,0.9247,0.92486,1.88,1.50
2011.11.17 12:20:00.045,0.92467,0.92483,4.50,1.50
2011.11.17 12:20:00.565,0.92464,0.9248,3.75,1.50
2011.11.17 12:20:00.683,0.92464,0.9248,1.88,1.50
2011.11.17 12:20:01.243,0.92456,0.92472,1.50,1.50
2011.11.17 12:20:01.355,0.92451,0.92469,1.50,1.50
2011.11.17 12:20:01.584,0.92463,0.92479,1.50,1.50
2011.11.17 12:20:01.817,0.92459,0.92477,1.50,1.50
2011.11.17 12:20:02.365,0.92459,0.92475,1.50,1.50
2011.11.17 12:20:02.513,0.92461,0.92477,1.50,1.50
2011.11.17 12:20:03.776,0.92458,0.92475,1.50,1.50
2011.11.17 12:20:04.202,0.92458,0.92475,2.10,1.50
2011.11.17 12:20:04.324,0.92467,0.92483,1.50,1.50
2011.11.17 12:20:05.114,0.9247,0.92485,1.50,1.50
2011.11.17 12:20:05.719,0.92472,0.92488,1.50,1.50
2011.11.17 12:20:05.837,0.92469,0.92487,1.50,1.50
2011.11.17 12:20:06.916,0.92467,0.92482,1.50,1.50
2011.11.17 12:20:07.412,0.92466,0.92482,1.50,1.50
2011.11.17 12:20:08.311,0.92462,0.9248,1.50,1.50
2011.11.17 12:20:11.245,0.92465,0.92482,1.50,1.50
2011.11.17 12:20:11.587,0.92468,0.92484,1.50,1.50
2011.11.17 12:20:11.701,0.92468,0.92486,1.50,1.50
2011.11.17 12:20:12.894,0.92465,0.92483,1.50,1.50
2011.11.17 12:20:13.232,0.92468,0.92486,1.50,1.50
2011.11.17 12:20:13.743,0.92465,0.92483,1.50,1.50
2011.11.17 12:20:15.095,0.92462,0.9248,1.50,1.50
2011.11.17 12:20:17.674,0.92467,0.92483,1.50,1.50
2011.11.17 12:20:18.808,0.92464,0.9248,1.50,1.50
2011.11.17 12:20:21.257,0.92461,0.92477,3.00,1.50
2011.11.17 12:20:21.754,0.92457,0.92473,1.50,1.50
2011.11.17 12:20:24.886,0.92454,0.9247,1.50,1.50
2011.11.17 12:20:25.796,0.92457,0.92472,1.50,1.50
2011.11.17 12:20:26.436,0.92457,0.92473,1.50,1.50
2011.11.17 12:20:26.784,0.92454,0.92466,1.50,1.50
2011.11.17 12:20:27.015,0.92442,0.92458,1.50,1.50
2011.11.17 12:20:27.615,0.92446,0.92462,1.50,1.50
2011.11.17 12:20:28.274,0.92443,0.92459,3.00,1.50
2011.11.17 12:20:28.996,0.9244,0.92456,1.50,1.50
2011.11.17 12:20:29.654,0.92443,0.92459,1.50,1.50
2011.11.17 12:20:33.504,0.92446,0.92461,1.50,1.50
2011.11.17 12:20:33.995,0.92449,0.92465,1.50,1.50
2011.11.17 12:20:34.667,0.92452,0.92468,1.50,1.50
2011.11.17 12:20:35.115,0.92449,0.92465,1.50,1.50
2011.11.17 12:20:36.035,0.92448,0.92466,1.50,1.50
2011.11.17 12:20:36.155,0.92448,0.92471,1.88,1.50
2011.11.17 12:20:36.384,0.9245,0.9247,1.50,1.50
2011.11.17 12:20:36.722,0.92448,0.92466,1.88,1.50
2011.11.17 12:20:37.124,0.92453,0.92471,1.88,1.50
2011.11.17 12:20:37.462,0.92447,0.92463,1.50,1.50
2011.11.17 12:20:37.806,0.92439,0.92457,2.25,1.50
2011.11.17 12:20:38.143,0.92448,0.92458,2.63,1.50
2011.11.17 12:20:38.610,0.92448,0.9246,2.63,1.50
2011.11.17 12:20:38.755,0.92442,0.9246,1.50,1.50
2011.11.17 12:20:39.092,0.92441,0.92457,1.50,1.50
2011.11.17 12:20:39.653,0.92446,0.9246,1.50,1.50
2011.11.17 12:20:40.210,0.92445,0.92461,1.50,1.50
2011.11.17 12:20:43.861,0.92448,0.92465,1.50,1.50
2011.11.17 12:20:44.327,0.92446,0.92462,3.00,1.50
2011.11.17 12:20:45.843,0.92442,0.9246,1.50,1.50
2011.11.17 12:20:46.847,0.9244,0.92456,1.50,1.50
2011.11.17 12:20:47.282,0.92443,0.92459,1.50,1.88
2011.11.17 12:20:48.184,0.92446,0.92462,1.50,3.75
2011.11.17 12:20:48.413,0.92446,0.92462,1.50,1.50
2011.11.17 12:20:50.132,0.92442,0.9246,1.50,1.50
2011.11.17 12:20:52.914,0.92439,0.92457,1.50,1.50
2011.11.17 12:20:53.634,0.92436,0.92454,1.88,1.50
2011.11.17 12:20:54.433,0.92436,0.92454,1.50,1.50
2011.11.17 12:20:56.012,0.92438,0.92454,1.50,1.50
2011.11.17 12:20:56.405,0.9244,0.92456,1.50,1.50
2011.11.17 12:20:56.956,0.92443,0.92459,1.50,1.50
2011.11.17 12:20:57.181,0.92445,0.92463,1.50,1.50
2011.11.17 12:20:59.612,0.92448,0.92465,1.50,1.88
2011.11.17 12:21:00.482,0.92448,0.92466,1.50,1.50
2011.11.17 12:21:02.248,0.92446,0.92462,1.88,1.50
2011.11.17 12:21:02.473,0.92448,0.92466,1.88,1.50
2011.11.17 12:21:03.501,0.92451,0.92468,1.50,1.50
2011.11.17 12:21:03.845,0.92446,0.92464,1.88,1.50
2011.11.17 12:21:04.603,0.92453,0.92465,1.50,1.50
2011.11.17 12:21:04.730,0.92448,0.92464,1.50,1.50
2011.11.17 12:21:05.554,0.92445,0.92461,1.50,1.50
2011.11.17 12:21:06.033,0.92447,0.92465,1.50,1.50
2011.11.17 12:21:06.523,0.92451,0.92467,1.50,1.50
2011.11.17 12:21:07.552,0.92451,0.92466,1.50,1.50
2011.11.17 12:21:07.672,0.92447,0.92465,2.25,1.50
2011.11.17 12:21:08.214,0.92444,0.92462,1.88,1.50
2011.11.17 12:21:08.694,0.92442,0.92458,1.88,1.50
2011.11.17 12:21:11.170,0.92442,0.92457,1.88,1.50
2011.11.17 12:21:11.290,0.92438,0.92454,1.50,1.88
2011.11.17 12:21:11.513,0.92436,0.92452,1.50,1.50
2011.11.17 12:21:12.135,0.92437,0.92453,1.50,1.50
2011.11.17 12:21:13.585,0.92441,0.92457,1.50,1.50
2011.11.17 12:21:14.173,0.92443,0.92459,1.50,1.50
2011.11.17 12:21:14.402,0.9244,0.92458,1.88,1.50
2011.11.17 12:21:14.632,0.92444,0.9246,1.50,1.50
2011.11.17 12:21:15.194,0.92446,0.92462,1.50,1.50
2011.11.17 12:21:15.644,0.92441,0.92459,1.87,1.50
2011.11.17 12:21:15.987,0.92445,0.92463,1.87,1.88
2011.11.17 12:21:16.268,0.92445,0.92463,1.87,1.88
2011.11.17 12:21:16.593,0.92451,0.92464,1.50,2.25
2011.11.17 12:21:17.177,0.92448,0.92464,1.50,2.25
2011.11.17 12:21:17.302,0.92447,0.92465,1.50,1.50
2011.11.17 12:21:18.323,0.92445,0.92461,1.50,1.50
2011.11.17 12:21:18.904,0.92448,0.92464,1.50,1.50
2011.11.17 12:21:19.022,0.92445,0.92462,1.50,1.50
2011.11.17 12:21:19.722,0.92444,0.92462,1.50,1.50
2011.11.17 12:21:19.849,0.92447,0.92465,1.50,1.50
2011.11.17 12:21:20.300,0.92447,0.92462,4.50,1.50
2011.11.17 12:21:20.525,0.92449,0.92464,1.88,1.50
2011.11.17 12:21:20.862,0.92452,0.92468,1.50,1.88
2011.11.17 12:21:21.388,0.92449,0.92466,1.50,1.50
2011.11.17 12:21:21.878,0.92448,0.92466,1.50,1.50
2011.11.17 12:21:22.657,0.9245,0.92466,1.50,1.50
2011.11.17 12:21:23.627,0.92452,0.92469,1.50,1.50
2011.11.17 12:21:24.155,0.92452,0.9247,1.50,1.50
2011.11.17 12:21:27.349,0.92445,0.92463,1.88,1.50
2011.11.17 12:21:27.683,0.92449,0.92465,1.50,1.50
2011.11.17 12:21:28.465,0.92445,0.92463,1.88,1.50
2011.11.17 12:21:29.283,0.92448,0.92464,1.50,1.50
2011.11.17 12:21:29.516,0.92448,0.92466,1.50,1.50
2011.11.17 12:21:29.998,0.92448,0.92464,1.50,1.50
2011.11.17 12:21:30.661,0.92449,0.92467,1.50,1.50
2011.11.17 12:21:31.265,0.92445,0.92463,1.88,1.50
2011.11.17 12:21:31.663,0.92445,0.92463,1.50,1.50
2011.11.17 12:21:33.103,0.92445,0.92463,1.88,1.50
2011.11.17 12:21:33.663,0.92446,0.92462,1.88,1.50
2011.11.17 12:21:34.244,0.92446,0.92462,1.50,1.50
2011.11.17 12:21:34.973,0.92449,0.92462,1.50,1.50
2011.11.17 12:21:35.366,0.92451,0.92467,1.50,1.50
2011.11.17 12:21:35.920,0.92451,0.92467,1.50,3.38
2011.11.17 12:21:36.042,0.92447,0.92465,1.50,1.50
2011.11.17 12:21:36.274,0.92445,0.92461,1.50,1.50
2011.11.17 12:21:36.503,0.9244,0.92458,1.88,1.50
2011.11.17 12:21:38.925,0.92445,0.92463,1.50,1.50
2011.11.17 12:21:39.287,0.92449,0.92463,1.50,1.50
2011.11.17 12:21:39.409,0.92452,0.92468,1.50,1.50
2011.11.17 12:21:39.746,0.92456,0.92468,1.50,1.50
2011.11.17 12:21:40.192,0.92459,0.92475,1.50,1.50
2011.11.17 12:21:40.319,0.92456,0.92472,1.50,1.50
2011.11.17 12:21:41.411,0.92457,0.92472,1.50,1.50
2011.11.17 12:21:41.533,0.92458,0.92476,1.50,1.88
2011.11.17 12:21:43.173,0.92456,0.92472,1.50,1.50
2011.11.17 12:21:43.298,0.92452,0.9247,1.88,1.50
2011.11.17 12:21:43.414,0.92449,0.92467,2.25,1.50
2011.11.17 12:21:43.904,0.92452,0.9247,1.88,1.50
2011.11.17 12:21:44.667,0.92455,0.9247,1.50,1.50
2011.11.17 12:21:45.225,0.92456,0.92474,1.50,2.25
2011.11.17 12:21:46.136,0.92456,0.92474,1.50,1.88
2011.11.17 12:21:47.093,0.92458,0.92474,1.50,1.88
2011.11.17 12:21:47.323,0.92459,0.92477,1.50,1.88
2011.11.17 12:21:48.085,0.92457,0.92473,1.50,1.50
2011.11.17 12:21:48.534,0.92454,0.92471,1.50,1.50
2011.11.17 12:21:48.653,0.92457,0.92473,1.50,1.50
2011.11.17 12:21:49.588,0.9246,0.92476,1.50,1.88
2011.11.17 12:21:49.814,0.92457,0.92473,1.50,1.50
2011.11.17 12:21:49.933,0.92451,0.92467,1.50,2.25
2011.11.17 12:21:50.423,0.92447,0.92465,1.50,1.88
2011.11.17 12:21:50.544,0.92451,0.92467,1.50,2.25
2011.11.17 12:21:50.665,0.92454,0.9247,1.50,1.50
2011.11.17 12:21:51.354,0.92454,0.9247,1.50,2.25
2011.11.17 12:21:51.886,0.92456,0.92473,1.50,2.25
2011.11.17 12:21:52.003,0.92456,0.92474,1.50,2.25
2011.11.17 12:21:52.234,0.92456,0.92474,1.50,1.50
2011.11.17 12:21:52.465,0.92461,0.92474,1.50,1.50
2011.11.17 12:21:52.584,0.92464,0.9248,1.50,1.50
2011.11.17 12:21:53.989,0.92467,0.92483,1.50,1.88
2011.11.17 12:21:54.634,0.92463,0.92481,1.87,1.50
2011.11.17 12:21:54.865,0.92461,0.92477,1.87,1.50
2011.11.17 12:21:54.988,0.92463,0.92481,1.50,1.50
2011.11.17 12:21:55.242,0.92467,0.92483,1.50,1.88
2011.11.17 12:21:55.822,0.92462,0.9248,1.87,1.50
2011.11.17 12:21:55.934,0.92464,0.9248,1.50,1.50
2011.11.17 12:21:56.051,0.92465,0.92483,1.50,1.88
2011.11.17 12:21:56.754,0.92465,0.92483,1.50,1.88
2011.11.17 12:21:57.093,0.92464,0.92479,1.50,1.50
2011.11.17 12:21:57.213,0.92461,0.92479,1.50,1.50
2011.11.17 12:21:57.391,0.9246,0.92476,1.50,1.50
2011.11.17 12:21:57.514,0.92458,0.92476,1.50,1.50
2011.11.17 12:21:58.583,0.92461,0.92477,1.50,1.88
2011.11.17 12:21:58.706,0.92461,0.92479,1.50,1.50
2011.11.17 12:21:59.046,0.92468,0.92484,1.50,1.50
2011.11.17 12:21:59.384,0.92468,0.92484,1.87,1.50
2011.11.17 12:22:00.162,0.92468,0.92484,1.87,1.50
2011.11.17 12:22:00.636,0.92468,0.92484,1.50,1.50
2011.11.17 12:22:01.086,0.9247,0.92487,1.50,1.50
2011.11.17 12:22:01.318,0.92474,0.9249,1.50,1.88
2011.11.17 12:22:02.206,0.9247,0.92488,1.50,1.50
2011.11.17 12:22:02.547,0.92474,0.9249,1.87,1.50
2011.11.17 12:22:04.422,0.92477,0.92493,1.87,1.88
2011.11.17 12:22:04.563,0.92479,0.92497,1.50,3.75
2011.11.17 12:22:04.685,0.92477,0.92494,1.50,2.25
2011.11.17 12:22:04.807,0.92476,0.92494,1.87,1.50
2011.11.17 12:22:04.924,0.92475,0.92491,1.87,2.25
2011.11.17 12:22:05.153,0.92477,0.92493,1.50,2.25
2011.11.17 12:22:05.339,0.92475,0.92491,1.50,2.25
2011.11.17 12:22:05.454,0.92473,0.92491,1.50,2.25
2011.11.17 12:22:05.954,0.92471,0.92487,1.50,1.50
2011.11.17 12:22:06.415,0.92471,0.92487,1.50,2.25
2011.11.17 12:22:06.792,0.92469,0.92485,1.50,1.88
2011.11.17 12:22:07.055,0.92467,0.92485,1.50,2.25
2011.11.17 12:22:07.395,0.92465,0.92481,1.50,1.88
2011.11.17 12:22:07.722,0.92468,0.92484,1.50,3.00
2011.11.17 12:22:07.957,0.92472,0.92488,1.50,1.50
2011.11.17 12:22:08.494,0.92468,0.92486,1.50,1.50
2011.11.17 12:22:10.143,0.92468,0.92486,1.50,2.63
2011.11.17 12:22:10.699,0.92465,0.92483,1.50,1.88
2011.11.17 12:22:11.032,0.92465,0.92483,1.50,2.25
2011.11.17 12:22:12.487,0.9246,0.92478,1.50,1.50
2011.11.17 12:22:13.086,0.92468,0.92484,1.50,1.88
2011.11.17 12:22:13.847,0.92471,0.92487,1.50,2.25
2011.11.17 12:22:14.094,0.92468,0.92484,1.50,1.88
2011.11.17 12:22:14.325,0.92468,0.92484,1.50,1.50
2011.11.17 12:22:15.702,0.92468,0.92484,1.87,1.50
2011.11.17 12:22:16.133,0.9247,0.92488,1.50,2.25
2011.11.17 12:22:16.252,0.9247,0.92487,1.50,1.88
2011.11.17 12:22:16.374,0.92468,0.92484,1.50,1.88
2011.11.17 12:22:16.911,0.92465,0.92481,1.50,1.50
2011.11.17 12:22:17.948,0.92468,0.92484,1.50,1.50
2011.11.17 12:22:18.368,0.92472,0.92486,1.50,1.88
2011.11.17 12:22:20.105,0.92474,0.92492,1.50,2.25
2011.11.17 12:22:21.543,0.92474,0.92492,1.50,1.88
2011.11.17 12:22:24.393,0.92474,0.92492,1.88,1.50
2011.11.17 12:22:24.734,0.92483,0.92499,1.50,3.38
2011.11.17 12:22:24.854,0.92476,0.92494,1.88,1.50
2011.11.17 12:22:27.643,0.92476,0.92494,2.25,1.50
2011.11.17 12:22:27.892,0.92481,0.92497,1.88,1.50
2011.11.17 12:22:28.124,0.92486,0.92502,1.50,1.50
2011.11.17 12:22:29.716,0.92489,0.92505,1.50,1.50
2011.11.17 12:22:30.195,0.92486,0.92503,1.50,1.50
2011.11.17 12:22:30.705,0.92485,0.92503,1.88,1.50
2011.11.17 12:22:33.736,0.92487,0.92503,1.50,1.50
2011.11.17 12:22:34.075,0.92489,0.92505,1.50,1.50
2011.11.17 12:22:34.310,0.92491,0.92509,1.50,1.50
2011.11.17 12:22:34.427,0.92495,0.92511,1.50,1.50
2011.11.17 12:22:34.925,0.92496,0.92514,1.87,1.50
2011.11.17 12:22:35.043,0.925,0.92516,1.50,1.50
2011.11.17 12:22:35.384,0.92503,0.92519,1.50,1.50
2011.11.17 12:22:35.832,0.92499,0.92517,1.50,1.50
2011.11.17 12:22:37.204,0.92497,0.92518,1.50,1.50
2011.11.17 12:22:37.918,0.92496,0.92515,1.50,1.50
2011.11.17 12:22:38.484,0.92492,0.92507,1.88,1.50
2011.11.17 12:22:38.826,0.92491,0.92507,1.50,1.50
2011.11.17 12:22:39.274,0.9248,0.92498,1.50,2.25
2011.11.17 12:22:39.396,0.9248,0.92498,1.50,1.50
2011.11.17 12:22:39.622,0.92483,0.92501,1.50,1.50
2011.11.17 12:22:40.193,0.92484,0.925,1.50,1.50
2011.11.17 12:22:41.095,0.92487,0.925,3.37,1.50
2011.11.17 12:22:41.323,0.92487,0.92502,2.62,1.50
2011.11.17 12:22:41.443,0.92487,0.92502,1.87,1.50
2011.11.17 12:22:41.675,0.92485,0.92501,2.25,1.50
2011.11.17 12:22:41.793,0.92492,0.92503,1.88,1.50
2011.11.17 12:22:41.913,0.92492,0.92508,1.88,1.50
2011.11.17 12:22:42.251,0.92489,0.92505,3.75,1.50
2011.11.17 12:22:42.736,0.92492,0.92508,1.88,1.50
2011.11.17 12:22:42.858,0.9249,0.92505,1.12,1.50
2011.11.17 12:22:43.413,0.92489,0.92505,1.50,1.50
2011.11.17 12:22:43.531,0.92491,0.92508,1.50,1.50
2011.11.17 12:22:43.651,0.92489,0.92505,1.50,1.50
2011.11.17 12:22:44.253,0.92486,0.92502,1.88,1.50
2011.11.17 12:22:44.688,0.92483,0.92499,2.25,1.50
2011.11.17 12:22:45.352,0.92483,0.92499,2.25,1.50
2011.11.17 12:22:47.183,0.92486,0.92502,1.88,3.00
2011.11.17 12:22:47.685,0.92488,0.92505,1.50,1.50
2011.11.17 12:22:47.913,0.92492,0.92508,1.50,1.50
2011.11.17 12:22:48.730,0.92496,0.92512,1.50,1.50
2011.11.17 12:22:49.103,0.92492,0.9251,2.25,1.50
2011.11.17 12:22:49.967,0.92492,0.9251,1.50,1.50
2011.11.17 12:22:50.086,0.92489,0.92507,1.88,1.50
2011.11.17 12:22:50.423,0.92496,0.92511,1.50,1.50
2011.11.17 12:22:50.766,0.92496,0.92512,2.25,1.50
2011.11.17 12:22:51.341,0.92499,0.92515,1.88,1.50
2011.11.17 12:22:52.072,0.92495,0.92513,2.25,1.50
2011.11.17 12:22:55.922,0.92495,0.92513,1.50,1.88
2011.11.17 12:22:56.050,0.92487,0.92505,2.25,1.50
2011.11.17 12:22:56.492,0.92487,0.92505,4.50,1.50
2011.11.17 12:22:56.833,0.92492,0.92508,1.88,1.50
2011.11.17 12:22:57.782,0.92494,0.92512,1.88,1.50
2011.11.17 12:23:02.923,0.92494,0.92511,1.88,1.50
2011.11.17 12:23:03.050,0.92489,0.92505,2.25,1.50
2011.11.17 12:23:03.842,0.92489,0.92505,1.88,1.50
2011.11.17 12:23:04.666,0.92486,0.92502,2.25,1.50
2011.11.17 12:23:05.824,0.92488,0.92506,1.88,1.50
2011.11.17 12:23:05.943,0.92488,0.92506,2.25,1.50
2011.11.17 12:23:09.047,0.92491,0.92509,2.25,1.50
2011.11.17 12:23:09.172,0.92495,0.92513,1.88,1.88
2011.11.17 12:23:09.405,0.92492,0.9251,1.50,1.50
2011.11.17 12:23:09.704,0.92492,0.9251,1.88,1.50
2011.11.17 12:23:10.046,0.92486,0.92504,3.75,1.50
2011.11.17 12:23:10.899,0.92486,0.92501,2.25,1.50
2011.11.17 12:23:11.235,0.92483,0.92501,2.25,1.50
2011.11.17 12:23:16.276,0.92487,0.92503,2.25,3.00
2011.11.17 12:23:18.673,0.92492,0.92508,1.50,1.50
2011.11.17 12:23:19.926,0.92494,0.92512,1.88,1.50
2011.11.17 12:23:21.367,0.92498,0.92515,1.50,1.50
2011.11.17 12:23:22.556,0.925,0.92516,1.50,1.50
2011.11.17 12:23:23.977,0.92496,0.92514,2.25,1.50
2011.11.17 12:23:24.719,0.92496,0.92512,1.50,1.50
2011.11.17 12:23:25.055,0.92493,0.92511,1.88,1.50
2011.11.17 12:23:25.179,0.92499,0.92515,1.50,1.50
2011.11.17 12:23:26.571,0.92497,0.92512,1.50,1.50
2011.11.17 12:23:27.228,0.92496,0.92512,1.50,1.50
2011.11.17 12:23:27.563,0.92499,0.92515,1.88,1.50
2011.11.17 12:23:27.905,0.92495,0.92513,2.25,1.50
2011.11.17 12:23:28.194,0.92495,0.92513,1.50,1.88
2011.11.17 12:23:28.318,0.92492,0.9251,1.50,1.50
2011.11.17 12:23:29.274,0.92492,0.9251,2.25,1.50
2011.11.17 12:23:29.402,0.925,0.92516,1.50,1.50
2011.11.17 12:23:29.738,0.92495,0.92511,1.50,1.50
2011.11.17 12:23:30.409,0.92496,0.92515,1.50,1.88
2011.11.17 12:23:30.957,0.92497,0.92518,1.50,2.25
2011.11.17 12:23:31.511,0.92495,0.92514,1.50,1.50
2011.11.17 12:23:32.169,0.92495,0.92513,1.50,1.50
2011.11.17 12:23:32.291,0.92493,0.92511,1.50,1.50
2011.11.17 12:23:32.622,0.92493,0.92509,1.50,1.50
2011.11.17 12:23:32.954,0.92491,0.92507,1.50,1.50
2011.11.17 12:23:34.468,0.92488,0.92504,1.88,1.50
2011.11.17 12:23:34.806,0.92484,0.92502,1.50,1.50
2011.11.17 12:23:34.927,0.92481,0.92497,1.88,1.50
2011.11.17 12:23:37.036,0.92481,0.92497,1.88,1.50
2011.11.17 12:23:37.156,0.92484,0.92499,1.50,1.50
2011.11.17 12:23:37.278,0.92488,0.92504,1.50,1.50
2011.11.17 12:23:38.020,0.92491,0.92506,1.50,1.50
2011.11.17 12:23:38.134,0.92488,0.92504,1.88,1.50
2011.11.17 12:23:39.300,0.9249,0.92507,1.50,1.50
2011.11.17 12:23:39.421,0.92492,0.9251,1.50,1.50
2011.11.17 12:23:39.758,0.92488,0.92509,1.88,1.50
2011.11.17 12:23:39.877,0.92487,0.92505,1.88,1.50
2011.11.17 12:23:41.152,0.92485,0.92505,4.12,1.50
2011.11.17 12:23:41.725,0.9249,0.92507,1.50,1.50
2011.11.17 12:23:42.046,0.92493,0.92511,1.50,1.88
2011.11.17 12:23:42.606,0.9249,0.92508,1.88,1.50
2011.11.17 12:23:43.256,0.92489,0.92507,1.50,1.50
2011.11.17 12:23:48.444,0.9249,0.92508,1.50,1.50
2011.11.17 12:23:48.930,0.92493,0.92511,2.25,1.50
2011.11.17 12:23:51.413,0.92492,0.92507,1.12,1.50
2011.11.17 12:23:52.010,0.92487,0.92505,2.25,1.50
2011.11.17 12:23:52.129,0.92485,0.92501,1.88,1.50
2011.11.17 12:23:52.411,0.92487,0.92504,1.88,1.50
2011.11.17 12:23:52.529,0.92488,0.92508,1.50,1.50
2011.11.17 12:23:52.904,0.92484,0.92506,2.25,1.50
2011.11.17 12:23:55.773,0.92488,0.92506,1.50,1.50
2011.11.17 12:23:56.184,0.92488,0.92506,2.25,1.50
2011.11.17 12:23:56.925,0.9249,0.92508,1.88,1.50
2011.11.17 12:23:57.738,0.92488,0.92507,2.25,1.50
2011.11.17 12:23:58.171,0.92486,0.92504,2.62,1.50
2011.11.17 12:23:58.709,0.92487,0.92505,1.88,1.50
2011.11.17 12:23:58.936,0.92487,0.92505,1.50,2.25
2011.11.17 12:23:59.164,0.92484,0.92502,1.50,1.88
2011.11.17 12:23:59.507,0.92481,0.92499,1.50,1.50
2011.11.17 12:24:01.771,0.92489,0.9251,2.25,1.50
2011.11.17 12:24:02.319,0.92489,0.92505,2.25,1.50
2011.11.17 12:24:02.657,0.92486,0.92502,2.25,1.50
2011.11.17 12:24:02.775,0.92486,0.92502,1.88,1.50
2011.11.17 12:24:06.364,0.92488,0.92506,1.88,1.50
2011.11.17 12:24:06.705,0.92493,0.92509,1.50,1.50
2011.11.17 12:24:07.158,0.92489,0.92507,1.50,1.50
2011.11.17 12:24:07.637,0.92485,0.92503,2.25,1.50
2011.11.17 12:24:08.417,0.92485,0.92503,1.50,1.50
2011.11.17 12:24:09.025,0.92484,0.92497,1.50,1.50
2011.11.17 12:24:09.152,0.92475,0.92493,1.50,1.50
2011.11.17 12:24:10.316,0.92474,0.92489,1.50,1.50
2011.11.17 12:24:10.877,0.92475,0.92491,1.50,1.50
2011.11.17 12:24:10.997,0.92475,0.92493,1.50,1.50
2011.11.17 12:24:12.410,0.92478,0.92496,1.50,1.50
2011.11.17 12:24:12.945,0.92478,0.92495,1.50,1.50
2011.11.17 12:24:13.288,0.92476,0.92493,1.13,1.50
2011.11.17 12:24:15.753,0.92475,0.92491,1.88,1.50
2011.11.17 12:24:16.093,0.92473,0.92489,2.25,1.50
2011.11.17 12:24:16.578,0.9247,0.92483,1.12,1.50
2011.11.17 12:24:16.698,0.92468,0.92483,2.63,1.50
2011.11.17 12:24:16.817,0.92468,0.92481,2.63,1.50
2011.11.17 12:24:17.265,0.92463,0.9248,1.87,2.25
2011.11.17 12:24:17.389,0.92461,0.92477,1.50,1.88
2011.11.17 12:24:17.984,0.92457,0.92473,2.25,1.50
2011.11.17 12:24:18.105,0.92457,0.92471,1.50,1.50
2011.11.17 12:24:18.226,0.92453,0.92469,1.88,1.50
2011.11.17 12:24:18.347,0.92455,0.92471,1.50,1.50
2011.11.17 12:24:18.495,0.92455,0.92473,1.50,1.50
2011.11.17 12:24:19.546,0.92453,0.92469,1.88,1.50
2011.11.17 12:24:20.222,0.92456,0.92474,1.50,1.50
2011.11.17 12:24:20.653,0.92454,0.9247,1.50,1.50
2011.11.17 12:24:22.767,0.9246,0.92478,1.50,1.50
2011.11.17 12:24:23.548,0.9246,0.92478,1.88,1.50
2011.11.17 12:24:24.505,0.9246,0.92478,1.88,1.50
2011.11.17 12:24:25.794,0.9246,0.92478,1.50,1.50
2011.11.17 12:24:31.393,0.92464,0.9248,1.50,3.38
2011.11.17 12:24:33.515,0.92464,0.9248,1.50,2.25
2011.11.17 12:24:33.635,0.92459,0.92475,1.50,1.50
2011.11.17 12:24:33.756,0.92461,0.92477,1.50,3.38
2011.11.17 12:24:34.905,0.92461,0.92477,1.50,1.50
2011.11.17 12:24:40.655,0.92461,0.92477,2.25,1.50
2011.11.17 12:24:41.109,0.92466,0.92484,1.88,1.88
2011.11.17 12:24:41.229,0.92466,0.92484,1.50,2.63
2011.11.17 12:24:41.345,0.92466,0.92484,1.50,1.88
2011.11.17 12:24:41.467,0.9247,0.92486,1.50,2.25
2011.11.17 12:24:42.010,0.9246,0.92476,1.50,1.50
2011.11.17 12:24:42.614,0.9246,0.92476,1.88,1.50
2011.11.17 12:24:46.388,0.92465,0.92481,1.50,1.50
2011.11.17 12:24:47.799,0.92456,0.92472,2.62,1.50
2011.11.17 12:24:48.397,0.92458,0.92475,2.25,1.50
2011.11.17 12:24:48.627,0.92458,0.92476,1.50,1.50
2011.11.17 12:24:48.856,0.92461,0.92478,1.50,1.50
2011.11.17 12:24:49.424,0.92461,0.92479,1.50,1.50
2011.11.17 12:24:55.500,0.92458,0.92476,1.88,1.50
2011.11.17 12:24:56.744,0.92462,0.92478,1.50,1.50
2011.11.17 12:24:57.726,0.92462,0.92477,1.50,1.50
2011.11.17 12:24:57.843,0.92458,0.92476,1.88,1.50
2011.11.17 12:24:59.849,0.92462,0.92478,1.50,1.50
2011.11.17 12:25:00.177,0.92464,0.92482,1.88,1.50
2011.11.17 12:25:00.569,0.92467,0.92485,1.50,1.50
2011.11.17 12:25:03.593,0.92461,0.92477,1.50,1.50
2011.11.17 12:25:04.040,0.92456,0.92474,2.25,1.50
2011.11.17 12:25:04.608,0.92456,0.92474,1.50,1.50
2011.11.17 12:25:06.099,0.9246,0.92476,1.50,1.50
2011.11.17 12:25:06.435,0.92465,0.92476,1.88,1.50
2011.11.17 12:25:06.556,0.92467,0.92483,1.50,1.50
2011.11.17 12:25:07.207,0.9247,0.92486,1.50,1.50
2011.11.17 12:25:07.606,0.92467,0.92483,1.50,1.50
2011.11.17 12:25:07.838,0.92463,0.92481,1.50,1.50
2011.11.17 12:25:08.604,0.92467,0.92482,1.50,1.50
2011.11.17 12:25:09.147,0.92467,0.92483,1.50,1.50
2011.11.17 12:25:09.889,0.92464,0.9248,3.00,1.50
2011.11.17 12:25:10.377,0.9246,0.92478,2.25,1.50
2011.11.17 12:25:10.718,0.92469,0.92485,1.50,1.50
2011.11.17 12:25:11.547,0.92474,0.92492,1.50,1.88
2011.11.17 12:25:11.665,0.92479,0.92495,1.50,1.50
2011.11.17 12:25:12.117,0.92475,0.92493,2.25,1.50
2011.11.17 12:25:12.455,0.92475,0.92493,2.25,1.50
2011.11.17 12:25:12.908,0.92483,0.92501,1.50,1.50
2011.11.17 12:25:14.419,0.92476,0.92492,1.50,1.50
2011.11.17 12:25:16.074,0.92473,0.92489,3.38,1.50
2011.11.17 12:25:16.415,0.92476,0.92492,1.88,3.00
2011.11.17 12:25:16.534,0.92476,0.92492,1.50,1.50
2011.11.17 12:25:17.129,0.92473,0.92489,1.50,1.50
2011.11.17 12:25:19.289,0.92473,0.92489,3.75,1.50
2011.11.17 12:25:19.404,0.92476,0.92492,1.88,1.50
2011.11.17 12:25:20.174,0.92476,0.92492,2.25,1.50
2011.11.17 12:25:22.248,0.92476,0.92492,4.50,1.50
2011.11.17 12:25:22.364,0.92482,0.925,1.88,1.50
2011.11.17 12:25:23.217,0.92486,0.92502,1.50,3.00
2011.11.17 12:25:25.500,0.92486,0.92501,1.50,1.50
2011.11.17 12:25:25.618,0.92481,0.92499,1.88,1.50
2011.11.17 12:25:25.736,0.92481,0.92497,1.88,1.50
2011.11.17 12:25:26.076,0.92475,0.92493,2.25,1.50
2011.11.17 12:25:26.736,0.92484,0.925,1.50,1.50
2011.11.17 12:25:26.855,0.9248,0.92498,1.88,1.50
2011.11.17 12:25:27.304,0.92478,0.92494,2.25,1.50
2011.11.17 12:25:27.840,0.92481,0.92497,1.88,1.50
2011.11.17 12:25:28.307,0.92479,0.92494,1.50,1.50
2011.11.17 12:25:28.538,0.92474,0.92491,1.50,1.50
2011.11.17 12:25:28.927,0.9247,0.92489,1.50,1.50
2011.11.17 12:25:29.585,0.92469,0.92485,1.50,1.50
2011.11.17 12:25:32.955,0.92469,0.92485,2.25,1.50
2011.11.17 12:25:33.660,0.92471,0.92489,3.00,1.50
2011.11.17 12:25:36.433,0.92471,0.92489,1.88,1.50
2011.11.17 12:25:37.866,0.92471,0.92489,1.50,1.50
2011.11.17 12:25:38.094,0.92469,0.92485,1.88,1.50
2011.11.17 12:25:40.484,0.92471,0.92488,1.50,1.50
2011.11.17 12:25:41.383,0.92467,0.92488,1.50,1.50
2011.11.17 12:25:42.088,0.9247,0.92488,1.50,1.50
2011.11.17 12:25:51.985,0.92471,0.92488,1.50,1.50
2011.11.17 12:25:52.466,0.92473,0.9249,1.50,1.88
2011.11.17 12:25:52.845,0.92478,0.92493,1.50,1.13
2011.11.17 12:25:52.967,0.92475,0.92493,1.50,2.25
2011.11.17 12:25:53.935,0.92479,0.92495,1.50,2.25
2011.11.17 12:25:55.175,0.92479,0.92495,1.50,1.88
2011.11.17 12:25:55.411,0.92472,0.92488,1.50,1.50
2011.11.17 12:25:56.492,0.92472,0.92488,1.50,1.88
2011.11.17 12:26:00.278,0.92474,0.9249,1.50,2.63
2011.11.17 12:26:02.076,0.92474,0.92492,1.50,1.88
2011.11.17 12:26:02.453,0.92471,0.92493,1.50,1.88
2011.11.17 12:26:02.567,0.92475,0.92493,1.50,1.88
2011.11.17 12:26:03.197,0.92474,0.92492,1.50,1.88
2011.11.17 12:26:03.785,0.92472,0.9249,1.50,1.50
2011.11.17 12:26:03.912,0.92476,0.92492,1.50,1.88
2011.11.17 12:26:06.224,0.92478,0.92494,1.50,1.13
2011.11.17 12:26:06.635,0.92481,0.92494,1.50,1.13
2011.11.17 12:26:07.264,0.92479,0.92494,1.50,1.13
2011.11.17 12:26:07.604,0.92479,0.92495,1.50,1.50
2011.11.17 12:26:10.785,0.92482,0.92498,1.50,1.50
2011.11.17 12:26:11.295,0.92479,0.92495,1.50,1.50
2011.11.17 12:26:11.525,0.92473,0.92491,1.50,1.50
2011.11.17 12:26:14.764,0.92473,0.92491,2.25,1.50
2011.11.17 12:26:14.884,0.92477,0.92493,1.50,1.50
2011.11.17 12:26:26.634,0.9248,0.92496,1.50,1.50
2011.11.17 12:26:27.524,0.92483,0.92499,1.50,2.25
2011.11.17 12:26:28.155,0.92483,0.92499,1.50,3.75
2011.11.17 12:26:28.278,0.9248,0.92496,1.50,2.25
2011.11.17 12:26:28.399,0.92474,0.9249,1.50,1.50
2011.11.17 12:26:28.519,0.92476,0.92494,1.50,1.50
2011.11.17 12:26:28.858,0.9248,0.92496,1.50,1.50
2011.11.17 12:26:29.356,0.9248,0.92496,2.25,1.50
2011.11.17 12:26:29.488,0.92484,0.925,1.50,1.50
2011.11.17 12:26:31.097,0.9248,0.92498,1.88,1.50
2011.11.17 12:26:31.740,0.92478,0.92494,1.50,1.88
2011.11.17 12:26:32.407,0.92477,0.92495,1.50,1.50
2011.11.17 12:26:32.638,0.92479,0.92498,1.50,1.50
2011.11.17 12:26:33.207,0.92478,0.92494,1.50,1.50
2011.11.17 12:26:33.989,0.92483,0.92501,1.88,1.88
2011.11.17 12:26:34.105,0.92483,0.92501,1.88,1.50
2011.11.17 12:26:34.234,0.92487,0.92502,1.50,1.50
2011.11.17 12:26:34.359,0.92486,0.92504,1.50,1.50
2011.11.17 12:26:34.639,0.9249,0.92506,1.50,1.50
2011.11.17 12:26:34.760,0.92487,0.92504,1.50,1.50
2011.11.17 12:26:35.294,0.92486,0.92504,1.50,1.50
2011.11.17 12:26:36.065,0.92484,0.925,1.88,1.50
2011.11.17 12:26:36.294,0.92486,0.92504,1.50,1.50
2011.11.17 12:26:36.528,0.92486,0.92503,1.50,1.13
2011.11.17 12:26:36.649,0.92482,0.925,1.50,1.88
2011.11.17 12:26:36.876,0.9248,0.92496,1.50,1.50
2011.11.17 12:26:37.287,0.92477,0.92493,3.00,1.50
2011.11.17 12:26:37.961,0.92473,0.92491,1.50,1.50
2011.11.17 12:26:38.579,0.92473,0.92491,1.50,1.88
2011.11.17 12:26:38.947,0.92471,0.92487,1.50,1.50
2011.11.17 12:26:39.507,0.92471,0.92487,1.50,1.88
2011.11.17 12:26:40.398,0.92473,0.92489,1.50,1.13
2011.11.17 12:26:40.887,0.9247,0.92489,1.50,1.13
2011.11.17 12:26:41.272,0.92472,0.92489,1.50,1.13
2011.11.17 12:26:41.928,0.92473,0.9249,1.50,1.13
2011.11.17 12:26:43.117,0.92476,0.92492,1.50,2.63
2011.11.17 12:26:43.465,0.92478,0.92495,1.50,2.25
2011.11.17 12:26:43.586,0.92478,0.92496,1.50,2.25
2011.11.17 12:26:46.043,0.92481,0.92499,1.50,3.00
2011.11.17 12:26:46.374,0.92478,0.92496,1.50,2.25
2011.11.17 12:26:47.197,0.92478,0.92496,1.50,1.50
2011.11.17 12:26:47.319,0.92481,0.92499,1.50,1.88
2011.11.17 12:26:47.659,0.92489,0.92503,1.50,2.25
2011.11.17 12:26:48.137,0.92485,0.92503,1.50,2.25
2011.11.17 12:26:48.477,0.92485,0.92503,1.88,1.50
2011.11.17 12:26:50.239,0.92487,0.92502,1.50,1.50
2011.11.17 12:26:50.355,0.92484,0.92502,1.50,1.50
2011.11.17 12:26:50.596,0.92484,0.925,1.50,1.50
2011.11.17 12:26:51.105,0.92484,0.92502,1.50,1.50
2011.11.17 12:26:52.086,0.92482,0.92503,3.00,1.50
2011.11.17 12:26:52.210,0.92481,0.92499,1.50,1.50
2011.11.17 12:26:52.906,0.92481,0.92499,2.25,1.50
2011.11.17 12:26:53.430,0.92479,0.92495,1.50,1.50
2011.11.17 12:26:53.548,0.92476,0.92492,1.88,1.50
2011.11.17 12:26:53.886,0.92483,0.92501,1.88,1.50
2011.11.17 12:26:54.633,0.92493,0.92503,1.35,1.50
2011.11.17 12:26:54.765,0.92505,0.92519,1.50,2.25
2011.11.17 12:26:54.890,0.92493,0.92511,2.85,1.50
2011.11.17 12:26:55.007,0.92493,0.92511,1.88,1.50
2011.11.17 12:26:55.697,0.92493,0.92509,1.88,1.50
2011.11.17 12:26:56.037,0.92489,0.92507,2.25,1.50
2011.11.17 12:26:56.158,0.92489,0.92507,1.50,1.50
2011.11.17 12:26:56.915,0.92489,0.92507,2.25,1.50
2011.11.17 12:26:57.035,0.92493,0.92509,1.50,1.50
2011.11.17 12:26:57.416,0.92494,0.92513,1.50,1.50
2011.11.17 12:26:57.536,0.92491,0.92509,1.88,1.50
2011.11.17 12:26:57.879,0.92495,0.92511,1.50,1.50
2011.11.17 12:26:58.436,0.92495,0.92511,1.50,2.25
2011.11.17 12:26:59.231,0.92493,0.92511,1.50,1.50
2011.11.17 12:26:59.347,0.92498,0.92516,1.50,1.50
2011.11.17 12:26:59.759,0.92495,0.92513,1.50,1.88
2011.11.17 12:27:00.694,0.92495,0.92513,1.50,1.88
2011.11.17 12:27:01.986,0.92501,0.92517,1.50,1.13
2011.11.17 12:27:02.914,0.92501,0.92519,1.50,2.25
2011.11.17 12:27:03.411,0.92497,0.92513,1.50,1.50
2011.11.17 12:27:03.873,0.92499,0.92517,1.50,1.88
2011.11.17 12:27:04.567,0.92502,0.9252,1.50,2.63
2011.11.17 12:27:05.119,0.92499,0.92515,1.50,1.50
2011.11.17 12:27:05.237,0.92497,0.92512,1.50,1.50
2011.11.17 12:27:05.796,0.92496,0.92512,1.50,2.25
2011.11.17 12:27:07.898,0.92496,0.92512,1.50,4.13
2011.11.17 12:27:08.126,0.92499,0.92514,1.50,1.50
2011.11.17 12:27:08.248,0.92499,0.92517,1.50,1.88
2011.11.17 12:27:08.856,0.92498,0.92513,1.50,1.50
2011.11.17 12:27:09.681,0.92497,0.92513,1.50,1.50
2011.11.17 12:27:11.709,0.92494,0.9251,3.00,1.50
2011.11.17 12:27:11.826,0.92491,0.9251,1.88,1.50
2011.11.17 12:27:12.056,0.92489,0.92505,1.88,1.50
2011.11.17 12:27:12.399,0.92496,0.92514,1.88,2.25
2011.11.17 12:27:12.519,0.92496,0.92514,1.88,1.50
2011.11.17 12:27:13.599,0.92488,0.92504,1.88,1.50
2011.11.17 12:27:14.205,0.92488,0.92504,3.75,1.50
2011.11.17 12:27:14.547,0.92492,0.92509,2.62,1.50
2011.11.17 12:27:14.665,0.92492,0.92512,2.62,1.50
2011.11.17 12:27:15.127,0.92492,0.92507,1.12,1.50
2011.11.17 12:27:15.674,0.92491,0.92507,2.25,1.50
2011.11.17 12:27:16.339,0.92494,0.9251,1.50,1.50
2011.11.17 12:27:16.795,0.92494,0.92512,1.50,1.50
2011.11.17 12:27:18.874,0.92493,0.92511,1.50,1.50
2011.11.17 12:27:19.055,0.9249,0.92508,1.88,1.50
2011.11.17 12:27:19.284,0.9249,0.92508,1.50,1.88
2011.11.17 12:27:21.529,0.92494,0.9251,1.50,3.75
2011.11.17 12:27:23.965,0.92494,0.9251,1.50,1.88
2011.11.17 12:27:25.863,0.92494,0.9251,1.50,1.50
2011.11.17 12:27:34.984,0.92497,0.92512,1.50,1.50
2011.11.17 12:27:35.504,0.92497,0.92513,1.50,1.50
2011.11.17 12:27:36.538,0.92494,0.9251,1.50,1.50
2011.11.17 12:27:37.096,0.92494,0.9251,1.88,1.50
2011.11.17 12:27:37.420,0.925,0.92518,1.50,1.50
2011.11.17 12:27:37.537,0.925,0.92515,1.50,1.50
2011.11.17 12:27:37.655,0.92496,0.92514,1.50,1.50
2011.11.17 12:27:46.424,0.92495,0.92508,1.50,1.50
2011.11.17 12:27:46.543,0.92492,0.92508,1.50,1.50
2011.11.17 12:27:48.764,0.92495,0.92508,1.50,1.50
2011.11.17 12:27:48.883,0.92496,0.92514,1.50,1.50
2011.11.17 12:27:49.424,0.92493,0.92511,1.50,1.50
2011.11.17 12:27:50.937,0.92503,0.92514,1.50,1.50
2011.11.17 12:27:51.273,0.92503,0.92521,3.00,2.25
2011.11.17 12:27:51.694,0.92503,0.92521,1.50,1.88
2011.11.17 12:27:54.957,0.92503,0.92521,1.50,1.88
2011.11.17 12:27:55.185,0.92501,0.92517,1.50,1.50
2011.11.17 12:27:56.134,0.92504,0.9252,1.50,1.88
2011.11.17 12:27:56.817,0.92501,0.92517,1.50,1.50
2011.11.17 12:27:59.847,0.92503,0.92519,1.50,1.88
2011.11.17 12:28:00.256,0.92506,0.92524,1.50,2.25
2011.11.17 12:28:00.596,0.92506,0.92524,1.50,2.25
2011.11.17 12:28:00.826,0.92503,0.92521,1.50,2.25
2011.11.17 12:28:01.917,0.92503,0.92521,1.50,1.50
2011.11.17 12:28:03.720,0.92501,0.92517,1.50,1.50
2011.11.17 12:28:03.840,0.92499,0.92517,1.50,1.50
2011.11.17 12:28:04.580,0.92499,0.92517,1.50,2.25
2011.11.17 12:28:07.834,0.92499,0.92517,1.50,1.50
2011.11.17 12:28:13.225,0.92497,0.92513,3.00,1.50
2011.11.17 12:28:13.676,0.925,0.92516,1.50,1.50
2011.11.17 12:28:16.269,0.92501,0.92516,1.50,1.50
2011.11.17 12:28:16.948,0.92502,0.9252,1.50,2.25
2011.11.17 12:28:21.099,0.92502,0.9252,1.50,2.25
2011.11.17 12:28:21.435,0.92496,0.92514,1.50,1.88
2011.11.17 12:28:22.209,0.92494,0.9251,1.50,2.25
2011.11.17 12:28:22.656,0.92496,0.92512,1.50,1.50
2011.11.17 12:28:22.778,0.92496,0.92514,1.50,1.88
2011.11.17 12:28:23.398,0.925,0.92516,1.50,1.50
2011.11.17 12:28:23.834,0.925,0.92516,1.50,2.25
2011.11.17 12:28:24.120,0.92497,0.92513,3.00,1.88
2011.11.17 12:28:26.263,0.92496,0.92512,1.50,1.50
2011.11.17 12:28:26.539,0.92499,0.92515,1.50,3.00
2011.11.17 12:28:26.878,0.92506,0.92522,1.50,1.50
2011.11.17 12:28:27.216,0.92504,0.92519,1.50,1.50
2011.11.17 12:28:27.449,0.92506,0.92522,1.50,1.50
2011.11.17 12:28:27.568,0.92506,0.92524,1.50,1.50
2011.11.17 12:28:29.048,0.92503,0.92521,1.50,1.50
2011.11.17 12:28:33.483,0.92507,0.92523,1.50,3.00
2011.11.17 12:28:34.534,0.92504,0.9252,1.50,1.50
2011.11.17 12:28:39.588,0.92501,0.92518,1.50,1.50
2011.11.17 12:28:39.815,0.92503,0.92521,1.50,1.50
2011.11.17 12:28:42.655,0.92506,0.92524,1.50,1.88
2011.11.17 12:28:43.216,0.92503,0.92521,1.50,1.50
2011.11.17 12:28:43.550,0.92506,0.92521,1.50,1.50
2011.11.17 12:28:43.666,0.92508,0.92526,1.50,1.88
2011.11.17 12:28:44.979,0.92508,0.92526,1.50,1.50
2011.11.17 12:28:45.208,0.92508,0.92526,1.88,1.50
2011.11.17 12:28:45.607,0.92508,0.92526,2.25,1.50
2011.11.17 12:28:45.732,0.92514,0.9253,1.50,1.88
2011.11.17 12:28:45.845,0.92512,0.92528,1.50,1.50
2011.11.17 12:28:45.964,0.9251,0.92528,1.50,1.50
2011.11.17 12:28:47.265,0.92508,0.92524,1.88,1.50
2011.11.17 12:28:51.275,0.9251,0.92528,1.50,1.50
2011.11.17 12:28:53.658,0.9251,0.92526,1.50,1.50
2011.11.17 12:28:54.007,0.92508,0.92524,1.50,1.50
2011.11.17 12:28:54.234,0.92504,0.92522,1.50,1.50
2011.11.17 12:28:54.785,0.92506,0.92522,1.50,1.50
2011.11.17 12:28:55.124,0.92508,0.92524,1.50,1.50
2011.11.17 12:28:55.688,0.92505,0.92521,1.50,1.50
2011.11.17 12:28:56.505,0.92505,0.92521,3.38,1.50
2011.11.17 12:28:56.626,0.92511,0.92529,1.50,1.50
2011.11.17 12:28:57.406,0.92511,0.92529,1.50,2.25
2011.11.17 12:28:57.750,0.92506,0.92521,1.50,1.50
2011.11.17 12:28:57.869,0.92499,0.92517,1.50,1.50
2011.11.17 12:28:58.640,0.92499,0.92517,1.50,1.88
2011.11.17 12:28:58.867,0.92503,0.92519,1.50,2.63
2011.11.17 12:28:59.646,0.925,0.92516,1.50,1.88
2011.11.17 12:29:00.451,0.92499,0.92517,1.50,1.88
2011.11.17 12:29:01.001,0.92503,0.92519,1.50,3.00
2011.11.17 12:29:01.556,0.92504,0.92519,1.50,1.50
2011.11.17 12:29:01.785,0.92509,0.92525,1.50,1.50
2011.11.17 12:29:03.969,0.92511,0.92529,1.50,1.88
2011.11.17 12:29:04.524,0.92511,0.92529,1.50,1.88
2011.11.17 12:29:06.106,0.9251,0.92526,1.50,1.50
2011.11.17 12:29:06.228,0.92508,0.92526,1.50,1.50
2011.11.17 12:29:06.850,0.92505,0.92523,1.50,2.25
2011.11.17 12:29:07.185,0.92505,0.92523,1.50,2.25
2011.11.17 12:29:07.945,0.92505,0.92523,1.50,2.25
2011.11.17 12:29:08.705,0.92506,0.92523,1.50,1.50
2011.11.17 12:29:08.827,0.92508,0.92526,1.50,2.63
2011.11.17 12:29:09.419,0.92508,0.92526,1.50,2.25
2011.11.17 12:29:13.018,0.92508,0.92525,1.50,1.50
2011.11.17 12:29:13.135,0.92505,0.92523,1.50,1.50
2011.11.17 12:29:14.949,0.92507,0.92523,1.50,1.50
2011.11.17 12:29:15.721,0.92509,0.92525,1.50,1.50
2011.11.17 12:29:15.838,0.92504,0.92522,1.50,1.50
2011.11.17 12:29:16.075,0.92502,0.92518,1.50,1.50
2011.11.17 12:29:16.527,0.92505,0.92521,1.50,1.50
2011.11.17 12:29:16.898,0.92508,0.92526,1.50,1.88
2011.11.17 12:29:17.135,0.92508,0.92526,1.50,1.50
2011.11.17 12:29:19.529,0.92513,0.92527,1.50,1.50
2011.11.17 12:29:19.648,0.92513,0.92529,1.50,1.50
2011.11.17 12:29:20.188,0.9251,0.92527,1.50,1.50
2011.11.17 12:29:20.744,0.92509,0.92527,1.50,1.50
2011.11.17 12:29:20.866,0.92506,0.92524,1.50,1.50
2011.11.17 12:29:23.129,0.92509,0.92527,1.50,1.50
2011.11.17 12:29:23.466,0.92514,0.92532,1.50,2.25
2011.11.17 12:29:23.697,0.92518,0.92534,1.50,3.00
2011.11.17 12:29:24.038,0.92515,0.92531,1.50,1.50
2011.11.17 12:29:25.464,0.92511,0.92529,1.50,1.50
2011.11.17 12:29:26.224,0.92515,0.92531,1.50,3.00
2011.11.17 12:29:26.563,0.92518,0.92534,1.50,1.88
2011.11.17 12:29:28.344,0.92518,0.92533,1.50,1.50
2011.11.17 12:29:28.464,0.92514,0.92532,1.50,1.50
2011.11.17 12:29:29.347,0.92516,0.92532,1.50,1.50
2011.11.17 12:29:29.698,0.92521,0.92537,2.25,1.50
2011.11.17 12:29:31.529,0.92523,0.92541,2.25,1.50
2011.11.17 12:29:32.185,0.92521,0.92537,4.12,1.50
2011.11.17 12:29:32.636,0.92518,0.92532,2.25,1.50
2011.11.17 12:29:32.758,0.92517,0.92532,1.13,1.50
2011.11.17 12:29:32.877,0.9252,0.92538,1.50,1.50
2011.11.17 12:29:33.591,0.92519,0.92535,1.50,1.50
2011.11.17 12:29:33.709,0.92517,0.92535,3.75,1.50
2011.11.17 12:29:33.826,0.92517,0.92531,2.25,1.50
2011.11.17 12:29:34.167,0.92513,0.92531,1.50,1.50
2011.11.17 12:29:34.733,0.92513,0.9253,1.50,1.50
2011.11.17 12:29:34.846,0.9251,0.92528,1.50,1.50
2011.11.17 12:29:43.173,0.92507,0.92529,1.50,1.50
2011.11.17 12:29:43.299,0.92507,0.92526,1.50,1.50
2011.11.17 12:29:43.528,0.92508,0.92531,1.50,1.50
2011.11.17 12:29:44.825,0.9251,0.92526,1.50,1.50
2011.11.17 12:29:45.930,0.9251,0.92526,1.88,1.50
2011.11.17 12:29:46.938,0.9251,0.92526,1.50,1.50
2011.11.17 12:29:47.957,0.9251,0.92526,2.25,1.50
2011.11.17 12:29:48.082,0.92513,0.92529,1.88,1.50
2011.11.17 12:29:50.459,0.92516,0.92532,1.50,1.50
2011.11.17 12:29:50.687,0.92516,0.92532,2.25,1.50
2011.11.17 12:29:51.277,0.92519,0.92535,2.25,1.50
2011.11.17 12:29:51.505,0.92519,0.92535,2.25,1.50
2011.11.17 12:29:52.664,0.92519,0.92535,2.25,1.50
2011.11.17 12:29:53.146,0.92518,0.92533,1.12,1.50
2011.11.17 12:29:53.267,0.92519,0.92536,1.12,1.50
2011.11.17 12:29:53.387,0.92519,0.92534,1.12,1.50
2011.11.17 12:29:54.203,0.92518,0.92534,1.12,1.50
2011.11.17 12:29:54.535,0.92521,0.92534,2.25,1.50
2011.11.17 12:29:54.768,0.92521,0.92538,2.25,1.50
2011.11.17 12:29:54.889,0.92517,0.92535,2.25,1.50
2011.11.17 12:29:55.364,0.92517,0.92535,1.88,1.50
2011.11.17 12:29:56.465,0.92517,0.92535,2.25,1.50
2011.11.17 12:29:56.585,0.92521,0.92537,1.88,1.50
2011.11.17 12:29:56.704,0.92521,0.92537,1.50,1.50
2011.11.17 12:29:57.155,0.92518,0.92534,1.50,1.50
2011.11.17 12:29:58.027,0.92516,0.92531,1.88,1.50
2011.11.17 12:29:58.581,0.92516,0.92534,1.88,1.50
2011.11.17 12:29:59.458,0.92514,0.92532,3.75,1.50
2011.11.17 12:30:00.908,0.92512,0.92528,4.12,1.50
2011.11.17 12:30:02.249,0.92514,0.92532,1.50,1.50
2011.11.17 12:30:02.837,0.92512,0.92528,2.25,1.50
2011.11.17 12:30:03.624,0.92509,0.92526,1.88,1.50
2011.11.17 12:30:04.370,0.92512,0.92528,1.50,1.50
2011.11.17 12:30:04.954,0.92509,0.92528,1.88,1.50
2011.11.17 12:30:05.147,0.92509,0.92528,1.50,1.50
2011.11.17 12:30:08.545,0.92509,0.92528,2.25,1.50
2011.11.17 12:30:09.105,0.92509,0.92525,1.12,1.50
2011.11.17 12:30:09.448,0.92508,0.92525,2.62,1.50
2011.11.17 12:30:10.007,0.9251,0.92528,1.50,1.50
2011.11.17 12:30:10.801,0.92513,0.9253,1.50,1.50
2011.11.17 12:30:11.336,0.92513,0.92531,1.50,1.50
2011.11.17 12:30:11.675,0.92511,0.92528,1.50,1.50
2011.11.17 12:30:12.029,0.92513,0.92529,1.50,1.50
2011.11.17 12:30:12.597,0.92513,0.92529,1.88,1.50
2011.11.17 12:30:12.718,0.92515,0.92535,1.50,1.50
2011.11.17 12:30:13.287,0.92512,0.92534,2.25,1.50
2011.11.17 12:30:13.738,0.92511,0.92532,2.62,1.50
2011.11.17 12:30:14.081,0.92514,0.9253,1.88,1.50
2011.11.17 12:30:14.416,0.92519,0.92535,1.50,1.50
2011.11.17 12:30:14.757,0.92515,0.92533,1.87,1.50
2011.11.17 12:30:15.462,0.92517,0.92532,2.25,1.50
2011.11.17 12:30:15.970,0.92516,0.92532,3.00,1.50
2011.11.17 12:30:16.195,0.92518,0.92536,1.50,1.50
2011.11.17 12:30:17.572,0.92516,0.92532,1.50,1.50
2011.11.17 12:30:18.043,0.92518,0.92536,1.50,1.50
2011.11.17 12:30:18.652,0.92518,0.92535,1.50,1.50
2011.11.17 12:30:18.766,0.92516,0.92532,1.50,1.50
2011.11.17 12:30:18.887,0.92512,0.9253,1.88,1.50
2011.11.17 12:30:19.006,0.92512,0.9253,2.25,1.50
2011.11.17 12:30:19.127,0.9252,0.92538,1.50,1.50
2011.11.17 12:30:19.630,0.9252,0.92537,1.50,1.50
2011.11.17 12:30:19.747,0.92517,0.92535,2.25,1.50
2011.11.17 12:30:19.955,0.92517,0.92535,1.87,1.50
2011.11.17 12:30:20.447,0.92515,0.92533,1.50,1.50
2011.11.17 12:30:21.188,0.92518,0.92534,1.50,1.50
2011.11.17 12:30:25.765,0.92515,0.92531,2.25,1.50
2011.11.17 12:30:27.094,0.92515,0.92531,1.50,1.50
2011.11.17 12:30:27.527,0.92517,0.92533,1.50,1.50
2011.11.17 12:30:27.648,0.92517,0.92535,1.50,1.50
2011.11.17 12:30:27.876,0.92516,0.92532,1.50,1.50
2011.11.17 12:30:28.684,0.92515,0.92531,1.50,1.50
2011.11.17 12:30:30.215,0.92512,0.92528,1.88,1.50
2011.11.17 12:30:30.659,0.92507,0.92523,2.25,1.50
2011.11.17 12:30:31.616,0.92507,0.92523,2.25,1.50
2011.11.17 12:30:32.213,0.92509,0.92526,1.88,1.50
2011.11.17 12:30:32.820,0.92512,0.9253,1.50,1.50
2011.11.17 12:30:32.934,0.92512,0.9253,2.25,1.50
2011.11.17 12:30:39.236,0.9251,0.92525,2.25,1.50
2011.11.17 12:30:39.576,0.92505,0.92521,1.12,1.50
2011.11.17 12:30:39.760,0.92507,0.92523,2.25,3.00
2011.11.17 12:30:41.586,0.92509,0.92527,1.88,1.50
2011.11.17 12:30:41.705,0.92509,0.92527,2.25,1.50
2011.11.17 12:30:42.849,0.92509,0.92527,1.50,1.50
2011.11.17 12:30:43.078,0.92508,0.9252,1.50,1.50
2011.11.17 12:30:43.739,0.92504,0.9252,2.25,1.50
2011.11.17 12:30:45.166,0.92504,0.9252,1.50,1.50
2011.11.17 12:30:46.515,0.92506,0.92523,1.50,1.50
2011.11.17 12:30:47.069,0.92506,0.92524,1.50,1.50
2011.11.17 12:30:48.800,0.92503,0.92521,1.50,1.50
2011.11.17 12:30:49.149,0.92501,0.92517,1.50,1.88
2011.11.17 12:30:50.070,0.92498,0.92514,3.00,1.50
2011.11.17 12:30:50.185,0.92493,0.92511,2.25,1.50
2011.11.17 12:30:50.746,0.92496,0.92513,1.50,1.50
2011.11.17 12:30:51.085,0.925,0.92516,1.50,1.50
2011.11.17 12:30:51.409,0.92497,0.92513,1.50,1.50
2011.11.17 12:30:52.253,0.92493,0.92508,2.62,1.50
2011.11.17 12:30:52.380,0.92492,0.92508,1.88,1.50
2011.11.17 12:30:52.988,0.92494,0.92512,1.50,1.50
2011.11.17 12:30:53.796,0.92494,0.92512,2.25,1.50
2011.11.17 12:30:56.512,0.92494,0.92512,1.88,1.50
2011.11.17 12:31:00.116,0.92495,0.92512,1.50,1.50
2011.11.17 12:31:00.517,0.92497,0.92515,3.75,1.50
2011.11.17 12:31:11.797,0.92497,0.92514,1.50,1.50
2011.11.17 12:31:11.922,0.92494,0.92512,1.50,2.25
2011.11.17 12:31:12.366,0.92495,0.92512,1.50,1.50
2011.11.17 12:31:13.495,0.92498,0.92516,2.25,1.50
2011.11.17 12:31:13.621,0.92502,0.92518,1.50,1.50
2011.11.17 12:31:16.185,0.92498,0.92516,2.25,1.50
2011.11.17 12:31:17.195,0.92496,0.92512,2.62,1.50
2011.11.17 12:31:18.187,0.92496,0.92512,1.87,1.50
2011.11.17 12:31:18.972,0.92493,0.92509,1.50,1.88
2011.11.17 12:31:19.633,0.92501,0.92519,1.88,1.50
2011.11.17 12:31:19.859,0.92499,0.92516,1.12,1.50
2011.11.17 12:31:19.980,0.9251,0.92528,1.88,1.50
2011.11.17 12:31:20.098,0.92508,0.92525,3.37,1.50
2011.11.17 12:31:20.218,0.92508,0.92525,2.62,1.50
2011.11.17 12:31:20.336,0.92507,0.92525,1.50,1.50
2011.11.17 12:31:21.766,0.92504,0.92522,1.88,1.50
2011.11.17 12:31:24.228,0.92507,0.92522,2.25,1.50
2011.11.17 12:31:24.567,0.92507,0.92522,3.00,1.50
2011.11.17 12:31:25.134,0.92507,0.92525,4.50,1.50
2011.11.17 12:31:25.622,0.92507,0.92525,3.75,1.50
2011.11.17 12:31:25.961,0.92511,0.92527,1.50,3.00
2011.11.17 12:31:26.591,0.92507,0.92525,1.50,1.50
2011.11.17 12:31:27.113,0.92507,0.92523,1.50,1.50
2011.11.17 12:31:27.873,0.92504,0.92522,1.88,1.50
2011.11.17 12:31:28.279,0.92508,0.92523,1.50,1.50
2011.11.17 12:31:28.839,0.92508,0.92524,1.50,1.50
2011.11.17 12:31:30.078,0.92505,0.92522,1.88,1.50
2011.11.17 12:31:32.787,0.92504,0.92522,1.87,1.50
2011.11.17 12:31:35.514,0.92506,0.92522,1.88,1.50
2011.11.17 12:31:35.635,0.92511,0.92529,1.50,1.88
2011.11.17 12:31:37.845,0.92509,0.92525,1.50,1.50
2011.11.17 12:31:39.566,0.92511,0.92529,1.50,1.50
2011.11.17 12:31:41.965,0.92511,0.92529,1.50,1.88
2011.11.17 12:31:42.305,0.92508,0.92526,1.50,1.50
2011.11.17 12:31:42.918,0.92501,0.92519,1.50,1.50
2011.11.17 12:31:43.320,0.92504,0.92521,1.50,1.50
2011.11.17 12:31:43.655,0.92504,0.92522,1.50,2.25
2011.11.17 12:31:43.885,0.92504,0.92522,1.50,1.50
2011.11.17 12:31:44.116,0.92508,0.92524,1.50,1.50
2011.11.17 12:31:44.919,0.92511,0.92527,1.50,1.50
2011.11.17 12:31:48.675,0.92513,0.92531,1.50,1.50
2011.11.17 12:31:48.911,0.92517,0.92533,1.50,1.50
2011.11.17 12:31:49.477,0.92516,0.92534,1.50,1.50
2011.11.17 12:31:50.025,0.92516,0.92534,1.88,1.50
2011.11.17 12:31:50.846,0.92513,0.92531,2.25,1.50
2011.11.17 12:31:50.998,0.92513,0.92531,1.88,1.50
2011.11.17 12:31:53.176,0.92517,0.92532,1.50,1.50
2011.11.17 12:31:53.515,0.92517,0.92533,1.88,1.50
2011.11.17 12:31:54.477,0.92517,0.92533,1.50,1.50
2011.11.17 12:31:55.146,0.92513,0.92531,1.88,1.50
2011.11.17 12:31:55.598,0.92517,0.92534,2.25,1.88
2011.11.17 12:31:56.230,0.92517,0.92534,2.25,3.00
2011.11.17 12:31:56.354,0.92507,0.92524,3.37,1.50
2011.11.17 12:31:56.585,0.9251,0.92526,2.25,1.50
2011.11.17 12:31:57.335,0.9251,0.92526,1.50,1.50
2011.11.17 12:31:59.818,0.92513,0.92529,1.50,1.50
2011.11.17 12:32:00.154,0.92517,0.92533,1.50,2.63
2011.11.17 12:32:00.851,0.92519,0.92536,1.50,1.50
2011.11.17 12:32:00.967,0.92518,0.92534,1.50,1.50
2011.11.17 12:32:02.322,0.92516,0.92534,1.87,1.50
2011.11.17 12:32:02.645,0.92516,0.92534,1.87,1.50
2011.11.17 12:32:02.768,0.9252,0.92538,1.50,1.50
2011.11.17 12:32:03.756,0.9252,0.92538,1.50,1.88
2011.11.17 12:32:09.854,0.92517,0.92533,1.50,1.50
2011.11.17 12:32:10.307,0.92519,0.92537,1.50,1.88
2011.11.17 12:32:10.755,0.92519,0.92537,2.25,1.50
2011.11.17 12:32:10.878,0.92523,0.92542,1.88,1.50
2011.11.17 12:32:11.106,0.92525,0.92543,1.50,1.50
2011.11.17 12:32:11.455,0.92523,0.92539,1.88,1.50
2011.11.17 12:32:14.138,0.92523,0.92539,2.25,1.50
2011.11.17 12:32:14.699,0.92527,0.92539,2.25,1.50
2011.11.17 12:32:14.818,0.92532,0.92548,2.25,1.50
2011.11.17 12:32:15.355,0.92536,0.92554,1.50,1.50
2011.11.17 12:32:15.925,0.92535,0.92553,1.88,1.50
2011.11.17 12:32:16.046,0.92535,0.92553,2.25,1.50
2011.11.17 12:32:16.167,0.92537,0.92555,2.25,1.50
2011.11.17 12:32:16.286,0.92534,0.9255,1.12,1.50
2011.11.17 12:32:16.407,0.92536,0.92555,2.25,1.50
2011.11.17 12:32:16.527,0.92535,0.92551,2.25,1.50
2011.11.17 12:32:16.867,0.92534,0.92548,1.12,1.50
2011.11.17 12:32:16.988,0.92532,0.92548,2.62,1.50
2011.11.17 12:32:17.641,0.92532,0.92547,2.25,1.50
2011.11.17 12:32:18.169,0.92528,0.92546,2.62,1.50
2011.11.17 12:32:18.415,0.92532,0.92548,2.25,1.50
2011.11.17 12:32:19.555,0.92534,0.92552,1.88,1.50
2011.11.17 12:32:19.678,0.92537,0.92555,1.50,1.50
2011.11.17 12:32:20.057,0.92534,0.92552,1.50,1.50
2011.11.17 12:32:20.630,0.92533,0.92549,1.50,1.50
2011.11.17 12:32:21.059,0.92538,0.92551,2.63,1.50
2011.11.17 12:32:21.175,0.92538,0.92553,2.63,1.50
2011.11.17 12:32:21.917,0.92538,0.92556,4.13,1.50
2011.11.17 12:32:23.102,0.92544,0.9256,1.50,1.50
2011.11.17 12:32:23.437,0.92539,0.92555,2.25,1.50
2011.11.17 12:32:23.665,0.92539,0.92555,1.87,1.88
2011.11.17 12:32:23.786,0.92537,0.92552,2.62,1.50
2011.11.17 12:32:23.907,0.92536,0.92552,1.50,1.50
2011.11.17 12:32:24.028,0.92538,0.92552,2.25,1.50
2011.11.17 12:32:24.146,0.92536,0.92552,3.00,1.50
2011.11.17 12:32:24.268,0.92539,0.92555,3.00,1.88
2011.11.17 12:32:24.995,0.92541,0.92559,1.50,2.25
2011.11.17 12:32:25.320,0.92538,0.92556,4.13,1.50
2011.11.17 12:32:25.775,0.92538,0.92551,2.63,1.50
2011.11.17 12:32:25.889,0.92536,0.92551,1.50,1.50
2011.11.17 12:32:26.121,0.92532,0.92548,1.50,1.50
2011.11.17 12:32:26.250,0.92535,0.92551,1.50,3.00
2011.11.17 12:32:28.319,0.92532,0.92548,3.00,1.50
2011.11.17 12:32:28.436,0.92536,0.92555,1.50,1.88
2011.11.17 12:32:28.555,0.92533,0.92551,1.50,1.50
2011.11.17 12:32:29.426,0.92533,0.92551,1.88,1.50
2011.11.17 12:32:29.914,0.92537,0.92551,2.25,1.50
2011.11.17 12:32:30.432,0.92538,0.92551,2.25,1.50
2011.11.17 12:32:30.659,0.92541,0.92556,2.25,1.50
2011.11.17 12:32:30.780,0.92542,0.9256,1.50,1.88
2011.11.17 12:32:30.901,0.92538,0.92553,1.50,1.50
2011.11.17 12:32:31.256,0.92535,0.92549,1.50,1.50
2011.11.17 12:32:31.773,0.92529,0.92547,1.88,1.50
2011.11.17 12:32:31.890,0.92528,0.92545,2.63,1.50
2011.11.17 12:32:33.967,0.92528,0.92541,2.63,1.50
2011.11.17 12:32:34.808,0.9253,0.92543,1.50,1.50
2011.11.17 12:32:35.069,0.9253,0.92546,3.75,1.50
2011.11.17 12:32:35.958,0.92528,0.92543,4.50,1.50
2011.11.17 12:32:37.879,0.92525,0.9254,3.75,1.50
2011.11.17 12:32:38.590,0.92527,0.92543,2.25,1.50
2011.11.17 12:32:39.224,0.92537,0.92546,2.25,1.50
2011.11.17 12:32:39.358,0.92528,0.92542,2.63,1.50
2011.11.17 12:32:41.766,0.92524,0.92542,1.88,1.50
2011.11.17 12:32:41.890,0.9252,0.92538,2.25,1.50
2011.11.17 12:32:42.224,0.92517,0.92535,1.50,1.50
2011.11.17 12:32:42.788,0.9252,0.92538,1.50,1.88
2011.11.17 12:32:43.125,0.9252,0.92538,2.25,1.50
2011.11.17 12:32:43.248,0.92523,0.92541,1.88,1.50
2011.11.17 12:32:43.947,0.92526,0.92542,1.50,1.50
2011.11.17 12:32:44.067,0.92526,0.92544,1.50,1.50
2011.11.17 12:32:45.367,0.92524,0.9254,1.88,1.50
2011.11.17 12:32:45.720,0.92528,0.92537,2.25,1.50
2011.11.17 12:32:45.841,0.92521,0.92537,1.50,1.50
2011.11.17 12:32:46.291,0.92518,0.92531,2.63,1.50
2011.11.17 12:32:47.019,0.92511,0.92527,2.25,1.50
2011.11.17 12:32:47.357,0.92514,0.9253,1.50,1.50
2011.11.17 12:32:52.420,0.92511,0.92527,3.00,1.50
2011.11.17 12:32:53.187,0.92511,0.92527,1.88,1.50
2011.11.17 12:32:53.416,0.92513,0.92531,2.25,1.50
2011.11.17 12:32:53.538,0.92516,0.92534,1.50,1.50
2011.11.17 12:32:54.616,0.92516,0.92534,1.50,1.88
2011.11.17 12:32:54.847,0.92513,0.92531,1.50,1.50
2011.11.17 12:32:55.189,0.92515,0.92531,1.50,1.50
2011.11.17 12:32:55.728,0.92517,0.92533,1.50,1.88
2011.11.17 12:32:56.008,0.92518,0.92535,1.50,1.50
2011.11.17 12:32:56.127,0.9252,0.92538,1.50,1.88
2011.11.17 12:32:56.703,0.92518,0.92534,3.00,1.50
2011.11.17 12:32:57.539,0.92515,0.92531,1.50,1.50
2011.11.17 12:33:00.684,0.92511,0.92529,1.50,1.50
2011.11.17 12:33:01.126,0.92509,0.92527,1.88,1.50
2011.11.17 12:33:01.687,0.92509,0.92527,1.50,1.50
2011.11.17 12:33:02.994,0.92503,0.92519,1.50,1.50
2011.11.17 12:33:03.518,0.92502,0.9252,1.50,1.50
2011.11.17 12:33:03.931,0.92499,0.92518,1.88,1.50
2011.11.17 12:33:04.270,0.92505,0.92519,1.12,1.50
2011.11.17 12:33:04.868,0.92508,0.92524,1.88,1.50
2011.11.17 12:33:07.338,0.9251,0.92526,1.88,1.50
2011.11.17 12:33:07.939,0.92513,0.92531,2.25,1.50
2011.11.17 12:33:08.170,0.92517,0.92535,1.88,1.50
2011.11.17 12:33:08.395,0.92516,0.92531,2.25,1.50
2011.11.17 12:33:09.029,0.92521,0.92537,1.50,1.50
2011.11.17 12:33:09.477,0.92517,0.92535,1.88,1.50
2011.11.17 12:33:12.747,0.92517,0.92534,1.88,1.50
2011.11.17 12:33:13.230,0.92514,0.92532,2.25,1.50
2011.11.17 12:33:13.515,0.92515,0.92535,2.25,1.50
2011.11.17 12:33:14.455,0.92515,0.92534,2.25,1.50
2011.11.17 12:33:14.582,0.92514,0.92531,2.25,1.50
2011.11.17 12:33:14.889,0.92513,0.92529,2.62,1.50
2011.11.17 12:33:16.226,0.92513,0.92529,1.88,1.50
2011.11.17 12:33:16.948,0.92514,0.9253,1.50,1.50
2011.11.17 12:33:17.179,0.92512,0.92527,2.25,1.50
2011.11.17 12:33:17.968,0.92511,0.92527,2.25,1.50
2011.11.17 12:33:18.308,0.92507,0.92525,1.88,1.50
2011.11.17 12:33:18.910,0.92513,0.92531,2.25,1.50
2011.11.17 12:33:20.206,0.92513,0.92529,1.50,1.50
2011.11.17 12:33:20.325,0.9251,0.92527,1.50,1.50
2011.11.17 12:33:20.450,0.92507,0.92525,2.25,1.50
2011.11.17 12:33:20.571,0.92516,0.92532,1.50,2.64
2011.11.17 12:33:20.688,0.92516,0.92532,1.50,2.25
2011.11.17 12:33:21.291,0.92513,0.92529,1.88,1.50
2011.11.17 12:33:21.829,0.92513,0.92529,1.50,1.50
2011.11.17 12:33:25.526,0.92513,0.92529,1.50,1.88
2011.11.17 12:33:25.868,0.92507,0.92523,1.50,1.50
2011.11.17 12:33:26.097,0.92504,0.9252,1.88,1.50
2011.11.17 12:33:26.437,0.92498,0.92514,2.25,1.50
2011.11.17 12:33:26.557,0.92498,0.92514,1.88,1.50
2011.11.17 12:33:27.485,0.92499,0.92514,1.50,1.50
2011.11.17 12:33:27.605,0.925,0.92518,1.50,1.50
2011.11.17 12:33:27.838,0.92504,0.9252,1.50,1.50
2011.11.17 12:33:28.176,0.92501,0.92517,1.50,1.50
2011.11.17 12:33:28.547,0.92498,0.92514,1.88,1.50
2011.11.17 12:33:33.737,0.92498,0.92514,1.50,1.50
2011.11.17 12:33:36.020,0.92498,0.92513,1.50,1.50
2011.11.17 12:33:36.357,0.92498,0.92509,2.25,1.50
2011.11.17 12:33:36.479,0.925,0.92516,1.88,1.50
2011.11.17 12:33:37.027,0.92498,0.92514,3.00,1.50
2011.11.17 12:33:37.358,0.92498,0.92514,3.00,1.50
2011.11.17 12:33:38.060,0.92501,0.92515,2.25,1.50
2011.11.17 12:33:38.183,0.92504,0.9252,1.88,3.00
2011.11.17 12:33:38.300,0.92507,0.92523,1.50,1.50
2011.11.17 12:33:39.332,0.92508,0.92524,2.25,1.50
2011.11.17 12:33:40.638,0.92508,0.92524,1.88,1.50
2011.11.17 12:33:41.086,0.92511,0.92527,1.50,1.50
2011.11.17 12:33:41.577,0.92511,0.92527,2.25,1.50
2011.11.17 12:33:42.666,0.92508,0.92524,1.88,1.50
2011.11.17 12:33:44.025,0.92506,0.92521,2.25,1.50
2011.11.17 12:33:44.698,0.92509,0.92525,1.88,1.50
2011.11.17 12:33:45.361,0.92507,0.92523,1.88,1.50
2011.11.17 12:33:45.482,0.92504,0.92519,1.50,1.50
2011.11.17 12:33:46.036,0.92502,0.92518,1.50,1.50
2011.11.17 12:33:47.139,0.92498,0.92516,1.88,1.50
2011.11.17 12:33:47.705,0.925,0.92516,1.88,1.50
2011.11.17 12:33:47.820,0.92508,0.92524,1.50,1.88
2011.11.17 12:33:48.897,0.92508,0.92524,1.50,1.50
2011.11.17 12:33:55.995,0.92505,0.9252,1.50,1.50
2011.11.17 12:33:56.116,0.92501,0.92517,3.38,1.50
2011.11.17 12:33:58.418,0.92506,0.92524,1.88,1.50
2011.11.17 12:33:58.515,0.92509,0.92525,1.50,1.50
2011.11.17 12:33:58.635,0.92509,0.92527,1.50,1.50
2011.11.17 12:33:59.366,0.92507,0.92523,3.38,1.50
2011.11.17 12:33:59.706,0.92504,0.92521,1.12,1.50
2011.11.17 12:34:01.857,0.92503,0.92521,2.62,1.50
2011.11.17 12:34:04.389,0.92503,0.92517,1.12,1.50
2011.11.17 12:34:05.457,0.92501,0.92517,2.25,1.50
2011.11.17 12:34:05.797,0.925,0.92516,3.75,1.50
2011.11.17 12:34:06.033,0.92508,0.92524,2.63,1.50
2011.11.17 12:34:07.575,0.92508,0.92524,2.63,1.50
2011.11.17 12:34:08.938,0.92508,0.92524,3.00,1.50
2011.11.17 12:34:09.652,0.92506,0.92524,1.50,1.50
2011.11.17 12:34:09.766,0.92506,0.92521,1.50,1.50
2011.11.17 12:34:09.887,0.92502,0.9252,1.88,1.50
2011.11.17 12:34:10.118,0.925,0.92516,2.25,1.50
2011.11.17 12:34:10.966,0.925,0.92516,1.88,1.50
2011.11.17 12:34:13.546,0.925,0.92516,2.25,1.50
2011.11.17 12:34:15.995,0.925,0.92516,2.25,1.50
2011.11.17 12:34:18.475,0.925,0.92516,1.88,1.50
2011.11.17 12:34:18.707,0.92497,0.92514,1.12,1.50
2011.11.17 12:34:19.209,0.92499,0.92516,2.25,1.50
2011.11.17 12:34:19.646,0.92499,0.92517,1.50,1.50
2011.11.17 12:34:20.678,0.92499,0.92517,2.25,1.50
2011.11.17 12:34:20.796,0.92502,0.9252,1.88,1.88
2011.11.17 12:34:21.532,0.92502,0.9252,1.88,1.50
2011.11.17 12:34:21.757,0.92499,0.92517,2.25,1.50
2011.11.17 12:34:22.175,0.92499,0.92517,1.50,1.50
2011.11.17 12:34:22.726,0.92497,0.92513,1.88,1.50
2011.11.17 12:34:23.642,0.92497,0.92513,1.50,1.50
2011.11.17 12:34:24.288,0.92497,0.92513,1.88,1.50
2011.11.17 12:34:24.631,0.92511,0.92522,1.50,2.25
2011.11.17 12:34:24.746,0.92511,0.92527,1.50,1.50
2011.11.17 12:34:26.013,0.92504,0.92521,1.88,1.50
2011.11.17 12:34:28.211,0.92504,0.92521,1.50,1.50
2011.11.17 12:34:28.325,0.92499,0.92516,1.88,1.50
2011.11.17 12:34:29.289,0.92498,0.92516,2.25,1.50
2011.11.17 12:34:30.189,0.92498,0.92516,1.50,1.50
2011.11.17 12:34:30.309,0.92492,0.92508,4.12,1.50
2011.11.17 12:34:30.645,0.92497,0.92513,2.25,2.25
2011.11.17 12:34:30.764,0.92497,0.92515,2.25,1.50
2011.11.17 12:34:31.535,0.92497,0.92515,1.50,1.50
2011.11.17 12:34:32.249,0.92497,0.92513,1.50,1.50
2011.11.17 12:34:32.578,0.92494,0.9251,1.88,1.50
2011.11.17 12:34:33.330,0.925,0.92513,1.50,1.50
2011.11.17 12:34:33.448,0.92497,0.92513,1.50,1.50
2011.11.17 12:34:34.049,0.92497,0.92513,1.50,1.88
2011.11.17 12:34:34.168,0.92494,0.9251,1.50,1.50
2011.11.17 12:34:34.855,0.92491,0.92507,1.50,1.50
2011.11.17 12:34:37.680,0.92493,0.92511,2.25,1.50
2011.11.17 12:34:38.368,0.92491,0.92508,2.25,1.50
2011.11.17 12:34:39.954,0.9249,0.92508,1.88,1.50
2011.11.17 12:34:41.116,0.92491,0.92508,2.25,1.50
2011.11.17 12:34:41.236,0.9249,0.92508,2.25,1.50
2011.11.17 12:34:41.356,0.92499,0.92515,1.50,1.50
2011.11.17 12:34:41.481,0.92501,0.92519,1.50,2.25
2011.11.17 12:34:41.907,0.92501,0.92519,1.88,1.50
2011.11.17 12:34:42.031,0.92498,0.92516,1.50,1.50
2011.11.17 12:34:43.958,0.92501,0.92519,1.50,1.50
2011.11.17 12:34:44.296,0.92504,0.92521,1.50,1.88
2011.11.17 12:34:44.748,0.92501,0.92518,1.50,1.50
2011.11.17 12:34:45.086,0.92497,0.92515,2.25,1.50
2011.11.17 12:34:45.856,0.92497,0.92515,1.88,1.50
2011.11.17 12:34:47.208,0.92497,0.92515,1.50,2.25
2011.11.17 12:34:47.326,0.92495,0.92511,3.00,1.50
2011.11.17 12:34:47.669,0.92498,0.92514,1.50,1.50
2011.11.17 12:34:48.118,0.92501,0.92517,1.50,1.50
2011.11.17 12:34:48.236,0.92497,0.92515,1.50,1.50
2011.11.17 12:34:50.481,0.92497,0.92514,1.50,1.50
2011.11.17 12:34:50.928,0.92498,0.92514,2.25,1.50
2011.11.17 12:34:51.711,0.92504,0.92516,1.50,1.50
2011.11.17 12:34:52.169,0.92504,0.92522,1.50,1.50
2011.11.17 12:34:52.798,0.92504,0.92522,1.88,1.50
2011.11.17 12:34:54.945,0.92506,0.92522,1.50,1.50
2011.11.17 12:34:55.065,0.92508,0.92524,1.50,1.50
2011.11.17 12:34:56.258,0.92505,0.92521,1.88,1.50
2011.11.17 12:34:56.599,0.925,0.92518,1.50,1.50
2011.11.17 12:34:56.719,0.92499,0.92514,1.50,1.50
2011.11.17 12:34:57.250,0.92498,0.92514,1.50,1.50
2011.11.17 12:34:58.927,0.925,0.92516,1.88,1.50
2011.11.17 12:34:59.350,0.92497,0.92513,2.25,1.50
2011.11.17 12:35:00.576,0.92497,0.92513,1.88,1.50
2011.11.17 12:35:05.985,0.92497,0.92513,1.88,1.50
2011.11.17 12:35:07.476,0.925,0.92516,1.50,1.50
2011.11.17 12:35:08.017,0.92497,0.92514,1.88,1.50
2011.11.17 12:35:08.578,0.92494,0.92511,2.25,1.50
2011.11.17 12:35:08.917,0.92491,0.92507,1.50,1.50
2011.11.17 12:35:09.036,0.92488,0.92505,2.25,1.50
2011.11.17 12:35:09.266,0.92487,0.92505,2.25,1.50
2011.11.17 12:35:09.496,0.92491,0.92507,1.88,3.00
2011.11.17 12:35:10.217,0.92492,0.92508,1.88,1.50
2011.11.17 12:35:10.337,0.92495,0.92509,1.50,1.50
2011.11.17 12:35:10.675,0.92495,0.92513,2.25,1.50
2011.11.17 12:35:11.018,0.92492,0.9251,2.25,1.50
2011.11.17 12:35:12.871,0.92492,0.9251,1.88,1.50
2011.11.17 12:35:13.368,0.92492,0.9251,2.25,1.50
2011.11.17 12:35:16.501,0.92491,0.92501,2.25,1.50
2011.11.17 12:35:16.617,0.92489,0.92505,1.50,1.50
2011.11.17 12:35:17.095,0.92491,0.92509,1.50,1.50
2011.11.17 12:35:17.498,0.92489,0.92505,1.88,1.50
2011.11.17 12:35:18.030,0.92489,0.92505,1.50,1.50
2011.11.17 12:35:21.115,0.92486,0.92502,1.88,1.50
2011.11.17 12:35:21.539,0.92483,0.92499,2.25,1.50
2011.11.17 12:35:21.868,0.92487,0.92503,1.50,1.50
2011.11.17 12:35:22.586,0.9249,0.92506,1.50,1.50
2011.11.17 12:35:24.454,0.92491,0.92506,1.50,1.50
2011.11.17 12:35:24.564,0.92493,0.92509,1.50,2.25
2011.11.17 12:35:25.298,0.92489,0.92507,1.50,1.50
2011.11.17 12:35:27.246,0.92491,0.92507,1.50,1.50
2011.11.17 12:35:27.679,0.92492,0.9251,1.50,1.50
2011.11.17 12:35:28.815,0.92492,0.9251,1.50,2.25
2011.11.17 12:35:29.045,0.9249,0.92506,1.50,1.88
2011.11.17 12:35:29.815,0.9249,0.92506,1.50,1.88
2011.11.17 12:35:29.937,0.92486,0.92504,1.50,1.88
2011.11.17 12:35:32.155,0.92491,0.92509,1.50,1.88
2011.11.17 12:35:32.606,0.92489,0.92505,1.50,1.50
2011.11.17 12:35:33.807,0.92498,0.92513,1.50,1.13
2011.11.17 12:35:34.147,0.92494,0.92512,1.50,2.25
2011.11.17 12:35:34.268,0.92493,0.92507,1.50,1.50
2011.11.17 12:35:35.102,0.92487,0.92502,2.62,1.50
2011.11.17 12:35:35.218,0.92492,0.92508,1.50,1.88
2011.11.17 12:35:35.339,0.92489,0.92505,1.87,1.50
2011.11.17 12:35:35.461,0.92486,0.92502,1.50,1.50
2011.11.17 12:35:35.688,0.92489,0.92504,1.88,1.50
2011.11.17 12:35:36.310,0.92489,0.92505,1.88,1.50
2011.11.17 12:35:36.645,0.92486,0.92503,1.12,1.50
2011.11.17 12:35:37.065,0.92485,0.92503,1.87,1.50
2011.11.17 12:35:37.597,0.92485,0.92502,1.50,1.50
2011.11.17 12:35:37.716,0.92482,0.925,1.50,1.50
2011.11.17 12:35:39.467,0.92483,0.92499,1.50,1.50
2011.11.17 12:35:39.807,0.92489,0.92504,1.50,1.50
2011.11.17 12:35:40.199,0.92489,0.92507,1.50,1.50
2011.11.17 12:35:41.647,0.92486,0.92504,1.88,1.50
2011.11.17 12:35:43.648,0.92488,0.92503,2.25,1.50
2011.11.17 12:35:43.997,0.92483,0.92501,2.62,1.50
2011.11.17 12:35:44.118,0.92483,0.92501,1.50,1.50
2011.11.17 12:35:46.459,0.92487,0.92503,2.25,1.50
2011.11.17 12:35:46.906,0.9249,0.92506,1.50,1.88
2011.11.17 12:35:47.485,0.9249,0.92506,1.50,1.50
2011.11.17 12:35:47.825,0.92493,0.92509,1.50,1.50
2011.11.17 12:35:50.779,0.9249,0.92508,1.50,1.50
2011.11.17 12:35:51.814,0.92496,0.92514,1.88,1.50
2011.11.17 12:35:59.138,0.92494,0.9251,1.50,1.50
2011.11.17 12:36:00.008,0.92494,0.9251,2.25,1.50
2011.11.17 12:36:01.009,0.92494,0.9251,1.50,1.50
2011.11.17 12:36:01.124,0.92491,0.92507,1.88,1.50
2011.11.17 12:36:01.248,0.92491,0.92507,1.50,1.50
2011.11.17 12:36:01.737,0.92488,0.92504,1.88,1.50
2011.11.17 12:36:02.081,0.92488,0.92504,1.50,1.88
2011.11.17 12:36:02.204,0.92485,0.92501,3.38,1.50
2011.11.17 12:36:02.320,0.92489,0.92505,1.50,1.50
2011.11.17 12:36:03.007,0.92493,0.92509,1.50,1.50
2011.11.17 12:36:03.347,0.9249,0.92506,1.50,1.50
2011.11.17 12:36:03.467,0.92486,0.92504,1.50,1.50
2011.11.17 12:36:04.080,0.92493,0.92511,1.50,1.88
2011.11.17 12:36:04.651,0.92493,0.92511,1.50,1.50
2011.11.17 12:36:08.488,0.92496,0.92512,1.50,1.50
2011.11.17 12:36:08.607,0.92496,0.92514,1.50,1.50
2011.11.17 12:36:08.728,0.925,0.92516,1.50,1.50
2011.11.17 12:36:13.401,0.92496,0.92514,2.25,1.50
2011.11.17 12:36:13.735,0.92493,0.92509,1.50,1.50
2011.11.17 12:36:14.398,0.92496,0.92512,1.50,1.50
2011.11.17 12:36:18.218,0.92496,0.92512,2.62,1.50
2011.11.17 12:36:18.665,0.92499,0.92515,3.38,1.50
2011.11.17 12:36:18.788,0.92502,0.92517,1.50,1.50
2011.11.17 12:36:19.213,0.92499,0.92514,1.50,1.50
2011.11.17 12:36:19.329,0.92495,0.92513,1.88,1.50
2011.11.17 12:36:19.832,0.92498,0.92513,1.50,1.50
2011.11.17 12:36:19.949,0.925,0.92516,1.50,1.50
2011.11.17 12:36:21.803,0.92502,0.92518,1.50,1.50
2011.11.17 12:36:21.921,0.92502,0.9252,1.50,1.88
2011.11.17 12:36:22.256,0.92502,0.9252,2.25,1.50
2011.11.17 12:36:22.706,0.92502,0.9252,1.50,1.88
2011.11.17 12:36:22.826,0.925,0.92516,1.50,1.50
2011.11.17 12:36:24.017,0.92503,0.92518,1.50,1.50
2011.11.17 12:36:24.575,0.92503,0.92519,1.50,1.50
2011.11.17 12:36:25.567,0.92501,0.92517,1.50,1.50
2011.11.17 12:36:25.689,0.92499,0.92517,1.50,1.50
2011.11.17 12:36:26.382,0.92501,0.92517,1.12,1.50
2011.11.17 12:36:26.500,0.92503,0.92519,1.88,1.50
2011.11.17 12:36:26.835,0.92501,0.92517,1.12,1.50
2011.11.17 12:36:26.957,0.92499,0.92517,1.50,1.50
2011.11.17 12:36:27.192,0.92496,0.92514,1.50,2.25
2011.11.17 12:36:27.422,0.92486,0.92504,1.50,1.50
2011.11.17 12:36:27.918,0.92492,0.92508,1.50,1.50
2011.11.17 12:36:28.255,0.92494,0.92512,1.88,1.50
2011.11.17 12:36:28.926,0.92494,0.92512,1.50,2.25
2011.11.17 12:36:29.375,0.92489,0.92505,1.50,1.50
2011.11.17 12:36:29.605,0.92493,0.92509,1.50,1.88
2011.11.17 12:36:30.165,0.92493,0.92509,1.50,1.88
2011.11.17 12:36:32.148,0.92493,0.92509,2.25,1.50
2011.11.17 12:36:32.268,0.92496,0.92512,2.25,1.50
2011.11.17 12:36:33.722,0.92496,0.92512,1.50,1.88
2011.11.17 12:36:33.845,0.9249,0.92507,1.88,1.50
2011.11.17 12:36:33.958,0.92492,0.9251,1.50,1.50
2011.11.17 12:36:34.536,0.9249,0.92507,1.50,1.50
2011.11.17 12:36:34.989,0.92489,0.92505,1.50,1.50
2011.11.17 12:36:35.110,0.92486,0.92504,1.88,1.50
2011.11.17 12:36:35.879,0.92486,0.92504,1.88,1.50
2011.11.17 12:36:38.123,0.92486,0.92504,2.25,1.50
2011.11.17 12:36:38.699,0.9249,0.92506,1.88,1.50
2011.11.17 12:36:39.578,0.92491,0.92506,1.50,1.50
2011.11.17 12:36:39.701,0.92493,0.92509,1.50,1.50
2011.11.17 12:36:40.255,0.92493,0.92509,1.88,1.50
2011.11.17 12:36:40.709,0.92495,0.92511,1.50,1.50
2011.11.17 12:36:40.830,0.92494,0.92509,1.88,1.50
2011.11.17 12:36:41.278,0.92494,0.92509,1.13,1.50
2011.11.17 12:36:41.617,0.92494,0.92509,1.12,1.50
2011.11.17 12:36:42.069,0.92495,0.92512,2.25,1.50
2011.11.17 12:36:42.286,0.92498,0.92509,2.63,1.50
2011.11.17 12:36:45.904,0.92495,0.92513,2.25,1.50
2011.11.17 12:36:47.138,0.92499,0.92517,1.88,1.50
2011.11.17 12:36:47.412,0.92498,0.92513,2.63,1.50
2011.11.17 12:36:48.148,0.92499,0.92517,1.88,1.50
2011.11.17 12:36:48.265,0.92498,0.92513,3.00,1.50
2011.11.17 12:36:49.096,0.92497,0.92513,1.50,1.50
2011.11.17 12:36:49.704,0.92498,0.92513,2.25,1.50
2011.11.17 12:36:50.171,0.92498,0.92513,2.63,1.50
2011.11.17 12:36:50.286,0.92499,0.92517,1.88,1.50
2011.11.17 12:36:53.824,0.92499,0.92515,1.88,1.50
2011.11.17 12:36:54.398,0.92498,0.92514,3.00,1.50
2011.11.17 12:36:54.517,0.925,0.92516,1.88,1.50
2011.11.17 12:36:54.745,0.92498,0.92514,3.00,1.50
2011.11.17 12:36:55.388,0.92498,0.92514,3.00,1.50
2011.11.17 12:36:55.929,0.92498,0.92512,3.00,1.50
2011.11.17 12:36:56.486,0.92494,0.92511,1.12,1.50
2011.11.17 12:36:56.715,0.92494,0.92511,1.12,1.50
2011.11.17 12:36:57.778,0.92496,0.92514,1.88,1.50
2011.11.17 12:37:00.440,0.92494,0.9251,4.12,1.50
2011.11.17 12:37:01.077,0.92497,0.9251,2.62,1.50
2011.11.17 12:37:01.197,0.92497,0.9251,2.25,1.50
2011.11.17 12:37:01.318,0.92497,0.92513,3.75,1.50
2011.11.17 12:37:01.883,0.92493,0.92511,1.88,1.50
2011.11.17 12:37:02.215,0.92498,0.92513,1.12,1.50
2011.11.17 12:37:03.121,0.92497,0.92513,4.12,1.50
2011.11.17 12:37:03.657,0.92497,0.92513,1.50,1.50
2011.11.17 12:37:03.889,0.92491,0.92507,2.25,1.50
2011.11.17 12:37:04.463,0.92491,0.92507,2.25,1.50
2011.11.17 12:37:04.708,0.92494,0.9251,2.25,1.50
2011.11.17 12:37:05.749,0.92494,0.9251,1.88,1.50
2011.11.17 12:37:06.419,0.92491,0.92507,2.25,1.50
2011.11.17 12:37:10.873,0.92494,0.9251,2.25,1.50
2011.11.17 12:37:10.992,0.92494,0.92507,1.50,1.50
2011.11.17 12:37:11.110,0.92484,0.92502,3.75,1.50
2011.11.17 12:37:11.836,0.92489,0.92505,1.12,1.50
2011.11.17 12:37:12.175,0.9249,0.92505,1.12,1.50
2011.11.17 12:37:13.670,0.92487,0.92505,3.00,1.50
2011.11.17 12:37:14.229,0.92487,0.92505,1.88,1.50
2011.11.17 12:37:14.754,0.92486,0.92502,1.50,1.50
2011.11.17 12:37:15.090,0.92485,0.92501,2.62,1.50
2011.11.17 12:37:15.318,0.92488,0.92504,1.88,1.50
2011.11.17 12:37:15.437,0.92485,0.925,1.12,1.50
2011.11.17 12:37:15.816,0.92485,0.92498,1.12,1.50
2011.11.17 12:37:16.406,0.9248,0.92498,2.62,1.50
2011.11.17 12:37:16.532,0.9248,0.92498,2.62,1.50
2011.11.17 12:37:17.691,0.92485,0.92503,1.50,1.50
2011.11.17 12:37:17.807,0.92483,0.92499,1.88,1.50
2011.11.17 12:37:18.147,0.92479,0.92497,1.88,1.50
2011.11.17 12:37:18.379,0.92482,0.925,1.50,1.50
2011.11.17 12:37:18.889,0.92485,0.92503,1.50,1.50
2011.11.17 12:37:21.007,0.92482,0.925,1.50,1.50
2011.11.17 12:37:23.746,0.92482,0.925,1.88,1.50
2011.11.17 12:37:24.197,0.92487,0.92503,2.25,1.50
2011.11.17 12:37:24.324,0.92492,0.92508,1.50,1.50
2011.11.17 12:37:24.549,0.92492,0.92506,1.50,1.50
2011.11.17 12:37:24.889,0.92487,0.92502,1.12,1.50
2011.11.17 12:37:25.748,0.92484,0.92502,2.62,1.50
2011.11.17 12:37:25.981,0.92485,0.92498,2.25,1.50
2011.11.17 12:37:26.097,0.92489,0.92507,2.25,1.50
2011.11.17 12:37:26.438,0.92485,0.92502,2.25,1.50
2011.11.17 12:37:26.557,0.92484,0.92502,1.50,1.50
2011.11.17 12:37:26.678,0.92481,0.92497,1.88,1.50
2011.11.17 12:37:27.375,0.92481,0.92497,2.25,1.50
2011.11.17 12:37:27.928,0.92481,0.92497,1.88,1.50
2011.11.17 12:37:30.224,0.92478,0.92514,1.12,1.13
2011.11.17 12:37:30.338,0.9249,0.92506,1.50,1.50
2011.11.17 12:37:30.785,0.9249,0.92506,1.88,1.50
2011.11.17 12:37:33.568,0.92494,0.92512,1.50,1.50
2011.11.17 12:37:33.688,0.92498,0.92516,1.50,1.50
2011.11.17 12:37:34.231,0.92495,0.92513,1.50,1.50
2011.11.17 12:37:34.668,0.92498,0.92513,1.50,1.50
2011.11.17 12:37:34.787,0.925,0.92516,1.50,1.50
2011.11.17 12:37:35.558,0.92496,0.92512,1.50,1.50
2011.11.17 12:37:41.735,0.92497,0.92512,1.50,1.50
2011.11.17 12:37:41.857,0.92503,0.92519,1.50,1.50
2011.11.17 12:37:42.308,0.925,0.92513,1.12,1.50
2011.11.17 12:37:43.585,0.92497,0.92513,2.62,1.50
2011.11.17 12:37:45.732,0.92497,0.92513,1.50,1.50
2011.11.17 12:37:45.848,0.92495,0.92505,1.50,1.50
2011.11.17 12:37:45.968,0.92488,0.92506,1.88,1.50
2011.11.17 12:37:46.690,0.92496,0.92507,1.50,1.50
2011.11.17 12:37:46.814,0.92491,0.92507,1.50,1.50
2011.11.17 12:37:48.776,0.92491,0.92507,1.88,1.50
2011.11.17 12:37:49.335,0.92489,0.92505,1.12,1.50
2011.11.17 12:37:51.298,0.92487,0.92505,2.25,1.50
2011.11.17 12:37:51.925,0.92487,0.92505,1.88,1.50
2011.11.17 12:37:52.441,0.92487,0.92505,1.50,1.50
2011.11.17 12:37:56.151,0.92491,0.92509,1.88,1.50
2011.11.17 12:37:56.866,0.9249,0.92506,2.62,1.50
2011.11.17 12:37:57.459,0.92491,0.92509,1.88,1.50
2011.11.17 12:37:57.797,0.92495,0.9251,1.50,1.50
2011.11.17 12:37:58.376,0.92495,0.92511,1.50,1.50
2011.11.17 12:37:59.251,0.92497,0.92515,2.25,1.50
2011.11.17 12:38:00.778,0.92497,0.92515,2.25,1.50
2011.11.17 12:38:00.915,0.92497,0.92514,1.88,1.50
2011.11.17 12:38:01.031,0.92495,0.92511,1.88,1.50
2011.11.17 12:38:01.398,0.92491,0.92509,3.00,1.50
2011.11.17 12:38:02.169,0.92489,0.92505,5.25,1.50
2011.11.17 12:38:02.780,0.92492,0.92508,2.25,1.50
2011.11.17 12:38:02.902,0.92495,0.92511,2.25,1.50
2011.11.17 12:38:03.695,0.92495,0.92511,2.25,1.50
2011.11.17 12:38:05.620,0.92492,0.92509,2.25,1.50
2011.11.17 12:38:06.282,0.92492,0.92508,1.50,1.50
2011.11.17 12:38:06.397,0.92489,0.92506,1.88,1.50
2011.11.17 12:38:06.848,0.92486,0.92502,2.25,1.50
2011.11.17 12:38:07.145,0.92486,0.92502,1.88,1.50
2011.11.17 12:38:07.268,0.92483,0.925,2.25,1.50
2011.11.17 12:38:09.937,0.92486,0.92502,1.88,3.00
2011.11.17 12:38:10.166,0.92488,0.92506,1.50,1.50
2011.11.17 12:38:10.288,0.92488,0.92506,2.25,1.50
2011.11.17 12:38:10.515,0.92492,0.92508,1.88,1.50
2011.11.17 12:38:13.056,0.92495,0.92511,1.50,1.50
2011.11.17 12:38:13.921,0.92497,0.92515,1.50,1.50
2011.11.17 12:38:14.040,0.925,0.92515,2.25,1.50
2011.11.17 12:38:14.272,0.92501,0.92519,2.25,1.50
2011.11.17 12:38:14.691,0.92508,0.92521,2.63,1.50
2011.11.17 12:38:14.922,0.92501,0.92519,2.25,1.50
2011.11.17 12:38:15.292,0.92501,0.92519,1.50,1.50
2011.11.17 12:38:20.770,0.92502,0.92519,1.50,1.50
2011.11.17 12:38:20.889,0.92505,0.92521,1.50,1.50
2011.11.17 12:38:21.655,0.92501,0.92519,1.50,1.50
2011.11.17 12:38:21.885,0.92499,0.92515,1.50,1.50
2011.11.17 12:38:22.005,0.92497,0.92515,1.50,1.50
2011.11.17 12:38:22.127,0.92495,0.92511,1.50,1.50
2011.11.17 12:38:27.618,0.92491,0.92509,1.88,1.50
2011.11.17 12:38:28.154,0.9249,0.92506,1.50,1.50
2011.11.17 12:38:28.280,0.92491,0.92509,1.50,1.50
2011.11.17 12:38:28.399,0.9249,0.92506,1.50,1.50
2011.11.17 12:38:28.737,0.9249,0.92506,2.25,1.50
2011.11.17 12:38:28.972,0.92494,0.92512,1.88,1.50
2011.11.17 12:38:30.545,0.92496,0.92512,1.50,1.50
2011.11.17 12:38:30.666,0.92497,0.92515,1.50,1.50
2011.11.17 12:38:31.527,0.92497,0.92515,1.88,1.50
2011.11.17 12:38:34.257,0.92499,0.92515,1.13,1.50
2011.11.17 12:38:34.486,0.92501,0.92517,1.50,1.50
2011.11.17 12:38:35.157,0.92498,0.92514,1.88,1.50
2011.11.17 12:38:35.496,0.92498,0.92514,2.62,1.50
2011.11.17 12:38:36.224,0.92498,0.92515,2.25,1.50
2011.11.17 12:38:36.337,0.92499,0.92515,1.12,1.50
2011.11.17 12:38:36.463,0.92507,0.92523,1.50,2.25
2011.11.17 12:38:37.020,0.92508,0.92524,1.50,2.25
2011.11.17 12:38:37.962,0.92508,0.92523,1.50,3.00
2011.11.17 12:38:38.094,0.92496,0.92515,2.62,1.50
2011.11.17 12:38:38.537,0.92497,0.92516,1.50,1.50
2011.11.17 12:38:38.989,0.92494,0.92512,3.75,1.50
2011.11.17 12:38:39.455,0.92494,0.92512,1.87,1.50
2011.11.17 12:38:39.908,0.92498,0.92513,1.50,1.50
2011.11.17 12:38:40.029,0.92502,0.92518,1.50,3.00
2011.11.17 12:38:40.538,0.92505,0.92521,1.50,1.50
2011.11.17 12:38:43.682,0.92502,0.92517,1.50,1.50
2011.11.17 12:38:44.289,0.92501,0.92517,1.50,1.50
2011.11.17 12:38:44.406,0.92503,0.92521,1.50,1.50
2011.11.17 12:38:47.689,0.92503,0.9252,1.50,1.50
2011.11.17 12:38:48.128,0.92501,0.92517,1.50,1.50
2011.11.17 12:38:50.106,0.92504,0.9252,1.50,1.50
2011.11.17 12:38:50.656,0.925,0.92518,1.50,1.50
2011.11.17 12:38:51.466,0.925,0.92518,1.88,1.50
2011.11.17 12:38:52.076,0.92504,0.9252,1.50,1.50
2011.11.17 12:38:52.809,0.92507,0.92523,1.50,1.50
2011.11.17 12:38:53.480,0.92504,0.9252,1.50,1.50
2011.11.17 12:38:53.603,0.92502,0.9252,1.88,1.50
2011.11.17 12:38:53.720,0.92501,0.92516,1.88,1.50
2011.11.17 12:38:53.842,0.92502,0.92518,1.50,1.50
2011.11.17 12:38:54.283,0.92502,0.9252,1.50,1.50
2011.11.17 12:38:54.437,0.92509,0.92525,1.50,2.25
2011.11.17 12:38:58.480,0.92509,0.92525,1.88,1.50
2011.11.17 12:38:58.613,0.92512,0.92528,1.50,1.50
2011.11.17 12:38:59.776,0.92509,0.92525,1.50,1.50
2011.11.17 12:39:02.949,0.92511,0.92528,1.50,1.50
2011.11.17 12:39:03.443,0.92511,0.92529,1.87,1.50
2011.11.17 12:39:03.780,0.92511,0.92529,2.25,1.50
2011.11.17 12:39:03.904,0.92511,0.92529,1.50,2.25
2011.11.17 12:39:04.483,0.92514,0.92532,1.50,1.88
2011.11.17 12:39:04.635,0.92519,0.92537,1.50,2.25
2011.11.17 12:39:04.871,0.92524,0.9254,1.50,2.25
2011.11.17 12:39:05.322,0.92522,0.92538,1.50,1.50
2011.11.17 12:39:05.441,0.92524,0.92542,1.50,1.50
2011.11.17 12:39:06.085,0.92524,0.92542,1.50,1.88
2011.11.17 12:39:06.426,0.92519,0.92533,1.50,3.75
2011.11.17 12:39:06.542,0.92515,0.92533,1.50,1.50
2011.11.17 12:39:06.665,0.92517,0.92533,2.25,1.50
2011.11.17 12:39:06.900,0.92522,0.9254,1.50,1.50
2011.11.17 12:39:07.385,0.9253,0.92541,1.50,1.50
2011.11.17 12:39:07.514,0.92536,0.92552,1.50,3.00
2011.11.17 12:39:07.851,0.92536,0.92552,1.50,3.75
2011.11.17 12:39:08.197,0.92513,0.92531,2.25,2.10
2011.11.17 12:39:08.323,0.92511,0.92519,1.50,1.35
2011.11.17 12:39:08.549,0.9249,0.92508,1.50,1.50
2011.11.17 12:39:09.145,0.92491,0.92507,1.50,2.25
2011.11.17 12:39:09.272,0.92488,0.92506,1.50,1.50
2011.11.17 12:39:09.506,0.92486,0.92511,1.50,2.25
2011.11.17 12:39:09.630,0.92486,0.92511,1.50,2.25
2011.11.17 12:39:10.675,0.92485,0.92501,1.50,1.50
2011.11.17 12:39:10.789,0.92483,0.925,1.50,1.50
2011.11.17 12:39:10.910,0.92476,0.92494,1.50,1.50
2011.11.17 12:39:11.266,0.92473,0.92494,1.50,1.50
2011.11.17 12:39:11.731,0.92469,0.92494,1.88,1.50
2011.11.17 12:39:11.852,0.92473,0.92494,1.50,1.50
2011.11.17 12:39:12.474,0.92475,0.92494,1.50,1.50
2011.11.17 12:39:12.823,0.92478,0.92489,3.00,1.50
2011.11.17 12:39:12.941,0.9248,0.92496,1.88,1.50
2011.11.17 12:39:13.060,0.92481,0.92498,1.88,1.50
2011.11.17 12:39:13.181,0.92482,0.92503,1.88,1.50
2011.11.17 12:39:13.520,0.92482,0.92505,1.88,1.50
2011.11.17 12:39:14.035,0.92485,0.92501,1.50,2.25
2011.11.17 12:39:14.152,0.92479,0.92497,1.50,1.50
2011.11.17 12:39:14.706,0.92479,0.92497,1.87,1.50
2011.11.17 12:39:14.826,0.92487,0.92505,1.50,1.88
2011.11.17 12:39:14.950,0.92475,0.92493,2.62,1.50
2011.11.17 12:39:15.871,0.9248,0.92493,1.88,2.25
2011.11.17 12:39:15.998,0.9248,0.92494,1.50,1.50
2011.11.17 12:39:16.095,0.92478,0.92489,2.25,1.50
2011.11.17 12:39:16.210,0.92478,0.92493,2.25,1.50
2011.11.17 12:39:16.330,0.92474,0.92495,1.50,1.50
2011.11.17 12:39:16.666,0.92474,0.92495,2.25,1.50
2011.11.17 12:39:16.789,0.92474,0.92495,1.50,1.88
2011.11.17 12:39:17.597,0.92474,0.92491,1.50,1.50
2011.11.17 12:39:17.734,0.92477,0.92492,1.50,1.50
2011.11.17 12:39:18.289,0.92477,0.92493,3.37,1.50
2011.11.17 12:39:18.408,0.92479,0.92497,1.50,1.50
2011.11.17 12:39:19.042,0.92482,0.92499,1.50,1.50
2011.11.17 12:39:19.177,0.92482,0.925,1.50,1.50
2011.11.17 12:39:19.703,0.92489,0.92507,1.50,1.50
2011.11.17 12:39:20.099,0.92493,0.92509,1.50,3.00
2011.11.17 12:39:20.329,0.92492,0.92511,1.88,1.50
2011.11.17 12:39:20.891,0.92492,0.92513,1.88,1.50
2011.11.17 12:39:21.016,0.92487,0.92516,1.12,1.50
2011.11.17 12:39:21.128,0.9249,0.92513,1.88,1.50
2011.11.17 12:39:21.359,0.9249,0.92516,1.88,3.00
2011.11.17 12:39:21.916,0.9249,0.92516,1.88,1.50
2011.11.17 12:39:22.488,0.92491,0.92515,1.88,1.50
2011.11.17 12:39:23.399,0.92491,0.92516,1.88,1.50
2011.11.17 12:39:24.895,0.92492,0.92516,1.50,1.50
2011.11.17 12:39:25.016,0.92494,0.92516,1.50,1.50
2011.11.17 12:39:25.247,0.92496,0.92519,1.50,1.50
2011.11.17 12:39:25.370,0.92498,0.92521,1.50,1.50
2011.11.17 12:39:26.004,0.92495,0.92519,1.50,1.50
2011.11.17 12:39:26.228,0.92495,0.92519,1.87,2.25
2011.11.17 12:39:26.570,0.92499,0.92516,1.50,2.25
2011.11.17 12:39:26.693,0.92497,0.92515,1.50,1.88
2011.11.17 12:39:26.919,0.92493,0.92513,1.50,1.88
2011.11.17 12:39:27.438,0.92493,0.92513,1.50,1.88
2011.11.17 12:39:27.919,0.92496,0.92517,1.50,2.25
2011.11.17 12:39:28.262,0.92501,0.92518,1.50,1.88
2011.11.17 12:39:28.968,0.92503,0.92521,1.50,2.25
2011.11.17 12:39:29.090,0.925,0.92518,1.50,1.88
2011.11.17 12:39:29.722,0.92501,0.92517,1.50,1.88
2011.11.17 12:39:29.836,0.92499,0.92516,1.50,1.50
2011.11.17 12:39:30.372,0.92502,0.92522,1.50,2.25
2011.11.17 12:39:30.930,0.92501,0.92517,1.50,1.88
2011.11.17 12:39:31.436,0.92501,0.92517,2.25,1.50
2011.11.17 12:39:31.560,0.92501,0.92517,1.50,1.50
2011.11.17 12:39:32.960,0.92498,0.92515,1.50,1.50
2011.11.17 12:39:33.554,0.92497,0.92512,1.50,2.63
2011.11.17 12:39:33.667,0.92497,0.92515,1.50,2.25
2011.11.17 12:39:34.230,0.92496,0.92512,1.50,1.50
2011.11.17 12:39:34.347,0.92493,0.92511,1.88,1.50
2011.11.17 12:39:35.043,0.92493,0.92511,1.50,1.50
2011.11.17 12:39:37.550,0.92497,0.92515,1.50,2.25
2011.11.17 12:39:38.364,0.92495,0.92511,1.88,1.50
2011.11.17 12:39:38.480,0.92491,0.92514,2.25,1.50
2011.11.17 12:39:38.674,0.92491,0.92514,1.50,1.50
2011.11.17 12:39:38.787,0.92496,0.92513,1.50,1.50
2011.11.17 12:39:39.128,0.92493,0.92509,1.50,1.50
2011.11.17 12:39:39.359,0.92486,0.92504,2.63,1.50
2011.11.17 12:39:39.918,0.92486,0.92504,1.50,1.50
2011.11.17 12:39:40.638,0.92491,0.92507,1.50,1.88
2011.11.17 12:39:40.762,0.92487,0.92505,1.50,1.50
2011.11.17 12:39:42.239,0.92491,0.92507,1.50,3.00
2011.11.17 12:39:42.362,0.92493,0.92511,1.50,1.50
2011.11.17 12:39:42.597,0.9249,0.92508,1.50,1.50
2011.11.17 12:39:42.940,0.92495,0.92511,1.50,1.50
2011.11.17 12:39:43.057,0.92497,0.92515,1.50,1.88
2011.11.17 12:39:43.669,0.92495,0.92511,1.50,1.50
2011.11.17 12:39:45.536,0.92495,0.92515,3.00,1.88
2011.11.17 12:39:45.657,0.92498,0.92514,1.50,1.50
2011.11.17 12:39:46.217,0.92498,0.92514,1.50,1.88
2011.11.17 12:39:47.537,0.92498,0.92514,1.50,1.50
2011.11.17 12:39:48.377,0.92494,0.92512,1.50,1.50
2011.11.17 12:39:49.158,0.92494,0.92515,1.50,1.50
2011.11.17 12:39:50.477,0.92496,0.92516,1.50,1.50
2011.11.17 12:39:51.566,0.92494,0.92514,3.00,1.50
2011.11.17 12:39:53.168,0.92494,0.9251,1.50,1.50
2011.11.17 12:39:55.837,0.92494,0.9251,1.88,1.50
2011.11.17 12:39:56.484,0.92494,0.9251,1.50,1.50
2011.11.17 12:39:56.606,0.92493,0.92512,1.50,1.50
2011.11.17 12:39:57.158,0.92493,0.92511,1.50,1.50
2011.11.17 12:39:57.622,0.92492,0.92509,1.50,1.50
2011.11.17 12:39:57.741,0.92489,0.92507,1.50,1.50
2011.11.17 12:39:58.375,0.9249,0.92508,1.50,1.50
2011.11.17 12:40:00.548,0.92493,0.92511,1.50,1.50
2011.11.17 12:40:01.248,0.92491,0.92511,1.50,1.50
2011.11.17 12:40:01.601,0.92491,0.92508,1.50,1.50
2011.11.17 12:40:01.736,0.92495,0.92513,1.50,1.50
2011.11.17 12:40:02.302,0.92494,0.92513,1.50,1.50
2011.11.17 12:40:02.420,0.92491,0.92514,1.50,1.50
2011.11.17 12:40:02.791,0.92489,0.9251,1.50,1.50
2011.11.17 12:40:03.425,0.92491,0.92507,1.50,1.50
2011.11.17 12:40:03.893,0.92496,0.92512,1.50,1.50
2011.11.17 12:40:04.231,0.92488,0.92504,1.50,1.50
2011.11.17 12:40:04.695,0.9249,0.92508,1.50,1.50
2011.11.17 12:40:04.962,0.9249,0.92505,1.50,1.50
2011.11.17 12:40:05.438,0.92485,0.92503,1.50,1.50
2011.11.17 12:40:05.567,0.92479,0.92497,1.50,1.50
2011.11.17 12:40:05.911,0.92481,0.92497,1.50,1.50
2011.11.17 12:40:06.142,0.92477,0.92495,1.50,1.50
2011.11.17 12:40:06.257,0.92479,0.92495,1.12,1.50
2011.11.17 12:40:06.490,0.92481,0.92497,2.25,1.50
2011.11.17 12:40:07.567,0.92479,0.92495,1.12,1.50
2011.11.17 12:40:08.182,0.92481,0.92497,1.88,1.50
2011.11.17 12:40:08.627,0.92477,0.92494,2.25,1.50
2011.11.17 12:40:08.858,0.92484,0.92502,2.25,1.50
2011.11.17 12:40:08.978,0.92482,0.92498,1.87,1.50
2011.11.17 12:40:09.100,0.92476,0.92492,1.87,1.50
2011.11.17 12:40:09.437,0.92473,0.92489,2.25,1.50
2011.11.17 12:40:09.946,0.92473,0.92489,1.50,1.50
2011.11.17 12:40:10.096,0.92472,0.9249,1.50,1.50
2011.11.17 12:40:10.213,0.92469,0.92487,1.50,1.50
2011.11.17 12:40:10.659,0.92468,0.92484,2.25,1.50
2011.11.17 12:40:10.886,0.92471,0.92489,1.88,1.50
2011.11.17 12:40:11.490,0.92469,0.92485,1.50,1.50
2011.11.17 12:40:11.829,0.92469,0.92488,1.50,1.50
2011.11.17 12:40:12.947,0.9247,0.9249,1.50,1.50
2011.11.17 12:40:14.279,0.92468,0.92484,1.88,3.00
2011.11.17 12:40:14.884,0.92471,0.92481,2.25,1.50
2011.11.17 12:40:15.006,0.92473,0.9249,1.88,1.50
2011.11.17 12:40:16.506,0.92471,0.92487,1.50,1.50
2011.11.17 12:40:17.357,0.92468,0.92485,1.50,1.50
2011.11.17 12:40:17.498,0.92468,0.92485,1.88,1.50
2011.11.17 12:40:17.614,0.92472,0.92489,1.50,1.50
2011.11.17 12:40:17.735,0.92468,0.92486,1.88,1.50
2011.11.17 12:40:17.963,0.92465,0.92486,1.50,1.50
2011.11.17 12:40:18.084,0.92464,0.92482,1.50,1.50
2011.11.17 12:40:18.204,0.92462,0.92482,1.50,1.50
2011.11.17 12:40:18.780,0.92462,0.92485,1.50,1.50
2011.11.17 12:40:19.335,0.92462,0.92485,2.25,1.50
2011.11.17 12:40:19.804,0.92468,0.92486,1.50,1.50
2011.11.17 12:40:20.542,0.92468,0.92486,1.88,1.50
2011.11.17 12:40:23.031,0.92466,0.92483,1.12,1.50
2011.11.17 12:40:23.753,0.92469,0.92484,1.88,1.50
2011.11.17 12:40:24.532,0.92469,0.92485,1.88,1.50
2011.11.17 12:40:26.910,0.92471,0.92489,1.50,1.50
2011.11.17 12:40:27.233,0.92468,0.92488,2.25,1.50
2011.11.17 12:40:27.355,0.92471,0.92489,1.50,1.50
2011.11.17 12:40:28.005,0.9247,0.92485,1.88,1.50
2011.11.17 12:40:28.830,0.92473,0.92489,2.25,1.50
2011.11.17 12:40:29.255,0.92475,0.92493,2.25,1.50
2011.11.17 12:40:29.384,0.92471,0.92486,1.50,1.50
2011.11.17 12:40:29.723,0.92465,0.92481,1.88,1.50
2011.11.17 12:40:29.844,0.92467,0.92485,1.88,1.50
2011.11.17 12:40:29.960,0.92464,0.9248,2.25,1.50
2011.11.17 12:40:30.262,0.92464,0.9248,1.50,1.50
2011.11.17 12:40:31.306,0.92464,0.92482,1.50,1.50
2011.11.17 12:40:31.860,0.92463,0.92486,1.50,1.50
2011.11.17 12:40:32.312,0.92466,0.92482,1.50,1.50
2011.11.17 12:40:32.650,0.92468,0.92485,1.50,1.50
2011.11.17 12:40:32.879,0.92464,0.92486,1.88,1.50
2011.11.17 12:40:33.450,0.92464,0.92482,1.50,2.25
2011.11.17 12:40:33.798,0.92467,0.92483,2.25,1.50
2011.11.17 12:40:34.130,0.9247,0.92486,1.88,3.00
2011.11.17 12:40:34.363,0.92475,0.92492,1.88,1.50
2011.11.17 12:40:34.481,0.92477,0.92495,1.50,1.50
2011.11.17 12:40:35.477,0.92478,0.92499,1.50,1.50
2011.11.17 12:40:35.590,0.92481,0.92501,1.50,1.88
2011.11.17 12:40:37.881,0.92479,0.925,1.50,1.50
2011.11.17 12:40:38.112,0.92476,0.92498,1.88,1.50
2011.11.17 12:40:38.848,0.92475,0.92496,2.25,1.50
2011.11.17 12:40:39.398,0.92475,0.92496,1.50,1.50
2011.11.17 12:40:40.898,0.92476,0.92498,1.50,3.38
2011.11.17 12:40:42.503,0.92483,0.92499,1.50,3.38
2011.11.17 12:40:43.502,0.9248,0.92498,1.50,1.88
2011.11.17 12:40:43.619,0.92476,0.92499,1.50,1.88
2011.11.17 12:40:43.741,0.92478,0.92498,1.50,1.88
2011.11.17 12:40:44.820,0.92479,0.92498,1.50,1.50
2011.11.17 12:40:45.161,0.92483,0.92503,1.50,2.25
2011.11.17 12:40:45.281,0.92483,0.92503,1.50,1.50
2011.11.17 12:40:46.008,0.92483,0.92502,1.50,1.50
2011.11.17 12:40:46.127,0.92486,0.92502,1.50,1.50
2011.11.17 12:40:53.229,0.92486,0.925,1.50,1.50
2011.11.17 12:40:53.349,0.92482,0.92498,1.50,1.50
2011.11.17 12:40:54.250,0.92478,0.92497,1.50,1.50
2011.11.17 12:40:55.190,0.92474,0.92494,1.50,1.50
2011.11.17 12:40:55.323,0.92471,0.92493,1.88,1.50
2011.11.17 12:40:55.444,0.92475,0.92494,1.50,1.50
2011.11.17 12:40:55.560,0.92473,0.92494,1.50,1.50
2011.11.17 12:40:56.273,0.92475,0.92493,1.50,1.50
2011.11.17 12:40:57.053,0.92478,0.92494,1.50,1.50
2011.11.17 12:40:59.541,0.92475,0.92491,1.88,1.50
2011.11.17 12:40:59.896,0.92483,0.92499,1.50,1.50
2011.11.17 12:41:00.013,0.92483,0.92499,2.25,1.50
2011.11.17 12:41:00.638,0.92479,0.92497,1.88,1.50
2011.11.17 12:41:01.141,0.92479,0.92497,1.50,1.50
2011.11.17 12:41:01.589,0.92476,0.92494,1.50,1.50
2011.11.17 12:41:02.780,0.9248,0.92496,1.50,3.00
2011.11.17 12:41:03.013,0.9248,0.92495,1.50,1.50
2011.11.17 12:41:03.130,0.92476,0.92494,1.50,1.50
2011.11.17 12:41:03.750,0.9248,0.92496,1.50,1.50
2011.11.17 12:41:04.421,0.92477,0.92493,1.50,1.50
2011.11.17 12:41:05.169,0.92479,0.92494,1.50,1.13
2011.11.17 12:41:05.806,0.92476,0.92492,1.50,1.88
2011.11.17 12:41:06.142,0.92473,0.92489,3.00,1.50
2011.11.17 12:41:07.631,0.92474,0.92489,1.50,1.50
2011.11.17 12:41:07.752,0.92477,0.92493,1.50,1.50
2011.11.17 12:41:08.474,0.92477,0.92492,1.50,1.50
2011.11.17 12:41:09.035,0.92473,0.92487,1.88,1.50
2011.11.17 12:41:09.154,0.9247,0.92485,1.88,1.50
2011.11.17 12:41:09.567,0.92472,0.92488,1.50,1.88
2011.11.17 12:41:09.683,0.92469,0.92486,1.50,1.50
2011.11.17 12:41:10.322,0.92467,0.92486,1.50,1.50
2011.11.17 12:41:10.442,0.92471,0.92486,1.50,1.50
2011.11.17 12:41:10.564,0.92472,0.9249,1.50,1.50
2011.11.17 12:41:13.663,0.92479,0.92495,1.50,1.50
2011.11.17 12:41:15.782,0.92477,0.92492,1.50,1.50
2011.11.17 12:41:16.736,0.92473,0.92489,1.50,1.50
2011.11.17 12:41:16.876,0.92469,0.92485,1.50,1.50
2011.11.17 12:41:17.594,0.92476,0.92491,1.50,1.88
2011.11.17 12:41:17.712,0.92477,0.92495,1.50,1.88
2011.11.17 12:41:18.182,0.92476,0.92492,1.50,1.50
2011.11.17 12:41:18.668,0.92478,0.92494,1.50,1.50
2011.11.17 12:41:19.011,0.92475,0.92491,1.50,1.50
2011.11.17 12:41:19.684,0.92475,0.92491,1.88,1.50
2011.11.17 12:41:20.028,0.92471,0.92489,2.25,1.50
2011.11.17 12:41:20.565,0.92471,0.92487,1.50,1.50
2011.11.17 12:41:20.682,0.92471,0.92489,1.50,1.50
2011.11.17 12:41:21.025,0.9247,0.92486,1.50,1.50
2011.11.17 12:41:21.145,0.92468,0.92486,1.50,1.50
2011.11.17 12:41:21.702,0.92468,0.92486,1.88,1.50
2011.11.17 12:41:21.930,0.92472,0.92488,1.50,1.50
2011.11.17 12:41:23.204,0.92472,0.92487,1.88,1.50
2011.11.17 12:41:23.541,0.92469,0.92485,2.25,1.50
2011.11.17 12:41:23.774,0.92473,0.92491,1.88,1.50
2011.11.17 12:41:23.896,0.92481,0.92499,1.50,1.50
2011.11.17 12:41:24.759,0.92479,0.92495,1.50,1.50
2011.11.17 12:41:27.002,0.92481,0.92499,1.50,1.50
2011.11.17 12:41:27.446,0.92481,0.92499,2.25,1.50
2011.11.17 12:41:27.568,0.92485,0.92501,1.88,1.50
2011.11.17 12:41:28.570,0.92482,0.92498,3.75,1.50
2011.11.17 12:41:28.696,0.92482,0.92498,1.50,1.50
2011.11.17 12:41:29.043,0.92482,0.92498,1.88,1.50
2011.11.17 12:41:29.456,0.92492,0.92509,1.50,1.13
2011.11.17 12:41:29.681,0.92489,0.92506,1.50,2.25
2011.11.17 12:41:29.803,0.92487,0.92503,1.50,1.50
2011.11.17 12:41:30.034,0.92487,0.92503,1.88,1.50
2011.11.17 12:41:30.672,0.92489,0.92506,1.88,1.50
2011.11.17 12:41:30.904,0.92489,0.92507,1.50,2.25
2011.11.17 12:41:38.091,0.92486,0.92504,1.88,1.50
2011.11.17 12:41:38.241,0.92504,0.92515,1.50,1.50
2011.11.17 12:41:38.771,0.92504,0.92519,1.87,1.50
2011.11.17 12:41:39.004,0.92504,0.92519,1.50,1.50
2011.11.17 12:41:39.344,0.92506,0.92522,1.50,1.50
2011.11.17 12:41:40.406,0.92503,0.92519,1.50,1.50
2011.11.17 12:41:41.372,0.92503,0.92518,1.50,1.50
2011.11.17 12:41:41.492,0.925,0.92516,1.50,1.50
2011.11.17 12:41:42.390,0.92503,0.92519,1.50,1.50
2011.11.17 12:41:42.512,0.92499,0.92518,1.50,1.50
2011.11.17 12:41:42.791,0.92498,0.92514,1.50,1.50
2011.11.17 12:41:43.132,0.92501,0.92517,1.50,1.50
2011.11.17 12:41:43.365,0.92502,0.9252,1.88,1.50
2011.11.17 12:41:44.305,0.92501,0.92519,1.87,1.50
2011.11.17 12:41:44.436,0.92505,0.92521,1.50,1.50
2011.11.17 12:41:44.774,0.92511,0.92527,1.50,1.50
2011.11.17 12:41:46.886,0.92507,0.92525,1.50,1.50
2011.11.17 12:41:47.312,0.92511,0.92527,2.25,3.00
2011.11.17 12:41:47.977,0.92518,0.92538,1.50,1.88
2011.11.17 12:41:48.092,0.92517,0.92533,1.50,1.50
2011.11.17 12:41:48.999,0.92517,0.92533,1.50,2.25
2011.11.17 12:41:49.225,0.92512,0.9253,1.50,1.88
2011.11.17 12:41:49.344,0.92516,0.92532,1.50,2.25
2011.11.17 12:41:49.683,0.92519,0.92537,1.50,3.75
2011.11.17 12:41:49.802,0.92519,0.92537,1.50,1.50
2011.11.17 12:41:50.401,0.92514,0.9253,1.50,1.50
2011.11.17 12:41:50.634,0.92517,0.92536,1.50,1.50
2011.11.17 12:41:50.859,0.92515,0.92533,1.50,1.50
2011.11.17 12:41:51.200,0.92514,0.92533,2.25,1.50
2011.11.17 12:41:51.782,0.92516,0.92534,1.88,1.50
2011.11.17 12:41:52.171,0.92513,0.92529,1.50,1.50
2011.11.17 12:41:53.040,0.92511,0.92527,1.50,1.50
2011.11.17 12:41:53.161,0.92509,0.92527,1.88,1.50
2011.11.17 12:41:53.282,0.92508,0.92523,1.88,1.50
2011.11.17 12:41:53.646,0.92504,0.9252,1.87,1.88
2011.11.17 12:41:53.768,0.92501,0.92517,1.87,1.50
2011.11.17 12:41:53.883,0.92501,0.92517,1.50,1.50
2011.11.17 12:41:54.866,0.92498,0.9251,1.50,1.50
2011.11.17 12:41:54.990,0.92486,0.92504,1.88,1.50
2011.11.17 12:41:55.441,0.92485,0.92501,2.25,1.50
2011.11.17 12:41:55.755,0.92488,0.92504,1.88,3.00
2011.11.17 12:41:58.246,0.92481,0.92497,2.25,1.50
2011.11.17 12:41:59.604,0.92478,0.92495,2.25,1.50
2011.11.17 12:42:00.443,0.92477,0.92495,2.25,1.50
2011.11.17 12:42:00.561,0.9248,0.92499,1.88,1.50
2011.11.17 12:42:03.585,0.92482,0.925,1.50,1.50
2011.11.17 12:42:06.370,0.92481,0.92498,1.50,1.50
2011.11.17 12:42:06.985,0.92478,0.92496,1.88,1.50
2011.11.17 12:42:07.581,0.92476,0.92494,2.62,1.50
2011.11.17 12:42:08.561,0.92476,0.92494,1.50,1.50
2011.11.17 12:42:16.539,0.9248,0.92496,1.88,1.50
2011.11.17 12:42:20.797,0.92482,0.92496,3.75,1.50
2011.11.17 12:42:20.974,0.92489,0.92505,1.88,3.75
2011.11.17 12:42:21.182,0.92492,0.92505,2.25,3.00
2011.11.17 12:42:22.119,0.92494,0.92509,1.12,1.50
2011.11.17 12:42:22.975,0.92494,0.92504,1.12,1.50
2011.11.17 12:42:23.312,0.92492,0.92504,1.12,1.50
2011.11.17 12:42:23.435,0.92493,0.92509,1.88,1.50
2011.11.17 12:42:24.060,0.92493,0.92509,2.25,1.50
2011.11.17 12:42:24.377,0.92497,0.92509,3.37,1.50
2011.11.17 12:42:24.492,0.92498,0.92513,3.00,1.50
2011.11.17 12:42:25.220,0.92493,0.9251,2.25,1.50
2011.11.17 12:42:25.522,0.92492,0.9251,2.25,1.50
2011.11.17 12:42:26.682,0.92491,0.92507,1.12,1.50
2011.11.17 12:42:26.803,0.92489,0.92507,2.25,1.50
2011.11.17 12:42:27.599,0.92493,0.92509,1.50,1.50
2011.11.17 12:42:30.943,0.92497,0.92513,1.50,1.50
2011.11.17 12:42:33.392,0.92497,0.92511,1.50,1.50
2011.11.17 12:42:33.511,0.92492,0.9251,2.25,1.50
2011.11.17 12:42:34.493,0.92491,0.92506,2.25,1.50
2011.11.17 12:42:34.944,0.92494,0.92506,1.12,1.50
2011.11.17 12:42:35.507,0.92496,0.92509,1.12,1.50
2011.11.17 12:42:35.732,0.92499,0.92515,1.88,1.50
2011.11.17 12:42:36.120,0.92499,0.92517,1.88,1.50
2011.11.17 12:42:36.227,0.92496,0.92514,2.25,1.50
2011.11.17 12:42:36.347,0.92496,0.92514,1.50,1.50
2011.11.17 12:42:39.459,0.92493,0.92511,2.25,1.50
2011.11.17 12:42:39.583,0.92493,0.92511,1.50,1.88
2011.11.17 12:42:40.034,0.92492,0.92508,1.88,1.50
2011.11.17 12:42:40.368,0.92494,0.9251,1.50,1.50
2011.11.17 12:42:40.813,0.92496,0.92514,1.50,1.50
2011.11.17 12:42:41.860,0.92493,0.92511,1.50,1.50
2011.11.17 12:42:44.575,0.92491,0.92507,1.88,1.50
2011.11.17 12:42:44.785,0.92491,0.92507,1.50,2.25
2011.11.17 12:42:45.123,0.92481,0.92499,1.50,1.50
2011.11.17 12:42:46.022,0.92485,0.92501,1.50,3.00
2011.11.17 12:42:47.323,0.92488,0.92504,1.50,1.50
2011.11.17 12:42:47.703,0.9249,0.92508,1.50,1.50
2011.11.17 12:42:49.255,0.92496,0.92512,1.50,1.50
2011.11.17 12:42:49.699,0.92498,0.92516,1.50,1.50
2011.11.17 12:42:50.060,0.92495,0.92513,1.50,1.50
2011.11.17 12:42:50.409,0.92499,0.92515,1.50,1.50
2011.11.17 12:42:51.790,0.92501,0.92519,1.50,1.50
2011.11.17 12:42:54.204,0.92501,0.92519,1.50,1.88
2011.11.17 12:42:54.721,0.92499,0.92515,1.50,1.50
2011.11.17 12:42:55.670,0.92496,0.92512,1.50,1.50
2011.11.17 12:42:57.210,0.92493,0.92509,1.50,1.50
2011.11.17 12:42:57.778,0.9249,0.92506,1.50,1.50
2011.11.17 12:42:58.335,0.9249,0.92506,1.50,1.88
2011.11.17 12:42:58.561,0.92487,0.92503,1.50,1.50
2011.11.17 12:42:58.790,0.92487,0.92503,3.37,1.50
2011.11.17 12:42:58.911,0.9249,0.92506,1.50,1.50
2011.11.17 12:43:00.376,0.92487,0.92503,1.50,1.50
2011.11.17 12:43:00.812,0.92483,0.92501,2.25,1.50
2011.11.17 12:43:01.266,0.92487,0.92504,2.63,1.50
2011.11.17 12:43:01.504,0.92489,0.92507,1.50,1.88
2011.11.17 12:43:02.881,0.92489,0.92507,2.25,1.50
2011.11.17 12:43:03.007,0.92491,0.92509,1.88,1.50
2011.11.17 12:43:03.122,0.92497,0.92509,2.25,1.50
2011.11.17 12:43:03.681,0.925,0.9251,1.50,1.50
2011.11.17 12:43:03.802,0.92494,0.92512,1.50,1.50
2011.11.17 12:43:04.162,0.92493,0.92509,1.50,1.50
2011.11.17 12:43:04.503,0.92495,0.92511,1.50,1.50
2011.11.17 12:43:05.837,0.92492,0.92507,1.88,1.50
2011.11.17 12:43:06.394,0.92491,0.92507,1.50,1.50
2011.11.17 12:43:07.594,0.92495,0.92511,1.50,1.50
2011.11.17 12:43:07.937,0.92491,0.92509,1.88,1.50
2011.11.17 12:43:08.269,0.92491,0.92509,1.50,1.50
2011.11.17 12:43:08.941,0.92489,0.92505,1.88,1.50
2011.11.17 12:43:11.829,0.92487,0.92502,1.50,1.50
2011.11.17 12:43:12.423,0.92486,0.92502,1.50,1.50
2011.11.17 12:43:13.029,0.92483,0.92499,1.50,1.50
2011.11.17 12:43:14.819,0.9248,0.92497,1.88,1.50
2011.11.17 12:43:15.444,0.92486,0.92501,1.88,1.50
2011.11.17 12:43:15.562,0.92488,0.92505,1.50,1.50
2011.11.17 12:43:16.084,0.92488,0.92506,1.50,1.50
2011.11.17 12:43:16.975,0.92494,0.9251,1.88,1.50
2011.11.17 12:43:17.571,0.925,0.92516,1.50,1.88
2011.11.17 12:43:17.691,0.92498,0.92513,1.50,1.50
2011.11.17 12:43:18.271,0.92497,0.92513,1.50,1.50
2011.11.17 12:43:18.612,0.92494,0.92512,1.50,1.50
2011.11.17 12:43:19.326,0.92489,0.92505,1.50,1.50
2011.11.17 12:43:19.668,0.92492,0.92508,1.50,1.50
2011.11.17 12:43:20.115,0.92495,0.92511,1.50,1.50
2011.11.17 12:43:20.454,0.92498,0.92514,1.50,1.88
2011.11.17 12:43:21.269,0.925,0.92518,1.50,2.25
2011.11.17 12:43:21.383,0.925,0.92518,1.50,1.50
2011.11.17 12:43:21.957,0.92504,0.92517,1.50,1.50
2011.11.17 12:43:22.185,0.92499,0.92515,1.50,1.50
2011.11.17 12:43:22.845,0.92499,0.92514,1.50,1.50
2011.11.17 12:43:23.422,0.92496,0.92512,1.50,1.50
2011.11.17 12:43:23.566,0.92502,0.92518,1.50,1.50
2011.11.17 12:43:23.912,0.92504,0.92522,1.50,1.88
2011.11.17 12:43:24.142,0.92507,0.92525,1.50,1.88
2011.11.17 12:43:25.763,0.92505,0.92521,1.50,1.50
2011.11.17 12:43:26.101,0.92502,0.92518,1.50,1.50
2011.11.17 12:43:26.223,0.92504,0.92522,1.50,1.50
2011.11.17 12:43:26.340,0.92509,0.92523,1.50,1.50
2011.11.17 12:43:26.682,0.92514,0.9253,1.50,2.63
2011.11.17 12:43:27.239,0.9251,0.92528,1.50,2.25
2011.11.17 12:43:28.060,0.92505,0.92521,1.50,1.50
2011.11.17 12:43:28.510,0.92502,0.92518,1.50,1.50
2011.11.17 12:43:29.181,0.92498,0.92514,1.50,1.50
2011.11.17 12:43:29.608,0.92495,0.92511,3.75,1.50
2011.11.17 12:43:29.724,0.92497,0.92515,1.50,1.88
2011.11.17 12:43:32.503,0.92501,0.92519,1.50,2.25
2011.11.17 12:43:33.112,0.92498,0.92516,1.50,1.50
2011.11.17 12:43:33.831,0.92502,0.92518,1.50,3.00
2011.11.17 12:43:34.282,0.92499,0.92515,3.00,1.50
2011.11.17 12:43:34.619,0.92496,0.92512,1.50,1.88
2011.11.17 12:43:35.584,0.92496,0.92512,1.50,1.88
2011.11.17 12:43:35.937,0.92494,0.9251,1.50,1.50
2011.11.17 12:43:36.050,0.92492,0.9251,1.50,1.50
2011.11.17 12:43:37.130,0.92495,0.92512,1.50,1.88
2011.11.17 12:43:39.069,0.92493,0.92509,1.50,1.50
2011.11.17 12:43:39.303,0.92489,0.92507,1.88,1.50
2011.11.17 12:43:39.683,0.92492,0.9251,1.50,1.50
2011.11.17 12:43:44.425,0.92495,0.9251,1.50,1.50
2011.11.17 12:43:44.544,0.92497,0.92514,1.50,1.50
2011.11.17 12:43:44.661,0.92503,0.92519,1.50,3.00
2011.11.17 12:43:45.108,0.92499,0.92517,1.50,1.50
2011.11.17 12:43:45.222,0.92493,0.92511,1.50,1.50
2011.11.17 12:43:45.589,0.9249,0.92508,1.50,1.50
2011.11.17 12:43:45.931,0.92487,0.92505,1.50,1.50
2011.11.17 12:43:46.271,0.92492,0.9251,1.50,1.50
2011.11.17 12:43:47.270,0.92495,0.92514,1.50,2.63
2011.11.17 12:43:47.600,0.92497,0.92515,1.50,1.50
2011.11.17 12:43:47.940,0.92491,0.92507,1.50,1.50
2011.11.17 12:43:48.322,0.92494,0.9251,1.50,1.50
2011.11.17 12:43:49.831,0.92493,0.92511,1.50,1.50
2011.11.17 12:43:51.489,0.92491,0.92508,1.50,1.50
2011.11.17 12:43:51.943,0.92488,0.92504,1.50,1.50
2011.11.17 12:43:52.466,0.92485,0.92501,1.50,1.50
2011.11.17 12:43:53.113,0.92485,0.925,1.50,1.50
2011.11.17 12:43:53.232,0.92482,0.92498,1.50,1.50
2011.11.17 12:43:53.889,0.92485,0.92501,1.50,1.50
2011.11.17 12:43:54.850,0.92482,0.92498,3.00,1.50
2011.11.17 12:43:55.903,0.92479,0.92495,3.00,1.50
2011.11.17 12:43:57.003,0.9248,0.92495,1.50,1.50
2011.11.17 12:43:57.122,0.92482,0.92498,1.50,1.50
2011.11.17 12:43:57.815,0.92486,0.92504,1.50,1.50
2011.11.17 12:43:57.934,0.9249,0.92506,1.50,1.88
2011.11.17 12:43:58.202,0.92487,0.92503,1.50,1.50
2011.11.17 12:43:59.050,0.9249,0.92506,1.50,1.50
2011.11.17 12:43:59.389,0.92493,0.92509,1.50,1.50
2011.11.17 12:43:59.673,0.92495,0.92513,1.50,1.50
2011.11.17 12:43:59.900,0.92492,0.9251,1.88,1.50
2011.11.17 12:44:00.241,0.92497,0.92513,1.87,4.50
2011.11.17 12:44:00.361,0.92497,0.92513,1.50,4.50
2011.11.17 12:44:00.485,0.92497,0.92513,1.50,3.75
2011.11.17 12:44:00.712,0.92497,0.92513,1.50,2.25
2011.11.17 12:44:01.201,0.92495,0.92507,1.50,1.50
2011.11.17 12:44:01.333,0.92488,0.92504,1.50,1.50
2011.11.17 12:44:01.444,0.92484,0.925,1.88,1.50
2011.11.17 12:44:02.164,0.92484,0.925,1.50,1.50
2011.11.17 12:44:02.284,0.92486,0.92504,1.50,1.88
2011.11.17 12:44:05.147,0.9249,0.92508,2.25,1.50
2011.11.17 12:44:05.373,0.925,0.92516,1.50,1.50
2011.11.17 12:44:05.883,0.92496,0.92514,1.50,1.50
2011.11.17 12:44:06.111,0.92493,0.92511,1.88,1.50
2011.11.17 12:44:06.453,0.92493,0.92511,2.25,1.50
2011.11.17 12:44:06.777,0.92501,0.92519,1.50,1.88
2011.11.17 12:44:07.241,0.925,0.92514,1.88,1.50
2011.11.17 12:44:07.562,0.92494,0.92512,2.25,1.50
2011.11.17 12:44:07.801,0.92494,0.92512,1.88,1.50
2011.11.17 12:44:10.484,0.92494,0.92512,1.50,2.25
2011.11.17 12:44:10.711,0.92491,0.92509,1.50,1.88
2011.11.17 12:44:11.058,0.92489,0.92505,1.50,1.50
2011.11.17 12:44:11.394,0.92489,0.92505,1.88,1.50
2011.11.17 12:44:11.514,0.92492,0.92508,1.50,1.50
2011.11.17 12:44:11.631,0.92494,0.92512,1.50,1.50
2011.11.17 12:44:11.864,0.92492,0.92508,1.87,1.50
2011.11.17 12:44:12.521,0.92492,0.92508,1.87,1.50
2011.11.17 12:44:13.079,0.92489,0.92506,1.12,1.50
2011.11.17 12:44:13.462,0.92488,0.92506,1.50,2.25
2011.11.17 12:44:13.691,0.92488,0.92506,1.88,1.50
2011.11.17 12:44:13.811,0.92485,0.92503,2.62,1.50
2011.11.17 12:44:14.494,0.92489,0.92505,1.50,2.25
2011.11.17 12:44:14.614,0.92486,0.92502,1.50,1.88
2011.11.17 12:44:16.354,0.92483,0.92499,1.50,1.50
2011.11.17 12:44:16.695,0.9248,0.92496,1.88,1.50
2011.11.17 12:44:17.288,0.9248,0.92496,1.50,1.50
2011.11.17 12:44:17.512,0.92476,0.92494,1.50,1.88
2011.11.17 12:44:18.273,0.9248,0.92498,1.50,1.50
2011.11.17 12:44:18.611,0.92487,0.92503,1.50,1.50
2011.11.17 12:44:19.294,0.92483,0.92499,1.50,1.50
2011.11.17 12:44:19.761,0.9248,0.92496,1.88,1.50
2011.11.17 12:44:20.115,0.92477,0.92493,3.00,1.88
2011.11.17 12:44:20.453,0.92479,0.92492,1.50,2.25
2011.11.17 12:44:20.954,0.92479,0.92493,1.50,2.25
2011.11.17 12:44:21.074,0.92477,0.92493,1.50,1.50
2011.11.17 12:44:23.270,0.92475,0.92491,1.50,1.50
2011.11.17 12:44:23.389,0.92473,0.92491,1.50,1.50
2011.11.17 12:44:24.301,0.92474,0.9249,1.50,3.38
2011.11.17 12:44:25.994,0.92477,0.92492,1.50,3.75
2011.11.17 12:44:26.834,0.92477,0.92493,1.50,1.50
2011.11.17 12:44:27.164,0.92474,0.9249,2.25,1.50
2011.11.17 12:44:27.499,0.92474,0.9249,1.50,1.50
2011.11.17 12:44:28.021,0.9247,0.92488,2.25,1.50
2011.11.17 12:44:28.260,0.92474,0.9249,1.50,3.00
2011.11.17 12:44:30.701,0.92477,0.92493,1.50,1.88
2011.11.17 12:44:31.029,0.92477,0.92493,2.25,1.88
2011.11.17 12:44:31.373,0.92481,0.92497,1.50,3.00
2011.11.17 12:44:31.492,0.92477,0.92495,2.25,1.50
2011.11.17 12:44:32.033,0.92477,0.92495,1.50,1.50
2011.11.17 12:44:33.810,0.92475,0.92492,1.50,1.50
2011.11.17 12:44:34.327,0.92474,0.92492,1.50,3.75
2011.11.17 12:44:35.133,0.92478,0.92492,1.50,2.25
2011.11.17 12:44:35.746,0.92478,0.92494,1.50,1.88
2011.11.17 12:44:36.142,0.92474,0.92492,1.50,1.50
2011.11.17 12:44:38.080,0.92477,0.92495,1.50,1.50
2011.11.17 12:44:38.187,0.92473,0.92489,1.50,1.50
2011.11.17 12:44:38.303,0.92471,0.92489,1.50,1.50
2011.11.17 12:44:39.286,0.92481,0.92496,1.50,1.88
2011.11.17 12:44:40.402,0.92484,0.92502,1.50,1.88
2011.11.17 12:44:40.849,0.92487,0.92505,1.50,1.50
2011.11.17 12:44:42.243,0.92486,0.92501,1.50,1.50
2011.11.17 12:44:42.918,0.92481,0.92494,1.50,2.25
2011.11.17 12:44:43.163,0.92474,0.9249,1.50,1.88
2011.11.17 12:44:43.281,0.92472,0.92487,1.50,1.50
2011.11.17 12:44:43.511,0.92474,0.92492,1.50,3.38
2011.11.17 12:44:43.633,0.92479,0.92494,1.50,2.25
2011.11.17 12:44:43.862,0.92479,0.92495,1.50,2.63
2011.11.17 12:44:45.123,0.92482,0.92498,1.50,1.50
2011.11.17 12:44:45.983,0.92478,0.92496,1.50,1.50
2011.11.17 12:44:46.104,0.92475,0.92493,1.50,1.50
2011.11.17 12:44:46.780,0.92479,0.92495,1.50,1.50
2011.11.17 12:44:49.215,0.92476,0.92492,3.00,1.50
2011.11.17 12:44:50.010,0.92478,0.92496,1.50,2.25
2011.11.17 12:44:50.358,0.92478,0.92496,1.50,1.50
2011.11.17 12:44:50.511,0.92477,0.92492,1.50,1.50
2011.11.17 12:44:51.119,0.92476,0.92492,1.50,1.50
2011.11.17 12:44:51.740,0.92478,0.92496,1.50,1.50
2011.11.17 12:44:51.856,0.92471,0.92489,2.25,1.50
2011.11.17 12:44:52.523,0.92474,0.92492,1.50,1.50
2011.11.17 12:44:52.910,0.9248,0.92498,1.50,2.25
2011.11.17 12:44:54.036,0.92476,0.92494,1.50,1.50
2011.11.17 12:44:54.486,0.92478,0.92494,1.50,1.50
2011.11.17 12:44:55.020,0.92477,0.92493,1.50,1.88
2011.11.17 12:44:56.202,0.92475,0.9249,1.50,1.50
2011.11.17 12:44:56.752,0.92474,0.9249,1.50,1.50
2011.11.17 12:44:57.451,0.92474,0.9249,1.50,2.25
2011.11.17 12:44:57.570,0.9247,0.92488,1.50,1.88
2011.11.17 12:44:59.784,0.92473,0.92491,1.50,1.88
2011.11.17 12:45:00.487,0.92478,0.92494,1.50,1.50
2011.11.17 12:45:00.969,0.9248,0.92494,1.50,1.50
2011.11.17 12:45:01.215,0.92475,0.92493,1.50,1.50
2011.11.17 12:45:01.562,0.92477,0.92493,1.50,1.50
2011.11.17 12:45:01.901,0.92479,0.92495,1.88,1.50
2011.11.17 12:45:02.986,0.92481,0.92499,1.50,1.50
2011.11.17 12:45:03.310,0.92479,0.92495,3.38,1.50
2011.11.17 12:45:03.656,0.92479,0.92492,1.50,3.00
2011.11.17 12:45:03.996,0.92476,0.92491,1.50,2.63
2011.11.17 12:45:04.225,0.92473,0.92491,1.50,2.63
2011.11.17 12:45:05.149,0.92481,0.92497,1.50,1.88
2011.11.17 12:45:05.269,0.92478,0.92494,3.00,1.50
2011.11.17 12:45:05.833,0.92479,0.92494,1.88,1.50
2011.11.17 12:45:05.957,0.92485,0.92501,1.50,1.50
2011.11.17 12:45:06.292,0.92483,0.92499,1.50,1.50
2011.11.17 12:45:06.411,0.92481,0.92499,1.50,1.50
2011.11.17 12:45:07.482,0.92478,0.92496,1.50,1.50
2011.11.17 12:45:07.820,0.92478,0.92496,1.50,2.25
2011.11.17 12:45:08.651,0.92478,0.92496,1.50,2.25
2011.11.17 12:45:09.452,0.92475,0.92493,1.50,1.88
2011.11.17 12:45:09.991,0.92475,0.92493,1.50,2.25
2011.11.17 12:45:10.871,0.92473,0.9249,1.50,1.50
2011.11.17 12:45:10.994,0.92471,0.92486,1.50,1.50
2011.11.17 12:45:11.552,0.9247,0.92486,1.50,1.50
2011.11.17 12:45:11.960,0.92473,0.92489,1.50,1.50
2011.11.17 12:45:12.941,0.9247,0.92486,1.87,1.50
2011.11.17 12:45:13.061,0.92473,0.92491,1.50,1.50
2011.11.17 12:45:13.340,0.92476,0.92494,1.50,1.88
2011.11.17 12:45:13.712,0.92473,0.92491,1.88,1.50
2011.11.17 12:45:13.833,0.92477,0.92495,1.50,1.50
2011.11.17 12:45:14.435,0.92477,0.92493,1.50,1.50
2011.11.17 12:45:14.775,0.92475,0.92491,1.50,1.50
2011.11.17 12:45:15.338,0.92472,0.92488,1.88,1.50
2011.11.17 12:45:15.674,0.92478,0.92492,1.88,2.25
2011.11.17 12:45:15.792,0.92478,0.92494,1.88,1.50
2011.11.17 12:45:18.501,0.9248,0.92498,1.50,1.50
2011.11.17 12:45:19.002,0.92477,0.92495,1.50,2.63
2011.11.17 12:45:19.348,0.92473,0.92491,1.88,1.50
2011.11.17 12:45:19.938,0.92471,0.92487,1.50,1.50
2011.11.17 12:45:20.442,0.92471,0.92486,1.50,1.50
2011.11.17 12:45:20.563,0.92467,0.92484,1.50,1.50
2011.11.17 12:45:20.681,0.92464,0.92482,1.88,1.50
2011.11.17 12:45:23.062,0.92464,0.92482,1.50,1.50
2011.11.17 12:45:23.182,0.92462,0.92477,1.13,1.50
2011.11.17 12:45:23.412,0.92464,0.9248,1.50,1.50
2011.11.17 12:45:24.155,0.92465,0.9248,1.50,1.50
2011.11.17 12:45:24.275,0.92468,0.92484,1.50,1.50
2011.11.17 12:45:24.421,0.92465,0.92481,1.50,1.50
2011.11.17 12:45:24.991,0.92463,0.92481,1.50,1.50
2011.11.17 12:45:25.652,0.92477,0.9249,1.50,1.13
2011.11.17 12:45:25.772,0.92477,0.92492,1.50,2.25
2011.11.17 12:45:26.436,0.92477,0.92493,1.50,1.50
2011.11.17 12:45:28.072,0.92475,0.9249,1.50,1.50
2011.11.17 12:45:28.193,0.92472,0.9249,1.50,1.50
2011.11.17 12:45:28.975,0.9247,0.92486,1.50,1.50
2011.11.17 12:45:30.844,0.92463,0.92479,1.88,1.50
2011.11.17 12:45:31.377,0.92466,0.92482,1.50,5.25
2011.11.17 12:45:31.474,0.92468,0.92482,2.25,2.25
2011.11.17 12:45:31.599,0.92467,0.92483,2.25,1.50
2011.11.17 12:45:31.720,0.92465,0.92483,1.50,1.50
2011.11.17 12:45:32.295,0.92464,0.92476,1.50,1.50
2011.11.17 12:45:32.416,0.9246,0.92476,1.88,1.50
2011.11.17 12:45:33.132,0.92457,0.92473,3.37,1.50
2011.11.17 12:45:33.250,0.9246,0.92476,1.88,1.50
2011.11.17 12:45:33.874,0.9246,0.92476,1.88,1.50
2011.11.17 12:45:34.433,0.92461,0.92476,1.88,1.50
2011.11.17 12:45:34.857,0.92462,0.9248,1.88,1.50
2011.11.17 12:45:35.081,0.92465,0.92481,1.50,1.50
2011.11.17 12:45:35.201,0.92465,0.92483,1.50,1.50
2011.11.17 12:45:35.430,0.92468,0.92484,1.50,1.50
2011.11.17 12:45:35.781,0.92466,0.92482,1.50,1.88
2011.11.17 12:45:35.893,0.92466,0.92482,1.88,1.50
2011.11.17 12:45:36.014,0.92469,0.92485,1.50,1.50
2011.11.17 12:45:36.136,0.92471,0.92489,1.50,1.88
2011.11.17 12:45:36.617,0.92471,0.92487,1.50,1.50
2011.11.17 12:45:36.735,0.92467,0.92485,1.87,1.50
2011.11.17 12:45:37.290,0.92467,0.92485,1.87,2.25
2011.11.17 12:45:40.413,0.92465,0.92478,1.50,1.50
2011.11.17 12:45:40.641,0.92459,0.92475,3.00,1.88
2011.11.17 12:45:40.766,0.92461,0.92477,1.50,1.50
2011.11.17 12:45:40.881,0.92461,0.92479,1.50,1.50
2011.11.17 12:45:41.223,0.92464,0.92481,1.50,1.88
2011.11.17 12:45:42.255,0.92464,0.92482,1.50,2.25
2011.11.17 12:45:42.809,0.92464,0.92482,1.50,1.88
2011.11.17 12:45:43.422,0.92463,0.92478,1.50,1.50
2011.11.17 12:45:43.980,0.92462,0.92478,1.50,1.88
2011.11.17 12:45:45.084,0.92462,0.92478,1.50,1.50
2011.11.17 12:45:45.627,0.92455,0.92473,1.50,1.50
2011.11.17 12:45:45.745,0.92452,0.9247,1.50,1.50
2011.11.17 12:45:46.722,0.92453,0.9247,1.50,1.50
2011.11.17 12:45:46.839,0.92455,0.92473,1.50,3.75
2011.11.17 12:45:46.959,0.92455,0.92473,1.50,4.50
2011.11.17 12:45:49.148,0.92455,0.92473,1.88,1.50
2011.11.17 12:45:49.373,0.92462,0.92478,1.50,1.88
2011.11.17 12:45:50.332,0.9246,0.92474,1.50,1.50
2011.11.17 12:45:50.484,0.9246,0.92478,1.50,1.88
2011.11.17 12:45:50.601,0.92458,0.92474,1.50,1.50
2011.11.17 12:45:51.311,0.92458,0.92474,1.50,2.25
2011.11.17 12:45:51.768,0.92457,0.92475,1.50,1.50
2011.11.17 12:45:51.886,0.92456,0.92471,1.50,1.50
2011.11.17 12:45:54.051,0.92459,0.92477,1.50,1.50
2011.11.17 12:45:54.171,0.92462,0.9248,1.50,1.50
2011.11.17 12:45:54.920,0.9246,0.92476,1.50,1.88
2011.11.17 12:45:55.270,0.92452,0.92467,1.50,1.50
2011.11.17 12:45:55.390,0.9245,0.92468,1.50,1.50
2011.11.17 12:45:55.510,0.92453,0.92471,1.50,1.50
2011.11.17 12:45:57.876,0.92457,0.92473,1.50,4.13
2011.11.17 12:45:58.687,0.92455,0.9247,1.50,1.50
2011.11.17 12:45:59.186,0.92452,0.92467,1.50,1.50
2011.11.17 12:45:59.722,0.92451,0.92467,1.50,1.50
2011.11.17 12:46:00.295,0.92453,0.92471,1.50,1.88
2011.11.17 12:46:00.630,0.92452,0.92467,1.50,1.50
2011.11.17 12:46:01.195,0.92454,0.9247,1.50,3.75
2011.11.17 12:46:02.330,0.92454,0.9247,1.50,1.50
2011.11.17 12:46:03.309,0.92457,0.92473,1.50,5.63
2011.11.17 12:46:03.424,0.9245,0.92466,1.50,1.50
2011.11.17 12:46:04.521,0.9245,0.92466,1.50,2.25
2011.11.17 12:46:05.082,0.92452,0.92469,1.50,3.75
2011.11.17 12:46:05.420,0.9245,0.92466,1.50,2.25
2011.11.17 12:46:06.041,0.92447,0.92463,1.50,1.88
2011.11.17 12:46:07.692,0.92447,0.92463,1.50,1.50
2011.11.17 12:46:07.924,0.92447,0.92463,1.50,1.88
2011.11.17 12:46:08.153,0.92443,0.92461,1.50,1.88
2011.11.17 12:46:11.999,0.92443,0.92459,1.50,1.50
2011.11.17 12:46:12.113,0.9244,0.92458,1.50,1.50
2011.11.17 12:46:15.813,0.92444,0.9246,1.50,1.88
2011.11.17 12:46:16.552,0.92444,0.9246,1.50,1.88
2011.11.17 12:46:17.490,0.92441,0.92457,1.50,1.50
2011.11.17 12:46:18.751,0.92441,0.92457,2.25,1.50
2011.11.17 12:46:19.317,0.92444,0.9246,1.88,1.50
2011.11.17 12:46:19.650,0.92447,0.92463,1.50,1.50
2011.11.17 12:46:20.633,0.92447,0.92463,1.50,1.88
2011.11.17 12:46:21.325,0.92443,0.92461,1.50,1.88
2011.11.17 12:46:21.440,0.92447,0.92465,1.50,2.25
2011.11.17 12:46:21.560,0.92447,0.92465,1.87,1.50
2011.11.17 12:46:21.796,0.92445,0.92461,3.00,1.50
2011.11.17 12:46:22.132,0.92442,0.92458,1.50,1.50
2011.11.17 12:46:23.771,0.92445,0.92461,1.50,2.25
2011.11.17 12:46:24.384,0.92445,0.92463,1.50,2.25
2011.11.17 12:46:24.610,0.92445,0.92463,1.50,1.88
2011.11.17 12:46:25.202,0.92443,0.92459,3.00,1.50
2011.11.17 12:46:26.361,0.92446,0.92462,1.50,2.25
2011.11.17 12:46:26.593,0.92446,0.92462,1.88,1.50
2011.11.17 12:46:26.823,0.92449,0.92463,1.50,2.25
2011.11.17 12:46:26.944,0.92449,0.92465,1.50,1.50
2011.11.17 12:46:27.064,0.92452,0.92468,1.50,1.88
2011.11.17 12:46:27.876,0.92452,0.92468,1.50,1.88
2011.11.17 12:46:27.977,0.92449,0.92465,1.50,1.50
2011.11.17 12:46:28.551,0.92452,0.92468,1.50,1.88
2011.11.17 12:46:28.673,0.92446,0.92462,1.50,1.50
2011.11.17 12:46:28.792,0.92442,0.9246,2.62,1.50
2011.11.17 12:46:29.405,0.92446,0.92462,1.50,1.50
2011.11.17 12:46:29.850,0.92444,0.92458,1.50,1.50
2011.11.17 12:46:30.352,0.92438,0.92456,1.50,1.88
2011.11.17 12:46:31.135,0.92441,0.92459,1.50,2.25
2011.11.17 12:46:32.639,0.92441,0.92459,1.50,2.25
2011.11.17 12:46:34.470,0.92441,0.92459,1.50,2.25
2011.11.17 12:46:35.834,0.92439,0.92455,1.50,1.50
2011.11.17 12:46:36.803,0.92435,0.92453,1.50,1.50
2011.11.17 12:46:37.882,0.92437,0.92453,1.50,1.50
2011.11.17 12:46:38.003,0.92438,0.92456,1.50,1.88
2011.11.17 12:46:38.721,0.92442,0.92458,1.50,2.25
2011.11.17 12:46:38.949,0.92442,0.92458,1.50,1.50
2011.11.17 12:46:39.607,0.92437,0.92455,4.50,1.50
2011.11.17 12:46:39.721,0.92439,0.92455,1.12,1.50
2011.11.17 12:46:40.061,0.92444,0.92462,1.50,2.63
2011.11.17 12:46:40.991,0.92439,0.92455,1.50,2.25
2011.11.17 12:46:41.223,0.92436,0.92452,1.50,2.25
2011.11.17 12:46:42.702,0.92433,0.92449,1.50,1.88
2011.11.17 12:46:43.350,0.92436,0.92452,1.50,2.25
2011.11.17 12:46:44.572,0.92433,0.9245,1.50,1.88
2011.11.17 12:46:45.132,0.92432,0.9245,1.50,1.88
2011.11.17 12:46:45.767,0.92433,0.92449,1.50,1.50
2011.11.17 12:46:47.293,0.92429,0.92447,1.50,1.50
2011.11.17 12:46:50.610,0.92432,0.9245,1.50,1.50
2011.11.17 12:46:51.343,0.92432,0.9245,1.50,1.88
2011.11.17 12:46:51.685,0.92433,0.92449,2.25,1.50
2011.11.17 12:46:52.027,0.92436,0.92449,2.25,1.50
2011.11.17 12:46:52.662,0.92442,0.92458,1.50,1.88
2011.11.17 12:46:52.782,0.92439,0.92455,1.50,1.50
2011.11.17 12:46:54.407,0.92436,0.92452,1.50,1.50
2011.11.17 12:46:54.525,0.92438,0.92456,1.50,1.50
2011.11.17 12:46:54.757,0.92441,0.92459,2.25,1.50
2011.11.17 12:46:55.295,0.92448,0.92464,1.50,1.50
2011.11.17 12:46:56.435,0.92446,0.92462,1.50,1.50
2011.11.17 12:46:56.551,0.92444,0.92462,1.88,1.50
2011.11.17 12:46:57.413,0.92444,0.92462,1.50,1.88
2011.11.17 12:46:57.915,0.92442,0.92458,1.50,1.50
2011.11.17 12:47:00.546,0.92445,0.92461,1.50,1.88
2011.11.17 12:47:01.312,0.92445,0.92459,1.50,1.50
2011.11.17 12:47:01.434,0.92445,0.92461,1.50,1.50
2011.11.17 12:47:01.783,0.92442,0.92458,1.88,1.50
2011.11.17 12:47:02.122,0.92439,0.92455,1.50,1.50
2011.11.17 12:47:02.871,0.92442,0.92458,1.50,1.50
2011.11.17 12:47:03.875,0.92438,0.92456,1.50,1.50
2011.11.17 12:47:04.882,0.92441,0.92459,1.50,1.50
2011.11.17 12:47:08.165,0.92444,0.9246,1.50,1.50
2011.11.17 12:47:08.281,0.92444,0.92462,1.50,1.50
2011.11.17 12:47:09.912,0.92444,0.92461,1.50,1.50
2011.11.17 12:47:10.032,0.92442,0.92458,1.50,1.50
2011.11.17 12:47:10.372,0.92438,0.92456,1.50,1.50
2011.11.17 12:47:11.182,0.92442,0.92457,1.50,1.50
2011.11.17 12:47:11.743,0.92439,0.92456,2.25,1.50
2011.11.17 12:47:11.867,0.92438,0.92456,1.50,1.50
2011.11.17 12:47:12.327,0.92441,0.92458,2.25,1.50
2011.11.17 12:47:13.014,0.92446,0.92453,1.88,2.25
2011.11.17 12:47:13.137,0.92448,0.92462,1.88,2.25
2011.11.17 12:47:13.472,0.92448,0.92466,1.50,1.50
2011.11.17 12:47:13.702,0.92445,0.92463,1.50,1.50
2011.11.17 12:47:14.613,0.92443,0.92459,3.38,1.50
2011.11.17 12:47:15.132,0.92438,0.92456,1.50,1.50
2011.11.17 12:47:15.650,0.92438,0.92456,1.50,1.88
2011.11.17 12:47:16.025,0.92436,0.92452,1.50,1.50
2011.11.17 12:47:16.402,0.92439,0.92455,1.50,1.88
2011.11.17 12:47:16.972,0.92439,0.92455,1.88,1.50
2011.11.17 12:47:17.617,0.92442,0.92458,1.50,1.50
2011.11.17 12:47:18.641,0.92439,0.92455,3.00,1.50
2011.11.17 12:47:18.980,0.92436,0.92452,1.50,1.50
2011.11.17 12:47:21.217,0.92442,0.92458,1.50,3.75
2011.11.17 12:47:21.446,0.92442,0.92458,1.50,1.50
2011.11.17 12:47:21.673,0.92442,0.92458,1.50,2.25
2011.11.17 12:47:21.902,0.92438,0.92456,1.50,1.88
2011.11.17 12:47:22.021,0.92438,0.92456,1.50,2.25
2011.11.17 12:47:22.254,0.92432,0.92448,1.50,1.50
2011.11.17 12:47:22.374,0.92437,0.92448,2.25,1.50
2011.11.17 12:47:22.605,0.92435,0.92451,1.50,1.50
2011.11.17 12:47:23.105,0.92437,0.92455,1.50,1.88
2011.11.17 12:47:23.982,0.92441,0.92457,1.50,1.88
2011.11.17 12:47:25.310,0.92437,0.92453,1.50,1.50
2011.11.17 12:47:25.543,0.92439,0.92457,1.50,1.88
2011.11.17 12:47:26.186,0.92434,0.92448,1.50,1.50
2011.11.17 12:47:26.305,0.92432,0.92448,1.50,1.50
2011.11.17 12:47:26.860,0.92434,0.92452,1.50,2.25
2011.11.17 12:47:27.091,0.92434,0.92452,1.50,1.50
2011.11.17 12:47:27.435,0.92434,0.92452,1.50,2.25
2011.11.17 12:47:27.774,0.92437,0.92452,1.50,3.00
2011.11.17 12:47:27.892,0.92435,0.92451,1.50,2.25
2011.11.17 12:47:28.011,0.92431,0.92449,1.50,1.88
2011.11.17 12:47:28.503,0.92437,0.92452,1.50,3.00
2011.11.17 12:47:28.848,0.92435,0.92451,2.25,1.50
2011.11.17 12:47:29.073,0.92437,0.92455,1.88,1.50
2011.11.17 12:47:29.300,0.92444,0.92456,1.50,1.50
2011.11.17 12:47:29.643,0.92444,0.92458,1.50,1.13
2011.11.17 12:47:30.234,0.92441,0.92457,1.50,1.50
2011.11.17 12:47:30.376,0.92439,0.92455,1.50,1.50
2011.11.17 12:47:30.713,0.92436,0.92452,1.50,1.88
2011.11.17 12:47:31.093,0.92433,0.92449,1.50,1.50
2011.11.17 12:47:31.210,0.92435,0.92452,1.50,1.88
2011.11.17 12:47:32.333,0.92432,0.9245,1.88,1.50
2011.11.17 12:47:32.734,0.92437,0.92453,1.50,1.50
2011.11.17 12:47:34.803,0.9244,0.92455,1.50,1.88
2011.11.17 12:47:34.921,0.9244,0.92456,1.50,1.50
2011.11.17 12:47:35.443,0.9244,0.92453,1.50,3.00
2011.11.17 12:47:35.562,0.92436,0.92452,1.50,3.00
2011.11.17 12:47:35.900,0.92433,0.92451,1.50,2.25
2011.11.17 12:47:36.469,0.92433,0.92451,1.88,1.50
2011.11.17 12:47:36.595,0.92438,0.92454,1.50,1.50
2011.11.17 12:47:38.406,0.92435,0.92451,3.00,1.50
2011.11.17 12:47:38.959,0.92438,0.92454,1.50,1.88
2011.11.17 12:47:39.706,0.92438,0.92454,1.50,1.50
2011.11.17 12:47:41.059,0.92438,0.92452,1.50,1.50
2011.11.17 12:47:41.544,0.92434,0.9245,1.88,1.50
2011.11.17 12:47:41.771,0.92436,0.92454,1.50,1.50
2011.11.17 12:47:42.332,0.92436,0.92454,1.88,1.50
2011.11.17 12:47:43.235,0.92436,0.92454,1.50,1.50
2011.11.17 12:47:44.332,0.92436,0.92454,1.88,1.50
2011.11.17 12:47:44.821,0.92439,0.92455,1.50,1.50
2011.11.17 12:47:44.941,0.92439,0.92457,1.50,1.50
2011.11.17 12:47:48.462,0.92439,0.92457,1.88,1.50
2011.11.17 12:47:49.022,0.92439,0.92452,1.50,2.25
2011.11.17 12:47:50.371,0.92437,0.92452,1.50,2.25
2011.11.17 12:47:52.214,0.92437,0.92452,1.50,3.00
2011.11.17 12:47:52.336,0.92433,0.92451,1.50,2.25
2011.11.17 12:47:52.451,0.92429,0.92447,1.50,1.88
2011.11.17 12:47:52.932,0.92431,0.92447,1.50,1.88
2011.11.17 12:47:53.273,0.92429,0.92447,1.50,1.50
2011.11.17 12:47:53.505,0.92433,0.92449,1.50,1.88
2011.11.17 12:47:54.280,0.92429,0.92447,1.50,1.50
2011.11.17 12:47:55.300,0.92431,0.92447,1.50,1.50
2011.11.17 12:47:55.852,0.92433,0.92449,1.88,1.50
2011.11.17 12:47:57.163,0.92433,0.92449,1.87,1.88
2011.11.17 12:47:57.284,0.9243,0.92446,1.50,1.50
2011.11.17 12:47:57.403,0.92426,0.92443,1.13,1.50
2011.11.17 12:47:57.743,0.92423,0.92439,2.62,1.50
2011.11.17 12:47:58.373,0.92423,0.92439,1.87,1.50
2011.11.17 12:47:59.027,0.92423,0.92438,1.50,1.50
2011.11.17 12:47:59.362,0.92427,0.92443,1.50,2.25
2011.11.17 12:47:59.591,0.9243,0.92443,1.50,2.25
2011.11.17 12:47:59.822,0.9243,0.92448,1.50,1.88
2011.11.17 12:48:00.164,0.9243,0.92448,2.25,1.50
2011.11.17 12:48:01.088,0.9243,0.92448,1.50,1.50
2011.11.17 12:48:01.205,0.92428,0.92444,1.50,1.50
2011.11.17 12:48:01.857,0.9243,0.92448,1.50,1.50
2011.11.17 12:48:02.522,0.92429,0.92443,1.50,1.50
2011.11.17 12:48:02.641,0.92427,0.92443,1.87,1.50
2011.11.17 12:48:03.292,0.92433,0.92445,1.50,1.50
2011.11.17 12:48:03.410,0.92436,0.92452,1.50,6.00
2011.11.17 12:48:03.532,0.92436,0.92452,1.50,5.25
2011.11.17 12:48:05.674,0.92432,0.92448,2.62,1.50
2011.11.17 12:48:06.204,0.92432,0.92446,1.87,1.50
2011.11.17 12:48:06.760,0.92432,0.92448,2.62,1.50
2011.11.17 12:48:07.794,0.92436,0.9245,1.50,1.50
2011.11.17 12:48:08.269,0.92436,0.92452,1.50,1.50
2011.11.17 12:48:08.602,0.92439,0.92455,1.50,1.50
2011.11.17 12:48:08.946,0.92444,0.92457,1.50,1.88
2011.11.17 12:48:09.262,0.92451,0.92467,1.50,1.50
2011.11.17 12:48:09.396,0.92454,0.92472,1.50,1.88
2011.11.17 12:48:09.517,0.92454,0.92472,2.25,1.50
2011.11.17 12:48:10.123,0.92455,0.9246,1.50,1.50
2011.11.17 12:48:10.251,0.92444,0.9246,1.50,2.63
2011.11.17 12:48:10.385,0.92444,0.9246,1.50,1.50
2011.11.17 12:48:10.506,0.92448,0.9246,2.25,2.25
2011.11.17 12:48:10.735,0.92441,0.92457,1.50,3.75
2011.11.17 12:48:10.855,0.92437,0.92455,1.50,1.88
2011.11.17 12:48:11.081,0.92435,0.92452,1.50,1.50
2011.11.17 12:48:11.689,0.92439,0.92455,1.50,1.88
2011.11.17 12:48:11.808,0.92442,0.92458,1.50,1.50
2011.11.17 12:48:11.925,0.92437,0.92453,2.25,1.50
2011.11.17 12:48:12.654,0.92437,0.92453,2.25,1.50
2011.11.17 12:48:13.769,0.92437,0.92453,1.50,1.50
2011.11.17 12:48:13.909,0.9243,0.92448,1.50,1.50
2011.11.17 12:48:15.066,0.9243,0.92448,1.88,1.50
2011.11.17 12:48:15.187,0.92439,0.92455,1.50,1.50
2011.11.17 12:48:16.131,0.92442,0.92458,1.50,1.50
2011.11.17 12:48:16.469,0.92439,0.92455,1.50,1.50
2011.11.17 12:48:17.290,0.92441,0.92458,1.50,1.50
2011.11.17 12:48:18.055,0.92441,0.92459,1.50,1.50
2011.11.17 12:48:18.393,0.92445,0.92461,1.50,1.50
2011.11.17 12:48:20.332,0.92441,0.92459,1.50,1.50
2011.11.17 12:48:20.933,0.92445,0.92461,1.50,1.50
2011.11.17 12:48:21.752,0.92442,0.92458,1.50,1.50
2011.11.17 12:48:22.318,0.92445,0.92461,1.50,1.50
2011.11.17 12:48:24.696,0.92444,0.92462,1.88,1.50
2011.11.17 12:48:25.785,0.92444,0.9246,1.50,1.50
2011.11.17 12:48:26.472,0.92442,0.92458,1.50,1.50
2011.11.17 12:48:26.843,0.92435,0.92453,1.50,1.50
2011.11.17 12:48:27.454,0.92435,0.92452,1.50,2.25
2011.11.17 12:48:27.684,0.92435,0.92452,1.50,3.00
2011.11.17 12:48:27.914,0.9243,0.92446,1.50,1.88
2011.11.17 12:48:28.036,0.92425,0.92443,1.50,1.50
2011.11.17 12:48:28.601,0.92429,0.92445,1.50,3.38
2011.11.17 12:48:28.940,0.92431,0.92449,1.88,1.50
2011.11.17 12:48:29.281,0.92429,0.92445,1.88,1.50
2011.11.17 12:48:29.725,0.92429,0.92445,1.50,1.88
2011.11.17 12:48:29.951,0.92429,0.92445,1.88,1.50
2011.11.17 12:48:30.511,0.92432,0.92448,3.00,1.50
2011.11.17 12:48:30.954,0.92435,0.92451,1.50,1.50
2011.11.17 12:48:31.731,0.92435,0.92445,1.50,1.50
2011.11.17 12:48:31.853,0.92429,0.92445,1.50,1.50
2011.11.17 12:48:32.191,0.92431,0.92449,1.50,1.88
2011.11.17 12:48:32.314,0.92435,0.92451,1.50,2.25
2011.11.17 12:48:32.433,0.9243,0.92448,1.50,1.50
2011.11.17 12:48:32.662,0.92434,0.9245,1.50,1.88
2011.11.17 12:48:33.034,0.92434,0.9245,2.25,1.50
2011.11.17 12:48:33.155,0.92437,0.92453,1.88,1.50
2011.11.17 12:48:33.644,0.92437,0.92453,3.75,1.50
2011.11.17 12:48:33.770,0.92437,0.92453,1.50,1.50
2011.11.17 12:48:34.114,0.9244,0.92456,1.50,3.00
2011.11.17 12:48:34.475,0.92443,0.92459,1.50,3.00
2011.11.17 12:48:34.990,0.9244,0.92456,1.50,1.50
2011.11.17 12:48:35.453,0.92438,0.92454,1.88,1.50
2011.11.17 12:48:35.792,0.92434,0.9245,3.00,1.50
2011.11.17 12:48:36.682,0.92437,0.92453,1.50,5.25
2011.11.17 12:48:37.026,0.9244,0.92453,1.50,2.25
2011.11.17 12:48:37.253,0.9244,0.92456,1.50,1.50
2011.11.17 12:48:38.634,0.92443,0.92459,1.50,3.00
2011.11.17 12:48:38.971,0.9244,0.92456,1.50,1.50
2011.11.17 12:48:39.565,0.92443,0.92459,1.50,1.50
2011.11.17 12:48:39.904,0.92443,0.92459,2.25,1.50
2011.11.17 12:48:40.470,0.9245,0.92466,1.50,3.38
2011.11.17 12:48:40.582,0.92447,0.92463,1.50,1.50
2011.11.17 12:48:40.812,0.9245,0.92466,1.50,3.38
2011.11.17 12:48:42.646,0.92453,0.92466,2.25,1.50
2011.11.17 12:48:42.765,0.92453,0.92469,3.75,1.50
2011.11.17 12:48:42.884,0.92458,0.92476,1.88,1.50
2011.11.17 12:48:43.334,0.92458,0.92474,3.75,1.50
2011.11.17 12:48:43.458,0.92456,0.92472,1.50,1.50
2011.11.17 12:48:44.417,0.92449,0.92467,1.50,1.50
2011.11.17 12:48:44.559,0.92452,0.9247,2.25,1.50
2011.11.17 12:48:44.803,0.92452,0.9247,1.50,1.50
2011.11.17 12:48:45.142,0.92449,0.92467,1.50,1.50
2011.11.17 12:48:45.955,0.92452,0.92468,1.50,1.50
2011.11.17 12:48:46.424,0.92456,0.92472,1.88,3.38
2011.11.17 12:48:47.292,0.92452,0.9247,1.50,1.50
2011.11.17 12:48:48.794,0.92456,0.92472,1.50,3.00
2011.11.17 12:48:49.352,0.92459,0.92475,1.50,1.50
2011.11.17 12:48:49.793,0.92456,0.92472,1.88,1.50
2011.11.17 12:48:50.976,0.92459,0.92475,1.50,1.50
2011.11.17 12:48:51.325,0.92464,0.92478,1.50,1.50
2011.11.17 12:48:51.442,0.92467,0.92483,1.50,1.50
2011.11.17 12:48:52.114,0.92463,0.92481,1.50,1.50
2011.11.17 12:48:53.466,0.9246,0.92478,2.25,1.50
2011.11.17 12:48:53.822,0.92463,0.92481,1.50,1.50
2011.11.17 12:48:53.944,0.92461,0.92477,3.38,1.50
2011.11.17 12:48:54.284,0.92464,0.9248,1.50,1.50
2011.11.17 12:48:57.591,0.92461,0.92477,1.88,1.50
2011.11.17 12:48:57.822,0.92457,0.92475,1.88,1.50
2011.11.17 12:48:58.582,0.92461,0.92477,1.50,1.50
2011.11.17 12:48:59.474,0.92464,0.9248,1.50,1.50
2011.11.17 12:49:00.521,0.92461,0.92476,1.50,1.50
2011.11.17 12:49:01.053,0.9246,0.92476,1.50,1.50
2011.11.17 12:49:02.255,0.92462,0.92479,1.50,1.50
2011.11.17 12:49:02.590,0.92465,0.92481,1.50,1.50
2011.11.17 12:49:02.711,0.92465,0.92483,1.50,1.50
2011.11.17 12:49:03.166,0.92464,0.92479,1.50,1.50
2011.11.17 12:49:05.511,0.9246,0.92476,2.25,1.50
2011.11.17 12:49:05.633,0.9246,0.92476,1.88,1.50
2011.11.17 12:49:06.086,0.92463,0.92479,1.50,1.50
2011.11.17 12:49:06.662,0.92459,0.92477,1.88,1.50
2011.11.17 12:49:06.989,0.92462,0.9248,1.88,1.50
2011.11.17 12:49:07.372,0.92459,0.92477,2.25,1.50
2011.11.17 12:49:08.384,0.92458,0.92474,2.25,1.50
2011.11.17 12:49:08.502,0.92455,0.9247,1.88,1.50
2011.11.17 12:49:09.364,0.92455,0.92473,1.88,1.50
2011.11.17 12:49:09.811,0.92453,0.92469,1.50,1.50
2011.11.17 12:49:12.414,0.92455,0.92473,1.50,1.50
2011.11.17 12:49:12.533,0.9246,0.92474,1.50,1.50
2011.11.17 12:49:12.984,0.9246,0.92478,1.50,1.50
2011.11.17 12:49:13.961,0.92458,0.92474,1.88,1.50
2011.11.17 12:49:14.084,0.9246,0.92478,1.50,1.50
2011.11.17 12:49:14.314,0.92457,0.92475,1.88,1.50
2011.11.17 12:49:14.761,0.92456,0.92472,1.88,1.50
2011.11.17 12:49:16.456,0.92456,0.92472,1.50,1.50
2011.11.17 12:49:16.681,0.92456,0.92472,1.88,1.50
2011.11.17 12:49:16.803,0.92458,0.92474,1.88,1.50
2011.11.17 12:49:17.253,0.92452,0.92467,1.12,1.50
2011.11.17 12:49:17.590,0.9245,0.92464,2.25,1.50
2011.11.17 12:49:18.205,0.9245,0.92466,2.25,3.00
2011.11.17 12:49:21.521,0.9245,0.92466,1.50,1.50
2011.11.17 12:49:21.963,0.92446,0.92464,1.88,1.50
2011.11.17 12:49:23.284,0.92449,0.92466,1.50,1.50
2011.11.17 12:49:23.832,0.92449,0.92467,1.50,1.50
2011.11.17 12:49:24.831,0.92449,0.92465,1.50,1.50
2011.11.17 12:49:25.173,0.92447,0.92463,1.88,1.50
2011.11.17 12:49:25.294,0.92449,0.92467,1.50,1.50
2011.11.17 12:49:26.304,0.92447,0.92463,1.88,1.50
2011.11.17 12:49:27.190,0.92448,0.92463,1.50,1.50
2011.11.17 12:49:27.311,0.92449,0.92467,1.50,1.50
2011.11.17 12:49:28.441,0.9245,0.92466,1.50,1.50
2011.11.17 12:49:29.696,0.92447,0.92463,3.38,1.50
2011.11.17 12:49:30.213,0.92449,0.92466,1.50,1.50
2011.11.17 12:49:31.051,0.92449,0.92467,1.50,1.50
2011.11.17 12:49:31.474,0.92449,0.92467,2.25,1.50
2011.11.17 12:49:31.816,0.92452,0.9247,1.88,1.50
2011.11.17 12:49:33.601,0.92451,0.92467,1.88,1.50
2011.11.17 12:49:33.726,0.92449,0.92467,1.50,1.50
2011.11.17 12:49:33.845,0.92453,0.92469,1.50,1.50
2011.11.17 12:49:35.983,0.9245,0.92466,3.00,1.50
2011.11.17 12:49:36.104,0.92447,0.92464,1.50,1.50
2011.11.17 12:49:36.512,0.92446,0.92464,2.25,1.50
2011.11.17 12:49:36.635,0.92446,0.92464,1.50,1.50
2011.11.17 12:49:36.973,0.92451,0.92467,1.50,1.50
2011.11.17 12:49:37.396,0.92447,0.92465,2.25,1.50
2011.11.17 12:49:37.517,0.9245,0.92468,1.88,1.50
2011.11.17 12:49:38.196,0.9245,0.92468,1.88,1.50
2011.11.17 12:49:41.161,0.9245,0.92468,1.50,1.50
2011.11.17 12:49:41.284,0.92448,0.92464,3.38,1.50
2011.11.17 12:49:42.072,0.92451,0.92467,1.50,1.50
2011.11.17 12:49:44.981,0.92454,0.9247,1.50,1.50
2011.11.17 12:49:45.406,0.9246,0.92478,1.50,1.50
2011.11.17 12:49:46.263,0.9246,0.92477,1.50,1.50
2011.11.17 12:49:46.388,0.92458,0.92472,1.50,1.50
2011.11.17 12:49:46.505,0.92452,0.9247,1.88,1.50
2011.11.17 12:49:47.195,0.92455,0.92472,1.50,1.50
2011.11.17 12:49:47.722,0.92455,0.92473,1.50,1.50
2011.11.17 12:49:48.351,0.92452,0.92468,1.88,1.50
2011.11.17 12:49:49.126,0.92449,0.92468,2.25,1.50
2011.11.17 12:49:49.511,0.92449,0.92468,4.12,1.50
2011.11.17 12:49:49.633,0.92454,0.92472,1.50,1.50
2011.11.17 12:49:49.752,0.92452,0.92468,1.50,1.50
2011.11.17 12:49:50.293,0.92448,0.92466,2.25,1.50
2011.11.17 12:49:50.955,0.92446,0.92462,2.25,1.50
2011.11.17 12:49:51.076,0.92449,0.92465,1.50,3.00
2011.11.17 12:49:51.301,0.92451,0.92469,1.50,1.50
2011.11.17 12:49:52.053,0.92451,0.92468,1.50,1.50
2011.11.17 12:49:52.173,0.92448,0.92465,1.50,1.50
2011.11.17 12:49:52.642,0.92446,0.92462,1.50,1.50
2011.11.17 12:49:52.769,0.92448,0.92466,1.50,1.50
2011.11.17 12:49:53.754,0.92452,0.92468,1.50,1.50
2011.11.17 12:49:54.091,0.92455,0.92471,1.50,1.50
2011.11.17 12:49:54.569,0.92451,0.92467,1.50,3.00
2011.11.17 12:49:54.691,0.92447,0.92465,1.50,1.50
2011.11.17 12:49:57.319,0.92452,0.92467,1.50,1.50
2011.11.17 12:49:57.872,0.92448,0.92466,1.50,1.50
2011.11.17 12:49:58.212,0.92464,0.9248,1.50,1.50
2011.11.17 12:49:59.244,0.92461,0.92477,1.50,1.50
2011.11.17 12:49:59.579,0.92458,0.92474,1.50,1.50
2011.11.17 12:50:01.503,0.92458,0.92473,1.50,1.50
2011.11.17 12:50:01.624,0.92455,0.92471,1.50,1.50
2011.11.17 12:50:02.210,0.92463,0.92481,1.50,1.50
2011.11.17 12:50:02.337,0.92461,0.92476,1.50,1.50
2011.11.17 12:50:02.942,0.92462,0.9248,1.50,1.50
2011.11.17 12:50:03.172,0.9246,0.92476,1.50,1.50
2011.11.17 12:50:03.515,0.92462,0.9248,1.50,1.50
2011.11.17 12:50:03.634,0.92455,0.92467,1.88,1.50
2011.11.17 12:50:04.156,0.9245,0.92468,1.87,1.50
2011.11.17 12:50:04.277,0.9245,0.92468,1.50,1.50
2011.11.17 12:50:04.501,0.9245,0.92465,1.50,1.50
2011.11.17 12:50:04.735,0.92443,0.92461,1.50,1.50
2011.11.17 12:50:04.964,0.92449,0.92465,1.50,1.50
2011.11.17 12:50:05.304,0.92452,0.92467,1.50,1.50
2011.11.17 12:50:06.043,0.92447,0.92465,2.25,1.50
2011.11.17 12:50:06.169,0.92444,0.92462,1.50,1.50
2011.11.17 12:50:07.047,0.92448,0.92464,1.50,1.50
2011.11.17 12:50:08.926,0.92451,0.92469,1.50,1.88
2011.11.17 12:50:10.031,0.92452,0.92468,1.50,1.50
2011.11.17 12:50:10.700,0.92452,0.92468,3.38,1.50
2011.11.17 12:50:10.820,0.92454,0.92472,1.88,3.75
2011.11.17 12:50:11.052,0.92461,0.92477,1.50,1.50
2011.11.17 12:50:11.543,0.92459,0.92474,1.50,1.50
2011.11.17 12:50:12.383,0.92458,0.92474,1.50,1.50
2011.11.17 12:50:13.051,0.92456,0.92469,1.50,1.50
2011.11.17 12:50:13.283,0.9245,0.92466,1.50,1.50
2011.11.17 12:50:14.173,0.92452,0.9247,1.50,1.50
2011.11.17 12:50:17.545,0.92459,0.92475,1.50,1.50
2011.11.17 12:50:17.884,0.92465,0.9248,1.50,1.50
2011.11.17 12:50:18.404,0.92465,0.92481,1.50,1.50
2011.11.17 12:50:18.755,0.92468,0.92484,1.50,1.50
2011.11.17 12:50:19.382,0.92471,0.92487,1.50,1.50
2011.11.17 12:50:20.166,0.92467,0.92485,1.50,1.50
2011.11.17 12:50:20.965,0.92467,0.92483,1.50,1.50
2011.11.17 12:50:21.305,0.92461,0.92479,1.88,1.50
2011.11.17 12:50:21.424,0.92467,0.92479,1.50,1.50
2011.11.17 12:50:21.542,0.9247,0.92486,1.50,1.50
2011.11.17 12:50:21.774,0.92473,0.92489,1.50,1.50
2011.11.17 12:50:22.329,0.92469,0.92487,1.50,1.50
2011.11.17 12:50:22.450,0.92469,0.92484,1.50,1.50
2011.11.17 12:50:22.570,0.92465,0.92483,1.50,1.50
2011.11.17 12:50:22.800,0.92469,0.92485,1.50,1.50
2011.11.17 12:50:23.601,0.92472,0.92488,1.50,1.50
2011.11.17 12:50:25.270,0.92469,0.92485,1.50,1.50
2011.11.17 12:50:26.926,0.92463,0.92481,1.50,1.50
2011.11.17 12:50:27.046,0.92466,0.92484,1.50,1.50
2011.11.17 12:50:27.608,0.92469,0.92487,1.50,1.50
2011.11.17 12:50:29.392,0.92472,0.92487,1.12,1.50
2011.11.17 12:50:29.510,0.92469,0.92487,1.87,1.50
2011.11.17 12:50:29.630,0.92469,0.92487,1.50,1.50
2011.11.17 12:50:29.752,0.92471,0.92489,2.25,1.50
2011.11.17 12:50:29.872,0.92476,0.92494,1.88,1.50
2011.11.17 12:50:31.455,0.92474,0.9249,1.50,1.50
2011.11.17 12:50:31.911,0.92472,0.92489,1.50,1.50
2011.11.17 12:50:32.142,0.92474,0.9249,1.50,1.50
2011.11.17 12:50:33.627,0.9247,0.92488,1.50,1.50
2011.11.17 12:50:33.850,0.92469,0.92485,1.88,1.50
2011.11.17 12:50:34.356,0.92467,0.92485,1.50,1.50
2011.11.17 12:50:34.473,0.9247,0.92485,2.25,1.50
2011.11.17 12:50:34.594,0.92472,0.92491,2.25,1.50
2011.11.17 12:50:34.718,0.92475,0.92493,1.50,1.50
2011.11.17 12:50:35.164,0.92472,0.92491,1.50,1.50
2011.11.17 12:50:35.393,0.92474,0.92492,1.50,1.50
2011.11.17 12:50:35.953,0.92472,0.92488,1.50,1.50
2011.11.17 12:50:36.358,0.92469,0.92485,3.00,1.50
2011.11.17 12:50:38.232,0.92471,0.92489,1.50,1.50
2011.11.17 12:50:38.571,0.92475,0.92491,1.50,3.00
2011.11.17 12:50:39.491,0.92471,0.92489,1.88,1.50
2011.11.17 12:50:39.832,0.92469,0.92485,1.88,1.50
2011.11.17 12:50:40.430,0.92467,0.92484,1.50,1.50
2011.11.17 12:50:40.668,0.92468,0.92486,1.50,1.50
2011.11.17 12:50:41.762,0.92465,0.92483,1.88,1.50
2011.11.17 12:50:45.765,0.92457,0.92471,1.50,1.50
2011.11.17 12:50:45.880,0.92457,0.92473,1.50,1.50
2011.11.17 12:50:46.219,0.92459,0.92477,1.50,1.50
2011.11.17 12:50:48.438,0.92459,0.92476,1.50,1.50
2011.11.17 12:50:48.553,0.92457,0.92473,1.50,1.50
2011.11.17 12:50:48.893,0.92455,0.92471,1.50,1.50
2011.11.17 12:50:49.495,0.92449,0.92465,3.00,1.50
2011.11.17 12:50:49.832,0.92446,0.92462,1.50,1.50
2011.11.17 12:50:50.533,0.92448,0.92466,1.50,1.50
2011.11.17 12:50:50.657,0.92451,0.92469,1.50,1.50
2011.11.17 12:50:50.995,0.92448,0.92466,1.50,1.88
2011.11.17 12:50:51.334,0.92451,0.92469,1.50,2.25
2011.11.17 12:50:51.672,0.92451,0.92469,2.10,1.50
2011.11.17 12:50:51.792,0.92455,0.92469,2.25,1.50
2011.11.17 12:50:51.914,0.92451,0.92469,2.25,1.50
2011.11.17 12:50:52.036,0.92467,0.92483,1.50,4.13
2011.11.17 12:50:52.152,0.92464,0.9248,3.00,1.50
2011.11.17 12:50:52.688,0.9246,0.92478,1.50,1.50
2011.11.17 12:50:53.010,0.9246,0.92478,1.50,1.88
2011.11.17 12:50:53.374,0.9246,0.92478,1.88,1.50
2011.11.17 12:50:53.712,0.92467,0.92483,1.50,1.50
2011.11.17 12:50:54.053,0.9246,0.92478,2.25,1.50
2011.11.17 12:50:54.511,0.92468,0.92485,1.50,1.50
2011.11.17 12:50:55.113,0.92468,0.92486,1.50,1.50
2011.11.17 12:50:55.746,0.92471,0.92487,1.88,1.50
2011.11.17 12:50:56.128,0.92471,0.92487,1.87,1.50
2011.11.17 12:50:56.352,0.92475,0.92493,1.50,1.50
2011.11.17 12:50:56.890,0.92474,0.9249,1.50,1.50
2011.11.17 12:50:57.010,0.92472,0.9249,1.50,1.50
2011.11.17 12:50:57.914,0.92472,0.92489,1.50,1.50
2011.11.17 12:50:58.025,0.92474,0.9249,1.50,1.50
2011.11.17 12:50:58.396,0.92477,0.92495,1.50,1.50
2011.11.17 12:50:59.362,0.92477,0.92493,1.50,1.50
2011.11.17 12:50:59.594,0.92477,0.92495,1.50,1.50
2011.11.17 12:50:59.824,0.92473,0.92491,2.25,1.50
2011.11.17 12:51:00.488,0.9247,0.92486,1.12,1.50
2011.11.17 12:51:00.610,0.92468,0.92486,2.62,1.50
2011.11.17 12:51:00.832,0.92468,0.92483,1.12,1.50
2011.11.17 12:51:01.173,0.92465,0.92483,1.50,1.50
2011.11.17 12:51:01.293,0.92462,0.9248,1.88,1.50
2011.11.17 12:51:01.923,0.92462,0.9248,1.88,1.50
2011.11.17 12:51:02.041,0.92465,0.92483,1.50,1.50
2011.11.17 12:51:02.836,0.92465,0.92482,1.50,1.50
2011.11.17 12:51:03.284,0.92462,0.9248,2.25,1.50
2011.11.17 12:51:03.403,0.92465,0.92483,1.50,1.50
2011.11.17 12:51:04.072,0.92463,0.92481,3.00,1.50
2011.11.17 12:51:04.520,0.92461,0.92477,1.50,1.50
2011.11.17 12:51:04.913,0.92458,0.92474,1.50,1.50
2011.11.17 12:51:05.399,0.92454,0.9247,1.50,1.50
2011.11.17 12:51:06.279,0.92457,0.92473,1.50,3.00
2011.11.17 12:51:09.120,0.9246,0.92476,1.50,3.00
2011.11.17 12:51:10.396,0.92462,0.92479,1.50,1.50
2011.11.17 12:51:10.733,0.9246,0.92477,1.50,1.50
2011.11.17 12:51:11.076,0.92456,0.92474,1.50,1.50
2011.11.17 12:51:11.193,0.92462,0.92476,1.50,1.50
2011.11.17 12:51:11.312,0.92462,0.92478,1.50,1.50
2011.11.17 12:51:12.878,0.92465,0.9248,1.50,1.50
2011.11.17 12:51:13.218,0.92472,0.92488,2.25,1.50
2011.11.17 12:51:13.440,0.92477,0.92493,2.25,1.50
2011.11.17 12:51:14.396,0.9247,0.92486,1.50,1.50
2011.11.17 12:51:14.518,0.92468,0.92485,1.88,1.50
2011.11.17 12:51:15.912,0.9247,0.92487,1.50,1.50
2011.11.17 12:51:16.432,0.92469,0.92489,1.50,1.50
2011.11.17 12:51:16.660,0.92468,0.92486,1.50,1.50
2011.11.17 12:51:17.833,0.92466,0.92482,1.88,1.50
2011.11.17 12:51:18.220,0.92468,0.92485,1.50,1.50
2011.11.17 12:51:18.343,0.92471,0.92486,1.50,1.50
2011.11.17 12:51:18.681,0.92471,0.92487,1.12,1.50
2011.11.17 12:51:19.752,0.92474,0.9249,1.88,1.50
2011.11.17 12:51:19.971,0.92471,0.92488,1.12,1.50
2011.11.17 12:51:20.582,0.92474,0.9249,1.88,1.50
2011.11.17 12:51:20.707,0.92474,0.9249,2.25,1.50
2011.11.17 12:51:22.603,0.92476,0.92493,2.25,1.50
2011.11.17 12:51:23.354,0.92476,0.92494,2.25,1.50
2011.11.17 12:51:23.476,0.9248,0.92496,1.50,1.50
2011.11.17 12:51:23.594,0.92476,0.92494,2.25,1.50
2011.11.17 12:51:23.931,0.92473,0.9249,2.25,1.50
2011.11.17 12:51:24.346,0.92471,0.92487,3.75,1.50
2011.11.17 12:51:24.586,0.92471,0.92487,1.88,1.50
2011.11.17 12:51:25.143,0.92471,0.92487,1.50,3.00
2011.11.17 12:51:25.260,0.92467,0.92485,1.50,1.50
2011.11.17 12:51:25.493,0.92469,0.92485,1.50,1.50
2011.11.17 12:51:26.103,0.92471,0.92487,1.50,1.50
2011.11.17 12:51:26.551,0.92467,0.92487,1.50,1.50
2011.11.17 12:51:27.175,0.92463,0.92481,1.88,1.50
2011.11.17 12:51:27.295,0.92463,0.92481,1.50,1.50
2011.11.17 12:51:27.634,0.92467,0.92483,1.50,1.50
2011.11.17 12:51:28.236,0.92466,0.92484,1.50,1.50
2011.11.17 12:51:28.691,0.92466,0.92484,1.87,1.50
2011.11.17 12:51:29.030,0.92476,0.92492,1.50,2.25
2011.11.17 12:51:29.906,0.92473,0.92491,1.50,1.50
2011.11.17 12:51:30.243,0.92477,0.92493,1.50,1.50
2011.11.17 12:51:30.860,0.92484,0.92502,1.50,3.75
2011.11.17 12:51:32.564,0.92482,0.92498,3.00,1.50
2011.11.17 12:51:32.905,0.92488,0.92503,1.12,1.50
2011.11.17 12:51:33.348,0.9249,0.92504,1.50,1.50
2011.11.17 12:51:33.491,0.92482,0.925,1.50,1.50
2011.11.17 12:51:33.608,0.9248,0.92493,1.50,2.25
2011.11.17 12:51:33.831,0.92477,0.92491,1.50,1.50
2011.11.17 12:51:33.953,0.92475,0.92491,1.50,1.88
2011.11.17 12:51:34.184,0.92469,0.92484,1.50,1.50
2011.11.17 12:51:34.301,0.92466,0.92484,2.25,1.50
2011.11.17 12:51:34.983,0.92466,0.92484,1.50,1.50
2011.11.17 12:51:35.870,0.92466,0.92484,2.63,1.50
2011.11.17 12:51:36.429,0.92466,0.92484,1.88,1.50
2011.11.17 12:51:36.766,0.92464,0.9248,2.25,1.50
2011.11.17 12:51:36.887,0.92466,0.92484,1.88,1.50
2011.11.17 12:51:37.005,0.9247,0.92488,1.50,1.50
2011.11.17 12:51:38.485,0.92473,0.92491,1.50,1.50
2011.11.17 12:51:39.481,0.92477,0.92493,1.50,3.00
2011.11.17 12:51:40.852,0.92475,0.9249,1.50,1.50
2011.11.17 12:51:41.368,0.92474,0.9249,1.50,1.50
2011.11.17 12:51:42.255,0.92475,0.92491,1.50,1.50
2011.11.17 12:51:43.015,0.92478,0.92494,1.50,1.50
2011.11.17 12:51:47.936,0.92478,0.92494,1.88,1.50
2011.11.17 12:51:48.314,0.92478,0.92494,1.87,1.50
2011.11.17 12:51:48.761,0.92474,0.92492,1.88,1.50
2011.11.17 12:51:49.743,0.92474,0.92492,2.25,1.50
2011.11.17 12:51:53.201,0.92474,0.92492,1.88,1.50
2011.11.17 12:51:53.543,0.92472,0.92488,3.38,1.50
2011.11.17 12:51:53.771,0.92472,0.92488,1.50,1.50
2011.11.17 12:51:54.266,0.92472,0.92488,2.25,1.50
2011.11.17 12:51:54.795,0.92471,0.92489,2.25,1.50
2011.11.17 12:51:54.912,0.92475,0.92493,1.88,1.50
2011.11.17 12:51:55.481,0.92475,0.92493,1.88,1.50
2011.11.17 12:51:55.822,0.92472,0.9249,1.50,1.50
2011.11.17 12:51:56.800,0.92468,0.92484,1.50,1.50
2011.11.17 12:51:56.930,0.92463,0.9248,1.50,1.50
2011.11.17 12:51:57.053,0.9246,0.92478,1.50,1.50
2011.11.17 12:51:58.615,0.92464,0.92478,2.25,1.50
2011.11.17 12:51:58.742,0.92463,0.9248,2.25,1.50
2011.11.17 12:51:58.864,0.92466,0.92482,1.50,1.50
2011.11.17 12:51:58.983,0.92463,0.92478,1.50,1.50
2011.11.17 12:51:59.324,0.92465,0.92481,1.50,1.50
2011.11.17 12:52:00.024,0.92467,0.92485,1.50,1.50
2011.11.17 12:52:00.873,0.9247,0.92488,1.50,1.50
2011.11.17 12:52:01.322,0.9247,0.92488,1.87,1.50
2011.11.17 12:52:01.551,0.9247,0.92488,1.50,1.50
2011.11.17 12:52:01.673,0.92468,0.92484,1.50,1.50
2011.11.17 12:52:02.367,0.92471,0.92483,1.50,1.50
2011.11.17 12:52:02.492,0.92463,0.92479,3.00,1.50
2011.11.17 12:52:03.553,0.92465,0.92481,1.50,1.50
2011.11.17 12:52:03.670,0.92465,0.92483,1.50,1.50
2011.11.17 12:52:04.975,0.92465,0.92483,2.62,1.50
2011.11.17 12:52:05.691,0.92465,0.92483,1.50,1.50
2011.11.17 12:52:07.748,0.92467,0.92483,1.50,1.50
2011.11.17 12:52:07.869,0.92468,0.92486,1.50,1.50
2011.11.17 12:52:09.791,0.92468,0.92483,1.50,1.50
2011.11.17 12:52:09.913,0.92465,0.92481,1.50,1.50
2011.11.17 12:52:11.707,0.92467,0.92481,4.12,1.50
2011.11.17 12:52:11.931,0.92476,0.92492,1.50,1.50
2011.11.17 12:52:12.641,0.92476,0.92492,1.88,1.50
2011.11.17 12:52:13.383,0.92479,0.92495,1.50,3.00
2011.11.17 12:52:13.611,0.92475,0.92493,1.50,1.50
2011.11.17 12:52:13.731,0.92473,0.9249,1.88,1.50
2011.11.17 12:52:14.071,0.9247,0.92486,1.50,1.50
2011.11.17 12:52:14.411,0.92468,0.92483,1.88,1.50
2011.11.17 12:52:14.920,0.92467,0.92483,1.50,1.50
2011.11.17 12:52:15.760,0.92469,0.92488,1.50,1.50
2011.11.17 12:52:16.213,0.92472,0.92488,1.88,1.50
2011.11.17 12:52:16.693,0.92475,0.92491,1.50,1.50
2011.11.17 12:52:17.036,0.9248,0.9249,1.50,1.50
2011.11.17 12:52:17.751,0.92473,0.92491,1.88,1.50
2011.11.17 12:52:18.685,0.92471,0.92487,1.50,1.50
2011.11.17 12:52:19.022,0.92467,0.92483,1.88,2.25
2011.11.17 12:52:19.693,0.92467,0.92483,1.50,2.25
2011.11.17 12:52:20.257,0.92466,0.92484,1.50,1.50
2011.11.17 12:52:20.594,0.92472,0.9249,1.50,1.50
2011.11.17 12:52:21.265,0.92475,0.92491,1.50,1.50
2011.11.17 12:52:23.222,0.92477,0.92495,1.50,1.50
2011.11.17 12:52:23.674,0.92474,0.92492,1.50,1.50
2011.11.17 12:52:24.012,0.92468,0.92486,1.50,1.50
2011.11.17 12:52:24.936,0.92464,0.92482,1.88,1.50
2011.11.17 12:52:25.164,0.92473,0.92489,1.50,1.50
2011.11.17 12:52:25.284,0.92469,0.92487,1.50,1.50
2011.11.17 12:52:25.810,0.92469,0.92487,1.88,1.50
2011.11.17 12:52:26.771,0.92469,0.92487,1.50,1.50
2011.11.17 12:52:27.991,0.92469,0.92482,1.50,1.50
2011.11.17 12:52:28.112,0.92463,0.92481,1.50,1.50
2011.11.17 12:52:29.981,0.92468,0.92483,1.50,2.25
2011.11.17 12:52:30.101,0.9247,0.92488,1.50,1.50
2011.11.17 12:52:30.551,0.92466,0.92484,2.25,1.50
2011.11.17 12:52:31.112,0.92469,0.92487,1.50,1.50
2011.11.17 12:52:31.355,0.92472,0.92489,1.50,1.50
2011.11.17 12:52:32.093,0.92472,0.9249,1.50,1.50
2011.11.17 12:52:32.436,0.92476,0.92492,1.50,1.50
2011.11.17 12:52:32.995,0.92475,0.92493,1.88,1.50
2011.11.17 12:52:33.806,0.92471,0.92489,1.87,1.50
2011.11.17 12:52:33.926,0.92467,0.92485,2.25,1.50
2011.11.17 12:52:34.042,0.92467,0.92481,1.50,1.50
2011.11.17 12:52:34.273,0.92472,0.92488,1.50,1.50
2011.11.17 12:52:34.624,0.92469,0.92486,1.50,1.50
2011.11.17 12:52:34.746,0.92466,0.92479,1.88,1.50
2011.11.17 12:52:34.862,0.92463,0.92479,1.50,1.50
2011.11.17 12:52:36.441,0.92463,0.92479,1.88,1.50
2011.11.17 12:52:36.565,0.92466,0.92481,1.50,1.50
2011.11.17 12:52:36.686,0.92466,0.92482,2.25,1.50
2011.11.17 12:52:37.022,0.92468,0.92484,2.25,1.50
2011.11.17 12:52:37.251,0.92468,0.92486,2.25,1.50
2011.11.17 12:52:37.709,0.92468,0.92485,1.88,1.50
2011.11.17 12:52:37.823,0.92471,0.92487,1.50,1.50
2011.11.17 12:52:38.323,0.92478,0.92496,1.50,1.50
2011.11.17 12:52:38.741,0.92476,0.92492,1.50,1.50
2011.11.17 12:52:39.592,0.9247,0.92486,1.88,1.50
2011.11.17 12:52:39.711,0.92473,0.92489,1.50,3.00
2011.11.17 12:52:39.832,0.92476,0.92492,1.50,1.50
2011.11.17 12:52:41.971,0.92478,0.92496,1.50,1.50
2011.11.17 12:52:42.137,0.92478,0.92494,1.50,1.50
2011.11.17 12:52:42.726,0.92477,0.92495,1.50,1.50
2011.11.17 12:52:47.371,0.92477,0.92494,1.50,1.50
2011.11.17 12:52:47.712,0.92475,0.92491,1.50,1.50
2011.11.17 12:52:47.832,0.92472,0.92489,2.25,1.50
2011.11.17 12:52:51.630,0.92475,0.92491,1.50,1.50
2011.11.17 12:52:51.751,0.9248,0.92498,1.50,1.50
2011.11.17 12:52:52.255,0.92478,0.92494,1.50,1.50
2011.11.17 12:52:53.663,0.92476,0.92495,1.13,1.50
2011.11.17 12:52:53.894,0.92475,0.92495,1.50,1.50
2011.11.17 12:52:54.580,0.92477,0.92495,1.50,1.50
2011.11.17 12:52:54.940,0.92479,0.92497,1.50,1.50
2011.11.17 12:52:55.474,0.92482,0.925,1.50,1.50
2011.11.17 12:52:55.813,0.92485,0.92503,1.50,1.50
2011.11.17 12:52:56.151,0.92479,0.92497,1.50,1.50
2011.11.17 12:52:58.283,0.92476,0.92494,1.88,1.50
2011.11.17 12:52:58.840,0.92474,0.9249,2.25,1.50
2011.11.17 12:52:59.837,0.92472,0.92488,1.88,1.50
2011.11.17 12:53:01.171,0.9247,0.92488,2.25,1.50
2011.11.17 12:53:01.404,0.92474,0.9249,1.50,1.50
2011.11.17 12:53:02.022,0.92476,0.92494,1.50,1.50
2011.11.17 12:53:02.572,0.92476,0.92492,1.50,1.50
2011.11.17 12:53:02.695,0.92473,0.92491,1.88,1.50
2011.11.17 12:53:03.316,0.92473,0.92491,1.88,1.50
2011.11.17 12:53:04.988,0.92472,0.92488,1.88,1.50
2011.11.17 12:53:05.951,0.92473,0.92491,1.88,1.50
2011.11.17 12:53:07.713,0.92471,0.92487,2.25,1.50
2011.11.17 12:53:08.122,0.92471,0.92487,1.50,1.50
2011.11.17 12:53:09.663,0.92474,0.9249,1.50,2.25
2011.11.17 12:53:09.782,0.92474,0.9249,1.50,1.50
2011.11.17 12:53:11.591,0.9247,0.92488,2.62,1.50
2011.11.17 12:53:11.954,0.9247,0.92484,1.12,1.50
2011.11.17 12:53:12.392,0.92471,0.92487,2.25,1.50
2011.11.17 12:53:13.873,0.92471,0.92487,1.87,1.50
2011.11.17 12:53:15.074,0.92472,0.92487,1.50,1.50
2011.11.17 12:53:15.490,0.92474,0.9249,1.50,1.50
2011.11.17 12:53:17.762,0.92472,0.92487,2.63,1.50
2011.11.17 12:53:17.882,0.92473,0.92491,1.88,1.50
2011.11.17 12:53:18.481,0.92473,0.92491,1.50,1.50
2011.11.17 12:53:18.967,0.92473,0.92489,1.50,1.50
2011.11.17 12:53:19.412,0.9247,0.92486,1.50,1.50
2011.11.17 12:53:20.515,0.9248,0.92491,1.12,1.50
2011.11.17 12:53:20.636,0.92493,0.92497,1.50,1.50
2011.11.17 12:53:20.757,0.92495,0.92511,1.50,1.88
2011.11.17 12:53:21.353,0.92489,0.92505,1.50,1.50
2011.11.17 12:53:21.653,0.92486,0.92502,1.50,1.50
2011.11.17 12:53:22.431,0.92488,0.92506,1.50,1.50
2011.11.17 12:53:22.762,0.92488,0.92506,1.88,1.50
2011.11.17 12:53:24.885,0.9249,0.92506,2.25,1.50
2011.11.17 12:53:25.112,0.92492,0.92508,2.25,1.50
2011.11.17 12:53:25.232,0.925,0.92518,1.50,1.50
2011.11.17 12:53:25.863,0.92497,0.92515,1.50,1.50
2011.11.17 12:53:27.702,0.925,0.92518,1.50,1.50
2011.11.17 12:53:28.502,0.92498,0.92515,1.88,1.50
2011.11.17 12:53:29.060,0.92497,0.92515,1.50,1.50
2011.11.17 12:53:29.401,0.9249,0.92506,1.50,1.50
2011.11.17 12:53:29.741,0.92507,0.92519,3.37,1.50
2011.11.17 12:53:30.372,0.92512,0.92519,1.50,1.50
2011.11.17 12:53:30.498,0.92514,0.9253,1.50,1.50
2011.11.17 12:53:30.830,0.9251,0.92528,1.50,1.50
2011.11.17 12:53:31.171,0.92507,0.92525,1.88,1.50
2011.11.17 12:53:31.732,0.92507,0.92525,1.50,1.50
2011.11.17 12:53:33.964,0.9251,0.92528,1.50,1.50
2011.11.17 12:53:34.833,0.9251,0.92528,1.88,1.50
2011.11.17 12:53:35.802,0.92513,0.92531,1.50,1.50
2011.11.17 12:53:36.605,0.92514,0.9253,1.50,1.50
2011.11.17 12:53:37.330,0.9251,0.92528,1.88,1.50
2011.11.17 12:53:37.881,0.92504,0.92522,2.25,1.50
2011.11.17 12:53:38.004,0.92504,0.92522,1.88,1.50
2011.11.17 12:53:38.234,0.92507,0.92523,1.50,1.50
2011.11.17 12:53:38.352,0.92504,0.92522,1.88,1.50
2011.11.17 12:53:41.684,0.92504,0.92522,1.50,1.50
2011.11.17 12:53:44.034,0.92502,0.92518,1.50,1.50
2011.11.17 12:53:47.524,0.92506,0.92518,1.12,1.50
2011.11.17 12:53:47.866,0.92514,0.92529,2.25,1.50
2011.11.17 12:53:47.982,0.92517,0.92533,2.25,1.50
2011.11.17 12:53:48.784,0.92517,0.92533,3.75,1.50
2011.11.17 12:53:49.012,0.9252,0.92535,2.25,1.50
2011.11.17 12:53:49.554,0.92518,0.92534,2.25,1.50
2011.11.17 12:53:49.675,0.92516,0.92534,1.50,1.88
2011.11.17 12:53:50.124,0.92516,0.92532,1.50,1.50
2011.11.17 12:53:50.246,0.92513,0.92531,1.50,1.50
2011.11.17 12:53:50.726,0.92508,0.92524,2.25,1.50
2011.11.17 12:53:54.474,0.92508,0.92525,1.12,1.50
2011.11.17 12:53:57.291,0.92512,0.92527,1.50,1.50
2011.11.17 12:53:57.411,0.92512,0.92528,2.25,1.50
2011.11.17 12:54:01.182,0.92512,0.92525,1.12,1.50
2011.11.17 12:54:01.521,0.92512,0.92529,1.12,1.50
2011.11.17 12:54:02.131,0.92511,0.92529,3.00,1.50
2011.11.17 12:54:02.252,0.92508,0.92526,1.50,2.25
2011.11.17 12:54:02.374,0.92508,0.92526,1.50,1.50
2011.11.17 12:54:03.351,0.92508,0.92526,2.25,1.50
2011.11.17 12:54:03.691,0.92512,0.92529,1.12,1.50
2011.11.17 12:54:04.763,0.92511,0.92529,2.62,1.50
2011.11.17 12:54:05.494,0.92511,0.92529,1.50,1.50
2011.11.17 12:54:05.954,0.92509,0.92525,1.88,1.50
2011.11.17 12:54:06.615,0.9251,0.92526,1.88,1.50
2011.11.17 12:54:06.733,0.9251,0.92528,1.88,1.50
2011.11.17 12:54:07.234,0.9251,0.92528,2.25,1.50
2011.11.17 12:54:08.403,0.9251,0.92528,2.25,1.50
2011.11.17 12:54:09.306,0.92514,0.9253,1.88,3.00
2011.11.17 12:54:10.126,0.92518,0.9253,2.25,1.50
2011.11.17 12:54:10.461,0.92519,0.92535,1.87,1.50
2011.11.17 12:54:11.704,0.92514,0.92532,1.50,1.50
2011.11.17 12:54:12.559,0.92521,0.92536,1.88,1.50
2011.11.17 12:54:12.781,0.92516,0.92532,1.50,2.25
2011.11.17 12:54:13.011,0.92516,0.92534,1.50,1.50
2011.11.17 12:54:13.542,0.92517,0.92533,1.50,1.50
2011.11.17 12:54:14.096,0.92514,0.9253,1.50,1.50
2011.11.17 12:54:14.707,0.92514,0.9253,1.88,1.50
2011.11.17 12:54:15.453,0.92516,0.92534,1.50,1.50
2011.11.17 12:54:15.996,0.92517,0.92534,1.50,1.50
2011.11.17 12:54:16.111,0.9252,0.92536,1.50,1.50
2011.11.17 12:54:16.671,0.92523,0.92539,1.50,1.50
2011.11.17 12:54:16.991,0.9252,0.92536,1.50,1.50
2011.11.17 12:54:17.736,0.92523,0.92539,1.50,1.50
2011.11.17 12:54:18.079,0.92527,0.92543,1.88,1.50
2011.11.17 12:54:18.882,0.92527,0.92543,1.88,1.50
2011.11.17 12:54:23.444,0.9253,0.92546,1.88,1.50
2011.11.17 12:54:23.810,0.92533,0.92549,1.50,1.50
2011.11.17 12:54:25.153,0.9253,0.92546,1.88,3.00
2011.11.17 12:54:25.492,0.92532,0.9255,1.50,1.50
2011.11.17 12:54:26.052,0.92527,0.92547,1.50,1.50
2011.11.17 12:54:28.094,0.92527,0.92543,1.50,1.50
2011.11.17 12:54:28.542,0.92529,0.92547,1.50,1.50
2011.11.17 12:54:28.770,0.92533,0.92548,1.50,1.50
2011.11.17 12:54:28.935,0.92529,0.92545,1.50,1.50
2011.11.17 12:54:29.053,0.92528,0.92543,1.50,1.50
2011.11.17 12:54:29.173,0.92525,0.92543,1.88,1.50
2011.11.17 12:54:29.883,0.92529,0.92545,1.50,1.88
2011.11.17 12:54:30.361,0.92526,0.92541,1.88,1.50
2011.11.17 12:54:31.540,0.92526,0.92544,1.88,1.50
2011.11.17 12:54:33.024,0.92524,0.92539,1.88,1.50
2011.11.17 12:54:33.250,0.92519,0.92537,1.87,1.50
2011.11.17 12:54:33.480,0.9252,0.92537,2.25,1.50
2011.11.17 12:54:33.605,0.92523,0.9254,1.12,1.50
2011.11.17 12:54:34.162,0.92528,0.92544,1.88,1.50
2011.11.17 12:54:35.067,0.92531,0.92547,1.88,1.50
2011.11.17 12:54:35.834,0.92527,0.92545,1.88,1.50
2011.11.17 12:54:37.909,0.92525,0.92541,1.88,1.50
2011.11.17 12:54:38.308,0.92518,0.92536,1.50,1.50
2011.11.17 12:54:38.642,0.92516,0.92533,1.50,1.50
2011.11.17 12:54:39.032,0.92519,0.92535,1.50,3.00
2011.11.17 12:54:40.282,0.92521,0.92539,1.50,1.50
2011.11.17 12:54:40.404,0.92524,0.92541,1.50,1.88
2011.11.17 12:54:43.426,0.92521,0.92539,1.50,1.50
2011.11.17 12:54:43.547,0.92518,0.92536,1.50,1.50
2011.11.17 12:54:43.868,0.92522,0.92538,1.50,3.00
2011.11.17 12:54:44.336,0.92519,0.92535,1.88,1.50
2011.11.17 12:54:44.934,0.92525,0.92543,1.50,1.50
2011.11.17 12:54:45.374,0.92522,0.9254,1.88,1.50
2011.11.17 12:54:46.625,0.92522,0.9254,1.50,1.50
2011.11.17 12:54:47.741,0.9252,0.92536,1.88,1.50
2011.11.17 12:54:48.882,0.9252,0.92536,1.88,1.50
2011.11.17 12:54:49.473,0.92516,0.92534,2.25,1.50
2011.11.17 12:54:49.548,0.92516,0.92534,1.50,1.50
2011.11.17 12:54:49.886,0.92513,0.92531,1.88,1.50
2011.11.17 12:54:54.981,0.92517,0.92532,1.50,1.50
2011.11.17 12:54:55.403,0.92514,0.92531,1.50,1.50
2011.11.17 12:54:55.946,0.92513,0.92531,1.88,1.50
2011.11.17 12:54:56.405,0.92518,0.92533,1.50,1.50
2011.11.17 12:54:56.523,0.92521,0.92537,1.50,1.50
2011.11.17 12:54:57.425,0.92521,0.92537,2.25,1.50
2011.11.17 12:54:57.544,0.92525,0.92541,1.88,1.50
2011.11.17 12:54:57.974,0.9252,0.92538,2.25,1.50
2011.11.17 12:54:58.206,0.9252,0.92538,1.50,1.50
2011.11.17 12:54:58.541,0.9252,0.92536,1.50,1.50
2011.11.17 12:54:58.663,0.92517,0.92535,1.50,3.00
2011.11.17 12:54:59.367,0.92521,0.92539,1.50,1.50
2011.11.17 12:54:59.704,0.92524,0.92542,1.50,1.88
2011.11.17 12:55:00.372,0.92524,0.92542,1.50,1.88
2011.11.17 12:55:00.748,0.92521,0.92539,1.50,1.50
2011.11.17 12:55:02.375,0.92528,0.92539,2.25,1.50
2011.11.17 12:55:02.494,0.92521,0.92539,1.50,1.50
2011.11.17 12:55:02.613,0.92524,0.9254,1.50,1.88
2011.11.17 12:55:02.733,0.92522,0.9254,1.50,1.88
2011.11.17 12:55:04.710,0.92522,0.92539,1.50,1.50
2011.11.17 12:55:05.216,0.92519,0.92537,1.50,1.50
2011.11.17 12:55:07.405,0.9251,0.92528,1.50,1.50
2011.11.17 12:55:07.770,0.92513,0.92531,1.50,1.50
2011.11.17 12:55:08.401,0.92513,0.92531,1.50,2.63
2011.11.17 12:55:08.742,0.92506,0.92523,1.50,1.50
2011.11.17 12:55:08.862,0.92504,0.9252,1.50,1.50
2011.11.17 12:55:09.205,0.925,0.92518,2.25,1.50
2011.11.17 12:55:09.446,0.92497,0.92515,1.50,1.88
2011.11.17 12:55:09.963,0.92495,0.92511,1.50,1.50
2011.11.17 12:55:10.088,0.92494,0.92512,1.50,1.50
2011.11.17 12:55:10.422,0.92498,0.92516,1.50,1.88
2011.11.17 12:55:10.541,0.92498,0.92516,1.50,1.50
2011.11.17 12:55:11.673,0.92495,0.92513,1.50,1.50
2011.11.17 12:55:12.022,0.92493,0.92509,1.50,1.50
2011.11.17 12:55:13.082,0.92495,0.92513,1.50,1.50
2011.11.17 12:55:13.632,0.92501,0.92515,1.50,1.50
2011.11.17 12:55:13.753,0.92501,0.92517,1.50,1.88
2011.11.17 12:55:14.095,0.92497,0.92515,1.88,1.50
2011.11.17 12:55:14.217,0.92501,0.92519,1.50,1.50
2011.11.17 12:55:14.554,0.92501,0.92519,2.25,1.50
2011.11.17 12:55:15.175,0.92498,0.92516,2.25,1.50
2011.11.17 12:55:15.403,0.92498,0.92516,2.25,1.50
2011.11.17 12:55:16.292,0.92501,0.92519,2.25,1.50
2011.11.17 12:55:16.942,0.92501,0.92519,2.25,1.50
2011.11.17 12:55:17.290,0.92506,0.92522,1.50,1.50
2011.11.17 12:55:18.013,0.92508,0.92526,1.88,1.50
2011.11.17 12:55:21.029,0.92512,0.92528,1.50,1.50
2011.11.17 12:55:21.263,0.92508,0.92526,1.88,1.50
2011.11.17 12:55:22.113,0.92512,0.92528,1.50,1.50
2011.11.17 12:55:23.033,0.92512,0.92528,2.25,1.50
2011.11.17 12:55:23.265,0.92516,0.92532,1.50,1.50
2011.11.17 12:55:23.387,0.92518,0.92534,1.50,1.50
2011.11.17 12:55:23.981,0.92524,0.92542,1.50,3.38
2011.11.17 12:55:24.412,0.92524,0.92542,1.50,2.25
2011.11.17 12:55:24.533,0.92524,0.92539,1.50,1.50
2011.11.17 12:55:24.656,0.9252,0.92538,1.50,1.50
2011.11.17 12:55:25.226,0.92518,0.92534,1.88,1.50
2011.11.17 12:55:25.563,0.92511,0.92529,1.50,1.50
2011.11.17 12:55:26.915,0.92508,0.92526,2.25,1.50
2011.11.17 12:55:27.634,0.92508,0.92526,2.25,1.50
2011.11.17 12:55:28.142,0.92507,0.92523,2.25,1.50
2011.11.17 12:55:29.132,0.92505,0.92523,1.88,1.50
2011.11.17 12:55:30.291,0.92503,0.92519,2.25,1.50
2011.11.17 12:55:30.400,0.92501,0.92517,1.13,1.50
2011.11.17 12:55:30.527,0.92497,0.92514,1.50,1.50
2011.11.17 12:55:30.647,0.92502,0.92518,1.88,1.50
2011.11.17 12:55:30.762,0.92506,0.92522,1.50,1.50
2011.11.17 12:55:30.995,0.92506,0.92522,2.25,1.50
2011.11.17 12:55:33.527,0.92511,0.92525,2.25,1.50
2011.11.17 12:55:33.647,0.92513,0.92529,1.12,1.50
2011.11.17 12:55:33.768,0.92514,0.92532,2.25,1.50
2011.11.17 12:55:33.887,0.92514,0.92532,1.50,1.50
2011.11.17 12:55:34.009,0.92512,0.92528,2.25,1.50
2011.11.17 12:55:34.341,0.92509,0.92525,2.25,1.50
2011.11.17 12:55:35.035,0.92512,0.92528,1.88,3.00
2011.11.17 12:55:35.911,0.92512,0.92527,1.88,1.50
2011.11.17 12:55:36.374,0.92506,0.92525,2.25,1.50
2011.11.17 12:55:37.044,0.92507,0.92524,2.25,1.50
2011.11.17 12:55:37.424,0.92509,0.92525,3.75,1.50
2011.11.17 12:55:40.052,0.9251,0.92524,1.12,1.50
2011.11.17 12:55:40.173,0.92509,0.92522,1.12,1.50
2011.11.17 12:55:40.292,0.92509,0.92519,1.12,1.50
2011.11.17 12:55:40.412,0.92503,0.92519,2.62,1.50
2011.11.17 12:55:40.531,0.92507,0.92522,1.50,1.50
2011.11.17 12:55:40.652,0.92509,0.92525,1.50,1.50
2011.11.17 12:55:40.996,0.92506,0.92522,2.25,1.50
2011.11.17 12:55:41.707,0.92508,0.92526,1.88,1.50
2011.11.17 12:55:42.364,0.92506,0.92522,2.25,1.50
2011.11.17 12:55:43.682,0.92509,0.92525,1.88,1.50
2011.11.17 12:55:43.802,0.92512,0.92529,1.50,1.50
2011.11.17 12:55:43.923,0.92515,0.92531,1.50,1.50
2011.11.17 12:55:44.370,0.92512,0.92528,1.50,1.50
2011.11.17 12:55:45.077,0.92509,0.92525,1.50,1.50
2011.11.17 12:55:45.523,0.92511,0.92529,1.50,1.50
2011.11.17 12:55:45.754,0.9251,0.92525,1.50,1.50
2011.11.17 12:55:45.984,0.92507,0.92523,2.62,1.50
2011.11.17 12:55:46.102,0.92507,0.92519,2.25,1.50
2011.11.17 12:55:46.222,0.92503,0.92519,1.88,1.50
2011.11.17 12:55:47.531,0.92503,0.92519,2.25,1.50
2011.11.17 12:55:48.612,0.92503,0.92519,1.88,1.50
2011.11.17 12:55:49.645,0.92503,0.92519,1.50,1.50
2011.11.17 12:55:51.176,0.92498,0.92516,1.88,1.50
2011.11.17 12:55:51.404,0.92497,0.92512,1.13,1.50
2011.11.17 12:55:51.742,0.92497,0.92509,1.13,1.50
2011.11.17 12:55:52.289,0.92496,0.92511,2.25,1.50
2011.11.17 12:55:52.403,0.92496,0.92514,2.25,1.50
2011.11.17 12:55:52.932,0.92495,0.92511,1.12,1.50
2011.11.17 12:55:53.051,0.92493,0.92511,1.87,1.50
2011.11.17 12:55:53.174,0.92493,0.92511,1.50,1.50
2011.11.17 12:55:53.732,0.92493,0.92511,2.25,1.50
2011.11.17 12:55:54.952,0.92493,0.92511,1.88,1.50
2011.11.17 12:55:56.111,0.92493,0.92511,2.25,1.50
2011.11.17 12:56:00.415,0.92493,0.92511,2.62,1.50
2011.11.17 12:56:02.355,0.9249,0.92508,3.75,1.50
2011.11.17 12:56:02.616,0.92495,0.92511,1.50,1.50
2011.11.17 12:56:03.322,0.92495,0.92511,2.25,1.50
2011.11.17 12:56:03.553,0.92492,0.92507,2.63,1.50
2011.11.17 12:56:03.891,0.92492,0.92505,1.13,1.50
2011.11.17 12:56:04.234,0.92492,0.92508,1.88,1.50
2011.11.17 12:56:07.942,0.92492,0.92508,1.88,1.50
2011.11.17 12:56:08.183,0.92488,0.92506,2.25,1.50
2011.11.17 12:56:08.525,0.92491,0.92506,3.75,1.50
2011.11.17 12:56:08.645,0.92493,0.92508,1.12,1.50
2011.11.17 12:56:08.876,0.92494,0.9251,2.25,1.50
2011.11.17 12:56:09.403,0.92496,0.92514,2.25,1.50
2011.11.17 12:56:09.514,0.92496,0.92514,1.50,1.50
2011.11.17 12:56:09.635,0.92496,0.92512,1.50,1.50
2011.11.17 12:56:09.753,0.9249,0.92508,1.88,1.50
2011.11.17 12:56:10.313,0.92488,0.92504,2.25,1.50
2011.11.17 12:56:10.436,0.92488,0.92504,1.50,1.50
2011.11.17 12:56:11.593,0.92491,0.92507,1.50,1.50
2011.11.17 12:56:12.102,0.92495,0.9251,1.50,1.88
2011.11.17 12:56:12.444,0.92498,0.92514,1.50,1.88
2011.11.17 12:56:12.996,0.92495,0.92511,3.00,1.50
2011.11.17 12:56:13.112,0.92492,0.92506,2.25,1.50
2011.11.17 12:56:13.344,0.9249,0.92506,1.88,1.50
2011.11.17 12:56:14.993,0.92492,0.9251,1.50,1.50
2011.11.17 12:56:19.685,0.92495,0.92513,1.50,1.50
2011.11.17 12:56:20.021,0.92498,0.92516,1.50,1.88
2011.11.17 12:56:20.713,0.92495,0.92513,1.50,1.50
2011.11.17 12:56:23.911,0.92495,0.92513,1.88,1.50
2011.11.17 12:56:24.654,0.925,0.92513,1.50,1.50
2011.11.17 12:56:24.772,0.92502,0.9252,1.50,1.88
2011.11.17 12:56:25.446,0.925,0.92513,1.50,1.50
2011.11.17 12:56:25.672,0.92494,0.92513,1.88,1.50
2011.11.17 12:56:26.521,0.92498,0.92515,1.50,1.50
2011.11.17 12:56:28.533,0.92498,0.92514,1.50,1.50
2011.11.17 12:56:28.872,0.92493,0.92509,1.88,1.50
2011.11.17 12:56:29.255,0.92497,0.92509,2.25,1.50
2011.11.17 12:56:31.442,0.92497,0.92512,2.63,1.50
2011.11.17 12:56:33.494,0.92498,0.92514,1.50,1.50
2011.11.17 12:56:33.615,0.92498,0.92516,1.50,1.50
2011.11.17 12:56:33.734,0.92497,0.92513,2.63,1.50
2011.11.17 12:56:34.459,0.92499,0.92514,1.50,1.50
2011.11.17 12:56:35.163,0.92499,0.92515,1.50,1.50
2011.11.17 12:56:36.289,0.92501,0.92519,1.50,1.88
2011.11.17 12:56:36.408,0.92504,0.92522,1.50,2.25
2011.11.17 12:56:37.181,0.92504,0.92522,1.50,1.50
2011.11.17 12:56:37.696,0.92502,0.92518,3.38,1.50
2011.11.17 12:56:38.254,0.92502,0.92518,1.50,1.50
2011.11.17 12:56:38.702,0.92505,0.92521,1.50,1.50
2011.11.17 12:56:39.342,0.92502,0.92518,1.50,1.50
2011.11.17 12:56:39.943,0.92502,0.92518,2.25,1.50
2011.11.17 12:56:40.062,0.92508,0.92526,1.88,1.50
2011.11.17 12:56:40.664,0.92508,0.92526,1.50,1.88
2011.11.17 12:56:41.112,0.92508,0.92521,2.25,1.50
2011.11.17 12:56:41.513,0.92505,0.92521,1.50,1.50
2011.11.17 12:56:42.161,0.92505,0.92521,2.25,1.50
2011.11.17 12:56:42.525,0.92508,0.92524,3.75,1.50
2011.11.17 12:56:42.644,0.92509,0.92526,1.50,1.88
2011.11.17 12:56:42.764,0.92509,0.92526,1.50,1.88
2011.11.17 12:56:42.887,0.92507,0.92525,1.50,1.88
2011.11.17 12:56:43.444,0.92508,0.92526,1.50,1.88
2011.11.17 12:56:44.103,0.92508,0.92526,1.50,1.50
2011.11.17 12:56:44.227,0.92508,0.92522,2.25,1.50
2011.11.17 12:56:44.562,0.92508,0.92526,3.75,1.50
2011.11.17 12:56:44.680,0.92508,0.9252,2.25,1.50
2011.11.17 12:56:45.131,0.92502,0.9252,3.00,1.50
2011.11.17 12:56:47.064,0.92502,0.9252,1.50,1.50
2011.11.17 12:56:50.343,0.9251,0.92522,1.50,1.50
2011.11.17 12:56:50.462,0.92508,0.92524,5.25,1.50
2011.11.17 12:56:50.584,0.92504,0.92522,1.50,1.50
2011.11.17 12:56:51.078,0.92514,0.92529,2.25,3.38
2011.11.17 12:56:51.199,0.92518,0.92534,2.25,1.88
2011.11.17 12:56:51.312,0.92514,0.9253,1.50,1.50
2011.11.17 12:56:51.762,0.92512,0.92524,1.50,1.50
2011.11.17 12:56:51.882,0.9251,0.92526,1.50,1.50
2011.11.17 12:56:52.001,0.9251,0.92528,1.50,1.50
2011.11.17 12:56:53.163,0.9251,0.92528,1.88,1.50
2011.11.17 12:56:54.173,0.92509,0.92525,2.25,1.50
2011.11.17 12:56:54.817,0.92511,0.92529,1.88,1.50
2011.11.17 12:56:57.814,0.92515,0.92531,1.50,1.50
2011.11.17 12:56:58.124,0.92515,0.92531,1.88,1.50
2011.11.17 12:56:58.463,0.92522,0.92531,1.88,1.50
2011.11.17 12:56:58.583,0.92524,0.9254,1.50,1.50
2011.11.17 12:56:58.922,0.92527,0.92542,1.50,1.50
2011.11.17 12:56:59.483,0.92527,0.92543,1.50,1.50
2011.11.17 12:57:00.411,0.92514,0.9253,1.50,1.50
2011.11.17 12:57:00.743,0.92518,0.92528,2.25,1.50
2011.11.17 12:57:01.283,0.92507,0.92525,3.75,1.50
2011.11.17 12:57:01.621,0.92508,0.92521,2.25,1.50
2011.11.17 12:57:01.851,0.92505,0.92521,2.25,1.88
2011.11.17 12:57:02.413,0.92498,0.92512,2.25,1.50
2011.11.17 12:57:03.296,0.92498,0.92514,2.25,1.50
2011.11.17 12:57:03.751,0.925,0.92516,1.50,1.88
2011.11.17 12:57:04.137,0.925,0.92518,1.50,1.88
2011.11.17 12:57:04.553,0.92498,0.92515,2.25,1.50
2011.11.17 12:57:05.555,0.92497,0.92515,1.50,1.50
2011.11.17 12:57:05.903,0.92507,0.92525,1.50,3.75
2011.11.17 12:57:06.435,0.92507,0.92525,1.50,1.88
2011.11.17 12:57:08.343,0.92504,0.92522,1.50,1.50
2011.11.17 12:57:08.985,0.92504,0.92522,1.50,1.88
2011.11.17 12:57:09.653,0.9251,0.92526,2.25,2.25
2011.11.17 12:57:09.885,0.92514,0.92532,1.88,1.50
2011.11.17 12:57:10.008,0.92519,0.92535,1.50,1.50
2011.11.17 12:57:10.388,0.92514,0.9253,1.88,1.50
2011.11.17 12:57:11.007,0.92509,0.92527,1.50,1.50
2011.11.17 12:57:13.674,0.92513,0.92529,1.50,1.88
2011.11.17 12:57:14.012,0.92518,0.92534,1.50,2.25
2011.11.17 12:57:14.243,0.92518,0.92534,1.50,1.50
2011.11.17 12:57:14.585,0.9252,0.92538,1.50,1.88
2011.11.17 12:57:16.124,0.92527,0.92543,1.50,2.63
2011.11.17 12:57:16.243,0.92525,0.9254,1.50,1.88
2011.11.17 12:57:16.949,0.92524,0.9254,3.00,1.88
2011.11.17 12:57:17.062,0.92527,0.92543,1.50,2.25
2011.11.17 12:57:17.524,0.92527,0.92543,1.50,1.88
2011.11.17 12:57:18.925,0.92528,0.92543,2.25,1.88
2011.11.17 12:57:19.050,0.92538,0.92551,1.50,1.50
2011.11.17 12:57:19.172,0.92533,0.92546,1.50,1.50
2011.11.17 12:57:19.290,0.92525,0.92541,1.50,1.50
2011.11.17 12:57:19.521,0.92529,0.92545,1.50,1.50
2011.11.17 12:57:19.857,0.92531,0.92549,1.50,1.88
2011.11.17 12:57:21.468,0.92531,0.92549,1.50,1.50
2011.11.17 12:57:21.938,0.92534,0.92552,1.50,1.50
2011.11.17 12:57:22.574,0.92534,0.92552,1.50,2.25
2011.11.17 12:57:23.563,0.92532,0.92547,1.50,1.88
2011.11.17 12:57:24.265,0.92531,0.92547,1.50,1.88
2011.11.17 12:57:28.692,0.92535,0.92551,1.50,1.50
2011.11.17 12:57:31.390,0.92531,0.92549,1.50,1.88
2011.11.17 12:57:31.512,0.92528,0.92546,1.50,1.50
2011.11.17 12:57:32.115,0.92532,0.92547,1.50,1.50
2011.11.17 12:57:32.636,0.92532,0.92548,1.50,1.50
2011.11.17 12:57:33.259,0.92528,0.92546,1.50,1.50
2011.11.17 12:57:34.350,0.92527,0.92543,2.25,1.50
2011.11.17 12:57:34.751,0.92525,0.92543,1.50,1.50
2011.11.17 12:57:34.868,0.92523,0.92539,1.50,1.50
2011.11.17 12:57:35.454,0.92525,0.92543,1.50,2.25
2011.11.17 12:57:35.579,0.92525,0.92543,1.50,1.50
2011.11.17 12:57:38.160,0.92522,0.9254,2.25,1.50
2011.11.17 12:57:39.109,0.92526,0.92542,1.50,3.00
2011.11.17 12:57:39.909,0.92524,0.9254,1.50,1.50
2011.11.17 12:57:40.427,0.92522,0.9254,1.88,1.50
2011.11.17 12:57:41.263,0.92518,0.92536,1.50,1.50
2011.11.17 12:57:41.377,0.92517,0.92533,1.50,1.50
2011.11.17 12:57:41.497,0.92515,0.92533,1.50,1.50
2011.11.17 12:57:42.562,0.92512,0.9253,1.88,1.50
2011.11.17 12:57:44.238,0.92512,0.9253,1.50,1.50
2011.11.17 12:57:44.763,0.92517,0.9253,2.25,1.50
2011.11.17 12:57:44.879,0.92518,0.92535,1.50,1.50
2011.11.17 12:57:45.438,0.92521,0.92539,1.50,1.50
2011.11.17 12:57:45.559,0.92521,0.92536,1.50,2.25
2011.11.17 12:57:45.678,0.92519,0.92535,1.50,2.25
2011.11.17 12:57:45.798,0.92516,0.92532,1.50,2.25
2011.11.17 12:57:45.919,0.92516,0.92524,1.50,1.50
2011.11.17 12:57:46.037,0.92509,0.92524,1.50,1.50
2011.11.17 12:57:46.518,0.92506,0.92522,1.88,1.50
2011.11.17 12:57:46.748,0.9251,0.92522,1.50,1.50
2011.11.17 12:57:46.871,0.92513,0.92529,1.50,1.88
2011.11.17 12:57:47.341,0.9251,0.92526,1.50,1.50
2011.11.17 12:57:47.460,0.92508,0.92526,1.50,1.50
2011.11.17 12:57:47.931,0.92506,0.92522,1.50,1.50
2011.11.17 12:57:48.268,0.92509,0.92525,1.50,1.50
2011.11.17 12:57:49.182,0.92505,0.92523,1.88,1.50
2011.11.17 12:57:50.565,0.92508,0.92523,2.25,1.50
2011.11.17 12:57:51.050,0.92509,0.92525,1.50,1.50
2011.11.17 12:57:52.542,0.92509,0.92525,2.25,1.50
2011.11.17 12:57:52.659,0.92513,0.92529,1.50,1.50
2011.11.17 12:57:52.779,0.92516,0.92531,1.50,1.50
2011.11.17 12:57:53.010,0.92518,0.92534,2.25,1.50
2011.11.17 12:57:54.850,0.92511,0.92529,1.87,1.88
2011.11.17 12:57:54.969,0.92506,0.92522,1.50,1.50
2011.11.17 12:57:55.087,0.92508,0.92522,2.25,1.50
2011.11.17 12:57:55.200,0.92506,0.92522,1.50,1.50
2011.11.17 12:57:56.640,0.92502,0.9252,2.25,1.50
2011.11.17 12:57:57.209,0.92499,0.92517,1.88,1.50
2011.11.17 12:57:57.764,0.92499,0.92512,1.50,1.13
2011.11.17 12:57:57.885,0.92496,0.92514,1.50,2.25
2011.11.17 12:57:59.295,0.92496,0.92514,1.50,1.50
2011.11.17 12:57:59.420,0.925,0.92516,1.50,1.50
2011.11.17 12:57:59.833,0.92497,0.92513,1.50,1.50
2011.11.17 12:58:04.089,0.92498,0.92513,2.25,1.50
2011.11.17 12:58:04.702,0.92497,0.92512,1.50,2.25
2011.11.17 12:58:04.819,0.92494,0.9251,1.50,1.88
2011.11.17 12:58:04.938,0.92494,0.92509,3.00,2.25
2011.11.17 12:58:05.167,0.92491,0.92507,3.00,1.50
2011.11.17 12:58:05.740,0.9249,0.92508,1.50,1.50
2011.11.17 12:58:07.367,0.92491,0.92508,1.50,1.50
2011.11.17 12:58:07.490,0.92493,0.92511,1.50,1.88
2011.11.17 12:58:10.818,0.92491,0.92507,1.50,1.50
2011.11.17 12:58:11.263,0.92488,0.92504,1.50,1.50
2011.11.17 12:58:11.874,0.92488,0.92504,1.50,2.25
2011.11.17 12:58:11.998,0.92486,0.92502,1.88,2.25
2011.11.17 12:58:12.123,0.92491,0.92507,1.50,1.50
2011.11.17 12:58:12.238,0.92493,0.92511,1.50,1.88
2011.11.17 12:58:12.474,0.92507,0.92516,1.50,1.13
2011.11.17 12:58:12.592,0.92507,0.92523,1.50,2.25
2011.11.17 12:58:12.821,0.92507,0.92523,1.50,1.50
2011.11.17 12:58:13.271,0.92511,0.92527,1.50,1.50
2011.11.17 12:58:14.039,0.92513,0.92531,1.50,1.50
2011.11.17 12:58:14.604,0.92517,0.92533,3.75,1.50
2011.11.17 12:58:14.962,0.92517,0.92535,3.75,1.50
2011.11.17 12:58:15.082,0.92521,0.92537,1.50,1.50
2011.11.17 12:58:15.418,0.92518,0.92534,1.50,1.50
2011.11.17 12:58:16.182,0.92512,0.92528,2.25,1.50
2011.11.17 12:58:17.469,0.92509,0.92525,2.25,1.50
2011.11.17 12:58:18.360,0.92509,0.92525,2.25,1.50
2011.11.17 12:58:18.922,0.92505,0.92523,1.50,1.50
2011.11.17 12:58:19.045,0.92508,0.92526,1.50,1.50
2011.11.17 12:58:19.738,0.92508,0.92526,1.88,1.50
2011.11.17 12:58:20.228,0.92514,0.92532,2.25,1.50
2011.11.17 12:58:20.460,0.92519,0.92535,1.50,1.50
2011.11.17 12:58:20.580,0.92515,0.92533,2.25,1.50
2011.11.17 12:58:21.117,0.92512,0.9253,1.50,1.50
2011.11.17 12:58:21.352,0.9251,0.92524,1.50,1.50
2011.11.17 12:58:21.472,0.92511,0.92526,1.50,1.50
2011.11.17 12:58:21.703,0.92516,0.92529,1.50,1.50
2011.11.17 12:58:21.820,0.92516,0.92532,1.50,1.50
2011.11.17 12:58:22.725,0.92516,0.92532,2.25,1.50
2011.11.17 12:58:23.185,0.92523,0.92541,1.50,1.50
2011.11.17 12:58:23.301,0.9252,0.92536,1.50,1.50
2011.11.17 12:58:25.091,0.9252,0.9253,1.50,1.50
2011.11.17 12:58:25.214,0.92518,0.92529,2.25,1.50
2011.11.17 12:58:25.330,0.92516,0.92532,1.50,1.50
2011.11.17 12:58:25.560,0.92518,0.92534,2.25,1.50
2011.11.17 12:58:25.683,0.92516,0.92534,1.50,1.50
2011.11.17 12:58:26.657,0.92518,0.92533,1.50,1.50
2011.11.17 12:58:26.890,0.92516,0.92534,2.25,1.50
2011.11.17 12:58:27.139,0.92518,0.92534,1.50,1.50
2011.11.17 12:58:27.698,0.92517,0.92533,1.50,1.88
2011.11.17 12:58:28.700,0.92519,0.92537,1.50,2.25
2011.11.17 12:58:28.819,0.92517,0.92532,1.50,2.63
2011.11.17 12:58:29.160,0.92516,0.92534,1.50,1.50
2011.11.17 12:58:29.280,0.92519,0.92537,1.50,1.50
2011.11.17 12:58:29.618,0.92523,0.92539,1.50,1.50
2011.11.17 12:58:30.330,0.92523,0.92539,1.50,2.25
2011.11.17 12:58:30.669,0.92523,0.92539,1.50,1.50
2011.11.17 12:58:30.791,0.92527,0.92542,1.50,2.25
2011.11.17 12:58:31.129,0.9253,0.92542,1.50,3.00
2011.11.17 12:58:31.582,0.92524,0.9254,1.50,1.88
2011.11.17 12:58:31.698,0.92527,0.92543,1.50,3.75
2011.11.17 12:58:32.039,0.92527,0.92543,1.50,1.50
2011.11.17 12:58:33.210,0.92525,0.92541,1.50,1.50
2011.11.17 12:58:33.330,0.92523,0.92541,1.50,1.50
2011.11.17 12:58:33.670,0.92522,0.92536,1.50,1.50
2011.11.17 12:58:33.791,0.9252,0.92536,1.88,1.50
2011.11.17 12:58:34.729,0.9252,0.92536,1.50,1.88
2011.11.17 12:58:35.355,0.92523,0.92539,1.50,2.63
2011.11.17 12:58:35.781,0.92523,0.92539,1.50,1.50
2011.11.17 12:58:38.651,0.9252,0.92535,1.50,1.50
2011.11.17 12:58:38.770,0.92517,0.92535,1.50,1.50
2011.11.17 12:58:40.906,0.92513,0.92531,1.50,1.50
2011.11.17 12:58:41.287,0.92511,0.92527,1.88,1.50
2011.11.17 12:58:43.839,0.92511,0.92527,1.50,2.25
2011.11.17 12:58:44.292,0.92507,0.92525,1.50,1.88
2011.11.17 12:58:44.629,0.92504,0.9252,1.50,1.50
2011.11.17 12:58:46.198,0.92506,0.92523,1.50,1.88
2011.11.17 12:58:46.713,0.92506,0.92524,1.50,2.63
2011.11.17 12:58:47.051,0.92508,0.92524,1.50,2.63
2011.11.17 12:58:47.389,0.9251,0.92524,1.50,1.13
2011.11.17 12:58:48.447,0.9251,0.92524,1.50,1.13
2011.11.17 12:58:50.270,0.9251,0.92528,1.50,2.25
2011.11.17 12:58:54.058,0.92507,0.92525,1.50,1.88
2011.11.17 12:58:57.079,0.92509,0.92525,1.50,1.88
2011.11.17 12:58:57.418,0.92511,0.92527,1.50,1.88
2011.11.17 12:58:57.811,0.92509,0.92525,1.50,1.88
2011.11.17 12:58:57.929,0.92507,0.92525,1.50,1.88
2011.11.17 12:58:59.680,0.92505,0.92521,1.50,1.50
2011.11.17 12:58:59.801,0.92503,0.92521,1.50,1.50
2011.11.17 12:59:01.329,0.92506,0.92522,1.50,1.50
2011.11.17 12:59:01.453,0.92506,0.92524,1.50,1.50
2011.11.17 12:59:03.988,0.92509,0.92525,1.50,1.88
2011.11.17 12:59:04.217,0.92505,0.92523,1.50,1.50
2011.11.17 12:59:04.328,0.92501,0.92519,1.50,1.50
2011.11.17 12:59:04.798,0.92505,0.9252,1.50,1.50
2011.11.17 12:59:05.027,0.92502,0.92518,1.50,1.50
2011.11.17 12:59:05.372,0.92505,0.9252,1.50,1.88
2011.11.17 12:59:05.492,0.925,0.92518,1.50,1.50
2011.11.17 12:59:06.393,0.925,0.92518,1.50,1.88
2011.11.17 12:59:06.620,0.92497,0.92513,1.50,1.50
2011.11.17 12:59:07.400,0.92493,0.92509,1.50,1.50
2011.11.17 12:59:08.208,0.92488,0.92506,1.50,1.50
2011.11.17 12:59:08.549,0.9249,0.92506,1.50,1.50
2011.11.17 12:59:08.890,0.92494,0.92512,1.50,1.50
2011.11.17 12:59:09.120,0.92497,0.92515,1.50,1.88
2011.11.17 12:59:09.460,0.92495,0.92511,1.50,1.50
2011.11.17 12:59:09.798,0.92492,0.92508,1.50,1.50
2011.11.17 12:59:11.331,0.92495,0.92511,1.50,1.50
2011.11.17 12:59:11.458,0.92497,0.92514,1.50,1.50
2011.11.17 12:59:11.920,0.92497,0.92512,1.50,1.50
2011.11.17 12:59:12.397,0.92493,0.92511,1.50,1.50
2011.11.17 12:59:12.518,0.92497,0.92513,1.50,1.50
2011.11.17 12:59:12.877,0.92494,0.9251,1.50,3.00
2011.11.17 12:59:13.274,0.92491,0.92507,1.50,1.50
2011.11.17 12:59:14.173,0.9249,0.92506,1.50,1.50
2011.11.17 12:59:14.659,0.92488,0.92504,1.50,1.50
2011.11.17 12:59:14.988,0.92498,0.92514,1.50,1.50
2011.11.17 12:59:15.567,0.92497,0.92515,1.50,1.50
2011.11.17 12:59:15.948,0.92496,0.92512,1.50,1.50
2011.11.17 12:59:16.068,0.92494,0.92512,1.50,1.50
2011.11.17 12:59:16.994,0.92494,0.92512,1.50,1.50
2011.11.17 12:59:17.108,0.92498,0.92512,2.25,1.50
2011.11.17 12:59:17.988,0.92494,0.92512,1.50,1.50
2011.11.17 12:59:18.107,0.92497,0.92514,3.75,1.50
2011.11.17 12:59:18.452,0.92508,0.92524,2.25,1.50
2011.11.17 12:59:19.118,0.92509,0.92526,2.25,1.50
2011.11.17 12:59:19.363,0.92508,0.92523,2.25,1.50
2011.11.17 12:59:19.920,0.92507,0.92523,1.50,1.50
2011.11.17 12:59:21.343,0.92501,0.92517,3.00,1.50
2011.11.17 12:59:22.743,0.92501,0.92517,2.25,1.50
2011.11.17 12:59:22.863,0.92506,0.92522,1.50,1.50
2011.11.17 12:59:22.986,0.92511,0.92527,1.50,1.88
2011.11.17 12:59:23.102,0.92508,0.92524,3.75,1.50
2011.11.17 12:59:23.629,0.92504,0.9252,1.50,1.50
2011.11.17 12:59:24.189,0.92507,0.92523,1.50,1.88
2011.11.17 12:59:24.890,0.92505,0.92519,1.50,1.50
2011.11.17 12:59:25.013,0.92505,0.92523,1.50,4.13
2011.11.17 12:59:25.132,0.9251,0.92525,1.50,2.25
2011.11.17 12:59:25.468,0.92513,0.92528,1.50,1.13
2011.11.17 12:59:25.958,0.92515,0.92532,1.50,2.63
2011.11.17 12:59:26.075,0.92512,0.9253,1.50,2.25
2011.11.17 12:59:26.529,0.92512,0.9253,1.50,1.88
2011.11.17 12:59:27.271,0.92517,0.92532,1.50,1.88
2011.11.17 12:59:27.763,0.92514,0.92531,1.50,1.88
2011.11.17 12:59:28.534,0.92513,0.92531,1.50,1.88
2011.11.17 12:59:28.981,0.92516,0.92532,1.50,1.88
2011.11.17 12:59:30.873,0.92512,0.9253,1.50,1.88
2011.11.17 12:59:31.210,0.92515,0.92531,1.50,1.50
2011.11.17 12:59:31.328,0.92515,0.92533,1.50,1.50
2011.11.17 12:59:32.159,0.92516,0.92533,1.50,1.50
2011.11.17 12:59:32.279,0.92518,0.92536,1.50,2.25
2011.11.17 12:59:34.121,0.92518,0.92536,1.50,2.25
2011.11.17 12:59:35.197,0.92516,0.9253,1.50,1.88
2011.11.17 12:59:35.723,0.92514,0.9253,1.50,1.88
2011.11.17 12:59:36.071,0.92516,0.92534,1.50,2.25
2011.11.17 12:59:37.261,0.92516,0.92534,1.50,1.50
2011.11.17 12:59:39.460,0.92516,0.92534,1.50,2.25
2011.11.17 12:59:42.018,0.92513,0.92531,1.50,1.88
2011.11.17 12:59:43.330,0.92513,0.92531,1.50,1.88
2011.11.17 12:59:43.927,0.92517,0.92533,1.50,2.25
2011.11.17 12:59:44.412,0.9252,0.92536,1.50,1.50
2011.11.17 12:59:44.949,0.92518,0.92534,3.37,1.50
2011.11.17 12:59:45.087,0.92523,0.92539,1.50,1.50
2011.11.17 12:59:45.432,0.92527,0.92542,1.88,1.50
2011.11.17 12:59:45.551,0.92529,0.92545,1.50,1.50
2011.11.17 12:59:46.120,0.92526,0.92542,1.88,1.50
2011.11.17 12:59:46.648,0.92526,0.92542,1.50,1.50
2011.11.17 12:59:47.342,0.92524,0.9254,1.50,1.50
2011.11.17 12:59:47.689,0.92526,0.92541,1.50,2.25
2011.11.17 12:59:47.808,0.92526,0.92542,1.50,1.50
2011.11.17 12:59:48.260,0.92528,0.92545,1.50,1.50
2011.11.17 12:59:48.777,0.92528,0.92546,1.50,1.88
2011.11.17 12:59:49.731,0.92528,0.92542,1.50,3.00
2011.11.17 12:59:49.958,0.92525,0.92542,1.50,3.00
2011.11.17 12:59:52.188,0.92525,0.92542,1.50,2.63
2011.11.17 12:59:52.308,0.92528,0.92542,1.50,2.63
2011.11.17 12:59:52.429,0.92528,0.92546,1.50,1.50
2011.11.17 12:59:53.742,0.92526,0.92542,1.50,1.50
2011.11.17 12:59:54.526,0.92527,0.92543,2.25,2.25
2011.11.17 12:59:54.644,0.9253,0.92548,2.25,1.50
2011.11.17 12:59:55.068,0.9253,0.92548,1.50,1.50
2011.11.17 12:59:55.193,0.9253,0.92548,1.50,2.25
2011.11.17 12:59:55.750,0.92528,0.92544,1.50,1.50
2011.11.17 12:59:56.200,0.92531,0.92547,1.50,1.50
2011.11.17 12:59:57.360,0.92533,0.92549,1.50,2.63
2011.11.17 12:59:57.920,0.92534,0.92549,1.50,1.13
2011.11.17 12:59:58.477,0.92534,0.9255,1.88,1.50
2011.11.17 12:59:58.603,0.92537,0.92553,1.50,1.50
2011.11.17 12:59:59.214,0.92534,0.9255,3.00,1.50
